0.000332357362 -0.0141955521
0.0132143302 0.00655762479
0.0119130621 -0.0110494979
-0.00494017405 -0.0171142835
-0.00290910946 0.00819303002
-0.00513418112 0.00406261859
0.00553962169 -0.000769614417
-0.000550028228 0.0018543452
0.00726281665 -0.000950519578
-0.0179473646 -0.00254166289
0.0152670844 -0.0102192936
-0.000961537531 0.00562776066
0.00661221985 0.00025677323
-0.00131554692 -0.00234373659
-0.00365494215 -0.00548058283
0.00451718876 -0.0026658529
0.00810555089 -0.0145555418
-0.00194885023 -0.00298046018
-0.00141838798 -0.00948646385
0.00657286914 0.0124384379
-0.00838790368 -0.0092301704
-0.0146839404 -0.00444980059
0.00383770978 0.00019749823
-0.00658672256 0.00761764683
-0.018706888 0.00427973457
-0.00791390333 8.55987237e-05
-0.00475659547 0.0207867511
-0.011595862 -0.00026913418
-0.0145402523 0.00296703796
5.73478392e-05 0.0263581667
0.00882121269 -0.00846371893
-0.00237859436 0.00927210972
-0.00728095509 0.00420148065
0.00390544464 -0.0126320915
0.00705064787 -0.00590052921
-0.00302599184 0.00800948869
0.00549034728 -0.0138987992
0.0101614855 -0.00162908027
-0.00214521564 0.00897731166
-0.00787179172 -0.00239978614
0.00333833857 0.0026396797
0.00250900118 -0.00639653858
0.0107778348 -0.00583587401
-0.0123849604 -0.00613147765
-0.00637184177 -0.00349164731
-0.00825310778 0.00595598854
-0.016865436 0.000439231633
0.000879383064 0.0190372262
0.00502960524 0.00541504147
-0.00723119034 0.0025451621
0.0130423633 0.0219396986
0.00800860766 -0.000894142839
0.00625505345 -0.00765548134
0.00387314009 0.00156053714
0.00950897299 -0.0103118606
-0.0130511159 0.0047035832
0.00567784254 0.0132942069
0.00572046963 0.00628435891
-0.0170886237 -0.004331131
0.00340438075 -0.00131419592
-0.00254284311 0.00460629212
0.00732287439 0.0115634706
-0.00417309394 -0.00395599706
-7.86885212e-05 -0.00400592387
0.00306906528 0.0105720647
-0.00856849086 0.00190388621
0.00573043944 0.00348476879
-0.00114235759 0.00464796368
0.00498318812 -0.00731627876
-0.00503245322 -0.00154607801
0.0102731362 0.0105527127
0.00592177501 -0.00132855133
-0.00167668296 -0.00193332147
0.00605701469 0.00308940141
0.0121302754 0.00414067972
0.0166831035 0.0250574127
-0.0150577882 -0.00822102092
0.00853820611 0.00165475137
0.0039239144 0.0196307003
-0.000923573272 0.000349671376
-0.00989616942 0.00340434397
0.0126564438 -0.0135863395
-0.0125607206 0.00905050058
0.00523325754 0.00864020456
0.01238563 0.00838736631
-0.01548436 -0.00220188173
-0.00306095998 0.00353246415
-0.0126984809 -0.00101734058
0.00208634068 0.0083488794
0.0147131076 0.000450897904
0.0193876978 0.00834409986
-0.0168163907 -0.0134328464
-0.00547346985 -0.00329969265
0.00783068873 -0.0271565374
0.0153911719 -0.00079250976
0.00381243043 0.00766081829
-0.00715679768 -0.0026899958
0.00202345848 0.0228494983
0.000202800133 -0.00950962584
-0.00185530051 -0.00326899718
-0.00678763911 -0.00912740175
0.00395005429 -0.00463072956
0.00316822762 -0.00434242003
-0.000333021657 -0.0141878957
-0.00177167717 -0.00946385693
-0.013285608 0.0191291887
-0.00461946847 -0.00265985029
0.0113459192 0.00934708677
-0.00133550412 -0.0122724576
-0.0139360381 -0.00165801623
0.0127337771 0.00579099823
0.00521912286 -0.00138270878
0.0206855014 -0.00399518944
0.000684908358 -0.00173512881
-0.0044947532 0.000125359467
-0.0144205196 0.00744807534
0.01232477 0.0122609064
0.0255300999 -0.0115377847
-0.00705712568 -0.0201691445
-0.00619827164 -0.00211177766
0.0057852082 0.000344947097
-0.00839074794 0.00656352285
-0.00311974785 0.0102023967
-0.00308943819 -0.00654580165
0.000897546532 0.0200073943
0.0105062071 0.00303197722
0.00105331466 -0.0170122907
0.00845925044 0.00973515585
-0.00421188213 0.0025043136
0.00304095377 0.00295914174
-0.0199773908 -0.016383728
-0.0139265247 -0.00362189719
0.00764526566 0.00196364382
-0.00565271592 -0.00175576948
0.00528006908 0.00695276912
0.00462242123 0.0124307703
0.0120503716 0.0154200308
0.00723125832 0.0125261256
0.00994615816 -0.000861070585
-0.00198751944 0.0165567156
-0.00691712881 0.0021823647
-0.00755682541 0.00788794365
-0.00460809981 -0.00257470063
-0.0102140401 -0.0140327951
-0.00408189371 -0.0221442878
-0.00100208714 0.00177760026
0.00281297578 -0.00635894248
-0.00328688091 -0.000219377966
-0.0191684421 0.00757496525
0.000156469163 -0.0147538539
0.00318247708 -0.0168368984
0.0103726843 0.00316326227
0.00539541105 0.00389038469
-0.00608883332 -0.00297026359
-0.00671938341 -0.0054517081
0.0204368923 -0.0141399587
0.00738958083 -0.000348617235
0.0182064548 -0.00603929348
0.0203995109 0.00547326263
-0.00850700028 0.00867349841
0.00407159654 -0.0051003932
0.00418992853 0.00432176096
0.00531342672 0.00216043089
0.00482408423 0.00711553358
0.00100891583 0.014941236
0.0012758096 0.00650723884
-0.0150207467 0.00593258534
-0.00210709567 0.00758672552
-0.00698313629 -0.00455430569
0.00122515974 4.68797589e-05
-0.00475816149 0.0030580773
0.00519702258 0.0123769315
0.00710140727 0.0130414385
0.00150801835 0.0221388731
0.00378098898 -0.0102861468
0.000926452572 -0.000304810033
-0.00319742993 -0.0169152953
-0.00123829802 -0.00526007125
-0.00370367942 -0.0161535926
0.00297145708 0.0115445359
-0.000378306635 0.00731931394
0.00636784919 -0.00992640574
-0.0131146386 0.00234749657
0.00809530634 0.00776127353
-0.00860406272 0.0162583031
-0.00770004699 0.00751029607
-0.00200505252 0.00110942055
-0.00539902458 -0.00125361327
0.00237581297 0.00627033552
-0.00578499353 0.00255076075
-0.0100261634 -0.00534924306
-0.00732134283 -0.0123388413
0.0119499937 0.011153291
0.000951597642 -0.00688208546
-0.0111204088 -0.00343286619
-0.000509419246 0.00773974601
-0.0150406705 -0.00166474038
0.0164982099 0.0122901918
-0.0139378244 -0.0119247101
0.00406482304 0.00773409521
-0.0356335975 -0.0433474332
-0.0427714624 -0.00580622396
-0.0132259624 -0.0527280122
0.035543751 -0.0114067448
-0.0059421733 0.0600775741
-0.03792556 -0.0844902918
0.0553970821 -0.00123179937
0.0483242944 -0.0010916075
0.0557116233 -0.0498969965
-0.0165702999 0.00979141425
-0.0355775654 -0.0115102148
-0.00550483074 -0.0157690626
0.0415420011 -0.0433737449
0.0110166939 0.0330906622
0.046262525 0.031342525
-0.0156232724 -0.00847908854
0.0264838506 0.0132187409
0.0131591288 0.0554071665
0.0130166039 0.0269581471
-0.0096491212 0.0181063805
-0.0151830707 -0.044121895
0.0134626292 0.086467959
0.0113778161 0.0337162465
-0.0255654138 0.0272332318
-0.0294332858 -0.00914522726
0.00229067891 0.0215380769
0.0607001521 -0.0260549877
-0.0661581233 0.0474801175
-0.0153718917 0.00195689686
-0.00326507795 -0.0161992256
0.0517452322 0.016439015
0.00867080875 -0.0115052359
-0.0209487136 -0.0163365379
0.0344275534 -0.00413411204
-0.0616249964 0.0193632934
-0.0927223265 0.00743926736
0.0179978665 -0.0169709604
0.0153281875 -0.0278325267
0.0266932361 -0.000672772177
-0.00220553786 0.013690548
0.0116625018 -0.00712463539
0.0432875082 0.0242903885
-0.00520735886 0.00684904214
0.014613633 -0.00507908361
-0.023738781 -0.0319382846
0.0133450339 0.0414229967
0.0272667613 0.00217133993
0.0232079402 -0.0291745756
-0.0477465056 -0.0213054363
0.0203815922 0.0115560712
-0.00290500745 -0.00234354264
-0.0260831006 0.010699559
0.0421456099 0.0467112102
-0.0394977145 -0.00260196999
-0.0180687346 -0.0210108384
0.0365316011 0.0256408174
-0.0202160198 -0.04704592
-0.0302697439 -0.0112318508
0.0444579311 -0.0434118137
0.0359099992 -0.0482096635
-0.016683206 -0.0296208356
-0.0118209589 0.0021279694
0.00671860063 0.0256496333
-0.0696635619 0.0782619342
0.0389221795 -0.00656390423
0.0178969838 0.0121189188
-0.000797158107 -0.0223324262
-0.0682861358 -0.0477163047
-0.011678312 -0.00492566032
-0.0411640778 -0.0148653639
0.0122111253 -0.00240125228
0.0675720423 0.000727468112
-0.0691560581 0.0320910774
-0.0128831565 -0.0640604496
-0.0354777128 0.0762759522
0.000146792067 -0.0552050807
-0.0539470874 -0.0281289108
-0.018551277 0.015992783
0.00582574448 0.109334163
-0.00209319894 0.0082340464
0.0225915704 0.000295458594
-0.0407789275 0.00753897754
0.0286397152 0.0316297449
-0.0455055945 0.0327378921
0.0549263582 0.00532170804
-0.00264462922 0.0103965532
0.00686184689 0.0446802229
-0.00883381907 -0.0272281319
-0.0205396004 -0.0210205447
-0.0170747805 -0.0252518933
-0.0289736744 0.0128163621
-0.0177871957 -0.0356208831
0.00459703291 -0.00250504958
-0.045660276 -0.029343009
-0.0563899502 0.00362640223
0.00759694306 0.0371497869
0.00616659597 -0.000544247683
-0.0236010216 -0.037354555
0.0293412525 -0.00971906818
0.051203575 0.0292347502
-0.0307233352 0.0372279882
-0.0218682606 0.0429272689
-0.013124831 -0.0405534357
-0.042170383 0.0295262057
-0.0618359223 -0.0163815599
-0.00903393794 0.0371881574
-0.0292978603 -0.00296053197
0.014372753 -0.000687696214
-0.0245573148 -0.00226029218
0.0279412437 -0.0151467714
0.00985187385 0.0139026782
0.0315653756 -0.0100400308
0.0211432949 -0.0308347605
-0.0524230748 0.00855984446
0.0319286995 0.022656735
0.0138583714 0.0152621493
0.0225938782 0.0418054834
-0.00744827744 -0.0217664745
0.0149547718 -0.0166530982
0.0356624052 0.0253727138
0.0082233483 -0.0297292583
-0.00844852719 -0.0159361158
-0.0210420657 -0.0409646034
0.00528360251 -0.00768537493
0.0126519399 -0.0209172219
0.0018442315 0.00711745676
-0.0096379295 0.0470658541
-0.00933523756 0.0409999192
-0.0501244068 -0.0233628023
-0.0260486137 0.0224643759
-0.0151009439 -0.0541934744
0.0430129021 0.00750064524
-0.00743391272 0.0829960555
-0.029687427 -0.0694386438
0.0473917052 0.00551740546
0.0448495746 0.0126875881
0.0565664694 -0.0348776765
-0.0038427976 0.014582715
-0.0353931971 -0.0171836726
0.0011067671 -0.0162348095
0.0493273027 -0.0481859297
0.0165776256 0.0306911301
0.0572337732 0.0138290552
-0.0260691606 -0.0126219569
0.0042686197 0.00982364826
-0.0062368121 0.0628953055
-0.00896481704 0.0149582876
-0.00707799708 0.0151301594
-0.00245202566 -0.0484186076
0.00929194223 0.0793395862
0.018691171 0.036935918
0.00140574877 0.0167496018
-0.0327422321 0.0296135303
-0.0128865028 0.0210157577
0.0661387444 -0.020502653
-0.0483020879 0.0408586562
0.0130362557 0.0168737061
0.021529479 0.00744969025
0.0574145392 0.0142908515
-0.017044533 -0.0215207133
-0.0462031625 0.0163117051
0.0283167008 0.00573317287
-0.0629928634 0.0397004671
-0.068318814 0.0277475137
0.0161204059 -0.0160809401
0.0179920904 -0.0514613613
0.0160945021 0.00120201113
0.00112828473 -0.00432588393
0.00178187247 -0.00494884374
0.0533113927 0.0307293572
0.0140723167 0.00248326012
0.0185203142 -0.0224805493
-0.0154836886 -0.0429357626
0.0169672668 0.0258334465
0.0275555234 -0.0146150179
0.0140022049 -0.0373860188
-0.0485584401 -0.0192473847
0.0062105977 0.0187774561
0.00648623426 -0.0117648449
-0.0318837799 -0.00877031311
0.038307406 0.0547891632
-0.0320586674 -0.00168880459
-0.0289482605 -0.0276308674
0.00956791732 0.0166451391
-0.0222984664 -0.0629351065
-0.0254445188 0.0162318405
0.0419478416 -0.0102797672
0.0127878357 -0.0422920845
-0.0215131808 -0.0509858131
-0.00895437039 0.0122962184
0.00566282123 0.0281125661
-0.0815771893 0.0562826395
0.0339476652 0.0253160242
0.0109661147 0.0204235725
0.0140309185 -0.00769194169
-0.0842815861 -0.0405873396
-0.00947419647 -0.0169060901
-0.0153614841 -0.00498299068
0.00941566285 0.00117617019
0.0733676702 0.0206071157
-0.0500223674 0.0396338031
-0.00791444909 -0.0795137584
-0.0368627906 0.0767103657
-0.00519451732 -0.0564195998
-0.0606697984 -0.0397210419
-0.0167162996 -0.00647545932
-0.00706247799 0.112919122
0.00534246117 0.0184008703
0.0127020078 -0.0120189935
-0.0483005792 0.00871158764
0.0375319384 0.0387877487
-0.044361718 0.0408076607
0.0778699145 0.00581990974
0.00850474834 0.0182521567
-0.0122885425 0.049697578
-0.0162197128 -0.01951956
-0.0191849042 -0.0235175434
-0.00754386885 -0.0399081856
-0.0227399953 0.00533769792
-0.0322086625 -0.0432921164
0.0112514524 -0.0044415216
-0.0612215474 -0.0291025545
-0.0402742848 0.00653513148
-0.0202171914 0.0432847776
-0.0033348701 0.0124388477
-0.00280428794 -0.0512866676
0.0315522328 -0.0101806726
0.0381436124 0.0246991757
-0.0274574533 0.0402885042
0.00687429728 0.0521349944
-0.0300693735 -0.0384153649
-0.0606082492 0.0228521675
-0.0569601469 -0.00861891173
-0.01790189 0.0297668017
-0.0287185013 0.00086398964
-0.00168166461 -0.000448809617
0.00403333781 0.00950879697
0.0407701284 0.0100764083
-0.00403714785 0.0215183981
0.0258923247 0.013370323
-0.00190725166 -0.0673105419
-0.0491519086 0.00528985448
0.037346486 0.0295256246
-0.0337964706 0.0228111725
0.0224325508 0.0502534248
0.00354923215 -0.0194424018
0.0270124618 -0.0190128796
0.0522431992 0.00369381392
-0.00313342502 -0.0293548722
-0.0166689977 -0.0138531132
-0.00716902828 -0.0412937365
-0.00274413801 0.00792293064
-0.0174797438 -0.00878822897
0.000662768784 0.00122874172
0.0335165672 0.0390794203
-0.0072409492 0.0398982838
-0.0108163049 -0.0203742702
0.00963358581 0.0356107354
-0.0339136012 0.00483361771
0.0188360382 -0.0332932696
0.057814341 -0.00333834323
0.00210255268 -0.0378474556
-0.0830238834 -0.0144314673
0.069463402 0.0198508073
-0.00201445585 -0.0127140041
-0.0880697593 -0.0727106184
0.041719418 0.0295432881
0.0190529637 0.0641116798
0.014318903 -0.0290332101
-0.00974163506 -0.0214869212
-0.0197091363 0.0208100267
-0.0111889541 0.0100492751
0.0311515927 -0.0410759114
0.0724830702 0.0158797838
-0.00554686459 0.0133578777
-0.0194561891 0.0102784028
-0.00916702393 0.0111638904
-0.0226298161 -0.0157835297
-0.00317622814 -0.0301812738
0.0350172445 -0.0939400494
0.0588794947 -0.00370275392
0.00220152712 -0.0179102831
-0.0140668647 0.0131001119
-0.00661678752 0.0607498959
0.0386212841 0.00996698067
0.0330493152 0.0423721336
-0.0194238331 0.0223359782
0.0247809887 0.0345101804
0.0506457277 0.0729379207
0.0139454668 0.0224729944
0.00415134802 0.0728069842
-0.0745117441 0.0230545755
-0.0305358116 -0.067447044
0.0514508039 0.0073110559
0.0400471166 0.044693321
0.0207402073 0.0515702888
0.0681179166 0.00571962073
0.0388102382 -0.0440191552
-0.0387419462 -0.0451005287
-0.015259319 -0.0234640464
-0.0386855602 -0.0265295561
-0.0198520236 0.00693406258
-0.0247217938 0.00215191999
-0.025059985 -0.0575637892
0.067688778 -0.0323115848
-0.0224567652 0.0152324764
-0.0450473092 -0.047622215
-0.0097936932 -0.103164934
-0.0218295008 0.0652442351
0.0684006289 0.0237097945
0.0358608477 0.00588966534
0.0531678423 0.0274127889
0.046227891 -0.0322414786
-0.072578311 0.0647933856
0.0211360883 0.0166041031
0.121325336 -0.0953452811
-0.013717141 0.0144355763
-0.0445952006 0.0544613041
-0.0567296408 -0.0244795196
-0.0150229493 -0.0482055806
0.102017038 -0.0620692782
0.0406139307 -0.0137519622
-0.0197358932 0.0593863018
0.0535136536 -0.0120129436
0.0335145481 0.00806743745
0.0369049124 0.0471294932
0.0198759045 -0.0676142871
0.0381480791 -0.0334436819
0.0842369869 -0.00543024717
0.0166369546 0.0109767746
-0.0477857515 -0.013282869
0.0155269662 -0.0185150784
0.078281641 -0.0122574745
0.024289852 -0.103504948
0.000995249371 -0.0307868533
0.00254862546 0.0186265986
-0.00762876682 -0.00398623059
-0.0452362709 -0.0435108803
0.0270743892 0.0212584622
0.00138908066 0.0829435885
-0.0671954453 -0.057873182
0.0579128042 -0.00900404248
-0.0329153202 0.023472596
-0.0829719454 0.0140568018
-0.0695325658 0.0142212249
-0.0309523344 0.0345686041
0.115811907 0.0835037008
0.0311093163 0.0122800069
0.0129266595 0.00485459715
-0.00738577358 -0.00578145171
-0.0413293503 0.0738688931
0.0353746228 0.0228646863
-0.0256013423 -0.0742595121
0.00605024165 0.00342515507
0.0671834871 0.0439050682
0.0104505913 -0.023750443
0.028925186 -0.0407812558
0.0221520271 0.0203724988
-0.0284666754 -0.00910294056
0.0404153131 0.0282851085
-0.0224894676 0.118180223
-0.10948272 0.0017528598
-0.0277932286 0.049178265
-0.0247530155 0.0180022754
-0.0398298837 -0.0257271789
-0.0161039885 0.0149415703
-0.0520911105 0.00788622443
-0.0680475086 -0.00761809666
-0.0603186302 -0.0206139255
-0.086442776 -0.0600615107
-0.00964545924 -0.0444429815
0.0644507706 0.0688156784
0.0745471269 0.0238453913
0.066668354 -0.00912511535
0.0469752178 0.0311436895
0.0539555326 0.00137780921
-0.0421952941 -0.0114817815
0.0183601715 -0.116361044
-0.0276767649 -0.0225584824
-0.0997784883 -0.00814526435
0.0375944003 -0.0200078879
-0.0183294453 0.091366455
0.0178184789 -0.00638619158
-0.0257739183 0.00761457253
0.00532137603 0.000901577703
-0.000345523673 -0.115782797
-0.041056864 0.0588585287
0.0819753632 0.0402735248
0.0459971279 -0.0821141079
0.0428057984 -0.0509384982
-0.0236469042 0.0295477379
-0.0982634127 -0.00340272975
-0.0765053183 0.0279555265
-0.0621585883 0.0403800346
0.0167119689 -0.0371007808
-0.0592660718 -0.0327737108
0.0532372892 -0.0132809505
-0.0273603126 -0.0365218408
-0.0355816893 0.0319646224
0.0843076706 0.0438563749
-0.0387490056 -0.0195088442
-0.0544334687 -0.035533648
-0.0637436807 -0.0139157232
-0.0625188127 -0.00818588957
-0.0182534102 -0.0644378439
0.0137539096 -0.0391543731
0.0615351126 -0.0168365128
0.00604111981 -0.0562050007
-0.0569868088 0.0066987006
-0.0145156039 -0.0076758652
0.0255913474 -0.051317066
-0.0831691697 0.0393018238
-0.0236763153 0.0862269849
0.0272022281 0.054362189
-0.0205089282 0.00101547281
0.0272397641 0.0109015871
0.0790282711 0.046835281
-0.00574500905 0.0365059115
-0.0431002192 0.0370802544
0.0292716976 0.0633882657
-0.0149445767 0.0338017642
0.0211486798 0.0597748086
-0.0425808951 0.009104928
-0.0441050939 -0.00866354257
-0.013555103 0.00344926724
-0.0405803472 0.0215630978
0.00594266504 0.00483440142
0.0286865123 0.0185216609
0.0208916441 0.0547026061
-0.00147572684 -0.0309552215
-0.0369322523 0.0517020375
0.0278483201 0.00966238044
-0.0115312468 -0.10377007
-0.00156795804 -0.0504869781
-0.0383945107 -0.00689483667
-0.00883476157 -0.0553652272
0.0328804441 -0.00879347697
0.0415598489 0.0175074413
0.0176771134 -0.0118818851
-0.0379214548 -0.00169063371
-0.0157418437 0.0242331363
-0.00619626837 0.0018807248
-0.0142696779 0.0231821369
-0.00395436212 0.0262944121
-0.00560579589 0.00500280038
-0.00197304273 -0.0660401285
0.0130842542 -0.0213088784
-0.00336006074 0.00378573709
-0.00709787337 -0.00144851953
-0.0454054736 -0.0421876349
-0.0398800261 -0.0417768583
0.064560473 0.018561393
0.0111362301 -0.041287411
0.073390767 0.0117174769
-0.0164014064 0.0408970453
-0.0739314184 -0.0462883264
0.0317080319 -0.00470262207
-0.0451903977 0.0497799106
0.0172054563 0.00572359515
-0.0171382464 0.0124180783
-0.0249997713 -0.0249791835
0.0118635008 -0.0586146116
0.00239851279 -0.0126256961
0.0461560339 -0.00128321757
-0.0442979112 0.016808724
-0.0243539121 0.0469892845
0.125706509 -0.0514590815
0.00272995047 -0.0599675216
-0.0330313258 -0.0581292063
0.0608359762 -0.0328272507
0.0876587778 -0.0338940248
0.00947912876 -0.0620390289
-0.0301350635 0.0060021542
-0.0191601124 -0.0141505124
-0.0369702987 -0.00981490314
-0.0358698331 -0.0133403251
0.0508044586 0.0575163923
-0.0398904905 0.0307411496
-0.0187082198 0.0111072836
-0.06866882 -0.0170358159
-0.0209393669 -0.0279248264
0.104635149 0.0430338494
-0.0497794896 -0.0121096661
0.0230494458 -0.0534211956
0.0323550068 -0.0148285748
-0.0166261084 -0.0162363797
0.0709888935 0.011872069
-0.020455407 -0.0447837636
-0.0446130931 -0.027016893
-0.0485302359 0.0150728254
0.0499700978 -0.065035291
-0.0103473607 0.0202380214
-0.0651024878 0.0258961041
0.080429174 0.014873405
0.0226516481 0.0400852785
0.0331671648 0.0546402559
0.0909007415 0.0175984204
-0.0278320611 -0.000190346313
-0.0779244974 0.0272952095
0.0243067071 0.028526295
0.0326309204 0.0638403445
-0.0439749323 0.0575595088
-0.0610256828 0.0083725946
-0.0416092165 -0.00686352467
0.02892082 0.0220512524
0.0276418719 0.0483472273
-3.61670973e-05 0.0273303129
0.0163172055 -0.0574583597
-0.0258350633 -0.0103401514
0.025516564 0.0518711992
-0.0201671161 0.0540350042
-0.0957974121 0.032244578
-0.0187558532 -0.000445819285
0.0130297532 0.0329456143
-0.0207317118 -0.00451095216
0.0145487301 -0.0245652776
0.0857540444 0.0144435614
-0.0228180252 -0.0411956199
-0.0660516843 -0.0480948985
0.0786840245 0.0278335139
-0.00154965627 -0.00857491512
-0.0675277784 -0.08719372
0.0314789303 0.0489146188
0.00170268747 0.0697131082
0.0305326115 -0.0144261317
-0.0127838915 -0.0256262235
-0.0204196963 0.0311170705
0.0157931708 0.0151320519
0.0145639051 -0.0364573486
0.0744842365 0.0121393939
-0.00835000351 0.0159756299
-0.023407653 0.00123914203
-0.0199748576 0.0051834425
0.0123405289 -0.0133553436
0.0101521229 -0.0346526541
0.00590391969 -0.057808578
0.0758081973 -0.00933708437
-0.0025541021 -0.0342936814
-0.0114852637 0.00704712933
0.00440576719 0.0558756329
0.0311676804 -0.0111971181
0.040746443 0.0672768801
-0.0235238168 -0.0159187261
0.0325478204 0.0261028446
-0.0423231833 0.02191649
0.0133726671 0.0203289352
-0.0664557517 0.010790782
-0.0990690365 -0.00404915726
0.0436785892 0.00814927556
0.0683533549 -0.0111121954
-0.0455341414 -0.0598252341
0.0134217683 -0.0313252024
-0.00299997162 0.0247161016
-0.0371337347 -0.0361457914
-0.017127458 -0.0335103497
0.0284528527 -0.0109999012
0.0428449772 0.0718323663
-0.0412030481 0.0405144803
-0.0323810801 -0.0396181159
-0.0583804399 -0.0207650699
0.039712172 -0.066525422
0.0313007869 0.000556422572
0.0177286342 -0.0184780378
0.0854585692 0.0646584854
-0.0105924029 0.0327257551
0.0257446114 -0.101527072
0.00940147787 0.088900581
-0.0249032415 0.0461825766
0.00502559682 0.0408518389
0.0129605671 0.00742118806
0.0140754972 -0.038827695
0.0250608493 0.0369737931
0.0210909471 -0.0251014587
-0.0518111661 0.0411399864
-0.0049087666 0.0325077102
0.0180350188 -0.0479802638
-0.0554029904 -0.0134922508
-0.0157815982 0.0234770719
-0.00146505702 -0.0401349179
-0.0306959637 -0.061366003
-0.0138380425 0.0236185286
0.0498874784 -0.00845619012
-0.00494875293 0.0370657779
-0.00675353548 -0.0383535996
0.0535415933 -0.00424790382
-0.0180093292 -0.0421047956
0.0460725017 -0.0750964433
-0.011056276 0.107188545
0.0233078301 -0.0188277233
0.0914173946 0.00652596168
-0.00779202161 0.00809248816
0.00535653578 0.00741283689
0.0182188433 0.0579317175
-0.0568173192 -0.0103612198
-0.0740421563 0.0145287272
0.00654341467 -0.0529340245
0.0815088227 -0.0198852867
0.000424875034 0.0411689766
-0.0314066932 0.0105163986
-0.0655246601 0.00201433618
0.0310137309 -0.0173270497
-0.00040726579 0.0404070467
-0.056661386 0.0221425686
0.0551737323 0.0571548231
0.05892298 0.00354686216
-0.104312852 -0.0678921938
-0.0633866489 -0.0155513864
0.0169690084 -0.0109548504
-0.0274033248 -0.0490507372
-0.0442794487 -0.0208677221
0.0355560929 0.0051771719
-0.0281474683 -0.0396619625
0.000166583312 0.0479041636
0.143721908 0.078333877
0.0267141145 -0.00784060732
0.00378423743 -0.0304346755
0.0490093678 -0.0372204818
-0.0161629468 -0.0495680496
0.00317498669 0.0148842074
0.0180180185 0.0604138933
0.0391228683 -0.00698630698
0.107130289 -0.0330221355
0.0138881877 -0.0488781817
0.0384067073 -0.0477176346
0.0666320324 0.0460613705
0.0172623973 0.0341776237
0.0677968413 -0.0249540303
-0.0135221928 -0.0156713836
-0.0407939032 0.00650874106
0.0359730609 -0.0123879034
0.0370821469 0.0272040851
0.0698129982 -0.0353248231
0.0134870298 0.0239525978
-0.0276578683 0.012645307
0.0266311914 -0.105876431
-0.0321068317 -0.0219302159
-0.0733525828 -0.0446330607
0.00509273633 0.00227451185
0.0289004352 0.0569742247
0.010748731 0.0384393483
-0.0197239649 0.0442082435
0.0250580758 0.0237458572
0.021689795 0.00829936843
-0.0436479412 0.00112664909
0.0228460878 -0.0353051051
-0.0186377857 -0.0755533651
0.00399972079 0.0752705038
0.0578647591 0.0274626538
-0.0848234594 -0.0513009764
-0.033908695 0.0386150591
-0.0316232294 0.00988274813
-0.0709494576 0.0433866717
-0.0354488157 0.0186771434
-0.0514131747 0.0129714087
0.0253527202 0.0565972067
-0.00324601633 -0.0353767574
0.00422327546 -0.121199228
0.0417585485 0.00840727426
-0.0292232446 0.0130035626
-0.0094625717 -0.103455894
0.0289076604 0.0116215087
0.0371226445 0.053873308
-0.01098496 0.00463947793
0.00808429718 0.0469805263
-0.0574057139 -0.0295461994
-0.0273166113 -0.0180857778
0.0678006262 0.0496850722
-0.0363248773 0.0499139763
-0.02712005 0.00437541911
-0.0156917237 -0.00667482847
0.0221537147 0.0200303011
-0.0639140606 -0.000515769236
-0.106524765 -0.0197245423
-0.0208066478 -0.0312104598
0.0182795394 0.00780767482
0.0329551995 -0.0604628921
-0.0529081784 0.0468582027
-0.00601200899 0.0236897338
0.100839205 -0.00719899265
0.039749641 0.0915501267
-0.0664952919 0.0334868059
-0.0767966807 0.0785212815
-0.012113939 0.0057755122
0.00342026888 -0.0450006537
-0.0169434287 0.0159848053
0.0182874911 -0.0199602582
0.0176322442 0.057224296
0.030705601 0.00045987565
0.0130196074 -0.0303676948
0.0305891689 -0.0554788075
-0.00987421256 -0.0708857328
-0.0229891278 0.0265037064
0.00464590592 -0.0113416528
-0.00680045178 -0.013021199
-0.0601521209 -0.00789737143
-0.0780237168 -0.0901241824
-0.00847046822 0.0199759547
-0.0280966461 0.018344827
0.000750150648 0.0339589827
0.0429584943 0.042745892
0.00289314799 0.0427070521
0.0191565584 0.0365875103
0.0739657208 -0.0721184537
-0.00178579229 0.0195027255
0.0300134551 -0.00398473395
0.0115822433 -0.0150955757
-0.0204373654 0.0772564039
0.0384621099 -0.0128356665
0.0229319707 -0.0382316522
0.0461653769 -0.000643986219
-0.00179000373 -0.0187082328
-0.00554623688 -0.0351342522
0.00135336281 -0.0296937544
-0.138430864 0.0104867443
-0.0500460379 -0.00282539777
-0.0309426375 0.0193785075
0.0139156561 0.0325796567
0.00467245001 -0.044775214
-0.0642930344 0.0385585427
-0.0187326875 0.05179777
-0.0431171283 0.0439295806
-0.000808170473 0.0153489364
0.0530208834 -0.0349425897
0.0200178977 0.0202047452
-0.00520397676 -0.0238091964
-0.0465755202 0.0245146845
-0.000913456664 -0.0142575698
-0.0159218963 -0.0931181088
-0.0213892572 -0.0642557517
0.0725065097 -0.0475473031
0.075297229 0.0740765929
0.0105420435 -0.00702613173
-0.0152435629 -0.0519772545
-0.0281793792 0.0710412636
0.0139307389 0.0144337965
-0.0312514976 0.0103236549
-0.129714116 -0.0571327172
-0.0300231036 -0.059211392
0.0302313305 -0.00581618957
-0.00891078264 -0.0346877202
-0.00862792414 -0.020298101
0.0192133505 -0.0604108125
0.0812318251 0.00550529221
-0.0117622465 -0.0235821232
-0.0511403643 -0.0276981853
0.0205972623 -0.0291518457
-0.0188080426 -0.0109793935
0.0484476686 0.00911751296
0.0180872921 0.00400671177
-0.0704317018 0.0565712042
0.00151398394 -0.0178724732
0.0388852507 0.0266327523
-0.0442192741 0.0744235739
-0.0116729513 0.0133796046
0.0628987104 -0.0219210852
-0.00563445175 -0.0363960899
-0.00175817928 -0.0522902906
-0.0204612333 -0.0508423038
0.00102541316 -0.0323703289
-0.000450002641 -0.068236284
-0.0958337411 -0.00882924348
0.0786800086 0.0054746992
0.0431526527 -0.0484626777
-0.0605984926 0.0464457683
-0.024389185 0.00477166334
-0.0407529622 -0.0360127836
0.00703124329 0.0136172678
0.0246248692 -0.00368837733
-0.0248534009 -0.0508984216
0.0406254642 -0.0118331974
0.0474600941 -0.00614043884
-0.0148152346 -0.00913154986
-0.0729041696 -0.0272950735
-0.0459625795 -0.00175169529
-0.0412694365 0.0765191019
-0.0337158665 -0.0359988883
0.0186789166 0.0100717377
0.0322858542 0.0855245218
0.0442700721 0.0373939797
0.0181911867 0.0352847986
-0.038406305 -0.0404074788
-0.0281446073 -0.012349111
0.0244240779 0.0519794449
0.03740073 -0.0136326142
0.0781311989 0.00263751321
0.0100472281 0.0477312915
-0.0447727963 0.0402256101
0.0176648255 0.0741504878
0.0275263097 0.0214342587
0.0609107763 0.00899915956
0.0124122454 -0.00182015775
-0.0527762584 0.0264606681
0.0182680786 0.0463489406
-0.0321033671 0.0151501885
0.00503109302 0.0500023626
0.155900344 0.0412231982
0.0260909926 -0.0397514403
-0.0543282181 0.0128606493
0.0566041209 0.0224392936
-0.0395207964 -0.0202104542
-0.0369068012 0.018161634
0.00792232621 0.0229395181
-0.0690900758 -0.0193198882
-0.103851959 0.0034614969
0.0439666025 0.0408894941
0.0697629824 0.0142695839
-0.0320086852 -0.0597511828
0.014843408 -0.0489511006
-0.0224802829 0.014451337
-0.0748280808 -0.0287136771
0.0099623939 -0.0251273606
0.044373937 -0.0164872147
0.0375433825 0.0638571382
-0.0527123474 0.0571942106
-0.0524733774 -0.0575025529
-0.0339500457 -0.0252369698
0.0268942267 -0.0720800012
0.0188613813 -0.00894818921
0.0146389436 0.011124027
0.0901217461 0.047959514
-0.0019056868 0.0367513672
0.0462429672 -0.0875403509
0.0154457875 0.109123915
-0.0477384813 0.031361524
0.00829702336 0.0121737923
-0.00379961845 0.0192240626
0.0351507738 -0.0142886089
0.0217234921 0.0550266504
0.0301073585 -0.0249357447
-0.0571470894 0.0260671563
-0.0214113053 0.0164938159
0.039627295 -0.0324731283
0.0261520762 0.00330108753
-0.042532064 0.0650962144
-0.036574129 -0.0782529861
-0.0484697521 -0.0306328759
-0.00668588234 -0.0361454338
0.0400379449 -0.0934712365
0.0358713083 -0.0743149966
-0.00481771724 -0.0781222805
-0.0537607372 0.0888008326
0.00915028062 0.0766231045
-0.0350602418 0.0617858581
0.0321399271 -0.000581288128
0.0224863458 -0.0371971317
-0.0118959798 0.00400207564
0.038694106 0.00780695397
0.0443132706 0.0263269823
0.0470191501 0.028429728
-0.0338260084 0.025326198
0.00883672759 -0.0440019593
0.0223357733 -0.0129363872
-0.0358733013 0.0167177673
0.00562860304 0.00836037751
0.0312569849 0.041120071
0.0423159525 -0.0496774241
0.000891840609 0.0603266656
0.0542114601 0.0743293986
-0.0504335947 0.0790311322
0.00292320247 -0.0594892912
0.0152478917 -0.0687560663
-0.0367232561 0.0295178387
0.0560022071 -0.0160338581
-0.0534773357 0.0463759676
0.012764602 -0.014462851
0.00145917945 -0.00615858566
-0.0119440807 0.0384224355
0.0394941345 -0.00712358998
-0.0788077936 0.0355635397
0.00778287696 0.0054324721
0.107723773 0.0321967788
0.00378663 -0.012291343
-0.0548256785 -0.0594334416
0.0605824627 0.00335476408
0.0412427336 0.0360791646
0.0557266362 0.0478531346
0.0724943653 -0.0478676446
-0.0670836717 -0.031167116
-0.0735635236 -0.0833381116
0.0587515645 -0.019390747
-0.00828721002 -0.0300275665
-0.0758317485 -0.165212393
0.060480006 0.000284854614
0.0628488883 0.00145950064
0.0435200781 -0.0101229139
0.026432449 0.0425607972
-0.0833184868 0.00129909778
-0.0310093313 0.00190342788
0.0704613701 -0.0702356696
0.026698716 -0.0385914929
-0.00720456243 0.00718233548
0.0117889382 -0.0224001016
0.00312619307 0.0499660634
0.0832587555 0.0377357043
0.00425028568 -0.0247897469
-0.0206247456 0.00431302143
0.0334714763 -0.0100028636
-0.0756385475 0.0319195129
-0.0740679204 0.0116624311
-0.0274665244 -0.0215210933
0.00936977006 0.024877185
-0.0169179887 0.0179151539
-0.015778752 0.0345524065
0.0432100333 0.0170241613
-0.00186904357 -0.0648847222
0.0565971285 -0.00250069308
0.047995612 0.0360907689
-0.00654210802 -0.0212071612
-0.0378434733 -0.00841099583
0.0265628174 0.0425603874
0.068525888 0.0560503863
-0.00802426599 -0.00304280338
-0.0195131823 0.0580817275
-0.0382230692 0.0702250823
0.00742458273 -0.0200803857
0.049131263 0.0168518461
0.0122764576 -0.0186370686
0.00691529457 -0.0305581968
-0.0678264201 0.0835995749
-0.0375251397 0.0357844383
0.0249953195 0.00145557348
0.0452392064 -0.0125596495
0.0135739315 0.0417787917
-0.0330100432 0.0306496583
-0.0452709533 -0.095853135
-0.0183818787 0.0197827779
0.000664988183 0.0577949472
-0.00364489877 0.0298364405
-0.03073138 0.0199512839
-0.02563213 -0.0171361696
0.0297041908 0.0732226819
0.0329410918 0.0191186517
0.0392755531 0.0207284987
0.111900911 0.0279884301
0.039656844 -0.00562205538
0.0253915992 0.0155463526
0.0113610718 -0.0516754091
-0.0353414416 0.000570678094
-0.00555424113 0.0465081111
0.0228068382 -0.0404963568
-0.0623707585 -0.0520272814
-0.0280631371 0.019259803
0.0547218472 0.0817324817
-0.0912307128 0.00021985879
-0.0612584688 -0.0214869846
-0.00375350029 0.0327677056
-0.0286269579 -0.0201777518
0.0100959884 0.0182122532
0.0100141894 0.0346030779
-0.0340225548 0.031883359
0.0603315942 0.0305920467
0.0779285654 -0.0738691166
-0.0566413254 0.0614763051
-0.0426326506 0.022457378
-0.0468306206 -0.0660480186
-0.0210613478 0.0423570722
0.0536947362 0.0719004348
0.00875729229 0.0283021275
0.0299062356 -0.0314128697
0.0210222565 0.000383144652
-0.0743082911 -0.0302398037
0.0241590627 -0.0818840116
0.0520609356 0.0153272692
-0.0266973954 0.0327622145
-0.00632681977 -0.0255972948
0.0136685958 -0.0118103046
0.0006989229 -0.022723034
0.0258614607 0.0658913925
-0.0376676247 0.0554943457
-0.0435349271 -0.0358400084
0.00269852113 -0.0388537347
-0.0422316752 -0.0254140757
0.0342189707 -0.0747278407
-0.0445707068 -0.0951051563
-0.00292615383 -0.00296336948
0.0543935969 -0.0748545676
-0.0606729947 -0.115528293
-0.103087261 -0.0715973973
-0.0753777251 -0.0528260544
0.00456336653 0.0305223186
0.0503939874 0.0253999624
0.0120215146 -0.00794099271
0.0145551655 0.0570048839
-0.0569127798 0.000797944551
-0.0379796177 -0.0156873427
-0.0169713851 -0.0545187891
-0.000140701668 0.0522285886
0.0590397231 0.0386967696
0.0056517981 -0.0570449866
0.0342692249 0.0121480683
0.0141489096 0.0412469357
-0.0347555578 0.014079757
-0.0841509253 -0.00672406657
-0.0157584213 0.0742666721
0.0414028391 0.0195907447
-0.0108169001 -0.0324740261
0.058549989 0.0385750793
-0.04481408 0.00418159924
-0.0609956235 0.0200415086
0.021827668 0.0581552275
-0.0654010102 -0.0138339065
-0.0302823763 0.00614450639
-0.049444899 0.000252623839
-0.00721917441 0.00803167094
0.00245214929 -0.028335616
-0.0455610342 -0.0437860638
0.0049419147 0.0309199188
0.00387447351 -0.026770981
0.0180500988 0.0280164704
-0.00830956362 -0.00802054163
0.0369345397 -0.0102498168
-0.0389885232 0.0373559482
-0.0587921068 -0.0952615291
-0.00445226347 -0.0059154178
-0.0420310348 0.0824808925
-0.0441226922 -0.00386583293
-0.0656447262 -0.0756463781
-0.0224404614 0.0108097661
0.0291046314 -0.00306212599
0.0693924278 -0.065844506
0.034563303 -0.00988281611
-0.00442769565 0.00280083413
-0.0120082088 0.0166162141
-0.0819115937 -0.00744810468
-0.0342756547 -0.0344395377
-0.0389180817 -0.0545192286
-0.0116116768 -0.0483303741
-0.0542618297 0.0368589945
0.00647930102 0.00807050709
0.0436830781 -0.034580823
-0.0492155477 -0.0342347138
0.00654406892 -0.0118367821
0.0204319414 0.0076305354
-0.0168697014 -0.00743028522
-0.00576665113 -0.0221854374
0.00979474746 0.0339866728
-0.0180632304 0.00591020193
-0.00879872683 -0.00383367483
0.0695905313 0.0748677999
0.0844635367 -0.0381034948
0.0157630015 -0.0502836592
0.0182159208 -0.000410218374
0.073108159 -0.0497721136
0.0255741011 -0.0192738082
-0.0466394499 -0.00251848972
-0.00663254876 -0.00946377497
-0.00664124405 0.0493167676
-0.0767810792 0.0457037538
-0.0257038716 -0.00717483461
0.0507391617 0.0425933227
-0.00211536279 0.0542916358
-0.000396868971 -0.00813332759
-0.0338943675 -0.00290898583
-0.0245558191 0.00872706063
0.00929809641 0.0077200355
-0.0473752692 -0.0131639047
0.0359678566 0.00209196773
0.0620507635 0.0566364191
-0.0168301985 0.0196616128
0.06956058 0.00971776154
0.0383409671 0.0156442877
-0.017490143 -0.00480850833
0.0264485423 0.00858535897
-0.0183641333 0.0374348871
0.00373483263 0.0459332019
0.0481581315 0.0033113705
-0.0342723541 -0.0577820651
0.0250898656 -0.0317713618
-0.00705484999 -0.0282385573
0.0222107377 -0.0108678164
0.0250272062 0.0966252759
-0.0465357006 -0.00153135974
0.0290971007 -0.0014609053
0.0489255004 0.0356515795
0.0343104415 -0.0659650043
-0.0283456668 0.0506556146
-0.0219517741 0.0298970453
0.0319788717 -0.0136544025
-0.033579465 0.0363137648
0.00495508639 -0.0383668095
-0.0249329843 -0.00166229892
0.00249219197 0.0672646388
0.0521437116 0.0651808605
0.00596249755 0.0620421395
0.0107120983 0.0283028968
0.0431988463 -0.0578221567
-0.107929289 -0.0177080184
-0.0464351885 0.00280048093
0.00909096189 -0.014880552
-0.0619407855 0.0498732664
-0.0311881974 -0.0837805569
-0.0385390595 -0.0269391835
0.0102734463 -0.0382791162
0.0574990921 -0.0778104216
0.0196628012 -0.0684471428
-0.00524924695 -0.0742751732
-0.047540497 0.117056586
-0.00383628113 0.0722228363
-0.0411437824 0.053888835
0.0158975795 0.0117693162
0.00720741414 -0.0530288406
-0.0127630001 0.00534503115
0.0369350612 0.0243235156
0.0500929616 0.00297565875
0.0419438183 -0.00504996255
-0.0404735133 0.0482008159
0.00142272376 -0.0285268277
0.0308574252 -0.00177674042
-0.00755989458 0.0196981914
-0.00478980457 0.0105960499
0.0486376472 0.0183671266
0.0160993133 -0.0445254184
0.0176462065 0.0445898585
0.0486638881 0.0808006749
-0.0486684255 0.0738663599
0.0125526013 -0.044545874
0.0278013982 -0.0742659196
-0.0195312109 0.0225366689
0.0457542837 -0.0438714847
-0.0716225058 0.0551699325
0.0450397283 0.0514604971
-0.0319024622 -0.0275490209
0.0128729586 -0.0371088199
0.0911528766 0.0451968312
-0.0391505994 0.0187989995
-0.0501753315 0.036757417
-0.0292210281 -0.0110869072
-0.00188629865 -0.0184779577
0.00922081433 0.0684016943
0.0126539599 -0.00754687004
0.00935363863 0.0418953858
0.02995882 -0.0240325462
0.0553070046 -0.0213840939
0.0641261041 0.0880055651
-0.0077716182 0.0730686113
-0.0176468138 0.000986987608
0.0728721172 -0.0526784733
0.00667969696 -0.0411582477
0.064342089 -0.0175343063
-0.00914054923 -0.0710539445
-0.0739639029 -0.0601320714
-0.0337521657 -0.0260646902
-0.0650664121 -0.0468161628
-0.037653733 -0.0175234471
-0.010551272 -0.004957709
0.0332511887 0.0423916578
0.00945563335 0.116378695
-0.0903784037 -0.0443877541
-0.0904063731 -0.0602302961
-0.041334942 -0.0273801461
0.00592739135 -0.00976651348
-0.00982945878 -0.053474471
-0.00398143288 0.0120738326
0.00635262486 0.0613266602
-0.0334372669 -0.0667642802
-0.0465669446 0.0235222448
-0.00559160626 0.0426338688
0.0236274805 -0.0115598924
-0.0275966208 0.00250367005
0.0632010847 0.0196328592
-0.00249756104 0.0908984765
-0.0752927512 -0.0682294667
0.0145045947 -0.0310447551
0.0408562161 0.0179147124
0.00144829159 0.00296849874
0.0331313424 0.102342561
0.0711530298 -0.0142163932
0.0189699437 -0.00783046242
0.0407325514 0.0509210564
0.0270807259 -0.0164315235
0.00289023831 0.0749458522
-0.0270994063 -0.0168980639
-0.039673049 0.0650261045
0.0123424912 0.0731795505
-0.0132368281 -0.088535361
0.0672652051 0.0313466899
0.0541266166 0.0520590097
0.0273299366 0.00934803393
-0.0133351712 0.026866965
-0.0447667874 0.0296203755
0.0188963655 0.00540342228
-0.0166102815 -0.0837094262
0.0272524394 -0.0436493792
0.0703539401 0.0694093704
0.0133214351 -0.0143693229
0.0288366228 -0.0363646038
0.0543102808 -0.00551976776
0.0506942682 -0.00935271289
-0.0251682475 -0.0110712312
0.0172427483 -0.0444114655
-0.01758736 0.0266029332
-0.00212432165 0.0251707938
0.0660004318 0.0288359113
-0.0277121086 0.0100315968
-0.00688304799 -0.0536869094
-0.00572035974 0.0305277351
-0.00363777601 -0.0169031005
0.0504470952 0.0155352037
-0.00334638776 0.0141023202
-0.0279509593 -0.0442650691
-0.00803035405 0.0752287209
-0.0255843289 0.0167826284
0.0597996712 -0.0339389481
0.0199176203 -0.0243550893
-0.029087387 0.00596098788
0.0445604101 0.0291197449
0.0281910375 0.0106850639
0.0258397479 0.0291254167
0.0512788221 -0.0169214793
-0.0488708355 -0.000119031727
-0.028068414 0.0111844912
0.0257771201 -0.0540652536
-0.0759152472 -0.0559405126
0.0245282166 0.0510704964
0.07073576 0.0981829613
-0.0331511758 0.00905363448
-0.0237444248 -0.0385849513
-0.0512861088 -0.0652344525
-0.0592023097 0.0420551151
-0.0732896924 0.0766130909
0.0205674972 0.0329925232
0.0567593798 0.0475296415
-0.0286260713 -0.0317815766
0.132885709 0.00578383217
0.0714608729 0.0309609193
-0.0455954112 0.0088377092
-0.00864159968 0.00930187944
0.0659070611 0.0527664833
0.0284159631 -0.0405931398
-0.0686262399 -0.0295166876
0.0206121095 0.0178211983
-0.0487492792 -0.00125628826
-0.0351503417 0.00319307065
0.0641698688 -0.0730672851
0.0434213355 0.00694592297
0.00184047129 0.0181083456
0.0218939781 -0.0399336368
0.0270187929 0.0446458273
-0.0534368828 0.00610332284
-0.0105916979 0.0713569224
-0.0468456969 0.0492067784
-0.00231500203 -0.0024184871
0.0154549768 -0.00234535383
-0.0809811205 -0.048259411
-0.0510595255 0.0180873834
-0.00378676062 -0.0127753103
-0.0351886787 -0.0486409441
-0.00771460775 -0.0531366132
0.0129563659 -0.0742450505
0.0592209175 -0.0113617275
-0.00366099435 0.0341806449
-0.063779667 -0.0121040959
0.00110695406 -0.00115434255
-0.0198986996 0.0175876208
-0.017372638 0.0216030665
0.0320293345 0.0345996507
-0.0511186272 0.0143035566
-0.0736141354 -0.0269579142
-0.00833527464 0.057781864
-0.0224468205 0.00347636524
-0.0763526708 -0.0250369422
-0.012273265 0.0207599159
0.00369041692 -0.0155264093
0.0180678889 -0.0345161185
-0.00805874169 -0.0122030806
-0.0590737648 -0.0235308297
0.0822061971 0.0245289598
-0.00765379472 -0.0138940765
-0.093294844 -0.041185461
0.0315860994 -0.0518031791
-0.0251153614 -0.0607099235
-0.0745449215 0.000977280783
-0.00801680051 -0.0173635557
-0.0132657485 -0.0202721786
0.0384563357 -0.00284789107
0.0156709794 -0.00883499719
0.0134489024 -0.00209349766
-0.0108851856 -0.0141873164
0.0393578969 -0.019051997
0.0210204739 -0.0120250201
-0.0212492477 0.0379989557
-0.00813731737 0.00956844725
0.0438700765 -0.0712014809
0.0605798289 -0.0499458164
0.0296678673 0.00653904211
0.00549437758 0.0228239838
0.0205120444 -0.024095891
0.0146821085 0.00464984216
-0.0106746685 -0.0169879179
-0.040198639 -0.0539642572
-0.0115071274 -0.0391975306
0.0121787628 0.0171050541
0.010321917 0.013696528
-0.0729500279 -0.0728782788
-0.0470497794 0.0275272727
0.0174227636 0.0778125897
-0.017162323 0.0479033589
0.0366469994 0.025455419
0.0326446481 -0.0330705456
-0.0694730356 0.0454793908
0.0145636518 -0.0160635915
-0.0417196453 -0.036155317
-0.0537967086 -0.031144375
-0.0163296554 -0.0213626921
-0.063150987 0.0866149962
0.00202852557 0.0445672162
0.0621633343 0.0306032114
0.0386322998 0.0530874394
-0.065984942 -0.0292362627
-0.030995151 -0.0473943874
0.0599139817 0.0208592135
-0.010206488 -0.0363927521
0.0481107309 -0.013000316
0.0873493105 0.0846878216
0.00479212869 0.0196427368
-0.0526021048 0.00849059317
-0.0635433495 0.0161310378
-0.0587762557 -0.0398354493
-0.0195958316 0.00479416549
-0.0263027009 -0.0629895851
-0.038085945 -0.0196263678
0.0504196696 0.0397180915
0.01123669 0.0134587167
0.00841283426 0.0795821026
0.0241218563 0.0649735183
0.0474078394 -0.051281739
0.0613528527 -0.0747619122
-0.0720292926 -7.17523435e-05
-0.0649482384 0.0070666275
-0.000669394212 0.0126543716
0.0273870341 -0.0292480383
-0.0244915206 -0.0393993258
-0.101136357 0.0100486008
-0.00966659095 0.044245109
0.00893864594 0.0174517855
-0.0193592086 -0.0405574478
0.0195934456 -0.0799625143
-0.0202328414 -0.0186339952
-0.00510622142 -0.0476930551
0.0377227217 -0.0265211519
0.0179920457 0.0446627475
0.0531856753 0.0163150132
0.0432325974 -0.0438478589
-0.0533305295 -0.0118347537
0.00738112256 0.020334933
0.0855423138 0.0408665128
0.00995685905 0.112312645
-0.00840488356 0.0125573045
0.030299738 0.0549435169
-0.0068225665 0.0603305846
0.00895153172 -0.0126755089
-0.00192296179 0.0550628863
-0.114631534 -0.0432280377
-0.029824568 -0.0222549886
-0.00830258429 -0.00850195996
-0.0302430354 0.0259745196
0.0601136498 0.0923073515
0.000100931138 0.00573339686
-0.0920919403 0.0774101838
0.016875701 -0.0601192564
0.104353406 -0.0241736509
-0.00775562692 0.0409494936
0.02502615 -0.0125978533
0.020925751 0.00824639387
-0.0282873213 -0.0414655767
0.0408306159 0.00923371222
0.0221258141 -0.00241394294
0.0215087496 -0.047020983
-0.00996337179 -0.0153906783
-0.0745708942 0.0346360765
0.0448255166 0.0645876154
0.0595587902 -0.0773583353
-0.0445487686 -0.0269583035
-0.0235659909 -0.00027402991
-0.016838124 -0.0744592547
-0.0321279392 0.00572031131
0.0401440747 0.0498647243
-0.039341338 -0.025730839
0.0403989255 -0.0262252204
0.0919453651 0.0445852131
-0.0272456724 0.00149788323
-0.0576339886 0.00906663854
-0.0124853831 -0.0130375223
0.00872426946 -0.0235932898
0.0100903017 0.0524673909
0.0106581738 -0.0320375375
0.0280554108 0.0443274379
0.00990402699 -0.0114874374
0.0727114975 -0.0131338155
0.0594826788 0.102695785
-0.0227492955 0.0608565509
-0.0181407388 0.0287190117
0.0772182941 -0.0340778194
0.0323206373 -0.0271960739
0.0563609041 -0.0207285527
-0.00610448187 -0.0701837391
-0.0718436092 -0.0859186873
-0.013473846 -0.0445630401
-0.0731719881 -0.0663934499
-0.0230556447 -0.019820692
-0.0128859393 -0.013351839
0.0196955036 0.0325891674
-0.00302676577 0.124731928
-0.0710679367 -0.0109383119
-0.0501691252 -0.110482335
-0.0569629893 -0.0435765199
0.00540326163 -0.00293587265
-0.0266001727 -0.0336215049
-0.0311061144 0.0719812438
0.0712175444 -0.0179539789
0.0173751004 -0.00940594729
0.0150657017 0.0426163934
0.0187261831 0.0235329047
0.024403641 0.0957031548
-0.0231775902 0.0915041268
-0.0473948047 0.0240915623
0.0740283579 0.0625844002
0.019107705 0.0923909098
-0.0198419336 -0.0271938331
-0.0205887407 0.0175845642
0.00160719571 0.0765052438
-0.004996398 0.0285564568
-0.0425292514 0.0246132296
-0.0302882213 0.0222034846
0.011486128 -0.0148015087
0.0426974371 0.00806474034
-0.0249329619 0.0294213463
-0.0494137257 0.0303613916
-0.0573568232 -0.0121247424
-0.00423806254 0.0223644115
-0.0350186974 0.0122579737
-0.0394086763 -0.00635932386
0.0522668399 0.053208977
-0.0245751049 -0.048686929
0.0330296718 -0.0133868083
0.0124860685 0.0190602336
-0.0242841281 0.0724072382
-0.00332215033 0.0368911773
-0.0629033819 -0.00771928113
0.0783908367 0.0574265309
0.0552912802 0.0048421151
-0.0219554771 -0.029899789
0.0152715649 -0.0289709978
0.0129001308 -0.0139566623
0.0192386545 -0.019717006
-0.00630178861 -0.02194033
0.0078129312 0.000835558109
0.0388495922 -0.0310088601
-0.0361101702 0.00466189301
0.0218426753 0.02946743
0.0223919787 0.0010259751
-0.00484975753 -0.0163482279
0.0143475179 -0.0567027256
-0.0219906364 -0.0692388713
0.0392930619 -0.0229419172
0.0442042723 0.0450676642
0.0282704979 0.0787688196
0.0547845624 0.0110087572
-0.0150804296 -0.029883258
0.0333195664 -0.0384584814
0.013890692 -0.00241988664
-0.00803757738 0.0307102688
0.0953681916 -0.0176345333
-0.0129735535 0.0213920046
-0.0159731489 -0.0360968709
0.00527339708 0.0497929826
-0.0565078706 0.0114387963
-0.00787215773 -0.0994854867
0.00445173914 -0.00297744386
0.0420819633 0.00311971246
-0.00848993938 0.0294176247
-0.0666457564 0.036139302
-0.0160147734 -0.0241450034
0.0221297313 0.0245276187
-0.018883545 0.0133092171
-0.0234844498 -0.0455961041
0.0637718886 -0.111207031
0.0391777866 -0.000238272769
0.0449611805 0.0075649051
0.0716452599 -0.0328651741
-0.0115206372 -0.00714832218
0.0196673926 0.0111101223
0.00518564461 0.0594806932
-0.00858441368 -0.00938856788
0.087876454 -0.0644612163
-0.0280877557 -0.0137381293
-0.0679498911 0.0421605594
0.026321495 -0.0655096248
-0.0181911606 -0.0670732185
-0.0611851215 -0.0580187403
0.0208626203 -0.0660067648
-0.0199453849 0.00320321065
-0.0760563016 -0.0423967429
-0.00848756451 -0.0338081047
0.0244775806 0.00900583155
-0.0192299392 0.0308403783
0.0263054986 -0.0139670027
0.00547920633 -0.0237003006
0.00118214893 0.0812344402
0.0128306383 -0.0729192942
-0.0526507832 -0.00570945907
-0.0395274833 0.0805808529
0.00316784135 -0.0136400033
0.0218835324 0.0707723871
0.0462208651 0.0153577672
-0.0193559844 0.0261185672
-0.0577152595 0.0587169006
-0.0110639529 -0.0233976971
0.0115971621 -0.00559331849
-0.0235707648 -0.00401101029
-0.0335935354 0.0410109647
0.0128186867 -0.00636173179
0.0259095896 -0.0495430343
-0.0120750461 -0.0160337463
-0.0130434614 0.0337314941
0.0469520837 0.00108434563
0.0529547371 -0.0117828399
0.0130711496 0.0817235187
0.0106375543 0.0690937489
0.0271081068 0.0246369969
-0.0494170822 -0.0535270721
-0.0738692284 -0.0499670357
0.0715506971 0.0488407165
-0.00504545402 0.0776709691
-0.0426325463 0.0770933405
0.0378922932 -0.0235861186
-0.0167020336 0.0378146693
0.0517791249 0.0183840599
-0.0406878293 -0.0313834175
0.0362755023 0.0173095521
0.0941391289 -0.0232793558
-0.0246828422 -0.0381149873
0.0642213747 0.010719819
-0.026530331 -0.0657799467
-0.0724973679 -0.00233724923
-0.0300527699 0.0382414311
-0.0507159717 -0.0032630472
0.00196173671 0.0218565874
0.0353088193 0.0201396272
0.0115154739 -0.0125175882
-0.022319356 -0.0692319721
-0.0966919065 -0.0913223252
-0.0515219904 0.0052672578
0.0300257392 0.0341565423
-0.00145262235 -0.0541952513
-0.00462078163 0.00257120677
0.00601062831 -0.0156357642
0.028233435 0.0150681464
0.000296840473 0.031604819
-0.0329590663 -0.0699133053
0.0483538397 0.0513032191
-0.00905070826 0.0431274548
-0.0124671534 -0.0379773602
0.00672892248 -0.0183678418
-0.0735673234 -0.0424438119
0.0329954363 0.089305073
-0.0186883695 0.0251834076
0.0757437274 -0.0307483878
-0.0481160805 0.000571922574
-0.120586075 -0.0089830365
-0.0373219475 0.00405340688
-0.0367088057 -0.0511725657
0.123150483 -0.0710308328
0.0906330571 -0.0204443708
-0.000142082048 0.0518073663
-0.0508084744 0.0531587228
0.0162877366 0.0343728773
-0.00445638178 -0.0596523918
-0.10999348 -0.0380502455
0.0214717891 0.0333295539
-0.0482343547 -0.0102537358
-0.0608971491 -0.0236458946
-0.0126498649 -0.0455822051
-0.00813087728 -0.0563898832
-0.0374092609 0.0114551419
0.0158278309 0.0595221967
0.0119671682 0.0203625653
-0.044288829 0.0368297473
0.0235924367 -9.39873571e-05
-0.0326498896 -0.0515654646
0.0353155248 0.060090635
0.105657488 0.0276470706
0.0296696853 -0.0114065884
-0.010130384 -0.0663055703
0.015748078 -0.0871508941
0.0632222742 -0.0403035134
-0.00922875106 -0.0390483178
-0.0137845902 -0.0432293452
0.0132047096 -0.0508555211
-0.00485743023 -0.0361092128
0.0144976368 0.031962689
-0.00562929222 0.0106490366
-0.0213324465 0.0189288147
0.0535636172 0.0418024622
0.0418243036 0.0807798058
-0.052269347 0.00968560018
0.0089771105 0.00912955403
-0.031311553 -0.01247383
-0.085928835 -0.0428896695
-0.0459119901 -0.0317692794
-0.0738594532 -0.053763099
0.00486886129 -0.0335237905
-0.0278924815 -0.0348532051
-0.0633995831 -0.0222483166
-0.0378881432 0.0197280981
-0.0541532896 -0.0133380983
0.00300342613 0.0538218766
-0.0345122032 0.031854298
0.0336981751 -0.0418378375
-0.0200450439 0.00172615703
-0.0456057228 -0.0411171131
0.0368229225 -0.00764467753
0.0158721171 -0.0232546367
0.00356232747 -0.115702987
0.00308495434 0.0340833925
-0.0197028723 0.0593489073
0.0071122949 -0.0389653146
-0.0429892056 0.00602442771
0.000592141121 0.0578632727
0.0845336169 0.0234876703
0.0403772108 0.000116936892
0.0454259701 0.00302538229
-0.0366865285 -0.00215995545
-0.0826435834 -0.0312024914
-0.00389115536 -0.0807496309
0.0287556276 0.0359048396
-0.0371321253 0.0419525169
-0.0568212047 -0.0163160618
0.041680634 0.0967770442
0.0521341302 -0.03505674
0.0330081768 -0.0440740399
-0.0153957428 0.00168487651
-0.034198653 -0.0550080538
-0.0578527935 0.0253321677
-0.019643588 -0.007792369
0.0823234394 -0.057279218
0.00288706552 0.0279007349
-0.0190722477 0.0494024865
0.011051476 -0.114937142
-0.0118917516 -0.0264133625
0.0106137879 0.0905400068
-0.024115365 -0.0266427826
0.0140250232 -0.0278539062
-0.006826811 -0.0416906476
-0.0190199353 -0.0248276833
0.0187476575 0.0291418303
0.0550198182 0.0600673258
-0.00279168389 0.0343778431
0.0159918256 -0.0929944515
-0.00915171206 0.0302143488
-0.0662791431 0.0847508833
0.0836131573 -0.027482599
0.0311076809 -0.0163821075
0.00548841432 -0.0220650006
0.0509416945 0.0144637916
0.0240428392 -0.00538608991
0.0344364531 0.00178735843
0.0514416248 0.0362956151
0.0764973834 -0.0157404095
-0.00260732067 -0.0608486012
-0.0129084969 -0.0876603276
-0.0244085286 0.0138178011
-0.00449979166 0.0290451553
-0.0415121727 -0.00715966104
-0.0197780263 0.059075065
0.0793607309 -0.00440138252
0.00456443103 -0.013501551
0.0243109129 0.0514809452
0.0334851854 0.021311054
0.0188484266 0.0740237683
-0.0430611484 0.10187003
-0.0316794477 -0.0208270308
0.0775704905 0.0592966452
-0.0112906545 0.11271029
-0.0269362219 -0.0346476622
-0.0211348739 0.00106568448
-0.0190684907 0.0906443372
0.00489986362 -0.00328754983
-0.0290687401 0.0389723741
-0.0216532759 0.00425320212
0.00620428286 -0.0359490998
0.0339870267 0.0204184148
-0.0162452776 0.0309773814
-0.0538954996 0.0235312507
-0.0358076431 -0.0168891456
0.000251010642 0.0393641405
-0.047151316 0.00937054679
-0.0358007513 -0.000334753771
0.0452733487 0.0813995525
-0.0063074911 -0.0584860556
0.0207849704 -0.0357838757
0.0206235033 0.027450351
-0.0289903227 0.0737985149
0.0223081652 0.0262844823
-0.0518850051 -0.0329295807
0.0955526382 0.0853844509
0.0386907086 -0.104257174
0.0716423765 0.0404290073
-0.0222451575 0.0219510384
-0.00275273132 0.0643538162
-0.0603015646 0.0516039878
0.01777214 -0.027657466
0.0189145561 0.0147589082
-0.0137553504 -0.0610224791
0.0633440241 -0.00511753093
0.0306781195 0.0476305932
-0.0574315749 0.0670092255
0.0139658796 0.0435860083
-0.027434079 0.0443343036
-0.0840991735 -0.0469297171
0.0363771282 -0.049332723
-0.0197704937 -0.0177089218
-0.00210224115 -0.0268790685
0.0508389659 0.0160802566
-0.0119241979 -0.0254830848
0.0305902679 -0.042041149
-0.0422543921 -0.00234837085
0.0134162074 -0.0273625311
-0.0204316359 -0.0341541506
-0.0258286763 0.000191959334
0.079681471 -0.0229976885
0.018298218 -0.0292258691
-0.0227319859 0.00453611836
-0.0665383711 0.0282485858
0.00489892066 0.0414471067
-0.000617470476 0.00914994348
-0.0126952762 0.0355167128
0.0185154844 0.032465905
-0.0523355454 0.00766037498
0.0131794643 0.0298487395
-0.0162391067 0.0117359683
-0.0515607744 0.0179850776
0.026154764 -0.0297524482
0.0334173664 0.0400310419
0.0514103994 0.00796203595
0.0332988799 -3.74452029e-05
0.012617223 0.0831705853
0.0187873021 -0.0273533966
0.0127216643 0.0479560085
0.068718642 -0.00456690602
0.0537889116 -0.0446816385
-0.0319485143 0.0801292583
-0.050991632 -0.0149193686
0.0618699007 -0.00514463941
0.0327019691 0.0552627705
-0.0167810526 0.0219192468
0.0229531005 -0.081326358
0.00170311995 0.0080256639
0.0576694049 0.069392316
0.0881866068 -0.0623441972
-0.0620668381 -0.0278454814
-0.022209214 0.0229322463
0.028465312 0.0977142006
0.059636917 0.0488633737
-0.0127610555 -0.039619606
-0.0370378643 0.0209264047
0.00703692948 0.0869952962
-0.0113859475 0.0847374424
0.0201186445 -0.0556998551
0.0446744114 0.0520145185
0.0127696544 0.0527990088
-0.0209083352 -0.0430575907
0.0397676975 0.00292856223
0.0472769886 -0.0342207737
0.0488932841 -0.0142237889
0.0219031423 0.029651897
0.00537614198 0.0741847232
0.0702477619 0.0789113939
0.0491174348 -0.00831558183
-0.011302961 -0.00410910323
0.0767869577 0.00346334698
-0.00287726498 -0.011202259
-0.0785253197 -0.0399452448
-0.00417273073 -0.0218076091
-0.00538578024 0.0230195299
-0.026983317 -0.0180644505
0.00133748772 -0.0532929897
-0.0394867882 -0.0280963462
-0.0179396756 0.0260135513
-0.000336537545 0.00801734813
-0.0195249692 -0.0154940737
-0.0182374567 0.0212632846
-0.0566612072 -0.0420328751
0.0415093489 -0.033761628
0.0299808662 0.00731350901
-0.025573073 -0.0420748554
-0.0171052814 -0.0024849691
0.0783197656 -0.00680309813
0.0123439441 -0.0507354736
-0.023608638 -0.0369621292
0.0706722885 -0.0341477282
-0.0402036905 0.0752594173
0.0226203017 0.0289646257
0.0352509841 -0.0435347632
-0.057465829 -0.00933658984
0.00230409647 0.0140827103
-0.049883347 0.0103974128
-0.0108896038 -0.0191916469
0.0236122347 0.0230207816
0.0939080119 -0.00667337375
0.0833729431 -0.0723468438
0.0321412906 -0.0330331363
0.0152955418 0.00193996448
0.0125260651 0.0560793281
0.0865237117 0.000731669017
-0.0405254848 0.0125290453
-0.0560775362 0.0147514017
-0.0290856529 0.0141528128
-0.076909475 0.0535790808
-0.0402745344 -0.0152056823
-0.00286650611 -0.0151514811
-0.0169114806 0.0171747617
-0.0326566249 -0.011766959
0.0399712287 -0.0146399494
0.0682580769 0.000366478431
0.049633313 0.0134124449
-0.0578216463 -0.0142044276
-0.0450207777 -0.0202974826
0.00408977317 0.0102905985
-0.0351351239 0.0238155331
0.047451254 0.0129383719
-0.0132598067 -0.00629314454
0.0437829085 -0.0405633226
0.00103067176 0.00209552469
-0.0740506053 -0.0665741414
0.00906729884 -0.00218519033
-0.0938114822 0.0718808249
-0.0406589918 -0.0848039314
-0.0414512791 0.000964522653
0.0101055494 0.0595851354
0.026319636 -0.0126521466
-0.0501540378 0.0193561036
0.00597910583 0.00802739244
-0.0716695189 0.0165162794
-0.0448674001 -0.0431916229
-0.0608070306 -0.0458173342
-0.0368818082 0.0329881757
0.0465686396 -0.100352861
-0.00280040037 -0.0401665978
0.00925134402 0.0232700072
-0.027623767 0.00932405051
0.0286136214 0.0264092684
0.0338595845 -0.0128387595
-0.0617498197 0.0623862222
-0.0208038185 0.0650901869
0.0206640437 -0.0314823762
-0.00668086344 0.00901947729
0.0325442664 -0.0331811234
-0.0109824818 -0.00691033993
-0.00388822402 -0.00792703871
-0.0516242236 -0.0949329287
-0.000411579822 0.0597307011
-0.00868341979 0.0667946637
-0.08751183 -0.0470376872
-0.034190923 -0.0153573202
-0.0588651299 -0.0409187004
-0.0643823147 0.0123035777
0.0131015051 0.01569614
0.00762371486 -0.0441271067
0.00167862372 0.0236134939
0.0513693728 0.0309635084
0.0387011766 0.033545468
0.0142263556 -0.0147133358
0.0664366931 -0.0928608328
0.0222596191 0.017228594
-0.00136748783 0.0458170511
-0.0297028199 -0.0459701195
-0.00247515086 0.00133929332
0.0309339501 0.0279227141
-0.0864186883 -0.0488092154
0.03494009 -0.00649380917
0.0216445085 0.0431907177
-0.0129161328 0.0369340032
0.0561344884 0.0675215349
-0.00731007336 -0.00274448865
-0.0100779291 -0.0415004045
-0.0502852909 0.0187544059
-0.0234425925 -0.0184717253
0.0516425483 -0.00656852731
0.00907417387 0.00981814973
0.0131226219 -0.0670797527
0.00543381739 -0.00661482429
0.0464743972 -0.0646506771
0.0636806116 -0.0338885561
0.031048717 -0.0671639517
-0.0318640321 -0.0255594961
0.0296065211 -0.0116880648
-0.0345630348 -0.0731260702
-0.0612988174 0.0449911281
-0.00316926884 -0.0112871006
-0.0551237427 0.0156188961
-0.0243127625 -0.00308897882
0.0468047112 -0.0485076383
0.0411325283 0.0129565531
-0.0388785712 -0.00828816276
0.0053815362 -0.0516956784
-0.0644291043 -0.063150458
-0.0634695292 0.050228022
0.00907888263 0.0021280935
-0.0381917059 0.0129895806
0.0180300847 0.0754768476
0.100853071 -0.0588743389
-0.00205807132 -0.0225112941
0.00963777304 -0.0725685507
0.0477062762 -0.0245645586
-0.0660551488 0.0670842975
-0.046384804 -0.013146027
0.0354902893 -0.0233614445
-0.0625332147 -0.042404037
-0.00312422519 -0.00775591331
-0.0145701561 0.00327585335
-0.11267177 -0.00756406365
-0.0445681885 -0.0069046258
0.1107805 0.0014605755
0.0633240864 0.0485204831
-0.0135141239 0.0360894687
0.0411794782 0.0634089038
0.0304848216 0.0566475913
0.0214029551 0.0154696861
0.0729390979 0.00615631649
0.069600001 0.0225162506
0.0493225195 0.00717102969
-0.0203808285 0.0374599621
-0.0299907345 0.0338750072
0.00224908255 0.028182419
-0.0136435246 0.0200232994
0.0185797233 0.030102741
0.0551709309 0.0669371709
0.0362905674 -0.029309364
0.0570714511 0.0308027733
-0.00279871956 0.0532920398
0.0252896417 -0.0455111749
-0.0474520884 0.014653502
-0.0774800554 -0.0739259049
0.0371584743 -0.0182600506
-0.0329361223 -0.0133629385
-0.0315171257 0.0406111889
0.0115653099 0.0827464685
-0.017156465 -0.0645990968
-0.065840818 -0.0368797183
-0.142635405 0.0230750758
0.00267620571 -0.0162740443
0.0146237649 -0.0458431542
0.0452302471 0.0231613908
-0.00233569508 -0.00253223139
-0.0854353756 -0.0844204873
-0.0435178801 0.00295846909
0.0221470743 -0.0198171455
0.0503836274 0.0708843917
-0.0479670912 0.0734121129
0.0116419466 0.0160509814
0.00656167511 -0.101130798
0.0355052873 -0.0893373489
0.0547901578 0.0509031601
-0.0179691594 0.0358639993
-0.00145007682 0.0517204441
-0.0663739592 0.0214805454
0.0216828398 -0.00896503124
0.0337941758 -0.00662099989
-0.0188002363 -0.0516250208
0.0753488839 0.0277721193
0.0183789153 0.0637358129
-0.0480828099 0.0530480854
-0.0113246161 0.0700874627
-0.021506818 0.011214762
-0.0819730014 -0.0327069908
0.0665766671 -0.0427193642
-0.012115729 -0.0312460754
-0.0135982875 -0.0379298255
0.0477635711 0.0142705897
-0.00886602048 -0.0374905653
0.0214103572 -0.0341705792
-0.0114854714 -0.0120679121
0.0317609534 -0.0364433452
0.00859640725 -0.0158141609
-0.0229214635 -0.000403677463
0.0739513561 -0.0179570653
0.0522127636 -0.0195479952
-0.0225549266 0.00426506856
-0.0419871807 0.0206773877
0.0254025869 0.0594200045
-0.0186374858 -0.0137726497
-0.0218652543 0.0261450782
-0.0160092786 0.0212973896
-0.0041116206 -0.027953878
0.098185882 0.0390474498
-0.0139343683 -0.00769128976
-0.0268524755 -0.00114908873
0.0297802854 0.00952946767
-0.057648439 0.0177679583
0.0063083428 0.0398986265
0.0601284727 0.0282139983
-0.107268617 0.114562422
-0.0892160907 0.00490798475
0.0460009649 -0.0280697066
0.0737029985 0.0145119028
0.108023524 -0.0158804394
0.0120685901 -0.0110792592
0.0265013296 -0.0267585292
0.00289724488 -0.0557246208
0.0697558746 -0.0145540154
-0.00585141126 0.0173905771
-0.0151316021 -0.0435462072
0.00918759499 -0.0442199074
-0.0542112216 -0.0197199602
0.022487022 -0.0071590147
-0.0689109936 0.025090389
-0.00873455685 -0.000852197409
0.0909111425 0.0962115675
-0.0159676522 -0.00648116414
0.043244157 -0.00046831253
0.00229322724 0.0217807144
-0.00464526284 -0.060690932
0.0435731672 0.00825671852
-0.0403713137 0.0078657046
-0.0303089377 -0.0271274596
0.0227735322 0.0112648802
0.0130897239 -0.00593788177
-0.00091338082 -0.0241509061
-0.0113083906 -0.0234885607
0.00794649031 -0.0363572575
-0.0142857516 0.00648104912
-0.0243266672 -0.0465873629
0.0179632381 -0.032355696
-0.00642818538 0.0661444068
0.0249405429 -0.0286502019
-0.0165973958 0.00448174262
0.0102800028 0.0319575593
0.0851754323 -0.0514869913
-0.0558138378 0.0390683599
-0.0117466981 0.00949421804
-0.00115545013 0.00194671261
-0.0231143106 0.0503921323
0.0370226577 -0.0575886033
-0.0316250175 0.00302385748
-0.0323333442 0.0132312747
0.0283024888 0.00826219376
0.0804752633 0.123857543
-0.0125237573 0.00641971687
0.0293494817 0.0332219489
0.131261483 0.0624391101
-0.0191734154 0.0391151942
-0.0521304533 0.0998155624
-0.00109136919 0.00471817655
0.00171644404 -0.0570276491
-0.0178241022 0.0363806188
-0.0424546488 -0.0173218735
-0.0589289889 -0.0548880994
0.017473137 0.0437161401
0.0179868862 -0.0259236693
-0.00541350013 -0.0337060057
-0.0317172222 0.0274059381
-0.0699781328 -0.0127994148
-0.0848129541 -0.0491395816
-0.0427644029 0.00184381066
0.0468475409 0.0625357702
0.00876328815 -0.0646987632
-0.057347469 0.057304021
-0.0010109779 0.0251441449
-0.0283481386 -0.0636426285
0.0236240495 0.0278546326
0.0061451518 -0.00378731033
-0.00728154322 0.111159801
0.072577171 0.052243758
0.0672531128 -0.0442311689
0.0322176702 -0.0427402258
-0.00241952273 -0.0389975719
0.0593428388 0.0454502702
0.0050550038 -0.0360642858
0.0114871394 -0.0353316627
0.0462525748 -0.030887926
0.0737692937 0.0321602337
0.0352236778 0.106239535
-0.0601878539 0.0195694473
0.0536195263 0.00580254802
0.0353641994 -0.0190887824
-0.0175701212 0.00570362806
0.0131541444 0.0184819456
-0.0234142113 0.0569772013
0.026534602 0.062168058
-0.0505950823 -0.0124827018
0.0366718583 0.0177758168
0.105555624 -0.0219056252
0.0500747561 -0.0110341944
0.0251313262 0.016304275
-0.00299235503 0.0504820086
0.0164826363 0.031044431
0.00681968639 0.00109562837
-0.0665758476 0.0691002309
-0.0387797765 0.0139155779
-0.0297693461 -0.0236679129
-0.025924284 0.0516112223
0.0586874038 -0.0331788138
0.07479164 -0.0724842772
-0.0353645347 0.0223910846
0.0362392738 -0.0167806484
0.0678481981 0.0140285753
0.0171313994 0.0535026044
-0.0751065239 -0.0247343797
-0.0696710423 0.000508641533
-0.0371675752 0.00208621798
0.0316323154 0.0543964654
0.0527831651 0.0105083687
0.0127788549 -0.0648770854
-0.0305132624 0.0217674244
0.0117922369 -0.0106957788
-0.0281546079 -0.0973971859
-0.038511809 -0.109990805
0.0340216197 0.0520139784
0.00334890978 -0.0302521177
-0.00336158718 -0.117127791
-0.0449857898 -0.0081461044
-0.0507700071 -0.031537272
-0.0390440375 0.0189324599
-0.0576998889 0.0150860725
0.0506214686 -0.0141767766
-0.0023812165 -0.0315687507
-0.0555137657 -0.017278973
-0.0415029116 0.074136667
-0.0245496817 0.0405550748
-0.00741740549 -0.0150550697
-0.0791440755 -0.024843134
-0.00674495008 -0.0275295936
-0.0699177459 0.0180573929
-0.0240656063 -0.0288487598
0.0169635005 -0.0225833114
-0.0665293932 0.0652853772
-0.0706702098 -0.00933035649
-0.0721671805 0.00347692845
-0.00266962848 0.0374146774
-0.00151122757 -0.0092591038
-0.00552206999 -0.0163683183
0.0179826245 -0.066881381
-0.017150756 -0.0596399121
-0.0227501318 0.00807827897
-0.004582291 -0.0351294354
-0.0223112311 -0.0779072866
0.0375567041 0.021690825
0.0469264984 0.0242755339
-0.0498971008 -0.00886484981
0.0466357842 0.0385092944
0.087170139 -0.0718813539
-0.00160972483 -0.0876028761
0.076527521 -0.00650641276
-0.0467910655 0.0333895758
-0.0315729417 0.0612747669
0.0454378389 -0.00664538378
-0.0229199994 -0.00461026374
-0.0387268588 -0.0212984681
-0.0942689702 -0.0212893803
0.0279163457 0.0204732474
-0.00774236955 0.0221345667
-0.0553115532 -0.00808754005
0.0359881185 0.0260305535
0.0299972296 0.0478830151
0.023571372 -0.0710295364
-0.0484640859 -0.0454529375
-0.033360742 -0.00535094598
-0.00203634263 -0.0919863805
-0.0310904495 -0.0805779174
0.0479890928 -0.0435531065
0.054953102 0.0509009659
0.01192916 0.0769935772
0.0163808297 -0.00911966059
0.0271852165 -0.0402042344
-0.00761980889 -0.00596973347
-0.0768934488 0.0471550189
0.0264232811 -0.0276399031
-0.0382238552 -0.086194329
-0.0379023291 0.015441143
0.0113350395 0.0787220076
-0.0149666173 0.0273723193
-0.0193634816 -0.0484603569
-0.0545041934 -0.0216138102
-0.0243084095 0.061660111
0.0168989561 0.01655012
0.0364031792 -0.0750230029
0.0425592773 0.004021917
-0.0263749715 0.00569945574
0.0144445049 -0.0209380034
0.0276665855 -0.00518798782
0.010442391 0.0393410437
0.054732915 0.0263723172
0.0583759211 -0.0241185986
-0.0223081764 -0.0234324038
-0.0796335563 0.00154652912
-0.0327097028 0.0240914933
-0.0688431337 -0.00384650426
0.0557498746 0.0636475012
0.0946661457 0.0955414772
-0.0453628823 0.0171351042
0.0177690741 -0.0386654139
-0.00172508508 -0.00409526704
-0.0474865139 -0.0440653935
0.0366716608 -0.00302443211
0.0183711015 0.00546239642
0.0355765522 -0.0081614349
0.042055171 0.0191682223
0.0222452097 -0.0683632344
-0.0110033676 0.00875855889
0.0391507 0.0676412508
0.00963642355 -0.0419681408
0.0119267739 -0.0336096175
0.0517491251 0.0475861281
-0.0372421257 0.0127800377
-0.0841100439 0.031946037
-0.0499514565 0.0250786431
-0.0689799041 0.0247836821
-0.00243063015 -0.00431355136
-0.0160703994 0.030919224
-0.00366308005 0.0283915419
0.036026042 -0.00539281173
-0.0370953791 -0.0859849602
-0.0244704206 -0.00375141157
0.0551948436 0.0210492536
0.0479710661 0.00584340747
0.0285300948 0.0456503555
0.0149053568 0.100903735
-0.00904797856 0.00676628295
-0.0113810813 0.0156968739
-0.0526054166 0.0330807418
-0.00828418043 -0.119925484
0.11163868 -0.0289701112
-0.0150524853 0.00520190317
-0.0256546177 -0.023595931
0.0120613528 -0.0542549267
0.0184876323 -0.0821755975
-0.00894235075 -0.0100224866
0.0131621258 -0.0781454518
0.0397193693 0.0385521948
-0.0515312217 0.0381626934
0.0238116868 -0.0670067221
0.0139970835 0.0125545617
-0.0138734207 0.0369747914
0.00846454315 0.0657768101
0.00949835498 0.034766268
-0.00908012129 0.0138494223
-0.0656245053 -0.0855680928
-0.00065061677 -0.0146052614
-0.0189932715 0.0395382717
-0.0239985939 -0.0205797888
0.0796576291 0.0593193732
-0.0235261563 -0.017376205
-0.0201917067 0.00369525561
0.0202043932 0.037751697
-0.0524274893 0.0127272401
0.0145345461 0.0207756944
0.0473519303 0.0367406532
-0.111908533 0.069802314
-0.0916144922 -0.0275541879
0.0397734493 -0.0139355334
0.0589852668 0.0184616353
0.0938476324 0.00204714853
0.0169603564 -0.0118263345
-0.0162049625 -0.0172345154
0.0239367671 -0.0246854704
0.0487157665 -0.00614559511
-0.000341931183 0.0119998381
0.000129527805 -0.0323784538
-0.0185000766 -0.0158095807
-0.0584933795 -0.020864075
0.0320185572 0.00226478791
-0.0773516744 0.00449491851
-0.00972698722 0.0180971976
0.0781060755 0.0828167871
-0.0185351484 -0.00882938784
0.0291801319 -0.0110765863
-0.00237778644 0.0264507104
0.0237568673 -0.0672102273
0.0521597378 0.0038354774
-0.047267437 -0.000363957399
-0.00939622894 -0.0153944166
-0.0932388231 0.0464922674
0.00245934376 0.0201258063
0.0462272726 -0.00566558819
0.0114691034 0.0471140705
0.0127966674 -0.0304401685
-0.0371664912 0.0280307904
0.0143991569 0.00954042096
-0.0273100659 -0.0266465191
0.00986523274 0.0139605524
0.0291748662 0.0236442517
-0.0621368922 -0.0262363665
0.0206754282 0.0696535558
0.0588997975 0.0166062173
0.0100339996 -0.0745666251
-0.00454259291 -0.00830165576
-0.0140786609 0.00873397011
-0.00678073429 -0.000164455982
-0.0742582381 0.0217137095
-0.00268827355 -0.0465728827
-0.0344104022 -0.0170643441
-0.030125577 0.0363717526
0.0280444585 0.0818994418
0.0478699431 0.0350607261
0.0481385849 -0.0344063863
0.0604047626 0.0502053089
0.0988845229 -0.0137370294
0.0645274222 -0.0737920925
-0.0202678163 0.0315686837
-0.0170775745 0.000164322977
0.0572421923 -0.0199199375
0.0192480758 -0.0407736748
0.0224746931 0.0162648484
0.00843863003 0.120474547
-0.0409191996 0.0657004267
0.0416571982 0.0143622942
0.0259000529 -0.00641717017
0.0133427484 -0.053759288
-0.0544830486 -0.0267837197
-0.0258943886 0.00201823912
0.0529410243 0.0525930598
-0.0194763746 0.0279423147
0.0124252355 0.0481935963
0.0112812016 0.00550719304
-0.0319594443 0.0279859994
-0.0197175983 0.0923385993
0.00698891748 0.0239733979
-0.00999492034 0.0585339889
-0.0221670102 -0.00755348569
0.0908149183 0.0163646694
0.000295448146 -0.00671289535
-0.0225498341 -0.114989571
0.08317554 -0.0119660366
-0.0306553859 0.0106943464
-0.0337926447 -0.0308883004
0.00113160943 -0.0293303765
0.0162258837 0.0174230412
0.090571925 0.0243647378
-0.045432169 -0.0329915024
-0.0563695356 0.0312924683
0.014703461 0.0258449558
-0.0318163037 0.00872151274
-0.00488239992 -0.0411043875
0.0437187925 0.0431645699
-0.0285746213 0.0700628906
-0.0144403875 -0.0216611139
-0.0352164321 0.0293008592
0.011209676 -0.00240196451
0.0327413306 0.0910288766
0.0530264862 0.0110648526
0.0595970564 -0.0390826315
-0.000973309856 0.0324765518
0.0551367775 0.00976434723
0.015123345 0.033803761
-0.0459576547 0.00731694466
-0.08648853 -0.0443248786
-0.0381086133 -0.056482181
0.0469027907 0.0290151462
-0.0581242628 0.0406265222
-0.0386183299 -0.00815402344
0.0192144625 0.0432276055
0.0455015041 0.0331057683
-0.0336246006 -0.00251523079
-0.0869437382 -0.0138344802
0.0198077615 0.000212434592
-0.0219306443 0.0357134566
0.0122513287 0.0159077663
0.0298010726 -0.0121181561
-0.0369058512 -0.00926481374
0.00297124404 0.0599575192
-0.0475028381 0.0125989821
-0.0220956951 -0.0321782306
-0.0242836289 0.0278057251
-0.0605114512 0.00755067123
0.0661938563 0.0351094976
0.0416054092 0.0431961864
-0.00217319792 0.0156216566
-0.0394622833 0.0125637474
-0.0298582409 -0.00193995994
0.0350035205 -0.014362962
0.053184092 -0.0725933686
0.0452784784 -0.00486110197
0.078079842 0.0433732904
0.0813385025 -0.0232504476
0.055204954 0.0405393653
-0.0763686895 0.0539333597
-0.0137653835 -0.0402586013
0.0735353753 -0.0173828695
0.0246780049 -0.0855061188
0.0225650016 -0.00716423057
-0.00085917511 -0.0291703902
-0.0288201701 -0.0261491109
-0.0338922441 0.0307487845
-0.00272861775 -0.0430632755
0.0527577437 -0.0379922539
-0.0481117181 -0.0642652512
0.0148696834 0.000555075647
0.0365413204 -0.0246629734
-0.0653724894 -0.0446445383
-0.01619564 0.0192862339
-0.0444113649 -0.0369420536
-0.0100647071 0.0373710468
0.0128023075 -0.03176862
0.0125867333 -0.0581674054
-0.00304849236 -0.0305674225
-0.0605088621 -0.0454795249
0.0222828221 -0.0280226748
0.0441279262 -0.0673326999
0.0310836881 -0.0105874129
0.0192621574 -0.00540392287
0.022772897 0.00866808835
0.0155862495 0.0309533775
-0.0492646806 0.0170735419
-0.0459339283 0.0472581424
0.0171955395 0.0122685945
0.0068233218 -0.032930553
0.0481489077 -0.0161021296
0.0645839646 0.0724506453
0.0117494129 0.0579024628
-0.0515284054 -0.0912795141
-0.0785957202 -0.0530339889
-0.0215394124 0.0346130095
0.0824534371 -0.00225026603
0.00236109365 0.0189392548
-0.0139571344 -0.0139957471
-0.00812533032 -0.083228983
0.0205848273 -0.0138101215
0.0316977985 0.0332047679
-0.063943401 0.0404358134
0.0462253876 -0.0250995997
-0.0202607848 -0.000378524215
-0.120148323 -0.00399856176
0.0522326417 -0.064917177
0.0152006047 -0.010051501
-0.0275877118 0.0714251101
0.0376070738 0.0648298189
-0.0391848646 -0.017107578
0.0338006914 -0.0330483951
0.0188077539 -0.04857013
-0.0430393405 0.0736318231
-0.0633374825 0.0261634942
-0.0661005527 -0.105981104
0.00890368409 0.00180932088
-0.0264861565 -0.0782074109
-0.0600984953 -0.0402497239
-0.00915229227 -0.00275617
-0.046039816 0.0212887637
0.0532635972 0.0585270487
0.0823548734 -0.0419010706
-0.0323088877 -0.00314175733
-0.00861006789 0.0107818889
-0.00918620359 -0.0268718582
0.019726513 -0.039845638
-0.0166854467 -0.0396014564
0.00104530505 -0.0654578432
0.120729484 -0.0563856736
-0.00325621665 -0.0145120965
0.0146006662 0.0195673127
0.0226548668 0.0708512664
-0.0944087058 -0.0583239011
-0.0664562583 -0.0014938981
-0.0581461936 0.0615797155
-0.105907038 0.0381381437
-0.00719067082 0.00724830525
-0.00310161198 -0.0348820314
-0.0121844253 0.00948968064
0.0134798847 -0.080081448
-0.0158804134 -0.003762929
0.00443205331 -0.0185001157
-0.0102848867 -0.0160486735
-0.0271570813 0.0403397977
0.043083854 -0.0511593148
0.0744552389 0.0746554732
-0.0736623853 -0.0329274572
-0.0393738635 -0.0115639484
0.058015883 0.0293357708
0.021833811 0.0451308601
0.0419784002 0.110535525
0.019387655 -0.0544286035
-0.00178626622 0.0380791202
0.0261072107 0.0621271506
-0.00790905394 -0.0052960054
0.0613392368 0.0286444183
0.069675006 -0.00449698372
0.00660939515 0.0263919383
-0.0899169147 -0.0378698744
-0.0111668725 0.0520444959
0.00613380456 0.00640806742
-0.0708812624 -0.0670145601
0.0851641521 0.0313511454
0.0432653613 0.0549005195
0.0203879196 0.0373622291
0.0572069883 0.0488058254
-0.0253706258 0.0153647745
-0.0851151645 -0.0665798634
-0.00150974561 0.0524064079
0.00694594951 0.0309025124
-0.0438698977 -0.0132903997
-0.0317928605 0.0653368309
0.0233967341 -0.0103900991
-0.0398898572 -0.0229018684
-0.0421705395 0.0346816108
0.00656835176 -0.00499330368
-0.0182917342 -0.00173423067
0.00772726815 -0.0833796263
-0.00875024777 0.0168091822
-0.0826362446 0.0275127981
0.0173439477 -0.100093655
0.0509119332 -0.0468503535
0.0138828512 -0.0570601709
0.0568650477 0.0202436093
-0.0407108292 0.0595848821
-0.0188557636 0.00277517829
0.0237539727 0.0326331295
0.0263577197 0.0295053162
0.0442254543 0.00512668258
-0.0044670417 0.0241492875
0.0187324956 0.0155042363
0.00782855321 -0.018206019
-0.0538131334 -0.0101313824
-0.020739004 0.0847318172
0.0569161288 0.0110479146
-0.00772511959 -0.0303542353
0.00890352111 0.0426959172
0.038749747 -0.0666977391
0.00182818715 -0.0239754692
0.0398093574 0.00989968795
0.0304475185 -0.0421816111
-0.0374895521 0.0408490524
-0.0173465051 0.0703946874
0.00657284539 -0.0269326791
-0.0118846446 -0.015469105
-0.0269311816 -0.00309636467
0.0147438757 -0.0334254727
0.0461581796 -0.0410104059
-0.024035234 -0.0607588626
-0.0358595438 -0.102223314
-0.101166449 0.0177444909
-0.00525013171 0.0247246213
0.0083411606 -0.000924115244
0.0220043138 0.0564593934
0.0179033447 -0.0385241695
-0.0296347626 0.0317537822
0.00107001921 0.0211066976
-0.000126750034 -0.0533669926
0.015284407 0.02505273
0.0276041366 0.00391707569
-0.0655171946 -0.0146717448
0.0202023853 0.067163229
0.0537413731 0.0264072437
0.0358741023 -0.0708922669
-0.0251999367 0.00831174385
0.00448973104 0.0258336049
-0.00314610964 0.0269138962
-0.0576820076 0.0258928873
-0.000551782025 -0.0428473242
-0.0416389704 -0.016476348
-0.0198923796 0.0393390618
0.0360618159 0.0797745883
0.0438757315 0.0156634953
0.0694125667 -0.0388548635
0.0449224599 0.0651582852
0.10196913 0.00640577357
0.0848850161 -0.0506166592
-0.045128081 0.0281511862
-0.0329005048 0.00847674906
0.06473656 0.000839209883
0.02790194 -0.0507804304
-0.00405579526 0.0188027024
-0.0294216573 -0.00451106764
-0.0557510629 0.0468685441
0.048405692 0.00108216959
0.00973451231 0.038437441
-0.0315221287 0.0345426761
0.0384139046 0.00718606822
0.00590979168 -0.041534543
0.0279298108 -0.0170260333
0.0267223828 0.0670658499
0.028365545 0.032314308
-0.0399776548 0.0565761775
-0.0550447181 0.023217367
-0.0317425616 -0.00805037376
-0.0300481077 -0.031542208
0.0323835537 -0.0313570276
-0.0147376554 -0.0317596719
0.0547120608 -0.0136185819
0.0785398781 0.0263158754
-0.10249491 -0.059568014
-0.0199247003 -0.01430362
-0.0236351341 -0.0343356505
0.0019257986 0.0796693414
0.00496092997 0.0982468277
-0.0718097985 -0.0560950004
-0.0080696037 -0.00438363571
0.037889313 0.0692085028
0.0615669116 0.0924296081
0.0308934301 -0.00622975221
0.008096884 -0.024011625
-0.0254039075 0.0630047321
-0.0273609199 0.0347839147
0.0050166063 -0.0499341302
-0.0662244484 -0.0708182976
-0.0349724516 0.0173649061
0.00991295278 0.0228314567
0.0147711271 0.085339278
-0.0312838778 0.0392168239
0.0191355385 -0.0097062774
0.0415336452 0.00500214286
-0.00235134619 -0.0179780535
0.00386219379 0.0722797289
0.05132531 0.0424405858
-0.0776243731 -0.018165566
-0.0844909027 0.00735074328
0.0531997196 0.0324275047
-0.0356779248 0.00653997529
-0.0305775013 -0.087795563
-0.0160838254 -0.000352489209
-0.0676574558 0.00872871466
-0.0054728454 -0.0827524811
-0.0302653257 0.0470675528
0.0105206612 0.0170247201
0.0434498899 -0.0570652634
0.0320432857 0.00123194547
0.0126688806 -0.0707215071
-0.0459240191 -0.0649507344
0.000584651192 0.00979183987
0.00153499132 0.0312765576
-0.0120669408 0.00784764905
-0.00293562654 -0.0668245181
0.0476598218 0.00834525004
0.0176566206 -0.0100793783
-0.0124830632 -0.0187434144
0.0849541053 -0.0114393467
0.00572727388 -0.0228097364
0.0434563681 0.0387754776
0.0651401207 0.00241070008
0.0274438262 -0.0588388704
-0.056322664 -0.0215122197
0.00280243414 0.0557422303
0.0393550657 0.0254896469
-0.0644537881 0.0234539825
0.00181548856 -0.0441763774
0.0475979857 -0.089952305
0.0305797011 -0.0301373005
0.0238396097 0.017062109
0.0318125673 0.0977294222
0.0192265976 0.0174969193
-0.0313115679 -0.000344966596
-0.000482291012 0.00750664296
0.000586649869 0.0712530166
-0.0146382777 0.116906077
-0.0438654423 -0.0393101498
-0.0455362312 -0.0429596528
0.0287495796 0.0218966957
0.0102011291 -0.0204214845
-0.0154946288 0.0699518993
0.0489553623 0.0414739586
0.023591442 0.0210135635
-0.0562726371 0.0546953119
0.0199137125 -0.0263772793
-0.0289698392 0.0343225487
-0.0590554364 0.0366970524
0.0331262611 0.0590173863
-0.0346501134 0.0874724686
0.0849014595 0.0515225679
0.159115002 0.0425007977
-0.00312679168 -0.0810973346
0.0303755738 -0.0469430983
-0.00605597068 0.0234996937
-0.0385683849 -0.0387891941
0.0973151848 -0.0604289062
0.0328700058 -0.0329587795
0.0140737249 0.0701772496
0.00371656008 -0.00191324484
-0.0556596778 0.009770656
-0.00043456335 0.0327889696
-0.00487556169 -0.0225785356
-0.0347469747 -0.0267187413
-0.0509250313 -0.0621228442
-0.0240212455 0.0157780405
-0.0389181599 0.0145669971
-0.0865533426 -0.0492249802
0.0342963189 -0.0399779156
0.0114639523 -0.00606939942
-0.0454380214 -0.0273790136
0.000532798294 -0.0498191491
0.0100074355 0.0131368376
0.0106811384 -0.00573659549
0.00648894068 -0.0583551005
-0.0321767144 -0.0675550327
0.0042895712 0.080434449
0.0732113272 0.101917863
-0.0231591519 -0.0347499102
-0.0113474857 -0.0148300305
0.021041967 -0.0288516395
-0.0288928412 0.0490648672
0.0190291349 -0.0348486491
0.00685121911 -0.0479847044
0.0102735776 -0.0346348025
0.023338668 -0.0928610191
0.0480147861 0.0568166748
-0.0769385621 0.030654572
-0.0766923651 0.0545574762
0.0708480403 0.0818253979
-0.0286834054 0.0184534807
-0.0370515138 0.0285160933
-0.0176101662 0.00809196569
-0.0382987894 0.0828329548
0.0758373812 -0.00719237374
0.0626118854 0.0287781954
0.0685841367 0.03542272
-0.0284577627 -0.0510370582
-0.0645010918 -0.0285822209
-0.00731574604 -0.0473438501
-0.0255975407 -0.0643199235
-0.0327201374 0.00831410661
-0.0240936484 -0.0539728031
0.00258949632 -0.0276908074
0.00454950053 -0.00366567518
0.0180041976 -0.0959089622
0.000256657077 -0.0536570884
-0.0199323073 -0.0153952539
-0.0173440538 -0.0141778635
-0.0240175091 0.0808476359
0.0578833297 0.0535982698
0.00544878235 0.0183406826
-0.0154026393 -0.108031549
0.0705583841 0.00484196516
0.0250216462 0.0171783101
-0.00370353204 -0.0755761564
0.065019682 0.0761439204
0.023132639 0.00258593424
-0.0383286774 0.000186486519
-0.0210837442 0.000831338519
0.0210887212 -0.0457793511
-0.000555232051 0.046470888
-0.00453922106 -0.0759618357
0.0132037979 -0.0397109687
-0.000245088682 0.0798593163
-0.0351774208 -0.0309389737
-0.0679973289 -0.0461613983
-0.063019 -0.0490477569
0.00755984848 -0.0383083709
0.0132747777 0.029420469
-0.0336163491 0.00657258229
-0.0222281013 -0.0738939717
-0.00755305262 0.0286156386
-0.0156669822 0.0426758751
0.0230984036 -0.0239277445
0.0215262305 -0.0557297766
-0.068748787 -0.0216580722
0.0604207851 0.0309262294
0.0362722389 0.00370038021
-0.154057264 -0.0135634877
-0.0227073077 0.070708774
-0.0213793349 0.000935998338
-0.0319383331 0.0079233218
-0.0261130203 0.00382152596
-0.015931854 -0.0654076785
0.0146693196 0.0356220566
-0.0789136812 -0.0196447577
-0.0255629104 -0.0845176876
0.029812729 -0.0124242371
-0.0408829339 0.0260974932
-0.00299385237 0.0286957771
0.0341095664 -0.0372226946
0.00784635916 -0.0116255451
-0.00632067397 -0.0586487278
-0.0179993827 -0.0478404649
-0.0551881678 0.0263542011
-0.00718570687 -0.017437771
0.0316229016 0.0346818194
0.0485692173 -0.0140968272
0.0322809033 0.0176624637
-0.0090959752 0.0401787572
0.0154570518 -0.0140709663
-0.0231355615 -0.0310136862
0.0398833267 -0.026519075
-0.0134223141 0.0560032576
0.00802488998 0.0544952974
0.0349753872 0.0142432135
-0.0947086364 0.0337117463
0.0305227451 -0.0461482033
-0.0183996949 0.0242637526
-0.0205683373 0.062767677
0.0633437037 -0.0129178697
-0.00638062507 -0.0147273494
-0.0558348745 -0.0569081195
0.0321956724 -0.0173945073
0.123881757 0.0213992745
0.00058179925 0.000657107914
0.026474325 -0.0154622803
0.0544824898 -0.027754724
-0.0198881142 0.0230580512
0.0600889623 0.00960398652
0.00865490176 -0.0323611833
0.00530277099 0.0725093484
-0.000421083416 0.0398783423
-0.00167892047 -0.000998583622
0.0442104861 -0.0250700135
-0.0486148521 0.00481033605
0.0110509796 0.0431570187
0.0606711879 0.025633648
-0.0404149629 0.0064405608
-0.0311081279 -0.0165453497
0.067094557 -0.0174430925
0.0107261632 -0.0282083116
0.00848145597 -0.0375854746
0.0653473735 -0.00884810183
-0.0164673682 0.0281822123
0.00291946437 0.047695633
0.0610081777 0.0140766026
-0.0208395384 0.0620012283
0.0331475027 0.0281485356
0.0514757223 -0.0246702153
0.00543601159 -0.0402390063
-0.0015940899 -0.0343039855
-0.0277343038 0.0192961209
0.00974512193 0.0238243639
0.0195715949 -0.027995307
-0.00052957522 -5.8893711e-05
0.0143437777 0.000363783009
-0.0406783894 -0.0108869104
-0.0710673407 0.0418759026
0.0539789759 -0.0601383224
-0.00840931013 -0.00103737949
-0.0733184963 0.0406752825
0.0601027235 -0.0155599853
0.0162617788 0.0519972108
-0.0275199208 0.00478824181
0.0287070051 0.0209935028
0.0209039468 -0.0485989042
0.0210900381 -0.0227933284
0.0338923931 0.0791922659
0.0294026621 0.0284368098
-0.0482044332 0.0448876061
-0.0399854556 0.00247132126
-0.0267613344 -0.011264164
-0.031945996 -0.0533600263
0.0295452438 -0.036084801
-0.00343182986 -0.0447996408
0.0666461885 0.00115081877
0.059401162 0.0402014107
-0.093657963 -0.0704414994
-0.0228165071 -0.0391963422
-0.0154654467 -0.0392282084
-0.0227644145 0.0801574364
-0.00941805076 0.0911615491
-0.0600425303 -0.0705740377
-0.000579646963 -0.00294612651
0.0359975323 0.0766917318
0.0482722744 0.074608773
0.0564180538 -0.000884114997
-0.00765200751 -0.0243362635
-0.0241433531 0.0353381224
0.0021230611 0.00882405043
-0.00643214537 -0.0374177471
0.0118884109 -0.0392937213
-0.00518658711 -0.0294615421
-0.0760260522 0.000716209412
0.0351156704 -0.0405262411
0.0585909411 0.0200387109
-0.0978932604 0.0709412396
-0.0890021026 0.00596016645
-0.0107204709 -0.0434270613
0.066435948 0.0727509409
0.0508263074 0.072654441
-0.0123546673 -0.0147229172
-0.000580799533 -0.0282868147
-0.0087909475 -0.0322864093
0.0678654537 -0.026129052
-0.000806752883 0.0269840471
-0.00790258124 0.0401280113
0.0552622266 0.014279441
0.0584200025 -0.0521486737
0.118482985 -0.0429585837
0.00631446391 0.0562479421
0.0149544924 -0.0323622078
0.0432865098 0.0133890053
-0.0309156757 0.0328726806
0.0198029373 -0.0128067685
-0.0248072986 0.0865011513
-0.0273591299 0.011163203
-0.0133992583 0.0136233065
-0.086796768 0.0383800417
0.0300282575 -0.018230645
0.0762672722 0.00464322791
0.00708957529 0.0410442203
0.0421600491 0.0222928617
0.0799326301 -0.0793130323
0.0446438156 0.0252039619
-0.00996403489 -0.00229168497
0.012616151 -0.00394969014
0.0457834713 0.0307994001
-0.0339526013 -0.0422967672
-0.0764719695 -0.0135340514
-0.064058058 -0.020113755
-0.00757163158 0.0194881633
0.0213590078 0.00773851434
-0.04950637 -0.00586622069
0.0191660635 0.0602479726
0.0318293311 0.0770767406
-0.0445415452 0.103719689
0.0115970867 -0.0148435654
-0.0639443323 0.000192938474
-0.0655229464 0.031277135
0.018566478 -0.042600777
0.0525506921 0.0420320481
0.0182142332 -0.00987520069
-0.0333748497 -0.0349509604
0.0212729182 0.0355932154
-0.0297058318 0.0443242043
0.0109548867 0.00715226494
0.0869770497 -0.0206799153
-0.0010505364 -0.0159474444
-0.0113209877 -0.0235080235
0.002594274 -0.00726858573
-0.0413597673 -0.0543436185
-0.00642929832 0.0226698983
0.0648708194 0.0276841428
-0.0302217491 -0.0255127735
-0.0367375202 0.0693923831
0.0129214739 -0.0369872712
0.000388197659 -0.0260405112
0.0237816442 0.0650893152
0.0308825374 -0.0603428334
0.0252074972 0.00271083554
-0.0361958742 0.100825973
-0.00693346467 0.0860234126
0.0020156051 -0.02300792
-0.0503220186 -0.0361678191
0.0482175164 -0.0387921445
-0.0540098473 -0.0542755872
-0.0557231531 0.0524750687
0.0867161974 0.0728752166
0.0201613903 0.0721832737
0.0318121165 0.0443169624
0.000567369338 0.0297553223
0.0058177826 0.0280454308
0.0127245532 -0.0429150872
-0.0714561343 0.0383753367
0.0101686902 -0.0145696905
0.0365435407 -0.0639329404
0.0127114244 -0.0295497589
-0.0274429731 0.00564803928
0.0207217224 0.0847594291
0.0319066942 -0.0185503215
-0.0141070336 -0.0829388052
0.0114917113 -0.0148185119
-0.0570091158 -0.0577171855
-0.0451094545 -0.0621253885
0.0187918674 0.0188521538
0.0431972817 0.00509877736
0.0496426001 -0.0269040801
-0.033996433 0.00961546879
0.0230193287 0.025128074
0.0134030674 0.00744911702
-0.0069204825 -0.0428757407
0.0551911891 -0.0211406611
-0.0415681452 -0.0183656644
-0.0140872849 0.020581441
0.0576633811 -0.0118649835
0.0023034818 -0.0419060364
0.0110805435 -0.0147785526
0.0511788204 -0.061070852
0.0170277674 -0.00548764039
-0.00317096314 -0.0123699168
0.0127772689 0.00345110451
-0.0572485738 0.0374671631
-0.0626669079 -0.0242353547
0.00162321993 0.0417996608
-0.0108270347 -0.0253057387
-0.0199458078 -0.0621968955
-0.00686838431 -0.014280064
-0.0403253138 -0.0251068491
-0.0559245646 -0.0286108535
-0.0238071065 -0.00390646514
-0.111989744 -0.0367506668
-0.0952150747 0.00146410789
0.00611929316 -0.0202722121
0.0310721267 -0.0105905794
0.0368653126 0.0814872906
0.00927328784 -0.00744422851
-0.0356379487 -0.0478884876
0.0108797038 -0.0123102078
-0.0028725923 -0.0257839002
0.0355709791 0.0441629589
0.0416484289 0.0225515459
-0.0993590802 -0.0247291774
-0.00611053174 0.0507794172
0.103731297 0.0132697588
-0.0647608414 0.0361167677
0.0654539838 0.0498263016
0.104473241 0.0029465484
0.012925785 0.038845446
-0.0237273164 0.0323802382
-0.0163365211 -0.0145004084
-0.0371822678 0.0514954589
-0.0336396992 -0.0154599389
0.0255441554 0.0107087241
-0.0110492138 0.00664383173
-0.0126840882 -0.0574832559
0.0517963432 -0.0950478539
0.00916613545 -0.0767577887
0.0128665529 -0.0277671274
0.0560130328 -0.0179401375
0.0550659485 0.0468764082
0.00643553445 -0.00217768946
0.00148890505 0.00138589053
-0.0327205546 0.027025722
-0.0167341791 0.051881738
-0.0225680117 0.0545336343
0.00159002561 -0.0536408797
0.00812563766 -0.00159853394
0.0228236001 -0.0214409474
0.022885371 -0.0507465303
-0.105176918 -0.00856675394
-0.0361709781 -0.0184635669
0.038495589 0.0686580688
0.0115338787 0.0192195196
0.0234751012 -0.0207097605
-0.0130406395 0.0289910417
0.0684411377 -0.0520091578
0.0195414033 -0.00347355031
-0.00244784588 0.105169959
0.00441904739 -0.0369503163
-0.07280536 -0.0654094741
0.00939395837 -0.0333219394
0.0411424786 -0.00980005879
-0.0649693087 0.0446077511
-0.0312052947 -0.0437541381
-0.00666259136 0.0644032285
-0.0247029681 -0.00201092754
0.0440936573 -0.0695473403
-0.0301372819 0.00684629194
0.0644336417 -0.0431480519
0.0522618033 0.0779117048
-0.0769878104 0.0670797601
-0.0320549086 0.021972077
-0.0332718939 0.00980813894
0.0292055067 -0.0534750633
0.0118951704 0.0321448185
-0.0236926936 -0.0695574284
0.0301166549 -0.0323280096
-0.0717140809 0.045212891
0.00212766766 -0.0280394834
-0.0216603037 0.00630866876
-0.00663259486 -0.0533814728
-0.111307755 -0.0441642739
-0.0661441982 -0.0725677088
0.0350147076 -0.0533103421
-0.030288307 -0.0737899393
-0.0062931166 0.00855799206
-0.0142591596 -0.00655109342
0.092462346 -0.0403144546
-0.0124734743 0.028779868
-0.0199243743 -0.0611698329
0.0777602792 -0.0964035243
-0.00705537759 0.0242978223
0.00644328212 -0.024096746
-0.0994820595 -0.02933532
-0.0851538852 0.0347385593
0.0160867162 0.0330411941
-0.00542040961 0.0261056609
0.029799249 -0.0741940811
-0.00376834162 -0.0408185609
0.082434386 0.0445400737
0.0013536351 -0.0298915748
0.0180833396 -0.00116056262
0.0290026423 -0.000617798709
-0.0186443944 -0.015803853
0.0542898327 -0.0126352878
-0.0335798301 -0.00594113022
-0.0383362472 -0.0568306707
0.00344114751 0.0434712507
-0.00925318059 0.0708609596
-0.0132972188 -0.034314286
0.0289323516 -0.027542375
-0.00356333889 0.0521636605
-0.0110211158 -0.0288693961
0.0474887751 -0.0841649026
0.0211852826 0.0348491147
-0.00927747972 0.0501634218
-0.0146009196 -0.0362811126
0.0523936711 -0.0873151496
-0.00361157558 -0.0917770192
-0.033833757 4.76813366e-05
0.0536906831 0.0202032197
-0.00601846725 0.00708781742
-0.00181685074 -0.0380927175
-0.012251487 0.00443112943
-0.0259080809 0.0960321501
0.0409757495 0.0308993924
0.01990477 0.113467984
0.0107303802 0.0443375632
0.00641516829 -0.0117810853
0.00848230347 0.0347479172
0.00845258962 0.0214163028
0.0173895378 0.0367640927
0.0663162544 0.0316854976
-0.0140776802 -0.0165041592
-0.0666790009 -0.0126283048
0.0340467766 0.055256281
0.035472732 -0.040916536
-0.0424692631 -0.0209097173
-0.0190158673 0.0899944678
0.00960083306 0.0261668134
0.00525223697 0.0301799551
-0.00905678421 -0.0550891683
-0.0319144502 -0.0405448265
0.0140110459 -0.0183899067
-0.0458715893 -0.0216527767
-0.0157189071 0.0685948655
0.0239492003 -0.0394343175
-0.0389706232 -0.0212678313
-0.0849308297 -0.0127345221
0.0546706207 -0.0288063902
0.0524029694 0.0363959782
-0.101718232 0.0621447824
-0.112984292 -0.00454623904
-0.00568666914 -0.0340666361
0.0609075315 0.0878990591
0.0475195758 0.0934530646
0.00533235632 -0.0409748591
0.00863571279 -0.0392970853
-0.0169810951 -0.0197365358
0.0688156039 -0.0280343574
-0.0170396734 0.0284210127
0.0152927497 0.0466346331
0.0412646048 0.0317857191
0.0384343304 -0.0431344509
0.119783171 -0.0620646924
0.0263846144 0.0522511713
0.0122329816 -0.0278320704
0.0437196195 0.0338001326
-0.0190520156 0.0520929769
-0.000619065017 0.00279065687
-0.0317725278 0.0743887052
-0.0232793353 -0.0141075207
-0.00369844772 0.00556469802
-0.0960613415 0.0152669977
-0.00406673178 0.00568572525
0.0738000646 0.0215967223
0.00493756915 0.0467385612
0.0437752791 0.0185999591
0.0242293719 0.0516948551
0.0323320106 0.0133011797
0.0295189582 0.0218227543
0.058738973 0.0219423771
0.0537075363 -0.0260784402
0.0510428138 0.052224867
-0.0340656452 -0.0122717759
0.0187863521 -0.0374439918
0.0543886535 0.0480498336
-0.064277485 -0.0478505082
-0.0519890971 -0.006563765
0.0100368466 0.0139544532
0.00208685058 -0.0111466115
0.00675918628 -0.056879472
-0.0203465018 -0.0586150885
0.0375140123 0.0112987058
-0.0175438467 0.0509780012
-0.04386352 0.00458707521
-0.0302140843 0.0607090108
0.00816384703 0.0820592195
-0.0249596518 -0.0655304641
-0.163688779 -0.0344145745
-0.0565043874 0.0412596874
-0.0262875687 -0.00225961744
0.00147596875 0.0759206638
0.0452317037 0.0680374131
-0.0447080098 -0.0486693867
0.058349099 -0.0786741748
-0.0181545373 -0.0640843064
-0.0267760642 -0.018056117
-0.0227417704 -0.0473839082
-0.0847277045 -0.0093417149
-0.0467632078 0.0400747061
0.0505115874 -0.0171815567
0.0660816506 -0.0120045571
-0.0717275888 -0.0140518248
-0.0350450799 -0.0265379157
-0.0313769914 -0.00311742001
-0.0156279877 0.000789478014
0.070684433 0.0536090583
-0.0107482783 0.100850694
-0.00430118199 0.0432831757
0.0118230712 -0.015676165
0.000543225964 -0.0209272075
0.014069722 0.0336556025
0.0214704201 -0.0153481672
0.0256115403 0.00715068681
0.0153103285 -0.0354242958
-0.04811332 -0.0234204605
-0.0380969569 0.013190316
-0.0170068033 0.0125758247
-0.0480881669 0.0203753673
0.0906585678 -0.0206759647
-0.00036447437 0.0211032908
-0.0560635142 -0.00681943586
-0.0105584376 -0.0686394274
-0.014876836 0.0701262951
0.0242182147 0.0465539359
-0.0906198248 -0.00615597749
-0.0299981851 -0.0294571593
-0.0307311937 -0.0143839661
-0.01419558 -0.00144398096
0.025932122 -0.0112109557
0.0461418368 0.037450362
0.115367271 0.106666707
0.00561744627 0.0810894668
0.0388403609 -0.0554523095
-0.0118617732 0.0440798104
-0.0343509354 0.0831338316
0.0178502854 -0.00295772916
-0.028987309 0.0469500571
-0.0570275262 0.0148974899
-0.0224374328 -0.00807816349
-0.00804955699 -0.00434492156
0.0114925485 0.0308813676
0.0146315861 0.0277368929
-0.0253694225 -0.0421754085
0.0166455116 0.00339811854
0.0261925496 -0.0329989307
0.037631657 -0.0309303086
0.0125036929 -0.0653109848
-0.0749261081 -0.023867311
0.0280281752 0.0276207104
0.0399928764 0.00343124662
0.0272067059 -0.0216886885
0.0218652561 -0.0476100184
0.0172745697 0.0482112579
0.0720734298 0.0531984344
-0.0384897217 -0.0245154481
-0.0305358153 -0.0590778962
0.0332330763 -0.00154521258
-0.0416995846 -0.00315553113
-0.00907408632 -0.0178091303
0.0465719551 0.0196702424
0.0411206745 -0.011483781
0.00200522784 0.0325475112
0.0318442807 0.000199152215
0.0317529142 -0.0504843555
0.0391653292 0.0350809842
0.0792960823 -0.00556498952
-0.0124202017 -0.0835367888
-0.0133780511 -0.0123244189
0.017503947 0.0570875295
-0.0269313846 -0.00713031366
-0.00463009486 0.0135469986
-0.0178448278 0.0687533543
-0.0549254455 -0.0138731841
-0.0371444188 -0.00853093807
0.0333805159 0.00791329052
0.0374206118 -0.0330295675
0.0336354747 -0.02136245
0.033517655 0.0507301763
0.00206795358 -0.0191070251
0.0298899245 0.00377734681
-0.0176299997 0.0457935967
-0.00898337364 -0.00362123176
0.0132893408 0.00363927544
-0.0441437103 0.0347169526
0.0371261574 -0.0163447279
0.00327472761 -0.0679639131
0.00796398707 0.0326023996
0.000533223036 0.0340228975
-0.0437867008 -0.00118883711
0.110901505 0.0485530868
0.0019343493 -0.0398045965
-0.061890021 -0.037025705
-0.0246487968 -0.03251886
-0.0289522614 0.0657304227
0.0251233652 0.0358296409
-0.0178043824 -0.0113941869
-0.037266165 0.0443500094
-0.0277494099 -0.0223293174
-0.0555329435 -0.0179698672
-0.0459745228 -0.0424441174
-0.00933989137 -0.0553538017
-0.0199567117 0.0380233414
0.00331526692 -0.0447149426
0.0476860739 0.00245167781
0.00190540054 0.0290268492
-0.0103615588 -0.0394279808
0.0989456773 -0.0315558501
0.0357322395 0.0179443471
-0.0674495921 0.0186756533
-0.0590005033 -0.0237921756
-0.0269514006 -0.0255601667
-0.0455389321 -0.0429071039
0.0309972372 0.0804968774
0.00496195909 0.00260713603
-0.111981489 -0.0308504552
-0.112749889 0.0279552136
-0.0165969115 -0.0473563671
0.0541065 0.0201819446
0.0186177529 -0.0771883354
-0.0709608719 -0.0932648405
0.0290908124 0.0308521353
0.0667950884 -0.0364708155
0.00777301751 -0.0259413384
-0.102460951 -0.0163653437
-0.0114690429 -0.0679576322
0.0945062786 -0.0583256409
0.0290128384 -0.0700920746
0.0314708054 -0.0455593392
-0.0462161079 0.0135784466
0.00342335482 0.021113012
0.0446591638 -0.019584408
-0.0153128142 -0.056942638
0.135145396 0.0238608755
0.0506500117 0.0671050251
-0.0532239787 -0.0103092017
-0.00778148277 -0.0415397286
0.0485478602 -0.0301770065
-0.0231488384 -0.00466713589
0.00830803625 0.0074230358
0.0664871037 -0.0103540309
-0.108818568 -0.0485615022
-0.0326342024 -0.0369161889
-0.0106905494 0.0220431127
-0.0650622919 -0.0222093277
0.0476649292 0.00944676064
-0.0174412895 0.0734514594
0.0123815993 0.00790720433
-0.021048639 0.0638638511
-0.04382433 0.00968772545
-0.00233343337 -0.0141641311
0.00974964164 -0.0532750748
0.0424532406 -0.00877696183
-0.040747568 0.00288037816
-0.0254820865 -0.0142199211
-0.029214358 0.0483447835
-0.0814047307 0.00745172892
-0.0114380755 -0.0252671484
-0.0159886889 -0.0395941399
0.0198118743 -0.0208606031
0.0709933043 0.0516406447
-0.0171034448 -0.092018567
-0.0249047633 0.043026261
0.0365502983 0.0800910369
-0.0141327512 -0.0426011086
0.0423595123 0.0330935307
0.0586704202 -0.0552047044
-0.0115751987 -0.0320992097
-0.00842953753 0.0207535774
0.0152899493 0.0100908484
0.0762233064 -0.0160669815
0.0180735029 -0.0525966063
0.00644847192 0.0264599808
0.0656577721 -0.0138160838
0.0198498387 -0.0909643099
0.030596057 0.0439254232
-0.0240655169 0.0367444791
-0.0930663645 -0.043928314
-0.06144844 -0.0261967629
-0.0110253571 -0.0142226098
-0.00248175184 0.0131632285
-0.0280501433 0.0347376019
-0.0656870082 -0.0157234482
0.0425494201 0.0548544712
0.0268729143 0.063439481
-0.0510448366 -0.0333828628
0.0434707589 -0.00723479362
0.00629061833 -0.0647969991
0.0189537518 0.010334014
-0.0377882048 0.0521760099
-0.0459884293 -0.03301863
0.0417645574 0.0536102168
-0.0365051143 -0.0076487367
-0.0212284513 0.00863385759
-0.00610916503 -0.0239048731
0.0528174117 -0.097006321
0.040787261 -0.0207223967
0.0044014398 0.0211716648
0.00620017527 0.0596303791
-0.00765990047 0.0118562737
0.0496428683 -0.0340023525
0.00794787053 -0.0434895977
-0.0225327387 -0.0453581698
0.0395147018 0.0168593135
-0.0347243696 -0.0131755341
-0.0405187197 0.0189279336
0.0394872874 0.0303343367
-0.0575004444 0.0566267446
0.0178268794 0.0564429462
0.0745506659 0.0593288355
-0.0307435561 0.0427795537
0.0357001536 -0.0723167509
-0.0663781241 -0.00171041
-0.0458552986 0.0114147468
0.0875077024 -0.0556982644
0.0148522789 -0.0301857479
-0.0160478316 0.0134956446
0.00124392868 0.0308475699
0.11070846 0.0499557368
0.0515675172 0.0663271099
0.0617617406 0.0735518858
0.0120274546 -0.0197093915
-0.0321620405 -0.0547667444
0.0372477621 0.0493421592
0.0370650105 0.019181408
0.0262776036 0.0367692225
0.047128614 0.0292594302
0.0648216084 -0.0294586867
0.0701366365 0.057875786
-0.0301829297 -0.0278527904
-0.0197537933 -0.0409011059
0.0493966937 0.063560836
-0.0251909792 -0.0536282323
-0.0220215432 -0.0196423046
-0.00414650654 0.0204509571
-0.00707587786 -0.010717513
0.018219376 -0.0435512811
0.00119575055 -0.0607966669
0.0202281941 0.0226218011
0.00135780789 0.0462796204
-0.0242243614 0.00251910789
-0.0155582251 0.0425662845
0.0117803905 0.0953308567
-0.0193154104 -0.0531577468
-0.130796939 -0.00754233543
-0.0271369237 0.040513441
-0.0403459817 -0.0171953272
-0.0174335632 0.0737928972
0.0421449952 0.0662887767
-0.0460018218 -0.0505661145
0.0579963662 -0.0763174966
-0.000869922398 -0.05264486
-0.00693548564 0.0137954168
-0.0035020099 -0.0289985538
-0.0701326504 -0.0277531389
0.0858044401 0.0313442945
-0.0596199222 0.0201136563
-0.0387934148 -0.0676191524
0.00280264835 -0.0198402852
-0.104930796 -0.00215180684
-0.00464090519 -0.0611621104
-0.0135832876 -0.0945298672
0.00128363888 -0.036313355
-0.0268241297 -0.0237765014
0.0193528701 0.010939369
0.092869401 0.0109927999
0.0061936588 0.0169921368
0.0668524951 -0.00155813422
-0.0344921649 -0.0351704322
-0.0358602852 -0.00811382849
-0.0431222171 0.0240896493
-0.0175291393 0.0679986924
0.00273682503 0.0627975836
-0.0202920679 0.0429842956
0.00629547425 0.0268425029
-0.0440021306 0.0215746667
0.0274818949 -0.0062885657
0.0140183913 -0.0523267537
0.0438791774 0.0202430505
0.0349120274 0.0619770214
-0.00997593068 -0.0315632485
-0.00903263502 -0.0134616392
0.0014097211 0.0263103731
0.0515316576 -0.0296966378
-0.0288645439 -0.0625999868
0.053852886 -0.0673606694
0.0310402345 0.0774702057
0.000626642664 0.12653318
0.0714766234 0.00107135822
-0.0386889093 -0.0308812615
0.0513173565 -0.0214807726
0.0464119874 0.04101751
-0.0320139639 0.0430880599
0.00468398444 -0.0189412087
0.0125529785 0.087191999
-0.0463204868 -0.00708341692
-0.0767162889 -0.0537991412
0.0311866254 0.0878553391
0.0308520831 -0.00342935929
0.0397355817 0.0109742275
-0.000433138019 0.0634598583
0.0123633351 0.00933920499
0.0446699746 0.0442692935
0.00438825879 0.0469772927
0.0971500054 -0.00412466517
-0.0242528804 -0.0511594824
-0.0298913978 0.0104521075
0.0577824861 0.0945350006
0.0375577696 0.0209713429
0.000725412334 -0.0246935003
-0.018475214 -0.017637331
0.0329423621 0.043179106
0.0207689013 0.0062527922
-0.0223297942 -0.0311479606
-0.0686594322 0.0527231805
0.0343390927 0.0135309752
0.0143840462 0.0190684535
-0.0880692825 0.0927786678
-0.0177204702 0.00423202571
-0.0429674834 0.0422876775
-0.0397349708 0.0571853667
-0.0281070638 -0.0507724918
0.0138205076 0.002904427
-0.0411042087 0.0204862878
-0.0496004336 -0.00114243792
0.0550470725 0.0115912352
0.0231713336 -0.0257967282
-0.0308273751 -0.00431974139
0.0340464897 0.0453902632
-0.0657147169 0.0275501516
-0.0735212415 -0.0361436233
0.0139366081 -0.0398839116
-0.116234474 -0.04674327
-0.0218981709 -0.00579819409
0.0389377773 0.0750398189
-0.0176696479 -0.00286752614
0.0822865963 0.00666963821
-0.00605030125 0.0202154629
0.0132959047 -0.0362659879
0.0778587833 -0.000957828423
0.0116224168 0.0114626782
-0.0165617559 -0.0452448949
-0.0476589352 0.0306044314
0.00495808572 -0.000185433135
-0.0131974155 -0.0201882832
0.0544311814 0.0360168219
0.0338670425 0.0162585862
-0.00580601813 -0.000744367659
0.0175132714 -0.0481631756
0.0129578328 -0.0471999906
0.00825291779 0.0371438079
-0.0614549257 0.0288866889
0.0112979617 -0.0444898605
0.0835012645 -0.0121867908
0.0284401532 -0.0278764479
-0.0379004702 -0.0735112131
-0.069342874 -0.0165952612
-0.0179219767 -0.00534222461
0.0252728909 -0.0405833647
0.0323560759 -0.0715407878
0.0731241405 0.0126124974
0.0173774455 0.0304981302
-0.0775523335 0.102360502
-0.00330593437 0.085566923
-0.0390968919 -0.0892131403
-0.00691464869 0.00671760645
0.120441295 -0.00265521859
0.0155415656 -0.055808451
-0.0360469595 0.0184348095
0.00284851226 0.0127574243
0.0561254434 -0.0166236702
0.0440228097 0.0131792286
0.0086967377 0.0145359449
-0.0895836875 -0.0623141415
-0.016851915 -0.0358534269
0.00732012326 0.0557193272
-0.0424767472 -0.00215959665
0.0749832019 0.0456901751
-0.0177249946 -0.00605997629
0.0336008072 0.000802875555
0.0536000095 0.0712851435
-0.0514229536 0.0383931398
-0.0303337965 0.0150282746
-0.0237046573 -0.0398982987
0.0339743793 0.0101540517
0.0222753249 -0.0433875769
-0.0221931785 -0.0724279732
0.0420307554 -0.00857638475
-0.0102469781 -0.0319001377
-0.0143140741 -0.04866473
-0.0229935627 -0.0856755972
0.00329891569 0.0104407398
0.0100577287 -0.00707507739
0.0253913086 -0.0561598539
0.00531385327 -0.0150233144
-0.107932352 -0.0715714917
-0.00796241593 -0.0667558312
0.0852776021 -0.0682503879
0.00624756981 0.0080038812
0.0039788885 0.0303033125
-0.0645553917 -0.0222787242
-0.028910527 0.00138514303
0.0367428698 -0.0307059269
-0.0274724364 0.0426862314
-0.0257802568 0.0456778668
-0.0747769251 0.0263237935
0.00755456742 0.00535059161
0.00314740487 -0.0577350892
-0.0550058968 0.0292154886
-0.00290988619 0.0718321949
-0.0244641751 0.0117926132
0.0624797009 0.0331888758
-0.0206370819 0.0199193656
-0.0179019738 0.0147415567
-0.0166196544 -0.0166308191
-0.0519352965 -0.0563510843
-0.00353611959 -0.0163388196
-0.0678187609 -0.0188234057
0.0534688197 0.0174687486
0.0525423698 0.066751197
-0.0141250761 -0.0409015007
0.0378711857 -0.0106018633
0.00617350591 0.0042034979
0.0534648895 -0.0579611585
-0.0253188536 -0.0443243198
-0.0538864844 -0.0176291578
-0.0426565595 0.0591648482
-0.00817919523 0.0814995691
0.0179740842 0.0252897926
-0.0720513612 0.0368647948
-0.0363751464 0.0477812476
0.0372625515 -0.0290692206
0.0508886389 0.0170500185
-0.00262431614 0.0765041262
0.013465262 -0.0726219937
0.0347472206 -0.0602954775
0.0273361001 -0.0472384468
-0.0365018956 -0.0059726662
-0.0448013023 0.0144678792
0.0150764612 -0.059600465
-0.0426410809 0.0309046246
-0.0291638579 0.0132656153
-0.000346672867 0.0557748787
0.0691173375 0.0912539512
0.0779158697 -0.0757546276
-0.0471802168 -0.0212737992
0.0764128864 0.0273866691
0.0484954715 -0.0658881292
0.0295220129 -0.00586946215
0.0224449113 0.0640582964
-0.0372890271 -0.0246977601
0.0329251066 -0.0201116987
-0.015935516 0.0287299249
0.0505529903 -0.0102413483
0.0789261833 -0.0608525164
-0.0946746692 -0.0383445658
-0.0400708504 0.0335412323
0.0143391388 -0.0192411244
-0.000181767318 0.0296832249
-0.038312234 0.0631637648
-0.0466485061 -0.0254010186
0.0342031121 -0.0259561129
-0.0216896161 -0.0462133847
0.0200739224 -0.0547070839
0.0928434134 0.00616744626
0.00931619946 0.0720889121
-0.00832954422 0.0656928122
-0.0324299783 -0.0457034782
-0.0010648201 -0.0413158797
-0.0317661464 -0.0165728778
-0.125239909 -0.0552566871
-0.0183274802 0.0492478646
0.0884407908 0.00224795751
0.00376269268 -0.0759205967
-0.0320419036 -0.042147588
0.0190439653 -0.0765738934
-0.0489166752 -0.0146881556
-0.032225959 0.0171810742
-0.035802938 0.00758722425
-0.0420840494 0.00371324876
0.0365104191 -0.000371619157
-0.0470008105 -0.0131172827
-0.0549133085 0.0186372343
0.0513637029 0.0455050804
-0.0423039533 0.00167380297
-0.0267222933 0.0151429484
0.04415714 -0.0622486174
0.0241235718 -0.025724262
0.0713499263 0.0480649285
0.019016942 -0.052907303
0.00991600193 -0.0101852091
0.00813822169 0.0352335721
0.0159568898 -0.0112901703
0.0201700646 0.00596628664
-0.0488020666 0.00838695653
0.000815662497 0.0265804324
-0.0101287747 0.0339273065
-0.0323875025 0.00309919612
0.06286937 -0.029900942
-0.0169895999 0.056068074
-0.0349773131 0.0417175964
0.000181401527 -0.0175402891
0.00860940572 -0.0110009965
-0.0199044701 -0.0107644694
0.0583425947 -0.000369448768
0.0659653991 -0.0269231759
0.00822745357 -0.00716196373
0.00607918203 -0.0240093637
0.022418106 0.0211471394
-0.0562528297 0.0476635993
-0.0339497626 -0.0557499379
0.0812542886 0.0378164314
-0.066919826 0.00434736349
-0.0149096278 -0.069285132
0.0257242024 -0.000821748981
-0.107956 -0.0339248963
0.00600764761 -0.0363595635
0.00430474011 -0.0906791613
0.0146429129 -0.0495644361
-0.00954358187 0.00753066549
0.0310309716 0.00487131812
0.095761776 0.0188837666
0.00159437337 0.0064976085
0.0439962037 0.00934594683
-0.0336772911 -0.0378730632
-0.0432020053 0.02523873
-0.0385197215 0.0480976738
-0.0417768471 0.073555477
-0.0151638025 0.0738907829
-0.0466175079 0.0368695669
-0.00699044485 0.0462526195
-0.0405724421 0.0277303793
0.0301546305 0.0212237183
-0.00603529206 -0.0474955626
0.0293281171 0.0251096096
0.0211883038 0.067818284
0.000578277686 -0.0111472309
0.00449488172 -0.00269516045
-0.0158063751 0.0221939664
0.058065936 -0.0164054949
-0.0365409516 -0.078638494
0.0744318143 -0.0522080511
0.019900091 0.0687458739
0.00648952043 0.00411283365
0.000918503036 0.0135776764
-0.00064875622 0.00659792125
-0.00889412034 0.00395623548
0.00807492994 -0.00496371416
-0.00604054658 -0.0137817226
-0.00238846196 0.014805017
-0.00779456738 -0.00339111849
0.00781405158 -0.00715493271
0.000206283818 0.00871991087
0.00678380951 -0.00845424365
0.00315616676 -0.0127818407
-0.0107440613 -0.00471131504
-0.0116840135 0.00022503997
0.00910775736 0.00270528975
0.00168675103 0.00529377721
0.000977973454 0.0097385915
0.00915186573 -0.00101387675
0.00388390035 0.00382738258
0.0103652133 -0.000986228813
-0.00569689553 -0.00552151352
0.00937364995 0.00401921058
-0.0137285171 0.00431816513
0.0197057817 0.0176673941
-0.00541528128 0.0064105927
-0.00615087291 -0.00604978716
0.00652967207 0.00601155683
0.0165096186 -0.00245092041
-0.00123851048 0.015699368
0.0114745684 -0.0162775256
-0.0107740406 -0.00556772528
-0.00120587053 -0.00583082065
0.000241999733 0.0016331278
-0.00105012232 -0.000732138462
-0.0076944218 -0.0145826796
-0.000210774015 -0.0174231958
-0.00521274144 0.00238517486
-0.00309148338 0.0146629484
0.00553111406 0.0143129416
-0.0107506551 -0.00306069572
-0.0153475534 0.00531262532
-0.010900734 -0.00754522858
-0.00141389249 -0.0133473873
-0.00621005706 0.0124324644
0.0106394105 0.00674215332
0.00804938469 -0.00288976124
0.00860952679 -0.00327703031
0.00601416407 0.00918164756
-0.00787389372 0.00378203578
0.00808640104 -0.002886303
0.0064188526 0.00308878138
0.0148377474 0.000112082118
0.00682201283 -0.00352737121
0.0162230358 -0.0066862544
-0.00825310778 0.00957606547
0.00165734044 -0.00402379641
-0.00899530295 -0.0105890576
-0.0126683004 0.018119907
-0.00409393059 0.0125791114
-0.00292155799 0.00561969401
-0.00107132166 -5.95318124e-05
0.00440996699 0.00235018414
0.0210218467 -0.013711812
-0.00154835044 0.000387020409
0.00702882698 0.00304645719
0.00981417671 -0.00154696382
0.00590392202 0.00459695468
0.000348892325 -0.00682639424
-0.00645154295 0.00233931467
0.00960557349 -0.014660663
0.0124082528 5.21394431e-05
-0.0102733541 -0.00526971044
-0.00529547967 -0.0121730426
-0.00753515447 -0.00326584629
0.00286562159 0.000591815449
0.0135962116 -0.0054397257
-0.0124687646 0.00942458492
-0.011873628 -0.00612448901
0.00611910317 0.00927340891
-0.003711937 0.00738974568
-0.0104140937 -0.00528450357
-0.0237045847 0.0142966164
-0.0116107175 -0.0125198886
-0.00517886085 0.0055015604
0.00220179511 0.000964834995
0.00455633597 0.00760136358
0.000536055595 -0.0146146389
0.00637370767 -0.0110874288
-0.00615579216 -0.00757978996
-0.00135346025 0.000478077913
0.00226278626 0.00105272268
0.00973751396 0.000358584948
-0.00113902194 -0.00224359473
0.00314361742 -0.0065368996
-0.00389920454 -0.0128337359
0.00903575029 -0.00394221675
-0.0066134301 0.00524535077
0.00104566466 0.00984614249
-0.0186500587 -0.00459896168
0.00727262767 0.0103472378
-0.01921851 -0.0127019612
-0.028252935 0.00759854214
-1.5501435e-05 -0.0102176629
-0.020084206 0.00248092297
-0.0114214029 -0.00896784104
0.0112671219 -0.00912266783
0.00489309616 -0.00507619372
-0.0103872344 0.0136351651
-0.00359609281 -0.00622822484
-0.00913853012 0.00602134969
-0.00485690078 0.00158225582
-0.0148716355 0.00296170032
0.00155164895 0.00309139048
0.0094395401 0.0061177453
0.00572052132 -0.011296723
-0.00049092609 0.000530542864
0.00797835644 0.00346483197
-0.000431766151 -0.00542857405
0.00128564495 0.0035144866
0.00235107751 -0.00957174599
-0.00034022695 0.00701543689
0.00308536156 -0.00653153192
-0.0102454005 -0.0025981341
-0.00171971112 0.00763767911
-0.00820495561 0.0103362594
0.0132377129 -0.00517714862
-0.000918858103 -0.00594818313
0.00383248972 0.00955129694
0.0184023343 -0.0271070004
-0.0205119122 0.0126647614
0.0119373035 0.0125130406
-0.00852377713 -0.0100941537
-0.00806494989 0.0113590034
-0.0118949944 0.00343940733
0.00351998629 0.00450751325
0.0242675785 -0.0216400642
-0.00674051279 -0.00464000925
0.000311507873 -0.00172308879
-0.00703684846 -0.00387832685
0.000826756412 -0.00357620185
-0.0131969778 -0.00279352628
-0.0054090186 -0.0272290222
0.00263774605 -0.00177220709
-0.023951849 -0.00684447354
0.00496106688 -0.000682041398
0.0204146579 -0.00433370983
-0.00197202316 1.62675369e-05
-0.00552102271 0.00268124812
-0.00663521001 0.016850099
0.00447792141 -0.00768920593
-0.000986031257 0.0161144082
0.00731043471 -0.00211240584
0.00331036327 -0.00838424638
-0.00704420963 -0.0138492081
0.0040181689 0.0083479071
-0.00753977895 -0.0145162893
0.0013524642 0.00874845684
-0.00177237671 0.00330567057
0.00237580086 -0.00531758694
-0.0117907366 -0.00654423982
-0.00205792347 0.00461307913
0.00671642693 0.00164637505
-0.00218601944 0.00704898406
-0.0122543657 -0.000252328289
-0.00325374911 -0.00492524635
0.00929177459 0.00535419583
0.0067890496 -0.0112169264
0.00902951602 0.0082911225
-0.013889824 0.000202369556
-0.00221160846 -0.0106761642
-0.00890471693 -0.00988962501
-0.00856362097 -0.00329521811
0.00293738372 -0.0172389522
-0.0116236946 0.0129791284
0.000238400316 0.0092369644
-0.0034405163 -0.0105144586
0.0189848412 -0.000557787076
6.61150352e-06 0.0161826815
0.00343877124 0.00394871831
0.00728743477 -0.00947537087
-0.00174036983 -0.0206342936
0.0124028558 -0.0152949123
0.00198500673 0.0114493417
0.0243646167 0.00375738554
0.00239192974 -0.0124444542
0.0063929786 0.00696938764
-0.0167402141 -0.003992185
-0.00168594182 -0.00644353125
-0.00566759799 -0.00517582893
0.0284015872 -0.00353389583
0.00367885595 0.0161385499
0.0115970904 -0.00868247356
-0.0125558656 -0.00427809684
-0.00974401925 0.0124662416
-0.00162400177 0.0143890334
-0.00121658109 -0.00945575628
-0.00162903359 0.0197882112
0.000249900739 0.0106038162
-0.00566758541 -0.0144632971
-0.00623774296 0.0171454269
