1.88691902e-05 0.00332031352
0.00455284864 0.0241046958
-0.00425066845 0.0186135396
-0.0136139793 -0.0127137266
-0.00698343571 0.0018751641
-0.0151318358 -0.0129091339
0.000857055653 0.00889629871
0.0206709187 -0.0131240115
-0.00768857775 0.0140877711
-0.00958257262 0.00584823918
0.00733032729 0.0149826109
0.00550379325 -0.00215133978
0.00194570387 -0.0223116931
-0.0147026284 0.0268548261
-0.000403149432 -0.00265432755
0.0102746813 0.0213096347
-0.0207443424 0.00619242666
-0.00723342923 0.0101883924
-0.0297754519 0.0274153482
-0.0198963806 0.00475625368
-0.0287687648 0.0207782369
-0.00301815616 -0.0228532702
-0.0197948385 0.0128320307
0.00426394679 -0.00359137543
0.00246390374 -0.00198474806
-0.00287006563 4.56821545e-05
-0.0387542248 0.00408110628
-0.00910049677 0.0251313224
0.000233318453 -0.0284426808
0.00171289803 0.000736940536
-0.0230501685 -0.0118465591
-0.00800303183 0.0175906401
-0.0147430412 -0.0070740222
-0.0126801543 0.00649830606
0.0165131781 -0.00541317882
-0.0128152641 0.00970596634
-0.00118581962 0.0155287394
0.0138282645 -0.00547364913
-0.00897714403 0.000334648328
-0.00066910201 -0.021843778
0.00146249938 0.00476199202
0.000316540769 0.0131667843
-0.0183271393 -0.00947607681
0.000259861292 0.0172228031
0.0225288346 -0.0306310486
-0.0221279059 -0.0296640117
0.0143624051 -0.0205164477
0.00225638016 -0.00731831416
-0.00983919296 -0.000294163474
0.0307014138 0.000636482029
0.0117333233 -0.000310203963
-0.0190539304 0.00992655102
0.00160248147 -0.0071541667
0.010086799 -0.0187659394
-0.0016259969 -0.0192281939
0.00826565269 0.0330386385
0.00145957898 -0.0360637642
0.0103988461 -0.00198273268
0.0204191152 0.02387527
-0.0108731128 0.00664513605
0.00404354883 -0.0124607747
-0.0070892307 -0.000498056354
0.000939230667 0.0133616077
-0.0195871592 0.0170698278
-0.00777611835 -0.0144495489
-0.00392932259 0.0113876974
0.013427495 0.00497575104
0.0161158033 0.018325828
-0.0220084861 0.0195610579
-0.0116999 -0.00627793325
0.0117939087 -0.0213018097
-0.0309739392 0.00338920159
-0.00948152784 0.026518181
-0.00242710696 0.0103403954
0.0188816041 0.0052644494
0.00714498432 0.037645407
-0.00351157552 -0.0163509436
-0.00693519134 0.0132556511
-0.00298388884 -0.0090766158
0.023185825 0.00301980623
-0.00666859141 0.000724887941
-0.00694071688 0.0226559006
0.00682330364 -0.0137414671
-0.00100832724 -0.00835347455
-0.000495761109 -0.0246158056
-0.0177737847 0.00565318763
0.000564681774 -0.00700827781
-0.00745502813 0.00571059762
0.0195572991 -0.0144388899
0.0105588455 -0.00438775169
-0.00212458335 0.0157981049
0.0104863439 -0.00151468127
-0.00626119925 0.00894818641
0.015110583 0.00988908019
0.00054125418 -0.00539080752
0.0116705941 -0.0227215029
-0.0214401949 0.0126828328
0.00496909907 0.00323143974
-0.0275176484 0.0118667278
-0.0272480622 -0.0344284475
-0.00152844738 -0.0257607065
-0.00963469036 -0.0343214832
0.00417584693 -0.0130303288
0.0321425945 0.0201954897
-0.0137589639 0.00698726531
-0.00942394231 -0.00174934522
0.00286292331 0.00240476197
0.00596925011 0.012559332
-0.00206968212 -0.00495158276
-0.00394075084 0.00559972459
0.0103880698 0.00357732619
0.0124564795 -0.0321531072
-0.0148971528 -0.00801957212
-0.00408381457 0.0204738621
0.00138268073 -0.00593726477
-0.0157051012 -0.00444810651
0.0052659763 -0.00864904188
-0.0119610103 -0.00924027804
0.0122664394 0.0192122608
0.00352342357 -0.0036381511
0.00365511933 -0.0153049026
-0.00190533767 -0.0485409126
-0.000488693593 -0.00895773713
-0.0257582758 -0.0344336182
-0.0129135307 -0.0302817132
0.00363651733 0.0129043283
-0.0339344591 0.00571220834
0.0173934046 -0.0270357598
-0.0284965932 0.00871013943
0.0103516011 0.00878783036
-0.0108949719 -0.0139266811
0.00999167096 0.0130319912
0.00600645319 -0.0243002996
-0.0202580784 -0.0220595673
0.0225171614 -0.0186486878
0.0246230494 -0.0131688798
-0.00323437876 0.0131231537
-0.000719294068 -0.0208710302
0.000559309323 -0.0178203043
-0.0122626219 -0.0169252511
0.0160904396 0.00583495339
-0.00730590755 -0.00656645466
-0.003066662 0.012890867
-0.0100763878 -0.0128683373
-0.00597674446 -0.0211585965
-0.0179206505 -0.011079981
0.0188781079 0.00396237569
0.000245573494 -0.014519738
0.0138133466 0.00680978689
-0.00485109491 0.0273580737
-0.00881991256 -0.0108199222
-0.00502776355 -0.00037613223
-0.0122654624 0.0186537169
0.00200331444 -0.00988986436
-0.00318109361 -0.0140087018
-0.00131121965 -0.0175221898
-0.0218839832 0.0017783778
-0.0136180371 0.00516997604
0.0253782738 0.00243248977
-0.0101796603 -0.00159621309
-0.0196197852 0.0157576427
0.00251531601 0.0137947891
0.025463257 -0.0170925297
-0.0217685066 -0.00487504993
-0.00339202443 0.00062563055
-0.0116499066 0.00853739958
-0.0256887358 -0.00916696992
0.0131266508 -0.0077588507
0.00116470084 -0.00732569164
0.00676970417 -0.026850462
-0.0111237299 -0.00317262672
0.00881678704 -0.00790873636
-0.00949729607 0.00484120473
0.0012678979 -0.0162848514
-0.0150993001 -0.0105851619
-0.0149260834 -0.0191002823
0.0236174576 -0.0120533705
-0.00980155263 0.00831901841
0.00602380512 -0.00649085781
-0.00187675655 0.00602720631
-0.00272385404 -0.0187539291
-0.00780799892 -0.000796115957
0.0152865117 -0.0236666314
-0.00275373273 -0.00873732753
-0.000407835207 -0.00860026106
-0.00154589163 0.00820617098
0.0170903523 0.00618378818
0.010914891 -0.000837283209
0.00291832723 0.0132403402
-0.00894190464 0.000251906749
-0.0223818738 0.00250304164
0.0115871225 0.0141848493
0.0148045644 0.00183647312
-0.000887680217 -0.00552088767
0.00705158617 0.00618751533
0.0133180954 -0.00401694188
0.0111277131 0.00815260317
0.00981933717 0.0192108564
-0.0097694397 0.0103649348
0.0241276678 -0.000718647905
-0.0497554019 -0.0619442724
-0.0178698041 0.00633085426
-0.00147918798 -0.0458596162
0.0368369669 0.0102845924
0.00748116616 0.0641453564
-0.00569917122 -0.0755822062
0.0291194338 0.000533916929
0.0208913665 0.00155458448
0.07299418 -0.0391845703
-0.0377347209 0.0254133511
-0.0459357426 0.0066142506
0.0172647815 -0.00563790603
0.0174114183 -0.0463626496
-0.0177677684 0.0133171277
0.0546087101 0.0406831652
-0.0181542244 -0.00622452144
0.000787633006 0.0248801652
-0.00270033837 0.0442864001
-0.00220937375 0.0348306671
-0.0397928432 0.00112277246
-0.00641424954 -0.0407778025
-0.0227242056 0.108500704
-0.0199408084 0.0274383798
0.00744362129 5.94026387e-05
-0.033451926 -0.0026840861
0.0198218189 0.0049381447
0.0603381358 -0.0301806554
-0.070702143 0.0382694975
-0.0189701244 0.00909822434
-0.00470844377 -0.0166143328
0.0422262326 0.0266741309
-0.0110675395 -0.0356820747
-0.0112035312 -0.0209448282
0.0315777324 -0.00633783126
-0.0296351444 0.00865908433
-0.10815087 0.0325460285
0.037056528 -0.0244867168
0.0120814033 -0.0160086975
0.0214824658 0.0343606174
-0.027572047 0.00103370694
-0.00128900807 -0.00153932802
0.0606290735 0.0246206149
0.00821185485 0.00239313906
0.0195522755 -0.0041843662
-0.0186768211 -0.0380853973
0.0235496741 0.0536525063
0.012752614 0.017650364
-0.0222318973 -0.0302149579
-0.045590207 -0.0422308892
-0.018954495 0.00828404352
-0.0594900362 -0.0179698505
-0.0295002349 -0.0391230024
0.0421371683 0.0547748506
-0.0369359367 0.000375034113
-0.0320324786 -0.048095528
-0.013723515 0.0579872616
0.00371180475 -0.0608841442
-0.0193057805 -0.0143358652
0.0473835915 -0.0332027823
0.0378103442 -0.0580873899
-0.00757532846 -0.0491162762
0.0136584863 -0.0212048497
0.00230930583 0.00187182846
-0.0626576841 0.04292446
0.0131998109 0.0145632997
0.0135292998 0.044541318
-0.00160522573 -0.00150705397
-0.0587111041 -0.0384452194
-0.031839218 -0.0150922826
-0.0265522711 -0.0251361057
-0.000339456135 0.0192108564
0.0495695136 0.0131507609
-0.0308389235 0.0265091471
0.0205960218 -0.0303737409
-0.065057613 0.0746207684
0.012622063 -0.0363286138
-0.045927532 -0.0275227875
-0.0623238832 0.00454396429
-0.0118260402 0.0838842615
-0.00620109169 0.0171753541
0.0213753134 -0.023155326
-0.0560416691 -0.0145755038
0.0186280049 0.0219142139
-0.0702852607 0.0484341681
0.0716069639 0.0479514673
0.0109455353 0.000782644551
-0.0210003704 0.0482253432
0.0190566611 -0.0275964942
-0.0172805898 -0.0356188677
-0.0188010968 -0.033041127
-0.0518820472 -0.00543181971
0.0264031608 -0.0717799887
0.0301437676 -0.00765034556
-0.0329278447 -0.018506458
-0.029061202 -0.00797814224
-0.01780596 0.0486370809
0.0226865448 -0.0192853715
-8.11317441e-05 -0.0454159416
0.0353534184 -0.0166384652
0.0512348562 0.0303219948
-0.0204825774 0.0407389887
-0.0183703583 0.0556969307
-0.00598238735 -0.0469194688
-0.0905162618 0.00505248411
-0.0523352884 -0.0326991305
0.00970142707 0.0211277008
-0.0207907446 0.00188801752
0.0120145855 0.00592307374
-0.0102593871 -0.00762760313
0.0228966642 -0.00319082243
0.00361590111 0.00702700159
0.0338462628 0.0335026532
0.00736968406 -0.0308267921
-0.0565921403 0.012934342
0.0321698338 -0.00115760986
-0.0196642447 0.0191145781
-0.00962061621 0.0515279211
0.000534787192 -0.0142416805
0.00705542974 -0.0171241071
0.0485926345 0.0199876614
-0.00910210144 -0.0187259316
-0.0106700361 0.0184154194
0.0199037939 -0.0354570411
0.00632299064 -0.0218196791
-0.028610019 0.00364602706
-0.00296378671 -0.0102051701
0.00209820503 0.055204574
-0.0456401631 0.061753042
-0.0173190143 -0.0540909767
-0.00437164772 0.0151068643
-0.00346886553 -0.0533851869
0.023257561 0.000906420057
-0.0480172895 0.0564699508
-0.0232604649 -0.0525058731
0.0282017365 0.00225896924
0.0257768109 0.0147783672
0.0769058764 -0.00655374676
-0.0274102762 -0.00814573374
-0.0195268076 -0.020062115
0.0176353939 0.023794705
0.057977695 -0.0466702506
0.0147859212 0.0335176811
0.0745672733 0.0519538522
-0.0132745821 -0.0262646899
0.00673734071 -0.0102346372
-0.0388986617 0.0563849546
0.00993401185 0.0287983008
0.00466177054 0.00869579427
0.0202066265 -0.0438782722
-0.0236002505 0.0700583234
-0.003758698 0.00884578377
-0.0182873998 0.0199011508
-0.0492359512 0.041115962
-0.00455907965 0.0361390859
0.0712053478 0.00865253713
-0.0491124466 0.00407005753
-0.0076011084 0.00451115938
0.013588367 -0.0199251659
0.0344590507 0.0398968048
0.000971641915 -0.0252386872
-0.0152198328 -0.00143856998
0.0448259972 0.0268159565
-0.052207157 -0.00189137273
-0.0723627508 -0.0160312802
-0.00781397615 -0.00906302966
0.0385380201 -0.0471707322
0.00589635782 -0.0103406757
-0.0259884186 -0.00476111332
0.0215794351 -0.0021271836
0.0497246832 0.0454675891
-9.34277341e-05 0.0173315089
-0.00189327577 -0.018904347
-0.0148094501 -0.0386190191
-0.00371268345 0.030756712
0.0211616494 0.0192990582
0.059004005 -0.0331439041
-0.0261591133 -0.0421895869
0.0023313798 0.00128784776
-0.0165135842 -0.0345364101
-0.0241488162 -0.0247892775
0.017870808 0.0393204466
-0.0555164143 -0.00861585326
-0.0200171433 -0.0168457646
0.00562613877 -0.00760918949
0.00673740217 -0.047514271
-0.0241375025 0.0276322104
0.0620683953 -0.0101730153
0.0170372017 -0.00839723367
0.000470785279 -0.0342856459
0.00347405113 -0.0243289769
-0.00965026766 -0.00671229698
-0.0820833743 0.0400654599
0.00276700081 0.0232463833
-0.00708744535 0.00720808096
0.0264220089 -0.00584529666
-0.0627928451 -0.0689156726
0.00787443295 -0.0410093293
-0.00765491137 -0.0192805175
-0.0303131379 0.0132681439
0.0349733867 0.0607545748
-0.0591426492 0.0169366021
0.00847714581 -0.0304640252
-0.0651981682 0.0463672169
0.0291526821 -0.0459906459
-0.0214818977 -0.0759877264
-0.0439386293 0.00599253085
-0.0479191914 0.0855807289
-0.0149884298 0.0550753176
0.0187727623 0.00353055773
-0.0645912588 -0.0283853933
0.0451288708 0.0212051366
-0.0676091909 0.0444760174
0.0718743652 0.0478540584
-0.00375796668 0.00581230596
-0.0158263873 0.0128210681
-0.0283804052 -0.015558362
0.0227989219 -0.00205104309
-0.00186582841 -0.0494110845
-0.00360150356 0.00984668452
-0.00978590734 -0.0525206327
0.0104839876 0.00841009524
-0.0610775761 -0.0484410822
-0.052225899 -0.00153876632
-0.00289688306 0.033237502
0.000729994033 -0.0176706668
0.0322039686 -0.0479192771
0.0591627769 -0.0318434574
0.0389622822 0.0162324812
-0.057955116 0.0295384135
-0.037071161 0.0387354121
0.00341182481 -0.0504038632
-0.0909069702 -0.00663203467
-0.0425323844 -0.0532151312
-0.0277042724 0.0224638563
-0.0408778004 -0.0137011614
-0.0128701823 0.00710354187
-0.0116243083 0.00435527787
0.0355431549 0.0393185094
-0.0313557833 0.0204446539
0.0322983339 0.00549380155
0.0110799875 -0.0352708064
-0.0491944775 -0.0329216309
0.0474455468 0.0101152863
-0.0363182314 0.0201952681
0.0264020152 0.0683324039
-0.0028739681 -0.0207986403
0.0338351019 -0.0189232975
0.0307589564 0.0177235156
0.00169642223 -0.032091029
-0.0152737005 0.0198484231
0.00421606656 -0.0469491445
0.026987683 -0.0218543019
-0.0153630627 -0.00646437053
-0.0273744091 -0.00574841443
-0.00374818197 0.0474318825
-0.0271603838 0.0399767868
-0.00946192816 0.019462401
-0.0222047716 0.0284973644
-0.015087056 -0.00375507073
0.0211511552 -0.0590408444
0.0801411718 0.0165978372
-0.00908210222 -0.0687676817
-0.0979161859 -0.0677337497
0.0510404035 0.0494302176
0.0293395221 -0.0187999085
-0.0660525933 -0.0798136517
0.0173620824 0.0150838569
-0.0279113948 0.0490338057
0.00291934283 -0.00716696912
0.0133253019 -0.0468434654
-0.0427119732 0.00150201982
-0.0183006693 0.0185747556
0.0464723147 -0.0291437209
0.0260507371 0.0503744632
-0.0119066704 0.0207028911
-0.0319060162 -0.00885271002
-0.0222006068 -0.0266121328
-0.006399062 -0.0597410053
0.0426960178 -0.0300685633
0.0493758433 -0.0709219426
0.0760551244 0.0175248124
-0.00773462979 -0.00877341442
0.0143248755 -0.030014988
0.00346291298 0.0412044339
0.0773679987 0.0106978957
-0.00313464948 0.0651883259
-0.0283527188 -0.0327446125
0.0104231779 0.0321980827
-0.00335540297 0.0632343665
0.0173450857 0.0394627638
-0.0214054827 0.0790230259
-0.0757060349 -0.0270743836
0.0079373233 -0.119043067
0.0278987605 0.0209676325
0.0374905132 0.0637366399
-0.0360784642 0.0358877368
0.0591681339 0.0693346336
0.029559087 -0.0391466618
-0.00468668574 -0.0593599305
-0.0221554395 -0.025657922
-0.0311288442 -0.0423640981
-0.032606747 -0.00794827286
-0.0317305587 -0.0052888738
0.0313425101 -0.0554459728
0.0808969662 0.00568418112
-0.0417062081 0.0101241414
-0.0313230008 -0.0587030314
-0.0214004423 -0.083635129
-0.0320239402 0.00651649013
0.0470943786 0.0536607951
0.00132508669 0.0407316349
0.038461145 0.0473097414
0.0625789016 -0.0473650955
-0.113766797 0.0477701314
0.0108854324 0.0253852904
0.172954664 -0.0468173139
0.00146178331 0.0491494201
-0.0653242767 0.00657197274
-0.0387139693 -0.0564264581
0.00819850434 -0.0511410832
0.131186739 -0.0233559255
0.0381035134 -0.0181102697
-0.0549445339 0.039280355
0.039814651 -0.0139399264
0.0268224273 0.0236578751
0.0269073825 0.0628731027
0.0362769477 -0.0197593868
0.044161126 -0.00506536663
0.0925545767 0.00906505529
0.00214642799 -0.0142705189
-0.0389484093 -0.0395241156
0.00287454342 0.00150587328
0.066616334 0.0329186879
0.0776379332 -0.082302399
-0.00310800201 -0.0246283878
0.0170859545 0.00397059927
-0.0323654898 -0.0132709974
-0.0278076362 -0.0720224008
-0.00584188523 0.0414085537
-0.0723425448 0.0544970967
-0.0274996012 -0.067540966
0.0554621443 0.0305345319
-0.0314774513 -0.01026324
-0.0737283081 -0.0219879113
-0.0725403577 -0.0138200587
-0.095902063 0.044287961
0.0520976707 0.121062644
0.00529124774 0.0159509871
0.0202553682 -0.00191631017
-0.0280895233 -0.00465657841
-0.048448503 0.0101253474
0.0369649939 0.0262556914
-0.00104722125 -0.0726730973
-0.00442083087 -0.015187094
0.0428691469 0.0855044872
-0.0106722498 -0.00986889377
0.057858035 -0.0290191621
0.0159293711 0.018352773
-0.00185407395 -0.0453257635
0.0354683399 0.0355285257
-0.0864081681 0.0868071318
-0.0939281285 -0.0352203771
-0.0311885495 0.0405094177
-0.0201934557 0.000557419087
-0.00781350397 -0.0411778353
-0.0334329568 0.00482979557
-0.0142469471 -0.0283625871
-0.0447276123 -0.0107092913
-0.0439377166 -0.0194192566
-0.0576403514 -0.0620393567
-0.010607332 -0.0579146706
0.0180768035 0.0965255573
0.0311046001 0.0827060789
0.0121257966 0.00385165284
0.0503844991 0.0267401971
0.04345553 0.0120638972
-0.0406934135 -0.0464144386
0.0585988909 -0.0812372565
0.000935601071 -0.0317528173
-0.0930405781 -0.0352877639
0.0443451218 -0.0155276628
-0.0611434467 0.107252546
0.0561792329 0.026834771
-0.0364413671 -0.00776058855
-0.00776892062 -0.0115014287
0.0266419668 -0.0886351913
-0.0782665983 0.0182731468
0.0873708203 0.0717444643
0.0836195126 -0.0500758663
0.0892662555 -0.0288032442
-0.0195781104 0.0135416165
-0.0692899525 -0.0588676967
-0.0410319641 -0.01904599
-0.0648208261 0.0068368325
0.038776055 -0.0517561771
-0.0228944644 -0.0389047004
0.0375678986 0.028138509
-0.017112663 -0.0421101227
-0.0329957418 0.00894742832
0.0290727001 0.0734460279
-0.0418624654 -0.0779017061
0.00952929445 -0.0704119951
-0.0534006804 -0.04763937
-0.0524709709 -0.0334837139
-0.014302575 -0.0510450862
0.00289673312 -0.0284460876
0.0606515147 -0.0249956343
0.0452805795 -0.0658241734
-0.0987797827 -0.0482524261
-0.00106631394 -0.0306259282
0.0648294538 -0.0285044722
-0.0871256143 -0.024241345
-0.0518796183 0.0350580513
-0.0173117891 0.0711219609
-0.0192477014 -0.012841125
0.00259042205 -0.0404307581
0.0492015444 0.0605340898
0.0118666748 0.0239660963
-0.0509941652 0.043310307
0.0241345167 0.059897352
-0.00814086478 0.0375875197
0.0315997414 0.0222877022
-0.0163086355 -0.0177642535
-0.0331180766 -0.0103076547
-0.00859411433 -0.00284150755
-0.055050794 -0.0158290416
0.0317055508 0.0114274314
0.0249154121 0.0655959472
0.0042903237 0.0428747125
0.0110662105 -0.0420954116
-0.0450517833 0.03705246
0.0323930942 0.0388056785
0.0246566646 -0.0751185119
0.0139929624 -0.00923931133
-0.0245206207 -0.0582183935
0.0250703301 -0.0545671768
0.0223976932 0.0119700376
0.0512368418 0.0339745618
0.0473106802 -0.0111359572
-0.067609638 -0.0162166748
0.0020672502 -0.025991872
-0.0144132581 0.0142343128
-0.038788069 0.00797663257
-0.0379123501 -0.0224860627
0.00332055334 0.0199621618
0.0239185542 -0.0430083349
0.0111385603 -0.0100076795
0.012289783 0.00278489338
0.0284343995 0.00781931728
-0.0146966493 -0.0509044789
-0.0279941708 -0.016237054
0.0137750506 0.027693877
0.0268853586 -0.0491561219
0.0398830771 0.0523739159
-0.0370033942 0.0160886329
-0.0104529755 -0.0578903295
0.0409337915 0.0382688269
-0.0972112864 0.0168586802
0.0284821484 -0.00314704911
-0.0277428571 0.0179410409
-0.0217638556 -0.0170535091
0.0471906699 -0.0424064249
-0.00271014613 -0.0231556352
0.0530718416 0.0169298723
-0.0166274123 0.02017162
-0.0204350501 0.0603663363
0.131064355 0.0155153964
0.02949249 -0.0259800591
0.0167490765 -0.0591034181
0.0517056175 0.0338235386
0.0722212717 0.00534304092
0.0228472091 -0.0294207856
-0.0240608342 -0.000106137559
-0.0256963167 -0.0119338688
-0.0412732251 -0.0514540039
-0.0222948045 -0.036203362
0.0226586927 0.0835812166
-0.0602182671 0.00319654215
-0.0383095853 0.0025552907
-0.0160912294 -0.060076829
-0.00836933311 -0.0392424501
0.0527668633 0.100803949
-0.0114857433 -0.0334043056
0.0256176125 -0.0485855937
-0.00300347037 0.0101873102
-0.0307493415 -0.0183981881
0.0762745738 0.0627631024
-0.0119931707 -0.0324073508
-0.0461061075 -0.0323622525
-0.0579949953 -0.00891626999
0.0512691215 -0.0289343614
-0.00514088804 0.00768641615
-0.0751352534 -0.0427191742
0.0596684068 0.030393526
-0.023396479 0.0568082444
0.0191438943 0.0858781785
0.0482214577 0.0884925947
-0.0104522519 -0.0240015611
-0.0389375985 -0.0427234024
0.00200067088 0.0500950366
-0.00750656938 0.0606008321
-0.0860904753 0.0337447673
-0.0468584001 -0.0359612852
-0.016396381 -0.031276904
-0.000564237067 0.0725327656
0.000123011487 0.0332654901
0.001830152 0.0583838895
0.0619873442 -0.0118078282
-0.00323478831 -0.0262962449
-0.0129769677 0.0769654587
-0.0425946154 -0.00110046612
-0.0837844685 -0.0186350308
-0.00442028744 -0.016340185
-0.0119513571 0.0320138074
-0.00919531845 0.00285010599
0.0308974497 -0.0158790275
0.0463683605 0.0143822245
-0.00722828601 -0.0229556654
-0.0598666519 -0.0836679563
0.036301855 0.054904405
0.0207032487 -0.0320720077
0.00244264444 -0.106105573
-0.020719273 0.0221177675
-0.0351191014 0.0714303032
0.0208381843 0.00854035281
0.0273032002 -0.0261063352
-0.0159435514 0.022880191
0.0115715899 -0.00132249924
0.0304890964 -0.0420497097
0.0333824903 0.0338421203
-0.0226981957 -0.0122209927
-0.0219605509 -0.013572827
-0.00445029885 -0.0135614779
-8.29959463e-05 -0.0521649644
0.00575820776 -0.010151621
0.0443480946 -0.0560758933
0.0470588878 0.0568681248
0.0028364833 -0.0181477983
-0.0224878844 0.00224802992
-0.034190841 0.0572327003
0.00994687621 0.0335325077
-0.0319925062 0.0762211084
-0.0225984659 -0.0378703699
-0.000677731005 0.0533982553
-0.0222182963 0.0170405321
0.0697188824 0.0170989595
-0.0168589056 -0.0469484366
-0.0856695399 -0.0463972129
0.0108319884 0.0425131023
0.085913375 0.0521274768
-0.0166530479 -0.0591758788
0.00681255292 -0.0135466401
-0.0207574796 0.0139553789
-0.0387325846 -0.0294945836
-0.021023985 -0.0212330036
0.0301594716 0.00891849678
-0.000780577189 0.054523766
-0.0729909688 0.0353111178
0.0152540384 -0.0403403379
-0.0227741655 -0.051992923
0.067327328 -0.0245817434
0.0259081554 0.0122360494
0.017611973 0.0121396007
0.0323125459 0.0795129761
-0.0402452014 0.0320203006
0.084391892 -0.0321025439
-0.0355800316 0.072477594
-0.0557061359 0.0159571487
-0.00306075998 0.0633631274
-0.020002231 0.00329918275
-0.00321053527 0.0197887532
0.00700158719 0.0369454958
0.0531269647 -0.00048752196
-0.0976113304 -0.0126418648
-0.0369182825 0.0116615491
0.0326239876 -0.0208285004
-0.0184000358 -0.0319465809
-0.0252722111 0.0417402834
0.0215973742 0.00882882066
-0.000573370897 -0.074718155
-0.013264088 0.0329133123
0.0322319455 0.0232378319
-0.0341226049 0.0271766726
0.0158644319 0.000634303491
0.0669916198 -0.0326584764
0.0272992644 -0.0842897296
0.0943378657 -0.0316645727
-0.0834741965 0.041788511
0.0219515041 -0.0209450461
0.0560019538 0.0901046768
-0.0190898497 0.0302558932
0.0206523389 0.0360572264
-0.0466769114 0.0572329164
-0.0717696697 -0.0452176705
-0.0593694001 -0.0440658592
0.0301197059 -0.0491149537
0.0432652831 0.0204036199
-0.0072469064 0.0449187495
-0.0111807752 -0.0320391506
-0.0556894206 -0.0573226772
0.0387051366 -0.0093180621
-0.0302445628 0.0113523481
-0.0747795627 -0.011347997
0.0112398397 0.0801826045
0.0430698693 0.0439509787
-0.0329481475 -0.0970841199
-0.0271015707 -0.0405966565
0.0241155084 0.0227388144
0.00811632257 -0.0320658498
-0.0235948246 -0.0269180443
0.0183438342 0.00770470127
0.00763976015 -0.0612397455
-0.0287235845 0.0237328243
0.0910067856 0.13363716
0.049238231 -0.0183011964
0.0177687332 0.00351506053
0.0630793646 0.00431498745
-0.00690931361 -0.0679124892
-0.00745395944 -0.0066411132
-0.00798859261 0.0745570362
0.0340213813 0.0236561783
0.084716022 0.0166542586
0.0497397594 -0.03771336
0.0223539658 0.00178729882
0.0307919197 0.0723486617
-0.0274667908 0.0303629451
0.089610368 0.00461682957
0.01527288 -0.00689148856
-0.02752419 0.0195239317
0.0325733572 -0.0051449216
0.0346783102 0.0290705189
0.0793657228 0.0132971853
0.0194239151 0.0245867632
-0.0446648225 -0.0303453375
0.099238418 -0.0867108405
-0.0110440431 -0.0432538465
-0.0405281 -0.0967097208
-0.0259116124 -0.0243559834
-0.0220437795 0.0551708378
-0.0181445796 -0.012183629
-0.0781208202 -0.00635096524
0.00841129106 0.0235516895
0.0466782302 -0.00115082844
-0.0113367736 -0.0560020953
-0.0186379179 -0.0278234668
0.0322365277 -0.079796724
-0.0323777348 0.0619646199
0.025253389 0.0678524077
-0.0154973743 -0.09105248
-0.101734683 0.00855072588
-0.0270441212 -0.00106031087
-0.0913723931 0.000978746219
-0.0499862172 -0.0218045041
-0.00251248316 -0.0445785597
-0.0110291541 0.0923160613
0.0210942645 -0.0253827404
0.0841799453 -0.0587423816
0.00286937156 0.0264585856
-0.0069976612 0.0100941323
0.0270921085 -0.0784919783
0.00684288284 0.0228147507
0.0238520168 0.0746229216
-0.0229667574 0.00592855969
-0.0182637852 0.0253350735
-0.0575791001 -0.0435318351
-0.0264200978 -0.0153452456
0.0270661712 0.0854977518
-0.0790485069 0.0223031491
-0.0584241152 -0.031644173
-0.0170788746 -0.0139777781
-0.0129367867 0.0360771976
-0.0557232648 -0.0336223133
-0.0756800473 -0.0812971666
0.0284603946 -0.0370671898
0.0251984 0.020152133
0.0466508865 -0.0354420841
-0.0423949361 -0.00755095296
0.00345170614 0.0321839899
0.0887284875 0.066005677
-0.0398191735 0.0922599211
-0.040731214 -0.0172690041
-0.0896371454 0.02671979
-0.0278978571 0.00146567577
0.0254066978 -0.0316670351
0.0145566687 0.00125627837
0.0368737318 0.0156859737
-0.0410686098 0.0551893115
0.0244281627 0.00984797161
0.026363248 -0.0228804089
0.0407579839 -0.0113924025
0.0271820594 -0.0695756078
-0.0446447544 -0.000563925481
0.034872245 0.00494166976
0.025153676 -0.00550881634
-0.0332396589 -0.063283056
-0.0132113788 -0.128030226
-0.0298753791 0.00194715452
-0.0237524807 -0.0145186838
-0.0315033682 0.00583338039
-0.0147178732 0.0336970836
0.00109691056 0.0291737039
0.0161873847 0.0616555735
0.116582841 -0.00038682131
-0.0098205423 0.0057771923
0.0225848034 0.0363500714
0.0188613459 -0.00264745392
-0.061068967 0.0551217459
0.0351805016 0.0391105451
0.0242168959 -0.0242449902
0.0669735819 0.0294451341
0.0206887648 -0.0240981225
0.0387465023 -0.0029335001
-0.0132404584 -0.0148652578
-0.0982490703 -0.0931576937
-0.0178646035 -0.0495519787
-0.0184556954 0.0137907118
-0.00719906716 0.027008405
0.0413693339 -0.0153382244
-0.1020322 -0.0125865042
-0.0605235845 8.20028363e-05
-0.0537063889 0.0364449807
-0.0163131375 0.0365075767
0.0713788196 0.00927208457
-0.0396634527 0.0414381064
0.00848485623 0.0145199634
-0.0613951348 0.0049778549
0.00993030798 -0.0138806142
0.0449107327 -0.074628219
0.0214419458 -0.0303145107
0.0841402262 0.00242167222
-0.0229295343 0.127729788
0.00377169205 -0.0149058569
0.0211554356 -0.0722590461
-0.050232891 0.0527696759
-0.0192965884 0.0260512605
-0.0596977733 -0.0210409332
-0.0466955416 -0.125205576
-0.00215041474 -0.0468981676
0.0105292462 0.0428452902
0.0191443227 -0.033415474
0.0220043454 -0.0349551477
0.0773045942 -0.0346072167
0.037846379 0.0482505299
-0.0301404819 -0.0149879353
-0.0263485666 -0.0597524904
0.0538808294 -0.00973163731
0.0076056174 -0.0310223382
0.0261826068 0.0318100974
0.0224727578 0.0187242813
-0.0940091386 -0.018688133
0.00316711771 -0.0183492508
0.0322656557 0.0393111818
-0.111263372 0.0217014197
-0.0289029088 0.0108525716
0.058545053 0.0520020127
0.0210311189 -0.0289574228
0.0466094501 -0.00998846442
0.0373009294 -0.0685627833
0.0138806775 -0.0185919888
0.0511386395 -0.059398815
-0.038505543 -0.0454404168
0.0304736272 0.0835421458
0.0432652943 -0.0235073213
-0.0748550668 -0.0342034176
-0.00964986719 0.00822196063
-0.0230182558 -0.0327027291
0.00774584478 0.0313201137
0.00419461774 0.0304248165
0.00705588097 -0.0205828585
0.0365681946 0.00950937904
0.0506392382 0.0249546766
-0.0016658745 -0.00343276886
-0.0386047773 -0.117397957
-0.00396365672 -0.0334077477
-0.095074676 0.00433977554
0.00102082302 -0.0185237024
0.0232628193 0.00761964219
-0.0402711369 0.0716584474
0.0228657462 0.0509811826
-0.0018725103 0.01597571
-0.022783827 -0.0462462045
0.0197244585 -0.0470573939
-0.0137700429 0.0604004078
0.024339335 0.0227524564
0.0713195205 0.0637055561
-0.0316849239 0.0345235392
-0.0616227016 0.0331433862
-0.0227562822 0.0839878619
-0.00530038914 0.0427033529
0.0841887444 0.0451924987
0.00836173166 0.0319290012
-0.046552632 -0.0335377939
-0.0364139006 0.0478643216
-0.056099467 0.00466237403
-0.0256427377 0.0449240245
0.0398753844 0.13941431
0.0332171693 0.0135366218
-0.0310254991 -0.0428292044
0.00590372598 0.0466620475
-0.024627177 -0.0489412695
-0.0143865636 -0.0191772338
-0.0176633019 0.0399780348
-0.0320695974 -0.0673786849
-0.065882355 -0.049647823
0.0242300145 0.0512807183
0.0575089045 0.0843964443
0.0192937069 -0.0508165881
0.0306124464 -0.027360864
-0.032047987 0.00815328863
0.0250084717 -0.0526483729
-0.00566586712 -0.0213108398
0.0491398573 0.0120084733
0.00344655197 0.0573742576
-0.0524792299 -0.0216845516
0.0240653753 -0.0732498541
-0.0298379045 -0.0830899253
0.0892729983 0.00137937954
0.00247071497 0.00543918367
0.0353685804 -0.013478023
-0.0106283585 0.10563077
-0.036334265 0.0218578745
0.0586004965 -0.0320143886
-0.0629361346 0.0275508426
-0.0758338571 -0.0153584462
-0.0130781475 -0.00173554942
-0.036049366 -0.00252462039
0.0303999614 0.029383162
0.0122218635 0.0232098643
0.0545478575 0.00120818755
-0.0526356027 -0.0443932973
-0.00154807582 0.0035036176
0.0484745912 -0.00983275659
0.0667164847 -0.034612041
0.0447583124 0.00814969372
-0.0564696826 0.0471403673
0.0696859062 -0.00628804369
0.0371997058 -0.0197760127
0.0686910078 -0.0330380425
0.000894285622 0.0279167984
-0.0362632424 -0.0252761208
0.0390138179 -0.00640088692
-0.0266524255 0.00960341096
0.00576175749 0.000619239931
-0.0404457413 0.0133785447
-0.0156624988 0.0169849042
-0.0163927507 0.0577533394
0.0253432635 0.0227175876
0.0558651499 -0.0711281523
0.00101255195 0.0645047948
-0.018639775 0.00458007213
0.0110321632 -0.0417636037
-0.00403787242 0.0637428015
-0.0539523363 0.0151540246
-0.0226558577 0.0200500581
0.0421113931 0.0164260156
0.0496761985 -0.0140901767
0.0880736187 0.0189219136
0.0741507038 0.0282806475
-0.100988716 0.0684401691
-0.0258910153 0.0508858599
0.0422861613 0.0378526114
0.0285313763 -0.00715184864
0.00681248168 -0.00676992536
0.026469497 -0.0425573513
0.0566292852 -0.00554977497
-0.0116960313 -0.0127480812
0.0121683748 0.00690707844
-0.0186215602 -0.00868815742
-0.0438590199 -0.0513028502
0.0252896249 0.0648176521
0.0763380453 -0.0220212415
-0.016899351 -0.0945132747
-0.00905316044 0.117203355
0.0816378593 0.0434441976
-0.0430333018 0.0139503079
0.0020957482 -0.000104330698
0.022479428 -0.067964904
-0.030090848 0.0407911688
0.0376270562 0.0683799908
-0.0337695293 -0.104555883
-0.0460815094 0.0146533726
-0.0729692653 0.0317440107
-0.0369808637 0.0155249275
0.0492753349 0.0589108355
-0.0231005345 -0.0116984416
-0.042925898 -0.0119487075
-0.0405245051 -0.00312548038
0.0135338325 -0.000140806515
0.0142451152 0.0454216413
-0.0360422097 -0.0320057161
-0.000439063122 0.0608550236
-0.036102809 0.000271566445
-0.0729525164 -0.0486297458
0.0121432841 -0.0208524559
0.0182501432 0.00837018248
-0.0281479657 0.0226812344
0.0191183165 0.0205712318
0.0140361264 0.0670359507
-0.0346233547 -0.0413093269
-0.0733200312 -0.0446756855
-0.0121093662 0.0436167158
0.00428415183 0.0566723719
-0.0271144435 0.0169560444
0.0600352846 0.00496161776
-0.0515538864 0.0528570972
0.0509011596 -0.0567463487
0.0966204703 -0.041402135
0.0165048223 0.0293649901
-0.00715506356 0.0600028485
-0.0590809248 0.00800477527
0.00647414522 0.00635228865
-0.0253543574 0.0217532068
-0.00314831035 -0.000669130939
-0.00350271235 -0.0264013112
-0.0701990873 -0.111600652
0.00316500105 -0.0243155174
-0.0638350397 0.0109234983
0.00166567159 -0.0780804455
-0.0221076757 -0.0168253761
-0.0537815429 -0.00933137722
0.0659764931 -0.00362625835
0.018250281 -0.0196121857
0.11025025 -0.000665857864
0.0415146351 -0.0262853447
-0.0328806192 0.00539921224
-0.0143315522 0.00661854586
0.00934625138 -0.0117558017
0.0372867621 0.0477195047
0.0348509066 -0.000279495231
0.00581519352 0.0293355305
-0.0282280389 -0.0187374968
-0.0445477068 0.00343575492
0.00948838796 -0.00589440251
-0.000611669559 -0.0969659612
0.0314038284 -0.000653169234
0.0324512795 -0.0602860339
-0.026783742 -0.0398024656
-0.0235571023 0.0168249365
0.0210342035 0.00196529832
0.0168439224 -0.0292347372
-0.0517532714 -0.0314940028
-0.0550775304 0.0685149804
0.123364747 0.0176578052
0.0294768047 0.0153638851
0.0420869738 -0.0312390886
0.10717462 0.0196458083
0.0145081282 0.0218825284
0.0689516664 -0.0442781784
0.075362727 0.045080211
0.0275962856 0.00364524033
0.0113051832 0.0757276714
-0.0789320543 -0.00471846806
-0.0457723439 -0.130076006
0.0272948947 0.0388074555
-0.0502452515 0.0185981467
-0.0421577655 -0.0439982899
0.0843247101 0.063074857
-0.00838830043 0.0101970099
-0.0624763258 -0.0171873886
-0.0114309108 0.0498539582
-0.0213564616 0.0557013601
-0.0813924521 0.00440227194
-0.0429452173 0.0474504568
0.0334404558 0.00485679088
0.00815942604 -0.0640682504
-0.0951553285 -0.0268308297
-0.0411954373 0.0113945445
0.050270956 -0.0528418534
-0.0715121478 -0.099242419
-0.0464687534 0.0198877025
0.0216393173 0.0473282896
0.0108284149 -0.0113808429
-0.020677153 -0.00891451724
-0.0275556799 0.0116084768
-0.0297379959 -0.0321443155
0.0114784846 -0.0538119823
-0.0285884459 -0.0362170003
-0.0726600885 -0.0737502575
0.050173223 -0.0746679083
-0.00544424541 0.00277780509
-0.0197374653 0.0520242564
0.0314277411 -0.0329622924
0.00549494941 0.0658193752
0.06687437 0.0179604851
0.0534682497 -0.0654259622
-0.0372255184 0.00696544489
-0.056469772 0.0386593081
0.0322710685 0.00128635578
-0.0685909837 -0.0134723103
-0.0474819094 0.0253489278
0.0587049872 0.0468683317
-0.0323115699 0.0858916938
0.0443810262 0.000549450866
0.0516153872 -0.0383842029
-0.00425270945 0.0761195198
-0.0360517167 0.0220919997
0.0434553549 0.0288343783
0.0552920774 0.0274222214
-0.0134650432 -0.0104769878
-0.0242061317 0.00826415326
-0.0893707722 -0.0854252428
-0.0136891427 -0.0186208393
0.0243051089 -0.0461991169
0.0304438695 -0.0361048728
0.0208813436 0.0105069941
-0.0544259101 0.0320769064
0.033425305 -0.0085339332
-0.00946267787 -0.0846300572
-0.00199680263 -0.0157423746
0.0436063036 -0.0188718364
-0.0286118705 -0.0340895914
0.0393233895 -0.00468577119
-0.000486877514 5.81176355e-05
-0.0234040134 -0.0284617208
0.0408652201 -0.0190070793
-0.0212301631 0.0430439487
-0.0276560057 0.0464222282
0.000863036199 -0.0102013629
-0.00226575718 -0.0667634681
0.0263112299 -0.0455233306
-0.0246367604 -0.0814511552
-0.0547023006 -0.0511391535
0.0952385962 0.0466155708
0.0575408749 -0.0299685318
0.0319780633 0.00622679386
-0.0550333746 0.0263907854
-0.0457381643 0.0225791596
0.0419511423 0.0655701607
0.0087225819 -0.0318663679
-0.0130897863 -0.0588883385
-0.0476879813 -0.112849839
0.0260417946 -0.0598459989
0.0117114289 0.0613901354
-0.0706372783 0.0220629014
-0.00195280195 -0.000560786866
0.033674147 -0.00724080903
0.0284699947 0.0108280638
-0.00507327961 -0.00243022898
0.0261557195 -0.0449546874
0.0973167866 0.0323765837
0.143817455 0.0719420239
0.0311234482 0.0434134081
-0.0437364466 -0.0101849725
-0.0184217766 -0.0416405126
-0.0427446142 -0.0237817578
0.0439616479 0.015684085
-0.0134504782 0.0124263214
-0.0188874062 -0.0402644351
0.0537645668 -0.0529157557
0.0160269458 -0.0629763231
-0.0633614957 0.00548283849
-0.016258629 0.00438271742
0.0267500579 -0.0337445959
0.0343479514 0.0246406104
0.0357000344 0.00961990561
0.0212703552 -0.0637931973
-0.113819398 0.00251860358
-0.00394119881 0.109455004
0.119564638 0.0266172457
0.0022918093 -0.0145862922
0.00621585315 0.0142752128
0.0246783271 -0.0176163483
-0.00402638083 0.00390479877
-0.0541505888 -0.0116796857
-0.0325585715 -0.0639865622
0.0544970296 0.0138458265
-0.0319421962 -0.079048045
-0.0282382965 -0.0663139597
0.00605144957 0.0178315993
-0.099574253 -0.0167598575
-0.0876763687 -0.0492426418
-0.0342708416 0.00465445453
-0.0399593711 0.0184883382
-0.0232974961 0.0672581047
-0.0189909246 0.0175077673
-0.0565257929 -0.00899717771
0.0474614464 -0.0196571741
0.0713490844 0.021842571
-0.00612222543 0.044906918
0.0536074527 0.0405248888
-0.0579429865 0.0221853852
-0.0517619997 -0.000207072939
-0.0268364046 -0.0177789107
0.0298808999 0.0341560505
-0.0289656185 0.127191678
-0.0286531337 0.0864207521
0.0579731204 0.0675957724
-0.0806200281 0.019391505
0.0510227196 -0.0090830205
0.0471555591 -0.00985277724
-0.077373527 -0.0177595988
0.0750704482 -0.00939682126
0.0272281691 0.0149853425
0.0735857263 -0.00829319004
-0.0344206207 0.036317762
-0.053808786 -0.0229833368
0.000278498599 0.0187571924
0.00159675593 0.0175817143
0.0291394349 -0.0253835935
-0.0465027839 0.027489258
-0.00475859176 0.0175489783
0.00853459537 0.0401066951
0.07169725 0.0281492546
0.0403895043 -0.0397086702
-0.0377728641 0.0898826346
-0.00762395607 -0.00599525869
0.00788631104 -0.0346641168
-0.00916084554 0.00847794581
-0.0485143885 -0.0167059768
-0.0488595441 0.0412282348
0.0420371294 0.0414162353
0.00816834159 0.0183751397
0.0788612887 0.00542549184
0.0435443334 0.0786762908
-0.102049306 0.0358527713
-0.0147468066 0.0374671295
0.0394502655 0.0390758589
0.0420106016 -0.0313704051
0.0582247861 0.00353787863
0.0482648835 -0.00463397708
-0.0366502032 0.0138495192
-0.0471232049 -0.0840830952
0.0342237614 0.0152244633
0.0446189865 -0.0857041776
0.0354892276 -0.0469221063
0.000373193267 0.0475873277
-0.0237071104 0.0027622669
0.0140796537 0.0013202494
-0.0118199801 -0.0185517333
0.0267274827 0.0926544517
0.0288126171 0.0370795242
-0.0148627954 -0.00749096507
-0.0602126382 0.0320693441
0.0120823076 0.00483190594
0.0622446686 0.0546272025
-0.00406365516 0.0803718418
0.00499652745 -0.0180480406
0.00415830547 -0.00401352998
0.012523612 0.017019758
0.0314610898 0.00106447039
-0.0228323583 0.0378759652
0.0110275913 0.0673918352
0.0786567703 0.0164443441
0.0126431519 -0.055314932
-0.00454274612 0.00331798475
-0.0125784259 0.0347329155
0.0227163788 -0.0426113158
-0.0320405215 0.0391982086
-0.0259107947 0.0407127328
-0.0117544709 -0.056880042
0.0447703749 -0.0267596953
0.0101066427 -0.0340463705
-0.0308622699 0.0480826795
-0.00114044885 0.0361358859
0.00476357015 0.0214727838
0.0430912711 -0.0269474778
-0.00111549045 -0.0257660896
-0.0863647163 0.0356385
0.00995241292 0.0866822973
-0.0127765741 0.0575899929
-0.0353625566 0.0402847938
0.103864618 0.00115954899
0.0878673717 0.0216483455
0.0275142211 0.022382563
-0.0131523218 -0.00180716952
0.11768768 0.0796820223
0.000121236386 0.0375980251
-0.098213166 0.0121226776
0.0169171672 0.0422898345
-0.0289394744 -0.0439985581
-0.0806475952 -0.0705069453
-0.0550694503 0.0132438866
0.00595519831 0.0440549254
0.0109165432 -0.000621261948
-0.0414328799 0.0971045643
-0.00237791566 0.0821876824
-0.00921836868 -0.00653998507
0.0430375747 -0.0664534792
0.0998417512 -0.0429041162
0.025442889 0.0641900524
-0.0300203171 0.030777799
0.0127906231 -0.0433913544
-0.0212363396 0.0208084229
-0.0214752946 -0.00286445068
0.0288081765 0.0384673327
-0.0454469062 -0.0144301709
-0.031207446 0.0272459667
0.0579755902 -0.050344862
0.0103337606 -0.0496871099
-0.0794881061 0.00468432205
-0.000604700646 0.0386144184
0.0159152895 0.0461899675
-0.0602763183 -0.0047200243
0.00969598722 -0.0280211736
-0.00103609439 0.0523421988
-0.0358258635 -0.000753016677
0.0250281617 -0.0256365091
0.00198160368 -0.0243319571
0.0171137247 0.00341723952
-0.0797984973 0.0590242259
-0.0279413071 0.0257763825
0.00215318589 -0.062686421
0.0149447955 0.00355005939
0.00131083047 -0.0348556004
-0.0937921628 -0.0178767517
0.0724891722 0.01047868
0.0133215385 -0.0340698212
-0.0820853934 -0.0328439698
0.0576091707 -0.00377142313
-0.0216469839 -0.0151592474
-0.0357640013 0.00211797561
0.0344219245 0.096944958
-0.00655735144 -0.0448537469
-0.0628171936 -0.0284323972
-0.0420917869 0.0566596054
-0.000397002121 -0.0464987159
-0.0737930164 -0.0111689223
-0.0275095273 -0.0824762881
0.0829820558 -0.0039652735
0.0537477173 0.0716809705
0.0243038889 0.0135182282
0.00478895009 0.0206415318
0.033762496 -0.013495924
0.0856455117 -0.0131079759
0.0952042714 -0.0953937173
0.0624310635 -0.0019584822
-0.0710411593 0.0379928909
-0.0751601458 -0.00345736346
0.0340107493 0.0016339533
0.0385708213 -0.0205829069
0.0342698246 0.0263673794
0.0231883973 0.0560644604
0.0127997156 0.00708466629
-0.0282684267 0.00638247607
-0.0546327233 -0.00446301885
-0.0304714348 -0.00382748153
-0.0319588818 -0.0141761014
-0.0621609204 -0.0506774113
-0.0112904068 0.0290681627
-0.0122001739 0.0237949658
0.00454617664 -0.0110555664
0.0614339039 -0.128390089
-0.0569044724 -0.0471162274
-0.0244132467 0.0915458277
0.0512219444 0.00593192829
0.014199147 0.0441598445
0.030993659 -0.0255657081
0.0203990173 0.0116016176
-0.0456753001 0.0594328791
0.0320636481 -0.0324030109
-0.0129534053 -0.00105800945
-0.0109940544 -0.05595221
-0.0227007084 -0.0472701527
-0.0180744529 0.0120046074
0.0173510741 -0.0920263901
0.00890727621 0.012274039
-0.0815609768 0.0103860004
-0.0661652237 0.00507422816
0.137467697 -0.02497131
0.0224931892 -0.0737846792
-0.0459810384 -0.0232481752
0.0403167382 -0.0453271978
-0.0457346588 -0.0254684426
-0.0314469635 -0.0320916437
0.0638931245 0.00678202324
-0.0137233809 0.0105360309
0.0695041418 -0.0232396722
0.145012751 0.00463202223
0.0501969382 0.0415085778
0.0694413185 0.0564028434
-0.0106164804 0.00275781075
0.0140405484 -0.103412129
0.0629866496 -0.0248851217
0.00203497522 -0.00527807651
-0.014196205 -0.0266742334
-0.0142935384 -0.00783546828
0.0032784706 -0.038662076
-0.016649425 0.00843865238
-0.0735287666 0.0300178006
-0.0234967023 -0.0112521136
-0.00568446238 -0.0356510095
-0.00114449207 0.0486900732
-0.0993134975 0.0246070791
-0.0815570652 -0.0516804829
-0.0191101935 -0.0594275147
-0.0753122792 -0.0406891592
-0.0164749008 0.0348087996
0.0197357442 0.0326893479
-0.0225861073 0.0218506269
0.0310571641 0.00545082428
-0.00133292971 -0.030138785
0.00397958513 0.0231329147
0.0166298095 -0.04213598
-0.0314481072 -0.0370614976
0.0228897259 0.0713506415
0.0495254248 0.014647116
0.063000083 -0.0214750636
0.00658719381 0.0683086291
-0.0390942618 0.0591554604
-0.00570790237 0.0260388516
0.0349799134 0.00835109502
-0.0190992896 0.00164602522
0.0338481814 0.0245613214
-0.0221558884 0.0347676054
-0.00461439695 -0.00715909107
0.0132454382 0.0209427085
0.030258812 -0.0667244419
0.0416987836 0.0475472808
-0.0148580093 0.0874659941
0.0778270438 -0.0779871792
0.0399233587 0.0372064114
-0.0358373858 0.0186574217
-0.0129554588 -0.00618869625
-0.0327506363 -0.0178685486
-0.0144469179 -0.0660016313
-0.0386337154 0.049091015
-0.0769803673 0.022207601
0.00290586473 -0.0206080303
0.00970920268 0.0179611687
-0.010895187 -0.0680299699
0.0269394871 -0.0155494688
0.00294942013 -0.0227879193
-0.0860683545 0.0382561833
0.0166324824 0.0428970568
0.097045511 -0.036276307
0.0625198856 -0.0194456521
0.0508495048 0.049742341
-0.0221276116 -0.0618245862
0.0299183615 -0.0737767592
0.0316428989 0.0660649091
0.0201460775 0.040992897
-0.0205082074 0.0311837345
-0.0583093092 0.0640992969
-0.0551561266 0.0186219383
-0.0284156669 0.0140572162
-0.00327173923 -0.0675831214
0.0028802678 -0.00029909861
0.0361855924 0.0592867285
0.0176837761 -0.0699292272
-0.000439181487 0.013732437
0.0438661762 0.057428807
-0.00853194296 -0.0404242016
0.022124093 0.00474941172
-0.0580522902 -0.015208411
-0.00896037649 -0.0768566355
0.0624624826 0.0310494546
-0.00657587731 0.049957782
-0.000308812014 -0.0429281332
0.0115670143 0.0250309892
0.0161519535 0.00231322763
-0.0248567816 0.026417233
-0.00818307325 -0.125139371
-0.00985002425 -0.0232999399
-0.0428630412 0.0745009705
0.0361985788 -0.00577198109
0.000919896527 0.0579876341
-0.0469834954 0.042807091
0.00861124136 0.0901357085
-0.0321166255 -0.0312322602
0.0368593782 -0.0122546926
0.0545642935 -0.0270285681
-0.0630383641 -0.0444409139
-0.0664831176 -0.00384617527
-0.016191259 -0.0591338985
-0.0137312142 0.0599457771
0.0194487944 -0.0445319936
0.04278538 -0.0386930145
0.042763941 0.0602991767
0.0317351893 -0.0325576439
-0.00369513803 -0.0121594928
0.0385623947 0.0150743229
0.0216676146 0.0514813811
0.0237622429 -0.038254898
-0.0386349112 -0.014641515
-0.0360568166 -0.0544670969
-0.0149564687 -0.0494179279
-0.0293466356 -0.00910979416
-0.00282526622 -0.0954531133
0.042497512 0.0151453372
0.0492838323 -0.0516497865
0.077310659 -0.074267447
0.0413811542 0.0152116492
0.000281148066 0.0175498296
-0.00504013803 -0.00591684412
-0.00513424072 0.011868733
-0.0245700758 0.0940749571
0.0322329178 0.0170474891
-0.0498625673 -0.0382481106
-0.0754930452 0.0238445979
0.0336137153 0.0201241523
0.0058481684 0.0668554083
-0.0260753483 0.0665841922
0.016005585 0.0140152005
-0.0322521105 -0.0287412181
-0.0109823374 0.00953029841
0.0210956335 -0.0101550678
-0.031023005 -0.0104427012
0.0119073009 0.0672682375
0.0258013625 0.0296805426
0.0321507268 -0.0335305259
0.0297977682 -0.0127887987
-0.0163070653 0.0375414304
-0.0058134417 -0.029377142
-0.0453974158 0.0489945933
-0.0414591692 0.0176674649
-0.009753244 -0.0228748303
0.0472443067 -0.011510497
0.0435533375 0.00409327261
-0.0364869013 -0.0331362151
0.0677049533 -0.0407469571
0.0441020727 -0.00373753137
-0.0207456127 0.00675404863
0.0262845904 -0.0254388433
-0.0339173414 0.0122558391
-0.00206277147 -0.0308799446
0.0238050874 -0.0672054812
-0.0383666307 -0.0878944173
-0.00883211289 -0.0536997542
0.0305023845 0.0218111016
0.0267363172 0.0274504591
-0.0146682346 0.0273763277
0.0275433566 0.0435874574
0.0228759609 0.0699389726
-0.0257330351 0.0528774559
-0.037914291 -0.00696936762
-0.0481225178 0.0314134546
-0.0132848304 -0.00204194523
0.0818339214 -0.0285123158
0.0724694207 0.0540736429
-0.053526476 0.0841879398
-0.100430913 0.0012697177
-0.00900149439 -0.0230023228
0.0231130719 0.0226324238
0.0613123439 0.00162107521
0.0239777043 -0.00724483095
-0.0509610921 -0.0121523608
-0.0138003659 -0.0288526472
-0.0852369219 0.00787658151
-0.070956938 0.0202277694
0.000636729295 -0.0352974497
-0.0228922106 -0.0184529293
0.0274114162 0.0279602334
0.0652522072 -0.0155897643
-0.0374888852 0.0654863715
-0.00541259907 -0.013046829
-0.0351762287 -0.0342608951
-0.00735616637 0.0351343788
-0.00190329889 -0.0145809995
-0.0698673725 -0.0183288883
-0.0468068756 0.0241383817
-0.0996020138 0.0532255173
0.0143473689 0.0170977432
-0.00265724864 -0.0021381923
-0.0373963341 -0.0296080299
0.0757042617 0.0645224899
0.0589053519 0.0518585071
-0.0172690619 -0.0180642232
-0.0354149267 -0.0550014153
-0.0072575137 -0.0671986043
0.0690744072 0.0298709981
-0.0805621743 0.0756912977
-0.0134890871 0.0511573739
0.0229502209 0.0234535132
-0.0131371282 0.012529959
-0.0580864884 0.0819876418
-0.0328977406 -0.00601157686
0.03746498 -0.0312635116
-0.0681615844 0.019853523
-0.0340610407 -0.0416289046
0.0321868435 0.0042840275
-0.0148753915 0.0649741068
0.00650283415 0.00980083086
0.00581617607 -0.0492338575
0.000814941188 -0.0325722806
-0.00591218844 -0.0156607218
-0.0365532711 0.000603854889
-0.015883401 0.0694269389
-0.042945452 -0.0225247666
-0.00965229608 0.0164023843
-0.0057616937 0.0215621423
0.0230470821 0.0298280511
0.0524827465 0.0713414475
0.078426376 -0.0429015942
-0.0275972839 -0.0338168815
-0.0715015754 -0.0305744708
-0.0122097069 -0.0503601581
-0.0237788856 -0.00226910226
0.0185471326 -0.0101585109
-0.0237034932 -0.0250371043
0.03468474 -0.102829203
0.0284987949 0.00177228777
0.0518922284 0.00678389706
0.0528611727 0.0001600291
0.0390751958 0.0676144361
0.0465427898 -0.0179949477
-0.0430609584 0.0668278784
-0.0367244482 0.00662960159
-0.0600444376 -0.0198978819
-0.0163802467 0.0676632524
0.101916231 -0.0283511598
-0.0492024124 0.00306707318
-0.0513056926 0.0312632956
0.0120103564 -0.0507761724
-0.033615794 -0.0254474282
0.0749793798 -0.0420104153
-0.03097184 -0.0488849171
0.00928842463 -0.0731009617
0.0395473316 0.00758136762
0.0071903225 0.0449743494
0.0217753518 -0.0477243587
-0.0827152207 -0.0680857375
-0.0709564313 0.074293673
0.017592553 0.0327098258
0.0013398407 -0.0448401235
0.0247429162 0.0128614213
-0.0183141436 -0.0400372185
0.0464743823 0.0359470248
0.0284712408 -0.0634202212
0.013167223 0.00956933014
0.000136859089 0.0614832826
0.00138929696 -0.076403074
0.053819593 0.0677217394
-0.0353638604 0.0350442454
-0.0399697237 -0.0172183216
0.027535649 -0.0436685383
0.0101021808 -0.0481168069
0.00925359968 0.00493667368
-0.0162272211 -0.0173872169
0.045415733 -0.0327000543
0.02515232 -0.0599855781
0.00899620354 -0.0229042079
0.00520079304 0.0296654012
-0.0831609145 0.119502828
-0.0321038812 -0.0745291933
-0.0491337553 0.0278214589
0.0303453486 0.140947521
0.0262955111 0.00929604564
0.0561514907 -0.00976145454
0.0614079349 -0.00930156559
0.013042273 0.00560978334
0.0146869756 -0.0409412049
0.0666158944 0.0367450118
0.03561211 0.0341203809
0.0103886845 -0.0217447579
0.0190189946 -0.0259079784
0.0165914558 -0.0514557436
0.0380123332 0.00739528053
0.0492419973 -0.0157244187
0.0160153229 -0.0167660695
-0.0533052832 0.00557953585
-0.00723911775 0.0594132803
-0.0100146933 0.090989925
-0.0924585238 -0.0290272571
0.0606690235 -0.033016853
0.0667007416 0.0122598922
0.0462359488 -0.0306848586
0.0911721885 -0.0078063868
-0.0207294989 0.0393491797
-0.0159483142 0.0352882743
-0.00220845547 0.0373910889
-0.0387289822 0.00734788924
-0.00593605498 -0.011467725
-0.0395113863 0.0184803475
0.0278027691 -0.0461899117
0.0534479655 -0.02534361
-0.0457272492 -0.040559385
-0.0574728698 -0.0124065895
0.0269305371 -0.0596892722
0.0397682153 -0.0919421315
-0.00747856265 0.0116867032
0.0623878315 -0.0384472795
-0.00935500767 -0.0552957021
-0.0299264882 0.00729859201
0.0229338128 -0.0434917323
0.0618371107 -0.00753400847
0.081826441 0.0185060371
0.0363782048 0.0346343182
-0.0629075319 -0.00229995628
-0.018474739 -0.0539059527
0.0187080279 0.0155053325
-0.0354251452 -0.00694130594
0.0612394474 -0.0520729311
-0.0755837336 0.00286351913
-0.00582042895 0.0126822768
0.0769791529 -0.086048238
-0.0223429594 0.0170450769
-0.0463259444 -0.00778964069
-0.00320517551 -0.0327920355
-0.102932446 0.0249891952
-0.0586153232 -0.0113595631
0.0335671529 0.0131146722
-0.0227713585 -0.0791093111
0.065132536 -0.119545266
0.00554646784 0.0303356946
-0.0961410701 -0.0250566937
0.00213632081 -0.0494316444
-0.0164520312 0.0601972565
-0.0277200863 -0.00764385564
0.00551724108 -0.0211544856
0.104561791 -0.00844191015
-0.0144920768 0.00268576667
-0.0907496959 0.120881706
0.127260461 0.0401115865
0.009384159 0.032543011
0.0101129254 0.0385486558
0.0348866731 0.109585568
0.0336154439 -0.0356023125
-0.0414229594 -0.105769873
-0.0134238228 0.00706653623
0.0239864271 -0.0539506637
-0.0700558126 -0.0637001395
0.0370023735 0.0281573776
-0.00904979929 -0.00233192137
-0.0260933954 -0.0256419405
0.0673212335 -0.0509922244
-0.02547157 -0.0184686892
0.0373922549 -0.00524162874
-0.0698250532 -0.014545586
-0.0307606924 0.0759958029
-0.0272787791 0.0622621924
0.0253089443 0.0759148374
0.0170831066 -0.0394113585
-0.0915944129 -0.0525961667
0.0141935349 0.0312754326
0.00771768577 0.00406706892
0.0170337223 0.0314616263
-0.0570627004 -0.0427701063
-0.0253674798 -0.0391603336
-0.00951207895 -0.00420225831
-0.0411517583 -0.0159751084
0.0219151061 0.0218390562
0.0107500274 0.000358211604
0.0714602694 0.00699150702
0.00898536481 0.0604502857
-0.0104886647 -0.0243829899
-0.0448508784 -0.0570492595
-0.0718238875 0.00213608565
0.0300591141 0.0269833952
-0.0160006043 -0.0189170092
0.0414282121 -0.019850295
-0.0356833525 -0.073752746
-0.0262668654 -0.0357143357
0.0348154753 0.0748080164
-0.0440733284 0.0449334644
0.00651437975 4.1804491e-05
-0.0219330881 0.0101207318
-0.0347061269 0.0678215176
-0.0157438759 0.0317066424
-0.0527696572 0.0181260519
0.0309866425 0.0553095676
0.0332560539 -0.0108068837
-0.0444198623 0.00195478136
0.0182142034 -0.0197038185
-0.00908520352 0.0339335464
0.0307436772 0.0287096556
0.0743126646 0.025093684
-0.0251894575 0.0206505954
-0.0155374603 -0.023192998
0.082100369 0.0072097145
0.00357277622 -0.11002662
-0.0664783642 -0.0728808492
0.0166101493 -0.0112698218
0.0480131991 0.00198793015
0.0556205176 0.0211235341
-0.00258362177 -0.0309773665
0.0845144764 0.00140465703
0.0472383499 0.0193727128
0.00539373979 0.0428537466
0.0191340633 -0.0264035948
-0.0214124303 -0.00579844089
0.0418669246 -0.0189651195
0.0517131425 -0.0778053328
-0.0311614964 -0.0241554547
0.0252870228 -0.0168418139
0.00463187275 0.0549237914
0.0413165279 0.0585095696
-0.00986003131 0.0581252761
-0.00648880098 0.0643094406
-0.00161408936 0.102826223
-0.0277232975 0.0586362667
-0.0491529256 -0.0222709402
-0.0409218296 0.0259720497
-0.0143807046 -0.0138902357
0.0836544558 -0.00773917418
0.0743970573 0.0537654236
-0.0460650548 0.0365610234
-0.114719547 -0.0210452676
-0.0144958682 -0.0240253042
0.017628774 0.0415316336
0.0683755577 -0.0035093117
-0.0110982647 -0.0205463115
-0.0363267511 0.00364150899
-0.0126188854 -0.0137321819
-0.0660017356 0.00326182088
-0.0596501306 0.0102629708
0.0200412422 -0.0122966981
0.011903286 0.0248491317
-0.0176362302 -0.0067938515
-0.0352926999 -0.0287691392
0.0185021777 0.0169359762
0.00141679496 0.0309973117
0.0378393009 0.0715826228
-0.103622369 0.0203213021
-0.0498457663 -0.0319756567
-0.00257737096 0.00517940149
0.00713122077 -0.0312815122
0.0205654129 -0.000562636065
0.0527564175 0.0874206945
0.0893832445 -0.0658808053
0.0416768864 -0.0262451861
-0.0154545223 0.0249461494
-0.0369616114 0.0170591958
-0.0513603874 0.0873584673
-0.0140953483 0.0611480884
0.0307575967 -0.0566689819
0.000763919787 0.0317563266
-0.045832932 0.0308317263
0.027889777 0.0995295793
0.0171308201 0.103802472
0.00595226046 -0.0752750635
-0.0417843312 -0.0426059365
-0.0830885023 0.0160648879
-0.0139219994 0.0258386284
-0.0303179584 0.0508490242
-0.0213218201 0.085852392
-0.060512092 -0.0187782198
0.00259601627 0.0479683466
0.111447446 -0.0147885373
-0.0444846451 0.0137735642
-0.0027521397 0.019922154
-0.0194177385 -0.00168800936
-0.0573611781 -0.0165614262
-0.0222022124 -0.0402371809
0.00305878138 0.0424161069
0.0687428936 0.0542736091
-0.021034034 -0.0208999142
-0.0385593399 0.0301692467
0.0824536309 0.0312074497
0.0178122781 0.0201414004
-0.00348881306 -0.0340223499
0.0359523073 -0.0136577254
-0.0305237956 -0.0213734731
0.00926483702 -0.0698396489
0.0104857814 0.0361946411
-0.0354934223 0.0129190041
-0.0671686232 -0.00299706217
-0.0640701801 -0.0247090701
-0.00182887597 -0.01599993
0.0398909114 -0.0236060917
-0.0175121948 -0.00239970698
-0.0697655007 -0.0145865288
-0.0530521236 -0.0238431208
-0.0502498522 -0.0208040029
-0.0101052979 -0.0574609749
0.0438120775 -0.0988998562
0.0172640793 0.0447115861
0.0182622503 0.0287352316
-0.0286258645 -0.051013574
-0.00475193234 -0.00749749877
0.0658681244 0.0528498664
-0.0180565361 -0.0390541553
-0.0608976297 -0.0763287693
-0.0304158367 0.0211045127
0.101186246 0.0247002244
0.0651684999 -0.00763001852
0.0357916094 0.0376292653
0.0121740364 -0.0462742485
0.00135263975 -0.0372531191
0.0425919704 -0.0331024602
0.049930878 0.015730815
0.104690298 0.00868331827
-0.00538099278 0.0225506332
-0.053974025 -0.0403446518
0.0270846244 -0.00559685752
-0.0711555555 0.0527453125
-0.050675422 0.00737646082
-0.13307856 0.0472323149
-0.0555828549 -0.0124264583
0.0140827419 0.0122259799
-0.0471725315 0.012781675
-0.0673953742 0.0127278259
-0.0426263399 0.0457850434
0.0542691164 -0.0162112731
-0.003234145 0.0508663841
-0.0320602283 0.00664976984
-0.0130578466 -0.0163136888
-0.0871338472 -0.000453147135
0.00389369484 -0.00396071142
0.0289943498 0.0504751243
-0.0267344229 -0.0459232554
-0.00504556438 -0.0413881056
-0.034718778 0.00388492504
0.0252185035 -0.0265086032
0.0256276354 0.0231163632
0.0392679013 0.0319667533
0.0122083118 -0.0331585743
-0.075961642 -0.0595679581
-0.0137868701 0.0178539138
-0.016650673 -0.0106387734
-0.0957640409 -0.0106716063
0.0201535877 0.00556210149
0.0149292797 0.00230344175
0.030962972 0.0247889422
0.0176474936 -0.00502567645
0.0151324477 0.0697078034
-0.00410251319 -0.0116232969
0.0339386091 0.00626924634
0.104665011 -0.0525068082
-0.0432180241 -0.0429872051
0.0169183481 0.00556119904
0.0641471669 -0.0889834613
-0.0173239112 0.0402672552
-0.0575324781 0.0140091935
-0.0233891997 -0.018689543
0.0746677369 0.0358030796
0.0176384114 0.0707447976
0.00778796664 0.0169867296
0.0135169718 -0.0302525368
-0.0447431654 0.0168641228
0.0710871816 -0.0197314322
0.0945003778 0.0399920084
-0.0129584866 -0.00520864595
-0.0681111366 0.0228427704
0.0404402018 0.067294471
-0.045323316 -0.013497442
-0.0529493093 -0.0341885164
0.0334045477 -0.0149171427
0.00960926618 -0.0555124693
0.0435707979 -0.0483884141
0.00757071609 -0.0549686588
-0.000207067176 -0.0414561071
0.10437905 0.0764257759
0.098569721 -0.0296001937
0.0602637716 -0.0732557178
0.0296005234 -0.00107138604
0.0451926291 -0.0406829678
-0.0215781052 -0.0150840664
-0.056418445 0.000893233402
-0.0232916679 0.02261848
0.0666282997 0.0752099976
0.0113723967 0.0162736494
-0.0440379642 -0.077249147
-0.00665643672 -0.0419962406
0.00439853314 0.0654879808
0.0282190237 -0.0729862824
-0.0341682099 -0.0152503811
-0.0746459737 -0.0109387366
-0.0273216572 -0.0457647145
-0.00199845922 -0.0129227424
0.0281967875 -0.00760346791
-0.111078151 0.0189514421
-0.0188319143 0.0618361905
0.0518643633 -0.00285438471
0.000621867599 0.0479416363
-0.00203967188 0.0597510375
0.00108138192 -0.0188495051
-0.0131010134 0.0720578954
-0.00473459763 0.00474185357
0.00228298665 -0.0313197598
0.0516057052 0.0249801092
0.0433579646 -0.0472488031
-0.00170736306 0.0867945254
-0.0834436864 0.0641090721
0.0406838097 -0.0690874979
0.0404192768 -0.018146826
-0.0423427746 -0.00325524365
0.0454137847 0.0451691709
0.0936851129 0.00218782364
0.0324105136 0.0221283659
0.0873589218 -0.0183377378
-0.00164947717 -0.00666329451
-0.0278921276 -0.0552216657
0.1097923 -0.0326929837
0.0521479808 0.103343397
0.0214372296 -0.0252854321
0.0437401347 -0.0103229955
0.0704913139 -0.0192792378
-0.00572413485 0.00446470873
-0.0502605811 -0.0567518026
0.0380629078 -0.020377649
-0.047935497 0.0783944502
-0.0582213849 0.00557846343
0.0335236825 -0.00968588889
0.0276483595 0.0965548232
0.0362362005 -0.0152885597
0.0018919002 -0.0686137453
-0.0333049782 0.0137773659
-0.013398692 0.00299764657
0.0260435324 -0.0640329495
-0.0548820607 -0.00126832759
0.0367611274 0.0297155958
-0.000587223738 0.0163103193
-0.044365637 -0.00314866169
0.0712899938 -0.0234946683
-0.0423516631 -0.0801328421
-0.0710627586 0.00959284604
-0.035811685 0.0590905137
-0.0539923571 0.0273507796
0.0043277666 -0.0461313725
-0.00384358177 0.0018580032
-0.0719192848 0.070018962
0.0291282441 0.0231187418
0.0234440193 -0.0380944274
0.0511741638 -0.060211096
0.0301373862 0.020145148
0.00416385802 -0.0123116449
0.0166102406 -0.00076605269
-0.0465436243 0.0389126092
-0.0334838368 0.0183431078
0.0348100029 0.0526566133
-0.0395007655 -0.0434745587
0.111605301 -0.0248217117
0.0388471782 -0.0274403915
-0.112850301 0.0015476743
-0.0337199904 0.0453784093
-0.0212077033 -0.0603223667
-0.0320405886 -0.0535095036
0.00387650356 -0.0828680024
0.0127132963 -0.0723667815
0.0368808024 -0.00917942915
-0.0510898307 -0.00302111544
0.0698529407 0.0366313457
0.017355904 0.0513568036
-0.0560451597 0.0759632662
0.00359940273 0.0319974385
-0.0601879172 0.00902937166
0.00136472832 0.0400155783
0.030645214 -0.0707541704
-0.00676064752 -0.0438309051
0.100926571 -0.00291303941
0.034531381 -0.0120964088
0.0232926104 0.0726222098
-0.0109005952 -0.0185242258
-0.00512152538 -0.0683590919
0.0480636805 0.0211802833
-0.0305448472 -0.0610451959
-0.00672501465 0.0424191132
-0.0195016675 0.0804798529
-0.0292773079 -0.0250309706
-0.0369478315 0.029345654
0.0199821386 -0.0525356717
-0.0482149012 0.0176854078
0.0337893404 0.0376292169
0.075519219 -0.000425100967
-0.0317208432 -0.0136902649
-0.0129994415 0.00527922064
-0.0473166667 0.0212874282
0.0262287427 -0.0299081448
0.0372589827 0.0436566845
-0.0431823954 -0.0221386291
-0.0215209406 -0.0461069867
-0.040559765 0.0133595485
-0.0065960167 0.0341467783
-0.0100435773 0.0135118086
-0.0364733338 -0.00847125147
0.0074447887 0.0284927823
0.01139344 0.0579170249
0.0104813715 0.0877039656
-0.128305748 0.00670389319
-0.00197939738 -0.0322072692
-0.0222153366 0.000760507595
-0.00100233045 -0.0396199562
0.0171883628 0.00828669313
0.0377213545 0.0968781561
0.134995803 -0.0217300076
0.0458681211 -0.0243210923
-0.00652246596 0.0466762446
-0.0280120354 -0.021419894
-0.023367418 0.0748831779
-0.0490727499 0.054189641
0.0500288643 -0.0272549223
0.0202210527 0.0056798365
-0.0229483377 0.0391094014
0.000395969197 0.0887832865
-0.00845575612 0.0701203346
0.0494753309 -0.058195848
-0.0142699406 -0.076731734
-0.0764547065 -0.000935534481
0.0263064988 -0.00516874343
-0.0589634627 0.0314097181
-0.00708970521 0.0998186991
-0.0678251609 -0.0288671888
-0.0175342821 0.0376985148
0.106314413 0.0446976945
0.0644700751 0.0574571937
0.0308226626 -0.00123995205
-0.0421905182 -0.0219382867
-0.0497422852 -0.0113098053
-0.025383316 0.0182394516
0.0603843816 0.033171393
-0.0155317765 0.0848460123
-0.0692937449 0.0388837159
0.0271088649 0.0241822023
-0.0924408212 0.02097998
-0.0797494352 -0.0943776593
0.0522727109 0.0674099252
0.0341310948 0.0335526206
0.0590864941 -0.0712031871
0.0036311741 -0.011997031
-0.0033926894 0.00915290602
-0.000313961558 0.0589299612
-0.0184631869 -0.0114906151
0.0116305957 0.02463145
-0.117029771 -0.00328989071
0.057460364 0.00798528083
-0.0076644416 0.0400061533
-0.0504110605 -0.0190495923
0.0489605926 0.022423733
0.0156856924 0.0374588035
-0.0260270257 -0.0184761584
-0.00557427993 0.017321771
-0.00691349898 -0.021342149
-0.0308589116 -0.06011061
-0.0598316602 0.0147827175
-0.0138880508 -0.0124660907
0.0394347534 0.0486583747
-0.0105621088 0.0718352422
-0.0523510017 -0.0443772115
0.0351891182 0.00876501855
-0.00718376925 0.04721554
-0.0180011466 -0.0576938912
-0.00106332288 0.0201869812
-0.0451965854 0.023273414
-0.0441996567 -0.00750210928
-0.0717765689 0.0312513933
-0.00292066159 -0.0129680261
-0.0108770207 0.0165234096
-0.0267676581 0.0183760282
-0.00259032007 -0.0692734495
-0.0179277118 0.00410073809
-0.0366704501 -0.0333501212
-0.0380301438 -0.033692684
-0.00332116312 0.0238513611
-0.0147714224 -0.0272803325
-0.060447488 -0.0232333187
0.00408469187 -0.0505856648
0.00396819832 -0.0172979683
0.0342201963 0.0158884097
0.00424344279 -0.066389069
-0.0132998731 0.0269671194
-0.0486983731 0.0323026367
0.0139144352 -0.0369823501
0.0478108637 0.0534210242
0.00395419821 0.0770607591
0.01366919 0.0383773111
0.0468404554 0.0247298181
0.0282226298 -0.0209444501
-0.0328481346 0.0355219841
-0.0775472671 -0.021137815
-0.0382571481 -0.0620625466
-0.00928995572 0.0156946983
-0.0508678854 -0.0298111048
-0.0161115136 0.0174475648
-0.00723209046 0.0664168894
0.00106780988 -0.000127014719
0.0163506772 -0.0325102992
-0.0206676964 0.00978490245
-0.042858053 0.0255682301
0.035655994 0.0576555841
0.0736774951 0.0450418256
-0.107881315 0.0393771864
0.0350497998 0.0687201247
0.0704108179 0.00936965365
-0.083673507 0.00637573376
-0.000806907017 0.0309852529
0.0521820337 0.0295788981
-0.0338826142 0.00716805132
-0.105594255 0.0340141803
-0.0208469853 -0.0365769006
-0.000341823528 -0.0896735564
-0.0549998991 -0.0592783652
-0.0243071951 0.0208990332
0.0419718288 -0.009323081
0.0200559106 0.00288901082
-0.0202296898 0.0145139797
0.0772053301 0.0722300038
-0.0215876866 0.0540989228
-0.000199948176 -0.013991815
0.0104051996 -0.0470780879
0.0214171726 -0.00250053545
0.101390041 0.0401229598
0.00599197671 0.00663944101
0.0168718975 -0.00455231266
0.0548811927 0.0193982068
0.0479940251 -0.070106037
0.0366901681 0.048933316
-0.0929074809 0.0593234561
-0.0454040207 -0.0154954316
0.0660367906 0.052092582
0.0484368578 0.0587415248
0.0396863185 -0.0157373734
0.00958971307 0.00721368659
-0.00160938827 -0.0156744756
-0.0253011584 -0.0607284606
-0.0128218913 0.0326683149
-0.0458663516 0.0392104313
0.0353295058 -0.0564511344
0.0491968133 -0.0456109606
-0.0507036597 -0.0612002611
-0.0302247554 0.00818778481
-0.0342222191 -0.00681027444
0.00660254806 -0.0565364175
-0.0154333422 0.0403510109
-0.027757518 -0.0398658216
0.0397769511 0.0495552421
0.114750385 0.0203009956
0.0974167958 -0.0474643409
0.0320201516 0.0552165844
0.0316104218 -0.0785590038
0.00721395714 -0.0937712863
0.0154680815 0.0317471884
0.018527016 -0.0083638113
0.00973908417 -0.0204725377
0.044781357 -0.0453518704
-0.0301244911 0.00748803886
0.0090660667 -0.0322063006
-0.01562801 0.0172354598
0.0145498654 0.00690106675
-0.018557677 0.017518783
-0.0125257168 0.0185396411
0.0605456606 -0.0329799578
-0.0159679707 0.0139411194
0.0468252599 -0.0800037012
-0.0316519588 -0.109046556
0.0102662323 0.0247594509
0.0599570647 0.0204343069
0.0410168357 0.00439990591
0.0212683864 0.0596537665
-0.0815813616 0.00874446984
-0.0221603028 -0.0727526918
0.0412475169 -0.0658011585
0.101934433 0.0294045825
-0.00662827678 0.00812038872
-0.0691686869 0.0104764597
0.018898055 -0.0106223598
-0.0310238376 -0.04823054
0.010094557 -0.00244730921
-0.0609290153 -0.0133204265
-0.0329692736 0.0165284835
0.0757520497 0.0552299842
0.00040866842 -0.0154434405
-0.0201417934 0.000939161517
-0.00630329782 0.0349489711
0.0247822981 0.0983683541
0.005475224 -0.00369962235
-0.0368430018 -0.0281340536
-0.0123484368 -0.0184900444
0.015316111 0.0179881211
-0.0241107065 0.0665832907
-0.0359050669 -0.0348526053
0.027808208 -0.0379763208
0.00109908776 0.0397879072
0.0592251047 0.0383562297
0.00788029097 0.0131462384
-0.056223087 -0.0131020499
-0.0719283596 0.0104845129
-0.0897143409 0.0558385365
0.0704390928 0.0264713634
-0.0460700206 -0.0442323945
0.0589451529 0.0111975363
0.0890771598 0.0463193953
-0.0491330288 0.0134372348
0.0543117113 0.032892555
-0.0180511978 -0.00625555078
0.0217450801 -0.086853832
-0.0452922545 -0.0748941302
-0.0407340489 -0.0134128807
-0.0297304187 -0.0177390985
-0.0274265427 0.0207658652
0.11123246 0.0337788686
0.042048268 0.0322702192
0.0944417119 0.0302864183
0.0287802853 -0.0122245951
-0.0348694362 0.0174413398
-0.00240382552 -0.0364293642
0.0555928126 -0.0427917987
-0.00976161659 0.0157101173
-0.0568208508 0.00376971811
-0.00719990907 -0.00474212971
0.0301454868 0.029717641
0.0299871527 -0.0264912099
0.0450664721 -0.048362799
0.00966490339 0.0518300422
0.00731650926 -0.0602779724
0.00235713343 -0.0373628028
-0.0726636052 0.00436379248
-0.0190837514 -0.0110742068
-0.0107457377 -0.0444517955
-0.0568560362 -0.0348991863
0.00957385916 0.066174157
0.0236351918 0.0178654715
0.041596055 0.0735938624
0.0193240978 0.00773817394
0.00231527514 -0.0270930957
-0.0479985662 -0.0103811026
0.0481888764 -0.0179374386
0.0732700899 0.0581352226
-0.0148803033 0.0239286646
0.0683808178 -0.0272599291
0.019320799 -0.0508760624
-0.0226753466 0.00115577702
-0.0835586041 0.0311344378
-0.0440767109 -0.0697208419
0.0123565663 -0.100739881
-0.068990536 0.0217095483
-0.0241917484 -0.0581677072
-0.0284196734 -0.0597040318
-0.0136998659 -0.0122480942
0.0597756021 -0.111752674
-0.065562956 -0.0243461505
-0.0361735746 0.116131589
-0.0280322786 0.0966571569
-0.0151074873 0.0187457204
0.0391277522 -0.0127364555
-0.056186825 -0.021498654
0.00131494226 0.0110409949
0.00793778431 0.0108136516
-0.0152855814 -0.0269754063
0.0977899879 0.0213252138
0.0201666821 0.0340430178
0.0511495322 -0.0302620754
0.153591245 0.0642161965
0.0402540565 0.0474902987
0.0574412905 0.0091550881
-0.0517402925 0.069840461
-0.0737507045 -0.00860108528
0.0114115356 0.0170488991
0.0621256605 -0.0131634204
0.0785368457 -0.0191110838
-0.0213179011 -0.0450241789
0.0115547525 -0.0022479191
0.0733407363 0.00211539189
-0.0031394409 -0.0235883277
0.0224651974 -0.0103920475
-0.00704103475 -0.0239968728
-0.00951909926 0.0317611508
-0.00213041785 -0.0118949302
-0.0269344449 -0.0536956601
0.015610218 0.0111732846
0.0333377086 0.0463721156
0.0202375297 0.0632553399
0.00808182359 0.0202386472
-0.0598570667 -0.0378433429
-0.0743395686 -0.0372538343
-0.0216665175 0.020270519
0.0367723368 0.0822383538
-0.026893774 0.0830446854
-0.0560509562 0.00783180073
0.032201454 0.0464067385
-0.0409521274 -0.00585053349
-0.0565198623 -0.101025417
0.0180099867 0.0391966105
0.0343731456 0.0336805582
0.0808050632 -0.0515540726
-0.0204336885 0.0025767372
-0.0206476096 0.0417222381
-0.0702037886 0.0213086549
-0.0598768219 0.0215339419
0.0292319395 0.0258889236
-0.0838775337 -0.0174570996
0.0292400345 0.0193232615
-0.0145305125 0.0101380153
-0.0535221212 -0.041200906
0.0358323827 0.0541130006
0.00955486111 0.0517639332
-0.00772671588 -0.00728022354
-0.0112729156 0.000855732651
0.0353589542 0.0125558916
-0.0160831958 -0.0516826659
-0.0379756615 0.0087107392
-0.0170626976 -0.0514057167
0.010492391 0.0208262503
-0.0310681593 0.00296950643
0.0464066342 -0.0737045407
0.00961187296 0.0243097506
0.0375180095 -0.0347292647
-0.0132208401 0.0011278874
-0.0471527353 -0.0077965199
-0.0119958408 0.01701767
0.0106380396 0.0945909619
-0.0405157283 -0.0186550263
-0.0350180194 -0.0198930576
0.0186629593 0.0119338585
0.0450441539 -0.0296212789
0.0216623005 -0.027788382
0.0340396501 0.00500905793
0.03466608 0.0140390573
0.00493492931 -0.00632417481
-0.0452624559 0.0222371649
-0.0292107556 0.00954182912
-0.0819878429 -0.0185115878
-0.0554511845 -0.0490936935
-0.0271978006 -0.0814991817
-0.0342500769 -0.0395794399
-0.00577075128 -0.0281920526
-0.054559052 0.0221677087
-0.0669705793 0.0231918562
-0.0469029136 -0.00372520136
0.0119802915 0.00734311109
0.0114291664 0.0238431934
-0.00273965299 0.00173066044
0.0294199325 -0.0435727425
-0.012455768 -0.00855190586
-0.0696685761 -0.028843686
-0.125412628 0.0525001287
-0.0195857398 0.00844179094
0.0543603748 0.058928322
-0.0773080215 0.079116337
-0.0248519108 -0.0427920744
0.000208536861 -0.00192644284
-0.0375477448 -0.0613385774
0.0211156327 -0.0295733958
0.0677157417 0.00110511796
0.0687093064 -0.0387842059
-0.0810616985 0.0204479732
-0.12181709 0.00656186463
0.0535237528 -0.00655691139
-0.0389954112 -0.0589752197
0.0265888497 0.00867207255
0.028703602 0.0558287203
-0.0848736912 0.00709711527
0.0124278329 -0.0035872336
-0.00100241357 0.0722186863
0.000523092283 0.0649718866
0.056919314 -0.0691137165
-0.0493238941 0.0157080479
0.0250216667 0.056417007
0.00567710074 0.00273656659
-0.117884114 0.0495716408
-0.00646221917 -0.012980056
0.0756268576 9.33086922e-05
0.0272313878 -0.0228301473
0.00748377293 -0.0486930348
0.0156661849 -0.063481845
0.00654728292 -0.0317998193
0.0685568675 -0.0701224208
0.0369860828 -0.0336100347
-0.0227718577 0.061365556
-0.00674675312 -0.000603381137
-0.0269319266 -0.0446065664
0.00389699638 0.0463262238
-0.0151613923 0.107724652
-0.0642966479 -0.0298060998
0.019510936 -0.0282806233
0.0349272229 0.0857915953
0.0122560039 0.00552363927
-0.0227611344 -0.0238218792
0.027177887 -0.0160756614
0.0380274914 0.0217763502
-0.0383267812 0.0518187545
-0.0444427207 -0.0363633633
0.0124499137 -0.0221197419
-0.0259797946 -0.00989811681
-0.00542640314 -0.0342618227
-0.017194543 -0.051236473
-0.0162284039 0.0446691588
-0.0927116871 -0.0262550693
-0.00257206243 -0.0215871576
0.0674493164 0.0849579498
-0.0184583534 -0.0503057688
0.0535737202 0.0398857109
0.040020626 -0.0134090129
0.0802453682 -0.0164209325
-0.0229560491 0.0309394225
-0.0966842994 0.00273052952
0.00563786086 0.0139120119
-0.065845795 -0.0112734316
0.0472520143 -0.0212793238
0.0157997366 0.0468992293
0.0312904119 -0.00128757511
0.0599714033 0.0638444126
-0.0579041503 0.0208343323
0.0119232927 0.0108625228
0.0493523218 0.0394716375
0.00600180961 -0.0126524502
-0.0884738937 0.0227107164
0.0108497608 0.0316228308
0.106338054 0.0661644787
-0.0544024855 0.0399166942
-0.0318675861 0.022616541
-0.101511382 0.0389506221
-0.00271593058 0.0820111707
-0.025929058 -0.0707741454
-0.0594988875 -0.0454542823
0.0578046702 -0.0726587474
0.0740595981 -0.0745285749
0.0611772723 0.0292868968
0.0310184676 -0.0600459725
0.0154011529 -0.0864975303
0.0265175346 0.0333813727
0.0013515444 -0.0292723123
0.0560221523 -0.0155154103
-0.00321993208 0.0237036999
-0.0568099581 0.0701529756
0.0127473371 0.0918770283
-0.0647471622 -0.0116904797
-0.0605353788 0.0150173111
0.0518612303 -0.0350586176
0.0585518181 0.0308311507
-0.0339124948 0.0438281782
-0.00222207559 -0.0795256868
-2.43623381e-05 -0.0204879064
-0.0127066383 -0.035337545
0.0137665262 0.0150946425
-0.000638293044 0.0135875326
-0.066012308 -0.0426809192
0.0365885757 0.038376499
6.57395212e-05 0.00488388864
-0.0991641656 0.0212379172
-0.0270355344 0.00936943106
-0.00128132268 -0.0548045076
0.0122667961 -0.0329053961
0.00980527699 0.042113781
0.0495939702 0.012313704
0.0350300558 -0.0541130006
-0.00204268494 -0.0406189039
-0.0176768005 -0.00471384544
-0.0188503265 -0.00210922793
0.0340025537 0.0721655115
0.121534072 -0.0326864198
0.0499399006 -0.0713398829
0.0384528823 0.0341689996
-0.0118921325 0.007882162
-0.0615388863 0.00992649049
0.0456484929 0.0276378524
0.0573794246 0.0586337112
0.0284012239 0.0172061808
0.00452549569 0.0221569221
0.0443331897 0.016261477
-0.00153799274 -0.0293577388
-0.0644661337 0.0316205472
0.121389017 0.00404161029
0.103106216 -0.0513682924
-0.00842864439 -0.0161803924
-0.00724361371 -0.0181427691
-0.00598661462 0.0390254818
0.0246859938 0.036237482
0.0179608539 -0.00716555305
-0.068653658 0.0659483001
-0.0369600207 0.0062751756
0.0447481908 -0.0154031739
0.021485297 -0.0361844562
-0.0881111175 0.00994316116
-0.0489877835 -0.0628987476
-0.0690554678 -0.031927187
-0.0490819104 0.0557525307
0.024995178 0.0357860401
0.0445335358 -0.0210271385
-0.0211149268 0.00530376704
-0.023838345 -0.00858567934
0.01445767 0.0236271676
0.0362623669 -0.0209092256
0.00633538701 -0.0603062809
-0.0190118365 -0.0217450224
0.000279114902 0.0307269339
-0.00468757516 -0.0639280751
0.043612577 -0.0179041717
-0.0627944246 -0.0210516714
-0.0185751114 -0.0329835825
0.0160241704 -0.0948072225
-0.0300256629 -0.0442644581
0.024615787 0.0609266534
-0.030459173 0.031458471
0.00861305837 -0.0113512008
0.00835673325 -0.00927865412
-0.0596357286 -0.0275386516
-0.00424534595 0.031330429
-0.0275010373 -0.0232079495
-0.0740306899 -0.0394835398
-0.0333471 -0.0202525035
0.0392856933 -0.00189759268
0.0485417396 0.0442757569
0.0603896119 0.0482011549
0.00871583261 -0.0128891552
-0.0575661212 0.0234357677
-0.051723849 0.0438289568
0.0347226188 0.0318542384
-0.0704272389 -0.000479696086
-0.0456139334 -0.0238454323
0.0347608067 0.0507570654
-0.00675791129 0.0415679254
0.0765931308 0.0123243323
0.071675688 0.0463149697
0.0086437026 -0.105624758
-0.0186128914 -0.0658707917
0.0277724545 0.0539522618
0.0960738063 -0.0213676002
-0.0448173918 0.0191420652
-0.0637518317 0.00795579515
-0.0168578271 0.029860815
-0.0302455779 -0.0294777416
-0.0205346867 -0.0634266585
0.0457454547 0.0293898173
0.0123925731 0.0199971385
0.00605746033 0.0384056643
0.0692692101 0.0330207236
0.0014351568 0.0141201606
0.0518857874 0.0555905364
0.0515763871 0.0854183584
-0.0955266356 0.0349907093
0.0538691878 -0.0200068802
0.0541080572 -0.00426215259
0.07069242 0.0397237539
0.102633335 0.0146263279
-0.000953898299 0.0871878192
-0.0543490537 0.0116381189
0.0637560859 0.0119553208
0.000463065284 -0.00385040301
-0.0369316489 -0.0844578519
0.071833156 0.073537901
-0.00153182505 -0.0388034135
0.0664456114 -0.0306532625
0.0471545085 -0.0162441041
-0.0294238199 -0.0809306204
-0.0222351719 0.0346874334
0.00298448466 -0.0368333459
-0.0874800682 -0.00989534333
-0.00870525464 0.00363017595
0.00122071407 0.032883428
-0.073201105 0.0909355506
-0.0158378109 -0.0241153426
0.0141667593 -0.0289764516
-0.0662048906 -0.000722421682
0.0790754035 0.0114547657
0.00511236256 -0.0267102495
-0.0775000528 -0.0105815846
0.000951839436 -0.0376079679
-0.0244461503 0.00967986137
-0.0529797822 0.00829335209
0.0285922475 -0.0562353842
0.00255133933 -0.00479826098
0.046550855 0.0124348504
0.0170314666 -0.0163998399
-0.0354339927 0.00195820793
-0.00565452129 -0.0102067022
-0.00868736394 0.0658066273
-0.0216208417 0.00113648956
-0.0235860981 -0.00745164836
0.00035940978 0.0182461366
0.0414225794 0.0231702942
0.0456665643 0.0263814628
0.0182126816 0.00912372395
0.020823231 0.0371200405
0.0119899996 -0.0280522797
-0.0297683571 -0.00326894131
0.00747304782 0.00966612343
-0.0454637147 -0.0148250889
-0.0201705061 -0.0805526748
0.0161853153 -0.0841818526
-0.0236081202 -0.0502761602
0.00999925286 -0.0106088342
-0.0649942085 0.0139398389
-0.104753129 -0.00829362217
-0.0140072489 0.013284537
0.0484960452 -0.00438800408
-0.00757042877 0.0295129996
0.0142013254 -0.0212286059
0.0313205235 -0.00610349467
0.0163998269 0.0361270458
-0.0350593962 -0.0279317815
0.060326267 -0.0221429709
-0.0338834003 -0.0712520629
-0.0171588715 -0.049751576
-0.00878138375 0.00138876284
0.00848792214 0.0101805003
0.0479275659 -0.0762288719
-0.00210180972 -0.0211287234
0.0361808278 -0.0556938648
-0.0287747495 -0.040052332
0.000475485955 -0.044337485
-0.054450538 -0.0433962904
-0.0436614268 -0.000412621943
0.0301790219 -0.0604577698
-0.0224997681 -0.0207256563
-0.0530945249 -0.0134607106
0.0457878001 0.0985223278
-0.0596717112 0.0480941832
-0.0489646047 -0.0981926024
0.0268546399 0.0200941805
0.0194112845 0.00853985455
0.0488442928 0.0233107787
-0.00670200912 -0.0665866137
0.0203620251 -0.0486134589
-0.00637933239 0.0511156954
-0.0720661059 -0.0894921497
0.0166072398 0.0074509182
-0.0332273133 0.0949671045
0.0488730557 -0.00612827437
0.0173176993 0.0150068821
-0.052615758 0.0261746049
0.0113189435 0.025596451
0.0163138006 0.0189938992
-0.0691705197 0.0148359751
0.0191599578 0.0238687657
-0.00864078198 -0.0129112434
-0.103601396 0.0602999106
-0.0449617244 0.104658268
0.0404467098 -0.0408016928
0.0301352069 0.0374562815
-0.0478330068 0.0399670713
-0.0500761233 -0.0275600236
-0.0072697592 0.0266448129
-0.0294626113 0.0177041627
0.0183136687 -0.0110798581
-0.0159236733 -0.0748274773
-0.0630757436 -0.0731176659
-0.0176478159 -0.0281356554
-0.0259120893 -0.000685623963
-0.0169463772 -0.082320556
0.0327832513 -0.0736572295
0.0631273463 0.0327266939
0.0323961228 -0.0489191003
0.0412145033 0.0133889178
0.0145356674 0.0846395195
-0.0654761717 -0.0296150018
-0.0569839962 -0.0302971713
0.0282116439 -0.010781182
0.0411146134 0.0656274408
0.0333445966 0.0566774532
0.0489986651 -0.020128848
-0.0451643728 0.0746824592
-0.116463907 0.0126448553
-0.0164191425 -0.00393363042
-0.028649617 0.058143802
0.0208683405 -0.0251445677
0.0471062697 -0.0238087606
0.043445155 0.00891680177
0.0223442111 -0.00215484202
0.00977732427 0.0198351052
-0.0200894885 0.0378856882
0.0400379933 -0.0346853435
-0.00942468643 0.0287147984
0.0112464949 0.044809632
0.0348880291 -0.00990786497
-0.0545279421 -0.0514413826
-0.0397686884 -0.0315729082
-0.0479082502 0.0611666963
0.00818805676 0.0172492657
0.00827103388 -0.0583689511
0.00862510502 -0.0606529489
-0.00669815997 -0.0671354085
0.0929084271 -0.0251164231
0.0754381716 0.0755003989
-0.0512858629 -0.0142590795
-0.0458909832 -0.0281009153
-0.051883705 0.0124229807
-0.031154085 0.00310687046
-0.0703187585 0.0359020084
-0.124255858 0.0245224573
0.0815403163 0.0182569772
0.052903831 -0.0141798938
0.000915466633 -0.0245656148
-0.0150767388 0.0263869483
-0.0279864911 0.0226855148
-0.0414157771 0.104027003
-0.018465437 -0.0158526916
0.0533858016 0.0198544227
0.0242743138 0.0269438028
0.0238965191 0.0537464246
0.0068632639 0.0713524297
-0.0556374826 -0.0100334836
-0.0304686707 0.0574717894
-0.00912489276 -0.0141424406
-0.0575039536 -0.00363957696
0.0244803857 0.0491569415
-0.00472131046 -0.0504007228
0.00219457061 -0.0348050855
0.0513547324 -0.0911944732
0.0782800242 -0.0326992944
0.0336745009 -0.0175781325
0.0310870316 0.0105375899
0.0308712553 0.0293938369
0.0254730228 -0.0586631596
-0.0114465607 -0.0386300758
0.00789679866 -0.0805641636
-0.0120856939 -0.00327475835
0.0277328826 0.0799338371
-0.0649199635 -0.0235004351
-0.0169088002 0.016173685
0.0230219979 -0.0189857148
-0.0222459491 -0.0167580415
0.0133548556 0.0798914135
-0.0488407724 0.00922259316
-0.0174265876 -0.0304749794
0.0498856939 -0.0499223396
0.0230502896 -0.0112564964
-0.00672434364 0.036103446
-0.0181551185 -0.0445646085
0.0458388887 -0.0316668265
0.0342246443 0.00544849364
-0.049440667 0.0430561192
-0.0332517177 0.078837961
0.0685543492 0.00834039878
0.0730819181 0.0174432751
0.00889275502 0.000234724183
-0.0131533155 0.00214451062
-0.00175702269 0.0353885442
0.0507894531 -9.87779713e-05
-0.079459317 -0.0448237807
-0.0573117845 0.0319161341
0.0361777395 -0.00552085415
0.0714176074 -0.0103817722
-0.0661033019 0.0169063564
-0.0461860821 0.00384474848
-0.0145862009 -0.0277925264
0.0568630025 0.0136681311
0.0922637433 0.105158634
-0.0183221288 0.0233932026
0.0447738282 -0.062357001
0.0451053903 0.017500028
-0.0229981951 0.0485837385
0.0382308736 0.0670994967
-0.000107083695 -0.045673959
-0.0730429813 0.00710316328
-0.0165816862 0.0235937573
0.00902254973 -0.0287984665
0.00229987362 0.0445150062
0.0118558081 -0.0370070301
-0.0165685043 -0.0257505029
0.0201780982 0.0274097528
0.0208759569 -0.0444129817
0.0317436308 0.0133160157
0.0533632338 -0.0549449436
0.0509569682 0.0258905198
-0.00131011463 0.0705619976
0.00997481216 -0.0762704313
0.0844338313 -0.0236012619
0.0554876588 0.00444543269
-0.043168325 -0.137755424
0.0307891686 -0.122780196
-0.0393670537 0.0271844957
-0.0115682092 -0.0310364626
0.0357758366 0.00785055757
0.00797097944 0.0951446146
0.0019197826 -0.0301128477
-0.0509749167 0.0481728129
0.000832787482 0.00334711187
0.0303795058 -0.0457575768
-0.0315868556 -0.0121535975
-0.0598546751 -0.0685336441
-0.0559611581 -0.0661810786
0.0311867874 0.00971692707
0.0635418594 0.0849317536
0.0482035503 -0.00753820874
0.0594903305 0.0115160495
0.0641534403 0.00164814771
0.0764545724 -0.0592681393
0.0166897513 0.084365502
-0.0372689329 -0.0724649429
-0.0263723806 -0.0501207523
-0.00751685305 0.0454520248
0.0240646321 0.000421532517
-0.0571615212 0.0213756543
-0.0228420291 -0.0666227266
-0.027497936 0.0587350763
0.0920869038 0.0964653939
0.00438157143 0.0210658889
-0.108912729 0.0440139398
-0.00329621392 -0.0166821443
0.0533148944 0.0531008095
0.0379828699 0.0652012601
-0.00496682292 0.024240382
0.00240501133 0.0583505556
-0.093927063 0.0219749082
-0.0584260188 0.0108292615
0.0636446923 -0.014226093
-0.002640791 0.0170988292
0.0378230922 0.0837155133
0.0706163645 0.00827125274
-0.0304897875 -0.0170485768
-0.0879291892 -0.0121519025
-0.103689402 0.0120220548
0.00197543949 0.00529948063
0.0282892939 -0.0437254943
0.00322845997 0.0374273881
-0.0330353417 -0.0141126178
0.0546603128 -0.0493776836
-0.0395625494 0.0243025646
-0.0106882574 -7.89006153e-05
0.0708023459 0.0141684869
-0.0242379233 0.0109046316
0.0590766594 0.0370610915
-0.0455156155 0.0734600797
-0.00487715192 0.032740131
0.00305369752 -0.00384618877
-0.0951527059 0.00946755335
0.00658538193 0.00144284067
-0.00932722166 -0.00664344337
0.0574874952 0.0571919195
0.0145506337 -0.00844550226
0.0709901601 0.0614701696
0.0154609708 0.00655923085
-0.0709435418 -0.0480584018
0.00856385473 0.0694868714
0.010231101 -0.115196235
0.0522029102 -0.0760927126
-0.027928168 0.0896861106
-0.0162846092 -0.0308002792
-0.0078271497 0.0437472723
0.0407757349 0.028260313
0.0449359305 -0.0958913118
-0.0688800588 0.0174417663
0.0626556575 0.0720044971
0.00316303759 0.0206700582
-0.016781453 -0.00545087876
-0.0190751441 0.0730823576
-0.0432996303 0.0453388914
0.0725435689 0.0215868317
0.0455749445 0.00609134836
0.0108556477 0.0139220627
-0.00682684826 -0.0875145495
-0.0127853444 -0.0853324682
-0.0630601868 0.0083091855
-0.0184128378 -0.0512531996
-0.0322016887 -0.0798535347
-0.00666082464 0.0319660567
0.0703234226 0.00123047491
-0.0172077548 -0.0923530832
0.0174043141 -0.0384112298
-0.0158548132 -0.000374233263
0.00977024343 0.0217551179
0.0665216893 -0.0458842218
-0.00263238861 -0.0256715883
0.0508400723 -0.0791016519
0.0282568149 0.0109837409
-0.00807238929 -0.0516585074
-0.0497794114 -0.0723787323
-0.015050197 -0.0164027773
0.0705694929 -0.0411672741
-0.0311853625 -0.0453617722
-0.0336879492 -0.0434045158
0.0319837034 0.115524642
-0.0734274611 0.0205056574
-0.0259833802 -0.0948722586
0.0125361206 0.0389200598
-0.00672415877 0.0453046411
0.0199475195 0.0431936681
0.0367080867 -0.0520096235
0.0209860876 -0.0411643535
-0.0360220559 0.0575782023
-0.0254460797 -0.0902490988
0.0365511626 0.00109000958
-0.0258032437 0.0617325492
0.0688060448 -0.0183072947
0.00417553866 0.0175692569
-0.0500113852 0.0135285798
0.0402822644 0.0586329177
-0.0281308126 0.0145485699
-0.0645099655 -0.0916094705
-0.0457244404 -0.00671338849
0.0394884124 0.0252366737
0.0179321766 -0.0346850269
0.0126892915 -0.0441005081
-0.017002888 -0.0155474199
-0.00414999528 0.0323429443
-0.0442170091 -0.0739449114
-0.0552131422 -0.00326644653
-0.0254423786 0.015124565
0.00798955373 0.0126186917
-0.0631080121 0.0763216764
-0.00324552157 -0.0221487638
-0.0767773837 -0.0408691429
-0.0198759194 -0.0544251539
0.0664213896 -0.0766735822
-0.060693536 0.00344703067
-0.00455977628 0.00119964685
0.0255498327 -0.0250909477
-0.0801125914 -0.0168183018
-0.023211496 0.0764810741
-0.0536824353 0.0883358717
-0.0681727305 0.00790981483
-0.0375317074 -0.067830652
-0.0130354939 -0.070072785
-0.0348392837 -0.0621786267
-0.0149860233 -0.0138649987
0.0625274554 0.0185765624
0.00550026307 0.0160943456
0.0126715209 0.0613169111
0.0140049756 -0.0396229401
0.0368700586 -0.0280816182
-0.00236788858 -0.0054351138
-0.0160596594 0.00769405952
0.00370176998 0.0304295421
-0.0429414846 -0.0384806208
-0.0605644174 0.0435768254
0.011872177 0.0565962754
-0.0373444483 0.0456039757
-0.0691756159 -0.0142318914
-0.0108753918 -0.098575525
0.0466254354 0.0173805635
-0.0581481121 0.0268580262
-0.0890993774 0.0227468666
-0.0380047858 -0.00405736128
-0.0159294046 -0.0961934999
-0.00462258048 0.0347806215
-0.0169700719 -0.0609484091
-0.0344227143 -0.0673466921
0.0101988064 -0.0158205219
0.127082542 0.0575764887
0.0260594022 0.0370012447
0.0265688207 0.0359269977
0.0247207526 -0.0187322013
0.0548308268 0.0280897431
-0.0314667635 0.021579247
-0.0576468594 -0.0323483869
0.0736563951 -0.0401441678
0.0358254686 -0.0998625532
0.0140405018 0.0388603024
-0.00462929858 0.062089663
0.00241084257 -0.0130202416
-0.0580810308 0.0346841961
-0.031487748 -0.00945484266
-0.0366341174 -0.00511649763
0.00833770819 -0.00632891618
0.0795283243 0.0022664906
-0.0506036729 -0.00143692933
-0.0433656238 -0.0263813995
0.0789430141 -0.0157993212
0.0303185415 0.0326456651
-0.0478854813 -0.0017864845
-0.0803647786 -0.0412398316
-0.0419725962 0.075600557
0.0170135181 0.0572489128
0.0949935541 0.041408319
-0.00879460759 0.028799437
-0.00114332617 -0.00457061781
-0.011623838 0.0269511733
-0.0891409367 0.0465958752
0.0025429076 -0.0267713349
-0.0488326512 0.0209875628
0.00312773557 -0.033991646
-0.048560977 -0.101399474
-0.0409143381 0.0353888981
0.00746812811 -0.00111351616
-0.0403883718 0.00946059171
0.00638140179 0.0116188079
-0.0412476175 0.0354554392
-0.0182369761 0.0575972088
0.0186402909 0.0789844915
-0.028929973 -0.0215577465
0.0229876209 -0.0507484339
0.00420646463 0.0505910441
-0.0126501694 -0.0401771143
0.0105273491 -0.0396295711
-0.075896807 -0.0201633517
-0.027987523 -0.0495679267
0.0689575449 0.0404279865
0.0233491641 -0.0309076365
-0.0106322486 -0.0180090889
-0.0605891608 0.0123784458
0.0332841948 -0.0434033275
0.127653435 -0.0693927854
0.0466923937 -0.0367197506
0.00961242616 0.0728395432
0.0291210786 0.0271961242
0.0413692482 -0.0190569814
-0.00562052848 -0.0207765382
-0.0134875067 -0.0608731136
0.0124044539 0.0658142492
-0.059912663 0.0102747101
-0.010158997 -0.0380061865
0.0575331077 0.0260302033
0.0162410177 -0.026953375
0.00691645872 -0.0110288719
0.0119006364 0.0247093886
0.00616962137 0.0195366349
0.0415194742 0.00627628714
-0.0954261646 -0.0207576957
-0.0402471721 0.0356664993
-0.0160539858 0.0717379898
-0.047488559 0.0181949902
-0.0343712233 0.103410937
0.0482940786 0.0344287381
0.0640257373 -0.0624039732
-0.0880625695 0.0189152006
0.0100484807 -0.0183930229
0.0265408661 -0.0566760637
0.0105890492 0.00724435784
0.0277825948 0.0138371401
0.000701840268 -0.0374169685
0.0670827106 -0.0160589442
0.00718123652 -0.0114550348
-0.00293118786 0.0769751593
-0.0108351298 0.0255381148
0.0463518947 -0.0487983786
-0.00422027428 0.0112317512
-0.110970102 0.0234454777
0.0386492424 0.0096622752
0.0316891298 -0.000591645949
-0.0371940844 -0.00046998699
-0.0278568398 0.00739757298
-0.0582219325 -0.0500541367
-0.0372959413 -0.031592872
0.00794649217 -0.0311633926
-0.00110926235 -0.00342244166
-0.0487145856 -0.0682676509
-0.0173294302 -0.0405164473
-0.0144026224 0.0850509331
-0.0272714514 0.0547755435
0.00470823422 0.0381445922
0.0134510417 0.0500629172
-0.00507381698 0.0131573295
-0.0342796668 0.00921288971
-0.00198319484 -0.0812543631
-0.0299885906 0.0201889183
-0.0127170039 0.0203921236
-0.0292733014 -0.0551522002
0.00396380527 0.0269073416
0.0460181609 0.0347535647
0.00158622791 0.00472810864
0.0678941011 -0.0020582322
0.0585626885 -0.0878092423
-0.0439086109 -0.00421220995
-0.0661057457 -0.0658613965
0.0113702584 -0.047543183
0.0394275449 0.0360563435
0.00658503827 -0.0567603223
0.0615127273 -0.0230115913
0.0727459192 0.0264775325
0.0256578699 0.0366308652
0.00955355447 -0.0750487819
0.0513968356 -0.0190104377
0.0311139356 -0.00784436334
-0.0797046199 -0.0596096069
0.03418006 0.0545655265
-0.0537551269 -0.0304076318
-0.096073553 -0.0585028864
-0.0156221921 0.00893876143
-0.0349736102 0.0775964186
0.0373042896 0.0590724237
-0.0487185568 0.0231851023
-0.0334696248 0.143514261
-0.0337253772 -0.0111694839
-0.0152026676 0.0212713499
0.096764788 -0.000920764345
-0.0248429365 -0.0221487619
-0.0393724553 0.0484992638
-0.0158238523 -0.0435636714
-0.0214619432 -0.0331486501
0.0649043098 -0.0223548543
0.0323289745 0.0339765586
0.0179996826 -0.0529940762
0.0122085446 -0.0541070737
-0.0388827994 -0.00253261882
-0.0236381143 0.0716824159
0.0538788959 0.0436302461
-0.0072870478 -0.0700611845
-0.0203981325 0.0259148329
-0.00420607021 0.0696386471
-0.00395700475 0.066620335
0.0152359651 0.118115798
0.00692887604 0.066360347
-0.0527830608 0.0653173104
0.00913578365 -0.0163542647
0.133702517 -0.0473406985
-0.0245876927 0.0323553421
-0.0149507159 0.03626417
-0.00127714558 0.0253019352
-0.0281529874 0.0898990259
0.0594608895 0.107877597
0.0219000559 -0.0375335626
0.0325666964 -0.00889671221
0.0048481347 0.0220361501
-0.010870995 0.00611130567
0.0571027435 0.0617376752
0.0508876704 0.0188695956
-0.0359838791 -0.0438386761
-0.0280160103 -0.0509506203
0.0321135707 -0.0466874614
-0.0183782149 -0.00635865098
-0.0112980343 0.00561917201
0.0667541847 0.022891093
0.011072455 0.0255392846
0.0109919747 0.0247405507
-0.0162799079 -0.00663376832
-0.0250386745 -0.0431102142
0.0211368483 0.00561600877
0.0401833653 0.0198838599
0.00153083471 -0.0466458537
-0.00105549197 -0.03290122
-0.0218883045 -0.0395674929
0.011820565 -0.0533072092
-0.00581633719 -0.0394363627
0.00208000257 0.0973777398
0.00565688219 0.094578363
0.0122241899 0.0152439028
-0.0341425091 0.026889246
0.038046252 0.00609980989
-0.0833583772 -0.0470564887
-0.0395805687 -0.0351647772
0.0286545139 0.063338317
-0.0222727489 -0.0412198231
0.0453705117 -0.0251899771
0.0344205126 0.0631228462
-0.045038417 -0.0644640252
-0.0220362805 -0.0181189496
-0.0584297962 -0.00642133551
-0.0209490173 0.0410853773
-0.00811046734 0.0553431474
-0.00519833714 -0.0505868345
0.0489539951 0.0409980938
-0.0448354669 -0.020281136
-0.0425978154 -0.00628834451
0.0272041522 0.0477997698
-0.0207130332 -0.123557985
-0.0402459577 -0.0419045724
0.0548268557 0.0351654515
0.0541345589 -0.0250707064
0.0287166256 -0.0326190852
-0.0301452298 -0.00332470983
-0.00789712183 0.0339316055
0.00923091359 -0.0766526014
-0.106609255 -0.0548246242
-0.00506816106 0.0240198541
0.00626766775 0.0212385971
-0.0865017027 0.0342790559
0.0107187768 -0.0519403256
-0.059337534 -0.0184560828
0.0210199282 -0.0757227466
0.118200354 -0.0551516414
-0.058001481 0.00305379275
0.0131219663 -0.00957543217
0.0134819597 0.00681033358
-0.0361765958 -0.0563293286
-0.0128277177 0.0671253279
-0.0916221216 0.0664282367
-0.0389402099 -0.0313291028
-0.0173472892 -0.0741628557
0.0114334635 -0.0456455387
0.00652235746 -0.0502389818
-0.00784447044 -0.0226085819
0.0703050867 0.0328731611
0.000443014782 0.0194821022
0.00738220289 0.0537003018
0.0151592959 -0.012996166
0.024771126 -0.0242762063
0.0490832739 -0.0195379928
-0.00284981215 0.00780288409
0.017296657 -0.0584245436
0.0912055448 -0.0132211186
-0.0902132988 0.0248690546
-0.0660973713 -0.0255602244
-0.0358004682 -0.0136057483
-0.0602254793 0.0737656057
-0.0496541448 -0.0650597215
0.0226270352 -0.0600194857
-0.0263538454 -0.0104644271
-0.00246883743 -0.0930163637
0.0509775616 0.0363253728
0.0526774786 0.006085434
-0.0151904356 -0.0517207161
-0.0349157825 -0.0726925135
-0.014181681 0.0342037417
-0.0506752729 -0.0254780576
-0.0431714356 -0.0152616063
0.0165339243 0.0597851761
0.038093783 -0.0236572474
-0.0168120768 -0.0447694547
-0.0561687835 -0.0551986508
-0.00471991207 -0.00773261907
-0.00270978874 -0.0550896823
-0.0433638282 -0.0999198481
-0.0559306629 0.0224242285
0.0127704917 -0.0270900335
0.0805232003 0.0200549774
0.00210619345 -0.0031992991
-0.0700217709 0.0380634256
-0.0486791804 0.0507392362
0.0064438805 0.0160643347
0.0499007255 0.0936321393
-0.0407154113 -0.0703430101
-0.0152263204 -0.0240073055
0.101562522 0.0924894884
0.0476447679 -0.0388088413
0.0395426005 -0.0193886533
0.0695753917 -0.0101775834
0.0101592988 -0.0105686374
-0.016616486 0.0194338392
-0.0328710079 0.0244529825
0.0427636579 0.00397403073
0.0506511964 0.0730957538
0.0146931596 -0.0431669801
0.0862535834 0.0218184199
0.0389968567 0.0750121027
-0.0377612412 -0.0378321931
-0.0163308643 -0.00820896309
0.0241195448 0.0314056538
-0.0394478142 -0.0462175012
-0.057473205 0.0101478044
-0.0736906752 0.00105800049
0.0154655129 -0.0248778425
-0.0409851149 0.0243956745
-0.077460371 -0.0187953208
0.0470111445 0.00618283544
0.0880724117 0.0475445986
-0.04310745 -0.0253330227
-0.0345025323 0.0732518062
-0.0262642894 -0.0358353369
0.0384260565 0.0139675578
0.0227058157 0.045082394
0.0267863646 -0.0403133221
0.00076561328 -0.0600853823
0.0130850812 0.0286679249
-0.0203149039 -0.00676596584
-0.0059910249 0.021259049
0.0208670497 0.078459315
-0.0634404942 -0.0869828612
-0.118157417 -0.0644331351
0.0236082766 0.00671050977
-0.0120147429 -0.0496439822
-0.000504367345 0.00823281426
-0.00933792535 -0.00470763538
-0.0193846915 0.0183346942
0.0339185037 0.00735339569
-0.0451158732 -0.0144433435
-0.00991685409 -0.0141897975
-0.00190857006 0.00670352392
-0.00144728099 0.104505256
0.0446748585 0.0332827158
0.0644244477 -0.0819332749
0.0917554796 0.00269653019
-0.0377989747 0.0190086663
-0.0236986522 -0.0190559663
0.00568374898 0.0289298426
-0.00383701571 -0.0793071389
0.035677772 0.0115293944
-0.0306996647 0.0529044233
-0.000356184377 -0.0639886484
0.0277447235 -0.0134159504
0.0375795476 0.00183669955
-0.0464561507 -0.0369550064
-0.0279115755 -0.0533077419
-0.00136087334 0.0231372733
-0.0154069047 0.0403585285
0.0422469638 -0.0260754302
-0.0403171964 -0.0739549994
0.0145443603 -0.11148452
0.0375617407 0.0636785328
-0.0469419472 0.0262229927
-0.0322433412 -0.0181536637
-0.0120850084 0.0251698438
0.107857905 -0.0496591516
-0.0241569467 -0.0533870198
0.0104001304 -0.0368118361
0.00190806761 -0.0341324769
-0.0633748695 0.0509232432
0.0514507517 0.0876943693
-0.0615096539 0.00174511492
-0.0924438238 -0.0456659049
-0.0911595002 0.0319132507
0.0229867939 0.0252812207
0.0677753985 0.0170614254
-0.00553032756 -0.00298325601
-0.0260039661 -0.00885356124
-0.042864956 0.0096961055
0.00883000158 0.0137988571
-0.0204393193 0.023152424
0.00304817385 -0.00243508257
0.0583422519 -0.0234987047
0.0392466076 0.0277105477
0.066704303 0.0574940853
-0.0760420412 -0.0447945967
-0.00555561716 0.0115110427
-0.010353772 -0.0184383821
-0.0448833108 -0.0715622306
0.0379453264 0.0336409621
-0.0316162817 0.0135088293
0.0107345534 -0.0379261225
-0.0413118675 -0.113449343
0.0464816168 -0.0414842069
0.00880522095 0.014097142
-0.0936941728 0.0158449095
0.0489800796 0.137960956
0.006419471 0.0285922084
-0.0200463366 0.0277091283
0.0349588431 0.143456116
0.0439519659 0.0100456821
-0.00980046485 -0.0268118083
-0.00251020188 -0.060054604
0.0486086532 -0.00888348371
0.0778340697 0.0561627559
0.00354478648 -0.0632070526
-0.0170471948 0.0348698124
-0.00449851947 0.0558261536
-0.0276390817 0.0356465168
0.0203566998 0.0128309606
0.0679939985 -0.0275402237
0.00187616807 0.120855585
-0.00185267022 0.0746250376
0.0295731779 0.0172815938
0.0162214991 0.0153806088
-0.00692686113 -0.0313116573
-0.032238964 0.00188563904
0.00635067327 0.0689202696
0.0020755874 -0.0416179039
-0.0159384497 -0.0765663832
-0.0506281555 0.0453946628
-0.00981124956 -0.0856313184
-0.0102855321 -0.0468153395
0.0786923096 0.00142584415
0.0528315119 -0.0693374723
-0.0256964974 0.0195438955
-0.0136405136 -0.0129712382
0.013296213 0.0110893827
0.057854116 -0.0152969267
-0.00874284282 -0.0297233388
-0.0212241821 0.0786459148
-0.00497025577 0.0141174654
-0.0786118135 0.00199808995
0.0463294946 0.00709839305
0.0659288391 0.0226640999
0.0376046672 0.101851977
-0.0316851735 0.0800656602
-0.0463061258 0.0247702375
-0.0360273719 -0.0465476513
0.00425710389 0.0443090759
0.0638489574 0.0387296826
-0.00355745852 -0.0483262725
-0.000326704205 0.00597759848
0.00468773115 0.0422814749
-0.0137795769 0.0820663646
-0.0200996529 -0.00322480197
-0.0084753884 -0.0343883149
0.00128363457 0.0820098445
0.0575704649 -0.0430375077
0.0420359485 -0.0187496096
-0.0484474972 0.0730833262
-0.0124610327 -0.0137224179
-0.0256614089 0.00412703212
-0.0263042189 -0.0153646991
0.0231562424 0.0507492535
-0.0132056838 0.0595682561
0.0486159213 0.0666275397
-0.0379439294 -0.040963348
-0.0313278809 -0.117104806
0.0704893693 0.0143056791
0.0310604516 0.0124316216
-0.0422948115 -0.00361690042
-0.0137527585 0.0121536348
-0.0137811666 -0.0282656364
0.0217741616 0.0473409407
0.0633227229 0.0650432482
0.0605847836 0.0181588102
-0.0166164152 0.0783695206
0.0088045178 0.0476944558
0.0493182205 -0.00152249006
-0.0775547102 0.0689885244
0.0197751224 0.00325022079
0.0077341781 0.0310563967
-0.0323421285 0.00739180762
0.0706092194 -0.0302955694
0.0155522414 0.0277600214
0.0176383816 -0.116750039
0.0270978045 -0.0769330412
0.0200766753 0.0422755517
0.0424485914 -0.017680265
0.03841988 -0.0372355841
0.0557335801 -0.0388623588
-0.00469006971 0.0446268544
0.0189574026 0.0561197922
-0.040899016 0.0478738546
0.0124722263 0.0289478935
0.137464002 -0.0362795219
0.0608013123 -0.00431265123
0.00620077271 0.0161113515
-0.0462546125 0.0169397797
-0.0654944628 -0.0743679106
-0.0384810306 -0.0698710158
-0.0469424874 -0.0217678882
0.00377111556 -0.0322084315
-0.0184112769 -0.0247895494
-0.0656012446 -0.00229038228
-0.0176808611 -0.020930564
-0.0314054266 0.0464356691
0.00619962858 0.0754322484
-0.0736172348 -0.0124276066
-0.0426764973 0.0208240002
0.0180393755 -0.0363542847
0.0344104767 -0.110573202
0.0115647558 -0.0524360538
-0.035909947 -0.010384596
-0.00232974975 -0.0154721709
0.0421358906 0.026632065
0.0497895591 0.0344081484
0.055496484 -0.042197071
-0.0412535556 -0.0203924086
-0.0129634123 0.00979239494
0.00382512645 0.0200085398
-0.0404051095 -0.0139762796
-0.0291634426 -0.0333859324
-0.0832531378 0.0065812273
0.0487003252 -0.0353742428
0.0356155224 0.0163941812
-0.0457039699 -0.0596964732
0.0585738979 -0.0317132585
0.0296001378 0.0437388606
-0.0748389438 -0.00380371511
-0.0400284119 -0.0383135863
-0.0241600201 -0.0311866347
-0.12014623 0.0416922718
-0.0169923045 -0.0473768078
0.00308646029 -0.0331976824
0.00876742136 -0.0373793505
0.0288176704 -0.0714401007
0.0297093671 0.040008679
0.0295229629 0.0497056879
0.0186297018 -0.0435762219
0.0366279408 -0.0438327305
-0.0509141237 0.0223210547
-0.0247361176 -0.0219719764
-0.0439806134 -0.0159292202
-0.00344263529 0.0614771545
0.072390005 -0.0203433484
0.0238639433 -0.038738057
-0.0276072435 -0.0569547564
0.00349705177 -0.0177637674
0.0171379112 0.0043362095
-0.000915261626 -0.0894702747
-0.0654046014 0.0384589992
0.0372669585 -0.0146580404
0.0553891249 0.0171474554
-0.0119013526 0.00960602891
-0.0892436653 0.0188496932
-0.0339223072 0.0326162539
-0.0574919507 -0.0357451551
-0.0200586002 0.0114582963
-0.0361936092 -0.0183590911
0.0329982303 -0.0111825997
0.0563087761 0.0433747508
-0.0861538127 -0.0468929037
0.0200114399 -0.00527944369
0.0217568949 0.0219069161
0.019248344 -0.0762439594
0.0406328961 -0.0546911806
-0.0302836262 -0.0129364124
0.0106746191 0.0123702139
-0.0714982077 0.0407944433
-0.0190223027 0.0238183644
0.0804356262 -0.0698390529
0.0679362863 -0.00762962224
0.00176296779 -0.0749310553
0.0324873589 -0.0929458514
0.0335895531 -0.0296280235
-0.0524192192 -0.0320339985
-0.00372854248 -0.0673812106
0.00382176437 -0.0174197927
0.0330922864 -0.00343061332
0.0032276595 -0.0320010185
0.0126242507 -0.0459340587
0.0195894316 0.0648213774
2.10560465e-05 0.00744805764
0.00568521302 -0.0361763872
-0.00597702665 0.0132584674
0.07621824 0.035459742
-0.00765466597 0.106293231
0.00199767575 -0.0149100162
0.0424360074 -0.121342354
-0.0781292245 0.0938063189
-0.00613772031 0.0130511513
-0.0551886857 -0.0173969492
-0.0425887518 0.0219196342
-0.0449077375 -0.0834052563
0.0484394729 -0.0781853497
0.0253545735 0.00555414986
-0.0403684303 -0.00613847468
0.105165638 -0.030730797
0.0240256879 -0.140563533
0.0584556162 -0.00796500687
0.0858431607 0.0309986733
0.0176356882 -0.0084391553
-0.0864402875 0.00540082576
-0.0573717244 -0.0750580952
0.00113027904 -0.0760385394
-0.0399246551 0.0264327358
0.0297645908 0.13291207
-0.0132058458 0.00473590288
-0.0455698259 -0.0561216027
-0.0388795845 0.0618593395
-0.0388852134 0.0380538739
-0.0146042975 0.0558818094
0.00470032915 -0.0321456417
-0.0016034306 0.0281765293
-0.0118711004 0.0316050313
0.0152576184 -0.0428642742
-0.0763280913 0.0200697538
-0.0256598182 -0.0218758751
0.0694315806 -0.0649533495
0.0043635522 0.000877713202
0.0287579335 -0.00574786169
-0.0307320952 -0.0620542504
-0.0126873869 0.00348537625
0.0551016666 0.019949086
0.0052462453 -0.00865215342
0.0217866898 -0.0732233897
-0.0454959087 -0.0218556728
-0.0223684032 0.0137009742
0.042068772 -0.00421955949
0.0060093822 0.024475079
-0.0208963063 0.000423406484
0.0201486479 -0.023691196
-0.0357104391 0.0375016779
0.104349233 -0.00462173345
0.0883254558 -0.058621861
-0.0340079889 -0.0150513435
-0.0333790518 -0.0372188538
-0.0754461139 -0.00168418512
-0.056746278 0.00368617382
-0.0539720729 -0.0430408753
0.0172659308 -0.0513783917
0.00862476602 0.0130784987
0.0357693993 0.0450773351
0.0598754659 -0.00123816717
0.00167998683 -0.0166764073
0.0774503946 -0.00871662982
-0.0683024675 0.0134417964
-0.127691731 -0.028399108
0.0145647377 -0.00550704682
-0.0431935079 0.0320390277
-0.00276095769 -0.00928671565
0.0257614888 -0.0222032685
0.0456363447 0.00536860293
-0.05745041 0.0359249711
-0.0863996819 -0.0441321917
0.000161527481 0.0224243887
0.0426542573 0.0463240631
0.0293291025 0.00293690362
0.0320551246 -0.0722763017
-0.00844964199 0.0148865571
0.016867945 -0.000789743557
0.0425051786 0.0452594608
0.0223710928 0.0605777018
0.0512968972 -0.0757304281
-0.0453561507 -0.0321384966
-0.0128395036 0.0688630641
-0.00380938873 -0.0623878352
-0.0752525777 -0.00463685719
-0.0263590645 0.0588258244
0.0843539983 -0.0188137721
0.0101458151 0.00304785324
0.00173028081 -0.0322983488
0.00654536393 0.0621565357
-0.0493995175 0.0827514231
0.082412295 0.0295750648
0.0953804478 0.0398429893
-0.00147268479 -0.0118504306
-0.0261849761 0.0398578383
-0.0689198151 -0.0646881685
0.0222740956 0.0166889578
0.00032766792 0.0677691624
-0.040627569 0.0300860032
0.0179495756 0.0286706444
-0.0587965474 0.00544605963
-0.0113943918 0.00412905589
-0.0374363773 -0.0340313762
-0.0545688421 0.0503525473
0.0200006608 0.0447031371
-0.0398899876 0.0559325032
-0.0364756808 0.0551129878
-0.0170698036 -0.0035518941
0.0674683675 0.0303929355
-0.0181630086 -0.00453528436
-0.0170086101 -0.0158503633
0.0108958101 -0.0127630373
0.0274126958 0.029591186
0.00387622323 0.0484748594
-0.00226847338 -0.026149923
0.0301457439 0.0335958712
0.0527191311 0.0445219986
0.00865053106 0.0177512411
0.0424964577 0.0746273249
0.0115979435 -0.00150250748
-0.0206918605 0.00451174239
0.0153610539 -0.0227833427
-0.0521702394 -0.0253073126
0.048134286 -0.102858655
0.0188223105 -0.0521108136
0.035125412 0.0746780485
0.099727802 -0.0119654983
0.0275466386 0.00261760224
-0.0529183783 -0.0175614599
-0.114655256 -0.0524961539
0.0437346771 -0.00360682397
-0.00368716847 0.0279860701
-0.0532742776 -0.0141379256
0.0415219702 0.0242730025
0.0177564789 0.015016824
0.108487345 -0.00300337095
-0.00458183838 -0.0412877761
-0.0439589769 -0.00594652351
-0.0564554818 0.0670724735
0.00291723874 -0.0684254989
0.0641909912 -0.0206180532
-0.0196672026 0.0655408651
0.0687195882 0.043119356
0.0984958336 0.042474594
0.0313146561 -0.011760504
0.026696302 -0.0482822098
0.0179378688 -0.003197924
0.0850877762 0.0601603538
-0.0111399265 -0.049073793
-0.0514019765 -0.0111940857
-0.0213465914 0.0342164449
-0.0942510664 -0.0110248607
-0.062728323 0.0175533183
-0.0399852023 0.000141236538
-0.0125080626 -0.00383608183
0.0618449301 -0.0526388325
0.0636940002 0.0382156409
-0.0699274018 0.0554856844
0.028822815 -0.0863248706
0.0439621024 -0.0109434016
0.00302541512 -0.100128658
-0.0480273627 -0.076511465
-0.121756777 0.0851803273
0.0480779409 -0.0472300202
-0.0409173518 -0.0543251559
-0.0573819838 0.069014512
0.000688891159 0.00464704633
0.0423047654 -0.0342287421
0.00996959861 0.0597889274
-0.0275293719 0.0349988379
0.00794489868 0.0217559692
-0.052570302 -0.00967917778
0.00846994296 0.0521339253
0.137049317 0.121146105
-0.0163297933 0.0024523153
0.0180268735 -0.0250712931
0.0217555575 0.0204959288
0.00215667533 -0.030211309
0.0199138615 0.00692566996
-0.0492468141 0.00607161317
0.0292835888 0.00785211287
0.0445760414 -0.00595097989
-0.0132483542 0.0138447015
-0.00730724074 -0.0344658382
0.0208129045 -0.0232302062
0.0201303344 0.0914373472
-0.0492170639 0.129957616
-0.0852921307 0.0545836575
0.0589338057 -0.0278869849
0.0684264302 -0.121033147
-0.0738152564 -0.00160347682
-0.0589582808 0.025328001
0.0749432445 -0.00513444981
-0.00160110439 0.0523148142
0.0610437356 0.0172776002
0.0925296023 0.0182434991
-0.012261196 0.0381317921
0.0583279431 -0.0247902162
0.00739769451 0.0373799875
0.0170424134 0.0682655424
0.0547087789 0.016638577
-0.0598554127 0.016240675
-0.00503779016 0.013639641
-0.0282364096 -0.0717044771
-0.0299097467 0.00058127474
0.00371724647 -0.0148442779
-0.0228913017 -0.0511215925
-0.0217732023 0.0154093793
0.0482158139 0.0129631823
0.0237960406 -0.00215506065
-0.00905084237 0.00194511935
0.0326553397 0.0127970902
0.029273035 0.0449305996
-0.045645114 0.0154999392
-0.00872239377 -0.0301717725
-0.00255265879 -0.0401496589
-0.0183280967 -0.0158180278
0.0922989771 0.00464962935
0.008839624 0.0125760976
-0.0468127765 -0.00531776156
-0.0121774897 -0.00356693938
-0.0464033075 -0.0155136194
-0.0811533779 -0.0639543161
-0.0905300155 0.0232703555
-0.0264309645 -0.0793518871
0.0538686626 -0.05874715
7.95583837e-05 0.054557845
-0.00455183676 0.000615613943
-0.0105395867 -0.0169928018
-0.0430769548 -0.0188593678
-0.0177231766 0.033807043
-0.0365076214 -0.0192184467
0.00312440866 -0.0507128984
0.054405205 0.0412674062
-0.0716607273 -0.0737829283
0.0250684842 0.00515242107
0.0154389227 0.0312314685
0.0304327011 -0.0515103228
0.0830314681 -0.0548874661
-0.0301101524 -0.0383307785
0.0276196152 0.0344380289
-0.0697693676 -0.000402585196
-0.0318321474 0.0215517841
0.113545865 -0.0290545467
0.0448864698 -0.0114416126
0.0592591465 -0.0633658841
0.0284919012 -0.0675051436
0.0320212506 0.020940939
0.00536797289 -0.041005373
-0.00690186163 -0.0415459834
-0.0145987431 -0.098294802
0.0462319702 0.0241343118
0.0287948865 -0.035330072
0.0135525782 -0.02167584
-0.00115248165 0.0707253739
-0.0322852582 0.00311418413
0.0334950425 -0.0546522476
-0.000863633701 0.0256773382
0.0489399843 0.0693657398
-0.0229059048 0.10115777
0.0102727367 -0.0194365215
0.0320592448 -0.016996583
-0.00960000232 0.0141023882
0.00253675273 0.0279774908
-0.00731311413 -0.00693275873
-0.0107385935 0.016578747
-0.00608538324 0.00619438989
-0.00758938631 -0.0147756683
-0.026573116 0.0100313015
-0.0279123709 -0.0162887778
-0.0114265671 0.00936150178
0.00481280079 -0.022495674
0.0207686517 -0.0183087438
-0.00813292991 0.00642791856
-0.00230172323 0.00304758968
0.00907078572 0.0137932505
0.0119274948 -0.00180707686
0.000726468745 -0.0176515337
-0.00267507043 0.0220313333
0.0300631337 -0.0108249756
-0.00671870168 0.0196815766
-0.00826148596 0.0123349437
-0.0268573426 0.0245223977
0.0107188979 -0.0312615633
-0.0032910516 -0.00129199994
0.0294672158 -0.000292764365
-0.00568801165 0.00976447761
0.0146108512 -0.0147194779
0.0105410693 0.033786945
0.0251503084 0.00268987706
-0.0148057174 -0.0359549485
0.023128571 0.00881678145
0.000768728787 -0.000167451464
0.000295506004 -0.0103579424
-0.00568260485 0.0118144955
-0.00529678306 -0.00104633195
-0.00265500671 -0.0152192432
-0.033788804 -0.00751277013
0.00888549723 -0.00454613054
0.000744818943 0.00551030459
-0.0129448064 -0.00666053034
-0.000296262122 -0.000904505083
0.0377732962 -0.0172634833
0.00773256226 -0.010132147
-0.00575237069 0.00295809982
0.020601606 0.0408675894
-0.00970999431 -0.012496355
-7.9162397e-05 -0.0117190182
-0.00972195622 0.0127857421
-0.00747941248 0.0298786927
0.00877782237 0.0190220103
0.0112466868 -0.012670923
-0.0127618182 0.0145793334
-0.00246113678 0.00675357925
0.00229729153 -0.00306557841
-0.00263849366 -0.0194184799
-6.90677989e-05 0.000271075871
-0.0103939837 -8.72206801e-05
-0.0116859339 0.00665977318
0.00513576716 -0.0245077647
-0.0121307978 -0.0185312182
0.00643871073 0.00253065862
-0.00584328035 0.020748239
-0.0150891328 0.00978402514
-0.00708161341 -0.0101960609
-0.0084027797 0.00980703998
0.000414526265 -0.0138118574
0.00309263193 -0.00509603415
-0.00183258159 -0.00487072393
-0.0105890818 -0.0120102689
0.0228543878 -0.00376921101
0.0115044238 0.0153445005
0.00122493715 0.00529302424
0.0207568072 -0.0327512696
0.00198947499 0.0191822127
-0.00462894281 0.00655905856
0.00464788266 -0.0157685876
0.0391078889 0.00966578349
0.0127485078 0.0150256436
0.0120139001 0.0228816178
-0.0038075035 -0.00907902513
0.0121472282 -0.0136276865
0.037522275 -0.0147278272
0.0068523651 0.000470632513
0.0191806182 -0.0126303034
0.015825605 0.0192062426
0.010350327 -0.000606624293
0.0214688275 0.0148044527
0.00432586949 -0.00186312199
0.00994923711 -0.00976168551
-0.00549804932 -0.0178346187
0.0359504633 0.0227319114
0.00874129962 -0.0180651676
0.000599568186 0.00754878065
0.0175191611 0.0196584165
-0.00719132973 0.001186562
-0.00420832587 0.0220387112
-0.0109366421 -0.0023590175
0.00166618312 -0.00419045426
-0.0058567184 0.00190169609
0.0100278025 -0.00627287524
-0.00242903526 0.00441595446
-0.00825871248 -0.0018437407
-0.00853448827 0.0207611471
-0.00116828806 -0.000924761523
-0.00981075224 0.0112119215
0.0125274528 0.009829849
0.0098513253 0.00365871517
0.00316060521 -0.00229584635
-0.0223530531 0.02086748
0.00261788 0.0251764655
-0.0191129427 0.000408687163
0.00471110363 -0.00638783677
0.00233437726 -0.00513337692
-0.00503165089 -0.0152172921
-0.00706633693 -0.0221300367
-0.00790234748 -0.00966571737
0.0299825948 0.00735566393
-0.00706487242 0.0145880906
-0.00593353296 0.0135061173
0.0125709325 0.0103690354
0.0074029197 -0.00244225096
0.016434392 0.000483808195
-0.0172519758 -0.0042536268
-0.0158269573 -0.00145008799
0.0506199896 0.00245812279
0.000561300025 -0.00315289828
-0.00266543729 -0.00536761619
0.0038579863 -0.00391440839
0.0126037812 0.0117954947
-0.0205423478 0.011133045
0.00631192746 -0.00617336808
0.00156460365 -0.00619770633
0.00921404548 0.00583967473
0.0012939173 0.00691682473
0.00152595085 -0.0357015803
-0.0149400104 0.00815257244
-0.0353185497 -0.00576762762
0.0154372286 -0.000161815144
-0.0251289159 0.0116860354
-0.00491354242 -0.00316179777
0.0312404651 -0.0202196725
-0.00187956833 -0.0153309982
0.0116395513 -0.00691252388
-0.000249650388 -0.00948036928
0.0108054876 0.001153694
0.00467593689 -0.0139623061
-0.00749581819 0.000424348778
0.0179009605 0.0116570815
-0.00298015145 -0.00244877022
-0.0149364555 -0.0185726564
-0.00292403041 -0.00607936922
0.0108436765 -0.00770271476
-0.0238620639 0.0255291015
0.016542444 -0.0143332807
0.0210835915 -0.0313266255
0.0361198448 -0.0109664071
-0.0100583173 0.00217895419
0.00614953088 0.0153207034
-0.0220879018 -0.010836713
-0.00977982953 0.0129193543
0.00499186106 -0.0101369768
0.00387292192 0.00953887776
0.00377493631 -0.0142498445
0.00503726117 -0.0202993155
-0.0171836596 0.0274064969
-0.00462424057 -0.00607194239
0.00160859281 0.0116681801
0.00201174943 0.0231966749
0.00665341178 0.0119137419
0.0134276142 0.00760184648
0.0217580367 -0.00992288347
-0.0318538398 0.0146232583
-0.0022170709 -0.0175533462
0.00726980576 -0.0301545914
-0.00595352566 -0.0114521021
0.0175855681 -0.0032742091
0.0108287893 0.00361712766
-0.00655462639 0.0168316606
0.00455058645 -0.00716386409
0.0198877659 0.000145790531
-0.00108187506 -0.0121263377
0.00800574571 -0.0388130434
0.0164936185 -0.00641414523
0.00896059349 -0.00396393891
0.0276414324 -0.0162099991
-0.000855129852 0.0214256644
0.00538399769 0.0202085637
-0.00903913844 0.00308488915
-0.0158971064 0.00532818073
0.0035978714 -0.0100210365
-0.0381811038 -0.0075851609
0.0145323761 -0.0232814401
0.0213309657 -0.0174387172
0.00521164062 -0.0107081691
-0.00459461519 0.00469530188
0.018553067 -0.00368871004
0.00380406296 -0.0118470527
0.00870160758 0.0202754047
0.0325860381 0.00555270538
0.0139622893 -0.00663635181
