0.000663140148 -0.0283238515
0.0263551045 0.0131062269
0.0238065254 -0.0220068581
-0.00977123994 -0.0341721065
-0.00585908908 0.0163277369
-0.010277844 0.00806308351
0.0110605648 -0.00148010184
-0.00111909141 0.00369341741
0.014503588 -0.00179954199
-0.0357705206 -0.00534066791
0.0306312963 -0.0201347098
-0.00202173484 0.011210735
0.0131873079 0.000644702988
-0.00257386593 -0.00470463
-0.00716403918 -0.0110198325
0.00907899067 -0.0052055968
0.0165598486 -0.0288231261
-0.00380353071 -0.00600147992
-0.00254481542 -0.0189684387
0.0127186086 0.0250231922
-0.0164257046 -0.01869395
-0.029137874 -0.00939167105
0.007648692 0.000534868916
-0.0134321461 0.0149436183
-0.0374890119 0.00778836198
-0.0157904327 -0.000159357951
-0.0103901681 0.0412588753
-0.0231187642 -0.00105924392
-0.0291422792 0.00523910904
-0.00116097194 0.0525787659
0.0180187393 -0.0164404903
-0.00522389775 0.0183710493
-0.0147465309 0.00799132325
0.00848491956 -0.0249797124
0.0143969199 -0.0113683892
-0.00650276896 0.0157974865
0.0117845088 -0.0273894239
0.0203656852 -0.00262161926
-0.00484724715 0.0177670456
-0.0155417919 -0.00529783824
0.00648098066 0.00548668485
0.00544070173 -0.0125836525
0.0219002552 -0.0108817304
-0.024255421 -0.0131144468
-0.0124485902 -0.00742975296
-0.0169025809 0.0112557765
-0.0336597748 -0.00041849527
0.000260613131 0.0380238704
0.00959369913 0.011198462
-0.0146240527 0.00448292214
0.0241702497 0.0448250175
0.0160408113 -0.00110109558
0.0131327249 -0.0147176757
0.00758237531 0.00345304329
0.0198824015 -0.0196973607
-0.0264443811 0.00817760918
0.0100745559 0.0270267148
0.0108033763 0.0130685829
-0.0336371772 -0.010284787
0.00691369548 -0.00228394987
-0.00552823441 0.00892471429
0.0134155452 0.023787193
-0.00790613983 -0.00831418112
0.000264139118 -0.0079900464
0.00498633785 0.0213914346
-0.0172775313 0.00286424649
0.0110327331 0.00757321389
-0.0027950916 0.00913170539
0.0107564088 -0.0140091712
-0.00984644052 -0.00365879317
0.0192305855 0.0222186279
0.0119519774 -0.00194497581
-0.00310722622 -0.00405181153
0.0116867302 0.0068900343
0.0236457866 0.00974281132
0.0300878827 0.0519842878
-0.0289417114 -0.0182782672
0.0167881865 0.00439109607
0.0052593844 0.0395954438
-0.00188481167 0.000574504724
-0.0201553889 0.00545729604
0.0270299315 -0.025336802
-0.0262404233 0.0162983611
0.00922089349 0.0179221686
0.0234769713 0.018428335
-0.030505294 -0.00657660374
-0.00659811171 0.00659109233
-0.0251222067 -0.00386632606
0.00292668259 0.0169191957
0.0292083304 0.00308018154
0.037322104 0.0195103828
-0.0314182341 -0.0292755198
-0.0103826467 -0.00740370667
0.0197870471 -0.0528066494
0.0307387654 0.000835272833
0.00636968156 0.0158408396
-0.0138032464 -0.00649517216
0.000329730101 0.0457679741
0.00195662002 -0.0188773852
-0.0031497241 -0.00680630142
-0.0119745266 -0.0192792062
0.00863279868 -0.00854165759
0.00703664962 -0.00809418038
0.00177345774 -0.0282607824
-0.00188132329 -0.0191185679
-0.0297534075 0.0356959477
-0.00871101208 -0.006102263
0.0208808631 0.0205983203
-0.000445166253 -0.0246273093
-0.0273894612 -0.00582564622
0.0242383536 0.0138396993
0.010624419 -0.00178169471
0.0418376476 -0.00407629134
0.0016871572 -0.00331763807
-0.00895129703 -0.000604731089
-0.0300667919 0.0120292464
0.0221059956 0.0267305709
0.0529445335 -0.017934477
-0.0100474562 -0.0414342359
-0.0118873445 -0.00542145129
0.0114159752 0.00184126594
-0.0179790519 0.0113377078
-0.00826568808 0.0196165983
-0.00479054498 -0.013624521
-0.00235112384 0.0398909226
0.0202169437 0.00820396096
0.00566018 -0.0335346572
0.0147241419 0.0211040303
-0.00888957176 0.00407027919
0.00539649185 0.00652324967
-0.0360777862 -0.0368218608
-0.0268303473 -0.0102214497
0.014729823 0.00557466876
-0.0108201019 -0.00473349076
0.00891766697 0.0149637237
0.00636993442 0.0256838053
0.0203964971 0.03329698
0.0114764012 0.0264785234
0.0199110191 0.000578612729
-0.0077703991 0.0323520899
-0.0142156556 0.00271235942
-0.0168247074 0.0138553828
-0.00852097664 -0.00619033212
-0.0168936588 -0.0302305482
-0.00277738972 -0.0448421016
-0.00241378671 0.0032788692
0.00711616781 -0.0119096991
-0.00645501865 -0.00123862363
-0.0398194194 0.0102766799
0.00396850519 -0.029170759
0.0105031468 -0.0325355753
0.0197365098 0.00886789057
0.00969432388 0.00906448159
-0.0112932576 -0.00742826005
-0.0118988371 -0.0125094149
0.0440817699 -0.0227052327
0.0147093441 0.00122844335
0.0375915915 -0.00719028292
0.038908761 0.0161879957
-0.0191182811 0.0149027528
0.00940894056 -0.00900184922
0.00712679978 0.00966723263
0.00992230885 0.00570306042
0.007606667 0.0153736854
-0.00208182167 0.0298069622
0.000735447626 0.0132103823
-0.0313200057 0.00757587003
-0.00627054647 0.0144048529
-0.0125233755 -0.0109486543
0.00240696454 0.000436951144
-0.0102625564 0.0046949042
0.00674399128 0.025920989
0.0102927564 0.0277834814
-0.00339120813 0.0441451557
0.0104403207 -0.0192127358
0.00191744533 -0.000332103606
-0.00136094925 -0.0343211517
-0.000895817939 -0.0107448455
-0.00252787559 -0.0329702012
0.0024271938 0.0236609895
-0.00293638674 0.0143256001
0.0155468239 -0.0176634043
-0.0265747923 0.000662261795
0.0136027159 0.0177671295
-0.0219366234 0.0294249803
-0.0174892824 0.0124384984
-0.00429524388 0.00156706257
-0.0102514252 -0.00414859271
0.00272296206 0.0130988862
-0.0121997902 0.00320914923
-0.0180640072 -0.013704041
-0.0105062192 -0.0266292915
0.0199787114 0.0257795732
0.0040807575 -0.0132479575
-0.0207903422 -0.0103436038
-0.00351018854 0.0150729064
-0.0290658027 -0.00817417819
0.0284507088 0.0295889359
-0.0235073902 -0.028051395
0.00544198928 0.0165618807
-0.0197202843 -0.0597649962
-0.051280681 -0.03028276
0.00109703653 -0.0631820336
0.0460224934 -0.0017332742
-0.0100712944 0.0530514941
-0.017213 -0.101919815
0.0607814752 0.0217920132
0.0516154356 -0.00129104045
0.0669233426 -0.0397047997
-0.0198340807 0.00884364452
-0.0259516351 -0.0203824528
-0.0123543814 -0.0154253729
0.0544039011 -0.0276173446
0.000501975068 0.0323390216
0.027149519 0.0460298546
-0.00896503963 -0.0156891514
0.0421461649 0.0122446772
0.0113956276 0.0612369776
0.00555715524 0.0185962971
-0.0072450256 0.021362206
-0.0108349677 -0.0482469685
-0.00261245552 0.0828304291
0.00428718654 0.0408586152
-0.0531533174 0.0209463332
-0.0177009478 -0.0413725637
-0.0105294855 0.0159333609
0.0576533861 -0.014726487
-0.0889419615 0.0347637534
-0.0281194802 -0.0100739487
-0.00582878757 -0.0296572242
0.0549819767 0.0294151288
0.0243546106 0.00119004934
-0.0120778792 -0.0391426906
0.0487860329 -0.0082761962
-0.065064095 0.000873168465
-0.103035115 -0.0399617888
0.0240066629 -0.0182032529
0.0223670509 -0.0154439546
0.0252768267 -0.006381643
-0.00246669026 0.0151025252
0.0206307825 -0.0112291854
0.0283719897 0.0339245014
-0.0219708439 0.00746644381
0.00960278325 0.00934855174
-0.0189370774 -0.0360018313
-0.00162100128 0.0519375615
0.0342208482 0.0142157674
0.0459951833 -0.0231743362
-0.0504384264 -0.0183358118
0.0257380456 0.0120445136
0.00583144929 0.0014028498
-0.0283160079 0.0295961332
0.038547691 0.0655487701
-0.0392300412 -0.0195501484
-0.00729006855 -0.019455567
0.050555706 0.0337381773
-0.00193078863 -0.0492003411
-0.0283730961 -0.0330991037
0.0576566383 -0.0290679112
0.061714299 -0.0497800186
-0.00762502151 -0.0280300993
-0.0183042232 0.00120747427
0.0125722876 0.0389398932
-0.103337631 0.0777085572
0.0491207801 -0.0114853429
0.0183341485 0.00477142446
-0.0036956137 -0.0347958989
-0.043087326 -0.0630570501
-0.00984266028 0.00170675968
-0.0464301519 -0.0304223429
0.019787902 -0.00307460385
0.0652975664 0.00421210611
-0.0900040418 0.00387211749
-0.00294385012 -0.0715266243
-0.0491282903 0.0660889894
0.0231164079 -0.0647509545
-0.0443152674 -0.0399169847
-0.023128394 0.016578
-0.0163501799 0.112390749
-0.00181163882 -0.0045246426
0.0299690124 0.0167931672
-0.0426731445 0.00559733761
0.0221626628 0.0410968512
-0.0429513417 0.0117682852
0.0473839864 0.00121665746
-0.0115923276 0.00746213691
0.0133892633 0.0407723188
0.0054004197 -0.0395736843
-0.0204701163 -0.0182022974
-0.0104860654 -0.0192228016
-0.0377235562 0.00965073518
-0.0105681634 -0.0260864142
-0.00401365943 0.00455882121
-0.0307363309 -0.0490908511
-0.0737579465 -0.00525681721
0.00993258413 0.0435035489
-3.72226386e-05 0.00319423503
-0.0333769023 -0.0333324075
0.0272883605 0.00101660902
0.0335767381 0.0538887456
-0.0378196128 0.0294611957
-0.0408675373 0.0286775734
0.00348737976 -0.0475313328
-0.015085537 0.0295136031
-0.0613184199 -0.0510635562
-0.0148578389 0.0343245566
-0.0299569909 -0.0124829831
0.0177138988 -0.00114488334
-0.0314951241 -0.0349735543
0.028231997 -0.0309276041
0.00756095443 0.0239324663
0.0361956619 -0.0103317238
0.0381092243 -0.00614387309
-0.0565803237 -0.0142697357
0.0252150223 0.0340128131
0.0407814644 0.0160140265
0.0063711754 0.0377322435
-0.00876321178 -0.0282552876
0.0163605753 -0.00708607724
0.0211095251 0.048741892
0.0197742265 -0.0147701791
0.00262880535 -0.0300934259
-0.0161630772 -0.0478535704
0.00965894014 -0.00671079895
0.0437100641 -0.0125659304
0.00899595115 0.0173671246
-0.0526895337 0.0463074818
-0.0196005423 0.0323517546
-0.0539447404 -0.029439399
-0.0309416242 0.0293258838
0.002746613 -0.0663648397
0.0497200787 0.042123463
-0.0280954111 0.0963377506
-0.00268889987 -0.0688720718
0.0390973464 0.0342603363
0.0382625423 0.0266699102
0.0625650212 -0.00628487673
0.00119279418 0.0237494633
-0.021103451 -0.0319228619
0.00146940886 -0.0143246483
0.0727963448 -0.0288930256
0.0109122535 0.0305076223
0.0548663475 0.018923061
-0.0253362935 -0.0294991992
0.00119902717 -0.00249477569
-0.034009628 0.0660336688
-0.029663058 -0.0166289322
-0.0024631354 0.017219726
0.0189823639 -0.0502000526
-0.0107948193 0.0667986572
0.0135123571 0.0513600707
0.00357173802 0.011196441
-0.0415563583 0.0309621338
-0.0394490138 0.00474213995
0.0658388138 0.00166592689
-0.0529446825 0.0259752572
0.018958522 0.0322492048
0.0306493547 0.0292410795
0.0649779588 0.0325222276
-0.0200467911 -0.0304655991
-0.0754604787 0.00817760825
0.0326975696 0.0112424875
-0.0792529434 0.0350491703
-0.0634472221 0.00663485564
0.021430904 -0.0159002468
0.0416140258 -0.0574720241
0.00547510153 -0.0076959664
0.0136230448 -0.0170737207
0.0017383066 -0.0110308286
0.0415750444 0.0529715121
0.016900463 0.00806992315
0.0260466449 -0.0214914177
0.00553413713 -0.0531830825
0.0110417102 0.0237684045
0.0435363092 -0.0147929313
0.0346593969 -0.040097516
-0.0533520505 -0.0188105721
-0.00604564743 0.0193203948
0.0288761985 -0.0095483521
-0.0313536301 -0.0129066156
0.0213133898 0.0812946931
-0.0237366594 -0.0154417325
-0.0232007857 -0.038724944
0.00288602873 0.00469162548
0.00675187493 -0.0799855515
-0.0331350714 0.0203579199
0.033211749 0.0357641168
0.0179492384 -0.0480038039
-0.00203770446 -0.0718023255
-0.0195380505 0.0205625985
0.00539068226 0.0446584225
-0.117711537 0.0206412319
0.0211622454 0.0494933538
0.000678410521 0.0175432041
0.0182171799 0.00156846608
-0.0743328407 -0.0611848608
0.00107556675 -0.0201080963
-0.00168130582 0.00144191273
0.0126239341 0.0037568328
0.064205192 0.0493495911
-0.057812538 0.0240829661
0.0213535391 -0.0980110168
-0.0558859408 0.0635000691
0.018556606 -0.0681141838
-0.0470501557 -0.0685883835
-0.00625521736 -0.0260122307
-0.0499565117 0.109977044
0.00682430016 0.0198110696
0.0174353849 -0.0105774077
-0.0587048121 9.25913919e-05
0.0313428007 0.061941687
-0.0461296923 0.0262478031
0.0918380916 0.0200921576
0.00388035271 0.0284586176
-0.0280890837 0.0397947505
-0.0104175285 -0.0289573167
-0.0158320405 -0.0237977449
0.0175459441 -0.0409447402
-0.0218401328 -0.00296916394
-0.0320879407 -0.051324226
0.00905471388 0.00429661246
-0.0563894883 -0.0603926629
-0.0456008911 0.00519471243
-0.0495699421 0.0374460705
-0.0271316338 0.0202680063
0.0164864454 -0.048961401
0.0314384289 0.00286888122
0.00809607841 0.0372359455
-0.0356978737 0.0354178026
0.00555193005 0.062898688
-0.0265112724 -0.0546095595
-0.0480961651 0.00636331365
-0.0527899601 -0.036998339
-0.0282482971 0.0136987315
-0.0306439232 -0.00687608216
-0.011950722 -0.0106657827
0.0181454644 0.00499317748
0.0383066162 0.0268661119
-0.0259342864 0.028702613
0.0103132343 0.031697128
0.019833304 -0.0876861811
-0.0464303046 -0.0215178858
0.0280252025 0.0521510206
-0.0543732569 0.00112073892
-0.00130577013 0.0533851683
0.0122282924 -0.0171344522
0.0404336601 -0.00207760674
0.0635351911 0.0209607836
-0.00193412683 -0.0210032035
-0.0112729361 -0.0313039832
0.0129217878 -0.039894633
-0.0162708648 0.0171517432
-0.0210955422 -0.00725078396
0.00904937554 0.006882241
0.0305331573 0.0573412776
-0.0163310301 0.0308691654
-0.00149793224 -0.0279693268
0.00152333651 0.0376853421
-0.055626601 -0.00694579817
0.0319800265 -0.0273870453
0.0432152152 0.0177844651
0.0334291458 -0.018319631
-0.0677360594 -0.0375381298
0.0593802258 0.0431500524
-0.00251303241 -0.00749066239
-0.0752993077 -0.112415373
0.0325863324 0.0478101
0.00885413215 0.0713670701
0.0295730587 -0.0424849056
0.000848981086 -0.0139562888
-0.0243779104 0.0217269845
-0.0241761003 -0.00711633125
0.0529668257 -0.0222646073
0.0701106116 0.0522348285
-0.00338595523 0.00372800045
-0.026290318 0.00747237774
-0.0103162844 0.0168362632
-0.0317981057 -0.0245513637
0.00453761127 -0.0209636912
0.0873761773 -0.0822130963
0.0427284501 0.017295232
0.0192357339 -0.0135889463
-0.0275377259 0.0133584682
-0.0524850488 0.050667353
0.0261918455 0.0305149462
0.00616649259 0.0462555066
-0.0393838696 0.0370609649
-0.000155223039 0.0349250659
0.0314305946 0.084716849
-0.00747132022 0.0300669242
-0.0146499937 0.059149757
-0.0928993672 0.00361193577
-0.00930576678 -0.0675070882
0.0462518968 0.0446328223
0.0145233031 0.0667402074
-0.00731184287 0.056854479
0.0571337119 0.0156770125
0.0655565485 -0.0225786008
-0.0147122974 -0.0480927415
-0.00614075176 -0.0307090301
-0.0249398798 -0.035353478
-0.0255473871 -0.012507434
-0.0273401104 -0.0196107402
-0.00778192002 -0.0647340566
0.0734076351 0.00632159505
-0.0246635526 0.00672458252
-0.0221721493 -0.0733978823
0.0483780131 -0.106533028
-0.0521814115 0.0709597692
0.0600316338 0.0422604494
0.043030031 0.0196115654
0.0386543758 0.0399971679
0.0493032411 -0.00354704796
-0.0851865858 0.025836587
0.00873263739 0.0282194298
0.154381841 -0.0288968962
-0.0219681188 -0.0083761448
-0.0532836802 0.0404070504
-0.0405042917 -0.0597229451
0.00611627707 -0.0520212427
0.103582382 -0.0153385038
0.0484845676 0.0065231435
-0.0280391201 0.0460293815
0.0641286373 0.0149574401
0.0343174525 0.0251046456
-0.000721762481 0.0520258993
0.0538541451 -0.0746881738
0.0557583347 -0.030655792
0.0683534071 0.0294823572
0.0196031462 0.0227972511
-0.0361673273 -0.0312597193
0.0205068402 -0.00851358101
0.0805988684 0.0242935512
0.0618534684 -0.0919357538
0.00657895813 -0.031849768
-0.0164123345 0.0177479014
-0.00332195428 -0.00138732791
-0.019352017 -0.0566776209
0.0256885123 0.0264439248
-0.0280152 0.0834227726
-0.0387147889 -0.0982381701
0.0557463095 0.00877200067
-0.0395986773 0.00865448825
-0.0916468948 -0.0309889521
-0.0791963562 -0.012791709
-0.0405087359 0.0300732721
0.0726209804 0.136256531
0.0326013267 0.0287706871
0.00988104753 0.0101930872
-0.00418028701 -0.0115903197
-0.0720042735 0.0672800541
0.0159836896 0.0373464823
0.0166278966 -0.0807161778
0.0189642664 0.00749129849
0.030277485 0.07626459
0.0206478406 -0.0267678387
0.0418763198 -0.0208378565
0.0140709532 0.0331071839
-0.0241392162 -0.0101151029
0.0298131779 0.0379265845
-0.0720468163 0.102122575
-0.11161837 -0.0562832132
-0.0583122671 0.0318468548
-0.0372888669 0.0158343948
-0.0313378684 -0.045988787
-0.0297609828 -0.00395845482
-0.0643123388 -0.0177529063
-0.0552623235 -0.053859435
-0.0467072129 -0.0456285737
-0.0508883335 -0.106513642
0.0209720749 -0.0512588806
0.0478683487 0.0898057818
0.0642950162 0.0425206125
0.067620337 0.0366934985
0.0239798166 0.0575136356
0.0382774547 0.0199462008
-0.0404202603 -0.0237715133
0.0628155321 -0.10046491
-0.00534676481 -0.0315371864
-0.0862864032 -0.0687027574
0.0474315844 0.0138005428
-0.0597883016 0.0818383545
-0.00400173571 -0.000948290981
-0.0156627856 -0.00606334023
0.0173132904 0.011200211
0.0567587391 -0.117024593
-0.0640347973 0.0471964404
0.0356918201 0.0678602308
0.0778325796 -0.0452847481
0.0497686341 -0.0352900475
-0.0304831024 0.0169620384
-0.0956183672 -0.0635811761
-0.106666014 -0.0207624584
-0.0671102777 0.00409309799
0.0431176312 -0.00345411804
-0.0426693968 -0.0587640293
0.0653889552 0.0121259782
0.00339123653 -0.0545945764
-0.0439881571 0.0034724609
0.0574264266 0.0828123018
-0.00464475714 -0.0340871252
-0.0435767211 -0.0608293451
-0.052530773 -0.0310973655
-0.0519423224 -0.031151522
0.015838597 -0.0863195658
0.0575757213 -0.0334335268
0.0701012313 0.0341663696
0.0160397813 -0.0418171212
-0.0382289551 -0.0131453294
-0.0120554874 -0.00960797258
0.0478635244 -0.0351156332
-0.0770898014 -0.000808226527
-0.0678791031 0.0721684918
0.00279511418 0.0591431893
-0.0133555653 0.00693177106
0.0160092227 0.0435744338
0.052654624 0.0849074945
-0.0453038178 0.0327826627
-0.0583191141 -0.00851124618
-0.0042225495 0.0835882276
-0.0364174284 0.0159730203
-0.0273821764 0.0813131705
-0.0493929088 -0.0200173222
-0.0300815366 -0.0360585079
-0.0333266407 -0.000962977239
-0.0245109759 -0.00106826564
-0.00744521199 0.00350293121
0.0196753927 0.0244494379
-0.0200305805 0.0661900491
0.0231862329 -0.0199467707
-0.0736426935 0.0225634202
0.0190906208 0.0220159087
0.0482106656 -0.104271427
0.0421802923 -0.0554055162
-0.0385687537 -0.00979391765
0.0155272791 -0.053643886
0.0421184003 0.00297845481
0.0263356846 0.0316221043
0.0176475905 0.00881381612
-0.0224708691 -0.0314995088
-0.0459398217 0.0238857474
-0.00489379931 -0.00331491674
-0.0192444194 0.0127357161
-0.0103102596 0.0449385755
-0.0122655937 -0.000428990548
0.0410703793 -0.062241517
0.0257248338 0.00483415322
-0.0221153144 -0.00968552008
-0.0249794517 -0.00925437082
-0.0188752189 -0.0739161894
-0.00561701786 -0.0646648929
0.0576726645 0.0705173761
0.0365028121 -0.0296534654
0.0796034485 0.0421488844
-0.0327768587 0.0209970679
-0.0599631928 -0.0909233391
0.018979989 -0.00840450544
-0.0666646957 0.0345504396
0.0163692217 0.0118572284
-0.0291429665 -0.00808662456
0.0105685052 -0.0373129398
0.0361818448 -0.0597322695
0.0175122488 -0.0027324718
0.0454868525 0.0372639373
-0.0529110953 -0.013198507
-0.0603124723 0.0262751561
0.154797912 0.0143732335
0.0266377833 -0.0569994263
0.00951051433 -0.0616567247
0.0684763789 -0.0108613549
0.0978806913 0.0233250614
0.0469338298 -0.0517033041
-0.0345762074 -0.0112474281
-0.0120717492 -0.0308263488
-0.0280458294 -0.02305126
-0.029071467 -0.0498934463
0.00124451006 0.0820893869
-0.0555760413 0.00430613849
-0.0300637595 0.0157729089
-0.0559242778 -0.0611452609
0.012118239 -0.0257798135
0.0619192198 0.0913080424
-0.0393835381 -0.0482701473
0.0647140965 -0.0292349663
0.045867987 0.01711726
-0.00591040542 -0.024432417
0.0521287359 0.0378816314
0.0100441528 -0.0510653481
-0.0201251116 -0.0581917167
-0.0519549772 -0.0151344296
0.0970869511 -0.0245625935
-0.0295250695 0.0250015073
-0.0679604709 -0.0126754874
0.0544914305 0.0650346354
0.00534618087 0.0378543325
0.000563552545 0.0722042918
0.072815448 0.0702413693
-0.0326614268 -0.0119355116
-0.0857837349 -0.0138690965
0.0318027176 0.0444863439
-0.0138442563 0.0816010311
-0.0586856119 0.0128232334
-0.0523870736 -0.00332716946
-0.0303689372 -0.0290516596
0.0137276528 0.0187975168
-0.00488703232 0.0649621636
-0.0211705696 0.0162948854
0.0497945212 -0.0484915338
-0.00815702509 -0.0252143461
-0.0121576441 0.0593261681
-0.0415337384 0.0192947164
-0.094444111 -0.0364090204
-0.0327454135 -0.00375094404
0.0052279192 0.0384623744
-0.0218353495 -0.0184443071
0.0189755429 -0.0135946665
0.0680956766 0.081400305
-0.00558541017 -0.0455716886
0.000744522666 -0.0814749226
0.0608551688 0.0743061081
-0.00624933653 -0.00178967393
-0.00893397722 -0.125596806
-0.0128032146 0.0727325752
-0.0360019393 0.0649001449
0.0484142862 0.0053120479
0.000254749379 -0.0243333206
-0.041911114 0.0348625481
0.0178231895 0.027830964
0.0221587531 -0.0261106212
0.0694544837 0.0580231771
-0.0105232522 0.00608228846
-0.0241832025 -0.0159876812
-0.0251732133 -0.00652050553
0.0263655316 0.0125511307
0.0325365439 -0.0137222316
0.00902803987 -0.0428574719
0.0760365874 0.0302768406
0.0311090779 -0.0416937768
-0.0188110545 0.00115018664
-0.0333136916 0.0453327186
0.0342036709 -0.0107217692
-0.0140631087 0.0953468457
-0.0100980699 -0.0379707739
0.0198947079 0.0289623085
-0.0540121272 -0.00893245544
-0.0102864495 0.0225776937
-0.0740891322 -0.0103516793
-0.0639019758 -0.0673490465
0.0364979655 0.0194886178
0.0584331341 0.0222094785
-0.00114824972 -0.0813302845
0.035453476 -0.0104123745
-0.0107608642 0.0150537128
0.00471533835 -0.05840322
0.00745609729 -0.0422924571
0.0223934166 0.0101043964
-0.012836352 0.0895933881
-0.0627781898 -0.00979949068
0.00244335085 -0.0354262181
-0.0425268337 -0.0550111793
0.0719918385 -0.0372059233
0.0352446623 0.0274616703
0.0261075944 -0.00226630713
0.00833735242 0.119383059
-0.0327094458 0.0163965095
0.0792879835 -0.0833485648
-0.0433395654 0.0774606615
-0.0364398696 0.0282879304
-0.0346177705 0.0352596045
0.0306803677 0.0120497085
0.0367782675 -0.0376535952
-0.0129864672 0.0436403006
0.031422466 -0.000951988855
-0.0664328262 0.00184173021
-0.0254196692 0.0325491801
0.0496671125 -0.0406895243
-0.0447508208 -0.0502461605
-0.0282124113 -0.0119814435
0.0265795421 -0.0495224148
0.00274001923 -0.0730502084
-0.0269844159 -0.00535303121
0.0492556579 0.0240879338
-0.0352499224 0.024711838
0.0152740357 -0.0560932532
0.0537938513 0.0524526872
-0.0112967538 -0.0383805744
0.0769457817 -0.0423256271
-0.0753035694 0.0933041349
0.0300475266 0.0130196996
0.0720203072 0.0450663343
-0.00826569274 -0.0176418256
-0.00592691638 0.00124865735
0.00202660635 0.0542224646
-0.0405508615 -0.0453188121
-0.0738639608 -0.0391647965
0.0337401554 -0.03519997
0.0791408643 0.0468980409
-0.0435744077 0.028842818
-0.0306751449 -0.0159882922
-0.0712431297 -0.0426902995
0.0422888696 0.0260964632
-0.0201000366 0.0490237772
-0.0519464277 -0.0109460745
-0.00104271341 0.0832747221
0.0533836707 0.0408418998
-0.0565156862 -0.131074145
-0.0476555042 -0.0433588326
0.0183067303 -0.0122367879
0.00990517996 -0.0711225718
-0.019153364 -0.0536399744
0.0227662902 0.0233799424
0.00282804924 -0.0418322384
-0.0336592905 0.0478503294
0.0481095724 0.163594738
0.00719669415 0.0117612854
0.0231996514 -0.0141771166
0.063884303 -0.000886575959
0.0346633606 -0.0452527627
-0.0187122244 0.0105151087
-0.043067228 0.0384606197
0.0343554392 0.0141295884
0.116074078 0.0592271797
0.0449455231 -0.0256144665
0.080159992 -0.0273571238
0.0269519463 0.0849909931
-0.0087627694 0.0432891957
0.0713503957 0.027229635
0.00561258476 -0.0302912295
-0.0357428491 -0.0200503282
0.0324212275 0.0177042633
-0.00736776879 0.0487075448
0.0615412891 0.0139042269
-0.00944642723 0.0313307717
-0.0242036544 -0.000198937778
0.102671333 -0.065400973
-0.00427591382 -0.0356250368
-0.0136319166 -0.0840200558
0.0160273965 0.0260110609
-0.0224912353 0.0698436499
-0.0204049237 0.0503440797
-0.0416907519 0.0419155285
0.00364115741 0.0349827074
0.00392484898 0.0276577361
-0.0267214756 -0.0199878011
0.0649172142 -0.00766874989
0.0350645781 -0.0661507249
-0.044619333 0.0631361157
0.0410420373 0.0507259257
-0.0325800851 -0.106741764
-0.0249361731 0.00453744084
-0.0278063267 -0.017490644
-0.100868754 -0.0217857156
-0.0344568044 -0.0133061074
-0.0670669079 -0.0317463167
-0.0248980783 0.0521784201
0.0269430559 -0.0321672
0.0932193622 -0.104911134
0.0245403461 0.0465636402
-0.043442633 -0.0183846559
0.0747220889 -0.0889367759
0.0201876797 0.0306078158
-0.0102746515 0.0827854574
-0.000717703137 0.000591488671
-0.0273969155 0.0446467586
-0.00661851931 -0.0686089024
-0.00103838486 -0.0363613926
0.0168572906 0.095402427
-0.0533850454 0.00226635952
-0.00853382517 -0.0169794299
0.00406907732 -0.0226154681
0.00744669512 0.0301321149
-0.0351722129 -0.0524007194
-0.0555471517 -0.0679067597
-0.00267507741 -0.0399014018
-0.00376041653 0.0275356397
0.0695017055 -0.0222925954
-0.0819264427 0.0123477876
-0.0232320558 0.0202169102
0.0833993852 0.0650117621
-0.0320504047 0.105544455
-0.0918931738 -0.0254387427
-0.122662522 0.0137351109
-0.0251237229 -0.0107340338
0.0345350578 -0.0292062163
-0.0359854326 -0.00570544973
0.0206241682 -0.00942980871
-0.0274883099 0.0545783602
0.0261998735 0.0344407633
0.0168098379 -0.000178071554
0.0716733932 -0.0228009969
0.0475411005 -0.0469143949
-0.0297028814 -0.00893437304
-0.00584172504 -0.019063998
-0.00785258692 -0.0126232002
-0.0519177169 -0.0428144522
0.012549744 -0.109860428
-0.0110266935 0.0277525224
-0.0457584187 -0.0135678072
-0.0135537395 0.0477537252
0.00628570514 0.0755937472
-0.0253310818 0.0414970852
-0.0120176449 0.0444019139
0.114619426 0.0188219193
-0.0183621887 0.0158396401
0.0351776741 0.00744866254
0.0228855982 -0.00340232672
-0.0623208173 0.0246735606
0.0393529646 0.0210965369
0.0487291552 -0.0158102084
0.0304000899 0.0367694311
0.00186154468 -0.00599686056
0.0264909137 -0.0435316227
0.0337253399 -0.01216204
-0.114627145 -0.0953344256
-0.043351315 -0.022558853
-0.0494432263 -0.0178210977
-0.0151190618 0.0384916775
0.031327337 -0.0361517482
-0.0691530481 -0.0181443933
-0.0557787232 0.0203915257
-0.075200431 -0.0151831079
-0.0174891707 0.00162481645
0.0676129237 0.010324779
0.0168340076 0.0275005605
0.0142220259 -0.0368233211
-0.0559860952 -0.0349405222
0.0158825777 -0.0230147112
0.0498721078 -0.0779252946
0.0396338552 -0.0719794258
0.0842920393 0.00881535467
0.00179519353 0.11477115
0.00889019947 0.0144577697
0.0263173692 -0.0399236493
-0.0846858621 0.0275272913
0.00513882795 0.0185863283
-0.0234890152 -0.0192735102
-0.0672235861 -0.139973998
0.0316803418 -0.0586112514
0.0270660594 0.0176387131
0.0316143036 -0.0417572223
0.00361768948 -0.00322379591
0.0527457967 -0.0192104951
0.0632819682 0.066319868
0.0285639502 -0.0209572017
-0.01600294 -0.0482241735
0.0277085062 -0.0157992616
-0.0175339598 -0.0197697971
0.0146137802 0.0572201051
0.0046178042 0.0100068208
-0.0877878517 -0.0108267358
0.0172937214 -0.0085928645
0.0162237026 0.0583043396
-0.0670538768 0.0269970875
-0.00641920138 0.00579576939
0.0595441163 0.0279393923
0.0402294919 -0.0272976179
0.0499259271 -0.0377588272
0.0104966192 -0.04673215
0.0349324234 -0.0119902324
0.0431999005 -0.0401427411
-0.0730759501 -0.0775218382
0.0551040508 0.0720016584
0.0562532209 -0.00151535089
-0.0718316287 -0.00666972948
-0.0181653388 -0.0309788119
-0.00143085141 -0.0547190756
-0.00922561716 0.00646033976
0.0148678813 0.00718012033
0.0119674243 -0.069795467
0.0476930514 0.0392752513
0.0267887991 0.0328744203
-0.00111059193 -0.015420787
-0.0227744784 -0.0630536005
-0.0393421799 -0.0321909823
-0.0733143911 0.0237266049
-0.00189604214 -0.0612880923
-0.0074547152 0.0277029406
-0.0425370783 0.0787591413
-0.00840271544 0.0675903112
-0.0106319375 0.0383148566
0.00285504432 -0.0697423816
-0.0153945005 -0.0460940376
-0.0201167017 0.0423756614
0.0409476683 0.0237428863
0.0563623756 0.0616010539
-0.0344048999 0.0464131571
-0.0707728714 -0.0222723037
-0.0500690229 0.0384015255
0.00727453688 0.0267589036
0.00393500552 0.0590061024
0.00919666607 0.00195352244
-0.0671016574 -0.0128769735
-0.012022973 0.0394390635
-0.0303925984 -0.0265440494
-0.0480212681 0.0337033197
0.0846484825 0.140842721
0.0566277802 -0.0101497695
-0.0461132787 -0.0322761498
0.0351417288 0.0754107535
-0.0100534726 -0.0460549034
-0.0395836234 -0.0134571921
-0.0232786778 0.0151644489
-0.0350552276 -0.0667984113
-0.0733466446 -0.0690476298
-0.011759459 0.0696351007
0.0220688377 0.0647541285
0.0273446888 -0.061064627
0.0632238835 -0.0267958138
-0.0228239913 -0.0274355616
-0.0488287583 -0.10140948
0.036691159 0.0105266301
0.0505005457 0.0277749617
-0.0193572827 0.0686322078
-0.0982059985 -0.0124446517
0.00353334309 -0.088764146
0.00376537768 -0.0307633001
0.0693552345 -0.0549902096
0.0278808791 0.00205158396
-0.0224722642 0.0351089351
0.023625493 0.100738995
-0.0284419674 0.0302624851
0.0985043272 -0.0246986393
-0.0752398074 0.108653381
-0.0491750203 -0.0278274473
0.00950216874 -0.00392166106
-0.0112877218 0.0106469207
0.0345153883 0.0315485224
-0.0489773862 0.0587281547
0.0419164114 0.0161122642
-0.0510218255 -0.03363185
-0.0282381102 -0.0169672817
0.0613392889 0.0197207723
0.0259058662 0.0343396179
-0.0739588514 0.0244888272
0.0313876607 -0.0816660598
-0.00570447091 -0.0692052618
0.00924249459 -0.0360276178
0.0968192369 -0.0321015865
0.080047451 -0.0148111312
0.0623420998 -0.0507355817
-0.110432826 0.0040902379
-0.0564148091 0.0594661497
-0.07642176 0.0150987124
0.0285203923 0.0229317006
0.0365386456 -0.00499388156
-0.006411721 -0.00986485276
0.0190636273 0.0406114012
0.00108674983 0.0542534478
-0.00577078713 0.0606969185
-0.0392603353 -0.01731853
0.050447844 -0.0204865728
0.0220816471 0.00834211707
-0.0533227623 -0.0332291834
0.00100582978 0.0134226382
-0.0357944965 0.0544312149
0.0848398134 0.00487462897
-0.0610701963 0.041587159
-0.034796752 0.0913718194
-0.103484295 0.0160636492
0.0551563054 -0.0375137478
0.0484905578 -0.0321433321
-0.0621914566 -0.0233896356
0.0402205773 0.053890571
-0.0721417591 -0.0274633858
0.0201499891 -0.00284899306
-0.00536293769 0.00679652486
-0.0402547158 0.0194212049
0.034609627 0.0308135115
-0.0678964108 -0.0338533297
0.000744530116 0.0220853109
0.0552376509 0.103738867
0.0131185763 0.0240405519
0.00770524051 -0.0888937786
0.0498077236 0.0479182936
-0.00821826421 0.0526034087
-0.0159739666 0.0713487491
0.0803637579 0.0304510687
-0.00174973416 -0.0613174774
0.0232257992 -0.117372304
0.0415115356 0.0295456722
0.0319032408 -0.0212424584
0.0872154981 -0.157408625
0.0303508826 0.0689298138
0.0421904959 0.0594732054
0.0403122008 0.0289612152
-0.0261537544 0.0459262058
-0.0675475672 -0.0590415522
-0.0252227895 -0.0239118543
0.107694931 -0.00322877197
0.0616519898 -0.00602335297
-0.00859183446 -0.00339283794
0.0410501845 -0.0104992865
-0.0382692218 0.0288951118
0.0155491298 0.107029736
0.0485006087 -0.0109356567
-0.0127417902 -0.00517557794
0.0234301556 0.0155618461
-0.0688673928 -0.0513657704
-0.0590505525 -0.053482715
-0.00426062988 -0.0314060301
-0.025314495 0.0216178074
-0.0510872267 0.00144477305
-0.0385791138 0.0181833934
0.0212323163 0.0457647368
0.0578756519 -0.0519668423
0.0465257242 0.0371502861
-0.00853201561 0.0554063246
0.00966546591 -0.0154653946
-0.0232765228 -0.0453000888
-0.0208389834 0.0455950014
-0.018124111 0.0983259901
-0.0132218925 -0.00568102067
-0.0701702684 0.0125491293
-0.0743361786 0.00418685749
0.0234107748 -0.00538290245
0.028682176 0.051612366
0.0296686068 0.00553092128
0.0270992294 -0.0137187056
-0.0988090932 -0.0196868293
-0.0427133664 0.00340130948
-0.00557748368 0.0277583655
0.038968727 0.0326282941
-0.0111784972 0.0358110256
-0.0346585661 -0.0206365976
0.0504961871 -0.0961974114
-0.0348787978 0.000887864851
-0.0440740921 0.0442838706
-0.0349420272 0.0168259069
-0.0432495177 -0.042171061
0.00864297338 -0.0350225121
-0.0516887866 0.0722475573
0.00993124396 0.0494899973
-0.0111709153 0.0541584753
0.0520977415 0.129951164
0.0310504753 0.0423364006
0.00921824388 0.0416702516
0.0523504913 -0.012212785
-0.0281990431 -0.0407390371
-0.0383520462 0.0303014889
0.0353463516 0.002900864
0.000861174834 -0.0851944983
-0.0466890596 -0.0034595239
-0.0356130525 0.0960655734
-0.0664959177 -0.0766329467
-0.0300222598 -0.0615885668
-0.0285237823 0.0131336618
-0.024545813 -0.0286809355
-0.0248943362 0.0171584841
-0.0275611635 0.0341987573
-0.0472576357 -0.0281548072
0.00918838754 0.0642602295
0.103634261 0.00548265548
-0.0868856683 -0.0155092888
-0.0316788591 -0.0189045705
0.0265034642 -0.0757153109
-0.0417948179 0.00490217051
-0.045259878 0.0882462934
-0.0240892358 0.0394995771
0.0244878866 -0.00121176033
-0.0107866991 0.0295786094
-0.0244836546 -0.0920831636
0.0604471229 -0.0277980473
0.012586534 0.0538371503
-0.0500806682 -0.010784301
0.0263050143 -0.0188702755
0.0169141237 0.0118697975
0.00305264094 -0.0215586759
-0.0457130559 0.058373265
-0.0646798313 -0.00416492298
0.00202360586 -0.074618727
0.0398655795 -0.0221109875
0.00226046238 -0.0576491654
0.0959624872 -0.00210376782
0.0416700579 -0.0968212709
-0.00835162587 0.0137038315
0.0920959711 -0.0014336803
0.0771454796 -0.0974925086
0.00479057338 -0.120505624
-0.0172680058 -0.0851203948
-0.00988263916 0.0268834252
0.0117825279 0.0642018616
0.018694602 0.0186736919
-0.0460800976 0.0611722209
-0.0208014864 -0.0518303141
-0.012442789 -0.0519797504
0.0405019708 -0.070579581
-0.0415378697 0.0244256891
0.0116862487 0.076637581
0.0454384834 -0.0220943242
0.0126185445 0.0360115245
-0.022314433 0.0304042492
-0.0427652039 -0.0264235772
-0.0444699861 -0.0765989423
-0.0941804498 0.0333035402
-0.000712558627 0.0289550666
0.0205921307 -0.0194796491
-0.0043009189 0.0562836342
-0.0553115532 -0.0341957659
-0.0632601604 -0.0453964584
-0.0357066356 0.0459380373
-0.0283858292 -0.0722927749
-0.0183386151 -0.0337906666
-0.0341858491 -0.0431606397
-0.00760359224 -0.0126612838
0.0320450328 0.0101491455
0.00721473899 -0.0654828548
-0.0380696021 0.0155608188
0.0151254665 -0.0155046787
-0.0231339671 0.0205129385
-0.000923709187 -0.0349267833
0.0506535843 0.0214041304
-0.051275745 -0.0104345893
0.0497688726 -0.114941075
-0.00330710853 -0.0064266366
-0.111011311 -0.00249831262
-0.0281392895 -0.0393056162
0.0462258086 -0.0934956595
-0.0216172729 -0.00873039197
0.0197232887 0.0271806587
0.0841874108 0.0183310062
0.0269821566 0.032713268
0.0128397271 -0.00800748728
-0.0121193929 0.00114710385
-0.0334246457 -0.0672459155
0.0306027792 -0.0515279025
0.026055051 -0.0740931854
0.0378051102 -0.0293023624
-0.0714196786 -0.0374589264
-0.00359670562 0.00100206642
0.0569668002 0.00846100133
0.00505110575 -0.0518089645
0.0126549751 -0.00210579671
-0.00736578414 0.000236924272
0.00685401168 -0.0117839267
0.0386271924 0.0023715829
-0.0506465584 0.0446420386
-0.0225602649 -0.0176413655
-0.00209769513 -0.00881576352
-0.0528018996 0.104121901
0.0868785456 0.0612682328
0.0585374869 -0.0121256551
0.0128835179 0.00462869601
0.0750427768 0.045191288
0.0338406526 0.0179502759
-0.0301247444 -0.0541038662
0.00761278719 -0.0142813725
-0.059011776 0.0221926868
-0.0831909999 -0.0432316959
0.00921548344 -0.021479262
-0.0112009505 0.0728584304
-0.0371240787 0.0301359408
0.00770701701 -0.00566903315
-0.01530887 -0.043944262
-0.0420018993 -0.0103326524
0.000256785686 0.0252852477
0.00378970243 -0.0291210525
0.0146036968 0.0318518765
-0.00733899465 0.0812087059
-0.0433529541 0.0094962474
0.0190229006 0.0792341828
-0.010361813 0.0446230322
-0.000737159513 -0.0108973905
0.0152951777 0.0195365995
-0.0447168872 0.00802655797
-0.0251600947 0.0174468197
0.0298710633 0.0418838449
0.0406903066 -0.0596324541
0.041018527 0.00165389595
0.0355391055 -0.0407277159
0.0401681811 0.00569114648
-0.0865252763 0.0721825287
-0.0162697826 -0.0421875641
0.0168638323 0.0207675789
-0.013585656 0.064139165
0.0697477013 0.00464728894
-0.0518752597 0.00769626722
-0.0327496752 -0.0127667906
0.0111772763 0.0215601362
-0.060717836 -0.0153150279
0.0283029787 -0.022728838
-0.0272562429 -0.037309058
-0.0396853872 0.0333198346
-0.0339918323 0.0683583617
-0.0494229533 0.0555457473
-0.0012611273 0.0218864549
0.0676433817 0.00810833648
-0.0425103791 -0.107433319
-0.0276880059 -0.0215875953
0.0348394662 -0.00814749207
-0.0715714619 -0.0326760523
0.056607414 -0.0747025609
0.0074489559 -0.0480313189
0.0353315845 -0.00951808877
0.090097107 0.0245466698
0.0553709604 -0.0288779661
0.060304679 -0.0398642197
-0.152531058 0.0277113896
-0.0682583675 0.0252004135
-0.0702173114 -0.0132110026
-0.0110919727 0.0106154438
0.0510382839 -0.0437577814
-0.00804625358 -0.00993095525
-0.0175816789 0.0548614785
0.0411382467 0.041674722
0.0412157662 0.0173423626
-0.0826341957 -0.011912494
0.0180439558 -0.0115262996
0.00945257861 0.0358960703
-0.0249308925 0.0108395694
-0.0149702942 -0.0022998983
0.0144397952 0.0556724444
0.0497553386 -0.02349573
-0.0226325002 0.0470130555
-0.0619124696 0.081261456
-0.0953281 0.000262771558
0.0418801382 0.000944443455
0.0743799061 -0.0120074023
-0.0282759368 -0.00880644936
0.070833683 0.012889185
-0.0981095061 -0.0600285307
-0.032759577 0.0615912154
0.0111701936 -0.0395108052
0.0329095274 -0.0161362272
-0.013227283 0.107752502
-0.0467482433 -0.0264965612
-0.062805444 -0.0246775541
-0.011575399 -0.039201159
0.0181838013 -0.0270298794
-0.0717283934 0.0451565199
0.00189474737 0.0131221106
-0.0434986465 0.0250833686
0.0470696203 0.0127788084
0.0366483778 0.0369087756
-0.0580461882 0.0943622366
-0.0773838162 0.0194903109
0.0175112132 -0.0333196707
0.0964485407 0.0510490388
0.037479911 -0.0268266685
0.0527324341 0.047469303
0.0557027571 -0.0426439494
0.0220179409 -0.0903844014
0.000864265137 -0.0581334382
0.017989818 -0.0670715868
0.00890626293 -0.0345913209
-0.006410887 -0.00483162748
-0.0227123499 0.0605361909
-0.0892993584 0.0517077968
0.0227364805 -0.129473642
-0.0161869954 -0.107055373
0.00901833363 -0.0362813622
0.0122907506 0.0124443602
0.0635160282 -0.0353188999
-0.00295390142 0.00141996238
-0.0519339629 0.0346023962
0.0441614464 -0.0764440149
-0.0485732444 -0.0394584984
-0.0334729925 0.00742193824
0.0138191581 0.0312337894
-0.0250958614 -0.0314317234
0.0119411834 0.0811211392
-0.0832888931 0.0360222049
0.0493848771 -0.111402877
0.0397711322 0.0222702269
0.0149840079 0.0365796462
-0.00972854719 0.0077624945
-0.0795947462 0.0892750844
0.0269211717 0.0519617051
0.0139880711 0.00193479145
-0.0388985611 0.0672655106
0.0205779895 0.0178984609
-0.0682080016 0.0214684494
0.0155777894 -0.0409071334
-0.0919295326 -0.0151007781
-0.0622738637 0.0505863503
0.0934462473 -0.0490171425
0.00341601949 0.0811094791
-0.0168598928 0.0877691805
-0.0109449429 0.0395181887
-0.0424318649 0.0112324348
-0.0622461997 -0.0189811941
-0.0174380224 0.00130283739
0.0743909851 -0.0365252867
0.0687874928 0.0127888648
-0.0261963475 0.0922731385
0.0153664742 -0.00455485191
0.0732052252 8.53361053e-06
0.0337129906 0.037628971
0.0200652722 0.0413754955
0.00963293947 -0.0376957729
0.0494226962 -0.00957505777
-0.0220283139 -0.0103258844
-0.0425647907 0.0119823953
-0.0197414067 0.066462703
-0.0103199501 -0.0215530805
0.0527936332 -0.0136552062
-0.0316486545 0.0034172954
0.00588258449 -0.00530405482
0.00208649458 0.0416777618
-0.0219032299 0.00454038661
0.0191163439 -0.0434166752
-0.0855371878 0.0216659065
-0.0443743132 -0.0244505759
0.0530457832 0.031656716
0.0340319946 0.00659451168
-0.0166305583 -0.0290906094
-0.0347133763 0.0585889034
-0.0101332553 0.037287537
-0.0237326082 0.0222081468
0.0194628127 0.0445183367
-0.0316485949 -0.051986903
-0.0467329808 -0.0213101935
0.06695503 -0.000320354302
0.0215750169 -0.106121875
-0.048623912 0.0502744615
-0.0745352134 0.105344161
-0.0166998412 -0.0385920145
0.0443676524 -0.0521333367
0.0431766361 -0.0769594237
-0.0539327487 -0.0494345352
-0.0983277038 -0.0427860208
-0.0363065191 0.0351779014
-0.0337488279 0.0829297379
0.0293372869 -0.0400582664
0.0477206223 0.13970919
-0.00752434181 0.0883478969
-0.0369628184 -0.0454947166
-0.00965296943 -0.0205897894
-0.0297126286 0.0882052854
0.0608473979 0.0198249146
0.00175095291 -0.0515992306
-0.00490930676 0.0405635461
-0.0211441256 -0.0389612615
-0.0172215067 -0.0151917953
0.100940295 0.0247064326
0.0186958518 0.0467193611
-0.0187011939 0.00514066219
0.0475049317 0.023646621
-0.0449906662 0.0443654545
-0.021524597 -0.0771032274
-0.0711058751 0.029174909
-0.0707141012 -0.0365689211
0.0110174287 0.00663556485
-0.00107876281 0.00718908245
0.0222119093 -0.0891416371
-0.044084046 -0.0367706008
0.0162927117 -0.00487281475
0.0436266214 -0.0572384819
0.0617954768 -0.00894228928
0.0722893178 -0.0103287175
0.026188869 0.0503201894
-0.0215006024 0.0181765016
-0.0278192926 -0.072720468
-0.00268766144 0.018557677
-0.0132798124 -0.00795955025
-0.0467065275 -0.00942873396
-0.0185360909 0.0462563261
-0.0439828746 -0.0547122322
0.0295286253 -0.0833159238
-0.0791104436 0.00951571856
-0.0140093844 -0.0168902017
-0.00587600982 -0.0675048456
-0.0282240938 -0.000793970714
0.0290844236 -0.00944036432
0.0280221868 0.00823680963
0.00225922815 -0.00480899122
-0.00358049362 -0.0547196344
0.00914526638 0.0901977271
0.0241789781 -0.0206392147
0.000950940244 -0.0914940611
0.0526717976 0.00369463349
0.0458095409 -0.0388059914
-0.0206818357 -0.0841623917
0.016708428 -0.00482340856
0.0091935331 -0.0282037072
-0.00147947576 0.0421941392
0.010643526 0.0289181918
0.0116944909 0.0251365881
-0.011736678 -0.0317158811
0.0479072854 0.0258964133
0.0174701978 0.00722376583
-0.0437238514 -0.00108877325
-0.0255359095 -0.00443212595
0.0822549313 0.0202372372
0.0819642767 0.0481805615
0.0127202496 0.0385245606
-0.0227424148 0.0184966251
0.0252593048 0.0276277475
0.00656780135 0.0166214705
0.0172966644 -0.0121585513
0.0576248392 -0.0686823353
0.050757546 -0.0319559723
-0.00484139984 0.0121740252
-0.000400080695 0.00487040495
0.04654954 -0.0897988603
-0.0325262658 -0.0231260173
-0.0826313421 0.0329410732
-0.0330533199 -0.00116743858
-0.0200669412 0.0357273333
0.0356503204 0.0204292871
-0.0790853351 -0.0611247122
0.00500227418 0.0091051599
0.0329128206 -0.0445968173
0.00822235271 -0.058600232
0.00550326565 -0.0171397869
-0.111459449 -0.0357598029
-0.0476018414 0.0154575175
-0.0097971512 0.086365886
-0.0515241362 0.0489187725
0.00619986467 -0.0641418397
0.0397033878 -0.0422262698
-0.00282775587 0.0584905073
0.036535807 -0.0238978323
0.0349346101 0.0360323526
-0.0562838465 0.108364068
-0.0413654074 -0.00274431473
-0.0263540968 -0.0526788719
-0.0391223207 -0.0449588262
0.0245670229 -0.0681223646
-0.0175482947 -0.00793623272
0.0622499362 -0.0381169915
-0.000182105214 -0.0358168632
-0.0246062614 0.0532286018
-0.0114717456 0.0155801428
-0.0862969831 0.0541020595
-0.0562343672 0.0500424244
0.0530309677 0.0375086069
0.0829350948 0.0373337753
-0.029212771 -0.062944293
-0.0228334051 -0.071122691
-0.0188377053 -0.00773367658
0.0357059352 0.022081947
0.0154968444 -0.0313242488
-0.0368912369 -0.0977611616
-0.0573320948 -0.00253881747
-0.0161757581 0.00914321654
0.0336168706 -0.0319690295
0.0946766064 -0.0120314658
0.00987224933 -0.0400826074
0.0405485071 -0.0204604175
0.0401748531 0.0123572117
-0.0393968411 0.0191574879
-0.000761372154 0.048811771
0.0653240532 0.0222319905
0.00630092574 -0.048992414
-0.0227218308 0.0062525929
-0.017856162 0.0917883962
-0.117088497 0.0258912146
-0.0316190645 -0.0182796828
-0.0546183623 0.0457534194
-0.0676958859 0.0106749432
0.0101373019 -0.00134372967
-0.0563001186 0.0155685237
0.0154937226 -0.118710533
0.0369288772 -0.0251419153
-0.00691178255 0.00130461855
-0.0379600599 -0.0282888245
-0.0752617046 0.0857379138
-0.00869906135 0.00452716462
-0.10796801 -0.0741949454
0.0570299812 -0.0137782544
0.0460952669 0.0994347632
-0.0407081097 0.00592715293
0.0123120276 0.0187373217
-0.0106603298 0.0192977395
0.0114122946 -0.0459560305
0.0124936691 0.0362094939
0.00183849339 0.0211108625
0.064600125 -0.00528475828
0.0160545316 -0.0128756454
-0.0699547008 -0.0855298117
-0.0465523005 0.0574067309
0.0881362408 0.0442038551
0.0204768274 -0.050933212
-0.0126186945 -0.0309049916
0.0694259852 -0.0296056233
0.00225040014 -0.0269412864
-0.0386764407 0.0464492775
0.00827946886 -0.0517042987
0.0299357958 0.0456481837
-0.0246808194 0.104842387
-0.00387209584 -0.0199239273
-0.0105854841 -0.061729461
0.00691433949 -0.0104656043
0.0396275222 -0.005596729
-0.0464496575 0.0277495384
0.0463684313 -0.00462985877
-0.0413524471 0.0556372218
0.0118190954 -0.0119543839
0.0258338712 0.0777897984
-0.0991290137 0.0846339241
-0.0618462488 -0.0256022681
-0.0304486342 -0.0132099101
0.0542589761 0.0825166032
0.0287259929 0.0340444297
0.0498891324 0.0386295505
0.0614611432 -0.0306424815
0.0831579417 -0.0961401537
0.0565298535 -0.0281493105
0.0575949959 -0.089836821
0.0223330241 -0.00493782386
0.00836819783 -0.015561874
-0.0194312502 0.026857622
-0.11679703 0.023661783
-0.0138877518 -0.068852149
0.113683164 -0.0600425489
0.0351115055 -0.073324129
-0.00484966859 0.015563529
0.021389911 -0.0478185415
-0.0774211586 -0.0179003943
0.0376821049 0.071299918
-0.00214557978 0.0256636869
-0.0454855673 0.0166846458
-0.0402481258 0.0165413618
-0.112752125 0.0471853018
-0.0950212926 0.00304618268
-0.0508482046 -0.0371862613
-0.0510581359 0.0934879854
-0.0779386386 0.0442994945
0.0132442638 -0.0232397802
-0.0372111648 -0.0142144812
-0.053063117 0.0264339074
-0.0474782474 0.00921335071
-0.017878795 -0.051258944
-0.0392033346 -0.0403068885
0.00888903998 0.0191300008
-0.00210740604 0.045838166
-0.0442060046 -0.0303635579
-0.0386347324 -0.0380466953
-0.0234576035 -0.0584121905
-0.0119478954 -0.00121358142
-0.0169976056 -0.0232409481
0.0083254464 -0.0371768624
-0.045899801 0.0580741465
0.0434953384 -0.0350126065
0.00800248701 0.0353186019
-0.0215072632 0.000954236544
-0.0815219954 -0.0164889246
-0.0492817536 0.00469015352
-0.00981288403 -0.0791552216
-0.0334249735 0.0740831569
0.0104857627 0.0625908747
0.0338159651 -0.0238927491
0.0253580716 0.00415210566
0.0204409771 0.012788984
0.0359215736 0.0100737233
0.0157217775 0.0179434698
0.00689572003 -0.000428848405
0.0378186293 0.0267688315
-0.0030617211 -0.0464289598
-0.0136401448 0.0273155719
-0.00785027165 0.0325136408
0.0351840332 0.00148520269
0.0590100326 0.00945841987
0.057026282 -0.0438485742
0.0200686418 0.0483654179
-0.046995163 0.0474763326
-0.0673545599 0.0305731744
-0.00880552176 0.0594917461
0.0282517523 -0.0241635069
0.0455027036 0.0324417502
0.00139916304 0.0122789778
-0.040930137 -0.00486918818
0.0518350005 0.100212626
-0.011675803 -0.0135062765
0.058365725 -0.0260576904
-0.0435001403 0.0262686778
-0.00865582749 -0.0493148752
0.100222297 -0.0209348407
0.00910591148 0.000901908206
0.00557479355 0.0199341234
-0.034821704 -0.0201479364
-0.0454520099 -0.0440419987
0.0297156014 -0.0246613435
-0.0233101081 0.0195835251
-0.00323479855 -0.0262085944
0.0477563441 -0.0337597169
0.1391249 0.0492679514
0.00229889643 0.0330607034
-0.00103599031 0.0434986316
0.0564500988 0.0640360415
0.0202108659 -0.0115167843
0.00251155323 0.0258353632
-0.0622353181 0.0152817825
0.0136434287 -0.00917901564
0.081335932 0.096617803
0.0118348729 -0.0268967692
-0.0598118976 -0.0632734895
0.0619081371 0.00377845415
0.0477748327 -0.0265336949
0.0520995036 -0.0791734308
0.0745007321 -0.00504780561
-0.00355212018 -0.0292376559
0.0220864397 -0.0800612867
0.0330181271 -0.0265225396
-0.00227398681 0.0407203138
-0.0263223946 -0.0113626476
0.0289231297 0.0125206988
0.0198877808 -0.00393869448
-0.0835834071 0.0304449722
0.085346587 -0.00214666501
-0.00407843292 -0.0693444535
-0.0998977423 -0.0304408986
0.0161058828 0.0161054172
-0.0698980391 0.0407540388
-0.0161763076 0.0390936844
-0.0255074687 -0.0122860866
-0.0752081648 -0.0509359427
0.0286196936 0.00209678779
-0.000750277657 0.0293130651
-0.00382330245 -0.0285046604
-0.0640903115 -0.0247040726
0.00228223973 0.00375740859
0.0641878918 0.0313535556
0.0324797258 -0.0147101581
-0.0234275758 -0.0107461978
-0.00312728039 0.0455328226
0.0177159142 0.0393182822
-0.0921740904 0.0254199747
-0.0695323199 0.0112890685
-0.0157015286 0.0332642682
0.0508041792 -0.0552414916
0.0497012995 -0.0784334615
-0.0461218953 0.0737431198
-0.0717565566 0.0200181287
-0.0973688513 -0.00739599625
0.0327949375 0.0230904799
-0.0508425944 -0.0160092358
-0.00371281034 0.0557665378
0.0279661417 -0.0542923175
-0.00501928991 0.0452807322
0.0312574357 0.0775911137
0.0389148518 -0.0283349007
-0.00586743746 0.0764451697
0.0810487047 -0.0463535823
-0.00190909614 -0.0674438328
-0.0377527289 -0.0186092742
0.00791758485 -0.0557895824
-0.0331665501 0.00234674593
-0.00876316521 0.0450995564
0.0142245013 0.00545799453
0.0536269471 -0.0250572953
0.0965349004 -0.111593574
0.00411584834 -0.0343516544
-0.0325642265 0.0289007444
0.0735734403 -0.00774475886
0.00497498782 -0.00200678455
0.0195208639 0.00154101814
-0.0177716203 0.034518037
-0.0206361562 -0.00736735621
0.0734626576 -0.0385056734
-0.0509434491 0.0441568606
-0.0533282831 0.00673411135
0.0272104591 -0.0362008996
0.0214554388 0.0178137645
0.0453421697 -0.0916742906
-0.0862333626 0.044622276
-0.0299827456 -0.0204538237
0.0350263827 0.0736175999
-0.0011561194 -0.0540352687
-0.0079491185 -0.147698551
0.00257475744 -0.0487354249
0.0373513512 -0.0338560641
0.0806528181 0.115894601
0.0394040048 0.0841911212
-0.0618176088 0.00745221134
-0.0378206782 -0.0417334475
-0.0372739732 0.0067265816
0.0789064169 -0.0115838712
0.0245972313 -0.102379806
-0.0420581847 0.039028205
0.0158269983 -0.0544288121
0.021446256 -0.0580797568
0.0299529936 -0.0160575155
0.0252197739 -0.0101157296
-0.00913779251 -0.0617028475
-0.0592869967 0.0205756556
-0.0170441493 0.021761179
-0.0253202692 -0.0489783324
-0.00918009691 0.0193603877
0.0411470868 -0.0408583358
-0.070851773 0.0378313735
-0.0230062008 0.0967061445
0.00155529415 0.0238638055
0.0742459148 -0.017309783
0.0917814299 0.0175195858
0.0530860536 0.0663422346
0.0413438417 -0.015584684
0.0523531623 -0.0276337825
0.0423050299 0.0210756082
0.0397434905 0.00750801945
-0.036361672 0.0221654419
-0.0128559219 -0.0152372336
-0.0182391778 -0.0236603115
-0.025231367 0.0844670907
-0.0808907598 0.0528068431
-0.00479657855 -0.0565959364
-0.0151845831 0.00408942299
0.0115762493 -0.0305954888
0.03399425 -0.0943831503
0.0379323624 -0.0535349846
0.0398176722 -0.0698987171
0.0235333294 0.00107514893
0.0370675474 -0.0305138938
0.025696503 -0.0791806281
-0.0191367939 -0.0425596163
0.00602447987 -0.0589886717
-0.0568808354 0.0131724542
-0.0346354917 -0.0386894867
0.0522964597 0.0500515737
-0.00113121886 -0.0179203879
0.0371467844 -0.0589508153
0.0216486491 0.0104425773
0.0392340347 0.0108157154
0.131453201 -0.0098750852
-0.0352877416 0.000973596063
-0.0642939433 -0.0165349692
0.0282266326 0.0125484839
-0.00788869057 -0.0434924886
-0.050968416 -0.00636786316
-0.0404831581 0.0969689712
0.00789341703 0.0479286611
0.0120742833 0.0514541678
-0.00500817597 -0.0451708958
0.0420128033 -0.0900308341
0.0721559674 -0.00720344856
-0.0309274886 0.036919117
-0.0439382233 -0.0168742146
-0.00380426529 -0.0587788187
-0.0989191532 0.0524004884
0.0410060324 0.0684103072
0.0494874157 0.0301139206
0.00243248814 -0.017881697
0.0562747754 -0.0356426127
-0.0204448104 -0.0674769878
0.017387148 -0.0141696176
0.0651277453 0.0792636126
-0.0345049389 0.00594901945
-0.053851869 -0.0214355811
0.127025634 -0.00781306438
0.0325952098 -0.00774237886
-0.0832982808 0.036103107
0.0269286856 -0.0478043929
0.0420548357 0.0142926751
0.0454768278 -0.00524930516
0.033074446 -0.0298045594
-0.0278303754 0.0125868479
-0.0580200218 0.0570834503
-0.0194770899 -0.00670870347
0.0925266817 0.0159679484
-0.0476949587 -0.0183934011
-0.096308656 -0.0893701166
0.031504184 0.0844563991
0.00618703803 0.0345965587
0.0368682407 0.0146283628
-0.0170944855 0.05303251
-0.00282303849 0.0241207536
0.00316461828 0.0345718861
-0.0543779954 0.0477489829
0.00874459278 0.0734477192
0.0631129146 -0.0147973392
0.103935495 0.00610480178
-0.0145820966 -0.0140294833
-0.0388759635 -0.00278523867
0.0148465214 -0.0432135388
-0.0488320738 -0.00453632372
0.0012877885 0.0929743126
0.00147763966 -0.00363634317
-0.0632687807 0.0290448759
-0.0351645313 0.0375507586
-0.0745871961 0.0179033503
-0.117676981 -0.04794956
0.0432839692 -0.0158803035
-0.0566515848 0.0933068395
-0.125654161 -0.0238329805
0.0308957044 -0.0378228538
-0.00231134263 -0.0228861198
-0.0873381868 -0.0171908997
0.0142814713 0.0194127206
-0.0385299847 -0.0229279194
0.00471450901 -0.0290780887
0.047194045 0.00763100013
-0.0323525481 0.027560534
-0.0410993099 -0.0196143538
-0.0214978755 -0.0514932871
-0.0062563885 -0.0228041895
-0.0460497625 0.00832881592
-0.010182037 -0.0494781844
-0.000445933751 -0.0273916237
-0.107935227 0.0378443599
0.0670868605 0.00677554356
0.0483622812 0.00979860686
-0.0354053266 0.0142666027
-0.0808303505 -0.0361695886
-0.0289082155 0.0479347259
0.0527036339 -0.0579991676
-0.0960596725 0.106025085
0.110568039 0.0446079858
-0.0428104028 0.0821695775
-0.0176740717 -0.0228105821
-0.0641925409 -0.00142705895
-0.0656349882 -0.0605051294
0.0388617776 0.0304777715
-0.029451374 0.0190807953
0.0635634437 -0.0113353366
0.00254154531 0.0568488166
-0.0442793556 0.0306307059
-0.078582786 -0.078127183
-0.0304327793 0.0244559348
-0.0609858111 -0.0268860459
0.0601560585 -0.0877475217
0.0612473898 0.0279538799
0.00856576394 -0.0288438909
0.0169716328 0.0118816039
-0.0308789723 0.0516218841
0.00682306476 -0.0117343375
0.0367128141 0.0447541177
-0.0053218049 -0.0607914329
0.0173992161 0.00668827118
0.0544642136 -0.0358122773
0.00327299559 -0.0313248783
0.020894751 0.089692153
0.0371333472 0.00687014777
0.00437700003 -0.0427512228
-0.023786379 -0.0831304565
-0.0447492562 0.00344762346
-0.0137319984 0.0107551869
-0.0485315248 0.00815256964
-0.0366837904 0.0337473936
0.00674163364 -0.0606935211
-0.0185842868 -0.00772006717
-0.00828716252 -0.0114033753
-0.0186086241 -0.0401279256
0.0467362963 0.0242272392
-0.0419614874 0.0243570488
-0.00569063006 0.0501013622
0.00889885426 0.0451632515
-0.0901405141 -1.27335643e-05
0.0154051334 0.0165202543
-0.056335289 0.0176443364
0.00262866495 0.0722172335
0.0365140364 0.0616975427
-0.0864656717 -0.0158836003
0.017754212 -0.0635533109
-0.000427357998 0.0457789823
-0.0677670985 0.0262005199
-0.0359599255 -0.00690728892
0.0767864585 0.0274668206
-0.0197552536 0.00519526936
-0.0821725577 0.0398909599
0.0553760119 0.103927612
0.0356474146 -0.0637475997
-0.0222356915 -0.0136862965
-0.094568871 0.034177132
-0.0579637177 0.0572491102
0.0226280801 -0.00870536547
-0.0196832027 -0.023158446
-0.0899739489 -0.00898469985
-0.0950583071 -0.0153458482
0.062791504 0.0100172237
-0.071433492 0.038391348
-0.0695587024 0.0324006453
0.0294925421 -0.0253567826
-0.00765044894 0.0460412838
0.026169857 0.0468028113
0.0140232844 0.0670367032
-0.034886919 0.0105115455
-0.0801094249 0.00481555378
-0.0790209994 0.0673353598
0.0135660637 0.0551425815
0.00201101275 -0.0107930498
-0.0181899536 0.0671167374
0.0198137332 -0.0161011089
0.0322901495 -0.0585346408
0.0251590721 0.00492201559
-0.00428234134 -0.0094885882
0.0136309136 -0.0152789298
0.0626246631 0.0181296915
0.0313597992 -0.0320683308
-0.0373406596 -0.0226563606
-0.00181951676 -0.00530119333
0.0388502218 -0.0346689038
-0.0158834644 -0.0152784549
0.0397224501 -0.0555776991
0.0178671014 0.0469100028
-0.0140884081 0.0149437664
0.0497586168 -0.0172904581
0.00728535 -0.00512520364
0.00503531517 0.0820943192
0.0581743084 0.0254692603
0.0366683118 -0.0171330534
0.0367244072 0.0715435445
-0.0782569051 -0.0298671983
-0.0245626178 0.0154202729
0.0327232145 0.0330272429
0.0121324221 -0.0626490563
-0.00580177363 0.00224084244
-0.0103601608 -0.0466025546
0.00999119319 -0.00402293121
-0.0409164391 0.026229132
-0.00575720472 0.1012768
0.0740605444 0.0981991664
0.0203018282 0.0390843935
0.0125671476 0.0144720059
-0.0558719374 0.0107093751
-0.0127710961 0.0921885818
-0.0186971407 -0.0441029966
0.00217937608 -0.0597917512
-0.00130566442 -0.0397682264
-0.0568003096 -0.0695865974
0.0260634031 -0.0363605358
0.0218867511 -0.0168185662
-0.00363604957 -0.0217412692
0.0117714796 -0.0337256342
-0.00118750171 0.0472263135
0.00247445772 0.0827101618
-0.0187621564 0.0684052035
0.0373742059 -0.0296024587
0.019493198 -0.0408985429
-0.0202594474 0.00764245726
-0.0140483137 -0.0350730419
-0.0181033369 0.0521987639
0.0121972933 -0.0114332791
0.0431439504 0.0502024889
-0.00746554462 0.00578536326
0.0811265334 -0.0691595972
0.00524631189 0.0173694436
-0.0625354722 -0.116728894
0.0835053623 -0.0373015739
0.0102332504 -0.0404481813
-0.0819375813 -0.00695937034
-0.0061412584 0.0100711025
-0.0210516602 -0.0605845302
-0.0287973713 0.00602584658
0.018241344 -0.0849072933
0.0587605499 -0.0423012041
0.0834207311 -0.0573925301
-0.0256702993 -0.0371141843
0.0839816183 0.0549983755
0.0372867249 0.0100229457
-0.0169599764 0.0211502016
-0.00820461567 -0.045573473
-0.0552155115 0.0200720057
-0.00318107218 0.0257640276
-0.0427290387 -0.058852654
-0.0577745624 -0.0420023091
0.0295770932 0.0341582261
-0.00353759876 -0.0091597829
0.0276499391 0.0292801019
-0.00208309153 -0.0202931706
0.0101025142 0.00381404487
0.109623574 -0.0390370265
-0.0618562102 0.00838445034
-0.0571179353 -0.0236083008
0.0734545961 -0.0779932216
0.0204743929 -0.025576489
0.0437729433 -0.0571262017
-0.00319526461 -0.0646617338
-0.0149724549 0.00769858994
0.0405145474 0.0124899335
-0.023696268 -0.011072428
-0.033131104 0.0262439083
-0.038432315 0.046777565
0.0292911883 0.0237649679
0.0804376379 0.0748694241
-0.030161811 0.0181397647
-0.0529801995 -0.0191309787
0.0238775183 -0.0129951751
0.000617741724 -0.0238807295
-0.0293515008 0.0182150379
0.0646774173 -0.0717317984
-0.0155170662 0.0352020711
-0.0392511711 0.020485172
-0.0191881359 -0.0207461044
-0.0871125907 0.0476545841
0.0126619656 -0.00946531817
0.0390946157 -0.0114729851
-0.0152567998 -0.0446594544
0.0175614096 -0.0381528474
0.00706033828 0.0580534562
-0.0189184267 0.0044717514
0.0680747628 0.0270690862
-0.00430341531 -0.00319985603
0.0665654168 0.0565519407
0.0194136463 0.0618928261
0.0866365656 0.0620957017
0.0471972451 -0.0291319862
-0.0166003499 0.0272672456
0.0733297467 -0.0203396343
-0.041464299 -0.0639048442
0.0148133123 -0.0133426012
-0.0181878246 -0.0766642988
0.0148292976 -0.0153951142
0.051382117 0.047975108
-0.022114858 0.044867184
0.0173038263 -0.0461995564
0.0552350879 0.0194108766
0.0943220183 -0.0469679385
-0.0379679017 -0.0538093336
-0.0133999558 0.00713697076
-0.0100635178 -0.039547082
-0.0745491907 -0.00788891688
0.0518894531 0.120453104
0.0171632059 0.0159466136
0.0745654181 0.0261500217
0.00859154388 0.0458974168
-0.0568917133 -0.0804096088
0.0317399129 -0.0473145768
0.00880732946 0.055421941
0.0688899532 -0.0649152771
0.00878118817 0.00354033173
-0.00423873169 -0.0226850379
0.0336386412 -0.131699443
0.0120607186 -0.041653499
-0.0216785185 0.120321333
-0.072490029 0.0331086032
-0.0291256923 -0.0297669917
-0.0767597258 0.0256493334
-0.0714172497 0.0232732352
-0.0221652556 0.0175639056
-0.0354262851 0.0780477002
-0.0445218273 0.065744482
-0.0159342457 0.0631846786
-0.0406189412 -0.0147090144
-0.0211876277 -0.0387839079
-0.0245093256 -0.00737833744
-0.0221376214 -0.0165875386
-0.0398051664 0.0109100109
-0.0805705339 0.0628039911
0.0162640866 0.0552651025
-0.0402766317 0.055848226
-0.0540962406 -0.0139482105
0.042338796 0.0345317833
-0.0110356063 -0.0679148585
0.0941541791 -0.0590958074
0.0034365321 0.0465967618
0.0313950144 -0.0185431205
-0.0389084555 -0.056559585
-0.0851856247 -0.00639037369
0.0714744702 -0.00430642674
0.0550937019 -0.0519277751
0.026213089 -0.155361086
0.0136173712 0.010934202
0.0380839482 0.0125956424
-0.0305508934 0.0468390286
0.00166365132 0.00375516457
0.119121514 -0.0688121095
-0.0166538004 -0.0366981886
0.0110700866 0.0240563545
-0.0869830996 0.0258743595
-0.0487583801 -0.075984247
-0.0268545225 0.00599858491
0.0925493985 0.0309793781
0.0769743249 0.0457701571
-0.0672847703 0.0391215608
-0.0442146175 -0.0222147293
-0.0407662801 -0.000696779753
0.00312640588 -0.0692428797
-0.00560075231 0.035662327
0.00350644463 0.0516999736
0.0488480963 -0.0177492239
-0.0721346363 0.0654059201
-0.073882103 -0.00508785574
-0.0426850505 -0.0643311366
-0.0757828131 -0.0385231413
0.00394281186 -0.0103635136
0.0423462987 -0.0812546983
0.0322133414 0.0935354456
0.0368705168 -0.00801523495
0.0405223183 -0.00569015136
-0.0315520093 0.0404712223
0.0310859624 -0.00290017598
0.0185697991 0.0260779746
0.00967492815 0.00189893029
0.0272771697 0.04721459
0.011304968 0.0222568028
0.00758148404 -0.0243432634
0.00177476811 0.0784988478
0.00296393526 0.0743083805
0.01320861 -0.0393089391
-0.00884752255 -0.0337683186
-0.0900934115 0.028299477
0.0362382494 -0.0156609435
-0.0305184592 -0.0142494803
-0.00480652461 -0.0329936221
0.0270652529 0.0111457733
-0.0713905022 0.104982734
0.000162331315 0.0010394667
0.0195358768 -0.0201613177
0.000347060064 0.034581542
0.00559638534 -0.0739841536
-0.051919587 -0.0108570233
-0.0338445418 0.0620561577
-0.0900420919 -0.146649942
0.00797728915 -0.102022484
0.0168739595 0.0658768341
-0.0401943065 0.0661975965
-0.0133978259 0.111640126
0.0176284648 0.000869858835
0.0179319289 0.0646932721
0.073975265 0.00097035314
-0.0141838277 0.0797078311
-0.0122770052 -0.0167000126
0.0437146686 -0.0112753706
0.0540759452 0.0395659208
0.0366743729 -0.0477436185
0.000685771811 0.0237536374
-0.00583957648 -0.0793419555
0.00786967296 -0.0224282425
-0.128192067 0.0582656935
0.0184965581 -0.00891948771
-0.026386369 0.0410856716
-0.0174924973 0.00249240082
0.0624298826 0.00283050304
-0.0234393962 0.0430758558
-0.00379362772 -0.0356478281
0.0417847969 -0.0262393709
-0.00864124577 0.0318992622
-0.00960183516 0.0228919741
0.036673151 0.0127331465
0.0292695798 -0.0156167997
0.0258650407 0.00745195011
0.0139280856 -0.00726891123
0.0818543434 0.000380431069
0.0394467935 0.0180042628
-0.0629666224 -0.0182935931
0.0178224687 0.0431016162
-0.0139312102 -0.0350436866
-0.0357347094 0.00605341606
0.0393385887 0.101028316
-0.0265241992 -0.0594671443
-0.0173277203 -0.0119662369
-0.00162658736 -0.0181685016
-0.0513313971 -0.0357773639
0.0519473441 0.0622217692
0.00622235565 -0.0258278474
-0.0136691006 -0.0496632084
0.00322564435 0.0347904377
-0.155334502 0.0463713408
0.00049585721 -0.0273980722
-0.040872056 0.0155602079
-0.0938396528 0.106970668
-0.0327643342 -0.0201791395
-0.0844174251 -0.0793033391
-0.00663495483 -0.00690724654
0.0400357768 0.0221514739
-0.0359344594 -0.0359873734
0.0318385214 -0.038347438
0.090954043 -0.0614029877
-0.045310732 0.0011906086
0.0181465056 0.0159331076
0.0423656553 0.00507969456
-0.0152588291 -0.05725687
0.0234871302 -0.0717405975
0.0606408007 -0.0679451972
-0.00245654793 -0.0254915021
-0.0853233635 0.0275866315
0.0751467869 0.0525688604
-0.0380133726 -0.0680715069
-0.0122463722 -0.0149857011
0.0653672889 0.00347645883
-0.0380437188 0.0135673638
0.00446150266 -0.00104638364
-0.108914912 -0.0586674176
-0.070714131 0.0513724983
0.031377919 0.0898790807
0.0259924307 0.0700051337
0.00978117995 0.0222720876
-0.0729712918 0.0363878235
0.0187235251 0.00976379961
0.0275639202 0.0218915492
0.0193396825 0.0585856326
-0.0722104385 0.0732542947
-0.108561441 -0.00095192669
-0.00333852088 -0.0627777949
-0.0242590234 0.0429904051
0.000320724444 0.0405198447
-0.00629779045 -0.0369364098
-0.0281268917 0.00689503504
-0.0366841331 -0.049489405
-0.0703905076 -0.00527862972
0.0124377329 -0.0478657633
-0.0178243686 0.0312534645
-0.0034040499 0.11947342
-0.0149616124 0.0671843961
-0.0290755816 0.0161399376
-0.0587075055 -0.0217230022
-0.0158904884 -0.00520006334
-0.00762538984 -0.000794933119
-0.0356293954 -0.101927213
0.0146624418 -0.0386373363
0.0200370178 -0.0422932804
-0.0594635643 -0.0626777783
0.0221662559 0.0546575561
0.052979622 0.0929959193
-0.00489499513 -0.0451727286
0.00846070517 0.0521750785
-0.0247204192 0.054457102
-0.0748347044 0.0120244836
0.0434974506 -0.0595013425
0.0273838099 -0.063894622
0.00893710554 -0.0563656613
-0.0812104642 0.025634652
-0.0501783378 0.049581062
0.0616885386 0.0366267562
-0.0181376077 -0.0499556027
-0.00930640288 0.00854518078
0.116162971 0.018101627
0.124453746 0.00968156476
-0.0743549094 0.0147653772
0.034983404 0.017272871
0.113066196 0.0326004848
0.0354127921 -0.0440865383
0.0573225804 -0.0287155397
-0.00964921061 -0.0386863984
0.0123840477 -0.0663098544
0.00715500861 0.0490294918
0.0354478024 0.00574867101
0.0182181578 -0.0442683734
-0.0558542237 -0.0639994889
-0.0278708879 -0.0518690757
0.0185785443 0.0104419123
0.046086181 -0.06818185
0.0281593595 0.00859521609
0.0240403935 -0.0807634369
0.0302627403 -0.0192017201
0.014829237 0.0172327757
-0.0463793576 -0.0900424197
0.0449056588 -0.0734185725
0.0118206544 -0.0707863644
-0.028750468 -0.015747413
0.0229464062 -0.00975498464
0.00200487534 -0.00486782985
0.0577879027 0.0316993669
0.0573307611 0.00428341655
0.00157163956 -0.0274878554
0.0291745141 0.0299944934
0.0722596571 0.018662639
-0.0442342982 0.0312185027
-0.0495437197 0.0266211275
0.0388981067 -0.0585983507
-0.0379218124 0.0227170512
0.0345881209 0.118616238
0.0893286392 0.0243601706
-0.0299629979 0.0649720356
-0.0167020764 -0.0629644692
-0.0296519995 -0.0498309061
0.00122894952 0.0517642274
0.0258948002 -0.0140902735
0.0454942435 -0.0200047176
0.0552329496 -0.0890448913
-0.036875844 0.0164208245
-0.0354452431 -0.0328831896
0.0338789113 -0.0660319701
-0.0351107195 0.0120029561
-0.0688315928 0.0190757886
0.0462134592 0.045003593
0.057389833 -0.0308790077
0.0434572957 -0.0212975554
0.0979989395 0.0433577895
0.0865340978 0.0100129647
0.0238349121 0.047725603
-0.0863565207 0.0387125723
-0.0731195658 -0.00628068624
-0.00098663778 0.0182967093
0.0352038816 0.0324244164
0.0211788528 0.00420194026
-0.0108541474 -0.109069645
0.0225004666 0.040684443
0.0940984786 -0.0114494115
-0.00414011022 -0.04670766
-0.0773027837 -0.0137690194
-0.0283506457 -0.0214720983
0.0649832264 -0.00162316475
0.0404922143 -0.0375081487
-0.0505816936 -0.0538368933
-0.0372000188 0.0116012562
0.0597611703 0.0794667602
-0.024215389 0.0369918644
0.0157596134 -0.0174044911
0.00973429624 0.0247267541
-0.010807557 0.0259103682
-0.0339330547 -0.00690477993
-0.0443939567 0.0284462124
-0.00143219449 0.0636940897
0.0260882527 -0.00465753023
0.0389063768 -0.0914170891
-0.0184285752 -0.044990588
0.0353839844 -0.0606213287
-0.0991607755 0.0281526465
-0.1393103 0.0532920733
0.00695619779 -0.0500729345
0.0357177109 0.0400559753
-0.0225802474 -0.0118321376
0.051403515 -0.0353486054
-0.0135841481 0.0570191257
-0.00670276536 0.0226504225
-0.00616727583 0.0358455367
-0.0415201262 0.0377811268
0.0508486368 0.0704288334
0.00332548842 -0.021948101
-0.0874963701 0.0205799546
0.0297098439 0.0205041748
0.0336640067 0.0188617166
-0.0774374977 0.0138968993
0.00763887027 -0.0309805702
-0.00389489345 -0.105742268
0.00623921398 -0.045193404
0.000923426065 -0.086694926
0.0186209101 -0.0135368835
-0.0253816675 -0.0313578323
-0.0075023016 -0.00788747054
-0.0150805311 0.0195943676
0.116530761 -0.00861872267
0.0174959004 -0.00467626378
-0.045313295 0.0667276159
-0.029593613 0.0478197336
-0.0635370761 0.0161020178
-0.0882036462 -0.0392445326
-0.0174546558 -0.00982892327
-0.0251241326 -0.0175196249
0.00569989765 -0.0589370616
0.117507905 0.0346132182
-0.0165564902 0.117500268
0.00465055602 -0.00138801557
0.034605816 0.0107222721
0.06630411 0.0257011559
0.0607988685 0.0596597083
0.0181408208 0.0124611743
0.0754080415 0.053268224
-0.0607121326 0.0236331187
-0.00895878393 -0.0704157352
0.041696433 0.0733859017
-0.0219798163 0.0115782376
-0.0248728897 -0.0366777815
-0.0745967031 -0.0248492211
-0.0443106182 -0.0139672179
-0.00632464699 -0.0343476087
0.12278261 -0.0143316537
0.0194920413 0.0108167864
-0.0341845304 -0.0445389673
0.0291985702 -0.0283273794
-0.106503181 0.0430012606
0.0240946095 -0.00995137542
0.00562622957 -0.00857205596
-0.047576692 -0.00505353557
0.0206434559 -0.0574607477
-0.0224925932 0.0131930625
-0.0472614206 0.0289993044
0.0132910982 -0.125553429
0.0829640776 -0.0771736205
-0.0128774857 0.0436466411
-0.040906325 0.0307676084
-0.0457107499 0.0685941875
0.0165022369 0.0149304401
0.026947299 -0.0191772934
0.00185999088 0.0229579471
-0.02000851 0.0310289692
-0.00488201622 -0.00254820683
0.0129850516 0.010324439
0.0209412016 -0.0276300497
0.0483584292 -0.0494722202
-0.0276210252 0.0318716615
0.048780933 -0.0756140575
-0.0194409564 -0.0394485295
-0.0986261517 0.0316268019
0.0248277895 -0.00782702677
0.00155721745 0.0205400791
-0.0230638832 -0.0116933212
0.0485945791 0.0672103837
-0.0293729641 0.0589024648
0.0206889454 -0.0422197841
0.00504809059 0.00575851137
-0.014435255 -0.11750111
-0.0251532309 -0.00177262595
-0.0230645053 0.056695465
-0.0424700975 -0.00622309605
0.032447964 0.0358405598
-0.0136920866 -0.0577920154
-0.0149089843 0.0147800501
0.0266781207 -0.0258531533
0.000129930806 -0.0062780655
-0.0627565682 -0.00409941375
0.065406248 -0.0428110696
-0.0721221939 -0.0248199273
-0.0508604534 0.0637874231
0.0741004199 0.0473840833
0.0154457362 0.00589529099
0.0177847855 -0.0305345636
0.0174038038 -0.00677565672
0.0355510861 -0.0845856145
0.0414663032 0.0265708696
0.0299041402 -0.00976072531
-0.0137962922 -0.0445344076
-0.0984857902 -0.0286068898
-0.0675970539 0.0249822307
0.00496866135 0.0424498245
-0.0711494088 0.0297601819
-0.0341017172 0.0949664563
0.036740955 0.0947126448
-0.0299224444 -0.0308008604
0.00646871608 -0.00900399219
-0.00786795374 0.0606543161
0.0284736883 0.0437655263
-0.0299720503 0.0208157431
-0.10578303 -0.0690839216
-0.0401032716 -0.0777228102
-0.0328257084 0.0307499412
-0.0203045718 0.0313786007
0.0294065159 0.053588327
0.0639205277 -0.0412467681
0.0132079003 -0.0179020222
-0.0802515596 -0.000349199225
-0.00895890128 -0.0151749421
-0.0559985191 -0.0176101532
-0.0144739635 -0.00583360856
-0.0134354606 -0.0372345001
-0.0700263306 -0.0849324837
-0.0277455971 -0.0169740543
-0.0509297401 -0.0489828214
0.0324714705 -0.00857762806
-0.0521542467 0.0580558181
0.0149737429 -0.00779788569
0.0937772915 0.0379058309
-0.0362596773 0.0588627569
0.00274205394 -0.0361181796
0.0430707186 0.00804769155
0.0293749887 0.0113405045
-0.0168208834 -0.0137830824
-0.0757852867 0.0699913651
0.0550252721 -0.0304654706
-0.0127493776 -0.0588054284
-0.0317053124 -0.00196480285
0.00903445948 -0.0062546595
0.0402797312 0.0337537564
-0.0588915609 0.0165512376
-0.0450787917 -0.0564079881
0.0116728563 0.0166609269
-0.0295215696 -0.0527471416
0.00721873064 0.00595038617
-0.097007148 -0.0122696366
-0.0437519476 0.0587468483
0.0104335137 0.0643352196
-0.0209064521 -0.0142312301
-0.033174891 0.0334345847
-0.0135926241 -0.0175734963
0.0117684426 -0.0402428471
0.0838246122 -0.0484681018
0.068798095 -0.0106543759
-0.0503421985 0.0260993391
-0.00572411716 -0.0520501062
0.00482938346 -0.0346948504
-0.048695188 -0.0104967123
-0.0604286678 0.0259614475
0.0250259135 -0.0327434279
0.0547534637 -0.0626945049
-0.00781568233 0.0202028826
-0.0170361772 -0.045890715
-0.0112732006 0.0149903996
0.0020366488 0.0472848304
0.0231685899 -0.0248255134
-0.0594263487 -0.0170802828
0.0105016176 -0.0554963276
0.0454078019 0.00598282833
-0.0134607702 -0.0185919609
0.0509680882 -0.0509954095
-0.0748509541 0.0582725219
-0.0585361123 -0.00220327917
-0.0146818515 -0.0102109062
-0.000386275002 -0.0468978174
0.0219367389 -0.029165104
-0.01654654 0.0349219814
0.0356029384 0.0944289938
-0.0260877777 0.0325680897
-0.0753821954 0.0446476005
-0.0285321288 0.0880678892
-0.0788617432 0.0434561111
0.00344102783 -0.106088206
0.0468542166 0.0130294077
-0.0232453719 0.0748873353
0.0540252924 0.0864135548
-0.033191964 0.0127537875
0.030112328 0.016549591
0.0575886965 -0.0190037955
-0.00062802108 -0.0448765755
0.0521655641 0.0303659923
0.00749795092 0.0593991764
0.0792610794 0.0112102311
-0.000235127154 0.027447015
0.00632536877 0.0448324606
0.091705732 -0.0359825455
-0.00851107109 -0.0353977159
0.0624512993 -0.0149859609
-0.0361058637 -0.0287402924
0.00866643991 0.0258873813
0.0490137078 0.0454036631
0.0300391279 0.0196633954
0.071100466 -0.0293186698
0.00263399351 0.0386947058
0.0463096835 0.0772269517
-0.00795907434 0.019745551
-0.0247528534 0.0157159921
-0.0197987258 0.0187888239
-0.0364531316 -0.0118943108
0.013604763 -0.0489846133
-0.0010642698 -0.0708515942
-0.0299185291 0.0148874717
0.0197225958 0.031699948
-0.0171171315 0.0624394529
-0.103148557 -0.000150107691
-0.0613405071 -0.0379322432
0.122989357 -0.000394502102
0.0837484151 -0.0376965329
-0.01052415 -0.0392602608
-0.0477968715 0.0707384124
-0.00994891766 -0.0143808359
0.0273303036 -0.00104859518
0.062265683 0.0506706797
-0.000339452003 0.0149346432
-0.0425189324 -0.00210367818
0.00690943422 -0.0805761516
-0.00773751456 0.0526852347
0.0115063051 -0.0126252528
0.0957242474 -0.0945858359
0.0303521659 0.0788120255
0.000166048078 0.0296531059
-0.049897898 -0.0603849925
-0.0891045704 0.00167045393
0.0461963303 -0.0318724625
-0.0134496298 0.0582480505
0.025766952 0.0553286336
-0.0403115116 -0.0700006858
0.0208113324 -0.0677524731
0.128982991 0.018544523
-0.0197141171 -0.0121717015
0.0808329582 0.017891923
0.0661570057 -0.00135867274
-0.00404393487 -0.00898016524
-0.0068830573 -0.0546603762
-0.0661588088 0.0217624456
-0.014243206 0.0921868235
0.0211662669 -0.0249104388
-0.0224305466 -0.00887977239
0.00237343297 0.00723964442
0.0202085264 0.0364186689
0.0367864072 0.0149048539
0.0425787307 0.0397525765
-0.040328674 0.14092347
0.0164209995 0.00038410956
-0.0342312865 0.00522175943
-0.0631223395 -0.0354425162
0.130459711 -0.0573748909
0.0553989857 -0.0668382868
-0.0175985191 -0.0792417824
0.0254835226 -0.11245741
0.0190637521 -0.00504707126
0.0465800203 0.0162450969
-0.00182932522 -0.00737021118
0.0858518779 0.072975412
0.00614744052 -0.0104563469
4.29580541e-05 0.0213198718
0.0480588041 -0.00666796835
-0.0230869148 -0.0539859831
0.0154313035 0.0623577759
-0.119545966 0.0131467273
0.0669820607 -0.0369013697
0.0355528258 -0.0331306048
-0.060973607 0.0270446558
-0.0592758954 -0.011733057
-0.11370381 -0.0529536419
0.0295950994 0.0472646393
-0.0166695621 -0.0204799119
-0.0712518543 -0.0161611643
0.00915765017 -0.0153493835
-0.0800171271 0.0328550935
-0.0413213037 0.0621258877
-0.0238277204 -0.0216211304
0.0916671902 -0.0576296262
-0.0402697623 -0.055667121
-0.00942691416 0.00925854128
0.102561966 -0.0173175074
-0.0950310454 0.0503032543
-0.0877573937 -0.00696491357
-0.0412536971 0.00839149393
-0.0656768009 0.0175796505
-0.00679388596 -0.0415919237
0.112072714 -0.0257520135
-0.0720378757 -0.0151672792
-0.0270494148 -0.0234641135
0.0277566053 -0.0309946053
-0.0203453898 -0.0613207743
-0.00769763626 0.0246367101
0.0304773487 -0.0154213561
-0.00426195003 -0.0665392056
0.00339769758 0.00921768788
-0.0146120777 -0.00184938381
0.0499050021 0.0654080138
-0.00412291335 -0.0328960791
0.0371224768 -0.0914533511
0.0689417422 0.0693401173
-0.0117163062 0.0741726831
0.0421335325 0.0427688099
-0.0517898872 0.0208768453
-0.0135553805 -0.069154717
-0.00235816394 -0.025728872
-0.0382395312 -0.0133889532
-0.0474501662 -0.0102424398
-0.0382602885 0.025095934
-0.0108103305 -0.0226619858
-0.0342130512 0.0146995625
-0.00197643461 0.0184474364
0.053258758 -0.041125048
-0.0568106025 -0.088213101
-0.0801387504 0.0279865749
0.0315779932 0.00335500645
-0.0459466241 -0.0223504491
0.0355914235 0.0838700905
0.0121094538 0.0114363013
-0.0282252375 0.0203076862
0.00208609132 0.0571252555
-0.00951069128 -0.0471111611
-0.0325504541 -0.0574520975
0.00333476323 0.0247633699
0.0210670214 -0.00384976598
0.0254620891 -0.00402854988
0.0153395971 0.024556702
0.00770514552 0.0690315887
0.0572446063 0.0167015158
0.0969838798 0.0539127216
0.0564985909 -0.0968908444
-0.0226964876 -0.0238547977
0.0102434624 -0.0110490257
-0.0711680651 -0.00696618762
0.0313493535 0.0597566552
-0.0198488366 -0.0538144
-0.0179611109 -0.0223982353
0.0377091616 0.0519602858
-0.0222393237 -0.00895918813
-0.0258080456 0.00768726226
0.0572440848 -0.0531634204
-0.0632771254 -0.0304729678
-0.0698596761 0.0348774269
0.0280835498 0.0925595015
0.0157554578 -0.0442785434
-0.0269747488 -0.0190620236
-0.0275781956 -0.0323908515
0.0181576125 -0.0575017296
0.0289618094 0.0293284021
0.0376485586 -0.0188446064
-0.0267340951 -0.0343472622
-0.0997960493 -0.0273099598
-0.0359528586 0.0344002806
-0.0184207056 0.0813338608
-0.0769530758 -0.0209969133
-0.0798585787 0.0694678575
-0.0363528803 0.0993498266
0.0120120691 -0.0692220107
0.0153328134 -0.043498639
-0.0560903102 0.0438377745
0.0252408646 0.0735880136
-0.00225989358 -0.0266120378
0.0290902797 -0.0306200124
0.000122340032 -0.0677924827
-0.0335748233 0.0204330608
-0.0334166363 -0.0102267954
-0.0228752606 -0.0488968566
-0.0270484891 0.0289447308
0.0275915712 0.0306160096
-0.0183755886 0.0301174335
-0.0726137981 -0.0417630002
-0.045082517 0.0016765577
-0.0182581283 -0.0734654814
0.0113447933 -0.0592435859
0.0268628467 -0.0206812546
0.0339957736 0.00496356701
0.00816021115 0.0471393988
0.0348033197 -0.00293667871
-0.0110456925 0.0451569781
-0.0687238574 0.0521345958
0.121996529 -0.0279408693
0.00835296698 0.000870607269
0.0424376801 0.013685382
-0.0651103184 -0.0484935902
-0.0706276894 -0.0504236743
0.091977939 -0.0180954318
0.0125282658 -0.0111688003
-0.069034569 -0.0198096689
-0.120003425 -0.017376909
-0.00184742687 0.02910758
0.00266474555 0.0272868648
-0.0515035018 -0.0794172511
0.00666997908 -0.0639925525
0.0239010993 0.0625012368
0.111580059 0.0013304929
0.0109894862 -0.0381917171
-0.00749728363 -0.00622566277
-0.0794258863 -0.0482743829
-0.00704294862 -0.0348838605
0.00987056736 0.0259305295
-0.0223688949 0.0332617871
0.0281482935 0.0162210371
-0.0528739505 -0.0468342789
-0.0765168741 0.00892008375
0.0766122192 -0.063524738
0.0604757778 -0.0510580651
-0.0544035546 0.0209616218
0.0147763789 -0.0189770814
0.105799071 0.0478642508
0.00984474644 -0.0277275052
0.0366696231 -0.0555128753
0.0827901661 0.068828471
-0.0278049409 -0.0461815596
-0.00308961328 -0.00499203755
0.00934660155 0.077925384
-0.0331399515 0.0121800741
0.0540373512 0.0699180216
0.0937288553 0.0235179421
0.0025565445 -0.0028384293
-0.0183810778 -0.00287840515
0.00753630232 -0.0250213593
0.0503505208 0.0571463183
-0.0349065326 0.0276082139
0.000131307184 0.0166908074
0.0306698289 -0.0168887414
-0.0431592241 0.0659679845
0.0111760879 0.0112307156
-0.0600369163 0.00737947971
-0.0393237434 0.0482836254
0.00431080675 0.0552267544
0.0701618642 -0.0301236883
-0.0513509102 -0.0313308015
-0.0380393825 0.00773436809
0.0350526683 -0.0894944891
0.0212708991 0.0397437587
0.0144057227 0.111451589
-0.0162037686 0.0427735411
-0.0219605602 0.00803142413
-0.112529628 -0.0729723275
-0.0286063626 -0.00532395253
0.0335978679 -0.0296384729
0.00499109784 0.00490627997
-0.0722610205 -0.0587541535
-0.08529526 -0.102986835
0.055729378 0.00535794394
0.0559344031 -0.00606489042
-0.0496123396 0.00173285115
0.00600860827 0.0189493038
-0.0383551046 -0.0476000607
-0.0711404532 0.0219479073
-0.0353430174 -0.0148049444
0.00255724206 -0.0794046521
0.0141751952 0.0373985544
-0.00133594917 -0.0714815482
0.0366334617 -0.0710456297
-0.0566652827 -0.0223169252
-0.04895873 -0.0864393041
-0.0986253843 0.015679324
-0.147035912 0.0741720721
0.055310443 0.0582862124
0.00475875102 0.0377152041
-0.0090083899 -0.0287301652
0.0741495714 0.00311776018
-0.035737846 0.116238609
0.0236917995 0.0629279688
-0.0356691629 -0.0454046689
-0.0156414099 -0.00472505763
0.0222882666 -0.0445536114
-0.0169328153 -0.0264618602
0.0192492846 0.0124411006
0.0409225971 -0.0011561088
0.0692724884 0.00838078931
0.0164937172 -0.0327641144
0.0278042667 -0.0376991555
0.099384971 -0.012865263
-0.00275371084 0.0578389168
-0.00612205919 0.00766130025
0.0514626019 -0.000342701474
0.0261968281 0.0323671363
-0.00770557346 0.00101731077
-0.0085485233 0.0224542506
0.0313507766 0.0708801523
0.0748055056 0.0391522422
-0.0686301589 -0.0622991174
-0.120078884 -0.0264837164
0.0538858846 0.00229850039
0.0175689738 0.00253122952
0.0119456695 0.0392921269
-0.0155568989 -0.0621804036
-0.000889687042 0.0385798477
0.0234796032 0.0204255078
0.0222694688 0.0412924141
0.0416682698 0.092543833
-0.0927650407 -0.0141632333
0.0435048267 -0.0844354033
0.00733264349 -0.0922128707
-0.12451724 -0.0145501411
0.0236630514 -0.033155527
0.00214181631 -0.0617159232
-0.00104413566 -0.0175744072
-0.031401407 -0.097830236
-0.0708289891 0.0537484102
-0.065349482 0.00464051962
-0.0804824382 0.0268633366
0.0477849841 0.0193072632
0.0683235154 -0.0159870498
0.0277834479 0.0366752222
0.0786651969 0.0403228216
0.0058692405 -0.0411218479
0.0543609187 0.0341717601
0.0182605144 0.00323039643
-0.0034664569 0.00181073707
0.0485205315 0.080715768
0.0299508069 0.0468307287
0.0237169992 -0.00136068033
0.0401277058 -0.00189317693
-0.0338442735 -0.0665109754
-0.0929385945 -0.00275082025
-0.0108456733 0.000664154592
0.0850095227 0.0880187973
-0.0739726946 0.0270168837
-0.0449184813 0.00454548933
0.0437388942 0.0340482891
-0.104446389 -0.00584891904
-0.0238149911 0.0143674733
0.0220581982 -0.0287511926
0.00588350557 -0.00825639442
0.0043626288 0.067335926
-0.0196184106 -0.0244494248
0.0579019338 0.0585265756
0.0240234025 0.0534320921
-0.0641849563 -0.0710764304
0.041955281 0.0190007184
0.0841644853 -0.00981036294
0.0857116207 -0.0219346099
0.0219794344 0.0256647281
-0.0298227482 -0.0255327411
0.0253321789 -0.0208570492
0.075189501 0.0531999208
-0.0233221948 -0.0446687937
-0.0104394853 -0.0372016802
0.00376965012 0.0294245351
0.020808978 0.0685538799
0.0731255785 -0.0276474282
-0.0662084147 0.0121884588
-0.047210943 0.0355458707
0.136723816 -0.0807573423
-0.0271177683 -0.075687483
0.0240062904 -0.0159695223
0.0107086543 -0.0349857993
0.034117423 -0.0250087883
0.0518360958 0.0410066247
-0.043657016 -0.0155147975
0.0895515606 -0.035693001
0.0809247047 0.0312659703
-0.0186819062 0.0303632133
0.0292828698 -0.0553836189
-0.0146597661 -0.0220079944
-0.019230416 0.0583743304
-0.00538484612 0.020354405
0.0407207534 0.0512537956
0.0506182015 0.0172983687
0.0234882776 -0.0579404384
0.00271303835 0.00794911478
-0.0527726449 -0.0127352141
-0.0296446066 0.0255279131
-0.0503621064 -0.000821116264
-0.00774852466 -0.0240615606
0.0102684023 0.0241420157
0.0527754538 0.0279415958
-0.0202495456 0.0370783471
0.000433028996 -0.0502654798
-0.0385670699 -0.0396976098
-0.0450083353 0.0100791827
0.0668492913 -0.0789849088
0.00277690799 0.0702433512
0.00936742499 -0.0425923802
-0.0169943944 -0.0858963728
-0.0295556132 0.0557393804
0.00140090892 0.0236828271
0.0696670711 0.0137322424
-0.0232827906 0.0447860323
-0.121988751 0.0728753433
-0.0122023253 -0.00505185034
-0.0145186335 0.0285696648
-0.0296569858 0.0603541695
0.0100968657 -0.038113378
-0.0591676012 0.0249488391
0.0101608653 0.0406610183
-0.0512980372 -0.0615407117
-0.0306042861 -0.0221038964
-0.00932795275 -0.0028069932
-0.0179072376 0.0573532991
0.0368819721 -0.0357685015
-0.03892003 -0.0275232382
-0.070362702 0.0183762386
0.0204149093 -0.0370595045
0.0338329859 -0.0111042662
-0.0500155352 0.0473438874
-0.00278449641 0.00999437086
0.00316698267 0.0398058407
-0.0366633572 0.0477482639
0.0168192498 -0.0392966159
-0.0360804275 -0.0402374156
-0.0655350313 0.0448590368
-0.0172666945 -0.0719379187
-0.0429746509 -0.00071675604
-0.0347436778 0.0382300206
0.0106533077 0.0273915045
0.0338548422 0.0273960549
0.0150758857 -0.0434045829
-0.0187262464 -0.0131811919
0.0152903264 0.0342805609
-0.0115326503 0.00714375125
-0.0152630135 0.0161409881
0.0351091959 -0.0161289349
0.0211435538 -0.1011547
-0.0241816733 0.0802838579
-0.00344015611 -0.00687041786
0.0429164283 -0.0790325403
-0.033031486 0.0579059944
-0.0603227876 -0.0288316384
0.011943588 -0.00211552274
-0.0318549275 -0.00726385089
0.00809163321 0.0629695058
-0.00314979977 0.0274152495
-0.0902486593 -0.0620769076
-0.0430873707 0.00341142085
0.018355906 -0.0665745139
0.0184256546 -0.00854227506
0.0254589412 -0.0066440315
0.0609491691 0.0403603129
0.0119588375 0.0540384091
0.034138862 0.0363522097
-0.0527444333 0.0367130265
-0.0620269291 -7.30170141e-05
0.121819623 0.0153470086
0.0409490541 0.0361480042
0.0315917432 0.0357992575
-0.0202186909 -0.0862690657
-0.03612094 -0.0632345527
0.092057623 0.030244302
0.0013136405 -0.00252068904
-0.0726716667 -0.040982563
-0.0761786848 -0.0190445948
-0.0546048582 0.051528547
0.0254077651 0.00856804568
-0.00896134693 -0.0421385169
-0.00239328574 0.015976591
0.0174392909 0.0290552061
0.0162189752 0.0415656865
0.00852588564 0.036391791
0.0582337715 -0.0475793183
0.000533390383 0.0581415817
-0.0507492274 0.0169426091
0.0432237983 -0.112584546
0.0597021244 -0.0501141585
0.0284608025 0.0464643501
-0.0852733403 -0.014235721
-0.0796850547 -0.0242249426
0.0241225269 -0.00854795426
0.00549473241 0.0194372889
0.0316023342 0.022011077
-0.0392475799 0.0607890673
-0.0223168097 -0.00780105405
-0.00985012297 -0.0427818485
-0.0489818454 0.0275926925
-0.024866499 0.0898650363
-0.0749496892 0.0965917483
-0.0295543391 -0.0536410958
0.00446128193 0.0364912003
-0.0371091068 0.0205955356
0.00898281951 -0.0358446389
-0.00633321423 0.029306829
-0.0276444983 -0.100407951
0.00633844268 -0.0326703265
0.00388029986 -0.0235316511
0.0434815995 -0.0923078731
-0.0297649745 0.0564910211
-0.0633854419 0.0379139334
-0.0145169077 -0.0274071842
-0.0478448682 0.00118383439
-0.0298238583 0.124378912
-0.0562708527 0.00859663077
0.00996992458 -0.011022266
-0.00412358716 0.00866993051
-0.0437736735 0.00180775113
0.0451111495 0.0272397529
0.0742497295 -0.030486159
0.0733066052 -0.0278857537
-0.00870840624 -0.0243632346
-0.0125677744 -0.00397980399
0.052346088 -0.0259109009
-0.0563843288 -0.057057675
-0.0797327086 -0.0493859164
-0.0198191125 -0.10572274
0.001181575 0.0297270082
0.064532645 -0.0395530909
0.0439101048 -0.0724149123
-0.00596506475 0.0493532494
-0.0925735682 -0.0123130968
-0.00774129247 0.0187709946
0.053334035 0.00186966243
-0.0324119143 -0.0189296845
0.00544529129 -0.0582919382
-0.00734377373 -0.00151417812
-0.0521644689 0.0650769174
0.000621713349 0.00832420029
0.0237027425 0.0101358499
-0.00406941585 -0.0049959477
0.0665048659 0.0292777363
0.00185605872 -0.0367106423
-0.0812836513 0.0139538394
0.0506088883 0.0207269397
0.000526983407 -0.0639320388
0.00858451985 0.0260871984
0.0186789203 0.0140378885
-0.0447595865 -0.0269272327
0.0100122616 0.0717439577
-0.0182012022 0.0204316862
-0.0250901431 -0.0919224694
-0.05430438 -0.080773361
0.0159898084 0.0220417269
0.0499699712 -0.010663609
-0.0248061977 0.0649782196
0.0791824162 0.0241831653
0.0148973679 -0.0889347866
-0.110368095 -0.0351096168
-0.0620022453 -0.0631214231
-0.0693256482 -0.0281402171
-0.0332298577 -0.0202792715
-0.0279241093 -0.0292885415
0.0207964629 0.056446258
0.0448131487 -0.0595257357
-0.00938547775 0.0200650264
-0.00516391965 0.0765065402
-0.00097912678 0.0263751801
0.0283142645 -0.020525571
-0.0735889599 -0.0642880723
-0.0219726432 0.00576055003
0.057507772 0.0510555096
-0.0107073868 0.0150571344
0.0758823156 0.0166037567
0.0722195059 0.0149278985
-0.0333678387 -0.00203187251
-0.0408286266 0.0242407136
-0.0358109325 0.0508064404
0.0173276849 -0.0185734462
-0.0173185561 -0.00637381151
-0.0188498665 -4.68970575e-05
0.026912462 0.0330074541
-0.0393571109 0.0432239324
0.047467269 0.000578256964
0.00806671102 -0.0389464758
-0.0506666973 0.0353323631
0.017401604 0.0482251383
-0.014100722 0.0258857626
-0.0257274974 0.0778545737
-0.0168022662 0.00672957115
0.0159677342 0.0138065973
-0.00414613774 0.00744295958
0.0290690884 -0.0576791018
0.07650996 -0.00522618368
-0.0364789069 -0.0553983189
0.0192788281 0.0306929816
0.0550942197 0.0474128574
0.0107355472 0.00210945541
0.0487567596 0.00785958674
0.0862484574 0.00610444089
0.0240840893 -0.00729016261
0.117993668 -0.00880805589
0.0929992348 -0.0493874252
0.0269770995 0.0189124197
-0.0236371867 0.0380318835
-0.0700889379 -0.0529392026
0.0016892869 0.00541448826
0.0657901317 0.0288364608
0.00794707518 0.0137752863
0.0292930473 0.0181484539
-0.0645812899 -0.0107159019
-0.0415447615 -0.00412844401
0.0976670086 -0.00443803798
-0.0285579022 -0.0451736636
-0.100169241 0.0487349294
0.0415213108 -0.0674943253
-0.0854586586 0.00391868828
-0.0951502845 0.0432454869
-0.0382626429 -0.0169110764
0.0194411706 -0.0533583201
0.0145146223 0.00612211088
0.00670011854 -0.065168038
0.0283053704 0.00581961265
-0.032266099 0.00544989202
0.0246256124 -0.0110070677
0.0399042293 0.0446630716
0.00444793003 0.131270394
0.0388098508 0.0914952159
0.0024723846 0.0342247896
-0.0281765461 0.0313131995
-0.0808855519 -0.025787387
-0.00598308165 -0.0021512208
-0.00197305297 -0.0147541948
0.0357087292 -0.0524931215
-0.00656363787 -0.0608268082
-0.0190323554 -0.059071064
0.0125045376 0.0522473194
0.00297046383 -0.00847365241
-0.00854053907 0.026278194
-0.00471724477 0.0752304792
0.100756615 -0.0290772282
0.0472406484 0.0137388492
-0.0697647259 -0.0447107926
-0.0124081811 -0.0143007608
-0.00264888234 0.0293612145
0.00600804808 -0.04288017
-0.047758691 0.0936694592
-0.020787023 0.00282573351
-0.0577436909 -0.107123323
0.00193044287 0.0394165926
0.104575947 0.0265168641
0.00679829018 0.0535030849
-0.0556314811 0.0222758166
0.0476197898 -0.0820169672
0.0577790625 0.0315748118
-0.0230271779 -0.0736377612
0.0434090085 -0.00575944874
-0.015816221 0.0934962779
0.0355636589 -0.0263433587
-0.0364751592 0.0686486885
-0.0692611858 -0.0434040204
0.031084286 -0.11545147
0.0268266816 -0.0347993523
0.0208465904 -0.0230736379
-0.00388409151 0.0608246922
-0.0127459457 -0.0137291905
0.0621327944 0.0500455983
-0.0305416919 0.0551498197
0.0500880331 -0.0869695395
0.00562183 0.0349601842
0.0303035602 -0.0315108038
0.0342147835 0.0450222194
0.128479078 -0.0220757499
0.104886279 0.0573459379
-0.000814555562 0.0476418473
0.0654727146 0.0562064275
0.00903031696 -0.00890285708
0.0373437107 0.0174402483
-0.0784202963 0.098787576
-0.0150386728 -0.0261314176
0.0170948058 0.0414111987
-0.0258281454 0.124455355
-0.000854071288 -0.018818913
0.00700933812 0.0158576593
0.103622384 -0.0183434375
0.0763358995 -0.0702297762
-0.0321356766 -0.0178210121
-0.000600790256 -0.025482893
-0.00446679303 0.0786566734
0.00660138903 0.0374785736
-0.117395744 -0.0087035941
0.00442962395 0.0218993854
-0.0270173978 0.00945912208
-0.0311818775 0.0145860333
0.0104877064 0.00629657833
-0.0465649478 0.0475938059
0.0404267423 -0.0414897315
0.0563977361 0.034499675
-0.039073091 -0.0404589623
-0.0163279045 -0.061509762
0.0195150003 0.0186085403
-0.029101681 0.0431685261
-0.0085035013 -0.0544413999
0.0186846368 0.0329923443
-0.00118354429 0.0994401351
-0.0479244106 -0.0339055955
-0.0249694455 -0.0535597615
0.0509010293 0.00685504731
-0.0200143084 0.103441358
0.0320033096 0.0981305763
0.0382092595 0.00384414103
-0.0541293323 0.0220445246
0.0143824741 -0.0108185066
0.0203707758 0.0331221186
0.00746542681 0.00749520352
-0.00508850301 -0.115138002
-0.0549348108 -0.0148664489
-0.0732865632 -0.0899265632
-0.00834051427 -0.030052416
0.00452145236 0.0112178521
-0.029012505 -0.0221251585
-0.017323412 0.000125601597
-0.0184549596 -0.00965887401
-0.0904299095 -0.0141081577
0.0193664245 0.00220466871
0.0705931112 -0.0120802047
-0.0714854524 -0.0428205542
-0.0327668563 0.0497579351
0.0422400944 0.0018099586
-0.00795117114 -0.0998085737
-0.0286658909 -0.0223999731
-0.0206594691 -0.0404475592
0.023194503 0.0513928458
0.0490538329 0.0251883343
-0.0144318594 0.0215916988
0.0701785535 0.022392083
-0.0186308883 -0.0645390376
-0.011489084 0.053411711
0.0587280244 -0.00567710446
0.0914765298 -0.0231615584
-0.0524312221 0.0520846099
-0.0540252775 -0.0221020579
0.0697743595 -0.0941797271
0.11769408 -0.0436145999
0.00409773923 0.0344697647
-0.0869845301 -0.0548869334
-0.0877527371 -0.0745320022
0.0136413742 0.0576573536
-0.00467795599 0.045426935
0.0350513011 -0.00222913781
-0.0473315343 0.061153423
0.00522544933 -0.0270817112
-0.0521119833 -0.0383069478
-0.0407853946 -0.0201236065
-0.00706440955 0.0546431281
-0.074559018 0.125109524
-0.0564398021 -0.0338387489
0.00190926727 0.0265682973
-0.056747824 -0.0206346363
-0.0241751056 -0.0627393723
0.0157638732 -0.0145565076
0.00827598758 -0.0857570767
0.0223686825 0.0164395552
-0.00495983241 -0.00108371221
0.0907526463 -0.0517790951
0.00670260424 -0.0192397125
-0.07543993 -0.00216326769
-0.0126351696 -0.0389002897
-0.0480900705 0.00372637622
-0.031933926 -0.0626879185
-0.0319468677 0.0078876121
-0.0377279669 -0.0174530707
-0.0688079 -0.0154431565
-0.0475612991 0.0393238738
-0.0610130802 -0.0380592644
0.0410310291 -0.0195312873
-0.0248723328 0.0513224863
-0.0691112056 -0.0255489498
0.0878724232 0.017950207
0.0561788417 -0.0283125304
-0.0217289571 -0.0127019351
-0.00126593013 -0.0048563485
0.0160426442 0.0574715957
0.0416552238 0.0501386411
-0.0418124944 0.00876713544
0.00629027048 -0.0617349185
0.053423427 -0.0199721772
0.016461229 -0.083533898
-0.0343454741 -0.0790156052
0.051635325 0.0607406646
0.19125396 -0.00364876469
0.0769070238 -0.0610509031
0.0161046684 -0.0168351736
-0.0263335612 -0.0704368725
-0.0511007421 -0.0605442747
0.0512706526 0.0410218164
-0.0524080843 0.103742994
0.0563651957 0.0648589805
0.0534828231 0.0169683062
0.0565562919 0.0435200222
0.0914220288 -0.0243656542
0.0370914675 -0.0646597221
-0.0503125042 0.0320731997
-0.0492632203 0.0276291184
0.0713398159 0.00614791736
0.0248492621 0.0158222206
0.0306877103 -0.00360408355
0.00434440235 0.00119936047
-0.0923681557 -0.0224254243
-0.0240052473 -0.092023097
-0.00885752309 -0.034473151
-0.00185291027 0.0225356147
0.00443073548 0.0358974747
-0.0298452582 -0.0266134646
-0.0158842001 0.0233948268
-0.0303327125 -0.00812608004
0.00973754935 0.0507324189
0.0535166487 -0.00612533558
0.0346730426 -0.0248579644
0.0171212237 -0.0182240419
0.0494820923 -0.0309408866
-0.0759163648 0.0539524518
0.00325531629 -0.00892569777
0.0435222834 -0.0131921181
0.0339119658 0.062802501
-0.00211032038 -0.0823576972
-0.0465398468 -0.0406990312
0.102018856 -0.0238168873
0.0344622582 0.0237228181
0.0445350595 0.00194261642
0.0230776723 -0.0198826101
-0.0200380925 0.0160695072
-0.0590782836 -0.0216835979
-0.141254336 -0.0763745457
-0.0319294557 -0.0733214915
-0.0385374129 0.0518812835
0.0120393606 -0.0431933738
-0.013476247 -0.0904510021
-0.0153529793 -0.00827149395
0.0133821191 -0.0400042795
0.0541070327 -0.0425891317
0.0182879977 0.0013954821
0.0202985741 -0.0145169767
-0.0180902705 -0.0138635486
-0.0420126952 -0.0134636015
0.0659937486 0.0269865394
-0.0149413878 0.00401815027
-0.0236293282 0.0277136769
-0.0267271772 0.0414035618
0.0145505741 0.0866039693
0.0879367217 0.0121798487
-0.0355403274 -0.00547861774
-0.0255371574 -0.011313173
-0.0226518493 0.0375891589
0.0051950058 0.0617495254
-0.0236713868 -0.0574822053
-0.086943537 -0.0323883817
0.0496626198 0.00589552848
0.0447517224 0.0577563979
-0.0467327759 0.00320357364
0.0347562507 -0.00349338166
0.0322051831 0.0261855833
-0.035747081 -0.00171865663
-0.0403146408 0.0335516818
-0.00111569162 -0.034282472
-0.0420255698 0.00609368691
-0.0121220117 0.0624286309
-0.0382483751 -0.0215725768
-0.102862731 0.017302705
0.0391176231 0.0736424178
0.0159997679 0.0142513812
-0.0448481627 -0.0438741371
0.0394607671 0.00733650057
0.000960405916 -0.0201745071
-0.00204741815 -0.0809271783
0.0568505414 0.00538444286
0.0276596844 -0.0068282783
-0.0444871709 0.00954723917
-0.0310409162 0.0401892886
-0.032930322 0.0404887125
-0.0457769781 -0.0315113254
0.0129778162 0.0300904717
-0.0240472686 -0.00147474196
0.0102670379 -0.0481733643
0.0130733969 0.00220128149
-0.0113029424 0.010837852
0.0472880565 -0.0388110802
-0.0189540349 0.0253786314
0.00726298802 0.064864248
-0.0211077183 -0.0301732495
-0.0146807656 -0.0225130785
0.0386809818 -0.0108044781
-0.131083772 -0.0329172835
0.0244072694 0.0296044424
0.0720367655 -0.00261429907
0.0179053284 0.0278064571
0.0129997414 -0.085630849
-0.0330435969 -0.0229695961
-0.000472170446 0.00424819347
0.0326410569 -0.0427581258
0.0250939038 0.0159500483
0.0621824488 0.00584250316
0.0676649362 0.0454633795
0.0220811833 0.0663126633
0.0186126623 -0.0578336306
0.0062749763 0.0394776314
-0.0594802797 0.000979120028
-0.0240821578 -0.0224247463
0.050913237 0.0518864468
-0.0972107947 0.0550051555
-0.0361598097 -0.00437323563
0.0657425299 -0.0304306746
0.072446458 0.0098877009
0.0230841432 0.0311893616
0.0362672657 0.0500894636
-0.0528984852 -0.0825084671
-0.0207642317 0.00103568332
0.115982786 0.0117984805
0.123362705 -0.0572947934
0.0172678754 0.0365029536
-0.0530654564 -0.0135298204
-0.0119609972 0.0824348554
0.121169336 0.0739250705
-0.0371076167 -0.0181053653
-0.0493056774 0.0588468425
0.00423613749 0.0446588099
0.0942347273 -0.0116346851
0.0365501419 0.0626070797
-0.0803596005 0.0822294727
-0.0179503262 0.0871094987
-0.0291055571 0.0469852574
0.0308361519 -0.0401843823
-0.00974235497 -0.0251670331
-0.0423387662 0.0201623682
0.0240869783 0.0669591576
-0.142934635 0.0060060895
-0.0464021042 -0.0647315085
0.0455164686 -0.0129266763
0.0278722011 0.0339339338
-0.0421965942 0.0500851311
0.026402114 -0.000649750989
-0.0143525749 0.00114557904
-0.0870727822 0.0190428682
0.10815639 0.0219080038
0.0453073941 0.0235009268
0.015946079 -0.0297837742
0.0738992691 -0.00259211869
-0.0526189655 0.00730897253
0.00193997659 -0.065539211
-0.0179799236 0.0163661782
0.0050305347 -0.077899076
0.0455977879 -0.0252715666
0.00377253746 0.00736084534
-0.00701342197 0.0571149699
-0.0433976576 0.00108402548
0.0429082885 -0.00180883694
0.0267330259 -0.00302571384
0.0197743922 -0.0443071537
0.0809898302 -0.0191411395
0.012965735 0.0367211401
0.0143644325 0.0386237614
-0.0384834222 0.0366954692
-0.0799876824 -0.0414025448
0.0368150882 0.0923570916
0.0117243752 -0.0303818919
-0.0396404788 -0.0820301175
0.0275561754 0.0237584691
-0.0354354642 -0.0369944498
-0.0490928032 0.0664641634
0.0128129572 0.0271862708
0.0128254043 -0.00733698718
-0.00782192219 -0.00696774479
-0.0628763139 0.0142218834
-0.0192931592 0.054689467
-0.0102447169 -0.016115604
-0.0842997208 0.025161393
-0.00588333467 0.0956084803
-0.0325318873 -0.0471821688
0.0278619565 -0.0296303574
0.122354895 0.0239442848
0.06978333 0.0101939421
0.00792072527 0.0112309996
-0.00914342515 -0.0153938169
0.0236819368 -0.0394408368
0.082904987 0.000802628754
-0.064902544 -0.046402581
-0.0494149998 -0.0621604286
0.0612824 0.0381815843
-0.0441621467 0.0188881271
0.0131308408 0.0641723126
-0.0256650839 -0.00652921339
0.0253190435 -0.0666718408
0.0545991287 0.0375117138
-0.0501273349 -0.0512367338
0.0551565439 0.0132147251
0.00950895157 -0.000435786438
-0.00498500839 0.0334413499
-0.0500301532 0.111954078
-0.0381540582 0.0338730328
-0.00543163018 -0.0155160772
-0.0099077234 -0.0561484322
0.00903266016 -0.0110768145
-0.0371476263 0.0581182465
-0.0137497485 0.0630713925
0.0240390766 0.0478072539
-0.0397191718 -0.0163964201
0.0212000813 0.00285559939
0.0233619846 -0.0490133278
-0.0484722182 -0.0232550483
0.0548648462 -0.0586042739
-0.0353079997 -0.0516445339
-0.100762233 -0.0482135005
0.0197349768 -0.0466095507
-0.0246521067 0.0877460167
0.0735408664 -0.00928978249
0.0377013795 -0.0153615847
-0.0769894794 0.081746839
-0.0121200597 0.0450220704
0.00537937274 -0.0248090085
0.0199330579 -0.0158300567
-0.141494274 -0.0273396634
-0.0545659065 -0.0574408695
-0.0834618658 -0.0741881952
-0.0107402988 0.0157268997
0.0269265771 0.0626710057
-0.0459396318 -0.0555558763
-0.0458613224 -0.00604777643
-0.0319553539 -0.0524377264
-0.043046996 -0.0414840095
-0.0723706186 0.0425968133
-0.0950625017 -0.0501382202
0.0433691181 0.0189659819
0.0453768931 0.040988043
-0.0606796704 -0.0660450831
0.0106844455 0.0522211604
0.00673174905 0.0135699157
0.00704685226 -0.0330590568
0.0205714703 -0.00794189982
-0.0171242934 0.0366014205
-0.00661627064 0.0653364807
-0.0127601875 -0.023665864
-0.0216076002 -0.0455323197
0.0170463156 -0.00223214505
0.0043498883 -0.039992474
-0.0348430313 -0.108372159
0.0288748164 0.0446806997
0.116011232 -0.0228106305
0.0250116754 -0.0365316719
0.0519835353 0.00998033863
0.0195910204 -0.0740190595
-0.0363144875 -0.060712304
0.0481917784 0.0487761199
-0.0653174594 0.0883193612
0.00923173875 0.0559199341
0.00235889084 -0.0315631777
0.00723044714 0.0216048378
0.0704503804 0.0278376415
-0.08356639 -0.0176147092
0.0448885262 -0.0306163076
0.0518362299 0.0560290962
0.0172176734 0.0213278532
0.103096105 -0.0178705249
0.0146900835 0.0735982284
0.0302621368 0.0954858735
0.00312872231 0.0190080237
0.0404628329 0.0437316187
-0.0183755439 -0.00736888684
-0.0989730135 -0.00977883115
0.0070506176 -0.0186638497
-0.0763443783 0.0185709316
0.0502394922 0.0372084565
0.0327779427 0.0260416511
0.0477766469 -0.0169114545
0.00114681176 -0.0675927028
-0.0226705093 -0.0531431623
0.00578879844 -0.0420339927
-0.0182063039 -0.0223170705
0.0534091927 -0.0312604867
-0.0292613134 0.0258113872
-0.0156526715 0.0580323189
-0.0546589643 -0.0105923209
-0.040519461 -0.0554423928
0.0139789423 0.0390139036
0.0198578667 0.0319067053
-0.0123192882 -0.0302466396
-0.0626179427 0.0293467287
0.0278095361 0.038059324
-0.0417213403 0.0631302968
-0.0344792679 -0.091386646
-0.0225807857 -0.129266441
-0.0758648291 0.00966068078
0.0426481813 0.0223846771
-0.05307303 0.0378927141
-0.0641113967 -0.036245387
0.0299703684 -0.0447566956
-0.00498914393 0.0300171096
-0.0196128096 -0.0978565812
0.0519716777 -0.0086263977
0.0743631572 0.0446144827
-0.0508770645 -0.0903887004
-0.0417045988 -0.00799488649
-0.033324182 -0.0082297381
-0.00114191743 -0.0507375151
-0.00423422968 -0.000960828736
-0.0529882275 -0.0466941372
-0.00161353836 -0.0500884354
-0.0989063159 0.025894735
0.0184733979 0.0383244567
0.0280876141 -0.0143830953
-0.0688266084 -0.105265729
-0.04385579 -0.0285021141
0.00167727622 0.0287344288
0.028039977 0.013720979
-0.0412558988 -0.0327474922
-0.0369261429 0.00633894559
0.0282300171 0.0317492597
0.0819510072 -0.0650603995
-0.028002983 -0.0262555107
-0.0258829203 -0.00756397611
0.0850222036 -0.105251715
0.0275767837 -0.00767626893
0.0489852466 -0.0442660712
0.0514863767 -0.0733107999
0.0391851179 0.0508952476
-0.0437078141 -0.0102521619
0.045546446 -0.0206368808
0.0432477556 0.00846272521
-0.0663109273 -0.0144418087
-0.0363787524 0.0435721017
0.0201344024 0.0160330683
-0.0400440954 -0.0413854755
0.0743196011 -0.0327648595
0.0861166269 0.033022806
-0.00291098701 0.057904996
0.131889775 0.0517100543
0.0169415809 0.00042419997
-0.0517796837 -0.077136822
0.0373371989 0.00835355278
-0.0789462626 -0.00659316778
0.000931929273 -0.0220425837
-0.00662877643 0.0257413778
-0.0843592286 0.0120357014
0.000481679832 -0.0275273304
0.00558070978 0.0492594056
0.0385316685 -0.0454995334
-0.00864135381 -0.00836909283
0.0130112739 0.0293551069
-0.0678745881 -0.0294621214
-0.0269762874 -0.0193353016
0.00990466401 -0.0102999322
-0.0138265342 0.0615377165
-0.00556366192 0.0512331426
-0.015264268 -0.0423837304
0.0688352138 -0.0369719863
-0.0145108616 0.0553608276
-0.0926937386 0.0243871324
-0.0303977579 0.0245513339
0.0389460772 0.082212083
0.0724607557 0.0117850835
0.0230064839 -0.00504932087
-0.00817717705 0.038467519
-0.0404281579 0.0993773267
-0.090810284 -0.0202719048
-0.0171191469 -0.0417427197
0.0859599188 -0.119518749
0.0102242799 -0.0954473242
0.041715309 0.104329579
0.00250490522 -0.0203717444
-0.123798721 0.00158803316
0.00137230894 0.0445658714
0.0338028334 -0.0175691638
0.000297070103 -0.0110998554
-0.0675783083 0.0208598766
-0.0371860527 -0.0292605162
-0.0105166873 -0.0172193535
0.087990202 0.0631375834
0.0158191379 0.0479199216
-0.00969706755 -0.0603263192
0.0688545555 -0.00178752455
-0.0695571229 -0.047556892
0.0231808871 -0.00461624935
-0.0416975804 -0.00700412132
-0.0676987469 -0.0697926953
0.0301749371 -0.0387788005
0.0245486535 -0.0157605875
0.0248448867 0.0323996358
-0.0323712565 -0.0172705911
-0.0363640897 0.0432284549
0.0295820404 0.0795891434
-0.0481973179 0.000709282001
0.0204610005 0.0217892043
0.0129317148 0.0588445365
0.0230240207 0.0816076398
-0.00986423902 -0.00638484675
-0.0145474076 0.0283238683
-0.0250796899 0.0561070703
-0.000492535939 0.00502018491
0.115326196 0.0782884508
0.00143876148 0.0739107952
-0.0985753387 0.0585744306
-0.000913564814 0.00185736094
0.00978340395 -0.0226806179
0.0600279495 0.0261517074
0.0244885143 -0.00695673609
-0.0417064279 0.0243261512
0.031935744 -0.0377913527
0.0361711346 -0.0433725454
0.0662340745 -0.0256042425
-0.00270704995 -0.00231719576
0.0107492199 0.0646389648
0.0623684637 -0.0184542239
-0.00348446541 -0.0782987177
0.0110710496 -0.00840996113
-0.0631700158 -0.0622193776
0.0340474509 -0.0266880319
0.0268181302 -0.00792317558
0.0305786561 0.0157549251
0.0472474322 0.0542444699
0.00389420404 0.0123014553
0.0596404597 0.0164710749
-0.0475193597 -0.0237758551
-0.0521312952 -0.066903457
0.00544175413 0.0352489986
-0.0427217484 -0.0115199527
0.00015213016 -0.000710112625
-0.0459405296 0.0592767633
0.0316649824 0.0375696421
0.0757240281 0.00579521758
0.0519778505 -0.0662805289
0.00192061579 -0.0926624537
-0.00602767151 -0.0262039788
0.0657975599 -0.0319421701
0.0277518537 -0.0524674281
-0.0309824068 0.0206220597
-0.0559896976 -0.0350033492
0.00559060369 -0.0916043222
-0.0196623281 0.0896048695
-0.0385522507 0.051222004
-0.0449825004 0.0530260764
0.0464983247 0.0271855965
0.0578055494 -0.017042771
-0.0191236027 0.0603990369
0.0569329783 -0.0263183899
0.039313063 -8.74858015e-05
0.0156421103 -0.0465270989
-0.0495890677 -0.0929728523
-0.0919335485 0.0866161212
0.0548774227 0.0241443645
-0.0755432174 -0.0322959833
-0.0434397906 0.0645023659
-0.0315227509 0.00141778192
0.00177664065 -0.0651443824
0.053234335 0.037268851
-0.0328682661 0.0281779971
0.0226921961 -0.0293409154
-0.0480427556 -0.00200225413
-0.078763485 0.054771103
0.102445342 0.0481917039
0.033495307 -0.0327145532
-0.027886685 0.0359676369
0.0139305536 -0.0202793721
0.0464194827 -0.057239037
0.0416663028 0.0287922453
-0.0412254557 0.0269685239
0.00546964584 0.0501964539
-0.02508213 0.0647673458
-0.107925542 -0.00644992478
-0.00232298253 -0.0749736354
0.0164126381 -0.0472840779
0.0237926971 0.0593571775
0.00898477249 0.0446059182
0.0386944115 0.00438226061
0.123850994 0.0572296754
0.0152601479 -0.0629345775
-0.0936360434 -0.0214337111
-0.0176161397 0.0797630101
0.0106038805 0.0449576825
-0.023965368 0.0863098353
0.0553883836 0.00698083779
0.0192786362 -0.021858722
0.0402666219 -0.0105321687
0.0403606743 -0.00689989375
-0.0348643921 -0.00687847193
0.0532125756 0.0148213692
0.0655541942 -0.0167844128
-0.053653907 -0.0612331815
0.0497410782 0.00945245381
0.0239396039 -0.00291255582
-0.0737005025 0.0579108447
-0.00595886493 0.0128266411
-0.06642396 -0.0561991185
-0.0263672229 0.0530044325
0.00268499972 0.00155539555
-0.000416607771 -0.0367880017
-0.0226289295 0.0280078761
-0.0176010244 0.00201839628
0.0521158464 0.0162073094
-0.000275139144 -0.0245002508
-0.0099287834 -0.0292932764
0.0342742242 -0.0043369364
-0.0736958012 0.00329474034
0.0118874134 -0.0488786064
0.039305307 -0.0383399129
0.0190410689 0.0218539182
-0.0221839808 0.0367267691
0.0215811264 0.0200468916
-0.0726886243 0.000997592695
-0.0837349147 0.016985368
-0.0127330991 0.0141870193
1.7525841e-05 0.0360597819
-0.0171232559 -0.0288872626
0.0635744631 -0.0410066545
0.0396041796 0.0680594444
-0.0724685788 -0.0385166295
0.061230246 0.00518067321
-0.00122690632 0.0620531626
-0.0278637335 -0.015791554
0.106519967 0.0579224154
-0.0123888496 0.0240544826
-0.016320549 0.0889660269
-0.0251590274 0.0438254923
0.00308915996 -0.0163063258
-0.0424691774 0.000233376049
-0.100236885 -0.0382343233
0.0156954844 0.00693647796
-0.0324376412 -0.00917605124
0.0421028845 0.0504403114
0.0480849482 -0.0363250375
0.0437562689 -0.0592441522
0.0585176796 -0.0750130638
0.0204772186 -0.076893881
0.0614348128 -0.0253026187
0.0150133902 -0.0618170798
0.0523735583 -0.035622824
-0.0341788232 -0.0340127274
0.0178784784 0.0501833148
-0.0241918564 -0.0251206737
-0.00618098443 -0.0687183663
-0.00806361623 -0.00247459533
-0.0121163502 0.0104947463
0.0254594646 -0.0207552835
-0.074178122 -0.00822744053
0.0391245298 0.0750155449
-0.0847174451 0.0248700902
-0.00106964284 -0.0741032436
-0.0117750475 -0.00981570408
0.00171791227 -0.0270985439
0.00301189022 -0.0128806196
0.0186335687 -0.0054795309
-0.0172854494 0.00767361792
0.00826490484 0.0288635027
0.00869908743 -0.0286293942
0.0144923544 0.00881044194
-0.017391203 0.0120179532
0.00197785045 -0.0172906239
-0.0157329328 0.0148400832
-0.00977549888 0.0243824944
0.0199150573 0.0123008434
0.0231447276 0.00282912608
-0.0172277093 -0.00791054964
-0.00183063897 -0.0109334942
0.000845585484 -0.0195104647
-0.0183615312 -0.000622740947
-0.00656401273 -0.00867669936
-0.0207476635 -0.00106001541
0.00963375717 0.0125605045
-0.0173203629 -0.0106823966
0.0283649135 -0.00447060354
-0.0336392224 -0.0407058112
0.0125960112 -0.0110313855
0.0103181787 0.0137789315
-0.0110653006 -0.0138264159
-0.033301577 -0.000173886554
0.0072295554 -0.0305786785
-0.0276134498 0.0285741892
0.0195227582 0.0142967179
0.000569915806 0.0118665285
3.18518651e-05 -0.00329394545
0.00184000062 0.00177158485
0.0105689298 0.0311542396
-0.00509890774 0.0343904495
0.0110265259 -0.00303983991
0.0107774576 -0.0278896615
-0.00629136339 -0.0299629122
0.0201784987 0.00949952565
0.0319392458 -0.00547515182
0.0189944096 0.0184095521
-0.00159536419 0.0267329812
0.0163188335 -0.0224179383
-0.0187000483 -0.0167904701
-0.0167975854 0.00300497841
-0.0180314742 0.00356527162
-0.00874101836 -0.0200799797
0.0167614613 -0.00477672974
-0.0168791506 0.00292940252
-0.0115648815 -0.00826208293
-0.0291265324 -0.00530688744
-0.0146223605 0.00458246702
-0.0341926329 0.0075237914
0.0195451081 -0.015944371
-0.00466159731 0.007325429
0.0139509728 0.0239560213
0.0312689841 -0.031116968
0.0124956025 -0.0232491922
0.00773612643 -0.00999294128
0.0020816687 0.00049996085
-0.00781096937 -0.00619683834
-0.0462006517 0.0193210635
0.00317824818 -0.000198043621
-0.0126793869 -0.00853601843
-0.0198158361 -0.000555773382
-0.00988927856 -0.0111846132
-0.00320362579 0.0132566197
0.013515613 -0.00219453662
-0.0242880099 0.0251612067
-0.0242993925 -0.00474289432
0.0181519762 0.0141855245
0.00578263076 0.0258481316
0.0135235209 0.00925283879
-0.00538748642 -0.00224967883
-0.028704701 0.00545631396
0.02803123 -0.0136673925
0.0208838899 0.0165666603
-0.00838744175 -0.0205200519
0.0101370662 -0.0130189378
0.018314302 0.0144056333
0.0519795083 -0.018676959
0.0177826118 0.0290600341
0.0123030702 -0.0087123476
-0.00392238889 -0.00276056398
-0.00587828783 -0.0166770145
-0.00689650374 0.0283529554
-0.0169118829 0.0191079378
0.00897054188 0.0172948726
0.0028379315 -0.000385743595
-0.00399187999 -0.00297669508
-0.0188711882 -0.00467676111
0.00130428583 0.0048480262
-0.00882818643 0.0114682512
0.00230754563 0.0266627874
-0.019270217 0.00394495158
0.0150896208 -0.00748060038
0.00207719323 -0.0196466092
0.0344482549 0.016799828
-0.00982291531 -0.0232445356
0.0321005508 0.0328979231
0.0583072677 -0.0028151935
-0.00432569161 0.0199227463
0.0402023941 0.00375996763
0.0184019506 0.0223798864
-0.0258833058 0.0129135875
-0.0117276544 0.00776928058
0.0261518806 -0.0220401306
0.00428563077 0.0136947082
0.0204252247 -0.00772143854
0.0101480959 -0.000945686887
0.0302450806 0.000794706633
-0.00165057485 -0.00670122216
-0.0156439804 -0.0160934068
-0.0161619876 0.0194194894
0.00119198079 -0.000811929116
-0.0139543545 -0.0103189554
-0.00160759746 0.0107460525
-0.000908611633 -0.00741129834
-0.00891335215 0.0175298862
0.00385716907 -0.0134728225
-0.00897869095 0.0112746134
0.0187021978 0.00974614359
0.00685561681 -0.0140359029
0.0207023174 -0.0162713211
-0.0280902255 0.00390828447
-0.000985156745 0.0119684804
-0.00297429925 -0.0203177202
-0.0483926199 0.0439497195
0.045729056 -0.0149128474
-0.0172384307 -0.0298910867
0.0117423069 0.0236008745
0.0210252814 -0.0181809142
0.0246858783 -0.0009934915
-0.00466248533 -0.0104150865
-0.0573844053 0.0302630197
0.0108170928 0.0122302826
-0.001435593 0.0031851728
0.0117394272 0.0109178061
-0.00333933393 0.00651803799
0.024168307 0.0118450364
-0.00287024304 0.0553162098
-0.00597159797 0.00213132915
0.0429356284 0.0250387304
-0.00992707908 -0.00113484683
-0.0416033827 -0.00175270112
0.00381840859 0.00095010607
0.0120042032 -0.00242263987
0.021256173 -0.0292194281
-0.0125109721 0.0125968093
0.0100283008 -0.0306118503
-0.0151782362 0.000379458797
-0.0106422221 0.0144990189
0.00654023234 0.0303041507
-0.00348745077 -0.0181534011
0.00710346503 0.0318552963
0.0018881046 -0.0175616164
0.00512032118 -0.00545812445
-0.00732809305 0.00901895948
0.0193221755 0.0187244695
0.00636429572 -0.00781504717
-0.0120751243 -0.00667607458
0.0078992825 -0.0124273011
0.0234560762 0.00692109438
0.00366732967 0.0111924494
-0.015048678 -0.0152111305
-0.0190040674 0.0179787111
-0.0129576204 -0.0207450036
0.0268138684 0.00701688603
-0.00145836803 0.0217050686
0.0118082417 0.0237825122
0.0146808838 0.0109386612
-0.0149449827 0.0315293185
0.0293474607 -0.0186347235
0.00455642631 -0.0178643875
0.000879722938 0.0220561419
-0.0367381945 -0.00929616112
0.00884978008 -0.0310522392
-0.00442730542 -0.00946309138
-0.0191948134 0.0141566973
-0.00806295779 0.0405226387
-0.0322480574 0.0224451255
0.00255812635 -0.0230436735
-0.0445853174 -0.0207763314
-0.0115363635 0.0224992409
-0.00833590794 -0.0169289652
0.0298044924 0.0170521438
-0.000405204599 0.0132831512
0.00791924074 0.0131077841
-0.0563366562 -0.00933974888
0.00213835342 -0.032957375
-0.0271243472 0.00999042951
0.0215562526 0.0153559428
0.0257686898 -0.0182386469
0.0113747595 -0.02655885
-0.00312708085 0.018763436
0.0145498645 -0.0368476287
0.00566954073 -0.0203897133
0.00241088332 0.0309007131
0.0218963902 -0.0290817507
