0 0 0 0 -473 74
0 0 1 0 32771 7
0 0 2 0 -23126 -23164
0 0 3 0 -23178 -23178
0 0 4 0 23135 23185
0 0 5 0 23170 23174
0 0 6 0 23169 23151
0 0 7 0 -23189 23157
0 0 8 0 23119 23184
0 0 9 0 -23139 -23199
0 0 10 0 23093 23170
0 0 11 0 23193 23178
0 0 12 0 23171 23213
0 0 13 0 -23156 -23192
0 0 14 0 23201 23219
0 0 15 0 23166 23161
0 0 16 0 -23119 -23184
0 0 17 0 -23184 23153
0 0 18 0 -23215 23193
0 0 19 0 -23159 -23171
0 0 20 0 -23204 23166
0 0 21 0 23156 23181
0 0 22 0 23177 23188
0 0 23 0 -23125 23103
0 0 24 0 -23146 -23175
0 0 25 0 -23149 23168
0 0 26 0 23177 -23188
0 0 27 0 -23156 23158
0 0 28 0 23164 -23170
0 0 29 0 -23155 23127
0 0 30 0 23191 23165
0 0 31 0 23196 -23187
0 0 32 0 -23139 23142
0 0 33 0 32760 11
0 0 34 0 23176 -23166
0 0 35 0 23156 23162
0 0 36 0 23151 23156
0 0 37 0 23115 23156
0 0 38 0 23156 23171
0 0 39 0 23144 23171
0 0 40 0 23173 -23143
0 0 41 0 -23140 -23169
0 0 42 0 -23209 23147
0 0 43 0 -23173 23149
0 0 44 0 23212 -23155
0 0 45 0 23148 23193
0 0 46 0 23190 23160
0 0 47 0 23206 -23146
0 0 48 0 23164 -23171
0 0 49 0 -23174 -23143
0 0 50 0 23199 -23139
0 0 51 0 -23149 -23183
0 0 52 0 23186 -23165
0 0 53 0 23146 23171
0 0 54 0 -23182 23165
0 0 55 0 -23173 -23213
0 0 56 0 23159 -23153
0 0 57 0 23165 -23146
0 0 58 0 23146 -23128
0 0 59 0 -23135 -23220
0 0 60 0 -23160 23143
0 0 61 0 -23177 23178
0 0 62 0 23158 23180
0 0 63 0 23204 -23174
0 0 64 0 23181 -23180
0 0 65 0 32794 -5
0 0 66 0 23199 -23166
0 0 67 0 -23171 -23187
0 0 68 0 -23174 -23167
0 0 69 0 -23156 -23140
0 0 70 0 -23160 23152
0 0 71 0 23156 23163
0 0 72 0 23177 -23205
0 0 73 0 -23206 23166
0 0 74 0 -23176 23160
0 0 75 0 -23203 23179
0 0 76 0 23192 23195
0 0 77 0 -23180 23165
0 0 78 0 -23158 -23170
0 0 79 0 -23150 -23177
0 0 80 0 -23209 -23168
0 0 81 0 23154 -23150
0 0 82 0 23160 23178
0 0 83 0 23160 23180
0 0 84 0 -23145 -23209
0 0 85 0 -23156 23187
0 0 86 0 23178 23150
0 0 87 0 -23178 -23182
0 0 88 0 -23174 23157
0 0 89 0 -23182 -23167
0 0 90 0 23157 23197
0 0 91 0 -23150 23143
0 0 92 0 23157 23126
0 0 93 0 23173 23201
0 0 94 0 23141 23192
0 0 95 0 -23151 -23161
0 0 96 0 23179 23201
0 0 97 0 32782 -11
0 0 98 0 -23158 -23145
0 0 99 0 -23167 23197
0 0 100 0 -23183 23135
0 0 101 0 23158 -23172
0 0 102 0 23173 23193
0 0 103 0 -23156 23167
0 0 104 0 -23155 -23188
0 0 105 0 23188 23156
0 0 106 0 23151 23137
0 0 107 0 -23164 23163
0 0 108 0 -23192 23147
0 0 109 0 -23181 -23190
0 0 110 0 -23184 23157
0 0 111 0 23177 23175
0 0 112 0 -23156 -23181
0 0 113 0 -7 -30
0 0 114 0 -10 15
0 0 115 0 4 -12
0 0 116 0 -9 21
0 0 117 0 4 2
0 0 118 0 -7 -14
0 0 119 0 -18 -13
0 0 120 0 -12 -2
0 0 121 0 -29 4
0 0 122 0 21 3
0 0 123 0 -16 0
0 0 124 0 -26 10
0 0 125 0 -13 -2
0 0 126 0 -17 17
0 0 127 0 15 23
0 0 128 0 -8 -14
0 0 129 0 -45 -16
0 0 130 0 -27 -7
0 0 131 0 24 38
0 0 132 0 3 -25
0 0 133 0 1 -8
0 0 134 0 7 -13
0 0 135 0 7 34
0 0 136 0 21 -9
0 0 137 0 -1 -7
0 0 138 0 -28 2
0 0 139 0 12 33
0 0 140 0 -48 10
0 0 141 0 -15 12
0 0 142 0 -17 -2
0 0 143 0 24 0
0 0 144 0 -23212 23142
0 0 145 0 23233 -23183
0 0 146 0 23167 23180
0 0 147 0 23178 -23165
0 0 148 0 -23175 -23145
0 0 149 0 -23169 23183
0 0 150 0 23197 -23151
0 0 151 0 -23174 -23194
0 0 152 0 23147 23212
0 0 153 0 -23191 -23191
0 0 154 0 23157 23193
0 0 155 0 23203 23165
0 0 156 0 -23152 23139
0 0 157 0 -23136 23186
0 0 158 0 23113 23200
0 0 159 0 32760 -2
0 0 160 0 23169 -23150
0 0 161 0 23177 -23153
0 0 162 0 -23178 -23189
0 0 163 0 23170 23211
0 0 164 0 -23162 -23158
0 0 165 0 -23151 23144
0 0 166 0 23153 23188
0 0 167 0 23170 23187
0 0 168 0 23152 23166
0 0 169 0 -23169 -23165
0 0 170 0 23181 -23194
0 0 171 0 23155 -23190
0 0 172 0 -23140 -23214
0 0 173 0 -23154 23147
0 0 174 0 23174 -23151
0 0 175 0 -23189 23146
0 0 176 0 23172 -23183
0 0 177 0 -23173 23150
0 0 178 0 -23175 23146
0 0 179 0 -23128 -23154
0 0 180 0 23203 -23214
0 0 181 0 23150 -23179
0 0 182 0 23152 23162
0 0 183 0 -23166 -23167
0 0 184 0 23161 23142
0 0 185 0 -23148 23161
0 0 186 0 23162 23140
0 0 187 0 23176 -23120
0 0 188 0 -23180 23166
0 0 189 0 -23169 -23145
0 0 190 0 23197 -23169
0 0 191 0 32781 6
0 0 192 0 23197 -23148
0 0 193 0 -23161 -23170
0 0 194 0 23193 23191
0 0 195 0 23149 23175
0 0 196 0 -23155 23156
0 0 197 0 23196 23203
0 0 198 0 23162 23160
0 0 199 0 23143 -23166
0 0 200 0 -23154 -23202
0 0 201 0 -23143 -23168
0 0 202 0 -23161 -23183
0 0 203 0 23147 -23162
0 0 204 0 23155 23154
0 0 205 0 -23190 23155
0 0 206 0 -23184 23189
0 0 207 0 23166 23163
0 0 208 0 23201 -23141
0 0 209 0 -23182 23149
0 0 210 0 23177 -23163
0 0 211 0 -23184 23165
0 0 212 0 -23142 23165
0 0 213 0 -23168 -23189
0 0 214 0 -23161 23158
0 0 215 0 23143 23181
0 0 216 0 -23144 23144
0 0 217 0 23162 23194
0 0 218 0 -23165 -23179
0 0 219 0 -23177 23159
0 0 220 0 23144 23176
0 0 221 0 23157 23145
0 0 222 0 23145 -23126
0 0 223 0 32773 23
0 0 224 0 -23169 -23165
0 0 225 0 23160 23166
0 0 226 0 23168 -23146
0 0 227 0 -23176 -23178
0 0 228 0 -23180 -23181
0 0 229 0 23184 -23182
0 0 230 0 23155 -23196
0 0 231 0 -23174 23181
0 0 232 0 23192 23143
0 0 233 0 -23170 -23189
0 0 234 0 -23216 23183
0 0 235 0 23167 -23135
0 0 236 0 23167 -23165
0 0 237 0 -23178 23167
0 0 238 0 23178 -23155
0 0 239 0 -23153 -23178
0 0 240 0 23175 23167
0 0 241 0 -23205 23155
0 0 242 0 -23172 23168
0 0 243 0 23165 23217
0 0 244 0 23164 23151
0 0 245 0 -23179 -23166
0 0 246 0 -23203 23153
0 0 247 0 23168 23195
0 0 248 0 23185 23187
0 0 249 0 23188 -23140
0 0 250 0 23177 23185
0 0 251 0 -23149 -23159
0 0 252 0 -23143 23131
0 0 253 0 23189 -23143
0 0 254 0 23156 23184
0 0 255 0 32762 -1
0 1 0 1 -496 68
0 1 1 1 32780 32
0 1 2 1 -32797 -4
0 1 3 1 -32776 -35
0 1 4 1 32766 29
0 1 5 1 32774 26
0 1 6 1 32765 50
0 1 7 1 -32762 6
0 1 8 1 -32784 -37
0 1 9 1 -32742 -7
0 1 10 1 32793 23
0 1 11 1 -32763 9
0 1 12 1 -32781 -21
0 1 13 1 32760 2
0 1 14 1 -32755 -14
0 1 15 1 -32776 12
0 1 16 1 -32769 -23
0 1 17 1 -32754 2
0 1 18 1 32743 24
0 1 19 1 32747 1
0 1 20 1 32763 6
0 1 21 1 -32793 -30
0 1 22 1 32781 23
0 1 23 1 -32768 4
0 1 24 1 32752 37
0 1 25 1 -32780 -5
0 1 26 1 32748 -30
0 1 27 1 32741 -9
0 1 28 1 32743 9
0 1 29 1 32747 18
0 1 30 1 -32760 -20
0 1 31 1 32751 -17
0 1 32 1 -32760 -15
0 1 33 1 32782 -19
0 1 34 1 -32730 -19
0 1 35 1 32761 -4
0 1 36 1 32754 1
0 1 37 1 32770 -19
0 1 38 1 -32762 -12
0 1 39 1 32730 -3
0 1 40 1 32736 21
0 1 41 1 -32765 -14
0 1 42 1 32774 18
0 1 43 1 32768 0
0 1 44 1 -32796 -10
0 1 45 1 32750 -29
0 1 46 1 32778 -12
0 1 47 1 32764 27
0 1 48 1 32759 18
0 1 49 1 -32803 -39
0 1 50 1 -32777 24
0 1 51 1 -32756 2
0 1 52 1 -32785 -18
0 1 53 1 -32768 -20
0 1 54 1 -32752 -2
0 1 55 1 -32806 -21
0 1 56 1 32773 30
0 1 57 1 -32759 27
0 1 58 1 32752 -2
0 1 59 1 -32764 26
0 1 60 1 32736 8
0 1 61 1 -32808 -42
0 1 62 1 32758 15
0 1 63 1 -32777 -18
0 1 64 1 32751 -4
0 1 65 1 32779 46
0 1 66 1 32755 -29
0 1 67 1 -32777 23
0 1 68 1 32769 14
0 1 69 1 32762 13
0 1 70 1 32756 35
0 1 71 1 -32758 -32
0 1 72 1 -32773 -12
0 1 73 1 -32752 9
0 1 74 1 -32777 -6
0 1 75 1 -32751 -21
0 1 76 1 32808 21
0 1 77 1 -32795 -13
0 1 78 1 32781 27
0 1 79 1 32739 8
0 1 80 1 -32766 17
0 1 81 1 32753 -9
0 1 82 1 -32750 -35
0 1 83 1 32771 -12
0 1 84 1 -32737 21
0 1 85 1 32776 5
0 1 86 1 -32790 12
0 1 87 1 -32767 20
0 1 88 1 -32785 8
0 1 89 1 -32800 3
0 1 90 1 -32758 22
0 1 91 1 -32740 -11
0 1 92 1 32761 46
0 1 93 1 -32776 -7
0 1 94 1 32773 37
0 1 95 1 32769 9
0 1 96 1 -32791 -29
0 1 97 1 32777 -1
0 1 98 1 32765 7
0 1 99 1 32754 23
0 1 100 1 32774 18
0 1 101 1 32795 -32
0 1 102 1 -32795 -6
0 1 103 1 -32776 -18
0 1 104 1 32764 -15
0 1 105 1 -32756 -9
0 1 106 1 -32739 -12
0 1 107 1 -32753 -6
0 1 108 1 -32742 0
0 1 109 1 -32739 0
0 1 110 1 -32760 -4
0 1 111 1 -32799 -10
0 1 112 1 -32761 13
0 1 113 1 -34 -2
0 1 114 1 -14 -24
0 1 115 1 6 30
0 1 116 1 6 0
0 1 117 1 -26 17
0 1 118 1 -12 -26
0 1 119 1 8 -35
0 1 120 1 38 21
0 1 121 1 -44 -6
0 1 122 1 0 0
0 1 123 1 8 -1
0 1 124 1 16 27
0 1 125 1 6 -36
0 1 126 1 12 -9
0 1 127 1 -4 -18
0 1 128 1 27 5
0 1 129 1 -3 8
0 1 130 1 -1 -10
0 1 131 1 11 -8
0 1 132 1 40 0
0 1 133 1 0 27
0 1 134 1 4 -8
0 1 135 1 -11 41
0 1 136 1 -6 -1
0 1 137 1 -13 14
0 1 138 1 -6 24
0 1 139 1 -2 16
0 1 140 1 -9 10
0 1 141 1 -25 -3
0 1 142 1 -30 17
0 1 143 1 29 14
0 1 144 1 32759 -3
0 1 145 1 -32749 7
0 1 146 1 -32774 -15
0 1 147 1 -32766 -4
0 1 148 1 32763 6
0 1 149 1 -32741 -4
0 1 150 1 -32778 18
0 1 151 1 32746 11
0 1 152 1 32771 35
0 1 153 1 32774 6
0 1 154 1 32787 39
0 1 155 1 -32760 -70
0 1 156 1 -32783 -28
0 1 157 1 32768 -17
0 1 158 1 32760 17
0 1 159 1 32736 -5
0 1 160 1 32794 0
0 1 161 1 32787 -11
0 1 162 1 32748 2
0 1 163 1 -32742 4
0 1 164 1 32743 7
0 1 165 1 32778 14
0 1 166 1 -32770 -18
0 1 167 1 -32785 -4
0 1 168 1 32763 20
0 1 169 1 32748 22
0 1 170 1 -32770 -7
0 1 171 1 -32771 -34
0 1 172 1 -32750 1
0 1 173 1 -32764 -13
0 1 174 1 32778 6
0 1 175 1 32732 29
0 1 176 1 -32761 -15
0 1 177 1 32738 17
0 1 178 1 32736 16
0 1 179 1 -32764 -11
0 1 180 1 -32768 -3
0 1 181 1 -32798 14
0 1 182 1 -32764 -30
0 1 183 1 -32735 -13
0 1 184 1 32733 -10
0 1 185 1 -32756 -27
0 1 186 1 32790 -18
0 1 187 1 32751 29
0 1 188 1 -32771 -17
0 1 189 1 -32761 -5
0 1 190 1 -32770 3
0 1 191 1 32747 51
0 1 192 1 -32747 -37
0 1 193 1 32774 26
0 1 194 1 -32785 -42
0 1 195 1 32760 20
0 1 196 1 32767 32
0 1 197 1 32805 -4
0 1 198 1 -32790 -28
0 1 199 1 -32787 9
0 1 200 1 -32769 -1
0 1 201 1 32747 25
0 1 202 1 32773 27
0 1 203 1 -32774 -37
0 1 204 1 32741 25
0 1 205 1 -32755 6
0 1 206 1 -32724 9
0 1 207 1 32749 -1
0 1 208 1 -32780 -18
0 1 209 1 -32735 8
0 1 210 1 32769 -14
0 1 211 1 -32784 -25
0 1 212 1 -32755 -47
0 1 213 1 32773 22
0 1 214 1 32755 3
0 1 215 1 -32746 5
0 1 216 1 -32763 1
0 1 217 1 32790 14
0 1 218 1 -32745 20
0 1 219 1 32775 37
0 1 220 1 -32751 -2
0 1 221 1 32788 -25
0 1 222 1 32798 37
0 1 223 1 32751 -22
0 1 224 1 -32810 5
0 1 225 1 32772 57
0 1 226 1 -32785 9
0 1 227 1 -32771 -27
0 1 228 1 -32735 -29
0 1 229 1 -32703 2
0 1 230 1 -32777 -50
0 1 231 1 -32765 -35
0 1 232 1 -32770 -38
0 1 233 1 -32783 -22
0 1 234 1 32763 38
0 1 235 1 -32811 11
0 1 236 1 32767 35
0 1 237 1 32768 49
0 1 238 1 -32769 18
0 1 239 1 32757 -9
0 1 240 1 -32800 -13
0 1 241 1 32764 23
0 1 242 1 -32766 -12
0 1 243 1 32734 -9
0 1 244 1 32750 6
0 1 245 1 -32787 -14
0 1 246 1 32761 2
0 1 247 1 32789 38
0 1 248 1 -32776 2
0 1 249 1 32742 14
0 1 250 1 32784 -13
0 1 251 1 -32783 -7
0 1 252 1 -32771 -57
0 1 253 1 -32785 -26
0 1 254 1 32794 37
0 1 255 1 32782 14
0 2 0 1 -446 61
0 2 1 1 32744 -27
0 2 2 1 32781 12
0 2 3 1 32797 23
0 2 4 1 -32775 5
0 2 5 1 -32776 -29
0 2 6 1 32779 12
0 2 7 1 -32729 -7
0 2 8 1 -32763 9
0 2 9 1 -32742 19
0 2 10 1 -32762 -2
0 2 11 1 32764 -10
0 2 12 1 32763 -8
0 2 13 1 32727 -2
0 2 14 1 -32789 -11
0 2 15 1 -32752 -30
0 2 16 1 32781 5
0 2 17 1 -32749 -1
0 2 18 1 32759 66
0 2 19 1 32754 18
0 2 20 1 32789 -2
0 2 21 1 -32759 13
0 2 22 1 -32774 -27
0 2 23 1 -32761 5
0 2 24 1 -32763 -18
0 2 25 1 32782 28
0 2 26 1 32764 -9
0 2 27 1 -32753 21
0 2 28 1 32764 23
0 2 29 1 -32758 -8
0 2 30 1 -32756 -10
0 2 31 1 32777 21
0 2 32 1 -32775 -23
0 2 33 1 32764 18
0 2 34 1 -32752 0
0 2 35 1 -32774 -25
0 2 36 1 -32783 18
0 2 37 1 32768 -28
0 2 38 1 32772 66
0 2 39 1 -32775 -24
0 2 40 1 32755 8
0 2 41 1 -32760 0
0 2 42 1 32795 0
0 2 43 1 -32766 -23
0 2 44 1 32775 -11
0 2 45 1 32746 -2
0 2 46 1 -32770 5
0 2 47 1 32773 0
0 2 48 1 -32770 22
0 2 49 1 -32734 -11
0 2 50 1 -32763 11
0 2 51 1 -32796 0
0 2 52 1 -32759 21
0 2 53 1 32761 -17
0 2 54 1 32782 27
0 2 55 1 -32755 -49
0 2 56 1 32776 1
0 2 57 1 -32748 0
0 2 58 1 -32771 -10
0 2 59 1 -32755 -1
0 2 60 1 -32765 -33
0 2 61 1 -32757 -5
0 2 62 1 32768 16
0 2 63 1 -32736 -11
0 2 64 1 -32782 10
0 2 65 1 32758 21
0 2 66 1 32776 13
0 2 67 1 32806 -28
0 2 68 1 32762 12
0 2 69 1 32788 0
0 2 70 1 -32768 -45
0 2 71 1 -32765 -12
0 2 72 1 32743 -13
0 2 73 1 32805 19
0 2 74 1 -32738 2
0 2 75 1 32756 3
0 2 76 1 -32786 4
0 2 77 1 32777 53
0 2 78 1 32748 9
0 2 79 1 32768 36
0 2 80 1 -32786 -2
0 2 81 1 32755 -9
0 2 82 1 -32801 -18
0 2 83 1 32779 -2
0 2 84 1 32773 4
0 2 85 1 -32783 -1
0 2 86 1 -32760 -53
0 2 87 1 -32771 -28
0 2 88 1 -32778 -21
0 2 89 1 -32767 -21
0 2 90 1 -32774 -10
0 2 91 1 -32739 -44
0 2 92 1 -32792 -12
0 2 93 1 -32799 -7
0 2 94 1 32776 20
0 2 95 1 32783 -11
0 2 96 1 32735 14
0 2 97 1 32742 3
0 2 98 1 -32803 -14
0 2 99 1 32764 33
0 2 100 1 32778 26
0 2 101 1 -32733 14
0 2 102 1 32784 46
0 2 103 1 32765 -19
0 2 104 1 -32775 -17
0 2 105 1 -32739 7
0 2 106 1 -32755 -4
0 2 107 1 -32724 6
0 2 108 1 32704 -18
0 2 109 1 -32772 -3
0 2 110 1 32790 45
0 2 111 1 32775 4
0 2 112 1 -32755 -22
0 2 113 1 29 -14
0 2 114 1 11 13
0 2 115 1 0 17
0 2 116 1 7 -6
0 2 117 1 -5 7
0 2 118 1 -5 8
0 2 119 1 34 23
0 2 120 1 -37 -17
0 2 121 1 0 -31
0 2 122 1 13 12
0 2 123 1 -16 -16
0 2 124 1 7 -1
0 2 125 1 23 3
0 2 126 1 18 -7
0 2 127 1 15 -17
0 2 128 1 -4 -4
0 2 129 1 13 -3
0 2 130 1 2 2
0 2 131 1 1 20
0 2 132 1 -9 8
0 2 133 1 0 -20
0 2 134 1 18 -37
0 2 135 1 2 14
0 2 136 1 -16 22
0 2 137 1 -12 -40
0 2 138 1 4 -28
0 2 139 1 -2 -22
0 2 140 1 -12 14
0 2 141 1 21 -3
0 2 142 1 19 -19
0 2 143 1 24 -6
0 2 144 1 32769 6
0 2 145 1 -32800 -37
0 2 146 1 -32810 -10
0 2 147 1 32774 -34
0 2 148 1 32725 20
0 2 149 1 -32776 -11
0 2 150 1 -32746 -2
0 2 151 1 -32786 2
0 2 152 1 32753 2
0 2 153 1 32772 28
0 2 154 1 32752 0
0 2 155 1 32776 8
0 2 156 1 -32768 -9
0 2 157 1 32767 17
0 2 158 1 32766 26
0 2 159 1 32770 6
0 2 160 1 -32798 -60
0 2 161 1 -32760 -23
0 2 162 1 32746 45
0 2 163 1 32746 11
0 2 164 1 -32755 -3
0 2 165 1 -32773 -24
0 2 166 1 32758 -16
0 2 167 1 -32778 -46
0 2 168 1 -32731 -12
0 2 169 1 32778 -19
0 2 170 1 -32785 -9
0 2 171 1 -32736 18
0 2 172 1 32756 -21
0 2 173 1 -32753 -19
0 2 174 1 -32728 -24
0 2 175 1 32769 -1
0 2 176 1 -32709 -19
0 2 177 1 32777 0
0 2 178 1 -32754 5
0 2 179 1 32761 3
0 2 180 1 -32786 -4
0 2 181 1 -32755 -9
0 2 182 1 -32788 22
0 2 183 1 -32754 -7
0 2 184 1 32765 -9
0 2 185 1 -32739 -3
0 2 186 1 -32796 17
0 2 187 1 32782 -24
0 2 188 1 -32782 -3
0 2 189 1 -32788 0
0 2 190 1 32767 -10
0 2 191 1 32770 28
0 2 192 1 -32808 -47
0 2 193 1 32755 -20
0 2 194 1 -32762 31
0 2 195 1 32738 0
0 2 196 1 32761 15
0 2 197 1 -32753 -11
0 2 198 1 32766 -2
0 2 199 1 -32752 0
0 2 200 1 32790 -32
0 2 201 1 32755 22
0 2 202 1 -32789 -13
0 2 203 1 32770 23
0 2 204 1 -32792 -32
0 2 205 1 32772 -15
0 2 206 1 32761 50
0 2 207 1 -32746 18
0 2 208 1 -32788 3
0 2 209 1 32771 -13
0 2 210 1 -32725 -4
0 2 211 1 32765 10
0 2 212 1 -32759 -5
0 2 213 1 -32780 -4
0 2 214 1 32775 -3
0 2 215 1 32804 24
0 2 216 1 32769 20
0 2 217 1 32746 6
0 2 218 1 -32751 -24
0 2 219 1 32759 3
0 2 220 1 -32792 -12
0 2 221 1 32793 0
0 2 222 1 32765 22
0 2 223 1 32743 29
0 2 224 1 -32785 25
0 2 225 1 32795 19
0 2 226 1 32745 34
0 2 227 1 32763 36
0 2 228 1 -32750 15
0 2 229 1 -32740 2
0 2 230 1 32772 -5
0 2 231 1 32770 21
0 2 232 1 -32753 -36
0 2 233 1 32773 -6
0 2 234 1 32774 26
0 2 235 1 -32737 -12
0 2 236 1 32766 -13
0 2 237 1 32759 15
0 2 238 1 -32751 -34
0 2 239 1 -32775 -20
0 2 240 1 32787 31
0 2 241 1 -32757 4
0 2 242 1 -32722 3
0 2 243 1 32762 33
0 2 244 1 32766 1
0 2 245 1 32801 21
0 2 246 1 32764 36
0 2 247 1 32787 48
0 2 248 1 -32749 -13
0 2 249 1 32771 44
0 2 250 1 32747 20
0 2 251 1 32765 -22
0 2 252 1 -32788 8
0 2 253 1 -32768 -11
0 2 254 1 -32783 -7
0 2 255 1 32781 -14
0 3 0 2 -486 87
0 3 1 2 32741 3
0 3 2 2 -10379 10375
0 3 3 2 -31104 10338
0 3 4 2 10349 31084
0 3 5 2 31080 10390
0 3 6 2 31072 10371
0 3 7 2 -31075 -10386
0 3 8 2 31117 -10362
0 3 9 2 -31046 -31090
0 3 10 2 10384 -31058
0 3 11 2 31088 31084
0 3 12 2 31076 10361
0 3 13 2 -31090 31070
0 3 14 2 31107 -10354
0 3 15 2 -31081 31098
0 3 16 2 -31070 10343
0 3 17 2 -31078 -10402
0 3 18 2 -31048 -31100
0 3 19 2 10385 -31087
0 3 20 2 31105 -10376
0 3 21 2 31083 31089
0 3 22 2 10377 -31064
0 3 23 2 10385 -31055
0 3 24 2 10389 -10322
0 3 25 2 -10383 10385
0 3 26 2 -31054 -10370
0 3 27 2 -10382 10351
0 3 28 2 -31075 10372
0 3 29 2 -10355 -10325
0 3 30 2 10360 -31105
0 3 31 2 10359 31103
0 3 32 2 10402 -31094
0 3 33 2 32768 -2
0 3 34 2 31104 -10332
0 3 35 2 31116 -31102
0 3 36 2 31031 31097
0 3 37 2 31139 -31068
0 3 38 2 31037 31106
0 3 39 2 -31065 -10336
0 3 40 2 -10380 31077
0 3 41 2 31084 31055
0 3 42 2 10368 31108
0 3 43 2 -31073 -31117
0 3 44 2 31041 10384
0 3 45 2 -31094 10356
0 3 46 2 -10376 -10369
0 3 47 2 31086 -10355
0 3 48 2 31042 10320
0 3 49 2 31082 10377
0 3 50 2 -31068 -31090
0 3 51 2 10345 -31096
0 3 52 2 31101 -10381
0 3 53 2 10378 31100
0 3 54 2 31060 10358
0 3 55 2 10367 -10372
0 3 56 2 -10366 -10360
0 3 57 2 10358 -31091
0 3 58 2 -10378 -31080
0 3 59 2 -31092 10358
0 3 60 2 31104 -10374
0 3 61 2 -10364 31083
0 3 62 2 10394 -31092
0 3 63 2 31078 10383
0 3 64 2 31110 -10339
0 3 65 2 32756 10
0 3 66 2 10371 -31113
0 3 67 2 -10350 -31054
0 3 68 2 10378 10338
0 3 69 2 31087 -31069
0 3 70 2 31106 -31113
0 3 71 2 -10360 -10376
0 3 72 2 -31082 -31092
0 3 73 2 31109 -10348
0 3 74 2 -31071 -31125
0 3 75 2 -10367 -10343
0 3 76 2 -10344 -31080
0 3 77 2 31073 10359
0 3 78 2 31064 31112
0 3 79 2 -10351 10348
0 3 80 2 -31084 -10344
0 3 81 2 10347 -31073
0 3 82 2 31093 10401
0 3 83 2 -31071 -31086
0 3 84 2 10361 31083
0 3 85 2 10372 -10347
0 3 86 2 -31085 31090
0 3 87 2 31096 10375
0 3 88 2 -31085 -31088
0 3 89 2 -31078 10354
0 3 90 2 -31101 -31069
0 3 91 2 -10370 -31128
0 3 92 2 10366 10366
0 3 93 2 10344 31088
0 3 94 2 -31049 10339
0 3 95 2 -31122 31065
0 3 96 2 -31065 -31076
0 3 97 2 32772 16
0 3 98 2 10387 -10365
0 3 99 2 31112 10382
0 3 100 2 31092 -10337
0 3 101 2 31060 10360
0 3 102 2 -31116 10375
0 3 103 2 -31094 -31121
0 3 104 2 -31093 10372
0 3 105 2 -31110 10345
0 3 106 2 -31073 -31122
0 3 107 2 -31118 10344
0 3 108 2 -31101 -10369
0 3 109 2 10393 10362
0 3 110 2 10382 -10374
0 3 111 2 -31084 -10364
0 3 112 2 -10395 10349
0 3 113 2 27 -8
0 3 114 2 7 21
0 3 115 2 -34 -7
0 3 116 2 29 12
0 3 117 2 2 15
0 3 118 2 -5 -27
0 3 119 2 7 -7
0 3 120 2 -28 -8
0 3 121 2 6 16
0 3 122 2 9 33
0 3 123 2 15 4
0 3 124 2 0 18
0 3 125 2 0 -19
0 3 126 2 15 20
0 3 127 2 -6 -13
0 3 128 2 -36 -6
0 3 129 2 11 20
0 3 130 2 29 -9
0 3 131 2 12 -12
0 3 132 2 -28 29
0 3 133 2 -23 -3
0 3 134 2 12 -7
0 3 135 2 29 -5
0 3 136 2 -3 28
0 3 137 2 14 30
0 3 138 2 -10 2
0 3 139 2 -7 -6
0 3 140 2 -17 -14
0 3 141 2 14 -13
0 3 142 2 0 -18
0 3 143 2 -8 4
0 3 144 2 10325 10406
0 3 145 2 -10346 10341
0 3 146 2 -31082 -10390
0 3 147 2 31127 -10357
0 3 148 2 10383 -10390
0 3 149 2 -31074 -10393
0 3 150 2 31092 31126
0 3 151 2 10326 10356
0 3 152 2 -31090 31079
0 3 153 2 10325 10382
0 3 154 2 31083 31084
0 3 155 2 -31065 31057
0 3 156 2 10363 10356
0 3 157 2 10346 10367
0 3 158 2 -10370 10366
0 3 159 2 32774 3
0 3 160 2 10371 -31061
0 3 161 2 -31089 10330
0 3 162 2 -31103 31076
0 3 163 2 10343 31073
0 3 164 2 -31096 -10352
0 3 165 2 31094 31092
0 3 166 2 -31069 -31119
0 3 167 2 -10387 31089
0 3 168 2 -10321 -10359
0 3 169 2 -10361 -10338
0 3 170 2 31116 31081
0 3 171 2 31084 31121
0 3 172 2 31084 31107
0 3 173 2 31067 -31069
0 3 174 2 -10350 -31094
0 3 175 2 10330 31080
0 3 176 2 -31100 -10385
0 3 177 2 10339 10355
0 3 178 2 31113 -31078
0 3 179 2 10368 10328
0 3 180 2 -10354 -31077
0 3 181 2 31069 -31077
0 3 182 2 31100 10360
0 3 183 2 -31065 10358
0 3 184 2 10369 10353
0 3 185 2 -10370 -10366
0 3 186 2 31075 31062
0 3 187 2 31083 -31054
0 3 188 2 -31069 -31099
0 3 189 2 -31090 10359
0 3 190 2 -31106 31079
0 3 191 2 32785 -22
0 3 192 2 10356 31055
0 3 193 2 -10339 10347
0 3 194 2 31103 -31087
0 3 195 2 10389 -31118
0 3 196 2 -31081 10351
0 3 197 2 31061 10372
0 3 198 2 10342 -31051
0 3 199 2 31097 -10362
0 3 200 2 31098 10347
0 3 201 2 10358 -31063
0 3 202 2 -31123 10366
0 3 203 2 10379 -10315
0 3 204 2 -10351 -10346
0 3 205 2 31067 -31066
0 3 206 2 31035 31099
0 3 207 2 31080 -31094
0 3 208 2 10361 31106
0 3 209 2 -10353 -31090
0 3 210 2 -10362 -31117
0 3 211 2 -10360 10382
0 3 212 2 -10393 -10341
0 3 213 2 -10325 -10347
0 3 214 2 -31083 10342
0 3 215 2 -31069 -10360
0 3 216 2 10360 31087
0 3 217 2 -10328 -31077
0 3 218 2 -31079 -10367
0 3 219 2 10344 10402
0 3 220 2 10362 -10343
0 3 221 2 31064 31109
0 3 222 2 -31100 10355
0 3 223 2 32777 16
0 3 224 2 31115 -31107
0 3 225 2 -10347 -31066
0 3 226 2 10354 -31062
0 3 227 2 -31095 31071
0 3 228 2 -31085 -31101
0 3 229 2 10380 -31065
0 3 230 2 -31100 -10363
0 3 231 2 31064 10402
0 3 232 2 31113 -31084
0 3 233 2 10356 -31093
0 3 234 2 -31097 -31073
0 3 235 2 10345 10368
0 3 236 2 31092 31081
0 3 237 2 -10356 10383
0 3 238 2 -10345 -31082
0 3 239 2 -31087 31095
0 3 240 2 31081 31123
0 3 241 2 -31062 -31119
0 3 242 2 -10342 -31070
0 3 243 2 31107 -31067
0 3 244 2 -31073 -31108
0 3 245 2 -10376 -10349
0 3 246 2 31079 10414
0 3 247 2 31051 31051
0 3 248 2 10364 31083
0 3 249 2 -31125 31092
0 3 250 2 10381 -31079
0 3 251 2 31091 -10325
0 3 252 2 31099 -31091
0 3 253 2 10351 31071
0 3 254 2 -31042 -31056
0 3 255 2 32790 13
0 4 0 2 -471 85
0 4 1 2 32775 3
0 4 2 2 -31074 10360
0 4 3 2 10345 -10386
0 4 4 2 31099 -10400
0 4 5 2 10327 -10321
0 4 6 2 10357 10364
0 4 7 2 31071 10361
0 4 8 2 31120 -31046
0 4 9 2 31050 10383
0 4 10 2 -31094 -31094
0 4 11 2 10351 10363
0 4 12 2 -10377 -10382
0 4 13 2 10339 31090
0 4 14 2 -10381 -31084
0 4 15 2 31082 -10374
0 4 16 2 31133 -31081
0 4 17 2 31111 -10349
0 4 18 2 31077 31073
0 4 19 2 -10357 10371
0 4 20 2 -31114 31079
0 4 21 2 31081 10395
0 4 22 2 -31078 -10399
0 4 23 2 31051 10332
0 4 24 2 -31097 10325
0 4 25 2 31089 10369
0 4 26 2 31061 10368
0 4 27 2 -10391 -10349
0 4 28 2 31083 10414
0 4 29 2 10359 31065
0 4 30 2 -31064 10346
0 4 31 2 31113 -31072
0 4 32 2 31073 31126
0 4 33 2 32795 -9
0 4 34 2 -10368 31073
0 4 35 2 10343 -10355
0 4 36 2 31110 -31045
0 4 37 2 -10375 10356
0 4 38 2 10384 10360
0 4 39 2 10362 31098
0 4 40 2 -10394 -10398
0 4 41 2 -10326 -31079
0 4 42 2 -10390 -10324
0 4 43 2 31039 31104
0 4 44 2 -31079 10368
0 4 45 2 10358 31057
0 4 46 2 10360 -10348
0 4 47 2 10373 -31087
0 4 48 2 10394 -10339
0 4 49 2 -10363 -31079
0 4 50 2 31115 -31034
0 4 51 2 10326 31082
0 4 52 2 -31126 -10355
0 4 53 2 -31071 -10343
0 4 54 2 10386 -10347
0 4 55 2 -31083 10360
0 4 56 2 31097 -10365
0 4 57 2 10384 -10349
0 4 58 2 10333 -31123
0 4 59 2 -31077 10379
0 4 60 2 -31099 31063
0 4 61 2 -10360 -10368
0 4 62 2 -10365 31071
0 4 63 2 -10316 -31073
0 4 64 2 10355 -31081
0 4 65 2 32776 17
0 4 66 2 31116 -31077
0 4 67 2 -10370 -31099
0 4 68 2 10371 31109
0 4 69 2 -10380 -31086
0 4 70 2 -10347 -31052
0 4 71 2 -10344 -10355
0 4 72 2 -31065 -31101
0 4 73 2 31048 -10363
0 4 74 2 10373 -10322
0 4 75 2 31065 31069
0 4 76 2 -10349 -31056
0 4 77 2 -31058 -10332
0 4 78 2 31080 10358
0 4 79 2 -10345 10369
0 4 80 2 31096 -31094
0 4 81 2 -31089 -31113
0 4 82 2 31098 -31074
0 4 83 2 -10366 31107
0 4 84 2 -10401 31092
0 4 85 2 31072 -10319
0 4 86 2 -31094 -10391
0 4 87 2 31089 -10351
0 4 88 2 -31064 -10341
0 4 89 2 -31074 10380
0 4 90 2 -31076 -10363
0 4 91 2 10347 31112
0 4 92 2 -10347 -10354
0 4 93 2 -31069 -10347
0 4 94 2 -31084 31062
0 4 95 2 31069 31072
0 4 96 2 31112 -10365
0 4 97 2 32767 -21
0 4 98 2 10323 10389
0 4 99 2 -10379 -31097
0 4 100 2 31072 10392
0 4 101 2 -10364 -31089
0 4 102 2 31069 31067
0 4 103 2 -31103 -31095
0 4 104 2 10375 -31052
0 4 105 2 -10374 -31088
0 4 106 2 -10352 31098
0 4 107 2 31080 -31081
0 4 108 2 -10358 31117
0 4 109 2 -10351 10359
0 4 110 2 -31093 -10353
0 4 111 2 -10347 31088
0 4 112 2 -31083 10377
0 4 113 2 34 4
0 4 114 2 1 -7
0 4 115 2 3 1
0 4 116 2 11 14
0 4 117 2 -3 18
0 4 118 2 21 -32
0 4 119 2 18 -23
0 4 120 2 4 14
0 4 121 2 -3 -13
0 4 122 2 -15 29
0 4 123 2 20 32
0 4 124 2 25 29
0 4 125 2 1 -4
0 4 126 2 24 18
0 4 127 2 15 -25
0 4 128 2 17 -10
0 4 129 2 2 -24
0 4 130 2 -9 -10
0 4 131 2 14 -14
0 4 132 2 -7 -9
0 4 133 2 -32 4
0 4 134 2 -5 0
0 4 135 2 24 -2
0 4 136 2 -11 0
0 4 137 2 3 -5
0 4 138 2 -12 -12
0 4 139 2 -25 -32
0 4 140 2 -57 38
0 4 141 2 7 -36
0 4 142 2 14 3
0 4 143 2 -31 7
0 4 144 2 -31067 31060
0 4 145 2 10364 -31081
0 4 146 2 -31093 10308
0 4 147 2 10359 -10361
0 4 148 2 -31087 -31088
0 4 149 2 31066 -10364
0 4 150 2 -10349 -31084
0 4 151 2 31066 10362
0 4 152 2 -31095 31102
0 4 153 2 -31063 -10388
0 4 154 2 10367 -31071
0 4 155 2 -10355 31064
0 4 156 2 -31119 31091
0 4 157 2 31107 10361
0 4 158 2 -31082 -10358
0 4 159 2 32787 17
0 4 160 2 10358 10373
0 4 161 2 10340 31077
0 4 162 2 -31072 -10386
0 4 163 2 31047 -10351
0 4 164 2 -31125 -10327
0 4 165 2 31101 10383
0 4 166 2 10372 -31058
0 4 167 2 -10352 10356
0 4 168 2 10432 -31075
0 4 169 2 -31102 -10372
0 4 170 2 -10358 -31065
0 4 171 2 10370 -31072
0 4 172 2 10379 -10349
0 4 173 2 10335 -10362
0 4 174 2 -10364 -10360
0 4 175 2 10383 -31073
0 4 176 2 -10324 -31070
0 4 177 2 -31113 31089
0 4 178 2 31101 10357
0 4 179 2 10350 -10382
0 4 180 2 31093 -31059
0 4 181 2 31064 -10358
0 4 182 2 -31070 -31051
0 4 183 2 -31071 -10383
0 4 184 2 -31116 10352
0 4 185 2 10314 31088
0 4 186 2 -31093 10347
0 4 187 2 -31068 -31100
0 4 188 2 -10378 10324
0 4 189 2 -10356 -10372
0 4 190 2 -31092 -10377
0 4 191 2 32728 28
0 4 192 2 10359 -10361
0 4 193 2 -31076 -10366
0 4 194 2 10349 -10386
0 4 195 2 31098 -31091
0 4 196 2 10341 10342
0 4 197 2 10365 -10377
0 4 198 2 31089 -10362
0 4 199 2 10333 -10337
0 4 200 2 10373 -10359
0 4 201 2 -31114 -31084
0 4 202 2 -31090 -10393
0 4 203 2 -10370 10350
0 4 204 2 -10395 31083
0 4 205 2 10373 -10335
0 4 206 2 -10380 -31117
0 4 207 2 -31094 31096
0 4 208 2 31085 31070
0 4 209 2 10385 -10349
0 4 210 2 31052 31113
0 4 211 2 -10364 31082
0 4 212 2 -10399 31133
0 4 213 2 -31093 10334
0 4 214 2 31039 31100
0 4 215 2 31047 -10355
0 4 216 2 -10374 -10355
0 4 217 2 31088 -31038
0 4 218 2 10405 -10336
0 4 219 2 -31095 -31090
0 4 220 2 31112 10388
0 4 221 2 -10354 -31075
0 4 222 2 -10360 -10396
0 4 223 2 32738 18
0 4 224 2 -31084 10369
0 4 225 2 -10363 31077
0 4 226 2 -10378 10361
0 4 227 2 10359 -10365
0 4 228 2 -10332 31056
0 4 229 2 -31069 -31078
0 4 230 2 31088 -31080
0 4 231 2 -10335 31082
0 4 232 2 -10342 10353
0 4 233 2 -31071 -31114
0 4 234 2 -31089 10322
0 4 235 2 31126 -31072
0 4 236 2 -31068 -10389
0 4 237 2 -31090 10360
0 4 238 2 10351 -31093
0 4 239 2 10378 -10345
0 4 240 2 31077 10395
0 4 241 2 10354 -31088
0 4 242 2 -10402 -10336
0 4 243 2 31104 -31093
0 4 244 2 10334 31073
0 4 245 2 10344 10356
0 4 246 2 -10363 -31054
0 4 247 2 -31074 -10370
0 4 248 2 31078 10395
0 4 249 2 -31102 31086
0 4 250 2 31100 -31100
0 4 251 2 31074 -31074
0 4 252 2 31117 10357
0 4 253 2 10339 10396
0 4 254 2 10354 -10348
0 4 255 2 32746 1
0 5 0 2 -477 106
0 5 1 2 32776 21
0 5 2 2 -31062 31076
0 5 3 2 -10372 10365
0 5 4 2 31082 -31053
0 5 5 2 -10351 10382
0 5 6 2 -31062 -10380
0 5 7 2 -10366 -10373
0 5 8 2 31102 -10349
0 5 9 2 -31085 31053
0 5 10 2 10377 -10403
0 5 11 2 10347 10396
0 5 12 2 10371 31071
0 5 13 2 -10359 31068
0 5 14 2 -10325 10390
0 5 15 2 31085 -10315
0 5 16 2 -10344 -10367
0 5 17 2 31093 31104
0 5 18 2 31065 -10368
0 5 19 2 -31068 -10364
0 5 20 2 -31114 31098
0 5 21 2 31078 -31055
0 5 22 2 31100 -10352
0 5 23 2 -10355 10369
0 5 24 2 -10332 -31071
0 5 25 2 -31058 -31103
0 5 26 2 31092 -31039
0 5 27 2 10381 10377
0 5 28 2 -31091 -31094
0 5 29 2 10364 10357
0 5 30 2 10326 31080
0 5 31 2 -31062 -10391
0 5 32 2 -10332 -10370
0 5 33 2 32767 -1
0 5 34 2 -31050 -31130
0 5 35 2 10349 -31104
0 5 36 2 10350 31108
0 5 37 2 -10350 -10344
0 5 38 2 -10355 -10345
0 5 39 2 31065 10376
0 5 40 2 -31092 -31077
0 5 41 2 10388 -31095
0 5 42 2 -31083 10323
0 5 43 2 -31044 31088
0 5 44 2 -10368 -31077
0 5 45 2 31075 -10339
0 5 46 2 -31041 -31094
0 5 47 2 -31069 -10378
0 5 48 2 -10361 -31067
0 5 49 2 10382 10384
0 5 50 2 10355 10347
0 5 51 2 -31102 -10398
0 5 52 2 10348 10391
0 5 53 2 10365 10359
0 5 54 2 10370 31104
0 5 55 2 -10365 10379
0 5 56 2 31109 10386
0 5 57 2 31067 -10355
0 5 58 2 -31095 10327
0 5 59 2 31075 31039
0 5 60 2 10373 -10356
0 5 61 2 -31062 -10366
0 5 62 2 31078 10335
0 5 63 2 -31110 31096
0 5 64 2 10328 -10385
0 5 65 2 32767 43
0 5 66 2 31060 10359
0 5 67 2 -10332 -31092
0 5 68 2 10337 10350
0 5 69 2 -10363 31084
0 5 70 2 10388 10393
0 5 71 2 -10382 31057
0 5 72 2 -10346 -31087
0 5 73 2 31058 -10410
0 5 74 2 31090 -10345
0 5 75 2 -31108 -31110
0 5 76 2 10360 10380
0 5 77 2 -10371 -10373
0 5 78 2 -10322 -31089
0 5 79 2 -10367 31061
0 5 80 2 -10365 -10356
0 5 81 2 -10348 -31094
0 5 82 2 -10364 10363
0 5 83 2 -10385 10360
0 5 84 2 -10334 -10368
0 5 85 2 10401 -31098
0 5 86 2 31094 10388
0 5 87 2 -10328 -31091
0 5 88 2 -10376 31090
0 5 89 2 31096 -10334
0 5 90 2 31098 -31058
0 5 91 2 10364 -10356
0 5 92 2 -31074 -31079
0 5 93 2 -31112 -31090
0 5 94 2 10376 31076
0 5 95 2 31105 -31053
0 5 96 2 31066 31111
0 5 97 2 32766 86
0 5 98 2 -31110 31086
0 5 99 2 -31082 31076
0 5 100 2 31091 10373
0 5 101 2 31107 -10367
0 5 102 2 31088 10365
0 5 103 2 -10356 10403
0 5 104 2 10371 -10392
0 5 105 2 -10369 10361
0 5 106 2 10315 10373
0 5 107 2 -10340 -10354
0 5 108 2 -10362 -10349
0 5 109 2 10370 31111
0 5 110 2 -10370 10365
0 5 111 2 10347 31096
0 5 112 2 -31086 10373
0 5 113 2 17 4
0 5 114 2 -14 -10
0 5 115 2 10 -33
0 5 116 2 -16 15
0 5 117 2 23 -52
0 5 118 2 6 -13
0 5 119 2 -30 7
0 5 120 2 16 3
0 5 121 2 1 -8
0 5 122 2 -15 4
0 5 123 2 5 -4
0 5 124 2 21 46
0 5 125 2 7 37
0 5 126 2 29 -11
0 5 127 2 -32 41
0 5 128 2 -13 7
0 5 129 2 6 6
0 5 130 2 -9 -5
0 5 131 2 -11 10
0 5 132 2 -21 12
0 5 133 2 -1 -4
0 5 134 2 -21 -18
0 5 135 2 23 -7
0 5 136 2 -13 14
0 5 137 2 -8 25
0 5 138 2 1 -7
0 5 139 2 8 -33
0 5 140 2 10 1
0 5 141 2 -5 4
0 5 142 2 -52 -8
0 5 143 2 -10 11
0 5 144 2 10348 -31067
0 5 145 2 31108 10387
0 5 146 2 31128 -31049
0 5 147 2 -31095 -10392
0 5 148 2 -31083 -10361
0 5 149 2 -31103 -10335
0 5 150 2 10391 -10387
0 5 151 2 -10373 -10365
0 5 152 2 10343 10363
0 5 153 2 -10375 -31049
0 5 154 2 -31075 -31076
0 5 155 2 -10328 -31131
0 5 156 2 -31110 10339
0 5 157 2 -31069 -10387
0 5 158 2 -10378 -10378
0 5 159 2 32738 3
0 5 160 2 -31051 31078
0 5 161 2 31037 10364
0 5 162 2 31056 31078
0 5 163 2 -31080 -10400
0 5 164 2 31062 31097
0 5 165 2 -10394 31092
0 5 166 2 10419 -31071
0 5 167 2 -31071 -31094
0 5 168 2 31112 -31053
0 5 169 2 -31095 31066
0 5 170 2 -10405 31080
0 5 171 2 10320 31080
0 5 172 2 10400 -31083
0 5 173 2 -31108 31068
0 5 174 2 -10386 -10342
0 5 175 2 -10354 31053
0 5 176 2 31055 31101
0 5 177 2 -31086 -10395
0 5 178 2 31078 -10340
0 5 179 2 10358 -10358
0 5 180 2 -10366 -31075
0 5 181 2 31071 31106
0 5 182 2 -31094 -10406
0 5 183 2 31087 31054
0 5 184 2 -10344 -31088
0 5 185 2 10347 -10362
0 5 186 2 10384 -10345
0 5 187 2 -10376 10354
0 5 188 2 10310 10378
0 5 189 2 10366 10366
0 5 190 2 10399 -31089
0 5 191 2 32776 12
0 5 192 2 10370 10355
0 5 193 2 10356 -10365
0 5 194 2 -10310 -31072
0 5 195 2 -10380 10333
0 5 196 2 -31077 10322
0 5 197 2 -10357 -31078
0 5 198 2 -10360 10346
0 5 199 2 10360 -31097
0 5 200 2 31081 -10331
0 5 201 2 -31080 31105
0 5 202 2 -31063 10328
0 5 203 2 10338 10351
0 5 204 2 10356 -10371
0 5 205 2 -10373 10336
0 5 206 2 -10328 -31076
0 5 207 2 -10350 10354
0 5 208 2 31093 10383
0 5 209 2 -31079 10361
0 5 210 2 31095 -31055
0 5 211 2 31076 31107
0 5 212 2 31104 -31074
0 5 213 2 -10359 10347
0 5 214 2 -31085 31039
0 5 215 2 -31102 31083
0 5 216 2 -10375 -31087
0 5 217 2 31090 31098
0 5 218 2 -10353 -31082
0 5 219 2 31094 10354
0 5 220 2 10402 -10363
0 5 221 2 -31081 -10391
0 5 222 2 10386 -31107
0 5 223 2 32786 8
0 5 224 2 -10362 -31063
0 5 225 2 -10349 -10353
0 5 226 2 10392 -31071
0 5 227 2 -31099 31033
0 5 228 2 10376 31093
0 5 229 2 -31090 10379
0 5 230 2 -31081 31063
0 5 231 2 -10368 31034
0 5 232 2 10336 31116
0 5 233 2 10371 -31044
0 5 234 2 -31096 10344
0 5 235 2 -31096 10377
0 5 236 2 -10336 -31082
0 5 237 2 -31059 -10342
0 5 238 2 10368 10361
0 5 239 2 -10367 -31044
0 5 240 2 -10363 -31103
0 5 241 2 10398 -31067
0 5 242 2 10375 10376
0 5 243 2 -31084 31073
0 5 244 2 31075 -10360
0 5 245 2 -10367 -10334
0 5 246 2 31062 -10329
0 5 247 2 10339 31090
0 5 248 2 31072 31090
0 5 249 2 -31088 -31081
0 5 250 2 10316 -10359
0 5 251 2 -10396 31075
0 5 252 2 -31078 -10382
0 5 253 2 -10387 -10378
0 5 254 2 -10330 -31080
0 5 255 2 32789 16
0 6 0 2 -448 69
0 6 1 2 32764 -15
0 6 2 2 31067 31102
0 6 3 2 -10361 10348
0 6 4 2 10359 10366
0 6 5 2 10359 31104
0 6 6 2 -10385 31068
0 6 7 2 -10391 -10381
0 6 8 2 10349 -10344
0 6 9 2 31071 10377
0 6 10 2 -10359 -10348
0 6 11 2 10361 31064
0 6 12 2 31069 31105
0 6 13 2 -10358 -10381
0 6 14 2 -10362 -31074
0 6 15 2 -31096 10329
0 6 16 2 31073 10341
0 6 17 2 31132 -31051
0 6 18 2 -31062 -10344
0 6 19 2 31073 31120
0 6 20 2 -31090 -10391
0 6 21 2 10317 10368
0 6 22 2 -10380 31082
0 6 23 2 -31102 10326
0 6 24 2 -10362 31068
0 6 25 2 -31094 -10360
0 6 26 2 -31105 31083
0 6 27 2 31095 -10337
0 6 28 2 10370 31099
0 6 29 2 10368 31066
0 6 30 2 -31080 10366
0 6 31 2 31094 -31059
0 6 32 2 -31064 -31072
0 6 33 2 32752 11
0 6 34 2 -10380 -10327
0 6 35 2 31070 31113
0 6 36 2 -10293 -31101
0 6 37 2 10362 10385
0 6 38 2 -10348 -10377
0 6 39 2 10344 -10339
0 6 40 2 10355 31074
0 6 41 2 31104 -10339
0 6 42 2 -10361 10341
0 6 43 2 -31055 10378
0 6 44 2 10335 31065
0 6 45 2 31109 -31111
0 6 46 2 -31080 -31094
0 6 47 2 -10368 31112
0 6 48 2 -10343 -10390
0 6 49 2 10355 10375
0 6 50 2 -31070 -31101
0 6 51 2 -31063 10346
0 6 52 2 10379 -10379
0 6 53 2 -31096 -10337
0 6 54 2 -10395 31097
0 6 55 2 10367 31103
0 6 56 2 -10355 -31077
0 6 57 2 31127 -31041
0 6 58 2 31106 10377
0 6 59 2 -31100 31090
0 6 60 2 -10339 -10367
0 6 61 2 10389 -31067
0 6 62 2 -10402 10355
0 6 63 2 10348 31084
0 6 64 2 -31091 31068
0 6 65 2 32742 22
0 6 66 2 10366 31093
0 6 67 2 -31068 31079
0 6 68 2 -31048 -31065
0 6 69 2 -31066 10373
0 6 70 2 31085 -31094
0 6 71 2 -10344 10353
0 6 72 2 -10324 -10333
0 6 73 2 -10377 31094
0 6 74 2 -10373 -31077
0 6 75 2 -10361 -10379
0 6 76 2 -10343 -10335
0 6 77 2 -10396 10343
0 6 78 2 -31075 -10392
0 6 79 2 10349 -10344
0 6 80 2 -31115 31055
0 6 81 2 10385 10382
0 6 82 2 -31084 -10393
0 6 83 2 -10398 -31101
0 6 84 2 10379 -10324
0 6 85 2 31097 -31094
0 6 86 2 -31079 31093
0 6 87 2 -31108 10312
0 6 88 2 31072 -10371
0 6 89 2 10375 -10352
0 6 90 2 -31077 -31084
0 6 91 2 10354 10365
0 6 92 2 -10371 -31071
0 6 93 2 31107 31091
0 6 94 2 10339 31068
0 6 95 2 10362 10362
0 6 96 2 31042 31105
0 6 97 2 32760 15
0 6 98 2 -31078 31076
0 6 99 2 -10348 -10337
0 6 100 2 31081 -31039
0 6 101 2 10389 -31118
0 6 102 2 10368 10334
0 6 103 2 31091 -31090
0 6 104 2 -31082 31055
0 6 105 2 31106 -10377
0 6 106 2 31069 31083
0 6 107 2 -31123 10370
0 6 108 2 31061 -31034
0 6 109 2 31056 31092
0 6 110 2 31079 10364
0 6 111 2 10374 -10380
0 6 112 2 10357 10343
0 6 113 2 -9 -15
0 6 114 2 35 -21
0 6 115 2 -18 19
0 6 116 2 24 2
0 6 117 2 14 30
0 6 118 2 2 6
0 6 119 2 12 -11
0 6 120 2 40 34
0 6 121 2 -1 -4
0 6 122 2 0 10
0 6 123 2 6 3
0 6 124 2 9 -6
0 6 125 2 -5 -18
0 6 126 2 -29 9
0 6 127 2 -1 0
0 6 128 2 34 33
0 6 129 2 9 7
0 6 130 2 -6 9
0 6 131 2 2 17
0 6 132 2 -15 -12
0 6 133 2 -6 -12
0 6 134 2 21 -16
0 6 135 2 -6 5
0 6 136 2 37 21
0 6 137 2 19 33
0 6 138 2 -6 -31
0 6 139 2 -11 -13
0 6 140 2 3 36
0 6 141 2 -13 22
0 6 142 2 -17 9
0 6 143 2 10 22
0 6 144 2 -10305 -31065
0 6 145 2 -31057 -31077
0 6 146 2 -10378 10356
0 6 147 2 10332 31105
0 6 148 2 31071 -10346
0 6 149 2 -10358 10367
0 6 150 2 -10378 31081
0 6 151 2 -10342 -31079
0 6 152 2 31073 31128
0 6 153 2 31057 -10352
0 6 154 2 -31062 10355
0 6 155 2 -31094 10317
0 6 156 2 -31120 10369
0 6 157 2 -10331 31060
0 6 158 2 -31107 10353
0 6 159 2 32744 -4
0 6 160 2 -31049 -31085
0 6 161 2 -31078 -10341
0 6 162 2 31043 31072
0 6 163 2 10374 31088
0 6 164 2 31113 10395
0 6 165 2 -31069 -31109
0 6 166 2 10348 -10350
0 6 167 2 31102 -31073
0 6 168 2 -10360 31074
0 6 169 2 31128 10362
0 6 170 2 -31123 -10360
0 6 171 2 31085 -31047
0 6 172 2 -10391 31068
0 6 173 2 31082 31101
0 6 174 2 10360 31128
0 6 175 2 -31093 10385
0 6 176 2 31109 31077
0 6 177 2 10369 -10357
0 6 178 2 -10362 10349
0 6 179 2 -10317 -31086
0 6 180 2 -10356 -31109
0 6 181 2 31084 10372
0 6 182 2 10379 31096
0 6 183 2 -10369 -10374
0 6 184 2 -10380 -10358
0 6 185 2 10388 -31051
0 6 186 2 31083 -10329
0 6 187 2 -10356 31083
0 6 188 2 10375 -10321
0 6 189 2 -31132 31052
0 6 190 2 31108 -10375
0 6 191 2 32763 -5
0 6 192 2 -10323 -31102
0 6 193 2 10319 31083
0 6 194 2 -10347 10364
0 6 195 2 31072 -31061
0 6 196 2 -10371 -10376
0 6 197 2 -10362 31046
0 6 198 2 31081 31093
0 6 199 2 31066 10378
0 6 200 2 31085 31084
0 6 201 2 -31092 10355
0 6 202 2 10371 -10341
0 6 203 2 -10383 -10386
0 6 204 2 31083 -10368
0 6 205 2 10329 31037
0 6 206 2 31075 10378
0 6 207 2 10376 31098
0 6 208 2 31032 31104
0 6 209 2 31078 10353
0 6 210 2 10322 10353
0 6 211 2 -10357 10369
0 6 212 2 -10360 10349
0 6 213 2 -10363 -31074
0 6 214 2 10356 -31076
0 6 215 2 -10384 31054
0 6 216 2 10353 10358
0 6 217 2 10363 10385
0 6 218 2 10357 10371
0 6 219 2 31112 -10328
0 6 220 2 10363 10345
0 6 221 2 -31057 31079
0 6 222 2 -31042 -31105
0 6 223 2 32768 15
0 6 224 2 31099 -31087
0 6 225 2 -31124 31069
0 6 226 2 -31104 31075
0 6 227 2 31050 10373
0 6 228 2 31096 -10369
0 6 229 2 10366 31115
0 6 230 2 10377 -10347
0 6 231 2 -31070 -10371
0 6 232 2 -10387 -31095
0 6 233 2 10380 31095
0 6 234 2 -31087 -10364
0 6 235 2 31062 31107
0 6 236 2 31048 31095
0 6 237 2 31053 31091
0 6 238 2 -31069 -10351
0 6 239 2 10356 31083
0 6 240 2 10408 -10361
0 6 241 2 -31079 31085
0 6 242 2 -10389 -10357
0 6 243 2 31111 -10357
0 6 244 2 31102 -31093
0 6 245 2 -10323 -31038
0 6 246 2 -31057 -31072
0 6 247 2 -31073 -10370
0 6 248 2 31095 31065
0 6 249 2 -10367 -10345
0 6 250 2 -10362 -10376
0 6 251 2 -10348 -31103
0 6 252 2 10333 -10344
0 6 253 2 -10362 31090
0 6 254 2 -31109 -10380
0 6 255 2 32767 -2
0 7 0 2 -466 115
0 7 1 2 32748 21
0 7 2 2 -10382 10363
0 7 3 2 10360 -31114
0 7 4 2 -31090 10358
0 7 5 2 10346 10389
0 7 6 2 -10336 10352
0 7 7 2 10345 10358
0 7 8 2 -10377 10361
0 7 9 2 -31069 -10381
0 7 10 2 31119 -31103
0 7 11 2 10374 -31085
0 7 12 2 -10338 -10354
0 7 13 2 10369 -10340
0 7 14 2 31091 31063
0 7 15 2 31055 31099
0 7 16 2 31084 31062
0 7 17 2 -31083 31056
0 7 18 2 -10365 31097
0 7 19 2 10348 31083
0 7 20 2 -10345 10348
0 7 21 2 -10366 -31084
0 7 22 2 10362 -10365
0 7 23 2 10333 10381
0 7 24 2 -10355 -10425
0 7 25 2 10352 10387
0 7 26 2 31093 31106
0 7 27 2 -31077 -10341
0 7 28 2 10366 -31072
0 7 29 2 -10388 -10351
0 7 30 2 10358 31080
0 7 31 2 31098 10355
0 7 32 2 31119 -31069
0 7 33 2 32772 34
0 7 34 2 31121 -31067
0 7 35 2 -31066 -31088
0 7 36 2 31086 10345
0 7 37 2 10324 31079
0 7 38 2 -31073 10373
0 7 39 2 -10366 31108
0 7 40 2 31107 -31048
0 7 41 2 31089 -10347
0 7 42 2 -31109 10325
0 7 43 2 31051 10364
0 7 44 2 31086 -31068
0 7 45 2 31070 31091
0 7 46 2 -10354 31100
0 7 47 2 31068 -31060
0 7 48 2 10353 10339
0 7 49 2 10373 10371
0 7 50 2 31130 -10340
0 7 51 2 10361 10356
0 7 52 2 -31069 31098
0 7 53 2 31079 -10375
0 7 54 2 10378 31049
0 7 55 2 10357 31084
0 7 56 2 31109 10338
0 7 57 2 31098 -10391
0 7 58 2 -10370 10372
0 7 59 2 -10352 10384
0 7 60 2 31077 10396
0 7 61 2 31095 -31086
0 7 62 2 -10353 31074
0 7 63 2 -31080 -31067
0 7 64 2 10356 31101
0 7 65 2 32750 22
0 7 66 2 -31094 31088
0 7 67 2 -31101 -10390
0 7 68 2 -31086 -31085
0 7 69 2 10376 10373
0 7 70 2 -10371 -31071
0 7 71 2 10340 31074
0 7 72 2 10364 10380
0 7 73 2 -10373 10333
0 7 74 2 -10396 10320
0 7 75 2 31116 -10334
0 7 76 2 -31105 -31135
0 7 77 2 -10351 -10386
0 7 78 2 31113 -31065
0 7 79 2 -10365 -31106
0 7 80 2 -10402 31087
0 7 81 2 10349 -31046
0 7 82 2 -31095 10361
0 7 83 2 -10346 -31097
0 7 84 2 -31089 -31098
0 7 85 2 10372 10358
0 7 86 2 31095 10384
0 7 87 2 31088 10386
0 7 88 2 10374 10362
0 7 89 2 -10393 31081
0 7 90 2 -31083 -31104
0 7 91 2 -10385 31046
0 7 92 2 10343 10358
0 7 93 2 -10356 10387
0 7 94 2 31117 -31065
0 7 95 2 -10399 -10339
0 7 96 2 -10337 -31086
0 7 97 2 32772 9
0 7 98 2 -10340 10357
0 7 99 2 -10350 10380
0 7 100 2 -10383 31054
0 7 101 2 -31062 10341
0 7 102 2 -10344 -31084
0 7 103 2 -31072 10351
0 7 104 2 10373 -31083
0 7 105 2 -10355 31098
0 7 106 2 -31073 -31092
0 7 107 2 31077 31105
0 7 108 2 -10351 10367
0 7 109 2 -31067 -31098
0 7 110 2 10346 -10354
0 7 111 2 10312 31075
0 7 112 2 31093 -10302
0 7 113 2 12 4
0 7 114 2 23 -12
0 7 115 2 -14 -12
0 7 116 2 -20 0
0 7 117 2 11 -14
0 7 118 2 25 -7
0 7 119 2 -4 0
0 7 120 2 7 -25
0 7 121 2 -43 7
0 7 122 2 -47 -1
0 7 123 2 -1 -6
0 7 124 2 6 -11
0 7 125 2 5 17
0 7 126 2 9 -16
0 7 127 2 17 -3
0 7 128 2 43 -14
0 7 129 2 -22 -21
0 7 130 2 3 -5
0 7 131 2 0 20
0 7 132 2 24 27
0 7 133 2 -23 -20
0 7 134 2 20 24
0 7 135 2 2 -9
0 7 136 2 -3 -8
0 7 137 2 2 21
0 7 138 2 27 -17
0 7 139 2 -10 14
0 7 140 2 -23 20
0 7 141 2 0 -8
0 7 142 2 0 -22
0 7 143 2 7 16
0 7 144 2 -10356 -31080
0 7 145 2 -31089 10355
0 7 146 2 10345 10384
0 7 147 2 31073 10375
0 7 148 2 -31071 31097
0 7 149 2 -10349 -31084
0 7 150 2 -31050 -31107
0 7 151 2 10382 -31084
0 7 152 2 -10347 31072
0 7 153 2 31035 -10347
0 7 154 2 10341 10379
0 7 155 2 31089 -10342
0 7 156 2 -10347 -31086
0 7 157 2 -10376 -10362
0 7 158 2 -10358 -10392
0 7 159 2 32743 -34
0 7 160 2 31052 10347
0 7 161 2 -31088 10348
0 7 162 2 -31105 -10357
0 7 163 2 10356 31097
0 7 164 2 -31074 10339
0 7 165 2 -10357 -31087
0 7 166 2 31074 10349
0 7 167 2 -10365 -10347
0 7 168 2 31088 -31067
0 7 169 2 10352 10368
0 7 170 2 10346 31111
0 7 171 2 -31066 10319
0 7 172 2 -31080 -31096
0 7 173 2 10368 31091
0 7 174 2 -31104 10321
0 7 175 2 -10377 10346
0 7 176 2 10366 10361
0 7 177 2 -31053 -10379
0 7 178 2 -31107 -10325
0 7 179 2 31112 10363
0 7 180 2 -31065 -31112
0 7 181 2 -10346 -31087
0 7 182 2 31105 -10372
0 7 183 2 -10346 -10370
0 7 184 2 -31047 -10364
0 7 185 2 31053 31075
0 7 186 2 10345 31080
0 7 187 2 10335 31081
0 7 188 2 -10361 -31086
0 7 189 2 -10351 -10380
0 7 190 2 -10355 -10375
0 7 191 2 32790 15
0 7 192 2 -31114 31075
0 7 193 2 31104 -10367
0 7 194 2 -31090 -31087
0 7 195 2 -31084 -31084
0 7 196 2 10369 -10349
0 7 197 2 31083 31064
0 7 198 2 31091 31129
0 7 199 2 10360 -10360
0 7 200 2 -31076 10357
0 7 201 2 10350 -10358
0 7 202 2 -31074 10372
0 7 203 2 31073 31067
0 7 204 2 10371 10335
0 7 205 2 -31070 -10373
0 7 206 2 31042 31099
0 7 207 2 10374 10346
0 7 208 2 10354 31082
0 7 209 2 -31078 -31093
0 7 210 2 10367 -31079
0 7 211 2 31093 -10355
0 7 212 2 -31063 -31060
0 7 213 2 10385 -31086
0 7 214 2 -10340 -31060
0 7 215 2 10355 -31082
0 7 216 2 31075 10348
0 7 217 2 -10351 -10362
0 7 218 2 -10315 -31125
0 7 219 2 31118 10377
0 7 220 2 -31067 10367
0 7 221 2 -31075 -10378
0 7 222 2 10354 31054
0 7 223 2 32737 46
0 7 224 2 31073 10356
0 7 225 2 10352 31089
0 7 226 2 -31029 -31079
0 7 227 2 10356 -31099
0 7 228 2 -10399 31090
0 7 229 2 -10359 10346
0 7 230 2 -10378 -31051
0 7 231 2 10389 10364
0 7 232 2 -10340 31060
0 7 233 2 -10344 10367
0 7 234 2 -31083 10359
0 7 235 2 10387 -31092
0 7 236 2 10388 -10354
0 7 237 2 -10354 31090
0 7 238 2 10350 -31054
0 7 239 2 10333 -10363
0 7 240 2 -10398 31073
0 7 241 2 -10342 -10344
0 7 242 2 31088 10399
0 7 243 2 -10363 10357
0 7 244 2 -31096 -31102
0 7 245 2 -10332 31091
0 7 246 2 31066 -10319
0 7 247 2 31082 31108
0 7 248 2 31103 31085
0 7 249 2 31096 10362
0 7 250 2 -31089 -10353
0 7 251 2 31107 10391
0 7 252 2 31132 -31058
0 7 253 2 31122 -31090
0 7 254 2 31039 -10342
0 7 255 2 32755 38
0 8 0 2 -464 71
0 8 1 2 32758 33
0 8 2 2 10331 31083
0 8 3 2 -10353 31093
0 8 4 2 -31111 -31102
0 8 5 2 10354 -10378
0 8 6 2 10371 -10314
0 8 7 2 31073 -10396
0 8 8 2 -31053 -10401
0 8 9 2 -10350 -31119
0 8 10 2 31077 10336
0 8 11 2 31103 -31099
0 8 12 2 -10344 -31104
0 8 13 2 10353 -10339
0 8 14 2 10375 10377
0 8 15 2 10358 -10345
0 8 16 2 -10356 -10330
0 8 17 2 31072 10412
0 8 18 2 -10344 10353
0 8 19 2 10386 -10334
0 8 20 2 10349 -31102
0 8 21 2 -31086 31043
0 8 22 2 10380 -10377
0 8 23 2 -31088 31100
0 8 24 2 31053 31065
0 8 25 2 31116 10339
0 8 26 2 10356 -10376
0 8 27 2 10353 -31071
0 8 28 2 -31015 -31110
0 8 29 2 31117 -31090
0 8 30 2 31067 10412
0 8 31 2 -10375 -31065
0 8 32 2 31072 10360
0 8 33 2 32774 -14
0 8 34 2 -31077 10344
0 8 35 2 -10331 -31106
0 8 36 2 -31086 10379
0 8 37 2 31041 -10373
0 8 38 2 31095 31092
0 8 39 2 10378 10375
0 8 40 2 31085 10339
0 8 41 2 -31072 -31065
0 8 42 2 -31073 -31071
0 8 43 2 31101 -31112
0 8 44 2 -31086 10342
0 8 45 2 -10367 10342
0 8 46 2 -10374 10383
0 8 47 2 31074 10378
0 8 48 2 -31053 -31090
0 8 49 2 10363 -10353
0 8 50 2 10334 31063
0 8 51 2 -31078 31060
0 8 52 2 -10325 -10361
0 8 53 2 -10367 -10349
0 8 54 2 10360 31085
0 8 55 2 31089 10357
0 8 56 2 10360 -10372
0 8 57 2 31063 -10361
0 8 58 2 -10341 -10366
0 8 59 2 31084 10374
0 8 60 2 -31107 -10384
0 8 61 2 10327 10368
0 8 62 2 -10362 10340
0 8 63 2 -10377 31103
0 8 64 2 31071 -31058
0 8 65 2 32762 15
0 8 66 2 -10362 -31112
0 8 67 2 31114 -31043
0 8 68 2 -31066 -31106
0 8 69 2 31087 -31047
0 8 70 2 10382 10378
0 8 71 2 -10353 -10347
0 8 72 2 -10382 10396
0 8 73 2 31086 31117
0 8 74 2 31086 10384
0 8 75 2 10348 -31084
0 8 76 2 -31093 -10358
0 8 77 2 31072 10344
0 8 78 2 10359 31073
0 8 79 2 -10370 31047
0 8 80 2 -10332 -31075
0 8 81 2 31084 -31037
0 8 82 2 31120 -31049
0 8 83 2 -31096 31076
0 8 84 2 31122 -31064
0 8 85 2 31049 31121
0 8 86 2 -31114 -10374
0 8 87 2 31086 -31103
0 8 88 2 -10356 10364
0 8 89 2 31079 31121
0 8 90 2 31082 -31049
0 8 91 2 -10396 10347
0 8 92 2 -31077 -31087
0 8 93 2 -10370 -10359
0 8 94 2 10373 -31098
0 8 95 2 -31082 31076
0 8 96 2 -31093 -31072
0 8 97 2 32796 1
0 8 98 2 -10318 -31067
0 8 99 2 10363 -31073
0 8 100 2 10372 -10363
0 8 101 2 -31055 -31100
0 8 102 2 10363 -10365
0 8 103 2 -10406 31062
0 8 104 2 -10346 -10386
0 8 105 2 10380 -10362
0 8 106 2 -31110 31083
0 8 107 2 10376 -10374
0 8 108 2 -31062 -10388
0 8 109 2 -10376 31061
0 8 110 2 10352 31098
0 8 111 2 31078 -10339
0 8 112 2 -10393 31088
0 8 113 2 -24 14
0 8 114 2 -18 -4
0 8 115 2 26 6
0 8 116 2 -2 8
0 8 117 2 3 2
0 8 118 2 18 -2
0 8 119 2 8 -16
0 8 120 2 -17 -3
0 8 121 2 11 1
0 8 122 2 -12 6
0 8 123 2 -5 -13
0 8 124 2 14 8
0 8 125 2 -2 33
0 8 126 2 18 26
0 8 127 2 32 -23
0 8 128 2 20 -31
0 8 129 2 5 8
0 8 130 2 6 -7
0 8 131 2 8 5
0 8 132 2 32 -28
0 8 133 2 52 -38
0 8 134 2 13 -20
0 8 135 2 -19 -18
0 8 136 2 2 18
0 8 137 2 -19 -23
0 8 138 2 -43 -6
0 8 139 2 -11 38
0 8 140 2 -17 -22
0 8 141 2 20 9
0 8 142 2 14 31
0 8 143 2 5 9
0 8 144 2 -10368 31081
0 8 145 2 31103 -31055
0 8 146 2 -10352 10362
0 8 147 2 -10356 -31097
0 8 148 2 10353 -31086
0 8 149 2 31117 10388
0 8 150 2 10353 31086
0 8 151 2 10351 10383
0 8 152 2 -31075 -31099
0 8 153 2 -10346 -31076
0 8 154 2 -10336 -10382
0 8 155 2 31033 31088
0 8 156 2 -10346 31093
0 8 157 2 -31090 10334
0 8 158 2 31065 -31089
0 8 159 2 32756 -5
0 8 160 2 -31094 31089
0 8 161 2 31063 31108
0 8 162 2 31099 10402
0 8 163 2 -31057 -31096
0 8 164 2 31113 -31088
0 8 165 2 10367 31090
0 8 166 2 -31095 -10398
0 8 167 2 -10349 -31104
0 8 168 2 -10347 31069
0 8 169 2 -31076 -10377
0 8 170 2 31113 -10343
0 8 171 2 31085 -31068
0 8 172 2 31106 -31063
0 8 173 2 -31103 10349
0 8 174 2 -31051 -31098
0 8 175 2 -10360 31098
0 8 176 2 10384 -31081
0 8 177 2 31126 -31098
0 8 178 2 31076 10370
0 8 179 2 -31118 10367
0 8 180 2 -31073 31064
0 8 181 2 10349 31130
0 8 182 2 -31119 31064
0 8 183 2 -31094 10360
0 8 184 2 10394 10384
0 8 185 2 31098 10338
0 8 186 2 -10361 -10366
0 8 187 2 31068 -10323
0 8 188 2 -31070 -31107
0 8 189 2 -31050 10387
0 8 190 2 31090 10355
0 8 191 2 32761 -23
0 8 192 2 -10363 -10378
0 8 193 2 -10370 10342
0 8 194 2 -31075 10359
0 8 195 2 31046 -31106
0 8 196 2 -10354 31072
0 8 197 2 -10358 31089
0 8 198 2 -31121 31069
0 8 199 2 31082 -31100
0 8 200 2 31123 -31081
0 8 201 2 31075 31076
0 8 202 2 10375 -10362
0 8 203 2 -10388 10355
0 8 204 2 10348 31106
0 8 205 2 31089 31090
0 8 206 2 10364 -10352
0 8 207 2 31099 -10363
0 8 208 2 10365 -31123
0 8 209 2 -10354 31117
0 8 210 2 -31067 -10378
0 8 211 2 31089 10375
0 8 212 2 10359 10364
0 8 213 2 -31076 31049
0 8 214 2 -31092 10339
0 8 215 2 31070 -10346
0 8 216 2 -10378 31066
0 8 217 2 31087 31091
0 8 218 2 10331 -31128
0 8 219 2 -31087 10340
0 8 220 2 -10350 -31101
0 8 221 2 -31069 10321
0 8 222 2 10376 -31091
0 8 223 2 32753 7
0 8 224 2 10411 31106
0 8 225 2 10352 31060
0 8 226 2 31069 31066
0 8 227 2 31129 -31082
0 8 228 2 10371 -31074
0 8 229 2 31133 -31127
0 8 230 2 -10373 -10348
0 8 231 2 31085 -31064
0 8 232 2 -31105 10334
0 8 233 2 -31084 10387
0 8 234 2 10369 10359
0 8 235 2 -31079 31085
0 8 236 2 31082 10341
0 8 237 2 -31114 31085
0 8 238 2 -10375 -10386
0 8 239 2 -31081 -10337
0 8 240 2 31107 -10356
0 8 241 2 10357 -31080
0 8 242 2 -31061 -31105
0 8 243 2 -10326 -10384
0 8 244 2 10338 10353
0 8 245 2 31098 31101
0 8 246 2 10323 10366
0 8 247 2 31070 10381
0 8 248 2 -10364 -10366
0 8 249 2 -10318 10369
0 8 250 2 31071 31099
0 8 251 2 -10395 31098
0 8 252 2 10354 31076
0 8 253 2 10359 -10381
0 8 254 2 -10368 31118
0 8 255 2 32753 -5
0 9 0 2 -496 142
0 9 1 2 32725 7
0 9 2 2 -10352 -10355
0 9 3 2 10404 -31085
0 9 4 2 -10349 -31094
0 9 5 2 -10394 31062
0 9 6 2 -31070 31075
0 9 7 2 10373 -10338
0 9 8 2 -31108 -31101
0 9 9 2 10368 -10385
0 9 10 2 -10375 10347
0 9 11 2 -31091 -31100
0 9 12 2 10348 -10381
0 9 13 2 31106 -10354
0 9 14 2 -10329 -31088
0 9 15 2 -10365 -10370
0 9 16 2 -31088 10352
0 9 17 2 31060 -31091
0 9 18 2 10354 10368
0 9 19 2 -10348 -10391
0 9 20 2 31093 31045
0 9 21 2 -31106 31085
0 9 22 2 31084 -31051
0 9 23 2 -31106 10366
0 9 24 2 31069 31054
0 9 25 2 10353 31097
0 9 26 2 -31133 31066
0 9 27 2 31077 -31072
0 9 28 2 31117 -31063
0 9 29 2 -10358 -10342
0 9 30 2 10403 -10367
0 9 31 2 -31107 -31104
0 9 32 2 31074 10360
0 9 33 2 32767 -4
0 9 34 2 -31067 31088
0 9 35 2 31060 31089
0 9 36 2 -10350 -31091
0 9 37 2 10407 -10369
0 9 38 2 -10378 -10390
0 9 39 2 -31053 -10368
0 9 40 2 31121 -10350
0 9 41 2 -31074 10349
0 9 42 2 31082 -10349
0 9 43 2 -10304 10360
0 9 44 2 31063 -31078
0 9 45 2 -31136 31073
0 9 46 2 31058 10357
0 9 47 2 -10422 10346
0 9 48 2 31105 -10354
0 9 49 2 -10390 -31078
0 9 50 2 -31106 31051
0 9 51 2 -10377 -31083
0 9 52 2 -10391 10354
0 9 53 2 -31033 -31101
0 9 54 2 -10393 31085
0 9 55 2 31081 10365
0 9 56 2 -31072 -31087
0 9 57 2 10344 -10352
0 9 58 2 -10384 31076
0 9 59 2 31060 -10327
0 9 60 2 10352 31118
0 9 61 2 -31083 10331
0 9 62 2 10411 -31100
0 9 63 2 31046 31076
0 9 64 2 -31055 -31105
0 9 65 2 32741 21
0 9 66 2 31070 10388
0 9 67 2 31092 -31060
0 9 68 2 -31040 31096
0 9 69 2 -10362 10348
0 9 70 2 -10389 -10393
0 9 71 2 -31108 31028
0 9 72 2 -10371 31096
0 9 73 2 -31133 31040
0 9 74 2 31095 -10354
0 9 75 2 10356 -10374
0 9 76 2 -31052 -31077
0 9 77 2 -10351 -10410
0 9 78 2 -31092 -10372
0 9 79 2 -31105 31101
0 9 80 2 31096 31064
0 9 81 2 10327 10381
0 9 82 2 -10380 31081
0 9 83 2 -31115 10387
0 9 84 2 10341 -10342
0 9 85 2 -10354 -10333
0 9 86 2 -10367 10351
0 9 87 2 10327 31086
0 9 88 2 -31089 -10361
0 9 89 2 -10419 31073
0 9 90 2 10363 -31058
0 9 91 2 31074 31068
0 9 92 2 -31086 -31091
0 9 93 2 31091 10373
0 9 94 2 -31086 -31098
0 9 95 2 -31093 31067
0 9 96 2 -10376 31051
0 9 97 2 32754 -30
0 9 98 2 -31090 31097
0 9 99 2 10398 -10366
0 9 100 2 -31075 -31116
0 9 101 2 10337 -31092
0 9 102 2 -31085 -10397
0 9 103 2 31081 10356
0 9 104 2 10382 10349
0 9 105 2 -31076 -10397
0 9 106 2 31105 -31083
0 9 107 2 -10373 -31071
0 9 108 2 -10390 31078
0 9 109 2 -31103 31128
0 9 110 2 10368 31083
0 9 111 2 -10383 -10353
0 9 112 2 -10381 31052
0 9 113 2 20 3
0 9 114 2 -20 -29
0 9 115 2 -19 -13
0 9 116 2 -21 9
0 9 117 2 37 4
0 9 118 2 19 1
0 9 119 2 -13 0
0 9 120 2 10 8
0 9 121 2 19 26
0 9 122 2 -1 -9
0 9 123 2 0 5
0 9 124 2 -27 1
0 9 125 2 0 -15
0 9 126 2 -1 18
0 9 127 2 -20 -34
0 9 128 2 -10 -5
0 9 129 2 30 -21
0 9 130 2 -20 -31
0 9 131 2 -16 18
0 9 132 2 18 25
0 9 133 2 1 12
0 9 134 2 -21 2
0 9 135 2 -9 1
0 9 136 2 -19 -6
0 9 137 2 15 -14
0 9 138 2 -1 30
0 9 139 2 -13 1
0 9 140 2 9 -40
0 9 141 2 -10 -2
0 9 142 2 6 -26
0 9 143 2 -8 -3
0 9 144 2 10343 -10330
0 9 145 2 31053 10390
0 9 146 2 -31092 31079
0 9 147 2 10333 -10336
0 9 148 2 10370 10388
0 9 149 2 10372 -10350
0 9 150 2 -31113 31071
0 9 151 2 -31094 10362
0 9 152 2 -31073 -31095
0 9 153 2 31089 10346
0 9 154 2 -10333 -10348
0 9 155 2 10369 -10368
0 9 156 2 10364 10374
0 9 157 2 10357 -31112
0 9 158 2 10362 10333
0 9 159 2 32782 6
0 9 160 2 31069 -10398
0 9 161 2 -31027 -31073
0 9 162 2 10349 -10403
0 9 163 2 10376 10355
0 9 164 2 -10393 31092
0 9 165 2 -31113 31039
0 9 166 2 -10368 31072
0 9 167 2 -31087 -10348
0 9 168 2 10344 -31104
0 9 169 2 10350 10334
0 9 170 2 10378 -31047
0 9 171 2 31103 -10346
0 9 172 2 -10370 -31096
0 9 173 2 -10330 10357
0 9 174 2 -31082 31076
0 9 175 2 -31058 10371
0 9 176 2 -10370 31085
0 9 177 2 -31086 10355
0 9 178 2 10324 -31074
0 9 179 2 31076 31106
0 9 180 2 -10389 10364
0 9 181 2 10369 -10346
0 9 182 2 -31128 31051
0 9 183 2 31049 31078
0 9 184 2 31091 -31060
0 9 185 2 10352 31096
0 9 186 2 -10383 -10370
0 9 187 2 -31054 -31085
0 9 188 2 -10339 10349
0 9 189 2 10392 -31084
0 9 190 2 -31074 10363
0 9 191 2 32758 12
0 9 192 2 31121 -31103
0 9 193 2 -10348 10348
0 9 194 2 10381 -10364
0 9 195 2 -10360 10344
0 9 196 2 10383 31110
0 9 197 2 -10384 10350
0 9 198 2 10355 -10359
0 9 199 2 -10379 31088
0 9 200 2 31055 -10330
0 9 201 2 -31117 31092
0 9 202 2 -31090 -31088
0 9 203 2 10349 10362
0 9 204 2 10362 31097
0 9 205 2 10351 10349
0 9 206 2 -31075 -31124
0 9 207 2 31110 31112
0 9 208 2 31068 31141
0 9 209 2 -31049 10369
0 9 210 2 31111 -31129
0 9 211 2 10376 -31080
0 9 212 2 -10368 31084
0 9 213 2 -31022 -31121
0 9 214 2 31083 10358
0 9 215 2 -31097 -10377
0 9 216 2 -31095 -10361
0 9 217 2 31069 -31099
0 9 218 2 -31073 31101
0 9 219 2 -10340 31071
0 9 220 2 10366 31069
0 9 221 2 -10382 -31067
0 9 222 2 10351 31075
0 9 223 2 32784 32
0 9 224 2 10376 -31053
0 9 225 2 -31062 31058
0 9 226 2 31104 -10365
0 9 227 2 31075 -31080
0 9 228 2 31108 10385
0 9 229 2 31096 -10350
0 9 230 2 10344 -31100
0 9 231 2 -10388 31071
0 9 232 2 31075 -31103
0 9 233 2 10348 -10360
0 9 234 2 -31045 -31079
0 9 235 2 31087 31082
0 9 236 2 -31121 31079
0 9 237 2 -10389 31061
0 9 238 2 10357 10381
0 9 239 2 -10360 10370
0 9 240 2 -31077 -10363
0 9 241 2 -31077 10303
0 9 242 2 -31087 -10339
0 9 243 2 -10377 31076
0 9 244 2 31062 31101
0 9 245 2 10353 10346
0 9 246 2 10386 -10374
0 9 247 2 10337 -10337
0 9 248 2 -31089 -31104
0 9 249 2 10384 -10359
0 9 250 2 -10362 10367
0 9 251 2 -31085 31061
0 9 252 2 -31070 10331
0 9 253 2 -31103 -10401
0 9 254 2 10377 -31097
0 9 255 2 32754 11
0 10 0 2 -492 94
0 10 1 2 32767 5
0 10 2 2 -10373 -10377
0 10 3 2 10372 -31088
0 10 4 2 -10363 10345
0 10 5 2 -31075 -31121
0 10 6 2 -10389 31106
0 10 7 2 31083 -10339
0 10 8 2 -31088 31072
0 10 9 2 31048 31105
0 10 10 2 10393 -10358
0 10 11 2 10353 -10352
0 10 12 2 -10357 -10335
0 10 13 2 31072 10365
0 10 14 2 31084 -10341
0 10 15 2 -10367 31099
0 10 16 2 10361 -31070
0 10 17 2 -10372 -31079
0 10 18 2 10365 -31102
0 10 19 2 31048 10362
0 10 20 2 -10340 -31098
0 10 21 2 -31092 31105
0 10 22 2 31092 31110
0 10 23 2 10391 -10338
0 10 24 2 31078 10379
0 10 25 2 31102 31135
0 10 26 2 10349 31048
0 10 27 2 -31054 -31098
0 10 28 2 -31027 -10379
0 10 29 2 10378 31070
0 10 30 2 -10364 -10366
0 10 31 2 -10351 -10345
0 10 32 2 -10364 31086
0 10 33 2 32794 9
0 10 34 2 31082 10375
0 10 35 2 -31109 31045
0 10 36 2 -10318 -10371
0 10 37 2 31098 10368
0 10 38 2 -31062 10359
0 10 39 2 10355 31114
0 10 40 2 31117 -31103
0 10 41 2 -10352 -31056
0 10 42 2 31089 31078
0 10 43 2 -10377 31093
0 10 44 2 31033 31077
0 10 45 2 -31097 -31134
0 10 46 2 -31083 10350
0 10 47 2 31081 10383
0 10 48 2 10327 10363
0 10 49 2 -31059 -31055
0 10 50 2 10336 31062
0 10 51 2 -31058 10342
0 10 52 2 -10375 10317
0 10 53 2 10394 10359
0 10 54 2 -31058 -10417
0 10 55 2 31080 -10320
0 10 56 2 10326 31124
0 10 57 2 10363 31097
0 10 58 2 -31088 -10345
0 10 59 2 31072 -10340
0 10 60 2 10335 10318
0 10 61 2 10338 31067
0 10 62 2 31091 -10340
0 10 63 2 10360 -10378
0 10 64 2 -31048 -31118
0 10 65 2 32752 7
0 10 66 2 -31101 31074
0 10 67 2 10412 10352
0 10 68 2 -10346 -10351
0 10 69 2 -10381 -31087
0 10 70 2 10366 -31070
0 10 71 2 -10381 -10366
0 10 72 2 31097 -31047
0 10 73 2 10343 -31089
0 10 74 2 31071 -31080
0 10 75 2 31058 10386
0 10 76 2 -31142 31063
0 10 77 2 -31045 -10369
0 10 78 2 10350 31085
0 10 79 2 -31059 31087
0 10 80 2 -31092 31066
0 10 81 2 -10364 -10386
0 10 82 2 10352 -10376
0 10 83 2 -31107 10373
0 10 84 2 10408 -31044
0 10 85 2 31083 31100
0 10 86 2 -10355 10359
0 10 87 2 -31072 -31089
0 10 88 2 -31100 31079
0 10 89 2 -10350 -10365
0 10 90 2 -10364 -31074
0 10 91 2 -10344 -31086
0 10 92 2 -31090 -10368
0 10 93 2 -31061 -31115
0 10 94 2 -31095 -10377
0 10 95 2 -31096 -10381
0 10 96 2 31032 31083
0 10 97 2 32735 14
0 10 98 2 -10350 -10371
0 10 99 2 31072 31077
0 10 100 2 10356 31079
0 10 101 2 -10306 -10312
0 10 102 2 -10363 10385
0 10 103 2 -31071 -10379
0 10 104 2 -31086 10370
0 10 105 2 -10371 -10368
0 10 106 2 -31079 -31087
0 10 107 2 -10355 -31064
0 10 108 2 -10345 31065
0 10 109 2 -31067 -31079
0 10 110 2 10325 10354
0 10 111 2 10361 10342
0 10 112 2 -10325 10353
0 10 113 2 19 28
0 10 114 2 8 -10
0 10 115 2 -14 12
0 10 116 2 8 39
0 10 117 2 -18 42
0 10 118 2 -19 -17
0 10 119 2 9 -9
0 10 120 2 -23 -12
0 10 121 2 -10 -5
0 10 122 2 25 -19
0 10 123 2 0 21
0 10 124 2 -10 -7
0 10 125 2 10 2
0 10 126 2 1 1
0 10 127 2 -33 -8
0 10 128 2 28 5
0 10 129 2 6 31
0 10 130 2 -2 -3
0 10 131 2 -9 19
0 10 132 2 -8 12
0 10 133 2 6 -13
0 10 134 2 -6 7
0 10 135 2 -64 1
0 10 136 2 7 2
0 10 137 2 -14 18
0 10 138 2 -7 -22
0 10 139 2 -28 19
0 10 140 2 -15 8
0 10 141 2 12 -19
0 10 142 2 -17 25
0 10 143 2 17 12
0 10 144 2 10354 -31085
0 10 145 2 31066 -31076
0 10 146 2 31077 -10343
0 10 147 2 -10368 -10348
0 10 148 2 10345 -31092
0 10 149 2 10380 -31083
0 10 150 2 31063 -10317
0 10 151 2 -31079 31104
0 10 152 2 31104 -31034
0 10 153 2 10367 10341
0 10 154 2 -10345 -31100
0 10 155 2 31056 10366
0 10 156 2 10401 -31101
0 10 157 2 10356 -31068
0 10 158 2 -31075 31081
0 10 159 2 32733 -1
0 10 160 2 -10341 -31040
0 10 161 2 10338 31114
0 10 162 2 10355 31067
0 10 163 2 -31084 -10384
0 10 164 2 10375 -31081
0 10 165 2 10365 -10360
0 10 166 2 -31092 31088
0 10 167 2 31050 -10358
0 10 168 2 -31089 10324
0 10 169 2 -31111 31050
0 10 170 2 31050 31076
0 10 171 2 31076 10397
0 10 172 2 31119 -31082
0 10 173 2 -10338 -31057
0 10 174 2 -10346 10350
0 10 175 2 10358 10410
0 10 176 2 31091 -10337
0 10 177 2 -10374 31105
0 10 178 2 -10348 -10387
0 10 179 2 -31097 31073
0 10 180 2 -31073 -31069
0 10 181 2 10342 10372
0 10 182 2 31078 -10341
0 10 183 2 -31082 -10376
0 10 184 2 10365 -10389
0 10 185 2 31077 10355
0 10 186 2 31124 10369
0 10 187 2 10371 10386
0 10 188 2 -10347 -31107
0 10 189 2 -31068 -31100
0 10 190 2 -10386 -31080
0 10 191 2 32780 26
0 10 192 2 -31092 31066
0 10 193 2 10338 10372
0 10 194 2 -10349 -31040
0 10 195 2 10356 -31108
0 10 196 2 -10369 31054
0 10 197 2 31043 10353
0 10 198 2 10372 -10343
0 10 199 2 -10359 -10362
0 10 200 2 31098 10356
0 10 201 2 10387 -31080
0 10 202 2 -10361 -31086
0 10 203 2 31114 -31057
0 10 204 2 -10329 -31101
0 10 205 2 -31114 31059
0 10 206 2 -10350 -10361
0 10 207 2 31105 -31096
0 10 208 2 -31083 -31062
0 10 209 2 31067 -10367
0 10 210 2 31091 -10393
0 10 211 2 31098 -10388
0 10 212 2 10339 10351
0 10 213 2 -10372 10349
0 10 214 2 31125 -31074
0 10 215 2 -31074 -31122
0 10 216 2 31095 -10356
0 10 217 2 10398 -31088
0 10 218 2 -10371 10339
0 10 219 2 10361 31081
0 10 220 2 10352 31079
0 10 221 2 -31060 -31107
0 10 222 2 31099 31065
0 10 223 2 32787 31
0 10 224 2 31117 31126
0 10 225 2 10380 -31107
0 10 226 2 31077 31123
0 10 227 2 -10339 10356
0 10 228 2 -10376 10376
0 10 229 2 -10374 -31110
0 10 230 2 31092 -31045
0 10 231 2 -31109 10352
0 10 232 2 -10359 -10366
0 10 233 2 31102 31076
0 10 234 2 10367 -10356
0 10 235 2 -10353 -31076
0 10 236 2 10367 10366
0 10 237 2 31078 31117
0 10 238 2 31071 -10331
0 10 239 2 -31081 -31068
0 10 240 2 31094 -10324
0 10 241 2 10386 -10368
0 10 242 2 -31087 -10374
0 10 243 2 -31061 -10378
0 10 244 2 31100 10356
0 10 245 2 -10362 31080
0 10 246 2 -31056 -31057
0 10 247 2 -10353 10364
0 10 248 2 31089 -31086
0 10 249 2 -31044 -31036
0 10 250 2 -31108 31066
0 10 251 2 -31100 31053
0 10 252 2 -31087 -31064
0 10 253 2 -31078 -10380
0 10 254 2 -10357 -10360
0 10 255 2 32781 13
0 11 0 2 -449 62
0 11 1 2 32783 51
0 11 2 2 10378 -31117
0 11 3 2 31106 -10383
0 11 4 2 31072 -31060
0 11 5 2 -31072 31053
0 11 6 2 10348 10332
0 11 7 2 -10360 -31086
0 11 8 2 10335 31097
0 11 9 2 10326 -10364
0 11 10 2 10342 -31045
0 11 11 2 10366 10369
0 11 12 2 -31083 10352
0 11 13 2 10358 10350
0 11 14 2 -31098 -31100
0 11 15 2 -31079 -31104
0 11 16 2 -10353 -31065
0 11 17 2 31094 -31033
0 11 18 2 -10374 -10351
0 11 19 2 -31108 -10390
0 11 20 2 31098 -31058
0 11 21 2 31078 31088
0 11 22 2 -10398 -10389
0 11 23 2 10365 -10359
0 11 24 2 10346 31091
0 11 25 2 -10354 10330
0 11 26 2 -10335 -31088
0 11 27 2 31068 10370
0 11 28 2 -10342 31096
0 11 29 2 10338 10409
0 11 30 2 -31089 10341
0 11 31 2 10347 10385
0 11 32 2 10358 -10369
0 11 33 2 32779 55
0 11 34 2 10334 -10376
0 11 35 2 -10359 -31080
0 11 36 2 -10372 -10329
0 11 37 2 31079 31079
0 11 38 2 -31105 10371
0 11 39 2 10327 31090
0 11 40 2 -10364 -31088
0 11 41 2 10350 31127
0 11 42 2 -31080 31071
0 11 43 2 -31093 10362
0 11 44 2 31073 10353
0 11 45 2 -31094 31059
0 11 46 2 -10357 -10374
0 11 47 2 -31088 31056
0 11 48 2 -31067 10335
0 11 49 2 -31055 -31091
0 11 50 2 -10348 -10358
0 11 51 2 10363 10363
0 11 52 2 10343 -10377
0 11 53 2 -10383 10372
0 11 54 2 -31076 -31098
0 11 55 2 10369 -31076
0 11 56 2 10384 -10336
0 11 57 2 -31067 -31097
0 11 58 2 10370 -10351
0 11 59 2 10372 -10357
0 11 60 2 31094 -10360
0 11 61 2 -31079 -10390
0 11 62 2 -31090 10376
0 11 63 2 -10371 31069
0 11 64 2 -31113 10346
0 11 65 2 32766 27
0 11 66 2 -10369 10375
0 11 67 2 -31065 -10359
0 11 68 2 -31082 31058
0 11 69 2 -31102 10358
0 11 70 2 10348 -31093
0 11 71 2 10367 31082
0 11 72 2 31074 10390
0 11 73 2 10355 -10347
0 11 74 2 -31079 10349
0 11 75 2 10353 10381
0 11 76 2 10360 10378
0 11 77 2 -31053 -31083
0 11 78 2 10332 31109
0 11 79 2 -10329 -10369
0 11 80 2 -31073 -31110
0 11 81 2 31076 31109
0 11 82 2 10369 -31122
0 11 83 2 31078 31107
0 11 84 2 -31098 10366
0 11 85 2 -10342 31095
0 11 86 2 -10417 31094
0 11 87 2 -31095 -10350
0 11 88 2 -10345 10340
0 11 89 2 -10356 -10348
0 11 90 2 -10364 31066
0 11 91 2 10359 -10329
0 11 92 2 -31081 -31097
0 11 93 2 31098 31099
0 11 94 2 31063 31102
0 11 95 2 -10387 31056
0 11 96 2 10375 31076
0 11 97 2 32724 12
0 11 98 2 -31062 -10392
0 11 99 2 31072 -10315
0 11 100 2 -10352 -31091
0 11 101 2 10392 -31079
0 11 102 2 10362 -31055
0 11 103 2 10323 -10372
0 11 104 2 -10369 10381
0 11 105 2 -10371 10356
0 11 106 2 31072 -10329
0 11 107 2 31115 -10358
0 11 108 2 31077 -31074
0 11 109 2 -31065 -10429
0 11 110 2 -10371 -31084
0 11 111 2 -10393 31053
0 11 112 2 31054 -31093
0 11 113 2 1 13
0 11 114 2 5 -19
0 11 115 2 -6 -3
0 11 116 2 5 0
0 11 117 2 -2 35
0 11 118 2 -6 16
0 11 119 2 8 -30
0 11 120 2 0 29
0 11 121 2 3 2
0 11 122 2 -25 6
0 11 123 2 -19 56
0 11 124 2 4 -37
0 11 125 2 18 -27
0 11 126 2 15 18
0 11 127 2 -21 -2
0 11 128 2 -18 27
0 11 129 2 -38 8
0 11 130 2 8 -15
0 11 131 2 -29 -2
0 11 132 2 -11 -30
0 11 133 2 31 1
0 11 134 2 -8 -16
0 11 135 2 16 -4
0 11 136 2 0 10
0 11 137 2 22 -12
0 11 138 2 2 8
0 11 139 2 -9 5
0 11 140 2 11 12
0 11 141 2 -3 28
0 11 142 2 18 10
0 11 143 2 4 17
0 11 144 2 -10371 -31108
0 11 145 2 10343 31084
0 11 146 2 10340 10358
0 11 147 2 10357 -31064
0 11 148 2 31112 -31065
0 11 149 2 -31091 10380
0 11 150 2 -31084 10389
0 11 151 2 -31091 10340
0 11 152 2 -31125 10350
0 11 153 2 -31080 -31103
0 11 154 2 31050 31082
0 11 155 2 -31094 10354
0 11 156 2 -10371 31074
0 11 157 2 31089 10372
0 11 158 2 31045 31075
0 11 159 2 32785 36
0 11 160 2 -31106 -31108
0 11 161 2 10349 10374
0 11 162 2 -10362 -31059
0 11 163 2 10366 -31066
0 11 164 2 -31086 31065
0 11 165 2 10356 -31067
0 11 166 2 -10366 10344
0 11 167 2 -31130 10314
0 11 168 2 10362 10365
0 11 169 2 -10355 31083
0 11 170 2 -10381 -10374
0 11 171 2 -31048 -10378
0 11 172 2 31094 -31092
0 11 173 2 -31065 31057
0 11 174 2 -10329 -10366
0 11 175 2 10336 -31096
0 11 176 2 10372 -10359
0 11 177 2 -31102 -10367
0 11 178 2 -10337 -10357
0 11 179 2 -31057 -31080
0 11 180 2 -31076 -31055
0 11 181 2 -31081 31069
0 11 182 2 -10362 31093
0 11 183 2 -31065 31033
0 11 184 2 -31085 31045
0 11 185 2 31103 -31078
0 11 186 2 10367 31121
0 11 187 2 10382 31083
0 11 188 2 10342 31084
0 11 189 2 10353 -10362
0 11 190 2 -31119 -10378
0 11 191 2 32769 -29
0 11 192 2 31073 -10372
0 11 193 2 -10353 31067
0 11 194 2 -31084 10356
0 11 195 2 -31093 31091
0 11 196 2 31093 31092
0 11 197 2 -31077 -31055
0 11 198 2 -10338 -10362
0 11 199 2 -10330 10376
0 11 200 2 10363 -10369
0 11 201 2 31088 -31075
0 11 202 2 10387 -31102
0 11 203 2 10374 -31102
0 11 204 2 10372 10357
0 11 205 2 31093 -10365
0 11 206 2 -31089 10352
0 11 207 2 31071 -31070
0 11 208 2 31091 31099
0 11 209 2 31092 10343
0 11 210 2 -31075 -10354
0 11 211 2 -10370 -10387
0 11 212 2 -31092 10351
0 11 213 2 -31112 -10391
0 11 214 2 10354 -31092
0 11 215 2 31068 31105
0 11 216 2 -10367 -10358
0 11 217 2 -10361 31070
0 11 218 2 31069 -31110
0 11 219 2 10329 31067
0 11 220 2 -31102 31053
0 11 221 2 31068 10384
0 11 222 2 -10361 -31101
0 11 223 2 32739 6
0 11 224 2 31104 -31078
0 11 225 2 -10399 10395
0 11 226 2 -31094 -10351
0 11 227 2 10340 31088
0 11 228 2 31073 -31093
0 11 229 2 10328 31139
0 11 230 2 -31081 31100
0 11 231 2 31092 -10346
0 11 232 2 -31090 31085
0 11 233 2 -10357 -31112
0 11 234 2 -31082 31086
0 11 235 2 10350 31082
0 11 236 2 -31085 -10350
0 11 237 2 10338 31099
0 11 238 2 -31064 -31109
0 11 239 2 10334 10335
0 11 240 2 -10387 10365
0 11 241 2 10340 10366
0 11 242 2 -10347 -31112
0 11 243 2 -31091 -10375
0 11 244 2 -31083 31099
0 11 245 2 31085 10373
0 11 246 2 31065 31093
0 11 247 2 10390 31094
0 11 248 2 -31062 -31121
0 11 249 2 31089 10369
0 11 250 2 10322 31094
0 11 251 2 31041 31106
0 11 252 2 -31115 -10388
0 11 253 2 -31055 -31121
0 11 254 2 -10337 -31072
0 11 255 2 32755 16
0 12 0 2 -477 102
0 12 1 2 32778 0
0 12 2 2 31048 10365
0 12 3 2 31097 31072
0 12 4 2 31072 -31082
0 12 5 2 -10370 31088
0 12 6 2 31083 10347
0 12 7 2 31101 31132
0 12 8 2 -31076 31047
0 12 9 2 10390 -10385
0 12 10 2 -10402 31096
0 12 11 2 31094 10323
0 12 12 2 31102 -31095
0 12 13 2 -10342 10405
0 12 14 2 10341 10344
0 12 15 2 31081 10372
0 12 16 2 31045 31108
0 12 17 2 10373 -10379
0 12 18 2 -10356 10384
0 12 19 2 10377 31101
0 12 20 2 -10336 -10372
0 12 21 2 -31097 10372
0 12 22 2 -31098 -10389
0 12 23 2 31076 -10323
0 12 24 2 -10364 -31057
0 12 25 2 -31078 10344
0 12 26 2 10368 10386
0 12 27 2 -31106 -10398
0 12 28 2 10350 10361
0 12 29 2 -10361 -10344
0 12 30 2 -10337 -10392
0 12 31 2 -10360 31043
0 12 32 2 -10379 -10374
0 12 33 2 32784 0
0 12 34 2 -31048 10349
0 12 35 2 10372 31037
0 12 36 2 -10323 -31089
0 12 37 2 -10345 -31099
0 12 38 2 -10341 -31101
0 12 39 2 -31080 -10391
0 12 40 2 10366 -31111
0 12 41 2 31064 31102
0 12 42 2 -10387 31055
0 12 43 2 -31086 31073
0 12 44 2 10353 -10327
0 12 45 2 10371 -10394
0 12 46 2 -31127 31074
0 12 47 2 -10360 -31110
0 12 48 2 31101 -31074
0 12 49 2 31083 -31055
0 12 50 2 -10355 -10396
0 12 51 2 -10349 -10375
0 12 52 2 -10368 10378
0 12 53 2 10385 -31075
0 12 54 2 -10376 31069
0 12 55 2 31074 31104
0 12 56 2 31089 10394
0 12 57 2 10375 10328
0 12 58 2 -31088 -10405
0 12 59 2 31072 31076
0 12 60 2 -10355 -31106
0 12 61 2 -10354 -10368
0 12 62 2 10340 31077
0 12 63 2 -10361 -31075
0 12 64 2 -31082 -31107
0 12 65 2 32776 26
0 12 66 2 31042 -10388
0 12 67 2 -10352 -10347
0 12 68 2 10362 -31109
0 12 69 2 -10329 -31085
0 12 70 2 -10336 31066
0 12 71 2 -31078 31072
0 12 72 2 10350 -10370
0 12 73 2 -10347 -31040
0 12 74 2 -31103 -10353
0 12 75 2 31071 -31053
0 12 76 2 10372 -10393
0 12 77 2 31073 31111
0 12 78 2 -10338 -31122
0 12 79 2 -31049 -31094
0 12 80 2 -31079 -10368
0 12 81 2 -31040 -31107
0 12 82 2 10336 31083
0 12 83 2 -10350 10358
0 12 84 2 31107 -10359
0 12 85 2 10350 10344
0 12 86 2 31083 31078
0 12 87 2 -31094 -10341
0 12 88 2 31094 10356
0 12 89 2 -10351 10352
0 12 90 2 -10367 10380
0 12 91 2 -10365 10347
0 12 92 2 31078 10360
0 12 93 2 31109 -31058
0 12 94 2 31092 -31086
0 12 95 2 -10324 -31079
0 12 96 2 10357 31064
0 12 97 2 32758 33
0 12 98 2 10370 -10351
0 12 99 2 -31044 -10381
0 12 100 2 -10379 -10376
0 12 101 2 -31081 -10352
0 12 102 2 31113 -31087
0 12 103 2 10366 -10363
0 12 104 2 10336 10364
0 12 105 2 10362 10342
0 12 106 2 10379 -31094
0 12 107 2 10360 -31043
0 12 108 2 -31102 31102
0 12 109 2 10382 -10361
0 12 110 2 -31076 31067
0 12 111 2 31102 -10353
0 12 112 2 -10307 -31107
0 12 113 2 5 2
0 12 114 2 10 7
0 12 115 2 -10 8
0 12 116 2 13 11
0 12 117 2 -12 29
0 12 118 2 0 -9
0 12 119 2 38 -18
0 12 120 2 3 12
0 12 121 2 -6 5
0 12 122 2 16 4
0 12 123 2 21 -8
0 12 124 2 1 -5
0 12 125 2 2 -12
0 12 126 2 0 15
0 12 127 2 -1 2
0 12 128 2 -13 12
0 12 129 2 17 -22
0 12 130 2 4 -13
0 12 131 2 35 24
0 12 132 2 7 -52
0 12 133 2 -12 14
0 12 134 2 -16 -7
0 12 135 2 1 -5
0 12 136 2 -22 -13
0 12 137 2 -54 12
0 12 138 2 -19 27
0 12 139 2 1 4
0 12 140 2 -4 -20
0 12 141 2 -43 20
0 12 142 2 9 -18
0 12 143 2 -2 -10
0 12 144 2 10353 10376
0 12 145 2 31093 -10370
0 12 146 2 31071 31089
0 12 147 2 10385 -10374
0 12 148 2 10330 10335
0 12 149 2 -31102 31088
0 12 150 2 31140 -31065
0 12 151 2 -31070 10360
0 12 152 2 10357 -31054
0 12 153 2 -31082 -10385
0 12 154 2 -31067 -10348
0 12 155 2 10335 10373
0 12 156 2 10356 10401
0 12 157 2 31101 31084
0 12 158 2 10359 10342
0 12 159 2 32761 32
0 12 160 2 10353 10372
0 12 161 2 10375 -31059
0 12 162 2 31076 10383
0 12 163 2 31070 10372
0 12 164 2 -10348 -10347
0 12 165 2 10389 -31096
0 12 166 2 -10378 -10360
0 12 167 2 -10395 31091
0 12 168 2 -31087 31108
0 12 169 2 31096 -31068
0 12 170 2 -31093 -31103
0 12 171 2 10346 -10370
0 12 172 2 -10355 -31059
0 12 173 2 10385 -31096
0 12 174 2 31054 31106
0 12 175 2 -10400 31072
0 12 176 2 10350 31112
0 12 177 2 10391 -31087
0 12 178 2 -10347 31089
0 12 179 2 -31124 -10369
0 12 180 2 -10363 -10350
0 12 181 2 -10390 -31114
0 12 182 2 -10375 10343
0 12 183 2 -10349 -10365
0 12 184 2 10350 31099
0 12 185 2 10359 10337
0 12 186 2 31088 -31050
0 12 187 2 10355 10366
0 12 188 2 -10334 -31082
0 12 189 2 -31095 10344
0 12 190 2 31061 31107
0 12 191 2 32737 -7
0 12 192 2 -31108 10329
0 12 193 2 10346 31037
0 12 194 2 -31081 31049
0 12 195 2 -10366 31104
0 12 196 2 -10338 31085
0 12 197 2 10354 31126
0 12 198 2 -10375 -10361
0 12 199 2 -10334 -10361
0 12 200 2 -31078 -10389
0 12 201 2 -10341 -10339
0 12 202 2 -10347 10351
0 12 203 2 -10350 -10379
0 12 204 2 -31068 -31108
0 12 205 2 31115 -31082
0 12 206 2 -10351 10365
0 12 207 2 -31094 -31100
0 12 208 2 -31098 10343
0 12 209 2 10361 -31098
0 12 210 2 -10339 -10371
0 12 211 2 10348 31097
0 12 212 2 -10364 -31088
0 12 213 2 10371 -31099
0 12 214 2 31087 -31097
0 12 215 2 -31077 10339
0 12 216 2 31102 -10378
0 12 217 2 31093 31078
0 12 218 2 31124 -31075
0 12 219 2 31078 -10347
0 12 220 2 31052 31078
0 12 221 2 10384 -10347
0 12 222 2 -10380 31095
0 12 223 2 32743 9
0 12 224 2 -10379 31089
0 12 225 2 -10376 -31106
0 12 226 2 10382 31116
0 12 227 2 31054 10387
0 12 228 2 -31034 -10396
0 12 229 2 -10351 -10355
0 12 230 2 -31102 10341
0 12 231 2 31057 -10362
0 12 232 2 -10357 10371
0 12 233 2 -10364 10333
0 12 234 2 -31081 -10384
0 12 235 2 -10368 -10384
0 12 236 2 10360 -31066
0 12 237 2 10344 31091
0 12 238 2 10355 31103
0 12 239 2 31113 10378
0 12 240 2 31083 -10358
0 12 241 2 -10356 -10377
0 12 242 2 10394 -10356
0 12 243 2 10352 -10348
0 12 244 2 31089 31118
0 12 245 2 31073 31084
0 12 246 2 -31055 -31127
0 12 247 2 31060 31096
0 12 248 2 -31065 -10364
0 12 249 2 -10347 -31078
0 12 250 2 -31076 -31120
0 12 251 2 -31108 -10392
0 12 252 2 -31104 10361
0 12 253 2 -10364 10326
0 12 254 2 -31086 -10358
0 12 255 2 32752 -8
0 13 0 2 -481 125
0 13 1 2 32766 34
0 13 2 2 -31078 31078
0 13 3 2 -10339 -31104
0 13 4 2 -10347 -31097
0 13 5 2 -10367 31058
0 13 6 2 10370 31094
0 13 7 2 -10360 -10344
0 13 8 2 31093 -10352
0 13 9 2 10342 10381
0 13 10 2 -10413 -10373
0 13 11 2 -31083 10371
0 13 12 2 -10367 -31063
0 13 13 2 -31084 -10351
0 13 14 2 10336 31052
0 13 15 2 10349 10374
0 13 16 2 31103 -31064
0 13 17 2 10357 -31074
0 13 18 2 -10336 -31060
0 13 19 2 31076 -10322
0 13 20 2 31103 -31081
0 13 21 2 31067 -10367
0 13 22 2 31037 31075
0 13 23 2 31084 -10359
0 13 24 2 31091 -10324
0 13 25 2 31076 -31044
0 13 26 2 -10357 -31133
0 13 27 2 31079 -31032
0 13 28 2 -10361 10370
0 13 29 2 -31083 -10382
0 13 30 2 -31068 10367
0 13 31 2 -10344 10363
0 13 32 2 31106 -31112
0 13 33 2 32778 -4
0 13 34 2 10380 -10376
0 13 35 2 10357 31133
0 13 36 2 10319 -10358
0 13 37 2 10374 10364
0 13 38 2 -10345 10369
0 13 39 2 31068 -31076
0 13 40 2 -10341 31077
0 13 41 2 -10351 -10379
0 13 42 2 31070 31077
0 13 43 2 31082 31076
0 13 44 2 10333 -31067
0 13 45 2 31086 -31072
0 13 46 2 -31080 -31118
0 13 47 2 31069 31113
0 13 48 2 10337 -10369
0 13 49 2 -31086 31073
0 13 50 2 -10355 31083
0 13 51 2 31143 -31080
0 13 52 2 31099 10394
0 13 53 2 31094 -10359
0 13 54 2 -31091 -10383
0 13 55 2 10351 10349
0 13 56 2 -10357 31046
0 13 57 2 31064 31120
0 13 58 2 31088 -31106
0 13 59 2 -10357 -10366
0 13 60 2 10380 31087
0 13 61 2 -31089 -10387
0 13 62 2 -10314 -10380
0 13 63 2 -31067 31051
0 13 64 2 10344 31116
0 13 65 2 32756 20
0 13 66 2 -10372 31089
0 13 67 2 -31103 10394
0 13 68 2 -31102 10328
0 13 69 2 31091 31107
0 13 70 2 31057 -31071
0 13 71 2 31101 10367
0 13 72 2 -31095 -10389
0 13 73 2 10366 -10329
0 13 74 2 -10357 31044
0 13 75 2 -31098 31114
0 13 76 2 10353 31092
0 13 77 2 -31030 -10377
0 13 78 2 31100 31074
0 13 79 2 31105 -31073
0 13 80 2 31086 -10362
0 13 81 2 -10359 -31093
0 13 82 2 -10356 31087
0 13 83 2 -31078 -31125
0 13 84 2 31110 -10342
0 13 85 2 10324 31089
0 13 86 2 -31070 10348
0 13 87 2 -31093 -31071
0 13 88 2 31069 10399
0 13 89 2 -31089 -10362
0 13 90 2 -31095 -31125
0 13 91 2 -10344 -31093
0 13 92 2 -31073 -10367
0 13 93 2 -10351 -10356
0 13 94 2 -10347 -10355
0 13 95 2 10365 -31082
0 13 96 2 -31111 -10389
0 13 97 2 32789 -15
0 13 98 2 -31108 10320
0 13 99 2 -31061 31049
0 13 100 2 31062 -31051
0 13 101 2 31078 10364
0 13 102 2 31109 -10365
0 13 103 2 -31072 -10392
0 13 104 2 31094 -31101
0 13 105 2 10369 31084
0 13 106 2 -10374 -31101
0 13 107 2 10358 31076
0 13 108 2 -31108 -10374
0 13 109 2 -31086 31090
0 13 110 2 -31096 31084
0 13 111 2 -31102 -10368
0 13 112 2 10378 10376
0 13 113 2 19 -7
0 13 114 2 11 1
0 13 115 2 -5 16
0 13 116 2 0 -10
0 13 117 2 -36 0
0 13 118 2 14 -22
0 13 119 2 -1 3
0 13 120 2 5 -32
0 13 121 2 37 29
0 13 122 2 1 -4
0 13 123 2 30 8
0 13 124 2 -12 0
0 13 125 2 -3 -2
0 13 126 2 6 -16
0 13 127 2 34 -13
0 13 128 2 -18 16
0 13 129 2 5 -15
0 13 130 2 9 -9
0 13 131 2 -31 -7
0 13 132 2 -10 3
0 13 133 2 0 -4
0 13 134 2 -13 -46
0 13 135 2 16 -5
0 13 136 2 10 -33
0 13 137 2 -19 -1
0 13 138 2 14 16
0 13 139 2 -32 28
0 13 140 2 3 -25
0 13 141 2 -16 -13
0 13 142 2 -3 2
0 13 143 2 -22 -21
0 13 144 2 31071 -10331
0 13 145 2 10371 -31106
0 13 146 2 10369 10378
0 13 147 2 -31062 -31083
0 13 148 2 -31095 10339
0 13 149 2 10356 31087
0 13 150 2 10364 -31082
0 13 151 2 -10369 10376
0 13 152 2 31073 31120
0 13 153 2 -31105 31101
0 13 154 2 31083 -10378
0 13 155 2 31091 31066
0 13 156 2 31085 -10339
0 13 157 2 -31081 10352
0 13 158 2 10367 -10353
0 13 159 2 32766 0
0 13 160 2 -10350 10358
0 13 161 2 -10341 -31092
0 13 162 2 31038 -10365
0 13 163 2 31053 10368
0 13 164 2 31066 10379
0 13 165 2 -10352 -31091
0 13 166 2 -31076 -31069
0 13 167 2 31078 -10348
0 13 168 2 -10391 31086
0 13 169 2 31059 -10325
0 13 170 2 10357 -10349
0 13 171 2 -31060 -10413
0 13 172 2 -31078 -10363
0 13 173 2 -31099 -10347
0 13 174 2 -10365 10332
0 13 175 2 31087 -31050
0 13 176 2 -31090 31036
0 13 177 2 10376 -10386
0 13 178 2 -10354 10332
0 13 179 2 10328 -10366
0 13 180 2 -10346 31102
0 13 181 2 -10371 10333
0 13 182 2 -31079 -31128
0 13 183 2 31095 -10364
0 13 184 2 -10332 -10357
0 13 185 2 -31074 10317
0 13 186 2 31106 -10387
0 13 187 2 -31073 31086
0 13 188 2 10370 -10337
0 13 189 2 -10358 -10358
0 13 190 2 10339 31085
0 13 191 2 32805 8
0 13 192 2 -10379 -10326
0 13 193 2 -10366 -10374
0 13 194 2 -31092 10336
0 13 195 2 -31056 31058
0 13 196 2 -10382 -31089
0 13 197 2 10355 -31074
0 13 198 2 -31071 -31090
0 13 199 2 -10388 10367
0 13 200 2 31080 31068
0 13 201 2 31095 -10353
0 13 202 2 10352 -31069
0 13 203 2 10341 -10348
0 13 204 2 10328 10336
0 13 205 2 -10391 -31084
0 13 206 2 10390 10380
0 13 207 2 -31084 10344
0 13 208 2 31077 -10345
0 13 209 2 -31105 10343
0 13 210 2 -10332 -10374
0 13 211 2 31077 -10358
0 13 212 2 31084 10380
0 13 213 2 31126 31085
0 13 214 2 10325 31051
0 13 215 2 31077 -10358
0 13 216 2 31118 -31108
0 13 217 2 10362 31083
0 13 218 2 10372 -31082
0 13 219 2 -31065 10345
0 13 220 2 31112 10375
0 13 221 2 -31050 -10366
0 13 222 2 31066 10322
0 13 223 2 32740 7
0 13 224 2 -31084 -31108
0 13 225 2 10341 -31098
0 13 226 2 -10357 -10347
0 13 227 2 -10393 -31078
0 13 228 2 10352 10364
0 13 229 2 10330 31094
0 13 230 2 31069 10356
0 13 231 2 10391 -31073
0 13 232 2 10380 10315
0 13 233 2 31071 10359
0 13 234 2 31064 -10331
0 13 235 2 10378 10391
0 13 236 2 -10377 -10350
0 13 237 2 10371 -10375
0 13 238 2 -10395 10385
0 13 239 2 10367 10349
0 13 240 2 31082 10364
0 13 241 2 31048 10379
0 13 242 2 31106 -10340
0 13 243 2 -10345 -31104
0 13 244 2 -10363 -10373
0 13 245 2 -31082 -10385
0 13 246 2 31071 -10313
0 13 247 2 31089 -31088
0 13 248 2 10387 31105
0 13 249 2 -10368 10341
0 13 250 2 10387 -10399
0 13 251 2 31094 -10360
0 13 252 2 10377 -10380
0 13 253 2 10364 -10346
0 13 254 2 -31079 -10371
0 13 255 2 32771 38
0 14 0 2 -466 83
0 14 1 2 32768 26
0 14 2 2 10334 10358
0 14 3 2 31053 10395
0 14 4 2 -31062 -31063
0 14 5 2 -31123 10372
0 14 6 2 10364 31095
0 14 7 2 31075 -10376
0 14 8 2 31091 -31066
0 14 9 2 -10341 -10331
0 14 10 2 -10371 10345
0 14 11 2 -31082 31098
0 14 12 2 -31091 10366
0 14 13 2 -10362 31090
0 14 14 2 -10368 -10398
0 14 15 2 -10390 10371
0 14 16 2 10350 10381
0 14 17 2 10362 -10352
0 14 18 2 10364 10370
0 14 19 2 -31114 10371
0 14 20 2 10366 10393
0 14 21 2 -10355 -10328
0 14 22 2 -31078 -31114
0 14 23 2 -10390 10362
0 14 24 2 -31075 10340
0 14 25 2 -31077 10342
0 14 26 2 -10364 -10365
0 14 27 2 10355 10399
0 14 28 2 31082 31082
0 14 29 2 -31084 10353
0 14 30 2 31067 10362
0 14 31 2 10402 -31074
0 14 32 2 -31077 -10375
0 14 33 2 32754 24
0 14 34 2 -31094 -10358
0 14 35 2 31067 -31104
0 14 36 2 -31119 10325
0 14 37 2 31029 31075
0 14 38 2 -10377 -31083
0 14 39 2 10340 -10359
0 14 40 2 -10352 -10358
0 14 41 2 31097 10355
0 14 42 2 -10356 31078
0 14 43 2 31093 -10364
0 14 44 2 -10378 31065
0 14 45 2 31081 10375
0 14 46 2 31072 10356
0 14 47 2 -10344 -10377
0 14 48 2 -10365 31070
0 14 49 2 31112 -31116
0 14 50 2 -31070 10389
0 14 51 2 10366 31077
0 14 52 2 31065 -10347
0 14 53 2 10367 31100
0 14 54 2 31087 31109
0 14 55 2 10379 -31109
0 14 56 2 -31091 10350
0 14 57 2 31096 -10351
0 14 58 2 10363 10357
0 14 59 2 10389 -31094
0 14 60 2 10376 10343
0 14 61 2 -10374 31119
0 14 62 2 -10392 31065
0 14 63 2 31079 -10334
0 14 64 2 10387 -10362
0 14 65 2 32768 -2
0 14 66 2 -31055 -31065
0 14 67 2 31108 -31068
0 14 68 2 -31053 -10405
0 14 69 2 -31091 -10365
0 14 70 2 -31109 31093
0 14 71 2 -10352 -10362
0 14 72 2 -10374 31076
0 14 73 2 10363 10344
0 14 74 2 -10417 31094
0 14 75 2 -10366 10292
0 14 76 2 -31075 -10348
0 14 77 2 31020 31096
0 14 78 2 -31093 31102
0 14 79 2 10340 -31061
0 14 80 2 -31120 31072
0 14 81 2 -10381 31067
0 14 82 2 -31081 -31092
0 14 83 2 -10377 10373
0 14 84 2 -31085 31064
0 14 85 2 10362 10369
0 14 86 2 -31079 31122
0 14 87 2 -31085 -10376
0 14 88 2 -10344 -31074
0 14 89 2 10345 31041
0 14 90 2 -10328 -31077
0 14 91 2 31061 31078
0 14 92 2 -31092 31068
0 14 93 2 10394 -10356
0 14 94 2 -31095 10337
0 14 95 2 -10356 10374
0 14 96 2 10378 -10347
0 14 97 2 32774 3
0 14 98 2 10378 -31083
0 14 99 2 10346 -31095
0 14 100 2 10356 31086
0 14 101 2 31079 -31074
0 14 102 2 31050 10372
0 14 103 2 -10390 -10353
0 14 104 2 -10370 -10354
0 14 105 2 31102 10394
0 14 106 2 31071 31097
0 14 107 2 10334 -10342
0 14 108 2 31079 10407
0 14 109 2 -10367 -10369
0 14 110 2 -10352 10355
0 14 111 2 -10351 31098
0 14 112 2 31098 -31075
0 14 113 2 -32 8
0 14 114 2 11 18
0 14 115 2 19 -15
0 14 116 2 -3 16
0 14 117 2 7 -6
0 14 118 2 -33 -1
0 14 119 2 -18 11
0 14 120 2 24 -25
0 14 121 2 -17 24
0 14 122 2 -36 10
0 14 123 2 11 46
0 14 124 2 11 -4
0 14 125 2 24 -7
0 14 126 2 -48 -1
0 14 127 2 30 30
0 14 128 2 29 5
0 14 129 2 -22 1
0 14 130 2 -17 -3
0 14 131 2 -23 -16
0 14 132 2 16 15
0 14 133 2 -18 9
0 14 134 2 -30 -14
0 14 135 2 4 -14
0 14 136 2 2 -32
0 14 137 2 -29 14
0 14 138 2 39 -19
0 14 139 2 1 5
0 14 140 2 20 -11
0 14 141 2 2 13
0 14 142 2 14 -43
0 14 143 2 10 34
0 14 144 2 31072 31077
0 14 145 2 10313 31063
0 14 146 2 31069 10381
0 14 147 2 -10363 10371
0 14 148 2 10348 31057
0 14 149 2 -10382 31090
0 14 150 2 31092 -31052
0 14 151 2 10377 -31097
0 14 152 2 31130 -10333
0 14 153 2 31096 -31072
0 14 154 2 -10373 -10376
0 14 155 2 10357 10371
0 14 156 2 10343 -10352
0 14 157 2 -31073 10351
0 14 158 2 -10390 -10316
0 14 159 2 32781 10
0 14 160 2 31087 -10370
0 14 161 2 -10317 -10328
0 14 162 2 31047 -10370
0 14 163 2 -10349 -31089
0 14 164 2 -10367 -31055
0 14 165 2 -10369 -10343
0 14 166 2 10361 -10331
0 14 167 2 -10338 -31117
0 14 168 2 10392 -31073
0 14 169 2 -31086 10323
0 14 170 2 -31101 -31102
0 14 171 2 -31088 31075
0 14 172 2 31084 10378
0 14 173 2 10360 -31083
0 14 174 2 -31092 31099
0 14 175 2 -10386 -31067
0 14 176 2 31107 10394
0 14 177 2 10331 31075
0 14 178 2 -10360 31068
0 14 179 2 -10390 10366
0 14 180 2 10377 -10363
0 14 181 2 31091 -31057
0 14 182 2 -31062 31063
0 14 183 2 10357 10366
0 14 184 2 10432 -31084
0 14 185 2 -31089 31081
0 14 186 2 -10347 -10372
0 14 187 2 31133 -31080
0 14 188 2 31085 10379
0 14 189 2 -10362 -31115
0 14 190 2 -10376 31114
0 14 191 2 32764 -7
0 14 192 2 31093 10410
0 14 193 2 -31104 10337
0 14 194 2 -10344 -31125
0 14 195 2 10361 -31111
0 14 196 2 31111 10364
0 14 197 2 10366 10354
0 14 198 2 -10327 -31107
0 14 199 2 -10343 -31085
0 14 200 2 -10376 -10353
0 14 201 2 -10332 -10324
0 14 202 2 31083 10353
0 14 203 2 31092 -10352
0 14 204 2 10360 -10369
0 14 205 2 -31076 10333
0 14 206 2 -31060 -31067
0 14 207 2 -10351 -10384
0 14 208 2 -31086 -31143
0 14 209 2 31104 10363
0 14 210 2 -31071 31065
0 14 211 2 10376 10366
0 14 212 2 -10385 10325
0 14 213 2 10365 -10370
0 14 214 2 31071 31081
0 14 215 2 -10352 -31111
0 14 216 2 -31072 -10383
0 14 217 2 31094 -31075
0 14 218 2 -10345 31125
0 14 219 2 10368 -31075
0 14 220 2 31071 31095
0 14 221 2 10339 -31054
0 14 222 2 -10361 -31114
0 14 223 2 32763 9
0 14 224 2 -31096 -31090
0 14 225 2 -31106 31051
0 14 226 2 -10342 -31103
0 14 227 2 31061 -10359
0 14 228 2 31056 -10359
0 14 229 2 -10373 10389
0 14 230 2 -31098 10372
0 14 231 2 -10353 31067
0 14 232 2 -10387 31065
0 14 233 2 31098 10347
0 14 234 2 10358 -31077
0 14 235 2 -10349 31129
0 14 236 2 -10368 10353
0 14 237 2 -31072 31062
0 14 238 2 31104 -10352
0 14 239 2 31064 31074
0 14 240 2 10367 -10352
0 14 241 2 -10386 10399
0 14 242 2 31087 10355
0 14 243 2 -31115 10377
0 14 244 2 31083 -31070
0 14 245 2 -31116 10330
0 14 246 2 -31067 10347
0 14 247 2 -10370 -31116
0 14 248 2 -10347 -10356
0 14 249 2 31089 10385
0 14 250 2 -31110 10323
0 14 251 2 -31106 -31065
0 14 252 2 -31100 31056
0 14 253 2 -10351 -31050
0 14 254 2 10365 -10363
0 14 255 2 32791 30
0 15 0 2 -484 52
0 15 1 2 32776 -24
0 15 2 2 -10353 10353
0 15 3 2 -31107 10345
0 15 4 2 10323 10350
0 15 5 2 -31078 10342
0 15 6 2 -31090 31045
0 15 7 2 31071 10377
0 15 8 2 31083 -10369
0 15 9 2 10368 -10329
0 15 10 2 -31058 -10347
0 15 11 2 31071 -10376
0 15 12 2 -10360 31042
0 15 13 2 10349 -10362
0 15 14 2 10357 31088
0 15 15 2 31049 31078
0 15 16 2 -31039 -31110
0 15 17 2 -10348 -31075
0 15 18 2 -31089 10358
0 15 19 2 -31083 -31094
0 15 20 2 31086 31118
0 15 21 2 -10371 10323
0 15 22 2 31090 10377
0 15 23 2 -10362 31077
0 15 24 2 31080 -10332
0 15 25 2 10354 -31045
0 15 26 2 -10355 -31054
0 15 27 2 -10349 -31132
0 15 28 2 -31088 31055
0 15 29 2 -10336 31064
0 15 30 2 -10391 31039
0 15 31 2 -31068 -10388
0 15 32 2 -10356 -10368
0 15 33 2 32744 40
0 15 34 2 10376 -10367
0 15 35 2 10353 31073
0 15 36 2 10355 -10359
0 15 37 2 10329 10413
0 15 38 2 31102 -31057
0 15 39 2 10367 10343
0 15 40 2 10379 -31088
0 15 41 2 31069 31108
0 15 42 2 -31096 31109
0 15 43 2 -31075 10313
0 15 44 2 10333 31115
0 15 45 2 31101 -10382
0 15 46 2 -10380 31097
0 15 47 2 -10348 -31083
0 15 48 2 31136 -31084
0 15 49 2 -31091 31100
0 15 50 2 10371 10396
0 15 51 2 -31073 -31088
0 15 52 2 -10351 -10391
0 15 53 2 31059 31081
0 15 54 2 31074 31074
0 15 55 2 10326 -10362
0 15 56 2 31125 -31075
0 15 57 2 -31093 10346
0 15 58 2 -10364 -10376
0 15 59 2 10349 10347
0 15 60 2 -31077 10324
0 15 61 2 -31067 31101
0 15 62 2 10379 10377
0 15 63 2 -10350 -10358
0 15 64 2 10372 10368
0 15 65 2 32773 51
0 15 66 2 31103 -31091
0 15 67 2 10408 -10359
0 15 68 2 -31070 -10369
0 15 69 2 -31051 -31080
0 15 70 2 10366 -31072
0 15 71 2 10383 31083
0 15 72 2 -10394 -31045
0 15 73 2 -31079 -31106
0 15 74 2 -10373 31105
0 15 75 2 -10369 -10366
0 15 76 2 10345 -31058
0 15 77 2 -10378 -10397
0 15 78 2 -10363 -10376
0 15 79 2 31072 -10394
0 15 80 2 10327 10346
0 15 81 2 31096 -10345
0 15 82 2 -10367 10374
0 15 83 2 -31031 -31113
0 15 84 2 -31099 31069
0 15 85 2 -31061 -10374
0 15 86 2 -31055 -31061
0 15 87 2 31105 -31068
0 15 88 2 -31097 10366
0 15 89 2 10356 31083
0 15 90 2 31079 -31061
0 15 91 2 10383 -31071
0 15 92 2 31088 31072
0 15 93 2 10350 -31038
0 15 94 2 31085 -10366
0 15 95 2 31104 -10402
0 15 96 2 -31081 -31114
0 15 97 2 32761 18
0 15 98 2 31062 31090
0 15 99 2 10376 31088
0 15 100 2 -31054 -10352
0 15 101 2 10390 10359
0 15 102 2 31080 10348
0 15 103 2 -10352 -10342
0 15 104 2 -31105 -10369
0 15 105 2 10377 -31080
0 15 106 2 -31091 31068
0 15 107 2 10344 -31083
0 15 108 2 -31078 -10370
0 15 109 2 -31078 10322
0 15 110 2 31101 -10359
0 15 111 2 -31083 -10416
0 15 112 2 31092 -10349
0 15 113 2 -1 -30
0 15 114 2 10 35
0 15 115 2 -7 -3
0 15 116 2 -3 30
0 15 117 2 -24 25
0 15 118 2 -17 17
0 15 119 2 -9 -11
0 15 120 2 -7 7
0 15 121 2 7 -1
0 15 122 2 13 16
0 15 123 2 -49 -27
0 15 124 2 -2 13
0 15 125 2 17 -16
0 15 126 2 9 -6
0 15 127 2 -25 17
0 15 128 2 -7 4
0 15 129 2 16 -47
0 15 130 2 10 20
0 15 131 2 -25 -11
0 15 132 2 13 10
0 15 133 2 1 -10
0 15 134 2 -15 26
0 15 135 2 -9 -20
0 15 136 2 -5 7
0 15 137 2 -10 14
0 15 138 2 -7 1
0 15 139 2 -3 8
0 15 140 2 -9 -4
0 15 141 2 -5 -16
0 15 142 2 -23 28
0 15 143 2 -5 -22
0 15 144 2 -31086 10376
0 15 145 2 10375 10381
0 15 146 2 -31076 -31090
0 15 147 2 -31047 -31077
0 15 148 2 10370 -31051
0 15 149 2 31092 31099
0 15 150 2 31059 10344
0 15 151 2 10316 10383
0 15 152 2 10336 31103
0 15 153 2 31098 -10333
0 15 154 2 -31053 -31102
0 15 155 2 -31059 -10349
0 15 156 2 -10327 -31057
0 15 157 2 31093 31098
0 15 158 2 10351 10370
0 15 159 2 32766 14
0 15 160 2 10358 -31109
0 15 161 2 31128 -31075
0 15 162 2 31099 -31078
0 15 163 2 -31073 -31059
0 15 164 2 31088 10366
0 15 165 2 10378 31094
0 15 166 2 31082 -10369
0 15 167 2 31083 -31056
0 15 168 2 31082 10369
0 15 169 2 10356 31100
0 15 170 2 -31078 31085
0 15 171 2 10368 10346
0 15 172 2 31087 -10378
0 15 173 2 -31072 -10338
0 15 174 2 31078 -10366
0 15 175 2 31095 -10375
0 15 176 2 31079 -10376
0 15 177 2 -31070 10353
0 15 178 2 10341 31116
0 15 179 2 10383 -31050
0 15 180 2 -10381 31041
0 15 181 2 10356 -10361
0 15 182 2 -10384 10364
0 15 183 2 -10339 10344
0 15 184 2 -10366 31068
0 15 185 2 -31084 31094
0 15 186 2 10361 -10374
0 15 187 2 -31075 -10331
0 15 188 2 10359 10361
0 15 189 2 10320 -31077
0 15 190 2 -31105 -10366
0 15 191 2 32748 33
0 15 192 2 -10396 31088
0 15 193 2 -10353 -10363
0 15 194 2 -10398 31083
0 15 195 2 31081 10377
0 15 196 2 -31098 -10325
0 15 197 2 31084 -31068
0 15 198 2 31072 -10358
0 15 199 2 -10362 10375
0 15 200 2 10397 -31068
0 15 201 2 -31109 -10376
0 15 202 2 -31058 -31101
0 15 203 2 -10335 -31100
0 15 204 2 10334 31097
0 15 205 2 31107 -10345
0 15 206 2 -10350 31099
0 15 207 2 -10407 10341
0 15 208 2 10354 31091
0 15 209 2 31073 31093
0 15 210 2 -10371 -10336
0 15 211 2 31082 -10353
0 15 212 2 -31090 31065
0 15 213 2 10340 10375
0 15 214 2 -10354 10349
0 15 215 2 10353 31054
0 15 216 2 10304 31074
0 15 217 2 -31098 31058
0 15 218 2 -10370 -10360
0 15 219 2 -31101 31067
0 15 220 2 -10352 -31094
0 15 221 2 -10382 10365
0 15 222 2 31099 -10371
0 15 223 2 32767 -14
0 15 224 2 10371 31096
0 15 225 2 10368 10389
0 15 226 2 -31080 10338
0 15 227 2 10324 31094
0 15 228 2 -31096 10371
0 15 229 2 31057 31058
0 15 230 2 -10397 31102
0 15 231 2 10367 31071
0 15 232 2 31098 -31091
0 15 233 2 -10350 -31024
0 15 234 2 31076 -31048
0 15 235 2 -10352 31075
0 15 236 2 10347 10364
0 15 237 2 31077 -10333
0 15 238 2 -31069 -10357
0 15 239 2 31083 10354
0 15 240 2 -31105 10322
0 15 241 2 10350 31102
0 15 242 2 31028 10391
0 15 243 2 -31078 -10351
0 15 244 2 10360 31056
0 15 245 2 -10341 10350
0 15 246 2 31056 31071
0 15 247 2 -10391 31114
0 15 248 2 -10343 10395
0 15 249 2 -10378 31072
0 15 250 2 10388 -31075
0 15 251 2 -31067 -10372
0 15 252 2 31105 10380
0 15 253 2 31108 -31075
0 15 254 2 31096 -10348
0 15 255 2 32759 16
0 16 0 2 -453 134
0 16 1 2 32779 21
0 16 2 2 10378 10358
0 16 3 2 10390 10363
0 16 4 2 10370 10380
0 16 5 2 10390 31084
0 16 6 2 10395 10367
0 16 7 2 31073 31107
0 16 8 2 -10374 31074
0 16 9 2 -10338 10342
0 16 10 2 -10339 -10368
0 16 11 2 -31086 31049
0 16 12 2 31093 -31089
0 16 13 2 -10341 -31076
0 16 14 2 31119 -10370
0 16 15 2 -31070 -10357
0 16 16 2 -31091 31065
0 16 17 2 10337 -10314
0 16 18 2 -31076 10342
0 16 19 2 10378 10358
0 16 20 2 -31089 31083
0 16 21 2 10388 -10293
0 16 22 2 -31067 -31123
0 16 23 2 31059 -10357
0 16 24 2 10345 10358
0 16 25 2 -10368 -10364
0 16 26 2 31125 10403
0 16 27 2 10349 -31100
0 16 28 2 10363 -31055
0 16 29 2 10341 10352
0 16 30 2 -31068 -10382
0 16 31 2 10338 10352
0 16 32 2 10362 10338
0 16 33 2 32734 -3
0 16 34 2 -10346 31074
0 16 35 2 -10330 10375
0 16 36 2 31097 10346
0 16 37 2 31110 -31053
0 16 38 2 10368 10387
0 16 39 2 -31056 -31031
0 16 40 2 31096 -10349
0 16 41 2 -31063 31075
0 16 42 2 -10351 -31086
0 16 43 2 31077 31078
0 16 44 2 31064 -10378
0 16 45 2 -31082 -10367
0 16 46 2 -31109 31098
0 16 47 2 -31111 10354
0 16 48 2 -10346 -31110
0 16 49 2 -31118 31072
0 16 50 2 10367 -31127
0 16 51 2 -10396 10368
0 16 52 2 -31080 -10363
0 16 53 2 -31111 31059
0 16 54 2 10351 10375
0 16 55 2 -31103 -10382
0 16 56 2 -10383 31068
0 16 57 2 -10372 -10377
0 16 58 2 -31057 31058
0 16 59 2 31053 10371
0 16 60 2 10341 -10347
0 16 61 2 -31074 31088
0 16 62 2 -31113 -31110
0 16 63 2 31074 31093
0 16 64 2 -10352 -10345
0 16 65 2 32771 -8
0 16 66 2 10359 -10319
0 16 67 2 31071 10368
0 16 68 2 10344 10349
0 16 69 2 -31064 -10402
0 16 70 2 10329 -31059
0 16 71 2 -31053 10310
0 16 72 2 10395 10359
0 16 73 2 10367 -31085
0 16 74 2 -10401 10380
0 16 75 2 31098 -31077
0 16 76 2 10365 10357
0 16 77 2 31055 31112
0 16 78 2 -31069 -10387
0 16 79 2 10361 31048
0 16 80 2 31105 -10344
0 16 81 2 31082 -10392
0 16 82 2 31057 10364
0 16 83 2 -31072 -10415
0 16 84 2 10352 10362
0 16 85 2 10361 -10341
0 16 86 2 31091 10368
0 16 87 2 10358 31065
0 16 88 2 10339 31108
0 16 89 2 -31083 31106
0 16 90 2 -31105 10338
0 16 91 2 -10344 -31112
0 16 92 2 -31101 31070
0 16 93 2 10369 -31068
0 16 94 2 10361 -10361
0 16 95 2 31069 -10362
0 16 96 2 -31091 10332
0 16 97 2 32747 15
0 16 98 2 10354 -10341
0 16 99 2 -10359 31080
0 16 100 2 10319 -31062
0 16 101 2 10356 10374
0 16 102 2 10355 -10401
0 16 103 2 10339 31098
0 16 104 2 -10345 10330
0 16 105 2 -31109 -31072
0 16 106 2 31046 31055
0 16 107 2 31098 31137
0 16 108 2 -10336 10330
0 16 109 2 -10328 -31085
0 16 110 2 -31067 31054
0 16 111 2 -10354 -31103
0 16 112 2 31068 10385
0 16 113 2 25 -20
0 16 114 2 3 -14
0 16 115 2 -14 3
0 16 116 2 11 2
0 16 117 2 43 -15
0 16 118 2 5 5
0 16 119 2 -2 -39
0 16 120 2 -43 8
0 16 121 2 36 -7
0 16 122 2 -21 -2
0 16 123 2 -21 -18
0 16 124 2 -24 5
0 16 125 2 8 0
0 16 126 2 3 -12
0 16 127 2 -35 -27
0 16 128 2 -28 8
0 16 129 2 17 20
0 16 130 2 -1 -2
0 16 131 2 -37 -16
0 16 132 2 5 -13
0 16 133 2 16 -5
0 16 134 2 4 -14
0 16 135 2 5 13
0 16 136 2 -20 -2
0 16 137 2 -5 -58
0 16 138 2 -7 -13
0 16 139 2 -18 -30
0 16 140 2 -22 17
0 16 141 2 9 -24
0 16 142 2 7 -16
0 16 143 2 -71 15
0 16 144 2 -10352 -31096
0 16 145 2 -10344 -10352
0 16 146 2 -31095 10371
0 16 147 2 31098 31047
0 16 148 2 -31108 10369
0 16 149 2 10340 -31080
0 16 150 2 -10366 31053
0 16 151 2 10335 10393
0 16 152 2 31066 31099
0 16 153 2 10332 31080
0 16 154 2 31124 -31080
0 16 155 2 -10344 -31084
0 16 156 2 31099 -31087
0 16 157 2 -31077 -31090
0 16 158 2 31058 -31038
0 16 159 2 32744 35
0 16 160 2 -10362 -10374
0 16 161 2 -31064 -10350
0 16 162 2 10393 31102
0 16 163 2 10380 10369
0 16 164 2 -31063 -10366
0 16 165 2 -10353 10399
0 16 166 2 31088 10384
0 16 167 2 10372 31075
0 16 168 2 -10358 -31061
0 16 169 2 10383 -31074
0 16 170 2 10335 -31080
0 16 171 2 10370 10362
0 16 172 2 31106 10367
0 16 173 2 10391 10329
0 16 174 2 10358 -31057
0 16 175 2 31081 10369
0 16 176 2 31121 10391
0 16 177 2 -31059 10378
0 16 178 2 31071 31115
0 16 179 2 31092 -31082
0 16 180 2 31094 31089
0 16 181 2 -31061 -10369
0 16 182 2 31111 -10344
0 16 183 2 -10343 -10366
0 16 184 2 31057 31096
0 16 185 2 31087 10374
0 16 186 2 10335 31067
0 16 187 2 31098 -10353
0 16 188 2 -10367 -31091
0 16 189 2 10373 -10345
0 16 190 2 -10394 -10360
0 16 191 2 32766 2
0 16 192 2 -31074 -31077
0 16 193 2 -10359 10362
0 16 194 2 10362 31080
0 16 195 2 31077 31096
0 16 196 2 10383 10373
0 16 197 2 31076 10376
0 16 198 2 10405 -10345
0 16 199 2 10403 10347
0 16 200 2 -10373 -10375
0 16 201 2 31110 -10326
0 16 202 2 31071 31109
0 16 203 2 -10329 10356
0 16 204 2 10392 10348
0 16 205 2 10343 -31080
0 16 206 2 10386 10382
0 16 207 2 -31110 -31109
0 16 208 2 -10320 10327
0 16 209 2 -31105 31092
0 16 210 2 31081 31095
0 16 211 2 -10357 10354
0 16 212 2 31098 31086
0 16 213 2 31079 10361
0 16 214 2 -10340 10352
0 16 215 2 10395 -31083
0 16 216 2 10395 -10352
0 16 217 2 -31093 -31093
0 16 218 2 -31084 10351
0 16 219 2 31080 -10353
0 16 220 2 10313 10362
0 16 221 2 -10353 -31094
0 16 222 2 31117 -31089
0 16 223 2 32757 10
0 16 224 2 10375 -31104
0 16 225 2 -10371 10365
0 16 226 2 -31080 31101
0 16 227 2 31070 10368
0 16 228 2 31087 31083
0 16 229 2 -31061 31082
0 16 230 2 10352 -10374
0 16 231 2 31062 31096
0 16 232 2 31084 10353
0 16 233 2 -31086 -10387
0 16 234 2 31079 10357
0 16 235 2 31074 10375
0 16 236 2 31094 31092
0 16 237 2 -31078 -31074
0 16 238 2 -10313 -31103
0 16 239 2 -31070 10341
0 16 240 2 31071 -10346
0 16 241 2 -31092 31093
0 16 242 2 -31083 31080
0 16 243 2 10335 -10356
0 16 244 2 -10367 10366
0 16 245 2 -10351 10369
0 16 246 2 -10361 -31093
0 16 247 2 -10364 -10386
0 16 248 2 10358 31107
0 16 249 2 -31069 -10360
0 16 250 2 31087 -31068
0 16 251 2 31083 10365
0 16 252 2 -31111 -10374
0 16 253 2 10379 -31094
0 16 254 2 -10368 31068
0 16 255 2 32780 1
0 17 0 2 -456 126
0 17 1 2 32767 3
0 17 2 2 31087 10394
0 17 3 2 31084 -31024
0 17 4 2 10388 -31105
0 17 5 2 10378 -10341
0 17 6 2 -31081 -10384
0 17 7 2 -31080 10363
0 17 8 2 -10383 31106
0 17 9 2 -10389 31120
0 17 10 2 -31083 -10355
0 17 11 2 -31037 -10365
0 17 12 2 -10375 -10367
0 17 13 2 10340 31103
0 17 14 2 10357 31073
0 17 15 2 -31112 31067
0 17 16 2 -31101 -10347
0 17 17 2 -31102 31045
0 17 18 2 -31038 -10379
0 17 19 2 31122 -10334
0 17 20 2 31105 31095
0 17 21 2 31098 -31070
0 17 22 2 10370 -31125
0 17 23 2 10393 10359
0 17 24 2 -31103 -31093
0 17 25 2 31101 31088
0 17 26 2 -10386 31100
0 17 27 2 31095 31111
0 17 28 2 31050 10366
0 17 29 2 -31110 -10378
0 17 30 2 31130 -31068
0 17 31 2 31100 -10332
0 17 32 2 10376 -31068
0 17 33 2 32748 33
0 17 34 2 -31066 -31133
0 17 35 2 31108 -10379
0 17 36 2 10351 -31098
0 17 37 2 -31099 10345
0 17 38 2 -31082 -10366
0 17 39 2 -10349 -10380
0 17 40 2 10357 31100
0 17 41 2 -31054 -10328
0 17 42 2 10342 -31091
0 17 43 2 -10357 -10384
0 17 44 2 31088 10355
0 17 45 2 10363 10377
0 17 46 2 -10359 -10356
0 17 47 2 31075 -10360
0 17 48 2 10317 -31129
0 17 49 2 -10376 10323
0 17 50 2 -31104 -10346
0 17 51 2 10346 -31071
0 17 52 2 10338 10389
0 17 53 2 -10367 31094
0 17 54 2 10365 -10359
0 17 55 2 10338 10386
0 17 56 2 -10349 -10342
0 17 57 2 -10397 10357
0 17 58 2 -10416 31090
0 17 59 2 -10336 -31123
0 17 60 2 31087 10367
0 17 61 2 10343 10372
0 17 62 2 -31113 31094
0 17 63 2 31081 31110
0 17 64 2 -31094 31092
0 17 65 2 32765 -27
0 17 66 2 -31113 10339
0 17 67 2 10370 10374
0 17 68 2 10350 31107
0 17 69 2 -10353 10336
0 17 70 2 10349 10342
0 17 71 2 10388 -31089
0 17 72 2 10345 10368
0 17 73 2 -31088 31082
0 17 74 2 -31103 31101
0 17 75 2 10377 -31088
0 17 76 2 31075 31103
0 17 77 2 -10344 -10343
0 17 78 2 10329 31084
0 17 79 2 -10347 31069
0 17 80 2 10377 -31103
0 17 81 2 -10374 31071
0 17 82 2 10359 -31106
0 17 83 2 -31082 -31076
0 17 84 2 31061 10365
0 17 85 2 10315 -10394
0 17 86 2 31064 -31098
0 17 87 2 10342 10386
0 17 88 2 -31089 10378
0 17 89 2 -31066 31111
0 17 90 2 31093 -31085
0 17 91 2 31107 -31087
0 17 92 2 -31107 31070
0 17 93 2 31079 -31060
0 17 94 2 -10376 -31046
0 17 95 2 31040 10338
0 17 96 2 31072 31090
0 17 97 2 32753 5
0 17 98 2 10337 -10340
0 17 99 2 -31075 -31074
0 17 100 2 -10365 10353
0 17 101 2 -10354 -31096
0 17 102 2 31075 -10358
0 17 103 2 10370 -10350
0 17 104 2 10390 10355
0 17 105 2 10355 31059
0 17 106 2 31103 -31093
0 17 107 2 10391 -10371
0 17 108 2 -31095 -10362
0 17 109 2 31085 10376
0 17 110 2 -31077 -10395
0 17 111 2 31098 10375
0 17 112 2 31062 31093
0 17 113 2 14 -20
0 17 114 2 -3 -16
0 17 115 2 6 -12
0 17 116 2 32 -8
0 17 117 2 -12 -24
0 17 118 2 -15 0
0 17 119 2 16 17
0 17 120 2 -27 30
0 17 121 2 -19 -12
0 17 122 2 12 7
0 17 123 2 18 0
0 17 124 2 -23 12
0 17 125 2 -11 7
0 17 126 2 4 4
0 17 127 2 4 12
0 17 128 2 -10 -12
0 17 129 2 -3 -10
0 17 130 2 11 -23
0 17 131 2 -11 -10
0 17 132 2 -35 3
0 17 133 2 -7 17
0 17 134 2 -10 22
0 17 135 2 -24 28
0 17 136 2 -1 -10
0 17 137 2 -13 4
0 17 138 2 -2 -8
0 17 139 2 2 7
0 17 140 2 11 2
0 17 141 2 -7 9
0 17 142 2 0 -3
0 17 143 2 -13 -13
0 17 144 2 10331 -10375
0 17 145 2 10374 -10371
0 17 146 2 31097 31091
0 17 147 2 10340 -31059
0 17 148 2 -31098 -10401
0 17 149 2 -31089 -31128
0 17 150 2 31099 -31047
0 17 151 2 -31072 -31090
0 17 152 2 10378 -31070
0 17 153 2 10366 31116
0 17 154 2 -31050 31072
0 17 155 2 31069 10363
0 17 156 2 -31077 -10381
0 17 157 2 10357 31111
0 17 158 2 -10344 -10388
0 17 159 2 32763 28
0 17 160 2 31077 31102
0 17 161 2 10388 -31082
0 17 162 2 -10382 10366
0 17 163 2 10331 10384
0 17 164 2 -31080 -10390
0 17 165 2 -31070 31078
0 17 166 2 -31105 31100
0 17 167 2 10354 -10363
0 17 168 2 31108 -31071
0 17 169 2 -10387 31108
0 17 170 2 10350 -10363
0 17 171 2 10342 10350
0 17 172 2 -10372 -31064
0 17 173 2 10393 10348
0 17 174 2 -31076 -31116
0 17 175 2 31075 31105
0 17 176 2 10324 31085
0 17 177 2 31047 31092
0 17 178 2 10372 10419
0 17 179 2 10372 -31056
0 17 180 2 -10350 -31077
0 17 181 2 31081 31108
0 17 182 2 10325 31098
0 17 183 2 31079 10355
0 17 184 2 -31085 -31101
0 17 185 2 -10359 -31076
0 17 186 2 10379 10344
0 17 187 2 10353 10354
0 17 188 2 31093 -31096
0 17 189 2 -31042 -10295
0 17 190 2 10361 -31078
0 17 191 2 32746 8
0 17 192 2 -10368 10362
0 17 193 2 31085 -31033
0 17 194 2 -10362 -31109
0 17 195 2 31083 -31093
0 17 196 2 31068 -10326
0 17 197 2 -10383 31059
0 17 198 2 -31091 -10342
0 17 199 2 -10385 31100
0 17 200 2 31103 31098
0 17 201 2 -10384 31097
0 17 202 2 -10396 31090
0 17 203 2 -31123 10351
0 17 204 2 -10349 -31123
0 17 205 2 10354 10369
0 17 206 2 31088 10380
0 17 207 2 10371 -10351
0 17 208 2 -10358 -31124
0 17 209 2 -31096 -10382
0 17 210 2 -10377 31096
0 17 211 2 10405 -31060
0 17 212 2 -31100 31066
0 17 213 2 10328 31097
0 17 214 2 -31103 10342
0 17 215 2 -31104 10376
0 17 216 2 -10370 10371
0 17 217 2 31092 31093
0 17 218 2 -10361 -31106
0 17 219 2 -10354 -31067
0 17 220 2 -10372 31077
0 17 221 2 -31100 -10372
0 17 222 2 -10330 10385
0 17 223 2 32749 25
0 17 224 2 31089 31123
0 17 225 2 -31110 -31083
0 17 226 2 -31075 10355
0 17 227 2 -31094 31080
0 17 228 2 10384 -31099
0 17 229 2 -31088 31051
0 17 230 2 31055 -10356
0 17 231 2 -10389 -31085
0 17 232 2 31079 -31091
0 17 233 2 -10376 -31066
0 17 234 2 10373 10347
0 17 235 2 31061 31100
0 17 236 2 -10385 31097
0 17 237 2 31062 -10382
0 17 238 2 10372 -31105
0 17 239 2 -10401 31041
0 17 240 2 -10352 -31080
0 17 241 2 31075 10341
0 17 242 2 -10360 -10370
0 17 243 2 -31076 31059
0 17 244 2 -10345 10341
0 17 245 2 -10345 -31090
0 17 246 2 10352 10330
0 17 247 2 -31069 10403
0 17 248 2 10367 31100
0 17 249 2 10355 31068
0 17 250 2 -31090 -10382
0 17 251 2 -10356 -10353
0 17 252 2 -31110 10302
0 17 253 2 10385 -10372
0 17 254 2 -31101 10357
0 17 255 2 32776 -15
0 18 0 2 -464 73
0 18 1 2 32782 4
0 18 2 2 31104 10367
0 18 3 2 -10393 31054
0 18 4 2 -10381 31117
0 18 5 2 -10395 -10359
0 18 6 2 -31080 -10374
0 18 7 2 -31087 10358
0 18 8 2 -31092 10350
0 18 9 2 10364 -10349
0 18 10 2 -31057 -31110
0 18 11 2 -10364 -31041
0 18 12 2 31074 10358
0 18 13 2 -31059 10352
0 18 14 2 10345 31094
0 18 15 2 -31086 10329
0 18 16 2 -10347 -31072
0 18 17 2 -31094 10347
0 18 18 2 -31113 10353
0 18 19 2 31084 31056
0 18 20 2 -31098 -10395
0 18 21 2 -10365 31078
0 18 22 2 10349 -10389
0 18 23 2 10398 10364
0 18 24 2 -31119 31082
0 18 25 2 31058 10337
0 18 26 2 -31045 -31106
0 18 27 2 10382 -31094
0 18 28 2 10353 10366
0 18 29 2 -10385 31093
0 18 30 2 -10369 -31076
0 18 31 2 31079 -31080
0 18 32 2 10344 -10361
0 18 33 2 32779 -6
0 18 34 2 10352 10327
0 18 35 2 -10366 -10379
0 18 36 2 -10365 -10365
0 18 37 2 -10363 10319
0 18 38 2 -10374 10370
0 18 39 2 -10348 10347
0 18 40 2 31087 31106
0 18 41 2 -10346 10343
0 18 42 2 -10356 -10324
0 18 43 2 -10399 10381
0 18 44 2 -31083 -10357
0 18 45 2 10339 31072
0 18 46 2 31091 -10322
0 18 47 2 -31085 31074
0 18 48 2 -10372 31051
0 18 49 2 31086 10409
0 18 50 2 -31097 10349
0 18 51 2 -31103 31077
0 18 52 2 31092 -10349
0 18 53 2 10378 -31114
0 18 54 2 -31083 -31060
0 18 55 2 -10371 31076
0 18 56 2 -10374 -31108
0 18 57 2 -31086 10299
0 18 58 2 10364 10376
0 18 59 2 -10355 31067
0 18 60 2 31076 -31046
0 18 61 2 10346 10383
0 18 62 2 -31074 10374
0 18 63 2 10361 -31106
0 18 64 2 10391 -31112
0 18 65 2 32742 18
0 18 66 2 10351 -10367
0 18 67 2 -10366 31073
0 18 68 2 -31087 31063
0 18 69 2 -10370 31090
0 18 70 2 -10378 10342
0 18 71 2 -31076 10334
0 18 72 2 31087 -10365
0 18 73 2 -31066 -10359
0 18 74 2 10340 -10359
0 18 75 2 -31071 10340
0 18 76 2 10327 10353
0 18 77 2 31089 -10374
0 18 78 2 31048 10339
0 18 79 2 10336 31089
0 18 80 2 31082 -31071
0 18 81 2 31054 -10339
0 18 82 2 10379 -31054
0 18 83 2 -10359 -31107
0 18 84 2 -31089 -31102
0 18 85 2 31079 -10318
0 18 86 2 31053 -10327
0 18 87 2 31114 -31071
0 18 88 2 31099 31103
0 18 89 2 -31070 -10377
0 18 90 2 -31053 -31058
0 18 91 2 -10349 31098
0 18 92 2 10371 10357
0 18 93 2 -31069 -31095
0 18 94 2 -31074 31079
0 18 95 2 31091 -10340
0 18 96 2 10355 10358
0 18 97 2 32786 33
0 18 98 2 -10383 31073
0 18 99 2 10408 -10376
0 18 100 2 10346 31092
0 18 101 2 -31105 -10366
0 18 102 2 -31096 -10376
0 18 103 2 31109 -10344
0 18 104 2 10327 10368
0 18 105 2 -31098 -10382
0 18 106 2 10360 10356
0 18 107 2 -31099 10318
0 18 108 2 10349 10376
0 18 109 2 31070 31101
0 18 110 2 -31100 -31111
0 18 111 2 -31106 -31066
0 18 112 2 10346 10342
0 18 113 2 0 33
0 18 114 2 8 -12
0 18 115 2 -24 10
0 18 116 2 32 -42
0 18 117 2 -34 27
0 18 118 2 -13 -1
0 18 119 2 16 11
0 18 120 2 -7 -7
0 18 121 2 11 -2
0 18 122 2 -13 45
0 18 123 2 4 -1
0 18 124 2 11 -7
0 18 125 2 7 -1
0 18 126 2 -10 19
0 18 127 2 8 -10
0 18 128 2 8 -8
0 18 129 2 -23 -28
0 18 130 2 -5 18
0 18 131 2 29 -16
0 18 132 2 -55 -37
0 18 133 2 -18 5
0 18 134 2 1 -9
0 18 135 2 -4 31
0 18 136 2 -21 18
0 18 137 2 -3 28
0 18 138 2 14 21
0 18 139 2 -4 3
0 18 140 2 8 -8
0 18 141 2 -4 -1
0 18 142 2 37 -4
0 18 143 2 -4 -32
0 18 144 2 -10358 31077
0 18 145 2 -10343 10354
0 18 146 2 10319 -10367
0 18 147 2 31084 31079
0 18 148 2 31094 10363
0 18 149 2 31078 31095
0 18 150 2 -10333 10358
0 18 151 2 31092 -10320
0 18 152 2 10360 10363
0 18 153 2 -10383 10375
0 18 154 2 10396 31115
0 18 155 2 10389 -31112
0 18 156 2 -10354 -31081
0 18 157 2 10370 -31063
0 18 158 2 31108 -10374
0 18 159 2 32757 17
0 18 160 2 10349 10347
0 18 161 2 -31104 -10370
0 18 162 2 31083 10398
0 18 163 2 10326 31106
0 18 164 2 10336 -31090
0 18 165 2 31070 10388
0 18 166 2 -31055 -31133
0 18 167 2 31095 -10368
0 18 168 2 31104 -10357
0 18 169 2 -10320 31088
0 18 170 2 31078 31124
0 18 171 2 31070 10368
0 18 172 2 -31069 -10383
0 18 173 2 -31071 31100
0 18 174 2 10352 31084
0 18 175 2 31058 -10315
0 18 176 2 -31106 -10362
0 18 177 2 -10356 -31097
0 18 178 2 31095 -31044
0 18 179 2 10336 31096
0 18 180 2 -31072 -31058
0 18 181 2 -31086 31118
0 18 182 2 31094 -10349
0 18 183 2 -31128 10360
0 18 184 2 -31083 -31089
0 18 185 2 -10347 -10392
0 18 186 2 31076 -10328
0 18 187 2 31068 10361
0 18 188 2 10362 -31117
0 18 189 2 -10385 -10370
0 18 190 2 10328 -31083
0 18 191 2 32804 23
0 18 192 2 31133 -31080
0 18 193 2 31081 10369
0 18 194 2 -10357 -10359
0 18 195 2 -10350 -10361
0 18 196 2 -31065 -31115
0 18 197 2 10325 10342
0 18 198 2 10347 -31089
0 18 199 2 10346 10359
0 18 200 2 10370 31090
0 18 201 2 10350 31093
0 18 202 2 10354 -10403
0 18 203 2 31059 31072
0 18 204 2 -10373 31090
0 18 205 2 -31060 31060
0 18 206 2 31082 -31085
0 18 207 2 31102 31122
0 18 208 2 10371 -31101
0 18 209 2 31093 -31078
0 18 210 2 31060 -10351
0 18 211 2 10363 31076
0 18 212 2 10353 -10372
0 18 213 2 -31083 -10356
0 18 214 2 31087 -10355
0 18 215 2 -31075 -10381
0 18 216 2 -10342 -10329
0 18 217 2 31056 -10312
0 18 218 2 10356 -10356
0 18 219 2 -10340 -10358
0 18 220 2 -10359 -31103
0 18 221 2 10417 -31089
0 18 222 2 -10339 -31076
0 18 223 2 32778 1
0 18 224 2 10394 -31088
0 18 225 2 31039 31093
0 18 226 2 -10342 -10333
0 18 227 2 31088 -31072
0 18 228 2 10347 31083
0 18 229 2 31130 -31100
0 18 230 2 31123 -10353
0 18 231 2 -10318 -10359
0 18 232 2 -10381 31076
0 18 233 2 10363 -10383
0 18 234 2 -31042 -31092
0 18 235 2 -10336 -31104
0 18 236 2 31122 10384
0 18 237 2 31065 10379
0 18 238 2 31107 31136
0 18 239 2 10386 -31071
0 18 240 2 10352 31064
0 18 241 2 10339 -31114
0 18 242 2 31066 31093
0 18 243 2 10374 -31074
0 18 244 2 -10331 -31108
0 18 245 2 -31121 10354
0 18 246 2 31095 -31091
0 18 247 2 31129 -31046
0 18 248 2 -31091 -10390
0 18 249 2 10394 -10366
0 18 250 2 31089 -31054
0 18 251 2 -31086 31081
0 18 252 2 31097 10427
0 18 253 2 10350 -10397
0 18 254 2 -31093 10321
0 18 255 2 32745 7
0 19 0 2 -474 93
0 19 1 2 32782 50
0 19 2 2 -10408 31097
0 19 3 2 10327 -10352
0 19 4 2 -31073 -31100
0 19 5 2 -10364 10363
0 19 6 2 -10348 10359
0 19 7 2 10351 10348
0 19 8 2 -31054 -31061
0 19 9 2 10409 -10391
0 19 10 2 -31068 31080
0 19 11 2 31078 31120
0 19 12 2 10368 -31056
0 19 13 2 31081 31108
0 19 14 2 -10361 10343
0 19 15 2 31093 10357
0 19 16 2 -31089 10345
0 19 17 2 10372 -10383
0 19 18 2 -10377 -10359
0 19 19 2 31080 10373
0 19 20 2 -31096 10341
0 19 21 2 -31082 31081
0 19 22 2 -10391 31075
0 19 23 2 31077 -31071
0 19 24 2 10353 -10353
0 19 25 2 -10368 31046
0 19 26 2 10365 -10386
0 19 27 2 -31112 10334
0 19 28 2 -10377 -10365
0 19 29 2 -31091 10371
0 19 30 2 -10358 -31085
0 19 31 2 31083 10367
0 19 32 2 -10342 -10337
0 19 33 2 32762 0
0 19 34 2 31060 10374
0 19 35 2 -10363 -10375
0 19 36 2 10362 31090
0 19 37 2 -31100 31077
0 19 38 2 10318 31051
0 19 39 2 31073 -31085
0 19 40 2 -31064 -10379
0 19 41 2 31076 10389
0 19 42 2 10373 31118
0 19 43 2 -31119 10387
0 19 44 2 -10380 31124
0 19 45 2 10364 31101
0 19 46 2 -31079 31077
0 19 47 2 -10382 31090
0 19 48 2 10349 10388
0 19 49 2 10356 31088
0 19 50 2 10376 10353
0 19 51 2 -31084 -10381
0 19 52 2 31064 31096
0 19 53 2 31105 -10352
0 19 54 2 10349 -31087
0 19 55 2 10367 31063
0 19 56 2 -10345 -31100
0 19 57 2 -10378 -31064
0 19 58 2 31024 31108
0 19 59 2 10346 10348
0 19 60 2 -10368 31070
0 19 61 2 31084 10383
0 19 62 2 10362 31092
0 19 63 2 -10389 31081
0 19 64 2 -31082 -31080
0 19 65 2 32766 33
0 19 66 2 31112 -10349
0 19 67 2 -10372 -31104
0 19 68 2 10369 -10378
0 19 69 2 -10324 -10401
0 19 70 2 -31044 -31104
0 19 71 2 -31084 -31125
0 19 72 2 10336 31085
0 19 73 2 31086 -10340
0 19 74 2 31048 -10345
0 19 75 2 10341 10378
0 19 76 2 10340 31114
0 19 77 2 31073 31132
0 19 78 2 31077 -31078
0 19 79 2 10394 -31058
0 19 80 2 -10343 -31097
0 19 81 2 -31101 31083
0 19 82 2 -10321 -31108
0 19 83 2 -31079 -31103
0 19 84 2 31078 -10369
0 19 85 2 10367 10390
0 19 86 2 -31106 10369
0 19 87 2 31098 -10364
0 19 88 2 -10342 -10368
0 19 89 2 10404 -31065
0 19 90 2 -10377 10342
0 19 91 2 10333 -10345
0 19 92 2 31083 10375
0 19 93 2 -10338 -31079
0 19 94 2 10355 -31098
0 19 95 2 31088 -10354
0 19 96 2 -10374 10349
0 19 97 2 32748 1
0 19 98 2 10377 31108
0 19 99 2 -31089 31078
0 19 100 2 31110 -10356
0 19 101 2 -31094 -10378
0 19 102 2 31099 -10353
0 19 103 2 31079 10382
0 19 104 2 10347 31041
0 19 105 2 31059 10389
0 19 106 2 10368 -10363
0 19 107 2 10352 31091
0 19 108 2 -31091 -10351
0 19 109 2 31029 31097
0 19 110 2 31097 -31087
0 19 111 2 10370 -31115
0 19 112 2 10338 -31105
0 19 113 2 2 26
0 19 114 2 12 10
0 19 115 2 15 -35
0 19 116 2 -19 -17
0 19 117 2 20 2
0 19 118 2 -11 -20
0 19 119 2 -21 3
0 19 120 2 -13 31
0 19 121 2 1 -11
0 19 122 2 11 41
0 19 123 2 -8 8
0 19 124 2 3 -28
0 19 125 2 8 0
0 19 126 2 10 31
0 19 127 2 -28 -7
0 19 128 2 -2 39
0 19 129 2 14 -53
0 19 130 2 3 4
0 19 131 2 3 -14
0 19 132 2 27 -17
0 19 133 2 -6 -13
0 19 134 2 -5 -7
0 19 135 2 -22 -12
0 19 136 2 4 12
0 19 137 2 3 -7
0 19 138 2 -22 -15
0 19 139 2 22 -10
0 19 140 2 13 39
0 19 141 2 14 4
0 19 142 2 11 0
0 19 143 2 -28 0
0 19 144 2 -31027 -31106
0 19 145 2 -31098 31090
0 19 146 2 -10332 -31088
0 19 147 2 -10384 -10350
0 19 148 2 10349 31077
0 19 149 2 -10325 -10401
0 19 150 2 -31079 10320
0 19 151 2 10341 -31058
0 19 152 2 -31073 10363
0 19 153 2 -31090 -31088
0 19 154 2 10384 31058
0 19 155 2 31071 31111
0 19 156 2 -31100 31071
0 19 157 2 -31089 31029
0 19 158 2 -10389 31121
0 19 159 2 32751 -8
0 19 160 2 31090 10409
0 19 161 2 31118 -31061
0 19 162 2 10380 10372
0 19 163 2 -31107 -31125
0 19 164 2 31089 -31087
0 19 165 2 31059 -31089
0 19 166 2 -31099 10362
0 19 167 2 10359 -10314
0 19 168 2 -31091 -31110
0 19 169 2 10334 -31107
0 19 170 2 10338 -31084
0 19 171 2 31041 -10346
0 19 172 2 -31045 10340
0 19 173 2 -10370 10369
0 19 174 2 31073 -31091
0 19 175 2 31058 -31064
0 19 176 2 -31122 10375
0 19 177 2 -31110 31079
0 19 178 2 10346 31080
0 19 179 2 -31073 31069
0 19 180 2 -31100 -10350
0 19 181 2 10363 10344
0 19 182 2 -31098 31076
0 19 183 2 10339 10379
0 19 184 2 -31063 10365
0 19 185 2 31080 -10372
0 19 186 2 10349 31050
0 19 187 2 -10344 -10359
0 19 188 2 10358 -10310
0 19 189 2 10339 31104
0 19 190 2 10335 31048
0 19 191 2 32760 6
0 19 192 2 10363 10360
0 19 193 2 -31090 31043
0 19 194 2 31054 31117
0 19 195 2 31120 -10343
0 19 196 2 31087 31094
0 19 197 2 31113 -31131
0 19 198 2 -31088 -31088
0 19 199 2 -31112 31083
0 19 200 2 31084 10348
0 19 201 2 10360 10400
0 19 202 2 10362 10403
0 19 203 2 -31084 -31065
0 19 204 2 -10348 10356
0 19 205 2 -31123 31070
0 19 206 2 -31081 -31069
0 19 207 2 31091 -31057
0 19 208 2 -31051 10354
0 19 209 2 10388 -10365
0 19 210 2 -31076 -10349
0 19 211 2 -10377 10365
0 19 212 2 10346 31079
0 19 213 2 -31059 31066
0 19 214 2 31068 10357
0 19 215 2 31065 31082
0 19 216 2 -10395 10339
0 19 217 2 10388 10349
0 19 218 2 -31069 31084
0 19 219 2 31083 -10358
0 19 220 2 -31059 -31087
0 19 221 2 -10357 -31067
0 19 222 2 10351 10349
0 19 223 2 32748 11
0 19 224 2 -10361 -10353
0 19 225 2 31112 10407
0 19 226 2 -10370 -10375
0 19 227 2 -10376 31075
0 19 228 2 -31092 -31102
0 19 229 2 31065 31118
0 19 230 2 -10375 10379
0 19 231 2 10367 31084
0 19 232 2 -31083 10351
0 19 233 2 -31102 -31111
0 19 234 2 -10359 10361
0 19 235 2 31106 10372
0 19 236 2 10339 31080
0 19 237 2 10349 10352
0 19 238 2 31043 -10344
0 19 239 2 31080 31087
0 19 240 2 -31078 -31059
0 19 241 2 31082 -31103
0 19 242 2 -10396 10368
0 19 243 2 -10352 -31083
0 19 244 2 10362 31065
0 19 245 2 31101 10379
0 19 246 2 -10378 10353
0 19 247 2 -31105 -31055
0 19 248 2 10344 -10365
0 19 249 2 -10350 31096
0 19 250 2 10415 -31085
0 19 251 2 10315 31064
0 19 252 2 -31103 10322
0 19 253 2 31059 31094
0 19 254 2 10374 -31051
0 19 255 2 32761 24
0 20 0 2 -442 108
0 20 1 2 32789 7
0 20 2 2 -10372 31080
0 20 3 2 -31084 10371
0 20 4 2 10371 -10332
0 20 5 2 -31063 10334
0 20 6 2 -31101 -31100
0 20 7 2 10384 -10379
0 20 8 2 10372 10351
0 20 9 2 -10379 31079
0 20 10 2 -10343 10356
0 20 11 2 31057 31096
0 20 12 2 -31094 10351
0 20 13 2 31047 31090
0 20 14 2 -10396 31128
0 20 15 2 -31087 -10400
0 20 16 2 10325 31103
0 20 17 2 -10341 -10373
0 20 18 2 31086 31111
0 20 19 2 -10351 31069
0 20 20 2 -31086 -31112
0 20 21 2 10378 10334
0 20 22 2 -31038 10364
0 20 23 2 -31075 31088
0 20 24 2 -31095 -31072
0 20 25 2 -31088 31054
0 20 26 2 -31100 10373
0 20 27 2 -10390 -31091
0 20 28 2 -31075 -31085
0 20 29 2 -10357 -10397
0 20 30 2 -31072 -10355
0 20 31 2 31077 10357
0 20 32 2 -10366 31050
0 20 33 2 32775 27
0 20 34 2 -10370 -10418
0 20 35 2 31045 -10357
0 20 36 2 -10377 31109
0 20 37 2 -10330 -31064
0 20 38 2 -31084 31088
0 20 39 2 -31086 31111
0 20 40 2 -31073 10323
0 20 41 2 -10375 31063
0 20 42 2 10366 -31054
0 20 43 2 -31093 10360
0 20 44 2 31117 -31076
0 20 45 2 10323 31078
0 20 46 2 -31058 31079
0 20 47 2 -31085 31049
0 20 48 2 31100 -31121
0 20 49 2 -31090 31077
0 20 50 2 -10355 -10377
0 20 51 2 10345 31075
0 20 52 2 10377 -31065
0 20 53 2 -31079 -31101
0 20 54 2 -31088 -10349
0 20 55 2 31066 -31099
0 20 56 2 31070 31110
0 20 57 2 31114 -31071
0 20 58 2 -31086 -31100
0 20 59 2 10359 31069
0 20 60 2 10344 31095
0 20 61 2 -10362 -31062
0 20 62 2 31060 31110
0 20 63 2 10341 10380
0 20 64 2 -10353 10369
0 20 65 2 32795 22
0 20 66 2 31083 -10351
0 20 67 2 31082 31080
0 20 68 2 10364 31082
0 20 69 2 -31075 -31110
0 20 70 2 -10320 -31090
0 20 71 2 -31067 10370
0 20 72 2 31070 -10367
0 20 73 2 10365 -10350
0 20 74 2 -10389 10334
0 20 75 2 -31094 -31086
0 20 76 2 10373 -10397
0 20 77 2 -10326 10386
0 20 78 2 -10367 31097
0 20 79 2 10377 31125
0 20 80 2 -31095 -31091
0 20 81 2 31046 31101
0 20 82 2 -31075 -10365
0 20 83 2 31088 31110
0 20 84 2 31089 -31061
0 20 85 2 -10373 -31091
0 20 86 2 31052 10353
0 20 87 2 31061 10373
0 20 88 2 -10391 10373
0 20 89 2 10339 -31081
0 20 90 2 10360 31081
0 20 91 2 -10361 -10352
0 20 92 2 10366 -31074
0 20 93 2 -31062 31086
0 20 94 2 10320 31083
0 20 95 2 -31097 10383
0 20 96 2 -31099 10328
0 20 97 2 32781 36
0 20 98 2 -31083 10339
0 20 99 2 -31096 -31102
0 20 100 2 -31080 -31126
0 20 101 2 10394 10331
0 20 102 2 10350 31070
0 20 103 2 10376 -10361
0 20 104 2 -10329 31049
0 20 105 2 -31093 10356
0 20 106 2 31097 -31071
0 20 107 2 31071 10330
0 20 108 2 31099 10361
0 20 109 2 -31078 31063
0 20 110 2 10373 -10316
0 20 111 2 10322 -10365
0 20 112 2 10372 -31103
0 20 113 2 19 -5
0 20 114 2 11 -2
0 20 115 2 0 -2
0 20 116 2 -21 39
0 20 117 2 0 -16
0 20 118 2 7 10
0 20 119 2 -11 14
0 20 120 2 1 -5
0 20 121 2 -1 -2
0 20 122 2 10 1
0 20 123 2 0 2
0 20 124 2 -3 -5
0 20 125 2 10 7
0 20 126 2 -39 -18
0 20 127 2 7 35
0 20 128 2 -14 -54
0 20 129 2 -9 32
0 20 130 2 35 0
0 20 131 2 24 -8
0 20 132 2 -17 8
0 20 133 2 10 -1
0 20 134 2 -6 2
0 20 135 2 33 6
0 20 136 2 19 -5
0 20 137 2 -20 -13
0 20 138 2 -40 -8
0 20 139 2 6 25
0 20 140 2 -3 18
0 20 141 2 -6 12
0 20 142 2 8 -3
0 20 143 2 -12 -9
0 20 144 2 10316 31090
0 20 145 2 -31050 -10340
0 20 146 2 -31076 -10385
0 20 147 2 10334 -31099
0 20 148 2 -31088 -31095
0 20 149 2 -31112 10301
0 20 150 2 10320 10362
0 20 151 2 -31081 10368
0 20 152 2 -10381 -31097
0 20 153 2 31092 -10347
0 20 154 2 10383 -31102
0 20 155 2 -31051 -10375
0 20 156 2 -31082 31073
0 20 157 2 10379 -10355
0 20 158 2 31064 -10362
0 20 159 2 32742 -8
0 20 160 2 -10351 10321
0 20 161 2 10351 10378
0 20 162 2 31112 10317
0 20 163 2 10335 31065
0 20 164 2 31092 -10360
0 20 165 2 31083 31078
0 20 166 2 -31090 -31091
0 20 167 2 -10343 -31059
0 20 168 2 31085 31105
0 20 169 2 -31122 -10404
0 20 170 2 10356 -31062
0 20 171 2 31050 -10322
0 20 172 2 -10344 -31066
0 20 173 2 31086 -31065
0 20 174 2 31079 31082
0 20 175 2 31085 -31035
0 20 176 2 31098 -10350
0 20 177 2 -31073 31056
0 20 178 2 31088 10391
0 20 179 2 -10319 -31088
0 20 180 2 10372 -31071
0 20 181 2 -10384 10387
0 20 182 2 -31097 -31074
0 20 183 2 -10346 -10358
0 20 184 2 10347 -10342
0 20 185 2 -31131 10326
0 20 186 2 -10362 -10380
0 20 187 2 -31094 -31083
0 20 188 2 -31061 31087
0 20 189 2 -10349 31084
0 20 190 2 31091 10370
0 20 191 2 32773 17
0 20 192 2 31105 31145
0 20 193 2 -31073 -31084
0 20 194 2 -31056 -31088
0 20 195 2 -10395 -10358
0 20 196 2 31113 -31101
0 20 197 2 10393 -31104
0 20 198 2 -10390 31097
0 20 199 2 -31078 -10379
0 20 200 2 31097 10390
0 20 201 2 -31059 31071
0 20 202 2 -10356 -10365
0 20 203 2 -10363 -10365
0 20 204 2 -10363 31079
0 20 205 2 -31068 31074
0 20 206 2 -10386 10385
0 20 207 2 10374 -31056
0 20 208 2 -10338 -31094
0 20 209 2 -10350 -31086
0 20 210 2 -31098 -10383
0 20 211 2 31085 31109
0 20 212 2 10352 -10383
0 20 213 2 -10345 -31133
0 20 214 2 10368 -10378
0 20 215 2 31077 31101
0 20 216 2 10363 31070
0 20 217 2 -10332 -31109
0 20 218 2 10361 10337
0 20 219 2 -31104 31053
0 20 220 2 -31086 -31121
0 20 221 2 31063 10369
0 20 222 2 10385 -31100
0 20 223 2 32775 54
0 20 224 2 -10390 -10380
0 20 225 2 10359 -31098
0 20 226 2 -10362 -10350
0 20 227 2 10338 31083
0 20 228 2 31141 10371
0 20 229 2 31054 31081
0 20 230 2 31057 31103
0 20 231 2 -10345 -10394
0 20 232 2 -10346 31081
0 20 233 2 31102 10379
0 20 234 2 -31073 -10346
0 20 235 2 10371 -31096
0 20 236 2 -31129 10390
0 20 237 2 -10401 31068
0 20 238 2 -31090 -31104
0 20 239 2 10344 10376
0 20 240 2 10341 10367
0 20 241 2 10347 10392
0 20 242 2 -10380 31112
0 20 243 2 -31091 31076
0 20 244 2 -10362 31107
0 20 245 2 10352 10369
0 20 246 2 -10358 -31090
0 20 247 2 -31055 10354
0 20 248 2 31084 -10330
0 20 249 2 31088 31088
0 20 250 2 10341 31075
0 20 251 2 10353 -10357
0 20 252 2 -10311 -31103
0 20 253 2 -31077 -31126
0 20 254 2 -31096 10356
0 20 255 2 32761 -12
0 21 0 2 -454 101
0 21 1 2 32737 3
0 21 2 2 -10347 -31086
0 21 3 2 10344 -31093
0 21 4 2 10364 10393
0 21 5 2 10360 -10394
0 21 6 2 10377 31042
0 21 7 2 31088 -10329
0 21 8 2 10334 10383
0 21 9 2 -31054 31031
0 21 10 2 -10361 31065
0 21 11 2 10350 31108
0 21 12 2 -31088 -10363
0 21 13 2 10359 31124
0 21 14 2 10392 -31093
0 21 15 2 -10381 31071
0 21 16 2 31105 31093
0 21 17 2 -31067 -31067
0 21 18 2 -10346 -10376
0 21 19 2 10330 -31097
0 21 20 2 -31078 -10352
0 21 21 2 -10315 -31092
0 21 22 2 31083 31085
0 21 23 2 -31105 10330
0 21 24 2 10393 -31109
0 21 25 2 10388 -10334
0 21 26 2 -10375 -31082
0 21 27 2 10335 10371
0 21 28 2 -10353 10323
0 21 29 2 31086 10366
0 21 30 2 31053 -31050
0 21 31 2 -31107 10351
0 21 32 2 -31077 -31123
0 21 33 2 32744 21
0 21 34 2 31080 10388
0 21 35 2 -31082 10342
0 21 36 2 -10368 -10342
0 21 37 2 10374 -31109
0 21 38 2 -10353 -10355
0 21 39 2 10372 -31062
0 21 40 2 10330 31058
0 21 41 2 10367 -10337
0 21 42 2 31070 10341
0 21 43 2 -10376 -31088
0 21 44 2 10369 10368
0 21 45 2 -31064 -31118
0 21 46 2 10350 31098
0 21 47 2 31057 31091
0 21 48 2 10372 -31092
0 21 49 2 31122 -31040
0 21 50 2 -10320 -10368
0 21 51 2 10342 31082
0 21 52 2 -31103 -10374
0 21 53 2 10332 31091
0 21 54 2 -31091 31081
0 21 55 2 31068 -10341
0 21 56 2 -31092 10342
0 21 57 2 31076 -31083
0 21 58 2 10356 10386
0 21 59 2 10366 -10340
0 21 60 2 10336 10388
0 21 61 2 -31089 10348
0 21 62 2 10361 -10355
0 21 63 2 31085 -10324
0 21 64 2 10363 -10370
0 21 65 2 32773 30
0 21 66 2 -31077 31093
0 21 67 2 10359 -31117
0 21 68 2 10403 10376
0 21 69 2 10417 -31092
0 21 70 2 -31097 31046
0 21 71 2 10324 10392
0 21 72 2 10358 31077
0 21 73 2 10313 31084
0 21 74 2 -10344 -10393
0 21 75 2 -10371 31084
0 21 76 2 -10350 -10342
0 21 77 2 -31113 -31072
0 21 78 2 -10359 31049
0 21 79 2 10367 -31075
0 21 80 2 -10352 -10379
0 21 81 2 -10346 -10390
0 21 82 2 -31075 10359
0 21 83 2 31070 -10349
0 21 84 2 -31079 -31117
0 21 85 2 10362 31076
0 21 86 2 10326 31056
0 21 87 2 -31073 -10369
0 21 88 2 31111 -10365
0 21 89 2 -31109 10340
0 21 90 2 10373 -10368
0 21 91 2 -10391 -10375
0 21 92 2 -10350 31098
0 21 93 2 -31117 31077
0 21 94 2 -31099 10329
0 21 95 2 10335 -31089
0 21 96 2 -10388 10338
0 21 97 2 32777 22
0 21 98 2 10362 31085
0 21 99 2 -31081 -31094
0 21 100 2 -10366 -10374
0 21 101 2 -10341 -10355
0 21 102 2 31109 -10337
0 21 103 2 10370 -10371
0 21 104 2 -31052 10353
0 21 105 2 10358 31085
0 21 106 2 -10354 -31104
0 21 107 2 -10375 -31068
0 21 108 2 10390 -31104
0 21 109 2 -10351 31069
0 21 110 2 -10377 31075
0 21 111 2 -31075 31065
0 21 112 2 10343 10387
0 21 113 2 9 -15
0 21 114 2 0 -25
0 21 115 2 7 7
0 21 116 2 22 -12
0 21 117 2 50 -24
0 21 118 2 20 -3
0 21 119 2 -19 22
0 21 120 2 -4 -21
0 21 121 2 -2 0
0 21 122 2 7 23
0 21 123 2 -21 6
0 21 124 2 -11 -8
0 21 125 2 34 -22
0 21 126 2 -14 8
0 21 127 2 34 -20
0 21 128 2 -4 -15
0 21 129 2 -24 -15
0 21 130 2 -8 -10
0 21 131 2 -23 -34
0 21 132 2 -23 33
0 21 133 2 -1 20
0 21 134 2 -19 -10
0 21 135 2 -16 -7
0 21 136 2 3 1
0 21 137 2 -11 -15
0 21 138 2 0 4
0 21 139 2 14 3
0 21 140 2 29 11
0 21 141 2 11 21
0 21 142 2 8 19
0 21 143 2 20 -9
0 21 144 2 -31054 10362
0 21 145 2 31084 31106
0 21 146 2 -10366 -10383
0 21 147 2 -31098 10348
0 21 148 2 31109 -31043
0 21 149 2 31067 31112
0 21 150 2 -10354 -31047
0 21 151 2 10348 31060
0 21 152 2 10346 31086
0 21 153 2 -31095 10355
0 21 154 2 -10342 -31054
0 21 155 2 -10374 -10359
0 21 156 2 -10399 31088
0 21 157 2 10385 -31094
0 21 158 2 -10343 31100
0 21 159 2 32736 26
0 21 160 2 31115 -10318
0 21 161 2 31059 31111
0 21 162 2 -10381 -10371
0 21 163 2 -10356 31033
0 21 164 2 -31111 10347
0 21 165 2 -10390 10358
0 21 166 2 -31114 10349
0 21 167 2 10341 -10366
0 21 168 2 31106 10348
0 21 169 2 -10342 -31055
0 21 170 2 31106 31090
0 21 171 2 -10383 31075
0 21 172 2 -31074 10365
0 21 173 2 -31098 31053
0 21 174 2 31066 -10371
0 21 175 2 31062 -10355
0 21 176 2 31051 31085
0 21 177 2 31094 -31056
0 21 178 2 31094 31078
0 21 179 2 10372 -31059
0 21 180 2 31115 31112
0 21 181 2 -31106 31053
0 21 182 2 -10373 10357
0 21 183 2 31112 -10357
0 21 184 2 10338 10372
0 21 185 2 -10386 -10344
0 21 186 2 31070 31124
0 21 187 2 10339 31107
0 21 188 2 -10364 -31084
0 21 189 2 -31093 10338
0 21 190 2 31097 -10333
0 21 191 2 32754 -13
0 21 192 2 10359 10388
0 21 193 2 31103 -10317
0 21 194 2 -31079 10363
0 21 195 2 -10378 -31099
0 21 196 2 10402 -31098
0 21 197 2 -10372 -31094
0 21 198 2 -10345 10383
0 21 199 2 -31062 -10342
0 21 200 2 -31073 -10370
0 21 201 2 10367 -10368
0 21 202 2 -31084 31101
0 21 203 2 -10386 31057
0 21 204 2 -31067 -31105
0 21 205 2 -10324 -31027
0 21 206 2 -31070 31081
0 21 207 2 -31118 -31070
0 21 208 2 10353 10382
0 21 209 2 10399 -10372
0 21 210 2 31055 -10322
0 21 211 2 -31071 10360
0 21 212 2 -31104 31092
0 21 213 2 -31104 10336
0 21 214 2 -10379 -31084
0 21 215 2 10371 10354
0 21 216 2 10407 -10361
0 21 217 2 -31061 -31081
0 21 218 2 -10399 -31063
0 21 219 2 31098 -10336
0 21 220 2 31104 -10365
0 21 221 2 31148 -31112
0 21 222 2 31095 31093
0 21 223 2 32764 3
0 21 224 2 10342 31103
0 21 225 2 -31077 -31082
0 21 226 2 10339 -10378
0 21 227 2 31079 10374
0 21 228 2 10364 31107
0 21 229 2 31082 31073
0 21 230 2 -31096 10344
0 21 231 2 -31070 -10361
0 21 232 2 10368 10347
0 21 233 2 -31097 10346
0 21 234 2 -10357 31079
0 21 235 2 31089 10373
0 21 236 2 -10369 10317
0 21 237 2 -31061 10366
0 21 238 2 -31072 -31101
0 21 239 2 31107 -31072
0 21 240 2 10388 -31080
0 21 241 2 -10344 -10427
0 21 242 2 -10372 31068
0 21 243 2 10339 10375
0 21 244 2 10342 31082
0 21 245 2 10378 -31064
0 21 246 2 10375 -10362
0 21 247 2 -31077 -10382
0 21 248 2 -31075 -31096
0 21 249 2 31080 -31083
0 21 250 2 10373 -10355
0 21 251 2 10365 31052
0 21 252 2 10384 -31059
0 21 253 2 10367 -10350
0 21 254 2 -31068 -10367
0 21 255 2 32783 23
0 22 0 2 -468 70
0 22 1 2 32786 10
0 22 2 2 10373 -31059
0 22 3 2 31057 10405
0 22 4 2 31090 10355
0 22 5 2 -10346 31074
0 22 6 2 -10380 10355
0 22 7 2 -31076 -31078
0 22 8 2 31074 31103
0 22 9 2 -10372 10350
0 22 10 2 -10377 31093
0 22 11 2 -10299 -31058
0 22 12 2 31071 10387
0 22 13 2 -31087 10346
0 22 14 2 -10370 10351
0 22 15 2 10320 10377
0 22 16 2 10365 10368
0 22 17 2 -10321 -31076
0 22 18 2 31084 31072
0 22 19 2 31058 31055
0 22 20 2 10363 31055
0 22 21 2 31074 10357
0 22 22 2 10365 -10374
0 22 23 2 -10378 -10369
0 22 24 2 31131 10361
0 22 25 2 31046 10328
0 22 26 2 10360 -10381
0 22 27 2 -10343 -31082
0 22 28 2 -31062 10407
0 22 29 2 31078 10371
0 22 30 2 -31088 31093
0 22 31 2 10377 -31110
0 22 32 2 -10347 -10332
0 22 33 2 32776 28
0 22 34 2 10343 10366
0 22 35 2 10375 -10349
0 22 36 2 -10379 -10342
0 22 37 2 31077 10329
0 22 38 2 31092 -31057
0 22 39 2 -31097 10354
0 22 40 2 -10350 10331
0 22 41 2 31067 31066
0 22 42 2 31080 31105
0 22 43 2 31068 31082
0 22 44 2 31122 -31075
0 22 45 2 31073 10357
0 22 46 2 10363 31089
0 22 47 2 -10379 31101
0 22 48 2 10346 -31085
0 22 49 2 -31068 -31078
0 22 50 2 -31083 -10379
0 22 51 2 10350 10371
0 22 52 2 -31077 10335
0 22 53 2 -31109 31096
0 22 54 2 -31069 -31099
0 22 55 2 10305 31089
0 22 56 2 -10386 -10361
0 22 57 2 31045 31088
0 22 58 2 10398 -31108
0 22 59 2 31071 -10380
0 22 60 2 -31093 -31112
0 22 61 2 31088 -31067
0 22 62 2 10351 31082
0 22 63 2 -10345 10358
0 22 64 2 10370 31066
0 22 65 2 32792 8
0 22 66 2 -31070 -10337
0 22 67 2 -31080 10347
0 22 68 2 -10370 -10358
0 22 69 2 10355 -10334
0 22 70 2 10346 10366
0 22 71 2 31058 10385
0 22 72 2 10368 -10340
0 22 73 2 10352 10378
0 22 74 2 10379 -10328
0 22 75 2 10346 31094
0 22 76 2 10364 -31069
0 22 77 2 31093 -31069
0 22 78 2 31080 -31039
0 22 79 2 31095 -31045
0 22 80 2 -31091 31058
0 22 81 2 10355 10368
0 22 82 2 -10365 10366
0 22 83 2 10377 -10345
0 22 84 2 -10346 10376
0 22 85 2 31093 -10378
0 22 86 2 -10376 -10378
0 22 87 2 -31121 31076
0 22 88 2 -31100 10326
0 22 89 2 -31102 31071
0 22 90 2 31059 -10345
0 22 91 2 -10402 31069
0 22 92 2 -31117 10374
0 22 93 2 10361 10346
0 22 94 2 -31106 -31058
0 22 95 2 31085 -10354
0 22 96 2 31063 31098
0 22 97 2 32762 18
0 22 98 2 31059 -31104
0 22 99 2 10366 -10342
0 22 100 2 -10334 10399
0 22 101 2 -10380 -10313
0 22 102 2 31081 10346
0 22 103 2 -31093 -31095
0 22 104 2 -10410 -10394
0 22 105 2 -10382 -10346
0 22 106 2 10387 31088
0 22 107 2 10368 -31047
0 22 108 2 -31104 10345
0 22 109 2 31086 31085
0 22 110 2 31060 31080
0 22 111 2 10305 10357
0 22 112 2 10358 -10340
0 22 113 2 18 17
0 22 114 2 -49 27
0 22 115 2 -31 -8
0 22 116 2 0 -13
0 22 117 2 -3 11
0 22 118 2 -12 -1
0 22 119 2 18 -24
0 22 120 2 8 -12
0 22 121 2 32 -26
0 22 122 2 -5 8
0 22 123 2 -30 -53
0 22 124 2 1 -17
0 22 125 2 -24 -9
0 22 126 2 46 16
0 22 127 2 12 -5
0 22 128 2 -10 20
0 22 129 2 -3 9
0 22 130 2 5 -10
0 22 131 2 24 -3
0 22 132 2 5 -30
0 22 133 2 12 -31
0 22 134 2 15 12
0 22 135 2 -11 -15
0 22 136 2 19 1
0 22 137 2 -13 -13
0 22 138 2 -4 23
0 22 139 2 16 -6
0 22 140 2 -6 6
0 22 141 2 22 4
0 22 142 2 -5 55
0 22 143 2 -26 8
0 22 144 2 -10371 31099
0 22 145 2 -31083 10356
0 22 146 2 31057 31076
0 22 147 2 10372 -10344
0 22 148 2 -31076 -31037
0 22 149 2 31129 -31098
0 22 150 2 31083 -10366
0 22 151 2 31113 -10380
0 22 152 2 31065 -10334
0 22 153 2 -31100 31068
0 22 154 2 -10364 -31116
0 22 155 2 -31086 -10377
0 22 156 2 -31055 -31108
0 22 157 2 10404 -31103
0 22 158 2 -31074 -31089
0 22 159 2 32763 26
0 22 160 2 -31102 31118
0 22 161 2 -10371 31088
0 22 162 2 -10383 -10329
0 22 163 2 -31077 -10373
0 22 164 2 31063 10362
0 22 165 2 -31090 -31077
0 22 166 2 31086 31097
0 22 167 2 -10339 -31070
0 22 168 2 -31076 10377
0 22 169 2 31071 31080
0 22 170 2 10333 31062
0 22 171 2 10366 31079
0 22 172 2 31075 31113
0 22 173 2 -31107 31047
0 22 174 2 -31061 10366
0 22 175 2 31084 31087
0 22 176 2 -31085 -31083
0 22 177 2 -31079 -31127
0 22 178 2 10351 31100
0 22 179 2 -31075 -10365
0 22 180 2 -10378 31089
0 22 181 2 -31081 31081
0 22 182 2 10376 -10342
0 22 183 2 -31112 -31089
0 22 184 2 -31112 10381
0 22 185 2 10374 -31070
0 22 186 2 10380 -10319
0 22 187 2 -10340 10344
0 22 188 2 -10348 -10375
0 22 189 2 31067 -10340
0 22 190 2 -31087 10347
0 22 191 2 32739 -5
0 22 192 2 -31080 -31088
0 22 193 2 31073 10365
0 22 194 2 -10381 31079
0 22 195 2 -10349 -10372
0 22 196 2 -31106 -10378
0 22 197 2 10381 31119
0 22 198 2 -31072 31105
0 22 199 2 -31101 31049
0 22 200 2 31058 31124
0 22 201 2 -31098 10360
0 22 202 2 -10333 -31087
0 22 203 2 -31075 31064
0 22 204 2 -31102 10360
0 22 205 2 -10392 10377
0 22 206 2 -31109 10362
0 22 207 2 -31089 10352
0 22 208 2 -31094 10329
0 22 209 2 31072 -31080
0 22 210 2 10341 -31090
0 22 211 2 -10366 31084
0 22 212 2 31066 31118
0 22 213 2 10351 31080
0 22 214 2 -31068 31043
0 22 215 2 31043 10392
0 22 216 2 10371 -31072
0 22 217 2 -31069 10402
0 22 218 2 31087 31118
0 22 219 2 31068 10362
0 22 220 2 10373 -31078
0 22 221 2 -10393 -10361
0 22 222 2 10355 31089
0 22 223 2 32765 2
0 22 224 2 10350 31087
0 22 225 2 31071 -10364
0 22 226 2 -31104 10384
0 22 227 2 10373 -31061
0 22 228 2 -31053 -31096
0 22 229 2 -10350 -10355
0 22 230 2 -31105 31087
0 22 231 2 10365 10353
0 22 232 2 -31084 -31076
0 22 233 2 -31045 -31097
0 22 234 2 -31074 -31099
0 22 235 2 10371 -10350
0 22 236 2 31086 -31050
0 22 237 2 31083 -10325
0 22 238 2 -10381 -31082
0 22 239 2 -31062 -10373
0 22 240 2 -10347 -31067
0 22 241 2 -10325 -31088
0 22 242 2 10347 31097
0 22 243 2 31101 -10351
0 22 244 2 10373 10356
0 22 245 2 10356 10356
0 22 246 2 10389 -31073
0 22 247 2 10353 31064
0 22 248 2 31078 -10368
0 22 249 2 -10365 -31078
0 22 250 2 -10377 -10404
0 22 251 2 -10332 -31075
0 22 252 2 10372 -31081
0 22 253 2 -10358 10347
0 22 254 2 31100 -31080
0 22 255 2 32733 42
0 23 0 2 -479 86
0 23 1 2 32738 -9
0 23 2 2 31083 -31024
0 23 3 2 10338 31076
0 23 4 2 31083 -31106
0 23 5 2 31106 -31085
0 23 6 2 -31060 10373
0 23 7 2 31072 10383
0 23 8 2 31054 -10367
0 23 9 2 -10383 31080
0 23 10 2 -10328 -10369
0 23 11 2 -10367 31098
0 23 12 2 31067 31077
0 23 13 2 31121 -31113
0 23 14 2 31066 31101
0 23 15 2 10355 -10360
0 23 16 2 -31073 -10348
0 23 17 2 -31104 10365
0 23 18 2 31081 -31068
0 23 19 2 10391 -10348
0 23 20 2 -10347 10368
0 23 21 2 -10355 31078
0 23 22 2 31047 10367
0 23 23 2 10355 10345
0 23 24 2 31060 10357
0 23 25 2 10371 -10338
0 23 26 2 -10336 -10341
0 23 27 2 10401 -31079
0 23 28 2 -31089 31078
0 23 29 2 -10374 10344
0 23 30 2 10359 31072
0 23 31 2 31110 31087
0 23 32 2 10335 10369
0 23 33 2 32795 7
0 23 34 2 -10366 -10335
0 23 35 2 10377 -10338
0 23 36 2 -10357 31081
0 23 37 2 10375 -31093
0 23 38 2 -10353 -10350
0 23 39 2 31110 10355
0 23 40 2 31087 31096
0 23 41 2 31070 10356
0 23 42 2 10389 -31067
0 23 43 2 -31089 -31118
0 23 44 2 10336 -10358
0 23 45 2 10314 31075
0 23 46 2 -10334 -31102
0 23 47 2 -10368 10385
0 23 48 2 10329 31080
0 23 49 2 31103 -31109
0 23 50 2 31090 -10343
0 23 51 2 31097 10372
0 23 52 2 31092 -10345
0 23 53 2 -31112 10348
0 23 54 2 -10334 -10359
0 23 55 2 31104 -31080
0 23 56 2 -10360 31089
0 23 57 2 10342 -10376
0 23 58 2 -31076 -10383
0 23 59 2 10370 -31060
0 23 60 2 -31118 31046
0 23 61 2 10379 -10346
0 23 62 2 -31048 -31072
0 23 63 2 -31118 31062
0 23 64 2 -31087 10358
0 23 65 2 32787 28
0 23 66 2 10353 -10371
0 23 67 2 31084 31085
0 23 68 2 31061 31092
0 23 69 2 31119 31085
0 23 70 2 31080 -10340
0 23 71 2 -10329 10353
0 23 72 2 -10375 31081
0 23 73 2 10386 -31079
0 23 74 2 -31082 10343
0 23 75 2 10381 10408
0 23 76 2 10381 -31083
0 23 77 2 -10386 10372
0 23 78 2 -31080 -10352
0 23 79 2 -10364 31073
0 23 80 2 -10355 31054
0 23 81 2 -31056 10365
0 23 82 2 31091 31095
0 23 83 2 10375 31110
0 23 84 2 -10360 31061
0 23 85 2 -10355 -10352
0 23 86 2 -31099 10347
0 23 87 2 10327 31091
0 23 88 2 -31059 10358
0 23 89 2 31080 31078
0 23 90 2 -10360 31105
0 23 91 2 31104 -10354
0 23 92 2 -10377 31115
0 23 93 2 -31099 31046
0 23 94 2 -31105 31077
0 23 95 2 -31070 -31105
0 23 96 2 -31112 -10351
0 23 97 2 32790 -1
0 23 98 2 10373 -10356
0 23 99 2 10357 10387
0 23 100 2 31093 -31079
0 23 101 2 31087 10366
0 23 102 2 -10301 -31104
0 23 103 2 -31115 -10354
0 23 104 2 -31090 -31078
0 23 105 2 10355 10374
0 23 106 2 -10340 10329
0 23 107 2 31092 -31070
0 23 108 2 -10346 -10342
0 23 109 2 10376 -31072
0 23 110 2 -10351 10377
0 23 111 2 -31090 -10368
0 23 112 2 10353 10385
0 23 113 2 4 -12
0 23 114 2 9 5
0 23 115 2 -10 12
0 23 116 2 11 39
0 23 117 2 22 -19
0 23 118 2 2 -8
0 23 119 2 18 15
0 23 120 2 8 1
0 23 121 2 -4 -15
0 23 122 2 14 -28
0 23 123 2 8 11
0 23 124 2 -1 9
0 23 125 2 -10 -10
0 23 126 2 -21 0
0 23 127 2 1 10
0 23 128 2 20 13
0 23 129 2 10 -12
0 23 130 2 -12 22
0 23 131 2 32 21
0 23 132 2 -3 30
0 23 133 2 12 -13
0 23 134 2 -7 -21
0 23 135 2 -1 18
0 23 136 2 -16 -13
0 23 137 2 -19 30
0 23 138 2 31 -13
0 23 139 2 -5 -4
0 23 140 2 5 -10
0 23 141 2 -16 4
0 23 142 2 -2 1
0 23 143 2 -15 -4
0 23 144 2 31079 -31081
0 23 145 2 31064 31139
0 23 146 2 31106 31112
0 23 147 2 10388 -31090
0 23 148 2 -10353 -31091
0 23 149 2 31093 10374
0 23 150 2 -10363 -31095
0 23 151 2 -10364 10345
0 23 152 2 -31096 -10349
0 23 153 2 -31088 10347
0 23 154 2 -31073 -10371
0 23 155 2 10318 -10387
0 23 156 2 10376 -31074
0 23 157 2 -10382 31065
0 23 158 2 31065 -10339
0 23 159 2 32759 40
0 23 160 2 -10365 31070
0 23 161 2 10351 10349
0 23 162 2 31085 -31077
0 23 163 2 31096 -31081
0 23 164 2 -10330 10330
0 23 165 2 -10343 -10347
0 23 166 2 -31099 31059
0 23 167 2 10357 31123
0 23 168 2 10382 31083
0 23 169 2 10388 10394
0 23 170 2 -31080 -10369
0 23 171 2 10335 31081
0 23 172 2 -10367 10356
0 23 173 2 31090 -31071
0 23 174 2 -31114 -31095
0 23 175 2 -10402 31066
0 23 176 2 -10365 -10358
0 23 177 2 -31043 -31056
0 23 178 2 -10374 10401
0 23 179 2 -10319 -10381
0 23 180 2 31088 31085
0 23 181 2 -10360 31062
0 23 182 2 10373 -31088
0 23 183 2 -31110 10341
0 23 184 2 -10343 10371
0 23 185 2 10369 -31089
0 23 186 2 31107 -31061
0 23 187 2 10343 31058
0 23 188 2 10342 31112
0 23 189 2 -31086 10356
0 23 190 2 -10364 -10369
0 23 191 2 32745 4
0 23 192 2 -31107 -10394
0 23 193 2 -31096 31084
0 23 194 2 -10358 -10359
0 23 195 2 -10394 31111
0 23 196 2 31085 10381
0 23 197 2 10347 31084
0 23 198 2 -31098 31077
0 23 199 2 10353 -10375
0 23 200 2 -31092 -31106
0 23 201 2 10378 10357
0 23 202 2 -31075 31088
0 23 203 2 -10362 31042
0 23 204 2 -10346 -10342
0 23 205 2 -10351 -10350
0 23 206 2 -10351 31069
0 23 207 2 -31054 -31133
0 23 208 2 10361 -31087
0 23 209 2 31089 -31089
0 23 210 2 10338 -31079
0 23 211 2 -10335 10336
0 23 212 2 10365 -10341
0 23 213 2 -10354 -10347
0 23 214 2 -10367 -31097
0 23 215 2 -31064 31076
0 23 216 2 31061 -10363
0 23 217 2 10368 10380
0 23 218 2 31064 31128
0 23 219 2 10404 -31091
0 23 220 2 31142 -31078
0 23 221 2 31039 10350
0 23 222 2 10373 -10375
0 23 223 2 32753 9
0 23 224 2 10338 -10360
0 23 225 2 -31112 10359
0 23 226 2 31082 31100
0 23 227 2 31120 -10397
0 23 228 2 10359 10356
0 23 229 2 -10314 -10368
0 23 230 2 -10359 10349
0 23 231 2 31064 -10355
0 23 232 2 -10356 -31063
0 23 233 2 10334 -10362
0 23 234 2 -10378 31056
0 23 235 2 -31104 31080
0 23 236 2 -31077 -31125
0 23 237 2 31075 10383
0 23 238 2 -31061 -10362
0 23 239 2 31111 31104
0 23 240 2 10326 10381
0 23 241 2 10373 -10366
0 23 242 2 10367 -31065
0 23 243 2 -31076 -31101
0 23 244 2 10302 -10359
0 23 245 2 -10352 10326
0 23 246 2 -31103 10336
0 23 247 2 -10361 -10377
0 23 248 2 -10349 -31049
0 23 249 2 -31051 -31078
0 23 250 2 -10353 -31095
0 23 251 2 -31092 -10360
0 23 252 2 31071 -10347
0 23 253 2 -31087 10377
0 23 254 2 -31095 -31116
0 23 255 2 32781 17
0 24 0 2 -443 88
0 24 1 2 32763 22
0 24 2 2 31115 -31112
0 24 3 2 -10369 31074
0 24 4 2 -10359 31093
0 24 5 2 31076 10350
0 24 6 2 10325 -10345
0 24 7 2 31113 -31073
0 24 8 2 10357 -10353
0 24 9 2 31141 -10382
0 24 10 2 -31104 10366
0 24 11 2 -10352 -10395
0 24 12 2 -10346 10360
0 24 13 2 -31073 -31086
0 24 14 2 31061 -31055
0 24 15 2 31095 10393
0 24 16 2 -31069 10364
0 24 17 2 -31088 -10366
0 24 18 2 -10341 10385
0 24 19 2 31066 31096
0 24 20 2 10374 -10346
0 24 21 2 -10345 -10365
0 24 22 2 -31074 -10415
0 24 23 2 -10370 -31083
0 24 24 2 10377 10372
0 24 25 2 10333 31089
0 24 26 2 -31084 -31049
0 24 27 2 -10391 31058
0 24 28 2 -10370 10369
0 24 29 2 -31063 -31073
0 24 30 2 31090 31096
0 24 31 2 10349 -10392
0 24 32 2 -10371 -31128
0 24 33 2 32736 1
0 24 34 2 -10343 10366
0 24 35 2 31099 -31085
0 24 36 2 -31099 10344
0 24 37 2 31087 10373
0 24 38 2 10359 -10363
0 24 39 2 10393 31106
0 24 40 2 -31082 31116
0 24 41 2 10356 10388
0 24 42 2 -10358 10326
0 24 43 2 -31093 10364
0 24 44 2 31136 -31047
0 24 45 2 10353 -10347
0 24 46 2 31090 31072
0 24 47 2 31065 -31096
0 24 48 2 31095 -31070
0 24 49 2 -31129 10356
0 24 50 2 -31103 31093
0 24 51 2 31091 -31074
0 24 52 2 31082 10366
0 24 53 2 -10352 10359
0 24 54 2 -31078 10320
0 24 55 2 31122 10349
0 24 56 2 31030 -31068
0 24 57 2 10379 -10345
0 24 58 2 31084 31086
0 24 59 2 10335 -31104
0 24 60 2 10346 31124
0 24 61 2 10346 -31058
0 24 62 2 -31092 31055
0 24 63 2 10348 -31099
0 24 64 2 31072 -10339
0 24 65 2 32762 8
0 24 66 2 10330 31111
0 24 67 2 31089 -31092
0 24 68 2 31098 -10368
0 24 69 2 -10344 -31081
0 24 70 2 31088 -10394
0 24 71 2 31087 -10370
0 24 72 2 -31062 31076
0 24 73 2 31100 10382
0 24 74 2 10349 -31062
0 24 75 2 31099 31156
0 24 76 2 -31107 31066
0 24 77 2 -31054 -31097
0 24 78 2 31093 10382
0 24 79 2 -10396 10345
0 24 80 2 -10348 31055
0 24 81 2 -31102 -10339
0 24 82 2 31104 -10336
0 24 83 2 31099 -10374
0 24 84 2 10351 31080
0 24 85 2 31091 -31076
0 24 86 2 -31066 -10367
0 24 87 2 -10354 -31074
0 24 88 2 31108 10356
0 24 89 2 31087 31081
0 24 90 2 10373 31103
0 24 91 2 -10396 31089
0 24 92 2 31093 10404
0 24 93 2 31065 -10331
0 24 94 2 -10362 -31086
0 24 95 2 31044 31098
0 24 96 2 10357 10357
0 24 97 2 32744 6
0 24 98 2 -10345 31055
0 24 99 2 10349 -31111
0 24 100 2 -10347 -10380
0 24 101 2 31137 -31071
0 24 102 2 -31087 10356
0 24 103 2 -10365 -10340
0 24 104 2 -31084 31068
0 24 105 2 -10349 10356
0 24 106 2 31098 -31052
0 24 107 2 31105 -31063
0 24 108 2 -31082 31067
0 24 109 2 -31059 -31088
0 24 110 2 -31098 31052
0 24 111 2 -10369 -10373
0 24 112 2 10357 31092
0 24 113 2 -2 4
0 24 114 2 10 -28
0 24 115 2 -24 8
0 24 116 2 -10 -29
0 24 117 2 -11 -3
0 24 118 2 -11 13
0 24 119 2 0 -36
0 24 120 2 17 32
0 24 121 2 -10 4
0 24 122 2 -4 -40
0 24 123 2 -13 27
0 24 124 2 -12 24
0 24 125 2 8 0
0 24 126 2 -1 6
0 24 127 2 31 5
0 24 128 2 12 -26
0 24 129 2 19 -28
0 24 130 2 9 18
0 24 131 2 3 -3
0 24 132 2 -17 -19
0 24 133 2 0 2
0 24 134 2 -22 -30
0 24 135 2 38 -4
0 24 136 2 6 8
0 24 137 2 3 -29
0 24 138 2 -9 -3
0 24 139 2 20 21
0 24 140 2 19 3
0 24 141 2 13 -24
0 24 142 2 14 28
0 24 143 2 4 2
0 24 144 2 31075 31085
0 24 145 2 10329 -10374
0 24 146 2 -31089 31106
0 24 147 2 -31089 31061
0 24 148 2 10349 31084
0 24 149 2 -10370 10351
0 24 150 2 10372 -31083
0 24 151 2 10370 31099
0 24 152 2 10368 -31053
0 24 153 2 10367 -31079
0 24 154 2 31082 -10316
0 24 155 2 10341 -10342
0 24 156 2 10357 31103
0 24 157 2 31056 10406
0 24 158 2 -10386 -10355
0 24 159 2 32731 -5
0 24 160 2 -10366 -10381
0 24 161 2 10374 -31063
0 24 162 2 -31066 10294
0 24 163 2 -31065 31072
0 24 164 2 10362 -31096
0 24 165 2 31083 -10351
0 24 166 2 -31078 -10412
0 24 167 2 10374 -10384
0 24 168 2 -31116 31070
0 24 169 2 10364 10357
0 24 170 2 -10375 31093
0 24 171 2 -10387 10377
0 24 172 2 10355 31076
0 24 173 2 -31104 31070
0 24 174 2 -31138 10348
0 24 175 2 10352 10399
0 24 176 2 -10314 10376
0 24 177 2 -31103 10368
0 24 178 2 31084 -31051
0 24 179 2 31067 31106
0 24 180 2 -10387 10350
0 24 181 2 -10363 -31061
0 24 182 2 -31108 -10398
0 24 183 2 -31060 -10356
0 24 184 2 -10368 -10373
0 24 185 2 -31100 31107
0 24 186 2 -10382 10385
0 24 187 2 31057 31106
0 24 188 2 10361 31107
0 24 189 2 -31079 31091
0 24 190 2 31063 10359
0 24 191 2 32766 2
0 24 192 2 10378 -10359
0 24 193 2 10357 -10356
0 24 194 2 -10360 10367
0 24 195 2 31120 31088
0 24 196 2 10369 10372
0 24 197 2 -31118 -31095
0 24 198 2 -31074 31078
0 24 199 2 -31045 -31096
0 24 200 2 31069 31086
0 24 201 2 -10354 31108
0 24 202 2 10367 31105
0 24 203 2 -10374 10361
0 24 204 2 31112 -31095
0 24 205 2 31096 -31074
0 24 206 2 -31091 -10398
0 24 207 2 -31078 -31071
0 24 208 2 -10377 -10377
0 24 209 2 -10342 10347
0 24 210 2 10344 -10388
0 24 211 2 -31086 -10366
0 24 212 2 31121 -31080
0 24 213 2 31098 -10365
0 24 214 2 10326 -10374
0 24 215 2 10379 -10371
0 24 216 2 10368 -31056
0 24 217 2 -10388 10353
0 24 218 2 31090 10363
0 24 219 2 10340 10396
0 24 220 2 10334 10389
0 24 221 2 31032 31124
0 24 222 2 10314 -10357
0 24 223 2 32800 7
0 24 224 2 31088 -31099
0 24 225 2 -31056 -31092
0 24 226 2 -31095 -31089
0 24 227 2 -31094 31085
0 24 228 2 -31149 31069
0 24 229 2 -31065 -31057
0 24 230 2 10348 10360
0 24 231 2 -31064 31061
0 24 232 2 10345 31101
0 24 233 2 10342 -10335
0 24 234 2 -31099 -10369
0 24 235 2 10336 31095
0 24 236 2 -10348 -31051
0 24 237 2 -31077 31073
0 24 238 2 10366 -31089
0 24 239 2 31088 -31088
0 24 240 2 -10386 31097
0 24 241 2 -31118 31074
0 24 242 2 10345 10371
0 24 243 2 -10369 10337
0 24 244 2 -31083 10326
0 24 245 2 10356 31117
0 24 246 2 31100 -31050
0 24 247 2 -10353 10367
0 24 248 2 31105 -31113
0 24 249 2 -31068 -10348
0 24 250 2 -10363 -10388
0 24 251 2 -10361 31061
0 24 252 2 -31064 -31111
0 24 253 2 31094 31081
0 24 254 2 -10312 -31054
0 24 255 2 32789 -9
0 25 0 2 -469 66
0 25 1 2 32771 40
0 25 2 2 -10368 31081
0 25 3 2 10351 -31092
0 25 4 2 31087 -10338
0 25 5 2 10350 31110
0 25 6 2 10325 31063
0 25 7 2 -10391 10353
0 25 8 2 -10337 -10375
0 25 9 2 -10355 31104
0 25 10 2 31108 -10367
0 25 11 2 -10321 -31078
0 25 12 2 -31091 -10372
0 25 13 2 31058 -10372
0 25 14 2 10363 -10341
0 25 15 2 -31073 31068
0 25 16 2 -10360 31066
0 25 17 2 -31077 -10361
0 25 18 2 -31114 31082
0 25 19 2 -10343 10387
0 25 20 2 31113 10411
0 25 21 2 -10316 -10364
0 25 22 2 -10372 -10382
0 25 23 2 31073 31128
0 25 24 2 10405 -10324
0 25 25 2 -10380 31082
0 25 26 2 10369 -31104
0 25 27 2 -10350 -10368
0 25 28 2 31086 10375
0 25 29 2 -31058 -31080
0 25 30 2 31101 -10355
0 25 31 2 31046 10368
0 25 32 2 -31093 10361
0 25 33 2 32761 31
0 25 34 2 -10334 -31100
0 25 35 2 31042 -10308
0 25 36 2 10365 -10376
0 25 37 2 10358 -10324
0 25 38 2 -31064 -10375
0 25 39 2 31063 -10387
0 25 40 2 10361 -31027
0 25 41 2 31086 -31075
0 25 42 2 10378 -10339
0 25 43 2 10362 31088
0 25 44 2 -31064 -10373
0 25 45 2 -10348 10336
0 25 46 2 -10378 10404
0 25 47 2 -31083 31085
0 25 48 2 31054 -10391
0 25 49 2 -10358 31112
0 25 50 2 31123 -31054
0 25 51 2 10312 10352
0 25 52 2 -10364 -10375
0 25 53 2 -31075 10398
0 25 54 2 10331 10404
0 25 55 2 10368 -31074
0 25 56 2 -31082 -31094
0 25 57 2 31091 -10340
0 25 58 2 10393 -31061
0 25 59 2 -31110 10338
0 25 60 2 10366 10342
0 25 61 2 -31095 31075
0 25 62 2 -31098 -10365
0 25 63 2 31064 -31077
0 25 64 2 10369 10359
0 25 65 2 32771 29
0 25 66 2 -10396 31124
0 25 67 2 -10356 31090
0 25 68 2 -31094 10349
0 25 69 2 -31090 10334
0 25 70 2 31084 10389
0 25 71 2 31077 10375
0 25 72 2 10368 10359
0 25 73 2 10340 10334
0 25 74 2 -10358 -10367
0 25 75 2 -10369 -10385
0 25 76 2 -10359 -10377
0 25 77 2 31059 10332
0 25 78 2 -31042 -10351
0 25 79 2 -31071 -10402
0 25 80 2 -31068 10386
0 25 81 2 -31089 31081
0 25 82 2 31070 10359
0 25 83 2 -31072 -10386
0 25 84 2 -10362 10368
0 25 85 2 10368 10365
0 25 86 2 31074 10378
0 25 87 2 10337 31113
0 25 88 2 -10348 10349
0 25 89 2 -31112 10362
0 25 90 2 10338 10339
0 25 91 2 10370 -31060
0 25 92 2 31088 31100
0 25 93 2 -10336 -31083
0 25 94 2 -10353 31080
0 25 95 2 -10344 -31058
0 25 96 2 10368 31112
0 25 97 2 32736 -16
0 25 98 2 -31097 10331
0 25 99 2 -10378 10377
0 25 100 2 10370 10322
0 25 101 2 -31094 10344
0 25 102 2 10396 -31084
0 25 103 2 10355 -31101
0 25 104 2 31107 -10331
0 25 105 2 -31133 31083
0 25 106 2 -10353 -10355
0 25 107 2 -10322 10348
0 25 108 2 31089 -10321
0 25 109 2 -10375 10367
0 25 110 2 -10343 -10333
0 25 111 2 31067 31104
0 25 112 2 31106 -31100
0 25 113 2 -29 -16
0 25 114 2 13 9
0 25 115 2 18 -7
0 25 116 2 -25 10
0 25 117 2 1 1
0 25 118 2 -27 13
0 25 119 2 7 4
0 25 120 2 -3 -12
0 25 121 2 -4 14
0 25 122 2 13 9
0 25 123 2 -17 10
0 25 124 2 -10 10
0 25 125 2 -10 17
0 25 126 2 -2 10
0 25 127 2 12 2
0 25 128 2 -4 -17
0 25 129 2 13 12
0 25 130 2 -21 38
0 25 131 2 -1 8
0 25 132 2 14 -20
0 25 133 2 11 19
0 25 134 2 1 -1
0 25 135 2 -8 2
0 25 136 2 32 8
0 25 137 2 9 -9
0 25 138 2 9 -12
0 25 139 2 -6 -11
0 25 140 2 12 13
0 25 141 2 -16 -11
0 25 142 2 -12 20
0 25 143 2 12 9
0 25 144 2 10381 -10356
0 25 145 2 -31077 -10347
0 25 146 2 -10353 -10361
0 25 147 2 10377 -31052
0 25 148 2 -10375 10374
0 25 149 2 31066 -10351
0 25 150 2 -31059 -10377
0 25 151 2 31094 -10332
0 25 152 2 31080 -31084
0 25 153 2 31078 31088
0 25 154 2 10346 31093
0 25 155 2 10377 -31102
0 25 156 2 10359 31144
0 25 157 2 -10391 31085
0 25 158 2 10351 -31080
0 25 159 2 32778 14
0 25 160 2 31121 10364
0 25 161 2 31103 -10377
0 25 162 2 31084 -10336
0 25 163 2 -10334 -31082
0 25 164 2 31090 -10308
0 25 165 2 10380 -31057
0 25 166 2 10369 10343
0 25 167 2 -10344 -10354
0 25 168 2 -10344 -10369
0 25 169 2 31082 31096
0 25 170 2 -10376 -31087
0 25 171 2 -31070 10364
0 25 172 2 -10341 -10349
0 25 173 2 -10379 31087
0 25 174 2 10379 10355
0 25 175 2 -31070 -31105
0 25 176 2 31107 10353
0 25 177 2 31056 10332
0 25 178 2 -31061 -31107
0 25 179 2 31081 -10307
0 25 180 2 31093 -31101
0 25 181 2 31128 -31056
0 25 182 2 -10376 10365
0 25 183 2 10365 -31071
0 25 184 2 -10362 31057
0 25 185 2 31076 31078
0 25 186 2 10383 -31079
0 25 187 2 10314 10384
0 25 188 2 -31055 31092
0 25 189 2 -31080 10346
0 25 190 2 10335 10348
0 25 191 2 32764 12
0 25 192 2 -10375 -31072
0 25 193 2 -10345 10371
0 25 194 2 -10332 -31070
0 25 195 2 10338 10351
0 25 196 2 -31077 -10377
0 25 197 2 -31099 10333
0 25 198 2 31079 -10349
0 25 199 2 31120 -31072
0 25 200 2 10396 -31084
0 25 201 2 -31088 31082
0 25 202 2 31081 10340
0 25 203 2 -10349 -31091
0 25 204 2 -10330 -31062
0 25 205 2 -31097 31045
0 25 206 2 10384 -10367
0 25 207 2 -10358 -31070
0 25 208 2 -10344 10360
0 25 209 2 10360 10385
0 25 210 2 -10351 -31127
0 25 211 2 -31040 -31082
0 25 212 2 -31075 -31067
0 25 213 2 -31057 10351
0 25 214 2 31100 -10391
0 25 215 2 31098 -10331
0 25 216 2 -31128 31073
0 25 217 2 10331 31092
0 25 218 2 -10350 -10400
0 25 219 2 10372 -10364
0 25 220 2 31106 -31088
0 25 221 2 -31085 31033
0 25 222 2 -31046 -31139
0 25 223 2 32786 -1
0 25 224 2 31083 -31070
0 25 225 2 -10359 -31041
0 25 226 2 -10355 10362
0 25 227 2 31120 -31051
0 25 228 2 31089 -31083
0 25 229 2 -10341 -10374
0 25 230 2 -10343 -10346
0 25 231 2 31093 -31078
0 25 232 2 10345 31068
0 25 233 2 10347 31122
0 25 234 2 -31059 -31076
0 25 235 2 31092 -31065
0 25 236 2 -31103 -10391
0 25 237 2 10354 31087
0 25 238 2 -10317 -31097
0 25 239 2 31066 31101
0 25 240 2 10355 -10388
0 25 241 2 31080 -31075
0 25 242 2 -31068 31049
0 25 243 2 -31052 10338
0 25 244 2 10390 -31044
0 25 245 2 -31109 10355
0 25 246 2 -10327 -31077
0 25 247 2 -10376 10339
0 25 248 2 31047 10347
0 25 249 2 31077 -10341
0 25 250 2 -31080 31067
0 25 251 2 31087 -10345
0 25 252 2 10343 10353
0 25 253 2 31082 -10371
0 25 254 2 -10353 -10351
0 25 255 2 32777 38
0 26 0 2 -468 81
0 26 1 2 32770 32
0 26 2 2 31111 10383
0 26 3 2 -10368 31124
0 26 4 2 -10373 -31118
0 26 5 2 -31098 -10358
0 26 6 2 31078 -10354
0 26 7 2 10363 10392
0 26 8 2 -10366 31068
0 26 9 2 31074 10383
0 26 10 2 31085 -10333
0 26 11 2 10382 10377
0 26 12 2 10322 31101
0 26 13 2 10337 31070
0 26 14 2 31089 -10353
0 26 15 2 -31077 -31070
0 26 16 2 -31118 31080
0 26 17 2 -31077 -31116
0 26 18 2 31065 -31064
0 26 19 2 10376 -31065
0 26 20 2 31081 31130
0 26 21 2 -10359 31080
0 26 22 2 31095 -10350
0 26 23 2 -31053 31058
0 26 24 2 -31070 31077
0 26 25 2 -10346 31075
0 26 26 2 31095 10366
0 26 27 2 31128 -31053
0 26 28 2 -10364 10348
0 26 29 2 31110 31115
0 26 30 2 10359 31048
0 26 31 2 10335 31078
0 26 32 2 -10373 -10365
0 26 33 2 32771 11
0 26 34 2 10386 -10356
0 26 35 2 31120 -31051
0 26 36 2 -10340 -10384
0 26 37 2 10362 10390
0 26 38 2 -31109 31053
0 26 39 2 31088 -10365
0 26 40 2 10352 10350
0 26 41 2 31062 -31068
0 26 42 2 -31089 10340
0 26 43 2 -31072 -31098
0 26 44 2 -10353 31080
0 26 45 2 31068 31090
0 26 46 2 31090 10393
0 26 47 2 10355 -31081
0 26 48 2 31067 -31052
0 26 49 2 10363 -31097
0 26 50 2 10326 31084
0 26 51 2 -31084 -10357
0 26 52 2 31093 31070
0 26 53 2 10389 10356
0 26 54 2 10370 31082
0 26 55 2 10364 31095
0 26 56 2 -31090 31073
0 26 57 2 31077 31068
0 26 58 2 31078 31092
0 26 59 2 10333 10369
0 26 60 2 -31088 31075
0 26 61 2 10373 -31071
0 26 62 2 -10403 10346
0 26 63 2 -10334 -31110
0 26 64 2 31107 -31078
0 26 65 2 32783 26
0 26 66 2 -10354 31072
0 26 67 2 -10364 -31086
0 26 68 2 -31061 -10377
0 26 69 2 -10368 31086
0 26 70 2 31112 -10344
0 26 71 2 10369 -10341
0 26 72 2 10369 -10390
0 26 73 2 10375 -31064
0 26 74 2 31109 31101
0 26 75 2 -10366 -31090
0 26 76 2 31080 10338
0 26 77 2 31043 31090
0 26 78 2 31058 10374
0 26 79 2 10372 -10343
0 26 80 2 31066 -31085
0 26 81 2 -31100 -31068
0 26 82 2 31076 31091
0 26 83 2 -31074 -10373
0 26 84 2 31094 -31069
0 26 85 2 10359 -31093
0 26 86 2 -10389 -10365
0 26 87 2 10360 31103
0 26 88 2 -10360 -10363
0 26 89 2 10344 10382
0 26 90 2 -31100 31034
0 26 91 2 31082 -31086
0 26 92 2 -31069 10337
0 26 93 2 -31065 -10394
0 26 94 2 -31120 10358
0 26 95 2 -31099 -10390
0 26 96 2 -10318 10362
0 26 97 2 32755 23
0 26 98 2 -10380 10361
0 26 99 2 31078 10384
0 26 100 2 -10382 10335
0 26 101 2 -10379 -10360
0 26 102 2 10348 10362
0 26 103 2 -10361 31112
0 26 104 2 -10336 -10394
0 26 105 2 31096 31093
0 26 106 2 -31057 -31113
0 26 107 2 -10369 -31097
0 26 108 2 10346 10357
0 26 109 2 -31081 10319
0 26 110 2 -31067 -10386
0 26 111 2 10319 31090
0 26 112 2 -10356 -31091
0 26 113 2 -14 -7
0 26 114 2 -29 42
0 26 115 2 0 -6
0 26 116 2 -28 27
0 26 117 2 -22 -10
0 26 118 2 -14 -4
0 26 119 2 5 -13
0 26 120 2 33 51
0 26 121 2 -40 13
0 26 122 2 18 -17
0 26 123 2 8 -2
0 26 124 2 -6 -3
0 26 125 2 -2 -8
0 26 126 2 -7 37
0 26 127 2 -25 -4
0 26 128 2 -42 -15
0 26 129 2 15 -21
0 26 130 2 -16 -14
0 26 131 2 -7 -9
0 26 132 2 14 -12
0 26 133 2 -3 0
0 26 134 2 -13 19
0 26 135 2 9 19
0 26 136 2 -6 13
0 26 137 2 11 15
0 26 138 2 14 -6
0 26 139 2 -17 15
0 26 140 2 10 14
0 26 141 2 -13 -2
0 26 142 2 -16 1
0 26 143 2 19 -9
0 26 144 2 10386 -10357
0 26 145 2 10346 10357
0 26 146 2 10368 -31060
0 26 147 2 31099 31089
0 26 148 2 31127 -31108
0 26 149 2 31084 -31060
0 26 150 2 -10369 31076
0 26 151 2 -10342 -10382
0 26 152 2 31097 -31043
0 26 153 2 10357 10347
0 26 154 2 31092 -10334
0 26 155 2 -10324 10373
0 26 156 2 10352 -10360
0 26 157 2 -10332 -31063
0 26 158 2 31083 -10311
0 26 159 2 32777 43
0 26 160 2 -10348 10351
0 26 161 2 10347 -10382
0 26 162 2 -31101 31098
0 26 163 2 -31111 10365
0 26 164 2 -31090 -31088
0 26 165 2 31108 -31111
0 26 166 2 10354 -10386
0 26 167 2 -10399 31113
0 26 168 2 31086 -10356
0 26 169 2 10346 31105
0 26 170 2 -31096 10348
0 26 171 2 -10336 10356
0 26 172 2 10387 -31059
0 26 173 2 -31082 10367
0 26 174 2 31123 -31103
0 26 175 2 -31074 -31094
0 26 176 2 -10344 -10366
0 26 177 2 10364 -31093
0 26 178 2 -10383 -10355
0 26 179 2 -31038 -10359
0 26 180 2 31111 31090
0 26 181 2 31113 -31074
0 26 182 2 -10334 31062
0 26 183 2 -10334 10349
0 26 184 2 -31107 10364
0 26 185 2 -31113 10354
0 26 186 2 31046 10365
0 26 187 2 -10390 -10385
0 26 188 2 -10383 31085
0 26 189 2 31073 31096
0 26 190 2 -31100 31068
0 26 191 2 32751 -3
0 26 192 2 31091 -31052
0 26 193 2 -31103 10369
0 26 194 2 31069 31105
0 26 195 2 -31107 -10405
0 26 196 2 -31064 -31055
0 26 197 2 -31068 31071
0 26 198 2 -10328 -10352
0 26 199 2 31058 -10360
0 26 200 2 10378 -31089
0 26 201 2 -10364 -10325
0 26 202 2 31084 -10345
0 26 203 2 -31063 -31090
0 26 204 2 -10371 31069
0 26 205 2 10379 -10360
0 26 206 2 -10372 -10344
0 26 207 2 -31088 10369
0 26 208 2 10358 -10337
0 26 209 2 31089 10391
0 26 210 2 10313 31099
0 26 211 2 10367 -10375
0 26 212 2 -31080 -10359
0 26 213 2 31118 31075
0 26 214 2 31101 -10356
0 26 215 2 31083 10366
0 26 216 2 -10336 31050
0 26 217 2 -10395 10374
0 26 218 2 -31097 31066
0 26 219 2 31045 31125
0 26 220 2 31088 -31076
0 26 221 2 -31077 10349
0 26 222 2 -10383 31081
0 26 223 2 32770 8
0 26 224 2 31088 31091
0 26 225 2 -10331 -31103
0 26 226 2 -31064 -31096
0 26 227 2 -10362 -10366
0 26 228 2 -10342 -10376
0 26 229 2 10375 -31059
0 26 230 2 -31059 10378
0 26 231 2 31063 -10337
0 26 232 2 -10333 -31105
0 26 233 2 -31097 31092
0 26 234 2 31101 31050
0 26 235 2 -31091 31067
0 26 236 2 -31110 10353
0 26 237 2 31106 -31070
0 26 238 2 -10346 -31081
0 26 239 2 -10387 10380
0 26 240 2 -10345 -10356
0 26 241 2 10363 -31084
0 26 242 2 31102 -10341
0 26 243 2 31071 10374
0 26 244 2 31089 -10384
0 26 245 2 31048 -10356
0 26 246 2 -10384 31080
0 26 247 2 -31086 31127
0 26 248 2 -31077 31099
0 26 249 2 -31116 10376
0 26 250 2 31064 -10336
0 26 251 2 -10359 10359
0 26 252 2 10375 -31079
0 26 253 2 10328 10356
0 26 254 2 31106 -10347
0 26 255 2 32798 28
0 27 0 2 -467 119
0 27 1 2 32766 39
0 27 2 2 -31049 -31073
0 27 3 2 10358 -31095
0 27 4 2 31065 -10369
0 27 5 2 -31094 10372
0 27 6 2 31110 -31052
0 27 7 2 10388 -31111
0 27 8 2 -31094 31079
0 27 9 2 31088 10375
0 27 10 2 -10347 -31086
0 27 11 2 -31054 -10364
0 27 12 2 31064 31159
0 27 13 2 -10347 -10351
0 27 14 2 31079 -10399
0 27 15 2 10355 10345
0 27 16 2 10378 -31060
0 27 17 2 31063 31114
0 27 18 2 -31072 31070
0 27 19 2 -31088 -31093
0 27 20 2 31064 -10321
0 27 21 2 31099 10415
0 27 22 2 31072 10378
0 27 23 2 -31051 -31079
0 27 24 2 10382 -31062
0 27 25 2 10349 10382
0 27 26 2 31103 -10339
0 27 27 2 31084 10350
0 27 28 2 10354 -31081
0 27 29 2 -31060 31070
0 27 30 2 -31081 31061
0 27 31 2 -31082 -31130
0 27 32 2 31108 -10375
0 27 33 2 32790 9
0 27 34 2 -31102 10367
0 27 35 2 31116 -10349
0 27 36 2 10353 10361
0 27 37 2 10356 -31061
0 27 38 2 31083 -31067
0 27 39 2 -10387 10339
0 27 40 2 -31102 -10355
0 27 41 2 -10375 -10383
0 27 42 2 10389 -31062
0 27 43 2 -31080 31083
0 27 44 2 -10386 10332
0 27 45 2 31107 -10354
0 27 46 2 -10351 -10368
0 27 47 2 31104 -31082
0 27 48 2 31115 10390
0 27 49 2 -31064 -31088
0 27 50 2 31079 10390
0 27 51 2 -10369 -31092
0 27 52 2 31096 -10353
0 27 53 2 10386 -31082
0 27 54 2 -10313 -10352
0 27 55 2 -10355 -10369
0 27 56 2 31104 -10396
0 27 57 2 -31067 -31096
0 27 58 2 31106 10375
0 27 59 2 -10363 -31127
0 27 60 2 31080 10373
0 27 61 2 -31026 -31108
0 27 62 2 10397 10377
0 27 63 2 -10343 10362
0 27 64 2 -10344 -31126
0 27 65 2 32749 22
0 27 66 2 31072 -10356
0 27 67 2 -31117 10361
0 27 68 2 31093 31081
0 27 69 2 31060 10347
0 27 70 2 -10347 10355
0 27 71 2 -31082 10382
0 27 72 2 10351 10383
0 27 73 2 -10314 -31107
0 27 74 2 10350 10366
0 27 75 2 10366 10359
0 27 76 2 31101 31093
0 27 77 2 -10331 -31075
0 27 78 2 -10351 -10347
0 27 79 2 -10371 10346
0 27 80 2 -31043 -31076
0 27 81 2 -10359 -10366
0 27 82 2 31068 10384
0 27 83 2 -10380 -31116
0 27 84 2 -10370 -10351
0 27 85 2 -31116 -10357
0 27 86 2 -10386 31057
0 27 87 2 31100 -10336
0 27 88 2 -10361 -10360
0 27 89 2 31087 10382
0 27 90 2 -10363 10354
0 27 91 2 -31086 31107
0 27 92 2 -10343 10353
0 27 93 2 10376 31131
0 27 94 2 10395 10365
0 27 95 2 31054 31087
0 27 96 2 10383 -31092
0 27 97 2 32784 6
0 27 98 2 10377 31046
0 27 99 2 -31085 10382
0 27 100 2 10397 31077
0 27 101 2 31099 -10366
0 27 102 2 10380 -31070
0 27 103 2 10353 10388
0 27 104 2 -10329 -31102
0 27 105 2 -10365 31061
0 27 106 2 10386 -31068
0 27 107 2 -10347 -10355
0 27 108 2 -31101 31070
0 27 109 2 10328 10388
0 27 110 2 31019 31090
0 27 111 2 10309 31115
0 27 112 2 -31113 31090
0 27 113 2 -1 12
0 27 114 2 19 -3
0 27 115 2 -38 24
0 27 116 2 -35 -1
0 27 117 2 2 16
0 27 118 2 3 -8
0 27 119 2 -24 17
0 27 120 2 -32 18
0 27 121 2 0 -24
0 27 122 2 -40 -11
0 27 123 2 12 7
0 27 124 2 18 0
0 27 125 2 11 9
0 27 126 2 6 16
0 27 127 2 -10 23
0 27 128 2 -41 6
0 27 129 2 33 1
0 27 130 2 3 -13
0 27 131 2 8 5
0 27 132 2 13 -38
0 27 133 2 -36 -30
0 27 134 2 -2 -4
0 27 135 2 6 29
0 27 136 2 18 17
0 27 137 2 -14 11
0 27 138 2 5 7
0 27 139 2 -1 0
0 27 140 2 1 14
0 27 141 2 -3 26
0 27 142 2 -16 5
0 27 143 2 1 -9
0 27 144 2 31073 31121
0 27 145 2 31089 10402
0 27 146 2 10362 -10386
0 27 147 2 -31076 10381
0 27 148 2 -31095 10330
0 27 149 2 -10347 -10350
0 27 150 2 31060 31072
0 27 151 2 10332 10357
0 27 152 2 10370 -31076
0 27 153 2 10363 -31111
0 27 154 2 10339 -31090
0 27 155 2 -10394 31084
0 27 156 2 10371 -31067
0 27 157 2 -31116 10392
0 27 158 2 31076 -10352
0 27 159 2 32747 10
0 27 160 2 -31098 31067
0 27 161 2 -10377 -10370
0 27 162 2 -31102 31084
0 27 163 2 10360 -31110
0 27 164 2 10333 10372
0 27 165 2 -10339 -31074
0 27 166 2 -31113 31067
0 27 167 2 -10380 31060
0 27 168 2 -10382 -31081
0 27 169 2 31085 -10307
0 27 170 2 -31085 -31081
0 27 171 2 -31076 31079
0 27 172 2 10368 -31067
0 27 173 2 -10366 10362
0 27 174 2 -10365 31074
0 27 175 2 10330 -10354
0 27 176 2 -31047 -10381
0 27 177 2 10358 31109
0 27 178 2 -31093 10367
0 27 179 2 31055 -10357
0 27 180 2 31059 31108
0 27 181 2 31072 10379
0 27 182 2 31072 31082
0 27 183 2 31060 31085
0 27 184 2 31070 -10359
0 27 185 2 31088 -10349
0 27 186 2 -31067 -31092
0 27 187 2 31052 10361
0 27 188 2 -10357 31090
0 27 189 2 -31071 -31084
0 27 190 2 10347 31098
0 27 191 2 32758 -7
0 27 192 2 31080 10372
0 27 193 2 10364 -31068
0 27 194 2 10385 10377
0 27 195 2 -31041 10309
0 27 196 2 31126 -10358
0 27 197 2 31075 10350
0 27 198 2 10366 -31095
0 27 199 2 10370 31104
0 27 200 2 -31088 10342
0 27 201 2 -10356 -31109
0 27 202 2 -31093 10347
0 27 203 2 10380 10404
0 27 204 2 10332 -10393
0 27 205 2 -31095 31098
0 27 206 2 10344 -10350
0 27 207 2 10368 10368
0 27 208 2 -31112 10368
0 27 209 2 -31081 31078
0 27 210 2 -31108 31073
0 27 211 2 -31104 10340
0 27 212 2 -31065 31082
0 27 213 2 -10382 -31128
0 27 214 2 -10347 -10338
0 27 215 2 10349 31096
0 27 216 2 10353 -31054
0 27 217 2 31096 31106
0 27 218 2 -10394 31121
0 27 219 2 -31074 10338
0 27 220 2 -10383 31052
0 27 221 2 -10380 -31039
0 27 222 2 31057 -31062
0 27 223 2 32758 -1
0 27 224 2 10354 10396
0 27 225 2 -31099 31075
0 27 226 2 -10359 31074
0 27 227 2 -10398 10355
0 27 228 2 -31060 31107
0 27 229 2 31089 -10368
0 27 230 2 -31098 31086
0 27 231 2 -10386 31088
0 27 232 2 -31083 10348
0 27 233 2 -10331 31078
0 27 234 2 10376 -31075
0 27 235 2 -31089 -31088
0 27 236 2 -31065 -31090
0 27 237 2 31087 -31084
0 27 238 2 -31126 31069
0 27 239 2 -31058 31035
0 27 240 2 31077 31124
0 27 241 2 10375 10381
0 27 242 2 -31082 10348
0 27 243 2 -10367 -31094
0 27 244 2 -31110 -31064
0 27 245 2 10373 -31075
0 27 246 2 -10405 -10387
0 27 247 2 31079 -10346
0 27 248 2 31072 -10380
0 27 249 2 31084 -10342
0 27 250 2 -31087 -31086
0 27 251 2 -10381 31070
0 27 252 2 -10367 -31087
0 27 253 2 31070 -31074
0 27 254 2 -10341 -31057
0 27 255 2 32711 -18
0 28 0 2 -477 53
0 28 1 2 32785 33
0 28 2 2 31052 31096
0 28 3 2 10380 -31090
0 28 4 2 10361 31076
0 28 5 2 10317 31081
0 28 6 2 -31090 31069
0 28 7 2 10345 31099
0 28 8 2 31070 10346
0 28 9 2 -10369 -10349
0 28 10 2 -10346 -31108
0 28 11 2 10354 31074
0 28 12 2 10358 -10349
0 28 13 2 -31070 -10370
0 28 14 2 -10380 31068
0 28 15 2 10371 -31066
0 28 16 2 -31077 31093
0 28 17 2 10380 -31051
0 28 18 2 10373 -31063
0 28 19 2 -31111 -10380
0 28 20 2 31046 10346
0 28 21 2 -31125 10350
0 28 22 2 -31108 -10346
0 28 23 2 10360 -10382
0 28 24 2 -31118 -10375
0 28 25 2 -10359 10342
0 28 26 2 31084 -31042
0 28 27 2 10382 -31083
0 28 28 2 -10367 31078
0 28 29 2 31085 10405
0 28 30 2 -10333 10347
0 28 31 2 31093 -31061
0 28 32 2 -10382 10350
0 28 33 2 32759 9
0 28 34 2 -10330 -10335
0 28 35 2 -10383 10344
0 28 36 2 10370 -10390
0 28 37 2 31079 10332
0 28 38 2 -31078 -31104
0 28 39 2 31086 -31096
0 28 40 2 10377 10362
0 28 41 2 -10389 31083
0 28 42 2 -10396 31078
0 28 43 2 31070 10386
0 28 44 2 -31093 -10380
0 28 45 2 31093 10380
0 28 46 2 -10361 31075
0 28 47 2 -10378 31044
0 28 48 2 10403 -31051
0 28 49 2 10388 -31081
0 28 50 2 -10372 -10352
0 28 51 2 10371 -10356
0 28 52 2 10384 -10371
0 28 53 2 -10379 -31100
0 28 54 2 31130 -31055
0 28 55 2 -10322 10362
0 28 56 2 31081 -10384
0 28 57 2 10357 10350
0 28 58 2 31049 31086
0 28 59 2 -31131 31088
0 28 60 2 -10344 31120
0 28 61 2 31082 -10386
0 28 62 2 -31047 -31073
0 28 63 2 -31083 31083
0 28 64 2 31079 -31089
0 28 65 2 32782 27
0 28 66 2 -31089 31080
0 28 67 2 -31131 31070
0 28 68 2 31107 31077
0 28 69 2 -31093 10339
0 28 70 2 31073 -31046
0 28 71 2 31087 10371
0 28 72 2 -10337 -31067
0 28 73 2 -10374 -31110
0 28 74 2 31103 10388
0 28 75 2 -10371 31065
0 28 76 2 -10351 -31092
0 28 77 2 -31080 10357
0 28 78 2 10358 10342
0 28 79 2 -31106 31045
0 28 80 2 -10356 10388
0 28 81 2 -10343 -31070
0 28 82 2 31081 10371
0 28 83 2 10351 10377
0 28 84 2 10356 -31113
0 28 85 2 10368 -31097
0 28 86 2 31073 31091
0 28 87 2 31054 10374
0 28 88 2 -10357 10343
0 28 89 2 10365 -10380
0 28 90 2 31052 -10373
0 28 91 2 -31116 10310
0 28 92 2 10377 10376
0 28 93 2 -10389 -31095
0 28 94 2 -10363 -10352
0 28 95 2 -10379 10371
0 28 96 2 -10361 -10360
0 28 97 2 32773 2
0 28 98 2 -31119 -10355
0 28 99 2 -10347 -10374
0 28 100 2 -10362 -31073
0 28 101 2 10349 10336
0 28 102 2 -10360 -31085
0 28 103 2 -10367 -31080
0 28 104 2 10359 -10349
0 28 105 2 -10330 -10382
0 28 106 2 -31071 10327
0 28 107 2 10328 -10329
0 28 108 2 31088 31078
0 28 109 2 31109 -31082
0 28 110 2 31063 31086
0 28 111 2 10379 -31087
0 28 112 2 10367 -31117
0 28 113 2 -15 18
0 28 114 2 -21 1
0 28 115 2 -27 1
0 28 116 2 -15 -24
0 28 117 2 2 40
0 28 118 2 5 8
0 28 119 2 19 0
0 28 120 2 2 24
0 28 121 2 19 -18
0 28 122 2 16 8
0 28 123 2 -11 -6
0 28 124 2 14 13
0 28 125 2 33 6
0 28 126 2 16 11
0 28 127 2 44 -32
0 28 128 2 -30 -8
0 28 129 2 -29 -29
0 28 130 2 0 -6
0 28 131 2 -35 19
0 28 132 2 6 4
0 28 133 2 17 33
0 28 134 2 -25 -5
0 28 135 2 7 -8
0 28 136 2 20 14
0 28 137 2 -3 14
0 28 138 2 -43 -4
0 28 139 2 -8 12
0 28 140 2 21 5
0 28 141 2 -23 -18
0 28 142 2 15 -10
0 28 143 2 -42 -29
0 28 144 2 31064 10362
0 28 145 2 10363 -31057
0 28 146 2 31096 -10340
0 28 147 2 -10356 10373
0 28 148 2 -31059 -31061
0 28 149 2 31109 -31061
0 28 150 2 31060 31098
0 28 151 2 31119 -31060
0 28 152 2 10411 -31076
0 28 153 2 -31047 -31088
0 28 154 2 -31094 10371
0 28 155 2 -31101 31094
0 28 156 2 -10391 31090
0 28 157 2 10362 -10370
0 28 158 2 -10363 31080
0 28 159 2 32767 20
0 28 160 2 31062 31089
0 28 161 2 10353 31065
0 28 162 2 31091 -31085
0 28 163 2 -10352 -10378
0 28 164 2 10343 10354
0 28 165 2 10366 10361
0 28 166 2 -31057 -10361
0 28 167 2 10399 10344
0 28 168 2 10363 10373
0 28 169 2 31089 -10338
0 28 170 2 10368 -10345
0 28 171 2 -10380 -10359
0 28 172 2 10387 -31089
0 28 173 2 -10390 10385
0 28 174 2 -10333 -31085
0 28 175 2 10367 31087
0 28 176 2 -31110 -31128
0 28 177 2 -31073 31072
0 28 178 2 -31079 -10388
0 28 179 2 -31116 31053
0 28 180 2 -31110 31099
0 28 181 2 10359 -10351
0 28 182 2 -31060 -31098
0 28 183 2 -10335 -10376
0 28 184 2 10383 -31082
0 28 185 2 -31084 -10358
0 28 186 2 10365 31091
0 28 187 2 10378 -10349
0 28 188 2 -31087 31087
0 28 189 2 -31044 -31086
0 28 190 2 -10387 -10363
0 28 191 2 32781 24
0 28 192 2 10365 -10347
0 28 193 2 10368 31120
0 28 194 2 10353 -10338
0 28 195 2 31083 31108
0 28 196 2 -10362 10373
0 28 197 2 31065 31106
0 28 198 2 -31090 31073
0 28 199 2 10337 31094
0 28 200 2 -10372 31094
0 28 201 2 31061 10377
0 28 202 2 -31071 -10338
0 28 203 2 10364 31093
0 28 204 2 10376 -31076
0 28 205 2 -31088 31028
0 28 206 2 -31074 10333
0 28 207 2 31098 -31076
0 28 208 2 10365 10391
0 28 209 2 31093 10407
0 28 210 2 31084 10347
0 28 211 2 31098 10380
0 28 212 2 -31087 10340
0 28 213 2 10361 -31082
0 28 214 2 10384 31098
0 28 215 2 -10337 -10340
0 28 216 2 10359 -31078
0 28 217 2 10326 31084
0 28 218 2 10341 31125
0 28 219 2 -31096 -10367
0 28 220 2 31111 -31047
0 28 221 2 31123 -31092
0 28 222 2 31054 31061
0 28 223 2 32734 -7
0 28 224 2 -10366 -31079
0 28 225 2 10366 31066
0 28 226 2 -31091 10333
0 28 227 2 -10368 31105
0 28 228 2 -10340 -31109
0 28 229 2 31090 10371
0 28 230 2 -10319 -31113
0 28 231 2 -10352 31101
0 28 232 2 -31121 31097
0 28 233 2 -10385 10361
0 28 234 2 -31030 -31081
0 28 235 2 -31065 -31073
0 28 236 2 31089 -10345
0 28 237 2 -31101 31107
0 28 238 2 -10369 10388
0 28 239 2 31074 31100
0 28 240 2 10367 10373
0 28 241 2 10379 -31076
0 28 242 2 10373 -31059
0 28 243 2 -10342 -10358
0 28 244 2 -10343 -31081
0 28 245 2 -31111 -31125
0 28 246 2 -31108 10407
0 28 247 2 10330 -10351
0 28 248 2 10364 -10353
0 28 249 2 10347 -10363
0 28 250 2 -31125 31101
0 28 251 2 31060 31086
0 28 252 2 -10388 31114
0 28 253 2 31061 10391
0 28 254 2 -31090 -10395
0 28 255 2 32762 30
0 29 0 2 -478 59
0 29 1 2 32756 8
0 29 2 2 10382 10347
0 29 3 2 -31111 31063
0 29 4 2 10367 -31097
0 29 5 2 10357 31091
0 29 6 2 31075 31075
0 29 7 2 10357 31096
0 29 8 2 10374 -31076
0 29 9 2 -10350 10335
0 29 10 2 31073 10360
0 29 11 2 -31098 10349
0 29 12 2 -31068 -31102
0 29 13 2 -31066 10379
0 29 14 2 31040 31140
0 29 15 2 31073 31092
0 29 16 2 31093 -31058
0 29 17 2 -10368 10340
0 29 18 2 10350 -31082
0 29 19 2 10351 31122
0 29 20 2 10353 10360
0 29 21 2 31097 10372
0 29 22 2 -31069 -10362
0 29 23 2 -31070 31092
0 29 24 2 -10365 10372
0 29 25 2 -31070 -10364
0 29 26 2 31091 10386
0 29 27 2 31093 -10387
0 29 28 2 -31058 31069
0 29 29 2 10342 -31111
0 29 30 2 31096 -10371
0 29 31 2 10349 10373
0 29 32 2 10367 31099
0 29 33 2 32755 11
0 29 34 2 -31099 10360
0 29 35 2 10350 31102
0 29 36 2 -10354 -10357
0 29 37 2 10356 -31059
0 29 38 2 31091 10370
0 29 39 2 31118 -31066
0 29 40 2 -31115 31081
0 29 41 2 10396 -10398
0 29 42 2 31081 31072
0 29 43 2 10343 31071
0 29 44 2 -31106 -31078
0 29 45 2 10352 10363
0 29 46 2 10368 -31072
0 29 47 2 10325 31095
0 29 48 2 10392 -10351
0 29 49 2 -31101 -31112
0 29 50 2 10408 -31074
0 29 51 2 10399 -31054
0 29 52 2 -10358 -10401
0 29 53 2 -31069 -10356
0 29 54 2 10338 -10360
0 29 55 2 31047 -31085
0 29 56 2 31090 -10346
0 29 57 2 10383 -31117
0 29 58 2 -10347 10345
0 29 59 2 -10319 -10377
0 29 60 2 -31079 10372
0 29 61 2 10366 -10362
0 29 62 2 10332 31130
0 29 63 2 -31064 -31089
0 29 64 2 -31078 -31094
0 29 65 2 32728 4
0 29 66 2 10355 -31085
0 29 67 2 31104 -31061
0 29 68 2 -31081 10343
0 29 69 2 31093 31066
0 29 70 2 31101 -10349
0 29 71 2 31046 -31063
0 29 72 2 31092 31083
0 29 73 2 31096 -31086
0 29 74 2 10343 31075
0 29 75 2 -10353 -31105
0 29 76 2 -31094 10376
0 29 77 2 -31072 -31088
0 29 78 2 31044 31083
0 29 79 2 -10392 -31095
0 29 80 2 -10385 -31082
0 29 81 2 31060 -31065
0 29 82 2 10353 10366
0 29 83 2 -31094 -31122
0 29 84 2 -10358 -10350
0 29 85 2 10339 31091
0 29 86 2 10336 31074
0 29 87 2 31066 10371
0 29 88 2 10332 31072
0 29 89 2 31068 31083
0 29 90 2 -31097 31069
0 29 91 2 10384 31080
0 29 92 2 10319 10342
0 29 93 2 10337 -10354
0 29 94 2 -10354 -31092
0 29 95 2 -31092 10352
0 29 96 2 -10373 -31079
0 29 97 2 32759 3
0 29 98 2 -10395 31080
0 29 99 2 10349 10373
0 29 100 2 10385 -10362
0 29 101 2 -10355 31089
0 29 102 2 -31080 -10356
0 29 103 2 10354 10354
0 29 104 2 -10354 10379
0 29 105 2 31070 31059
0 29 106 2 10311 31050
0 29 107 2 31101 -10349
0 29 108 2 -10379 31061
0 29 109 2 -10396 31073
0 29 110 2 -10363 -31072
0 29 111 2 -31103 31092
0 29 112 2 -31069 -31067
0 29 113 2 -6 -15
0 29 114 2 17 13
0 29 115 2 -15 -36
0 29 116 2 -21 -16
0 29 117 2 -29 -17
0 29 118 2 5 4
0 29 119 2 3 -16
0 29 120 2 13 -24
0 29 121 2 19 0
0 29 122 2 28 19
0 29 123 2 8 9
0 29 124 2 20 -21
0 29 125 2 16 4
0 29 126 2 -26 13
0 29 127 2 12 -7
0 29 128 2 8 5
0 29 129 2 -10 -16
0 29 130 2 -20 20
0 29 131 2 -13 0
0 29 132 2 16 -16
0 29 133 2 -15 -35
0 29 134 2 47 26
0 29 135 2 16 9
0 29 136 2 -9 5
0 29 137 2 4 -25
0 29 138 2 -22 -14
0 29 139 2 -28 -15
0 29 140 2 30 -23
0 29 141 2 -1 -7
0 29 142 2 17 25
0 29 143 2 0 24
0 29 144 2 -31124 31067
0 29 145 2 -31079 -10379
0 29 146 2 -10337 -10347
0 29 147 2 -10393 -31098
0 29 148 2 -31079 31091
0 29 149 2 -10364 -10388
0 29 150 2 -10372 31091
0 29 151 2 -31085 -31084
0 29 152 2 31061 10384
0 29 153 2 10338 31053
0 29 154 2 -10363 -10368
0 29 155 2 -10338 -31090
0 29 156 2 10366 -10350
0 29 157 2 10357 -31092
0 29 158 2 10364 31099
0 29 159 2 32742 30
0 29 160 2 10364 10358
0 29 161 2 31107 -31063
0 29 162 2 31069 31093
0 29 163 2 -10327 -31077
0 29 164 2 31086 -10329
0 29 165 2 10330 10338
0 29 166 2 -31104 -10403
0 29 167 2 31072 31094
0 29 168 2 10351 10332
0 29 169 2 10361 31050
0 29 170 2 -10373 -10357
0 29 171 2 31067 -10373
0 29 172 2 31058 31070
0 29 173 2 -10356 10384
0 29 174 2 31096 -31072
0 29 175 2 -10361 10359
0 29 176 2 31046 10368
0 29 177 2 -31089 -10387
0 29 178 2 31111 -10375
0 29 179 2 -10355 -10383
0 29 180 2 10358 -31108
0 29 181 2 10336 -10389
0 29 182 2 -31081 10360
0 29 183 2 31074 10385
0 29 184 2 -10383 31076
0 29 185 2 10336 31095
0 29 186 2 10378 -10339
0 29 187 2 -31106 10361
0 29 188 2 10341 10391
0 29 189 2 -10389 -10362
0 29 190 2 31103 -31067
0 29 191 2 32786 9
0 29 192 2 -31072 -31093
0 29 193 2 -10366 31045
0 29 194 2 31110 -10322
0 29 195 2 31079 10377
0 29 196 2 31103 -31115
0 29 197 2 -10357 31090
0 29 198 2 10349 10373
0 29 199 2 31099 31086
0 29 200 2 -10397 31087
0 29 201 2 10341 31118
0 29 202 2 10345 -10367
0 29 203 2 -10369 -31095
0 29 204 2 -31067 10327
0 29 205 2 31083 -31088
0 29 206 2 10366 -31105
0 29 207 2 10346 10357
0 29 208 2 10396 -10370
0 29 209 2 10394 -31084
0 29 210 2 10325 31087
0 29 211 2 -10331 10336
0 29 212 2 -10315 -31071
0 29 213 2 -10365 10352
0 29 214 2 -31077 -31091
0 29 215 2 31064 10355
0 29 216 2 10392 31111
0 29 217 2 10337 10388
0 29 218 2 10328 -10325
0 29 219 2 -31062 -31104
0 29 220 2 31058 -31070
0 29 221 2 10348 31114
0 29 222 2 10351 31102
0 29 223 2 32755 5
0 29 224 2 10325 -31102
0 29 225 2 -10346 10357
0 29 226 2 -10371 10348
0 29 227 2 -31049 -31112
0 29 228 2 31076 10366
0 29 229 2 10347 -10339
0 29 230 2 -10330 31100
0 29 231 2 -31086 31096
0 29 232 2 -10340 -10397
0 29 233 2 -31082 -10379
0 29 234 2 31101 -31046
0 29 235 2 31077 10375
0 29 236 2 31079 10370
0 29 237 2 31090 10362
0 29 238 2 -10318 -10356
0 29 239 2 -10312 -31132
0 29 240 2 -10333 -31120
0 29 241 2 31096 10357
0 29 242 2 -10354 10350
0 29 243 2 31100 -31046
0 29 244 2 -10363 10336
0 29 245 2 10320 31083
0 29 246 2 10378 10345
0 29 247 2 -10367 31112
0 29 248 2 31074 31090
0 29 249 2 10362 31081
0 29 250 2 -31087 31105
0 29 251 2 -10383 -10384
0 29 252 2 31092 -31047
0 29 253 2 -31096 -10396
0 29 254 2 31094 31084
0 29 255 2 32791 34
0 30 0 2 -502 71
0 30 1 2 32770 15
0 30 2 2 -10368 -31063
0 30 3 2 31079 -31076
0 30 4 2 -10364 -10361
0 30 5 2 10371 10380
0 30 6 2 -31078 -31077
0 30 7 2 -31082 -10369
0 30 8 2 -10370 10346
0 30 9 2 -10382 -31084
0 30 10 2 10335 -10383
0 30 11 2 10392 31053
0 30 12 2 10370 -10350
0 30 13 2 10424 -31088
0 30 14 2 -31074 -10406
0 30 15 2 31089 10305
0 30 16 2 -10395 10380
0 30 17 2 10361 -10344
0 30 18 2 -31072 10338
0 30 19 2 10358 31042
0 30 20 2 -31028 -10363
0 30 21 2 -10358 -31074
0 30 22 2 31063 -10330
0 30 23 2 31096 31066
0 30 24 2 31097 -10384
0 30 25 2 -31108 31070
0 30 26 2 31089 -10340
0 30 27 2 31081 10384
0 30 28 2 10390 -31069
0 30 29 2 31094 10402
0 30 30 2 -31067 -31066
0 30 31 2 -10354 -10319
0 30 32 2 10400 31099
0 30 33 2 32775 12
0 30 34 2 -10379 31093
0 30 35 2 31084 -10311
0 30 36 2 10363 31085
0 30 37 2 -10335 -31070
0 30 38 2 -10377 -31070
0 30 39 2 31098 -10322
0 30 40 2 31079 -31064
0 30 41 2 10368 31100
0 30 42 2 31089 31077
0 30 43 2 -31091 -10376
0 30 44 2 31083 10376
0 30 45 2 10349 31085
0 30 46 2 -10369 -10352
0 30 47 2 -10391 10342
0 30 48 2 10360 10370
0 30 49 2 -31089 -10345
0 30 50 2 -10346 -31062
0 30 51 2 31090 10356
0 30 52 2 -10379 31080
0 30 53 2 -31086 -10392
0 30 54 2 -10365 31052
0 30 55 2 31100 -31111
0 30 56 2 10331 10387
0 30 57 2 10374 -10329
0 30 58 2 -31106 10360
0 30 59 2 -31100 10318
0 30 60 2 -31086 10365
0 30 61 2 -31075 -31119
0 30 62 2 -10352 -10371
0 30 63 2 31083 31123
0 30 64 2 -10377 31094
0 30 65 2 32800 11
0 30 66 2 10363 -31062
0 30 67 2 10339 -10394
0 30 68 2 -10373 -10374
0 30 69 2 -31086 -31103
0 30 70 2 -31069 -10365
0 30 71 2 31077 10345
0 30 72 2 -10356 -10343
0 30 73 2 -31068 -10363
0 30 74 2 31096 10350
0 30 75 2 -10351 -10386
0 30 76 2 -31119 31100
0 30 77 2 -31087 10383
0 30 78 2 31085 -10339
0 30 79 2 -31084 31075
0 30 80 2 -31069 10360
0 30 81 2 -10325 -10351
0 30 82 2 31096 -31096
0 30 83 2 31110 10394
0 30 84 2 10377 10387
0 30 85 2 -31078 -31094
0 30 86 2 31064 31053
0 30 87 2 -10338 31042
0 30 88 2 10389 -10361
0 30 89 2 10377 -31074
0 30 90 2 10413 -10384
0 30 91 2 10347 31106
0 30 92 2 31058 31100
0 30 93 2 10371 -31084
0 30 94 2 -10367 10354
0 30 95 2 10355 -10327
0 30 96 2 31062 31104
0 30 97 2 32793 -11
0 30 98 2 -10371 -10351
0 30 99 2 -31104 -10401
0 30 100 2 31089 -31114
0 30 101 2 -31074 -10377
0 30 102 2 -31088 -10365
0 30 103 2 31063 31073
0 30 104 2 -10353 -10349
0 30 105 2 10360 -10339
0 30 106 2 -31088 31067
0 30 107 2 -31083 31074
0 30 108 2 -31116 -10376
0 30 109 2 -10374 31061
0 30 110 2 31092 -31062
0 30 111 2 31072 31084
0 30 112 2 -31108 31081
0 30 113 2 -20 6
0 30 114 2 3 5
0 30 115 2 -15 -10
0 30 116 2 9 -41
0 30 117 2 -29 28
0 30 118 2 13 8
0 30 119 2 -2 1
0 30 120 2 10 -22
0 30 121 2 -14 -13
0 30 122 2 -32 -41
0 30 123 2 32 14
0 30 124 2 18 15
0 30 125 2 -12 20
0 30 126 2 -16 33
0 30 127 2 1 6
0 30 128 2 0 7
0 30 129 2 20 17
0 30 130 2 -23 33
0 30 131 2 -18 18
0 30 132 2 11 -9
0 30 133 2 39 29
0 30 134 2 3 16
0 30 135 2 -33 -31
0 30 136 2 10 -15
0 30 137 2 -35 -12
0 30 138 2 11 2
0 30 139 2 12 0
0 30 140 2 -6 39
0 30 141 2 0 8
0 30 142 2 3 18
0 30 143 2 3 -18
0 30 144 2 -31067 -10359
0 30 145 2 -10380 -10376
0 30 146 2 -10364 10350
0 30 147 2 31093 -10351
0 30 148 2 -10379 10368
0 30 149 2 10392 31114
0 30 150 2 -31078 -10359
0 30 151 2 31116 10398
0 30 152 2 31095 -10349
0 30 153 2 31099 -31084
0 30 154 2 31082 10404
0 30 155 2 31082 -10367
0 30 156 2 -31101 31080
0 30 157 2 31078 -31084
0 30 158 2 -31089 10339
0 30 159 2 32738 46
0 30 160 2 10347 -31079
0 30 161 2 -31122 31075
0 30 162 2 -31062 -31067
0 30 163 2 -31084 10356
0 30 164 2 -31110 10330
0 30 165 2 -10369 10363
0 30 166 2 10386 31111
0 30 167 2 -10399 -10341
0 30 168 2 10370 10359
0 30 169 2 -31053 31108
0 30 170 2 31096 -31091
0 30 171 2 31088 -10348
0 30 172 2 -10351 -10354
0 30 173 2 31059 10354
0 30 174 2 -31098 -10338
0 30 175 2 31086 31108
0 30 176 2 -10351 10324
0 30 177 2 -10357 -10383
0 30 178 2 -31089 -31141
0 30 179 2 31042 10342
0 30 180 2 -31084 -10383
0 30 181 2 -31085 10335
0 30 182 2 31098 -31058
0 30 183 2 31068 10355
0 30 184 2 10339 -31077
0 30 185 2 -31082 -31098
0 30 186 2 -10359 -31092
0 30 187 2 31061 31113
0 30 188 2 -10364 31044
0 30 189 2 31125 -31092
0 30 190 2 10369 10402
0 30 191 2 32768 6
0 30 192 2 -31057 -31096
0 30 193 2 10349 31098
0 30 194 2 -10348 -10339
0 30 195 2 -10360 -31115
0 30 196 2 31078 -10357
0 30 197 2 31093 31073
0 30 198 2 -31092 31047
0 30 199 2 -10390 31092
0 30 200 2 31034 31092
0 30 201 2 -31074 -10387
0 30 202 2 10369 10384
0 30 203 2 10360 -10383
0 30 204 2 31125 10385
0 30 205 2 -10384 10394
0 30 206 2 -10358 31077
0 30 207 2 31074 -31101
0 30 208 2 -31083 31094
0 30 209 2 31107 31099
0 30 210 2 31092 -31084
0 30 211 2 31078 31072
0 30 212 2 -10363 -31095
0 30 213 2 -10359 -31071
0 30 214 2 10335 -10383
0 30 215 2 -31124 31108
0 30 216 2 10357 -10364
0 30 217 2 10327 31109
0 30 218 2 -10334 31080
0 30 219 2 10364 31111
0 30 220 2 -10380 31080
0 30 221 2 -31053 -10350
0 30 222 2 -10360 -31102
0 30 223 2 32778 8
0 30 224 2 -10394 10367
0 30 225 2 31067 -10359
0 30 226 2 -10373 31083
0 30 227 2 10343 -10360
0 30 228 2 10378 10376
0 30 229 2 10315 31091
0 30 230 2 10365 10367
0 30 231 2 10346 -10337
0 30 232 2 10401 -31079
0 30 233 2 -31106 31072
0 30 234 2 -10344 -31056
0 30 235 2 10354 10385
0 30 236 2 -31077 10337
0 30 237 2 -31089 -31115
0 30 238 2 -31085 -10367
0 30 239 2 -31038 -31099
0 30 240 2 -31099 31114
0 30 241 2 -10379 10367
0 30 242 2 -31109 31085
0 30 243 2 31112 -10351
0 30 244 2 -31120 -10358
0 30 245 2 10376 10382
0 30 246 2 -31092 10348
0 30 247 2 31098 10382
0 30 248 2 31089 -10338
0 30 249 2 31060 31080
0 30 250 2 -10338 -31049
0 30 251 2 -10339 -31095
0 30 252 2 10396 -31095
0 30 253 2 -31068 -31098
0 30 254 2 31074 -31069
0 30 255 2 32718 30
0 31 0 2 -472 101
0 31 1 2 32788 21
0 31 2 2 10375 -10369
0 31 3 2 10340 -31074
0 31 4 2 31097 -31063
0 31 5 2 -10345 -10344
0 31 6 2 -31075 31069
0 31 7 2 31074 31093
0 31 8 2 -31071 31063
0 31 9 2 31085 10354
0 31 10 2 -31044 -10352
0 31 11 2 -31105 -31083
0 31 12 2 31085 -31032
0 31 13 2 10359 10396
0 31 14 2 -10359 -10366
0 31 15 2 -10354 31098
0 31 16 2 -31075 31089
0 31 17 2 10385 10356
0 31 18 2 31118 -10377
0 31 19 2 31089 -31076
0 31 20 2 10384 -31119
0 31 21 2 10348 31077
0 31 22 2 -31112 31105
0 31 23 2 -10393 31075
0 31 24 2 -31103 31123
0 31 25 2 -10368 10342
0 31 26 2 10392 -31103
0 31 27 2 31099 10346
0 31 28 2 -10355 -31099
0 31 29 2 -31086 -10365
0 31 30 2 31106 -10347
0 31 31 2 31065 -31079
0 31 32 2 31073 -31079
0 31 33 2 32765 0
0 31 34 2 -31122 10337
0 31 35 2 -31049 -10375
0 31 36 2 -10363 31095
0 31 37 2 -10387 10373
0 31 38 2 -31089 31104
0 31 39 2 31104 -31027
0 31 40 2 -10353 31085
0 31 41 2 10360 31095
0 31 42 2 -10349 10365
0 31 43 2 -10365 -10374
0 31 44 2 -10368 -10353
0 31 45 2 -10397 -10330
0 31 46 2 -10355 -31087
0 31 47 2 -31095 31079
0 31 48 2 31095 31108
0 31 49 2 -10394 10344
0 31 50 2 -31095 10325
0 31 51 2 31074 -10358
0 31 52 2 -31074 31066
0 31 53 2 10324 10394
0 31 54 2 -10371 10346
0 31 55 2 10346 31130
0 31 56 2 10306 31078
0 31 57 2 31092 31100
0 31 58 2 10378 -31081
0 31 59 2 31081 10374
0 31 60 2 10338 -31088
0 31 61 2 -31082 31067
0 31 62 2 -31075 10382
0 31 63 2 10374 10358
0 31 64 2 -31058 10399
0 31 65 2 32758 49
0 31 66 2 -10352 -31059
0 31 67 2 -31091 10341
0 31 68 2 -10367 31084
0 31 69 2 -10353 10341
0 31 70 2 -10374 -31096
0 31 71 2 -31094 10360
0 31 72 2 -31076 31071
0 31 73 2 -31068 31062
0 31 74 2 10388 10383
0 31 75 2 -10379 -10361
0 31 76 2 -10387 31108
0 31 77 2 -10345 -31087
0 31 78 2 -10360 10351
0 31 79 2 31092 10370
0 31 80 2 10368 10350
0 31 81 2 -31069 -31094
0 31 82 2 -31079 10326
0 31 83 2 10369 31113
0 31 84 2 31106 31128
0 31 85 2 10341 31086
0 31 86 2 31113 -31097
0 31 87 2 31104 -10375
0 31 88 2 -31072 31079
0 31 89 2 -31107 10363
0 31 90 2 31096 10365
0 31 91 2 -31078 -31081
0 31 92 2 -10358 10351
0 31 93 2 10348 -10352
0 31 94 2 -10365 -31073
0 31 95 2 10381 31053
0 31 96 2 -31077 31091
0 31 97 2 32771 7
0 31 98 2 -31126 10357
0 31 99 2 10395 -31067
0 31 100 2 31077 -10360
0 31 101 2 31072 -31054
0 31 102 2 10326 -31099
0 31 103 2 -31071 -10367
0 31 104 2 -31097 10371
0 31 105 2 10388 -10351
0 31 106 2 10376 -10341
0 31 107 2 10333 -10333
0 31 108 2 31096 10365
0 31 109 2 -10368 31061
0 31 110 2 -10334 -31082
0 31 111 2 -31129 10325
0 31 112 2 -10344 -10356
0 31 113 2 0 -1
0 31 114 2 -25 0
0 31 115 2 -11 -5
0 31 116 2 19 -18
0 31 117 2 -4 -11
0 31 118 2 1 -17
0 31 119 2 12 -21
0 31 120 2 31 -8
0 31 121 2 -24 -30
0 31 122 2 9 1
0 31 123 2 -15 -25
0 31 124 2 -13 -2
0 31 125 2 -1 -36
0 31 126 2 29 3
0 31 127 2 -25 16
0 31 128 2 17 -21
0 31 129 2 4 11
0 31 130 2 -21 0
0 31 131 2 22 5
0 31 132 2 -2 16
0 31 133 2 -6 -21
0 31 134 2 -24 25
0 31 135 2 -10 0
0 31 136 2 1 -3
0 31 137 2 19 -23
0 31 138 2 17 -27
0 31 139 2 -12 -3
0 31 140 2 -11 -40
0 31 141 2 -14 -4
0 31 142 2 -15 -3
0 31 143 2 2 14
0 31 144 2 -10367 10356
0 31 145 2 -31088 10315
0 31 146 2 -10351 -10347
0 31 147 2 -10369 10391
0 31 148 2 -31081 10304
0 31 149 2 31083 -10361
0 31 150 2 -31068 -10380
0 31 151 2 31098 -10391
0 31 152 2 -10365 10388
0 31 153 2 10349 31100
0 31 154 2 -31061 -31081
0 31 155 2 -10347 10366
0 31 156 2 -10316 -31101
0 31 157 2 10337 -10369
0 31 158 2 10324 10341
0 31 159 2 32803 1
0 31 160 2 -10353 -10370
0 31 161 2 -10359 -10346
0 31 162 2 -31057 10358
0 31 163 2 10372 -31083
0 31 164 2 10374 -31087
0 31 165 2 10374 10357
0 31 166 2 31078 31101
0 31 167 2 31088 -10326
0 31 168 2 -10378 31094
0 31 169 2 31112 -31058
0 31 170 2 -10375 31103
0 31 171 2 31075 31086
0 31 172 2 31070 31081
0 31 173 2 -31087 -31102
0 31 174 2 10355 10356
0 31 175 2 10401 31091
0 31 176 2 10360 10352
0 31 177 2 -10370 10343
0 31 178 2 -31062 -31089
0 31 179 2 -10412 31098
0 31 180 2 31066 10371
0 31 181 2 -31096 -31110
0 31 182 2 10368 -31055
0 31 183 2 -31101 10346
0 31 184 2 10375 -31095
0 31 185 2 10353 -31050
0 31 186 2 31060 31066
0 31 187 2 -10383 -31101
0 31 188 2 31074 -10366
0 31 189 2 -10324 -31062
0 31 190 2 -31068 -31094
0 31 191 2 32772 3
0 31 192 2 10383 31089
0 31 193 2 10352 31053
0 31 194 2 -10365 10331
0 31 195 2 10361 -10332
0 31 196 2 -10365 31068
0 31 197 2 10398 -10395
0 31 198 2 10381 31089
0 31 199 2 -10347 10355
0 31 200 2 -31033 -10382
0 31 201 2 -10368 31059
0 31 202 2 31067 10370
0 31 203 2 31071 31099
0 31 204 2 -31088 -31104
0 31 205 2 -10361 -31068
0 31 206 2 -10353 31099
0 31 207 2 31058 31104
0 31 208 2 10382 -31104
0 31 209 2 31099 -31088
0 31 210 2 10319 31052
0 31 211 2 31098 -10322
0 31 212 2 10376 -10364
0 31 213 2 -31087 31063
0 31 214 2 10384 -10407
0 31 215 2 10385 -31105
0 31 216 2 -10337 -10373
0 31 217 2 31087 10355
0 31 218 2 10365 -31093
0 31 219 2 -10308 -31087
0 31 220 2 -31089 -10372
0 31 221 2 -10383 31075
0 31 222 2 31086 31085
0 31 223 2 32769 -4
0 31 224 2 10381 -10369
0 31 225 2 -31098 31041
0 31 226 2 10358 -10371
0 31 227 2 -10370 31106
0 31 228 2 -31089 10376
0 31 229 2 -10370 10352
0 31 230 2 -31056 -10392
0 31 231 2 10343 31119
0 31 232 2 -31038 -10388
0 31 233 2 31019 -10340
0 31 234 2 -10324 -31082
0 31 235 2 -10349 -31068
0 31 236 2 -31059 -10370
0 31 237 2 -10346 -31090
0 31 238 2 10345 31067
0 31 239 2 -31113 31081
0 31 240 2 -31075 -10348
0 31 241 2 -10382 31099
0 31 242 2 -31075 31049
0 31 243 2 31059 31090
0 31 244 2 -10391 31100
0 31 245 2 -31099 31080
0 31 246 2 -10346 10343
0 31 247 2 31077 31059
0 31 248 2 -31098 10375
0 31 249 2 -10375 10344
0 31 250 2 -31066 10352
0 31 251 2 31079 31106
0 31 252 2 -10351 10360
0 31 253 2 10367 31110
0 31 254 2 10355 10370
0 31 255 2 32754 -1
0 32 0 2 -442 51
0 32 1 2 32781 6
0 32 2 2 -31132 31079
0 32 3 2 -10374 10347
0 32 4 2 31054 -31067
0 32 5 2 10373 10357
0 32 6 2 -31088 31055
0 32 7 2 -10348 31075
0 32 8 2 31126 -10356
0 32 9 2 -10368 -10383
0 32 10 2 10386 -31061
0 32 11 2 10369 -10356
0 32 12 2 -10358 31081
0 32 13 2 31109 10354
0 32 14 2 10344 -31075
0 32 15 2 -31091 -31099
0 32 16 2 31058 10345
0 32 17 2 -31089 10314
0 32 18 2 31075 -31046
0 32 19 2 10336 31066
0 32 20 2 -31087 -10394
0 32 21 2 31066 31122
0 32 22 2 10367 10386
0 32 23 2 -10361 -10382
0 32 24 2 10351 31102
0 32 25 2 -31094 31059
0 32 26 2 -10384 10369
0 32 27 2 -31076 -10342
0 32 28 2 10348 31101
0 32 29 2 31079 -10357
0 32 30 2 10354 -10370
0 32 31 2 -31089 -10369
0 32 32 2 10366 31098
0 32 33 2 32762 -8
0 32 34 2 10363 10413
0 32 35 2 -31076 -31105
0 32 36 2 -10346 -31093
0 32 37 2 -10357 -10378
0 32 38 2 10401 -31056
0 32 39 2 -10360 10351
0 32 40 2 31090 31142
0 32 41 2 10332 10368
0 32 42 2 -10358 10349
0 32 43 2 10343 31101
0 32 44 2 10361 10365
0 32 45 2 -31068 31122
0 32 46 2 31061 -10370
0 32 47 2 10328 10377
0 32 48 2 31049 10346
0 32 49 2 -31068 -31098
0 32 50 2 -31084 10343
0 32 51 2 -10370 -31082
0 32 52 2 31069 -10356
0 32 53 2 10351 -10361
0 32 54 2 31100 -31056
0 32 55 2 10349 -10355
0 32 56 2 10371 -31067
0 32 57 2 10370 10391
0 32 58 2 10359 -31089
0 32 59 2 31100 10373
0 32 60 2 31102 -31126
0 32 61 2 -31057 10352
0 32 62 2 -31085 -10350
0 32 63 2 -10386 10390
0 32 64 2 -10393 10354
0 32 65 2 32772 21
0 32 66 2 31083 -31056
0 32 67 2 31089 31146
0 32 68 2 -31126 10379
0 32 69 2 31095 10369
0 32 70 2 -10356 -31070
0 32 71 2 10375 -10339
0 32 72 2 10323 31120
0 32 73 2 -31035 -31107
0 32 74 2 31079 -31078
0 32 75 2 -31093 -10388
0 32 76 2 10362 10346
0 32 77 2 10343 10359
0 32 78 2 -10354 -10380
0 32 79 2 -31076 31075
0 32 80 2 31081 10355
0 32 81 2 31070 -31076
0 32 82 2 -31071 10380
0 32 83 2 10355 -31081
0 32 84 2 31114 10387
0 32 85 2 -10367 -10330
0 32 86 2 31070 10362
0 32 87 2 10353 31126
0 32 88 2 31111 31079
0 32 89 2 31084 -31106
0 32 90 2 -10353 -10367
0 32 91 2 10392 -31110
0 32 92 2 31067 31103
0 32 93 2 10324 -10385
0 32 94 2 -31076 10329
0 32 95 2 -31083 -31104
0 32 96 2 -10378 31057
0 32 97 2 32771 3
0 32 98 2 31099 -10333
0 32 99 2 10380 -10389
0 32 100 2 10377 31079
0 32 101 2 -10387 10357
0 32 102 2 -10360 -31093
0 32 103 2 -31095 -10368
0 32 104 2 31061 10349
0 32 105 2 -31064 -10383
0 32 106 2 -31065 31070
0 32 107 2 -10351 10341
0 32 108 2 10379 31101
0 32 109 2 -10361 31056
0 32 110 2 -10353 -10382
0 32 111 2 31085 -10336
0 32 112 2 -10352 31076
0 32 113 2 4 -1
0 32 114 2 -12 5
0 32 115 2 16 8
0 32 116 2 3 -9
0 32 117 2 36 -24
0 32 118 2 11 -1
0 32 119 2 -5 -12
0 32 120 2 25 24
0 32 121 2 15 -13
0 32 122 2 7 39
0 32 123 2 -5 44
0 32 124 2 -9 15
0 32 125 2 2 -24
0 32 126 2 32 25
0 32 127 2 -1 -18
0 32 128 2 -8 6
0 32 129 2 32 6
0 32 130 2 -39 -7
0 32 131 2 -6 14
0 32 132 2 12 8
0 32 133 2 -2 13
0 32 134 2 -1 2
0 32 135 2 -11 -19
0 32 136 2 -42 -18
0 32 137 2 9 -2
0 32 138 2 -11 0
0 32 139 2 -27 0
0 32 140 2 16 16
0 32 141 2 -30 8
0 32 142 2 12 27
0 32 143 2 3 16
0 32 144 2 10358 10376
0 32 145 2 -10377 31105
0 32 146 2 -31079 31071
0 32 147 2 -10399 -10366
0 32 148 2 10358 31096
0 32 149 2 31057 31075
0 32 150 2 -10384 31096
0 32 151 2 31083 -10323
0 32 152 2 10386 -10391
0 32 153 2 -31091 -10378
0 32 154 2 10352 31068
0 32 155 2 -10370 31094
0 32 156 2 31068 31076
0 32 157 2 -10332 -31088
0 32 158 2 10356 31081
0 32 159 2 32768 -6
0 32 160 2 10353 -10398
0 32 161 2 10353 -10341
0 32 162 2 31117 -10299
0 32 163 2 -31054 -10378
0 32 164 2 10352 -10376
0 32 165 2 -31077 -31097
0 32 166 2 31136 -31074
0 32 167 2 -31086 -10371
0 32 168 2 31079 -31105
0 32 169 2 31078 -31044
0 32 170 2 -31080 10379
0 32 171 2 10376 -31069
0 32 172 2 -31107 31089
0 32 173 2 31075 31072
0 32 174 2 -31099 -31081
0 32 175 2 -10350 10362
0 32 176 2 31063 -10344
0 32 177 2 31095 -10346
0 32 178 2 31070 -10334
0 32 179 2 -31081 10331
0 32 180 2 -31060 -10385
0 32 181 2 31103 10355
0 32 182 2 -31089 -10392
0 32 183 2 10330 31091
0 32 184 2 31048 31078
0 32 185 2 31079 -10341
0 32 186 2 -10365 -10354
0 32 187 2 -31082 10339
0 32 188 2 -10366 31083
0 32 189 2 10309 10362
0 32 190 2 -31121 10354
0 32 191 2 32763 -13
0 32 192 2 -10357 -31096
0 32 193 2 -31125 10333
0 32 194 2 10354 -10327
0 32 195 2 -31085 -10369
0 32 196 2 10321 31085
0 32 197 2 31089 31115
0 32 198 2 -10360 31095
0 32 199 2 31082 31086
0 32 200 2 -10368 10355
0 32 201 2 -10348 -31105
0 32 202 2 -10373 -10351
0 32 203 2 31075 31093
0 32 204 2 10326 10436
0 32 205 2 -10371 10370
0 32 206 2 10393 31095
0 32 207 2 31094 -10317
0 32 208 2 10349 -31089
0 32 209 2 10345 -10354
0 32 210 2 -31085 -31106
0 32 211 2 -10336 10359
0 32 212 2 -10334 -31082
0 32 213 2 -10384 10321
0 32 214 2 -10335 -31085
0 32 215 2 31067 -31068
0 32 216 2 -31053 -31088
0 32 217 2 -10380 31101
0 32 218 2 -31082 31101
0 32 219 2 -10361 31082
0 32 220 2 10373 -10347
0 32 221 2 -10400 31100
0 32 222 2 31068 31085
0 32 223 2 32757 8
0 32 224 2 31098 -31065
0 32 225 2 31063 31108
0 32 226 2 -10381 31089
0 32 227 2 10381 -31059
0 32 228 2 -10402 31088
0 32 229 2 -31111 -31093
0 32 230 2 -31132 -10353
0 32 231 2 -10324 -31100
0 32 232 2 10361 -10352
0 32 233 2 31115 -31076
0 32 234 2 10325 -31122
0 32 235 2 -31087 -10388
0 32 236 2 -10348 31087
0 32 237 2 -10373 31069
0 32 238 2 -31104 -31116
0 32 239 2 -10362 10355
0 32 240 2 10350 -31089
0 32 241 2 -31091 10382
0 32 242 2 -31084 -10382
0 32 243 2 31064 -31099
0 32 244 2 -10355 -31112
0 32 245 2 31079 31047
0 32 246 2 -31053 10354
0 32 247 2 -31109 10331
0 32 248 2 31110 -10353
0 32 249 2 -31063 -31116
0 32 250 2 -31105 31080
0 32 251 2 31093 -10342
0 32 252 2 10352 10381
0 32 253 2 -31074 31085
0 32 254 2 10360 -31065
0 32 255 2 32755 0
0 33 0 2 -479 103
0 33 1 2 32773 8
0 33 2 2 -10362 10338
0 33 3 2 -31056 10343
0 33 4 2 10368 -31082
0 33 5 2 10378 -31094
0 33 6 2 31083 10384
0 33 7 2 -10351 -10389
0 33 8 2 -31086 31065
0 33 9 2 10326 10379
0 33 10 2 31082 31102
0 33 11 2 31081 10369
0 33 12 2 10365 -31122
0 33 13 2 31101 31085
0 33 14 2 31101 -10368
0 33 15 2 10355 10371
0 33 16 2 -31047 -31104
0 33 17 2 -31073 -31074
0 33 18 2 -10356 31064
0 33 19 2 10362 -10356
0 33 20 2 -31066 10314
0 33 21 2 -31087 10327
0 33 22 2 -31083 31102
0 33 23 2 10369 -10318
0 33 24 2 31064 31059
0 33 25 2 -10330 31100
0 33 26 2 10370 -31097
0 33 27 2 -10365 -31051
0 33 28 2 -10393 10364
0 33 29 2 -31069 -10374
0 33 30 2 -10369 31095
0 33 31 2 10377 31095
0 33 32 2 10383 -31092
0 33 33 2 32743 46
0 33 34 2 31087 31082
0 33 35 2 -10369 -31110
0 33 36 2 31039 31091
0 33 37 2 31092 31050
0 33 38 2 10349 31087
0 33 39 2 31048 31089
0 33 40 2 10375 -10394
0 33 41 2 31129 -10333
0 33 42 2 -31085 10341
0 33 43 2 -31043 -31094
0 33 44 2 -10349 10341
0 33 45 2 -10367 -10358
0 33 46 2 31070 31079
0 33 47 2 10340 31087
0 33 48 2 -10374 -10364
0 33 49 2 -10345 -10340
0 33 50 2 -10344 -31097
0 33 51 2 -31071 -10354
0 33 52 2 31096 31077
0 33 53 2 -31124 31053
0 33 54 2 -31089 31069
0 33 55 2 -31110 31095
0 33 56 2 31093 31082
0 33 57 2 -10394 10349
0 33 58 2 10346 10355
0 33 59 2 -31097 31072
0 33 60 2 31077 31080
0 33 61 2 10360 10333
0 33 62 2 -31074 31084
0 33 63 2 31084 -31085
0 33 64 2 -31116 10350
0 33 65 2 32782 9
0 33 66 2 -31056 -31065
0 33 67 2 10356 -31096
0 33 68 2 31081 -10365
0 33 69 2 -31126 10356
0 33 70 2 10361 -31103
0 33 71 2 -10353 -31108
0 33 72 2 10354 10366
0 33 73 2 -10341 -31071
0 33 74 2 -10380 10340
0 33 75 2 -10336 -31069
0 33 76 2 10360 -10395
0 33 77 2 10402 -31081
0 33 78 2 -10395 10347
0 33 79 2 -31110 10349
0 33 80 2 -31077 -10379
0 33 81 2 -10341 -10335
0 33 82 2 -31071 -31091
0 33 83 2 31082 -31097
0 33 84 2 31062 10364
0 33 85 2 -31097 31059
0 33 86 2 -10330 10373
0 33 87 2 -31073 -31068
0 33 88 2 -31073 10364
0 33 89 2 10334 -31103
0 33 90 2 -31096 10367
0 33 91 2 31036 31096
0 33 92 2 31079 -31066
0 33 93 2 -31053 31091
0 33 94 2 -31094 10372
0 33 95 2 -31124 10353
0 33 96 2 31079 31096
0 33 97 2 32764 13
0 33 98 2 10351 31076
0 33 99 2 31050 10433
0 33 100 2 10332 31106
0 33 101 2 -31082 10348
0 33 102 2 31092 -10380
0 33 103 2 -10356 -31086
0 33 104 2 31098 31081
0 33 105 2 31056 -10404
0 33 106 2 31090 10379
0 33 107 2 -10366 -10365
0 33 108 2 31051 31103
0 33 109 2 10392 -10353
0 33 110 2 -31105 -31115
0 33 111 2 -10385 -10390
0 33 112 2 10356 -31086
0 33 113 2 0 6
0 33 114 2 -1 19
0 33 115 2 5 -13
0 33 116 2 42 -24
0 33 117 2 0 21
0 33 118 2 -20 -21
0 33 119 2 -36 -2
0 33 120 2 -17 29
0 33 121 2 -11 -1
0 33 122 2 -17 31
0 33 123 2 -5 -9
0 33 124 2 -1 3
0 33 125 2 -2 -6
0 33 126 2 15 25
0 33 127 2 21 -36
0 33 128 2 8 -11
0 33 129 2 0 31
0 33 130 2 -23 -16
0 33 131 2 25 12
0 33 132 2 13 -18
0 33 133 2 -26 -24
0 33 134 2 -14 -23
0 33 135 2 3 -3
0 33 136 2 -6 -21
0 33 137 2 -15 14
0 33 138 2 -30 -10
0 33 139 2 -9 -9
0 33 140 2 20 -13
0 33 141 2 32 -4
0 33 142 2 10 2
0 33 143 2 -3 -15
0 33 144 2 -10370 -10379
0 33 145 2 10351 31076
0 33 146 2 -31099 10377
0 33 147 2 31105 -10344
0 33 148 2 -10349 31072
0 33 149 2 -10391 31089
0 33 150 2 -31083 10342
0 33 151 2 -31068 -31074
0 33 152 2 -10365 10366
0 33 153 2 -31067 -31095
0 33 154 2 -10376 -10352
0 33 155 2 -31110 -31117
0 33 156 2 -10342 -31078
0 33 157 2 -31099 -31094
0 33 158 2 -10343 -31066
0 33 159 2 32763 2
0 33 160 2 -31127 31074
0 33 161 2 -10346 -10373
0 33 162 2 31105 -31064
0 33 163 2 10315 -10344
0 33 164 2 10367 -31072
0 33 165 2 -31107 31080
0 33 166 2 -31095 -10382
0 33 167 2 -10345 -31130
0 33 168 2 -31126 31078
0 33 169 2 31070 31092
0 33 170 2 -10373 -10381
0 33 171 2 31122 -10365
0 33 172 2 -10359 -10370
0 33 173 2 10374 10343
0 33 174 2 31093 -31116
0 33 175 2 10343 -31057
0 33 176 2 10366 -31076
0 33 177 2 10378 10353
0 33 178 2 -10351 -10324
0 33 179 2 -31082 -31061
0 33 180 2 -10350 10363
0 33 181 2 31071 10372
0 33 182 2 -31082 -31148
0 33 183 2 31060 31095
0 33 184 2 31087 -10316
0 33 185 2 -31069 31082
0 33 186 2 -31079 10347
0 33 187 2 31070 31108
0 33 188 2 31087 10379
0 33 189 2 31087 31064
0 33 190 2 10336 -10365
0 33 191 2 32786 21
0 33 192 2 10374 10362
0 33 193 2 10356 -10350
0 33 194 2 10368 -10368
0 33 195 2 31097 -31090
0 33 196 2 31075 -10387
0 33 197 2 31065 31084
0 33 198 2 -31064 31074
0 33 199 2 -31114 -31103
0 33 200 2 10354 -31087
0 33 201 2 10360 -31083
0 33 202 2 -31081 -31069
0 33 203 2 -31091 31078
0 33 204 2 -31084 -31096
0 33 205 2 10375 31078
0 33 206 2 -31070 10331
0 33 207 2 -31103 10394
0 33 208 2 31076 10379
0 33 209 2 31072 -10363
0 33 210 2 -31083 10378
0 33 211 2 31081 31128
0 33 212 2 -10340 -10332
0 33 213 2 -31100 10330
0 33 214 2 31085 10367
0 33 215 2 31126 -10346
0 33 216 2 10407 10346
0 33 217 2 31076 10349
0 33 218 2 -31086 10346
0 33 219 2 10390 -31065
0 33 220 2 -10361 -31130
0 33 221 2 -31066 -10365
0 33 222 2 -31102 31085
0 33 223 2 32761 37
0 33 224 2 10396 -31098
0 33 225 2 31089 -31062
0 33 226 2 -10369 -31064
0 33 227 2 31058 31068
0 33 228 2 -31055 -31114
0 33 229 2 -10374 31081
0 33 230 2 31051 -10333
0 33 231 2 31066 10371
0 33 232 2 -31106 10351
0 33 233 2 31091 31105
0 33 234 2 31087 10390
0 33 235 2 -10350 31083
0 33 236 2 10365 -10348
0 33 237 2 -10344 -31072
0 33 238 2 -10368 10380
0 33 239 2 -31036 10340
0 33 240 2 -31104 31067
0 33 241 2 -10373 -10367
0 33 242 2 -10361 31063
0 33 243 2 -31080 -31116
0 33 244 2 -31061 -10353
0 33 245 2 31100 -10343
0 33 246 2 10366 31076
0 33 247 2 -31055 -10393
0 33 248 2 10323 -31100
0 33 249 2 -10377 31090
0 33 250 2 -31098 -10397
0 33 251 2 10390 10363
0 33 252 2 10348 31078
0 33 253 2 -10376 10343
0 33 254 2 -10379 10374
0 33 255 2 32785 -24
0 34 0 2 -482 105
0 34 1 2 32766 7
0 34 2 2 -31084 -31101
0 34 3 2 -10391 31059
0 34 4 2 -31066 -10344
0 34 5 2 10356 31033
0 34 6 2 -10358 31054
0 34 7 2 31127 -10333
0 34 8 2 31076 31079
0 34 9 2 31091 10366
0 34 10 2 -31076 -10324
0 34 11 2 10351 31110
0 34 12 2 -10392 -10373
0 34 13 2 -10398 -10347
0 34 14 2 -31062 -31072
0 34 15 2 -10335 10360
0 34 16 2 -31094 10354
0 34 17 2 -31091 31089
0 34 18 2 -10367 31054
0 34 19 2 10365 10346
0 34 20 2 31078 31101
0 34 21 2 -10367 31067
0 34 22 2 -31117 -10347
0 34 23 2 -31109 31094
0 34 24 2 31097 10389
0 34 25 2 10412 -10342
0 34 26 2 -31104 -10356
0 34 27 2 -31087 -10366
0 34 28 2 -31095 10358
0 34 29 2 -31092 31091
0 34 30 2 31074 10342
0 34 31 2 10370 -31071
0 34 32 2 -31079 10328
0 34 33 2 32779 17
0 34 34 2 10375 31089
0 34 35 2 -10339 -31078
0 34 36 2 31081 -31074
0 34 37 2 31073 -10357
0 34 38 2 -10391 -31095
0 34 39 2 10361 -31099
0 34 40 2 -10359 -31038
0 34 41 2 10355 31075
0 34 42 2 -31105 31087
0 34 43 2 -10357 -31079
0 34 44 2 31066 10416
0 34 45 2 10358 31107
0 34 46 2 -10367 -31048
0 34 47 2 -31116 10354
0 34 48 2 31070 -31048
0 34 49 2 31044 31071
0 34 50 2 -31109 -10353
0 34 51 2 31079 10370
0 34 52 2 -31099 -10364
0 34 53 2 -31069 31089
0 34 54 2 -10339 31084
0 34 55 2 10334 31117
0 34 56 2 10370 31077
0 34 57 2 10358 31092
0 34 58 2 10326 10383
0 34 59 2 31089 -31085
0 34 60 2 -31087 -31131
0 34 61 2 -10372 10357
0 34 62 2 -10342 -31088
0 34 63 2 -31094 -31082
0 34 64 2 10326 -10333
0 34 65 2 32775 5
0 34 66 2 10363 -31104
0 34 67 2 10369 -10406
0 34 68 2 -31084 -31124
0 34 69 2 31096 10356
0 34 70 2 31093 -10373
0 34 71 2 10389 -31065
0 34 72 2 31128 -10358
0 34 73 2 -31111 31095
0 34 74 2 -31085 31066
0 34 75 2 -31108 -10333
0 34 76 2 -31119 31072
0 34 77 2 -31096 31093
0 34 78 2 -31088 10397
0 34 79 2 -10337 -10344
0 34 80 2 -31067 -31091
0 34 81 2 -10341 -31118
0 34 82 2 10382 -31107
0 34 83 2 31093 -10371
0 34 84 2 31101 -31086
0 34 85 2 31082 -10364
0 34 86 2 31063 -10354
0 34 87 2 -10380 31076
0 34 88 2 -31100 31065
0 34 89 2 -31113 31071
0 34 90 2 -10353 31089
0 34 91 2 10358 -10354
0 34 92 2 -31100 31062
0 34 93 2 31120 -10333
0 34 94 2 10377 -31044
0 34 95 2 -10345 10374
0 34 96 2 -10350 -10403
0 34 97 2 32774 21
0 34 98 2 31078 -31067
0 34 99 2 31069 -10342
0 34 100 2 10322 10334
0 34 101 2 10368 -31100
0 34 102 2 -10342 10361
0 34 103 2 -10352 -10379
0 34 104 2 -10367 31070
0 34 105 2 31103 -31059
0 34 106 2 -10390 10313
0 34 107 2 -31104 10351
0 34 108 2 31090 31087
0 34 109 2 31051 31086
0 34 110 2 -10360 -10355
0 34 111 2 10398 -31098
0 34 112 2 -10360 -10348
0 34 113 2 23 3
0 34 114 2 -1 -17
0 34 115 2 13 -9
0 34 116 2 -10 -5
0 34 117 2 30 -6
0 34 118 2 2 28
0 34 119 2 18 -4
0 34 120 2 5 33
0 34 121 2 -2 3
0 34 122 2 -15 20
0 34 123 2 18 -17
0 34 124 2 -1 -6
0 34 125 2 -3 -21
0 34 126 2 31 -26
0 34 127 2 19 -20
0 34 128 2 -6 17
0 34 129 2 28 -10
0 34 130 2 0 -1
0 34 131 2 11 -29
0 34 132 2 -23 11
0 34 133 2 5 20
0 34 134 2 15 33
0 34 135 2 -4 -28
0 34 136 2 -24 8
0 34 137 2 -6 32
0 34 138 2 -6 -24
0 34 139 2 0 6
0 34 140 2 -6 -1
0 34 141 2 20 -15
0 34 142 2 8 10
0 34 143 2 6 25
0 34 144 2 -10375 -10366
0 34 145 2 31107 -31090
0 34 146 2 -10368 10365
0 34 147 2 31068 31091
0 34 148 2 -31099 -10372
0 34 149 2 31069 31070
0 34 150 2 -31093 31093
0 34 151 2 -10359 -10347
0 34 152 2 -31058 -10344
0 34 153 2 -10366 31080
0 34 154 2 31075 -31087
0 34 155 2 -10352 31089
0 34 156 2 31086 -10335
0 34 157 2 10346 10392
0 34 158 2 -31082 -10386
0 34 159 2 32789 -1
0 34 160 2 10347 -10358
0 34 161 2 31097 -31088
0 34 162 2 31099 -31072
0 34 163 2 31084 -10384
0 34 164 2 31061 -31105
0 34 165 2 -31070 31061
0 34 166 2 10309 31086
0 34 167 2 10336 31102
0 34 168 2 -31054 -31042
0 34 169 2 -10388 31089
0 34 170 2 -31068 -10382
0 34 171 2 -31102 31087
0 34 172 2 31083 10394
0 34 173 2 -10355 10365
0 34 174 2 -10342 -10373
0 34 175 2 10371 -10387
0 34 176 2 -10374 -10387
0 34 177 2 -31069 10363
0 34 178 2 -10354 -10374
0 34 179 2 -31075 -31085
0 34 180 2 31051 -10349
0 34 181 2 31111 -10360
0 34 182 2 -31110 -10389
0 34 183 2 -31087 31045
0 34 184 2 31084 31088
0 34 185 2 -10350 10367
0 34 186 2 31074 31118
0 34 187 2 -10347 10374
0 34 188 2 10409 -10358
0 34 189 2 -10350 -31073
0 34 190 2 -10348 -31097
0 34 191 2 32728 27
0 34 192 2 -10350 -31105
0 34 193 2 -31077 -10331
0 34 194 2 -31088 -10365
0 34 195 2 10349 10385
0 34 196 2 -10345 10385
0 34 197 2 -10347 10353
0 34 198 2 10322 31112
0 34 199 2 -31090 -10374
0 34 200 2 10341 31092
0 34 201 2 -10340 -31090
0 34 202 2 31088 10393
0 34 203 2 -31105 10352
0 34 204 2 -10364 31069
0 34 205 2 10346 -10330
0 34 206 2 10350 10404
0 34 207 2 31076 31112
0 34 208 2 -10362 -31095
0 34 209 2 31108 -10358
0 34 210 2 -10341 -10331
0 34 211 2 31118 -31089
0 34 212 2 31073 31107
0 34 213 2 -31105 31073
0 34 214 2 31119 -10366
0 34 215 2 -31071 10340
0 34 216 2 31108 -31088
0 34 217 2 31109 -10329
0 34 218 2 -31119 10351
0 34 219 2 10380 10350
0 34 220 2 -31073 31078
0 34 221 2 -10387 -10383
0 34 222 2 -31058 -10394
0 34 223 2 32765 -9
0 34 224 2 -10365 -31090
0 34 225 2 31049 31105
0 34 226 2 10383 -10332
0 34 227 2 -10393 10315
0 34 228 2 31088 -31095
0 34 229 2 31103 -31090
0 34 230 2 -10365 -10372
0 34 231 2 10358 31074
0 34 232 2 10379 -31067
0 34 233 2 10370 31096
0 34 234 2 -10333 31058
0 34 235 2 -31067 -31069
0 34 236 2 -31096 31085
0 34 237 2 -10370 31060
0 34 238 2 31114 -31064
0 34 239 2 -10362 -31084
0 34 240 2 10380 -10343
0 34 241 2 -10353 10360
0 34 242 2 -31090 -31121
0 34 243 2 -31083 31032
0 34 244 2 31060 -10353
0 34 245 2 -31081 31047
0 34 246 2 -10388 31108
0 34 247 2 31101 -10374
0 34 248 2 31101 31075
0 34 249 2 -10360 31085
0 34 250 2 10359 31102
0 34 251 2 -31058 10320
0 34 252 2 -10342 -10379
0 34 253 2 -31108 31106
0 34 254 2 10358 31085
0 34 255 2 32760 0
0 35 0 2 -455 97
0 35 1 2 32767 39
0 35 2 2 10366 10355
0 35 3 2 10349 10380
0 35 4 2 10389 10378
0 35 5 2 -31076 10352
0 35 6 2 -10358 -31094
0 35 7 2 31076 -31058
0 35 8 2 -10337 -31054
0 35 9 2 10399 -10345
0 35 10 2 31081 31076
0 35 11 2 10383 -31070
0 35 12 2 -31092 -31071
0 35 13 2 31045 31091
0 35 14 2 -10354 10380
0 35 15 2 -10366 -31081
0 35 16 2 31089 10376
0 35 17 2 10358 10367
0 35 18 2 10348 -31081
0 35 19 2 10351 -31088
0 35 20 2 -10343 31092
0 35 21 2 31120 -31090
0 35 22 2 31117 -10345
0 35 23 2 -10369 10379
0 35 24 2 -10376 31091
0 35 25 2 31069 10350
0 35 26 2 31084 31105
0 35 27 2 31069 -10345
0 35 28 2 -31113 10342
0 35 29 2 -31134 31080
0 35 30 2 31095 -10375
0 35 31 2 10351 10350
0 35 32 2 -31106 10369
0 35 33 2 32771 0
0 35 34 2 -10364 -10363
0 35 35 2 -10360 31085
0 35 36 2 -10367 -10372
0 35 37 2 31104 31104
0 35 38 2 10374 31096
0 35 39 2 10341 31103
0 35 40 2 -10329 -31061
0 35 41 2 -10353 -10375
0 35 42 2 -31097 31093
0 35 43 2 31074 31063
0 35 44 2 -10355 10368
0 35 45 2 -31091 -10352
0 35 46 2 10386 -31062
0 35 47 2 10347 31082
0 35 48 2 -10334 10368
0 35 49 2 -10368 -31096
0 35 50 2 -31083 31055
0 35 51 2 -31055 -10353
0 35 52 2 -31066 -31107
0 35 53 2 31074 -10376
0 35 54 2 10350 31093
0 35 55 2 10376 -31076
0 35 56 2 -31088 -10375
0 35 57 2 31089 -31064
0 35 58 2 -10392 10400
0 35 59 2 10378 -10346
0 35 60 2 -10376 31112
0 35 61 2 -10389 10364
0 35 62 2 -10370 -10355
0 35 63 2 10358 31055
0 35 64 2 10346 10346
0 35 65 2 32757 3
0 35 66 2 -31071 10346
0 35 67 2 -31041 -31068
0 35 68 2 10348 -31080
0 35 69 2 31112 10366
0 35 70 2 10386 -31077
0 35 71 2 31128 -10328
0 35 72 2 10353 10381
0 35 73 2 -31061 -31086
0 35 74 2 -10389 10345
0 35 75 2 31066 10419
0 35 76 2 10364 10377
0 35 77 2 -10373 -10367
0 35 78 2 10329 31063
0 35 79 2 31111 10361
0 35 80 2 10330 31059
0 35 81 2 10339 -10344
0 35 82 2 10340 10342
0 35 83 2 10357 -10362
0 35 84 2 10359 31101
0 35 85 2 31094 -31066
0 35 86 2 -31042 -10345
0 35 87 2 10396 -31080
0 35 88 2 31125 -10331
0 35 89 2 -31113 -10394
0 35 90 2 -31107 -31118
0 35 91 2 10355 -31100
0 35 92 2 10363 -31097
0 35 93 2 31109 10399
0 35 94 2 -31106 -10389
0 35 95 2 10344 31098
0 35 96 2 -31109 10349
0 35 97 2 32754 6
0 35 98 2 -31105 10346
0 35 99 2 10371 -31077
0 35 100 2 31070 31095
0 35 101 2 -10369 -31117
0 35 102 2 31102 10367
0 35 103 2 -10372 10365
0 35 104 2 -31051 -10377
0 35 105 2 -10371 10377
0 35 106 2 10368 -10373
0 35 107 2 10350 -10347
0 35 108 2 10355 -10396
0 35 109 2 10360 -10347
0 35 110 2 -31124 31078
0 35 111 2 -10369 10363
0 35 112 2 31085 -10359
0 35 113 2 -17 -15
0 35 114 2 -15 -38
0 35 115 2 11 -13
0 35 116 2 -25 -3
0 35 117 2 -13 -18
0 35 118 2 4 23
0 35 119 2 7 -10
0 35 120 2 6 5
0 35 121 2 16 30
0 35 122 2 -15 -2
0 35 123 2 -2 6
0 35 124 2 -27 -8
0 35 125 2 -28 18
0 35 126 2 -10 48
0 35 127 2 4 16
0 35 128 2 -15 2
0 35 129 2 10 26
0 35 130 2 -12 -3
0 35 131 2 13 -9
0 35 132 2 12 -1
0 35 133 2 -12 38
0 35 134 2 3 -5
0 35 135 2 -27 -34
0 35 136 2 -7 12
0 35 137 2 9 -7
0 35 138 2 8 9
0 35 139 2 -14 -28
0 35 140 2 -5 -13
0 35 141 2 1 16
0 35 142 2 -29 4
0 35 143 2 21 -17
0 35 144 2 -10365 10325
0 35 145 2 -31073 31096
0 35 146 2 31092 31104
0 35 147 2 -31083 -31095
0 35 148 2 -10389 10382
0 35 149 2 -31077 31074
0 35 150 2 10391 -31070
0 35 151 2 31090 10383
0 35 152 2 31110 -31061
0 35 153 2 -10349 -31075
0 35 154 2 10342 31058
0 35 155 2 31100 -31066
0 35 156 2 10353 10372
0 35 157 2 31058 10377
0 35 158 2 -10351 -10324
0 35 159 2 32771 -19
0 35 160 2 -10347 10398
0 35 161 2 -31112 10330
0 35 162 2 -31067 31112
0 35 163 2 10345 -31088
0 35 164 2 -10363 10361
0 35 165 2 31106 -10329
0 35 166 2 -10384 10344
0 35 167 2 31111 -10346
0 35 168 2 10340 31109
0 35 169 2 31074 -31070
0 35 170 2 10370 10355
0 35 171 2 -31094 -10361
0 35 172 2 -31084 -31073
0 35 173 2 10312 10366
0 35 174 2 10342 31028
0 35 175 2 10377 10359
0 35 176 2 -10390 -31075
0 35 177 2 10391 10362
0 35 178 2 10360 -31112
0 35 179 2 -10377 10348
0 35 180 2 31083 -10336
0 35 181 2 -31089 -31090
0 35 182 2 10370 10354
0 35 183 2 10344 31121
0 35 184 2 -31078 -10388
0 35 185 2 -31105 10327
0 35 186 2 -31059 -10405
0 35 187 2 -10357 -31101
0 35 188 2 -31047 -10362
0 35 189 2 -31097 10326
0 35 190 2 10357 -10367
0 35 191 2 32765 11
0 35 192 2 -10364 31054
0 35 193 2 10349 10360
0 35 194 2 -31035 -31103
0 35 195 2 31094 10365
0 35 196 2 -31090 -31102
0 35 197 2 -10367 -10374
0 35 198 2 31079 31112
0 35 199 2 -31086 31101
0 35 200 2 31068 -10348
0 35 201 2 -10349 10374
0 35 202 2 -10362 31069
0 35 203 2 31110 -10339
0 35 204 2 31059 31112
0 35 205 2 31078 -10317
0 35 206 2 10356 -31044
0 35 207 2 -31080 10372
0 35 208 2 -10338 -31089
0 35 209 2 -31071 -10334
0 35 210 2 -31055 -10379
0 35 211 2 10347 31066
0 35 212 2 -10358 -10356
0 35 213 2 10374 31088
0 35 214 2 -31051 -31097
0 35 215 2 10347 31106
0 35 216 2 -31096 -10354
0 35 217 2 10351 -31072
0 35 218 2 -31089 -10394
0 35 219 2 -31095 10352
0 35 220 2 -31080 -10375
0 35 221 2 -10377 31068
0 35 222 2 -31080 -10367
0 35 223 2 32801 49
0 35 224 2 -10356 10342
0 35 225 2 -10369 -31063
0 35 226 2 -31100 10357
0 35 227 2 10356 10381
0 35 228 2 -10382 31106
0 35 229 2 -10338 -10334
0 35 230 2 31065 -10340
0 35 231 2 10361 10363
0 35 232 2 -31091 10346
0 35 233 2 10365 -10362
0 35 234 2 -31095 -10381
0 35 235 2 10370 -10391
0 35 236 2 -31064 -10338
0 35 237 2 -10351 31080
0 35 238 2 -10349 31068
0 35 239 2 31088 -10369
0 35 240 2 10347 31083
0 35 241 2 -31098 31036
0 35 242 2 -10353 10332
0 35 243 2 10361 -31103
0 35 244 2 10402 -31045
0 35 245 2 -31101 31073
0 35 246 2 -10356 -10367
0 35 247 2 10350 10366
0 35 248 2 31077 31095
0 35 249 2 31090 31138
0 35 250 2 10344 10361
0 35 251 2 10346 -10388
0 35 252 2 -31119 -10404
0 35 253 2 -10343 -10366
0 35 254 2 31125 -31080
0 35 255 2 32765 2
0 36 0 2 -495 78
0 36 1 2 32761 -11
0 36 2 2 10414 -31076
0 36 3 2 -10328 -31078
0 36 4 2 -31118 10358
0 36 5 2 -31040 -10367
0 36 6 2 -31111 10368
0 36 7 2 -31086 31077
0 36 8 2 31096 31099
0 36 9 2 -10362 -10399
0 36 10 2 -10358 10330
0 36 11 2 10379 31072
0 36 12 2 -10341 31072
0 36 13 2 10326 31082
0 36 14 2 -10377 31106
0 36 15 2 10369 -10367
0 36 16 2 -10330 -31086
0 36 17 2 -31107 -10392
0 36 18 2 -31117 10329
0 36 19 2 10358 31073
0 36 20 2 10386 -31102
0 36 21 2 -31081 10326
0 36 22 2 -31096 31069
0 36 23 2 31055 -31098
0 36 24 2 10358 31094
0 36 25 2 -10389 10383
0 36 26 2 31076 31117
0 36 27 2 -10353 10370
0 36 28 2 -10377 -10383
0 36 29 2 -31080 10337
0 36 30 2 10341 31086
0 36 31 2 10360 10328
0 36 32 2 31031 31118
0 36 33 2 32776 41
0 36 34 2 31111 -10377
0 36 35 2 -10386 10345
0 36 36 2 31086 10406
0 36 37 2 -31080 -31096
0 36 38 2 31122 -31071
0 36 39 2 -31050 -10360
0 36 40 2 -10304 -10379
0 36 41 2 -10382 10372
0 36 42 2 31087 -10347
0 36 43 2 -31109 31087
0 36 44 2 -31141 31073
0 36 45 2 31063 -10364
0 36 46 2 -31102 -31116
0 36 47 2 -10362 -10380
0 36 48 2 -31117 31065
0 36 49 2 -31076 -10352
0 36 50 2 -31058 -10367
0 36 51 2 -10381 31099
0 36 52 2 31080 31066
0 36 53 2 -31088 10354
0 36 54 2 -31064 -10350
0 36 55 2 31089 -10346
0 36 56 2 31056 31090
0 36 57 2 -10360 10337
0 36 58 2 10382 31069
0 36 59 2 -10345 10356
0 36 60 2 -10327 -31115
0 36 61 2 31089 10357
0 36 62 2 -10370 31093
0 36 63 2 -10351 10290
0 36 64 2 -31077 -10380
0 36 65 2 32752 -12
0 36 66 2 31081 -10325
0 36 67 2 10353 -31074
0 36 68 2 10336 31056
0 36 69 2 31104 31084
0 36 70 2 -31086 -10360
0 36 71 2 -31117 31083
0 36 72 2 -31061 -31106
0 36 73 2 -31098 31119
0 36 74 2 -10369 10395
0 36 75 2 -31101 -10396
0 36 76 2 -31052 -10352
0 36 77 2 -31076 -31087
0 36 78 2 10374 10349
0 36 79 2 10325 10359
0 36 80 2 -10337 -10372
0 36 81 2 31104 -10325
0 36 82 2 31074 10360
0 36 83 2 -10325 -31089
0 36 84 2 31062 31062
0 36 85 2 -10365 31059
0 36 86 2 31073 31077
0 36 87 2 -10327 -10336
0 36 88 2 31086 10360
0 36 89 2 31062 31091
0 36 90 2 -10362 10393
0 36 91 2 10320 31082
0 36 92 2 31108 -10353
0 36 93 2 -31105 31073
0 36 94 2 31079 -10380
0 36 95 2 10340 -10365
0 36 96 2 31124 -31066
0 36 97 2 32790 23
0 36 98 2 -31079 -31069
0 36 99 2 10374 31081
0 36 100 2 10391 31084
0 36 101 2 -31097 -31086
0 36 102 2 31028 31096
0 36 103 2 -31041 -31094
0 36 104 2 31089 10336
0 36 105 2 31101 -31041
0 36 106 2 -31082 10356
0 36 107 2 -31082 10334
0 36 108 2 10364 31095
0 36 109 2 31120 10378
0 36 110 2 31076 10377
0 36 111 2 10371 -31057
0 36 112 2 31067 -10320
0 36 113 2 -8 41
0 36 114 2 -11 13
0 36 115 2 -12 -35
0 36 116 2 -26 -8
0 36 117 2 -3 23
0 36 118 2 0 -15
0 36 119 2 26 -38
0 36 120 2 -1 33
0 36 121 2 -5 22
0 36 122 2 -12 32
0 36 123 2 -7 16
0 36 124 2 21 -7
0 36 125 2 0 -16
0 36 126 2 -8 -9
0 36 127 2 5 -28
0 36 128 2 -10 -21
0 36 129 2 12 14
0 36 130 2 -19 10
0 36 131 2 -2 10
0 36 132 2 -12 48
0 36 133 2 11 15
0 36 134 2 -28 -3
0 36 135 2 -15 -29
0 36 136 2 -16 -12
0 36 137 2 -30 -49
0 36 138 2 3 5
0 36 139 2 7 -29
0 36 140 2 -4 9
0 36 141 2 10 27
0 36 142 2 -6 1
0 36 143 2 -9 -14
0 36 144 2 10406 -31088
0 36 145 2 -31089 31081
0 36 146 2 -31064 10365
0 36 147 2 -10355 -31077
0 36 148 2 31090 -10336
0 36 149 2 -31051 10367
0 36 150 2 10384 10385
0 36 151 2 -31079 10351
0 36 152 2 10377 10353
0 36 153 2 -31075 10333
0 36 154 2 31104 31106
0 36 155 2 -10376 31087
0 36 156 2 31116 10359
0 36 157 2 10377 -31082
0 36 158 2 -31081 10363
0 36 159 2 32756 42
0 36 160 2 -10373 -10382
0 36 161 2 10347 10361
0 36 162 2 -31093 10356
0 36 163 2 -31068 10369
0 36 164 2 31082 -10356
0 36 165 2 -31107 10325
0 36 166 2 -10347 -31062
0 36 167 2 -10355 -10338
0 36 168 2 -31124 10374
0 36 169 2 10332 -10375
0 36 170 2 -10389 10363
0 36 171 2 31094 -31088
0 36 172 2 -10350 10368
0 36 173 2 31078 31108
0 36 174 2 10353 10360
0 36 175 2 10369 10379
0 36 176 2 10343 31107
0 36 177 2 -10338 -31084
0 36 178 2 10370 -10359
0 36 179 2 31104 -31054
0 36 180 2 10351 -10347
0 36 181 2 31056 31090
0 36 182 2 10377 31078
0 36 183 2 10360 31110
0 36 184 2 31082 -31085
0 36 185 2 31083 31080
0 36 186 2 -31066 31100
0 36 187 2 -31110 31066
0 36 188 2 31068 -10331
0 36 189 2 -10341 -31074
0 36 190 2 10378 -31068
0 36 191 2 32756 2
0 36 192 2 10375 10336
0 36 193 2 10373 10353
0 36 194 2 10382 31104
0 36 195 2 -10369 10364
0 36 196 2 -31066 10323
0 36 197 2 -10332 -10368
0 36 198 2 10341 31093
0 36 199 2 -31095 10331
0 36 200 2 -31100 -10370
0 36 201 2 31086 -31075
0 36 202 2 10381 31034
0 36 203 2 -10360 -10345
0 36 204 2 -10375 31101
0 36 205 2 10384 -31078
0 36 206 2 -31073 -31096
0 36 207 2 -10404 10361
0 36 208 2 -10386 10343
0 36 209 2 31062 31127
0 36 210 2 -31121 10363
0 36 211 2 -31072 10365
0 36 212 2 -10345 -10384
0 36 213 2 10340 10378
0 36 214 2 -31056 -31119
0 36 215 2 -10372 31107
0 36 216 2 -10361 10373
0 36 217 2 -31078 -31103
0 36 218 2 31103 31098
0 36 219 2 -31075 10326
0 36 220 2 31062 -10387
0 36 221 2 -10366 -31078
0 36 222 2 10334 -31088
0 36 223 2 32763 9
0 36 224 2 10401 -31097
0 36 225 2 31073 -31061
0 36 226 2 10353 31073
0 36 227 2 31076 10368
0 36 228 2 31091 -31071
0 36 229 2 -10374 -31077
0 36 230 2 31102 10374
0 36 231 2 10386 10362
0 36 232 2 -31082 -31061
0 36 233 2 -31081 -31086
0 36 234 2 -10350 31055
0 36 235 2 -31081 -31084
0 36 236 2 -31100 31078
0 36 237 2 10386 10360
0 36 238 2 31107 10354
0 36 239 2 31086 31131
0 36 240 2 -31069 -31112
0 36 241 2 -31076 10348
0 36 242 2 31097 10400
0 36 243 2 10367 10386
0 36 244 2 -31070 10345
0 36 245 2 10352 -31103
0 36 246 2 10372 31075
0 36 247 2 31101 31058
0 36 248 2 10345 -10331
0 36 249 2 -31078 -31074
0 36 250 2 -10370 31091
0 36 251 2 -31113 -31088
0 36 252 2 10331 31091
0 36 253 2 -31085 10364
0 36 254 2 -10331 -31058
0 36 255 2 32759 17
0 37 0 2 -502 116
0 37 1 2 32740 14
0 37 2 2 31065 -10355
0 37 3 2 -10356 -10357
0 37 4 2 31112 -31118
0 37 5 2 -31100 31058
0 37 6 2 10400 -31060
0 37 7 2 10345 31107
0 37 8 2 -31118 31080
0 37 9 2 31090 10412
0 37 10 2 10368 -10370
0 37 11 2 31103 -31042
0 37 12 2 -10376 31096
0 37 13 2 -31063 -31090
0 37 14 2 -10385 10328
0 37 15 2 -31068 -31092
0 37 16 2 10388 -31092
0 37 17 2 -10357 -10381
0 37 18 2 31088 31112
0 37 19 2 31068 -31070
0 37 20 2 31116 -10354
0 37 21 2 10367 10393
0 37 22 2 31059 31109
0 37 23 2 31067 10349
0 37 24 2 -10344 10393
0 37 25 2 10343 10365
0 37 26 2 -31093 31075
0 37 27 2 10384 -10345
0 37 28 2 -10340 10337
0 37 29 2 -31079 31092
0 37 30 2 31082 -31086
0 37 31 2 10351 -10358
0 37 32 2 10351 31102
0 37 33 2 32769 7
0 37 34 2 -31077 10326
0 37 35 2 31077 10361
0 37 36 2 -10371 31099
0 37 37 2 10377 10381
0 37 38 2 -31116 10345
0 37 39 2 -10347 -31088
0 37 40 2 31081 -10377
0 37 41 2 -31121 31081
0 37 42 2 -31085 10379
0 37 43 2 -31073 -31083
0 37 44 2 31090 10385
0 37 45 2 31071 -31050
0 37 46 2 31090 -10335
0 37 47 2 31084 -31105
0 37 48 2 10360 10407
0 37 49 2 10385 -31111
0 37 50 2 31101 -31060
0 37 51 2 10359 -31080
0 37 52 2 -31063 -10373
0 37 53 2 10359 -10338
0 37 54 2 -10328 -31103
0 37 55 2 -10353 31105
0 37 56 2 -31075 10346
0 37 57 2 -31087 -31077
0 37 58 2 10405 -31104
0 37 59 2 -31063 -10366
0 37 60 2 -10329 -31102
0 37 61 2 -10352 10340
0 37 62 2 -31099 10336
0 37 63 2 -31082 -10363
0 37 64 2 10370 10342
0 37 65 2 32765 -33
0 37 66 2 -31086 10347
0 37 67 2 31083 -10356
0 37 68 2 10357 -10365
0 37 69 2 -10382 31081
0 37 70 2 31138 -31088
0 37 71 2 10384 10375
0 37 72 2 -10386 10374
0 37 73 2 31059 31075
0 37 74 2 -10381 -10340
0 37 75 2 -31088 10357
0 37 76 2 10335 31086
0 37 77 2 -10344 -31063
0 37 78 2 -31107 10310
0 37 79 2 31065 10351
0 37 80 2 -10338 -31052
0 37 81 2 -10355 10359
0 37 82 2 31071 -10395
0 37 83 2 -31084 31066
0 37 84 2 10355 31075
0 37 85 2 -31050 -31090
0 37 86 2 10364 -10358
0 37 87 2 -10331 -31105
0 37 88 2 -10357 10363
0 37 89 2 -10367 -10338
0 37 90 2 -31057 10335
0 37 91 2 31098 -31071
0 37 92 2 -10345 31084
0 37 93 2 31094 -31044
0 37 94 2 -31096 -10373
0 37 95 2 -31121 31090
0 37 96 2 10358 31085
0 37 97 2 32735 8
0 37 98 2 -31062 31068
0 37 99 2 -31109 10357
0 37 100 2 10333 -10311
0 37 101 2 10369 -31073
0 37 102 2 31095 10389
0 37 103 2 31060 -10389
0 37 104 2 31076 -31042
0 37 105 2 10356 10386
0 37 106 2 -10355 -31068
0 37 107 2 -10363 -10342
0 37 108 2 10336 -31088
0 37 109 2 -31134 10323
0 37 110 2 10334 -10344
0 37 111 2 10345 10383
0 37 112 2 -31107 31077
0 37 113 2 -41 -22
0 37 114 2 -27 0
0 37 115 2 -11 14
0 37 116 2 -31 -11
0 37 117 2 7 -7
0 37 118 2 3 0
0 37 119 2 -10 13
0 37 120 2 -10 35
0 37 121 2 -9 -30
0 37 122 2 -22 29
0 37 123 2 -1 -32
0 37 124 2 -5 6
0 37 125 2 -32 8
0 37 126 2 5 2
0 37 127 2 8 6
0 37 128 2 13 15
0 37 129 2 1 15
0 37 130 2 31 -26
0 37 131 2 11 -2
0 37 132 2 -2 0
0 37 133 2 18 -39
0 37 134 2 -7 23
0 37 135 2 3 -15
0 37 136 2 -27 -12
0 37 137 2 30 -2
0 37 138 2 21 9
0 37 139 2 14 13
0 37 140 2 10 46
0 37 141 2 -6 -30
0 37 142 2 14 -4
0 37 143 2 2 11
0 37 144 2 -31112 10315
0 37 145 2 -31060 -10391
0 37 146 2 31055 10394
0 37 147 2 -31061 -31098
0 37 148 2 10339 31086
0 37 149 2 -10338 -10373
0 37 150 2 31079 -10333
0 37 151 2 31075 10396
0 37 152 2 31068 31082
0 37 153 2 -10367 -31099
0 37 154 2 31116 -31080
0 37 155 2 10349 10368
0 37 156 2 10340 31064
0 37 157 2 -31091 -31112
0 37 158 2 31108 -10337
0 37 159 2 32774 22
0 37 160 2 -31099 31097
0 37 161 2 -10358 -10371
0 37 162 2 -31089 -10413
0 37 163 2 -10351 -31092
0 37 164 2 31093 -10345
0 37 165 2 10358 10359
0 37 166 2 -10333 31108
0 37 167 2 31105 -10340
0 37 168 2 -31057 31038
0 37 169 2 10366 31066
0 37 170 2 10365 10352
0 37 171 2 -10406 31082
0 37 172 2 10364 -31107
0 37 173 2 31063 10357
0 37 174 2 10363 -31067
0 37 175 2 10357 31099
0 37 176 2 31090 31073
0 37 177 2 31049 -10361
0 37 178 2 -31083 31062
0 37 179 2 10370 10346
0 37 180 2 -10359 -10358
0 37 181 2 -10336 -10374
0 37 182 2 -31073 -31114
0 37 183 2 31072 10408
0 37 184 2 31057 10406
0 37 185 2 -31087 10355
0 37 186 2 -31076 10321
0 37 187 2 10368 -10382
0 37 188 2 -10389 10369
0 37 189 2 -31117 10357
0 37 190 2 10379 -31065
0 37 191 2 32784 30
0 37 192 2 -31101 -31110
0 37 193 2 10375 -31107
0 37 194 2 31076 -10305
0 37 195 2 -31094 -31100
0 37 196 2 10384 -31057
0 37 197 2 -10358 -10363
0 37 198 2 -31092 10350
0 37 199 2 -10352 10367
0 37 200 2 -31052 10343
0 37 201 2 -31054 -31091
0 37 202 2 10368 10358
0 37 203 2 -10363 10360
0 37 204 2 -31087 -10375
0 37 205 2 10377 31074
0 37 206 2 -31082 31028
0 37 207 2 -31094 -31113
0 37 208 2 10341 10349
0 37 209 2 10370 -31088
0 37 210 2 10380 -31086
0 37 211 2 10362 -10356
0 37 212 2 -31064 -31093
0 37 213 2 10378 -10361
0 37 214 2 -10369 10322
0 37 215 2 31125 10355
0 37 216 2 -10345 -10350
0 37 217 2 -10358 31054
0 37 218 2 31102 10375
0 37 219 2 -31081 10369
0 37 220 2 31109 10362
0 37 221 2 -10352 10376
0 37 222 2 -31103 10348
0 37 223 2 32803 16
0 37 224 2 31065 10398
0 37 225 2 -31062 -10368
0 37 226 2 10389 -10393
0 37 227 2 10401 -31100
0 37 228 2 -10357 31092
0 37 229 2 -31118 10298
0 37 230 2 31106 -31060
0 37 231 2 -31061 -31059
0 37 232 2 31123 -31085
0 37 233 2 31063 -10360
0 37 234 2 -31052 10352
0 37 235 2 31068 31107
0 37 236 2 -10391 10365
0 37 237 2 -31117 31084
0 37 238 2 -31113 -10372
0 37 239 2 -31081 -10343
0 37 240 2 31031 31073
0 37 241 2 31109 -31070
0 37 242 2 10375 31097
0 37 243 2 -31049 -31096
0 37 244 2 -31090 -31123
0 37 245 2 31069 31123
0 37 246 2 -10333 -10377
0 37 247 2 -10365 10335
0 37 248 2 -10352 -31076
0 37 249 2 -10349 -10374
0 37 250 2 -31048 -10389
0 37 251 2 -31078 -10351
0 37 252 2 10367 -10405
0 37 253 2 -10332 -31100
0 37 254 2 -31063 -31078
0 37 255 2 32762 24
0 38 0 2 -482 82
0 38 1 2 32757 0
0 38 2 2 31082 -31067
0 38 3 2 -31085 -31098
0 38 4 2 -31094 31095
0 38 5 2 10381 -31060
0 38 6 2 10358 -10361
0 38 7 2 31066 31113
0 38 8 2 10359 31055
0 38 9 2 -10345 10364
0 38 10 2 -31110 10359
0 38 11 2 31060 10332
0 38 12 2 31076 10347
0 38 13 2 -10331 10360
0 38 14 2 31125 -31099
0 38 15 2 -10369 31110
0 38 16 2 31086 -10338
0 38 17 2 -10349 -31100
0 38 18 2 -31059 -10375
0 38 19 2 -31086 10351
0 38 20 2 -10374 -10370
0 38 21 2 -31052 -10349
0 38 22 2 10353 -10345
0 38 23 2 10362 -31089
0 38 24 2 -31077 10371
0 38 25 2 -31089 -10391
0 38 26 2 31087 31100
0 38 27 2 10336 -31058
0 38 28 2 31117 -10360
0 38 29 2 -10360 -10364
0 38 30 2 -10339 -10375
0 38 31 2 -10365 31068
0 38 32 2 -10331 -10373
0 38 33 2 32778 -15
0 38 34 2 -31077 -10349
0 38 35 2 -10378 10337
0 38 36 2 -31061 -31092
0 38 37 2 -31118 31090
0 38 38 2 10372 -10386
0 38 39 2 -31124 -10354
0 38 40 2 10354 10364
0 38 41 2 -31094 -10343
0 38 42 2 -31106 10350
0 38 43 2 -31065 -10384
0 38 44 2 10385 -31083
0 38 45 2 -10372 -10358
0 38 46 2 -31106 -10336
0 38 47 2 10391 -31059
0 38 48 2 -10393 -10412
0 38 49 2 -10368 -10400
0 38 50 2 -10351 31079
0 38 51 2 -10368 -31090
0 38 52 2 10299 10341
0 38 53 2 -10361 -31105
0 38 54 2 10370 10354
0 38 55 2 -31091 31024
0 38 56 2 10361 10375
0 38 57 2 10374 -10333
0 38 58 2 10382 -31043
0 38 59 2 31122 -10358
0 38 60 2 -31133 31074
0 38 61 2 -31104 10352
0 38 62 2 31076 31109
0 38 63 2 10356 -31090
0 38 64 2 -10369 31089
0 38 65 2 32752 12
0 38 66 2 10341 31071
0 38 67 2 10337 10394
0 38 68 2 -31095 10337
0 38 69 2 -10349 10370
0 38 70 2 -10372 -10373
0 38 71 2 31085 -31068
0 38 72 2 -10351 -31120
0 38 73 2 10344 -31115
0 38 74 2 -10393 10365
0 38 75 2 31095 -10362
0 38 76 2 31070 31069
0 38 77 2 31100 -10371
0 38 78 2 -31096 10324
0 38 79 2 -10362 -10360
0 38 80 2 10369 -31084
0 38 81 2 -31099 31075
0 38 82 2 -10337 -10396
0 38 83 2 -31070 -10353
0 38 84 2 -31032 -10361
0 38 85 2 -10357 -10404
0 38 86 2 10365 -31079
0 38 87 2 -31042 -31061
0 38 88 2 -31108 31098
0 38 89 2 31081 31112
0 38 90 2 -10390 10372
0 38 91 2 -31095 31041
0 38 92 2 10356 -10363
0 38 93 2 -10319 10349
0 38 94 2 10363 31083
0 38 95 2 -10371 31119
0 38 96 2 -31099 31102
0 38 97 2 32751 -8
0 38 98 2 31079 10365
0 38 99 2 -10382 31049
0 38 100 2 -10381 31071
0 38 101 2 31083 -31037
0 38 102 2 10394 -10333
0 38 103 2 -10356 10366
0 38 104 2 -10407 31073
0 38 105 2 -10362 31092
0 38 106 2 -31079 31089
0 38 107 2 -10339 10384
0 38 108 2 -10365 31087
0 38 109 2 31068 31116
0 38 110 2 10355 31076
0 38 111 2 -31095 10365
0 38 112 2 -31096 31080
0 38 113 2 -23 6
0 38 114 2 39 -2
0 38 115 2 16 -20
0 38 116 2 9 -26
0 38 117 2 -35 -18
0 38 118 2 -6 12
0 38 119 2 28 -5
0 38 120 2 7 9
0 38 121 2 3 3
0 38 122 2 -13 -29
0 38 123 2 10 0
0 38 124 2 4 9
0 38 125 2 13 -10
0 38 126 2 19 30
0 38 127 2 18 22
0 38 128 2 -6 -8
0 38 129 2 -20 -17
0 38 130 2 19 1
0 38 131 2 62 -2
0 38 132 2 -26 0
0 38 133 2 -26 35
0 38 134 2 -16 19
0 38 135 2 14 -5
0 38 136 2 7 9
0 38 137 2 -21 -11
0 38 138 2 -3 -19
0 38 139 2 -5 8
0 38 140 2 -36 -46
0 38 141 2 0 -1
0 38 142 2 15 9
0 38 143 2 -25 0
0 38 144 2 -10354 10350
0 38 145 2 -31086 10357
0 38 146 2 -31096 -31099
0 38 147 2 -31046 -10347
0 38 148 2 10387 -31092
0 38 149 2 10325 10368
0 38 150 2 -10343 10363
0 38 151 2 31090 10389
0 38 152 2 10335 31078
0 38 153 2 31071 31105
0 38 154 2 31115 -31066
0 38 155 2 31076 -10362
0 38 156 2 -31114 -10365
0 38 157 2 10369 31102
0 38 158 2 -10384 10334
0 38 159 2 32759 18
0 38 160 2 10367 -10344
0 38 161 2 31087 -10334
0 38 162 2 10353 10359
0 38 163 2 31104 -10335
0 38 164 2 -31068 -31096
0 38 165 2 -31083 10362
0 38 166 2 31085 31062
0 38 167 2 31086 -31084
0 38 168 2 10323 -10373
0 38 169 2 -10360 10377
0 38 170 2 -10334 -31077
0 38 171 2 -31084 10363
0 38 172 2 10354 31099
0 38 173 2 10366 10357
0 38 174 2 31091 10376
0 38 175 2 31106 -10361
0 38 176 2 -10338 -10337
0 38 177 2 10358 31104
0 38 178 2 -31099 -10394
0 38 179 2 31070 10383
0 38 180 2 31091 10365
0 38 181 2 10356 31081
0 38 182 2 31093 -10352
0 38 183 2 10350 -31093
0 38 184 2 31093 -10354
0 38 185 2 31092 10401
0 38 186 2 10339 10373
0 38 187 2 -31111 10335
0 38 188 2 -10360 -31102
0 38 189 2 31111 31075
0 38 190 2 -31099 -10392
0 38 191 2 32770 45
0 38 192 2 31073 10361
0 38 193 2 -10322 -10387
0 38 194 2 10341 -10382
0 38 195 2 -31062 -31111
0 38 196 2 31088 31074
0 38 197 2 31121 -31098
0 38 198 2 10336 31071
0 38 199 2 10339 -31048
0 38 200 2 -10346 31077
0 38 201 2 -10348 10381
0 38 202 2 -10342 10348
0 38 203 2 -10352 10376
0 38 204 2 31076 -10369
0 38 205 2 -31068 31069
0 38 206 2 -31054 10348
0 38 207 2 31097 10391
0 38 208 2 31094 -31079
0 38 209 2 31068 10389
0 38 210 2 10356 10365
0 38 211 2 -10340 -31100
0 38 212 2 31074 31072
0 38 213 2 -10361 -31075
0 38 214 2 -31106 -31084
0 38 215 2 -10344 -10336
0 38 216 2 10347 -10354
0 38 217 2 31076 -31079
0 38 218 2 -31094 10331
0 38 219 2 10352 31134
0 38 220 2 -31065 -31081
0 38 221 2 31096 -10354
0 38 222 2 -31093 -10395
0 38 223 2 32776 -3
0 38 224 2 31087 10363
0 38 225 2 10339 31064
0 38 226 2 10356 31072
0 38 227 2 -31067 -10370
0 38 228 2 10353 31084
0 38 229 2 31091 10355
0 38 230 2 31089 -31070
0 38 231 2 31083 10376
0 38 232 2 -10357 10361
0 38 233 2 -31089 -10388
0 38 234 2 -10385 -10340
0 38 235 2 10349 -31082
0 38 236 2 -31075 31038
0 38 237 2 31087 -10324
0 38 238 2 31079 10372
0 38 239 2 -10362 -31063
0 38 240 2 -31071 10333
0 38 241 2 10374 10344
0 38 242 2 31138 -31050
0 38 243 2 10376 10353
0 38 244 2 10344 10365
0 38 245 2 10363 31060
0 38 246 2 -10403 31087
0 38 247 2 10350 31070
0 38 248 2 10344 31102
0 38 249 2 -31110 10332
0 38 250 2 31099 -10373
0 38 251 2 -31113 31090
0 38 252 2 -10338 -31096
0 38 253 2 -31111 10388
0 38 254 2 -10379 -10381
0 38 255 2 32779 10
0 39 0 2 -452 117
0 39 1 2 32794 -5
0 39 2 2 10356 -10327
0 39 3 2 10361 -31040
0 39 4 2 10367 -31055
0 39 5 2 31074 10327
0 39 6 2 -31055 -31095
0 39 7 2 -10370 -31111
0 39 8 2 -10374 -31051
0 39 9 2 10341 31103
0 39 10 2 31106 31089
0 39 11 2 -31094 -31111
0 39 12 2 -31072 -10367
0 39 13 2 10350 10380
0 39 14 2 -31070 -31134
0 39 15 2 31086 10360
0 39 16 2 10371 -10357
0 39 17 2 -31091 -31099
0 39 18 2 -31070 -10381
0 39 19 2 -10396 31101
0 39 20 2 10366 10364
0 39 21 2 10364 10362
0 39 22 2 -31080 10325
0 39 23 2 -31113 -31096
0 39 24 2 10334 -31088
0 39 25 2 -10323 -10395
0 39 26 2 10348 10351
0 39 27 2 -31088 10349
0 39 28 2 -31059 -31080
0 39 29 2 -31044 -10382
0 39 30 2 31069 10382
0 39 31 2 10379 -10357
0 39 32 2 -31080 10385
0 39 33 2 32804 21
0 39 34 2 10322 10378
0 39 35 2 10367 10356
0 39 36 2 -31062 -31079
0 39 37 2 -31069 -10351
0 39 38 2 10370 10359
0 39 39 2 -10370 31090
0 39 40 2 31148 -10322
0 39 41 2 -10330 -31070
0 39 42 2 -31108 10369
0 39 43 2 -31041 -31096
0 39 44 2 -10372 10376
0 39 45 2 -31087 31060
0 39 46 2 -10360 31090
0 39 47 2 10344 -31086
0 39 48 2 10344 10351
0 39 49 2 31076 -31078
0 39 50 2 10322 31084
0 39 51 2 31093 10371
0 39 52 2 -31100 31065
0 39 53 2 10341 -31109
0 39 54 2 10350 -10402
0 39 55 2 -10388 -31103
0 39 56 2 -10350 -10392
0 39 57 2 -10336 -31080
0 39 58 2 -31056 31069
0 39 59 2 -10387 -31072
0 39 60 2 31071 -31061
0 39 61 2 10389 -31083
0 39 62 2 31049 10371
0 39 63 2 -31090 31055
0 39 64 2 31064 10355
0 39 65 2 32772 -2
0 39 66 2 31074 10376
0 39 67 2 -31081 -31077
0 39 68 2 -31065 -10350
0 39 69 2 10354 31070
0 39 70 2 -31104 10345
0 39 71 2 31083 10353
0 39 72 2 -31093 31044
0 39 73 2 31093 10358
0 39 74 2 10350 -10377
0 39 75 2 -31089 -10359
0 39 76 2 -31099 10372
0 39 77 2 10361 31096
0 39 78 2 -10385 31056
0 39 79 2 -31087 -10372
0 39 80 2 -10394 -31072
0 39 81 2 -10351 10365
0 39 82 2 -10355 10367
0 39 83 2 -31085 10376
0 39 84 2 -10410 31079
0 39 85 2 10336 31094
0 39 86 2 10347 31045
0 39 87 2 31087 31068
0 39 88 2 -31075 -31070
0 39 89 2 -10392 31079
0 39 90 2 -10335 -10377
0 39 91 2 10352 31088
0 39 92 2 10363 -10355
0 39 93 2 31072 31092
0 39 94 2 31070 -31092
0 39 95 2 -31057 -31108
0 39 96 2 31117 -10343
0 39 97 2 32783 6
0 39 98 2 31085 -10397
0 39 99 2 -31060 -10407
0 39 100 2 -10398 -31098
0 39 101 2 -10337 -10337
0 39 102 2 -10323 -31065
0 39 103 2 31105 -10363
0 39 104 2 -31076 -31113
0 39 105 2 10360 10369
0 39 106 2 -31097 -31107
0 39 107 2 31082 31097
0 39 108 2 31075 10360
0 39 109 2 -31073 -31118
0 39 110 2 31096 -31102
0 39 111 2 10340 31101
0 39 112 2 -31073 -31086
0 39 113 2 12 2
0 39 114 2 -15 -24
0 39 115 2 18 0
0 39 116 2 20 8
0 39 117 2 40 17
0 39 118 2 0 -45
0 39 119 2 -23 -10
0 39 120 2 -2 25
0 39 121 2 -24 -24
0 39 122 2 -45 45
0 39 123 2 7 8
0 39 124 2 -3 15
0 39 125 2 -20 -14
0 39 126 2 0 -1
0 39 127 2 25 14
0 39 128 2 41 22
0 39 129 2 24 1
0 39 130 2 18 -14
0 39 131 2 24 -34
0 39 132 2 -12 26
0 39 133 2 11 -20
0 39 134 2 -12 5
0 39 135 2 -2 -28
0 39 136 2 22 3
0 39 137 2 6 -13
0 39 138 2 -2 26
0 39 139 2 9 -4
0 39 140 2 0 -8
0 39 141 2 0 -2
0 39 142 2 6 29
0 39 143 2 -21 11
0 39 144 2 10350 31125
0 39 145 2 -31078 -31090
0 39 146 2 -10378 10335
0 39 147 2 -10344 31095
0 39 148 2 -31098 -10352
0 39 149 2 -10357 -31102
0 39 150 2 -10355 -10349
0 39 151 2 -31072 -31093
0 39 152 2 31132 -10343
0 39 153 2 31111 -31068
0 39 154 2 -31121 -10363
0 39 155 2 10344 -10359
0 39 156 2 10384 31074
0 39 157 2 -10393 -10399
0 39 158 2 31094 -10358
0 39 159 2 32746 -14
0 39 160 2 -31091 10328
0 39 161 2 31050 10381
0 39 162 2 31050 -10371
0 39 163 2 31090 -10360
0 39 164 2 10333 -10359
0 39 165 2 -31095 10405
0 39 166 2 -10407 10351
0 39 167 2 -10347 10364
0 39 168 2 31098 -10364
0 39 169 2 -31098 -31083
0 39 170 2 10372 -31113
0 39 171 2 10354 10370
0 39 172 2 -10361 31122
0 39 173 2 -31059 -10354
0 39 174 2 -31098 -31077
0 39 175 2 -10347 10359
0 39 176 2 -10377 31091
0 39 177 2 -10339 -31078
0 39 178 2 -10371 -10353
0 39 179 2 -10336 31086
0 39 180 2 31106 10392
0 39 181 2 31058 -31081
0 39 182 2 -10372 10343
0 39 183 2 -31095 10351
0 39 184 2 31085 31107
0 39 185 2 10371 10349
0 39 186 2 31057 31099
0 39 187 2 -10354 -31094
0 39 188 2 -31040 10373
0 39 189 2 -31068 -10372
0 39 190 2 10361 -31040
0 39 191 2 32758 13
0 39 192 2 10394 -31071
0 39 193 2 31105 -10346
0 39 194 2 -31094 10330
0 39 195 2 -31060 -31088
0 39 196 2 -31113 -10376
0 39 197 2 -31119 31054
0 39 198 2 10366 31055
0 39 199 2 31062 10351
0 39 200 2 -10362 31075
0 39 201 2 31104 -31061
0 39 202 2 31077 10355
0 39 203 2 10342 -31052
0 39 204 2 31085 -31081
0 39 205 2 -10342 -10386
0 39 206 2 -10345 10382
0 39 207 2 -31058 31037
0 39 208 2 31119 -31103
0 39 209 2 -31098 31089
0 39 210 2 -10374 -31089
0 39 211 2 31070 -10325
0 39 212 2 -10362 -10368
0 39 213 2 -31051 31056
0 39 214 2 -31088 -31117
0 39 215 2 -10403 10311
0 39 216 2 31077 10325
0 39 217 2 31064 -31069
0 39 218 2 -10390 31066
0 39 219 2 10359 31069
0 39 220 2 31060 31136
0 39 221 2 31084 -31052
0 39 222 2 31064 31058
0 39 223 2 32775 4
0 39 224 2 -31081 -31106
0 39 225 2 -10380 10366
0 39 226 2 -10385 10380
0 39 227 2 31091 -31098
0 39 228 2 31093 31113
0 39 229 2 -10352 31092
0 39 230 2 -31068 -31100
0 39 231 2 -31118 10332
0 39 232 2 31109 10384
0 39 233 2 -31072 10370
0 39 234 2 10371 -10315
0 39 235 2 10365 -10350
0 39 236 2 31035 10342
0 39 237 2 -31099 -10364
0 39 238 2 -10359 10353
0 39 239 2 -31059 10329
0 39 240 2 31082 -10357
0 39 241 2 -10366 -31080
0 39 242 2 31054 31086
0 39 243 2 -31090 10368
0 39 244 2 -10344 10366
0 39 245 2 -10350 -10337
0 39 246 2 10388 10385
0 39 247 2 -10394 -31080
0 39 248 2 10350 10341
0 39 249 2 10365 -10353
0 39 250 2 -31082 10356
0 39 251 2 -31120 -31110
0 39 252 2 -31066 31069
0 39 253 2 -10375 31071
0 39 254 2 -10357 -10355
0 39 255 2 32759 8
0 40 0 2 -506 109
0 40 1 2 32757 15
0 40 2 2 10404 -31072
0 40 3 2 31081 -31055
0 40 4 2 -10341 10372
0 40 5 2 10374 -10366
0 40 6 2 31059 31079
0 40 7 2 -10367 -31117
0 40 8 2 10380 -31067
0 40 9 2 -10389 31068
0 40 10 2 31084 -31064
0 40 11 2 -10332 10368
0 40 12 2 -10362 -31087
0 40 13 2 31097 31110
0 40 14 2 31082 -31073
0 40 15 2 -31057 10351
0 40 16 2 -10325 -10376
0 40 17 2 -31087 -10369
0 40 18 2 -31109 31083
0 40 19 2 10378 -10357
0 40 20 2 31103 -31059
0 40 21 2 31076 -31070
0 40 22 2 -10368 -10348
0 40 23 2 -10358 -31034
0 40 24 2 31125 -31097
0 40 25 2 31101 10341
0 40 26 2 -31084 -10363
0 40 27 2 31081 -31065
0 40 28 2 31096 10350
0 40 29 2 -31020 -31085
0 40 30 2 10350 -10353
0 40 31 2 -31114 31036
0 40 32 2 -31096 -10393
0 40 33 2 32778 25
0 40 34 2 -10367 10334
0 40 35 2 10330 -10370
0 40 36 2 31067 -31083
0 40 37 2 10392 -31107
0 40 38 2 31062 10376
0 40 39 2 31087 10375
0 40 40 2 -31085 31048
0 40 41 2 10378 31067
0 40 42 2 -10362 31070
0 40 43 2 31086 31080
0 40 44 2 -31118 31091
0 40 45 2 -31083 31110
0 40 46 2 31101 10375
0 40 47 2 -31072 -10343
0 40 48 2 -31090 -10383
0 40 49 2 -10339 -31101
0 40 50 2 31113 -31048
0 40 51 2 -10364 -10343
0 40 52 2 -31093 10354
0 40 53 2 -31108 31080
0 40 54 2 31098 -31115
0 40 55 2 -10355 -31105
0 40 56 2 -31052 -31071
0 40 57 2 -10355 -10360
0 40 58 2 31058 10349
0 40 59 2 31114 -10316
0 40 60 2 31054 -31062
0 40 61 2 10351 10323
0 40 62 2 31045 31096
0 40 63 2 -10393 31095
0 40 64 2 -10351 31094
0 40 65 2 32736 6
0 40 66 2 10396 -31110
0 40 67 2 -31090 -31071
0 40 68 2 -10375 -10373
0 40 69 2 -31054 -31078
0 40 70 2 10373 10320
0 40 71 2 -31054 10342
0 40 72 2 31090 31105
0 40 73 2 -31043 -10377
0 40 74 2 -10326 -31120
0 40 75 2 10323 31092
0 40 76 2 10382 10365
0 40 77 2 10354 -10313
0 40 78 2 31060 -10323
0 40 79 2 10372 10342
0 40 80 2 -31082 -10366
0 40 81 2 -31104 -31097
0 40 82 2 10352 10323
0 40 83 2 -10395 -10343
0 40 84 2 -10324 -31087
0 40 85 2 10375 -31085
0 40 86 2 -10366 10300
0 40 87 2 31077 -10371
0 40 88 2 10348 31076
0 40 89 2 -10360 -31065
0 40 90 2 10346 31105
0 40 91 2 10342 31123
0 40 92 2 10344 10367
0 40 93 2 31062 10386
0 40 94 2 -10361 10371
0 40 95 2 31084 10380
0 40 96 2 10365 -10316
0 40 97 2 32793 -32
0 40 98 2 -31090 31107
0 40 99 2 10327 31081
0 40 100 2 31078 10344
0 40 101 2 10359 -10383
0 40 102 2 10364 -31088
0 40 103 2 31090 -31085
0 40 104 2 -10362 31097
0 40 105 2 -31088 10368
0 40 106 2 31065 -31073
0 40 107 2 31073 10381
0 40 108 2 -31071 -10375
0 40 109 2 -31099 31065
0 40 110 2 31070 31108
0 40 111 2 -31097 31100
0 40 112 2 -10348 31075
0 40 113 2 -17 -9
0 40 114 2 -5 -6
0 40 115 2 -1 44
0 40 116 2 9 33
0 40 117 2 0 5
0 40 118 2 -6 -4
0 40 119 2 3 -15
0 40 120 2 -18 -12
0 40 121 2 -35 10
0 40 122 2 -6 20
0 40 123 2 55 -11
0 40 124 2 18 35
0 40 125 2 -12 28
0 40 126 2 13 31
0 40 127 2 12 21
0 40 128 2 -8 1
0 40 129 2 2 -1
0 40 130 2 -15 39
0 40 131 2 -29 9
0 40 132 2 36 -17
0 40 133 2 -6 18
0 40 134 2 2 24
0 40 135 2 -21 21
0 40 136 2 -10 -8
0 40 137 2 -5 8
0 40 138 2 -19 -6
0 40 139 2 5 -16
0 40 140 2 3 4
0 40 141 2 26 31
0 40 142 2 4 4
0 40 143 2 16 11
0 40 144 2 10350 -31112
0 40 145 2 10350 10378
0 40 146 2 31081 31104
0 40 147 2 -10358 -10368
0 40 148 2 -31096 10336
0 40 149 2 -10357 -31078
0 40 150 2 -31081 31103
0 40 151 2 -10363 -31110
0 40 152 2 -31096 -31116
0 40 153 2 31052 -10334
0 40 154 2 31086 31077
0 40 155 2 31031 -10333
0 40 156 2 -31087 -31099
0 40 157 2 -31115 31052
0 40 158 2 -10357 -10346
0 40 159 2 32747 21
0 40 160 2 31070 10359
0 40 161 2 -10336 31081
0 40 162 2 -31083 -31096
0 40 163 2 -31083 -31081
0 40 164 2 31111 31075
0 40 165 2 -10360 -10359
0 40 166 2 31079 -31042
0 40 167 2 10370 -10335
0 40 168 2 10344 31113
0 40 169 2 31067 10321
0 40 170 2 -10390 -31077
0 40 171 2 10379 10338
0 40 172 2 31092 31071
0 40 173 2 31103 -31069
0 40 174 2 -10364 10398
0 40 175 2 -10359 -10392
0 40 176 2 10360 -10376
0 40 177 2 -31052 -31087
0 40 178 2 31091 10358
0 40 179 2 -31074 -10358
0 40 180 2 -10363 31102
0 40 181 2 31107 -31068
0 40 182 2 -10353 -10371
0 40 183 2 31124 -10322
0 40 184 2 10332 -31083
0 40 185 2 31085 -10366
0 40 186 2 -10339 31032
0 40 187 2 -10368 -31083
0 40 188 2 -10348 -10377
0 40 189 2 31067 31116
0 40 190 2 31102 10350
0 40 191 2 32794 -7
0 40 192 2 31073 -10372
0 40 193 2 -10334 -31078
0 40 194 2 -31085 10346
0 40 195 2 31065 10323
0 40 196 2 31063 31075
0 40 197 2 -31095 -31103
0 40 198 2 31071 31103
0 40 199 2 31099 -10353
0 40 200 2 -31085 10358
0 40 201 2 31078 31116
0 40 202 2 -31062 -31130
0 40 203 2 -31074 31095
0 40 204 2 -31099 -10351
0 40 205 2 31098 10387
0 40 206 2 -31062 10350
0 40 207 2 31082 -31095
0 40 208 2 -10390 31079
0 40 209 2 31104 10363
0 40 210 2 -31108 10310
0 40 211 2 31076 -31064
0 40 212 2 -10384 10321
0 40 213 2 -31108 31036
0 40 214 2 10365 10389
0 40 215 2 -10352 -10367
0 40 216 2 -10382 -10376
0 40 217 2 31076 31139
0 40 218 2 31106 10359
0 40 219 2 -10354 10334
0 40 220 2 31101 -31041
0 40 221 2 10361 31099
0 40 222 2 -31088 -10365
0 40 223 2 32764 4
0 40 224 2 -10315 -31113
0 40 225 2 -31053 -10382
0 40 226 2 31064 -31077
0 40 227 2 -10350 31047
0 40 228 2 31040 10359
0 40 229 2 -31098 31108
0 40 230 2 -31047 -31072
0 40 231 2 -31078 31048
0 40 232 2 -31087 -10374
0 40 233 2 -31119 31097
0 40 234 2 -31108 10348
0 40 235 2 31121 -10339
0 40 236 2 10371 31069
0 40 237 2 10375 31077
0 40 238 2 31114 -10364
0 40 239 2 -31073 -31118
0 40 240 2 -31080 10372
0 40 241 2 10359 -31059
0 40 242 2 10354 31071
0 40 243 2 -31092 -31105
0 40 244 2 31084 10389
0 40 245 2 -10372 -10347
0 40 246 2 -31094 10343
0 40 247 2 -31077 -31065
0 40 248 2 10336 31096
0 40 249 2 -31112 31074
0 40 250 2 -31073 -31061
0 40 251 2 -31071 -10363
0 40 252 2 10358 -10335
0 40 253 2 31087 -10352
0 40 254 2 -31076 31076
0 40 255 2 32771 40
0 41 0 2 -443 82
0 41 1 2 32770 16
0 41 2 2 10358 -10346
0 41 3 2 10349 -31077
0 41 4 2 -31117 31059
0 41 5 2 -10337 10385
0 41 6 2 -31069 10384
0 41 7 2 -31100 10359
0 41 8 2 -10335 -31101
0 41 9 2 10368 10363
0 41 10 2 -10333 10362
0 41 11 2 10360 31098
0 41 12 2 31092 -31079
0 41 13 2 31082 -31068
0 41 14 2 31092 -10335
0 41 15 2 -31123 31058
0 41 16 2 10378 -31067
0 41 17 2 31087 10402
0 41 18 2 -31085 10319
0 41 19 2 10362 10374
0 41 20 2 -31069 -31080
0 41 21 2 -10359 -10383
0 41 22 2 -10324 -10352
0 41 23 2 10338 10373
0 41 24 2 -31089 31064
0 41 25 2 31121 -31081
0 41 26 2 31085 -10349
0 41 27 2 31051 -10361
0 41 28 2 10349 -10363
0 41 29 2 -10372 -31077
0 41 30 2 10379 -31065
0 41 31 2 -31091 31044
0 41 32 2 10401 -31110
0 41 33 2 32786 -38
0 41 34 2 -10357 10367
0 41 35 2 31064 31098
0 41 36 2 -31081 -31085
0 41 37 2 -31111 31079
0 41 38 2 -10358 -10370
0 41 39 2 10364 31106
0 41 40 2 10390 31089
0 41 41 2 31047 31078
0 41 42 2 -10332 -10366
0 41 43 2 -31056 -31128
0 41 44 2 10366 10373
0 41 45 2 -10322 10369
0 41 46 2 31093 -31105
0 41 47 2 10372 -31098
0 41 48 2 -31029 -31074
0 41 49 2 -10346 -31110
0 41 50 2 -31084 -10397
0 41 51 2 -31101 10343
0 41 52 2 -31099 10338
0 41 53 2 -31071 31096
0 41 54 2 -10380 10341
0 41 55 2 10352 -10378
0 41 56 2 -31052 -10330
0 41 57 2 31089 -31096
0 41 58 2 10366 -31088
0 41 59 2 -31058 -31091
0 41 60 2 -31100 31079
0 41 61 2 -10350 -31082
0 41 62 2 10391 -31095
0 41 63 2 -10353 10342
0 41 64 2 31082 -31068
0 41 65 2 32743 14
0 41 66 2 -10373 -10366
0 41 67 2 31111 10372
0 41 68 2 -31081 31085
0 41 69 2 -10322 -10379
0 41 70 2 31075 10385
0 41 71 2 -31091 -31103
0 41 72 2 31106 -31063
0 41 73 2 -31078 31114
0 41 74 2 -31089 10351
0 41 75 2 10356 10368
0 41 76 2 31063 31094
0 41 77 2 -10371 -10385
0 41 78 2 10364 31092
0 41 79 2 -10338 -10352
0 41 80 2 10351 10380
0 41 81 2 -31085 -10333
0 41 82 2 31082 10379
0 41 83 2 -10365 -31116
0 41 84 2 10345 10348
0 41 85 2 -31084 10384
0 41 86 2 -10369 10382
0 41 87 2 10326 31099
0 41 88 2 -10382 31111
0 41 89 2 -31096 10367
0 41 90 2 10354 10359
0 41 91 2 31068 -31100
0 41 92 2 -10372 -31080
0 41 93 2 31088 31094
0 41 94 2 10352 31106
0 41 95 2 31055 31098
0 41 96 2 31083 -31069
0 41 97 2 32785 0
0 41 98 2 31067 31101
0 41 99 2 31095 31072
0 41 100 2 31053 -10334
0 41 101 2 10353 10365
0 41 102 2 -10366 -10342
0 41 103 2 10346 10348
0 41 104 2 -10341 10393
0 41 105 2 31101 -10355
0 41 106 2 10381 -31074
0 41 107 2 10366 -31065
0 41 108 2 10368 31101
0 41 109 2 31103 -10347
0 41 110 2 31088 10383
0 41 111 2 -10338 31066
0 41 112 2 31091 -31095
0 41 113 2 12 -16
0 41 114 2 -22 26
0 41 115 2 5 39
0 41 116 2 -17 14
0 41 117 2 -15 -37
0 41 118 2 20 -22
0 41 119 2 0 16
0 41 120 2 -26 -32
0 41 121 2 -25 20
0 41 122 2 14 17
0 41 123 2 -28 4
0 41 124 2 -13 19
0 41 125 2 6 -2
0 41 126 2 0 -1
0 41 127 2 0 -24
0 41 128 2 3 -7
0 41 129 2 -22 -28
0 41 130 2 29 4
0 41 131 2 26 5
0 41 132 2 -6 -14
0 41 133 2 7 8
0 41 134 2 28 3
0 41 135 2 -9 -23
0 41 136 2 -26 0
0 41 137 2 24 36
0 41 138 2 -32 -12
0 41 139 2 35 -2
0 41 140 2 13 -1
0 41 141 2 -14 1
0 41 142 2 31 -13
0 41 143 2 -22 -32
0 41 144 2 31059 10368
0 41 145 2 10390 -31048
0 41 146 2 -10375 31097
0 41 147 2 -10353 31100
0 41 148 2 -10387 10382
0 41 149 2 10326 31142
0 41 150 2 31077 -10353
0 41 151 2 31076 -10322
0 41 152 2 10370 -31043
0 41 153 2 -31062 -10327
0 41 154 2 -31081 10331
0 41 155 2 -31101 10342
0 41 156 2 31100 -31087
0 41 157 2 -10342 -10392
0 41 158 2 -31083 -31113
0 41 159 2 32741 13
0 41 160 2 31086 -10319
0 41 161 2 10361 10361
0 41 162 2 31076 10382
0 41 163 2 -31088 -10357
0 41 164 2 10347 10373
0 41 165 2 10379 -10378
0 41 166 2 -31085 -31124
0 41 167 2 -10368 -31078
0 41 168 2 -10415 10351
0 41 169 2 31093 31123
0 41 170 2 -31102 -31086
0 41 171 2 -10356 -31092
0 41 172 2 -31111 10372
0 41 173 2 10378 -10378
0 41 174 2 10391 -31052
0 41 175 2 10372 -31083
0 41 176 2 10331 31065
0 41 177 2 31099 10362
0 41 178 2 -31082 -10342
0 41 179 2 31085 10370
0 41 180 2 31112 31111
0 41 181 2 10330 10355
0 41 182 2 -31065 -31092
0 41 183 2 -31084 10386
0 41 184 2 10397 -31053
0 41 185 2 10384 -31086
0 41 186 2 10369 10335
0 41 187 2 31053 -31082
0 41 188 2 -10371 31082
0 41 189 2 -10370 31104
0 41 190 2 31108 -31061
0 41 191 2 32742 24
0 41 192 2 10341 -31074
0 41 193 2 -10351 -10359
0 41 194 2 -31078 31087
0 41 195 2 10362 10386
0 41 196 2 -10354 -10380
0 41 197 2 -10333 -10402
0 41 198 2 31097 10390
0 41 199 2 31086 -10353
0 41 200 2 -31074 10371
0 41 201 2 10380 -31064
0 41 202 2 10331 31093
0 41 203 2 -31105 -10382
0 41 204 2 10359 -10332
0 41 205 2 31083 10351
0 41 206 2 -31102 31087
0 41 207 2 -31047 -10381
0 41 208 2 -31076 10322
0 41 209 2 -31090 31057
0 41 210 2 10384 -10318
0 41 211 2 31069 10366
0 41 212 2 -10382 -31091
0 41 213 2 -10336 31080
0 41 214 2 -10361 10345
0 41 215 2 -31104 31068
0 41 216 2 31123 -10348
0 41 217 2 -31109 10343
0 41 218 2 -10346 -31082
0 41 219 2 -31094 10306
0 41 220 2 31062 -10365
0 41 221 2 -10354 -10340
0 41 222 2 31075 10371
0 41 223 2 32784 21
0 41 224 2 10356 10327
0 41 225 2 -10350 31093
0 41 226 2 -31109 10329
0 41 227 2 -31044 10357
0 41 228 2 -10388 31070
0 41 229 2 -10360 31081
0 41 230 2 -10326 -10391
0 41 231 2 31100 -31082
0 41 232 2 -31110 10335
0 41 233 2 31078 -10341
0 41 234 2 10356 31126
0 41 235 2 -10361 10377
0 41 236 2 -10360 10371
0 41 237 2 31096 -10363
0 41 238 2 -10377 -10355
0 41 239 2 10347 -10348
0 41 240 2 10374 10364
0 41 241 2 31054 -10375
0 41 242 2 -31080 31071
0 41 243 2 -10391 -31108
0 41 244 2 31104 -31077
0 41 245 2 -31110 31054
0 41 246 2 -31099 31063
0 41 247 2 -10369 -31103
0 41 248 2 -10365 10337
0 41 249 2 -31086 -10408
0 41 250 2 -31049 -31107
0 41 251 2 -31107 -10369
0 41 252 2 -10349 -10369
0 41 253 2 10362 -31073
0 41 254 2 10365 -31045
0 41 255 2 32761 19
0 42 0 2 -468 60
0 42 1 2 32773 -11
0 42 2 2 31092 -31085
0 42 3 2 -10385 -10391
0 42 4 2 31086 -10372
0 42 5 2 31090 -31087
0 42 6 2 10351 31046
0 42 7 2 -31051 -31088
0 42 8 2 -10333 -31120
0 42 9 2 31075 31126
0 42 10 2 31123 -10375
0 42 11 2 -10356 10321
0 42 12 2 10365 31075
0 42 13 2 -31081 10331
0 42 14 2 31069 31108
0 42 15 2 10367 31104
0 42 16 2 10346 10383
0 42 17 2 31074 31106
0 42 18 2 -31078 10340
0 42 19 2 10376 -31105
0 42 20 2 31074 10366
0 42 21 2 10342 31109
0 42 22 2 31078 -31073
0 42 23 2 -31087 -10371
0 42 24 2 -10358 31096
0 42 25 2 31106 -31058
0 42 26 2 10340 31066
0 42 27 2 -31102 -10368
0 42 28 2 31131 -31093
0 42 29 2 10348 -10377
0 42 30 2 31103 -31087
0 42 31 2 -31115 31084
0 42 32 2 -31129 10344
0 42 33 2 32790 22
0 42 34 2 31100 -31114
0 42 35 2 31115 10412
0 42 36 2 10360 -10334
0 42 37 2 10355 -10387
0 42 38 2 -31096 -10361
0 42 39 2 -10346 31098
0 42 40 2 10387 -31109
0 42 41 2 31105 10361
0 42 42 2 10357 10410
0 42 43 2 31091 10376
0 42 44 2 -31084 -10373
0 42 45 2 -31074 -31097
0 42 46 2 10352 31086
0 42 47 2 -31066 -10346
0 42 48 2 31055 10327
0 42 49 2 31132 -10352
0 42 50 2 -10373 -31073
0 42 51 2 -31067 -31109
0 42 52 2 10336 10356
0 42 53 2 -31113 31045
0 42 54 2 31054 31072
0 42 55 2 -10326 10352
0 42 56 2 -10419 31059
0 42 57 2 -10352 -10383
0 42 58 2 31096 -10383
0 42 59 2 31058 -10350
0 42 60 2 -31079 -31084
0 42 61 2 -10360 10333
0 42 62 2 10328 31071
0 42 63 2 10369 -31052
0 42 64 2 31067 10355
0 42 65 2 32813 43
0 42 66 2 10384 10341
0 42 67 2 10341 -10367
0 42 68 2 -31121 10337
0 42 69 2 -10353 -10395
0 42 70 2 -31072 31063
0 42 71 2 31090 10380
0 42 72 2 -10381 -10383
0 42 73 2 31091 10355
0 42 74 2 10354 -10374
0 42 75 2 -31069 -31112
0 42 76 2 -10354 -31115
0 42 77 2 10337 -10337
0 42 78 2 -31040 -10355
0 42 79 2 -31059 31076
0 42 80 2 -10369 10353
0 42 81 2 -31090 -31101
0 42 82 2 -10354 -31070
0 42 83 2 -31077 31075
0 42 84 2 -10411 31095
0 42 85 2 31095 -10333
0 42 86 2 31071 31086
0 42 87 2 -31082 31051
0 42 88 2 31111 -10359
0 42 89 2 -31082 31058
0 42 90 2 -10379 10354
0 42 91 2 -10363 -31077
0 42 92 2 -10414 -10385
0 42 93 2 31092 31077
0 42 94 2 -31095 31067
0 42 95 2 -31115 31073
0 42 96 2 10368 -10363
0 42 97 2 32762 14
0 42 98 2 -10349 31120
0 42 99 2 10348 31102
0 42 100 2 10355 10346
0 42 101 2 -31066 -10379
0 42 102 2 10350 10356
0 42 103 2 31074 -10378
0 42 104 2 -31085 -31093
0 42 105 2 -10323 -31059
0 42 106 2 31102 10382
0 42 107 2 -10372 -10397
0 42 108 2 -10344 10353
0 42 109 2 -10354 31057
0 42 110 2 -10389 10355
0 42 111 2 10367 31053
0 42 112 2 -10374 31091
0 42 113 2 -17 17
0 42 114 2 1 -15
0 42 115 2 -25 18
0 42 116 2 0 2
0 42 117 2 -25 -31
0 42 118 2 2 -3
0 42 119 2 13 -2
0 42 120 2 12 -14
0 42 121 2 31 18
0 42 122 2 -2 10
0 42 123 2 -15 8
0 42 124 2 27 -10
0 42 125 2 28 11
0 42 126 2 -8 0
0 42 127 2 -25 17
0 42 128 2 28 17
0 42 129 2 7 7
0 42 130 2 18 30
0 42 131 2 -6 -46
0 42 132 2 26 -3
0 42 133 2 0 15
0 42 134 2 -61 -15
0 42 135 2 3 -36
0 42 136 2 6 -24
0 42 137 2 54 -16
0 42 138 2 1 -15
0 42 139 2 3 -17
0 42 140 2 17 -20
0 42 141 2 2 4
0 42 142 2 0 36
0 42 143 2 -19 -4
0 42 144 2 31088 -31082
0 42 145 2 -31074 10370
0 42 146 2 31089 10365
0 42 147 2 31070 31119
0 42 148 2 10352 -10336
0 42 149 2 -31105 10339
0 42 150 2 10359 -10352
0 42 151 2 31108 -10354
0 42 152 2 -10415 31125
0 42 153 2 -10346 31105
0 42 154 2 -31044 -31088
0 42 155 2 -31100 31077
0 42 156 2 10359 31076
0 42 157 2 -31059 -31086
0 42 158 2 -10353 -31074
0 42 159 2 32790 -7
0 42 160 2 10407 -10320
0 42 161 2 31069 -10348
0 42 162 2 31047 -10340
0 42 163 2 -31107 10345
0 42 164 2 -10361 31067
0 42 165 2 31100 -31049
0 42 166 2 -10326 -31106
0 42 167 2 -31057 -31079
0 42 168 2 10342 10343
0 42 169 2 31093 -10353
0 42 170 2 -10353 -31069
0 42 171 2 -10373 -10378
0 42 172 2 -10336 -31111
0 42 173 2 31096 -31092
0 42 174 2 10352 10366
0 42 175 2 31073 31081
0 42 176 2 10345 -10356
0 42 177 2 31052 31110
0 42 178 2 31071 10348
0 42 179 2 10372 -31061
0 42 180 2 10388 -10379
0 42 181 2 -10389 10351
0 42 182 2 10347 10369
0 42 183 2 -10390 -10363
0 42 184 2 31103 31109
0 42 185 2 10377 31087
0 42 186 2 31089 -31079
0 42 187 2 31068 10369
0 42 188 2 31070 -10345
0 42 189 2 -31126 -31073
0 42 190 2 10342 -31079
0 42 191 2 32722 -25
0 42 192 2 31093 -31081
0 42 193 2 10352 31075
0 42 194 2 -10352 10342
0 42 195 2 -10351 31061
0 42 196 2 -10386 -10380
0 42 197 2 -10295 -31079
0 42 198 2 31080 10423
0 42 199 2 31122 -10401
0 42 200 2 10340 10380
0 42 201 2 31058 31063
0 42 202 2 31061 10362
0 42 203 2 -10388 31059
0 42 204 2 10349 31097
0 42 205 2 31087 31091
0 42 206 2 10408 -10384
0 42 207 2 -31100 31090
0 42 208 2 -31093 31085
0 42 209 2 31111 -31069
0 42 210 2 10392 10339
0 42 211 2 10369 31122
0 42 212 2 10403 10372
0 42 213 2 31042 31061
0 42 214 2 -10328 -10370
0 42 215 2 -10373 -31115
0 42 216 2 -10328 -31108
0 42 217 2 -31081 -10377
0 42 218 2 10361 31096
0 42 219 2 31119 -31052
0 42 220 2 10366 -31059
0 42 221 2 -10341 10391
0 42 222 2 -10355 31078
0 42 223 2 32763 13
0 42 224 2 10361 -31100
0 42 225 2 10366 -31083
0 42 226 2 -31086 10366
0 42 227 2 31083 31097
0 42 228 2 -31071 31073
0 42 229 2 -31095 31102
0 42 230 2 31066 31103
0 42 231 2 31071 10346
0 42 232 2 -10348 -10361
0 42 233 2 31062 10358
0 42 234 2 10370 31079
0 42 235 2 -10389 10330
0 42 236 2 10357 10362
0 42 237 2 -10339 10362
0 42 238 2 31099 10382
0 42 239 2 31048 31123
0 42 240 2 -31077 -10385
0 42 241 2 -31037 10368
0 42 242 2 -31101 31098
0 42 243 2 10357 -10392
0 42 244 2 31081 -31084
0 42 245 2 -10342 -10373
0 42 246 2 10367 -10356
0 42 247 2 -10388 -10343
0 42 248 2 10318 -10372
0 42 249 2 10380 -31082
0 42 250 2 -31095 10365
0 42 251 2 10364 -10358
0 42 252 2 10370 31081
0 42 253 2 10384 -31078
0 42 254 2 31045 31104
0 42 255 2 32766 13
0 43 0 2 -490 77
0 43 1 2 32775 40
0 43 2 2 10352 31121
0 43 3 2 -31103 10329
0 43 4 2 31053 31088
0 43 5 2 -10378 10367
0 43 6 2 31075 10363
0 43 7 2 -10379 31072
0 43 8 2 31072 -31102
0 43 9 2 -31078 31085
0 43 10 2 -10387 -31065
0 43 11 2 31089 31092
0 43 12 2 10350 31102
0 43 13 2 -10373 31110
0 43 14 2 -10378 31078
0 43 15 2 -31108 -31058
0 43 16 2 31070 -10380
0 43 17 2 10362 -10328
0 43 18 2 10339 31068
0 43 19 2 10373 -10362
0 43 20 2 31092 -31061
0 43 21 2 10351 31102
0 43 22 2 -31078 31088
0 43 23 2 -31125 -10394
0 43 24 2 10385 31110
0 43 25 2 -31094 31030
0 43 26 2 -10396 -31091
0 43 27 2 -10352 -10379
0 43 28 2 31075 -10310
0 43 29 2 -10365 10348
0 43 30 2 10352 10415
0 43 31 2 10352 31081
0 43 32 2 -10314 10354
0 43 33 2 32774 9
0 43 34 2 10350 -10321
0 43 35 2 10387 -10355
0 43 36 2 10374 -31101
0 43 37 2 -31080 31082
0 43 38 2 -31059 -31031
0 43 39 2 10321 10355
0 43 40 2 10402 -31068
0 43 41 2 10356 -10355
0 43 42 2 -10367 -31103
0 43 43 2 -31077 31103
0 43 44 2 31095 31085
0 43 45 2 -31123 10384
0 43 46 2 10353 -10366
0 43 47 2 31067 31103
0 43 48 2 31108 10398
0 43 49 2 31080 -31094
0 43 50 2 31078 -31078
0 43 51 2 31076 10394
0 43 52 2 -31060 -10373
0 43 53 2 -31048 -31107
0 43 54 2 -10360 31085
0 43 55 2 -10351 -10384
0 43 56 2 -10369 10384
0 43 57 2 31079 10374
0 43 58 2 31098 -10369
0 43 59 2 10338 10363
0 43 60 2 -31062 -31078
0 43 61 2 -31018 -10395
0 43 62 2 -31086 -10396
0 43 63 2 31079 31075
0 43 64 2 -10379 -10332
0 43 65 2 32770 6
0 43 66 2 31088 -31087
0 43 67 2 10361 10356
0 43 68 2 10350 10374
0 43 69 2 -31051 31083
0 43 70 2 10358 31063
0 43 71 2 -31077 -31084
0 43 72 2 31060 -31067
0 43 73 2 31081 31102
0 43 74 2 31091 -10387
0 43 75 2 -10358 -31067
0 43 76 2 -31112 -10343
0 43 77 2 -31091 -10377
0 43 78 2 31089 -31090
0 43 79 2 -10385 -10364
0 43 80 2 -31106 10316
0 43 81 2 10381 -10340
0 43 82 2 10355 -10358
0 43 83 2 -10345 -31090
0 43 84 2 10379 -10361
0 43 85 2 -31111 -10378
0 43 86 2 -10338 -10356
0 43 87 2 -31084 10371
0 43 88 2 31069 31113
0 43 89 2 -10339 -31076
0 43 90 2 10334 31090
0 43 91 2 31090 10375
0 43 92 2 10347 -10372
0 43 93 2 10382 31109
0 43 94 2 -31085 31086
0 43 95 2 31102 -10370
0 43 96 2 10360 10370
0 43 97 2 32784 -22
0 43 98 2 10378 -31084
0 43 99 2 31035 31092
0 43 100 2 -31100 -31097
0 43 101 2 10333 10394
0 43 102 2 -10355 -10375
0 43 103 2 10355 10385
0 43 104 2 -31069 10351
0 43 105 2 -10333 -31107
0 43 106 2 10369 31072
0 43 107 2 31092 -31053
0 43 108 2 10378 -10340
0 43 109 2 -10356 10364
0 43 110 2 10345 10354
0 43 111 2 10378 10341
0 43 112 2 31075 -10291
0 43 113 2 12 -4
0 43 114 2 6 -2
0 43 115 2 -8 -13
0 43 116 2 -22 4
0 43 117 2 -3 15
0 43 118 2 6 35
0 43 119 2 12 5
0 43 120 2 26 -17
0 43 121 2 16 -1
0 43 122 2 18 -28
0 43 123 2 9 -32
0 43 124 2 1 -21
0 43 125 2 -28 2
0 43 126 2 -4 30
0 43 127 2 10 -3
0 43 128 2 16 5
0 43 129 2 9 -32
0 43 130 2 14 7
0 43 131 2 -14 5
0 43 132 2 13 -3
0 43 133 2 -31 -29
0 43 134 2 30 14
0 43 135 2 -4 5
0 43 136 2 -27 -17
0 43 137 2 16 3
0 43 138 2 3 -4
0 43 139 2 18 -9
0 43 140 2 -17 9
0 43 141 2 17 8
0 43 142 2 38 12
0 43 143 2 -9 10
0 43 144 2 -10329 -31098
0 43 145 2 -10392 10361
0 43 146 2 -31114 10347
0 43 147 2 10391 -31038
0 43 148 2 -31102 31070
0 43 149 2 -10337 -31083
0 43 150 2 -10362 31076
0 43 151 2 31076 10358
0 43 152 2 10327 31104
0 43 153 2 -10356 -31116
0 43 154 2 31110 -10371
0 43 155 2 -10354 10375
0 43 156 2 31071 -31080
0 43 157 2 -31087 -10390
0 43 158 2 -31107 31039
0 43 159 2 32779 17
0 43 160 2 10376 -10376
0 43 161 2 -31076 31094
0 43 162 2 10346 -10367
0 43 163 2 31067 -10344
0 43 164 2 -31123 31089
0 43 165 2 10355 -10348
0 43 166 2 31087 10367
0 43 167 2 31067 31084
0 43 168 2 -10354 -31117
0 43 169 2 10370 -31112
0 43 170 2 -31121 -10336
0 43 171 2 31087 31093
0 43 172 2 31090 -10354
0 43 173 2 31065 10371
0 43 174 2 10380 10379
0 43 175 2 10342 10348
0 43 176 2 31073 31092
0 43 177 2 -31086 -10361
0 43 178 2 31078 31090
0 43 179 2 -31101 10330
0 43 180 2 -31084 -31038
0 43 181 2 10353 -31056
0 43 182 2 31076 31090
0 43 183 2 10367 31091
0 43 184 2 10362 31067
0 43 185 2 -31087 10353
0 43 186 2 31101 -10318
0 43 187 2 31073 -10351
0 43 188 2 31078 10348
0 43 189 2 -10354 10366
0 43 190 2 -10358 -10370
0 43 191 2 32759 16
0 43 192 2 31077 -31086
0 43 193 2 31094 -31050
0 43 194 2 -31113 31090
0 43 195 2 10388 31116
0 43 196 2 10334 -10360
0 43 197 2 31095 -10380
0 43 198 2 10355 -31075
0 43 199 2 31009 31080
0 43 200 2 -10354 -10376
0 43 201 2 31071 -10375
0 43 202 2 -10369 -31093
0 43 203 2 -31079 10353
0 43 204 2 10345 -31106
0 43 205 2 -31085 -10410
0 43 206 2 31102 31104
0 43 207 2 31083 31115
0 43 208 2 -31087 -31113
0 43 209 2 10372 31110
0 43 210 2 -10378 10372
0 43 211 2 -31088 31079
0 43 212 2 31103 -31079
0 43 213 2 -31104 31098
0 43 214 2 -10371 31080
0 43 215 2 -10377 -10374
0 43 216 2 -31080 10359
0 43 217 2 -10404 31106
0 43 218 2 31099 31076
0 43 219 2 -31122 31108
0 43 220 2 -10359 31090
0 43 221 2 10350 -10389
0 43 222 2 10354 31091
0 43 223 2 32789 13
0 43 224 2 -10342 -10348
0 43 225 2 31133 -31070
0 43 226 2 31093 -10363
0 43 227 2 -31083 10318
0 43 228 2 31105 31106
0 43 229 2 31083 -31113
0 43 230 2 31093 -31075
0 43 231 2 -10360 10326
0 43 232 2 -31105 31071
0 43 233 2 10362 -10377
0 43 234 2 -10351 10361
0 43 235 2 -31081 -31077
0 43 236 2 -10329 -31060
0 43 237 2 10339 31110
0 43 238 2 -10341 31108
0 43 239 2 10356 10405
0 43 240 2 10322 -10403
0 43 241 2 -31065 -10319
0 43 242 2 10379 -31061
0 43 243 2 31099 31070
0 43 244 2 31077 31086
0 43 245 2 10330 10359
0 43 246 2 -31080 31080
0 43 247 2 31094 -31065
0 43 248 2 -31082 -31090
0 43 249 2 10367 10329
0 43 250 2 10316 -10351
0 43 251 2 -31084 31103
0 43 252 2 -10384 -10366
0 43 253 2 -10345 10324
0 43 254 2 -10371 31066
0 43 255 2 32772 -2
0 44 0 2 -516 80
0 44 1 2 32777 -16
0 44 2 2 -31089 31068
0 44 3 2 10364 10379
0 44 4 2 31119 -31073
0 44 5 2 -31045 -31112
0 44 6 2 -10341 -31126
0 44 7 2 10343 -31093
0 44 8 2 -10357 -10363
0 44 9 2 -10354 -10340
0 44 10 2 10374 -10371
0 44 11 2 10346 10417
0 44 12 2 -31094 -10369
0 44 13 2 -31080 31063
0 44 14 2 -10367 -10330
0 44 15 2 31089 10378
0 44 16 2 -31097 -31071
0 44 17 2 10376 -10371
0 44 18 2 -10330 -31084
0 44 19 2 31065 10378
0 44 20 2 -10378 10356
0 44 21 2 10372 10378
0 44 22 2 10368 -10350
0 44 23 2 10357 10359
0 44 24 2 -10325 -10405
0 44 25 2 -31083 10327
0 44 26 2 -10356 -10361
0 44 27 2 31095 -31053
0 44 28 2 31100 31083
0 44 29 2 -10372 10340
0 44 30 2 -10337 -31059
0 44 31 2 31083 -31067
0 44 32 2 10357 10366
0 44 33 2 32728 15
0 44 34 2 31114 -31069
0 44 35 2 -10345 -10354
0 44 36 2 -31090 31091
0 44 37 2 -31063 -31096
0 44 38 2 31077 31102
0 44 39 2 -31108 31105
0 44 40 2 31099 -10322
0 44 41 2 -31113 10347
0 44 42 2 -10353 -10343
0 44 43 2 -10393 -10347
0 44 44 2 10362 -10336
0 44 45 2 -10374 -10384
0 44 46 2 -31060 -10331
0 44 47 2 -31076 10322
0 44 48 2 10382 -31047
0 44 49 2 -10348 -31082
0 44 50 2 31075 31086
0 44 51 2 -10323 10363
0 44 52 2 31079 -31087
0 44 53 2 -31100 10334
0 44 54 2 -31065 -31097
0 44 55 2 10372 -31117
0 44 56 2 10365 31063
0 44 57 2 31062 31075
0 44 58 2 -10353 10361
0 44 59 2 10303 31080
0 44 60 2 10379 -10372
0 44 61 2 -10367 -10344
0 44 62 2 31068 -10376
0 44 63 2 31104 -31073
0 44 64 2 31114 -10336
0 44 65 2 32786 22
0 44 66 2 -31121 -10398
0 44 67 2 10372 -10354
0 44 68 2 10321 -10370
0 44 69 2 31102 -10356
0 44 70 2 -10363 10341
0 44 71 2 -10355 -31105
0 44 72 2 -10369 10392
0 44 73 2 -10393 31063
0 44 74 2 -31103 10359
0 44 75 2 31049 -10330
0 44 76 2 -31054 10361
0 44 77 2 -31051 -31077
0 44 78 2 31060 31100
0 44 79 2 -10376 31064
0 44 80 2 -10349 -31098
0 44 81 2 -10372 31058
0 44 82 2 31072 10382
0 44 83 2 10345 -31112
0 44 84 2 -10359 10348
0 44 85 2 -31070 10303
0 44 86 2 10377 -10350
0 44 87 2 -10340 10322
0 44 88 2 10389 -10339
0 44 89 2 31063 10344
0 44 90 2 10392 -31071
0 44 91 2 -31088 -10367
0 44 92 2 -31072 10340
0 44 93 2 -10393 10372
0 44 94 2 10356 10372
0 44 95 2 -31107 -10364
0 44 96 2 -31106 10359
0 44 97 2 32766 5
0 44 98 2 10363 -10352
0 44 99 2 -10383 31116
0 44 100 2 10342 31065
0 44 101 2 -10400 10350
0 44 102 2 10375 10378
0 44 103 2 -10398 10358
0 44 104 2 10350 -10358
0 44 105 2 -31107 10337
0 44 106 2 -10421 31077
0 44 107 2 -10362 -31107
0 44 108 2 31044 10378
0 44 109 2 10323 31113
0 44 110 2 10365 -31033
0 44 111 2 31084 10368
0 44 112 2 10359 -10368
0 44 113 2 0 2
0 44 114 2 29 16
0 44 115 2 -8 -2
0 44 116 2 8 -10
0 44 117 2 28 -13
0 44 118 2 20 -5
0 44 119 2 -38 -14
0 44 120 2 -41 -26
0 44 121 2 9 -7
0 44 122 2 2 -16
0 44 123 2 24 3
0 44 124 2 -43 -1
0 44 125 2 15 -9
0 44 126 2 27 -3
0 44 127 2 2 -4
0 44 128 2 11 4
0 44 129 2 -8 -1
0 44 130 2 -4 -7
0 44 131 2 8 -5
0 44 132 2 0 -6
0 44 133 2 -43 6
0 44 134 2 -8 -2
0 44 135 2 30 -11
0 44 136 2 -29 -18
0 44 137 2 0 -1
0 44 138 2 -15 -17
0 44 139 2 21 22
0 44 140 2 -4 0
0 44 141 2 4 -12
0 44 142 2 -8 12
0 44 143 2 -17 20
0 44 144 2 -31112 -10356
0 44 145 2 10359 -31098
0 44 146 2 10349 -31067
0 44 147 2 10351 -31085
0 44 148 2 31110 10372
0 44 149 2 -31054 -31114
0 44 150 2 -31110 10353
0 44 151 2 -31068 -31078
0 44 152 2 -31111 -10347
0 44 153 2 31102 -31035
0 44 154 2 -31055 -10381
0 44 155 2 -31118 31098
0 44 156 2 -31104 31071
0 44 157 2 -10370 31061
0 44 158 2 -10362 10338
0 44 159 2 32749 -5
0 44 160 2 10372 10375
0 44 161 2 -31070 -31081
0 44 162 2 31080 -10341
0 44 163 2 -31092 10350
0 44 164 2 31092 31100
0 44 165 2 -31083 10362
0 44 166 2 -10383 31087
0 44 167 2 10360 -10359
0 44 168 2 31085 -31069
0 44 169 2 31084 31090
0 44 170 2 -10374 -10350
0 44 171 2 -31086 31067
0 44 172 2 -31095 -10344
0 44 173 2 31093 -31065
0 44 174 2 -31064 31083
0 44 175 2 -10385 31083
0 44 176 2 31099 31103
0 44 177 2 10360 -31113
0 44 178 2 31096 31102
0 44 179 2 -31083 31075
0 44 180 2 -10355 10379
0 44 181 2 -31133 31113
0 44 182 2 -31081 10330
0 44 183 2 10380 31089
0 44 184 2 31141 -10341
0 44 185 2 -10343 10380
0 44 186 2 10376 31101
0 44 187 2 -10365 -10374
0 44 188 2 -10363 31080
0 44 189 2 -31083 10373
0 44 190 2 -10360 -31101
0 44 191 2 32758 27
0 44 192 2 -31098 -10368
0 44 193 2 31067 10365
0 44 194 2 31111 -31057
0 44 195 2 10391 31075
0 44 196 2 31065 -10356
0 44 197 2 -31111 10343
0 44 198 2 -31087 10318
0 44 199 2 31114 -10384
0 44 200 2 10414 -31086
0 44 201 2 10361 10361
0 44 202 2 10325 10361
0 44 203 2 -10338 -31082
0 44 204 2 31080 -31046
0 44 205 2 31056 10374
0 44 206 2 -31081 31060
0 44 207 2 -31122 31089
0 44 208 2 -10364 -31081
0 44 209 2 31099 -31060
0 44 210 2 10341 -31078
0 44 211 2 -10388 31079
0 44 212 2 10389 -31070
0 44 213 2 -31073 -31062
0 44 214 2 10336 31080
0 44 215 2 10394 -10350
0 44 216 2 31091 10378
0 44 217 2 31037 31096
0 44 218 2 -31095 -31114
0 44 219 2 -31093 10357
0 44 220 2 31080 -31058
0 44 221 2 -10358 10368
0 44 222 2 -10352 -10352
0 44 223 2 32748 10
0 44 224 2 31064 10374
0 44 225 2 31098 -31089
0 44 226 2 31090 -31098
0 44 227 2 31083 -31102
0 44 228 2 10358 31074
0 44 229 2 -10349 -10360
0 44 230 2 -10350 31103
0 44 231 2 31098 -10330
0 44 232 2 31078 10338
0 44 233 2 31075 10378
0 44 234 2 31068 31117
0 44 235 2 -31046 -31072
0 44 236 2 -10381 10384
0 44 237 2 -31112 -31083
0 44 238 2 10364 -31099
0 44 239 2 10378 10402
0 44 240 2 -31117 31096
0 44 241 2 -31101 -10373
0 44 242 2 -10385 -31126
0 44 243 2 10339 31073
0 44 244 2 -10351 -10374
0 44 245 2 -31096 -10370
0 44 246 2 -10356 31085
0 44 247 2 -10320 -10351
0 44 248 2 10322 10345
0 44 249 2 31069 31094
0 44 250 2 -31089 -31085
0 44 251 2 -10338 -10406
0 44 252 2 -10368 -10369
0 44 253 2 -10357 -10415
0 44 254 2 31090 31085
0 44 255 2 32761 -7
0 45 0 2 -491 76
0 45 1 2 32808 -5
0 45 2 2 10362 -10349
0 45 3 2 10352 -10368
0 45 4 2 10372 10321
0 45 5 2 10388 -31095
0 45 6 2 -31060 10392
0 45 7 2 -31079 -31130
0 45 8 2 -10361 -10372
0 45 9 2 10359 -10351
0 45 10 2 31098 -31059
0 45 11 2 31079 10368
0 45 12 2 -10362 31078
0 45 13 2 -31072 -10380
0 45 14 2 -10367 31077
0 45 15 2 10348 10363
0 45 16 2 -31096 -10374
0 45 17 2 -31049 10357
0 45 18 2 10336 10380
0 45 19 2 -31113 10368
0 45 20 2 31096 10373
0 45 21 2 31074 31100
0 45 22 2 10401 -31078
0 45 23 2 31131 -31039
0 45 24 2 10383 -31073
0 45 25 2 -31085 -10390
0 45 26 2 -31057 10330
0 45 27 2 31088 31096
0 45 28 2 10351 31112
0 45 29 2 31101 10370
0 45 30 2 10401 31106
0 45 31 2 -10361 -31095
0 45 32 2 -31100 -10387
0 45 33 2 32776 -4
0 45 34 2 -31058 -10377
0 45 35 2 -10338 -31085
0 45 36 2 31056 10371
0 45 37 2 -31099 31053
0 45 38 2 10316 10367
0 45 39 2 -31093 10345
0 45 40 2 10361 10361
0 45 41 2 -10358 -31109
0 45 42 2 -10336 -10376
0 45 43 2 10321 10411
0 45 44 2 31085 -31096
0 45 45 2 31077 -10372
0 45 46 2 -10345 -10334
0 45 47 2 -31098 31095
0 45 48 2 31070 -10362
0 45 49 2 31073 31092
0 45 50 2 -31070 -31110
0 45 51 2 -10382 10338
0 45 52 2 10396 -31057
0 45 53 2 10380 -10343
0 45 54 2 -31075 31066
0 45 55 2 10320 31082
0 45 56 2 -10331 -10351
0 45 57 2 31090 31107
0 45 58 2 10366 -10353
0 45 59 2 10346 -10333
0 45 60 2 -10385 10351
0 45 61 2 10351 -31069
0 45 62 2 10351 -10366
0 45 63 2 -31070 31061
0 45 64 2 31095 10370
0 45 65 2 32756 9
0 45 66 2 31036 31086
0 45 67 2 -10326 -10351
0 45 68 2 10398 -10356
0 45 69 2 -31079 -10328
0 45 70 2 -31073 31049
0 45 71 2 -31059 -31147
0 45 72 2 -31061 -31098
0 45 73 2 31073 10380
0 45 74 2 31094 -31074
0 45 75 2 -31106 31079
0 45 76 2 -10371 31110
0 45 77 2 -31065 10337
0 45 78 2 10331 31089
0 45 79 2 31100 -31046
0 45 80 2 31058 31099
0 45 81 2 10341 10343
0 45 82 2 -31096 31066
0 45 83 2 10349 -31058
0 45 84 2 -31058 -10390
0 45 85 2 31094 31089
0 45 86 2 -31066 -10361
0 45 87 2 -10389 -31057
0 45 88 2 -31076 31045
0 45 89 2 31106 -10352
0 45 90 2 -31098 10365
0 45 91 2 10355 31085
0 45 92 2 31090 10375
0 45 93 2 -10331 -31109
0 45 94 2 -10324 -10378
0 45 95 2 31124 10360
0 45 96 2 -31058 -31100
0 45 97 2 32765 2
0 45 98 2 -31068 -10367
0 45 99 2 10383 -31044
0 45 100 2 10375 -31083
0 45 101 2 31097 -31115
0 45 102 2 10334 31070
0 45 103 2 10344 -31104
0 45 104 2 10370 31091
0 45 105 2 31073 31103
0 45 106 2 -31060 -31078
0 45 107 2 -10348 -10354
0 45 108 2 -31102 -31118
0 45 109 2 -10397 10375
0 45 110 2 10419 10343
0 45 111 2 -31079 -10407
0 45 112 2 -10378 -31118
0 45 113 2 19 -5
0 45 114 2 -19 -22
0 45 115 2 19 -17
0 45 116 2 0 14
0 45 117 2 -2 0
0 45 118 2 9 19
0 45 119 2 -10 12
0 45 120 2 -3 2
0 45 121 2 5 3
0 45 122 2 3 16
0 45 123 2 37 -26
0 45 124 2 -34 26
0 45 125 2 3 26
0 45 126 2 1 23
0 45 127 2 3 -33
0 45 128 2 3 -1
0 45 129 2 28 -31
0 45 130 2 24 -10
0 45 131 2 13 9
0 45 132 2 -8 -16
0 45 133 2 36 -27
0 45 134 2 0 3
0 45 135 2 -23 9
0 45 136 2 -7 2
0 45 137 2 -9 -5
0 45 138 2 -2 23
0 45 139 2 -10 -9
0 45 140 2 8 -12
0 45 141 2 0 -24
0 45 142 2 25 -9
0 45 143 2 -33 7
0 45 144 2 -10307 -10363
0 45 145 2 10384 -10347
0 45 146 2 31117 -31051
0 45 147 2 10355 31074
0 45 148 2 31114 -31068
0 45 149 2 31111 -31083
0 45 150 2 -31055 -10323
0 45 151 2 -10376 31099
0 45 152 2 31095 10367
0 45 153 2 10324 31070
0 45 154 2 -10397 31081
0 45 155 2 31073 -10340
0 45 156 2 -31078 -31134
0 45 157 2 -31078 -10377
0 45 158 2 10330 10388
0 45 159 2 32770 38
0 45 160 2 -10371 -10350
0 45 161 2 -10361 10361
0 45 162 2 -10372 10398
0 45 163 2 10347 -10363
0 45 164 2 -10355 -31080
0 45 165 2 -10374 -10409
0 45 166 2 -31106 -10347
0 45 167 2 10372 -10348
0 45 168 2 -10392 31092
0 45 169 2 -10385 31067
0 45 170 2 -31085 10356
0 45 171 2 -31094 -10391
0 45 172 2 10337 10391
0 45 173 2 10352 10364
0 45 174 2 10337 31073
0 45 175 2 10341 31095
0 45 176 2 -31082 10330
0 45 177 2 -10412 10371
0 45 178 2 -31096 31126
0 45 179 2 -31080 31067
0 45 180 2 -10330 -31092
0 45 181 2 31120 10372
0 45 182 2 10380 -10364
0 45 183 2 -10390 10375
0 45 184 2 31051 10358
0 45 185 2 -10335 10344
0 45 186 2 31082 -31079
0 45 187 2 -10322 -10337
0 45 188 2 31078 31106
0 45 189 2 -31101 31089
0 45 190 2 -31084 -31070
0 45 191 2 32794 -1
0 45 192 2 10329 31088
0 45 193 2 31103 -31061
0 45 194 2 -31106 -10379
0 45 195 2 31068 10376
0 45 196 2 10356 -10352
0 45 197 2 -10355 31075
0 45 198 2 -31076 10353
0 45 199 2 -31124 10352
0 45 200 2 -10346 -31070
0 45 201 2 -31080 31046
0 45 202 2 31075 10375
0 45 203 2 -10351 -10325
0 45 204 2 10353 10355
0 45 205 2 31069 -31073
0 45 206 2 31064 31080
0 45 207 2 -10381 -31104
0 45 208 2 31097 -31077
0 45 209 2 -31079 -10353
0 45 210 2 10346 10337
0 45 211 2 10344 10400
0 45 212 2 -31136 31096
0 45 213 2 -31115 31098
0 45 214 2 10370 -31066
0 45 215 2 -31096 -10340
0 45 216 2 -10380 -10387
0 45 217 2 10376 -31121
0 45 218 2 -31097 31076
0 45 219 2 -31078 10342
0 45 220 2 10383 10359
0 45 221 2 -31106 10396
0 45 222 2 -31055 10381
0 45 223 2 32758 8
0 45 224 2 -31069 -31100
0 45 225 2 31052 31091
0 45 226 2 10340 31059
0 45 227 2 10341 10372
0 45 228 2 -31112 -31047
0 45 229 2 10329 10374
0 45 230 2 10358 -10372
0 45 231 2 -10357 -10378
0 45 232 2 10326 31081
0 45 233 2 31083 31081
0 45 234 2 10353 -10339
0 45 235 2 10344 31113
0 45 236 2 31088 -10374
0 45 237 2 -10360 10357
0 45 238 2 -31128 -10403
0 45 239 2 10384 -10377
0 45 240 2 -10353 -31093
0 45 241 2 -31063 31071
0 45 242 2 -31130 31029
0 45 243 2 31078 -10342
0 45 244 2 10387 -31095
0 45 245 2 10374 -10358
0 45 246 2 -10355 -10374
0 45 247 2 -10341 -31101
0 45 248 2 10372 10374
0 45 249 2 -10351 10336
0 45 250 2 -10369 31124
0 45 251 2 -10345 -10359
0 45 252 2 10357 -31092
0 45 253 2 31095 -31110
0 45 254 2 -10363 -10357
0 45 255 2 32761 -8
0 46 0 2 -481 99
0 46 1 2 32749 -12
0 46 2 2 31090 10348
0 46 3 2 31084 31114
0 46 4 2 -10352 -31051
0 46 5 2 -10371 31070
0 46 6 2 31089 31060
0 46 7 2 31099 -31104
0 46 8 2 31094 -10373
0 46 9 2 -10394 -10349
0 46 10 2 -31108 10357
0 46 11 2 -10350 31092
0 46 12 2 -31088 31098
0 46 13 2 31054 10345
0 46 14 2 10338 10374
0 46 15 2 31124 -31027
0 46 16 2 31086 31128
0 46 17 2 -31074 -10382
0 46 18 2 -10337 -31073
0 46 19 2 -10369 31076
0 46 20 2 -31088 -10402
0 46 21 2 -10377 31071
0 46 22 2 -10357 31101
0 46 23 2 -31082 31077
0 46 24 2 31095 -31051
0 46 25 2 -10355 10343
0 46 26 2 -10367 10346
0 46 27 2 10301 31097
0 46 28 2 -31103 31053
0 46 29 2 -10390 31105
0 46 30 2 -10313 -31081
0 46 31 2 10381 10348
0 46 32 2 -31065 -31094
0 46 33 2 32770 7
0 46 34 2 -10346 -10389
0 46 35 2 -10391 31121
0 46 36 2 -10366 -10380
0 46 37 2 -31062 -10351
0 46 38 2 31075 10379
0 46 39 2 31104 -10352
0 46 40 2 10373 -31075
0 46 41 2 -31068 -10383
0 46 42 2 -10337 -31098
0 46 43 2 10380 -10337
0 46 44 2 10375 10337
0 46 45 2 -31138 -10377
0 46 46 2 -31121 10359
0 46 47 2 -31089 31086
0 46 48 2 -10362 31109
0 46 49 2 10376 -10359
0 46 50 2 10365 -10327
0 46 51 2 -31111 -10394
0 46 52 2 -10347 -10373
0 46 53 2 10413 -10377
0 46 54 2 31051 10406
0 46 55 2 -10353 -10379
0 46 56 2 -31094 -10373
0 46 57 2 -10346 -31107
0 46 58 2 -31089 31081
0 46 59 2 31126 -31070
0 46 60 2 31146 -31085
0 46 61 2 -10379 -31066
0 46 62 2 -31077 10381
0 46 63 2 -31055 -31105
0 46 64 2 10321 31092
0 46 65 2 32723 1
0 46 66 2 -31097 10335
0 46 67 2 -31064 -31080
0 46 68 2 10361 -31067
0 46 69 2 10386 10355
0 46 70 2 31087 -31051
0 46 71 2 31080 -31047
0 46 72 2 10347 10394
0 46 73 2 31108 -31088
0 46 74 2 10402 -31084
0 46 75 2 31094 10376
0 46 76 2 -31067 10329
0 46 77 2 -10360 10330
0 46 78 2 31084 10375
0 46 79 2 -31109 10371
0 46 80 2 31043 10351
0 46 81 2 31074 10367
0 46 82 2 31080 -10344
0 46 83 2 -10364 10369
0 46 84 2 10379 -10333
0 46 85 2 -10357 10394
0 46 86 2 31087 -31062
0 46 87 2 10369 -10357
0 46 88 2 31088 31108
0 46 89 2 -31086 31040
0 46 90 2 31082 -10360
0 46 91 2 -31059 10365
0 46 92 2 10373 31090
0 46 93 2 31079 31107
0 46 94 2 -31059 10334
0 46 95 2 10341 -31113
0 46 96 2 -10357 31087
0 46 97 2 32785 20
0 46 98 2 10391 -31093
0 46 99 2 -31078 -31085
0 46 100 2 10350 31115
0 46 101 2 10386 -10362
0 46 102 2 -10340 10352
0 46 103 2 -10344 -31077
0 46 104 2 -31073 -10353
0 46 105 2 10330 10332
0 46 106 2 -10341 -10362
0 46 107 2 -31104 31056
0 46 108 2 31045 31096
0 46 109 2 -31077 -31101
0 46 110 2 -31114 10323
0 46 111 2 -31056 -10369
0 46 112 2 -31051 -31044
0 46 113 2 16 9
0 46 114 2 -24 47
0 46 115 2 -16 -14
0 46 116 2 -15 26
0 46 117 2 5 9
0 46 118 2 31 13
0 46 119 2 -10 1
0 46 120 2 -7 14
0 46 121 2 -21 -6
0 46 122 2 -15 13
0 46 123 2 -11 12
0 46 124 2 27 2
0 46 125 2 -28 3
0 46 126 2 -21 22
0 46 127 2 -5 1
0 46 128 2 41 -8
0 46 129 2 13 -13
0 46 130 2 15 0
0 46 131 2 -21 4
0 46 132 2 -11 -15
0 46 133 2 32 -4
0 46 134 2 -24 14
0 46 135 2 -3 -2
0 46 136 2 2 3
0 46 137 2 0 -7
0 46 138 2 -5 7
0 46 139 2 -15 6
0 46 140 2 0 9
0 46 141 2 -8 -11
0 46 142 2 15 22
0 46 143 2 18 13
0 46 144 2 -10387 10335
0 46 145 2 10366 -10384
0 46 146 2 -31081 -10367
0 46 147 2 10334 31083
0 46 148 2 -10375 -31088
0 46 149 2 -31063 10336
0 46 150 2 -10367 -31107
0 46 151 2 -10339 10379
0 46 152 2 -31094 31078
0 46 153 2 -31092 31083
0 46 154 2 31072 -31074
0 46 155 2 31071 -10359
0 46 156 2 10345 -31105
0 46 157 2 10357 31105
0 46 158 2 -31099 -10397
0 46 159 2 32750 -15
0 46 160 2 10389 31092
0 46 161 2 -10352 31040
0 46 162 2 31119 -10344
0 46 163 2 -31084 -31101
0 46 164 2 31067 10367
0 46 165 2 -10348 -10356
0 46 166 2 31095 -10385
0 46 167 2 31075 -10354
0 46 168 2 -31038 -31096
0 46 169 2 10360 -10353
0 46 170 2 10375 -10379
0 46 171 2 -10345 -10335
0 46 172 2 31094 10355
0 46 173 2 -31109 -31075
0 46 174 2 -10346 -31102
0 46 175 2 31090 10365
0 46 176 2 31086 10389
0 46 177 2 -31057 31068
0 46 178 2 -10365 -31080
0 46 179 2 -10385 31090
0 46 180 2 -31086 10378
0 46 181 2 -10372 31092
0 46 182 2 -10392 31060
0 46 183 2 10369 -31075
0 46 184 2 -10395 31105
0 46 185 2 -31079 31110
0 46 186 2 -31069 10371
0 46 187 2 10349 -31073
0 46 188 2 -31095 31060
0 46 189 2 -10334 -31089
0 46 190 2 31089 -31071
0 46 191 2 32745 38
0 46 192 2 -10313 -31098
0 46 193 2 10361 -31084
0 46 194 2 -31113 10378
0 46 195 2 10331 31070
0 46 196 2 31095 -31104
0 46 197 2 -31065 31039
0 46 198 2 -10345 -31091
0 46 199 2 -10371 31095
0 46 200 2 10352 10339
0 46 201 2 -10383 -10383
0 46 202 2 10345 -31051
0 46 203 2 -31067 -10371
0 46 204 2 -10325 -31078
0 46 205 2 -31083 -10399
0 46 206 2 -10347 10357
0 46 207 2 10366 -31083
0 46 208 2 31092 10352
0 46 209 2 -10381 -10317
0 46 210 2 10356 -31060
0 46 211 2 31096 10355
0 46 212 2 31093 -31107
0 46 213 2 10357 -10328
0 46 214 2 -10355 10325
0 46 215 2 10360 31060
0 46 216 2 31067 10348
0 46 217 2 10336 10373
0 46 218 2 -31145 31086
0 46 219 2 -10342 -31091
0 46 220 2 31112 -31103
0 46 221 2 -31104 -31080
0 46 222 2 -10399 31062
0 46 223 2 32771 -11
0 46 224 2 -31086 31094
0 46 225 2 -31082 -10342
0 46 226 2 -31069 -31118
0 46 227 2 -10368 31084
0 46 228 2 31111 10383
0 46 229 2 -31092 -31078
0 46 230 2 31084 -10328
0 46 231 2 -10368 -10362
0 46 232 2 31077 10385
0 46 233 2 -31084 -10366
0 46 234 2 -10376 31076
0 46 235 2 -10387 -31107
0 46 236 2 31074 10396
0 46 237 2 31048 10383
0 46 238 2 -31107 31092
0 46 239 2 -10348 -10391
0 46 240 2 -31092 -10374
0 46 241 2 -31123 31060
0 46 242 2 10328 31086
0 46 243 2 31115 -10354
0 46 244 2 -31080 -10386
0 46 245 2 10353 -31095
0 46 246 2 10354 31100
0 46 247 2 31108 10363
0 46 248 2 31070 -31061
0 46 249 2 31060 31079
0 46 250 2 -31086 -31093
0 46 251 2 -31062 -10396
0 46 252 2 -10345 31079
0 46 253 2 10355 10358
0 46 254 2 10375 -31105
0 46 255 2 32760 6
0 47 0 2 -495 74
0 47 1 2 32786 18
0 47 2 2 31113 -31055
0 47 3 2 31079 -10331
0 47 4 2 -31104 31091
0 47 5 2 10378 31097
0 47 6 2 -10383 -10350
0 47 7 2 -10350 -10340
0 47 8 2 -31105 31067
0 47 9 2 31114 -10363
0 47 10 2 -31082 10334
0 47 11 2 31109 10386
0 47 12 2 -10361 10346
0 47 13 2 -31065 -10370
0 47 14 2 31071 -10338
0 47 15 2 -10355 31090
0 47 16 2 -10350 31090
0 47 17 2 31091 10346
0 47 18 2 -31096 10355
0 47 19 2 -31102 31098
0 47 20 2 -10365 31083
0 47 21 2 31082 10348
0 47 22 2 -31109 31075
0 47 23 2 -31051 -31057
0 47 24 2 -10378 31122
0 47 25 2 31100 10347
0 47 26 2 31085 -10312
0 47 27 2 10365 10414
0 47 28 2 -10336 -31084
0 47 29 2 -10367 -31076
0 47 30 2 -10369 -31086
0 47 31 2 -31128 31084
0 47 32 2 31087 -10350
0 47 33 2 32731 4
0 47 34 2 -10348 -10406
0 47 35 2 -10385 10356
0 47 36 2 -31098 -31093
0 47 37 2 -10374 10359
0 47 38 2 10372 -31082
0 47 39 2 -31067 10370
0 47 40 2 10350 31094
0 47 41 2 10358 31112
0 47 42 2 -31084 -31104
0 47 43 2 -10355 31072
0 47 44 2 31066 10376
0 47 45 2 -10408 31069
0 47 46 2 -31077 31099
0 47 47 2 -31081 31069
0 47 48 2 10335 31082
0 47 49 2 10379 31112
0 47 50 2 10338 31122
0 47 51 2 -31068 -31087
0 47 52 2 -10374 10333
0 47 53 2 -31058 -10411
0 47 54 2 -10358 -31096
0 47 55 2 31066 10376
0 47 56 2 31109 -31085
0 47 57 2 31061 -10317
0 47 58 2 -10336 -10327
0 47 59 2 31119 -31055
0 47 60 2 -31066 -10379
0 47 61 2 31082 -10340
0 47 62 2 10352 10383
0 47 63 2 10348 -10347
0 47 64 2 -31094 -10371
0 47 65 2 32763 1
0 47 66 2 31082 10361
0 47 67 2 -31077 10331
0 47 68 2 31106 10368
0 47 69 2 31114 -31050
0 47 70 2 10380 -31110
0 47 71 2 -31116 -10377
0 47 72 2 10393 -31075
0 47 73 2 -31060 -10403
0 47 74 2 31097 10369
0 47 75 2 10358 31077
0 47 76 2 -31066 10380
0 47 77 2 31083 31095
0 47 78 2 -10349 31115
0 47 79 2 31077 10393
0 47 80 2 31045 31109
0 47 81 2 31073 -10321
0 47 82 2 31089 -31058
0 47 83 2 31097 31089
0 47 84 2 10381 -10375
0 47 85 2 -31045 -31077
0 47 86 2 31086 31093
0 47 87 2 31080 10385
0 47 88 2 31073 10373
0 47 89 2 10339 -10349
0 47 90 2 -10362 -10383
0 47 91 2 31071 31096
0 47 92 2 10342 10369
0 47 93 2 -31069 10319
0 47 94 2 -31064 -31065
0 47 95 2 -10377 31085
0 47 96 2 31102 31099
0 47 97 2 32775 24
0 47 98 2 31065 10400
0 47 99 2 -31103 -10318
0 47 100 2 10354 -10350
0 47 101 2 10367 -31073
0 47 102 2 -31101 10379
0 47 103 2 31090 -31071
0 47 104 2 -10314 -31056
0 47 105 2 31055 -31077
0 47 106 2 -31073 -31092
0 47 107 2 -31080 -10359
0 47 108 2 10363 10390
0 47 109 2 10382 -31070
0 47 110 2 -10391 31087
0 47 111 2 31060 31078
0 47 112 2 -10363 31077
0 47 113 2 -9 -4
0 47 114 2 14 -2
0 47 115 2 -3 -27
0 47 116 2 9 -1
0 47 117 2 -18 21
0 47 118 2 16 -7
0 47 119 2 63 -21
0 47 120 2 -25 -19
0 47 121 2 5 26
0 47 122 2 -14 11
0 47 123 2 -10 37
0 47 124 2 -26 -3
0 47 125 2 17 25
0 47 126 2 6 -6
0 47 127 2 5 -4
0 47 128 2 -3 19
0 47 129 2 -37 16
0 47 130 2 -24 13
0 47 131 2 -17 -23
0 47 132 2 -41 20
0 47 133 2 -7 -5
0 47 134 2 6 39
0 47 135 2 -6 15
0 47 136 2 -15 -21
0 47 137 2 -6 -3
0 47 138 2 -5 -25
0 47 139 2 -16 6
0 47 140 2 35 35
0 47 141 2 2 -25
0 47 142 2 -5 13
0 47 143 2 15 22
0 47 144 2 -31097 31123
0 47 145 2 10339 -10365
0 47 146 2 -31105 -31077
0 47 147 2 10356 -31071
0 47 148 2 31064 -31066
0 47 149 2 10347 -10357
0 47 150 2 -10385 10389
0 47 151 2 10379 -10360
0 47 152 2 10336 31118
0 47 153 2 10342 -31085
0 47 154 2 31131 10345
0 47 155 2 10347 -31102
0 47 156 2 10346 10379
0 47 157 2 -31077 31119
0 47 158 2 31103 -31085
0 47 159 2 32760 -7
0 47 160 2 -31105 31084
0 47 161 2 31110 10376
0 47 162 2 -10349 31070
0 47 163 2 -10366 10381
0 47 164 2 31069 31083
0 47 165 2 10368 -10370
0 47 166 2 31112 -31051
0 47 167 2 31104 31096
0 47 168 2 -31066 -10346
0 47 169 2 31099 -31061
0 47 170 2 -10360 31065
0 47 171 2 10363 -31111
0 47 172 2 -10382 31095
0 47 173 2 -10366 31101
0 47 174 2 -31082 10359
0 47 175 2 -10391 10366
0 47 176 2 -31108 -10380
0 47 177 2 10366 10338
0 47 178 2 10366 -10363
0 47 179 2 -10328 -31073
0 47 180 2 -10362 10364
0 47 181 2 10342 31085
0 47 182 2 -10330 10330
0 47 183 2 31074 10356
0 47 184 2 -31119 31094
0 47 185 2 -31055 31066
0 47 186 2 10387 -10379
0 47 187 2 31082 31105
0 47 188 2 -31056 -10357
0 47 189 2 -10319 -10368
0 47 190 2 10371 10384
0 47 191 2 32776 44
0 47 192 2 -31096 10389
0 47 193 2 -31060 10356
0 47 194 2 -31128 31101
0 47 195 2 -10331 -31111
0 47 196 2 10379 -10351
0 47 197 2 -10349 -10392
0 47 198 2 -31112 31078
0 47 199 2 10338 -31088
0 47 200 2 -31114 31049
0 47 201 2 -31081 -10369
0 47 202 2 31063 10363
0 47 203 2 -31075 -31062
0 47 204 2 31078 -31081
0 47 205 2 31092 -10344
0 47 206 2 10355 -31109
0 47 207 2 -31128 31046
0 47 208 2 10345 -10348
0 47 209 2 -31081 10352
0 47 210 2 -31068 -10364
0 47 211 2 -31049 -31106
0 47 212 2 10282 31080
0 47 213 2 10352 -10365
0 47 214 2 -10365 -31065
0 47 215 2 31069 31070
0 47 216 2 31066 31118
0 47 217 2 -10344 -10374
0 47 218 2 -31095 -10383
0 47 219 2 -10363 10403
0 47 220 2 -10341 -31109
0 47 221 2 -31055 -31092
0 47 222 2 10353 10356
0 47 223 2 32785 22
0 47 224 2 10363 -31057
0 47 225 2 10358 10369
0 47 226 2 -10359 10391
0 47 227 2 10352 -31081
0 47 228 2 -31102 -10362
0 47 229 2 -31080 31051
0 47 230 2 10347 10359
0 47 231 2 10374 10370
0 47 232 2 -10367 10351
0 47 233 2 -10370 -31106
0 47 234 2 -10344 -31081
0 47 235 2 -10373 -31103
0 47 236 2 10356 -31090
0 47 237 2 31059 -10305
0 47 238 2 10396 -10337
0 47 239 2 31036 31059
0 47 240 2 10368 -31051
0 47 241 2 -31057 -31084
0 47 242 2 10323 -10358
0 47 243 2 31058 10382
0 47 244 2 -31094 10350
0 47 245 2 10375 10356
0 47 246 2 10331 31062
0 47 247 2 -10363 -31074
0 47 248 2 31067 10349
0 47 249 2 10380 10359
0 47 250 2 -31066 -10376
0 47 251 2 -31059 -10353
0 47 252 2 10343 -31083
0 47 253 2 10357 10354
0 47 254 2 31085 10343
0 47 255 2 32736 14
0 48 0 2 -449 58
0 48 1 2 32733 -19
0 48 2 2 -31104 10357
0 48 3 2 10370 -31096
0 48 4 2 -10391 10370
0 48 5 2 10348 10363
0 48 6 2 -10379 31095
0 48 7 2 -10388 31079
0 48 8 2 31096 -10355
0 48 9 2 31075 10387
0 48 10 2 31069 10366
0 48 11 2 -10353 -31068
0 48 12 2 -31089 -10349
0 48 13 2 10386 10359
0 48 14 2 31082 -31073
0 48 15 2 31060 10346
0 48 16 2 31047 31098
0 48 17 2 31069 31053
0 48 18 2 -31104 10378
0 48 19 2 31091 -31080
0 48 20 2 31074 10330
0 48 21 2 31063 10351
0 48 22 2 -10369 31106
0 48 23 2 10350 10387
0 48 24 2 -31055 -10366
0 48 25 2 10374 -10369
0 48 26 2 -31083 31033
0 48 27 2 10361 -10389
0 48 28 2 31086 -31093
0 48 29 2 -31102 -10331
0 48 30 2 -31094 -31105
0 48 31 2 -31074 -10387
0 48 32 2 -10400 10373
0 48 33 2 32749 14
0 48 34 2 31076 -31042
0 48 35 2 10362 -31085
0 48 36 2 10350 31051
0 48 37 2 31089 -10312
0 48 38 2 10342 -31072
0 48 39 2 31051 31067
0 48 40 2 10318 10353
0 48 41 2 -31065 10360
0 48 42 2 31096 -31065
0 48 43 2 10381 10359
0 48 44 2 31076 10391
0 48 45 2 10352 31091
0 48 46 2 -31083 -31084
0 48 47 2 10334 10357
0 48 48 2 31123 -31071
0 48 49 2 10358 -10310
0 48 50 2 -10358 10348
0 48 51 2 -10369 -31073
0 48 52 2 -31105 -10398
0 48 53 2 -10348 31090
0 48 54 2 10381 31119
0 48 55 2 10350 10373
0 48 56 2 -31087 -31071
0 48 57 2 31086 -31050
0 48 58 2 -31055 -31086
0 48 59 2 31080 31098
0 48 60 2 -31089 31110
0 48 61 2 31110 10328
0 48 62 2 10345 10372
0 48 63 2 31086 -31085
0 48 64 2 -10339 -31076
0 48 65 2 32762 31
0 48 66 2 -10394 31072
0 48 67 2 31119 -31078
0 48 68 2 -10397 31064
0 48 69 2 31095 -31070
0 48 70 2 -10358 -31117
0 48 71 2 -31108 -10365
0 48 72 2 10381 -10389
0 48 73 2 -10334 -10337
0 48 74 2 -31061 31088
0 48 75 2 31077 -10356
0 48 76 2 31091 10402
0 48 77 2 -10348 10370
0 48 78 2 -31082 -10383
0 48 79 2 10314 -10360
0 48 80 2 31088 -10362
0 48 81 2 10377 -31070
0 48 82 2 -10340 10343
0 48 83 2 -31068 -31089
0 48 84 2 31085 -10367
0 48 85 2 -10362 -31101
0 48 86 2 -10322 -10385
0 48 87 2 10360 -10380
0 48 88 2 31113 -10384
0 48 89 2 -10340 10377
0 48 90 2 10348 -10331
0 48 91 2 -31103 -10371
0 48 92 2 31075 10378
0 48 93 2 -10330 10339
0 48 94 2 31105 31090
0 48 95 2 -10382 -10349
0 48 96 2 31130 -10350
0 48 97 2 32753 27
0 48 98 2 31098 -31079
0 48 99 2 31111 -31046
0 48 100 2 -31117 10356
0 48 101 2 10364 10370
0 48 102 2 -10389 -31067
0 48 103 2 31079 -31033
0 48 104 2 -31085 -31054
0 48 105 2 -31076 -31096
0 48 106 2 10335 31081
0 48 107 2 31104 -31095
0 48 108 2 31103 -31070
0 48 109 2 -10354 -10385
0 48 110 2 10322 31098
0 48 111 2 10377 -10374
0 48 112 2 31084 -10365
0 48 113 2 -15 0
0 48 114 2 5 14
0 48 115 2 16 9
0 48 116 2 18 13
0 48 117 2 -36 -21
0 48 118 2 43 -10
0 48 119 2 27 32
0 48 120 2 16 16
0 48 121 2 -23 -7
0 48 122 2 13 -9
0 48 123 2 -21 -17
0 48 124 2 43 0
0 48 125 2 -38 -6
0 48 126 2 -6 29
0 48 127 2 26 26
0 48 128 2 -10 -35
0 48 129 2 -14 -6
0 48 130 2 4 -2
0 48 131 2 -4 -27
0 48 132 2 12 12
0 48 133 2 -10 -34
0 48 134 2 -28 5
0 48 135 2 11 4
0 48 136 2 -14 -6
0 48 137 2 5 -4
0 48 138 2 -1 1
0 48 139 2 -11 0
0 48 140 2 -12 -11
0 48 141 2 -2 -13
0 48 142 2 -58 -9
0 48 143 2 -30 8
0 48 144 2 10358 -31095
0 48 145 2 -31074 31093
0 48 146 2 31112 -31069
0 48 147 2 31067 -10359
0 48 148 2 31049 10383
0 48 149 2 31108 10362
0 48 150 2 10348 -31101
0 48 151 2 -10350 -31110
0 48 152 2 31089 -10333
0 48 153 2 31081 10376
0 48 154 2 -10361 -10370
0 48 155 2 10372 -10357
0 48 156 2 -31090 -31117
0 48 157 2 10351 31039
0 48 158 2 10397 -10354
0 48 159 2 32799 2
0 48 160 2 31090 31122
0 48 161 2 -10357 -31078
0 48 162 2 10347 -10351
0 48 163 2 31119 -10354
0 48 164 2 31085 10381
0 48 165 2 -31069 10345
0 48 166 2 -10335 -31106
0 48 167 2 -10367 10358
0 48 168 2 31097 10386
0 48 169 2 -31076 -10346
0 48 170 2 -31100 -10350
0 48 171 2 31033 -10372
0 48 172 2 -31114 -10368
0 48 173 2 31092 31082
0 48 174 2 -10372 31057
0 48 175 2 10348 -31114
0 48 176 2 -31092 -31122
0 48 177 2 10377 -31092
0 48 178 2 31104 -31030
0 48 179 2 31068 -10367
0 48 180 2 -10361 -31097
0 48 181 2 -10369 10343
0 48 182 2 -10375 10357
0 48 183 2 -31119 31071
0 48 184 2 -31113 31069
0 48 185 2 31097 31095
0 48 186 2 31090 10374
0 48 187 2 -31070 -10387
0 48 188 2 -10349 -10332
0 48 189 2 31077 -10390
0 48 190 2 10339 10385
0 48 191 2 32756 17
0 48 192 2 -10393 31110
0 48 193 2 -31075 -31089
0 48 194 2 -31082 10359
0 48 195 2 -10403 -10389
0 48 196 2 -31064 31091
0 48 197 2 31083 31095
0 48 198 2 -31110 31053
0 48 199 2 31073 -31066
0 48 200 2 -31125 10372
0 48 201 2 10346 31077
0 48 202 2 31091 10390
0 48 203 2 31092 -10377
0 48 204 2 10360 -31065
0 48 205 2 -31079 -10377
0 48 206 2 -10394 31094
0 48 207 2 -10397 31076
0 48 208 2 31081 31072
0 48 209 2 31074 10375
0 48 210 2 -10394 31083
0 48 211 2 -10348 -10359
0 48 212 2 31069 -10329
0 48 213 2 -31081 10335
0 48 214 2 -10373 -10352
0 48 215 2 31073 10391
0 48 216 2 10351 -31065
0 48 217 2 -31095 10328
0 48 218 2 10377 10332
0 48 219 2 10388 -31050
0 48 220 2 -10354 -10396
0 48 221 2 31087 -10362
0 48 222 2 10349 -31113
0 48 223 2 32748 63
0 48 224 2 31091 10390
0 48 225 2 -31079 10348
0 48 226 2 31128 -31039
0 48 227 2 -10336 -10368
0 48 228 2 31082 -31060
0 48 229 2 -10392 10351
0 48 230 2 31082 -31082
0 48 231 2 10345 -10339
0 48 232 2 -10356 31070
0 48 233 2 -31112 31052
0 48 234 2 -31073 -10345
0 48 235 2 31079 -10326
0 48 236 2 10393 10345
0 48 237 2 -10361 -10351
0 48 238 2 -10354 31086
0 48 239 2 10354 -10380
0 48 240 2 -10380 -10400
0 48 241 2 10373 -10341
0 48 242 2 31075 -10363
0 48 243 2 31070 -31087
0 48 244 2 10362 -10331
0 48 245 2 31094 -10356
0 48 246 2 -10363 -31084
0 48 247 2 -10349 -10350
0 48 248 2 -10346 10367
0 48 249 2 -31119 -10395
0 48 250 2 -31121 31071
0 48 251 2 10338 31105
0 48 252 2 31078 -10341
0 48 253 2 -31098 10332
0 48 254 2 -10361 10375
0 48 255 2 32772 15
0 49 0 2 -474 91
0 49 1 2 32771 20
0 49 2 2 -31055 -10366
0 49 3 2 -31078 10347
0 49 4 2 31070 10372
0 49 5 2 10378 -10372
0 49 6 2 31066 31086
0 49 7 2 -31086 31079
0 49 8 2 -31100 31080
0 49 9 2 31107 10362
0 49 10 2 -31093 -10360
0 49 11 2 -31130 -10348
0 49 12 2 -10376 10380
0 49 13 2 31063 -10349
0 49 14 2 31072 -31076
0 49 15 2 31087 -31068
0 49 16 2 -10372 31111
0 49 17 2 10365 10338
0 49 18 2 -10364 31085
0 49 19 2 -10346 -10334
0 49 20 2 -10336 -10347
0 49 21 2 -10340 -31069
0 49 22 2 31130 -10348
0 49 23 2 -10391 -10362
0 49 24 2 -31104 31051
0 49 25 2 -10381 10380
0 49 26 2 10333 -10346
0 49 27 2 10368 10353
0 49 28 2 -10361 -10335
0 49 29 2 31093 10364
0 49 30 2 -10340 31067
0 49 31 2 -10389 10362
0 49 32 2 -10328 31091
0 49 33 2 32782 -28
0 49 34 2 31069 -10359
0 49 35 2 31093 31094
0 49 36 2 -10377 -31099
0 49 37 2 -31070 -10394
0 49 38 2 -31119 31101
0 49 39 2 -10348 10369
0 49 40 2 -31071 -31093
0 49 41 2 10370 10366
0 49 42 2 -31063 10333
0 49 43 2 31061 31112
0 49 44 2 10385 -31077
0 49 45 2 -10337 -10390
0 49 46 2 -10368 31071
0 49 47 2 31057 31098
0 49 48 2 10330 10397
0 49 49 2 10358 -10351
0 49 50 2 10366 10389
0 49 51 2 -31085 10404
0 49 52 2 31060 -10358
0 49 53 2 -31016 -31087
0 49 54 2 31059 31100
0 49 55 2 31043 -10374
0 49 56 2 -31062 10344
0 49 57 2 10332 -10347
0 49 58 2 10360 31065
0 49 59 2 -31083 31055
0 49 60 2 -31072 -31076
0 49 61 2 31084 31084
0 49 62 2 -10334 -31099
0 49 63 2 10366 10370
0 49 64 2 31071 -10356
0 49 65 2 32775 -9
0 49 66 2 10367 10326
0 49 67 2 -31104 -10364
0 49 68 2 -10376 31088
0 49 69 2 31101 -10381
0 49 70 2 -31067 31076
0 49 71 2 -10370 -31081
0 49 72 2 31097 10385
0 49 73 2 -31047 -10358
0 49 74 2 10334 31075
0 49 75 2 31092 -10349
0 49 76 2 -31052 -31079
0 49 77 2 10367 31085
0 49 78 2 -31085 31055
0 49 79 2 31089 10347
0 49 80 2 31052 31115
0 49 81 2 10312 31108
0 49 82 2 10365 31071
0 49 83 2 10361 -31099
0 49 84 2 -31102 10377
0 49 85 2 31087 -10367
0 49 86 2 -10360 31093
0 49 87 2 -31088 -10360
0 49 88 2 -31095 -31084
0 49 89 2 31068 10364
0 49 90 2 -31095 31135
0 49 91 2 10382 31060
0 49 92 2 -10350 10329
0 49 93 2 -10322 31066
0 49 94 2 10375 10355
0 49 95 2 10349 31093
0 49 96 2 31087 -31074
0 49 97 2 32756 -10
0 49 98 2 31081 10414
0 49 99 2 10336 10393
0 49 100 2 -31099 -10383
0 49 101 2 -10345 -10347
0 49 102 2 -31111 31078
0 49 103 2 10371 10359
0 49 104 2 10363 -10331
0 49 105 2 10338 31082
0 49 106 2 31087 31093
0 49 107 2 -10383 31074
0 49 108 2 31085 10384
0 49 109 2 -10391 10355
0 49 110 2 -31118 -10393
0 49 111 2 -10366 -10341
0 49 112 2 -10378 -31101
0 49 113 2 11 13
0 49 114 2 2 -29
0 49 115 2 65 18
0 49 116 2 52 0
0 49 117 2 -3 -10
0 49 118 2 10 14
0 49 119 2 -6 2
0 49 120 2 7 15
0 49 121 2 14 10
0 49 122 2 1 2
0 49 123 2 12 -15
0 49 124 2 55 -14
0 49 125 2 46 -31
0 49 126 2 -11 0
0 49 127 2 6 0
0 49 128 2 -12 14
0 49 129 2 18 -10
0 49 130 2 -21 -12
0 49 131 2 -10 -5
0 49 132 2 21 -8
0 49 133 2 11 -51
0 49 134 2 23 -6
0 49 135 2 -15 9
0 49 136 2 -11 -24
0 49 137 2 3 -2
0 49 138 2 -15 10
0 49 139 2 5 -30
0 49 140 2 11 6
0 49 141 2 0 -7
0 49 142 2 -3 -15
0 49 143 2 -1 10
0 49 144 2 -31062 -31115
0 49 145 2 10362 -10371
0 49 146 2 10330 31086
0 49 147 2 31098 31096
0 49 148 2 31050 31099
0 49 149 2 -31074 31071
0 49 150 2 -31089 -10358
0 49 151 2 -31079 10334
0 49 152 2 -10360 -10336
0 49 153 2 31088 -10303
0 49 154 2 31132 -10348
0 49 155 2 -10363 10369
0 49 156 2 -31104 10384
0 49 157 2 -10377 -31089
0 49 158 2 31080 -31097
0 49 159 2 32780 -8
0 49 160 2 31106 -31069
0 49 161 2 10335 10396
0 49 162 2 31078 -31059
0 49 163 2 -10417 31066
0 49 164 2 -10393 31097
0 49 165 2 -31061 -31078
0 49 166 2 -31089 31078
0 49 167 2 31089 -31048
0 49 168 2 10370 10370
0 49 169 2 10367 -10391
0 49 170 2 31113 -10371
0 49 171 2 10383 -31058
0 49 172 2 -10380 -10331
0 49 173 2 -10390 31082
0 49 174 2 -31067 -10354
0 49 175 2 10362 -31090
0 49 176 2 31080 10370
0 49 177 2 -10380 31063
0 49 178 2 -31080 10335
0 49 179 2 10351 10382
0 49 180 2 -10367 -31080
0 49 181 2 10396 -10368
0 49 182 2 -31108 -31078
0 49 183 2 31107 -10366
0 49 184 2 -10360 31067
0 49 185 2 10357 -10374
0 49 186 2 31041 31085
0 49 187 2 31054 31076
0 49 188 2 -10365 10360
0 49 189 2 -31100 -10391
0 49 190 2 31098 -10368
0 49 191 2 32769 20
0 49 192 2 31127 -31086
0 49 193 2 31097 -10345
0 49 194 2 -10362 31108
0 49 195 2 10355 -31081
0 49 196 2 31070 10378
0 49 197 2 -31056 -10372
0 49 198 2 -31106 31115
0 49 199 2 10381 -31073
0 49 200 2 31062 10377
0 49 201 2 10369 -31114
0 49 202 2 -10363 10385
0 49 203 2 -31115 31063
0 49 204 2 -31120 10366
0 49 205 2 10355 31072
0 49 206 2 -31112 -10389
0 49 207 2 10351 -10361
0 49 208 2 -10353 -10375
0 49 209 2 -10394 10380
0 49 210 2 10351 -31092
0 49 211 2 10359 10383
0 49 212 2 -10348 -31093
0 49 213 2 10354 -31079
0 49 214 2 10373 -10359
0 49 215 2 -31085 31047
0 49 216 2 10400 -31055
0 49 217 2 31108 -31088
0 49 218 2 -31118 10366
0 49 219 2 10383 -10372
0 49 220 2 10409 -31044
0 49 221 2 31071 10372
0 49 222 2 -10328 -10408
0 49 223 2 32748 19
0 49 224 2 31078 -10363
0 49 225 2 10392 -31060
0 49 226 2 10402 -31049
0 49 227 2 -10371 -10366
0 49 228 2 31058 -10334
0 49 229 2 10328 -31065
0 49 230 2 31134 -31078
0 49 231 2 -10350 31082
0 49 232 2 -31078 -31101
0 49 233 2 10363 31100
0 49 234 2 -10380 31067
0 49 235 2 -31062 10360
0 49 236 2 10375 -10345
0 49 237 2 31052 31099
0 49 238 2 -10335 -31096
0 49 239 2 31104 10356
0 49 240 2 10375 10381
0 49 241 2 -10353 -31076
0 49 242 2 -31083 -31068
0 49 243 2 10377 10352
0 49 244 2 -10373 10357
0 49 245 2 10348 -10373
0 49 246 2 -31108 -10362
0 49 247 2 31091 31086
0 49 248 2 -31096 -10354
0 49 249 2 31083 -10367
0 49 250 2 -10349 -10350
0 49 251 2 -31093 31046
0 49 252 2 10309 31108
0 49 253 2 -31047 -31096
0 49 254 2 -10358 -10385
0 49 255 2 32745 40
0 50 0 2 -442 46
0 50 1 2 32769 -4
0 50 2 2 -10365 31111
0 50 3 2 31092 -10358
0 50 4 2 -31103 10348
0 50 5 2 -10370 -31073
0 50 6 2 -10356 -10326
0 50 7 2 31061 31112
0 50 8 2 10366 -31063
0 50 9 2 -31064 -10359
0 50 10 2 -31088 31081
0 50 11 2 -10350 10353
0 50 12 2 -10344 -10351
0 50 13 2 -10357 10349
0 50 14 2 -31054 -10343
0 50 15 2 31054 31082
0 50 16 2 -31090 31070
0 50 17 2 -31098 31100
0 50 18 2 -10359 -10368
0 50 19 2 -10385 31115
0 50 20 2 -31053 -10351
0 50 21 2 -31093 31117
0 50 22 2 31075 -31057
0 50 23 2 31107 10385
0 50 24 2 31103 -31076
0 50 25 2 -31107 10325
0 50 26 2 10397 -31061
0 50 27 2 -10364 10374
0 50 28 2 10356 -31057
0 50 29 2 10397 31067
0 50 30 2 10359 10368
0 50 31 2 -31089 -10375
0 50 32 2 -31079 -31077
0 50 33 2 32767 24
0 50 34 2 31103 -31070
0 50 35 2 -10351 10376
0 50 36 2 10343 -31076
0 50 37 2 -31070 -10391
0 50 38 2 10342 -31081
0 50 39 2 -10344 -31091
0 50 40 2 -10348 -10350
0 50 41 2 31058 10358
0 50 42 2 31121 -31083
0 50 43 2 -10358 -10359
0 50 44 2 31071 31096
0 50 45 2 -31080 -10374
0 50 46 2 10364 31054
0 50 47 2 31051 31116
0 50 48 2 -10412 10345
0 50 49 2 31097 -10367
0 50 50 2 -31103 10348
0 50 51 2 -10346 -10347
0 50 52 2 31032 -31108
0 50 53 2 -31088 31076
0 50 54 2 -10360 -10379
0 50 55 2 10346 -10356
0 50 56 2 10378 -10391
0 50 57 2 -31056 -31116
0 50 58 2 -10341 -31098
0 50 59 2 31073 31121
0 50 60 2 31065 31119
0 50 61 2 31062 -31074
0 50 62 2 -10384 31078
0 50 63 2 -31091 10343
0 50 64 2 -10357 -31073
0 50 65 2 32792 1
0 50 66 2 31093 -10328
0 50 67 2 -10382 31073
0 50 68 2 -31081 10332
0 50 69 2 10368 10368
0 50 70 2 10355 31094
0 50 71 2 -10385 -31100
0 50 72 2 -31121 31050
0 50 73 2 31055 10344
0 50 74 2 31109 -10353
0 50 75 2 -31128 10321
0 50 76 2 10355 -31095
0 50 77 2 31095 -31116
0 50 78 2 31080 10336
0 50 79 2 -31119 31090
0 50 80 2 31115 -10351
0 50 81 2 31053 31117
0 50 82 2 31109 -10378
0 50 83 2 -10363 31092
0 50 84 2 31051 10394
0 50 85 2 -31097 -31094
0 50 86 2 31071 -10345
0 50 87 2 -31114 10328
0 50 88 2 -31111 31051
0 50 89 2 -10350 -10364
0 50 90 2 31085 -10356
0 50 91 2 10329 10390
0 50 92 2 -10353 -10386
0 50 93 2 10402 -10339
0 50 94 2 -31070 -31121
0 50 95 2 31073 -10361
0 50 96 2 -31092 31076
0 50 97 2 32758 16
0 50 98 2 -31076 10353
0 50 99 2 -31087 31080
0 50 100 2 -31098 10355
0 50 101 2 -31101 -10381
0 50 102 2 10367 -10350
0 50 103 2 31100 -31112
0 50 104 2 -31090 -10365
0 50 105 2 31089 31121
0 50 106 2 -10356 -10380
0 50 107 2 -31095 31088
0 50 108 2 -31083 -31107
0 50 109 2 10359 -31105
0 50 110 2 -31069 10327
0 50 111 2 -10378 -10368
0 50 112 2 -31095 10341
0 50 113 2 -20 -44
0 50 114 2 11 -1
0 50 115 2 -16 -24
0 50 116 2 -16 -27
0 50 117 2 -9 -24
0 50 118 2 -14 20
0 50 119 2 -20 12
0 50 120 2 -12 -59
0 50 121 2 -15 16
0 50 122 2 6 1
0 50 123 2 -21 -6
0 50 124 2 5 20
0 50 125 2 -12 22
0 50 126 2 -5 18
0 50 127 2 -4 43
0 50 128 2 1 -23
0 50 129 2 4 -17
0 50 130 2 -1 14
0 50 131 2 12 -3
0 50 132 2 -8 10
0 50 133 2 22 7
0 50 134 2 -40 -34
0 50 135 2 12 -18
0 50 136 2 44 0
0 50 137 2 -27 0
0 50 138 2 0 -1
0 50 139 2 7 -6
0 50 140 2 -6 26
0 50 141 2 -12 -36
0 50 142 2 8 15
0 50 143 2 10 18
0 50 144 2 -31075 -31072
0 50 145 2 -10357 -10362
0 50 146 2 10340 -10355
0 50 147 2 31147 -10361
0 50 148 2 -31076 -31092
0 50 149 2 -10370 31108
0 50 150 2 31097 -10343
0 50 151 2 10383 10367
0 50 152 2 31053 -10357
0 50 153 2 -10381 10391
0 50 154 2 10366 10379
0 50 155 2 -31071 -31104
0 50 156 2 10336 31082
0 50 157 2 10359 -10342
0 50 158 2 31096 31102
0 50 159 2 32752 7
0 50 160 2 31111 31059
0 50 161 2 31093 10371
0 50 162 2 10363 31117
0 50 163 2 10371 10375
0 50 164 2 -10356 10339
0 50 165 2 -31091 -31125
0 50 166 2 -10365 10345
0 50 167 2 31098 31107
0 50 168 2 31092 -10370
0 50 169 2 -10380 10374
0 50 170 2 -31086 -31108
0 50 171 2 10362 -10346
0 50 172 2 -31060 10350
0 50 173 2 10374 -31082
0 50 174 2 -10351 -10330
0 50 175 2 31106 -10357
0 50 176 2 -10379 10367
0 50 177 2 -10300 -31068
0 50 178 2 31134 -31065
0 50 179 2 -31119 31094
0 50 180 2 -31106 10347
0 50 181 2 10344 -10357
0 50 182 2 -31084 -31091
0 50 183 2 -10350 -31059
0 50 184 2 10338 31101
0 50 185 2 -10364 -10362
0 50 186 2 -31098 31054
0 50 187 2 31091 -10340
0 50 188 2 -10380 -10344
0 50 189 2 10377 -31054
0 50 190 2 31112 -31075
0 50 191 2 32772 -2
0 50 192 2 -10359 -10373
0 50 193 2 31085 31110
0 50 194 2 10315 31068
0 50 195 2 -31098 31048
0 50 196 2 -31140 10316
0 50 197 2 -31107 -10371
0 50 198 2 31058 -10396
0 50 199 2 -31070 10329
0 50 200 2 10366 -10381
0 50 201 2 31088 10366
0 50 202 2 10357 -31075
0 50 203 2 31089 31131
0 50 204 2 31065 10365
0 50 205 2 -10348 31106
0 50 206 2 -10353 -31109
0 50 207 2 31065 31106
0 50 208 2 -31089 -10343
0 50 209 2 -31065 -10374
0 50 210 2 -10367 -31078
0 50 211 2 10391 10368
0 50 212 2 -31100 31068
0 50 213 2 10353 -10360
0 50 214 2 -31103 -31099
0 50 215 2 -31075 -10381
0 50 216 2 -10361 -31075
0 50 217 2 31091 10407
0 50 218 2 10385 -10342
0 50 219 2 -10371 -31092
0 50 220 2 -10380 10351
0 50 221 2 -31088 -10367
0 50 222 2 -10360 10341
0 50 223 2 32757 21
0 50 224 2 -10383 31069
0 50 225 2 -10357 -31078
0 50 226 2 10366 10315
0 50 227 2 10379 -31114
0 50 228 2 -10355 10363
0 50 229 2 -10341 -31089
0 50 230 2 10359 -31081
0 50 231 2 -10367 -31096
0 50 232 2 10355 -10352
0 50 233 2 -10366 -31066
0 50 234 2 10373 31071
0 50 235 2 10338 -31093
0 50 236 2 -10331 -31108
0 50 237 2 10408 -31080
0 50 238 2 -10351 -10364
0 50 239 2 10362 -10362
0 50 240 2 31058 -10327
0 50 241 2 10411 -31075
0 50 242 2 31085 31096
0 50 243 2 10370 -10329
0 50 244 2 -31089 31089
0 50 245 2 -31059 31065
0 50 246 2 10357 -31099
0 50 247 2 31089 31096
0 50 248 2 10354 31072
0 50 249 2 -10360 -10376
0 50 250 2 31102 -10355
0 50 251 2 31103 -10356
0 50 252 2 10389 -10370
0 50 253 2 31081 -10360
0 50 254 2 -31077 -31075
0 50 255 2 32778 0
0 51 0 2 -455 85
0 51 1 2 32742 26
0 51 2 2 31069 -10360
0 51 3 2 -10388 31107
0 51 4 2 -31095 -31069
0 51 5 2 -10398 31078
0 51 6 2 31109 -31050
0 51 7 2 10322 -31091
0 51 8 2 -31081 -10339
0 51 9 2 31099 31096
0 51 10 2 -31104 31106
0 51 11 2 -10355 31056
0 51 12 2 -31077 -31101
0 51 13 2 -31055 -31107
0 51 14 2 -31077 31096
0 51 15 2 10352 10402
0 51 16 2 -10410 10385
0 51 17 2 10380 10346
0 51 18 2 -10326 -31075
0 51 19 2 -31106 31059
0 51 20 2 31062 31096
0 51 21 2 -10343 -31103
0 51 22 2 31100 -31050
0 51 23 2 10359 -31075
0 51 24 2 10381 -31034
0 51 25 2 10337 10358
0 51 26 2 10372 -31059
0 51 27 2 -31061 -31115
0 51 28 2 10360 -10356
0 51 29 2 31064 31071
0 51 30 2 10371 10343
0 51 31 2 -10369 -31084
0 51 32 2 -10338 -31089
0 51 33 2 32777 12
0 51 34 2 -10369 10319
0 51 35 2 31094 -10335
0 51 36 2 10348 31055
0 51 37 2 -10370 -31087
0 51 38 2 31067 31102
0 51 39 2 10369 -10336
0 51 40 2 10363 31079
0 51 41 2 -10387 -31074
0 51 42 2 10358 10391
0 51 43 2 -31059 -31112
0 51 44 2 10348 -31120
0 51 45 2 31064 10414
0 51 46 2 -31067 -31120
0 51 47 2 -31080 10376
0 51 48 2 -31099 10354
0 51 49 2 31105 10368
0 51 50 2 31098 -31094
0 51 51 2 -10368 -10379
0 51 52 2 31079 31127
0 51 53 2 10386 -31083
0 51 54 2 31124 -31075
0 51 55 2 31132 -10351
0 51 56 2 31076 -31065
0 51 57 2 31075 31110
0 51 58 2 -31045 -31113
0 51 59 2 31100 -31072
0 51 60 2 31084 -10344
0 51 61 2 31059 -31075
0 51 62 2 31075 10356
0 51 63 2 -31084 -31103
0 51 64 2 31110 31121
0 51 65 2 32721 11
0 51 66 2 -31085 -10379
0 51 67 2 -31096 31089
0 51 68 2 -10351 -10379
0 51 69 2 10342 -10346
0 51 70 2 10350 -10346
0 51 71 2 -10361 -31105
0 51 72 2 10392 -10343
0 51 73 2 -31094 31084
0 51 74 2 -10345 -31107
0 51 75 2 -10341 -10378
0 51 76 2 31090 10376
0 51 77 2 31067 -10345
0 51 78 2 10398 -31078
0 51 79 2 -10347 31076
0 51 80 2 31107 -31075
0 51 81 2 -31121 -10375
0 51 82 2 31107 -10288
0 51 83 2 10410 -10381
0 51 84 2 31090 10359
0 51 85 2 -31067 31070
0 51 86 2 -31100 -10360
0 51 87 2 10396 -31089
0 51 88 2 -31086 10322
0 51 89 2 10347 -10358
0 51 90 2 31113 -31081
0 51 91 2 10347 31099
0 51 92 2 10377 -31074
0 51 93 2 -31113 31074
0 51 94 2 -31075 10344
0 51 95 2 31082 31126
0 51 96 2 -10346 -31077
0 51 97 2 32763 17
0 51 98 2 10355 10340
0 51 99 2 -31077 -31089
0 51 100 2 -10369 -31109
0 51 101 2 31099 31088
0 51 102 2 -10380 10350
0 51 103 2 10344 31106
0 51 104 2 10359 31108
0 51 105 2 -10373 10355
0 51 106 2 -10381 31094
0 51 107 2 -10379 31055
0 51 108 2 31068 31093
0 51 109 2 10362 -31092
0 51 110 2 10367 10395
0 51 111 2 -31072 10354
0 51 112 2 -31110 31049
0 51 113 2 -16 -4
0 51 114 2 -19 -2
0 51 115 2 -11 31
0 51 116 2 -3 -8
0 51 117 2 -35 -39
0 51 118 2 33 19
0 51 119 2 7 16
0 51 120 2 11 -5
0 51 121 2 -16 4
0 51 122 2 11 9
0 51 123 2 4 0
0 51 124 2 -16 -25
0 51 125 2 -3 -7
0 51 126 2 14 -6
0 51 127 2 21 42
0 51 128 2 16 -15
0 51 129 2 7 -10
0 51 130 2 35 -14
0 51 131 2 17 7
0 51 132 2 -26 3
0 51 133 2 24 16
0 51 134 2 -3 34
0 51 135 2 10 17
0 51 136 2 3 -6
0 51 137 2 13 2
0 51 138 2 -12 -12
0 51 139 2 -34 -7
0 51 140 2 30 -8
0 51 141 2 -15 -23
0 51 142 2 -45 27
0 51 143 2 17 -5
0 51 144 2 31064 -10382
0 51 145 2 10339 -10356
0 51 146 2 31094 10394
0 51 147 2 31095 -31063
0 51 148 2 -31140 31118
0 51 149 2 31107 -31041
0 51 150 2 31115 -10371
0 51 151 2 -31103 10322
0 51 152 2 -31091 -31076
0 51 153 2 31071 10390
0 51 154 2 -31087 -10358
0 51 155 2 10347 -10359
0 51 156 2 -31050 -31093
0 51 157 2 -10352 -31100
0 51 158 2 -10336 -10382
0 51 159 2 32774 38
0 51 160 2 31074 -10334
0 51 161 2 -10371 -10357
0 51 162 2 10363 10340
0 51 163 2 -10364 -31093
0 51 164 2 -31085 -10348
0 51 165 2 31080 -31111
0 51 166 2 10379 10362
0 51 167 2 -31046 -10383
0 51 168 2 10354 -10351
0 51 169 2 -10394 -10315
0 51 170 2 10385 10353
0 51 171 2 10397 -10372
0 51 172 2 10357 -10347
0 51 173 2 10329 -10345
0 51 174 2 10348 -31081
0 51 175 2 -10341 -31090
0 51 176 2 31087 -31085
0 51 177 2 10371 -31076
0 51 178 2 -31081 -31090
0 51 179 2 -10350 -10379
0 51 180 2 10361 31122
0 51 181 2 -10343 -31086
0 51 182 2 31098 -31077
0 51 183 2 31072 -31062
0 51 184 2 -10406 10350
0 51 185 2 -31095 31091
0 51 186 2 31065 31084
0 51 187 2 10390 -10373
0 51 188 2 31101 31103
0 51 189 2 -10357 31073
0 51 190 2 -31058 -10387
0 51 191 2 32769 22
0 51 192 2 31047 10317
0 51 193 2 10371 -10356
0 51 194 2 31083 10367
0 51 195 2 31058 10360
0 51 196 2 -31118 31083
0 51 197 2 -10367 -31058
0 51 198 2 10365 -31092
0 51 199 2 31097 -31080
0 51 200 2 -31072 -10384
0 51 201 2 -31068 10333
0 51 202 2 31061 -10346
0 51 203 2 10370 10384
0 51 204 2 -31059 -31103
0 51 205 2 -10331 10346
0 51 206 2 -10354 -31093
0 51 207 2 -31112 10327
0 51 208 2 31081 -10367
0 51 209 2 -31101 10350
0 51 210 2 -10391 31038
0 51 211 2 10370 31078
0 51 212 2 31094 10347
0 51 213 2 -10393 31072
0 51 214 2 -10368 -10360
0 51 215 2 -31096 -31109
0 51 216 2 -31052 -31100
0 51 217 2 -10344 -10391
0 51 218 2 31093 10403
0 51 219 2 -10358 -31087
0 51 220 2 10360 -31069
0 51 221 2 31078 31105
0 51 222 2 -10348 -31047
0 51 223 2 32752 23
0 51 224 2 -10357 -31094
0 51 225 2 -31125 31053
0 51 226 2 10365 -31061
0 51 227 2 31064 10362
0 51 228 2 10341 31059
0 51 229 2 -10386 10337
0 51 230 2 -31089 31057
0 51 231 2 -10364 -31069
0 51 232 2 -31070 -31074
0 51 233 2 10359 10379
0 51 234 2 -31077 -10345
0 51 235 2 -10360 -10378
0 51 236 2 31048 -31092
0 51 237 2 10378 -10354
0 51 238 2 -31072 -31090
0 51 239 2 -31088 -31085
0 51 240 2 -31073 31033
0 51 241 2 31093 31134
0 51 242 2 -31111 31096
0 51 243 2 -10365 -10353
0 51 244 2 10388 -31074
0 51 245 2 -10367 10366
0 51 246 2 31086 31084
0 51 247 2 10355 -10355
0 51 248 2 -31072 -10334
0 51 249 2 -31064 -10377
0 51 250 2 -10355 -10397
0 51 251 2 10365 -31076
0 51 252 2 10361 10373
0 51 253 2 -31120 31092
0 51 254 2 31076 -31045
0 51 255 2 32786 15
0 52 0 2 -465 121
0 52 1 2 32736 31
0 52 2 2 31089 10389
0 52 3 2 -10349 -10367
0 52 4 2 31073 -10355
0 52 5 2 -31073 10352
0 52 6 2 31087 31131
0 52 7 2 -10350 10371
0 52 8 2 -10381 -10379
0 52 9 2 10355 -31104
0 52 10 2 -10328 -31074
0 52 11 2 -10347 10329
0 52 12 2 -31087 -31109
0 52 13 2 31058 10389
0 52 14 2 -10362 31080
0 52 15 2 -10359 -10352
0 52 16 2 -31093 10355
0 52 17 2 -10362 31061
0 52 18 2 -10383 10411
0 52 19 2 -31086 31046
0 52 20 2 -31115 10335
0 52 21 2 -10353 10365
0 52 22 2 -10336 10324
0 52 23 2 -10373 -10368
0 52 24 2 31071 31134
0 52 25 2 31101 -10321
0 52 26 2 31095 10337
0 52 27 2 10369 31121
0 52 28 2 -10386 31080
0 52 29 2 10401 -10349
0 52 30 2 31049 31097
0 52 31 2 31076 -10366
0 52 32 2 -31102 31073
0 52 33 2 32774 17
0 52 34 2 31111 10370
0 52 35 2 31110 -10366
0 52 36 2 10406 -31092
0 52 37 2 -10377 10370
0 52 38 2 -10384 -31080
0 52 39 2 -31096 -10388
0 52 40 2 -31062 -31111
0 52 41 2 10364 -10337
0 52 42 2 -10352 -31055
0 52 43 2 31072 -10353
0 52 44 2 -10381 10377
0 52 45 2 -10364 31081
0 52 46 2 10381 -31080
0 52 47 2 10355 10358
0 52 48 2 31076 -10358
0 52 49 2 31097 -31084
0 52 50 2 31125 -31042
0 52 51 2 -31058 -31091
0 52 52 2 -31117 -10366
0 52 53 2 31090 -10356
0 52 54 2 10385 -31070
0 52 55 2 -31070 -31084
0 52 56 2 10345 31106
0 52 57 2 -10385 -31110
0 52 58 2 -31094 -10369
0 52 59 2 31085 10393
0 52 60 2 10363 -31058
0 52 61 2 -10333 10362
0 52 62 2 10360 -31066
0 52 63 2 31091 10357
0 52 64 2 10438 -31078
0 52 65 2 32774 9
0 52 66 2 10379 10341
0 52 67 2 -31068 10355
0 52 68 2 10377 31073
0 52 69 2 10392 -10376
0 52 70 2 -31082 -10349
0 52 71 2 -10365 10377
0 52 72 2 -10348 -31082
0 52 73 2 -10365 10353
0 52 74 2 -31093 -10376
0 52 75 2 10359 31103
0 52 76 2 31065 10332
0 52 77 2 31042 -31085
0 52 78 2 -10358 -10354
0 52 79 2 -31101 10356
0 52 80 2 31080 -31081
0 52 81 2 31125 -31056
0 52 82 2 -31072 10353
0 52 83 2 -10405 31071
0 52 84 2 -31016 -10352
0 52 85 2 -10330 10350
0 52 86 2 -10359 -31075
0 52 87 2 10378 31091
0 52 88 2 -31060 -10331
0 52 89 2 31054 31135
0 52 90 2 -10366 -10382
0 52 91 2 31102 -10321
0 52 92 2 31050 31099
0 52 93 2 31061 -10360
0 52 94 2 -10359 10366
0 52 95 2 -10388 -31089
0 52 96 2 -10355 31067
0 52 97 2 32743 27
0 52 98 2 -10330 -31093
0 52 99 2 31073 10355
0 52 100 2 31067 -10392
0 52 101 2 -31093 -10375
0 52 102 2 31062 31114
0 52 103 2 31096 -31051
0 52 104 2 -31102 -31091
0 52 105 2 31052 -10350
0 52 106 2 -31076 -31133
0 52 107 2 -31044 -10345
0 52 108 2 10321 31096
0 52 109 2 -31090 -10373
0 52 110 2 -10343 -31083
0 52 111 2 -10353 -10345
0 52 112 2 10363 31074
0 52 113 2 0 1
0 52 114 2 -9 23
0 52 115 2 14 10
0 52 116 2 -5 1
0 52 117 2 -16 6
0 52 118 2 -25 -6
0 52 119 2 -10 2
0 52 120 2 -25 -21
0 52 121 2 -24 -17
0 52 122 2 -18 3
0 52 123 2 -18 -4
0 52 124 2 -3 -21
0 52 125 2 -12 -17
0 52 126 2 14 7
0 52 127 2 -6 1
0 52 128 2 15 7
0 52 129 2 13 -19
0 52 130 2 9 19
0 52 131 2 10 -39
0 52 132 2 -5 28
0 52 133 2 1 0
0 52 134 2 -9 37
0 52 135 2 -15 -13
0 52 136 2 20 13
0 52 137 2 -18 51
0 52 138 2 31 7
0 52 139 2 0 -18
0 52 140 2 -33 29
0 52 141 2 -4 -1
0 52 142 2 -26 -19
0 52 143 2 8 31
0 52 144 2 -31064 -31124
0 52 145 2 -10383 -31080
0 52 146 2 10342 -10343
0 52 147 2 -31102 10349
0 52 148 2 10347 -31058
0 52 149 2 -31095 10364
0 52 150 2 -31083 10341
0 52 151 2 -31088 10339
0 52 152 2 -31085 -31075
0 52 153 2 -31109 -10374
0 52 154 2 -31089 31050
0 52 155 2 -10352 -10351
0 52 156 2 10371 -10337
0 52 157 2 -10379 -10391
0 52 158 2 31077 10379
0 52 159 2 32773 44
0 52 160 2 10346 31100
0 52 161 2 -31082 31063
0 52 162 2 -31085 10371
0 52 163 2 10390 31099
0 52 164 2 -31096 31066
0 52 165 2 -10386 10357
0 52 166 2 31106 -10348
0 52 167 2 31090 10359
0 52 168 2 10339 -10372
0 52 169 2 10366 -10347
0 52 170 2 -10367 10343
0 52 171 2 -10350 -10385
0 52 172 2 31081 -31067
0 52 173 2 10361 31066
0 52 174 2 31098 10385
0 52 175 2 -10358 -31074
0 52 176 2 10346 31064
0 52 177 2 -10353 31065
0 52 178 2 10365 -10356
0 52 179 2 10371 31097
0 52 180 2 10374 10345
0 52 181 2 31047 31128
0 52 182 2 31103 -10362
0 52 183 2 -10365 -31053
0 52 184 2 10354 31054
0 52 185 2 31107 -31062
0 52 186 2 -31097 -10363
0 52 187 2 -31079 -10383
0 52 188 2 -10371 31105
0 52 189 2 -10372 -10378
0 52 190 2 10386 10331
0 52 191 2 32756 5
0 52 192 2 31100 -31066
0 52 193 2 -10378 10338
0 52 194 2 -10361 -31076
0 52 195 2 10379 -10408
0 52 196 2 -31070 -31094
0 52 197 2 -10376 10335
0 52 198 2 -31105 31092
0 52 199 2 10371 10403
0 52 200 2 31081 -31093
0 52 201 2 31121 -31068
0 52 202 2 -31094 -31072
0 52 203 2 -10384 -10336
0 52 204 2 -10371 -31065
0 52 205 2 -10360 -10357
0 52 206 2 31072 -31101
0 52 207 2 10397 -31086
0 52 208 2 31073 -10360
0 52 209 2 -31084 -10381
0 52 210 2 31068 31095
0 52 211 2 10353 -10365
0 52 212 2 -10359 -10373
0 52 213 2 31066 -10339
0 52 214 2 -31103 -31103
0 52 215 2 -10356 -31071
0 52 216 2 -31091 10366
0 52 217 2 -10365 10329
0 52 218 2 -31106 10342
0 52 219 2 31134 -31051
0 52 220 2 10376 -10385
0 52 221 2 -31086 31031
0 52 222 2 10383 10323
0 52 223 2 32761 22
0 52 224 2 10383 -31049
0 52 225 2 -10330 -31072
0 52 226 2 -31104 31072
0 52 227 2 10311 10331
0 52 228 2 -10370 10356
0 52 229 2 10359 -10356
0 52 230 2 10344 -31073
0 52 231 2 -10383 10360
0 52 232 2 10397 -31084
0 52 233 2 10364 -10317
0 52 234 2 31116 -10373
0 52 235 2 -10402 31074
0 52 236 2 -10351 -10345
0 52 237 2 -10383 -31047
0 52 238 2 10345 -31051
0 52 239 2 -10356 -31134
0 52 240 2 -10334 10400
0 52 241 2 -10363 31077
0 52 242 2 31078 -31054
0 52 243 2 10373 -31092
0 52 244 2 -31073 -31064
0 52 245 2 31077 -10357
0 52 246 2 10364 -31105
0 52 247 2 -31094 -10363
0 52 248 2 -31085 10334
0 52 249 2 10363 31124
0 52 250 2 10364 -31059
0 52 251 2 -31101 -31077
0 52 252 2 -31101 31069
0 52 253 2 10380 10360
0 52 254 2 -31098 10361
0 52 255 2 32759 20
0 53 0 2 -482 105
0 53 1 2 32743 39
0 53 2 2 -31075 31087
0 53 3 2 -31074 10325
0 53 4 2 -10400 31076
0 53 5 2 31093 10364
0 53 6 2 -10339 -10328
0 53 7 2 -31116 31041
0 53 8 2 -10350 -10366
0 53 9 2 10319 31092
0 53 10 2 -10342 -31082
0 53 11 2 31081 -31060
0 53 12 2 -10341 -31087
0 53 13 2 -31067 -31076
0 53 14 2 31100 31058
0 53 15 2 31060 10324
0 53 16 2 -10349 -31081
0 53 17 2 31093 -10305
0 53 18 2 31105 -10384
0 53 19 2 10369 -31090
0 53 20 2 -10347 -10378
0 53 21 2 10355 31087
0 53 22 2 10349 31082
0 53 23 2 31073 10378
0 53 24 2 10366 31105
0 53 25 2 10352 10370
0 53 26 2 10346 31105
0 53 27 2 10382 -10330
0 53 28 2 -31105 10346
0 53 29 2 31103 -10348
0 53 30 2 10373 -31104
0 53 31 2 31092 -31052
0 53 32 2 -10366 31113
0 53 33 2 32745 14
0 53 34 2 -10358 -31068
0 53 35 2 10364 10370
0 53 36 2 31077 31094
0 53 37 2 31084 -10345
0 53 38 2 10327 -10349
0 53 39 2 -10329 -31082
0 53 40 2 10343 31098
0 53 41 2 -10358 -31088
0 53 42 2 -10376 31050
0 53 43 2 -10386 10381
0 53 44 2 -31093 -10369
0 53 45 2 -10368 -31111
0 53 46 2 10377 -31079
0 53 47 2 10363 -10370
0 53 48 2 -10382 -10349
0 53 49 2 -10343 -31086
0 53 50 2 -31032 -31094
0 53 51 2 10385 -10355
0 53 52 2 31076 10390
0 53 53 2 31072 10375
0 53 54 2 -31087 -10339
0 53 55 2 31114 -31061
0 53 56 2 -31083 -31103
0 53 57 2 -31038 10325
0 53 58 2 -10345 10336
0 53 59 2 31084 -10346
0 53 60 2 31043 -31076
0 53 61 2 -10344 31069
0 53 62 2 31093 10357
0 53 63 2 -31104 10361
0 53 64 2 -10365 31088
0 53 65 2 32774 9
0 53 66 2 -10350 -31102
0 53 67 2 10343 -31066
0 53 68 2 31078 31113
0 53 69 2 -10377 31081
0 53 70 2 10375 -10381
0 53 71 2 10364 10381
0 53 72 2 -31111 31048
0 53 73 2 -31063 -31090
0 53 74 2 31036 31115
0 53 75 2 10355 10346
0 53 76 2 10371 10329
0 53 77 2 -10365 -10349
0 53 78 2 10396 -31072
0 53 79 2 10382 10365
0 53 80 2 31092 -10381
0 53 81 2 -31071 -10365
0 53 82 2 10344 10373
0 53 83 2 31058 -10373
0 53 84 2 -10351 -31077
0 53 85 2 10354 -31082
0 53 86 2 -31081 31087
0 53 87 2 31127 10338
0 53 88 2 10339 10365
0 53 89 2 -10314 -31086
0 53 90 2 -31057 -10339
0 53 91 2 10305 31083
0 53 92 2 -10355 -10356
0 53 93 2 31069 -10367
0 53 94 2 31066 31089
0 53 95 2 10355 -31080
0 53 96 2 -10364 -10384
0 53 97 2 32794 2
0 53 98 2 31067 31103
0 53 99 2 -31053 -31094
0 53 100 2 -10354 -31042
0 53 101 2 31092 10368
0 53 102 2 10342 31069
0 53 103 2 10344 10370
0 53 104 2 10361 -10325
0 53 105 2 31080 10372
0 53 106 2 31129 -31088
0 53 107 2 -31115 10361
0 53 108 2 31121 -31056
0 53 109 2 -10388 10363
0 53 110 2 -31068 -31092
0 53 111 2 10336 31112
0 53 112 2 31074 -10344
0 53 113 2 33 25
0 53 114 2 26 1
0 53 115 2 -15 -39
0 53 116 2 -16 19
0 53 117 2 0 -29
0 53 118 2 -26 -10
0 53 119 2 -13 -17
0 53 120 2 -34 -17
0 53 121 2 -1 21
0 53 122 2 16 -27
0 53 123 2 -36 -4
0 53 124 2 -29 19
0 53 125 2 8 17
0 53 126 2 22 9
0 53 127 2 -14 15
0 53 128 2 10 0
0 53 129 2 32 -15
0 53 130 2 10 -45
0 53 131 2 -10 -18
0 53 132 2 -23 -2
0 53 133 2 -22 -5
0 53 134 2 8 -16
0 53 135 2 37 -20
0 53 136 2 -9 25
0 53 137 2 -17 -10
0 53 138 2 19 19
0 53 139 2 -4 9
0 53 140 2 -29 -12
0 53 141 2 0 -12
0 53 142 2 18 7
0 53 143 2 12 28
0 53 144 2 31076 -31067
0 53 145 2 -31078 -31078
0 53 146 2 31090 10363
0 53 147 2 -31070 31058
0 53 148 2 -10352 10381
0 53 149 2 31078 31114
0 53 150 2 31045 10373
0 53 151 2 -10389 10361
0 53 152 2 10365 31101
0 53 153 2 -10344 -31100
0 53 154 2 -31069 -10378
0 53 155 2 31058 31091
0 53 156 2 10362 -10347
0 53 157 2 10358 10357
0 53 158 2 -10341 -10322
0 53 159 2 32756 3
0 53 160 2 -10371 31100
0 53 161 2 -10361 -10309
0 53 162 2 -31093 10335
0 53 163 2 10381 -31106
0 53 164 2 -31073 10375
0 53 165 2 -10359 31099
0 53 166 2 -31100 31073
0 53 167 2 -31094 31055
0 53 168 2 31102 -31041
0 53 169 2 -31084 -10357
0 53 170 2 -10351 -10370
0 53 171 2 31092 31120
0 53 172 2 10353 -10373
0 53 173 2 31085 10353
0 53 174 2 31073 10388
0 53 175 2 10376 31096
0 53 176 2 -10391 -31087
0 53 177 2 -10362 10329
0 53 178 2 31045 10391
0 53 179 2 31100 31097
0 53 180 2 -10384 10348
0 53 181 2 -31117 31102
0 53 182 2 10375 31070
0 53 183 2 10350 31109
0 53 184 2 -31099 -10367
0 53 185 2 -31113 10350
0 53 186 2 31079 31104
0 53 187 2 31111 -10365
0 53 188 2 31078 -10320
0 53 189 2 10323 31077
0 53 190 2 31063 31093
0 53 191 2 32779 1
0 53 192 2 31065 31072
0 53 193 2 31090 -31088
0 53 194 2 -10383 -10400
0 53 195 2 31063 10367
0 53 196 2 31086 -10334
0 53 197 2 -31059 31078
0 53 198 2 -31054 -10378
0 53 199 2 -10397 -10352
0 53 200 2 -31109 10360
0 53 201 2 -10365 10338
0 53 202 2 -10381 -10358
0 53 203 2 -10349 -31099
0 53 204 2 -31041 -10403
0 53 205 2 -31126 31087
0 53 206 2 10371 -10340
0 53 207 2 10372 -31086
0 53 208 2 -31088 31090
0 53 209 2 -31099 31067
0 53 210 2 31064 10336
0 53 211 2 -10348 -31074
0 53 212 2 10353 31078
0 53 213 2 31062 10357
0 53 214 2 -10354 -10399
0 53 215 2 -10311 -31083
0 53 216 2 -10356 -10346
0 53 217 2 10400 10382
0 53 218 2 -31110 -31059
0 53 219 2 10378 -10323
0 53 220 2 -31103 -31097
0 53 221 2 10337 31077
0 53 222 2 10413 -31097
0 53 223 2 32770 9
0 53 224 2 -31077 31082
0 53 225 2 -10380 -10353
0 53 226 2 -31105 31077
0 53 227 2 10381 10397
0 53 228 2 10401 -31077
0 53 229 2 10339 -10355
0 53 230 2 10378 31084
0 53 231 2 31054 -10377
0 53 232 2 -10402 31086
0 53 233 2 -10349 -10357
0 53 234 2 10339 31075
0 53 235 2 -10366 -10313
0 53 236 2 -10369 10336
0 53 237 2 31129 -31070
0 53 238 2 -10339 -31076
0 53 239 2 -31070 -10368
0 53 240 2 -31080 -31106
0 53 241 2 31066 31093
0 53 242 2 -31093 31104
0 53 243 2 -31097 31065
0 53 244 2 31031 31089
0 53 245 2 -31042 -10365
0 53 246 2 -31122 31079
0 53 247 2 10381 -10369
0 53 248 2 31093 -10338
0 53 249 2 -10345 10368
0 53 250 2 -10307 -31068
0 53 251 2 -31113 31070
0 53 252 2 31089 -10338
0 53 253 2 -31080 -31089
0 53 254 2 -31092 -31094
0 53 255 2 32787 6
0 54 0 2 -471 127
0 54 1 2 32759 -8
0 54 2 2 31079 -10330
0 54 3 2 10377 10381
0 54 4 2 31083 -10373
0 54 5 2 -10361 -31063
0 54 6 2 -10359 10392
0 54 7 2 -31090 -31091
0 54 8 2 10392 31083
0 54 9 2 -10406 10403
0 54 10 2 31068 31091
0 54 11 2 -10361 -10380
0 54 12 2 31100 10396
0 54 13 2 -10373 10361
0 54 14 2 10374 10378
0 54 15 2 10371 -31089
0 54 16 2 -10350 10355
0 54 17 2 31084 10390
0 54 18 2 10390 31074
0 54 19 2 -10375 -31080
0 54 20 2 -10339 -31112
0 54 21 2 -10355 -31094
0 54 22 2 -10352 -31073
0 54 23 2 31134 -10357
0 54 24 2 -31080 -31106
0 54 25 2 -31080 31114
0 54 26 2 -31078 -31070
0 54 27 2 -10384 -31110
0 54 28 2 31116 10376
0 54 29 2 31090 10345
0 54 30 2 -31082 10374
0 54 31 2 10382 -10376
0 54 32 2 -10378 10376
0 54 33 2 32784 -18
0 54 34 2 -10365 -10357
0 54 35 2 -31093 -31081
0 54 36 2 31085 -10370
0 54 37 2 31104 -31063
0 54 38 2 10372 -31077
0 54 39 2 31072 -31055
0 54 40 2 -10379 -10378
0 54 41 2 -31075 -31103
0 54 42 2 -31089 31075
0 54 43 2 10346 31097
0 54 44 2 -10343 -31049
0 54 45 2 -31074 -10373
0 54 46 2 31072 31110
0 54 47 2 -31083 -10338
0 54 48 2 -31079 -31136
0 54 49 2 10388 -31085
0 54 50 2 -10368 10362
0 54 51 2 -10321 31048
0 54 52 2 -31053 -31094
0 54 53 2 10372 31076
0 54 54 2 -31102 -31078
0 54 55 2 -10376 31101
0 54 56 2 -31087 31072
0 54 57 2 10348 10372
0 54 58 2 10387 -10384
0 54 59 2 10391 -31057
0 54 60 2 31058 10353
0 54 61 2 10340 -10349
0 54 62 2 31073 31072
0 54 63 2 10362 10376
0 54 64 2 31091 -31073
0 54 65 2 32776 -1
0 54 66 2 31090 10374
0 54 67 2 10381 -31088
0 54 68 2 -31092 10377
0 54 69 2 10353 -10361
0 54 70 2 -10358 10350
0 54 71 2 -31093 -10380
0 54 72 2 10365 -10343
0 54 73 2 -31064 -10388
0 54 74 2 10349 10343
0 54 75 2 -31052 -31078
0 54 76 2 -10375 -10377
0 54 77 2 31104 10362
0 54 78 2 -10347 -31109
0 54 79 2 31083 10402
0 54 80 2 -10390 -31080
0 54 81 2 -31101 31069
0 54 82 2 -31080 -10376
0 54 83 2 -10338 -10352
0 54 84 2 -10372 31087
0 54 85 2 31093 -10322
0 54 86 2 31067 31115
0 54 87 2 -31066 -10333
0 54 88 2 -31103 10373
0 54 89 2 -31075 31018
0 54 90 2 -10413 31086
0 54 91 2 31065 10367
0 54 92 2 10376 -10336
0 54 93 2 31123 10365
0 54 94 2 31061 10367
0 54 95 2 -31069 -10364
0 54 96 2 31095 -31068
0 54 97 2 32737 -5
0 54 98 2 -10361 -31080
0 54 99 2 31104 -31059
0 54 100 2 10334 31108
0 54 101 2 -10410 31089
0 54 102 2 31079 31099
0 54 103 2 -31099 31083
0 54 104 2 -10388 -31076
0 54 105 2 10366 31068
0 54 106 2 10360 -10342
0 54 107 2 -10338 -10362
0 54 108 2 -31072 31080
0 54 109 2 -10334 -31118
0 54 110 2 31082 -10374
0 54 111 2 -31129 31066
0 54 112 2 10386 -10347
0 54 113 2 19 8
0 54 114 2 6 -16
0 54 115 2 -3 -24
0 54 116 2 30 -4
0 54 117 2 -1 5
0 54 118 2 0 18
0 54 119 2 -6 0
0 54 120 2 20 -4
0 54 121 2 -22 15
0 54 122 2 5 3
0 54 123 2 3 1
0 54 124 2 4 -17
0 54 125 2 -26 -38
0 54 126 2 -10 -51
0 54 127 2 3 2
0 54 128 2 -15 -8
0 54 129 2 -6 16
0 54 130 2 -9 12
0 54 131 2 -2 9
0 54 132 2 -11 8
0 54 133 2 -9 -3
0 54 134 2 0 21
0 54 135 2 -13 -8
0 54 136 2 -6 -37
0 54 137 2 -4 -4
0 54 138 2 -8 11
0 54 139 2 -13 -15
0 54 140 2 30 25
0 54 141 2 -7 20
0 54 142 2 0 1
0 54 143 2 3 -27
0 54 144 2 -10361 -31081
0 54 145 2 10356 10413
0 54 146 2 10357 31056
0 54 147 2 10358 31060
0 54 148 2 10384 10360
0 54 149 2 -10369 10320
0 54 150 2 31103 10366
0 54 151 2 31096 10373
0 54 152 2 31055 31092
0 54 153 2 -10351 -31082
0 54 154 2 -31112 31077
0 54 155 2 31062 31078
0 54 156 2 31086 10390
0 54 157 2 10390 -10352
0 54 158 2 -31044 -31085
0 54 159 2 32787 20
0 54 160 2 -10369 31071
0 54 161 2 10335 10367
0 54 162 2 -31056 -31094
0 54 163 2 -31103 10316
0 54 164 2 -10381 -31102
0 54 165 2 10398 10367
0 54 166 2 -31070 31052
0 54 167 2 31086 10381
0 54 168 2 -31084 -10367
0 54 169 2 10327 10354
0 54 170 2 -10354 31082
0 54 171 2 10386 -10360
0 54 172 2 31085 -31106
0 54 173 2 -31083 -10388
0 54 174 2 -31108 31066
0 54 175 2 31051 10360
0 54 176 2 31084 10356
0 54 177 2 -31071 10317
0 54 178 2 31050 31096
0 54 179 2 -31060 10365
0 54 180 2 -10359 -10380
0 54 181 2 10361 10331
0 54 182 2 -10317 -31077
0 54 183 2 10378 -10376
0 54 184 2 -10372 -31133
0 54 185 2 10343 -10363
0 54 186 2 10349 -10360
0 54 187 2 -31114 31069
0 54 188 2 31095 -31107
0 54 189 2 -31077 -10369
0 54 190 2 -10372 10354
0 54 191 2 32784 12
0 54 192 2 -10349 -31073
0 54 193 2 31088 -10339
0 54 194 2 31086 -10337
0 54 195 2 31109 31090
0 54 196 2 -10382 -31048
0 54 197 2 -10392 31087
0 54 198 2 31113 -10335
0 54 199 2 -31104 31056
0 54 200 2 -31088 10336
0 54 201 2 31056 -31066
0 54 202 2 -10363 31067
0 54 203 2 10368 31114
0 54 204 2 -10379 10360
0 54 205 2 -31100 31087
0 54 206 2 -31102 10360
0 54 207 2 10367 10404
0 54 208 2 31106 10374
0 54 209 2 -31074 -31101
0 54 210 2 10369 10375
0 54 211 2 31041 10368
0 54 212 2 10357 -31079
0 54 213 2 10387 -31074
0 54 214 2 31039 31079
0 54 215 2 31053 31110
0 54 216 2 -10329 -31084
0 54 217 2 31103 -31027
0 54 218 2 -10345 -31073
0 54 219 2 10365 10405
0 54 220 2 31099 -31084
0 54 221 2 -31077 -10358
0 54 222 2 10368 10358
0 54 223 2 32773 28
0 54 224 2 31076 -10383
0 54 225 2 31086 31091
0 54 226 2 31063 31092
0 54 227 2 -10363 -31141
0 54 228 2 31060 10384
0 54 229 2 -10316 -31089
0 54 230 2 -31092 31069
0 54 231 2 -10390 -10359
0 54 232 2 31101 -10335
0 54 233 2 31103 -10353
0 54 234 2 -10324 10376
0 54 235 2 10350 -31082
0 54 236 2 -10360 31080
0 54 237 2 -31065 -10361
0 54 238 2 -10352 -31092
0 54 239 2 -31084 -10376
0 54 240 2 -31083 10335
0 54 241 2 -31112 -10346
0 54 242 2 31100 31105
0 54 243 2 -10366 -10337
0 54 244 2 -31109 31095
0 54 245 2 10361 -31055
0 54 246 2 -31083 -31081
0 54 247 2 -10354 -10344
0 54 248 2 -10366 -31096
0 54 249 2 -10395 31061
0 54 250 2 -10343 -10345
0 54 251 2 -10346 -10344
0 54 252 2 -31043 -31094
0 54 253 2 -10336 10353
0 54 254 2 10380 -31067
0 54 255 2 32754 4
0 55 0 2 -462 72
0 55 1 2 32761 41
0 55 2 2 -31047 -10344
0 55 3 2 10367 -31049
0 55 4 2 10365 -10360
0 55 5 2 10353 -10361
0 55 6 2 10358 -10328
0 55 7 2 -10357 10382
0 55 8 2 31107 -10344
0 55 9 2 -10369 -10376
0 55 10 2 10367 31082
0 55 11 2 31082 -10357
0 55 12 2 -31104 -10380
0 55 13 2 31057 31086
0 55 14 2 -31118 31103
0 55 15 2 31075 -31117
0 55 16 2 31090 10361
0 55 17 2 -10372 -10380
0 55 18 2 -31117 31094
0 55 19 2 31084 -31047
0 55 20 2 -10380 31088
0 55 21 2 10329 31096
0 55 22 2 31086 -31058
0 55 23 2 -31061 31086
0 55 24 2 -10339 -10339
0 55 25 2 -10361 -31075
0 55 26 2 -10360 -10359
0 55 27 2 31093 31073
0 55 28 2 -31122 31077
0 55 29 2 31096 -31074
0 55 30 2 -31102 10358
0 55 31 2 -31077 -10366
0 55 32 2 -31074 -10391
0 55 33 2 32752 11
0 55 34 2 10333 10369
0 55 35 2 31083 10381
0 55 36 2 10392 -10341
0 55 37 2 -10320 -31137
0 55 38 2 -31064 10394
0 55 39 2 10369 10387
0 55 40 2 31085 31108
0 55 41 2 10376 -10357
0 55 42 2 -10374 31067
0 55 43 2 -31075 -31107
0 55 44 2 -10381 31086
0 55 45 2 10356 10336
0 55 46 2 10340 -31107
0 55 47 2 -31069 -10375
0 55 48 2 10354 31082
0 55 49 2 -31079 -10359
0 55 50 2 10377 -31106
0 55 51 2 -31094 10338
0 55 52 2 -31089 -10344
0 55 53 2 31096 -10366
0 55 54 2 -10378 -10407
0 55 55 2 -31115 31089
0 55 56 2 10388 -31089
0 55 57 2 31084 -31058
0 55 58 2 31111 10347
0 55 59 2 -31070 -31100
0 55 60 2 -10344 -31094
0 55 61 2 -10359 10323
0 55 62 2 10331 -31105
0 55 63 2 -10365 -31078
0 55 64 2 -31069 -31109
0 55 65 2 32754 20
0 55 66 2 10356 10348
0 55 67 2 10375 31077
0 55 68 2 10391 -10380
0 55 69 2 -10355 -10364
0 55 70 2 -10332 -10343
0 55 71 2 -31130 31069
0 55 72 2 31076 -10348
0 55 73 2 31098 -10325
0 55 74 2 10370 31074
0 55 75 2 31098 -31100
0 55 76 2 31123 -31100
0 55 77 2 10374 31108
0 55 78 2 -10373 10349
0 55 79 2 -10405 10360
0 55 80 2 -31108 10359
0 55 81 2 -10392 10377
0 55 82 2 -10351 -31063
0 55 83 2 31074 10337
0 55 84 2 -10368 10376
0 55 85 2 -10333 10378
0 55 86 2 -10357 -31095
0 55 87 2 -10351 -10373
0 55 88 2 -31108 31070
0 55 89 2 10353 -31086
0 55 90 2 -10367 -10394
0 55 91 2 -31102 10343
0 55 92 2 -10354 -10337
0 55 93 2 10384 -31114
0 55 94 2 -31079 -10377
0 55 95 2 31121 -10356
0 55 96 2 -10379 31105
0 55 97 2 32753 5
0 55 98 2 31102 10401
0 55 99 2 -10360 -10335
0 55 100 2 10351 -10349
0 55 101 2 31073 10361
0 55 102 2 31069 10395
0 55 103 2 10368 -31070
0 55 104 2 -10366 -31085
0 55 105 2 10359 10409
0 55 106 2 31082 31119
0 55 107 2 31084 -31107
0 55 108 2 10368 10369
0 55 109 2 31090 10363
0 55 110 2 -10358 -10346
0 55 111 2 -10364 -31079
0 55 112 2 -10382 31081
0 55 113 2 -18 28
0 55 114 2 -4 5
0 55 115 2 8 -3
0 55 116 2 -5 -4
0 55 117 2 13 22
0 55 118 2 -6 6
0 55 119 2 -3 10
0 55 120 2 5 27
0 55 121 2 11 -6
0 55 122 2 11 10
0 55 123 2 -21 -9
0 55 124 2 -12 7
0 55 125 2 17 9
0 55 126 2 -18 -7
0 55 127 2 4 17
0 55 128 2 -3 0
0 55 129 2 -27 9
0 55 130 2 10 26
0 55 131 2 -3 -15
0 55 132 2 -6 13
0 55 133 2 4 -36
0 55 134 2 0 40
0 55 135 2 4 20
0 55 136 2 0 -36
0 55 137 2 0 39
0 55 138 2 -15 -4
0 55 139 2 23 1
0 55 140 2 -15 17
0 55 141 2 -6 2
0 55 142 2 22 -50
0 55 143 2 7 -18
0 55 144 2 31083 31082
0 55 145 2 31066 31113
0 55 146 2 10406 -10366
0 55 147 2 -31083 10375
0 55 148 2 -31092 -31086
0 55 149 2 -31108 31080
0 55 150 2 31061 -31069
0 55 151 2 -31114 -10368
0 55 152 2 -31087 10350
0 55 153 2 31109 31084
0 55 154 2 -31108 -10368
0 55 155 2 -10363 -10364
0 55 156 2 10351 -10378
0 55 157 2 -31063 -10385
0 55 158 2 10360 10367
0 55 159 2 32750 14
0 55 160 2 31070 -31066
0 55 161 2 10344 -31111
0 55 162 2 31075 10382
0 55 163 2 31073 10369
0 55 164 2 10365 -10369
0 55 165 2 -31115 10366
0 55 166 2 -10334 31104
0 55 167 2 -31061 -31089
0 55 168 2 10371 31087
0 55 169 2 -10349 -10388
0 55 170 2 31090 -31066
0 55 171 2 -31077 10351
0 55 172 2 31100 31112
0 55 173 2 -31118 10354
0 55 174 2 -10321 -31104
0 55 175 2 -10313 10369
0 55 176 2 -31061 31069
0 55 177 2 31037 10376
0 55 178 2 10355 10354
0 55 179 2 -10328 -31088
0 55 180 2 -31123 31066
0 55 181 2 -10362 10390
0 55 182 2 31072 31092
0 55 183 2 31042 10368
0 55 184 2 -10393 10364
0 55 185 2 31091 -31094
0 55 186 2 10332 -10386
0 55 187 2 -10391 31051
0 55 188 2 -10368 -10377
0 55 189 2 10396 -31098
0 55 190 2 -31073 10327
0 55 191 2 32760 -20
0 55 192 2 31079 31093
0 55 193 2 -10362 -10388
0 55 194 2 -10365 10344
0 55 195 2 -31091 31056
0 55 196 2 -10358 -31087
0 55 197 2 10336 10342
0 55 198 2 -31085 10347
0 55 199 2 31077 31103
0 55 200 2 -10385 31083
0 55 201 2 10388 -31102
0 55 202 2 -10394 31101
0 55 203 2 -31111 31042
0 55 204 2 -31099 31037
0 55 205 2 10396 -31096
0 55 206 2 -31114 -10364
0 55 207 2 -31079 31068
0 55 208 2 -31109 10360
0 55 209 2 10347 31073
0 55 210 2 31087 -10384
0 55 211 2 -10375 -31101
0 55 212 2 10359 31095
0 55 213 2 31095 31081
0 55 214 2 -31081 10392
0 55 215 2 -10360 -10362
0 55 216 2 10374 10391
0 55 217 2 31059 -31085
0 55 218 2 -10352 -31065
0 55 219 2 31088 -10312
0 55 220 2 31106 -10360
0 55 221 2 31052 -10342
0 55 222 2 10347 -10321
0 55 223 2 32769 36
0 55 224 2 10359 10368
0 55 225 2 -10362 31096
0 55 226 2 10382 -31090
0 55 227 2 -10376 31091
0 55 228 2 10362 -31047
0 55 229 2 31079 10325
0 55 230 2 -10372 31085
0 55 231 2 -31103 10343
0 55 232 2 -10343 31088
0 55 233 2 10339 31091
0 55 234 2 -31081 -31130
0 55 235 2 10345 -31109
0 55 236 2 -31099 -10355
0 55 237 2 -31102 -10355
0 55 238 2 31057 31122
0 55 239 2 10332 31111
0 55 240 2 31069 31106
0 55 241 2 31078 31103
0 55 242 2 31078 -10361
0 55 243 2 -10359 -31070
0 55 244 2 31068 31107
0 55 245 2 -31079 -31095
0 55 246 2 10384 10369
0 55 247 2 10375 -10338
0 55 248 2 10352 -10401
0 55 249 2 -10357 10387
0 55 250 2 -31082 -10373
0 55 251 2 31104 -10325
0 55 252 2 -31091 -31108
0 55 253 2 -10400 31053
0 55 254 2 -31102 10359
0 55 255 2 32760 5
0 56 0 2 -471 69
0 56 1 2 32763 -9
0 56 2 2 -10295 31118
0 56 3 2 10373 -31071
0 56 4 2 -31070 -31122
0 56 5 2 31094 -31090
0 56 6 2 31058 31130
0 56 7 2 -31074 -10351
0 56 8 2 -31109 31070
0 56 9 2 31072 -10346
0 56 10 2 -10374 -10400
0 56 11 2 31084 31113
0 56 12 2 10342 -10342
0 56 13 2 -31128 31073
0 56 14 2 31088 -31047
0 56 15 2 -10355 10330
0 56 16 2 -10387 10360
0 56 17 2 31066 10388
0 56 18 2 31108 31077
0 56 19 2 -31115 -31112
0 56 20 2 31101 31070
0 56 21 2 -31073 10363
0 56 22 2 -10376 10362
0 56 23 2 31081 -10355
0 56 24 2 -31105 -10350
0 56 25 2 -31114 10376
0 56 26 2 -31075 -31092
0 56 27 2 31073 -10369
0 56 28 2 -10360 -10364
0 56 29 2 10361 -10362
0 56 30 2 -31106 31055
0 56 31 2 10358 -10360
0 56 32 2 10340 -10345
0 56 33 2 32773 -1
0 56 34 2 -10363 31097
0 56 35 2 10368 10354
0 56 36 2 31076 10388
0 56 37 2 -31091 10336
0 56 38 2 -31076 -31103
0 56 39 2 -31097 31085
0 56 40 2 -31058 -31105
0 56 41 2 -31097 -10348
0 56 42 2 10354 31128
0 56 43 2 -31080 31053
0 56 44 2 -31091 10380
0 56 45 2 31119 -31086
0 56 46 2 10336 10371
0 56 47 2 31070 31105
0 56 48 2 -31094 31033
0 56 49 2 -31075 31071
0 56 50 2 -10370 10383
0 56 51 2 -10358 -31125
0 56 52 2 -31069 10362
0 56 53 2 10370 -31063
0 56 54 2 -10306 -10387
0 56 55 2 10336 31072
0 56 56 2 -31090 -31096
0 56 57 2 -31079 -10379
0 56 58 2 -31047 -10375
0 56 59 2 -31105 31064
0 56 60 2 -10381 -31066
0 56 61 2 31076 10390
0 56 62 2 -31030 -31072
0 56 63 2 31088 10364
0 56 64 2 10342 10336
0 56 65 2 32744 10
0 56 66 2 31067 -31073
0 56 67 2 10358 -10372
0 56 68 2 31098 -10333
0 56 69 2 31047 -10339
0 56 70 2 -31073 10332
0 56 71 2 -10379 31086
0 56 72 2 -10343 -10317
0 56 73 2 -10367 31058
0 56 74 2 -10308 -31090
0 56 75 2 31082 -10326
0 56 76 2 31088 31099
0 56 77 2 -10357 31096
0 56 78 2 -31067 -10364
0 56 79 2 -10352 -10371
0 56 80 2 -10388 31077
0 56 81 2 31079 -31048
0 56 82 2 10396 -10324
0 56 83 2 31090 -10345
0 56 84 2 31073 -31085
0 56 85 2 -31083 -10360
0 56 86 2 31115 31070
0 56 87 2 10348 10376
0 56 88 2 -31115 -31065
0 56 89 2 10370 10385
0 56 90 2 31083 10341
0 56 91 2 -31078 -31113
0 56 92 2 31107 31090
0 56 93 2 -31082 10330
0 56 94 2 31106 -31092
0 56 95 2 31068 10374
0 56 96 2 -10357 10351
0 56 97 2 32755 33
0 56 98 2 31072 -31070
0 56 99 2 10346 31051
0 56 100 2 10354 -10337
0 56 101 2 31097 31102
0 56 102 2 10377 31066
0 56 103 2 -10369 10386
0 56 104 2 -31087 -10346
0 56 105 2 31068 10381
0 56 106 2 10377 -31060
0 56 107 2 10378 31067
0 56 108 2 -31108 10359
0 56 109 2 31092 -31059
0 56 110 2 -31073 -31095
0 56 111 2 -31098 31078
0 56 112 2 -31062 -31124
0 56 113 2 -11 17
0 56 114 2 -13 7
0 56 115 2 34 22
0 56 116 2 -7 1
0 56 117 2 -46 39
0 56 118 2 6 1
0 56 119 2 14 -5
0 56 120 2 -16 18
0 56 121 2 36 12
0 56 122 2 -21 -12
0 56 123 2 12 -20
0 56 124 2 -18 -12
0 56 125 2 -22 -21
0 56 126 2 -14 -25
0 56 127 2 8 -18
0 56 128 2 -10 -20
0 56 129 2 -15 -7
0 56 130 2 3 21
0 56 131 2 7 -35
0 56 132 2 3 33
0 56 133 2 8 8
0 56 134 2 18 17
0 56 135 2 25 -18
0 56 136 2 -2 -3
0 56 137 2 13 2
0 56 138 2 -9 -3
0 56 139 2 3 -7
0 56 140 2 5 32
0 56 141 2 14 3
0 56 142 2 14 -12
0 56 143 2 -6 8
0 56 144 2 31091 10379
0 56 145 2 -31061 -31070
0 56 146 2 31101 31099
0 56 147 2 -10359 -31108
0 56 148 2 -31064 10337
0 56 149 2 10370 -10349
0 56 150 2 -10376 10354
0 56 151 2 31112 31096
0 56 152 2 31073 -31088
0 56 153 2 -31083 31080
0 56 154 2 -10367 -10355
0 56 155 2 -10350 10350
0 56 156 2 -31100 31053
0 56 157 2 -10325 10371
0 56 158 2 -10345 10365
0 56 159 2 32766 -7
0 56 160 2 31077 10357
0 56 161 2 -31087 10381
0 56 162 2 31109 -10346
0 56 163 2 -31118 10302
0 56 164 2 10338 31101
0 56 165 2 10375 -10391
0 56 166 2 -10366 10328
0 56 167 2 31056 31143
0 56 168 2 31105 31094
0 56 169 2 -31100 10353
0 56 170 2 -31108 -10367
0 56 171 2 -10338 -31086
0 56 172 2 -31065 -31106
0 56 173 2 -10383 31072
0 56 174 2 -31099 -31093
0 56 175 2 31094 -31040
0 56 176 2 -31094 10324
0 56 177 2 -10339 -10351
0 56 178 2 31104 10357
0 56 179 2 -31087 10347
0 56 180 2 31073 10366
0 56 181 2 31087 -31049
0 56 182 2 10402 -31085
0 56 183 2 -31082 -10330
0 56 184 2 -10361 -31073
0 56 185 2 -31068 -31115
0 56 186 2 -10374 10317
0 56 187 2 31112 -10330
0 56 188 2 -31104 -10350
0 56 189 2 31097 -10385
0 56 190 2 -10349 -31081
0 56 191 2 32750 -3
0 56 192 2 10331 10380
0 56 193 2 -31101 31121
0 56 194 2 31100 -31092
0 56 195 2 -31091 10342
0 56 196 2 10382 -10377
0 56 197 2 -31087 -31107
0 56 198 2 -10369 31081
0 56 199 2 10328 -10344
0 56 200 2 10345 -10368
0 56 201 2 10362 -10373
0 56 202 2 -10369 10360
0 56 203 2 -31093 -10386
0 56 204 2 10350 -31068
0 56 205 2 31099 -10337
0 56 206 2 31090 10363
0 56 207 2 31112 -10347
0 56 208 2 -31076 10354
0 56 209 2 -31103 -10363
0 56 210 2 -31094 31078
0 56 211 2 -31119 31087
0 56 212 2 31096 31089
0 56 213 2 31088 -10364
0 56 214 2 31082 31087
0 56 215 2 10328 -10378
0 56 216 2 -31091 10326
0 56 217 2 -31086 -31106
0 56 218 2 -10370 -10377
0 56 219 2 -31071 -10380
0 56 220 2 -31064 -10340
0 56 221 2 -10400 31066
0 56 222 2 31065 -10362
0 56 223 2 32777 -17
0 56 224 2 10355 31080
0 56 225 2 10350 31082
0 56 226 2 31088 31103
0 56 227 2 31092 -31052
0 56 228 2 -31063 -10353
0 56 229 2 -31089 -31086
0 56 230 2 31085 -31081
0 56 231 2 -10315 -31120
0 56 232 2 31054 31080
0 56 233 2 -10354 31086
0 56 234 2 31083 31103
0 56 235 2 10362 10354
0 56 236 2 -10382 10339
0 56 237 2 10367 -31071
0 56 238 2 -31102 -10367
0 56 239 2 -31079 -31088
0 56 240 2 -31052 -31077
0 56 241 2 10354 -10389
0 56 242 2 10357 31096
0 56 243 2 -31076 31039
0 56 244 2 -10379 10378
0 56 245 2 10375 -10332
0 56 246 2 10366 -10376
0 56 247 2 -10385 10369
0 56 248 2 31091 31097
0 56 249 2 10358 -10399
0 56 250 2 -10363 -10347
0 56 251 2 31100 -10345
0 56 252 2 -31072 31046
0 56 253 2 -10338 -31085
0 56 254 2 10376 10355
0 56 255 2 32768 10
0 57 0 2 -497 81
0 57 1 2 32735 22
0 57 2 2 -31074 -10383
0 57 3 2 10395 -31068
0 57 4 2 -10384 -10366
0 57 5 2 10348 10389
0 57 6 2 -31146 31098
0 57 7 2 -10347 -10387
0 57 8 2 10329 -10379
0 57 9 2 31074 31081
0 57 10 2 31085 -31067
0 57 11 2 -31084 -10395
0 57 12 2 10369 10344
0 57 13 2 31084 -10329
0 57 14 2 -31082 31103
0 57 15 2 10361 31072
0 57 16 2 -31087 -31097
0 57 17 2 -10388 -10359
0 57 18 2 -31070 -31090
0 57 19 2 -10370 -31085
0 57 20 2 -10371 31094
0 57 21 2 -10383 31072
0 57 22 2 10376 31072
0 57 23 2 -10345 10363
0 57 24 2 -31066 -31113
0 57 25 2 -31087 -31078
0 57 26 2 -31099 -10360
0 57 27 2 31062 31127
0 57 28 2 -31066 -10381
0 57 29 2 31061 31118
0 57 30 2 -10352 -31100
0 57 31 2 10356 -10347
0 57 32 2 -31104 31064
0 57 33 2 32758 23
0 57 34 2 10324 -10349
0 57 35 2 10370 31077
0 57 36 2 31076 31049
0 57 37 2 -31089 -10404
0 57 38 2 -31088 31086
0 57 39 2 -31067 -31086
0 57 40 2 31108 -10361
0 57 41 2 -31069 31050
0 57 42 2 10362 31072
0 57 43 2 -31088 31070
0 57 44 2 -10332 -31087
0 57 45 2 31078 -31087
0 57 46 2 10348 10411
0 57 47 2 -31082 10320
0 57 48 2 10369 31083
0 57 49 2 -31099 -10360
0 57 50 2 31123 -31061
0 57 51 2 10368 -10363
0 57 52 2 -10355 -10369
0 57 53 2 -31071 -10357
0 57 54 2 31086 10365
0 57 55 2 -10364 10394
0 57 56 2 -10365 31056
0 57 57 2 -31076 -10381
0 57 58 2 31099 -31079
0 57 59 2 -31079 31063
0 57 60 2 31088 10390
0 57 61 2 -10385 -10353
0 57 62 2 -31046 -10382
0 57 63 2 10346 31080
0 57 64 2 10371 -10355
0 57 65 2 32760 24
0 57 66 2 -10339 -10348
0 57 67 2 -10382 31033
0 57 68 2 10365 -31091
0 57 69 2 -31117 31056
0 57 70 2 31120 10353
0 57 71 2 10358 -10356
0 57 72 2 -31108 10329
0 57 73 2 31104 10353
0 57 74 2 -10332 -10402
0 57 75 2 -10338 10369
0 57 76 2 -31081 31139
0 57 77 2 31077 31133
0 57 78 2 31045 10391
0 57 79 2 -31083 31069
0 57 80 2 10356 -31097
0 57 81 2 -10382 -10360
0 57 82 2 -31105 -31101
0 57 83 2 31105 -31053
0 57 84 2 -31069 -10355
0 57 85 2 10374 31102
0 57 86 2 10329 31074
0 57 87 2 -31092 31097
0 57 88 2 -10368 31064
0 57 89 2 31111 10373
0 57 90 2 -10366 -31105
0 57 91 2 -31061 10363
0 57 92 2 -10368 -10342
0 57 93 2 -31067 -10374
0 57 94 2 -10324 -31082
0 57 95 2 -31057 31084
0 57 96 2 -10379 -31109
0 57 97 2 32772 10
0 57 98 2 31115 -10352
0 57 99 2 10352 31059
0 57 100 2 -31097 -31106
0 57 101 2 31047 10369
0 57 102 2 31083 10386
0 57 103 2 -10369 31058
0 57 104 2 -31059 31085
0 57 105 2 -10368 10342
0 57 106 2 10344 10375
0 57 107 2 31094 10347
0 57 108 2 10375 -31111
0 57 109 2 -10368 31060
0 57 110 2 31072 10346
0 57 111 2 -31084 10326
0 57 112 2 -10366 10329
0 57 113 2 11 5
0 57 114 2 1 10
0 57 115 2 1 11
0 57 116 2 -7 6
0 57 117 2 13 0
0 57 118 2 -14 6
0 57 119 2 -22 -7
0 57 120 2 -14 23
0 57 121 2 -16 0
0 57 122 2 12 -55
0 57 123 2 -61 -9
0 57 124 2 -14 3
0 57 125 2 10 24
0 57 126 2 -15 -32
0 57 127 2 -12 21
0 57 128 2 27 -18
0 57 129 2 -12 19
0 57 130 2 -11 28
0 57 131 2 -6 6
0 57 132 2 -23 -18
0 57 133 2 24 -7
0 57 134 2 -19 -38
0 57 135 2 -12 -19
0 57 136 2 -2 -27
0 57 137 2 3 0
0 57 138 2 17 -21
0 57 139 2 2 0
0 57 140 2 -29 3
0 57 141 2 24 2
0 57 142 2 13 15
0 57 143 2 23 37
0 57 144 2 -31110 31100
0 57 145 2 10350 -31085
0 57 146 2 -31071 -31131
0 57 147 2 -31086 31081
0 57 148 2 10387 -31110
0 57 149 2 31070 -31045
0 57 150 2 -10367 31074
0 57 151 2 10365 -31092
0 57 152 2 31098 10361
0 57 153 2 10401 -31087
0 57 154 2 -10374 31086
0 57 155 2 31081 10358
0 57 156 2 -10354 -31095
0 57 157 2 31058 31092
0 57 158 2 -31094 10365
0 57 159 2 32787 -9
0 57 160 2 31072 -10348
0 57 161 2 31125 -10350
0 57 162 2 31099 -31083
0 57 163 2 -31103 31097
0 57 164 2 -10351 -31130
0 57 165 2 -10368 -10355
0 57 166 2 -31085 -10406
0 57 167 2 31106 -10382
0 57 168 2 10378 -31094
0 57 169 2 -10347 -31111
0 57 170 2 -31085 -31085
0 57 171 2 10358 -31088
0 57 172 2 10371 -10346
0 57 173 2 -31039 10318
0 57 174 2 10350 -31050
0 57 175 2 10369 -31072
0 57 176 2 10360 10397
0 57 177 2 -10366 10377
0 57 178 2 -10335 -31092
0 57 179 2 10305 31088
0 57 180 2 -10376 -10384
0 57 181 2 -31043 10316
0 57 182 2 10357 -31103
0 57 183 2 10360 31101
0 57 184 2 -31090 31057
0 57 185 2 10376 -31076
0 57 186 2 10349 31085
0 57 187 2 -31098 -10408
0 57 188 2 31082 10352
0 57 189 2 10365 10316
0 57 190 2 -31061 -10366
0 57 191 2 32756 23
0 57 192 2 -31061 -10335
0 57 193 2 -10356 10335
0 57 194 2 -10361 10374
0 57 195 2 10353 10395
0 57 196 2 10365 31072
0 57 197 2 31067 -10368
0 57 198 2 -31086 -31091
0 57 199 2 -31103 10325
0 57 200 2 -10367 31061
0 57 201 2 31072 -31047
0 57 202 2 -10366 -10347
0 57 203 2 10366 -31094
0 57 204 2 10382 -31058
0 57 205 2 -31064 -10373
0 57 206 2 31061 10377
0 57 207 2 31104 10375
0 57 208 2 -10342 -31077
0 57 209 2 10391 -31111
0 57 210 2 31079 -31030
0 57 211 2 10368 -10320
0 57 212 2 31084 -10356
0 57 213 2 -10362 -31077
0 57 214 2 31072 -10353
0 57 215 2 10378 31076
0 57 216 2 -31062 31110
0 57 217 2 -31085 -10363
0 57 218 2 -31092 31069
0 57 219 2 -10418 -31093
0 57 220 2 -10335 -10350
0 57 221 2 31096 -10357
0 57 222 2 -10363 -10342
0 57 223 2 32755 12
0 57 224 2 -10388 10333
0 57 225 2 -31118 10359
0 57 226 2 31108 10388
0 57 227 2 10384 -31079
0 57 228 2 -31061 31085
0 57 229 2 -10359 31100
0 57 230 2 -31083 -31086
0 57 231 2 -31096 -31048
0 57 232 2 -10350 10354
0 57 233 2 31084 10377
0 57 234 2 -31084 -31093
0 57 235 2 10349 -10360
0 57 236 2 -31080 -10364
0 57 237 2 10365 -31057
0 57 238 2 31082 10378
0 57 239 2 -10328 31056
0 57 240 2 31076 31097
0 57 241 2 -10356 -10352
0 57 242 2 31032 31068
0 57 243 2 10344 -10338
0 57 244 2 10379 31117
0 57 245 2 10342 31105
0 57 246 2 -10386 10365
0 57 247 2 10374 -10366
0 57 248 2 -31098 -10384
0 57 249 2 -31073 31092
0 57 250 2 -31064 -10387
0 57 251 2 31082 10390
0 57 252 2 31089 10385
0 57 253 2 10351 31046
0 57 254 2 10356 10340
0 57 255 2 32749 0
0 58 0 2 -463 107
0 58 1 2 32780 9
0 58 2 2 -31090 -10398
0 58 3 2 -31094 31081
0 58 4 2 -10375 31102
0 58 5 2 -10365 10379
0 58 6 2 -10352 10344
0 58 7 2 -10350 31104
0 58 8 2 10363 -10372
0 58 9 2 -10315 -31079
0 58 10 2 31064 31083
0 58 11 2 -31062 -31093
0 58 12 2 10352 10336
0 58 13 2 10382 -31080
0 58 14 2 10348 10357
0 58 15 2 -10392 -10358
0 58 16 2 31082 10405
0 58 17 2 10315 31086
0 58 18 2 -31091 31088
0 58 19 2 -10377 31095
0 58 20 2 -31042 -10386
0 58 21 2 -10357 10372
0 58 22 2 -31078 31034
0 58 23 2 31077 31069
0 58 24 2 10348 10356
0 58 25 2 10380 -31085
0 58 26 2 10344 31100
0 58 27 2 31071 10383
0 58 28 2 -10354 -31085
0 58 29 2 10377 -10344
0 58 30 2 10356 10356
0 58 31 2 -31067 -10355
0 58 32 2 -10351 10348
0 58 33 2 32764 7
0 58 34 2 31097 -10363
0 58 35 2 -10357 31068
0 58 36 2 10369 10368
0 58 37 2 10359 -31065
0 58 38 2 31066 10374
0 58 39 2 -31111 31085
0 58 40 2 -31042 -10374
0 58 41 2 31069 31124
0 58 42 2 -10364 -10353
0 58 43 2 -31080 10361
0 58 44 2 10349 31083
0 58 45 2 10363 10348
0 58 46 2 -31085 -10380
0 58 47 2 31046 10358
0 58 48 2 -10357 10330
0 58 49 2 10388 -31095
0 58 50 2 31067 31085
0 58 51 2 -31089 -31115
0 58 52 2 -10339 31064
0 58 53 2 10398 31126
0 58 54 2 10360 31068
0 58 55 2 10357 31085
0 58 56 2 10337 31102
0 58 57 2 31103 10406
0 58 58 2 31072 -10335
0 58 59 2 -10343 -10343
0 58 60 2 10339 31089
0 58 61 2 -10348 31083
0 58 62 2 -31080 31060
0 58 63 2 31110 -31101
0 58 64 2 -31103 -31077
0 58 65 2 32781 23
0 58 66 2 10375 -31050
0 58 67 2 -10353 -31086
0 58 68 2 -31082 -10350
0 58 69 2 31084 10359
0 58 70 2 31069 -10340
0 58 71 2 -10349 -31081
0 58 72 2 31074 31073
0 58 73 2 -10368 -31075
0 58 74 2 10358 10400
0 58 75 2 31051 -10357
0 58 76 2 -31082 -10391
0 58 77 2 -10364 10351
0 58 78 2 10368 -10390
0 58 79 2 10361 10348
0 58 80 2 10377 31097
0 58 81 2 31078 31098
0 58 82 2 31101 -10355
0 58 83 2 10338 31062
0 58 84 2 31100 31093
0 58 85 2 10373 -31093
0 58 86 2 -31072 10377
0 58 87 2 31087 10359
0 58 88 2 -31076 10336
0 58 89 2 10302 31084
0 58 90 2 -31057 -10357
0 58 91 2 31114 31100
0 58 92 2 -31077 -31091
0 58 93 2 31093 -10377
0 58 94 2 -31092 10335
0 58 95 2 10358 -10337
0 58 96 2 -31147 -10343
0 58 97 2 32778 4
0 58 98 2 10377 -31087
0 58 99 2 -31117 31091
0 58 100 2 31060 -10329
0 58 101 2 -10342 -31059
0 58 102 2 -31097 31102
0 58 103 2 -10371 10342
0 58 104 2 -31087 -31111
0 58 105 2 31110 -10368
0 58 106 2 -10353 31077
0 58 107 2 -10376 -10386
0 58 108 2 31073 31067
0 58 109 2 -31059 -10384
0 58 110 2 -10380 31106
0 58 111 2 -10382 31054
0 58 112 2 31048 31045
0 58 113 2 -35 -14
0 58 114 2 -5 -2
0 58 115 2 33 13
0 58 116 2 -6 18
0 58 117 2 -20 -31
0 58 118 2 28 1
0 58 119 2 0 -5
0 58 120 2 -56 25
0 58 121 2 12 1
0 58 122 2 -42 -15
0 58 123 2 13 26
0 58 124 2 5 -14
0 58 125 2 -12 33
0 58 126 2 -12 -9
0 58 127 2 4 -6
0 58 128 2 47 -22
0 58 129 2 -28 -20
0 58 130 2 17 -8
0 58 131 2 7 17
0 58 132 2 -10 6
0 58 133 2 24 0
0 58 134 2 3 7
0 58 135 2 -19 12
0 58 136 2 -11 -14
0 58 137 2 -17 -2
0 58 138 2 1 -1
0 58 139 2 9 -10
0 58 140 2 4 -15
0 58 141 2 3 24
0 58 142 2 31 11
0 58 143 2 14 0
0 58 144 2 31116 -31071
0 58 145 2 31101 -10374
0 58 146 2 10367 10357
0 58 147 2 -10365 31076
0 58 148 2 -31086 -10368
0 58 149 2 -31103 10312
0 58 150 2 -10323 10395
0 58 151 2 -31096 10345
0 58 152 2 -10366 -10365
0 58 153 2 10359 -31060
0 58 154 2 31057 -31076
0 58 155 2 -31080 -31094
0 58 156 2 -10377 31100
0 58 157 2 -31094 -31078
0 58 158 2 31091 10355
0 58 159 2 32809 3
0 58 160 2 10367 31095
0 58 161 2 -10375 10354
0 58 162 2 -31083 10303
0 58 163 2 31098 31082
0 58 164 2 10368 -10368
0 58 165 2 -31054 -10376
0 58 166 2 31055 -10365
0 58 167 2 10374 10326
0 58 168 2 -10318 -31059
0 58 169 2 -31086 -31107
0 58 170 2 -10343 -31088
0 58 171 2 31096 10399
0 58 172 2 31107 -10371
0 58 173 2 -31084 -31111
0 58 174 2 -10368 -31083
0 58 175 2 -31083 -31137
0 58 176 2 10355 31061
0 58 177 2 -10377 -10343
0 58 178 2 -10379 31082
0 58 179 2 -10350 31100
0 58 180 2 10338 10361
0 58 181 2 -31083 10338
0 58 182 2 31098 31074
0 58 183 2 -31083 31076
0 58 184 2 31078 -10350
0 58 185 2 31109 10372
0 58 186 2 -10368 10339
0 58 187 2 -31105 -10378
0 58 188 2 -10340 -10362
0 58 189 2 10374 10369
0 58 190 2 10360 31079
0 58 191 2 32745 5
0 58 192 2 31087 10385
0 58 193 2 10383 -31054
0 58 194 2 -10341 -31088
0 58 195 2 -10369 -31109
0 58 196 2 -10384 31086
0 58 197 2 31048 31127
0 58 198 2 31112 -31096
0 58 199 2 -31072 -31113
0 58 200 2 -10340 -10366
0 58 201 2 10361 31093
0 58 202 2 -10328 -10373
0 58 203 2 31088 10334
0 58 204 2 31105 -10371
0 58 205 2 31061 10380
0 58 206 2 -10322 -10336
0 58 207 2 10355 10364
0 58 208 2 -10347 31092
0 58 209 2 -31094 10362
0 58 210 2 31057 -31097
0 58 211 2 31053 10379
0 58 212 2 31059 10344
0 58 213 2 -31095 10396
0 58 214 2 -10337 31042
0 58 215 2 -10392 10376
0 58 216 2 -31117 -10384
0 58 217 2 -10364 31104
0 58 218 2 10350 31084
0 58 219 2 -31060 -10356
0 58 220 2 10392 -10377
0 58 221 2 31053 31088
0 58 222 2 -31102 31080
0 58 223 2 32757 16
0 58 224 2 -10404 31099
0 58 225 2 -31082 -31083
0 58 226 2 -10375 31091
0 58 227 2 31056 10373
0 58 228 2 31096 -10326
0 58 229 2 -10384 10384
0 58 230 2 -31104 31067
0 58 231 2 -10373 -10381
0 58 232 2 10338 -10343
0 58 233 2 31061 -31082
0 58 234 2 -10387 -31095
0 58 235 2 -31083 10340
0 58 236 2 -31091 -31075
0 58 237 2 -31077 31084
0 58 238 2 10355 31057
0 58 239 2 -31073 -10380
0 58 240 2 10357 -10385
0 58 241 2 31095 -31088
0 58 242 2 31122 -10374
0 58 243 2 31089 -10348
0 58 244 2 31110 -10325
0 58 245 2 -10327 -31109
0 58 246 2 10388 -31085
0 58 247 2 -10380 -31096
0 58 248 2 -10363 10327
0 58 249 2 10388 -10371
0 58 250 2 10392 -31072
0 58 251 2 -10352 10356
0 58 252 2 31097 31072
0 58 253 2 10345 31101
0 58 254 2 -31099 31085
0 58 255 2 32753 -7
