0 1 0 1 1 7 0 0 0 0 0
0 1 1 1 1 7 0 0 0 0 0
0 1 2 1 1 -7 0 0 0 0 0
0 1 3 1 1 -7 0 0 0 0 0
0 1 4 1 1 -7 0 0 0 0 0
0 1 5 1 1 7 0 0 0 0 0
0 1 6 1 1 7 0 0 0 0 0
0 1 7 1 1 7 0 0 0 0 0
0 1 8 1 1 -7 0 0 0 0 0
0 1 9 1 1 7 0 0 0 0 0
0 1 10 1 1 7 0 0 0 0 0
0 1 11 1 1 -7 0 0 0 0 0
0 1 12 1 1 7 0 0 0 0 0
0 1 13 1 1 7 0 0 0 0 0
0 1 14 1 1 7 0 0 0 0 0
0 1 15 1 1 7 0 0 0 0 0
0 1 16 1 1 -7 0 0 0 0 0
0 1 17 1 1 -7 0 0 0 0 0
0 1 18 1 1 -7 0 0 0 0 0
0 1 19 1 1 7 0 0 0 0 0
0 1 20 1 1 -7 0 0 0 0 0
0 1 21 1 1 7 0 0 0 0 0
0 1 22 1 1 -7 0 0 0 0 0
0 1 23 1 1 7 0 0 0 0 0
0 1 24 1 1 -7 0 0 0 0 0
0 1 25 1 1 -7 0 0 0 0 0
0 1 26 1 1 -7 0 0 0 0 0
0 1 27 1 1 -7 0 0 0 0 0
0 1 28 1 1 7 0 0 0 0 0
0 1 29 1 1 -7 0 0 0 0 0
0 1 30 1 1 7 0 0 0 0 0
0 1 31 1 1 7 0 0 0 0 0
0 1 32 1 1 -7 0 0 0 0 0
0 1 33 1 1 -7 0 0 0 0 0
0 1 34 1 1 -7 0 0 0 0 0
0 1 35 1 1 7 0 0 0 0 0
0 1 36 1 1 -7 0 0 0 0 0
0 1 37 1 1 -7 0 0 0 0 0
0 1 38 1 1 7 0 0 0 0 0
0 1 39 1 1 -7 0 0 0 0 0
0 1 40 1 1 -7 0 0 0 0 0
0 1 41 1 1 7 0 0 0 0 0
0 1 42 1 1 -7 0 0 0 0 0
0 1 43 1 1 -7 0 0 0 0 0
0 1 44 1 1 -7 0 0 0 0 0
0 1 45 1 1 -7 0 0 0 0 0
0 1 46 1 1 7 0 0 0 0 0
0 1 47 1 1 7 0 0 0 0 0
0 1 48 1 1 7 0 0 0 0 0
0 1 49 1 1 7 0 0 0 0 0
0 1 50 1 1 7 0 0 0 0 0
0 1 51 1 1 7 0 0 0 0 0
0 1 52 1 1 7 0 0 0 0 0
0 1 53 1 1 -7 0 0 0 0 0
0 1 54 1 1 7 0 0 0 0 0
0 1 55 1 1 -7 0 0 0 0 0
0 1 56 1 1 7 0 0 0 0 0
0 1 57 1 1 -7 0 0 0 0 0
0 1 58 1 1 7 0 0 0 0 0
0 1 59 1 1 -7 0 0 0 0 0
0 1 60 1 1 7 0 0 0 0 0
0 1 61 1 1 -7 0 0 0 0 0
0 1 62 1 1 -7 0 0 0 0 0
0 1 63 1 1 7 0 0 0 0 0
0 1 64 1 1 -7 0 0 0 0 0
0 1 65 1 1 -7 0 0 0 0 0
0 1 66 1 1 -7 0 0 0 0 0
0 1 67 1 1 7 0 0 0 0 0
0 1 68 1 1 7 0 0 0 0 0
0 1 69 1 1 7 0 0 0 0 0
0 1 70 1 1 7 0 0 0 0 0
0 1 71 1 1 7 0 0 0 0 0
0 1 72 1 1 -7 0 0 0 0 0
0 1 73 1 1 7 0 0 0 0 0
0 1 74 1 1 -7 0 0 0 0 0
0 1 75 1 1 -7 0 0 0 0 0
0 1 76 1 1 7 0 0 0 0 0
0 1 77 1 1 -7 0 0 0 0 0
0 1 78 1 1 7 0 0 0 0 0
0 1 79 1 1 -7 0 0 0 0 0
0 1 80 1 1 7 0 0 0 0 0
0 1 81 1 1 -7 0 0 0 0 0
0 1 82 1 1 7 0 0 0 0 0
0 1 83 1 1 7 0 0 0 0 0
0 1 84 1 1 7 0 0 0 0 0
0 1 85 1 1 7 0 0 0 0 0
0 1 86 1 1 7 0 0 0 0 0
0 1 87 1 1 7 0 0 0 0 0
0 1 88 1 1 -7 0 0 0 0 0
0 1 89 1 1 7 0 0 0 0 0
0 1 90 1 1 -7 0 0 0 0 0
0 1 91 1 1 -7 0 0 0 0 0
0 1 92 1 1 7 0 0 0 0 0
0 1 93 1 1 -7 0 0 0 0 0
0 1 94 1 1 -7 0 0 0 0 0
0 1 95 1 1 -7 0 0 0 0 0
0 1 96 1 1 -7 0 0 0 0 0
0 1 97 1 1 7 0 0 0 0 0
0 1 98 1 1 7 0 0 0 0 0
0 1 99 1 1 -7 0 0 0 0 0
0 1 100 1 1 7 0 0 0 0 0
0 1 101 1 1 7 0 0 0 0 0
0 1 102 1 1 7 0 0 0 0 0
0 1 103 1 1 7 0 0 0 0 0
0 1 104 1 1 7 0 0 0 0 0
0 1 105 1 1 7 0 0 0 0 0
0 1 106 1 1 7 0 0 0 0 0
0 1 107 1 1 7 0 0 0 0 0
0 1 108 1 1 -7 0 0 0 0 0
0 1 109 1 1 7 0 0 0 0 0
0 1 110 1 1 7 0 0 0 0 0
0 1 111 1 1 7 0 0 0 0 0
0 1 112 1 1 -7 0 0 0 0 0
0 1 113 1 1 7 0 0 0 0 0
0 1 114 1 1 7 0 0 0 0 0
0 1 115 1 1 -7 0 0 0 0 0
0 1 116 1 1 -7 0 0 0 0 0
0 1 117 1 1 -7 0 0 0 0 0
0 1 118 1 1 -7 0 0 0 0 0
0 1 119 1 1 7 0 0 0 0 0
0 1 120 1 1 7 0 0 0 0 0
0 1 121 1 1 -7 0 0 0 0 0
0 1 122 1 1 -7 0 0 0 0 0
0 1 123 1 1 -7 0 0 0 0 0
0 1 124 1 1 -7 0 0 0 0 0
0 1 125 1 1 -7 0 0 0 0 0
0 1 126 1 1 7 0 0 0 0 0
0 1 127 1 1 -7 0 0 0 0 0
0 1 128 1 1 -7 0 0 0 0 0
0 1 129 1 1 7 0 0 0 0 0
0 1 130 1 1 7 0 0 0 0 0
0 1 131 1 1 -7 0 0 0 0 0
0 1 132 1 1 -7 0 0 0 0 0
0 1 133 1 1 7 0 0 0 0 0
0 1 134 1 1 7 0 0 0 0 0
0 1 135 1 1 7 0 0 0 0 0
0 1 136 1 1 7 0 0 0 0 0
0 1 137 1 1 -7 0 0 0 0 0
0 1 138 1 1 -7 0 0 0 0 0
0 1 139 1 1 7 0 0 0 0 0
0 1 140 1 1 -7 0 0 0 0 0
0 1 141 1 1 -7 0 0 0 0 0
0 1 142 1 1 7 0 0 0 0 0
0 1 143 1 1 7 0 0 0 0 0
0 1 144 1 1 7 0 0 0 0 0
0 1 145 1 1 7 0 0 0 0 0
0 1 146 1 1 7 0 0 0 0 0
0 1 147 1 1 -7 0 0 0 0 0
0 1 148 1 1 7 0 0 0 0 0
0 1 149 1 1 -7 0 0 0 0 0
0 1 150 1 1 -7 0 0 0 0 0
0 1 151 1 1 7 0 0 0 0 0
0 1 152 1 1 7 0 0 0 0 0
0 1 153 1 1 7 0 0 0 0 0
0 1 154 1 1 7 0 0 0 0 0
0 1 155 1 1 -7 0 0 0 0 0
0 1 156 1 1 7 0 0 0 0 0
0 1 157 1 1 -7 0 0 0 0 0
0 1 158 1 1 -7 0 0 0 0 0
0 1 159 1 1 -7 0 0 0 0 0
0 1 160 1 1 7 0 0 0 0 0
0 1 161 1 1 7 0 0 0 0 0
0 1 162 1 1 7 0 0 0 0 0
0 1 163 1 1 -7 0 0 0 0 0
0 1 164 1 1 -7 0 0 0 0 0
0 1 165 1 1 7 0 0 0 0 0
0 1 166 1 1 -7 0 0 0 0 0
0 1 167 1 1 7 0 0 0 0 0
0 1 168 1 1 7 0 0 0 0 0
0 1 169 1 1 -7 0 0 0 0 0
0 1 170 1 1 7 0 0 0 0 0
0 1 171 1 1 7 0 0 0 0 0
0 1 172 1 1 -7 0 0 0 0 0
0 1 173 1 1 7 0 0 0 0 0
0 1 174 1 1 7 0 0 0 0 0
0 1 175 1 1 -7 0 0 0 0 0
0 1 176 1 1 -7 0 0 0 0 0
0 1 177 1 1 7 0 0 0 0 0
0 1 178 1 1 7 0 0 0 0 0
0 1 179 1 1 -7 0 0 0 0 0
0 1 180 1 1 7 0 0 0 0 0
0 1 181 1 1 -7 0 0 0 0 0
0 1 182 1 1 7 0 0 0 0 0
0 1 183 1 1 -7 0 0 0 0 0
0 1 184 1 1 -7 0 0 0 0 0
0 1 185 1 1 7 0 0 0 0 0
0 1 186 1 1 -7 0 0 0 0 0
0 1 187 1 1 7 0 0 0 0 0
0 1 188 1 1 7 0 0 0 0 0
0 1 189 1 1 7 0 0 0 0 0
0 1 190 1 1 7 0 0 0 0 0
0 1 191 1 1 7 0 0 0 0 0
0 1 192 1 1 7 0 0 0 0 0
0 1 193 1 1 7 0 0 0 0 0
0 1 194 1 1 7 0 0 0 0 0
0 1 195 1 1 -7 0 0 0 0 0
0 1 196 1 1 7 0 0 0 0 0
0 1 197 1 1 -7 0 0 0 0 0
0 1 198 1 1 -7 0 0 0 0 0
0 1 199 1 1 7 0 0 0 0 0
0 1 200 1 1 -7 0 0 0 0 0
0 1 201 1 1 7 0 0 0 0 0
0 1 202 1 1 -7 0 0 0 0 0
0 1 203 1 1 7 0 0 0 0 0
0 1 204 1 1 -7 0 0 0 0 0
0 1 205 1 1 -7 0 0 0 0 0
0 1 206 1 1 7 0 0 0 0 0
0 1 207 1 1 -7 0 0 0 0 0
0 1 208 1 1 -7 0 0 0 0 0
0 1 209 1 1 7 0 0 0 0 0
0 1 210 1 1 -7 0 0 0 0 0
0 1 211 1 1 -7 0 0 0 0 0
0 1 212 1 1 7 0 0 0 0 0
0 1 213 1 1 7 0 0 0 0 0
0 1 214 1 1 7 0 0 0 0 0
0 1 215 1 1 -7 0 0 0 0 0
0 2 0 1 1 -7 0 0 0 0 0
0 2 1 1 1 -7 0 0 0 0 0
0 2 2 1 1 7 0 0 0 0 0
0 2 3 1 1 7 0 0 0 0 0
0 2 4 1 1 -7 0 0 0 0 0
0 2 5 1 1 7 0 0 0 0 0
0 2 6 1 1 7 0 0 0 0 0
0 2 7 1 1 7 0 0 0 0 0
0 2 8 1 1 7 0 0 0 0 0
0 2 9 1 1 -7 0 0 0 0 0
0 2 10 1 1 -7 0 0 0 0 0
0 2 11 1 1 -7 0 0 0 0 0
0 2 12 1 1 7 0 0 0 0 0
0 2 13 1 1 7 0 0 0 0 0
0 2 14 1 1 -7 0 0 0 0 0
0 2 15 1 1 7 0 0 0 0 0
0 2 16 1 1 -7 0 0 0 0 0
0 2 17 1 1 -7 0 0 0 0 0
0 2 18 1 1 -7 0 0 0 0 0
0 2 19 1 1 7 0 0 0 0 0
0 2 20 1 1 7 0 0 0 0 0
0 2 21 1 1 7 0 0 0 0 0
0 2 22 1 1 7 0 0 0 0 0
0 2 23 1 1 -7 0 0 0 0 0
0 2 24 1 1 -7 0 0 0 0 0
0 2 25 1 1 7 0 0 0 0 0
0 2 26 1 1 -7 0 0 0 0 0
0 2 27 1 1 7 0 0 0 0 0
0 2 28 1 1 7 0 0 0 0 0
0 2 29 1 1 -7 0 0 0 0 0
0 2 30 1 1 7 0 0 0 0 0
0 2 31 1 1 7 0 0 0 0 0
0 2 32 1 1 7 0 0 0 0 0
0 2 33 1 1 7 0 0 0 0 0
0 2 34 1 1 -7 0 0 0 0 0
0 2 35 1 1 -7 0 0 0 0 0
0 2 36 1 1 7 0 0 0 0 0
0 2 37 1 1 -7 0 0 0 0 0
0 2 38 1 1 7 0 0 0 0 0
0 2 39 1 1 -7 0 0 0 0 0
0 2 40 1 1 7 0 0 0 0 0
0 2 41 1 1 -7 0 0 0 0 0
0 2 42 1 1 -7 0 0 0 0 0
0 2 43 1 1 7 0 0 0 0 0
0 2 44 1 1 -7 0 0 0 0 0
0 2 45 1 1 7 0 0 0 0 0
0 2 46 1 1 7 0 0 0 0 0
0 2 47 1 1 7 0 0 0 0 0
0 2 48 1 1 7 0 0 0 0 0
0 2 49 1 1 7 0 0 0 0 0
0 2 50 1 1 -7 0 0 0 0 0
0 2 51 1 1 -7 0 0 0 0 0
0 2 52 1 1 7 0 0 0 0 0
0 2 53 1 1 -7 0 0 0 0 0
0 2 54 1 1 7 0 0 0 0 0
0 2 55 1 1 7 0 0 0 0 0
0 2 56 1 1 7 0 0 0 0 0
0 2 57 1 1 7 0 0 0 0 0
0 2 58 1 1 7 0 0 0 0 0
0 2 59 1 1 -7 0 0 0 0 0
0 2 60 1 1 7 0 0 0 0 0
0 2 61 1 1 7 0 0 0 0 0
0 2 62 1 1 -7 0 0 0 0 0
0 2 63 1 1 -7 0 0 0 0 0
0 2 64 1 1 -7 0 0 0 0 0
0 2 65 1 1 -7 0 0 0 0 0
0 2 66 1 1 7 0 0 0 0 0
0 2 67 1 1 7 0 0 0 0 0
0 2 68 1 1 -7 0 0 0 0 0
0 2 69 1 1 -7 0 0 0 0 0
0 2 70 1 1 7 0 0 0 0 0
0 2 71 1 1 -7 0 0 0 0 0
0 2 72 1 1 7 0 0 0 0 0
0 2 73 1 1 -7 0 0 0 0 0
0 2 74 1 1 -7 0 0 0 0 0
0 2 75 1 1 -7 0 0 0 0 0
0 2 76 1 1 7 0 0 0 0 0
0 2 77 1 1 -7 0 0 0 0 0
0 2 78 1 1 7 0 0 0 0 0
0 2 79 1 1 -7 0 0 0 0 0
0 2 80 1 1 -7 0 0 0 0 0
0 2 81 1 1 7 0 0 0 0 0
0 2 82 1 1 7 0 0 0 0 0
0 2 83 1 1 7 0 0 0 0 0
0 2 84 1 1 7 0 0 0 0 0
0 2 85 1 1 7 0 0 0 0 0
0 2 86 1 1 7 0 0 0 0 0
0 2 87 1 1 7 0 0 0 0 0
0 2 88 1 1 7 0 0 0 0 0
0 2 89 1 1 7 0 0 0 0 0
0 2 90 1 1 -7 0 0 0 0 0
0 2 91 1 1 -7 0 0 0 0 0
0 2 92 1 1 -7 0 0 0 0 0
0 2 93 1 1 7 0 0 0 0 0
0 2 94 1 1 -7 0 0 0 0 0
0 2 95 1 1 -7 0 0 0 0 0
0 2 96 1 1 7 0 0 0 0 0
0 2 97 1 1 -7 0 0 0 0 0
0 2 98 1 1 -7 0 0 0 0 0
0 2 99 1 1 7 0 0 0 0 0
0 2 100 1 1 7 0 0 0 0 0
0 2 101 1 1 7 0 0 0 0 0
0 2 102 1 1 7 0 0 0 0 0
0 2 103 1 1 -7 0 0 0 0 0
0 2 104 1 1 7 0 0 0 0 0
0 2 105 1 1 -7 0 0 0 0 0
0 2 106 1 1 -7 0 0 0 0 0
0 2 107 1 1 7 0 0 0 0 0
0 2 108 1 1 -7 0 0 0 0 0
0 2 109 1 1 7 0 0 0 0 0
0 2 110 1 1 7 0 0 0 0 0
0 2 111 1 1 -7 0 0 0 0 0
0 2 112 1 1 -7 0 0 0 0 0
0 2 113 1 1 7 0 0 0 0 0
0 2 114 1 1 7 0 0 0 0 0
0 2 115 1 1 7 0 0 0 0 0
0 2 116 1 1 -7 0 0 0 0 0
0 2 117 1 1 -7 0 0 0 0 0
0 2 118 1 1 -7 0 0 0 0 0
0 2 119 1 1 -7 0 0 0 0 0
0 2 120 1 1 7 0 0 0 0 0
0 2 121 1 1 -7 0 0 0 0 0
0 2 122 1 1 -7 0 0 0 0 0
0 2 123 1 1 7 0 0 0 0 0
0 2 124 1 1 7 0 0 0 0 0
0 2 125 1 1 -7 0 0 0 0 0
0 2 126 1 1 -7 0 0 0 0 0
0 2 127 1 1 7 0 0 0 0 0
0 2 128 1 1 7 0 0 0 0 0
0 2 129 1 1 -7 0 0 0 0 0
0 2 130 1 1 7 0 0 0 0 0
0 2 131 1 1 7 0 0 0 0 0
0 2 132 1 1 -7 0 0 0 0 0
0 2 133 1 1 7 0 0 0 0 0
0 2 134 1 1 7 0 0 0 0 0
0 2 135 1 1 -7 0 0 0 0 0
0 2 136 1 1 7 0 0 0 0 0
0 2 137 1 1 7 0 0 0 0 0
0 2 138 1 1 -7 0 0 0 0 0
0 2 139 1 1 7 0 0 0 0 0
0 2 140 1 1 -7 0 0 0 0 0
0 2 141 1 1 7 0 0 0 0 0
0 2 142 1 1 -7 0 0 0 0 0
0 2 143 1 1 7 0 0 0 0 0
0 2 144 1 1 7 0 0 0 0 0
0 2 145 1 1 7 0 0 0 0 0
0 2 146 1 1 7 0 0 0 0 0
0 2 147 1 1 -7 0 0 0 0 0
0 2 148 1 1 7 0 0 0 0 0
0 2 149 1 1 7 0 0 0 0 0
0 2 150 1 1 -7 0 0 0 0 0
0 2 151 1 1 7 0 0 0 0 0
0 2 152 1 1 7 0 0 0 0 0
0 2 153 1 1 -7 0 0 0 0 0
0 2 154 1 1 7 0 0 0 0 0
0 2 155 1 1 -7 0 0 0 0 0
0 2 156 1 1 7 0 0 0 0 0
0 2 157 1 1 -7 0 0 0 0 0
0 2 158 1 1 -7 0 0 0 0 0
0 2 159 1 1 7 0 0 0 0 0
0 2 160 1 1 -7 0 0 0 0 0
0 2 161 1 1 7 0 0 0 0 0
0 2 162 1 1 -7 0 0 0 0 0
0 2 163 1 1 -7 0 0 0 0 0
0 2 164 1 1 7 0 0 0 0 0
0 2 165 1 1 -7 0 0 0 0 0
0 2 166 1 1 7 0 0 0 0 0
0 2 167 1 1 -7 0 0 0 0 0
0 2 168 1 1 -7 0 0 0 0 0
0 2 169 1 1 7 0 0 0 0 0
0 2 170 1 1 7 0 0 0 0 0
0 2 171 1 1 -7 0 0 0 0 0
0 2 172 1 1 7 0 0 0 0 0
0 2 173 1 1 -7 0 0 0 0 0
0 2 174 1 1 7 0 0 0 0 0
0 2 175 1 1 7 0 0 0 0 0
0 2 176 1 1 -7 0 0 0 0 0
0 2 177 1 1 -7 0 0 0 0 0
0 2 178 1 1 -7 0 0 0 0 0
0 2 179 1 1 -7 0 0 0 0 0
0 2 180 1 1 7 0 0 0 0 0
0 2 181 1 1 -7 0 0 0 0 0
0 2 182 1 1 7 0 0 0 0 0
0 2 183 1 1 -7 0 0 0 0 0
0 2 184 1 1 -7 0 0 0 0 0
0 2 185 1 1 7 0 0 0 0 0
0 2 186 1 1 -7 0 0 0 0 0
0 2 187 1 1 -7 0 0 0 0 0
0 2 188 1 1 -7 0 0 0 0 0
0 2 189 1 1 7 0 0 0 0 0
0 2 190 1 1 7 0 0 0 0 0
0 2 191 1 1 -7 0 0 0 0 0
0 2 192 1 1 -7 0 0 0 0 0
0 2 193 1 1 7 0 0 0 0 0
0 2 194 1 1 -7 0 0 0 0 0
0 2 195 1 1 -7 0 0 0 0 0
0 2 196 1 1 7 0 0 0 0 0
0 2 197 1 1 -7 0 0 0 0 0
0 2 198 1 1 -7 0 0 0 0 0
0 2 199 1 1 7 0 0 0 0 0
0 2 200 1 1 7 0 0 0 0 0
0 2 201 1 1 -7 0 0 0 0 0
0 2 202 1 1 7 0 0 0 0 0
0 2 203 1 1 7 0 0 0 0 0
0 2 204 1 1 -7 0 0 0 0 0
0 2 205 1 1 -7 0 0 0 0 0
0 2 206 1 1 -7 0 0 0 0 0
0 2 207 1 1 -7 0 0 0 0 0
0 2 208 1 1 -7 0 0 0 0 0
0 2 209 1 1 7 0 0 0 0 0
0 2 210 1 1 -7 0 0 0 0 0
0 2 211 1 1 -7 0 0 0 0 0
0 2 212 1 1 -7 0 0 0 0 0
0 2 213 1 1 7 0 0 0 0 0
0 2 214 1 1 7 0 0 0 0 0
0 2 215 1 1 7 0 0 0 0 0
0 3 0 3 4 7 -7 -7 -7 0 0
0 3 1 3 4 7 7 -7 -7 0 0
0 3 2 3 4 -7 -7 -7 7 0 0
0 3 3 3 4 -7 7 -7 -7 0 0
0 3 4 3 4 -7 7 -7 -7 0 0
0 3 5 3 4 7 7 7 -7 0 0
0 3 6 3 4 -7 7 7 -7 0 0
0 3 7 3 4 7 7 7 7 0 0
0 3 8 3 4 -7 -7 7 7 0 0
0 3 9 3 4 -7 7 -7 7 0 0
0 3 10 3 4 -7 7 -7 -7 0 0
0 3 11 3 4 7 7 -7 7 0 0
0 3 12 3 4 -7 7 7 -7 0 0
0 3 13 3 4 7 7 -7 7 0 0
0 3 14 3 4 7 7 -7 -7 0 0
0 3 15 3 4 7 7 7 -7 0 0
0 3 16 3 4 7 7 7 7 0 0
0 3 17 3 4 -7 -7 7 7 0 0
0 3 18 3 4 -7 7 7 -7 0 0
0 3 19 3 4 -7 7 -7 7 0 0
0 3 20 3 4 -7 -7 7 7 0 0
0 3 21 3 4 -7 -7 7 7 0 0
0 3 22 3 4 -7 -7 7 -7 0 0
0 3 23 3 4 7 -7 -7 -7 0 0
0 3 24 3 4 7 7 7 -7 0 0
0 3 25 3 4 7 -7 -7 -7 0 0
0 3 26 3 4 7 7 -7 -7 0 0
0 3 27 3 4 7 -7 7 -7 0 0
0 3 28 3 4 -7 -7 7 7 0 0
0 3 29 3 4 -7 -7 -7 7 0 0
0 3 30 3 4 -7 -7 7 7 0 0
0 3 31 3 4 -7 7 7 -7 0 0
0 3 32 3 4 -7 7 7 7 0 0
0 3 33 3 4 -7 7 -7 7 0 0
0 3 34 3 4 -7 7 7 7 0 0
0 3 35 3 4 -7 7 -7 7 0 0
0 3 36 3 4 7 7 7 -7 0 0
0 3 37 3 4 7 -7 -7 7 0 0
0 3 38 3 4 -7 7 -7 7 0 0
0 3 39 3 4 -7 -7 -7 7 0 0
0 3 40 3 4 7 7 7 7 0 0
0 3 41 3 4 -7 7 -7 -7 0 0
0 3 42 3 4 7 7 -7 -7 0 0
0 3 43 3 4 7 -7 7 -7 0 0
0 3 44 3 4 -7 7 7 -7 0 0
0 3 45 3 4 -7 7 -7 -7 0 0
0 3 46 3 4 -7 7 -7 -7 0 0
0 3 47 3 4 7 7 7 7 0 0
0 3 48 3 4 -7 -7 7 7 0 0
0 3 49 3 4 -7 7 7 -7 0 0
0 3 50 3 4 -7 -7 -7 7 0 0
0 3 51 3 4 -7 7 -7 -7 0 0
0 3 52 3 4 -7 -7 7 -7 0 0
0 3 53 3 4 7 -7 7 -7 0 0
0 3 54 3 4 -7 -7 7 7 0 0
0 3 55 3 4 7 -7 7 7 0 0
0 3 56 3 4 7 7 -7 -7 0 0
0 3 57 3 4 -7 7 7 -7 0 0
0 3 58 3 4 7 -7 -7 7 0 0
0 3 59 3 4 -7 -7 7 7 0 0
0 3 60 3 4 -7 7 -7 -7 0 0
0 3 61 3 4 -7 7 7 -7 0 0
0 3 62 3 4 -7 -7 7 7 0 0
0 3 63 3 4 7 -7 7 7 0 0
0 3 64 3 4 -7 -7 -7 -7 0 0
0 3 65 3 4 -7 7 7 7 0 0
0 3 66 3 4 -7 7 7 7 0 0
0 3 67 3 4 7 -7 7 -7 0 0
0 3 68 3 4 7 7 7 7 0 0
0 3 69 3 4 -7 7 7 -7 0 0
0 3 70 3 4 7 7 7 7 0 0
0 3 71 3 4 7 -7 7 -7 0 0
0 3 72 3 4 7 -7 7 7 0 0
0 3 73 3 4 -7 7 -7 -7 0 0
0 3 74 3 4 -7 7 -7 7 0 0
0 3 75 3 4 7 -7 -7 -7 0 0
0 3 76 3 4 7 7 7 -7 0 0
0 3 77 3 4 -7 -7 7 7 0 0
0 3 78 3 4 -7 7 -7 -7 0 0
0 3 79 3 4 7 7 7 7 0 0
0 3 80 3 4 -7 -7 -7 7 0 0
0 3 81 3 4 -7 -7 7 -7 0 0
0 3 82 3 4 7 7 -7 7 0 0
0 3 83 3 4 -7 7 -7 -7 0 0
0 3 84 3 4 7 7 7 7 0 0
0 3 85 3 4 7 7 -7 -7 0 0
0 3 86 3 4 7 7 7 7 0 0
0 3 87 3 4 7 -7 7 7 0 0
0 3 88 3 4 -7 -7 -7 -7 0 0
0 3 89 3 4 -7 -7 -7 7 0 0
0 3 90 3 4 7 7 -7 -7 0 0
0 3 91 3 4 7 7 -7 7 0 0
0 3 92 3 4 7 7 7 7 0 0
0 3 93 3 4 -7 -7 7 -7 0 0
0 3 94 3 4 -7 7 -7 -7 0 0
0 3 95 3 4 -7 7 7 -7 0 0
0 3 96 3 4 -7 7 -7 -7 0 0
0 3 97 3 4 7 7 -7 -7 0 0
0 3 98 3 4 7 7 7 7 0 0
0 3 99 3 4 7 7 -7 -7 0 0
0 3 100 3 4 7 7 -7 -7 0 0
0 3 101 3 4 7 7 7 7 0 0
0 3 102 3 4 7 7 -7 -7 0 0
0 3 103 3 4 7 7 7 -7 0 0
0 3 104 3 4 -7 -7 -7 -7 0 0
0 3 105 3 4 -7 -7 7 -7 0 0
0 3 106 3 4 7 7 7 -7 0 0
0 3 107 3 4 7 -7 -7 -7 0 0
0 3 108 3 4 -7 -7 -7 -7 0 0
0 3 109 3 4 7 -7 -7 -7 0 0
0 3 110 3 4 7 7 7 -7 0 0
0 3 111 3 4 -7 7 7 -7 0 0
0 3 112 3 4 -7 -7 7 -7 0 0
0 3 113 3 4 7 7 7 -7 0 0
0 3 114 3 4 -7 7 -7 7 0 0
0 3 115 3 4 -7 -7 -7 -7 0 0
0 3 116 3 4 7 7 -7 7 0 0
0 3 117 3 4 -7 -7 -7 -7 0 0
0 3 118 3 4 -7 7 -7 7 0 0
0 3 119 3 4 7 7 -7 7 0 0
0 3 120 3 4 -7 -7 -7 -7 0 0
0 3 121 3 4 -7 -7 -7 -7 0 0
0 3 122 3 4 7 -7 -7 -7 0 0
0 3 123 3 4 -7 -7 7 7 0 0
0 3 124 3 4 7 7 -7 -7 0 0
0 3 125 3 4 7 7 -7 7 0 0
0 3 126 3 4 -7 -7 -7 7 0 0
0 3 127 3 4 7 7 7 -7 0 0
0 3 128 3 4 -7 7 -7 7 0 0
0 3 129 3 4 7 7 7 7 0 0
0 3 130 3 4 7 -7 -7 7 0 0
0 3 131 3 4 7 -7 7 -7 0 0
0 3 132 3 4 7 -7 7 -7 0 0
0 3 133 3 4 -7 7 -7 7 0 0
0 3 134 3 4 -7 7 -7 7 0 0
0 3 135 3 4 -7 7 -7 7 0 0
0 3 136 3 4 -7 7 7 7 0 0
0 3 137 3 4 7 -7 7 7 0 0
0 3 138 3 4 -7 -7 -7 7 0 0
0 3 139 3 4 7 7 7 -7 0 0
0 3 140 3 4 -7 -7 -7 -7 0 0
0 3 141 3 4 -7 7 7 7 0 0
0 3 142 3 4 -7 -7 -7 -7 0 0
0 3 143 3 4 7 -7 7 7 0 0
0 3 144 3 4 -7 7 7 7 0 0
0 3 145 3 4 -7 7 -7 -7 0 0
0 3 146 3 4 7 7 -7 -7 0 0
0 3 147 3 4 -7 -7 -7 -7 0 0
0 3 148 3 4 7 -7 7 -7 0 0
0 3 149 3 4 -7 7 -7 7 0 0
0 3 150 3 4 -7 7 7 7 0 0
0 3 151 3 4 7 7 7 7 0 0
0 3 152 3 4 7 7 -7 -7 0 0
0 3 153 3 4 7 7 -7 7 0 0
0 3 154 3 4 -7 -7 -7 7 0 0
0 3 155 3 4 7 -7 -7 -7 0 0
0 3 156 3 4 -7 7 7 7 0 0
0 3 157 3 4 -7 -7 7 7 0 0
0 3 158 3 4 7 7 -7 -7 0 0
0 3 159 3 4 -7 7 -7 -7 0 0
0 3 160 3 4 -7 -7 7 7 0 0
0 3 161 3 4 -7 7 7 -7 0 0
0 3 162 3 4 -7 7 -7 -7 0 0
0 3 163 3 4 -7 -7 7 7 0 0
0 3 164 3 4 7 7 -7 -7 0 0
0 3 165 3 4 -7 -7 7 -7 0 0
0 3 166 3 4 7 -7 7 -7 0 0
0 3 167 3 4 -7 7 7 7 0 0
0 3 168 3 4 -7 7 -7 7 0 0
0 3 169 3 4 -7 7 7 7 0 0
0 3 170 3 4 -7 -7 -7 7 0 0
0 3 171 3 4 7 -7 7 7 0 0
0 3 172 3 4 7 -7 7 7 0 0
0 3 173 3 4 7 -7 -7 -7 0 0
0 3 174 3 4 7 -7 7 -7 0 0
0 3 175 3 4 7 -7 7 -7 0 0
0 3 176 3 4 7 7 -7 -7 0 0
0 3 177 3 4 7 7 7 -7 0 0
0 3 178 3 4 -7 -7 -7 7 0 0
0 3 179 3 4 7 -7 7 7 0 0
0 3 180 3 4 7 7 7 -7 0 0
0 3 181 3 4 -7 -7 -7 -7 0 0
0 3 182 3 4 -7 -7 7 -7 0 0
0 3 183 3 4 -7 7 -7 7 0 0
0 3 184 3 4 7 7 -7 -7 0 0
0 3 185 3 4 -7 7 7 7 0 0
0 3 186 3 4 7 -7 7 7 0 0
0 3 187 3 4 -7 -7 7 7 0 0
0 3 188 3 4 7 7 -7 7 0 0
0 3 189 3 4 7 7 7 7 0 0
0 3 190 3 4 -7 -7 7 7 0 0
0 3 191 3 4 7 7 7 -7 0 0
0 3 192 3 4 -7 7 -7 -7 0 0
0 3 193 3 4 -7 7 7 7 0 0
0 3 194 3 4 -7 -7 7 7 0 0
0 3 195 3 4 7 7 7 7 0 0
0 3 196 3 4 -7 -7 -7 -7 0 0
0 3 197 3 4 -7 7 -7 7 0 0
0 3 198 3 4 7 -7 -7 -7 0 0
0 3 199 3 4 7 -7 7 7 0 0
0 3 200 3 4 7 7 -7 7 0 0
0 3 201 3 4 -7 7 -7 7 0 0
0 3 202 3 4 7 7 7 7 0 0
0 3 203 3 4 7 -7 7 7 0 0
0 3 204 3 4 -7 7 7 7 0 0
0 3 205 3 4 7 7 7 7 0 0
0 3 206 3 4 7 -7 7 -7 0 0
0 3 207 3 4 -7 7 -7 -7 0 0
0 3 208 3 4 -7 7 -7 7 0 0
0 3 209 3 4 -7 -7 -7 7 0 0
0 3 210 3 4 7 7 -7 7 0 0
0 3 211 3 4 -7 -7 7 7 0 0
0 3 212 3 4 -7 7 7 -7 0 0
0 3 213 3 4 -7 7 7 7 0 0
0 3 214 3 4 -7 -7 -7 7 0 0
0 3 215 3 4 7 7 7 7 0 0
0 4 0 3 4 7 7 -7 -7 0 0
0 4 1 3 4 -7 -7 7 -7 0 0
0 4 2 3 4 -7 7 7 -7 0 0
0 4 3 3 4 -7 -7 7 -7 0 0
0 4 4 3 4 -7 -7 -7 -7 0 0
0 4 5 3 4 -7 7 -7 -7 0 0
0 4 6 3 4 -7 7 7 7 0 0
0 4 7 3 4 -7 7 -7 -7 0 0
0 4 8 3 4 7 7 7 7 0 0
0 4 9 3 4 -7 -7 -7 -7 0 0
0 4 10 3 4 7 -7 7 -7 0 0
0 4 11 3 4 -7 -7 -7 7 0 0
0 4 12 3 4 7 -7 7 7 0 0
0 4 13 3 4 -7 7 7 -7 0 0
0 4 14 3 4 -7 7 7 7 0 0
0 4 15 3 4 -7 7 7 -7 0 0
0 4 16 3 4 -7 7 -7 7 0 0
0 4 17 3 4 7 -7 -7 -7 0 0
0 4 18 3 4 7 7 -7 7 0 0
0 4 19 3 4 -7 7 -7 -7 0 0
0 4 20 3 4 7 7 7 -7 0 0
0 4 21 3 4 -7 7 -7 -7 0 0
0 4 22 3 4 7 7 -7 -7 0 0
0 4 23 3 4 -7 7 -7 -7 0 0
0 4 24 3 4 -7 7 -7 -7 0 0
0 4 25 3 4 7 -7 7 -7 0 0
0 4 26 3 4 -7 7 -7 -7 0 0
0 4 27 3 4 -7 -7 -7 7 0 0
0 4 28 3 4 7 7 -7 -7 0 0
0 4 29 3 4 -7 7 7 7 0 0
0 4 30 3 4 -7 7 -7 7 0 0
0 4 31 3 4 7 -7 -7 7 0 0
0 4 32 3 4 -7 -7 7 -7 0 0
0 4 33 3 4 -7 7 7 7 0 0
0 4 34 3 4 7 -7 -7 -7 0 0
0 4 35 3 4 -7 -7 -7 -7 0 0
0 4 36 3 4 -7 -7 -7 7 0 0
0 4 37 3 4 7 -7 7 -7 0 0
0 4 38 3 4 7 -7 7 7 0 0
0 4 39 3 4 7 -7 7 -7 0 0
0 4 40 3 4 -7 7 -7 7 0 0
0 4 41 3 4 7 7 -7 -7 0 0
0 4 42 3 4 -7 -7 -7 7 0 0
0 4 43 3 4 -7 -7 7 -7 0 0
0 4 44 3 4 -7 -7 7 7 0 0
0 4 45 3 4 -7 -7 7 -7 0 0
0 4 46 3 4 7 -7 7 7 0 0
0 4 47 3 4 -7 7 7 7 0 0
0 4 48 3 4 -7 -7 -7 7 0 0
0 4 49 3 4 7 7 7 -7 0 0
0 4 50 3 4 7 7 7 -7 0 0
0 4 51 3 4 -7 -7 7 -7 0 0
0 4 52 3 4 7 7 -7 -7 0 0
0 4 53 3 4 -7 7 7 -7 0 0
0 4 54 3 4 -7 -7 7 -7 0 0
0 4 55 3 4 -7 -7 7 7 0 0
0 4 56 3 4 7 7 -7 -7 0 0
0 4 57 3 4 7 7 -7 7 0 0
0 4 58 3 4 7 -7 7 -7 0 0
0 4 59 3 4 7 -7 -7 7 0 0
0 4 60 3 4 7 -7 7 7 0 0
0 4 61 3 4 -7 -7 7 7 0 0
0 4 62 3 4 -7 7 7 7 0 0
0 4 63 3 4 7 -7 7 7 0 0
0 4 64 3 4 -7 -7 -7 7 0 0
0 4 65 3 4 7 -7 7 7 0 0
0 4 66 3 4 7 -7 7 7 0 0
0 4 67 3 4 7 -7 7 -7 0 0
0 4 68 3 4 7 7 7 7 0 0
0 4 69 3 4 -7 7 7 -7 0 0
0 4 70 3 4 -7 -7 7 -7 0 0
0 4 71 3 4 -7 7 -7 7 0 0
0 4 72 3 4 7 -7 7 7 0 0
0 4 73 3 4 7 7 7 -7 0 0
0 4 74 3 4 -7 7 -7 -7 0 0
0 4 75 3 4 7 -7 -7 -7 0 0
0 4 76 3 4 -7 7 7 7 0 0
0 4 77 3 4 7 7 7 7 0 0
0 4 78 3 4 -7 7 7 7 0 0
0 4 79 3 4 7 -7 -7 7 0 0
0 4 80 3 4 7 -7 -7 7 0 0
0 4 81 3 4 -7 7 7 -7 0 0
0 4 82 3 4 7 7 7 -7 0 0
0 4 83 3 4 -7 7 7 -7 0 0
0 4 84 3 4 7 7 7 -7 0 0
0 4 85 3 4 7 7 -7 -7 0 0
0 4 86 3 4 7 7 7 -7 0 0
0 4 87 3 4 -7 -7 -7 7 0 0
0 4 88 3 4 7 -7 7 -7 0 0
0 4 89 3 4 7 7 7 -7 0 0
0 4 90 3 4 7 7 -7 7 0 0
0 4 91 3 4 -7 7 -7 7 0 0
0 4 92 3 4 -7 7 7 -7 0 0
0 4 93 3 4 -7 -7 -7 -7 0 0
0 4 94 3 4 7 -7 7 7 0 0
0 4 95 3 4 -7 7 -7 -7 0 0
0 4 96 3 4 7 -7 7 7 0 0
0 4 97 3 4 -7 7 -7 7 0 0
0 4 98 3 4 7 7 7 7 0 0
0 4 99 3 4 -7 -7 7 7 0 0
0 4 100 3 4 7 -7 7 7 0 0
0 4 101 3 4 7 -7 -7 7 0 0
0 4 102 3 4 -7 7 7 7 0 0
0 4 103 3 4 7 -7 -7 7 0 0
0 4 104 3 4 7 -7 -7 -7 0 0
0 4 105 3 4 7 7 7 -7 0 0
0 4 106 3 4 7 -7 -7 7 0 0
0 4 107 3 4 7 7 -7 -7 0 0
0 4 108 3 4 7 7 -7 7 0 0
0 4 109 3 4 -7 -7 7 7 0 0
0 4 110 3 4 7 7 -7 -7 0 0
0 4 111 3 4 -7 -7 7 -7 0 0
0 4 112 3 4 7 7 7 7 0 0
0 4 113 3 4 -7 7 7 -7 0 0
0 4 114 3 4 7 -7 7 7 0 0
0 4 115 3 4 -7 7 -7 -7 0 0
0 4 116 3 4 7 7 -7 7 0 0
0 4 117 3 4 7 7 7 -7 0 0
0 4 118 3 4 -7 -7 7 7 0 0
0 4 119 3 4 7 -7 -7 7 0 0
0 4 120 3 4 7 7 -7 7 0 0
0 4 121 3 4 -7 7 -7 -7 0 0
0 4 122 3 4 7 7 7 -7 0 0
0 4 123 3 4 -7 -7 -7 -7 0 0
0 4 124 3 4 -7 -7 -7 7 0 0
0 4 125 3 4 7 7 7 -7 0 0
0 4 126 3 4 -7 7 7 -7 0 0
0 4 127 3 4 7 7 7 -7 0 0
0 4 128 3 4 -7 7 -7 -7 0 0
0 4 129 3 4 -7 -7 7 7 0 0
0 4 130 3 4 7 -7 -7 -7 0 0
0 4 131 3 4 -7 -7 7 7 0 0
0 4 132 3 4 7 7 7 -7 0 0
0 4 133 3 4 7 -7 7 7 0 0
0 4 134 3 4 -7 -7 7 7 0 0
0 4 135 3 4 -7 -7 7 -7 0 0
0 4 136 3 4 -7 -7 7 -7 0 0
0 4 137 3 4 7 -7 7 -7 0 0
0 4 138 3 4 -7 -7 7 7 0 0
0 4 139 3 4 7 -7 7 7 0 0
0 4 140 3 4 7 7 -7 7 0 0
0 4 141 3 4 -7 7 -7 -7 0 0
0 4 142 3 4 -7 -7 7 -7 0 0
0 4 143 3 4 -7 7 7 7 0 0
0 4 144 3 4 -7 7 7 -7 0 0
0 4 145 3 4 7 7 7 7 0 0
0 4 146 3 4 7 7 7 -7 0 0
0 4 147 3 4 7 7 -7 -7 0 0
0 4 148 3 4 -7 -7 -7 7 0 0
0 4 149 3 4 7 7 -7 -7 0 0
0 4 150 3 4 7 7 7 7 0 0
0 4 151 3 4 7 -7 -7 -7 0 0
0 4 152 3 4 7 -7 7 -7 0 0
0 4 153 3 4 7 7 7 -7 0 0
0 4 154 3 4 -7 -7 7 -7 0 0
0 4 155 3 4 7 7 7 -7 0 0
0 4 156 3 4 -7 -7 7 -7 0 0
0 4 157 3 4 -7 7 7 7 0 0
0 4 158 3 4 -7 -7 -7 -7 0 0
0 4 159 3 4 -7 -7 7 -7 0 0
0 4 160 3 4 -7 7 7 -7 0 0
0 4 161 3 4 -7 -7 7 -7 0 0
0 4 162 3 4 -7 -7 7 -7 0 0
0 4 163 3 4 7 7 7 7 0 0
0 4 164 3 4 7 7 7 -7 0 0
0 4 165 3 4 7 -7 -7 -7 0 0
0 4 166 3 4 7 -7 -7 7 0 0
0 4 167 3 4 -7 -7 7 -7 0 0
0 4 168 3 4 7 -7 7 7 0 0
0 4 169 3 4 7 7 -7 7 0 0
0 4 170 3 4 -7 7 -7 7 0 0
0 4 171 3 4 -7 -7 7 -7 0 0
0 4 172 3 4 -7 7 -7 7 0 0
0 4 173 3 4 7 -7 -7 7 0 0
0 4 174 3 4 7 -7 -7 7 0 0
0 4 175 3 4 7 7 -7 -7 0 0
0 4 176 3 4 -7 7 -7 7 0 0
0 4 177 3 4 -7 7 7 -7 0 0
0 4 178 3 4 7 -7 7 -7 0 0
0 4 179 3 4 -7 7 7 7 0 0
0 4 180 3 4 -7 -7 7 -7 0 0
0 4 181 3 4 7 7 7 7 0 0
0 4 182 3 4 -7 7 -7 -7 0 0
0 4 183 3 4 7 -7 7 7 0 0
0 4 184 3 4 7 -7 7 -7 0 0
0 4 185 3 4 7 7 -7 -7 0 0
0 4 186 3 4 7 -7 -7 7 0 0
0 4 187 3 4 7 -7 -7 -7 0 0
0 4 188 3 4 -7 -7 7 -7 0 0
0 4 189 3 4 7 -7 -7 7 0 0
0 4 190 3 4 7 7 7 7 0 0
0 4 191 3 4 -7 7 7 7 0 0
0 4 192 3 4 7 -7 -7 7 0 0
0 4 193 3 4 7 -7 -7 -7 0 0
0 4 194 3 4 7 7 7 7 0 0
0 4 195 3 4 7 7 -7 -7 0 0
0 4 196 3 4 -7 7 7 7 0 0
0 4 197 3 4 7 7 7 -7 0 0
0 4 198 3 4 7 7 -7 -7 0 0
0 4 199 3 4 -7 -7 7 7 0 0
0 4 200 3 4 -7 -7 7 -7 0 0
0 4 201 3 4 -7 7 -7 -7 0 0
0 4 202 3 4 -7 -7 7 7 0 0
0 4 203 3 4 7 -7 7 -7 0 0
0 4 204 3 4 -7 7 7 7 0 0
0 4 205 3 4 -7 -7 -7 7 0 0
0 4 206 3 4 -7 -7 -7 -7 0 0
0 4 207 3 4 7 -7 7 7 0 0
0 4 208 3 4 7 7 7 -7 0 0
0 4 209 3 4 -7 7 -7 -7 0 0
0 4 210 3 4 7 7 -7 7 0 0
0 4 211 3 4 -7 7 7 7 0 0
0 4 212 3 4 -7 7 7 7 0 0
0 4 213 3 4 -7 7 -7 -7 0 0
0 4 214 3 4 -7 -7 -7 -7 0 0
0 4 215 3 4 -7 -7 7 -7 0 0
0 5 0 3 4 7 7 -7 7 0 0
0 5 1 3 4 7 -7 -7 -7 0 0
0 5 2 3 4 -7 7 7 7 0 0
0 5 3 3 4 7 -7 -7 -7 0 0
0 5 4 3 4 7 7 7 -7 0 0
0 5 5 3 4 7 -7 7 -7 0 0
0 5 6 3 4 -7 7 7 -7 0 0
0 5 7 3 4 7 7 -7 7 0 0
0 5 8 3 4 -7 -7 7 -7 0 0
0 5 9 3 4 -7 -7 -7 -7 0 0
0 5 10 3 4 -7 -7 -7 7 0 0
0 5 11 3 4 7 -7 -7 7 0 0
0 5 12 3 4 7 -7 -7 -7 0 0
0 5 13 3 4 -7 7 7 -7 0 0
0 5 14 3 4 7 -7 7 -7 0 0
0 5 15 3 4 -7 7 -7 7 0 0
0 5 16 3 4 -7 7 7 -7 0 0
0 5 17 3 4 7 7 7 -7 0 0
0 5 18 3 4 7 7 -7 7 0 0
0 5 19 3 4 -7 7 7 7 0 0
0 5 20 3 4 -7 7 7 -7 0 0
0 5 21 3 4 7 -7 -7 -7 0 0
0 5 22 3 4 7 -7 7 7 0 0
0 5 23 3 4 7 7 7 7 0 0
0 5 24 3 4 -7 7 7 7 0 0
0 5 25 3 4 -7 -7 -7 -7 0 0
0 5 26 3 4 7 7 7 7 0 0
0 5 27 3 4 -7 -7 -7 -7 0 0
0 5 28 3 4 -7 -7 -7 7 0 0
0 5 29 3 4 7 7 7 -7 0 0
0 5 30 3 4 7 -7 7 -7 0 0
0 5 31 3 4 7 7 7 7 0 0
0 5 32 3 4 -7 -7 7 7 0 0
0 5 33 3 4 -7 -7 -7 7 0 0
0 5 34 3 4 7 -7 7 -7 0 0
0 5 35 3 4 7 -7 7 -7 0 0
0 5 36 3 4 -7 7 -7 -7 0 0
0 5 37 3 4 7 7 7 7 0 0
0 5 38 3 4 -7 -7 7 7 0 0
0 5 39 3 4 7 7 -7 -7 0 0
0 5 40 3 4 7 7 -7 7 0 0
0 5 41 3 4 7 -7 7 7 0 0
0 5 42 3 4 -7 7 7 -7 0 0
0 5 43 3 4 7 7 7 7 0 0
0 5 44 3 4 7 7 7 -7 0 0
0 5 45 3 4 7 -7 7 7 0 0
0 5 46 3 4 -7 -7 -7 -7 0 0
0 5 47 3 4 -7 -7 -7 -7 0 0
0 5 48 3 4 7 7 7 -7 0 0
0 5 49 3 4 -7 -7 -7 -7 0 0
0 5 50 3 4 -7 -7 -7 -7 0 0
0 5 51 3 4 -7 -7 -7 7 0 0
0 5 52 3 4 7 -7 -7 -7 0 0
0 5 53 3 4 -7 7 -7 -7 0 0
0 5 54 3 4 -7 7 7 -7 0 0
0 5 55 3 4 7 7 -7 -7 0 0
0 5 56 3 4 -7 7 -7 7 0 0
0 5 57 3 4 -7 -7 7 -7 0 0
0 5 58 3 4 7 7 7 -7 0 0
0 5 59 3 4 -7 7 -7 -7 0 0
0 5 60 3 4 7 7 -7 7 0 0
0 5 61 3 4 -7 -7 7 -7 0 0
0 5 62 3 4 -7 7 -7 -7 0 0
0 5 63 3 4 7 -7 7 7 0 0
0 5 64 3 4 -7 -7 -7 -7 0 0
0 5 65 3 4 7 -7 -7 7 0 0
0 5 66 3 4 -7 -7 -7 -7 0 0
0 5 67 3 4 7 -7 -7 7 0 0
0 5 68 3 4 7 -7 7 7 0 0
0 5 69 3 4 -7 7 7 -7 0 0
0 5 70 3 4 -7 7 7 -7 0 0
0 5 71 3 4 7 7 7 7 0 0
0 5 72 3 4 -7 -7 -7 -7 0 0
0 5 73 3 4 7 -7 7 -7 0 0
0 5 74 3 4 7 -7 7 7 0 0
0 5 75 3 4 7 -7 -7 7 0 0
0 5 76 3 4 7 -7 7 -7 0 0
0 5 77 3 4 7 -7 7 7 0 0
0 5 78 3 4 7 -7 -7 -7 0 0
0 5 79 3 4 7 -7 -7 -7 0 0
0 5 80 3 4 7 -7 7 -7 0 0
0 5 81 3 4 -7 -7 7 7 0 0
0 5 82 3 4 -7 7 -7 -7 0 0
0 5 83 3 4 7 -7 7 7 0 0
0 5 84 3 4 7 -7 -7 7 0 0
0 5 85 3 4 -7 7 7 -7 0 0
0 5 86 3 4 -7 7 7 7 0 0
0 5 87 3 4 -7 -7 7 -7 0 0
0 5 88 3 4 7 7 7 7 0 0
0 5 89 3 4 7 7 7 7 0 0
0 5 90 3 4 -7 -7 -7 7 0 0
0 5 91 3 4 -7 7 7 7 0 0
0 5 92 3 4 -7 7 -7 7 0 0
0 5 93 3 4 7 7 -7 7 0 0
0 5 94 3 4 7 7 -7 7 0 0
0 5 95 3 4 -7 7 -7 -7 0 0
0 5 96 3 4 -7 7 7 -7 0 0
0 5 97 3 4 -7 7 -7 -7 0 0
0 5 98 3 4 7 -7 -7 -7 0 0
0 5 99 3 4 -7 -7 7 -7 0 0
0 5 100 3 4 7 -7 -7 -7 0 0
0 5 101 3 4 -7 -7 -7 -7 0 0
0 5 102 3 4 7 -7 7 -7 0 0
0 5 103 3 4 7 -7 7 -7 0 0
0 5 104 3 4 -7 -7 -7 7 0 0
0 5 105 3 4 7 -7 -7 -7 0 0
0 5 106 3 4 -7 -7 -7 7 0 0
0 5 107 3 4 7 7 -7 -7 0 0
0 5 108 3 4 -7 -7 7 7 0 0
0 5 109 3 4 -7 7 -7 -7 0 0
0 5 110 3 4 -7 7 7 7 0 0
0 5 111 3 4 7 7 7 -7 0 0
0 5 112 3 4 7 7 7 -7 0 0
0 5 113 3 4 7 7 7 -7 0 0
0 5 114 3 4 -7 -7 7 -7 0 0
0 5 115 3 4 7 -7 7 -7 0 0
0 5 116 3 4 -7 -7 -7 -7 0 0
0 5 117 3 4 7 -7 7 7 0 0
0 5 118 3 4 7 7 7 7 0 0
0 5 119 3 4 7 -7 7 7 0 0
0 5 120 3 4 7 7 -7 -7 0 0
0 5 121 3 4 7 7 7 -7 0 0
0 5 122 3 4 7 -7 7 -7 0 0
0 5 123 3 4 7 7 -7 7 0 0
0 5 124 3 4 -7 7 -7 -7 0 0
0 5 125 3 4 -7 7 -7 7 0 0
0 5 126 3 4 7 7 7 -7 0 0
0 5 127 3 4 -7 7 -7 7 0 0
0 5 128 3 4 7 -7 -7 7 0 0
0 5 129 3 4 -7 -7 7 7 0 0
0 5 130 3 4 7 7 7 7 0 0
0 5 131 3 4 -7 7 7 7 0 0
0 5 132 3 4 7 7 -7 7 0 0
0 5 133 3 4 7 -7 -7 7 0 0
0 5 134 3 4 -7 -7 -7 7 0 0
0 5 135 3 4 -7 -7 7 7 0 0
0 5 136 3 4 7 7 -7 7 0 0
0 5 137 3 4 7 -7 7 -7 0 0
0 5 138 3 4 7 -7 -7 7 0 0
0 5 139 3 4 -7 7 -7 7 0 0
0 5 140 3 4 7 7 7 -7 0 0
0 5 141 3 4 -7 7 7 -7 0 0
0 5 142 3 4 -7 -7 7 -7 0 0
0 5 143 3 4 7 -7 7 7 0 0
0 5 144 3 4 -7 7 -7 7 0 0
0 5 145 3 4 7 7 7 -7 0 0
0 5 146 3 4 -7 7 -7 7 0 0
0 5 147 3 4 7 -7 7 7 0 0
0 5 148 3 4 -7 -7 7 -7 0 0
0 5 149 3 4 -7 -7 7 -7 0 0
0 5 150 3 4 7 -7 -7 -7 0 0
0 5 151 3 4 -7 -7 -7 -7 0 0
0 5 152 3 4 -7 -7 -7 -7 0 0
0 5 153 3 4 -7 -7 7 7 0 0
0 5 154 3 4 -7 -7 -7 -7 0 0
0 5 155 3 4 -7 -7 7 -7 0 0
0 5 156 3 4 7 -7 7 7 0 0
0 5 157 3 4 7 -7 -7 -7 0 0
0 5 158 3 4 7 7 -7 -7 0 0
0 5 159 3 4 7 -7 7 7 0 0
0 5 160 3 4 7 -7 -7 -7 0 0
0 5 161 3 4 -7 -7 7 7 0 0
0 5 162 3 4 -7 7 7 -7 0 0
0 5 163 3 4 7 7 -7 7 0 0
0 5 164 3 4 7 7 -7 -7 0 0
0 5 165 3 4 -7 -7 -7 -7 0 0
0 5 166 3 4 -7 -7 7 -7 0 0
0 5 167 3 4 7 -7 -7 -7 0 0
0 5 168 3 4 7 -7 7 7 0 0
0 5 169 3 4 7 -7 -7 -7 0 0
0 5 170 3 4 -7 7 -7 -7 0 0
0 5 171 3 4 7 7 -7 -7 0 0
0 5 172 3 4 -7 7 7 7 0 0
0 5 173 3 4 -7 7 -7 7 0 0
0 5 174 3 4 -7 7 7 7 0 0
0 5 175 3 4 7 -7 -7 -7 0 0
0 5 176 3 4 7 7 -7 7 0 0
0 5 177 3 4 7 7 -7 7 0 0
0 5 178 3 4 7 -7 7 7 0 0
0 5 179 3 4 -7 7 -7 7 0 0
0 5 180 3 4 7 -7 7 7 0 0
0 5 181 3 4 -7 7 -7 -7 0 0
0 5 182 3 4 -7 -7 7 -7 0 0
0 5 183 3 4 7 7 7 -7 0 0
0 5 184 3 4 -7 -7 7 7 0 0
0 5 185 3 4 7 -7 7 7 0 0
0 5 186 3 4 7 -7 7 -7 0 0
0 5 187 3 4 -7 -7 7 7 0 0
0 5 188 3 4 7 7 -7 7 0 0
0 5 189 3 4 -7 -7 -7 7 0 0
0 5 190 3 4 7 7 -7 -7 0 0
0 5 191 3 4 7 7 -7 7 0 0
0 5 192 3 4 7 -7 -7 7 0 0
0 5 193 3 4 -7 -7 -7 7 0 0
0 5 194 3 4 -7 -7 7 7 0 0
0 5 195 3 4 7 7 -7 -7 0 0
0 5 196 3 4 7 7 -7 -7 0 0
0 5 197 3 4 7 -7 7 7 0 0
0 5 198 3 4 7 7 7 -7 0 0
0 5 199 3 4 -7 -7 -7 -7 0 0
0 5 200 3 4 7 -7 7 7 0 0
0 5 201 3 4 7 -7 7 7 0 0
0 5 202 3 4 -7 -7 7 7 0 0
0 5 203 3 4 -7 -7 -7 -7 0 0
0 5 204 3 4 7 7 -7 7 0 0
0 5 205 3 4 -7 7 7 -7 0 0
0 5 206 3 4 7 -7 7 -7 0 0
0 5 207 3 4 -7 7 7 -7 0 0
0 5 208 3 4 -7 -7 -7 7 0 0
0 5 209 3 4 -7 7 -7 7 0 0
0 5 210 3 4 7 7 7 7 0 0
0 5 211 3 4 -7 -7 7 -7 0 0
0 5 212 3 4 7 -7 -7 7 0 0
0 5 213 3 4 7 7 7 -7 0 0
0 5 214 3 4 7 -7 7 -7 0 0
0 5 215 3 4 7 -7 7 7 0 0
0 6 0 3 4 -7 7 -7 7 0 0
0 6 1 3 4 7 -7 -7 -7 0 0
0 6 2 3 4 -7 -7 -7 -7 0 0
0 6 3 3 4 -7 -7 -7 7 0 0
0 6 4 3 4 7 -7 -7 7 0 0
0 6 5 3 4 7 -7 7 -7 0 0
0 6 6 3 4 -7 -7 7 -7 0 0
0 6 7 3 4 -7 7 -7 -7 0 0
0 6 8 3 4 7 -7 7 -7 0 0
0 6 9 3 4 -7 -7 -7 7 0 0
0 6 10 3 4 -7 7 -7 7 0 0
0 6 11 3 4 7 -7 7 -7 0 0
0 6 12 3 4 7 -7 7 7 0 0
0 6 13 3 4 7 7 -7 -7 0 0
0 6 14 3 4 -7 7 -7 -7 0 0
0 6 15 3 4 -7 7 7 7 0 0
0 6 16 3 4 7 7 7 -7 0 0
0 6 17 3 4 -7 7 -7 7 0 0
0 6 18 3 4 7 7 7 -7 0 0
0 6 19 3 4 -7 -7 -7 -7 0 0
0 6 20 3 4 7 -7 -7 7 0 0
0 6 21 3 4 7 7 -7 -7 0 0
0 6 22 3 4 7 -7 -7 7 0 0
0 6 23 3 4 7 7 7 -7 0 0
0 6 24 3 4 7 7 -7 7 0 0
0 6 25 3 4 -7 7 7 -7 0 0
0 6 26 3 4 -7 -7 -7 7 0 0
0 6 27 3 4 -7 -7 -7 7 0 0
0 6 28 3 4 7 7 -7 -7 0 0
0 6 29 3 4 -7 7 7 7 0 0
0 6 30 3 4 7 7 7 7 0 0
0 6 31 3 4 7 -7 7 -7 0 0
0 6 32 3 4 -7 7 -7 7 0 0
0 6 33 3 4 7 -7 7 7 0 0
0 6 34 3 4 -7 -7 -7 -7 0 0
0 6 35 3 4 7 -7 7 -7 0 0
0 6 36 3 4 -7 -7 7 -7 0 0
0 6 37 3 4 -7 -7 -7 7 0 0
0 6 38 3 4 -7 7 7 -7 0 0
0 6 39 3 4 7 -7 -7 -7 0 0
0 6 40 3 4 7 7 -7 -7 0 0
0 6 41 3 4 -7 -7 -7 7 0 0
0 6 42 3 4 -7 7 7 7 0 0
0 6 43 3 4 7 7 7 7 0 0
0 6 44 3 4 7 -7 -7 7 0 0
0 6 45 3 4 7 -7 7 -7 0 0
0 6 46 3 4 -7 -7 -7 -7 0 0
0 6 47 3 4 7 7 7 7 0 0
0 6 48 3 4 7 7 -7 -7 0 0
0 6 49 3 4 -7 -7 7 -7 0 0
0 6 50 3 4 7 7 7 -7 0 0
0 6 51 3 4 7 -7 -7 7 0 0
0 6 52 3 4 -7 -7 -7 7 0 0
0 6 53 3 4 7 -7 7 7 0 0
0 6 54 3 4 -7 7 7 7 0 0
0 6 55 3 4 -7 7 -7 -7 0 0
0 6 56 3 4 7 7 -7 7 0 0
0 6 57 3 4 7 -7 7 -7 0 0
0 6 58 3 4 -7 -7 7 7 0 0
0 6 59 3 4 7 -7 -7 -7 0 0
0 6 60 3 4 -7 -7 -7 7 0 0
0 6 61 3 4 7 7 -7 7 0 0
0 6 62 3 4 -7 -7 -7 7 0 0
0 6 63 3 4 7 7 -7 7 0 0
0 6 64 3 4 7 7 7 7 0 0
0 6 65 3 4 7 7 -7 -7 0 0
0 6 66 3 4 -7 7 7 7 0 0
0 6 67 3 4 7 -7 -7 -7 0 0
0 6 68 3 4 7 -7 7 -7 0 0
0 6 69 3 4 7 -7 -7 7 0 0
0 6 70 3 4 7 -7 7 7 0 0
0 6 71 3 4 7 -7 7 -7 0 0
0 6 72 3 4 7 -7 7 -7 0 0
0 6 73 3 4 7 -7 -7 -7 0 0
0 6 74 3 4 7 7 7 -7 0 0
0 6 75 3 4 -7 -7 7 -7 0 0
0 6 76 3 4 7 7 -7 7 0 0
0 6 77 3 4 -7 -7 -7 -7 0 0
0 6 78 3 4 7 7 7 -7 0 0
0 6 79 3 4 7 -7 7 7 0 0
0 6 80 3 4 -7 -7 7 -7 0 0
0 6 81 3 4 -7 7 7 7 0 0
0 6 82 3 4 7 7 -7 7 0 0
0 6 83 3 4 7 7 -7 -7 0 0
0 6 84 3 4 -7 7 7 -7 0 0
0 6 85 3 4 -7 -7 7 -7 0 0
0 6 86 3 4 7 7 7 7 0 0
0 6 87 3 4 -7 -7 -7 -7 0 0
0 6 88 3 4 7 -7 7 7 0 0
0 6 89 3 4 -7 7 -7 7 0 0
0 6 90 3 4 -7 -7 -7 7 0 0
0 6 91 3 4 -7 -7 -7 -7 0 0
0 6 92 3 4 -7 7 -7 7 0 0
0 6 93 3 4 7 7 -7 7 0 0
0 6 94 3 4 7 -7 7 -7 0 0
0 6 95 3 4 -7 7 7 7 0 0
0 6 96 3 4 -7 -7 7 7 0 0
0 6 97 3 4 -7 -7 -7 -7 0 0
0 6 98 3 4 -7 7 7 7 0 0
0 6 99 3 4 7 7 -7 7 0 0
0 6 100 3 4 -7 7 7 -7 0 0
0 6 101 3 4 -7 7 -7 7 0 0
0 6 102 3 4 7 7 -7 -7 0 0
0 6 103 3 4 -7 7 7 7 0 0
0 6 104 3 4 -7 7 -7 7 0 0
0 6 105 3 4 -7 7 -7 -7 0 0
0 6 106 3 4 -7 -7 7 -7 0 0
0 6 107 3 4 -7 -7 -7 -7 0 0
0 6 108 3 4 7 -7 7 7 0 0
0 6 109 3 4 7 7 7 7 0 0
0 6 110 3 4 7 -7 -7 -7 0 0
0 6 111 3 4 -7 -7 -7 7 0 0
0 6 112 3 4 -7 7 7 -7 0 0
0 6 113 3 4 7 -7 -7 -7 0 0
0 6 114 3 4 7 -7 -7 7 0 0
0 6 115 3 4 7 -7 7 7 0 0
0 6 116 3 4 -7 7 -7 7 0 0
0 6 117 3 4 -7 7 7 -7 0 0
0 6 118 3 4 7 7 -7 -7 0 0
0 6 119 3 4 7 7 -7 -7 0 0
0 6 120 3 4 7 7 -7 -7 0 0
0 6 121 3 4 7 -7 -7 7 0 0
0 6 122 3 4 7 7 -7 -7 0 0
0 6 123 3 4 7 7 7 7 0 0
0 6 124 3 4 7 7 7 -7 0 0
0 6 125 3 4 -7 7 -7 7 0 0
0 6 126 3 4 -7 -7 -7 7 0 0
0 6 127 3 4 -7 7 -7 -7 0 0
0 6 128 3 4 7 7 7 7 0 0
0 6 129 3 4 -7 -7 7 -7 0 0
0 6 130 3 4 -7 7 7 7 0 0
0 6 131 3 4 7 -7 -7 7 0 0
0 6 132 3 4 -7 7 -7 -7 0 0
0 6 133 3 4 7 7 7 -7 0 0
0 6 134 3 4 -7 7 7 7 0 0
0 6 135 3 4 7 -7 -7 7 0 0
0 6 136 3 4 -7 7 -7 7 0 0
0 6 137 3 4 -7 -7 -7 7 0 0
0 6 138 3 4 7 7 -7 -7 0 0
0 6 139 3 4 -7 7 -7 7 0 0
0 6 140 3 4 -7 -7 7 -7 0 0
0 6 141 3 4 7 -7 -7 -7 0 0
0 6 142 3 4 7 -7 7 7 0 0
0 6 143 3 4 7 -7 7 7 0 0
0 6 144 3 4 -7 7 -7 -7 0 0
0 6 145 3 4 -7 -7 -7 7 0 0
0 6 146 3 4 7 -7 7 -7 0 0
0 6 147 3 4 7 -7 7 -7 0 0
0 6 148 3 4 -7 -7 7 7 0 0
0 6 149 3 4 -7 7 7 -7 0 0
0 6 150 3 4 7 -7 -7 7 0 0
0 6 151 3 4 -7 -7 7 -7 0 0
0 6 152 3 4 7 7 -7 7 0 0
0 6 153 3 4 -7 7 7 -7 0 0
0 6 154 3 4 7 -7 7 7 0 0
0 6 155 3 4 -7 -7 -7 7 0 0
0 6 156 3 4 7 -7 -7 -7 0 0
0 6 157 3 4 -7 7 7 7 0 0
0 6 158 3 4 7 -7 7 -7 0 0
0 6 159 3 4 7 -7 -7 7 0 0
0 6 160 3 4 -7 7 -7 7 0 0
0 6 161 3 4 -7 7 -7 -7 0 0
0 6 162 3 4 -7 7 -7 7 0 0
0 6 163 3 4 7 7 -7 -7 0 0
0 6 164 3 4 -7 -7 7 -7 0 0
0 6 165 3 4 7 -7 7 -7 0 0
0 6 166 3 4 -7 7 7 -7 0 0
0 6 167 3 4 -7 -7 -7 7 0 0
0 6 168 3 4 -7 7 -7 -7 0 0
0 6 169 3 4 -7 -7 -7 7 0 0
0 6 170 3 4 -7 7 -7 7 0 0
0 6 171 3 4 -7 7 -7 -7 0 0
0 6 172 3 4 -7 -7 -7 -7 0 0
0 6 173 3 4 7 -7 -7 -7 0 0
0 6 174 3 4 7 -7 -7 -7 0 0
0 6 175 3 4 7 -7 7 7 0 0
0 6 176 3 4 -7 -7 7 7 0 0
0 6 177 3 4 7 -7 -7 7 0 0
0 6 178 3 4 -7 -7 -7 -7 0 0
0 6 179 3 4 -7 -7 -7 -7 0 0
0 6 180 3 4 -7 -7 -7 -7 0 0
0 6 181 3 4 -7 7 7 -7 0 0
0 6 182 3 4 -7 -7 -7 -7 0 0
0 6 183 3 4 7 7 -7 7 0 0
0 6 184 3 4 7 7 7 7 0 0
0 6 185 3 4 -7 7 7 7 0 0
0 6 186 3 4 7 7 -7 7 0 0
0 6 187 3 4 7 7 -7 7 0 0
0 6 188 3 4 -7 7 -7 -7 0 0
0 6 189 3 4 -7 7 7 -7 0 0
0 6 190 3 4 -7 -7 -7 7 0 0
0 6 191 3 4 -7 -7 7 -7 0 0
0 6 192 3 4 7 7 7 -7 0 0
0 6 193 3 4 7 -7 7 7 0 0
0 6 194 3 4 -7 -7 -7 7 0 0
0 6 195 3 4 7 7 7 -7 0 0
0 6 196 3 4 -7 7 -7 7 0 0
0 6 197 3 4 -7 7 -7 7 0 0
0 6 198 3 4 -7 7 -7 7 0 0
0 6 199 3 4 7 7 7 -7 0 0
0 6 200 3 4 -7 -7 -7 7 0 0
0 6 201 3 4 -7 -7 7 -7 0 0
0 6 202 3 4 7 7 -7 7 0 0
0 6 203 3 4 7 -7 7 -7 0 0
0 6 204 3 4 -7 7 7 -7 0 0
0 6 205 3 4 -7 7 7 7 0 0
0 6 206 3 4 7 -7 7 7 0 0
0 6 207 3 4 7 7 7 7 0 0
0 6 208 3 4 7 7 7 -7 0 0
0 6 209 3 4 -7 7 -7 7 0 0
0 6 210 3 4 7 -7 7 -7 0 0
0 6 211 3 4 7 -7 7 -7 0 0
0 6 212 3 4 7 -7 7 7 0 0
0 6 213 3 4 -7 -7 7 -7 0 0
0 6 214 3 4 7 -7 -7 7 0 0
0 6 215 3 4 7 7 7 -7 0 0
0 7 0 3 4 7 -7 -7 -7 0 0
0 7 1 3 4 -7 -7 7 7 0 0
0 7 2 3 4 7 7 -7 -7 0 0
0 7 3 3 4 -7 -7 -7 -7 0 0
0 7 4 3 4 7 -7 -7 -7 0 0
0 7 5 3 4 -7 -7 -7 -7 0 0
0 7 6 3 4 7 -7 -7 -7 0 0
0 7 7 3 4 7 7 7 -7 0 0
0 7 8 3 4 -7 7 7 7 0 0
0 7 9 3 4 -7 -7 7 7 0 0
0 7 10 3 4 7 -7 7 -7 0 0
0 7 11 3 4 -7 -7 7 -7 0 0
0 7 12 3 4 -7 7 -7 7 0 0
0 7 13 3 4 -7 7 -7 7 0 0
0 7 14 3 4 -7 7 -7 7 0 0
0 7 15 3 4 7 7 -7 7 0 0
0 7 16 3 4 7 -7 -7 7 0 0
0 7 17 3 4 -7 -7 -7 7 0 0
0 7 18 3 4 7 -7 -7 -7 0 0
0 7 19 3 4 7 -7 7 7 0 0
0 7 20 3 4 -7 -7 7 -7 0 0
0 7 21 3 4 -7 -7 -7 -7 0 0
0 7 22 3 4 7 -7 7 -7 0 0
0 7 23 3 4 -7 -7 -7 -7 0 0
0 7 24 3 4 -7 7 -7 7 0 0
0 7 25 3 4 7 7 7 -7 0 0
0 7 26 3 4 -7 -7 7 7 0 0
0 7 27 3 4 7 -7 7 -7 0 0
0 7 28 3 4 -7 -7 -7 7 0 0
0 7 29 3 4 -7 7 -7 -7 0 0
0 7 30 3 4 -7 7 7 7 0 0
0 7 31 3 4 -7 7 7 7 0 0
0 7 32 3 4 7 7 7 7 0 0
0 7 33 3 4 -7 7 -7 -7 0 0
0 7 34 3 4 -7 -7 -7 7 0 0
0 7 35 3 4 7 7 -7 -7 0 0
0 7 36 3 4 7 -7 -7 7 0 0
0 7 37 3 4 -7 7 7 7 0 0
0 7 38 3 4 -7 7 7 -7 0 0
0 7 39 3 4 7 7 -7 -7 0 0
0 7 40 3 4 -7 7 -7 -7 0 0
0 7 41 3 4 -7 7 7 7 0 0
0 7 42 3 4 -7 7 -7 7 0 0
0 7 43 3 4 7 -7 -7 7 0 0
0 7 44 3 4 -7 7 7 7 0 0
0 7 45 3 4 -7 -7 -7 -7 0 0
0 7 46 3 4 -7 -7 -7 -7 0 0
0 7 47 3 4 -7 7 7 -7 0 0
0 7 48 3 4 -7 -7 -7 -7 0 0
0 7 49 3 4 7 7 -7 7 0 0
0 7 50 3 4 -7 7 7 -7 0 0
0 7 51 3 4 -7 -7 -7 7 0 0
0 7 52 3 4 -7 -7 -7 7 0 0
0 7 53 3 4 -7 7 -7 -7 0 0
0 7 54 3 4 -7 7 7 -7 0 0
0 7 55 3 4 7 -7 -7 -7 0 0
0 7 56 3 4 7 -7 -7 -7 0 0
0 7 57 3 4 -7 7 -7 -7 0 0
0 7 58 3 4 -7 7 7 7 0 0
0 7 59 3 4 7 -7 -7 7 0 0
0 7 60 3 4 7 7 7 7 0 0
0 7 61 3 4 -7 -7 -7 7 0 0
0 7 62 3 4 7 7 -7 7 0 0
0 7 63 3 4 7 7 7 -7 0 0
0 7 64 3 4 7 7 7 7 0 0
0 7 65 3 4 -7 -7 -7 -7 0 0
0 7 66 3 4 7 -7 7 7 0 0
0 7 67 3 4 -7 -7 -7 7 0 0
0 7 68 3 4 -7 -7 -7 -7 0 0
0 7 69 3 4 7 -7 -7 -7 0 0
0 7 70 3 4 7 -7 -7 -7 0 0
0 7 71 3 4 -7 7 7 -7 0 0
0 7 72 3 4 7 7 7 7 0 0
0 7 73 3 4 7 -7 7 -7 0 0
0 7 74 3 4 -7 7 7 7 0 0
0 7 75 3 4 7 -7 7 7 0 0
0 7 76 3 4 7 -7 -7 7 0 0
0 7 77 3 4 -7 -7 7 7 0 0
0 7 78 3 4 7 7 -7 -7 0 0
0 7 79 3 4 7 -7 7 7 0 0
0 7 80 3 4 7 7 7 7 0 0
0 7 81 3 4 -7 -7 -7 -7 0 0
0 7 82 3 4 -7 7 -7 -7 0 0
0 7 83 3 4 -7 7 -7 -7 0 0
0 7 84 3 4 -7 -7 -7 -7 0 0
0 7 85 3 4 7 -7 -7 7 0 0
0 7 86 3 4 7 7 7 7 0 0
0 7 87 3 4 7 -7 -7 7 0 0
0 7 88 3 4 -7 -7 -7 -7 0 0
0 7 89 3 4 7 -7 -7 -7 0 0
0 7 90 3 4 -7 7 7 7 0 0
0 7 91 3 4 7 -7 7 -7 0 0
0 7 92 3 4 7 -7 7 7 0 0
0 7 93 3 4 7 -7 -7 -7 0 0
0 7 94 3 4 7 -7 -7 -7 0 0
0 7 95 3 4 7 -7 -7 7 0 0
0 7 96 3 4 7 7 -7 -7 0 0
0 7 97 3 4 7 -7 7 7 0 0
0 7 98 3 4 7 7 -7 -7 0 0
0 7 99 3 4 -7 -7 7 7 0 0
0 7 100 3 4 7 -7 -7 7 0 0
0 7 101 3 4 7 7 7 7 0 0
0 7 102 3 4 -7 7 -7 7 0 0
0 7 103 3 4 7 -7 -7 -7 0 0
0 7 104 3 4 7 7 7 7 0 0
0 7 105 3 4 -7 -7 7 -7 0 0
0 7 106 3 4 -7 -7 -7 7 0 0
0 7 107 3 4 -7 7 7 -7 0 0
0 7 108 3 4 7 -7 7 7 0 0
0 7 109 3 4 7 7 -7 -7 0 0
0 7 110 3 4 -7 -7 -7 -7 0 0
0 7 111 3 4 -7 7 -7 -7 0 0
0 7 112 3 4 7 7 -7 7 0 0
0 7 113 3 4 7 -7 7 7 0 0
0 7 114 3 4 7 7 7 7 0 0
0 7 115 3 4 -7 -7 7 7 0 0
0 7 116 3 4 7 -7 -7 7 0 0
0 7 117 3 4 -7 7 7 -7 0 0
0 7 118 3 4 -7 -7 -7 -7 0 0
0 7 119 3 4 -7 7 7 -7 0 0
0 7 120 3 4 7 -7 7 7 0 0
0 7 121 3 4 7 -7 7 -7 0 0
0 7 122 3 4 7 -7 7 -7 0 0
0 7 123 3 4 -7 7 -7 -7 0 0
0 7 124 3 4 7 7 -7 -7 0 0
0 7 125 3 4 7 7 7 -7 0 0
0 7 126 3 4 -7 -7 -7 7 0 0
0 7 127 3 4 7 7 -7 -7 0 0
0 7 128 3 4 7 -7 7 7 0 0
0 7 129 3 4 -7 7 -7 -7 0 0
0 7 130 3 4 7 -7 7 -7 0 0
0 7 131 3 4 -7 7 7 7 0 0
0 7 132 3 4 -7 -7 -7 -7 0 0
0 7 133 3 4 -7 -7 -7 7 0 0
0 7 134 3 4 7 7 -7 -7 0 0
0 7 135 3 4 7 7 7 7 0 0
0 7 136 3 4 -7 -7 -7 7 0 0
0 7 137 3 4 7 7 -7 -7 0 0
0 7 138 3 4 7 -7 -7 -7 0 0
0 7 139 3 4 -7 -7 -7 -7 0 0
0 7 140 3 4 7 7 7 -7 0 0
0 7 141 3 4 7 7 7 -7 0 0
0 7 142 3 4 -7 7 -7 -7 0 0
0 7 143 3 4 7 7 7 7 0 0
0 7 144 3 4 7 -7 7 7 0 0
0 7 145 3 4 -7 7 7 -7 0 0
0 7 146 3 4 7 -7 7 -7 0 0
0 7 147 3 4 7 7 7 -7 0 0
0 7 148 3 4 -7 7 -7 7 0 0
0 7 149 3 4 -7 -7 -7 7 0 0
0 7 150 3 4 -7 -7 -7 7 0 0
0 7 151 3 4 7 -7 7 7 0 0
0 7 152 3 4 7 -7 7 -7 0 0
0 7 153 3 4 7 -7 7 -7 0 0
0 7 154 3 4 7 7 -7 7 0 0
0 7 155 3 4 -7 7 7 -7 0 0
0 7 156 3 4 7 7 7 7 0 0
0 7 157 3 4 7 7 7 7 0 0
0 7 158 3 4 -7 -7 7 -7 0 0
0 7 159 3 4 -7 7 -7 7 0 0
0 7 160 3 4 -7 7 -7 7 0 0
0 7 161 3 4 -7 -7 7 -7 0 0
0 7 162 3 4 7 7 -7 -7 0 0
0 7 163 3 4 -7 -7 7 -7 0 0
0 7 164 3 4 7 7 -7 -7 0 0
0 7 165 3 4 -7 7 -7 7 0 0
0 7 166 3 4 -7 -7 -7 -7 0 0
0 7 167 3 4 7 7 7 -7 0 0
0 7 168 3 4 -7 7 -7 7 0 0
0 7 169 3 4 -7 -7 -7 -7 0 0
0 7 170 3 4 -7 -7 -7 7 0 0
0 7 171 3 4 7 7 7 7 0 0
0 7 172 3 4 -7 -7 7 7 0 0
0 7 173 3 4 -7 7 7 -7 0 0
0 7 174 3 4 7 7 7 7 0 0
0 7 175 3 4 -7 -7 7 7 0 0
0 7 176 3 4 7 -7 7 7 0 0
0 7 177 3 4 -7 -7 7 7 0 0
0 7 178 3 4 -7 7 -7 -7 0 0
0 7 179 3 4 7 -7 7 -7 0 0
0 7 180 3 4 7 -7 7 7 0 0
0 7 181 3 4 -7 7 -7 -7 0 0
0 7 182 3 4 7 7 -7 -7 0 0
0 7 183 3 4 7 7 7 -7 0 0
0 7 184 3 4 -7 -7 -7 7 0 0
0 7 185 3 4 -7 7 -7 -7 0 0
0 7 186 3 4 -7 -7 -7 7 0 0
0 7 187 3 4 7 7 7 7 0 0
0 7 188 3 4 -7 -7 7 7 0 0
0 7 189 3 4 7 -7 -7 7 0 0
0 7 190 3 4 7 -7 -7 -7 0 0
0 7 191 3 4 7 -7 7 7 0 0
0 7 192 3 4 -7 -7 -7 -7 0 0
0 7 193 3 4 7 -7 -7 7 0 0
0 7 194 3 4 7 -7 -7 -7 0 0
0 7 195 3 4 7 7 -7 -7 0 0
0 7 196 3 4 -7 -7 7 7 0 0
0 7 197 3 4 -7 -7 7 -7 0 0
0 7 198 3 4 7 -7 -7 7 0 0
0 7 199 3 4 -7 -7 7 7 0 0
0 7 200 3 4 -7 -7 7 -7 0 0
0 7 201 3 4 7 -7 -7 7 0 0
0 7 202 3 4 7 -7 7 -7 0 0
0 7 203 3 4 -7 7 -7 -7 0 0
0 7 204 3 4 7 -7 -7 -7 0 0
0 7 205 3 4 7 7 7 7 0 0
0 7 206 3 4 7 -7 -7 7 0 0
0 7 207 3 4 -7 7 7 -7 0 0
0 7 208 3 4 -7 7 -7 7 0 0
0 7 209 3 4 -7 7 -7 7 0 0
0 7 210 3 4 -7 7 -7 -7 0 0
0 7 211 3 4 7 7 7 -7 0 0
0 7 212 3 4 -7 7 -7 -7 0 0
0 7 213 3 4 -7 7 7 7 0 0
0 7 214 3 4 -7 7 7 7 0 0
0 7 215 3 4 -7 7 7 -7 0 0
0 8 0 3 4 -7 -7 -7 7 0 0
0 8 1 3 4 7 -7 -7 7 0 0
0 8 2 3 4 7 7 7 7 0 0
0 8 3 3 4 -7 -7 7 -7 0 0
0 8 4 3 4 -7 -7 7 -7 0 0
0 8 5 3 4 -7 7 7 -7 0 0
0 8 6 3 4 7 7 7 -7 0 0
0 8 7 3 4 7 -7 7 7 0 0
0 8 8 3 4 -7 7 -7 -7 0 0
0 8 9 3 4 -7 7 7 7 0 0
0 8 10 3 4 7 -7 7 7 0 0
0 8 11 3 4 -7 -7 7 -7 0 0
0 8 12 3 4 -7 -7 -7 -7 0 0
0 8 13 3 4 -7 -7 7 -7 0 0
0 8 14 3 4 7 -7 7 -7 0 0
0 8 15 3 4 -7 7 -7 -7 0 0
0 8 16 3 4 7 -7 -7 -7 0 0
0 8 17 3 4 -7 -7 7 -7 0 0
0 8 18 3 4 -7 -7 7 7 0 0
0 8 19 3 4 7 7 -7 7 0 0
0 8 20 3 4 -7 -7 7 -7 0 0
0 8 21 3 4 7 7 -7 7 0 0
0 8 22 3 4 -7 7 -7 7 0 0
0 8 23 3 4 -7 7 -7 -7 0 0
0 8 24 3 4 -7 -7 7 -7 0 0
0 8 25 3 4 -7 -7 7 7 0 0
0 8 26 3 4 7 7 7 7 0 0
0 8 27 3 4 -7 7 7 7 0 0
0 8 28 3 4 -7 7 -7 -7 0 0
0 8 29 3 4 7 -7 7 7 0 0
0 8 30 3 4 -7 7 -7 -7 0 0
0 8 31 3 4 7 7 -7 -7 0 0
0 8 32 3 4 7 -7 7 7 0 0
0 8 33 3 4 7 7 -7 -7 0 0
0 8 34 3 4 -7 7 7 -7 0 0
0 8 35 3 4 -7 7 -7 7 0 0
0 8 36 3 4 -7 -7 -7 -7 0 0
0 8 37 3 4 -7 7 -7 -7 0 0
0 8 38 3 4 7 7 7 7 0 0
0 8 39 3 4 7 7 7 7 0 0
0 8 40 3 4 -7 7 7 7 0 0
0 8 41 3 4 7 7 -7 -7 0 0
0 8 42 3 4 7 -7 -7 -7 0 0
0 8 43 3 4 7 -7 -7 -7 0 0
0 8 44 3 4 -7 7 -7 -7 0 0
0 8 45 3 4 7 7 7 7 0 0
0 8 46 3 4 -7 -7 7 -7 0 0
0 8 47 3 4 -7 -7 -7 7 0 0
0 8 48 3 4 7 7 -7 7 0 0
0 8 49 3 4 7 -7 7 -7 0 0
0 8 50 3 4 7 -7 7 -7 0 0
0 8 51 3 4 -7 -7 -7 7 0 0
0 8 52 3 4 -7 7 -7 -7 0 0
0 8 53 3 4 -7 -7 7 -7 0 0
0 8 54 3 4 -7 7 7 -7 0 0
0 8 55 3 4 7 -7 7 -7 0 0
0 8 56 3 4 -7 7 -7 -7 0 0
0 8 57 3 4 7 7 7 -7 0 0
0 8 58 3 4 -7 -7 -7 -7 0 0
0 8 59 3 4 7 -7 -7 -7 0 0
0 8 60 3 4 7 -7 -7 7 0 0
0 8 61 3 4 -7 7 7 7 0 0
0 8 62 3 4 7 -7 7 7 0 0
0 8 63 3 4 -7 7 7 7 0 0
0 8 64 3 4 7 7 7 7 0 0
0 8 65 3 4 -7 7 7 7 0 0
0 8 66 3 4 -7 -7 -7 -7 0 0
0 8 67 3 4 7 -7 7 -7 0 0
0 8 68 3 4 7 -7 -7 -7 0 0
0 8 69 3 4 -7 7 -7 7 0 0
0 8 70 3 4 -7 7 -7 -7 0 0
0 8 71 3 4 -7 -7 7 7 0 0
0 8 72 3 4 7 7 7 -7 0 0
0 8 73 3 4 -7 7 -7 -7 0 0
0 8 74 3 4 -7 -7 -7 7 0 0
0 8 75 3 4 7 -7 -7 7 0 0
0 8 76 3 4 7 -7 7 7 0 0
0 8 77 3 4 -7 7 7 7 0 0
0 8 78 3 4 -7 7 7 7 0 0
0 8 79 3 4 7 7 -7 7 0 0
0 8 80 3 4 -7 7 7 7 0 0
0 8 81 3 4 -7 7 -7 7 0 0
0 8 82 3 4 7 7 7 -7 0 0
0 8 83 3 4 -7 7 7 7 0 0
0 8 84 3 4 7 -7 -7 -7 0 0
0 8 85 3 4 -7 7 -7 7 0 0
0 8 86 3 4 -7 7 7 7 0 0
0 8 87 3 4 7 -7 -7 -7 0 0
0 8 88 3 4 7 7 7 7 0 0
0 8 89 3 4 7 -7 7 -7 0 0
0 8 90 3 4 -7 -7 7 7 0 0
0 8 91 3 4 7 7 -7 7 0 0
0 8 92 3 4 7 7 7 7 0 0
0 8 93 3 4 7 -7 7 7 0 0
0 8 94 3 4 -7 -7 7 7 0 0
0 8 95 3 4 -7 -7 7 -7 0 0
0 8 96 3 4 7 7 7 7 0 0
0 8 97 3 4 -7 -7 7 -7 0 0
0 8 98 3 4 7 -7 -7 7 0 0
0 8 99 3 4 7 -7 7 -7 0 0
0 8 100 3 4 -7 -7 7 -7 0 0
0 8 101 3 4 7 7 -7 7 0 0
0 8 102 3 4 -7 -7 7 -7 0 0
0 8 103 3 4 7 7 7 -7 0 0
0 8 104 3 4 7 -7 -7 7 0 0
0 8 105 3 4 -7 -7 -7 7 0 0
0 8 106 3 4 -7 7 7 -7 0 0
0 8 107 3 4 7 -7 -7 7 0 0
0 8 108 3 4 7 -7 -7 7 0 0
0 8 109 3 4 -7 7 7 7 0 0
0 8 110 3 4 7 -7 -7 -7 0 0
0 8 111 3 4 7 -7 7 7 0 0
0 8 112 3 4 -7 -7 7 7 0 0
0 8 113 3 4 -7 7 -7 -7 0 0
0 8 114 3 4 -7 -7 -7 7 0 0
0 8 115 3 4 -7 -7 -7 -7 0 0
0 8 116 3 4 7 7 7 7 0 0
0 8 117 3 4 7 -7 7 7 0 0
0 8 118 3 4 7 -7 7 -7 0 0
0 8 119 3 4 -7 7 -7 7 0 0
0 8 120 3 4 7 -7 -7 7 0 0
0 8 121 3 4 7 7 -7 -7 0 0
0 8 122 3 4 -7 7 7 7 0 0
0 8 123 3 4 7 7 -7 7 0 0
0 8 124 3 4 -7 7 -7 7 0 0
0 8 125 3 4 -7 7 -7 -7 0 0
0 8 126 3 4 7 7 7 7 0 0
0 8 127 3 4 -7 7 7 7 0 0
0 8 128 3 4 -7 -7 -7 7 0 0
0 8 129 3 4 7 7 7 -7 0 0
0 8 130 3 4 7 -7 7 7 0 0
0 8 131 3 4 7 -7 -7 7 0 0
0 8 132 3 4 7 7 7 -7 0 0
0 8 133 3 4 -7 7 7 -7 0 0
0 8 134 3 4 -7 7 7 7 0 0
0 8 135 3 4 -7 7 7 7 0 0
0 8 136 3 4 7 7 -7 -7 0 0
0 8 137 3 4 7 7 7 7 0 0
0 8 138 3 4 7 -7 -7 7 0 0
0 8 139 3 4 -7 -7 7 7 0 0
0 8 140 3 4 -7 7 7 7 0 0
0 8 141 3 4 -7 7 -7 -7 0 0
0 8 142 3 4 7 7 -7 -7 0 0
0 8 143 3 4 7 7 -7 7 0 0
0 8 144 3 4 -7 -7 -7 7 0 0
0 8 145 3 4 7 7 -7 7 0 0
0 8 146 3 4 7 7 -7 -7 0 0
0 8 147 3 4 -7 -7 -7 -7 0 0
0 8 148 3 4 -7 7 -7 -7 0 0
0 8 149 3 4 7 -7 7 -7 0 0
0 8 150 3 4 -7 7 7 -7 0 0
0 8 151 3 4 7 7 7 7 0 0
0 8 152 3 4 7 7 -7 -7 0 0
0 8 153 3 4 -7 7 -7 -7 0 0
0 8 154 3 4 7 -7 7 -7 0 0
0 8 155 3 4 7 -7 -7 -7 0 0
0 8 156 3 4 7 7 -7 -7 0 0
0 8 157 3 4 -7 7 7 7 0 0
0 8 158 3 4 7 -7 -7 7 0 0
0 8 159 3 4 7 -7 -7 7 0 0
0 8 160 3 4 7 7 -7 7 0 0
0 8 161 3 4 -7 7 7 7 0 0
0 8 162 3 4 -7 7 7 7 0 0
0 8 163 3 4 -7 7 -7 7 0 0
0 8 164 3 4 -7 -7 7 -7 0 0
0 8 165 3 4 7 -7 -7 -7 0 0
0 8 166 3 4 -7 -7 -7 7 0 0
0 8 167 3 4 -7 7 -7 7 0 0
0 8 168 3 4 -7 -7 7 -7 0 0
0 8 169 3 4 -7 7 7 -7 0 0
0 8 170 3 4 -7 -7 7 7 0 0
0 8 171 3 4 7 -7 -7 7 0 0
0 8 172 3 4 7 7 7 -7 0 0
0 8 173 3 4 -7 7 -7 -7 0 0
0 8 174 3 4 -7 -7 -7 -7 0 0
0 8 175 3 4 7 7 -7 7 0 0
0 8 176 3 4 7 7 -7 -7 0 0
0 8 177 3 4 -7 7 7 -7 0 0
0 8 178 3 4 7 -7 -7 7 0 0
0 8 179 3 4 -7 7 -7 7 0 0
0 8 180 3 4 -7 -7 7 7 0 0
0 8 181 3 4 7 7 -7 -7 0 0
0 8 182 3 4 7 -7 7 7 0 0
0 8 183 3 4 7 7 -7 -7 0 0
0 8 184 3 4 -7 -7 7 7 0 0
0 8 185 3 4 -7 -7 -7 7 0 0
0 8 186 3 4 -7 -7 -7 7 0 0
0 8 187 3 4 -7 7 -7 7 0 0
0 8 188 3 4 -7 7 7 7 0 0
0 8 189 3 4 -7 -7 7 7 0 0
0 8 190 3 4 -7 7 7 7 0 0
0 8 191 3 4 7 -7 7 -7 0 0
0 8 192 3 4 -7 7 7 7 0 0
0 8 193 3 4 7 7 -7 -7 0 0
0 8 194 3 4 7 7 -7 -7 0 0
0 8 195 3 4 -7 -7 -7 -7 0 0
0 8 196 3 4 7 7 -7 7 0 0
0 8 197 3 4 -7 7 -7 -7 0 0
0 8 198 3 4 7 7 -7 7 0 0
0 8 199 3 4 7 -7 7 -7 0 0
0 8 200 3 4 7 7 7 -7 0 0
0 8 201 3 4 -7 7 7 -7 0 0
0 8 202 3 4 -7 -7 7 7 0 0
0 8 203 3 4 7 7 7 7 0 0
0 8 204 3 4 7 -7 7 -7 0 0
0 8 205 3 4 -7 -7 -7 -7 0 0
0 8 206 3 4 -7 7 -7 7 0 0
0 8 207 3 4 -7 -7 -7 -7 0 0
0 8 208 3 4 -7 7 -7 -7 0 0
0 8 209 3 4 7 -7 7 -7 0 0
0 8 210 3 4 7 -7 -7 -7 0 0
0 8 211 3 4 -7 7 -7 7 0 0
0 8 212 3 4 7 -7 -7 7 0 0
0 8 213 3 4 -7 -7 -7 7 0 0
0 8 214 3 4 -7 -7 7 -7 0 0
0 8 215 3 4 7 -7 -7 7 0 0
0 9 0 3 4 7 -7 7 -7 0 0
0 9 1 3 4 -7 -7 7 7 0 0
0 9 2 3 4 7 -7 7 7 0 0
0 9 3 3 4 7 -7 -7 7 0 0
0 9 4 3 4 7 7 -7 7 0 0
0 9 5 3 4 -7 -7 7 -7 0 0
0 9 6 3 4 7 7 7 7 0 0
0 9 7 3 4 -7 -7 7 -7 0 0
0 9 8 3 4 7 -7 -7 -7 0 0
0 9 9 3 4 7 7 7 7 0 0
0 9 10 3 4 -7 -7 7 -7 0 0
0 9 11 3 4 -7 7 7 -7 0 0
0 9 12 3 4 7 -7 7 7 0 0
0 9 13 3 4 7 -7 7 -7 0 0
0 9 14 3 4 7 7 -7 -7 0 0
0 9 15 3 4 -7 7 7 7 0 0
0 9 16 3 4 -7 -7 -7 -7 0 0
0 9 17 3 4 7 -7 7 -7 0 0
0 9 18 3 4 -7 7 -7 7 0 0
0 9 19 3 4 7 7 -7 7 0 0
0 9 20 3 4 -7 7 7 7 0 0
0 9 21 3 4 7 7 -7 -7 0 0
0 9 22 3 4 -7 7 -7 7 0 0
0 9 23 3 4 -7 -7 -7 7 0 0
0 9 24 3 4 7 7 -7 7 0 0
0 9 25 3 4 -7 7 7 7 0 0
0 9 26 3 4 -7 7 7 7 0 0
0 9 27 3 4 7 -7 7 -7 0 0
0 9 28 3 4 -7 -7 7 -7 0 0
0 9 29 3 4 7 7 7 7 0 0
0 9 30 3 4 -7 7 -7 -7 0 0
0 9 31 3 4 7 7 -7 7 0 0
0 9 32 3 4 -7 7 -7 7 0 0
0 9 33 3 4 7 -7 7 7 0 0
0 9 34 3 4 -7 -7 7 -7 0 0
0 9 35 3 4 7 -7 7 -7 0 0
0 9 36 3 4 7 7 7 -7 0 0
0 9 37 3 4 -7 7 7 -7 0 0
0 9 38 3 4 7 7 -7 -7 0 0
0 9 39 3 4 -7 7 7 -7 0 0
0 9 40 3 4 7 -7 -7 -7 0 0
0 9 41 3 4 -7 7 7 7 0 0
0 9 42 3 4 7 7 -7 7 0 0
0 9 43 3 4 -7 7 -7 -7 0 0
0 9 44 3 4 7 -7 -7 -7 0 0
0 9 45 3 4 -7 7 7 -7 0 0
0 9 46 3 4 7 -7 7 7 0 0
0 9 47 3 4 7 7 -7 7 0 0
0 9 48 3 4 7 -7 7 7 0 0
0 9 49 3 4 7 -7 -7 -7 0 0
0 9 50 3 4 7 7 7 7 0 0
0 9 51 3 4 7 -7 -7 7 0 0
0 9 52 3 4 -7 7 -7 -7 0 0
0 9 53 3 4 7 7 7 7 0 0
0 9 54 3 4 -7 -7 7 -7 0 0
0 9 55 3 4 7 -7 -7 7 0 0
0 9 56 3 4 -7 7 7 -7 0 0
0 9 57 3 4 -7 -7 -7 7 0 0
0 9 58 3 4 7 7 -7 -7 0 0
0 9 59 3 4 -7 -7 7 7 0 0
0 9 60 3 4 -7 7 -7 7 0 0
0 9 61 3 4 7 7 7 7 0 0
0 9 62 3 4 -7 7 -7 -7 0 0
0 9 63 3 4 -7 7 7 7 0 0
0 9 64 3 4 7 7 -7 7 0 0
0 9 65 3 4 7 -7 -7 -7 0 0
0 9 66 3 4 7 -7 7 -7 0 0
0 9 67 3 4 7 7 -7 7 0 0
0 9 68 3 4 7 -7 -7 7 0 0
0 9 69 3 4 7 7 -7 7 0 0
0 9 70 3 4 -7 7 7 -7 0 0
0 9 71 3 4 -7 -7 7 -7 0 0
0 9 72 3 4 7 7 7 7 0 0
0 9 73 3 4 7 -7 7 -7 0 0
0 9 74 3 4 7 7 7 -7 0 0
0 9 75 3 4 7 7 -7 7 0 0
0 9 76 3 4 -7 7 -7 7 0 0
0 9 77 3 4 -7 -7 -7 -7 0 0
0 9 78 3 4 7 -7 -7 7 0 0
0 9 79 3 4 7 7 -7 -7 0 0
0 9 80 3 4 -7 -7 7 -7 0 0
0 9 81 3 4 7 -7 7 -7 0 0
0 9 82 3 4 7 -7 -7 -7 0 0
0 9 83 3 4 -7 -7 -7 7 0 0
0 9 84 3 4 7 7 7 -7 0 0
0 9 85 3 4 7 -7 -7 7 0 0
0 9 86 3 4 -7 -7 7 7 0 0
0 9 87 3 4 -7 7 -7 7 0 0
0 9 88 3 4 7 7 7 7 0 0
0 9 89 3 4 -7 7 -7 -7 0 0
0 9 90 3 4 7 7 7 7 0 0
0 9 91 3 4 7 7 -7 7 0 0
0 9 92 3 4 7 -7 -7 7 0 0
0 9 93 3 4 7 7 -7 7 0 0
0 9 94 3 4 -7 -7 7 -7 0 0
0 9 95 3 4 7 7 7 7 0 0
0 9 96 3 4 -7 -7 7 7 0 0
0 9 97 3 4 7 7 7 -7 0 0
0 9 98 3 4 -7 7 -7 -7 0 0
0 9 99 3 4 -7 -7 -7 -7 0 0
0 9 100 3 4 7 7 7 -7 0 0
0 9 101 3 4 -7 7 7 7 0 0
0 9 102 3 4 7 -7 7 7 0 0
0 9 103 3 4 7 -7 -7 7 0 0
0 9 104 3 4 7 7 -7 7 0 0
0 9 105 3 4 -7 -7 -7 7 0 0
0 9 106 3 4 7 -7 7 -7 0 0
0 9 107 3 4 7 -7 -7 7 0 0
0 9 108 3 4 -7 -7 7 -7 0 0
0 9 109 3 4 -7 7 -7 -7 0 0
0 9 110 3 4 7 7 -7 7 0 0
0 9 111 3 4 -7 -7 7 -7 0 0
0 9 112 3 4 -7 -7 -7 -7 0 0
0 9 113 3 4 -7 -7 7 -7 0 0
0 9 114 3 4 7 7 -7 7 0 0
0 9 115 3 4 7 7 -7 -7 0 0
0 9 116 3 4 7 7 7 7 0 0
0 9 117 3 4 -7 7 -7 -7 0 0
0 9 118 3 4 7 -7 7 -7 0 0
0 9 119 3 4 -7 -7 7 -7 0 0
0 9 120 3 4 -7 -7 -7 -7 0 0
0 9 121 3 4 -7 -7 7 7 0 0
0 9 122 3 4 -7 -7 -7 -7 0 0
0 9 123 3 4 -7 7 7 -7 0 0
0 9 124 3 4 7 7 7 7 0 0
0 9 125 3 4 -7 -7 7 -7 0 0
0 9 126 3 4 -7 -7 -7 -7 0 0
0 9 127 3 4 7 -7 -7 7 0 0
0 9 128 3 4 7 7 -7 7 0 0
0 9 129 3 4 7 -7 -7 7 0 0
0 9 130 3 4 7 7 7 -7 0 0
0 9 131 3 4 -7 -7 7 7 0 0
0 9 132 3 4 -7 -7 -7 -7 0 0
0 9 133 3 4 -7 -7 7 7 0 0
0 9 134 3 4 -7 7 7 -7 0 0
0 9 135 3 4 7 -7 7 7 0 0
0 9 136 3 4 7 -7 -7 -7 0 0
0 9 137 3 4 7 7 -7 7 0 0
0 9 138 3 4 7 7 -7 -7 0 0
0 9 139 3 4 7 -7 -7 7 0 0
0 9 140 3 4 7 7 -7 -7 0 0
0 9 141 3 4 -7 -7 7 7 0 0
0 9 142 3 4 -7 7 -7 7 0 0
0 9 143 3 4 7 -7 -7 -7 0 0
0 9 144 3 4 -7 -7 7 -7 0 0
0 9 145 3 4 7 7 -7 7 0 0
0 9 146 3 4 -7 7 -7 7 0 0
0 9 147 3 4 -7 7 7 7 0 0
0 9 148 3 4 -7 -7 -7 7 0 0
0 9 149 3 4 7 -7 7 -7 0 0
0 9 150 3 4 7 7 7 7 0 0
0 9 151 3 4 7 -7 -7 -7 0 0
0 9 152 3 4 -7 -7 7 7 0 0
0 9 153 3 4 7 7 -7 -7 0 0
0 9 154 3 4 -7 7 7 7 0 0
0 9 155 3 4 7 -7 -7 -7 0 0
0 9 156 3 4 -7 -7 7 -7 0 0
0 9 157 3 4 7 -7 -7 -7 0 0
0 9 158 3 4 -7 -7 -7 7 0 0
0 9 159 3 4 7 -7 -7 -7 0 0
0 9 160 3 4 -7 -7 7 -7 0 0
0 9 161 3 4 7 -7 -7 7 0 0
0 9 162 3 4 -7 7 7 -7 0 0
0 9 163 3 4 7 7 -7 7 0 0
0 9 164 3 4 7 7 7 7 0 0
0 9 165 3 4 -7 -7 -7 -7 0 0
0 9 166 3 4 -7 -7 -7 7 0 0
0 9 167 3 4 -7 -7 -7 -7 0 0
0 9 168 3 4 7 7 7 7 0 0
0 9 169 3 4 -7 7 -7 7 0 0
0 9 170 3 4 -7 7 -7 7 0 0
0 9 171 3 4 7 7 -7 -7 0 0
0 9 172 3 4 -7 7 7 7 0 0
0 9 173 3 4 -7 -7 7 7 0 0
0 9 174 3 4 7 -7 -7 7 0 0
0 9 175 3 4 7 7 7 7 0 0
0 9 176 3 4 -7 7 -7 -7 0 0
0 9 177 3 4 7 7 7 -7 0 0
0 9 178 3 4 7 7 7 -7 0 0
0 9 179 3 4 -7 7 7 7 0 0
0 9 180 3 4 7 7 -7 7 0 0
0 9 181 3 4 7 -7 -7 7 0 0
0 9 182 3 4 -7 -7 -7 7 0 0
0 9 183 3 4 7 -7 7 7 0 0
0 9 184 3 4 -7 -7 -7 7 0 0
0 9 185 3 4 -7 -7 7 7 0 0
0 9 186 3 4 7 7 -7 7 0 0
0 9 187 3 4 -7 7 7 -7 0 0
0 9 188 3 4 -7 7 7 7 0 0
0 9 189 3 4 -7 7 -7 -7 0 0
0 9 190 3 4 -7 7 7 -7 0 0
0 9 191 3 4 -7 -7 7 7 0 0
0 9 192 3 4 7 -7 -7 7 0 0
0 9 193 3 4 -7 7 7 7 0 0
0 9 194 3 4 -7 -7 7 -7 0 0
0 9 195 3 4 7 7 7 7 0 0
0 9 196 3 4 -7 7 -7 7 0 0
0 9 197 3 4 7 7 -7 7 0 0
0 9 198 3 4 7 -7 -7 7 0 0
0 9 199 3 4 -7 -7 -7 -7 0 0
0 9 200 3 4 7 -7 -7 -7 0 0
0 9 201 3 4 7 7 7 -7 0 0
0 9 202 3 4 7 7 -7 -7 0 0
0 9 203 3 4 7 7 7 -7 0 0
0 9 204 3 4 7 -7 -7 7 0 0
0 9 205 3 4 -7 7 -7 7 0 0
0 9 206 3 4 -7 -7 -7 -7 0 0
0 9 207 3 4 -7 -7 7 -7 0 0
0 9 208 3 4 -7 -7 7 -7 0 0
0 9 209 3 4 7 7 7 7 0 0
0 9 210 3 4 -7 -7 7 -7 0 0
0 9 211 3 4 7 -7 -7 -7 0 0
0 9 212 3 4 7 7 -7 7 0 0
0 9 213 3 4 7 7 -7 -7 0 0
0 9 214 3 4 7 7 7 -7 0 0
0 9 215 3 4 -7 -7 7 7 0 0
0 10 0 3 4 7 -7 7 -7 0 0
0 10 1 3 4 -7 -7 7 7 0 0
0 10 2 3 4 7 -7 -7 -7 0 0
0 10 3 3 4 7 7 7 7 0 0
0 10 4 3 4 7 -7 -7 7 0 0
0 10 5 3 4 -7 7 7 -7 0 0
0 10 6 3 4 7 7 -7 7 0 0
0 10 7 3 4 -7 7 -7 7 0 0
0 10 8 3 4 -7 -7 7 -7 0 0
0 10 9 3 4 -7 -7 7 -7 0 0
0 10 10 3 4 7 -7 7 -7 0 0
0 10 11 3 4 -7 7 -7 -7 0 0
0 10 12 3 4 -7 7 7 -7 0 0
0 10 13 3 4 7 -7 -7 7 0 0
0 10 14 3 4 -7 -7 7 7 0 0
0 10 15 3 4 7 -7 7 7 0 0
0 10 16 3 4 -7 -7 7 7 0 0
0 10 17 3 4 -7 7 -7 -7 0 0
0 10 18 3 4 7 -7 7 7 0 0
0 10 19 3 4 7 7 -7 7 0 0
0 10 20 3 4 -7 7 -7 7 0 0
0 10 21 3 4 -7 -7 7 -7 0 0
0 10 22 3 4 -7 7 -7 -7 0 0
0 10 23 3 4 -7 7 -7 7 0 0
0 10 24 3 4 -7 -7 -7 7 0 0
0 10 25 3 4 7 7 7 7 0 0
0 10 26 3 4 7 7 7 -7 0 0
0 10 27 3 4 -7 -7 -7 7 0 0
0 10 28 3 4 7 -7 7 -7 0 0
0 10 29 3 4 7 -7 7 -7 0 0
0 10 30 3 4 7 -7 -7 7 0 0
0 10 31 3 4 -7 7 -7 -7 0 0
0 10 32 3 4 7 7 -7 7 0 0
0 10 33 3 4 7 -7 7 -7 0 0
0 10 34 3 4 -7 7 -7 -7 0 0
0 10 35 3 4 7 7 -7 -7 0 0
0 10 36 3 4 -7 -7 -7 7 0 0
0 10 37 3 4 -7 7 7 7 0 0
0 10 38 3 4 7 -7 7 7 0 0
0 10 39 3 4 -7 7 -7 7 0 0
0 10 40 3 4 7 -7 -7 7 0 0
0 10 41 3 4 -7 7 -7 7 0 0
0 10 42 3 4 7 7 7 7 0 0
0 10 43 3 4 7 7 -7 -7 0 0
0 10 44 3 4 -7 7 -7 -7 0 0
0 10 45 3 4 -7 -7 -7 -7 0 0
0 10 46 3 4 7 7 7 7 0 0
0 10 47 3 4 -7 -7 -7 7 0 0
0 10 48 3 4 7 7 -7 -7 0 0
0 10 49 3 4 7 -7 -7 -7 0 0
0 10 50 3 4 -7 -7 -7 -7 0 0
0 10 51 3 4 7 7 7 -7 0 0
0 10 52 3 4 -7 7 7 -7 0 0
0 10 53 3 4 -7 -7 -7 7 0 0
0 10 54 3 4 -7 -7 -7 7 0 0
0 10 55 3 4 7 7 7 -7 0 0
0 10 56 3 4 -7 7 7 -7 0 0
0 10 57 3 4 -7 -7 -7 -7 0 0
0 10 58 3 4 -7 -7 -7 7 0 0
0 10 59 3 4 -7 7 7 -7 0 0
0 10 60 3 4 -7 -7 7 -7 0 0
0 10 61 3 4 7 7 7 7 0 0
0 10 62 3 4 7 7 -7 7 0 0
0 10 63 3 4 -7 -7 -7 -7 0 0
0 10 64 3 4 7 -7 7 -7 0 0
0 10 65 3 4 7 -7 7 7 0 0
0 10 66 3 4 -7 -7 7 7 0 0
0 10 67 3 4 7 -7 7 -7 0 0
0 10 68 3 4 -7 7 7 7 0 0
0 10 69 3 4 -7 -7 7 7 0 0
0 10 70 3 4 -7 7 7 7 0 0
0 10 71 3 4 -7 7 -7 -7 0 0
0 10 72 3 4 7 7 -7 7 0 0
0 10 73 3 4 7 7 7 -7 0 0
0 10 74 3 4 -7 -7 -7 7 0 0
0 10 75 3 4 7 7 -7 7 0 0
0 10 76 3 4 7 7 -7 7 0 0
0 10 77 3 4 7 -7 7 -7 0 0
0 10 78 3 4 -7 -7 7 -7 0 0
0 10 79 3 4 7 7 -7 -7 0 0
0 10 80 3 4 -7 -7 7 7 0 0
0 10 81 3 4 -7 7 -7 7 0 0
0 10 82 3 4 7 -7 -7 -7 0 0
0 10 83 3 4 7 7 7 7 0 0
0 10 84 3 4 7 7 -7 7 0 0
0 10 85 3 4 7 -7 7 -7 0 0
0 10 86 3 4 7 -7 7 7 0 0
0 10 87 3 4 7 -7 7 7 0 0
0 10 88 3 4 7 7 7 -7 0 0
0 10 89 3 4 7 7 7 7 0 0
0 10 90 3 4 7 7 7 -7 0 0
0 10 91 3 4 7 7 7 -7 0 0
0 10 92 3 4 -7 7 -7 7 0 0
0 10 93 3 4 7 -7 7 -7 0 0
0 10 94 3 4 -7 7 -7 7 0 0
0 10 95 3 4 -7 -7 -7 7 0 0
0 10 96 3 4 7 -7 7 -7 0 0
0 10 97 3 4 7 -7 -7 -7 0 0
0 10 98 3 4 7 7 7 -7 0 0
0 10 99 3 4 7 7 -7 -7 0 0
0 10 100 3 4 7 -7 7 -7 0 0
0 10 101 3 4 7 7 7 7 0 0
0 10 102 3 4 7 -7 7 7 0 0
0 10 103 3 4 7 -7 -7 7 0 0
0 10 104 3 4 7 7 7 7 0 0
0 10 105 3 4 -7 -7 -7 -7 0 0
0 10 106 3 4 -7 -7 -7 -7 0 0
0 10 107 3 4 7 -7 -7 -7 0 0
0 10 108 3 4 -7 -7 7 7 0 0
0 10 109 3 4 -7 7 7 7 0 0
0 10 110 3 4 -7 7 7 -7 0 0
0 10 111 3 4 7 -7 7 -7 0 0
0 10 112 3 4 -7 -7 7 7 0 0
0 10 113 3 4 -7 -7 7 7 0 0
0 10 114 3 4 -7 7 7 -7 0 0
0 10 115 3 4 7 7 -7 7 0 0
0 10 116 3 4 -7 7 7 7 0 0
0 10 117 3 4 -7 -7 -7 -7 0 0
0 10 118 3 4 7 -7 7 7 0 0
0 10 119 3 4 -7 7 -7 -7 0 0
0 10 120 3 4 -7 -7 7 7 0 0
0 10 121 3 4 -7 -7 7 7 0 0
0 10 122 3 4 7 7 -7 7 0 0
0 10 123 3 4 7 -7 7 7 0 0
0 10 124 3 4 -7 -7 -7 7 0 0
0 10 125 3 4 -7 -7 -7 7 0 0
0 10 126 3 4 7 7 7 -7 0 0
0 10 127 3 4 -7 -7 7 7 0 0
0 10 128 3 4 -7 -7 7 -7 0 0
0 10 129 3 4 7 7 -7 7 0 0
0 10 130 3 4 -7 7 7 -7 0 0
0 10 131 3 4 7 7 -7 -7 0 0
0 10 132 3 4 7 7 -7 7 0 0
0 10 133 3 4 -7 7 -7 7 0 0
0 10 134 3 4 -7 7 -7 -7 0 0
0 10 135 3 4 -7 7 7 7 0 0
0 10 136 3 4 7 -7 7 7 0 0
0 10 137 3 4 7 -7 -7 -7 0 0
0 10 138 3 4 -7 -7 -7 -7 0 0
0 10 139 3 4 -7 7 7 -7 0 0
0 10 140 3 4 7 -7 -7 7 0 0
0 10 141 3 4 7 -7 7 -7 0 0
0 10 142 3 4 7 7 -7 7 0 0
0 10 143 3 4 7 7 7 7 0 0
0 10 144 3 4 -7 -7 -7 -7 0 0
0 10 145 3 4 -7 7 7 -7 0 0
0 10 146 3 4 7 7 7 -7 0 0
0 10 147 3 4 -7 -7 7 -7 0 0
0 10 148 3 4 -7 7 -7 -7 0 0
0 10 149 3 4 -7 7 -7 -7 0 0
0 10 150 3 4 -7 -7 -7 -7 0 0
0 10 151 3 4 7 -7 7 7 0 0
0 10 152 3 4 7 7 7 7 0 0
0 10 153 3 4 7 -7 7 7 0 0
0 10 154 3 4 7 7 -7 7 0 0
0 10 155 3 4 -7 -7 -7 -7 0 0
0 10 156 3 4 7 -7 7 7 0 0
0 10 157 3 4 -7 -7 7 7 0 0
0 10 158 3 4 7 -7 -7 7 0 0
0 10 159 3 4 -7 7 -7 -7 0 0
0 10 160 3 4 -7 -7 7 -7 0 0
0 10 161 3 4 7 -7 7 -7 0 0
0 10 162 3 4 -7 7 -7 -7 0 0
0 10 163 3 4 -7 -7 7 7 0 0
0 10 164 3 4 7 -7 7 7 0 0
0 10 165 3 4 -7 7 7 7 0 0
0 10 166 3 4 7 -7 7 7 0 0
0 10 167 3 4 7 7 -7 7 0 0
0 10 168 3 4 7 -7 7 -7 0 0
0 10 169 3 4 -7 7 7 7 0 0
0 10 170 3 4 7 7 7 7 0 0
0 10 171 3 4 -7 7 7 -7 0 0
0 10 172 3 4 -7 7 7 -7 0 0
0 10 173 3 4 -7 7 7 -7 0 0
0 10 174 3 4 -7 -7 -7 -7 0 0
0 10 175 3 4 7 -7 -7 -7 0 0
0 10 176 3 4 -7 7 7 7 0 0
0 10 177 3 4 7 7 7 7 0 0
0 10 178 3 4 -7 7 7 -7 0 0
0 10 179 3 4 -7 -7 7 7 0 0
0 10 180 3 4 7 -7 -7 -7 0 0
0 10 181 3 4 -7 -7 -7 7 0 0
0 10 182 3 4 -7 -7 -7 7 0 0
0 10 183 3 4 7 7 7 7 0 0
0 10 184 3 4 -7 7 -7 7 0 0
0 10 185 3 4 -7 7 -7 7 0 0
0 10 186 3 4 -7 -7 7 7 0 0
0 10 187 3 4 -7 7 -7 7 0 0
0 10 188 3 4 7 -7 -7 -7 0 0
0 10 189 3 4 7 -7 -7 -7 0 0
0 10 190 3 4 7 -7 7 7 0 0
0 10 191 3 4 -7 7 7 7 0 0
0 10 192 3 4 7 7 -7 -7 0 0
0 10 193 3 4 7 -7 7 -7 0 0
0 10 194 3 4 -7 7 -7 7 0 0
0 10 195 3 4 -7 -7 7 -7 0 0
0 10 196 3 4 7 -7 7 7 0 0
0 10 197 3 4 -7 -7 -7 -7 0 0
0 10 198 3 4 -7 7 -7 7 0 0
0 10 199 3 4 -7 7 7 -7 0 0
0 10 200 3 4 7 7 7 7 0 0
0 10 201 3 4 -7 7 7 -7 0 0
0 10 202 3 4 -7 -7 7 -7 0 0
0 10 203 3 4 7 7 7 -7 0 0
0 10 204 3 4 7 7 7 -7 0 0
0 10 205 3 4 -7 7 -7 -7 0 0
0 10 206 3 4 7 -7 -7 7 0 0
0 10 207 3 4 7 7 7 7 0 0
0 10 208 3 4 7 -7 -7 -7 0 0
0 10 209 3 4 -7 7 7 7 0 0
0 10 210 3 4 7 7 7 7 0 0
0 10 211 3 4 7 7 -7 7 0 0
0 10 212 3 4 7 7 -7 7 0 0
0 10 213 3 4 7 7 7 7 0 0
0 10 214 3 4 7 7 7 -7 0 0
0 10 215 3 4 7 -7 7 -7 0 0
0 11 0 3 4 -7 -7 7 7 0 0
0 11 1 3 4 -7 7 7 -7 0 0
0 11 2 3 4 -7 7 7 7 0 0
0 11 3 3 4 7 7 -7 7 0 0
0 11 4 3 4 -7 -7 -7 -7 0 0
0 11 5 3 4 7 -7 7 7 0 0
0 11 6 3 4 -7 -7 -7 7 0 0
0 11 7 3 4 -7 -7 7 -7 0 0
0 11 8 3 4 -7 -7 7 7 0 0
0 11 9 3 4 -7 -7 -7 -7 0 0
0 11 10 3 4 7 7 -7 -7 0 0
0 11 11 3 4 -7 -7 -7 -7 0 0
0 11 12 3 4 7 7 7 7 0 0
0 11 13 3 4 7 7 7 7 0 0
0 11 14 3 4 7 -7 7 7 0 0
0 11 15 3 4 -7 7 7 7 0 0
0 11 16 3 4 7 -7 7 -7 0 0
0 11 17 3 4 7 7 7 -7 0 0
0 11 18 3 4 -7 7 7 7 0 0
0 11 19 3 4 -7 7 -7 7 0 0
0 11 20 3 4 7 -7 7 -7 0 0
0 11 21 3 4 -7 -7 7 -7 0 0
0 11 22 3 4 -7 -7 -7 7 0 0
0 11 23 3 4 7 -7 -7 -7 0 0
0 11 24 3 4 7 -7 7 7 0 0
0 11 25 3 4 -7 7 -7 -7 0 0
0 11 26 3 4 7 -7 -7 7 0 0
0 11 27 3 4 -7 -7 -7 -7 0 0
0 11 28 3 4 7 7 -7 -7 0 0
0 11 29 3 4 -7 -7 -7 -7 0 0
0 11 30 3 4 -7 -7 7 -7 0 0
0 11 31 3 4 -7 -7 7 -7 0 0
0 11 32 3 4 7 -7 7 7 0 0
0 11 33 3 4 7 -7 7 -7 0 0
0 11 34 3 4 -7 7 -7 7 0 0
0 11 35 3 4 7 7 -7 -7 0 0
0 11 36 3 4 -7 -7 -7 7 0 0
0 11 37 3 4 7 -7 7 7 0 0
0 11 38 3 4 -7 -7 -7 7 0 0
0 11 39 3 4 7 7 -7 7 0 0
0 11 40 3 4 7 7 -7 -7 0 0
0 11 41 3 4 -7 7 -7 -7 0 0
0 11 42 3 4 7 7 -7 7 0 0
0 11 43 3 4 7 -7 7 -7 0 0
0 11 44 3 4 7 7 -7 7 0 0
0 11 45 3 4 7 7 -7 -7 0 0
0 11 46 3 4 7 7 7 7 0 0
0 11 47 3 4 7 -7 7 -7 0 0
0 11 48 3 4 -7 -7 -7 -7 0 0
0 11 49 3 4 -7 -7 7 -7 0 0
0 11 50 3 4 7 -7 -7 -7 0 0
0 11 51 3 4 7 7 7 7 0 0
0 11 52 3 4 -7 -7 7 7 0 0
0 11 53 3 4 -7 -7 7 -7 0 0
0 11 54 3 4 7 7 7 7 0 0
0 11 55 3 4 -7 -7 7 -7 0 0
0 11 56 3 4 -7 -7 7 -7 0 0
0 11 57 3 4 -7 7 7 -7 0 0
0 11 58 3 4 7 7 7 -7 0 0
0 11 59 3 4 7 7 -7 -7 0 0
0 11 60 3 4 7 -7 -7 7 0 0
0 11 61 3 4 7 7 -7 -7 0 0
0 11 62 3 4 7 -7 -7 -7 0 0
0 11 63 3 4 7 7 7 -7 0 0
0 11 64 3 4 7 7 -7 7 0 0
0 11 65 3 4 7 7 -7 -7 0 0
0 11 66 3 4 -7 -7 7 7 0 0
0 11 67 3 4 -7 -7 -7 7 0 0
0 11 68 3 4 -7 7 -7 -7 0 0
0 11 69 3 4 -7 -7 7 -7 0 0
0 11 70 3 4 7 7 -7 -7 0 0
0 11 71 3 4 -7 -7 -7 -7 0 0
0 11 72 3 4 -7 -7 -7 -7 0 0
0 11 73 3 4 7 7 7 7 0 0
0 11 74 3 4 -7 -7 -7 7 0 0
0 11 75 3 4 7 -7 7 -7 0 0
0 11 76 3 4 7 7 7 7 0 0
0 11 77 3 4 -7 7 -7 7 0 0
0 11 78 3 4 -7 -7 7 7 0 0
0 11 79 3 4 -7 7 -7 7 0 0
0 11 80 3 4 7 7 -7 -7 0 0
0 11 81 3 4 7 -7 -7 7 0 0
0 11 82 3 4 7 -7 -7 7 0 0
0 11 83 3 4 7 7 7 -7 0 0
0 11 84 3 4 7 -7 -7 -7 0 0
0 11 85 3 4 7 -7 7 -7 0 0
0 11 86 3 4 7 -7 -7 7 0 0
0 11 87 3 4 -7 -7 7 -7 0 0
0 11 88 3 4 7 7 7 7 0 0
0 11 89 3 4 -7 7 -7 7 0 0
0 11 90 3 4 -7 7 -7 7 0 0
0 11 91 3 4 7 -7 -7 7 0 0
0 11 92 3 4 -7 -7 -7 7 0 0
0 11 93 3 4 7 7 7 -7 0 0
0 11 94 3 4 -7 7 7 -7 0 0
0 11 95 3 4 7 -7 7 7 0 0
0 11 96 3 4 -7 -7 7 7 0 0
0 11 97 3 4 -7 -7 7 7 0 0
0 11 98 3 4 -7 -7 7 -7 0 0
0 11 99 3 4 7 -7 -7 -7 0 0
0 11 100 3 4 7 -7 -7 -7 0 0
0 11 101 3 4 -7 7 7 -7 0 0
0 11 102 3 4 -7 7 7 -7 0 0
0 11 103 3 4 -7 7 7 7 0 0
0 11 104 3 4 7 7 7 -7 0 0
0 11 105 3 4 7 -7 7 7 0 0
0 11 106 3 4 7 -7 -7 7 0 0
0 11 107 3 4 -7 7 7 7 0 0
0 11 108 3 4 7 -7 7 7 0 0
0 11 109 3 4 -7 -7 -7 7 0 0
0 11 110 3 4 -7 -7 -7 -7 0 0
0 11 111 3 4 -7 -7 7 7 0 0
0 11 112 3 4 -7 7 7 7 0 0
0 11 113 3 4 7 7 -7 -7 0 0
0 11 114 3 4 7 7 -7 -7 0 0
0 11 115 3 4 7 7 -7 -7 0 0
0 11 116 3 4 7 7 -7 -7 0 0
0 11 117 3 4 7 7 7 7 0 0
0 11 118 3 4 -7 7 -7 7 0 0
0 11 119 3 4 7 7 -7 -7 0 0
0 11 120 3 4 7 -7 -7 7 0 0
0 11 121 3 4 -7 7 -7 -7 0 0
0 11 122 3 4 -7 7 -7 7 0 0
0 11 123 3 4 7 7 7 7 0 0
0 11 124 3 4 -7 -7 -7 -7 0 0
0 11 125 3 4 7 -7 7 7 0 0
0 11 126 3 4 -7 -7 7 7 0 0
0 11 127 3 4 7 7 -7 7 0 0
0 11 128 3 4 -7 -7 7 7 0 0
0 11 129 3 4 7 -7 -7 -7 0 0
0 11 130 3 4 7 7 -7 -7 0 0
0 11 131 3 4 -7 -7 -7 -7 0 0
0 11 132 3 4 7 -7 -7 7 0 0
0 11 133 3 4 7 -7 7 -7 0 0
0 11 134 3 4 7 7 7 -7 0 0
0 11 135 3 4 -7 7 7 7 0 0
0 11 136 3 4 7 7 -7 7 0 0
0 11 137 3 4 7 -7 7 -7 0 0
0 11 138 3 4 -7 -7 7 7 0 0
0 11 139 3 4 -7 -7 7 -7 0 0
0 11 140 3 4 7 7 7 -7 0 0
0 11 141 3 4 7 -7 7 -7 0 0
0 11 142 3 4 7 7 7 7 0 0
0 11 143 3 4 7 7 7 7 0 0
0 11 144 3 4 7 7 -7 7 0 0
0 11 145 3 4 7 -7 -7 7 0 0
0 11 146 3 4 7 7 -7 7 0 0
0 11 147 3 4 7 7 -7 7 0 0
0 11 148 3 4 -7 7 7 7 0 0
0 11 149 3 4 -7 -7 -7 7 0 0
0 11 150 3 4 -7 -7 -7 7 0 0
0 11 151 3 4 -7 -7 -7 7 0 0
0 11 152 3 4 -7 -7 7 -7 0 0
0 11 153 3 4 7 7 7 -7 0 0
0 11 154 3 4 -7 7 7 -7 0 0
0 11 155 3 4 7 -7 -7 7 0 0
0 11 156 3 4 7 7 -7 -7 0 0
0 11 157 3 4 7 7 -7 7 0 0
0 11 158 3 4 -7 7 -7 7 0 0
0 11 159 3 4 7 7 7 7 0 0
0 11 160 3 4 7 -7 7 -7 0 0
0 11 161 3 4 7 -7 -7 -7 0 0
0 11 162 3 4 -7 -7 7 -7 0 0
0 11 163 3 4 -7 7 7 7 0 0
0 11 164 3 4 -7 -7 7 7 0 0
0 11 165 3 4 -7 -7 7 7 0 0
0 11 166 3 4 -7 -7 -7 -7 0 0
0 11 167 3 4 -7 7 7 -7 0 0
0 11 168 3 4 7 7 -7 -7 0 0
0 11 169 3 4 -7 7 7 7 0 0
0 11 170 3 4 -7 7 -7 7 0 0
0 11 171 3 4 -7 7 -7 -7 0 0
0 11 172 3 4 7 7 7 -7 0 0
0 11 173 3 4 7 -7 7 -7 0 0
0 11 174 3 4 7 7 -7 -7 0 0
0 11 175 3 4 7 7 7 -7 0 0
0 11 176 3 4 -7 -7 7 7 0 0
0 11 177 3 4 -7 7 -7 7 0 0
0 11 178 3 4 7 -7 7 -7 0 0
0 11 179 3 4 7 -7 -7 7 0 0
0 11 180 3 4 -7 7 7 7 0 0
0 11 181 3 4 -7 -7 -7 7 0 0
0 11 182 3 4 7 7 -7 7 0 0
0 11 183 3 4 -7 7 -7 -7 0 0
0 11 184 3 4 7 -7 7 7 0 0
0 11 185 3 4 -7 7 7 7 0 0
0 11 186 3 4 7 -7 -7 -7 0 0
0 11 187 3 4 7 7 7 -7 0 0
0 11 188 3 4 -7 -7 -7 7 0 0
0 11 189 3 4 -7 7 7 7 0 0
0 11 190 3 4 -7 -7 -7 7 0 0
0 11 191 3 4 7 7 -7 7 0 0
0 11 192 3 4 -7 7 7 -7 0 0
0 11 193 3 4 7 7 -7 7 0 0
0 11 194 3 4 7 -7 7 7 0 0
0 11 195 3 4 7 7 -7 7 0 0
0 11 196 3 4 -7 -7 -7 7 0 0
0 11 197 3 4 7 7 7 -7 0 0
0 11 198 3 4 -7 -7 -7 7 0 0
0 11 199 3 4 7 7 7 7 0 0
0 11 200 3 4 -7 -7 -7 -7 0 0
0 11 201 3 4 7 -7 -7 -7 0 0
0 11 202 3 4 -7 -7 -7 -7 0 0
0 11 203 3 4 7 -7 7 7 0 0
0 11 204 3 4 7 7 7 -7 0 0
0 11 205 3 4 7 7 -7 7 0 0
0 11 206 3 4 -7 7 -7 -7 0 0
0 11 207 3 4 -7 7 -7 7 0 0
0 11 208 3 4 -7 -7 -7 7 0 0
0 11 209 3 4 7 7 7 7 0 0
0 11 210 3 4 -7 7 -7 -7 0 0
0 11 211 3 4 -7 -7 -7 7 0 0
0 11 212 3 4 -7 7 -7 7 0 0
0 11 213 3 4 7 7 7 -7 0 0
0 11 214 3 4 7 7 7 7 0 0
0 11 215 3 4 7 -7 7 7 0 0
0 12 0 3 4 -7 7 -7 -7 0 0
0 12 1 3 4 -7 7 -7 7 0 0
0 12 2 3 4 -7 7 7 7 0 0
0 12 3 3 4 7 -7 -7 7 0 0
0 12 4 3 4 -7 7 -7 -7 0 0
0 12 5 3 4 -7 7 -7 7 0 0
0 12 6 3 4 7 7 -7 7 0 0
0 12 7 3 4 -7 -7 7 -7 0 0
0 12 8 3 4 7 -7 -7 7 0 0
0 12 9 3 4 -7 7 -7 -7 0 0
0 12 10 3 4 -7 7 7 7 0 0
0 12 11 3 4 7 -7 -7 -7 0 0
0 12 12 3 4 -7 -7 -7 -7 0 0
0 12 13 3 4 -7 7 -7 -7 0 0
0 12 14 3 4 -7 7 -7 7 0 0
0 12 15 3 4 -7 -7 7 -7 0 0
0 12 16 3 4 7 -7 -7 -7 0 0
0 12 17 3 4 -7 -7 -7 7 0 0
0 12 18 3 4 7 -7 7 -7 0 0
0 12 19 3 4 7 7 -7 -7 0 0
0 12 20 3 4 7 7 7 -7 0 0
0 12 21 3 4 -7 7 7 -7 0 0
0 12 22 3 4 7 -7 7 7 0 0
0 12 23 3 4 7 7 -7 -7 0 0
0 12 24 3 4 -7 -7 -7 -7 0 0
0 12 25 3 4 7 7 7 -7 0 0
0 12 26 3 4 -7 -7 -7 -7 0 0
0 12 27 3 4 7 -7 7 -7 0 0
0 12 28 3 4 7 -7 7 -7 0 0
0 12 29 3 4 7 -7 -7 7 0 0
0 12 30 3 4 7 -7 7 -7 0 0
0 12 31 3 4 7 7 -7 -7 0 0
0 12 32 3 4 -7 -7 -7 7 0 0
0 12 33 3 4 7 -7 7 7 0 0
0 12 34 3 4 7 -7 7 7 0 0
0 12 35 3 4 7 -7 7 7 0 0
0 12 36 3 4 7 7 7 -7 0 0
0 12 37 3 4 -7 -7 7 7 0 0
0 12 38 3 4 -7 7 -7 7 0 0
0 12 39 3 4 7 -7 -7 7 0 0
0 12 40 3 4 7 7 -7 7 0 0
0 12 41 3 4 -7 -7 7 -7 0 0
0 12 42 3 4 -7 -7 7 -7 0 0
0 12 43 3 4 7 7 -7 7 0 0
0 12 44 3 4 7 -7 7 7 0 0
0 12 45 3 4 -7 7 7 7 0 0
0 12 46 3 4 -7 7 7 7 0 0
0 12 47 3 4 7 -7 7 -7 0 0
0 12 48 3 4 7 -7 7 -7 0 0
0 12 49 3 4 7 -7 -7 -7 0 0
0 12 50 3 4 -7 -7 7 7 0 0
0 12 51 3 4 7 -7 -7 7 0 0
0 12 52 3 4 -7 7 -7 7 0 0
0 12 53 3 4 -7 7 -7 -7 0 0
0 12 54 3 4 -7 -7 -7 -7 0 0
0 12 55 3 4 7 7 7 -7 0 0
0 12 56 3 4 -7 7 -7 7 0 0
0 12 57 3 4 7 -7 7 7 0 0
0 12 58 3 4 7 -7 7 -7 0 0
0 12 59 3 4 -7 -7 -7 7 0 0
0 12 60 3 4 7 -7 7 7 0 0
0 12 61 3 4 7 7 7 7 0 0
0 12 62 3 4 -7 7 7 -7 0 0
0 12 63 3 4 7 -7 7 -7 0 0
0 12 64 3 4 -7 -7 7 7 0 0
0 12 65 3 4 7 -7 7 7 0 0
0 12 66 3 4 7 -7 -7 7 0 0
0 12 67 3 4 7 7 -7 7 0 0
0 12 68 3 4 -7 -7 7 -7 0 0
0 12 69 3 4 7 -7 7 7 0 0
0 12 70 3 4 7 7 7 -7 0 0
0 12 71 3 4 -7 7 7 7 0 0
0 12 72 3 4 -7 -7 7 -7 0 0
0 12 73 3 4 -7 7 -7 7 0 0
0 12 74 3 4 7 -7 7 7 0 0
0 12 75 3 4 7 7 7 7 0 0
0 12 76 3 4 7 7 7 -7 0 0
0 12 77 3 4 7 7 7 7 0 0
0 12 78 3 4 -7 -7 -7 7 0 0
0 12 79 3 4 7 -7 -7 -7 0 0
0 12 80 3 4 -7 7 7 -7 0 0
0 12 81 3 4 -7 -7 -7 -7 0 0
0 12 82 3 4 -7 7 -7 7 0 0
0 12 83 3 4 7 7 7 -7 0 0
0 12 84 3 4 -7 7 -7 -7 0 0
0 12 85 3 4 7 -7 -7 -7 0 0
0 12 86 3 4 7 -7 -7 -7 0 0
0 12 87 3 4 7 -7 -7 -7 0 0
0 12 88 3 4 -7 7 -7 -7 0 0
0 12 89 3 4 -7 7 7 7 0 0
0 12 90 3 4 -7 7 7 7 0 0
0 12 91 3 4 7 -7 7 7 0 0
0 12 92 3 4 -7 -7 -7 7 0 0
0 12 93 3 4 -7 -7 7 -7 0 0
0 12 94 3 4 7 7 7 -7 0 0
0 12 95 3 4 7 -7 7 -7 0 0
0 12 96 3 4 7 7 7 -7 0 0
0 12 97 3 4 -7 7 7 7 0 0
0 12 98 3 4 -7 -7 7 -7 0 0
0 12 99 3 4 -7 -7 -7 -7 0 0
0 12 100 3 4 -7 -7 -7 -7 0 0
0 12 101 3 4 -7 -7 7 7 0 0
0 12 102 3 4 -7 -7 7 7 0 0
0 12 103 3 4 7 7 -7 7 0 0
0 12 104 3 4 -7 -7 7 -7 0 0
0 12 105 3 4 7 7 -7 7 0 0
0 12 106 3 4 -7 7 7 -7 0 0
0 12 107 3 4 7 -7 7 7 0 0
0 12 108 3 4 -7 -7 -7 -7 0 0
0 12 109 3 4 -7 7 7 -7 0 0
0 12 110 3 4 -7 7 -7 7 0 0
0 12 111 3 4 -7 -7 7 -7 0 0
0 12 112 3 4 -7 -7 -7 -7 0 0
0 12 113 3 4 7 7 -7 7 0 0
0 12 114 3 4 -7 7 7 7 0 0
0 12 115 3 4 7 7 -7 -7 0 0
0 12 116 3 4 -7 -7 7 7 0 0
0 12 117 3 4 7 7 7 -7 0 0
0 12 118 3 4 7 7 7 -7 0 0
0 12 119 3 4 -7 -7 -7 -7 0 0
0 12 120 3 4 -7 -7 -7 -7 0 0
0 12 121 3 4 -7 7 -7 7 0 0
0 12 122 3 4 -7 -7 -7 -7 0 0
0 12 123 3 4 -7 -7 -7 -7 0 0
0 12 124 3 4 -7 -7 7 7 0 0
0 12 125 3 4 -7 7 -7 -7 0 0
0 12 126 3 4 -7 7 -7 -7 0 0
0 12 127 3 4 7 -7 7 -7 0 0
0 12 128 3 4 -7 -7 7 7 0 0
0 12 129 3 4 7 -7 7 -7 0 0
0 12 130 3 4 7 -7 -7 7 0 0
0 12 131 3 4 7 7 -7 7 0 0
0 12 132 3 4 -7 7 7 7 0 0
0 12 133 3 4 7 7 7 7 0 0
0 12 134 3 4 -7 -7 7 -7 0 0
0 12 135 3 4 7 -7 7 7 0 0
0 12 136 3 4 -7 -7 7 7 0 0
0 12 137 3 4 -7 7 -7 7 0 0
0 12 138 3 4 7 -7 -7 7 0 0
0 12 139 3 4 -7 -7 -7 7 0 0
0 12 140 3 4 -7 -7 7 7 0 0
0 12 141 3 4 7 -7 -7 7 0 0
0 12 142 3 4 7 7 7 -7 0 0
0 12 143 3 4 7 -7 7 -7 0 0
0 12 144 3 4 7 -7 7 7 0 0
0 12 145 3 4 7 -7 -7 -7 0 0
0 12 146 3 4 7 -7 7 -7 0 0
0 12 147 3 4 -7 -7 -7 7 0 0
0 12 148 3 4 -7 -7 -7 -7 0 0
0 12 149 3 4 -7 7 7 7 0 0
0 12 150 3 4 -7 -7 -7 -7 0 0
0 12 151 3 4 7 -7 7 7 0 0
0 12 152 3 4 7 7 -7 -7 0 0
0 12 153 3 4 -7 7 -7 7 0 0
0 12 154 3 4 7 7 -7 -7 0 0
0 12 155 3 4 -7 -7 -7 7 0 0
0 12 156 3 4 7 7 -7 7 0 0
0 12 157 3 4 7 -7 -7 7 0 0
0 12 158 3 4 7 -7 -7 7 0 0
0 12 159 3 4 -7 -7 -7 7 0 0
0 12 160 3 4 7 -7 7 -7 0 0
0 12 161 3 4 7 -7 7 -7 0 0
0 12 162 3 4 7 7 7 -7 0 0
0 12 163 3 4 7 -7 7 -7 0 0
0 12 164 3 4 7 -7 -7 -7 0 0
0 12 165 3 4 7 -7 7 -7 0 0
0 12 166 3 4 7 7 7 7 0 0
0 12 167 3 4 -7 7 7 7 0 0
0 12 168 3 4 7 -7 -7 -7 0 0
0 12 169 3 4 7 7 7 7 0 0
0 12 170 3 4 7 7 -7 -7 0 0
0 12 171 3 4 -7 -7 7 7 0 0
0 12 172 3 4 7 -7 7 -7 0 0
0 12 173 3 4 -7 -7 -7 7 0 0
0 12 174 3 4 7 -7 7 7 0 0
0 12 175 3 4 -7 -7 7 7 0 0
0 12 176 3 4 -7 7 7 7 0 0
0 12 177 3 4 7 7 -7 -7 0 0
0 12 178 3 4 -7 7 7 -7 0 0
0 12 179 3 4 -7 7 -7 7 0 0
0 12 180 3 4 -7 7 7 7 0 0
0 12 181 3 4 -7 7 7 -7 0 0
0 12 182 3 4 -7 7 -7 7 0 0
0 12 183 3 4 -7 -7 7 -7 0 0
0 12 184 3 4 7 -7 -7 7 0 0
0 12 185 3 4 7 -7 -7 7 0 0
0 12 186 3 4 7 -7 7 7 0 0
0 12 187 3 4 -7 -7 -7 7 0 0
0 12 188 3 4 -7 7 -7 -7 0 0
0 12 189 3 4 7 7 7 -7 0 0
0 12 190 3 4 7 -7 7 -7 0 0
0 12 191 3 4 7 7 -7 -7 0 0
0 12 192 3 4 -7 7 7 -7 0 0
0 12 193 3 4 7 -7 -7 -7 0 0
0 12 194 3 4 7 -7 -7 -7 0 0
0 12 195 3 4 7 7 7 -7 0 0
0 12 196 3 4 7 -7 7 -7 0 0
0 12 197 3 4 -7 -7 7 7 0 0
0 12 198 3 4 -7 -7 -7 7 0 0
0 12 199 3 4 -7 -7 -7 7 0 0
0 12 200 3 4 -7 7 -7 -7 0 0
0 12 201 3 4 -7 7 7 -7 0 0
0 12 202 3 4 7 -7 7 -7 0 0
0 12 203 3 4 -7 -7 7 -7 0 0
0 12 204 3 4 -7 -7 7 -7 0 0
0 12 205 3 4 -7 7 -7 7 0 0
0 12 206 3 4 -7 7 -7 7 0 0
0 12 207 3 4 7 7 7 7 0 0
0 12 208 3 4 -7 7 -7 7 0 0
0 12 209 3 4 7 7 7 -7 0 0
0 12 210 3 4 7 -7 7 7 0 0
0 12 211 3 4 7 7 7 7 0 0
0 12 212 3 4 7 7 7 -7 0 0
0 12 213 3 4 7 7 -7 -7 0 0
0 12 214 3 4 7 -7 -7 -7 0 0
0 12 215 3 4 7 7 7 -7 0 0
0 13 0 3 4 7 7 -7 7 0 0
0 13 1 3 4 7 -7 7 7 0 0
0 13 2 3 4 7 -7 7 7 0 0
0 13 3 3 4 7 -7 -7 7 0 0
0 13 4 3 4 -7 -7 -7 7 0 0
0 13 5 3 4 7 -7 7 -7 0 0
0 13 6 3 4 -7 7 7 -7 0 0
0 13 7 3 4 -7 -7 -7 -7 0 0
0 13 8 3 4 7 -7 7 -7 0 0
0 13 9 3 4 7 7 -7 -7 0 0
0 13 10 3 4 7 -7 7 7 0 0
0 13 11 3 4 7 7 7 -7 0 0
0 13 12 3 4 -7 -7 -7 7 0 0
0 13 13 3 4 -7 -7 -7 -7 0 0
0 13 14 3 4 -7 7 7 7 0 0
0 13 15 3 4 -7 -7 7 7 0 0
0 13 16 3 4 7 -7 7 7 0 0
0 13 17 3 4 -7 7 7 -7 0 0
0 13 18 3 4 -7 7 7 7 0 0
0 13 19 3 4 -7 7 7 -7 0 0
0 13 20 3 4 -7 7 -7 7 0 0
0 13 21 3 4 -7 7 7 -7 0 0
0 13 22 3 4 -7 7 7 -7 0 0
0 13 23 3 4 -7 7 7 7 0 0
0 13 24 3 4 7 -7 7 7 0 0
0 13 25 3 4 -7 7 7 7 0 0
0 13 26 3 4 7 -7 -7 -7 0 0
0 13 27 3 4 7 7 7 -7 0 0
0 13 28 3 4 7 7 -7 -7 0 0
0 13 29 3 4 7 -7 -7 -7 0 0
0 13 30 3 4 -7 7 7 7 0 0
0 13 31 3 4 -7 -7 7 -7 0 0
0 13 32 3 4 -7 -7 -7 7 0 0
0 13 33 3 4 -7 -7 7 -7 0 0
0 13 34 3 4 -7 -7 -7 -7 0 0
0 13 35 3 4 7 -7 -7 -7 0 0
0 13 36 3 4 -7 7 7 7 0 0
0 13 37 3 4 7 -7 -7 7 0 0
0 13 38 3 4 7 -7 7 -7 0 0
0 13 39 3 4 -7 7 -7 7 0 0
0 13 40 3 4 -7 7 -7 7 0 0
0 13 41 3 4 -7 -7 7 7 0 0
0 13 42 3 4 -7 7 7 7 0 0
0 13 43 3 4 7 7 7 7 0 0
0 13 44 3 4 -7 7 -7 7 0 0
0 13 45 3 4 -7 -7 7 -7 0 0
0 13 46 3 4 7 7 -7 7 0 0
0 13 47 3 4 7 -7 -7 7 0 0
0 13 48 3 4 -7 7 7 7 0 0
0 13 49 3 4 -7 7 -7 -7 0 0
0 13 50 3 4 -7 7 7 -7 0 0
0 13 51 3 4 7 7 7 -7 0 0
0 13 52 3 4 -7 -7 -7 -7 0 0
0 13 53 3 4 7 -7 -7 7 0 0
0 13 54 3 4 -7 7 -7 7 0 0
0 13 55 3 4 -7 7 7 7 0 0
0 13 56 3 4 7 -7 7 -7 0 0
0 13 57 3 4 -7 -7 -7 7 0 0
0 13 58 3 4 7 7 7 -7 0 0
0 13 59 3 4 7 -7 7 -7 0 0
0 13 60 3 4 7 7 -7 7 0 0
0 13 61 3 4 -7 -7 -7 7 0 0
0 13 62 3 4 7 -7 -7 7 0 0
0 13 63 3 4 7 7 -7 -7 0 0
0 13 64 3 4 7 7 -7 -7 0 0
0 13 65 3 4 -7 7 -7 7 0 0
0 13 66 3 4 -7 7 7 7 0 0
0 13 67 3 4 -7 7 -7 -7 0 0
0 13 68 3 4 7 7 7 -7 0 0
0 13 69 3 4 -7 -7 7 -7 0 0
0 13 70 3 4 7 -7 -7 7 0 0
0 13 71 3 4 7 7 -7 7 0 0
0 13 72 3 4 -7 -7 -7 7 0 0
0 13 73 3 4 7 7 7 -7 0 0
0 13 74 3 4 -7 7 -7 7 0 0
0 13 75 3 4 -7 7 7 7 0 0
0 13 76 3 4 -7 7 7 -7 0 0
0 13 77 3 4 7 -7 7 7 0 0
0 13 78 3 4 7 -7 -7 7 0 0
0 13 79 3 4 7 7 7 7 0 0
0 13 80 3 4 -7 7 7 -7 0 0
0 13 81 3 4 -7 -7 -7 7 0 0
0 13 82 3 4 7 7 -7 -7 0 0
0 13 83 3 4 7 7 7 7 0 0
0 13 84 3 4 -7 7 -7 -7 0 0
0 13 85 3 4 7 7 7 -7 0 0
0 13 86 3 4 7 7 7 7 0 0
0 13 87 3 4 7 -7 7 7 0 0
0 13 88 3 4 7 7 7 -7 0 0
0 13 89 3 4 7 -7 7 -7 0 0
0 13 90 3 4 7 -7 7 -7 0 0
0 13 91 3 4 -7 -7 7 7 0 0
0 13 92 3 4 7 7 7 -7 0 0
0 13 93 3 4 7 7 -7 -7 0 0
0 13 94 3 4 7 7 -7 7 0 0
0 13 95 3 4 -7 7 7 7 0 0
0 13 96 3 4 -7 7 -7 -7 0 0
0 13 97 3 4 -7 7 7 -7 0 0
0 13 98 3 4 7 7 7 -7 0 0
0 13 99 3 4 -7 7 7 7 0 0
0 13 100 3 4 -7 -7 -7 7 0 0
0 13 101 3 4 7 -7 7 7 0 0
0 13 102 3 4 -7 -7 -7 7 0 0
0 13 103 3 4 7 7 7 -7 0 0
0 13 104 3 4 7 7 -7 7 0 0
0 13 105 3 4 7 7 -7 7 0 0
0 13 106 3 4 7 7 7 -7 0 0
0 13 107 3 4 -7 -7 -7 -7 0 0
0 13 108 3 4 -7 7 7 -7 0 0
0 13 109 3 4 -7 -7 7 7 0 0
0 13 110 3 4 -7 -7 -7 -7 0 0
0 13 111 3 4 7 7 7 7 0 0
0 13 112 3 4 7 7 -7 -7 0 0
0 13 113 3 4 -7 -7 -7 7 0 0
0 13 114 3 4 -7 -7 7 7 0 0
0 13 115 3 4 7 -7 -7 -7 0 0
0 13 116 3 4 -7 7 -7 7 0 0
0 13 117 3 4 7 7 -7 7 0 0
0 13 118 3 4 -7 7 7 -7 0 0
0 13 119 3 4 -7 7 -7 7 0 0
0 13 120 3 4 -7 7 7 -7 0 0
0 13 121 3 4 7 7 -7 -7 0 0
0 13 122 3 4 -7 -7 7 -7 0 0
0 13 123 3 4 7 -7 -7 -7 0 0
0 13 124 3 4 7 -7 7 7 0 0
0 13 125 3 4 -7 7 7 -7 0 0
0 13 126 3 4 -7 7 -7 -7 0 0
0 13 127 3 4 -7 7 -7 -7 0 0
0 13 128 3 4 7 -7 7 7 0 0
0 13 129 3 4 7 7 7 7 0 0
0 13 130 3 4 -7 7 7 -7 0 0
0 13 131 3 4 7 -7 -7 7 0 0
0 13 132 3 4 -7 7 7 -7 0 0
0 13 133 3 4 -7 -7 7 -7 0 0
0 13 134 3 4 7 7 7 -7 0 0
0 13 135 3 4 7 7 7 -7 0 0
0 13 136 3 4 7 7 7 -7 0 0
0 13 137 3 4 7 -7 -7 -7 0 0
0 13 138 3 4 -7 7 7 7 0 0
0 13 139 3 4 7 7 -7 7 0 0
0 13 140 3 4 -7 -7 7 -7 0 0
0 13 141 3 4 7 -7 -7 -7 0 0
0 13 142 3 4 -7 -7 7 -7 0 0
0 13 143 3 4 7 -7 -7 7 0 0
0 13 144 3 4 7 -7 -7 -7 0 0
0 13 145 3 4 7 7 7 7 0 0
0 13 146 3 4 -7 7 7 -7 0 0
0 13 147 3 4 7 -7 7 -7 0 0
0 13 148 3 4 7 7 -7 -7 0 0
0 13 149 3 4 -7 7 7 -7 0 0
0 13 150 3 4 7 7 -7 7 0 0
0 13 151 3 4 -7 -7 7 -7 0 0
0 13 152 3 4 7 -7 7 -7 0 0
0 13 153 3 4 -7 -7 -7 7 0 0
0 13 154 3 4 7 -7 7 -7 0 0
0 13 155 3 4 7 -7 7 -7 0 0
0 13 156 3 4 7 7 -7 -7 0 0
0 13 157 3 4 7 7 -7 7 0 0
0 13 158 3 4 7 -7 7 7 0 0
0 13 159 3 4 -7 -7 7 7 0 0
0 13 160 3 4 7 7 7 7 0 0
0 13 161 3 4 7 -7 -7 -7 0 0
0 13 162 3 4 -7 7 -7 7 0 0
0 13 163 3 4 -7 7 7 -7 0 0
0 13 164 3 4 -7 -7 7 7 0 0
0 13 165 3 4 -7 -7 7 -7 0 0
0 13 166 3 4 -7 -7 -7 -7 0 0
0 13 167 3 4 7 -7 7 7 0 0
0 13 168 3 4 -7 -7 -7 -7 0 0
0 13 169 3 4 7 7 -7 -7 0 0
0 13 170 3 4 -7 7 7 -7 0 0
0 13 171 3 4 7 7 -7 -7 0 0
0 13 172 3 4 7 -7 7 -7 0 0
0 13 173 3 4 -7 7 7 -7 0 0
0 13 174 3 4 -7 7 -7 -7 0 0
0 13 175 3 4 -7 7 -7 7 0 0
0 13 176 3 4 -7 -7 -7 7 0 0
0 13 177 3 4 -7 7 7 -7 0 0
0 13 178 3 4 -7 7 7 7 0 0
0 13 179 3 4 -7 -7 -7 7 0 0
0 13 180 3 4 -7 -7 7 7 0 0
0 13 181 3 4 7 7 -7 -7 0 0
0 13 182 3 4 -7 7 -7 -7 0 0
0 13 183 3 4 7 7 7 -7 0 0
0 13 184 3 4 -7 7 -7 -7 0 0
0 13 185 3 4 7 7 7 7 0 0
0 13 186 3 4 -7 -7 7 7 0 0
0 13 187 3 4 7 -7 7 -7 0 0
0 13 188 3 4 7 -7 7 7 0 0
0 13 189 3 4 -7 -7 -7 -7 0 0
0 13 190 3 4 -7 -7 -7 7 0 0
0 13 191 3 4 -7 7 -7 -7 0 0
0 13 192 3 4 -7 -7 7 7 0 0
0 13 193 3 4 -7 -7 -7 -7 0 0
0 13 194 3 4 -7 7 -7 -7 0 0
0 13 195 3 4 -7 7 7 -7 0 0
0 13 196 3 4 -7 -7 -7 -7 0 0
0 13 197 3 4 7 -7 7 -7 0 0
0 13 198 3 4 -7 -7 7 -7 0 0
0 13 199 3 4 7 -7 -7 -7 0 0
0 13 200 3 4 -7 -7 -7 -7 0 0
0 13 201 3 4 -7 7 -7 -7 0 0
0 13 202 3 4 -7 7 -7 -7 0 0
0 13 203 3 4 -7 7 7 -7 0 0
0 13 204 3 4 7 -7 7 7 0 0
0 13 205 3 4 7 -7 7 -7 0 0
0 13 206 3 4 7 7 7 -7 0 0
0 13 207 3 4 -7 7 7 -7 0 0
0 13 208 3 4 -7 7 7 7 0 0
0 13 209 3 4 -7 -7 -7 7 0 0
0 13 210 3 4 7 -7 -7 -7 0 0
0 13 211 3 4 -7 -7 7 -7 0 0
0 13 212 3 4 -7 7 7 -7 0 0
0 13 213 3 4 -7 -7 7 -7 0 0
0 13 214 3 4 -7 -7 7 -7 0 0
0 13 215 3 4 7 7 7 -7 0 0
0 14 0 3 4 -7 -7 -7 -7 0 0
0 14 1 3 4 -7 7 -7 -7 0 0
0 14 2 3 4 7 7 7 7 0 0
0 14 3 3 4 7 7 -7 -7 0 0
0 14 4 3 4 -7 -7 -7 7 0 0
0 14 5 3 4 -7 7 7 -7 0 0
0 14 6 3 4 -7 7 7 7 0 0
0 14 7 3 4 7 -7 7 -7 0 0
0 14 8 3 4 7 -7 -7 -7 0 0
0 14 9 3 4 7 7 -7 7 0 0
0 14 10 3 4 7 7 -7 -7 0 0
0 14 11 3 4 7 -7 -7 7 0 0
0 14 12 3 4 7 -7 7 -7 0 0
0 14 13 3 4 7 -7 -7 -7 0 0
0 14 14 3 4 -7 -7 -7 -7 0 0
0 14 15 3 4 -7 -7 7 -7 0 0
0 14 16 3 4 -7 -7 -7 -7 0 0
0 14 17 3 4 7 7 -7 -7 0 0
0 14 18 3 4 -7 -7 -7 -7 0 0
0 14 19 3 4 7 -7 7 -7 0 0
0 14 20 3 4 7 7 7 7 0 0
0 14 21 3 4 7 -7 -7 -7 0 0
0 14 22 3 4 7 7 -7 -7 0 0
0 14 23 3 4 7 7 -7 -7 0 0
0 14 24 3 4 7 -7 7 -7 0 0
0 14 25 3 4 -7 -7 -7 -7 0 0
0 14 26 3 4 -7 7 -7 7 0 0
0 14 27 3 4 7 7 -7 -7 0 0
0 14 28 3 4 -7 7 -7 -7 0 0
0 14 29 3 4 -7 -7 7 7 0 0
0 14 30 3 4 7 7 7 -7 0 0
0 14 31 3 4 7 7 7 -7 0 0
0 14 32 3 4 -7 7 7 7 0 0
0 14 33 3 4 7 7 -7 -7 0 0
0 14 34 3 4 -7 7 -7 7 0 0
0 14 35 3 4 7 -7 7 7 0 0
0 14 36 3 4 -7 -7 7 -7 0 0
0 14 37 3 4 7 -7 7 -7 0 0
0 14 38 3 4 -7 7 -7 -7 0 0
0 14 39 3 4 7 -7 -7 7 0 0
0 14 40 3 4 -7 7 7 -7 0 0
0 14 41 3 4 7 -7 -7 7 0 0
0 14 42 3 4 -7 7 -7 -7 0 0
0 14 43 3 4 -7 7 -7 -7 0 0
0 14 44 3 4 7 -7 7 -7 0 0
0 14 45 3 4 7 -7 -7 7 0 0
0 14 46 3 4 -7 7 7 7 0 0
0 14 47 3 4 7 7 -7 -7 0 0
0 14 48 3 4 -7 -7 -7 7 0 0
0 14 49 3 4 -7 7 7 -7 0 0
0 14 50 3 4 -7 -7 -7 7 0 0
0 14 51 3 4 -7 7 -7 7 0 0
0 14 52 3 4 -7 -7 7 7 0 0
0 14 53 3 4 7 7 -7 -7 0 0
0 14 54 3 4 -7 7 7 -7 0 0
0 14 55 3 4 -7 -7 -7 -7 0 0
0 14 56 3 4 -7 -7 7 7 0 0
0 14 57 3 4 -7 -7 -7 -7 0 0
0 14 58 3 4 7 -7 -7 7 0 0
0 14 59 3 4 7 -7 -7 7 0 0
0 14 60 3 4 -7 7 7 -7 0 0
0 14 61 3 4 -7 -7 7 -7 0 0
0 14 62 3 4 7 7 7 7 0 0
0 14 63 3 4 -7 7 7 7 0 0
0 14 64 3 4 7 7 7 -7 0 0
0 14 65 3 4 7 7 7 -7 0 0
0 14 66 3 4 7 7 -7 7 0 0
0 14 67 3 4 7 -7 7 -7 0 0
0 14 68 3 4 7 -7 -7 7 0 0
0 14 69 3 4 -7 -7 -7 -7 0 0
0 14 70 3 4 7 -7 -7 7 0 0
0 14 71 3 4 7 -7 -7 -7 0 0
0 14 72 3 4 7 7 7 -7 0 0
0 14 73 3 4 -7 7 -7 7 0 0
0 14 74 3 4 7 7 -7 7 0 0
0 14 75 3 4 -7 -7 7 7 0 0
0 14 76 3 4 7 7 -7 7 0 0
0 14 77 3 4 7 -7 -7 7 0 0
0 14 78 3 4 7 7 7 7 0 0
0 14 79 3 4 7 -7 -7 -7 0 0
0 14 80 3 4 7 7 -7 7 0 0
0 14 81 3 4 -7 -7 -7 -7 0 0
0 14 82 3 4 7 7 -7 7 0 0
0 14 83 3 4 7 7 7 -7 0 0
0 14 84 3 4 7 -7 7 7 0 0
0 14 85 3 4 -7 -7 -7 7 0 0
0 14 86 3 4 7 -7 7 7 0 0
0 14 87 3 4 -7 7 -7 7 0 0
0 14 88 3 4 7 7 -7 7 0 0
0 14 89 3 4 -7 -7 7 -7 0 0
0 14 90 3 4 7 7 -7 -7 0 0
0 14 91 3 4 7 -7 -7 -7 0 0
0 14 92 3 4 -7 -7 7 -7 0 0
0 14 93 3 4 -7 -7 7 7 0 0
0 14 94 3 4 -7 -7 7 7 0 0
0 14 95 3 4 -7 -7 -7 7 0 0
0 14 96 3 4 -7 7 7 7 0 0
0 14 97 3 4 -7 7 -7 -7 0 0
0 14 98 3 4 7 -7 7 -7 0 0
0 14 99 3 4 7 -7 7 -7 0 0
0 14 100 3 4 -7 7 -7 -7 0 0
0 14 101 3 4 -7 7 -7 7 0 0
0 14 102 3 4 -7 -7 7 -7 0 0
0 14 103 3 4 -7 7 -7 -7 0 0
0 14 104 3 4 7 -7 7 -7 0 0
0 14 105 3 4 7 -7 -7 -7 0 0
0 14 106 3 4 7 -7 -7 7 0 0
0 14 107 3 4 -7 7 7 7 0 0
0 14 108 3 4 -7 7 -7 7 0 0
0 14 109 3 4 -7 -7 -7 7 0 0
0 14 110 3 4 -7 7 -7 -7 0 0
0 14 111 3 4 7 -7 -7 -7 0 0
0 14 112 3 4 -7 -7 -7 7 0 0
0 14 113 3 4 7 -7 -7 7 0 0
0 14 114 3 4 -7 7 7 7 0 0
0 14 115 3 4 -7 -7 7 7 0 0
0 14 116 3 4 -7 7 7 -7 0 0
0 14 117 3 4 -7 7 7 7 0 0
0 14 118 3 4 7 -7 7 -7 0 0
0 14 119 3 4 -7 -7 -7 -7 0 0
0 14 120 3 4 -7 -7 7 -7 0 0
0 14 121 3 4 7 7 -7 -7 0 0
0 14 122 3 4 7 -7 7 -7 0 0
0 14 123 3 4 -7 7 7 -7 0 0
0 14 124 3 4 7 -7 7 -7 0 0
0 14 125 3 4 -7 7 7 -7 0 0
0 14 126 3 4 7 -7 7 7 0 0
0 14 127 3 4 7 -7 7 7 0 0
0 14 128 3 4 7 -7 7 -7 0 0
0 14 129 3 4 -7 -7 7 -7 0 0
0 14 130 3 4 7 -7 7 7 0 0
0 14 131 3 4 -7 -7 7 7 0 0
0 14 132 3 4 7 7 -7 -7 0 0
0 14 133 3 4 7 7 7 7 0 0
0 14 134 3 4 7 7 -7 7 0 0
0 14 135 3 4 -7 7 -7 -7 0 0
0 14 136 3 4 -7 -7 7 7 0 0
0 14 137 3 4 7 7 -7 7 0 0
0 14 138 3 4 7 -7 7 7 0 0
0 14 139 3 4 -7 7 -7 -7 0 0
0 14 140 3 4 -7 -7 -7 7 0 0
0 14 141 3 4 7 -7 -7 7 0 0
0 14 142 3 4 7 -7 -7 -7 0 0
0 14 143 3 4 -7 -7 7 -7 0 0
0 14 144 3 4 -7 7 7 7 0 0
0 14 145 3 4 7 7 -7 7 0 0
0 14 146 3 4 -7 -7 -7 -7 0 0
0 14 147 3 4 -7 -7 7 7 0 0
0 14 148 3 4 7 7 -7 7 0 0
0 14 149 3 4 7 -7 7 -7 0 0
0 14 150 3 4 -7 7 7 7 0 0
0 14 151 3 4 -7 7 -7 -7 0 0
0 14 152 3 4 7 -7 7 7 0 0
0 14 153 3 4 7 -7 -7 7 0 0
0 14 154 3 4 -7 7 -7 -7 0 0
0 14 155 3 4 7 7 -7 -7 0 0
0 14 156 3 4 7 -7 7 7 0 0
0 14 157 3 4 -7 -7 7 7 0 0
0 14 158 3 4 -7 7 -7 -7 0 0
0 14 159 3 4 -7 -7 -7 -7 0 0
0 14 160 3 4 7 -7 7 7 0 0
0 14 161 3 4 7 -7 7 7 0 0
0 14 162 3 4 7 -7 7 -7 0 0
0 14 163 3 4 7 -7 7 -7 0 0
0 14 164 3 4 -7 7 -7 -7 0 0
0 14 165 3 4 -7 7 7 -7 0 0
0 14 166 3 4 -7 -7 7 -7 0 0
0 14 167 3 4 7 7 -7 -7 0 0
0 14 168 3 4 7 7 7 7 0 0
0 14 169 3 4 7 -7 7 -7 0 0
0 14 170 3 4 7 7 7 7 0 0
0 14 171 3 4 -7 7 -7 -7 0 0
0 14 172 3 4 7 7 -7 7 0 0
0 14 173 3 4 -7 -7 -7 -7 0 0
0 14 174 3 4 7 -7 -7 -7 0 0
0 14 175 3 4 -7 -7 7 -7 0 0
0 14 176 3 4 -7 7 -7 7 0 0
0 14 177 3 4 7 -7 7 7 0 0
0 14 178 3 4 7 7 7 -7 0 0
0 14 179 3 4 -7 7 7 7 0 0
0 14 180 3 4 7 -7 -7 7 0 0
0 14 181 3 4 -7 -7 7 7 0 0
0 14 182 3 4 -7 7 -7 7 0 0
0 14 183 3 4 -7 -7 7 7 0 0
0 14 184 3 4 7 -7 7 7 0 0
0 14 185 3 4 7 7 7 7 0 0
0 14 186 3 4 7 7 -7 7 0 0
0 14 187 3 4 7 -7 7 7 0 0
0 14 188 3 4 -7 7 7 -7 0 0
0 14 189 3 4 -7 7 7 -7 0 0
0 14 190 3 4 7 -7 -7 -7 0 0
0 14 191 3 4 7 7 -7 -7 0 0
0 14 192 3 4 7 -7 -7 7 0 0
0 14 193 3 4 7 -7 -7 7 0 0
0 14 194 3 4 -7 7 -7 -7 0 0
0 14 195 3 4 -7 -7 7 7 0 0
0 14 196 3 4 7 -7 -7 7 0 0
0 14 197 3 4 7 -7 -7 -7 0 0
0 14 198 3 4 7 7 -7 7 0 0
0 14 199 3 4 -7 7 7 -7 0 0
0 14 200 3 4 -7 7 -7 7 0 0
0 14 201 3 4 -7 -7 7 -7 0 0
0 14 202 3 4 7 -7 -7 -7 0 0
0 14 203 3 4 -7 7 -7 -7 0 0
0 14 204 3 4 7 7 -7 -7 0 0
0 14 205 3 4 -7 7 7 7 0 0
0 14 206 3 4 7 7 -7 -7 0 0
0 14 207 3 4 7 7 -7 -7 0 0
0 14 208 3 4 7 -7 7 7 0 0
0 14 209 3 4 7 -7 7 -7 0 0
0 14 210 3 4 -7 7 -7 -7 0 0
0 14 211 3 4 7 7 -7 -7 0 0
0 14 212 3 4 7 7 7 7 0 0
0 14 213 3 4 7 7 -7 7 0 0
0 14 214 3 4 7 -7 7 7 0 0
0 14 215 3 4 -7 -7 7 -7 0 0
0 15 0 3 4 7 -7 -7 -7 0 0
0 15 1 3 4 7 7 -7 -7 0 0
0 15 2 3 4 -7 -7 -7 -7 0 0
0 15 3 3 4 7 7 -7 -7 0 0
0 15 4 3 4 7 7 -7 7 0 0
0 15 5 3 4 -7 7 -7 -7 0 0
0 15 6 3 4 -7 7 7 -7 0 0
0 15 7 3 4 -7 -7 7 -7 0 0
0 15 8 3 4 7 7 7 -7 0 0
0 15 9 3 4 -7 7 7 -7 0 0
0 15 10 3 4 7 -7 -7 7 0 0
0 15 11 3 4 -7 -7 7 -7 0 0
0 15 12 3 4 -7 -7 -7 7 0 0
0 15 13 3 4 -7 7 -7 7 0 0
0 15 14 3 4 7 7 7 7 0 0
0 15 15 3 4 7 -7 7 7 0 0
0 15 16 3 4 7 7 -7 -7 0 0
0 15 17 3 4 7 7 7 7 0 0
0 15 18 3 4 -7 7 -7 7 0 0
0 15 19 3 4 7 -7 -7 -7 0 0
0 15 20 3 4 -7 7 -7 -7 0 0
0 15 21 3 4 7 -7 -7 7 0 0
0 15 22 3 4 -7 7 7 -7 0 0
0 15 23 3 4 -7 -7 7 7 0 0
0 15 24 3 4 7 -7 7 7 0 0
0 15 25 3 4 7 -7 7 7 0 0
0 15 26 3 4 7 7 -7 7 0 0
0 15 27 3 4 7 -7 -7 7 0 0
0 15 28 3 4 7 -7 -7 7 0 0
0 15 29 3 4 7 7 7 -7 0 0
0 15 30 3 4 7 -7 7 -7 0 0
0 15 31 3 4 -7 -7 7 -7 0 0
0 15 32 3 4 -7 -7 -7 7 0 0
0 15 33 3 4 -7 -7 7 -7 0 0
0 15 34 3 4 -7 -7 -7 -7 0 0
0 15 35 3 4 -7 7 7 7 0 0
0 15 36 3 4 -7 -7 -7 -7 0 0
0 15 37 3 4 -7 -7 7 7 0 0
0 15 38 3 4 -7 7 -7 7 0 0
0 15 39 3 4 7 7 -7 7 0 0
0 15 40 3 4 7 7 -7 -7 0 0
0 15 41 3 4 -7 -7 -7 7 0 0
0 15 42 3 4 -7 7 7 -7 0 0
0 15 43 3 4 7 -7 -7 7 0 0
0 15 44 3 4 7 -7 7 7 0 0
0 15 45 3 4 -7 7 7 7 0 0
0 15 46 3 4 7 7 -7 7 0 0
0 15 47 3 4 -7 -7 -7 -7 0 0
0 15 48 3 4 7 7 7 7 0 0
0 15 49 3 4 7 -7 7 -7 0 0
0 15 50 3 4 -7 7 -7 7 0 0
0 15 51 3 4 -7 7 -7 7 0 0
0 15 52 3 4 -7 -7 7 -7 0 0
0 15 53 3 4 -7 7 7 7 0 0
0 15 54 3 4 7 7 -7 -7 0 0
0 15 55 3 4 7 -7 7 -7 0 0
0 15 56 3 4 -7 -7 -7 -7 0 0
0 15 57 3 4 7 7 -7 -7 0 0
0 15 58 3 4 7 7 -7 7 0 0
0 15 59 3 4 -7 -7 -7 -7 0 0
0 15 60 3 4 7 -7 7 -7 0 0
0 15 61 3 4 -7 -7 -7 -7 0 0
0 15 62 3 4 -7 7 7 7 0 0
0 15 63 3 4 -7 -7 7 -7 0 0
0 15 64 3 4 7 7 7 -7 0 0
0 15 65 3 4 7 7 7 7 0 0
0 15 66 3 4 -7 -7 7 7 0 0
0 15 67 3 4 -7 -7 -7 7 0 0
0 15 68 3 4 7 -7 7 7 0 0
0 15 69 3 4 7 7 7 7 0 0
0 15 70 3 4 7 -7 -7 7 0 0
0 15 71 3 4 7 -7 7 -7 0 0
0 15 72 3 4 -7 -7 7 7 0 0
0 15 73 3 4 7 -7 7 -7 0 0
0 15 74 3 4 7 -7 7 -7 0 0
0 15 75 3 4 -7 7 7 -7 0 0
0 15 76 3 4 -7 -7 -7 -7 0 0
0 15 77 3 4 -7 7 7 -7 0 0
0 15 78 3 4 7 -7 -7 -7 0 0
0 15 79 3 4 7 7 7 7 0 0
0 15 80 3 4 7 7 -7 7 0 0
0 15 81 3 4 7 7 7 -7 0 0
0 15 82 3 4 7 7 7 7 0 0
0 15 83 3 4 -7 7 7 7 0 0
0 15 84 3 4 7 7 -7 -7 0 0
0 15 85 3 4 -7 -7 -7 7 0 0
0 15 86 3 4 -7 7 7 7 0 0
0 15 87 3 4 -7 -7 7 7 0 0
0 15 88 3 4 -7 7 -7 7 0 0
0 15 89 3 4 -7 -7 7 7 0 0
0 15 90 3 4 -7 7 7 -7 0 0
0 15 91 3 4 -7 7 7 -7 0 0
0 15 92 3 4 7 7 7 7 0 0
0 15 93 3 4 -7 7 -7 7 0 0
0 15 94 3 4 -7 -7 -7 7 0 0
0 15 95 3 4 7 7 7 -7 0 0
0 15 96 3 4 -7 -7 -7 -7 0 0
0 15 97 3 4 -7 7 -7 -7 0 0
0 15 98 3 4 7 -7 7 -7 0 0
0 15 99 3 4 7 7 7 -7 0 0
0 15 100 3 4 -7 -7 7 7 0 0
0 15 101 3 4 7 7 -7 7 0 0
0 15 102 3 4 -7 -7 7 7 0 0
0 15 103 3 4 7 7 7 -7 0 0
0 15 104 3 4 7 7 -7 -7 0 0
0 15 105 3 4 -7 7 7 -7 0 0
0 15 106 3 4 7 7 7 -7 0 0
0 15 107 3 4 -7 7 7 -7 0 0
0 15 108 3 4 7 7 -7 -7 0 0
0 15 109 3 4 -7 -7 -7 -7 0 0
0 15 110 3 4 7 7 7 7 0 0
0 15 111 3 4 7 7 7 7 0 0
0 15 112 3 4 -7 -7 7 7 0 0
0 15 113 3 4 -7 7 -7 7 0 0
0 15 114 3 4 -7 7 -7 -7 0 0
0 15 115 3 4 -7 -7 -7 -7 0 0
0 15 116 3 4 -7 -7 -7 7 0 0
0 15 117 3 4 -7 7 7 -7 0 0
0 15 118 3 4 7 7 7 7 0 0
0 15 119 3 4 7 7 7 -7 0 0
0 15 120 3 4 7 -7 7 7 0 0
0 15 121 3 4 -7 7 -7 7 0 0
0 15 122 3 4 -7 -7 -7 -7 0 0
0 15 123 3 4 -7 -7 7 7 0 0
0 15 124 3 4 -7 7 7 7 0 0
0 15 125 3 4 -7 7 7 7 0 0
0 15 126 3 4 7 7 7 7 0 0
0 15 127 3 4 -7 7 -7 -7 0 0
0 15 128 3 4 -7 -7 -7 7 0 0
0 15 129 3 4 -7 7 7 -7 0 0
0 15 130 3 4 -7 7 7 7 0 0
0 15 131 3 4 -7 7 -7 -7 0 0
0 15 132 3 4 -7 -7 -7 7 0 0
0 15 133 3 4 7 7 -7 7 0 0
0 15 134 3 4 -7 -7 -7 -7 0 0
0 15 135 3 4 -7 7 7 -7 0 0
0 15 136 3 4 7 7 7 -7 0 0
0 15 137 3 4 -7 7 7 -7 0 0
0 15 138 3 4 -7 7 7 -7 0 0
0 15 139 3 4 -7 7 7 -7 0 0
0 15 140 3 4 7 7 -7 -7 0 0
0 15 141 3 4 -7 -7 -7 7 0 0
0 15 142 3 4 -7 -7 7 7 0 0
0 15 143 3 4 7 -7 -7 7 0 0
0 15 144 3 4 -7 -7 7 -7 0 0
0 15 145 3 4 7 -7 -7 -7 0 0
0 15 146 3 4 7 -7 -7 -7 0 0
0 15 147 3 4 7 -7 -7 7 0 0
0 15 148 3 4 7 7 -7 7 0 0
0 15 149 3 4 -7 -7 7 -7 0 0
0 15 150 3 4 7 7 7 -7 0 0
0 15 151 3 4 -7 -7 -7 -7 0 0
0 15 152 3 4 -7 -7 7 7 0 0
0 15 153 3 4 7 7 7 -7 0 0
0 15 154 3 4 7 -7 -7 7 0 0
0 15 155 3 4 7 -7 7 -7 0 0
0 15 156 3 4 7 -7 -7 7 0 0
0 15 157 3 4 -7 7 -7 -7 0 0
0 15 158 3 4 7 7 7 -7 0 0
0 15 159 3 4 -7 7 7 7 0 0
0 15 160 3 4 -7 7 7 -7 0 0
0 15 161 3 4 7 -7 -7 -7 0 0
0 15 162 3 4 -7 -7 7 7 0 0
0 15 163 3 4 7 7 7 -7 0 0
0 15 164 3 4 7 7 7 7 0 0
0 15 165 3 4 7 -7 7 7 0 0
0 15 166 3 4 -7 -7 -7 7 0 0
0 15 167 3 4 -7 7 7 -7 0 0
0 15 168 3 4 7 -7 -7 7 0 0
0 15 169 3 4 7 -7 -7 -7 0 0
0 15 170 3 4 -7 -7 -7 7 0 0
0 15 171 3 4 -7 7 -7 7 0 0
0 15 172 3 4 7 -7 7 -7 0 0
0 15 173 3 4 -7 7 7 -7 0 0
0 15 174 3 4 7 7 -7 7 0 0
0 15 175 3 4 -7 -7 -7 -7 0 0
0 15 176 3 4 7 -7 -7 -7 0 0
0 15 177 3 4 -7 -7 -7 7 0 0
0 15 178 3 4 -7 -7 -7 7 0 0
0 15 179 3 4 7 7 -7 7 0 0
0 15 180 3 4 7 -7 7 -7 0 0
0 15 181 3 4 7 7 -7 7 0 0
0 15 182 3 4 7 -7 7 7 0 0
0 15 183 3 4 7 -7 -7 -7 0 0
0 15 184 3 4 -7 7 7 -7 0 0
0 15 185 3 4 -7 -7 -7 7 0 0
0 15 186 3 4 -7 -7 -7 -7 0 0
0 15 187 3 4 7 7 -7 -7 0 0
0 15 188 3 4 -7 -7 -7 7 0 0
0 15 189 3 4 7 7 -7 -7 0 0
0 15 190 3 4 -7 7 -7 7 0 0
0 15 191 3 4 7 -7 -7 7 0 0
0 15 192 3 4 -7 -7 -7 7 0 0
0 15 193 3 4 -7 7 7 7 0 0
0 15 194 3 4 7 -7 7 7 0 0
0 15 195 3 4 -7 7 7 7 0 0
0 15 196 3 4 7 -7 -7 7 0 0
0 15 197 3 4 -7 -7 -7 -7 0 0
0 15 198 3 4 -7 7 7 -7 0 0
0 15 199 3 4 7 7 7 -7 0 0
0 15 200 3 4 -7 7 -7 -7 0 0
0 15 201 3 4 7 7 -7 -7 0 0
0 15 202 3 4 -7 -7 -7 7 0 0
0 15 203 3 4 -7 7 -7 -7 0 0
0 15 204 3 4 7 7 7 -7 0 0
0 15 205 3 4 -7 -7 -7 7 0 0
0 15 206 3 4 7 -7 -7 -7 0 0
0 15 207 3 4 -7 7 -7 7 0 0
0 15 208 3 4 7 -7 -7 7 0 0
0 15 209 3 4 7 -7 -7 -7 0 0
0 15 210 3 4 7 -7 -7 7 0 0
0 15 211 3 4 -7 -7 7 7 0 0
0 15 212 3 4 7 7 7 -7 0 0
0 15 213 3 4 -7 7 -7 -7 0 0
0 15 214 3 4 -7 7 7 7 0 0
0 15 215 3 4 -7 7 7 -7 0 0
0 16 0 3 4 -7 -7 -7 -7 0 0
0 16 1 3 4 -7 -7 -7 -7 0 0
0 16 2 3 4 -7 -7 -7 -7 0 0
0 16 3 3 4 -7 -7 -7 7 0 0
0 16 4 3 4 -7 -7 -7 -7 0 0
0 16 5 3 4 -7 7 -7 7 0 0
0 16 6 3 4 7 -7 -7 7 0 0
0 16 7 3 4 7 -7 -7 -7 0 0
0 16 8 3 4 7 -7 7 -7 0 0
0 16 9 3 4 7 7 -7 7 0 0
0 16 10 3 4 -7 7 7 7 0 0
0 16 11 3 4 7 -7 7 7 0 0
0 16 12 3 4 -7 7 7 -7 0 0
0 16 13 3 4 7 7 7 -7 0 0
0 16 14 3 4 7 7 -7 7 0 0
0 16 15 3 4 -7 -7 7 -7 0 0
0 16 16 3 4 7 7 -7 -7 0 0
0 16 17 3 4 -7 -7 -7 -7 0 0
0 16 18 3 4 7 7 -7 7 0 0
0 16 19 3 4 -7 -7 7 -7 0 0
0 16 20 3 4 7 7 7 7 0 0
0 16 21 3 4 -7 7 7 -7 0 0
0 16 22 3 4 -7 -7 -7 -7 0 0
0 16 23 3 4 7 -7 7 -7 0 0
0 16 24 3 4 -7 7 -7 -7 0 0
0 16 25 3 4 -7 -7 7 7 0 0
0 16 26 3 4 -7 -7 7 7 0 0
0 16 27 3 4 -7 -7 -7 -7 0 0
0 16 28 3 4 7 7 7 -7 0 0
0 16 29 3 4 -7 -7 -7 -7 0 0
0 16 30 3 4 -7 -7 -7 -7 0 0
0 16 31 3 4 7 -7 -7 7 0 0
0 16 32 3 4 7 -7 -7 -7 0 0
0 16 33 3 4 -7 7 -7 -7 0 0
0 16 34 3 4 -7 7 7 7 0 0
0 16 35 3 4 -7 -7 -7 -7 0 0
0 16 36 3 4 7 7 7 7 0 0
0 16 37 3 4 -7 7 7 -7 0 0
0 16 38 3 4 7 7 -7 7 0 0
0 16 39 3 4 7 -7 7 7 0 0
0 16 40 3 4 -7 7 -7 7 0 0
0 16 41 3 4 -7 7 7 -7 0 0
0 16 42 3 4 7 7 7 -7 0 0
0 16 43 3 4 7 7 -7 7 0 0
0 16 44 3 4 7 7 -7 -7 0 0
0 16 45 3 4 7 -7 7 7 0 0
0 16 46 3 4 7 7 -7 7 0 0
0 16 47 3 4 -7 -7 7 7 0 0
0 16 48 3 4 7 -7 -7 -7 0 0
0 16 49 3 4 7 7 7 -7 0 0
0 16 50 3 4 7 7 -7 7 0 0
0 16 51 3 4 -7 -7 -7 -7 0 0
0 16 52 3 4 7 7 7 -7 0 0
0 16 53 3 4 7 -7 -7 7 0 0
0 16 54 3 4 7 -7 7 -7 0 0
0 16 55 3 4 7 7 -7 7 0 0
0 16 56 3 4 -7 7 -7 -7 0 0
0 16 57 3 4 -7 -7 7 -7 0 0
0 16 58 3 4 7 7 -7 7 0 0
0 16 59 3 4 7 7 7 7 0 0
0 16 60 3 4 -7 7 -7 7 0 0
0 16 61 3 4 7 -7 7 -7 0 0
0 16 62 3 4 -7 -7 7 -7 0 0
0 16 63 3 4 -7 7 -7 -7 0 0
0 16 64 3 4 -7 -7 -7 -7 0 0
0 16 65 3 4 7 7 7 -7 0 0
0 16 66 3 4 -7 -7 7 7 0 0
0 16 67 3 4 7 7 -7 -7 0 0
0 16 68 3 4 -7 -7 -7 -7 0 0
0 16 69 3 4 -7 -7 7 7 0 0
0 16 70 3 4 7 -7 -7 -7 0 0
0 16 71 3 4 -7 7 7 7 0 0
0 16 72 3 4 -7 -7 -7 -7 0 0
0 16 73 3 4 -7 7 -7 7 0 0
0 16 74 3 4 7 7 7 -7 0 0
0 16 75 3 4 -7 -7 -7 7 0 0
0 16 76 3 4 -7 7 7 -7 0 0
0 16 77 3 4 -7 7 7 -7 0 0
0 16 78 3 4 -7 7 -7 -7 0 0
0 16 79 3 4 7 7 7 -7 0 0
0 16 80 3 4 -7 -7 -7 -7 0 0
0 16 81 3 4 -7 -7 7 -7 0 0
0 16 82 3 4 -7 7 -7 -7 0 0
0 16 83 3 4 -7 -7 -7 7 0 0
0 16 84 3 4 -7 -7 -7 7 0 0
0 16 85 3 4 7 7 -7 7 0 0
0 16 86 3 4 7 7 -7 -7 0 0
0 16 87 3 4 7 -7 7 7 0 0
0 16 88 3 4 7 7 -7 7 0 0
0 16 89 3 4 -7 -7 7 7 0 0
0 16 90 3 4 -7 -7 7 -7 0 0
0 16 91 3 4 -7 7 7 -7 0 0
0 16 92 3 4 7 7 -7 -7 0 0
0 16 93 3 4 -7 -7 7 -7 0 0
0 16 94 3 4 7 -7 -7 7 0 0
0 16 95 3 4 -7 -7 7 7 0 0
0 16 96 3 4 -7 -7 -7 -7 0 0
0 16 97 3 4 -7 -7 7 -7 0 0
0 16 98 3 4 -7 -7 -7 7 0 0
0 16 99 3 4 7 -7 -7 -7 0 0
0 16 100 3 4 7 7 7 7 0 0
0 16 101 3 4 -7 7 -7 7 0 0
0 16 102 3 4 -7 7 -7 7 0 0
0 16 103 3 4 7 -7 -7 -7 0 0
0 16 104 3 4 7 -7 7 7 0 0
0 16 105 3 4 7 7 -7 7 0 0
0 16 106 3 4 7 -7 7 7 0 0
0 16 107 3 4 -7 7 -7 -7 0 0
0 16 108 3 4 7 -7 7 7 0 0
0 16 109 3 4 7 -7 7 -7 0 0
0 16 110 3 4 7 7 -7 -7 0 0
0 16 111 3 4 -7 7 -7 7 0 0
0 16 112 3 4 7 7 -7 -7 0 0
0 16 113 3 4 -7 -7 7 7 0 0
0 16 114 3 4 7 -7 -7 7 0 0
0 16 115 3 4 -7 -7 -7 -7 0 0
0 16 116 3 4 -7 7 -7 7 0 0
0 16 117 3 4 -7 -7 -7 7 0 0
0 16 118 3 4 -7 7 7 7 0 0
0 16 119 3 4 7 -7 7 7 0 0
0 16 120 3 4 -7 7 7 7 0 0
0 16 121 3 4 7 7 7 7 0 0
0 16 122 3 4 -7 7 7 7 0 0
0 16 123 3 4 7 -7 7 -7 0 0
0 16 124 3 4 7 7 7 -7 0 0
0 16 125 3 4 -7 -7 -7 7 0 0
0 16 126 3 4 -7 -7 -7 -7 0 0
0 16 127 3 4 7 7 7 -7 0 0
0 16 128 3 4 7 -7 -7 -7 0 0
0 16 129 3 4 -7 7 -7 -7 0 0
0 16 130 3 4 -7 -7 -7 7 0 0
0 16 131 3 4 7 -7 7 7 0 0
0 16 132 3 4 -7 -7 7 7 0 0
0 16 133 3 4 -7 -7 7 7 0 0
0 16 134 3 4 -7 -7 -7 -7 0 0
0 16 135 3 4 -7 7 -7 -7 0 0
0 16 136 3 4 -7 -7 -7 -7 0 0
0 16 137 3 4 -7 -7 7 7 0 0
0 16 138 3 4 -7 7 -7 -7 0 0
0 16 139 3 4 -7 7 -7 -7 0 0
0 16 140 3 4 7 7 -7 -7 0 0
0 16 141 3 4 -7 7 -7 7 0 0
0 16 142 3 4 -7 7 7 7 0 0
0 16 143 3 4 -7 7 -7 7 0 0
0 16 144 3 4 7 7 7 -7 0 0
0 16 145 3 4 -7 7 7 -7 0 0
0 16 146 3 4 7 -7 7 -7 0 0
0 16 147 3 4 -7 7 -7 7 0 0
0 16 148 3 4 -7 7 -7 -7 0 0
0 16 149 3 4 -7 -7 -7 7 0 0
0 16 150 3 4 -7 7 7 -7 0 0
0 16 151 3 4 7 -7 7 7 0 0
0 16 152 3 4 -7 -7 7 -7 0 0
0 16 153 3 4 7 -7 7 -7 0 0
0 16 154 3 4 7 7 7 7 0 0
0 16 155 3 4 7 -7 -7 -7 0 0
0 16 156 3 4 -7 -7 -7 7 0 0
0 16 157 3 4 -7 7 -7 7 0 0
0 16 158 3 4 -7 -7 -7 -7 0 0
0 16 159 3 4 -7 7 -7 -7 0 0
0 16 160 3 4 -7 -7 7 -7 0 0
0 16 161 3 4 -7 -7 -7 -7 0 0
0 16 162 3 4 7 -7 7 -7 0 0
0 16 163 3 4 -7 7 7 -7 0 0
0 16 164 3 4 -7 7 -7 7 0 0
0 16 165 3 4 7 -7 -7 -7 0 0
0 16 166 3 4 -7 -7 -7 -7 0 0
0 16 167 3 4 -7 -7 7 7 0 0
0 16 168 3 4 -7 -7 -7 -7 0 0
0 16 169 3 4 7 7 7 7 0 0
0 16 170 3 4 7 -7 -7 -7 0 0
0 16 171 3 4 7 7 -7 7 0 0
0 16 172 3 4 -7 7 -7 7 0 0
0 16 173 3 4 7 -7 -7 -7 0 0
0 16 174 3 4 -7 7 -7 7 0 0
0 16 175 3 4 -7 7 -7 -7 0 0
0 16 176 3 4 7 -7 -7 -7 0 0
0 16 177 3 4 -7 -7 7 7 0 0
0 16 178 3 4 -7 -7 7 -7 0 0
0 16 179 3 4 7 7 7 7 0 0
0 16 180 3 4 7 7 -7 -7 0 0
0 16 181 3 4 -7 7 7 -7 0 0
0 16 182 3 4 -7 -7 -7 -7 0 0
0 16 183 3 4 7 -7 7 7 0 0
0 16 184 3 4 -7 7 7 7 0 0
0 16 185 3 4 -7 -7 7 7 0 0
0 16 186 3 4 7 -7 -7 -7 0 0
0 16 187 3 4 7 7 -7 7 0 0
0 16 188 3 4 -7 7 -7 -7 0 0
0 16 189 3 4 -7 7 -7 7 0 0
0 16 190 3 4 7 7 -7 7 0 0
0 16 191 3 4 -7 -7 7 -7 0 0
0 16 192 3 4 -7 7 -7 7 0 0
0 16 193 3 4 -7 7 -7 -7 0 0
0 16 194 3 4 7 7 7 -7 0 0
0 16 195 3 4 -7 7 -7 -7 0 0
0 16 196 3 4 -7 7 -7 -7 0 0
0 16 197 3 4 -7 7 -7 7 0 0
0 16 198 3 4 7 7 7 7 0 0
0 16 199 3 4 7 -7 7 7 0 0
0 16 200 3 4 7 7 -7 -7 0 0
0 16 201 3 4 -7 7 7 -7 0 0
0 16 202 3 4 7 7 -7 7 0 0
0 16 203 3 4 7 7 -7 7 0 0
0 16 204 3 4 -7 -7 7 -7 0 0
0 16 205 3 4 7 -7 -7 -7 0 0
0 16 206 3 4 7 -7 -7 -7 0 0
0 16 207 3 4 7 -7 7 7 0 0
0 16 208 3 4 7 -7 7 -7 0 0
0 16 209 3 4 -7 -7 -7 7 0 0
0 16 210 3 4 7 7 7 -7 0 0
0 16 211 3 4 -7 7 7 7 0 0
0 16 212 3 4 -7 7 -7 -7 0 0
0 16 213 3 4 7 7 7 -7 0 0
0 16 214 3 4 -7 -7 7 7 0 0
0 16 215 3 4 7 -7 -7 7 0 0
0 17 0 3 4 -7 7 -7 -7 0 0
0 17 1 3 4 -7 7 7 7 0 0
0 17 2 3 4 -7 -7 7 7 0 0
0 17 3 3 4 -7 -7 7 -7 0 0
0 17 4 3 4 7 7 7 -7 0 0
0 17 5 3 4 7 7 -7 -7 0 0
0 17 6 3 4 7 -7 -7 7 0 0
0 17 7 3 4 7 -7 -7 7 0 0
0 17 8 3 4 7 7 7 -7 0 0
0 17 9 3 4 7 7 7 -7 0 0
0 17 10 3 4 7 -7 7 -7 0 0
0 17 11 3 4 -7 -7 -7 7 0 0
0 17 12 3 4 -7 -7 -7 7 0 0
0 17 13 3 4 7 7 -7 7 0 0
0 17 14 3 4 7 7 7 -7 0 0
0 17 15 3 4 7 7 -7 7 0 0
0 17 16 3 4 7 7 7 -7 0 0
0 17 17 3 4 -7 7 7 -7 0 0
0 17 18 3 4 -7 7 -7 7 0 0
0 17 19 3 4 -7 7 7 7 0 0
0 17 20 3 4 -7 -7 7 7 0 0
0 17 21 3 4 -7 -7 -7 -7 0 0
0 17 22 3 4 7 7 7 7 0 0
0 17 23 3 4 -7 7 -7 7 0 0
0 17 24 3 4 7 -7 -7 7 0 0
0 17 25 3 4 -7 7 -7 7 0 0
0 17 26 3 4 -7 7 -7 -7 0 0
0 17 27 3 4 7 7 7 -7 0 0
0 17 28 3 4 -7 7 7 7 0 0
0 17 29 3 4 -7 7 7 -7 0 0
0 17 30 3 4 -7 -7 7 7 0 0
0 17 31 3 4 7 7 7 7 0 0
0 17 32 3 4 -7 7 7 -7 0 0
0 17 33 3 4 -7 -7 7 7 0 0
0 17 34 3 4 7 7 -7 -7 0 0
0 17 35 3 4 7 7 7 -7 0 0
0 17 36 3 4 7 -7 7 -7 0 0
0 17 37 3 4 -7 -7 -7 7 0 0
0 17 38 3 4 7 7 7 -7 0 0
0 17 39 3 4 -7 -7 7 7 0 0
0 17 40 3 4 7 -7 7 -7 0 0
0 17 41 3 4 -7 7 -7 -7 0 0
0 17 42 3 4 -7 -7 -7 -7 0 0
0 17 43 3 4 7 -7 7 -7 0 0
0 17 44 3 4 -7 7 7 -7 0 0
0 17 45 3 4 -7 -7 7 7 0 0
0 17 46 3 4 7 -7 -7 -7 0 0
0 17 47 3 4 7 7 7 -7 0 0
0 17 48 3 4 -7 -7 7 7 0 0
0 17 49 3 4 -7 -7 -7 -7 0 0
0 17 50 3 4 7 -7 -7 7 0 0
0 17 51 3 4 -7 -7 7 -7 0 0
0 17 52 3 4 -7 -7 -7 -7 0 0
0 17 53 3 4 7 -7 7 -7 0 0
0 17 54 3 4 7 -7 -7 -7 0 0
0 17 55 3 4 7 -7 -7 7 0 0
0 17 56 3 4 7 -7 7 7 0 0
0 17 57 3 4 -7 7 -7 -7 0 0
0 17 58 3 4 -7 -7 -7 -7 0 0
0 17 59 3 4 7 7 -7 7 0 0
0 17 60 3 4 -7 7 -7 7 0 0
0 17 61 3 4 7 7 -7 7 0 0
0 17 62 3 4 7 7 -7 -7 0 0
0 17 63 3 4 -7 -7 -7 -7 0 0
0 17 64 3 4 -7 -7 -7 7 0 0
0 17 65 3 4 7 -7 -7 -7 0 0
0 17 66 3 4 -7 -7 -7 -7 0 0
0 17 67 3 4 -7 -7 7 7 0 0
0 17 68 3 4 -7 -7 -7 -7 0 0
0 17 69 3 4 7 7 -7 7 0 0
0 17 70 3 4 7 7 -7 7 0 0
0 17 71 3 4 -7 -7 7 7 0 0
0 17 72 3 4 -7 7 -7 7 0 0
0 17 73 3 4 7 -7 7 -7 0 0
0 17 74 3 4 -7 -7 -7 7 0 0
0 17 75 3 4 7 -7 -7 7 0 0
0 17 76 3 4 -7 -7 7 7 0 0
0 17 77 3 4 7 -7 -7 7 0 0
0 17 78 3 4 -7 -7 7 7 0 0
0 17 79 3 4 7 7 7 7 0 0
0 17 80 3 4 -7 7 -7 -7 0 0
0 17 81 3 4 -7 -7 7 -7 0 0
0 17 82 3 4 -7 7 7 7 0 0
0 17 83 3 4 -7 -7 -7 -7 0 0
0 17 84 3 4 7 7 -7 -7 0 0
0 17 85 3 4 7 7 -7 7 0 0
0 17 86 3 4 -7 7 7 7 0 0
0 17 87 3 4 -7 7 7 7 0 0
0 17 88 3 4 7 7 -7 7 0 0
0 17 89 3 4 -7 7 7 7 0 0
0 17 90 3 4 7 -7 7 7 0 0
0 17 91 3 4 -7 7 -7 -7 0 0
0 17 92 3 4 -7 7 -7 7 0 0
0 17 93 3 4 -7 -7 7 -7 0 0
0 17 94 3 4 7 7 7 7 0 0
0 17 95 3 4 7 -7 -7 -7 0 0
0 17 96 3 4 7 -7 7 7 0 0
0 17 97 3 4 -7 7 7 -7 0 0
0 17 98 3 4 -7 -7 7 -7 0 0
0 17 99 3 4 -7 -7 -7 -7 0 0
0 17 100 3 4 -7 -7 -7 7 0 0
0 17 101 3 4 -7 7 7 7 0 0
0 17 102 3 4 -7 -7 7 -7 0 0
0 17 103 3 4 7 7 7 -7 0 0
0 17 104 3 4 -7 7 -7 -7 0 0
0 17 105 3 4 7 7 7 -7 0 0
0 17 106 3 4 -7 7 -7 -7 0 0
0 17 107 3 4 -7 7 -7 7 0 0
0 17 108 3 4 -7 -7 7 -7 0 0
0 17 109 3 4 -7 -7 7 -7 0 0
0 17 110 3 4 -7 7 -7 7 0 0
0 17 111 3 4 -7 -7 7 7 0 0
0 17 112 3 4 7 7 7 -7 0 0
0 17 113 3 4 7 7 7 7 0 0
0 17 114 3 4 -7 7 7 7 0 0
0 17 115 3 4 7 7 7 7 0 0
0 17 116 3 4 -7 -7 7 7 0 0
0 17 117 3 4 -7 -7 -7 7 0 0
0 17 118 3 4 7 7 -7 7 0 0
0 17 119 3 4 -7 7 -7 -7 0 0
0 17 120 3 4 7 7 7 -7 0 0
0 17 121 3 4 -7 -7 -7 7 0 0
0 17 122 3 4 7 -7 7 -7 0 0
0 17 123 3 4 -7 7 -7 7 0 0
0 17 124 3 4 -7 -7 7 7 0 0
0 17 125 3 4 7 -7 -7 -7 0 0
0 17 126 3 4 -7 -7 -7 -7 0 0
0 17 127 3 4 7 7 7 -7 0 0
0 17 128 3 4 7 7 -7 7 0 0
0 17 129 3 4 7 7 -7 7 0 0
0 17 130 3 4 -7 -7 7 -7 0 0
0 17 131 3 4 -7 7 7 7 0 0
0 17 132 3 4 7 -7 -7 7 0 0
0 17 133 3 4 -7 -7 7 -7 0 0
0 17 134 3 4 -7 -7 -7 -7 0 0
0 17 135 3 4 7 -7 7 7 0 0
0 17 136 3 4 -7 -7 -7 -7 0 0
0 17 137 3 4 7 7 7 7 0 0
0 17 138 3 4 -7 7 -7 7 0 0
0 17 139 3 4 -7 -7 -7 7 0 0
0 17 140 3 4 -7 7 -7 7 0 0
0 17 141 3 4 -7 -7 -7 -7 0 0
0 17 142 3 4 -7 -7 7 7 0 0
0 17 143 3 4 7 -7 7 7 0 0
0 17 144 3 4 -7 7 -7 7 0 0
0 17 145 3 4 -7 -7 -7 7 0 0
0 17 146 3 4 -7 7 -7 -7 0 0
0 17 147 3 4 7 7 7 7 0 0
0 17 148 3 4 7 -7 7 7 0 0
0 17 149 3 4 -7 -7 -7 -7 0 0
0 17 150 3 4 -7 -7 -7 -7 0 0
0 17 151 3 4 -7 7 7 7 0 0
0 17 152 3 4 7 7 7 -7 0 0
0 17 153 3 4 -7 -7 7 7 0 0
0 17 154 3 4 7 -7 -7 -7 0 0
0 17 155 3 4 -7 7 7 7 0 0
0 17 156 3 4 7 -7 7 7 0 0
0 17 157 3 4 -7 7 7 7 0 0
0 17 158 3 4 -7 7 7 -7 0 0
0 17 159 3 4 7 -7 -7 7 0 0
0 17 160 3 4 7 7 7 -7 0 0
0 17 161 3 4 7 -7 -7 7 0 0
0 17 162 3 4 -7 7 -7 7 0 0
0 17 163 3 4 7 -7 -7 7 0 0
0 17 164 3 4 7 -7 -7 7 0 0
0 17 165 3 4 7 7 -7 -7 0 0
0 17 166 3 4 7 -7 7 7 0 0
0 17 167 3 4 -7 -7 -7 -7 0 0
0 17 168 3 4 -7 7 -7 -7 0 0
0 17 169 3 4 -7 -7 7 -7 0 0
0 17 170 3 4 7 -7 7 7 0 0
0 17 171 3 4 7 7 7 -7 0 0
0 17 172 3 4 7 -7 -7 7 0 0
0 17 173 3 4 -7 -7 7 7 0 0
0 17 174 3 4 7 7 -7 7 0 0
0 17 175 3 4 -7 -7 -7 7 0 0
0 17 176 3 4 7 7 -7 -7 0 0
0 17 177 3 4 7 7 -7 -7 0 0
0 17 178 3 4 7 -7 -7 -7 0 0
0 17 179 3 4 -7 7 -7 7 0 0
0 17 180 3 4 7 -7 7 7 0 0
0 17 181 3 4 7 -7 7 7 0 0
0 17 182 3 4 7 -7 -7 7 0 0
0 17 183 3 4 7 7 7 -7 0 0
0 17 184 3 4 7 -7 -7 -7 0 0
0 17 185 3 4 -7 7 -7 7 0 0
0 17 186 3 4 7 7 7 7 0 0
0 17 187 3 4 7 7 -7 -7 0 0
0 17 188 3 4 7 7 -7 7 0 0
0 17 189 3 4 -7 -7 7 7 0 0
0 17 190 3 4 7 7 -7 7 0 0
0 17 191 3 4 -7 7 7 -7 0 0
0 17 192 3 4 7 -7 7 7 0 0
0 17 193 3 4 -7 7 7 7 0 0
0 17 194 3 4 7 -7 7 7 0 0
0 17 195 3 4 -7 -7 -7 -7 0 0
0 17 196 3 4 -7 7 -7 7 0 0
0 17 197 3 4 7 -7 -7 7 0 0
0 17 198 3 4 -7 7 7 -7 0 0
0 17 199 3 4 -7 -7 7 7 0 0
0 17 200 3 4 7 -7 -7 7 0 0
0 17 201 3 4 7 -7 7 7 0 0
0 17 202 3 4 -7 7 -7 -7 0 0
0 17 203 3 4 7 -7 7 -7 0 0
0 17 204 3 4 7 7 -7 7 0 0
0 17 205 3 4 7 -7 -7 -7 0 0
0 17 206 3 4 7 -7 7 7 0 0
0 17 207 3 4 -7 -7 -7 -7 0 0
0 17 208 3 4 7 7 -7 -7 0 0
0 17 209 3 4 -7 -7 -7 7 0 0
0 17 210 3 4 -7 -7 -7 7 0 0
0 17 211 3 4 7 7 7 -7 0 0
0 17 212 3 4 7 -7 7 -7 0 0
0 17 213 3 4 7 7 -7 -7 0 0
0 17 214 3 4 -7 -7 7 -7 0 0
0 17 215 3 4 7 7 -7 -7 0 0
0 18 0 3 4 -7 7 -7 -7 0 0
0 18 1 3 4 7 -7 -7 7 0 0
0 18 2 3 4 7 -7 -7 7 0 0
0 18 3 3 4 7 -7 7 -7 0 0
0 18 4 3 4 7 7 7 -7 0 0
0 18 5 3 4 7 7 -7 -7 0 0
0 18 6 3 4 7 7 -7 -7 0 0
0 18 7 3 4 -7 -7 7 -7 0 0
0 18 8 3 4 7 7 7 7 0 0
0 18 9 3 4 7 -7 7 7 0 0
0 18 10 3 4 -7 7 -7 -7 0 0
0 18 11 3 4 7 7 -7 -7 0 0
0 18 12 3 4 -7 -7 -7 7 0 0
0 18 13 3 4 7 7 -7 -7 0 0
0 18 14 3 4 7 -7 7 7 0 0
0 18 15 3 4 7 7 -7 -7 0 0
0 18 16 3 4 7 7 -7 -7 0 0
0 18 17 3 4 -7 7 -7 7 0 0
0 18 18 3 4 7 7 7 -7 0 0
0 18 19 3 4 7 -7 -7 7 0 0
0 18 20 3 4 -7 -7 7 -7 0 0
0 18 21 3 4 -7 -7 -7 -7 0 0
0 18 22 3 4 7 7 -7 7 0 0
0 18 23 3 4 -7 7 -7 -7 0 0
0 18 24 3 4 7 7 7 7 0 0
0 18 25 3 4 -7 -7 7 7 0 0
0 18 26 3 4 -7 -7 -7 -7 0 0
0 18 27 3 4 7 -7 -7 7 0 0
0 18 28 3 4 7 -7 7 7 0 0
0 18 29 3 4 -7 7 7 7 0 0
0 18 30 3 4 -7 -7 7 -7 0 0
0 18 31 3 4 -7 -7 -7 -7 0 0
0 18 32 3 4 7 -7 7 -7 0 0
0 18 33 3 4 7 -7 7 -7 0 0
0 18 34 3 4 7 -7 -7 -7 0 0
0 18 35 3 4 7 -7 -7 -7 0 0
0 18 36 3 4 7 -7 -7 -7 0 0
0 18 37 3 4 -7 7 -7 7 0 0
0 18 38 3 4 7 -7 -7 -7 0 0
0 18 39 3 4 7 -7 7 -7 0 0
0 18 40 3 4 7 -7 -7 -7 0 0
0 18 41 3 4 7 7 7 -7 0 0
0 18 42 3 4 -7 -7 -7 7 0 0
0 18 43 3 4 -7 7 7 -7 0 0
0 18 44 3 4 7 7 -7 7 0 0
0 18 45 3 4 7 -7 -7 7 0 0
0 18 46 3 4 -7 7 -7 -7 0 0
0 18 47 3 4 7 7 -7 -7 0 0
0 18 48 3 4 7 7 -7 7 0 0
0 18 49 3 4 -7 7 7 -7 0 0
0 18 50 3 4 -7 -7 7 7 0 0
0 18 51 3 4 7 7 7 7 0 0
0 18 52 3 4 7 -7 -7 7 0 0
0 18 53 3 4 7 -7 7 7 0 0
0 18 54 3 4 7 7 -7 -7 0 0
0 18 55 3 4 -7 -7 -7 -7 0 0
0 18 56 3 4 7 -7 -7 7 0 0
0 18 57 3 4 -7 7 7 7 0 0
0 18 58 3 4 -7 -7 -7 -7 0 0
0 18 59 3 4 7 7 -7 -7 0 0
0 18 60 3 4 -7 -7 7 7 0 0
0 18 61 3 4 -7 -7 7 7 0 0
0 18 62 3 4 -7 -7 7 -7 0 0
0 18 63 3 4 7 -7 -7 7 0 0
0 18 64 3 4 7 7 -7 7 0 0
0 18 65 3 4 7 -7 -7 7 0 0
0 18 66 3 4 7 -7 -7 -7 0 0
0 18 67 3 4 7 7 -7 -7 0 0
0 18 68 3 4 -7 7 7 -7 0 0
0 18 69 3 4 7 7 7 -7 0 0
0 18 70 3 4 -7 -7 7 -7 0 0
0 18 71 3 4 7 7 -7 -7 0 0
0 18 72 3 4 -7 -7 -7 -7 0 0
0 18 73 3 4 -7 7 7 -7 0 0
0 18 74 3 4 -7 7 -7 -7 0 0
0 18 75 3 4 -7 -7 -7 7 0 0
0 18 76 3 4 -7 7 7 7 0 0
0 18 77 3 4 -7 7 7 -7 0 0
0 18 78 3 4 -7 -7 7 7 0 0
0 18 79 3 4 7 -7 7 7 0 0
0 18 80 3 4 7 7 7 7 0 0
0 18 81 3 4 -7 7 7 -7 0 0
0 18 82 3 4 -7 7 7 -7 0 0
0 18 83 3 4 -7 7 7 7 0 0
0 18 84 3 4 -7 7 -7 7 0 0
0 18 85 3 4 7 7 7 -7 0 0
0 18 86 3 4 7 7 7 7 0 0
0 18 87 3 4 7 -7 -7 7 0 0
0 18 88 3 4 -7 -7 -7 -7 0 0
0 18 89 3 4 7 7 7 7 0 0
0 18 90 3 4 7 7 -7 7 0 0
0 18 91 3 4 -7 7 7 -7 0 0
0 18 92 3 4 -7 -7 -7 -7 0 0
0 18 93 3 4 7 -7 -7 7 0 0
0 18 94 3 4 -7 -7 7 -7 0 0
0 18 95 3 4 -7 -7 -7 7 0 0
0 18 96 3 4 7 7 7 -7 0 0
0 18 97 3 4 7 7 7 -7 0 0
0 18 98 3 4 -7 7 7 -7 0 0
0 18 99 3 4 -7 -7 -7 -7 0 0
0 18 100 3 4 7 7 7 -7 0 0
0 18 101 3 4 -7 -7 -7 -7 0 0
0 18 102 3 4 7 7 -7 -7 0 0
0 18 103 3 4 -7 -7 -7 -7 0 0
0 18 104 3 4 -7 7 -7 7 0 0
0 18 105 3 4 7 7 7 7 0 0
0 18 106 3 4 7 7 7 7 0 0
0 18 107 3 4 -7 -7 -7 -7 0 0
0 18 108 3 4 7 -7 -7 7 0 0
0 18 109 3 4 7 -7 -7 -7 0 0
0 18 110 3 4 -7 -7 7 -7 0 0
0 18 111 3 4 -7 7 -7 7 0 0
0 18 112 3 4 -7 7 -7 -7 0 0
0 18 113 3 4 -7 7 -7 7 0 0
0 18 114 3 4 7 -7 -7 -7 0 0
0 18 115 3 4 -7 7 7 -7 0 0
0 18 116 3 4 -7 -7 -7 -7 0 0
0 18 117 3 4 7 -7 -7 -7 0 0
0 18 118 3 4 -7 -7 -7 7 0 0
0 18 119 3 4 -7 -7 7 7 0 0
0 18 120 3 4 7 -7 7 7 0 0
0 18 121 3 4 -7 -7 7 7 0 0
0 18 122 3 4 -7 7 7 -7 0 0
0 18 123 3 4 -7 -7 -7 -7 0 0
0 18 124 3 4 7 7 7 -7 0 0
0 18 125 3 4 -7 7 -7 -7 0 0
0 18 126 3 4 -7 -7 -7 7 0 0
0 18 127 3 4 -7 -7 7 7 0 0
0 18 128 3 4 -7 7 -7 -7 0 0
0 18 129 3 4 7 7 7 7 0 0
0 18 130 3 4 -7 7 7 -7 0 0
0 18 131 3 4 -7 7 7 -7 0 0
0 18 132 3 4 7 -7 -7 7 0 0
0 18 133 3 4 -7 7 -7 7 0 0
0 18 134 3 4 -7 7 -7 -7 0 0
0 18 135 3 4 7 7 7 -7 0 0
0 18 136 3 4 7 7 -7 7 0 0
0 18 137 3 4 -7 -7 -7 7 0 0
0 18 138 3 4 -7 7 7 -7 0 0
0 18 139 3 4 7 7 7 -7 0 0
0 18 140 3 4 7 -7 7 7 0 0
0 18 141 3 4 -7 7 7 7 0 0
0 18 142 3 4 -7 -7 -7 7 0 0
0 18 143 3 4 7 7 7 7 0 0
0 18 144 3 4 7 7 -7 7 0 0
0 18 145 3 4 -7 7 7 -7 0 0
0 18 146 3 4 7 7 -7 -7 0 0
0 18 147 3 4 7 7 7 7 0 0
0 18 148 3 4 7 -7 7 -7 0 0
0 18 149 3 4 -7 7 7 -7 0 0
0 18 150 3 4 -7 7 -7 -7 0 0
0 18 151 3 4 -7 -7 7 7 0 0
0 18 152 3 4 7 -7 7 -7 0 0
0 18 153 3 4 -7 -7 7 7 0 0
0 18 154 3 4 -7 7 7 7 0 0
0 18 155 3 4 -7 7 -7 -7 0 0
0 18 156 3 4 7 -7 7 -7 0 0
0 18 157 3 4 7 -7 7 -7 0 0
0 18 158 3 4 7 7 7 7 0 0
0 18 159 3 4 -7 -7 -7 -7 0 0
0 18 160 3 4 -7 -7 7 7 0 0
0 18 161 3 4 -7 -7 -7 -7 0 0
0 18 162 3 4 -7 -7 -7 7 0 0
0 18 163 3 4 -7 -7 -7 7 0 0
0 18 164 3 4 -7 -7 7 -7 0 0
0 18 165 3 4 -7 7 -7 7 0 0
0 18 166 3 4 7 -7 -7 7 0 0
0 18 167 3 4 7 7 -7 7 0 0
0 18 168 3 4 -7 7 7 7 0 0
0 18 169 3 4 -7 7 -7 7 0 0
0 18 170 3 4 -7 -7 7 7 0 0
0 18 171 3 4 -7 7 7 7 0 0
0 18 172 3 4 -7 7 7 -7 0 0
0 18 173 3 4 -7 -7 -7 7 0 0
0 18 174 3 4 -7 -7 7 -7 0 0
0 18 175 3 4 7 7 7 -7 0 0
0 18 176 3 4 -7 7 7 -7 0 0
0 18 177 3 4 7 7 7 -7 0 0
0 18 178 3 4 7 -7 7 -7 0 0
0 18 179 3 4 -7 7 7 -7 0 0
0 18 180 3 4 -7 -7 7 -7 0 0
0 18 181 3 4 7 -7 7 -7 0 0
0 18 182 3 4 7 -7 7 7 0 0
0 18 183 3 4 -7 -7 7 7 0 0
0 18 184 3 4 7 -7 7 7 0 0
0 18 185 3 4 -7 -7 7 7 0 0
0 18 186 3 4 -7 7 -7 7 0 0
0 18 187 3 4 7 -7 7 -7 0 0
0 18 188 3 4 -7 7 7 7 0 0
0 18 189 3 4 -7 -7 -7 7 0 0
0 18 190 3 4 -7 7 7 7 0 0
0 18 191 3 4 -7 7 7 -7 0 0
0 18 192 3 4 7 -7 7 -7 0 0
0 18 193 3 4 7 -7 -7 7 0 0
0 18 194 3 4 -7 -7 7 -7 0 0
0 18 195 3 4 7 7 7 7 0 0
0 18 196 3 4 7 -7 7 7 0 0
0 18 197 3 4 -7 7 -7 -7 0 0
0 18 198 3 4 -7 7 -7 -7 0 0
0 18 199 3 4 -7 7 -7 7 0 0
0 18 200 3 4 -7 -7 7 7 0 0
0 18 201 3 4 -7 -7 -7 7 0 0
0 18 202 3 4 -7 -7 7 7 0 0
0 18 203 3 4 -7 7 -7 7 0 0
0 18 204 3 4 -7 -7 7 7 0 0
0 18 205 3 4 7 -7 7 7 0 0
0 18 206 3 4 7 7 -7 -7 0 0
0 18 207 3 4 -7 7 7 7 0 0
0 18 208 3 4 -7 7 7 7 0 0
0 18 209 3 4 7 7 7 -7 0 0
0 18 210 3 4 -7 -7 7 -7 0 0
0 18 211 3 4 -7 7 7 7 0 0
0 18 212 3 4 7 7 -7 7 0 0
0 18 213 3 4 -7 7 -7 -7 0 0
0 18 214 3 4 -7 -7 7 -7 0 0
0 18 215 3 4 7 7 -7 -7 0 0
0 19 0 3 4 7 -7 -7 7 0 0
0 19 1 3 4 -7 -7 7 -7 0 0
0 19 2 3 4 7 7 7 7 0 0
0 19 3 3 4 7 -7 -7 -7 0 0
0 19 4 3 4 7 -7 -7 -7 0 0
0 19 5 3 4 -7 -7 -7 -7 0 0
0 19 6 3 4 7 7 7 7 0 0
0 19 7 3 4 -7 -7 7 -7 0 0
0 19 8 3 4 7 7 -7 7 0 0
0 19 9 3 4 -7 7 -7 7 0 0
0 19 10 3 4 -7 -7 7 7 0 0
0 19 11 3 4 -7 7 -7 7 0 0
0 19 12 3 4 7 -7 -7 -7 0 0
0 19 13 3 4 -7 7 -7 -7 0 0
0 19 14 3 4 7 7 -7 -7 0 0
0 19 15 3 4 -7 -7 7 -7 0 0
0 19 16 3 4 7 -7 7 -7 0 0
0 19 17 3 4 -7 7 -7 -7 0 0
0 19 18 3 4 7 7 -7 -7 0 0
0 19 19 3 4 7 7 -7 7 0 0
0 19 20 3 4 7 -7 -7 7 0 0
0 19 21 3 4 -7 7 7 7 0 0
0 19 22 3 4 -7 -7 7 -7 0 0
0 19 23 3 4 7 -7 -7 7 0 0
0 19 24 3 4 -7 -7 7 -7 0 0
0 19 25 3 4 7 7 -7 -7 0 0
0 19 26 3 4 7 -7 7 -7 0 0
0 19 27 3 4 7 7 -7 -7 0 0
0 19 28 3 4 7 -7 7 7 0 0
0 19 29 3 4 -7 7 -7 -7 0 0
0 19 30 3 4 7 -7 7 -7 0 0
0 19 31 3 4 -7 7 -7 -7 0 0
0 19 32 3 4 7 -7 7 -7 0 0
0 19 33 3 4 -7 -7 -7 7 0 0
0 19 34 3 4 7 7 -7 7 0 0
0 19 35 3 4 -7 -7 -7 7 0 0
0 19 36 3 4 -7 7 7 7 0 0
0 19 37 3 4 7 7 7 -7 0 0
0 19 38 3 4 -7 7 -7 -7 0 0
0 19 39 3 4 -7 -7 -7 7 0 0
0 19 40 3 4 7 7 -7 -7 0 0
0 19 41 3 4 7 -7 -7 7 0 0
0 19 42 3 4 -7 -7 -7 7 0 0
0 19 43 3 4 7 7 -7 7 0 0
0 19 44 3 4 7 -7 -7 7 0 0
0 19 45 3 4 -7 -7 -7 -7 0 0
0 19 46 3 4 -7 -7 -7 7 0 0
0 19 47 3 4 -7 -7 -7 -7 0 0
0 19 48 3 4 7 7 7 -7 0 0
0 19 49 3 4 -7 7 -7 7 0 0
0 19 50 3 4 -7 7 7 -7 0 0
0 19 51 3 4 -7 -7 7 7 0 0
0 19 52 3 4 -7 -7 -7 7 0 0
0 19 53 3 4 7 -7 7 7 0 0
0 19 54 3 4 7 -7 7 7 0 0
0 19 55 3 4 -7 7 -7 7 0 0
0 19 56 3 4 -7 -7 -7 -7 0 0
0 19 57 3 4 7 -7 -7 7 0 0
0 19 58 3 4 -7 7 -7 -7 0 0
0 19 59 3 4 -7 -7 -7 7 0 0
0 19 60 3 4 7 -7 -7 7 0 0
0 19 61 3 4 7 7 7 7 0 0
0 19 62 3 4 -7 7 7 -7 0 0
0 19 63 3 4 7 -7 7 7 0 0
0 19 64 3 4 -7 -7 7 -7 0 0
0 19 65 3 4 7 -7 7 -7 0 0
0 19 66 3 4 7 7 7 7 0 0
0 19 67 3 4 7 7 7 7 0 0
0 19 68 3 4 -7 -7 -7 7 0 0
0 19 69 3 4 -7 7 7 -7 0 0
0 19 70 3 4 -7 7 7 -7 0 0
0 19 71 3 4 -7 -7 -7 -7 0 0
0 19 72 3 4 -7 -7 -7 7 0 0
0 19 73 3 4 -7 7 -7 7 0 0
0 19 74 3 4 -7 7 7 7 0 0
0 19 75 3 4 -7 -7 7 7 0 0
0 19 76 3 4 7 -7 7 7 0 0
0 19 77 3 4 7 7 -7 7 0 0
0 19 78 3 4 7 -7 7 7 0 0
0 19 79 3 4 7 7 7 7 0 0
0 19 80 3 4 -7 7 7 -7 0 0
0 19 81 3 4 -7 -7 -7 -7 0 0
0 19 82 3 4 7 7 -7 -7 0 0
0 19 83 3 4 -7 7 7 -7 0 0
0 19 84 3 4 7 -7 7 -7 0 0
0 19 85 3 4 -7 -7 7 7 0 0
0 19 86 3 4 7 -7 -7 -7 0 0
0 19 87 3 4 -7 -7 7 -7 0 0
0 19 88 3 4 -7 7 -7 -7 0 0
0 19 89 3 4 7 -7 7 7 0 0
0 19 90 3 4 -7 -7 7 7 0 0
0 19 91 3 4 -7 7 7 -7 0 0
0 19 92 3 4 7 -7 -7 -7 0 0
0 19 93 3 4 -7 -7 -7 7 0 0
0 19 94 3 4 7 7 -7 7 0 0
0 19 95 3 4 -7 7 7 -7 0 0
0 19 96 3 4 7 7 7 -7 0 0
0 19 97 3 4 -7 7 7 -7 0 0
0 19 98 3 4 -7 7 -7 -7 0 0
0 19 99 3 4 -7 -7 -7 7 0 0
0 19 100 3 4 -7 7 -7 -7 0 0
0 19 101 3 4 -7 -7 7 -7 0 0
0 19 102 3 4 -7 -7 -7 7 0 0
0 19 103 3 4 7 7 7 -7 0 0
0 19 104 3 4 -7 7 -7 7 0 0
0 19 105 3 4 -7 7 7 7 0 0
0 19 106 3 4 -7 -7 7 7 0 0
0 19 107 3 4 -7 -7 7 7 0 0
0 19 108 3 4 7 7 7 7 0 0
0 19 109 3 4 7 7 -7 7 0 0
0 19 110 3 4 7 -7 7 7 0 0
0 19 111 3 4 7 -7 7 -7 0 0
0 19 112 3 4 -7 -7 -7 7 0 0
0 19 113 3 4 7 -7 7 -7 0 0
0 19 114 3 4 7 7 -7 -7 0 0
0 19 115 3 4 -7 -7 7 7 0 0
0 19 116 3 4 7 7 -7 -7 0 0
0 19 117 3 4 7 7 7 7 0 0
0 19 118 3 4 -7 -7 -7 7 0 0
0 19 119 3 4 -7 7 -7 7 0 0
0 19 120 3 4 7 7 -7 7 0 0
0 19 121 3 4 7 7 -7 7 0 0
0 19 122 3 4 7 -7 -7 7 0 0
0 19 123 3 4 -7 7 -7 -7 0 0
0 19 124 3 4 -7 7 7 7 0 0
0 19 125 3 4 -7 -7 -7 -7 0 0
0 19 126 3 4 7 7 7 7 0 0
0 19 127 3 4 -7 7 7 7 0 0
0 19 128 3 4 -7 7 7 7 0 0
0 19 129 3 4 7 7 -7 -7 0 0
0 19 130 3 4 -7 -7 7 -7 0 0
0 19 131 3 4 7 7 7 7 0 0
0 19 132 3 4 -7 -7 7 7 0 0
0 19 133 3 4 -7 -7 7 7 0 0
0 19 134 3 4 -7 7 7 -7 0 0
0 19 135 3 4 7 7 -7 -7 0 0
0 19 136 3 4 7 -7 -7 -7 0 0
0 19 137 3 4 -7 7 7 7 0 0
0 19 138 3 4 -7 7 7 7 0 0
0 19 139 3 4 7 7 -7 -7 0 0
0 19 140 3 4 7 7 -7 7 0 0
0 19 141 3 4 -7 -7 -7 7 0 0
0 19 142 3 4 7 7 -7 7 0 0
0 19 143 3 4 7 7 7 -7 0 0
0 19 144 3 4 -7 -7 -7 -7 0 0
0 19 145 3 4 7 7 -7 7 0 0
0 19 146 3 4 -7 -7 -7 -7 0 0
0 19 147 3 4 7 7 -7 -7 0 0
0 19 148 3 4 -7 7 7 -7 0 0
0 19 149 3 4 -7 -7 -7 7 0 0
0 19 150 3 4 7 -7 7 -7 0 0
0 19 151 3 4 -7 -7 7 -7 0 0
0 19 152 3 4 -7 -7 -7 7 0 0
0 19 153 3 4 -7 -7 -7 7 0 0
0 19 154 3 4 -7 -7 -7 -7 0 0
0 19 155 3 4 7 7 -7 7 0 0
0 19 156 3 4 -7 7 -7 7 0 0
0 19 157 3 4 -7 7 7 -7 0 0
0 19 158 3 4 -7 7 -7 7 0 0
0 19 159 3 4 -7 7 7 7 0 0
0 19 160 3 4 7 7 7 7 0 0
0 19 161 3 4 7 7 -7 7 0 0
0 19 162 3 4 -7 7 -7 -7 0 0
0 19 163 3 4 -7 -7 -7 -7 0 0
0 19 164 3 4 -7 -7 -7 -7 0 0
0 19 165 3 4 7 7 7 7 0 0
0 19 166 3 4 7 -7 -7 -7 0 0
0 19 167 3 4 7 7 -7 7 0 0
0 19 168 3 4 7 7 7 7 0 0
0 19 169 3 4 -7 7 7 7 0 0
0 19 170 3 4 7 7 -7 -7 0 0
0 19 171 3 4 -7 -7 7 -7 0 0
0 19 172 3 4 7 7 7 -7 0 0
0 19 173 3 4 7 -7 -7 -7 0 0
0 19 174 3 4 -7 -7 -7 7 0 0
0 19 175 3 4 7 7 -7 7 0 0
0 19 176 3 4 -7 7 -7 -7 0 0
0 19 177 3 4 -7 7 -7 7 0 0
0 19 178 3 4 7 -7 -7 -7 0 0
0 19 179 3 4 -7 -7 -7 -7 0 0
0 19 180 3 4 7 7 -7 7 0 0
0 19 181 3 4 -7 7 7 -7 0 0
0 19 182 3 4 7 7 7 7 0 0
0 19 183 3 4 7 -7 7 7 0 0
0 19 184 3 4 -7 -7 -7 -7 0 0
0 19 185 3 4 7 -7 7 -7 0 0
0 19 186 3 4 -7 7 -7 -7 0 0
0 19 187 3 4 7 -7 7 -7 0 0
0 19 188 3 4 7 -7 -7 7 0 0
0 19 189 3 4 7 7 7 7 0 0
0 19 190 3 4 -7 7 -7 7 0 0
0 19 191 3 4 7 -7 -7 -7 0 0
0 19 192 3 4 -7 -7 -7 7 0 0
0 19 193 3 4 7 7 -7 -7 0 0
0 19 194 3 4 7 7 7 7 0 0
0 19 195 3 4 7 -7 -7 -7 0 0
0 19 196 3 4 -7 7 -7 -7 0 0
0 19 197 3 4 -7 -7 -7 7 0 0
0 19 198 3 4 -7 -7 -7 -7 0 0
0 19 199 3 4 -7 7 7 -7 0 0
0 19 200 3 4 -7 7 -7 7 0 0
0 19 201 3 4 7 7 7 7 0 0
0 19 202 3 4 -7 7 7 7 0 0
0 19 203 3 4 7 -7 -7 -7 0 0
0 19 204 3 4 7 -7 7 7 0 0
0 19 205 3 4 -7 -7 -7 7 0 0
0 19 206 3 4 -7 7 -7 -7 0 0
0 19 207 3 4 7 -7 -7 -7 0 0
0 19 208 3 4 7 7 7 7 0 0
0 19 209 3 4 -7 -7 7 -7 0 0
0 19 210 3 4 7 -7 -7 7 0 0
0 19 211 3 4 -7 -7 7 7 0 0
0 19 212 3 4 -7 -7 -7 7 0 0
0 19 213 3 4 7 7 -7 -7 0 0
0 19 214 3 4 -7 7 -7 7 0 0
0 19 215 3 4 -7 -7 7 7 0 0
0 20 0 3 4 7 -7 -7 7 0 0
0 20 1 3 4 7 7 -7 -7 0 0
0 20 2 3 4 -7 -7 7 -7 0 0
0 20 3 3 4 7 7 -7 -7 0 0
0 20 4 3 4 7 7 7 7 0 0
0 20 5 3 4 -7 -7 7 -7 0 0
0 20 6 3 4 -7 -7 -7 -7 0 0
0 20 7 3 4 7 -7 -7 7 0 0
0 20 8 3 4 7 -7 -7 -7 0 0
0 20 9 3 4 -7 7 -7 7 0 0
0 20 10 3 4 7 7 -7 -7 0 0
0 20 11 3 4 -7 7 -7 7 0 0
0 20 12 3 4 7 -7 -7 7 0 0
0 20 13 3 4 7 7 7 -7 0 0
0 20 14 3 4 -7 -7 -7 7 0 0
0 20 15 3 4 7 -7 7 -7 0 0
0 20 16 3 4 -7 7 -7 7 0 0
0 20 17 3 4 7 -7 -7 7 0 0
0 20 18 3 4 7 7 7 7 0 0
0 20 19 3 4 -7 -7 -7 -7 0 0
0 20 20 3 4 7 7 -7 -7 0 0
0 20 21 3 4 7 7 -7 7 0 0
0 20 22 3 4 7 7 7 7 0 0
0 20 23 3 4 7 7 -7 7 0 0
0 20 24 3 4 7 7 -7 -7 0 0
0 20 25 3 4 7 -7 7 7 0 0
0 20 26 3 4 7 7 7 7 0 0
0 20 27 3 4 7 -7 7 -7 0 0
0 20 28 3 4 7 7 7 -7 0 0
0 20 29 3 4 -7 7 -7 -7 0 0
0 20 30 3 4 7 -7 -7 7 0 0
0 20 31 3 4 7 -7 7 -7 0 0
0 20 32 3 4 -7 7 7 -7 0 0
0 20 33 3 4 7 -7 -7 7 0 0
0 20 34 3 4 7 -7 7 7 0 0
0 20 35 3 4 7 7 -7 7 0 0
0 20 36 3 4 7 7 -7 7 0 0
0 20 37 3 4 7 7 -7 -7 0 0
0 20 38 3 4 7 -7 -7 7 0 0
0 20 39 3 4 -7 -7 7 7 0 0
0 20 40 3 4 7 7 -7 -7 0 0
0 20 41 3 4 -7 7 7 7 0 0
0 20 42 3 4 -7 -7 -7 7 0 0
0 20 43 3 4 7 7 -7 7 0 0
0 20 44 3 4 7 7 -7 7 0 0
0 20 45 3 4 -7 7 7 7 0 0
0 20 46 3 4 7 7 -7 7 0 0
0 20 47 3 4 7 -7 7 -7 0 0
0 20 48 3 4 -7 -7 -7 7 0 0
0 20 49 3 4 -7 -7 7 7 0 0
0 20 50 3 4 7 7 7 7 0 0
0 20 51 3 4 7 7 7 -7 0 0
0 20 52 3 4 -7 7 7 7 0 0
0 20 53 3 4 -7 7 -7 7 0 0
0 20 54 3 4 -7 7 7 7 0 0
0 20 55 3 4 7 7 7 7 0 0
0 20 56 3 4 -7 -7 -7 7 0 0
0 20 57 3 4 -7 -7 -7 7 0 0
0 20 58 3 4 7 -7 7 7 0 0
0 20 59 3 4 -7 7 -7 7 0 0
0 20 60 3 4 -7 -7 -7 -7 0 0
0 20 61 3 4 7 -7 -7 -7 0 0
0 20 62 3 4 -7 7 7 -7 0 0
0 20 63 3 4 -7 7 -7 7 0 0
0 20 64 3 4 -7 -7 -7 7 0 0
0 20 65 3 4 7 7 7 7 0 0
0 20 66 3 4 7 -7 7 7 0 0
0 20 67 3 4 7 7 -7 -7 0 0
0 20 68 3 4 -7 7 7 -7 0 0
0 20 69 3 4 -7 -7 7 -7 0 0
0 20 70 3 4 7 -7 -7 -7 0 0
0 20 71 3 4 7 7 7 7 0 0
0 20 72 3 4 -7 -7 7 -7 0 0
0 20 73 3 4 7 -7 -7 -7 0 0
0 20 74 3 4 7 -7 -7 7 0 0
0 20 75 3 4 -7 -7 -7 7 0 0
0 20 76 3 4 7 7 7 7 0 0
0 20 77 3 4 -7 7 -7 7 0 0
0 20 78 3 4 7 7 7 -7 0 0
0 20 79 3 4 -7 7 -7 7 0 0
0 20 80 3 4 -7 7 7 7 0 0
0 20 81 3 4 7 -7 7 7 0 0
0 20 82 3 4 -7 7 -7 -7 0 0
0 20 83 3 4 -7 7 -7 -7 0 0
0 20 84 3 4 7 -7 -7 -7 0 0
0 20 85 3 4 -7 -7 7 7 0 0
0 20 86 3 4 -7 -7 -7 7 0 0
0 20 87 3 4 7 -7 7 -7 0 0
0 20 88 3 4 -7 -7 7 7 0 0
0 20 89 3 4 7 7 -7 7 0 0
0 20 90 3 4 -7 -7 -7 7 0 0
0 20 91 3 4 7 7 -7 -7 0 0
0 20 92 3 4 7 7 -7 -7 0 0
0 20 93 3 4 7 7 -7 -7 0 0
0 20 94 3 4 7 7 7 7 0 0
0 20 95 3 4 7 7 7 7 0 0
0 20 96 3 4 -7 -7 -7 -7 0 0
0 20 97 3 4 -7 -7 -7 7 0 0
0 20 98 3 4 -7 -7 7 -7 0 0
0 20 99 3 4 7 -7 -7 7 0 0
0 20 100 3 4 7 7 -7 -7 0 0
0 20 101 3 4 -7 7 7 7 0 0
0 20 102 3 4 -7 7 -7 -7 0 0
0 20 103 3 4 -7 7 -7 -7 0 0
0 20 104 3 4 7 7 -7 7 0 0
0 20 105 3 4 -7 -7 7 -7 0 0
0 20 106 3 4 -7 -7 7 -7 0 0
0 20 107 3 4 -7 -7 7 7 0 0
0 20 108 3 4 -7 -7 -7 7 0 0
0 20 109 3 4 7 7 7 -7 0 0
0 20 110 3 4 7 7 7 -7 0 0
0 20 111 3 4 -7 -7 7 7 0 0
0 20 112 3 4 7 7 7 7 0 0
0 20 113 3 4 7 7 -7 -7 0 0
0 20 114 3 4 -7 -7 -7 -7 0 0
0 20 115 3 4 7 7 -7 -7 0 0
0 20 116 3 4 7 -7 7 7 0 0
0 20 117 3 4 -7 7 7 -7 0 0
0 20 118 3 4 -7 -7 7 7 0 0
0 20 119 3 4 7 7 7 -7 0 0
0 20 120 3 4 7 7 -7 7 0 0
0 20 121 3 4 -7 -7 7 -7 0 0
0 20 122 3 4 -7 7 7 -7 0 0
0 20 123 3 4 7 -7 -7 -7 0 0
0 20 124 3 4 -7 -7 -7 -7 0 0
0 20 125 3 4 -7 7 -7 -7 0 0
0 20 126 3 4 -7 -7 -7 7 0 0
0 20 127 3 4 -7 7 7 -7 0 0
0 20 128 3 4 -7 7 -7 7 0 0
0 20 129 3 4 7 7 7 7 0 0
0 20 130 3 4 7 -7 7 7 0 0
0 20 131 3 4 -7 7 -7 7 0 0
0 20 132 3 4 7 7 7 -7 0 0
0 20 133 3 4 -7 -7 7 7 0 0
0 20 134 3 4 -7 7 7 -7 0 0
0 20 135 3 4 7 -7 7 7 0 0
0 20 136 3 4 -7 7 7 7 0 0
0 20 137 3 4 -7 7 -7 7 0 0
0 20 138 3 4 -7 7 7 7 0 0
0 20 139 3 4 -7 7 7 -7 0 0
0 20 140 3 4 7 7 -7 7 0 0
0 20 141 3 4 -7 7 -7 -7 0 0
0 20 142 3 4 7 -7 7 7 0 0
0 20 143 3 4 -7 -7 7 7 0 0
0 20 144 3 4 7 -7 -7 -7 0 0
0 20 145 3 4 7 7 7 7 0 0
0 20 146 3 4 7 -7 7 -7 0 0
0 20 147 3 4 -7 -7 7 -7 0 0
0 20 148 3 4 7 7 -7 -7 0 0
0 20 149 3 4 7 -7 7 -7 0 0
0 20 150 3 4 7 7 7 7 0 0
0 20 151 3 4 7 7 -7 7 0 0
0 20 152 3 4 7 -7 -7 7 0 0
0 20 153 3 4 -7 7 -7 -7 0 0
0 20 154 3 4 -7 7 -7 7 0 0
0 20 155 3 4 7 7 7 7 0 0
0 20 156 3 4 7 7 7 7 0 0
0 20 157 3 4 7 -7 7 -7 0 0
0 20 158 3 4 -7 7 7 7 0 0
0 20 159 3 4 -7 -7 7 7 0 0
0 20 160 3 4 7 -7 -7 7 0 0
0 20 161 3 4 7 7 7 -7 0 0
0 20 162 3 4 -7 7 -7 -7 0 0
0 20 163 3 4 7 7 -7 7 0 0
0 20 164 3 4 7 -7 7 -7 0 0
0 20 165 3 4 7 -7 7 -7 0 0
0 20 166 3 4 7 -7 -7 7 0 0
0 20 167 3 4 7 7 -7 7 0 0
0 20 168 3 4 7 -7 -7 -7 0 0
0 20 169 3 4 -7 -7 7 7 0 0
0 20 170 3 4 7 -7 7 7 0 0
0 20 171 3 4 7 -7 7 7 0 0
0 20 172 3 4 7 7 7 -7 0 0
0 20 173 3 4 -7 7 -7 7 0 0
0 20 174 3 4 -7 -7 7 -7 0 0
0 20 175 3 4 7 -7 7 7 0 0
0 20 176 3 4 -7 -7 7 -7 0 0
0 20 177 3 4 -7 7 -7 7 0 0
0 20 178 3 4 -7 -7 -7 7 0 0
0 20 179 3 4 7 -7 7 7 0 0
0 20 180 3 4 -7 -7 -7 -7 0 0
0 20 181 3 4 7 7 -7 7 0 0
0 20 182 3 4 7 7 7 7 0 0
0 20 183 3 4 -7 7 -7 -7 0 0
0 20 184 3 4 -7 -7 7 7 0 0
0 20 185 3 4 7 -7 7 -7 0 0
0 20 186 3 4 -7 -7 7 7 0 0
0 20 187 3 4 7 -7 7 -7 0 0
0 20 188 3 4 -7 -7 -7 7 0 0
0 20 189 3 4 -7 7 -7 -7 0 0
0 20 190 3 4 -7 7 -7 7 0 0
0 20 191 3 4 -7 7 -7 7 0 0
0 20 192 3 4 7 -7 7 -7 0 0
0 20 193 3 4 7 -7 -7 7 0 0
0 20 194 3 4 -7 7 -7 -7 0 0
0 20 195 3 4 7 7 7 -7 0 0
0 20 196 3 4 -7 -7 7 7 0 0
0 20 197 3 4 7 7 -7 -7 0 0
0 20 198 3 4 7 -7 -7 7 0 0
0 20 199 3 4 7 7 7 7 0 0
0 20 200 3 4 -7 -7 -7 -7 0 0
0 20 201 3 4 -7 -7 -7 -7 0 0
0 20 202 3 4 -7 -7 -7 -7 0 0
0 20 203 3 4 7 -7 -7 7 0 0
0 20 204 3 4 7 7 -7 7 0 0
0 20 205 3 4 7 -7 -7 7 0 0
0 20 206 3 4 -7 -7 -7 -7 0 0
0 20 207 3 4 7 -7 7 7 0 0
0 20 208 3 4 7 7 -7 -7 0 0
0 20 209 3 4 -7 7 7 -7 0 0
0 20 210 3 4 -7 7 -7 7 0 0
0 20 211 3 4 -7 -7 -7 7 0 0
0 20 212 3 4 -7 -7 7 -7 0 0
0 20 213 3 4 7 -7 7 7 0 0
0 20 214 3 4 7 7 7 7 0 0
0 20 215 3 4 7 7 -7 -7 0 0
0 21 0 3 4 7 -7 7 7 0 0
0 21 1 3 4 -7 -7 7 7 0 0
0 21 2 3 4 -7 -7 -7 -7 0 0
0 21 3 3 4 -7 -7 7 -7 0 0
0 21 4 3 4 -7 -7 -7 7 0 0
0 21 5 3 4 -7 7 7 -7 0 0
0 21 6 3 4 -7 -7 -7 -7 0 0
0 21 7 3 4 7 7 -7 7 0 0
0 21 8 3 4 7 -7 -7 7 0 0
0 21 9 3 4 -7 -7 -7 7 0 0
0 21 10 3 4 7 7 7 -7 0 0
0 21 11 3 4 -7 -7 -7 7 0 0
0 21 12 3 4 -7 -7 7 7 0 0
0 21 13 3 4 7 -7 -7 7 0 0
0 21 14 3 4 -7 7 -7 7 0 0
0 21 15 3 4 7 7 7 7 0 0
0 21 16 3 4 7 -7 7 -7 0 0
0 21 17 3 4 -7 -7 7 7 0 0
0 21 18 3 4 7 7 7 -7 0 0
0 21 19 3 4 7 -7 7 7 0 0
0 21 20 3 4 -7 7 -7 7 0 0
0 21 21 3 4 7 7 -7 -7 0 0
0 21 22 3 4 -7 -7 7 7 0 0
0 21 23 3 4 -7 -7 7 -7 0 0
0 21 24 3 4 7 -7 7 7 0 0
0 21 25 3 4 -7 -7 -7 -7 0 0
0 21 26 3 4 7 -7 -7 -7 0 0
0 21 27 3 4 -7 7 -7 -7 0 0
0 21 28 3 4 -7 7 7 7 0 0
0 21 29 3 4 7 7 -7 -7 0 0
0 21 30 3 4 7 7 7 7 0 0
0 21 31 3 4 -7 7 -7 -7 0 0
0 21 32 3 4 7 7 -7 -7 0 0
0 21 33 3 4 7 -7 7 -7 0 0
0 21 34 3 4 -7 -7 7 7 0 0
0 21 35 3 4 7 -7 7 -7 0 0
0 21 36 3 4 -7 -7 7 7 0 0
0 21 37 3 4 -7 -7 -7 7 0 0
0 21 38 3 4 -7 -7 7 -7 0 0
0 21 39 3 4 -7 7 -7 -7 0 0
0 21 40 3 4 7 -7 7 7 0 0
0 21 41 3 4 -7 -7 -7 -7 0 0
0 21 42 3 4 7 7 7 7 0 0
0 21 43 3 4 -7 -7 -7 7 0 0
0 21 44 3 4 -7 7 -7 7 0 0
0 21 45 3 4 -7 -7 7 7 0 0
0 21 46 3 4 -7 7 7 7 0 0
0 21 47 3 4 7 -7 7 -7 0 0
0 21 48 3 4 -7 -7 -7 7 0 0
0 21 49 3 4 7 7 7 -7 0 0
0 21 50 3 4 -7 -7 -7 7 0 0
0 21 51 3 4 7 7 -7 7 0 0
0 21 52 3 4 -7 7 7 -7 0 0
0 21 53 3 4 7 7 -7 -7 0 0
0 21 54 3 4 -7 7 7 7 0 0
0 21 55 3 4 -7 -7 -7 -7 0 0
0 21 56 3 4 -7 -7 7 -7 0 0
0 21 57 3 4 -7 -7 -7 -7 0 0
0 21 58 3 4 7 7 -7 -7 0 0
0 21 59 3 4 -7 -7 7 -7 0 0
0 21 60 3 4 -7 7 7 -7 0 0
0 21 61 3 4 -7 -7 7 -7 0 0
0 21 62 3 4 7 7 -7 7 0 0
0 21 63 3 4 -7 -7 7 7 0 0
0 21 64 3 4 -7 -7 -7 -7 0 0
0 21 65 3 4 -7 -7 7 7 0 0
0 21 66 3 4 7 7 -7 7 0 0
0 21 67 3 4 -7 -7 -7 -7 0 0
0 21 68 3 4 -7 -7 -7 7 0 0
0 21 69 3 4 -7 -7 -7 7 0 0
0 21 70 3 4 7 -7 7 -7 0 0
0 21 71 3 4 7 -7 -7 7 0 0
0 21 72 3 4 7 -7 7 -7 0 0
0 21 73 3 4 7 7 7 7 0 0
0 21 74 3 4 7 -7 -7 7 0 0
0 21 75 3 4 -7 -7 7 7 0 0
0 21 76 3 4 7 -7 7 -7 0 0
0 21 77 3 4 7 -7 7 -7 0 0
0 21 78 3 4 7 7 -7 -7 0 0
0 21 79 3 4 -7 7 7 -7 0 0
0 21 80 3 4 7 7 7 7 0 0
0 21 81 3 4 -7 -7 -7 7 0 0
0 21 82 3 4 -7 -7 -7 7 0 0
0 21 83 3 4 7 7 7 -7 0 0
0 21 84 3 4 -7 7 7 -7 0 0
0 21 85 3 4 7 7 -7 -7 0 0
0 21 86 3 4 -7 -7 7 -7 0 0
0 21 87 3 4 7 -7 7 -7 0 0
0 21 88 3 4 7 -7 -7 7 0 0
0 21 89 3 4 7 7 -7 7 0 0
0 21 90 3 4 7 7 -7 -7 0 0
0 21 91 3 4 -7 -7 7 7 0 0
0 21 92 3 4 7 -7 -7 -7 0 0
0 21 93 3 4 -7 -7 -7 7 0 0
0 21 94 3 4 7 7 7 7 0 0
0 21 95 3 4 7 -7 7 -7 0 0
0 21 96 3 4 7 -7 7 -7 0 0
0 21 97 3 4 -7 7 7 -7 0 0
0 21 98 3 4 -7 -7 7 -7 0 0
0 21 99 3 4 7 7 -7 -7 0 0
0 21 100 3 4 -7 -7 -7 7 0 0
0 21 101 3 4 7 -7 7 7 0 0
0 21 102 3 4 7 -7 7 7 0 0
0 21 103 3 4 -7 -7 7 7 0 0
0 21 104 3 4 7 -7 -7 7 0 0
0 21 105 3 4 7 -7 -7 7 0 0
0 21 106 3 4 7 7 -7 7 0 0
0 21 107 3 4 -7 -7 -7 -7 0 0
0 21 108 3 4 7 7 -7 -7 0 0
0 21 109 3 4 -7 7 -7 7 0 0
0 21 110 3 4 7 -7 7 -7 0 0
0 21 111 3 4 7 7 -7 -7 0 0
0 21 112 3 4 -7 7 7 7 0 0
0 21 113 3 4 -7 7 -7 7 0 0
0 21 114 3 4 7 -7 7 7 0 0
0 21 115 3 4 -7 -7 -7 7 0 0
0 21 116 3 4 -7 -7 -7 7 0 0
0 21 117 3 4 7 7 -7 -7 0 0
0 21 118 3 4 7 -7 7 7 0 0
0 21 119 3 4 7 -7 7 -7 0 0
0 21 120 3 4 7 -7 -7 7 0 0
0 21 121 3 4 -7 -7 7 7 0 0
0 21 122 3 4 7 -7 -7 7 0 0
0 21 123 3 4 -7 7 7 -7 0 0
0 21 124 3 4 -7 7 -7 7 0 0
0 21 125 3 4 7 -7 7 -7 0 0
0 21 126 3 4 7 -7 -7 7 0 0
0 21 127 3 4 7 7 -7 -7 0 0
0 21 128 3 4 7 -7 -7 -7 0 0
0 21 129 3 4 7 7 -7 -7 0 0
0 21 130 3 4 -7 -7 7 -7 0 0
0 21 131 3 4 -7 7 -7 -7 0 0
0 21 132 3 4 7 -7 7 7 0 0
0 21 133 3 4 -7 7 -7 7 0 0
0 21 134 3 4 7 -7 -7 7 0 0
0 21 135 3 4 7 7 -7 -7 0 0
0 21 136 3 4 7 7 -7 7 0 0
0 21 137 3 4 -7 7 7 -7 0 0
0 21 138 3 4 -7 7 7 -7 0 0
0 21 139 3 4 -7 7 -7 7 0 0
0 21 140 3 4 -7 7 7 7 0 0
0 21 141 3 4 -7 7 -7 7 0 0
0 21 142 3 4 -7 -7 7 7 0 0
0 21 143 3 4 -7 7 -7 7 0 0
0 21 144 3 4 7 7 -7 7 0 0
0 21 145 3 4 7 -7 -7 -7 0 0
0 21 146 3 4 -7 7 7 -7 0 0
0 21 147 3 4 -7 -7 -7 -7 0 0
0 21 148 3 4 7 -7 7 -7 0 0
0 21 149 3 4 -7 7 -7 7 0 0
0 21 150 3 4 -7 -7 -7 7 0 0
0 21 151 3 4 7 -7 7 7 0 0
0 21 152 3 4 7 7 -7 -7 0 0
0 21 153 3 4 -7 7 7 -7 0 0
0 21 154 3 4 -7 -7 -7 -7 0 0
0 21 155 3 4 -7 7 7 -7 0 0
0 21 156 3 4 7 7 -7 -7 0 0
0 21 157 3 4 7 -7 7 7 0 0
0 21 158 3 4 -7 -7 7 7 0 0
0 21 159 3 4 7 -7 7 7 0 0
0 21 160 3 4 7 -7 -7 -7 0 0
0 21 161 3 4 7 7 7 -7 0 0
0 21 162 3 4 7 7 7 -7 0 0
0 21 163 3 4 -7 -7 7 -7 0 0
0 21 164 3 4 7 7 -7 7 0 0
0 21 165 3 4 7 -7 -7 7 0 0
0 21 166 3 4 7 7 7 7 0 0
0 21 167 3 4 7 -7 7 7 0 0
0 21 168 3 4 7 7 -7 7 0 0
0 21 169 3 4 7 7 7 7 0 0
0 21 170 3 4 -7 -7 -7 -7 0 0
0 21 171 3 4 -7 -7 7 -7 0 0
0 21 172 3 4 -7 7 7 -7 0 0
0 21 173 3 4 7 7 -7 -7 0 0
0 21 174 3 4 7 7 -7 7 0 0
0 21 175 3 4 7 7 -7 -7 0 0
0 21 176 3 4 7 -7 7 7 0 0
0 21 177 3 4 -7 -7 -7 -7 0 0
0 21 178 3 4 -7 -7 7 -7 0 0
0 21 179 3 4 7 7 7 7 0 0
0 21 180 3 4 7 -7 7 7 0 0
0 21 181 3 4 -7 7 7 -7 0 0
0 21 182 3 4 -7 7 7 -7 0 0
0 21 183 3 4 -7 7 7 7 0 0
0 21 184 3 4 -7 7 -7 7 0 0
0 21 185 3 4 -7 -7 -7 7 0 0
0 21 186 3 4 7 7 7 7 0 0
0 21 187 3 4 -7 -7 7 -7 0 0
0 21 188 3 4 -7 7 -7 -7 0 0
0 21 189 3 4 -7 -7 -7 7 0 0
0 21 190 3 4 -7 7 -7 7 0 0
0 21 191 3 4 7 7 -7 -7 0 0
0 21 192 3 4 7 7 7 -7 0 0
0 21 193 3 4 -7 -7 -7 -7 0 0
0 21 194 3 4 7 7 -7 -7 0 0
0 21 195 3 4 7 -7 -7 7 0 0
0 21 196 3 4 -7 7 -7 -7 0 0
0 21 197 3 4 7 -7 -7 -7 0 0
0 21 198 3 4 7 7 -7 -7 0 0
0 21 199 3 4 7 7 7 7 0 0
0 21 200 3 4 -7 7 7 7 0 0
0 21 201 3 4 -7 -7 7 7 0 0
0 21 202 3 4 7 -7 7 -7 0 0
0 21 203 3 4 7 -7 -7 7 0 0
0 21 204 3 4 -7 -7 -7 -7 0 0
0 21 205 3 4 -7 -7 -7 7 0 0
0 21 206 3 4 -7 -7 7 7 0 0
0 21 207 3 4 -7 -7 7 -7 0 0
0 21 208 3 4 7 7 7 -7 0 0
0 21 209 3 4 7 7 7 7 0 0
0 21 210 3 4 -7 7 7 7 0 0
0 21 211 3 4 -7 -7 7 -7 0 0
0 21 212 3 4 -7 -7 -7 7 0 0
0 21 213 3 4 -7 -7 7 7 0 0
0 21 214 3 4 -7 -7 7 -7 0 0
0 21 215 3 4 7 7 7 -7 0 0
0 22 0 3 4 -7 -7 7 7 0 0
0 22 1 3 4 -7 7 -7 -7 0 0
0 22 2 3 4 -7 7 -7 -7 0 0
0 22 3 3 4 7 -7 -7 7 0 0
0 22 4 3 4 7 -7 -7 -7 0 0
0 22 5 3 4 7 7 7 7 0 0
0 22 6 3 4 -7 7 -7 7 0 0
0 22 7 3 4 7 -7 -7 -7 0 0
0 22 8 3 4 7 -7 -7 7 0 0
0 22 9 3 4 7 -7 7 7 0 0
0 22 10 3 4 -7 7 -7 -7 0 0
0 22 11 3 4 7 7 -7 -7 0 0
0 22 12 3 4 7 -7 -7 -7 0 0
0 22 13 3 4 -7 -7 -7 -7 0 0
0 22 14 3 4 -7 -7 -7 -7 0 0
0 22 15 3 4 7 -7 7 7 0 0
0 22 16 3 4 -7 7 -7 7 0 0
0 22 17 3 4 -7 7 -7 7 0 0
0 22 18 3 4 -7 -7 -7 7 0 0
0 22 19 3 4 -7 7 -7 -7 0 0
0 22 20 3 4 -7 -7 7 -7 0 0
0 22 21 3 4 7 -7 7 -7 0 0
0 22 22 3 4 -7 7 -7 -7 0 0
0 22 23 3 4 -7 7 -7 -7 0 0
0 22 24 3 4 -7 -7 7 -7 0 0
0 22 25 3 4 7 -7 7 7 0 0
0 22 26 3 4 7 7 -7 -7 0 0
0 22 27 3 4 -7 7 -7 -7 0 0
0 22 28 3 4 7 7 -7 7 0 0
0 22 29 3 4 -7 -7 7 7 0 0
0 22 30 3 4 7 -7 7 -7 0 0
0 22 31 3 4 -7 -7 -7 -7 0 0
0 22 32 3 4 -7 -7 7 -7 0 0
0 22 33 3 4 7 -7 7 -7 0 0
0 22 34 3 4 -7 7 -7 -7 0 0
0 22 35 3 4 -7 7 7 7 0 0
0 22 36 3 4 7 7 -7 -7 0 0
0 22 37 3 4 7 -7 -7 -7 0 0
0 22 38 3 4 -7 7 -7 7 0 0
0 22 39 3 4 -7 7 -7 7 0 0
0 22 40 3 4 -7 7 -7 7 0 0
0 22 41 3 4 -7 7 7 7 0 0
0 22 42 3 4 -7 7 -7 -7 0 0
0 22 43 3 4 -7 -7 -7 7 0 0
0 22 44 3 4 7 -7 -7 7 0 0
0 22 45 3 4 -7 -7 7 7 0 0
0 22 46 3 4 7 7 7 7 0 0
0 22 47 3 4 7 7 7 -7 0 0
0 22 48 3 4 -7 -7 -7 -7 0 0
0 22 49 3 4 7 7 -7 -7 0 0
0 22 50 3 4 7 7 -7 7 0 0
0 22 51 3 4 7 7 7 7 0 0
0 22 52 3 4 -7 -7 -7 7 0 0
0 22 53 3 4 7 -7 7 -7 0 0
0 22 54 3 4 -7 7 -7 7 0 0
0 22 55 3 4 -7 -7 7 7 0 0
0 22 56 3 4 -7 7 7 -7 0 0
0 22 57 3 4 7 7 7 7 0 0
0 22 58 3 4 -7 7 7 7 0 0
0 22 59 3 4 -7 -7 -7 7 0 0
0 22 60 3 4 7 -7 -7 -7 0 0
0 22 61 3 4 -7 -7 -7 7 0 0
0 22 62 3 4 7 7 7 -7 0 0
0 22 63 3 4 7 7 -7 -7 0 0
0 22 64 3 4 7 -7 7 -7 0 0
0 22 65 3 4 -7 -7 7 -7 0 0
0 22 66 3 4 -7 -7 -7 -7 0 0
0 22 67 3 4 -7 7 -7 -7 0 0
0 22 68 3 4 -7 -7 7 -7 0 0
0 22 69 3 4 -7 -7 -7 -7 0 0
0 22 70 3 4 -7 -7 7 -7 0 0
0 22 71 3 4 -7 -7 -7 7 0 0
0 22 72 3 4 -7 -7 7 7 0 0
0 22 73 3 4 -7 7 7 7 0 0
0 22 74 3 4 -7 7 7 7 0 0
0 22 75 3 4 -7 7 7 7 0 0
0 22 76 3 4 7 7 -7 7 0 0
0 22 77 3 4 -7 -7 -7 -7 0 0
0 22 78 3 4 7 -7 -7 -7 0 0
0 22 79 3 4 -7 -7 7 -7 0 0
0 22 80 3 4 7 -7 -7 -7 0 0
0 22 81 3 4 -7 7 7 -7 0 0
0 22 82 3 4 7 -7 7 -7 0 0
0 22 83 3 4 7 7 -7 7 0 0
0 22 84 3 4 7 7 -7 -7 0 0
0 22 85 3 4 7 7 -7 7 0 0
0 22 86 3 4 -7 7 7 -7 0 0
0 22 87 3 4 7 -7 -7 7 0 0
0 22 88 3 4 7 7 -7 -7 0 0
0 22 89 3 4 -7 -7 -7 -7 0 0
0 22 90 3 4 7 7 7 7 0 0
0 22 91 3 4 -7 7 7 -7 0 0
0 22 92 3 4 -7 7 -7 7 0 0
0 22 93 3 4 -7 7 7 7 0 0
0 22 94 3 4 -7 -7 7 -7 0 0
0 22 95 3 4 7 -7 -7 -7 0 0
0 22 96 3 4 7 -7 7 -7 0 0
0 22 97 3 4 -7 7 -7 -7 0 0
0 22 98 3 4 7 7 7 7 0 0
0 22 99 3 4 7 -7 7 -7 0 0
0 22 100 3 4 7 -7 7 -7 0 0
0 22 101 3 4 -7 -7 -7 7 0 0
0 22 102 3 4 -7 -7 7 7 0 0
0 22 103 3 4 7 7 -7 -7 0 0
0 22 104 3 4 -7 7 -7 7 0 0
0 22 105 3 4 -7 7 -7 7 0 0
0 22 106 3 4 -7 -7 -7 -7 0 0
0 22 107 3 4 -7 -7 7 -7 0 0
0 22 108 3 4 7 -7 -7 7 0 0
0 22 109 3 4 7 7 -7 -7 0 0
0 22 110 3 4 -7 7 -7 7 0 0
0 22 111 3 4 -7 -7 7 -7 0 0
0 22 112 3 4 7 7 7 7 0 0
0 22 113 3 4 -7 7 7 7 0 0
0 22 114 3 4 -7 7 7 -7 0 0
0 22 115 3 4 -7 7 7 -7 0 0
0 22 116 3 4 -7 7 7 -7 0 0
0 22 117 3 4 7 7 -7 7 0 0
0 22 118 3 4 7 -7 7 7 0 0
0 22 119 3 4 7 7 7 -7 0 0
0 22 120 3 4 7 7 7 7 0 0
0 22 121 3 4 -7 -7 7 7 0 0
0 22 122 3 4 7 7 7 7 0 0
0 22 123 3 4 7 7 -7 7 0 0
0 22 124 3 4 7 -7 -7 7 0 0
0 22 125 3 4 7 -7 7 -7 0 0
0 22 126 3 4 7 7 7 -7 0 0
0 22 127 3 4 -7 7 -7 -7 0 0
0 22 128 3 4 7 7 7 7 0 0
0 22 129 3 4 -7 7 -7 7 0 0
0 22 130 3 4 7 -7 7 7 0 0
0 22 131 3 4 7 7 -7 -7 0 0
0 22 132 3 4 -7 7 -7 7 0 0
0 22 133 3 4 -7 -7 -7 7 0 0
0 22 134 3 4 -7 -7 -7 7 0 0
0 22 135 3 4 -7 7 -7 7 0 0
0 22 136 3 4 7 7 -7 7 0 0
0 22 137 3 4 7 7 -7 -7 0 0
0 22 138 3 4 -7 7 -7 7 0 0
0 22 139 3 4 7 7 7 7 0 0
0 22 140 3 4 7 7 7 7 0 0
0 22 141 3 4 -7 -7 -7 7 0 0
0 22 142 3 4 7 7 7 -7 0 0
0 22 143 3 4 7 -7 -7 7 0 0
0 22 144 3 4 7 7 -7 7 0 0
0 22 145 3 4 -7 -7 7 -7 0 0
0 22 146 3 4 7 7 7 7 0 0
0 22 147 3 4 7 7 -7 -7 0 0
0 22 148 3 4 -7 -7 7 7 0 0
0 22 149 3 4 -7 -7 7 -7 0 0
0 22 150 3 4 7 -7 -7 -7 0 0
0 22 151 3 4 7 -7 7 -7 0 0
0 22 152 3 4 -7 7 7 -7 0 0
0 22 153 3 4 7 7 -7 -7 0 0
0 22 154 3 4 7 7 7 7 0 0
0 22 155 3 4 -7 7 -7 -7 0 0
0 22 156 3 4 7 -7 -7 7 0 0
0 22 157 3 4 7 -7 7 -7 0 0
0 22 158 3 4 7 7 7 -7 0 0
0 22 159 3 4 -7 -7 -7 7 0 0
0 22 160 3 4 7 7 -7 7 0 0
0 22 161 3 4 7 7 -7 7 0 0
0 22 162 3 4 -7 7 -7 7 0 0
0 22 163 3 4 7 7 -7 -7 0 0
0 22 164 3 4 7 -7 7 7 0 0
0 22 165 3 4 7 7 -7 7 0 0
0 22 166 3 4 7 7 -7 -7 0 0
0 22 167 3 4 7 -7 -7 -7 0 0
0 22 168 3 4 7 7 -7 -7 0 0
0 22 169 3 4 7 7 -7 -7 0 0
0 22 170 3 4 7 7 -7 -7 0 0
0 22 171 3 4 -7 7 7 7 0 0
0 22 172 3 4 -7 -7 7 7 0 0
0 22 173 3 4 7 -7 -7 7 0 0
0 22 174 3 4 -7 7 -7 7 0 0
0 22 175 3 4 -7 -7 -7 7 0 0
0 22 176 3 4 7 7 -7 7 0 0
0 22 177 3 4 -7 7 -7 -7 0 0
0 22 178 3 4 -7 -7 7 7 0 0
0 22 179 3 4 7 7 -7 -7 0 0
0 22 180 3 4 -7 7 -7 7 0 0
0 22 181 3 4 -7 7 -7 -7 0 0
0 22 182 3 4 -7 -7 7 7 0 0
0 22 183 3 4 7 -7 7 -7 0 0
0 22 184 3 4 -7 -7 -7 7 0 0
0 22 185 3 4 -7 -7 -7 7 0 0
0 22 186 3 4 -7 7 7 -7 0 0
0 22 187 3 4 7 7 -7 -7 0 0
0 22 188 3 4 -7 -7 7 7 0 0
0 22 189 3 4 7 7 7 7 0 0
0 22 190 3 4 7 -7 7 -7 0 0
0 22 191 3 4 7 7 -7 7 0 0
0 22 192 3 4 -7 -7 -7 -7 0 0
0 22 193 3 4 7 7 7 7 0 0
0 22 194 3 4 7 7 7 7 0 0
0 22 195 3 4 7 7 7 7 0 0
0 22 196 3 4 -7 -7 7 -7 0 0
0 22 197 3 4 -7 7 7 7 0 0
0 22 198 3 4 -7 7 7 -7 0 0
0 22 199 3 4 7 -7 7 7 0 0
0 22 200 3 4 7 7 7 -7 0 0
0 22 201 3 4 7 -7 7 7 0 0
0 22 202 3 4 7 -7 7 7 0 0
0 22 203 3 4 -7 -7 -7 7 0 0
0 22 204 3 4 -7 7 7 -7 0 0
0 22 205 3 4 -7 -7 -7 -7 0 0
0 22 206 3 4 -7 -7 -7 -7 0 0
0 22 207 3 4 -7 -7 7 7 0 0
0 22 208 3 4 -7 -7 -7 7 0 0
0 22 209 3 4 -7 7 7 -7 0 0
0 22 210 3 4 7 -7 7 7 0 0
0 22 211 3 4 7 -7 7 -7 0 0
0 22 212 3 4 7 -7 7 7 0 0
0 22 213 3 4 -7 -7 7 7 0 0
0 22 214 3 4 7 -7 -7 -7 0 0
0 22 215 3 4 -7 7 7 7 0 0
0 23 0 3 4 -7 7 7 7 0 0
0 23 1 3 4 -7 -7 -7 7 0 0
0 23 2 3 4 -7 7 7 7 0 0
0 23 3 3 4 -7 7 7 7 0 0
0 23 4 3 4 7 7 -7 -7 0 0
0 23 5 3 4 -7 7 -7 -7 0 0
0 23 6 3 4 -7 7 7 -7 0 0
0 23 7 3 4 7 -7 -7 7 0 0
0 23 8 3 4 7 -7 7 -7 0 0
0 23 9 3 4 7 -7 -7 7 0 0
0 23 10 3 4 -7 7 -7 7 0 0
0 23 11 3 4 -7 7 7 7 0 0
0 23 12 3 4 -7 7 -7 7 0 0
0 23 13 3 4 -7 -7 7 -7 0 0
0 23 14 3 4 7 7 7 -7 0 0
0 23 15 3 4 7 7 -7 -7 0 0
0 23 16 3 4 -7 7 7 7 0 0
0 23 17 3 4 -7 -7 7 -7 0 0
0 23 18 3 4 7 -7 -7 -7 0 0
0 23 19 3 4 7 -7 -7 7 0 0
0 23 20 3 4 -7 7 -7 -7 0 0
0 23 21 3 4 -7 -7 -7 -7 0 0
0 23 22 3 4 -7 7 -7 -7 0 0
0 23 23 3 4 -7 -7 7 -7 0 0
0 23 24 3 4 7 -7 7 -7 0 0
0 23 25 3 4 -7 -7 7 7 0 0
0 23 26 3 4 7 7 -7 7 0 0
0 23 27 3 4 7 -7 -7 -7 0 0
0 23 28 3 4 -7 -7 -7 7 0 0
0 23 29 3 4 -7 7 -7 7 0 0
0 23 30 3 4 -7 -7 -7 -7 0 0
0 23 31 3 4 7 -7 7 -7 0 0
0 23 32 3 4 -7 -7 7 -7 0 0
0 23 33 3 4 7 -7 -7 7 0 0
0 23 34 3 4 -7 -7 7 7 0 0
0 23 35 3 4 7 -7 7 -7 0 0
0 23 36 3 4 -7 7 -7 -7 0 0
0 23 37 3 4 -7 7 -7 7 0 0
0 23 38 3 4 -7 7 -7 -7 0 0
0 23 39 3 4 -7 -7 7 7 0 0
0 23 40 3 4 7 7 7 7 0 0
0 23 41 3 4 -7 -7 7 -7 0 0
0 23 42 3 4 -7 -7 -7 7 0 0
0 23 43 3 4 7 -7 7 7 0 0
0 23 44 3 4 7 -7 -7 -7 0 0
0 23 45 3 4 -7 -7 -7 7 0 0
0 23 46 3 4 -7 7 7 7 0 0
0 23 47 3 4 -7 7 7 -7 0 0
0 23 48 3 4 -7 7 -7 -7 0 0
0 23 49 3 4 -7 7 7 -7 0 0
0 23 50 3 4 7 7 -7 -7 0 0
0 23 51 3 4 7 -7 7 -7 0 0
0 23 52 3 4 -7 7 7 7 0 0
0 23 53 3 4 7 -7 -7 7 0 0
0 23 54 3 4 -7 -7 7 -7 0 0
0 23 55 3 4 7 7 7 -7 0 0
0 23 56 3 4 -7 -7 7 7 0 0
0 23 57 3 4 7 7 -7 7 0 0
0 23 58 3 4 -7 -7 7 -7 0 0
0 23 59 3 4 7 7 7 7 0 0
0 23 60 3 4 7 7 -7 7 0 0
0 23 61 3 4 7 7 -7 -7 0 0
0 23 62 3 4 -7 -7 7 -7 0 0
0 23 63 3 4 -7 7 -7 7 0 0
0 23 64 3 4 -7 7 -7 7 0 0
0 23 65 3 4 -7 7 -7 7 0 0
0 23 66 3 4 -7 7 7 -7 0 0
0 23 67 3 4 7 -7 -7 -7 0 0
0 23 68 3 4 7 -7 -7 7 0 0
0 23 69 3 4 -7 -7 7 7 0 0
0 23 70 3 4 7 7 -7 -7 0 0
0 23 71 3 4 -7 -7 -7 -7 0 0
0 23 72 3 4 -7 -7 7 7 0 0
0 23 73 3 4 7 -7 -7 -7 0 0
0 23 74 3 4 7 7 7 -7 0 0
0 23 75 3 4 7 -7 -7 7 0 0
0 23 76 3 4 7 -7 -7 7 0 0
0 23 77 3 4 7 7 -7 -7 0 0
0 23 78 3 4 -7 7 -7 7 0 0
0 23 79 3 4 -7 -7 -7 7 0 0
0 23 80 3 4 7 -7 -7 7 0 0
0 23 81 3 4 7 -7 7 -7 0 0
0 23 82 3 4 7 7 -7 -7 0 0
0 23 83 3 4 -7 -7 -7 7 0 0
0 23 84 3 4 7 7 -7 -7 0 0
0 23 85 3 4 -7 7 -7 7 0 0
0 23 86 3 4 7 -7 -7 7 0 0
0 23 87 3 4 -7 7 7 -7 0 0
0 23 88 3 4 7 -7 -7 7 0 0
0 23 89 3 4 7 7 -7 7 0 0
0 23 90 3 4 7 7 -7 7 0 0
0 23 91 3 4 7 7 7 7 0 0
0 23 92 3 4 7 7 7 -7 0 0
0 23 93 3 4 -7 -7 7 -7 0 0
0 23 94 3 4 -7 -7 -7 -7 0 0
0 23 95 3 4 -7 7 7 7 0 0
0 23 96 3 4 -7 7 -7 -7 0 0
0 23 97 3 4 7 -7 7 7 0 0
0 23 98 3 4 7 7 7 -7 0 0
0 23 99 3 4 7 7 7 7 0 0
0 23 100 3 4 -7 -7 -7 -7 0 0
0 23 101 3 4 7 -7 -7 -7 0 0
0 23 102 3 4 -7 7 7 7 0 0
0 23 103 3 4 7 -7 7 -7 0 0
0 23 104 3 4 -7 -7 7 7 0 0
0 23 105 3 4 7 -7 -7 -7 0 0
0 23 106 3 4 7 7 7 -7 0 0
0 23 107 3 4 -7 -7 -7 -7 0 0
0 23 108 3 4 -7 7 7 7 0 0
0 23 109 3 4 -7 7 -7 7 0 0
0 23 110 3 4 -7 7 -7 7 0 0
0 23 111 3 4 -7 -7 7 7 0 0
0 23 112 3 4 7 -7 7 7 0 0
0 23 113 3 4 -7 7 -7 -7 0 0
0 23 114 3 4 7 -7 7 7 0 0
0 23 115 3 4 7 -7 -7 -7 0 0
0 23 116 3 4 7 7 7 -7 0 0
0 23 117 3 4 7 7 -7 -7 0 0
0 23 118 3 4 7 7 7 -7 0 0
0 23 119 3 4 -7 -7 7 -7 0 0
0 23 120 3 4 -7 -7 7 7 0 0
0 23 121 3 4 7 -7 -7 7 0 0
0 23 122 3 4 -7 7 7 -7 0 0
0 23 123 3 4 7 -7 -7 7 0 0
0 23 124 3 4 -7 -7 -7 -7 0 0
0 23 125 3 4 -7 7 7 7 0 0
0 23 126 3 4 -7 7 7 7 0 0
0 23 127 3 4 7 -7 -7 -7 0 0
0 23 128 3 4 7 -7 7 -7 0 0
0 23 129 3 4 7 7 -7 7 0 0
0 23 130 3 4 -7 -7 -7 7 0 0
0 23 131 3 4 -7 -7 -7 7 0 0
0 23 132 3 4 -7 -7 -7 -7 0 0
0 23 133 3 4 7 7 7 -7 0 0
0 23 134 3 4 -7 -7 -7 7 0 0
0 23 135 3 4 7 -7 -7 -7 0 0
0 23 136 3 4 -7 7 7 7 0 0
0 23 137 3 4 7 7 7 7 0 0
0 23 138 3 4 7 -7 -7 7 0 0
0 23 139 3 4 7 -7 7 -7 0 0
0 23 140 3 4 7 7 7 7 0 0
0 23 141 3 4 7 -7 -7 -7 0 0
0 23 142 3 4 7 -7 7 -7 0 0
0 23 143 3 4 -7 7 -7 7 0 0
0 23 144 3 4 7 -7 -7 7 0 0
0 23 145 3 4 -7 -7 7 7 0 0
0 23 146 3 4 7 7 -7 -7 0 0
0 23 147 3 4 7 -7 -7 -7 0 0
0 23 148 3 4 -7 -7 7 7 0 0
0 23 149 3 4 -7 7 7 7 0 0
0 23 150 3 4 -7 -7 -7 7 0 0
0 23 151 3 4 -7 -7 -7 7 0 0
0 23 152 3 4 7 7 -7 -7 0 0
0 23 153 3 4 7 -7 7 -7 0 0
0 23 154 3 4 7 7 7 -7 0 0
0 23 155 3 4 7 7 -7 7 0 0
0 23 156 3 4 7 -7 7 -7 0 0
0 23 157 3 4 7 -7 -7 7 0 0
0 23 158 3 4 -7 7 -7 -7 0 0
0 23 159 3 4 -7 -7 -7 7 0 0
0 23 160 3 4 7 7 -7 7 0 0
0 23 161 3 4 -7 -7 7 -7 0 0
0 23 162 3 4 7 7 7 7 0 0
0 23 163 3 4 -7 -7 -7 -7 0 0
0 23 164 3 4 7 7 -7 7 0 0
0 23 165 3 4 7 -7 -7 7 0 0
0 23 166 3 4 7 -7 7 -7 0 0
0 23 167 3 4 7 -7 7 -7 0 0
0 23 168 3 4 7 -7 -7 7 0 0
0 23 169 3 4 7 7 7 7 0 0
0 23 170 3 4 -7 -7 7 7 0 0
0 23 171 3 4 -7 7 7 7 0 0
0 23 172 3 4 -7 -7 7 7 0 0
0 23 173 3 4 7 -7 -7 -7 0 0
0 23 174 3 4 -7 -7 7 -7 0 0
0 23 175 3 4 7 -7 7 -7 0 0
0 23 176 3 4 7 -7 7 7 0 0
0 23 177 3 4 7 7 -7 7 0 0
0 23 178 3 4 -7 7 7 -7 0 0
0 23 179 3 4 -7 -7 -7 -7 0 0
0 23 180 3 4 -7 7 -7 7 0 0
0 23 181 3 4 -7 -7 7 7 0 0
0 23 182 3 4 -7 7 7 7 0 0
0 23 183 3 4 -7 7 -7 -7 0 0
0 23 184 3 4 -7 -7 7 -7 0 0
0 23 185 3 4 -7 -7 7 -7 0 0
0 23 186 3 4 7 7 -7 -7 0 0
0 23 187 3 4 -7 7 -7 7 0 0
0 23 188 3 4 -7 7 7 -7 0 0
0 23 189 3 4 -7 -7 -7 -7 0 0
0 23 190 3 4 7 -7 7 -7 0 0
0 23 191 3 4 7 -7 -7 -7 0 0
0 23 192 3 4 -7 7 7 -7 0 0
0 23 193 3 4 7 -7 7 7 0 0
0 23 194 3 4 -7 -7 7 -7 0 0
0 23 195 3 4 7 -7 -7 7 0 0
0 23 196 3 4 7 7 -7 7 0 0
0 23 197 3 4 7 7 7 7 0 0
0 23 198 3 4 -7 7 -7 -7 0 0
0 23 199 3 4 7 7 7 -7 0 0
0 23 200 3 4 -7 7 -7 7 0 0
0 23 201 3 4 -7 -7 -7 -7 0 0
0 23 202 3 4 -7 -7 7 -7 0 0
0 23 203 3 4 -7 -7 7 7 0 0
0 23 204 3 4 7 7 7 7 0 0
0 23 205 3 4 -7 -7 7 -7 0 0
0 23 206 3 4 7 -7 -7 -7 0 0
0 23 207 3 4 7 7 -7 -7 0 0
0 23 208 3 4 7 -7 7 -7 0 0
0 23 209 3 4 7 -7 7 7 0 0
0 23 210 3 4 7 7 7 7 0 0
0 23 211 3 4 7 -7 7 7 0 0
0 23 212 3 4 7 7 7 -7 0 0
0 23 213 3 4 -7 7 7 -7 0 0
0 23 214 3 4 7 7 -7 -7 0 0
0 23 215 3 4 7 7 7 7 0 0
0 24 0 3 4 -7 7 7 7 0 0
0 24 1 3 4 7 -7 -7 7 0 0
0 24 2 3 4 7 -7 -7 7 0 0
0 24 3 3 4 -7 7 -7 -7 0 0
0 24 4 3 4 -7 -7 7 -7 0 0
0 24 5 3 4 -7 7 7 7 0 0
0 24 6 3 4 -7 -7 7 -7 0 0
0 24 7 3 4 -7 7 7 -7 0 0
0 24 8 3 4 7 7 -7 -7 0 0
0 24 9 3 4 7 -7 7 -7 0 0
0 24 10 3 4 7 -7 -7 -7 0 0
0 24 11 3 4 7 7 7 7 0 0
0 24 12 3 4 -7 7 7 7 0 0
0 24 13 3 4 -7 7 -7 -7 0 0
0 24 14 3 4 7 7 -7 -7 0 0
0 24 15 3 4 7 7 7 -7 0 0
0 24 16 3 4 7 -7 -7 -7 0 0
0 24 17 3 4 -7 7 -7 7 0 0
0 24 18 3 4 -7 -7 7 -7 0 0
0 24 19 3 4 7 -7 7 -7 0 0
0 24 20 3 4 7 7 7 -7 0 0
0 24 21 3 4 7 -7 7 7 0 0
0 24 22 3 4 -7 -7 -7 -7 0 0
0 24 23 3 4 -7 -7 -7 7 0 0
0 24 24 3 4 7 7 7 7 0 0
0 24 25 3 4 7 -7 -7 7 0 0
0 24 26 3 4 7 -7 -7 -7 0 0
0 24 27 3 4 7 7 7 7 0 0
0 24 28 3 4 -7 7 -7 7 0 0
0 24 29 3 4 -7 -7 7 -7 0 0
0 24 30 3 4 7 -7 7 7 0 0
0 24 31 3 4 7 -7 -7 -7 0 0
0 24 32 3 4 -7 7 7 7 0 0
0 24 33 3 4 7 7 -7 -7 0 0
0 24 34 3 4 -7 7 -7 -7 0 0
0 24 35 3 4 -7 -7 7 -7 0 0
0 24 36 3 4 -7 -7 -7 7 0 0
0 24 37 3 4 7 7 -7 7 0 0
0 24 38 3 4 -7 -7 -7 -7 0 0
0 24 39 3 4 7 -7 -7 -7 0 0
0 24 40 3 4 7 7 -7 -7 0 0
0 24 41 3 4 -7 7 7 7 0 0
0 24 42 3 4 -7 -7 7 -7 0 0
0 24 43 3 4 -7 7 -7 7 0 0
0 24 44 3 4 -7 7 7 7 0 0
0 24 45 3 4 -7 7 7 7 0 0
0 24 46 3 4 7 7 -7 -7 0 0
0 24 47 3 4 7 7 -7 7 0 0
0 24 48 3 4 -7 7 7 7 0 0
0 24 49 3 4 -7 7 -7 -7 0 0
0 24 50 3 4 7 -7 -7 -7 0 0
0 24 51 3 4 7 7 -7 -7 0 0
0 24 52 3 4 -7 7 -7 -7 0 0
0 24 53 3 4 -7 7 7 7 0 0
0 24 54 3 4 -7 -7 7 -7 0 0
0 24 55 3 4 -7 7 -7 7 0 0
0 24 56 3 4 -7 -7 7 7 0 0
0 24 57 3 4 -7 -7 -7 7 0 0
0 24 58 3 4 -7 -7 7 7 0 0
0 24 59 3 4 7 7 -7 7 0 0
0 24 60 3 4 -7 -7 7 7 0 0
0 24 61 3 4 -7 7 7 -7 0 0
0 24 62 3 4 -7 -7 -7 7 0 0
0 24 63 3 4 -7 7 7 7 0 0
0 24 64 3 4 -7 7 7 -7 0 0
0 24 65 3 4 7 -7 7 7 0 0
0 24 66 3 4 -7 7 7 -7 0 0
0 24 67 3 4 -7 7 7 -7 0 0
0 24 68 3 4 7 7 -7 7 0 0
0 24 69 3 4 -7 7 -7 -7 0 0
0 24 70 3 4 -7 -7 7 7 0 0
0 24 71 3 4 -7 7 -7 7 0 0
0 24 72 3 4 7 7 -7 7 0 0
0 24 73 3 4 7 7 7 7 0 0
0 24 74 3 4 -7 7 -7 -7 0 0
0 24 75 3 4 7 -7 -7 -7 0 0
0 24 76 3 4 7 -7 -7 7 0 0
0 24 77 3 4 7 7 7 -7 0 0
0 24 78 3 4 -7 7 7 -7 0 0
0 24 79 3 4 -7 7 7 -7 0 0
0 24 80 3 4 -7 -7 -7 7 0 0
0 24 81 3 4 -7 7 7 7 0 0
0 24 82 3 4 7 7 7 -7 0 0
0 24 83 3 4 7 -7 7 7 0 0
0 24 84 3 4 -7 7 -7 -7 0 0
0 24 85 3 4 -7 7 -7 7 0 0
0 24 86 3 4 -7 -7 -7 7 0 0
0 24 87 3 4 7 -7 -7 7 0 0
0 24 88 3 4 -7 7 -7 -7 0 0
0 24 89 3 4 -7 7 7 -7 0 0
0 24 90 3 4 7 -7 7 7 0 0
0 24 91 3 4 -7 7 -7 7 0 0
0 24 92 3 4 -7 -7 -7 -7 0 0
0 24 93 3 4 7 -7 -7 7 0 0
0 24 94 3 4 -7 -7 7 7 0 0
0 24 95 3 4 7 -7 7 -7 0 0
0 24 96 3 4 -7 7 7 7 0 0
0 24 97 3 4 7 7 -7 -7 0 0
0 24 98 3 4 7 -7 7 -7 0 0
0 24 99 3 4 7 7 -7 7 0 0
0 24 100 3 4 7 -7 -7 -7 0 0
0 24 101 3 4 -7 7 7 7 0 0
0 24 102 3 4 -7 7 7 7 0 0
0 24 103 3 4 7 7 -7 7 0 0
0 24 104 3 4 7 7 7 7 0 0
0 24 105 3 4 7 7 -7 7 0 0
0 24 106 3 4 7 -7 7 -7 0 0
0 24 107 3 4 -7 -7 -7 7 0 0
0 24 108 3 4 -7 7 -7 7 0 0
0 24 109 3 4 -7 -7 7 -7 0 0
0 24 110 3 4 7 7 -7 7 0 0
0 24 111 3 4 7 7 -7 7 0 0
0 24 112 3 4 -7 -7 -7 7 0 0
0 24 113 3 4 7 -7 -7 -7 0 0
0 24 114 3 4 -7 -7 7 7 0 0
0 24 115 3 4 -7 -7 -7 7 0 0
0 24 116 3 4 -7 -7 7 7 0 0
0 24 117 3 4 -7 -7 7 7 0 0
0 24 118 3 4 -7 7 7 -7 0 0
0 24 119 3 4 -7 -7 7 -7 0 0
0 24 120 3 4 -7 -7 -7 7 0 0
0 24 121 3 4 -7 7 -7 -7 0 0
0 24 122 3 4 7 -7 7 -7 0 0
0 24 123 3 4 7 -7 7 -7 0 0
0 24 124 3 4 -7 -7 7 7 0 0
0 24 125 3 4 7 7 -7 -7 0 0
0 24 126 3 4 7 7 -7 7 0 0
0 24 127 3 4 -7 -7 7 7 0 0
0 24 128 3 4 -7 7 7 -7 0 0
0 24 129 3 4 7 7 7 -7 0 0
0 24 130 3 4 -7 -7 7 -7 0 0
0 24 131 3 4 7 7 -7 7 0 0
0 24 132 3 4 -7 -7 -7 -7 0 0
0 24 133 3 4 7 -7 -7 7 0 0
0 24 134 3 4 7 -7 -7 -7 0 0
0 24 135 3 4 -7 -7 -7 7 0 0
0 24 136 3 4 7 7 -7 7 0 0
0 24 137 3 4 7 7 -7 -7 0 0
0 24 138 3 4 -7 -7 -7 -7 0 0
0 24 139 3 4 7 -7 -7 -7 0 0
0 24 140 3 4 7 7 -7 -7 0 0
0 24 141 3 4 -7 7 7 7 0 0
0 24 142 3 4 -7 7 -7 7 0 0
0 24 143 3 4 7 -7 -7 -7 0 0
0 24 144 3 4 7 -7 7 7 0 0
0 24 145 3 4 7 7 7 -7 0 0
0 24 146 3 4 7 7 7 -7 0 0
0 24 147 3 4 7 -7 7 -7 0 0
0 24 148 3 4 7 7 -7 7 0 0
0 24 149 3 4 7 -7 -7 -7 0 0
0 24 150 3 4 -7 7 -7 7 0 0
0 24 151 3 4 -7 -7 -7 7 0 0
0 24 152 3 4 7 7 -7 7 0 0
0 24 153 3 4 -7 7 -7 -7 0 0
0 24 154 3 4 -7 -7 7 -7 0 0
0 24 155 3 4 -7 -7 7 -7 0 0
0 24 156 3 4 7 -7 -7 -7 0 0
0 24 157 3 4 -7 7 -7 7 0 0
0 24 158 3 4 -7 -7 -7 -7 0 0
0 24 159 3 4 7 7 7 7 0 0
0 24 160 3 4 7 7 -7 7 0 0
0 24 161 3 4 7 7 7 7 0 0
0 24 162 3 4 -7 7 -7 7 0 0
0 24 163 3 4 7 -7 -7 7 0 0
0 24 164 3 4 -7 -7 -7 7 0 0
0 24 165 3 4 7 -7 -7 -7 0 0
0 24 166 3 4 -7 7 7 7 0 0
0 24 167 3 4 -7 7 7 7 0 0
0 24 168 3 4 7 7 7 -7 0 0
0 24 169 3 4 7 7 7 7 0 0
0 24 170 3 4 7 -7 7 -7 0 0
0 24 171 3 4 7 -7 -7 -7 0 0
0 24 172 3 4 -7 -7 7 -7 0 0
0 24 173 3 4 7 7 7 -7 0 0
0 24 174 3 4 -7 7 7 7 0 0
0 24 175 3 4 -7 7 7 -7 0 0
0 24 176 3 4 -7 -7 7 -7 0 0
0 24 177 3 4 -7 -7 7 -7 0 0
0 24 178 3 4 -7 -7 7 7 0 0
0 24 179 3 4 7 -7 -7 -7 0 0
0 24 180 3 4 -7 7 -7 -7 0 0
0 24 181 3 4 -7 -7 -7 -7 0 0
0 24 182 3 4 -7 -7 -7 -7 0 0
0 24 183 3 4 -7 7 -7 7 0 0
0 24 184 3 4 -7 -7 7 -7 0 0
0 24 185 3 4 -7 7 7 7 0 0
0 24 186 3 4 7 7 7 7 0 0
0 24 187 3 4 7 7 7 7 0 0
0 24 188 3 4 7 7 -7 7 0 0
0 24 189 3 4 7 7 -7 7 0 0
0 24 190 3 4 7 7 7 7 0 0
0 24 191 3 4 -7 -7 -7 -7 0 0
0 24 192 3 4 7 7 -7 7 0 0
0 24 193 3 4 -7 -7 -7 7 0 0
0 24 194 3 4 -7 -7 7 -7 0 0
0 24 195 3 4 7 7 7 -7 0 0
0 24 196 3 4 -7 -7 -7 7 0 0
0 24 197 3 4 7 -7 7 7 0 0
0 24 198 3 4 7 7 -7 7 0 0
0 24 199 3 4 -7 -7 7 7 0 0
0 24 200 3 4 -7 7 7 7 0 0
0 24 201 3 4 7 -7 -7 7 0 0
0 24 202 3 4 7 7 -7 7 0 0
0 24 203 3 4 -7 -7 -7 -7 0 0
0 24 204 3 4 7 -7 -7 -7 0 0
0 24 205 3 4 7 7 -7 -7 0 0
0 24 206 3 4 -7 -7 -7 7 0 0
0 24 207 3 4 -7 7 7 7 0 0
0 24 208 3 4 7 -7 -7 -7 0 0
0 24 209 3 4 -7 7 7 7 0 0
0 24 210 3 4 7 7 7 -7 0 0
0 24 211 3 4 7 -7 7 -7 0 0
0 24 212 3 4 7 -7 -7 7 0 0
0 24 213 3 4 7 7 7 7 0 0
0 24 214 3 4 -7 7 -7 7 0 0
0 24 215 3 4 7 -7 7 7 0 0
0 25 0 3 4 7 -7 -7 7 0 0
0 25 1 3 4 -7 -7 7 7 0 0
0 25 2 3 4 -7 7 7 -7 0 0
0 25 3 3 4 -7 -7 -7 7 0 0
0 25 4 3 4 -7 -7 -7 7 0 0
0 25 5 3 4 7 -7 -7 -7 0 0
0 25 6 3 4 7 -7 7 -7 0 0
0 25 7 3 4 7 -7 -7 7 0 0
0 25 8 3 4 -7 7 7 -7 0 0
0 25 9 3 4 7 -7 7 7 0 0
0 25 10 3 4 7 7 7 -7 0 0
0 25 11 3 4 -7 7 7 -7 0 0
0 25 12 3 4 -7 -7 7 -7 0 0
0 25 13 3 4 7 7 -7 7 0 0
0 25 14 3 4 7 -7 -7 7 0 0
0 25 15 3 4 7 7 7 -7 0 0
0 25 16 3 4 7 7 -7 7 0 0
0 25 17 3 4 7 -7 -7 -7 0 0
0 25 18 3 4 -7 7 -7 -7 0 0
0 25 19 3 4 7 -7 7 -7 0 0
0 25 20 3 4 7 -7 7 -7 0 0
0 25 21 3 4 -7 7 -7 7 0 0
0 25 22 3 4 -7 -7 7 -7 0 0
0 25 23 3 4 7 -7 -7 7 0 0
0 25 24 3 4 -7 -7 7 7 0 0
0 25 25 3 4 7 -7 7 -7 0 0
0 25 26 3 4 -7 7 -7 -7 0 0
0 25 27 3 4 7 7 7 7 0 0
0 25 28 3 4 -7 7 7 -7 0 0
0 25 29 3 4 -7 7 -7 -7 0 0
0 25 30 3 4 7 7 -7 -7 0 0
0 25 31 3 4 7 -7 7 7 0 0
0 25 32 3 4 -7 7 7 -7 0 0
0 25 33 3 4 -7 -7 7 -7 0 0
0 25 34 3 4 -7 -7 7 -7 0 0
0 25 35 3 4 7 7 7 -7 0 0
0 25 36 3 4 -7 7 7 -7 0 0
0 25 37 3 4 -7 -7 7 7 0 0
0 25 38 3 4 -7 7 7 7 0 0
0 25 39 3 4 -7 -7 7 -7 0 0
0 25 40 3 4 -7 -7 -7 7 0 0
0 25 41 3 4 7 7 7 -7 0 0
0 25 42 3 4 7 -7 -7 -7 0 0
0 25 43 3 4 7 -7 -7 -7 0 0
0 25 44 3 4 7 7 -7 7 0 0
0 25 45 3 4 -7 7 7 -7 0 0
0 25 46 3 4 7 -7 -7 7 0 0
0 25 47 3 4 -7 7 7 7 0 0
0 25 48 3 4 -7 -7 -7 -7 0 0
0 25 49 3 4 7 -7 7 -7 0 0
0 25 50 3 4 7 7 -7 -7 0 0
0 25 51 3 4 -7 -7 -7 -7 0 0
0 25 52 3 4 -7 -7 7 7 0 0
0 25 53 3 4 7 7 7 7 0 0
0 25 54 3 4 -7 7 7 -7 0 0
0 25 55 3 4 -7 -7 7 7 0 0
0 25 56 3 4 7 7 -7 -7 0 0
0 25 57 3 4 -7 -7 -7 -7 0 0
0 25 58 3 4 7 7 -7 7 0 0
0 25 59 3 4 7 7 7 -7 0 0
0 25 60 3 4 -7 7 7 7 0 0
0 25 61 3 4 -7 -7 -7 -7 0 0
0 25 62 3 4 7 -7 -7 7 0 0
0 25 63 3 4 7 -7 -7 7 0 0
0 25 64 3 4 7 7 -7 -7 0 0
0 25 65 3 4 7 7 -7 -7 0 0
0 25 66 3 4 -7 7 -7 -7 0 0
0 25 67 3 4 -7 7 -7 -7 0 0
0 25 68 3 4 -7 -7 -7 -7 0 0
0 25 69 3 4 -7 -7 -7 -7 0 0
0 25 70 3 4 7 -7 7 -7 0 0
0 25 71 3 4 7 -7 7 -7 0 0
0 25 72 3 4 7 -7 7 -7 0 0
0 25 73 3 4 -7 7 -7 -7 0 0
0 25 74 3 4 7 7 7 -7 0 0
0 25 75 3 4 7 7 7 -7 0 0
0 25 76 3 4 7 7 -7 -7 0 0
0 25 77 3 4 7 7 -7 7 0 0
0 25 78 3 4 -7 7 -7 -7 0 0
0 25 79 3 4 7 7 7 -7 0 0
0 25 80 3 4 7 -7 -7 -7 0 0
0 25 81 3 4 -7 -7 -7 -7 0 0
0 25 82 3 4 -7 7 -7 -7 0 0
0 25 83 3 4 -7 -7 -7 7 0 0
0 25 84 3 4 7 -7 -7 -7 0 0
0 25 85 3 4 7 7 -7 -7 0 0
0 25 86 3 4 -7 -7 -7 -7 0 0
0 25 87 3 4 -7 -7 7 7 0 0
0 25 88 3 4 -7 7 -7 7 0 0
0 25 89 3 4 7 -7 7 7 0 0
0 25 90 3 4 7 -7 -7 7 0 0
0 25 91 3 4 7 -7 7 7 0 0
0 25 92 3 4 -7 -7 -7 7 0 0
0 25 93 3 4 7 7 -7 -7 0 0
0 25 94 3 4 7 -7 -7 -7 0 0
0 25 95 3 4 -7 -7 -7 -7 0 0
0 25 96 3 4 7 7 -7 -7 0 0
0 25 97 3 4 -7 -7 7 7 0 0
0 25 98 3 4 -7 -7 7 7 0 0
0 25 99 3 4 -7 7 7 -7 0 0
0 25 100 3 4 7 7 -7 7 0 0
0 25 101 3 4 7 -7 7 -7 0 0
0 25 102 3 4 7 -7 -7 -7 0 0
0 25 103 3 4 -7 7 7 -7 0 0
0 25 104 3 4 7 -7 -7 -7 0 0
0 25 105 3 4 7 -7 7 -7 0 0
0 25 106 3 4 -7 7 -7 7 0 0
0 25 107 3 4 -7 7 7 7 0 0
0 25 108 3 4 -7 -7 7 -7 0 0
0 25 109 3 4 7 7 7 -7 0 0
0 25 110 3 4 7 -7 7 -7 0 0
0 25 111 3 4 -7 -7 7 7 0 0
0 25 112 3 4 7 -7 -7 -7 0 0
0 25 113 3 4 -7 7 7 -7 0 0
0 25 114 3 4 7 7 7 -7 0 0
0 25 115 3 4 -7 7 7 -7 0 0
0 25 116 3 4 -7 7 7 7 0 0
0 25 117 3 4 -7 7 -7 7 0 0
0 25 118 3 4 -7 -7 -7 7 0 0
0 25 119 3 4 -7 -7 7 7 0 0
0 25 120 3 4 -7 -7 -7 7 0 0
0 25 121 3 4 7 -7 -7 7 0 0
0 25 122 3 4 -7 -7 7 7 0 0
0 25 123 3 4 -7 7 -7 -7 0 0
0 25 124 3 4 -7 7 7 -7 0 0
0 25 125 3 4 -7 7 7 -7 0 0
0 25 126 3 4 7 -7 7 7 0 0
0 25 127 3 4 -7 7 7 -7 0 0
0 25 128 3 4 -7 -7 7 7 0 0
0 25 129 3 4 -7 -7 -7 -7 0 0
0 25 130 3 4 7 -7 7 -7 0 0
0 25 131 3 4 7 -7 7 -7 0 0
0 25 132 3 4 -7 7 -7 7 0 0
0 25 133 3 4 7 -7 7 7 0 0
0 25 134 3 4 7 7 -7 -7 0 0
0 25 135 3 4 7 -7 7 -7 0 0
0 25 136 3 4 7 -7 -7 7 0 0
0 25 137 3 4 -7 -7 -7 -7 0 0
0 25 138 3 4 7 7 7 7 0 0
0 25 139 3 4 -7 7 -7 -7 0 0
0 25 140 3 4 -7 7 -7 -7 0 0
0 25 141 3 4 7 7 7 7 0 0
0 25 142 3 4 -7 7 7 -7 0 0
0 25 143 3 4 -7 7 7 7 0 0
0 25 144 3 4 -7 7 7 7 0 0
0 25 145 3 4 7 -7 -7 -7 0 0
0 25 146 3 4 -7 -7 7 7 0 0
0 25 147 3 4 7 -7 -7 7 0 0
0 25 148 3 4 -7 7 -7 7 0 0
0 25 149 3 4 -7 -7 7 7 0 0
0 25 150 3 4 -7 -7 -7 -7 0 0
0 25 151 3 4 7 7 -7 7 0 0
0 25 152 3 4 7 7 -7 -7 0 0
0 25 153 3 4 -7 -7 -7 -7 0 0
0 25 154 3 4 7 -7 7 7 0 0
0 25 155 3 4 7 -7 -7 -7 0 0
0 25 156 3 4 7 -7 7 7 0 0
0 25 157 3 4 -7 -7 -7 -7 0 0
0 25 158 3 4 7 7 7 -7 0 0
0 25 159 3 4 7 7 -7 -7 0 0
0 25 160 3 4 -7 7 7 -7 0 0
0 25 161 3 4 -7 7 7 7 0 0
0 25 162 3 4 -7 -7 7 7 0 0
0 25 163 3 4 7 7 -7 7 0 0
0 25 164 3 4 -7 7 -7 -7 0 0
0 25 165 3 4 7 -7 7 7 0 0
0 25 166 3 4 7 -7 7 7 0 0
0 25 167 3 4 7 7 -7 7 0 0
0 25 168 3 4 -7 -7 7 -7 0 0
0 25 169 3 4 7 -7 7 7 0 0
0 25 170 3 4 7 -7 -7 -7 0 0
0 25 171 3 4 -7 -7 -7 -7 0 0
0 25 172 3 4 7 -7 7 7 0 0
0 25 173 3 4 7 7 7 7 0 0
0 25 174 3 4 7 7 7 7 0 0
0 25 175 3 4 7 7 -7 -7 0 0
0 25 176 3 4 -7 7 7 -7 0 0
0 25 177 3 4 -7 7 7 -7 0 0
0 25 178 3 4 7 7 -7 7 0 0
0 25 179 3 4 -7 -7 -7 7 0 0
0 25 180 3 4 7 -7 7 -7 0 0
0 25 181 3 4 -7 -7 7 -7 0 0
0 25 182 3 4 -7 7 7 7 0 0
0 25 183 3 4 7 7 -7 7 0 0
0 25 184 3 4 7 7 7 7 0 0
0 25 185 3 4 -7 7 7 7 0 0
0 25 186 3 4 7 -7 7 7 0 0
0 25 187 3 4 7 -7 -7 -7 0 0
0 25 188 3 4 -7 7 7 7 0 0
0 25 189 3 4 -7 7 7 7 0 0
0 25 190 3 4 7 -7 7 -7 0 0
0 25 191 3 4 7 -7 7 -7 0 0
0 25 192 3 4 -7 7 7 7 0 0
0 25 193 3 4 -7 -7 -7 7 0 0
0 25 194 3 4 -7 -7 -7 7 0 0
0 25 195 3 4 7 7 7 7 0 0
0 25 196 3 4 -7 7 7 7 0 0
0 25 197 3 4 7 7 7 -7 0 0
0 25 198 3 4 -7 -7 -7 7 0 0
0 25 199 3 4 7 -7 7 7 0 0
0 25 200 3 4 -7 7 -7 7 0 0
0 25 201 3 4 -7 -7 7 -7 0 0
0 25 202 3 4 -7 7 7 7 0 0
0 25 203 3 4 7 7 -7 7 0 0
0 25 204 3 4 7 7 -7 -7 0 0
0 25 205 3 4 -7 -7 7 7 0 0
0 25 206 3 4 7 7 -7 -7 0 0
0 25 207 3 4 7 -7 7 7 0 0
0 25 208 3 4 7 -7 -7 -7 0 0
0 25 209 3 4 -7 7 -7 -7 0 0
0 25 210 3 4 -7 7 7 -7 0 0
0 25 211 3 4 7 7 -7 7 0 0
0 25 212 3 4 -7 7 7 -7 0 0
0 25 213 3 4 -7 -7 -7 -7 0 0
0 25 214 3 4 -7 7 7 -7 0 0
0 25 215 3 4 7 -7 7 -7 0 0
0 26 0 3 4 -7 7 -7 -7 0 0
0 26 1 3 4 7 -7 -7 7 0 0
0 26 2 3 4 7 -7 7 7 0 0
0 26 3 3 4 7 7 7 -7 0 0
0 26 4 3 4 -7 7 7 -7 0 0
0 26 5 3 4 -7 -7 -7 -7 0 0
0 26 6 3 4 7 -7 -7 7 0 0
0 26 7 3 4 -7 7 -7 -7 0 0
0 26 8 3 4 -7 7 7 -7 0 0
0 26 9 3 4 -7 -7 -7 -7 0 0
0 26 10 3 4 -7 -7 -7 7 0 0
0 26 11 3 4 -7 -7 -7 7 0 0
0 26 12 3 4 -7 7 7 -7 0 0
0 26 13 3 4 7 7 7 7 0 0
0 26 14 3 4 7 7 -7 7 0 0
0 26 15 3 4 7 7 7 7 0 0
0 26 16 3 4 -7 7 7 7 0 0
0 26 17 3 4 -7 -7 7 7 0 0
0 26 18 3 4 -7 7 -7 7 0 0
0 26 19 3 4 7 -7 -7 7 0 0
0 26 20 3 4 -7 7 7 -7 0 0
0 26 21 3 4 7 7 -7 7 0 0
0 26 22 3 4 7 7 -7 7 0 0
0 26 23 3 4 7 -7 -7 7 0 0
0 26 24 3 4 -7 7 -7 -7 0 0
0 26 25 3 4 -7 7 7 7 0 0
0 26 26 3 4 7 -7 -7 -7 0 0
0 26 27 3 4 -7 7 -7 7 0 0
0 26 28 3 4 -7 -7 -7 7 0 0
0 26 29 3 4 -7 -7 -7 7 0 0
0 26 30 3 4 7 -7 7 -7 0 0
0 26 31 3 4 -7 -7 7 -7 0 0
0 26 32 3 4 -7 7 7 7 0 0
0 26 33 3 4 7 -7 7 -7 0 0
0 26 34 3 4 -7 -7 -7 -7 0 0
0 26 35 3 4 7 7 -7 7 0 0
0 26 36 3 4 -7 7 7 -7 0 0
0 26 37 3 4 -7 -7 -7 -7 0 0
0 26 38 3 4 -7 7 7 7 0 0
0 26 39 3 4 7 7 -7 -7 0 0
0 26 40 3 4 7 7 7 7 0 0
0 26 41 3 4 7 -7 -7 7 0 0
0 26 42 3 4 -7 7 -7 7 0 0
0 26 43 3 4 -7 7 -7 -7 0 0
0 26 44 3 4 -7 -7 7 7 0 0
0 26 45 3 4 -7 7 7 7 0 0
0 26 46 3 4 -7 -7 7 7 0 0
0 26 47 3 4 -7 -7 -7 7 0 0
0 26 48 3 4 7 7 7 -7 0 0
0 26 49 3 4 -7 7 -7 7 0 0
0 26 50 3 4 -7 -7 -7 -7 0 0
0 26 51 3 4 -7 -7 -7 7 0 0
0 26 52 3 4 -7 -7 -7 7 0 0
0 26 53 3 4 7 7 -7 7 0 0
0 26 54 3 4 -7 7 -7 7 0 0
0 26 55 3 4 -7 7 -7 7 0 0
0 26 56 3 4 -7 -7 -7 -7 0 0
0 26 57 3 4 7 7 -7 7 0 0
0 26 58 3 4 -7 -7 7 7 0 0
0 26 59 3 4 7 -7 -7 -7 0 0
0 26 60 3 4 7 -7 7 7 0 0
0 26 61 3 4 -7 7 7 7 0 0
0 26 62 3 4 7 -7 -7 7 0 0
0 26 63 3 4 7 -7 7 7 0 0
0 26 64 3 4 7 7 7 -7 0 0
0 26 65 3 4 7 -7 -7 7 0 0
0 26 66 3 4 -7 7 7 -7 0 0
0 26 67 3 4 -7 -7 7 -7 0 0
0 26 68 3 4 -7 -7 7 -7 0 0
0 26 69 3 4 -7 -7 7 7 0 0
0 26 70 3 4 -7 7 -7 7 0 0
0 26 71 3 4 7 -7 7 7 0 0
0 26 72 3 4 -7 7 -7 -7 0 0
0 26 73 3 4 -7 7 -7 7 0 0
0 26 74 3 4 -7 7 -7 -7 0 0
0 26 75 3 4 -7 -7 7 -7 0 0
0 26 76 3 4 -7 7 7 7 0 0
0 26 77 3 4 7 7 7 7 0 0
0 26 78 3 4 -7 7 -7 7 0 0
0 26 79 3 4 7 7 7 -7 0 0
0 26 80 3 4 -7 7 7 7 0 0
0 26 81 3 4 -7 -7 7 7 0 0
0 26 82 3 4 7 -7 7 -7 0 0
0 26 83 3 4 -7 -7 -7 7 0 0
0 26 84 3 4 7 -7 7 -7 0 0
0 26 85 3 4 -7 -7 -7 -7 0 0
0 26 86 3 4 7 7 -7 7 0 0
0 26 87 3 4 -7 7 7 7 0 0
0 26 88 3 4 7 7 -7 -7 0 0
0 26 89 3 4 7 7 7 -7 0 0
0 26 90 3 4 7 7 -7 -7 0 0
0 26 91 3 4 7 7 7 -7 0 0
0 26 92 3 4 7 -7 -7 -7 0 0
0 26 93 3 4 7 -7 -7 -7 0 0
0 26 94 3 4 -7 7 -7 -7 0 0
0 26 95 3 4 7 -7 -7 -7 0 0
0 26 96 3 4 7 -7 7 -7 0 0
0 26 97 3 4 -7 -7 -7 -7 0 0
0 26 98 3 4 7 -7 -7 7 0 0
0 26 99 3 4 7 -7 7 -7 0 0
0 26 100 3 4 -7 7 -7 7 0 0
0 26 101 3 4 7 7 7 7 0 0
0 26 102 3 4 7 -7 7 7 0 0
0 26 103 3 4 -7 -7 -7 -7 0 0
0 26 104 3 4 7 7 -7 -7 0 0
0 26 105 3 4 7 7 7 -7 0 0
0 26 106 3 4 -7 -7 -7 7 0 0
0 26 107 3 4 7 -7 7 7 0 0
0 26 108 3 4 -7 -7 7 -7 0 0
0 26 109 3 4 -7 -7 -7 -7 0 0
0 26 110 3 4 -7 -7 7 7 0 0
0 26 111 3 4 -7 7 -7 7 0 0
0 26 112 3 4 -7 7 7 7 0 0
0 26 113 3 4 -7 7 7 7 0 0
0 26 114 3 4 7 -7 -7 7 0 0
0 26 115 3 4 7 -7 7 -7 0 0
0 26 116 3 4 -7 7 7 7 0 0
0 26 117 3 4 -7 -7 -7 -7 0 0
0 26 118 3 4 -7 7 7 -7 0 0
0 26 119 3 4 7 -7 -7 -7 0 0
0 26 120 3 4 -7 -7 7 -7 0 0
0 26 121 3 4 7 -7 7 7 0 0
0 26 122 3 4 -7 7 7 -7 0 0
0 26 123 3 4 7 -7 -7 -7 0 0
0 26 124 3 4 -7 -7 7 -7 0 0
0 26 125 3 4 7 7 -7 7 0 0
0 26 126 3 4 7 7 -7 -7 0 0
0 26 127 3 4 7 7 7 7 0 0
0 26 128 3 4 -7 7 7 7 0 0
0 26 129 3 4 -7 -7 7 -7 0 0
0 26 130 3 4 7 -7 -7 7 0 0
0 26 131 3 4 -7 7 7 -7 0 0
0 26 132 3 4 -7 -7 -7 7 0 0
0 26 133 3 4 7 7 -7 -7 0 0
0 26 134 3 4 7 -7 -7 -7 0 0
0 26 135 3 4 -7 -7 7 7 0 0
0 26 136 3 4 7 7 -7 -7 0 0
0 26 137 3 4 -7 7 7 7 0 0
0 26 138 3 4 7 7 7 7 0 0
0 26 139 3 4 7 -7 7 -7 0 0
0 26 140 3 4 -7 -7 7 7 0 0
0 26 141 3 4 7 -7 7 -7 0 0
0 26 142 3 4 7 7 7 -7 0 0
0 26 143 3 4 -7 7 -7 7 0 0
0 26 144 3 4 -7 7 7 7 0 0
0 26 145 3 4 7 -7 -7 7 0 0
0 26 146 3 4 7 -7 -7 -7 0 0
0 26 147 3 4 7 7 -7 -7 0 0
0 26 148 3 4 7 7 -7 -7 0 0
0 26 149 3 4 -7 7 -7 -7 0 0
0 26 150 3 4 7 -7 7 -7 0 0
0 26 151 3 4 7 -7 -7 7 0 0
0 26 152 3 4 -7 7 -7 7 0 0
0 26 153 3 4 7 7 -7 7 0 0
0 26 154 3 4 -7 7 7 7 0 0
0 26 155 3 4 7 7 -7 -7 0 0
0 26 156 3 4 -7 7 -7 7 0 0
0 26 157 3 4 7 7 7 -7 0 0
0 26 158 3 4 7 7 7 7 0 0
0 26 159 3 4 7 7 -7 7 0 0
0 26 160 3 4 7 -7 7 -7 0 0
0 26 161 3 4 -7 7 7 -7 0 0
0 26 162 3 4 -7 -7 7 7 0 0
0 26 163 3 4 7 -7 7 -7 0 0
0 26 164 3 4 -7 7 7 -7 0 0
0 26 165 3 4 7 7 7 7 0 0
0 26 166 3 4 7 -7 -7 7 0 0
0 26 167 3 4 -7 -7 7 -7 0 0
0 26 168 3 4 7 -7 7 -7 0 0
0 26 169 3 4 7 7 -7 -7 0 0
0 26 170 3 4 -7 -7 7 -7 0 0
0 26 171 3 4 -7 7 -7 -7 0 0
0 26 172 3 4 -7 -7 -7 7 0 0
0 26 173 3 4 -7 -7 7 -7 0 0
0 26 174 3 4 7 7 7 -7 0 0
0 26 175 3 4 -7 7 -7 7 0 0
0 26 176 3 4 -7 7 7 -7 0 0
0 26 177 3 4 -7 7 -7 -7 0 0
0 26 178 3 4 7 -7 -7 7 0 0
0 26 179 3 4 7 -7 -7 -7 0 0
0 26 180 3 4 7 7 -7 7 0 0
0 26 181 3 4 -7 7 -7 7 0 0
0 26 182 3 4 -7 7 7 7 0 0
0 26 183 3 4 7 7 -7 -7 0 0
0 26 184 3 4 7 -7 -7 7 0 0
0 26 185 3 4 -7 7 -7 7 0 0
0 26 186 3 4 7 -7 7 7 0 0
0 26 187 3 4 7 7 7 7 0 0
0 26 188 3 4 7 -7 7 -7 0 0
0 26 189 3 4 7 -7 7 -7 0 0
0 26 190 3 4 -7 -7 7 7 0 0
0 26 191 3 4 7 7 -7 -7 0 0
0 26 192 3 4 -7 7 7 -7 0 0
0 26 193 3 4 7 -7 7 7 0 0
0 26 194 3 4 7 7 -7 7 0 0
0 26 195 3 4 -7 7 -7 7 0 0
0 26 196 3 4 7 7 -7 7 0 0
0 26 197 3 4 7 7 -7 -7 0 0
0 26 198 3 4 -7 7 7 7 0 0
0 26 199 3 4 7 -7 7 7 0 0
0 26 200 3 4 7 -7 -7 -7 0 0
0 26 201 3 4 7 -7 7 -7 0 0
0 26 202 3 4 -7 -7 7 7 0 0
0 26 203 3 4 -7 7 7 -7 0 0
0 26 204 3 4 -7 7 -7 -7 0 0
0 26 205 3 4 -7 7 7 -7 0 0
0 26 206 3 4 -7 7 7 -7 0 0
0 26 207 3 4 7 -7 -7 7 0 0
0 26 208 3 4 7 7 -7 7 0 0
0 26 209 3 4 7 7 -7 7 0 0
0 26 210 3 4 7 7 -7 -7 0 0
0 26 211 3 4 -7 7 7 -7 0 0
0 26 212 3 4 7 -7 -7 -7 0 0
0 26 213 3 4 -7 -7 7 7 0 0
0 26 214 3 4 -7 -7 -7 -7 0 0
0 26 215 3 4 -7 7 7 -7 0 0
0 27 0 3 4 7 7 7 7 0 0
0 27 1 3 4 -7 -7 7 7 0 0
0 27 2 3 4 -7 7 7 -7 0 0
0 27 3 3 4 7 7 -7 -7 0 0
0 27 4 3 4 -7 7 7 7 0 0
0 27 5 3 4 -7 -7 7 7 0 0
0 27 6 3 4 7 7 -7 7 0 0
0 27 7 3 4 -7 7 -7 -7 0 0
0 27 8 3 4 7 -7 7 7 0 0
0 27 9 3 4 7 7 7 -7 0 0
0 27 10 3 4 -7 7 -7 7 0 0
0 27 11 3 4 7 -7 7 -7 0 0
0 27 12 3 4 -7 7 7 -7 0 0
0 27 13 3 4 -7 -7 -7 -7 0 0
0 27 14 3 4 -7 -7 7 7 0 0
0 27 15 3 4 -7 7 -7 7 0 0
0 27 16 3 4 7 7 -7 7 0 0
0 27 17 3 4 7 7 7 7 0 0
0 27 18 3 4 -7 7 7 -7 0 0
0 27 19 3 4 -7 7 -7 -7 0 0
0 27 20 3 4 -7 7 -7 -7 0 0
0 27 21 3 4 7 7 7 7 0 0
0 27 22 3 4 -7 -7 7 7 0 0
0 27 23 3 4 -7 -7 -7 -7 0 0
0 27 24 3 4 -7 7 7 -7 0 0
0 27 25 3 4 -7 7 -7 -7 0 0
0 27 26 3 4 -7 -7 7 7 0 0
0 27 27 3 4 7 7 -7 7 0 0
0 27 28 3 4 7 7 -7 7 0 0
0 27 29 3 4 7 7 7 7 0 0
0 27 30 3 4 -7 7 7 -7 0 0
0 27 31 3 4 7 7 -7 -7 0 0
0 27 32 3 4 -7 7 7 -7 0 0
0 27 33 3 4 -7 -7 -7 -7 0 0
0 27 34 3 4 -7 -7 7 7 0 0
0 27 35 3 4 -7 7 7 7 0 0
0 27 36 3 4 7 -7 -7 -7 0 0
0 27 37 3 4 7 7 7 -7 0 0
0 27 38 3 4 7 -7 7 -7 0 0
0 27 39 3 4 -7 -7 7 7 0 0
0 27 40 3 4 7 7 -7 7 0 0
0 27 41 3 4 7 -7 -7 -7 0 0
0 27 42 3 4 -7 7 7 -7 0 0
0 27 43 3 4 7 -7 7 -7 0 0
0 27 44 3 4 -7 7 7 7 0 0
0 27 45 3 4 -7 7 -7 -7 0 0
0 27 46 3 4 7 7 7 7 0 0
0 27 47 3 4 -7 7 -7 -7 0 0
0 27 48 3 4 7 -7 7 7 0 0
0 27 49 3 4 -7 7 7 -7 0 0
0 27 50 3 4 -7 -7 7 7 0 0
0 27 51 3 4 7 -7 7 -7 0 0
0 27 52 3 4 7 -7 7 -7 0 0
0 27 53 3 4 -7 7 7 -7 0 0
0 27 54 3 4 7 7 7 7 0 0
0 27 55 3 4 -7 7 -7 -7 0 0
0 27 56 3 4 7 -7 7 7 0 0
0 27 57 3 4 -7 7 -7 -7 0 0
0 27 58 3 4 7 7 7 7 0 0
0 27 59 3 4 -7 -7 -7 -7 0 0
0 27 60 3 4 7 -7 -7 -7 0 0
0 27 61 3 4 7 -7 7 7 0 0
0 27 62 3 4 -7 7 7 -7 0 0
0 27 63 3 4 7 7 -7 -7 0 0
0 27 64 3 4 -7 7 -7 7 0 0
0 27 65 3 4 -7 7 -7 -7 0 0
0 27 66 3 4 7 -7 -7 -7 0 0
0 27 67 3 4 7 7 -7 -7 0 0
0 27 68 3 4 -7 -7 -7 -7 0 0
0 27 69 3 4 7 -7 7 7 0 0
0 27 70 3 4 -7 -7 -7 -7 0 0
0 27 71 3 4 -7 -7 -7 -7 0 0
0 27 72 3 4 -7 7 -7 7 0 0
0 27 73 3 4 7 -7 7 7 0 0
0 27 74 3 4 7 -7 7 -7 0 0
0 27 75 3 4 7 -7 -7 -7 0 0
0 27 76 3 4 7 7 7 7 0 0
0 27 77 3 4 7 -7 7 -7 0 0
0 27 78 3 4 -7 7 -7 -7 0 0
0 27 79 3 4 7 -7 7 7 0 0
0 27 80 3 4 7 -7 7 -7 0 0
0 27 81 3 4 7 7 7 -7 0 0
0 27 82 3 4 7 -7 -7 7 0 0
0 27 83 3 4 -7 7 7 -7 0 0
0 27 84 3 4 7 -7 7 -7 0 0
0 27 85 3 4 -7 7 -7 -7 0 0
0 27 86 3 4 7 -7 -7 -7 0 0
0 27 87 3 4 7 7 -7 7 0 0
0 27 88 3 4 7 -7 -7 -7 0 0
0 27 89 3 4 -7 -7 -7 7 0 0
0 27 90 3 4 -7 -7 -7 -7 0 0
0 27 91 3 4 -7 7 -7 7 0 0
0 27 92 3 4 -7 -7 7 7 0 0
0 27 93 3 4 -7 -7 -7 7 0 0
0 27 94 3 4 7 7 -7 -7 0 0
0 27 95 3 4 -7 -7 -7 7 0 0
0 27 96 3 4 -7 7 7 -7 0 0
0 27 97 3 4 -7 -7 7 7 0 0
0 27 98 3 4 -7 -7 -7 -7 0 0
0 27 99 3 4 7 -7 7 7 0 0
0 27 100 3 4 7 -7 -7 7 0 0
0 27 101 3 4 -7 -7 7 7 0 0
0 27 102 3 4 7 -7 7 -7 0 0
0 27 103 3 4 7 7 -7 7 0 0
0 27 104 3 4 -7 -7 -7 -7 0 0
0 27 105 3 4 -7 7 -7 7 0 0
0 27 106 3 4 -7 -7 -7 7 0 0
0 27 107 3 4 7 7 -7 7 0 0
0 27 108 3 4 -7 7 -7 7 0 0
0 27 109 3 4 -7 7 -7 -7 0 0
0 27 110 3 4 -7 -7 7 -7 0 0
0 27 111 3 4 7 7 -7 -7 0 0
0 27 112 3 4 7 7 -7 -7 0 0
0 27 113 3 4 7 -7 7 -7 0 0
0 27 114 3 4 -7 7 -7 7 0 0
0 27 115 3 4 -7 -7 -7 -7 0 0
0 27 116 3 4 -7 -7 7 7 0 0
0 27 117 3 4 -7 -7 7 7 0 0
0 27 118 3 4 -7 -7 7 7 0 0
0 27 119 3 4 7 -7 -7 7 0 0
0 27 120 3 4 -7 -7 7 7 0 0
0 27 121 3 4 7 7 -7 -7 0 0
0 27 122 3 4 -7 7 7 -7 0 0
0 27 123 3 4 7 7 -7 7 0 0
0 27 124 3 4 7 -7 7 -7 0 0
0 27 125 3 4 7 7 -7 7 0 0
0 27 126 3 4 -7 -7 7 7 0 0
0 27 127 3 4 -7 -7 -7 -7 0 0
0 27 128 3 4 7 -7 7 7 0 0
0 27 129 3 4 7 7 -7 7 0 0
0 27 130 3 4 7 -7 -7 7 0 0
0 27 131 3 4 7 -7 7 7 0 0
0 27 132 3 4 -7 7 7 -7 0 0
0 27 133 3 4 7 7 7 7 0 0
0 27 134 3 4 7 7 -7 7 0 0
0 27 135 3 4 -7 -7 7 7 0 0
0 27 136 3 4 7 -7 -7 -7 0 0
0 27 137 3 4 7 -7 -7 7 0 0
0 27 138 3 4 -7 -7 7 -7 0 0
0 27 139 3 4 7 7 7 -7 0 0
0 27 140 3 4 -7 -7 -7 7 0 0
0 27 141 3 4 7 7 -7 -7 0 0
0 27 142 3 4 -7 7 7 -7 0 0
0 27 143 3 4 -7 7 -7 7 0 0
0 27 144 3 4 -7 7 -7 -7 0 0
0 27 145 3 4 -7 7 -7 7 0 0
0 27 146 3 4 -7 7 -7 7 0 0
0 27 147 3 4 -7 7 7 -7 0 0
0 27 148 3 4 -7 7 7 -7 0 0
0 27 149 3 4 7 7 7 7 0 0
0 27 150 3 4 -7 7 -7 -7 0 0
0 27 151 3 4 7 -7 -7 7 0 0
0 27 152 3 4 7 7 7 7 0 0
0 27 153 3 4 -7 -7 -7 7 0 0
0 27 154 3 4 -7 7 -7 -7 0 0
0 27 155 3 4 -7 -7 7 7 0 0
0 27 156 3 4 -7 -7 -7 -7 0 0
0 27 157 3 4 7 7 -7 -7 0 0
0 27 158 3 4 -7 7 7 -7 0 0
0 27 159 3 4 -7 7 -7 -7 0 0
0 27 160 3 4 -7 -7 7 7 0 0
0 27 161 3 4 -7 -7 -7 7 0 0
0 27 162 3 4 7 7 -7 -7 0 0
0 27 163 3 4 7 -7 7 7 0 0
0 27 164 3 4 7 7 -7 -7 0 0
0 27 165 3 4 -7 -7 -7 -7 0 0
0 27 166 3 4 -7 -7 7 -7 0 0
0 27 167 3 4 7 7 -7 7 0 0
0 27 168 3 4 -7 -7 7 -7 0 0
0 27 169 3 4 -7 -7 -7 -7 0 0
0 27 170 3 4 7 7 -7 -7 0 0
0 27 171 3 4 7 7 -7 7 0 0
0 27 172 3 4 7 7 -7 7 0 0
0 27 173 3 4 7 7 -7 -7 0 0
0 27 174 3 4 7 7 -7 7 0 0
0 27 175 3 4 7 -7 7 7 0 0
0 27 176 3 4 7 -7 7 -7 0 0
0 27 177 3 4 -7 -7 -7 7 0 0
0 27 178 3 4 -7 -7 7 7 0 0
0 27 179 3 4 -7 7 -7 7 0 0
0 27 180 3 4 7 -7 -7 7 0 0
0 27 181 3 4 7 7 -7 -7 0 0
0 27 182 3 4 7 -7 -7 7 0 0
0 27 183 3 4 7 -7 7 7 0 0
0 27 184 3 4 -7 7 7 7 0 0
0 27 185 3 4 -7 -7 -7 -7 0 0
0 27 186 3 4 7 7 -7 7 0 0
0 27 187 3 4 7 -7 -7 7 0 0
0 27 188 3 4 7 -7 -7 -7 0 0
0 27 189 3 4 7 7 -7 7 0 0
0 27 190 3 4 -7 7 7 -7 0 0
0 27 191 3 4 7 7 -7 7 0 0
0 27 192 3 4 7 -7 -7 7 0 0
0 27 193 3 4 7 7 -7 -7 0 0
0 27 194 3 4 7 -7 -7 7 0 0
0 27 195 3 4 -7 -7 7 7 0 0
0 27 196 3 4 7 7 7 7 0 0
0 27 197 3 4 7 7 7 7 0 0
0 27 198 3 4 -7 7 7 7 0 0
0 27 199 3 4 7 7 -7 7 0 0
0 27 200 3 4 7 7 -7 7 0 0
0 27 201 3 4 -7 7 -7 7 0 0
0 27 202 3 4 -7 -7 -7 -7 0 0
0 27 203 3 4 7 7 -7 -7 0 0
0 27 204 3 4 7 -7 7 7 0 0
0 27 205 3 4 7 7 7 7 0 0
0 27 206 3 4 -7 -7 7 7 0 0
0 27 207 3 4 7 -7 7 -7 0 0
0 27 208 3 4 -7 7 7 -7 0 0
0 27 209 3 4 -7 7 7 -7 0 0
0 27 210 3 4 -7 7 7 -7 0 0
0 27 211 3 4 7 7 7 7 0 0
0 27 212 3 4 7 -7 -7 7 0 0
0 27 213 3 4 7 -7 7 7 0 0
0 27 214 3 4 -7 7 7 7 0 0
0 27 215 3 4 7 -7 7 7 0 0
0 28 0 3 4 -7 7 -7 7 0 0
0 28 1 3 4 -7 -7 7 7 0 0
0 28 2 3 4 -7 -7 -7 7 0 0
0 28 3 3 4 -7 -7 -7 7 0 0
0 28 4 3 4 7 7 -7 7 0 0
0 28 5 3 4 -7 -7 -7 7 0 0
0 28 6 3 4 -7 7 -7 -7 0 0
0 28 7 3 4 7 -7 7 -7 0 0
0 28 8 3 4 7 -7 7 7 0 0
0 28 9 3 4 -7 -7 -7 7 0 0
0 28 10 3 4 -7 -7 7 -7 0 0
0 28 11 3 4 7 7 7 -7 0 0
0 28 12 3 4 7 -7 -7 7 0 0
0 28 13 3 4 -7 -7 7 7 0 0
0 28 14 3 4 7 7 -7 7 0 0
0 28 15 3 4 -7 -7 7 7 0 0
0 28 16 3 4 -7 -7 7 7 0 0
0 28 17 3 4 7 7 7 -7 0 0
0 28 18 3 4 -7 7 -7 -7 0 0
0 28 19 3 4 7 7 -7 -7 0 0
0 28 20 3 4 7 7 7 -7 0 0
0 28 21 3 4 -7 -7 7 -7 0 0
0 28 22 3 4 7 7 7 -7 0 0
0 28 23 3 4 7 -7 -7 -7 0 0
0 28 24 3 4 -7 7 7 7 0 0
0 28 25 3 4 -7 -7 7 7 0 0
0 28 26 3 4 7 -7 -7 7 0 0
0 28 27 3 4 -7 7 -7 -7 0 0
0 28 28 3 4 7 -7 -7 -7 0 0
0 28 29 3 4 -7 7 7 7 0 0
0 28 30 3 4 7 -7 -7 -7 0 0
0 28 31 3 4 7 -7 7 -7 0 0
0 28 32 3 4 7 -7 -7 -7 0 0
0 28 33 3 4 -7 -7 7 -7 0 0
0 28 34 3 4 -7 7 -7 -7 0 0
0 28 35 3 4 7 7 7 7 0 0
0 28 36 3 4 -7 7 7 7 0 0
0 28 37 3 4 -7 -7 -7 -7 0 0
0 28 38 3 4 7 -7 -7 7 0 0
0 28 39 3 4 7 -7 -7 7 0 0
0 28 40 3 4 -7 7 -7 -7 0 0
0 28 41 3 4 7 7 7 -7 0 0
0 28 42 3 4 -7 7 -7 -7 0 0
0 28 43 3 4 7 -7 -7 7 0 0
0 28 44 3 4 7 -7 -7 7 0 0
0 28 45 3 4 -7 -7 7 7 0 0
0 28 46 3 4 -7 -7 7 7 0 0
0 28 47 3 4 7 -7 7 -7 0 0
0 28 48 3 4 -7 -7 7 -7 0 0
0 28 49 3 4 -7 -7 7 -7 0 0
0 28 50 3 4 7 -7 7 7 0 0
0 28 51 3 4 -7 7 7 7 0 0
0 28 52 3 4 7 -7 -7 -7 0 0
0 28 53 3 4 -7 7 7 -7 0 0
0 28 54 3 4 -7 -7 -7 -7 0 0
0 28 55 3 4 -7 7 -7 7 0 0
0 28 56 3 4 7 7 -7 7 0 0
0 28 57 3 4 7 -7 -7 7 0 0
0 28 58 3 4 -7 7 7 -7 0 0
0 28 59 3 4 7 7 7 7 0 0
0 28 60 3 4 7 7 -7 7 0 0
0 28 61 3 4 -7 7 7 7 0 0
0 28 62 3 4 7 7 -7 7 0 0
0 28 63 3 4 7 7 -7 7 0 0
0 28 64 3 4 -7 7 -7 7 0 0
0 28 65 3 4 7 7 -7 -7 0 0
0 28 66 3 4 -7 7 7 7 0 0
0 28 67 3 4 -7 7 -7 -7 0 0
0 28 68 3 4 7 -7 7 7 0 0
0 28 69 3 4 7 -7 7 7 0 0
0 28 70 3 4 -7 7 -7 -7 0 0
0 28 71 3 4 7 -7 -7 7 0 0
0 28 72 3 4 7 -7 7 7 0 0
0 28 73 3 4 7 7 -7 -7 0 0
0 28 74 3 4 -7 -7 -7 -7 0 0
0 28 75 3 4 7 7 -7 7 0 0
0 28 76 3 4 7 -7 -7 -7 0 0
0 28 77 3 4 7 -7 7 7 0 0
0 28 78 3 4 -7 7 -7 -7 0 0
0 28 79 3 4 -7 -7 -7 -7 0 0
0 28 80 3 4 -7 -7 7 7 0 0
0 28 81 3 4 -7 -7 7 7 0 0
0 28 82 3 4 -7 7 -7 7 0 0
0 28 83 3 4 -7 7 -7 -7 0 0
0 28 84 3 4 7 -7 -7 -7 0 0
0 28 85 3 4 -7 -7 7 -7 0 0
0 28 86 3 4 -7 7 7 -7 0 0
0 28 87 3 4 7 7 -7 -7 0 0
0 28 88 3 4 -7 -7 -7 -7 0 0
0 28 89 3 4 7 -7 7 7 0 0
0 28 90 3 4 7 -7 7 -7 0 0
0 28 91 3 4 7 -7 -7 -7 0 0
0 28 92 3 4 7 -7 7 -7 0 0
0 28 93 3 4 7 7 7 -7 0 0
0 28 94 3 4 7 -7 7 -7 0 0
0 28 95 3 4 7 -7 7 7 0 0
0 28 96 3 4 -7 -7 -7 -7 0 0
0 28 97 3 4 7 -7 7 7 0 0
0 28 98 3 4 7 -7 7 7 0 0
0 28 99 3 4 -7 -7 7 -7 0 0
0 28 100 3 4 7 -7 7 -7 0 0
0 28 101 3 4 7 7 -7 -7 0 0
0 28 102 3 4 -7 -7 7 -7 0 0
0 28 103 3 4 -7 7 -7 7 0 0
0 28 104 3 4 -7 7 7 7 0 0
0 28 105 3 4 -7 7 -7 7 0 0
0 28 106 3 4 -7 -7 7 7 0 0
0 28 107 3 4 -7 -7 7 7 0 0
0 28 108 3 4 -7 7 -7 -7 0 0
0 28 109 3 4 -7 -7 7 7 0 0
0 28 110 3 4 -7 7 7 -7 0 0
0 28 111 3 4 7 -7 -7 -7 0 0
0 28 112 3 4 7 7 7 7 0 0
0 28 113 3 4 -7 7 7 7 0 0
0 28 114 3 4 -7 7 -7 7 0 0
0 28 115 3 4 -7 7 7 7 0 0
0 28 116 3 4 -7 -7 7 7 0 0
0 28 117 3 4 7 7 7 7 0 0
0 28 118 3 4 7 7 -7 -7 0 0
0 28 119 3 4 7 7 -7 7 0 0
0 28 120 3 4 7 -7 -7 7 0 0
0 28 121 3 4 -7 -7 7 -7 0 0
0 28 122 3 4 7 -7 -7 7 0 0
0 28 123 3 4 -7 7 -7 7 0 0
0 28 124 3 4 -7 -7 -7 7 0 0
0 28 125 3 4 -7 7 7 7 0 0
0 28 126 3 4 7 -7 7 -7 0 0
0 28 127 3 4 -7 -7 -7 -7 0 0
0 28 128 3 4 -7 -7 -7 -7 0 0
0 28 129 3 4 7 7 7 -7 0 0
0 28 130 3 4 -7 -7 -7 -7 0 0
0 28 131 3 4 -7 -7 -7 -7 0 0
0 28 132 3 4 -7 7 7 -7 0 0
0 28 133 3 4 -7 -7 7 -7 0 0
0 28 134 3 4 7 -7 7 -7 0 0
0 28 135 3 4 -7 -7 7 7 0 0
0 28 136 3 4 7 -7 -7 -7 0 0
0 28 137 3 4 7 -7 7 7 0 0
0 28 138 3 4 -7 -7 -7 7 0 0
0 28 139 3 4 7 7 7 7 0 0
0 28 140 3 4 7 7 -7 7 0 0
0 28 141 3 4 7 7 7 -7 0 0
0 28 142 3 4 7 7 -7 7 0 0
0 28 143 3 4 7 7 -7 7 0 0
0 28 144 3 4 -7 -7 7 -7 0 0
0 28 145 3 4 7 7 7 7 0 0
0 28 146 3 4 7 -7 7 -7 0 0
0 28 147 3 4 -7 -7 7 7 0 0
0 28 148 3 4 7 7 7 -7 0 0
0 28 149 3 4 -7 -7 -7 7 0 0
0 28 150 3 4 -7 -7 7 -7 0 0
0 28 151 3 4 7 7 -7 7 0 0
0 28 152 3 4 7 7 7 7 0 0
0 28 153 3 4 7 -7 7 -7 0 0
0 28 154 3 4 -7 -7 7 -7 0 0
0 28 155 3 4 -7 -7 -7 7 0 0
0 28 156 3 4 -7 -7 7 -7 0 0
0 28 157 3 4 -7 7 -7 7 0 0
0 28 158 3 4 7 -7 -7 -7 0 0
0 28 159 3 4 -7 7 -7 7 0 0
0 28 160 3 4 7 7 -7 7 0 0
0 28 161 3 4 -7 -7 -7 7 0 0
0 28 162 3 4 7 -7 -7 7 0 0
0 28 163 3 4 -7 7 -7 -7 0 0
0 28 164 3 4 7 7 7 -7 0 0
0 28 165 3 4 -7 -7 -7 7 0 0
0 28 166 3 4 -7 -7 7 7 0 0
0 28 167 3 4 7 7 -7 7 0 0
0 28 168 3 4 7 7 -7 -7 0 0
0 28 169 3 4 -7 7 7 7 0 0
0 28 170 3 4 -7 -7 -7 -7 0 0
0 28 171 3 4 -7 7 -7 -7 0 0
0 28 172 3 4 -7 7 -7 -7 0 0
0 28 173 3 4 -7 7 -7 -7 0 0
0 28 174 3 4 7 7 -7 -7 0 0
0 28 175 3 4 -7 -7 7 7 0 0
0 28 176 3 4 -7 -7 -7 7 0 0
0 28 177 3 4 7 -7 7 -7 0 0
0 28 178 3 4 -7 -7 7 7 0 0
0 28 179 3 4 -7 -7 -7 7 0 0
0 28 180 3 4 -7 -7 -7 7 0 0
0 28 181 3 4 7 7 7 -7 0 0
0 28 182 3 4 -7 7 7 7 0 0
0 28 183 3 4 -7 7 7 7 0 0
0 28 184 3 4 -7 7 -7 7 0 0
0 28 185 3 4 7 -7 7 7 0 0
0 28 186 3 4 -7 -7 -7 7 0 0
0 28 187 3 4 7 7 -7 -7 0 0
0 28 188 3 4 7 -7 -7 7 0 0
0 28 189 3 4 7 -7 7 7 0 0
0 28 190 3 4 -7 7 -7 -7 0 0
0 28 191 3 4 7 -7 7 7 0 0
0 28 192 3 4 7 -7 -7 7 0 0
0 28 193 3 4 7 7 -7 7 0 0
0 28 194 3 4 7 -7 -7 -7 0 0
0 28 195 3 4 7 7 7 7 0 0
0 28 196 3 4 7 7 7 7 0 0
0 28 197 3 4 -7 7 7 -7 0 0
0 28 198 3 4 7 7 -7 7 0 0
0 28 199 3 4 7 -7 -7 -7 0 0
0 28 200 3 4 -7 7 -7 7 0 0
0 28 201 3 4 -7 -7 -7 -7 0 0
0 28 202 3 4 -7 -7 7 7 0 0
0 28 203 3 4 -7 -7 7 7 0 0
0 28 204 3 4 7 -7 7 -7 0 0
0 28 205 3 4 7 -7 7 7 0 0
0 28 206 3 4 7 7 7 7 0 0
0 28 207 3 4 7 7 -7 -7 0 0
0 28 208 3 4 -7 -7 7 -7 0 0
0 28 209 3 4 -7 -7 7 -7 0 0
0 28 210 3 4 -7 -7 7 -7 0 0
0 28 211 3 4 7 7 -7 7 0 0
0 28 212 3 4 -7 7 -7 7 0 0
0 28 213 3 4 7 -7 -7 7 0 0
0 28 214 3 4 -7 7 -7 -7 0 0
0 28 215 3 4 7 7 7 -7 0 0
0 29 0 3 4 -7 -7 -7 -7 0 0
0 29 1 3 4 7 7 -7 7 0 0
0 29 2 3 4 -7 -7 7 7 0 0
0 29 3 3 4 -7 -7 -7 7 0 0
0 29 4 3 4 -7 7 -7 7 0 0
0 29 5 3 4 -7 -7 -7 7 0 0
0 29 6 3 4 -7 -7 7 7 0 0
0 29 7 3 4 7 -7 -7 -7 0 0
0 29 8 3 4 -7 7 -7 -7 0 0
0 29 9 3 4 7 7 -7 -7 0 0
0 29 10 3 4 7 7 7 7 0 0
0 29 11 3 4 7 7 -7 -7 0 0
0 29 12 3 4 -7 7 -7 7 0 0
0 29 13 3 4 -7 7 -7 7 0 0
0 29 14 3 4 -7 7 7 7 0 0
0 29 15 3 4 7 -7 -7 -7 0 0
0 29 16 3 4 -7 -7 7 7 0 0
0 29 17 3 4 -7 -7 -7 7 0 0
0 29 18 3 4 -7 -7 -7 -7 0 0
0 29 19 3 4 -7 7 -7 -7 0 0
0 29 20 3 4 7 7 7 -7 0 0
0 29 21 3 4 7 7 -7 7 0 0
0 29 22 3 4 7 -7 -7 -7 0 0
0 29 23 3 4 7 7 7 -7 0 0
0 29 24 3 4 -7 7 -7 -7 0 0
0 29 25 3 4 -7 7 7 -7 0 0
0 29 26 3 4 7 7 -7 7 0 0
0 29 27 3 4 -7 -7 7 7 0 0
0 29 28 3 4 -7 7 7 -7 0 0
0 29 29 3 4 -7 -7 -7 -7 0 0
0 29 30 3 4 -7 -7 -7 7 0 0
0 29 31 3 4 7 7 -7 -7 0 0
0 29 32 3 4 -7 -7 -7 7 0 0
0 29 33 3 4 7 -7 7 -7 0 0
0 29 34 3 4 -7 -7 7 7 0 0
0 29 35 3 4 -7 7 -7 -7 0 0
0 29 36 3 4 -7 7 7 7 0 0
0 29 37 3 4 7 7 -7 7 0 0
0 29 38 3 4 -7 -7 7 -7 0 0
0 29 39 3 4 -7 7 -7 7 0 0
0 29 40 3 4 -7 -7 -7 7 0 0
0 29 41 3 4 7 7 7 7 0 0
0 29 42 3 4 -7 -7 -7 -7 0 0
0 29 43 3 4 -7 -7 7 7 0 0
0 29 44 3 4 -7 -7 -7 7 0 0
0 29 45 3 4 -7 -7 7 -7 0 0
0 29 46 3 4 7 7 7 7 0 0
0 29 47 3 4 -7 -7 7 7 0 0
0 29 48 3 4 -7 -7 7 7 0 0
0 29 49 3 4 7 -7 7 -7 0 0
0 29 50 3 4 7 7 7 -7 0 0
0 29 51 3 4 -7 -7 7 -7 0 0
0 29 52 3 4 -7 7 7 7 0 0
0 29 53 3 4 -7 7 7 -7 0 0
0 29 54 3 4 -7 -7 7 7 0 0
0 29 55 3 4 7 -7 -7 -7 0 0
0 29 56 3 4 7 -7 7 -7 0 0
0 29 57 3 4 7 7 -7 -7 0 0
0 29 58 3 4 -7 -7 7 -7 0 0
0 29 59 3 4 -7 -7 -7 7 0 0
0 29 60 3 4 7 7 7 7 0 0
0 29 61 3 4 7 7 7 7 0 0
0 29 62 3 4 -7 -7 7 7 0 0
0 29 63 3 4 -7 7 7 7 0 0
0 29 64 3 4 7 7 -7 -7 0 0
0 29 65 3 4 -7 7 -7 7 0 0
0 29 66 3 4 -7 7 7 -7 0 0
0 29 67 3 4 -7 7 7 7 0 0
0 29 68 3 4 -7 7 -7 7 0 0
0 29 69 3 4 -7 7 7 7 0 0
0 29 70 3 4 -7 -7 -7 7 0 0
0 29 71 3 4 7 -7 7 7 0 0
0 29 72 3 4 7 7 -7 -7 0 0
0 29 73 3 4 7 7 7 7 0 0
0 29 74 3 4 -7 7 -7 7 0 0
0 29 75 3 4 7 -7 7 7 0 0
0 29 76 3 4 7 -7 7 7 0 0
0 29 77 3 4 -7 7 7 7 0 0
0 29 78 3 4 -7 -7 -7 -7 0 0
0 29 79 3 4 7 7 7 7 0 0
0 29 80 3 4 7 -7 7 -7 0 0
0 29 81 3 4 -7 -7 -7 7 0 0
0 29 82 3 4 -7 -7 -7 7 0 0
0 29 83 3 4 -7 7 -7 -7 0 0
0 29 84 3 4 -7 -7 -7 7 0 0
0 29 85 3 4 -7 7 -7 7 0 0
0 29 86 3 4 7 7 -7 7 0 0
0 29 87 3 4 -7 -7 -7 7 0 0
0 29 88 3 4 -7 -7 -7 -7 0 0
0 29 89 3 4 -7 -7 7 -7 0 0
0 29 90 3 4 7 -7 7 7 0 0
0 29 91 3 4 7 7 -7 -7 0 0
0 29 92 3 4 7 -7 7 7 0 0
0 29 93 3 4 7 -7 -7 7 0 0
0 29 94 3 4 -7 -7 -7 -7 0 0
0 29 95 3 4 -7 -7 7 -7 0 0
0 29 96 3 4 7 -7 -7 7 0 0
0 29 97 3 4 7 7 7 -7 0 0
0 29 98 3 4 -7 -7 -7 -7 0 0
0 29 99 3 4 7 -7 -7 -7 0 0
0 29 100 3 4 -7 7 -7 7 0 0
0 29 101 3 4 -7 -7 -7 7 0 0
0 29 102 3 4 -7 7 7 -7 0 0
0 29 103 3 4 7 -7 -7 7 0 0
0 29 104 3 4 7 -7 -7 7 0 0
0 29 105 3 4 7 -7 7 7 0 0
0 29 106 3 4 7 7 -7 7 0 0
0 29 107 3 4 7 7 7 7 0 0
0 29 108 3 4 7 7 -7 7 0 0
0 29 109 3 4 7 7 7 -7 0 0
0 29 110 3 4 7 -7 7 -7 0 0
0 29 111 3 4 7 -7 7 7 0 0
0 29 112 3 4 7 7 -7 7 0 0
0 29 113 3 4 7 -7 7 -7 0 0
0 29 114 3 4 7 -7 -7 7 0 0
0 29 115 3 4 7 7 7 7 0 0
0 29 116 3 4 -7 7 -7 -7 0 0
0 29 117 3 4 -7 -7 -7 7 0 0
0 29 118 3 4 7 -7 7 -7 0 0
0 29 119 3 4 7 -7 7 7 0 0
0 29 120 3 4 -7 -7 7 -7 0 0
0 29 121 3 4 -7 -7 7 7 0 0
0 29 122 3 4 -7 -7 -7 7 0 0
0 29 123 3 4 -7 -7 -7 -7 0 0
0 29 124 3 4 -7 7 7 7 0 0
0 29 125 3 4 -7 7 -7 7 0 0
0 29 126 3 4 7 -7 7 7 0 0
0 29 127 3 4 -7 7 7 -7 0 0
0 29 128 3 4 -7 -7 -7 -7 0 0
0 29 129 3 4 7 7 7 -7 0 0
0 29 130 3 4 -7 7 -7 7 0 0
0 29 131 3 4 -7 -7 -7 -7 0 0
0 29 132 3 4 -7 -7 -7 7 0 0
0 29 133 3 4 7 -7 7 -7 0 0
0 29 134 3 4 -7 7 7 -7 0 0
0 29 135 3 4 -7 7 -7 7 0 0
0 29 136 3 4 7 -7 -7 -7 0 0
0 29 137 3 4 -7 7 7 7 0 0
0 29 138 3 4 7 -7 -7 -7 0 0
0 29 139 3 4 -7 7 -7 -7 0 0
0 29 140 3 4 7 7 7 -7 0 0
0 29 141 3 4 -7 7 7 -7 0 0
0 29 142 3 4 7 -7 7 -7 0 0
0 29 143 3 4 -7 -7 7 7 0 0
0 29 144 3 4 -7 -7 7 -7 0 0
0 29 145 3 4 7 7 -7 -7 0 0
0 29 146 3 4 -7 7 -7 -7 0 0
0 29 147 3 4 7 -7 -7 7 0 0
0 29 148 3 4 -7 -7 -7 7 0 0
0 29 149 3 4 -7 -7 7 -7 0 0
0 29 150 3 4 7 7 -7 -7 0 0
0 29 151 3 4 -7 -7 -7 -7 0 0
0 29 152 3 4 7 -7 7 -7 0 0
0 29 153 3 4 -7 7 7 7 0 0
0 29 154 3 4 7 7 7 7 0 0
0 29 155 3 4 7 -7 -7 7 0 0
0 29 156 3 4 -7 7 7 -7 0 0
0 29 157 3 4 -7 7 -7 -7 0 0
0 29 158 3 4 -7 7 7 7 0 0
0 29 159 3 4 7 -7 -7 7 0 0
0 29 160 3 4 -7 -7 -7 -7 0 0
0 29 161 3 4 -7 7 -7 7 0 0
0 29 162 3 4 7 -7 -7 7 0 0
0 29 163 3 4 -7 -7 -7 7 0 0
0 29 164 3 4 -7 -7 7 -7 0 0
0 29 165 3 4 7 -7 7 7 0 0
0 29 166 3 4 7 7 -7 -7 0 0
0 29 167 3 4 -7 7 7 7 0 0
0 29 168 3 4 -7 -7 7 7 0 0
0 29 169 3 4 -7 -7 -7 -7 0 0
0 29 170 3 4 -7 -7 7 -7 0 0
0 29 171 3 4 -7 -7 7 7 0 0
0 29 172 3 4 -7 -7 -7 7 0 0
0 29 173 3 4 7 -7 -7 -7 0 0
0 29 174 3 4 7 -7 7 7 0 0
0 29 175 3 4 7 -7 -7 -7 0 0
0 29 176 3 4 7 7 7 7 0 0
0 29 177 3 4 -7 7 -7 -7 0 0
0 29 178 3 4 -7 -7 -7 7 0 0
0 29 179 3 4 -7 -7 -7 -7 0 0
0 29 180 3 4 -7 -7 7 -7 0 0
0 29 181 3 4 7 7 7 7 0 0
0 29 182 3 4 -7 7 7 7 0 0
0 29 183 3 4 -7 -7 -7 7 0 0
0 29 184 3 4 -7 -7 -7 7 0 0
0 29 185 3 4 -7 -7 7 7 0 0
0 29 186 3 4 7 -7 -7 -7 0 0
0 29 187 3 4 7 -7 -7 -7 0 0
0 29 188 3 4 7 7 7 7 0 0
0 29 189 3 4 -7 7 -7 -7 0 0
0 29 190 3 4 -7 -7 7 -7 0 0
0 29 191 3 4 7 -7 -7 7 0 0
0 29 192 3 4 7 7 -7 7 0 0
0 29 193 3 4 7 -7 7 -7 0 0
0 29 194 3 4 7 7 7 -7 0 0
0 29 195 3 4 -7 7 7 7 0 0
0 29 196 3 4 -7 7 -7 -7 0 0
0 29 197 3 4 -7 7 -7 -7 0 0
0 29 198 3 4 -7 7 -7 -7 0 0
0 29 199 3 4 7 -7 7 -7 0 0
0 29 200 3 4 7 -7 7 7 0 0
0 29 201 3 4 7 -7 7 7 0 0
0 29 202 3 4 -7 7 -7 -7 0 0
0 29 203 3 4 7 -7 -7 -7 0 0
0 29 204 3 4 -7 7 7 7 0 0
0 29 205 3 4 7 -7 -7 -7 0 0
0 29 206 3 4 -7 -7 -7 7 0 0
0 29 207 3 4 -7 -7 -7 -7 0 0
0 29 208 3 4 7 -7 -7 7 0 0
0 29 209 3 4 -7 7 -7 7 0 0
0 29 210 3 4 -7 -7 -7 7 0 0
0 29 211 3 4 7 7 -7 7 0 0
0 29 212 3 4 7 -7 7 -7 0 0
0 29 213 3 4 -7 7 7 7 0 0
0 29 214 3 4 7 7 7 -7 0 0
0 29 215 3 4 -7 7 -7 7 0 0
0 30 0 3 4 7 -7 7 7 0 0
0 30 1 3 4 -7 7 7 7 0 0
0 30 2 3 4 7 -7 7 -7 0 0
0 30 3 3 4 -7 -7 -7 -7 0 0
0 30 4 3 4 7 7 7 7 0 0
0 30 5 3 4 7 7 7 -7 0 0
0 30 6 3 4 7 -7 -7 -7 0 0
0 30 7 3 4 7 -7 7 7 0 0
0 30 8 3 4 -7 -7 7 -7 0 0
0 30 9 3 4 -7 -7 -7 7 0 0
0 30 10 3 4 -7 -7 7 -7 0 0
0 30 11 3 4 -7 -7 7 7 0 0
0 30 12 3 4 7 7 7 -7 0 0
0 30 13 3 4 -7 7 -7 -7 0 0
0 30 14 3 4 7 -7 -7 -7 0 0
0 30 15 3 4 -7 -7 7 -7 0 0
0 30 16 3 4 7 7 -7 -7 0 0
0 30 17 3 4 -7 -7 -7 7 0 0
0 30 18 3 4 7 7 7 -7 0 0
0 30 19 3 4 7 -7 7 7 0 0
0 30 20 3 4 -7 7 7 -7 0 0
0 30 21 3 4 -7 7 -7 7 0 0
0 30 22 3 4 -7 7 7 -7 0 0
0 30 23 3 4 7 7 -7 7 0 0
0 30 24 3 4 -7 7 7 -7 0 0
0 30 25 3 4 -7 7 -7 -7 0 0
0 30 26 3 4 -7 -7 7 7 0 0
0 30 27 3 4 -7 7 -7 -7 0 0
0 30 28 3 4 7 7 7 7 0 0
0 30 29 3 4 7 -7 7 -7 0 0
0 30 30 3 4 -7 -7 -7 7 0 0
0 30 31 3 4 7 -7 -7 7 0 0
0 30 32 3 4 -7 7 7 -7 0 0
0 30 33 3 4 -7 -7 -7 7 0 0
0 30 34 3 4 7 -7 7 7 0 0
0 30 35 3 4 7 -7 7 7 0 0
0 30 36 3 4 -7 7 7 -7 0 0
0 30 37 3 4 -7 7 7 7 0 0
0 30 38 3 4 -7 -7 -7 7 0 0
0 30 39 3 4 -7 7 -7 7 0 0
0 30 40 3 4 7 7 7 -7 0 0
0 30 41 3 4 -7 7 -7 -7 0 0
0 30 42 3 4 -7 -7 -7 7 0 0
0 30 43 3 4 7 -7 7 -7 0 0
0 30 44 3 4 7 -7 -7 -7 0 0
0 30 45 3 4 -7 -7 -7 -7 0 0
0 30 46 3 4 7 7 7 -7 0 0
0 30 47 3 4 7 -7 7 7 0 0
0 30 48 3 4 -7 7 -7 -7 0 0
0 30 49 3 4 7 -7 -7 7 0 0
0 30 50 3 4 7 7 7 -7 0 0
0 30 51 3 4 7 -7 -7 7 0 0
0 30 52 3 4 -7 7 7 7 0 0
0 30 53 3 4 -7 -7 -7 -7 0 0
0 30 54 3 4 -7 -7 7 -7 0 0
0 30 55 3 4 7 7 -7 -7 0 0
0 30 56 3 4 7 7 -7 -7 0 0
0 30 57 3 4 7 7 -7 -7 0 0
0 30 58 3 4 7 7 7 7 0 0
0 30 59 3 4 7 -7 7 -7 0 0
0 30 60 3 4 -7 7 -7 7 0 0
0 30 61 3 4 7 -7 -7 7 0 0
0 30 62 3 4 -7 -7 7 7 0 0
0 30 63 3 4 -7 -7 7 -7 0 0
0 30 64 3 4 7 -7 7 -7 0 0
0 30 65 3 4 7 7 7 7 0 0
0 30 66 3 4 7 7 7 -7 0 0
0 30 67 3 4 -7 7 -7 -7 0 0
0 30 68 3 4 7 -7 7 -7 0 0
0 30 69 3 4 7 7 7 -7 0 0
0 30 70 3 4 -7 7 -7 -7 0 0
0 30 71 3 4 7 -7 7 -7 0 0
0 30 72 3 4 7 7 -7 7 0 0
0 30 73 3 4 7 7 -7 -7 0 0
0 30 74 3 4 -7 7 7 -7 0 0
0 30 75 3 4 7 7 -7 7 0 0
0 30 76 3 4 7 7 -7 -7 0 0
0 30 77 3 4 7 -7 7 -7 0 0
0 30 78 3 4 -7 7 7 7 0 0
0 30 79 3 4 -7 7 -7 -7 0 0
0 30 80 3 4 -7 -7 -7 -7 0 0
0 30 81 3 4 7 7 7 7 0 0
0 30 82 3 4 -7 7 -7 7 0 0
0 30 83 3 4 7 -7 -7 7 0 0
0 30 84 3 4 -7 -7 7 -7 0 0
0 30 85 3 4 -7 -7 7 7 0 0
0 30 86 3 4 -7 -7 7 -7 0 0
0 30 87 3 4 -7 -7 -7 7 0 0
0 30 88 3 4 -7 7 -7 7 0 0
0 30 89 3 4 -7 -7 7 7 0 0
0 30 90 3 4 7 -7 -7 -7 0 0
0 30 91 3 4 -7 -7 7 -7 0 0
0 30 92 3 4 -7 7 -7 7 0 0
0 30 93 3 4 7 -7 7 -7 0 0
0 30 94 3 4 7 7 7 -7 0 0
0 30 95 3 4 -7 7 7 7 0 0
0 30 96 3 4 7 7 7 -7 0 0
0 30 97 3 4 7 7 7 -7 0 0
0 30 98 3 4 -7 7 -7 7 0 0
0 30 99 3 4 7 -7 7 -7 0 0
0 30 100 3 4 -7 -7 7 -7 0 0
0 30 101 3 4 7 7 -7 7 0 0
0 30 102 3 4 7 7 -7 7 0 0
0 30 103 3 4 7 7 7 -7 0 0
0 30 104 3 4 7 -7 -7 7 0 0
0 30 105 3 4 -7 7 7 7 0 0
0 30 106 3 4 -7 7 -7 7 0 0
0 30 107 3 4 7 7 -7 7 0 0
0 30 108 3 4 7 7 7 -7 0 0
0 30 109 3 4 7 -7 7 -7 0 0
0 30 110 3 4 7 -7 -7 -7 0 0
0 30 111 3 4 -7 7 7 -7 0 0
0 30 112 3 4 7 -7 -7 -7 0 0
0 30 113 3 4 -7 -7 -7 7 0 0
0 30 114 3 4 7 7 7 -7 0 0
0 30 115 3 4 -7 7 -7 -7 0 0
0 30 116 3 4 -7 7 7 -7 0 0
0 30 117 3 4 -7 7 7 7 0 0
0 30 118 3 4 -7 7 -7 -7 0 0
0 30 119 3 4 -7 7 7 -7 0 0
0 30 120 3 4 7 7 -7 7 0 0
0 30 121 3 4 -7 7 7 7 0 0
0 30 122 3 4 7 7 -7 -7 0 0
0 30 123 3 4 -7 -7 7 7 0 0
0 30 124 3 4 7 7 -7 7 0 0
0 30 125 3 4 7 7 7 7 0 0
0 30 126 3 4 7 7 -7 -7 0 0
0 30 127 3 4 7 7 -7 -7 0 0
0 30 128 3 4 7 -7 -7 -7 0 0
0 30 129 3 4 -7 -7 -7 7 0 0
0 30 130 3 4 7 -7 7 -7 0 0
0 30 131 3 4 -7 -7 -7 -7 0 0
0 30 132 3 4 7 7 -7 7 0 0
0 30 133 3 4 -7 7 7 7 0 0
0 30 134 3 4 -7 7 7 -7 0 0
0 30 135 3 4 7 -7 7 -7 0 0
0 30 136 3 4 -7 7 -7 -7 0 0
0 30 137 3 4 7 7 7 -7 0 0
0 30 138 3 4 -7 7 -7 7 0 0
0 30 139 3 4 7 -7 -7 -7 0 0
0 30 140 3 4 7 -7 7 -7 0 0
0 30 141 3 4 7 7 7 7 0 0
0 30 142 3 4 -7 7 -7 -7 0 0
0 30 143 3 4 7 7 7 -7 0 0
0 30 144 3 4 7 7 -7 -7 0 0
0 30 145 3 4 -7 7 7 7 0 0
0 30 146 3 4 -7 7 -7 -7 0 0
0 30 147 3 4 -7 -7 7 7 0 0
0 30 148 3 4 7 7 7 7 0 0
0 30 149 3 4 7 -7 7 7 0 0
0 30 150 3 4 -7 7 -7 7 0 0
0 30 151 3 4 7 -7 -7 7 0 0
0 30 152 3 4 -7 7 7 7 0 0
0 30 153 3 4 -7 -7 -7 -7 0 0
0 30 154 3 4 7 7 7 7 0 0
0 30 155 3 4 -7 -7 -7 7 0 0
0 30 156 3 4 7 -7 7 -7 0 0
0 30 157 3 4 7 -7 7 7 0 0
0 30 158 3 4 -7 7 7 -7 0 0
0 30 159 3 4 -7 7 -7 7 0 0
0 30 160 3 4 7 7 -7 7 0 0
0 30 161 3 4 7 -7 -7 7 0 0
0 30 162 3 4 -7 7 -7 7 0 0
0 30 163 3 4 7 7 7 -7 0 0
0 30 164 3 4 -7 -7 -7 -7 0 0
0 30 165 3 4 -7 -7 7 -7 0 0
0 30 166 3 4 -7 7 -7 -7 0 0
0 30 167 3 4 7 -7 -7 -7 0 0
0 30 168 3 4 7 -7 -7 7 0 0
0 30 169 3 4 -7 7 7 7 0 0
0 30 170 3 4 7 7 -7 7 0 0
0 30 171 3 4 -7 7 -7 7 0 0
0 30 172 3 4 -7 7 7 7 0 0
0 30 173 3 4 -7 7 -7 7 0 0
0 30 174 3 4 7 -7 7 7 0 0
0 30 175 3 4 7 -7 7 7 0 0
0 30 176 3 4 -7 -7 7 -7 0 0
0 30 177 3 4 7 7 -7 7 0 0
0 30 178 3 4 -7 -7 7 -7 0 0
0 30 179 3 4 -7 -7 -7 7 0 0
0 30 180 3 4 7 -7 -7 7 0 0
0 30 181 3 4 -7 -7 -7 7 0 0
0 30 182 3 4 7 -7 -7 7 0 0
0 30 183 3 4 7 7 7 -7 0 0
0 30 184 3 4 7 -7 7 7 0 0
0 30 185 3 4 7 -7 -7 -7 0 0
0 30 186 3 4 -7 7 7 -7 0 0
0 30 187 3 4 7 -7 -7 7 0 0
0 30 188 3 4 -7 -7 7 -7 0 0
0 30 189 3 4 -7 -7 -7 -7 0 0
0 30 190 3 4 -7 -7 -7 7 0 0
0 30 191 3 4 -7 -7 -7 -7 0 0
0 30 192 3 4 -7 -7 7 -7 0 0
0 30 193 3 4 -7 -7 7 7 0 0
0 30 194 3 4 7 7 -7 7 0 0
0 30 195 3 4 7 -7 7 7 0 0
0 30 196 3 4 -7 -7 -7 -7 0 0
0 30 197 3 4 7 7 -7 -7 0 0
0 30 198 3 4 7 7 7 7 0 0
0 30 199 3 4 7 7 7 -7 0 0
0 30 200 3 4 7 7 7 7 0 0
0 30 201 3 4 7 7 -7 7 0 0
0 30 202 3 4 7 -7 -7 -7 0 0
0 30 203 3 4 7 7 -7 7 0 0
0 30 204 3 4 -7 7 7 -7 0 0
0 30 205 3 4 7 7 7 -7 0 0
0 30 206 3 4 -7 -7 -7 -7 0 0
0 30 207 3 4 7 7 -7 -7 0 0
0 30 208 3 4 -7 7 -7 -7 0 0
0 30 209 3 4 -7 7 7 -7 0 0
0 30 210 3 4 -7 7 -7 7 0 0
0 30 211 3 4 7 -7 7 7 0 0
0 30 212 3 4 7 -7 7 7 0 0
0 30 213 3 4 -7 -7 7 7 0 0
0 30 214 3 4 7 7 7 7 0 0
0 30 215 3 4 -7 7 7 7 0 0
0 31 0 3 4 -7 -7 7 -7 0 0
0 31 1 3 4 -7 -7 7 7 0 0
0 31 2 3 4 -7 7 7 7 0 0
0 31 3 3 4 7 -7 7 -7 0 0
0 31 4 3 4 7 7 -7 7 0 0
0 31 5 3 4 -7 7 -7 7 0 0
0 31 6 3 4 7 7 -7 7 0 0
0 31 7 3 4 -7 7 -7 -7 0 0
0 31 8 3 4 7 7 7 -7 0 0
0 31 9 3 4 7 7 7 7 0 0
0 31 10 3 4 -7 7 7 7 0 0
0 31 11 3 4 -7 -7 -7 -7 0 0
0 31 12 3 4 7 -7 7 -7 0 0
0 31 13 3 4 7 -7 -7 7 0 0
0 31 14 3 4 7 7 -7 7 0 0
0 31 15 3 4 -7 -7 -7 -7 0 0
0 31 16 3 4 -7 7 7 -7 0 0
0 31 17 3 4 -7 7 7 7 0 0
0 31 18 3 4 -7 -7 7 7 0 0
0 31 19 3 4 -7 -7 -7 7 0 0
0 31 20 3 4 7 7 -7 7 0 0
0 31 21 3 4 7 -7 -7 7 0 0
0 31 22 3 4 7 7 -7 7 0 0
0 31 23 3 4 7 -7 -7 -7 0 0
0 31 24 3 4 -7 -7 7 7 0 0
0 31 25 3 4 -7 7 -7 -7 0 0
0 31 26 3 4 7 -7 7 7 0 0
0 31 27 3 4 7 7 7 -7 0 0
0 31 28 3 4 -7 7 7 -7 0 0
0 31 29 3 4 -7 7 7 7 0 0
0 31 30 3 4 -7 7 7 7 0 0
0 31 31 3 4 7 7 -7 -7 0 0
0 31 32 3 4 7 7 7 -7 0 0
0 31 33 3 4 7 -7 -7 7 0 0
0 31 34 3 4 7 -7 -7 -7 0 0
0 31 35 3 4 7 7 -7 7 0 0
0 31 36 3 4 -7 7 7 7 0 0
0 31 37 3 4 7 -7 -7 7 0 0
0 31 38 3 4 -7 -7 -7 7 0 0
0 31 39 3 4 7 -7 -7 -7 0 0
0 31 40 3 4 7 -7 7 -7 0 0
0 31 41 3 4 7 -7 7 -7 0 0
0 31 42 3 4 7 -7 7 -7 0 0
0 31 43 3 4 7 -7 7 7 0 0
0 31 44 3 4 7 7 -7 7 0 0
0 31 45 3 4 -7 7 -7 7 0 0
0 31 46 3 4 7 -7 -7 -7 0 0
0 31 47 3 4 7 7 -7 -7 0 0
0 31 48 3 4 -7 7 7 -7 0 0
0 31 49 3 4 7 7 -7 7 0 0
0 31 50 3 4 -7 -7 -7 -7 0 0
0 31 51 3 4 7 -7 -7 -7 0 0
0 31 52 3 4 -7 -7 -7 7 0 0
0 31 53 3 4 -7 -7 -7 7 0 0
0 31 54 3 4 -7 7 -7 7 0 0
0 31 55 3 4 -7 -7 7 7 0 0
0 31 56 3 4 -7 7 -7 -7 0 0
0 31 57 3 4 -7 -7 7 7 0 0
0 31 58 3 4 7 7 -7 7 0 0
0 31 59 3 4 7 7 -7 -7 0 0
0 31 60 3 4 -7 -7 -7 -7 0 0
0 31 61 3 4 7 7 -7 -7 0 0
0 31 62 3 4 7 -7 7 7 0 0
0 31 63 3 4 7 7 -7 -7 0 0
0 31 64 3 4 7 -7 -7 7 0 0
0 31 65 3 4 7 -7 -7 -7 0 0
0 31 66 3 4 7 -7 7 7 0 0
0 31 67 3 4 7 7 -7 -7 0 0
0 31 68 3 4 7 7 -7 7 0 0
0 31 69 3 4 7 7 -7 7 0 0
0 31 70 3 4 -7 -7 -7 -7 0 0
0 31 71 3 4 7 -7 7 -7 0 0
0 31 72 3 4 7 -7 -7 7 0 0
0 31 73 3 4 7 -7 7 7 0 0
0 31 74 3 4 7 -7 -7 -7 0 0
0 31 75 3 4 -7 7 -7 -7 0 0
0 31 76 3 4 -7 -7 -7 -7 0 0
0 31 77 3 4 7 7 7 7 0 0
0 31 78 3 4 7 7 -7 -7 0 0
0 31 79 3 4 -7 -7 -7 7 0 0
0 31 80 3 4 -7 7 -7 7 0 0
0 31 81 3 4 -7 -7 -7 7 0 0
0 31 82 3 4 -7 7 7 7 0 0
0 31 83 3 4 -7 7 7 -7 0 0
0 31 84 3 4 7 7 -7 7 0 0
0 31 85 3 4 7 7 -7 -7 0 0
0 31 86 3 4 -7 7 -7 -7 0 0
0 31 87 3 4 7 7 7 7 0 0
0 31 88 3 4 7 -7 -7 -7 0 0
0 31 89 3 4 -7 -7 7 -7 0 0
0 31 90 3 4 7 -7 7 7 0 0
0 31 91 3 4 -7 -7 -7 7 0 0
0 31 92 3 4 7 7 -7 7 0 0
0 31 93 3 4 7 7 -7 -7 0 0
0 31 94 3 4 -7 -7 7 7 0 0
0 31 95 3 4 -7 7 7 -7 0 0
0 31 96 3 4 -7 7 7 7 0 0
0 31 97 3 4 -7 -7 7 7 0 0
0 31 98 3 4 7 7 7 -7 0 0
0 31 99 3 4 7 7 -7 -7 0 0
0 31 100 3 4 -7 -7 7 -7 0 0
0 31 101 3 4 -7 -7 7 -7 0 0
0 31 102 3 4 -7 -7 7 -7 0 0
0 31 103 3 4 -7 7 -7 -7 0 0
0 31 104 3 4 7 -7 -7 7 0 0
0 31 105 3 4 7 -7 7 7 0 0
0 31 106 3 4 7 7 -7 -7 0 0
0 31 107 3 4 7 -7 7 -7 0 0
0 31 108 3 4 7 -7 -7 -7 0 0
0 31 109 3 4 7 7 -7 -7 0 0
0 31 110 3 4 7 -7 7 -7 0 0
0 31 111 3 4 7 -7 -7 -7 0 0
0 31 112 3 4 7 7 -7 -7 0 0
0 31 113 3 4 -7 7 7 -7 0 0
0 31 114 3 4 7 7 7 -7 0 0
0 31 115 3 4 -7 7 7 -7 0 0
0 31 116 3 4 7 -7 -7 -7 0 0
0 31 117 3 4 -7 -7 -7 7 0 0
0 31 118 3 4 7 7 7 7 0 0
0 31 119 3 4 7 -7 -7 -7 0 0
0 31 120 3 4 7 -7 7 7 0 0
0 31 121 3 4 -7 -7 7 -7 0 0
0 31 122 3 4 -7 -7 -7 -7 0 0
0 31 123 3 4 7 -7 7 -7 0 0
0 31 124 3 4 7 -7 7 -7 0 0
0 31 125 3 4 7 7 -7 -7 0 0
0 31 126 3 4 -7 -7 7 7 0 0
0 31 127 3 4 -7 -7 7 7 0 0
0 31 128 3 4 -7 -7 -7 -7 0 0
0 31 129 3 4 -7 7 -7 7 0 0
0 31 130 3 4 -7 7 7 -7 0 0
0 31 131 3 4 7 -7 -7 7 0 0
0 31 132 3 4 -7 7 7 7 0 0
0 31 133 3 4 7 -7 -7 7 0 0
0 31 134 3 4 -7 7 -7 7 0 0
0 31 135 3 4 -7 7 -7 7 0 0
0 31 136 3 4 7 7 7 7 0 0
0 31 137 3 4 -7 -7 -7 -7 0 0
0 31 138 3 4 -7 -7 -7 7 0 0
0 31 139 3 4 -7 -7 -7 -7 0 0
0 31 140 3 4 7 -7 -7 -7 0 0
0 31 141 3 4 7 7 7 7 0 0
0 31 142 3 4 7 -7 -7 7 0 0
0 31 143 3 4 -7 7 -7 -7 0 0
0 31 144 3 4 7 7 7 7 0 0
0 31 145 3 4 -7 -7 7 7 0 0
0 31 146 3 4 7 7 -7 -7 0 0
0 31 147 3 4 -7 -7 7 7 0 0
0 31 148 3 4 -7 -7 7 7 0 0
0 31 149 3 4 -7 7 -7 7 0 0
0 31 150 3 4 7 -7 7 7 0 0
0 31 151 3 4 -7 7 7 -7 0 0
0 31 152 3 4 7 -7 7 7 0 0
0 31 153 3 4 7 7 7 7 0 0
0 31 154 3 4 -7 -7 -7 7 0 0
0 31 155 3 4 -7 -7 -7 7 0 0
0 31 156 3 4 7 -7 -7 -7 0 0
0 31 157 3 4 -7 -7 7 -7 0 0
0 31 158 3 4 7 -7 -7 7 0 0
0 31 159 3 4 -7 -7 7 -7 0 0
0 31 160 3 4 -7 -7 -7 7 0 0
0 31 161 3 4 7 -7 -7 -7 0 0
0 31 162 3 4 7 7 7 -7 0 0
0 31 163 3 4 7 -7 -7 7 0 0
0 31 164 3 4 -7 7 -7 -7 0 0
0 31 165 3 4 -7 7 -7 7 0 0
0 31 166 3 4 7 7 7 7 0 0
0 31 167 3 4 7 -7 7 7 0 0
0 31 168 3 4 7 -7 -7 7 0 0
0 31 169 3 4 -7 7 -7 7 0 0
0 31 170 3 4 -7 -7 7 7 0 0
0 31 171 3 4 -7 7 7 7 0 0
0 31 172 3 4 -7 -7 -7 7 0 0
0 31 173 3 4 -7 7 7 -7 0 0
0 31 174 3 4 -7 -7 7 -7 0 0
0 31 175 3 4 7 7 -7 7 0 0
0 31 176 3 4 -7 -7 7 -7 0 0
0 31 177 3 4 -7 -7 7 7 0 0
0 31 178 3 4 7 -7 7 -7 0 0
0 31 179 3 4 -7 7 -7 -7 0 0
0 31 180 3 4 -7 -7 7 7 0 0
0 31 181 3 4 7 -7 7 7 0 0
0 31 182 3 4 7 7 7 -7 0 0
0 31 183 3 4 7 -7 -7 7 0 0
0 31 184 3 4 -7 7 -7 7 0 0
0 31 185 3 4 -7 -7 7 -7 0 0
0 31 186 3 4 7 7 -7 7 0 0
0 31 187 3 4 -7 -7 7 -7 0 0
0 31 188 3 4 7 -7 -7 7 0 0
0 31 189 3 4 7 7 -7 -7 0 0
0 31 190 3 4 7 -7 -7 -7 0 0
0 31 191 3 4 7 7 7 -7 0 0
0 31 192 3 4 -7 -7 -7 7 0 0
0 31 193 3 4 7 7 7 -7 0 0
0 31 194 3 4 -7 7 7 -7 0 0
0 31 195 3 4 7 -7 7 7 0 0
0 31 196 3 4 7 -7 7 7 0 0
0 31 197 3 4 7 7 7 -7 0 0
0 31 198 3 4 7 -7 7 7 0 0
0 31 199 3 4 -7 -7 -7 7 0 0
0 31 200 3 4 7 7 -7 7 0 0
0 31 201 3 4 7 7 7 -7 0 0
0 31 202 3 4 7 -7 -7 7 0 0
0 31 203 3 4 7 7 -7 7 0 0
0 31 204 3 4 -7 7 -7 7 0 0
0 31 205 3 4 7 -7 -7 7 0 0
0 31 206 3 4 7 7 -7 7 0 0
0 31 207 3 4 7 -7 -7 -7 0 0
0 31 208 3 4 -7 7 -7 7 0 0
0 31 209 3 4 7 7 -7 -7 0 0
0 31 210 3 4 7 -7 -7 -7 0 0
0 31 211 3 4 7 7 -7 -7 0 0
0 31 212 3 4 -7 7 -7 7 0 0
0 31 213 3 4 7 -7 -7 -7 0 0
0 31 214 3 4 -7 -7 -7 7 0 0
0 31 215 3 4 -7 -7 -7 -7 0 0
0 32 0 3 4 7 7 -7 7 0 0
0 32 1 3 4 7 -7 -7 -7 0 0
0 32 2 3 4 -7 7 7 7 0 0
0 32 3 3 4 -7 -7 -7 -7 0 0
0 32 4 3 4 7 7 -7 7 0 0
0 32 5 3 4 7 -7 -7 7 0 0
0 32 6 3 4 -7 7 7 -7 0 0
0 32 7 3 4 7 -7 7 -7 0 0
0 32 8 3 4 -7 -7 7 7 0 0
0 32 9 3 4 -7 -7 7 -7 0 0
0 32 10 3 4 7 -7 -7 7 0 0
0 32 11 3 4 -7 7 -7 -7 0 0
0 32 12 3 4 -7 -7 7 7 0 0
0 32 13 3 4 7 7 7 7 0 0
0 32 14 3 4 -7 7 -7 -7 0 0
0 32 15 3 4 7 7 -7 -7 0 0
0 32 16 3 4 -7 7 7 7 0 0
0 32 17 3 4 -7 -7 -7 7 0 0
0 32 18 3 4 7 7 7 -7 0 0
0 32 19 3 4 -7 7 -7 7 0 0
0 32 20 3 4 -7 -7 -7 -7 0 0
0 32 21 3 4 7 -7 7 -7 0 0
0 32 22 3 4 -7 -7 -7 7 0 0
0 32 23 3 4 7 7 -7 7 0 0
0 32 24 3 4 7 -7 -7 -7 0 0
0 32 25 3 4 7 7 7 -7 0 0
0 32 26 3 4 -7 -7 -7 7 0 0
0 32 27 3 4 -7 7 7 -7 0 0
0 32 28 3 4 -7 -7 7 -7 0 0
0 32 29 3 4 7 7 7 -7 0 0
0 32 30 3 4 -7 -7 -7 7 0 0
0 32 31 3 4 -7 -7 -7 -7 0 0
0 32 32 3 4 7 7 7 7 0 0
0 32 33 3 4 7 -7 7 7 0 0
0 32 34 3 4 7 -7 7 -7 0 0
0 32 35 3 4 -7 -7 7 7 0 0
0 32 36 3 4 7 -7 -7 -7 0 0
0 32 37 3 4 -7 7 -7 7 0 0
0 32 38 3 4 -7 -7 -7 -7 0 0
0 32 39 3 4 7 -7 -7 -7 0 0
0 32 40 3 4 -7 -7 -7 7 0 0
0 32 41 3 4 -7 -7 -7 -7 0 0
0 32 42 3 4 7 7 -7 7 0 0
0 32 43 3 4 -7 7 7 -7 0 0
0 32 44 3 4 -7 -7 -7 -7 0 0
0 32 45 3 4 -7 7 -7 -7 0 0
0 32 46 3 4 7 7 7 7 0 0
0 32 47 3 4 7 7 -7 -7 0 0
0 32 48 3 4 7 -7 7 7 0 0
0 32 49 3 4 -7 7 7 -7 0 0
0 32 50 3 4 -7 -7 7 -7 0 0
0 32 51 3 4 -7 7 7 7 0 0
0 32 52 3 4 -7 -7 7 -7 0 0
0 32 53 3 4 -7 -7 7 7 0 0
0 32 54 3 4 -7 -7 -7 -7 0 0
0 32 55 3 4 -7 -7 7 7 0 0
0 32 56 3 4 -7 7 -7 -7 0 0
0 32 57 3 4 -7 7 7 7 0 0
0 32 58 3 4 7 7 -7 -7 0 0
0 32 59 3 4 7 7 7 -7 0 0
0 32 60 3 4 7 -7 -7 -7 0 0
0 32 61 3 4 7 -7 -7 -7 0 0
0 32 62 3 4 -7 7 7 7 0 0
0 32 63 3 4 -7 7 -7 7 0 0
0 32 64 3 4 7 7 -7 -7 0 0
0 32 65 3 4 -7 7 -7 -7 0 0
0 32 66 3 4 7 -7 7 7 0 0
0 32 67 3 4 -7 -7 7 -7 0 0
0 32 68 3 4 -7 -7 -7 7 0 0
0 32 69 3 4 7 7 7 7 0 0
0 32 70 3 4 -7 7 7 7 0 0
0 32 71 3 4 7 7 7 -7 0 0
0 32 72 3 4 -7 -7 -7 -7 0 0
0 32 73 3 4 -7 -7 -7 -7 0 0
0 32 74 3 4 7 -7 7 -7 0 0
0 32 75 3 4 7 7 -7 7 0 0
0 32 76 3 4 -7 7 -7 -7 0 0
0 32 77 3 4 -7 7 7 7 0 0
0 32 78 3 4 7 7 -7 -7 0 0
0 32 79 3 4 -7 -7 7 7 0 0
0 32 80 3 4 -7 7 -7 -7 0 0
0 32 81 3 4 7 -7 7 -7 0 0
0 32 82 3 4 -7 7 -7 -7 0 0
0 32 83 3 4 -7 -7 -7 7 0 0
0 32 84 3 4 -7 7 -7 7 0 0
0 32 85 3 4 -7 7 7 7 0 0
0 32 86 3 4 7 -7 7 -7 0 0
0 32 87 3 4 -7 -7 7 7 0 0
0 32 88 3 4 -7 7 -7 7 0 0
0 32 89 3 4 -7 -7 7 -7 0 0
0 32 90 3 4 7 7 -7 -7 0 0
0 32 91 3 4 7 7 7 7 0 0
0 32 92 3 4 7 -7 -7 7 0 0
0 32 93 3 4 -7 7 7 -7 0 0
0 32 94 3 4 -7 -7 7 -7 0 0
0 32 95 3 4 -7 -7 -7 7 0 0
0 32 96 3 4 7 -7 -7 -7 0 0
0 32 97 3 4 7 -7 7 7 0 0
0 32 98 3 4 7 7 7 -7 0 0
0 32 99 3 4 -7 7 -7 -7 0 0
0 32 100 3 4 7 7 7 -7 0 0
0 32 101 3 4 7 7 -7 7 0 0
0 32 102 3 4 7 -7 -7 -7 0 0
0 32 103 3 4 -7 -7 -7 7 0 0
0 32 104 3 4 7 -7 -7 7 0 0
0 32 105 3 4 7 -7 7 -7 0 0
0 32 106 3 4 -7 7 7 -7 0 0
0 32 107 3 4 7 -7 -7 7 0 0
0 32 108 3 4 -7 -7 -7 -7 0 0
0 32 109 3 4 7 -7 -7 7 0 0
0 32 110 3 4 7 7 -7 7 0 0
0 32 111 3 4 7 -7 7 -7 0 0
0 32 112 3 4 -7 -7 -7 7 0 0
0 32 113 3 4 -7 7 -7 7 0 0
0 32 114 3 4 7 -7 -7 7 0 0
0 32 115 3 4 -7 7 7 -7 0 0
0 32 116 3 4 -7 -7 7 -7 0 0
0 32 117 3 4 7 7 7 -7 0 0
0 32 118 3 4 -7 -7 -7 7 0 0
0 32 119 3 4 7 -7 -7 7 0 0
0 32 120 3 4 -7 7 -7 7 0 0
0 32 121 3 4 7 -7 7 7 0 0
0 32 122 3 4 -7 -7 -7 7 0 0
0 32 123 3 4 -7 -7 7 -7 0 0
0 32 124 3 4 -7 -7 7 -7 0 0
0 32 125 3 4 -7 7 7 -7 0 0
0 32 126 3 4 7 7 7 -7 0 0
0 32 127 3 4 -7 -7 7 -7 0 0
0 32 128 3 4 7 7 7 7 0 0
0 32 129 3 4 -7 7 7 7 0 0
0 32 130 3 4 7 7 7 -7 0 0
0 32 131 3 4 -7 7 7 7 0 0
0 32 132 3 4 -7 7 7 7 0 0
0 32 133 3 4 7 7 -7 -7 0 0
0 32 134 3 4 -7 -7 7 7 0 0
0 32 135 3 4 7 7 -7 7 0 0
0 32 136 3 4 -7 7 -7 7 0 0
0 32 137 3 4 7 7 7 7 0 0
0 32 138 3 4 7 -7 -7 -7 0 0
0 32 139 3 4 -7 7 7 -7 0 0
0 32 140 3 4 -7 7 7 -7 0 0
0 32 141 3 4 -7 7 7 -7 0 0
0 32 142 3 4 7 7 -7 -7 0 0
0 32 143 3 4 7 7 7 -7 0 0
0 32 144 3 4 -7 7 -7 -7 0 0
0 32 145 3 4 7 7 7 -7 0 0
0 32 146 3 4 -7 -7 -7 7 0 0
0 32 147 3 4 -7 7 -7 7 0 0
0 32 148 3 4 -7 7 7 -7 0 0
0 32 149 3 4 7 -7 7 -7 0 0
0 32 150 3 4 7 7 -7 -7 0 0
0 32 151 3 4 7 -7 -7 7 0 0
0 32 152 3 4 -7 -7 -7 -7 0 0
0 32 153 3 4 7 7 -7 -7 0 0
0 32 154 3 4 7 -7 7 7 0 0
0 32 155 3 4 7 7 -7 -7 0 0
0 32 156 3 4 -7 -7 7 -7 0 0
0 32 157 3 4 7 7 7 -7 0 0
0 32 158 3 4 -7 -7 -7 7 0 0
0 32 159 3 4 -7 7 -7 7 0 0
0 32 160 3 4 7 -7 -7 7 0 0
0 32 161 3 4 -7 7 -7 7 0 0
0 32 162 3 4 7 -7 -7 -7 0 0
0 32 163 3 4 7 -7 7 7 0 0
0 32 164 3 4 7 -7 7 -7 0 0
0 32 165 3 4 -7 7 -7 7 0 0
0 32 166 3 4 -7 -7 -7 -7 0 0
0 32 167 3 4 7 -7 -7 -7 0 0
0 32 168 3 4 -7 -7 -7 7 0 0
0 32 169 3 4 -7 7 7 -7 0 0
0 32 170 3 4 -7 -7 7 7 0 0
0 32 171 3 4 -7 -7 7 -7 0 0
0 32 172 3 4 7 7 7 7 0 0
0 32 173 3 4 7 -7 -7 -7 0 0
0 32 174 3 4 7 -7 7 7 0 0
0 32 175 3 4 7 -7 -7 -7 0 0
0 32 176 3 4 7 -7 7 7 0 0
0 32 177 3 4 -7 7 7 7 0 0
0 32 178 3 4 7 7 7 7 0 0
0 32 179 3 4 7 -7 -7 7 0 0
0 32 180 3 4 7 7 -7 7 0 0
0 32 181 3 4 7 -7 -7 7 0 0
0 32 182 3 4 -7 -7 7 -7 0 0
0 32 183 3 4 7 -7 -7 7 0 0
0 32 184 3 4 -7 7 -7 7 0 0
0 32 185 3 4 -7 7 7 7 0 0
0 32 186 3 4 -7 7 -7 7 0 0
0 32 187 3 4 7 -7 -7 7 0 0
0 32 188 3 4 -7 -7 7 7 0 0
0 32 189 3 4 7 -7 -7 7 0 0
0 32 190 3 4 7 7 7 7 0 0
0 32 191 3 4 7 7 7 -7 0 0
0 32 192 3 4 7 -7 7 7 0 0
0 32 193 3 4 -7 -7 7 -7 0 0
0 32 194 3 4 -7 7 7 7 0 0
0 32 195 3 4 -7 -7 7 7 0 0
0 32 196 3 4 7 7 7 -7 0 0
0 32 197 3 4 7 -7 -7 7 0 0
0 32 198 3 4 7 -7 -7 7 0 0
0 32 199 3 4 7 7 7 7 0 0
0 32 200 3 4 7 -7 -7 -7 0 0
0 32 201 3 4 -7 -7 7 7 0 0
0 32 202 3 4 7 7 -7 -7 0 0
0 32 203 3 4 7 7 7 -7 0 0
0 32 204 3 4 -7 7 7 7 0 0
0 32 205 3 4 7 -7 7 7 0 0
0 32 206 3 4 -7 7 -7 7 0 0
0 32 207 3 4 7 7 -7 -7 0 0
0 32 208 3 4 7 7 -7 -7 0 0
0 32 209 3 4 -7 7 7 -7 0 0
0 32 210 3 4 7 7 7 7 0 0
0 32 211 3 4 7 7 -7 7 0 0
0 32 212 3 4 -7 7 7 -7 0 0
0 32 213 3 4 -7 -7 -7 -7 0 0
0 32 214 3 4 7 7 -7 7 0 0
0 32 215 3 4 -7 -7 7 7 0 0
0 33 0 3 4 7 -7 -7 -7 0 0
0 33 1 3 4 7 7 -7 -7 0 0
0 33 2 3 4 -7 -7 7 7 0 0
0 33 3 3 4 -7 -7 7 7 0 0
0 33 4 3 4 -7 7 -7 -7 0 0
0 33 5 3 4 7 -7 7 -7 0 0
0 33 6 3 4 7 7 -7 7 0 0
0 33 7 3 4 -7 -7 -7 -7 0 0
0 33 8 3 4 -7 7 -7 7 0 0
0 33 9 3 4 -7 7 -7 -7 0 0
0 33 10 3 4 -7 -7 7 7 0 0
0 33 11 3 4 -7 7 -7 7 0 0
0 33 12 3 4 -7 7 7 -7 0 0
0 33 13 3 4 -7 -7 -7 -7 0 0
0 33 14 3 4 7 7 7 7 0 0
0 33 15 3 4 7 7 7 7 0 0
0 33 16 3 4 7 -7 -7 7 0 0
0 33 17 3 4 -7 -7 7 -7 0 0
0 33 18 3 4 7 7 -7 -7 0 0
0 33 19 3 4 7 7 -7 -7 0 0
0 33 20 3 4 7 7 -7 7 0 0
0 33 21 3 4 -7 -7 7 -7 0 0
0 33 22 3 4 -7 7 -7 7 0 0
0 33 23 3 4 7 -7 -7 7 0 0
0 33 24 3 4 -7 -7 7 7 0 0
0 33 25 3 4 7 -7 7 7 0 0
0 33 26 3 4 7 -7 -7 -7 0 0
0 33 27 3 4 7 7 7 -7 0 0
0 33 28 3 4 7 -7 -7 7 0 0
0 33 29 3 4 -7 -7 -7 7 0 0
0 33 30 3 4 -7 -7 7 7 0 0
0 33 31 3 4 -7 7 -7 7 0 0
0 33 32 3 4 7 -7 7 7 0 0
0 33 33 3 4 -7 7 -7 7 0 0
0 33 34 3 4 -7 7 -7 7 0 0
0 33 35 3 4 -7 -7 -7 7 0 0
0 33 36 3 4 -7 7 -7 7 0 0
0 33 37 3 4 -7 -7 7 -7 0 0
0 33 38 3 4 -7 7 7 -7 0 0
0 33 39 3 4 7 7 -7 -7 0 0
0 33 40 3 4 7 7 7 7 0 0
0 33 41 3 4 7 -7 -7 -7 0 0
0 33 42 3 4 7 -7 7 -7 0 0
0 33 43 3 4 -7 7 -7 7 0 0
0 33 44 3 4 -7 -7 -7 7 0 0
0 33 45 3 4 7 -7 7 -7 0 0
0 33 46 3 4 7 -7 7 -7 0 0
0 33 47 3 4 7 -7 7 7 0 0
0 33 48 3 4 7 7 7 -7 0 0
0 33 49 3 4 -7 7 -7 7 0 0
0 33 50 3 4 7 7 -7 7 0 0
0 33 51 3 4 7 7 -7 7 0 0
0 33 52 3 4 7 7 -7 7 0 0
0 33 53 3 4 -7 7 -7 7 0 0
0 33 54 3 4 7 -7 -7 -7 0 0
0 33 55 3 4 -7 -7 -7 -7 0 0
0 33 56 3 4 7 7 -7 7 0 0
0 33 57 3 4 -7 7 -7 7 0 0
0 33 58 3 4 -7 -7 -7 -7 0 0
0 33 59 3 4 7 7 -7 7 0 0
0 33 60 3 4 -7 7 7 7 0 0
0 33 61 3 4 7 7 -7 -7 0 0
0 33 62 3 4 7 7 7 7 0 0
0 33 63 3 4 -7 -7 7 7 0 0
0 33 64 3 4 -7 7 7 -7 0 0
0 33 65 3 4 7 7 -7 -7 0 0
0 33 66 3 4 -7 -7 7 7 0 0
0 33 67 3 4 7 -7 7 7 0 0
0 33 68 3 4 -7 -7 -7 -7 0 0
0 33 69 3 4 7 -7 7 7 0 0
0 33 70 3 4 7 -7 -7 -7 0 0
0 33 71 3 4 7 -7 7 7 0 0
0 33 72 3 4 -7 -7 7 -7 0 0
0 33 73 3 4 -7 -7 7 7 0 0
0 33 74 3 4 7 -7 -7 -7 0 0
0 33 75 3 4 7 7 -7 -7 0 0
0 33 76 3 4 7 7 7 -7 0 0
0 33 77 3 4 7 -7 7 -7 0 0
0 33 78 3 4 7 7 7 7 0 0
0 33 79 3 4 -7 7 7 7 0 0
0 33 80 3 4 -7 7 -7 -7 0 0
0 33 81 3 4 7 7 -7 7 0 0
0 33 82 3 4 7 -7 -7 -7 0 0
0 33 83 3 4 7 7 7 7 0 0
0 33 84 3 4 7 7 -7 -7 0 0
0 33 85 3 4 -7 -7 7 7 0 0
0 33 86 3 4 7 7 -7 -7 0 0
0 33 87 3 4 -7 7 -7 7 0 0
0 33 88 3 4 -7 7 7 7 0 0
0 33 89 3 4 7 7 -7 7 0 0
0 33 90 3 4 7 7 -7 -7 0 0
0 33 91 3 4 7 7 -7 -7 0 0
0 33 92 3 4 -7 7 -7 7 0 0
0 33 93 3 4 -7 -7 -7 7 0 0
0 33 94 3 4 -7 7 -7 -7 0 0
0 33 95 3 4 -7 -7 -7 7 0 0
0 33 96 3 4 7 7 -7 -7 0 0
0 33 97 3 4 -7 7 7 -7 0 0
0 33 98 3 4 7 -7 7 7 0 0
0 33 99 3 4 -7 7 -7 7 0 0
0 33 100 3 4 -7 7 7 -7 0 0
0 33 101 3 4 -7 7 -7 -7 0 0
0 33 102 3 4 7 -7 7 -7 0 0
0 33 103 3 4 -7 7 -7 7 0 0
0 33 104 3 4 -7 -7 7 -7 0 0
0 33 105 3 4 7 7 7 7 0 0
0 33 106 3 4 7 -7 7 -7 0 0
0 33 107 3 4 -7 -7 7 7 0 0
0 33 108 3 4 7 -7 7 -7 0 0
0 33 109 3 4 -7 -7 -7 7 0 0
0 33 110 3 4 7 7 -7 -7 0 0
0 33 111 3 4 -7 7 7 -7 0 0
0 33 112 3 4 7 -7 -7 7 0 0
0 33 113 3 4 7 -7 -7 7 0 0
0 33 114 3 4 7 7 -7 -7 0 0
0 33 115 3 4 7 7 7 7 0 0
0 33 116 3 4 7 -7 -7 -7 0 0
0 33 117 3 4 7 7 7 7 0 0
0 33 118 3 4 7 -7 7 -7 0 0
0 33 119 3 4 7 7 7 7 0 0
0 33 120 3 4 7 -7 7 7 0 0
0 33 121 3 4 7 7 7 7 0 0
0 33 122 3 4 7 -7 7 7 0 0
0 33 123 3 4 7 7 -7 7 0 0
0 33 124 3 4 7 -7 7 -7 0 0
0 33 125 3 4 -7 7 7 7 0 0
0 33 126 3 4 -7 -7 7 -7 0 0
0 33 127 3 4 -7 -7 7 7 0 0
0 33 128 3 4 7 7 -7 7 0 0
0 33 129 3 4 7 7 7 -7 0 0
0 33 130 3 4 7 -7 7 7 0 0
0 33 131 3 4 7 7 -7 7 0 0
0 33 132 3 4 -7 7 -7 7 0 0
0 33 133 3 4 7 -7 7 -7 0 0
0 33 134 3 4 -7 7 7 -7 0 0
0 33 135 3 4 7 -7 7 -7 0 0
0 33 136 3 4 -7 -7 -7 -7 0 0
0 33 137 3 4 -7 7 7 7 0 0
0 33 138 3 4 -7 -7 7 7 0 0
0 33 139 3 4 -7 -7 7 7 0 0
0 33 140 3 4 -7 -7 -7 -7 0 0
0 33 141 3 4 7 -7 7 -7 0 0
0 33 142 3 4 7 7 7 7 0 0
0 33 143 3 4 7 -7 -7 -7 0 0
0 33 144 3 4 -7 7 -7 -7 0 0
0 33 145 3 4 7 7 7 7 0 0
0 33 146 3 4 -7 7 -7 7 0 0
0 33 147 3 4 -7 7 7 -7 0 0
0 33 148 3 4 7 7 -7 7 0 0
0 33 149 3 4 7 7 -7 -7 0 0
0 33 150 3 4 -7 7 -7 7 0 0
0 33 151 3 4 -7 7 -7 -7 0 0
0 33 152 3 4 -7 7 -7 7 0 0
0 33 153 3 4 -7 -7 7 -7 0 0
0 33 154 3 4 -7 -7 -7 -7 0 0
0 33 155 3 4 -7 -7 7 -7 0 0
0 33 156 3 4 -7 -7 7 -7 0 0
0 33 157 3 4 -7 7 7 7 0 0
0 33 158 3 4 -7 7 7 -7 0 0
0 33 159 3 4 -7 7 -7 7 0 0
0 33 160 3 4 7 7 -7 7 0 0
0 33 161 3 4 7 7 7 7 0 0
0 33 162 3 4 -7 -7 7 7 0 0
0 33 163 3 4 -7 -7 7 7 0 0
0 33 164 3 4 7 7 7 7 0 0
0 33 165 3 4 7 7 -7 7 0 0
0 33 166 3 4 7 7 7 7 0 0
0 33 167 3 4 -7 -7 -7 7 0 0
0 33 168 3 4 7 7 -7 -7 0 0
0 33 169 3 4 7 7 -7 -7 0 0
0 33 170 3 4 -7 7 -7 -7 0 0
0 33 171 3 4 -7 7 7 -7 0 0
0 33 172 3 4 7 7 -7 -7 0 0
0 33 173 3 4 -7 7 -7 7 0 0
0 33 174 3 4 7 -7 7 -7 0 0
0 33 175 3 4 7 7 -7 -7 0 0
0 33 176 3 4 -7 7 -7 -7 0 0
0 33 177 3 4 -7 7 7 -7 0 0
0 33 178 3 4 -7 -7 -7 -7 0 0
0 33 179 3 4 -7 7 -7 -7 0 0
0 33 180 3 4 7 7 -7 -7 0 0
0 33 181 3 4 -7 -7 7 7 0 0
0 33 182 3 4 7 -7 7 7 0 0
0 33 183 3 4 7 7 7 -7 0 0
0 33 184 3 4 7 7 -7 7 0 0
0 33 185 3 4 -7 -7 7 7 0 0
0 33 186 3 4 -7 7 7 7 0 0
0 33 187 3 4 7 -7 7 7 0 0
0 33 188 3 4 -7 7 -7 7 0 0
0 33 189 3 4 7 7 7 7 0 0
0 33 190 3 4 7 -7 -7 7 0 0
0 33 191 3 4 -7 7 7 -7 0 0
0 33 192 3 4 -7 7 -7 -7 0 0
0 33 193 3 4 7 7 -7 -7 0 0
0 33 194 3 4 -7 7 -7 7 0 0
0 33 195 3 4 -7 7 -7 -7 0 0
0 33 196 3 4 7 -7 -7 7 0 0
0 33 197 3 4 -7 -7 7 -7 0 0
0 33 198 3 4 7 -7 7 7 0 0
0 33 199 3 4 7 -7 -7 -7 0 0
0 33 200 3 4 7 7 -7 -7 0 0
0 33 201 3 4 7 7 -7 7 0 0
0 33 202 3 4 7 -7 7 -7 0 0
0 33 203 3 4 7 -7 -7 7 0 0
0 33 204 3 4 7 7 7 7 0 0
0 33 205 3 4 7 7 7 -7 0 0
0 33 206 3 4 -7 7 7 -7 0 0
0 33 207 3 4 -7 -7 -7 7 0 0
0 33 208 3 4 7 7 7 -7 0 0
0 33 209 3 4 -7 -7 7 7 0 0
0 33 210 3 4 7 -7 -7 7 0 0
0 33 211 3 4 7 7 7 -7 0 0
0 33 212 3 4 -7 -7 -7 -7 0 0
0 33 213 3 4 -7 -7 -7 7 0 0
0 33 214 3 4 7 -7 -7 -7 0 0
0 33 215 3 4 7 -7 -7 -7 0 0
0 34 0 3 4 7 7 7 7 0 0
0 34 1 3 4 7 -7 -7 7 0 0
0 34 2 3 4 7 7 7 -7 0 0
0 34 3 3 4 -7 -7 -7 7 0 0
0 34 4 3 4 7 -7 -7 7 0 0
0 34 5 3 4 -7 7 7 -7 0 0
0 34 6 3 4 -7 7 -7 7 0 0
0 34 7 3 4 -7 7 -7 -7 0 0
0 34 8 3 4 7 7 7 -7 0 0
0 34 9 3 4 -7 -7 -7 7 0 0
0 34 10 3 4 7 -7 7 -7 0 0
0 34 11 3 4 7 -7 7 -7 0 0
0 34 12 3 4 7 7 7 7 0 0
0 34 13 3 4 7 -7 -7 -7 0 0
0 34 14 3 4 7 7 -7 -7 0 0
0 34 15 3 4 7 7 -7 7 0 0
0 34 16 3 4 7 -7 -7 7 0 0
0 34 17 3 4 -7 -7 -7 -7 0 0
0 34 18 3 4 -7 7 -7 7 0 0
0 34 19 3 4 7 -7 -7 7 0 0
0 34 20 3 4 7 7 7 -7 0 0
0 34 21 3 4 7 7 -7 7 0 0
0 34 22 3 4 -7 7 -7 -7 0 0
0 34 23 3 4 -7 -7 7 -7 0 0
0 34 24 3 4 7 7 7 -7 0 0
0 34 25 3 4 7 7 7 -7 0 0
0 34 26 3 4 7 7 -7 -7 0 0
0 34 27 3 4 7 7 -7 7 0 0
0 34 28 3 4 -7 7 -7 -7 0 0
0 34 29 3 4 -7 -7 7 7 0 0
0 34 30 3 4 7 7 -7 -7 0 0
0 34 31 3 4 -7 -7 -7 7 0 0
0 34 32 3 4 7 -7 7 7 0 0
0 34 33 3 4 -7 7 7 7 0 0
0 34 34 3 4 -7 7 7 -7 0 0
0 34 35 3 4 7 -7 7 7 0 0
0 34 36 3 4 -7 -7 7 7 0 0
0 34 37 3 4 7 -7 7 7 0 0
0 34 38 3 4 -7 -7 -7 7 0 0
0 34 39 3 4 7 7 -7 7 0 0
0 34 40 3 4 7 -7 7 7 0 0
0 34 41 3 4 -7 7 -7 -7 0 0
0 34 42 3 4 -7 -7 -7 7 0 0
0 34 43 3 4 7 -7 7 7 0 0
0 34 44 3 4 7 7 -7 -7 0 0
0 34 45 3 4 -7 7 7 7 0 0
0 34 46 3 4 -7 7 -7 7 0 0
0 34 47 3 4 7 7 7 -7 0 0
0 34 48 3 4 -7 7 -7 -7 0 0
0 34 49 3 4 7 7 7 -7 0 0
0 34 50 3 4 7 7 -7 7 0 0
0 34 51 3 4 7 -7 -7 7 0 0
0 34 52 3 4 -7 -7 -7 7 0 0
0 34 53 3 4 -7 -7 -7 7 0 0
0 34 54 3 4 -7 -7 -7 7 0 0
0 34 55 3 4 -7 -7 -7 -7 0 0
0 34 56 3 4 -7 7 7 7 0 0
0 34 57 3 4 7 7 7 7 0 0
0 34 58 3 4 7 -7 -7 -7 0 0
0 34 59 3 4 7 -7 7 7 0 0
0 34 60 3 4 7 7 7 7 0 0
0 34 61 3 4 -7 -7 7 -7 0 0
0 34 62 3 4 -7 -7 7 7 0 0
0 34 63 3 4 -7 -7 7 -7 0 0
0 34 64 3 4 7 7 7 7 0 0
0 34 65 3 4 -7 7 -7 -7 0 0
0 34 66 3 4 -7 7 7 -7 0 0
0 34 67 3 4 -7 -7 7 7 0 0
0 34 68 3 4 -7 7 7 -7 0 0
0 34 69 3 4 7 7 -7 7 0 0
0 34 70 3 4 7 7 -7 7 0 0
0 34 71 3 4 7 7 7 -7 0 0
0 34 72 3 4 7 7 -7 7 0 0
0 34 73 3 4 7 7 -7 7 0 0
0 34 74 3 4 7 7 -7 -7 0 0
0 34 75 3 4 7 -7 7 -7 0 0
0 34 76 3 4 7 7 7 7 0 0
0 34 77 3 4 7 -7 7 7 0 0
0 34 78 3 4 -7 -7 7 7 0 0
0 34 79 3 4 -7 7 7 -7 0 0
0 34 80 3 4 -7 7 7 7 0 0
0 34 81 3 4 -7 7 7 -7 0 0
0 34 82 3 4 -7 7 7 -7 0 0
0 34 83 3 4 7 -7 -7 7 0 0
0 34 84 3 4 7 7 -7 7 0 0
0 34 85 3 4 7 7 -7 7 0 0
0 34 86 3 4 7 -7 -7 7 0 0
0 34 87 3 4 -7 -7 7 -7 0 0
0 34 88 3 4 7 7 -7 7 0 0
0 34 89 3 4 -7 7 7 -7 0 0
0 34 90 3 4 -7 -7 7 7 0 0
0 34 91 3 4 7 -7 -7 -7 0 0
0 34 92 3 4 7 -7 7 -7 0 0
0 34 93 3 4 -7 7 7 7 0 0
0 34 94 3 4 -7 7 7 -7 0 0
0 34 95 3 4 -7 -7 -7 -7 0 0
0 34 96 3 4 -7 -7 7 7 0 0
0 34 97 3 4 7 -7 -7 -7 0 0
0 34 98 3 4 7 -7 7 -7 0 0
0 34 99 3 4 7 -7 -7 7 0 0
0 34 100 3 4 -7 7 7 7 0 0
0 34 101 3 4 7 -7 -7 -7 0 0
0 34 102 3 4 7 7 -7 -7 0 0
0 34 103 3 4 -7 7 -7 7 0 0
0 34 104 3 4 -7 7 -7 7 0 0
0 34 105 3 4 7 -7 7 -7 0 0
0 34 106 3 4 -7 -7 7 7 0 0
0 34 107 3 4 7 -7 7 -7 0 0
0 34 108 3 4 7 -7 7 -7 0 0
0 34 109 3 4 -7 7 7 7 0 0
0 34 110 3 4 7 -7 -7 -7 0 0
0 34 111 3 4 -7 7 -7 7 0 0
0 34 112 3 4 7 7 7 -7 0 0
0 34 113 3 4 -7 7 -7 7 0 0
0 34 114 3 4 7 7 -7 7 0 0
0 34 115 3 4 7 -7 7 -7 0 0
0 34 116 3 4 7 7 7 -7 0 0
0 34 117 3 4 7 -7 -7 7 0 0
0 34 118 3 4 -7 7 7 7 0 0
0 34 119 3 4 7 -7 -7 7 0 0
0 34 120 3 4 -7 7 7 -7 0 0
0 34 121 3 4 -7 -7 -7 -7 0 0
0 34 122 3 4 7 7 7 -7 0 0
0 34 123 3 4 -7 -7 7 -7 0 0
0 34 124 3 4 -7 7 7 7 0 0
0 34 125 3 4 -7 7 7 7 0 0
0 34 126 3 4 -7 7 7 -7 0 0
0 34 127 3 4 -7 7 7 7 0 0
0 34 128 3 4 7 7 -7 7 0 0
0 34 129 3 4 -7 -7 -7 7 0 0
0 34 130 3 4 -7 -7 -7 7 0 0
0 34 131 3 4 7 7 7 7 0 0
0 34 132 3 4 7 -7 -7 7 0 0
0 34 133 3 4 7 7 7 -7 0 0
0 34 134 3 4 7 7 -7 7 0 0
0 34 135 3 4 -7 7 -7 -7 0 0
0 34 136 3 4 7 -7 -7 -7 0 0
0 34 137 3 4 7 -7 7 -7 0 0
0 34 138 3 4 -7 -7 7 -7 0 0
0 34 139 3 4 7 -7 7 -7 0 0
0 34 140 3 4 7 7 -7 -7 0 0
0 34 141 3 4 7 -7 7 -7 0 0
0 34 142 3 4 7 7 7 7 0 0
0 34 143 3 4 -7 7 7 -7 0 0
0 34 144 3 4 -7 7 7 -7 0 0
0 34 145 3 4 7 7 7 -7 0 0
0 34 146 3 4 7 7 -7 7 0 0
0 34 147 3 4 -7 7 -7 7 0 0
0 34 148 3 4 7 -7 -7 -7 0 0
0 34 149 3 4 -7 7 -7 7 0 0
0 34 150 3 4 7 -7 -7 -7 0 0
0 34 151 3 4 -7 -7 7 -7 0 0
0 34 152 3 4 7 -7 7 7 0 0
0 34 153 3 4 7 -7 7 7 0 0
0 34 154 3 4 7 -7 7 7 0 0
0 34 155 3 4 7 7 7 -7 0 0
0 34 156 3 4 7 7 7 -7 0 0
0 34 157 3 4 -7 -7 -7 -7 0 0
0 34 158 3 4 7 -7 -7 -7 0 0
0 34 159 3 4 7 -7 -7 -7 0 0
0 34 160 3 4 -7 -7 -7 7 0 0
0 34 161 3 4 7 7 7 -7 0 0
0 34 162 3 4 -7 -7 -7 7 0 0
0 34 163 3 4 7 -7 7 7 0 0
0 34 164 3 4 -7 7 -7 -7 0 0
0 34 165 3 4 7 7 -7 -7 0 0
0 34 166 3 4 7 -7 -7 7 0 0
0 34 167 3 4 -7 -7 7 -7 0 0
0 34 168 3 4 -7 -7 -7 -7 0 0
0 34 169 3 4 -7 7 -7 7 0 0
0 34 170 3 4 7 -7 7 7 0 0
0 34 171 3 4 -7 7 7 -7 0 0
0 34 172 3 4 7 -7 7 -7 0 0
0 34 173 3 4 -7 7 7 7 0 0
0 34 174 3 4 -7 7 -7 7 0 0
0 34 175 3 4 7 7 -7 7 0 0
0 34 176 3 4 -7 7 7 -7 0 0
0 34 177 3 4 7 7 -7 -7 0 0
0 34 178 3 4 -7 7 7 7 0 0
0 34 179 3 4 -7 7 7 -7 0 0
0 34 180 3 4 7 7 -7 -7 0 0
0 34 181 3 4 -7 -7 -7 -7 0 0
0 34 182 3 4 7 7 -7 7 0 0
0 34 183 3 4 7 -7 7 -7 0 0
0 34 184 3 4 7 7 7 -7 0 0
0 34 185 3 4 7 -7 7 7 0 0
0 34 186 3 4 -7 7 -7 7 0 0
0 34 187 3 4 -7 -7 7 -7 0 0
0 34 188 3 4 7 -7 -7 -7 0 0
0 34 189 3 4 -7 7 7 7 0 0
0 34 190 3 4 -7 7 7 7 0 0
0 34 191 3 4 7 -7 7 -7 0 0
0 34 192 3 4 -7 -7 -7 7 0 0
0 34 193 3 4 -7 -7 7 7 0 0
0 34 194 3 4 -7 -7 -7 7 0 0
0 34 195 3 4 7 -7 -7 7 0 0
0 34 196 3 4 7 7 7 7 0 0
0 34 197 3 4 7 7 -7 7 0 0
0 34 198 3 4 7 -7 -7 7 0 0
0 34 199 3 4 -7 7 7 7 0 0
0 34 200 3 4 7 -7 7 7 0 0
0 34 201 3 4 -7 -7 7 -7 0 0
0 34 202 3 4 7 -7 -7 -7 0 0
0 34 203 3 4 7 7 7 7 0 0
0 34 204 3 4 7 7 -7 7 0 0
0 34 205 3 4 -7 7 7 -7 0 0
0 34 206 3 4 7 7 -7 7 0 0
0 34 207 3 4 7 -7 -7 7 0 0
0 34 208 3 4 -7 7 7 -7 0 0
0 34 209 3 4 -7 7 -7 7 0 0
0 34 210 3 4 7 -7 -7 7 0 0
0 34 211 3 4 -7 -7 -7 7 0 0
0 34 212 3 4 7 7 -7 -7 0 0
0 34 213 3 4 7 -7 7 -7 0 0
0 34 214 3 4 7 7 -7 7 0 0
0 34 215 3 4 -7 -7 -7 7 0 0
0 35 0 3 4 -7 -7 -7 -7 0 0
0 35 1 3 4 -7 -7 -7 -7 0 0
0 35 2 3 4 -7 -7 -7 -7 0 0
0 35 3 3 4 7 7 -7 -7 0 0
0 35 4 3 4 7 -7 7 7 0 0
0 35 5 3 4 -7 7 7 7 0 0
0 35 6 3 4 7 -7 7 7 0 0
0 35 7 3 4 -7 -7 7 -7 0 0
0 35 8 3 4 -7 7 -7 7 0 0
0 35 9 3 4 -7 -7 7 7 0 0
0 35 10 3 4 7 7 7 7 0 0
0 35 11 3 4 -7 7 -7 7 0 0
0 35 12 3 4 7 -7 -7 -7 0 0
0 35 13 3 4 7 -7 7 7 0 0
0 35 14 3 4 -7 7 -7 -7 0 0
0 35 15 3 4 -7 -7 -7 -7 0 0
0 35 16 3 4 -7 -7 7 7 0 0
0 35 17 3 4 -7 -7 7 7 0 0
0 35 18 3 4 7 -7 -7 7 0 0
0 35 19 3 4 -7 7 7 7 0 0
0 35 20 3 4 -7 7 7 -7 0 0
0 35 21 3 4 7 -7 -7 -7 0 0
0 35 22 3 4 7 -7 -7 7 0 0
0 35 23 3 4 -7 7 -7 -7 0 0
0 35 24 3 4 -7 7 -7 7 0 0
0 35 25 3 4 -7 7 7 -7 0 0
0 35 26 3 4 7 7 -7 -7 0 0
0 35 27 3 4 7 7 -7 7 0 0
0 35 28 3 4 -7 7 7 -7 0 0
0 35 29 3 4 -7 -7 -7 -7 0 0
0 35 30 3 4 7 7 -7 -7 0 0
0 35 31 3 4 7 -7 7 -7 0 0
0 35 32 3 4 7 -7 -7 7 0 0
0 35 33 3 4 7 -7 7 -7 0 0
0 35 34 3 4 -7 7 -7 7 0 0
0 35 35 3 4 -7 -7 -7 7 0 0
0 35 36 3 4 -7 -7 -7 7 0 0
0 35 37 3 4 7 -7 7 7 0 0
0 35 38 3 4 7 -7 7 -7 0 0
0 35 39 3 4 7 7 -7 7 0 0
0 35 40 3 4 -7 7 -7 7 0 0
0 35 41 3 4 7 -7 -7 -7 0 0
0 35 42 3 4 7 7 7 -7 0 0
0 35 43 3 4 -7 -7 7 7 0 0
0 35 44 3 4 -7 -7 -7 7 0 0
0 35 45 3 4 7 -7 -7 -7 0 0
0 35 46 3 4 7 -7 7 7 0 0
0 35 47 3 4 7 7 -7 7 0 0
0 35 48 3 4 7 7 7 -7 0 0
0 35 49 3 4 7 7 7 7 0 0
0 35 50 3 4 -7 7 7 -7 0 0
0 35 51 3 4 -7 -7 -7 7 0 0
0 35 52 3 4 -7 -7 7 7 0 0
0 35 53 3 4 7 7 7 -7 0 0
0 35 54 3 4 -7 7 7 7 0 0
0 35 55 3 4 7 -7 -7 -7 0 0
0 35 56 3 4 -7 -7 7 -7 0 0
0 35 57 3 4 7 -7 -7 7 0 0
0 35 58 3 4 7 -7 -7 -7 0 0
0 35 59 3 4 7 -7 7 -7 0 0
0 35 60 3 4 -7 -7 -7 7 0 0
0 35 61 3 4 -7 -7 -7 -7 0 0
0 35 62 3 4 7 7 -7 -7 0 0
0 35 63 3 4 7 7 7 7 0 0
0 35 64 3 4 -7 -7 7 7 0 0
0 35 65 3 4 -7 7 -7 -7 0 0
0 35 66 3 4 -7 -7 7 7 0 0
0 35 67 3 4 -7 7 7 -7 0 0
0 35 68 3 4 -7 -7 -7 -7 0 0
0 35 69 3 4 7 7 7 7 0 0
0 35 70 3 4 7 -7 -7 -7 0 0
0 35 71 3 4 -7 7 -7 -7 0 0
0 35 72 3 4 -7 -7 -7 -7 0 0
0 35 73 3 4 7 -7 7 -7 0 0
0 35 74 3 4 -7 -7 -7 7 0 0
0 35 75 3 4 -7 7 -7 -7 0 0
0 35 76 3 4 -7 -7 -7 7 0 0
0 35 77 3 4 -7 -7 7 -7 0 0
0 35 78 3 4 -7 -7 -7 -7 0 0
0 35 79 3 4 -7 -7 7 -7 0 0
0 35 80 3 4 -7 -7 -7 7 0 0
0 35 81 3 4 -7 7 7 7 0 0
0 35 82 3 4 7 7 7 -7 0 0
0 35 83 3 4 -7 -7 7 7 0 0
0 35 84 3 4 -7 7 7 -7 0 0
0 35 85 3 4 7 7 7 -7 0 0
0 35 86 3 4 7 7 7 7 0 0
0 35 87 3 4 -7 -7 7 7 0 0
0 35 88 3 4 -7 -7 7 7 0 0
0 35 89 3 4 -7 7 -7 -7 0 0
0 35 90 3 4 7 7 7 -7 0 0
0 35 91 3 4 -7 -7 -7 7 0 0
0 35 92 3 4 7 7 -7 -7 0 0
0 35 93 3 4 7 7 -7 -7 0 0
0 35 94 3 4 -7 -7 7 7 0 0
0 35 95 3 4 -7 7 -7 7 0 0
0 35 96 3 4 7 -7 7 7 0 0
0 35 97 3 4 -7 7 -7 -7 0 0
0 35 98 3 4 7 -7 -7 -7 0 0
0 35 99 3 4 7 7 7 -7 0 0
0 35 100 3 4 7 -7 -7 -7 0 0
0 35 101 3 4 -7 -7 7 -7 0 0
0 35 102 3 4 -7 -7 7 -7 0 0
0 35 103 3 4 -7 -7 7 -7 0 0
0 35 104 3 4 -7 -7 7 -7 0 0
0 35 105 3 4 7 7 -7 7 0 0
0 35 106 3 4 7 -7 -7 -7 0 0
0 35 107 3 4 -7 7 7 -7 0 0
0 35 108 3 4 7 -7 -7 -7 0 0
0 35 109 3 4 7 7 -7 7 0 0
0 35 110 3 4 -7 7 -7 7 0 0
0 35 111 3 4 7 7 7 7 0 0
0 35 112 3 4 7 -7 -7 -7 0 0
0 35 113 3 4 7 7 -7 7 0 0
0 35 114 3 4 -7 -7 7 7 0 0
0 35 115 3 4 -7 7 -7 -7 0 0
0 35 116 3 4 -7 7 7 7 0 0
0 35 117 3 4 7 -7 7 7 0 0
0 35 118 3 4 -7 -7 -7 7 0 0
0 35 119 3 4 -7 7 7 7 0 0
0 35 120 3 4 -7 -7 -7 -7 0 0
0 35 121 3 4 -7 7 -7 -7 0 0
0 35 122 3 4 7 -7 7 -7 0 0
0 35 123 3 4 7 -7 -7 -7 0 0
0 35 124 3 4 7 7 -7 -7 0 0
0 35 125 3 4 7 7 -7 7 0 0
0 35 126 3 4 -7 -7 7 7 0 0
0 35 127 3 4 7 -7 -7 -7 0 0
0 35 128 3 4 -7 7 7 -7 0 0
0 35 129 3 4 7 -7 -7 -7 0 0
0 35 130 3 4 -7 7 7 -7 0 0
0 35 131 3 4 -7 -7 -7 7 0 0
0 35 132 3 4 -7 7 7 7 0 0
0 35 133 3 4 -7 -7 -7 -7 0 0
0 35 134 3 4 7 7 7 -7 0 0
0 35 135 3 4 7 7 7 7 0 0
0 35 136 3 4 -7 -7 -7 -7 0 0
0 35 137 3 4 -7 -7 -7 7 0 0
0 35 138 3 4 -7 -7 -7 -7 0 0
0 35 139 3 4 7 -7 7 7 0 0
0 35 140 3 4 -7 -7 -7 -7 0 0
0 35 141 3 4 -7 -7 7 7 0 0
0 35 142 3 4 7 -7 -7 -7 0 0
0 35 143 3 4 -7 7 7 -7 0 0
0 35 144 3 4 7 7 7 7 0 0
0 35 145 3 4 -7 -7 -7 -7 0 0
0 35 146 3 4 -7 -7 -7 7 0 0
0 35 147 3 4 7 7 7 -7 0 0
0 35 148 3 4 7 7 -7 -7 0 0
0 35 149 3 4 7 7 7 -7 0 0
0 35 150 3 4 7 -7 7 7 0 0
0 35 151 3 4 7 7 7 -7 0 0
0 35 152 3 4 7 7 -7 -7 0 0
0 35 153 3 4 -7 -7 7 -7 0 0
0 35 154 3 4 7 -7 -7 7 0 0
0 35 155 3 4 -7 -7 -7 -7 0 0
0 35 156 3 4 7 7 7 7 0 0
0 35 157 3 4 -7 7 -7 -7 0 0
0 35 158 3 4 7 7 7 7 0 0
0 35 159 3 4 7 -7 7 -7 0 0
0 35 160 3 4 -7 7 -7 7 0 0
0 35 161 3 4 7 7 -7 7 0 0
0 35 162 3 4 -7 7 7 -7 0 0
0 35 163 3 4 7 -7 -7 -7 0 0
0 35 164 3 4 7 -7 -7 7 0 0
0 35 165 3 4 -7 7 7 -7 0 0
0 35 166 3 4 -7 7 -7 7 0 0
0 35 167 3 4 -7 7 7 -7 0 0
0 35 168 3 4 -7 -7 7 7 0 0
0 35 169 3 4 7 7 -7 -7 0 0
0 35 170 3 4 7 -7 7 7 0 0
0 35 171 3 4 7 7 7 -7 0 0
0 35 172 3 4 7 7 7 -7 0 0
0 35 173 3 4 -7 -7 -7 7 0 0
0 35 174 3 4 7 -7 7 -7 0 0
0 35 175 3 4 -7 -7 -7 7 0 0
0 35 176 3 4 7 7 7 7 0 0
0 35 177 3 4 -7 -7 -7 7 0 0
0 35 178 3 4 7 7 7 -7 0 0
0 35 179 3 4 -7 -7 7 7 0 0
0 35 180 3 4 7 7 7 -7 0 0
0 35 181 3 4 7 7 -7 -7 0 0
0 35 182 3 4 7 7 7 -7 0 0
0 35 183 3 4 7 -7 -7 7 0 0
0 35 184 3 4 7 7 7 -7 0 0
0 35 185 3 4 7 -7 -7 -7 0 0
0 35 186 3 4 7 -7 7 7 0 0
0 35 187 3 4 7 7 -7 -7 0 0
0 35 188 3 4 -7 -7 -7 -7 0 0
0 35 189 3 4 7 -7 -7 7 0 0
0 35 190 3 4 7 -7 7 -7 0 0
0 35 191 3 4 -7 7 7 -7 0 0
0 35 192 3 4 -7 -7 -7 -7 0 0
0 35 193 3 4 7 7 -7 -7 0 0
0 35 194 3 4 -7 -7 7 -7 0 0
0 35 195 3 4 7 7 7 -7 0 0
0 35 196 3 4 -7 -7 7 -7 0 0
0 35 197 3 4 7 7 7 -7 0 0
0 35 198 3 4 7 -7 -7 7 0 0
0 35 199 3 4 7 -7 -7 7 0 0
0 35 200 3 4 -7 7 7 -7 0 0
0 35 201 3 4 -7 -7 -7 7 0 0
0 35 202 3 4 7 7 -7 7 0 0
0 35 203 3 4 7 -7 -7 -7 0 0
0 35 204 3 4 -7 -7 7 7 0 0
0 35 205 3 4 -7 -7 7 7 0 0
0 35 206 3 4 7 7 -7 7 0 0
0 35 207 3 4 7 -7 7 -7 0 0
0 35 208 3 4 -7 -7 -7 -7 0 0
0 35 209 3 4 -7 7 -7 7 0 0
0 35 210 3 4 -7 7 -7 7 0 0
0 35 211 3 4 -7 -7 -7 -7 0 0
0 35 212 3 4 -7 -7 7 -7 0 0
0 35 213 3 4 7 7 7 -7 0 0
0 35 214 3 4 7 -7 7 -7 0 0
0 35 215 3 4 -7 7 7 7 0 0
0 36 0 3 4 -7 -7 7 7 0 0
0 36 1 3 4 7 -7 7 7 0 0
0 36 2 3 4 7 7 -7 -7 0 0
0 36 3 3 4 7 7 7 -7 0 0
0 36 4 3 4 7 7 -7 -7 0 0
0 36 5 3 4 7 7 -7 7 0 0
0 36 6 3 4 -7 7 -7 7 0 0
0 36 7 3 4 7 -7 7 -7 0 0
0 36 8 3 4 7 -7 -7 -7 0 0
0 36 9 3 4 -7 -7 -7 7 0 0
0 36 10 3 4 7 -7 -7 7 0 0
0 36 11 3 4 -7 -7 -7 7 0 0
0 36 12 3 4 7 -7 -7 7 0 0
0 36 13 3 4 -7 -7 7 -7 0 0
0 36 14 3 4 7 -7 7 7 0 0
0 36 15 3 4 7 7 7 -7 0 0
0 36 16 3 4 7 7 -7 -7 0 0
0 36 17 3 4 -7 -7 -7 7 0 0
0 36 18 3 4 -7 -7 7 7 0 0
0 36 19 3 4 7 7 -7 -7 0 0
0 36 20 3 4 7 7 -7 7 0 0
0 36 21 3 4 -7 7 7 7 0 0
0 36 22 3 4 -7 -7 -7 7 0 0
0 36 23 3 4 7 -7 -7 -7 0 0
0 36 24 3 4 -7 7 -7 7 0 0
0 36 25 3 4 7 -7 -7 -7 0 0
0 36 26 3 4 7 -7 7 -7 0 0
0 36 27 3 4 7 7 -7 -7 0 0
0 36 28 3 4 -7 -7 -7 7 0 0
0 36 29 3 4 -7 -7 -7 -7 0 0
0 36 30 3 4 -7 7 -7 7 0 0
0 36 31 3 4 -7 7 7 -7 0 0
0 36 32 3 4 7 -7 -7 -7 0 0
0 36 33 3 4 -7 7 -7 -7 0 0
0 36 34 3 4 7 7 7 7 0 0
0 36 35 3 4 -7 7 7 7 0 0
0 36 36 3 4 7 7 7 -7 0 0
0 36 37 3 4 7 -7 7 -7 0 0
0 36 38 3 4 7 -7 -7 -7 0 0
0 36 39 3 4 -7 7 7 -7 0 0
0 36 40 3 4 7 7 -7 7 0 0
0 36 41 3 4 7 7 -7 7 0 0
0 36 42 3 4 -7 7 7 -7 0 0
0 36 43 3 4 7 7 7 7 0 0
0 36 44 3 4 7 -7 7 -7 0 0
0 36 45 3 4 7 7 -7 7 0 0
0 36 46 3 4 7 7 7 -7 0 0
0 36 47 3 4 7 7 7 -7 0 0
0 36 48 3 4 7 -7 -7 7 0 0
0 36 49 3 4 -7 7 -7 7 0 0
0 36 50 3 4 7 7 -7 -7 0 0
0 36 51 3 4 7 7 7 -7 0 0
0 36 52 3 4 -7 7 7 -7 0 0
0 36 53 3 4 -7 7 -7 7 0 0
0 36 54 3 4 7 -7 -7 -7 0 0
0 36 55 3 4 -7 -7 -7 7 0 0
0 36 56 3 4 7 -7 -7 -7 0 0
0 36 57 3 4 7 -7 7 7 0 0
0 36 58 3 4 -7 7 -7 -7 0 0
0 36 59 3 4 7 -7 -7 7 0 0
0 36 60 3 4 7 -7 -7 -7 0 0
0 36 61 3 4 7 7 7 -7 0 0
0 36 62 3 4 -7 7 7 -7 0 0
0 36 63 3 4 -7 -7 7 7 0 0
0 36 64 3 4 -7 -7 -7 7 0 0
0 36 65 3 4 -7 7 -7 7 0 0
0 36 66 3 4 7 7 7 -7 0 0
0 36 67 3 4 7 7 -7 7 0 0
0 36 68 3 4 7 7 7 7 0 0
0 36 69 3 4 7 7 -7 7 0 0
0 36 70 3 4 7 -7 -7 -7 0 0
0 36 71 3 4 7 7 7 -7 0 0
0 36 72 3 4 7 7 7 -7 0 0
0 36 73 3 4 7 7 7 7 0 0
0 36 74 3 4 -7 -7 -7 -7 0 0
0 36 75 3 4 -7 -7 -7 -7 0 0
0 36 76 3 4 7 -7 7 -7 0 0
0 36 77 3 4 -7 7 7 -7 0 0
0 36 78 3 4 -7 7 -7 -7 0 0
0 36 79 3 4 7 -7 7 7 0 0
0 36 80 3 4 -7 7 -7 7 0 0
0 36 81 3 4 7 -7 -7 7 0 0
0 36 82 3 4 -7 7 -7 7 0 0
0 36 83 3 4 7 -7 7 -7 0 0
0 36 84 3 4 -7 7 -7 -7 0 0
0 36 85 3 4 -7 7 -7 7 0 0
0 36 86 3 4 7 -7 -7 -7 0 0
0 36 87 3 4 -7 -7 -7 7 0 0
0 36 88 3 4 -7 7 7 -7 0 0
0 36 89 3 4 7 7 -7 7 0 0
0 36 90 3 4 -7 7 7 -7 0 0
0 36 91 3 4 -7 -7 7 -7 0 0
0 36 92 3 4 -7 7 7 7 0 0
0 36 93 3 4 7 7 7 7 0 0
0 36 94 3 4 -7 -7 -7 7 0 0
0 36 95 3 4 -7 -7 -7 7 0 0
0 36 96 3 4 7 7 7 7 0 0
0 36 97 3 4 -7 7 -7 7 0 0
0 36 98 3 4 7 7 7 7 0 0
0 36 99 3 4 -7 7 -7 -7 0 0
0 36 100 3 4 -7 7 7 7 0 0
0 36 101 3 4 7 7 -7 -7 0 0
0 36 102 3 4 7 7 -7 -7 0 0
0 36 103 3 4 -7 -7 -7 7 0 0
0 36 104 3 4 -7 7 -7 -7 0 0
0 36 105 3 4 -7 7 -7 -7 0 0
0 36 106 3 4 -7 -7 7 7 0 0
0 36 107 3 4 -7 7 7 -7 0 0
0 36 108 3 4 -7 -7 7 7 0 0
0 36 109 3 4 7 7 -7 7 0 0
0 36 110 3 4 7 7 -7 -7 0 0
0 36 111 3 4 7 -7 7 7 0 0
0 36 112 3 4 -7 7 7 -7 0 0
0 36 113 3 4 7 7 -7 -7 0 0
0 36 114 3 4 -7 -7 -7 -7 0 0
0 36 115 3 4 7 7 -7 -7 0 0
0 36 116 3 4 -7 -7 -7 -7 0 0
0 36 117 3 4 7 7 -7 -7 0 0
0 36 118 3 4 -7 7 -7 7 0 0
0 36 119 3 4 7 -7 -7 7 0 0
0 36 120 3 4 -7 7 -7 -7 0 0
0 36 121 3 4 -7 -7 7 7 0 0
0 36 122 3 4 7 7 -7 -7 0 0
0 36 123 3 4 7 -7 7 -7 0 0
0 36 124 3 4 -7 -7 -7 -7 0 0
0 36 125 3 4 7 7 -7 -7 0 0
0 36 126 3 4 7 7 -7 -7 0 0
0 36 127 3 4 -7 7 7 -7 0 0
0 36 128 3 4 7 7 -7 -7 0 0
0 36 129 3 4 7 -7 7 7 0 0
0 36 130 3 4 7 -7 7 -7 0 0
0 36 131 3 4 7 7 -7 -7 0 0
0 36 132 3 4 -7 -7 7 -7 0 0
0 36 133 3 4 7 -7 -7 -7 0 0
0 36 134 3 4 -7 7 7 7 0 0
0 36 135 3 4 7 -7 -7 -7 0 0
0 36 136 3 4 -7 7 -7 7 0 0
0 36 137 3 4 -7 -7 -7 -7 0 0
0 36 138 3 4 -7 -7 -7 -7 0 0
0 36 139 3 4 -7 -7 -7 7 0 0
0 36 140 3 4 7 -7 7 7 0 0
0 36 141 3 4 -7 -7 7 -7 0 0
0 36 142 3 4 -7 7 7 7 0 0
0 36 143 3 4 -7 -7 7 -7 0 0
0 36 144 3 4 -7 7 -7 7 0 0
0 36 145 3 4 -7 -7 -7 7 0 0
0 36 146 3 4 -7 -7 -7 7 0 0
0 36 147 3 4 -7 7 7 7 0 0
0 36 148 3 4 -7 7 -7 7 0 0
0 36 149 3 4 7 7 -7 7 0 0
0 36 150 3 4 7 7 -7 7 0 0
0 36 151 3 4 -7 7 7 -7 0 0
0 36 152 3 4 7 -7 7 7 0 0
0 36 153 3 4 -7 -7 7 7 0 0
0 36 154 3 4 -7 -7 -7 -7 0 0
0 36 155 3 4 -7 -7 -7 -7 0 0
0 36 156 3 4 -7 -7 -7 7 0 0
0 36 157 3 4 7 -7 -7 -7 0 0
0 36 158 3 4 7 7 -7 -7 0 0
0 36 159 3 4 7 -7 7 -7 0 0
0 36 160 3 4 -7 -7 -7 7 0 0
0 36 161 3 4 7 7 -7 -7 0 0
0 36 162 3 4 7 7 7 -7 0 0
0 36 163 3 4 -7 7 7 7 0 0
0 36 164 3 4 -7 -7 -7 7 0 0
0 36 165 3 4 7 -7 7 -7 0 0
0 36 166 3 4 7 -7 -7 7 0 0
0 36 167 3 4 -7 -7 7 7 0 0
0 36 168 3 4 7 7 7 7 0 0
0 36 169 3 4 7 -7 -7 -7 0 0
0 36 170 3 4 7 -7 -7 -7 0 0
0 36 171 3 4 -7 7 -7 7 0 0
0 36 172 3 4 7 7 -7 -7 0 0
0 36 173 3 4 7 7 -7 -7 0 0
0 36 174 3 4 7 -7 7 -7 0 0
0 36 175 3 4 -7 -7 -7 -7 0 0
0 36 176 3 4 7 7 7 7 0 0
0 36 177 3 4 7 -7 -7 7 0 0
0 36 178 3 4 7 -7 -7 -7 0 0
0 36 179 3 4 7 7 7 7 0 0
0 36 180 3 4 -7 7 -7 7 0 0
0 36 181 3 4 7 7 -7 -7 0 0
0 36 182 3 4 -7 7 7 -7 0 0
0 36 183 3 4 7 -7 7 7 0 0
0 36 184 3 4 -7 -7 7 7 0 0
0 36 185 3 4 -7 -7 7 7 0 0
0 36 186 3 4 -7 7 7 7 0 0
0 36 187 3 4 -7 -7 -7 7 0 0
0 36 188 3 4 -7 7 -7 -7 0 0
0 36 189 3 4 -7 7 7 7 0 0
0 36 190 3 4 7 -7 7 7 0 0
0 36 191 3 4 -7 7 -7 -7 0 0
0 36 192 3 4 -7 -7 -7 -7 0 0
0 36 193 3 4 7 7 7 7 0 0
0 36 194 3 4 7 7 7 7 0 0
0 36 195 3 4 7 -7 -7 7 0 0
0 36 196 3 4 7 7 7 7 0 0
0 36 197 3 4 7 7 -7 7 0 0
0 36 198 3 4 -7 -7 -7 -7 0 0
0 36 199 3 4 -7 7 -7 -7 0 0
0 36 200 3 4 -7 7 -7 7 0 0
0 36 201 3 4 7 7 7 7 0 0
0 36 202 3 4 7 7 -7 -7 0 0
0 36 203 3 4 -7 7 -7 -7 0 0
0 36 204 3 4 -7 -7 -7 -7 0 0
0 36 205 3 4 7 7 -7 -7 0 0
0 36 206 3 4 -7 -7 7 7 0 0
0 36 207 3 4 -7 -7 -7 7 0 0
0 36 208 3 4 -7 7 -7 7 0 0
0 36 209 3 4 -7 -7 7 -7 0 0
0 36 210 3 4 7 7 7 7 0 0
0 36 211 3 4 7 -7 -7 7 0 0
0 36 212 3 4 7 7 7 7 0 0
0 36 213 3 4 -7 -7 -7 7 0 0
0 36 214 3 4 7 7 -7 -7 0 0
0 36 215 3 4 7 -7 7 7 0 0
0 37 0 3 4 -7 7 7 -7 0 0
0 37 1 3 4 7 -7 7 -7 0 0
0 37 2 3 4 -7 7 7 7 0 0
0 37 3 3 4 7 7 -7 7 0 0
0 37 4 3 4 -7 -7 7 7 0 0
0 37 5 3 4 -7 -7 -7 7 0 0
0 37 6 3 4 7 7 -7 7 0 0
0 37 7 3 4 -7 7 -7 -7 0 0
0 37 8 3 4 -7 -7 7 -7 0 0
0 37 9 3 4 -7 7 7 7 0 0
0 37 10 3 4 7 -7 -7 7 0 0
0 37 11 3 4 7 7 7 7 0 0
0 37 12 3 4 7 -7 -7 -7 0 0
0 37 13 3 4 7 7 7 7 0 0
0 37 14 3 4 -7 -7 7 7 0 0
0 37 15 3 4 7 -7 7 -7 0 0
0 37 16 3 4 -7 7 -7 7 0 0
0 37 17 3 4 -7 7 7 7 0 0
0 37 18 3 4 -7 7 7 -7 0 0
0 37 19 3 4 -7 -7 -7 -7 0 0
0 37 20 3 4 -7 7 -7 7 0 0
0 37 21 3 4 -7 7 -7 -7 0 0
0 37 22 3 4 7 -7 -7 -7 0 0
0 37 23 3 4 -7 -7 -7 -7 0 0
0 37 24 3 4 7 7 -7 7 0 0
0 37 25 3 4 -7 -7 7 -7 0 0
0 37 26 3 4 7 -7 -7 -7 0 0
0 37 27 3 4 7 7 -7 7 0 0
0 37 28 3 4 -7 7 7 7 0 0
0 37 29 3 4 -7 -7 7 -7 0 0
0 37 30 3 4 -7 -7 -7 7 0 0
0 37 31 3 4 7 7 -7 -7 0 0
0 37 32 3 4 -7 7 -7 -7 0 0
0 37 33 3 4 7 -7 -7 7 0 0
0 37 34 3 4 -7 -7 -7 -7 0 0
0 37 35 3 4 7 7 -7 -7 0 0
0 37 36 3 4 7 -7 7 7 0 0
0 37 37 3 4 -7 7 7 -7 0 0
0 37 38 3 4 7 7 -7 7 0 0
0 37 39 3 4 7 7 -7 -7 0 0
0 37 40 3 4 7 7 7 7 0 0
0 37 41 3 4 -7 7 -7 -7 0 0
0 37 42 3 4 -7 7 7 7 0 0
0 37 43 3 4 -7 7 7 -7 0 0
0 37 44 3 4 -7 7 7 7 0 0
0 37 45 3 4 -7 -7 -7 -7 0 0
0 37 46 3 4 -7 -7 7 7 0 0
0 37 47 3 4 -7 7 7 7 0 0
0 37 48 3 4 -7 -7 7 7 0 0
0 37 49 3 4 7 7 7 -7 0 0
0 37 50 3 4 -7 -7 7 -7 0 0
0 37 51 3 4 7 -7 7 7 0 0
0 37 52 3 4 7 -7 -7 7 0 0
0 37 53 3 4 7 7 -7 -7 0 0
0 37 54 3 4 7 7 7 7 0 0
0 37 55 3 4 -7 -7 7 7 0 0
0 37 56 3 4 7 7 7 -7 0 0
0 37 57 3 4 7 -7 7 7 0 0
0 37 58 3 4 7 -7 -7 -7 0 0
0 37 59 3 4 7 7 -7 -7 0 0
0 37 60 3 4 7 7 7 -7 0 0
0 37 61 3 4 -7 -7 -7 -7 0 0
0 37 62 3 4 7 7 -7 -7 0 0
0 37 63 3 4 -7 7 7 -7 0 0
0 37 64 3 4 -7 -7 7 -7 0 0
0 37 65 3 4 7 -7 -7 7 0 0
0 37 66 3 4 -7 7 7 7 0 0
0 37 67 3 4 -7 -7 -7 -7 0 0
0 37 68 3 4 7 -7 -7 -7 0 0
0 37 69 3 4 -7 7 -7 7 0 0
0 37 70 3 4 7 -7 7 -7 0 0
0 37 71 3 4 7 7 -7 -7 0 0
0 37 72 3 4 -7 -7 -7 7 0 0
0 37 73 3 4 7 -7 7 7 0 0
0 37 74 3 4 7 7 -7 -7 0 0
0 37 75 3 4 -7 7 -7 -7 0 0
0 37 76 3 4 7 -7 7 7 0 0
0 37 77 3 4 7 -7 -7 -7 0 0
0 37 78 3 4 -7 7 7 -7 0 0
0 37 79 3 4 7 7 -7 7 0 0
0 37 80 3 4 -7 -7 -7 7 0 0
0 37 81 3 4 7 7 7 7 0 0
0 37 82 3 4 -7 -7 7 -7 0 0
0 37 83 3 4 7 -7 7 7 0 0
0 37 84 3 4 7 -7 -7 -7 0 0
0 37 85 3 4 7 -7 7 -7 0 0
0 37 86 3 4 7 7 -7 -7 0 0
0 37 87 3 4 -7 7 7 7 0 0
0 37 88 3 4 7 -7 -7 7 0 0
0 37 89 3 4 -7 7 7 7 0 0
0 37 90 3 4 7 7 7 -7 0 0
0 37 91 3 4 7 7 -7 7 0 0
0 37 92 3 4 -7 -7 -7 7 0 0
0 37 93 3 4 7 7 -7 7 0 0
0 37 94 3 4 7 7 -7 -7 0 0
0 37 95 3 4 -7 -7 7 -7 0 0
0 37 96 3 4 -7 -7 7 7 0 0
0 37 97 3 4 -7 7 -7 -7 0 0
0 37 98 3 4 -7 7 7 -7 0 0
0 37 99 3 4 -7 7 7 7 0 0
0 37 100 3 4 -7 -7 -7 -7 0 0
0 37 101 3 4 7 -7 7 7 0 0
0 37 102 3 4 7 -7 7 -7 0 0
0 37 103 3 4 -7 -7 7 7 0 0
0 37 104 3 4 7 7 -7 -7 0 0
0 37 105 3 4 -7 -7 7 -7 0 0
0 37 106 3 4 -7 -7 -7 -7 0 0
0 37 107 3 4 7 7 -7 7 0 0
0 37 108 3 4 7 7 -7 -7 0 0
0 37 109 3 4 7 7 7 -7 0 0
0 37 110 3 4 -7 7 -7 -7 0 0
0 37 111 3 4 7 7 7 7 0 0
0 37 112 3 4 -7 -7 -7 7 0 0
0 37 113 3 4 7 -7 7 -7 0 0
0 37 114 3 4 -7 7 7 -7 0 0
0 37 115 3 4 -7 7 -7 -7 0 0
0 37 116 3 4 -7 7 -7 7 0 0
0 37 117 3 4 7 -7 7 7 0 0
0 37 118 3 4 -7 7 7 7 0 0
0 37 119 3 4 -7 -7 -7 -7 0 0
0 37 120 3 4 -7 -7 -7 7 0 0
0 37 121 3 4 7 7 7 7 0 0
0 37 122 3 4 -7 7 7 -7 0 0
0 37 123 3 4 7 7 -7 7 0 0
0 37 124 3 4 7 -7 7 -7 0 0
0 37 125 3 4 7 7 7 -7 0 0
0 37 126 3 4 7 -7 7 7 0 0
0 37 127 3 4 -7 7 7 -7 0 0
0 37 128 3 4 -7 -7 -7 -7 0 0
0 37 129 3 4 7 -7 -7 7 0 0
0 37 130 3 4 -7 7 7 -7 0 0
0 37 131 3 4 7 7 -7 7 0 0
0 37 132 3 4 -7 -7 -7 7 0 0
0 37 133 3 4 -7 -7 -7 -7 0 0
0 37 134 3 4 7 -7 -7 7 0 0
0 37 135 3 4 -7 -7 7 7 0 0
0 37 136 3 4 -7 7 -7 -7 0 0
0 37 137 3 4 -7 -7 7 7 0 0
0 37 138 3 4 -7 -7 -7 7 0 0
0 37 139 3 4 -7 7 -7 7 0 0
0 37 140 3 4 -7 7 7 -7 0 0
0 37 141 3 4 7 7 -7 7 0 0
0 37 142 3 4 -7 -7 -7 -7 0 0
0 37 143 3 4 7 -7 7 -7 0 0
0 37 144 3 4 7 -7 7 -7 0 0
0 37 145 3 4 7 7 7 7 0 0
0 37 146 3 4 -7 7 -7 -7 0 0
0 37 147 3 4 -7 7 -7 -7 0 0
0 37 148 3 4 7 7 -7 -7 0 0
0 37 149 3 4 7 7 -7 -7 0 0
0 37 150 3 4 -7 -7 7 -7 0 0
0 37 151 3 4 7 -7 -7 -7 0 0
0 37 152 3 4 7 7 -7 -7 0 0
0 37 153 3 4 -7 -7 7 7 0 0
0 37 154 3 4 7 7 7 7 0 0
0 37 155 3 4 -7 -7 7 7 0 0
0 37 156 3 4 -7 7 7 -7 0 0
0 37 157 3 4 7 7 7 7 0 0
0 37 158 3 4 -7 -7 7 7 0 0
0 37 159 3 4 7 -7 7 -7 0 0
0 37 160 3 4 7 7 -7 -7 0 0
0 37 161 3 4 7 -7 -7 -7 0 0
0 37 162 3 4 7 7 -7 -7 0 0
0 37 163 3 4 7 7 7 7 0 0
0 37 164 3 4 -7 -7 -7 -7 0 0
0 37 165 3 4 7 -7 -7 -7 0 0
0 37 166 3 4 7 7 7 -7 0 0
0 37 167 3 4 -7 -7 -7 7 0 0
0 37 168 3 4 7 7 -7 7 0 0
0 37 169 3 4 7 7 7 7 0 0
0 37 170 3 4 -7 -7 -7 -7 0 0
0 37 171 3 4 -7 -7 7 7 0 0
0 37 172 3 4 -7 -7 7 7 0 0
0 37 173 3 4 -7 -7 7 -7 0 0
0 37 174 3 4 7 7 7 7 0 0
0 37 175 3 4 -7 -7 7 -7 0 0
0 37 176 3 4 7 -7 -7 -7 0 0
0 37 177 3 4 -7 7 -7 -7 0 0
0 37 178 3 4 7 -7 7 -7 0 0
0 37 179 3 4 7 -7 -7 7 0 0
0 37 180 3 4 -7 7 -7 -7 0 0
0 37 181 3 4 7 7 -7 -7 0 0
0 37 182 3 4 -7 7 -7 -7 0 0
0 37 183 3 4 7 -7 -7 -7 0 0
0 37 184 3 4 7 7 -7 -7 0 0
0 37 185 3 4 -7 7 -7 -7 0 0
0 37 186 3 4 7 7 7 -7 0 0
0 37 187 3 4 -7 -7 7 -7 0 0
0 37 188 3 4 -7 -7 7 7 0 0
0 37 189 3 4 7 -7 -7 7 0 0
0 37 190 3 4 7 7 -7 -7 0 0
0 37 191 3 4 -7 7 7 7 0 0
0 37 192 3 4 7 7 7 7 0 0
0 37 193 3 4 -7 7 7 7 0 0
0 37 194 3 4 -7 7 7 -7 0 0
0 37 195 3 4 7 7 -7 -7 0 0
0 37 196 3 4 -7 7 -7 7 0 0
0 37 197 3 4 7 -7 -7 -7 0 0
0 37 198 3 4 7 7 -7 7 0 0
0 37 199 3 4 7 7 7 -7 0 0
0 37 200 3 4 7 7 7 -7 0 0
0 37 201 3 4 -7 7 -7 7 0 0
0 37 202 3 4 -7 7 7 7 0 0
0 37 203 3 4 -7 -7 -7 7 0 0
0 37 204 3 4 7 7 7 7 0 0
0 37 205 3 4 7 7 7 7 0 0
0 37 206 3 4 -7 7 -7 7 0 0
0 37 207 3 4 7 -7 7 -7 0 0
0 37 208 3 4 7 -7 -7 -7 0 0
0 37 209 3 4 7 -7 7 7 0 0
0 37 210 3 4 7 -7 7 -7 0 0
0 37 211 3 4 7 7 7 -7 0 0
0 37 212 3 4 7 7 7 -7 0 0
0 37 213 3 4 -7 -7 7 -7 0 0
0 37 214 3 4 7 -7 7 7 0 0
0 37 215 3 4 7 7 7 7 0 0
0 38 0 3 4 -7 7 7 7 0 0
0 38 1 3 4 7 7 7 7 0 0
0 38 2 3 4 7 7 -7 7 0 0
0 38 3 3 4 -7 -7 7 7 0 0
0 38 4 3 4 -7 -7 7 -7 0 0
0 38 5 3 4 -7 7 -7 7 0 0
0 38 6 3 4 -7 -7 -7 7 0 0
0 38 7 3 4 7 -7 -7 -7 0 0
0 38 8 3 4 7 7 -7 -7 0 0
0 38 9 3 4 -7 7 -7 -7 0 0
0 38 10 3 4 -7 7 -7 -7 0 0
0 38 11 3 4 7 -7 -7 -7 0 0
0 38 12 3 4 -7 7 7 7 0 0
0 38 13 3 4 7 -7 -7 7 0 0
0 38 14 3 4 -7 7 7 -7 0 0
0 38 15 3 4 7 -7 7 7 0 0
0 38 16 3 4 7 7 7 -7 0 0
0 38 17 3 4 7 7 -7 -7 0 0
0 38 18 3 4 7 -7 7 -7 0 0
0 38 19 3 4 7 7 7 -7 0 0
0 38 20 3 4 -7 -7 7 -7 0 0
0 38 21 3 4 -7 -7 7 7 0 0
0 38 22 3 4 7 7 -7 -7 0 0
0 38 23 3 4 7 7 7 -7 0 0
0 38 24 3 4 -7 7 -7 7 0 0
0 38 25 3 4 -7 -7 7 7 0 0
0 38 26 3 4 -7 7 7 -7 0 0
0 38 27 3 4 7 -7 7 -7 0 0
0 38 28 3 4 7 -7 7 -7 0 0
0 38 29 3 4 7 -7 -7 7 0 0
0 38 30 3 4 7 -7 7 -7 0 0
0 38 31 3 4 7 7 7 -7 0 0
0 38 32 3 4 7 -7 -7 -7 0 0
0 38 33 3 4 7 7 7 7 0 0
0 38 34 3 4 7 7 -7 7 0 0
0 38 35 3 4 -7 -7 7 -7 0 0
0 38 36 3 4 7 7 7 -7 0 0
0 38 37 3 4 -7 -7 -7 -7 0 0
0 38 38 3 4 7 7 7 -7 0 0
0 38 39 3 4 7 7 -7 -7 0 0
0 38 40 3 4 7 7 7 -7 0 0
0 38 41 3 4 -7 -7 7 7 0 0
0 38 42 3 4 7 -7 7 -7 0 0
0 38 43 3 4 7 7 7 -7 0 0
0 38 44 3 4 -7 -7 7 7 0 0
0 38 45 3 4 7 -7 7 -7 0 0
0 38 46 3 4 7 -7 7 -7 0 0
0 38 47 3 4 7 -7 -7 7 0 0
0 38 48 3 4 7 -7 7 7 0 0
0 38 49 3 4 -7 -7 -7 -7 0 0
0 38 50 3 4 7 -7 7 7 0 0
0 38 51 3 4 -7 -7 -7 -7 0 0
0 38 52 3 4 7 7 -7 7 0 0
0 38 53 3 4 -7 -7 -7 -7 0 0
0 38 54 3 4 -7 -7 7 -7 0 0
0 38 55 3 4 -7 -7 7 7 0 0
0 38 56 3 4 -7 7 7 -7 0 0
0 38 57 3 4 7 7 -7 7 0 0
0 38 58 3 4 7 7 -7 -7 0 0
0 38 59 3 4 -7 7 -7 7 0 0
0 38 60 3 4 -7 -7 7 7 0 0
0 38 61 3 4 7 -7 -7 7 0 0
0 38 62 3 4 -7 -7 -7 7 0 0
0 38 63 3 4 -7 -7 -7 -7 0 0
0 38 64 3 4 7 7 -7 -7 0 0
0 38 65 3 4 7 -7 -7 -7 0 0
0 38 66 3 4 7 -7 7 -7 0 0
0 38 67 3 4 -7 7 7 7 0 0
0 38 68 3 4 7 -7 7 7 0 0
0 38 69 3 4 -7 -7 7 7 0 0
0 38 70 3 4 7 -7 -7 -7 0 0
0 38 71 3 4 -7 7 7 -7 0 0
0 38 72 3 4 -7 7 -7 7 0 0
0 38 73 3 4 -7 7 7 -7 0 0
0 38 74 3 4 7 7 -7 -7 0 0
0 38 75 3 4 7 -7 7 -7 0 0
0 38 76 3 4 -7 -7 7 7 0 0
0 38 77 3 4 7 7 -7 7 0 0
0 38 78 3 4 7 -7 7 -7 0 0
0 38 79 3 4 7 7 7 -7 0 0
0 38 80 3 4 7 7 7 -7 0 0
0 38 81 3 4 7 -7 7 -7 0 0
0 38 82 3 4 -7 -7 7 7 0 0
0 38 83 3 4 7 7 7 7 0 0
0 38 84 3 4 7 7 -7 7 0 0
0 38 85 3 4 -7 7 -7 7 0 0
0 38 86 3 4 7 -7 -7 -7 0 0
0 38 87 3 4 7 7 -7 7 0 0
0 38 88 3 4 -7 -7 7 -7 0 0
0 38 89 3 4 7 -7 -7 -7 0 0
0 38 90 3 4 -7 -7 -7 7 0 0
0 38 91 3 4 7 -7 -7 7 0 0
0 38 92 3 4 7 7 -7 7 0 0
0 38 93 3 4 -7 7 -7 -7 0 0
0 38 94 3 4 7 -7 -7 7 0 0
0 38 95 3 4 7 -7 -7 7 0 0
0 38 96 3 4 -7 7 7 7 0 0
0 38 97 3 4 -7 -7 7 -7 0 0
0 38 98 3 4 7 -7 -7 -7 0 0
0 38 99 3 4 7 -7 -7 7 0 0
0 38 100 3 4 7 -7 -7 7 0 0
0 38 101 3 4 7 7 -7 7 0 0
0 38 102 3 4 7 -7 -7 -7 0 0
0 38 103 3 4 7 -7 -7 7 0 0
0 38 104 3 4 -7 7 -7 7 0 0
0 38 105 3 4 -7 -7 -7 7 0 0
0 38 106 3 4 7 7 -7 -7 0 0
0 38 107 3 4 7 7 -7 7 0 0
0 38 108 3 4 7 -7 -7 -7 0 0
0 38 109 3 4 7 7 -7 -7 0 0
0 38 110 3 4 7 7 7 7 0 0
0 38 111 3 4 7 7 7 -7 0 0
0 38 112 3 4 -7 -7 7 7 0 0
0 38 113 3 4 -7 -7 -7 -7 0 0
0 38 114 3 4 7 -7 -7 -7 0 0
0 38 115 3 4 -7 7 -7 -7 0 0
0 38 116 3 4 -7 -7 -7 7 0 0
0 38 117 3 4 -7 7 -7 7 0 0
0 38 118 3 4 -7 7 7 7 0 0
0 38 119 3 4 -7 7 7 -7 0 0
0 38 120 3 4 7 7 7 -7 0 0
0 38 121 3 4 -7 -7 -7 7 0 0
0 38 122 3 4 7 -7 -7 -7 0 0
0 38 123 3 4 -7 -7 7 -7 0 0
0 38 124 3 4 -7 7 7 -7 0 0
0 38 125 3 4 -7 -7 -7 -7 0 0
0 38 126 3 4 -7 7 7 -7 0 0
0 38 127 3 4 7 7 7 7 0 0
0 38 128 3 4 7 7 -7 -7 0 0
0 38 129 3 4 -7 7 -7 7 0 0
0 38 130 3 4 -7 7 7 7 0 0
0 38 131 3 4 -7 -7 7 -7 0 0
0 38 132 3 4 7 -7 -7 -7 0 0
0 38 133 3 4 7 -7 7 7 0 0
0 38 134 3 4 7 7 -7 -7 0 0
0 38 135 3 4 -7 -7 -7 7 0 0
0 38 136 3 4 -7 -7 -7 -7 0 0
0 38 137 3 4 -7 7 -7 -7 0 0
0 38 138 3 4 -7 7 7 -7 0 0
0 38 139 3 4 7 -7 7 -7 0 0
0 38 140 3 4 -7 -7 -7 7 0 0
0 38 141 3 4 7 7 7 -7 0 0
0 38 142 3 4 -7 7 -7 -7 0 0
0 38 143 3 4 -7 7 -7 -7 0 0
0 38 144 3 4 -7 -7 -7 7 0 0
0 38 145 3 4 -7 7 7 -7 0 0
0 38 146 3 4 -7 -7 7 7 0 0
0 38 147 3 4 -7 7 7 -7 0 0
0 38 148 3 4 -7 7 -7 -7 0 0
0 38 149 3 4 -7 -7 -7 -7 0 0
0 38 150 3 4 7 7 -7 -7 0 0
0 38 151 3 4 7 -7 7 7 0 0
0 38 152 3 4 -7 7 -7 7 0 0
0 38 153 3 4 7 7 7 -7 0 0
0 38 154 3 4 -7 7 -7 -7 0 0
0 38 155 3 4 7 -7 7 -7 0 0
0 38 156 3 4 -7 -7 7 -7 0 0
0 38 157 3 4 7 7 7 7 0 0
0 38 158 3 4 -7 7 -7 7 0 0
0 38 159 3 4 -7 7 7 7 0 0
0 38 160 3 4 -7 -7 -7 7 0 0
0 38 161 3 4 -7 -7 7 7 0 0
0 38 162 3 4 7 -7 -7 7 0 0
0 38 163 3 4 7 -7 -7 -7 0 0
0 38 164 3 4 7 -7 -7 -7 0 0
0 38 165 3 4 7 -7 -7 -7 0 0
0 38 166 3 4 -7 7 7 -7 0 0
0 38 167 3 4 7 7 -7 7 0 0
0 38 168 3 4 7 7 -7 -7 0 0
0 38 169 3 4 -7 7 -7 -7 0 0
0 38 170 3 4 -7 7 7 7 0 0
0 38 171 3 4 -7 7 -7 -7 0 0
0 38 172 3 4 -7 -7 -7 -7 0 0
0 38 173 3 4 7 -7 7 7 0 0
0 38 174 3 4 -7 7 -7 7 0 0
0 38 175 3 4 7 -7 7 7 0 0
0 38 176 3 4 7 7 7 7 0 0
0 38 177 3 4 7 -7 7 -7 0 0
0 38 178 3 4 -7 -7 7 -7 0 0
0 38 179 3 4 -7 7 7 7 0 0
0 38 180 3 4 7 7 -7 -7 0 0
0 38 181 3 4 -7 -7 -7 7 0 0
0 38 182 3 4 7 7 7 7 0 0
0 38 183 3 4 -7 7 7 -7 0 0
0 38 184 3 4 7 7 7 -7 0 0
0 38 185 3 4 -7 7 -7 -7 0 0
0 38 186 3 4 -7 -7 -7 7 0 0
0 38 187 3 4 -7 -7 -7 7 0 0
0 38 188 3 4 7 7 7 -7 0 0
0 38 189 3 4 -7 -7 -7 7 0 0
0 38 190 3 4 -7 7 -7 -7 0 0
0 38 191 3 4 -7 7 7 7 0 0
0 38 192 3 4 -7 7 -7 -7 0 0
0 38 193 3 4 7 -7 -7 -7 0 0
0 38 194 3 4 7 7 7 -7 0 0
0 38 195 3 4 7 -7 7 -7 0 0
0 38 196 3 4 -7 -7 7 7 0 0
0 38 197 3 4 7 7 -7 7 0 0
0 38 198 3 4 -7 7 7 -7 0 0
0 38 199 3 4 -7 7 -7 -7 0 0
0 38 200 3 4 7 -7 7 7 0 0
0 38 201 3 4 7 7 -7 -7 0 0
0 38 202 3 4 -7 -7 -7 -7 0 0
0 38 203 3 4 -7 7 7 7 0 0
0 38 204 3 4 -7 -7 -7 -7 0 0
0 38 205 3 4 -7 -7 -7 -7 0 0
0 38 206 3 4 -7 -7 -7 7 0 0
0 38 207 3 4 7 -7 -7 7 0 0
0 38 208 3 4 -7 -7 -7 7 0 0
0 38 209 3 4 -7 -7 -7 7 0 0
0 38 210 3 4 7 7 -7 -7 0 0
0 38 211 3 4 -7 7 7 -7 0 0
0 38 212 3 4 7 7 -7 7 0 0
0 38 213 3 4 7 -7 7 7 0 0
0 38 214 3 4 7 7 -7 -7 0 0
0 38 215 3 4 7 -7 7 -7 0 0
0 39 0 3 4 -7 -7 7 -7 0 0
0 39 1 3 4 -7 -7 7 7 0 0
0 39 2 3 4 -7 -7 7 7 0 0
0 39 3 3 4 -7 7 -7 -7 0 0
0 39 4 3 4 7 7 7 7 0 0
0 39 5 3 4 7 -7 7 7 0 0
0 39 6 3 4 7 -7 7 7 0 0
0 39 7 3 4 -7 -7 -7 7 0 0
0 39 8 3 4 -7 7 -7 7 0 0
0 39 9 3 4 7 7 7 7 0 0
0 39 10 3 4 7 7 7 -7 0 0
0 39 11 3 4 -7 -7 -7 -7 0 0
0 39 12 3 4 7 7 7 7 0 0
0 39 13 3 4 -7 7 -7 -7 0 0
0 39 14 3 4 -7 -7 7 -7 0 0
0 39 15 3 4 7 7 7 7 0 0
0 39 16 3 4 7 7 7 -7 0 0
0 39 17 3 4 7 -7 -7 7 0 0
0 39 18 3 4 -7 -7 -7 -7 0 0
0 39 19 3 4 -7 -7 -7 -7 0 0
0 39 20 3 4 7 7 -7 -7 0 0
0 39 21 3 4 7 7 7 7 0 0
0 39 22 3 4 -7 -7 7 7 0 0
0 39 23 3 4 7 -7 7 -7 0 0
0 39 24 3 4 -7 -7 -7 -7 0 0
0 39 25 3 4 7 7 -7 -7 0 0
0 39 26 3 4 7 7 7 7 0 0
0 39 27 3 4 7 7 7 -7 0 0
0 39 28 3 4 -7 7 -7 -7 0 0
0 39 29 3 4 -7 -7 7 -7 0 0
0 39 30 3 4 7 7 -7 -7 0 0
0 39 31 3 4 -7 -7 -7 -7 0 0
0 39 32 3 4 -7 -7 -7 -7 0 0
0 39 33 3 4 7 7 7 7 0 0
0 39 34 3 4 7 7 7 -7 0 0
0 39 35 3 4 -7 -7 -7 -7 0 0
0 39 36 3 4 7 -7 -7 7 0 0
0 39 37 3 4 -7 7 7 -7 0 0
0 39 38 3 4 7 -7 7 7 0 0
0 39 39 3 4 7 7 -7 -7 0 0
0 39 40 3 4 7 7 7 7 0 0
0 39 41 3 4 7 -7 -7 -7 0 0
0 39 42 3 4 7 7 -7 7 0 0
0 39 43 3 4 7 -7 -7 7 0 0
0 39 44 3 4 -7 -7 7 7 0 0
0 39 45 3 4 -7 -7 -7 -7 0 0
0 39 46 3 4 -7 7 7 7 0 0
0 39 47 3 4 -7 -7 -7 7 0 0
0 39 48 3 4 -7 7 -7 -7 0 0
0 39 49 3 4 7 7 -7 7 0 0
0 39 50 3 4 -7 -7 7 7 0 0
0 39 51 3 4 -7 -7 7 -7 0 0
0 39 52 3 4 7 -7 7 7 0 0
0 39 53 3 4 7 -7 7 -7 0 0
0 39 54 3 4 7 -7 7 7 0 0
0 39 55 3 4 7 7 -7 7 0 0
0 39 56 3 4 7 -7 7 7 0 0
0 39 57 3 4 -7 7 7 7 0 0
0 39 58 3 4 -7 -7 7 7 0 0
0 39 59 3 4 -7 7 -7 -7 0 0
0 39 60 3 4 7 7 -7 7 0 0
0 39 61 3 4 -7 7 -7 -7 0 0
0 39 62 3 4 -7 7 -7 -7 0 0
0 39 63 3 4 7 7 7 7 0 0
0 39 64 3 4 7 7 7 -7 0 0
0 39 65 3 4 -7 -7 -7 7 0 0
0 39 66 3 4 7 7 -7 -7 0 0
0 39 67 3 4 -7 7 -7 -7 0 0
0 39 68 3 4 7 7 -7 7 0 0
0 39 69 3 4 -7 7 -7 -7 0 0
0 39 70 3 4 -7 -7 7 -7 0 0
0 39 71 3 4 7 7 7 -7 0 0
0 39 72 3 4 7 7 -7 -7 0 0
0 39 73 3 4 -7 -7 -7 7 0 0
0 39 74 3 4 7 -7 -7 7 0 0
0 39 75 3 4 7 7 7 -7 0 0
0 39 76 3 4 7 -7 7 7 0 0
0 39 77 3 4 7 -7 -7 -7 0 0
0 39 78 3 4 7 -7 -7 -7 0 0
0 39 79 3 4 7 7 -7 -7 0 0
0 39 80 3 4 7 -7 -7 7 0 0
0 39 81 3 4 -7 -7 -7 7 0 0
0 39 82 3 4 -7 -7 -7 7 0 0
0 39 83 3 4 -7 7 -7 7 0 0
0 39 84 3 4 7 7 7 7 0 0
0 39 85 3 4 7 -7 -7 7 0 0
0 39 86 3 4 7 -7 7 -7 0 0
0 39 87 3 4 -7 -7 -7 7 0 0
0 39 88 3 4 -7 -7 7 -7 0 0
0 39 89 3 4 -7 7 -7 7 0 0
0 39 90 3 4 -7 7 7 7 0 0
0 39 91 3 4 7 7 7 7 0 0
0 39 92 3 4 -7 7 7 -7 0 0
0 39 93 3 4 -7 7 7 -7 0 0
0 39 94 3 4 7 7 7 -7 0 0
0 39 95 3 4 7 -7 7 7 0 0
0 39 96 3 4 7 -7 7 -7 0 0
0 39 97 3 4 7 -7 7 7 0 0
0 39 98 3 4 -7 7 7 -7 0 0
0 39 99 3 4 7 7 7 7 0 0
0 39 100 3 4 -7 -7 -7 -7 0 0
0 39 101 3 4 7 7 7 7 0 0
0 39 102 3 4 -7 7 -7 7 0 0
0 39 103 3 4 -7 7 -7 -7 0 0
0 39 104 3 4 7 7 7 7 0 0
0 39 105 3 4 -7 7 7 7 0 0
0 39 106 3 4 -7 -7 -7 7 0 0
0 39 107 3 4 7 7 7 7 0 0
0 39 108 3 4 -7 -7 -7 7 0 0
0 39 109 3 4 7 7 7 7 0 0
0 39 110 3 4 7 -7 -7 -7 0 0
0 39 111 3 4 7 -7 -7 7 0 0
0 39 112 3 4 7 7 7 -7 0 0
0 39 113 3 4 7 -7 7 7 0 0
0 39 114 3 4 7 -7 7 -7 0 0
0 39 115 3 4 7 7 7 7 0 0
0 39 116 3 4 -7 7 7 -7 0 0
0 39 117 3 4 -7 7 7 7 0 0
0 39 118 3 4 7 7 7 -7 0 0
0 39 119 3 4 -7 -7 7 -7 0 0
0 39 120 3 4 -7 -7 -7 7 0 0
0 39 121 3 4 7 -7 7 -7 0 0
0 39 122 3 4 -7 7 7 -7 0 0
0 39 123 3 4 7 7 -7 -7 0 0
0 39 124 3 4 -7 7 -7 -7 0 0
0 39 125 3 4 -7 7 7 -7 0 0
0 39 126 3 4 -7 7 7 -7 0 0
0 39 127 3 4 -7 -7 7 -7 0 0
0 39 128 3 4 7 7 -7 -7 0 0
0 39 129 3 4 7 -7 -7 -7 0 0
0 39 130 3 4 7 -7 -7 -7 0 0
0 39 131 3 4 -7 7 7 -7 0 0
0 39 132 3 4 7 7 7 7 0 0
0 39 133 3 4 -7 -7 7 7 0 0
0 39 134 3 4 -7 -7 -7 -7 0 0
0 39 135 3 4 7 -7 -7 7 0 0
0 39 136 3 4 7 7 7 -7 0 0
0 39 137 3 4 7 7 7 7 0 0
0 39 138 3 4 7 -7 -7 -7 0 0
0 39 139 3 4 7 -7 -7 7 0 0
0 39 140 3 4 7 -7 7 7 0 0
0 39 141 3 4 7 -7 7 -7 0 0
0 39 142 3 4 7 -7 -7 7 0 0
0 39 143 3 4 -7 7 -7 -7 0 0
0 39 144 3 4 -7 7 7 7 0 0
0 39 145 3 4 7 -7 -7 -7 0 0
0 39 146 3 4 7 7 -7 -7 0 0
0 39 147 3 4 -7 7 -7 7 0 0
0 39 148 3 4 -7 -7 -7 -7 0 0
0 39 149 3 4 -7 7 -7 7 0 0
0 39 150 3 4 7 -7 7 7 0 0
0 39 151 3 4 7 7 -7 -7 0 0
0 39 152 3 4 7 7 7 -7 0 0
0 39 153 3 4 -7 -7 7 7 0 0
0 39 154 3 4 -7 -7 7 7 0 0
0 39 155 3 4 -7 7 7 -7 0 0
0 39 156 3 4 7 7 -7 -7 0 0
0 39 157 3 4 7 7 7 7 0 0
0 39 158 3 4 7 7 7 -7 0 0
0 39 159 3 4 7 7 -7 7 0 0
0 39 160 3 4 -7 -7 -7 7 0 0
0 39 161 3 4 -7 7 -7 -7 0 0
0 39 162 3 4 7 -7 -7 7 0 0
0 39 163 3 4 -7 7 7 7 0 0
0 39 164 3 4 -7 7 -7 -7 0 0
0 39 165 3 4 -7 -7 7 7 0 0
0 39 166 3 4 -7 7 7 7 0 0
0 39 167 3 4 7 -7 7 -7 0 0
0 39 168 3 4 7 -7 -7 -7 0 0
0 39 169 3 4 7 7 -7 7 0 0
0 39 170 3 4 -7 7 7 7 0 0
0 39 171 3 4 7 7 -7 7 0 0
0 39 172 3 4 7 -7 7 7 0 0
0 39 173 3 4 -7 7 7 -7 0 0
0 39 174 3 4 7 -7 7 -7 0 0
0 39 175 3 4 7 7 -7 7 0 0
0 39 176 3 4 7 7 7 7 0 0
0 39 177 3 4 7 -7 -7 -7 0 0
0 39 178 3 4 -7 7 -7 -7 0 0
0 39 179 3 4 -7 7 7 7 0 0
0 39 180 3 4 7 -7 -7 7 0 0
0 39 181 3 4 -7 -7 -7 7 0 0
0 39 182 3 4 -7 7 -7 7 0 0
0 39 183 3 4 -7 7 7 7 0 0
0 39 184 3 4 -7 7 -7 7 0 0
0 39 185 3 4 7 7 7 7 0 0
0 39 186 3 4 7 -7 -7 -7 0 0
0 39 187 3 4 7 -7 -7 -7 0 0
0 39 188 3 4 -7 7 7 7 0 0
0 39 189 3 4 -7 7 -7 7 0 0
0 39 190 3 4 7 -7 -7 7 0 0
0 39 191 3 4 7 7 7 7 0 0
0 39 192 3 4 7 7 -7 -7 0 0
0 39 193 3 4 -7 7 -7 -7 0 0
0 39 194 3 4 7 7 -7 -7 0 0
0 39 195 3 4 -7 -7 7 -7 0 0
0 39 196 3 4 -7 -7 7 -7 0 0
0 39 197 3 4 -7 7 -7 -7 0 0
0 39 198 3 4 7 7 7 -7 0 0
0 39 199 3 4 7 -7 -7 -7 0 0
0 39 200 3 4 7 7 -7 -7 0 0
0 39 201 3 4 -7 7 7 -7 0 0
0 39 202 3 4 7 -7 7 7 0 0
0 39 203 3 4 -7 7 -7 7 0 0
0 39 204 3 4 7 7 -7 -7 0 0
0 39 205 3 4 7 -7 -7 -7 0 0
0 39 206 3 4 7 -7 7 -7 0 0
0 39 207 3 4 -7 -7 -7 -7 0 0
0 39 208 3 4 7 -7 7 7 0 0
0 39 209 3 4 -7 -7 -7 -7 0 0
0 39 210 3 4 -7 -7 7 -7 0 0
0 39 211 3 4 7 7 -7 -7 0 0
0 39 212 3 4 7 7 7 7 0 0
0 39 213 3 4 7 7 -7 7 0 0
0 39 214 3 4 7 -7 -7 7 0 0
0 39 215 3 4 7 -7 7 -7 0 0
0 40 0 3 4 -7 -7 7 7 0 0
0 40 1 3 4 -7 7 7 7 0 0
0 40 2 3 4 7 -7 -7 -7 0 0
0 40 3 3 4 -7 -7 7 -7 0 0
0 40 4 3 4 -7 7 -7 7 0 0
0 40 5 3 4 7 -7 7 7 0 0
0 40 6 3 4 -7 -7 7 7 0 0
0 40 7 3 4 7 -7 -7 7 0 0
0 40 8 3 4 -7 7 7 7 0 0
0 40 9 3 4 7 -7 -7 -7 0 0
0 40 10 3 4 7 -7 7 7 0 0
0 40 11 3 4 -7 7 -7 7 0 0
0 40 12 3 4 -7 7 7 7 0 0
0 40 13 3 4 7 7 -7 -7 0 0
0 40 14 3 4 7 -7 7 -7 0 0
0 40 15 3 4 7 7 7 -7 0 0
0 40 16 3 4 7 7 -7 7 0 0
0 40 17 3 4 -7 -7 7 -7 0 0
0 40 18 3 4 -7 7 7 7 0 0
0 40 19 3 4 -7 7 7 7 0 0
0 40 20 3 4 7 -7 7 -7 0 0
0 40 21 3 4 7 -7 7 7 0 0
0 40 22 3 4 -7 7 7 7 0 0
0 40 23 3 4 -7 7 -7 -7 0 0
0 40 24 3 4 7 7 7 -7 0 0
0 40 25 3 4 -7 7 7 7 0 0
0 40 26 3 4 -7 7 -7 -7 0 0
0 40 27 3 4 7 7 7 7 0 0
0 40 28 3 4 -7 -7 7 -7 0 0
0 40 29 3 4 7 7 -7 7 0 0
0 40 30 3 4 7 7 7 -7 0 0
0 40 31 3 4 7 -7 -7 -7 0 0
0 40 32 3 4 -7 -7 7 -7 0 0
0 40 33 3 4 -7 7 7 7 0 0
0 40 34 3 4 -7 -7 7 7 0 0
0 40 35 3 4 -7 7 -7 -7 0 0
0 40 36 3 4 -7 7 -7 -7 0 0
0 40 37 3 4 7 7 -7 7 0 0
0 40 38 3 4 -7 -7 -7 7 0 0
0 40 39 3 4 7 -7 -7 7 0 0
0 40 40 3 4 -7 7 -7 7 0 0
0 40 41 3 4 7 7 -7 7 0 0
0 40 42 3 4 7 7 -7 7 0 0
0 40 43 3 4 -7 7 -7 -7 0 0
0 40 44 3 4 7 7 7 -7 0 0
0 40 45 3 4 7 7 7 -7 0 0
0 40 46 3 4 7 -7 7 7 0 0
0 40 47 3 4 -7 7 7 7 0 0
0 40 48 3 4 7 -7 7 -7 0 0
0 40 49 3 4 7 7 -7 -7 0 0
0 40 50 3 4 7 7 -7 7 0 0
0 40 51 3 4 -7 7 7 7 0 0
0 40 52 3 4 7 -7 7 7 0 0
0 40 53 3 4 7 7 7 7 0 0
0 40 54 3 4 7 -7 7 -7 0 0
0 40 55 3 4 -7 7 -7 -7 0 0
0 40 56 3 4 -7 7 7 -7 0 0
0 40 57 3 4 -7 7 7 7 0 0
0 40 58 3 4 -7 -7 -7 -7 0 0
0 40 59 3 4 -7 7 -7 7 0 0
0 40 60 3 4 7 -7 -7 7 0 0
0 40 61 3 4 7 -7 -7 7 0 0
0 40 62 3 4 -7 -7 7 7 0 0
0 40 63 3 4 7 7 7 7 0 0
0 40 64 3 4 7 -7 7 -7 0 0
0 40 65 3 4 7 7 7 7 0 0
0 40 66 3 4 -7 -7 -7 -7 0 0
0 40 67 3 4 7 7 -7 -7 0 0
0 40 68 3 4 -7 7 -7 7 0 0
0 40 69 3 4 7 7 7 -7 0 0
0 40 70 3 4 7 -7 7 7 0 0
0 40 71 3 4 -7 -7 -7 7 0 0
0 40 72 3 4 -7 -7 -7 -7 0 0
0 40 73 3 4 -7 -7 7 -7 0 0
0 40 74 3 4 -7 7 7 -7 0 0
0 40 75 3 4 -7 -7 -7 -7 0 0
0 40 76 3 4 7 7 7 -7 0 0
0 40 77 3 4 7 7 7 7 0 0
0 40 78 3 4 -7 -7 -7 -7 0 0
0 40 79 3 4 7 -7 7 -7 0 0
0 40 80 3 4 7 -7 7 7 0 0
0 40 81 3 4 -7 -7 7 7 0 0
0 40 82 3 4 7 -7 -7 -7 0 0
0 40 83 3 4 -7 7 7 -7 0 0
0 40 84 3 4 -7 -7 -7 7 0 0
0 40 85 3 4 7 -7 7 7 0 0
0 40 86 3 4 -7 -7 -7 7 0 0
0 40 87 3 4 -7 -7 -7 7 0 0
0 40 88 3 4 -7 -7 -7 -7 0 0
0 40 89 3 4 -7 7 -7 -7 0 0
0 40 90 3 4 7 -7 -7 -7 0 0
0 40 91 3 4 -7 7 -7 -7 0 0
0 40 92 3 4 -7 -7 7 -7 0 0
0 40 93 3 4 7 7 -7 7 0 0
0 40 94 3 4 -7 -7 -7 7 0 0
0 40 95 3 4 -7 7 -7 -7 0 0
0 40 96 3 4 -7 -7 7 -7 0 0
0 40 97 3 4 -7 -7 7 7 0 0
0 40 98 3 4 -7 7 7 7 0 0
0 40 99 3 4 7 -7 -7 7 0 0
0 40 100 3 4 7 7 -7 -7 0 0
0 40 101 3 4 -7 7 7 7 0 0
0 40 102 3 4 -7 7 -7 -7 0 0
0 40 103 3 4 7 7 7 -7 0 0
0 40 104 3 4 7 7 -7 7 0 0
0 40 105 3 4 -7 7 -7 7 0 0
0 40 106 3 4 7 7 -7 7 0 0
0 40 107 3 4 7 -7 -7 7 0 0
0 40 108 3 4 -7 -7 7 7 0 0
0 40 109 3 4 -7 -7 -7 -7 0 0
0 40 110 3 4 -7 7 -7 7 0 0
0 40 111 3 4 7 -7 7 -7 0 0
0 40 112 3 4 7 7 -7 -7 0 0
0 40 113 3 4 7 -7 7 7 0 0
0 40 114 3 4 7 7 -7 7 0 0
0 40 115 3 4 7 -7 7 7 0 0
0 40 116 3 4 7 7 7 7 0 0
0 40 117 3 4 -7 7 7 -7 0 0
0 40 118 3 4 -7 7 -7 7 0 0
0 40 119 3 4 -7 7 7 -7 0 0
0 40 120 3 4 7 7 7 7 0 0
0 40 121 3 4 7 7 -7 7 0 0
0 40 122 3 4 7 -7 7 -7 0 0
0 40 123 3 4 -7 7 -7 -7 0 0
0 40 124 3 4 7 -7 -7 7 0 0
0 40 125 3 4 7 7 7 7 0 0
0 40 126 3 4 7 7 7 7 0 0
0 40 127 3 4 -7 7 -7 7 0 0
0 40 128 3 4 7 -7 7 -7 0 0
0 40 129 3 4 -7 7 7 7 0 0
0 40 130 3 4 -7 -7 7 -7 0 0
0 40 131 3 4 -7 -7 -7 7 0 0
0 40 132 3 4 -7 7 -7 -7 0 0
0 40 133 3 4 7 -7 7 7 0 0
0 40 134 3 4 -7 -7 -7 -7 0 0
0 40 135 3 4 -7 7 -7 7 0 0
0 40 136 3 4 -7 7 7 7 0 0
0 40 137 3 4 7 -7 -7 -7 0 0
0 40 138 3 4 7 -7 7 -7 0 0
0 40 139 3 4 -7 -7 7 -7 0 0
0 40 140 3 4 7 7 7 7 0 0
0 40 141 3 4 -7 7 -7 -7 0 0
0 40 142 3 4 7 7 7 -7 0 0
0 40 143 3 4 7 -7 -7 7 0 0
0 40 144 3 4 -7 7 7 7 0 0
0 40 145 3 4 7 -7 7 -7 0 0
0 40 146 3 4 -7 7 7 -7 0 0
0 40 147 3 4 -7 -7 7 7 0 0
0 40 148 3 4 -7 7 7 -7 0 0
0 40 149 3 4 7 -7 -7 7 0 0
0 40 150 3 4 7 -7 7 7 0 0
0 40 151 3 4 7 -7 7 -7 0 0
0 40 152 3 4 -7 7 -7 7 0 0
0 40 153 3 4 -7 7 -7 -7 0 0
0 40 154 3 4 -7 7 7 -7 0 0
0 40 155 3 4 7 -7 7 7 0 0
0 40 156 3 4 7 7 -7 -7 0 0
0 40 157 3 4 -7 7 -7 -7 0 0
0 40 158 3 4 -7 7 -7 7 0 0
0 40 159 3 4 7 7 7 7 0 0
0 40 160 3 4 -7 7 -7 7 0 0
0 40 161 3 4 -7 7 7 -7 0 0
0 40 162 3 4 7 7 -7 -7 0 0
0 40 163 3 4 -7 7 -7 7 0 0
0 40 164 3 4 7 7 7 7 0 0
0 40 165 3 4 7 7 -7 7 0 0
0 40 166 3 4 7 7 7 -7 0 0
0 40 167 3 4 -7 7 -7 -7 0 0
0 40 168 3 4 7 7 -7 -7 0 0
0 40 169 3 4 -7 7 7 7 0 0
0 40 170 3 4 7 -7 -7 7 0 0
0 40 171 3 4 -7 7 -7 -7 0 0
0 40 172 3 4 7 7 -7 -7 0 0
0 40 173 3 4 -7 7 7 7 0 0
0 40 174 3 4 7 -7 -7 -7 0 0
0 40 175 3 4 7 7 -7 7 0 0
0 40 176 3 4 -7 -7 -7 -7 0 0
0 40 177 3 4 7 -7 7 -7 0 0
0 40 178 3 4 7 -7 7 -7 0 0
0 40 179 3 4 -7 7 -7 7 0 0
0 40 180 3 4 -7 7 -7 -7 0 0
0 40 181 3 4 7 -7 -7 -7 0 0
0 40 182 3 4 -7 7 7 7 0 0
0 40 183 3 4 -7 -7 -7 7 0 0
0 40 184 3 4 7 7 7 -7 0 0
0 40 185 3 4 7 -7 7 7 0 0
0 40 186 3 4 7 7 7 -7 0 0
0 40 187 3 4 -7 7 7 7 0 0
0 40 188 3 4 7 -7 -7 7 0 0
0 40 189 3 4 -7 7 -7 -7 0 0
0 40 190 3 4 7 7 -7 7 0 0
0 40 191 3 4 7 7 7 7 0 0
0 40 192 3 4 7 7 -7 7 0 0
0 40 193 3 4 7 7 7 -7 0 0
0 40 194 3 4 7 7 -7 7 0 0
0 40 195 3 4 7 7 -7 -7 0 0
0 40 196 3 4 -7 7 7 -7 0 0
0 40 197 3 4 -7 -7 -7 7 0 0
0 40 198 3 4 -7 -7 -7 7 0 0
0 40 199 3 4 -7 7 7 -7 0 0
0 40 200 3 4 7 7 7 7 0 0
0 40 201 3 4 7 7 -7 -7 0 0
0 40 202 3 4 -7 -7 7 7 0 0
0 40 203 3 4 -7 -7 -7 7 0 0
0 40 204 3 4 7 7 7 7 0 0
0 40 205 3 4 -7 7 -7 -7 0 0
0 40 206 3 4 7 -7 7 -7 0 0
0 40 207 3 4 7 7 -7 -7 0 0
0 40 208 3 4 7 7 7 7 0 0
0 40 209 3 4 -7 -7 -7 7 0 0
0 40 210 3 4 7 7 -7 7 0 0
0 40 211 3 4 7 7 7 7 0 0
0 40 212 3 4 7 7 7 -7 0 0
0 40 213 3 4 -7 -7 7 -7 0 0
0 40 214 3 4 -7 7 7 -7 0 0
0 40 215 3 4 7 7 -7 7 0 0
0 41 0 3 4 -7 -7 7 -7 0 0
0 41 1 3 4 -7 -7 7 7 0 0
0 41 2 3 4 7 7 -7 7 0 0
0 41 3 3 4 7 -7 -7 -7 0 0
0 41 4 3 4 7 7 -7 -7 0 0
0 41 5 3 4 7 7 -7 -7 0 0
0 41 6 3 4 7 -7 7 7 0 0
0 41 7 3 4 -7 -7 -7 -7 0 0
0 41 8 3 4 7 -7 -7 -7 0 0
0 41 9 3 4 -7 -7 -7 7 0 0
0 41 10 3 4 -7 7 7 7 0 0
0 41 11 3 4 -7 7 7 7 0 0
0 41 12 3 4 -7 7 7 -7 0 0
0 41 13 3 4 7 7 -7 7 0 0
0 41 14 3 4 -7 -7 7 7 0 0
0 41 15 3 4 -7 7 -7 -7 0 0
0 41 16 3 4 7 7 -7 -7 0 0
0 41 17 3 4 -7 -7 -7 -7 0 0
0 41 18 3 4 7 7 7 7 0 0
0 41 19 3 4 7 -7 7 -7 0 0
0 41 20 3 4 7 -7 7 -7 0 0
0 41 21 3 4 -7 -7 -7 -7 0 0
0 41 22 3 4 7 7 -7 7 0 0
0 41 23 3 4 -7 7 7 7 0 0
0 41 24 3 4 -7 7 7 -7 0 0
0 41 25 3 4 -7 7 7 -7 0 0
0 41 26 3 4 -7 -7 7 -7 0 0
0 41 27 3 4 7 -7 7 7 0 0
0 41 28 3 4 -7 -7 7 7 0 0
0 41 29 3 4 7 7 -7 7 0 0
0 41 30 3 4 -7 -7 7 7 0 0
0 41 31 3 4 7 -7 -7 -7 0 0
0 41 32 3 4 -7 7 -7 7 0 0
0 41 33 3 4 7 7 7 7 0 0
0 41 34 3 4 7 7 -7 7 0 0
0 41 35 3 4 7 -7 7 -7 0 0
0 41 36 3 4 -7 -7 -7 7 0 0
0 41 37 3 4 -7 -7 -7 7 0 0
0 41 38 3 4 -7 7 -7 7 0 0
0 41 39 3 4 7 -7 7 -7 0 0
0 41 40 3 4 7 7 7 7 0 0
0 41 41 3 4 -7 -7 -7 -7 0 0
0 41 42 3 4 7 -7 -7 -7 0 0
0 41 43 3 4 -7 7 7 7 0 0
0 41 44 3 4 -7 -7 7 7 0 0
0 41 45 3 4 7 7 7 7 0 0
0 41 46 3 4 7 -7 7 7 0 0
0 41 47 3 4 7 7 7 -7 0 0
0 41 48 3 4 7 7 -7 -7 0 0
0 41 49 3 4 7 7 -7 -7 0 0
0 41 50 3 4 7 7 -7 7 0 0
0 41 51 3 4 7 -7 -7 -7 0 0
0 41 52 3 4 -7 -7 7 -7 0 0
0 41 53 3 4 7 7 7 -7 0 0
0 41 54 3 4 -7 7 7 7 0 0
0 41 55 3 4 -7 -7 7 7 0 0
0 41 56 3 4 7 7 7 7 0 0
0 41 57 3 4 7 7 -7 7 0 0
0 41 58 3 4 7 -7 7 7 0 0
0 41 59 3 4 -7 -7 7 7 0 0
0 41 60 3 4 7 -7 -7 -7 0 0
0 41 61 3 4 -7 7 7 7 0 0
0 41 62 3 4 7 -7 7 -7 0 0
0 41 63 3 4 -7 7 -7 -7 0 0
0 41 64 3 4 7 7 -7 7 0 0
0 41 65 3 4 7 -7 7 -7 0 0
0 41 66 3 4 -7 7 -7 -7 0 0
0 41 67 3 4 7 7 7 7 0 0
0 41 68 3 4 -7 7 7 7 0 0
0 41 69 3 4 7 7 -7 7 0 0
0 41 70 3 4 7 7 -7 -7 0 0
0 41 71 3 4 -7 -7 -7 -7 0 0
0 41 72 3 4 -7 7 -7 7 0 0
0 41 73 3 4 7 -7 7 -7 0 0
0 41 74 3 4 -7 -7 -7 7 0 0
0 41 75 3 4 7 -7 7 -7 0 0
0 41 76 3 4 -7 -7 -7 -7 0 0
0 41 77 3 4 7 7 7 -7 0 0
0 41 78 3 4 -7 7 -7 -7 0 0
0 41 79 3 4 7 -7 7 7 0 0
0 41 80 3 4 -7 -7 -7 -7 0 0
0 41 81 3 4 7 7 -7 -7 0 0
0 41 82 3 4 7 -7 -7 -7 0 0
0 41 83 3 4 -7 -7 -7 7 0 0
0 41 84 3 4 7 -7 -7 7 0 0
0 41 85 3 4 7 7 -7 -7 0 0
0 41 86 3 4 -7 -7 -7 -7 0 0
0 41 87 3 4 -7 7 7 7 0 0
0 41 88 3 4 7 -7 7 7 0 0
0 41 89 3 4 -7 7 -7 7 0 0
0 41 90 3 4 -7 -7 -7 7 0 0
0 41 91 3 4 -7 7 -7 7 0 0
0 41 92 3 4 -7 7 7 7 0 0
0 41 93 3 4 -7 7 -7 7 0 0
0 41 94 3 4 -7 7 -7 7 0 0
0 41 95 3 4 -7 7 7 -7 0 0
0 41 96 3 4 -7 -7 -7 -7 0 0
0 41 97 3 4 7 -7 7 -7 0 0
0 41 98 3 4 -7 -7 -7 -7 0 0
0 41 99 3 4 7 -7 -7 -7 0 0
0 41 100 3 4 -7 7 7 -7 0 0
0 41 101 3 4 -7 -7 7 7 0 0
0 41 102 3 4 -7 -7 7 7 0 0
0 41 103 3 4 -7 -7 -7 7 0 0
0 41 104 3 4 -7 7 7 -7 0 0
0 41 105 3 4 -7 7 -7 -7 0 0
0 41 106 3 4 7 -7 -7 7 0 0
0 41 107 3 4 -7 7 7 7 0 0
0 41 108 3 4 -7 7 -7 -7 0 0
0 41 109 3 4 -7 -7 7 7 0 0
0 41 110 3 4 7 -7 -7 7 0 0
0 41 111 3 4 7 -7 -7 7 0 0
0 41 112 3 4 7 -7 -7 -7 0 0
0 41 113 3 4 -7 -7 -7 7 0 0
0 41 114 3 4 -7 7 7 -7 0 0
0 41 115 3 4 -7 7 7 -7 0 0
0 41 116 3 4 -7 -7 7 7 0 0
0 41 117 3 4 7 7 7 -7 0 0
0 41 118 3 4 7 7 -7 -7 0 0
0 41 119 3 4 7 7 -7 -7 0 0
0 41 120 3 4 -7 7 7 7 0 0
0 41 121 3 4 7 -7 7 -7 0 0
0 41 122 3 4 7 7 7 7 0 0
0 41 123 3 4 -7 7 7 -7 0 0
0 41 124 3 4 -7 -7 -7 -7 0 0
0 41 125 3 4 -7 7 -7 -7 0 0
0 41 126 3 4 7 7 7 -7 0 0
0 41 127 3 4 -7 -7 -7 -7 0 0
0 41 128 3 4 -7 -7 7 -7 0 0
0 41 129 3 4 7 7 7 7 0 0
0 41 130 3 4 7 -7 7 7 0 0
0 41 131 3 4 7 -7 -7 -7 0 0
0 41 132 3 4 -7 7 -7 7 0 0
0 41 133 3 4 7 7 7 7 0 0
0 41 134 3 4 7 -7 7 7 0 0
0 41 135 3 4 7 7 -7 -7 0 0
0 41 136 3 4 -7 -7 7 -7 0 0
0 41 137 3 4 -7 -7 7 7 0 0
0 41 138 3 4 -7 -7 7 7 0 0
0 41 139 3 4 -7 -7 -7 7 0 0
0 41 140 3 4 -7 7 -7 -7 0 0
0 41 141 3 4 7 7 7 -7 0 0
0 41 142 3 4 -7 7 -7 -7 0 0
0 41 143 3 4 -7 7 -7 7 0 0
0 41 144 3 4 -7 -7 -7 -7 0 0
0 41 145 3 4 7 7 7 7 0 0
0 41 146 3 4 7 7 -7 -7 0 0
0 41 147 3 4 -7 -7 7 7 0 0
0 41 148 3 4 -7 -7 7 7 0 0
0 41 149 3 4 -7 -7 -7 -7 0 0
0 41 150 3 4 -7 7 7 7 0 0
0 41 151 3 4 7 -7 -7 7 0 0
0 41 152 3 4 7 -7 -7 7 0 0
0 41 153 3 4 -7 7 7 7 0 0
0 41 154 3 4 -7 -7 7 7 0 0
0 41 155 3 4 7 -7 7 -7 0 0
0 41 156 3 4 7 7 -7 7 0 0
0 41 157 3 4 -7 -7 -7 -7 0 0
0 41 158 3 4 7 -7 7 -7 0 0
0 41 159 3 4 7 -7 7 -7 0 0
0 41 160 3 4 -7 7 -7 -7 0 0
0 41 161 3 4 -7 7 7 -7 0 0
0 41 162 3 4 7 7 -7 -7 0 0
0 41 163 3 4 -7 -7 7 7 0 0
0 41 164 3 4 -7 -7 -7 7 0 0
0 41 165 3 4 7 7 7 -7 0 0
0 41 166 3 4 -7 -7 7 -7 0 0
0 41 167 3 4 -7 7 -7 -7 0 0
0 41 168 3 4 7 7 -7 7 0 0
0 41 169 3 4 7 7 7 -7 0 0
0 41 170 3 4 7 7 -7 -7 0 0
0 41 171 3 4 7 7 -7 7 0 0
0 41 172 3 4 -7 -7 7 -7 0 0
0 41 173 3 4 -7 7 -7 -7 0 0
0 41 174 3 4 7 -7 7 7 0 0
0 41 175 3 4 7 -7 -7 7 0 0
0 41 176 3 4 7 -7 -7 -7 0 0
0 41 177 3 4 7 7 -7 7 0 0
0 41 178 3 4 -7 7 7 -7 0 0
0 41 179 3 4 7 7 -7 -7 0 0
0 41 180 3 4 7 -7 7 7 0 0
0 41 181 3 4 7 7 -7 -7 0 0
0 41 182 3 4 -7 7 7 -7 0 0
0 41 183 3 4 7 -7 7 -7 0 0
0 41 184 3 4 -7 7 -7 -7 0 0
0 41 185 3 4 -7 -7 -7 -7 0 0
0 41 186 3 4 7 -7 -7 7 0 0
0 41 187 3 4 7 7 -7 -7 0 0
0 41 188 3 4 7 7 -7 -7 0 0
0 41 189 3 4 7 -7 -7 7 0 0
0 41 190 3 4 7 -7 -7 7 0 0
0 41 191 3 4 7 -7 7 -7 0 0
0 41 192 3 4 -7 7 7 7 0 0
0 41 193 3 4 7 7 -7 -7 0 0
0 41 194 3 4 -7 7 7 -7 0 0
0 41 195 3 4 -7 -7 -7 7 0 0
0 41 196 3 4 7 -7 -7 -7 0 0
0 41 197 3 4 7 -7 -7 -7 0 0
0 41 198 3 4 -7 7 7 -7 0 0
0 41 199 3 4 7 -7 7 -7 0 0
0 41 200 3 4 -7 -7 7 -7 0 0
0 41 201 3 4 -7 -7 -7 -7 0 0
0 41 202 3 4 -7 7 7 -7 0 0
0 41 203 3 4 7 7 -7 7 0 0
0 41 204 3 4 7 -7 7 7 0 0
0 41 205 3 4 -7 7 7 7 0 0
0 41 206 3 4 7 7 -7 7 0 0
0 41 207 3 4 7 7 -7 7 0 0
0 41 208 3 4 7 -7 7 7 0 0
0 41 209 3 4 7 -7 -7 -7 0 0
0 41 210 3 4 7 7 7 -7 0 0
0 41 211 3 4 7 7 7 7 0 0
0 41 212 3 4 7 7 7 -7 0 0
0 41 213 3 4 7 -7 7 -7 0 0
0 41 214 3 4 -7 -7 7 7 0 0
0 41 215 3 4 -7 -7 7 7 0 0
0 42 0 3 4 -7 7 7 7 0 0
0 42 1 3 4 7 -7 7 -7 0 0
0 42 2 3 4 -7 7 7 -7 0 0
0 42 3 3 4 -7 7 7 7 0 0
0 42 4 3 4 -7 -7 -7 7 0 0
0 42 5 3 4 7 7 7 7 0 0
0 42 6 3 4 7 -7 7 7 0 0
0 42 7 3 4 -7 7 -7 7 0 0
0 42 8 3 4 -7 7 7 -7 0 0
0 42 9 3 4 7 -7 -7 -7 0 0
0 42 10 3 4 -7 -7 -7 7 0 0
0 42 11 3 4 7 7 -7 -7 0 0
0 42 12 3 4 -7 7 -7 7 0 0
0 42 13 3 4 -7 -7 -7 7 0 0
0 42 14 3 4 -7 -7 -7 -7 0 0
0 42 15 3 4 -7 7 -7 7 0 0
0 42 16 3 4 7 7 -7 -7 0 0
0 42 17 3 4 -7 -7 7 7 0 0
0 42 18 3 4 -7 7 -7 -7 0 0
0 42 19 3 4 -7 -7 -7 7 0 0
0 42 20 3 4 -7 7 7 7 0 0
0 42 21 3 4 7 7 7 -7 0 0
0 42 22 3 4 7 -7 -7 7 0 0
0 42 23 3 4 -7 7 7 7 0 0
0 42 24 3 4 -7 -7 -7 7 0 0
0 42 25 3 4 7 7 7 -7 0 0
0 42 26 3 4 -7 7 7 7 0 0
0 42 27 3 4 -7 -7 7 -7 0 0
0 42 28 3 4 -7 7 7 7 0 0
0 42 29 3 4 7 7 -7 7 0 0
0 42 30 3 4 7 7 -7 -7 0 0
0 42 31 3 4 -7 7 7 7 0 0
0 42 32 3 4 -7 7 -7 -7 0 0
0 42 33 3 4 -7 -7 7 -7 0 0
0 42 34 3 4 -7 -7 7 -7 0 0
0 42 35 3 4 7 7 7 -7 0 0
0 42 36 3 4 7 -7 -7 7 0 0
0 42 37 3 4 -7 -7 7 7 0 0
0 42 38 3 4 -7 7 -7 -7 0 0
0 42 39 3 4 -7 -7 -7 -7 0 0
0 42 40 3 4 -7 7 -7 -7 0 0
0 42 41 3 4 7 7 7 -7 0 0
0 42 42 3 4 7 7 7 7 0 0
0 42 43 3 4 -7 -7 -7 7 0 0
0 42 44 3 4 7 7 7 -7 0 0
0 42 45 3 4 -7 7 -7 -7 0 0
0 42 46 3 4 -7 7 7 -7 0 0
0 42 47 3 4 7 -7 7 7 0 0
0 42 48 3 4 7 7 7 7 0 0
0 42 49 3 4 -7 -7 -7 -7 0 0
0 42 50 3 4 7 7 -7 7 0 0
0 42 51 3 4 -7 7 -7 7 0 0
0 42 52 3 4 7 -7 -7 -7 0 0
0 42 53 3 4 7 -7 -7 7 0 0
0 42 54 3 4 7 -7 7 -7 0 0
0 42 55 3 4 -7 7 7 -7 0 0
0 42 56 3 4 -7 7 7 -7 0 0
0 42 57 3 4 7 7 7 7 0 0
0 42 58 3 4 7 -7 -7 -7 0 0
0 42 59 3 4 -7 -7 -7 7 0 0
0 42 60 3 4 -7 -7 7 7 0 0
0 42 61 3 4 -7 7 -7 -7 0 0
0 42 62 3 4 -7 -7 -7 -7 0 0
0 42 63 3 4 -7 -7 7 -7 0 0
0 42 64 3 4 7 7 -7 -7 0 0
0 42 65 3 4 7 -7 7 -7 0 0
0 42 66 3 4 7 7 -7 7 0 0
0 42 67 3 4 -7 7 -7 -7 0 0
0 42 68 3 4 7 -7 7 -7 0 0
0 42 69 3 4 -7 7 -7 -7 0 0
0 42 70 3 4 -7 -7 7 -7 0 0
0 42 71 3 4 7 7 7 7 0 0
0 42 72 3 4 7 -7 7 7 0 0
0 42 73 3 4 -7 -7 7 -7 0 0
0 42 74 3 4 7 7 7 -7 0 0
0 42 75 3 4 7 7 -7 7 0 0
0 42 76 3 4 7 -7 -7 -7 0 0
0 42 77 3 4 7 7 7 7 0 0
0 42 78 3 4 7 -7 7 7 0 0
0 42 79 3 4 7 7 -7 7 0 0
0 42 80 3 4 7 -7 -7 7 0 0
0 42 81 3 4 -7 7 7 -7 0 0
0 42 82 3 4 -7 7 -7 7 0 0
0 42 83 3 4 7 7 -7 7 0 0
0 42 84 3 4 -7 7 7 -7 0 0
0 42 85 3 4 7 7 -7 7 0 0
0 42 86 3 4 7 -7 -7 -7 0 0
0 42 87 3 4 7 -7 7 7 0 0
0 42 88 3 4 7 -7 7 -7 0 0
0 42 89 3 4 -7 7 -7 7 0 0
0 42 90 3 4 7 7 -7 7 0 0
0 42 91 3 4 7 7 -7 7 0 0
0 42 92 3 4 -7 -7 7 -7 0 0
0 42 93 3 4 7 -7 -7 7 0 0
0 42 94 3 4 -7 -7 -7 7 0 0
0 42 95 3 4 -7 -7 -7 -7 0 0
0 42 96 3 4 7 7 7 -7 0 0
0 42 97 3 4 -7 -7 -7 -7 0 0
0 42 98 3 4 -7 7 7 -7 0 0
0 42 99 3 4 7 7 7 7 0 0
0 42 100 3 4 7 -7 7 7 0 0
0 42 101 3 4 -7 7 -7 -7 0 0
0 42 102 3 4 7 -7 7 -7 0 0
0 42 103 3 4 7 -7 -7 -7 0 0
0 42 104 3 4 7 -7 -7 7 0 0
0 42 105 3 4 7 -7 -7 -7 0 0
0 42 106 3 4 -7 -7 -7 7 0 0
0 42 107 3 4 7 -7 -7 7 0 0
0 42 108 3 4 -7 7 7 7 0 0
0 42 109 3 4 7 7 -7 -7 0 0
0 42 110 3 4 -7 7 -7 -7 0 0
0 42 111 3 4 -7 7 -7 7 0 0
0 42 112 3 4 -7 -7 7 -7 0 0
0 42 113 3 4 7 7 -7 -7 0 0
0 42 114 3 4 -7 -7 7 -7 0 0
0 42 115 3 4 -7 7 7 -7 0 0
0 42 116 3 4 7 -7 -7 7 0 0
0 42 117 3 4 7 -7 -7 7 0 0
0 42 118 3 4 7 7 7 7 0 0
0 42 119 3 4 7 7 -7 7 0 0
0 42 120 3 4 -7 -7 -7 7 0 0
0 42 121 3 4 7 7 7 7 0 0
0 42 122 3 4 7 -7 7 7 0 0
0 42 123 3 4 -7 -7 7 -7 0 0
0 42 124 3 4 -7 7 7 -7 0 0
0 42 125 3 4 -7 7 7 -7 0 0
0 42 126 3 4 7 7 -7 -7 0 0
0 42 127 3 4 7 -7 -7 7 0 0
0 42 128 3 4 -7 7 7 7 0 0
0 42 129 3 4 7 -7 7 7 0 0
0 42 130 3 4 7 7 7 7 0 0
0 42 131 3 4 -7 -7 -7 -7 0 0
0 42 132 3 4 -7 7 7 -7 0 0
0 42 133 3 4 7 -7 7 7 0 0
0 42 134 3 4 7 -7 7 -7 0 0
0 42 135 3 4 7 -7 7 7 0 0
0 42 136 3 4 -7 7 7 7 0 0
0 42 137 3 4 -7 -7 -7 -7 0 0
0 42 138 3 4 -7 7 -7 7 0 0
0 42 139 3 4 -7 -7 7 -7 0 0
0 42 140 3 4 -7 7 -7 7 0 0
0 42 141 3 4 -7 7 -7 -7 0 0
0 42 142 3 4 -7 -7 7 7 0 0
0 42 143 3 4 -7 -7 7 -7 0 0
0 42 144 3 4 7 -7 -7 -7 0 0
0 42 145 3 4 -7 -7 -7 -7 0 0
0 42 146 3 4 7 -7 7 -7 0 0
0 42 147 3 4 -7 7 -7 7 0 0
0 42 148 3 4 -7 -7 -7 7 0 0
0 42 149 3 4 -7 7 7 7 0 0
0 42 150 3 4 -7 7 -7 -7 0 0
0 42 151 3 4 -7 7 7 -7 0 0
0 42 152 3 4 7 7 7 7 0 0
0 42 153 3 4 -7 -7 7 7 0 0
0 42 154 3 4 -7 7 7 7 0 0
0 42 155 3 4 -7 -7 -7 7 0 0
0 42 156 3 4 7 -7 -7 -7 0 0
0 42 157 3 4 7 -7 -7 7 0 0
0 42 158 3 4 7 -7 7 -7 0 0
0 42 159 3 4 7 -7 7 7 0 0
0 42 160 3 4 -7 7 -7 -7 0 0
0 42 161 3 4 -7 7 7 -7 0 0
0 42 162 3 4 -7 -7 -7 -7 0 0
0 42 163 3 4 -7 7 -7 7 0 0
0 42 164 3 4 -7 7 -7 -7 0 0
0 42 165 3 4 7 -7 -7 7 0 0
0 42 166 3 4 -7 -7 -7 7 0 0
0 42 167 3 4 -7 7 -7 7 0 0
0 42 168 3 4 -7 -7 7 -7 0 0
0 42 169 3 4 7 7 -7 7 0 0
0 42 170 3 4 7 7 -7 7 0 0
0 42 171 3 4 -7 7 7 7 0 0
0 42 172 3 4 -7 -7 -7 -7 0 0
0 42 173 3 4 -7 -7 -7 7 0 0
0 42 174 3 4 -7 -7 -7 -7 0 0
0 42 175 3 4 -7 7 -7 7 0 0
0 42 176 3 4 7 -7 7 -7 0 0
0 42 177 3 4 7 -7 7 7 0 0
0 42 178 3 4 7 -7 7 7 0 0
0 42 179 3 4 7 7 7 -7 0 0
0 42 180 3 4 -7 -7 -7 7 0 0
0 42 181 3 4 -7 7 7 7 0 0
0 42 182 3 4 -7 -7 7 7 0 0
0 42 183 3 4 7 -7 -7 -7 0 0
0 42 184 3 4 7 -7 -7 7 0 0
0 42 185 3 4 -7 -7 7 7 0 0
0 42 186 3 4 -7 -7 7 7 0 0
0 42 187 3 4 7 7 -7 -7 0 0
0 42 188 3 4 -7 7 -7 7 0 0
0 42 189 3 4 7 7 -7 7 0 0
0 42 190 3 4 7 7 -7 7 0 0
0 42 191 3 4 -7 7 -7 7 0 0
0 42 192 3 4 -7 7 -7 -7 0 0
0 42 193 3 4 7 -7 7 -7 0 0
0 42 194 3 4 -7 7 -7 -7 0 0
0 42 195 3 4 -7 -7 -7 7 0 0
0 42 196 3 4 7 -7 -7 -7 0 0
0 42 197 3 4 -7 -7 -7 -7 0 0
0 42 198 3 4 7 -7 -7 -7 0 0
0 42 199 3 4 -7 7 -7 -7 0 0
0 42 200 3 4 -7 7 -7 7 0 0
0 42 201 3 4 7 7 7 -7 0 0
0 42 202 3 4 7 7 -7 -7 0 0
0 42 203 3 4 7 7 -7 7 0 0
0 42 204 3 4 -7 -7 7 -7 0 0
0 42 205 3 4 -7 7 7 7 0 0
0 42 206 3 4 7 -7 7 -7 0 0
0 42 207 3 4 -7 -7 7 -7 0 0
0 42 208 3 4 7 -7 7 -7 0 0
0 42 209 3 4 -7 -7 7 -7 0 0
0 42 210 3 4 -7 -7 7 7 0 0
0 42 211 3 4 7 7 -7 -7 0 0
0 42 212 3 4 -7 -7 7 -7 0 0
0 42 213 3 4 -7 -7 -7 7 0 0
0 42 214 3 4 -7 -7 7 7 0 0
0 42 215 3 4 -7 7 -7 7 0 0
0 43 0 3 4 -7 -7 -7 7 0 0
0 43 1 3 4 7 7 -7 -7 0 0
0 43 2 3 4 -7 7 -7 7 0 0
0 43 3 3 4 7 -7 -7 -7 0 0
0 43 4 3 4 -7 7 -7 -7 0 0
0 43 5 3 4 7 -7 -7 7 0 0
0 43 6 3 4 -7 7 7 7 0 0
0 43 7 3 4 7 7 -7 7 0 0
0 43 8 3 4 7 -7 7 7 0 0
0 43 9 3 4 -7 7 -7 7 0 0
0 43 10 3 4 -7 -7 -7 7 0 0
0 43 11 3 4 7 -7 -7 7 0 0
0 43 12 3 4 7 -7 -7 7 0 0
0 43 13 3 4 7 7 7 7 0 0
0 43 14 3 4 -7 7 7 -7 0 0
0 43 15 3 4 -7 -7 7 -7 0 0
0 43 16 3 4 -7 -7 -7 7 0 0
0 43 17 3 4 -7 -7 7 -7 0 0
0 43 18 3 4 -7 7 7 7 0 0
0 43 19 3 4 -7 -7 -7 7 0 0
0 43 20 3 4 7 7 -7 7 0 0
0 43 21 3 4 7 7 7 -7 0 0
0 43 22 3 4 -7 -7 -7 7 0 0
0 43 23 3 4 7 7 -7 7 0 0
0 43 24 3 4 7 -7 7 7 0 0
0 43 25 3 4 7 -7 7 -7 0 0
0 43 26 3 4 -7 7 7 -7 0 0
0 43 27 3 4 7 -7 -7 -7 0 0
0 43 28 3 4 -7 -7 -7 -7 0 0
0 43 29 3 4 -7 -7 -7 7 0 0
0 43 30 3 4 7 -7 -7 -7 0 0
0 43 31 3 4 -7 -7 7 -7 0 0
0 43 32 3 4 -7 -7 7 -7 0 0
0 43 33 3 4 -7 -7 7 7 0 0
0 43 34 3 4 7 7 -7 7 0 0
0 43 35 3 4 7 7 7 7 0 0
0 43 36 3 4 -7 -7 -7 -7 0 0
0 43 37 3 4 -7 -7 7 7 0 0
0 43 38 3 4 -7 -7 7 -7 0 0
0 43 39 3 4 7 -7 7 7 0 0
0 43 40 3 4 7 7 -7 7 0 0
0 43 41 3 4 -7 7 -7 7 0 0
0 43 42 3 4 7 7 -7 -7 0 0
0 43 43 3 4 -7 -7 7 -7 0 0
0 43 44 3 4 -7 7 -7 7 0 0
0 43 45 3 4 -7 7 -7 -7 0 0
0 43 46 3 4 -7 7 7 7 0 0
0 43 47 3 4 -7 7 7 7 0 0
0 43 48 3 4 -7 7 -7 -7 0 0
0 43 49 3 4 7 7 7 -7 0 0
0 43 50 3 4 7 7 7 7 0 0
0 43 51 3 4 7 -7 -7 7 0 0
0 43 52 3 4 7 -7 7 -7 0 0
0 43 53 3 4 7 -7 -7 -7 0 0
0 43 54 3 4 -7 7 -7 -7 0 0
0 43 55 3 4 -7 7 7 -7 0 0
0 43 56 3 4 -7 -7 -7 -7 0 0
0 43 57 3 4 7 7 7 7 0 0
0 43 58 3 4 7 7 7 -7 0 0
0 43 59 3 4 7 7 7 -7 0 0
0 43 60 3 4 -7 7 -7 7 0 0
0 43 61 3 4 7 -7 7 -7 0 0
0 43 62 3 4 -7 7 7 7 0 0
0 43 63 3 4 -7 -7 -7 -7 0 0
0 43 64 3 4 -7 -7 -7 -7 0 0
0 43 65 3 4 7 7 -7 7 0 0
0 43 66 3 4 -7 -7 -7 7 0 0
0 43 67 3 4 7 7 7 7 0 0
0 43 68 3 4 -7 7 7 7 0 0
0 43 69 3 4 -7 7 -7 7 0 0
0 43 70 3 4 -7 7 7 -7 0 0
0 43 71 3 4 7 -7 7 7 0 0
0 43 72 3 4 7 7 7 -7 0 0
0 43 73 3 4 7 7 7 -7 0 0
0 43 74 3 4 -7 7 7 7 0 0
0 43 75 3 4 7 -7 7 -7 0 0
0 43 76 3 4 7 7 -7 -7 0 0
0 43 77 3 4 -7 -7 7 -7 0 0
0 43 78 3 4 -7 -7 7 -7 0 0
0 43 79 3 4 7 -7 7 7 0 0
0 43 80 3 4 -7 -7 7 -7 0 0
0 43 81 3 4 7 7 7 -7 0 0
0 43 82 3 4 7 -7 7 -7 0 0
0 43 83 3 4 7 7 -7 -7 0 0
0 43 84 3 4 -7 7 -7 7 0 0
0 43 85 3 4 7 -7 7 7 0 0
0 43 86 3 4 -7 -7 -7 7 0 0
0 43 87 3 4 -7 7 -7 -7 0 0
0 43 88 3 4 -7 -7 7 -7 0 0
0 43 89 3 4 -7 -7 -7 7 0 0
0 43 90 3 4 7 7 -7 7 0 0
0 43 91 3 4 -7 7 7 -7 0 0
0 43 92 3 4 -7 -7 -7 -7 0 0
0 43 93 3 4 -7 -7 7 7 0 0
0 43 94 3 4 -7 7 -7 7 0 0
0 43 95 3 4 7 7 7 7 0 0
0 43 96 3 4 -7 -7 -7 -7 0 0
0 43 97 3 4 7 -7 7 -7 0 0
0 43 98 3 4 -7 -7 -7 -7 0 0
0 43 99 3 4 7 7 -7 -7 0 0
0 43 100 3 4 7 -7 7 7 0 0
0 43 101 3 4 -7 -7 -7 7 0 0
0 43 102 3 4 -7 7 7 7 0 0
0 43 103 3 4 -7 -7 7 -7 0 0
0 43 104 3 4 7 -7 -7 -7 0 0
0 43 105 3 4 -7 -7 -7 -7 0 0
0 43 106 3 4 -7 -7 -7 -7 0 0
0 43 107 3 4 -7 7 7 -7 0 0
0 43 108 3 4 7 -7 7 7 0 0
0 43 109 3 4 7 -7 -7 -7 0 0
0 43 110 3 4 7 7 -7 -7 0 0
0 43 111 3 4 -7 -7 7 7 0 0
0 43 112 3 4 7 7 -7 7 0 0
0 43 113 3 4 7 -7 7 7 0 0
0 43 114 3 4 7 -7 -7 7 0 0
0 43 115 3 4 -7 7 -7 -7 0 0
0 43 116 3 4 -7 -7 -7 7 0 0
0 43 117 3 4 7 -7 7 7 0 0
0 43 118 3 4 -7 7 7 -7 0 0
0 43 119 3 4 7 -7 -7 -7 0 0
0 43 120 3 4 -7 7 7 7 0 0
0 43 121 3 4 7 7 7 -7 0 0
0 43 122 3 4 7 7 -7 7 0 0
0 43 123 3 4 -7 -7 7 -7 0 0
0 43 124 3 4 7 7 -7 7 0 0
0 43 125 3 4 -7 -7 7 -7 0 0
0 43 126 3 4 -7 7 7 -7 0 0
0 43 127 3 4 7 7 -7 7 0 0
0 43 128 3 4 -7 -7 7 -7 0 0
0 43 129 3 4 -7 7 -7 -7 0 0
0 43 130 3 4 -7 7 -7 7 0 0
0 43 131 3 4 7 -7 7 7 0 0
0 43 132 3 4 -7 -7 7 7 0 0
0 43 133 3 4 7 7 7 -7 0 0
0 43 134 3 4 -7 7 -7 7 0 0
0 43 135 3 4 -7 7 7 -7 0 0
0 43 136 3 4 -7 7 -7 -7 0 0
0 43 137 3 4 -7 -7 -7 -7 0 0
0 43 138 3 4 -7 -7 -7 -7 0 0
0 43 139 3 4 -7 7 -7 7 0 0
0 43 140 3 4 7 7 7 -7 0 0
0 43 141 3 4 -7 7 -7 7 0 0
0 43 142 3 4 7 7 -7 -7 0 0
0 43 143 3 4 7 7 7 7 0 0
0 43 144 3 4 -7 -7 7 7 0 0
0 43 145 3 4 -7 7 -7 7 0 0
0 43 146 3 4 -7 -7 -7 7 0 0
0 43 147 3 4 -7 -7 -7 7 0 0
0 43 148 3 4 7 7 -7 -7 0 0
0 43 149 3 4 -7 7 7 -7 0 0
0 43 150 3 4 -7 7 7 -7 0 0
0 43 151 3 4 -7 7 -7 -7 0 0
0 43 152 3 4 7 -7 -7 -7 0 0
0 43 153 3 4 7 -7 7 -7 0 0
0 43 154 3 4 -7 7 7 7 0 0
0 43 155 3 4 -7 7 7 7 0 0
0 43 156 3 4 7 7 -7 7 0 0
0 43 157 3 4 -7 -7 -7 7 0 0
0 43 158 3 4 -7 -7 7 -7 0 0
0 43 159 3 4 -7 7 7 -7 0 0
0 43 160 3 4 -7 -7 7 7 0 0
0 43 161 3 4 -7 7 -7 7 0 0
0 43 162 3 4 7 -7 7 -7 0 0
0 43 163 3 4 -7 7 7 -7 0 0
0 43 164 3 4 7 -7 7 7 0 0
0 43 165 3 4 7 7 -7 -7 0 0
0 43 166 3 4 -7 -7 7 7 0 0
0 43 167 3 4 7 7 7 -7 0 0
0 43 168 3 4 -7 7 -7 7 0 0
0 43 169 3 4 -7 7 -7 7 0 0
0 43 170 3 4 7 7 7 7 0 0
0 43 171 3 4 -7 -7 -7 7 0 0
0 43 172 3 4 7 -7 -7 -7 0 0
0 43 173 3 4 7 7 -7 7 0 0
0 43 174 3 4 -7 7 7 7 0 0
0 43 175 3 4 7 7 -7 7 0 0
0 43 176 3 4 7 -7 -7 7 0 0
0 43 177 3 4 7 -7 7 -7 0 0
0 43 178 3 4 7 7 -7 -7 0 0
0 43 179 3 4 7 -7 -7 7 0 0
0 43 180 3 4 -7 7 -7 7 0 0
0 43 181 3 4 7 7 -7 7 0 0
0 43 182 3 4 7 -7 -7 7 0 0
0 43 183 3 4 -7 -7 7 -7 0 0
0 43 184 3 4 -7 -7 -7 7 0 0
0 43 185 3 4 7 -7 7 -7 0 0
0 43 186 3 4 -7 7 7 7 0 0
0 43 187 3 4 -7 7 7 -7 0 0
0 43 188 3 4 7 7 -7 -7 0 0
0 43 189 3 4 -7 7 -7 7 0 0
0 43 190 3 4 -7 7 7 7 0 0
0 43 191 3 4 -7 7 7 7 0 0
0 43 192 3 4 7 -7 -7 -7 0 0
0 43 193 3 4 7 7 -7 7 0 0
0 43 194 3 4 -7 -7 7 -7 0 0
0 43 195 3 4 7 -7 -7 -7 0 0
0 43 196 3 4 7 7 7 7 0 0
0 43 197 3 4 7 -7 7 7 0 0
0 43 198 3 4 -7 -7 -7 7 0 0
0 43 199 3 4 7 -7 -7 7 0 0
0 43 200 3 4 -7 -7 -7 -7 0 0
0 43 201 3 4 -7 -7 7 -7 0 0
0 43 202 3 4 7 7 7 -7 0 0
0 43 203 3 4 -7 -7 7 7 0 0
0 43 204 3 4 -7 7 -7 7 0 0
0 43 205 3 4 -7 7 -7 7 0 0
0 43 206 3 4 -7 -7 -7 -7 0 0
0 43 207 3 4 7 7 -7 7 0 0
0 43 208 3 4 -7 7 7 7 0 0
0 43 209 3 4 7 7 7 7 0 0
0 43 210 3 4 -7 -7 -7 -7 0 0
0 43 211 3 4 -7 -7 7 -7 0 0
0 43 212 3 4 7 7 -7 7 0 0
0 43 213 3 4 7 -7 7 -7 0 0
0 43 214 3 4 7 -7 -7 -7 0 0
0 43 215 3 4 7 -7 -7 7 0 0
0 44 0 3 4 7 7 -7 7 0 0
0 44 1 3 4 -7 -7 -7 -7 0 0
0 44 2 3 4 -7 7 7 7 0 0
0 44 3 3 4 7 7 7 7 0 0
0 44 4 3 4 7 -7 7 7 0 0
0 44 5 3 4 -7 -7 7 7 0 0
0 44 6 3 4 7 -7 7 -7 0 0
0 44 7 3 4 7 -7 7 -7 0 0
0 44 8 3 4 -7 -7 7 -7 0 0
0 44 9 3 4 -7 -7 -7 -7 0 0
0 44 10 3 4 7 7 7 -7 0 0
0 44 11 3 4 7 7 -7 7 0 0
0 44 12 3 4 7 -7 7 -7 0 0
0 44 13 3 4 -7 7 -7 -7 0 0
0 44 14 3 4 7 7 7 7 0 0
0 44 15 3 4 -7 -7 7 -7 0 0
0 44 16 3 4 7 -7 7 7 0 0
0 44 17 3 4 -7 7 -7 -7 0 0
0 44 18 3 4 7 -7 -7 -7 0 0
0 44 19 3 4 -7 -7 -7 -7 0 0
0 44 20 3 4 -7 -7 7 -7 0 0
0 44 21 3 4 -7 -7 -7 -7 0 0
0 44 22 3 4 7 -7 7 -7 0 0
0 44 23 3 4 7 7 -7 -7 0 0
0 44 24 3 4 7 -7 7 -7 0 0
0 44 25 3 4 -7 7 7 7 0 0
0 44 26 3 4 -7 7 -7 7 0 0
0 44 27 3 4 7 -7 -7 -7 0 0
0 44 28 3 4 7 -7 7 7 0 0
0 44 29 3 4 -7 7 7 7 0 0
0 44 30 3 4 -7 -7 -7 -7 0 0
0 44 31 3 4 -7 7 7 7 0 0
0 44 32 3 4 7 -7 7 -7 0 0
0 44 33 3 4 7 7 -7 7 0 0
0 44 34 3 4 7 7 7 7 0 0
0 44 35 3 4 -7 7 -7 7 0 0
0 44 36 3 4 7 7 -7 7 0 0
0 44 37 3 4 -7 7 7 -7 0 0
0 44 38 3 4 7 7 -7 -7 0 0
0 44 39 3 4 7 -7 7 -7 0 0
0 44 40 3 4 7 -7 7 -7 0 0
0 44 41 3 4 -7 -7 7 -7 0 0
0 44 42 3 4 7 -7 7 -7 0 0
0 44 43 3 4 7 7 7 -7 0 0
0 44 44 3 4 7 7 -7 -7 0 0
0 44 45 3 4 -7 -7 7 7 0 0
0 44 46 3 4 7 -7 7 7 0 0
0 44 47 3 4 -7 7 -7 7 0 0
0 44 48 3 4 7 -7 -7 -7 0 0
0 44 49 3 4 -7 7 7 7 0 0
0 44 50 3 4 7 7 -7 -7 0 0
0 44 51 3 4 7 7 7 7 0 0
0 44 52 3 4 -7 -7 7 7 0 0
0 44 53 3 4 -7 -7 -7 7 0 0
0 44 54 3 4 -7 7 -7 7 0 0
0 44 55 3 4 7 -7 -7 -7 0 0
0 44 56 3 4 -7 -7 -7 7 0 0
0 44 57 3 4 -7 -7 7 -7 0 0
0 44 58 3 4 7 -7 7 -7 0 0
0 44 59 3 4 -7 7 7 -7 0 0
0 44 60 3 4 -7 7 7 7 0 0
0 44 61 3 4 -7 7 7 -7 0 0
0 44 62 3 4 7 7 7 -7 0 0
0 44 63 3 4 -7 -7 7 -7 0 0
0 44 64 3 4 -7 -7 7 -7 0 0
0 44 65 3 4 -7 7 7 -7 0 0
0 44 66 3 4 7 -7 -7 -7 0 0
0 44 67 3 4 7 -7 7 7 0 0
0 44 68 3 4 7 -7 -7 -7 0 0
0 44 69 3 4 7 -7 -7 7 0 0
0 44 70 3 4 7 7 -7 -7 0 0
0 44 71 3 4 -7 7 7 -7 0 0
0 44 72 3 4 7 7 -7 -7 0 0
0 44 73 3 4 7 7 7 7 0 0
0 44 74 3 4 -7 7 -7 7 0 0
0 44 75 3 4 7 -7 -7 7 0 0
0 44 76 3 4 7 -7 7 7 0 0
0 44 77 3 4 7 -7 -7 7 0 0
0 44 78 3 4 -7 7 -7 -7 0 0
0 44 79 3 4 -7 -7 7 7 0 0
0 44 80 3 4 7 -7 -7 -7 0 0
0 44 81 3 4 7 7 -7 -7 0 0
0 44 82 3 4 -7 -7 7 -7 0 0
0 44 83 3 4 7 -7 -7 -7 0 0
0 44 84 3 4 -7 -7 7 -7 0 0
0 44 85 3 4 -7 7 -7 -7 0 0
0 44 86 3 4 -7 -7 7 7 0 0
0 44 87 3 4 7 7 7 -7 0 0
0 44 88 3 4 7 7 -7 -7 0 0
0 44 89 3 4 7 -7 -7 -7 0 0
0 44 90 3 4 -7 -7 -7 -7 0 0
0 44 91 3 4 7 7 7 -7 0 0
0 44 92 3 4 7 7 -7 -7 0 0
0 44 93 3 4 -7 -7 7 -7 0 0
0 44 94 3 4 7 -7 -7 7 0 0
0 44 95 3 4 -7 -7 -7 7 0 0
0 44 96 3 4 7 -7 -7 -7 0 0
0 44 97 3 4 -7 -7 -7 -7 0 0
0 44 98 3 4 7 -7 -7 -7 0 0
0 44 99 3 4 -7 -7 7 -7 0 0
0 44 100 3 4 7 7 -7 -7 0 0
0 44 101 3 4 7 -7 -7 7 0 0
0 44 102 3 4 7 -7 7 7 0 0
0 44 103 3 4 -7 7 -7 -7 0 0
0 44 104 3 4 -7 -7 -7 7 0 0
0 44 105 3 4 -7 -7 7 7 0 0
0 44 106 3 4 -7 7 -7 -7 0 0
0 44 107 3 4 -7 -7 7 -7 0 0
0 44 108 3 4 7 7 7 -7 0 0
0 44 109 3 4 -7 -7 7 7 0 0
0 44 110 3 4 -7 -7 7 7 0 0
0 44 111 3 4 -7 -7 7 7 0 0
0 44 112 3 4 -7 7 -7 -7 0 0
0 44 113 3 4 7 7 7 7 0 0
0 44 114 3 4 7 7 -7 -7 0 0
0 44 115 3 4 7 7 7 7 0 0
0 44 116 3 4 7 7 7 -7 0 0
0 44 117 3 4 -7 7 7 7 0 0
0 44 118 3 4 7 7 7 -7 0 0
0 44 119 3 4 7 7 -7 7 0 0
0 44 120 3 4 7 7 -7 7 0 0
0 44 121 3 4 7 -7 -7 7 0 0
0 44 122 3 4 7 -7 -7 -7 0 0
0 44 123 3 4 -7 -7 -7 -7 0 0
0 44 124 3 4 7 7 7 7 0 0
0 44 125 3 4 -7 7 7 -7 0 0
0 44 126 3 4 7 7 -7 -7 0 0
0 44 127 3 4 -7 7 -7 7 0 0
0 44 128 3 4 7 7 -7 -7 0 0
0 44 129 3 4 7 -7 -7 7 0 0
0 44 130 3 4 -7 -7 7 -7 0 0
0 44 131 3 4 -7 7 7 7 0 0
0 44 132 3 4 -7 7 -7 7 0 0
0 44 133 3 4 7 -7 7 -7 0 0
0 44 134 3 4 7 7 -7 7 0 0
0 44 135 3 4 7 7 7 -7 0 0
0 44 136 3 4 -7 7 7 7 0 0
0 44 137 3 4 7 7 -7 7 0 0
0 44 138 3 4 7 -7 -7 7 0 0
0 44 139 3 4 -7 7 -7 7 0 0
0 44 140 3 4 -7 -7 7 7 0 0
0 44 141 3 4 -7 7 -7 7 0 0
0 44 142 3 4 7 7 -7 7 0 0
0 44 143 3 4 7 -7 -7 -7 0 0
0 44 144 3 4 7 7 -7 7 0 0
0 44 145 3 4 7 7 -7 -7 0 0
0 44 146 3 4 -7 -7 -7 7 0 0
0 44 147 3 4 -7 7 7 -7 0 0
0 44 148 3 4 7 -7 -7 -7 0 0
0 44 149 3 4 -7 -7 -7 7 0 0
0 44 150 3 4 7 -7 7 -7 0 0
0 44 151 3 4 7 -7 -7 7 0 0
0 44 152 3 4 7 7 -7 -7 0 0
0 44 153 3 4 7 -7 7 7 0 0
0 44 154 3 4 7 7 7 -7 0 0
0 44 155 3 4 -7 7 -7 -7 0 0
0 44 156 3 4 -7 7 7 7 0 0
0 44 157 3 4 -7 -7 -7 7 0 0
0 44 158 3 4 -7 7 7 -7 0 0
0 44 159 3 4 7 7 -7 -7 0 0
0 44 160 3 4 7 7 -7 -7 0 0
0 44 161 3 4 -7 7 7 -7 0 0
0 44 162 3 4 -7 -7 7 7 0 0
0 44 163 3 4 -7 -7 -7 -7 0 0
0 44 164 3 4 -7 -7 -7 -7 0 0
0 44 165 3 4 7 -7 7 7 0 0
0 44 166 3 4 -7 7 7 7 0 0
0 44 167 3 4 -7 7 -7 -7 0 0
0 44 168 3 4 7 7 -7 7 0 0
0 44 169 3 4 7 7 -7 7 0 0
0 44 170 3 4 7 -7 7 7 0 0
0 44 171 3 4 -7 7 7 7 0 0
0 44 172 3 4 -7 -7 7 7 0 0
0 44 173 3 4 7 -7 -7 7 0 0
0 44 174 3 4 -7 -7 7 7 0 0
0 44 175 3 4 7 7 7 7 0 0
0 44 176 3 4 -7 -7 -7 7 0 0
0 44 177 3 4 -7 -7 7 -7 0 0
0 44 178 3 4 -7 7 -7 -7 0 0
0 44 179 3 4 -7 7 -7 7 0 0
0 44 180 3 4 7 7 7 7 0 0
0 44 181 3 4 7 7 -7 -7 0 0
0 44 182 3 4 -7 7 7 7 0 0
0 44 183 3 4 7 -7 -7 -7 0 0
0 44 184 3 4 7 -7 7 -7 0 0
0 44 185 3 4 -7 7 -7 -7 0 0
0 44 186 3 4 -7 7 7 7 0 0
0 44 187 3 4 -7 7 7 7 0 0
0 44 188 3 4 -7 7 7 7 0 0
0 44 189 3 4 -7 -7 -7 7 0 0
0 44 190 3 4 7 -7 7 -7 0 0
0 44 191 3 4 7 -7 -7 7 0 0
0 44 192 3 4 -7 7 7 -7 0 0
0 44 193 3 4 -7 7 -7 -7 0 0
0 44 194 3 4 -7 7 -7 -7 0 0
0 44 195 3 4 -7 7 -7 7 0 0
0 44 196 3 4 7 7 7 7 0 0
0 44 197 3 4 7 -7 -7 -7 0 0
0 44 198 3 4 7 7 7 7 0 0
0 44 199 3 4 -7 -7 7 7 0 0
0 44 200 3 4 -7 -7 -7 -7 0 0
0 44 201 3 4 7 7 -7 7 0 0
0 44 202 3 4 7 7 7 -7 0 0
0 44 203 3 4 7 -7 7 7 0 0
0 44 204 3 4 -7 -7 -7 7 0 0
0 44 205 3 4 7 -7 7 -7 0 0
0 44 206 3 4 7 7 7 -7 0 0
0 44 207 3 4 7 -7 -7 7 0 0
0 44 208 3 4 7 -7 7 -7 0 0
0 44 209 3 4 -7 -7 -7 -7 0 0
0 44 210 3 4 -7 7 -7 7 0 0
0 44 211 3 4 7 7 7 7 0 0
0 44 212 3 4 7 -7 7 -7 0 0
0 44 213 3 4 7 -7 7 -7 0 0
0 44 214 3 4 7 -7 7 -7 0 0
0 44 215 3 4 -7 7 -7 7 0 0
0 45 0 3 4 -7 -7 7 -7 0 0
0 45 1 3 4 -7 -7 7 -7 0 0
0 45 2 3 4 -7 -7 -7 -7 0 0
0 45 3 3 4 -7 -7 7 7 0 0
0 45 4 3 4 7 7 -7 -7 0 0
0 45 5 3 4 7 7 7 7 0 0
0 45 6 3 4 7 -7 7 -7 0 0
0 45 7 3 4 -7 -7 7 -7 0 0
0 45 8 3 4 -7 7 7 7 0 0
0 45 9 3 4 -7 7 -7 -7 0 0
0 45 10 3 4 7 -7 -7 7 0 0
0 45 11 3 4 7 7 7 -7 0 0
0 45 12 3 4 7 -7 -7 7 0 0
0 45 13 3 4 -7 -7 -7 -7 0 0
0 45 14 3 4 7 7 7 -7 0 0
0 45 15 3 4 7 7 -7 -7 0 0
0 45 16 3 4 -7 -7 -7 -7 0 0
0 45 17 3 4 7 7 -7 -7 0 0
0 45 18 3 4 -7 7 -7 -7 0 0
0 45 19 3 4 -7 7 -7 7 0 0
0 45 20 3 4 -7 -7 7 7 0 0
0 45 21 3 4 -7 7 7 7 0 0
0 45 22 3 4 -7 -7 7 7 0 0
0 45 23 3 4 7 7 7 -7 0 0
0 45 24 3 4 7 7 -7 -7 0 0
0 45 25 3 4 -7 7 -7 7 0 0
0 45 26 3 4 -7 -7 -7 7 0 0
0 45 27 3 4 -7 7 -7 -7 0 0
0 45 28 3 4 -7 -7 -7 7 0 0
0 45 29 3 4 7 -7 7 7 0 0
0 45 30 3 4 7 7 7 -7 0 0
0 45 31 3 4 7 7 7 -7 0 0
0 45 32 3 4 7 -7 7 7 0 0
0 45 33 3 4 -7 7 -7 -7 0 0
0 45 34 3 4 7 7 -7 7 0 0
0 45 35 3 4 -7 -7 -7 -7 0 0
0 45 36 3 4 7 7 -7 -7 0 0
0 45 37 3 4 -7 -7 -7 -7 0 0
0 45 38 3 4 7 -7 7 7 0 0
0 45 39 3 4 7 -7 7 -7 0 0
0 45 40 3 4 -7 -7 -7 -7 0 0
0 45 41 3 4 -7 7 7 7 0 0
0 45 42 3 4 -7 7 7 -7 0 0
0 45 43 3 4 7 -7 7 -7 0 0
0 45 44 3 4 7 7 -7 7 0 0
0 45 45 3 4 -7 7 7 -7 0 0
0 45 46 3 4 -7 7 -7 7 0 0
0 45 47 3 4 7 7 7 7 0 0
0 45 48 3 4 7 -7 -7 -7 0 0
0 45 49 3 4 -7 -7 7 7 0 0
0 45 50 3 4 -7 -7 7 -7 0 0
0 45 51 3 4 7 7 -7 7 0 0
0 45 52 3 4 -7 -7 -7 7 0 0
0 45 53 3 4 7 -7 7 -7 0 0
0 45 54 3 4 -7 7 -7 7 0 0
0 45 55 3 4 -7 -7 7 -7 0 0
0 45 56 3 4 -7 -7 7 -7 0 0
0 45 57 3 4 7 -7 -7 -7 0 0
0 45 58 3 4 -7 -7 7 7 0 0
0 45 59 3 4 -7 -7 7 -7 0 0
0 45 60 3 4 7 7 -7 7 0 0
0 45 61 3 4 -7 7 -7 -7 0 0
0 45 62 3 4 -7 7 -7 7 0 0
0 45 63 3 4 7 -7 7 -7 0 0
0 45 64 3 4 -7 -7 7 -7 0 0
0 45 65 3 4 7 7 7 -7 0 0
0 45 66 3 4 7 7 -7 7 0 0
0 45 67 3 4 7 7 7 7 0 0
0 45 68 3 4 7 7 7 7 0 0
0 45 69 3 4 -7 7 -7 -7 0 0
0 45 70 3 4 -7 7 7 7 0 0
0 45 71 3 4 7 7 -7 7 0 0
0 45 72 3 4 7 -7 -7 7 0 0
0 45 73 3 4 7 7 -7 -7 0 0
0 45 74 3 4 -7 -7 -7 7 0 0
0 45 75 3 4 -7 7 7 7 0 0
0 45 76 3 4 -7 7 -7 7 0 0
0 45 77 3 4 -7 -7 -7 -7 0 0
0 45 78 3 4 7 7 -7 7 0 0
0 45 79 3 4 -7 -7 7 7 0 0
0 45 80 3 4 7 7 7 -7 0 0
0 45 81 3 4 -7 7 -7 7 0 0
0 45 82 3 4 7 7 7 -7 0 0
0 45 83 3 4 7 -7 7 7 0 0
0 45 84 3 4 7 7 -7 7 0 0
0 45 85 3 4 -7 7 7 -7 0 0
0 45 86 3 4 7 7 -7 -7 0 0
0 45 87 3 4 -7 -7 -7 7 0 0
0 45 88 3 4 -7 7 -7 -7 0 0
0 45 89 3 4 7 -7 7 7 0 0
0 45 90 3 4 7 -7 7 -7 0 0
0 45 91 3 4 -7 7 -7 -7 0 0
0 45 92 3 4 7 7 7 7 0 0
0 45 93 3 4 7 7 7 -7 0 0
0 45 94 3 4 -7 -7 7 7 0 0
0 45 95 3 4 -7 -7 7 7 0 0
0 45 96 3 4 -7 7 7 7 0 0
0 45 97 3 4 -7 -7 -7 7 0 0
0 45 98 3 4 -7 -7 7 7 0 0
0 45 99 3 4 -7 -7 -7 7 0 0
0 45 100 3 4 -7 7 -7 7 0 0
0 45 101 3 4 7 7 7 7 0 0
0 45 102 3 4 7 -7 7 -7 0 0
0 45 103 3 4 7 7 7 7 0 0
0 45 104 3 4 7 -7 -7 -7 0 0
0 45 105 3 4 -7 -7 -7 -7 0 0
0 45 106 3 4 7 7 7 -7 0 0
0 45 107 3 4 7 -7 7 7 0 0
0 45 108 3 4 7 -7 7 -7 0 0
0 45 109 3 4 -7 -7 7 -7 0 0
0 45 110 3 4 -7 7 7 7 0 0
0 45 111 3 4 -7 -7 -7 7 0 0
0 45 112 3 4 -7 7 7 7 0 0
0 45 113 3 4 -7 7 7 7 0 0
0 45 114 3 4 7 7 7 -7 0 0
0 45 115 3 4 7 -7 -7 7 0 0
0 45 116 3 4 -7 7 -7 -7 0 0
0 45 117 3 4 -7 -7 -7 7 0 0
0 45 118 3 4 7 -7 -7 7 0 0
0 45 119 3 4 -7 7 7 -7 0 0
0 45 120 3 4 7 7 7 7 0 0
0 45 121 3 4 7 7 7 -7 0 0
0 45 122 3 4 -7 -7 -7 -7 0 0
0 45 123 3 4 7 -7 7 -7 0 0
0 45 124 3 4 7 -7 -7 -7 0 0
0 45 125 3 4 7 -7 -7 -7 0 0
0 45 126 3 4 -7 -7 7 -7 0 0
0 45 127 3 4 7 -7 7 7 0 0
0 45 128 3 4 7 -7 7 -7 0 0
0 45 129 3 4 7 7 7 -7 0 0
0 45 130 3 4 -7 -7 7 -7 0 0
0 45 131 3 4 7 -7 -7 7 0 0
0 45 132 3 4 7 -7 -7 7 0 0
0 45 133 3 4 7 7 -7 -7 0 0
0 45 134 3 4 7 7 7 -7 0 0
0 45 135 3 4 -7 -7 -7 -7 0 0
0 45 136 3 4 -7 -7 -7 -7 0 0
0 45 137 3 4 -7 -7 -7 7 0 0
0 45 138 3 4 -7 -7 -7 7 0 0
0 45 139 3 4 7 7 -7 -7 0 0
0 45 140 3 4 7 -7 -7 -7 0 0
0 45 141 3 4 7 7 -7 7 0 0
0 45 142 3 4 7 7 -7 7 0 0
0 45 143 3 4 7 -7 7 7 0 0
0 45 144 3 4 -7 7 -7 -7 0 0
0 45 145 3 4 -7 -7 7 -7 0 0
0 45 146 3 4 7 -7 -7 -7 0 0
0 45 147 3 4 -7 7 -7 -7 0 0
0 45 148 3 4 7 -7 -7 -7 0 0
0 45 149 3 4 -7 7 7 7 0 0
0 45 150 3 4 7 -7 7 -7 0 0
0 45 151 3 4 -7 7 -7 7 0 0
0 45 152 3 4 7 7 -7 7 0 0
0 45 153 3 4 7 7 7 7 0 0
0 45 154 3 4 -7 -7 -7 7 0 0
0 45 155 3 4 -7 7 7 7 0 0
0 45 156 3 4 7 7 7 -7 0 0
0 45 157 3 4 -7 7 -7 -7 0 0
0 45 158 3 4 -7 -7 7 -7 0 0
0 45 159 3 4 7 -7 -7 7 0 0
0 45 160 3 4 7 7 -7 -7 0 0
0 45 161 3 4 7 7 -7 -7 0 0
0 45 162 3 4 7 -7 7 7 0 0
0 45 163 3 4 7 7 -7 7 0 0
0 45 164 3 4 -7 7 -7 -7 0 0
0 45 165 3 4 7 -7 7 -7 0 0
0 45 166 3 4 -7 -7 -7 -7 0 0
0 45 167 3 4 -7 7 7 7 0 0
0 45 168 3 4 -7 7 -7 7 0 0
0 45 169 3 4 7 -7 7 7 0 0
0 45 170 3 4 -7 7 7 7 0 0
0 45 171 3 4 7 7 7 -7 0 0
0 45 172 3 4 -7 -7 -7 -7 0 0
0 45 173 3 4 -7 -7 -7 -7 0 0
0 45 174 3 4 7 7 -7 7 0 0
0 45 175 3 4 7 7 -7 7 0 0
0 45 176 3 4 -7 -7 7 7 0 0
0 45 177 3 4 7 7 7 -7 0 0
0 45 178 3 4 7 -7 7 -7 0 0
0 45 179 3 4 -7 -7 7 7 0 0
0 45 180 3 4 7 7 -7 7 0 0
0 45 181 3 4 7 7 -7 -7 0 0
0 45 182 3 4 -7 -7 -7 -7 0 0
0 45 183 3 4 7 7 -7 -7 0 0
0 45 184 3 4 7 7 -7 -7 0 0
0 45 185 3 4 7 7 7 7 0 0
0 45 186 3 4 -7 7 -7 7 0 0
0 45 187 3 4 -7 -7 -7 7 0 0
0 45 188 3 4 -7 -7 -7 -7 0 0
0 45 189 3 4 7 7 7 7 0 0
0 45 190 3 4 -7 -7 -7 -7 0 0
0 45 191 3 4 -7 -7 7 -7 0 0
0 45 192 3 4 7 -7 7 -7 0 0
0 45 193 3 4 -7 -7 -7 7 0 0
0 45 194 3 4 -7 7 -7 7 0 0
0 45 195 3 4 -7 -7 7 -7 0 0
0 45 196 3 4 -7 -7 -7 7 0 0
0 45 197 3 4 -7 7 7 -7 0 0
0 45 198 3 4 7 -7 -7 -7 0 0
0 45 199 3 4 7 7 7 -7 0 0
0 45 200 3 4 -7 -7 7 -7 0 0
0 45 201 3 4 7 -7 7 7 0 0
0 45 202 3 4 7 7 -7 7 0 0
0 45 203 3 4 7 7 -7 7 0 0
0 45 204 3 4 -7 7 7 -7 0 0
0 45 205 3 4 -7 -7 7 7 0 0
0 45 206 3 4 -7 -7 7 -7 0 0
0 45 207 3 4 7 -7 7 -7 0 0
0 45 208 3 4 7 -7 7 7 0 0
0 45 209 3 4 -7 -7 -7 -7 0 0
0 45 210 3 4 7 -7 -7 -7 0 0
0 45 211 3 4 7 -7 -7 7 0 0
0 45 212 3 4 7 -7 7 -7 0 0
0 45 213 3 4 -7 -7 7 7 0 0
0 45 214 3 4 -7 7 7 7 0 0
0 45 215 3 4 7 -7 7 -7 0 0
0 46 0 3 4 -7 7 -7 -7 0 0
0 46 1 3 4 -7 7 -7 7 0 0
0 46 2 3 4 7 -7 7 7 0 0
0 46 3 3 4 7 -7 -7 7 0 0
0 46 4 3 4 -7 7 -7 7 0 0
0 46 5 3 4 -7 7 7 7 0 0
0 46 6 3 4 -7 7 7 -7 0 0
0 46 7 3 4 7 -7 7 -7 0 0
0 46 8 3 4 7 7 -7 -7 0 0
0 46 9 3 4 7 -7 -7 7 0 0
0 46 10 3 4 7 7 -7 7 0 0
0 46 11 3 4 -7 7 -7 -7 0 0
0 46 12 3 4 -7 -7 -7 -7 0 0
0 46 13 3 4 -7 7 7 7 0 0
0 46 14 3 4 -7 7 -7 7 0 0
0 46 15 3 4 7 7 7 -7 0 0
0 46 16 3 4 7 -7 7 7 0 0
0 46 17 3 4 7 -7 -7 7 0 0
0 46 18 3 4 7 7 7 -7 0 0
0 46 19 3 4 7 -7 -7 7 0 0
0 46 20 3 4 7 -7 -7 7 0 0
0 46 21 3 4 7 7 -7 7 0 0
0 46 22 3 4 -7 7 7 7 0 0
0 46 23 3 4 7 -7 -7 -7 0 0
0 46 24 3 4 7 -7 -7 -7 0 0
0 46 25 3 4 -7 -7 -7 7 0 0
0 46 26 3 4 7 7 -7 7 0 0
0 46 27 3 4 7 -7 -7 7 0 0
0 46 28 3 4 7 -7 7 7 0 0
0 46 29 3 4 -7 -7 -7 -7 0 0
0 46 30 3 4 7 7 7 7 0 0
0 46 31 3 4 7 -7 7 -7 0 0
0 46 32 3 4 7 -7 -7 7 0 0
0 46 33 3 4 7 -7 7 -7 0 0
0 46 34 3 4 7 7 7 -7 0 0
0 46 35 3 4 -7 7 -7 -7 0 0
0 46 36 3 4 -7 7 7 -7 0 0
0 46 37 3 4 -7 -7 7 7 0 0
0 46 38 3 4 7 7 7 -7 0 0
0 46 39 3 4 7 -7 7 7 0 0
0 46 40 3 4 -7 -7 7 -7 0 0
0 46 41 3 4 -7 -7 -7 -7 0 0
0 46 42 3 4 7 7 7 -7 0 0
0 46 43 3 4 7 7 -7 -7 0 0
0 46 44 3 4 7 7 -7 7 0 0
0 46 45 3 4 7 -7 -7 7 0 0
0 46 46 3 4 -7 -7 7 -7 0 0
0 46 47 3 4 -7 -7 7 -7 0 0
0 46 48 3 4 7 7 7 -7 0 0
0 46 49 3 4 7 -7 7 -7 0 0
0 46 50 3 4 -7 -7 7 -7 0 0
0 46 51 3 4 -7 7 -7 -7 0 0
0 46 52 3 4 7 -7 7 -7 0 0
0 46 53 3 4 7 7 7 -7 0 0
0 46 54 3 4 7 -7 7 7 0 0
0 46 55 3 4 7 7 -7 7 0 0
0 46 56 3 4 -7 7 7 7 0 0
0 46 57 3 4 -7 7 7 7 0 0
0 46 58 3 4 7 -7 7 7 0 0
0 46 59 3 4 7 7 -7 -7 0 0
0 46 60 3 4 7 7 7 7 0 0
0 46 61 3 4 -7 -7 -7 7 0 0
0 46 62 3 4 7 7 -7 -7 0 0
0 46 63 3 4 7 7 7 7 0 0
0 46 64 3 4 -7 -7 7 7 0 0
0 46 65 3 4 -7 -7 -7 -7 0 0
0 46 66 3 4 -7 7 7 7 0 0
0 46 67 3 4 -7 7 7 7 0 0
0 46 68 3 4 -7 -7 -7 -7 0 0
0 46 69 3 4 -7 7 7 7 0 0
0 46 70 3 4 -7 -7 7 7 0 0
0 46 71 3 4 -7 7 -7 -7 0 0
0 46 72 3 4 7 7 -7 -7 0 0
0 46 73 3 4 7 -7 -7 -7 0 0
0 46 74 3 4 -7 7 -7 -7 0 0
0 46 75 3 4 7 7 -7 -7 0 0
0 46 76 3 4 -7 7 -7 -7 0 0
0 46 77 3 4 -7 7 -7 -7 0 0
0 46 78 3 4 -7 7 7 -7 0 0
0 46 79 3 4 7 -7 -7 -7 0 0
0 46 80 3 4 -7 -7 7 -7 0 0
0 46 81 3 4 7 -7 -7 -7 0 0
0 46 82 3 4 -7 7 7 7 0 0
0 46 83 3 4 -7 -7 7 -7 0 0
0 46 84 3 4 -7 7 -7 7 0 0
0 46 85 3 4 7 7 -7 7 0 0
0 46 86 3 4 -7 7 7 -7 0 0
0 46 87 3 4 7 7 -7 -7 0 0
0 46 88 3 4 -7 -7 -7 7 0 0
0 46 89 3 4 -7 7 -7 7 0 0
0 46 90 3 4 7 7 -7 -7 0 0
0 46 91 3 4 -7 -7 7 7 0 0
0 46 92 3 4 7 -7 -7 7 0 0
0 46 93 3 4 -7 -7 7 7 0 0
0 46 94 3 4 7 7 7 7 0 0
0 46 95 3 4 -7 -7 -7 7 0 0
0 46 96 3 4 -7 -7 7 -7 0 0
0 46 97 3 4 7 -7 -7 -7 0 0
0 46 98 3 4 7 -7 7 7 0 0
0 46 99 3 4 7 7 7 -7 0 0
0 46 100 3 4 -7 -7 -7 -7 0 0
0 46 101 3 4 7 -7 7 -7 0 0
0 46 102 3 4 7 7 -7 7 0 0
0 46 103 3 4 -7 7 -7 7 0 0
0 46 104 3 4 7 7 7 7 0 0
0 46 105 3 4 7 7 -7 -7 0 0
0 46 106 3 4 7 7 7 -7 0 0
0 46 107 3 4 7 7 7 7 0 0
0 46 108 3 4 7 -7 -7 -7 0 0
0 46 109 3 4 -7 -7 7 -7 0 0
0 46 110 3 4 7 7 7 -7 0 0
0 46 111 3 4 -7 -7 -7 7 0 0
0 46 112 3 4 7 -7 7 7 0 0
0 46 113 3 4 7 7 -7 -7 0 0
0 46 114 3 4 7 -7 7 7 0 0
0 46 115 3 4 7 -7 -7 -7 0 0
0 46 116 3 4 7 7 -7 7 0 0
0 46 117 3 4 7 7 -7 7 0 0
0 46 118 3 4 -7 7 7 7 0 0
0 46 119 3 4 -7 7 7 -7 0 0
0 46 120 3 4 -7 -7 7 7 0 0
0 46 121 3 4 -7 -7 -7 7 0 0
0 46 122 3 4 7 7 7 -7 0 0
0 46 123 3 4 -7 -7 -7 7 0 0
0 46 124 3 4 7 -7 -7 7 0 0
0 46 125 3 4 -7 7 7 -7 0 0
0 46 126 3 4 7 7 7 7 0 0
0 46 127 3 4 -7 7 -7 -7 0 0
0 46 128 3 4 7 -7 7 -7 0 0
0 46 129 3 4 -7 7 7 -7 0 0
0 46 130 3 4 -7 7 7 -7 0 0
0 46 131 3 4 7 7 7 7 0 0
0 46 132 3 4 -7 -7 7 -7 0 0
0 46 133 3 4 -7 -7 7 -7 0 0
0 46 134 3 4 7 -7 7 -7 0 0
0 46 135 3 4 -7 7 -7 -7 0 0
0 46 136 3 4 7 7 7 7 0 0
0 46 137 3 4 7 -7 7 7 0 0
0 46 138 3 4 -7 7 -7 -7 0 0
0 46 139 3 4 -7 7 -7 -7 0 0
0 46 140 3 4 7 7 -7 7 0 0
0 46 141 3 4 7 -7 7 7 0 0
0 46 142 3 4 7 -7 -7 7 0 0
0 46 143 3 4 7 7 -7 -7 0 0
0 46 144 3 4 7 -7 -7 7 0 0
0 46 145 3 4 7 -7 -7 7 0 0
0 46 146 3 4 -7 -7 7 7 0 0
0 46 147 3 4 7 -7 -7 7 0 0
0 46 148 3 4 7 7 -7 7 0 0
0 46 149 3 4 7 7 -7 -7 0 0
0 46 150 3 4 -7 -7 7 7 0 0
0 46 151 3 4 7 7 -7 7 0 0
0 46 152 3 4 7 -7 7 7 0 0
0 46 153 3 4 -7 7 7 7 0 0
0 46 154 3 4 7 -7 7 7 0 0
0 46 155 3 4 -7 -7 7 7 0 0
0 46 156 3 4 7 7 -7 -7 0 0
0 46 157 3 4 -7 -7 -7 7 0 0
0 46 158 3 4 -7 7 7 7 0 0
0 46 159 3 4 7 7 -7 7 0 0
0 46 160 3 4 7 -7 7 7 0 0
0 46 161 3 4 7 -7 -7 7 0 0
0 46 162 3 4 -7 -7 -7 -7 0 0
0 46 163 3 4 7 -7 7 -7 0 0
0 46 164 3 4 -7 -7 7 7 0 0
0 46 165 3 4 7 7 7 -7 0 0
0 46 166 3 4 7 -7 7 7 0 0
0 46 167 3 4 7 7 7 -7 0 0
0 46 168 3 4 7 -7 -7 -7 0 0
0 46 169 3 4 -7 -7 7 7 0 0
0 46 170 3 4 -7 7 -7 -7 0 0
0 46 171 3 4 7 -7 7 -7 0 0
0 46 172 3 4 -7 -7 7 7 0 0
0 46 173 3 4 -7 7 -7 -7 0 0
0 46 174 3 4 -7 7 7 7 0 0
0 46 175 3 4 -7 -7 7 -7 0 0
0 46 176 3 4 7 -7 -7 -7 0 0
0 46 177 3 4 -7 -7 -7 7 0 0
0 46 178 3 4 -7 7 -7 -7 0 0
0 46 179 3 4 -7 -7 -7 -7 0 0
0 46 180 3 4 7 7 -7 7 0 0
0 46 181 3 4 7 -7 7 7 0 0
0 46 182 3 4 -7 7 7 7 0 0
0 46 183 3 4 7 7 7 7 0 0
0 46 184 3 4 7 -7 -7 7 0 0
0 46 185 3 4 7 7 -7 7 0 0
0 46 186 3 4 7 7 7 -7 0 0
0 46 187 3 4 7 7 7 7 0 0
0 46 188 3 4 7 -7 -7 7 0 0
0 46 189 3 4 -7 7 -7 -7 0 0
0 46 190 3 4 7 7 7 7 0 0
0 46 191 3 4 -7 7 7 -7 0 0
0 46 192 3 4 7 -7 7 -7 0 0
0 46 193 3 4 -7 7 -7 -7 0 0
0 46 194 3 4 7 7 7 -7 0 0
0 46 195 3 4 7 -7 -7 7 0 0
0 46 196 3 4 7 -7 7 7 0 0
0 46 197 3 4 -7 7 -7 -7 0 0
0 46 198 3 4 -7 7 -7 -7 0 0
0 46 199 3 4 7 7 -7 7 0 0
0 46 200 3 4 7 -7 7 -7 0 0
0 46 201 3 4 7 7 7 -7 0 0
0 46 202 3 4 7 7 -7 7 0 0
0 46 203 3 4 -7 -7 -7 7 0 0
0 46 204 3 4 -7 7 7 -7 0 0
0 46 205 3 4 7 7 7 -7 0 0
0 46 206 3 4 -7 -7 7 7 0 0
0 46 207 3 4 -7 -7 -7 7 0 0
0 46 208 3 4 -7 7 -7 -7 0 0
0 46 209 3 4 -7 7 7 7 0 0
0 46 210 3 4 -7 7 -7 7 0 0
0 46 211 3 4 7 7 7 7 0 0
0 46 212 3 4 7 7 7 -7 0 0
0 46 213 3 4 7 -7 -7 7 0 0
0 46 214 3 4 -7 -7 -7 -7 0 0
0 46 215 3 4 -7 -7 7 7 0 0
0 47 0 3 4 -7 7 7 7 0 0
0 47 1 3 4 -7 7 7 -7 0 0
0 47 2 3 4 7 7 -7 7 0 0
0 47 3 3 4 -7 -7 -7 7 0 0
0 47 4 3 4 7 -7 7 -7 0 0
0 47 5 3 4 7 -7 7 -7 0 0
0 47 6 3 4 7 7 -7 7 0 0
0 47 7 3 4 -7 7 7 -7 0 0
0 47 8 3 4 7 7 -7 -7 0 0
0 47 9 3 4 -7 7 -7 -7 0 0
0 47 10 3 4 7 -7 -7 -7 0 0
0 47 11 3 4 7 7 7 -7 0 0
0 47 12 3 4 -7 7 7 -7 0 0
0 47 13 3 4 7 -7 -7 7 0 0
0 47 14 3 4 7 -7 -7 7 0 0
0 47 15 3 4 -7 7 -7 -7 0 0
0 47 16 3 4 7 7 -7 -7 0 0
0 47 17 3 4 7 7 -7 7 0 0
0 47 18 3 4 7 -7 -7 7 0 0
0 47 19 3 4 -7 7 -7 -7 0 0
0 47 20 3 4 7 7 -7 7 0 0
0 47 21 3 4 7 7 7 7 0 0
0 47 22 3 4 7 -7 -7 7 0 0
0 47 23 3 4 -7 7 -7 -7 0 0
0 47 24 3 4 -7 7 7 -7 0 0
0 47 25 3 4 -7 -7 -7 -7 0 0
0 47 26 3 4 7 -7 7 7 0 0
0 47 27 3 4 7 -7 7 7 0 0
0 47 28 3 4 7 -7 7 7 0 0
0 47 29 3 4 7 7 -7 7 0 0
0 47 30 3 4 -7 7 7 -7 0 0
0 47 31 3 4 7 -7 7 -7 0 0
0 47 32 3 4 7 -7 -7 -7 0 0
0 47 33 3 4 7 7 7 7 0 0
0 47 34 3 4 7 -7 -7 -7 0 0
0 47 35 3 4 -7 -7 7 7 0 0
0 47 36 3 4 7 7 -7 -7 0 0
0 47 37 3 4 -7 -7 -7 7 0 0
0 47 38 3 4 -7 -7 -7 7 0 0
0 47 39 3 4 7 7 7 7 0 0
0 47 40 3 4 7 -7 -7 7 0 0
0 47 41 3 4 -7 7 -7 -7 0 0
0 47 42 3 4 7 -7 -7 7 0 0
0 47 43 3 4 7 7 -7 7 0 0
0 47 44 3 4 7 7 -7 7 0 0
0 47 45 3 4 -7 -7 -7 7 0 0
0 47 46 3 4 -7 -7 -7 7 0 0
0 47 47 3 4 -7 -7 -7 7 0 0
0 47 48 3 4 7 7 7 7 0 0
0 47 49 3 4 7 -7 -7 -7 0 0
0 47 50 3 4 7 7 7 -7 0 0
0 47 51 3 4 7 -7 7 7 0 0
0 47 52 3 4 -7 7 -7 -7 0 0
0 47 53 3 4 -7 7 7 7 0 0
0 47 54 3 4 -7 7 7 -7 0 0
0 47 55 3 4 7 -7 7 -7 0 0
0 47 56 3 4 -7 7 7 7 0 0
0 47 57 3 4 7 7 7 -7 0 0
0 47 58 3 4 -7 7 7 -7 0 0
0 47 59 3 4 -7 -7 -7 -7 0 0
0 47 60 3 4 -7 -7 7 -7 0 0
0 47 61 3 4 7 7 7 -7 0 0
0 47 62 3 4 -7 7 -7 -7 0 0
0 47 63 3 4 7 7 -7 -7 0 0
0 47 64 3 4 -7 7 -7 -7 0 0
0 47 65 3 4 -7 7 7 7 0 0
0 47 66 3 4 -7 -7 7 7 0 0
0 47 67 3 4 7 7 7 -7 0 0
0 47 68 3 4 -7 -7 7 7 0 0
0 47 69 3 4 7 7 7 -7 0 0
0 47 70 3 4 -7 7 -7 -7 0 0
0 47 71 3 4 -7 -7 -7 7 0 0
0 47 72 3 4 7 7 -7 -7 0 0
0 47 73 3 4 -7 7 -7 7 0 0
0 47 74 3 4 7 -7 -7 7 0 0
0 47 75 3 4 -7 7 -7 -7 0 0
0 47 76 3 4 -7 7 -7 7 0 0
0 47 77 3 4 -7 7 7 -7 0 0
0 47 78 3 4 -7 7 7 7 0 0
0 47 79 3 4 -7 7 -7 7 0 0
0 47 80 3 4 -7 -7 7 -7 0 0
0 47 81 3 4 7 7 7 7 0 0
0 47 82 3 4 -7 7 -7 7 0 0
0 47 83 3 4 -7 7 -7 -7 0 0
0 47 84 3 4 -7 7 -7 -7 0 0
0 47 85 3 4 -7 -7 7 -7 0 0
0 47 86 3 4 7 -7 7 -7 0 0
0 47 87 3 4 -7 7 -7 7 0 0
0 47 88 3 4 -7 -7 -7 -7 0 0
0 47 89 3 4 7 7 -7 -7 0 0
0 47 90 3 4 7 7 7 7 0 0
0 47 91 3 4 7 -7 -7 7 0 0
0 47 92 3 4 -7 7 -7 7 0 0
0 47 93 3 4 -7 7 -7 -7 0 0
0 47 94 3 4 7 7 7 -7 0 0
0 47 95 3 4 -7 -7 7 -7 0 0
0 47 96 3 4 -7 -7 7 7 0 0
0 47 97 3 4 7 7 -7 -7 0 0
0 47 98 3 4 -7 7 7 7 0 0
0 47 99 3 4 7 -7 7 7 0 0
0 47 100 3 4 -7 7 7 7 0 0
0 47 101 3 4 7 7 7 7 0 0
0 47 102 3 4 7 7 7 -7 0 0
0 47 103 3 4 -7 -7 -7 -7 0 0
0 47 104 3 4 -7 -7 7 7 0 0
0 47 105 3 4 7 -7 -7 7 0 0
0 47 106 3 4 -7 7 -7 7 0 0
0 47 107 3 4 7 -7 -7 7 0 0
0 47 108 3 4 7 7 -7 7 0 0
0 47 109 3 4 -7 -7 7 -7 0 0
0 47 110 3 4 7 7 7 7 0 0
0 47 111 3 4 -7 -7 7 7 0 0
0 47 112 3 4 -7 7 7 7 0 0
0 47 113 3 4 -7 -7 7 -7 0 0
0 47 114 3 4 7 -7 -7 -7 0 0
0 47 115 3 4 -7 -7 7 -7 0 0
0 47 116 3 4 -7 -7 -7 7 0 0
0 47 117 3 4 -7 -7 7 7 0 0
0 47 118 3 4 -7 7 -7 -7 0 0
0 47 119 3 4 -7 -7 7 7 0 0
0 47 120 3 4 -7 -7 -7 -7 0 0
0 47 121 3 4 7 7 -7 7 0 0
0 47 122 3 4 -7 7 7 7 0 0
0 47 123 3 4 7 7 -7 7 0 0
0 47 124 3 4 -7 7 -7 -7 0 0
0 47 125 3 4 7 -7 -7 7 0 0
0 47 126 3 4 7 -7 -7 -7 0 0
0 47 127 3 4 -7 7 -7 7 0 0
0 47 128 3 4 -7 -7 7 -7 0 0
0 47 129 3 4 -7 7 7 7 0 0
0 47 130 3 4 -7 7 -7 7 0 0
0 47 131 3 4 7 7 7 -7 0 0
0 47 132 3 4 -7 7 7 7 0 0
0 47 133 3 4 7 -7 -7 7 0 0
0 47 134 3 4 -7 -7 7 7 0 0
0 47 135 3 4 7 -7 -7 7 0 0
0 47 136 3 4 7 -7 -7 7 0 0
0 47 137 3 4 7 7 -7 -7 0 0
0 47 138 3 4 7 -7 -7 -7 0 0
0 47 139 3 4 7 7 7 -7 0 0
0 47 140 3 4 -7 -7 -7 -7 0 0
0 47 141 3 4 -7 -7 7 -7 0 0
0 47 142 3 4 7 -7 7 7 0 0
0 47 143 3 4 7 -7 -7 -7 0 0
0 47 144 3 4 -7 -7 -7 7 0 0
0 47 145 3 4 7 -7 -7 -7 0 0
0 47 146 3 4 -7 7 -7 -7 0 0
0 47 147 3 4 7 7 -7 7 0 0
0 47 148 3 4 7 7 -7 7 0 0
0 47 149 3 4 -7 -7 7 -7 0 0
0 47 150 3 4 -7 7 -7 7 0 0
0 47 151 3 4 7 7 7 -7 0 0
0 47 152 3 4 7 -7 7 -7 0 0
0 47 153 3 4 -7 -7 -7 -7 0 0
0 47 154 3 4 7 7 -7 -7 0 0
0 47 155 3 4 7 7 -7 -7 0 0
0 47 156 3 4 7 7 -7 7 0 0
0 47 157 3 4 7 -7 7 7 0 0
0 47 158 3 4 -7 -7 7 -7 0 0
0 47 159 3 4 7 -7 7 -7 0 0
0 47 160 3 4 7 7 -7 7 0 0
0 47 161 3 4 -7 -7 7 7 0 0
0 47 162 3 4 7 7 -7 7 0 0
0 47 163 3 4 7 7 7 -7 0 0
0 47 164 3 4 -7 7 -7 -7 0 0
0 47 165 3 4 7 7 7 7 0 0
0 47 166 3 4 -7 7 7 7 0 0
0 47 167 3 4 -7 7 7 -7 0 0
0 47 168 3 4 -7 -7 7 7 0 0
0 47 169 3 4 7 7 -7 7 0 0
0 47 170 3 4 -7 -7 7 -7 0 0
0 47 171 3 4 7 7 -7 -7 0 0
0 47 172 3 4 7 7 7 -7 0 0
0 47 173 3 4 7 7 7 7 0 0
0 47 174 3 4 -7 -7 -7 7 0 0
0 47 175 3 4 -7 -7 7 -7 0 0
0 47 176 3 4 7 -7 7 7 0 0
0 47 177 3 4 -7 7 -7 7 0 0
0 47 178 3 4 -7 7 -7 7 0 0
0 47 179 3 4 7 -7 7 -7 0 0
0 47 180 3 4 7 7 7 -7 0 0
0 47 181 3 4 7 -7 -7 -7 0 0
0 47 182 3 4 7 -7 7 7 0 0
0 47 183 3 4 7 7 7 7 0 0
0 47 184 3 4 -7 -7 -7 -7 0 0
0 47 185 3 4 -7 -7 7 7 0 0
0 47 186 3 4 -7 -7 -7 -7 0 0
0 47 187 3 4 7 -7 -7 -7 0 0
0 47 188 3 4 -7 -7 7 7 0 0
0 47 189 3 4 7 7 7 -7 0 0
0 47 190 3 4 7 7 -7 7 0 0
0 47 191 3 4 -7 -7 -7 -7 0 0
0 47 192 3 4 -7 -7 -7 -7 0 0
0 47 193 3 4 7 -7 -7 -7 0 0
0 47 194 3 4 7 -7 7 7 0 0
0 47 195 3 4 7 -7 7 7 0 0
0 47 196 3 4 7 -7 7 7 0 0
0 47 197 3 4 -7 -7 7 7 0 0
0 47 198 3 4 -7 7 7 -7 0 0
0 47 199 3 4 -7 -7 7 -7 0 0
0 47 200 3 4 -7 7 -7 7 0 0
0 47 201 3 4 -7 -7 7 7 0 0
0 47 202 3 4 7 7 7 7 0 0
0 47 203 3 4 -7 -7 7 -7 0 0
0 47 204 3 4 -7 7 -7 -7 0 0
0 47 205 3 4 7 7 -7 -7 0 0
0 47 206 3 4 -7 -7 -7 -7 0 0
0 47 207 3 4 -7 -7 -7 7 0 0
0 47 208 3 4 7 -7 7 7 0 0
0 47 209 3 4 -7 7 -7 -7 0 0
0 47 210 3 4 -7 -7 -7 -7 0 0
0 47 211 3 4 7 7 7 -7 0 0
0 47 212 3 4 7 7 7 -7 0 0
0 47 213 3 4 -7 -7 7 7 0 0
0 47 214 3 4 -7 -7 -7 -7 0 0
0 47 215 3 4 -7 7 -7 -7 0 0
0 48 0 3 4 7 7 -7 -7 0 0
0 48 1 3 4 -7 -7 7 7 0 0
0 48 2 3 4 7 -7 -7 -7 0 0
0 48 3 3 4 -7 -7 -7 -7 0 0
0 48 4 3 4 7 -7 -7 7 0 0
0 48 5 3 4 7 -7 -7 7 0 0
0 48 6 3 4 -7 7 7 -7 0 0
0 48 7 3 4 -7 7 -7 -7 0 0
0 48 8 3 4 -7 7 -7 -7 0 0
0 48 9 3 4 7 -7 7 7 0 0
0 48 10 3 4 7 7 7 -7 0 0
0 48 11 3 4 -7 -7 -7 -7 0 0
0 48 12 3 4 -7 7 7 7 0 0
0 48 13 3 4 -7 7 -7 -7 0 0
0 48 14 3 4 -7 7 -7 7 0 0
0 48 15 3 4 -7 7 -7 7 0 0
0 48 16 3 4 7 7 -7 -7 0 0
0 48 17 3 4 -7 7 7 7 0 0
0 48 18 3 4 -7 7 -7 -7 0 0
0 48 19 3 4 -7 7 -7 -7 0 0
0 48 20 3 4 7 -7 -7 7 0 0
0 48 21 3 4 -7 -7 -7 -7 0 0
0 48 22 3 4 7 7 7 -7 0 0
0 48 23 3 4 -7 -7 7 -7 0 0
0 48 24 3 4 7 7 -7 7 0 0
0 48 25 3 4 -7 -7 7 -7 0 0
0 48 26 3 4 -7 7 7 7 0 0
0 48 27 3 4 7 7 7 -7 0 0
0 48 28 3 4 7 7 7 7 0 0
0 48 29 3 4 7 7 7 -7 0 0
0 48 30 3 4 7 -7 -7 -7 0 0
0 48 31 3 4 -7 7 7 7 0 0
0 48 32 3 4 -7 -7 7 7 0 0
0 48 33 3 4 -7 -7 -7 7 0 0
0 48 34 3 4 -7 7 7 -7 0 0
0 48 35 3 4 -7 -7 7 7 0 0
0 48 36 3 4 -7 7 -7 7 0 0
0 48 37 3 4 -7 -7 -7 -7 0 0
0 48 38 3 4 7 7 -7 -7 0 0
0 48 39 3 4 -7 7 7 7 0 0
0 48 40 3 4 -7 -7 -7 -7 0 0
0 48 41 3 4 -7 7 -7 -7 0 0
0 48 42 3 4 -7 -7 -7 7 0 0
0 48 43 3 4 7 7 7 7 0 0
0 48 44 3 4 -7 -7 -7 -7 0 0
0 48 45 3 4 -7 7 7 7 0 0
0 48 46 3 4 -7 -7 7 -7 0 0
0 48 47 3 4 7 -7 -7 -7 0 0
0 48 48 3 4 7 -7 7 7 0 0
0 48 49 3 4 7 7 7 -7 0 0
0 48 50 3 4 7 -7 -7 7 0 0
0 48 51 3 4 -7 -7 -7 7 0 0
0 48 52 3 4 -7 -7 -7 -7 0 0
0 48 53 3 4 7 7 7 7 0 0
0 48 54 3 4 -7 7 7 7 0 0
0 48 55 3 4 7 7 7 7 0 0
0 48 56 3 4 -7 7 -7 7 0 0
0 48 57 3 4 7 7 -7 7 0 0
0 48 58 3 4 -7 7 -7 -7 0 0
0 48 59 3 4 -7 -7 -7 -7 0 0
0 48 60 3 4 -7 7 7 7 0 0
0 48 61 3 4 7 -7 7 7 0 0
0 48 62 3 4 7 -7 -7 7 0 0
0 48 63 3 4 -7 7 7 7 0 0
0 48 64 3 4 7 -7 -7 7 0 0
0 48 65 3 4 -7 7 7 7 0 0
0 48 66 3 4 7 -7 7 7 0 0
0 48 67 3 4 7 7 7 -7 0 0
0 48 68 3 4 -7 -7 7 -7 0 0
0 48 69 3 4 7 -7 7 -7 0 0
0 48 70 3 4 7 7 -7 7 0 0
0 48 71 3 4 -7 7 7 -7 0 0
0 48 72 3 4 -7 7 -7 -7 0 0
0 48 73 3 4 7 -7 -7 -7 0 0
0 48 74 3 4 7 7 7 -7 0 0
0 48 75 3 4 -7 -7 7 -7 0 0
0 48 76 3 4 -7 7 7 -7 0 0
0 48 77 3 4 -7 -7 7 7 0 0
0 48 78 3 4 7 -7 -7 -7 0 0
0 48 79 3 4 7 7 7 7 0 0
0 48 80 3 4 -7 7 7 -7 0 0
0 48 81 3 4 7 -7 7 7 0 0
0 48 82 3 4 7 -7 7 -7 0 0
0 48 83 3 4 -7 -7 7 -7 0 0
0 48 84 3 4 -7 7 7 -7 0 0
0 48 85 3 4 7 -7 -7 -7 0 0
0 48 86 3 4 -7 -7 7 -7 0 0
0 48 87 3 4 7 7 7 -7 0 0
0 48 88 3 4 -7 7 -7 -7 0 0
0 48 89 3 4 7 -7 -7 -7 0 0
0 48 90 3 4 -7 7 -7 7 0 0
0 48 91 3 4 7 -7 7 -7 0 0
0 48 92 3 4 -7 7 7 -7 0 0
0 48 93 3 4 -7 7 7 7 0 0
0 48 94 3 4 -7 7 7 7 0 0
0 48 95 3 4 7 7 -7 -7 0 0
0 48 96 3 4 -7 -7 -7 -7 0 0
0 48 97 3 4 7 -7 7 7 0 0
0 48 98 3 4 -7 7 7 7 0 0
0 48 99 3 4 7 7 7 7 0 0
0 48 100 3 4 7 7 7 7 0 0
0 48 101 3 4 -7 -7 -7 7 0 0
0 48 102 3 4 -7 7 7 7 0 0
0 48 103 3 4 -7 7 7 7 0 0
0 48 104 3 4 7 -7 7 -7 0 0
0 48 105 3 4 -7 -7 -7 7 0 0
0 48 106 3 4 -7 -7 7 -7 0 0
0 48 107 3 4 -7 7 7 -7 0 0
0 48 108 3 4 -7 -7 7 7 0 0
0 48 109 3 4 7 7 -7 7 0 0
0 48 110 3 4 -7 7 7 7 0 0
0 48 111 3 4 -7 7 7 -7 0 0
0 48 112 3 4 -7 7 -7 -7 0 0
0 48 113 3 4 -7 7 -7 -7 0 0
0 48 114 3 4 -7 -7 7 7 0 0
0 48 115 3 4 7 -7 7 7 0 0
0 48 116 3 4 -7 7 7 -7 0 0
0 48 117 3 4 -7 7 -7 -7 0 0
0 48 118 3 4 7 -7 7 -7 0 0
0 48 119 3 4 -7 -7 7 -7 0 0
0 48 120 3 4 7 7 7 7 0 0
0 48 121 3 4 -7 -7 -7 7 0 0
0 48 122 3 4 -7 -7 7 -7 0 0
0 48 123 3 4 -7 7 -7 7 0 0
0 48 124 3 4 7 -7 7 7 0 0
0 48 125 3 4 -7 -7 7 -7 0 0
0 48 126 3 4 -7 7 7 -7 0 0
0 48 127 3 4 -7 7 -7 -7 0 0
0 48 128 3 4 7 7 -7 -7 0 0
0 48 129 3 4 7 -7 7 7 0 0
0 48 130 3 4 7 -7 -7 -7 0 0
0 48 131 3 4 -7 7 -7 -7 0 0
0 48 132 3 4 7 7 7 -7 0 0
0 48 133 3 4 7 7 7 -7 0 0
0 48 134 3 4 -7 7 7 -7 0 0
0 48 135 3 4 7 7 7 -7 0 0
0 48 136 3 4 -7 7 -7 7 0 0
0 48 137 3 4 7 -7 -7 7 0 0
0 48 138 3 4 -7 -7 7 7 0 0
0 48 139 3 4 7 7 7 7 0 0
0 48 140 3 4 -7 -7 7 7 0 0
0 48 141 3 4 -7 7 7 7 0 0
0 48 142 3 4 -7 7 7 -7 0 0
0 48 143 3 4 7 -7 7 7 0 0
0 48 144 3 4 7 -7 -7 -7 0 0
0 48 145 3 4 7 -7 -7 -7 0 0
0 48 146 3 4 7 7 -7 7 0 0
0 48 147 3 4 7 7 -7 7 0 0
0 48 148 3 4 -7 7 -7 7 0 0
0 48 149 3 4 -7 7 -7 -7 0 0
0 48 150 3 4 7 7 7 -7 0 0
0 48 151 3 4 7 -7 7 -7 0 0
0 48 152 3 4 -7 7 7 -7 0 0
0 48 153 3 4 -7 -7 -7 -7 0 0
0 48 154 3 4 7 -7 -7 7 0 0
0 48 155 3 4 7 7 7 7 0 0
0 48 156 3 4 7 7 -7 -7 0 0
0 48 157 3 4 7 -7 7 -7 0 0
0 48 158 3 4 7 7 -7 7 0 0
0 48 159 3 4 -7 7 -7 7 0 0
0 48 160 3 4 7 7 -7 7 0 0
0 48 161 3 4 -7 7 7 7 0 0
0 48 162 3 4 7 7 -7 -7 0 0
0 48 163 3 4 -7 -7 -7 7 0 0
0 48 164 3 4 -7 7 -7 -7 0 0
0 48 165 3 4 -7 7 7 -7 0 0
0 48 166 3 4 -7 -7 7 7 0 0
0 48 167 3 4 7 7 7 -7 0 0
0 48 168 3 4 7 -7 -7 7 0 0
0 48 169 3 4 7 -7 -7 7 0 0
0 48 170 3 4 -7 7 -7 7 0 0
0 48 171 3 4 -7 7 -7 -7 0 0
0 48 172 3 4 7 -7 -7 7 0 0
0 48 173 3 4 7 -7 7 -7 0 0
0 48 174 3 4 -7 7 7 -7 0 0
0 48 175 3 4 7 7 -7 -7 0 0
0 48 176 3 4 7 -7 7 -7 0 0
0 48 177 3 4 -7 7 -7 -7 0 0
0 48 178 3 4 -7 -7 7 7 0 0
0 48 179 3 4 7 7 -7 -7 0 0
0 48 180 3 4 -7 -7 -7 -7 0 0
0 48 181 3 4 -7 -7 7 7 0 0
0 48 182 3 4 7 -7 7 -7 0 0
0 48 183 3 4 -7 7 7 -7 0 0
0 48 184 3 4 -7 -7 7 7 0 0
0 48 185 3 4 -7 7 -7 -7 0 0
0 48 186 3 4 7 7 -7 -7 0 0
0 48 187 3 4 -7 7 7 7 0 0
0 48 188 3 4 7 -7 7 -7 0 0
0 48 189 3 4 -7 7 7 7 0 0
0 48 190 3 4 7 -7 -7 -7 0 0
0 48 191 3 4 -7 7 7 7 0 0
0 48 192 3 4 -7 -7 7 -7 0 0
0 48 193 3 4 7 -7 -7 7 0 0
0 48 194 3 4 7 7 -7 7 0 0
0 48 195 3 4 7 7 7 -7 0 0
0 48 196 3 4 -7 7 7 -7 0 0
0 48 197 3 4 -7 -7 -7 -7 0 0
0 48 198 3 4 7 -7 7 -7 0 0
0 48 199 3 4 7 -7 -7 7 0 0
0 48 200 3 4 -7 -7 7 -7 0 0
0 48 201 3 4 7 -7 7 -7 0 0
0 48 202 3 4 -7 -7 7 -7 0 0
0 48 203 3 4 -7 7 7 -7 0 0
0 48 204 3 4 -7 7 7 7 0 0
0 48 205 3 4 -7 -7 7 -7 0 0
0 48 206 3 4 -7 7 7 -7 0 0
0 48 207 3 4 7 -7 7 7 0 0
0 48 208 3 4 7 -7 7 -7 0 0
0 48 209 3 4 7 -7 -7 -7 0 0
0 48 210 3 4 7 7 7 -7 0 0
0 48 211 3 4 7 7 -7 7 0 0
0 48 212 3 4 -7 -7 -7 7 0 0
0 48 213 3 4 -7 7 7 -7 0 0
0 48 214 3 4 7 7 -7 -7 0 0
0 48 215 3 4 7 -7 -7 -7 0 0
0 49 0 3 4 7 7 7 -7 0 0
0 49 1 3 4 7 7 -7 -7 0 0
0 49 2 3 4 -7 7 -7 -7 0 0
0 49 3 3 4 -7 -7 7 -7 0 0
0 49 4 3 4 -7 7 -7 7 0 0
0 49 5 3 4 7 7 -7 7 0 0
0 49 6 3 4 7 7 -7 7 0 0
0 49 7 3 4 -7 7 -7 -7 0 0
0 49 8 3 4 7 7 7 -7 0 0
0 49 9 3 4 7 7 7 -7 0 0
0 49 10 3 4 7 -7 -7 -7 0 0
0 49 11 3 4 -7 7 7 -7 0 0
0 49 12 3 4 -7 7 7 7 0 0
0 49 13 3 4 -7 7 7 7 0 0
0 49 14 3 4 7 -7 -7 7 0 0
0 49 15 3 4 -7 -7 -7 -7 0 0
0 49 16 3 4 7 -7 -7 7 0 0
0 49 17 3 4 7 -7 7 -7 0 0
0 49 18 3 4 7 -7 7 -7 0 0
0 49 19 3 4 7 -7 7 7 0 0
0 49 20 3 4 -7 7 7 -7 0 0
0 49 21 3 4 7 -7 7 -7 0 0
0 49 22 3 4 7 7 -7 7 0 0
0 49 23 3 4 7 -7 -7 -7 0 0
0 49 24 3 4 -7 -7 7 -7 0 0
0 49 25 3 4 -7 -7 -7 -7 0 0
0 49 26 3 4 7 -7 7 -7 0 0
0 49 27 3 4 -7 7 -7 -7 0 0
0 49 28 3 4 7 -7 -7 7 0 0
0 49 29 3 4 7 -7 -7 -7 0 0
0 49 30 3 4 7 -7 -7 7 0 0
0 49 31 3 4 -7 7 7 -7 0 0
0 49 32 3 4 -7 7 -7 7 0 0
0 49 33 3 4 7 -7 7 7 0 0
0 49 34 3 4 7 7 7 -7 0 0
0 49 35 3 4 7 7 -7 7 0 0
0 49 36 3 4 7 -7 -7 -7 0 0
0 49 37 3 4 7 7 7 7 0 0
0 49 38 3 4 -7 -7 -7 -7 0 0
0 49 39 3 4 7 7 -7 -7 0 0
0 49 40 3 4 -7 7 -7 7 0 0
0 49 41 3 4 -7 -7 7 7 0 0
0 49 42 3 4 7 -7 7 -7 0 0
0 49 43 3 4 7 -7 -7 7 0 0
0 49 44 3 4 -7 7 -7 7 0 0
0 49 45 3 4 -7 -7 -7 -7 0 0
0 49 46 3 4 -7 -7 7 -7 0 0
0 49 47 3 4 -7 -7 -7 -7 0 0
0 49 48 3 4 7 7 -7 -7 0 0
0 49 49 3 4 -7 7 7 -7 0 0
0 49 50 3 4 7 7 7 7 0 0
0 49 51 3 4 -7 7 -7 7 0 0
0 49 52 3 4 -7 7 7 -7 0 0
0 49 53 3 4 7 7 -7 -7 0 0
0 49 54 3 4 -7 -7 7 -7 0 0
0 49 55 3 4 -7 -7 -7 7 0 0
0 49 56 3 4 7 7 -7 7 0 0
0 49 57 3 4 7 7 7 7 0 0
0 49 58 3 4 -7 7 -7 7 0 0
0 49 59 3 4 7 -7 7 7 0 0
0 49 60 3 4 -7 -7 -7 -7 0 0
0 49 61 3 4 -7 7 7 -7 0 0
0 49 62 3 4 -7 -7 -7 -7 0 0
0 49 63 3 4 7 7 7 -7 0 0
0 49 64 3 4 7 -7 -7 7 0 0
0 49 65 3 4 -7 7 7 -7 0 0
0 49 66 3 4 7 7 -7 7 0 0
0 49 67 3 4 7 -7 7 7 0 0
0 49 68 3 4 -7 7 -7 -7 0 0
0 49 69 3 4 7 7 7 -7 0 0
0 49 70 3 4 -7 -7 -7 7 0 0
0 49 71 3 4 -7 7 7 -7 0 0
0 49 72 3 4 7 7 7 7 0 0
0 49 73 3 4 -7 -7 -7 7 0 0
0 49 74 3 4 7 7 -7 7 0 0
0 49 75 3 4 -7 7 -7 -7 0 0
0 49 76 3 4 -7 7 -7 7 0 0
0 49 77 3 4 -7 -7 -7 7 0 0
0 49 78 3 4 -7 -7 -7 7 0 0
0 49 79 3 4 -7 -7 7 7 0 0
0 49 80 3 4 7 7 -7 -7 0 0
0 49 81 3 4 -7 7 7 -7 0 0
0 49 82 3 4 7 -7 -7 7 0 0
0 49 83 3 4 7 7 7 -7 0 0
0 49 84 3 4 7 7 7 7 0 0
0 49 85 3 4 -7 7 -7 -7 0 0
0 49 86 3 4 7 7 -7 7 0 0
0 49 87 3 4 -7 -7 -7 7 0 0
0 49 88 3 4 7 -7 -7 -7 0 0
0 49 89 3 4 7 -7 -7 7 0 0
0 49 90 3 4 -7 -7 -7 -7 0 0
0 49 91 3 4 -7 -7 -7 7 0 0
0 49 92 3 4 -7 7 7 7 0 0
0 49 93 3 4 -7 7 -7 -7 0 0
0 49 94 3 4 -7 -7 -7 -7 0 0
0 49 95 3 4 7 7 7 -7 0 0
0 49 96 3 4 7 -7 7 -7 0 0
0 49 97 3 4 7 7 -7 7 0 0
0 49 98 3 4 -7 -7 -7 -7 0 0
0 49 99 3 4 -7 -7 7 -7 0 0
0 49 100 3 4 -7 -7 -7 7 0 0
0 49 101 3 4 -7 7 -7 7 0 0
0 49 102 3 4 7 -7 -7 7 0 0
0 49 103 3 4 -7 7 -7 -7 0 0
0 49 104 3 4 7 -7 -7 -7 0 0
0 49 105 3 4 7 7 7 -7 0 0
0 49 106 3 4 7 -7 7 -7 0 0
0 49 107 3 4 7 -7 7 7 0 0
0 49 108 3 4 7 7 7 7 0 0
0 49 109 3 4 -7 -7 7 -7 0 0
0 49 110 3 4 -7 -7 -7 7 0 0
0 49 111 3 4 -7 7 -7 7 0 0
0 49 112 3 4 -7 7 -7 7 0 0
0 49 113 3 4 7 7 -7 7 0 0
0 49 114 3 4 7 7 7 -7 0 0
0 49 115 3 4 7 7 -7 -7 0 0
0 49 116 3 4 7 -7 7 -7 0 0
0 49 117 3 4 -7 7 7 -7 0 0
0 49 118 3 4 -7 7 7 -7 0 0
0 49 119 3 4 7 -7 -7 -7 0 0
0 49 120 3 4 7 7 -7 -7 0 0
0 49 121 3 4 7 -7 7 7 0 0
0 49 122 3 4 -7 7 7 7 0 0
0 49 123 3 4 -7 7 7 7 0 0
0 49 124 3 4 -7 -7 -7 -7 0 0
0 49 125 3 4 -7 7 7 7 0 0
0 49 126 3 4 7 -7 -7 7 0 0
0 49 127 3 4 7 -7 -7 7 0 0
0 49 128 3 4 7 7 7 7 0 0
0 49 129 3 4 7 7 -7 7 0 0
0 49 130 3 4 -7 7 7 7 0 0
0 49 131 3 4 -7 -7 -7 -7 0 0
0 49 132 3 4 -7 -7 7 -7 0 0
0 49 133 3 4 -7 7 7 -7 0 0
0 49 134 3 4 -7 -7 7 7 0 0
0 49 135 3 4 7 -7 7 -7 0 0
0 49 136 3 4 7 -7 -7 7 0 0
0 49 137 3 4 7 7 7 -7 0 0
0 49 138 3 4 -7 -7 7 7 0 0
0 49 139 3 4 -7 7 -7 -7 0 0
0 49 140 3 4 7 -7 -7 7 0 0
0 49 141 3 4 7 7 -7 -7 0 0
0 49 142 3 4 -7 -7 -7 -7 0 0
0 49 143 3 4 7 -7 7 7 0 0
0 49 144 3 4 -7 -7 7 -7 0 0
0 49 145 3 4 7 7 7 7 0 0
0 49 146 3 4 -7 7 7 -7 0 0
0 49 147 3 4 7 -7 -7 7 0 0
0 49 148 3 4 -7 -7 7 -7 0 0
0 49 149 3 4 -7 7 -7 7 0 0
0 49 150 3 4 -7 7 -7 7 0 0
0 49 151 3 4 7 -7 -7 -7 0 0
0 49 152 3 4 7 7 7 -7 0 0
0 49 153 3 4 -7 7 7 -7 0 0
0 49 154 3 4 -7 7 7 7 0 0
0 49 155 3 4 -7 7 7 -7 0 0
0 49 156 3 4 7 -7 -7 7 0 0
0 49 157 3 4 -7 -7 7 7 0 0
0 49 158 3 4 -7 7 -7 -7 0 0
0 49 159 3 4 7 7 7 -7 0 0
0 49 160 3 4 7 7 -7 7 0 0
0 49 161 3 4 -7 -7 7 7 0 0
0 49 162 3 4 -7 7 -7 -7 0 0
0 49 163 3 4 -7 -7 7 7 0 0
0 49 164 3 4 7 -7 -7 -7 0 0
0 49 165 3 4 7 7 -7 7 0 0
0 49 166 3 4 7 7 -7 -7 0 0
0 49 167 3 4 -7 -7 -7 7 0 0
0 49 168 3 4 7 7 7 -7 0 0
0 49 169 3 4 -7 -7 7 -7 0 0
0 49 170 3 4 7 -7 7 -7 0 0
0 49 171 3 4 7 -7 -7 -7 0 0
0 49 172 3 4 -7 -7 7 7 0 0
0 49 173 3 4 -7 -7 -7 -7 0 0
0 49 174 3 4 7 -7 7 7 0 0
0 49 175 3 4 -7 -7 7 7 0 0
0 49 176 3 4 -7 -7 7 -7 0 0
0 49 177 3 4 7 7 -7 7 0 0
0 49 178 3 4 -7 -7 7 7 0 0
0 49 179 3 4 -7 7 7 7 0 0
0 49 180 3 4 7 7 -7 -7 0 0
0 49 181 3 4 -7 -7 7 -7 0 0
0 49 182 3 4 -7 -7 7 7 0 0
0 49 183 3 4 -7 7 -7 -7 0 0
0 49 184 3 4 7 -7 7 -7 0 0
0 49 185 3 4 -7 7 7 -7 0 0
0 49 186 3 4 -7 -7 7 7 0 0
0 49 187 3 4 -7 -7 7 7 0 0
0 49 188 3 4 7 -7 7 -7 0 0
0 49 189 3 4 -7 7 7 -7 0 0
0 49 190 3 4 -7 -7 7 7 0 0
0 49 191 3 4 -7 7 7 7 0 0
0 49 192 3 4 7 -7 -7 7 0 0
0 49 193 3 4 7 7 7 7 0 0
0 49 194 3 4 -7 -7 -7 7 0 0
0 49 195 3 4 7 -7 -7 7 0 0
0 49 196 3 4 7 7 -7 -7 0 0
0 49 197 3 4 -7 -7 7 -7 0 0
0 49 198 3 4 -7 7 -7 7 0 0
0 49 199 3 4 7 -7 7 7 0 0
0 49 200 3 4 -7 7 -7 -7 0 0
0 49 201 3 4 -7 -7 -7 -7 0 0
0 49 202 3 4 7 -7 7 7 0 0
0 49 203 3 4 7 7 7 7 0 0
0 49 204 3 4 -7 -7 -7 -7 0 0
0 49 205 3 4 7 -7 -7 -7 0 0
0 49 206 3 4 -7 -7 7 -7 0 0
0 49 207 3 4 7 7 7 -7 0 0
0 49 208 3 4 -7 7 -7 7 0 0
0 49 209 3 4 7 7 7 -7 0 0
0 49 210 3 4 -7 7 7 -7 0 0
0 49 211 3 4 7 -7 7 -7 0 0
0 49 212 3 4 7 7 -7 7 0 0
0 49 213 3 4 -7 -7 -7 7 0 0
0 49 214 3 4 7 7 7 7 0 0
0 49 215 3 4 7 -7 7 -7 0 0
0 50 0 3 4 7 -7 -7 7 0 0
0 50 1 3 4 -7 7 7 -7 0 0
0 50 2 3 4 7 7 -7 -7 0 0
0 50 3 3 4 7 -7 7 7 0 0
0 50 4 3 4 7 -7 7 -7 0 0
0 50 5 3 4 -7 7 -7 7 0 0
0 50 6 3 4 -7 -7 7 7 0 0
0 50 7 3 4 7 7 7 -7 0 0
0 50 8 3 4 7 7 -7 7 0 0
0 50 9 3 4 7 -7 -7 -7 0 0
0 50 10 3 4 7 -7 7 -7 0 0
0 50 11 3 4 7 -7 -7 -7 0 0
0 50 12 3 4 7 7 7 -7 0 0
0 50 13 3 4 -7 7 -7 7 0 0
0 50 14 3 4 7 7 -7 7 0 0
0 50 15 3 4 7 7 -7 7 0 0
0 50 16 3 4 7 -7 7 -7 0 0
0 50 17 3 4 7 -7 -7 7 0 0
0 50 18 3 4 7 7 7 -7 0 0
0 50 19 3 4 7 7 -7 7 0 0
0 50 20 3 4 -7 7 7 7 0 0
0 50 21 3 4 -7 7 -7 -7 0 0
0 50 22 3 4 -7 7 7 7 0 0
0 50 23 3 4 7 7 -7 -7 0 0
0 50 24 3 4 -7 -7 7 7 0 0
0 50 25 3 4 7 -7 -7 -7 0 0
0 50 26 3 4 -7 -7 7 7 0 0
0 50 27 3 4 -7 -7 -7 7 0 0
0 50 28 3 4 -7 -7 -7 -7 0 0
0 50 29 3 4 7 7 7 -7 0 0
0 50 30 3 4 7 7 7 7 0 0
0 50 31 3 4 -7 7 7 7 0 0
0 50 32 3 4 7 -7 -7 -7 0 0
0 50 33 3 4 -7 -7 7 7 0 0
0 50 34 3 4 7 7 7 -7 0 0
0 50 35 3 4 -7 -7 7 7 0 0
0 50 36 3 4 7 -7 7 7 0 0
0 50 37 3 4 7 -7 7 -7 0 0
0 50 38 3 4 -7 7 -7 -7 0 0
0 50 39 3 4 -7 7 7 7 0 0
0 50 40 3 4 7 -7 7 -7 0 0
0 50 41 3 4 -7 7 -7 7 0 0
0 50 42 3 4 7 7 7 -7 0 0
0 50 43 3 4 -7 -7 -7 7 0 0
0 50 44 3 4 -7 7 -7 7 0 0
0 50 45 3 4 7 -7 -7 -7 0 0
0 50 46 3 4 -7 7 7 -7 0 0
0 50 47 3 4 7 7 -7 -7 0 0
0 50 48 3 4 7 -7 7 -7 0 0
0 50 49 3 4 -7 7 7 7 0 0
0 50 50 3 4 7 7 -7 7 0 0
0 50 51 3 4 7 -7 7 -7 0 0
0 50 52 3 4 -7 -7 7 -7 0 0
0 50 53 3 4 -7 -7 7 -7 0 0
0 50 54 3 4 7 7 7 7 0 0
0 50 55 3 4 7 -7 7 7 0 0
0 50 56 3 4 -7 7 -7 7 0 0
0 50 57 3 4 -7 7 -7 7 0 0
0 50 58 3 4 -7 7 7 7 0 0
0 50 59 3 4 7 -7 -7 7 0 0
0 50 60 3 4 7 7 -7 -7 0 0
0 50 61 3 4 7 -7 7 7 0 0
0 50 62 3 4 -7 7 7 -7 0 0
0 50 63 3 4 7 -7 -7 7 0 0
0 50 64 3 4 7 7 -7 -7 0 0
0 50 65 3 4 -7 -7 -7 -7 0 0
0 50 66 3 4 -7 -7 -7 7 0 0
0 50 67 3 4 7 -7 7 7 0 0
0 50 68 3 4 7 7 -7 7 0 0
0 50 69 3 4 -7 7 -7 -7 0 0
0 50 70 3 4 -7 7 7 -7 0 0
0 50 71 3 4 7 7 -7 -7 0 0
0 50 72 3 4 -7 -7 7 7 0 0
0 50 73 3 4 -7 7 7 7 0 0
0 50 74 3 4 -7 7 -7 -7 0 0
0 50 75 3 4 7 7 -7 7 0 0
0 50 76 3 4 -7 7 7 -7 0 0
0 50 77 3 4 -7 7 -7 7 0 0
0 50 78 3 4 -7 7 7 -7 0 0
0 50 79 3 4 7 -7 -7 7 0 0
0 50 80 3 4 -7 7 -7 -7 0 0
0 50 81 3 4 7 7 7 7 0 0
0 50 82 3 4 -7 7 7 -7 0 0
0 50 83 3 4 7 7 -7 -7 0 0
0 50 84 3 4 7 7 -7 7 0 0
0 50 85 3 4 7 -7 7 -7 0 0
0 50 86 3 4 -7 7 7 -7 0 0
0 50 87 3 4 -7 -7 -7 -7 0 0
0 50 88 3 4 7 -7 7 -7 0 0
0 50 89 3 4 -7 -7 7 -7 0 0
0 50 90 3 4 7 7 7 7 0 0
0 50 91 3 4 -7 7 7 -7 0 0
0 50 92 3 4 7 7 -7 7 0 0
0 50 93 3 4 7 7 -7 -7 0 0
0 50 94 3 4 7 7 -7 7 0 0
0 50 95 3 4 7 7 -7 -7 0 0
0 50 96 3 4 7 7 7 -7 0 0
0 50 97 3 4 -7 -7 7 -7 0 0
0 50 98 3 4 -7 7 7 7 0 0
0 50 99 3 4 7 7 7 -7 0 0
0 50 100 3 4 -7 7 -7 7 0 0
0 50 101 3 4 7 -7 7 -7 0 0
0 50 102 3 4 7 7 -7 7 0 0
0 50 103 3 4 7 7 7 7 0 0
0 50 104 3 4 -7 -7 7 7 0 0
0 50 105 3 4 7 7 -7 -7 0 0
0 50 106 3 4 7 -7 7 -7 0 0
0 50 107 3 4 7 7 -7 -7 0 0
0 50 108 3 4 7 7 7 7 0 0
0 50 109 3 4 7 -7 7 -7 0 0
0 50 110 3 4 -7 -7 7 -7 0 0
0 50 111 3 4 -7 7 7 -7 0 0
0 50 112 3 4 7 7 7 7 0 0
0 50 113 3 4 7 -7 -7 7 0 0
0 50 114 3 4 -7 7 7 -7 0 0
0 50 115 3 4 -7 -7 -7 -7 0 0
0 50 116 3 4 -7 7 7 -7 0 0
0 50 117 3 4 7 -7 -7 -7 0 0
0 50 118 3 4 -7 -7 -7 -7 0 0
0 50 119 3 4 7 7 7 7 0 0
0 50 120 3 4 -7 -7 -7 7 0 0
0 50 121 3 4 -7 -7 7 -7 0 0
0 50 122 3 4 -7 7 -7 7 0 0
0 50 123 3 4 -7 7 -7 7 0 0
0 50 124 3 4 -7 7 -7 -7 0 0
0 50 125 3 4 -7 -7 -7 7 0 0
0 50 126 3 4 -7 -7 -7 -7 0 0
0 50 127 3 4 7 -7 -7 -7 0 0
0 50 128 3 4 7 7 7 7 0 0
0 50 129 3 4 7 -7 -7 -7 0 0
0 50 130 3 4 -7 7 -7 7 0 0
0 50 131 3 4 -7 7 7 -7 0 0
0 50 132 3 4 7 -7 -7 -7 0 0
0 50 133 3 4 7 7 7 7 0 0
0 50 134 3 4 -7 -7 7 -7 0 0
0 50 135 3 4 7 7 -7 -7 0 0
0 50 136 3 4 -7 -7 7 7 0 0
0 50 137 3 4 7 -7 7 -7 0 0
0 50 138 3 4 -7 7 7 -7 0 0
0 50 139 3 4 7 -7 -7 -7 0 0
0 50 140 3 4 7 -7 7 7 0 0
0 50 141 3 4 -7 7 7 7 0 0
0 50 142 3 4 7 7 -7 7 0 0
0 50 143 3 4 7 7 -7 -7 0 0
0 50 144 3 4 -7 -7 7 -7 0 0
0 50 145 3 4 7 7 7 7 0 0
0 50 146 3 4 7 -7 7 7 0 0
0 50 147 3 4 -7 -7 -7 7 0 0
0 50 148 3 4 7 -7 7 -7 0 0
0 50 149 3 4 7 7 -7 7 0 0
0 50 150 3 4 -7 7 7 -7 0 0
0 50 151 3 4 7 -7 7 -7 0 0
0 50 152 3 4 -7 -7 7 7 0 0
0 50 153 3 4 -7 7 7 7 0 0
0 50 154 3 4 7 -7 7 -7 0 0
0 50 155 3 4 -7 7 -7 7 0 0
0 50 156 3 4 -7 -7 -7 7 0 0
0 50 157 3 4 7 7 -7 7 0 0
0 50 158 3 4 7 7 -7 -7 0 0
0 50 159 3 4 7 7 7 -7 0 0
0 50 160 3 4 -7 7 7 -7 0 0
0 50 161 3 4 7 7 -7 -7 0 0
0 50 162 3 4 -7 -7 7 -7 0 0
0 50 163 3 4 -7 7 -7 -7 0 0
0 50 164 3 4 -7 -7 7 7 0 0
0 50 165 3 4 -7 7 -7 7 0 0
0 50 166 3 4 -7 7 -7 -7 0 0
0 50 167 3 4 7 -7 -7 7 0 0
0 50 168 3 4 7 -7 7 7 0 0
0 50 169 3 4 -7 7 -7 7 0 0
0 50 170 3 4 7 7 7 -7 0 0
0 50 171 3 4 7 7 7 -7 0 0
0 50 172 3 4 7 -7 7 7 0 0
0 50 173 3 4 -7 -7 -7 -7 0 0
0 50 174 3 4 7 7 -7 7 0 0
0 50 175 3 4 -7 -7 7 -7 0 0
0 50 176 3 4 7 7 7 7 0 0
0 50 177 3 4 7 7 7 -7 0 0
0 50 178 3 4 7 -7 7 7 0 0
0 50 179 3 4 -7 7 -7 -7 0 0
0 50 180 3 4 -7 -7 7 -7 0 0
0 50 181 3 4 7 -7 7 7 0 0
0 50 182 3 4 7 -7 -7 -7 0 0
0 50 183 3 4 7 7 7 -7 0 0
0 50 184 3 4 7 -7 -7 -7 0 0
0 50 185 3 4 7 -7 -7 7 0 0
0 50 186 3 4 7 -7 7 7 0 0
0 50 187 3 4 -7 -7 -7 -7 0 0
0 50 188 3 4 -7 -7 7 7 0 0
0 50 189 3 4 7 -7 -7 -7 0 0
0 50 190 3 4 7 -7 7 7 0 0
0 50 191 3 4 -7 -7 7 7 0 0
0 50 192 3 4 7 -7 7 7 0 0
0 50 193 3 4 -7 -7 7 -7 0 0
0 50 194 3 4 7 -7 7 7 0 0
0 50 195 3 4 -7 -7 -7 7 0 0
0 50 196 3 4 -7 -7 7 7 0 0
0 50 197 3 4 7 -7 7 7 0 0
0 50 198 3 4 -7 -7 7 7 0 0
0 50 199 3 4 7 -7 7 -7 0 0
0 50 200 3 4 -7 -7 7 -7 0 0
0 50 201 3 4 -7 7 7 -7 0 0
0 50 202 3 4 -7 -7 7 7 0 0
0 50 203 3 4 -7 7 -7 7 0 0
0 50 204 3 4 -7 -7 7 -7 0 0
0 50 205 3 4 7 7 -7 7 0 0
0 50 206 3 4 7 7 -7 7 0 0
0 50 207 3 4 -7 -7 7 7 0 0
0 50 208 3 4 -7 7 -7 7 0 0
0 50 209 3 4 -7 -7 -7 7 0 0
0 50 210 3 4 7 -7 7 -7 0 0
0 50 211 3 4 -7 7 7 -7 0 0
0 50 212 3 4 -7 7 7 -7 0 0
0 50 213 3 4 -7 -7 7 -7 0 0
0 50 214 3 4 -7 7 7 -7 0 0
0 50 215 3 4 7 7 7 7 0 0
0 51 0 3 4 -7 7 7 -7 0 0
0 51 1 3 4 7 -7 -7 7 0 0
0 51 2 3 4 7 7 7 7 0 0
0 51 3 3 4 7 -7 -7 7 0 0
0 51 4 3 4 -7 7 7 7 0 0
0 51 5 3 4 -7 -7 7 7 0 0
0 51 6 3 4 7 7 7 -7 0 0
0 51 7 3 4 -7 7 -7 7 0 0
0 51 8 3 4 7 7 -7 7 0 0
0 51 9 3 4 7 -7 -7 7 0 0
0 51 10 3 4 7 7 7 7 0 0
0 51 11 3 4 7 7 7 7 0 0
0 51 12 3 4 7 7 -7 7 0 0
0 51 13 3 4 -7 -7 -7 -7 0 0
0 51 14 3 4 7 -7 -7 -7 0 0
0 51 15 3 4 -7 -7 -7 -7 0 0
0 51 16 3 4 7 -7 7 7 0 0
0 51 17 3 4 7 7 -7 7 0 0
0 51 18 3 4 -7 7 -7 7 0 0
0 51 19 3 4 7 -7 7 7 0 0
0 51 20 3 4 -7 7 7 7 0 0
0 51 21 3 4 -7 -7 7 7 0 0
0 51 22 3 4 -7 -7 7 7 0 0
0 51 23 3 4 -7 -7 -7 -7 0 0
0 51 24 3 4 -7 -7 7 7 0 0
0 51 25 3 4 7 7 7 7 0 0
0 51 26 3 4 -7 -7 7 -7 0 0
0 51 27 3 4 -7 7 -7 7 0 0
0 51 28 3 4 -7 -7 -7 -7 0 0
0 51 29 3 4 7 -7 7 7 0 0
0 51 30 3 4 7 -7 7 7 0 0
0 51 31 3 4 7 -7 -7 -7 0 0
0 51 32 3 4 -7 7 7 -7 0 0
0 51 33 3 4 -7 -7 -7 7 0 0
0 51 34 3 4 7 -7 7 7 0 0
0 51 35 3 4 -7 7 -7 7 0 0
0 51 36 3 4 -7 -7 7 -7 0 0
0 51 37 3 4 -7 -7 -7 7 0 0
0 51 38 3 4 7 -7 7 7 0 0
0 51 39 3 4 -7 -7 -7 -7 0 0
0 51 40 3 4 7 7 7 7 0 0
0 51 41 3 4 -7 -7 7 7 0 0
0 51 42 3 4 -7 7 -7 -7 0 0
0 51 43 3 4 7 7 7 7 0 0
0 51 44 3 4 7 7 -7 -7 0 0
0 51 45 3 4 7 7 -7 -7 0 0
0 51 46 3 4 -7 7 -7 -7 0 0
0 51 47 3 4 -7 7 7 7 0 0
0 51 48 3 4 7 -7 7 -7 0 0
0 51 49 3 4 -7 7 -7 7 0 0
0 51 50 3 4 -7 -7 7 7 0 0
0 51 51 3 4 -7 7 7 7 0 0
0 51 52 3 4 -7 7 7 -7 0 0
0 51 53 3 4 -7 7 7 7 0 0
0 51 54 3 4 -7 7 -7 7 0 0
0 51 55 3 4 7 7 7 7 0 0
0 51 56 3 4 -7 7 7 7 0 0
0 51 57 3 4 -7 7 7 -7 0 0
0 51 58 3 4 -7 7 7 7 0 0
0 51 59 3 4 -7 7 -7 -7 0 0
0 51 60 3 4 7 7 7 7 0 0
0 51 61 3 4 -7 7 -7 7 0 0
0 51 62 3 4 7 7 7 -7 0 0
0 51 63 3 4 7 7 -7 7 0 0
0 51 64 3 4 7 -7 7 -7 0 0
0 51 65 3 4 -7 -7 7 -7 0 0
0 51 66 3 4 -7 -7 7 -7 0 0
0 51 67 3 4 7 -7 7 7 0 0
0 51 68 3 4 -7 -7 7 -7 0 0
0 51 69 3 4 7 7 -7 7 0 0
0 51 70 3 4 7 -7 7 7 0 0
0 51 71 3 4 7 -7 7 -7 0 0
0 51 72 3 4 -7 7 -7 -7 0 0
0 51 73 3 4 -7 7 7 -7 0 0
0 51 74 3 4 -7 -7 7 7 0 0
0 51 75 3 4 7 -7 -7 7 0 0
0 51 76 3 4 -7 7 7 7 0 0
0 51 77 3 4 7 7 7 -7 0 0
0 51 78 3 4 -7 7 7 -7 0 0
0 51 79 3 4 -7 -7 7 -7 0 0
0 51 80 3 4 -7 7 -7 -7 0 0
0 51 81 3 4 7 7 -7 7 0 0
0 51 82 3 4 7 7 7 -7 0 0
0 51 83 3 4 -7 -7 7 7 0 0
0 51 84 3 4 7 7 -7 -7 0 0
0 51 85 3 4 -7 -7 7 -7 0 0
0 51 86 3 4 -7 7 7 7 0 0
0 51 87 3 4 -7 -7 -7 7 0 0
0 51 88 3 4 -7 -7 7 7 0 0
0 51 89 3 4 7 7 -7 7 0 0
0 51 90 3 4 7 7 -7 -7 0 0
0 51 91 3 4 -7 7 -7 7 0 0
0 51 92 3 4 7 -7 7 7 0 0
0 51 93 3 4 -7 -7 -7 -7 0 0
0 51 94 3 4 7 7 7 7 0 0
0 51 95 3 4 7 -7 7 7 0 0
0 51 96 3 4 -7 7 -7 7 0 0
0 51 97 3 4 7 -7 -7 -7 0 0
0 51 98 3 4 -7 -7 -7 7 0 0
0 51 99 3 4 -7 -7 -7 7 0 0
0 51 100 3 4 7 -7 -7 -7 0 0
0 51 101 3 4 7 -7 -7 7 0 0
0 51 102 3 4 7 -7 -7 7 0 0
0 51 103 3 4 -7 7 -7 7 0 0
0 51 104 3 4 -7 -7 7 7 0 0
0 51 105 3 4 -7 -7 -7 -7 0 0
0 51 106 3 4 7 7 -7 -7 0 0
0 51 107 3 4 7 7 -7 7 0 0
0 51 108 3 4 -7 7 7 -7 0 0
0 51 109 3 4 -7 -7 7 -7 0 0
0 51 110 3 4 -7 7 -7 -7 0 0
0 51 111 3 4 -7 7 7 7 0 0
0 51 112 3 4 7 7 -7 7 0 0
0 51 113 3 4 -7 7 7 7 0 0
0 51 114 3 4 -7 7 7 -7 0 0
0 51 115 3 4 7 7 -7 -7 0 0
0 51 116 3 4 7 7 7 7 0 0
0 51 117 3 4 -7 7 -7 -7 0 0
0 51 118 3 4 7 7 7 -7 0 0
0 51 119 3 4 -7 -7 7 -7 0 0
0 51 120 3 4 7 7 7 7 0 0
0 51 121 3 4 7 -7 7 7 0 0
0 51 122 3 4 7 -7 7 -7 0 0
0 51 123 3 4 -7 7 7 -7 0 0
0 51 124 3 4 7 -7 7 -7 0 0
0 51 125 3 4 -7 -7 -7 -7 0 0
0 51 126 3 4 7 -7 7 7 0 0
0 51 127 3 4 7 7 7 -7 0 0
0 51 128 3 4 -7 7 7 7 0 0
0 51 129 3 4 -7 -7 -7 -7 0 0
0 51 130 3 4 7 7 7 -7 0 0
0 51 131 3 4 -7 -7 7 -7 0 0
0 51 132 3 4 7 -7 7 -7 0 0
0 51 133 3 4 -7 -7 -7 -7 0 0
0 51 134 3 4 -7 -7 7 -7 0 0
0 51 135 3 4 -7 -7 7 -7 0 0
0 51 136 3 4 -7 -7 7 -7 0 0
0 51 137 3 4 -7 -7 7 7 0 0
0 51 138 3 4 7 -7 7 7 0 0
0 51 139 3 4 -7 7 7 7 0 0
0 51 140 3 4 -7 -7 7 7 0 0
0 51 141 3 4 7 7 7 7 0 0
0 51 142 3 4 7 -7 7 -7 0 0
0 51 143 3 4 -7 -7 -7 7 0 0
0 51 144 3 4 7 -7 7 7 0 0
0 51 145 3 4 -7 7 7 7 0 0
0 51 146 3 4 -7 7 7 7 0 0
0 51 147 3 4 7 -7 -7 -7 0 0
0 51 148 3 4 7 7 -7 7 0 0
0 51 149 3 4 -7 7 -7 7 0 0
0 51 150 3 4 -7 -7 7 -7 0 0
0 51 151 3 4 -7 7 -7 7 0 0
0 51 152 3 4 7 -7 -7 7 0 0
0 51 153 3 4 7 7 7 -7 0 0
0 51 154 3 4 -7 7 -7 -7 0 0
0 51 155 3 4 -7 -7 7 -7 0 0
0 51 156 3 4 -7 7 -7 -7 0 0
0 51 157 3 4 -7 7 -7 -7 0 0
0 51 158 3 4 7 7 -7 7 0 0
0 51 159 3 4 7 -7 7 7 0 0
0 51 160 3 4 -7 -7 7 7 0 0
0 51 161 3 4 -7 7 7 7 0 0
0 51 162 3 4 7 7 7 -7 0 0
0 51 163 3 4 7 7 -7 -7 0 0
0 51 164 3 4 -7 7 7 -7 0 0
0 51 165 3 4 -7 -7 -7 -7 0 0
0 51 166 3 4 7 7 7 7 0 0
0 51 167 3 4 7 -7 -7 -7 0 0
0 51 168 3 4 7 -7 7 7 0 0
0 51 169 3 4 7 7 -7 -7 0 0
0 51 170 3 4 -7 7 7 -7 0 0
0 51 171 3 4 7 7 -7 -7 0 0
0 51 172 3 4 7 -7 -7 7 0 0
0 51 173 3 4 -7 -7 -7 7 0 0
0 51 174 3 4 -7 7 -7 -7 0 0
0 51 175 3 4 7 -7 -7 7 0 0
0 51 176 3 4 7 -7 7 -7 0 0
0 51 177 3 4 7 7 7 7 0 0
0 51 178 3 4 7 7 7 7 0 0
0 51 179 3 4 7 -7 7 -7 0 0
0 51 180 3 4 -7 7 -7 -7 0 0
0 51 181 3 4 7 -7 7 7 0 0
0 51 182 3 4 -7 -7 7 7 0 0
0 51 183 3 4 -7 7 -7 7 0 0
0 51 184 3 4 7 -7 7 7 0 0
0 51 185 3 4 7 -7 7 7 0 0
0 51 186 3 4 7 7 -7 7 0 0
0 51 187 3 4 -7 -7 7 7 0 0
0 51 188 3 4 -7 7 -7 -7 0 0
0 51 189 3 4 -7 -7 -7 7 0 0
0 51 190 3 4 7 -7 -7 -7 0 0
0 51 191 3 4 7 7 -7 7 0 0
0 51 192 3 4 7 -7 7 7 0 0
0 51 193 3 4 7 7 7 7 0 0
0 51 194 3 4 -7 -7 -7 -7 0 0
0 51 195 3 4 7 7 7 -7 0 0
0 51 196 3 4 7 -7 7 -7 0 0
0 51 197 3 4 -7 7 7 7 0 0
0 51 198 3 4 -7 -7 7 -7 0 0
0 51 199 3 4 7 7 7 7 0 0
0 51 200 3 4 7 7 7 7 0 0
0 51 201 3 4 7 7 -7 7 0 0
0 51 202 3 4 -7 7 -7 7 0 0
0 51 203 3 4 7 7 -7 7 0 0
0 51 204 3 4 7 -7 7 -7 0 0
0 51 205 3 4 -7 -7 7 7 0 0
0 51 206 3 4 7 -7 -7 -7 0 0
0 51 207 3 4 -7 7 -7 7 0 0
0 51 208 3 4 -7 -7 7 -7 0 0
0 51 209 3 4 7 7 7 -7 0 0
0 51 210 3 4 7 7 7 -7 0 0
0 51 211 3 4 7 -7 7 -7 0 0
0 51 212 3 4 -7 -7 7 7 0 0
0 51 213 3 4 -7 -7 -7 -7 0 0
0 51 214 3 4 7 7 -7 7 0 0
0 51 215 3 4 -7 7 7 7 0 0
0 52 0 3 4 -7 7 -7 -7 0 0
0 52 1 3 4 7 -7 7 -7 0 0
0 52 2 3 4 -7 7 7 -7 0 0
0 52 3 3 4 7 7 -7 -7 0 0
0 52 4 3 4 -7 7 -7 7 0 0
0 52 5 3 4 7 -7 -7 -7 0 0
0 52 6 3 4 7 -7 7 -7 0 0
0 52 7 3 4 -7 -7 7 7 0 0
0 52 8 3 4 7 -7 7 7 0 0
0 52 9 3 4 7 -7 -7 -7 0 0
0 52 10 3 4 7 7 7 7 0 0
0 52 11 3 4 -7 7 -7 -7 0 0
0 52 12 3 4 7 -7 -7 7 0 0
0 52 13 3 4 7 -7 7 -7 0 0
0 52 14 3 4 7 7 -7 -7 0 0
0 52 15 3 4 7 -7 -7 7 0 0
0 52 16 3 4 7 -7 -7 -7 0 0
0 52 17 3 4 7 7 -7 7 0 0
0 52 18 3 4 7 7 -7 -7 0 0
0 52 19 3 4 7 -7 -7 -7 0 0
0 52 20 3 4 7 -7 -7 -7 0 0
0 52 21 3 4 7 -7 7 -7 0 0
0 52 22 3 4 -7 7 -7 7 0 0
0 52 23 3 4 -7 7 7 -7 0 0
0 52 24 3 4 -7 7 -7 -7 0 0
0 52 25 3 4 -7 -7 -7 7 0 0
0 52 26 3 4 7 -7 -7 7 0 0
0 52 27 3 4 -7 -7 7 -7 0 0
0 52 28 3 4 -7 7 -7 7 0 0
0 52 29 3 4 -7 7 7 -7 0 0
0 52 30 3 4 7 7 -7 7 0 0
0 52 31 3 4 -7 7 -7 -7 0 0
0 52 32 3 4 -7 7 7 -7 0 0
0 52 33 3 4 -7 -7 7 7 0 0
0 52 34 3 4 7 -7 -7 -7 0 0
0 52 35 3 4 7 -7 7 7 0 0
0 52 36 3 4 7 7 7 -7 0 0
0 52 37 3 4 7 7 7 7 0 0
0 52 38 3 4 -7 -7 7 -7 0 0
0 52 39 3 4 7 -7 7 7 0 0
0 52 40 3 4 -7 7 7 -7 0 0
0 52 41 3 4 7 -7 -7 -7 0 0
0 52 42 3 4 7 -7 -7 7 0 0
0 52 43 3 4 -7 -7 7 7 0 0
0 52 44 3 4 -7 -7 -7 -7 0 0
0 52 45 3 4 -7 7 7 -7 0 0
0 52 46 3 4 -7 7 7 7 0 0
0 52 47 3 4 -7 7 7 7 0 0
0 52 48 3 4 7 7 7 7 0 0
0 52 49 3 4 7 7 7 -7 0 0
0 52 50 3 4 -7 7 7 -7 0 0
0 52 51 3 4 -7 -7 7 7 0 0
0 52 52 3 4 7 7 7 7 0 0
0 52 53 3 4 -7 -7 -7 7 0 0
0 52 54 3 4 7 -7 7 7 0 0
0 52 55 3 4 7 7 7 -7 0 0
0 52 56 3 4 -7 7 -7 -7 0 0
0 52 57 3 4 -7 -7 7 7 0 0
0 52 58 3 4 7 -7 -7 -7 0 0
0 52 59 3 4 -7 -7 7 7 0 0
0 52 60 3 4 -7 7 -7 -7 0 0
0 52 61 3 4 -7 -7 7 7 0 0
0 52 62 3 4 -7 -7 -7 -7 0 0
0 52 63 3 4 7 7 -7 -7 0 0
0 52 64 3 4 -7 -7 -7 7 0 0
0 52 65 3 4 -7 -7 7 -7 0 0
0 52 66 3 4 7 7 7 -7 0 0
0 52 67 3 4 7 -7 -7 -7 0 0
0 52 68 3 4 7 -7 7 7 0 0
0 52 69 3 4 7 -7 -7 -7 0 0
0 52 70 3 4 7 7 7 -7 0 0
0 52 71 3 4 -7 -7 -7 7 0 0
0 52 72 3 4 -7 7 -7 -7 0 0
0 52 73 3 4 -7 7 7 7 0 0
0 52 74 3 4 7 -7 7 -7 0 0
0 52 75 3 4 7 7 -7 -7 0 0
0 52 76 3 4 -7 7 7 7 0 0
0 52 77 3 4 -7 7 7 7 0 0
0 52 78 3 4 7 7 -7 -7 0 0
0 52 79 3 4 7 -7 -7 7 0 0
0 52 80 3 4 7 7 7 -7 0 0
0 52 81 3 4 7 -7 -7 -7 0 0
0 52 82 3 4 7 -7 7 7 0 0
0 52 83 3 4 -7 -7 -7 7 0 0
0 52 84 3 4 7 7 7 -7 0 0
0 52 85 3 4 -7 7 -7 7 0 0
0 52 86 3 4 7 -7 7 -7 0 0
0 52 87 3 4 -7 7 7 -7 0 0
0 52 88 3 4 -7 7 -7 7 0 0
0 52 89 3 4 -7 7 7 -7 0 0
0 52 90 3 4 7 -7 -7 -7 0 0
0 52 91 3 4 7 -7 7 7 0 0
0 52 92 3 4 7 -7 -7 7 0 0
0 52 93 3 4 7 -7 7 7 0 0
0 52 94 3 4 -7 7 -7 -7 0 0
0 52 95 3 4 -7 7 7 -7 0 0
0 52 96 3 4 7 7 7 -7 0 0
0 52 97 3 4 -7 7 -7 7 0 0
0 52 98 3 4 -7 7 7 7 0 0
0 52 99 3 4 7 7 7 7 0 0
0 52 100 3 4 -7 7 7 -7 0 0
0 52 101 3 4 7 7 7 7 0 0
0 52 102 3 4 7 7 7 -7 0 0
0 52 103 3 4 -7 -7 -7 7 0 0
0 52 104 3 4 7 7 7 -7 0 0
0 52 105 3 4 7 -7 7 7 0 0
0 52 106 3 4 7 -7 7 -7 0 0
0 52 107 3 4 -7 -7 -7 7 0 0
0 52 108 3 4 7 7 7 7 0 0
0 52 109 3 4 7 -7 7 7 0 0
0 52 110 3 4 -7 -7 7 -7 0 0
0 52 111 3 4 7 7 -7 -7 0 0
0 52 112 3 4 -7 -7 7 7 0 0
0 52 113 3 4 7 7 -7 -7 0 0
0 52 114 3 4 7 7 -7 -7 0 0
0 52 115 3 4 7 7 -7 -7 0 0
0 52 116 3 4 7 7 7 7 0 0
0 52 117 3 4 7 7 7 -7 0 0
0 52 118 3 4 7 7 -7 7 0 0
0 52 119 3 4 7 -7 7 -7 0 0
0 52 120 3 4 -7 -7 7 -7 0 0
0 52 121 3 4 7 -7 7 -7 0 0
0 52 122 3 4 -7 7 -7 -7 0 0
0 52 123 3 4 -7 -7 -7 7 0 0
0 52 124 3 4 7 7 -7 7 0 0
0 52 125 3 4 7 7 -7 -7 0 0
0 52 126 3 4 -7 -7 -7 7 0 0
0 52 127 3 4 7 7 -7 7 0 0
0 52 128 3 4 7 -7 -7 -7 0 0
0 52 129 3 4 -7 7 7 -7 0 0
0 52 130 3 4 -7 7 -7 -7 0 0
0 52 131 3 4 -7 -7 7 -7 0 0
0 52 132 3 4 -7 -7 7 -7 0 0
0 52 133 3 4 7 -7 -7 -7 0 0
0 52 134 3 4 7 -7 7 -7 0 0
0 52 135 3 4 -7 7 7 7 0 0
0 52 136 3 4 -7 -7 -7 7 0 0
0 52 137 3 4 -7 7 -7 -7 0 0
0 52 138 3 4 7 -7 7 7 0 0
0 52 139 3 4 -7 -7 -7 7 0 0
0 52 140 3 4 7 -7 -7 7 0 0
0 52 141 3 4 -7 -7 7 -7 0 0
0 52 142 3 4 -7 -7 -7 7 0 0
0 52 143 3 4 -7 -7 -7 -7 0 0
0 52 144 3 4 -7 7 -7 7 0 0
0 52 145 3 4 -7 7 7 -7 0 0
0 52 146 3 4 7 -7 7 7 0 0
0 52 147 3 4 -7 -7 -7 7 0 0
0 52 148 3 4 -7 7 7 7 0 0
0 52 149 3 4 7 7 7 -7 0 0
0 52 150 3 4 7 7 7 -7 0 0
0 52 151 3 4 7 -7 -7 7 0 0
0 52 152 3 4 7 -7 7 -7 0 0
0 52 153 3 4 -7 -7 -7 -7 0 0
0 52 154 3 4 -7 7 7 7 0 0
0 52 155 3 4 7 -7 -7 -7 0 0
0 52 156 3 4 7 -7 7 7 0 0
0 52 157 3 4 -7 -7 7 -7 0 0
0 52 158 3 4 7 7 7 7 0 0
0 52 159 3 4 7 -7 -7 -7 0 0
0 52 160 3 4 7 7 -7 7 0 0
0 52 161 3 4 -7 -7 -7 -7 0 0
0 52 162 3 4 -7 7 7 7 0 0
0 52 163 3 4 -7 7 7 7 0 0
0 52 164 3 4 7 7 7 7 0 0
0 52 165 3 4 7 -7 7 -7 0 0
0 52 166 3 4 7 -7 7 7 0 0
0 52 167 3 4 7 -7 7 -7 0 0
0 52 168 3 4 -7 7 7 7 0 0
0 52 169 3 4 -7 -7 7 7 0 0
0 52 170 3 4 -7 7 7 -7 0 0
0 52 171 3 4 7 7 7 -7 0 0
0 52 172 3 4 -7 7 -7 7 0 0
0 52 173 3 4 -7 -7 7 -7 0 0
0 52 174 3 4 7 -7 7 -7 0 0
0 52 175 3 4 -7 7 7 -7 0 0
0 52 176 3 4 7 7 7 7 0 0
0 52 177 3 4 7 -7 7 7 0 0
0 52 178 3 4 7 7 -7 -7 0 0
0 52 179 3 4 7 -7 -7 -7 0 0
0 52 180 3 4 7 7 -7 -7 0 0
0 52 181 3 4 -7 7 7 7 0 0
0 52 182 3 4 -7 -7 7 -7 0 0
0 52 183 3 4 7 7 -7 7 0 0
0 52 184 3 4 -7 -7 -7 -7 0 0
0 52 185 3 4 -7 -7 7 7 0 0
0 52 186 3 4 7 -7 7 7 0 0
0 52 187 3 4 7 7 -7 7 0 0
0 52 188 3 4 -7 -7 -7 -7 0 0
0 52 189 3 4 7 -7 -7 -7 0 0
0 52 190 3 4 -7 -7 7 -7 0 0
0 52 191 3 4 -7 -7 7 7 0 0
0 52 192 3 4 7 -7 -7 -7 0 0
0 52 193 3 4 -7 -7 7 7 0 0
0 52 194 3 4 -7 -7 7 -7 0 0
0 52 195 3 4 -7 7 7 -7 0 0
0 52 196 3 4 7 -7 -7 7 0 0
0 52 197 3 4 7 -7 7 -7 0 0
0 52 198 3 4 7 -7 7 7 0 0
0 52 199 3 4 -7 -7 7 7 0 0
0 52 200 3 4 7 -7 7 7 0 0
0 52 201 3 4 7 -7 -7 -7 0 0
0 52 202 3 4 7 -7 -7 7 0 0
0 52 203 3 4 -7 7 7 7 0 0
0 52 204 3 4 -7 -7 7 7 0 0
0 52 205 3 4 7 7 7 7 0 0
0 52 206 3 4 -7 7 7 -7 0 0
0 52 207 3 4 -7 -7 7 7 0 0
0 52 208 3 4 7 7 7 -7 0 0
0 52 209 3 4 7 7 -7 -7 0 0
0 52 210 3 4 -7 -7 -7 7 0 0
0 52 211 3 4 -7 -7 7 7 0 0
0 52 212 3 4 7 7 7 7 0 0
0 52 213 3 4 7 7 -7 7 0 0
0 52 214 3 4 -7 -7 -7 -7 0 0
0 52 215 3 4 7 7 -7 -7 0 0
0 53 0 3 4 7 7 -7 7 0 0
0 53 1 3 4 7 7 -7 -7 0 0
0 53 2 3 4 7 -7 -7 7 0 0
0 53 3 3 4 -7 7 -7 -7 0 0
0 53 4 3 4 7 -7 7 -7 0 0
0 53 5 3 4 7 7 -7 7 0 0
0 53 6 3 4 7 -7 7 -7 0 0
0 53 7 3 4 -7 -7 -7 7 0 0
0 53 8 3 4 7 -7 7 7 0 0
0 53 9 3 4 -7 7 7 7 0 0
0 53 10 3 4 7 -7 7 7 0 0
0 53 11 3 4 7 7 7 7 0 0
0 53 12 3 4 -7 7 -7 7 0 0
0 53 13 3 4 -7 7 -7 -7 0 0
0 53 14 3 4 7 -7 7 7 0 0
0 53 15 3 4 -7 7 7 -7 0 0
0 53 16 3 4 -7 7 7 -7 0 0
0 53 17 3 4 -7 -7 7 7 0 0
0 53 18 3 4 7 -7 7 -7 0 0
0 53 19 3 4 -7 -7 -7 7 0 0
0 53 20 3 4 -7 -7 -7 7 0 0
0 53 21 3 4 -7 7 -7 -7 0 0
0 53 22 3 4 -7 -7 -7 7 0 0
0 53 23 3 4 -7 -7 -7 -7 0 0
0 53 24 3 4 -7 -7 -7 7 0 0
0 53 25 3 4 -7 -7 7 -7 0 0
0 53 26 3 4 7 7 -7 -7 0 0
0 53 27 3 4 -7 7 7 -7 0 0
0 53 28 3 4 -7 -7 7 7 0 0
0 53 29 3 4 -7 7 7 7 0 0
0 53 30 3 4 7 -7 -7 7 0 0
0 53 31 3 4 7 -7 7 7 0 0
0 53 32 3 4 -7 -7 -7 -7 0 0
0 53 33 3 4 -7 7 -7 7 0 0
0 53 34 3 4 -7 7 7 -7 0 0
0 53 35 3 4 -7 -7 7 -7 0 0
0 53 36 3 4 7 -7 7 7 0 0
0 53 37 3 4 -7 -7 -7 7 0 0
0 53 38 3 4 7 -7 7 7 0 0
0 53 39 3 4 7 -7 -7 7 0 0
0 53 40 3 4 7 -7 -7 -7 0 0
0 53 41 3 4 7 7 7 -7 0 0
0 53 42 3 4 7 -7 7 7 0 0
0 53 43 3 4 -7 -7 7 7 0 0
0 53 44 3 4 -7 -7 7 -7 0 0
0 53 45 3 4 7 -7 7 -7 0 0
0 53 46 3 4 7 -7 7 7 0 0
0 53 47 3 4 7 7 7 7 0 0
0 53 48 3 4 -7 -7 7 -7 0 0
0 53 49 3 4 -7 7 -7 -7 0 0
0 53 50 3 4 -7 7 -7 -7 0 0
0 53 51 3 4 7 7 7 -7 0 0
0 53 52 3 4 -7 7 7 7 0 0
0 53 53 3 4 7 7 7 7 0 0
0 53 54 3 4 7 7 -7 -7 0 0
0 53 55 3 4 7 -7 -7 -7 0 0
0 53 56 3 4 -7 7 7 -7 0 0
0 53 57 3 4 -7 7 7 7 0 0
0 53 58 3 4 7 -7 -7 7 0 0
0 53 59 3 4 -7 7 -7 -7 0 0
0 53 60 3 4 7 7 -7 -7 0 0
0 53 61 3 4 7 -7 -7 7 0 0
0 53 62 3 4 7 -7 7 7 0 0
0 53 63 3 4 -7 -7 7 7 0 0
0 53 64 3 4 -7 7 -7 7 0 0
0 53 65 3 4 7 -7 -7 7 0 0
0 53 66 3 4 -7 -7 7 -7 0 0
0 53 67 3 4 -7 -7 -7 -7 0 0
0 53 68 3 4 7 7 -7 7 0 0
0 53 69 3 4 7 7 7 7 0 0
0 53 70 3 4 -7 7 -7 7 0 0
0 53 71 3 4 -7 -7 -7 -7 0 0
0 53 72 3 4 -7 -7 -7 -7 0 0
0 53 73 3 4 7 -7 7 -7 0 0
0 53 74 3 4 -7 -7 7 7 0 0
0 53 75 3 4 -7 -7 -7 -7 0 0
0 53 76 3 4 -7 7 7 -7 0 0
0 53 77 3 4 7 7 7 -7 0 0
0 53 78 3 4 -7 -7 -7 -7 0 0
0 53 79 3 4 -7 7 7 -7 0 0
0 53 80 3 4 7 -7 7 7 0 0
0 53 81 3 4 -7 -7 7 7 0 0
0 53 82 3 4 7 7 -7 7 0 0
0 53 83 3 4 -7 7 -7 -7 0 0
0 53 84 3 4 -7 -7 -7 -7 0 0
0 53 85 3 4 7 -7 7 7 0 0
0 53 86 3 4 7 7 7 -7 0 0
0 53 87 3 4 -7 -7 -7 7 0 0
0 53 88 3 4 7 -7 7 -7 0 0
0 53 89 3 4 -7 7 7 -7 0 0
0 53 90 3 4 -7 7 -7 7 0 0
0 53 91 3 4 -7 -7 7 7 0 0
0 53 92 3 4 7 -7 7 -7 0 0
0 53 93 3 4 -7 7 -7 7 0 0
0 53 94 3 4 7 7 7 7 0 0
0 53 95 3 4 7 -7 7 7 0 0
0 53 96 3 4 -7 7 -7 -7 0 0
0 53 97 3 4 -7 -7 -7 7 0 0
0 53 98 3 4 -7 -7 -7 -7 0 0
0 53 99 3 4 -7 -7 7 -7 0 0
0 53 100 3 4 -7 7 -7 -7 0 0
0 53 101 3 4 -7 7 7 7 0 0
0 53 102 3 4 7 7 -7 -7 0 0
0 53 103 3 4 -7 7 7 7 0 0
0 53 104 3 4 7 -7 -7 -7 0 0
0 53 105 3 4 7 7 7 7 0 0
0 53 106 3 4 -7 -7 -7 7 0 0
0 53 107 3 4 -7 7 7 -7 0 0
0 53 108 3 4 -7 7 7 7 0 0
0 53 109 3 4 7 7 7 7 0 0
0 53 110 3 4 -7 7 -7 -7 0 0
0 53 111 3 4 7 7 -7 7 0 0
0 53 112 3 4 7 -7 -7 -7 0 0
0 53 113 3 4 -7 7 -7 7 0 0
0 53 114 3 4 -7 7 -7 -7 0 0
0 53 115 3 4 7 -7 -7 -7 0 0
0 53 116 3 4 -7 -7 -7 7 0 0
0 53 117 3 4 7 -7 7 7 0 0
0 53 118 3 4 7 7 7 -7 0 0
0 53 119 3 4 -7 7 -7 7 0 0
0 53 120 3 4 -7 -7 7 -7 0 0
0 53 121 3 4 -7 -7 -7 -7 0 0
0 53 122 3 4 7 -7 7 -7 0 0
0 53 123 3 4 7 -7 -7 7 0 0
0 53 124 3 4 7 -7 7 -7 0 0
0 53 125 3 4 7 7 -7 -7 0 0
0 53 126 3 4 -7 -7 7 7 0 0
0 53 127 3 4 7 7 -7 -7 0 0
0 53 128 3 4 7 -7 -7 7 0 0
0 53 129 3 4 7 7 -7 7 0 0
0 53 130 3 4 7 7 -7 7 0 0
0 53 131 3 4 -7 7 7 7 0 0
0 53 132 3 4 7 7 7 -7 0 0
0 53 133 3 4 7 -7 7 -7 0 0
0 53 134 3 4 -7 7 -7 7 0 0
0 53 135 3 4 -7 -7 7 -7 0 0
0 53 136 3 4 -7 7 -7 -7 0 0
0 53 137 3 4 -7 7 -7 -7 0 0
0 53 138 3 4 -7 -7 -7 7 0 0
0 53 139 3 4 7 -7 7 7 0 0
0 53 140 3 4 7 -7 -7 -7 0 0
0 53 141 3 4 -7 7 -7 -7 0 0
0 53 142 3 4 -7 7 -7 7 0 0
0 53 143 3 4 7 -7 -7 -7 0 0
0 53 144 3 4 7 7 -7 7 0 0
0 53 145 3 4 -7 -7 -7 7 0 0
0 53 146 3 4 -7 -7 -7 7 0 0
0 53 147 3 4 7 7 7 -7 0 0
0 53 148 3 4 7 7 -7 -7 0 0
0 53 149 3 4 -7 7 -7 7 0 0
0 53 150 3 4 -7 7 7 -7 0 0
0 53 151 3 4 -7 7 7 -7 0 0
0 53 152 3 4 -7 -7 -7 7 0 0
0 53 153 3 4 -7 7 -7 7 0 0
0 53 154 3 4 -7 7 -7 7 0 0
0 53 155 3 4 -7 7 7 7 0 0
0 53 156 3 4 7 -7 7 -7 0 0
0 53 157 3 4 -7 7 -7 -7 0 0
0 53 158 3 4 -7 7 7 -7 0 0
0 53 159 3 4 7 7 -7 7 0 0
0 53 160 3 4 7 7 7 -7 0 0
0 53 161 3 4 7 -7 7 -7 0 0
0 53 162 3 4 7 7 -7 -7 0 0
0 53 163 3 4 7 -7 -7 -7 0 0
0 53 164 3 4 7 -7 7 -7 0 0
0 53 165 3 4 7 -7 7 7 0 0
0 53 166 3 4 7 7 7 -7 0 0
0 53 167 3 4 7 7 -7 7 0 0
0 53 168 3 4 -7 -7 7 -7 0 0
0 53 169 3 4 -7 -7 7 7 0 0
0 53 170 3 4 7 7 -7 7 0 0
0 53 171 3 4 7 7 -7 7 0 0
0 53 172 3 4 -7 7 -7 -7 0 0
0 53 173 3 4 7 -7 7 7 0 0
0 53 174 3 4 -7 -7 -7 7 0 0
0 53 175 3 4 -7 7 -7 -7 0 0
0 53 176 3 4 7 -7 7 -7 0 0
0 53 177 3 4 7 -7 7 7 0 0
0 53 178 3 4 7 -7 7 -7 0 0
0 53 179 3 4 -7 -7 -7 -7 0 0
0 53 180 3 4 7 7 7 7 0 0
0 53 181 3 4 -7 -7 7 -7 0 0
0 53 182 3 4 7 7 7 7 0 0
0 53 183 3 4 -7 -7 -7 7 0 0
0 53 184 3 4 -7 -7 7 7 0 0
0 53 185 3 4 7 7 -7 7 0 0
0 53 186 3 4 7 -7 7 -7 0 0
0 53 187 3 4 7 7 -7 7 0 0
0 53 188 3 4 -7 -7 -7 -7 0 0
0 53 189 3 4 -7 -7 7 7 0 0
0 53 190 3 4 -7 -7 7 -7 0 0
0 53 191 3 4 -7 -7 -7 7 0 0
0 53 192 3 4 -7 7 7 -7 0 0
0 53 193 3 4 7 -7 -7 7 0 0
0 53 194 3 4 7 -7 7 -7 0 0
0 53 195 3 4 -7 -7 -7 7 0 0
0 53 196 3 4 7 -7 7 -7 0 0
0 53 197 3 4 7 -7 -7 -7 0 0
0 53 198 3 4 -7 7 7 7 0 0
0 53 199 3 4 7 -7 7 7 0 0
0 53 200 3 4 7 7 7 -7 0 0
0 53 201 3 4 7 7 7 7 0 0
0 53 202 3 4 -7 7 -7 7 0 0
0 53 203 3 4 7 7 -7 7 0 0
0 53 204 3 4 7 7 -7 7 0 0
0 53 205 3 4 -7 7 -7 7 0 0
0 53 206 3 4 7 7 7 -7 0 0
0 53 207 3 4 7 7 -7 7 0 0
0 53 208 3 4 -7 -7 7 -7 0 0
0 53 209 3 4 -7 7 7 -7 0 0
0 53 210 3 4 7 -7 -7 -7 0 0
0 53 211 3 4 7 -7 7 7 0 0
0 53 212 3 4 7 7 -7 7 0 0
0 53 213 3 4 -7 7 7 -7 0 0
0 53 214 3 4 7 7 7 7 0 0
0 53 215 3 4 7 7 7 7 0 0
0 54 0 3 4 -7 7 7 -7 0 0
0 54 1 3 4 -7 -7 -7 -7 0 0
0 54 2 3 4 -7 7 7 -7 0 0
0 54 3 3 4 7 -7 7 7 0 0
0 54 4 3 4 7 -7 -7 -7 0 0
0 54 5 3 4 7 7 7 7 0 0
0 54 6 3 4 -7 -7 -7 7 0 0
0 54 7 3 4 7 -7 -7 -7 0 0
0 54 8 3 4 -7 7 -7 7 0 0
0 54 9 3 4 7 -7 7 -7 0 0
0 54 10 3 4 -7 7 -7 -7 0 0
0 54 11 3 4 7 -7 -7 -7 0 0
0 54 12 3 4 -7 -7 -7 -7 0 0
0 54 13 3 4 -7 -7 7 7 0 0
0 54 14 3 4 7 -7 -7 -7 0 0
0 54 15 3 4 -7 7 -7 -7 0 0
0 54 16 3 4 -7 -7 -7 7 0 0
0 54 17 3 4 7 -7 7 7 0 0
0 54 18 3 4 7 -7 7 7 0 0
0 54 19 3 4 7 -7 7 7 0 0
0 54 20 3 4 7 -7 7 7 0 0
0 54 21 3 4 -7 7 7 -7 0 0
0 54 22 3 4 7 7 7 7 0 0
0 54 23 3 4 7 7 -7 7 0 0
0 54 24 3 4 7 7 7 7 0 0
0 54 25 3 4 7 -7 7 7 0 0
0 54 26 3 4 -7 7 -7 -7 0 0
0 54 27 3 4 -7 7 -7 -7 0 0
0 54 28 3 4 7 7 -7 -7 0 0
0 54 29 3 4 -7 -7 7 -7 0 0
0 54 30 3 4 7 -7 -7 -7 0 0
0 54 31 3 4 7 -7 7 -7 0 0
0 54 32 3 4 7 7 7 7 0 0
0 54 33 3 4 -7 7 7 -7 0 0
0 54 34 3 4 -7 7 7 7 0 0
0 54 35 3 4 -7 -7 7 7 0 0
0 54 36 3 4 -7 7 7 7 0 0
0 54 37 3 4 7 -7 7 -7 0 0
0 54 38 3 4 7 7 7 7 0 0
0 54 39 3 4 7 7 -7 7 0 0
0 54 40 3 4 -7 -7 -7 7 0 0
0 54 41 3 4 7 -7 7 7 0 0
0 54 42 3 4 7 7 7 -7 0 0
0 54 43 3 4 -7 7 -7 7 0 0
0 54 44 3 4 7 7 7 -7 0 0
0 54 45 3 4 7 7 7 7 0 0
0 54 46 3 4 -7 -7 7 7 0 0
0 54 47 3 4 7 -7 -7 -7 0 0
0 54 48 3 4 7 -7 -7 7 0 0
0 54 49 3 4 7 7 7 7 0 0
0 54 50 3 4 -7 -7 -7 7 0 0
0 54 51 3 4 7 7 7 7 0 0
0 54 52 3 4 7 -7 -7 7 0 0
0 54 53 3 4 7 7 -7 7 0 0
0 54 54 3 4 -7 -7 -7 -7 0 0
0 54 55 3 4 -7 -7 7 -7 0 0
0 54 56 3 4 -7 -7 7 7 0 0
0 54 57 3 4 -7 7 -7 -7 0 0
0 54 58 3 4 -7 -7 7 -7 0 0
0 54 59 3 4 -7 7 -7 7 0 0
0 54 60 3 4 -7 -7 -7 -7 0 0
0 54 61 3 4 -7 7 7 7 0 0
0 54 62 3 4 -7 7 -7 -7 0 0
0 54 63 3 4 -7 -7 7 7 0 0
0 54 64 3 4 7 7 -7 -7 0 0
0 54 65 3 4 -7 -7 7 -7 0 0
0 54 66 3 4 7 -7 -7 -7 0 0
0 54 67 3 4 7 7 7 -7 0 0
0 54 68 3 4 -7 -7 7 -7 0 0
0 54 69 3 4 7 7 7 -7 0 0
0 54 70 3 4 -7 -7 -7 -7 0 0
0 54 71 3 4 7 7 7 7 0 0
0 54 72 3 4 7 -7 7 -7 0 0
0 54 73 3 4 -7 7 -7 -7 0 0
0 54 74 3 4 7 -7 7 7 0 0
0 54 75 3 4 -7 7 -7 -7 0 0
0 54 76 3 4 7 -7 7 7 0 0
0 54 77 3 4 7 7 -7 7 0 0
0 54 78 3 4 7 7 7 -7 0 0
0 54 79 3 4 7 -7 7 -7 0 0
0 54 80 3 4 7 -7 -7 7 0 0
0 54 81 3 4 -7 7 7 -7 0 0
0 54 82 3 4 -7 7 -7 7 0 0
0 54 83 3 4 7 7 7 -7 0 0
0 54 84 3 4 7 7 -7 -7 0 0
0 54 85 3 4 7 7 -7 7 0 0
0 54 86 3 4 7 -7 -7 7 0 0
0 54 87 3 4 -7 7 -7 -7 0 0
0 54 88 3 4 -7 -7 7 -7 0 0
0 54 89 3 4 -7 7 -7 -7 0 0
0 54 90 3 4 -7 7 -7 -7 0 0
0 54 91 3 4 7 7 7 -7 0 0
0 54 92 3 4 -7 7 7 7 0 0
0 54 93 3 4 7 -7 7 7 0 0
0 54 94 3 4 -7 7 7 7 0 0
0 54 95 3 4 -7 -7 -7 7 0 0
0 54 96 3 4 7 -7 -7 7 0 0
0 54 97 3 4 -7 7 -7 7 0 0
0 54 98 3 4 7 7 -7 7 0 0
0 54 99 3 4 7 -7 7 7 0 0
0 54 100 3 4 -7 -7 -7 7 0 0
0 54 101 3 4 -7 -7 7 -7 0 0
0 54 102 3 4 7 -7 7 -7 0 0
0 54 103 3 4 7 7 -7 7 0 0
0 54 104 3 4 7 -7 7 7 0 0
0 54 105 3 4 -7 7 7 -7 0 0
0 54 106 3 4 7 7 -7 7 0 0
0 54 107 3 4 -7 -7 7 -7 0 0
0 54 108 3 4 7 -7 7 7 0 0
0 54 109 3 4 -7 -7 -7 -7 0 0
0 54 110 3 4 -7 -7 -7 7 0 0
0 54 111 3 4 -7 -7 -7 7 0 0
0 54 112 3 4 -7 -7 -7 -7 0 0
0 54 113 3 4 7 -7 -7 -7 0 0
0 54 114 3 4 -7 7 -7 -7 0 0
0 54 115 3 4 -7 7 -7 -7 0 0
0 54 116 3 4 -7 7 -7 7 0 0
0 54 117 3 4 7 -7 7 7 0 0
0 54 118 3 4 7 7 -7 7 0 0
0 54 119 3 4 -7 7 -7 7 0 0
0 54 120 3 4 -7 7 -7 -7 0 0
0 54 121 3 4 -7 -7 7 -7 0 0
0 54 122 3 4 7 7 7 7 0 0
0 54 123 3 4 7 -7 -7 7 0 0
0 54 124 3 4 -7 -7 -7 -7 0 0
0 54 125 3 4 7 7 7 7 0 0
0 54 126 3 4 7 7 -7 -7 0 0
0 54 127 3 4 7 -7 7 7 0 0
0 54 128 3 4 -7 -7 -7 -7 0 0
0 54 129 3 4 7 7 -7 7 0 0
0 54 130 3 4 -7 7 -7 -7 0 0
0 54 131 3 4 7 7 7 -7 0 0
0 54 132 3 4 -7 -7 -7 -7 0 0
0 54 133 3 4 7 -7 -7 7 0 0
0 54 134 3 4 -7 -7 7 -7 0 0
0 54 135 3 4 -7 7 7 7 0 0
0 54 136 3 4 7 7 7 -7 0 0
0 54 137 3 4 7 7 -7 7 0 0
0 54 138 3 4 -7 7 -7 -7 0 0
0 54 139 3 4 -7 7 -7 -7 0 0
0 54 140 3 4 7 7 -7 -7 0 0
0 54 141 3 4 -7 7 -7 7 0 0
0 54 142 3 4 7 7 -7 -7 0 0
0 54 143 3 4 7 -7 7 -7 0 0
0 54 144 3 4 -7 -7 -7 -7 0 0
0 54 145 3 4 7 -7 7 7 0 0
0 54 146 3 4 -7 -7 7 -7 0 0
0 54 147 3 4 7 -7 7 7 0 0
0 54 148 3 4 -7 -7 7 -7 0 0
0 54 149 3 4 -7 -7 7 -7 0 0
0 54 150 3 4 7 7 -7 7 0 0
0 54 151 3 4 -7 7 7 7 0 0
0 54 152 3 4 7 7 7 -7 0 0
0 54 153 3 4 7 -7 -7 -7 0 0
0 54 154 3 4 7 -7 7 7 0 0
0 54 155 3 4 -7 7 7 -7 0 0
0 54 156 3 4 -7 7 7 -7 0 0
0 54 157 3 4 -7 7 -7 7 0 0
0 54 158 3 4 7 -7 7 7 0 0
0 54 159 3 4 7 -7 -7 7 0 0
0 54 160 3 4 -7 7 7 -7 0 0
0 54 161 3 4 7 7 -7 7 0 0
0 54 162 3 4 7 7 -7 -7 0 0
0 54 163 3 4 -7 7 7 7 0 0
0 54 164 3 4 7 -7 -7 7 0 0
0 54 165 3 4 -7 -7 -7 7 0 0
0 54 166 3 4 7 -7 -7 -7 0 0
0 54 167 3 4 7 7 -7 7 0 0
0 54 168 3 4 7 7 -7 -7 0 0
0 54 169 3 4 -7 -7 -7 -7 0 0
0 54 170 3 4 -7 7 -7 -7 0 0
0 54 171 3 4 7 7 7 7 0 0
0 54 172 3 4 -7 -7 -7 -7 0 0
0 54 173 3 4 -7 7 -7 -7 0 0
0 54 174 3 4 -7 -7 7 7 0 0
0 54 175 3 4 -7 -7 7 7 0 0
0 54 176 3 4 -7 7 -7 7 0 0
0 54 177 3 4 -7 7 -7 7 0 0
0 54 178 3 4 7 -7 7 7 0 0
0 54 179 3 4 -7 7 7 7 0 0
0 54 180 3 4 7 -7 7 7 0 0
0 54 181 3 4 -7 -7 -7 -7 0 0
0 54 182 3 4 -7 7 7 7 0 0
0 54 183 3 4 7 7 7 -7 0 0
0 54 184 3 4 -7 -7 -7 -7 0 0
0 54 185 3 4 -7 7 7 -7 0 0
0 54 186 3 4 -7 7 -7 7 0 0
0 54 187 3 4 -7 7 -7 7 0 0
0 54 188 3 4 7 -7 7 7 0 0
0 54 189 3 4 -7 7 -7 -7 0 0
0 54 190 3 4 7 -7 7 7 0 0
0 54 191 3 4 7 7 -7 7 0 0
0 54 192 3 4 7 -7 7 -7 0 0
0 54 193 3 4 -7 7 7 -7 0 0
0 54 194 3 4 -7 7 7 -7 0 0
0 54 195 3 4 7 -7 -7 -7 0 0
0 54 196 3 4 -7 -7 7 7 0 0
0 54 197 3 4 7 -7 -7 7 0 0
0 54 198 3 4 7 7 7 -7 0 0
0 54 199 3 4 7 -7 7 7 0 0
0 54 200 3 4 7 7 7 -7 0 0
0 54 201 3 4 7 7 -7 -7 0 0
0 54 202 3 4 7 7 7 -7 0 0
0 54 203 3 4 -7 7 -7 7 0 0
0 54 204 3 4 7 -7 7 -7 0 0
0 54 205 3 4 7 7 -7 7 0 0
0 54 206 3 4 -7 -7 7 7 0 0
0 54 207 3 4 7 7 7 7 0 0
0 54 208 3 4 7 -7 7 -7 0 0
0 54 209 3 4 7 -7 7 7 0 0
0 54 210 3 4 7 -7 -7 7 0 0
0 54 211 3 4 7 -7 7 -7 0 0
0 54 212 3 4 7 -7 7 -7 0 0
0 54 213 3 4 7 7 7 7 0 0
0 54 214 3 4 7 -7 -7 -7 0 0
0 54 215 3 4 -7 -7 7 7 0 0
0 55 0 3 4 7 7 7 -7 0 0
0 55 1 3 4 -7 -7 7 7 0 0
0 55 2 3 4 -7 -7 7 -7 0 0
0 55 3 3 4 -7 -7 7 -7 0 0
0 55 4 3 4 -7 -7 7 -7 0 0
0 55 5 3 4 7 -7 -7 -7 0 0
0 55 6 3 4 -7 7 7 -7 0 0
0 55 7 3 4 7 -7 7 -7 0 0
0 55 8 3 4 -7 -7 -7 7 0 0
0 55 9 3 4 -7 7 7 -7 0 0
0 55 10 3 4 7 7 7 -7 0 0
0 55 11 3 4 -7 7 -7 7 0 0
0 55 12 3 4 7 7 -7 7 0 0
0 55 13 3 4 -7 7 7 7 0 0
0 55 14 3 4 -7 7 -7 -7 0 0
0 55 15 3 4 7 -7 7 -7 0 0
0 55 16 3 4 7 7 -7 7 0 0
0 55 17 3 4 -7 7 7 7 0 0
0 55 18 3 4 7 -7 -7 7 0 0
0 55 19 3 4 -7 -7 -7 7 0 0
0 55 20 3 4 -7 7 7 7 0 0
0 55 21 3 4 7 7 -7 7 0 0
0 55 22 3 4 7 -7 7 -7 0 0
0 55 23 3 4 7 -7 7 7 0 0
0 55 24 3 4 7 -7 7 -7 0 0
0 55 25 3 4 -7 7 -7 7 0 0
0 55 26 3 4 7 7 -7 7 0 0
0 55 27 3 4 -7 7 7 7 0 0
0 55 28 3 4 7 7 -7 -7 0 0
0 55 29 3 4 7 7 7 -7 0 0
0 55 30 3 4 7 7 7 -7 0 0
0 55 31 3 4 -7 -7 -7 -7 0 0
0 55 32 3 4 -7 7 -7 -7 0 0
0 55 33 3 4 -7 -7 7 -7 0 0
0 55 34 3 4 7 -7 7 7 0 0
0 55 35 3 4 7 7 -7 -7 0 0
0 55 36 3 4 -7 -7 -7 -7 0 0
0 55 37 3 4 -7 7 -7 7 0 0
0 55 38 3 4 -7 -7 7 -7 0 0
0 55 39 3 4 7 -7 -7 7 0 0
0 55 40 3 4 7 7 7 7 0 0
0 55 41 3 4 7 -7 -7 7 0 0
0 55 42 3 4 -7 -7 -7 -7 0 0
0 55 43 3 4 -7 -7 7 7 0 0
0 55 44 3 4 7 7 7 -7 0 0
0 55 45 3 4 -7 -7 -7 7 0 0
0 55 46 3 4 7 7 7 -7 0 0
0 55 47 3 4 -7 -7 7 7 0 0
0 55 48 3 4 7 7 -7 -7 0 0
0 55 49 3 4 7 7 7 -7 0 0
0 55 50 3 4 -7 7 7 -7 0 0
0 55 51 3 4 7 -7 7 -7 0 0
0 55 52 3 4 7 7 -7 7 0 0
0 55 53 3 4 -7 -7 7 7 0 0
0 55 54 3 4 -7 7 7 7 0 0
0 55 55 3 4 -7 7 -7 -7 0 0
0 55 56 3 4 7 7 7 7 0 0
0 55 57 3 4 7 -7 7 7 0 0
0 55 58 3 4 7 -7 -7 -7 0 0
0 55 59 3 4 -7 -7 7 7 0 0
0 55 60 3 4 7 -7 7 7 0 0
0 55 61 3 4 7 7 7 7 0 0
0 55 62 3 4 -7 -7 -7 -7 0 0
0 55 63 3 4 -7 -7 -7 7 0 0
0 55 64 3 4 -7 -7 7 -7 0 0
0 55 65 3 4 7 -7 7 -7 0 0
0 55 66 3 4 7 -7 7 -7 0 0
0 55 67 3 4 7 7 -7 7 0 0
0 55 68 3 4 -7 7 7 -7 0 0
0 55 69 3 4 -7 7 7 -7 0 0
0 55 70 3 4 -7 -7 -7 7 0 0
0 55 71 3 4 -7 7 7 7 0 0
0 55 72 3 4 -7 7 7 7 0 0
0 55 73 3 4 -7 -7 -7 7 0 0
0 55 74 3 4 7 -7 -7 -7 0 0
0 55 75 3 4 7 -7 -7 -7 0 0
0 55 76 3 4 7 7 -7 -7 0 0
0 55 77 3 4 7 -7 -7 -7 0 0
0 55 78 3 4 7 -7 7 7 0 0
0 55 79 3 4 -7 7 -7 -7 0 0
0 55 80 3 4 7 -7 -7 -7 0 0
0 55 81 3 4 7 -7 -7 -7 0 0
0 55 82 3 4 7 -7 7 7 0 0
0 55 83 3 4 7 -7 7 -7 0 0
0 55 84 3 4 7 7 -7 7 0 0
0 55 85 3 4 -7 -7 7 7 0 0
0 55 86 3 4 7 -7 7 -7 0 0
0 55 87 3 4 7 7 -7 -7 0 0
0 55 88 3 4 7 -7 7 -7 0 0
0 55 89 3 4 -7 -7 7 7 0 0
0 55 90 3 4 7 7 7 -7 0 0
0 55 91 3 4 -7 7 7 -7 0 0
0 55 92 3 4 7 -7 -7 7 0 0
0 55 93 3 4 -7 7 -7 -7 0 0
0 55 94 3 4 7 -7 7 -7 0 0
0 55 95 3 4 -7 -7 7 -7 0 0
0 55 96 3 4 -7 7 -7 -7 0 0
0 55 97 3 4 -7 7 -7 -7 0 0
0 55 98 3 4 -7 -7 7 7 0 0
0 55 99 3 4 7 -7 7 7 0 0
0 55 100 3 4 -7 -7 -7 -7 0 0
0 55 101 3 4 -7 7 -7 7 0 0
0 55 102 3 4 -7 7 7 7 0 0
0 55 103 3 4 -7 -7 -7 -7 0 0
0 55 104 3 4 -7 7 -7 -7 0 0
0 55 105 3 4 7 -7 7 -7 0 0
0 55 106 3 4 7 -7 7 7 0 0
0 55 107 3 4 7 -7 -7 7 0 0
0 55 108 3 4 -7 7 -7 7 0 0
0 55 109 3 4 -7 7 -7 7 0 0
0 55 110 3 4 -7 -7 7 -7 0 0
0 55 111 3 4 7 7 -7 -7 0 0
0 55 112 3 4 7 7 7 7 0 0
0 55 113 3 4 7 7 -7 7 0 0
0 55 114 3 4 -7 7 7 7 0 0
0 55 115 3 4 7 7 7 -7 0 0
0 55 116 3 4 7 7 -7 -7 0 0
0 55 117 3 4 -7 7 -7 7 0 0
0 55 118 3 4 7 7 7 -7 0 0
0 55 119 3 4 7 -7 7 -7 0 0
0 55 120 3 4 -7 -7 7 -7 0 0
0 55 121 3 4 7 7 7 -7 0 0
0 55 122 3 4 -7 -7 -7 -7 0 0
0 55 123 3 4 -7 7 7 7 0 0
0 55 124 3 4 -7 -7 7 7 0 0
0 55 125 3 4 -7 7 -7 -7 0 0
0 55 126 3 4 -7 7 -7 -7 0 0
0 55 127 3 4 -7 -7 7 -7 0 0
0 55 128 3 4 7 7 -7 -7 0 0
0 55 129 3 4 7 -7 -7 7 0 0
0 55 130 3 4 7 7 7 7 0 0
0 55 131 3 4 -7 -7 -7 7 0 0
0 55 132 3 4 7 -7 7 -7 0 0
0 55 133 3 4 -7 7 7 7 0 0
0 55 134 3 4 7 7 -7 -7 0 0
0 55 135 3 4 -7 7 -7 7 0 0
0 55 136 3 4 7 7 -7 -7 0 0
0 55 137 3 4 7 -7 7 7 0 0
0 55 138 3 4 7 -7 -7 -7 0 0
0 55 139 3 4 7 7 -7 7 0 0
0 55 140 3 4 -7 7 -7 -7 0 0
0 55 141 3 4 -7 -7 -7 -7 0 0
0 55 142 3 4 7 -7 7 7 0 0
0 55 143 3 4 7 7 -7 7 0 0
0 55 144 3 4 7 -7 -7 -7 0 0
0 55 145 3 4 -7 7 -7 7 0 0
0 55 146 3 4 -7 7 -7 -7 0 0
0 55 147 3 4 7 -7 -7 -7 0 0
0 55 148 3 4 -7 7 7 7 0 0
0 55 149 3 4 -7 -7 7 -7 0 0
0 55 150 3 4 7 -7 -7 7 0 0
0 55 151 3 4 7 -7 7 -7 0 0
0 55 152 3 4 -7 -7 7 7 0 0
0 55 153 3 4 7 7 -7 -7 0 0
0 55 154 3 4 -7 7 -7 7 0 0
0 55 155 3 4 7 -7 7 -7 0 0
0 55 156 3 4 7 -7 -7 -7 0 0
0 55 157 3 4 7 7 -7 7 0 0
0 55 158 3 4 7 -7 7 7 0 0
0 55 159 3 4 -7 -7 -7 -7 0 0
0 55 160 3 4 7 7 -7 -7 0 0
0 55 161 3 4 -7 7 -7 7 0 0
0 55 162 3 4 7 -7 -7 7 0 0
0 55 163 3 4 -7 -7 7 7 0 0
0 55 164 3 4 7 -7 -7 7 0 0
0 55 165 3 4 7 7 -7 7 0 0
0 55 166 3 4 7 7 -7 7 0 0
0 55 167 3 4 -7 -7 7 7 0 0
0 55 168 3 4 7 7 7 -7 0 0
0 55 169 3 4 7 7 -7 7 0 0
0 55 170 3 4 7 7 -7 -7 0 0
0 55 171 3 4 -7 -7 -7 7 0 0
0 55 172 3 4 -7 7 7 -7 0 0
0 55 173 3 4 7 -7 7 7 0 0
0 55 174 3 4 -7 -7 -7 7 0 0
0 55 175 3 4 -7 7 -7 7 0 0
0 55 176 3 4 7 7 -7 -7 0 0
0 55 177 3 4 7 -7 7 -7 0 0
0 55 178 3 4 -7 -7 -7 -7 0 0
0 55 179 3 4 -7 7 7 7 0 0
0 55 180 3 4 7 -7 7 7 0 0
0 55 181 3 4 -7 7 7 -7 0 0
0 55 182 3 4 -7 7 7 -7 0 0
0 55 183 3 4 -7 7 7 -7 0 0
0 55 184 3 4 -7 -7 7 -7 0 0
0 55 185 3 4 -7 -7 -7 -7 0 0
0 55 186 3 4 7 -7 -7 7 0 0
0 55 187 3 4 -7 -7 7 7 0 0
0 55 188 3 4 7 -7 -7 7 0 0
0 55 189 3 4 -7 -7 7 7 0 0
0 55 190 3 4 -7 7 -7 -7 0 0
0 55 191 3 4 7 -7 -7 7 0 0
0 55 192 3 4 7 7 -7 -7 0 0
0 55 193 3 4 7 -7 -7 7 0 0
0 55 194 3 4 -7 -7 -7 7 0 0
0 55 195 3 4 7 7 7 7 0 0
0 55 196 3 4 -7 -7 7 7 0 0
0 55 197 3 4 7 7 7 -7 0 0
0 55 198 3 4 7 7 7 -7 0 0
0 55 199 3 4 -7 7 -7 7 0 0
0 55 200 3 4 -7 -7 -7 7 0 0
0 55 201 3 4 -7 7 -7 7 0 0
0 55 202 3 4 -7 7 -7 7 0 0
0 55 203 3 4 -7 7 7 -7 0 0
0 55 204 3 4 7 -7 7 7 0 0
0 55 205 3 4 -7 7 -7 7 0 0
0 55 206 3 4 7 7 7 7 0 0
0 55 207 3 4 -7 -7 -7 -7 0 0
0 55 208 3 4 -7 -7 7 -7 0 0
0 55 209 3 4 -7 -7 7 -7 0 0
0 55 210 3 4 7 -7 -7 -7 0 0
0 55 211 3 4 7 7 7 -7 0 0
0 55 212 3 4 -7 7 7 -7 0 0
0 55 213 3 4 7 7 7 7 0 0
0 55 214 3 4 7 -7 -7 7 0 0
0 55 215 3 4 7 7 -7 -7 0 0
0 56 0 3 4 7 -7 -7 7 0 0
0 56 1 3 4 -7 -7 7 7 0 0
0 56 2 3 4 7 7 7 7 0 0
0 56 3 3 4 -7 7 7 7 0 0
0 56 4 3 4 -7 7 -7 7 0 0
0 56 5 3 4 7 7 7 -7 0 0
0 56 6 3 4 7 7 -7 7 0 0
0 56 7 3 4 -7 7 7 -7 0 0
0 56 8 3 4 7 -7 7 -7 0 0
0 56 9 3 4 -7 7 -7 7 0 0
0 56 10 3 4 -7 -7 7 -7 0 0
0 56 11 3 4 7 7 -7 7 0 0
0 56 12 3 4 -7 7 7 7 0 0
0 56 13 3 4 7 -7 -7 -7 0 0
0 56 14 3 4 7 -7 -7 -7 0 0
0 56 15 3 4 -7 7 -7 -7 0 0
0 56 16 3 4 -7 7 -7 7 0 0
0 56 17 3 4 7 7 7 7 0 0
0 56 18 3 4 -7 7 -7 7 0 0
0 56 19 3 4 7 7 -7 -7 0 0
0 56 20 3 4 7 -7 -7 -7 0 0
0 56 21 3 4 -7 7 7 -7 0 0
0 56 22 3 4 7 7 7 -7 0 0
0 56 23 3 4 7 7 -7 -7 0 0
0 56 24 3 4 7 7 7 7 0 0
0 56 25 3 4 -7 7 7 -7 0 0
0 56 26 3 4 7 -7 7 -7 0 0
0 56 27 3 4 -7 -7 7 -7 0 0
0 56 28 3 4 7 7 -7 7 0 0
0 56 29 3 4 -7 -7 7 -7 0 0
0 56 30 3 4 -7 -7 7 -7 0 0
0 56 31 3 4 7 -7 -7 7 0 0
0 56 32 3 4 -7 -7 -7 -7 0 0
0 56 33 3 4 -7 7 -7 -7 0 0
0 56 34 3 4 7 7 -7 -7 0 0
0 56 35 3 4 7 7 7 7 0 0
0 56 36 3 4 7 7 -7 7 0 0
0 56 37 3 4 7 7 7 7 0 0
0 56 38 3 4 7 7 7 -7 0 0
0 56 39 3 4 -7 -7 -7 7 0 0
0 56 40 3 4 7 7 -7 7 0 0
0 56 41 3 4 7 7 -7 -7 0 0
0 56 42 3 4 -7 7 7 7 0 0
0 56 43 3 4 -7 -7 -7 -7 0 0
0 56 44 3 4 -7 7 -7 7 0 0
0 56 45 3 4 7 7 -7 7 0 0
0 56 46 3 4 7 7 -7 7 0 0
0 56 47 3 4 7 -7 -7 -7 0 0
0 56 48 3 4 7 -7 7 7 0 0
0 56 49 3 4 7 7 -7 -7 0 0
0 56 50 3 4 -7 -7 7 7 0 0
0 56 51 3 4 7 -7 7 -7 0 0
0 56 52 3 4 -7 -7 -7 7 0 0
0 56 53 3 4 7 7 7 7 0 0
0 56 54 3 4 7 7 7 -7 0 0
0 56 55 3 4 7 7 7 -7 0 0
0 56 56 3 4 7 7 -7 7 0 0
0 56 57 3 4 7 -7 7 7 0 0
0 56 58 3 4 -7 7 -7 -7 0 0
0 56 59 3 4 7 7 7 7 0 0
0 56 60 3 4 -7 7 -7 -7 0 0
0 56 61 3 4 -7 -7 -7 -7 0 0
0 56 62 3 4 -7 7 7 7 0 0
0 56 63 3 4 -7 -7 7 -7 0 0
0 56 64 3 4 -7 7 7 -7 0 0
0 56 65 3 4 -7 7 7 -7 0 0
0 56 66 3 4 7 7 -7 -7 0 0
0 56 67 3 4 7 -7 -7 7 0 0
0 56 68 3 4 7 -7 7 -7 0 0
0 56 69 3 4 7 -7 -7 7 0 0
0 56 70 3 4 7 -7 7 7 0 0
0 56 71 3 4 -7 7 7 -7 0 0
0 56 72 3 4 -7 7 -7 7 0 0
0 56 73 3 4 7 -7 -7 7 0 0
0 56 74 3 4 7 7 7 -7 0 0
0 56 75 3 4 7 -7 7 -7 0 0
0 56 76 3 4 7 -7 -7 7 0 0
0 56 77 3 4 -7 7 7 7 0 0
0 56 78 3 4 -7 -7 7 -7 0 0
0 56 79 3 4 -7 7 7 -7 0 0
0 56 80 3 4 -7 7 7 7 0 0
0 56 81 3 4 7 7 7 -7 0 0
0 56 82 3 4 -7 7 -7 7 0 0
0 56 83 3 4 -7 -7 -7 -7 0 0
0 56 84 3 4 7 7 7 7 0 0
0 56 85 3 4 -7 -7 -7 -7 0 0
0 56 86 3 4 -7 7 -7 -7 0 0
0 56 87 3 4 7 7 7 7 0 0
0 56 88 3 4 -7 7 -7 7 0 0
0 56 89 3 4 7 7 -7 -7 0 0
0 56 90 3 4 -7 7 7 7 0 0
0 56 91 3 4 -7 7 -7 -7 0 0
0 56 92 3 4 7 -7 -7 -7 0 0
0 56 93 3 4 -7 7 7 7 0 0
0 56 94 3 4 -7 -7 -7 7 0 0
0 56 95 3 4 -7 -7 7 -7 0 0
0 56 96 3 4 -7 7 -7 7 0 0
0 56 97 3 4 -7 -7 -7 7 0 0
0 56 98 3 4 7 -7 -7 -7 0 0
0 56 99 3 4 7 7 7 -7 0 0
0 56 100 3 4 -7 7 -7 -7 0 0
0 56 101 3 4 -7 -7 7 7 0 0
0 56 102 3 4 -7 -7 -7 7 0 0
0 56 103 3 4 7 7 -7 -7 0 0
0 56 104 3 4 -7 7 7 7 0 0
0 56 105 3 4 7 7 7 7 0 0
0 56 106 3 4 7 7 -7 7 0 0
0 56 107 3 4 7 7 7 7 0 0
0 56 108 3 4 -7 7 -7 -7 0 0
0 56 109 3 4 7 7 7 7 0 0
0 56 110 3 4 -7 7 -7 7 0 0
0 56 111 3 4 7 -7 7 7 0 0
0 56 112 3 4 7 7 -7 -7 0 0
0 56 113 3 4 -7 -7 7 -7 0 0
0 56 114 3 4 7 -7 -7 -7 0 0
0 56 115 3 4 -7 7 -7 7 0 0
0 56 116 3 4 -7 7 7 7 0 0
0 56 117 3 4 7 7 -7 7 0 0
0 56 118 3 4 7 -7 7 -7 0 0
0 56 119 3 4 7 -7 -7 -7 0 0
0 56 120 3 4 7 7 -7 7 0 0
0 56 121 3 4 7 -7 -7 -7 0 0
0 56 122 3 4 7 -7 -7 -7 0 0
0 56 123 3 4 -7 7 -7 -7 0 0
0 56 124 3 4 7 7 -7 -7 0 0
0 56 125 3 4 -7 7 7 -7 0 0
0 56 126 3 4 7 7 -7 -7 0 0
0 56 127 3 4 -7 -7 -7 7 0 0
0 56 128 3 4 -7 -7 7 -7 0 0
0 56 129 3 4 7 -7 -7 -7 0 0
0 56 130 3 4 -7 7 -7 7 0 0
0 56 131 3 4 -7 7 -7 7 0 0
0 56 132 3 4 7 7 -7 -7 0 0
0 56 133 3 4 7 7 7 -7 0 0
0 56 134 3 4 7 -7 7 7 0 0
0 56 135 3 4 7 7 7 7 0 0
0 56 136 3 4 7 -7 -7 7 0 0
0 56 137 3 4 7 7 7 7 0 0
0 56 138 3 4 -7 7 7 7 0 0
0 56 139 3 4 7 7 -7 -7 0 0
0 56 140 3 4 7 -7 7 -7 0 0
0 56 141 3 4 -7 7 -7 -7 0 0
0 56 142 3 4 7 7 -7 -7 0 0
0 56 143 3 4 -7 7 -7 -7 0 0
0 56 144 3 4 -7 7 7 7 0 0
0 56 145 3 4 -7 -7 7 7 0 0
0 56 146 3 4 7 7 7 -7 0 0
0 56 147 3 4 7 -7 7 7 0 0
0 56 148 3 4 7 7 7 7 0 0
0 56 149 3 4 7 -7 -7 -7 0 0
0 56 150 3 4 -7 7 7 -7 0 0
0 56 151 3 4 7 7 7 -7 0 0
0 56 152 3 4 -7 7 7 -7 0 0
0 56 153 3 4 7 -7 7 7 0 0
0 56 154 3 4 -7 -7 -7 -7 0 0
0 56 155 3 4 7 7 -7 7 0 0
0 56 156 3 4 -7 7 7 7 0 0
0 56 157 3 4 7 7 -7 -7 0 0
0 56 158 3 4 -7 -7 7 -7 0 0
0 56 159 3 4 7 7 7 7 0 0
0 56 160 3 4 7 -7 -7 7 0 0
0 56 161 3 4 -7 -7 7 -7 0 0
0 56 162 3 4 -7 -7 7 -7 0 0
0 56 163 3 4 -7 -7 7 -7 0 0
0 56 164 3 4 7 -7 -7 -7 0 0
0 56 165 3 4 7 7 7 -7 0 0
0 56 166 3 4 -7 -7 7 7 0 0
0 56 167 3 4 -7 7 7 -7 0 0
0 56 168 3 4 -7 7 -7 -7 0 0
0 56 169 3 4 -7 7 7 -7 0 0
0 56 170 3 4 7 7 -7 -7 0 0
0 56 171 3 4 7 7 7 -7 0 0
0 56 172 3 4 7 7 -7 7 0 0
0 56 173 3 4 7 7 -7 7 0 0
0 56 174 3 4 -7 7 -7 7 0 0
0 56 175 3 4 -7 7 7 -7 0 0
0 56 176 3 4 -7 7 -7 7 0 0
0 56 177 3 4 -7 -7 7 -7 0 0
0 56 178 3 4 7 7 -7 -7 0 0
0 56 179 3 4 7 7 7 7 0 0
0 56 180 3 4 7 -7 7 -7 0 0
0 56 181 3 4 7 7 7 -7 0 0
0 56 182 3 4 7 7 7 -7 0 0
0 56 183 3 4 7 -7 -7 7 0 0
0 56 184 3 4 -7 7 7 -7 0 0
0 56 185 3 4 -7 -7 -7 7 0 0
0 56 186 3 4 -7 -7 -7 7 0 0
0 56 187 3 4 -7 7 -7 7 0 0
0 56 188 3 4 -7 7 7 7 0 0
0 56 189 3 4 7 7 7 -7 0 0
0 56 190 3 4 7 7 7 7 0 0
0 56 191 3 4 -7 7 7 7 0 0
0 56 192 3 4 7 -7 7 7 0 0
0 56 193 3 4 -7 7 -7 7 0 0
0 56 194 3 4 7 -7 -7 7 0 0
0 56 195 3 4 -7 7 -7 7 0 0
0 56 196 3 4 -7 -7 -7 -7 0 0
0 56 197 3 4 7 -7 -7 -7 0 0
0 56 198 3 4 -7 -7 7 7 0 0
0 56 199 3 4 7 7 7 -7 0 0
0 56 200 3 4 7 7 7 7 0 0
0 56 201 3 4 7 7 7 7 0 0
0 56 202 3 4 -7 -7 7 -7 0 0
0 56 203 3 4 -7 -7 -7 7 0 0
0 56 204 3 4 7 7 -7 7 0 0
0 56 205 3 4 7 -7 -7 -7 0 0
0 56 206 3 4 -7 -7 7 -7 0 0
0 56 207 3 4 -7 -7 7 -7 0 0
0 56 208 3 4 7 -7 -7 -7 0 0
0 56 209 3 4 -7 7 -7 7 0 0
0 56 210 3 4 -7 -7 7 -7 0 0
0 56 211 3 4 7 -7 7 -7 0 0
0 56 212 3 4 -7 7 7 -7 0 0
0 56 213 3 4 7 7 -7 7 0 0
0 56 214 3 4 7 -7 7 7 0 0
0 56 215 3 4 -7 -7 -7 -7 0 0
0 57 0 3 4 7 7 7 -7 0 0
0 57 1 3 4 -7 -7 7 7 0 0
0 57 2 3 4 7 -7 7 -7 0 0
0 57 3 3 4 -7 -7 -7 -7 0 0
0 57 4 3 4 7 7 -7 7 0 0
0 57 5 3 4 7 -7 7 -7 0 0
0 57 6 3 4 -7 -7 7 -7 0 0
0 57 7 3 4 -7 7 -7 7 0 0
0 57 8 3 4 -7 7 7 7 0 0
0 57 9 3 4 7 7 7 -7 0 0
0 57 10 3 4 -7 -7 -7 -7 0 0
0 57 11 3 4 -7 7 7 -7 0 0
0 57 12 3 4 7 7 -7 7 0 0
0 57 13 3 4 -7 -7 -7 7 0 0
0 57 14 3 4 7 7 7 7 0 0
0 57 15 3 4 7 -7 7 -7 0 0
0 57 16 3 4 7 7 7 7 0 0
0 57 17 3 4 7 -7 7 7 0 0
0 57 18 3 4 7 -7 -7 7 0 0
0 57 19 3 4 7 -7 -7 7 0 0
0 57 20 3 4 -7 -7 -7 7 0 0
0 57 21 3 4 7 -7 -7 -7 0 0
0 57 22 3 4 7 7 7 7 0 0
0 57 23 3 4 7 7 7 7 0 0
0 57 24 3 4 7 7 7 -7 0 0
0 57 25 3 4 -7 7 -7 7 0 0
0 57 26 3 4 7 7 7 -7 0 0
0 57 27 3 4 -7 7 -7 7 0 0
0 57 28 3 4 7 -7 7 7 0 0
0 57 29 3 4 -7 -7 7 -7 0 0
0 57 30 3 4 7 7 -7 7 0 0
0 57 31 3 4 -7 -7 7 -7 0 0
0 57 32 3 4 -7 -7 -7 7 0 0
0 57 33 3 4 -7 7 -7 7 0 0
0 57 34 3 4 7 7 7 -7 0 0
0 57 35 3 4 7 7 -7 7 0 0
0 57 36 3 4 7 7 7 7 0 0
0 57 37 3 4 -7 7 7 -7 0 0
0 57 38 3 4 7 7 -7 7 0 0
0 57 39 3 4 -7 -7 -7 7 0 0
0 57 40 3 4 7 7 -7 7 0 0
0 57 41 3 4 7 -7 7 7 0 0
0 57 42 3 4 -7 7 7 7 0 0
0 57 43 3 4 -7 -7 -7 -7 0 0
0 57 44 3 4 7 7 -7 -7 0 0
0 57 45 3 4 -7 -7 -7 7 0 0
0 57 46 3 4 7 7 7 -7 0 0
0 57 47 3 4 -7 7 7 7 0 0
0 57 48 3 4 -7 -7 7 -7 0 0
0 57 49 3 4 7 -7 7 -7 0 0
0 57 50 3 4 7 7 7 -7 0 0
0 57 51 3 4 -7 7 -7 -7 0 0
0 57 52 3 4 7 -7 -7 -7 0 0
0 57 53 3 4 7 -7 -7 7 0 0
0 57 54 3 4 7 7 7 -7 0 0
0 57 55 3 4 -7 7 7 7 0 0
0 57 56 3 4 7 7 -7 7 0 0
0 57 57 3 4 -7 7 -7 -7 0 0
0 57 58 3 4 7 -7 7 -7 0 0
0 57 59 3 4 7 7 7 -7 0 0
0 57 60 3 4 -7 -7 -7 7 0 0
0 57 61 3 4 -7 -7 7 -7 0 0
0 57 62 3 4 7 -7 7 -7 0 0
0 57 63 3 4 7 -7 -7 7 0 0
0 57 64 3 4 -7 -7 7 7 0 0
0 57 65 3 4 7 7 -7 7 0 0
0 57 66 3 4 -7 7 -7 -7 0 0
0 57 67 3 4 -7 -7 7 -7 0 0
0 57 68 3 4 7 7 -7 -7 0 0
0 57 69 3 4 -7 7 -7 -7 0 0
0 57 70 3 4 7 -7 7 -7 0 0
0 57 71 3 4 7 -7 -7 -7 0 0
0 57 72 3 4 7 7 -7 7 0 0
0 57 73 3 4 -7 7 -7 7 0 0
0 57 74 3 4 -7 7 -7 -7 0 0
0 57 75 3 4 7 7 -7 7 0 0
0 57 76 3 4 -7 -7 7 7 0 0
0 57 77 3 4 7 -7 7 -7 0 0
0 57 78 3 4 7 7 7 7 0 0
0 57 79 3 4 -7 7 7 7 0 0
0 57 80 3 4 7 7 7 -7 0 0
0 57 81 3 4 -7 -7 -7 7 0 0
0 57 82 3 4 -7 -7 -7 7 0 0
0 57 83 3 4 7 7 -7 7 0 0
0 57 84 3 4 7 -7 -7 7 0 0
0 57 85 3 4 -7 7 -7 -7 0 0
0 57 86 3 4 7 -7 7 7 0 0
0 57 87 3 4 7 7 -7 -7 0 0
0 57 88 3 4 7 -7 7 -7 0 0
0 57 89 3 4 7 7 7 -7 0 0
0 57 90 3 4 7 -7 7 7 0 0
0 57 91 3 4 7 7 -7 7 0 0
0 57 92 3 4 7 -7 7 7 0 0
0 57 93 3 4 -7 7 7 -7 0 0
0 57 94 3 4 -7 -7 -7 7 0 0
0 57 95 3 4 7 7 7 7 0 0
0 57 96 3 4 -7 7 -7 -7 0 0
0 57 97 3 4 -7 7 -7 -7 0 0
0 57 98 3 4 7 -7 -7 7 0 0
0 57 99 3 4 7 7 -7 7 0 0
0 57 100 3 4 7 -7 -7 -7 0 0
0 57 101 3 4 -7 -7 -7 -7 0 0
0 57 102 3 4 -7 7 -7 -7 0 0
0 57 103 3 4 -7 -7 7 7 0 0
0 57 104 3 4 7 -7 -7 7 0 0
0 57 105 3 4 -7 7 -7 -7 0 0
0 57 106 3 4 7 7 -7 -7 0 0
0 57 107 3 4 7 -7 -7 -7 0 0
0 57 108 3 4 7 7 -7 7 0 0
0 57 109 3 4 -7 -7 7 7 0 0
0 57 110 3 4 7 7 7 7 0 0
0 57 111 3 4 7 7 -7 7 0 0
0 57 112 3 4 -7 -7 7 7 0 0
0 57 113 3 4 -7 7 7 7 0 0
0 57 114 3 4 7 -7 -7 7 0 0
0 57 115 3 4 -7 -7 7 7 0 0
0 57 116 3 4 -7 7 -7 -7 0 0
0 57 117 3 4 -7 -7 7 7 0 0
0 57 118 3 4 7 -7 -7 7 0 0
0 57 119 3 4 -7 7 -7 -7 0 0
0 57 120 3 4 7 -7 7 7 0 0
0 57 121 3 4 -7 7 -7 7 0 0
0 57 122 3 4 7 7 -7 -7 0 0
0 57 123 3 4 -7 7 7 -7 0 0
0 57 124 3 4 -7 7 7 -7 0 0
0 57 125 3 4 -7 7 7 7 0 0
0 57 126 3 4 7 7 -7 7 0 0
0 57 127 3 4 7 -7 7 7 0 0
0 57 128 3 4 7 -7 7 -7 0 0
0 57 129 3 4 7 7 7 -7 0 0
0 57 130 3 4 -7 7 7 -7 0 0
0 57 131 3 4 -7 -7 7 7 0 0
0 57 132 3 4 7 -7 7 7 0 0
0 57 133 3 4 7 7 7 7 0 0
0 57 134 3 4 -7 -7 7 7 0 0
0 57 135 3 4 -7 -7 7 -7 0 0
0 57 136 3 4 7 7 -7 -7 0 0
0 57 137 3 4 -7 -7 7 7 0 0
0 57 138 3 4 -7 -7 7 7 0 0
0 57 139 3 4 -7 -7 -7 -7 0 0
0 57 140 3 4 7 -7 -7 -7 0 0
0 57 141 3 4 7 -7 7 7 0 0
0 57 142 3 4 -7 -7 -7 7 0 0
0 57 143 3 4 7 -7 7 -7 0 0
0 57 144 3 4 7 7 -7 -7 0 0
0 57 145 3 4 -7 -7 7 7 0 0
0 57 146 3 4 -7 -7 -7 7 0 0
0 57 147 3 4 7 7 -7 7 0 0
0 57 148 3 4 -7 -7 7 7 0 0
0 57 149 3 4 -7 -7 -7 7 0 0
0 57 150 3 4 7 7 7 -7 0 0
0 57 151 3 4 -7 7 -7 -7 0 0
0 57 152 3 4 -7 -7 -7 -7 0 0
0 57 153 3 4 7 7 7 -7 0 0
0 57 154 3 4 7 7 7 -7 0 0
0 57 155 3 4 7 -7 -7 -7 0 0
0 57 156 3 4 7 -7 -7 -7 0 0
0 57 157 3 4 -7 -7 -7 -7 0 0
0 57 158 3 4 -7 -7 -7 7 0 0
0 57 159 3 4 -7 7 7 -7 0 0
0 57 160 3 4 7 7 7 7 0 0
0 57 161 3 4 7 7 -7 -7 0 0
0 57 162 3 4 7 -7 -7 7 0 0
0 57 163 3 4 -7 7 7 7 0 0
0 57 164 3 4 7 -7 7 -7 0 0
0 57 165 3 4 -7 -7 7 7 0 0
0 57 166 3 4 -7 -7 7 7 0 0
0 57 167 3 4 7 7 7 -7 0 0
0 57 168 3 4 -7 7 -7 -7 0 0
0 57 169 3 4 -7 7 -7 -7 0 0
0 57 170 3 4 7 -7 7 7 0 0
0 57 171 3 4 -7 -7 7 7 0 0
0 57 172 3 4 -7 7 7 7 0 0
0 57 173 3 4 -7 -7 7 -7 0 0
0 57 174 3 4 -7 7 7 -7 0 0
0 57 175 3 4 7 -7 7 7 0 0
0 57 176 3 4 -7 7 7 -7 0 0
0 57 177 3 4 -7 -7 -7 7 0 0
0 57 178 3 4 7 7 -7 7 0 0
0 57 179 3 4 7 7 7 -7 0 0
0 57 180 3 4 7 7 -7 7 0 0
0 57 181 3 4 7 -7 7 7 0 0
0 57 182 3 4 7 -7 7 -7 0 0
0 57 183 3 4 -7 7 7 -7 0 0
0 57 184 3 4 7 -7 7 -7 0 0
0 57 185 3 4 7 -7 -7 -7 0 0
0 57 186 3 4 7 7 -7 -7 0 0
0 57 187 3 4 -7 7 -7 -7 0 0
0 57 188 3 4 -7 -7 7 7 0 0
0 57 189 3 4 7 7 -7 7 0 0
0 57 190 3 4 7 -7 -7 7 0 0
0 57 191 3 4 7 7 7 7 0 0
0 57 192 3 4 7 7 7 7 0 0
0 57 193 3 4 7 -7 -7 -7 0 0
0 57 194 3 4 -7 7 -7 -7 0 0
0 57 195 3 4 7 7 7 7 0 0
0 57 196 3 4 -7 -7 7 -7 0 0
0 57 197 3 4 7 7 7 -7 0 0
0 57 198 3 4 -7 -7 7 7 0 0
0 57 199 3 4 -7 7 -7 -7 0 0
0 57 200 3 4 7 -7 -7 7 0 0
0 57 201 3 4 -7 7 -7 7 0 0
0 57 202 3 4 7 -7 7 -7 0 0
0 57 203 3 4 -7 7 -7 7 0 0
0 57 204 3 4 -7 -7 7 -7 0 0
0 57 205 3 4 -7 -7 -7 7 0 0
0 57 206 3 4 -7 -7 -7 7 0 0
0 57 207 3 4 7 -7 -7 -7 0 0
0 57 208 3 4 -7 -7 7 -7 0 0
0 57 209 3 4 7 7 7 -7 0 0
0 57 210 3 4 7 7 -7 7 0 0
0 57 211 3 4 7 7 7 -7 0 0
0 57 212 3 4 -7 7 -7 -7 0 0
0 57 213 3 4 -7 7 -7 -7 0 0
0 57 214 3 4 -7 -7 -7 7 0 0
0 57 215 3 4 -7 -7 -7 -7 0 0
0 58 0 3 4 7 7 7 -7 0 0
0 58 1 3 4 7 7 -7 7 0 0
0 58 2 3 4 7 -7 -7 7 0 0
0 58 3 3 4 7 -7 -7 -7 0 0
0 58 4 3 4 7 -7 -7 -7 0 0
0 58 5 3 4 7 -7 -7 7 0 0
0 58 6 3 4 -7 -7 7 -7 0 0
0 58 7 3 4 7 -7 7 7 0 0
0 58 8 3 4 -7 7 -7 7 0 0
0 58 9 3 4 7 7 7 7 0 0
0 58 10 3 4 -7 -7 -7 -7 0 0
0 58 11 3 4 -7 -7 7 7 0 0
0 58 12 3 4 -7 -7 -7 -7 0 0
0 58 13 3 4 7 -7 7 -7 0 0
0 58 14 3 4 -7 7 -7 -7 0 0
0 58 15 3 4 -7 -7 -7 7 0 0
0 58 16 3 4 7 7 -7 7 0 0
0 58 17 3 4 7 -7 -7 7 0 0
0 58 18 3 4 7 7 7 -7 0 0
0 58 19 3 4 7 -7 -7 -7 0 0
0 58 20 3 4 7 7 -7 7 0 0
0 58 21 3 4 -7 7 -7 7 0 0
0 58 22 3 4 -7 -7 -7 -7 0 0
0 58 23 3 4 -7 -7 7 7 0 0
0 58 24 3 4 -7 -7 -7 7 0 0
0 58 25 3 4 -7 7 -7 -7 0 0
0 58 26 3 4 7 -7 7 7 0 0
0 58 27 3 4 -7 -7 7 -7 0 0
0 58 28 3 4 -7 -7 -7 -7 0 0
0 58 29 3 4 7 7 7 -7 0 0
0 58 30 3 4 7 -7 -7 -7 0 0
0 58 31 3 4 -7 7 7 -7 0 0
0 58 32 3 4 7 -7 -7 7 0 0
0 58 33 3 4 -7 -7 -7 -7 0 0
0 58 34 3 4 -7 -7 7 7 0 0
0 58 35 3 4 -7 7 -7 -7 0 0
0 58 36 3 4 7 7 -7 7 0 0
0 58 37 3 4 7 7 7 -7 0 0
0 58 38 3 4 -7 7 -7 7 0 0
0 58 39 3 4 7 -7 7 -7 0 0
0 58 40 3 4 7 7 -7 -7 0 0
0 58 41 3 4 -7 -7 -7 7 0 0
0 58 42 3 4 -7 -7 -7 -7 0 0
0 58 43 3 4 7 7 7 -7 0 0
0 58 44 3 4 -7 7 -7 -7 0 0
0 58 45 3 4 7 -7 -7 -7 0 0
0 58 46 3 4 -7 -7 7 7 0 0
0 58 47 3 4 -7 7 -7 7 0 0
0 58 48 3 4 7 7 7 7 0 0
0 58 49 3 4 7 -7 -7 7 0 0
0 58 50 3 4 -7 -7 -7 7 0 0
0 58 51 3 4 -7 -7 -7 7 0 0
0 58 52 3 4 -7 -7 -7 7 0 0
0 58 53 3 4 -7 -7 -7 7 0 0
0 58 54 3 4 -7 7 -7 -7 0 0
0 58 55 3 4 -7 7 7 -7 0 0
0 58 56 3 4 7 -7 7 -7 0 0
0 58 57 3 4 -7 -7 -7 7 0 0
0 58 58 3 4 7 -7 -7 7 0 0
0 58 59 3 4 7 7 -7 7 0 0
0 58 60 3 4 -7 7 7 7 0 0
0 58 61 3 4 7 7 7 7 0 0
0 58 62 3 4 -7 -7 7 7 0 0
0 58 63 3 4 7 -7 7 7 0 0
0 58 64 3 4 7 7 7 -7 0 0
0 58 65 3 4 -7 7 -7 -7 0 0
0 58 66 3 4 -7 7 7 -7 0 0
0 58 67 3 4 7 -7 7 7 0 0
0 58 68 3 4 -7 7 -7 7 0 0
0 58 69 3 4 7 -7 7 7 0 0
0 58 70 3 4 -7 -7 -7 -7 0 0
0 58 71 3 4 -7 7 7 -7 0 0
0 58 72 3 4 7 7 7 -7 0 0
0 58 73 3 4 7 -7 -7 -7 0 0
0 58 74 3 4 -7 -7 7 -7 0 0
0 58 75 3 4 -7 -7 -7 -7 0 0
0 58 76 3 4 -7 -7 -7 7 0 0
0 58 77 3 4 -7 7 -7 7 0 0
0 58 78 3 4 -7 7 7 -7 0 0
0 58 79 3 4 -7 -7 -7 7 0 0
0 58 80 3 4 -7 7 -7 7 0 0
0 58 81 3 4 -7 -7 7 7 0 0
0 58 82 3 4 7 7 -7 -7 0 0
0 58 83 3 4 -7 7 -7 -7 0 0
0 58 84 3 4 7 7 -7 -7 0 0
0 58 85 3 4 -7 -7 -7 7 0 0
0 58 86 3 4 7 7 7 -7 0 0
0 58 87 3 4 -7 7 -7 7 0 0
0 58 88 3 4 7 7 7 7 0 0
0 58 89 3 4 -7 7 7 -7 0 0
0 58 90 3 4 7 7 -7 -7 0 0
0 58 91 3 4 -7 -7 7 -7 0 0
0 58 92 3 4 7 7 7 -7 0 0
0 58 93 3 4 -7 -7 7 7 0 0
0 58 94 3 4 7 7 -7 7 0 0
0 58 95 3 4 -7 7 7 -7 0 0
0 58 96 3 4 7 -7 7 7 0 0
0 58 97 3 4 7 7 -7 7 0 0
0 58 98 3 4 7 -7 -7 -7 0 0
0 58 99 3 4 7 7 7 7 0 0
0 58 100 3 4 -7 7 7 -7 0 0
0 58 101 3 4 7 -7 -7 7 0 0
0 58 102 3 4 7 -7 7 -7 0 0
0 58 103 3 4 -7 7 -7 7 0 0
0 58 104 3 4 7 7 7 -7 0 0
0 58 105 3 4 7 -7 -7 7 0 0
0 58 106 3 4 7 -7 -7 7 0 0
0 58 107 3 4 -7 7 -7 7 0 0
0 58 108 3 4 -7 7 7 7 0 0
0 58 109 3 4 -7 7 7 -7 0 0
0 58 110 3 4 -7 -7 -7 -7 0 0
0 58 111 3 4 7 -7 -7 7 0 0
0 58 112 3 4 7 7 7 -7 0 0
0 58 113 3 4 7 7 -7 -7 0 0
0 58 114 3 4 7 -7 -7 -7 0 0
0 58 115 3 4 7 7 -7 -7 0 0
0 58 116 3 4 7 -7 7 -7 0 0
0 58 117 3 4 -7 -7 7 7 0 0
0 58 118 3 4 -7 7 7 7 0 0
0 58 119 3 4 7 7 7 7 0 0
0 58 120 3 4 7 -7 -7 7 0 0
0 58 121 3 4 7 7 7 7 0 0
0 58 122 3 4 -7 7 -7 -7 0 0
0 58 123 3 4 -7 -7 -7 7 0 0
0 58 124 3 4 7 -7 -7 -7 0 0
0 58 125 3 4 7 7 -7 -7 0 0
0 58 126 3 4 -7 7 -7 7 0 0
0 58 127 3 4 -7 -7 7 -7 0 0
0 58 128 3 4 7 7 7 -7 0 0
0 58 129 3 4 -7 7 7 -7 0 0
0 58 130 3 4 -7 -7 -7 -7 0 0
0 58 131 3 4 7 -7 7 7 0 0
0 58 132 3 4 7 7 7 7 0 0
0 58 133 3 4 7 -7 7 7 0 0
0 58 134 3 4 -7 7 -7 -7 0 0
0 58 135 3 4 -7 7 7 -7 0 0
0 58 136 3 4 7 7 7 7 0 0
0 58 137 3 4 7 -7 7 7 0 0
0 58 138 3 4 7 7 7 7 0 0
0 58 139 3 4 -7 -7 -7 7 0 0
0 58 140 3 4 7 -7 7 -7 0 0
0 58 141 3 4 7 -7 -7 7 0 0
0 58 142 3 4 7 -7 -7 7 0 0
0 58 143 3 4 -7 -7 -7 -7 0 0
0 58 144 3 4 7 7 -7 -7 0 0
0 58 145 3 4 -7 7 -7 7 0 0
0 58 146 3 4 7 7 -7 7 0 0
0 58 147 3 4 -7 7 7 -7 0 0
0 58 148 3 4 -7 7 -7 -7 0 0
0 58 149 3 4 7 -7 -7 -7 0 0
0 58 150 3 4 7 7 7 -7 0 0
0 58 151 3 4 7 -7 7 -7 0 0
0 58 152 3 4 -7 -7 -7 -7 0 0
0 58 153 3 4 -7 -7 -7 7 0 0
0 58 154 3 4 -7 7 -7 -7 0 0
0 58 155 3 4 -7 -7 7 7 0 0
0 58 156 3 4 7 -7 7 7 0 0
0 58 157 3 4 7 -7 7 7 0 0
0 58 158 3 4 7 -7 -7 7 0 0
0 58 159 3 4 -7 7 -7 7 0 0
0 58 160 3 4 -7 7 7 7 0 0
0 58 161 3 4 7 7 7 7 0 0
0 58 162 3 4 7 -7 7 -7 0 0
0 58 163 3 4 -7 -7 -7 7 0 0
0 58 164 3 4 7 -7 7 -7 0 0
0 58 165 3 4 -7 7 -7 -7 0 0
0 58 166 3 4 -7 7 7 -7 0 0
0 58 167 3 4 -7 7 -7 -7 0 0
0 58 168 3 4 7 -7 7 -7 0 0
0 58 169 3 4 -7 -7 -7 -7 0 0
0 58 170 3 4 7 -7 -7 7 0 0
0 58 171 3 4 7 7 -7 -7 0 0
0 58 172 3 4 -7 7 7 7 0 0
0 58 173 3 4 -7 7 -7 -7 0 0
0 58 174 3 4 -7 7 -7 -7 0 0
0 58 175 3 4 7 7 -7 -7 0 0
0 58 176 3 4 7 -7 -7 7 0 0
0 58 177 3 4 7 -7 -7 -7 0 0
0 58 178 3 4 7 7 7 -7 0 0
0 58 179 3 4 7 -7 -7 7 0 0
0 58 180 3 4 -7 -7 -7 7 0 0
0 58 181 3 4 7 7 7 -7 0 0
0 58 182 3 4 -7 -7 7 -7 0 0
0 58 183 3 4 -7 7 -7 7 0 0
0 58 184 3 4 7 7 -7 7 0 0
0 58 185 3 4 7 -7 -7 7 0 0
0 58 186 3 4 7 7 7 7 0 0
0 58 187 3 4 7 -7 -7 7 0 0
0 58 188 3 4 -7 7 -7 -7 0 0
0 58 189 3 4 -7 7 7 -7 0 0
0 58 190 3 4 7 -7 -7 -7 0 0
0 58 191 3 4 7 7 -7 7 0 0
0 58 192 3 4 7 -7 7 -7 0 0
0 58 193 3 4 -7 -7 7 -7 0 0
0 58 194 3 4 -7 7 7 7 0 0
0 58 195 3 4 7 -7 7 7 0 0
0 58 196 3 4 7 7 -7 -7 0 0
0 58 197 3 4 7 7 7 7 0 0
0 58 198 3 4 7 7 -7 7 0 0
0 58 199 3 4 -7 -7 -7 7 0 0
0 58 200 3 4 7 7 7 -7 0 0
0 58 201 3 4 -7 -7 7 -7 0 0
0 58 202 3 4 -7 7 7 7 0 0
0 58 203 3 4 -7 7 7 -7 0 0
0 58 204 3 4 -7 7 7 -7 0 0
0 58 205 3 4 -7 7 7 -7 0 0
0 58 206 3 4 7 -7 7 7 0 0
0 58 207 3 4 -7 -7 7 7 0 0
0 58 208 3 4 7 -7 7 7 0 0
0 58 209 3 4 7 -7 -7 -7 0 0
0 58 210 3 4 -7 -7 7 -7 0 0
0 58 211 3 4 -7 -7 7 7 0 0
0 58 212 3 4 7 -7 -7 -7 0 0
0 58 213 3 4 -7 7 -7 7 0 0
0 58 214 3 4 -7 -7 -7 7 0 0
0 58 215 3 4 7 7 -7 7 0 0
