00000000
00000000
00000000
00000000
00000000
00000000
00000000
00000000
00000000
00000000
00000000
00000000
00000000
00000000
00000000
00000000
00000000
00000000
00000000
00000000
00000000
00000000
00000000
00000000
00000000
00000000
00000000
00000000
00000000
00000000
00000000
00000000
00000000
00000000
00000000
00000000
00000000
00000000
00000000
00000000
00000000
00000000
00000000
00000000
00000000
00000000
00000000
00000000
00000000
00000000
00000000
00000000
00000000
00000000
00000000
00000000
00000000
00000000
00000000
00000000
00000000
00000000
00000000
00000000
00000000
00000000
00000000
00000000
00000000
00000000
00000000
00000000
00000000
00000000
00000000
00000000
00000000
00000000
00000000
00000000
00000000
00000000
00000000
00000000
00000000
00000000
00000000
00000000
00000000
00000000
00000000
00000000
00000000
00000000
00000000
00000000
00000000
00000000
00000000
00000000
00000000
00000000
00000000
00000000
00000000
00000000
00000000
00000000
00000000
00000000
00000000
00000000
00000000
00000000
00000000
00000000
00000000
00000000
00000000
00000000
00000000
00000000
00000000
00000000
00000000
00000000
00000000
00000000
00000000
00000000
00000000
00000000
00000000
00000000
00000000
00000000
00000000
00000000
00000000
00000000
00000000
00000000
00000000
00000000
00000000
00000000
00000000
00000000
00000000
00000000
00000000
00000000
00000000
00000000
00000000
00000000
00000000
00000000
00000000
00000000
00000000
00000000
00000000
00000000
00000000
00000000
00000000
00000000
00000000
00000000
00000000
00000000
00000000
00000000
00000000
00000000
00000000
00000000
00000000
00000000
00000000
00000000
00000000
00000000
00000000
00000000
00000000
00000000
00000000
00000000
00000000
00000000
00000000
00000000
00000000
00000000
00000000
00000000
00000000
00000000
fa58fc77
fc4a018b
fd68fab1
032efe09
ff46088f
f9f9f750
05e0fdc8
05f4008c
062cf931
fe25011b
fa8eff7d
004dfd98
03dbf942
0263043a
07980236
fd76ffd1
016a02b5
011506ab
0298047e
fe1901f2
fe25faaa
02d30b74
01b70374
ffed0317
fbe802d3
01d1031d
0850fbd1
f9f00632
fff30119
0092ff64
05c20158
fee6fd97
fd2c00b5
02fb00ee
f8b303ea
f6a6053e
01e8fe5d
0112fb41
03ed00ea
ff820199
00b0000d
06e2020d
01420021
0213fd90
fcd9fc21
02a503d0
0246ff72
0073fc96
fa2cfc0d
01df01f6
fe6eff87
fbedfea8
04a70458
fb6c0130
fc83fd30
0276037d
fbd3fa73
fcc600d4
0459f9a1
0261fb53
fd08fbfd
ff39fff7
ff450221
f9b7081e
043e00b5
027502ca
0116fe68
f527fb8b
fe04fe71
fc03ff15
00c60042
09260095
fa0005cf
fe58f892
fc330a53
fe78fac1
f88bfd43
fdce0198
01ad0d67
001c02a1
016afeb5
fabc008a
03b90341
fa000656
086101bb
00b20150
ff9c06dd
fe12fe54
fd70fc84
fd0afbe8
fd1a0141
fce0fa1b
0160fe7f
f96cfe61
fad9ffde
ffdb0477
016aff4b
fe6af9a8
03ddfdc8
07680100
fc760520
ff4a0643
fd3afbec
f6940490
f97c00f3
feff04f1
fc9e0039
0194005c
ff1902de
04c00051
00e500bd
03e7ff6d
002cfa0d
fa5a02cc
043201ef
fe600385
047b05c0
ffd6fda1
01aefced
04fd0090
ff85fae5
fe83ffeb
fd9cfb21
0049ff26
fdfcfdef
fec40025
0301042b
ffa905ed
fa58fc77
fc4a018b
fd68fab1
032efe09
ff46088f
f9f9f750
05e0fdc8
05f4008c
062cf931
fe25011b
fa8eff7d
004dfd98
03dbf942
0263043a
07980236
fd76ffd1
016a02b5
011506ab
0298047e
fe1901f2
fe25faaa
02d30b74
01b70374
ffed0317
fbe802d3
01d1031d
0850fbd1
f9f00632
fff30119
0092ff64
05c20158
fee6fd97
fd2c00b5
02fb00ee
f8b303ea
f6a6053e
01e8fe5d
0112fb41
03ed00ea
ff820199
00b0000d
06e2020d
01420021
0213fd90
fcd9fc21
02a503d0
0246ff72
0073fc96
fa2cfc0d
01df01f6
fe6eff87
fbedfea8
04a70458
fb6c0130
fc83fd30
0276037d
fbd3fa73
fcc600d4
0459f9a1
0261fb53
fd08fbfd
ff39fff7
ff450221
f9b7081e
043e00b5
027502ca
0116fe68
f527fb8b
fe04fe71
fc03ff15
00c60042
09260095
fa0005cf
fe58f892
fc330a53
fe78fac1
f88bfd43
fdce0198
01ad0d67
001c02a1
016afeb5
fabc008a
03b90341
fa000656
086101bb
00b20150
ff9c06dd
fe12fe54
fd70fc84
fd0afbe8
fd1a0141
fce0fa1b
0160fe7f
f96cfe61
fad9ffde
ffdb0477
016aff4b
fe6af9a8
03ddfdc8
07680100
fc760520
ff4a0643
fd3afbec
f6940490
f97c00f3
feff04f1
fc9e0039
0194005c
ff1902de
04c00051
00e500bd
03e7ff6d
002cfa0d
fa5a02cc
043201ef
fe600385
047b05c0
ffd6fda1
01aefced
04fd0090
ff85fae5
fe83ffeb
fd9cfb21
0049ff26
fdfcfdef
fec40025
0301042b
ffa905ed
fe6afe4b
0150048e
fe30ffb7
01a2fbe8
0886fd8c
fc6cfaa4
f451ff94
0907013c
ffb2fd85
f65cf8ac
050d029d
01dc0832
0208fea9
fd6cfc9a
fd1b021f
00c10221
01cafa4c
07cfffea
ff5502fe
fde000da
fe2200b6
feb2fd78
fec4fb1c
00dbf5ac
08ddfd74
fe9dfe35
ff110094
03370674
053aff48
06630499
fdb4ffc8
056903c5
06d40931
0338013f
01da0acd
f7f1024d
faeaf6fa
0529fdfa
05dc034b
045e056c
0a41009f
0258fa34
f91bfa8c
fde8fda1
fa2efd1f
fef60228
fe3601ce
fc71f8fb
073ff948
fd32026b
fa13fc4f
fb41f54d
fdef0631
08f8029a
035b00db
07b902f0
051ef9a1
f7f60ade
031e00d3
0bcaf088
00350388
fa0907bd
f93bffdd
fd14fa82
0ce6f4a3
03fdfd7c
fd7b090c
0510fd97
03600057
07cb0481
01b2f9d0
047bfd11
0b93fc7d
00fa0112
f96fff92
017dfd00
08e0fc97
017cf2f3
0070fbfb
01e90172
fe52ff49
f8c0fbbd
033d0339
010d0a0f
f7bafbfd
07b4fe27
fc5403a5
f7ad03dc
f8590252
fbcd0416
0f6106b6
02e30119
01b20047
ff2fffc9
fb81083d
05830155
fa58f839
ff34014e
0a10021f
0169fdd1
0280f9a8
029601b8
fb97fe58
05a4037e
ffc80ed3
f45c0305
fef805f0
fd350145
fb76fdc6
00140297
fb38015e
f86e02b1
f81cfee4
f4c9fc25
fd3ffc35
07e208b3
0a2a02e3
067afbf1
06640178
082afe80
fabafe7e
002ef0ea
faf2fe94
f4c1032b
0278fb78
ffa10ae9
048efd21
fc0802aa
fec2004b
fd95f338
fb5e071c
0da101bf
0306f3c7
05eaf868
fd51048a
f5e202e3
fa91045e
f8f4079d
fe24f9c6
f865fd4b
0534fdfd
fb60fe04
fceb05f9
0b0902fb
f88d004a
f9b4fc68
f6f3fec0
f78c0028
fd92fa95
fe87fd94
04bafaf7
003ff6f8
f6f30304
fde5fed1
01d6f927
f4fa082b
ff630a32
04a20696
fb98ffae
021efe62
0a240389
02250262
fdbc0785
042e05d3
005604a0
04480397
fc54025e
fa7c013e
0004fed1
f99905cd
0228ffd8
044a0254
04880469
fd5afc4e
fecc067c
03cd005a
fb95f4d2
fd90fc6c
fa6ffe1e
fdbdf919
0381ff47
062c013a
013cfcb9
fb5f02d0
ffa200ad
ff5300b8
fe8403c3
fd8701c6
00130085
fd44f919
ff1ffbc9
024a0000
013efea3
fa7ffd5b
f9dcfd7d
058fff6e
ff8ffb0d
07f701bd
ff92064f
f869fbe0
06a7ff47
fac20609
021600c4
ffe60235
fab3ffbb
0177f958
fe79fe96
03ddfd9b
fc06034d
ffe9054b
0ccdf831
ffb9f876
f8ecfa15
07ecfb39
08b6f8f5
fefff8f1
fd030136
fe46ff52
facfff64
fd7a00ae
088b03d5
fc9804a4
fd38ffc9
f882005e
fa58fde1
0ec2019f
fadc00c4
ff51f9eb
016dfd0e
fda2fea4
0a46ffde
fbeffba5
fa6fff65
faea0355
0202f7f2
feed00bd
f8ad0562
0a00fde8
043e05aa
04eb052b
0ab8ff35
fd06ffb6
f73504f7
00fa04b7
05b4054f
fcce0a7a
f639017a
faa000aa
05b20334
0440041d
02110352
009ff997
fc0d008d
051e04e5
005d0911
f6070868
fe6afe4b
0150048e
fe30ffb7
01a2fbe8
0886fd8c
fc6cfaa4
f451ff94
0907013c
ffb2fd85
f65cf8ac
050d029d
01dc0832
0208fea9
fd6cfc9a
fd1b021f
00c10221
01cafa4c
07cfffea
ff5502fe
fde000da
fe2200b6
feb2fd78
fec4fb1c
00dbf5ac
08ddfd74
fe9dfe35
ff110094
03370674
053aff48
06630499
fdb4ffc8
056903c5
ff89001f
f768fad7
ffff070a
0902f9ae
fe33f750
03d0033a
03ac09d5
01e704c5
fdebfa3e
0321fd6c
08b1fe19
fa1ffc96
fad8fdf2
fe82fc02
fe2b0180
fb180105
0903feb2
01320631
f79bf88e
0ec5f450
feaefc24
009efd7a
fc3c0546
f6df0058
0d350135
ff0e0546
026c0a05
0257049c
fbfcfe76
ff9e02d7
012ef699
0254feb5
fb000000
0254014b
012e0967
ff9efd29
fbfc018a
0257fb64
026cf5fb
ff0efaba
0d35fecb
f6dfffa8
fc3cfaba
009e0286
feae03dc
0ec50bb0
f79b0772
0132f9cf
0903014e
fb18fefb
fe2bfe80
fe8203fe
fad8020e
fa1f036a
08b101e7
03210294
fdeb05c2
01e7fb3b
03acf62b
03d0fcc6
fe3308b0
09020652
fffff8f6
f7680529
ff89ffe1
fed5f94f
fd870375
fb42f85c
0324fa93
0611ff92
043dfab4
065ffbd9
0210fb38
00dcfea5
03b9fe31
045bf8ff
06ebfd28
fe9dfed6
faef02c5
08d400b6
01faf475
ffb4ff98
00cafeba
fed8fc49
07090357
fe07f76e
0171fbcd
078f01b3
073d00b6
fe64fea4
f90b03a9
0aa70818
ffb600f7
fa660415
fe2afb91
f855fc00
fe000500
fd840206
01540363
00f602f5
fbedfe69
f834fcf2
fb8ffe7e
fea1fea5
fb4f082e
026c0282
fc8cffc5
fdd0052b
fe0ffd10
f9e40562
111e0291
09690155
f80602f1
04c8018e
020205bd
ffdafbc3
0a610349
0590fd85
f88ef840
f49709a8
fa2a03a0
fee1ff82
002dfbe6
00c1f8fe
fe2403d4
f8b1ff77
fa87f99e
ff8cfb5f
f877fbe1
fc97034a
03d20658
fb560617
fd560089
ff2bffd6
ff8f0a22
03f807d5
015f01ae
02fefe82
03770126
ff7afb7e
0136ff11
fd410984
f9effa8a
febdfe77
f0fd03ca
f2c3fc6c
05c6fb60
fe91fd6f
0230056f
0cbc0577
07cc0199
ff5efa04
fcbb01c7
fa5b0856
f6e1faad
0484f51c
0841fe8c
02d604f7
ff21f8d7
fcf7f844
01000000
fcf707bc
ff210729
02d6fb09
08410174
04840ae4
f6e10553
fa5bf7aa
fcbbfe39
ff5e05fc
07ccfe67
0cbcfa89
0230fa91
fe910291
05c604a0
f2c30394
f0fdfc36
febd0189
f9ef0576
fd41f67c
013600ef
ff7a0482
0377feda
02fe017e
015ffe52
03f8f82b
ff8ff5de
ff2b002a
fd56ff77
fb56f9e9
03d2f9a8
fc97fcb6
f877041f
ff8c04a1
fa870662
f8b10089
fe24fc2c
00c10702
002d041a
fee1007e
fa2afc60
f497f658
f88e07c0
0590027b
0a61fcb7
ffda043d
0202fa43
04c8fe72
f806fd0f
0969feab
111efd6f
f9e4fa9e
fe0f02f0
fdd0fad5
fc8c003b
026cfd7e
fb4ff7d2
fea1015b
fb8f0182
f834030e
fbed0197
00f6fd0b
0154fc9d
fd84fdfa
fe00fb00
f8550400
fe2a046f
fa66fbeb
ffb6ff09
0aa7f7e8
f90bfc57
fe64015c
073dff4a
078ffe4d
01710433
fe070892
0709fca9
fed803b7
00ca0146
ffb40068
01fa0b8b
08d4ff4a
faeffd3b
fe9d012a
06eb02d8
045b0701
03b901cf
00dc015b
021004c8
065f0427
043d054c
0611006e
0324056d
fb4207a4
fd87fc8b
fed506b1
ff89001f
f768fad7
ffff070a
0902f9ae
fe33f750
03d0033a
03ac09d5
01e704c5
fdebfa3e
0321fd6c
08b1fe19
fa1ffc96
fad8fdf2
fe82fc02
fe2b0180
fb180105
0903feb2
01320631
f79bf88e
0ec5f450
feaefc24
009efd7a
fc3c0546
f6df0058
0d350135
ff0e0546
026c0a05
0257049c
fbfcfe76
ff9e02d7
012ef699
0254feb5
feb5ff39
faedf963
0224fa04
fd5ffa23
049bfbef
03400485
00f5051c
0331fb97
0484f96b
0813ff35
fe47fb69
fd5cfcbd
00fef737
0842f6ab
040c02ff
f712fc34
05d2fe5c
ff590339
fa4bfe33
08cc0228
fc26ffa7
fe5700b0
01820986
f842059a
0494fb9e
0488fe9e
fc880767
0144ff35
ff38fbd0
fdfc0665
04660707
03c704b7
00000000
03c7fb49
0466f8f9
fdfcf99b
ff380430
014400cb
fc88f899
04880162
04940462
f842fa66
0182f67a
fe57ff50
fc260059
08ccfdd8
fa4b01cd
ff59fcc7
05d201a4
f71203cc
040cfd01
08420955
00fe08c9
fd5c0343
fe470497
081300cb
04840695
03310469
00f5fae4
0340fb7b
049b0411
fd5f05dd
022405fc
faed069d
feb500c7
021d0089
f8ac0115
fe17061d
f77a008a
fe79f920
0641ff88
05f1fe50
0a3cff6f
001b0349
09fa04d4
08410841
fd72068f
0453f9eb
0483ff8d
02820212
f8fffa53
04e60af0
085105f8
fdb2ff72
0619fa6c
fad0f83d
fcd0057a
009ffc92
f8caff0a
fde0ff87
f726fe50
fd570334
0250fe22
fcf8f78f
0295f9fc
01d10062
fd00fb00
f8fe0623
fda8fec8
04f9fdb8
023d0304
fca8f6fb
016e0378
0162f8f3
f1d7fcd2
f61d0447
fe82fac7
fadf0527
ff8f03a4
027e010e
02a7ff51
0592003b
026bfae9
04a1f933
1388fbfb
02aafd72
f1fc0239
056ffd19
fef7fda2
f762ff2c
fe67055c
fc3bfbeb
00c1fd81
0604031c
0c4efd4c
01fc08c2
f6d1f56a
fa9aff2b
fd4b0ec7
0877fbb7
0467fb14
f9d5fd0d
ffb30849
027f0393
00b001d3
0258051d
fcfe0006
f4100650
fbc2ff9c
fbf2f8bb
f99cfa5c
0425020d
08fb03ec
037dff7a
f2c4fe3a
fbd4fda8
07e0fbe8
0120fac2
08da01d1
010e015d
f905feb6
0027fc5d
fea6fdae
f7a4fffa
f77afc1f
039f014a
ff7602e1
fcbbfde4
0512f97b
fd71f95d
f6000000
fd7106a3
05120685
fcbb021c
ff76fd1f
039ffeb6
f77a03e1
f7a40006
fea60252
002703a3
f905014a
010efea3
08dafe2f
0120053e
07e00418
fbd40258
f2c401c6
037d0086
08fbfc14
0425fdf3
f99c05a4
fbf20745
fbc20064
f410f9b0
fcfefffa
0258fae3
00b0fe2d
027ffc6d
ffb3f7b7
f9d502f3
046704ec
08770449
fd4bf139
fa9a00d5
f6d10a96
01fcf73e
0c4e02b4
0604fce4
00c1027f
fc3b0415
fe67faa4
f76200d4
fef7025e
056f02e7
f1fcfdc7
02aa028e
13880405
04a106cd
026b0517
0592ffc5
02a700af
027efef2
ff8ffc5c
fadffad9
fe820539
f61dfbb9
f1d7032e
0162070d
016efc88
fca80905
023dfcfc
04f90248
fda80138
f8fef9dd
fd000500
01d1ff9e
02950604
fcf80871
025001de
fd57fccc
f72601b0
fde00079
f8ca00f6
009f036e
fcd0fa86
fad007c3
06190594
fdb2008e
0851fa08
04e6f510
f8ff05ad
0282fdee
04830073
04530615
fd72f971
0841f7bf
09fafb2c
001bfcb7
0a3c0091
05f101b0
06410078
fe7906e0
f77aff76
fe17f9e3
f8acfeeb
021dff77
feb5ff39
faedf963
0224fa04
fd5ffa23
049bfbef
03400485
00f5051c
0331fb97
0484f96b
0813ff35
fe47fb69
fd5cfcbd
00fef737
0842f6ab
040c02ff
f712fc34
05d2fe5c
ff590339
fa4bfe33
08cc0228
fc26ffa7
fe5700b0
01820986
f842059a
0494fb9e
0488fe9e
fc880767
0144ff35
ff38fbd0
fdfc0665
04660707
03c704b7
f21605d8
0025fbae
fe4103ef
f9b8fa61
ffff0218
03dd034e
0545f66f
052a033e
0b91fc84
09ecfed6
094403e8
0ea3fc0d
03c30384
f941027f
f7c5043c
f479fbb5
fd1efad7
02b00606
01fbfc7b
02c5047c
fa460423
fd75fed7
05670156
02bef6b9
0166fe9e
06770169
01e7072e
fe4008c7
0600fe45
ff7d05e9
015ffdce
02f3fa8b
077af869
09e2faaf
f2e10cbc
fdb10027
07f6f9b8
022703f7
02970340
fcb7ff17
051f045c
039e03b7
00e9f5e0
fb2dfbbd
fbb102d8
03f80216
f86fffb0
09effcf2
09b00400
f4ac0138
fcbefb12
f416fe66
f9500216
0242feff
fa71f669
0381f9b0
fe630413
fb7b012b
fccd00d4
f52d03de
fd2b006e
fcc8058e
fd480662
021bfd3b
053afab6
0acffe08
f9f5f7ea
f72afabb
0cbe04c5
0b4ff92a
fbf6019e
00ae0cbc
061df9c0
0203f675
038efd6e
ff20ff29
023c043f
00a8004b
faeafbe5
02df030c
049303d9
035a04b7
fda4066d
00e4067a
07c10488
03b1fc45
0042ffe4
0758fb5b
0800faaa
f6e303e1
0137fb9c
0256fa0f
f899026b
00720516
012d033a
0d4c08ee
041c0653
fd79fc7b
04f1f9c9
fccbf72e
fb6cff9c
f97f04b8
025a03e5
ff6e0075
f8960108
fe6d05ef
006b033a
00a002d2
f8a70584
00b909a0
01c3007c
ff6ffae2
fdfdfbdf
fa1b01a1
0c0106d4
fde7f97d
f888fa84
0756faff
fa01fff5
fe6afcf0
0009f45b
f90f030f
ff3bfd88
006f0589
036707cc
0346f64f
023402f3
035b0c0e
01e5007b
03abfb77
01fe043f
02dbfcfb
ff200301
f7370789
fc66f6e6
fdb2ffad
02b7f9b2
02c4f360
f74f03d8
fbd40434
fecafd11
fead06aa
021809e7
031bf4f2
02cefd09
00c10926
0238fbc1
02eeff2a
ffd80510
faceffe4
ffe9f983
fe6bf74e
fbb8fb4b
069d00b4
f9a701a9
f93b01b9
08950232
0169f8ff
03dbf6b1
0128fb26
fb0dfa4f
0639016d
04fcffb8
fb5df827
ff4a00fd
07820425
02ea079d
fc4d077b
fa15f903
f61b00f8
f6ca04d8
fb57fc71
01c4045d
fbc40106
f5170268
fb5c063f
f94af8a8
fda2f89c
0281fbef
fb94ff6b
f602045a
fb2efdac
0183fefe
f4230302
fb340262
05f90246
ffc90130
048a041a
febdff7c
fda9fb47
fbf5046b
f69c08a7
007702c3
0ad6f743
088bf9e3
fdfd048a
ff9e004f
fa050456
fb6200a5
0200fcfd
015a064b
061101c3
fe4405af
0233008b
fd4d0231
f64905b5
fbfef760
f613071e
fe0806cf
ff47014c
fce4ffc8
00d5f55b
094b036c
0a81fc8f
faadfcc6
ff530833
ff5afe68
f82df7f4
ff05f709
05610431
fe3804cd
fa0fff43
03dc0678
feac0110
0237032a
09590e62
005c03e9
faa4fe3f
00e503d7
0abbff4e
00b4fecc
fee1fa4a
06b4f9a3
010efa01
00b4f470
074dfe8d
04f7075a
0656005b
0d69f740
03d80016
0418ffe3
0247fdae
f6b9032e
ff4ff457
02fef9cd
fffa038c
01af0120
02cdfef2
01e7f660
fff1ff6b
f8520425
fc340129
0330081e
f67e01b2
ff22f971
fe70089f
f21605d8
0025fbae
fe4103ef
f9b8fa61
ffff0218
03dd034e
0545f66f
052a033e
0b91fc84
09ecfed6
094403e8
0ea3fc0d
03c30384
f941027f
f7c5043c
f479fbb5
fd1efad7
02b00606
01fbfc7b
02c5047c
fa460423
fd75fed7
05670156
02bef6b9
0166fe9e
06770169
01e7072e
fe4008c7
0600fe45
ff7d05e9
015ffdce
02f3fa8b
0227fa1f
0fa0ff71
fced0594
fece01d7
ff85024f
03840405
fb9804dc
f56203d7
fecf0304
f6470773
01d80383
013900c2
fe13fbd9
ff28fd3f
fd2b05e6
06300279
059cfd0c
0669fd43
ffa5022f
03e3ff68
fb2afc11
f5e80135
065b050a
fea30217
fce9ff49
011003ef
02ce04c0
012800b4
05e0f6e6
07d2f56f
04e8017f
0a0dfd35
04a2f5e2
07b103ba
045a08ac
fddcfd44
fc37fd9b
029e0396
07a7fe72
01f6fb09
09dc044a
fbe9fd6f
fa25ff4a
02fa0c91
0144fffb
09350104
f76af8d0
f89bf70c
080e0b07
017f0173
00f3ff80
0052fffd
007afa48
0092fbf8
f9b8fce6
fe50ff73
fed202b8
f331054d
ff50fb5c
057df8e3
fb2efd5f
fbf80219
ff2602e1
039af7e7
0376fc64
03fa0624
00e000e2
fc9efe5b
03b90480
0692fe6f
fecbfd9e
ffed05df
063d0310
fb64ff91
f9b106d4
fe2c0d2e
03bef7b0
0b02f9cc
fc390846
fbd3f896
01dbfe9f
fea501e6
0761f7e0
05a2fab1
fa11fe41
f8b1006e
0167fdce
0041f9e4
f8fffbed
fa93fb8b
ff14fb7e
07d9054d
0173003b
fc3afbec
03100365
fd3cff43
02880144
022f032b
fca6fc33
0446009e
fc6907d9
ff95ff01
0673fb8d
01b30110
07ab022d
01d0045b
fdbb0442
0543037f
fe2cfb75
f926f8cc
000b0370
049707b9
ff2ffcb6
fc91fc39
012b087a
fb0401f7
ffc60421
0948040f
056bffcb
037b0042
fd26f3f4
fa44ff4a
fa5f094b
fe620778
fd5705ee
fbcdfa79
03ff01c0
03ff07ae
0570f93a
fedafbff
02c605a7
055af954
01a7f9e7
07bfff0a
fd93fba9
f60f03a4
ed1800ad
fb89fbcd
fd9f02ab
f619ffc7
06d9f4b1
fd6ffef2
058107ca
00defb41
013d0045
0255080d
f4a0ff34
0a29068c
fc6e0c2d
fc68faec
05840070
00260313
fe15026e
f6b00b5b
0476f8c3
fe110131
04d90259
fdd4fa4c
f26e0a40
ff9ffe8f
f7930144
044901ec
01b1f77d
fa22f859
0633f8d8
028d0149
03a6f8da
06cffc59
fe700620
0102fe3b
04440104
f5f301ba
fdb5fec6
ff4cfdc5
fa00fc5d
010f017f
fb96068e
f98703d6
f5defe6b
fe74ffb9
0353043e
f8be016a
00c300c2
01480265
f18efb90
f925fcea
020f0394
00b9ff42
0924feba
0700032c
04e0fda8
fbddfa48
fdcefd49
faca0141
efd6015f
0325f8bd
fec1f9e7
09e1fe91
068300e4
f5390208
08c6fb1a
ffcafe57
019901ee
fd99fb8a
f849feac
00e30132
f9fffc31
ffb20214
016a0410
04ab02e7
fc7b00aa
f71df7bb
febd005a
f8e5ffbf
f7a2fc7f
fce00214
0827ff76
08ea02fa
fb22ffc8
f8a90419
ffd0041c
003ff88b
0230fc8f
fea0076a
00000b62
09fefefd
0905051d
0ebe082f
04fdf80a
03710017
0530fe51
fa29f4de
095cfe35
027004be
fd3d024d
00fd0003
f561043c
0024ffae
0065f863
00bdfcf2
09d3fbd4
0202fd9b
049604f4
ffb001fe
fa72007e
0508ff56
004ffd1e
00c103df
021a0914
00c401d6
ff78fd6b
fa6afba4
fedff79f
fdd60194
003f0454
f80ffbfe
0227fa1f
0fa0ff71
fced0594
fece01d7
ff85024f
03840405
fb9804dc
f56203d7
fecf0304
f6470773
01d80383
013900c2
fe13fbd9
ff28fd3f
fd2b05e6
06300279
059cfd0c
0669fd43
ffa5022f
03e3ff68
fb2afc11
f5e80135
065b050a
fea30217
fce9ff49
011003ef
02ce04c0
012800b4
05e0f6e6
07d2f56f
04e8017f
0a0dfd35
05ecfbf6
fef7f9ce
05690239
0285013b
03af00e1
0d13feac
02470136
f92202bf
063103ee
02bbffff
ff41fc78
04c8fe35
00acfe47
05dd076c
039802cc
02a2fe2f
0659fb45
00f1f81d
fd8afd36
f841fd61
f53c0117
ff5dfeb8
fdddff8b
fd1c024e
089e049c
fb2d0388
0330fa5d
0a7d0072
fea9011e
0404fd9e
fb030235
fd8dfc72
fea0fc86
ff380134
008efeb2
00ef0590
093e0479
f63f042c
fb8803f5
0356f4ed
fd88fbf4
fd19fed1
f76d0059
02ed00f3
0287f80b
035d015e
07d0fb0e
02a8017c
fe0003e9
fceaf4c9
fba90814
fb150b30
0482ff7a
feec0602
04f801e9
06cefc2b
feef031c
007700d8
f71902cf
01f803ab
035efe49
fe1804a8
fdcafd7a
fe78fc2c
099b0018
ff9cfe03
0288fd0e
044ffc3b
facc028b
f7b6fccf
f55804f4
07ab038e
0793f993
f8e505db
fe7cfd53
00c60014
f895030c
04f8f5d9
0b31fa1c
f9a7fcf8
030d0341
fc9e01a2
f3eff7a0
05ee004e
fc8105b9
fc4f019c
02ebffcb
fba2fa7d
ff6bfedf
065200d8
032bfa7e
004c02f7
04c70480
fced03ac
01340620
0a6e0117
05b101e6
01e5fb5b
fb5ff91d
ff2ffd13
015bf906
05f9fbf5
0588fe07
fcecffcb
021302d6
0633ffe5
061a0288
fd2804c3
0552faa0
0934fca0
fa8507b8
f9af017b
f43f031e
fc7003b9
fd5ffad6
fa27011e
05e90452
02b2fe99
0c9dfdaa
0b4806be
f6f00458
fd68ff2e
01b605ce
fb0c0144
017e017d
fe5bffb3
f87ffb1a
fdd300e5
fb5800e1
fc8afeaa
01ca04da
079b0381
0992fa8e
02460687
0238ffa8
06e6f558
fe3805cd
fa1b05d7
035cfe18
fbeefa08
ff4804be
01030523
f708fda4
0157ff61
0272fb4f
0075fff4
f49cfe40
f1f003b3
003bff81
fb02f9fa
01960409
0389008b
fb7e034b
febefdfd
fbdffd86
f917fcc2
0099fc92
031f0a86
fe7205b4
0763fdb0
066ff632
f8c9f8b6
00c8009e
0740fd89
00a6fd24
062305f7
019ff95e
f58beea1
fb8a0877
ffbc0129
ffe6fd82
ffb40524
ff12fbaa
f9fe0780
fbcb0496
fdcb0389
f75c04d6
fecefc1d
f92bfe2d
fcebfdf0
047afb5f
f6f802b4
006b0802
078dfb73
fcdc0010
f9d6048b
01b20075
fe6002f2
f92dfade
ffaffe27
ff1a0447
fb56027e
fb74008a
0796fe6f
014501ec
f65e0d18
0369078d
066ffd6b
fe640718
f766f9e6
ff56f514
06f9037d
014e034e
fec20873
0053039d
fd34f983
fac3f5e6
fa05f53b
f938ffd9
0a4f028e
0624fd79
f5ae014e
f7d1fb14
f541f36b
fdb3fbc8
00f0fc05
fdadf913
01efff54
02e9fe25
07e3f9b7
071f00a8
01c1fee9
fe83fe6a
f44005e2
fb93fc35
09b7fab6
fecb0465
fc67045a
fd680094
053a06bc
07d20521
fa7d0269
03a70f8a
fef20815
01af01c3
06eb0081
fd63fb08
061ffd62
00bbfa97
fff9fafa
04b0020d
040103f5
063af8b9
04a602ea
026403c2
fcdbfcda
fd150cf1
01960256
01f4fdb3
f875fa93
ff75fd77
029d08ee
feb3004a
0a4f0425
001d0197
010fff80
05ecfbf6
fef7f9ce
05690239
0285013b
03af00e1
0d13feac
02470136
f92202bf
063103ee
02bbffff
ff41fc78
04c8fe35
00acfe47
05dd076c
039802cc
02a2fe2f
0659fb45
00f1f81d
fd8afd36
f841fd61
f53c0117
ff5dfeb8
fdddff8b
fd1c024e
089e049c
fb2d0388
0330fa5d
0a7d0072
fea9011e
0404fd9e
fb030235
fd8dfc72
0000005d
fe0afb9f
0749f914
f9bbfd22
0217023f
0998093c
04df00c1
0b15fd35
04cdfda1
f8d7fd3a
02df023a
03fdfdf7
ff46fcb1
febdfee7
fa0afd0d
0401fdb5
fc51041c
02040011
0a0ffade
001d050d
091a07ad
fdf30276
fd810149
0888fcba
04bafb04
ff84ffcc
0063fa50
0a390196
01360155
00e8f555
01380463
fcea098b
05e609ce
0379fc26
0024f9d4
fce20817
fc42fad5
0039025c
0082ff30
004cfa24
fe3c0862
fbb707c2
fc4f0703
fd8e0308
fb1402de
fd800292
ff08025a
ffedfee5
061301c7
045efc9f
04e6fb5a
06c20b51
fd4cfc0d
fd38fea3
015cff76
ff3bf81e
fc7b03c7
f8adffd3
01f90422
071301e6
06b8000f
00dafd88
f474fc34
ff990317
020d00f7
f941033a
fd5affe9
035e0703
05a306f2
042800ce
0588076f
04fffeec
0429f79b
047bff7d
0578fa9d
ff77f779
00110734
042ffb87
02d1feb0
06d5048e
f897f8d3
fa0a0491
002bf776
f903fea7
ff940b9f
f9b1035b
fb5d02e7
00dcf65e
fa19fb56
f7cdfe6e
03aa01ff
0617028b
f9b90073
003206ca
051cfd9c
0c4afc3a
088a0000
fe1b07d4
03c9011a
fdb8fcc3
fc6e0235
01c4fee5
004a0e60
f98f00fb
f752ed82
f774faf7
fcf3feca
03a3fddc
ff700429
032a02d5
ff2bf9b6
05f6fcaf
0928fc2a
fc71fc2c
01e00213
fb5efd7c
fd31fb7a
fe120525
f7f608f8
04fbfce9
fe170437
fca80529
030dfa24
fa00fe89
0177fa5c
0617022a
044402f4
048103c7
fd7909c1
049af818
016ffe05
f81a0517
fb60ff54
f97dfda1
005bfad1
0343fdfd
fcc8fb51
fbeaffa5
05a1f6cd
046ff7e9
039e09da
0e32fc09
fcbb01d7
fbcf069c
fd11f763
f624f99d
078af7f5
ff31023a
f97a05d5
00e1fdee
feb5063c
fcdd045b
f997ff4d
fa7c004d
fdde02f8
07970116
07c7fb4a
042e0552
062a06b1
fdecffdd
f835fbe4
fd7cf21c
fa10fd60
f7c403aa
07aefdb4
03a406af
fe9304b5
0751ff5e
fedcfe05
fe0a0183
019801a9
03a5f72a
fe06041b
f24e0651
ff91f87e
01eefd3c
f6dcfc08
fd9dfc41
05bc0569
06c4050e
fc08fa2c
f7260163
016207f2
025bfa03
f7b406ee
f68a04f6
fd4dfcae
f76a0a62
fb57fda7
045300de
03860121
0328fbae
fa280418
fcfbfaf7
00e90268
00640418
ff3b0353
fb02023f
04ecfe61
fd290791
fab8001e
004a05da
fa8f006b
0675fbb6
01c503e6
f7befe57
fd6e07ea
fce20305
fc52055b
fc6504df
fde4fe46
fd1e02ba
fb9ff5f8
ffa6fde8
00130197
fcc6ff7a
01a2fdfb
01b4f8e1
faf7050f
fd5703ae
fb90ff64
01f4fca7
071407cd
fe370acb
09cefa4f
0cafff5e
076cfc0f
085afd40
f5b6fe79
fb52f4f2
0c700037
000a02cd
fbf20220
0eabfe4d
0aaaf28b
f35c00d3
fca102ce
fe29fb18
fa290528
07f5ff13
068ffd2c
0349fdfd
ff0efa2b
031d047f
041e0442
fcabffcc
f4410392
f6dc0117
098ff863
fe7dfcce
fdbc029a
02e2fbd4
ff41001f
002803a9
f50af8e9
01c3f7e0
0000005d
fe0afb9f
0749f914
f9bbfd22
0217023f
0998093c
04df00c1
0b15fd35
04cdfda1
f8d7fd3a
02df023a
03fdfdf7
ff46fcb1
febdfee7
fa0afd0d
0401fdb5
fc51041c
02040011
0a0ffade
001d050d
091a07ad
fdf30276
fd810149
0888fcba
04bafb04
ff84ffcc
0063fa50
0a390196
01360155
00e8f555
01380463
fcea098b
0b380d44
fc43073d
03befeb8
078b04e1
f659053a
fb5afede
ff8fff99
fe97f79f
04d5f76f
0128fbee
ff8cfc25
0cc7032b
016aff5d
ffa2ffb5
0e9503ad
0333faa0
00120542
04f40b0a
04ee053f
010301a4
fb15fe02
fb2102d7
f910fe32
00a5068c
03cb0451
ffd5f574
0807fef3
06cc0396
fe8103ed
fcc5ff41
041efbe4
0bd2fe58
07290051
066e070f
ff4f04c6
faf3feb6
0641fffe
05dbfdf9
01d7f924
ff9af967
0060f88d
0335feb1
0509fe50
067efbdd
fdc8fbb8
fca5f620
001d044b
fd410229
0187f7a0
063dfbdd
fd32fd8b
f6b001b8
f9f9fd16
f723fde6
fdf7014a
060bfb76
001cfc44
009404af
0421fe98
02a3fb88
fd0f0345
fa71ff1d
01e401c6
0572008b
088901f5
07d30472
fc380091
ff5b00b6
fcba0076
fcfafecf
07cdf9c3
ffdd0902
06f20183
03e0f922
f65c05f1
f7550015
f96505cc
ff6ff9d3
f7ccf74f
02ee08eb
070b036e
fc86fb31
03c2fd76
fdf4072b
01a10865
02900685
fe23feee
0372034d
02840819
01f902c6
0283ff5c
028bfc87
fbed065f
f8acfec1
fa22fbe4
02a1fcb3
00f3faf1
f9df01fb
03f0fff3
fea70051
0106ff3a
075106b4
fe64fbdc
017ff9b4
013b0677
fdf40114
fe61fe29
fd7bf323
0402fdf1
0938fff8
0343fc13
fc590376
f6a3f905
f86bf942
01bcfe4c
078307ec
01cb015b
f948fcd5
ffc00268
f8caf959
f5e9f975
02e8ff80
fd260423
f92afb7d
ff9d0402
02810c39
f972f9c1
faaffe45
03540a23
042600af
0aa9f770
06f3ff1a
ff91041c
00ba054d
077500c3
02acfd82
f96f01be
fd2efdad
02f5021c
067202ae
016901a8
ff8a02dd
fbd7fd25
04240278
0434082e
f77e0170
06f9fb6a
ff9003af
f94b04cf
0039fba2
fe4ffff0
035b030a
fad5fe79
fe5a03e8
004f00a1
01b3ff58
019c0549
f92cf7e6
06fdfcc5
fdf0ffdd
f5adfdc9
fff40644
016dfd7c
03bb009c
f4c1048e
f702043d
ff90fc51
f70cf509
0063010e
fdf405b5
f8bc0682
fd88feb3
fbc6ff95
fb10043e
fcd6fe05
083b0061
004e0394
febd01ad
03f1faa4
f887fd00
065b051d
033f0161
ff66fada
0213ffdc
f75bfe67
02a4fe28
0221fcd2
036af20e
fdf80327
f9cc0077
030bfba7
fb5906d8
0603fc25
ff440137
f822ff38
02e2fde7
fbc805a6
069109a7
0a3b08ea
ffa1fb35
fd88f7d5
fcc2f656
fce9fccc
f8affb49
f4e101ac
fe14035b
0728eec1
fbb402b0
029904a4
066efcb6
f56d08c2
022efda8
05c9fb8c
fcaa0490
ff660808
ff27f755
050ff31c
07e6fd67
0397fd5d
01f805c5
0191fe49
f8d9043d
f4cf08a0
f91afd89
fe6b05b1
0a4c0419
0a140604
ff76fb43
f644f51b
fb1e00cd
ff00fdc7
fb91050b
07e900c3
0396fdad
fb4300c8
0031fca7
056efd5a
08ddfb6e
ff7300b8
f951fd22
fead0064
06a0013f
f9eaf843
f8d8fec3
03040198
fd600038
025cff3f
f9010951
ffc9064a
059e006d
f7b8017e
ff59f68a
ff6c06fb
05dc0adc
fc71fe0d
faa00769
0b380d44
fc43073d
03befeb8
078b04e1
f659053a
fb5afede
ff8fff99
fe97f79f
04d5f76f
0128fbee
ff8cfc25
0cc7032b
016aff5d
ffa2ffb5
0e9503ad
0333faa0
00120542
04f40b0a
04ee053f
010301a4
fb15fe02
fb2102d7
f910fe32
00a5068c
03cb0451
ffd5f574
0807fef3
06cc0396
fe8103ed
fcc5ff41
041efbe4
0bd2fe58
01140033
000d00a3
fec200fa
fc6bfc52
fe9efabd
00270163
034aff72
fea20681
044504ca
0890fea8
0441fe77
0195005c
ff2e045e
030bf836
03cef845
ffcb0510
00b8fcf2
02f1faa1
f94a0719
f99805af
f9fd03da
f6c707e8
04980686
ff390154
fc25fd85
00bd0289
fc2105a8
fea901d4
ff12fea5
00f7ff09
fcf7001f
fe9e000f
0a53fe1a
0a590339
008c00ca
00eafacc
041f0ba0
ffc5059f
04befcad
003503ba
08f4fcb8
0d5c018c
fd62040d
038bfe17
fc26fc39
fc8e0604
032409c4
fed3fec5
01c9fe91
fc6efda5
06ecfdc2
0941f6f3
0125fbaa
fea606c6
f5eefbb8
f8e30301
fde60c00
00a0044a
067ffea9
0aadf907
0600fb4b
ff1001c9
f8c3fa39
02b6f800
0e300620
fdb10192
f7a400af
fad909e0
0049f8a9
f731f1d3
f5dffdd3
09acfdef
fce4017f
01c6011d
027dfeae
f587062e
00e80333
03d30557
04890606
fcebfcd6
0482fda4
025a014a
fb780630
11a300b1
0812faef
fabc01d4
0471fe9f
04c3fbb8
f7da0375
f7e104cb
fc740046
fdb8fbfe
0502ffb6
fbe80539
0100ff70
018bfb32
f4effb42
fe42fe78
036400ba
004f005a
006cf59a
052cf52e
04eb0522
05f7f938
ffccfd65
fca3047a
0199ff40
fc7d02d1
0490f6e5
fdeb0709
fd290985
08d2fe25
ff63050f
00d4fdf4
0045fb71
000ffd56
015f05fe
01440206
04fcfda3
fbdbf9cd
fc28fb4a
02bf05ec
fd57f967
fc6cfe55
02ceff67
02bafaf5
02cbfb4d
01f0fb76
fda8043a
fe95019a
fbc409c0
fc8b0135
0094f854
f940fe01
f9adf7f6
04d2fd61
03be05b5
000400b9
f9fdf784
f7b50003
ff2c0395
fb810385
f6100caa
f69a0a36
0392ffc0
0456fe08
fbfa00eb
0029fa2d
fc63fd05
02b8fba1
009700e6
ffcb04b6
0508012c
fd190b59
fed6fe3d
f7b8000e
f74105b8
0256fc85
0c25051c
fffa0576
f140fb93
ff2bfe01
fd860599
010bfaea
ff5efdc4
fbb6ff1d
056efbb0
f78c04de
f5e60185
011d0136
018eff21
fe6c01d3
0301fd23
08d0fe4f
08850518
0559f9f5
fc17fb5c
fb53ff8c
fcd20246
fff5fb45
00b00270
ff9a048e
0266fa74
fdcd0540
037df9d7
0b23017e
ff280f29
ff5fff8c
0590fc56
f38f0369
f8f00420
fe58fb46
faab0219
08c40801
fc51046f
014d0709
05d1ff83
f8f0f93f
fdd204df
fc91fc1a
05aefa7d
012911e7
f9e6ff03
022cfe11
fe110311
fa7df752
05220947
04a2fb52
f5f1f538
07c60046
07e2f8f4
fb3fff89
08370784
fde803e5
f830f9ea
ffecfd03
feecffb4
fc6b0177
fe870966
ff880431
fb5bfaa3
fa99f6ef
f9b803dd
f90b09c9
0051f95c
0b6ef572
fe01fe16
f9bdfcdd
0139fc9a
fa0a03e1
ff76fa65
f71af7a2
fbd5057b
045efaaa
f853f8fc
0331012f
023a02e3
01a7076b
0247f5d9
f9e7fdf3
06890248
0a65f9f0
09d30965
fee2f603
f5d5f875
067104b9
0327f7f3
025a0213
0a8209ab
0239054d
00d3f96a
0216fc16
01cbf9ba
fc75f828
01ae07c6
0aec032c
01140033
000d00a3
fec200fa
fc6bfc52
fe9efabd
00270163
034aff72
fea20681
044504ca
0890fea8
0441fe77
0195005c
ff2e045e
030bf836
03cef845
ffcb0510
00b8fcf2
02f1faa1
f94a0719
f99805af
f9fd03da
f6c707e8
04980686
ff390154
fc25fd85
00bd0289
fc2105a8
fea901d4
ff12fea5
00f7ff09
fcf7001f
fe9e000f
fe69fb63
ffa802ef
03e2ffaa
f88d011a
ff3902d0
0689f9d3
ffecff7a
01e60017
08befaa0
02c3f98b
00290909
01210377
fe73f02b
02d5feba
fedaf714
0160fb11
073d0107
fd6ffaa4
fd3707b8
04c6ff34
05cb0437
01fe06d8
ffa3ff91
03260143
0458fa7f
fd24fd15
f7f4fd81
fb3bfbb8
fd5cff9a
f8c300e8
fc68f9af
0191ffc4
fc1803cb
0251fa71
0344feee
fb3a009c
fd5e0176
ffb7fd6f
000bffab
02db007d
0933fa44
02cc0392
0332ffa0
054ef8e4
facbfbc7
f9150597
f79107b3
ff9c006d
0130027e
065300c2
08c1fe2d
f78efc5d
061602a7
0b8c0170
00e401a2
06d705f3
0299fb1e
fdf40343
01f90107
0779f645
0be100c4
082e0332
fdd4f92a
059cfbe0
04260599
f34df470
fbc8f961
fdd306b9
fe92f7f2
02f3fdfa
ffba04e2
052709e4
fadc0397
fa46fcc2
074a0df9
02c804d9
066000bb
0506034c
fbc4faba
ff8bffc0
00c4006f
fdb80592
fe2f028b
fe2a007d
f809062e
f8f80107
000afe6d
01f1fb2e
00e8ff0a
fb5cfa73
fc65fbb4
feef0528
0336ff27
02c500f2
f84503a8
ff3f04eb
0560fc35
012afc50
00920510
f8ec025e
f50b0016
0140f507
0507fd55
0047014d
fef2f886
fe48fbba
08c6007b
ffde03f1
fc3cfcce
0b1a0403
00d7ff25
056ef921
028702cf
f2cdfd2b
fce804a2
feda0a7a
05650616
0eb9ffc1
03e701e9
00b500fa
0087f4c7
f6ab0138
f87e0845
fbcdfe4b
fbedf5c8
0043fc2e
02bd08ca
08b6fd0a
037dfa7e
f6a809e9
f5e507d8
fca6ff34
fe06fa05
fe48fbc6
02420343
03a6fcc5
014805e5
fdf3075b
077bfbbf
fffa03a1
f6cbfeb0
04170779
01060360
052efa18
0559058f
f72bfe1c
f7ecff5d
fd5cf9ff
04d6fc52
09890140
055a033c
f77c0a2b
f324fa30
fed000eb
066105e2
061c02b7
fe740025
f77af773
0086ff97
03ffff0f
fcf3fc35
01b3fe4f
f8b5056a
f75dfcc1
fbb2fd94
f31604d7
00a5f587
008108cb
ffc2032a
0879f0bf
fab0fd89
fc97f7e1
05eaffef
01da046a
00fbfdf3
fa9b0761
fa5706a0
07c4f9e4
0598fea3
fe9c0353
fa2cf83e
fd78fd75
02affef0
ff34f71c
066cf5a2
05a90065
04a40c72
f80d05ea
f6e60636
08f60332
f8df0391
fc65052b
0048f2d0
f6c3f135
fba1016f
f8f1074e
fa93fb21
fbeffa0e
054c0305
01c80322
f86f03f1
ffe5ffd0
03450025
04cb008c
fe49fee9
fff7fcfb
0377fd57
f7c005d1
ff4c045d
0ad3feb8
fb23f960
fc96fc45
fedf0240
f7a00223
05c7045b
04dd0066
02d5fab8
f954f848
f68bfeff
031d04a5
fca80134
fe40f753
f940f383
fd4802e2
02d903cb
0591fe82
088c01f0
fd02043f
01470473
f9b3fdf0
036ffb87
0741fd2a
fac901ff
06210196
02890631
0a170aa3
febc00dd
f57607b7
fff00b8e
f4a1ff97
01f10485
05810a09
01b6fdef
06b0ff30
feca0295
02affed5
01230668
000504e4
055b038d
06660285
028d021b
fbec0558
05edfce8
0367fc1d
fbe90004
0544fbaf
fe69fb63
ffa802ef
03e2ffaa
f88d011a
ff3902d0
0689f9d3
ffecff7a
01e60017
08befaa0
02c3f98b
00290909
01210377
fe73f02b
02d5feba
fedaf714
0160fb11
073d0107
fd6ffaa4
fd3707b8
04c6ff34
05cb0437
01fe06d8
ffa3ff91
03260143
0458fa7f
fd24fd15
f7f4fd81
fb3bfbb8
fd5cff9a
f8c300e8
fc68f9af
0191ffc4
07d1fb9f
07c8fb60
f9e305f1
fd280408
04c8fb3a
fbf3fedd
ff8900f3
02b8f823
0b3cfec5
00d808e0
ff43fbcb
0c02fbd1
f6470575
fbc9fc3d
0322ffa1
fe240000
021c0027
fd3cfdae
05d5f3f8
0872056d
ff89fd0d
0267f7cc
015a02df
f766fe5a
006800d3
022dfd7d
fd74028e
0014f508
f7d4f6d5
fa7901c9
0288fa6e
0a3808c3
03aff95c
fd50fb34
f9e30547
f75dfabb
05f30165
fb5a00cf
f84c06af
fea8010d
fe25048c
0327098e
fbb1fe7b
fc79fdd5
0268fbce
01b7051e
fd020066
0556fcd4
ff9f01e4
ff22f9fd
118ffae0
fd05f873
f9b4fc1e
06060746
072906c6
061c057f
00cd05e3
06c3fed0
003a0302
00ba02a0
048df644
046901f6
0700fed2
0320f8f7
06a90604
0660fd57
0058ff0a
f8fb0a32
fdd101b2
0212fcaf
fc01ff19
fd4f016c
fb4d031a
ff2c0197
03330152
fade0326
fc0902a5
0855fe7a
00d70139
fa660503
07fafd89
fec0fa78
f72affaf
01b103cf
0000fb2f
0205fd9f
05600e17
fee006ae
004a0109
08b2fdbf
0786f744
fcdb002b
fe7705e0
01400459
f74cff3f
014dfe94
00a200a2
fa0c0335
0bca0207
fd18f83d
fcd8f8a3
1144f91c
037af993
0549008c
01020071
f234fac2
f724f126
f420f571
fa25ff9a
05bcff95
07ad0428
06e6fc96
faaffd1d
f9200adc
05820753
03ac0851
fcfc0129
fc5a00ec
ffac088b
00bdfe9f
f55c044a
f8310329
ff82fdbf
fd32025a
09950126
ff0f029a
f6610003
04870126
fd3e0503
04c103db
0904fd3b
f82cff8f
faab034b
fbeff79e
fa23f8ed
04eefc43
03d4fd02
fb050047
ffdafacb
fed8fb90
fc83ffb2
fe48fe60
01b7fd42
03b0ff24
fa19001c
ffea0224
0619ff8a
0654face
08d6fe3d
05be02c3
006f0699
f4e608a2
fceb081d
080b0155
04b302b9
fa6a070e
f810fe97
ff12ffbd
fb30028c
050701eb
001c00f3
fdd0fe0b
0982fcff
fcdbf87a
fb23f9b7
f691ffc6
fdd9057a
00da01c9
f1f40169
02e501b1
01ddf74d
f85100e9
fa8400f6
f8bbfcbc
ff1b0252
fb5bfa8a
febe0396
00a5058a
024900a7
09abfdb0
f886f5c6
fb11ff5e
052e0035
f8340465
fc3eff78
021dfa4c
fc570925
f71efda8
f96cfa11
07a9fd37
070efce7
fcf701a0
ffaafe6a
f82b00c2
f719fc36
026101c6
0019ff4c
0415ff8a
01240ebb
fe94fc9c
0250fe70
005b079a
0329f993
fc0cff85
014cfefc
0780f692
0894ffe6
00f20793
f43b00f0
06bffcd5
0605fe6b
fd58fb76
0250fa2a
029ffb83
fae6fbbb
fbe9fea8
04540450
f4e606fb
034e049f
088708c2
01e10aad
0670fd29
f89efca4
032a0185
fcd6fd78
0034fe9b
0a2cfc9f
fbcffcbe
016f0173
01af03fc
fac3fccd
f181f678
fd29fc49
08d903f7
01e50707
fa4801a4
fba10747
09570673
f880febc
f6cd0459
01e50134
fb3bffbe
fda9ff1f
fbb9ff91
ff42ff1f
074cfacf
06bc03ce
ff89099e
0699066d
0c4effb1
03c4fa1b
0097fdc1
fcea083d
ff9d07be
0361ff66
03b50031
07d1fb9f
07c8fb60
f9e305f1
fd280408
04c8fb3a
fbf3fedd
ff8900f3
02b8f823
0b3cfec5
00d808e0
ff43fbcb
0c02fbd1
f6470575
fbc9fc3d
0322ffa1
fe240000
021c0027
fd3cfdae
05d5f3f8
0872056d
ff89fd0d
0267f7cc
015a02df
f766fe5a
006800d3
022dfd7d
fd74028e
0014f508
f7d4f6d5
fa7901c9
0288fa6e
0a3808c3
fe90f9e5
04eef817
01bff9df
fe9a010f
09e3fca0
ffc602db
01b3fd63
0d26fa49
ff2e057e
fc09f6a5
00f6fe51
fece09fa
0280ff4f
042cfb87
faedf90e
fa90fd1c
feb9fd20
fee5f42d
04eaf1ad
0105fa3a
fe220743
ff41052f
0241f935
051ffe54
036603d7
072f0568
fc62040c
fa7bf90e
fdb2f833
f972fad5
04990204
00ce0161
fa830195
0201ffed
07ebf6a2
02da0680
00700271
0d7efa9a
0324fe55
fe10ffd7
0b2f06d0
0212f5ff
027bfc24
01890882
f61dff65
ff33fcbc
ff7bfe0c
051e0291
0623f5b9
f2ccfd58
043706a4
034efa20
f341021d
04810288
00d80083
029afc35
0286febf
fac10b91
0627043a
fd8b0452
005601b4
06ae01a8
fcf400be
06d2fcfe
075b03b0
fec4fa8f
fd6e00f8
fe2a03f1
ffa904ca
fcd906a2
025bfb78
06870004
feebfe8a
f8100c71
fafe04a3
ff62fd4e
fdaf0aa1
fc87fdad
ffa2065e
08c4008e
02f3051f
fab60979
032bfb18
04c004aa
0521fcc7
0566ff42
02a2fdea
0392fba2
0436fad4
fca0f5a5
f4d3feea
0240fefb
09b00320
fdc9fc19
fbd200fb
014004db
032a00f3
034f04ae
f7f7fcdf
f43901b1
0107fda6
fd29ff26
fcd8fe90
02c4fd02
0066042e
0475f496
0299f60c
014e0213
ff3bfb3e
f935f6cf
fea405a5
039d072e
fe5ffebf
0381fee1
095000d5
fa1102ea
fd33fb01
04c5087b
fc740ab8
0325fcbe
0239ff7e
004ffedc
07fcfdd0
fedbfe9a
fcee05c0
0160068c
fcfe035c
04c4fde5
fe46010c
f8cf041c
061f00cf
fb9409a1
fb8afeb4
001ffdd2
f495051f
fcc5faf7
fda6f9df
f54404e1
fda80834
02240592
fb86074b
fc80f9cb
06f8fb53
06f1fcb2
f90bf929
fb4afb95
0055fa6b
fddefdf8
01dcf18f
f89d0267
03eb0a27
096cfe7d
fa35013f
0301f75b
fc8cfa22
0133fc9a
091505ba
ffa40151
ffd4f666
f510fb59
f50bf776
f958fc36
fab10262
ff7c047f
01eb0216
042c06dc
02f7008b
0304fbd8
fb220337
fdc6fc43
fcf6007c
fbb70557
07d60570
0139faac
fef800b9
fd4c04fc
fd52fad3
05ca09fa
fe63fe22
f897fcaa
fa6404e6
faa5f971
018a02cd
0c400775
ff56ff69
fe42fa5d
0f20fc69
fea9fb23
f795f746
0418fa29
04e90787
fc63072c
fa8b001c
01a203e9
001dfd66
02840078
fe3501e5
fc38fdfd
fb5dfa16
f849fac5
0585fca3
fcf1fdcd
fbe40cd3
fee1039e
f5650135
01de02d5
fbab017c
f87808f8
0405f936
ffcff42e
fc17f52b
00e200cb
0b360450
0a0efdc2
062908c3
02e9fd64
fc9dfa80
fb210210
00d9fcbb
046800d4
fdb002b1
faadf75f
f97af8ce
0103045c
046d0237
039a02fd
024b032b
fbb40164
fda503b5
f4d304d9
fe3302f3
ffc70148
fa8d08f4
0e1f08a8
fb1902a8
f4ac039a
fd9b019a
fb40fe02
03f1065b
005d0e80
098e02cb
0bfbf8c2
022803b8
01570995
0592013e
04b30270
f681023e
ff5dff98
05140059
fd910120
00e20446
ff42fe33
01eff89a
fedcfe83
fb8006c7
003d007e
fe90f9e5
04eef817
01bff9df
fe9a010f
09e3fca0
ffc602db
01b3fd63
0d26fa49
ff2e057e
fc09f6a5
00f6fe51
fece09fa
0280ff4f
042cfb87
faedf90e
fa90fd1c
feb9fd20
fee5f42d
04eaf1ad
0105fa3a
fe220743
ff41052f
0241f935
051ffe54
036603d7
072f0568
fc62040c
fa7bf90e
fdb2f833
f972fad5
04990204
00ce0161
00210142
046202ab
01b50229
f59b0e1a
ff16fc95
02d4f7f8
fa760859
0348f850
01c6ff08
f9d601dd
fdcdfdbc
01b8fb00
0448f639
0f610015
0594fa9e
f88702ca
08da01c8
09e2f977
034d0041
02cffc9c
0289fb6d
0069f3a4
f8c6f513
f99503e7
003d05ec
08f3fac0
0742f3a2
01d6f959
fe6c01d7
05b405ae
07a80570
fc0f03a7
0544fd78
03a002ff
015302f2
01d9fdda
fbe903e3
06250387
fc7a05f3
f637015e
03180082
fb950411
f554ffbb
fdff01ab
f91205b2
00110737
07db0027
fb7e02fd
057c016e
06d30329
02c10de7
0106fd2e
f9c2fdf0
05500309
050ffdb2
03200436
02e803f7
fab609b3
010afe34
0888f8cf
027f0abe
038b0174
060efa7f
ffaf020c
0279024e
0241fee4
00b8fed4
0085fcaf
04fff53b
f9bbffda
f2c4070a
0606020d
f9190141
fbc2f9d5
02c8fc0d
feaf05f5
078c00fa
fa25f930
03e4000e
0a6b03a6
fd44fac9
fc70f9a0
003b05b4
fc230790
f9a2fb13
033000bd
f9d60180
fee7fb9a
fad2016d
f46a0168
04df07f8
f8fd026b
fc52fea2
01d10459
fb1bf6fb
03d1f66c
0746fc86
068cfd2a
0221039f
fdaefcdb
fe7ff846
036d079b
07c50872
05c3ffa1
fe23feed
003afc99
03c4fd95
fc4cfe8d
fad9fe9b
008cf9a6
0720fe3f
069e0324
fed7ff4c
fdc7012f
062cfd65
fb6705a3
f11b038e
fe49fcdb
07b6000e
093bfdf6
ff110065
0381fcdb
08570940
015f0229
030bfb6e
045509a7
05adfa68
fa84013c
fcb508dc
fef1fd51
ff85fb6a
017f004c
f5ed05ff
fcdafee5
fbfcfd8d
fd04ffb3
f5620022
f561fc16
02a2fb2c
f6d0ff3c
02dc0239
067a0077
0049fb9f
fb6806da
fb6f05ee
05ed041f
fb4f0211
057df31b
05caf38b
fb59fe1e
fba20392
f7f9fe36
004a0358
02e7fe1e
06cbfce8
ff900312
fa49f789
02880076
fbb8fc57
f7c7f70a
f83501e6
faffff25
0291fadb
026201f6
fe660421
fa84f7e5
fab606a3
016efe0b
fc75f51a
fa6c0a39
035b02e6
04e0045a
0328feeb
fd3300a2
01e4ff1f
02e1fb65
fde90df6
059efac3
088ffe3c
07690301
febcfc32
fdf40b0e
00d8ff8e
fb990106
ff6c00d5
01cefc55
017bfd5e
005efa6a
fef40578
f93705a9
f4b00702
f98803a5
fe2902c1
ff5a053b
f97bff64
f9340313
fd6efe97
010b017c
0133025f
f967fac0
fd94fbf1
008b0125
fe6f08bd
09f70029
075cfc48
fa56fe79
024afd55
04ac0229
fd2f014c
01c60162
05d5035d
021cff67
fcc2f735
027efcfe
01ec0338
f4580273
f84906f4
feaffac1
fe9bfa7a
01d00695
ffe1ff4f
ff4306af
00b70d89
fc03fb47
fb42f9fe
06de06ed
06f407ab
fd760262
ffd7fe04
fbbdf93a
f991f87c
ff3004e1
003f0274
0587fd0f
00b9001a
fbdefb7b
058101b6
0817ff41
01300225
fb3afde6
fc80f294
fffe029c
ffcd00ba
ff6e007d
043103e2
078e00db
02aa030a
04d2fd97
05ebffee
fda1fb6c
0327f9c9
048b01c0
f9070269
fbeffc87
fee8fa1a
fdc7fcfb
00210142
046202ab
01b50229
f59b0e1a
ff16fc95
02d4f7f8
fa760859
0348f850
01c6ff08
f9d601dd
fdcdfdbc
01b8fb00
0448f639
0f610015
0594fa9e
f88702ca
08da01c8
09e2f977
034d0041
02cffc9c
0289fb6d
0069f3a4
f8c6f513
f99503e7
003d05ec
08f3fac0
0742f3a2
01d6f959
fe6c01d7
05b405ae
07a80570
fc0f03a7
0810000e
febe02ae
fff30003
073affdc
02ab0135
0190ffce
fb39ffc2
0144fb5e
01cc05d1
00f0ff41
0578fb81
f84d0757
fc7e06a2
0253009f
fe61fbce
fb41fd05
f9b9f96c
01c70150
0018fe84
0404ff33
03800984
04bafd77
0aef01a2
fd95017d
ffbd017b
fe9b0876
fcf80293
03f0010e
f7280476
f48f025a
02c5f8a6
0cbafde5
0af5faf1
07b7fbb4
0313ffd0
ffbdf722
fce3068c
fcbc0342
005bf96c
fb9405df
fc29fdcc
f65af57e
fee00131
035dffc0
ffb2fcbe
0c220445
00c7fd1a
01e40055
fa7c0413
f7abfecc
038900ca
fde5fe44
059afe05
f59ef976
ff84fb8a
0ca90399
fc06ff42
fd26f935
f5dcff31
f7cf04e9
f5e9fb42
0265fb6d
0e84043b
04f204ad
0ab400cc
063100e9
fee00042
058c0021
08aa0a33
fa010c5c
fef60050
040cf287
fe5efced
02e40aa3
f66c0116
fd7d0026
fdc503ab
f8ff01cd
00b805d2
040002c9
0bd4f9dc
fd82070b
01d808b8
0687fb00
ffd301d5
01b0fb88
fbf9fe9f
09bd0bf3
022e00ad
f38df92b
0082fd4b
044e0324
ff06fddf
f772f809
f889f808
016cf94a
03cbfe1a
004afd3a
ff7a00cd
01470611
020d0715
0258010d
0039f68d
0264fd7e
feb204ac
f8f00168
011dffc5
0116fc67
0010ffa1
011f02c1
0118010c
082ef9ea
0332f429
0711ff77
0034016e
f6dbfe56
064efdda
00ba0019
020b0193
057ffa21
008e03ac
ff22ff26
fc25ff1a
06c00436
05f3f974
023f08d6
ffc10362
fe67fa76
f89201d8
fa5c0379
053408f9
f8c901b9
002200d2
0392faf2
01e3fa5d
01a3011b
f383012d
ffb40799
05c9fe29
0960f96b
058a0601
f94507e1
fcbef4a9
fa6bfa60
ffb90a6e
0536fab6
0037fab9
fd3cfe41
fbec03ca
f68602ec
fa71f8e0
fcb70918
fb4dfeec
0083f91c
f9ea0881
ffa6f7f6
ff5bf999
fbeb06f7
0274027f
fd76038a
006d0144
fd3efe72
0073f951
02ec0229
fdf30992
032bfa2b
fee4043a
00ee013d
fe0bf843
fb8b089d
ff9906f7
f93fffda
0088f98a
fb760504
f40c03e0
ffb1f766
fbc100bc
ff1bfd57
ff25056b
fb4a076b
04080542
fb6c0384
fdebf393
fe0dfbba
fba40147
03880327
fbb705ad
fe0902a8
f768fd99
fa14fbb4
096bffcd
ff31fccb
fec90629
0394fc4c
005bfabd
fb5c0d22
025400f4
0b3dfdf1
fe7600d1
f5e5004b
f7fffe2e
fe15ff0b
004701f2
0192fe17
06990660
ff4d002a
fff2fe05
ffd8ffa0
f5abf1d8
0115fb08
fecc080a
fc6dfe84
0481f8ae
f6460086
036cfb26
037ffda2
f3d206d2
febafd9e
0072ffa0
04f4027e
f766fb8d
fad4fe4f
0a8000fd
fa70fa6e
079701e6
08d9018b
fb12f73d
07560349
037400b4
03ce0005
0b5506f0
012afcd5
04a9f90d
08bc00c2
035d0952
07b10187
039cfb9c
0021fe8b
fe67fddd
0043f9e9
0409033c
00110a61
02f8fa17
ff7eff37
0199ff82
fdf6fb9d
f4560431
fbcafaac
fff9f8f5
0666fdf1
022c0396
fd9a0702
065308f3
04bd03ec
fc2bfe17
fed502a9
0810000e
febe02ae
fff30003
073affdc
02ab0135
0190ffce
fb39ffc2
0144fb5e
01cc05d1
00f0ff41
0578fb81
f84d0757
fc7e06a2
0253009f
fe61fbce
fb41fd05
f9b9f96c
01c70150
0018fe84
0404ff33
03800984
04bafd77
0aef01a2
fd95017d
ffbd017b
fe9b0876
fcf80293
03f0010e
f7280476
f48f025a
02c5f8a6
0cbafde5
0263f63f
0409fcdb
06110453
07a6ff0c
070e0719
04a2fb4f
019cfd72
023a0203
f9ec0283
034403d0
ffabfe2c
faf200dc
049b00a4
00d00218
0505fc30
006001e9
ff840260
03c3fa21
ffdeff55
02befd25
021400e6
00adfd3b
03ea0141
00a1fdaf
0361f325
06e6ffad
ff47f8d3
06c3fc7c
ff1608f2
f6ea018f
ff1bfeb2
03ec030f
02bc0195
f43aff58
01f803ca
fbb1ffc0
fdf3faa7
0e9ff883
f55a049a
01ac030c
04e2f4d5
fade019b
ff8d05e3
fa48067d
01710556
07d403aa
06af002f
fd81f958
09220259
07e001e4
fc1c0763
05fa0481
ff0cfe23
fbc80769
f80bfc5d
fd88f943
09120038
fbcdfcbe
fa5afae3
01d2fc27
046c033b
07b10870
ff3ffec1
fe5ff8b3
0215fe7b
01450316
0a8501af
0864faf2
065f02a8
0381ff3b
fcb0f8b9
018c0485
01310434
fc2105fe
fcd908d0
0a3c0819
040dfe43
ff0cfcb3
fe8e00de
f718f8fe
03c00269
f97ffc94
f50dff3c
f70f0abe
fb9afe57
046901a3
f60b0503
fd7701e9
fd34fd6e
fd42fbb2
ff1cfc07
f66bfbd8
022bfc99
0382fa42
00e0011f
02b003eb
fd27fe1a
f79ff706
01d10243
03f902a2
fea8f55e
018902c9
fbd60582
0031fe08
fdd4f8f9
0026fffd
09ddfe13
0404fa01
057a0c89
03f60213
025800d7
09350339
02fbfc93
fbd203cf
0119fb1e
fd3dfc8c
034b0115
08e40547
ff06078f
fea9fd58
fffaf714
028ef852
fd6a0499
06140687
0287fe70
f332f70e
0840fbdf
051902e9
f606ffa3
f70804cd
fd3101fa
03bbfd1f
fe890473
02bd0587
03660096
004902d3
fe3c018b
f75c016e
fa190377
faf1fb95
f9fe0047
0abdfff6
0d85fd1d
feed0140
fcfcfda8
faf5fed4
fa4dfc81
fa2c00bb
ffbafe58
01cef7fc
faff01ff
faf4014d
f6df01fc
f2f60866
f8320465
032601a6
001406c2
0404fc26
0a0df4df
fe9309a1
f64f041c
f8c0f451
085efe47
0136fef4
00fc005f
ff140654
f37b027b
fe840710
fdf10205
08a0f80a
01300154
f97303a9
008d0616
fcbf085e
077afe9e
01ccfd8b
0254fd50
030dfb0a
fd1e03c3
fd6905dc
01e6f897
0718fa30
fb750309
0025fc90
0390f6ae
060af71a
03b5f934
faf4ff0a
0371043b
062f0088
ff240203
f5dffdfb
0073f8ab
f85200e4
f5b4ff5a
0ff0083b
fe1a052f
f852f8ae
0817033c
fbfafc8d
fd7efa94
050103ab
fde401f0
019bfdab
01e3fb15
fb500347
f8ee0083
f944fb44
fd3903e2
fad40205
fea9fc58
005400c3
ff2a053d
fae6067a
fadd0299
034f05d1
02a80a7a
0897fd46
fb77fa3a
f844ff17
06c8feba
0152fe13
fa24fe3a
fac80506
0c550000
00defeef
f5fe038f
02fdfd64
fe74fd46
0145fa96
002af5c7
fce9fd01
00ec0847
034f0539
fec7fcac
f930febd
fd11ff7d
f9f4fde0
f5ab0133
fe8e0762
05cc078f
ffa4ff05
02fdff51
035303ed
fe24ff42
04e40374
ff0f023c
f501faa5
fbd000c1
04d50609
056b0366
0493f7f4
fdb900c9
05af037f
0adefa66
fe350268
0263f63f
0409fcdb
06110453
07a6ff0c
070e0719
04a2fb4f
019cfd72
023a0203
f9ec0283
034403d0
ffabfe2c
faf200dc
049b00a4
00d00218
0505fc30
006001e9
ff840260
03c3fa21
ffdeff55
02befd25
021400e6
00adfd3b
03ea0141
00a1fdaf
0361f325
06e6ffad
ff47f8d3
06c3fc7c
ff1608f2
f6ea018f
ff1bfeb2
03ec030f
02d40a86
06ca031b
f8bafa16
066effe3
fc50fd92
fdd505b9
07d4031e
02d70840
088600b9
0974fc77
05730106
fcadfdef
06e20529
086001d2
f8720e26
03df0792
089cfcf8
ffd8fe58
088bf5b8
04a30548
fafe019b
0595fdda
00ce01c6
0168f8fb
013efae5
f74701e1
09ed04d4
0499ff04
f67e02de
03f5fd42
ff72ff30
fa4b0bed
06d9032a
062c0676
031504cd
0515f832
fec5faf4
0327ffff
ff310271
fd5a01e9
08df0151
ff0500aa
fcfefad1
015ffd23
030efe71
03caf72a
f9f7fada
fc65fe79
ff6700d1
fb0c0313
f81cfb1c
fe0ff508
02a6014c
013804d2
0bcef2d5
0790fc79
fd0b053e
f9cf037f
f7670414
fe9af251
fec9fe1c
0069065d
fdc0f931
02e6fa61
0de3f384
05a4fe29
09d70353
006ffb8b
f9bd0c08
04a40531
fce0fe28
03330774
050efc35
fe4cfda3
00b3029a
fe3c0005
fcf20357
fb22ff3d
fa03fb59
fa80009c
fc4406f1
f89b0186
00f4fcd2
0b24ff9d
ffd803ce
fd250536
05e70091
01dafece
f6f1fa4d
0164f98f
f8e701af
f347003a
07adf833
fcbefbf1
031c0224
029d05d5
faa0032a
0a4efcee
018a0418
015f0009
006a00be
022e05aa
06dcff35
02460763
06cc098e
fcb50165
ff52fd31
080a0755
062a045f
ff53f7eb
fcca04a3
059a0359
fb90fb0b
fbacff70
03e300ba
00e30292
fd630153
fe1bf57e
057cff3c
001b0978
010c01c6
fdaf07cc
f7a0fc20
0603fc29
0344fc36
f91ef78e
fc5e0347
feedf883
fd2cf8a3
fca0f875
f9190247
f998ff26
ff4cf91a
f52f0873
fb11fb2c
04bc08ae
f8d409f7
02bc030f
080900d6
fb3bf3fe
010c065d
0347fcef
f7acf74b
f658035d
f9c805db
fe5c022a
0773f87e
03b9fad3
fdf2fcc4
01ab03c7
01f106e7
00070591
fcadfee1
fff302e8
035703a8
fccdfc28
04ea0c33
096106de
ff29f9ba
0059fce1
fd9501e6
001300c0
0005026f
f8280393
0111fbdf
ff97023b
ffd2feba
ffd4f7dd
feacf5a1
0622fa69
ff95ff20
03a6ffa6
fdb305a7
fbfffc8d
075cfdcd
fd5cfd27
fb760526
f76d0d97
f8a404d5
fc6305fe
fcc2fd90
07cd025b
082afeec
01ccfa44
fdde0681
052d0183
00d7fb57
0165fc07
013f0355
eba70092
f8600122
fe0a014f
fd7ff8e1
0932fa3b
fcd0fd86
fd7c0006
05a4facd
0600ff08
fda10244
f6f7007c
02d20329
05cc02b1
fd810455
f8aa0066
fc7701bd
fbf0009a
f9adfc04
fe14fde0
fc49005b
0119ffa4
fdd0f932
f8e0f9dc
048e02c0
ff4dff2f
0430f387
0917032c
f3e90466
fbdbfb2e
0aec01b9
04d1f628
0313053a
0022068b
f872f3e4
faec0220
0237fe1a
031afdf2
03660504
fd5f0307
fa550309
0038fb22
06200313
01ba0338
fcacfd09
02c60256
feb9fbb7
0251ffde
00110310
f8fa009f
00a807d5
fcd0ffe7
01fcf9ef
04fb01f6
ff0e0156
013bfd60
0630fdbb
fcacf953
f12100e7
fbc9007d
fceaf779
089b0285
0a04ff03
fc81036a
02750742
002b0194
fbba0259
f32efc40
02d40a86
06ca031b
f8bafa16
066effe3
fc50fd92
fdd505b9
07d4031e
02d70840
088600b9
0974fc77
05730106
fcadfdef
06e20529
086001d2
f8720e26
03df0792
089cfcf8
ffd8fe58
088bf5b8
04a30548
fafe019b
0595fdda
00ce01c6
0168f8fb
013efae5
f74701e1
09ed04d4
0499ff04
f67e02de
03f5fd42
ff72ff30
fa4b0bed
04a0ff2f
0068fc08
002d02b3
fee6081a
f96afaf7
0050ff06
f68a0361
fa57fc6e
086afed3
fb79ffbe
fc5efe78
0293f651
faa8fb2d
01d50012
05940131
ff46054f
08cefe15
0440006d
fb50fe5e
0730fc75
000b02aa
fdc90002
0b7201cf
0965001a
0936f8cb
0adafda0
04c1032e
f8af0235
fe1100b6
06ccfccd
f84d0072
00030a04
0af50602
fe00fa6d
ff77fdc0
05030456
ff1c0478
fb8301e1
fd71fd08
05bfff0a
03d7016c
fdfc098c
01630406
fce7fd07
05a3036f
0627fd88
fbac0118
fd1df7c3
f1d7fdb1
f9cf0d2c
ff3bf9d2
fd7efd10
03b6fe2d
fd82ffba
096307b0
0999fde3
fee301ed
00a0ffa0
fec5fa25
fb90fe8e
fd890460
06fb07b6
073afd16
ff57f9ce
f4960351
f5380554
ff2801bc
06befee9
044404a5
01f20219
07d6fa4c
00fe04a7
06b5fc6f
04a0f996
016e07c1
06a70443
fdd3013e
fe59fd39
fd4dff21
08c1fb9b
032d001f
fd200ac8
043300c8
fb980005
0539fc91
f9e4fcef
faf70123
05effaa1
fd47f599
02bcfc29
f98a0421
fad4fc8e
0401030c
028005c5
01c10295
089bfd7a
0797f6d4
fc6502ed
02defff3
fa42ffd4
f64800c9
fdc8fe55
ffce0288
0835fe60
fe820152
fa8bfed3
ff07ff65
fbe6fe08
05d6fbcc
082b02b5
fe6901cc
017d024b
fc38f777
f926fb09
062e0714
ff34faf6
f7eff909
fdb6f9e1
00a0fa9b
01c50239
fee504f8
008804fe
0113ffc8
fbf2023e
fe40069a
01e80306
003b0467
0472026d
0620fe4a
fd13ff73
f9ddfc15
0455fbb4
02eb0293
f0f300d6
f6b2f80d
00fdfb2f
fcdefecf
0379f70b
020ffe8a
feb50119
0453f841
025b0145
04f205d9
fbf20881
f918fcdb
0675fd5e
f95f1578
f9c3ffba
fc54fbac
f85e087e
0846fa9c
fbe3fa53
ef92f917
fa900110
028a01c2
fef8fd33
ff810483
03df0311
fa2301e3
fe04032a
025302d9
043ffcd4
02f80146
f908fb9f
f7f0f6f3
ff02ff2c
070cff7a
00a10775
fcd2fe9c
f6d904dd
ffa908ad
052cfaa6
fb5b01b0
02ec01a2
fc6d0697
ff6a0005
fad6fcaa
fd15fa6b
0651f447
f725072c
03f2024f
075f0288
02150a46
f8be03db
f5d60483
0091fdd0
01600229
0a610c21
0086058c
01b10035
06a50164
0232fee6
fe22fdf3
fe41013f
043b0584
f240005a
fdd7fcb3
0751ff25
0833fe0a
097e025e
f7f6fced
00670023
f8d6016a
ff5ffae2
09ab02c5
ff66fc4e
0942f733
018bf8fa
feb9fad2
ff7bf386
f993f553
02fc03b2
0392fd5d
f9b10243
fb86fd70
ff08fa7f
f89a0701
02e0fe51
0734fcca
fc9cfdd9
f9340036
f22f0856
fbe001b5
0218014c
fcd60bb3
06da05ea
003401a5
0144017d
0639fb1a
f4bcf928
fd5bfaad
06a4ffb0
ff6afb02
fd200258
042004db
04ba0137
f81108d2
0347ff88
ff8f04e2
f591ff41
0422f9f2
07010283
03f1fb1d
feb1fb61
ff21f9ac
fdc90184
011ffa8e
03d7fae2
fcd608a5
03defcc1
feeb046d
fc5b02da
038bfa0f
03d50441
02b5054c
0008017d
04a0ff2f
0068fc08
002d02b3
fee6081a
f96afaf7
0050ff06
f68a0361
fa57fc6e
086afed3
fb79ffbe
fc5efe78
0293f651
faa8fb2d
01d50012
05940131
ff46054f
08cefe15
0440006d
fb50fe5e
0730fc75
000b02aa
fdc90002
0b7201cf
0965001a
0936f8cb
0adafda0
04c1032e
f8af0235
fe1100b6
06ccfccd
f84d0072
00030a04
032d07b6
f6eefaa8
09d1fd2b
fc3b0021
f545ffa8
02850013
f8c5fc63
0235f990
05f8fd61
03a301b7
0aeefc68
086efca3
fcbbfc42
f8cffe38
fb680176
0087ffde
02f6ff8b
fdfef834
fe4f013d
06e600a8
0756f447
ffbbfb48
04bffbbe
03f1fd31
0348fe98
fbb4fe62
f7e5ff43
083c04fa
006409bc
feadfd0c
fc57fd1e
faf3ffe0
045101e6
fada0461
ffb5fef6
068f0714
fb9e008e
f1e9f982
fed2fffe
05f7fa55
01e5fca8
0645ff21
08080037
0c4700b8
0162ffb9
02150634
03a0fed0
039ffb70
0ceffbeb
fed5000f
01d3090d
0426070d
ff0c08e1
ff2df7bf
f851f9b2
02ae0881
0695ff54
01500671
077f02c6
04c70351
fe4c09cb
06aa0774
ff3806ac
fa8301f2
03db03eb
fd7df7a4
fbebfee7
f9660526
fe45fc38
06440920
04210678
070f05f3
03ae0802
fe5c0045
fd33f9cc
f890f649
f3e0fff4
002d0880
ffdffe55
f9d5f340
0835013c
fd92fcb0
f92ff5a7
063b056c
04be01fa
005bf9ef
f8c9fac1
0173ff55
0418fac3
fb88fb92
febb05ef
f85c045d
013d0367
00050404
f787054c
09d8024e
fdc9fe1a
ffdd00ee
09710769
fad800dd
023efa6b
fe8202e8
fb29fd76
0181ffce
06ec0302
02f9f858
ff3cf637
00d7f8dc
f4cd038b
019f08e3
00fe02b6
fe84fb94
0718fde6
fc48fccb
019afcc7
ff010129
fddaf7b4
01c8ffe7
042fff07
0309f91f
001b0782
018aff8e
fb5df8c5
05d0fc93
fb74fe5e
fd28fd57
06f4010d
f4b908fb
03c8fc15
03f2fbd2
fb800163
01d3f90e
fee4001d
05e70042
0471f9aa
f8f205c5
f6eb0ad0
fe6204be
036e01f4
0532fda9
0186fba8
06f4f393
095df768
f7c60536
f976fe09
010bfc54
fef1fd15
fada005a
f8ba07d5
fb2803c6
fe2502ac
01bdfe1d
f9beff82
fd43fdbd
0201ff27
fed508f7
020dffca
f71b01c1
fa7004f0
0265fc20
f886fb93
fc58fee3
0529fa79
0181fb2f
f9c50624
fa3efe8b
ff07ffc9
01320cd8
fcda0b35
01f2fa91
0644fcce
fb2407b3
ff6ff3d3
f98b046a
f9f00885
ffd1f802
f51305fa
05d1fc82
05db024e
00dd0306
feb8fefb
f47c072e
ffedffd4
ff5c04c7
04affff1
03fa028d
081e084d
05e401d5
f0eb020d
069300ad
07e501cc
f73afb90
fb84f84a
057cfa32
08bcfb06
00b9fd6f
03f20182
fef60586
00ef0115
fbd10196
f1cc08bb
f90202fc
fd5ef972
09c50134
0181fe7e
f966fb05
02ecfeaa
fb0bf8f9
fb5fffec
02a20214
fc5a053e
ff800536
02c2003a
fb6f023e
fd00fe3a
fdbc0572
017a0167
0643fd89
05f502e6
0075f867
ff45f91b
0014ff69
f6f1f7fe
07c7fa98
0bb306f5
fbb301c0
fada008b
fa65fd90
0340fada
065905dc
0482ff34
ff8a0403
00600c45
063bfd86
0456f68b
fcb0026b
f75805b8
0790fa02
0310fe42
f5d10105
fe7e0400
04e9028f
ff5df92f
fb7eff29
fc63f46f
f841f540
02790638
036efe11
03bffc6f
022004be
ffab06c8
05000407
fa2306b4
062008e2
0208fea6
ff8704ab
032d07b6
f6eefaa8
09d1fd2b
fc3b0021
f545ffa8
02850013
f8c5fc63
0235f990
05f8fd61
03a301b7
0aeefc68
086efca3
fcbbfc42
f8cffe38
fb680176
0087ffde
02f6ff8b
fdfef834
fe4f013d
06e600a8
0756f447
ffbbfb48
04bffbbe
03f1fd31
0348fe98
fbb4fe62
f7e5ff43
083c04fa
006409bc
feadfd0c
fc57fd1e
faf3ffe0
070efcd5
fca5fe11
fab0fdc2
04250082
fcd7f762
0e55fc2c
0552fa58
f141f473
0b1efed9
0a7ffca4
fc49fdab
ff5afe34
fd5e026f
feb30608
019401af
05dd0285
09d2ffc7
038705e6
fff701e4
ffd4ffc2
03bd0973
ffe603ea
f7e202d1
0a100119
0b9dfd0c
fc9dfd01
00a9081b
00c50b43
fc52ff8a
01f10586
04700616
042a06f6
09b1fcd6
f9f8f41a
f673fd91
0010f722
fa62032a
fefe00d1
ffdaf6a4
0269ff95
fa49f919
fe8bfec4
0c240780
feaa080a
0248fd8f
fded0186
f8160d7b
0487ff30
090cff9b
01740025
fcec003b
06e20186
03bff874
024cff89
ff6b005b
fbf0fba0
fe950029
033c027d
07ae0719
f9b2082c
fe9efaf1
043cf8fe
fecb039e
ff3efe90
035efe48
05d1037e
f929fda1
013c00d0
0124034e
fa40fd59
0279fd91
00baff7c
ff4b0729
fdc8047c
ffa6fb1b
f9edfdb2
010b0157
015f0460
f338fdd8
02a4005e
01fdfd17
f99bf57c
00910093
03d70227
047c06ac
06db0146
03bc02a2
ff3106e4
0a5efd41
04ff01bb
0022f9e2
0593fe56
01f8ff3e
fd55fa47
f8920664
0490fd97
fe6b0195
f69e0e6c
0548ffc8
00b9f784
00630414
09fe039c
02b00605
f6a6078f
feccff84
02b00552
fed105c3
036e0aea
f809fd8c
fcc6f552
0da500d3
05d4f9ae
0071f9fe
0201f5f0
fe3bf8e6
02eafb70
07d60146
fbb50613
fdfefad0
015bfef6
f7a0f153
fe37f70e
fdf605cb
f914fae9
fd73ff56
0194fb80
feb7fba3
f83c059e
fd5f046f
fe0c02c2
f95a02b3
f863fd4b
fdd6fd92
025dfd8c
fd6df946
013e0177
fefffc79
f8f0f5ff
0002fe1d
00b302cc
fa78041a
faef04a9
05ff01cc
05efff17
f9de04b2
feb6002b
034a0112
fd84080c
020b02ce
04730061
ff37faab
fdf9fc35
fdd50150
02c3fe64
02c80017
fcf3fec1
01e2f9ad
fcd505a1
f67d0dfb
01b4fd6a
fe88f683
fac8fffc
04a70a63
056801ce
067ef736
054a008f
0245fbd0
01b6fe56
f5b20335
f0ccfc8c
fbee04ee
fc68fe9b
f7ddfd25
029eff6b
05d0f7fb
fcca0581
fcccfd6e
019afc54
040c0a8f
062f013b
073d05bb
00bf03aa
fe07ffa0
009c01a0
fd3afe16
fa36fcc9
fab4000d
fa15055f
f802fd3f
fee209c2
00e3012a
fb4ef60c
fd4406c7
f9bdfa1a
f8a50090
064503e0
06ce0289
fcdc071d
074a0176
064007d9
00f40400
027d0602
f85cf800
0440f7bb
03a50699
ff240089
091b0859
fcd4ff81
fe1efe71
06410559
00c9fcd2
fee1fcf7
0268fc7c
f8afff5e
f6cd045a
09e901c3
06c7faf2
f96cfb95
f663ffac
fbaf0210
fcc9fc74
032600c8
058b02da
f9aef727
fe6b04be
03480611
05a802b3
f7d102e7
f79efa3c
03de00f2
f85ffd88
0231fe01
0455054a
01aa041c
ff070283
fe970692
03e8ff42
f753f664
005d0160
fccef877
000af4bc
0ac4f9c6
f9f9fae6
00e803bc
035efda7
fd90fcb3
fd07037f
fc830641
08befe0b
0d2dfb70
0375040d
feb4ff76
fe00f959
fa48fb9c
fadb03e5
ff14ffd5
070efcd5
fca5fe11
fab0fdc2
04250082
fcd7f762
0e55fc2c
0552fa58
f141f473
0b1efed9
0a7ffca4
fc49fdab
ff5afe34
fd5e026f
feb30608
019401af
05dd0285
09d2ffc7
038705e6
fff701e4
ffd4ffc2
03bd0973
ffe603ea
f7e202d1
0a100119
0b9dfd0c
fc9dfd01
00a9081b
00c50b43
fc52ff8a
01f10586
04700616
042a06f6
0372f8d2
0316004f
0703ff9a
fb9908eb
fb91fe38
031aff1c
faf20214
0551fa2e
068000ce
048701b0
07c3fca2
fbe0fe5a
f9f40720
fe63031a
072b0100
0607043c
00ab034b
022af8a6
ffcffb08
02e70eee
fe630391
faaafbb2
fbe9028b
fea1fdce
037efc80
02980238
0370fda4
fdff0328
fd510623
0669f6eb
022e02c6
fdde01b2
05e60797
01300bbe
faa0f88d
0015fb4e
049ffbd0
05f10414
f7c8fb36
f90b03e6
08ff038b
ff56edec
f9d608d7
014b046b
002a024f
063503be
0a56f6cd
00fdfde2
078ffa61
023702cd
f9450094
0617f2d4
07aafe14
065b0906
fa0cfa1f
fbd20063
07ee0b81
ffe400de
024801ea
00acfcdc
fce40344
ff4dfd59
0289f88a
0280ff1e
0198f647
04e7fdff
ff9afea0
f9baff21
f75602ed
fdfc035c
019ffb7d
0109fe51
fead0898
fe1bfcc5
07c8040e
057dfd56
fc9af991
f72603dd
059c044c
0ad4091c
fbfbfbbe
fc7d047d
fecb09cc
fc22f80c
f8caf813
0201fe8b
f81e03cd
fa620043
096cfbbf
f0aafa97
f6b9fd67
00ca026e
fb380426
fb640107
fc44fe7c
03b7fec1
f591fc86
f87ffc9b
05e1f7dd
031afd63
02100799
082f02c2
06750498
fb0703bb
ffe4fc70
021a012f
0411064a
033005a1
fcd9fd9a
fef4fb72
06a3fcde
023df8f8
f65f057f
04100453
04c102de
ff6b0626
feedf9ac
faed02e5
040d0007
0599f996
03c6ffa8
fb060137
ffae0323
0ac2fb5e
0b93fe44
051904db
fb420a61
00d10436
faa8f944
0492fe5a
05ef058a
fb89ffc4
06aff85f
fa28018e
fa88ff7e
fe6d099f
fd13033e
03e5f545
00e304d5
009c0143
ff1b0711
091ffc84
01e4fba9
f8490402
03b2f4bf
00a1047c
009107df
023b0347
00cbff25
ffdbfc11
02c5fcbb
0456fad8
fe8b0448
0100ff27
fb9e0668
fde90937
01dbfe9c
f925ffd5
fe2bfb26
f4dff723
f09efebc
faae00f4
f74afab8
fe49011d
022efd86
04bffc36
00f7f9ff
fc22f82f
039202e6
fd60f4ff
040ff9dd
ffe30653
f909013b
030402db
f73a01d4
f872024f
fbc2ff94
f89afe7b
f9cafe92
fcf9fcbd
fef0fe04
f4de0974
024310e5
04c50943
fefd03ae
0803ff7f
fcf6fffd
fd5cfb18
0447fe65
04f0075d
0988fcd0
fbce005a
efdd05ee
fee6fbb3
01f60052
fd6c02dc
0535fe59
fc2b0025
fd89fcff
00cd0335
fd71fe50
0618f518
018ffe5c
0461fd68
07c6fe8e
0206fa14
fd51fb59
f6a1ffce
fbddfa82
04120496
fa490018
ecc501ef
011006b5
0763ff8d
fba70945
0243067b
f94cfc8a
fb93fc1b
001c06b6
ff2105c1
088df382
0171fb43
fcbe0123
fc3dfc94
fe6bffaf
022cfe7c
001b01cd
fe4602c3
fb2d0274
0255f9fc
0929f6a4
048f025b
fdf8f9c3
fe75fc75
02a403d4
ff63fc3e
fd78068c
06550911
0157fef6
f9f104e2
07940823
fccffabe
fb81fd76
08bcff0b
f98cf944
05ef00c9
0a8503ca
fb7904ac
04cbffb0
0842056f
0b8c032b
0416fd37
fa4fffc9
0109f5e9
f999022c
faa2fe67
0372f8d2
0316004f
0703ff9a
fb9908eb
fb91fe38
031aff1c
faf20214
0551fa2e
068000ce
048701b0
07c3fca2
fbe0fe5a
f9f40720
fe63031a
072b0100
0607043c
00ab034b
022af8a6
ffcffb08
02e70eee
fe630391
faaafbb2
fbe9028b
fea1fdce
037efc80
02980238
0370fda4
fdff0328
fd510623
0669f6eb
022e02c6
fdde01b2
029b03a0
0aa7fc19
048ffc7b
0200fb90
06d1fb1e
08d20089
fddeff61
0101fc4a
04b2fa6b
02e40400
03170648
f59cffb7
f6b00a4b
ff35093c
097ef7d4
08ddfd87
0351014b
ff4bf920
f9b7093a
037604f6
fe04ffe1
f5c0077a
fa8ff67c
05e9fc20
085efd5b
01c1fac1
049bfd3a
fd01f681
008a0415
0431074a
fb9108f0
005a0918
fb76037a
f6150473
feac00f2
0327f9cb
ff82fa36
ff79096c
0400fef4
fbf9fc72
fe990171
067af73b
f89cfe6e
fec9f941
06ccfd5e
fa6bfca5
fa11f3ae
01e101b8
07840464
fbe2ff94
f7c60198
03240bb7
02e902ea
0080fba6
fe5b01bc
0071fd69
04b3031d
fe3f007c
f7760278
fda40631
fed7feec
ffb003b8
041f0397
07610381
06c504f8
f45001b1
f7490062
fdb9036e
011400dc
0790fa89
fd1804e8
08110450
0235fd64
fc8d0374
07ec017f
fe1805aa
011401e1
04e6fcd8
09a20bfb
0c0ffcb9
fe93ee90
fe52fd71
061003e0
00ff0364
ff27f9bc
ff15f923
fb9bf94a
05c7fd52
043b08e5
015cfd80
02cafb05
02d4fd51
02d3fd4f
f34f0429
fadd02fb
036dfcc2
046dfc35
084806ff
f8e500a3
0186f92a
09900153
02b10047
08b8f80e
fd67fe77
fba70479
03a7f45c
fa44fba5
ffa002b1
0442fc6c
ffab0016
fdf1fd86
fe50054a
ffbc03a9
00a80168
047b00b8
f2a8fd2b
f5680093
06e2f9a1
fc6201e1
fcf607d1
fc0f039b
0057fd90
0278fc75
fc6002f8
034ffc99
ff02fdde
ff19fd9c
03b70694
fd6505dc
0138f685
0d440318
04c10291
fbcafdcf
f9c90389
f57bfeb1
fe9ff83c
fb5f0040
f6db02ad
faf5f691
ff8004ec
02140627
fff0fc51
07c9001f
01acfb0e
f885ff6e
0036ffd4
feb503c9
f3150299
fbb8f92f
041f0249
ff4404f6
03ca066f
fda104e0
fc37fcbe
0000fb78
026000c1
07d905c7
01c9fdfd
f9b2fdce
f78d00a7
fe37fbe4
fba9fb10
fbb5fefe
ffd00417
04360069
04afffa0
fe64fdd5
05e7ff40
fa3c082b
f588ffed
fe22f4dc
01eaf857
070f0698
05bb0621
08720173
f6c9086c
fc6f008f
04f80577
f6210caa
0408033d
03300393
fb760166
fc0c01ac
f9ad016b
fb0cf9aa
fb47fd42
066501b3
0852fc5c
ffa4fe74
014dfd76
fe67f882
f9630506
03590485
0714ff55
f86009da
f70603bd
0548f96a
faf50474
f52505ca
facdfb33
f6f7058a
09cefed4
00d4f425
f41cfeec
027cfb45
f967fd7c
fcec0235
ff72fe6d
fb790046
ff4209b2
fdcd00bc
fbd4f624
f7550372
07c4f770
14bcfa81
0697037e
fc67f8e3
fb7f0099
ff0bfd01
05490819
02fe0a97
018ef675
0093f99a
fc970123
046d00a2
0679fa05
feabfe13
036efffd
08e9fd0e
fc54fc16
00bafbe7
00e604ad
f673088f
00db0443
f92cfa80
003702f1
fc1d0241
fa70f98d
0afb0522
f334006c
fed9fdb7
059ffa55
006afcd2
0256077b
fa31fd33
08dcf95f
fd3afba2
fc7904ba
00180ac9
01b105ef
076702bf
fbc9f96a
08dffd57
0a0304d7
04f2fd05
0271ff76
029b03a0
0aa7fc19
048ffc7b
0200fb90
06d1fb1e
08d20089
fddeff61
0101fc4a
04b2fa6b
02e40400
03170648
f59cffb7
f6b00a4b
ff35093c
097ef7d4
08ddfd87
0351014b
ff4bf920
f9b7093a
037604f6
fe04ffe1
f5c0077a
fa8ff67c
05e9fc20
085efd5b
01c1fac1
049bfd3a
fd01f681
008a0415
0431074a
fb9108f0
005a0918
06ecfc62
fca0f923
f7640907
024effa8
f967fdbe
fded0098
01d0f43a
f2e50399
fb210a53
fb640285
008801a5
033eff67
fb11fee1
ff6affc0
fda90225
ffb0063f
04e5fce1
0322f9bb
fb91ff71
fc14f253
0025f73f
fd7d04e2
01be02a0
05b20117
0aa700a3
0d55fe35
06e2f767
022dfaf0
ffd40611
fe560736
0204f8bb
00f0fb55
01270144
0460f950
fe18052d
04280191
0331f7d8
f796ff69
fc9205ae
03bfff52
02baf8b0
f9afff04
fc79fe3e
fea00316
000ffe0e
059efc17
fc4b015f
00aafef4
0770fe83
022af7d8
ffba05ca
fffa04d8
02c6fe5e
024604df
ff2f0140
ffca03e8
0332023e
fe0d031b
01e9f963
0322fc47
fe780495
059efb10
f8d8f95e
fd3ef9d4
09e600f7
f92aff46
fa0c0342
fea701ee
fd53017b
04f40a3d
06df02f3
fe7405d5
f942fbec
fe90fa03
04c40212
0b0002a0
08c306cd
05550114
0140063f
fe5e04d6
06b100bb
06380033
0030fe3d
f825febe
fc9efa62
02d7020e
fc500703
02620619
fe7a0431
f9e70044
fbe70434
00070077
06aef94c
fe47024e
038f058a
04d201f9
01e6faa0
0499fa31
fb130711
fd93f4ee
0085fb99
00bd0798
047ff944
064a087d
006f02df
fac4fc4e
0355fc15
034cfcd5
00b403d2
06aafcce
0808ff91
fcc2f7f7
faebffb8
02720842
fc140215
fc0804d7
006600e7
fdf6ff6b
f935fee3
fcd702da
fabdff11
f841fbbe
0099f8f7
f61ef9ce
fc9d0470
06b3fdcb
016ffc05
036902e5
fe2304e1
053dfcff
04e5fc67
fc1404af
fb070482
f7da0131
fc70025c
f945fff2
fb28f931
04ca0ae4
fbbc014c
fc97f729
0a750278
fd9ef8a0
fbbdfbf2
08a7fa46
0123045b
04fbfd05
05baf904
03a60b8c
0695fbc0
f972048c
f66b0127
ff11f948
00eb02af
00c4ff09
03f9019b
fb94fd5c
f6fd0153
fe82f95a
fd30f808
fd7a060a
fa6b0839
fd84feae
03b9f7a4
ffd60823
fe01009a
f93cfd69
ffa80546
0299fc9f
f749002b
f89efec2
00c2fe3b
0657fc1c
02e5fe26
f93b0722
f4eb022c
f4a2016c
f739fdba
02f1fe52
05ae061a
f013faa4
f38efc64
062e02bb
0321fd67
063606b8
ffddfc56
fe96f9e1
09780b7e
fd93fbd9
f74bf49d
fede02f3
039500a3
fd9cfdc1
00380418
08aafefa
0326fafc
0350ff6d
fbd807ee
fb8305fc
fe69fe45
f82909b4
fd65ff4c
fd54fba1
026b0307
0453f99a
061eff70
043dfd8e
fc35092b
04ec0b5a
fadefa3e
fd80ffd2
07be024c
ffda02f2
076e0001
03f5026a
01bafafa
01d9f12e
fe96fc98
038dfe33
0495fe4c
06f4fb1d
fe6efcfb
00b606ee
004d0706
f56100e7
0000ffaf
fee9020a
01ebfba0
0a92feba
02b0fe12
fa1ffb86
f31a03cf
fd0f061b
04610302
fdd60024
fdad0179
01e8fe44
022808ed
050e0906
01c2fd02
f86c0229
066d02c8
038007cf
fde0fd04
0900040f
02620a00
036cf1f0
f67cfcdd
f332f694
03aefbb9
02bc0c13
047dfd6d
0455057d
0bb80358
0874fe2d
fb15ff08
00c7ff61
06ecfc62
fca0f923
f7640907
024effa8
f967fdbe
fded0098
01d0f43a
f2e50399
fb210a53
fb640285
008801a5
033eff67
fb11fee1
ff6affc0
fda90225
ffb0063f
04e5fce1
0322f9bb
fb91ff71
fc14f253
0025f73f
fd7d04e2
01be02a0
05b20117
0aa700a3
0d55fe35
06e2f767
022dfaf0
ffd40611
fe560736
0204f8bb
00f0fb55
fdaf00cd
f6fcfc35
feeb0587
116000e9
f9fb0452
00e802dd
04f6f81e
f954049e
07780413
01b70104
02bbf9d2
044cfe05
fb73ffb3
fef5fcab
03d1057c
0812fd23
05fd0010
02dbfccd
0259f2cf
0a19fe78
0cdc047a
fd10f83e
f4f0fd26
fb1f0b12
0601fc0c
07b4008b
050b096f
0509ffe2
02b7fe31
0995fd50
095af969
03bff42e
0400032a
055808d4
0331fa7a
f6f4fc2f
f9b80183
f97d02f1
fe750544
0bedfa0a
fe27f9d5
fbf9fde7
0035f0ff
01a7034b
02630086
030ffb51
03be0f64
f84dfc55
ff93fcc7
ffd9009a
fff004d0
fed208f7
f354f95f
014801ab
06faff47
08700349
098109a8
02290148
fd55fe3b
04a3fd84
07f2fe84
f862fb41
fef401ea
04ca025f
010002bb
ff91febd
fd5bfbaa
fdb80175
00aefd6a
058d07eb
f84e024b
fe0df7ff
06b3050e
033104ff
0811f733
0213f85a
fe0f0143
f657fc2e
f3e4fb55
fba1fa0c
062c0029
05530285
02700191
05dc03b7
f9e4f948
00d30846
060c07d7
022bfef8
fb720385
f4c3f930
fb440040
fa90ff43
0a1200b4
03110876
000f003a
0cb800ef
fbe4ffaf
0118fb12
fddaf9e6
f7bcfe0e
ff6f02e0
044b0508
085c001f
fd97fbd0
fd8b04a6
f580007f
f8d2fd80
090f0552
0376015c
fad8fca5
f391fdad
004fff7e
fff0fd8c
f9e6ffe7
0ad5065f
071dfce2
f81bf8a4
f54d0651
fec805c0
ff2800ea
ff6e06ab
00c4033a
fb6affc7
04910967
ff93070c
fc4cfcf9
05d70364
07c2ff56
0251fe91
01430905
0750ff8e
fce70251
03de00fb
0071f697
f87003f0
ffd20365
f0bdfbc0
00600009
00e1fd8c
f83afc8c
06600441
f797014b
fa89fe12
01700670
fa4e03cf
f936055f
0526fdbd
08aef21d
f80ffc4f
00b0fe55
003f0205
f790fe51
fcf6fd1b
fdf505aa
0824f988
0903f6d5
0304fc15
094bff9c
08790203
fc2d0163
f793ff5e
022efc63
068e0728
fe4f05d8
ff4cfcd2
ff28fd23
0228fd31
0246ffb3
f4de032f
fc070181
fc87f897
feb7f9ec
0342ffc9
f5fb00e9
066ef8a6
0517f718
f163079e
ff2902c2
00dcfb61
fbd8fc1e
0513f9cd
00ef0317
00a0008f
056af9fb
00e70010
ff7aff79
f9660166
01fe007f
045df774
fb760131
fcf4006c
f8dcf974
004406c1
ffa8054e
ff8dfbfb
f848fe87
f6030509
080aff47
f83afce9
fcf30312
075bffcf
fed6fff8
03da009e
005a0369
ff4a0120
005207ac
02ce08b5
ffe4f78a
fe980107
fdc10428
fa1906a0
fc9f0484
fb37f205
fe76fc74
fe880251
0237ff65
ff57fb31
fda5fa01
04cc049f
036affdc
0402fe94
fe0e0486
04a20267
0480ffa4
fd27fc86
057dfbf1
065d0688
03aa0997
fd4c00e6
fef90723
fc4b0587
fefefdb5
092d013c
017d00dc
018b085a
fe19068c
fda5fdaa
027c045e
fada0270
fa73fe98
fadd0096
f98dfa74
004ff869
02f302d0
f897ffe0
f58ffb86
fcde058b
fc7a03cf
07970976
0b350407
f745fb2c
000e0141
02dbf9a3
f6ac0313
ffc7fd25
fcd8f717
fdaf00cd
f6fcfc35
feeb0587
116000e9
f9fb0452
00e802dd
04f6f81e
f954049e
07780413
01b70104
02bbf9d2
044cfe05
fb73ffb3
fef5fcab
03d1057c
0812fd23
05fd0010
02dbfccd
0259f2cf
0a19fe78
0cdc047a
fd10f83e
f4f0fd26
fb1f0b12
0601fc0c
07b4008b
050b096f
0509ffe2
02b7fe31
0995fd50
095af969
03bff42e
f942f8e0
01bc00c4
fb31052e
fea5fce8
fe66fca8
facff9ac
08b30025
fb3404db
fa2b01ba
096f03ef
fe080365
fff1fa3c
ff75fe12
01510580
00c50204
fcd20247
04c6f703
00fafe5f
01c2043a
ff89f5bd
0337fd6a
0615fb48
fe4bf97e
ff94075d
06a5fef8
0cd8f613
ffd6fa45
fda8f091
023efc8e
fd0f064d
03e0f323
0909fab4
04f30237
015cffe3
028bfdce
f7fc0236
f4f7017c
0215fbb8
02730627
002bfe9d
019b06a2
fb9e047c
fd0ef965
04a30590
f91502b7
fac40552
07e2fe04
0a1504c9
03fe07a0
f8c1fb52
08990119
0583fc3c
fd090554
0e220069
0227f7c4
fd1a0369
fe2803ed
fb4607f2
03cd1014
fe7e0a7b
fa89fd1d
f6c200fc
0208f668
0d7df9ab
ffb407d6
02a8fd0a
04b507f1
0079ffbf
fe00f60a
fc57ffaf
0304fea4
fb9efea5
024bfb13
03d30082
f89c0135
049d04f4
ff550487
f88801cb
fe7509a3
fb910053
fcaf01e9
fcbc019c
fdb1fd21
02e9059b
0227033d
fd42fd88
0218f7b6
07b4f2be
fbdff711
fc9a063f
089f04ca
ffacff0c
002f075b
040d0002
031ffbce
0b380181
050f03cb
fdf4fd9b
f763f93e
0352ffba
0ce6009b
fd0a0327
095800ff
0ac601a4
fbd00445
fe4bfba4
fed5ff0a
fdca0935
00e5074f
fc0afeaa
f95dff49
051efeb1
fb5dff81
fd1405a0
01f001f9
fd42f9f5
0724f5d5
fdd3094a
02210afd
fdb8fad8
f8eb0539
04af0322
fb6ffd93
fb14ffda
f9420357
fb8004e9
fe0df9dd
ffbcf920
fde3fb1c
f5affb84
fe6ffa13
fd25f6f0
f9cdffb9
f6f6064f
0196ff61
0a82fa3b
fc09faf4
01bdfa22
03d407e9
fc150a25
0103fea8
05c80560
ffae04fd
fb7b005d
01acfa47
ff01fc90
fce80620
fe46f8af
f8d3fa7d
fec70280
040e00a9
f84a0d4b
fa7a0607
044ffb0e
02c0fec7
0027fa36
0133fab9
ff43fa79
0360fed8
07fb03e7
f6a0f9fe
fd87fa82
0277feb2
fb05ff35
0513fec8
fbe9fd29
038a03dc
0777fd8d
fb7ff877
f818fe62
fe6cfb2f
08defc45
fe67f714
02ecfb0a
fba60336
f9b5f9ae
046603e1
fd63017e
028ffa30
fbf207ba
01fa02cb
030fffd6
f8a60101
fecefb7c
ff67f782
0366ffba
ff2003e4
fd9dfbe5
fb6a002a
f9f2fc47
02cbff57
fcc3056c
f8b502eb
01f204d3
07890365
049208c6
029c085c
032907ac
ffec013d
f561ff21
fb4a03a0
071fff1d
fcb90772
fa1801c2
feb7fd05
f9e40515
fa0905c1
01990588
fe2303f3
fe3f0002
029cfc2b
fdb4003c
f9d4fc13
fa8d0054
03a1038e
f98b02bf
fb6b0784
05c8ff76
00af012e
0896fdd8
fa5d037f
fd560574
0d17fb8b
03c50247
032a03cb
fc220190
f7a9f9ed
fe5d0410
03870116
05b6f775
006f0223
fb60fefb
092f0651
08a7febf
fab6f950
00eb0321
ff4b0269
05690135
0127002f
f15e05f2
f8750060
029fff14
04c2ff29
011804d7
08ad03fc
0319f284
fff2f8cb
05d6f9ed
01f0fbc5
050bff55
fecefe5a
03de0042
fe42fb79
f5e60166
09750755
01a60259
f942f8e0
01bc00c4
fb31052e
fea5fce8
fe66fca8
facff9ac
08b30025
fb3404db
fa2b01ba
096f03ef
fe080365
fff1fa3c
ff75fe12
01510580
00c50204
fcd20247
04c6f703
00fafe5f
01c2043a
ff89f5bd
0337fd6a
0615fb48
fe4bf97e
ff94075d
06a5fef8
0cd8f613
ffd6fa45
fda8f091
023efc8e
fd0f064d
03e0f323
0909fab4
0b8bfd78
012203c9
03a40386
04d1fb1a
01fafe60
02adfed1
ff140530
fc8ffd34
fa7cfcc6
03c2fcdc
ffcaf8e5
025509f7
03c100fb
f9aaff76
04f10030
ff62faed
fe650000
0870fccc
060b0616
0184020b
0208fa5e
04d3fb91
f61bfbf1
fcb50207
0a30033f
0488fe72
056afc52
00e3fb67
fe75fa20
00d70832
fcc4ff66
fd0ff497
072903cb
028d04a2
f942fd62
ff4dfe4a
06d2060d
0e39fc18
026800b0
ffcc0201
073ef96e
fc5c07dc
fec3fca9
fc310211
fffd0afb
05af00a4
fa6304be
0360ffe5
067ffcc7
f8d1fbfd
f5830595
01930e5b
fdad034f
f69afbdb
05030341
0a760363
0d3cf824
fe7cf976
f8f6fa3d
00c9fd46
ff520694
05cc062f
017df800
075bf473
f86ffcaf
faf7f939
0d4cfaea
f5d1fa63
00b6fd07
ff17ffcd
ffdefce0
0e8f00d3
ff14fc9b
01290155
ff6004f3
002c02d2
ffe70593
ff91ffa6
fdcb05b4
fc0a03ab
02c2f50b
fc38fe0b
05b002bf
0181013e
fc300535
02d70686
033b07bc
0e4601ff
05e403c5
f8f5ff23
f931ff4a
00e5005b
0267f726
fe7f0777
f972058d
fb8e005c
06f5ff5e
fe0df997
01580957
000c04ee
f727fe51
02bf018f
fffd09a3
fa690817
ff54ffff
00e103ce
0074fbc8
07cbfe9e
0196fedb
fbbdfec5
fa70ffff
f0c8f7bc
fe1afc2c
00c3fead
fdfc0198
00ca0195
fb4c0844
fdd80bdf
f8edff50
fd84ff8d
092c0450
039cff1c
fbfcf7a1
ffecfbd6
00480490
00dc05f6
06790746
fd7905a3
fc0cfd78
01e2033c
031d0135
ffeffa68
ff58fee5
09e1f3ab
0688fd3d
fcaffec7
f89af6b5
000bfed8
00e7fc9f
f35704ca
fc6dfb9f
0426fb7f
042b0207
08f5fabf
019b04fe
f990019f
f8dffab9
0026fc9d
004cfe3e
fe0cfc29
05640059
02e605fe
ffb6038a
007afb82
ffd1f92e
029004ae
0560ff1a
fca7005e
fd21fc45
0adafd60
fa1a050f
f77df20d
fe90f47e
f7a3fa71
020d0308
f98bffe0
fe50f9d8
fe49fef9
f043f8d1
00820485
fd0cfac5
ff34f76e
01a00322
f6f8fefc
fcc1fcf5
fd4efb8e
fd74002b
fbf102a0
00c00981
07ddfdfa
ff2a02c6
fb920aa3
067efb4b
056e063d
fccdfed1
0007fd32
fc030a62
fccd08c5
016bffa2
fcd8fd59
fae30a34
fb0f00c2
03c5020d
0991ff36
0090fc09
009009a9
0463fe53
f88803d0
005e054e
0799fa65
fd3efbd5
0868fb56
0a240248
02d7fe34
fe860645
f79b10d6
fae702fc
f7690214
fd3e036f
0b720555
ffe80387
f7b7fbbe
0544fa4a
0540f8db
fc9b0394
ff37fd18
ff73fd7e
fc2e095e
02d2f4be
072bf514
fff10555
fb3e072c
fa4800ee
ff6000a7
00a20839
ff1f006f
fc3c028c
f9510901
044bfffb
0758f539
ff35fbfb
f22900ae
fdf0f44f
0a16ff70
fc5b0445
022cfb46
ffae0698
ff9d09e5
003902e4
feaf02ba
007b045a
f52a0091
02e7fdb9
fbe3fbdb
f95af98d
04c20311
f609ff4b
035ff475
088ffcae
fb6dfd7a
fb2f02d6
fe360400
0173f7c2
0285fcec
020203dd
07bc02bf
0b8bfd78
012203c9
03a40386
04d1fb1a
01fafe60
02adfed1
ff140530
fc8ffd34
fa7cfcc6
03c2fcdc
ffcaf8e5
025509f7
03c100fb
f9aaff76
04f10030
ff62faed
fe650000
0870fccc
060b0616
0184020b
0208fa5e
04d3fb91
f61bfbf1
fcb50207
0a30033f
0488fe72
056afc52
00e3fb67
fe75fa20
00d70832
fcc4ff66
fd0ff497
093c0418
025101d5
00aa0200
fa56009e
f9d5f8ee
02b9fa83
fa2dfaad
01e9f9c6
039cfb2a
f9c7fea0
fd90fcbe
fca60026
022702c2
0318fe01
047004b1
074ffb4e
f8c9fe54
fbf30732
0488ff7c
0201fe52
02ff00aa
032309e1
0317fbe0
ffc6f93f
064a005d
067afb68
008b0257
0248ff52
fef309bd
046c08a6
02e6fc15
07450112
0729f9fe
f871fb0c
0499069e
019904ac
f856ff8c
00f2ff1d
fee9fdb1
043801a1
0b9bfe90
0416fde6
04ce003c
0449fe6d
f6de0aab
fffc009e
0666f8b1
01420777
009f01ad
f937f681
fb43fe46
fd8dfe56
021df48f
026c0028
fddf009e
ff2ffbab
fea1fc8e
00f00082
ffd00910
03a6fcb9
00c40054
fb4d044c
fc77ff47
ffb105d5
09af035b
02d101ce
f981014d
fc82fcfb
0233f880
0209febc
fc260311
fd57fff5
0191fff5
fc94ffae
f9cb04cf
03fc06f4
02deffaf
fdd8fb1a
fd620222
0652016e
038afdce
f6b2f954
04c6f846
fd5300d8
f86ffee9
04dd08fd
00dc0a26
002cff05
ffe0ff5d
003b02d8
fbed03cc
fd49ff01
fa420881
00460872
102efda4
028ff7d2
f95cfcd6
ff9a02bd
0627019e
01ee0600
fd33f5a0
fa1cfa14
fbe704f6
08fbf9c2
03b8f971
fc1ef57c
f846f705
fe68f95a
062dff82
04c304b8
04e501bc
025f030d
0c350612
06e2013c
fa7ffe1b
fd79028e
fe97fb63
fe8407b1
fc67066d
ff14fb27
faccfe60
f5cdf7ee
01c90618
04350163
f9b7fed2
00b204a4
064cfef9
fd100510
f94b00f7
064303c0
0f8bf89e
03b7f947
0910062b
00eafb91
fcdf0092
0b020810
f5a50406
f952f969
0304f8d8
fc66f8f1
0196fe1f
03490676
034ef964
00f30173
038801ef
fd53f891
f8a20478
f4aef932
f5b3f7fa
fa4106ee
fe9f0159
0b3905b3
f852064f
f5e7002f
046b0187
0194fabd
027efa82
fe650178
fe0f0538
fc19fa0a
fca2f818
f97dff81
feec01d2
00950d54
f8cc0376
067d043d
fe66034c
f940fd35
ff5307fc
fcb7f80b
03bcff0a
02bc058b
0179fff6
fba508ab
fa170154
011c0216
fc210261
fac40485
017c0756
01b4075c
fcaf019b
ff83f962
051503d4
0008fd63
faaef79c
01c5fbdd
02c1fa20
004f02e6
047603ea
fc73f846
f6d4f952
faba007e
f8d9fca5
f895ff7a
fd6d023d
036d02e8
024cff3b
fb43fb56
013a07df
ff990549
f6b701f8
005800ea
027ffb0f
0667ffee
05fdfdc6
f6c4ff61
fa2efbf1
fb7cf7a8
fc5a00ab
fde9fef5
f843fbda
0368ff47
003c0227
fd76060d
0b4e038d
ffc5fd31
ff24055f
040b03d9
fd7af4c0
fff2fa62
fc40fe5f
060dfd39
ff11021e
fddb07c0
0f7f06f5
0084fa25
05b7f840
00ddf5ef
f94ff7fc
05ae00aa
fcaafa15
041afdbd
04e0067e
04500468
06e4ff02
fcc3ff90
ff530264
05cf011c
09150533
fdc60219
026efc32
008d00d4
ef650243
0048fc2e
03ddffc5
0162063c
02cc050f
fa3700fc
0427fa77
fe440593
f73c06ea
06d1f9a1
08cd0040
030f0798
f83a078c
fbb404ad
093c0418
025101d5
00aa0200
fa56009e
f9d5f8ee
02b9fa83
fa2dfaad
01e9f9c6
039cfb2a
f9c7fea0
fd90fcbe
fca60026
022702c2
0318fe01
047004b1
074ffb4e
f8c9fe54
fbf30732
0488ff7c
0201fe52
02ff00aa
032309e1
0317fbe0
ffc6f93f
064a005d
067afb68
008b0257
0248ff52
fef309bd
046c08a6
02e6fc15
07450112
ff9f00dd
ffabfc38
f956fd40
046cfa75
02eaf986
03870443
05b60710
fa64062e
0a4b0f6a
0ca90ac2
face03ee
06d4054d
0bfe0785
027c0000
02b1fdf8
ff29fcc1
fe1cf401
02c9fe29
008bff0a
fd96fe62
fc02fdd6
04effa49
09d5fc9f
f819ff47
f5d50727
02c6fd3c
071f028d
04250207
00b3fadb
03460281
0118f9a8
070c00d0
0a02037a
01f709be
ffcb0515
fb8ff64f
02bd0729
00c50183
fd1efbd5
0a6d0165
05aa0123
0369fd6d
fd55006d
f40d0a8f
0224fcec
029afe57
fc1402e3
03bbfa51
076ef6c1
08ccf9cb
05780275
fc54fabb
fda6fb9b
006dfe37
02e40061
07790696
0096fcc1
fcdefa41
0069ffb5
01f404b6
0231fd5f
fbfcff1d
f7a50712
0073fca0
03cd00a2
feea0382
fd370855
f62206cc
fdd5fc38
04ca0279
00a1fa48
0e5b0227
0bd90f08
fc9a0302
fc21f9f6
fe5af8d8
007c0048
fd39fcc6
f96b0365
fbbe0569
0045f9c2
04a6ff72
0534faa1
0048f7f8
f9bffd74
f63a0458
fe3c04bb
06a9f9da
00a3f826
fcd8f7a7
0628fd2b
041b0334
f65b0792
040c0955
08d707a1
fa7b079f
f9fefe6b
f69efd8e
fcb6fe90
fe18f9c2
fbadfbf7
fd18ff08
00fe025a
0832fede
fe24f563
ff1cf99c
fc5803cd
fe4bff45
0301fbac
f9b90478
014f0561
0187ffef
05eb064d
04570322
fc90fe83
ff610583
092ffd2d
0b1cf8af
f146fb0c
fcaafe1b
00220127
f49c068b
074d110a
06160332
0487f6de
fd42005f
fb88087d
03ecfddc
02e9f8d0
ff300365
f5f603c6
ff6b0483
fca9ff7a
f1570172
fc730347
024400dd
fcd804d4
fdaef982
05a9fa0c
0360ffe0
fd75ff43
fced0238
fd2dffa6
fa9fff38
018503e2
0668ffb9
ff430007
04cc022b
fe46f536
f66502ec
06fe07a6
0341ff9f
f44c00d9
00f4f91f
044d029d
fb78fa3b
0684fb28
0561fdb9
0150f46e
075604a3
001c041c
fa130045
fe37fa88
081ffda8
08cc0569
fee4ff38
fa7affc5
fb3f0231
f9b6ff59
ff5cf165
092ffad7
035f0145
02d7fab4
00b6027e
f93500b8
0422fbc4
030f01e0
faf50680
faf0fad4
f92304be
fe720728
fed2fcde
fc9a0093
fa64f9bc
01f00380
09cd0478
f7c7fe60
fb520009
004206d1
fa270491
0364fee0
f73f0dfa
f9ac00a2
05640236
046701a0
0345fa8d
fc0905c5
052ef87e
fcc9036a
f60b01a1
04ecfe51
045405fa
ff49fc83
fd12ffe9
0410f777
feda0495
fcf506cb
027af73a
fd9301b4
0619fec4
fe250354
fb320599
054efbcd
fabd00b7
f9db05b3
fd6c0252
fecffdd8
04f5fe3f
05f1fb37
0179fe46
00dffea1
0029fa78
f7ae0908
f9da01cd
fbe4f4ef
fc2f05a6
fb630780
f2f8010f
f9fafedf
fa22fc80
fb10fe89
046d00bb
015a045e
03affd10
fffdf6a3
01cefa72
0223fd36
fb5a00c6
fea90558
fb640133
065cf97b
0049fef4
f73002ba
0a38fd4d
06c1fd1f
0553ff3a
00f5fbc5
fd86fbc7
071df903
fcabfc68
01d30716
0b66f90d
00d1fb58
fd920a65
fa8d044a
f61003df
ff9f00dd
ffabfc38
f956fd40
046cfa75
02eaf986
03870443
05b60710
fa64062e
0a4b0f6a
0ca90ac2
face03ee
06d4054d
0bfe0785
027c0000
02b1fdf8
ff29fcc1
fe1cf401
02c9fe29
008bff0a
fd96fe62
fc02fdd6
04effa49
09d5fc9f
f819ff47
f5d50727
02c6fd3c
071f028d
04250207
00b3fadb
03460281
0118f9a8
070c00d0
04cf0824
0dbf0276
090400f3
fe89fe3b
009904e3
05500295
039e061b
ff38fb23
016cf18e
fd2ff8e8
f7dff87b
02640322
0112fc96
fcc60385
fe0d05b8
fd6f014f
00e703f9
029afca8
01c004ec
00a0f8d5
fdb0fa1e
fc4606a1
ff6a0275
02ab00e3
0822044d
034201ad
fe19f5ca
042dfe20
0857fa1b
06f1f7c5
f707f71e
f822f499
04000000
06b3fdcd
07cd0379
ff400307
02f7f909
fe18f6cd
f78702f4
07150285
032cf871
f722fb24
027cf877
03b5055c
f956fff2
044afcf9
055100e6
fef2f7bc
ff5108eb
00100651
fecfff39
f934032a
06bbfef9
0993fe2c
0435fc00
01a103d4
ffe2046a
ff2efb7c
f566fc61
005a005e
fdcd03f4
fe7e01cc
037a0389
fd2b0715
06a1f9a9
faf0fe5b
0315046b
0d48feb6
02dbff4a
0348f447
0095fff0
01b3fd72
ff26f759
fedb08e1
f05c00e0
f970035c
06e702d7
f4cdfe72
0294021e
042ffacc
feb8fcfc
021d026a
0102033c
00dc07f4
fce30705
0371fbc1
f683ffeb
fff6fef5
0cf60043
00160724
0542fff5
0116062a
043c06b0
01ab03c7
f7a2034f
047507d6
074604be
fe610002
fbdf0746
0371fba8
05d70003
0043fecd
ff0cf986
ffbf0318
fb15fe2c
fb36f74d
0263f6fd
ff2206ed
fbbeff6d
0033fa3f
086703ef
0515f81d
fbedf9a7
05e10057
0bc300f3
0404fb27
ff56faba
ff93fdac
054700a7
038f0903
fd800364
fd7e02ea
f5310515
fcc30552
047f0616
fd640520
0acb092f
fc3efefa
f4def87d
067c01eb
f3c00094
f1750073
fc0901c7
0328fd30
04f9ff41
fd89ff7e
013302b7
f95eff28
021dff47
026e02d4
f11bf7eb
01d4fe1c
02b20079
fabc055e
08420908
0439fb37
fd23ff01
02d3fc82
fd94f901
ffbdfc07
06dffc3e
fb4e01bc
fdcd000d
0263fc7b
fa43fb92
0227f887
009cfd04
f52e0170
fbf5f6f3
0133f6ea
fe8801e6
fbf208fb
f9eaffc3
feb5fa9a
041b08f1
00850217
f7820049
f7b30110
0103fcba
03c6fe73
facffd3f
f76405c3
0215fc70
0056fdbf
fe1206f8
fded00a9
f75e0532
0334fd82
fb0cf828
f66c0013
0ea801e1
04d101eb
fb93049f
fd940710
fef4029e
0992fc5d
f81200c2
f1e80b54
fa360b69
f66f0147
040cfe9b
0521feea
f95ff688
fea8fdc8
049a00f1
0249f770
00fff9b5
ff75fe14
fefbfff7
00d6f71c
fb54fb27
02bb0440
0954061c
01f5072d
fc9afee7
f96bfb9f
02bdf79a
fea9fe89
ffb6fc57
09f3fa1f
037503a3
0230f94f
f8b3f68a
fee2fbbf
092501da
0122fef2
02530416
04430d5e
027901c9
fbf7056d
02200538
038af87d
0345f9b3
03a4fdc7
fc86f95c
0a15ff68
03df045a
01360056
021705d1
f99707d2
00b7072a
f363016a
fc0cfff2
042a002a
fae004db
04c80392
fc85fa46
f9a2ff34
fe6df888
ff3b01ed
0adc0626
07d7ff66
fafe0754
ff170514
ff2f0228
f757fcec
f86002c3
fa99022d
053503a5
06e0fee1
06cdfa2e
05e307d2
f696fb34
fbeb0248
ff4f0be9
fad1085c
04cf0824
0dbf0276
090400f3
fe89fe3b
009904e3
05500295
039e061b
ff38fb23
016cf18e
fd2ff8e8
f7dff87b
02640322
0112fc96
fcc60385
fe0d05b8
fd6f014f
00e703f9
029afca8
01c004ec
00a0f8d5
fdb0fa1e
fc4606a1
ff6a0275
02ab00e3
0822044d
034201ad
fe19f5ca
042dfe20
0857fa1b
06f1f7c5
f707f71e
f822f499
079efd4f
0033fbf7
fd3302bc
042ef9f1
06f4f405
0582fd62
fbf800d7
003ff9ca
04f2f998
fa6d04d5
fd3a0014
017bf501
fa49f80d
fe99fc66
037d04a6
01880924
ff4cfece
033ff51a
019dfe73
fdec0603
06ccfefe
fa00fd41
fb60fba6
0a4d07df
09580710
0821fce4
012507a1
0a1b015c
01dd025d
faeb0192
00f2fcca
fbd801f2
054400a2
035c065e
009efbc9
fc5dfdfb
fb070ac3
0699048e
08adff4f
fdfd011d
fe40066c
052eff95
f7810417
05ef05ed
0149035e
f6bd07f6
0926fbd8
02c1fc38
08b60292
02f6fc7f
055ffd3f
01acfebc
f60cfa62
0b2bfade
ff56f97e
fb7000fa
fe72fa95
f6faf20f
fe220b99
ff460180
02b9fcdb
05e70413
0221fccd
ffe1078f
057dfca9
03e801e5
066f0232
02d4fe1d
fd6604ba
055ffced
ff180326
f8a9f6b3
f846fee8
00c2050e
fb6dfc97
f9f10bd7
048d04b8
f9450682
fc500133
01eefa9c
03d70397
fec1fe2f
f87c0598
fea40409
f89fff82
fb0107b3
ff80019f
02ff02fb
02250542
f7caf872
fffcfa2a
06d5fe67
01f80012
04da0675
029a0188
02fdfd54
097dfebc
fd6800e9
fae7ff23
0473fb9b
088eface
0244ff44
fb56fdcf
036af9ea
fca508fd
f92207c2
facbfd92
fc43fe44
011d0036
fcb306e2
03a2012a
0363f841
fbbeffea
f5c30a46
f817facf
fea0f840
fd270105
02aff6ff
ffa00014
01c6fe86
0a39f6d9
0801fc23
ff4ffc54
008a04e4
0c4b07ab
fe600198
f735ffe2
ffb5fcb5
f904f7f1
fa9a0252
01e704c4
001ff962
0379f89a
057dfeaf
053a037f
05a9fb6d
f953f991
002bfe14
0ab5043e
0316ff1f
0af1f57e
06290134
fc6b011c
feec02b2
f9b30191
00a7ffb0
055c0230
ffd2fa6f
fe7301dc
ff01fc3f
04a4f797
f82bff04
f0d2039a
ff090299
fa86fbbd
f9cfffd5
0613fb7c
06ba06db
003309b4
fb4df8ce
f793fd78
f6fc04a2
fd4a057f
0013f940
fcf90276
fb260cda
fe68036e
fc0a0533
01effaa8
00effa95
f4b40236
01300677
ff5a0688
0055fbd1
0760060b
02bc07d7
00fafdf4
f4340326
fbd005ea
fe590181
f7b6ff8a
f9b1ff25
fd28fbe4
01aa03cd
026d034e
0757f7fc
fb1200c6
042300fd
0430f9eb
fa26ff8b
05e40069
fa610740
fef00680
fdf8fdbd
fba6063c
fa190515
f7c9fd43
0bfffcf5
06b601fe
025f0310
fab6f7ba
fa5ffec7
fe8d0402
fbbbfaae
0510fd91
fb130298
f64801b0
f14ffd87
fe1afe92
0b1c01d7
fd6c0086
012af967
fe6cffe3
027c090f
03cfffcf
ffeffb32
092ff572
ff28fef3
fa4dff25
ffedf93a
fd390a1f
027dfec1
0b9afff6
02db0656
febcfb93
0781fe56
fef1057a
f5890bb5
fdecfd27
077cfe27
0333f9af
fe71f4ed
02bd0715
fe81ff31
fbef03a6
01d50341
029afd6d
06920427
0411ffc0
fb790029
ffa2fd08
0103fcbf
fd4cfd43
ff1a055c
016c06e9
fed4fd90
fa7b0045
fcd7ff4b
08b605e7
0c4704f1
039afed9
032cfc56
0004f809
f8db00c5
f466015d
faa3ffb8
079efd4f
0033fbf7
fd3302bc
042ef9f1
06f4f405
0582fd62
fbf800d7
003ff9ca
04f2f998
fa6d04d5
fd3a0014
017bf501
fa49f80d
fe99fc66
037d04a6
01880924
ff4cfece
033ff51a
019dfe73
fdec0603
06ccfefe
fa00fd41
fb60fba6
0a4d07df
09580710
0821fce4
012507a1
0a1b015c
01dd025d
faeb0192
00f2fcca
fbd801f2
024405d4
0614096c
f697ff7b
00a703ba
fd3a04bd
0916fff9
08de061d
0101029e
056a0187
f9bd0391
02fe03f4
02ddff7f
fc49f384
fde6f49a
098c0451
044d0833
ff24f2d0
0a48f7c7
ffed0716
051dfa4b
fef5fe8a
fc09fe13
faf2fb19
fc7e048b
077bfe95
fb410188
041c061a
fb2bff9c
0090fe73
0d4f057f
f9750645
03a102fc
0d2c037a
06ccfef9
fcf3092b
fcc20689
ff14fb1d
02d70238
0434fbe8
fefa01a4
03e7086e
fe120079
00dafbfe
042cfd76
fefb0861
ffcdfb64
0500fbb9
06860314
ff2af24e
fe01feca
fafb05cd
fefdfe7a
fa8a023d
f7d70255
017c01b2
fcc3015c
fcc801c1
fe65fa74
00e3fe5c
0114fac1
02aff51b
06c70758
fe60fe75
fdd2fb50
07f9040a
083fff48
fd7e018f
0060fa80
06700410
035b0ae7
07040119
05c80578
fe84fd53
028afa4e
032503f3
f9ffff5d
f820fecb
fa4e02dc
063cfaa3
0a17f556
fd13fafd
fd4e01ad
0712043c
04aa03ad
ff580650
056a04c5
0421011e
065bffdf
fee0026e
f3d40289
012bf928
fe1bfc0d
f95aff7a
feecfbb9
041bfc80
007afe46
f869fcd6
0170f7f8
04f3ffb6
014c016b
f95afaaf
0136fd55
095f0010
0204fdd8
0374fae6
fc0c0083
03d80114
07390335
fac9fe57
006ef4ab
fe210187
feab043f
009eff37
fb13fe76
f6b200f7
f2cf0392
fefdfa72
0474fa9d
02400003
0106ff51
f6cc0214
f8160d3d
fb8b0901
fb27001e
fc11049a
faa8010c
ffdf009f
0814fb44
0187fd55
f6a504f0
fffdff98
fecb018f
fce400d4
05b20646
02dd0302
ff41fbeb
f60f0331
fc2cfd7a
0482f9c4
0178fec4
fdc406d9
fc5b05e3
fdca013d
f5450509
ff16009e
ff19fdfb
fcc304f4
033306ed
f775f8f2
fce8fc37
08fd0a11
05a103f8
f9e40288
ff89fe7d
f939fa00
fb5ef932
0741fc29
f4f7010f
0696f937
08ba0067
fd950051
fe5bf590
ff7cff2b
10a8ff40
febcfdc5
ff6a0174
0b05068e
03180c44
0111004f
00e0fff3
02dc0504
feb4fe8c
04e0fa15
01d4f987
f8b501a3
f861fc6c
05c1fa2f
03b6fe57
f7ec028e
08b20a15
01c0ff74
fcaa0949
04ef029a
ff02f125
fdb7020a
0120022e
fd980626
fcb90145
03f6fd25
fec6ffee
0533f583
fe5eff24
f807ff1f
06b506b0
ff1c03e1
fc6cf781
ff970228
f9d5fe30
f3e50607
fa9702c7
fd70fb94
000d0396
00cdfd74
fc6002a8
01a70407
f79b03fc
05320672
01cdf9fc
f586f5c1
09c40370
fbb604b6
f935fb3b
03c6016f
ff4901cb
f96c04dc
fcb9068f
0344ff92
f9c20228
fee5fb49
fe86fb7a
f86a03c9
098d0111
09c10249
f79d0478
fe1afb93
ff8af626
fb1ef4bc
019af2b0
0167fd61
03a8ff71
fee7fe60
03d8fabb
02aff49e
0325fe5a
03bbfbbc
f2ff01f2
fd0105e5
0374faf9
0c4502d9
074f031b
fa77000f
02cfff10
fcefff5e
fd8002d2
f92dfdc8
f8b6fc2b
fc9cfb6b
f91101ae
fe8b0631
078806b3
07f00a84
03090385
050ffd46
00f8fb69
ffd8fd01
f7a6ff5b
024405d4
0614096c
f697ff7b
00a703ba
fd3a04bd
0916fff9
08de061d
0101029e
056a0187
f9bd0391
02fe03f4
02ddff7f
fc49f384
fde6f49a
098c0451
044d0833
ff24f2d0
0a48f7c7
ffed0716
051dfa4b
fef5fe8a
fc09fe13
faf2fb19
fc7e048b
077bfe95
fb410188
041c061a
fb2bff9c
0090fe73
0d4f057f
f9750645
03a102fc
069b0061
060605c6
04300185
f635ff51
fef7ff1e
fe3205f2
fec1fdc1
0be3f774
05cffd19
fe3c0119
001f00bb
0240fd19
0321fe43
066f0347
0ae602ac
0263fed6
fb3f00c1
02d6fad8
fb86fdc0
fd8c0592
0557fe87
01730208
009402f8
feb2fed4
079e0155
040dfaad
01dfffaa
037105d3
fcdaf578
fe74f287
fb70f8ca
0085fdca
02bc00a2
025cfc1f
02bfff4d
fd64ff4b
fbfdff72
0096fad7
0725fe31
02b9fc91
054ef521
077506a6
0431f6a4
0328f3a1
010ffec8
fa43f611
f4f106c1
023ffd3f
fecbfef6
f85506bc
ff8ef799
00e402d4
05c605f7
04280340
034802a3
0872025c
04040282
f575023a
f7d404fc
069fff9c
09930387
050c0425
f938012f
fe670401
048e0625
f74a0730
00490113
0726fce2
fe03fd74
039f0490
04ca0478
0824fe0d
01c8fde1
fbcffda4
084cfa54
fb88f4f8
fb8a0047
02280243
00aef633
03ac0344
f775095b
ffd600a7
03e4038f
ff3a00d5
ff76fcdb
fd500324
fef4fef0
fe7cfdeb
06650822
fdc1016f
fd94fc24
037e0357
fdb8fe07
02cefa99
fe2501b6
0338faf6
0746faa0
fd960497
005a0162
00720545
fd140291
02e901cb
fcde0b91
fb19ff58
01c0ff7c
f7f70470
fbcffa7f
f87bfb50
f976021e
03700227
febcf598
097ffac9
ffe40764
f802039f
0204020a
0209f90b
fcdff402
f9f0fbe0
095c0409
0350040b
f8c4fa45
0206fd1b
038d0427
fd7400ef
fd1202a7
0282fffa
fda8fd71
017103be
fdd2fa90
fea6006b
09fc0b21
fce9feca
fe010169
f96dfe12
f896001f
0b600435
007dfb30
fe450509
fe14ffb8
f7a300e1
ff2f07db
fc28017f
026407dc
ffcc0061
f1bc0735
fdfd14ca
08b005f0
ff94fae4
00faf8f8
06d5fa29
01fbfe6a
07f20470
ff02fe49
ffe3f6e7
083900cd
fa110674
00aefe19
f89bfbb6
fa9102b6
0165f8f7
f283fb93
f94105a3
fda6f9e8
0373fecf
fbe60310
01530081
0906fd93
f8b9fced
fe710688
fd3efc6d
0250fc17
066ffc49
0219f587
056904bd
fcc2065c
f577ffa5
f4e2ffb0
fe08ff67
028afce8
fe5cfb3e
050ef973
0a36f70e
fb51fb9c
033affc7
04bf01dd
f0cffb39
0248ff04
ff740380
fe890031
08950177
00a9fb0f
02180536
0123fda6
02a2f773
f98e06df
0079fb8a
fe1500aa
f9430371
04adfa61
f59efc71
f776f7ab
fa6c001f
0299099d
06c50472
fbcdfbd3
feccf63c
fbe0f7a4
0114fc49
fe780064
f977081c
ff500600
00aefe9f
fbd1fcf6
fcc6ffe0
04710d5a
0513fe4b
041af3c7
fad90499
02d30320
0af302c4
fc330955
f88605ac
05aaf766
06370670
fbe41206
03d8fced
013dfe6b
fcbc02d1
0063fb1b
03f3f4df
ff3afce5
fc55014b
0a2502c9
ffcf03ec
ff68fc58
ff4006f4
f8c4fe69
ff35fdfc
fbf60626
004a04b8
fe850925
0091f654
05e2fcec
079a0733
fe2a0835
fa7708cf
fa7dfd69
f1610501
06a605d4
fdf904a7
fa1dfbd8
0465faf2
f5fa07a6
01c604f8
02f5022b
047efaac
069b0061
060605c6
04300185
f635ff51
fef7ff1e
fe3205f2
fec1fdc1
0be3f774
05cffd19
fe3c0119
001f00bb
0240fd19
0321fe43
066f0347
0ae602ac
0263fed6
fb3f00c1
02d6fad8
fb86fdc0
fd8c0592
0557fe87
01730208
009402f8
feb2fed4
079e0155
040dfaad
01dfffaa
037105d3
fcdaf578
fe74f287
fb70f8ca
0085fdca
fcea088b
fcbefbc2
f44d03dc
fb62040b
fb44f8eb
0129fb40
0180fddb
fecdfdaf
01fd0217
ff840195
0326ff9d
fa4001ae
f91dfad4
f970fbda
fcc8ffc0
03a2fdc1
0764ff96
0fffff1c
031ffd57
ff54ff7c
05090445
fc85f5e0
f6b6f694
0168096f
044efdfd
fc81fd99
038a0133
0188fcd7
fd2e036a
faacfb13
fe24fc94
02a00a08
fd0b097d
fc0101c6
ff4400c2
0776094e
019e0738
071104d0
0af10499
fed5f840
0491f776
0a150210
0bcd01c6
020ffbc1
01e5f82b
0429fcc9
fad201bf
fd62fddf
fb82fdeb
034cfd6a
0b4c009a
02ec0659
017803b0
03c406c0
fde0fdcd
0523f6d9
085fff2e
ffe1f791
0a62f607
0457fdb6
fe7f0457
00d6039d
030ffc48
0c1c0855
02d60a3a
061d04e4
fe0101ba
f2bef7b1
fdbb06b6
fa3809e9
fb84f890
010ffa65
0294fc80
01a0feb1
002006dd
fd2007ed
fd9102c6
03b60145
f7fd03ab
fae7fb9d
0b59f94a
fb44023d
eb4afd2c
f9340161
02da091d
ffeefefa
02b7fb7c
026df6cd
fc62fe95
039b0426
0b37f77d
fe14011f
02900694
0735ffe3
fbeef9fe
06c6fb6a
ff0dfe6b
f251f771
fe9904a1
0539039e
0785fa68
feb1fdf1
f8e5fa7e
fd660369
f64f028e
fcd1fe73
0c5201c7
fdf001ae
f950007f
042afed7
fcc305ce
02a7ff87
0597fcf6
fb9b020f
ffa5fd53
fdb10302
fd0804dd
08d9fd34
06640064
fae009ac
f83d0318
f533fba6
fee202ad
07c805a9
fc3bffbb
fcfbffd3
03320514
fd61fe35
f7b400f1
fc0c040c
fb94fe0c
fc7101a2
0438fbc9
fb89fe4a
025c0547
04d5000a
fbebfc40
01b6f861
fe7afc8f
0692ffb3
ff06014e
f5a6ff8b
0670f7ab
088cfea2
04ff0282
025702a1
0634070d
faf2fb6f
f97bfd61
0b6d03d9
ffedf9c4
fd7d000e
02ce00d0
0743ffa5
00120361
f1bdfea1
01840065
02c1fdd6
fda8fe63
fa6ffca2
f140fd78
fa6ffb9d
fa42fa90
fb5908b2
01e3fccf
fb21fffa
044f0a10
039cff9a
f55cff99
0117fb81
fed6feb6
f885feff
017305e9
ff780697
0181ff19
006305b5
ffc3fb14
05e9fdde
08e6ff74
0547f97d
f689006b
f5490134
067403dd
059e04db
fb500520
03adff7f
fe9d04c7
018d038a
08cefe65
f7250730
019afe60
039c0121
f593fb78
fc7cfb34
fcf105fd
f7a8f931
f703fece
fd7bfdbe
fc02fb84
fac3020d
00910269
072e00fb
0a34f659
00bf0243
018909a7
03b500df
fecb0136
fec6ff04
02d4fa7f
03b0f8e8
fc7bfbfe
fff1fff8
054e02fd
fbf0faa7
f517fd3a
f8320801
ff0aff41
0526fe67
020bff71
0067fbbd
ff54017e
fa1b028b
00c7f667
0594f986
ffaf09ce
fc0303b0
024c012b
016e0561
0002ffe5
0653fe07
00c7045c
0642063a
09a8fc7c
00e9029f
fea20457
fd1dfe27
00a10134
057cfa17
00fef94a
f8a1fe72
006804fb
022affec
fb8efde8
fca608de
fff9fade
02b0fd9c
fbfdff81
ff95f7ff
069b038d
0ef3f8f6
08750373
fcba0aca
024dfd90
f92a095b
fddf00da
fff4019d
fcea088b
fcbefbc2
f44d03dc
fb62040b
fb44f8eb
0129fb40
0180fddb
fecdfdaf
01fd0217
ff840195
0326ff9d
fa4001ae
f91dfad4
f970fbda
fcc8ffc0
03a2fdc1
0764ff96
0fffff1c
031ffd57
ff54ff7c
05090445
fc85f5e0
f6b6f694
0168096f
044efdfd
fc81fd99
038a0133
0188fcd7
fd2e036a
faacfb13
fe24fc94
02a00a08
0272faeb
fd29fcf9
fa710446
f941f8c5
f498fa1c
009c0589
05fe0881
05360420
09e5fed5
05fc02c5
fe7201f0
01eafd0c
0054f74e
fd19fb5d
04ab02a4
fe8001d1
fad2ff80
024dfead
06ccff87
09adfee3
03c8035a
f97d03fb
f9e903ee
0235fea1
ffa4033b
014a0549
03cbf81a
fd080074
0492fcdd
0807fef5
fcce0055
fc81f9f9
05950288
ffb90107
fa570589
fc30fcc8
fa9803b8
073804a7
0336fcf0
f9ee0d31
05acff2d
050c0392
07f100ff
0463f64e
f35d04c5
f4b50222
fcd00115
0693005d
08c501ac
0029f87e
02fcfd3c
00d3030f
f89cfab3
fd9204f0
049cf8cf
0a1dfd20
ffe70320
fb7df9d6
056d0282
f9b0fc1d
fe7901cb
03b1039c
f99a0146
09ec0419
08f0f7ca
f748f984
fa5afe79
055c04e5
0584fe90
fce1f65d
00fa01e2
03110448
fab30952
f8b3047e
fd6cfebd
063bfd84
057af941
fa3306fa
fc87ff6b
ffe8fb0f
f9eb0402
f98bfcff
f75a0008
f722faec
fd64fe0c
036f06c9
0588faee
086cfc3d
04effe0b
fd7cfaa8
077efcf3
01c3f6ac
00c5fdac
0ded0a09
00d3fd2a
0688fcfc
088a097d
f65bfd37
f9d0fa14
fdda06b7
04e1fbcd
074eeee3
0299faf1
03fd0402
f81efebb
fa99ff7f
02e80641
fa850080
01e5fda5
022905c0
0231034a
05defd96
fa3cfcae
feaf0567
ffcd065c
ff1c0036
faaa04d4
f18d012d
ff8b06c5
fdcf0622
f51ffa69
fcb905e9
01870af2
fcc50817
009c04ec
0801fc27
01b9fde2
0cd4fe54
0a34ff64
fb7e06dc
057f03fa
0956fe4a
0370f7bd
f948ffdd
0273097b
06c2fb85
f58d0050
ff73fe37
0085f6eb
fe450460
064a0200
f4b6ff1d
fb3a004b
09200370
fbf4009c
fc120077
fdf70081
fc2cf5ea
fcacfff8
fe5500e1
00730318
fdaf0cb5
01850169
0266fa19
febb00e5
fab6003d
fb58f700
0213047b
0048fd18
018ef109
020200a2
fcde0037
027008e6
fe450385
f7ccf693
0804004d
0220fe21
f6920469
ff3f0765
fde8fea6
04d50760
00dd03db
fc09f81c
0672f8c7
03abf96e
01b4ffc9
003cfbb0
00e5f6e7
fa1401f9
f99d0515
02f9001a
fdd8058f
fb5707a2
fa3cf4fb
fb59fe5e
f831086f
f57cf65e
fcfffb3f
03ba0103
0560fce2
0570fa2c
035fff43
fc200285
02990024
ff94024d
fa5b0345
fe640c44
f9c80281
fb4ff8b6
fcc5013a
fd01fda4
f61ff85a
ff7afc90
004d0039
f3f7fdd6
00b0062e
fe6d07f3
fd51fffc
fb12ffad
fb08fe6e
fab9fc76
f9280077
034f041b
f64efe89
fc8f00d2
01a3fe04
001a0027
0361ff6d
fdcaf6ef
03c307ed
fce90527
0169ff22
01d002b0
09bcff27
0e3b03cb
fe25fe68
088afa81
008afd6c
fe0efff9
0211ff9d
00ceff3b
0218fb7c
fa1bf9a7
0555fad3
0214fec8
01180b47
037b02c2
ff01fe6a
0304054b
00320383
0968fd1b
086b0043
016c08d2
0692fd26
082a031a
082e025e
044bfcd6
f96c0423
fcc8fc33
0b7a048b
000700e9
f872fba9
fb9604ba
fdd8fb94
0585fd7c
02c60492
0272faeb
fd29fcf9
fa710446
f941f8c5
f498fa1c
009c0589
05fe0881
05360420
09e5fed5
05fc02c5
fe7201f0
01eafd0c
0054f74e
fd19fb5d
04ab02a4
fe8001d1
fad2ff80
024dfead
06ccff87
09adfee3
03c8035a
f97d03fb
f9e903ee
0235fea1
ffa4033b
014a0549
03cbf81a
fd080074
0492fcdd
0807fef5
fcce0055
fc81f9f9
faa3fb60
0341004a
fffbff44
01ee0277
ff59ff99
ffaf0257
000d0744
027cfb26
01edfec3
fda3fa01
029d0140
04210416
fcb5ff45
feac0537
fe19fc90
fad50142
01fbfa36
f9eefb09
fe780adc
fcf205d0
f64a08b2
05f3ff7f
ff9ffbcb
0321ff65
03c3f786
0340fbf5
083df7f9
f7620403
fd1b057e
008df12d
ffe80316
06a70701
fef10288
fd400470
fe5effd9
facd04d1
0545fb87
047a053b
f7380557
0cb4fb30
0d930ac7
faa40203
f51f0161
f7be0790
1086fc12
0532f972
f569fcdc
ff30003a
0117fb5d
0101fb09
01360021
05b2fae3
0207faf1
0bb50728
0cb905d5
01cb04d4
06200804
ffecfc61
014000f4
04910034
fb2ef7fe
f0ee0365
f876ff76
0749fcc9
074d02de
05beff12
fc6605c9
f64102a8
f7acf6a2
fe01ff05
05b7fd23
037ef790
020f013d
033bfdb0
0163fa48
f70eff64
f8ff006a
ff82053b
fc7802c0
01d6fe79
03a30320
04d8fcfb
09d2f8f4
03dd003b
fc620138
052a00ce
078b0248
02f1021d
06fa02bd
fd54ff08
fd49fd7c
032f07f8
fcb103b5
fadc0016
fada03a0
0145f7b4
00a2fe1a
fd7cfde5
fa91f778
fbd80387
09d20526
05aa00cf
03d0ff69
04e70006
fd26f710
fd4f01df
ffef085e
031afa87
fa6d00f9
fedffefa
07420661
fff30133
0373f6bc
0446ffa2
038af71f
fbe80021
f90008e5
ff8605f9
fb56ffb0
fcdbfee3
fd6703c5
0169f8b9
019604f4
02410889
0aa2f8ef
fe3cfcf8
f4affce9
f9d6012f
fb3e09af
0003fab2
0c83fdce
02a60d1d
f668fd1a
fa910134
f9d30575
0186f834
f49d00a4
f3ebfe88
0595f877
f8de03b2
f963022e
ffe4f2ff
01e1fe0c
fd8a08ae
fc0bfd99
05b2fe40
032a0352
057208ef
017300b2
04c9f351
06acf9ed
fa6efd9f
fe010067
f9d402fc
f946feff
02d3046e
021001db
fe1affa1
01be014b
06e2f684
fa1a032a
f42108e1
00ec032c
019601fa
feb2faaa
05990271
01d1fc33
ff810081
ff53ff79
ffe7f7fb
071903c1
f968fe57
f4ec0951
fd2a0369
fdbdfcf5
fd0905f9
f7e1fdde
00220146
ffa1fd5b
fdaefecf
ff24fd99
fb770045
09740471
0699028b
fee10a77
010bfbbd
fe12fbf4
059b0401
0536ffc9
ff120126
02c90180
fc5b0462
f8b3fe65
05a5f955
0096fc54
fe0003f0
02b00405
fb77009f
ff88f836
f9a2f268
faba0041
0265fd9d
ff4ffbef
020001cc
fc16fb4a
fc19036a
f7e90d1a
f605fe43
fd12faf2
fdf40523
0040fb48
fd77fd82
00fe05e7
feed08de
fed607f2
fe5d00da
fd360bb9
04d106dd
01dbfd69
071fff81
0319fb09
ffb800dd
f9b1fcbc
f9b9f7c4
0deafd78
fa19f870
f35dfeb1
039b06b2
026afd36
fcd9fade
fb8cfa9c
035ff93f
07b0fdcb
0c2ffc60
fbddfdf1
fd36078a
06f306eb
fda5ff4e
0b2ffc99
0165febc
f8340363
01b9f93c
01ddf8cd
084a03c4
064cfe27
0873021a
0868ff02
fbc1f36a
01c2fca9
092d0cf2
ff03003c
006ef5c7
f9e808e5
fa10ff76
0bf403d6
fde30bc2
faa3fb60
0341004a
fffbff44
01ee0277
ff59ff99
ffaf0257
000d0744
027cfb26
01edfec3
fda3fa01
029d0140
04210416
fcb5ff45
feac0537
fe19fc90
fad50142
01fbfa36
f9eefb09
fe780adc
fcf205d0
f64a08b2
05f3ff7f
ff9ffbcb
0321ff65
03c3f786
0340fbf5
083df7f9
f7620403
fd1b057e
008df12d
ffe80316
06a70701
02b3fc2f
083904bb
0352fcf6
fb040213
09ffffe1
028cf98e
fad805a5
0420fe77
03a60410
f74703f4
fd23fc31
07c103a2
fa7701f3
016af5dd
0772015e
fa0403ff
fcb8e5b0
0181fd94
fd030cdf
f6b7f680
ffde0405
074c0555
fa86fff4
f8a9000d
0159f8af
007cfc1c
038e0064
071a0328
fd060413
fefe0527
02160879
fb9806a4
fef1050f
fe220462
fe74031f
fab80193
fa4a017d
06c80595
00f00218
0281fbe1
0c21fba8
027b075a
03140adc
0349faf0
fbdbf99c
0152fe2c
fb1405da
fecf026a
071cfa50
f3bd0315
fe0ffdb6
024dfa20
ee47f509
fdc4f381
0bbdfcb6
06c90304
fcc30744
012100f4
0bd702ca
08defcd5
0574fe94
fef204e3
06b6fcf4
0a000097
0297fcb5
029bfbd5
fea4fc91
010bfa51
06ea013c
04fb06c9
f8faf8fe
fe6af52c
0b1305bd
04aefb24
056205fd
0a990ad4
06effd4b
fcc00758
0051fd9c
0057fd05
f897fbc7
fc47fa4a
faeafec0
069ffb30
07020407
fc070276
02c00506
033a02f4
fe86ff18
fcc6fd47
040af559
ffbefde7
fef9fb80
066ef8c0
fe5b0018
031c0716
fe1a0288
fd2af64f
05a402a3
fb280472
00bbfc70
007c0261
fcad01c1
035e0481
fad7fdcf
f737f4c5
00a501ea
037dff5d
f789feb8
f6550763
fb8e00d5
ffc90575
016d03d7
f43b0303
01b90478
0a8efbf3
0795ffb4
120bfce2
0289fb0f
fabc00a7
fbc50539
f890ff6c
f9dffb78
fe050887
0598015f
f953ff01
fc2f0609
0579fc80
fdef00a8
fa0d09b4
f5bf0162
fc6300af
00310903
faa103ed
ff0b0537
0255000a
fe07fc6a
fe6e060e
fa60fb48
fdd9fca0
feb30481
fc9eff8c
0ef1fb3e
fd20f8e3
f365fc60
fe230007
fa3a08d9
0524023f
fd6afac9
0179fffa
035f01cb
fdbb050d
fee1032a
f64808c6
fd350552
f546038d
05d006a6
0ad3f9e7
f7f300f9
02c60254
f978f5e2
ffadf879
026bffab
f932ff3f
0092fd50
feb7fce0
034df640
0128fd85
fa4bfe5d
fafffcc4
ff400238
02a2f8aa
019dfd64
00b103cd
039302c9
0068fa66
fc21f7fa
04e805af
0112fef6
0124fac3
fc16f17f
f3e2f3a1
026207d1
0111feed
02da04d3
01e10286
f6c8f61f
015400cf
064f0244
04090ce3
05700776
fc27f9b1
fa40fd9a
ffc6fdd0
fa6e03e3
026f045c
0931093e
051202e5
0128fd5b
fc6707a5
02e301d5
feee04a4
0061fdee
0686fb28
fd9001f3
fb81ff68
fd9c025d
fe74fe19
fa3403ce
fbe6fc20
ff24fc93
00e60428
04bef916
02c0006c
00e5fe1b
f5270189
f5effe7d
0385f979
02050214
ff7cfe2d
03230b54
026506c7
fea8fa85
06a4fb76
0c04fc35
087b0418
019905ab
fbdf00c3
fd7cfa37
fb760304
011efe58
0523f8db
fe47001e
fe02fa79
fe21fba6
fcf0fd11
008302ec
05750194
fdcfff22
f3ac0657
ff2104cf
08600251
fec1ffed
f93bfeba
fbc5fbbc
fcc0ff19
fe4d0148
033201e5
05d1ff60
0570feae
feee00b0
f8cff93b
00a50731
fecf07a6
01fe0128
0bc9011f
02b3fc2f
083904bb
0352fcf6
fb040213
09ffffe1
028cf98e
fad805a5
0420fe77
03a60410
f74703f4
fd23fc31
07c103a2
fa7701f3
016af5dd
0772015e
fa0403ff
fcb8e5b0
0181fd94
fd030cdf
f6b7f680
ffde0405
074c0555
fa86fff4
f8a9000d
0159f8af
007cfc1c
038e0064
071a0328
fd060413
fefe0527
02160879
fb9806a4
00820a93
0755fdef
0590ff3b
04cffec5
0a3100e4
05f1fec8
03bdfb70
04d0feee
0249ff46
0a55f8de
0407f974
ffe609ca
04e60029
fb86ff19
01a7057b
01affe07
fc550487
fcf2f8ce
0204fca5
08e30721
fc1efed6
fee8026b
050202e2
01d0013f
0335fd6b
fb1b02a3
f8af05d6
fbacfc67
ff18f85b
06fcf941
063ffd09
ff72fca3
01c900a2
00220814
024c0551
0a08fcf1
04290293
0532ffb5
0687f659
ffe20125
fd8402a1
05cf01c3
05c1fd58
faf5f8bb
0423fe3a
ff30032b
f99c0102
05b4fa8b
ff0405ff
fcce0003
00e8fc58
04d507e9
067dfced
f95bf9a5
f5affff4
fe2f0359
feda018d
fc62fd9c
fba7f9bc
f6f3fea3
ffa009f8
0832084d
ff070476
02ff0191
06f8fd10
026afe20
ffb307ca
fd4503b7
0312fe90
fe430014
ff60fd78
074afde5
04c5fbac
071d0057
fb2dfb4a
f86e02ae
02b00389
fe9af7f3
0244fda0
07ebf230
04a6ff60
fb7404a8
fe21fbb0
014eff89
fac50165
00310c0c
fd4f0025
fc7b047c
fc120172
fa90f930
094e016c
0698fbe5
027bff74
ff49ff75
f5cc0910
fdf3ff07
fd78f8ba
f744026a
f920f7cf
f98ffd9a
fa10fda6
fd30fe77
0597fea7
07f6fe10
025804d3
ff1103e1
029efd81
059ffb50
0560072b
05230272
034c027f
00b7059e
fb3f066f
ff7a0251
fcbef9c0
f2bf02b0
021bfc80
094b0409
fb9203a3
fa8c011b
01de0641
fb29fb71
fd0505da
03c9faf9
f9a4fb00
fd7d0038
ff4bfb2a
024c08b1
099c0213
01ac088c
0184ffae
fd53f73f
01490ada
0971ff5d
0121f96a
fbd002ba
fbac039b
003c01b2
ff8dfb99
fc82fc5e
fe8c02bb
ff52ffed
ffbbfea9
018ffbc1
feacf9af
fea00477
0535ffe4
0090f9cc
f9cafce9
febc02f7
06500985
f91f02d3
f996fec3
08dcf98a
fccffeae
033f0267
0671fbdd
fc1c03e3
0634fe79
00adfe4b
f04d032a
f4faf9da
02be01e4
03fa082c
0524ffcb
fc81fb2c
fcb4f990
ff99f59e
f52cfe97
087a079c
04f40064
fbbdfc49
04f7fe14
f6b405ad
fb8f01d3
02b3027f
fdef01f7
05bdfd32
03d50b22
fd5bfd7e
06c8002c
03c80404
fe93f468
01ff0374
f63afa31
fafefe34
ffd00998
015afe79
03fffddd
f888fb78
015f04bd
fe5100a6
f53dfc9d
fde0fe99
ff7d003e
07690aaa
00c4ffbe
f6edfa96
fee60124
f5f703d3
f9a2ff83
0547fa2b
fa6df5fa
f78df637
fb5cfce6
09dcf53b
096dff10
fc120bfa
02e1026a
04c7faa6
0838fae1
0037fd97
fb4eff22
ffe10a09
f67c01cb
f716fa20
fb9a068a
ff64031e
fb1e001b
fce5fd34
04a0fca2
03f80683
00560666
f9cc0298
000004be
002001fc
08cafca6
0a5cff4a
fddb0274
0842fca8
ff9afa60
f5cd037c
01f500f5
fe8dffaf
f44204bb
fdec0224
fe7805ba
f536014a
fea1fcfe
0199ff22
05470350
00b00a2c
f59e0286
fbf0fbe2
034cfd9a
01a103cb
fac40143
005bfee6
02e203f5
0282fa45
00f5fccc
fc2efda4
00f40057
008808cc
044df54a
03c2fdd5
00820a93
0755fdef
0590ff3b
04cffec5
0a3100e4
05f1fec8
03bdfb70
04d0feee
0249ff46
0a55f8de
0407f974
ffe609ca
04e60029
fb86ff19
01a7057b
01affe07
fc550487
fcf2f8ce
0204fca5
08e30721
fc1efed6
fee8026b
050202e2
01d0013f
0335fd6b
fb1b02a3
f8af05d6
fbacfc67
ff18f85b
06fcf941
063ffd09
ff72fca3
0747fddd
07f8ff1f
ff21fe74
fef406a1
000f0334
080cf7e6
0101fc77
01640681
0c18f930
02a3f706
fc5e067e
00370643
001bfb2d
0356fd13
00e90b0b
fb770130
0527f8c6
043efbca
f762fa77
fd4df99b
029dfe6f
fa3c06f1
02abfb7b
097bf9cc
01260328
0296fcb9
fe45f7d3
f7da0486
fe0907d7
065afe30
035c01f4
fe250184
ff4209ce
f8030051
fab5f929
0010083e
f8b3fc25
fa74fe22
fe7d01ab
0368f94a
0d1ef644
03fd018a
f7940279
f791f37e
f65000d4
ff64fc29
01abfe73
04c70261
0ab9f9c6
00ec0413
06a9fdaf
07aafd4c
0180fda7
007efb5d
05c5fdd6
0bd401ea
ff4807d3
00720807
fd29052a
ffbb0079
0c4d033d
0733f876
0a23fdb6
01bafe7f
0137fa8c
02970523
ff75f86d
096f039d
fc80022c
fbd8fc82
053605c2
03b5fdfb
02a40658
00a6082c
02110791
f8dc013a
fc5a00ff
ffb00336
f7d4f813
f865fc9d
fbdeffb0
ff540355
fbdbfdd1
ff42feff
fa0f0ac1
00210284
0752fe47
fe9c02df
0d400412
ffcb01f0
fcc50445
082906eb
fa470206
01f8f828
002ef8ac
049dffaa
0602fc86
fd09f8c4
0172f972
f91bfe96
ff0c032e
05750d77
0202114c
021a07b2
fb65fbef
f6eef7b1
fe25017b
002e01fd
f45c00c6
f8cffa48
01a7fc30
030e0954
ffab0225
fc0e0179
fe6b02de
fbc2fee8
fe80faa7
fd67fcec
fda803c1
013800ef
f95c01f7
015ffec7
0afaff11
fed9fc79
060ef9e2
0bf5044e
00cd017d
05e1fedb
fd26fb2e
ff84f460
0016ff56
f4a6fe1a
0699f64d
fcbe03b9
f9bb01d9
042cf845
f878057d
005d0bf6
ff3bfdfd
fb57fe62
060106fd
01e6fa4b
fda3fd28
fad6fce2
f41bf91d
fcd703f7
0049f960
034d03e5
01f402f6
f752f358
ffc80549
fda6074a
0704024b
0714fa83
fb45fddb
01200931
f525fdbc
01010092
01cc0214
fd0efe0e
066f0602
fe6d065f
04bc0283
fc4900e5
fac30178
00d2faca
028bfd96
07780305
00c9f9d6
058107bb
fe2a0844
fb8ef84c
ff970203
fcfafe71
0924f946
02d7ffc2
f897fd05
fd6ff5b9
f88ef921
000f01d0
0497fe34
fa96ff98
00e9fffe
f4d6fc76
f207fca9
fe10fdf5
fc60fdbb
09c80094
0068013b
fe14f37d
0cf2fbae
fddafe16
f54cfd3b
fb0f0c7a
fbbf0253
002e0057
02d5feaf
f957fdd6
fa5903d1
fff8fbae
03d00098
008d0471
fdbeff0b
fcfbfee4
f5510701
020905b5
faa8ff3e
f8ca015e
048d0083
045002ad
06530388
f3760424
056a02b5
0f5701e3
fdd20035
018200a6
fd5f0656
00d200f3
02fe00df
0206fef3
fc43fb91
0442fce9
05f7feea
f9f4fff6
fe6bfb42
f367072e
fb2b0a9e
058c0388
03ed02c0
044a0782
fe030d9b
001efbb8
ffedf797
06ad01f3
047203dc
012c0157
fefefadd
fe92fdc9
0727fbe2
feb80732
fe480854
0283f2c9
02def72e
fc3001b7
faf206da
07eefd65
03b7facd
ff8607bb
028c0077
ffdcfe97
ff46ff9b
03d4021a
fa04fff8
f755f921
ffc602a2
fc44ffee
0747fddd
07f8ff1f
ff21fe74
fef406a1
000f0334
080cf7e6
0101fc77
01640681
0c18f930
02a3f706
fc5e067e
00370643
001bfb2d
0356fd13
00e90b0b
fb770130
0527f8c6
043efbca
f762fa77
fd4df99b
029dfe6f
fa3c06f1
02abfb7b
097bf9cc
01260328
0296fcb9
fe45f7d3
f7da0486
fe0907d7
065afe30
035c01f4
fe250184
05220418
fff6f8f7
f966fb92
01f703a8
0288f897
f65400bd
009004c8
0d9703de
0302032c
02dc01af
0b9a02e6
fcc604fd
fdb70063
fd84fde7
f8cefb8b
034bf0d7
ff20f6e0
0461fe87
03280680
037302f3
0b99f420
0683fb62
0579025b
00f10222
01bbfee2
feb0016c
fd2cfe73
009df151
fc50fa32
028f0077
0564faed
fed6fc08
ff42fa4f
0065fe37
018b06e9
005002ba
f75cf93b
fb28faf9
03b4044f
098d03c8
fd4b0267
f4fdfe57
06ccf913
fe94034e
02590344
fb120192
f16603ee
0cfd03e5
0529032b
0190fb1c
fdf60220
fb1b01a7
053bfc74
ffc3fbe0
07b4f869
03bf02ba
00cd0098
ff7cfe1d
ff450241
0a6a0223
03b4072c
ff300556
fedc037b
022e05b5
058503d5
0323ff37
00b6fe96
fbeb00fd
005604d0
fdec04fa
f834fee2
0386fbf0
ffcdfda5
f9ce0040
028200b0
f91e0146
f8dffe26
ff57034d
fb700769
ff920233
00bd0872
018e0387
03c8fd49
04fbfe74
0201fbce
0194037b
03bd0266
040cfcb6
040e018d
00f70163
027e0147
fbdf0736
fb570427
ff4d0231
fc6c02e0
0166febf
00a202d9
f88bfe09
feb5fc02
0ae702af
01fbfbd9
01e0000f
034b05cc
026cfce1
009efe63
f5d40415
056cffa0
fa35fb7b
f98bfa6c
0fc3fd33
00e3fe34
ff2af969
0334ff0a
0358ff61
fc1cfa2d
fa69fd24
00d4fdea
ff790a97
077404a5
0a18f5b0
03460720
f2cb00bc
f68ef3e6
ff3d023f
fb12051c
fdc400cf
01e301ee
069c0468
ffed00f7
05b5ffe6
fe4e01f8
fad70063
07c1f89f
f9a1f54c
ff25fdc8
027ff55e
f868fd02
f18b0c2e
f810ff77
02f7029f
f2310316
fb40f674
065bfc6c
fe930983
00950679
ff9effa2
fe9cff86
0386fa41
0455fe63
f4b104b4
fdd0ff18
0435ffe1
fbacfea2
073af13b
fc4efc84
fd240221
0350f447
fe210250
06e101ab
0060ffda
fed90653
fd6efe7b
ffc60017
fd4df9e7
f94bfb8c
069a0209
fa810146
fcfa00fb
008bfdc7
febcfa17
06f3fa16
ff05ff39
0781fb04
ff5a029b
fd79049b
0695ffb5
fe8e0799
05ee05bd
083205c4
06c006df
011d095b
01ba0289
ff7efde2
f76900eb
f81dfb1e
f736ffa0
0160041e
018908a6
f90103f8
f60dfcc1
fd67ff62
f5e2fd65
f2e5027e
07bb01c0
fdc4f831
fb27fb08
fc6704c3
fd9606b5
0739064b
ffd8fcf3
fda2fc4a
fdd40a7d
018fff39
fc33f21a
fe9df6e7
fa87001e
f5cd04bb
044e023c
fa7f0088
0069050e
01affef8
fb5ff250
0663005d
025307cc
02d80665
fc42ffb1
ff98fe9f
10ae0b0a
0416fe70
fb4affb4
ff2101be
fc7cffd0
06a5ffe7
04b1fb12
03cb07e8
0757fee0
fa21ff38
01d701b9
f9f3f6a9
f81dfdce
feb3fd0c
f6fc03b1
08b409db
fa1b0520
f32a02e0
06eafbdc
fe72f8e0
016aff6c
07fc0484
ff6c01de
0333fc85
0741fd05
ff040228
0736fef3
0633fdfc
014e00e9
0098fee7
f4dcfba7
fdb40202
03090507
01d701d9
fab50a26
f75d021b
07280220
063100b7
0207f7bb
05220418
fff6f8f7
f966fb92
01f703a8
0288f897
f65400bd
009004c8
0d9703de
0302032c
02dc01af
0b9a02e6
fcc604fd
fdb70063
fd84fde7
f8cefb8b
034bf0d7
ff20f6e0
0461fe87
03280680
037302f3
0b99f420
0683fb62
0579025b
00f10222
01bbfee2
feb0016c
fd2cfe73
009df151
fc50fa32
028f0077
0564faed
fed6fc08
05d4069c
04e6ff54
fa050452
fdb20126
ff3a00bf
047c0540
ffd10201
fca201c3
042ffca6
fcca0674
0352fee1
0489f5b2
067101b3
fb92027a
fffafce9
0e15fd1f
fcb0004a
00c8fb39
fdf5fa52
fddffb8c
f7b3f65a
f7e6f6b6
044efcd3
fec4fe4c
073202b4
fa32ffff
fd65f91e
ff1effb8
fe22004d
090a0713
f64b03ea
006b06aa
026b0560
ff6fef67
050d0349
01e80248
0908fe6c
fe8d0b9a
f959fbc3
048bff69
03b4023f
f71d040b
065e0137
0718fa99
f72bfbf0
0186f6d4
f7affeac
fb75fd1d
06320008
0416fdb2
0697f65f
01d00448
047701c9
0213025c
013dfe27
015efd93
fdc609ca
fef2feff
fe0b053a
03f4069a
06d8feb0
015901cf
0133fc10
05e10543
051efc1b
fd99fa67
006f0a39
0484f7ed
ff82fe2e
09200b98
0439fe99
0079ffde
111804f0
003e0255
f821029a
00b9fea7
ff76f542
00ddf952
002403c9
069e0471
053e026f
01c604bd
00040293
fb340ac7
fc2b08ce
ff40f533
0283036a
ff0e06a5
fbf7005e
0569010e
0b65f8b9
fe18ff9a
ff0cf844
fbd4fc2e
f69103c5
048eff92
faa00560
035cfeff
086d021b
f5b107a3
02c706b3
064303e9
fe0c0171
018c032d
fd930059
f73bfd25
fc48f9e6
f9b4ffca
f76c0144
02f7fc99
001dfce2
f92f01af
fae9fca8
fa69fff1
fa7810b5
03000206
fdc60301
f532ff62
0040ee07
0082010b
fe7efeea
ffc1f7c5
fd42fda4
fe24fb2d
fc07fcfe
fccd0107
084dfef7
088afa4c
face0059
fe5bffb1
fbedff33
f8e8ff66
0161fc48
fb0b0267
fb7a0200
070f04cc
03bd02d3
f52ff7ab
ff2bfb61
09bbfdf5
fe65f965
fd39ffab
01e70846
051c024a
00ecf96b
fbf0f966
fd55fc64
02de06b3
0acb0cae
06bd063d
ff01051d
022b0422
00fd0197
f98bfba3
01caf989
043106ac
017a0388
fdecf658
fd3df845
07e8fe7b
fc51037a
ffa10319
05eafe23
ffa40196
044102bf
fcc3fcc5
0267fb93
fa54f8a2
f593fe9c
07d8015e
ff39fe44
fa1f00fb
fa12fbaf
f9a50121
ff30005f
fc3ff7df
f89e0017
ff1403e2
0972fa95
09eef754
0242047b
f2d90327
f2e6fbab
f9f1018d
faee0589
022c02f6
fa3cfefb
f8480318
011d04f3
03b20582
ffd202d2
f5f601a8
fcc70343
00e1ff4a
01ad009b
047dfb8b
0150fd5e
07b001e3
02cafcec
fc99052e
02080605
0747fc6f
05910006
fa7c0561
010e0212
03c40000
fca40166
03910090
0235fd89
ff16f9c3
fc97fa58
f96001d9
ffe903bd
fee400d5
021f02a4
02d902e0
fb54fd91
0439f865
0396ffbb
01d601fd
022f005d
f844024b
fb7b016b
fdd10b7d
041c0237
fffffd05
f4a60714
ffc30430
00860748
f9adfdb7
02dafaaa
05de0206
f5b1fe7e
fabd0142
02bb0157
fe2efa68
01730025
fa800449
ff24fb41
fd55fdc4
0138f7d7
0a82fdf9
fce400ad
fedcf697
043807e9
05adffeb
fb370130
fed1086e
0bdbfeb7
0a92fea4
0c5df848
faf3fdaa
fc87f919
039c0013
fd580701
00680209
05d4069c
04e6ff54
fa050452
fdb20126
ff3a00bf
047c0540
ffd10201
fca201c3
042ffca6
fcca0674
0352fee1
0489f5b2
067101b3
fb92027a
fffafce9
0e15fd1f
fcb0004a
00c8fb39
fdf5fa52
fddffb8c
f7b3f65a
f7e6f6b6
044efcd3
fec4fe4c
073202b4
fa32ffff
fd65f91e
ff1effb8
fe22004d
090a0713
f64b03ea
006b06aa
0649f87f
ff4bff77
021f0339
ff6601d8
00f904a7
05bdfb29
fb80fe6a
05ac0286
03f20137
f5aeff5c
fba4fad3
03e1062b
034cfe7d
fa42fc47
fd5dff2b
ffedf8bd
04860223
02d3021b
fe110405
03d8f8a5
faacf904
fd9505ce
fd3ef98a
fc94ff8e
0827fd58
01400038
fdd8020b
01f4f333
010501e4
fa22015e
fae00014
fdf00310
fc18faf1
fd74fd06
02bbf76f
0353ff36
fccefef1
0874fabb
0302091d
fb620308
0bbbfc8f
018701c5
009b006c
087effc8
f67a044b
fc790504
0f49038f
080cfec3
0359fe0a
fce90752
fad604de
0572ff22
0497fd6f
067005c3
02580a50
0723ff63
0c73fcd5
fbfc0018
fe3f09b1
053007b7
039a016c
0032fdaf
fb0cf87c
fd3800c9
0946ffc3
08a001a5
f775ffd2
008ffe34
06f006cc
ff13fa4b
0629f381
0633019b
f9de094a
f0daf912
f4edf9e8
ff4b07cb
08d6fb9e
0098fb77
fb9efd74
086ff89a
fd8bfed5
ff00fb8e
065cfc01
03250382
0cbafee2
fb530663
fb300661
024bf7c1
f2890574
fd7f0928
0153fa82
ff25faf7
fb180864
f8400982
0039fdb0
ff140545
01950000
fecdf5c3
00a4029d
fdf9058e
fbc3fedd
fd6601fb
fa16044b
029afe28
f815fc11
fba9fdee
035f02fd
fb43fd56
0732fcac
0ac505e7
08c700dd
04d5fe39
fe20fdd5
fb2dfda7
fae7ff03
fda20a6f
06f80679
06eefb75
f9a80252
fdcefb29
f93e0390
f9550034
fdd1fa8b
fb9c0601
0210fb8b
fd88fd87
03e7fc63
05e5ffc3
0519008c
0581fab1
f9bf003b
ff9df6da
0604fc9f
04f10513
03f7042c
024f00ce
004b016e
fca406f5
fe7cff9c
01b80119
0152f9ed
02e4fe13
fff30886
fecff6e8
fdc201ff
f2f908c1
ff0ef61d
068efd96
0555fdb9
039afa15
f6a5ff4f
f96af872
f58a0007
fc0406cf
fd79ff39
f80c04cd
f7230b6d
f504fed8
07e7fc88
fef708c7
020203cb
04130080
f7c8fb82
0869f99a
0391010b
0001fc66
fbddfbec
f77cfab2
0133fe84
03620710
02cf052c
017cfada
007ef4d6
fc0b06e2
fc460cc4
00e9fb16
03fef982
fb94fef0
fdf7fcca
015d015f
0306ff90
0889ff63
fab0006e
0231f9a1
fc56020a
f9ce02b5
04a5fedb
fb60fd64
0131025f
00ce075c
05e4ff7a
00080229
f7fefd14
fb6b02d0
fcfd044a
fedb01c0
f641059b
fd43fa3a
ff8502f5
0250fa2c
f693f688
fb8c008f
0bba00a3
fb6f06a2
ff97f85f
f8c70139
057b0986
04d8fe1b
f75200d4
015502ea
ed84ff06
f9890053
036b0ad4
05d604ed
043f03e9
f98e0109
0532f8ec
fd6cfc32
0385fe1d
053cff1c
fc76f69c
019401a1
02e407c5
fc56fdbe
0051fc35
1013f93d
0128fecb
0271fdb0
0872fde7
fd5501b8
01ce0511
fd4d03db
fc31fece
ffd503e1
052dffb9
0a4101e5
08e7017d
0c35fbc4
02f0048a
f2cc0484
fbcd01c4
02d802be
f8c40425
ff0b0633
fbecfbc6
f60df3b3
fe87fc97
fd6204f3
037e0969
02d40358
fbb8fba0
030805dc
04800689
0261fa33
0146f96d
0440fc02
0649f87f
ff4bff77
021f0339
ff6601d8
00f904a7
05bdfb29
fb80fe6a
05ac0286
03f20137
f5aeff5c
fba4fad3
03e1062b
034cfe7d
fa42fc47
fd5dff2b
ffedf8bd
04860223
02d3021b
fe110405
03d8f8a5
faacf904
fd9505ce
fd3ef98a
fc94ff8e
0827fd58
01400038
fdd8020b
01f4f333
010501e4
fa22015e
fae00014
fdf00310
fbaa00df
f615fb2d
fe3a00f8
f9a408ce
fa1808c7
0387f901
0b1d0234
036bfe09
fb060150
fcc3002b
ff3af55e
0a8001c6
0709fed8
fced090b
052404b5
0396023a
f73b051f
fefaf305
03a1f859
0305fe97
0466041d
fac9fdcc
f7bcf728
04d6fb65
0faeffdf
026a0347
ffccfcbb
fd9a03e1
fba4faf0
0465f2d3
f52efced
fcc9fd53
0595fdc9
fec5fcda
03c901fa
03870303
033bff61
03440530
03a906f9
ff60fe36
01fa0050
fd55fee2
fcb2fcbf
035f0a4a
02ed031e
0b8a05ab
01a90935
041dfb3a
0912fc95
00780099
fc6f009d
f714f8d9
03bdfe9d
02ac0109
0220faf5
05920327
01d404a2
ffc40504
fb3e019d
0b98fe0e
09dffbd9
fb17fd8b
fe5703b6
ff870304
fc68fd9a
f705fcfd
fa500530
056ffabc
0577ff22
01d00520
0923fbcb
0b2808ab
07d901f8
fc2b00f4
fd2c015b
0c87fba6
fc5d0aee
f7fcff7c
018dfb31
01ef019e
0459fc16
f71700b1
fde40092
0500fcfe
fcf7fdb0
0502074a
fc610abd
058b0131
0db0fca5
f6a302a2
fc9407b5
f91f01e9
f7faff74
05b1fecc
ff71028c
fb49029f
f95cff0d
ff04019f
fe75fe32
07e309c4
028d05c5
efedf87d
04a5fff5
0704f6b0
01c9fdaa
0480fed2
02c2f3be
017a0240
fe78f97a
0128f510
ffb002ef
05970521
01db037f
0165fc80
003e00bf
fb6306af
048605e3
07410117
03b5f590
f667fca8
fe490437
fe7bf594
f447f665
fb900548
ff57008e
049cf986
0041fbfd
04c5feb0
f996038e
f69e0449
03f0fe7c
ff27f9a1
00a4fe57
f8830502
01e303f1
fe61ffb0
f4f6f8a1
fc59fa84
fb1a0133
02610213
fefe0374
054bfa5a
fd23fbf8
ff7d06f2
0c32faaa
fc8ffedc
011608d5
fd8b00d8
00d303a9
fdbbfcfd
f92fff06
04f50608
f76ff8e6
fa16fec3
f5ba001e
f006fa1e
007809a0
03b50d67
03c9fc2a
ff47f74c
fed9041c
01f401ea
feccfe1c
00c4ff7c
04a5ff05
02ec071b
021a036c
069b0168
037efe0b
fc0ff749
fb10fd40
f875039d
f5250c48
f7f1007c
fafef748
f456043d
f4080679
02c405a0
006002cb
fe09fd52
ff13f737
f4e7faab
005404fb
0044fe6e
f713f860
05d20100
08f105d8
042ffea6
07ebfd2d
02fe01d7
f99fff47
fe66fab5
fde7fcb5
0036fdce
0d300188
07e307e9
05ac03c6
02df05bd
fbf00395
00e3006c
012a02fa
03d6fe81
07dffbad
0c9af775
0627ffc1
fa4efcde
fd50ffc7
f3e70e4e
fd49fc8b
03b6f8cd
f626fbeb
ffeafe09
fe73053c
09b001b7
00290551
f52806b2
117b0597
fd9b0442
fc0d060c
03a4ffa2
f78afb5b
0104ffa6
01a2fda8
072d0749
00f30051
0533f290
0a5afc48
03ab00a2
03d2fdb7
fd9303c1
0406fea7
f890f5c3
fab0fd81
053cfe56
fe7d0478
078b03b7
002dfbba
00beff87
04d0fde0
f68dfdd4
f975fbfa
fdee021f
ff020320
0012fd4b
f31801ec
fbb8015d
02d2fb6b
f872fdca
05f4064d
fc53ffbc
f8c801f4
04440150
feedff95
06d102f8
fe9efaff
fc54058d
fbaa00df
f615fb2d
fe3a00f8
f9a408ce
fa1808c7
0387f901
0b1d0234
036bfe09
fb060150
fcc3002b
ff3af55e
0a8001c6
0709fed8
fced090b
052404b5
0396023a
f73b051f
fefaf305
03a1f859
0305fe97
0466041d
fac9fdcc
f7bcf728
04d6fb65
0faeffdf
026a0347
ffccfcbb
fd9a03e1
fba4faf0
0465f2d3
f52efced
fcc9fd53
0602fe4e
041afec2
02b00c0e
01ebf775
fbcdf781
fdc50310
fd73041c
fc6d0197
07e904ba
0767041b
07d6f50b
07e8fafb
feaa0322
0bc001d6
00a5ffb8
00a601e7
14960657
0426031f
05c802cb
0460fced
fe1efafc
01edfe49
fd90ff7b
0289fad2
08d0f9a4
05d90457
fa02febd
faf7feec
0097fb7d
048af539
fa220297
f84ffcae
026bfcd6
f8faff89
0b19fd6e
038605d1
f5c3fac0
0271fb21
f60c04e5
ffce0032
00b801f5
f75401b9
ffc4fe5e
00f700e3
034fff95
065f0290
00cc0330
f722f769
008bf8f9
0567f803
0518fa6d
0bc30379
00f500b1
fc8702ed
05d4fafd
09de01c9
033b0632
f682fc36
fcfc04cf
0597fe28
0320fe7d
06a1057e
00270479
042cfe34
049afb8f
fbe40841
fe57033b
f3ecff88
fdd8f595
03d6fa34
04d90a4a
0b43faef
0417fc76
0224fe13
f1dcfc6b
00e400cf
08d800e9
fb0e05ba
038a041d
fab0045a
fd00fea5
fa90050c
01a3082e
0cc2fe9d
f3f5052c
f7fe012e
00770169
fa6e05b6
056aff97
fe7e0269
fe420277
06f6fc41
f3ecfdaf
ff8b0007
0b79fde7
fdac0209
01440195
ffef0022
fe3b02ba
039f025a
0859044b
f69cffab
f86c0125
0a0dffd6
faf0f997
f9740560
fb8a040c
fdebffe2
fc8c0781
fda90239
0154fcfd
01a2f9e9
0c83fcef
03db0282
ff88fecc
f9470182
04fdff30
0888f9bd
f24df9c3
fee1f7c1
008eff44
ffe90132
fc73fc2f
f95c00dd
01e6fd8a
0365f69f
0298fec2
fc4f041f
037b0254
fc30053f
fac5012a
005c01b4
013502d5
030af81a
fc0eff0d
07cc0077
0174f820
fbcd0397
024103ad
021afd37
0240ff7e
01bffd48
0705fe1d
fd6b00ac
fdbd01b5
fe3503d0
013c01fd
0758fce7
fbb6000b
fcc200b1
fb4a0420
f9260f6d
019eff85
0755f70a
fffc01d8
fb8cfb2e
fd88ff91
f8d608d9
f96c02b2
faa6fc7b
fbaffd78
fce000a2
0279fa1c
02a1ff99
015f0d49
042eff1f
06d7f9d6
063c004a
fc0df6fb
fecc0189
fd0a074c
fc4dff73
fa780202
f58901ad
fa0d005b
fb59f77c
0542f9b3
00f5fcd4
01880197
003b0aeb
fb4bfbd1
0125ffc3
fba40822
fcd4ff93
fa33fbb4
073ffd96
014e0605
f5d9fc5d
0566f2b2
fc5afec0
fb9507bb
f649fc3a
f83df86d
05a200d8
034d006e
057efd7f
01bbff71
038e0f60
067b025c
05caf082
01f7fffe
fd4e03db
fc9203b5
02af0287
0399feec
fa48fafe
018cfc43
fe0aff57
ffdbf94e
0501f82e
fb8bf64f
ff5e0094
fc4207f2
fe0602e0
fd9a058a
f44f0697
f92a0316
03ca057e
084b0674
fd11fc24
fa6a0552
038a0795
fffefcfd
fe250424
046dfdc9
fe6ff6e4
fe1ff8d9
0815fa58
01b6fb5f
0063fb6f
05b0018c
0220064b
007604fd
fd59036c
fdbf0174
00e5ff58
fb290820
fb9c01b3
ff36ffc7
f8b4085a
fcdefeaf
06170308
009b025f
02f1042d
07c3051b
f9c3f9e8
f46c013f
fd7d008e
05a8f8e2
0234fa7e
f8030563
fd2d005d
0139ff8b
ff8606f7
fd3cfaca
fe1b0366
0602fe4e
041afec2
02b00c0e
01ebf775
fbcdf781
fdc50310
fd73041c
fc6d0197
07e904ba
0767041b
07d6f50b
07e8fafb
feaa0322
0bc001d6
00a5ffb8
00a601e7
14960657
0426031f
05c802cb
0460fced
fe1efafc
01edfe49
fd90ff7b
0289fad2
08d0f9a4
05d90457
fa02febd
faf7feec
0097fb7d
048af539
fa220297
f84ffcae
01fffdac
fbcff799
fb250690
01010556
03700233
05bcf926
fbc3fc36
fdf5008a
0d4d02ad
fe0d0340
ffc4f9c3
0111fa24
f935036a
06bd05e2
f7a4fdac
fa1f0345
039e022c
fe8001d4
014d065a
fce3fcc5
00ec008b
f93003eb
0036048a
0cdbfa8b
0459f7c0
056ffc1d
01dbf62a
fee70137
082eff77
030cf7ac
f71ffb4d
075307f7
0d7d0602
0652f92f
06bb0602
feab02cc
0141fcb2
01e70204
faf5fcea
ff43f5b9
038afb3e
f9120588
004e0202
0c740018
0372fc86
071601d1
067d00c5
049d006c
008d04a3
0136fb7b
08630c41
fd16053c
0026f9a2
036308e0
0411028b
085afde8
00defbd3
fcf100cb
ff36fafb
ff3ef76f
ff1608c9
067e043c
03edf9e7
042cf803
070e04e7
f8ec06da
f1b5f78b
fd1cfa34
06d7fe4a
001d0195
fe50079d
01de0af7
fee90402
fdf9faf9
03bbf9c9
0063faa9
fbd8fc9a
001efc02
fb510057
03dafd33
0a4dfe30
ffb40147
fbb7fa6c
fd32fce4
fbf90072
ffbe09b2
064b0aec
fd6f0943
0326fdb6
0133f58f
f9320f08
04740705
0253fd95
09f105a2
0bacfd89
ff8fffa7
ff0d0000
fb43fd79
f668fc78
fafd042f
f641feca
fc22fa7d
0f490436
01f5fa7f
01f2fd22
fe9eff80
f57803cf
00f80924
01f7f98f
0381f9a0
f60f0231
06920377
05900043
f20afc52
0b26f61c
fe0cfa38
fd56040f
0202033e
f6e505b2
00ee0384
f4fd05ae
fad803f6
0682faf5
fb2901f8
f83efe90
faf0f8b6
0007053c
febb028f
f85001b2
fc630a11
fc4dfa55
faf2f89e
fcc200f5
fa00fe9f
01eafc00
01e3f3ef
02f9f85f
0457ffd0
fbec01fb
0333fdef
0545fd7c
ff8efe01
fbf2fc42
fdcd01c6
fdddfd75
f9d1038d
fd7f021e
00fdf949
004000be
fc370013
febdfca9
fd2603da
fa930904
f969fa78
ff54fdb9
0877078e
ff760142
fe47feeb
fec7fd33
02c401e2
0253ffaf
fc760414
03260638
043104db
054c0528
fbb0fe05
fcb505ac
008901f7
fd0afab9
07a3ff22
03e3096c
02430861
fd080231
f74e0540
03e2faee
046afba3
fc66fbbb
feabffe2
0394029b
00b5fc5c
049a02b2
03690193
fda503f0
0478fee5
0119febf
fce8fcbb
040ef9da
07870377
086efe9b
013d0049
f780fadd
fa1ef7a7
fd5ff7ef
fc4dfa3a
fc90ff4d
0543f9cd
02db0120
fe44fe7a
0c950694
06d60a66
04fe00ab
0399070d
f1b8ffaf
fb0bfc9a
02edfe9e
faaa0456
f8bd049b
ff27f74a
fe56ffa8
fe4d069d
05afff0a
fc9f013c
f820fc94
fde5fd1d
fe320872
f78bff34
fa4a070b
04e7034b
fd6ff0b2
fdbc012d
007f0069
fd70fd3a
04280071
f9a0fbbd
f9fef90b
0510f9d8
fd5f024c
05c1fcc4
047802e5
fecc0386
00f5fd20
f9b80308
0521f8f2
fd78fba8
f7d1fb83
0810fafa
045306fb
02f1fdff
05770316
016a093a
faf601e6
fdb809cc
fa5606c9
fe170113
0ca90042
02e5fe45
fcbc07e5
faf80668
000af52c
fe47f5ca
f432021c
fdc5fc4e
00f30504
01bc0816
fdebfb12
fc4707ee
01fffdac
fbcff799
fb250690
01010556
03700233
05bcf926
fbc3fc36
fdf5008a
0d4d02ad
fe0d0340
ffc4f9c3
0111fa24
f935036a
06bd05e2
f7a4fdac
fa1f0345
039e022c
fe8001d4
014d065a
fce3fcc5
00ec008b
f93003eb
0036048a
0cdbfa8b
0459f7c0
056ffc1d
01dbf62a
fee70137
082eff77
030cf7ac
f71ffb4d
075307f7
fd07fa28
08e0fceb
f9fefd74
f9f7fc11
0682fdea
0559fbd4
055e0111
05850451
0316fc79
fcad0698
fbab0940
ffab00c9
fe35ffa1
0227ffbc
031bfedc
0257f988
05eafeb9
044efc1d
fcdafdc3
fb1a01db
03d2fc20
0282047f
ff330229
042afdea
ffe0fd08
fae9fed3
033a016f
05810198
024d04a7
0651fdb0
fcc9031a
fb3207c0
0a0206a4
048e0362
fc290495
002e05e1
0002f8fb
fb5f024a
f9500699
02c104f7
0a1d05fe
fe62fa47
fd70f7f7
ff5e03c9
f55406aa
f8b0fbd5
ffe0056e
05a300d2
07e800d7
05ab0b56
009600d4
fc1d04d4
fbd3fbf3
002600c5
0be4089e
00cbfbd8
f76c0034
fea3fd56
00a1fd6f
05a2ffc7
029600b4
fe6f02a1
fcd8f615
0bdbf6c6
0db403fb
f4da00e3
fa81fc78
005afbc0
ff8ffbff
04f2fdd6
feaff8ad
0309ffac
095d01ff
fcca0332
fa44064e
056ffe6c
ff6f01c1
00b605a3
0838074c
05dcfd85
05a4fac1
fd7df98b
f912f7dd
ff19017b
056df8f2
fd7c0378
f5da0912
034a0303
06900173
0084fbb9
0343ff72
02d3fcfc
feec0392
fc76f702
fc2afac3
04200840
04bef4ef
fcf9ffc6
029b052c
01dd016f
ff3afbe6
071df2f0
fe680325
f50e053a
fbf50277
02d20906
008c0006
fdadfc3f
05bd0706
fbab0106
f6e1fea1
082f0149
fea6fb5e
ffee02d6
03720429
f9740198
059e016b
0048fcfb
fb89ffc9
03ad00ab
fe10f89e
fc17f63e
fc64faa1
f7ac012e
001b0276
0b58f8f6
0011fafb
fcd2fc83
f3cbff85
f04a01b7
038bfe8e
ff7006ee
fd2efc07
f9d8fc1b
fa540649
00280022
fa5b00ea
01610121
fc7c041d
fbca0232
057705f7
094f02c6
0a7ff98a
fed8078b
ff2601cd
0208fddc
fb47087d
fc78fad2
022dfa5e
033003dc
02c6feb4
f78f011f
f19c0055
0babfbc7
0a28fc5b
f90cf7bb
00e8f7e9
fc9c02a9
fdcf023e
01dcf985
02a4faa0
06e3fce1
0132064b
04d8059c
00b801c3
f855006e
fda0fd17
004a0879
01d8fb74
fff105c2
059c0b3a
0644f925
fd5f0b02
ffb30026
0168062f
fe9809a9
f95cfdad
fe780503
0192fd41
f9d70b54
f9dcfdda
f968f9b6
fb35061b
fa49fc53
f2cb0914
f5e90068
0028f9e4
fbe1faa6
fcbafb89
08440390
0033fbdd
fc030063
fc6b04e0
ff1c02b2
063105eb
04fc00df
0728fa0c
01e30495
fa4e03a5
00d7faf0
06e4fd0b
f897f95f
002c0109
074801b9
ef440610
008f0c01
0631fe2f
fa6302e3
ff6b0231
f865f5a7
04e3f9ea
07fffda4
0503fa40
072cfcb1
fb77fd8d
f8cbfd83
fe2402f9
033b0049
fcaa0422
f910042c
faf5f786
0015fb7e
0d24fadc
064ef5ff
fb42ffaf
ffc700a9
0245027e
03780746
04140466
fff10091
fcfbfa8a
f9fafe65
fea0ffab
faf9fcd3
f493fd15
0489fec0
04a8015f
fac9f32a
fbfef955
02e30776
029efbff
f518fb4b
025f027f
0d1906bd
ff210289
ff9b0365
081d0f4a
0796088f
032dfc51
040dfc74
0220fe38
0239faff
04d9fb76
00db017f
fba80094
f372fb47
fd07fa28
08e0fceb
f9fefd74
f9f7fc11
0682fdea
0559fbd4
055e0111
05850451
0316fc79
fcad0698
fbab0940
ffab00c9
fe35ffa1
0227ffbc
031bfedc
0257f988
05eafeb9
044efc1d
fcdafdc3
fb1a01db
03d2fc20
0282047f
ff330229
042afdea
ffe0fd08
fae9fed3
033a016f
05810198
024d04a7
0651fdb0
fcc9031a
fb3207c0
07c1f60f
ff110305
01bb03b1
0778fd04
06b1fb8c
fabd0062
06240895
068e06bd
049efdcf
04d202a8
fbdf0672
fe5404b5
ff200888
03250050
ffeb0275
ff89fcbd
041af79e
003f0093
fe860403
fdf50788
fe4fffa1
fdcd02d5
0279033c
08fdfd49
0754fe77
fde201d2
fd34007c
fc3cf5b1
f93bff23
fe14060b
fd1f012f
010cfb82
00d6fdc9
0605fa43
fea6f7e4
f6a50755
0883fe91
fd290243
fcfe030c
03cbfd64
08140379
1039fb18
fd5d0578
047ffc33
069af96f
00c609e6
00dbfd5c
fd18fc81
0714ff64
ffad00af
00e50637
fe0e0307
fce80526
039607f1
f9b4034b
03b901b7
0291fd2c
02bcff13
085a053a
f700fee1
f77d0316
ffbdfde0
fa53fd09
00240d31
0dbd04b2
02fcfc58
0296fa9a
0560fce1
f842010c
02eafd12
02fc049d
ff740111
031df8db
fc640629
fd07008c
fa6ef2e2
ff7bf8ca
041ff91b
0037fa7d
ff0bfbd9
fd9bfd36
039e0165
fe14fc2a
fa21fa53
04ccfb81
ff7d0007
ffa2ffa7
0446fe19
f90a04ec
fda60228
0615fda5
023cfa40
febbfd47
fa4401a4
fc6cfd2a
01340362
041cfcd6
01eff436
fdf9047e
fddcfc8e
02b9f3e9
075a057e
02eb0155
07fbfba9
014e0508
f84100b3
05c7f940
003aff9a
fee2047e
0724029b
fdb701ab
fd35068a
03d90718
06fffc5d
0146ff5d
f8c6fcd3
0180fcf3
06220533
04e7f9a7
003cfd73
f2250175
fc48fdb3
01dcfe90
fcf306a2
02e409df
f944fb95
fdf70102
ff66fd25
f0a8fe8e
f83009ec
02220598
049005e0
fd87ffd1
f52d05c5
fc5403cf
062104ca
fed106db
fc26fcc9
08d200a2
00b3f4a7
fa4d00e9
00af0b9a
fd62ff73
ffcb02a0
fee4f97c
faca0172
010a02ba
ff6ef6e6
fe90019c
018a01cd
005c0131
048d02e2
01700134
00cd0230
0490fce8
ff9b0112
f6bc039d
f52d00ed
fd100335
fd73fdd6
02f5fe6b
fdaafef7
fbd001af
058201a3
fccdf567
046ef8ad
07fcfe9b
005c0732
fa55051b
f7b80035
ff950e57
ff2a03d6
0224fd6c
022b0789
03aefdfa
fa9afb05
f9c103e2
001efc71
f39dfb01
04cc038d
0945fa57
fd63008e
fd1908c1
fc8afe7d
ff45fe02
016c00e3
0cc50437
01600229
f8f500c2
024401af
0226fe31
f842fc35
fb1dfb4e
09bd01ef
fa97feb6
01a7f89e
043301da
f6590495
0282f8df
012bf2cd
00e4017f
fa560120
fa4ff8ec
fdbdfd9b
f73af3ce
0104f8fa
02450367
f8dd0445
f5490792
03070197
03a7035b
fab5facd
00adf849
0427fec1
086cfb96
009c0469
02ac0577
075101ab
fbe1f618
001bf3b9
01f5feeb
fcfa011f
004f0781
04c103bf
037a032a
fda205f4
fa1b04b0
fae5ff9b
0227fcad
04b9fe74
fd9af442
fd20fe34
09160515
0c44fac5
fb34f9aa
fc7dfaff
ff790000
f3a60506
0493fdfb
fc08f397
eeacffc1
03940568
037408aa
08780cda
046a033d
fbbffd70
fdd7f5f2
005cfdb7
078c00e6
f9f40367
fd3afefc
012ef9f5
015c0c13
016302a8
f6250381
07330311
07c1f60f
ff110305
01bb03b1
0778fd04
06b1fb8c
fabd0062
06240895
068e06bd
049efdcf
04d202a8
fbdf0672
fe5404b5
ff200888
03250050
ffeb0275
ff89fcbd
041af79e
003f0093
fe860403
fdf50788
fe4fffa1
fdcd02d5
0279033c
08fdfd49
0754fe77
fde201d2
fd34007c
fc3cf5b1
f93bff23
fe14060b
fd1f012f
010cfb82
0208fe15
004cf692
fbdbfadc
056cfdfd
0b01fbcf
00b208b5
fe7c0283
0677fca6
05baf985
0322fdc3
07480b2e
0991f897
082c00b8
fcca0478
fc9afcc8
02e005c9
fed90168
ff9705c6
f844f8a6
fb75fff9
048207e1
038ef9b7
07dc019d
02b2ff60
021bfead
0152fd2e
fc14fdb3
0589fcb1
027bfe57
fe330153
0432f842
fe1afdba
ff4200f3
03e6031d
0043fb7d
00e0ff13
02d2ffac
00f1f1a1
f9a802cf
fe4cfec3
043ffafc
01150655
089f00e4
0701fa5c
01effa64
049405e8
fd57042b
0012ffc3
07befdec
fe2200d4
fbee0287
02ae0047
fdf4070c
fb2ef9c4
00cff874
0245042e
07c7015e
0eb8fb50
03e5f8db
000b05f4
fceb05f4
f1ae028a
f9ecfee2
fc05f92e
fa5b04b6
f8c7fedd
f9f4ff6c
09da04ef
0836058b
000b0d5f
fc8bfdd4
fd8c054c
fc9209d1
fa1ffab6
014e0339
fed0fefa
01c0fc3c
03f3f658
01b0fce5
07b205ec
0067f926
fa03043c
ff0ffe81
ff5ffc0e
01ed02db
05b8fe02
ff6906ac
011e018f
025e04b5
fff2039d
077afc79
0308050e
001b077d
01a40039
fef2f70d
05d3fdb9
02d9fdc9
fb0a0017
fe370155
fc08fd26
03040147
0810f84a
fa6a069e
fe48073c
0055fb52
fb0f0537
fb97f98a
fee807fa
08a90f19
02e2fc7a
035e0384
020efa91
017af58b
fdecfc79
eab7f747
0020fa2f
0afa067b
fffc0788
025df8b2
fd12fecf
fef909bc
0130045f
0065061f
fbf2ff2b
fde7f94e
fceeff6c
fc15fdb1
02860393
f703028d
fe83f77a
0286007b
fac0fe85
04eff909
064dfbda
04bbfd7f
fc40044e
fc96f993
0189ff30
f8f100a0
ff97f4a1
06af05c5
04640703
fe45faaa
f767f46e
f93103be
fefe07d4
0514f499
0069ff5d
fd3503db
0479014d
01b7fde4
f9a2fc44
fb15012c
ffdc0474
fa550b2e
0055fc66
0d8ffe8b
fbbb03fa
f9c0fd6c
051c0363
f742fd27
fedafd41
ff9403ff
f5a00602
004802cb
fbee027f
03e601b9
08c5ff48
f75207ad
f6220488
fa70fc9c
051ff726
0525fb71
ff12ff45
02fcfcc3
feb40105
fe37fbc1
fb73027f
f8d1027a
fb4ef9c1
f8fa077f
fe5c03ae
074bfc40
fc5dfea6
f65ff842
019100e3
fdd3030b
031bf96a
04500149
ff2d04ff
033000cc
fae5fdab
0138fe73
03fc02b3
0142021f
ff51044e
01dc02a8
097afc77
fce8fc9c
fc22006f
f96000ef
0467044b
0dd3068b
011502d2
00a90348
f3f80316
fc010307
fb0ffd0d
f5d9fa1d
0c0bfdfe
02c7fcc8
fb2bff3a
ff1403a7
034cfed9
0579f6db
fd60030e
fed002ab
02ccfb6e
ffdf03f8
fc0f0372
01900580
06920054
00f00346
fdfbff99
0a6ff632
072b0098
fc2d0074
fe0c0412
f90cfc34
0120f57d
003af9d5
f928fd4c
01ba01a6
03abf4a9
f956fbb4
f6d506e1
0970048d
019c04ef
fa7dff81
0688fc63
02b00422
fc9a0589
fcadfb5b
03fe04b3
fb81043a
fb54fe4f
008706f8
fb730734
ff750212
fb2cfb34
012e03e9
fba4ffa4
f241fa56
03a40d83
03ed0822
fd00fcea
0208fe15
004cf692
fbdbfadc
056cfdfd
0b01fbcf
00b208b5
fe7c0283
0677fca6
05baf985
0322fdc3
07480b2e
0991f897
082c00b8
fcca0478
fc9afcc8
02e005c9
fed90168
ff9705c6
f844f8a6
fb75fff9
048207e1
038ef9b7
07dc019d
02b2ff60
021bfead
0152fd2e
fc14fdb3
0589fcb1
027bfe57
fe330153
0432f842
fe1afdba
0445046d
097402bc
01edfd6e
0ebb0482
044703ef
f9b6fe53
fe560066
031ffc85
06900318
02f2fcc5
009dfa58
02fdfce0
02d7fb86
f89dfd28
02c3faac
023a0654
fd5bfd18
fd34f4fe
f81c0553
09b507f9
07c3ff61
02d5fbd7
fff80088
fdbbfe09
fd54faf2
0194fed7
0ed6043e
fd1af994
04cef5d0
0c90087e
015309cf
0207019a
fdadfdc9
014e0338
ff7903b0
0482fff8
00910369
0401fd69
067afb7e
fca7ffe6
0b02000d
fe63fe02
faa6062a
03e2067b
fa33fb54
fe40fcc5
0020fe44
02c20069
feb10524
f8f90483
055afe72
09520535
00dd0665
018301a8
03b60beb
fc5101c4
f808fca7
00060068
024f037c
00e306da
02edf72f
f890f666
fc1cf82f
02cff770
056afcdf
075efbbf
010efd7e
0b71ff5a
004103fd
fe690594
0bbfffc0
029efdb1
04baff0a
fcfcfc0e
038cfc5b
04c7fc7d
f2c800fd
fa5207a0
faeefbbd
0245fff7
ffd708e5
eb190158
efcc01fa
fd9dfee9
0481fd6e
f9ea0745
f7630b21
0341023a
ff10fef8
ff1fff5d
001bfd43
fd6dfdba
00a4fd11
f783050c
fa5e01a3
0c4dfb0f
0144fe6b
fc48f436
020cfbe8
f3fc0697
fd4bfe4d
017705bf
fd4802be
03a4fc8e
fbe8039e
06fffdf2
032b00ed
fe0403df
0a61fed1
0624fb33
058cfa76
01500486
0510032b
feb20052
fea2024c
05ec0131
ff97fc85
0673f8c7
0003ffb8
025a0237
ff9d06a7
ff2d02f1
ffcbfe4a
fdda0275
11b200d6
fd03fd7a
0102f742
078300cd
f4c6046d
00460393
feeffeac
02abfa6f
fc120de0
f89cfbdd
faecf997
f5e30931
fb41fa63
fa8d059d
031e0527
01ca0166
04b70622
0518ff36
fc64feef
fa95fab9
f1a2fd3c
fac6013d
048703aa
02aefb2b
ff22fd47
03300a6a
073afa6e
05bcf9ab
fe7afc4d
f887f6fe
0e2efd17
0361fdef
f2960114
fa8aff93
f3a401d0
00f4013f
02f5fe6b
fb3afffc
0396fa61
03f5fe90
02040335
f8d50118
fa3afcb9
faeb01b8
f83e0531
05e3fa1e
fecbfb18
ffcdfc2b
0cc1fc9c
fdd000d0
fab5ff9e
026f03ba
022904ea
fd58fe62
f91f000a
01ae014b
0173ff25
fadd0a90
032100c7
0045f7fd
f518046b
029ef9a3
037cfdce
ff3404f6
08eaf919
02d7ffaa
04810050
0376fbbf
018b0321
0651ffed
04f40026
031a071f
f877005b
f99d0334
fca30336
fcd7f934
f583fa2b
ee1afe93
05430494
0617fb93
f4dff882
fe4b0525
01a20a17
f6f70b08
fbab06e6
019c0781
fefb02a3
008df868
0018fc8c
fc9206bd
f837027a
fcccf913
039602ff
03090797
ffae007b
ff34fac7
00b9fbc7
04ae05a6
03a200ad
f79a0020
05b1092c
06f4fb0c
fa11f863
011f01e3
fc54fad5
037f008f
fbf30528
f68efeb7
0244fdec
f7220402
026504c7
0a5afa2b
03e8020f
098f01c6
fdd5f8e2
f6fdfada
02f1fa5d
00c105d1
f94506ff
fad0fff2
fd560097
fa0f005b
fb2efac8
02e0fa8d
fe090198
06f40014
089b0299
febe005f
039efda5
fe53fb5b
febcfab6
fbaa02f9
0445046d
097402bc
01edfd6e
0ebb0482
044703ef
f9b6fe53
fe560066
031ffc85
06900318
02f2fcc5
009dfa58
02fdfce0
02d7fb86
f89dfd28
02c3faac
023a0654
fd5bfd18
fd34f4fe
f81c0553
09b507f9
07c3ff61
02d5fbd7
fff80088
fdbbfe09
fd54faf2
0194fed7
0ed6043e
fd1af994
04cef5d0
0c90087e
015309cf
0207019a
007207f7
0b200915
024eff09
fe94f9a4
fb5100f7
01c40805
050dffa8
fd280182
0b81f979
003cf891
f97efc6e
00a20378
ff400174
027afb36
0778038a
0f0300ff
020506be
0459fd75
061ef8d2
00cefd3f
03c8ffed
faa0085e
fd43f5a0
fba1f9fe
01b0feee
082efe3f
04700b76
0153fb96
ff73fe02
0f810c51
089d0125
fe5dfa4b
04000237
fa81059b
faa2fb03
02e7fc9a
fecc02f3
0111fdee
ff54031a
f657ff08
0508f65a
0975fa8b
051d02a1
04a207ea
ffb4fcbe
024505f0
fe400144
059bf24a
002e0560
f62dfdf9
0151fbf4
05c403cb
072dfe21
fa340019
034b00ad
0b3b0691
fa1e0614
0567fdd9
06f3fa90
fb380327
fd0c00ea
0650ff8f
08550406
078bfd3b
0a9406b4
fde501e3
ff20f8b9
fce8f93c
f871f5c6
0576ff57
ff88055a
00aa0270
0113fcd8
00e902e3
064f07bf
f6b2feac
fdeaf96a
0515fb14
fd57fbe7
0809fe80
036503bd
ffeb0054
03b80424
fcf905d7
023b017e
fddc0363
f7ae01a1
01bcfc9c
fecbfdad
f70203e0
0033039b
06bd05d0
fad9f9f7
ff2cfc7c
08a70996
0521fb6b
02370653
f6ca0876
f8b4fc24
f7cb0152
f3aeff91
fd6c029d
04c90241
05fcfe43
f7ecfaf8
f84ff884
f9f202e0
00070bee
0669039f
fb57ffc7
06b0fd67
01eff58c
faf4fd25
ff02f59e
ff7ef713
ff1109b2
f318fe60
fbb4f543
003ff633
fe57fa1e
fd3e02bd
04f70377
04e104a4
f919fe01
056ffc02
fdd907ab
043f071c
076c054f
fd060227
01bc023e
f83a082b
fe54fdc0
fb49fba9
024effca
027a0017
f4a4fecc
00e9037e
fc480899
0258fb76
052d03c4
fc7400ef
006ef3ca
011d0468
020e00c6
059dfa6a
0531003c
fd5f006e
fe8303aa
ffdc000a
0591ff44
feee0626
f67e01c6
003cfeb0
fed1fc40
0455fff5
057c09a5
0013ff48
fb080545
fcc30444
fc39f98a
f6f102d9
0468fcf2
fde7fdcb
f8f400c7
fb2605c9
fdce0085
0452f2e5
fc99fbd8
ff1afdcf
002d04e2
07b3fc4b
04caf736
f77d0717
fb44fc49
015ef62f
0837fa3b
fb06fbc8
f6fcfa0d
035ffa57
048b0314
04db0114
fe3e02cb
fc6f0756
fd7a009f
fcee052b
070b041e
fabafd30
f1cf0838
08710019
0052feb9
fe040446
04d8f4c8
f7f400e3
073d05b9
05c6f899
fcc602f0
035b05af
feb9f6a5
04a7f8d2
066e0206
fdd6f86e
ff37fb3e
02ac07a0
fca900bd
fd0fff68
fa0e0b97
fb060a13
048c0122
fb4cf9d7
fab9f927
fdb604a2
012f037f
0355fec3
018003b7
0dec0298
0165fe3f
f9550132
09c501a4
06e8017c
04af03bb
013b0037
fa1902fd
feaffef2
faecfffb
fdc903cb
0651fb61
011c0113
fae60395
fd6dfc09
08d4fd85
fe8506aa
f735ff83
02befdbf
fe29fd7e
fccef2fe
fd400024
ff83ff71
04e0fe1e
fb75005d
f53afec0
fe75006f
fd0ffe49
f9c809a3
fd2703ee
f1bf05c7
faf0004f
ffcff99e
fc920681
078c022e
ffef0242
00c5fb3d
ff1001d2
fb91ff4a
fedff6c9
fa3aff19
f863fafc
007207f7
0b200915
024eff09
fe94f9a4
fb5100f7
01c40805
050dffa8
fd280182
0b81f979
003cf891
f97efc6e
00a20378
ff400174
027afb36
0778038a
0f0300ff
020506be
0459fd75
061ef8d2
00cefd3f
03c8ffed
faa0085e
fd43f5a0
fba1f9fe
01b0feee
082efe3f
04700b76
0153fb96
ff73fe02
0f810c51
089d0125
fe5dfa4b
fa410035
0619075e
03fcffc0
fd0bfd11
fdef052d
0187ffa8
0010fde9
f81f040c
03d400c4
0194fefd
fd04fda9
06ab0061
02ff0285
0141f957
fa43fc38
01d3fce5
04abfa98
00f7fb0d
0770fdec
fd290156
fc2d03b6
fb2f101c
fb5d027c
fb90fb03
ffccff29
0400f890
fccefeeb
04190002
fcdf0582
04ccfec0
050bfeb1
fbed0275
0fb3f7c7
050906f3
002c0065
fb62fca6
f6440b43
038e04a8
fda5034e
ff0ffdd7
fe9e0165
f8a2042d
fabbfc8b
fefe02f2
0272ff60
04bb0587
ff9c0b9a
006efd43
0cf7ffa2
fd52011b
00830094
0d14f930
f936f20d
fce10255
06d7fe70
0769f7dd
00eafca3
f758fb8b
028ffa7e
051df971
0376fcf1
083ffb56
fe05ff69
f933044a
038a03d1
046c03d0
fcdf045c
fb2d03d7
fd70fc85
090200db
092f0b12
fb0008cc
fef3fa35
fa6dfe0e
f9800c41
01fd0744
fd00f857
005cf389
fca607ab
07ad07f2
09080280
fa0c0289
0465faf8
f9bafe75
0084fd49
075cfe45
fea7f71a
09bc01b3
fcfd0848
06ac0005
09d1089e
f8befb20
0207fc52
00a40287
0740ff45
042afbdc
fc86f90b
fe9a0535
f9fffe10
01eafd79
fe0402e4
0321fca2
06b8f68b
fb31009b
fe4e0438
fc0af372
017dfd9e
0847ff0a
08f4f87a
00fafc15
fa740071
fe650578
f8abfe78
01ebfd86
fb59feac
f2db00fe
fb21fb99
f9fcff33
00120e36
f83b0933
fcf6fc02
0030f84c
fd29fee8
066ef9b1
fc2500bd
01ab080f
01dafdb2
fc9bfe4f
0846fca1
01dd002f
fc9a056b
03920163
003901ca
fcf206a7
04f0fd34
0627fcc3
02ea0610
f912fcd4
f95d054b
ff1c0851
006bfefb
0510005e
faf8fc59
03a1fe87
03670483
fcf10579
010a0104
f2720376
ff8607b0
09ef02b0
ff4bfcb0
fd4a002a
ffb80289
0050f6c8
0239faf1
fe85030d
f79f02a9
02b805ff
ff970423
fd990184
f7e40288
f99ffe61
0a69f734
f9b7040b
f30c086e
fdf1f995
0f08fcac
057703f0
fb0901b7
03080162
f8ca004a
05d9fd50
f7e8ff2c
f271feb8
03ec00ae
f61202dc
fde1036c
02b1fbca
012af3b8
04bf021e
fe8cfbb1
f80bfa68
f88c057a
fba0f9a6
0041fedb
036200dd
fb69fe94
fc08006f
fc7f004a
02fe02f8
0013fd62
f26f019b
fb33ff58
02a5faec
016ffe98
fe49faeb
04fafb15
0538fffd
fd8704d0
f9820113
ff3f043d
080c07f9
fdc5f9f1
0079faa9
fec80226
fff8ff00
0499ff09
fdf6fdcb
0467fe65
fd5600c0
fd240442
feba06fc
fc9eff83
02bffdb3
feadff96
ff350219
037f02c3
01c7fd0b
fe6f0587
ff99fe65
f706f059
fcdffff9
020b02b6
fe45fedf
0edd050f
04a702b6
018a000a
085bfbe1
fecdfe39
02290056
04fdfc3e
fcd10283
f3ef051a
0529fc75
06dcf731
05a6015b
0f6404f6
fed90200
042d031b
021ff845
00490102
0bb30cd1
f9a00358
f717ffbb
fafd0537
fba205da
fe61f9a5
f88cffd5
01df035b
08d8fab3
044afeb0
0373f8c1
0478f6dd
018dff39
fdf00673
f9ce034c
fa410035
0619075e
03fcffc0
fd0bfd11
fdef052d
0187ffa8
0010fde9
f81f040c
03d400c4
0194fefd
fd04fda9
06ab0061
02ff0285
0141f957
fa43fc38
01d3fce5
04abfa98
00f7fb0d
0770fdec
fd290156
fc2d03b6
fb2f101c
fb5d027c
fb90fb03
ffccff29
0400f890
fccefeeb
04190002
fcdf0582
04ccfec0
050bfeb1
fbed0275
0daff96e
f94a0a6d
faa5047e
070c0208
02c40213
fcabfa3e
f3e203d1
f7d5f9b2
03defa7d
ff56f9d3
fd9e047e
0147f9a7
fe47f5b4
048005e4
05e0f4a1
01cffbde
066cfdcf
fdc70069
fd72032c
02eefc45
fce8025e
0411fa89
018503cb
02390704
08d8fe68
0089fd11
fca9fb28
f7540129
ff0f025c
039a053a
fd91004c
09a8ff17
0595046d
f58dfb42
fc13fe70
fd660345
fccd00ba
04ed0381
fcef0312
009c0499
045cfdbf
fad3fbd9
fc7b043f
fbe70396
ff1e0047
fd2dfc2d
fbd5021d
07e9fc79
0f59fbe1
028a043e
fb71f622
0067ffbd
f5f80013
004df6e0
002507d7
fd93021a
0861fc34
fb0c0809
03530730
02e1fbac
ff9dfaa6
07740147
ff84fe00
02f1fd7b
041402cf
fc0afce1
f70efa85
fec4fcd8
015ff9e3
06c4fdb6
06f5fee9
fdb20553
05bd0375
012bfadf
fe040084
f85b0098
fd4c0412
04060278
f9f9ffba
0889fbd0
0062fb17
f7f805d6
015afc17
0207f635
0358f9da
faf5ff14
032004d2
04f403e2
00fd0200
0389fc6d
02bafe2b
0f1303f7
06b10869
fa1406f2
002f0d2e
02340b0a
0797fc86
07520373
00c5055f
ff9d00cb
fcd7fd4e
fecffbff
03a5fcf3
0708fdbf
0541033a
f686fea6
f9e8fb86
058dfef3
fac003dc
fcf3fec0
06c3f917
01c70136
0168047c
02020154
014a005b
035501cb
03b7fb1c
ff83fc50
fd5eff94
fdd8fc2e
f93e00fc
0335031f
00750266
f33dfd3a
0254faeb
0500fe5f
fed3070d
fbc80560
f945fe59
fa82039e
f585f738
fb55f9fa
fd070693
f828ff1b
f77301e5
0011fdef
0084fd05
f6710430
fe7dfd2c
f915ff01
fc5f02df
06ac0457
f7e60a53
fddffb4b
088af515
ff72042d
fc100686
00440174
0406fcab
086ffac9
0033ffdf
faad0719
0676fcae
0136f9b2
f9f6fdff
0506f7e5
05d607b3
007704f9
0581f9c4
fec5012f
f376febc
f98efda6
fd69fdb0
f8b6040c
faee0699
01a4029f
fd04013f
fa3d0104
00fc02dd
0afd00bc
0a87ff9a
00300129
fff00102
fe47f803
044601d7
02280c64
f83efe9a
fc260311
025205c6
0485fa1c
f8e7f6eb
0102fabb
02140408
fc26006b
02f9f6e4
f85b040c
01a90535
ff9ef885
f7c4fee9
ffeafc03
fc57f74a
fce6fc8c
fb4a0426
fa6d02e2
f963f9d0
02a40213
feef062e
f767fdc8
0a9cf655
094efb4d
fe5cfe40
fbef0097
00810841
0141fb5b
fddcf95d
faf30269
f655057d
0610098e
076c07e7
02e503df
08090200
02b1fb6f
ffcdf337
f92e01cd
fd520964
fecbfb7e
f832f5e5
00c4ff73
fd440149
f943fc07
001a025e
044501a8
02df0757
f35801e3
fb93f776
04fffd4b
f4d9fe5c
02c6055f
08100252
facbffd3
066efdd0
0338fdd6
fc19057b
096cfe32
01e8fb96
fa000198
0774037d
037bff7d
fd18ffec
ff8e00c6
062f0618
066c00f2
ff94fdbf
09b30839
027e02f3
01ef08fa
0692040a
fa0700ff
021afd1d
ff15fa3f
02aa0187
09eef514
038d0737
0723fdd1
f9c80105
009d1050
0daff96e
f94a0a6d
faa5047e
070c0208
02c40213
fcabfa3e
f3e203d1
f7d5f9b2
03defa7d
ff56f9d3
fd9e047e
0147f9a7
fe47f5b4
048005e4
05e0f4a1
01cffbde
066cfdcf
fdc70069
fd72032c
02eefc45
fce8025e
0411fa89
018503cb
02390704
08d8fe68
0089fd11
fca9fb28
f7540129
ff0f025c
039a053a
fd91004c
09a8ff17
0d55fd78
0109f6bd
fe74014d
06010de8
fcdafa76
fedffc9b
f907ff7c
f8340219
046b0518
0053f769
018d03e0
fca90705
04fe018b
0dbcfffd
fcd7fc7e
fec40714
05ba0d19
fef9027c
fd16f632
089ffa1c
02b5fc1c
fcfe014c
ffc9fd57
fafafcf3
046901c8
01b6f59c
fe88094f
04b40b36
08300507
04d40d53
ffc5fc39
03e3fc98
0178fa4f
fee0fc6f
fc040228
016efb84
fc9b03c6
fd1afebd
05ddf5b3
fc18fd77
0578ff11
0962f7b1
07dcfdd3
0605fe5c
fe97fa69
fe4c01be
fe0bffa6
031c0113
fea3feac
fc6e00ca
fa100683
fde7fa50
fdd1f913
f95cfdf6
014d02a1
faa60661
00050022
029c0497
fdce085d
fec8fb2d
faa3005b
fd680690
fd11f9fd
02e0026f
02a503b0
ff68fef9
064f063d
0216fe0e
fcadfcdf
057201c6
04890331
f9860244
fc59018f
ffb9fd18
0210f44a
ff0e03a1
fdce069b
ff08045a
ffaf0b74
06d000a1
01ec064e
fcad02be
fa0ffa1b
fe5404e4
fff20324
f9dbfe77
ff34f9a9
0560fc1b
fd4d00fa
f4c503a5
01b5ff81
0102f793
04fa033d
057700be
f819f6ae
0417fbfd
febc0144
fec6fb90
042af80f
0153ffaf
042ffc2a
0512027d
09dc08f1
fc79064c
feae01ab
02f7fd19
021007cb
06e4fe78
fc10fb73
034a09e1
03320468
fe98f787
01dcfa11
fbc105be
fe2500c6
fbe3ff7c
fe05fbd7
040efd33
fef7000d
ffd0fc6d
fe4608e8
fe0dfd8f
fd66fa0f
f7c100d5
0444ff53
06e802c6
08c4fd75
0b9409cb
fa42fd78
02c8f1a2
09d9fd16
020cf7d4
05a60062
0376fdd7
fd7ffdd8
fb5effb3
fe3ff919
01e405eb
02140587
01ef0408
01bffad1
fc3ef9bf
02ed0ce3
fda60348
f389ff13
000f009c
fb69fefb
0446fd7d
0396fae0
f5f3093d
043ffc98
0308fdb6
ffb30a1c
03f1faef
04820945
fa9a03f8
f163fb3b
f1bf097d
f6a8fd2a
facaf974
fabcfb93
058201de
018104c2
0712ff0f
06dd0305
f6d8f7ef
f9cbf8e8
f3ba0919
fb7a0351
0275f94b
ff75ff98
fbaf0043
fa5bfe6a
01bb064a
fc3dfd95
faa80008
f83f065e
fea3ffe8
fced06b4
fbf4fced
07e0f88c
f8f803b8
fcc1ffee
06d9fa7b
fc0bfc6d
fc4d06f6
004c00b5
fa80f5a8
fe4bfe9c
051b0448
fae301e4
fd040020
fc18001c
f7de003c
fd2d0428
00bb02b6
055e012b
f9340142
fa42f998
08bffc59
0443fdb8
000f001a
01fc07dc
03ce0103
04dbf7a8
0ad1ff3b
05ef07e7
f615fc89
fe7e007f
0c75068c
0adbfbf8
fff3fd65
f633ff29
fa83ff0a
fd11fd5c
fecb02d7
fa46ff58
fab2f75e
0725042f
033901b8
fe1200e8
fe060369
04b6fe33
f99606bd
f2160797
09260470
025106e6
f84c00cc
00c2fb67
01e30644
fb2407d2
022af9f4
073af96b
fdcafe0c
0b5601ad
09e40476
046ffcff
014df95a
fa6c01b1
fd26fc68
f6d0f582
02b9ffd1
0399fe0b
0011fa4e
0213fe9a
0161fd85
fe9704a6
f1530455
04ebf871
077ffa15
fec3fcb9
032f00fe
fe4a023d
0c18ff95
04a606a6
fe610306
0d55fd78
0109f6bd
fe74014d
06010de8
fcdafa76
fedffc9b
f907ff7c
f8340219
046b0518
0053f769
018d03e0
fca90705
04fe018b
0dbcfffd
fcd7fc7e
fec40714
05ba0d19
fef9027c
fd16f632
089ffa1c
02b5fc1c
fcfe014c
ffc9fd57
fafafcf3
046901c8
01b6f59c
fe88094f
04b40b36
08300507
04d40d53
ffc5fc39
03e3fc98
03fcfe8d
fcc2fb2a
fb27092e
080e0681
0e14072e
fe9006b8
0004fcd7
00f101d3
fe89030b
fff3fc57
005403ed
038efd59
ff85fe35
fbfe0884
fc040091
04d806ca
071b00ca
034efe9f
04aaf92a
01c7f534
f9b1073d
fbc1fbc1
0675f979
0693fe22
09fd057d
04d305d7
0089f93c
fecf05f2
0271049e
06d1fe76
f17dffee
ff60fa09
05e6f2b8
fbd10194
01db0bd9
f71efd1f
02dd00f8
02db00c7
fd800080
025801d6
0210fb06
0af2f6c9
fd6afb65
fdf5073b
0893fda7
075bf7bc
039a01c1
fb4909d9
001805d4
f9d9039d
fda2027d
06acfe79
fd390546
030d02b7
0191ffc3
0280fcdf
0b46fe68
03c5fa8d
035ffd07
ff7b0985
fd12fc03
02edfd05
01bafd60
fdb2f830
f753fd78
fb840138
05ac0618
055f00a3
ff73002e
067102f1
014d0230
f878f8d5
06d4fd3a
ff7ffd3f
ff24f458
00c4ffd3
fb74fd54
041dfe53
f8bdfe22
033a0611
0cec0829
fcc6fb08
fdeb05dc
08700786
0c5b0d8d
02cf0862
fda20289
fa6f013c
f974f61a
fadf0239
fd78faa9
00dffa4a
fad00359
fd30fcc3
02a6fcb9
0227fb0a
f86903cb
f19e0323
f859fcf1
0298fd93
03ed00da
f9850249
fc41fbfc
fe2b0037
f99cfcdb
fc8e0040
ffbc06d0
fc6afe28
fc4c0205
00b2fad1
fd41ff0d
02830aed
06d30270
02b00513
f9fef5e6
0057f9d8
08e50b01
fa93f7ef
05adfa3c
0c26012a
010dfc8d
fffa0147
036206bf
07570380
fcdc0310
fc890511
fbbc048d
fa0a0cb2
fac0fda8
f4f2fcbc
fba406ad
ff2300d8
00f307b2
034c01dd
08f5fca5
0bd6fd36
fe880322
f46afbaa
fcbff856
02a105f8
fbb4ff4a
00830575
fc2d0183
fc73fdcb
0678fbc6
fc84f796
fc4b00b9
ffd7fd59
fe850a58
0167fd66
042ff5ce
00bf04b5
fc030091
02a4086e
00dfff1e
f8b8fca2
f9e2fede
008bfb25
031cffee
fd9cfa41
010ffc35
00befdb6
f233fecb
ff0dff7c
0acc01d6
feb0ff80
0a07f82a
056cfe0f
f843fc3a
01a1f82e
ff4ef6ec
08affa4c
0af70044
009402e3
0724057d
0073fd7b
f832fdd3
fbb100d8
ff75fdfe
06c2ff8f
03990677
fd360bc9
fd91fb8d
0036f8c6
04aafd23
00d2ff39
fc030b3b
fa0ef8d4
033efa8d
041c05bc
f2fff9f5
fba7015e
fd4bfd78
fd3aff9f
04d60414
f7f9fb7a
fff201a5
ff9207f1
f864020b
fc21fccd
fafe08c0
078dfffa
01a6f936
fda7042a
f9d2fe7a
f1cbfc88
01f8fd32
fd9c0827
05200566
0a00fec0
f6580730
fe3001e6
fc1a0276
f8edfd2a
feb3fe19
f8870713
fbfd03c8
05b90692
ffd0ff67
f29afe4a
00c00bac
03fc0628
f982fefa
0023fe49
05b1ff5e
09110189
fe22f5a1
fa60fc74
fc6f0454
fcebfd0a
fd25035b
f859fd1f
0597fd37
033606d3
02de095b
0c0204cd
044afc08
035a0226
fcdf06fa
f84a0440
fd17f761
0118f7a4
08e5047d
0987feda
fc98f5d1
fe0cfb13
ff8dfeb3
fa12f35a
0549fb52
f8c1ff4d
f7dbf93d
08d9ff41
0142fe9a
00e8fd6f
03defb89
067402cc
03fcfe8d
fcc2fb2a
fb27092e
080e0681
0e14072e
fe9006b8
0004fcd7
00f101d3
fe89030b
fff3fc57
005403ed
038efd59
ff85fe35
fbfe0884
fc040091
04d806ca
071b00ca
034efe9f
04aaf92a
01c7f534
f9b1073d
fbc1fbc1
0675f979
0693fe22
09fd057d
04d305d7
0089f93c
fecf05f2
0271049e
06d1fe76
f17dffee
ff60fa09
040afd08
0887fc6a
fb46fe65
003f030d
0221ff9f
f812053a
fe44faf7
fb35f9c5
0283ff4f
065ff930
ff78040a
0922f80c
0594f61b
015f0347
0013fc9e
007b01f7
0a4106dc
fdccff2c
f581ff01
0085fe8d
ff15fca1
01be01cf
0347fccb
01d1fcf4
015a0432
fcaa06c8
04deff4b
02a8f7ad
029f0248
054703f9
01e704d1
0214fb32
0127f591
01d2ff23
f2ea0405
fb790c66
fb62f570
f609f567
05ea02f5
fe62f9ce
0a830a3b
0685061a
052203b5
0a150b3c
f70402b3
ff9806b4
fdba026a
0048fd2b
06a201fb
062707d1
fc9f03ef
f4c7fb10
09d6ffa7
0275fd05
022fffb9
0cbf07be
0024fa1b
fa30f76d
f98a00f0
007e04db
06a70116
0051f5f7
fd8801f8
06ff06ca
02e2f9a7
fded025f
005d094e
fead054a
08a20018
0c4c000a
014a04d7
00fa0517
07cf0373
03d3f8cd
0283f84c
fd14fdf0
fcb0023c
ff1a0ece
fc940162
0603f63e
fc15fe6d
f86bfcf7
fcd2fe56
fd52fa52
016ffe88
feb30701
079d02b0
01c0feb5
fb98f25d
fd36f6aa
fbfb01df
f811f9f5
f94ffd49
02ab0731
f7fc039a
0099fec6
fd270560
f02c063f
fa72fb51
fdee0241
0a0a0d8a
01270068
fa21004f
054d06fc
07bafcfa
0711fcc5
03b50296
0449088d
00defae3
05a2fbba
04740ba3
ff96f75b
fe27f830
f885fbe1
05edfbf8
050a0867
fc5cfaf0
024ffb77
037e0089
0652039b
faa2038e
fba6f8c8
0c63028c
0038fd7e
fe0ffaf0
fdff0720
fd3dfbb2
03e001f9
fc9808a9
0421faff
f621fd29
f2ccf7e4
054efa7f
fb500232
ffd8fef6
fd2a0316
fac7f97b
ff5cfee3
fa4503bb
0129f31d
0166f750
f7e20311
f3be049b
fd7cfed3
009600fe
01a9fdc5
ffd6fa7e
fbc9fdd6
032cf800
062d0207
0b3902b8
fe1afb8e
f4f30342
fc7a02b2
fed1ff44
0321fdd3
019e00e2
04f300d0
02c5ff1a
fcd00407
fa6bfbe4
ffe2fb01
0166068f
f966fc48
02b4fa0c
fd2003dc
fb94fede
052b0222
001106b1
03130356
021707bc
fe3707f1
00a2fd18
02a5ff3c
fb5207bc
00c90759
07d9048b
f4e2fd9f
fbef037c
0124076d
f815fee8
030bfce6
01c80200
ff410425
f680fb64
f2dbff23
fec701ec
ff03016e
036902f5
0313f9f5
04850260
00600648
ff04fe20
0605019c
f9f8021f
016f017c
021002ae
fa10fddc
fbc5fdb8
fbfffd22
00c4f8e1
f778fdc4
00de00b4
fdac0312
f797ff52
0a9dfdc5
020eff16
f88f015a
fcdf07a2
0361f865
0497ffb3
0911045d
029bfa77
fb9c0865
022801dd
fa030104
00580656
005300aa
0238ff5f
0390ff4f
f9d9fd3a
0173fa85
fa030241
fb4b010c
ffafff0d
fd53faad
fceffb9f
ffad002e
0909facb
02270496
0473028a
0548fccd
03a8020d
0136fbfb
f9c9f6f0
ffad0226
ff450349
0266fe25
03890653
fdaafec4
03cf0006
089004c1
fd6fff8e
fb20fb9e
05adfbb4
06d90058
06b7f74b
00a10268
fb9b01bc
f9f4fb25
fae90655
00daff1f
fe43022a
fe900402
ff000218
fb520016
040afd08
0887fc6a
fb46fe65
003f030d
0221ff9f
f812053a
fe44faf7
fb35f9c5
0283ff4f
065ff930
ff78040a
0922f80c
0594f61b
015f0347
0013fc9e
007b01f7
0a4106dc
fdccff2c
f581ff01
0085fe8d
ff15fca1
01be01cf
0347fccb
01d1fcf4
015a0432
fcaa06c8
04deff4b
02a8f7ad
029f0248
054703f9
01e704d1
0214fb32
fa940456
033d04c1
0d7efcd7
ff06ff36
fab5f7fb
ff12f775
0197fa7c
feeefeb2
fe580567
00e3fea0
02db0296
06a80217
00a401cc
03f3010c
fd69fbb9
fc380180
0f3efad8
0a7ef716
01c900a2
06120833
06af0412
fcf70093
002a02a2
03a7ff45
017a06b5
00c503d6
f59ff6c8
f994fc75
fc1b00f5
024efeb5
00b7fbdc
f553f91e
06d90288
04d002fb
fb6001b7
016c0d81
fe4102ab
f99ff909
fa4b005f
07610282
051a0083
fa77fdd5
ff9a02ad
fec70661
04d9fda8
ff29f2d0
f06afcdd
fb6c00fe
fd78fa51
fafa03c3
fbba0055
00a1fcf6
01920408
fb03038a
00870522
fdd5054c
05e9ffd7
fea0fe00
f9e6fae4
06e4fa0c
0131ff23
0b20f9ba
ffe2fea7
fc490164
ffc2fae9
fa7400b2
07a202c1
fd6009eb
fcd90870
fd89010d
fe72fe59
fdf0fd4a
fce40098
02ebf8af
f79bf933
073af9e5
0628fdff
f6f20527
01d1f732
06a4f91e
021402dc
fef8fffc
fcfa05bb
fe0405dc
0fc5005e
033202bf
fd07ffd4
0e150405
056c064e
feeffdb7
fcc50590
01c50d47
02670593
0621fefd
065a03f0
00ef013b
ff5ef9fe
f8af0746
06e40781
0a1af18d
014af6b3
02e2ffce
0cf7fbe8
083d0e19
fb8a04a7
0263f60b
f84afccd
f545fd5c
fbd90992
fcfffae0
013afcc8
fed50931
f9630321
fcbb04b3
0438f234
0152fae1
087cff7b
fdfcf5cc
fb23fa57
0500ffd1
fdc20852
07c1fa1b
0179fca0
fb79fcbd
fd50fa61
fda6ff38
fe0ff4b9
f7ba0199
00ff03e3
fab0fe4a
f978febd
0147f9db
f93b0279
fc4b0403
0226fb96
fc8f0510
fcb60dc0
014effb2
0752fd3c
0ad301f3
ff770292
02b60736
fe0204e2
fc7ffe2a
04df0078
fb200090
ff5ef8a3
fb2302bd
fef609b6
00dd0b68
ff2f0534
0087faae
f95c019b
093000b8
f9a20295
f93bfef2
0b35fbe6
ff05fd97
ffdcfeb9
fd9b04a1
f88600a2
f5a90374
0098fd78
03e4fbfb
03cffad3
07e8fa1a
00a1fcd7
0310f77e
f6ff0766
f9aafbd5
ff34fcd5
feca0940
08f8f713
ffb9feff
fd7900a3
f6e4fc30
f842fe01
03660209
faac02f2
f9770178
feaa047c
fa2500f0
f86b06e4
fea8014d
fa37055e
fe5c03bf
04edfb8e
fa4004ae
fb93f8b3
0162fba7
ff09fa2c
fbeefc70
fa8d06fc
fcdbfb10
05820096
0304fc85
f82bfa87
03e6ff75
07f9ffe5
fad10381
ff6bff03
057e0766
fcf90796
fdab0495
0641011c
0155fc94
fb680140
f76cfab2
f8fdfa3d
019dfe6a
f9280157
fb1cfbe9
01c9fba4
f77cfff0
fc66fcf9
003507d2
03520317
010c0721
f7bd0868
09eefafe
08560535
f8c2fc5a
037bfa2c
0291037f
014402d9
04230051
fac6f4ca
feadfa9c
ffb6029d
055700c6
0877fdb7
f789006a
06e2ff09
065ffcb7
fa0007ec
054e0230
fc93fa38
044cfc67
0702feef
ff950274
01b50714
fb4b0459
02a6f75a
03effa48
fe30ff0d
ff46015a
04db03ee
02c50344
fe8b042f
07dcff71
077404f5
035e06ce
ff78fafa
fde5fd04
07c504f3
077900aa
fa940456
033d04c1
0d7efcd7
ff06ff36
fab5f7fb
ff12f775
0197fa7c
feeefeb2
fe580567
00e3fea0
02db0296
06a80217
00a401cc
03f3010c
fd69fbb9
fc380180
0f3efad8
0a7ef716
01c900a2
06120833
06af0412
fcf70093
002a02a2
03a7ff45
017a06b5
00c503d6
f59ff6c8
f994fc75
fc1b00f5
024efeb5
00b7fbdc
f553f91e
026bffab
ff12f88d
ff4c036b
02abff88
00faf6e0
f9a6fb90
02bc06f2
053e0647
0255007a
023401a1
fda3fa3f
04c2f4a4
02250077
022b03c6
033b03ae
fec00083
0665fd7d
feb30514
fa45faf0
07ccfece
0698008a
fa65f914
fbd504a0
0702fd42
0daefd13
086bfa05
ffe4f747
03e900b2
0076f86d
fc6b019c
fdd0016f
fbaffaa3
035efc86
0285f46c
008efd0b
fea50288
fb4b0602
00fe0bad
fae006cf
0476fa30
0a45fa91
fa800d85
fc5e00a4
fe3df89e
028cfca2
047ff37e
fe65ffea
006d00ce
08b10148
0b870cac
fd9903df
fe1300f9
03a703d6
0369fcf4
03aa0184
01c8086e
095dff3c
00ed00f5
0136fbd3
08dff85f
fdb305ce
fb74015b
fa740695
f95009a2
fd190246
027c01bf
fdfafe97
fcec010f
04000250
f8a70702
f972fdb0
04e5f750
00ce06a3
ffcf01e6
03f5fdd2
003201a6
0064fa03
05e4fd51
ff26fd92
fb69f8ca
04060306
fe7cfe57
f59e01fd
029105cd
000ff267
01d5fca1
0cdeff06
fe52fd47
02310606
0324faca
febcfc5a
0066fd2a
f8e801de
fa6604f5
fadc01ab
0630097b
0051f725
f683f5db
ff0f095a
fa08ff0c
fd7601d2
04aa02d4
074af844
02d1017b
01320377
fdfe0594
f8910638
0204fd53
00d7f6bc
000cfcfa
01530d36
01b301a7
fa6efb4b
f58c0225
00cf05aa
ff7c0773
0207fd90
00710672
001b01f5
ff8ef824
f944006d
0512fdab
01980903
004b10ca
06a00038
03cffd4d
017903bd
f8d2f93c
fc51fc8a
00730357
fd46f717
fd90f4c9
01feffe2
05ac0a67
fa14fe1a
f571f76d
f5b70322
f9840372
0aaefb9c
fee2fee8
f4d60779
0366ff58
04a60423
05d706c8
02b100c1
024b00c4
fee3f73b
fa5afa9b
02b6fe4c
f91aff38
0104fda3
0a0ef547
0349f8c7
0769fbb3
fdcff705
0218f9ca
04dcfcdc
fb97fdb6
01e30a47
02f20457
fe880051
fd4c052c
02d5fef9
059902a6
0265fb47
fbe7fd20
fcfa0549
03c2ff54
f5d90086
ef83032a
fdcafc00
01f6fb7e
fdba05c6
fe1bfc71
fadefe58
fa0f0646
0149fd0d
01e8fe9b
fa800650
f64cfd68
0259f34f
0578037f
00a8015e
0039fb6a
fdaafeb7
0469019a
0006075e
0245fe03
00c4047a
01da0286
0e890290
f3cefdc8
f8c8fc76
02fe096d
f4b6f47c
03b7013a
fdb6060d
006cfbfd
05f80814
fceefe3f
02e5fe06
fc95ffa1
fc6502b9
0307ffe9
02aefb59
ff6c0070
f7300065
f225030d
fd03050f
05350242
feb6fb95
ffb90a4a
fa0f078e
fef9fc7b
09d103be
042afa04
025ffda7
fe1b0127
fa02fea7
f669ff40
fa91fd9b
04040198
05360158
fe57fd2a
ff0df7c7
053102b5
0258082f
074effc2
f73b01a8
f6d50483
0586ffed
fe47fd1b
0a8700c5
01fd02c3
ff3e052e
00f7fca3
f6d5fa14
feb1033b
f43401b2
fbd200d4
05b6fafe
0475f78d
051d0039
fccc04ce
fd7f047e
fd3805f0
04a5034b
f9f6032f
f6d30083
0418fe17
f9f50700
007bfbcc
05fffbfd
025104d5
09a3fc03
098f0471
026bffab
ff12f88d
ff4c036b
02abff88
00faf6e0
f9a6fb90
02bc06f2
053e0647
0255007a
023401a1
fda3fa3f
04c2f4a4
02250077
022b03c6
033b03ae
fec00083
0665fd7d
feb30514
fa45faf0
07ccfece
0698008a
fa65f914
fbd504a0
0702fd42
0daefd13
086bfa05
ffe4f747
03e900b2
0076f86d
fc6b019c
fdd0016f
fbaffaa3
010efde9
0075016f
04c10913
0266fdf1
062c0058
0ec7fa74
f591fe41
f5e7ffea
028cfec5
fc8f0661
ff7cfd81
ff9dfd41
fbb50151
ff060770
fde7029c
ff530283
06280034
ff10f900
03b3ff4e
03bdf90b
f7e60144
fc20fd0f
f745ffad
f8e405de
0a2af4a6
07910135
f9c1fb9d
fb1cf659
ff720146
0621fe5e
03fd03b9
f958012d
03af0195
076d0173
03edfb85
fe32fee5
fc43fe3f
02f5010a
ff950211
05e3fd03
febafbb9
f429f857
ff3304c4
fdf805a5
fb36fdb6
04730686
059c00a9
000304df
fea403fc
017f00b8
0aa606e3
0231ff76
fd68004c
0870fd1d
0193fdcc
0301ff48
031a00eb
fb22ffcc
fb29fdf1
fecc0373
0313020c
fd1c05a9
fdc4fbaa
03070841
069b0c06
0448f893
032200e3
0a64fd36
05fdfb74
04c9fa96
044c044b
fef005e1
f9eefbb4
f521015c
fbe4fe89
fdb402ae
00dcfc6a
0f24007e
073e028c
f919fdf3
fd2e0369
046efa0d
0a8ffc4e
fe31fcf2
016901a3
07ec0112
f6cb053d
08b90918
0400f439
fa40fa4c
088a0886
fb3a04d3
01aaf762
fc48f578
f91ff794
04440072
febc0ac0
0578fc98
fc76fa56
fd7dfb94
042cfeed
0014fd2f
fe32fee4
0120039b
0dd8f9ee
fbdd01e2
fc9200a4
004f059e
f2460a9f
001cf85a
fdd8fcbb
011107c0
fafbfd75
ef9bfdfd
01da0735
020200ee
0286058d
018700c3
0022fff1
feb608a5
f766ffa9
031a008a
fe57fafc
0151f700
0686f8f1
f7cbffda
040bfd44
0684f3ac
021b049e
05210690
fe000783
01e80a94
01a00412
01cb030e
0002ff06
f9010578
faac03d7
fe73fd75
05bcfe3c
02cd0122
00120765
01870321
05670150
032702ad
f851f903
fe7ff59d
fb92fc42
fc92fdcf
0218fbf1
fd45fb8c
ff47fcbc
fd58fb07
fdbef8f3
f8e6fecf
ff700376
ff21fdf9
fa9e051b
09c40a45
0087fbaa
fa6a02dd
f7e404be
fac4ff9d
fd5e04ec
f600f72c
0434f6b6
02440322
012a026a
fdfffd14
f726ff87
fd50f6ce
f9a8f64a
018c06ac
ffeafe7c
f9a2061c
fbf40c7b
fe840503
00ba04a7
fd080290
fb0c0632
ef54fe50
f912026a
05a6fb3b
f982f511
fe640a8c
04c2032f
051af8cd
051000ff
fbb4050d
fda70155
0325fe56
0251f9b2
0365fd49
fdd2046c
07d1fa80
08eff8fc
f566fd7f
fc01ffca
fd9e0318
f7ed028a
f8ae0195
fd0305f0
077c009f
03d7fb89
01db0499
0195fa44
fcacf9e8
ff19fabc
072af628
031505e8
fb740228
00e1ffce
09c30717
0aa9083b
fa820159
f86fffb4
f7e6064c
f8c9f6a3
0737fb93
01960680
feadf6fb
fdf2fb8e
041b0747
08f40618
fe250098
00a2fcd6
06e7007c
08230135
00ed0075
0050fe26
0555ffd1
050106ab
03d1015d
008afefa
ffbbfce8
fe8cf8e5
01630093
021000f4
0275f8f4
fe11fb69
fe6005a9
04630407
0434fe01
0652ff7c
fd8802cc
0160fefa
fe9a035b
f4d5086e
ff3bf8fb
03a5fdd5
07c2fef0
0064fbb1
fe7d083b
02390335
fe00fe4a
fa21ff19
f84c0477
010efde9
0075016f
04c10913
0266fdf1
062c0058
0ec7fa74
f591fe41
f5e7ffea
028cfec5
fc8f0661
ff7cfd81
ff9dfd41
fbb50151
ff060770
fde7029c
ff530283
06280034
ff10f900
03b3ff4e
03bdf90b
f7e60144
fc20fd0f
f745ffad
f8e405de
0a2af4a6
07910135
f9c1fb9d
fb1cf659
ff720146
0621fe5e
03fd03b9
f958012d
027906a3
0c16f9a5
0276fb4a
01f1f550
fd21fbc0
fb8304e0
f83c082c
fa780139
06410267
076e089c
0377ff85
fbb30032
fe930130
006bf2c3
fc2cfaeb
00c7041a
09c4fb0f
0410062e
f8780243
f910fd20
fb4a04ca
04ce03fd
fe230268
fb8af661
0a8dfd51
019cff05
fbf300cf
0152053a
025ff27e
03f5fdf5
042c09ea
00a6fff6
ff4200f3
fca6018d
007efc87
09a2febb
fdf3ffe5
fcd00424
013e053c
fef3fd37
049602a8
0322fbca
0487fc1e
0284fdf7
0051f91d
ff6f02e7
fd1ff7b1
0193f8fc
05680765
028c0843
f98efec0
ff04fae6
008fffaa
f995fc5b
fa7109b4
062c0dc9
12e405a6
0495021f
01c3fd12
0403f61a
fbf8fb69
01f908fb
00050077
02010217
fce4ffe3
f426008e
042806ca
0520026a
fe860913
074afb59
013ef9aa
f70a00bd
ff1400c4
079a01c5
036bf6fe
fccaffa9
00f201ae
00f7fd1a
024afe38
071ffe97
fae701cd
f967fdfb
011c010e
006b0173
fe370094
fd5ffec9
fd2ff6fa
fcd1f7a9
02fbfd65
fe2d060b
00850808
065f029f
001d04e4
fe9a04d0
f860fbbf
ffd5fc3f
fd780000
faad012a
00c3061e
fdab0251
09af01c1
fed3ff33
fe6df427
061bfc31
fbb8fe3f
0054f940
fc0b02ae
ffbfff71
0041f8b4
007d00c8
03c70004
fc9df4f7
fc1f0506
fbc80310
0411ee59
fc2f0324
f841013e
0289f778
02a20002
03cf011f
03620111
0794fd48
02ca0305
012bfc43
07e408a7
03a00a96
fbc701c1
00480bbe
fe29f44d
fe8f0252
0b820c42
f971fb68
fb78fc0e
fc16fa0e
f94b0a54
08a404cf
f9abfebc
fe9001d8
fab1fe9d
ff99f76a
06ecf1c3
f6d7fd8e
031ffc69
072bfefe
0478f905
f697fbff
009d08c2
0895ff83
fc7204d0
041d0cf0
f8d90a02
fd910215
fbb1fc69
fa9ffba4
002d05b3
f8e103aa
ff55fac1
fd580162
ff9605cb
f6270e2b
fbaf0237
057000bc
00620331
02c2fe3b
f6ef04c7
0087fafe
00f6088f
f81f0528
012efbdf
fc590667
f8f4ff2c
ff4a0231
fde2fdd1
0056fdf1
0a97fc96
fad8ffe1
f5ad0cdb
fba7002d
f926fd21
0191029b
015fffca
05d8f5d7
05b9f759
01c703a9
06d9fbea
febafba9
fa6a0393
06d1fff6
017804ff
fd1002ef
0594f77d
f7fa0263
fc2703e9
058cf6fe
008af96d
0183f9a5
0527fba7
0142ff6d
f8b5f9ba
09de0011
036102c9
ff39f9d7
07c501bf
fe870399
02b90534
f356085f
f5eef51e
fdd7f781
f9650510
03e0f9ad
fe26f995
f83105e5
fa3bfffb
008d0065
fb7804be
fb2f014f
012c0324
010701b4
fefb06bb
f86ff942
0033f5ea
fedd0590
0116f932
fc26fe82
f725032a
ffdffd07
faa10219
063a01a8
fde001cb
f442fd8b
fd72f8dc
fad1fbb1
06420620
0c80014e
0944fdb0
fea506af
01c3fe6a
0c93fa1e
00f7fb2b
05a7faa0
08cc0006
ffa60054
0371fac0
0280fb3a
039f04a1
028c0c86
fbcb0722
01eb02e0
00f40094
fc57f7c4
01ec0453
06ad0be3
fe7408aa
fbf500b2
074ef826
fe470b9a
027906a3
0c16f9a5
0276fb4a
01f1f550
fd21fbc0
fb8304e0
f83c082c
fa780139
06410267
076e089c
0377ff85
fbb30032
fe930130
006bf2c3
fc2cfaeb
00c7041a
09c4fb0f
0410062e
f8780243
f910fd20
fb4a04ca
04ce03fd
fe230268
fb8af661
0a8dfd51
019cff05
fbf300cf
0152053a
025ff27e
03f5fdf5
042c09ea
00a6fff6
f4150231
fe0cfb76
022602f8
016ef7d2
fcf7fa0b
fd090222
fce902f5
0169050b
0d22fe63
004f06dd
fe29fe65
ff03fefb
f77f0a45
fb7b00dd
04b60812
02f50668
07cffd88
0c4bfe9d
f80a0161
01890214
ff40fc88
fa26fa1e
05abf780
f5d5f90e
fef801da
034708a1
ff6d0124
017ffcc2
ff1903a6
01f2034d
fdef03bc
0719058f
fd0b00a2
f5ebfea5
04f501fa
0041fe4b
054b0325
0d22003e
02d6f51e
005c054e
042c046e
ffd8fcff
0144035c
020bfc6c
fc0efeaa
fd0c0223
ff2a0079
016dff51
06f1fba5
06050020
ffe5ff8e
0216f987
0317fda9
042600d7
089ef988
08f7fb59
00c6ffdc
fb91f9dd
080700fb
fdb90021
faedf789
0983003b
fab9fd0c
ff4afbfe
064101d2
fdba00a1
0523ff21
0810f9af
037c04fa
008d0d0e
fd21018c
f555fe10
f71d01ab
f8f802fe
fca40284
074cfe89
fb52fa7d
fbd50115
090204e5
07ba0342
0222028f
f83f0079
fd420238
0334ff13
0657fc08
0347ff8b
f973fdd0
0418fe30
05c5039b
0205fe0a
02cffe33
0029fe55
0323ff24
fe8702d6
fa7ff5ef
ffc302ed
00a2050f
f9fefca5
ff6f0614
febeffb1
ff010351
0a38fb8e
fb06fb1c
f897fcb9
feb4fdcd
f94e09ec
f7eefde9
fabeffca
0538fa59
05940388
09fe0685
0333ef2b
01fafda5
015a0711
f1250122
0676f722
0791fc96
fba7036a
08760a47
06e90e32
fe23fd6a
f76400ec
fa41ffac
f887035a
f8f00043
fe4101b9
ffc704c5
02d2f9e5
fcbd06aa
fcdef631
0287f774
00c8017c
fc38fa96
feb4fd4e
0490fcf0
053c0a9d
fe5ff951
fb71fd03
05a70b85
fc6d049a
f7b40b48
041305ca
01dc0ad5
04130078
ffeff7e4
00000218
08bdfedc
fec100ba
015502fe
028afded
fb9efc47
fb08fdd0
f5fbfcd0
02e5045c
0475fbc5
00aeff73
02c50a54
f601fa04
fb51033a
f760ff0c
f8d7f90b
045d0a47
f9530242
fc41f5bc
019df867
06c401d1
049503aa
f6e7ffe9
f937fb7b
fc53017f
fc61000d
fd97f8a3
fd7400aa
ffbafef2
fe7b0af9
f9640ea6
fd88fc9d
faf7ff65
fa90fdf1
0991f824
02d7f8be
fbdefc64
054eff13
ffb5fcfb
f87c0278
ff7efc17
0494fcf9
030c0857
f5f5ff7a
fc130210
0e88faed
fc96f3be
fecf0481
046f0556
fbdf02ce
043af7c8
fe02fa45
01920297
01e6faf5
fb060a05
fc550af3
01e3fe22
03b8fccd
fa83ff00
0248fea2
ff9ffba9
fb4cfca9
fb15fcdd
003e02f6
06e4fc81
f549ff14
fb140438
030efc53
fbea04b6
fc8a066b
034b071c
0039fb82
fb19f970
05ea05a9
fe5ff9b2
fd200290
04e3ffbb
059ff714
fedf082c
fa4f0144
0a9dff0a
06260054
062afb61
09f701aa
fb93fb1d
0226fe08
0af7056d
0a050307
07f50994
fccdff2f
fbc4f703
0658fe32
05c5fb04
01bc024b
fc6d05b1
f98dfffb
f6080698
fd0202f4
0751003e
01640262
07b9ff0f
fc6f0151
f746f55a
038cf34d
010201fa
066601fd
002803a5
fec306be
fc4e025a
f88afc09
f984038f
f4150231
fe0cfb76
022602f8
016ef7d2
fcf7fa0b
fd090222
fce902f5
0169050b
0d22fe63
004f06dd
fe29fe65
ff03fefb
f77f0a45
fb7b00dd
04b60812
02f50668
07cffd88
0c4bfe9d
f80a0161
01890214
ff40fc88
fa26fa1e
05abf780
f5d5f90e
fef801da
034708a1
ff6d0124
017ffcc2
ff1903a6
01f2034d
fdef03bc
0719058f
fd70f71e
fd9c01aa
012803df
fffa00bd
fde802a3
f88dfb73
fe3204db
fadb0143
fc3d0172
0388fb6d
ff90facc
05a9041c
fd7ef973
05ef0256
052c0101
f945038b
08870226
02d8fb43
fe910ae8
0050059d
f5150582
f90e02a7
063302c8
fe05083b
f7e1fea3
03e405ba
07870a6d
035204fd
066cfc87
04befbf4
fb75feeb
056d010c
0451092c
fd9105e3
fbb7fd96
fa5efa7e
02df009f
fb29fe64
f905fe30
f84b0436
07befc3b
0808ff8d
f5be07b7
04f702ca
fca7fc49
f7a706d4
fd100b40
fdbcff24
014b0290
0261ff2c
0793f9e9
02070195
06e2fb9c
0846f4f0
0891fb30
0035ffd8
fe32fd6d
fef8f82e
efcbfb4c
018dfd6b
0811fcdb
011f04d1
fe2afdb3
0592fca4
09fa0384
fd800106
042b0439
0017f95d
0637f716
0260fce9
f49e0461
0621081a
07a5f4f8
fbe8fcf2
fdeb086b
079002fc
08e5ff09
076ffa7c
ff200004
0016fd69
02a5fd6c
fbdbfd80
fa75fa7c
f7e903c9
04f903a5
00c3fc40
01ceff5e
08fe0092
ff57fe81
052901db
feeafc67
f60e05be
f71a0bb2
0694f8b5
08f9fc85
03ad0429
05b103cb
f9c8ff6c
066dfd32
048105bd
fab20405
071a0712
065a05d8
fe1502a7
fa830213
0083fcf3
04c600dc
05cbf7bd
0151fa1c
013d07c9
0136028d
01750852
00fd030c
fe5af716
04f30674
f5c902aa
f7f3f2b9
0483fd55
0028075b
04060570
fd74fc02
fc4df989
f473fd48
f5f1f24e
03b0fa2c
fb540527
ffd2fb10
f9ef02df
f4a60331
07abfcd7
fde704b9
fe2d04a2
098a025d
facbf9ac
028bfa5a
04600394
f6bd00eb
fe6afdde
03f8fe46
ff8109f9
f64b04c8
fae7fdca
047e08d8
f9cf00a9
fa7c003b
04b20251
f863fc51
fcc3014a
fff3fc92
f63bf77f
02aafbd4
f3a5fd04
f647fdad
0997022d
00b4fd77
04ebfb25
ff5e06c9
fefd0143
037efa9b
01720a64
ff7b0560
fd8df97a
0077072a
00e10005
059dfc58
f9530356
fc6ff8ef
01ce033b
f89a01ff
ffecff4a
fed00934
f917fe31
f4f0f9ee
041ef726
03d6f68f
f784ff02
fed10757
ffc50158
07d3fad1
fea1031a
010fff45
06340507
f67c050f
ff20fdb7
fc9b0277
fce4009d
0305055a
fc80005f
0285f9d3
fedbfbaf
f985005c
fffb0674
fd9d022d
fc6803cc
0550fe23
0715ff11
fc2e04f8
f834fadb
fb4bfb7c
fe77fcdc
04a30315
01dc08e9
033f02e8
007302fa
fb1bfc3d
0475f77c
0187fae9
00cb03f6
05bb0a52
083efcd7
03a8fa4f
fdf0fd7b
02c60064
fda4077a
ff1a046b
ff060858
ffbffdcf
fef8fab9
f5a2066c
05c0fe6e
08c8013e
f9c2036e
fe3402b3
fe08ff95
fcd6fa4f
0653f82f
fe78f57a
02ac042f
054c011b
fb5c050d
08950cf8
ff12fadf
00d3fdb1
0893012f
ffbbfd40
0595fb3e
0260feca
0799ffa8
fdcaf4e3
f71cfa3d
02b3ffb3
02b2036e
048a074d
0248fc0b
0031f9f6
fdcd0480
ffe6fd66
f883fddc
fc2503e2
05f2fa50
fc88016d
ff32feb1
040efcfa
0abbfde3
045ff597
fbd5fa9d
fd70f71e
fd9c01aa
012803df
fffa00bd
fde802a3
f88dfb73
fe3204db
fadb0143
fc3d0172
0388fb6d
ff90facc
05a9041c
fd7ef973
05ef0256
052c0101
f945038b
08870226
02d8fb43
fe910ae8
0050059d
f5150582
f90e02a7
063302c8
fe05083b
f7e1fea3
03e405ba
07870a6d
035204fd
066cfc87
04befbf4
fb75feeb
056d010c
00000000
00000000
00000000
00000000
00000000
00000000
00000000
00000000
00000000
00000000
00000000
00000000
00000000
00000000
00000000
00000000
00000000
00000000
00000000
00000000
00000000
00000000
00000000
00000000
00000000
00000000
00000000
00000000
00000000
00000000
00000000
00000000
00000000
00000000
00000000
00000000
00000000
00000000
00000000
00000000
00000000
00000000
00000000
00000000
00000000
00000000
00000000
00000000
00000000
00000000
00000000
00000000
00000000
00000000
00000000
00000000
00000000
00000000
00000000
00000000
00000000
00000000
00000000
00000000
00000000
00000000
00000000
00000000
00000000
00000000
00000000
00000000
00000000
00000000
00000000
00000000
00000000
00000000
00000000
00000000
00000000
00000000
00000000
00000000
00000000
00000000
00000000
00000000
00000000
00000000
00000000
00000000
00000000
00000000
00000000
00000000
00000000
00000000
00000000
00000000
00000000
00000000
00000000
00000000
00000000
00000000
00000000
00000000
00000000
00000000
00000000
00000000
00000000
00000000
00000000
00000000
00000000
00000000
00000000
00000000
00000000
00000000
00000000
00000000
00000000
00000000
00000000
00000000
00000000
00000000
00000000
00000000
00000000
00000000
00000000
00000000
00000000
00000000
00000000
00000000
00000000
00000000
00000000
00000000
00000000
00000000
00000000
00000000
00000000
00000000
00000000
00000000
00000000
00000000
00000000
00000000
00000000
00000000
00000000
00000000
00000000
00000000
00000000
00000000
00000000
00000000
00000000
00000000
00000000
00000000
00000000
00000000
00000000
00000000
00000000
00000000
00000000
00000000
00000000
00000000
00000000
00000000
00000000
00000000
00000000
00000000
00000000
00000000
00000000
00000000
00000000
00000000
00000000
00000000
00000000
00000000
00000000
00000000
00000000
00000000
