0.00213958183 0.00264894916
0.000841558503 0.00455709128
-0.000224240561 0.000922958134
-0.00896789972 -0.00180995779
0.00166876754 0.00196121493
-0.00822270941 0.00166195503
0.00351908151 0.0033420648
0.00234320387 -0.00268283347
0.00321020442 0.00223701727
0.00320016476 -0.00761270337
0.00115479436 0.00350202969
-0.00206898921 -0.000167173057
-0.00118688715 0.00463086041
0.00583220506 0.00111054932
-0.00225101388 0.00400650501
-0.000881337211 0.00544064492
-0.00280262786 -0.00451642461
-0.00200124877 -0.00514369877
-0.00118488085 0.00337703829
0.000992516289 0.00184961513
-0.00113712589 -0.00337924226
-0.00137226493 -0.00236427574
-0.00238594622 -0.00249717408
0.000346992369 0.00224455423
-0.0051993411 -0.00450932747
0.000200356997 -0.00546501204
0.00506565534 -0.00182908715
-0.00296680932 -0.00343355606
-0.000174955581 0.00196161703
0.0108952336 0.00148735358
-0.0038402474 -0.00424238341
-0.00626854552 0.00233480986
-0.001649632 0.00274355779
0.00698746974 -0.00103172043
0.0078690974 -0.00317421486
-0.00470454525 -0.00550913345
0.00220526895 0.00106630218
1.94614404e-05 0.00501967315
-0.00227369228 0.00412690267
-0.00752382912 0.00148917129
0.00396686327 0.0107355407
-0.00332992547 -0.00465773139
0.00115769159 0.0030483692
0.000315498182 -0.00263177627
0.00723319454 0.00167977659
0.00454663672 -0.00250029494
-0.00446854718 -0.00123570871
-0.00101337652 0.00272779027
0.00400710758 -0.00511728972
-0.00515622739 -0.00222731545
-0.00151928735 -0.00417483924
0.000880608917 0.000962971477
-0.00624776166 0.00180543982
-0.00477639027 0.00248704152
-0.00659355614 -0.00610938109
0.00110646104 -0.00570571003
-0.00217092992 0.000960077101
0.00359166134 0.000611720432
0.000437740469 -0.00377146713
0.00221248902 0.000590104959
-0.000322951819 0.00100467587
0.002906668 -0.00183285319
-0.000392113841 0.0112737678
-0.00380061939 -0.00332166301
0.00457683858 0.00412517879
0.00379001303 0.000148135587
0.00876605511 0.000349824986
-0.000552487269 -0.00359745021
-0.00224375469 -0.00159011537
-0.00559682166 -0.00106895342
-0.0149260471 -0.00182269025
-0.00505837006 0.00198383001
0.00188478001 0.0027983957
-0.00342417415 0.000480293995
-0.0100326464 0.00269106962
0.00235152035 -0.000947862689
-0.00229046214 -0.00295577687
-0.00139836257 -0.00278166682
-0.00167139352 -0.00351902819
-0.000522489194 -0.00188016414
0.00183349778 -0.00150813791
-0.00670660473 0.00134600198
-0.000879648491 -0.00152949814
-0.00196316163 0.00415186025
0.00439877342 0.0031372793
-0.0040041809 -0.000501706672
0.00632792898 -0.00470914552
0.00235146866 7.35273861e-05
0.00628360035 0.0007898818
-0.00272190082 0.00264224224
0.00311954087 0.0028647359
0.0014061128 0.0019708192
-0.00579006691 0.00179875817
-0.00100612268 0.00293638743
-0.0017437241 0.00695353607
-0.00373584894 0.000479382492
-0.00297198701 -0.00135120819
-0.00556077156 0.00713366875
-0.0018038475 0.00270355702
0.00128885685 -0.00315519283
-0.00301174773 0.000184562276
-0.00604700996 -0.00181449018
0.00404841127 0.00542292185
-0.00143758149 -0.00324676838
0.000103679784 -0.00214894186
-0.00090907159 -0.00390253216
-0.00209563691 -0.00609780056
0.00233078538 0.00320508098
-0.00205934723 -0.00877260882
0.000113707225 0.00225256011
-0.00558974547 -0.00156338757
-0.00633224985 0.00442567049
-0.00150725991 -0.000633900403
0.0073952442 0.00519564189
0.000707912841 0.00571313454
0.00748552429 0.00632656226
0.00175195432 0.00263698399
0.00175681012 0.00255511818
-0.00225206139 0.00301338523
-9.67183805e-05 -0.00791767891
0.00693742884 0.00792842824
0.00458310405 -0.000227139011
-0.00242242101 -0.00062043377
-0.00181508181 0.00138049887
0.00517468899 0.00248067314
-0.00199039746 0.000295987265
0.00355280866 -0.00301052374
-0.00351992599 -0.00180803146
0.00243536523 0.00490731187
0.00590305962 0.000649030088
0.00322730071 -0.00134265691
0.000937100151 -0.00312315044
0.000537516549 -0.00387488352
-0.000329640578 -0.00186746311
-8.72959426e-05 0.0013238932
0.00455868151 -6.36582918e-05
0.00445420109 -0.0056748786
0.00157173094 -0.00368485227
-0.00488079432 -0.00758030592
-0.00201390823 -0.000272664591
0.00115384546 0.0025032172
0.000201360788 0.00147711742
-0.00522275362 0.00627168221
0.00256517646 -0.00177352689
0.010060695 0.00680445321
-0.00475019636 -0.00446218159
0.00024797066 0.000864624802
0.00626153918 -0.00163153326
-0.00161343638 0.000345294131
-0.00157311512 0.00234339735
0.000651037553 -0.00297540519
0.00218024524 -0.00771936309
-0.00159623229 -0.0037377507
0.00378541951 -0.00230101822
-0.00737276534 -0.00348375738
0.0025450259 0.00628212513
0.00142319698 -0.0017626331
-0.000619799888 -0.00315046706
0.0015024821 0.00264353072
0.000186936159 0.00105326425
0.0051399637 -0.00161470147
-0.00178924517 -0.00216043135
-0.000157234332 0.00170695002
-0.00536443759 0.00111929199
-0.00434513669 0.00265347725
-0.000928737863 0.00182181667
-0.00602556299 -0.00455534318
-0.0032712922 0.00301928306
-0.00514011318 -0.00676128129
-0.00192032638 -0.00637052534
0.000441654527 -0.00691459421
0.00364518585 -0.00202694419
-0.00749130175 0.00736298691
-0.000775688735 -0.000506332028
0.00334772607 -8.77558705e-05
0.005334666 -0.00140445249
0.00544654625 0.00477821287
-0.00556115527 -0.00758585799
-0.00198227516 0.00113741448
0.00218628766 0.00233411579
0.003641285 0.00575709855
0.00109059596 -1.85146055e-05
0.00102485996 -0.00114837999
0.000929387636 -0.00153871346
-0.0029806043 -0.00666280743
0.000621267187 -0.00125996012
0.0031412791 8.70006479e-05
-0.00130789808 0.00169134152
0.00454137847 0.00287660165
-0.011002332 -0.00554118538
-0.00127125869 -0.00423580734
0.00657778839 0.00130145578
0.00336743705 -0.00528504839
0.00559962122 0.0071447799
0.000552866666 -0.00592675852
-0.00457168883 -0.000813866034
-0.00198109564 -0.00338723906
0.00589195918 0.0025148748
-0.00710876705 -0.00298177893
-0.00368631701 0.000754450797
-0.0508835055 -0.0286924019
-0.0310430005 0.010171934
-0.0219789091 -0.0406512991
0.0270541869 -0.0109938262
-0.00871989504 0.068670243
-0.0406276733 -0.0687922686
0.048348438 -0.0227086674
0.044695206 0.00101713953
0.0442400128 -0.0599101707
-0.0202490613 0.0125473691
-0.0420840904 -0.00818922371
0.0099989837 -0.0167684723
0.0293842442 -0.0481275879
0.0147663383 0.0408719592
0.059153147 0.0212356895
-0.0218282305 -0.00464056525
0.00761189405 0.0215460826
0.00125329325 0.0509628206
0.0201389082 0.0299589168
-0.00907616224 0.00725501822
-0.00982680172 -0.0374386013
0.0261044055 0.0880337581
0.0142868645 0.0291694328
0.00133386126 0.0258353539
-0.0279994123 0.0208766926
0.0140531631 0.0235090051
0.0659941882 -0.0284517948
-0.0487439111 0.0534852333
0.00404838426 0.0133217992
0.00090786611 -0.00400280813
0.0476869717 0.0125714084
-0.00529897865 -0.0195832588
-0.0188274942 -0.000904942979
0.0261145979 0.0113714663
-0.0587241352 0.0261312891
-0.0751075 0.0393884741
0.0133046834 -0.0174506418
0.00685725827 -0.0359355621
0.0264039468 0.0136416275
-0.00549134333 0.017778784
0.00295738666 -0.00103981269
0.0502033569 0.0208451319
0.0112572368 -0.00521875732
0.0132870199 -0.0199154187
-0.0236940719 -0.0339978151
0.0264955312 0.0280305017
0.0243320055 -0.00251412415
0.00355938659 -0.0330467857
-0.0415870994 -0.0254715476
0.015697794 0.0195020307
-0.00294427644 -0.000840525143
-0.0254277829 -0.0102504762
0.0408495031 0.0372008532
-0.0362760276 0.0138402423
-0.0282139983 -0.0228736605
0.0214697365 0.0205892939
-0.0328036323 -0.0452129208
-0.026085142 0.00638258923
0.0365648195 -0.0573591553
0.0137175806 -0.034591727
-0.0309728049 -0.0328031033
-0.00995134097 -0.00177293236
-0.0100609129 0.0213697255
-0.0492091961 0.0609556884
0.0298275333 0.00169823423
0.0185705181 0.0233164616
0.000644473592 -0.0158737488
-0.0790654421 -0.0310933143
-0.0139650218 -0.0148615092
-0.0344879813 -0.00848423783
0.00733007398 0.00497126952
0.0763014853 0.00249016122
-0.0434273854 0.0419326089
-0.0133976173 -0.0543531887
-0.0270312503 0.0742673054
-0.00860010274 -0.0446475185
-0.0629777387 -0.0185646452
-0.0226692948 0.0119972229
0.0111341001 0.10795024
0.00478938268 0.0176209565
0.0168094542 -0.00865214784
-0.0405774601 0.00284110033
0.0350813158 0.0310117118
-0.0427781567 0.0539486893
0.0652800202 0.018858185
0.00261170394 0.01378428
-0.00534200436 0.0549310334
-0.0147598563 -0.0121106924
-0.0145979133 -0.0284997188
-0.0199107602 -0.0304833762
-0.0276632383 0.00717382273
-0.0292969663 -0.0464135706
0.0139100142 -0.0185110401
-0.0506172515 -0.0105265323
-0.0439024642 -0.000521666545
0.00167939859 0.0342026651
0.0163957998 -0.00701944996
-0.00939434487 -0.0491230562
0.030595921 -0.0205899756
0.0631464422 0.00471389433
-0.0289380085 0.0453963429
-0.00766330911 0.0398371667
-0.0252973717 -0.0291194674
-0.0660733655 0.0319200642
-0.0425572656 0.00889244583
-0.00781352911 0.0338381529
-0.0240469687 5.26940357e-06
0.0141787063 0.00936953072
-0.00326447678 0.0183464997
0.041815985 -0.000545907649
0.00974320434 0.00687646773
0.0301918443 -0.00544668222
-0.000758061709 -0.049285993
-0.0479765013 0.0137811173
0.0227154884 0.0121285683
-0.0128987217 0.0245557465
0.0320109278 0.0467627682
-0.00115716865 -0.0177957322
0.0126833525 -0.0310680307
0.0350748338 0.00468408084
-0.00574922003 -0.036601536
-0.00993827451 0.00276512466
-0.0180558916 -0.037088085
-0.00113096228 0.000303308159
-0.0186688509 -0.0221626405
-0.00735717872 -0.0055456995
0.0245999545 0.0390255339
-0.00121984992 0.0457610413
-0.0448441207 -0.0257631857
-0.026014233 0.0104496377
-0.019969048 -0.0420913547
0.0347021744 -0.00627197837
-0.00718097435 0.0734596103
-0.049982816 -0.0624248311
0.0523127615 -0.0182065871
0.0463206284 0.00435969792
0.0450302549 -0.0616117045
-0.0127217537 0.00326526654
-0.0514764264 -0.00404589158
0.00409734575 -0.0182568319
0.0300590508 -0.0535213016
0.0198697168 0.0346329026
0.0563475117 0.0227246508
-0.0146696344 9.26648063e-05
0.0123919742 0.0175186172
0.00863950234 0.0536597297
0.0218670629 0.0348481573
-0.0179633442 0.0187814739
-0.0150941312 -0.0403757095
0.0166324656 0.086697571
0.00926212501 0.0277883727
0.000727712817 0.0309786256
-0.0313634872 0.0316479802
0.0172128696 0.0303157456
0.0622839481 -0.0348324105
-0.0475681089 0.0493350476
-0.00298394798 0.010379537
0.00545998849 -0.0077317711
0.0480852574 0.0110839009
-0.00451897737 -0.0219897069
-0.0198786668 -0.00279264688
0.0202695802 0.00714545557
-0.0560966954 0.0291358121
-0.0768825933 0.0493889675
0.00743378745 -0.00940169301
0.00887351017 -0.0391944908
0.0310157239 0.00424531475
-0.000951950962 0.00986088067
0.00859631971 0.0105949165
0.0490636192 0.0206735432
0.00628062617 -5.7577081e-06
0.0160708297 -0.0241994578
-0.0244736057 -0.0249410346
0.0223271586 0.0278769117
0.0126182772 -0.00971979182
0.00239729974 -0.0247102082
-0.0432225354 -0.0299230851
0.0219628941 0.0165878311
-0.0171830654 -0.002571563
-0.0256771091 -0.0107285501
0.0353256911 0.034552481
-0.0413956828 0.00744818617
-0.0222443398 -0.0172969643
0.0151144033 0.0222479086
-0.0373785608 -0.0392656326
-0.0224895626 0.00688872812
0.0376539156 -0.0549954958
0.0186234452 -0.0329552852
-0.026194565 -0.0310564172
-0.01190913 0.0038096013
-0.00526493136 0.0261941925
-0.0579960942 0.0629660487
0.0274288189 0.00368753704
0.0232686438 0.0168810617
0.0106965853 -0.0181651916
-0.0802998394 -0.0381722786
-0.0140893953 -0.00835696328
-0.0357122347 -0.00262050168
0.00772311306 -0.00189644098
0.0643685758 0.00919791032
-0.0441070497 0.0499886125
-0.00806579832 -0.0603962392
-0.0333730243 0.0780502707
-0.00832109433 -0.0417531803
-0.0583908334 -0.0250126291
-0.017911505 0.00709491596
0.00573469372 0.105354048
0.000173131324 0.0189531911
0.0141491555 -0.0189796407
-0.0479579344 2.66890384e-05
0.0271487068 0.0236965455
-0.0495168343 0.0587445647
0.0590473749 0.0157834869
0.00932618324 0.0108683342
-0.00292761717 0.0527740866
-0.0151535142 -0.0109530473
-0.0165298712 -0.0287475679
-0.0263760742 -0.035344556
-0.0101655517 0.0186199695
-0.0266099647 -0.0521386825
0.00602979772 -0.0119526051
-0.049125053 -0.00314740255
-0.0389370844 0.00338018639
-0.00478289416 0.0412783995
0.00736408774 -0.0137372585
-0.00948830135 -0.0425967053
0.0311578624 -0.013931321
0.0593897961 0.00187878753
-0.0241259318 0.0498644821
-0.00769419502 0.0561992116
-0.0170108862 -0.0348712169
-0.0733791962 0.0355553515
-0.0481219254 0.00926649105
-0.0112524871 0.0330330878
-0.0235327799 0.000193826942
0.0134170121 0.00654701795
0.0026398648 0.0223845895
0.0365298539 0.00193224242
0.0129473899 0.006363241
0.0329592973 -0.00348782307
0.00722757354 -0.0450634286
-0.0430893265 0.0181847066
0.0347922556 0.0239583682
-0.0210611522 0.0301542208
0.0303543191 0.0462831259
0.00270472071 -0.0207622331
0.0146847749 -0.0278201904
0.0420591198 0.00703396322
-0.00491096824 -0.0444667302
-0.0085599469 -0.0051975837
-0.0201611426 -0.039723441
0.0020629135 -0.0010855142
-0.0110533247 -0.0167814512
-0.00537636038 0.0040404764
0.0219912361 0.0290533341
-0.00217156275 0.0440878868
-0.0114858756 -0.0167010091
0.00995520502 0.0360486396
-0.0145199373 -0.00784232654
0.00903681293 -0.0334041603
0.0687329099 -0.02485382
-0.0320985839 -0.0388552286
-0.0949205011 5.35823983e-06
0.0755550042 0.0110858353
0.00461901305 -0.023426313
-0.0684261695 -0.0613828935
0.0409588143 0.0153867528
0.0128654642 0.066691719
0.0187536981 -0.0119014177
-0.0142178256 -0.0258830972
-0.0219805446 0.0203096308
0.00451913476 0.024585072
0.00740175461 -0.0441022627
0.0545452125 -0.0011862031
0.00158395094 0.0208668131
-0.0221606009 0.0110816844
-0.0171138477 0.00253784284
-0.0113531547 -0.012288372
-0.00884222053 -0.0393480733
0.00129797601 -0.0819774419
0.0713713691 -0.0190697201
-0.00862671901 -0.0110273231
-0.00696992129 0.0043203095
0.0230232123 0.0515610352
0.0393724516 -0.0109840641
0.0426652282 0.0378591307
-0.0155525319 -0.00434766011
0.0403938442 0.0286673345
0.0484335497 0.0701614842
0.0250527635 0.0112567293
0.0168228149 0.0859721303
-0.0615243055 0.0166075099
-0.0376856625 -0.065682672
0.0446800813 -0.0215075091
0.0437933244 0.0123368185
0.0350256748 0.0430651084
0.0811150223 0.0126550784
0.0123563763 -0.0535672903
-0.0499517359 -0.0444367006
-0.0177770313 -0.0189206749
-0.0447132215 -0.0233973656
-0.00695448136 0.0166015215
-0.01711859 0.0140327476
-0.0250109658 -0.0545676723
0.059991803 -0.0541745573
-0.021233283 0.0209658742
-0.0577123314 -0.0315225013
-0.0324002169 -0.0870951563
-0.0165940467 0.0431031957
0.0675499886 0.0159929618
0.0238588452 -0.00163768034
0.0561834425 0.0220210142
0.038194485 -0.0504112281
-0.0600624233 0.0874983743
0.0199995637 0.00296033802
0.0921476111 -0.119170576
-0.000627430505 0.0267162602
-0.0473582186 0.0658056289
-0.054433085 0.000185227778
-0.0219833534 -0.0418792367
0.104063801 -0.092057623
0.0309158731 -0.0165997129
-0.0159366336 0.0690074638
0.0451029278 -0.0136081949
0.020692911 0.00551525503
0.0639680102 0.0314078666
0.0117283389 -0.0485123061
0.0340630151 -0.0216667969
0.0939610973 -0.0221332274
0.00668657012 0.00988337118
-0.0538180768 -0.00252906675
0.0163072385 -0.0186847951
0.0731359944 -0.0303071607
0.0125472313 -0.106218547
0.0140699781 -0.0359485634
0.0111610927 0.0124135567
-0.0194886196 -0.0107502425
-0.0576269515 -0.0256880131
0.0210424364 0.0257190466
0.0101059414 0.0815549269
-0.0670930967 -0.0296032336
0.0577598438 -0.0177114233
-0.0285023041 0.0259875599
-0.0681335479 0.0274209529
-0.0670842007 0.021409601
-0.0354287364 0.0315439366
0.123099297 0.0407706797
0.0235004239 0.00928453822
0.0168778189 0.00654777419
0.000107437962 0.000922570587
-0.0313472711 0.0651023909
0.0429356806 0.0164279789
-0.0474455878 -0.0599293262
-0.00437393086 0.0135557242
0.0849129483 0.0165644437
0.0164240897 -0.0154885938
0.0228606742 -0.0489797331
0.0171614643 0.00742581114
-0.0322775878 -0.0122927614
0.0469721891 0.0284721386
0.0037247201 0.116237238
-0.0956543311 0.0275185052
-0.0104418797 0.0499483347
-0.0212516375 0.00460209418
-0.0350700989 -0.0145191913
-0.00157182477 0.0289153326
-0.0353455469 0.0121759428
-0.0601289123 0.0227720495
-0.057451468 -0.013509756
-0.0896685794 -0.027852295
-0.0209002998 -0.0258454587
0.0540068671 0.0813801363
0.0803694725 0.0277111791
0.0478610918 -0.0270827543
0.0527285375 0.010822745
0.0630493909 -0.0132432226
-0.0365204699 -0.0101761436
-0.0013692776 -0.120266095
-0.0450801998 -0.00842451025
-0.0867419541 0.0304046161
0.0212944373 -0.0367208011
-0.00521030696 0.0917596966
0.0304384213 -0.0227194764
-0.0279458668 0.0234344602
-0.00564247649 0.000471801963
-0.0167130269 -0.102756806
-0.0354835652 0.0581403822
0.106543489 0.0111022945
0.0293489788 -0.0932832286
0.0489401631 -0.0577059574
-0.0242498033 0.0313298367
-0.0830519572 0.0228372235
-0.0398062877 0.0375322886
-0.0518225282 0.0659091696
-0.0171505604 -0.045572672
-0.0624742508 -0.0202665702
0.0442854948 -0.0182453413
-0.0374669358 -0.0198262148
-0.0205213223 0.0483135059
0.0821174607 0.024879925
-0.0619468912 0.00489751482
-0.0559433401 -0.0256331973
-0.0708478466 -0.00459756749
-0.0675832182 0.00138299842
-0.025691608 -0.0407480262
-0.0109722642 -0.0137782684
0.0346199311 -0.0427206717
0.000629651826 -0.0698261037
-0.0651364252 0.0251251385
-0.012806369 -0.0142975198
0.0158563089 -0.0602415204
-0.0870082229 0.0588332154
-0.00882064831 0.0823152736
0.0339948833 0.0505302362
-0.0359131284 -0.0065665557
0.0212736167 -0.01686728
0.075848408 0.0260289051
0.0148177631 0.0237103663
-0.0172923412 0.0661957636
0.0344773643 0.046456404
0.00701791979 0.034888234
0.0387691893 0.0291952565
-0.0291565489 0.016980404
-0.0356272534 0.00742434664
0.00260721613 -0.0143912639
-0.0527588017 0.0413003825
0.0130707379 -0.000583040994
0.0320065208 0.0165091697
0.0346435159 0.0340370275
-0.0178100299 -0.0240506418
-0.0122544933 0.0465754941
0.0275193453 0.00500403624
-0.0384117179 -0.0900386199
-0.0182332397 -0.0326664373
-0.0491644926 -0.00747336168
-0.0159285143 -0.0570702627
0.024269186 -0.00726171443
0.0474485531 0.00879580528
0.0111550484 -0.0220943466
-0.0348787382 0.0218407046
0.00790740363 0.00949791633
-0.00878585968 0.000160746436
-0.019450184 0.0301762223
-0.0243123155 0.0104713608
0.00380572886 0.00461778883
-0.0258725639 -0.0536131077
-0.00318008917 -0.0365409106
0.0170569252 0.00218569441
0.0124856038 -0.0109379524
-0.0490177684 -0.01685201
-0.0441286266 -0.0199386999
0.047839351 -0.00690005673
-0.00734092249 -0.0427808948
0.0673673972 0.00836807396
0.00706446776 0.0409838744
-0.0595313013 -0.0312731452
0.0483015291 -0.00611247914
-0.0429754034 0.0439188853
0.015228603 0.00717755919
0.00322115072 0.0171642415
-0.0343960896 -0.00585878221
0.00948890951 -0.0497688279
-0.0128761437 -0.00874431338
0.0247024186 -0.0165991969
-0.0328953862 0.0276752654
0.00145515322 0.0465273932
0.0918328688 -0.0611162782
0.000102940045 -0.0531589277
-0.0521312952 -0.0400539599
0.0663132221 -0.0338224024
0.0654584542 -0.0531939603
-0.0143331112 -0.0605981946
-0.0243277382 0.012579754
-0.0175139755 -0.00532863196
-0.0473452397 0.00316939503
-0.0225948617 0.00800660625
0.0615747832 0.029081054
-0.0189679377 0.0297700763
-0.0189062171 -0.00639095018
-0.0551493131 0.000790396065
-0.0486106575 -0.0174019672
0.120698296 0.0143344216
-0.041537907 0.00884815305
-0.00241241651 -0.0497635752
0.00695522176 -0.0313204005
-0.016197538 -0.01358895
0.07379926 0.0016151095
-0.03266792 -0.0318187214
-0.0444279164 -0.0010146288
-0.0448323339 0.0256663524
0.0153326495 -0.0616739467
-0.0104965745 0.0118196951
-0.0583631173 0.0543330349
0.0808112472 -0.0196870379
0.0384527445 0.0443893857
0.038042143 0.0513578951
0.0886298493 -0.00857596844
-0.0193763636 0.00331748486
-0.0655349717 0.0407259762
0.0139963776 0.030569965
0.0390369035 0.0369570144
-0.019195335 0.0835628361
-0.0748336539 0.0145697147
-0.0434552506 0.00736116618
0.04402899 0.0243065637
0.0373694599 0.0318509266
0.0209867563 0.0246893018
0.00720491121 -0.0567887574
-0.0352166854 0.0126071395
0.0346924327 0.0465205722
0.00361232646 0.0780247599
-0.0749749914 0.0618711002
-0.0151115041 -0.0117621636
0.013914491 0.029657742
-0.0118091432 -0.00461573899
0.0144918365 -0.0243026689
0.0635158867 -0.0241808202
-0.0234479755 -0.0462558642
-0.087474741 0.000595313672
0.0759179667 0.0135696009
-0.00102611666 -0.0210245289
-0.0805750862 -0.057204023
0.041126702 0.0186672732
0.018366389 0.0549646504
0.0153270299 -0.0106048658
-0.0247070882 -0.0287222117
-0.0202380847 0.0189400166
0.00856388733 0.0179245993
0.00881650113 -0.0517800935
0.0582358502 -0.0024031119
-0.0105831977 0.0211733915
-0.0152363917 0.00946881156
-0.0138201239 0.00740490761
-0.00360374013 -0.019209167
-0.0134396804 -0.0387985148
0.0112011777 -0.079777509
0.0682624131 -0.0187791493
-0.00990846567 -0.016793564
-0.0120252362 0.00293898373
0.0255896468 0.0451093689
0.038724713 -0.00993529055
0.0497968011 0.0414229929
-0.0172480531 -0.000510012789
0.0443776175 0.0304620452
-0.0249531027 0.0292862188
0.0256531443 0.000639811973
-0.0711691901 0.00480993604
-0.0954510868 0.0451518409
0.0511309803 0.00955774728
0.068862468 -0.030269241
-0.0513063148 -0.0362449363
-0.00476715947 -0.0353842601
0.0061697769 0.0366006866
-0.0548754409 -0.00940308534
-0.0254457612 -0.0164084416
0.0340917185 -0.0286656581
0.0621094964 0.0430901311
-0.0073363902 0.0569146834
-0.0611790828 -0.0324414819
-0.0548876263 -0.0163045824
0.0248788055 -0.0729595795
0.0167391784 -0.00832957122
0.00872362033 -0.0267642085
0.0935778394 0.00707138516
0.00233869348 0.0286974926
0.00732752495 -0.0984985828
0.0362621434 0.0837731361
-0.0193435457 0.0543766022
0.0258247275 0.0322252661
-0.00132265326 0.0192749444
0.00978291593 -0.0355076902
0.0430929698 0.0153355524
0.00224297331 -0.033030089
-0.0377097242 0.0490289591
-0.00268833083 0.0336955488
0.00879486836 -0.0347702652
-0.0405380093 0.000187435289
0.00978574529 0.0348469764
0.00133895455 -0.024860993
-0.0316098034 -0.0567980744
0.00995891448 0.0332850739
0.04187214 -0.0139965611
0.00824951939 0.0303854961
0.00732883066 -0.0215753876
0.0210817344 -0.024515165
-0.0301397555 -0.0513992086
0.0367149077 -0.0858892053
0.00499225874 0.102170154
0.000269133627 -0.0230876766
0.0973175019 -0.0123288212
0.00489268219 0.0266516581
0.00858583767 0.00443036249
0.0252155773 0.0715200827
-0.0524941459 0.00573335961
-0.0551904254 0.0321955085
-0.0104553122 -0.0570686683
0.057650771 -0.0505975336
0.0245078038 0.0250522848
-0.0182746723 0.0197811686
-0.0452354774 0.00131795218
0.000956330041 -0.0252746195
-0.00435362896 0.0330190957
-0.0607504547 0.0380578637
0.0733243972 0.0215566289
0.0463425741 -0.00371572375
-0.100920044 -0.0419737622
-0.0689226091 -0.00227187551
0.0150753586 -0.010533764
-0.026239939 -0.0207007118
-0.0420765802 0.00027681989
0.0355187319 -0.00303953048
-0.0480142608 -0.0349667743
0.00795452483 0.0366557129
0.157705501 0.0182024874
0.0332610905 -0.0333448313
-0.0124931633 -0.0316560715
0.037639074 -0.0526286922
-0.0420227312 -0.034473855
0.0110208774 0.00532671157
0.0577394702 0.048576802
0.040966101 -0.0148153948
0.0710046664 -0.0661595166
-0.00753388787 -0.0501866788
0.017715469 -0.0285503957
0.0664196983 0.0204585232
0.0191676859 0.0239945464
0.0538118258 -0.0441108756
-0.0161712207 -0.0028435085
-0.0426505581 0.0155135347
0.0246728528 -0.0270549785
0.0509976856 -0.00185745442
0.0710386038 -0.0623361468
0.0170508455 0.0104818437
-0.0273015369 0.0227768496
-0.0177046936 -0.0903627872
-0.0441169403 -0.000647117558
-0.0922556594 -0.00944368541
-0.016738968 -0.000239852248
0.0413959436 0.0308635645
0.0160930976 0.0251809657
-0.0248363316 0.0365431644
0.0375332683 0.0181011967
0.0212596878 -0.00735190976
-0.0509016216 0.0129157361
-0.0111439526 -0.0255090725
-0.0409282483 -0.0638554916
0.0263734143 0.0695411861
0.0631908551 0.0240735412
-0.0853418782 -0.0177919585
-0.0316709243 0.070457533
-0.0260495096 0.0238098502
-0.034433648 0.05361747
-0.0287484862 0.0395538025
-0.0280187745 0.0126566906
0.0613224693 0.0469614603
-0.0156021127 -0.0235654265
-0.0289291348 -0.101642318
0.0350955762 -0.0088109551
-0.0127141392 0.013673529
-0.0409699753 -0.0738646835
0.0257159807 0.00659389095
0.0343781933 0.0305029619
-0.0182698835 0.017078083
0.0185428485 0.0402596071
-0.0621351674 0.00386244478
-0.0330378115 0.00250840653
0.0722330064 0.0186247751
-0.0180810932 0.0714596063
-0.0307388976 0.0233243201
-0.0138436919 0.0203185976
0.0272740889 0.0228372049
-0.0574207678 0.0340106189
-0.124827042 0.0165395048
-0.0210853908 -0.0319228582
0.0171769504 -0.00923392829
0.00816076715 -0.0670053959
-0.036289297 0.0423590466
-0.00142968597 0.0132485442
0.0781111717 -0.0397138856
0.0531776696 0.0655082241
-0.039006345 0.0323915407
-0.0425949208 0.0837318599
0.00269737467 0.00335024903
-0.0123518966 -0.0468060635
0.00479724444 0.0114540178
0.0214817952 -0.0254021604
0.0332992114 0.0480950773
0.0184375029 -0.0105557488
-0.00954856258 -0.0549468584
0.00143271673 -0.0486575849
-0.0495816469 -0.0641862229
-0.0118848663 0.0432037599
0.0268230923 -0.0187381729
0.00189643994 -0.0200718734
-0.0574340224 0.000953511044
-0.11844597 -0.0519061424
-0.0300496221 0.018532332
-0.00534846261 0.0123390043
-0.0144132515 0.0341841057
0.0350239128 0.019372331
0.00392772863 0.0376278199
0.0263215788 0.017688619
0.0188646838 -0.0840201229
0.00348964916 0.0150190722
0.0285611004 -0.00171115901
-0.00290931389 -0.0111474479
0.0268723946 0.0932524949
0.0294207763 -0.0270137563
0.0061902483 -0.0373496413
0.0340181664 -0.0161622576
-0.0162840448 -0.0238557924
-0.00519510685 -0.0217257012
-0.0205794144 -0.0160342529
-0.11498528 0.0613484383
-0.0524063371 -0.000313456083
-0.00905277207 0.0266864467
0.0259938464 0.0137692289
-0.00361911114 -0.0440894254
-0.0498245433 0.0621429756
0.00898045301 0.0489897951
-0.00238507567 0.0539926104
0.0124652013 0.0133283455
0.0425647497 -0.0492846482
0.013262393 0.0237660743
0.00137926848 -0.0153464079
-0.0127140135 0.0414270759
-0.000689796987 -0.00793058611
-0.0469246656 -0.0852603912
-0.0323924236 -0.0353208221
0.0533810258 -0.0664798468
0.0841639861 0.0301967468
-0.00399745349 -0.0240997858
-0.0388924442 -0.0461115278
0.0126876049 0.066704452
0.0195083655 0.0251867715
-0.0280456841 0.0279517323
-0.123960555 -0.0143776899
-0.0558809489 -0.0409954824
0.0286850464 -0.0151781766
-0.0229880325 -0.0160845406
-0.0363353863 -0.0268358849
-0.0149446689 -0.0659162775
0.0670255572 -0.0194589458
-0.0316330083 0.00667519588
-0.0694906265 -0.00766005553
0.0159634817 -0.0358777642
-0.016737977 -0.00927498937
0.0296886694 -0.029697394
0.0206497721 -0.00157591118
-0.0451984704 0.0776736215
-0.00679337932 -0.0147051662
0.0325159505 0.0144443065
-0.0202364679 0.0960517153
-0.0138516231 0.0291921217
0.0541035682 -0.0435951985
-0.0249805097 -0.0113048563
-0.0266174097 -0.0334243886
-0.0422986895 -0.0588495731
-0.0260317307 -0.0257833824
-0.0323580429 -0.0727936327
-0.0888983011 0.0120962607
0.0646006986 -0.0223547444
0.021381218 -0.0742087886
-0.0507139117 0.0701396987
-0.00656000804 0.0250805002
-0.0557004474 -0.0182193294
0.0221731123 0.00647023134
0.0200708229 -0.0168074854
-0.0309922919 -0.0435944796
0.0116584888 -0.0216805078
0.043156568 -0.0381478556
-0.0197851714 0.00473255059
-0.0833758041 0.00834991224
-0.0436433405 0.0130176675
-0.016555123 0.0932464451
-0.0292038824 -0.0230074245
0.0171499588 -0.010769112
0.0674715936 0.0733301938
0.0543861724 0.0035687543
0.0272373576 0.0205203295
-0.0385282375 -0.0203319266
-0.0157116838 -0.00234045088
0.0532627478 0.0381467566
0.0238784198 -0.0285207555
0.0724351034 -0.0222322643
0.025652552 0.0328965224
0.000744945253 0.0356567092
0.0711657181 0.064522773
0.0397562943 0.0111143487
0.0609935373 -0.0461478643
0.0211289395 0.00261933007
-0.0421744436 0.0256897584
0.035054747 0.045048032
-0.0174311157 0.0393030047
0.0316060223 0.032649111
0.161317974 -0.0100094471
-0.00232013687 -0.0386010483
-0.0488675535 0.0371877886
0.0349620245 -0.00256885891
-0.0451634042 -0.000128800573
-0.0283080451 0.0211274885
0.0240732525 0.00958337914
-0.0674772933 0.00683324318
-0.0985025764 0.0421182886
0.0556715727 0.0041538165
0.0699179247 -0.026952032
-0.0556569099 -0.0380823947
-0.00705377944 -0.031219434
0.00375437434 0.0286388509
-0.0499456562 -0.0107134739
-0.0278084595 -0.0239247251
0.0275127813 -0.0290865749
0.0642660037 0.0492251851
-0.012862456 0.0564904623
-0.0588745698 -0.0316042863
-0.0546135716 -0.00351352291
0.0149552431 -0.0709974021
0.0242537875 -0.00226918072
0.0145010408 -0.0222320352
0.104574494 -0.000667072367
0.00922249444 0.041201435
0.00540777855 -0.0920657143
0.0247406047 0.0800276026
-0.0214994941 0.0653530881
0.0259854384 0.0222456716
0.000360115926 0.0243296158
0.0106998896 -0.0279146507
0.0458104238 0.0189340767
0.010138954 -0.0352487899
-0.0368715413 0.0583936535
-0.00354264444 0.0276394729
0.0182259567 -0.0327526554
0.0226594508 -0.00928102434
0.0608690195 -0.0327612385
-0.0418891944 0.00824317802
0.0609888472 -0.00473052729
0.0362841226 0.00253192894
0.0425789654 0.0363334604
0.00249231979 0.0162866153
-0.0289764479 -0.0152433356
0.0299642161 -0.0125050265
-0.0316384397 -0.00667469529
0.0690615177 0.0406430289
-0.00669924635 0.100067094
-0.0261131581 -0.0421802066
0.0612817556 -0.0921359807
-0.0277264565 -0.00243149744
-0.0647272691 -0.0367142856
-0.0400373302 0.00804041419
0.0287639443 0.0450489037
-0.0131303137 -0.0431262814
0.0735756308 -0.0217773598
0.00964149926 0.00628822902
-0.0722879022 0.026888296
0.0736650452 -0.00724309683
-0.00106640393 -0.0350005366
0.0862126946 0.00475357007
0.0473464839 -0.0304077324
-0.0838670433 0.0247354303
0.108775824 0.0455559902
0.0401479267 -0.0024260236
0.00846109819 -0.00024752671
0.0422732234 -0.00284404238
-0.0630980507 -0.0130529534
-0.00853598583 -0.0173168443
0.050241258 -0.0102943899
0.0189293437 -0.0150445234
0.0312807634 -0.0248181261
0.04049908 -0.00677480781
0.00561928656 0.00523404498
-0.034401305 0.0224604253
-0.0160685536 0.0306460336
0.0173619632 -0.0020461455
0.0263877288 -0.00192201592
-0.0163676087 0.0576161668
-0.00165686582 0.0199287087
-0.0219542328 -0.0231444165
-0.0146286329 -0.019270556
0.0209792256 0.0438438766
0.0179871134 0.00268322043
0.0190257579 -0.0551541857
-0.0265048221 -0.0318358205
-0.0196293164 -0.0427359305
-0.0204868857 -0.00246610725
0.00165784126 -0.00743721705
-0.000911394425 0.0599232167
-0.0688627511 0.0313847922
0.0247637294 -0.0391712971
0.0100500882 0.05572192
-0.0276373476 -0.0538353249
0.0412110612 -0.0128569566
0.0823984146 0.00119898422
0.0279412251 -0.0431942344
-0.0391865075 0.019924771
0.0218417309 -0.0493164212
0.0586262383 -0.0518059731
0.0119673526 -0.0873506442
0.00179645629 -0.0371363722
0.0729168579 0.0237642415
0.0122003136 -0.0213773828
-0.103688486 -0.00372864259
-0.0282446928 -0.0682276562
0.00665336149 0.0106527731
0.0324508138 -0.0161826871
-0.0218483415 -0.0366816856
-0.0230778772 0.0100065628
0.054853797 -0.0654299483
-0.0612152927 -0.00754242064
0.00839474238 0.0531365164
0.0167507827 0.0219810028
-0.0575350225 -0.0205204692
0.0690909699 0.0173930712
0.0608894937 0.0802556649
-0.0138713568 -0.047962565
0.017408669 -0.0641459078
-0.00315699307 0.0693209469
-0.00819592737 0.0130530316
0.00868945476 -0.0208918639
0.052771043 0.0387906469
0.0362379476 0.0434332043
-0.0551229455 0.0329487957
-0.0752234906 -0.0113768019
-0.0733064637 -0.00663983682
-0.0419521555 -0.0172373466
-0.006572132 -0.0287737921
0.0356403068 0.0292285513
0.0404334925 0.053051807
-0.0757037327 0.0824262649
0.0120134158 0.0094851004
0.0817626193 -0.0172405895
0.037297301 0.000916012912
0.0391903594 0.0298460443
0.00984710827 0.00657436065
-0.00862990692 -0.0522652641
-0.107023492 0.0265362766
0.0144209331 -0.00581257371
0.0769689903 -0.00161943911
-0.0817088932 0.085164994
0.0122505361 0.0728431866
0.0517066233 -0.0172958039
-0.00959967915 -0.0470674448
0.0420658737 0.0164277945
0.0109271808 0.0324621312
0.0265098456 0.0457549319
0.0174914468 -0.049633231
-0.0339531526 -0.0512161702
0.0365300588 0.047472842
-0.020376876 -0.0405058004
-0.034284845 -0.045268096
0.0418656878 0.0167349242
-0.0232768338 0.0497442782
0.0112050939 -0.00778330676
-0.0292318724 0.0132970717
-0.0885917693 -0.00636872696
-0.041661635 -0.0388952941
0.0510899462 0.0194276813
0.073867701 0.0015364252
-0.00446929084 -0.0117161917
0.0370796584 -0.0187987406
-0.004321374 0.0125082796
-0.00918788649 -0.0118829999
0.0268871412 -0.0173488464
-0.0452147983 -0.0314855352
0.000167043545 -0.00648575136
0.0298376586 -0.00360422698
0.0081884712 -0.0654121414
-0.0601755306 0.0612601936
-0.0122651039 0.0253998693
0.0121221095 -0.00858835224
-0.0480590984 0.0644368529
0.0361193195 0.0229732227
0.132906809 0.0282156616
0.0390707403 -0.0328465104
-0.032703124 -0.0164997168
0.03087065 0.0186394434
-0.0563681833 0.00314805191
-0.116187587 -0.00422074134
-0.0510744043 0.0528982058
-0.0634800419 0.0754059404
0.00454768538 -5.73751058e-05
-0.0271698218 0.0333952941
-0.0655993447 -0.0350443535
-0.0707933307 -0.0490440987
-0.0324820429 0.00413000258
-0.00640578102 0.00858527329
-0.0478351898 0.0168200061
-0.0218874011 0.00977650657
-0.0420754254 0.0233309194
-0.0183919594 -0.00681244582
-0.0370232053 0.0305030607
0.00959692523 -0.0184544362
0.000147156752 -0.0261311643
0.00874794181 -0.0157753713
0.0787434578 -0.0421133637
-0.0478715822 -2.64861995e-07
-0.00445256149 -0.0345819332
0.0652299821 -0.00316501223
-0.0124250082 -0.0303929597
-0.0053890869 -0.0568246432
-0.0708574653 0.0239490289
-0.037820518 -0.00314636435
0.00450390857 -0.01922906
-0.0512773432 -0.0410935581
0.0246443264 -0.0573904887
0.0776891485 -0.025754964
0.0271539316 -0.0290230904
0.0140846372 0.024462698
-0.0176044405 0.0447473228
-0.0627192408 0.0243452974
0.0335883722 0.0102955401
-0.0160517078 -0.0494468212
-0.143235043 0.0650384203
-0.0804995522 0.068368949
0.0461987481 -0.0649889037
0.0637165681 0.022326706
-0.0228260942 -0.0825527161
-0.025760714 -0.0571377166
-0.00889739953 0.0822164044
0.0480894223 -0.0217408333
0.0346362367 -0.017380083
-0.0967723951 -0.0576960519
0.032722313 -0.0331233628
0.0169199686 0.00480040908
-0.0882458687 0.0111406734
0.0375221334 -0.00676787784
0.019629728 -0.0664724857
0.0210370533 0.0678250343
0.0696400255 0.020754002
0.068986699 -0.0107554458
0.0387429334 0.0469691865
-0.0265220292 -0.00209032628
-0.0319384076 -0.0251467712
0.0165167507 0.00750860106
0.0746068731 0.0584414303
0.0500133336 0.0451812707
0.0291273873 0.00753216958
-0.0324795917 -0.0345392935
-0.0267467704 0.00112958904
-0.0242344085 -0.0359040312
-0.0745651349 -0.0497887172
0.0258673932 -0.0588594824
0.0408375449 -0.100241289
0.100093476 0.0197829213
0.0711429641 -0.0216725767
-0.0938459784 -0.0536432192
-0.0262651239 -0.038053181
0.0171184223 -0.055524461
-0.0427634381 0.0678015947
-0.0573472567 0.0559291057
0.00728748692 -0.014456857
0.00474759191 0.0346466154
-0.0240215771 0.0594578795
-0.0296443254 0.025282653
-0.0893766806 0.0068164398
-0.00192693551 0.0122937718
-0.0246993359 0.0265786592
-0.0349222682 -0.00574419089
0.0381588973 -0.0145636331
0.00950161647 0.0303202402
0.0163671151 0.0872727036
0.0157305878 0.0929695964
-0.00716261705 0.0302661434
-0.010831221 -0.0191773046
-0.0375825837 0.0170862265
-0.0202356987 -0.0399106666
-0.0139195742 -0.0661007017
-0.0856224373 -0.00930062868
-0.0403787345 -0.00620485842
0.0202966202 -0.00254320982
0.0332205892 0.00248244009
0.0160476435 0.00988736842
-0.0498636626 -0.00720477337
0.0393302292 0.0157849584
0.000797972723 0.0653836802
0.00632831128 -0.010185007
0.031654831 -0.0761380941
-0.0313342065 0.0133047886
0.0505928397 0.0473971888
0.00722515164 0.060819108
0.0141178798 0.0651756898
0.00165693986 -0.0332425795
-0.00756750023 -0.0102937631
-0.000929065223 0.0292632673
-0.0251758825 -0.0168044642
0.0225835368 -0.0121178413
-0.0693845823 -0.0210130867
0.0321741141 -0.00513456808
0.039143566 0.0409862399
0.0270696487 -0.00570284063
0.0619044304 -0.0371404551
-0.0359607153 0.00441046292
0.0661760867 -0.0170950312
0.0480438918 0.0052060755
0.0440003276 0.0292559601
-0.000293928257 0.0129514104
-0.0247136224 -0.0208613891
0.0260986388 -0.00124170992
-0.0317808241 -0.00643283688
0.0669537336 0.0484531336
0.00314187841 0.102224216
-0.0218575075 -0.0427840948
0.0541805215 -0.0930331722
-0.0290085375 -0.00582430046
-0.0705171674 -0.0384399779
-0.0374014378 0.00395801058
0.0201696809 0.0298474003
-0.00400813436 -0.031215949
0.0662649795 -0.0195160266
0.00829702429 -0.013983218
-0.0680528805 0.0260614939
0.0724033788 -0.00496336911
-0.0057964474 -0.030383151
0.0825445428 0.00205004751
0.0509611294 -0.0301113557
-0.0835451484 0.0224133208
0.114697695 0.0523628406
0.0368922837 0.00609696331
0.00507228542 0.00422431855
0.0537972227 -0.00176989567
-0.0635224283 -0.0121544544
0.0347526073 -0.00694954488
0.0168398544 -0.0381225571
0.0188708957 0.0345951468
-0.00916649308 0.00253995811
-0.0603327826 0.0118873157
0.0124883838 0.032196302
0.0497537591 0.0480709113
0.0554534681 0.0854266211
0.0238420051 -0.0314195231
-0.0026532677 -0.0431019217
-0.0478385165 0.0880217105
-0.0413214527 0.00756520731
-0.0524501838 0.00409173593
-0.0454180427 0.00832144357
0.0940648988 -0.03530192
0.053850051 -0.0602491982
-0.0390487649 -0.0717468262
-0.0625129566 -0.0300566871
0.00553332129 -0.0436857976
0.0341259278 -0.00846342742
-0.0556255952 -0.0615898855
0.01683902 -0.000899970008
0.0531707704 0.0784118026
0.00734944828 -0.0249797441
0.0117717311 0.00522245979
0.059500128 -0.00694732554
0.00954792276 0.00885806978
-0.0192947984 0.00052079116
0.0484760553 0.0136667602
-0.00703788502 -0.0318517946
0.0453508385 -0.0940167904
0.0813801661 0.0340618901
0.0499272905 -0.00927167665
-0.000811344595 0.0255670063
-0.0158906654 0.076966837
0.0725688115 -0.0238453541
0.00865842402 -0.07312686
0.0440916307 -0.0465921462
0.043076396 -0.0041524861
-0.00273998757 -0.00834099203
0.029152628 -0.0350327939
-0.0439601466 -0.00310304039
0.0603719018 0.00902901683
-0.00692013698 -0.0359072909
-0.014800624 -0.0160063915
0.140511677 -0.0200643986
-0.0528094806 -0.0252986085
0.0364044271 -0.0129945828
0.120184071 -0.0372402444
-0.0836293176 0.0224405788
-0.0576416515 -0.0544907041
-0.0268435124 -0.0787917599
-0.0327207521 -0.0231876727
-0.0144216148 -0.0307025891
0.00354640069 0.0653481334
0.0126708169 0.0299572945
0.0161848329 0.0753081962
0.0714164749 0.0677146018
0.0175018702 0.0274228957
-0.00276139844 0.0844419077
-0.00227002893 0.0293241944
0.0325985663 0.0439871028
0.0498718731 -0.00729389815
0.000592541415 -0.000186586549
-0.0134340534 -0.00905094109
-0.0158291087 -0.0361589864
0.00643720804 0.0307118259
0.0404677279 -0.017384911
-0.0429639146 0.0492593944
-0.122503296 0.054028973
-0.014650194 -0.0468810126
0.0234279726 0.00568749616
0.00224038493 -0.00637801457
0.0860404074 0.0104513885
0.0244925153 0.0758595914
0.00138085103 -0.00054190564
0.00379395718 0.0095830271
-0.0381762199 0.0109190168
0.00853008684 -0.0412457548
0.0080617303 0.00281385262
0.0252686944 -0.0196336117
0.00415182579 -0.023753617
-0.0238231197 -0.0275435019
-0.0138177276 -0.0231050607
-0.00444251345 0.0365118198
-0.0168972779 -0.0488098525
-0.0193411782 -0.0264402758
0.0152678099 -0.00287280045
0.00828773156 -0.0318692662
-0.027783839 0.0831512809
-0.042445641 0.0406543911
0.00471865525 -0.0331298783
0.00966710132 -0.0282462575
-0.0527226366 0.036440596
-0.0546649881 0.0249082353
0.00414349232 -0.0314157046
0.0156898592 0.0295526367
-0.0626509711 -0.018789988
0.00642666267 0.0258105882
0.0539987572 0.0779711083
0.00339246378 -0.00771056628
0.0236463584 -0.00744349649
-0.00857028365 0.0309815854
0.0500828177 -0.0155120902
0.035756547 -0.0705455169
-0.0186715983 -0.00388629991
-0.0193357747 -0.0177382231
-0.0352046154 0.000846924144
0.0151411034 0.0342527106
0.00398740126 -0.0602980331
0.053299427 -0.000933406642
0.0371228494 0.0102512734
-0.0567043684 0.00953406841
0.0301868338 0.0390035808
-0.0131114079 -0.00448882906
-0.0232055523 0.0238338616
-0.00178747321 -0.0131921647
-0.0186652131 -0.0607331619
0.061487224 -0.0175777059
-0.0275442638 0.0600031689
-0.0409558639 0.00519268215
0.00740562705 -0.0776985064
-0.0538148321 -0.00512079149
-0.0176201649 -0.00281785941
-0.0082996944 0.040570803
0.0165614393 0.0692863092
0.1180439 0.0550952218
0.0490344092 -0.00796670374
-0.0933309868 -0.0302539058
-0.0837150067 -0.0499142557
-0.00792246591 -0.0659988374
-0.0287584886 0.056392964
-0.0211903006 0.0122228684
-0.0524135865 -0.0026000943
-0.0297456924 0.0232884344
0.0502919815 -0.00809330121
-0.0114147989 -0.0174192972
-0.00780651858 -0.0259876326
-0.00190891104 0.0527570434
-0.0597839467 0.0262110569
-0.0525530279 -0.0327005386
-0.00907856226 -0.0341559686
0.0103200888 -0.0222667567
0.0181440674 0.0336489119
-0.0228235479 -0.0415698625
-0.0310515296 -0.00134701561
0.0469032675 0.0277386513
0.0149980327 -0.0460784659
-0.0366633013 0.0288087502
-0.0160550196 0.0415667407
0.0267082378 -0.0601282418
0.0385891758 -0.00868920237
-0.074388586 0.0246161185
-0.066899851 0.0483788438
0.0438262001 0.0683647096
0.0054898113 -0.0172694102
0.0067604389 -0.0256945528
0.0161761232 0.0132530164
0.0138191981 -0.00891240779
0.0597626977 0.0290503353
-0.00568640558 0.0173802432
0.00780998077 -0.0317396149
0.01171182 -0.0187204573
-0.0525056757 0.0448744893
0.0347000547 0.0353605412
-0.0314956941 -0.0828245431
-0.0568366721 -0.0536827147
0.0507724695 0.0428651758
0.00845712051 -0.0858753994
-0.00871273782 -0.0344328322
0.0555091612 0.0052416306
0.0277339797 -0.0756698698
-0.0345866084 0.087568514
0.0146576157 0.0135087091
0.0208097156 -0.00891762506
0.0274389908 0.0654790103
-0.0401181877 -0.0203580949
-0.0581279844 -0.0465680398
-0.000381033286 -0.0399258435
0.00335007324 0.0104125421
0.100350007 0.0115987323
0.0365614295 0.0739303678
0.00327126356 0.043757353
0.00456927158 -0.0158768967
-0.0531688333 0.0294002052
0.0555566438 -0.0241684224
-0.00575442053 0.0297199301
-0.0779208019 -0.0335640647
-0.0637326017 -0.00855296757
0.0149032753 0.0345164016
0.00180942612 -0.0389560461
-0.0439641066 -0.0153246326
0.0264219008 -0.026965009
-0.024860356 -0.00110070559
-0.0756697729 -0.056601394
-0.0248462949 -0.0674109459
0.0325069055 -0.0430201106
-0.0645420179 -0.0519619435
-0.0156738162 -0.0482910722
0.0593603365 -0.0309664123
-0.0356911235 0.0209175926
0.0155959129 -0.0627520904
0.0416308008 -0.0247742869
0.00840253197 0.0764100403
-0.0517986007 -0.00340589858
-0.0451188534 -0.0256630406
0.0380606391 0.0497007035
-0.0221539196 0.0509134717
-0.0400233269 -0.046647992
0.00214373576 0.0108595425
0.00865779724 0.00946901087
0.0187313333 0.0104943095
-0.0309922826 0.0556422956
-0.00749981776 -0.0215667095
-0.0161221083 -0.0298810154
-0.127573505 0.00591867091
-0.0240122825 0.0713971853
0.0560991392 0.0426179804
0.0226403549 -0.0231862087
0.0416965447 -0.0396952368
-0.00851494633 0.0110280942
0.0135480333 0.0995147675
-0.00106213812 0.0315165594
-0.0299527161 -0.0217328761
0.0228909422 0.058821775
0.0205666181 0.0883062556
0.0270912275 -0.0271427706
-0.0535410941 -0.0446020737
0.00433467235 0.0115228342
0.00954009872 0.0390092619
-0.000827015785 0.0607220717
-0.00428090291 -0.00219545094
-0.0203471761 -0.0108388243
0.0330759585 0.0252815429
-0.0465840064 -0.0443538539
-0.0186821576 0.0108914636
-0.0720036104 0.0681926236
-0.0385314859 -0.0369928554
-0.00872429088 -0.0142296553
-0.0778900683 -0.000539865461
0.0869616196 -0.00558268698
0.023900982 0.0485609882
0.060256891 -0.025480032
0.117645934 -0.028172506
0.0293553341 -0.0317804851
0.0185061786 -0.0579369739
-0.00793069135 -0.0436370112
0.0926186293 0.0224199947
0.0441778153 0.0464880653
-0.0588479154 0.0447586328
-0.0507262014 0.052951239
-0.0196167417 -0.0544653945
0.0164543577 -0.00361880683
-0.0195441823 0.0253364798
-0.04640368 -0.0622010902
-0.031244047 0.0265113879
0.036263667 -0.00685669016
0.0216661897 -0.042073261
0.0267061926 0.0350042209
-0.00222314685 -0.00645621726
-0.0563112795 0.00687013147
0.0185734387 0.040112149
0.0467262715 0.0462652147
0.0564224832 0.0820373222
0.0162793323 -0.0377530679
-0.00568764377 -0.035943754
-0.042961318 0.0855146497
-0.0404106602 0.00814684853
-0.0484855548 0.00808054302
-0.051738698 0.017000502
0.101490505 -0.0380322449
0.0524445884 -0.0638432577
-0.0456343256 -0.0707776919
-0.0637041256 -0.0429989211
0.0066940859 -0.0500455238
0.0341781713 -0.01715618
-0.0620372146 -0.0708332881
0.0142602473 0.00334971957
0.0394605882 0.0710247457
0.00825423095 -0.0224120766
0.0122051397 -0.00168860506
0.0619211905 -0.00469852332
0.00848804228 -0.00114990585
-0.0205297247 0.00413351599
0.050505694 0.0101809027
-0.0117866443 -0.0286143813
0.0413393937 -0.0934844315
0.0824416429 0.0339905098
0.0668324605 0.01958354
0.0137226526 -0.0112550287
-0.0606123954 -0.0232954044
0.0367204435 -0.0132240681
0.0487606712 0.0508805402
0.0444405004 -0.00742905866
0.0274294894 -0.0699245036
0.0606390797 -0.0505835712
0.104367696 -0.0264532063
0.0475400575 -0.0176268984
0.0404946245 -0.0524143167
-0.00137210579 0.0219065268
0.0112818107 -0.00605521118
0.0396378376 -0.0557336882
0.0436819308 0.0245058611
0.0110917715 -0.0466829613
-0.0582847074 0.0263643451
-0.0163128246 0.075928323
0.0196254402 0.00857153255
-0.00214160723 0.0411247462
-0.0442934334 -0.0522418991
-0.0161208995 -0.0613808185
0.0516940542 0.056986779
-0.0154205589 0.0289490446
0.0265507065 -0.0473704934
0.0865490437 0.0194666013
-0.0208995361 0.0629387423
-0.0523447357 0.0096454937
-0.0155635402 -0.0376473479
-0.013336882 -0.0612490103
-0.0348975882 0.042836491
-0.00186364946 0.0639889613
0.0243824329 0.0238959584
0.0505031608 0.0303803571
0.0502519831 -0.0192342438
-0.00463541131 -0.00223032385
-0.0202409029 -0.0307334606
-0.0250921212 0.000391996029
0.0482066199 0.0440225005
0.0956179723 -0.0842944309
0.0064421026 -0.0103389397
-0.00121772615 0.0539863817
0.0577884763 0.000920505496
0.0438051224 0.0104997568
-0.0845396146 -0.0520239919
-0.0470383167 0.0105942804
0.0328992866 0.0636379644
0.020191906 0.0232704803
0.102934681 0.0295046512
0.0721528828 0.0508149005
0.0149740791 0.0773550943
-0.0404906608 0.0506679267
-0.0194602031 0.0193734989
0.00531727076 0.0530098639
-0.0446952693 0.00328399544
0.0777446255 -0.0323114693
0.0447951332 -0.00507128704
-0.0556766875 -0.0509715192
-0.0251172855 -0.00184548576
0.018372165 0.0132442024
0.0596868359 -0.0270175356
0.0044761477 -0.0186142437
-0.00682052691 -0.0124631803
-0.0121252816 0.0561171211
0.00471438514 0.0606221631
0.022824252 0.0387695581
-0.0446327105 0.00343914796
-0.0340506397 -0.0351226516
0.0223614927 -0.00605226681
0.0291007478 0.0200236719
-0.0172264539 -0.067045413
-0.0104639176 -0.00783124194
-0.056918852 0.051162038
-0.0428331643 -0.104144022
0.0214229506 0.00126871478
0.029199725 0.00288855052
-0.0022359055 -0.0593901351
-0.0238230396 0.0162016917
0.0759504884 -0.0262028333
0.0388897732 -0.0226656701
-0.0412560068 -0.0596133582
-0.0319246836 0.0110062547
-0.061474137 -0.0424392112
-0.017288914 -0.0508814789
0.0213021711 0.0812964216
-0.0113190962 0.00984253082
0.00828387681 -0.0214546993
0.0279296879 -0.00226258743
-0.0418768935 0.0280928612
-0.0595663227 -0.0132490527
0.0424812511 0.00486173853
0.00333272899 0.0193891488
-0.0254022516 -0.0138019957
0.0479244404 0.0219010673
-0.0330228619 -0.0227500442
0.0655638799 0.00785376132
0.0676857829 -0.0592384785
-0.0256706905 -0.0495873652
0.0269960333 0.0131350122
-0.0327622667 0.0105316741
-0.0287649743 0.037618991
0.0445901863 -0.0526644997
0.0406379551 0.0317932628
0.0453699455 0.0185270738
0.00604034681 0.00545073859
0.0177690946 -0.0264226794
-0.0227576606 -0.0951525792
0.0344016552 0.101657212
0.0404151008 -0.00230535748
-0.0174138136 -0.0320114791
0.00609285338 0.0743763447
-0.0260322765 -0.0253224373
-0.00723205134 -0.0577883609
-0.0374393463 -0.0430256575
-0.0320380926 0.0114368042
-0.073939234 -0.0694035664
-0.0777578503 -0.0374564826
-0.0332264788 0.0376119278
-0.0491675176 -0.047765512
0.0308651756 -0.0249510203
-0.0152378054 0.0618526973
-0.00530460058 0.0905680805
0.00521279825 0.0502035432
-0.0611145273 0.0411942936
0.0113853905 -0.0443745553
-0.00582803087 -0.110415243
-0.00923891272 0.00742014917
-0.0290005188 0.0396902561
-0.0551266596 0.0222892258
0.0179671459 0.00418308796
0.0936630219 0.0112428758
0.0570538193 0.0709237009
-0.0271089245 -0.0181881189
-0.0500378534 -0.0219239853
-0.0193769597 0.0226844344
0.0842273533 -0.0442123003
-0.00813228264 -0.0263289623
0.0496366881 -0.039751295
0.0252021439 -0.0239529274
-0.122815967 -0.00672744261
0.0381364003 -0.0191557743
-0.0368509181 0.0529308133
-0.0318192579 0.0416012891
0.0313929766 0.0218048599
-0.0986856446 0.0335273258
-0.071932517 0.0110424673
-0.00362099474 -0.0191618297
-0.00901367329 0.00156965479
-0.0582434684 -0.025769366
0.0143729197 -0.0568117872
-0.0128809819 -0.0184507202
-0.0377473757 -0.0155170001
0.0545045249 0.0373412855
0.0345385484 0.0107044168
0.0128878364 -0.0100630075
-0.0113409264 0.00940949563
0.00556716882 0.006008239
0.0539152026 0.055759754
-0.00489951717 0.077471368
-0.0184783246 0.00420064153
0.0138807017 -0.0589069799
-0.0178102087 0.000197383983
0.0662457719 -0.0115638142
0.0592262633 -0.00721515389
-0.116912961 0.0339772776
-0.0126688406 0.0315170959
0.0476012677 0.0521427989
0.013640929 0.0156232649
0.0226826612 0.0834173486
0.0290696174 0.0569851138
0.0365398079 -0.00472444715
-0.00842908118 0.0263195373
-0.0792363286 -0.0404443592
-0.0626241341 0.000197989095
0.0159168988 -0.00705148
-0.0401043594 -0.0487541296
-0.0592357032 0.0620801374
-0.00960737746 0.0596613251
0.00748040527 -0.0752474815
0.019803578 -0.0491730459
0.0169953723 0.0165755525
0.0380989909 -0.03965858
0.0527012274 -0.00641374756
0.0478338897 0.00494215963
-0.0183577761 0.0492965207
0.00937874895 -0.0217778087
0.0105969114 -0.0307528097
0.00372023997 -0.0442731269
0.0488011949 -0.0452821404
-0.04611478 0.0985945985
-0.0305029955 -0.00167248014
-0.0494260713 -0.0504661798
-0.0593450479 -0.0276726224
0.0278928671 -0.0265667755
-0.0284306873 0.00365820667
-0.0100344745 -0.0370099358
0.00371402688 0.0832364932
0.0290936437 0.00389441592
-0.018419629 -0.0206631478
-0.0581319369 -0.00533716427
0.017793281 -0.0467333607
-0.0498143658 0.00463888561
0.019401988 -0.0351493843
0.080818221 -0.0509373844
-0.0206795502 -0.0529332161
0.0372857526 0.00373098487
0.0159790423 0.0283563174
-0.0615220219 0.0542807542
0.0115769971 0.033885587
0.0139409844 0.00469400128
0.00309469108 0.0378078669
0.0266205799 -0.042842228
0.0106858034 -0.0924373493
-0.0240352806 -0.00436550193
-0.0577058867 0.0191991348
-0.0201692265 -0.0444442965
-0.0524452254 -0.0168029703
0.0129280509 0.052888453
0.00471853884 0.0634179041
-0.0470416024 -0.00368979364
0.0465332717 -0.0810057819
-0.0480140187 -0.0270858109
0.00547013571 -0.0315698236
0.0457969047 0.0232822485
-0.039737571 -0.0066997814
0.0243933406 -0.0208792463
0.0426522493 0.0719978735
-0.0083835898 -0.0267644338
-0.0939665362 0.0198612213
-0.01201801 0.0265947692
0.0427898988 -0.00971829239
-0.02078465 0.00501203584
-0.0145977838 -0.0275978204
-0.0509134494 0.0150258467
-0.0158113167 0.0142268846
-0.0424622372 0.0515678264
-0.0525958315 -0.0111023076
0.0095525831 0.0194571745
-0.00973074511 0.0823214054
-0.0845928863 -0.0173393991
0.035319455 0.0535677485
0.069531627 0.00493104849
-0.0615638047 0.00629519764
0.000930608076 0.0534531809
0.0142398309 -0.05652567
0.0130851129 -0.0390925668
0.0448267646 0.00950097851
-0.0730462521 0.0207566414
-0.000990582863 -0.0061115725
0.00955442339 -0.0651106834
-0.0322341882 -0.0196360014
0.0855349898 -0.020431025
0.00274172286 -0.0591571294
-0.0160667654 0.00352962385
0.0169822369 0.0148354042
-0.0273121912 0.016666837
0.0717356503 0.0142952492
0.0137151703 -0.0100093093
-0.0645027533 -0.0218429901
0.0402510054 -0.00674083037
0.0531137064 0.0507195517
0.0341322646 -0.0107829124
0.0262765121 -0.0701628998
0.0722781047 -0.0513552912
0.105614074 -0.0263577402
0.0549532212 -0.014313696
0.0391879641 -0.0599847361
-0.000549467048 0.0343848951
0.0105191451 0.00359618966
0.0256124474 -0.0530610904
0.049476359 0.0158813428
0.012906922 -0.037786182
-0.0659123659 0.0308903456
-0.00885994546 0.0753162727
0.0238452312 0.00791165233
0.0044339709 0.0388763025
-0.0492285453 -0.0506368168
-0.0197835546 -0.0653237775
0.0380153842 0.068442151
-0.0134076523 0.0231486131
0.016154537 -0.0577701814
0.0807354376 0.0250057243
-0.0170866828 0.074865751
-0.0640293658 0.0161701776
-0.0170165431 -0.0474058166
-0.0147586809 -0.0586240441
-0.036356993 0.0450699963
-0.00034946925 0.0661010817
0.0822299719 0.0156788453
0.0701281503 0.00117664121
-0.0734851286 -0.0273855682
0.0239743497 -0.0619580485
-0.00221683551 -0.0317811519
-0.044644285 0.0578171238
0.0858686268 0.068819806
-0.009691705 0.0491013192
0.00507984217 -0.0140610784
0.011727199 -0.0613553636
0.0209610984 0.0304535385
0.0203590952 0.0132248793
-0.01580064 -0.11694596
-0.00432600873 -0.0295485836
0.0166284647 -0.00425058603
0.0697357729 -0.038595289
0.014450049 0.00856624171
0.0877918899 -0.0497238003
0.0228160471 -0.0331676267
-0.0143833719 0.0109161735
-0.00834637228 -0.0403879806
-0.0892895684 -0.0218766499
0.00524127716 -0.0295037832
-0.0681666955 0.0279863589
0.0262606144 0.0291958489
0.108486407 0.00614643702
-0.0176246371 0.0676850602
0.0380933434 -0.00869638938
0.0194469243 -0.0286619347
-0.0243927445 0.0140270814
0.0330098532 -0.0119002955
0.0396820605 -0.0255249776
0.0374149382 -0.0210970901
0.103137814 -0.00422326475
0.0220976491 0.00718622468
-0.0439409874 0.0518896282
0.0443161428 0.000427174178
0.0174399745 -0.00579135818
0.020457508 0.0276751183
0.00751441903 -0.0233565196
-0.00528956857 -0.0208218936
-0.0546560884 -0.0389012918
-0.0177540276 0.0112925842
0.0285998918 0.0202584099
-0.0473727584 -0.0389344469
0.0193366315 -0.0201087315
0.0481312312 0.00538743474
-0.0163638443 0.00242656213
0.00511662895 -0.0819759294
0.0350176059 0.00404416863
-0.00448302552 -0.0105999606
0.00159611495 -0.05870305
0.0312016252 0.0563079379
0.0110665532 -0.0433579013
-0.00782946404 -0.0520373471
0.0100189671 -0.0158981606
0.0799637809 -0.00346250134
0.0599042028 0.0396503657
0.031829644 0.0421034545
-0.0340749361 0.0519831106
-0.0511601381 -0.0335949883
0.0231000744 0.0154368365
-0.00904356875 0.125523284
0.0539030395 0.100178696
-0.00188733032 -0.0374413878
-0.0472958274 -0.0801876038
-0.0552170537 0.0199786797
-0.105452925 -0.0265079942
0.0207378101 -0.00682606734
0.038195651 0.0409166701
-0.0170349069 0.0208116006
0.0436811559 0.0123730553
0.000618935796 0.0307233445
-0.0388816707 0.0292402748
0.0332783759 -0.0424049087
-0.031989947 0.0104637137
-0.0584459379 -0.00806309655
0.0102918055 0.000800447771
-0.0548896007 0.0311565939
0.0184868872 0.0220665783
-0.0261567067 -0.0257964041
-0.0400118902 -0.0607029013
-0.00518080033 0.0264899842
-0.00389718264 0.0608677007
0.0709573552 0.0360465832
-0.036562521 -0.0377783887
0.0398284718 -0.0368069783
0.041841995 -0.0128308665
-0.00940148532 -0.00712858187
0.0310628712 0.0524282604
-0.0490669236 0.0131788263
0.100814596 -0.0130359363
0.0970495194 -0.0424676389
-0.0252832491 -0.0404095985
0.0286764652 -0.0486515835
0.0411870405 -0.0245102644
-0.0170565881 0.0741316378
-0.0267761555 -0.0613375567
0.0738216937 -0.0403433032
-0.0168680381 0.0410211869
-0.0652324408 -0.00259399042
-0.0266987961 0.0413129143
0.000687780324 0.00178741012
0.0746985152 -0.0266060531
-0.0599314012 0.0163442641
-0.0563261472 0.0329811424
0.0378319658 -0.0689528361
-0.0803806409 -0.00500575826
-0.00907894876 0.0353871584
0.0162269846 -0.0470972471
-0.0586214177 0.00726966187
0.0384799913 0.0185862742
0.00501589663 0.0576509982
-0.0640588105 -0.000479852286
0.0471821986 -0.00278822659
-0.0143733518 0.0444297045
-9.83385034e-05 -0.0251957718
0.101240955 0.056875471
-0.020354053 -0.0199479014
0.0027525383 -0.0618445426
0.00135546073 0.00194182282
-0.0143661452 -0.0040853899
-0.00346739218 -0.00602036901
-0.0963392705 -0.036955215
-0.0380248241 -0.000669059751
0.0287913233 0.0597582012
0.0704204589 0.0392752849
0.0191629026 0.0206673611
-0.0475791432 -0.0175525974
0.010599562 -0.0282862484
-0.0100921085 0.00897767674
0.0156735778 0.0197415873
-0.0421930104 -0.00326768658
-0.0936956257 0.00456407201
-0.0350026749 0.00646208972
-0.0609415993 -0.0208171997
-0.0222013965 -0.0568553023
-0.0358361192 0.0303011574
-0.0209444314 0.0640362948
0.0353444852 0.0504685938
-0.0140309148 0.0677770525
-0.0463173836 -0.00542795938
0.0236945264 0.0141556459
0.0393593982 0.0139417015
-0.0611553341 -0.031217875
-0.0319870301 0.0594258346
-0.000913069467 0.0528692231
-0.0390144214 -0.00372820394
-0.00840201415 -0.041518975
-0.0409278087 -0.0409989655
-0.0225558951 -0.0149858687
0.0615673102 -0.0136271594
-0.0021271836 0.0288568139
-0.0597153306 -0.00728969788
-0.0165569838 -0.00921340007
0.0424674414 -0.0244953185
0.0108261881 -0.0282650422
-0.0656857491 0.0450722352
0.0405901708 -0.0258325264
0.00238130987 -0.040844474
-0.0300322603 0.0209962893
0.0995979756 -0.0413981974
0.0653490573 0.00506793149
0.070522882 -0.0404769965
0.0510521196 -0.0890825614
0.0493811853 0.0012615372
0.0463162325 -0.0169420931
-0.0515333749 0.00698662736
-0.0300984997 0.00870336033
-0.00120332243 -0.0548466481
0.0312931538 -0.0256665014
-0.0433517545 -0.00349333766
-0.0530173555 -0.0128976041
0.0527820513 -0.0569522753
0.00453371601 -0.0235600825
-0.00587921403 1.62479246e-05
-0.0453798957 0.0214202497
-0.00441468926 0.0124507919
-0.0284488406 -0.0405362472
-0.0665752068 -0.0331064388
0.0554174446 0.0276039634
0.0408659428 0.0554889552
0.0170936678 -0.00279908767
0.0174580254 -0.00872063544
-0.0415492356 0.0712793916
-0.0199480429 0.0419422984
0.0136622516 0.00181808951
-0.0145484526 -0.00692081172
-0.0209529698 -0.0343041047
-0.0195071977 -0.00395193277
0.0714974031 0.0103242518
0.0619422682 -0.0154769402
-0.0610950813 -0.0306587741
-0.003541935 -0.0261964314
-0.0799521357 0.00491775014
-0.0982913673 0.032623373
0.0328062214 -0.0248835459
0.0166495461 -0.00245543267
-0.0586954281 0.0864205956
-0.0430700779 0.0484975427
0.0283104628 -0.0426255725
0.00451636966 0.0324654654
-0.0282504745 0.0282717086
-0.0274837632 -0.0556675754
0.00666004233 -0.00546162156
0.0631300956 0.0385043845
0.0239490587 0.020594174
-0.0458764732 -0.029574655
-0.0383054838 -0.0273581315
0.0374576822 -0.0139269829
-0.0211921148 -0.0599416718
-0.0025345739 0.00640450791
0.0228538569 0.0579027683
0.0630336031 0.0347911902
0.0793752745 -0.0290208887
-0.0305130407 0.0121553782
0.0385145731 0.0459094457
-0.0436891578 -0.0610579625
-0.0884405151 0.060248699
-0.0593556985 0.0551343374
-0.118335411 -0.0478322059
0.0129536027 -0.00314036896
0.0265644323 -0.0366893075
0.048867628 -0.0263403133
-0.00416472601 -0.0467413031
-0.0204615667 0.0133131165
0.0733041987 0.0218934882
0.0412903875 0.0173174962
-0.0138415052 0.0423599891
-0.0823830739 -0.0237462632
-0.0576876774 0.0721846968
-0.00924497377 0.0125979725
0.0334857851 -0.0585813113
0.0361465067 0.0427472405
0.0403820127 0.0290217753
0.0166588649 0.0482241288
-0.109505907 0.024600314
-0.0296744891 0.0278226752
0.0313574038 0.0294246767
-0.0305141713 -0.0503038652
0.0171327405 0.0195510779
0.0095225852 0.0348547585
-0.0388847999 0.0312045086
-0.0255643725 0.0259520467
-0.0178291928 -0.0660931543
-0.0420925543 0.0205882043
-0.0306609645 0.0239782557
-0.0078462651 -0.0446074419
-0.0350106694 0.0272945147
-0.0329457335 0.0491525456
0.0420558453 -0.0111373598
0.017035896 -0.0121807875
0.0437928177 0.0254244804
-0.00569198793 -0.00174655393
0.0114908861 -0.0517294779
0.0602576807 -0.0239849556
0.091282919 0.0161789432
0.0705811232 0.00147027092
-0.0736262575 -0.0178849585
0.0263360459 -0.063104786
-0.00540796621 -0.0267217569
-0.0434815101 0.0618388429
0.0901674479 0.0707464069
-0.0049838447 0.0545934364
-0.000904956833 0.00182095927
0.010138128 -0.0655345693
0.0237565301 0.035326045
0.020974379 0.00508494349
-0.00966327172 -0.119890429
-0.00482587144 -0.0287465807
0.0191267505 -0.00164232007
0.070809871 -0.0440105982
0.0161357615 0.00597709976
0.0826245397 -0.0416633859
0.0296818819 -0.0381080061
-0.0206416287 0.0105197802
-0.00822883751 -0.0444180556
-0.087165989 -0.0173983984
0.00923402701 -0.0320477411
-0.074904345 0.0315269642
0.0278379302 0.0355201997
0.104311846 0.00320812408
-0.0115665626 0.0644727424
0.0382734537 -0.0123903174
0.0158205759 -0.0331196003
-0.021631455 0.0141735906
0.0324517861 -0.012178544
0.0404622555 -0.0204020403
-0.0282262787 -0.0254663117
0.0328016989 0.0676345751
0.0522067547 0.0331495181
0.0324884951 0.0460749082
0.00608923892 0.058650732
0.0327228755 0.00417198334
0.0375151299 -0.0184306409
-0.0610920489 -0.0285856239
-0.0192009173 0.0541711822
0.0232994277 -0.0413594767
-0.000932401163 0.062554419
0.0283078942 0.00542223919
0.0288914163 -0.0999969095
0.0715795755 0.0544762164
0.0633515865 -0.0503985733
-0.0293606166 0.0507913157
0.0480554961 0.00843494944
0.051205676 -0.0708597675
-0.0506804846 -0.00325248507
0.0217390675 -0.03309099
0.0723770335 0.0436961129
0.0188374911 0.0168270897
0.0312842913 0.00494828401
0.0265964698 -0.0520494953
-0.0315226801 -0.0538972616
0.012901471 0.0785995051
0.00524583831 0.0448691882
0.0209436286 -0.00886102114
0.061671067 -0.0234489832
0.0201245267 -0.0247704238
0.0419551246 0.0418237858
0.0219560191 0.0524593294
0.0130617078 0.0309816357
0.0597832836 0.0424220413
-0.0592166372 -0.041043777
-0.0479738005 0.0035027531
0.0510622486 0.0142713133
0.00424838997 -0.0482925028
-0.0506509654 0.0401733331
-0.0428364947 -0.00811698847
0.00975974835 0.00928833988
0.00694008265 0.000921369763
-0.0842418 -0.0428690761
-0.065892227 0.00719969021
-0.021940263 -0.00976806879
-0.0383054391 -0.00621672394
0.0549241267 -0.0639479011
0.0353622213 -0.0314690769
-0.00590632157 0.0214493033
0.0599047132 0.00674795778
0.0500336885 0.0180305839
0.0505775549 0.0341890678
0.00416860031 0.00135271996
-0.0286320616 -0.0111071467
-0.0380581394 0.0618461631
-0.0051886579 0.00728986925
0.0863611773 0.00218498753
-0.0362878144 -0.0551695749
-0.0568847023 -0.0188807268
0.0250956845 0.087891221
0.0279145408 -0.0477351248
0.00726163853 -0.0517092869
0.00713367853 -0.006306333
0.0389142893 -0.0215246659
-0.0181219783 -0.038926363
-0.0160605162 -0.0112113599
-0.0372477397 -0.0398386829
-0.0236941651 -0.0933863372
0.033224199 -0.0246138051
-0.0349735841 -0.00371138891
-0.0134169227 0.0462745018
-0.0371488184 0.0444744714
0.0308357943 -0.00472674333
0.0386102945 0.00872733537
-0.031750828 -0.0450784713
0.00765012763 -0.000373224262
-0.042651061 -0.0150789097
0.0427453332 -0.0276288819
0.0565459244 0.0609228276
0.0176770668 -0.00922366697
0.0228166394 -0.0868305787
-0.0454488434 0.037211109
0.0421054251 0.0505029149
0.00986959599 0.00154984568
0.0226726905 0.00702180015
0.0410554893 0.00942706876
-0.0445952378 -0.0178619418
0.00808211137 -0.00398874236
-0.0249569938 -0.00813936442
-0.0631406084 -0.0579293817
-0.0392798111 0.0047913189
-0.0303614773 -0.00149258203
-0.00179188733 -0.0100053316
0.00375402719 0.00150842802
-0.0129747232 -0.0431059524
-0.0435001254 -0.00934737548
0.00311469939 0.0351159722
-0.038711898 0.0756015405
-0.0572354533 0.0098454766
0.0223175976 -0.00504772179
0.0222651474 0.0379664898
-0.0246063489 -0.0613433383
0.00888543576 0.0225135572
0.0915212706 0.0519992299
-0.0145845786 -0.00316643761
-0.0558425337 0.00361745595
0.00805911142 -0.041162692
-0.0481181815 -0.0878249258
0.020421382 0.0462295599
0.0571085736 0.122125618
-0.0129635604 0.0505315177
-0.0382617339 0.0976713374
-0.00256951782 -0.0349237248
0.0275189746 -0.0713046491
0.0281969383 -0.0191478767
0.0859518275 -0.0445696376
0.0671137646 0.0285942703
0.0118682683 0.0309376493
0.0484104045 0.0534124076
0.0669324994 0.0203963835
-0.0148840304 -0.0203491468
0.0653234869 -0.0122862393
0.0667950064 -0.000422030658
-0.0580718368 -0.0121421777
0.0598891787 -0.0845291317
-0.0302999038 -0.0575721189
-0.0564655401 -0.080097273
0.0317784697 -0.0670620278
-0.0699422956 0.0302895755
-0.0132503621 0.0266614389
-0.0329145715 -0.0082883602
0.032145422 0.0229565036
0.0339602381 0.0489057191
-0.0631022379 -0.0103800669
0.0652672797 -0.00485230936
-0.0128591228 0.059544608
-0.100364149 0.0956312642
-0.0379165523 0.022092199
0.0273914989 -0.0306027289
-0.0077235084 0.00624981429
-0.0895682424 0.00138589554
-0.0014825298 -0.0328074209
0.0309317466 -0.0643100515
0.0239885487 0.0192362797
-0.021693226 0.0565619245
-0.00344281481 0.0163128506
-0.0289380737 0.0131764701
-0.0944482163 0.069988519
0.0321959779 0.029357506
-0.0362426639 -0.0550881289
0.00372129306 -0.00838160701
0.0643829405 -0.00578099163
-0.0493694842 -0.0029389495
0.0246043615 -0.0278666206
-0.0627664998 0.00770798186
-0.0734171346 0.0268501993
0.0352821313 -0.0194432158
-0.0150707709 0.0273096841
-0.0253462326 -0.00663342793
-0.0508674011 0.0529039651
-0.0145246359 0.047687389
-0.0490471609 -0.000267140713
-0.0406613797 0.0525677539
0.043776609 -0.054033
0.0131416777 -0.00526200887
0.0120445127 -0.0185217094
-0.0216864329 -0.0626215115
-0.0113918781 -0.00979975704
0.0357566923 -0.0428880565
-0.0315971822 0.0302467644
-0.0570779294 0.0137686515
-0.00018843959 -0.0376363285
0.0464336537 -0.0416597985
0.0443947576 -0.0212434866
-0.0182176437 0.0511689633
-0.0640884861 -0.000847015704
0.00216764421 0.008601496
0.0158379935 0.0805460215
-0.030289229 0.0400246419
0.0203231424 0.0165306795
-0.0135499379 0.00234475196
-0.0396810845 0.0188646391
-0.00519291731 -0.0486230664
-0.0266774632 -0.0370454565
-0.0275525823 0.0191903245
0.0337065533 -0.00594958011
-0.0176484138 0.0373401046
-0.0281567685 -0.0166843496
0.0302345976 -0.0845236108
-0.0378697067 0.00246800762
-0.0664410517 0.0390951559
-0.0642207116 0.0295458604
-0.0572024956 -0.0115280645
0.129699543 -0.0542475693
0.0848463923 -0.0231971573
-0.0211083759 -0.0332788117
0.0667491704 -0.0482744426
-0.0062088198 0.00995276496
-0.0352644846 -0.0424805246
0.0318298303 -0.00367804989
-0.0160917006 0.0495275222
-0.0556873344 -0.0543833189
-0.0446922891 -0.0530719198
0.0178617053 -0.0119629446
0.0170367081 0.0165042393
-0.00649461895 -0.0168069527
0.00260314578 0.00158571021
-0.0442746766 -0.0219176766
0.0113009317 -0.054542318
0.0597124249 -0.0135836052
-0.0634839386 -0.0351034738
-0.0743033066 -0.0239072703
0.0133277802 -0.0390807055
0.0740188137 -0.00622162549
0.015214541 0.0655917153
-0.00781484414 0.0453263558
0.0869580209 0.0296241976
0.0802265331 0.00267863111
0.0352626741 -0.0210524313
-0.00700313132 -0.0204046424
-0.0525107123 0.0651003271
-0.000426756131 0.0155530823
-0.0485902242 -0.0225907732
-0.119188458 -0.0118484767
-0.0406874791 0.0304255355
-0.0309189204 0.0703820512
0.018671833 -0.0618093498
0.0374250971 0.0328628793
-0.102299832 0.0741402656
0.0186262112 0.0150991082
0.0750360638 0.0224706344
-0.0750373825 -0.0332302526
0.0281912815 0.0154926777
-0.00569064263 0.0405715108
-0.0469400175 0.0327741653
0.0271962322 -0.0556360073
0.00576898549 -0.00721575972
-0.00247833785 0.0255720746
-0.0612306111 -0.0430615433
-0.0767959207 -0.015761761
-0.0187069606 -0.0138069633
0.0852409378 0.0180358216
0.0567792058 0.0180099476
-0.02849387 0.00232850132
0.0354368575 -0.0546499453
-0.0354279242 -0.0275964942
-0.0620797388 0.024556689
0.0627860427 -0.00799859688
0.0243058167 0.00315699843
-0.00979257096 -0.0330389068
0.0049189087 0.0379022248
0.0840856954 0.0462856591
0.0294837933 -0.0364114791
-0.0380378366 -0.0120458202
0.0342717394 0.00624927087
-0.0162114464 -0.016468076
-0.0238122828 -0.0337143242
0.0319868438 0.075283356
0.0541148707 0.0199789684
0.0460463353 0.0394867808
0.00347149046 0.0640523806
0.0337760523 -0.00149218645
0.0402607508 -0.0171180274
-0.0710500926 -0.0282993857
-0.0179769043 0.0573846772
0.0321051776 -0.0462123081
-0.00696405955 0.0625848696
0.0283024739 0.00906249415
0.0225775745 -0.0946311727
0.0719813406 0.0468905233
0.055770129 -0.0417192318
-0.0210583061 0.046621047
0.052076783 0.00749108242
0.0510537587 -0.0671241358
-0.0513266586 -0.00224454398
0.0289314482 -0.0321980752
0.0761828497 0.0417259373
0.0206747521 0.0154256998
0.0327769518 0.0138935326
0.0221446101 -0.0542960167
-0.0313696302 -0.0392540917
0.00602464098 0.0815149695
0.00957550574 0.0459132455
0.031951867 -0.00290381233
0.0661827251 -0.0323162898
0.0246009547 -0.0163236614
0.0443932079 0.0318023041
0.0277597122 0.0428403951
-0.0195151009 0.0375523046
0.053358458 -0.00825072918
-0.00346064079 -0.0743937492
0.00426199753 -0.0157821346
-0.0479662009 0.0192802325
-0.00992412865 0.0379776359
0.0454090349 0.00227317307
-0.0630797893 0.0385083966
-0.0136920344 -0.0292978548
0.0249212347 -0.0442336686
0.0533580184 0.0313526839
0.040656466 -0.0146715585
0.0130409934 -0.0306003205
0.0193979554 0.0579338185
-0.0697505698 0.0312129632
-0.0501345731 -0.0935235545
0.0125502888 0.0325874723
0.0315661505 0.00733998837
-0.0147761777 -0.0405633226
0.00651314901 0.0548852235
0.0616084374 -0.0114857024
0.00429278053 -0.0123614194
-0.0385526679 0.00357130216
0.0179747045 0.0221806113
0.0427470915 -0.018581301
0.0555067696 -0.0306541901
0.0397114791 0.0377460085
-0.0335942321 0.036012698
0.00905604288 0.0118604759
0.0754668489 -0.0574703291
0.0188236888 0.00592613174
0.0266103148 0.0337494165
0.0155588472 0.0459521674
0.1094331 0.0234539472
0.044905331 0.0217414591
-0.0625086874 0.0185848027
0.0203995295 -0.0225862507
-0.0416240729 0.0508502834
-0.0479569286 0.0103150411
0.0670760423 0.0821722597
0.0680434629 0.0456324629
0.0173918046 -0.0496289358
0.00398750044 0.0231081285
0.00180298265 -0.0325218737
-0.0345286541 0.0148781398
-0.0287483595 0.0177935418
-0.0652601123 -0.0538612828
-0.00192251324 0.0231387075
0.0607355833 0.0540746264
-0.020096004 0.020830581
0.0492583849 0.0290864427
0.0575846322 0.0365054831
0.0433384441 -0.0469651371
0.0506448783 -0.107948802
0.0117424726 -0.00536295213
0.0218306817 0.0366837345
0.0317220725 -0.0179306623
0.0506364815 -0.00898874737
0.0163693354 -0.050360702
-0.00210686191 -0.0219057538
0.0265685488 0.0661511123
-0.0222568661 -0.0211526006
-0.0683171749 0.00202546502
-0.00187806832 -0.00386965624
0.0501213707 -0.0500120297
0.00956792478 0.0553808771
-0.00851042755 0.0154922036
-0.0633111969 -0.069121547
-0.098761715 -0.0582234077
-0.0234704372 -0.0403853469
0.0181396026 -0.0416789465
0.0127814272 -0.0353161246
0.0436765254 -0.0288073402
0.0115645127 -0.00916065834
-0.00878723618 -0.0026516933
0.00338100526 0.031159183
-0.0332383513 0.00200288137
0.00939772464 -0.0620004535
0.0764997005 0.00216972292
0.0177300218 -0.0257876366
-0.060174562 -0.0601561517
-0.0561834648 0.0382326022
0.0520879254 -0.0161761101
0.0749655291 0.00402633939
0.0236415826 0.0844335184
-0.0137416311 0.000746294216
0.000806978263 -0.0438438021
0.00952080823 -0.0563704036
-0.0388277955 -0.0188554805
-0.029161375 -0.000127090752
-0.0322285034 0.0292617548
0.00150119769 0.0599807166
0.0220227335 -0.00638691941
0.0150213409 0.0334010385
0.00543180341 0.0682288483
-0.0474570915 0.0617190227
-0.00504575623 0.0436299145
-0.00781447906 -0.0534595214
0.012757441 0.0533617176
0.00676583219 -0.00163823576
-0.0433988459 -0.0533476174
0.0177716017 0.0416350476
-0.0170213841 -0.0453749225
-0.0201340597 -0.0875775814
-0.0311450828 -0.0765146986
-0.0413628668 -0.0125191836
-0.000633111398 0.0377350338
0.00218265527 -0.0651640669
0.0987033695 -0.0277954079
0.0534365997 0.010537615
-0.0460569561 -0.0579339676
-0.0279308092 0.00486696279
-0.0157345515 0.0617271364
-0.0359664485 0.012111932
-0.049240265 -0.02965823
0.0162793044 -0.00560791977
0.0614109561 0.0450492948
-0.0226228163 0.046372775
-0.0180983022 0.0473960526
0.0420112312 0.031902574
0.0360219739 -0.00544594647
0.0494994409 0.0239315908
0.0300741028 -0.00915546808
-0.0135601712 0.00652316213
0.037584357 0.0505706184
0.00788928661 -0.043609228
-0.0400048085 -0.0786269009
0.020015737 -0.0465878882
-0.028802488 -0.0347398706
-0.041549284 0.0173754469
0.0722244754 0.0216355827
0.000208181722 0.0305673238
-0.081634514 0.0361250453
0.0135627752 -0.0119109731
-0.0342672318 0.0663376898
-0.0202835407 0.0133643001
0.0221189782 -0.010797007
-0.0350740589 0.072122924
0.0793645903 -0.0506185889
0.0469364896 -0.0333846658
-0.0379997045 -0.0268921573
-0.0553052686 -0.0188578665
-0.0253176168 0.0133997705
0.0370777734 -0.0148829622
-0.0803180411 -0.0132819181
-0.0793692917 -0.0424259268
0.0124098854 0.0218349956
0.00535585592 -0.0279074032
0.0470225029 0.0102195898
0.00862774719 0.0634251758
-0.00354847545 -0.0775060505
-0.030090265 0.0274816919
-0.0455856062 0.0336634032
0.0341366678 0.0554659702
-0.0242214687 0.0887887999
-0.0781017244 0.018527912
0.00902137067 0.0529313199
0.0312352572 -0.0354857408
-0.0247068442 -0.0305349045
-0.00125137204 0.083334513
0.0423143059 0.0124122053
-0.0757673755 0.016477434
-0.0666059628 0.0270600952
0.071081154 0.0281678252
0.0596746989 0.0297691505
0.00906446576 0.00361196278
-0.0380237214 0.0768471211
-0.0525583588 0.0469415225
-0.0547541194 0.00293493085
-0.043632891 -0.00348894438
-0.00389234675 -0.0345293581
-0.0197863989 0.0138924252
0.0250065383 -0.043315772
0.0114846583 -0.0410642661
0.00654705614 -0.00640418194
0.051399231 -0.0119627649
0.00729905022 -0.010171514
0.0445379391 -0.0299107917
0.00139234506 -0.0128412265
-0.0497771017 -0.0370101221
-0.0251812078 0.013608491
-0.0714329928 -0.020386057
-0.0627907291 0.00991656911
-0.0911246985 -0.00274094916
-0.0380764678 -0.102741882
0.0451579876 0.030539535
-0.00594368624 -0.0212423708
-0.0172338299 0.0323687121
-0.0341488384 0.0135648316
-0.0118532237 -0.065642491
0.0504026823 0.0245079063
0.00774049899 -0.000107169217
-0.0291114524 0.00212096586
-0.0150279319 -0.0720148161
-0.0487951562 0.0209914595
-0.00567951985 0.0611160845
-0.0231738761 -0.000533178099
-0.0460993275 0.0443903543
0.0284039527 -0.0639729872
-0.0349277817 0.00898011588
0.00184676808 -0.0329663567
0.0894139409 -0.0126053859
-0.00801177882 0.00885921996
-0.00856937747 -0.0374074988
0.0377968661 0.0289083291
0.071215868 -0.0972187668
-0.0256890412 -0.0292524286
-0.049369134 0.0716040879
0.020921573 -0.00124343543
-0.00443513971 0.0312650353
-0.0232086498 0.0535786264
-0.0418477617 -0.0394199826
0.0250184573 0.0181635395
0.0202739518 0.00121995446
-0.0354922786 -0.132598996
-0.053152144 0.0310567543
0.000362032035 0.0642485693
0.0467430614 0.0222317446
-0.0531297773 0.0418999977
0.0277991984 -0.0659689307
0.0625089854 -0.046381969
0.00232241745 -0.0141510051
0.0432364345 -0.0396034904
-0.00289837713 -0.0512606949
0.0521091782 -0.00738176471
0.0312534012 0.0140360901
0.0406883173 0.0331822559
0.0710396841 -0.0170523599
-0.0157188624 -0.0227941182
0.00735031255 0.0743169114
-0.00312767224 0.012091116
-0.0146677559 -0.0217471328
0.0511886217 -0.00976792071
0.0258714855 -0.0291545372
-0.0722235888 -0.0259139948
-0.00320597086 -0.012726035
0.0659133941 -2.93619032e-05
0.0623245351 0.0226202328
0.0135132503 -0.032923881
-0.0695238486 -0.0810543373
0.0614386126 -0.0402176194
0.0135566592 0.0280291624
-0.0692272931 0.0245444234
0.0191383641 -0.0254312959
-0.085154891 0.0573402531
-0.0692028701 0.0398412794
0.000930595212 0.0139187025
0.00830185041 0.0639858618
-0.00367133785 -0.0739040747
0.0383456722 0.0430075377
0.0303749535 0.0915246606
-0.0882601291 0.0125009008
-0.000593933102 0.0283140056
-0.0128445625 -0.0267008077
-0.0567566119 0.00179929438
-0.035372179 -0.0168994069
-0.022124473 0.0384128727
0.0607342087 -0.00500475522
0.00874823984 -0.0609185733
0.00267193513 -0.0145490915
-0.0507368296 0.0151151288
-0.0149738407 0.0402018242
0.0529825464 0.00421836041
-0.0644491091 0.032532271
-0.0209747106 -0.0311682485
0.0308172815 -0.0474853143
0.0515161827 0.0308077373
0.0391433202 -0.0163130518
0.0145465732 -0.020062929
0.0197823532 0.0645044297
-0.0672701001 0.0328685045
-0.0487009846 -0.0998837575
0.0157187171 0.035064619
0.0329806395 0.0163843185
-0.0171706211 -0.0419591218
0.0100409314 0.0561478063
0.0671148002 -0.010103845
0.00161769299 -0.0161244702
-0.040926747 0.00115972443
0.0103583736 0.0180565156
0.0502914935 -0.0247513577
0.0574187227 -0.0274291206
0.0485572554 0.040880613
-0.0384076983 0.0368896797
0.0233175028 0.00975109544
0.0733625591 -0.0545478165
0.0227358267 -0.00462024333
0.0255036484 0.0448234566
0.0064677773 0.0158695877
0.00933353603 -0.024911724
0.0164722744 -0.0692956597
0.0156710632 0.0250684675
0.0755740851 0.0934506506
0.0197529681 -0.078357704
-0.0708401129 -0.0755195394
0.0129733691 0.042203512
-0.033237312 -0.0261414293
-0.0412782878 -0.00371360593
-0.0242471769 0.0164570287
0.0116022825 -0.00698055467
-0.0460830815 -0.0277150441
0.000781284878 -0.0273809303
-0.00939544477 0.0539786108
-0.0852145627 0.0051902975
0.102117188 0.0129796574
0.0226422194 0.0479227826
-0.0278168544 -0.0384852923
-0.0145097552 0.00864862558
-0.00132330018 0.0215267092
0.0683971047 -0.0273528807
-0.0966395289 -0.0556555279
0.0379369482 -0.0546569005
0.0906288549 0.00641015032
-0.00285310857 0.0172543619
0.0229407158 0.0210794434
0.00909652561 0.0214438066
0.0164628718 -0.0164454989
-0.0062574395 -0.00434878375
-0.0358360335 -0.0333287194
-0.0196509492 -0.0386429168
0.0104734916 -0.00639707083
-0.053051427 0.0698158965
-0.0184985828 0.0527776927
0.0356555022 -0.00823355932
0.0223488715 -0.0268076062
0.0246247761 -0.0633469447
0.0466480181 -0.0124589521
0.0174046755 0.000204515556
-0.108942635 -0.00857703947
-0.011204971 0.0067558568
0.0315660089 -0.0874304399
0.00548461499 -0.0473397858
-0.00462565245 0.0417350568
-0.0438251719 0.0128694298
0.0555519573 0.000215201231
-0.00598078826 -0.0100444825
0.0420041196 -0.0234015845
0.0520328656 -0.0765637681
0.0288608205 -0.0030873504
0.0419642441 0.0341548696
-0.00527191209 -0.00131319743
0.0891701281 -0.019933708
0.00685155485 0.00145191676
0.0232074689 0.0370447226
0.0851619244 -0.00498167798
-0.0630602092 0.0231832825
-0.0270121507 0.0244237818
0.0638018698 -0.0588288642
0.0602597855 -0.0141717736
-0.0351333283 0.0315084904
-0.0764852092 0.0454873107
-0.0300893839 0.0434535928
0.0763445497 0.0256670564
0.0476259328 0.0101836128
-0.0198985972 -0.00488066254
-0.0398454443 -0.0234115403
-0.0271856878 -0.0546832681
0.0466624722 0.00500634639
0.0381742492 0.000577192986
0.0482008196 -0.0620924234
-0.0408060364 0.0203170087
-0.0467609502 0.0917778835
0.021256933 -0.00372596155
-0.018652441 8.20232453e-05
-0.00559386285 0.042828396
-0.0256267842 -0.0142787704
-0.0101925489 0.0313297771
-0.047625985 0.00654306728
-0.0221324414 -0.00212739152
0.0336786583 0.0848219022
-0.0140574267 -0.0123411212
0.00480126031 -0.065040417
-0.0190949216 -0.0302437376
-0.0216619801 -0.0263046678
0.05055039 -0.0508352928
0.0727554113 -0.015259767
-0.0304709002 0.023860611
-0.0282226801 -0.0599863529
0.0219043195 0.00712861912
0.00559345353 0.0630481094
0.042385675 0.00137425109
-0.00134676858 -0.000297780032
0.0237855706 -0.0292235352
0.0402299315 0.0492317788
-0.0174558349 0.0218974426
-0.0681305453 -0.0606349669
-0.000948639587 -0.0460996553
0.047527913 0.0391869396
-0.0687292591 0.0689800382
-0.019949479 0.0284082126
-0.0385875516 0.0247750506
-0.0411856696 -0.0659790114
0.00587966107 -0.00163382664
-0.0498362407 0.0721425489
-0.0264661238 -0.0114230998
0.0307930019 0.0331780277
0.0883063748 0.00845326483
0.0427179001 0.0101907719
0.0338973105 0.0573793612
0.0293126497 0.0730340704
-0.0591626801 -0.0165626351
-0.0707355514 -0.0595012233
-0.0651731417 -0.00824822672
-0.0166418385 -0.010546186
-0.0515964814 0.0554443598
0.0154845435 -0.0397399627
0.0997888073 0.016486641
0.0186105166 0.130672663
-0.00615883479 -0.00871884078
0.0220276881 0.0376040228
0.0415888429 -0.0425389819
0.0620483011 -0.0894382074
0.0443281271 0.0312787704
0.0492421016 -0.0311236251
0.0123409797 -0.0208923928
0.0292022787 -0.0398013107
0.0385496132 0.010289453
0.0189977121 0.00560096744
-0.0249992199 0.0107349539
0.012555127 0.0697613284
0.0712595135 -0.0446977355
-0.0468832217 -0.0167913139
-0.0446096808 0.00673371833
-0.0129544958 -0.0340497233
-0.0822296292 -0.0561205
-0.0505588986 0.0059856521
-0.0368158408 0.0465644524
-0.00215676799 -0.0800479949
0.0321319886 0.0142560527
0.0462170616 0.00747651048
0.000201861694 -0.101005562
-0.0202495996 0.0755965412
0.0155749293 0.0079592336
-0.039171569 -0.0599720031
-0.0311215241 0.0276955813
-0.0391709134 0.00285291672
0.0130655644 -0.07034944
0.074738048 -0.0953230634
-0.0110611543 0.032393191
-0.00747087784 0.0728629753
-0.0781349689 0.0360761695
-0.0225780532 0.0574140623
-0.0105797714 -0.000228529214
-0.110377491 -0.022574909
0.00413838634 0.00951051153
0.0018210517 0.0265429672
-0.0318763778 0.00544382073
-0.0104474574 0.00322832889
-0.090340808 0.0436094292
-0.0348033942 0.0388979949
0.0138637125 -0.000814540603
-0.0256075803 0.0258294698
-0.0071343407 -0.0216991138
-0.0347709954 -0.0276709963
-0.0345861129 -0.0040789037
-0.0622442737 -0.0875338018
-0.0925185978 -0.0523907878
0.0137926228 -0.00859284308
-0.00466275355 -0.0100522256
0.00147734769 0.0448148176
-0.0493416414 0.0071597877
-0.0575553738 -0.0347035639
0.0450516008 -0.0132212294
-0.00836523063 -0.0343031622
-0.00646866206 -0.00303189154
0.0272831302 0.0331904888
0.0389087945 -0.0022022021
-0.0156868976 0.00669937348
-0.0484966561 -0.0380188785
0.0133271283 0.00750591001
-0.00387586444 0.0689148009
0.00317022298 -0.0521972738
0.0192976259 6.630602e-06
0.0261348952 -0.0350328088
-0.0197844226 -0.0855634883
0.00141046254 0.0532537065
0.0223278441 -0.0320018269
-0.0831069425 -0.0454583056
-0.0121334372 -0.038861949
0.00412138132 -0.0243395213
-0.00264215865 0.0888773426
0.057445202 -0.0232798625
-0.0160977449 -0.00807157252
-0.0102243358 0.0299265143
0.000267621508 -0.0299444553
-0.0477261506 0.039239645
-0.00461161323 0.0415610559
0.0524027534 -0.00281691202
-0.02254536 -0.000674991054
-0.0464778915 -0.0254179481
0.00650335616 -0.00828972366
0.000502651383 0.0571898744
0.0336210243 0.0114396466
-0.00242309296 -0.0167445354
0.0162973907 0.0499324054
0.092913039 0.0466542467
0.0308035873 0.0309455264
0.00543666538 0.010023877
0.00127921288 0.00361368619
0.00453693327 0.0378124006
0.00930365268 -0.00421295641
-0.00516178785 -0.0622682273
-0.000299345847 -0.0410604514
-0.0404918864 0.0186084006
-0.0158037543 -0.0254075788
0.0163539313 -0.012986999
-0.0217364188 -0.032646656
0.00749324122 -0.039639242
0.0119491797 0.0891625956
0.0127107017 -0.000976222917
-0.00146544201 -0.00956296641
-0.0446384847 0.0711310133
-0.102167889 -0.00371183455
-0.0173941534 0.0452813692
0.0607625283 -0.0105994204
-0.0338089764 -0.0352962464
-0.00690881861 0.00469864439
-0.0051447032 -0.0480965413
-0.00752455788 0.0251117591
-0.00276018702 0.0434551612
0.0577079393 -0.0163471736
0.108329922 0.020015914
0.0596924499 -0.0193186291
0.0955543891 -0.0192318298
-0.0188102219 0.00326398062
0.0244482439 -0.0455780365
0.0255933683 0.0167865958
-0.0904948786 0.093383722
0.077826336 0.0611189902
0.0275389012 -0.00240836758
0.0533329099 -0.0739962384
0.0517399348 -0.0322381109
-0.0388831273 -0.0088628456
0.0407933183 -0.017853722
0.0606883764 0.0194764193
-0.0218938999 0.0127992313
-0.0267500989 0.0247482602
0.0308226161 -0.00137750618
-0.065320082 -0.0173078328
-0.0118084187 0.0414824039
0.0335610434 0.0724593922
-0.0195076261 0.0383566245
-0.0402103998 -0.0219150074
-0.0468925163 -0.030263111
0.00883981213 0.0141287046
0.0107767861 -0.0192302968
0.0314456262 -0.0775676817
0.0219802354 0.0276894104
0.0720411614 0.0845687687
0.0212965142 -0.0843133777
-0.0711324364 -0.0776321962
0.0175543278 0.037204273
-0.0382203087 -0.0219390523
-0.0470980406 -0.00485848123
-0.0273290314 0.0180587247
0.00501944125 -0.00652689533
-0.0414409041 -0.0303149633
-0.00662508234 -0.034086965
-0.00983461924 0.0610684492
-0.0988457352 0.0112611391
0.101194277 0.00691902731
0.0218014754 0.0549595542
-0.0263963379 -0.0381320193
-0.0073213526 0.00532258814
-0.00471745711 0.0323324241
0.0704934895 -0.0327597708
-0.089632377 -0.062125314
0.0366853513 -0.0660566539
0.0978768766 0.0100802863
-0.00365000428 0.0145435706
0.0205353703 0.0238280408
0.00315778772 0.0152014373
0.0103234928 -0.0114106163
-0.00233688508 -0.0181716532
-0.0288716834 -0.0336784422
-0.00818724651 -0.0277478267
0.032756798 0.00444708206
-0.029542489 0.0413063914
-0.0132021997 0.0604379624
0.00359091954 -0.0385743268
-0.0171642769 -0.0832055062
0.0487140715 0.0264715105
-0.0325046666 0.00382382236
-0.0784474537 -0.0447713584
0.0031251926 0.0350432545
0.0215338469 0.0112792812
0.00422480563 0.045745749
-0.0414668359 0.0378428735
-0.061655879 -0.00507337181
-0.0130903516 0.0150590679
0.0277303439 -0.0563284308
0.0227430928 -0.0187391769
0.0353828147 0.00436162995
0.028939886 -0.085934937
0.00332514243 -0.10442923
0.00251347059 -0.0739362836
0.0107078031 0.0316387415
0.00856247544 0.0497698002
-0.0134924296 -0.0491025634
0.0210777353 0.0340250693
0.0620990656 0.0712407827
0.024177352 0.00822318718
-0.00981269963 0.0299862158
-0.0258632973 0.0144820362
-0.0046195779 0.00534409005
0.00339434226 -0.0296736974
-0.0481914207 -0.0140583469
-0.0250595473 0.0352387279
-0.0109808827 -0.0237206314
0.0477949381 0.00767103862
0.089666903 0.0487181023
-0.0256352481 0.0055325604
0.0596391708 -0.00305307284
0.0552221276 0.0535781831
-0.0299324133 -0.000249399571
0.00586079899 -0.0989939198
-0.0112938192 -0.0444536097
-0.0108124614 0.0662342086
-0.0256694984 0.0526865683
-0.0149245718 0.00402006507
-0.0489406884 -0.0589036942
-0.0490515903 -0.0828070268
0.0636150911 0.0260284431
-0.0165624712 0.0541273057
0.033867348 -0.00975772738
0.0773934126 -0.044150833
-0.0340324789 -0.00794023834
0.0159015693 -0.0288213771
0.0509287156 -0.0627163127
0.0281512272 0.0380994566
0.00825408846 -0.0145429885
0.0786027759 0.0286010485
0.0349653848 0.041432824
-0.0497663021 -0.0216438938
0.0219962727 0.0632886142
0.0483961105 0.00929096621
-0.00330218114 -0.0628879815
-0.0618281625 -0.0116369668
-0.00943413656 0.108957835
0.0812800527 0.0572302677
0.0494854525 0.000971504254
-0.00359922647 -0.0167415794
-0.0207245257 -0.0489553586
0.0245332103 0.0700668618
0.0575273037 0.00668641552
0.0271617528 0.0188107155
0.0257456712 -0.00750292558
0.0284826644 -0.058892075
0.0208358243 0.0447732881
0.00259808684 0.00458532618
0.0130009195 0.0445729308
0.0501862839 0.0321033187
-0.0295967609 -0.0129071316
-0.0322479829 -0.0413579158
0.012282378 -0.0187083539
-0.020694904 0.0427448452
0.04821999 0.0321413763
-0.0227637272 0.0616222173
-0.0302092507 0.00986501295
0.0931476727 -0.0507750064
-0.0369752236 -0.0424698628
-0.0409594402 0.0253497791
0.00808229484 0.0337728374
0.0473536476 -0.0469899289
0.0387238227 -0.034937337
-0.0555078872 0.0093011586
0.0170608889 -0.0175816193
0.0310260262 -0.0599511787
0.00445701648 -0.0141740125
-0.0398834832 0.0259908605
-0.0578134842 -0.0346125029
0.0519950949 -0.0261201765
0.00325393118 0.0120311603
-0.0575385317 -0.0172974765
0.0188275129 0.0146910511
-0.022383878 0.030121997
0.0358973965 -0.0476433635
0.12276189 0.0229075849
0.00179795735 0.0750561357
0.0386402085 0.0491864085
0.0221964084 0.0673032925
-0.0194074735 -0.0421754494
-0.0219096504 -0.0420682356
-0.038432613 0.0464272127
0.0372894965 0.0183657575
-0.0508690141 0.0315690413
-0.0174425058 -0.014011208
0.0948698223 0.0018994218
-0.0462098569 0.0391008891
-0.0752144381 -0.0219426323
-0.00906122476 0.0256615672
-0.0581359118 -0.0376851298
-0.0553944558 -0.036554601
-0.000248707511 -0.0471625179
-0.00117090181 -0.114115559
0.0270579271 0.0639948249
-0.0240513999 0.0208446626
-0.0797644481 -0.0461807698
-0.00180710852 0.0200766418
0.00656640204 -0.00334563758
-0.00765213743 0.0144577203
-0.0615236424 -0.0308864713
-0.0946803018 -0.00679683033
-0.0770078227 0.0153802037
-0.0820770785 0.0296077281
-0.0279147271 -0.0289669633
-0.00905169733 -0.109327175
0.0138794025 0.0186599139
-0.0204175096 -0.00996031985
0.00313220476 0.00810508896
-0.0221022051 0.015670605
-0.038034983 -0.00136618293
-0.0136506734 0.0234202128
-0.0317426026 -0.0630398318
0.0457996801 0.0179320779
-0.00788462255 0.0108455084
0.0309933629 -0.0699580312
0.0285652801 -0.00115709438
-0.039737124 0.0366211087
-0.00189071777 -0.0582635328
-0.00553448172 0.0163427833
0.00928293727 0.0680537596
-0.059831541 -0.0463765226
0.028387269 0.0425344184
0.0592475869 0.0749780536
-0.0207569022 0.0363097303
0.0186012406 0.0475042611
0.0370280743 -0.0191675611
0.0563492253 -0.013816339
-0.0181786623 -0.0229165014
0.0251462385 -0.0254208632
0.0821842104 -0.0742540807
-0.0131336898 0.00244850619
-0.0361670926 0.0334738493
0.0312748961 -0.0760843232
0.0274746586 -0.018267855
0.0228154808 -0.0258391909
0.0864036158 -0.0339854695
-0.0541486442 0.0357820652
-0.0328255333 -0.0295240004
-0.00121175894 -0.0123470807
-0.0525014959 0.0285375323
0.0570504293 0.0241575353
-0.0360291749 0.0216778498
-0.0519743152 0.00421618251
-0.0370001644 0.0226354674
-0.0781692713 -0.0144065777
0.0167563874 0.0180087145
0.0383709036 0.0541280173
0.0105607547 -0.0377683304
-0.0377341099 -0.0102518359
0.00608123094 -0.0241659917
-0.0911449268 0.00444509229
-0.0190161727 0.0506785363
0.0329354964 -0.0169358253
-0.0608672053 0.0284910426
0.0516656712 0.0089794714
-0.0317703709 -0.0731963962
-0.0665645152 -0.03463009
-0.0251447242 0.0502177253
-0.055033695 0.00676948763
0.0456399955 0.029720081
0.0316654742 0.0811976194
-0.0071014259 0.0170003437
0.00924697984 0.0325330086
0.0377973095 -0.045512978
-0.0168824997 -0.000300693937
-0.0606989078 0.0174786542
-0.0191237181 -0.030075945
0.00973573048 0.0157455169
-0.0627490804 -0.0247944016
-0.0385992415 0.0579451211
0.0497133806 0.00568661559
-0.00995119661 -0.0268947445
0.0149998199 0.0428540893
-0.0149473706 -0.0429088399
-0.0359577164 0.00713850232
-0.0144669814 0.0118075851
0.00998008624 -0.0172705315
0.0538188703 -0.0643172413
-0.0322403014 0.0116360411
0.0353508443 0.0903806388
-0.00518013118 -0.0132179409
-0.0612571575 0.0553867966
-0.0135288388 0.055193644
-0.0644895732 -0.0269127227
0.00222209468 0.0620821454
0.0345687829 -0.043178197
0.0729763657 -0.0597374029
0.0382228196 0.0525016673
0.0134804053 0.0470240861
0.076953195 0.0591018572
0.0257936008 -0.0844980329
0.0387453213 -0.0849369019
-0.00330714672 0.00337793306
0.0291058607 -0.0787881166
0.0301334746 -0.0497719161
0.00644985121 0.0331060588
0.0640200749 0.0399987884
-0.0749128684 0.00784203969
-0.0600708239 0.039572522
0.015247331 -0.00210334687
-0.00923642889 -0.0763923228
-0.0266606957 -0.0596742965
-0.0265370738 0.0100723971
0.0122916577 0.101956084
0.00270996429 0.00073247368
0.0622117743 0.0129211675
0.0391553454 0.0438002795
-0.0331275314 -0.0529871657
-0.0199612193 0.0166216847
-0.0176736526 -0.00966757908
-0.0269885454 0.0119607076
-0.073864758 0.0141028408
-0.0302426368 -0.0244296156
0.05461042 0.00974413194
0.0707360208 0.0482651517
0.0278938711 0.0492450707
-0.0124905016 -0.00807429384
-0.0289457906 0.00707022147
-0.0290463176 -0.0555405468
-0.000913959579 -0.0584118217
-0.0105821127 -0.00527197216
0.007461139 0.0283795632
0.0719094127 -0.0226981882
-0.00154955999 -0.0948042348
-0.0283979792 -0.0649787262
0.0772201419 -0.0838783085
0.00204775436 0.0116116656
-0.03301147 0.0242898911
0.00286394404 0.00785708614
-0.00437320536 0.0710821301
0.0300072636 0.0111367702
-0.0317047052 0.0420887098
-0.00991683174 0.0682200193
0.0047215852 -0.0333468467
-0.0171492882 -0.0837119892
0.0482493006 0.0295921918
-0.0358674191 0.00483633671
-0.0929944292 -0.0468189865
-0.00216424046 0.0297671929
0.019899698 0.0138701014
0.00234878133 0.0451390296
-0.0450142324 0.036501959
-0.063934207 -0.00510297203
-0.0207165573 0.0108789308
0.0276095755 -0.0611005127
0.0168788284 -0.0228101816
0.0394339599 0.0017926211
0.0331865773 -0.0924850404
0.00249548047 -0.113146603
-0.00170865085 -0.0686026663
0.0128424782 0.0318604857
0.00396404089 0.0506306551
-0.0107183717 -0.049284894
0.0147805195 0.0354446545
0.0575180836 0.0746253356
0.0259492304 0.00301863789
-0.0131317377 0.0321863256
-0.0381705612 0.0225450769
-0.0103884898 0.00630884105
-0.00449198531 -0.0236608833
-0.0485447347 -0.00567447022
-0.0282787103 0.0333288684
0.0290483665 0.0180501509
-0.0490810201 0.0150605403
-0.0696316734 0.0354768485
-0.0301407371 0.0327255838
-0.0196963344 -0.0487110876
0.02639989 0.00326397014
0.0242184736 0.0319176465
-0.0128776766 -0.0152547797
0.0556229167 -0.0389169157
0.039112553 0.053787142
0.00871339347 0.0714925826
0.106461875 0.00354478322
0.0137236798 -0.00510695064
-0.0666232109 0.0253352094
-0.0357473306 -0.0075500505
0.0128211575 -0.0375350118
0.08863727 -0.0566647723
0.0161669496 -0.021157939
-0.0319803469 0.0330685452
0.0207632072 -0.0211275648
0.0186915658 0.0169616602
-0.00237012864 0.0515166074
-0.0106792524 -0.0201937165
0.0419033654 -0.0744215548
0.031452436 0.018566411
-0.00910959765 -0.00644883793
0.0881304592 -0.052978009
0.0264845416 0.0156780444
-0.0546791442 -0.0484808087
0.0241592284 0.0197637975
0.0443165973 0.0681922957
0.0436332226 0.0408952273
0.0636508912 0.0500969291
0.0306876004 -0.0393454097
-0.0197543055 0.0168923028
0.0722690374 0.0158863664
0.0644131899 -0.0720299408
0.00593682611 -0.0299795493
0.0494594313 0.0281163827
-0.0172137674 -0.0074058813
0.00469994592 -0.0253319014
0.0153796682 0.0116263572
-0.043937251 -0.0674553066
-0.0356296897 -0.0693577677
0.0386311822 -0.0193969719
0.0996916518 -0.086306259
0.0195519011 0.0269211382
-0.052557677 0.0817708597
0.0322039388 0.0239739642
0.00860175025 0.0389973857
-0.0386205912 -0.00302192359
-0.00157329545 0.002651677
-0.0379422866 0.0261899382
-0.0284272674 0.0239339527
-0.0201874785 0.122380465
-0.00135486259 0.0833824351
0.0482135601 -0.016477406
-0.0383338705 0.00417273631
0.0445052348 -0.0688791424
-0.0234947409 -0.0326546617
-0.0302168801 0.0266610757
0.117118627 -0.0791329816
0.0041793217 -0.027872486
0.0403524004 0.0159432478
0.0181507263 0.0413450673
-0.025292892 0.0639628917
0.0377246886 -0.0226889458
0.0254433975 -0.00358742569
-0.0150495954 -0.0170159284
-0.0618002266 -0.0402629189
0.0381971709 0.0271629002
-0.0343575068 0.00551853329
-0.0441305116 -0.00747200241
0.027191788 0.0233166087
-0.0349073112 -0.02403263
-0.0419596583 -0.0184768476
-0.0147744315 0.0411167219
0.0392930619 0.0310645457
-0.00879780389 0.0670534596
0.0640032366 0.011827549
0.0236984473 -0.0389243513
-0.0916489512 0.0240773931
0.0494245701 -0.00353104039
-0.0120463371 -0.00887030084
-0.0225252733 -0.0364915282
-0.0298314728 -0.0957895145
-0.0651523396 -0.106109574
0.0659720451 -0.0551897287
0.0334248021 0.0377734154
-0.10174749 -0.00992797501
-0.0762245059 0.0265636537
-0.00273254816 0.030691158
0.0255389698 -0.0333987474
0.0964831561 0.0602543354
0.0544779189 -0.000490543607
-0.0307640936 -0.0478534065
-0.0374610163 -0.00214120792
-0.00128161488 0.00423952844
0.0211562961 0.00597749231
-0.0355392806 -0.0198413469
-0.0265668128 0.0320167728
-0.0352438912 0.0239096694
-0.0149551472 -0.0030578305
-0.0108576724 0.00769386254
-0.0819080472 -0.0789857209
-0.0694667026 0.0218950976
-0.0654995516 0.0880624056
-0.00697218766 -0.0327330045
0.0138319647 0.025543347
0.0191354305 0.031679716
0.000454892695 0.0353649333
-0.021606097 0.0294693448
-0.00667077769 -0.0346631445
0.00312896678 0.0542698577
0.0323144943 -0.0157226641
0.0261332337 0.00705969287
-0.00851288438 0.0259814039
-0.0543290451 -0.0686203316
0.0444653854 -0.0261201095
0.0532512031 0.0475768857
-0.0321101323 0.0842274129
0.0989472121 -0.043812748
0.0581717789 -0.0158537123
0.00938395876 0.103203014
0.0555278808 0.0105596045
-0.0208334811 -0.0718683004
-0.0220561791 -0.00678891968
0.00584284915 0.047835499
0.0282539092 -0.0116702104
-0.0536876172 0.0498846062
-0.0531913042 0.0163390692
0.0529804155 -0.0648312271
-0.0184697583 -0.0282388497
-0.0010134331 -0.043592073
-0.031341698 -0.0271877982
-0.0212818515 -0.0155735714
0.0634996668 -0.0132519081
-0.0278223306 0.0268527307
0.0242700018 0.0107700825
0.0209250059 -0.0752445012
-0.0210402813 -0.0321321413
-0.014758545 0.033377666
-0.0304290131 -0.032121975
0.000105288847 0.0134415366
0.0199528821 -0.0358536877
0.0684768558 0.0182930641
0.0200818386 0.053551551
0.0145619512 -0.0368584096
0.0258788839 0.01690959
0.00591041893 0.0322749615
0.0880616978 0.000966267253
-0.0364197604 0.0461387858
-0.0249906946 0.0234917831
-0.0328243151 0.00345854112
-0.102503128 -0.0373756662
0.0411354378 -0.081174694
0.046721682 -0.0135589987
0.0361842029 0.0374202244
0.00913906284 -0.0116942553
0.0143376235 -0.0159595869
-0.0277600512 -0.0191990919
-0.0173163414 0.0114348317
0.0949022174 -0.0159617309
-0.0170781203 -0.00765148504
-0.0149253411 0.0150770936
-0.03035965 0.0040454329
-0.0844359174 0.00874474645
-0.00554719754 -0.0513697043
-0.0276776031 0.0303344261
-0.0431489199 0.0431817546
0.00320724724 -0.0296651423
-0.0329615623 -0.0154518653
-0.0439008176 -0.0174409933
-0.0206795856 0.0130664259
-0.0320174992 0.00884108711
-0.0380521417 0.00838285778
-0.0123065691 -0.0300116539
0.000461512245 0.0490380377
0.0391261652 0.0770148486
-0.011070881 0.0128063736
-0.0227957834 0.0295146722
0.0597579293 -0.0346412472
-0.0484033674 0.00804139767
-0.0976885036 0.0334469639
-0.0543329902 0.0507359095
-0.024725724 0.0499968491
0.0142961415 0.0125729237
0.0010299196 0.0164236855
0.0626484454 -0.0133302603
0.0226463359 -0.000375113421
-0.0520192496 -0.0112532889
-0.0466749519 -0.0122806616
-0.0792188421 -0.0540851429
-0.0363707021 0.00448327418
-0.0240608193 -0.0129746608
0.0398643762 -0.0964162499
-0.0420533419 0.00863214396
-0.0545409992 0.0161135513
0.100245826 0.0200045723
-0.0358219892 -0.0347176008
-0.0226246975 -0.0490694419
0.0607159324 0.0641923547
0.0275449213 -0.0286076162
-0.028890539 -0.080200702
-0.0611395612 -0.0401380658
0.0466068499 -0.00161131367
0.0647820905 -0.0173649695
0.0369913578 -0.0354292169
-0.0343369432 -0.0298391301
-0.0445685796 -0.027564276
0.0068832119 -0.0219544489
0.0257773194 0.0498854518
0.0327813588 0.0606070869
-0.0156725943 -0.0229401682
0.0303499959 -0.00160811667
-0.0539189987 0.00857060868
-0.0360972844 0.0332815349
0.051990632 0.0521211959
-0.0115225613 0.0445426255
0.0237163678 0.0495757982
0.0442455225 -0.0104618659
0.0367338061 0.0135678686
0.0253915135 -0.00182225148
-0.0221991185 0.00923973136
-0.078803435 0.0217479616
-0.023265535 -0.0277116727
-0.00590254692 0.0433631055
-0.0395431556 -0.0169423409
0.0590310693 -0.0454804488
-0.00999216177 0.0235108286
-0.045426175 0.0415247828
-0.0606974512 0.0734060854
0.00986697804 0.0116351098
0.0418338962 -0.0652530491
-0.0571662933 0.0017395597
0.0151400166 -0.017682502
-0.0283349715 -0.0087336842
0.0145731848 0.0333526097
-0.00888573658 -0.0451620333
-0.0151818134 0.0191939529
0.048398193 -0.0286208857
-0.0261187777 -0.0615394153
0.0932837278 0.0137592191
0.0465311147 -0.0458964296
-0.0394757017 0.029258687
0.0200733952 -0.0206373278
-0.0499894731 -0.0176491681
-0.0553670228 0.0112041291
0.00663099159 -0.0545447357
0.0253824033 0.0639065355
-0.0079130847 0.0516440608
-0.0039453893 -0.0342451334
0.060442239 -0.048165869
0.0394186862 0.0532176085
0.00549806561 0.0160833225
0.0165710058 -0.060889706
0.0236265305 0.0203080941
-0.0460020676 0.0123971058
-0.0697458535 0.0510061681
-0.024444269 0.0322494879
-0.0154622011 -0.0465895124
0.023400262 0.00261642155
0.0169373527 0.032527063
-0.0124008488 -0.0263901167
0.0589457564 -0.0472929217
0.0375289321 0.0472435728
0.00749283936 0.0705871806
0.09467078 0.00160625658
0.0170858521 0.00105157762
-0.0688844472 0.0207321383
-0.02688119 -0.0128677255
0.00555788539 -0.0383178182
0.0925886855 -0.060350351
0.0107924407 -0.0196966007
-0.0356613249 0.0305200256
0.0200665556 -0.0128367962
0.00885406137 0.0129909851
0.00749506336 0.0540136583
-0.0156416763 -0.0224996228
0.0319564156 -0.0766091868
0.0239960197 0.0208263136
0.00496119447 -0.0123895314
0.0847318843 -0.0504194647
0.0226735286 0.0155106839
-0.0540181249 -0.0436495766
0.0182041619 0.0245110672
0.036380399 0.0650764257
0.0455939658 0.030298667
0.0461890846 -0.0981418788
0.0487654768 0.0401797146
-0.0351041071 0.0777866095
-0.090717487 0.0104782907
-0.0593116395 0.0228414703
0.0186004825 -0.0541961603
-0.0523457378 0.0182996709
-0.0496735051 -0.00992506184
0.0416768268 -0.00232780771
0.0927573591 0.025843896
0.0156040648 0.026003534
-0.0463300347 0.0280729868
-0.00954606943 -0.0618459284
-0.0408038907 0.0511821136
-0.0346028544 0.060557045
-0.00622547604 0.0372334979
0.0364071503 0.0183031056
0.0562367849 -0.00644305907
0.0235492121 0.0266929921
0.00789933838 -0.0222203024
0.0206000004 -0.0142467422
0.0441481173 -0.0386553109
-0.0144452536 -0.0011162213
0.0331681781 -0.00544130802
0.0330584645 -0.0198009703
-0.0429841392 -0.0294797793
0.0166813619 -0.0196037441
0.0215870775 -0.0106215104
-0.00605017319 -0.100344434
0.016762007 0.0108248247
-0.0231641792 0.023675859
0.0174941234 0.023768913
0.0936773643 0.0100431647
0.0328747146 -0.0651969984
-0.0190023743 0.0564168245
-0.00764847174 0.00369271007
-0.0177528188 -0.00544213736
0.0189072303 -0.0158251096
0.0181107633 -0.00595209608
0.0375443473 0.00889977254
-0.0248921514 -0.0295208003
0.00975955836 0.0472222604
0.127085388 0.0370239764
-0.00175019039 0.0330704004
-0.00189141382 -0.00269377395
0.0487457365 0.025399521
0.0203705356 0.00192556554
0.0338589437 -0.00167780486
0.03513797 0.0197135378
-0.0213178787 -0.0494703539
-0.124022916 0.0198880639
0.0128590707 -0.00624549109
0.0929311812 -0.00573275657
-0.0350347012 -0.0113839852
-0.0405415259 -0.0323741585
-0.0140828444 0.0221033636
0.0188316926 0.00894731749
-0.034460552 -0.00940491166
-0.0413401015 -0.0322618149
0.0703050345 0.0478089862
0.00385331013 0.000531198049
-0.0248926189 0.031318143
0.0282645822 0.065873839
-0.016567044 -0.0120036826
0.00898405723 0.0341792703
0.00921206176 -0.00351055618
-0.0407699607 0.0024700833
-0.0604451075 0.0345949009
-0.0414933227 -0.0457945354
0.0431685969 -0.0142066441
0.0248596799 -0.0432815515
0.00114231487 -0.0379294008
0.020710174 0.0645697191
-0.0186195485 -0.045933906
0.0204684678 -0.0415111445
-0.00808917079 0.0427423343
-0.0398532376 -0.0873736218
0.0534434952 0.0134692537
0.0614059009 0.0609603971
0.0837316737 -0.0268963929
0.0859849602 0.017005343
0.00428277487 -0.0244834591
0.00628855871 -0.013753321
0.0087830741 0.00558070745
-0.0163021833 -0.0123204151
-0.0163452607 -0.0440284088
-0.0331712067 0.0318758637
0.0188109223 0.0538337789
0.0248993393 0.0118976971
-0.0313984975 0.0705218911
-0.0017818542 -0.0271857884
-0.0266046729 -0.0330141336
-0.0791369975 -0.0447276607
-0.0100898379 -0.127057567
0.0454815812 -0.0284266844
0.0414806642 0.0396378934
0.0071071228 0.0510820486
-0.00999915693 -0.0154368533
0.0103588691 -0.038718909
-0.0733073801 -0.00282118726
-0.114055075 0.000468898128
-0.0239923205 0.0125711802
0.0143133514 -0.0299982429
0.00862676185 -0.0695989355
0.019250067 -0.0125914346
0.0282117948 -0.00351297157
-0.00539724622 0.0144372517
0.0427034944 0.0573369749
0.0725809708 -0.0533513017
-0.0236816742 0.00302921212
0.062403705 0.0255930237
0.0356539413 -0.071282059
-0.0813523084 0.0241803955
-0.0350547321 0.0322974734
0.0415102094 -0.0407436229
0.0232832897 0.00345172943
-0.0730607808 -0.0199615136
-0.0364622623 -0.104964279
0.0245476849 0.0262292903
0.0468335152 0.083975032
0.0226712991 0.0272750333
0.00417280151 -0.000813713938
0.05685509 -0.0485740863
-0.0435146838 0.00557162426
0.0183591731 -0.0352288596
0.0596629791 0.0155332023
-0.0435349494 0.0525194816
0.0109418491 -0.0416908935
-0.00757050049 -0.00178665062
0.0270186886 -0.0504630469
-0.0174543429 -0.0438237935
0.00817712583 0.0170436427
0.0236572064 0.0300577004
-0.0679457784 0.0238247328
-0.0127566466 -0.0170780029
-0.0442696661 0.075867869
-0.0186081678 0.0774519369
-0.0188052673 -0.00423160568
-0.0691894516 -0.0220824406
-0.0432400927 -0.034106534
-0.0487328656 0.0733008087
-0.0424572118 0.0291011892
-0.080139026 -0.0666996464
0.0244739242 0.0203566961
0.00514863525 -0.00342920772
-0.00915575773 0.0373028591
0.0393591672 0.0640925765
-0.0590214096 0.0181520656
0.0229839813 0.0421897508
0.0121125029 0.0501766317
-0.0220109839 0.0683545247
0.0275502596 -0.0278618839
-0.0586823598 0.00639330223
0.00653294567 0.0521498993
0.0587525591 0.0092050638
-0.0125818942 0.0364169404
0.00195551477 -0.0834542587
0.0195778664 0.02275851
-0.0289683975 0.0101749599
-0.0377508737 -0.0702507198
-0.0242693033 0.00697245775
0.0180630796 -0.0204835106
0.0511780344 0.0789379925
0.0517881513 0.0128791612
0.0195572749 -0.0224494506
-0.042391371 -0.00649650907
-0.0057595768 0.0202063117
-0.0423221327 0.0199671388
-0.0560751893 -0.0891458392
-0.0404904597 0.0515252054
-0.0965821892 0.0665725619
-0.00823739357 0.0340509787
0.0240622684 0.00134991459
-0.0120271025 -0.0723568127
0.0184552167 0.0102323741
0.0822797194 -0.0163541399
0.0293392036 -0.042692896
-0.0154101476 -0.0258786436
0.0628779083 -0.0463465005
0.0134701589 -0.0139671164
-0.0543064699 -0.00185255054
-0.0387275852 -0.0153440228
0.02530233 0.0329380333
0.024807442 0.0240228251
-0.0128062339 0.00763944956
0.0137342187 0.0803301781
0.00641637202 0.000940504717
0.082055673 0.00948478561
0.0529202819 -0.06949763
-0.0259589385 -0.114836454
0.028338857 0.107170925
-0.0127640525 -0.0115771797
-0.076116696 -0.0433710106
-0.0412928462 0.0384007022
-0.0367876403 -0.0326787978
-0.0531000942 -0.0229762588
-0.0322783776 -0.0449770987
0.00182875316 -0.0151974764
-0.00915151369 -0.0347774439
-0.126827627 -0.0494548939
-0.11189568 0.019808542
0.045303572 -0.0102251824
0.0100122271 -0.00163890829
-0.00248741079 -0.0166371651
0.0290076453 -0.0329393297
0.00423107482 -0.0136640491
-0.0124246152 -0.0478260927
-0.0234592967 -0.0143684931
0.0317969806 -0.0163785405
0.019457167 0.00723319734
-0.00638388284 0.0186501406
0.0319376066 -0.0422880799
-0.0503969118 -0.0162060354
-0.0383242108 -0.0575929694
-0.0493389182 -0.0258221421
-0.0434336253 0.0409300141
0.100867018 0.00178403349
0.0156558026 -0.0714188814
-0.0569766387 -0.0196881704
-0.016379388 0.0238383356
-0.00981920771 -0.0348112062
0.00459571369 0.0746563151
-0.0123451799 0.049287416
0.0399448797 -0.0318392739
0.0769725367 0.0789418742
-0.0242486633 -0.00245262287
0.00526150037 0.0205239523
0.0542514436 0.0728678033
0.00376204704 -0.00899217092
0.00576889887 -0.00596329849
0.0579848476 0.0155439414
-0.0361625142 -0.00753664924
-0.0248801783 -0.0283063352
0.0442546643 -0.0613557622
-0.0341767147 -0.021646047
0.0130828144 -0.00153079815
0.0466781631 0.0242144503
-0.0157023538 0.033224903
-0.0174553227 -0.0265005473
0.0245585609 0.0374563858
-0.00119892845 0.0215376262
0.0002743855 -0.0178560559
0.0591923259 -0.0155751556
-0.016258657 -0.00489144074
0.0188572034 0.0157170817
0.097080633 -0.031280905
0.0822013393 0.0321828388
0.00652817776 0.091029048
-0.0541680828 0.0338155068
-0.000177949667 -0.0474832729
-0.0353446081 -0.0505844355
0.0291703995 0.000645401131
0.00890580192 0.0541883558
-0.0587350912 0.0234719943
-0.00207077945 0.00147091213
-0.0252369083 -0.00448360061
0.0498587079 -0.0945112631
0.0455788374 0.0414355844
-0.0461134911 0.0803215206
-0.0908715203 0.0049028974
-0.0601369143 0.0200618282
0.0152856493 -0.0546281673
-0.04490887 0.0262084454
-0.0487954989 -0.00908696
0.0386869609 0.00291808764
0.0941429585 0.0217135362
0.0209436677 0.0203526206
-0.0561323687 0.0260819066
-0.0148713756 -0.0606484413
-0.0433047265 0.0474926978
-0.0293708984 0.0610930435
-0.00650202855 0.0297284387
0.0266107786 0.0143915853
0.0569489636 4.76623209e-05
0.0310451668 0.0201192908
0.00883032102 -0.0175795555
0.0242878348 -0.0161380954
0.0473710746 -0.036560256
-0.0266547985 -0.00195988594
0.0284096822 -0.00285121542
0.033981666 -0.0202784967
-0.0435434468 -0.0307132043
0.0208340902 -0.0273298249
0.0230827108 -0.0177546218
-0.00511014322 -0.0989627019
0.0149878263 0.019587094
-0.018620912 0.0251919832
0.0187214036 0.0266692154
0.00674991356 -0.00379223377
-0.00276934658 0.000442929857
0.00284952251 -0.000280892215
-0.00168681704 0.00275557535
-0.000700745906 -0.00620183721
-0.00239549228 0.0032626777
0.00026700343 0.000629813818
0.00223587267 0.00626325654
-0.00762388622 0.00045717982
0.0070574102 0.0020003668
0.00556041813 0.00519241625
0.00780034857 0.00597912399
0.00287287822 0.0046350495
0.00385314948 0.000467237318
-0.00143339101 -0.00406632805
0.00253053568 0.00412418647
-0.00250413525 -0.00656099524
0.00635406142 -0.000329179049
-1.78118735e-05 0.00230345572
0.00413095858 7.59435352e-05
0.000830601086 -0.00224438333
0.00493253022 0.000426715473
0.00227323105 -0.00548003381
-0.00470094662 0.00128332619
-0.00729172537 0.000841307803
-0.00170193077 -0.00191565219
-0.000768584199 -0.00458397996
-0.00514269853 -0.0056363917
0.00361382682 0.00450343313
0.00395178003 0.000215801905
0.00265045208 -0.00382189103
0.00258877431 -0.00129938067
0.00143315597 -0.000635081029
-0.00303182402 -0.00759355538
0.00195667986 -0.00516872806
-0.00674998667 0.000761431584
0.000609783165 -0.00402778201
0.00328585715 -0.00185223471
-0.00687972736 0.00113698223
0.00767176459 0.000815699867
-0.00354211801 0.00323790242
0.00421200832 -0.000881716551
-0.00102685066 0.00313825184
0.000199949325 -0.00465393672
-0.00253370241 0.00374461873
8.48606214e-05 0.000291019067
-2.66606207e-06 0.00444495352
-0.00227408041 0.000304144603
0.00407953747 -0.00235457998
0.00246564206 -0.000341144507
0.00125536043 -0.000519581197
-0.00423631538 1.92138905e-05
0.00224411837 -0.00174178171
0.00478884531 -0.00846510287
0.00376918167 -0.0113591496
0.00452792831 0.00068643369
0.002100877 0.000907599984
0.00229977793 -0.00475718779
-0.0036798534 -0.00473005604
0.00243386743 -0.00815942604
-0.00115354452 -0.000900996791
-0.0038688709 -0.000564679503
0.00141275988 0.000398542645
0.00135128817 0.00108776742
0.00176050805 -0.0101181353
-0.00307268649 0.00524652842
0.000840788183 -0.00560161564
0.00521537056 0.0011447171
0.00269648759 0.00150315603
0.00142324192 -0.00120695867
0.00145920215 -0.0043929196
-0.00152527541 -0.00205948367
0.00243228744 -0.00229044561
-0.00770215411 -0.00782235712
-0.0042731869 -0.00601305766
-0.00538470503 0.00307746232
-0.00888407975 -0.000998783857
0.00213664467 -0.00458012056
-0.0014029278 0.0025593664
2.42233164e-05 0.00280419085
-0.000149207335 -0.00202231412
-0.00240283622 -0.000475198292
0.00222300948 -0.00445611868
-0.00259683118 0.00540836528
0.00118138397 0.00239301752
-0.000910631788 0.005662499
-0.00403632782 -0.00311216991
0.00163030066 0.0042440407
0.00630969927 0.00117161777
0.00441039866 0.00571395271
0.0058659846 -0.00124575279
-0.00243628793 0.00363402208
0.00648795487 0.00543759763
-0.00688033504 0.00474879611
0.00128923601 0.00488541275
0.00173220923 4.66619567e-05
0.00259308238 0.00157962122
0.00212024059 0.000765653502
-0.000964164501 -0.00487696566
-0.00184599613 -0.00039772637
0.00153664383 0.00289701088
-0.0010430828 0.00260582659
-0.00637200661 0.00241502654
0.00858244579 0.00185369945
-0.0015245243 -0.00285537029
0.00464320136 -0.00350893592
0.000155449408 -0.00115498423
-0.0017453105 0.00330364075
-0.000568494725 -0.00577328494
-0.00115837075 -0.00377453491
-0.00225853827 -0.00197480363
-0.000985345338 0.00467140647
-0.00284271408 0.00093094242
0.00116309931 -0.000997559982
0.000446070975 -0.00362261338
0.000872402452 -0.00101649435
-0.00567837851 0.000602465298
0.00156089524 0.00605683448
0.00642922055 0.000175982088
-0.00434134947 0.000757129514
0.000756819616 0.00595990894
0.00496674748 -0.00213165535
-0.00023453882 -0.000602556102
0.00482872827 0.00140253396
-0.00146899768 -0.00306388666
-0.00855648983 0.0075004464
0.00837008748 0.000404735038
0.00355357327 0.00325272745
-0.00532576581 0.00446016947
-0.000212037732 0.00193019479
-0.000276077131 -0.00647863932
-0.00419457583 0.000588225666
-0.00881649926 0.00239496841
0.0013337346 0.00749883987
0.000962567923 -0.00560745783
-0.0059047332 -0.00787640549
-0.00693011098 0.00416143658
0.00437797327 0.000649531023
0.000863585155 -0.00275567127
-0.0018766867 -0.00540960627
0.00349874236 0.00435320754
0.000139360607 0.00381759671
-0.0053706551 -0.00745663187
7.52806591e-05 -0.000808019016
0.00904830731 0.00158353988
-0.00301022199 -0.00114035187
0.00339829503 0.00395939732
-0.000613639306 0.000136349758
0.00197077356 0.00149807311
0.00114843133 -0.00918913819
0.00324117974 -0.00504500279
0.00452490943 -0.00102385727
-0.000455832051 0.00486154808
0.00615465967 0.00451512309
0.00161432079 0.000806407887
-0.00463051023 -0.00141106849
0.0114800185 0.00328546134
0.00133355602 0.000139065887
-0.00289516849 -0.00294480799
0.00283884956 -0.000920616905
0.00215689465 -0.00148820016
0.00637724297 -0.00762055954
0.0060398723 -0.00361218932
0.00287591177 0.00402679155
0.002239533 -0.00161396386
0.00377200218 0.00280676037
0.00384451053 0.00285007525
0.00337279355 -0.00379155809
0.00346022961 0.00191661168
-0.00245772279 -0.00281916326
0.00421516504 -0.00506778341
0.00452341558 -0.00750906626
0.00436270097 0.00170600729
-0.00232788967 -0.00355972932
0.000160375275 -0.00256689405
-0.00993760675 -0.00412787637
-0.00835685804 0.00457724417
0.000581777538 -0.000611893949
0.0022215324 0.00256283022
-0.00018320026 -0.00206049252
0.00111119112 -0.00118254172
0.00285866391 -0.00331719196
-0.00268581836 0.00181560218
0.00267137331 -0.00496125361
0.00382118393 0.000142613979
-0.00215543364 0.00297096628
0.00393262319 0.00162295171
-0.00196038489 -0.00456089294
0.000720792799 0.000360561011
0.000206710349 -0.00387519691
0.000267292693 0.007228164
-0.00851299148 -0.00110168115
0.00659847585 -0.00117579743
-0.00504235132 -0.000140123913
0.00141472102 0.00319001218
-0.00043855171 0.00168687094
0.000443596364 0.0049325875
-0.00330240093 0.000685050094
-0.00047333297 0.000500644441
0.000450259715 -0.00296045071
