0 0 0 0 -473 74
0 0 1 0 32771 7
0 0 2 0 -23126 -23164
0 0 3 0 -23178 -23178
0 0 4 0 23135 23185
0 0 5 0 23170 23174
0 0 6 0 23169 23151
0 0 7 0 -23189 23157
0 0 8 0 23119 23184
0 0 9 0 -23139 -23199
0 0 10 0 23093 23170
0 0 11 0 23193 23178
0 0 12 0 23171 23213
0 0 13 0 -23156 -23192
0 0 14 0 23201 23219
0 0 15 0 23166 23161
0 0 16 0 -23119 -23184
0 0 17 0 -23184 23153
0 0 18 0 -23215 23193
0 0 19 0 -23159 -23171
0 0 20 0 -23204 23166
0 0 21 0 23156 23181
0 0 22 0 23177 23188
0 0 23 0 -23125 23103
0 0 24 0 -23146 -23175
0 0 25 0 -23149 23168
0 0 26 0 23177 -23188
0 0 27 0 -23156 23158
0 0 28 0 23164 -23170
0 0 29 0 -23155 23127
0 0 30 0 23191 23165
0 0 31 0 23196 -23187
0 0 32 0 -23139 23142
0 0 33 0 32760 11
0 0 34 0 23176 -23166
0 0 35 0 23156 23162
0 0 36 0 23151 23156
0 0 37 0 23115 23156
0 0 38 0 23156 23171
0 0 39 0 23144 23171
0 0 40 0 23173 -23143
0 0 41 0 -23140 -23169
0 0 42 0 -23209 23147
0 0 43 0 -23173 23149
0 0 44 0 23212 -23155
0 0 45 0 23148 23193
0 0 46 0 23190 23160
0 0 47 0 23206 -23146
0 0 48 0 23164 -23171
0 0 49 0 -23174 -23143
0 0 50 0 23199 -23139
0 0 51 0 -23149 -23183
0 0 52 0 23186 -23165
0 0 53 0 23146 23171
0 0 54 0 -23182 23165
0 0 55 0 -23173 -23213
0 0 56 0 23159 -23153
0 0 57 0 23165 -23146
0 0 58 0 23146 -23128
0 0 59 0 -23135 -23220
0 0 60 0 -23160 23143
0 0 61 0 -23177 23178
0 0 62 0 23158 23180
0 0 63 0 23204 -23174
0 0 64 0 23181 -23180
0 0 65 0 32794 -5
0 0 66 0 23199 -23166
0 0 67 0 -23171 -23187
0 0 68 0 -23174 -23167
0 0 69 0 -23156 -23140
0 0 70 0 -23160 23152
0 0 71 0 23156 23163
0 0 72 0 23177 -23205
0 0 73 0 -23206 23166
0 0 74 0 -23176 23160
0 0 75 0 -23203 23179
0 0 76 0 23192 23195
0 0 77 0 -23180 23165
0 0 78 0 -23158 -23170
0 0 79 0 -23150 -23177
0 0 80 0 -23209 -23168
0 0 81 0 23154 -23150
0 0 82 0 23160 23178
0 0 83 0 23160 23180
0 0 84 0 -23145 -23209
0 0 85 0 -23156 23187
0 0 86 0 23178 23150
0 0 87 0 -23178 -23182
0 0 88 0 -23174 23157
0 0 89 0 -23182 -23167
0 0 90 0 23157 23197
0 0 91 0 -23150 23143
0 0 92 0 23157 23126
0 0 93 0 23173 23201
0 0 94 0 23141 23192
0 0 95 0 -23151 -23161
0 0 96 0 23179 23201
0 0 97 0 32782 -11
0 0 98 0 -23158 -23145
0 0 99 0 -23167 23197
0 0 100 0 -23183 23135
0 0 101 0 23158 -23172
0 0 102 0 23173 23193
0 0 103 0 -23156 23167
0 0 104 0 -23155 -23188
0 0 105 0 23188 23156
0 0 106 0 23151 23137
0 0 107 0 -23164 23163
0 0 108 0 -23192 23147
0 0 109 0 -23181 -23190
0 0 110 0 -23184 23157
0 0 111 0 23177 23175
0 0 112 0 -23156 -23181
0 0 113 0 -7 -30
0 0 114 0 -10 15
0 0 115 0 4 -12
0 0 116 0 -9 21
0 0 117 0 4 2
0 0 118 0 -7 -14
0 0 119 0 -18 -13
0 0 120 0 -12 -2
0 0 121 0 -29 4
0 0 122 0 21 3
0 0 123 0 -16 0
0 0 124 0 -26 10
0 0 125 0 -13 -2
0 0 126 0 -17 17
0 0 127 0 15 23
0 0 128 0 -8 -14
0 0 129 0 -45 -16
0 0 130 0 -27 -7
0 0 131 0 24 38
0 0 132 0 3 -25
0 0 133 0 1 -8
0 0 134 0 7 -13
0 0 135 0 7 34
0 0 136 0 21 -9
0 0 137 0 -1 -7
0 0 138 0 -28 2
0 0 139 0 12 33
0 0 140 0 -48 10
0 0 141 0 -15 12
0 0 142 0 -17 -2
0 0 143 0 24 0
0 0 144 0 -23212 23142
0 0 145 0 23233 -23183
0 0 146 0 23167 23180
0 0 147 0 23178 -23165
0 0 148 0 -23175 -23145
0 0 149 0 -23169 23183
0 0 150 0 23197 -23151
0 0 151 0 -23174 -23194
0 0 152 0 23147 23212
0 0 153 0 -23191 -23191
0 0 154 0 23157 23193
0 0 155 0 23203 23165
0 0 156 0 -23152 23139
0 0 157 0 -23136 23186
0 0 158 0 23113 23200
0 0 159 0 32760 -2
0 0 160 0 23169 -23150
0 0 161 0 23177 -23153
0 0 162 0 -23178 -23189
0 0 163 0 23170 23211
0 0 164 0 -23162 -23158
0 0 165 0 -23151 23144
0 0 166 0 23153 23188
0 0 167 0 23170 23187
0 0 168 0 23152 23166
0 0 169 0 -23169 -23165
0 0 170 0 23181 -23194
0 0 171 0 23155 -23190
0 0 172 0 -23140 -23214
0 0 173 0 -23154 23147
0 0 174 0 23174 -23151
0 0 175 0 -23189 23146
0 0 176 0 23172 -23183
0 0 177 0 -23173 23150
0 0 178 0 -23175 23146
0 0 179 0 -23128 -23154
0 0 180 0 23203 -23214
0 0 181 0 23150 -23179
0 0 182 0 23152 23162
0 0 183 0 -23166 -23167
0 0 184 0 23161 23142
0 0 185 0 -23148 23161
0 0 186 0 23162 23140
0 0 187 0 23176 -23120
0 0 188 0 -23180 23166
0 0 189 0 -23169 -23145
0 0 190 0 23197 -23169
0 0 191 0 32781 6
0 0 192 0 23197 -23148
0 0 193 0 -23161 -23170
0 0 194 0 23193 23191
0 0 195 0 23149 23175
0 0 196 0 -23155 23156
0 0 197 0 23196 23203
0 0 198 0 23162 23160
0 0 199 0 23143 -23166
0 0 200 0 -23154 -23202
0 0 201 0 -23143 -23168
0 0 202 0 -23161 -23183
0 0 203 0 23147 -23162
0 0 204 0 23155 23154
0 0 205 0 -23190 23155
0 0 206 0 -23184 23189
0 0 207 0 23166 23163
0 0 208 0 23201 -23141
0 0 209 0 -23182 23149
0 0 210 0 23177 -23163
0 0 211 0 -23184 23165
0 0 212 0 -23142 23165
0 0 213 0 -23168 -23189
0 0 214 0 -23161 23158
0 0 215 0 23143 23181
0 0 216 0 -23144 23144
0 0 217 0 23162 23194
0 0 218 0 -23165 -23179
0 0 219 0 -23177 23159
0 0 220 0 23144 23176
0 0 221 0 23157 23145
0 0 222 0 23145 -23126
0 0 223 0 32773 23
0 0 224 0 -23169 -23165
0 0 225 0 23160 23166
0 0 226 0 23168 -23146
0 0 227 0 -23176 -23178
0 0 228 0 -23180 -23181
0 0 229 0 23184 -23182
0 0 230 0 23155 -23196
0 0 231 0 -23174 23181
0 0 232 0 23192 23143
0 0 233 0 -23170 -23189
0 0 234 0 -23216 23183
0 0 235 0 23167 -23135
0 0 236 0 23167 -23165
0 0 237 0 -23178 23167
0 0 238 0 23178 -23155
0 0 239 0 -23153 -23178
0 0 240 0 23175 23167
0 0 241 0 -23205 23155
0 0 242 0 -23172 23168
0 0 243 0 23165 23217
0 0 244 0 23164 23151
0 0 245 0 -23179 -23166
0 0 246 0 -23203 23153
0 0 247 0 23168 23195
0 0 248 0 23185 23187
0 0 249 0 23188 -23140
0 0 250 0 23177 23185
0 0 251 0 -23149 -23159
0 0 252 0 -23143 23131
0 0 253 0 23189 -23143
0 0 254 0 23156 23184
0 0 255 0 32762 -1
0 1 0 1 -478 67
0 1 1 1 32759 -16
0 1 2 1 -32722 -18
0 1 3 1 -32768 -14
0 1 4 1 32778 -21
0 1 5 1 32788 18
0 1 6 1 32780 1
0 1 7 1 -32786 -16
0 1 8 1 -32785 0
0 1 9 1 -32730 -18
0 1 10 1 32746 21
0 1 11 1 -32761 1
0 1 12 1 -32779 16
0 1 13 1 32797 33
0 1 14 1 -32746 -7
0 1 15 1 -32760 -21
0 1 16 1 -32797 -23
0 1 17 1 -32759 -42
0 1 18 1 32798 6
0 1 19 1 32769 4
0 1 20 1 32776 30
0 1 21 1 -32729 -8
0 1 22 1 32762 37
0 1 23 1 -32803 -1
0 1 24 1 32728 -22
0 1 25 1 -32754 -14
0 1 26 1 32806 22
0 1 27 1 32777 1
0 1 28 1 32760 6
0 1 29 1 32769 28
0 1 30 1 -32770 -17
0 1 31 1 32771 12
0 1 32 1 -32755 10
0 1 33 1 32790 5
0 1 34 1 -32777 -8
0 1 35 1 32789 25
0 1 36 1 32758 0
0 1 37 1 32773 -17
0 1 38 1 -32777 3
0 1 39 1 -32782 -15
0 1 40 1 -32788 -26
0 1 41 1 -32749 -11
0 1 42 1 -32765 -36
0 1 43 1 32752 39
0 1 44 1 -32764 21
0 1 45 1 -32779 -2
0 1 46 1 32774 22
0 1 47 1 32754 -2
0 1 48 1 -32737 -24
0 1 49 1 -32767 8
0 1 50 1 -32781 1
0 1 51 1 32766 51
0 1 52 1 -32773 -14
0 1 53 1 32792 15
0 1 54 1 -32761 6
0 1 55 1 -32754 -14
0 1 56 1 32762 40
0 1 57 1 -32781 -20
0 1 58 1 32774 23
0 1 59 1 -32758 -6
0 1 60 1 32795 12
0 1 61 1 32757 7
0 1 62 1 32751 16
0 1 63 1 32744 -19
0 1 64 1 -32790 -9
0 1 65 1 32762 21
0 1 66 1 32749 9
0 1 67 1 32756 15
0 1 68 1 32757 -1
0 1 69 1 -32746 -9
0 1 70 1 32797 -8
0 1 71 1 -32782 -5
0 1 72 1 32767 18
0 1 73 1 -32775 24
0 1 74 1 -32791 32
0 1 75 1 -32768 23
0 1 76 1 32758 24
0 1 77 1 32750 4
0 1 78 1 -32767 -30
0 1 79 1 32750 4
0 1 80 1 32729 4
0 1 81 1 32762 31
0 1 82 1 -32781 6
0 1 83 1 32752 34
0 1 84 1 -32777 -7
0 1 85 1 32766 -15
0 1 86 1 -32747 -6
0 1 87 1 -32775 28
0 1 88 1 -32812 -23
0 1 89 1 -32765 -1
0 1 90 1 -32737 -24
0 1 91 1 -32785 -21
0 1 92 1 32732 -14
0 1 93 1 -32751 8
0 1 94 1 32762 -3
0 1 95 1 32789 -4
0 1 96 1 -32752 -17
0 1 97 1 32730 10
0 1 98 1 32761 14
0 1 99 1 32788 29
0 1 100 1 32750 44
0 1 101 1 32748 15
0 1 102 1 32750 19
0 1 103 1 32772 11
0 1 104 1 32751 -2
0 1 105 1 32753 13
0 1 106 1 -32778 -39
0 1 107 1 -32773 12
0 1 108 1 -32753 -14
0 1 109 1 -32779 -6
0 1 110 1 32763 17
0 1 111 1 -32755 -10
0 1 112 1 32741 6
0 1 113 1 -4 5
0 1 114 1 -20 32
0 1 115 1 -39 -14
0 1 116 1 -2 -17
0 1 117 1 11 42
0 1 118 1 9 12
0 1 119 1 -26 -27
0 1 120 1 -11 -7
0 1 121 1 14 11
0 1 122 1 15 6
0 1 123 1 -32 -28
0 1 124 1 -8 -23
0 1 125 1 -32 15
0 1 126 1 13 29
0 1 127 1 31 -6
0 1 128 1 -7 25
0 1 129 1 -27 -21
0 1 130 1 6 7
0 1 131 1 -21 -3
0 1 132 1 -27 8
0 1 133 1 2 11
0 1 134 1 -13 15
0 1 135 1 55 -45
0 1 136 1 -27 -4
0 1 137 1 -27 -13
0 1 138 1 -18 -48
0 1 139 1 -6 -7
0 1 140 1 12 23
0 1 141 1 -4 2
0 1 142 1 45 -12
0 1 143 1 26 -14
0 1 144 1 -32760 -15
0 1 145 1 -32761 -20
0 1 146 1 -32767 -20
0 1 147 1 -32774 -52
0 1 148 1 32780 37
0 1 149 1 -32780 -26
0 1 150 1 -32738 2
0 1 151 1 -32765 15
0 1 152 1 32765 18
0 1 153 1 32742 -6
0 1 154 1 -32768 -3
0 1 155 1 32763 36
0 1 156 1 -32761 -6
0 1 157 1 -32758 -12
0 1 158 1 32768 51
0 1 159 1 32780 1
0 1 160 1 32759 11
0 1 161 1 32741 -2
0 1 162 1 32769 -13
0 1 163 1 -32747 -23
0 1 164 1 32748 -18
0 1 165 1 32754 -5
0 1 166 1 -32778 13
0 1 167 1 -32749 -31
0 1 168 1 32778 2
0 1 169 1 -32777 -22
0 1 170 1 -32783 -34
0 1 171 1 32747 11
0 1 172 1 -32745 -20
0 1 173 1 -32734 -15
0 1 174 1 -32800 3
0 1 175 1 32766 -1
0 1 176 1 -32772 18
0 1 177 1 32802 -17
0 1 178 1 32751 -16
0 1 179 1 32787 15
0 1 180 1 -32816 -33
0 1 181 1 32735 30
0 1 182 1 32797 19
0 1 183 1 -32778 -19
0 1 184 1 -32783 -21
0 1 185 1 -32769 -8
0 1 186 1 -32772 -23
0 1 187 1 32786 29
0 1 188 1 -32771 -5
0 1 189 1 32725 -12
0 1 190 1 32770 24
0 1 191 1 32746 2
0 1 192 1 -32768 0
0 1 193 1 32787 22
0 1 194 1 -32787 -7
0 1 195 1 32771 -17
0 1 196 1 32763 20
0 1 197 1 32744 20
0 1 198 1 -32777 12
0 1 199 1 -32761 -4
0 1 200 1 -32782 -38
0 1 201 1 32790 30
0 1 202 1 32762 3
0 1 203 1 -32748 -30
0 1 204 1 32738 3
0 1 205 1 -32745 -34
0 1 206 1 -32787 0
0 1 207 1 32738 -8
0 1 208 1 -32795 -13
0 1 209 1 -32733 42
0 1 210 1 32780 35
0 1 211 1 -32707 -23
0 1 212 1 -32758 -24
0 1 213 1 32752 14
0 1 214 1 32768 16
0 1 215 1 -32788 20
0 1 216 1 -32782 -8
0 1 217 1 32779 -1
0 1 218 1 -32737 -40
0 1 219 1 32761 5
0 1 220 1 -32778 -54
0 1 221 1 32777 38
0 1 222 1 32767 24
0 1 223 1 32758 14
0 1 224 1 -32775 -48
0 1 225 1 32754 14
0 1 226 1 -32796 0
0 1 227 1 -32747 -25
0 1 228 1 -32757 -33
0 1 229 1 -32745 -3
0 1 230 1 -32756 -18
0 1 231 1 -32754 8
0 1 232 1 -32777 -37
0 1 233 1 -32765 13
0 1 234 1 32780 26
0 1 235 1 -32795 -35
0 1 236 1 32748 34
0 1 237 1 32764 20
0 1 238 1 -32763 -20
0 1 239 1 32784 12
0 1 240 1 -32759 -8
0 1 241 1 32803 -8
0 1 242 1 -32779 1
0 1 243 1 32780 -3
0 1 244 1 32757 29
0 1 245 1 -32776 -14
0 1 246 1 32769 28
0 1 247 1 32767 -4
0 1 248 1 -32794 -63
0 1 249 1 32767 -10
0 1 250 1 32694 -11
0 1 251 1 -32791 -26
0 1 252 1 -32799 -4
0 1 253 1 -32770 -11
0 1 254 1 32764 34
0 1 255 1 32739 10
0 2 0 1 -489 95
0 2 1 1 32792 -5
0 2 2 1 32758 53
0 2 3 1 32755 22
0 2 4 1 -32728 13
0 2 5 1 -32772 25
0 2 6 1 32754 55
0 2 7 1 -32752 -10
0 2 8 1 -32799 -12
0 2 9 1 -32758 25
0 2 10 1 -32769 -10
0 2 11 1 32780 13
0 2 12 1 32780 -3
0 2 13 1 32739 -7
0 2 14 1 -32763 -26
0 2 15 1 -32727 -8
0 2 16 1 32747 -11
0 2 17 1 -32753 30
0 2 18 1 32754 32
0 2 19 1 32781 -7
0 2 20 1 32752 28
0 2 21 1 -32779 3
0 2 22 1 -32758 11
0 2 23 1 -32762 -20
0 2 24 1 -32752 -23
0 2 25 1 32784 13
0 2 26 1 32784 13
0 2 27 1 -32817 12
0 2 28 1 32800 -16
0 2 29 1 -32777 1
0 2 30 1 -32739 -10
0 2 31 1 32768 -21
0 2 32 1 -32780 16
0 2 33 1 32743 -11
0 2 34 1 -32761 -18
0 2 35 1 -32749 5
0 2 36 1 -32780 -9
0 2 37 1 32745 -30
0 2 38 1 32736 0
0 2 39 1 -32795 -54
0 2 40 1 32753 27
0 2 41 1 -32767 0
0 2 42 1 32756 16
0 2 43 1 -32793 -27
0 2 44 1 32767 2
0 2 45 1 32757 -16
0 2 46 1 -32804 37
0 2 47 1 32767 -30
0 2 48 1 -32773 -19
0 2 49 1 -32768 5
0 2 50 1 -32763 -60
0 2 51 1 -32784 -8
0 2 52 1 -32749 5
0 2 53 1 32762 33
0 2 54 1 32748 -1
0 2 55 1 -32765 -24
0 2 56 1 32769 -15
0 2 57 1 -32773 35
0 2 58 1 -32759 1
0 2 59 1 -32740 -31
0 2 60 1 -32799 -28
0 2 61 1 -32706 -19
0 2 62 1 32755 0
0 2 63 1 -32768 -10
0 2 64 1 -32760 3
0 2 65 1 32780 20
0 2 66 1 32747 -4
0 2 67 1 32785 21
0 2 68 1 32730 28
0 2 69 1 32751 9
0 2 70 1 -32764 -22
0 2 71 1 -32786 1
0 2 72 1 32743 12
0 2 73 1 32762 0
0 2 74 1 -32787 -16
0 2 75 1 32788 -8
0 2 76 1 -32768 4
0 2 77 1 32765 -10
0 2 78 1 32748 39
0 2 79 1 32728 19
0 2 80 1 -32784 -2
0 2 81 1 32778 -28
0 2 82 1 -32747 -19
0 2 83 1 32790 28
0 2 84 1 32778 8
0 2 85 1 -32750 -39
0 2 86 1 -32760 -3
0 2 87 1 -32768 -32
0 2 88 1 -32778 0
0 2 89 1 -32763 15
0 2 90 1 -32771 -12
0 2 91 1 -32750 -6
0 2 92 1 -32778 -1
0 2 93 1 -32761 17
0 2 94 1 32780 35
0 2 95 1 32776 20
0 2 96 1 32730 24
0 2 97 1 32790 7
0 2 98 1 -32763 -26
0 2 99 1 32786 14
0 2 100 1 32738 9
0 2 101 1 -32810 5
0 2 102 1 32708 23
0 2 103 1 32798 19
0 2 104 1 -32770 21
0 2 105 1 -32774 -34
0 2 106 1 -32757 -15
0 2 107 1 -32777 7
0 2 108 1 32800 -24
0 2 109 1 -32740 -43
0 2 110 1 32741 29
0 2 111 1 32774 12
0 2 112 1 -32764 9
0 2 113 1 5 -26
0 2 114 1 7 12
0 2 115 1 -24 -26
0 2 116 1 -5 -36
0 2 117 1 4 10
0 2 118 1 -8 4
0 2 119 1 -1 13
0 2 120 1 -4 21
0 2 121 1 0 -20
0 2 122 1 7 25
0 2 123 1 19 -36
0 2 124 1 -1 26
0 2 125 1 18 -43
0 2 126 1 2 -12
0 2 127 1 51 4
0 2 128 1 17 10
0 2 129 1 -10 -1
0 2 130 1 -7 -7
0 2 131 1 6 -24
0 2 132 1 -28 10
0 2 133 1 5 -22
0 2 134 1 -6 35
0 2 135 1 23 2
0 2 136 1 1 -10
0 2 137 1 23 27
0 2 138 1 0 -14
0 2 139 1 3 11
0 2 140 1 -7 13
0 2 141 1 26 8
0 2 142 1 2 3
0 2 143 1 7 -25
0 2 144 1 32751 -1
0 2 145 1 -32763 -6
0 2 146 1 -32723 17
0 2 147 1 32780 2
0 2 148 1 32738 31
0 2 149 1 -32787 -4
0 2 150 1 -32760 -26
0 2 151 1 -32750 -9
0 2 152 1 32755 14
0 2 153 1 32795 33
0 2 154 1 32782 27
0 2 155 1 32776 2
0 2 156 1 -32787 -17
0 2 157 1 32765 -5
0 2 158 1 32786 3
0 2 159 1 32766 -1
0 2 160 1 -32759 1
0 2 161 1 -32761 20
0 2 162 1 32756 21
0 2 163 1 32778 -4
0 2 164 1 -32798 10
0 2 165 1 -32773 -78
0 2 166 1 32762 5
0 2 167 1 -32826 -13
0 2 168 1 -32777 -24
0 2 169 1 32730 -4
0 2 170 1 -32798 -37
0 2 171 1 -32725 1
0 2 172 1 32761 11
0 2 173 1 -32788 -21
0 2 174 1 -32780 -19
0 2 175 1 32769 36
0 2 176 1 -32766 12
0 2 177 1 32799 7
0 2 178 1 -32767 -22
0 2 179 1 32763 -5
0 2 180 1 -32756 -4
0 2 181 1 -32769 -28
0 2 182 1 -32768 -7
0 2 183 1 -32783 19
0 2 184 1 32755 -11
0 2 185 1 -32768 -18
0 2 186 1 -32778 -19
0 2 187 1 32743 14
0 2 188 1 -32785 -51
0 2 189 1 -32782 1
0 2 190 1 32788 52
0 2 191 1 32766 0
0 2 192 1 -32796 -14
0 2 193 1 -32771 10
0 2 194 1 -32740 -15
0 2 195 1 -32759 3
0 2 196 1 32781 -6
0 2 197 1 32773 -8
0 2 198 1 32774 5
0 2 199 1 -32750 15
0 2 200 1 32746 22
0 2 201 1 -32759 -13
0 2 202 1 -32785 -2
0 2 203 1 32767 1
0 2 204 1 -32766 -11
0 2 205 1 32734 1
0 2 206 1 -32747 -34
0 2 207 1 -32741 -24
0 2 208 1 -32790 0
0 2 209 1 32735 -25
0 2 210 1 -32751 -7
0 2 211 1 32784 8
0 2 212 1 -32776 -25
0 2 213 1 32750 25
0 2 214 1 32755 6
0 2 215 1 32765 17
0 2 216 1 -32779 -12
0 2 217 1 -32783 34
0 2 218 1 -32737 -32
0 2 219 1 -32767 10
0 2 220 1 -32784 9
0 2 221 1 32775 33
0 2 222 1 32762 26
0 2 223 1 32749 10
0 2 224 1 -32746 -18
0 2 225 1 32763 22
0 2 226 1 32726 -19
0 2 227 1 -32782 -24
0 2 228 1 32754 22
0 2 229 1 -32753 -9
0 2 230 1 -32802 0
0 2 231 1 -32743 -1
0 2 232 1 -32761 -12
0 2 233 1 -32812 -13
0 2 234 1 32741 17
0 2 235 1 32759 15
0 2 236 1 -32828 -13
0 2 237 1 32788 8
0 2 238 1 -32749 16
0 2 239 1 32731 8
0 2 240 1 32764 -11
0 2 241 1 32727 38
0 2 242 1 -32764 -33
0 2 243 1 32783 -10
0 2 244 1 32758 24
0 2 245 1 32772 7
0 2 246 1 32748 19
0 2 247 1 32760 -16
0 2 248 1 -32748 -28
0 2 249 1 32742 8
0 2 250 1 32765 29
0 2 251 1 32778 38
0 2 252 1 -32801 -9
0 2 253 1 -32750 -16
0 2 254 1 -32796 -55
0 2 255 1 32778 27
0 3 0 2 -448 96
0 3 1 2 32770 30
0 3 2 2 23160 23151
0 3 3 2 23162 -23175
0 3 4 2 -23139 -23192
0 3 5 2 23148 -23170
0 3 6 2 23158 -23127
0 3 7 2 23162 23170
0 3 8 2 -23176 -23180
0 3 9 2 23164 23192
0 3 10 2 23159 -23172
0 3 11 2 -23141 -23165
0 3 12 2 23122 23156
0 3 13 2 -23174 -23134
0 3 14 2 23188 -23165
0 3 15 2 -23165 23167
0 3 16 2 23145 -23181
0 3 17 2 23150 -23157
0 3 18 2 -23153 23182
0 3 19 2 -23189 -23163
0 3 20 2 23142 23177
0 3 21 2 23170 -23193
0 3 22 2 23169 -23160
0 3 23 2 23143 23166
0 3 24 2 -23225 23184
0 3 25 2 23186 -23162
0 3 26 2 23192 -23171
0 3 27 2 23159 23157
0 3 28 2 -23142 23178
0 3 29 2 23146 23134
0 3 30 2 23165 -23178
0 3 31 2 -23170 -23198
0 3 32 2 -23147 -23161
0 3 33 2 32749 20
0 3 34 2 23207 -23158
0 3 35 2 23139 23155
0 3 36 2 -23188 -23200
0 3 37 2 23160 -23166
0 3 38 2 -23176 23156
0 3 39 2 -23172 23202
0 3 40 2 23151 23186
0 3 41 2 -23159 -23170
0 3 42 2 23118 23195
0 3 43 2 23151 -23158
0 3 44 2 23177 23182
0 3 45 2 23140 23216
0 3 46 2 -23169 23184
0 3 47 2 23158 -23178
0 3 48 2 -23155 -23205
0 3 49 2 -23174 23173
0 3 50 2 -23176 23137
0 3 51 2 -23125 -23175
0 3 52 2 23170 23193
0 3 53 2 23186 23191
0 3 54 2 -23153 -23171
0 3 55 2 23157 -23181
0 3 56 2 23187 23189
0 3 57 2 23169 23161
0 3 58 2 -23184 23150
0 3 59 2 23221 -23149
0 3 60 2 -23146 -23173
0 3 61 2 23165 -23145
0 3 62 2 23175 -23148
0 3 63 2 23173 -23162
0 3 64 2 23157 -23165
0 3 65 2 32775 43
0 3 66 2 23178 -23161
0 3 67 2 23203 -23166
0 3 68 2 23190 -23154
0 3 69 2 23169 -23201
0 3 70 2 23156 23192
0 3 71 2 -23179 23177
0 3 72 2 23142 23191
0 3 73 2 23168 23215
0 3 74 2 -23189 -23179
0 3 75 2 23199 -23191
0 3 76 2 -23211 23150
0 3 77 2 -23171 -23166
0 3 78 2 23162 -23138
0 3 79 2 23214 -23118
0 3 80 2 -23156 23201
0 3 81 2 -23203 23144
0 3 82 2 23144 23165
0 3 83 2 23157 23194
0 3 84 2 -23193 -23172
0 3 85 2 -23182 23163
0 3 86 2 23142 23182
0 3 87 2 -23175 -23182
0 3 88 2 23173 -23149
0 3 89 2 -23182 -23168
0 3 90 2 -23178 -23203
0 3 91 2 23192 -23183
0 3 92 2 -23150 -23193
0 3 93 2 23179 23164
0 3 94 2 -23205 23150
0 3 95 2 23198 -23194
0 3 96 2 -23176 -23195
0 3 97 2 32771 56
0 3 98 2 -23170 23158
0 3 99 2 -23181 23160
0 3 100 2 23181 23181
0 3 101 2 23145 -23160
0 3 102 2 -23213 23176
0 3 103 2 -23187 -23179
0 3 104 2 23138 23172
0 3 105 2 23182 23150
0 3 106 2 -23143 23133
0 3 107 2 -23174 -23162
0 3 108 2 23217 -23186
0 3 109 2 -23177 -23155
0 3 110 2 23214 -23183
0 3 111 2 -23195 23203
0 3 112 2 23164 -23157
0 3 113 2 39 -12
0 3 114 2 -26 -14
0 3 115 2 -29 1
0 3 116 2 26 1
0 3 117 2 -1 -32
0 3 118 2 4 0
0 3 119 2 5 -25
0 3 120 2 -4 8
0 3 121 2 -20 9
0 3 122 2 -27 -12
0 3 123 2 -7 -3
0 3 124 2 15 10
0 3 125 2 0 29
0 3 126 2 5 12
0 3 127 2 18 -3
0 3 128 2 20 2
0 3 129 2 -23 -24
0 3 130 2 -17 10
0 3 131 2 6 19
0 3 132 2 2 2
0 3 133 2 28 11
0 3 134 2 -22 4
0 3 135 2 15 -20
0 3 136 2 14 7
0 3 137 2 20 18
0 3 138 2 0 -16
0 3 139 2 22 3
0 3 140 2 -23 30
0 3 141 2 -4 18
0 3 142 2 5 -9
0 3 143 2 12 -4
0 3 144 2 -23169 -23163
0 3 145 2 -23168 23173
0 3 146 2 -23175 -23173
0 3 147 2 23181 -23160
0 3 148 2 23171 -23164
0 3 149 2 23185 -23130
0 3 150 2 23165 -23196
0 3 151 2 -23177 23174
0 3 152 2 -23161 23192
0 3 153 2 -23128 -23147
0 3 154 2 23169 23201
0 3 155 2 23174 23147
0 3 156 2 23173 -23120
0 3 157 2 -23171 -23166
0 3 158 2 -23113 -23144
0 3 159 2 32776 -3
0 3 160 2 23205 -23162
0 3 161 2 -23131 -23183
0 3 162 2 23185 23171
0 3 163 2 -23178 23147
0 3 164 2 23161 -23158
0 3 165 2 -23149 -23136
0 3 166 2 -23165 23169
0 3 167 2 -23154 -23151
0 3 168 2 -23149 -23176
0 3 169 2 -23155 -23194
0 3 170 2 23140 -23190
0 3 171 2 23176 23184
0 3 172 2 23198 -23195
0 3 173 2 23125 23147
0 3 174 2 23118 23196
0 3 175 2 -23160 -23180
0 3 176 2 23174 23167
0 3 177 2 23185 23175
0 3 178 2 -23186 23170
0 3 179 2 23177 23150
0 3 180 2 -23202 23155
0 3 181 2 -23188 -23168
0 3 182 2 23183 -23141
0 3 183 2 -23177 23173
0 3 184 2 -23133 -23146
0 3 185 2 23151 23168
0 3 186 2 -23174 23144
0 3 187 2 -23156 23132
0 3 188 2 -23175 23138
0 3 189 2 -23166 23161
0 3 190 2 23166 23177
0 3 191 2 32752 1
0 3 192 2 -23153 -23165
0 3 193 2 23178 23191
0 3 194 2 -23177 -23175
0 3 195 2 23161 23189
0 3 196 2 -23169 -23216
0 3 197 2 -23183 -23201
0 3 198 2 23158 -23174
0 3 199 2 23183 -23163
0 3 200 2 23183 23140
0 3 201 2 23153 23184
0 3 202 2 -23182 -23175
0 3 203 2 23175 -23127
0 3 204 2 23152 23209
0 3 205 2 23172 -23180
0 3 206 2 23199 23201
0 3 207 2 -23165 -23157
0 3 208 2 23191 -23164
0 3 209 2 23152 23200
0 3 210 2 -23181 -23181
0 3 211 2 23152 -23141
0 3 212 2 23182 -23194
0 3 213 2 -23164 23133
0 3 214 2 -23181 23143
0 3 215 2 -23153 23164
0 3 216 2 23161 23200
0 3 217 2 23165 23168
0 3 218 2 23175 23202
0 3 219 2 -23152 -23147
0 3 220 2 23123 23171
0 3 221 2 -23173 23167
0 3 222 2 -23166 23144
0 3 223 2 32747 23
0 3 224 2 23166 23175
0 3 225 2 -23169 -23193
0 3 226 2 23166 23189
0 3 227 2 23221 -23144
0 3 228 2 -23185 23136
0 3 229 2 -23138 23158
0 3 230 2 23188 -23177
0 3 231 2 -23176 23173
0 3 232 2 23198 -23165
0 3 233 2 -23151 -23172
0 3 234 2 -23175 23140
0 3 235 2 -23153 -23189
0 3 236 2 23196 -23115
0 3 237 2 -23207 -23202
0 3 238 2 23163 -23172
0 3 239 2 -23179 23173
0 3 240 2 23164 23167
0 3 241 2 23180 -23159
0 3 242 2 23168 23182
0 3 243 2 23177 -23163
0 3 244 2 -23183 23142
0 3 245 2 23161 23166
0 3 246 2 -23180 -23204
0 3 247 2 -23170 23178
0 3 248 2 -23165 23144
0 3 249 2 23172 23188
0 3 250 2 23157 23178
0 3 251 2 23148 -23139
0 3 252 2 23143 23186
0 3 253 2 23166 23182
0 3 254 2 -23199 23127
0 3 255 2 32766 8
0 4 0 2 -489 109
0 4 1 2 32755 39
0 4 2 2 -23189 23181
0 4 3 2 -23147 -23170
0 4 4 2 23151 23189
0 4 5 2 -23142 -23190
0 4 6 2 -23177 -23199
0 4 7 2 23164 -23142
0 4 8 2 23184 -23173
0 4 9 2 -23150 23167
0 4 10 2 23192 -23180
0 4 11 2 23190 23198
0 4 12 2 -23161 23159
0 4 13 2 -23169 -23173
0 4 14 2 23184 23203
0 4 15 2 23171 -23179
0 4 16 2 -23146 -23142
0 4 17 2 23136 -23165
0 4 18 2 -23170 -23180
0 4 19 2 -23182 -23200
0 4 20 2 -23181 23152
0 4 21 2 23180 23147
0 4 22 2 23181 -23156
0 4 23 2 -23166 -23207
0 4 24 2 23173 23193
0 4 25 2 -23157 -23195
0 4 26 2 23204 -23163
0 4 27 2 -23158 -23184
0 4 28 2 23141 23175
0 4 29 2 23163 23202
0 4 30 2 23171 23193
0 4 31 2 -23156 -23182
0 4 32 2 23164 -23167
0 4 33 2 32766 43
0 4 34 2 23161 -23150
0 4 35 2 23200 -23141
0 4 36 2 -23169 -23177
0 4 37 2 23195 23212
0 4 38 2 23172 23174
0 4 39 2 -23184 -23182
0 4 40 2 23172 -23140
0 4 41 2 -23201 23148
0 4 42 2 -23170 -23187
0 4 43 2 -23146 -23167
0 4 44 2 23157 23166
0 4 45 2 23186 -23183
0 4 46 2 -23175 23119
0 4 47 2 23192 -23175
0 4 48 2 -23168 -23183
0 4 49 2 -23162 -23156
0 4 50 2 -23159 23154
0 4 51 2 23175 -23152
0 4 52 2 -23145 -23155
0 4 53 2 23193 23181
0 4 54 2 -23144 -23174
0 4 55 2 23164 23146
0 4 56 2 -23171 -23204
0 4 57 2 -23181 23163
0 4 58 2 -23172 23174
0 4 59 2 -23137 -23188
0 4 60 2 23167 -23169
0 4 61 2 23187 -23198
0 4 62 2 -23127 -23165
0 4 63 2 -23182 23150
0 4 64 2 -23205 23189
0 4 65 2 32781 -36
0 4 66 2 -23154 23154
0 4 67 2 23183 -23171
0 4 68 2 23192 -23148
0 4 69 2 -23154 23122
0 4 70 2 23179 23212
0 4 71 2 -23174 23150
0 4 72 2 23160 23153
0 4 73 2 23186 23186
0 4 74 2 23180 -23170
0 4 75 2 23166 23237
0 4 76 2 23202 -23179
0 4 77 2 23162 -23161
0 4 78 2 23135 -23164
0 4 79 2 -23166 -23156
0 4 80 2 23196 -23158
0 4 81 2 23175 -23155
0 4 82 2 -23126 -23190
0 4 83 2 23144 23177
0 4 84 2 -23187 23120
0 4 85 2 23159 23183
0 4 86 2 23174 -23131
0 4 87 2 23174 23192
0 4 88 2 23128 23186
0 4 89 2 -23185 23146
0 4 90 2 23172 -23140
0 4 91 2 23149 -23148
0 4 92 2 23185 -23192
0 4 93 2 -23178 -23169
0 4 94 2 23135 23164
0 4 95 2 -23141 -23189
0 4 96 2 -23157 -23195
0 4 97 2 32754 18
0 4 98 2 23178 23176
0 4 99 2 -23154 -23167
0 4 100 2 23175 -23150
0 4 101 2 -23143 -23166
0 4 102 2 -23152 23126
0 4 103 2 -23165 -23190
0 4 104 2 -23176 23168
0 4 105 2 -23145 -23182
0 4 106 2 23159 23201
0 4 107 2 -23157 23148
0 4 108 2 23177 23172
0 4 109 2 23180 23159
0 4 110 2 -23172 23180
0 4 111 2 -23169 -23164
0 4 112 2 23190 -23157
0 4 113 2 -21 -20
0 4 114 2 -11 12
0 4 115 2 -25 21
0 4 116 2 -11 -8
0 4 117 2 8 6
0 4 118 2 19 -19
0 4 119 2 -10 -6
0 4 120 2 0 -34
0 4 121 2 24 -18
0 4 122 2 0 0
0 4 123 2 32 4
0 4 124 2 -38 6
0 4 125 2 -17 -5
0 4 126 2 2 1
0 4 127 2 -23 18
0 4 128 2 -6 -13
0 4 129 2 2 2
0 4 130 2 -24 22
0 4 131 2 -16 -6
0 4 132 2 -3 0
0 4 133 2 -12 18
0 4 134 2 4 -15
0 4 135 2 -3 -7
0 4 136 2 -2 -24
0 4 137 2 -32 -13
0 4 138 2 -5 -18
0 4 139 2 11 33
0 4 140 2 -12 -36
0 4 141 2 14 -22
0 4 142 2 -17 15
0 4 143 2 16 -28
0 4 144 2 -23203 23180
0 4 145 2 -23196 23182
0 4 146 2 -23151 23145
0 4 147 2 -23188 23131
0 4 148 2 -23151 23167
0 4 149 2 23166 23165
0 4 150 2 -23182 23128
0 4 151 2 -23207 23178
0 4 152 2 -23210 23197
0 4 153 2 23168 23129
0 4 154 2 23167 -23176
0 4 155 2 23191 -23145
0 4 156 2 23205 23202
0 4 157 2 23156 -23178
0 4 158 2 23172 23160
0 4 159 2 32762 22
0 4 160 2 -23144 -23192
0 4 161 2 -23163 23139
0 4 162 2 -23173 -23162
0 4 163 2 23202 -23178
0 4 164 2 23213 -23169
0 4 165 2 -23180 23169
0 4 166 2 -23208 23180
0 4 167 2 23163 -23159
0 4 168 2 -23166 -23189
0 4 169 2 -23154 23166
0 4 170 2 23187 23199
0 4 171 2 23193 -23190
0 4 172 2 23165 -23184
0 4 173 2 23146 23162
0 4 174 2 -23169 23145
0 4 175 2 23157 -23172
0 4 176 2 23169 23157
0 4 177 2 -23163 23189
0 4 178 2 -23159 -23216
0 4 179 2 -23161 -23208
0 4 180 2 -23186 -23182
0 4 181 2 -23201 23169
0 4 182 2 23182 -23176
0 4 183 2 23170 23168
0 4 184 2 -23141 -23161
0 4 185 2 -23162 -23165
0 4 186 2 -23170 -23156
0 4 187 2 -23163 23165
0 4 188 2 23172 -23184
0 4 189 2 23148 -23122
0 4 190 2 -23170 -23158
0 4 191 2 32769 20
0 4 192 2 23141 23179
0 4 193 2 -23185 23158
0 4 194 2 23134 23162
0 4 195 2 23150 23176
0 4 196 2 -23180 -23189
0 4 197 2 -23165 -23190
0 4 198 2 23119 23190
0 4 199 2 -23143 -23147
0 4 200 2 23178 -23163
0 4 201 2 -23157 -23157
0 4 202 2 -23150 -23192
0 4 203 2 -23190 23156
0 4 204 2 23173 23146
0 4 205 2 -23145 -23174
0 4 206 2 23173 23176
0 4 207 2 -23191 23160
0 4 208 2 23169 -23150
0 4 209 2 -23152 23169
0 4 210 2 23208 -23151
0 4 211 2 23187 -23132
0 4 212 2 -23188 -23177
0 4 213 2 23179 -23152
0 4 214 2 -23148 23194
0 4 215 2 23163 23187
0 4 216 2 -23182 23132
0 4 217 2 23194 23181
0 4 218 2 -23181 -23199
0 4 219 2 23159 -23151
0 4 220 2 23193 23191
0 4 221 2 -23170 23163
0 4 222 2 -23151 23205
0 4 223 2 32777 13
0 4 224 2 23161 -23156
0 4 225 2 -23171 23159
0 4 226 2 -23166 -23171
0 4 227 2 23154 -23164
0 4 228 2 23143 23174
0 4 229 2 -23159 23167
0 4 230 2 23171 -23116
0 4 231 2 -23147 23168
0 4 232 2 23168 23169
0 4 233 2 -23156 -23163
0 4 234 2 23160 -23165
0 4 235 2 23151 -23153
0 4 236 2 23191 -23180
0 4 237 2 23153 -23179
0 4 238 2 -23125 -23181
0 4 239 2 -23115 23161
0 4 240 2 -23167 23159
0 4 241 2 23132 23187
0 4 242 2 23148 -23146
0 4 243 2 23170 -23174
0 4 244 2 23177 -23149
0 4 245 2 23172 -23158
0 4 246 2 23194 -23181
0 4 247 2 23204 -23167
0 4 248 2 -23131 -23206
0 4 249 2 23200 23153
0 4 250 2 -23158 -23206
0 4 251 2 23165 -23181
0 4 252 2 23174 -23158
0 4 253 2 23175 23176
0 4 254 2 23179 -23133
0 4 255 2 32753 21
0 5 0 2 -484 58
0 5 1 2 32741 31
0 5 2 2 -23153 -23164
0 5 3 2 23182 23177
0 5 4 2 -23176 23143
0 5 5 2 -23162 -23225
0 5 6 2 -23136 -23190
0 5 7 2 -23159 23187
0 5 8 2 23148 -23203
0 5 9 2 23179 23215
0 5 10 2 -23159 23144
0 5 11 2 23164 23199
0 5 12 2 23196 23183
0 5 13 2 23181 23159
0 5 14 2 23182 23175
0 5 15 2 -23155 23145
0 5 16 2 -23154 -23185
0 5 17 2 23195 -23200
0 5 18 2 -23194 -23163
0 5 19 2 -23199 23153
0 5 20 2 -23158 23181
0 5 21 2 23150 23197
0 5 22 2 23150 -23143
0 5 23 2 23165 -23173
0 5 24 2 -23144 23148
0 5 25 2 -23158 -23186
0 5 26 2 -23172 23177
0 5 27 2 -23163 -23211
0 5 28 2 -23186 -23129
0 5 29 2 -23192 -23163
0 5 30 2 -23187 23141
0 5 31 2 -23178 23175
0 5 32 2 23156 23182
0 5 33 2 32745 -14
0 5 34 2 -23155 23184
0 5 35 2 23181 -23189
0 5 36 2 -23216 23107
0 5 37 2 23150 23204
0 5 38 2 23167 23165
0 5 39 2 -23156 -23159
0 5 40 2 -23164 -23162
0 5 41 2 -23131 -23138
0 5 42 2 -23169 -23187
0 5 43 2 23151 -23160
0 5 44 2 -23177 23158
0 5 45 2 23154 -23189
0 5 46 2 23180 -23153
0 5 47 2 -23139 23169
0 5 48 2 -23196 23196
0 5 49 2 23173 -23183
0 5 50 2 -23202 23182
0 5 51 2 23166 23140
0 5 52 2 -23179 -23195
0 5 53 2 23188 23190
0 5 54 2 23191 23166
0 5 55 2 23142 -23170
0 5 56 2 23186 -23207
0 5 57 2 23152 -23197
0 5 58 2 23136 23194
0 5 59 2 23186 23165
0 5 60 2 23177 23200
0 5 61 2 -23163 -23163
0 5 62 2 -23160 23154
0 5 63 2 23155 -23184
0 5 64 2 -23218 23154
0 5 65 2 32751 14
0 5 66 2 -23174 23152
0 5 67 2 -23138 -23167
0 5 68 2 -23145 -23174
0 5 69 2 -23157 -23179
0 5 70 2 23175 23158
0 5 71 2 -23170 -23173
0 5 72 2 -23159 -23193
0 5 73 2 -23187 -23187
0 5 74 2 -23179 23150
0 5 75 2 -23156 -23196
0 5 76 2 -23161 -23167
0 5 77 2 -23158 23164
0 5 78 2 -23189 23180
0 5 79 2 23191 -23186
0 5 80 2 -23221 -23188
0 5 81 2 -23206 -23180
0 5 82 2 -23169 23204
0 5 83 2 23146 23168
0 5 84 2 -23206 -23180
0 5 85 2 -23170 23172
0 5 86 2 23204 -23135
0 5 87 2 -23200 23175
0 5 88 2 23183 23148
0 5 89 2 -23176 23138
0 5 90 2 23184 23158
0 5 91 2 -23161 23116
0 5 92 2 23190 -23155
0 5 93 2 23149 23198
0 5 94 2 -23172 23146
0 5 95 2 -23172 -23187
0 5 96 2 -23183 23199
0 5 97 2 32752 13
0 5 98 2 -23177 23174
0 5 99 2 23169 23204
0 5 100 2 23180 23125
0 5 101 2 -23147 -23160
0 5 102 2 -23165 23137
0 5 103 2 -23162 23159
0 5 104 2 23194 -23147
0 5 105 2 23104 23181
0 5 106 2 -23155 -23196
0 5 107 2 23170 -23150
0 5 108 2 -23164 -23175
0 5 109 2 -23174 -23208
0 5 110 2 -23144 -23164
0 5 111 2 23178 23156
0 5 112 2 -23192 23125
0 5 113 2 -7 39
0 5 114 2 -11 -28
0 5 115 2 21 28
0 5 116 2 -16 8
0 5 117 2 19 19
0 5 118 2 10 -30
0 5 119 2 -10 17
0 5 120 2 0 5
0 5 121 2 -12 2
0 5 122 2 13 -8
0 5 123 2 19 17
0 5 124 2 -27 -49
0 5 125 2 10 -35
0 5 126 2 -19 0
0 5 127 2 -12 -21
0 5 128 2 17 3
0 5 129 2 15 4
0 5 130 2 8 14
0 5 131 2 -8 6
0 5 132 2 18 2
0 5 133 2 6 -34
0 5 134 2 -14 4
0 5 135 2 -45 -23
0 5 136 2 -1 -6
0 5 137 2 0 12
0 5 138 2 14 -17
0 5 139 2 29 0
0 5 140 2 -9 -1
0 5 141 2 4 -21
0 5 142 2 9 -10
0 5 143 2 -14 9
0 5 144 2 23176 -23156
0 5 145 2 -23180 23150
0 5 146 2 23124 23170
0 5 147 2 23196 23174
0 5 148 2 23181 -23162
0 5 149 2 23159 -23145
0 5 150 2 -23189 23141
0 5 151 2 -23182 23175
0 5 152 2 23153 23190
0 5 153 2 -23147 -23161
0 5 154 2 23152 23184
0 5 155 2 23206 -23131
0 5 156 2 -23179 -23152
0 5 157 2 -23188 23199
0 5 158 2 -23085 -23207
0 5 159 2 32786 27
0 5 160 2 23181 -23124
0 5 161 2 -23174 -23184
0 5 162 2 -23151 -23202
0 5 163 2 23209 -23153
0 5 164 2 -23200 23151
0 5 165 2 23152 23176
0 5 166 2 -23164 23158
0 5 167 2 23178 23168
0 5 168 2 -23153 -23161
0 5 169 2 -23180 -23166
0 5 170 2 -23167 23136
0 5 171 2 23199 -23155
0 5 172 2 23161 -23120
0 5 173 2 23182 -23176
0 5 174 2 23181 23156
0 5 175 2 23174 23153
0 5 176 2 23160 23152
0 5 177 2 -23170 -23153
0 5 178 2 23165 23178
0 5 179 2 -23171 23177
0 5 180 2 -23179 23155
0 5 181 2 23171 23191
0 5 182 2 23148 23193
0 5 183 2 -23135 -23165
0 5 184 2 -23134 -23163
0 5 185 2 23153 23194
0 5 186 2 23159 23179
0 5 187 2 23150 -23181
0 5 188 2 -23161 -23183
0 5 189 2 -23164 23161
0 5 190 2 -23212 23172
0 5 191 2 32765 7
0 5 192 2 23180 -23159
0 5 193 2 23140 23170
0 5 194 2 -23189 23173
0 5 195 2 -23168 -23175
0 5 196 2 -23205 -23181
0 5 197 2 23173 -23166
0 5 198 2 -23182 23160
0 5 199 2 23162 -23144
0 5 200 2 -23138 -23175
0 5 201 2 23181 23189
0 5 202 2 23187 -23159
0 5 203 2 -23216 23159
0 5 204 2 -23149 -23168
0 5 205 2 -23176 -23179
0 5 206 2 -23166 23159
0 5 207 2 -23162 23190
0 5 208 2 23130 23158
0 5 209 2 -23127 -23172
0 5 210 2 -23168 -23184
0 5 211 2 -23162 -23193
0 5 212 2 -23175 23177
0 5 213 2 23202 23203
0 5 214 2 23169 -23172
0 5 215 2 23194 -23201
0 5 216 2 -23220 23154
0 5 217 2 23139 23169
0 5 218 2 -23164 23130
0 5 219 2 -23166 23162
0 5 220 2 23173 23166
0 5 221 2 -23167 23162
0 5 222 2 -23158 23169
0 5 223 2 32784 36
0 5 224 2 -23194 -23161
0 5 225 2 23169 23175
0 5 226 2 -23171 -23187
0 5 227 2 23161 -23172
0 5 228 2 -23161 -23151
0 5 229 2 23158 -23151
0 5 230 2 23167 -23108
0 5 231 2 23162 23175
0 5 232 2 23170 23170
0 5 233 2 23143 -23165
0 5 234 2 23116 23200
0 5 235 2 -23148 -23190
0 5 236 2 23155 -23181
0 5 237 2 23213 -23194
0 5 238 2 23204 -23161
0 5 239 2 -23173 23147
0 5 240 2 -23167 -23173
0 5 241 2 23191 23165
0 5 242 2 -23162 -23187
0 5 243 2 23169 -23174
0 5 244 2 -23149 -23167
0 5 245 2 -23154 -23196
0 5 246 2 -23143 23184
0 5 247 2 -23178 23150
0 5 248 2 23209 -23180
0 5 249 2 23163 -23173
0 5 250 2 23147 23179
0 5 251 2 23192 -23161
0 5 252 2 23181 23171
0 5 253 2 -23143 -23156
0 5 254 2 23173 -23136
0 5 255 2 32754 13
0 6 0 2 -466 46
0 6 1 2 32767 40
0 6 2 2 23156 -23153
0 6 3 2 -23185 23148
0 6 4 2 -23159 -23211
0 6 5 2 -23173 23184
0 6 6 2 -23174 -23191
0 6 7 2 -23203 23145
0 6 8 2 -23182 23160
0 6 9 2 23156 23183
0 6 10 2 -23179 23199
0 6 11 2 -23158 -23138
0 6 12 2 -23164 -23143
0 6 13 2 23162 23173
0 6 14 2 23179 -23156
0 6 15 2 -23163 -23218
0 6 16 2 23175 -23171
0 6 17 2 -23159 -23194
0 6 18 2 23163 23174
0 6 19 2 23158 23176
0 6 20 2 -23194 23205
0 6 21 2 -23171 23111
0 6 22 2 23155 23158
0 6 23 2 -23148 23146
0 6 24 2 23182 23219
0 6 25 2 23174 23174
0 6 26 2 -23143 -23181
0 6 27 2 23183 23168
0 6 28 2 23148 23165
0 6 29 2 -23174 23154
0 6 30 2 -23183 23124
0 6 31 2 -23202 23135
0 6 32 2 -23169 -23157
0 6 33 2 32785 -22
0 6 34 2 -23159 23158
0 6 35 2 23176 23202
0 6 36 2 23123 23202
0 6 37 2 -23199 23146
0 6 38 2 23182 23160
0 6 39 2 -23123 -23175
0 6 40 2 -23163 -23217
0 6 41 2 -23153 -23197
0 6 42 2 23170 23164
0 6 43 2 23193 23189
0 6 44 2 -23165 -23192
0 6 45 2 23188 -23147
0 6 46 2 23162 23156
0 6 47 2 23153 23190
0 6 48 2 23151 23157
0 6 49 2 23167 23160
0 6 50 2 23157 23183
0 6 51 2 -23136 23188
0 6 52 2 23156 -23178
0 6 53 2 -23162 -23179
0 6 54 2 23183 23209
0 6 55 2 23140 23180
0 6 56 2 23156 23185
0 6 57 2 23132 23160
0 6 58 2 -23174 -23199
0 6 59 2 23165 -23166
0 6 60 2 23178 -23143
0 6 61 2 -23136 -23193
0 6 62 2 23156 -23182
0 6 63 2 -23183 23116
0 6 64 2 23174 -23166
0 6 65 2 32751 25
0 6 66 2 23142 23177
0 6 67 2 23168 -23151
0 6 68 2 23177 23169
0 6 69 2 -23193 -23191
0 6 70 2 -23125 -23223
0 6 71 2 23182 23223
0 6 72 2 -23175 23178
0 6 73 2 -23144 23176
0 6 74 2 23135 -23174
0 6 75 2 -23205 23130
0 6 76 2 -23170 -23144
0 6 77 2 -23130 -23161
0 6 78 2 -23159 23215
0 6 79 2 -23156 23127
0 6 80 2 23158 23205
0 6 81 2 -23165 23159
0 6 82 2 23213 -23183
0 6 83 2 23142 23175
0 6 84 2 -23152 23168
0 6 85 2 23149 23175
0 6 86 2 23134 -23170
0 6 87 2 -23141 -23150
0 6 88 2 23197 -23125
0 6 89 2 -23120 -23170
0 6 90 2 23187 -23164
0 6 91 2 23189 -23172
0 6 92 2 23161 -23171
0 6 93 2 -23175 -23201
0 6 94 2 23160 -23200
0 6 95 2 23147 23177
0 6 96 2 -23151 -23163
0 6 97 2 32760 5
0 6 98 2 23206 -23168
0 6 99 2 23160 23183
0 6 100 2 -23195 23137
0 6 101 2 23171 -23199
0 6 102 2 -23167 -23147
0 6 103 2 -23168 23173
0 6 104 2 23209 -23133
0 6 105 2 23145 -23148
0 6 106 2 -23173 -23199
0 6 107 2 -23157 -23179
0 6 108 2 -23183 23179
0 6 109 2 23174 23175
0 6 110 2 23202 -23154
0 6 111 2 23189 -23137
0 6 112 2 -23148 -23202
0 6 113 2 44 23
0 6 114 2 1 16
0 6 115 2 -7 13
0 6 116 2 1 -41
0 6 117 2 -20 -10
0 6 118 2 63 -15
0 6 119 2 -17 -25
0 6 120 2 15 11
0 6 121 2 8 1
0 6 122 2 -6 0
0 6 123 2 18 -18
0 6 124 2 -7 -7
0 6 125 2 4 -16
0 6 126 2 8 -20
0 6 127 2 38 25
0 6 128 2 3 -8
0 6 129 2 8 44
0 6 130 2 14 -28
0 6 131 2 24 -5
0 6 132 2 7 2
0 6 133 2 -7 41
0 6 134 2 5 -25
0 6 135 2 3 -13
0 6 136 2 -16 37
0 6 137 2 -33 -21
0 6 138 2 -7 33
0 6 139 2 -1 6
0 6 140 2 -19 2
0 6 141 2 -26 -50
0 6 142 2 -2 20
0 6 143 2 -25 33
0 6 144 2 -23201 -23171
0 6 145 2 -23194 -23175
0 6 146 2 23185 23156
0 6 147 2 -23178 23163
0 6 148 2 23164 23177
0 6 149 2 23158 23168
0 6 150 2 -23153 -23168
0 6 151 2 23176 23166
0 6 152 2 -23161 -23205
0 6 153 2 -23157 23155
0 6 154 2 23198 23129
0 6 155 2 23154 23174
0 6 156 2 23176 -23173
0 6 157 2 -23171 23206
0 6 158 2 23162 -23172
0 6 159 2 32784 11
0 6 160 2 -23164 23155
0 6 161 2 23166 23164
0 6 162 2 -23197 -23175
0 6 163 2 -23183 -23205
0 6 164 2 23124 23194
0 6 165 2 -23162 -23195
0 6 166 2 23184 -23117
0 6 167 2 -23143 -23215
0 6 168 2 -23184 -23182
0 6 169 2 -23174 23187
0 6 170 2 23170 23174
0 6 171 2 -23130 -23170
0 6 172 2 23195 -23146
0 6 173 2 -23140 -23169
0 6 174 2 -23158 -23158
0 6 175 2 -23153 -23185
0 6 176 2 -23177 23187
0 6 177 2 -23175 23185
0 6 178 2 -23196 -23185
0 6 179 2 -23166 23137
0 6 180 2 23187 -23166
0 6 181 2 23178 23176
0 6 182 2 -23181 -23143
0 6 183 2 -23187 23156
0 6 184 2 23200 23174
0 6 185 2 23189 -23158
0 6 186 2 23174 23180
0 6 187 2 23161 23166
0 6 188 2 23184 23167
0 6 189 2 23188 23225
0 6 190 2 23164 23180
0 6 191 2 32724 35
0 6 192 2 23196 -23156
0 6 193 2 23184 23146
0 6 194 2 23131 23176
0 6 195 2 -23161 -23187
0 6 196 2 -23153 23143
0 6 197 2 23160 23182
0 6 198 2 23153 -23176
0 6 199 2 -23185 23167
0 6 200 2 23174 23190
0 6 201 2 23164 -23167
0 6 202 2 -23183 23175
0 6 203 2 23153 23206
0 6 204 2 23193 -23154
0 6 205 2 23188 -23152
0 6 206 2 23167 23193
0 6 207 2 23163 -23178
0 6 208 2 -23172 23162
0 6 209 2 -23159 -23179
0 6 210 2 23157 23190
0 6 211 2 -23149 -23151
0 6 212 2 23181 -23148
0 6 213 2 -23155 23126
0 6 214 2 23147 23194
0 6 215 2 23175 -23151
0 6 216 2 23189 -23207
0 6 217 2 -23165 -23205
0 6 218 2 -23211 23199
0 6 219 2 23179 -23132
0 6 220 2 23144 23223
0 6 221 2 23172 -23150
0 6 222 2 -23145 23151
0 6 223 2 32784 32
0 6 224 2 23209 -23166
0 6 225 2 23151 23194
0 6 226 2 -23200 -23188
0 6 227 2 -23201 -23194
0 6 228 2 23185 23177
0 6 229 2 23150 23193
0 6 230 2 23198 -23153
0 6 231 2 -23188 23157
0 6 232 2 -23181 23173
0 6 233 2 -23183 -23171
0 6 234 2 23163 23153
0 6 235 2 -23186 23160
0 6 236 2 -23200 23149
0 6 237 2 23208 -23175
0 6 238 2 23151 23133
0 6 239 2 23160 -23183
0 6 240 2 -23184 23144
0 6 241 2 23184 -23157
0 6 242 2 23164 -23176
0 6 243 2 23184 -23156
0 6 244 2 -23167 23208
0 6 245 2 23167 23177
0 6 246 2 -23173 23156
0 6 247 2 23189 -23183
0 6 248 2 23155 -23163
0 6 249 2 -23196 23203
0 6 250 2 23185 -23130
0 6 251 2 23177 -23137
0 6 252 2 -23183 23148
0 6 253 2 -23184 23158
0 6 254 2 23204 -23150
0 6 255 2 32796 -1
0 7 0 2 -470 51
0 7 1 2 32776 -15
0 7 2 2 -23181 23144
0 7 3 2 23191 -23151
0 7 4 2 -23151 23177
0 7 5 2 23157 23186
0 7 6 2 23173 -23141
0 7 7 2 -23206 23121
0 7 8 2 -23156 23162
0 7 9 2 -23140 -23183
0 7 10 2 23148 23177
0 7 11 2 23160 23180
0 7 12 2 -23167 -23190
0 7 13 2 23161 -23175
0 7 14 2 23170 -23190
0 7 15 2 23153 -23133
0 7 16 2 23155 23162
0 7 17 2 23163 23183
0 7 18 2 -23195 23159
0 7 19 2 -23147 -23184
0 7 20 2 23152 23180
0 7 21 2 -23164 -23180
0 7 22 2 23195 -23174
0 7 23 2 23164 23197
0 7 24 2 23208 -23134
0 7 25 2 23209 23205
0 7 26 2 -23161 23152
0 7 27 2 23169 23209
0 7 28 2 23163 -23164
0 7 29 2 23172 -23167
0 7 30 2 -23157 -23146
0 7 31 2 -23152 -23195
0 7 32 2 23151 23159
0 7 33 2 32767 -25
0 7 34 2 23181 -23145
0 7 35 2 23192 -23159
0 7 36 2 -23177 23152
0 7 37 2 -23155 -23164
0 7 38 2 -23176 23177
0 7 39 2 -23154 -23164
0 7 40 2 -23188 23159
0 7 41 2 -23172 -23151
0 7 42 2 23156 23175
0 7 43 2 -23143 -23200
0 7 44 2 23114 23171
0 7 45 2 -23139 -23202
0 7 46 2 -23180 -23197
0 7 47 2 -23163 23148
0 7 48 2 23215 -23157
0 7 49 2 23190 -23210
0 7 50 2 23188 23186
0 7 51 2 23180 -23179
0 7 52 2 -23197 23195
0 7 53 2 -23184 23137
0 7 54 2 -23134 -23173
0 7 55 2 -23179 -23181
0 7 56 2 23162 -23163
0 7 57 2 -23186 23151
0 7 58 2 -23155 -23170
0 7 59 2 -23151 23141
0 7 60 2 23192 -23164
0 7 61 2 -23138 -23165
0 7 62 2 -23180 23129
0 7 63 2 -23163 -23160
0 7 64 2 -23146 -23153
0 7 65 2 32752 48
0 7 66 2 23149 23173
0 7 67 2 -23165 -23178
0 7 68 2 -23186 -23176
0 7 69 2 23157 23134
0 7 70 2 -23142 -23191
0 7 71 2 23186 23171
0 7 72 2 23174 -23168
0 7 73 2 -23218 23148
0 7 74 2 23185 23183
0 7 75 2 -23148 -23185
0 7 76 2 23208 23194
0 7 77 2 23172 -23164
0 7 78 2 23163 23167
0 7 79 2 23166 -23177
0 7 80 2 23182 -23151
0 7 81 2 23178 -23175
0 7 82 2 23174 23173
0 7 83 2 -23150 -23147
0 7 84 2 -23173 23147
0 7 85 2 23176 -23137
0 7 86 2 23145 23186
0 7 87 2 -23161 -23174
0 7 88 2 -23201 -23159
0 7 89 2 23179 -23140
0 7 90 2 -23181 -23149
0 7 91 2 -23141 -23186
0 7 92 2 -23160 23154
0 7 93 2 23166 23153
0 7 94 2 23205 23154
0 7 95 2 23161 -23184
0 7 96 2 23216 -23156
0 7 97 2 32767 41
0 7 98 2 -23154 -23192
0 7 99 2 23163 23192
0 7 100 2 23195 23170
0 7 101 2 23161 -23181
0 7 102 2 -23162 -23185
0 7 103 2 23163 23190
0 7 104 2 -23175 23141
0 7 105 2 23156 23179
0 7 106 2 23169 23176
0 7 107 2 -23184 23176
0 7 108 2 23195 -23153
0 7 109 2 23185 23216
0 7 110 2 -23176 23139
0 7 111 2 23171 -23170
0 7 112 2 -23203 23134
0 7 113 2 -21 29
0 7 114 2 -28 0
0 7 115 2 -20 -14
0 7 116 2 -20 3
0 7 117 2 -30 -48
0 7 118 2 25 -16
0 7 119 2 13 19
0 7 120 2 20 -7
0 7 121 2 9 -16
0 7 122 2 10 19
0 7 123 2 -37 27
0 7 124 2 -9 -1
0 7 125 2 39 13
0 7 126 2 -23 -3
0 7 127 2 -18 -30
0 7 128 2 16 -34
0 7 129 2 28 -4
0 7 130 2 42 -23
0 7 131 2 4 0
0 7 132 2 22 3
0 7 133 2 0 -35
0 7 134 2 3 13
0 7 135 2 -16 19
0 7 136 2 -32 24
0 7 137 2 7 -20
0 7 138 2 27 -12
0 7 139 2 11 20
0 7 140 2 0 -34
0 7 141 2 0 -2
0 7 142 2 4 0
0 7 143 2 0 -38
0 7 144 2 23189 -23111
0 7 145 2 23177 23173
0 7 146 2 23150 23178
0 7 147 2 -23215 23207
0 7 148 2 -23188 23174
0 7 149 2 -23111 -23124
0 7 150 2 -23174 23164
0 7 151 2 23179 -23162
0 7 152 2 -23156 -23158
0 7 153 2 -23183 23155
0 7 154 2 23182 -23158
0 7 155 2 23164 23191
0 7 156 2 23165 -23162
0 7 157 2 23150 -23142
0 7 158 2 23160 -23193
0 7 159 2 32756 -13
0 7 160 2 -23183 23190
0 7 161 2 23182 23190
0 7 162 2 23181 23181
0 7 163 2 -23152 23160
0 7 164 2 23195 23161
0 7 165 2 23148 23204
0 7 166 2 23172 -23150
0 7 167 2 -23186 23177
0 7 168 2 -23188 -23147
0 7 169 2 23162 23199
0 7 170 2 -23183 23165
0 7 171 2 -23164 23149
0 7 172 2 -23165 -23188
0 7 173 2 -23166 -23174
0 7 174 2 -23200 -23205
0 7 175 2 -23181 23167
0 7 176 2 -23164 -23173
0 7 177 2 23176 -23175
0 7 178 2 23173 -23193
0 7 179 2 -23146 -23167
0 7 180 2 23198 -23148
0 7 181 2 23142 -23142
0 7 182 2 23159 -23150
0 7 183 2 23200 -23177
0 7 184 2 23184 -23200
0 7 185 2 -23195 23194
0 7 186 2 -23139 -23166
0 7 187 2 -23196 23170
0 7 188 2 -23189 23138
0 7 189 2 23153 23183
0 7 190 2 23209 -23138
0 7 191 2 32733 21
0 7 192 2 23192 23185
0 7 193 2 -23150 23171
0 7 194 2 23209 23208
0 7 195 2 -23158 23173
0 7 196 2 23134 23164
0 7 197 2 23175 -23161
0 7 198 2 23173 -23171
0 7 199 2 23187 -23139
0 7 200 2 -23158 23179
0 7 201 2 -23180 23173
0 7 202 2 -23157 23173
0 7 203 2 23132 23155
0 7 204 2 -23195 23138
0 7 205 2 23146 23175
0 7 206 2 23132 -23180
0 7 207 2 23183 -23159
0 7 208 2 23187 -23135
0 7 209 2 23164 -23179
0 7 210 2 23157 23183
0 7 211 2 23194 -23210
0 7 212 2 23171 -23123
0 7 213 2 -23173 23143
0 7 214 2 -23165 -23159
0 7 215 2 -23156 -23156
0 7 216 2 23169 -23154
0 7 217 2 23149 23180
0 7 218 2 -23201 23140
0 7 219 2 -23181 23168
0 7 220 2 23220 23185
0 7 221 2 -23192 23170
0 7 222 2 23173 -23183
0 7 223 2 32732 -3
0 7 224 2 -23160 23134
0 7 225 2 -23183 23157
0 7 226 2 -23172 23196
0 7 227 2 -23171 23165
0 7 228 2 23187 23161
0 7 229 2 23198 23140
0 7 230 2 23126 23161
0 7 231 2 -23204 -23171
0 7 232 2 -23162 23176
0 7 233 2 23165 -23154
0 7 234 2 23159 23124
0 7 235 2 23200 -23168
0 7 236 2 23210 -23169
0 7 237 2 -23149 -23203
0 7 238 2 -23193 23185
0 7 239 2 23178 -23165
0 7 240 2 23172 -23166
0 7 241 2 23159 -23198
0 7 242 2 23174 23154
0 7 243 2 23166 23147
0 7 244 2 23140 23179
0 7 245 2 -23175 23144
0 7 246 2 -23184 -23189
0 7 247 2 -23174 -23172
0 7 248 2 -23137 -23206
0 7 249 2 23158 23155
0 7 250 2 -23174 23167
0 7 251 2 23189 -23175
0 7 252 2 -23181 23166
0 7 253 2 23151 23158
0 7 254 2 23133 23160
0 7 255 2 32743 25
0 8 0 2 -452 43
0 8 1 2 32762 3
0 8 2 2 23155 -23169
0 8 3 2 -23166 -23191
0 8 4 2 -23167 -23163
0 8 5 2 -23127 23160
0 8 6 2 23173 -23179
0 8 7 2 -23164 -23170
0 8 8 2 -23144 23172
0 8 9 2 -23175 23183
0 8 10 2 -23166 23167
0 8 11 2 23137 23215
0 8 12 2 23169 23204
0 8 13 2 23182 23208
0 8 14 2 23135 23163
0 8 15 2 23168 -23158
0 8 16 2 -23146 23171
0 8 17 2 23188 23188
0 8 18 2 -23178 -23183
0 8 19 2 23161 23183
0 8 20 2 23205 -23161
0 8 21 2 23153 23185
0 8 22 2 23139 23186
0 8 23 2 -23174 23127
0 8 24 2 -23158 23161
0 8 25 2 23157 -23171
0 8 26 2 23151 -23191
0 8 27 2 -23151 -23171
0 8 28 2 -23169 -23205
0 8 29 2 23216 -23177
0 8 30 2 23162 -23165
0 8 31 2 -23148 -23169
0 8 32 2 -23217 23163
0 8 33 2 32748 17
0 8 34 2 23185 23149
0 8 35 2 -23154 23163
0 8 36 2 -23165 23181
0 8 37 2 -23132 -23139
0 8 38 2 23196 23182
0 8 39 2 -23144 -23163
0 8 40 2 23152 23174
0 8 41 2 23200 -23156
0 8 42 2 -23191 -23178
0 8 43 2 -23162 23177
0 8 44 2 23172 23182
0 8 45 2 -23174 23169
0 8 46 2 -23146 23181
0 8 47 2 23129 23194
0 8 48 2 -23167 -23171
0 8 49 2 23162 23177
0 8 50 2 23215 -23189
0 8 51 2 23157 -23158
0 8 52 2 23162 -23199
0 8 53 2 23121 23187
0 8 54 2 23169 23198
0 8 55 2 23168 23196
0 8 56 2 23152 23156
0 8 57 2 -23191 23199
0 8 58 2 23193 -23146
0 8 59 2 -23180 -23168
0 8 60 2 -23174 23156
0 8 61 2 23150 23200
0 8 62 2 23151 23152
0 8 63 2 -23155 -23163
0 8 64 2 23162 23185
0 8 65 2 32773 -5
0 8 66 2 23183 -23159
0 8 67 2 -23154 23160
0 8 68 2 -23161 23149
0 8 69 2 -23181 23157
0 8 70 2 -23165 23151
0 8 71 2 -23161 23179
0 8 72 2 -23164 -23172
0 8 73 2 -23165 23158
0 8 74 2 -23164 -23159
0 8 75 2 -23164 -23180
0 8 76 2 23186 23182
0 8 77 2 -23164 -23177
0 8 78 2 -23167 -23150
0 8 79 2 -23168 -23159
0 8 80 2 23146 23187
0 8 81 2 23148 -23184
0 8 82 2 23179 23115
0 8 83 2 -23171 23162
0 8 84 2 -23157 -23148
0 8 85 2 23112 23166
0 8 86 2 -23159 -23186
0 8 87 2 23134 23184
0 8 88 2 23173 23198
0 8 89 2 -23168 -23154
0 8 90 2 23140 23175
0 8 91 2 -23163 23160
0 8 92 2 23166 -23170
0 8 93 2 -23178 -23177
0 8 94 2 23212 -23163
0 8 95 2 23181 -23167
0 8 96 2 23147 23191
0 8 97 2 32747 6
0 8 98 2 23171 -23154
0 8 99 2 23178 23156
0 8 100 2 23157 -23171
0 8 101 2 23172 -23202
0 8 102 2 23155 -23172
0 8 103 2 23192 23204
0 8 104 2 -23177 23149
0 8 105 2 -23173 -23138
0 8 106 2 23177 -23178
0 8 107 2 23142 23160
0 8 108 2 -23172 23173
0 8 109 2 -23162 -23185
0 8 110 2 -23161 -23142
0 8 111 2 23162 23194
0 8 112 2 -23187 23161
0 8 113 2 -24 -1
0 8 114 2 9 29
0 8 115 2 -3 27
0 8 116 2 13 -8
0 8 117 2 18 -20
0 8 118 2 7 -28
0 8 119 2 2 -10
0 8 120 2 63 -29
0 8 121 2 -13 -15
0 8 122 2 -3 6
0 8 123 2 0 25
0 8 124 2 -38 -1
0 8 125 2 9 39
0 8 126 2 -12 -28
0 8 127 2 18 -12
0 8 128 2 1 9
0 8 129 2 6 -41
0 8 130 2 -6 42
0 8 131 2 -32 15
0 8 132 2 -5 -29
0 8 133 2 18 24
0 8 134 2 -17 -7
0 8 135 2 4 -3
0 8 136 2 11 -27
0 8 137 2 8 3
0 8 138 2 14 -36
0 8 139 2 -5 34
0 8 140 2 -11 8
0 8 141 2 -14 17
0 8 142 2 22 -1
0 8 143 2 1 26
0 8 144 2 -23172 23109
0 8 145 2 -23196 -23178
0 8 146 2 -23122 -23173
0 8 147 2 23198 -23150
0 8 148 2 23154 23181
0 8 149 2 23145 23195
0 8 150 2 -23156 -23162
0 8 151 2 23170 -23164
0 8 152 2 -23184 -23154
0 8 153 2 23159 23165
0 8 154 2 -23126 -23208
0 8 155 2 23187 -23175
0 8 156 2 23153 23183
0 8 157 2 -23156 23166
0 8 158 2 -23196 23196
0 8 159 2 32760 64
0 8 160 2 23165 -23149
0 8 161 2 -23207 -23145
0 8 162 2 -23155 -23183
0 8 163 2 23165 -23177
0 8 164 2 23219 -23145
0 8 165 2 23180 -23188
0 8 166 2 -23153 -23179
0 8 167 2 23188 -23176
0 8 168 2 -23189 23138
0 8 169 2 -23173 -23176
0 8 170 2 -23169 23161
0 8 171 2 23141 23211
0 8 172 2 -23192 -23179
0 8 173 2 23141 23201
0 8 174 2 23207 23152
0 8 175 2 23167 23184
0 8 176 2 23171 -23181
0 8 177 2 23154 -23154
0 8 178 2 -23151 -23188
0 8 179 2 23136 23188
0 8 180 2 -23178 -23178
0 8 181 2 -23159 -23181
0 8 182 2 -23152 -23207
0 8 183 2 -23184 23168
0 8 184 2 -23161 -23194
0 8 185 2 -23181 23169
0 8 186 2 23183 -23184
0 8 187 2 -23194 23177
0 8 188 2 -23152 23195
0 8 189 2 -23134 -23155
0 8 190 2 23149 23146
0 8 191 2 32775 1
0 8 192 2 23184 -23133
0 8 193 2 23169 -23163
0 8 194 2 23159 23183
0 8 195 2 23165 -23137
0 8 196 2 23150 -23126
0 8 197 2 23169 -23167
0 8 198 2 -23162 23154
0 8 199 2 23158 23167
0 8 200 2 23189 -23131
0 8 201 2 -23174 -23204
0 8 202 2 23199 -23177
0 8 203 2 -23176 23165
0 8 204 2 23191 -23170
0 8 205 2 -23173 23155
0 8 206 2 -23140 23172
0 8 207 2 23155 -23160
0 8 208 2 -23132 -23188
0 8 209 2 -23157 -23174
0 8 210 2 -23124 -23174
0 8 211 2 23165 23168
0 8 212 2 -23214 23179
0 8 213 2 -23210 23167
0 8 214 2 -23178 23169
0 8 215 2 -23150 -23206
0 8 216 2 -23168 -23167
0 8 217 2 23170 -23123
0 8 218 2 23140 23162
0 8 219 2 23144 23159
0 8 220 2 -23160 -23189
0 8 221 2 23194 -23196
0 8 222 2 -23157 -23176
0 8 223 2 32767 -13
0 8 224 2 23176 23194
0 8 225 2 -23157 -23173
0 8 226 2 -23154 -23190
0 8 227 2 23126 23209
0 8 228 2 23149 23147
0 8 229 2 23202 -23151
0 8 230 2 -23172 -23112
0 8 231 2 -23210 23163
0 8 232 2 -23166 -23166
0 8 233 2 -23187 -23143
0 8 234 2 -23164 -23168
0 8 235 2 -23178 23169
0 8 236 2 23130 23181
0 8 237 2 -23190 23178
0 8 238 2 -23169 -23182
0 8 239 2 -23172 23178
0 8 240 2 23143 23159
0 8 241 2 -23157 23145
0 8 242 2 23178 23165
0 8 243 2 -23189 23154
0 8 244 2 -23161 -23129
0 8 245 2 23192 23203
0 8 246 2 23165 -23153
0 8 247 2 -23181 -23199
0 8 248 2 23164 -23154
0 8 249 2 23158 23178
0 8 250 2 23198 -23170
0 8 251 2 23145 -23166
0 8 252 2 -23161 -23168
0 8 253 2 -23161 -23167
0 8 254 2 -23154 -23207
0 8 255 2 32756 21
0 9 0 2 -481 84
0 9 1 2 32746 43
0 9 2 2 -23203 23162
0 9 3 2 23133 23168
0 9 4 2 -23168 23138
0 9 5 2 -23161 -23164
0 9 6 2 23158 -23133
0 9 7 2 23187 23162
0 9 8 2 -23233 23152
0 9 9 2 -23152 -23187
0 9 10 2 -23162 23156
0 9 11 2 23124 23158
0 9 12 2 -23162 -23160
0 9 13 2 23147 23155
0 9 14 2 -23190 23168
0 9 15 2 23171 23147
0 9 16 2 23170 23167
0 9 17 2 -23206 23177
0 9 18 2 -23192 23145
0 9 19 2 -23170 23127
0 9 20 2 -23135 -23139
0 9 21 2 -23209 23186
0 9 22 2 23152 23164
0 9 23 2 -23154 -23195
0 9 24 2 23160 -23147
0 9 25 2 -23198 23159
0 9 26 2 23168 23172
0 9 27 2 23169 23178
0 9 28 2 23216 -23163
0 9 29 2 23121 23186
0 9 30 2 23181 -23143
0 9 31 2 23181 23181
0 9 32 2 -23187 23142
0 9 33 2 32769 -1
0 9 34 2 23184 -23136
0 9 35 2 23136 23207
0 9 36 2 -23154 23137
0 9 37 2 23174 23181
0 9 38 2 -23211 23154
0 9 39 2 23165 23152
0 9 40 2 23126 23206
0 9 41 2 -23117 23154
0 9 42 2 23151 -23176
0 9 43 2 23180 -23153
0 9 44 2 23193 -23131
0 9 45 2 -23176 23168
0 9 46 2 23171 -23168
0 9 47 2 23162 -23157
0 9 48 2 -23124 -23189
0 9 49 2 -23127 -23170
0 9 50 2 -23168 23148
0 9 51 2 -23166 23163
0 9 52 2 23182 -23142
0 9 53 2 -23177 -23178
0 9 54 2 23185 23158
0 9 55 2 -23149 -23153
0 9 56 2 -23165 23132
0 9 57 2 23187 -23153
0 9 58 2 -23153 -23194
0 9 59 2 -23188 -23183
0 9 60 2 -23138 -23211
0 9 61 2 -23157 23165
0 9 62 2 23177 -23168
0 9 63 2 23138 23194
0 9 64 2 -23197 -23192
0 9 65 2 32754 19
0 9 66 2 -23157 -23189
0 9 67 2 -23179 -23155
0 9 68 2 23158 23154
0 9 69 2 -23180 -23146
0 9 70 2 23174 23170
0 9 71 2 -23152 -23166
0 9 72 2 23159 23175
0 9 73 2 -23144 -23188
0 9 74 2 23142 23169
0 9 75 2 23171 -23141
0 9 76 2 -23164 23121
0 9 77 2 23184 -23140
0 9 78 2 -23167 23158
0 9 79 2 23164 -23154
0 9 80 2 23212 -23178
0 9 81 2 -23174 -23166
0 9 82 2 -23153 23203
0 9 83 2 -23184 -23166
0 9 84 2 -23150 -23163
0 9 85 2 23176 23208
0 9 86 2 -23180 23150
0 9 87 2 -23198 23166
0 9 88 2 23185 23158
0 9 89 2 -23199 23170
0 9 90 2 23139 23172
0 9 91 2 -23164 23136
0 9 92 2 23158 23187
0 9 93 2 -23138 -23179
0 9 94 2 -23174 -23200
0 9 95 2 23139 23173
0 9 96 2 -23168 -23156
0 9 97 2 32763 17
0 9 98 2 23195 -23167
0 9 99 2 23158 -23186
0 9 100 2 -23168 -23196
0 9 101 2 -23137 -23200
0 9 102 2 -23147 -23166
0 9 103 2 -23192 23164
0 9 104 2 23168 -23164
0 9 105 2 23185 -23178
0 9 106 2 -23145 23199
0 9 107 2 23212 -23186
0 9 108 2 23154 23165
0 9 109 2 23162 23177
0 9 110 2 -23178 -23164
0 9 111 2 23141 23189
0 9 112 2 23161 23185
0 9 113 2 -14 28
0 9 114 2 -11 -29
0 9 115 2 -24 -14
0 9 116 2 -20 -16
0 9 117 2 -14 0
0 9 118 2 0 4
0 9 119 2 -14 6
0 9 120 2 15 -14
0 9 121 2 22 -29
0 9 122 2 -6 15
0 9 123 2 17 -28
0 9 124 2 -23 -17
0 9 125 2 9 29
0 9 126 2 43 -19
0 9 127 2 27 0
0 9 128 2 -12 -23
0 9 129 2 0 7
0 9 130 2 -19 2
0 9 131 2 5 5
0 9 132 2 13 -2
0 9 133 2 -41 -9
0 9 134 2 -26 -20
0 9 135 2 -27 -7
0 9 136 2 -18 -4
0 9 137 2 -9 1
0 9 138 2 15 -28
0 9 139 2 -6 8
0 9 140 2 21 -9
0 9 141 2 9 8
0 9 142 2 43 33
0 9 143 2 -19 5
0 9 144 2 23196 23175
0 9 145 2 23155 23149
0 9 146 2 23177 -23160
0 9 147 2 23156 -23152
0 9 148 2 -23202 23156
0 9 149 2 -23170 -23173
0 9 150 2 -23152 -23143
0 9 151 2 23176 -23153
0 9 152 2 -23147 23149
0 9 153 2 -23225 23153
0 9 154 2 23192 -23136
0 9 155 2 23163 23160
0 9 156 2 -23180 23148
0 9 157 2 23205 -23177
0 9 158 2 23176 -23165
0 9 159 2 32770 25
0 9 160 2 -23178 23157
0 9 161 2 23152 23165
0 9 162 2 -23154 -23170
0 9 163 2 23207 -23140
0 9 164 2 23151 23163
0 9 165 2 -23160 -23166
0 9 166 2 -23152 -23185
0 9 167 2 23177 -23168
0 9 168 2 23166 -23167
0 9 169 2 23163 23148
0 9 170 2 23189 -23163
0 9 171 2 23194 -23189
0 9 172 2 23180 23165
0 9 173 2 23164 23153
0 9 174 2 23162 -23165
0 9 175 2 -23178 23169
0 9 176 2 -23169 23167
0 9 177 2 23168 23176
0 9 178 2 23142 23199
0 9 179 2 23185 23190
0 9 180 2 23190 -23206
0 9 181 2 -23191 23155
0 9 182 2 23150 -23171
0 9 183 2 -23167 -23188
0 9 184 2 -23162 -23178
0 9 185 2 -23159 -23172
0 9 186 2 -23146 -23174
0 9 187 2 -23230 23162
0 9 188 2 23184 -23182
0 9 189 2 23174 23206
0 9 190 2 -23178 -23177
0 9 191 2 32798 5
0 9 192 2 23135 23196
0 9 193 2 -23168 -23191
0 9 194 2 -23170 -23152
0 9 195 2 -23190 23150
0 9 196 2 -23164 23150
0 9 197 2 23190 -23152
0 9 198 2 23174 -23181
0 9 199 2 -23147 23146
0 9 200 2 23180 -23149
0 9 201 2 -23152 -23171
0 9 202 2 -23165 -23216
0 9 203 2 -23149 23159
0 9 204 2 -23169 -23164
0 9 205 2 23142 23190
0 9 206 2 -23161 -23190
0 9 207 2 23182 -23156
0 9 208 2 23165 23151
0 9 209 2 -23169 -23181
0 9 210 2 -23160 -23180
0 9 211 2 -23164 -23194
0 9 212 2 -23154 23192
0 9 213 2 23177 23175
0 9 214 2 23176 23184
0 9 215 2 -23159 -23162
0 9 216 2 -23170 23138
0 9 217 2 -23157 -23151
0 9 218 2 23149 23204
0 9 219 2 -23177 23190
0 9 220 2 23134 23135
0 9 221 2 23167 -23149
0 9 222 2 -23199 23146
0 9 223 2 32780 15
0 9 224 2 -23165 23152
0 9 225 2 23173 -23181
0 9 226 2 -23144 -23179
0 9 227 2 23163 23219
0 9 228 2 -23143 -23186
0 9 229 2 23171 -23149
0 9 230 2 23167 23206
0 9 231 2 23188 -23154
0 9 232 2 -23140 23135
0 9 233 2 23185 23157
0 9 234 2 23141 23190
0 9 235 2 23163 23151
0 9 236 2 23159 23173
0 9 237 2 23157 -23147
0 9 238 2 23157 -23125
0 9 239 2 23149 23134
0 9 240 2 23180 -23168
0 9 241 2 -23137 -23150
0 9 242 2 -23158 -23180
0 9 243 2 23194 -23144
0 9 244 2 23143 23168
0 9 245 2 23202 -23156
0 9 246 2 -23177 23171
0 9 247 2 -23194 -23156
0 9 248 2 23163 -23181
0 9 249 2 23175 -23170
0 9 250 2 -23188 23191
0 9 251 2 -23172 23161
0 9 252 2 -23148 23184
0 9 253 2 23161 -23159
0 9 254 2 23178 23179
0 9 255 2 32769 5
0 10 0 2 -465 72
0 10 1 2 32773 6
0 10 2 2 23191 23127
0 10 3 2 23188 -23156
0 10 4 2 23173 23174
0 10 5 2 -23178 23174
0 10 6 2 -23155 23153
0 10 7 2 23159 23183
0 10 8 2 -23170 23145
0 10 9 2 23158 -23152
0 10 10 2 23150 23172
0 10 11 2 -23154 23183
0 10 12 2 -23127 23140
0 10 13 2 23158 23187
0 10 14 2 -23179 23146
0 10 15 2 -23156 -23194
0 10 16 2 -23171 23152
0 10 17 2 -23154 -23144
0 10 18 2 23152 -23146
0 10 19 2 -23173 23130
0 10 20 2 23192 -23116
0 10 21 2 -23152 -23187
0 10 22 2 -23167 -23196
0 10 23 2 -23160 23158
0 10 24 2 -23139 -23137
0 10 25 2 23134 23155
0 10 26 2 23179 -23150
0 10 27 2 -23180 23186
0 10 28 2 -23175 23166
0 10 29 2 23172 -23131
0 10 30 2 23166 23144
0 10 31 2 -23164 -23211
0 10 32 2 23155 23175
0 10 33 2 32797 7
0 10 34 2 23153 -23214
0 10 35 2 -23201 23144
0 10 36 2 23152 -23150
0 10 37 2 23163 23191
0 10 38 2 -23146 -23177
0 10 39 2 23147 23149
0 10 40 2 -23151 -23180
0 10 41 2 23163 -23186
0 10 42 2 23174 -23155
0 10 43 2 23161 -23157
0 10 44 2 23156 23155
0 10 45 2 -23160 23144
0 10 46 2 23157 23178
0 10 47 2 -23183 -23164
0 10 48 2 -23200 23153
0 10 49 2 -23158 23178
0 10 50 2 -23135 -23187
0 10 51 2 -23177 23152
0 10 52 2 -23181 23146
0 10 53 2 23160 23143
0 10 54 2 23133 23176
0 10 55 2 23181 -23127
0 10 56 2 -23145 -23177
0 10 57 2 -23166 23167
0 10 58 2 23189 -23187
0 10 59 2 23152 23192
0 10 60 2 23172 -23145
0 10 61 2 23170 23169
0 10 62 2 -23131 -23202
0 10 63 2 -23153 23142
0 10 64 2 23198 23151
0 10 65 2 32769 -7
0 10 66 2 23144 23191
0 10 67 2 -23165 23149
0 10 68 2 23210 -23138
0 10 69 2 23162 -23157
0 10 70 2 -23144 23141
0 10 71 2 -23165 23152
0 10 72 2 -23189 -23221
0 10 73 2 23201 -23179
0 10 74 2 23208 23159
0 10 75 2 23153 23188
0 10 76 2 -23167 -23178
0 10 77 2 23183 -23194
0 10 78 2 23168 23187
0 10 79 2 23120 23161
0 10 80 2 -23148 -23179
0 10 81 2 23182 -23125
0 10 82 2 23198 -23174
0 10 83 2 -23171 23148
0 10 84 2 -23157 -23183
0 10 85 2 -23170 23161
0 10 86 2 23183 -23140
0 10 87 2 23159 23148
0 10 88 2 -23182 23135
0 10 89 2 23184 23198
0 10 90 2 -23158 23129
0 10 91 2 23191 -23121
0 10 92 2 23170 -23183
0 10 93 2 23186 -23172
0 10 94 2 23146 -23142
0 10 95 2 -23185 -23171
0 10 96 2 -23121 -23191
0 10 97 2 32724 8
0 10 98 2 23195 -23155
0 10 99 2 -23147 -23186
0 10 100 2 -23180 23143
0 10 101 2 23152 -23180
0 10 102 2 -23198 23137
0 10 103 2 23135 23156
0 10 104 2 23173 -23112
0 10 105 2 -23171 -23207
0 10 106 2 -23196 23159
0 10 107 2 23173 23212
0 10 108 2 23204 -23144
0 10 109 2 23160 23171
0 10 110 2 -23162 23175
0 10 111 2 -23203 23178
0 10 112 2 23186 -23168
0 10 113 2 2 14
0 10 114 2 1 13
0 10 115 2 4 0
0 10 116 2 13 32
0 10 117 2 -11 1
0 10 118 2 -10 7
0 10 119 2 8 -4
0 10 120 2 -15 17
0 10 121 2 5 0
0 10 122 2 -6 -14
0 10 123 2 -30 8
0 10 124 2 3 -10
0 10 125 2 16 -24
0 10 126 2 19 20
0 10 127 2 -21 14
0 10 128 2 19 10
0 10 129 2 -10 -7
0 10 130 2 -8 10
0 10 131 2 26 -29
0 10 132 2 -9 3
0 10 133 2 30 -34
0 10 134 2 8 -5
0 10 135 2 1 4
0 10 136 2 42 2
0 10 137 2 -28 -39
0 10 138 2 49 -6
0 10 139 2 41 9
0 10 140 2 -29 -25
0 10 141 2 -3 5
0 10 142 2 10 10
0 10 143 2 0 1
0 10 144 2 -23164 -23171
0 10 145 2 23150 23177
0 10 146 2 -23153 23156
0 10 147 2 -23156 23151
0 10 148 2 23192 -23184
0 10 149 2 -23191 23163
0 10 150 2 23137 -23146
0 10 151 2 23191 -23146
0 10 152 2 23167 -23149
0 10 153 2 -23154 23147
0 10 154 2 -23148 -23156
0 10 155 2 -23173 23126
0 10 156 2 23141 -23160
0 10 157 2 23160 23167
0 10 158 2 -23167 23140
0 10 159 2 32784 6
0 10 160 2 23164 -23155
0 10 161 2 -23147 -23178
0 10 162 2 -23145 -23177
0 10 163 2 -23160 23199
0 10 164 2 -23200 -23198
0 10 165 2 -23196 -23188
0 10 166 2 -23158 23130
0 10 167 2 -23162 -23171
0 10 168 2 -23152 -23192
0 10 169 2 -23151 -23184
0 10 170 2 -23203 23150
0 10 171 2 23152 -23139
0 10 172 2 -23185 -23192
0 10 173 2 -23182 -23172
0 10 174 2 -23185 23152
0 10 175 2 -23200 23167
0 10 176 2 23164 -23170
0 10 177 2 23186 23181
0 10 178 2 -23162 -23167
0 10 179 2 23181 -23144
0 10 180 2 -23176 23141
0 10 181 2 -23173 -23144
0 10 182 2 23181 -23125
0 10 183 2 -23180 23155
0 10 184 2 -23170 -23188
0 10 185 2 23174 -23166
0 10 186 2 23189 -23169
0 10 187 2 -23189 23172
0 10 188 2 23195 -23166
0 10 189 2 -23152 23160
0 10 190 2 23142 -23148
0 10 191 2 32787 0
0 10 192 2 23184 -23189
0 10 193 2 -23145 -23155
0 10 194 2 -23181 23164
0 10 195 2 23152 -23215
0 10 196 2 23159 23151
0 10 197 2 23157 23168
0 10 198 2 23185 -23126
0 10 199 2 23176 -23173
0 10 200 2 23168 23169
0 10 201 2 -23177 -23170
0 10 202 2 -23182 23147
0 10 203 2 23193 -23163
0 10 204 2 -23190 -23165
0 10 205 2 -23184 23188
0 10 206 2 23197 -23180
0 10 207 2 -23186 23166
0 10 208 2 23184 23198
0 10 209 2 -23183 23145
0 10 210 2 -23177 -23208
0 10 211 2 23156 23162
0 10 212 2 -23165 23131
0 10 213 2 -23144 -23156
0 10 214 2 -23154 -23162
0 10 215 2 -23185 23185
0 10 216 2 -23193 23142
0 10 217 2 23172 23182
0 10 218 2 -23186 23152
0 10 219 2 -23178 -23162
0 10 220 2 -23160 -23172
0 10 221 2 23146 23186
0 10 222 2 23163 23177
0 10 223 2 32751 22
0 10 224 2 -23174 -23184
0 10 225 2 23164 -23136
0 10 226 2 -23135 -23166
0 10 227 2 -23179 -23172
0 10 228 2 -23168 -23211
0 10 229 2 -23153 -23174
0 10 230 2 -23187 23152
0 10 231 2 -23175 -23144
0 10 232 2 -23184 23133
0 10 233 2 -23178 -23164
0 10 234 2 -23159 -23202
0 10 235 2 23169 -23167
0 10 236 2 23146 -23151
0 10 237 2 23188 -23140
0 10 238 2 -23176 23170
0 10 239 2 23154 -23168
0 10 240 2 -23162 -23174
0 10 241 2 -23173 23183
0 10 242 2 23172 23202
0 10 243 2 -23163 -23183
0 10 244 2 -23173 23147
0 10 245 2 -23153 -23203
0 10 246 2 23167 23151
0 10 247 2 -23150 23163
0 10 248 2 -23169 -23155
0 10 249 2 -23139 -23182
0 10 250 2 -23152 -23191
0 10 251 2 23171 23153
0 10 252 2 23164 23177
0 10 253 2 -23165 23175
0 10 254 2 -23178 -23157
0 10 255 2 32740 28
0 11 0 2 -446 92
0 11 1 2 32777 22
0 11 2 2 23169 -23182
0 11 3 2 -23156 -23148
0 11 4 2 -23102 -23200
0 11 5 2 23212 -23144
0 11 6 2 23180 -23161
0 11 7 2 -23185 -23189
0 11 8 2 -23154 23173
0 11 9 2 -23155 23159
0 11 10 2 23198 -23160
0 11 11 2 -23120 -23179
0 11 12 2 23203 23185
0 11 13 2 23141 23164
0 11 14 2 -23157 23165
0 11 15 2 -23152 -23181
0 11 16 2 -23142 23167
0 11 17 2 23163 -23153
0 11 18 2 23154 -23122
0 11 19 2 23177 -23179
0 11 20 2 23196 23166
0 11 21 2 23166 -23177
0 11 22 2 -23180 23159
0 11 23 2 23166 -23207
0 11 24 2 -23162 23154
0 11 25 2 23206 -23142
0 11 26 2 -23206 23159
0 11 27 2 -23151 23153
0 11 28 2 23139 -23176
0 11 29 2 23179 -23160
0 11 30 2 -23143 -23190
0 11 31 2 -23183 23171
0 11 32 2 -23192 23145
0 11 33 2 32752 -7
0 11 34 2 -23134 -23172
0 11 35 2 23161 -23153
0 11 36 2 -23167 23153
0 11 37 2 -23155 23146
0 11 38 2 23185 23183
0 11 39 2 23157 -23190
0 11 40 2 23190 -23232
0 11 41 2 23167 -23167
0 11 42 2 -23155 -23173
0 11 43 2 -23148 23137
0 11 44 2 23179 -23179
0 11 45 2 23190 -23123
0 11 46 2 23185 23167
0 11 47 2 -23167 -23161
0 11 48 2 -23197 23136
0 11 49 2 -23195 -23185
0 11 50 2 23172 23184
0 11 51 2 23171 23166
0 11 52 2 -23171 -23175
0 11 53 2 -23132 -23218
0 11 54 2 23180 23164
0 11 55 2 -23196 23177
0 11 56 2 -23139 23179
0 11 57 2 -23171 23165
0 11 58 2 23172 -23132
0 11 59 2 23158 -23140
0 11 60 2 23183 23171
0 11 61 2 23194 23205
0 11 62 2 -23191 23155
0 11 63 2 -23169 -23163
0 11 64 2 -23192 23212
0 11 65 2 32764 30
0 11 66 2 23150 23159
0 11 67 2 -23202 23150
0 11 68 2 -23124 -23165
0 11 69 2 23154 -23132
0 11 70 2 -23190 23178
0 11 71 2 -23174 23166
0 11 72 2 23205 -23165
0 11 73 2 23178 -23187
0 11 74 2 -23170 23166
0 11 75 2 23118 23178
0 11 76 2 -23175 23126
0 11 77 2 23170 23162
0 11 78 2 -23176 23145
0 11 79 2 23188 23192
0 11 80 2 23154 -23156
0 11 81 2 23139 23185
0 11 82 2 -23197 23181
0 11 83 2 23145 23191
0 11 84 2 -23197 -23192
0 11 85 2 23199 -23157
0 11 86 2 -23177 -23174
0 11 87 2 23182 23207
0 11 88 2 -23158 23163
0 11 89 2 -23156 23176
0 11 90 2 23150 -23166
0 11 91 2 -23194 -23159
0 11 92 2 23158 23205
0 11 93 2 23166 -23183
0 11 94 2 -23159 -23218
0 11 95 2 23131 23179
0 11 96 2 23172 23168
0 11 97 2 32759 41
0 11 98 2 -23159 -23174
0 11 99 2 23181 -23185
0 11 100 2 23182 -23151
0 11 101 2 -23153 23131
0 11 102 2 -23153 -23203
0 11 103 2 -23170 -23197
0 11 104 2 -23132 -23191
0 11 105 2 -23141 -23193
0 11 106 2 -23140 -23173
0 11 107 2 23179 -23164
0 11 108 2 23166 -23194
0 11 109 2 -23169 -23151
0 11 110 2 -23190 23150
0 11 111 2 -23146 -23168
0 11 112 2 23141 -23177
0 11 113 2 4 3
0 11 114 2 2 -15
0 11 115 2 23 1
0 11 116 2 2 -13
0 11 117 2 -16 -7
0 11 118 2 -9 9
0 11 119 2 10 -3
0 11 120 2 -17 -37
0 11 121 2 -7 -23
0 11 122 2 -13 -26
0 11 123 2 25 22
0 11 124 2 11 21
0 11 125 2 -29 -12
0 11 126 2 -30 -1
0 11 127 2 -20 9
0 11 128 2 30 24
0 11 129 2 24 -5
0 11 130 2 -5 -17
0 11 131 2 -7 1
0 11 132 2 11 -3
0 11 133 2 -2 -5
0 11 134 2 20 27
0 11 135 2 -20 -5
0 11 136 2 0 25
0 11 137 2 0 30
0 11 138 2 -13 -1
0 11 139 2 24 -6
0 11 140 2 0 1
0 11 141 2 42 4
0 11 142 2 -17 45
0 11 143 2 1 10
0 11 144 2 -23163 23167
0 11 145 2 -23181 23168
0 11 146 2 23182 23148
0 11 147 2 -23151 -23163
0 11 148 2 -23188 -23180
0 11 149 2 23228 -23172
0 11 150 2 -23152 -23174
0 11 151 2 23137 23196
0 11 152 2 23154 23180
0 11 153 2 23184 23201
0 11 154 2 -23141 -23167
0 11 155 2 -23188 23122
0 11 156 2 -23195 -23173
0 11 157 2 -23141 23175
0 11 158 2 -23203 23174
0 11 159 2 32783 9
0 11 160 2 23140 -23149
0 11 161 2 -23182 23165
0 11 162 2 23200 -23180
0 11 163 2 -23178 23177
0 11 164 2 -23166 -23173
0 11 165 2 -23184 23170
0 11 166 2 -23152 -23164
0 11 167 2 -23204 23168
0 11 168 2 23140 23146
0 11 169 2 23191 -23171
0 11 170 2 23176 -23168
0 11 171 2 -23155 23146
0 11 172 2 -23161 -23171
0 11 173 2 23146 23182
0 11 174 2 -23171 23147
0 11 175 2 -23143 -23173
0 11 176 2 -23174 23150
0 11 177 2 -23126 -23176
0 11 178 2 -23174 -23151
0 11 179 2 23147 -23148
0 11 180 2 -23172 -23164
0 11 181 2 -23164 23133
0 11 182 2 23198 -23187
0 11 183 2 23171 23236
0 11 184 2 23211 -23159
0 11 185 2 23177 -23169
0 11 186 2 23184 -23162
0 11 187 2 -23187 23144
0 11 188 2 23182 -23149
0 11 189 2 23159 -23144
0 11 190 2 -23188 23168
0 11 191 2 32770 1
0 11 192 2 23156 23140
0 11 193 2 -23146 -23171
0 11 194 2 -23149 23189
0 11 195 2 23138 23186
0 11 196 2 -23163 -23191
0 11 197 2 -23179 23133
0 11 198 2 23135 -23136
0 11 199 2 23181 23158
0 11 200 2 -23117 -23195
0 11 201 2 23161 23161
0 11 202 2 23146 23199
0 11 203 2 -23193 23146
0 11 204 2 23154 23185
0 11 205 2 23155 23175
0 11 206 2 -23148 23145
0 11 207 2 23147 23205
0 11 208 2 -23152 -23202
0 11 209 2 23174 23145
0 11 210 2 23143 -23166
0 11 211 2 -23185 23156
0 11 212 2 23187 23194
0 11 213 2 -23174 23126
0 11 214 2 -23181 -23183
0 11 215 2 -23196 23177
0 11 216 2 23154 23133
0 11 217 2 -23174 23154
0 11 218 2 23147 23206
0 11 219 2 23176 23229
0 11 220 2 -23168 23184
0 11 221 2 23185 23206
0 11 222 2 -23202 -23161
0 11 223 2 32749 9
0 11 224 2 23147 -23184
0 11 225 2 -23148 23185
0 11 226 2 -23149 -23156
0 11 227 2 -23193 23154
0 11 228 2 -23204 23152
0 11 229 2 -23163 -23192
0 11 230 2 -23195 23188
0 11 231 2 -23170 23155
0 11 232 2 23194 -23151
0 11 233 2 23154 23212
0 11 234 2 -23143 -23187
0 11 235 2 -23179 -23175
0 11 236 2 23131 -23150
0 11 237 2 23162 23181
0 11 238 2 23208 -23156
0 11 239 2 -23174 23127
0 11 240 2 23174 -23165
0 11 241 2 -23156 -23146
0 11 242 2 23153 -23166
0 11 243 2 -23172 -23119
0 11 244 2 -23152 -23205
0 11 245 2 23182 -23157
0 11 246 2 23169 23162
0 11 247 2 -23193 -23188
0 11 248 2 23189 -23151
0 11 249 2 23135 -23156
0 11 250 2 -23152 -23216
0 11 251 2 23161 23189
0 11 252 2 -23187 23162
0 11 253 2 -23146 -23182
0 11 254 2 -23166 -23186
0 11 255 2 32737 6
0 12 0 2 -466 94
0 12 1 2 32755 -21
0 12 2 2 23198 -23189
0 12 3 2 23175 23163
0 12 4 2 23184 -23161
0 12 5 2 23170 -23193
0 12 6 2 23167 23199
0 12 7 2 23188 -23180
0 12 8 2 23150 23151
0 12 9 2 23198 -23156
0 12 10 2 23178 -23150
0 12 11 2 23143 23174
0 12 12 2 -23181 23155
0 12 13 2 -23179 23155
0 12 14 2 23135 23179
0 12 15 2 23149 23197
0 12 16 2 -23173 -23180
0 12 17 2 -23147 -23150
0 12 18 2 -23177 23110
0 12 19 2 -23176 23163
0 12 20 2 23150 -23169
0 12 21 2 23193 -23166
0 12 22 2 23151 -23164
0 12 23 2 23160 23174
0 12 24 2 -23160 23180
0 12 25 2 23236 -23178
0 12 26 2 23178 23171
0 12 27 2 -23154 -23133
0 12 28 2 -23201 23150
0 12 29 2 23153 23187
0 12 30 2 -23169 -23146
0 12 31 2 23190 23176
0 12 32 2 23170 23151
0 12 33 2 32754 7
0 12 34 2 23180 -23165
0 12 35 2 23134 -23153
0 12 36 2 -23199 23165
0 12 37 2 23169 -23158
0 12 38 2 -23151 -23179
0 12 39 2 -23141 -23185
0 12 40 2 23166 -23138
0 12 41 2 -23181 -23136
0 12 42 2 23144 23154
0 12 43 2 -23158 23175
0 12 44 2 -23173 -23163
0 12 45 2 23161 23193
0 12 46 2 23212 23169
0 12 47 2 -23134 -23156
0 12 48 2 23184 -23156
0 12 49 2 -23174 -23162
0 12 50 2 -23170 -23159
0 12 51 2 -23138 -23179
0 12 52 2 -23187 23147
0 12 53 2 23168 23174
0 12 54 2 23152 23158
0 12 55 2 23170 -23146
0 12 56 2 23196 23186
0 12 57 2 -23164 -23167
0 12 58 2 -23186 23161
0 12 59 2 23138 23182
0 12 60 2 -23183 -23186
0 12 61 2 23172 -23176
0 12 62 2 -23199 23182
0 12 63 2 -23208 23171
0 12 64 2 23153 23165
0 12 65 2 32773 30
0 12 66 2 23192 -23146
0 12 67 2 -23166 -23148
0 12 68 2 -23147 -23161
0 12 69 2 23188 -23170
0 12 70 2 -23194 23148
0 12 71 2 -23195 -23201
0 12 72 2 -23183 -23180
0 12 73 2 -23181 -23147
0 12 74 2 -23200 23160
0 12 75 2 -23160 23138
0 12 76 2 -23177 23145
0 12 77 2 23201 -23158
0 12 78 2 -23162 23154
0 12 79 2 23169 23169
0 12 80 2 23128 23190
0 12 81 2 23162 23155
0 12 82 2 -23147 -23157
0 12 83 2 23121 23141
0 12 84 2 -23167 -23177
0 12 85 2 -23205 23146
0 12 86 2 -23162 -23208
0 12 87 2 23147 23162
0 12 88 2 23169 -23166
0 12 89 2 23176 23166
0 12 90 2 -23168 -23153
0 12 91 2 23155 -23158
0 12 92 2 -23148 -23192
0 12 93 2 -23159 -23171
0 12 94 2 -23187 23146
0 12 95 2 -23180 23173
0 12 96 2 23167 23169
0 12 97 2 32743 10
0 12 98 2 -23148 -23160
0 12 99 2 23154 23180
0 12 100 2 -23135 -23192
0 12 101 2 -23158 -23182
0 12 102 2 23166 23190
0 12 103 2 -23188 23156
0 12 104 2 23153 23169
0 12 105 2 23174 -23187
0 12 106 2 23190 -23154
0 12 107 2 23170 -23152
0 12 108 2 23191 -23155
0 12 109 2 23146 23196
0 12 110 2 -23181 23162
0 12 111 2 23167 23174
0 12 112 2 -23169 -23203
0 12 113 2 -11 -21
0 12 114 2 -28 41
0 12 115 2 -21 58
0 12 116 2 3 12
0 12 117 2 -2 2
0 12 118 2 -3 -18
0 12 119 2 1 -19
0 12 120 2 8 6
0 12 121 2 18 -16
0 12 122 2 -9 -5
0 12 123 2 -12 -5
0 12 124 2 20 7
0 12 125 2 -12 -14
0 12 126 2 24 -1
0 12 127 2 -7 16
0 12 128 2 17 8
0 12 129 2 27 6
0 12 130 2 30 18
0 12 131 2 25 -17
0 12 132 2 10 10
0 12 133 2 8 20
0 12 134 2 -16 -3
0 12 135 2 14 22
0 12 136 2 -2 -5
0 12 137 2 -15 10
0 12 138 2 4 -7
0 12 139 2 -13 -12
0 12 140 2 -5 -21
0 12 141 2 23 -16
0 12 142 2 12 4
0 12 143 2 28 35
0 12 144 2 23158 23163
0 12 145 2 23162 -23150
0 12 146 2 -23152 -23185
0 12 147 2 23156 -23126
0 12 148 2 -23155 23165
0 12 149 2 -23154 -23158
0 12 150 2 -23165 23148
0 12 151 2 23148 23241
0 12 152 2 -23188 -23191
0 12 153 2 -23158 -23166
0 12 154 2 -23189 23161
0 12 155 2 -23179 -23158
0 12 156 2 23206 -23156
0 12 157 2 23176 -23166
0 12 158 2 -23154 -23174
0 12 159 2 32753 9
0 12 160 2 -23200 23160
0 12 161 2 23194 23146
0 12 162 2 -23196 23163
0 12 163 2 -23155 23143
0 12 164 2 -23167 23198
0 12 165 2 -23198 23139
0 12 166 2 23158 -23124
0 12 167 2 23193 -23133
0 12 168 2 -23171 -23185
0 12 169 2 23145 23177
0 12 170 2 23178 23163
0 12 171 2 23185 -23167
0 12 172 2 23201 -23155
0 12 173 2 23181 -23171
0 12 174 2 -23173 -23162
0 12 175 2 23189 23179
0 12 176 2 23176 23152
0 12 177 2 23165 -23173
0 12 178 2 23167 -23170
0 12 179 2 23142 -23152
0 12 180 2 -23164 -23201
0 12 181 2 -23168 -23202
0 12 182 2 23188 -23206
0 12 183 2 23163 23189
0 12 184 2 23146 23201
0 12 185 2 -23155 23119
0 12 186 2 -23168 23187
0 12 187 2 23152 23185
0 12 188 2 23180 -23121
0 12 189 2 -23157 -23181
0 12 190 2 23118 -23142
0 12 191 2 32800 4
0 12 192 2 -23160 23109
0 12 193 2 23158 -23161
0 12 194 2 -23193 23137
0 12 195 2 -23127 -23198
0 12 196 2 -23175 -23195
0 12 197 2 -23184 23154
0 12 198 2 23182 -23158
0 12 199 2 -23148 23110
0 12 200 2 23160 23195
0 12 201 2 23180 23185
0 12 202 2 -23143 -23161
0 12 203 2 23202 -23156
0 12 204 2 23193 -23137
0 12 205 2 -23146 -23160
0 12 206 2 23194 -23165
0 12 207 2 23161 23194
0 12 208 2 23177 23158
0 12 209 2 -23148 -23182
0 12 210 2 23167 23211
0 12 211 2 -23182 23163
0 12 212 2 23202 -23161
0 12 213 2 -23178 23149
0 12 214 2 -23151 -23162
0 12 215 2 -23191 -23142
0 12 216 2 -23191 23170
0 12 217 2 -23150 -23156
0 12 218 2 -23152 -23153
0 12 219 2 -23159 23164
0 12 220 2 23203 -23184
0 12 221 2 -23162 23139
0 12 222 2 -23176 -23167
0 12 223 2 32754 2
0 12 224 2 -23185 23182
0 12 225 2 -23181 -23167
0 12 226 2 23143 23170
0 12 227 2 -23171 23147
0 12 228 2 -23151 -23153
0 12 229 2 23202 -23176
0 12 230 2 -23197 23131
0 12 231 2 -23189 -23186
0 12 232 2 -23176 23162
0 12 233 2 23152 23184
0 12 234 2 -23182 23183
0 12 235 2 -23152 -23188
0 12 236 2 23168 23196
0 12 237 2 -23167 -23170
0 12 238 2 23190 -23152
0 12 239 2 23175 -23155
0 12 240 2 -23171 -23188
0 12 241 2 23157 -23164
0 12 242 2 23174 -23135
0 12 243 2 23175 23175
0 12 244 2 23171 23170
0 12 245 2 23181 23166
0 12 246 2 -23158 -23162
0 12 247 2 23186 23164
0 12 248 2 23180 -23123
0 12 249 2 23170 -23186
0 12 250 2 23183 23190
0 12 251 2 -23182 -23172
0 12 252 2 23183 -23157
0 12 253 2 -23164 -23185
0 12 254 2 -23154 -23209
0 12 255 2 32764 -30
0 13 0 2 -462 99
0 13 1 2 32778 1
0 13 2 2 23159 23170
0 13 3 2 -23166 -23180
0 13 4 2 -23169 23206
0 13 5 2 23161 23148
0 13 6 2 -23146 23163
0 13 7 2 23174 -23174
0 13 8 2 -23134 -23180
0 13 9 2 23125 23176
0 13 10 2 -23196 23142
0 13 11 2 23152 23156
0 13 12 2 23151 23177
0 13 13 2 23161 -23123
0 13 14 2 -23152 23172
0 13 15 2 23162 23190
0 13 16 2 23181 -23179
0 13 17 2 -23148 -23159
0 13 18 2 -23130 -23175
0 13 19 2 23175 -23163
0 13 20 2 -23167 23141
0 13 21 2 23156 23210
0 13 22 2 -23191 -23167
0 13 23 2 23163 23184
0 13 24 2 -23188 23185
0 13 25 2 -23157 -23156
0 13 26 2 23167 -23164
0 13 27 2 23184 23191
0 13 28 2 -23206 23202
0 13 29 2 -23205 23151
0 13 30 2 -23159 23176
0 13 31 2 -23169 23174
0 13 32 2 -23162 23145
0 13 33 2 32784 5
0 13 34 2 23156 23170
0 13 35 2 23209 23164
0 13 36 2 -23135 -23153
0 13 37 2 23185 -23166
0 13 38 2 23144 23149
0 13 39 2 23166 23185
0 13 40 2 23179 -23193
0 13 41 2 23204 -23151
0 13 42 2 23180 23179
0 13 43 2 -23174 -23195
0 13 44 2 -23158 -23143
0 13 45 2 -23160 -23201
0 13 46 2 -23199 23217
0 13 47 2 23199 -23169
0 13 48 2 23174 -23169
0 13 49 2 23171 -23208
0 13 50 2 23153 23150
0 13 51 2 23226 -23113
0 13 52 2 -23166 23171
0 13 53 2 23201 -23185
0 13 54 2 23179 -23188
0 13 55 2 23158 23141
0 13 56 2 23178 -23178
0 13 57 2 -23201 -23170
0 13 58 2 23175 23171
0 13 59 2 -23151 -23164
0 13 60 2 -23145 -23150
0 13 61 2 23149 -23176
0 13 62 2 -23165 23150
0 13 63 2 -23152 -23162
0 13 64 2 -23167 23154
0 13 65 2 32736 0
0 13 66 2 23200 -23147
0 13 67 2 -23172 -23154
0 13 68 2 23137 23179
0 13 69 2 23187 -23165
0 13 70 2 23144 -23182
0 13 71 2 -23138 -23155
0 13 72 2 23154 23190
0 13 73 2 23134 23184
0 13 74 2 -23179 23188
0 13 75 2 23166 -23186
0 13 76 2 -23164 -23173
0 13 77 2 23181 23157
0 13 78 2 -23182 23177
0 13 79 2 23140 23186
0 13 80 2 -23198 23177
0 13 81 2 -23138 -23174
0 13 82 2 23217 -23194
0 13 83 2 23208 -23191
0 13 84 2 23176 23182
0 13 85 2 23167 -23147
0 13 86 2 23137 23198
0 13 87 2 23147 23174
0 13 88 2 -23166 23179
0 13 89 2 23161 -23127
0 13 90 2 23173 -23187
0 13 91 2 23201 23173
0 13 92 2 -23166 -23185
0 13 93 2 -23138 -23176
0 13 94 2 23186 23186
0 13 95 2 -23187 23158
0 13 96 2 23150 -23176
0 13 97 2 32788 15
0 13 98 2 23178 23169
0 13 99 2 -23176 23180
0 13 100 2 -23182 23127
0 13 101 2 23169 23176
0 13 102 2 23195 -23177
0 13 103 2 23156 23161
0 13 104 2 -23165 -23143
0 13 105 2 -23183 23165
0 13 106 2 23175 -23136
0 13 107 2 23150 23196
0 13 108 2 23148 -23159
0 13 109 2 -23140 -23183
0 13 110 2 23171 23203
0 13 111 2 23149 23212
0 13 112 2 23178 23175
0 13 113 2 2 2
0 13 114 2 15 3
0 13 115 2 15 -13
0 13 116 2 -21 6
0 13 117 2 20 -3
0 13 118 2 -2 -15
0 13 119 2 -4 -11
0 13 120 2 -49 -6
0 13 121 2 -15 -8
0 13 122 2 9 5
0 13 123 2 6 5
0 13 124 2 5 -13
0 13 125 2 5 -17
0 13 126 2 -16 -6
0 13 127 2 2 -36
0 13 128 2 -14 -18
0 13 129 2 6 0
0 13 130 2 -28 17
0 13 131 2 -5 21
0 13 132 2 6 5
0 13 133 2 5 -13
0 13 134 2 -23 10
0 13 135 2 0 -13
0 13 136 2 -29 -8
0 13 137 2 24 7
0 13 138 2 -10 7
0 13 139 2 27 -6
0 13 140 2 -9 10
0 13 141 2 3 6
0 13 142 2 -20 -46
0 13 143 2 4 0
0 13 144 2 23170 -23157
0 13 145 2 -23160 23176
0 13 146 2 23181 -23175
0 13 147 2 23174 23211
0 13 148 2 -23139 23190
0 13 149 2 23162 -23158
0 13 150 2 -23166 -23148
0 13 151 2 23193 23146
0 13 152 2 -23151 -23186
0 13 153 2 23187 -23160
0 13 154 2 23209 -23153
0 13 155 2 -23190 23158
0 13 156 2 23194 -23126
0 13 157 2 23204 -23193
0 13 158 2 23141 23176
0 13 159 2 32774 -12
0 13 160 2 23176 -23151
0 13 161 2 -23204 23177
0 13 162 2 23161 -23165
0 13 163 2 23175 -23146
0 13 164 2 23126 23187
0 13 165 2 23176 23170
0 13 166 2 23160 23183
0 13 167 2 -23174 23169
0 13 168 2 23178 -23156
0 13 169 2 -23159 -23166
0 13 170 2 23159 23151
0 13 171 2 23159 23181
0 13 172 2 -23184 23156
0 13 173 2 23183 23205
0 13 174 2 23186 -23155
0 13 175 2 -23126 -23182
0 13 176 2 -23150 -23159
0 13 177 2 -23175 23206
0 13 178 2 -23204 23118
0 13 179 2 23186 -23166
0 13 180 2 -23197 23155
0 13 181 2 -23152 -23210
0 13 182 2 23183 -23157
0 13 183 2 -23217 23114
0 13 184 2 23147 23140
0 13 185 2 -23176 23135
0 13 186 2 23178 -23152
0 13 187 2 23212 -23141
0 13 188 2 23164 23164
0 13 189 2 -23137 -23217
0 13 190 2 -23179 23128
0 13 191 2 32778 -3
0 13 192 2 -23165 23170
0 13 193 2 -23162 23159
0 13 194 2 -23174 23158
0 13 195 2 23178 23147
0 13 196 2 23171 23150
0 13 197 2 23207 23149
0 13 198 2 -23172 23112
0 13 199 2 -23150 -23159
0 13 200 2 23165 23149
0 13 201 2 23164 -23141
0 13 202 2 23157 23177
0 13 203 2 23155 23183
0 13 204 2 23154 23198
0 13 205 2 23173 -23170
0 13 206 2 -23144 -23182
0 13 207 2 -23128 -23190
0 13 208 2 23167 23187
0 13 209 2 23183 23194
0 13 210 2 -23162 23170
0 13 211 2 -23148 -23182
0 13 212 2 23167 23175
0 13 213 2 -23184 23175
0 13 214 2 -23195 23178
0 13 215 2 -23184 23158
0 13 216 2 23162 -23194
0 13 217 2 -23201 -23195
0 13 218 2 23219 -23158
0 13 219 2 -23162 23147
0 13 220 2 -23140 -23186
0 13 221 2 23162 -23150
0 13 222 2 23151 -23171
0 13 223 2 32762 43
0 13 224 2 23155 -23157
0 13 225 2 23147 23187
0 13 226 2 -23212 23132
0 13 227 2 23169 -23145
0 13 228 2 23175 -23145
0 13 229 2 23158 -23178
0 13 230 2 -23170 -23194
0 13 231 2 23170 -23178
0 13 232 2 -23139 -23162
0 13 233 2 23166 23165
0 13 234 2 -23140 23140
0 13 235 2 -23173 23187
0 13 236 2 23143 -23159
0 13 237 2 -23215 23158
0 13 238 2 23177 23162
0 13 239 2 -23138 -23198
0 13 240 2 -23162 23157
0 13 241 2 23162 23169
0 13 242 2 23162 -23165
0 13 243 2 -23190 23176
0 13 244 2 23137 23192
0 13 245 2 -23179 -23186
0 13 246 2 -23147 -23189
0 13 247 2 -23161 23185
0 13 248 2 -23188 23165
0 13 249 2 23162 23193
0 13 250 2 -23176 -23176
0 13 251 2 23132 23174
0 13 252 2 -23171 23180
0 13 253 2 -23130 -23200
0 13 254 2 23181 -23156
0 13 255 2 32745 22
0 14 0 2 -441 79
0 14 1 2 32782 -10
0 14 2 2 -23149 -23161
0 14 3 2 23160 23168
0 14 4 2 23174 23169
0 14 5 2 -23199 23128
0 14 6 2 23147 23160
0 14 7 2 -23187 -23177
0 14 8 2 23190 -23187
0 14 9 2 -23195 23145
0 14 10 2 -23149 -23170
0 14 11 2 23130 -23149
0 14 12 2 -23164 23193
0 14 13 2 23159 -23169
0 14 14 2 23161 -23165
0 14 15 2 23163 -23136
0 14 16 2 -23163 -23156
0 14 17 2 23151 23149
0 14 18 2 -23165 23174
0 14 19 2 -23187 23156
0 14 20 2 -23144 -23195
0 14 21 2 23170 23177
0 14 22 2 23169 -23183
0 14 23 2 23190 23200
0 14 24 2 -23150 -23161
0 14 25 2 23163 23171
0 14 26 2 23163 23168
0 14 27 2 -23163 -23145
0 14 28 2 -23145 -23171
0 14 29 2 23164 23166
0 14 30 2 23200 -23177
0 14 31 2 23200 -23190
0 14 32 2 -23160 -23193
0 14 33 2 32785 2
0 14 34 2 -23125 -23173
0 14 35 2 -23179 -23174
0 14 36 2 23195 -23158
0 14 37 2 -23148 -23202
0 14 38 2 23200 -23140
0 14 39 2 -23197 -23187
0 14 40 2 -23176 23146
0 14 41 2 23176 -23153
0 14 42 2 23151 23164
0 14 43 2 -23189 -23158
0 14 44 2 23155 -23158
0 14 45 2 -23153 -23144
0 14 46 2 -23177 -23163
0 14 47 2 23119 23147
0 14 48 2 23155 23181
0 14 49 2 -23170 -23178
0 14 50 2 -23161 -23182
0 14 51 2 23213 23179
0 14 52 2 -23184 23158
0 14 53 2 -23153 -23180
0 14 54 2 -23177 23154
0 14 55 2 -23173 -23169
0 14 56 2 -23166 23150
0 14 57 2 23161 -23170
0 14 58 2 23153 -23145
0 14 59 2 -23187 23133
0 14 60 2 -23195 23185
0 14 61 2 23181 -23199
0 14 62 2 23155 23194
0 14 63 2 23139 23155
0 14 64 2 -23216 23168
0 14 65 2 32774 20
0 14 66 2 23148 -23158
0 14 67 2 23179 -23149
0 14 68 2 23160 23147
0 14 69 2 23184 23163
0 14 70 2 -23164 -23154
0 14 71 2 -23226 23164
0 14 72 2 23175 23174
0 14 73 2 23168 23170
0 14 74 2 -23124 -23159
0 14 75 2 -23169 -23156
0 14 76 2 23191 -23107
0 14 77 2 23146 23164
0 14 78 2 -23185 23149
0 14 79 2 23193 -23159
0 14 80 2 23169 -23172
0 14 81 2 23170 23190
0 14 82 2 -23184 -23163
0 14 83 2 23201 -23177
0 14 84 2 -23190 23156
0 14 85 2 -23203 23171
0 14 86 2 -23175 23167
0 14 87 2 23145 23209
0 14 88 2 23169 -23190
0 14 89 2 -23174 23166
0 14 90 2 23182 23191
0 14 91 2 23194 -23179
0 14 92 2 23186 23151
0 14 93 2 23148 23188
0 14 94 2 23200 -23158
0 14 95 2 -23179 23147
0 14 96 2 -23179 23140
0 14 97 2 32772 8
0 14 98 2 23163 23176
0 14 99 2 23182 -23166
0 14 100 2 -23137 23188
0 14 101 2 23172 23202
0 14 102 2 -23155 23145
0 14 103 2 -23171 23145
0 14 104 2 23176 -23160
0 14 105 2 -23169 23192
0 14 106 2 -23158 -23203
0 14 107 2 -23127 -23130
0 14 108 2 -23168 23153
0 14 109 2 23182 -23204
0 14 110 2 -23152 -23174
0 14 111 2 23170 -23157
0 14 112 2 -23150 -23138
0 14 113 2 -3 1
0 14 114 2 5 2
0 14 115 2 -2 0
0 14 116 2 12 31
0 14 117 2 26 -11
0 14 118 2 5 39
0 14 119 2 4 4
0 14 120 2 4 8
0 14 121 2 5 0
0 14 122 2 16 30
0 14 123 2 13 -19
0 14 124 2 9 16
0 14 125 2 19 34
0 14 126 2 -14 -21
0 14 127 2 -7 0
0 14 128 2 -2 14
0 14 129 2 -2 -19
0 14 130 2 -14 15
0 14 131 2 18 -6
0 14 132 2 27 -27
0 14 133 2 19 -13
0 14 134 2 -28 5
0 14 135 2 -7 -3
0 14 136 2 -41 -5
0 14 137 2 16 -6
0 14 138 2 17 34
0 14 139 2 15 -17
0 14 140 2 -28 -20
0 14 141 2 12 -24
0 14 142 2 0 13
0 14 143 2 -26 13
0 14 144 2 -23180 23174
0 14 145 2 23159 -23151
0 14 146 2 -23198 23161
0 14 147 2 -23156 23152
0 14 148 2 23173 23199
0 14 149 2 23203 -23145
0 14 150 2 -23116 -23175
0 14 151 2 -23175 -23188
0 14 152 2 23179 -23197
0 14 153 2 23158 -23193
0 14 154 2 -23189 23155
0 14 155 2 -23151 -23152
0 14 156 2 -23220 23164
0 14 157 2 23165 23172
0 14 158 2 23167 -23170
0 14 159 2 32733 7
0 14 160 2 23176 23179
0 14 161 2 23168 -23168
0 14 162 2 23187 23178
0 14 163 2 -23138 23151
0 14 164 2 -23196 -23174
0 14 165 2 23179 -23149
0 14 166 2 -23143 23154
0 14 167 2 23142 23164
0 14 168 2 23175 -23201
0 14 169 2 -23174 23191
0 14 170 2 -23165 -23158
0 14 171 2 -23173 -23160
0 14 172 2 -23215 23161
0 14 173 2 23148 -23138
0 14 174 2 23159 23157
0 14 175 2 -23146 -23177
0 14 176 2 23156 23183
0 14 177 2 23155 23193
0 14 178 2 -23123 -23163
0 14 179 2 23185 -23205
0 14 180 2 -23197 23178
0 14 181 2 -23140 -23178
0 14 182 2 23196 -23178
0 14 183 2 -23172 23154
0 14 184 2 23181 23203
0 14 185 2 23186 23186
0 14 186 2 23214 -23161
0 14 187 2 23173 -23138
0 14 188 2 23167 23180
0 14 189 2 23149 23163
0 14 190 2 -23161 23187
0 14 191 2 32782 59
0 14 192 2 -23180 23190
0 14 193 2 23182 -23169
0 14 194 2 -23175 -23182
0 14 195 2 23172 23164
0 14 196 2 -23152 23161
0 14 197 2 -23224 23138
0 14 198 2 -23182 23166
0 14 199 2 23168 -23144
0 14 200 2 -23176 23169
0 14 201 2 23165 23172
0 14 202 2 -23150 -23170
0 14 203 2 -23187 -23179
0 14 204 2 23180 -23138
0 14 205 2 -23171 23159
0 14 206 2 -23171 23181
0 14 207 2 23182 -23145
0 14 208 2 -23149 23162
0 14 209 2 23171 -23174
0 14 210 2 -23178 23166
0 14 211 2 -23178 -23175
0 14 212 2 -23174 23162
0 14 213 2 23152 23176
0 14 214 2 23146 23155
0 14 215 2 23143 -23146
0 14 216 2 -23186 23118
0 14 217 2 -23166 23153
0 14 218 2 -23181 23162
0 14 219 2 23166 23172
0 14 220 2 23196 -23169
0 14 221 2 23162 -23136
0 14 222 2 -23150 -23138
0 14 223 2 32756 1
0 14 224 2 -23180 -23178
0 14 225 2 23173 23136
0 14 226 2 23186 -23137
0 14 227 2 -23184 23138
0 14 228 2 23220 -23174
0 14 229 2 -23171 -23205
0 14 230 2 -23148 -23166
0 14 231 2 -23141 -23181
0 14 232 2 23148 23167
0 14 233 2 -23154 -23187
0 14 234 2 -23189 23185
0 14 235 2 23171 23221
0 14 236 2 -23173 -23178
0 14 237 2 23166 23190
0 14 238 2 23137 23197
0 14 239 2 23173 -23120
0 14 240 2 -23173 -23138
0 14 241 2 -23161 -23161
0 14 242 2 23202 -23120
0 14 243 2 23172 -23188
0 14 244 2 23156 23169
0 14 245 2 23173 23169
0 14 246 2 -23146 23163
0 14 247 2 23176 23248
0 14 248 2 23167 -23164
0 14 249 2 -23154 -23185
0 14 250 2 23145 -23170
0 14 251 2 23200 -23173
0 14 252 2 23144 23183
0 14 253 2 23177 23156
0 14 254 2 -23173 23175
0 14 255 2 32732 6
0 15 0 2 -481 76
0 15 1 2 32770 35
0 15 2 2 23139 23179
0 15 3 2 23154 -23183
0 15 4 2 23169 23139
0 15 5 2 23157 -23159
0 15 6 2 23171 23161
0 15 7 2 23160 -23185
0 15 8 2 -23172 23190
0 15 9 2 23175 -23142
0 15 10 2 23124 23191
0 15 11 2 -23181 -23167
0 15 12 2 23180 23174
0 15 13 2 -23139 -23175
0 15 14 2 -23173 -23169
0 15 15 2 -23143 -23192
0 15 16 2 -23160 -23172
0 15 17 2 23183 23142
0 15 18 2 -23165 23149
0 15 19 2 23172 -23162
0 15 20 2 -23161 23141
0 15 21 2 -23176 -23166
0 15 22 2 23191 -23169
0 15 23 2 23237 -23145
0 15 24 2 23140 23171
0 15 25 2 -23168 23147
0 15 26 2 23196 -23162
0 15 27 2 23156 23178
0 15 28 2 23201 -23176
0 15 29 2 -23187 23164
0 15 30 2 -23194 23184
0 15 31 2 -23154 -23168
0 15 32 2 -23164 -23171
0 15 33 2 32758 37
0 15 34 2 -23161 23153
0 15 35 2 23142 23196
0 15 36 2 23147 -23154
0 15 37 2 -23205 23154
0 15 38 2 -23153 -23205
0 15 39 2 23173 -23167
0 15 40 2 23188 -23128
0 15 41 2 -23163 -23173
0 15 42 2 23156 -23158
0 15 43 2 23145 23160
0 15 44 2 23133 23186
0 15 45 2 -23185 -23192
0 15 46 2 23181 23149
0 15 47 2 23167 -23174
0 15 48 2 -23158 -23165
0 15 49 2 -23145 -23180
0 15 50 2 23185 -23177
0 15 51 2 23158 23156
0 15 52 2 -23195 -23176
0 15 53 2 -23171 -23170
0 15 54 2 23183 -23118
0 15 55 2 23178 -23143
0 15 56 2 -23194 23163
0 15 57 2 23152 23144
0 15 58 2 -23151 -23167
0 15 59 2 23149 23187
0 15 60 2 -23181 23197
0 15 61 2 23171 23174
0 15 62 2 23190 -23132
0 15 63 2 -23184 23183
0 15 64 2 23139 23152
0 15 65 2 32780 -10
0 15 66 2 23147 -23167
0 15 67 2 -23173 23176
0 15 68 2 -23171 -23197
0 15 69 2 -23185 23182
0 15 70 2 -23191 -23165
0 15 71 2 -23168 -23187
0 15 72 2 -23173 23149
0 15 73 2 23179 23159
0 15 74 2 23162 -23143
0 15 75 2 -23176 -23163
0 15 76 2 -23179 -23162
0 15 77 2 23200 23194
0 15 78 2 23205 -23138
0 15 79 2 -23166 -23164
0 15 80 2 23198 23165
0 15 81 2 -23173 23153
0 15 82 2 -23158 -23212
0 15 83 2 -23186 23134
0 15 84 2 -23194 23099
0 15 85 2 -23174 23174
0 15 86 2 23176 -23178
0 15 87 2 -23151 23188
0 15 88 2 23166 -23180
0 15 89 2 23147 23160
0 15 90 2 23177 23181
0 15 91 2 -23153 -23184
0 15 92 2 -23139 -23157
0 15 93 2 23170 23182
0 15 94 2 23207 -23179
0 15 95 2 23148 -23173
0 15 96 2 -23178 -23193
0 15 97 2 32793 19
0 15 98 2 23201 -23149
0 15 99 2 23154 23165
0 15 100 2 -23097 -23174
0 15 101 2 -23155 23132
0 15 102 2 -23179 -23169
0 15 103 2 23144 23165
0 15 104 2 -23139 -23180
0 15 105 2 -23184 -23186
0 15 106 2 -23188 23153
0 15 107 2 -23198 23171
0 15 108 2 -23187 23159
0 15 109 2 -23170 -23162
0 15 110 2 23148 23154
0 15 111 2 23187 23152
0 15 112 2 23150 -23152
0 15 113 2 11 1
0 15 114 2 -9 -29
0 15 115 2 -16 -4
0 15 116 2 17 13
0 15 117 2 16 21
0 15 118 2 29 20
0 15 119 2 0 42
0 15 120 2 34 -4
0 15 121 2 -30 19
0 15 122 2 9 -15
0 15 123 2 -7 20
0 15 124 2 9 -23
0 15 125 2 7 17
0 15 126 2 -20 12
0 15 127 2 -20 -3
0 15 128 2 -17 -16
0 15 129 2 -18 -11
0 15 130 2 12 -22
0 15 131 2 7 1
0 15 132 2 -19 -8
0 15 133 2 -42 13
0 15 134 2 26 -9
0 15 135 2 -7 2
0 15 136 2 -3 20
0 15 137 2 0 -1
0 15 138 2 9 -36
0 15 139 2 -1 -3
0 15 140 2 -10 -3
0 15 141 2 12 -9
0 15 142 2 -24 -10
0 15 143 2 -18 13
0 15 144 2 23144 -23142
0 15 145 2 -23174 23194
0 15 146 2 23172 23165
0 15 147 2 23172 23146
0 15 148 2 -23138 23139
0 15 149 2 23176 23174
0 15 150 2 23177 23187
0 15 151 2 23198 -23191
0 15 152 2 -23154 -23165
0 15 153 2 -23188 23185
0 15 154 2 23171 -23161
0 15 155 2 -23173 23161
0 15 156 2 23161 -23185
0 15 157 2 23155 23176
0 15 158 2 -23157 23142
0 15 159 2 32753 15
0 15 160 2 23170 -23148
0 15 161 2 -23173 -23188
0 15 162 2 -23178 23171
0 15 163 2 23183 -23175
0 15 164 2 23193 23154
0 15 165 2 -23168 -23205
0 15 166 2 -23155 23175
0 15 167 2 -23210 -23150
0 15 168 2 23151 23183
0 15 169 2 23174 -23157
0 15 170 2 23184 23170
0 15 171 2 23161 -23122
0 15 172 2 -23176 23129
0 15 173 2 -23174 23165
0 15 174 2 -23178 23177
0 15 175 2 -23170 23186
0 15 176 2 -23158 -23151
0 15 177 2 23171 -23182
0 15 178 2 -23115 -23169
0 15 179 2 23148 23165
0 15 180 2 -23158 23179
0 15 181 2 -23163 -23159
0 15 182 2 -23185 23180
0 15 183 2 -23146 23180
0 15 184 2 -23183 23195
0 15 185 2 -23145 -23171
0 15 186 2 23166 23175
0 15 187 2 -23180 23151
0 15 188 2 -23164 -23164
0 15 189 2 23186 -23165
0 15 190 2 23157 23190
0 15 191 2 32770 25
0 15 192 2 -23109 -23180
0 15 193 2 -23169 23154
0 15 194 2 -23190 23182
0 15 195 2 23181 -23165
0 15 196 2 23170 23220
0 15 197 2 -23158 -23191
0 15 198 2 -23180 -23195
0 15 199 2 -23181 -23179
0 15 200 2 -23195 -23170
0 15 201 2 -23155 -23214
0 15 202 2 -23126 -23184
0 15 203 2 -23182 -23207
0 15 204 2 -23135 -23182
0 15 205 2 -23154 23134
0 15 206 2 -23149 23172
0 15 207 2 23143 23192
0 15 208 2 23177 -23190
0 15 209 2 -23132 -23205
0 15 210 2 23184 -23127
0 15 211 2 -23207 23181
0 15 212 2 -23157 23151
0 15 213 2 23147 23186
0 15 214 2 -23122 -23197
0 15 215 2 -23177 -23178
0 15 216 2 -23212 23195
0 15 217 2 -23218 23155
0 15 218 2 23177 23200
0 15 219 2 -23152 -23181
0 15 220 2 -23157 -23160
0 15 221 2 23159 -23178
0 15 222 2 -23184 23179
0 15 223 2 32735 26
0 15 224 2 -23167 23169
0 15 225 2 23131 23186
0 15 226 2 -23162 -23183
0 15 227 2 23172 23205
0 15 228 2 -23158 -23194
0 15 229 2 -23190 23141
0 15 230 2 23194 -23210
0 15 231 2 23175 23164
0 15 232 2 23135 23206
0 15 233 2 -23179 23153
0 15 234 2 23178 -23174
0 15 235 2 23150 23150
0 15 236 2 -23186 -23188
0 15 237 2 -23178 -23157
0 15 238 2 23143 23179
0 15 239 2 23144 -23158
0 15 240 2 23150 23192
0 15 241 2 -23176 23199
0 15 242 2 -23171 23155
0 15 243 2 -23171 -23187
0 15 244 2 -23141 -23172
0 15 245 2 23191 23182
0 15 246 2 23163 23135
0 15 247 2 -23150 23174
0 15 248 2 23163 -23135
0 15 249 2 -23122 -23175
0 15 250 2 23187 23181
0 15 251 2 23162 23169
0 15 252 2 -23156 -23194
0 15 253 2 23179 23154
0 15 254 2 23199 23214
0 15 255 2 32742 4
0 16 0 2 -440 101
0 16 1 2 32760 0
0 16 2 2 23165 23205
0 16 3 2 23181 23215
0 16 4 2 23181 -23179
0 16 5 2 23178 -23163
0 16 6 2 23188 -23191
0 16 7 2 -23159 -23178
0 16 8 2 -23140 23156
0 16 9 2 -23140 -23161
0 16 10 2 23146 -23134
0 16 11 2 23152 23188
0 16 12 2 -23208 23194
0 16 13 2 -23149 -23185
0 16 14 2 23164 23187
0 16 15 2 23181 -23184
0 16 16 2 23171 23193
0 16 17 2 -23149 23154
0 16 18 2 -23164 23145
0 16 19 2 23196 -23153
0 16 20 2 23162 -23162
0 16 21 2 -23167 23172
0 16 22 2 -23188 -23151
0 16 23 2 23175 -23157
0 16 24 2 -23195 -23173
0 16 25 2 -23173 -23169
0 16 26 2 -23151 -23130
0 16 27 2 23174 -23182
0 16 28 2 23168 -23170
0 16 29 2 -23153 23165
0 16 30 2 23159 -23157
0 16 31 2 23160 -23181
0 16 32 2 23170 -23175
0 16 33 2 32754 31
0 16 34 2 23170 -23145
0 16 35 2 23163 23183
0 16 36 2 23143 23166
0 16 37 2 23152 23175
0 16 38 2 23181 23159
0 16 39 2 -23152 23167
0 16 40 2 23161 23186
0 16 41 2 -23168 23149
0 16 42 2 23166 -23151
0 16 43 2 23177 -23174
0 16 44 2 23189 -23125
0 16 45 2 -23179 -23160
0 16 46 2 23183 -23176
0 16 47 2 23172 23187
0 16 48 2 -23187 23204
0 16 49 2 23169 -23192
0 16 50 2 23147 23180
0 16 51 2 23148 23203
0 16 52 2 -23199 23153
0 16 53 2 -23192 23179
0 16 54 2 23182 -23168
0 16 55 2 23155 -23186
0 16 56 2 -23137 -23167
0 16 57 2 -23160 23150
0 16 58 2 -23167 -23167
0 16 59 2 23152 -23207
0 16 60 2 -23164 -23151
0 16 61 2 23199 -23144
0 16 62 2 -23171 23152
0 16 63 2 23129 23222
0 16 64 2 -23138 -23205
0 16 65 2 32788 53
0 16 66 2 -23167 23148
0 16 67 2 23198 -23190
0 16 68 2 23174 -23152
0 16 69 2 -23173 23143
0 16 70 2 -23137 -23173
0 16 71 2 -23136 23139
0 16 72 2 23137 23145
0 16 73 2 -23159 -23173
0 16 74 2 23153 -23141
0 16 75 2 -23187 -23171
0 16 76 2 23139 -23153
0 16 77 2 23160 23181
0 16 78 2 -23186 -23220
0 16 79 2 -23179 23155
0 16 80 2 23181 23212
0 16 81 2 23151 -23176
0 16 82 2 23165 23150
0 16 83 2 -23188 -23180
0 16 84 2 -23167 23185
0 16 85 2 -23184 23175
0 16 86 2 23172 -23187
0 16 87 2 23147 23191
0 16 88 2 -23149 -23180
0 16 89 2 -23165 -23163
0 16 90 2 23177 -23163
0 16 91 2 -23164 23169
0 16 92 2 -23233 23147
0 16 93 2 23162 23137
0 16 94 2 -23192 23167
0 16 95 2 -23163 -23171
0 16 96 2 -23135 -23177
0 16 97 2 32766 8
0 16 98 2 23156 23144
0 16 99 2 -23189 -23187
0 16 100 2 23155 23165
0 16 101 2 23181 23163
0 16 102 2 -23160 -23170
0 16 103 2 23162 23211
0 16 104 2 -23170 -23165
0 16 105 2 23184 23200
0 16 106 2 23175 23174
0 16 107 2 -23191 23194
0 16 108 2 23144 -23123
0 16 109 2 -23169 23143
0 16 110 2 -23165 -23157
0 16 111 2 23161 23181
0 16 112 2 23155 23207
0 16 113 2 28 -3
0 16 114 2 -46 26
0 16 115 2 -22 13
0 16 116 2 7 -19
0 16 117 2 0 -1
0 16 118 2 -6 -20
0 16 119 2 12 -9
0 16 120 2 -10 0
0 16 121 2 3 24
0 16 122 2 -16 10
0 16 123 2 -1 -3
0 16 124 2 11 -9
0 16 125 2 8 -21
0 16 126 2 0 11
0 16 127 2 3 -23
0 16 128 2 -4 12
0 16 129 2 -52 0
0 16 130 2 1 32
0 16 131 2 -6 21
0 16 132 2 23 -8
0 16 133 2 -2 7
0 16 134 2 7 2
0 16 135 2 -19 31
0 16 136 2 10 -26
0 16 137 2 -28 45
0 16 138 2 29 30
0 16 139 2 -12 -15
0 16 140 2 26 10
0 16 141 2 0 1
0 16 142 2 -8 22
0 16 143 2 1 0
0 16 144 2 -23163 23159
0 16 145 2 23177 23203
0 16 146 2 -23151 -23164
0 16 147 2 23179 -23163
0 16 148 2 -23181 -23191
0 16 149 2 23197 -23194
0 16 150 2 -23135 23166
0 16 151 2 23192 -23179
0 16 152 2 23154 23174
0 16 153 2 23148 23170
0 16 154 2 -23163 23170
0 16 155 2 23158 23143
0 16 156 2 -23157 23171
0 16 157 2 -23154 -23176
0 16 158 2 -23138 23170
0 16 159 2 32767 -18
0 16 160 2 -23172 23131
0 16 161 2 -23180 23166
0 16 162 2 23155 23190
0 16 163 2 -23186 23167
0 16 164 2 23181 -23198
0 16 165 2 23194 23153
0 16 166 2 -23193 -23175
0 16 167 2 -23182 23171
0 16 168 2 23199 -23146
0 16 169 2 -23122 -23157
0 16 170 2 -23172 -23197
0 16 171 2 23166 23177
0 16 172 2 23126 23167
0 16 173 2 -23184 23160
0 16 174 2 -23170 23170
0 16 175 2 -23154 -23156
0 16 176 2 23143 23179
0 16 177 2 23139 23161
0 16 178 2 -23117 -23173
0 16 179 2 -23174 23149
0 16 180 2 -23154 -23192
0 16 181 2 23147 23208
0 16 182 2 23169 23156
0 16 183 2 23201 -23179
0 16 184 2 23183 23150
0 16 185 2 -23164 -23194
0 16 186 2 -23183 23168
0 16 187 2 -23184 -23184
0 16 188 2 -23180 -23166
0 16 189 2 -23179 23160
0 16 190 2 23160 23167
0 16 191 2 32755 -26
0 16 192 2 23186 23175
0 16 193 2 23153 -23187
0 16 194 2 -23194 -23159
0 16 195 2 23180 23188
0 16 196 2 -23161 23149
0 16 197 2 -23205 23196
0 16 198 2 23197 -23132
0 16 199 2 -23178 -23187
0 16 200 2 -23169 23151
0 16 201 2 23147 -23179
0 16 202 2 -23137 23156
0 16 203 2 23181 -23191
0 16 204 2 23165 23177
0 16 205 2 -23166 23165
0 16 206 2 -23166 -23208
0 16 207 2 23181 -23136
0 16 208 2 -23181 23177
0 16 209 2 23164 23175
0 16 210 2 23162 23161
0 16 211 2 23186 -23144
0 16 212 2 -23158 -23155
0 16 213 2 -23175 23155
0 16 214 2 23104 23151
0 16 215 2 23167 23155
0 16 216 2 23172 23132
0 16 217 2 23193 -23127
0 16 218 2 -23192 23171
0 16 219 2 23123 23193
0 16 220 2 -23167 23145
0 16 221 2 -23204 23157
0 16 222 2 -23170 23197
0 16 223 2 32765 16
0 16 224 2 -23194 23185
0 16 225 2 23138 -23154
0 16 226 2 -23215 23125
0 16 227 2 -23159 23158
0 16 228 2 23126 -23166
0 16 229 2 -23228 23168
0 16 230 2 -23145 23185
0 16 231 2 -23164 -23187
0 16 232 2 23163 -23214
0 16 233 2 23182 -23172
0 16 234 2 23157 23187
0 16 235 2 -23174 23151
0 16 236 2 23160 -23176
0 16 237 2 23151 -23178
0 16 238 2 23175 23139
0 16 239 2 -23220 23175
0 16 240 2 23160 23168
0 16 241 2 23135 23178
0 16 242 2 -23164 -23184
0 16 243 2 23166 23187
0 16 244 2 23153 -23160
0 16 245 2 23171 23154
0 16 246 2 -23142 23184
0 16 247 2 -23171 -23185
0 16 248 2 23190 23168
0 16 249 2 -23206 23152
0 16 250 2 23150 23133
0 16 251 2 -23167 23153
0 16 252 2 23171 -23177
0 16 253 2 -23140 -23169
0 16 254 2 -23176 23171
0 16 255 2 32733 33
0 17 0 2 -494 71
0 17 1 2 32739 29
0 17 2 2 23172 23142
0 17 3 2 23197 -23138
0 17 4 2 23176 -23176
0 17 5 2 23194 -23174
0 17 6 2 -23164 23160
0 17 7 2 23170 23184
0 17 8 2 -23153 -23166
0 17 9 2 23156 23202
0 17 10 2 23175 23188
0 17 11 2 23209 -23136
0 17 12 2 23203 -23132
0 17 13 2 -23149 23129
0 17 14 2 23215 -23165
0 17 15 2 -23136 23199
0 17 16 2 23165 -23147
0 17 17 2 -23147 -23153
0 17 18 2 23178 -23159
0 17 19 2 -23176 23149
0 17 20 2 23178 -23189
0 17 21 2 23129 23137
0 17 22 2 23180 23182
0 17 23 2 -23159 -23163
0 17 24 2 23157 23176
0 17 25 2 -23135 23157
0 17 26 2 23163 23170
0 17 27 2 -23197 -23208
0 17 28 2 -23164 -23165
0 17 29 2 23167 23183
0 17 30 2 23185 -23186
0 17 31 2 -23138 -23174
0 17 32 2 23140 23164
0 17 33 2 32776 24
0 17 34 2 23205 -23183
0 17 35 2 23192 -23157
0 17 36 2 -23163 -23155
0 17 37 2 23178 23184
0 17 38 2 -23187 23164
0 17 39 2 -23179 23148
0 17 40 2 23197 -23152
0 17 41 2 23154 23183
0 17 42 2 23176 -23187
0 17 43 2 -23193 23153
0 17 44 2 23169 23181
0 17 45 2 23216 23183
0 17 46 2 23159 -23152
0 17 47 2 -23135 -23175
0 17 48 2 -23188 -23160
0 17 49 2 -23129 23151
0 17 50 2 23166 23149
0 17 51 2 23195 -23170
0 17 52 2 -23186 -23200
0 17 53 2 -23187 23166
0 17 54 2 -23149 -23173
0 17 55 2 23162 23150
0 17 56 2 -23212 23176
0 17 57 2 -23164 -23162
0 17 58 2 -23173 -23144
0 17 59 2 -23180 -23164
0 17 60 2 23159 23154
0 17 61 2 -23156 -23197
0 17 62 2 -23164 -23142
0 17 63 2 -23157 -23138
0 17 64 2 23173 -23197
0 17 65 2 32731 0
0 17 66 2 23188 -23163
0 17 67 2 -23193 23153
0 17 68 2 -23171 23157
0 17 69 2 23150 23183
0 17 70 2 -23167 -23178
0 17 71 2 -23136 -23175
0 17 72 2 23171 -23172
0 17 73 2 -23151 -23181
0 17 74 2 -23203 23135
0 17 75 2 -23151 23151
0 17 76 2 -23168 23149
0 17 77 2 -23194 23183
0 17 78 2 23189 -23130
0 17 79 2 -23181 -23160
0 17 80 2 23156 -23165
0 17 81 2 -23135 -23173
0 17 82 2 -23159 23149
0 17 83 2 -23162 23179
0 17 84 2 23179 23195
0 17 85 2 23165 23181
0 17 86 2 23167 23222
0 17 87 2 -23166 23132
0 17 88 2 23141 23173
0 17 89 2 23201 -23153
0 17 90 2 -23188 23153
0 17 91 2 -23220 23175
0 17 92 2 23237 -23152
0 17 93 2 23188 -23162
0 17 94 2 23191 -23192
0 17 95 2 -23161 -23178
0 17 96 2 -23159 23169
0 17 97 2 32738 46
0 17 98 2 23181 -23143
0 17 99 2 23182 -23165
0 17 100 2 23173 -23152
0 17 101 2 -23175 -23177
0 17 102 2 23184 -23162
0 17 103 2 23179 -23186
0 17 104 2 -23148 -23155
0 17 105 2 -23191 23159
0 17 106 2 -23158 23163
0 17 107 2 23170 -23190
0 17 108 2 -23183 -23168
0 17 109 2 -23187 23140
0 17 110 2 -23199 23184
0 17 111 2 23183 -23170
0 17 112 2 23154 23147
0 17 113 2 -4 -50
0 17 114 2 -21 16
0 17 115 2 -10 -15
0 17 116 2 -10 -13
0 17 117 2 33 0
0 17 118 2 -1 12
0 17 119 2 -4 -50
0 17 120 2 11 -6
0 17 121 2 -31 -21
0 17 122 2 -11 -4
0 17 123 2 -17 7
0 17 124 2 16 22
0 17 125 2 -5 11
0 17 126 2 -14 2
0 17 127 2 5 -3
0 17 128 2 19 1
0 17 129 2 4 5
0 17 130 2 -10 12
0 17 131 2 -20 -8
0 17 132 2 -7 10
0 17 133 2 16 -32
0 17 134 2 22 -2
0 17 135 2 -22 9
0 17 136 2 21 23
0 17 137 2 -6 12
0 17 138 2 -13 -1
0 17 139 2 3 8
0 17 140 2 1 -26
0 17 141 2 -31 21
0 17 142 2 9 5
0 17 143 2 4 10
0 17 144 2 23178 23170
0 17 145 2 -23148 -23186
0 17 146 2 23139 23186
0 17 147 2 23169 23161
0 17 148 2 -23157 23148
0 17 149 2 -23185 -23196
0 17 150 2 -23179 23154
0 17 151 2 -23193 23159
0 17 152 2 -23156 -23161
0 17 153 2 23144 23187
0 17 154 2 23172 -23156
0 17 155 2 23162 23217
0 17 156 2 -23163 -23162
0 17 157 2 -23149 23166
0 17 158 2 -23169 -23171
0 17 159 2 32738 18
0 17 160 2 23139 23189
0 17 161 2 -23154 -23203
0 17 162 2 23173 -23120
0 17 163 2 -23153 -23186
0 17 164 2 23171 -23160
0 17 165 2 -23156 23188
0 17 166 2 -23192 23163
0 17 167 2 -23168 23152
0 17 168 2 23175 23222
0 17 169 2 -23175 -23161
0 17 170 2 -23170 23141
0 17 171 2 23157 -23143
0 17 172 2 -23138 23189
0 17 173 2 -23211 -23164
0 17 174 2 -23149 23155
0 17 175 2 23178 -23196
0 17 176 2 -23130 23156
0 17 177 2 23176 -23176
0 17 178 2 -23155 -23174
0 17 179 2 23159 -23172
0 17 180 2 -23178 23156
0 17 181 2 23176 -23195
0 17 182 2 -23192 -23165
0 17 183 2 -23179 -23172
0 17 184 2 -23185 23170
0 17 185 2 23172 23166
0 17 186 2 -23175 23181
0 17 187 2 -23197 -23187
0 17 188 2 23183 -23180
0 17 189 2 -23165 -23186
0 17 190 2 23152 23191
0 17 191 2 32725 39
0 17 192 2 23172 -23163
0 17 193 2 -23189 23164
0 17 194 2 23143 23165
0 17 195 2 -23190 23171
0 17 196 2 -23139 -23186
0 17 197 2 -23154 23162
0 17 198 2 -23109 -23166
0 17 199 2 23122 23201
0 17 200 2 -23186 23112
0 17 201 2 23174 23170
0 17 202 2 23169 -23161
0 17 203 2 -23192 -23138
0 17 204 2 -23165 -23155
0 17 205 2 -23148 23147
0 17 206 2 23177 -23153
0 17 207 2 23179 23187
0 17 208 2 -23173 23174
0 17 209 2 23194 -23182
0 17 210 2 23177 -23178
0 17 211 2 -23207 23159
0 17 212 2 -23178 -23174
0 17 213 2 23156 23184
0 17 214 2 23115 23191
0 17 215 2 -23157 23133
0 17 216 2 -23130 -23168
0 17 217 2 -23160 23157
0 17 218 2 -23182 -23155
0 17 219 2 23204 23174
0 17 220 2 23181 23173
0 17 221 2 23139 23197
0 17 222 2 23164 -23154
0 17 223 2 32755 -11
0 17 224 2 23167 23180
0 17 225 2 23159 -23162
0 17 226 2 23171 -23139
0 17 227 2 23216 -23145
0 17 228 2 -23148 23177
0 17 229 2 -23160 -23170
0 17 230 2 23181 -23135
0 17 231 2 -23183 23154
0 17 232 2 -23189 23176
0 17 233 2 -23206 23176
0 17 234 2 23187 -23169
0 17 235 2 23151 23189
0 17 236 2 23136 23155
0 17 237 2 -23178 -23170
0 17 238 2 -23167 23159
0 17 239 2 -23224 23153
0 17 240 2 -23180 23176
0 17 241 2 -23161 -23198
0 17 242 2 -23165 -23182
0 17 243 2 -23199 -23201
0 17 244 2 23142 -23171
0 17 245 2 23150 23179
0 17 246 2 23206 23170
0 17 247 2 -23169 -23158
0 17 248 2 -23169 -23183
0 17 249 2 -23186 -23135
0 17 250 2 -23177 -23139
0 17 251 2 -23190 23132
0 17 252 2 -23195 23149
0 17 253 2 -23183 -23186
0 17 254 2 -23138 23168
0 17 255 2 32796 30
0 18 0 2 -502 53
0 18 1 2 32747 28
0 18 2 2 -23140 23179
0 18 3 2 23166 23153
0 18 4 2 -23162 23137
0 18 5 2 23168 23229
0 18 6 2 -23181 23141
0 18 7 2 23198 23169
0 18 8 2 -23154 -23180
0 18 9 2 -23156 -23173
0 18 10 2 23181 23223
0 18 11 2 -23188 23166
0 18 12 2 -23188 23170
0 18 13 2 -23134 -23165
0 18 14 2 23134 23167
0 18 15 2 -23161 -23165
0 18 16 2 23144 23159
0 18 17 2 -23160 23187
0 18 18 2 23148 -23133
0 18 19 2 -23180 -23147
0 18 20 2 23149 -23169
0 18 21 2 23145 23166
0 18 22 2 -23175 -23190
0 18 23 2 -23151 -23197
0 18 24 2 -23171 -23161
0 18 25 2 23184 -23148
0 18 26 2 -23147 -23153
0 18 27 2 -23175 -23149
0 18 28 2 -23160 -23178
0 18 29 2 23144 23176
0 18 30 2 23159 -23149
0 18 31 2 -23204 23196
0 18 32 2 -23168 -23176
0 18 33 2 32779 21
0 18 34 2 -23192 23165
0 18 35 2 -23147 -23176
0 18 36 2 -23192 23171
0 18 37 2 23172 -23150
0 18 38 2 -23189 23143
0 18 39 2 -23202 23155
0 18 40 2 -23152 -23158
0 18 41 2 -23149 -23192
0 18 42 2 -23154 23137
0 18 43 2 23143 23177
0 18 44 2 23149 -23164
0 18 45 2 -23205 23147
0 18 46 2 -23177 -23182
0 18 47 2 -23156 -23176
0 18 48 2 -23170 23165
0 18 49 2 23176 -23157
0 18 50 2 -23170 -23197
0 18 51 2 23197 -23143
0 18 52 2 -23163 23166
0 18 53 2 -23159 -23210
0 18 54 2 -23172 -23151
0 18 55 2 23146 -23210
0 18 56 2 23215 -23169
0 18 57 2 -23135 -23161
0 18 58 2 23142 23144
0 18 59 2 -23151 -23139
0 18 60 2 -23187 23166
0 18 61 2 -23151 23141
0 18 62 2 -23206 23156
0 18 63 2 23138 23207
0 18 64 2 23155 -23176
0 18 65 2 32751 19
0 18 66 2 -23153 -23178
0 18 67 2 -23154 23149
0 18 68 2 23178 -23186
0 18 69 2 23176 -23191
0 18 70 2 -23182 23167
0 18 71 2 -23145 23145
0 18 72 2 23180 -23151
0 18 73 2 -23142 23118
0 18 74 2 23157 23183
0 18 75 2 23199 -23189
0 18 76 2 23149 -23136
0 18 77 2 23168 23132
0 18 78 2 -23166 -23192
0 18 79 2 -23163 23165
0 18 80 2 -23129 -23186
0 18 81 2 -23182 -23200
0 18 82 2 -23138 -23159
0 18 83 2 -23200 23134
0 18 84 2 23168 23153
0 18 85 2 23190 -23151
0 18 86 2 23195 23188
0 18 87 2 23170 -23182
0 18 88 2 -23201 23117
0 18 89 2 -23157 -23160
0 18 90 2 -23192 23134
0 18 91 2 -23159 -23175
0 18 92 2 -23150 23150
0 18 93 2 -23180 23162
0 18 94 2 -23130 -23173
0 18 95 2 23167 -23150
0 18 96 2 23204 -23208
0 18 97 2 32746 11
0 18 98 2 23156 23151
0 18 99 2 23145 -23182
0 18 100 2 -23130 -23192
0 18 101 2 23192 -23194
0 18 102 2 23184 23199
0 18 103 2 -23161 -23199
0 18 104 2 23189 -23168
0 18 105 2 23182 23189
0 18 106 2 23133 23189
0 18 107 2 23158 -23171
0 18 108 2 -23142 -23167
0 18 109 2 -23187 23135
0 18 110 2 -23173 23163
0 18 111 2 -23150 -23186
0 18 112 2 -23161 -23148
0 18 113 2 9 -14
0 18 114 2 -11 0
0 18 115 2 -36 -12
0 18 116 2 6 -14
0 18 117 2 39 5
0 18 118 2 -22 12
0 18 119 2 22 0
0 18 120 2 38 -1
0 18 121 2 -8 -26
0 18 122 2 -11 -8
0 18 123 2 -13 -3
0 18 124 2 -14 3
0 18 125 2 -16 33
0 18 126 2 -10 2
0 18 127 2 25 31
0 18 128 2 43 4
0 18 129 2 9 -5
0 18 130 2 -8 -29
0 18 131 2 8 -20
0 18 132 2 9 -13
0 18 133 2 -10 -3
0 18 134 2 4 -15
0 18 135 2 -6 -11
0 18 136 2 4 0
0 18 137 2 19 26
0 18 138 2 -15 20
0 18 139 2 7 -16
0 18 140 2 -23 9
0 18 141 2 10 6
0 18 142 2 -3 -6
0 18 143 2 0 -20
0 18 144 2 -23156 -23150
0 18 145 2 -23152 23145
0 18 146 2 -23138 -23188
0 18 147 2 -23155 -23203
0 18 148 2 23190 23144
0 18 149 2 23152 23190
0 18 150 2 -23157 -23181
0 18 151 2 23179 -23187
0 18 152 2 -23190 -23190
0 18 153 2 -23137 -23201
0 18 154 2 -23182 23156
0 18 155 2 -23170 -23196
0 18 156 2 -23162 -23186
0 18 157 2 23179 -23168
0 18 158 2 -23138 -23164
0 18 159 2 32780 1
0 18 160 2 23154 -23177
0 18 161 2 -23162 -23170
0 18 162 2 -23169 -23136
0 18 163 2 -23190 23166
0 18 164 2 23178 -23192
0 18 165 2 23200 -23157
0 18 166 2 -23159 23149
0 18 167 2 -23180 23146
0 18 168 2 23179 -23150
0 18 169 2 -23162 -23151
0 18 170 2 -23156 23184
0 18 171 2 -23180 -23191
0 18 172 2 -23145 -23192
0 18 173 2 23159 23167
0 18 174 2 23181 23182
0 18 175 2 23185 23163
0 18 176 2 -23197 23178
0 18 177 2 23170 23175
0 18 178 2 -23181 -23177
0 18 179 2 23176 -23194
0 18 180 2 -23157 -23159
0 18 181 2 23190 -23160
0 18 182 2 -23193 -23185
0 18 183 2 23150 23171
0 18 184 2 -23166 -23160
0 18 185 2 23151 23166
0 18 186 2 23186 -23148
0 18 187 2 23166 23129
0 18 188 2 23127 23192
0 18 189 2 23163 23186
0 18 190 2 23149 -23163
0 18 191 2 32741 34
0 18 192 2 23207 -23154
0 18 193 2 -23129 -23170
0 18 194 2 23153 23171
0 18 195 2 -23140 23141
0 18 196 2 -23170 23166
0 18 197 2 23141 23152
0 18 198 2 -23178 -23175
0 18 199 2 23194 -23152
0 18 200 2 23131 23204
0 18 201 2 23132 23163
0 18 202 2 23212 -23132
0 18 203 2 -23160 -23183
0 18 204 2 23179 -23163
0 18 205 2 -23164 23136
0 18 206 2 23145 23155
0 18 207 2 23178 -23158
0 18 208 2 -23166 23157
0 18 209 2 23194 -23138
0 18 210 2 -23163 -23196
0 18 211 2 23168 -23135
0 18 212 2 23160 23186
0 18 213 2 23159 23180
0 18 214 2 23174 23198
0 18 215 2 -23159 -23189
0 18 216 2 23159 23170
0 18 217 2 23178 23202
0 18 218 2 -23155 -23175
0 18 219 2 23174 -23149
0 18 220 2 23171 -23201
0 18 221 2 23166 -23203
0 18 222 2 23180 23185
0 18 223 2 32775 3
0 18 224 2 23137 23210
0 18 225 2 23144 23176
0 18 226 2 23192 -23173
0 18 227 2 -23151 23137
0 18 228 2 23170 -23125
0 18 229 2 23156 23193
0 18 230 2 23165 23199
0 18 231 2 23171 23161
0 18 232 2 -23186 23164
0 18 233 2 23151 23183
0 18 234 2 -23162 -23202
0 18 235 2 -23153 -23172
0 18 236 2 -23170 23168
0 18 237 2 23154 -23179
0 18 238 2 -23182 -23198
0 18 239 2 -23153 -23149
0 18 240 2 -23178 -23143
0 18 241 2 -23178 23128
0 18 242 2 23168 23199
0 18 243 2 23176 23176
0 18 244 2 23163 23184
0 18 245 2 23196 -23140
0 18 246 2 -23149 -23191
0 18 247 2 -23182 -23184
0 18 248 2 -23180 23147
0 18 249 2 -23186 23141
0 18 250 2 23108 23149
0 18 251 2 23170 23161
0 18 252 2 -23134 23146
0 18 253 2 -23205 -23205
0 18 254 2 -23162 -23156
0 18 255 2 32790 27
0 19 0 2 -473 74
0 19 1 2 32771 7
0 19 2 2 -23126 -23164
0 19 3 2 -23178 -23178
0 19 4 2 23135 23185
0 19 5 2 23170 23174
0 19 6 2 23169 23151
0 19 7 2 -23189 23157
0 19 8 2 23119 23184
0 19 9 2 -23139 -23199
0 19 10 2 23093 23170
0 19 11 2 23193 23178
0 19 12 2 23171 23213
0 19 13 2 -23156 -23192
0 19 14 2 23201 23219
0 19 15 2 23166 23161
0 19 16 2 -23119 -23184
0 19 17 2 -23184 23153
0 19 18 2 -23215 23193
0 19 19 2 -23159 -23171
0 19 20 2 -23204 23166
0 19 21 2 23156 23181
0 19 22 2 23177 23188
0 19 23 2 -23125 23103
0 19 24 2 -23146 -23175
0 19 25 2 -23149 23168
0 19 26 2 23177 -23188
0 19 27 2 -23156 23158
0 19 28 2 23164 -23170
0 19 29 2 -23155 23127
0 19 30 2 23191 23165
0 19 31 2 23196 -23187
0 19 32 2 -23139 23142
0 19 33 2 32760 11
0 19 34 2 23176 -23166
0 19 35 2 23156 23162
0 19 36 2 23151 23156
0 19 37 2 23115 23156
0 19 38 2 23156 23171
0 19 39 2 23144 23171
0 19 40 2 23173 -23143
0 19 41 2 -23140 -23169
0 19 42 2 -23209 23147
0 19 43 2 -23173 23149
0 19 44 2 23212 -23155
0 19 45 2 23148 23193
0 19 46 2 23190 23160
0 19 47 2 23206 -23146
0 19 48 2 23164 -23171
0 19 49 2 -23174 -23143
0 19 50 2 23199 -23139
0 19 51 2 -23149 -23183
0 19 52 2 23186 -23165
0 19 53 2 23146 23171
0 19 54 2 -23182 23165
0 19 55 2 -23173 -23213
0 19 56 2 23159 -23153
0 19 57 2 23165 -23146
0 19 58 2 23146 -23128
0 19 59 2 -23135 -23220
0 19 60 2 -23160 23143
0 19 61 2 -23177 23178
0 19 62 2 23158 23180
0 19 63 2 23204 -23174
0 19 64 2 23181 -23180
0 19 65 2 32794 -5
0 19 66 2 23199 -23166
0 19 67 2 -23171 -23187
0 19 68 2 -23174 -23167
0 19 69 2 -23156 -23140
0 19 70 2 -23160 23152
0 19 71 2 23156 23163
0 19 72 2 23177 -23205
0 19 73 2 -23206 23166
0 19 74 2 -23176 23160
0 19 75 2 -23203 23179
0 19 76 2 23192 23195
0 19 77 2 -23180 23165
0 19 78 2 -23158 -23170
0 19 79 2 -23150 -23177
0 19 80 2 -23209 -23168
0 19 81 2 23154 -23150
0 19 82 2 23160 23178
0 19 83 2 23160 23180
0 19 84 2 -23145 -23209
0 19 85 2 -23156 23187
0 19 86 2 23178 23150
0 19 87 2 -23178 -23182
0 19 88 2 -23174 23157
0 19 89 2 -23182 -23167
0 19 90 2 23157 23197
0 19 91 2 -23150 23143
0 19 92 2 23157 23126
0 19 93 2 23173 23201
0 19 94 2 23141 23192
0 19 95 2 -23151 -23161
0 19 96 2 23179 23201
0 19 97 2 32782 -11
0 19 98 2 -23158 -23145
0 19 99 2 -23167 23197
0 19 100 2 -23183 23135
0 19 101 2 23158 -23172
0 19 102 2 23173 23193
0 19 103 2 -23156 23167
0 19 104 2 -23155 -23188
0 19 105 2 23188 23156
0 19 106 2 23151 23137
0 19 107 2 -23164 23163
0 19 108 2 -23192 23147
0 19 109 2 -23181 -23190
0 19 110 2 -23184 23157
0 19 111 2 23177 23175
0 19 112 2 -23156 -23181
0 19 113 2 -7 -30
0 19 114 2 -10 15
0 19 115 2 4 -12
0 19 116 2 -9 21
0 19 117 2 4 2
0 19 118 2 -7 -14
0 19 119 2 -18 -13
0 19 120 2 -12 -2
0 19 121 2 -29 4
0 19 122 2 21 3
0 19 123 2 -16 0
0 19 124 2 -26 10
0 19 125 2 -13 -2
0 19 126 2 -17 17
0 19 127 2 15 23
0 19 128 2 -8 -14
0 19 129 2 -45 -16
0 19 130 2 -27 -7
0 19 131 2 24 38
0 19 132 2 3 -25
0 19 133 2 1 -8
0 19 134 2 7 -13
0 19 135 2 7 34
0 19 136 2 21 -9
0 19 137 2 -1 -7
0 19 138 2 -28 2
0 19 139 2 12 33
0 19 140 2 -48 10
0 19 141 2 -15 12
0 19 142 2 -17 -2
0 19 143 2 24 0
0 19 144 2 -23212 23142
0 19 145 2 23233 -23183
0 19 146 2 23167 23180
0 19 147 2 23178 -23165
0 19 148 2 -23175 -23145
0 19 149 2 -23169 23183
0 19 150 2 23197 -23151
0 19 151 2 -23174 -23194
0 19 152 2 23147 23212
0 19 153 2 -23191 -23191
0 19 154 2 23157 23193
0 19 155 2 23203 23165
0 19 156 2 -23152 23139
0 19 157 2 -23136 23186
0 19 158 2 23113 23200
0 19 159 2 32760 -2
0 19 160 2 23169 -23150
0 19 161 2 23177 -23153
0 19 162 2 -23178 -23189
0 19 163 2 23170 23211
0 19 164 2 -23162 -23158
0 19 165 2 -23151 23144
0 19 166 2 23153 23188
0 19 167 2 23170 23187
0 19 168 2 23152 23166
0 19 169 2 -23169 -23165
0 19 170 2 23181 -23194
0 19 171 2 23155 -23190
0 19 172 2 -23140 -23214
0 19 173 2 -23154 23147
0 19 174 2 23174 -23151
0 19 175 2 -23189 23146
0 19 176 2 23172 -23183
0 19 177 2 -23173 23150
0 19 178 2 -23175 23146
0 19 179 2 -23128 -23154
0 19 180 2 23203 -23214
0 19 181 2 23150 -23179
0 19 182 2 23152 23162
0 19 183 2 -23166 -23167
0 19 184 2 23161 23142
0 19 185 2 -23148 23161
0 19 186 2 23162 23140
0 19 187 2 23176 -23120
0 19 188 2 -23180 23166
0 19 189 2 -23169 -23145
0 19 190 2 23197 -23169
0 19 191 2 32781 6
0 19 192 2 23197 -23148
0 19 193 2 -23161 -23170
0 19 194 2 23193 23191
0 19 195 2 23149 23175
0 19 196 2 -23155 23156
0 19 197 2 23196 23203
0 19 198 2 23162 23160
0 19 199 2 23143 -23166
0 19 200 2 -23154 -23202
0 19 201 2 -23143 -23168
0 19 202 2 -23161 -23183
0 19 203 2 23147 -23162
0 19 204 2 23155 23154
0 19 205 2 -23190 23155
0 19 206 2 -23184 23189
0 19 207 2 23166 23163
0 19 208 2 23201 -23141
0 19 209 2 -23182 23149
0 19 210 2 23177 -23163
0 19 211 2 -23184 23165
0 19 212 2 -23142 23165
0 19 213 2 -23168 -23189
0 19 214 2 -23161 23158
0 19 215 2 23143 23181
0 19 216 2 -23144 23144
0 19 217 2 23162 23194
0 19 218 2 -23165 -23179
0 19 219 2 -23177 23159
0 19 220 2 23144 23176
0 19 221 2 23157 23145
0 19 222 2 23145 -23126
0 19 223 2 32773 23
0 19 224 2 -23169 -23165
0 19 225 2 23160 23166
0 19 226 2 23168 -23146
0 19 227 2 -23176 -23178
0 19 228 2 -23180 -23181
0 19 229 2 23184 -23182
0 19 230 2 23155 -23196
0 19 231 2 -23174 23181
0 19 232 2 23192 23143
0 19 233 2 -23170 -23189
0 19 234 2 -23216 23183
0 19 235 2 23167 -23135
0 19 236 2 23167 -23165
0 19 237 2 -23178 23167
0 19 238 2 23178 -23155
0 19 239 2 -23153 -23178
0 19 240 2 23175 23167
0 19 241 2 -23205 23155
0 19 242 2 -23172 23168
0 19 243 2 23165 23217
0 19 244 2 23164 23151
0 19 245 2 -23179 -23166
0 19 246 2 -23203 23153
0 19 247 2 23168 23195
0 19 248 2 23185 23187
0 19 249 2 23188 -23140
0 19 250 2 23177 23185
0 19 251 2 -23149 -23159
0 19 252 2 -23143 23131
0 19 253 2 23189 -23143
0 19 254 2 23156 23184
0 19 255 2 32762 -1
0 20 0 2 -473 106
0 20 1 2 32731 9
0 20 2 2 -23182 -23196
0 20 3 2 23167 23186
0 20 4 2 -23170 23155
0 20 5 2 23149 23151
0 20 6 2 -23151 23135
0 20 7 2 23186 23213
0 20 8 2 23158 -23127
0 20 9 2 -23180 -23182
0 20 10 2 23165 -23188
0 20 11 2 -23168 23154
0 20 12 2 23165 23181
0 20 13 2 -23206 23205
0 20 14 2 -23126 -23164
0 20 15 2 -23157 -23172
0 20 16 2 23172 -23175
0 20 17 2 -23151 23181
0 20 18 2 -23184 23165
0 20 19 2 23182 -23228
0 20 20 2 23170 23157
0 20 21 2 23186 -23166
0 20 22 2 -23165 -23155
0 20 23 2 23200 -23164
0 20 24 2 23125 23156
0 20 25 2 -23140 -23167
0 20 26 2 23222 -23171
0 20 27 2 -23177 23156
0 20 28 2 23142 23168
0 20 29 2 23199 23154
0 20 30 2 23168 -23151
0 20 31 2 23141 -23144
0 20 32 2 23138 23140
0 20 33 2 32771 23
0 20 34 2 23177 -23132
0 20 35 2 -23170 23188
0 20 36 2 -23165 23121
0 20 37 2 -23172 23182
0 20 38 2 -23163 -23151
0 20 39 2 -23183 -23167
0 20 40 2 23189 -23153
0 20 41 2 -23164 23145
0 20 42 2 23164 23189
0 20 43 2 -23186 23179
0 20 44 2 -23177 -23160
0 20 45 2 23182 -23156
0 20 46 2 -23147 -23180
0 20 47 2 23147 -23164
0 20 48 2 -23186 23145
0 20 49 2 -23143 -23193
0 20 50 2 23171 -23194
0 20 51 2 -23158 -23184
0 20 52 2 -23175 23158
0 20 53 2 -23174 -23195
0 20 54 2 -23140 -23197
0 20 55 2 -23132 -23151
0 20 56 2 -23151 -23164
0 20 57 2 -23155 -23186
0 20 58 2 23145 23182
0 20 59 2 23174 23156
0 20 60 2 -23166 23115
0 20 61 2 23134 23155
0 20 62 2 23167 23171
0 20 63 2 -23197 23145
0 20 64 2 -23171 23178
0 20 65 2 32758 -7
0 20 66 2 -23179 23138
0 20 67 2 -23204 23167
0 20 68 2 23168 23170
0 20 69 2 -23172 23163
0 20 70 2 -23148 -23191
0 20 71 2 -23185 23145
0 20 72 2 -23197 23167
0 20 73 2 23152 -23172
0 20 74 2 -23158 -23198
0 20 75 2 -23168 -23159
0 20 76 2 -23217 23136
0 20 77 2 -23188 23169
0 20 78 2 23179 -23180
0 20 79 2 23174 -23171
0 20 80 2 23163 -23145
0 20 81 2 23203 -23151
0 20 82 2 -23183 -23175
0 20 83 2 23191 -23199
0 20 84 2 -23156 -23163
0 20 85 2 23170 23162
0 20 86 2 -23145 23171
0 20 87 2 23183 23167
0 20 88 2 23154 23180
0 20 89 2 23186 -23147
0 20 90 2 23199 23206
0 20 91 2 -23169 -23168
0 20 92 2 23154 -23178
0 20 93 2 -23162 -23163
0 20 94 2 -23172 -23173
0 20 95 2 23155 23168
0 20 96 2 23162 23190
0 20 97 2 32771 -16
0 20 98 2 -23178 -23188
0 20 99 2 23177 23197
0 20 100 2 23171 23155
0 20 101 2 -23167 -23182
0 20 102 2 -23183 23163
0 20 103 2 -23183 -23147
0 20 104 2 -23171 23161
0 20 105 2 23148 23188
0 20 106 2 -23164 23154
0 20 107 2 -23163 -23188
0 20 108 2 23177 23158
0 20 109 2 -23153 -23148
0 20 110 2 23143 -23155
0 20 111 2 -23196 -23150
0 20 112 2 -23168 -23148
0 20 113 2 -30 -5
0 20 114 2 12 13
0 20 115 2 36 15
0 20 116 2 29 15
0 20 117 2 27 22
0 20 118 2 -15 -17
0 20 119 2 4 2
0 20 120 2 -26 -24
0 20 121 2 8 -46
0 20 122 2 -2 5
0 20 123 2 21 17
0 20 124 2 9 11
0 20 125 2 21 18
0 20 126 2 -16 14
0 20 127 2 -10 1
0 20 128 2 -6 20
0 20 129 2 21 -15
0 20 130 2 -4 -35
0 20 131 2 44 -27
0 20 132 2 13 19
0 20 133 2 -9 3
0 20 134 2 -24 -3
0 20 135 2 -1 36
0 20 136 2 11 12
0 20 137 2 23 0
0 20 138 2 0 -4
0 20 139 2 24 -3
0 20 140 2 -1 23
0 20 141 2 -23 16
0 20 142 2 -6 -3
0 20 143 2 24 4
0 20 144 2 23181 23193
0 20 145 2 -23197 23176
0 20 146 2 23196 -23188
0 20 147 2 23183 23173
0 20 148 2 -23208 23161
0 20 149 2 23193 23172
0 20 150 2 23171 -23173
0 20 151 2 -23157 -23173
0 20 152 2 -23197 23134
0 20 153 2 -23166 23197
0 20 154 2 -23187 -23161
0 20 155 2 23185 23165
0 20 156 2 -23168 -23161
0 20 157 2 23154 23179
0 20 158 2 23173 23161
0 20 159 2 32755 -11
0 20 160 2 23183 23203
0 20 161 2 23167 23213
0 20 162 2 -23168 -23135
0 20 163 2 23209 -23140
0 20 164 2 23206 -23170
0 20 165 2 23199 -23161
0 20 166 2 -23189 23168
0 20 167 2 23180 -23136
0 20 168 2 -23133 -23160
0 20 169 2 23178 -23171
0 20 170 2 23138 23183
0 20 171 2 -23179 -23167
0 20 172 2 23194 -23141
0 20 173 2 23197 -23166
0 20 174 2 23163 23181
0 20 175 2 23181 -23168
0 20 176 2 -23149 -23168
0 20 177 2 -23154 -23161
0 20 178 2 23178 -23161
0 20 179 2 -23200 23186
0 20 180 2 23186 23176
0 20 181 2 -23185 23140
0 20 182 2 23171 23169
0 20 183 2 -23174 23154
0 20 184 2 23174 -23179
0 20 185 2 23183 -23146
0 20 186 2 -23168 23158
0 20 187 2 23180 -23157
0 20 188 2 23177 23172
0 20 189 2 -23191 23183
0 20 190 2 23140 -23189
0 20 191 2 32755 9
0 20 192 2 23155 -23184
0 20 193 2 -23157 -23189
0 20 194 2 23136 23172
0 20 195 2 23195 23218
0 20 196 2 -23189 23166
0 20 197 2 -23181 -23163
0 20 198 2 -23167 -23171
0 20 199 2 -23158 -23168
0 20 200 2 23163 23174
0 20 201 2 23133 23187
0 20 202 2 -23195 23134
0 20 203 2 -23132 -23164
0 20 204 2 23186 23184
0 20 205 2 -23131 -23169
0 20 206 2 23178 -23157
0 20 207 2 23139 23167
0 20 208 2 23210 -23152
0 20 209 2 -23174 -23164
0 20 210 2 -23175 23183
0 20 211 2 23149 23154
0 20 212 2 -23172 23110
0 20 213 2 23136 23132
0 20 214 2 -23172 -23190
0 20 215 2 -23143 -23162
0 20 216 2 23195 -23144
0 20 217 2 -23182 -23187
0 20 218 2 23190 -23175
0 20 219 2 23178 -23148
0 20 220 2 -23186 23163
0 20 221 2 -23177 23183
0 20 222 2 -23206 23143
0 20 223 2 32770 51
0 20 224 2 -23180 23193
0 20 225 2 23202 -23167
0 20 226 2 23209 -23143
0 20 227 2 23184 -23152
0 20 228 2 23176 -23159
0 20 229 2 -23147 -23188
0 20 230 2 23158 -23200
0 20 231 2 23180 23173
0 20 232 2 23171 -23153
0 20 233 2 23174 -23171
0 20 234 2 -23191 -23193
0 20 235 2 23187 -23173
0 20 236 2 -23152 -23186
0 20 237 2 23168 -23168
0 20 238 2 -23174 -23125
0 20 239 2 23131 23179
0 20 240 2 -23159 -23172
0 20 241 2 -23189 23157
0 20 242 2 -23167 23151
0 20 243 2 -23206 23149
0 20 244 2 23162 23170
0 20 245 2 -23174 23152
0 20 246 2 23166 -23140
0 20 247 2 23157 -23176
0 20 248 2 23157 23185
0 20 249 2 23180 -23183
0 20 250 2 23184 23174
0 20 251 2 23188 -23162
0 20 252 2 -23184 -23151
0 20 253 2 -23182 -23169
0 20 254 2 23196 -23179
0 20 255 2 32773 12
0 21 0 2 -436 88
0 21 1 2 32766 26
0 21 2 2 -23163 -23183
0 21 3 2 -23174 23142
0 21 4 2 23154 23148
0 21 5 2 -23134 -23162
0 21 6 2 23165 -23176
0 21 7 2 -23159 23146
0 21 8 2 -23148 23191
0 21 9 2 23169 -23179
0 21 10 2 -23131 -23197
0 21 11 2 23167 23179
0 21 12 2 23123 23160
0 21 13 2 23205 -23146
0 21 14 2 -23171 -23181
0 21 15 2 23166 23192
0 21 16 2 -23190 23165
0 21 17 2 23157 23208
0 21 18 2 23218 -23145
0 21 19 2 -23192 23139
0 21 20 2 23161 23175
0 21 21 2 23197 -23138
0 21 22 2 -23171 -23169
0 21 23 2 -23146 23133
0 21 24 2 23188 -23171
0 21 25 2 23140 23181
0 21 26 2 -23191 23144
0 21 27 2 -23168 23164
0 21 28 2 23186 -23155
0 21 29 2 -23133 -23189
0 21 30 2 -23155 -23181
0 21 31 2 -23175 -23201
0 21 32 2 23214 -23145
0 21 33 2 32808 29
0 21 34 2 23163 -23162
0 21 35 2 -23152 -23176
0 21 36 2 -23163 23150
0 21 37 2 23152 23185
0 21 38 2 -23182 23193
0 21 39 2 23185 23199
0 21 40 2 23203 -23156
0 21 41 2 -23194 23185
0 21 42 2 23186 -23139
0 21 43 2 -23174 -23166
0 21 44 2 -23159 23161
0 21 45 2 -23138 -23172
0 21 46 2 23157 23186
0 21 47 2 -23216 23150
0 21 48 2 -23143 23188
0 21 49 2 -23160 23169
0 21 50 2 -23202 -23173
0 21 51 2 -23167 23175
0 21 52 2 23168 23158
0 21 53 2 23157 -23140
0 21 54 2 23166 -23164
0 21 55 2 -23234 23194
0 21 56 2 -23184 23180
0 21 57 2 -23178 23194
0 21 58 2 23176 -23190
0 21 59 2 23181 -23151
0 21 60 2 23229 -23143
0 21 61 2 23148 23151
0 21 62 2 23159 -23158
0 21 63 2 23143 -23198
0 21 64 2 -23183 -23167
0 21 65 2 32770 -13
0 21 66 2 23154 23169
0 21 67 2 -23144 -23157
0 21 68 2 23180 23191
0 21 69 2 -23192 23158
0 21 70 2 23193 23159
0 21 71 2 23166 -23133
0 21 72 2 -23145 -23156
0 21 73 2 -23158 -23166
0 21 74 2 23130 23164
0 21 75 2 -23188 -23163
0 21 76 2 -23157 -23195
0 21 77 2 -23168 -23188
0 21 78 2 23188 -23181
0 21 79 2 23195 23134
0 21 80 2 -23156 23193
0 21 81 2 23187 23182
0 21 82 2 -23199 23169
0 21 83 2 23169 -23165
0 21 84 2 -23220 23145
0 21 85 2 -23151 -23203
0 21 86 2 -23198 23126
0 21 87 2 23215 -23177
0 21 88 2 23144 23190
0 21 89 2 -23156 23179
0 21 90 2 23162 23164
0 21 91 2 23152 23151
0 21 92 2 23162 -23165
0 21 93 2 -23169 -23195
0 21 94 2 -23173 23168
0 21 95 2 23194 23205
0 21 96 2 -23175 23152
0 21 97 2 32785 4
0 21 98 2 -23174 -23181
0 21 99 2 -23193 23134
0 21 100 2 -23157 -23179
0 21 101 2 23170 23169
0 21 102 2 23155 -23147
0 21 103 2 -23165 23175
0 21 104 2 -23155 23162
0 21 105 2 -23155 -23157
0 21 106 2 23180 -23168
0 21 107 2 23185 -23168
0 21 108 2 -23167 23154
0 21 109 2 -23162 -23218
0 21 110 2 -23162 -23177
0 21 111 2 23164 23170
0 21 112 2 23156 -23138
0 21 113 2 4 -13
0 21 114 2 2 40
0 21 115 2 35 28
0 21 116 2 -6 13
0 21 117 2 7 14
0 21 118 2 7 18
0 21 119 2 -23 -2
0 21 120 2 -15 -5
0 21 121 2 7 32
0 21 122 2 -18 7
0 21 123 2 -18 1
0 21 124 2 -16 -26
0 21 125 2 -1 1
0 21 126 2 11 77
0 21 127 2 -4 -11
0 21 128 2 0 -6
0 21 129 2 -9 -1
0 21 130 2 -30 -4
0 21 131 2 18 -13
0 21 132 2 -7 -35
0 21 133 2 14 -8
0 21 134 2 -15 -36
0 21 135 2 -16 23
0 21 136 2 2 -1
0 21 137 2 -8 28
0 21 138 2 -2 -24
0 21 139 2 -28 -26
0 21 140 2 23 -11
0 21 141 2 34 27
0 21 142 2 -12 32
0 21 143 2 27 13
0 21 144 2 23151 23174
0 21 145 2 23159 23169
0 21 146 2 23171 -23144
0 21 147 2 23155 -23183
0 21 148 2 -23175 23193
0 21 149 2 23139 23160
0 21 150 2 -23181 23147
0 21 151 2 23145 23177
0 21 152 2 23142 23210
0 21 153 2 23166 23181
0 21 154 2 -23164 -23156
0 21 155 2 -23140 -23164
0 21 156 2 -23200 23149
0 21 157 2 -23151 23137
0 21 158 2 23175 23169
0 21 159 2 32751 29
0 21 160 2 -23166 23163
0 21 161 2 -23134 -23182
0 21 162 2 -23170 -23167
0 21 163 2 23192 -23163
0 21 164 2 23174 -23199
0 21 165 2 -23169 -23152
0 21 166 2 23185 -23183
0 21 167 2 23190 -23170
0 21 168 2 -23175 23173
0 21 169 2 -23179 23116
0 21 170 2 -23167 23160
0 21 171 2 23140 23175
0 21 172 2 -23158 -23178
0 21 173 2 23151 23170
0 21 174 2 23181 -23138
0 21 175 2 23150 23157
0 21 176 2 -23184 23180
0 21 177 2 23173 23167
0 21 178 2 -23137 23149
0 21 179 2 -23162 -23171
0 21 180 2 -23146 -23179
0 21 181 2 -23179 23172
0 21 182 2 23168 -23169
0 21 183 2 -23179 -23187
0 21 184 2 -23207 23190
0 21 185 2 -23193 23194
0 21 186 2 -23202 23156
0 21 187 2 -23187 23151
0 21 188 2 23173 -23194
0 21 189 2 -23190 -23183
0 21 190 2 -23204 23183
0 21 191 2 32762 30
0 21 192 2 -23169 23165
0 21 193 2 23190 -23173
0 21 194 2 -23186 23151
0 21 195 2 -23162 -23208
0 21 196 2 -23152 -23199
0 21 197 2 23169 23176
0 21 198 2 -23185 23172
0 21 199 2 23170 -23124
0 21 200 2 23174 -23160
0 21 201 2 -23187 -23182
0 21 202 2 23179 -23163
0 21 203 2 -23174 23134
0 21 204 2 23162 -23156
0 21 205 2 -23192 -23156
0 21 206 2 23153 -23157
0 21 207 2 -23156 23147
0 21 208 2 23180 23174
0 21 209 2 -23164 23169
0 21 210 2 23153 23185
0 21 211 2 -23156 -23166
0 21 212 2 23150 23157
0 21 213 2 -23199 23182
0 21 214 2 23151 23173
0 21 215 2 -23189 23181
0 21 216 2 23184 23156
0 21 217 2 23159 23182
0 21 218 2 23213 -23138
0 21 219 2 23163 -23173
0 21 220 2 -23186 -23143
0 21 221 2 -23203 -23142
0 21 222 2 -23157 23155
0 21 223 2 32715 13
0 21 224 2 -23148 -23178
0 21 225 2 23184 -23145
0 21 226 2 23157 -23132
0 21 227 2 -23194 23172
0 21 228 2 23184 -23182
0 21 229 2 -23175 23168
0 21 230 2 23175 -23180
0 21 231 2 23154 23175
0 21 232 2 -23155 -23164
0 21 233 2 -23194 -23182
0 21 234 2 -23176 23184
0 21 235 2 -23108 -23195
0 21 236 2 -23148 -23181
0 21 237 2 -23158 -23179
0 21 238 2 23163 23176
0 21 239 2 23163 -23151
0 21 240 2 23163 23189
0 21 241 2 -23171 23143
0 21 242 2 23165 23172
0 21 243 2 -23146 -23201
0 21 244 2 23190 -23151
0 21 245 2 -23162 23127
0 21 246 2 23187 -23101
0 21 247 2 23197 -23167
0 21 248 2 -23188 23128
0 21 249 2 -23174 23187
0 21 250 2 -23162 -23152
0 21 251 2 -23136 -23178
0 21 252 2 -23170 23159
0 21 253 2 23199 -23159
0 21 254 2 -23168 -23177
0 21 255 2 32752 -6
0 22 0 2 -472 82
0 22 1 2 32759 -2
0 22 2 2 -23157 -23180
0 22 3 2 -23166 23165
0 22 4 2 -23205 -23177
0 22 5 2 -23155 -23181
0 22 6 2 -23131 23144
0 22 7 2 23162 23182
0 22 8 2 -23168 -23134
0 22 9 2 -23178 23157
0 22 10 2 23167 -23164
0 22 11 2 23168 -23142
0 22 12 2 -23160 -23161
0 22 13 2 23174 -23153
0 22 14 2 -23178 23149
0 22 15 2 23161 23175
0 22 16 2 -23147 -23173
0 22 17 2 23181 -23156
0 22 18 2 -23177 -23151
0 22 19 2 23185 -23188
0 22 20 2 -23168 23175
0 22 21 2 23171 -23148
0 22 22 2 -23191 23165
0 22 23 2 -23167 -23202
0 22 24 2 -23157 -23198
0 22 25 2 23179 -23100
0 22 26 2 23188 -23156
0 22 27 2 23179 23180
0 22 28 2 23187 -23152
0 22 29 2 23172 -23133
0 22 30 2 23166 -23152
0 22 31 2 -23180 -23161
0 22 32 2 23136 23189
0 22 33 2 32777 54
0 22 34 2 -23176 23147
0 22 35 2 -23173 -23177
0 22 36 2 23188 23210
0 22 37 2 -23184 23184
0 22 38 2 -23194 23171
0 22 39 2 23167 23158
0 22 40 2 -23180 23170
0 22 41 2 -23150 -23185
0 22 42 2 23175 23200
0 22 43 2 -23192 23195
0 22 44 2 23160 23189
0 22 45 2 23176 -23184
0 22 46 2 23183 23147
0 22 47 2 -23173 23178
0 22 48 2 23189 -23174
0 22 49 2 23185 -23120
0 22 50 2 -23153 -23154
0 22 51 2 -23151 -23158
0 22 52 2 -23143 -23170
0 22 53 2 -23184 23150
0 22 54 2 -23181 23169
0 22 55 2 -23146 23145
0 22 56 2 23159 23182
0 22 57 2 23188 -23182
0 22 58 2 23225 23190
0 22 59 2 -23153 -23190
0 22 60 2 23163 23196
0 22 61 2 23183 -23127
0 22 62 2 23173 -23155
0 22 63 2 23154 23189
0 22 64 2 23144 -23166
0 22 65 2 32771 0
0 22 66 2 23160 23196
0 22 67 2 -23170 23174
0 22 68 2 23201 -23164
0 22 69 2 -23171 -23143
0 22 70 2 23158 -23161
0 22 71 2 -23171 23183
0 22 72 2 23171 -23154
0 22 73 2 -23184 23147
0 22 74 2 23189 -23136
0 22 75 2 23184 -23174
0 22 76 2 23149 23182
0 22 77 2 23190 -23174
0 22 78 2 23174 -23171
0 22 79 2 -23165 -23180
0 22 80 2 23158 -23135
0 22 81 2 -23154 -23195
0 22 82 2 -23155 -23179
0 22 83 2 -23165 23134
0 22 84 2 -23162 -23167
0 22 85 2 23160 23177
0 22 86 2 -23126 -23195
0 22 87 2 23149 23176
0 22 88 2 23163 23160
0 22 89 2 -23143 -23173
0 22 90 2 23136 23140
0 22 91 2 -23133 -23175
0 22 92 2 -23167 23154
0 22 93 2 -23149 -23161
0 22 94 2 23197 23157
0 22 95 2 23165 23182
0 22 96 2 23160 23198
0 22 97 2 32701 42
0 22 98 2 -23172 23153
0 22 99 2 -23150 -23142
0 22 100 2 -23161 -23194
0 22 101 2 23176 23190
0 22 102 2 -23171 23149
0 22 103 2 -23165 -23129
0 22 104 2 -23144 -23160
0 22 105 2 23173 23203
0 22 106 2 -23206 23145
0 22 107 2 -23175 23186
0 22 108 2 -23152 -23169
0 22 109 2 23147 -23213
0 22 110 2 23170 23160
0 22 111 2 23180 23172
0 22 112 2 -23157 -23177
0 22 113 2 -1 -67
0 22 114 2 -17 3
0 22 115 2 33 9
0 22 116 2 39 -8
0 22 117 2 13 -19
0 22 118 2 35 5
0 22 119 2 0 1
0 22 120 2 -42 -33
0 22 121 2 -8 -2
0 22 122 2 25 15
0 22 123 2 27 31
0 22 124 2 -3 -6
0 22 125 2 -7 5
0 22 126 2 6 -20
0 22 127 2 -10 -12
0 22 128 2 -26 -20
0 22 129 2 13 -21
0 22 130 2 -3 -21
0 22 131 2 14 -22
0 22 132 2 17 13
0 22 133 2 -12 -1
0 22 134 2 -17 -24
0 22 135 2 -14 -6
0 22 136 2 7 1
0 22 137 2 -3 12
0 22 138 2 -12 -10
0 22 139 2 47 23
0 22 140 2 18 -23
0 22 141 2 1 -12
0 22 142 2 18 -6
0 22 143 2 0 20
0 22 144 2 23135 -23169
0 22 145 2 -23155 -23187
0 22 146 2 23166 -23126
0 22 147 2 23181 -23165
0 22 148 2 23139 23199
0 22 149 2 -23168 23180
0 22 150 2 -23148 -23167
0 22 151 2 23159 -23170
0 22 152 2 -23161 -23162
0 22 153 2 -23180 -23183
0 22 154 2 -23165 23177
0 22 155 2 23181 23178
0 22 156 2 -23151 -23205
0 22 157 2 23174 23192
0 22 158 2 -23178 23169
0 22 159 2 32798 35
0 22 160 2 -23210 -23207
0 22 161 2 -23169 -23197
0 22 162 2 23169 23181
0 22 163 2 23184 23205
0 22 164 2 -23138 -23151
0 22 165 2 23171 23150
0 22 166 2 -23193 23167
0 22 167 2 -23191 23147
0 22 168 2 23153 23189
0 22 169 2 23147 23172
0 22 170 2 23205 -23144
0 22 171 2 23159 -23161
0 22 172 2 23175 -23184
0 22 173 2 23174 23167
0 22 174 2 -23183 -23144
0 22 175 2 23143 23163
0 22 176 2 -23176 23208
0 22 177 2 -23133 -23189
0 22 178 2 -23175 23134
0 22 179 2 -23188 23147
0 22 180 2 23166 23150
0 22 181 2 23172 23188
0 22 182 2 -23174 -23174
0 22 183 2 -23196 -23146
0 22 184 2 23172 -23170
0 22 185 2 -23186 -23157
0 22 186 2 -23150 -23169
0 22 187 2 23150 23190
0 22 188 2 23181 23177
0 22 189 2 23154 23178
0 22 190 2 23156 -23170
0 22 191 2 32764 4
0 22 192 2 23194 23184
0 22 193 2 -23173 23213
0 22 194 2 -23154 23154
0 22 195 2 23128 23158
0 22 196 2 23208 -23119
0 22 197 2 23139 23145
0 22 198 2 23136 -23169
0 22 199 2 -23186 23167
0 22 200 2 23213 -23146
0 22 201 2 -23177 -23194
0 22 202 2 -23187 23181
0 22 203 2 -23160 -23176
0 22 204 2 -23177 -23151
0 22 205 2 23133 23150
0 22 206 2 -23173 -23178
0 22 207 2 -23159 -23182
0 22 208 2 23165 23173
0 22 209 2 23173 23171
0 22 210 2 -23174 23142
0 22 211 2 -23176 23146
0 22 212 2 -23163 23200
0 22 213 2 23164 -23176
0 22 214 2 -23153 -23185
0 22 215 2 23140 23216
0 22 216 2 -23174 23174
0 22 217 2 23144 23177
0 22 218 2 -23164 23144
0 22 219 2 -23227 23181
0 22 220 2 -23172 -23173
0 22 221 2 23182 -23147
0 22 222 2 23151 -23146
0 22 223 2 32749 38
0 22 224 2 23129 23179
0 22 225 2 -23143 -23125
0 22 226 2 -23209 23194
0 22 227 2 -23183 -23169
0 22 228 2 23194 -23163
0 22 229 2 -23176 23155
0 22 230 2 -23174 -23175
0 22 231 2 23143 -23161
0 22 232 2 -23172 23162
0 22 233 2 23164 -23152
0 22 234 2 -23158 -23141
0 22 235 2 23149 -23111
0 22 236 2 23167 23180
0 22 237 2 23165 23157
0 22 238 2 23162 23190
0 22 239 2 -23162 -23166
0 22 240 2 -23159 -23151
0 22 241 2 -23146 -23177
0 22 242 2 -23148 23132
0 22 243 2 -23153 -23174
0 22 244 2 23132 23158
0 22 245 2 23151 23177
0 22 246 2 23177 23216
0 22 247 2 23167 -23163
0 22 248 2 -23175 23167
0 22 249 2 -23168 -23218
0 22 250 2 23168 23171
0 22 251 2 23171 -23184
0 22 252 2 23133 23178
0 22 253 2 -23161 -23212
0 22 254 2 23165 -23163
0 22 255 2 32730 4
0 23 0 2 -485 62
0 23 1 2 32775 -15
0 23 2 2 23154 -23178
0 23 3 2 -23183 23216
0 23 4 2 -23207 23146
0 23 5 2 23149 -23137
0 23 6 2 23177 -23153
0 23 7 2 23190 -23179
0 23 8 2 -23148 23166
0 23 9 2 23180 23178
0 23 10 2 -23151 23162
0 23 11 2 23150 23148
0 23 12 2 23117 23175
0 23 13 2 -23160 23200
0 23 14 2 -23200 -23195
0 23 15 2 -23197 -23183
0 23 16 2 -23164 23131
0 23 17 2 -23178 -23210
0 23 18 2 23156 23175
0 23 19 2 -23156 -23183
0 23 20 2 23153 -23146
0 23 21 2 23195 -23142
0 23 22 2 23210 23187
0 23 23 2 -23166 -23184
0 23 24 2 -23142 -23171
0 23 25 2 -23150 23147
0 23 26 2 23158 -23147
0 23 27 2 -23191 23130
0 23 28 2 23148 23174
0 23 29 2 23185 -23164
0 23 30 2 -23164 -23185
0 23 31 2 23191 -23163
0 23 32 2 23170 23183
0 23 33 2 32753 46
0 23 34 2 23163 23182
0 23 35 2 23165 -23156
0 23 36 2 -23171 -23173
0 23 37 2 23188 -23156
0 23 38 2 23160 -23142
0 23 39 2 -23172 -23169
0 23 40 2 23148 23151
0 23 41 2 23143 23151
0 23 42 2 -23171 -23172
0 23 43 2 -23120 -23183
0 23 44 2 -23171 -23154
0 23 45 2 23173 -23167
0 23 46 2 -23157 -23178
0 23 47 2 23147 23191
0 23 48 2 -23172 -23148
0 23 49 2 -23162 23197
0 23 50 2 23164 -23138
0 23 51 2 23173 23201
0 23 52 2 -23157 -23155
0 23 53 2 23143 -23160
0 23 54 2 -23165 23161
0 23 55 2 -23177 23174
0 23 56 2 23163 23178
0 23 57 2 -23187 23177
0 23 58 2 -23144 -23191
0 23 59 2 23104 23183
0 23 60 2 -23173 23173
0 23 61 2 23171 -23186
0 23 62 2 23151 -23156
0 23 63 2 -23150 -23186
0 23 64 2 23187 -23168
0 23 65 2 32778 17
0 23 66 2 -23139 -23184
0 23 67 2 -23191 23136
0 23 68 2 -23180 23143
0 23 69 2 23166 23153
0 23 70 2 -23178 -23210
0 23 71 2 23165 -23158
0 23 72 2 -23183 23160
0 23 73 2 23191 -23159
0 23 74 2 -23151 -23152
0 23 75 2 -23177 -23170
0 23 76 2 23154 23207
0 23 77 2 -23140 23173
0 23 78 2 23194 23190
0 23 79 2 -23157 23153
0 23 80 2 -23177 23167
0 23 81 2 -23196 23143
0 23 82 2 -23144 23163
0 23 83 2 -23141 -23196
0 23 84 2 23193 23188
0 23 85 2 -23157 -23198
0 23 86 2 23135 23162
0 23 87 2 23178 -23162
0 23 88 2 23136 23174
0 23 89 2 23154 -23117
0 23 90 2 23165 23173
0 23 91 2 23162 23185
0 23 92 2 -23120 -23183
0 23 93 2 23182 -23185
0 23 94 2 23153 23199
0 23 95 2 23153 -23154
0 23 96 2 23139 23149
0 23 97 2 32783 9
0 23 98 2 23176 23160
0 23 99 2 23136 23167
0 23 100 2 -23170 -23150
0 23 101 2 23164 23220
0 23 102 2 23163 -23182
0 23 103 2 -23179 -23181
0 23 104 2 -23139 -23201
0 23 105 2 -23159 -23163
0 23 106 2 23158 23200
0 23 107 2 -23182 -23183
0 23 108 2 -23170 -23173
0 23 109 2 23167 -23154
0 23 110 2 -23191 23167
0 23 111 2 -23179 23160
0 23 112 2 23204 -23144
0 23 113 2 23 -26
0 23 114 2 11 10
0 23 115 2 -18 -8
0 23 116 2 12 -2
0 23 117 2 -10 1
0 23 118 2 3 -11
0 23 119 2 8 37
0 23 120 2 19 -27
0 23 121 2 -13 5
0 23 122 2 -2 8
0 23 123 2 21 -13
0 23 124 2 6 16
0 23 125 2 14 0
0 23 126 2 -9 27
0 23 127 2 -28 -4
0 23 128 2 -13 2
0 23 129 2 7 0
0 23 130 2 6 8
0 23 131 2 11 -9
0 23 132 2 -19 -10
0 23 133 2 -8 2
0 23 134 2 10 -13
0 23 135 2 14 -17
0 23 136 2 -12 -1
0 23 137 2 46 -4
0 23 138 2 -25 -26
0 23 139 2 34 17
0 23 140 2 14 -8
0 23 141 2 10 3
0 23 142 2 0 -31
0 23 143 2 10 -26
0 23 144 2 -23171 -23151
0 23 145 2 23183 -23170
0 23 146 2 23147 23207
0 23 147 2 -23178 -23185
0 23 148 2 23148 23153
0 23 149 2 -23158 -23170
0 23 150 2 -23175 -23168
0 23 151 2 -23172 23163
0 23 152 2 23198 23167
0 23 153 2 23166 -23166
0 23 154 2 -23139 -23163
0 23 155 2 23182 -23156
0 23 156 2 -23172 -23169
0 23 157 2 23162 23179
0 23 158 2 23195 -23162
0 23 159 2 32741 14
0 23 160 2 -23158 -23169
0 23 161 2 23184 23191
0 23 162 2 23144 23166
0 23 163 2 23189 23168
0 23 164 2 23148 23184
0 23 165 2 23210 -23164
0 23 166 2 23162 -23157
0 23 167 2 23189 -23149
0 23 168 2 -23210 -23165
0 23 169 2 -23163 23158
0 23 170 2 -23185 23136
0 23 171 2 23145 23195
0 23 172 2 -23161 23154
0 23 173 2 23159 23161
0 23 174 2 -23136 -23202
0 23 175 2 -23211 23132
0 23 176 2 23169 -23153
0 23 177 2 23110 23193
0 23 178 2 23162 -23113
0 23 179 2 -23146 -23158
0 23 180 2 -23213 23171
0 23 181 2 -23187 23218
0 23 182 2 23164 -23141
0 23 183 2 23168 -23156
0 23 184 2 -23176 -23176
0 23 185 2 -23181 23163
0 23 186 2 -23145 23132
0 23 187 2 -23177 23186
0 23 188 2 -23122 23153
0 23 189 2 23182 23161
0 23 190 2 -23158 -23170
0 23 191 2 32773 27
0 23 192 2 -23161 -23168
0 23 193 2 -23158 23170
0 23 194 2 23174 -23200
0 23 195 2 -23143 -23197
0 23 196 2 -23169 -23159
0 23 197 2 -23159 -23166
0 23 198 2 -23180 23141
0 23 199 2 -23165 23175
0 23 200 2 23192 23159
0 23 201 2 -23190 -23148
0 23 202 2 23194 23171
0 23 203 2 -23157 23187
0 23 204 2 -23159 -23178
0 23 205 2 -23127 23191
0 23 206 2 -23177 -23187
0 23 207 2 -23168 -23171
0 23 208 2 23157 23151
0 23 209 2 23177 -23123
0 23 210 2 23195 -23150
0 23 211 2 -23162 -23166
0 23 212 2 -23165 -23188
0 23 213 2 -23166 -23132
0 23 214 2 23177 -23173
0 23 215 2 -23153 23153
0 23 216 2 -23201 23190
0 23 217 2 -23181 -23156
0 23 218 2 -23211 23183
0 23 219 2 -23170 23158
0 23 220 2 23150 -23165
0 23 221 2 -23163 -23148
0 23 222 2 -23162 -23171
0 23 223 2 32767 20
0 23 224 2 23144 23132
0 23 225 2 -23148 -23191
0 23 226 2 23170 -23142
0 23 227 2 -23186 -23172
0 23 228 2 -23172 23182
0 23 229 2 -23147 -23172
0 23 230 2 23212 -23179
0 23 231 2 -23153 -23136
0 23 232 2 23169 -23157
0 23 233 2 -23192 23150
0 23 234 2 23119 23159
0 23 235 2 23189 -23150
0 23 236 2 -23175 -23179
0 23 237 2 23209 -23157
0 23 238 2 23144 23172
0 23 239 2 -23171 23132
0 23 240 2 23170 -23148
0 23 241 2 23160 23167
0 23 242 2 -23189 23170
0 23 243 2 23180 -23138
0 23 244 2 23152 -23153
0 23 245 2 23153 -23136
0 23 246 2 23163 -23162
0 23 247 2 -23169 -23157
0 23 248 2 23171 -23142
0 23 249 2 -23166 -23167
0 23 250 2 23182 -23177
0 23 251 2 23148 -23184
0 23 252 2 -23156 -23178
0 23 253 2 -23190 23161
0 23 254 2 23152 -23118
0 23 255 2 32758 -6
0 24 0 2 -446 74
0 24 1 2 32756 12
0 24 2 2 -23186 23142
0 24 3 2 -23114 23183
0 24 4 2 23172 23170
0 24 5 2 -23217 23151
0 24 6 2 23167 -23164
0 24 7 2 -23171 -23211
0 24 8 2 23174 -23153
0 24 9 2 23166 23152
0 24 10 2 -23171 23149
0 24 11 2 -23167 23161
0 24 12 2 -23175 -23149
0 24 13 2 -23172 -23151
0 24 14 2 -23195 23159
0 24 15 2 23123 -23166
0 24 16 2 23175 23202
0 24 17 2 23135 23161
0 24 18 2 23191 23148
0 24 19 2 23141 -23125
0 24 20 2 -23145 -23183
0 24 21 2 23176 23184
0 24 22 2 -23183 23174
0 24 23 2 -23185 -23174
0 24 24 2 -23167 -23167
0 24 25 2 -23153 23170
0 24 26 2 -23129 -23198
0 24 27 2 -23152 -23130
0 24 28 2 -23155 -23168
0 24 29 2 -23145 -23145
0 24 30 2 -23153 23133
0 24 31 2 23127 23175
0 24 32 2 -23142 -23176
0 24 33 2 32755 53
0 24 34 2 -23140 -23132
0 24 35 2 23206 -23122
0 24 36 2 23197 -23159
0 24 37 2 23153 23183
0 24 38 2 23162 23167
0 24 39 2 23168 -23200
0 24 40 2 -23158 23194
0 24 41 2 -23157 -23180
0 24 42 2 -23176 23201
0 24 43 2 23148 23187
0 24 44 2 -23127 -23170
0 24 45 2 23142 23166
0 24 46 2 23140 23198
0 24 47 2 23139 23183
0 24 48 2 23137 23155
0 24 49 2 -23133 -23164
0 24 50 2 23155 -23185
0 24 51 2 -23154 23166
0 24 52 2 23156 23193
0 24 53 2 23173 23158
0 24 54 2 23184 -23136
0 24 55 2 -23166 23092
0 24 56 2 23149 -23149
0 24 57 2 23200 -23149
0 24 58 2 -23151 -23173
0 24 59 2 23160 23160
0 24 60 2 23170 -23170
0 24 61 2 23172 23175
0 24 62 2 23157 23162
0 24 63 2 23178 -23147
0 24 64 2 -23176 23150
0 24 65 2 32729 26
0 24 66 2 -23168 -23173
0 24 67 2 23155 -23152
0 24 68 2 -23186 23173
0 24 69 2 23185 23187
0 24 70 2 -23182 -23191
0 24 71 2 -23166 23148
0 24 72 2 -23133 -23157
0 24 73 2 -23165 -23132
0 24 74 2 23165 -23156
0 24 75 2 23144 23163
0 24 76 2 23157 23171
0 24 77 2 -23186 23148
0 24 78 2 -23178 -23179
0 24 79 2 23194 -23153
0 24 80 2 -23171 23212
0 24 81 2 -23149 -23191
0 24 82 2 23156 23182
0 24 83 2 23182 23178
0 24 84 2 23188 -23176
0 24 85 2 -23129 -23161
0 24 86 2 -23148 -23151
0 24 87 2 23181 -23155
0 24 88 2 -23135 -23190
0 24 89 2 -23168 -23211
0 24 90 2 -23195 23156
0 24 91 2 -23161 -23184
0 24 92 2 -23171 -23151
0 24 93 2 -23127 -23216
0 24 94 2 23147 23179
0 24 95 2 23131 -23174
0 24 96 2 23180 -23189
0 24 97 2 32792 -29
0 24 98 2 23156 23182
0 24 99 2 -23181 23140
0 24 100 2 23170 -23155
0 24 101 2 -23153 23191
0 24 102 2 -23181 23138
0 24 103 2 23156 23149
0 24 104 2 23164 23167
0 24 105 2 23179 -23151
0 24 106 2 -23179 23155
0 24 107 2 -23191 23164
0 24 108 2 23169 -23165
0 24 109 2 23174 -23148
0 24 110 2 -23147 23156
0 24 111 2 23129 -23175
0 24 112 2 -23156 23182
0 24 113 2 24 17
0 24 114 2 -7 -14
0 24 115 2 19 -14
0 24 116 2 -11 -1
0 24 117 2 -17 -14
0 24 118 2 -45 -27
0 24 119 2 7 -20
0 24 120 2 9 -15
0 24 121 2 -5 -8
0 24 122 2 -3 -16
0 24 123 2 -2 -22
0 24 124 2 -15 2
0 24 125 2 -9 16
0 24 126 2 4 18
0 24 127 2 40 2
0 24 128 2 -15 -19
0 24 129 2 8 -1
0 24 130 2 -8 22
0 24 131 2 -4 6
0 24 132 2 4 -3
0 24 133 2 15 18
0 24 134 2 35 4
0 24 135 2 6 3
0 24 136 2 8 -6
0 24 137 2 -33 -12
0 24 138 2 -6 22
0 24 139 2 1 -17
0 24 140 2 4 4
0 24 141 2 26 36
0 24 142 2 14 -1
0 24 143 2 14 19
0 24 144 2 -23193 23178
0 24 145 2 -23166 23163
0 24 146 2 23146 23155
0 24 147 2 -23183 23167
0 24 148 2 23167 -23161
0 24 149 2 -23148 -23187
0 24 150 2 23161 -23163
0 24 151 2 -23158 23143
0 24 152 2 -23159 -23133
0 24 153 2 23169 -23154
0 24 154 2 23176 -23155
0 24 155 2 23177 23186
0 24 156 2 -23175 23170
0 24 157 2 -23169 23156
0 24 158 2 23155 23193
0 24 159 2 32713 -7
0 24 160 2 -23167 23130
0 24 161 2 23195 -23185
0 24 162 2 23150 -23162
0 24 163 2 -23163 -23200
0 24 164 2 -23170 23169
0 24 165 2 23171 23189
0 24 166 2 -23153 -23150
0 24 167 2 23182 23156
0 24 168 2 -23139 -23206
0 24 169 2 23160 -23167
0 24 170 2 23205 -23159
0 24 171 2 23154 -23181
0 24 172 2 23167 -23181
0 24 173 2 -23157 -23151
0 24 174 2 -23164 -23161
0 24 175 2 23181 23191
0 24 176 2 23151 23159
0 24 177 2 23170 23174
0 24 178 2 -23158 23183
0 24 179 2 -23178 23192
0 24 180 2 -23178 -23170
0 24 181 2 -23204 -23154
0 24 182 2 23133 23180
0 24 183 2 23194 -23175
0 24 184 2 -23182 23151
0 24 185 2 23177 23144
0 24 186 2 -23199 23147
0 24 187 2 23166 23177
0 24 188 2 -23145 -23135
0 24 189 2 -23167 23176
0 24 190 2 -23197 23147
0 24 191 2 32799 6
0 24 192 2 -23182 23144
0 24 193 2 23182 23173
0 24 194 2 23168 23163
0 24 195 2 -23171 -23157
0 24 196 2 -23140 23171
0 24 197 2 23151 23176
0 24 198 2 23183 23189
0 24 199 2 -23177 23168
0 24 200 2 23183 -23145
0 24 201 2 23142 23222
0 24 202 2 -23164 -23163
0 24 203 2 -23164 23147
0 24 204 2 23125 23170
0 24 205 2 23155 -23138
0 24 206 2 -23171 23133
0 24 207 2 23169 -23167
0 24 208 2 23176 23218
0 24 209 2 -23180 23132
0 24 210 2 23157 23165
0 24 211 2 -23196 -23162
0 24 212 2 -23155 -23214
0 24 213 2 23168 -23158
0 24 214 2 23130 23186
0 24 215 2 23178 -23148
0 24 216 2 23174 -23179
0 24 217 2 -23170 -23183
0 24 218 2 23144 23200
0 24 219 2 23187 -23165
0 24 220 2 23175 23195
0 24 221 2 -23186 -23184
0 24 222 2 -23154 -23186
0 24 223 2 32750 48
0 24 224 2 -23154 -23192
0 24 225 2 -23163 23151
0 24 226 2 -23150 -23168
0 24 227 2 -23168 -23199
0 24 228 2 -23209 23159
0 24 229 2 23160 23177
0 24 230 2 -23167 -23180
0 24 231 2 23142 23167
0 24 232 2 -23179 -23140
0 24 233 2 -23189 23179
0 24 234 2 23150 23171
0 24 235 2 23203 -23185
0 24 236 2 -23164 -23163
0 24 237 2 -23128 -23182
0 24 238 2 -23141 23157
0 24 239 2 -23143 -23180
0 24 240 2 -23168 23162
0 24 241 2 23154 23202
0 24 242 2 23203 -23150
0 24 243 2 -23181 23164
0 24 244 2 -23194 23139
0 24 245 2 23177 -23170
0 24 246 2 23155 -23153
0 24 247 2 23165 -23164
0 24 248 2 -23184 23172
0 24 249 2 23149 -23189
0 24 250 2 -23164 -23206
0 24 251 2 23179 -23147
0 24 252 2 -23174 23150
0 24 253 2 23177 23173
0 24 254 2 -23135 -23161
0 24 255 2 32751 -11
0 25 0 2 -460 70
0 25 1 2 32757 34
0 25 2 2 -23185 -23179
0 25 3 2 -23173 23178
0 25 4 2 -23189 -23193
0 25 5 2 -23170 -23167
0 25 6 2 -23163 23139
0 25 7 2 -23185 23184
0 25 8 2 -23173 -23173
0 25 9 2 -23177 -23158
0 25 10 2 23188 23187
0 25 11 2 23185 -23147
0 25 12 2 -23171 23199
0 25 13 2 -23168 23183
0 25 14 2 -23192 -23162
0 25 15 2 -23163 23205
0 25 16 2 -23164 23166
0 25 17 2 23124 23188
0 25 18 2 23185 23184
0 25 19 2 -23159 23173
0 25 20 2 23200 -23145
0 25 21 2 -23188 23200
0 25 22 2 23156 23160
0 25 23 2 -23189 23171
0 25 24 2 23176 -23169
0 25 25 2 23177 -23136
0 25 26 2 23198 -23159
0 25 27 2 -23170 -23157
0 25 28 2 -23164 23155
0 25 29 2 -23179 23165
0 25 30 2 23180 -23183
0 25 31 2 -23157 23162
0 25 32 2 23176 23180
0 25 33 2 32750 -6
0 25 34 2 -23157 -23206
0 25 35 2 23167 23178
0 25 36 2 23164 23176
0 25 37 2 23161 -23139
0 25 38 2 -23178 23192
0 25 39 2 -23160 -23187
0 25 40 2 -23162 23132
0 25 41 2 23164 -23148
0 25 42 2 -23173 -23171
0 25 43 2 23161 23195
0 25 44 2 23183 -23174
0 25 45 2 -23149 -23155
0 25 46 2 23170 23185
0 25 47 2 23142 23168
0 25 48 2 -23163 -23171
0 25 49 2 -23167 -23194
0 25 50 2 23166 23188
0 25 51 2 23138 23141
0 25 52 2 23156 23169
0 25 53 2 -23163 23146
0 25 54 2 23166 23181
0 25 55 2 23166 -23162
0 25 56 2 23143 23146
0 25 57 2 23164 -23128
0 25 58 2 -23158 -23192
0 25 59 2 -23179 23120
0 25 60 2 -23155 23123
0 25 61 2 -23160 -23187
0 25 62 2 23170 -23157
0 25 63 2 23157 -23146
0 25 64 2 -23145 -23169
0 25 65 2 32760 -27
0 25 66 2 23168 23169
0 25 67 2 23160 23202
0 25 68 2 23161 -23159
0 25 69 2 23128 23185
0 25 70 2 -23194 -23168
0 25 71 2 23181 -23146
0 25 72 2 23155 -23177
0 25 73 2 23173 -23186
0 25 74 2 -23187 -23179
0 25 75 2 -23151 -23150
0 25 76 2 -23149 -23134
0 25 77 2 -23189 -23136
0 25 78 2 -23152 23188
0 25 79 2 -23174 -23174
0 25 80 2 23183 -23150
0 25 81 2 23149 23161
0 25 82 2 -23165 -23200
0 25 83 2 -23148 -23170
0 25 84 2 23172 -23156
0 25 85 2 -23173 23185
0 25 86 2 23213 -23142
0 25 87 2 23202 -23162
0 25 88 2 23194 -23171
0 25 89 2 -23170 -23157
0 25 90 2 -23178 23155
0 25 91 2 -23161 23145
0 25 92 2 -23180 23131
0 25 93 2 -23137 -23169
0 25 94 2 23186 -23142
0 25 95 2 -23170 23176
0 25 96 2 23173 -23179
0 25 97 2 32787 -18
0 25 98 2 23163 23159
0 25 99 2 23189 23172
0 25 100 2 23161 23187
0 25 101 2 -23196 -23145
0 25 102 2 23158 23189
0 25 103 2 23137 23200
0 25 104 2 23186 -23172
0 25 105 2 23145 23161
0 25 106 2 -23150 -23188
0 25 107 2 -23158 23131
0 25 108 2 23167 -23176
0 25 109 2 -23159 -23186
0 25 110 2 -23165 23153
0 25 111 2 23167 -23167
0 25 112 2 23151 23205
0 25 113 2 -24 -14
0 25 114 2 13 -20
0 25 115 2 -4 -10
0 25 116 2 -23 -20
0 25 117 2 -9 0
0 25 118 2 0 -16
0 25 119 2 -9 -12
0 25 120 2 3 20
0 25 121 2 0 -26
0 25 122 2 -2 -5
0 25 123 2 32 9
0 25 124 2 16 9
0 25 125 2 -19 6
0 25 126 2 3 0
0 25 127 2 19 3
0 25 128 2 10 5
0 25 129 2 -22 15
0 25 130 2 -6 7
0 25 131 2 -10 19
0 25 132 2 -1 -24
0 25 133 2 0 13
0 25 134 2 15 -25
0 25 135 2 12 2
0 25 136 2 -21 0
0 25 137 2 -9 -3
0 25 138 2 8 30
0 25 139 2 -8 -7
0 25 140 2 10 10
0 25 141 2 -19 7
0 25 142 2 16 18
0 25 143 2 15 -8
0 25 144 2 -23192 23111
0 25 145 2 -23130 23184
0 25 146 2 -23189 -23161
0 25 147 2 23184 23166
0 25 148 2 23175 23198
0 25 149 2 -23194 -23177
0 25 150 2 -23176 23150
0 25 151 2 -23144 -23172
0 25 152 2 -23170 23164
0 25 153 2 -23175 23143
0 25 154 2 -23175 -23197
0 25 155 2 23140 23176
0 25 156 2 -23189 23180
0 25 157 2 -23185 23168
0 25 158 2 23155 23201
0 25 159 2 32765 -13
0 25 160 2 23167 23201
0 25 161 2 23166 -23183
0 25 162 2 -23132 23171
0 25 163 2 -23151 -23182
0 25 164 2 -23154 -23156
0 25 165 2 23127 23191
0 25 166 2 23142 23176
0 25 167 2 23194 23164
0 25 168 2 -23170 23139
0 25 169 2 23148 -23163
0 25 170 2 -23170 23193
0 25 171 2 23182 -23150
0 25 172 2 -23153 -23202
0 25 173 2 -23213 23180
0 25 174 2 23181 -23166
0 25 175 2 23161 23194
0 25 176 2 -23182 23110
0 25 177 2 -23188 23182
0 25 178 2 -23177 -23174
0 25 179 2 -23174 23181
0 25 180 2 23145 23147
0 25 181 2 23177 23185
0 25 182 2 -23178 23177
0 25 183 2 23155 -23197
0 25 184 2 23189 -23150
0 25 185 2 23161 23181
0 25 186 2 23166 -23140
0 25 187 2 23185 23196
0 25 188 2 23169 23166
0 25 189 2 -23154 -23154
0 25 190 2 -23159 -23202
0 25 191 2 32771 4
0 25 192 2 23167 23177
0 25 193 2 23158 23202
0 25 194 2 -23182 23147
0 25 195 2 23175 23189
0 25 196 2 23158 -23125
0 25 197 2 -23162 23148
0 25 198 2 23165 -23166
0 25 199 2 23155 23167
0 25 200 2 23147 -23141
0 25 201 2 23182 -23145
0 25 202 2 23180 -23175
0 25 203 2 -23157 -23194
0 25 204 2 -23154 -23165
0 25 205 2 23131 23168
0 25 206 2 -23168 -23134
0 25 207 2 23154 -23128
0 25 208 2 23189 -23183
0 25 209 2 23146 23165
0 25 210 2 -23186 23187
0 25 211 2 -23187 -23174
0 25 212 2 23144 23177
0 25 213 2 -23176 -23137
0 25 214 2 23149 23171
0 25 215 2 -23172 23193
0 25 216 2 -23157 -23164
0 25 217 2 23147 -23171
0 25 218 2 -23139 23152
0 25 219 2 23175 -23140
0 25 220 2 23161 23174
0 25 221 2 23151 23190
0 25 222 2 -23182 23161
0 25 223 2 32758 8
0 25 224 2 23222 -23174
0 25 225 2 -23160 -23164
0 25 226 2 -23203 23130
0 25 227 2 -23164 23142
0 25 228 2 -23142 -23175
0 25 229 2 23160 23156
0 25 230 2 23147 23180
0 25 231 2 -23166 -23194
0 25 232 2 23181 -23142
0 25 233 2 -23183 23161
0 25 234 2 -23203 23167
0 25 235 2 -23202 23167
0 25 236 2 23174 -23148
0 25 237 2 23186 -23162
0 25 238 2 23181 -23166
0 25 239 2 23203 -23162
0 25 240 2 -23165 -23201
0 25 241 2 23171 -23141
0 25 242 2 -23161 -23166
0 25 243 2 -23168 -23165
0 25 244 2 -23153 -23157
0 25 245 2 23182 -23158
0 25 246 2 -23179 23179
0 25 247 2 23175 -23160
0 25 248 2 23132 -23147
0 25 249 2 23200 -23160
0 25 250 2 23201 -23146
0 25 251 2 23172 23224
0 25 252 2 -23204 -23164
0 25 253 2 -23178 23197
0 25 254 2 -23167 23195
0 25 255 2 32750 -9
0 26 0 2 -507 116
0 26 1 2 32788 24
0 26 2 2 -23161 -23149
0 26 3 2 -23182 -23170
0 26 4 2 23154 23219
0 26 5 2 23182 23189
0 26 6 2 -23153 -23189
0 26 7 2 23157 -23159
0 26 8 2 23179 -23172
0 26 9 2 23222 -23159
0 26 10 2 -23163 -23171
0 26 11 2 -23165 -23184
0 26 12 2 -23193 23177
0 26 13 2 -23167 -23172
0 26 14 2 -23177 -23178
0 26 15 2 23158 23182
0 26 16 2 -23233 23154
0 26 17 2 23189 -23157
0 26 18 2 -23155 23176
0 26 19 2 23169 23180
0 26 20 2 -23154 -23152
0 26 21 2 -23163 23162
0 26 22 2 -23158 23171
0 26 23 2 23135 23187
0 26 24 2 23160 23177
0 26 25 2 23159 -23141
0 26 26 2 23162 -23140
0 26 27 2 -23150 23169
0 26 28 2 23167 -23145
0 26 29 2 -23180 -23149
0 26 30 2 23164 23173
0 26 31 2 -23186 23151
0 26 32 2 -23143 23178
0 26 33 2 32784 3
0 26 34 2 -23161 23198
0 26 35 2 23172 -23151
0 26 36 2 -23159 23164
0 26 37 2 -23184 23161
0 26 38 2 -23179 23124
0 26 39 2 23175 -23201
0 26 40 2 23160 23138
0 26 41 2 -23178 23176
0 26 42 2 23154 23141
0 26 43 2 -23160 -23139
0 26 44 2 23200 -23136
0 26 45 2 23158 -23144
0 26 46 2 23180 -23191
0 26 47 2 -23175 23168
0 26 48 2 23200 23160
0 26 49 2 -23151 23178
0 26 50 2 23167 23132
0 26 51 2 23190 23158
0 26 52 2 23190 -23156
0 26 53 2 23160 23196
0 26 54 2 -23124 -23207
0 26 55 2 -23146 -23146
0 26 56 2 23156 -23172
0 26 57 2 -23171 23138
0 26 58 2 23159 -23148
0 26 59 2 23202 23206
0 26 60 2 23163 -23188
0 26 61 2 -23187 23145
0 26 62 2 23179 -23163
0 26 63 2 23163 23178
0 26 64 2 23208 -23121
0 26 65 2 32768 0
0 26 66 2 -23173 23164
0 26 67 2 23179 -23143
0 26 68 2 23167 -23174
0 26 69 2 -23150 -23182
0 26 70 2 23148 -23184
0 26 71 2 -23159 -23173
0 26 72 2 23162 23167
0 26 73 2 -23199 23140
0 26 74 2 23189 -23174
0 26 75 2 -23171 -23165
0 26 76 2 23202 -23137
0 26 77 2 23200 -23156
0 26 78 2 23173 23175
0 26 79 2 23138 23183
0 26 80 2 -23170 -23169
0 26 81 2 23146 23176
0 26 82 2 -23136 -23211
0 26 83 2 23169 23209
0 26 84 2 23137 23129
0 26 85 2 23178 -23188
0 26 86 2 23147 23195
0 26 87 2 -23178 -23195
0 26 88 2 -23178 23177
0 26 89 2 -23181 23169
0 26 90 2 -23161 -23172
0 26 91 2 23176 23205
0 26 92 2 23121 23174
0 26 93 2 -23137 -23172
0 26 94 2 -23163 -23175
0 26 95 2 -23144 -23173
0 26 96 2 -23173 23178
0 26 97 2 32758 42
0 26 98 2 23169 -23168
0 26 99 2 23163 -23171
0 26 100 2 -23139 23178
0 26 101 2 23158 23161
0 26 102 2 -23125 -23151
0 26 103 2 -23191 23127
0 26 104 2 -23179 -23157
0 26 105 2 23165 23177
0 26 106 2 23178 23182
0 26 107 2 23160 23178
0 26 108 2 -23169 23174
0 26 109 2 23168 23197
0 26 110 2 -23173 23188
0 26 111 2 23141 -23142
0 26 112 2 23155 23161
0 26 113 2 23 35
0 26 114 2 -21 8
0 26 115 2 -30 33
0 26 116 2 0 -5
0 26 117 2 0 16
0 26 118 2 -5 -18
0 26 119 2 4 -1
0 26 120 2 35 -20
0 26 121 2 3 -4
0 26 122 2 -29 -4
0 26 123 2 -27 28
0 26 124 2 -4 15
0 26 125 2 6 -1
0 26 126 2 4 -6
0 26 127 2 -6 9
0 26 128 2 15 36
0 26 129 2 -17 -21
0 26 130 2 27 -6
0 26 131 2 -8 4
0 26 132 2 42 21
0 26 133 2 -9 12
0 26 134 2 12 5
0 26 135 2 0 -4
0 26 136 2 51 18
0 26 137 2 20 17
0 26 138 2 -27 -15
0 26 139 2 22 17
0 26 140 2 -24 -14
0 26 141 2 -12 14
0 26 142 2 8 25
0 26 143 2 13 33
0 26 144 2 23160 23160
0 26 145 2 -23183 23128
0 26 146 2 23165 23153
0 26 147 2 -23163 -23162
0 26 148 2 23179 -23151
0 26 149 2 -23191 -23161
0 26 150 2 -23151 -23199
0 26 151 2 -23151 23155
0 26 152 2 -23200 23174
0 26 153 2 23172 23183
0 26 154 2 23146 23165
0 26 155 2 -23157 23176
0 26 156 2 23174 -23169
0 26 157 2 23165 23137
0 26 158 2 23144 23163
0 26 159 2 32790 -20
0 26 160 2 -23158 -23160
0 26 161 2 23115 23159
0 26 162 2 -23163 23174
0 26 163 2 -23145 -23157
0 26 164 2 -23153 -23168
0 26 165 2 23186 -23155
0 26 166 2 23156 23189
0 26 167 2 -23155 -23126
0 26 168 2 23159 23149
0 26 169 2 23142 23175
0 26 170 2 -23176 -23195
0 26 171 2 23173 -23178
0 26 172 2 23167 23170
0 26 173 2 -23180 23147
0 26 174 2 -23189 23158
0 26 175 2 -23178 -23176
0 26 176 2 23181 -23163
0 26 177 2 -23178 23172
0 26 178 2 23207 -23150
0 26 179 2 23152 23159
0 26 180 2 23178 23183
0 26 181 2 -23203 23136
0 26 182 2 -23147 -23176
0 26 183 2 -23175 23162
0 26 184 2 23170 23182
0 26 185 2 -23176 -23143
0 26 186 2 -23126 -23196
0 26 187 2 -23192 23125
0 26 188 2 23186 -23173
0 26 189 2 23153 23192
0 26 190 2 -23139 -23183
0 26 191 2 32750 0
0 26 192 2 -23184 23169
0 26 193 2 23140 23159
0 26 194 2 23175 -23174
0 26 195 2 23162 -23152
0 26 196 2 -23150 23143
0 26 197 2 23163 -23147
0 26 198 2 23160 23170
0 26 199 2 -23197 23168
0 26 200 2 -23169 -23144
0 26 201 2 23161 23180
0 26 202 2 -23177 23190
0 26 203 2 -23148 -23197
0 26 204 2 -23173 23155
0 26 205 2 -23162 -23149
0 26 206 2 23136 23171
0 26 207 2 23175 -23150
0 26 208 2 -23168 -23177
0 26 209 2 23166 23190
0 26 210 2 23135 23179
0 26 211 2 -23159 23179
0 26 212 2 23145 23178
0 26 213 2 -23151 -23182
0 26 214 2 -23186 23177
0 26 215 2 -23159 -23180
0 26 216 2 -23190 23158
0 26 217 2 23162 23150
0 26 218 2 23194 -23178
0 26 219 2 -23118 23168
0 26 220 2 23169 23168
0 26 221 2 23172 23187
0 26 222 2 -23177 -23183
0 26 223 2 32796 22
0 26 224 2 23183 -23172
0 26 225 2 23190 -23138
0 26 226 2 23183 23175
0 26 227 2 -23204 23204
0 26 228 2 -23181 23126
0 26 229 2 23159 23196
0 26 230 2 23143 23178
0 26 231 2 23197 -23146
0 26 232 2 -23132 -23192
0 26 233 2 -23155 -23173
0 26 234 2 23161 -23173
0 26 235 2 23206 -23138
0 26 236 2 -23179 -23151
0 26 237 2 -23197 23155
0 26 238 2 -23185 23147
0 26 239 2 -23157 23186
0 26 240 2 -23133 23161
0 26 241 2 23145 23194
0 26 242 2 -23167 -23148
0 26 243 2 23141 23165
0 26 244 2 -23175 -23184
0 26 245 2 23199 -23148
0 26 246 2 23188 23182
0 26 247 2 -23171 -23248
0 26 248 2 -23169 -23165
0 26 249 2 23214 -23181
0 26 250 2 -23143 -23163
0 26 251 2 -23164 23178
0 26 252 2 -23183 23158
0 26 253 2 -23165 -23151
0 26 254 2 -23150 -23147
0 26 255 2 32771 11
0 27 0 2 -470 84
0 27 1 2 32768 26
0 27 2 2 -23143 -23215
0 27 3 2 -23178 23191
0 27 4 2 23164 23190
0 27 5 2 23179 -23145
0 27 6 2 -23162 -23157
0 27 7 2 -23161 23168
0 27 8 2 -23163 -23189
0 27 9 2 -23162 -23196
0 27 10 2 23152 -23148
0 27 11 2 -23177 23158
0 27 12 2 -23169 23172
0 27 13 2 23180 -23154
0 27 14 2 23172 -23169
0 27 15 2 23158 -23166
0 27 16 2 -23185 23151
0 27 17 2 23134 -23169
0 27 18 2 23177 -23147
0 27 19 2 23155 23162
0 27 20 2 23177 -23178
0 27 21 2 -23192 -23155
0 27 22 2 23185 -23167
0 27 23 2 -23159 23162
0 27 24 2 -23159 23137
0 27 25 2 23194 -23190
0 27 26 2 23183 23185
0 27 27 2 23167 -23143
0 27 28 2 23171 -23179
0 27 29 2 23140 23136
0 27 30 2 -23197 23159
0 27 31 2 -23162 -23158
0 27 32 2 -23185 -23180
0 27 33 2 32801 32
0 27 34 2 -23153 -23163
0 27 35 2 -23159 -23164
0 27 36 2 23165 23181
0 27 37 2 -23188 23131
0 27 38 2 23148 23176
0 27 39 2 23167 -23165
0 27 40 2 23163 23186
0 27 41 2 23174 -23175
0 27 42 2 23166 23162
0 27 43 2 23157 -23165
0 27 44 2 -23189 23155
0 27 45 2 23173 23140
0 27 46 2 -23180 -23196
0 27 47 2 23176 23154
0 27 48 2 23193 -23113
0 27 49 2 -23152 23186
0 27 50 2 23137 -23189
0 27 51 2 -23163 -23168
0 27 52 2 23150 23169
0 27 53 2 -23139 -23177
0 27 54 2 -23125 -23192
0 27 55 2 -23200 23197
0 27 56 2 23203 23144
0 27 57 2 23176 -23148
0 27 58 2 23191 23177
0 27 59 2 23160 23201
0 27 60 2 23151 23171
0 27 61 2 -23180 23137
0 27 62 2 23132 23196
0 27 63 2 -23189 23144
0 27 64 2 23182 -23166
0 27 65 2 32762 18
0 27 66 2 23203 23188
0 27 67 2 -23188 -23160
0 27 68 2 23176 -23159
0 27 69 2 -23158 -23147
0 27 70 2 -23186 23139
0 27 71 2 -23164 -23180
0 27 72 2 -23213 23173
0 27 73 2 -23178 -23149
0 27 74 2 23125 23161
0 27 75 2 -23136 23136
0 27 76 2 -23189 23152
0 27 77 2 -23149 23169
0 27 78 2 23158 23201
0 27 79 2 23176 23194
0 27 80 2 -23146 23163
0 27 81 2 -23131 -23199
0 27 82 2 23175 -23165
0 27 83 2 23163 -23162
0 27 84 2 23162 23138
0 27 85 2 -23138 -23204
0 27 86 2 23147 23173
0 27 87 2 -23143 23168
0 27 88 2 23181 23184
0 27 89 2 23131 23152
0 27 90 2 -23179 23183
0 27 91 2 23179 -23154
0 27 92 2 -23184 23168
0 27 93 2 -23163 -23174
0 27 94 2 -23159 23170
0 27 95 2 -23135 23155
0 27 96 2 -23190 23183
0 27 97 2 32790 -10
0 27 98 2 23172 23174
0 27 99 2 -23180 23194
0 27 100 2 -23140 -23183
0 27 101 2 23186 -23196
0 27 102 2 -23187 -23183
0 27 103 2 -23175 23154
0 27 104 2 23175 -23132
0 27 105 2 23156 -23136
0 27 106 2 -23180 -23162
0 27 107 2 -23172 -23171
0 27 108 2 -23169 23145
0 27 109 2 -23110 -23177
0 27 110 2 23183 -23157
0 27 111 2 -23160 -23194
0 27 112 2 23172 -23167
0 27 113 2 9 -1
0 27 114 2 3 6
0 27 115 2 14 -14
0 27 116 2 -8 -1
0 27 117 2 -4 -4
0 27 118 2 21 22
0 27 119 2 17 -15
0 27 120 2 21 -6
0 27 121 2 12 25
0 27 122 2 15 17
0 27 123 2 15 -14
0 27 124 2 -11 23
0 27 125 2 -2 4
0 27 126 2 17 17
0 27 127 2 -27 -2
0 27 128 2 -13 23
0 27 129 2 7 -5
0 27 130 2 6 7
0 27 131 2 13 -6
0 27 132 2 -9 5
0 27 133 2 -46 -23
0 27 134 2 -15 20
0 27 135 2 12 13
0 27 136 2 -32 5
0 27 137 2 -6 5
0 27 138 2 -14 -45
0 27 139 2 -19 -14
0 27 140 2 -8 20
0 27 141 2 5 28
0 27 142 2 15 -21
0 27 143 2 5 25
0 27 144 2 23174 -23135
0 27 145 2 -23146 -23175
0 27 146 2 -23169 -23189
0 27 147 2 23158 -23146
0 27 148 2 -23165 -23210
0 27 149 2 -23160 -23127
0 27 150 2 23151 -23177
0 27 151 2 23179 -23192
0 27 152 2 23167 23184
0 27 153 2 -23174 -23153
0 27 154 2 23196 -23162
0 27 155 2 23155 23182
0 27 156 2 23171 23158
0 27 157 2 -23182 -23187
0 27 158 2 -23154 -23159
0 27 159 2 32759 21
0 27 160 2 23167 -23169
0 27 161 2 23195 -23176
0 27 162 2 -23156 -23188
0 27 163 2 23171 23169
0 27 164 2 23171 -23140
0 27 165 2 -23178 -23151
0 27 166 2 23162 23170
0 27 167 2 -23146 -23152
0 27 168 2 -23158 -23180
0 27 169 2 -23200 23185
0 27 170 2 -23150 -23172
0 27 171 2 23190 -23130
0 27 172 2 -23138 -23157
0 27 173 2 -23188 -23167
0 27 174 2 -23180 -23184
0 27 175 2 23182 23158
0 27 176 2 23158 23129
0 27 177 2 23196 -23134
0 27 178 2 -23201 23153
0 27 179 2 23161 -23152
0 27 180 2 23163 -23161
0 27 181 2 -23212 23120
0 27 182 2 -23171 23168
0 27 183 2 23170 23180
0 27 184 2 23132 23208
0 27 185 2 23188 -23185
0 27 186 2 -23178 23135
0 27 187 2 23167 -23194
0 27 188 2 23151 -23168
0 27 189 2 23149 23207
0 27 190 2 -23163 -23158
0 27 191 2 32786 28
0 27 192 2 -23134 -23158
0 27 193 2 -23159 23192
0 27 194 2 -23106 -23162
0 27 195 2 -23177 23144
0 27 196 2 -23160 -23138
0 27 197 2 -23174 -23178
0 27 198 2 23160 23156
0 27 199 2 23152 23193
0 27 200 2 -23185 -23163
0 27 201 2 23161 -23221
0 27 202 2 23171 -23140
0 27 203 2 23169 -23165
0 27 204 2 -23160 23142
0 27 205 2 -23139 23165
0 27 206 2 -23165 23178
0 27 207 2 -23169 23143
0 27 208 2 -23162 -23167
0 27 209 2 -23197 -23172
0 27 210 2 -23169 23205
0 27 211 2 23183 -23113
0 27 212 2 23134 23162
0 27 213 2 23141 23169
0 27 214 2 23189 -23146
0 27 215 2 23157 23169
0 27 216 2 -23198 23189
0 27 217 2 23153 23132
0 27 218 2 -23166 23146
0 27 219 2 -23146 -23189
0 27 220 2 23165 23189
0 27 221 2 -23170 -23172
0 27 222 2 -23159 -23180
0 27 223 2 32758 14
0 27 224 2 23196 -23145
0 27 225 2 23153 -23135
0 27 226 2 -23169 23182
0 27 227 2 23168 -23172
0 27 228 2 23182 23159
0 27 229 2 -23188 -23196
0 27 230 2 -23155 23157
0 27 231 2 -23164 -23155
0 27 232 2 23173 23172
0 27 233 2 -23179 -23156
0 27 234 2 23154 23156
0 27 235 2 23150 23158
0 27 236 2 -23226 23183
0 27 237 2 -23203 23157
0 27 238 2 23161 23191
0 27 239 2 23177 -23162
0 27 240 2 23147 23187
0 27 241 2 -23188 -23201
0 27 242 2 23183 23191
0 27 243 2 -23175 -23170
0 27 244 2 23130 23166
0 27 245 2 23181 -23147
0 27 246 2 23155 23149
0 27 247 2 -23201 23147
0 27 248 2 -23155 -23178
0 27 249 2 23192 -23171
0 27 250 2 -23151 23123
0 27 251 2 -23207 23140
0 27 252 2 23189 23165
0 27 253 2 -23159 -23190
0 27 254 2 23202 -23169
0 27 255 2 32773 13
0 28 0 2 -466 59
0 28 1 2 32753 2
0 28 2 2 23150 23173
0 28 3 2 23133 23176
0 28 4 2 -23140 -23162
0 28 5 2 -23154 -23181
0 28 6 2 23155 -23140
0 28 7 2 23160 -23185
0 28 8 2 -23179 -23181
0 28 9 2 23159 -23200
0 28 10 2 -23183 23178
0 28 11 2 -23173 -23196
0 28 12 2 23159 23168
0 28 13 2 23141 23157
0 28 14 2 -23161 -23173
0 28 15 2 -23177 23163
0 28 16 2 23164 23196
0 28 17 2 -23173 -23174
0 28 18 2 -23182 23187
0 28 19 2 -23158 23153
0 28 20 2 23163 -23183
0 28 21 2 -23157 -23191
0 28 22 2 23189 23152
0 28 23 2 23142 23160
0 28 24 2 23158 23164
0 28 25 2 23151 23174
0 28 26 2 -23124 -23193
0 28 27 2 23155 -23162
0 28 28 2 23187 -23175
0 28 29 2 -23168 23158
0 28 30 2 -23185 -23198
0 28 31 2 23176 -23193
0 28 32 2 -23187 -23171
0 28 33 2 32768 -14
0 28 34 2 23133 23190
0 28 35 2 23158 -23166
0 28 36 2 -23170 23171
0 28 37 2 -23147 23150
0 28 38 2 23187 -23155
0 28 39 2 -23179 -23168
0 28 40 2 23152 23197
0 28 41 2 23180 -23167
0 28 42 2 23168 23175
0 28 43 2 23163 -23122
0 28 44 2 -23174 23128
0 28 45 2 -23192 -23165
0 28 46 2 -23180 -23170
0 28 47 2 23194 -23158
0 28 48 2 23158 23131
0 28 49 2 23156 23164
0 28 50 2 23222 23165
0 28 51 2 -23185 -23178
0 28 52 2 23175 23182
0 28 53 2 23139 23196
0 28 54 2 23157 23190
0 28 55 2 -23169 -23174
0 28 56 2 23145 -23192
0 28 57 2 -23175 23189
0 28 58 2 23131 23198
0 28 59 2 23161 23176
0 28 60 2 -23161 -23219
0 28 61 2 23160 23170
0 28 62 2 23128 23205
0 28 63 2 23162 23169
0 28 64 2 -23163 23142
0 28 65 2 32756 -29
0 28 66 2 23191 23181
0 28 67 2 23204 -23179
0 28 68 2 23185 -23141
0 28 69 2 -23163 23167
0 28 70 2 23169 23179
0 28 71 2 -23226 23145
0 28 72 2 23147 23187
0 28 73 2 -23188 -23199
0 28 74 2 23191 -23160
0 28 75 2 23171 23188
0 28 76 2 23146 23186
0 28 77 2 -23166 23150
0 28 78 2 -23170 23180
0 28 79 2 -23157 23155
0 28 80 2 23207 -23178
0 28 81 2 -23139 -23153
0 28 82 2 -23171 -23180
0 28 83 2 23177 -23189
0 28 84 2 23187 -23195
0 28 85 2 23178 -23164
0 28 86 2 23156 -23131
0 28 87 2 23166 23182
0 28 88 2 23169 23177
0 28 89 2 -23154 -23163
0 28 90 2 23187 23175
0 28 91 2 23146 23197
0 28 92 2 -23160 -23170
0 28 93 2 23128 23167
0 28 94 2 23148 -23138
0 28 95 2 -23206 -23170
0 28 96 2 23171 -23166
0 28 97 2 32774 -21
0 28 98 2 23165 23162
0 28 99 2 23201 -23183
0 28 100 2 23160 23180
0 28 101 2 23137 23189
0 28 102 2 23176 -23151
0 28 103 2 -23177 -23202
0 28 104 2 23166 -23179
0 28 105 2 23182 -23176
0 28 106 2 23173 23183
0 28 107 2 -23197 -23194
0 28 108 2 23162 23173
0 28 109 2 -23169 23135
0 28 110 2 23182 -23139
0 28 111 2 23156 23166
0 28 112 2 23166 23206
0 28 113 2 3 -19
0 28 114 2 -26 13
0 28 115 2 25 18
0 28 116 2 -17 38
0 28 117 2 -10 -4
0 28 118 2 -1 13
0 28 119 2 0 -24
0 28 120 2 -20 4
0 28 121 2 7 -3
0 28 122 2 1 17
0 28 123 2 -24 11
0 28 124 2 -9 -27
0 28 125 2 11 -16
0 28 126 2 -3 -6
0 28 127 2 8 -6
0 28 128 2 21 24
0 28 129 2 -28 -10
0 28 130 2 18 1
0 28 131 2 -5 -3
0 28 132 2 10 -38
0 28 133 2 2 -10
0 28 134 2 39 -33
0 28 135 2 2 -14
0 28 136 2 -26 -11
0 28 137 2 -14 -25
0 28 138 2 21 0
0 28 139 2 -21 15
0 28 140 2 -1 -29
0 28 141 2 -4 -32
0 28 142 2 -41 15
0 28 143 2 37 -2
0 28 144 2 23152 -23161
0 28 145 2 23198 -23153
0 28 146 2 23169 23190
0 28 147 2 -23131 -23140
0 28 148 2 -23172 23158
0 28 149 2 -23145 -23156
0 28 150 2 -23168 -23206
0 28 151 2 23205 -23170
0 28 152 2 23192 23174
0 28 153 2 23132 -23159
0 28 154 2 -23196 23189
0 28 155 2 -23155 -23189
0 28 156 2 -23132 23102
0 28 157 2 -23173 -23188
0 28 158 2 23155 -23157
0 28 159 2 32795 9
0 28 160 2 23163 23171
0 28 161 2 23150 23159
0 28 162 2 23203 -23160
0 28 163 2 23175 -23164
0 28 164 2 23155 23183
0 28 165 2 23166 23173
0 28 166 2 23164 -23167
0 28 167 2 23164 23162
0 28 168 2 -23172 23170
0 28 169 2 23160 23179
0 28 170 2 23156 23200
0 28 171 2 -23218 23173
0 28 172 2 23138 23168
0 28 173 2 23140 23237
0 28 174 2 -23150 23192
0 28 175 2 -23187 23182
0 28 176 2 23162 -23155
0 28 177 2 -23194 23200
0 28 178 2 -23178 23142
0 28 179 2 -23192 -23179
0 28 180 2 -23159 -23176
0 28 181 2 -23192 23141
0 28 182 2 -23164 -23181
0 28 183 2 23171 -23177
0 28 184 2 23136 23204
0 28 185 2 -23169 -23179
0 28 186 2 -23197 23194
0 28 187 2 23148 23152
0 28 188 2 23175 -23153
0 28 189 2 23163 -23177
0 28 190 2 23155 23192
0 28 191 2 32771 23
0 28 192 2 23131 23154
0 28 193 2 23139 23179
0 28 194 2 23190 23168
0 28 195 2 -23144 -23173
0 28 196 2 23161 -23160
0 28 197 2 23176 -23190
0 28 198 2 -23209 23175
0 28 199 2 -23184 -23180
0 28 200 2 23204 -23178
0 28 201 2 23152 23192
0 28 202 2 -23164 23146
0 28 203 2 -23161 23159
0 28 204 2 -23201 23144
0 28 205 2 -23145 23158
0 28 206 2 -23171 -23159
0 28 207 2 -23202 -23183
0 28 208 2 -23168 23139
0 28 209 2 -23199 -23185
0 28 210 2 23163 23183
0 28 211 2 -23163 23178
0 28 212 2 23162 23164
0 28 213 2 23174 23190
0 28 214 2 -23181 23180
0 28 215 2 23166 23177
0 28 216 2 -23159 -23177
0 28 217 2 23159 23158
0 28 218 2 -23159 -23143
0 28 219 2 23185 23175
0 28 220 2 -23168 -23155
0 28 221 2 -23176 23148
0 28 222 2 -23149 23188
0 28 223 2 32773 12
0 28 224 2 23176 23162
0 28 225 2 -23151 -23190
0 28 226 2 -23173 23147
0 28 227 2 23167 -23175
0 28 228 2 23176 -23188
0 28 229 2 -23184 -23179
0 28 230 2 23152 23165
0 28 231 2 -23166 -23163
0 28 232 2 23180 -23156
0 28 233 2 23157 -23174
0 28 234 2 -23175 23184
0 28 235 2 23133 -23142
0 28 236 2 -23178 -23180
0 28 237 2 23155 23186
0 28 238 2 -23203 23192
0 28 239 2 -23197 23181
0 28 240 2 -23163 23133
0 28 241 2 -23195 23176
0 28 242 2 -23203 23146
0 28 243 2 -23154 -23171
0 28 244 2 23143 -23200
0 28 245 2 -23159 -23129
0 28 246 2 23148 -23191
0 28 247 2 23161 -23176
0 28 248 2 -23150 -23187
0 28 249 2 -23159 -23155
0 28 250 2 -23200 23185
0 28 251 2 -23127 -23155
0 28 252 2 23170 23184
0 28 253 2 23186 -23168
0 28 254 2 23188 -23166
0 28 255 2 32736 8
0 29 0 2 -469 84
0 29 1 2 32733 3
0 29 2 2 -23174 23148
0 29 3 2 -23143 -23166
0 29 4 2 -23204 23198
0 29 5 2 -23219 23119
0 29 6 2 23186 -23152
0 29 7 2 -23177 -23168
0 29 8 2 -23158 -23206
0 29 9 2 -23178 23161
0 29 10 2 23164 23163
0 29 11 2 23205 -23192
0 29 12 2 -23148 -23174
0 29 13 2 -23172 23152
0 29 14 2 23202 -23166
0 29 15 2 -23150 -23177
0 29 16 2 -23167 23193
0 29 17 2 23140 -23195
0 29 18 2 23201 -23152
0 29 19 2 -23176 -23186
0 29 20 2 -23174 -23152
0 29 21 2 23169 23180
0 29 22 2 23195 23184
0 29 23 2 23146 23163
0 29 24 2 -23159 23176
0 29 25 2 23156 -23145
0 29 26 2 -23171 23149
0 29 27 2 -23175 23144
0 29 28 2 -23183 23158
0 29 29 2 -23191 23166
0 29 30 2 23177 23153
0 29 31 2 -23177 -23181
0 29 32 2 -23184 23144
0 29 33 2 32753 15
0 29 34 2 23143 23147
0 29 35 2 -23148 -23168
0 29 36 2 23203 -23147
0 29 37 2 23199 -23139
0 29 38 2 -23176 -23172
0 29 39 2 -23131 -23182
0 29 40 2 23163 23182
0 29 41 2 -23198 23142
0 29 42 2 -23129 -23145
0 29 43 2 23168 -23144
0 29 44 2 -23118 -23180
0 29 45 2 -23169 23185
0 29 46 2 23175 23150
0 29 47 2 -23128 23170
0 29 48 2 -23208 23156
0 29 49 2 23190 -23168
0 29 50 2 -23183 23147
0 29 51 2 23204 23204
0 29 52 2 -23171 -23159
0 29 53 2 -23147 -23190
0 29 54 2 23167 -23172
0 29 55 2 -23143 -23151
0 29 56 2 -23166 -23200
0 29 57 2 23149 23176
0 29 58 2 23149 -23168
0 29 59 2 23171 23182
0 29 60 2 23187 -23149
0 29 61 2 23171 -23159
0 29 62 2 -23156 -23152
0 29 63 2 -23153 -23170
0 29 64 2 23183 -23180
0 29 65 2 32758 13
0 29 66 2 -23191 23152
0 29 67 2 -23161 23146
0 29 68 2 23146 -23182
0 29 69 2 23173 23208
0 29 70 2 -23182 23154
0 29 71 2 -23156 23134
0 29 72 2 -23178 23165
0 29 73 2 -23177 -23177
0 29 74 2 23199 -23154
0 29 75 2 23173 23219
0 29 76 2 23181 23170
0 29 77 2 23143 23159
0 29 78 2 -23175 -23158
0 29 79 2 -23151 23161
0 29 80 2 -23153 -23197
0 29 81 2 23177 -23106
0 29 82 2 -23105 -23161
0 29 83 2 -23151 -23196
0 29 84 2 -23218 23181
0 29 85 2 -23153 -23188
0 29 86 2 23170 -23170
0 29 87 2 -23139 23101
0 29 88 2 -23162 -23222
0 29 89 2 -23188 23164
0 29 90 2 -23144 23150
0 29 91 2 23156 -23156
0 29 92 2 -23153 -23178
0 29 93 2 -23184 23153
0 29 94 2 -23141 -23168
0 29 95 2 -23134 -23189
0 29 96 2 -23168 -23216
0 29 97 2 32734 11
0 29 98 2 23160 -23169
0 29 99 2 23203 -23194
0 29 100 2 -23182 23161
0 29 101 2 -23165 23177
0 29 102 2 23138 23210
0 29 103 2 23156 -23136
0 29 104 2 -23154 -23153
0 29 105 2 23181 -23155
0 29 106 2 23164 -23148
0 29 107 2 -23176 23155
0 29 108 2 23159 23148
0 29 109 2 23180 23186
0 29 110 2 -23152 23156
0 29 111 2 23190 -23171
0 29 112 2 -23157 -23186
0 29 113 2 4 16
0 29 114 2 -31 8
0 29 115 2 0 19
0 29 116 2 -8 -12
0 29 117 2 -19 -7
0 29 118 2 -14 -19
0 29 119 2 -11 8
0 29 120 2 -12 30
0 29 121 2 12 -14
0 29 122 2 4 -26
0 29 123 2 -11 -33
0 29 124 2 13 1
0 29 125 2 -3 -23
0 29 126 2 12 13
0 29 127 2 9 32
0 29 128 2 -4 0
0 29 129 2 3 42
0 29 130 2 17 -11
0 29 131 2 36 1
0 29 132 2 -49 -9
0 29 133 2 -19 2
0 29 134 2 -18 0
0 29 135 2 -1 -17
0 29 136 2 -27 -4
0 29 137 2 -1 -7
0 29 138 2 49 15
0 29 139 2 -19 33
0 29 140 2 3 -25
0 29 141 2 -2 23
0 29 142 2 -9 3
0 29 143 2 -3 17
0 29 144 2 -23151 -23168
0 29 145 2 23202 -23179
0 29 146 2 23163 23184
0 29 147 2 23145 23158
0 29 148 2 -23169 23164
0 29 149 2 23172 -23136
0 29 150 2 -23165 23196
0 29 151 2 -23180 23152
0 29 152 2 -23165 -23187
0 29 153 2 -23162 -23187
0 29 154 2 -23185 23182
0 29 155 2 23169 -23178
0 29 156 2 23183 -23135
0 29 157 2 23145 -23143
0 29 158 2 23182 23193
0 29 159 2 32751 21
0 29 160 2 -23167 23153
0 29 161 2 -23131 -23182
0 29 162 2 23164 23177
0 29 163 2 -23176 -23182
0 29 164 2 -23148 -23148
0 29 165 2 23221 -23137
0 29 166 2 23164 23167
0 29 167 2 -23167 -23174
0 29 168 2 23120 23171
0 29 169 2 23167 -23130
0 29 170 2 -23185 23155
0 29 171 2 23120 23184
0 29 172 2 23161 23180
0 29 173 2 -23187 -23193
0 29 174 2 -23164 -23181
0 29 175 2 -23147 23173
0 29 176 2 23151 23145
0 29 177 2 23158 -23192
0 29 178 2 -23155 -23195
0 29 179 2 -23190 23157
0 29 180 2 23183 -23219
0 29 181 2 -23144 -23202
0 29 182 2 23144 23159
0 29 183 2 23160 23217
0 29 184 2 -23173 23143
0 29 185 2 23180 23170
0 29 186 2 23146 23182
0 29 187 2 -23187 23158
0 29 188 2 23145 23158
0 29 189 2 -23140 -23175
0 29 190 2 -23199 23152
0 29 191 2 32782 -8
0 29 192 2 23175 -23155
0 29 193 2 23136 23182
0 29 194 2 -23157 -23203
0 29 195 2 -23214 23167
0 29 196 2 23180 23200
0 29 197 2 -23158 -23155
0 29 198 2 23204 -23139
0 29 199 2 -23150 23142
0 29 200 2 -23220 -23193
0 29 201 2 -23162 -23179
0 29 202 2 -23156 -23199
0 29 203 2 23145 23155
0 29 204 2 -23162 23191
0 29 205 2 23159 -23175
0 29 206 2 -23175 23133
0 29 207 2 23160 23214
0 29 208 2 -23168 23156
0 29 209 2 -23165 23145
0 29 210 2 -23160 -23171
0 29 211 2 23155 23137
0 29 212 2 -23178 -23176
0 29 213 2 -23188 23139
0 29 214 2 23128 23156
0 29 215 2 -23155 -23199
0 29 216 2 -23176 23176
0 29 217 2 23131 23185
0 29 218 2 23171 23179
0 29 219 2 -23154 -23171
0 29 220 2 -23182 -23164
0 29 221 2 23169 23156
0 29 222 2 -23172 23149
0 29 223 2 32748 34
0 29 224 2 -23179 -23173
0 29 225 2 23130 23163
0 29 226 2 23190 23164
0 29 227 2 23171 -23167
0 29 228 2 23206 -23156
0 29 229 2 -23167 -23169
0 29 230 2 -23201 -23205
0 29 231 2 23163 23180
0 29 232 2 -23175 23167
0 29 233 2 23170 23183
0 29 234 2 23172 -23149
0 29 235 2 23220 -23162
0 29 236 2 23196 -23187
0 29 237 2 23163 23177
0 29 238 2 -23176 23151
0 29 239 2 -23177 -23199
0 29 240 2 -23186 -23139
0 29 241 2 23128 23187
0 29 242 2 23158 23155
0 29 243 2 -23119 -23183
0 29 244 2 23184 -23164
0 29 245 2 -23168 23177
0 29 246 2 -23148 -23173
0 29 247 2 -23178 23151
0 29 248 2 -23191 23147
0 29 249 2 -23194 23186
0 29 250 2 -23164 23169
0 29 251 2 -23159 -23164
0 29 252 2 23148 23203
0 29 253 2 -23156 23164
0 29 254 2 23181 23184
0 29 255 2 32778 12
0 30 0 2 -487 124
0 30 1 2 32761 12
0 30 2 2 23152 23160
0 30 3 2 23186 -23185
0 30 4 2 23172 23185
0 30 5 2 -23202 23128
0 30 6 2 23177 23189
0 30 7 2 -23167 -23168
0 30 8 2 23157 23181
0 30 9 2 23197 23202
0 30 10 2 -23182 -23170
0 30 11 2 -23169 23163
0 30 12 2 23198 23195
0 30 13 2 23165 23178
0 30 14 2 -23181 23158
0 30 15 2 -23135 -23157
0 30 16 2 23198 -23157
0 30 17 2 -23192 23143
0 30 18 2 23171 -23142
0 30 19 2 23156 23167
0 30 20 2 -23153 -23195
0 30 21 2 -23132 -23194
0 30 22 2 -23152 -23166
0 30 23 2 23173 -23157
0 30 24 2 -23182 23203
0 30 25 2 -23149 -23184
0 30 26 2 23152 23189
0 30 27 2 23201 -23160
0 30 28 2 23154 23183
0 30 29 2 23198 23211
0 30 30 2 23172 23183
0 30 31 2 23192 -23162
0 30 32 2 -23162 23157
0 30 33 2 32781 16
0 30 34 2 -23143 -23183
0 30 35 2 -23169 23174
0 30 36 2 23157 23168
0 30 37 2 -23141 -23137
0 30 38 2 -23200 23123
0 30 39 2 -23130 -23189
0 30 40 2 -23170 -23172
0 30 41 2 23126 -23176
0 30 42 2 -23212 23191
0 30 43 2 23158 -23145
0 30 44 2 -23148 23155
0 30 45 2 -23205 23147
0 30 46 2 -23172 -23223
0 30 47 2 -23168 -23164
0 30 48 2 -23181 23188
0 30 49 2 23128 23180
0 30 50 2 -23146 23152
0 30 51 2 23199 -23149
0 30 52 2 -23161 23170
0 30 53 2 -23205 -23170
0 30 54 2 -23194 23184
0 30 55 2 -23145 -23169
0 30 56 2 -23162 -23187
0 30 57 2 -23164 -23176
0 30 58 2 23182 -23150
0 30 59 2 -23135 -23174
0 30 60 2 23182 -23185
0 30 61 2 23171 23176
0 30 62 2 -23207 -23204
0 30 63 2 23176 -23185
0 30 64 2 -23162 23141
0 30 65 2 32786 4
0 30 66 2 23221 -23169
0 30 67 2 23163 23169
0 30 68 2 -23153 23127
0 30 69 2 23194 23166
0 30 70 2 23189 23176
0 30 71 2 -23142 -23141
0 30 72 2 23167 23156
0 30 73 2 23170 -23136
0 30 74 2 -23144 -23185
0 30 75 2 -23204 23158
0 30 76 2 23176 23162
0 30 77 2 -23181 23172
0 30 78 2 -23149 -23170
0 30 79 2 23134 23181
0 30 80 2 23157 -23167
0 30 81 2 -23177 23131
0 30 82 2 23191 23203
0 30 83 2 -23153 -23199
0 30 84 2 23199 -23146
0 30 85 2 -23159 -23185
0 30 86 2 23152 23175
0 30 87 2 -23189 23157
0 30 88 2 -23193 23138
0 30 89 2 -23194 23162
0 30 90 2 23159 -23177
0 30 91 2 -23198 23162
0 30 92 2 23159 23152
0 30 93 2 23177 -23174
0 30 94 2 -23185 -23165
0 30 95 2 -23199 23143
0 30 96 2 -23175 23176
0 30 97 2 32753 34
0 30 98 2 -23171 23169
0 30 99 2 -23176 23170
0 30 100 2 23147 23184
0 30 101 2 -23192 -23135
0 30 102 2 23153 23198
0 30 103 2 23181 23172
0 30 104 2 23135 23169
0 30 105 2 -23145 -23168
0 30 106 2 -23152 -23159
0 30 107 2 -23184 23170
0 30 108 2 23170 23184
0 30 109 2 -23160 23155
0 30 110 2 -23176 23175
0 30 111 2 -23215 23171
0 30 112 2 -23180 23143
0 30 113 2 -25 -13
0 30 114 2 -26 9
0 30 115 2 5 -18
0 30 116 2 -20 -2
0 30 117 2 -2 -23
0 30 118 2 -22 18
0 30 119 2 -5 -3
0 30 120 2 -32 3
0 30 121 2 12 -8
0 30 122 2 37 -7
0 30 123 2 -31 -5
0 30 124 2 -5 17
0 30 125 2 4 -8
0 30 126 2 3 5
0 30 127 2 2 34
0 30 128 2 -28 -47
0 30 129 2 -9 1
0 30 130 2 -19 -15
0 30 131 2 -39 -58
0 30 132 2 -16 -4
0 30 133 2 31 -9
0 30 134 2 20 -1
0 30 135 2 -19 18
0 30 136 2 3 25
0 30 137 2 -5 5
0 30 138 2 37 5
0 30 139 2 -7 -32
0 30 140 2 11 31
0 30 141 2 -18 56
0 30 142 2 9 25
0 30 143 2 -17 43
0 30 144 2 -23199 23193
0 30 145 2 23152 -23168
0 30 146 2 23158 23192
0 30 147 2 23178 -23141
0 30 148 2 -23161 -23174
0 30 149 2 23184 -23164
0 30 150 2 23177 -23165
0 30 151 2 23174 23186
0 30 152 2 23141 23161
0 30 153 2 -23145 -23163
0 30 154 2 -23130 23166
0 30 155 2 -23164 -23167
0 30 156 2 -23129 -23190
0 30 157 2 -23188 23155
0 30 158 2 -23144 -23194
0 30 159 2 32744 -4
0 30 160 2 23168 -23199
0 30 161 2 -23182 23157
0 30 162 2 -23174 23152
0 30 163 2 -23167 -23173
0 30 164 2 -23147 -23197
0 30 165 2 23144 -23184
0 30 166 2 -23189 23158
0 30 167 2 -23138 -23183
0 30 168 2 23205 23165
0 30 169 2 23159 23191
0 30 170 2 23145 23197
0 30 171 2 23161 23161
0 30 172 2 23194 23175
0 30 173 2 -23139 -23176
0 30 174 2 23155 23173
0 30 175 2 -23172 -23135
0 30 176 2 23192 -23148
0 30 177 2 23175 -23142
0 30 178 2 23185 -23204
0 30 179 2 -23163 23171
0 30 180 2 23141 23144
0 30 181 2 23224 -23179
0 30 182 2 23168 23194
0 30 183 2 -23154 23161
0 30 184 2 -23154 23173
0 30 185 2 23182 23147
0 30 186 2 23160 23175
0 30 187 2 -23171 -23180
0 30 188 2 23137 23191
0 30 189 2 -23164 -23184
0 30 190 2 -23142 -23172
0 30 191 2 32796 44
0 30 192 2 -23229 23143
0 30 193 2 -23151 -23169
0 30 194 2 -23169 -23173
0 30 195 2 -23146 -23182
0 30 196 2 -23188 -23163
0 30 197 2 -23184 23109
0 30 198 2 23175 -23196
0 30 199 2 23167 23176
0 30 200 2 -23155 23185
0 30 201 2 -23206 23196
0 30 202 2 -23172 23207
0 30 203 2 23110 23146
0 30 204 2 23152 23165
0 30 205 2 23175 -23205
0 30 206 2 23173 -23155
0 30 207 2 -23172 -23164
0 30 208 2 -23184 -23156
0 30 209 2 -23133 -23143
0 30 210 2 23180 -23157
0 30 211 2 23168 -23161
0 30 212 2 23167 -23149
0 30 213 2 -23213 23174
0 30 214 2 -23198 23186
0 30 215 2 23174 -23166
0 30 216 2 -23185 23160
0 30 217 2 23135 23161
0 30 218 2 23156 -23143
0 30 219 2 23169 -23182
0 30 220 2 23142 23142
0 30 221 2 23151 23168
0 30 222 2 23156 23195
0 30 223 2 32738 52
0 30 224 2 23197 -23134
0 30 225 2 -23166 -23204
0 30 226 2 -23164 23182
0 30 227 2 -23150 23159
0 30 228 2 23170 23178
0 30 229 2 23174 23187
0 30 230 2 23150 23183
0 30 231 2 23181 23160
0 30 232 2 23184 -23159
0 30 233 2 23189 -23159
0 30 234 2 -23185 23158
0 30 235 2 23157 -23159
0 30 236 2 -23165 23159
0 30 237 2 -23183 23164
0 30 238 2 23191 -23144
0 30 239 2 23144 -23143
0 30 240 2 23149 23127
0 30 241 2 -23137 23123
0 30 242 2 -23190 23159
0 30 243 2 -23162 -23167
0 30 244 2 23166 23161
0 30 245 2 23215 23206
0 30 246 2 23175 -23185
0 30 247 2 -23204 23163
0 30 248 2 -23174 23187
0 30 249 2 -23153 -23162
0 30 250 2 23158 -23169
0 30 251 2 -23215 23162
0 30 252 2 -23175 -23182
0 30 253 2 -23180 23154
0 30 254 2 -23149 -23161
0 30 255 2 32795 -10
0 31 0 2 -465 51
0 31 1 2 32792 37
0 31 2 2 -23161 -23145
0 31 3 2 23173 -23192
0 31 4 2 -23152 -23179
0 31 5 2 23157 23160
0 31 6 2 -23116 -23165
0 31 7 2 -23159 -23176
0 31 8 2 -23158 23166
0 31 9 2 23178 23171
0 31 10 2 23154 23153
0 31 11 2 -23193 23150
0 31 12 2 23177 -23152
0 31 13 2 -23149 -23194
0 31 14 2 -23155 -23219
0 31 15 2 23166 23189
0 31 16 2 -23183 23145
0 31 17 2 23173 -23139
0 31 18 2 -23160 -23172
0 31 19 2 -23211 23174
0 31 20 2 23184 -23160
0 31 21 2 23136 23150
0 31 22 2 -23204 23183
0 31 23 2 -23159 23169
0 31 24 2 23133 23193
0 31 25 2 -23197 23148
0 31 26 2 23138 23170
0 31 27 2 23164 23175
0 31 28 2 23188 -23135
0 31 29 2 -23169 -23202
0 31 30 2 -23132 23171
0 31 31 2 -23147 -23177
0 31 32 2 -23183 23131
0 31 33 2 32773 32
0 31 34 2 23176 23160
0 31 35 2 23112 23153
0 31 36 2 -23160 23177
0 31 37 2 23178 23155
0 31 38 2 23153 23204
0 31 39 2 23152 -23160
0 31 40 2 -23171 23156
0 31 41 2 23209 -23153
0 31 42 2 23160 -23132
0 31 43 2 23180 -23175
0 31 44 2 23174 -23162
0 31 45 2 -23197 23145
0 31 46 2 23198 -23161
0 31 47 2 -23168 -23185
0 31 48 2 -23171 -23167
0 31 49 2 23184 -23160
0 31 50 2 23210 23199
0 31 51 2 -23165 23152
0 31 52 2 -23166 -23173
0 31 53 2 23178 -23171
0 31 54 2 -23163 23171
0 31 55 2 -23156 -23173
0 31 56 2 23165 -23124
0 31 57 2 -23206 23168
0 31 58 2 -23169 -23191
0 31 59 2 -23157 23135
0 31 60 2 -23177 23183
0 31 61 2 -23151 23131
0 31 62 2 23153 -23190
0 31 63 2 23150 23174
0 31 64 2 23200 -23156
0 31 65 2 32724 -6
0 31 66 2 -23175 23116
0 31 67 2 -23190 -23178
0 31 68 2 23175 -23158
0 31 69 2 23175 23149
0 31 70 2 -23181 23151
0 31 71 2 23173 23182
0 31 72 2 23169 23197
0 31 73 2 -23141 23161
0 31 74 2 -23182 -23146
0 31 75 2 -23161 23155
0 31 76 2 -23146 23179
0 31 77 2 -23146 -23141
0 31 78 2 23173 -23162
0 31 79 2 23184 23151
0 31 80 2 23169 -23174
0 31 81 2 23126 23191
0 31 82 2 -23189 -23179
0 31 83 2 -23179 23140
0 31 84 2 23160 -23153
0 31 85 2 23183 23191
0 31 86 2 23144 23175
0 31 87 2 -23163 23164
0 31 88 2 23185 23170
0 31 89 2 -23148 23160
0 31 90 2 -23150 -23169
0 31 91 2 23173 -23157
0 31 92 2 23170 23208
0 31 93 2 -23212 23193
0 31 94 2 23167 -23171
0 31 95 2 23146 23154
0 31 96 2 23139 23169
0 31 97 2 32747 0
0 31 98 2 23141 -23155
0 31 99 2 -23206 -23202
0 31 100 2 23165 -23144
0 31 101 2 -23175 -23184
0 31 102 2 -23171 23183
0 31 103 2 23173 23183
0 31 104 2 23160 23204
0 31 105 2 23158 23200
0 31 106 2 23179 -23161
0 31 107 2 23166 23132
0 31 108 2 23131 23170
0 31 109 2 23141 23179
0 31 110 2 23165 23186
0 31 111 2 23146 23234
0 31 112 2 -23206 -23207
0 31 113 2 4 12
0 31 114 2 -4 0
0 31 115 2 -4 12
0 31 116 2 -8 9
0 31 117 2 -11 12
0 31 118 2 -9 9
0 31 119 2 4 -8
0 31 120 2 -15 0
0 31 121 2 -5 0
0 31 122 2 25 19
0 31 123 2 -27 -20
0 31 124 2 4 -3
0 31 125 2 -5 -49
0 31 126 2 2 -31
0 31 127 2 6 -14
0 31 128 2 5 2
0 31 129 2 -20 -2
0 31 130 2 46 -12
0 31 131 2 4 2
0 31 132 2 23 1
0 31 133 2 -2 -11
0 31 134 2 12 -12
0 31 135 2 -23 -43
0 31 136 2 -31 -18
0 31 137 2 -36 -9
0 31 138 2 26 -24
0 31 139 2 11 1
0 31 140 2 -7 25
0 31 141 2 -25 3
0 31 142 2 3 -10
0 31 143 2 14 15
0 31 144 2 -23196 23165
0 31 145 2 23179 -23157
0 31 146 2 -23150 23170
0 31 147 2 -23171 -23188
0 31 148 2 -23163 -23169
0 31 149 2 23207 -23173
0 31 150 2 23167 -23180
0 31 151 2 23128 23181
0 31 152 2 -23183 23158
0 31 153 2 -23186 -23168
0 31 154 2 -23155 23154
0 31 155 2 23174 23175
0 31 156 2 23186 23204
0 31 157 2 -23170 23148
0 31 158 2 -23162 23127
0 31 159 2 32756 36
0 31 160 2 23189 23208
0 31 161 2 23164 23183
0 31 162 2 -23152 -23157
0 31 163 2 23158 23168
0 31 164 2 -23185 23179
0 31 165 2 -23186 -23169
0 31 166 2 23152 -23145
0 31 167 2 23183 -23172
0 31 168 2 23151 23161
0 31 169 2 -23174 23156
0 31 170 2 23147 23201
0 31 171 2 23178 -23168
0 31 172 2 -23163 -23184
0 31 173 2 23191 23173
0 31 174 2 23201 -23181
0 31 175 2 -23179 -23212
0 31 176 2 -23141 -23189
0 31 177 2 -23185 -23178
0 31 178 2 -23194 -23171
0 31 179 2 23165 -23156
0 31 180 2 23183 -23158
0 31 181 2 -23148 -23187
0 31 182 2 23151 23173
0 31 183 2 -23163 -23136
0 31 184 2 -23197 23156
0 31 185 2 23179 -23151
0 31 186 2 -23169 -23157
0 31 187 2 -23160 23162
0 31 188 2 -23189 23174
0 31 189 2 23174 -23162
0 31 190 2 23202 -23192
0 31 191 2 32780 47
0 31 192 2 23156 -23170
0 31 193 2 -23194 -23165
0 31 194 2 23191 -23174
0 31 195 2 23139 23184
0 31 196 2 23180 23194
0 31 197 2 23186 -23147
0 31 198 2 -23175 23177
0 31 199 2 23188 23195
0 31 200 2 -23182 23156
0 31 201 2 23192 -23167
0 31 202 2 -23172 23150
0 31 203 2 23153 23149
0 31 204 2 -23187 23146
0 31 205 2 23193 -23177
0 31 206 2 -23139 -23153
0 31 207 2 23143 23154
0 31 208 2 -23188 23152
0 31 209 2 23198 -23159
0 31 210 2 23163 -23217
0 31 211 2 23192 -23170
0 31 212 2 -23180 -23162
0 31 213 2 -23159 -23181
0 31 214 2 23166 -23174
0 31 215 2 -23210 23180
0 31 216 2 23163 -23141
0 31 217 2 -23172 23176
0 31 218 2 23168 23158
0 31 219 2 23176 -23138
0 31 220 2 23185 23174
0 31 221 2 -23114 23169
0 31 222 2 -23129 23168
0 31 223 2 32753 -2
0 31 224 2 23158 23202
0 31 225 2 23159 23183
0 31 226 2 23168 23167
0 31 227 2 23171 -23151
0 31 228 2 -23162 23141
0 31 229 2 23201 -23153
0 31 230 2 -23189 -23173
0 31 231 2 23186 -23137
0 31 232 2 -23160 -23192
0 31 233 2 -23205 23180
0 31 234 2 -23147 -23167
0 31 235 2 23178 -23152
0 31 236 2 -23185 -23183
0 31 237 2 23196 23162
0 31 238 2 -23190 -23191
0 31 239 2 23150 -23188
0 31 240 2 23175 23172
0 31 241 2 -23164 23157
0 31 242 2 -23206 23139
0 31 243 2 23181 23166
0 31 244 2 23171 23180
0 31 245 2 -23197 23174
0 31 246 2 -23139 -23150
0 31 247 2 23150 -23184
0 31 248 2 -23188 -23172
0 31 249 2 23182 -23195
0 31 250 2 -23195 23141
0 31 251 2 23173 -23148
0 31 252 2 23174 -23148
0 31 253 2 -23160 23109
0 31 254 2 -23197 23148
0 31 255 2 32756 -22
0 32 0 2 -471 81
0 32 1 2 32796 0
0 32 2 2 23165 -23187
0 32 3 2 -23183 -23203
0 32 4 2 -23180 23140
0 32 5 2 -23165 -23212
0 32 6 2 23159 23135
0 32 7 2 -23199 23172
0 32 8 2 23148 -23136
0 32 9 2 -23141 -23205
0 32 10 2 23166 -23189
0 32 11 2 23147 23176
0 32 12 2 -23172 -23194
0 32 13 2 -23182 23131
0 32 14 2 -23189 23152
0 32 15 2 -23147 23153
0 32 16 2 -23142 -23165
0 32 17 2 -23183 23158
0 32 18 2 -23158 23166
0 32 19 2 23127 23177
0 32 20 2 -23163 -23213
0 32 21 2 -23179 23157
0 32 22 2 -23183 23181
0 32 23 2 23139 23185
0 32 24 2 -23158 -23178
0 32 25 2 -23160 23197
0 32 26 2 -23173 -23140
0 32 27 2 -23159 -23182
0 32 28 2 23150 23174
0 32 29 2 23181 -23170
0 32 30 2 23194 -23182
0 32 31 2 23177 -23140
0 32 32 2 23201 23160
0 32 33 2 32739 -15
0 32 34 2 23173 -23188
0 32 35 2 23179 23184
0 32 36 2 23162 23229
0 32 37 2 23145 23165
0 32 38 2 -23157 23152
0 32 39 2 -23162 -23148
0 32 40 2 23134 -23174
0 32 41 2 -23187 23177
0 32 42 2 23145 -23163
0 32 43 2 -23180 -23224
0 32 44 2 23170 23160
0 32 45 2 -23180 23154
0 32 46 2 23177 -23153
0 32 47 2 -23171 23141
0 32 48 2 -23152 -23136
0 32 49 2 23146 23198
0 32 50 2 23178 23203
0 32 51 2 -23156 23160
0 32 52 2 23171 23166
0 32 53 2 -23160 23157
0 32 54 2 23194 -23163
0 32 55 2 -23192 23166
0 32 56 2 23188 -23182
0 32 57 2 -23161 -23172
0 32 58 2 -23197 23162
0 32 59 2 -23157 -23171
0 32 60 2 -23179 23127
0 32 61 2 23187 -23149
0 32 62 2 23146 23194
0 32 63 2 23168 -23229
0 32 64 2 -23154 23162
0 32 65 2 32780 6
0 32 66 2 23191 -23177
0 32 67 2 23160 23202
0 32 68 2 23154 23176
0 32 69 2 23184 23193
0 32 70 2 -23192 23150
0 32 71 2 -23170 23171
0 32 72 2 -23195 23170
0 32 73 2 -23174 -23127
0 32 74 2 -23202 23191
0 32 75 2 23172 -23156
0 32 76 2 -23165 23181
0 32 77 2 23188 23160
0 32 78 2 -23178 -23208
0 32 79 2 -23142 23121
0 32 80 2 -23158 -23191
0 32 81 2 23189 23212
0 32 82 2 23149 23192
0 32 83 2 23158 23161
0 32 84 2 23154 23182
0 32 85 2 23191 -23170
0 32 86 2 -23125 23191
0 32 87 2 23149 23191
0 32 88 2 23153 23156
0 32 89 2 -23183 23147
0 32 90 2 -23156 -23205
0 32 91 2 23212 -23140
0 32 92 2 23131 23177
0 32 93 2 -23155 -23191
0 32 94 2 23182 -23154
0 32 95 2 -23137 -23176
0 32 96 2 23178 -23172
0 32 97 2 32744 -11
0 32 98 2 -23179 23147
0 32 99 2 -23180 23130
0 32 100 2 23163 23189
0 32 101 2 23182 -23182
0 32 102 2 23165 23178
0 32 103 2 -23120 -23167
0 32 104 2 23183 -23141
0 32 105 2 -23169 23154
0 32 106 2 -23165 23183
0 32 107 2 -23176 23167
0 32 108 2 23188 -23119
0 32 109 2 -23188 23164
0 32 110 2 23154 -23187
0 32 111 2 -23192 23181
0 32 112 2 -23174 23194
0 32 113 2 -5 2
0 32 114 2 13 7
0 32 115 2 3 14
0 32 116 2 22 -29
0 32 117 2 27 -31
0 32 118 2 10 -32
0 32 119 2 22 -11
0 32 120 2 -23 -1
0 32 121 2 -26 37
0 32 122 2 10 22
0 32 123 2 -35 -31
0 32 124 2 -31 10
0 32 125 2 6 -10
0 32 126 2 15 14
0 32 127 2 -11 23
0 32 128 2 14 -11
0 32 129 2 41 22
0 32 130 2 17 -15
0 32 131 2 -1 -20
0 32 132 2 0 4
0 32 133 2 -23 5
0 32 134 2 9 9
0 32 135 2 0 -6
0 32 136 2 17 4
0 32 137 2 14 3
0 32 138 2 24 5
0 32 139 2 -20 -34
0 32 140 2 38 -23
0 32 141 2 -11 27
0 32 142 2 -33 -58
0 32 143 2 -40 -5
0 32 144 2 23151 23177
0 32 145 2 -23117 -23150
0 32 146 2 -23184 -23172
0 32 147 2 -23159 23151
0 32 148 2 -23196 23148
0 32 149 2 23180 -23169
0 32 150 2 23157 23155
0 32 151 2 -23189 23189
0 32 152 2 -23178 23170
0 32 153 2 23173 -23155
0 32 154 2 -23155 -23172
0 32 155 2 23177 -23134
0 32 156 2 -23202 23127
0 32 157 2 -23138 -23153
0 32 158 2 23146 23174
0 32 159 2 32723 16
0 32 160 2 23182 23189
0 32 161 2 -23187 23146
0 32 162 2 23166 23162
0 32 163 2 23181 -23173
0 32 164 2 -23168 23176
0 32 165 2 -23189 -23195
0 32 166 2 -23173 -23181
0 32 167 2 23164 -23187
0 32 168 2 -23169 23169
0 32 169 2 -23189 23168
0 32 170 2 23177 23168
0 32 171 2 -23158 23190
0 32 172 2 -23192 23151
0 32 173 2 -23196 23137
0 32 174 2 -23164 -23162
0 32 175 2 -23176 23177
0 32 176 2 -23165 23184
0 32 177 2 23173 -23163
0 32 178 2 -23183 -23159
0 32 179 2 23128 23174
0 32 180 2 -23139 -23158
0 32 181 2 23174 -23161
0 32 182 2 -23133 -23158
0 32 183 2 -23182 -23156
0 32 184 2 -23197 23168
0 32 185 2 23171 -23182
0 32 186 2 23199 -23180
0 32 187 2 -23170 -23198
0 32 188 2 -23190 23167
0 32 189 2 23195 -23150
0 32 190 2 -23179 23170
0 32 191 2 32740 0
0 32 192 2 -23166 23132
0 32 193 2 -23167 -23159
0 32 194 2 23217 23192
0 32 195 2 23157 23168
0 32 196 2 -23156 -23163
0 32 197 2 23203 -23147
0 32 198 2 -23189 23144
0 32 199 2 23171 23158
0 32 200 2 23165 -23171
0 32 201 2 -23158 23140
0 32 202 2 -23172 -23190
0 32 203 2 23186 23183
0 32 204 2 -23167 23170
0 32 205 2 -23167 -23172
0 32 206 2 -23162 -23164
0 32 207 2 -23134 -23170
0 32 208 2 23161 -23125
0 32 209 2 23188 23164
0 32 210 2 23160 -23135
0 32 211 2 -23149 -23179
0 32 212 2 23178 -23132
0 32 213 2 -23174 -23185
0 32 214 2 -23159 -23170
0 32 215 2 23181 23144
0 32 216 2 -23172 23168
0 32 217 2 23166 23208
0 32 218 2 -23184 23146
0 32 219 2 23161 -23155
0 32 220 2 23149 23196
0 32 221 2 23183 23176
0 32 222 2 23192 -23153
0 32 223 2 32766 17
0 32 224 2 23157 23170
0 32 225 2 23173 23166
0 32 226 2 -23125 -23156
0 32 227 2 -23143 -23166
0 32 228 2 -23147 -23198
0 32 229 2 -23193 23139
0 32 230 2 -23183 -23155
0 32 231 2 23126 23170
0 32 232 2 23130 23166
0 32 233 2 23187 -23145
0 32 234 2 -23187 -23180
0 32 235 2 23169 23166
0 32 236 2 23146 -23159
0 32 237 2 -23159 -23170
0 32 238 2 -23191 23187
0 32 239 2 -23147 23160
0 32 240 2 23168 -23170
0 32 241 2 23167 -23178
0 32 242 2 23146 23196
0 32 243 2 23173 23180
0 32 244 2 23208 -23180
0 32 245 2 -23157 23211
0 32 246 2 23177 -23097
0 32 247 2 -23202 23121
0 32 248 2 -23169 -23172
0 32 249 2 -23155 -23171
0 32 250 2 23189 23163
0 32 251 2 -23158 -23155
0 32 252 2 -23137 23163
0 32 253 2 23163 23166
0 32 254 2 23177 -23175
0 32 255 2 32758 22
0 33 0 2 -515 102
0 33 1 2 32782 16
0 33 2 2 23181 -23162
0 33 3 2 -23141 -23162
0 33 4 2 23139 23208
0 33 5 2 23169 -23193
0 33 6 2 23166 23138
0 33 7 2 23188 -23170
0 33 8 2 -23174 23163
0 33 9 2 -23159 -23157
0 33 10 2 23188 -23174
0 33 11 2 -23151 -23155
0 33 12 2 23124 23190
0 33 13 2 -23145 -23170
0 33 14 2 23163 23156
0 33 15 2 23205 -23161
0 33 16 2 -23177 -23186
0 33 17 2 -23158 -23164
0 33 18 2 23145 23170
0 33 19 2 23166 -23162
0 33 20 2 23168 -23155
0 33 21 2 -23156 -23172
0 33 22 2 23180 -23166
0 33 23 2 -23160 23185
0 33 24 2 -23166 -23202
0 33 25 2 -23168 -23198
0 33 26 2 -23196 -23182
0 33 27 2 23153 -23146
0 33 28 2 -23165 -23133
0 33 29 2 -23138 -23166
0 33 30 2 -23196 23131
0 33 31 2 -23160 -23195
0 33 32 2 23177 -23141
0 33 33 2 32788 5
0 33 34 2 -23185 -23195
0 33 35 2 -23161 23205
0 33 36 2 -23164 23184
0 33 37 2 23177 23190
0 33 38 2 -23191 23158
0 33 39 2 -23166 23174
0 33 40 2 23187 -23162
0 33 41 2 23159 -23180
0 33 42 2 23175 -23164
0 33 43 2 23172 23182
0 33 44 2 -23178 -23171
0 33 45 2 -23154 23153
0 33 46 2 -23199 23143
0 33 47 2 -23179 23188
0 33 48 2 -23168 23155
0 33 49 2 23180 -23201
0 33 50 2 23159 23142
0 33 51 2 23169 23145
0 33 52 2 23159 23156
0 33 53 2 -23152 23158
0 33 54 2 -23184 23167
0 33 55 2 23151 23199
0 33 56 2 -23167 23153
0 33 57 2 23163 -23160
0 33 58 2 23166 -23166
0 33 59 2 -23166 -23177
0 33 60 2 -23162 -23198
0 33 61 2 -23162 -23206
0 33 62 2 -23165 23168
0 33 63 2 23212 -23152
0 33 64 2 23152 -23171
0 33 65 2 32753 12
0 33 66 2 23202 -23117
0 33 67 2 -23187 23203
0 33 68 2 -23167 23141
0 33 69 2 23163 -23156
0 33 70 2 -23180 -23176
0 33 71 2 -23162 23153
0 33 72 2 -23108 -23187
0 33 73 2 23127 23187
0 33 74 2 -23154 -23168
0 33 75 2 -23146 -23166
0 33 76 2 23136 -23158
0 33 77 2 -23175 -23205
0 33 78 2 23151 -23165
0 33 79 2 -23141 -23179
0 33 80 2 23172 23220
0 33 81 2 -23131 -23187
0 33 82 2 -23169 -23174
0 33 83 2 23159 23145
0 33 84 2 -23144 -23156
0 33 85 2 -23154 -23179
0 33 86 2 -23206 -23217
0 33 87 2 23219 -23173
0 33 88 2 -23164 23181
0 33 89 2 -23170 23151
0 33 90 2 -23173 -23168
0 33 91 2 23205 -23165
0 33 92 2 23162 -23151
0 33 93 2 -23211 -23171
0 33 94 2 23155 23165
0 33 95 2 23175 23159
0 33 96 2 -23132 -23200
0 33 97 2 32777 29
0 33 98 2 23142 23174
0 33 99 2 23192 -23171
0 33 100 2 23193 -23169
0 33 101 2 -23154 -23186
0 33 102 2 23147 23183
0 33 103 2 -23190 23149
0 33 104 2 23161 23187
0 33 105 2 -23155 23141
0 33 106 2 23173 -23148
0 33 107 2 23160 23169
0 33 108 2 -23169 -23185
0 33 109 2 -23170 -23193
0 33 110 2 23199 -23145
0 33 111 2 23169 23198
0 33 112 2 -23182 23177
0 33 113 2 3 -14
0 33 114 2 28 12
0 33 115 2 18 -12
0 33 116 2 23 24
0 33 117 2 2 -3
0 33 118 2 17 2
0 33 119 2 1 -7
0 33 120 2 20 -37
0 33 121 2 13 21
0 33 122 2 -1 7
0 33 123 2 -19 0
0 33 124 2 -31 -32
0 33 125 2 -12 11
0 33 126 2 7 17
0 33 127 2 23 0
0 33 128 2 -8 -2
0 33 129 2 -20 -26
0 33 130 2 12 -5
0 33 131 2 -29 -9
0 33 132 2 5 21
0 33 133 2 17 1
0 33 134 2 -9 25
0 33 135 2 -17 5
0 33 136 2 5 -9
0 33 137 2 16 10
0 33 138 2 -2 -3
0 33 139 2 -3 15
0 33 140 2 18 -8
0 33 141 2 -4 2
0 33 142 2 17 -25
0 33 143 2 1 -30
0 33 144 2 23185 -23164
0 33 145 2 23131 23163
0 33 146 2 23160 23168
0 33 147 2 -23160 -23183
0 33 148 2 -23142 -23173
0 33 149 2 -23186 23168
0 33 150 2 23159 -23172
0 33 151 2 23189 -23165
0 33 152 2 -23170 23150
0 33 153 2 23173 23167
0 33 154 2 -23159 -23197
0 33 155 2 23166 -23186
0 33 156 2 -23164 -23170
0 33 157 2 -23179 23146
0 33 158 2 -23194 23161
0 33 159 2 32782 15
0 33 160 2 23128 23155
0 33 161 2 -23156 23189
0 33 162 2 23137 23172
0 33 163 2 -23171 23186
0 33 164 2 23162 23169
0 33 165 2 23150 23155
0 33 166 2 -23143 -23204
0 33 167 2 23151 -23144
0 33 168 2 23156 23215
0 33 169 2 23201 -23155
0 33 170 2 -23145 -23156
0 33 171 2 23163 23168
0 33 172 2 23205 -23161
0 33 173 2 -23152 23159
0 33 174 2 -23150 23147
0 33 175 2 23132 -23187
0 33 176 2 -23200 23195
0 33 177 2 23186 23196
0 33 178 2 23169 -23164
0 33 179 2 23159 -23168
0 33 180 2 -23162 23168
0 33 181 2 -23180 -23135
0 33 182 2 -23154 23152
0 33 183 2 -23168 -23179
0 33 184 2 -23170 23174
0 33 185 2 23210 -23185
0 33 186 2 23175 23173
0 33 187 2 -23155 -23207
0 33 188 2 -23168 23158
0 33 189 2 -23177 -23193
0 33 190 2 23147 23163
0 33 191 2 32786 30
0 33 192 2 23208 -23153
0 33 193 2 -23183 23144
0 33 194 2 23175 -23188
0 33 195 2 23147 -23150
0 33 196 2 -23147 -23191
0 33 197 2 23152 -23174
0 33 198 2 23161 23162
0 33 199 2 23190 -23104
0 33 200 2 23218 -23155
0 33 201 2 23183 -23127
0 33 202 2 23169 23175
0 33 203 2 23158 -23219
0 33 204 2 23164 -23145
0 33 205 2 -23214 23178
0 33 206 2 23152 23186
0 33 207 2 -23153 -23158
0 33 208 2 23191 23170
0 33 209 2 23172 -23152
0 33 210 2 23125 23148
0 33 211 2 -23176 23163
0 33 212 2 -23150 -23164
0 33 213 2 23152 -23174
0 33 214 2 23157 -23161
0 33 215 2 23145 23160
0 33 216 2 23162 -23165
0 33 217 2 23175 -23152
0 33 218 2 23180 23170
0 33 219 2 -23142 -23187
0 33 220 2 -23155 23150
0 33 221 2 23157 23174
0 33 222 2 23122 23189
0 33 223 2 32761 -27
0 33 224 2 -23185 23130
0 33 225 2 -23168 -23200
0 33 226 2 -23194 23168
0 33 227 2 23167 -23128
0 33 228 2 -23175 23160
0 33 229 2 23137 23195
0 33 230 2 23177 -23181
0 33 231 2 -23152 -23167
0 33 232 2 -23165 23172
0 33 233 2 23154 23170
0 33 234 2 23173 -23162
0 33 235 2 -23197 23177
0 33 236 2 23165 23187
0 33 237 2 -23202 23157
0 33 238 2 23183 23192
0 33 239 2 -23160 -23175
0 33 240 2 -23189 -23175
0 33 241 2 23213 -23167
0 33 242 2 23153 23186
0 33 243 2 -23190 23150
0 33 244 2 -23155 23142
0 33 245 2 23159 23200
0 33 246 2 23175 -23126
0 33 247 2 -23182 -23160
0 33 248 2 -23134 -23191
0 33 249 2 23163 23209
0 33 250 2 23200 -23180
0 33 251 2 23187 -23172
0 33 252 2 -23165 -23210
0 33 253 2 -23152 -23164
0 33 254 2 23149 23208
0 33 255 2 32754 -10
0 34 0 2 -489 62
0 34 1 2 32724 -5
0 34 2 2 23182 23160
0 34 3 2 23113 23165
0 34 4 2 23171 -23180
0 34 5 2 23151 23185
0 34 6 2 -23179 23171
0 34 7 2 -23174 23151
0 34 8 2 23150 23155
0 34 9 2 -23147 23144
0 34 10 2 23196 -23160
0 34 11 2 -23165 23160
0 34 12 2 -23179 -23187
0 34 13 2 23148 -23170
0 34 14 2 -23150 -23198
0 34 15 2 -23153 23195
0 34 16 2 23147 23165
0 34 17 2 23203 23172
0 34 18 2 -23189 -23207
0 34 19 2 -23140 -23202
0 34 20 2 23155 -23151
0 34 21 2 -23187 -23179
0 34 22 2 -23182 -23183
0 34 23 2 23190 -23177
0 34 24 2 -23162 -23176
0 34 25 2 -23153 23175
0 34 26 2 23166 -23131
0 34 27 2 -23182 -23243
0 34 28 2 -23150 23149
0 34 29 2 -23157 -23208
0 34 30 2 -23160 -23171
0 34 31 2 -23174 23184
0 34 32 2 23140 23163
0 34 33 2 32765 -1
0 34 34 2 23158 23190
0 34 35 2 -23130 -23178
0 34 36 2 23173 -23161
0 34 37 2 -23182 -23188
0 34 38 2 23199 -23146
0 34 39 2 23165 -23161
0 34 40 2 -23129 -23176
0 34 41 2 -23160 23170
0 34 42 2 -23169 23175
0 34 43 2 -23161 -23150
0 34 44 2 23145 -23169
0 34 45 2 -23181 23129
0 34 46 2 -23165 23184
0 34 47 2 -23118 -23156
0 34 48 2 23187 -23159
0 34 49 2 -23164 23139
0 34 50 2 23178 -23151
0 34 51 2 -23211 23180
0 34 52 2 -23132 23180
0 34 53 2 23193 -23170
0 34 54 2 -23191 -23138
0 34 55 2 -23155 23117
0 34 56 2 -23173 23158
0 34 57 2 23146 23207
0 34 58 2 23175 23175
0 34 59 2 23193 -23145
0 34 60 2 -23171 -23182
0 34 61 2 23128 23137
0 34 62 2 -23177 23162
0 34 63 2 -23178 -23183
0 34 64 2 -23152 -23179
0 34 65 2 32781 6
0 34 66 2 23151 -23225
0 34 67 2 23150 -23147
0 34 68 2 23152 23174
0 34 69 2 -23156 -23160
0 34 70 2 23178 -23149
0 34 71 2 -23150 -23219
0 34 72 2 -23159 -23217
0 34 73 2 -23145 -23203
0 34 74 2 -23132 -23171
0 34 75 2 23202 -23195
0 34 76 2 23148 23185
0 34 77 2 -23149 -23170
0 34 78 2 -23188 -23163
0 34 79 2 -23176 23150
0 34 80 2 -23136 -23155
0 34 81 2 23165 -23126
0 34 82 2 23167 -23187
0 34 83 2 -23170 23148
0 34 84 2 -23135 23147
0 34 85 2 23192 -23145
0 34 86 2 -23186 23123
0 34 87 2 -23173 -23191
0 34 88 2 -23192 -23160
0 34 89 2 23159 -23157
0 34 90 2 23202 -23205
0 34 91 2 23163 -23188
0 34 92 2 -23168 -23196
0 34 93 2 23131 23199
0 34 94 2 23195 -23161
0 34 95 2 23165 23163
0 34 96 2 23135 23167
0 34 97 2 32743 -12
0 34 98 2 -23159 -23168
0 34 99 2 -23198 -23197
0 34 100 2 23161 23208
0 34 101 2 23187 -23221
0 34 102 2 -23164 23190
0 34 103 2 -23143 -23147
0 34 104 2 -23139 -23162
0 34 105 2 -23196 23173
0 34 106 2 23163 -23145
0 34 107 2 23155 23160
0 34 108 2 -23144 23216
0 34 109 2 -23141 -23191
0 34 110 2 23180 -23161
0 34 111 2 23159 -23164
0 34 112 2 -23187 -23175
0 34 113 2 8 10
0 34 114 2 9 10
0 34 115 2 -9 7
0 34 116 2 24 4
0 34 117 2 -30 5
0 34 118 2 21 21
0 34 119 2 -4 -25
0 34 120 2 -3 -12
0 34 121 2 4 3
0 34 122 2 0 9
0 34 123 2 24 47
0 34 124 2 -13 -18
0 34 125 2 1 -15
0 34 126 2 -31 25
0 34 127 2 -13 -4
0 34 128 2 0 -3
0 34 129 2 -12 2
0 34 130 2 -6 11
0 34 131 2 -19 14
0 34 132 2 -16 -38
0 34 133 2 -7 -4
0 34 134 2 -11 -5
0 34 135 2 -8 2
0 34 136 2 26 -26
0 34 137 2 22 -18
0 34 138 2 20 10
0 34 139 2 -13 2
0 34 140 2 10 4
0 34 141 2 35 -22
0 34 142 2 6 16
0 34 143 2 8 0
0 34 144 2 23167 23200
0 34 145 2 -23156 -23165
0 34 146 2 23166 -23147
0 34 147 2 -23163 -23205
0 34 148 2 -23180 -23196
0 34 149 2 23181 23202
0 34 150 2 -23152 23161
0 34 151 2 -23164 -23178
0 34 152 2 23181 -23176
0 34 153 2 23204 23141
0 34 154 2 23153 23147
0 34 155 2 23219 -23181
0 34 156 2 -23172 -23168
0 34 157 2 23184 -23154
0 34 158 2 23155 -23178
0 34 159 2 32744 -3
0 34 160 2 -23136 -23167
0 34 161 2 -23205 23172
0 34 162 2 -23140 -23179
0 34 163 2 23168 -23162
0 34 164 2 -23181 23183
0 34 165 2 23166 23164
0 34 166 2 -23155 -23163
0 34 167 2 23152 -23162
0 34 168 2 23182 23168
0 34 169 2 23167 -23172
0 34 170 2 23191 -23151
0 34 171 2 23165 -23172
0 34 172 2 -23180 23142
0 34 173 2 -23187 23160
0 34 174 2 -23184 23135
0 34 175 2 -23150 -23210
0 34 176 2 -23174 23201
0 34 177 2 -23188 23161
0 34 178 2 -23157 -23195
0 34 179 2 -23156 -23185
0 34 180 2 -23150 23165
0 34 181 2 -23204 23154
0 34 182 2 -23180 -23212
0 34 183 2 23187 -23155
0 34 184 2 23154 23184
0 34 185 2 -23190 23169
0 34 186 2 -23177 23142
0 34 187 2 23154 -23178
0 34 188 2 -23173 -23180
0 34 189 2 23133 -23154
0 34 190 2 -23172 23149
0 34 191 2 32743 -11
0 34 192 2 -23146 23169
0 34 193 2 23180 23159
0 34 194 2 -23190 23181
0 34 195 2 23197 -23160
0 34 196 2 -23150 -23150
0 34 197 2 23182 23172
0 34 198 2 -23150 -23158
0 34 199 2 -23174 -23184
0 34 200 2 -23192 -23180
0 34 201 2 23163 -23188
0 34 202 2 23165 23205
0 34 203 2 23192 -23143
0 34 204 2 23166 -23141
0 34 205 2 23171 23168
0 34 206 2 -23143 -23145
0 34 207 2 23180 23119
0 34 208 2 -23166 -23163
0 34 209 2 -23176 23183
0 34 210 2 -23164 -23166
0 34 211 2 23167 23167
0 34 212 2 -23157 -23158
0 34 213 2 -23190 23176
0 34 214 2 -23153 23147
0 34 215 2 -23154 23138
0 34 216 2 -23149 -23191
0 34 217 2 23173 -23159
0 34 218 2 23139 -23193
0 34 219 2 23149 23198
0 34 220 2 23192 -23125
0 34 221 2 -23169 -23171
0 34 222 2 -23145 -23171
0 34 223 2 32794 0
0 34 224 2 -23159 -23195
0 34 225 2 23178 -23157
0 34 226 2 23144 -23146
0 34 227 2 23149 23137
0 34 228 2 23166 -23188
0 34 229 2 -23177 -23184
0 34 230 2 -23195 23154
0 34 231 2 23170 -23145
0 34 232 2 23149 -23177
0 34 233 2 23149 23183
0 34 234 2 23156 -23187
0 34 235 2 23143 -23154
0 34 236 2 23152 -23163
0 34 237 2 -23188 -23134
0 34 238 2 -23146 -23173
0 34 239 2 23184 -23179
0 34 240 2 -23165 23165
0 34 241 2 -23199 23161
0 34 242 2 -23193 23151
0 34 243 2 23155 -23138
0 34 244 2 23164 -23189
0 34 245 2 -23180 23163
0 34 246 2 -23158 23147
0 34 247 2 -23205 23149
0 34 248 2 -23197 23158
0 34 249 2 23170 -23135
0 34 250 2 23136 23205
0 34 251 2 -23170 -23152
0 34 252 2 23139 23179
0 34 253 2 23171 -23134
0 34 254 2 -23170 23156
0 34 255 2 32793 38
0 35 0 2 -469 90
0 35 1 2 32762 13
0 35 2 2 -23153 23150
0 35 3 2 -23158 -23166
0 35 4 2 -23174 -23196
0 35 5 2 23167 -23166
0 35 6 2 -23140 -23207
0 35 7 2 23131 23164
0 35 8 2 23181 -23134
0 35 9 2 -23168 23158
0 35 10 2 -23209 23169
0 35 11 2 -23172 -23162
0 35 12 2 -23183 -23160
0 35 13 2 -23197 -23170
0 35 14 2 -23195 -23185
0 35 15 2 -23184 23163
0 35 16 2 -23165 23153
0 35 17 2 -23187 -23168
0 35 18 2 23153 23168
0 35 19 2 -23155 -23144
0 35 20 2 23144 -23169
0 35 21 2 -23194 23126
0 35 22 2 23221 -23171
0 35 23 2 23169 -23164
0 35 24 2 23164 23170
0 35 25 2 -23155 -23164
0 35 26 2 23161 23148
0 35 27 2 23139 23185
0 35 28 2 23164 23189
0 35 29 2 23184 23169
0 35 30 2 -23165 -23199
0 35 31 2 23160 -23159
0 35 32 2 -23171 -23192
0 35 33 2 32804 2
0 35 34 2 23194 -23185
0 35 35 2 23165 23166
0 35 36 2 -23202 23154
0 35 37 2 23152 -23168
0 35 38 2 23192 -23165
0 35 39 2 -23143 -23165
0 35 40 2 23158 -23178
0 35 41 2 -23190 23165
0 35 42 2 -23174 23155
0 35 43 2 -23183 23146
0 35 44 2 -23182 23156
0 35 45 2 -23195 -23149
0 35 46 2 23140 23211
0 35 47 2 23179 -23175
0 35 48 2 23174 23152
0 35 49 2 23160 23186
0 35 50 2 -23178 23145
0 35 51 2 -23161 -23158
0 35 52 2 -23177 -23181
0 35 53 2 23147 -23149
0 35 54 2 -23189 -23182
0 35 55 2 -23178 23134
0 35 56 2 23185 23223
0 35 57 2 23157 23183
0 35 58 2 23177 23211
0 35 59 2 -23165 -23179
0 35 60 2 -23168 23157
0 35 61 2 23196 -23134
0 35 62 2 23155 -23169
0 35 63 2 23151 -23151
0 35 64 2 23191 -23176
0 35 65 2 32752 -2
0 35 66 2 23178 -23146
0 35 67 2 23160 23165
0 35 68 2 23158 23156
0 35 69 2 23178 23171
0 35 70 2 23167 23178
0 35 71 2 23139 23190
0 35 72 2 -23182 23160
0 35 73 2 -23184 -23175
0 35 74 2 -23202 -23181
0 35 75 2 23178 23165
0 35 76 2 -23193 23160
0 35 77 2 -23172 23160
0 35 78 2 -23165 -23160
0 35 79 2 -23157 -23173
0 35 80 2 23175 23177
0 35 81 2 23165 -23166
0 35 82 2 23165 23193
0 35 83 2 23182 -23168
0 35 84 2 23159 23126
0 35 85 2 23159 23206
0 35 86 2 -23205 23161
0 35 87 2 -23143 23182
0 35 88 2 23192 -23167
0 35 89 2 -23191 23151
0 35 90 2 -23158 -23182
0 35 91 2 -23161 -23203
0 35 92 2 -23191 23140
0 35 93 2 23127 23162
0 35 94 2 -23160 -23166
0 35 95 2 -23178 -23182
0 35 96 2 -23156 -23165
0 35 97 2 32729 -7
0 35 98 2 -23179 23179
0 35 99 2 -23173 23144
0 35 100 2 -23150 -23180
0 35 101 2 23183 23200
0 35 102 2 -23182 -23189
0 35 103 2 23209 -23182
0 35 104 2 23152 -23156
0 35 105 2 23170 -23159
0 35 106 2 -23163 -23199
0 35 107 2 23134 23170
0 35 108 2 -23202 23185
0 35 109 2 -23153 -23188
0 35 110 2 -23160 -23158
0 35 111 2 -23200 23191
0 35 112 2 -23175 -23179
0 35 113 2 -7 2
0 35 114 2 17 -13
0 35 115 2 11 -17
0 35 116 2 0 -8
0 35 117 2 28 -4
0 35 118 2 26 3
0 35 119 2 -3 29
0 35 120 2 3 -2
0 35 121 2 27 37
0 35 122 2 -20 -18
0 35 123 2 15 -42
0 35 124 2 -8 -30
0 35 125 2 8 -4
0 35 126 2 -7 1
0 35 127 2 0 -6
0 35 128 2 -11 12
0 35 129 2 -19 17
0 35 130 2 -21 17
0 35 131 2 -7 -15
0 35 132 2 26 0
0 35 133 2 -4 -32
0 35 134 2 14 13
0 35 135 2 5 0
0 35 136 2 -16 26
0 35 137 2 13 1
0 35 138 2 14 -26
0 35 139 2 -15 -21
0 35 140 2 55 0
0 35 141 2 8 44
0 35 142 2 -24 24
0 35 143 2 -8 34
0 35 144 2 23176 -23166
0 35 145 2 23206 -23172
0 35 146 2 23166 -23141
0 35 147 2 23175 23186
0 35 148 2 23142 23163
0 35 149 2 -23147 23166
0 35 150 2 23159 -23133
0 35 151 2 23141 23185
0 35 152 2 -23199 23143
0 35 153 2 23147 23162
0 35 154 2 -23170 23160
0 35 155 2 23195 -23169
0 35 156 2 -23174 23161
0 35 157 2 23136 -23142
0 35 158 2 -23133 23205
0 35 159 2 32761 19
0 35 160 2 -23180 -23169
0 35 161 2 -23163 23118
0 35 162 2 23180 -23138
0 35 163 2 23183 -23186
0 35 164 2 -23171 -23165
0 35 165 2 23141 23204
0 35 166 2 23147 -23170
0 35 167 2 23182 -23159
0 35 168 2 23157 23210
0 35 169 2 -23187 -23182
0 35 170 2 -23151 23185
0 35 171 2 -23165 23146
0 35 172 2 23170 23201
0 35 173 2 -23174 -23196
0 35 174 2 -23203 23201
0 35 175 2 23162 -23138
0 35 176 2 -23210 23167
0 35 177 2 23182 -23158
0 35 178 2 23160 -23144
0 35 179 2 23181 -23166
0 35 180 2 23149 23164
0 35 181 2 -23142 -23167
0 35 182 2 23177 -23166
0 35 183 2 23197 -23156
0 35 184 2 23159 23157
0 35 185 2 23156 23204
0 35 186 2 23189 -23151
0 35 187 2 -23172 23172
0 35 188 2 -23152 -23212
0 35 189 2 23149 23208
0 35 190 2 23158 -23166
0 35 191 2 32786 -4
0 35 192 2 -23163 -23158
0 35 193 2 -23193 23172
0 35 194 2 -23155 -23159
0 35 195 2 23186 23160
0 35 196 2 -23143 -23166
0 35 197 2 -23139 23123
0 35 198 2 23156 23188
0 35 199 2 23185 -23168
0 35 200 2 -23164 -23181
0 35 201 2 23136 23177
0 35 202 2 23152 -23153
0 35 203 2 -23156 -23148
0 35 204 2 23168 -23212
0 35 205 2 -23168 23170
0 35 206 2 23185 23154
0 35 207 2 -23161 23155
0 35 208 2 -23153 -23185
0 35 209 2 -23154 -23156
0 35 210 2 23162 -23140
0 35 211 2 23191 23203
0 35 212 2 23206 -23133
0 35 213 2 23144 -23148
0 35 214 2 23157 23161
0 35 215 2 -23147 23186
0 35 216 2 -23163 23175
0 35 217 2 -23191 23188
0 35 218 2 -23162 -23172
0 35 219 2 23164 23180
0 35 220 2 23164 -23163
0 35 221 2 23146 23149
0 35 222 2 -23136 -23190
0 35 223 2 32782 -5
0 35 224 2 23144 23183
0 35 225 2 -23180 23169
0 35 226 2 23146 -23171
0 35 227 2 23149 -23157
0 35 228 2 23171 23164
0 35 229 2 23173 -23147
0 35 230 2 23165 23171
0 35 231 2 -23138 -23166
0 35 232 2 23160 -23145
0 35 233 2 23199 -23134
0 35 234 2 -23158 -23147
0 35 235 2 -23171 -23173
0 35 236 2 23187 -23156
0 35 237 2 23183 23194
0 35 238 2 -23152 23131
0 35 239 2 23200 -23135
0 35 240 2 -23139 -23216
0 35 241 2 23190 -23152
0 35 242 2 -23159 -23185
0 35 243 2 23156 23171
0 35 244 2 23198 -23113
0 35 245 2 -23211 23168
0 35 246 2 -23168 -23183
0 35 247 2 -23174 23184
0 35 248 2 -23167 23163
0 35 249 2 -23170 23201
0 35 250 2 23165 23199
0 35 251 2 -23164 23131
0 35 252 2 -23188 23173
0 35 253 2 -23181 23156
0 35 254 2 -23207 23180
0 35 255 2 32761 -12
0 36 0 2 -473 74
0 36 1 2 32771 7
0 36 2 2 -23126 -23164
0 36 3 2 -23178 -23178
0 36 4 2 23135 23185
0 36 5 2 23170 23174
0 36 6 2 23169 23151
0 36 7 2 -23189 23157
0 36 8 2 23119 23184
0 36 9 2 -23139 -23199
0 36 10 2 23093 23170
0 36 11 2 23193 23178
0 36 12 2 23171 23213
0 36 13 2 -23156 -23192
0 36 14 2 23201 23219
0 36 15 2 23166 23161
0 36 16 2 -23119 -23184
0 36 17 2 -23184 23153
0 36 18 2 -23215 23193
0 36 19 2 -23159 -23171
0 36 20 2 -23204 23166
0 36 21 2 23156 23181
0 36 22 2 23177 23188
0 36 23 2 -23125 23103
0 36 24 2 -23146 -23175
0 36 25 2 -23149 23168
0 36 26 2 23177 -23188
0 36 27 2 -23156 23158
0 36 28 2 23164 -23170
0 36 29 2 -23155 23127
0 36 30 2 23191 23165
0 36 31 2 23196 -23187
0 36 32 2 -23139 23142
0 36 33 2 32760 11
0 36 34 2 23176 -23166
0 36 35 2 23156 23162
0 36 36 2 23151 23156
0 36 37 2 23115 23156
0 36 38 2 23156 23171
0 36 39 2 23144 23171
0 36 40 2 23173 -23143
0 36 41 2 -23140 -23169
0 36 42 2 -23209 23147
0 36 43 2 -23173 23149
0 36 44 2 23212 -23155
0 36 45 2 23148 23193
0 36 46 2 23190 23160
0 36 47 2 23206 -23146
0 36 48 2 23164 -23171
0 36 49 2 -23174 -23143
0 36 50 2 23199 -23139
0 36 51 2 -23149 -23183
0 36 52 2 23186 -23165
0 36 53 2 23146 23171
0 36 54 2 -23182 23165
0 36 55 2 -23173 -23213
0 36 56 2 23159 -23153
0 36 57 2 23165 -23146
0 36 58 2 23146 -23128
0 36 59 2 -23135 -23220
0 36 60 2 -23160 23143
0 36 61 2 -23177 23178
0 36 62 2 23158 23180
0 36 63 2 23204 -23174
0 36 64 2 23181 -23180
0 36 65 2 32794 -5
0 36 66 2 23199 -23166
0 36 67 2 -23171 -23187
0 36 68 2 -23174 -23167
0 36 69 2 -23156 -23140
0 36 70 2 -23160 23152
0 36 71 2 23156 23163
0 36 72 2 23177 -23205
0 36 73 2 -23206 23166
0 36 74 2 -23176 23160
0 36 75 2 -23203 23179
0 36 76 2 23192 23195
0 36 77 2 -23180 23165
0 36 78 2 -23158 -23170
0 36 79 2 -23150 -23177
0 36 80 2 -23209 -23168
0 36 81 2 23154 -23150
0 36 82 2 23160 23178
0 36 83 2 23160 23180
0 36 84 2 -23145 -23209
0 36 85 2 -23156 23187
0 36 86 2 23178 23150
0 36 87 2 -23178 -23182
0 36 88 2 -23174 23157
0 36 89 2 -23182 -23167
0 36 90 2 23157 23197
0 36 91 2 -23150 23143
0 36 92 2 23157 23126
0 36 93 2 23173 23201
0 36 94 2 23141 23192
0 36 95 2 -23151 -23161
0 36 96 2 23179 23201
0 36 97 2 32782 -11
0 36 98 2 -23158 -23145
0 36 99 2 -23167 23197
0 36 100 2 -23183 23135
0 36 101 2 23158 -23172
0 36 102 2 23173 23193
0 36 103 2 -23156 23167
0 36 104 2 -23155 -23188
0 36 105 2 23188 23156
0 36 106 2 23151 23137
0 36 107 2 -23164 23163
0 36 108 2 -23192 23147
0 36 109 2 -23181 -23190
0 36 110 2 -23184 23157
0 36 111 2 23177 23175
0 36 112 2 -23156 -23181
0 36 113 2 -7 -30
0 36 114 2 -10 15
0 36 115 2 4 -12
0 36 116 2 -9 21
0 36 117 2 4 2
0 36 118 2 -7 -14
0 36 119 2 -18 -13
0 36 120 2 -12 -2
0 36 121 2 -29 4
0 36 122 2 21 3
0 36 123 2 -16 0
0 36 124 2 -26 10
0 36 125 2 -13 -2
0 36 126 2 -17 17
0 36 127 2 15 23
0 36 128 2 -8 -14
0 36 129 2 -45 -16
0 36 130 2 -27 -7
0 36 131 2 24 38
0 36 132 2 3 -25
0 36 133 2 1 -8
0 36 134 2 7 -13
0 36 135 2 7 34
0 36 136 2 21 -9
0 36 137 2 -1 -7
0 36 138 2 -28 2
0 36 139 2 12 33
0 36 140 2 -48 10
0 36 141 2 -15 12
0 36 142 2 -17 -2
0 36 143 2 24 0
0 36 144 2 -23212 23142
0 36 145 2 23233 -23183
0 36 146 2 23167 23180
0 36 147 2 23178 -23165
0 36 148 2 -23175 -23145
0 36 149 2 -23169 23183
0 36 150 2 23197 -23151
0 36 151 2 -23174 -23194
0 36 152 2 23147 23212
0 36 153 2 -23191 -23191
0 36 154 2 23157 23193
0 36 155 2 23203 23165
0 36 156 2 -23152 23139
0 36 157 2 -23136 23186
0 36 158 2 23113 23200
0 36 159 2 32760 -2
0 36 160 2 23169 -23150
0 36 161 2 23177 -23153
0 36 162 2 -23178 -23189
0 36 163 2 23170 23211
0 36 164 2 -23162 -23158
0 36 165 2 -23151 23144
0 36 166 2 23153 23188
0 36 167 2 23170 23187
0 36 168 2 23152 23166
0 36 169 2 -23169 -23165
0 36 170 2 23181 -23194
0 36 171 2 23155 -23190
0 36 172 2 -23140 -23214
0 36 173 2 -23154 23147
0 36 174 2 23174 -23151
0 36 175 2 -23189 23146
0 36 176 2 23172 -23183
0 36 177 2 -23173 23150
0 36 178 2 -23175 23146
0 36 179 2 -23128 -23154
0 36 180 2 23203 -23214
0 36 181 2 23150 -23179
0 36 182 2 23152 23162
0 36 183 2 -23166 -23167
0 36 184 2 23161 23142
0 36 185 2 -23148 23161
0 36 186 2 23162 23140
0 36 187 2 23176 -23120
0 36 188 2 -23180 23166
0 36 189 2 -23169 -23145
0 36 190 2 23197 -23169
0 36 191 2 32781 6
0 36 192 2 23197 -23148
0 36 193 2 -23161 -23170
0 36 194 2 23193 23191
0 36 195 2 23149 23175
0 36 196 2 -23155 23156
0 36 197 2 23196 23203
0 36 198 2 23162 23160
0 36 199 2 23143 -23166
0 36 200 2 -23154 -23202
0 36 201 2 -23143 -23168
0 36 202 2 -23161 -23183
0 36 203 2 23147 -23162
0 36 204 2 23155 23154
0 36 205 2 -23190 23155
0 36 206 2 -23184 23189
0 36 207 2 23166 23163
0 36 208 2 23201 -23141
0 36 209 2 -23182 23149
0 36 210 2 23177 -23163
0 36 211 2 -23184 23165
0 36 212 2 -23142 23165
0 36 213 2 -23168 -23189
0 36 214 2 -23161 23158
0 36 215 2 23143 23181
0 36 216 2 -23144 23144
0 36 217 2 23162 23194
0 36 218 2 -23165 -23179
0 36 219 2 -23177 23159
0 36 220 2 23144 23176
0 36 221 2 23157 23145
0 36 222 2 23145 -23126
0 36 223 2 32773 23
0 36 224 2 -23169 -23165
0 36 225 2 23160 23166
0 36 226 2 23168 -23146
0 36 227 2 -23176 -23178
0 36 228 2 -23180 -23181
0 36 229 2 23184 -23182
0 36 230 2 23155 -23196
0 36 231 2 -23174 23181
0 36 232 2 23192 23143
0 36 233 2 -23170 -23189
0 36 234 2 -23216 23183
0 36 235 2 23167 -23135
0 36 236 2 23167 -23165
0 36 237 2 -23178 23167
0 36 238 2 23178 -23155
0 36 239 2 -23153 -23178
0 36 240 2 23175 23167
0 36 241 2 -23205 23155
0 36 242 2 -23172 23168
0 36 243 2 23165 23217
0 36 244 2 23164 23151
0 36 245 2 -23179 -23166
0 36 246 2 -23203 23153
0 36 247 2 23168 23195
0 36 248 2 23185 23187
0 36 249 2 23188 -23140
0 36 250 2 23177 23185
0 36 251 2 -23149 -23159
0 36 252 2 -23143 23131
0 36 253 2 23189 -23143
0 36 254 2 23156 23184
0 36 255 2 32762 -1
0 37 0 2 -518 54
0 37 1 2 32787 7
0 37 2 2 23143 -23183
0 37 3 2 -23183 23197
0 37 4 2 -23140 23144
0 37 5 2 -23155 23152
0 37 6 2 23177 -23154
0 37 7 2 23172 23157
0 37 8 2 -23182 23156
0 37 9 2 -23183 -23169
0 37 10 2 -23167 -23166
0 37 11 2 -23163 -23198
0 37 12 2 -23171 -23139
0 37 13 2 23180 -23179
0 37 14 2 -23217 23157
0 37 15 2 23157 -23128
0 37 16 2 23186 -23171
0 37 17 2 23139 -23136
0 37 18 2 23132 23189
0 37 19 2 -23141 -23161
0 37 20 2 -23199 23158
0 37 21 2 -23190 23153
0 37 22 2 -23184 23178
0 37 23 2 -23146 -23191
0 37 24 2 23164 23172
0 37 25 2 -23176 -23190
0 37 26 2 -23141 -23188
0 37 27 2 -23168 -23121
0 37 28 2 23199 -23158
0 37 29 2 -23180 -23188
0 37 30 2 23216 -23177
0 37 31 2 23241 -23149
0 37 32 2 -23186 23143
0 37 33 2 32752 31
0 37 34 2 -23171 -23170
0 37 35 2 -23203 23157
0 37 36 2 23186 23205
0 37 37 2 23165 23179
0 37 38 2 -23192 23138
0 37 39 2 -23140 -23140
0 37 40 2 -23160 -23211
0 37 41 2 -23147 -23222
0 37 42 2 -23160 -23217
0 37 43 2 -23153 -23163
0 37 44 2 -23156 -23166
0 37 45 2 23172 -23160
0 37 46 2 -23160 -23177
0 37 47 2 -23142 23137
0 37 48 2 23154 -23161
0 37 49 2 23152 23152
0 37 50 2 -23146 -23179
0 37 51 2 -23157 -23189
0 37 52 2 23186 -23201
0 37 53 2 -23142 -23162
0 37 54 2 -23170 -23164
0 37 55 2 -23209 23180
0 37 56 2 23143 23192
0 37 57 2 23149 -23173
0 37 58 2 -23209 23173
0 37 59 2 -23164 -23204
0 37 60 2 -23159 23150
0 37 61 2 23170 23154
0 37 62 2 -23198 -23175
0 37 63 2 23171 -23171
0 37 64 2 -23179 23185
0 37 65 2 32771 -11
0 37 66 2 -23145 -23208
0 37 67 2 23182 23196
0 37 68 2 23192 -23150
0 37 69 2 23174 -23144
0 37 70 2 23213 -23156
0 37 71 2 23179 -23155
0 37 72 2 -23207 23175
0 37 73 2 -23161 -23200
0 37 74 2 -23172 -23172
0 37 75 2 -23179 -23173
0 37 76 2 -23133 -23149
0 37 77 2 23185 23175
0 37 78 2 -23202 23111
0 37 79 2 -23192 -23190
0 37 80 2 23169 23163
0 37 81 2 23175 -23173
0 37 82 2 -23145 -23189
0 37 83 2 -23191 23131
0 37 84 2 -23136 -23175
0 37 85 2 -23161 -23147
0 37 86 2 -23180 23136
0 37 87 2 -23197 23177
0 37 88 2 23142 23181
0 37 89 2 23153 -23189
0 37 90 2 -23132 -23135
0 37 91 2 23160 -23158
0 37 92 2 23179 23165
0 37 93 2 -23177 -23179
0 37 94 2 23160 23201
0 37 95 2 -23131 23158
0 37 96 2 23153 23165
0 37 97 2 32787 31
0 37 98 2 23166 -23156
0 37 99 2 -23203 23153
0 37 100 2 -23199 23157
0 37 101 2 23175 23162
0 37 102 2 23175 -23162
0 37 103 2 -23184 23154
0 37 104 2 -23204 23168
0 37 105 2 23147 23166
0 37 106 2 23164 23178
0 37 107 2 -23143 -23170
0 37 108 2 23166 23198
0 37 109 2 23163 23201
0 37 110 2 23173 -23134
0 37 111 2 -23137 23194
0 37 112 2 -23165 -23186
0 37 113 2 -36 -26
0 37 114 2 6 -20
0 37 115 2 0 -34
0 37 116 2 -2 32
0 37 117 2 -38 26
0 37 118 2 -29 6
0 37 119 2 17 6
0 37 120 2 4 -6
0 37 121 2 0 16
0 37 122 2 -19 -1
0 37 123 2 45 32
0 37 124 2 23 4
0 37 125 2 -28 39
0 37 126 2 3 -2
0 37 127 2 8 -25
0 37 128 2 -3 10
0 37 129 2 41 -33
0 37 130 2 -16 1
0 37 131 2 -3 24
0 37 132 2 23 19
0 37 133 2 -15 -53
0 37 134 2 17 2
0 37 135 2 4 24
0 37 136 2 1 -11
0 37 137 2 -4 8
0 37 138 2 -14 -5
0 37 139 2 18 -2
0 37 140 2 -8 -12
0 37 141 2 -8 1
0 37 142 2 -37 29
0 37 143 2 -26 -32
0 37 144 2 -23141 -23174
0 37 145 2 23165 23176
0 37 146 2 -23166 -23187
0 37 147 2 23223 -23158
0 37 148 2 23183 -23159
0 37 149 2 23181 -23191
0 37 150 2 23142 -23181
0 37 151 2 -23169 23137
0 37 152 2 -23147 -23137
0 37 153 2 23168 23149
0 37 154 2 -23160 -23167
0 37 155 2 23152 23173
0 37 156 2 -23154 -23175
0 37 157 2 23178 -23160
0 37 158 2 23157 23148
0 37 159 2 32703 29
0 37 160 2 23180 23184
0 37 161 2 -23206 -23175
0 37 162 2 23210 -23170
0 37 163 2 -23161 -23168
0 37 164 2 23186 23183
0 37 165 2 23138 23194
0 37 166 2 -23171 23150
0 37 167 2 23194 23182
0 37 168 2 23187 23141
0 37 169 2 23197 -23169
0 37 170 2 -23176 -23173
0 37 171 2 -23218 23158
0 37 172 2 23153 23168
0 37 173 2 -23172 23215
0 37 174 2 23184 -23167
0 37 175 2 -23161 23160
0 37 176 2 23197 -23205
0 37 177 2 -23155 23159
0 37 178 2 23144 -23164
0 37 179 2 23182 23164
0 37 180 2 -23203 23157
0 37 181 2 -23161 23153
0 37 182 2 23215 23196
0 37 183 2 23159 23171
0 37 184 2 23151 23182
0 37 185 2 23203 -23160
0 37 186 2 -23160 23157
0 37 187 2 23167 -23195
0 37 188 2 -23152 -23154
0 37 189 2 23165 23173
0 37 190 2 -23183 -23186
0 37 191 2 32767 15
0 37 192 2 23189 -23125
0 37 193 2 23135 23191
0 37 194 2 -23165 23158
0 37 195 2 23167 -23164
0 37 196 2 23182 23150
0 37 197 2 23208 -23139
0 37 198 2 -23166 -23158
0 37 199 2 -23201 23141
0 37 200 2 -23151 23176
0 37 201 2 -23185 23194
0 37 202 2 23147 23175
0 37 203 2 -23161 -23223
0 37 204 2 -23164 -23191
0 37 205 2 -23184 23140
0 37 206 2 -23164 -23178
0 37 207 2 -23193 23161
0 37 208 2 -23158 -23174
0 37 209 2 -23160 23186
0 37 210 2 23182 -23171
0 37 211 2 23133 23196
0 37 212 2 23156 -23169
0 37 213 2 23175 -23167
0 37 214 2 -23178 23199
0 37 215 2 23140 23177
0 37 216 2 23157 23174
0 37 217 2 -23152 23179
0 37 218 2 -23173 -23198
0 37 219 2 -23188 -23180
0 37 220 2 23166 -23150
0 37 221 2 23136 -23163
0 37 222 2 23159 23203
0 37 223 2 32738 29
0 37 224 2 23172 23190
0 37 225 2 -23193 23150
0 37 226 2 -23207 -23194
0 37 227 2 23199 -23171
0 37 228 2 23162 23169
0 37 229 2 23190 23195
0 37 230 2 -23133 -23187
0 37 231 2 23172 -23160
0 37 232 2 -23179 -23123
0 37 233 2 -23178 23170
0 37 234 2 23155 -23138
0 37 235 2 23148 23168
0 37 236 2 23208 -23142
0 37 237 2 23166 -23174
0 37 238 2 -23139 -23159
0 37 239 2 -23158 -23158
0 37 240 2 23125 23149
0 37 241 2 23151 -23163
0 37 242 2 -23130 -23169
0 37 243 2 23171 23165
0 37 244 2 23188 23181
0 37 245 2 -23181 23165
0 37 246 2 23172 23173
0 37 247 2 23140 -23132
0 37 248 2 23199 23159
0 37 249 2 -23168 -23185
0 37 250 2 -23178 23154
0 37 251 2 23192 -23167
0 37 252 2 -23174 23144
0 37 253 2 -23146 23137
0 37 254 2 -23161 -23181
0 37 255 2 32793 -8
0 38 0 2 -475 75
0 38 1 2 32765 10
0 38 2 2 23173 23161
0 38 3 2 -23157 -23190
0 38 4 2 -23170 23163
0 38 5 2 -23192 23148
0 38 6 2 23172 -23183
0 38 7 2 23182 -23181
0 38 8 2 23186 -23180
0 38 9 2 -23163 -23162
0 38 10 2 23157 -23180
0 38 11 2 -23142 -23196
0 38 12 2 -23187 -23208
0 38 13 2 23164 -23190
0 38 14 2 -23180 23161
0 38 15 2 23138 -23129
0 38 16 2 -23180 23164
0 38 17 2 23178 -23167
0 38 18 2 -23165 -23174
0 38 19 2 23206 -23155
0 38 20 2 23173 -23141
0 38 21 2 -23163 -23188
0 38 22 2 23179 -23169
0 38 23 2 23190 23175
0 38 24 2 23166 -23147
0 38 25 2 -23191 23145
0 38 26 2 23163 23202
0 38 27 2 -23215 23148
0 38 28 2 23171 -23170
0 38 29 2 -23145 -23208
0 38 30 2 23149 -23173
0 38 31 2 -23173 23164
0 38 32 2 -23176 -23195
0 38 33 2 32767 6
0 38 34 2 23184 23174
0 38 35 2 23130 23199
0 38 36 2 -23188 23184
0 38 37 2 -23136 23168
0 38 38 2 -23183 23165
0 38 39 2 23112 23211
0 38 40 2 23126 23150
0 38 41 2 -23174 -23190
0 38 42 2 -23190 23185
0 38 43 2 -23130 -23187
0 38 44 2 -23169 -23201
0 38 45 2 23186 23183
0 38 46 2 23210 -23150
0 38 47 2 -23179 23181
0 38 48 2 -23182 23162
0 38 49 2 -23152 -23174
0 38 50 2 -23196 -23202
0 38 51 2 23151 23164
0 38 52 2 -23195 23138
0 38 53 2 23132 -23185
0 38 54 2 23195 -23176
0 38 55 2 -23161 -23183
0 38 56 2 23169 23200
0 38 57 2 23151 23179
0 38 58 2 -23171 23180
0 38 59 2 23156 23192
0 38 60 2 -23168 -23176
0 38 61 2 -23149 -23160
0 38 62 2 23148 23167
0 38 63 2 -23202 23158
0 38 64 2 23186 -23152
0 38 65 2 32771 30
0 38 66 2 -23176 23152
0 38 67 2 -23183 23191
0 38 68 2 23162 23187
0 38 69 2 -23157 23181
0 38 70 2 23165 -23146
0 38 71 2 -23136 -23208
0 38 72 2 -23187 -23146
0 38 73 2 23166 -23139
0 38 74 2 23145 23174
0 38 75 2 23187 23178
0 38 76 2 23196 -23163
0 38 77 2 23182 23143
0 38 78 2 -23163 -23150
0 38 79 2 23157 -23171
0 38 80 2 23198 23191
0 38 81 2 -23144 -23189
0 38 82 2 23164 -23161
0 38 83 2 -23160 -23191
0 38 84 2 23182 23168
0 38 85 2 -23179 -23155
0 38 86 2 23174 -23161
0 38 87 2 -23182 23169
0 38 88 2 23165 23174
0 38 89 2 23205 -23150
0 38 90 2 23178 -23179
0 38 91 2 23161 -23129
0 38 92 2 -23166 23185
0 38 93 2 23211 -23148
0 38 94 2 23162 -23118
0 38 95 2 23191 -23117
0 38 96 2 -23177 23172
0 38 97 2 32769 7
0 38 98 2 -23173 23178
0 38 99 2 -23164 23178
0 38 100 2 -23196 23161
0 38 101 2 -23165 23172
0 38 102 2 23175 23205
0 38 103 2 -23178 23139
0 38 104 2 -23180 23191
0 38 105 2 23141 -23170
0 38 106 2 -23190 23182
0 38 107 2 -23164 -23180
0 38 108 2 -23153 23137
0 38 109 2 23167 23216
0 38 110 2 -23182 23187
0 38 111 2 23140 -23177
0 38 112 2 -23179 -23152
0 38 113 2 -10 -20
0 38 114 2 5 -19
0 38 115 2 67 -30
0 38 116 2 -12 -10
0 38 117 2 -3 29
0 38 118 2 -30 -34
0 38 119 2 42 -11
0 38 120 2 19 32
0 38 121 2 11 15
0 38 122 2 7 2
0 38 123 2 9 -11
0 38 124 2 11 -19
0 38 125 2 -11 6
0 38 126 2 12 -5
0 38 127 2 -31 28
0 38 128 2 -34 -15
0 38 129 2 -3 22
0 38 130 2 19 -28
0 38 131 2 -16 5
0 38 132 2 -15 1
0 38 133 2 -9 0
0 38 134 2 -9 -22
0 38 135 2 35 7
0 38 136 2 -10 19
0 38 137 2 7 -34
0 38 138 2 -6 28
0 38 139 2 14 -3
0 38 140 2 2 15
0 38 141 2 29 -16
0 38 142 2 -12 -13
0 38 143 2 18 -9
0 38 144 2 -23179 23170
0 38 145 2 23145 -23170
0 38 146 2 -23165 -23184
0 38 147 2 23137 -23157
0 38 148 2 23150 23169
0 38 149 2 -23182 23176
0 38 150 2 23147 23185
0 38 151 2 -23160 -23228
0 38 152 2 23172 23132
0 38 153 2 -23195 23142
0 38 154 2 23176 -23160
0 38 155 2 23178 23163
0 38 156 2 23133 23190
0 38 157 2 -23202 23134
0 38 158 2 -23173 23161
0 38 159 2 32770 7
0 38 160 2 23172 23181
0 38 161 2 23129 23135
0 38 162 2 23192 -23168
0 38 163 2 -23151 23140
0 38 164 2 -23154 -23167
0 38 165 2 23170 -23206
0 38 166 2 -23175 -23171
0 38 167 2 -23160 23191
0 38 168 2 -23147 -23151
0 38 169 2 23177 -23167
0 38 170 2 23224 -23139
0 38 171 2 -23157 -23195
0 38 172 2 23164 23159
0 38 173 2 -23158 -23192
0 38 174 2 23171 23165
0 38 175 2 -23176 23149
0 38 176 2 -23189 23170
0 38 177 2 23199 -23171
0 38 178 2 -23176 23153
0 38 179 2 -23150 -23195
0 38 180 2 23181 -23170
0 38 181 2 23210 23188
0 38 182 2 -23175 23178
0 38 183 2 23154 23196
0 38 184 2 23185 -23145
0 38 185 2 -23204 23155
0 38 186 2 23157 23186
0 38 187 2 -23156 23194
0 38 188 2 -23165 23146
0 38 189 2 23169 -23132
0 38 190 2 -23180 -23174
0 38 191 2 32762 4
0 38 192 2 23168 23152
0 38 193 2 23183 -23166
0 38 194 2 -23181 -23157
0 38 195 2 23153 -23162
0 38 196 2 23186 -23189
0 38 197 2 -23144 -23176
0 38 198 2 23180 -23144
0 38 199 2 -23197 23198
0 38 200 2 23192 -23177
0 38 201 2 23181 23181
0 38 202 2 -23163 -23191
0 38 203 2 -23145 -23190
0 38 204 2 -23178 23172
0 38 205 2 -23164 23160
0 38 206 2 23163 23203
0 38 207 2 23175 23192
0 38 208 2 -23214 23186
0 38 209 2 -23165 -23150
0 38 210 2 23186 -23171
0 38 211 2 -23168 -23169
0 38 212 2 -23213 23127
0 38 213 2 -23154 -23171
0 38 214 2 23185 -23167
0 38 215 2 23119 23193
0 38 216 2 23170 -23162
0 38 217 2 -23167 23182
0 38 218 2 -23192 23146
0 38 219 2 23170 23204
0 38 220 2 -23191 -23174
0 38 221 2 -23157 -23184
0 38 222 2 -23153 23183
0 38 223 2 32772 -11
0 38 224 2 23153 23165
0 38 225 2 -23163 -23179
0 38 226 2 -23176 23149
0 38 227 2 -23153 23165
0 38 228 2 23201 -23176
0 38 229 2 -23152 -23166
0 38 230 2 23164 23168
0 38 231 2 23180 23195
0 38 232 2 23172 -23169
0 38 233 2 23191 -23172
0 38 234 2 23190 -23141
0 38 235 2 -23171 -23186
0 38 236 2 23160 23174
0 38 237 2 -23146 -23214
0 38 238 2 23175 -23141
0 38 239 2 -23157 -23155
0 38 240 2 23151 23147
0 38 241 2 -23172 -23211
0 38 242 2 -23219 23175
0 38 243 2 -23123 -23216
0 38 244 2 -23155 -23175
0 38 245 2 -23171 23131
0 38 246 2 -23148 -23162
0 38 247 2 -23172 -23191
0 38 248 2 23157 23154
0 38 249 2 -23152 -23198
0 38 250 2 -23146 -23173
0 38 251 2 -23187 23190
0 38 252 2 23109 23203
0 38 253 2 -23174 23160
0 38 254 2 23212 -23143
0 38 255 2 32758 -17
0 39 0 2 -516 96
0 39 1 2 32762 19
0 39 2 2 23169 -23193
0 39 3 2 23181 -23152
0 39 4 2 -23182 23157
0 39 5 2 23130 23158
0 39 6 2 -23190 23137
0 39 7 2 23166 23152
0 39 8 2 -23174 23186
0 39 9 2 23148 23162
0 39 10 2 23136 23174
0 39 11 2 -23188 23160
0 39 12 2 -23143 -23163
0 39 13 2 -23155 -23189
0 39 14 2 23168 23162
0 39 15 2 23181 23183
0 39 16 2 23171 -23165
0 39 17 2 23150 -23150
0 39 18 2 -23190 23152
0 39 19 2 23199 23138
0 39 20 2 23162 23171
0 39 21 2 -23178 23168
0 39 22 2 23134 23185
0 39 23 2 -23146 -23226
0 39 24 2 -23136 -23174
0 39 25 2 23180 23161
0 39 26 2 -23160 -23170
0 39 27 2 -23158 -23176
0 39 28 2 -23157 -23189
0 39 29 2 23145 23179
0 39 30 2 -23189 23152
0 39 31 2 -23190 23169
0 39 32 2 23200 -23147
0 39 33 2 32786 29
0 39 34 2 23205 -23182
0 39 35 2 23164 -23170
0 39 36 2 23190 -23180
0 39 37 2 -23145 -23163
0 39 38 2 -23154 23187
0 39 39 2 23156 -23168
0 39 40 2 -23148 23182
0 39 41 2 23188 23181
0 39 42 2 23162 23191
0 39 43 2 23177 23184
0 39 44 2 -23173 23178
0 39 45 2 23197 -23143
0 39 46 2 -23172 -23176
0 39 47 2 23174 -23114
0 39 48 2 -23177 23186
0 39 49 2 23167 -23160
0 39 50 2 23178 -23156
0 39 51 2 -23152 23178
0 39 52 2 23165 23144
0 39 53 2 -23190 -23178
0 39 54 2 -23146 -23155
0 39 55 2 -23153 -23172
0 39 56 2 23147 23120
0 39 57 2 -23154 -23169
0 39 58 2 23187 23181
0 39 59 2 -23160 23139
0 39 60 2 23173 23193
0 39 61 2 -23191 -23178
0 39 62 2 -23130 -23174
0 39 63 2 -23198 23154
0 39 64 2 -23173 23163
0 39 65 2 32738 19
0 39 66 2 -23147 -23212
0 39 67 2 -23171 -23188
0 39 68 2 -23203 23182
0 39 69 2 -23171 -23167
0 39 70 2 23118 23178
0 39 71 2 -23187 -23164
0 39 72 2 23142 23155
0 39 73 2 -23158 23168
0 39 74 2 23171 -23143
0 39 75 2 -23153 -23205
0 39 76 2 -23166 23144
0 39 77 2 -23153 23160
0 39 78 2 23160 -23138
0 39 79 2 23114 23193
0 39 80 2 23198 -23127
0 39 81 2 -23199 23177
0 39 82 2 -23170 -23164
0 39 83 2 -23151 23154
0 39 84 2 23185 -23161
0 39 85 2 -23191 23177
0 39 86 2 -23173 -23166
0 39 87 2 -23145 -23183
0 39 88 2 23168 -23153
0 39 89 2 -23182 23152
0 39 90 2 23171 23177
0 39 91 2 23200 -23141
0 39 92 2 23182 -23192
0 39 93 2 -23169 -23181
0 39 94 2 -23144 23138
0 39 95 2 -23189 23137
0 39 96 2 -23158 23169
0 39 97 2 32767 -26
0 39 98 2 -23197 23173
0 39 99 2 23154 23182
0 39 100 2 -23148 23161
0 39 101 2 23133 -23167
0 39 102 2 -23206 -23187
0 39 103 2 -23169 23145
0 39 104 2 -23173 -23182
0 39 105 2 23174 -23166
0 39 106 2 23170 23198
0 39 107 2 -23200 23165
0 39 108 2 23175 23153
0 39 109 2 -23196 23138
0 39 110 2 -23162 23138
0 39 111 2 -23147 -23176
0 39 112 2 23178 -23180
0 39 113 2 21 -17
0 39 114 2 18 -19
0 39 115 2 -16 -19
0 39 116 2 19 -5
0 39 117 2 27 -13
0 39 118 2 -21 -1
0 39 119 2 14 9
0 39 120 2 -10 34
0 39 121 2 -17 -9
0 39 122 2 -4 6
0 39 123 2 -4 0
0 39 124 2 -25 23
0 39 125 2 44 -1
0 39 126 2 13 -5
0 39 127 2 6 8
0 39 128 2 -17 0
0 39 129 2 17 4
0 39 130 2 -1 -15
0 39 131 2 17 9
0 39 132 2 19 9
0 39 133 2 -32 0
0 39 134 2 -8 -6
0 39 135 2 8 -14
0 39 136 2 4 -32
0 39 137 2 -9 23
0 39 138 2 5 -4
0 39 139 2 -4 -13
0 39 140 2 11 -20
0 39 141 2 27 -2
0 39 142 2 -30 -36
0 39 143 2 13 9
0 39 144 2 23159 23176
0 39 145 2 23187 -23173
0 39 146 2 23171 23170
0 39 147 2 23178 -23161
0 39 148 2 -23173 -23159
0 39 149 2 -23200 -23151
0 39 150 2 -23171 23162
0 39 151 2 -23180 -23168
0 39 152 2 -23151 -23157
0 39 153 2 -23156 23144
0 39 154 2 -23168 23158
0 39 155 2 23190 23147
0 39 156 2 23162 -23162
0 39 157 2 -23178 23136
0 39 158 2 23152 -23173
0 39 159 2 32746 23
0 39 160 2 23145 -23188
0 39 161 2 23137 23208
0 39 162 2 -23178 -23200
0 39 163 2 -23158 23175
0 39 164 2 -23143 -23169
0 39 165 2 23156 23174
0 39 166 2 -23158 -23182
0 39 167 2 -23188 23172
0 39 168 2 23188 -23137
0 39 169 2 -23155 23200
0 39 170 2 -23197 -23171
0 39 171 2 23154 -23137
0 39 172 2 -23176 23143
0 39 173 2 23169 -23145
0 39 174 2 -23145 -23161
0 39 175 2 23156 -23192
0 39 176 2 23192 -23130
0 39 177 2 23144 -23168
0 39 178 2 -23160 23140
0 39 179 2 -23148 -23174
0 39 180 2 23142 -23142
0 39 181 2 -23154 -23172
0 39 182 2 23130 23149
0 39 183 2 23184 -23147
0 39 184 2 -23150 -23181
0 39 185 2 -23199 23139
0 39 186 2 23199 -23155
0 39 187 2 23183 23152
0 39 188 2 -23159 -23198
0 39 189 2 -23209 23144
0 39 190 2 23165 23147
0 39 191 2 32774 42
0 39 192 2 -23197 23145
0 39 193 2 23175 -23138
0 39 194 2 -23147 -23191
0 39 195 2 -23171 23161
0 39 196 2 -23181 -23152
0 39 197 2 -23180 -23162
0 39 198 2 -23145 -23183
0 39 199 2 23164 23151
0 39 200 2 23157 -23169
0 39 201 2 -23225 23193
0 39 202 2 23219 -23160
0 39 203 2 23180 23139
0 39 204 2 -23197 23204
0 39 205 2 23168 -23137
0 39 206 2 23173 -23167
0 39 207 2 -23179 23139
0 39 208 2 -23213 23172
0 39 209 2 -23185 23181
0 39 210 2 -23147 -23183
0 39 211 2 -23162 -23190
0 39 212 2 23180 23180
0 39 213 2 -23180 23176
0 39 214 2 23168 -23179
0 39 215 2 23152 -23170
0 39 216 2 -23149 23174
0 39 217 2 23185 -23141
0 39 218 2 -23185 -23169
0 39 219 2 23211 23174
0 39 220 2 23201 -23161
0 39 221 2 23165 -23147
0 39 222 2 -23192 -23184
0 39 223 2 32768 0
0 39 224 2 -23131 -23173
0 39 225 2 23163 23150
0 39 226 2 -23192 -23097
0 39 227 2 23161 -23188
0 39 228 2 23184 23147
0 39 229 2 23175 23159
0 39 230 2 -23141 23180
0 39 231 2 23200 23194
0 39 232 2 23155 23182
0 39 233 2 23180 23179
0 39 234 2 23188 23169
0 39 235 2 -23187 -23200
0 39 236 2 -23158 23167
0 39 237 2 23163 -23162
0 39 238 2 23191 -23173
0 39 239 2 -23184 -23166
0 39 240 2 23177 -23155
0 39 241 2 -23169 23166
0 39 242 2 -23160 -23190
0 39 243 2 23164 -23134
0 39 244 2 -23169 -23166
0 39 245 2 23191 23204
0 39 246 2 23151 23166
0 39 247 2 -23171 23139
0 39 248 2 -23158 -23165
0 39 249 2 23175 23176
0 39 250 2 23151 23183
0 39 251 2 -23142 -23172
0 39 252 2 23134 23200
0 39 253 2 23158 23168
0 39 254 2 23190 -23129
0 39 255 2 32789 11
0 40 0 2 -469 97
0 40 1 2 32749 19
0 40 2 2 -23198 23146
0 40 3 2 23201 -23158
0 40 4 2 23159 23198
0 40 5 2 23159 -23139
0 40 6 2 -23195 -23194
0 40 7 2 -23140 -23158
0 40 8 2 23177 23194
0 40 9 2 -23168 23173
0 40 10 2 23172 -23159
0 40 11 2 23167 23184
0 40 12 2 23155 -23177
0 40 13 2 23163 -23164
0 40 14 2 23131 23149
0 40 15 2 -23171 -23165
0 40 16 2 -23169 -23186
0 40 17 2 23138 23174
0 40 18 2 -23206 -23152
0 40 19 2 23172 23182
0 40 20 2 -23206 -23146
0 40 21 2 -23217 23124
0 40 22 2 23179 -23176
0 40 23 2 -23168 23163
0 40 24 2 23160 -23180
0 40 25 2 -23170 23173
0 40 26 2 -23157 -23160
0 40 27 2 23177 23162
0 40 28 2 -23124 -23155
0 40 29 2 23151 -23190
0 40 30 2 -23168 -23179
0 40 31 2 -23173 -23203
0 40 32 2 23158 -23176
0 40 33 2 32767 16
0 40 34 2 -23159 -23161
0 40 35 2 23175 23193
0 40 36 2 -23146 -23191
0 40 37 2 23168 23165
0 40 38 2 23164 23160
0 40 39 2 23184 -23158
0 40 40 2 23144 23204
0 40 41 2 -23187 23150
0 40 42 2 -23170 23150
0 40 43 2 23206 23165
0 40 44 2 -23173 23170
0 40 45 2 -23136 -23170
0 40 46 2 -23194 23151
0 40 47 2 23194 -23135
0 40 48 2 -23171 -23205
0 40 49 2 -23212 23157
0 40 50 2 23138 23142
0 40 51 2 23176 23181
0 40 52 2 23148 23198
0 40 53 2 23200 -23188
0 40 54 2 -23165 -23188
0 40 55 2 23158 -23147
0 40 56 2 -23154 -23156
0 40 57 2 -23149 -23156
0 40 58 2 -23186 23154
0 40 59 2 23173 23178
0 40 60 2 23169 -23134
0 40 61 2 23161 23148
0 40 62 2 -23155 23151
0 40 63 2 -23127 -23130
0 40 64 2 -23174 23154
0 40 65 2 32763 19
0 40 66 2 -23200 23165
0 40 67 2 -23187 23146
0 40 68 2 23152 23149
0 40 69 2 23139 23152
0 40 70 2 -23190 23173
0 40 71 2 -23176 23143
0 40 72 2 -23179 23183
0 40 73 2 -23184 23163
0 40 74 2 -23206 23205
0 40 75 2 -23136 -23166
0 40 76 2 -23171 -23147
0 40 77 2 23153 23172
0 40 78 2 -23170 23174
0 40 79 2 -23169 -23187
0 40 80 2 23144 23187
0 40 81 2 23189 -23176
0 40 82 2 -23208 23189
0 40 83 2 -23133 -23177
0 40 84 2 23174 -23136
0 40 85 2 -23151 23160
0 40 86 2 23148 23158
0 40 87 2 -23137 -23189
0 40 88 2 23155 23176
0 40 89 2 -23190 23170
0 40 90 2 -23181 -23185
0 40 91 2 -23210 23175
0 40 92 2 -23159 23193
0 40 93 2 23163 23189
0 40 94 2 -23174 23155
0 40 95 2 -23123 -23199
0 40 96 2 23135 -23131
0 40 97 2 32745 22
0 40 98 2 23176 -23157
0 40 99 2 -23184 23160
0 40 100 2 23121 -23182
0 40 101 2 -23125 -23139
0 40 102 2 23164 23174
0 40 103 2 23156 23177
0 40 104 2 23194 -23158
0 40 105 2 -23190 -23174
0 40 106 2 -23183 -23163
0 40 107 2 -23152 23167
0 40 108 2 23158 23191
0 40 109 2 -23146 23139
0 40 110 2 23167 23158
0 40 111 2 23202 -23195
0 40 112 2 23176 -23152
0 40 113 2 -2 -26
0 40 114 2 5 7
0 40 115 2 9 -30
0 40 116 2 -6 -22
0 40 117 2 13 3
0 40 118 2 -10 -7
0 40 119 2 0 -13
0 40 120 2 0 -24
0 40 121 2 11 -13
0 40 122 2 2 -15
0 40 123 2 -7 -2
0 40 124 2 20 1
0 40 125 2 19 7
0 40 126 2 -39 16
0 40 127 2 -2 9
0 40 128 2 8 40
0 40 129 2 -3 8
0 40 130 2 6 16
0 40 131 2 -1 10
0 40 132 2 -2 9
0 40 133 2 -27 -4
0 40 134 2 17 -6
0 40 135 2 -1 29
0 40 136 2 30 5
0 40 137 2 5 21
0 40 138 2 -18 -9
0 40 139 2 26 -14
0 40 140 2 -25 -13
0 40 141 2 3 -16
0 40 142 2 8 -13
0 40 143 2 -19 -14
0 40 144 2 23182 -23165
0 40 145 2 -23184 23145
0 40 146 2 -23162 -23178
0 40 147 2 23145 23179
0 40 148 2 -23141 -23181
0 40 149 2 -23156 -23184
0 40 150 2 23165 -23141
0 40 151 2 -23184 -23172
0 40 152 2 -23187 23186
0 40 153 2 -23163 23166
0 40 154 2 23162 -23141
0 40 155 2 -23193 23164
0 40 156 2 23165 -23174
0 40 157 2 23154 23170
0 40 158 2 -23198 23175
0 40 159 2 32726 11
0 40 160 2 -23192 23152
0 40 161 2 23186 -23152
0 40 162 2 -23179 23186
0 40 163 2 23175 -23171
0 40 164 2 -23142 -23219
0 40 165 2 23205 -23177
0 40 166 2 23153 23150
0 40 167 2 -23195 -23166
0 40 168 2 -23176 -23197
0 40 169 2 23194 -23184
0 40 170 2 -23153 23160
0 40 171 2 23145 -23158
0 40 172 2 -23178 -23176
0 40 173 2 23165 -23154
0 40 174 2 23164 -23141
0 40 175 2 -23175 23158
0 40 176 2 -23156 -23211
0 40 177 2 -23211 23156
0 40 178 2 23187 -23163
0 40 179 2 -23155 -23153
0 40 180 2 -23191 23150
0 40 181 2 23159 23145
0 40 182 2 -23184 23180
0 40 183 2 23210 -23146
0 40 184 2 23167 -23189
0 40 185 2 -23161 23165
0 40 186 2 23168 -23138
0 40 187 2 23222 -23161
0 40 188 2 23165 23178
0 40 189 2 -23176 23166
0 40 190 2 -23180 23172
0 40 191 2 32784 10
0 40 192 2 23182 23160
0 40 193 2 -23162 -23185
0 40 194 2 23180 -23165
0 40 195 2 23170 -23161
0 40 196 2 -23173 -23169
0 40 197 2 -23163 23164
0 40 198 2 23208 -23161
0 40 199 2 23166 23182
0 40 200 2 -23159 -23183
0 40 201 2 -23179 23172
0 40 202 2 -23194 23183
0 40 203 2 -23154 23157
0 40 204 2 23184 23175
0 40 205 2 23105 23195
0 40 206 2 23154 23169
0 40 207 2 23176 -23156
0 40 208 2 -23145 23185
0 40 209 2 -23186 23160
0 40 210 2 -23177 23154
0 40 211 2 23225 -23176
0 40 212 2 -23150 23153
0 40 213 2 23212 -23153
0 40 214 2 -23176 -23157
0 40 215 2 23197 23197
0 40 216 2 -23190 23185
0 40 217 2 -23158 23146
0 40 218 2 -23182 23185
0 40 219 2 -23172 23169
0 40 220 2 -23171 23157
0 40 221 2 -23185 23185
0 40 222 2 -23154 -23198
0 40 223 2 32784 7
0 40 224 2 -23161 23167
0 40 225 2 -23135 -23184
0 40 226 2 -23176 23188
0 40 227 2 23185 -23153
0 40 228 2 -23191 23176
0 40 229 2 23147 23183
0 40 230 2 23171 -23168
0 40 231 2 -23182 -23183
0 40 232 2 -23167 -23184
0 40 233 2 23131 23160
0 40 234 2 -23187 -23155
0 40 235 2 -23093 -23199
0 40 236 2 -23177 23189
0 40 237 2 -23163 23173
0 40 238 2 23174 23191
0 40 239 2 23186 23170
0 40 240 2 23202 -23154
0 40 241 2 23173 -23152
0 40 242 2 -23172 23166
0 40 243 2 -23157 23163
0 40 244 2 -23188 23166
0 40 245 2 23154 -23166
0 40 246 2 -23193 23158
0 40 247 2 -23170 -23170
0 40 248 2 23152 23170
0 40 249 2 23145 -23138
0 40 250 2 23191 -23136
0 40 251 2 23118 23181
0 40 252 2 -23157 23167
0 40 253 2 23193 23155
0 40 254 2 23186 23160
0 40 255 2 32773 -10
0 41 0 2 -493 94
0 41 1 2 32750 42
0 41 2 2 -23182 -23174
0 41 3 2 23179 23150
0 41 4 2 -23178 23180
0 41 5 2 -23195 -23174
0 41 6 2 -23140 -23178
0 41 7 2 23175 23178
0 41 8 2 -23162 -23151
0 41 9 2 23167 -23168
0 41 10 2 23165 23186
0 41 11 2 23152 -23199
0 41 12 2 -23170 23146
0 41 13 2 23180 -23153
0 41 14 2 23197 -23140
0 41 15 2 23151 23181
0 41 16 2 -23178 23165
0 41 17 2 -23140 -23203
0 41 18 2 -23165 -23171
0 41 19 2 23179 -23166
0 41 20 2 23155 23196
0 41 21 2 23183 23186
0 41 22 2 -23178 23191
0 41 23 2 23180 -23148
0 41 24 2 23156 23145
0 41 25 2 23196 -23144
0 41 26 2 23166 23135
0 41 27 2 23166 -23158
0 41 28 2 -23195 23145
0 41 29 2 -23195 -23176
0 41 30 2 23115 23146
0 41 31 2 -23142 -23203
0 41 32 2 23229 -23152
0 41 33 2 32771 23
0 41 34 2 23166 23187
0 41 35 2 -23170 23151
0 41 36 2 23202 -23199
0 41 37 2 23172 23198
0 41 38 2 23182 -23164
0 41 39 2 -23150 23176
0 41 40 2 23141 -23162
0 41 41 2 -23173 -23193
0 41 42 2 -23152 -23185
0 41 43 2 23168 -23126
0 41 44 2 23148 23147
0 41 45 2 23178 23181
0 41 46 2 23179 23182
0 41 47 2 23163 -23148
0 41 48 2 -23175 -23170
0 41 49 2 23182 -23171
0 41 50 2 23159 23188
0 41 51 2 -23141 23153
0 41 52 2 23192 -23155
0 41 53 2 -23144 -23172
0 41 54 2 -23184 23159
0 41 55 2 23215 -23169
0 41 56 2 23162 23178
0 41 57 2 23141 23150
0 41 58 2 -23162 -23179
0 41 59 2 -23134 23189
0 41 60 2 -23170 -23173
0 41 61 2 23177 -23190
0 41 62 2 23189 -23142
0 41 63 2 23152 23163
0 41 64 2 -23172 23141
0 41 65 2 32738 14
0 41 66 2 23159 23195
0 41 67 2 23176 -23187
0 41 68 2 23174 23172
0 41 69 2 -23160 -23199
0 41 70 2 -23195 23184
0 41 71 2 -23179 -23181
0 41 72 2 -23161 -23148
0 41 73 2 -23157 23171
0 41 74 2 -23188 -23185
0 41 75 2 23178 23176
0 41 76 2 23180 -23149
0 41 77 2 -23171 -23178
0 41 78 2 -23174 23136
0 41 79 2 -23173 -23144
0 41 80 2 -23179 23164
0 41 81 2 -23160 23158
0 41 82 2 -23183 -23180
0 41 83 2 23181 -23147
0 41 84 2 23200 -23179
0 41 85 2 -23165 -23170
0 41 86 2 -23148 23137
0 41 87 2 23133 23167
0 41 88 2 -23150 23174
0 41 89 2 -23176 -23178
0 41 90 2 -23191 -23197
0 41 91 2 -23168 -23168
0 41 92 2 23204 -23157
0 41 93 2 -23181 23154
0 41 94 2 -23184 23170
0 41 95 2 -23195 23141
0 41 96 2 -23184 -23155
0 41 97 2 32760 25
0 41 98 2 23178 -23129
0 41 99 2 -23171 -23159
0 41 100 2 23174 23199
0 41 101 2 -23163 23169
0 41 102 2 -23145 -23162
0 41 103 2 -23179 23147
0 41 104 2 23160 23192
0 41 105 2 -23177 23135
0 41 106 2 -23180 23138
0 41 107 2 23152 23182
0 41 108 2 23160 -23188
0 41 109 2 23137 23169
0 41 110 2 -23190 23179
0 41 111 2 -23189 -23160
0 41 112 2 23201 -23175
0 41 113 2 12 2
0 41 114 2 40 -37
0 41 115 2 23 -27
0 41 116 2 -22 3
0 41 117 2 -2 -6
0 41 118 2 34 20
0 41 119 2 6 17
0 41 120 2 39 16
0 41 121 2 -27 14
0 41 122 2 24 4
0 41 123 2 2 35
0 41 124 2 -2 -12
0 41 125 2 -4 -6
0 41 126 2 -2 32
0 41 127 2 -51 -7
0 41 128 2 6 11
0 41 129 2 0 13
0 41 130 2 0 -2
0 41 131 2 17 15
0 41 132 2 -10 13
0 41 133 2 -21 15
0 41 134 2 33 -4
0 41 135 2 -2 -10
0 41 136 2 4 -5
0 41 137 2 -12 13
0 41 138 2 -9 -27
0 41 139 2 11 22
0 41 140 2 -2 21
0 41 141 2 -12 59
0 41 142 2 -2 -11
0 41 143 2 13 -37
0 41 144 2 23149 23217
0 41 145 2 -23198 23176
0 41 146 2 23151 -23152
0 41 147 2 23173 23197
0 41 148 2 23181 -23176
0 41 149 2 -23174 -23151
0 41 150 2 23177 23188
0 41 151 2 23182 23211
0 41 152 2 23150 23169
0 41 153 2 -23210 23151
0 41 154 2 23174 23140
0 41 155 2 23160 -23190
0 41 156 2 23145 23168
0 41 157 2 -23168 -23192
0 41 158 2 23180 -23170
0 41 159 2 32753 4
0 41 160 2 -23181 23172
0 41 161 2 23223 -23144
0 41 162 2 23145 23204
0 41 163 2 23151 23176
0 41 164 2 23210 -23156
0 41 165 2 -23136 -23199
0 41 166 2 -23181 -23181
0 41 167 2 -23179 -23221
0 41 168 2 23151 -23180
0 41 169 2 -23196 23158
0 41 170 2 -23174 -23143
0 41 171 2 -23154 -23160
0 41 172 2 -23175 -23183
0 41 173 2 23137 23173
0 41 174 2 23174 -23181
0 41 175 2 23194 -23173
0 41 176 2 -23182 23182
0 41 177 2 -23192 23159
0 41 178 2 23141 -23158
0 41 179 2 23174 23155
0 41 180 2 23154 23149
0 41 181 2 -23135 -23163
0 41 182 2 -23177 23166
0 41 183 2 -23184 -23169
0 41 184 2 -23149 23136
0 41 185 2 23144 -23150
0 41 186 2 23141 -23154
0 41 187 2 -23138 -23176
0 41 188 2 -23190 23149
0 41 189 2 23197 -23140
0 41 190 2 -23172 23188
0 41 191 2 32724 2
0 41 192 2 23178 23157
0 41 193 2 23177 23180
0 41 194 2 -23193 -23184
0 41 195 2 23178 23182
0 41 196 2 -23174 23169
0 41 197 2 -23217 23179
0 41 198 2 23138 23202
0 41 199 2 23136 23183
0 41 200 2 -23178 -23151
0 41 201 2 -23152 -23170
0 41 202 2 -23184 -23211
0 41 203 2 -23143 -23169
0 41 204 2 -23190 23160
0 41 205 2 23184 -23157
0 41 206 2 23167 -23148
0 41 207 2 -23211 23172
0 41 208 2 -23159 -23159
0 41 209 2 -23176 23146
0 41 210 2 23160 -23186
0 41 211 2 -23178 23172
0 41 212 2 23148 23194
0 41 213 2 -23136 -23177
0 41 214 2 -23172 -23147
0 41 215 2 -23142 -23191
0 41 216 2 23163 -23156
0 41 217 2 -23193 -23171
0 41 218 2 23186 23183
0 41 219 2 -23168 -23172
0 41 220 2 -23225 23207
0 41 221 2 23180 -23143
0 41 222 2 23147 23173
0 41 223 2 32743 -22
0 41 224 2 23200 -23180
0 41 225 2 -23180 -23219
0 41 226 2 -23151 23130
0 41 227 2 -23167 -23197
0 41 228 2 -23152 -23162
0 41 229 2 23154 23198
0 41 230 2 23174 23197
0 41 231 2 -23146 23122
0 41 232 2 23140 23182
0 41 233 2 23180 -23158
0 41 234 2 23175 -23120
0 41 235 2 -23142 -23139
0 41 236 2 23151 -23176
0 41 237 2 23163 -23123
0 41 238 2 23180 23215
0 41 239 2 23173 23193
0 41 240 2 -23147 23184
0 41 241 2 -23179 -23187
0 41 242 2 -23135 -23180
0 41 243 2 23138 23170
0 41 244 2 -23184 23149
0 41 245 2 23173 23149
0 41 246 2 -23178 23155
0 41 247 2 23157 23191
0 41 248 2 -23164 -23144
0 41 249 2 -23162 23112
0 41 250 2 23158 -23169
0 41 251 2 23152 23174
0 41 252 2 23138 23164
0 41 253 2 23184 -23162
0 41 254 2 23188 -23164
0 41 255 2 32772 40
0 42 0 2 -467 85
0 42 1 2 32756 -16
0 42 2 2 -23162 -23186
0 42 3 2 23203 -23175
0 42 4 2 23191 -23134
0 42 5 2 -23179 -23203
0 42 6 2 -23151 23157
0 42 7 2 -23180 -23153
0 42 8 2 23181 23199
0 42 9 2 -23162 -23185
0 42 10 2 23166 23198
0 42 11 2 23143 -23158
0 42 12 2 -23146 -23206
0 42 13 2 23138 -23175
0 42 14 2 -23186 23186
0 42 15 2 23156 23179
0 42 16 2 -23168 -23177
0 42 17 2 -23166 23196
0 42 18 2 23160 23181
0 42 19 2 23157 -23146
0 42 20 2 23166 -23168
0 42 21 2 23168 -23192
0 42 22 2 23107 23159
0 42 23 2 23183 -23152
0 42 24 2 23169 23178
0 42 25 2 -23182 23181
0 42 26 2 23179 23160
0 42 27 2 -23177 23135
0 42 28 2 23152 -23188
0 42 29 2 23175 -23150
0 42 30 2 -23176 -23197
0 42 31 2 -23170 23147
0 42 32 2 -23165 -23160
0 42 33 2 32761 14
0 42 34 2 23154 -23209
0 42 35 2 -23182 23185
0 42 36 2 -23159 23132
0 42 37 2 -23227 23155
0 42 38 2 -23164 -23171
0 42 39 2 23145 -23179
0 42 40 2 -23173 23167
0 42 41 2 23143 23181
0 42 42 2 -23177 -23175
0 42 43 2 -23169 23164
0 42 44 2 -23189 23153
0 42 45 2 -23159 23176
0 42 46 2 -23152 -23169
0 42 47 2 23126 23188
0 42 48 2 23200 -23157
0 42 49 2 23160 23165
0 42 50 2 23157 -23149
0 42 51 2 23178 23153
0 42 52 2 -23176 23189
0 42 53 2 -23140 -23173
0 42 54 2 -23148 -23164
0 42 55 2 -23158 23166
0 42 56 2 -23170 23169
0 42 57 2 -23164 -23174
0 42 58 2 -23169 -23161
0 42 59 2 23131 23186
0 42 60 2 23169 -23166
0 42 61 2 23191 23193
0 42 62 2 -23155 -23169
0 42 63 2 23162 -23152
0 42 64 2 -23175 23145
0 42 65 2 32715 32
0 42 66 2 -23186 -23160
0 42 67 2 23186 -23143
0 42 68 2 -23163 -23154
0 42 69 2 23185 -23134
0 42 70 2 -23171 23130
0 42 71 2 -23168 23131
0 42 72 2 -23157 23171
0 42 73 2 -23141 23181
0 42 74 2 -23155 23168
0 42 75 2 -23161 -23145
0 42 76 2 -23196 23178
0 42 77 2 -23183 23128
0 42 78 2 23184 -23181
0 42 79 2 -23185 23199
0 42 80 2 23194 23237
0 42 81 2 -23177 -23137
0 42 82 2 -23157 23174
0 42 83 2 -23184 23152
0 42 84 2 23173 -23161
0 42 85 2 23192 -23149
0 42 86 2 -23183 23156
0 42 87 2 -23175 23154
0 42 88 2 23160 -23139
0 42 89 2 -23197 23164
0 42 90 2 -23156 -23182
0 42 91 2 -23164 23142
0 42 92 2 -23165 23144
0 42 93 2 -23162 23176
0 42 94 2 23166 -23164
0 42 95 2 -23176 23134
0 42 96 2 23167 -23175
0 42 97 2 32754 -5
0 42 98 2 -23211 23157
0 42 99 2 23189 23178
0 42 100 2 23147 23176
0 42 101 2 23173 23157
0 42 102 2 -23182 23163
0 42 103 2 23173 23185
0 42 104 2 -23178 23177
0 42 105 2 -23175 23137
0 42 106 2 23194 -23195
0 42 107 2 -23169 23159
0 42 108 2 23138 23182
0 42 109 2 23177 -23156
0 42 110 2 23129 23165
0 42 111 2 23148 -23155
0 42 112 2 -23200 -23145
0 42 113 2 5 -4
0 42 114 2 31 1
0 42 115 2 -10 6
0 42 116 2 6 -15
0 42 117 2 24 6
0 42 118 2 -12 -17
0 42 119 2 -37 5
0 42 120 2 -14 11
0 42 121 2 0 23
0 42 122 2 28 14
0 42 123 2 5 55
0 42 124 2 0 7
0 42 125 2 -6 12
0 42 126 2 24 0
0 42 127 2 -51 10
0 42 128 2 23 -1
0 42 129 2 50 13
0 42 130 2 4 21
0 42 131 2 49 6
0 42 132 2 -28 -16
0 42 133 2 -14 -14
0 42 134 2 13 -15
0 42 135 2 10 27
0 42 136 2 -1 3
0 42 137 2 8 -6
0 42 138 2 28 0
0 42 139 2 -2 -5
0 42 140 2 4 9
0 42 141 2 33 5
0 42 142 2 6 16
0 42 143 2 -44 22
0 42 144 2 23148 -23151
0 42 145 2 -23183 -23193
0 42 146 2 -23147 -23175
0 42 147 2 -23185 23165
0 42 148 2 -23169 23117
0 42 149 2 23201 -23180
0 42 150 2 -23187 23194
0 42 151 2 -23140 -23172
0 42 152 2 23163 23173
0 42 153 2 23173 -23158
0 42 154 2 -23176 -23167
0 42 155 2 23158 23208
0 42 156 2 23174 -23144
0 42 157 2 -23181 23134
0 42 158 2 23144 23158
0 42 159 2 32750 -21
0 42 160 2 23169 -23171
0 42 161 2 -23151 23145
0 42 162 2 23193 -23175
0 42 163 2 -23153 -23194
0 42 164 2 -23141 -23169
0 42 165 2 23154 23163
0 42 166 2 23191 -23153
0 42 167 2 -23175 -23188
0 42 168 2 23153 23173
0 42 169 2 -23142 -23177
0 42 170 2 23178 -23158
0 42 171 2 -23151 -23179
0 42 172 2 -23169 -23179
0 42 173 2 -23134 -23178
0 42 174 2 -23192 -23212
0 42 175 2 23168 -23150
0 42 176 2 -23182 -23179
0 42 177 2 -23166 23153
0 42 178 2 -23159 -23217
0 42 179 2 -23166 23198
0 42 180 2 -23150 23174
0 42 181 2 -23179 -23160
0 42 182 2 -23158 -23177
0 42 183 2 -23193 -23194
0 42 184 2 -23180 23161
0 42 185 2 -23146 -23156
0 42 186 2 -23182 23147
0 42 187 2 23159 23196
0 42 188 2 23168 -23157
0 42 189 2 -23169 -23157
0 42 190 2 23175 -23159
0 42 191 2 32804 5
0 42 192 2 23175 -23145
0 42 193 2 23199 -23134
0 42 194 2 -23199 23172
0 42 195 2 -23180 23140
0 42 196 2 23190 -23168
0 42 197 2 23198 -23135
0 42 198 2 23207 -23147
0 42 199 2 23175 -23168
0 42 200 2 -23170 23156
0 42 201 2 23159 23204
0 42 202 2 23141 -23151
0 42 203 2 23201 -23150
0 42 204 2 23131 23215
0 42 205 2 23168 23200
0 42 206 2 23179 -23132
0 42 207 2 -23183 23183
0 42 208 2 -23169 23159
0 42 209 2 -23170 -23155
0 42 210 2 -23146 -23140
0 42 211 2 -23186 23165
0 42 212 2 -23172 23144
0 42 213 2 -23157 -23189
0 42 214 2 -23161 -23177
0 42 215 2 23199 -23171
0 42 216 2 -23188 23180
0 42 217 2 -23159 -23185
0 42 218 2 23159 23159
0 42 219 2 -23171 23139
0 42 220 2 -23137 -23208
0 42 221 2 -23193 23164
0 42 222 2 -23151 23167
0 42 223 2 32769 20
0 42 224 2 23176 23167
0 42 225 2 23195 -23131
0 42 226 2 23131 -23162
0 42 227 2 23162 -23192
0 42 228 2 -23171 23167
0 42 229 2 -23182 23141
0 42 230 2 23132 23174
0 42 231 2 -23177 23132
0 42 232 2 -23199 23183
0 42 233 2 -23160 -23181
0 42 234 2 23195 -23135
0 42 235 2 -23176 23159
0 42 236 2 23181 -23184
0 42 237 2 23193 -23134
0 42 238 2 -23140 23162
0 42 239 2 -23127 -23194
0 42 240 2 -23173 23143
0 42 241 2 23173 -23182
0 42 242 2 -23150 23200
0 42 243 2 -23165 23139
0 42 244 2 -23230 23156
0 42 245 2 23199 -23175
0 42 246 2 23166 23180
0 42 247 2 23146 23193
0 42 248 2 23203 -23176
0 42 249 2 23172 23192
0 42 250 2 23191 -23164
0 42 251 2 -23153 -23216
0 42 252 2 -23163 23143
0 42 253 2 23170 -23171
0 42 254 2 23142 23205
0 42 255 2 32748 -21
0 43 0 2 -489 21
0 43 1 2 32756 37
0 43 2 2 -23154 -23168
0 43 3 2 -23159 -23188
0 43 4 2 -23175 -23188
0 43 5 2 -23175 23146
0 43 6 2 -23158 -23189
0 43 7 2 -23186 -23190
0 43 8 2 23145 23151
0 43 9 2 23155 23175
0 43 10 2 -23176 23167
0 43 11 2 -23159 23155
0 43 12 2 -23163 23166
0 43 13 2 23177 -23183
0 43 14 2 -23178 -23176
0 43 15 2 23154 23186
0 43 16 2 -23174 23179
0 43 17 2 23177 -23177
0 43 18 2 23198 -23162
0 43 19 2 -23175 23179
0 43 20 2 -23208 23173
0 43 21 2 23182 -23152
0 43 22 2 23164 -23116
0 43 23 2 23206 -23185
0 43 24 2 -23211 23162
0 43 25 2 23158 -23151
0 43 26 2 23164 23202
0 43 27 2 23197 23197
0 43 28 2 -23170 -23188
0 43 29 2 -23126 -23186
0 43 30 2 23168 -23143
0 43 31 2 -23166 -23204
0 43 32 2 -23173 -23154
0 43 33 2 32762 11
0 43 34 2 -23139 23189
0 43 35 2 23147 -23199
0 43 36 2 23169 -23171
0 43 37 2 -23138 -23193
0 43 38 2 -23180 23171
0 43 39 2 23189 -23140
0 43 40 2 23142 23197
0 43 41 2 -23153 23166
0 43 42 2 -23206 23152
0 43 43 2 -23151 -23140
0 43 44 2 -23155 23150
0 43 45 2 23191 -23144
0 43 46 2 -23158 -23169
0 43 47 2 -23140 -23178
0 43 48 2 23170 -23163
0 43 49 2 23158 -23156
0 43 50 2 -23148 23163
0 43 51 2 23147 23158
0 43 52 2 23163 23181
0 43 53 2 -23145 23155
0 43 54 2 23175 -23213
0 43 55 2 23194 -23164
0 43 56 2 -23170 23173
0 43 57 2 23165 -23159
0 43 58 2 -23166 -23170
0 43 59 2 23154 23185
0 43 60 2 23192 -23153
0 43 61 2 -23191 23154
0 43 62 2 23156 23182
0 43 63 2 23182 -23188
0 43 64 2 23175 -23151
0 43 65 2 32707 26
0 43 66 2 -23194 -23147
0 43 67 2 23121 -23147
0 43 68 2 23177 23173
0 43 69 2 23187 -23152
0 43 70 2 23172 23169
0 43 71 2 -23211 23153
0 43 72 2 23187 23164
0 43 73 2 23184 -23114
0 43 74 2 -23123 -23185
0 43 75 2 -23137 -23173
0 43 76 2 -23158 -23157
0 43 77 2 -23206 -23206
0 43 78 2 -23156 23161
0 43 79 2 -23176 23157
0 43 80 2 -23214 23177
0 43 81 2 -23196 -23175
0 43 82 2 -23168 23139
0 43 83 2 23186 -23172
0 43 84 2 23185 -23203
0 43 85 2 -23172 -23160
0 43 86 2 23200 -23161
0 43 87 2 23173 -23139
0 43 88 2 -23141 -23138
0 43 89 2 -23171 -23162
0 43 90 2 23190 -23172
0 43 91 2 -23142 -23169
0 43 92 2 -23162 23161
0 43 93 2 -23161 -23151
0 43 94 2 -23141 23152
0 43 95 2 -23164 23178
0 43 96 2 23164 -23167
0 43 97 2 32765 14
0 43 98 2 -23140 -23180
0 43 99 2 23177 23188
0 43 100 2 23146 23197
0 43 101 2 23170 23128
0 43 102 2 -23153 -23207
0 43 103 2 -23176 23193
0 43 104 2 23192 23163
0 43 105 2 23165 23169
0 43 106 2 -23157 -23131
0 43 107 2 -23192 23165
0 43 108 2 23186 -23159
0 43 109 2 23179 -23128
0 43 110 2 -23176 23176
0 43 111 2 23175 23190
0 43 112 2 23185 -23190
0 43 113 2 20 13
0 43 114 2 16 -3
0 43 115 2 -7 -8
0 43 116 2 8 -17
0 43 117 2 -8 -1
0 43 118 2 2 9
0 43 119 2 12 8
0 43 120 2 4 9
0 43 121 2 13 -4
0 43 122 2 0 -2
0 43 123 2 -4 -35
0 43 124 2 -15 13
0 43 125 2 12 -31
0 43 126 2 -2 0
0 43 127 2 -20 24
0 43 128 2 0 -5
0 43 129 2 11 -2
0 43 130 2 2 -24
0 43 131 2 -5 -10
0 43 132 2 -7 -17
0 43 133 2 10 -22
0 43 134 2 7 -26
0 43 135 2 5 -28
0 43 136 2 -28 -5
0 43 137 2 1 30
0 43 138 2 35 4
0 43 139 2 8 2
0 43 140 2 22 26
0 43 141 2 44 16
0 43 142 2 19 9
0 43 143 2 23 12
0 43 144 2 23210 -23161
0 43 145 2 -23193 23171
0 43 146 2 -23141 -23169
0 43 147 2 23168 23187
0 43 148 2 -23204 23187
0 43 149 2 -23166 23163
0 43 150 2 23152 23194
0 43 151 2 23164 -23177
0 43 152 2 23164 -23167
0 43 153 2 -23180 -23225
0 43 154 2 23156 23171
0 43 155 2 -23166 -23167
0 43 156 2 23159 23191
0 43 157 2 23173 23194
0 43 158 2 -23153 -23161
0 43 159 2 32784 8
0 43 160 2 23161 23158
0 43 161 2 23199 -23170
0 43 162 2 -23163 23166
0 43 163 2 -23161 -23161
0 43 164 2 23154 23151
0 43 165 2 -23180 23191
0 43 166 2 -23131 -23170
0 43 167 2 -23128 -23203
0 43 168 2 -23156 -23180
0 43 169 2 -23166 -23166
0 43 170 2 -23186 23178
0 43 171 2 -23149 23164
0 43 172 2 -23173 23147
0 43 173 2 -23168 23180
0 43 174 2 23192 -23160
0 43 175 2 23153 23196
0 43 176 2 23191 -23169
0 43 177 2 -23176 -23157
0 43 178 2 -23173 -23204
0 43 179 2 -23186 23173
0 43 180 2 23149 -23187
0 43 181 2 -23202 23137
0 43 182 2 -23163 -23147
0 43 183 2 -23171 23143
0 43 184 2 -23169 23183
0 43 185 2 -23177 23121
0 43 186 2 23177 23161
0 43 187 2 23164 -23151
0 43 188 2 23154 23161
0 43 189 2 -23168 23166
0 43 190 2 23152 -23146
0 43 191 2 32753 0
0 43 192 2 -23147 -23181
0 43 193 2 23196 -23187
0 43 194 2 -23201 23161
0 43 195 2 23176 -23178
0 43 196 2 23131 23183
0 43 197 2 -23129 -23169
0 43 198 2 23174 -23146
0 43 199 2 -23183 -23177
0 43 200 2 -23197 -23182
0 43 201 2 -23202 23182
0 43 202 2 23191 -23185
0 43 203 2 23179 -23146
0 43 204 2 -23171 23145
0 43 205 2 -23189 -23189
0 43 206 2 -23161 -23191
0 43 207 2 23196 23180
0 43 208 2 -23193 23169
0 43 209 2 23154 23171
0 43 210 2 -23176 23183
0 43 211 2 -23147 -23153
0 43 212 2 -23206 23168
0 43 213 2 -23177 23159
0 43 214 2 -23185 -23169
0 43 215 2 -23177 -23190
0 43 216 2 -23174 23177
0 43 217 2 -23149 -23184
0 43 218 2 -23167 -23199
0 43 219 2 23177 -23186
0 43 220 2 23200 -23179
0 43 221 2 23186 -23177
0 43 222 2 23157 23179
0 43 223 2 32753 26
0 43 224 2 23195 -23176
0 43 225 2 -23167 -23195
0 43 226 2 -23202 23169
0 43 227 2 -23134 -23170
0 43 228 2 -23150 -23221
0 43 229 2 23153 -23170
0 43 230 2 -23180 23149
0 43 231 2 -23194 23136
0 43 232 2 -23117 -23189
0 43 233 2 23215 -23201
0 43 234 2 -23153 23174
0 43 235 2 -23159 -23173
0 43 236 2 -23152 -23179
0 43 237 2 23160 23191
0 43 238 2 -23170 23182
0 43 239 2 -23193 23155
0 43 240 2 23192 -23160
0 43 241 2 -23166 -23201
0 43 242 2 23134 -23156
0 43 243 2 23154 23187
0 43 244 2 23194 -23152
0 43 245 2 23212 -23161
0 43 246 2 -23196 23144
0 43 247 2 -23172 -23190
0 43 248 2 -23174 -23184
0 43 249 2 -23185 -23182
0 43 250 2 23154 23151
0 43 251 2 23177 23181
0 43 252 2 23215 -23162
0 43 253 2 -23159 23140
0 43 254 2 23175 23142
0 43 255 2 32772 2
0 44 0 2 -475 84
0 44 1 2 32767 -15
0 44 2 2 -23181 23164
0 44 3 2 -23142 23191
0 44 4 2 23158 -23156
0 44 5 2 23159 23191
0 44 6 2 23164 -23156
0 44 7 2 -23183 23161
0 44 8 2 -23192 23172
0 44 9 2 23164 -23166
0 44 10 2 23156 23203
0 44 11 2 -23181 -23164
0 44 12 2 23198 23167
0 44 13 2 23133 23180
0 44 14 2 23106 -23158
0 44 15 2 23176 23174
0 44 16 2 23179 23183
0 44 17 2 -23196 -23166
0 44 18 2 -23197 -23208
0 44 19 2 23205 -23202
0 44 20 2 23200 -23151
0 44 21 2 -23140 -23188
0 44 22 2 23111 -23155
0 44 23 2 -23164 -23162
0 44 24 2 23165 -23162
0 44 25 2 -23188 -23231
0 44 26 2 23171 23171
0 44 27 2 -23180 23179
0 44 28 2 -23184 23163
0 44 29 2 23175 -23176
0 44 30 2 -23155 23166
0 44 31 2 -23154 -23172
0 44 32 2 -23183 23157
0 44 33 2 32734 18
0 44 34 2 23164 -23189
0 44 35 2 -23192 -23208
0 44 36 2 23191 -23150
0 44 37 2 -23162 -23213
0 44 38 2 23169 23160
0 44 39 2 23176 -23162
0 44 40 2 23118 23182
0 44 41 2 23161 23145
0 44 42 2 23151 23145
0 44 43 2 -23188 23209
0 44 44 2 -23198 23128
0 44 45 2 23132 23164
0 44 46 2 23195 -23171
0 44 47 2 -23160 23169
0 44 48 2 -23214 23161
0 44 49 2 -23147 23146
0 44 50 2 23146 23151
0 44 51 2 23175 -23181
0 44 52 2 -23144 -23196
0 44 53 2 23155 23178
0 44 54 2 23163 -23152
0 44 55 2 -23172 23147
0 44 56 2 -23169 -23190
0 44 57 2 -23146 -23205
0 44 58 2 -23200 23164
0 44 59 2 -23181 -23179
0 44 60 2 23182 -23165
0 44 61 2 -23179 23150
0 44 62 2 -23195 -23138
0 44 63 2 23180 -23159
0 44 64 2 23162 -23173
0 44 65 2 32802 -6
0 44 66 2 -23133 -23177
0 44 67 2 23185 -23175
0 44 68 2 23153 -23194
0 44 69 2 -23147 -23157
0 44 70 2 23185 -23174
0 44 71 2 23134 23172
0 44 72 2 -23175 -23179
0 44 73 2 23163 23187
0 44 74 2 -23178 23148
0 44 75 2 23193 -23160
0 44 76 2 23197 -23183
0 44 77 2 -23162 23184
0 44 78 2 -23156 -23156
0 44 79 2 23164 23168
0 44 80 2 -23153 -23171
0 44 81 2 -23159 -23138
0 44 82 2 23193 -23189
0 44 83 2 -23157 -23181
0 44 84 2 23167 23144
0 44 85 2 23155 -23146
0 44 86 2 23196 23191
0 44 87 2 23175 23187
0 44 88 2 23141 23176
0 44 89 2 -23146 -23189
0 44 90 2 -23185 -23202
0 44 91 2 -23168 -23188
0 44 92 2 23163 -23153
0 44 93 2 -23173 -23157
0 44 94 2 23151 23188
0 44 95 2 -23198 23129
0 44 96 2 -23146 -23162
0 44 97 2 32768 39
0 44 98 2 -23180 23156
0 44 99 2 -23176 23183
0 44 100 2 -23173 -23165
0 44 101 2 -23172 23177
0 44 102 2 -23155 23131
0 44 103 2 -23156 -23173
0 44 104 2 23180 23201
0 44 105 2 23143 -23170
0 44 106 2 -23200 23171
0 44 107 2 -23148 -23187
0 44 108 2 23180 23172
0 44 109 2 -23201 -23177
0 44 110 2 -23185 23153
0 44 111 2 23183 -23170
0 44 112 2 23166 23170
0 44 113 2 -27 -30
0 44 114 2 19 -16
0 44 115 2 -12 0
0 44 116 2 -3 -29
0 44 117 2 -4 -16
0 44 118 2 -6 10
0 44 119 2 -33 18
0 44 120 2 -29 30
0 44 121 2 5 -5
0 44 122 2 6 -36
0 44 123 2 8 3
0 44 124 2 -7 0
0 44 125 2 11 -10
0 44 126 2 12 -28
0 44 127 2 -20 25
0 44 128 2 5 18
0 44 129 2 -32 20
0 44 130 2 -5 -14
0 44 131 2 31 4
0 44 132 2 -10 -4
0 44 133 2 -1 11
0 44 134 2 29 -32
0 44 135 2 7 -8
0 44 136 2 8 -22
0 44 137 2 5 3
0 44 138 2 3 -38
0 44 139 2 26 -39
0 44 140 2 1 25
0 44 141 2 -40 -15
0 44 142 2 -16 -13
0 44 143 2 -13 -13
0 44 144 2 -23164 23178
0 44 145 2 23193 -23142
0 44 146 2 23159 23163
0 44 147 2 23178 -23149
0 44 148 2 23121 23159
0 44 149 2 23173 23163
0 44 150 2 23195 -23177
0 44 151 2 23183 -23136
0 44 152 2 -23146 -23174
0 44 153 2 23220 -23135
0 44 154 2 -23147 23165
0 44 155 2 -23158 -23178
0 44 156 2 -23149 -23172
0 44 157 2 -23169 23114
0 44 158 2 -23186 -23148
0 44 159 2 32793 -19
0 44 160 2 -23190 -23179
0 44 161 2 23203 -23178
0 44 162 2 -23181 23160
0 44 163 2 23163 -23167
0 44 164 2 -23159 23158
0 44 165 2 23131 23179
0 44 166 2 -23189 23183
0 44 167 2 23153 -23159
0 44 168 2 -23174 23185
0 44 169 2 23167 -23186
0 44 170 2 23156 23201
0 44 171 2 23181 -23163
0 44 172 2 23150 23195
0 44 173 2 -23159 -23145
0 44 174 2 -23157 -23186
0 44 175 2 -23148 -23180
0 44 176 2 -23151 -23148
0 44 177 2 -23162 -23208
0 44 178 2 -23184 23153
0 44 179 2 -23149 -23188
0 44 180 2 23177 -23162
0 44 181 2 -23144 -23181
0 44 182 2 -23189 23126
0 44 183 2 -23155 23159
0 44 184 2 -23164 23170
0 44 185 2 -23146 -23206
0 44 186 2 23152 23156
0 44 187 2 -23155 23157
0 44 188 2 -23150 23148
0 44 189 2 23167 -23149
0 44 190 2 -23164 -23204
0 44 191 2 32733 -7
0 44 192 2 23200 -23157
0 44 193 2 -23187 23126
0 44 194 2 -23181 23166
0 44 195 2 -23168 -23195
0 44 196 2 23173 23198
0 44 197 2 23132 23176
0 44 198 2 -23184 23170
0 44 199 2 23201 -23186
0 44 200 2 23167 -23166
0 44 201 2 -23181 23182
0 44 202 2 -23166 -23201
0 44 203 2 23150 -23173
0 44 204 2 -23142 -23198
0 44 205 2 -23164 -23154
0 44 206 2 23135 23176
0 44 207 2 23170 -23147
0 44 208 2 -23165 -23199
0 44 209 2 -23154 23164
0 44 210 2 -23150 -23204
0 44 211 2 -23122 -23202
0 44 212 2 -23126 -23195
0 44 213 2 -23177 23162
0 44 214 2 23156 23155
0 44 215 2 -23162 23194
0 44 216 2 -23158 -23161
0 44 217 2 23171 23149
0 44 218 2 -23187 -23209
0 44 219 2 23195 23174
0 44 220 2 -23169 -23160
0 44 221 2 23194 23186
0 44 222 2 23168 -23145
0 44 223 2 32781 -3
0 44 224 2 -23171 23180
0 44 225 2 -23182 -23190
0 44 226 2 23145 23173
0 44 227 2 23172 23182
0 44 228 2 -23166 -23175
0 44 229 2 -23122 -23194
0 44 230 2 23178 -23167
0 44 231 2 23162 -23166
0 44 232 2 -23163 23170
0 44 233 2 -23190 -23149
0 44 234 2 23163 23193
0 44 235 2 -23141 -23210
0 44 236 2 23152 23153
0 44 237 2 -23150 -23177
0 44 238 2 -23149 -23195
0 44 239 2 23212 23188
0 44 240 2 23166 -23151
0 44 241 2 23159 23181
0 44 242 2 23145 -23156
0 44 243 2 23198 -23187
0 44 244 2 -23159 23169
0 44 245 2 -23169 -23171
0 44 246 2 -23173 -23205
0 44 247 2 -23145 -23166
0 44 248 2 23144 -23168
0 44 249 2 -23208 23124
0 44 250 2 -23138 23190
0 44 251 2 23170 23170
0 44 252 2 23174 23167
0 44 253 2 23146 23179
0 44 254 2 -23180 23156
0 44 255 2 32787 44
0 45 0 2 -468 92
0 45 1 2 32758 40
0 45 2 2 23185 -23156
0 45 3 2 -23159 -23187
0 45 4 2 -23172 23160
0 45 5 2 23201 -23150
0 45 6 2 -23183 23184
0 45 7 2 -23154 23164
0 45 8 2 23177 -23182
0 45 9 2 23195 23182
0 45 10 2 23167 23196
0 45 11 2 -23168 -23206
0 45 12 2 23165 23174
0 45 13 2 23149 23188
0 45 14 2 -23178 -23193
0 45 15 2 23194 -23170
0 45 16 2 23174 -23127
0 45 17 2 23180 23181
0 45 18 2 23153 23176
0 45 19 2 23159 -23173
0 45 20 2 23178 -23143
0 45 21 2 23195 -23179
0 45 22 2 23175 -23167
0 45 23 2 23196 23141
0 45 24 2 -23184 23170
0 45 25 2 23192 -23160
0 45 26 2 -23205 23165
0 45 27 2 -23161 23170
0 45 28 2 23165 23188
0 45 29 2 23168 -23163
0 45 30 2 -23151 23166
0 45 31 2 23169 -23163
0 45 32 2 23165 23190
0 45 33 2 32766 19
0 45 34 2 23141 23178
0 45 35 2 23183 23212
0 45 36 2 23122 23164
0 45 37 2 -23192 23157
0 45 38 2 23175 23168
0 45 39 2 -23167 23150
0 45 40 2 -23150 -23198
0 45 41 2 23158 -23147
0 45 42 2 -23160 -23183
0 45 43 2 -23181 -23185
0 45 44 2 -23179 23159
0 45 45 2 23167 23155
0 45 46 2 -23194 -23152
0 45 47 2 -23186 -23205
0 45 48 2 23178 23189
0 45 49 2 23184 23179
0 45 50 2 23151 23158
0 45 51 2 23181 -23161
0 45 52 2 -23178 -23179
0 45 53 2 -23178 -23116
0 45 54 2 -23174 23122
0 45 55 2 23165 23155
0 45 56 2 23172 -23157
0 45 57 2 23144 23188
0 45 58 2 -23188 23146
0 45 59 2 -23142 -23182
0 45 60 2 -23166 -23152
0 45 61 2 -23187 23181
0 45 62 2 23154 23171
0 45 63 2 -23173 23166
0 45 64 2 -23187 23171
0 45 65 2 32764 7
0 45 66 2 -23172 -23207
0 45 67 2 -23184 -23186
0 45 68 2 23158 23202
0 45 69 2 23156 23153
0 45 70 2 -23173 23138
0 45 71 2 23150 23179
0 45 72 2 -23155 -23154
0 45 73 2 23184 23157
0 45 74 2 23185 -23181
0 45 75 2 -23165 23163
0 45 76 2 23193 -23136
0 45 77 2 23154 -23152
0 45 78 2 -23166 -23180
0 45 79 2 23166 23183
0 45 80 2 23182 -23194
0 45 81 2 23174 -23194
0 45 82 2 -23189 23161
0 45 83 2 -23131 -23182
0 45 84 2 -23150 23187
0 45 85 2 23147 23197
0 45 86 2 -23167 -23191
0 45 87 2 -23164 23156
0 45 88 2 -23196 23153
0 45 89 2 23140 23148
0 45 90 2 23203 -23134
0 45 91 2 -23154 23159
0 45 92 2 -23205 23185
0 45 93 2 23180 23143
0 45 94 2 23185 -23151
0 45 95 2 -23167 -23162
0 45 96 2 23185 -23163
0 45 97 2 32790 -1
0 45 98 2 -23187 23166
0 45 99 2 -23175 23188
0 45 100 2 23174 23156
0 45 101 2 -23159 23195
0 45 102 2 -23181 -23142
0 45 103 2 23152 23157
0 45 104 2 -23149 -23151
0 45 105 2 23178 -23157
0 45 106 2 -23161 -23153
0 45 107 2 23156 23169
0 45 108 2 -23170 -23188
0 45 109 2 -23125 -23163
0 45 110 2 -23185 -23174
0 45 111 2 23151 23175
0 45 112 2 23189 23183
0 45 113 2 15 6
0 45 114 2 -11 43
0 45 115 2 -4 -21
0 45 116 2 -30 36
0 45 117 2 27 0
0 45 118 2 -21 20
0 45 119 2 3 0
0 45 120 2 -9 23
0 45 121 2 -10 -60
0 45 122 2 -13 3
0 45 123 2 -26 -22
0 45 124 2 -14 32
0 45 125 2 -11 -8
0 45 126 2 5 15
0 45 127 2 18 8
0 45 128 2 0 26
0 45 129 2 -20 -17
0 45 130 2 23 9
0 45 131 2 24 27
0 45 132 2 20 -8
0 45 133 2 13 -8
0 45 134 2 10 -3
0 45 135 2 -29 -16
0 45 136 2 -3 35
0 45 137 2 3 -2
0 45 138 2 -3 30
0 45 139 2 -24 -1
0 45 140 2 -4 -7
0 45 141 2 -11 10
0 45 142 2 31 -8
0 45 143 2 10 13
0 45 144 2 -23158 -23207
0 45 145 2 23155 -23145
0 45 146 2 23203 -23189
0 45 147 2 -23154 -23154
0 45 148 2 -23163 23163
0 45 149 2 -23167 -23161
0 45 150 2 -23186 23162
0 45 151 2 23171 23185
0 45 152 2 -23158 -23172
0 45 153 2 -23136 -23192
0 45 154 2 -23174 23176
0 45 155 2 23141 -23182
0 45 156 2 23174 -23157
0 45 157 2 23162 23172
0 45 158 2 -23178 23161
0 45 159 2 32803 -3
0 45 160 2 -23173 -23176
0 45 161 2 -23175 23163
0 45 162 2 -23186 -23170
0 45 163 2 23198 -23161
0 45 164 2 -23161 -23200
0 45 165 2 -23156 -23219
0 45 166 2 -23172 -23155
0 45 167 2 -23147 -23155
0 45 168 2 -23195 23176
0 45 169 2 23145 -23172
0 45 170 2 23166 23171
0 45 171 2 23186 23201
0 45 172 2 23110 -23145
0 45 173 2 -23151 -23162
0 45 174 2 -23198 23171
0 45 175 2 23182 -23169
0 45 176 2 -23189 23153
0 45 177 2 -23167 -23171
0 45 178 2 23207 23166
0 45 179 2 -23191 -23167
0 45 180 2 23184 -23149
0 45 181 2 -23136 -23189
0 45 182 2 23147 23189
0 45 183 2 23147 23168
0 45 184 2 23148 -23176
0 45 185 2 23155 23154
0 45 186 2 -23183 -23179
0 45 187 2 -23128 -23189
0 45 188 2 -23159 -23159
0 45 189 2 -23164 23169
0 45 190 2 23182 23179
0 45 191 2 32781 1
0 45 192 2 -23189 -23169
0 45 193 2 -23218 23141
0 45 194 2 -23176 23158
0 45 195 2 23149 -23153
0 45 196 2 -23160 -23176
0 45 197 2 -23165 23147
0 45 198 2 23165 23175
0 45 199 2 -23185 -23156
0 45 200 2 23197 -23158
0 45 201 2 23148 -23196
0 45 202 2 -23208 23177
0 45 203 2 -23165 -23186
0 45 204 2 -23155 23162
0 45 205 2 23196 -23185
0 45 206 2 23176 23193
0 45 207 2 23214 -23174
0 45 208 2 23157 -23174
0 45 209 2 -23140 -23192
0 45 210 2 23171 -23198
0 45 211 2 23128 23199
0 45 212 2 23218 -23164
0 45 213 2 -23143 -23153
0 45 214 2 23196 -23171
0 45 215 2 23164 23155
0 45 216 2 23153 23206
0 45 217 2 -23164 23140
0 45 218 2 -23168 -23208
0 45 219 2 -23158 -23161
0 45 220 2 23184 23168
0 45 221 2 23178 23180
0 45 222 2 23163 -23131
0 45 223 2 32764 37
0 45 224 2 -23181 -23154
0 45 225 2 23179 -23149
0 45 226 2 -23177 23154
0 45 227 2 23121 23135
0 45 228 2 23166 -23153
0 45 229 2 -23180 -23164
0 45 230 2 23149 -23162
0 45 231 2 23165 23160
0 45 232 2 -23153 -23173
0 45 233 2 23203 23174
0 45 234 2 23171 -23147
0 45 235 2 -23191 23172
0 45 236 2 -23188 -23157
0 45 237 2 23168 -23130
0 45 238 2 23177 23182
0 45 239 2 -23187 -23157
0 45 240 2 -23166 23153
0 45 241 2 23156 -23165
0 45 242 2 -23168 -23170
0 45 243 2 23173 -23176
0 45 244 2 23146 -23185
0 45 245 2 23179 23177
0 45 246 2 -23201 23111
0 45 247 2 -23136 -23178
0 45 248 2 -23164 -23184
0 45 249 2 23195 -23190
0 45 250 2 -23166 23174
0 45 251 2 23178 -23180
0 45 252 2 -23196 23176
0 45 253 2 23157 23171
0 45 254 2 -23151 -23194
0 45 255 2 32747 -26
0 46 0 2 -459 88
0 46 1 2 32766 18
0 46 2 2 -23136 -23188
0 46 3 2 -23173 -23166
0 46 4 2 23173 -23159
0 46 5 2 -23170 -23178
0 46 6 2 23177 23171
0 46 7 2 -23189 -23180
0 46 8 2 -23214 23149
0 46 9 2 23179 -23149
0 46 10 2 -23186 23140
0 46 11 2 -23145 23176
0 46 12 2 -23175 -23141
0 46 13 2 -23192 23140
0 46 14 2 23138 23197
0 46 15 2 -23148 23176
0 46 16 2 -23135 23188
0 46 17 2 -23194 -23190
0 46 18 2 23140 -23181
0 46 19 2 -23168 -23164
0 46 20 2 -23194 -23141
0 46 21 2 23197 -23141
0 46 22 2 23172 -23153
0 46 23 2 -23216 23172
0 46 24 2 -23197 23112
0 46 25 2 -23147 -23190
0 46 26 2 23167 -23145
0 46 27 2 -23158 -23178
0 46 28 2 -23160 23156
0 46 29 2 -23200 23165
0 46 30 2 -23114 -23183
0 46 31 2 -23189 -23183
0 46 32 2 23149 23191
0 46 33 2 32757 -8
0 46 34 2 23183 -23194
0 46 35 2 23199 -23167
0 46 36 2 -23155 23173
0 46 37 2 -23182 23112
0 46 38 2 -23166 -23213
0 46 39 2 -23151 23170
0 46 40 2 23205 -23136
0 46 41 2 23200 -23125
0 46 42 2 23184 -23133
0 46 43 2 -23148 -23159
0 46 44 2 -23210 23171
0 46 45 2 -23169 23169
0 46 46 2 23145 -23191
0 46 47 2 23174 23187
0 46 48 2 -23167 -23207
0 46 49 2 23161 23115
0 46 50 2 23168 -23145
0 46 51 2 23138 -23158
0 46 52 2 -23176 23190
0 46 53 2 23177 23172
0 46 54 2 -23184 23161
0 46 55 2 -23206 23169
0 46 56 2 -23192 23167
0 46 57 2 23173 -23198
0 46 58 2 -23159 -23176
0 46 59 2 -23153 23150
0 46 60 2 23159 -23171
0 46 61 2 -23161 -23141
0 46 62 2 23155 -23137
0 46 63 2 -23133 -23144
0 46 64 2 -23169 -23182
0 46 65 2 32753 14
0 46 66 2 23149 23167
0 46 67 2 23206 -23164
0 46 68 2 23187 23176
0 46 69 2 -23172 23171
0 46 70 2 -23200 23187
0 46 71 2 -23158 -23168
0 46 72 2 23147 23185
0 46 73 2 23178 23167
0 46 74 2 -23159 -23178
0 46 75 2 -23183 23126
0 46 76 2 -23165 -23162
0 46 77 2 23172 -23174
0 46 78 2 -23157 23158
0 46 79 2 23177 -23146
0 46 80 2 23188 23152
0 46 81 2 23170 -23179
0 46 82 2 -23184 23176
0 46 83 2 23175 23172
0 46 84 2 23156 23173
0 46 85 2 23152 23186
0 46 86 2 23164 23170
0 46 87 2 -23124 -23183
0 46 88 2 -23193 -23207
0 46 89 2 -23163 -23140
0 46 90 2 -23132 -23159
0 46 91 2 23200 -23159
0 46 92 2 23142 -23153
0 46 93 2 23119 -23177
0 46 94 2 -23159 23188
0 46 95 2 23160 -23160
0 46 96 2 -23174 23151
0 46 97 2 32767 33
0 46 98 2 -23169 -23188
0 46 99 2 -23200 23173
0 46 100 2 23171 23171
0 46 101 2 23171 23146
0 46 102 2 23194 23193
0 46 103 2 23121 23178
0 46 104 2 -23162 -23201
0 46 105 2 -23151 -23161
0 46 106 2 -23158 23170
0 46 107 2 -23181 23168
0 46 108 2 23156 23189
0 46 109 2 -23143 23172
0 46 110 2 -23198 23193
0 46 111 2 23139 23189
0 46 112 2 23189 -23167
0 46 113 2 12 9
0 46 114 2 26 -3
0 46 115 2 4 0
0 46 116 2 18 14
0 46 117 2 -7 12
0 46 118 2 29 -9
0 46 119 2 21 6
0 46 120 2 5 -5
0 46 121 2 -35 -12
0 46 122 2 6 23
0 46 123 2 16 -12
0 46 124 2 -7 -12
0 46 125 2 14 9
0 46 126 2 48 -37
0 46 127 2 9 15
0 46 128 2 0 7
0 46 129 2 -2 33
0 46 130 2 14 12
0 46 131 2 47 39
0 46 132 2 19 -38
0 46 133 2 -15 18
0 46 134 2 -44 3
0 46 135 2 13 -10
0 46 136 2 4 -6
0 46 137 2 15 5
0 46 138 2 -9 14
0 46 139 2 5 -30
0 46 140 2 -28 2
0 46 141 2 5 7
0 46 142 2 -27 -2
0 46 143 2 -11 11
0 46 144 2 23160 23184
0 46 145 2 -23151 -23200
0 46 146 2 23135 23176
0 46 147 2 -23176 23156
0 46 148 2 -23195 23176
0 46 149 2 23163 23166
0 46 150 2 -23186 23170
0 46 151 2 23179 -23183
0 46 152 2 23179 -23148
0 46 153 2 23164 -23138
0 46 154 2 -23156 23152
0 46 155 2 -23141 23138
0 46 156 2 -23157 -23134
0 46 157 2 -23160 -23149
0 46 158 2 -23190 23134
0 46 159 2 32761 -6
0 46 160 2 -23145 -23181
0 46 161 2 -23216 23150
0 46 162 2 23228 -23163
0 46 163 2 -23140 23180
0 46 164 2 23143 23179
0 46 165 2 -23169 23140
0 46 166 2 23215 -23171
0 46 167 2 23163 23182
0 46 168 2 -23141 23175
0 46 169 2 23181 -23161
0 46 170 2 23173 -23143
0 46 171 2 23154 23150
0 46 172 2 -23156 -23131
0 46 173 2 -23141 23141
0 46 174 2 23132 23167
0 46 175 2 23163 23191
0 46 176 2 23169 -23169
0 46 177 2 23170 -23190
0 46 178 2 23148 23176
0 46 179 2 -23150 -23197
0 46 180 2 23175 -23159
0 46 181 2 -23169 23176
0 46 182 2 23209 -23185
0 46 183 2 -23171 -23182
0 46 184 2 -23193 23148
0 46 185 2 23178 -23170
0 46 186 2 -23135 -23152
0 46 187 2 23183 -23158
0 46 188 2 -23153 23187
0 46 189 2 23163 23178
0 46 190 2 -23190 -23176
0 46 191 2 32737 44
0 46 192 2 -23149 -23178
0 46 193 2 23175 23165
0 46 194 2 23171 23157
0 46 195 2 23145 -23212
0 46 196 2 23203 23192
0 46 197 2 -23201 -23176
0 46 198 2 23156 23176
0 46 199 2 -23154 -23165
0 46 200 2 -23150 23173
0 46 201 2 -23154 23124
0 46 202 2 23170 -23141
0 46 203 2 -23189 23200
0 46 204 2 23176 -23140
0 46 205 2 23116 23142
0 46 206 2 -23174 -23174
0 46 207 2 23175 -23105
0 46 208 2 -23138 -23202
0 46 209 2 23180 23188
0 46 210 2 -23177 -23171
0 46 211 2 23165 23175
0 46 212 2 -23184 23152
0 46 213 2 23176 23192
0 46 214 2 23193 -23147
0 46 215 2 -23158 -23172
0 46 216 2 -23171 23183
0 46 217 2 -23179 23184
0 46 218 2 -23191 23168
0 46 219 2 23200 -23150
0 46 220 2 23201 -23151
0 46 221 2 23142 -23167
0 46 222 2 -23169 23154
0 46 223 2 32766 21
0 46 224 2 23138 23166
0 46 225 2 -23186 23173
0 46 226 2 -23167 -23207
0 46 227 2 -23176 23147
0 46 228 2 23155 -23141
0 46 229 2 -23148 -23184
0 46 230 2 -23169 23148
0 46 231 2 -23231 23191
0 46 232 2 23174 -23147
0 46 233 2 23169 -23187
0 46 234 2 -23142 23135
0 46 235 2 23211 -23195
0 46 236 2 23147 -23190
0 46 237 2 23142 23183
0 46 238 2 -23169 -23193
0 46 239 2 -23130 -23140
0 46 240 2 23172 23140
0 46 241 2 23187 -23124
0 46 242 2 23153 23209
0 46 243 2 23159 23151
0 46 244 2 23175 -23160
0 46 245 2 -23140 -23163
0 46 246 2 -23177 -23161
0 46 247 2 -23145 23154
0 46 248 2 -23155 23181
0 46 249 2 -23159 -23173
0 46 250 2 -23133 -23217
0 46 251 2 23181 -23146
0 46 252 2 -23201 23139
0 46 253 2 23171 23163
0 46 254 2 23179 -23164
0 46 255 2 32771 -22
0 47 0 2 -492 88
0 47 1 2 32761 -13
0 47 2 2 23210 23168
0 47 3 2 23147 -23169
0 47 4 2 23158 23166
0 47 5 2 23160 -23161
0 47 6 2 23210 -23173
0 47 7 2 23226 23181
0 47 8 2 23166 -23155
0 47 9 2 -23161 23136
0 47 10 2 -23204 23127
0 47 11 2 -23176 -23172
0 47 12 2 -23153 23144
0 47 13 2 -23216 23142
0 47 14 2 23174 23173
0 47 15 2 23187 -23148
0 47 16 2 23176 -23152
0 47 17 2 -23155 -23185
0 47 18 2 23199 -23156
0 47 19 2 23168 23183
0 47 20 2 -23174 23196
0 47 21 2 23197 -23146
0 47 22 2 23180 23164
0 47 23 2 23162 -23176
0 47 24 2 -23176 -23179
0 47 25 2 -23161 23161
0 47 26 2 23151 23189
0 47 27 2 23193 23166
0 47 28 2 23165 -23157
0 47 29 2 23173 -23121
0 47 30 2 -23185 23161
0 47 31 2 23173 23195
0 47 32 2 23187 23164
0 47 33 2 32788 -6
0 47 34 2 23162 23191
0 47 35 2 -23160 23176
0 47 36 2 -23195 23133
0 47 37 2 23189 -23170
0 47 38 2 -23167 -23159
0 47 39 2 23176 -23176
0 47 40 2 23188 -23168
0 47 41 2 -23171 -23189
0 47 42 2 -23171 -23184
0 47 43 2 -23152 23171
0 47 44 2 -23142 -23145
0 47 45 2 -23206 23161
0 47 46 2 23163 23211
0 47 47 2 -23160 -23183
0 47 48 2 23140 23169
0 47 49 2 -23174 -23186
0 47 50 2 23142 23166
0 47 51 2 23170 -23173
0 47 52 2 23170 23186
0 47 53 2 23150 23162
0 47 54 2 -23164 23179
0 47 55 2 23178 -23153
0 47 56 2 -23163 -23190
0 47 57 2 23133 23174
0 47 58 2 -23181 23144
0 47 59 2 23158 23198
0 47 60 2 -23184 -23148
0 47 61 2 -23142 -23221
0 47 62 2 23200 -23165
0 47 63 2 23174 23177
0 47 64 2 -23210 23158
0 47 65 2 32770 13
0 47 66 2 23156 23171
0 47 67 2 -23156 -23198
0 47 68 2 -23150 -23203
0 47 69 2 -23165 -23169
0 47 70 2 23177 23179
0 47 71 2 -23175 -23187
0 47 72 2 23194 -23142
0 47 73 2 23130 23189
0 47 74 2 23178 -23153
0 47 75 2 -23194 23169
0 47 76 2 -23148 23128
0 47 77 2 -23187 23182
0 47 78 2 23181 23130
0 47 79 2 -23149 23161
0 47 80 2 -23174 -23161
0 47 81 2 -23143 -23144
0 47 82 2 23162 -23154
0 47 83 2 -23192 23154
0 47 84 2 -23188 -23190
0 47 85 2 -23160 -23185
0 47 86 2 23154 23173
0 47 87 2 23145 23205
0 47 88 2 23140 23178
0 47 89 2 -23162 23161
0 47 90 2 -23198 -23169
0 47 91 2 23155 -23189
0 47 92 2 23162 -23146
0 47 93 2 -23147 -23176
0 47 94 2 -23185 23148
0 47 95 2 -23164 23173
0 47 96 2 -23162 23175
0 47 97 2 32784 17
0 47 98 2 23193 -23156
0 47 99 2 23164 -23171
0 47 100 2 -23133 -23153
0 47 101 2 23169 -23154
0 47 102 2 23174 -23152
0 47 103 2 -23185 23128
0 47 104 2 -23150 -23187
0 47 105 2 23171 23167
0 47 106 2 -23191 -23180
0 47 107 2 23165 -23166
0 47 108 2 -23153 23159
0 47 109 2 23141 23180
0 47 110 2 23164 -23171
0 47 111 2 -23174 23169
0 47 112 2 -23150 -23128
0 47 113 2 0 9
0 47 114 2 5 -37
0 47 115 2 12 20
0 47 116 2 -2 9
0 47 117 2 14 16
0 47 118 2 -9 6
0 47 119 2 -4 -4
0 47 120 2 30 -14
0 47 121 2 -21 -16
0 47 122 2 10 3
0 47 123 2 -8 -11
0 47 124 2 8 -5
0 47 125 2 -1 -14
0 47 126 2 -32 2
0 47 127 2 37 -11
0 47 128 2 -12 -16
0 47 129 2 -8 3
0 47 130 2 -22 6
0 47 131 2 15 0
0 47 132 2 15 -10
0 47 133 2 -2 9
0 47 134 2 17 -6
0 47 135 2 12 8
0 47 136 2 -31 23
0 47 137 2 -5 22
0 47 138 2 3 -8
0 47 139 2 -9 18
0 47 140 2 -28 6
0 47 141 2 -37 12
0 47 142 2 -6 19
0 47 143 2 28 -20
0 47 144 2 -23136 23153
0 47 145 2 23135 23206
0 47 146 2 23169 23144
0 47 147 2 23193 -23194
0 47 148 2 23147 23165
0 47 149 2 23188 -23130
0 47 150 2 23159 -23155
0 47 151 2 23133 -23162
0 47 152 2 -23152 -23167
0 47 153 2 23159 -23186
0 47 154 2 23133 -23165
0 47 155 2 23156 23183
0 47 156 2 -23167 23125
0 47 157 2 -23164 23148
0 47 158 2 23155 23171
0 47 159 2 32753 24
0 47 160 2 -23193 -23162
0 47 161 2 -23166 -23171
0 47 162 2 -23160 -23190
0 47 163 2 -23167 23213
0 47 164 2 23152 23168
0 47 165 2 23163 23156
0 47 166 2 23174 -23161
0 47 167 2 23172 23180
0 47 168 2 -23191 23190
0 47 169 2 -23128 -23166
0 47 170 2 -23163 23189
0 47 171 2 -23123 -23209
0 47 172 2 -23167 23134
0 47 173 2 23165 -23149
0 47 174 2 -23164 23165
0 47 175 2 -23157 23169
0 47 176 2 23200 -23177
0 47 177 2 -23168 23160
0 47 178 2 -23188 23160
0 47 179 2 23215 -23162
0 47 180 2 -23193 23139
0 47 181 2 -23190 23207
0 47 182 2 -23156 23192
0 47 183 2 -23161 23167
0 47 184 2 23176 -23169
0 47 185 2 -23140 -23156
0 47 186 2 -23150 -23181
0 47 187 2 -23212 23188
0 47 188 2 23161 23185
0 47 189 2 -23176 23180
0 47 190 2 23180 23200
0 47 191 2 32743 12
0 47 192 2 -23190 23190
0 47 193 2 -23178 23148
0 47 194 2 -23179 23183
0 47 195 2 -23167 23166
0 47 196 2 -23139 -23176
0 47 197 2 23221 -23183
0 47 198 2 23171 -23149
0 47 199 2 23185 -23157
0 47 200 2 -23162 -23184
0 47 201 2 -23201 23174
0 47 202 2 -23180 -23175
0 47 203 2 -23155 -23172
0 47 204 2 -23168 -23157
0 47 205 2 -23166 -23154
0 47 206 2 23155 23182
0 47 207 2 23163 23177
0 47 208 2 -23117 -23215
0 47 209 2 23160 23189
0 47 210 2 23201 -23188
0 47 211 2 -23160 -23193
0 47 212 2 -23190 23142
0 47 213 2 -23157 23179
0 47 214 2 23153 23181
0 47 215 2 23174 -23150
0 47 216 2 23172 23186
0 47 217 2 -23174 23162
0 47 218 2 23150 23187
0 47 219 2 23145 -23136
0 47 220 2 -23159 23181
0 47 221 2 -23164 -23162
0 47 222 2 23153 23171
0 47 223 2 32757 19
0 47 224 2 23184 -23157
0 47 225 2 -23165 -23175
0 47 226 2 23162 23180
0 47 227 2 -23166 -23198
0 47 228 2 23155 23188
0 47 229 2 -23181 23161
0 47 230 2 23155 23169
0 47 231 2 -23176 23161
0 47 232 2 23200 -23151
0 47 233 2 23122 23171
0 47 234 2 -23159 -23207
0 47 235 2 23158 23154
0 47 236 2 23173 23152
0 47 237 2 23174 23190
0 47 238 2 23154 23168
0 47 239 2 -23137 23143
0 47 240 2 23181 23168
0 47 241 2 23175 -23183
0 47 242 2 -23179 23160
0 47 243 2 -23185 23139
0 47 244 2 23170 -23138
0 47 245 2 23169 -23179
0 47 246 2 23194 -23147
0 47 247 2 -23175 23192
0 47 248 2 23172 -23148
0 47 249 2 23160 23159
0 47 250 2 23146 23142
0 47 251 2 23170 -23165
0 47 252 2 -23171 -23167
0 47 253 2 -23174 -23193
0 47 254 2 -23183 -23178
0 47 255 2 32772 2
0 48 0 2 -476 94
0 48 1 2 32772 5
0 48 2 2 23162 23159
0 48 3 2 -23178 -23206
0 48 4 2 -23176 -23175
0 48 5 2 -23185 23162
0 48 6 2 23178 23185
0 48 7 2 23182 -23125
0 48 8 2 23162 23155
0 48 9 2 23175 23147
0 48 10 2 23155 23177
0 48 11 2 -23110 -23161
0 48 12 2 23171 -23216
0 48 13 2 23140 23202
0 48 14 2 -23162 -23176
0 48 15 2 23199 -23185
0 48 16 2 23159 23160
0 48 17 2 23163 -23143
0 48 18 2 23191 -23120
0 48 19 2 23157 23185
0 48 20 2 -23177 -23217
0 48 21 2 -23193 -23175
0 48 22 2 -23184 23162
0 48 23 2 23183 -23189
0 48 24 2 23170 -23164
0 48 25 2 23148 23174
0 48 26 2 -23127 -23198
0 48 27 2 -23137 -23217
0 48 28 2 -23180 23154
0 48 29 2 -23142 -23181
0 48 30 2 -23129 -23194
0 48 31 2 23144 23177
0 48 32 2 23166 23200
0 48 33 2 32766 24
0 48 34 2 23133 23187
0 48 35 2 -23174 23133
0 48 36 2 -23138 23188
0 48 37 2 -23193 -23166
0 48 38 2 23179 -23144
0 48 39 2 -23205 23182
0 48 40 2 -23178 -23137
0 48 41 2 23176 -23164
0 48 42 2 -23136 -23206
0 48 43 2 23202 -23200
0 48 44 2 23196 -23171
0 48 45 2 -23182 23162
0 48 46 2 -23171 23145
0 48 47 2 -23153 -23176
0 48 48 2 -23129 -23159
0 48 49 2 -23186 23158
0 48 50 2 23173 -23141
0 48 51 2 -23171 23160
0 48 52 2 -23165 -23178
0 48 53 2 23163 -23174
0 48 54 2 -23166 -23192
0 48 55 2 -23177 23134
0 48 56 2 -23187 23129
0 48 57 2 23136 23144
0 48 58 2 -23151 -23157
0 48 59 2 -23190 23161
0 48 60 2 -23196 23147
0 48 61 2 23154 23178
0 48 62 2 23184 -23151
0 48 63 2 23208 -23148
0 48 64 2 23185 -23137
0 48 65 2 32774 -29
0 48 66 2 -23184 -23175
0 48 67 2 23158 23171
0 48 68 2 -23167 23189
0 48 69 2 -23191 -23187
0 48 70 2 23137 23166
0 48 71 2 -23161 -23196
0 48 72 2 -23204 23168
0 48 73 2 23147 23171
0 48 74 2 23149 23157
0 48 75 2 23169 -23172
0 48 76 2 23153 23150
0 48 77 2 23127 23160
0 48 78 2 -23182 23139
0 48 79 2 23158 -23185
0 48 80 2 23207 -23135
0 48 81 2 -23153 -23194
0 48 82 2 23151 -23140
0 48 83 2 23157 23179
0 48 84 2 23191 -23160
0 48 85 2 23155 -23175
0 48 86 2 -23155 -23175
0 48 87 2 -23135 23123
0 48 88 2 -23140 -23154
0 48 89 2 -23178 -23180
0 48 90 2 23161 23204
0 48 91 2 -23188 -23184
0 48 92 2 -23138 -23182
0 48 93 2 23163 -23134
0 48 94 2 23167 -23173
0 48 95 2 -23153 23144
0 48 96 2 -23153 -23207
0 48 97 2 32778 -15
0 48 98 2 23130 23172
0 48 99 2 23162 -23157
0 48 100 2 -23179 -23182
0 48 101 2 -23191 23161
0 48 102 2 23209 -23176
0 48 103 2 -23165 23197
0 48 104 2 23141 -23188
0 48 105 2 -23189 -23175
0 48 106 2 23195 -23173
0 48 107 2 -23200 23146
0 48 108 2 -23144 -23182
0 48 109 2 -23137 23171
0 48 110 2 23159 23173
0 48 111 2 23134 -23164
0 48 112 2 -23161 -23161
0 48 113 2 0 1
0 48 114 2 -37 -5
0 48 115 2 -22 -5
0 48 116 2 -44 -9
0 48 117 2 37 14
0 48 118 2 -30 -20
0 48 119 2 -22 17
0 48 120 2 29 12
0 48 121 2 -23 -31
0 48 122 2 8 44
0 48 123 2 -17 -27
0 48 124 2 18 -4
0 48 125 2 7 12
0 48 126 2 -6 30
0 48 127 2 21 1
0 48 128 2 -3 16
0 48 129 2 -4 2
0 48 130 2 18 -23
0 48 131 2 19 42
0 48 132 2 -14 11
0 48 133 2 8 -19
0 48 134 2 27 7
0 48 135 2 8 -15
0 48 136 2 -19 9
0 48 137 2 -9 -2
0 48 138 2 16 -1
0 48 139 2 -8 -6
0 48 140 2 -14 -20
0 48 141 2 -33 -15
0 48 142 2 15 5
0 48 143 2 -33 -8
0 48 144 2 23167 23153
0 48 145 2 23148 23169
0 48 146 2 -23165 23154
0 48 147 2 -23204 23176
0 48 148 2 23144 23189
0 48 149 2 -23133 -23146
0 48 150 2 -23176 23153
0 48 151 2 -23173 23174
0 48 152 2 23173 -23158
0 48 153 2 23162 -23129
0 48 154 2 23178 23149
0 48 155 2 -23140 -23153
0 48 156 2 23127 23203
0 48 157 2 -23171 -23161
0 48 158 2 23191 23209
0 48 159 2 32765 15
0 48 160 2 -23178 -23198
0 48 161 2 23198 23191
0 48 162 2 -23154 -23167
0 48 163 2 23190 -23171
0 48 164 2 23161 -23141
0 48 165 2 23180 -23157
0 48 166 2 23168 23173
0 48 167 2 23155 -23113
0 48 168 2 -23134 -23183
0 48 169 2 23145 -23156
0 48 170 2 -23144 -23198
0 48 171 2 -23134 -23195
0 48 172 2 -23139 -23194
0 48 173 2 23167 23207
0 48 174 2 -23206 23186
0 48 175 2 23187 23157
0 48 176 2 23194 -23128
0 48 177 2 23190 -23110
0 48 178 2 -23164 -23166
0 48 179 2 23185 -23158
0 48 180 2 -23165 -23176
0 48 181 2 23176 -23191
0 48 182 2 23160 -23175
0 48 183 2 -23176 23156
0 48 184 2 23136 -23179
0 48 185 2 23162 -23186
0 48 186 2 -23157 -23172
0 48 187 2 23195 -23142
0 48 188 2 23149 23144
0 48 189 2 23143 -23192
0 48 190 2 -23178 -23205
0 48 191 2 32759 19
0 48 192 2 -23141 23178
0 48 193 2 23149 23157
0 48 194 2 -23166 23161
0 48 195 2 -23161 -23171
0 48 196 2 23153 -23148
0 48 197 2 -23208 -23182
0 48 198 2 -23171 -23167
0 48 199 2 -23153 -23183
0 48 200 2 -23150 23144
0 48 201 2 23171 -23185
0 48 202 2 23203 -23149
0 48 203 2 -23192 -23174
0 48 204 2 -23164 23157
0 48 205 2 23191 -23168
0 48 206 2 23165 -23171
0 48 207 2 23133 23167
0 48 208 2 -23141 -23158
0 48 209 2 23165 23171
0 48 210 2 23174 23197
0 48 211 2 -23142 -23166
0 48 212 2 -23174 23135
0 48 213 2 -23153 -23147
0 48 214 2 -23168 23166
0 48 215 2 23162 23185
0 48 216 2 23159 -23177
0 48 217 2 23156 23193
0 48 218 2 -23175 -23163
0 48 219 2 -23184 23170
0 48 220 2 23191 -23193
0 48 221 2 -23189 23200
0 48 222 2 -23155 23185
0 48 223 2 32798 -1
0 48 224 2 23137 -23154
0 48 225 2 -23165 23164
0 48 226 2 -23211 -23204
0 48 227 2 23144 23186
0 48 228 2 -23182 -23182
0 48 229 2 23145 23178
0 48 230 2 -23136 -23187
0 48 231 2 -23139 -23199
0 48 232 2 -23193 23174
0 48 233 2 23160 23151
0 48 234 2 23125 23182
0 48 235 2 -23178 -23188
0 48 236 2 -23149 23133
0 48 237 2 23176 -23164
0 48 238 2 -23190 23175
0 48 239 2 23178 23164
0 48 240 2 -23119 -23194
0 48 241 2 23218 -23191
0 48 242 2 23121 -23172
0 48 243 2 -23141 -23140
0 48 244 2 -23184 -23148
0 48 245 2 -23157 23163
0 48 246 2 -23180 23148
0 48 247 2 23168 -23167
0 48 248 2 -23166 -23203
0 48 249 2 -23147 -23171
0 48 250 2 23166 -23185
0 48 251 2 23187 23210
0 48 252 2 23200 -23149
0 48 253 2 23142 23134
0 48 254 2 23167 23199
0 48 255 2 32779 -16
0 49 0 2 -458 90
0 49 1 2 32774 29
0 49 2 2 -23188 23152
0 49 3 2 23167 -23169
0 49 4 2 -23118 -23132
0 49 5 2 23168 23195
0 49 6 2 23135 23176
0 49 7 2 -23110 -23171
0 49 8 2 23180 -23181
0 49 9 2 -23180 23155
0 49 10 2 -23132 -23156
0 49 11 2 -23226 23190
0 49 12 2 -23166 -23142
0 49 13 2 23175 -23148
0 49 14 2 -23141 -23195
0 49 15 2 23104 23207
0 49 16 2 23183 -23145
0 49 17 2 23174 -23174
0 49 18 2 23147 -23124
0 49 19 2 -23169 -23197
0 49 20 2 -23153 -23148
0 49 21 2 23188 -23157
0 49 22 2 -23171 -23154
0 49 23 2 23171 23177
0 49 24 2 -23174 -23193
0 49 25 2 -23171 -23160
0 49 26 2 23161 23165
0 49 27 2 -23129 23143
0 49 28 2 23201 -23166
0 49 29 2 23185 -23134
0 49 30 2 23162 -23157
0 49 31 2 23171 23208
0 49 32 2 -23158 23173
0 49 33 2 32815 -4
0 49 34 2 23195 -23152
0 49 35 2 -23190 -23179
0 49 36 2 23126 23155
0 49 37 2 23208 -23196
0 49 38 2 23169 -23158
0 49 39 2 23158 -23152
0 49 40 2 -23205 23122
0 49 41 2 -23147 23183
0 49 42 2 23181 -23133
0 49 43 2 23198 -23213
0 49 44 2 23163 23186
0 49 45 2 23150 23188
0 49 46 2 -23159 -23147
0 49 47 2 -23152 -23175
0 49 48 2 23176 -23131
0 49 49 2 23153 23167
0 49 50 2 -23162 -23174
0 49 51 2 -23162 -23161
0 49 52 2 -23189 -23148
0 49 53 2 -23191 -23154
0 49 54 2 -23139 23140
0 49 55 2 23139 23201
0 49 56 2 -23155 -23164
0 49 57 2 -23135 -23167
0 49 58 2 -23191 23195
0 49 59 2 23168 23206
0 49 60 2 23149 -23176
0 49 61 2 -23179 -23184
0 49 62 2 -23181 23166
0 49 63 2 -23168 -23198
0 49 64 2 23176 23172
0 49 65 2 32821 27
0 49 66 2 -23147 -23166
0 49 67 2 23161 23200
0 49 68 2 -23177 23185
0 49 69 2 -23158 23169
0 49 70 2 -23173 -23180
0 49 71 2 -23144 -23186
0 49 72 2 -23157 -23207
0 49 73 2 23148 23168
0 49 74 2 -23212 23151
0 49 75 2 23178 23164
0 49 76 2 -23122 -23206
0 49 77 2 23139 23212
0 49 78 2 23162 -23145
0 49 79 2 -23138 23135
0 49 80 2 -23157 -23160
0 49 81 2 23191 23186
0 49 82 2 -23212 23142
0 49 83 2 -23144 23126
0 49 84 2 23198 -23166
0 49 85 2 -23199 23152
0 49 86 2 -23149 -23181
0 49 87 2 -23189 -23188
0 49 88 2 23117 -23163
0 49 89 2 -23139 -23185
0 49 90 2 23170 23162
0 49 91 2 23158 23210
0 49 92 2 -23164 23169
0 49 93 2 23160 23219
0 49 94 2 -23128 -23178
0 49 95 2 23162 -23179
0 49 96 2 23145 23170
0 49 97 2 32747 20
0 49 98 2 -23172 23133
0 49 99 2 23163 23186
0 49 100 2 -23187 23172
0 49 101 2 23126 23156
0 49 102 2 23159 23188
0 49 103 2 -23175 -23186
0 49 104 2 23158 -23183
0 49 105 2 23169 23194
0 49 106 2 -23201 23152
0 49 107 2 -23196 23152
0 49 108 2 23171 23206
0 49 109 2 23144 23166
0 49 110 2 -23179 23169
0 49 111 2 -23179 23163
0 49 112 2 23175 -23190
0 49 113 2 -7 -4
0 49 114 2 1 51
0 49 115 2 3 14
0 49 116 2 13 2
0 49 117 2 -19 19
0 49 118 2 -11 -21
0 49 119 2 -1 4
0 49 120 2 4 -34
0 49 121 2 37 16
0 49 122 2 12 0
0 49 123 2 -18 -4
0 49 124 2 -17 -3
0 49 125 2 -39 15
0 49 126 2 -14 0
0 49 127 2 49 56
0 49 128 2 -21 49
0 49 129 2 -22 0
0 49 130 2 -1 -37
0 49 131 2 20 -15
0 49 132 2 13 -13
0 49 133 2 11 34
0 49 134 2 29 7
0 49 135 2 0 11
0 49 136 2 14 23
0 49 137 2 23 -5
0 49 138 2 -2 10
0 49 139 2 18 -21
0 49 140 2 1 1
0 49 141 2 12 16
0 49 142 2 -2 -17
0 49 143 2 18 5
0 49 144 2 23138 23194
0 49 145 2 23179 23182
0 49 146 2 -23176 -23169
0 49 147 2 23204 23171
0 49 148 2 23150 -23148
0 49 149 2 23160 23198
0 49 150 2 23144 23177
0 49 151 2 23168 -23152
0 49 152 2 23161 -23152
0 49 153 2 23156 23157
0 49 154 2 -23164 -23192
0 49 155 2 23167 23183
0 49 156 2 -23156 23130
0 49 157 2 23146 23167
0 49 158 2 23197 23155
0 49 159 2 32762 45
0 49 160 2 -23181 23178
0 49 161 2 -23163 23115
0 49 162 2 -23142 -23184
0 49 163 2 23120 23175
0 49 164 2 23149 23180
0 49 165 2 23159 23180
0 49 166 2 -23197 23129
0 49 167 2 -23182 -23185
0 49 168 2 -23164 -23199
0 49 169 2 -23182 23174
0 49 170 2 -23178 -23165
0 49 171 2 -23176 23186
0 49 172 2 -23169 -23204
0 49 173 2 23187 -23182
0 49 174 2 -23187 23181
0 49 175 2 -23190 -23161
0 49 176 2 23123 23191
0 49 177 2 23183 -23185
0 49 178 2 23162 23186
0 49 179 2 23156 -23123
0 49 180 2 23137 23190
0 49 181 2 23150 -23178
0 49 182 2 -23159 -23182
0 49 183 2 23153 -23165
0 49 184 2 -23179 23186
0 49 185 2 23158 23193
0 49 186 2 23175 23183
0 49 187 2 -23167 23151
0 49 188 2 23135 -23145
0 49 189 2 23168 23164
0 49 190 2 -23181 -23160
0 49 191 2 32765 -12
0 49 192 2 23188 23188
0 49 193 2 -23221 23146
0 49 194 2 -23152 23145
0 49 195 2 -23176 -23212
0 49 196 2 -23162 -23164
0 49 197 2 23196 -23119
0 49 198 2 -23181 23188
0 49 199 2 -23186 -23178
0 49 200 2 -23169 -23168
0 49 201 2 23169 23183
0 49 202 2 -23179 23156
0 49 203 2 -23202 23141
0 49 204 2 23189 23200
0 49 205 2 23187 23178
0 49 206 2 -23149 -23157
0 49 207 2 23140 23163
0 49 208 2 23143 -23148
0 49 209 2 23182 23173
0 49 210 2 -23180 23172
0 49 211 2 -23153 -23182
0 49 212 2 23158 -23163
0 49 213 2 23179 -23144
0 49 214 2 23167 -23177
0 49 215 2 -23148 23141
0 49 216 2 -23179 23154
0 49 217 2 23131 23195
0 49 218 2 -23146 -23203
0 49 219 2 23171 23155
0 49 220 2 23137 23182
0 49 221 2 23166 23165
0 49 222 2 23195 23187
0 49 223 2 32760 14
0 49 224 2 23134 -23158
0 49 225 2 -23187 23152
0 49 226 2 23178 -23160
0 49 227 2 23133 23176
0 49 228 2 -23192 -23184
0 49 229 2 23174 23159
0 49 230 2 -23154 -23189
0 49 231 2 23172 23165
0 49 232 2 23159 23193
0 49 233 2 23193 -23152
0 49 234 2 -23137 -23195
0 49 235 2 -23170 23132
0 49 236 2 -23158 -23217
0 49 237 2 -23144 23163
0 49 238 2 -23168 -23162
0 49 239 2 -23140 -23190
0 49 240 2 -23159 -23169
0 49 241 2 23159 -23207
0 49 242 2 23164 -23179
0 49 243 2 -23191 23202
0 49 244 2 -23181 -23175
0 49 245 2 -23184 23179
0 49 246 2 23168 -23182
0 49 247 2 -23178 23162
0 49 248 2 -23131 -23183
0 49 249 2 -23196 23162
0 49 250 2 -23181 -23200
0 49 251 2 23188 -23184
0 49 252 2 23189 -23166
0 49 253 2 -23155 -23171
0 49 254 2 23163 23176
0 49 255 2 32754 22
0 50 0 2 -444 120
0 50 1 2 32756 -52
0 50 2 2 -23156 23179
0 50 3 2 23169 -23158
0 50 4 2 23187 23157
0 50 5 2 23168 -23140
0 50 6 2 23155 -23165
0 50 7 2 23166 23160
0 50 8 2 23166 -23139
0 50 9 2 -23151 23161
0 50 10 2 23187 -23156
0 50 11 2 -23212 23153
0 50 12 2 23129 -23148
0 50 13 2 -23166 -23183
0 50 14 2 23154 23161
0 50 15 2 -23176 23165
0 50 16 2 -23140 -23168
0 50 17 2 23169 23171
0 50 18 2 23157 23138
0 50 19 2 -23189 -23188
0 50 20 2 23166 -23142
0 50 21 2 -23151 -23167
0 50 22 2 23182 23174
0 50 23 2 23169 23200
0 50 24 2 -23171 23142
0 50 25 2 23179 23173
0 50 26 2 23169 -23174
0 50 27 2 23149 23155
0 50 28 2 23159 23159
0 50 29 2 -23212 23183
0 50 30 2 -23191 23158
0 50 31 2 -23176 -23166
0 50 32 2 -23162 23162
0 50 33 2 32772 -2
0 50 34 2 23175 -23168
0 50 35 2 23164 -23135
0 50 36 2 -23206 -23156
0 50 37 2 -23159 -23199
0 50 38 2 23165 -23168
0 50 39 2 -23174 23164
0 50 40 2 23185 -23196
0 50 41 2 -23137 -23161
0 50 42 2 -23213 -23168
0 50 43 2 23158 -23153
0 50 44 2 23147 -23135
0 50 45 2 23162 -23158
0 50 46 2 -23158 23141
0 50 47 2 23163 23205
0 50 48 2 -23156 23153
0 50 49 2 23156 -23162
0 50 50 2 23153 -23163
0 50 51 2 -23166 -23180
0 50 52 2 23171 -23167
0 50 53 2 -23171 23183
0 50 54 2 23166 -23164
0 50 55 2 -23138 -23169
0 50 56 2 -23147 -23152
0 50 57 2 23187 -23180
0 50 58 2 -23151 -23165
0 50 59 2 23186 23172
0 50 60 2 23171 23190
0 50 61 2 23181 -23158
0 50 62 2 23153 -23164
0 50 63 2 23197 -23179
0 50 64 2 23184 -23198
0 50 65 2 32735 8
0 50 66 2 -23211 23157
0 50 67 2 23186 -23155
0 50 68 2 23194 -23189
0 50 69 2 -23197 23149
0 50 70 2 23161 -23181
0 50 71 2 -23174 -23161
0 50 72 2 23144 -23150
0 50 73 2 23148 23169
0 50 74 2 -23160 -23149
0 50 75 2 23156 23165
0 50 76 2 23157 -23162
0 50 77 2 -23139 23176
0 50 78 2 -23204 23132
0 50 79 2 -23142 -23187
0 50 80 2 23183 -23175
0 50 81 2 -23158 -23146
0 50 82 2 -23163 -23181
0 50 83 2 23154 -23144
0 50 84 2 23154 23154
0 50 85 2 23180 -23142
0 50 86 2 23205 -23162
0 50 87 2 23196 -23186
0 50 88 2 -23186 23132
0 50 89 2 -23185 -23164
0 50 90 2 23156 -23190
0 50 91 2 -23153 -23177
0 50 92 2 23199 -23145
0 50 93 2 -23176 -23161
0 50 94 2 -23182 23127
0 50 95 2 -23182 -23171
0 50 96 2 23140 -23128
0 50 97 2 32772 22
0 50 98 2 23172 -23154
0 50 99 2 23149 -23128
0 50 100 2 23163 23179
0 50 101 2 -23197 -23185
0 50 102 2 -23135 -23191
0 50 103 2 -23150 -23173
0 50 104 2 23182 -23181
0 50 105 2 -23168 23159
0 50 106 2 23209 -23168
0 50 107 2 -23164 23177
0 50 108 2 23178 23177
0 50 109 2 -23200 23149
0 50 110 2 23205 -23159
0 50 111 2 -23158 -23180
0 50 112 2 -23141 -23166
0 50 113 2 -7 23
0 50 114 2 52 -10
0 50 115 2 -3 0
0 50 116 2 -28 31
0 50 117 2 -34 -1
0 50 118 2 -7 -3
0 50 119 2 1 -24
0 50 120 2 -10 7
0 50 121 2 4 21
0 50 122 2 4 -5
0 50 123 2 -18 -14
0 50 124 2 78 -1
0 50 125 2 -17 2
0 50 126 2 29 5
0 50 127 2 33 -19
0 50 128 2 13 18
0 50 129 2 -1 -3
0 50 130 2 -14 -7
0 50 131 2 -12 17
0 50 132 2 -13 8
0 50 133 2 43 -18
0 50 134 2 22 7
0 50 135 2 -14 0
0 50 136 2 -12 -1
0 50 137 2 -1 -6
0 50 138 2 7 7
0 50 139 2 17 14
0 50 140 2 9 -37
0 50 141 2 -6 43
0 50 142 2 -13 -14
0 50 143 2 11 9
0 50 144 2 23105 23173
0 50 145 2 23160 23191
0 50 146 2 23167 -23154
0 50 147 2 23178 23149
0 50 148 2 -23140 -23176
0 50 149 2 23154 23190
0 50 150 2 23159 23190
0 50 151 2 -23163 -23179
0 50 152 2 -23173 23158
0 50 153 2 -23151 23143
0 50 154 2 -23129 23158
0 50 155 2 -23137 23168
0 50 156 2 23164 23179
0 50 157 2 23161 23191
0 50 158 2 23134 23181
0 50 159 2 32780 -8
0 50 160 2 23156 23159
0 50 161 2 -23154 -23164
0 50 162 2 -23143 -23177
0 50 163 2 23135 23180
0 50 164 2 -23135 -23201
0 50 165 2 23148 23142
0 50 166 2 23182 23171
0 50 167 2 23175 -23171
0 50 168 2 -23200 23130
0 50 169 2 23148 23132
0 50 170 2 23147 23170
0 50 171 2 23160 -23173
0 50 172 2 -23167 23150
0 50 173 2 23154 23165
0 50 174 2 23150 23162
0 50 175 2 -23141 -23184
0 50 176 2 23185 23160
0 50 177 2 23200 -23170
0 50 178 2 23134 23168
0 50 179 2 23167 23162
0 50 180 2 23200 -23145
0 50 181 2 -23167 -23181
0 50 182 2 23189 -23169
0 50 183 2 23142 23147
0 50 184 2 23158 23127
0 50 185 2 23156 -23171
0 50 186 2 -23168 23140
0 50 187 2 -23174 -23146
0 50 188 2 23169 -23177
0 50 189 2 -23161 23169
0 50 190 2 -23195 23165
0 50 191 2 32784 36
0 50 192 2 23198 -23180
0 50 193 2 23170 23132
0 50 194 2 23171 -23129
0 50 195 2 -23144 -23174
0 50 196 2 -23185 -23169
0 50 197 2 23155 23188
0 50 198 2 -23179 -23189
0 50 199 2 23201 23194
0 50 200 2 23199 -23141
0 50 201 2 -23152 -23186
0 50 202 2 23178 -23172
0 50 203 2 -23176 23138
0 50 204 2 23165 -23153
0 50 205 2 -23177 -23161
0 50 206 2 -23158 23171
0 50 207 2 -23164 23180
0 50 208 2 -23172 -23205
0 50 209 2 23133 -23167
0 50 210 2 -23158 -23160
0 50 211 2 -23207 23215
0 50 212 2 -23154 -23141
0 50 213 2 -23163 -23166
0 50 214 2 23164 23172
0 50 215 2 -23178 23147
0 50 216 2 -23146 -23144
0 50 217 2 -23146 -23187
0 50 218 2 23191 23185
0 50 219 2 -23152 23157
0 50 220 2 23173 23158
0 50 221 2 23156 23153
0 50 222 2 23170 23190
0 50 223 2 32762 -35
0 50 224 2 23177 -23185
0 50 225 2 -23193 -23190
0 50 226 2 23181 -23185
0 50 227 2 -23129 -23172
0 50 228 2 -23147 -23174
0 50 229 2 -23190 23174
0 50 230 2 23136 23182
0 50 231 2 23183 -23154
0 50 232 2 23182 -23150
0 50 233 2 23162 23136
0 50 234 2 23157 23171
0 50 235 2 -23171 23198
0 50 236 2 -23149 -23182
0 50 237 2 -23162 -23169
0 50 238 2 23175 23189
0 50 239 2 -23144 -23166
0 50 240 2 -23175 23156
0 50 241 2 23126 23153
0 50 242 2 23179 -23151
0 50 243 2 -23193 -23155
0 50 244 2 23190 -23162
0 50 245 2 23158 -23138
0 50 246 2 23163 23174
0 50 247 2 23160 -23156
0 50 248 2 -23201 23192
0 50 249 2 -23159 23149
0 50 250 2 -23115 -23163
0 50 251 2 -23123 23158
0 50 252 2 23172 23143
0 50 253 2 23136 23175
0 50 254 2 -23154 -23181
0 50 255 2 32740 -7
0 51 0 2 -465 56
0 51 1 2 32738 29
0 51 2 2 -23170 23166
0 51 3 2 23147 23191
0 51 4 2 -23146 23176
0 51 5 2 -23177 -23172
0 51 6 2 23170 -23187
0 51 7 2 23172 -23152
0 51 8 2 -23137 -23189
0 51 9 2 23162 23165
0 51 10 2 -23204 23189
0 51 11 2 -23169 23160
0 51 12 2 23182 23218
0 51 13 2 -23173 23167
0 51 14 2 23161 -23152
0 51 15 2 -23188 23148
0 51 16 2 23149 23171
0 51 17 2 -23134 23171
0 51 18 2 -23192 23159
0 51 19 2 -23169 -23184
0 51 20 2 23158 -23148
0 51 21 2 23182 -23180
0 51 22 2 -23134 23151
0 51 23 2 -23172 -23178
0 51 24 2 23186 -23164
0 51 25 2 23152 23173
0 51 26 2 -23168 -23156
0 51 27 2 23199 -23192
0 51 28 2 -23203 23174
0 51 29 2 23122 23165
0 51 30 2 -23147 23165
0 51 31 2 23162 -23157
0 51 32 2 23173 -23152
0 51 33 2 32744 -37
0 51 34 2 23162 -23166
0 51 35 2 23163 23148
0 51 36 2 -23179 23191
0 51 37 2 -23167 -23150
0 51 38 2 -23167 23180
0 51 39 2 23178 -23135
0 51 40 2 -23167 -23167
0 51 41 2 23171 23188
0 51 42 2 23173 23167
0 51 43 2 -23158 -23164
0 51 44 2 -23193 -23152
0 51 45 2 -23157 -23190
0 51 46 2 -23174 -23180
0 51 47 2 23178 23225
0 51 48 2 -23169 -23203
0 51 49 2 -23186 23157
0 51 50 2 -23217 23183
0 51 51 2 23202 -23135
0 51 52 2 -23158 23169
0 51 53 2 23179 -23168
0 51 54 2 -23196 23175
0 51 55 2 23179 23187
0 51 56 2 -23155 -23164
0 51 57 2 23195 -23208
0 51 58 2 23130 23153
0 51 59 2 -23158 -23222
0 51 60 2 23155 23173
0 51 61 2 -23142 -23187
0 51 62 2 -23152 -23165
0 51 63 2 23186 -23162
0 51 64 2 23194 -23150
0 51 65 2 32735 -16
0 51 66 2 23182 23148
0 51 67 2 -23169 -23183
0 51 68 2 23162 23178
0 51 69 2 23173 23165
0 51 70 2 23154 23165
0 51 71 2 -23182 -23174
0 51 72 2 -23156 -23174
0 51 73 2 23185 -23211
0 51 74 2 -23213 23175
0 51 75 2 23191 -23154
0 51 76 2 23180 23188
0 51 77 2 23209 -23170
0 51 78 2 23172 -23165
0 51 79 2 23170 -23161
0 51 80 2 -23158 -23173
0 51 81 2 23138 -23134
0 51 82 2 -23163 23173
0 51 83 2 -23184 -23188
0 51 84 2 23160 23180
0 51 85 2 -23196 23137
0 51 86 2 23194 -23165
0 51 87 2 -23170 -23204
0 51 88 2 -23168 -23173
0 51 89 2 23191 -23171
0 51 90 2 -23186 23171
0 51 91 2 23165 23216
0 51 92 2 -23164 23186
0 51 93 2 23179 23168
0 51 94 2 -23189 23183
0 51 95 2 23218 23153
0 51 96 2 -23184 23164
0 51 97 2 32794 -15
0 51 98 2 -23158 -23157
0 51 99 2 -23174 23169
0 51 100 2 23191 -23166
0 51 101 2 -23139 -23166
0 51 102 2 -23141 -23183
0 51 103 2 -23189 23143
0 51 104 2 -23147 -23223
0 51 105 2 23170 -23155
0 51 106 2 -23142 -23169
0 51 107 2 23176 23179
0 51 108 2 23180 -23134
0 51 109 2 23178 -23140
0 51 110 2 -23138 -23173
0 51 111 2 23175 23191
0 51 112 2 23166 -23186
0 51 113 2 27 -6
0 51 114 2 2 1
0 51 115 2 3 -26
0 51 116 2 25 -20
0 51 117 2 5 42
0 51 118 2 -8 19
0 51 119 2 24 14
0 51 120 2 -13 -23
0 51 121 2 4 -28
0 51 122 2 24 -14
0 51 123 2 1 -3
0 51 124 2 -4 -15
0 51 125 2 -3 -1
0 51 126 2 32 40
0 51 127 2 -6 -6
0 51 128 2 18 -6
0 51 129 2 -19 16
0 51 130 2 -7 48
0 51 131 2 10 12
0 51 132 2 21 20
0 51 133 2 9 19
0 51 134 2 -5 -8
0 51 135 2 -23 12
0 51 136 2 4 -26
0 51 137 2 6 -35
0 51 138 2 4 4
0 51 139 2 -3 23
0 51 140 2 3 -31
0 51 141 2 0 32
0 51 142 2 14 16
0 51 143 2 0 7
0 51 144 2 23171 -23157
0 51 145 2 -23199 23176
0 51 146 2 -23156 -23150
0 51 147 2 23151 -23147
0 51 148 2 23160 23146
0 51 149 2 -23173 23151
0 51 150 2 -23139 -23156
0 51 151 2 -23181 -23202
0 51 152 2 23170 23162
0 51 153 2 -23173 -23158
0 51 154 2 23198 -23169
0 51 155 2 23163 23205
0 51 156 2 -23165 -23179
0 51 157 2 -23177 23137
0 51 158 2 -23174 23164
0 51 159 2 32774 1
0 51 160 2 -23177 -23171
0 51 161 2 -23209 23136
0 51 162 2 -23167 23160
0 51 163 2 23177 23178
0 51 164 2 23134 -23169
0 51 165 2 23149 23201
0 51 166 2 23153 23167
0 51 167 2 23191 -23185
0 51 168 2 -23135 -23187
0 51 169 2 23161 23214
0 51 170 2 23153 23212
0 51 171 2 -23180 -23178
0 51 172 2 -23186 23153
0 51 173 2 23183 23179
0 51 174 2 -23152 -23175
0 51 175 2 23127 23194
0 51 176 2 23160 23139
0 51 177 2 -23171 -23195
0 51 178 2 -23176 23124
0 51 179 2 23154 -23151
0 51 180 2 23169 23179
0 51 181 2 -23170 23176
0 51 182 2 23165 -23138
0 51 183 2 23169 23172
0 51 184 2 -23176 -23155
0 51 185 2 -23173 23177
0 51 186 2 23202 -23156
0 51 187 2 -23185 23149
0 51 188 2 -23166 -23179
0 51 189 2 23159 23158
0 51 190 2 23157 23231
0 51 191 2 32763 18
0 51 192 2 -23200 23165
0 51 193 2 23140 23168
0 51 194 2 -23142 23183
0 51 195 2 23131 -23168
0 51 196 2 -23165 -23196
0 51 197 2 23160 23164
0 51 198 2 -23152 23179
0 51 199 2 23185 23198
0 51 200 2 -23168 23172
0 51 201 2 23172 23177
0 51 202 2 23123 23163
0 51 203 2 23176 23179
0 51 204 2 23144 23167
0 51 205 2 -23146 23168
0 51 206 2 23171 -23207
0 51 207 2 -23162 23189
0 51 208 2 -23221 23128
0 51 209 2 -23165 23140
0 51 210 2 -23151 -23188
0 51 211 2 -23187 -23192
0 51 212 2 -23171 -23166
0 51 213 2 -23135 -23187
0 51 214 2 -23161 23189
0 51 215 2 23197 -23177
0 51 216 2 23168 23174
0 51 217 2 -23149 23169
0 51 218 2 -23187 -23195
0 51 219 2 23181 23172
0 51 220 2 -23149 -23199
0 51 221 2 23185 -23172
0 51 222 2 23171 23196
0 51 223 2 32753 13
0 51 224 2 -23183 23159
0 51 225 2 -23191 23182
0 51 226 2 -23185 23215
0 51 227 2 -23169 -23193
0 51 228 2 -23174 -23181
0 51 229 2 -23170 -23196
0 51 230 2 23182 -23157
0 51 231 2 23169 23182
0 51 232 2 23173 23212
0 51 233 2 -23144 -23189
0 51 234 2 23173 -23189
0 51 235 2 -23145 -23190
0 51 236 2 -23141 -23161
0 51 237 2 23185 -23166
0 51 238 2 -23161 -23148
0 51 239 2 23201 -23182
0 51 240 2 -23184 23170
0 51 241 2 -23188 -23195
0 51 242 2 -23155 -23138
0 51 243 2 23138 23156
0 51 244 2 -23158 -23147
0 51 245 2 23164 -23169
0 51 246 2 23172 -23154
0 51 247 2 23180 -23172
0 51 248 2 23180 -23192
0 51 249 2 23163 23203
0 51 250 2 23173 -23150
0 51 251 2 23187 -23141
0 51 252 2 -23175 23174
0 51 253 2 23162 23179
0 51 254 2 -23188 23149
0 51 255 2 32800 -1
0 52 0 2 -467 75
0 52 1 2 32802 12
0 52 2 2 23219 -23123
0 52 3 2 23168 -23139
0 52 4 2 23159 23182
0 52 5 2 -23194 23160
0 52 6 2 23187 -23145
0 52 7 2 -23133 -23140
0 52 8 2 -23125 -23165
0 52 9 2 23138 23194
0 52 10 2 23179 -23157
0 52 11 2 -23145 -23172
0 52 12 2 23185 -23141
0 52 13 2 23154 23171
0 52 14 2 -23140 -23163
0 52 15 2 -23157 23145
0 52 16 2 23123 23178
0 52 17 2 23177 -23168
0 52 18 2 23153 -23168
0 52 19 2 23153 23190
0 52 20 2 -23145 23135
0 52 21 2 23173 -23142
0 52 22 2 -23111 -23154
0 52 23 2 -23156 23139
0 52 24 2 -23189 23122
0 52 25 2 23166 23167
0 52 26 2 23176 -23130
0 52 27 2 -23178 23200
0 52 28 2 23171 23185
0 52 29 2 -23152 -23193
0 52 30 2 -23143 -23178
0 52 31 2 -23159 23174
0 52 32 2 23159 -23151
0 52 33 2 32759 11
0 52 34 2 -23168 -23158
0 52 35 2 -23143 -23141
0 52 36 2 -23168 23150
0 52 37 2 -23167 23134
0 52 38 2 23146 -23186
0 52 39 2 -23173 -23168
0 52 40 2 23208 23185
0 52 41 2 -23150 -23210
0 52 42 2 23195 23163
0 52 43 2 -23182 23171
0 52 44 2 -23160 23171
0 52 45 2 -23164 -23169
0 52 46 2 23117 23174
0 52 47 2 23202 -23152
0 52 48 2 -23181 23179
0 52 49 2 -23136 -23182
0 52 50 2 -23152 -23177
0 52 51 2 23182 23135
0 52 52 2 23158 23180
0 52 53 2 -23166 23121
0 52 54 2 -23183 23138
0 52 55 2 -23172 23167
0 52 56 2 -23178 23137
0 52 57 2 23175 -23147
0 52 58 2 23139 -23139
0 52 59 2 23172 -23147
0 52 60 2 -23141 -23165
0 52 61 2 -23143 -23173
0 52 62 2 -23159 23156
0 52 63 2 -23183 -23153
0 52 64 2 -23164 -23176
0 52 65 2 32748 2
0 52 66 2 23175 23216
0 52 67 2 23168 -23133
0 52 68 2 -23163 23175
0 52 69 2 23181 23158
0 52 70 2 -23188 -23179
0 52 71 2 -23211 23178
0 52 72 2 23180 -23156
0 52 73 2 -23178 23123
0 52 74 2 -23158 23185
0 52 75 2 23211 -23153
0 52 76 2 -23152 -23174
0 52 77 2 23180 -23148
0 52 78 2 23146 23156
0 52 79 2 23195 -23154
0 52 80 2 -23186 -23218
0 52 81 2 -23152 -23190
0 52 82 2 -23166 -23160
0 52 83 2 -23112 -23199
0 52 84 2 23165 -23165
0 52 85 2 -23157 -23160
0 52 86 2 -23154 23155
0 52 87 2 -23167 -23168
0 52 88 2 23145 23178
0 52 89 2 23160 -23181
0 52 90 2 23177 -23151
0 52 91 2 23141 23178
0 52 92 2 23144 23171
0 52 93 2 -23166 -23171
0 52 94 2 23188 -23166
0 52 95 2 23168 -23166
0 52 96 2 -23174 -23179
0 52 97 2 32771 16
0 52 98 2 23156 23164
0 52 99 2 -23161 -23171
0 52 100 2 23165 23156
0 52 101 2 -23159 -23174
0 52 102 2 23176 23187
0 52 103 2 -23170 23154
0 52 104 2 23161 23146
0 52 105 2 -23147 -23175
0 52 106 2 23147 23170
0 52 107 2 23160 -23176
0 52 108 2 -23171 23198
0 52 109 2 -23198 -23175
0 52 110 2 23190 -23147
0 52 111 2 23192 -23146
0 52 112 2 23187 -23184
0 52 113 2 -42 37
0 52 114 2 2 25
0 52 115 2 -5 20
0 52 116 2 -6 -4
0 52 117 2 10 -49
0 52 118 2 -2 -22
0 52 119 2 2 0
0 52 120 2 46 14
0 52 121 2 -20 24
0 52 122 2 -3 4
0 52 123 2 -22 12
0 52 124 2 12 -7
0 52 125 2 -3 21
0 52 126 2 16 -35
0 52 127 2 -21 -3
0 52 128 2 3 -12
0 52 129 2 -17 -6
0 52 130 2 -4 -7
0 52 131 2 22 11
0 52 132 2 -22 -5
0 52 133 2 -17 -13
0 52 134 2 -4 1
0 52 135 2 23 8
0 52 136 2 -11 3
0 52 137 2 5 15
0 52 138 2 -24 14
0 52 139 2 0 13
0 52 140 2 0 9
0 52 141 2 -35 -18
0 52 142 2 14 26
0 52 143 2 -21 44
0 52 144 2 23170 -23187
0 52 145 2 23170 23156
0 52 146 2 -23119 -23193
0 52 147 2 23158 23181
0 52 148 2 -23181 23132
0 52 149 2 23165 -23195
0 52 150 2 -23179 23171
0 52 151 2 -23129 -23160
0 52 152 2 23163 23150
0 52 153 2 23174 -23132
0 52 154 2 23177 -23150
0 52 155 2 23164 23175
0 52 156 2 -23180 23139
0 52 157 2 -23174 23205
0 52 158 2 23178 -23116
0 52 159 2 32767 11
0 52 160 2 23186 -23144
0 52 161 2 -23192 -23183
0 52 162 2 23172 -23144
0 52 163 2 23172 -23176
0 52 164 2 23176 -23142
0 52 165 2 23158 23154
0 52 166 2 23160 23197
0 52 167 2 -23155 23140
0 52 168 2 23154 23161
0 52 169 2 -23128 -23183
0 52 170 2 -23201 23138
0 52 171 2 23147 23185
0 52 172 2 23199 -23171
0 52 173 2 23122 23195
0 52 174 2 23195 23164
0 52 175 2 -23203 23136
0 52 176 2 -23156 -23174
0 52 177 2 23135 -23181
0 52 178 2 -23154 -23187
0 52 179 2 23191 -23198
0 52 180 2 -23187 -23154
0 52 181 2 -23172 23160
0 52 182 2 23169 -23149
0 52 183 2 -23152 -23187
0 52 184 2 23150 23197
0 52 185 2 23160 23179
0 52 186 2 -23165 23171
0 52 187 2 23176 -23152
0 52 188 2 -23182 -23155
0 52 189 2 -23188 23145
0 52 190 2 -23178 23156
0 52 191 2 32722 -11
0 52 192 2 -23156 -23174
0 52 193 2 23205 -23152
0 52 194 2 -23194 23184
0 52 195 2 -23151 -23171
0 52 196 2 -23167 23149
0 52 197 2 23152 23185
0 52 198 2 23146 23191
0 52 199 2 -23119 -23189
0 52 200 2 -23172 -23183
0 52 201 2 23157 23178
0 52 202 2 23152 -23178
0 52 203 2 23183 -23171
0 52 204 2 -23171 23161
0 52 205 2 23228 -23155
0 52 206 2 -23146 -23167
0 52 207 2 23150 -23147
0 52 208 2 -23171 23178
0 52 209 2 23155 23169
0 52 210 2 -23175 23173
0 52 211 2 -23173 -23186
0 52 212 2 -23177 -23159
0 52 213 2 -23186 23165
0 52 214 2 23183 -23136
0 52 215 2 23148 23204
0 52 216 2 -23164 23164
0 52 217 2 -23135 -23191
0 52 218 2 23188 23202
0 52 219 2 23144 -23155
0 52 220 2 -23138 -23153
0 52 221 2 -23187 23166
0 52 222 2 23162 23211
0 52 223 2 32742 14
0 52 224 2 -23195 23163
0 52 225 2 -23167 -23193
0 52 226 2 23172 -23168
0 52 227 2 23178 23191
0 52 228 2 23131 23174
0 52 229 2 -23158 23179
0 52 230 2 -23156 23150
0 52 231 2 23165 -23189
0 52 232 2 23165 23185
0 52 233 2 23182 -23163
0 52 234 2 23154 23156
0 52 235 2 -23169 -23208
0 52 236 2 -23159 23143
0 52 237 2 -23172 -23217
0 52 238 2 23168 23158
0 52 239 2 -23167 23153
0 52 240 2 23221 -23165
0 52 241 2 -23179 -23197
0 52 242 2 -23191 23184
0 52 243 2 -23173 -23164
0 52 244 2 23165 23170
0 52 245 2 23194 -23119
0 52 246 2 23190 -23168
0 52 247 2 23147 23179
0 52 248 2 -23212 23186
0 52 249 2 -23172 23176
0 52 250 2 23180 23159
0 52 251 2 -23168 -23164
0 52 252 2 23201 -23179
0 52 253 2 23154 23193
0 52 254 2 23176 23183
0 52 255 2 32716 42
0 53 0 2 -473 74
0 53 1 2 32771 7
0 53 2 2 -23126 -23164
0 53 3 2 -23178 -23178
0 53 4 2 23135 23185
0 53 5 2 23170 23174
0 53 6 2 23169 23151
0 53 7 2 -23189 23157
0 53 8 2 23119 23184
0 53 9 2 -23139 -23199
0 53 10 2 23093 23170
0 53 11 2 23193 23178
0 53 12 2 23171 23213
0 53 13 2 -23156 -23192
0 53 14 2 23201 23219
0 53 15 2 23166 23161
0 53 16 2 -23119 -23184
0 53 17 2 -23184 23153
0 53 18 2 -23215 23193
0 53 19 2 -23159 -23171
0 53 20 2 -23204 23166
0 53 21 2 23156 23181
0 53 22 2 23177 23188
0 53 23 2 -23125 23103
0 53 24 2 -23146 -23175
0 53 25 2 -23149 23168
0 53 26 2 23177 -23188
0 53 27 2 -23156 23158
0 53 28 2 23164 -23170
0 53 29 2 -23155 23127
0 53 30 2 23191 23165
0 53 31 2 23196 -23187
0 53 32 2 -23139 23142
0 53 33 2 32760 11
0 53 34 2 23176 -23166
0 53 35 2 23156 23162
0 53 36 2 23151 23156
0 53 37 2 23115 23156
0 53 38 2 23156 23171
0 53 39 2 23144 23171
0 53 40 2 23173 -23143
0 53 41 2 -23140 -23169
0 53 42 2 -23209 23147
0 53 43 2 -23173 23149
0 53 44 2 23212 -23155
0 53 45 2 23148 23193
0 53 46 2 23190 23160
0 53 47 2 23206 -23146
0 53 48 2 23164 -23171
0 53 49 2 -23174 -23143
0 53 50 2 23199 -23139
0 53 51 2 -23149 -23183
0 53 52 2 23186 -23165
0 53 53 2 23146 23171
0 53 54 2 -23182 23165
0 53 55 2 -23173 -23213
0 53 56 2 23159 -23153
0 53 57 2 23165 -23146
0 53 58 2 23146 -23128
0 53 59 2 -23135 -23220
0 53 60 2 -23160 23143
0 53 61 2 -23177 23178
0 53 62 2 23158 23180
0 53 63 2 23204 -23174
0 53 64 2 23181 -23180
0 53 65 2 32794 -5
0 53 66 2 23199 -23166
0 53 67 2 -23171 -23187
0 53 68 2 -23174 -23167
0 53 69 2 -23156 -23140
0 53 70 2 -23160 23152
0 53 71 2 23156 23163
0 53 72 2 23177 -23205
0 53 73 2 -23206 23166
0 53 74 2 -23176 23160
0 53 75 2 -23203 23179
0 53 76 2 23192 23195
0 53 77 2 -23180 23165
0 53 78 2 -23158 -23170
0 53 79 2 -23150 -23177
0 53 80 2 -23209 -23168
0 53 81 2 23154 -23150
0 53 82 2 23160 23178
0 53 83 2 23160 23180
0 53 84 2 -23145 -23209
0 53 85 2 -23156 23187
0 53 86 2 23178 23150
0 53 87 2 -23178 -23182
0 53 88 2 -23174 23157
0 53 89 2 -23182 -23167
0 53 90 2 23157 23197
0 53 91 2 -23150 23143
0 53 92 2 23157 23126
0 53 93 2 23173 23201
0 53 94 2 23141 23192
0 53 95 2 -23151 -23161
0 53 96 2 23179 23201
0 53 97 2 32782 -11
0 53 98 2 -23158 -23145
0 53 99 2 -23167 23197
0 53 100 2 -23183 23135
0 53 101 2 23158 -23172
0 53 102 2 23173 23193
0 53 103 2 -23156 23167
0 53 104 2 -23155 -23188
0 53 105 2 23188 23156
0 53 106 2 23151 23137
0 53 107 2 -23164 23163
0 53 108 2 -23192 23147
0 53 109 2 -23181 -23190
0 53 110 2 -23184 23157
0 53 111 2 23177 23175
0 53 112 2 -23156 -23181
0 53 113 2 -7 -30
0 53 114 2 -10 15
0 53 115 2 4 -12
0 53 116 2 -9 21
0 53 117 2 4 2
0 53 118 2 -7 -14
0 53 119 2 -18 -13
0 53 120 2 -12 -2
0 53 121 2 -29 4
0 53 122 2 21 3
0 53 123 2 -16 0
0 53 124 2 -26 10
0 53 125 2 -13 -2
0 53 126 2 -17 17
0 53 127 2 15 23
0 53 128 2 -8 -14
0 53 129 2 -45 -16
0 53 130 2 -27 -7
0 53 131 2 24 38
0 53 132 2 3 -25
0 53 133 2 1 -8
0 53 134 2 7 -13
0 53 135 2 7 34
0 53 136 2 21 -9
0 53 137 2 -1 -7
0 53 138 2 -28 2
0 53 139 2 12 33
0 53 140 2 -48 10
0 53 141 2 -15 12
0 53 142 2 -17 -2
0 53 143 2 24 0
0 53 144 2 -23212 23142
0 53 145 2 23233 -23183
0 53 146 2 23167 23180
0 53 147 2 23178 -23165
0 53 148 2 -23175 -23145
0 53 149 2 -23169 23183
0 53 150 2 23197 -23151
0 53 151 2 -23174 -23194
0 53 152 2 23147 23212
0 53 153 2 -23191 -23191
0 53 154 2 23157 23193
0 53 155 2 23203 23165
0 53 156 2 -23152 23139
0 53 157 2 -23136 23186
0 53 158 2 23113 23200
0 53 159 2 32760 -2
0 53 160 2 23169 -23150
0 53 161 2 23177 -23153
0 53 162 2 -23178 -23189
0 53 163 2 23170 23211
0 53 164 2 -23162 -23158
0 53 165 2 -23151 23144
0 53 166 2 23153 23188
0 53 167 2 23170 23187
0 53 168 2 23152 23166
0 53 169 2 -23169 -23165
0 53 170 2 23181 -23194
0 53 171 2 23155 -23190
0 53 172 2 -23140 -23214
0 53 173 2 -23154 23147
0 53 174 2 23174 -23151
0 53 175 2 -23189 23146
0 53 176 2 23172 -23183
0 53 177 2 -23173 23150
0 53 178 2 -23175 23146
0 53 179 2 -23128 -23154
0 53 180 2 23203 -23214
0 53 181 2 23150 -23179
0 53 182 2 23152 23162
0 53 183 2 -23166 -23167
0 53 184 2 23161 23142
0 53 185 2 -23148 23161
0 53 186 2 23162 23140
0 53 187 2 23176 -23120
0 53 188 2 -23180 23166
0 53 189 2 -23169 -23145
0 53 190 2 23197 -23169
0 53 191 2 32781 6
0 53 192 2 23197 -23148
0 53 193 2 -23161 -23170
0 53 194 2 23193 23191
0 53 195 2 23149 23175
0 53 196 2 -23155 23156
0 53 197 2 23196 23203
0 53 198 2 23162 23160
0 53 199 2 23143 -23166
0 53 200 2 -23154 -23202
0 53 201 2 -23143 -23168
0 53 202 2 -23161 -23183
0 53 203 2 23147 -23162
0 53 204 2 23155 23154
0 53 205 2 -23190 23155
0 53 206 2 -23184 23189
0 53 207 2 23166 23163
0 53 208 2 23201 -23141
0 53 209 2 -23182 23149
0 53 210 2 23177 -23163
0 53 211 2 -23184 23165
0 53 212 2 -23142 23165
0 53 213 2 -23168 -23189
0 53 214 2 -23161 23158
0 53 215 2 23143 23181
0 53 216 2 -23144 23144
0 53 217 2 23162 23194
0 53 218 2 -23165 -23179
0 53 219 2 -23177 23159
0 53 220 2 23144 23176
0 53 221 2 23157 23145
0 53 222 2 23145 -23126
0 53 223 2 32773 23
0 53 224 2 -23169 -23165
0 53 225 2 23160 23166
0 53 226 2 23168 -23146
0 53 227 2 -23176 -23178
0 53 228 2 -23180 -23181
0 53 229 2 23184 -23182
0 53 230 2 23155 -23196
0 53 231 2 -23174 23181
0 53 232 2 23192 23143
0 53 233 2 -23170 -23189
0 53 234 2 -23216 23183
0 53 235 2 23167 -23135
0 53 236 2 23167 -23165
0 53 237 2 -23178 23167
0 53 238 2 23178 -23155
0 53 239 2 -23153 -23178
0 53 240 2 23175 23167
0 53 241 2 -23205 23155
0 53 242 2 -23172 23168
0 53 243 2 23165 23217
0 53 244 2 23164 23151
0 53 245 2 -23179 -23166
0 53 246 2 -23203 23153
0 53 247 2 23168 23195
0 53 248 2 23185 23187
0 53 249 2 23188 -23140
0 53 250 2 23177 23185
0 53 251 2 -23149 -23159
0 53 252 2 -23143 23131
0 53 253 2 23189 -23143
0 53 254 2 23156 23184
0 53 255 2 32762 -1
0 54 0 2 -449 106
0 54 1 2 32786 2
0 54 2 2 -23166 -23186
0 54 3 2 -23179 23139
0 54 4 2 23185 23202
0 54 5 2 -23183 -23186
0 54 6 2 23162 23167
0 54 7 2 -23130 -23175
0 54 8 2 -23162 -23197
0 54 9 2 23188 23191
0 54 10 2 23168 23159
0 54 11 2 -23177 23162
0 54 12 2 -23175 -23172
0 54 13 2 23155 23183
0 54 14 2 -23131 -23165
0 54 15 2 -23167 -23187
0 54 16 2 -23135 -23179
0 54 17 2 -23173 23193
0 54 18 2 23137 -23143
0 54 19 2 23215 -23182
0 54 20 2 -23178 -23192
0 54 21 2 23174 -23149
0 54 22 2 23207 23171
0 54 23 2 23167 23175
0 54 24 2 -23178 23145
0 54 25 2 23175 -23136
0 54 26 2 -23161 23150
0 54 27 2 23171 -23154
0 54 28 2 -23168 -23148
0 54 29 2 23198 -23177
0 54 30 2 23140 23163
0 54 31 2 -23117 -23217
0 54 32 2 -23154 -23191
0 54 33 2 32797 36
0 54 34 2 -23154 -23151
0 54 35 2 23147 -23181
0 54 36 2 23174 -23141
0 54 37 2 -23180 23132
0 54 38 2 23177 -23162
0 54 39 2 -23159 23160
0 54 40 2 -23162 23126
0 54 41 2 23132 -23194
0 54 42 2 -23138 -23153
0 54 43 2 -23179 -23182
0 54 44 2 -23162 23183
0 54 45 2 23157 23169
0 54 46 2 23183 23178
0 54 47 2 -23151 23153
0 54 48 2 -23180 23154
0 54 49 2 23166 -23151
0 54 50 2 23176 23162
0 54 51 2 -23160 23190
0 54 52 2 23158 23176
0 54 53 2 -23195 23121
0 54 54 2 23154 -23166
0 54 55 2 23173 23174
0 54 56 2 23143 -23146
0 54 57 2 23192 -23145
0 54 58 2 -23163 -23172
0 54 59 2 -23170 23148
0 54 60 2 -23148 -23172
0 54 61 2 23198 23162
0 54 62 2 -23211 23196
0 54 63 2 23171 23157
0 54 64 2 -23150 23159
0 54 65 2 32763 -5
0 54 66 2 23177 23225
0 54 67 2 -23165 -23178
0 54 68 2 -23158 23156
0 54 69 2 -23201 23136
0 54 70 2 -23168 23176
0 54 71 2 23175 -23154
0 54 72 2 -23191 23117
0 54 73 2 23170 23178
0 54 74 2 23154 23186
0 54 75 2 -23150 -23184
0 54 76 2 23221 -23166
0 54 77 2 -23188 -23189
0 54 78 2 -23172 23141
0 54 79 2 23208 -23166
0 54 80 2 -23154 -23143
0 54 81 2 23181 -23158
0 54 82 2 23162 23168
0 54 83 2 -23168 -23175
0 54 84 2 -23140 -23163
0 54 85 2 23147 -23139
0 54 86 2 23207 -23138
0 54 87 2 23163 -23168
0 54 88 2 -23191 -23127
0 54 89 2 -23191 23132
0 54 90 2 -23177 23166
0 54 91 2 -23176 -23188
0 54 92 2 23186 23199
0 54 93 2 -23171 23165
0 54 94 2 23191 23179
0 54 95 2 23194 -23156
0 54 96 2 23164 23167
0 54 97 2 32800 25
0 54 98 2 23176 -23161
0 54 99 2 -23190 23137
0 54 100 2 -23176 23165
0 54 101 2 -23171 -23168
0 54 102 2 23186 23193
0 54 103 2 -23193 -23173
0 54 104 2 23150 23169
0 54 105 2 23183 23194
0 54 106 2 -23171 23170
0 54 107 2 -23195 -23196
0 54 108 2 -23163 -23176
0 54 109 2 23168 23158
0 54 110 2 -23122 23140
0 54 111 2 -23182 23154
0 54 112 2 -23176 23180
0 54 113 2 5 25
0 54 114 2 3 2
0 54 115 2 22 0
0 54 116 2 0 -3
0 54 117 2 -12 -26
0 54 118 2 5 11
0 54 119 2 15 -14
0 54 120 2 -10 0
0 54 121 2 -4 5
0 54 122 2 -31 6
0 54 123 2 40 17
0 54 124 2 5 -10
0 54 125 2 23 1
0 54 126 2 13 -34
0 54 127 2 25 -4
0 54 128 2 15 -15
0 54 129 2 -20 12
0 54 130 2 -35 -14
0 54 131 2 17 20
0 54 132 2 -7 -11
0 54 133 2 7 -2
0 54 134 2 31 3
0 54 135 2 6 18
0 54 136 2 21 -4
0 54 137 2 -9 -1
0 54 138 2 -4 6
0 54 139 2 -23 10
0 54 140 2 -1 -16
0 54 141 2 -11 -13
0 54 142 2 10 -7
0 54 143 2 15 10
0 54 144 2 23140 -23179
0 54 145 2 -23186 23171
0 54 146 2 -23183 -23165
0 54 147 2 23168 23148
0 54 148 2 -23188 -23142
0 54 149 2 23183 -23188
0 54 150 2 23160 -23183
0 54 151 2 23107 23181
0 54 152 2 23181 23184
0 54 153 2 -23153 23131
0 54 154 2 -23178 -23171
0 54 155 2 -23162 23152
0 54 156 2 23163 -23158
0 54 157 2 23161 -23153
0 54 158 2 -23178 -23183
0 54 159 2 32789 -5
0 54 160 2 -23129 -23148
0 54 161 2 -23154 -23154
0 54 162 2 -23177 23170
0 54 163 2 23153 23184
0 54 164 2 23161 23210
0 54 165 2 -23161 23153
0 54 166 2 -23172 23181
0 54 167 2 -23146 -23197
0 54 168 2 23161 -23171
0 54 169 2 23161 -23187
0 54 170 2 -23192 23164
0 54 171 2 -23146 -23171
0 54 172 2 -23181 23164
0 54 173 2 23157 -23156
0 54 174 2 -23147 -23155
0 54 175 2 23165 23178
0 54 176 2 -23137 -23187
0 54 177 2 -23186 23192
0 54 178 2 23173 -23181
0 54 179 2 23180 23205
0 54 180 2 -23181 23206
0 54 181 2 23203 -23186
0 54 182 2 -23179 -23155
0 54 183 2 -23178 23159
0 54 184 2 -23166 -23210
0 54 185 2 23175 -23155
0 54 186 2 23186 -23165
0 54 187 2 -23123 -23188
0 54 188 2 -23159 -23183
0 54 189 2 23165 23212
0 54 190 2 -23135 -23158
0 54 191 2 32766 2
0 54 192 2 -23160 -23157
0 54 193 2 23182 23201
0 54 194 2 -23131 -23172
0 54 195 2 23194 -23161
0 54 196 2 -23176 23150
0 54 197 2 23156 23160
0 54 198 2 -23195 23149
0 54 199 2 -23141 -23163
0 54 200 2 -23161 -23126
0 54 201 2 23142 23183
0 54 202 2 -23179 -23174
0 54 203 2 -23159 -23178
0 54 204 2 23142 23187
0 54 205 2 -23166 -23157
0 54 206 2 -23155 23123
0 54 207 2 -23163 23182
0 54 208 2 -23134 -23184
0 54 209 2 23184 -23148
0 54 210 2 23160 -23128
0 54 211 2 -23213 23147
0 54 212 2 -23185 23152
0 54 213 2 -23144 -23154
0 54 214 2 23163 23190
0 54 215 2 -23198 -23240
0 54 216 2 -23141 -23172
0 54 217 2 23163 23184
0 54 218 2 -23173 -23165
0 54 219 2 -23180 23145
0 54 220 2 -23175 -23186
0 54 221 2 -23186 -23165
0 54 222 2 23159 -23201
0 54 223 2 32773 -16
0 54 224 2 23159 23192
0 54 225 2 -23170 23157
0 54 226 2 -23177 23142
0 54 227 2 23160 -23148
0 54 228 2 -23155 -23175
0 54 229 2 -23213 23163
0 54 230 2 -23162 -23205
0 54 231 2 -23125 23157
0 54 232 2 -23205 -23192
0 54 233 2 23184 23158
0 54 234 2 23217 -23148
0 54 235 2 23143 23177
0 54 236 2 -23156 23122
0 54 237 2 23196 -23191
0 54 238 2 -23166 -23145
0 54 239 2 -23172 23099
0 54 240 2 23139 23203
0 54 241 2 -23144 -23158
0 54 242 2 -23165 23193
0 54 243 2 23181 23174
0 54 244 2 23199 -23159
0 54 245 2 -23153 -23177
0 54 246 2 23160 23209
0 54 247 2 23209 -23168
0 54 248 2 23163 23222
0 54 249 2 23197 -23150
0 54 250 2 23165 -23164
0 54 251 2 23188 -23175
0 54 252 2 -23136 -23170
0 54 253 2 -23174 23158
0 54 254 2 -23130 -23177
0 54 255 2 32745 9
0 55 0 2 -468 61
0 55 1 2 32746 7
0 55 2 2 -23152 -23192
0 55 3 2 23177 23201
0 55 4 2 23192 -23173
0 55 5 2 -23159 -23198
0 55 6 2 23173 23185
0 55 7 2 -23174 -23196
0 55 8 2 -23156 23161
0 55 9 2 -23190 23169
0 55 10 2 23205 -23154
0 55 11 2 -23161 -23194
0 55 12 2 23158 23202
0 55 13 2 -23162 23186
0 55 14 2 23181 -23205
0 55 15 2 23183 -23162
0 55 16 2 -23148 -23154
0 55 17 2 23183 23171
0 55 18 2 -23158 -23179
0 55 19 2 23199 -23169
0 55 20 2 23151 23209
0 55 21 2 -23177 23130
0 55 22 2 -23179 -23149
0 55 23 2 -23145 23152
0 55 24 2 -23154 -23197
0 55 25 2 -23150 23164
0 55 26 2 23189 -23129
0 55 27 2 23182 -23156
0 55 28 2 -23157 23198
0 55 29 2 23171 23175
0 55 30 2 -23154 -23185
0 55 31 2 23120 23146
0 55 32 2 23167 -23129
0 55 33 2 32765 -19
0 55 34 2 -23140 23156
0 55 35 2 -23145 23159
0 55 36 2 23135 -23154
0 55 37 2 23163 23179
0 55 38 2 23178 -23147
0 55 39 2 23170 -23153
0 55 40 2 -23184 23202
0 55 41 2 -23158 -23165
0 55 42 2 -23199 23133
0 55 43 2 -23153 23184
0 55 44 2 -23189 23146
0 55 45 2 23110 -23189
0 55 46 2 23169 23160
0 55 47 2 -23164 -23179
0 55 48 2 23182 23197
0 55 49 2 23173 23175
0 55 50 2 -23149 23160
0 55 51 2 23197 -23195
0 55 52 2 -23147 23142
0 55 53 2 -23155 23208
0 55 54 2 -23132 -23172
0 55 55 2 -23152 -23171
0 55 56 2 23180 23179
0 55 57 2 23156 -23175
0 55 58 2 -23139 -23184
0 55 59 2 23186 -23165
0 55 60 2 -23198 23188
0 55 61 2 23148 23135
0 55 62 2 -23189 23126
0 55 63 2 23185 23171
0 55 64 2 23181 -23162
0 55 65 2 32753 32
0 55 66 2 23140 23191
0 55 67 2 23188 -23165
0 55 68 2 -23200 23163
0 55 69 2 23164 23145
0 55 70 2 -23183 23171
0 55 71 2 23209 -23164
0 55 72 2 23180 -23159
0 55 73 2 -23163 23191
0 55 74 2 23175 -23174
0 55 75 2 -23142 -23188
0 55 76 2 -23168 23148
0 55 77 2 23168 -23148
0 55 78 2 23166 23173
0 55 79 2 -23188 23161
0 55 80 2 -23151 23157
0 55 81 2 23158 -23141
0 55 82 2 23159 23194
0 55 83 2 -23164 -23225
0 55 84 2 -23152 -23162
0 55 85 2 -23107 -23167
0 55 86 2 -23150 -23194
0 55 87 2 -23139 -23175
0 55 88 2 -23154 23138
0 55 89 2 -23164 23157
0 55 90 2 -23161 23167
0 55 91 2 23193 -23151
0 55 92 2 23164 -23182
0 55 93 2 -23191 23166
0 55 94 2 -23137 -23191
0 55 95 2 23173 23190
0 55 96 2 23144 23182
0 55 97 2 32778 -5
0 55 98 2 -23162 -23170
0 55 99 2 23176 23141
0 55 100 2 23185 -23182
0 55 101 2 -23203 -23178
0 55 102 2 23201 -23187
0 55 103 2 -23201 23175
0 55 104 2 23168 23192
0 55 105 2 -23166 -23187
0 55 106 2 -23149 23162
0 55 107 2 -23174 23157
0 55 108 2 23184 -23152
0 55 109 2 23142 -23162
0 55 110 2 -23171 23164
0 55 111 2 23147 23148
0 55 112 2 -23181 23143
0 55 113 2 -4 22
0 55 114 2 28 -30
0 55 115 2 36 18
0 55 116 2 7 21
0 55 117 2 17 8
0 55 118 2 2 14
0 55 119 2 -16 -19
0 55 120 2 4 -5
0 55 121 2 -1 -6
0 55 122 2 -1 -7
0 55 123 2 32 -1
0 55 124 2 -12 19
0 55 125 2 2 -47
0 55 126 2 0 -10
0 55 127 2 30 -20
0 55 128 2 -11 -28
0 55 129 2 24 -26
0 55 130 2 -6 -8
0 55 131 2 4 1
0 55 132 2 29 -24
0 55 133 2 -19 14
0 55 134 2 11 44
0 55 135 2 -11 -14
0 55 136 2 17 -1
0 55 137 2 19 -30
0 55 138 2 -5 33
0 55 139 2 13 39
0 55 140 2 1 -14
0 55 141 2 -16 3
0 55 142 2 7 0
0 55 143 2 -11 -11
0 55 144 2 -23189 23179
0 55 145 2 -23194 23162
0 55 146 2 -23161 23165
0 55 147 2 23201 -23188
0 55 148 2 -23137 -23207
0 55 149 2 -23165 23183
0 55 150 2 23183 23126
0 55 151 2 -23135 23175
0 55 152 2 23178 -23149
0 55 153 2 -23180 23146
0 55 154 2 23172 -23173
0 55 155 2 -23163 23178
0 55 156 2 23158 -23162
0 55 157 2 23196 -23185
0 55 158 2 23182 23196
0 55 159 2 32780 24
0 55 160 2 -23137 -23172
0 55 161 2 23170 -23190
0 55 162 2 -23187 23182
0 55 163 2 -23171 -23172
0 55 164 2 -23195 23184
0 55 165 2 -23172 23166
0 55 166 2 -23174 23148
0 55 167 2 23186 -23152
0 55 168 2 23163 23149
0 55 169 2 -23159 -23163
0 55 170 2 23160 23178
0 55 171 2 23178 -23147
0 55 172 2 -23162 23144
0 55 173 2 -23176 23141
0 55 174 2 23173 -23166
0 55 175 2 23176 -23155
0 55 176 2 23144 23185
0 55 177 2 -23176 23204
0 55 178 2 23164 23156
0 55 179 2 -23186 23167
0 55 180 2 23133 -23177
0 55 181 2 23148 23201
0 55 182 2 23185 23177
0 55 183 2 -23132 -23193
0 55 184 2 -23217 23183
0 55 185 2 -23204 23204
0 55 186 2 23175 23144
0 55 187 2 -23152 23169
0 55 188 2 23174 -23161
0 55 189 2 23144 23202
0 55 190 2 -23178 -23162
0 55 191 2 32755 14
0 55 192 2 -23157 -23154
0 55 193 2 23190 23168
0 55 194 2 23177 23197
0 55 195 2 23154 23164
0 55 196 2 -23153 -23142
0 55 197 2 23199 -23188
0 55 198 2 23154 23153
0 55 199 2 -23175 23142
0 55 200 2 -23159 -23178
0 55 201 2 23154 23180
0 55 202 2 -23204 23172
0 55 203 2 23165 23156
0 55 204 2 23202 -23174
0 55 205 2 -23169 -23152
0 55 206 2 23163 23171
0 55 207 2 -23180 -23157
0 55 208 2 23174 23177
0 55 209 2 -23194 23149
0 55 210 2 -23177 -23121
0 55 211 2 -23165 23146
0 55 212 2 23187 -23156
0 55 213 2 -23167 23133
0 55 214 2 -23157 -23173
0 55 215 2 -23163 23121
0 55 216 2 23164 23173
0 55 217 2 -23170 23124
0 55 218 2 23173 23165
0 55 219 2 -23178 -23140
0 55 220 2 -23147 -23162
0 55 221 2 -23196 23164
0 55 222 2 -23129 -23197
0 55 223 2 32787 -1
0 55 224 2 -23166 -23188
0 55 225 2 23182 -23171
0 55 226 2 23112 23160
0 55 227 2 -23216 23169
0 55 228 2 23168 23187
0 55 229 2 23179 23178
0 55 230 2 23176 -23153
0 55 231 2 -23160 -23177
0 55 232 2 23137 23202
0 55 233 2 23172 -23149
0 55 234 2 23176 -23123
0 55 235 2 23187 -23168
0 55 236 2 -23195 23151
0 55 237 2 23171 23177
0 55 238 2 23151 23179
0 55 239 2 -23206 23161
0 55 240 2 -23164 23168
0 55 241 2 23172 -23173
0 55 242 2 -23170 23190
0 55 243 2 23163 23165
0 55 244 2 23210 -23152
0 55 245 2 -23174 23173
0 55 246 2 -23160 -23195
0 55 247 2 -23189 23186
0 55 248 2 23197 23181
0 55 249 2 23176 23168
0 55 250 2 23181 -23157
0 55 251 2 -23174 23137
0 55 252 2 -23196 -23173
0 55 253 2 23133 23170
0 55 254 2 -23171 -23133
0 55 255 2 32737 15
0 56 0 2 -469 62
0 56 1 2 32767 14
0 56 2 2 23173 23194
0 56 3 2 -23200 23176
0 56 4 2 23183 23149
0 56 5 2 23226 -23165
0 56 6 2 23155 -23144
0 56 7 2 23190 -23172
0 56 8 2 23159 23149
0 56 9 2 23116 23202
0 56 10 2 23159 -23153
0 56 11 2 -23190 -23160
0 56 12 2 23176 23143
0 56 13 2 23162 -23165
0 56 14 2 -23170 23160
0 56 15 2 23150 23178
0 56 16 2 -23161 -23151
0 56 17 2 -23175 -23156
0 56 18 2 23172 23183
0 56 19 2 -23189 23138
0 56 20 2 23162 23180
0 56 21 2 23197 -23139
0 56 22 2 23159 -23164
0 56 23 2 -23148 -23212
0 56 24 2 -23163 -23192
0 56 25 2 -23154 -23197
0 56 26 2 23158 23172
0 56 27 2 -23181 -23178
0 56 28 2 -23188 23182
0 56 29 2 -23145 -23158
0 56 30 2 23136 23171
0 56 31 2 23179 23183
0 56 32 2 -23179 23182
0 56 33 2 32798 -18
0 56 34 2 -23189 23167
0 56 35 2 -23185 23151
0 56 36 2 23185 23168
0 56 37 2 23155 23177
0 56 38 2 -23139 23135
0 56 39 2 23175 23158
0 56 40 2 -23170 23153
0 56 41 2 -23121 -23171
0 56 42 2 -23191 23192
0 56 43 2 23155 23163
0 56 44 2 23175 23182
0 56 45 2 23184 23185
0 56 46 2 23185 23201
0 56 47 2 23171 23221
0 56 48 2 -23166 -23174
0 56 49 2 23178 -23171
0 56 50 2 23170 -23172
0 56 51 2 23175 23190
0 56 52 2 -23160 -23154
0 56 53 2 -23200 23161
0 56 54 2 23146 -23175
0 56 55 2 23166 -23177
0 56 56 2 23162 23190
0 56 57 2 23166 -23131
0 56 58 2 23163 -23168
0 56 59 2 -23167 -23184
0 56 60 2 23168 23182
0 56 61 2 -23154 -23180
0 56 62 2 23150 23144
0 56 63 2 -23148 -23162
0 56 64 2 -23169 23132
0 56 65 2 32763 30
0 56 66 2 -23211 23182
0 56 67 2 -23181 23145
0 56 68 2 -23192 23151
0 56 69 2 -23182 -23130
0 56 70 2 -23158 23116
0 56 71 2 23183 -23178
0 56 72 2 -23132 23169
0 56 73 2 23148 23150
0 56 74 2 23164 -23125
0 56 75 2 23173 -23131
0 56 76 2 23150 23181
0 56 77 2 -23162 23144
0 56 78 2 23154 23222
0 56 79 2 -23194 23143
0 56 80 2 -23170 -23163
0 56 81 2 -23187 23122
0 56 82 2 23180 -23179
0 56 83 2 -23167 23151
0 56 84 2 -23190 23164
0 56 85 2 -23140 23175
0 56 86 2 23188 -23155
0 56 87 2 23178 23188
0 56 88 2 23162 23135
0 56 89 2 23142 -23161
0 56 90 2 -23193 23173
0 56 91 2 -23166 -23165
0 56 92 2 -23161 -23168
0 56 93 2 23174 -23139
0 56 94 2 23175 23167
0 56 95 2 -23145 -23134
0 56 96 2 23180 -23161
0 56 97 2 32769 10
0 56 98 2 -23158 -23176
0 56 99 2 23176 -23179
0 56 100 2 23188 -23149
0 56 101 2 23174 -23189
0 56 102 2 -23201 23153
0 56 103 2 23163 -23146
0 56 104 2 23193 -23186
0 56 105 2 23166 23168
0 56 106 2 -23171 23141
0 56 107 2 23208 -23144
0 56 108 2 -23184 -23144
0 56 109 2 -23173 23192
0 56 110 2 -23180 -23199
0 56 111 2 -23211 23153
0 56 112 2 23193 -23154
0 56 113 2 -20 22
0 56 114 2 -15 -17
0 56 115 2 3 36
0 56 116 2 -21 -12
0 56 117 2 -4 15
0 56 118 2 -18 15
0 56 119 2 -28 21
0 56 120 2 29 0
0 56 121 2 -15 30
0 56 122 2 -4 1
0 56 123 2 -1 -4
0 56 124 2 8 -15
0 56 125 2 28 35
0 56 126 2 45 2
0 56 127 2 -49 -8
0 56 128 2 0 9
0 56 129 2 -1 -10
0 56 130 2 -4 -30
0 56 131 2 10 -3
0 56 132 2 -8 -10
0 56 133 2 6 11
0 56 134 2 19 0
0 56 135 2 -2 4
0 56 136 2 -7 0
0 56 137 2 -41 -8
0 56 138 2 14 26
0 56 139 2 0 -1
0 56 140 2 18 -7
0 56 141 2 -11 -7
0 56 142 2 9 -41
0 56 143 2 3 -23
0 56 144 2 23181 23178
0 56 145 2 -23182 -23187
0 56 146 2 23135 23174
0 56 147 2 23192 -23136
0 56 148 2 23166 23184
0 56 149 2 23164 -23131
0 56 150 2 -23176 23164
0 56 151 2 -23140 23191
0 56 152 2 23162 -23132
0 56 153 2 23164 23169
0 56 154 2 23176 23183
0 56 155 2 23185 -23172
0 56 156 2 23176 -23159
0 56 157 2 23153 -23149
0 56 158 2 23167 23152
0 56 159 2 32717 14
0 56 160 2 23143 23171
0 56 161 2 23171 23174
0 56 162 2 23202 -23156
0 56 163 2 23172 -23175
0 56 164 2 23194 23171
0 56 165 2 23126 23163
0 56 166 2 23175 -23169
0 56 167 2 -23168 23122
0 56 168 2 23175 23168
0 56 169 2 -23202 -23178
0 56 170 2 -23187 23173
0 56 171 2 23159 23157
0 56 172 2 23183 23203
0 56 173 2 -23189 23147
0 56 174 2 23146 23208
0 56 175 2 23195 -23159
0 56 176 2 23130 23197
0 56 177 2 23166 23164
0 56 178 2 -23174 -23181
0 56 179 2 23153 23170
0 56 180 2 -23172 -23190
0 56 181 2 23190 -23142
0 56 182 2 23171 23153
0 56 183 2 -23177 -23199
0 56 184 2 -23155 23119
0 56 185 2 23202 23199
0 56 186 2 23169 -23206
0 56 187 2 23170 -23135
0 56 188 2 -23194 -23174
0 56 189 2 23203 -23168
0 56 190 2 23133 23184
0 56 191 2 32791 8
0 56 192 2 -23173 23136
0 56 193 2 -23171 -23150
0 56 194 2 -23156 23176
0 56 195 2 23174 23158
0 56 196 2 -23163 23150
0 56 197 2 23154 23207
0 56 198 2 -23141 -23156
0 56 199 2 -23154 -23185
0 56 200 2 -23154 23172
0 56 201 2 -23163 -23194
0 56 202 2 -23181 23175
0 56 203 2 -23173 23146
0 56 204 2 -23209 23192
0 56 205 2 -23173 23145
0 56 206 2 23199 -23162
0 56 207 2 -23166 23158
0 56 208 2 -23181 -23187
0 56 209 2 -23195 23178
0 56 210 2 23165 23167
0 56 211 2 -23171 -23194
0 56 212 2 23164 -23171
0 56 213 2 23180 -23138
0 56 214 2 -23181 -23198
0 56 215 2 -23148 -23148
0 56 216 2 -23199 23152
0 56 217 2 -23163 23162
0 56 218 2 23194 23199
0 56 219 2 -23175 -23179
0 56 220 2 23160 -23131
0 56 221 2 -23163 -23177
0 56 222 2 23128 -23192
0 56 223 2 32763 17
0 56 224 2 -23188 23179
0 56 225 2 -23175 -23182
0 56 226 2 23165 23193
0 56 227 2 23139 -23163
0 56 228 2 -23170 -23182
0 56 229 2 23199 23137
0 56 230 2 23166 23199
0 56 231 2 -23182 23170
0 56 232 2 23144 -23178
0 56 233 2 23159 23202
0 56 234 2 -23136 -23177
0 56 235 2 23159 -23164
0 56 236 2 -23188 23169
0 56 237 2 23163 23184
0 56 238 2 23129 -23144
0 56 239 2 -23192 -23176
0 56 240 2 23181 -23160
0 56 241 2 -23202 23146
0 56 242 2 -23163 -23176
0 56 243 2 -23166 23160
0 56 244 2 23155 23176
0 56 245 2 -23164 -23150
0 56 246 2 -23130 -23192
0 56 247 2 -23152 -23178
0 56 248 2 -23143 -23177
0 56 249 2 23183 23216
0 56 250 2 23181 23147
0 56 251 2 23183 -23145
0 56 252 2 23198 -23157
0 56 253 2 23147 23188
0 56 254 2 23170 23183
0 56 255 2 32778 -6
0 57 0 2 -440 62
0 57 1 2 32792 18
0 57 2 2 -23191 23153
0 57 3 2 -23184 -23175
0 57 4 2 23169 -23130
0 57 5 2 -23144 -23182
0 57 6 2 -23143 -23178
0 57 7 2 23136 23192
0 57 8 2 -23160 -23145
0 57 9 2 -23181 23183
0 57 10 2 -23187 -23157
0 57 11 2 23199 -23146
0 57 12 2 -23161 23142
0 57 13 2 23168 -23157
0 57 14 2 23167 -23155
0 57 15 2 23166 -23140
0 57 16 2 -23176 -23188
0 57 17 2 23172 23181
0 57 18 2 23140 23136
0 57 19 2 -23162 -23196
0 57 20 2 -23165 -23152
0 57 21 2 -23151 -23168
0 57 22 2 23159 23159
0 57 23 2 23180 -23153
0 57 24 2 23184 -23182
0 57 25 2 -23195 -23193
0 57 26 2 23143 -23132
0 57 27 2 23195 -23150
0 57 28 2 23169 -23170
0 57 29 2 -23156 -23149
0 57 30 2 -23196 23134
0 57 31 2 23171 23185
0 57 32 2 -23178 23134
0 57 33 2 32743 25
0 57 34 2 23171 -23177
0 57 35 2 23174 -23190
0 57 36 2 23192 -23157
0 57 37 2 23163 23167
0 57 38 2 23183 -23166
0 57 39 2 -23190 23125
0 57 40 2 23141 23215
0 57 41 2 23150 23202
0 57 42 2 23166 23203
0 57 43 2 -23166 -23200
0 57 44 2 -23153 23151
0 57 45 2 23178 -23182
0 57 46 2 -23198 -23181
0 57 47 2 23173 -23158
0 57 48 2 23179 -23174
0 57 49 2 23175 -23151
0 57 50 2 23199 -23142
0 57 51 2 -23146 23154
0 57 52 2 -23172 -23140
0 57 53 2 -23168 -23182
0 57 54 2 -23189 23163
0 57 55 2 -23171 23175
0 57 56 2 23175 23187
0 57 57 2 23190 23180
0 57 58 2 23186 -23184
0 57 59 2 23176 -23143
0 57 60 2 23133 23152
0 57 61 2 -23198 23169
0 57 62 2 23183 -23180
0 57 63 2 -23166 -23171
0 57 64 2 -23187 -23173
0 57 65 2 32743 23
0 57 66 2 23146 -23152
0 57 67 2 -23184 -23172
0 57 68 2 -23169 23165
0 57 69 2 -23147 23171
0 57 70 2 23150 23161
0 57 71 2 23220 -23157
0 57 72 2 -23166 -23230
0 57 73 2 23139 23190
0 57 74 2 23168 -23160
0 57 75 2 23168 -23157
0 57 76 2 -23155 -23189
0 57 77 2 -23164 -23154
0 57 78 2 -23186 23133
0 57 79 2 -23209 -23166
0 57 80 2 -23156 23145
0 57 81 2 23211 -23164
0 57 82 2 23124 23182
0 57 83 2 -23161 -23192
0 57 84 2 23211 23174
0 57 85 2 -23135 -23204
0 57 86 2 -23177 -23170
0 57 87 2 -23159 -23192
0 57 88 2 23165 -23183
0 57 89 2 23160 23163
0 57 90 2 -23181 23200
0 57 91 2 -23152 23119
0 57 92 2 23200 -23164
0 57 93 2 -23152 -23166
0 57 94 2 23146 -23185
0 57 95 2 23186 -23186
0 57 96 2 23172 23150
0 57 97 2 32757 0
0 57 98 2 -23139 -23157
0 57 99 2 23133 23196
0 57 100 2 23193 -23153
0 57 101 2 -23171 23173
0 57 102 2 23163 23167
0 57 103 2 23182 -23167
0 57 104 2 -23142 23164
0 57 105 2 23174 -23163
0 57 106 2 23163 23148
0 57 107 2 -23191 23171
0 57 108 2 -23169 -23197
0 57 109 2 -23172 23192
0 57 110 2 -23196 23179
0 57 111 2 23172 23211
0 57 112 2 -23172 23188
0 57 113 2 14 34
0 57 114 2 -2 7
0 57 115 2 -8 -15
0 57 116 2 -11 19
0 57 117 2 -9 6
0 57 118 2 1 7
0 57 119 2 -6 3
0 57 120 2 6 1
0 57 121 2 -2 22
0 57 122 2 -5 25
0 57 123 2 -15 12
0 57 124 2 13 8
0 57 125 2 -2 7
0 57 126 2 40 19
0 57 127 2 11 -1
0 57 128 2 24 28
0 57 129 2 14 -1
0 57 130 2 12 13
0 57 131 2 24 0
0 57 132 2 -4 -16
0 57 133 2 -1 8
0 57 134 2 6 -13
0 57 135 2 -17 -23
0 57 136 2 12 -3
0 57 137 2 0 -29
0 57 138 2 -7 -12
0 57 139 2 -10 5
0 57 140 2 -7 19
0 57 141 2 14 -7
0 57 142 2 -8 0
0 57 143 2 -29 -9
0 57 144 2 23167 -23174
0 57 145 2 23152 23157
0 57 146 2 23176 -23131
0 57 147 2 -23182 23185
0 57 148 2 -23155 -23161
0 57 149 2 23151 23166
0 57 150 2 23157 23193
0 57 151 2 -23189 23168
0 57 152 2 23163 23175
0 57 153 2 23162 23195
0 57 154 2 23150 -23172
0 57 155 2 -23162 -23141
0 57 156 2 -23142 -23168
0 57 157 2 23134 23182
0 57 158 2 23188 23168
0 57 159 2 32769 31
0 57 160 2 -23165 -23180
0 57 161 2 23160 -23167
0 57 162 2 -23190 23145
0 57 163 2 23206 -23166
0 57 164 2 23160 -23178
0 57 165 2 23146 23180
0 57 166 2 -23162 -23156
0 57 167 2 23181 23186
0 57 168 2 23175 23161
0 57 169 2 -23182 -23187
0 57 170 2 -23164 -23174
0 57 171 2 23151 23161
0 57 172 2 23177 -23151
0 57 173 2 -23191 23157
0 57 174 2 -23159 23167
0 57 175 2 -23167 23168
0 57 176 2 23146 23181
0 57 177 2 -23175 23181
0 57 178 2 -23218 23151
0 57 179 2 -23144 23154
0 57 180 2 23133 23155
0 57 181 2 -23155 -23139
0 57 182 2 23210 -23156
0 57 183 2 23197 -23200
0 57 184 2 23153 -23181
0 57 185 2 23192 -23136
0 57 186 2 23150 23195
0 57 187 2 23207 -23182
0 57 188 2 -23166 23204
0 57 189 2 -23160 -23173
0 57 190 2 23189 -23131
0 57 191 2 32772 0
0 57 192 2 -23193 23162
0 57 193 2 23197 -23140
0 57 194 2 -23151 -23167
0 57 195 2 -23186 -23176
0 57 196 2 -23146 23172
0 57 197 2 -23162 -23159
0 57 198 2 23154 -23125
0 57 199 2 -23175 -23164
0 57 200 2 -23179 -23196
0 57 201 2 -23156 -23166
0 57 202 2 -23176 -23165
0 57 203 2 -23182 -23173
0 57 204 2 -23149 -23170
0 57 205 2 23171 23213
0 57 206 2 23157 23179
0 57 207 2 -23182 -23192
0 57 208 2 -23187 23173
0 57 209 2 -23170 23159
0 57 210 2 23213 23172
0 57 211 2 -23184 -23187
0 57 212 2 -23162 -23173
0 57 213 2 23173 -23151
0 57 214 2 -23160 -23171
0 57 215 2 23155 23213
0 57 216 2 -23186 23149
0 57 217 2 23167 -23148
0 57 218 2 -23146 -23195
0 57 219 2 23181 23173
0 57 220 2 -23193 23173
0 57 221 2 23141 23199
0 57 222 2 23154 -23161
0 57 223 2 32763 14
0 57 224 2 23191 -23144
0 57 225 2 23183 -23142
0 57 226 2 -23150 -23160
0 57 227 2 -23159 23150
0 57 228 2 23174 -23172
0 57 229 2 -23183 23139
0 57 230 2 -23150 -23193
0 57 231 2 -23137 -23202
0 57 232 2 23143 23194
0 57 233 2 -23180 -23181
0 57 234 2 -23179 -23178
0 57 235 2 -23195 23161
0 57 236 2 23169 -23175
0 57 237 2 -23200 -23166
0 57 238 2 -23170 23147
0 57 239 2 23182 -23151
0 57 240 2 -23160 -23175
0 57 241 2 23171 -23173
0 57 242 2 -23170 23177
0 57 243 2 -23169 -23176
0 57 244 2 -23151 -23193
0 57 245 2 23163 -23181
0 57 246 2 -23181 23132
0 57 247 2 -23146 -23132
0 57 248 2 -23197 23160
0 57 249 2 -23145 -23165
0 57 250 2 23161 23197
0 57 251 2 -23184 23154
0 57 252 2 23195 23166
0 57 253 2 23127 23156
0 57 254 2 23136 23176
0 57 255 2 32769 24
0 58 0 2 -477 95
0 58 1 2 32747 49
0 58 2 2 -23175 23174
0 58 3 2 23168 23161
0 58 4 2 -23161 23137
0 58 5 2 -23184 23177
0 58 6 2 -23146 23185
0 58 7 2 23186 -23143
0 58 8 2 23137 -23162
0 58 9 2 -23188 -23178
0 58 10 2 23128 23143
0 58 11 2 -23209 23152
0 58 12 2 -23167 -23132
0 58 13 2 -23115 23154
0 58 14 2 -23157 -23166
0 58 15 2 -23159 23167
0 58 16 2 -23182 23134
0 58 17 2 -23165 -23195
0 58 18 2 -23139 23181
0 58 19 2 -23176 -23166
0 58 20 2 23159 -23167
0 58 21 2 -23190 23195
0 58 22 2 23133 -23153
0 58 23 2 23139 23173
0 58 24 2 -23186 -23177
0 58 25 2 23172 -23126
0 58 26 2 23150 23142
0 58 27 2 -23194 23176
0 58 28 2 -23157 -23212
0 58 29 2 23172 23197
0 58 30 2 23193 -23152
0 58 31 2 -23155 23175
0 58 32 2 -23179 -23172
0 58 33 2 32760 15
0 58 34 2 -23185 23181
0 58 35 2 -23197 23164
0 58 36 2 23167 -23140
0 58 37 2 -23133 23175
0 58 38 2 23172 -23184
0 58 39 2 23163 -23175
0 58 40 2 -23148 -23179
0 58 41 2 -23158 -23149
0 58 42 2 23135 23209
0 58 43 2 -23182 23158
0 58 44 2 23180 23146
0 58 45 2 23161 23161
0 58 46 2 23105 23182
0 58 47 2 -23158 -23168
0 58 48 2 23186 23168
0 58 49 2 -23202 23146
0 58 50 2 -23168 -23183
0 58 51 2 -23191 23152
0 58 52 2 -23207 23159
0 58 53 2 23095 23170
0 58 54 2 23161 23172
0 58 55 2 -23148 23150
0 58 56 2 -23173 23152
0 58 57 2 -23182 23168
0 58 58 2 23137 23179
0 58 59 2 -23147 23168
0 58 60 2 -23158 23192
0 58 61 2 23185 23188
0 58 62 2 23166 -23151
0 58 63 2 -23176 23191
0 58 64 2 -23141 -23187
0 58 65 2 32770 12
0 58 66 2 -23142 -23190
0 58 67 2 -23124 -23187
0 58 68 2 -23172 -23169
0 58 69 2 23166 23189
0 58 70 2 23169 23150
0 58 71 2 23182 -23169
0 58 72 2 23154 23140
0 58 73 2 -23174 23174
0 58 74 2 -23141 -23200
0 58 75 2 23153 -23174
0 58 76 2 23179 -23187
0 58 77 2 23184 23171
0 58 78 2 23146 23160
0 58 79 2 -23191 23179
0 58 80 2 -23169 23130
0 58 81 2 23124 23181
0 58 82 2 -23138 -23154
0 58 83 2 23184 23176
0 58 84 2 -23164 23170
0 58 85 2 23166 23203
0 58 86 2 23136 23165
0 58 87 2 23160 23171
0 58 88 2 -23193 23176
0 58 89 2 -23150 -23207
0 58 90 2 -23233 23149
0 58 91 2 -23190 23155
0 58 92 2 -23189 23149
0 58 93 2 -23146 -23196
0 58 94 2 23174 23179
0 58 95 2 23178 -23179
0 58 96 2 -23141 -23172
0 58 97 2 32778 29
0 58 98 2 23173 -23188
0 58 99 2 -23172 23144
0 58 100 2 23160 23178
0 58 101 2 23169 -23169
0 58 102 2 23156 23161
0 58 103 2 23141 23173
0 58 104 2 23142 -23137
0 58 105 2 23183 23210
0 58 106 2 23175 -23144
0 58 107 2 23130 23174
0 58 108 2 23171 -23168
0 58 109 2 23177 -23113
0 58 110 2 23149 23168
0 58 111 2 -23172 23147
0 58 112 2 23160 23177
0 58 113 2 -30 -3
0 58 114 2 5 -17
0 58 115 2 -6 -11
0 58 116 2 0 -19
0 58 117 2 17 -2
0 58 118 2 -12 -22
0 58 119 2 9 -15
0 58 120 2 56 25
0 58 121 2 -9 -27
0 58 122 2 23 23
0 58 123 2 -4 11
0 58 124 2 -44 0
0 58 125 2 37 12
0 58 126 2 -20 -36
0 58 127 2 -21 -19
0 58 128 2 -36 18
0 58 129 2 10 -6
0 58 130 2 2 -26
0 58 131 2 -5 9
0 58 132 2 2 1
0 58 133 2 22 0
0 58 134 2 22 -1
0 58 135 2 0 -33
0 58 136 2 20 -19
0 58 137 2 -1 -6
0 58 138 2 24 27
0 58 139 2 -11 -20
0 58 140 2 0 -20
0 58 141 2 -4 -16
0 58 142 2 22 -8
0 58 143 2 -46 -7
0 58 144 2 -23177 23182
0 58 145 2 23194 -23177
0 58 146 2 23201 -23142
0 58 147 2 23140 -23157
0 58 148 2 23154 23163
0 58 149 2 23185 -23169
0 58 150 2 23179 23202
0 58 151 2 -23126 -23166
0 58 152 2 -23170 23115
0 58 153 2 23154 23198
0 58 154 2 23158 -23173
0 58 155 2 23165 -23131
0 58 156 2 -23193 23136
0 58 157 2 23165 -23145
0 58 158 2 -23155 -23186
0 58 159 2 32765 -10
0 58 160 2 23143 -23167
0 58 161 2 23133 23174
0 58 162 2 23184 -23185
0 58 163 2 -23163 -23182
0 58 164 2 -23154 23164
0 58 165 2 23192 -23172
0 58 166 2 23173 -23155
0 58 167 2 -23186 23166
0 58 168 2 23172 -23155
0 58 169 2 23191 -23154
0 58 170 2 23191 -23145
0 58 171 2 23158 -23127
0 58 172 2 23159 -23183
0 58 173 2 23148 23196
0 58 174 2 -23185 -23228
0 58 175 2 23167 -23165
0 58 176 2 23143 -23168
0 58 177 2 23147 -23185
0 58 178 2 23189 -23195
0 58 179 2 -23161 23161
0 58 180 2 23171 -23168
0 58 181 2 -23149 -23217
0 58 182 2 23170 23181
0 58 183 2 23170 23146
0 58 184 2 -23183 -23166
0 58 185 2 23148 -23184
0 58 186 2 -23171 -23154
0 58 187 2 23155 23164
0 58 188 2 23209 -23180
0 58 189 2 -23131 -23154
0 58 190 2 -23179 -23172
0 58 191 2 32754 7
0 58 192 2 -23177 -23187
0 58 193 2 23146 23210
0 58 194 2 -23148 -23190
0 58 195 2 -23193 23161
0 58 196 2 -23170 23174
0 58 197 2 23139 23166
0 58 198 2 23180 -23104
0 58 199 2 -23147 -23160
0 58 200 2 -23133 -23174
0 58 201 2 -23156 23145
0 58 202 2 -23223 23143
0 58 203 2 -23165 -23197
0 58 204 2 -23179 -23164
0 58 205 2 -23160 23120
0 58 206 2 23176 23160
0 58 207 2 -23142 -23152
0 58 208 2 -23130 -23135
0 58 209 2 23168 23232
0 58 210 2 23136 23174
0 58 211 2 -23192 -23168
0 58 212 2 -23162 -23192
0 58 213 2 23179 -23191
0 58 214 2 -23148 -23200
0 58 215 2 23148 23172
0 58 216 2 -23201 -23194
0 58 217 2 -23152 23185
0 58 218 2 23177 -23157
0 58 219 2 23127 23189
0 58 220 2 -23194 23149
0 58 221 2 23181 23160
0 58 222 2 23127 -23115
0 58 223 2 32766 27
0 58 224 2 23193 -23155
0 58 225 2 -23206 23148
0 58 226 2 23191 -23184
0 58 227 2 -23197 23154
0 58 228 2 -23145 23169
0 58 229 2 23138 23165
0 58 230 2 -23216 23185
0 58 231 2 -23204 23189
0 58 232 2 23166 23160
0 58 233 2 -23169 23143
0 58 234 2 23168 23178
0 58 235 2 -23179 -23182
0 58 236 2 -23187 23216
0 58 237 2 23171 23178
0 58 238 2 23210 -23165
0 58 239 2 -23167 -23177
0 58 240 2 -23151 -23169
0 58 241 2 23180 23200
0 58 242 2 23129 -23170
0 58 243 2 23161 23164
0 58 244 2 -23166 -23189
0 58 245 2 -23163 23189
0 58 246 2 -23182 23143
0 58 247 2 23144 -23191
0 58 248 2 23156 23163
0 58 249 2 -23203 23207
0 58 250 2 -23175 23160
0 58 251 2 23181 -23136
0 58 252 2 -23148 -23170
0 58 253 2 23144 23150
0 58 254 2 23130 23143
0 58 255 2 32749 16
0 59 0 2 -499 82
0 59 1 2 32764 -12
0 59 2 2 23171 23176
0 59 3 2 -23164 -23203
0 59 4 2 23167 23144
0 59 5 2 -23178 -23174
0 59 6 2 23167 -23163
0 59 7 2 -23164 23165
0 59 8 2 -23193 -23165
0 59 9 2 23174 23177
0 59 10 2 -23194 -23179
0 59 11 2 23138 23193
0 59 12 2 23188 -23150
0 59 13 2 23151 -23139
0 59 14 2 23156 -23144
0 59 15 2 23188 23177
0 59 16 2 23163 23168
0 59 17 2 23168 23149
0 59 18 2 23166 23173
0 59 19 2 -23178 23133
0 59 20 2 -23180 23150
0 59 21 2 23182 23172
0 59 22 2 23173 -23146
0 59 23 2 -23183 23142
0 59 24 2 -23160 23160
0 59 25 2 -23144 23131
0 59 26 2 -23187 23150
0 59 27 2 23161 23180
0 59 28 2 -23177 -23162
0 59 29 2 23162 23172
0 59 30 2 -23182 23198
0 59 31 2 23196 -23160
0 59 32 2 23149 -23131
0 59 33 2 32759 3
0 59 34 2 -23136 -23189
0 59 35 2 -23190 23114
0 59 36 2 -23185 23123
0 59 37 2 -23158 -23190
0 59 38 2 23147 -23157
0 59 39 2 -23159 -23201
0 59 40 2 23125 23121
0 59 41 2 -23160 -23179
0 59 42 2 -23166 -23168
0 59 43 2 23175 -23120
0 59 44 2 -23165 -23184
0 59 45 2 23175 23149
0 59 46 2 23186 -23164
0 59 47 2 23223 -23171
0 59 48 2 -23192 -23176
0 59 49 2 -23180 -23197
0 59 50 2 23159 23184
0 59 51 2 -23162 23157
0 59 52 2 -23156 -23189
0 59 53 2 -23190 23196
0 59 54 2 -23157 -23186
0 59 55 2 23169 -23185
0 59 56 2 -23154 23141
0 59 57 2 23137 -23171
0 59 58 2 23172 -23182
0 59 59 2 23167 23198
0 59 60 2 -23182 -23188
0 59 61 2 23225 -23165
0 59 62 2 23200 -23154
0 59 63 2 23129 23203
0 59 64 2 -23170 23161
0 59 65 2 32801 2
0 59 66 2 23145 23140
0 59 67 2 23160 -23134
0 59 68 2 -23183 -23158
0 59 69 2 -23169 -23165
0 59 70 2 23157 -23136
0 59 71 2 -23171 23186
0 59 72 2 23187 -23134
0 59 73 2 23152 23167
0 59 74 2 -23195 23150
0 59 75 2 -23165 23127
0 59 76 2 -23174 23179
0 59 77 2 23188 23150
0 59 78 2 -23176 23171
0 59 79 2 -23193 23194
0 59 80 2 -23156 23170
0 59 81 2 -23170 -23177
0 59 82 2 -23186 23158
0 59 83 2 -23185 23157
0 59 84 2 23164 23160
0 59 85 2 23179 23193
0 59 86 2 23171 23195
0 59 87 2 23134 23160
0 59 88 2 23156 -23124
0 59 89 2 23142 -23201
0 59 90 2 -23155 23137
0 59 91 2 -23171 -23164
0 59 92 2 23174 23166
0 59 93 2 -23143 -23148
0 59 94 2 23155 -23147
0 59 95 2 23191 23174
0 59 96 2 23179 23165
0 59 97 2 32772 -41
0 59 98 2 -23199 23159
0 59 99 2 -23138 23167
0 59 100 2 23148 23174
0 59 101 2 -23177 23136
0 59 102 2 23178 -23162
0 59 103 2 -23168 -23183
0 59 104 2 23157 -23165
0 59 105 2 -23175 23159
0 59 106 2 -23158 -23185
0 59 107 2 23191 23186
0 59 108 2 -23179 23161
0 59 109 2 -23183 23139
0 59 110 2 -23170 23139
0 59 111 2 23189 23173
0 59 112 2 -23176 -23186
0 59 113 2 8 -10
0 59 114 2 3 -8
0 59 115 2 -4 12
0 59 116 2 -35 -7
0 59 117 2 -1 39
0 59 118 2 -21 -10
0 59 119 2 -23 16
0 59 120 2 3 2
0 59 121 2 -21 14
0 59 122 2 -30 -14
0 59 123 2 4 -8
0 59 124 2 41 -8
0 59 125 2 26 16
0 59 126 2 -19 -33
0 59 127 2 -52 10
0 59 128 2 -12 9
0 59 129 2 6 21
0 59 130 2 25 -30
0 59 131 2 -8 -18
0 59 132 2 24 31
0 59 133 2 20 -6
0 59 134 2 -5 -10
0 59 135 2 -11 9
0 59 136 2 3 2
0 59 137 2 35 -8
0 59 138 2 32 28
0 59 139 2 18 4
0 59 140 2 31 8
0 59 141 2 0 3
0 59 142 2 -46 -8
0 59 143 2 -10 21
0 59 144 2 -23189 -23155
0 59 145 2 -23198 23171
0 59 146 2 23177 -23145
0 59 147 2 23161 23169
0 59 148 2 -23160 23149
0 59 149 2 -23168 -23198
0 59 150 2 -23161 23155
0 59 151 2 -23151 -23180
0 59 152 2 -23173 23155
0 59 153 2 -23176 23154
0 59 154 2 -23194 23115
0 59 155 2 -23150 -23191
0 59 156 2 23172 23164
0 59 157 2 23198 -23168
0 59 158 2 -23201 23141
0 59 159 2 32755 11
0 59 160 2 -23165 -23184
0 59 161 2 -23134 -23173
0 59 162 2 23164 23198
0 59 163 2 -23167 -23165
0 59 164 2 23133 -23179
0 59 165 2 -23141 23182
0 59 166 2 -23162 23149
0 59 167 2 23183 23160
0 59 168 2 -23190 23157
0 59 169 2 -23179 23152
0 59 170 2 23158 23200
0 59 171 2 23155 -23171
0 59 172 2 -23155 -23165
0 59 173 2 -23177 -23163
0 59 174 2 -23150 -23148
0 59 175 2 -23163 -23185
0 59 176 2 23187 -23135
0 59 177 2 -23164 -23156
0 59 178 2 23146 23141
0 59 179 2 23202 -23177
0 59 180 2 -23177 -23156
0 59 181 2 -23148 23126
0 59 182 2 -23104 -23184
0 59 183 2 -23150 23159
0 59 184 2 23134 23185
0 59 185 2 23156 -23161
0 59 186 2 -23139 23168
0 59 187 2 23131 23198
0 59 188 2 -23188 23157
0 59 189 2 -23173 23166
0 59 190 2 -23163 23153
0 59 191 2 32797 12
0 59 192 2 -23169 -23177
0 59 193 2 -23156 -23167
0 59 194 2 -23149 23163
0 59 195 2 23162 -23154
0 59 196 2 -23189 23182
0 59 197 2 -23197 23179
0 59 198 2 23174 23148
0 59 199 2 -23162 23148
0 59 200 2 -23169 23170
0 59 201 2 23187 -23169
0 59 202 2 -23168 -23173
0 59 203 2 -23142 23133
0 59 204 2 23141 -23174
0 59 205 2 -23188 23161
0 59 206 2 23153 23180
0 59 207 2 23161 -23152
0 59 208 2 23142 23176
0 59 209 2 23172 -23173
0 59 210 2 23171 23187
0 59 211 2 -23174 23153
0 59 212 2 23192 -23173
0 59 213 2 -23148 23162
0 59 214 2 23191 -23182
0 59 215 2 -23165 23147
0 59 216 2 -23171 -23185
0 59 217 2 23175 -23185
0 59 218 2 -23171 23170
0 59 219 2 23181 23163
0 59 220 2 23172 23166
0 59 221 2 23200 23165
0 59 222 2 23196 -23128
0 59 223 2 32751 -14
0 59 224 2 23136 23186
0 59 225 2 23137 23175
0 59 226 2 -23160 23141
0 59 227 2 23122 23120
0 59 228 2 -23181 23125
0 59 229 2 23159 -23135
0 59 230 2 23177 23184
0 59 231 2 -23164 -23171
0 59 232 2 23128 23163
0 59 233 2 -23160 -23193
0 59 234 2 -23173 23142
0 59 235 2 23184 -23171
0 59 236 2 23164 -23165
0 59 237 2 23163 23183
0 59 238 2 23159 23149
0 59 239 2 23165 23145
0 59 240 2 23165 23170
0 59 241 2 -23197 23179
0 59 242 2 -23155 -23178
0 59 243 2 -23139 23173
0 59 244 2 -23162 -23170
0 59 245 2 -23169 -23134
0 59 246 2 -23185 23170
0 59 247 2 23150 23178
0 59 248 2 -23146 23137
0 59 249 2 23173 23177
0 59 250 2 -23149 -23180
0 59 251 2 23170 -23166
0 59 252 2 -23183 -23171
0 59 253 2 23170 -23154
0 59 254 2 -23197 23163
0 59 255 2 32775 -3
0 60 0 2 -482 109
0 60 1 2 32735 26
0 60 2 2 -23185 -23205
0 60 3 2 23149 23172
0 60 4 2 -23140 23145
0 60 5 2 -23127 -23167
0 60 6 2 -23203 23149
0 60 7 2 23218 -23153
0 60 8 2 23197 -23177
0 60 9 2 -23145 -23164
0 60 10 2 23199 23201
0 60 11 2 -23159 -23162
0 60 12 2 23194 23175
0 60 13 2 23148 23155
0 60 14 2 -23175 23143
0 60 15 2 23188 -23181
0 60 16 2 23165 -23161
0 60 17 2 23144 23169
0 60 18 2 -23174 -23203
0 60 19 2 23166 23158
0 60 20 2 -23148 -23184
0 60 21 2 23162 -23129
0 60 22 2 -23163 23135
0 60 23 2 23153 23185
0 60 24 2 23181 -23168
0 60 25 2 23185 -23150
0 60 26 2 23154 -23139
0 60 27 2 23176 -23174
0 60 28 2 -23191 23159
0 60 29 2 -23181 -23182
0 60 30 2 23201 -23142
0 60 31 2 23165 23148
0 60 32 2 -23225 -23172
0 60 33 2 32778 -4
0 60 34 2 -23184 23151
0 60 35 2 23128 23158
0 60 36 2 23210 -23175
0 60 37 2 -23186 23151
0 60 38 2 23180 -23159
0 60 39 2 23185 23175
0 60 40 2 -23199 23151
0 60 41 2 -23177 -23186
0 60 42 2 -23193 23174
0 60 43 2 -23171 -23165
0 60 44 2 -23158 -23180
0 60 45 2 23180 23201
0 60 46 2 23153 23200
0 60 47 2 -23190 23164
0 60 48 2 23207 -23180
0 60 49 2 23184 -23160
0 60 50 2 23154 23180
0 60 51 2 23164 -23174
0 60 52 2 -23121 -23175
0 60 53 2 -23188 23176
0 60 54 2 -23172 -23196
0 60 55 2 23161 23201
0 60 56 2 23176 23176
0 60 57 2 23166 23133
0 60 58 2 -23147 -23187
0 60 59 2 -23175 -23183
0 60 60 2 23177 -23169
0 60 61 2 23164 -23163
0 60 62 2 23182 23169
0 60 63 2 -23157 23164
0 60 64 2 23156 23157
0 60 65 2 32760 0
0 60 66 2 23182 23176
0 60 67 2 -23151 -23198
0 60 68 2 23166 23167
0 60 69 2 23159 23174
0 60 70 2 23150 23161
0 60 71 2 23195 -23164
0 60 72 2 -23165 23154
0 60 73 2 23150 23170
0 60 74 2 23191 23180
0 60 75 2 23158 23163
0 60 76 2 23211 -23150
0 60 77 2 23179 -23168
0 60 78 2 23210 -23155
0 60 79 2 -23169 23174
0 60 80 2 23195 23186
0 60 81 2 23209 -23188
0 60 82 2 23183 -23163
0 60 83 2 -23155 23180
0 60 84 2 -23201 -23162
0 60 85 2 23183 23130
0 60 86 2 -23137 -23221
0 60 87 2 -23145 23147
0 60 88 2 23143 23147
0 60 89 2 23191 -23171
0 60 90 2 -23204 -23188
0 60 91 2 -23144 -23189
0 60 92 2 -23158 -23191
0 60 93 2 -23175 23160
0 60 94 2 23188 23154
0 60 95 2 23202 23179
0 60 96 2 -23201 23145
0 60 97 2 32782 18
0 60 98 2 23168 23156
0 60 99 2 -23189 -23163
0 60 100 2 23165 23155
0 60 101 2 23185 -23159
0 60 102 2 -23185 23206
0 60 103 2 -23151 -23202
0 60 104 2 23177 23174
0 60 105 2 -23210 23156
0 60 106 2 23165 23149
0 60 107 2 -23162 -23170
0 60 108 2 -23167 23155
0 60 109 2 23162 -23148
0 60 110 2 23198 -23141
0 60 111 2 23169 23175
0 60 112 2 23196 -23166
0 60 113 2 -10 -14
0 60 114 2 4 12
0 60 115 2 35 -6
0 60 116 2 1 -1
0 60 117 2 -18 -8
0 60 118 2 4 27
0 60 119 2 10 14
0 60 120 2 9 -1
0 60 121 2 -4 -19
0 60 122 2 -34 -9
0 60 123 2 -1 -5
0 60 124 2 -29 57
0 60 125 2 23 1
0 60 126 2 8 -10
0 60 127 2 17 -21
0 60 128 2 24 -12
0 60 129 2 32 -19
0 60 130 2 -47 -10
0 60 131 2 0 -21
0 60 132 2 18 0
0 60 133 2 -16 -31
0 60 134 2 -42 15
0 60 135 2 19 12
0 60 136 2 -25 2
0 60 137 2 -7 -30
0 60 138 2 9 -2
0 60 139 2 -31 33
0 60 140 2 31 -4
0 60 141 2 11 0
0 60 142 2 2 -7
0 60 143 2 15 30
0 60 144 2 23192 23163
0 60 145 2 -23142 23193
0 60 146 2 23190 23182
0 60 147 2 -23180 -23184
0 60 148 2 23180 -23140
0 60 149 2 -23137 -23177
0 60 150 2 -23179 -23194
0 60 151 2 -23145 -23163
0 60 152 2 -23167 23138
0 60 153 2 23155 23163
0 60 154 2 -23173 -23173
0 60 155 2 23221 -23154
0 60 156 2 23193 -23167
0 60 157 2 23148 23170
0 60 158 2 -23186 23171
0 60 159 2 32787 -20
0 60 160 2 -23166 23142
0 60 161 2 -23164 23147
0 60 162 2 23148 -23170
0 60 163 2 -23126 -23184
0 60 164 2 -23163 -23210
0 60 165 2 23166 -23168
0 60 166 2 -23143 -23183
0 60 167 2 23167 -23165
0 60 168 2 -23167 -23185
0 60 169 2 -23220 23162
0 60 170 2 23176 -23186
0 60 171 2 23166 -23185
0 60 172 2 23159 23173
0 60 173 2 23153 23225
0 60 174 2 23177 23179
0 60 175 2 -23166 -23162
0 60 176 2 23146 23156
0 60 177 2 23174 23189
0 60 178 2 23172 -23163
0 60 179 2 23169 -23170
0 60 180 2 23179 -23167
0 60 181 2 -23170 -23177
0 60 182 2 23148 23197
0 60 183 2 23179 23168
0 60 184 2 -23193 23178
0 60 185 2 23185 -23156
0 60 186 2 23183 23197
0 60 187 2 23161 23160
0 60 188 2 23145 -23153
0 60 189 2 23173 -23169
0 60 190 2 23170 23169
0 60 191 2 32742 -14
0 60 192 2 23194 -23185
0 60 193 2 23213 -23133
0 60 194 2 23147 23161
0 60 195 2 -23151 -23201
0 60 196 2 -23145 -23168
0 60 197 2 -23194 23159
0 60 198 2 -23147 23163
0 60 199 2 23176 -23125
0 60 200 2 -23190 -23181
0 60 201 2 23210 23172
0 60 202 2 23174 -23152
0 60 203 2 -23174 23191
0 60 204 2 -23194 23162
0 60 205 2 -23129 -23158
0 60 206 2 23160 23194
0 60 207 2 23203 -23167
0 60 208 2 23210 -23152
0 60 209 2 -23141 -23189
0 60 210 2 23149 23189
0 60 211 2 23148 -23146
0 60 212 2 -23166 23134
0 60 213 2 -23146 -23164
0 60 214 2 23168 -23173
0 60 215 2 -23166 23146
0 60 216 2 -23187 23144
0 60 217 2 -23181 23179
0 60 218 2 23201 23190
0 60 219 2 -23162 23170
0 60 220 2 23194 -23160
0 60 221 2 23173 23190
0 60 222 2 -23129 -23172
0 60 223 2 32783 19
0 60 224 2 23173 23184
0 60 225 2 23198 -23152
0 60 226 2 -23168 -23183
0 60 227 2 23170 -23132
0 60 228 2 -23151 23186
0 60 229 2 23203 -23180
0 60 230 2 23193 -23180
0 60 231 2 23183 23164
0 60 232 2 -23187 -23193
0 60 233 2 -23163 23175
0 60 234 2 -23166 23151
0 60 235 2 23173 23176
0 60 236 2 23178 23206
0 60 237 2 23165 23197
0 60 238 2 -23143 -23169
0 60 239 2 23129 23158
0 60 240 2 -23146 -23149
0 60 241 2 23166 -23144
0 60 242 2 23200 23142
0 60 243 2 -23161 23147
0 60 244 2 23155 -23169
0 60 245 2 23153 23177
0 60 246 2 23192 -23164
0 60 247 2 23152 23214
0 60 248 2 23182 -23182
0 60 249 2 23157 23187
0 60 250 2 23199 -23158
0 60 251 2 -23163 -23187
0 60 252 2 23163 23152
0 60 253 2 23178 -23148
0 60 254 2 -23153 23200
0 60 255 2 32757 13
0 61 0 2 -467 73
0 61 1 2 32761 21
0 61 2 2 -23176 23154
0 61 3 2 -23121 -23153
0 61 4 2 -23181 23164
0 61 5 2 -23194 23178
0 61 6 2 23189 -23156
0 61 7 2 -23138 -23177
0 61 8 2 -23159 -23171
0 61 9 2 23156 23160
0 61 10 2 -23150 23149
0 61 11 2 -23164 23179
0 61 12 2 -23170 -23149
0 61 13 2 23148 23181
0 61 14 2 23147 23185
0 61 15 2 23214 -23158
0 61 16 2 -23182 -23139
0 61 17 2 23179 -23183
0 61 18 2 23167 -23155
0 61 19 2 -23139 -23187
0 61 20 2 23180 23191
0 61 21 2 23154 -23166
0 61 22 2 -23194 -23186
0 61 23 2 -23160 23149
0 61 24 2 -23148 -23135
0 61 25 2 -23137 23171
0 61 26 2 -23140 -23176
0 61 27 2 23167 23170
0 61 28 2 -23176 23152
0 61 29 2 23190 -23181
0 61 30 2 23176 -23165
0 61 31 2 -23171 -23126
0 61 32 2 23173 -23151
0 61 33 2 32735 0
0 61 34 2 -23177 23157
0 61 35 2 23178 23164
0 61 36 2 23191 23159
0 61 37 2 23153 23155
0 61 38 2 -23156 23153
0 61 39 2 23191 -23153
0 61 40 2 23173 -23154
0 61 41 2 -23168 -23151
0 61 42 2 -23155 23159
0 61 43 2 -23153 23148
0 61 44 2 -23200 23189
0 61 45 2 -23152 -23189
0 61 46 2 23155 23229
0 61 47 2 23178 23216
0 61 48 2 -23202 23150
0 61 49 2 23169 23145
0 61 50 2 -23180 23158
0 61 51 2 23145 -23179
0 61 52 2 23172 -23179
0 61 53 2 23173 23187
0 61 54 2 23153 23171
0 61 55 2 -23166 23182
0 61 56 2 23197 -23177
0 61 57 2 -23176 23196
0 61 58 2 -23167 23139
0 61 59 2 23177 -23169
0 61 60 2 23157 23200
0 61 61 2 23191 -23160
0 61 62 2 23190 -23174
0 61 63 2 -23167 -23127
0 61 64 2 -23137 -23173
0 61 65 2 32802 19
0 61 66 2 23169 23159
0 61 67 2 -23197 -23200
0 61 68 2 -23193 23173
0 61 69 2 23141 23157
0 61 70 2 23173 23166
0 61 71 2 23135 23163
0 61 72 2 23164 23151
0 61 73 2 23171 23147
0 61 74 2 -23168 -23179
0 61 75 2 23192 -23161
0 61 76 2 -23147 -23194
0 61 77 2 23176 -23176
0 61 78 2 23157 23184
0 61 79 2 -23168 -23136
0 61 80 2 23192 -23171
0 61 81 2 -23144 23141
0 61 82 2 23159 23137
0 61 83 2 23176 -23178
0 61 84 2 23206 -23159
0 61 85 2 -23172 -23167
0 61 86 2 -23144 -23179
0 61 87 2 -23167 23191
0 61 88 2 23206 -23169
0 61 89 2 -23178 23180
0 61 90 2 23174 23180
0 61 91 2 23214 -23156
0 61 92 2 -23153 23163
0 61 93 2 23178 -23134
0 61 94 2 -23151 -23154
0 61 95 2 -23169 -23189
0 61 96 2 -23163 -23179
0 61 97 2 32753 24
0 61 98 2 -23231 23164
0 61 99 2 23134 -23182
0 61 100 2 -23193 23160
0 61 101 2 -23202 23144
0 61 102 2 -23175 23129
0 61 103 2 23164 23161
0 61 104 2 -23172 23153
0 61 105 2 -23191 -23166
0 61 106 2 23145 -23166
0 61 107 2 -23177 -23179
0 61 108 2 -23158 -23164
0 61 109 2 23189 -23166
0 61 110 2 -23158 -23143
0 61 111 2 -23169 23141
0 61 112 2 23165 -23191
0 61 113 2 -4 -10
0 61 114 2 8 12
0 61 115 2 2 -25
0 61 116 2 -5 -2
0 61 117 2 10 -17
0 61 118 2 7 -7
0 61 119 2 22 -1
0 61 120 2 0 14
0 61 121 2 -36 -2
0 61 122 2 -2 8
0 61 123 2 16 -7
0 61 124 2 -14 31
0 61 125 2 -3 10
0 61 126 2 18 -54
0 61 127 2 17 15
0 61 128 2 -3 -2
0 61 129 2 -20 -20
0 61 130 2 -10 0
0 61 131 2 -16 4
0 61 132 2 -23 0
0 61 133 2 54 -5
0 61 134 2 -18 -15
0 61 135 2 25 11
0 61 136 2 6 -33
0 61 137 2 -31 0
0 61 138 2 16 2
0 61 139 2 -18 2
0 61 140 2 -32 12
0 61 141 2 0 -17
0 61 142 2 11 14
0 61 143 2 10 2
0 61 144 2 23190 23174
0 61 145 2 23158 -23148
0 61 146 2 23181 23182
0 61 147 2 23186 23154
0 61 148 2 -23164 23145
0 61 149 2 23173 23167
0 61 150 2 -23203 23170
0 61 151 2 23170 23186
0 61 152 2 23156 -23153
0 61 153 2 -23170 -23166
0 61 154 2 -23223 23147
0 61 155 2 -23155 23174
0 61 156 2 23177 23205
0 61 157 2 23176 23172
0 61 158 2 23147 -23125
0 61 159 2 32762 13
0 61 160 2 23158 -23156
0 61 161 2 -23166 -23185
0 61 162 2 -23191 23151
0 61 163 2 23185 -23116
0 61 164 2 23190 -23170
0 61 165 2 23148 23177
0 61 166 2 23220 -23177
0 61 167 2 -23147 -23142
0 61 168 2 -23193 23170
0 61 169 2 23174 23188
0 61 170 2 -23168 23149
0 61 171 2 23180 -23127
0 61 172 2 -23133 -23174
0 61 173 2 23197 23187
0 61 174 2 23179 -23128
0 61 175 2 23176 -23143
0 61 176 2 23141 -23156
0 61 177 2 -23159 -23176
0 61 178 2 -23185 23143
0 61 179 2 -23170 -23183
0 61 180 2 -23185 23176
0 61 181 2 -23155 -23150
0 61 182 2 -23188 23161
0 61 183 2 -23148 -23175
0 61 184 2 -23179 -23207
0 61 185 2 23202 -23124
0 61 186 2 23193 23168
0 61 187 2 -23216 -23151
0 61 188 2 -23155 -23184
0 61 189 2 23181 -23188
0 61 190 2 -23191 23147
0 61 191 2 32763 0
0 61 192 2 23147 -23177
0 61 193 2 23138 -23177
0 61 194 2 -23178 23184
0 61 195 2 -23153 23160
0 61 196 2 23167 -23170
0 61 197 2 23190 -23187
0 61 198 2 23176 -23172
0 61 199 2 23139 -23151
0 61 200 2 -23121 -23155
0 61 201 2 23152 23256
0 61 202 2 -23174 23155
0 61 203 2 23145 -23165
0 61 204 2 -23156 -23194
0 61 205 2 -23161 -23218
0 61 206 2 23211 23173
0 61 207 2 -23110 -23181
0 61 208 2 -23175 23164
0 61 209 2 23205 -23167
0 61 210 2 23194 -23192
0 61 211 2 23163 23181
0 61 212 2 23154 23186
0 61 213 2 -23190 23157
0 61 214 2 23179 -23154
0 61 215 2 23177 -23176
0 61 216 2 23193 -23141
0 61 217 2 -23172 23125
0 61 218 2 23165 23133
0 61 219 2 23174 23161
0 61 220 2 23159 -23145
0 61 221 2 -23176 23171
0 61 222 2 -23191 -23174
0 61 223 2 32794 24
0 61 224 2 -23132 -23168
0 61 225 2 -23169 23144
0 61 226 2 -23146 -23154
0 61 227 2 23168 23163
0 61 228 2 23176 23134
0 61 229 2 23167 23131
0 61 230 2 23179 -23162
0 61 231 2 -23174 -23139
0 61 232 2 23168 23207
0 61 233 2 23175 -23157
0 61 234 2 23143 -23134
0 61 235 2 23147 23195
0 61 236 2 -23144 23144
0 61 237 2 23173 -23159
0 61 238 2 23167 -23143
0 61 239 2 -23211 23175
0 61 240 2 23134 23160
0 61 241 2 23164 -23171
0 61 242 2 -23178 23170
0 61 243 2 23157 23218
0 61 244 2 23195 -23169
0 61 245 2 23147 -23197
0 61 246 2 23149 23155
0 61 247 2 -23157 23154
0 61 248 2 23157 23162
0 61 249 2 -23140 23139
0 61 250 2 23122 23150
0 61 251 2 23153 -23151
0 61 252 2 23125 23171
0 61 253 2 -23188 -23211
0 61 254 2 -23179 23160
0 61 255 2 32765 23
0 62 0 2 -469 43
0 62 1 2 32754 8
0 62 2 2 -23185 23150
0 62 3 2 -23146 -23169
0 62 4 2 -23189 23131
0 62 5 2 -23159 -23206
0 62 6 2 -23155 -23144
0 62 7 2 23166 -23172
0 62 8 2 23154 23187
0 62 9 2 -23179 -23163
0 62 10 2 -23170 23187
0 62 11 2 -23145 -23211
0 62 12 2 -23197 23140
0 62 13 2 23196 23168
0 62 14 2 23169 -23120
0 62 15 2 23172 -23147
0 62 16 2 23168 23194
0 62 17 2 -23163 23135
0 62 18 2 -23198 -23191
0 62 19 2 23167 23174
0 62 20 2 23173 23173
0 62 21 2 23190 -23180
0 62 22 2 -23157 23152
0 62 23 2 -23152 -23176
0 62 24 2 23160 -23138
0 62 25 2 23149 -23186
0 62 26 2 23135 23206
0 62 27 2 23183 -23166
0 62 28 2 -23161 -23163
0 62 29 2 -23175 -23205
0 62 30 2 23176 -23156
0 62 31 2 -23164 23151
0 62 32 2 -23190 23151
0 62 33 2 32715 16
0 62 34 2 -23173 23159
0 62 35 2 -23180 23170
0 62 36 2 23149 23164
0 62 37 2 -23184 -23180
0 62 38 2 -23139 -23174
0 62 39 2 -23164 23158
0 62 40 2 23187 -23196
0 62 41 2 23165 23183
0 62 42 2 -23166 23152
0 62 43 2 -23172 23175
0 62 44 2 23181 -23141
0 62 45 2 -23182 23167
0 62 46 2 23187 -23153
0 62 47 2 23148 23181
0 62 48 2 23174 23161
0 62 49 2 -23176 -23152
0 62 50 2 23169 -23144
0 62 51 2 23167 -23133
0 62 52 2 23202 -23168
0 62 53 2 -23137 -23132
0 62 54 2 23165 -23151
0 62 55 2 23145 23167
0 62 56 2 23128 23163
0 62 57 2 -23152 -23175
0 62 58 2 23194 -23195
0 62 59 2 23190 -23130
0 62 60 2 23170 23168
0 62 61 2 23170 23174
0 62 62 2 23160 23191
0 62 63 2 23147 23188
0 62 64 2 23160 23180
0 62 65 2 32763 8
0 62 66 2 -23178 23137
0 62 67 2 23187 23160
0 62 68 2 23177 -23154
0 62 69 2 23205 -23164
0 62 70 2 23174 -23162
0 62 71 2 23200 -23160
0 62 72 2 23194 -23150
0 62 73 2 -23141 -23182
0 62 74 2 -23178 -23169
0 62 75 2 -23164 -23172
0 62 76 2 -23174 -23176
0 62 77 2 23188 -23158
0 62 78 2 23194 -23163
0 62 79 2 23170 23149
0 62 80 2 23163 -23180
0 62 81 2 -23169 -23161
0 62 82 2 23157 -23179
0 62 83 2 23186 -23147
0 62 84 2 23152 -23184
0 62 85 2 -23189 23194
0 62 86 2 -23176 -23157
0 62 87 2 -23153 23166
0 62 88 2 23173 23161
0 62 89 2 -23124 -23164
0 62 90 2 23141 23178
0 62 91 2 23182 -23141
0 62 92 2 -23165 23211
0 62 93 2 -23120 -23158
0 62 94 2 -23150 -23212
0 62 95 2 -23175 -23186
0 62 96 2 23199 -23151
0 62 97 2 32769 20
0 62 98 2 -23126 -23141
0 62 99 2 -23140 -23162
0 62 100 2 23201 -23161
0 62 101 2 23125 23168
0 62 102 2 23193 -23163
0 62 103 2 -23150 23153
0 62 104 2 -23184 -23189
0 62 105 2 23177 23161
0 62 106 2 23173 23188
0 62 107 2 -23191 23169
0 62 108 2 23138 23163
0 62 109 2 -23156 -23175
0 62 110 2 23206 23197
0 62 111 2 -23162 23138
0 62 112 2 23144 23166
0 62 113 2 4 51
0 62 114 2 17 24
0 62 115 2 8 -22
0 62 116 2 -19 35
0 62 117 2 10 29
0 62 118 2 -32 -4
0 62 119 2 -38 -24
0 62 120 2 9 -31
0 62 121 2 8 23
0 62 122 2 -9 3
0 62 123 2 21 1
0 62 124 2 -32 27
0 62 125 2 -2 -16
0 62 126 2 13 23
0 62 127 2 19 -3
0 62 128 2 11 4
0 62 129 2 -5 -19
0 62 130 2 -6 -7
0 62 131 2 0 6
0 62 132 2 -10 -4
0 62 133 2 16 -18
0 62 134 2 -6 27
0 62 135 2 -13 3
0 62 136 2 -12 -8
0 62 137 2 14 -25
0 62 138 2 -19 -24
0 62 139 2 27 6
0 62 140 2 4 -23
0 62 141 2 -31 4
0 62 142 2 -19 -8
0 62 143 2 -2 -31
0 62 144 2 23139 23161
0 62 145 2 -23164 23154
0 62 146 2 23162 23185
0 62 147 2 -23200 23191
0 62 148 2 23164 -23166
0 62 149 2 23181 -23160
0 62 150 2 23186 23184
0 62 151 2 23149 23159
0 62 152 2 23147 23147
0 62 153 2 23209 -23167
0 62 154 2 23168 23168
0 62 155 2 -23190 23147
0 62 156 2 -23194 23205
0 62 157 2 -23181 23158
0 62 158 2 23175 -23177
0 62 159 2 32792 -11
0 62 160 2 -23169 -23197
0 62 161 2 -23137 -23205
0 62 162 2 23185 -23176
0 62 163 2 23175 -23199
0 62 164 2 23174 -23197
0 62 165 2 -23158 23151
0 62 166 2 -23175 -23193
0 62 167 2 23154 -23172
0 62 168 2 23173 23199
0 62 169 2 23156 23188
0 62 170 2 23170 -23159
0 62 171 2 -23150 -23211
0 62 172 2 23159 23177
0 62 173 2 -23180 -23182
0 62 174 2 -23163 23193
0 62 175 2 23156 -23153
0 62 176 2 23152 -23148
0 62 177 2 23169 23152
0 62 178 2 -23151 23153
0 62 179 2 -23159 -23169
0 62 180 2 -23196 23154
0 62 181 2 23163 -23154
0 62 182 2 23129 23184
0 62 183 2 -23203 23132
0 62 184 2 23178 -23163
0 62 185 2 -23169 -23186
0 62 186 2 23199 -23149
0 62 187 2 23196 -23176
0 62 188 2 -23177 23142
0 62 189 2 23188 -23188
0 62 190 2 -23176 23158
0 62 191 2 32771 6
0 62 192 2 -23182 23140
0 62 193 2 23139 23193
0 62 194 2 23181 -23156
0 62 195 2 -23199 23188
0 62 196 2 -23181 -23166
0 62 197 2 -23178 23178
0 62 198 2 23154 23196
0 62 199 2 -23135 -23158
0 62 200 2 -23195 23149
0 62 201 2 23154 -23141
0 62 202 2 23152 23164
0 62 203 2 23177 23189
0 62 204 2 -23172 -23182
0 62 205 2 -23166 -23189
0 62 206 2 23133 23158
0 62 207 2 -23191 23128
0 62 208 2 23192 23192
0 62 209 2 -23168 23165
0 62 210 2 23160 23188
0 62 211 2 -23164 23168
0 62 212 2 -23157 -23187
0 62 213 2 23170 -23179
0 62 214 2 -23179 23181
0 62 215 2 -23210 23147
0 62 216 2 -23134 -23149
0 62 217 2 23139 -23131
0 62 218 2 -23166 -23160
0 62 219 2 -23175 -23177
0 62 220 2 -23146 -23186
0 62 221 2 -23187 23124
0 62 222 2 23194 23145
0 62 223 2 32771 -20
0 62 224 2 -23143 23117
0 62 225 2 23162 23187
0 62 226 2 -23139 23172
0 62 227 2 -23157 -23192
0 62 228 2 23169 23164
0 62 229 2 23192 -23136
0 62 230 2 -23210 -23156
0 62 231 2 23159 -23151
0 62 232 2 -23150 -23192
0 62 233 2 23185 -23204
0 62 234 2 23145 23148
0 62 235 2 23177 -23202
0 62 236 2 23155 -23156
0 62 237 2 -23192 -23171
0 62 238 2 23177 -23191
0 62 239 2 23167 -23125
0 62 240 2 -23127 23172
0 62 241 2 23180 -23134
0 62 242 2 23171 -23106
0 62 243 2 23141 23190
0 62 244 2 -23170 -23198
0 62 245 2 -23114 -23182
0 62 246 2 23179 23203
0 62 247 2 -23169 23139
0 62 248 2 23144 23178
0 62 249 2 23192 -23196
0 62 250 2 -23176 -23177
0 62 251 2 -23155 -23179
0 62 252 2 23211 23191
0 62 253 2 -23169 23153
0 62 254 2 -23126 -23154
0 62 255 2 32763 21
0 63 0 2 -457 65
0 63 1 2 32781 -12
0 63 2 2 -23184 23174
0 63 3 2 23191 23202
0 63 4 2 23143 23167
0 63 5 2 -23182 -23190
0 63 6 2 23178 -23142
0 63 7 2 23138 23186
0 63 8 2 23168 23180
0 63 9 2 23184 23197
0 63 10 2 -23181 -23141
0 63 11 2 -23176 23159
0 63 12 2 -23140 -23179
0 63 13 2 23136 23180
0 63 14 2 -23153 -23170
0 63 15 2 23202 -23168
0 63 16 2 -23137 -23200
0 63 17 2 23199 -23126
0 63 18 2 23171 -23189
0 63 19 2 23177 -23166
0 63 20 2 -23176 23163
0 63 21 2 -23189 23163
0 63 22 2 23127 23156
0 63 23 2 -23180 23167
0 63 24 2 -23140 23159
0 63 25 2 23182 23163
0 63 26 2 -23178 23159
0 63 27 2 23156 23201
0 63 28 2 23187 -23157
0 63 29 2 -23197 23161
0 63 30 2 23178 -23181
0 63 31 2 -23171 23180
0 63 32 2 -23180 -23180
0 63 33 2 32746 30
0 63 34 2 23148 23188
0 63 35 2 23154 -23176
0 63 36 2 23181 -23135
0 63 37 2 -23167 23198
0 63 38 2 -23221 23166
0 63 39 2 23187 -23192
0 63 40 2 23155 23176
0 63 41 2 -23186 -23170
0 63 42 2 -23147 23142
0 63 43 2 23164 23157
0 63 44 2 23172 23168
0 63 45 2 23154 23112
0 63 46 2 -23150 -23174
0 63 47 2 -23129 -23146
0 63 48 2 -23192 23167
0 63 49 2 -23181 -23193
0 63 50 2 23152 23172
0 63 51 2 -23146 -23183
0 63 52 2 -23223 23154
0 63 53 2 -23165 -23186
0 63 54 2 -23133 -23159
0 63 55 2 -23165 23170
0 63 56 2 23143 23195
0 63 57 2 -23177 -23162
0 63 58 2 23162 23190
0 63 59 2 -23179 -23150
0 63 60 2 -23176 23163
0 63 61 2 23170 -23183
0 63 62 2 -23182 23155
0 63 63 2 -23177 23140
0 63 64 2 23143 23157
0 63 65 2 32771 -1
0 63 66 2 23179 -23172
0 63 67 2 23189 -23161
0 63 68 2 -23163 23141
0 63 69 2 23181 23184
0 63 70 2 -23194 23136
0 63 71 2 23147 23195
0 63 72 2 -23164 -23161
0 63 73 2 23173 -23165
0 63 74 2 -23185 23204
0 63 75 2 23177 23190
0 63 76 2 23186 -23147
0 63 77 2 23173 23186
0 63 78 2 -23192 23190
0 63 79 2 -23148 -23156
0 63 80 2 -23165 23171
0 63 81 2 -23185 -23167
0 63 82 2 23161 -23166
0 63 83 2 -23175 23138
0 63 84 2 23172 -23155
0 63 85 2 23165 23173
0 63 86 2 23168 23186
0 63 87 2 23164 -23161
0 63 88 2 -23176 -23180
0 63 89 2 -23151 -23190
0 63 90 2 23183 23203
0 63 91 2 23153 -23147
0 63 92 2 -23177 23156
0 63 93 2 -23180 23154
0 63 94 2 23164 23148
0 63 95 2 -23168 -23168
0 63 96 2 23176 -23170
0 63 97 2 32778 4
0 63 98 2 23188 23181
0 63 99 2 23183 -23193
0 63 100 2 23166 23150
0 63 101 2 -23099 -23200
0 63 102 2 -23156 23145
0 63 103 2 23130 23182
0 63 104 2 -23195 23149
0 63 105 2 -23201 23169
0 63 106 2 -23176 23163
0 63 107 2 -23165 23158
0 63 108 2 23166 -23142
0 63 109 2 23143 23178
0 63 110 2 23152 23165
0 63 111 2 23206 -23135
0 63 112 2 23197 -23153
0 63 113 2 23 -31
0 63 114 2 -5 22
0 63 115 2 -6 -10
0 63 116 2 13 10
0 63 117 2 -17 -1
0 63 118 2 -8 23
0 63 119 2 -27 2
0 63 120 2 -3 -6
0 63 121 2 16 -19
0 63 122 2 -19 32
0 63 123 2 -7 7
0 63 124 2 -2 16
0 63 125 2 -35 -44
0 63 126 2 -15 -27
0 63 127 2 0 -8
0 63 128 2 -2 -33
0 63 129 2 -16 0
0 63 130 2 -10 -8
0 63 131 2 0 -4
0 63 132 2 -23 -13
0 63 133 2 13 -6
0 63 134 2 0 0
0 63 135 2 18 35
0 63 136 2 -10 2
0 63 137 2 37 -14
0 63 138 2 3 4
0 63 139 2 -24 -32
0 63 140 2 -9 0
0 63 141 2 -6 -12
0 63 142 2 15 -14
0 63 143 2 0 17
0 63 144 2 -23169 23128
0 63 145 2 -23220 23192
0 63 146 2 23188 -23196
0 63 147 2 23168 23174
0 63 148 2 -23208 23168
0 63 149 2 23166 -23163
0 63 150 2 23162 23177
0 63 151 2 23167 23168
0 63 152 2 -23172 -23182
0 63 153 2 -23162 -23144
0 63 154 2 23150 23146
0 63 155 2 -23188 23162
0 63 156 2 23152 23198
0 63 157 2 23145 -23158
0 63 158 2 -23178 23158
0 63 159 2 32771 14
0 63 160 2 -23191 23176
0 63 161 2 -23174 23173
0 63 162 2 -23194 23122
0 63 163 2 23169 -23148
0 63 164 2 -23173 23184
0 63 165 2 -23159 -23164
0 63 166 2 -23184 -23179
0 63 167 2 -23167 -23151
0 63 168 2 23186 -23184
0 63 169 2 -23138 -23182
0 63 170 2 23160 -23164
0 63 171 2 23165 23178
0 63 172 2 -23173 23138
0 63 173 2 23134 23206
0 63 174 2 23189 -23173
0 63 175 2 23152 23176
0 63 176 2 23189 -23147
0 63 177 2 23182 23171
0 63 178 2 23164 -23160
0 63 179 2 23203 -23159
0 63 180 2 23201 -23156
0 63 181 2 23159 23151
0 63 182 2 -23178 23170
0 63 183 2 23160 23204
0 63 184 2 23181 -23146
0 63 185 2 -23171 23168
0 63 186 2 23147 23198
0 63 187 2 -23217 23181
0 63 188 2 -23148 23141
0 63 189 2 23178 -23151
0 63 190 2 -23175 23157
0 63 191 2 32757 -17
0 63 192 2 23157 23155
0 63 193 2 -23150 23161
0 63 194 2 -23141 -23144
0 63 195 2 -23164 23187
0 63 196 2 23169 -23163
0 63 197 2 -23192 23169
0 63 198 2 -23141 -23167
0 63 199 2 -23208 -23169
0 63 200 2 -23194 23143
0 63 201 2 -23151 -23205
0 63 202 2 -23165 -23185
0 63 203 2 23164 23189
0 63 204 2 23158 23185
0 63 205 2 23155 23155
0 63 206 2 -23182 23172
0 63 207 2 -23154 23185
0 63 208 2 23165 -23199
0 63 209 2 23185 23169
0 63 210 2 -23180 -23195
0 63 211 2 -23220 -23175
0 63 212 2 23162 23181
0 63 213 2 -23156 23161
0 63 214 2 23184 -23193
0 63 215 2 -23148 -23178
0 63 216 2 -23148 -23148
0 63 217 2 -23198 23130
0 63 218 2 23167 23201
0 63 219 2 -23119 -23192
0 63 220 2 23168 -23179
0 63 221 2 23169 23151
0 63 222 2 -23173 -23177
0 63 223 2 32750 -18
0 63 224 2 23219 -23185
0 63 225 2 23178 23158
0 63 226 2 23186 23185
0 63 227 2 23164 -23173
0 63 228 2 23148 23182
0 63 229 2 23134 23204
0 63 230 2 -23149 23126
0 63 231 2 23133 23148
0 63 232 2 -23193 23189
0 63 233 2 -23176 -23201
0 63 234 2 23183 -23165
0 63 235 2 -23184 23172
0 63 236 2 -23169 -23199
0 63 237 2 -23201 23140
0 63 238 2 23208 -23177
0 63 239 2 -23189 -23174
0 63 240 2 -23166 23185
0 63 241 2 -23146 23156
0 63 242 2 -23146 23158
0 63 243 2 -23145 -23161
0 63 244 2 23201 -23159
0 63 245 2 -23186 -23162
0 63 246 2 23154 23161
0 63 247 2 23137 23185
0 63 248 2 -23204 23179
0 63 249 2 -23192 23140
0 63 250 2 23162 -23129
0 63 251 2 -23169 -23146
0 63 252 2 23154 23154
0 63 253 2 -23162 -23182
0 63 254 2 23217 -23147
0 63 255 2 32734 1
0 64 0 2 -478 75
0 64 1 2 32728 23
0 64 2 2 23150 23174
0 64 3 2 23193 -23163
0 64 4 2 23164 -23171
0 64 5 2 -23165 -23195
0 64 6 2 -23167 23175
0 64 7 2 23176 -23200
0 64 8 2 -23164 23186
0 64 9 2 23204 23148
0 64 10 2 23170 23211
0 64 11 2 -23209 23144
0 64 12 2 23131 23189
0 64 13 2 23161 -23134
0 64 14 2 23166 23159
0 64 15 2 23183 23166
0 64 16 2 23185 -23166
0 64 17 2 -23175 23146
0 64 18 2 -23197 23155
0 64 19 2 -23143 -23167
0 64 20 2 -23179 23147
0 64 21 2 23154 -23171
0 64 22 2 -23184 23166
0 64 23 2 -23194 -23138
0 64 24 2 23206 -23146
0 64 25 2 23175 23162
0 64 26 2 -23189 -23205
0 64 27 2 23183 -23151
0 64 28 2 -23175 23174
0 64 29 2 23171 23170
0 64 30 2 23153 23207
0 64 31 2 23159 -23186
0 64 32 2 -23167 -23153
0 64 33 2 32785 3
0 64 34 2 -23146 -23174
0 64 35 2 23164 23185
0 64 36 2 23171 -23153
0 64 37 2 -23143 -23197
0 64 38 2 23177 -23156
0 64 39 2 -23159 23182
0 64 40 2 -23142 -23180
0 64 41 2 -23183 23118
0 64 42 2 -23187 -23183
0 64 43 2 -23180 23190
0 64 44 2 23193 -23175
0 64 45 2 -23143 -23196
0 64 46 2 23162 23154
0 64 47 2 -23152 23169
0 64 48 2 23202 23187
0 64 49 2 -23197 23163
0 64 50 2 23168 -23148
0 64 51 2 23179 -23148
0 64 52 2 23093 23196
0 64 53 2 -23165 -23171
0 64 54 2 23139 23148
0 64 55 2 23175 -23183
0 64 56 2 23186 23161
0 64 57 2 -23182 -23177
0 64 58 2 23166 -23148
0 64 59 2 -23181 -23194
0 64 60 2 23197 -23179
0 64 61 2 23170 -23174
0 64 62 2 23178 -23182
0 64 63 2 23191 -23154
0 64 64 2 -23146 -23163
0 64 65 2 32769 -26
0 64 66 2 -23154 -23170
0 64 67 2 23170 -23180
0 64 68 2 23172 23152
0 64 69 2 -23165 23172
0 64 70 2 23200 -23193
0 64 71 2 -23145 -23194
0 64 72 2 23159 23141
0 64 73 2 -23188 23169
0 64 74 2 23162 23186
0 64 75 2 23186 23185
0 64 76 2 23166 -23162
0 64 77 2 23192 23215
0 64 78 2 23121 23163
0 64 79 2 -23140 23152
0 64 80 2 -23175 23134
0 64 81 2 -23191 23146
0 64 82 2 -23171 -23147
0 64 83 2 23166 23171
0 64 84 2 -23187 23144
0 64 85 2 23182 23177
0 64 86 2 -23155 23151
0 64 87 2 23114 23170
0 64 88 2 -23161 -23168
0 64 89 2 -23172 -23164
0 64 90 2 23132 -23153
0 64 91 2 -23182 23142
0 64 92 2 23152 -23182
0 64 93 2 23142 23190
0 64 94 2 23190 23191
0 64 95 2 -23167 23168
0 64 96 2 23174 23173
0 64 97 2 32726 32
0 64 98 2 23186 23147
0 64 99 2 -23152 -23179
0 64 100 2 23170 23170
0 64 101 2 23136 23180
0 64 102 2 23162 -23165
0 64 103 2 23159 23161
0 64 104 2 -23157 -23202
0 64 105 2 23149 23199
0 64 106 2 -23169 23173
0 64 107 2 -23215 23158
0 64 108 2 -23190 -23151
0 64 109 2 23193 -23157
0 64 110 2 -23206 23141
0 64 111 2 23185 -23160
0 64 112 2 -23170 23161
0 64 113 2 0 -11
0 64 114 2 -22 22
0 64 115 2 -21 14
0 64 116 2 -2 -7
0 64 117 2 8 -11
0 64 118 2 -41 19
0 64 119 2 0 -23
0 64 120 2 -3 -3
0 64 121 2 0 -3
0 64 122 2 -4 18
0 64 123 2 41 4
0 64 124 2 12 19
0 64 125 2 4 13
0 64 126 2 -9 3
0 64 127 2 0 17
0 64 128 2 14 31
0 64 129 2 24 -7
0 64 130 2 -26 -1
0 64 131 2 0 -9
0 64 132 2 14 -12
0 64 133 2 -3 14
0 64 134 2 -28 -15
0 64 135 2 -27 -7
0 64 136 2 27 38
0 64 137 2 -19 -4
0 64 138 2 21 14
0 64 139 2 -6 -14
0 64 140 2 1 -16
0 64 141 2 0 16
0 64 142 2 27 -6
0 64 143 2 -15 -19
0 64 144 2 23200 -23179
0 64 145 2 -23173 23207
0 64 146 2 23166 23192
0 64 147 2 -23167 23135
0 64 148 2 -23149 -23159
0 64 149 2 23196 -23159
0 64 150 2 -23170 23185
0 64 151 2 23143 23159
0 64 152 2 -23155 23174
0 64 153 2 23206 23187
0 64 154 2 -23168 23167
0 64 155 2 -23185 -23147
0 64 156 2 -23154 -23209
0 64 157 2 23146 -23165
0 64 158 2 23153 23158
0 64 159 2 32763 18
0 64 160 2 23133 23181
0 64 161 2 23169 23171
0 64 162 2 -23189 -23174
0 64 163 2 -23137 -23135
0 64 164 2 -23173 23148
0 64 165 2 -23155 23147
0 64 166 2 -23198 23150
0 64 167 2 -23182 23145
0 64 168 2 -23149 -23166
0 64 169 2 -23161 -23200
0 64 170 2 23184 23194
0 64 171 2 -23174 23160
0 64 172 2 -23157 23170
0 64 173 2 -23179 23155
0 64 174 2 23177 23123
0 64 175 2 23142 23179
0 64 176 2 23162 23169
0 64 177 2 23154 23165
0 64 178 2 -23180 23160
0 64 179 2 23147 23178
0 64 180 2 -23147 -23196
0 64 181 2 23106 23193
0 64 182 2 -23189 23127
0 64 183 2 -23172 -23163
0 64 184 2 -23161 23166
0 64 185 2 -23145 -23188
0 64 186 2 -23177 -23182
0 64 187 2 -23180 23153
0 64 188 2 23168 23172
0 64 189 2 23179 -23152
0 64 190 2 23142 23172
0 64 191 2 32741 14
0 64 192 2 -23198 23153
0 64 193 2 -23153 -23159
0 64 194 2 -23155 23162
0 64 195 2 -23153 -23196
0 64 196 2 -23171 23166
0 64 197 2 -23191 -23187
0 64 198 2 -23165 -23156
0 64 199 2 -23213 23149
0 64 200 2 23154 23186
0 64 201 2 23175 -23183
0 64 202 2 23156 23188
0 64 203 2 -23202 23190
0 64 204 2 23184 -23172
0 64 205 2 -23176 23170
0 64 206 2 23152 -23140
0 64 207 2 23191 23148
0 64 208 2 -23202 23187
0 64 209 2 -23175 23153
0 64 210 2 -23213 23212
0 64 211 2 23176 -23214
0 64 212 2 -23166 -23183
0 64 213 2 23168 -23193
0 64 214 2 23150 23189
0 64 215 2 -23158 -23162
0 64 216 2 23176 23212
0 64 217 2 23125 23179
0 64 218 2 23162 23198
0 64 219 2 -23173 -23187
0 64 220 2 23197 -23154
0 64 221 2 -23148 -23172
0 64 222 2 23151 23158
0 64 223 2 32785 44
0 64 224 2 23163 -23145
0 64 225 2 -23183 23162
0 64 226 2 23171 -23148
0 64 227 2 -23172 23157
0 64 228 2 -23163 -23188
0 64 229 2 -23164 -23193
0 64 230 2 23173 23161
0 64 231 2 23184 -23145
0 64 232 2 23160 23171
0 64 233 2 -23160 -23196
0 64 234 2 -23186 23185
0 64 235 2 -23172 23188
0 64 236 2 23137 23185
0 64 237 2 23198 -23169
0 64 238 2 -23168 -23163
0 64 239 2 23194 23158
0 64 240 2 23157 23153
0 64 241 2 -23179 23139
0 64 242 2 23157 -23166
0 64 243 2 -23177 -23191
0 64 244 2 -23166 23170
0 64 245 2 -23161 23159
0 64 246 2 -23191 23159
0 64 247 2 -23133 -23181
0 64 248 2 -23183 -23173
0 64 249 2 -23144 -23206
0 64 250 2 23128 23135
0 64 251 2 23174 23201
0 64 252 2 23159 23203
0 64 253 2 -23159 -23182
0 64 254 2 23184 -23170
0 64 255 2 32773 42
0 65 0 2 -456 84
0 65 1 2 32782 1
0 65 2 2 -23173 23177
0 65 3 2 23158 23177
0 65 4 2 -23160 23148
0 65 5 2 23207 23178
0 65 6 2 -23149 -23165
0 65 7 2 -23175 -23171
0 65 8 2 -23161 -23155
0 65 9 2 23186 23169
0 65 10 2 23207 -23173
0 65 11 2 23165 -23165
0 65 12 2 -23141 -23173
0 65 13 2 -23160 -23196
0 65 14 2 -23147 -23173
0 65 15 2 23145 23144
0 65 16 2 -23146 -23190
0 65 17 2 -23183 -23179
0 65 18 2 23189 -23207
0 65 19 2 -23164 -23202
0 65 20 2 -23143 23172
0 65 21 2 -23166 23150
0 65 22 2 23197 -23186
0 65 23 2 23142 23169
0 65 24 2 23150 23184
0 65 25 2 23164 -23148
0 65 26 2 -23184 23152
0 65 27 2 -23192 -23172
0 65 28 2 23160 -23173
0 65 29 2 -23154 -23167
0 65 30 2 23169 -23157
0 65 31 2 -23126 -23171
0 65 32 2 23161 -23173
0 65 33 2 32720 33
0 65 34 2 23170 23207
0 65 35 2 -23172 -23146
0 65 36 2 23186 -23177
0 65 37 2 23187 -23170
0 65 38 2 -23170 -23140
0 65 39 2 23180 -23130
0 65 40 2 -23173 23152
0 65 41 2 23199 -23185
0 65 42 2 -23144 -23157
0 65 43 2 23156 23173
0 65 44 2 23209 -23155
0 65 45 2 -23152 -23168
0 65 46 2 23149 -23157
0 65 47 2 23142 23177
0 65 48 2 -23180 -23185
0 65 49 2 23154 23176
0 65 50 2 -23175 23173
0 65 51 2 23161 23185
0 65 52 2 23216 -23173
0 65 53 2 -23140 -23199
0 65 54 2 23171 23136
0 65 55 2 23208 -23173
0 65 56 2 23208 -23174
0 65 57 2 -23167 23154
0 65 58 2 -23195 23170
0 65 59 2 -23174 23178
0 65 60 2 -23173 23174
0 65 61 2 -23155 23185
0 65 62 2 23159 23161
0 65 63 2 -23162 23156
0 65 64 2 23186 -23176
0 65 65 2 32791 9
0 65 66 2 -23189 23184
0 65 67 2 -23179 -23176
0 65 68 2 23184 23197
0 65 69 2 23176 -23168
0 65 70 2 -23201 23158
0 65 71 2 -23162 23125
0 65 72 2 -23191 23151
0 65 73 2 23162 23155
0 65 74 2 23177 -23151
0 65 75 2 23171 -23179
0 65 76 2 -23162 23174
0 65 77 2 -23193 23213
0 65 78 2 23137 23181
0 65 79 2 -23170 -23191
0 65 80 2 23159 23175
0 65 81 2 -23159 -23179
0 65 82 2 -23191 23172
0 65 83 2 23181 23136
0 65 84 2 23170 -23143
0 65 85 2 23169 -23153
0 65 86 2 23143 -23122
0 65 87 2 23173 -23188
0 65 88 2 -23162 -23159
0 65 89 2 23136 23152
0 65 90 2 -23187 23137
0 65 91 2 23181 -23155
0 65 92 2 23193 -23193
0 65 93 2 23179 -23161
0 65 94 2 23145 23185
0 65 95 2 23170 -23172
0 65 96 2 23149 23210
0 65 97 2 32796 -11
0 65 98 2 23150 23173
0 65 99 2 23183 -23187
0 65 100 2 -23148 23168
0 65 101 2 23140 -23176
0 65 102 2 -23191 23144
0 65 103 2 -23151 -23177
0 65 104 2 23162 23185
0 65 105 2 23149 23172
0 65 106 2 -23169 23157
0 65 107 2 -23135 -23206
0 65 108 2 -23184 23175
0 65 109 2 23169 23177
0 65 110 2 23163 23179
0 65 111 2 -23208 -23192
0 65 112 2 23177 -23131
0 65 113 2 2 17
0 65 114 2 0 -17
0 65 115 2 10 5
0 65 116 2 -18 -17
0 65 117 2 -10 6
0 65 118 2 -6 0
0 65 119 2 -2 0
0 65 120 2 -16 20
0 65 121 2 -1 -16
0 65 122 2 0 -15
0 65 123 2 7 0
0 65 124 2 17 12
0 65 125 2 -2 -18
0 65 126 2 1 9
0 65 127 2 2 -16
0 65 128 2 -22 25
0 65 129 2 -6 -19
0 65 130 2 20 3
0 65 131 2 48 -3
0 65 132 2 11 13
0 65 133 2 -7 8
0 65 134 2 15 -30
0 65 135 2 0 -36
0 65 136 2 -14 -5
0 65 137 2 -29 -35
0 65 138 2 14 -25
0 65 139 2 15 8
0 65 140 2 7 22
0 65 141 2 7 -30
0 65 142 2 -44 19
0 65 143 2 -14 -10
0 65 144 2 23140 23168
0 65 145 2 23148 23175
0 65 146 2 -23163 23171
0 65 147 2 -23213 23190
0 65 148 2 23140 -23185
0 65 149 2 -23222 23184
0 65 150 2 23197 23169
0 65 151 2 -23162 -23183
0 65 152 2 23145 23202
0 65 153 2 -23168 -23185
0 65 154 2 23167 -23161
0 65 155 2 23169 23193
0 65 156 2 -23179 -23177
0 65 157 2 23165 -23157
0 65 158 2 -23160 -23160
0 65 159 2 32768 -50
0 65 160 2 23176 -23173
0 65 161 2 23161 -23205
0 65 162 2 -23159 23162
0 65 163 2 -23199 23144
0 65 164 2 23178 23166
0 65 165 2 -23134 -23146
0 65 166 2 23144 23171
0 65 167 2 -23166 -23181
0 65 168 2 -23137 -23152
0 65 169 2 -23137 23153
0 65 170 2 23168 23169
0 65 171 2 23173 23202
0 65 172 2 -23178 23138
0 65 173 2 23199 -23187
0 65 174 2 23196 -23156
0 65 175 2 -23198 -23178
0 65 176 2 -23181 -23211
0 65 177 2 23147 23191
0 65 178 2 -23148 -23152
0 65 179 2 23190 -23182
0 65 180 2 -23178 23166
0 65 181 2 23146 23147
0 65 182 2 23145 23179
0 65 183 2 23163 -23167
0 65 184 2 -23157 23129
0 65 185 2 -23181 23146
0 65 186 2 23158 23205
0 65 187 2 -23173 23151
0 65 188 2 -23193 23204
0 65 189 2 23142 23156
0 65 190 2 23166 23201
0 65 191 2 32763 21
0 65 192 2 23152 23102
0 65 193 2 -23152 -23175
0 65 194 2 -23193 -23184
0 65 195 2 -23207 23148
0 65 196 2 23174 23162
0 65 197 2 -23181 23175
0 65 198 2 -23184 23186
0 65 199 2 23155 -23169
0 65 200 2 23153 23167
0 65 201 2 23150 -23183
0 65 202 2 23212 -23172
0 65 203 2 -23174 23150
0 65 204 2 23178 -23135
0 65 205 2 -23168 23193
0 65 206 2 23170 23196
0 65 207 2 23164 23167
0 65 208 2 23158 23222
0 65 209 2 23186 23181
0 65 210 2 -23196 23180
0 65 211 2 -23151 -23166
0 65 212 2 -23163 23174
0 65 213 2 23175 23200
0 65 214 2 -23136 -23192
0 65 215 2 23167 23181
0 65 216 2 -23195 -23156
0 65 217 2 23162 23173
0 65 218 2 -23154 -23197
0 65 219 2 23164 -23187
0 65 220 2 -23179 -23188
0 65 221 2 -23192 -23168
0 65 222 2 23134 23190
0 65 223 2 32772 17
0 65 224 2 23188 -23172
0 65 225 2 -23146 -23149
0 65 226 2 -23190 -23151
0 65 227 2 -23176 23187
0 65 228 2 -23144 -23162
0 65 229 2 23185 -23160
0 65 230 2 23135 -23151
0 65 231 2 -23144 -23146
0 65 232 2 23211 -23135
0 65 233 2 23161 -23169
0 65 234 2 -23185 -23181
0 65 235 2 -23189 23178
0 65 236 2 -23198 23172
0 65 237 2 23194 23166
0 65 238 2 23142 23172
0 65 239 2 23190 -23197
0 65 240 2 -23136 -23151
0 65 241 2 -23178 -23197
0 65 242 2 23181 23165
0 65 243 2 -23144 23183
0 65 244 2 -23162 -23190
0 65 245 2 23182 23186
0 65 246 2 -23161 23163
0 65 247 2 -23214 23140
0 65 248 2 23181 -23159
0 65 249 2 -23177 23141
0 65 250 2 -23159 -23173
0 65 251 2 23199 23208
0 65 252 2 23169 -23197
0 65 253 2 -23175 23149
0 65 254 2 23155 23217
0 65 255 2 32793 4
0 66 0 2 -467 78
0 66 1 2 32787 14
0 66 2 2 23132 23181
0 66 3 2 -23201 23151
0 66 4 2 -23161 -23173
0 66 5 2 -23165 -23207
0 66 6 2 -23159 23152
0 66 7 2 -23210 -23150
0 66 8 2 23166 23153
0 66 9 2 23181 -23184
0 66 10 2 23196 23164
0 66 11 2 23196 -23181
0 66 12 2 -23163 23173
0 66 13 2 23155 23168
0 66 14 2 -23162 -23178
0 66 15 2 -23163 23164
0 66 16 2 -23154 -23178
0 66 17 2 23206 -23154
0 66 18 2 -23189 -23177
0 66 19 2 23175 -23168
0 66 20 2 -23158 23182
0 66 21 2 23175 23177
0 66 22 2 -23156 -23157
0 66 23 2 23186 -23172
0 66 24 2 -23192 23150
0 66 25 2 23233 -23154
0 66 26 2 -23208 23173
0 66 27 2 -23167 -23177
0 66 28 2 23156 23200
0 66 29 2 -23194 23150
0 66 30 2 -23145 -23153
0 66 31 2 -23179 23158
0 66 32 2 -23188 23165
0 66 33 2 32742 12
0 66 34 2 23199 -23113
0 66 35 2 23219 -23142
0 66 36 2 -23128 -23178
0 66 37 2 -23140 23180
0 66 38 2 -23160 23173
0 66 39 2 -23137 -23187
0 66 40 2 23202 -23163
0 66 41 2 23185 -23126
0 66 42 2 -23201 -23208
0 66 43 2 23160 23174
0 66 44 2 23186 -23179
0 66 45 2 -23138 23157
0 66 46 2 -23174 -23138
0 66 47 2 -23156 23159
0 66 48 2 -23167 23167
0 66 49 2 23145 23181
0 66 50 2 -23173 -23174
0 66 51 2 -23170 -23179
0 66 52 2 23191 -23156
0 66 53 2 -23211 23174
0 66 54 2 23197 -23139
0 66 55 2 23201 -23146
0 66 56 2 -23148 23159
0 66 57 2 23147 23205
0 66 58 2 23181 23139
0 66 59 2 23132 23199
0 66 60 2 -23149 -23160
0 66 61 2 23178 -23158
0 66 62 2 -23129 -23189
0 66 63 2 -23171 23157
0 66 64 2 -23173 23178
0 66 65 2 32770 -5
0 66 66 2 23142 -23198
0 66 67 2 23210 23196
0 66 68 2 23146 -23161
0 66 69 2 23194 23152
0 66 70 2 23169 23182
0 66 71 2 -23158 23165
0 66 72 2 23175 23159
0 66 73 2 23183 -23146
0 66 74 2 -23177 23152
0 66 75 2 23156 -23182
0 66 76 2 23204 -23153
0 66 77 2 23199 23163
0 66 78 2 -23149 23151
0 66 79 2 -23140 23165
0 66 80 2 23184 -23166
0 66 81 2 -23187 -23186
0 66 82 2 23139 -23156
0 66 83 2 23195 -23150
0 66 84 2 -23183 -23185
0 66 85 2 23178 23172
0 66 86 2 23197 -23178
0 66 87 2 -23165 23157
0 66 88 2 23164 23176
0 66 89 2 23184 -23175
0 66 90 2 23176 -23171
0 66 91 2 23174 -23131
0 66 92 2 23165 -23147
0 66 93 2 23150 -23159
0 66 94 2 23194 -23140
0 66 95 2 23174 23203
0 66 96 2 23172 23178
0 66 97 2 32773 0
0 66 98 2 -23183 -23192
0 66 99 2 23192 -23132
0 66 100 2 23155 23163
0 66 101 2 -23202 23172
0 66 102 2 23170 -23158
0 66 103 2 23172 23186
0 66 104 2 23168 23166
0 66 105 2 23143 23216
0 66 106 2 23138 23165
0 66 107 2 23138 23160
0 66 108 2 -23158 -23170
0 66 109 2 -23180 23151
0 66 110 2 23159 23187
0 66 111 2 -23172 23176
0 66 112 2 23171 -23171
0 66 113 2 32 -8
0 66 114 2 -19 -5
0 66 115 2 -13 16
0 66 116 2 5 13
0 66 117 2 3 -10
0 66 118 2 3 15
0 66 119 2 -12 -5
0 66 120 2 -15 34
0 66 121 2 15 -10
0 66 122 2 18 0
0 66 123 2 -8 20
0 66 124 2 10 -5
0 66 125 2 16 20
0 66 126 2 -27 -24
0 66 127 2 -4 -40
0 66 128 2 -5 20
0 66 129 2 9 -9
0 66 130 2 -43 -13
0 66 131 2 0 -8
0 66 132 2 2 12
0 66 133 2 6 0
0 66 134 2 13 7
0 66 135 2 16 3
0 66 136 2 0 -27
0 66 137 2 -16 3
0 66 138 2 -12 -54
0 66 139 2 -16 17
0 66 140 2 -13 13
0 66 141 2 7 -18
0 66 142 2 -28 6
0 66 143 2 -22 3
0 66 144 2 23159 -23141
0 66 145 2 23184 -23145
0 66 146 2 23149 -23140
0 66 147 2 23129 23197
0 66 148 2 -23193 -23181
0 66 149 2 23162 -23193
0 66 150 2 23191 -23168
0 66 151 2 -23175 23168
0 66 152 2 23205 -23127
0 66 153 2 -23163 -23148
0 66 154 2 -23088 -23171
0 66 155 2 -23136 -23153
0 66 156 2 -23185 -23167
0 66 157 2 -23172 23152
0 66 158 2 -23171 23207
0 66 159 2 32798 -3
0 66 160 2 -23187 -23223
0 66 161 2 23134 -23176
0 66 162 2 23175 23152
0 66 163 2 -23139 23177
0 66 164 2 -23177 23164
0 66 165 2 23149 23208
0 66 166 2 -23143 23164
0 66 167 2 -23164 23163
0 66 168 2 -23140 -23194
0 66 169 2 -23202 23169
0 66 170 2 -23166 -23167
0 66 171 2 23156 23168
0 66 172 2 -23190 -23207
0 66 173 2 23163 23146
0 66 174 2 -23146 -23171
0 66 175 2 23184 -23174
0 66 176 2 23153 -23180
0 66 177 2 -23145 23155
0 66 178 2 -23166 -23158
0 66 179 2 23181 -23155
0 66 180 2 -23151 23125
0 66 181 2 23164 -23156
0 66 182 2 23176 -23168
0 66 183 2 23174 -23144
0 66 184 2 -23165 -23133
0 66 185 2 23114 -23155
0 66 186 2 -23167 -23193
0 66 187 2 -23192 23137
0 66 188 2 -23138 -23161
0 66 189 2 23154 -23163
0 66 190 2 23171 -23179
0 66 191 2 32773 -7
0 66 192 2 23113 -23204
0 66 193 2 23158 23184
0 66 194 2 23183 23197
0 66 195 2 23192 -23158
0 66 196 2 -23140 -23166
0 66 197 2 -23185 23135
0 66 198 2 -23205 23187
0 66 199 2 -23211 -23172
0 66 200 2 -23171 -23179
0 66 201 2 23161 23172
0 66 202 2 23197 23189
0 66 203 2 -23158 -23173
0 66 204 2 23178 -23160
0 66 205 2 -23169 23171
0 66 206 2 23187 -23186
0 66 207 2 -23125 -23153
0 66 208 2 23154 -23181
0 66 209 2 23148 -23158
0 66 210 2 23150 23184
0 66 211 2 -23147 -23169
0 66 212 2 -23173 23145
0 66 213 2 23139 23161
0 66 214 2 -23136 -23141
0 66 215 2 -23167 -23172
0 66 216 2 23149 23164
0 66 217 2 23190 -23153
0 66 218 2 -23187 23138
0 66 219 2 -23141 -23175
0 66 220 2 -23201 23165
0 66 221 2 23130 23183
0 66 222 2 -23169 23154
0 66 223 2 32747 -7
0 66 224 2 23175 -23144
0 66 225 2 23151 23198
0 66 226 2 -23151 23153
0 66 227 2 -23183 23161
0 66 228 2 -23170 23145
0 66 229 2 -23152 23162
0 66 230 2 23203 23181
0 66 231 2 23123 -23159
0 66 232 2 23184 23189
0 66 233 2 23146 23187
0 66 234 2 -23110 -23188
0 66 235 2 23204 -23134
0 66 236 2 23194 23164
0 66 237 2 23163 23190
0 66 238 2 23139 23181
0 66 239 2 23152 23197
0 66 240 2 23121 -23171
0 66 241 2 23134 23173
0 66 242 2 23165 23168
0 66 243 2 23156 23173
0 66 244 2 -23175 -23182
0 66 245 2 23158 23162
0 66 246 2 -23160 23161
0 66 247 2 23167 -23123
0 66 248 2 -23180 -23191
0 66 249 2 23175 -23171
0 66 250 2 23172 23197
0 66 251 2 23159 -23167
0 66 252 2 -23168 23188
0 66 253 2 -23160 -23180
0 66 254 2 -23164 -23183
0 66 255 2 32747 27
0 67 0 2 -480 95
0 67 1 2 32761 23
0 67 2 2 23197 -23132
0 67 3 2 23176 -23150
0 67 4 2 -23186 23135
0 67 5 2 -23163 -23195
0 67 6 2 23144 23171
0 67 7 2 23186 23194
0 67 8 2 23172 23185
0 67 9 2 23159 -23156
0 67 10 2 23171 -23157
0 67 11 2 23159 -23171
0 67 12 2 -23171 -23171
0 67 13 2 -23160 23174
0 67 14 2 -23201 23162
0 67 15 2 -23181 23175
0 67 16 2 -23117 -23184
0 67 17 2 -23166 -23192
0 67 18 2 -23197 23129
0 67 19 2 -23180 23154
0 67 20 2 23164 23176
0 67 21 2 -23212 23175
0 67 22 2 23146 23139
0 67 23 2 23163 -23167
0 67 24 2 23143 23195
0 67 25 2 23160 -23178
0 67 26 2 23191 -23146
0 67 27 2 -23180 23154
0 67 28 2 -23155 -23143
0 67 29 2 -23179 -23154
0 67 30 2 23128 23185
0 67 31 2 23147 23180
0 67 32 2 23164 -23161
0 67 33 2 32773 -14
0 67 34 2 -23163 23188
0 67 35 2 -23140 23138
0 67 36 2 -23164 -23178
0 67 37 2 -23163 23145
0 67 38 2 23173 -23139
0 67 39 2 -23178 -23203
0 67 40 2 -23164 23149
0 67 41 2 23196 -23177
0 67 42 2 -23136 23147
0 67 43 2 -23168 23173
0 67 44 2 23204 -23176
0 67 45 2 23221 -23155
0 67 46 2 -23204 23190
0 67 47 2 23191 -23147
0 67 48 2 -23198 23159
0 67 49 2 -23187 23168
0 67 50 2 23178 -23142
0 67 51 2 -23178 -23155
0 67 52 2 23162 -23177
0 67 53 2 23138 -23200
0 67 54 2 23169 23189
0 67 55 2 23195 23159
0 67 56 2 -23164 23160
0 67 57 2 -23188 -23193
0 67 58 2 -23214 23154
0 67 59 2 23187 -23186
0 67 60 2 -23148 -23194
0 67 61 2 23150 -23174
0 67 62 2 -23184 23148
0 67 63 2 23170 -23159
0 67 64 2 -23156 -23175
0 67 65 2 32761 -11
0 67 66 2 23143 23208
0 67 67 2 23192 23171
0 67 68 2 -23187 23155
0 67 69 2 -23165 -23164
0 67 70 2 -23189 23183
0 67 71 2 -23184 -23210
0 67 72 2 23196 -23187
0 67 73 2 -23202 23189
0 67 74 2 -23164 -23149
0 67 75 2 -23157 -23205
0 67 76 2 -23168 -23180
0 67 77 2 -23167 23183
0 67 78 2 -23142 23179
0 67 79 2 -23139 -23185
0 67 80 2 -23162 23149
0 67 81 2 -23184 -23165
0 67 82 2 -23167 23149
0 67 83 2 -23200 -23209
0 67 84 2 23167 23172
0 67 85 2 23147 23192
0 67 86 2 -23160 -23155
0 67 87 2 -23162 -23188
0 67 88 2 -23155 -23158
0 67 89 2 23138 23147
0 67 90 2 23146 23186
0 67 91 2 23156 23196
0 67 92 2 23175 23145
0 67 93 2 23165 23179
0 67 94 2 23168 23201
0 67 95 2 23153 23204
0 67 96 2 -23175 -23200
0 67 97 2 32758 4
0 67 98 2 23147 23141
0 67 99 2 -23175 23171
0 67 100 2 -23176 23148
0 67 101 2 23176 -23198
0 67 102 2 23148 23160
0 67 103 2 -23187 23140
0 67 104 2 23141 -23148
0 67 105 2 -23154 -23172
0 67 106 2 -23182 -23175
0 67 107 2 -23166 -23156
0 67 108 2 23191 -23187
0 67 109 2 -23182 -23164
0 67 110 2 -23172 23187
0 67 111 2 23188 23155
0 67 112 2 23130 -23186
0 67 113 2 -36 -8
0 67 114 2 -7 10
0 67 115 2 30 -7
0 67 116 2 8 0
0 67 117 2 -8 15
0 67 118 2 12 -6
0 67 119 2 13 -8
0 67 120 2 30 5
0 67 121 2 2 -1
0 67 122 2 2 12
0 67 123 2 -23 -16
0 67 124 2 2 -11
0 67 125 2 -21 24
0 67 126 2 -3 26
0 67 127 2 -6 20
0 67 128 2 -12 18
0 67 129 2 0 7
0 67 130 2 23 -15
0 67 131 2 -34 31
0 67 132 2 -34 23
0 67 133 2 16 11
0 67 134 2 -14 21
0 67 135 2 -23 -14
0 67 136 2 17 5
0 67 137 2 12 -33
0 67 138 2 -21 -5
0 67 139 2 3 6
0 67 140 2 9 -9
0 67 141 2 -7 8
0 67 142 2 0 -5
0 67 143 2 15 1
0 67 144 2 23183 -23165
0 67 145 2 23175 23181
0 67 146 2 23185 -23145
0 67 147 2 -23151 -23179
0 67 148 2 23202 23142
0 67 149 2 -23186 23151
0 67 150 2 23164 23190
0 67 151 2 -23180 23185
0 67 152 2 23175 -23190
0 67 153 2 -23209 23174
0 67 154 2 23145 23169
0 67 155 2 -23164 -23177
0 67 156 2 -23206 23186
0 67 157 2 23138 23162
0 67 158 2 -23184 -23189
0 67 159 2 32756 -6
0 67 160 2 23181 23145
0 67 161 2 -23153 23140
0 67 162 2 -23146 -23164
0 67 163 2 -23146 -23194
0 67 164 2 -23132 -23197
0 67 165 2 23153 23179
0 67 166 2 23162 -23159
0 67 167 2 23182 -23141
0 67 168 2 -23148 -23179
0 67 169 2 23165 -23130
0 67 170 2 -23187 -23168
0 67 171 2 -23162 23167
0 67 172 2 23145 -23142
0 67 173 2 -23152 23171
0 67 174 2 -23194 23169
0 67 175 2 -23177 23158
0 67 176 2 -23170 23167
0 67 177 2 23159 23185
0 67 178 2 23170 23146
0 67 179 2 -23178 -23140
0 67 180 2 -23141 -23181
0 67 181 2 23108 23144
0 67 182 2 -23164 -23206
0 67 183 2 -23174 23171
0 67 184 2 23179 23189
0 67 185 2 23154 23212
0 67 186 2 23178 23188
0 67 187 2 23178 -23140
0 67 188 2 -23172 -23160
0 67 189 2 23194 23164
0 67 190 2 23204 -23166
0 67 191 2 32782 18
0 67 192 2 -23171 -23183
0 67 193 2 -23169 -23194
0 67 194 2 -23215 23196
0 67 195 2 23153 -23168
0 67 196 2 -23166 -23168
0 67 197 2 -23161 -23146
0 67 198 2 -23131 23157
0 67 199 2 23167 -23168
0 67 200 2 -23188 23190
0 67 201 2 23179 23185
0 67 202 2 23190 -23180
0 67 203 2 -23191 23153
0 67 204 2 23206 -23193
0 67 205 2 23244 -23173
0 67 206 2 23160 23221
0 67 207 2 23191 23174
0 67 208 2 23180 -23156
0 67 209 2 -23176 -23204
0 67 210 2 23164 23165
0 67 211 2 -23121 -23191
0 67 212 2 -23184 23158
0 67 213 2 23182 23182
0 67 214 2 -23163 -23165
0 67 215 2 23173 -23159
0 67 216 2 -23176 -23154
0 67 217 2 -23176 23143
0 67 218 2 23149 23179
0 67 219 2 23145 23214
0 67 220 2 -23189 23171
0 67 221 2 -23140 23146
0 67 222 2 23177 -23171
0 67 223 2 32747 18
0 67 224 2 23177 23196
0 67 225 2 -23163 -23193
0 67 226 2 -23168 -23193
0 67 227 2 23176 -23160
0 67 228 2 23155 -23150
0 67 229 2 -23172 23173
0 67 230 2 -23174 -23184
0 67 231 2 -23154 -23161
0 67 232 2 -23163 -23183
0 67 233 2 -23168 23189
0 67 234 2 -23198 23210
0 67 235 2 23203 -23135
0 67 236 2 -23171 23163
0 67 237 2 23194 -23164
0 67 238 2 23175 -23155
0 67 239 2 23148 23172
0 67 240 2 23162 23175
0 67 241 2 23160 23175
0 67 242 2 -23160 -23161
0 67 243 2 23174 23187
0 67 244 2 -23191 -23170
0 67 245 2 -23160 -23179
0 67 246 2 -23172 23187
0 67 247 2 -23197 23151
0 67 248 2 -23183 -23151
0 67 249 2 -23182 23160
0 67 250 2 23184 23182
0 67 251 2 23188 23183
0 67 252 2 23178 23119
0 67 253 2 23178 -23166
0 67 254 2 23161 23196
0 67 255 2 32767 14
0 68 0 2 -481 93
0 68 1 2 32762 -17
0 68 2 2 -23225 23159
0 68 3 2 -23172 23169
0 68 4 2 23194 23176
0 68 5 2 23179 23181
0 68 6 2 23148 23181
0 68 7 2 23182 -23150
0 68 8 2 23166 -23154
0 68 9 2 -23184 23158
0 68 10 2 23166 -23168
0 68 11 2 -23152 -23173
0 68 12 2 23185 23192
0 68 13 2 -23168 23157
0 68 14 2 23139 23201
0 68 15 2 -23179 23160
0 68 16 2 -23168 -23160
0 68 17 2 -23193 -23201
0 68 18 2 23168 -23162
0 68 19 2 23171 -23199
0 68 20 2 -23145 23183
0 68 21 2 23161 23175
0 68 22 2 23168 -23162
0 68 23 2 -23121 -23193
0 68 24 2 23149 -23188
0 68 25 2 23180 -23168
0 68 26 2 -23177 -23170
0 68 27 2 -23143 23155
0 68 28 2 23161 -23150
0 68 29 2 -23180 23152
0 68 30 2 23180 23183
0 68 31 2 23232 -23137
0 68 32 2 23180 -23160
0 68 33 2 32776 21
0 68 34 2 -23215 23171
0 68 35 2 23172 23182
0 68 36 2 23181 -23156
0 68 37 2 23157 -23165
0 68 38 2 23184 -23175
0 68 39 2 -23162 -23183
0 68 40 2 23142 -23179
0 68 41 2 23206 -23176
0 68 42 2 23171 -23140
0 68 43 2 23161 23177
0 68 44 2 -23157 -23168
0 68 45 2 -23135 -23177
0 68 46 2 23160 23185
0 68 47 2 -23161 -23176
0 68 48 2 23153 23172
0 68 49 2 23174 -23180
0 68 50 2 23118 23175
0 68 51 2 -23137 -23173
0 68 52 2 23177 23190
0 68 53 2 -23198 23176
0 68 54 2 23154 23162
0 68 55 2 23175 -23182
0 68 56 2 -23142 23163
0 68 57 2 -23198 23141
0 68 58 2 23142 23172
0 68 59 2 23194 -23151
0 68 60 2 23176 23161
0 68 61 2 23137 23160
0 68 62 2 23166 23200
0 68 63 2 23171 -23167
0 68 64 2 23177 23191
0 68 65 2 32737 26
0 68 66 2 -23188 -23140
0 68 67 2 23126 23167
0 68 68 2 -23174 -23141
0 68 69 2 -23190 -23176
0 68 70 2 -23174 -23198
0 68 71 2 23165 23192
0 68 72 2 23167 23165
0 68 73 2 23158 23195
0 68 74 2 23172 -23194
0 68 75 2 -23159 -23198
0 68 76 2 23163 -23188
0 68 77 2 23148 -23194
0 68 78 2 23137 23184
0 68 79 2 -23176 23169
0 68 80 2 23179 -23153
0 68 81 2 23179 23172
0 68 82 2 -23138 23157
0 68 83 2 -23201 23185
0 68 84 2 23204 -23181
0 68 85 2 23179 23173
0 68 86 2 -23190 23141
0 68 87 2 23156 23184
0 68 88 2 23176 23184
0 68 89 2 -23135 -23138
0 68 90 2 23192 23160
0 68 91 2 23214 -23127
0 68 92 2 -23153 -23153
0 68 93 2 23162 23207
0 68 94 2 23163 -23118
0 68 95 2 -23124 -23155
0 68 96 2 -23166 23191
0 68 97 2 32770 -17
0 68 98 2 -23187 23168
0 68 99 2 -23188 -23178
0 68 100 2 -23171 -23218
0 68 101 2 23162 23208
0 68 102 2 -23135 -23200
0 68 103 2 23159 23165
0 68 104 2 -23138 -23178
0 68 105 2 23161 23157
0 68 106 2 23199 -23144
0 68 107 2 23160 23172
0 68 108 2 23209 23144
0 68 109 2 -23150 23131
0 68 110 2 23163 23133
0 68 111 2 23175 23187
0 68 112 2 -23183 23172
0 68 113 2 6 -1
0 68 114 2 0 -16
0 68 115 2 15 0
0 68 116 2 -23 -18
0 68 117 2 25 20
0 68 118 2 -15 10
0 68 119 2 -2 -4
0 68 120 2 -24 12
0 68 121 2 9 7
0 68 122 2 22 3
0 68 123 2 -6 -7
0 68 124 2 7 13
0 68 125 2 1 -41
0 68 126 2 14 -29
0 68 127 2 27 5
0 68 128 2 53 27
0 68 129 2 0 16
0 68 130 2 25 -22
0 68 131 2 -27 18
0 68 132 2 7 30
0 68 133 2 -14 -26
0 68 134 2 5 24
0 68 135 2 29 -5
0 68 136 2 16 -11
0 68 137 2 -21 -23
0 68 138 2 -19 -24
0 68 139 2 -12 -23
0 68 140 2 -8 20
0 68 141 2 -7 -7
0 68 142 2 14 -51
0 68 143 2 9 -13
0 68 144 2 -23159 23182
0 68 145 2 23153 -23172
0 68 146 2 -23194 23152
0 68 147 2 23180 23186
0 68 148 2 23163 -23147
0 68 149 2 23148 23181
0 68 150 2 23183 -23189
0 68 151 2 23174 -23174
0 68 152 2 -23153 23180
0 68 153 2 -23171 23169
0 68 154 2 -23153 -23170
0 68 155 2 23157 23139
0 68 156 2 23190 -23150
0 68 157 2 -23169 23164
0 68 158 2 23181 23185
0 68 159 2 32792 -7
0 68 160 2 23161 23158
0 68 161 2 23151 23157
0 68 162 2 -23189 -23202
0 68 163 2 -23194 23147
0 68 164 2 -23171 23141
0 68 165 2 23149 23180
0 68 166 2 23200 -23165
0 68 167 2 23143 23149
0 68 168 2 -23177 23192
0 68 169 2 -23157 23189
0 68 170 2 23158 23178
0 68 171 2 23151 23180
0 68 172 2 -23169 -23184
0 68 173 2 -23192 -23188
0 68 174 2 -23188 -23153
0 68 175 2 23152 23169
0 68 176 2 23195 23186
0 68 177 2 -23138 -23156
0 68 178 2 23199 -23176
0 68 179 2 23143 23171
0 68 180 2 23175 -23160
0 68 181 2 23159 -23147
0 68 182 2 23141 23157
0 68 183 2 -23189 23161
0 68 184 2 23200 -23153
0 68 185 2 23187 -23170
0 68 186 2 23164 23147
0 68 187 2 -23156 -23227
0 68 188 2 23167 23191
0 68 189 2 23175 23168
0 68 190 2 -23183 23165
0 68 191 2 32791 19
0 68 192 2 -23169 23153
0 68 193 2 23131 23172
0 68 194 2 23180 23207
0 68 195 2 23207 -23182
0 68 196 2 23159 23156
0 68 197 2 -23204 23172
0 68 198 2 -23184 23169
0 68 199 2 -23186 23147
0 68 200 2 -23162 -23176
0 68 201 2 -23164 23159
0 68 202 2 -23151 -23210
0 68 203 2 23152 23164
0 68 204 2 -23130 -23193
0 68 205 2 23187 -23182
0 68 206 2 23180 -23187
0 68 207 2 -23164 23153
0 68 208 2 -23140 -23201
0 68 209 2 -23169 23150
0 68 210 2 -23159 -23153
0 68 211 2 23192 23185
0 68 212 2 23170 23194
0 68 213 2 23152 23164
0 68 214 2 -23152 -23185
0 68 215 2 23182 23186
0 68 216 2 23152 23168
0 68 217 2 -23175 -23168
0 68 218 2 23157 -23197
0 68 219 2 23180 -23186
0 68 220 2 23195 23189
0 68 221 2 23161 -23182
0 68 222 2 23153 -23149
0 68 223 2 32800 -9
0 68 224 2 -23171 -23157
0 68 225 2 23116 23169
0 68 226 2 23202 -23166
0 68 227 2 -23166 -23194
0 68 228 2 23135 23193
0 68 229 2 -23166 23172
0 68 230 2 23159 23174
0 68 231 2 -23163 23145
0 68 232 2 -23134 23142
0 68 233 2 -23155 -23170
0 68 234 2 -23152 -23179
0 68 235 2 23161 23202
0 68 236 2 23153 23210
0 68 237 2 -23160 -23154
0 68 238 2 23182 23154
0 68 239 2 -23178 23192
0 68 240 2 -23197 23184
0 68 241 2 -23193 23182
0 68 242 2 -23166 23177
0 68 243 2 23147 -23183
0 68 244 2 23188 23190
0 68 245 2 -23170 -23181
0 68 246 2 23171 -23184
0 68 247 2 -23157 -23171
0 68 248 2 -23190 -23182
0 68 249 2 -23183 23139
0 68 250 2 -23187 23177
0 68 251 2 23204 -23196
0 68 252 2 -23158 23162
0 68 253 2 -23141 23138
0 68 254 2 23154 23176
0 68 255 2 32744 18
0 69 0 2 -454 92
0 69 1 2 32778 -5
0 69 2 2 -23215 23171
0 69 3 2 -23176 23173
0 69 4 2 23162 -23160
0 69 5 2 23139 -23157
0 69 6 2 -23191 23184
0 69 7 2 -23139 -23191
0 69 8 2 23198 23192
0 69 9 2 -23172 -23182
0 69 10 2 23209 -23157
0 69 11 2 -23162 -23177
0 69 12 2 23147 23184
0 69 13 2 -23187 23166
0 69 14 2 -23182 23123
0 69 15 2 -23169 23136
0 69 16 2 23207 23155
0 69 17 2 23189 -23146
0 69 18 2 23132 23201
0 69 19 2 23170 -23172
0 69 20 2 -23157 -23175
0 69 21 2 -23199 23183
0 69 22 2 -23138 -23162
0 69 23 2 23156 23169
0 69 24 2 23178 -23165
0 69 25 2 23139 23192
0 69 26 2 -23134 -23181
0 69 27 2 -23227 23147
0 69 28 2 23144 -23156
0 69 29 2 -23150 -23177
0 69 30 2 23159 23158
0 69 31 2 23166 23165
0 69 32 2 -23153 -23150
0 69 33 2 32780 20
0 69 34 2 -23160 -23173
0 69 35 2 23159 -23201
0 69 36 2 23172 -23174
0 69 37 2 23181 -23139
0 69 38 2 23191 -23167
0 69 39 2 23169 -23152
0 69 40 2 23152 23160
0 69 41 2 -23168 -23169
0 69 42 2 -23141 -23163
0 69 43 2 -23125 -23158
0 69 44 2 -23163 -23177
0 69 45 2 23225 -23178
0 69 46 2 -23155 23142
0 69 47 2 -23155 -23196
0 69 48 2 23185 23190
0 69 49 2 23194 23174
0 69 50 2 -23173 -23179
0 69 51 2 -23187 23185
0 69 52 2 -23159 23153
0 69 53 2 23183 23196
0 69 54 2 -23153 23179
0 69 55 2 23136 -23148
0 69 56 2 23159 -23140
0 69 57 2 23153 23181
0 69 58 2 -23125 -23175
0 69 59 2 23148 23173
0 69 60 2 -23180 -23162
0 69 61 2 -23187 23158
0 69 62 2 -23176 23177
0 69 63 2 23161 23178
0 69 64 2 -23171 23171
0 69 65 2 32753 18
0 69 66 2 23197 -23133
0 69 67 2 23180 -23204
0 69 68 2 -23119 -23183
0 69 69 2 -23157 23185
0 69 70 2 23147 23176
0 69 71 2 23165 23157
0 69 72 2 -23159 -23142
0 69 73 2 -23177 23178
0 69 74 2 23157 23172
0 69 75 2 23189 23211
0 69 76 2 23188 -23144
0 69 77 2 -23175 23166
0 69 78 2 -23203 23138
0 69 79 2 23181 23180
0 69 80 2 23180 -23163
0 69 81 2 -23174 23151
0 69 82 2 -23164 23136
0 69 83 2 23167 -23161
0 69 84 2 -23171 -23183
0 69 85 2 23143 23202
0 69 86 2 23160 -23141
0 69 87 2 23169 -23174
0 69 88 2 23191 23145
0 69 89 2 -23155 -23200
0 69 90 2 -23165 23149
0 69 91 2 -23183 -23162
0 69 92 2 -23141 -23162
0 69 93 2 -23164 23191
0 69 94 2 -23127 23166
0 69 95 2 23138 23170
0 69 96 2 -23154 23156
0 69 97 2 32737 -3
0 69 98 2 23155 -23163
0 69 99 2 -23154 23152
0 69 100 2 23162 23203
0 69 101 2 23155 -23171
0 69 102 2 -23187 23144
0 69 103 2 -23163 23178
0 69 104 2 -23183 23158
0 69 105 2 -23186 23161
0 69 106 2 -23187 23157
0 69 107 2 23191 -23192
0 69 108 2 23131 23195
0 69 109 2 23151 23174
0 69 110 2 -23177 -23165
0 69 111 2 23176 -23166
0 69 112 2 -23142 -23190
0 69 113 2 -21 -20
0 69 114 2 -18 23
0 69 115 2 -3 -2
0 69 116 2 12 -2
0 69 117 2 -5 -19
0 69 118 2 -7 -27
0 69 119 2 27 -30
0 69 120 2 -17 10
0 69 121 2 11 -19
0 69 122 2 -1 4
0 69 123 2 29 -23
0 69 124 2 9 -33
0 69 125 2 43 40
0 69 126 2 4 26
0 69 127 2 1 26
0 69 128 2 6 6
0 69 129 2 8 9
0 69 130 2 -19 2
0 69 131 2 -10 -18
0 69 132 2 33 -22
0 69 133 2 0 -8
0 69 134 2 24 2
0 69 135 2 -10 6
0 69 136 2 11 -20
0 69 137 2 -17 -4
0 69 138 2 -18 20
0 69 139 2 -13 -48
0 69 140 2 -1 13
0 69 141 2 -13 -4
0 69 142 2 13 -17
0 69 143 2 17 1
0 69 144 2 -23189 23175
0 69 145 2 23161 -23175
0 69 146 2 23149 23193
0 69 147 2 -23186 23151
0 69 148 2 -23148 23203
0 69 149 2 -23183 -23178
0 69 150 2 23168 -23156
0 69 151 2 23177 23160
0 69 152 2 -23175 23117
0 69 153 2 -23182 23169
0 69 154 2 23152 23185
0 69 155 2 23152 23196
0 69 156 2 23167 -23156
0 69 157 2 -23188 23163
0 69 158 2 -23167 23151
0 69 159 2 32773 23
0 69 160 2 23123 23154
0 69 161 2 23159 23146
0 69 162 2 -23206 23178
0 69 163 2 23179 -23168
0 69 164 2 23161 23162
0 69 165 2 -23195 23163
0 69 166 2 -23167 23186
0 69 167 2 -23203 23157
0 69 168 2 -23180 23171
0 69 169 2 -23136 23183
0 69 170 2 23148 23181
0 69 171 2 -23199 23139
0 69 172 2 23151 -23142
0 69 173 2 23168 -23182
0 69 174 2 -23133 -23141
0 69 175 2 -23144 23189
0 69 176 2 -23211 23164
0 69 177 2 -23147 -23172
0 69 178 2 -23178 23148
0 69 179 2 -23143 -23162
0 69 180 2 23185 23156
0 69 181 2 23140 -23120
0 69 182 2 23191 -23135
0 69 183 2 23132 23175
0 69 184 2 -23175 23193
0 69 185 2 23149 -23197
0 69 186 2 23170 -23177
0 69 187 2 23188 23165
0 69 188 2 -23146 -23150
0 69 189 2 -23159 -23181
0 69 190 2 -23149 -23181
0 69 191 2 32765 34
0 69 192 2 23147 -23165
0 69 193 2 -23185 23150
0 69 194 2 23159 -23157
0 69 195 2 -23175 23158
0 69 196 2 -23166 -23186
0 69 197 2 23167 -23166
0 69 198 2 23190 -23167
0 69 199 2 23159 23157
0 69 200 2 23196 -23185
0 69 201 2 -23159 -23173
0 69 202 2 23169 -23145
0 69 203 2 23157 23162
0 69 204 2 -23195 23164
0 69 205 2 -23183 23184
0 69 206 2 23173 23142
0 69 207 2 23154 23177
0 69 208 2 -23194 23156
0 69 209 2 23199 -23183
0 69 210 2 -23151 -23168
0 69 211 2 -23176 23182
0 69 212 2 -23184 23195
0 69 213 2 23142 -23167
0 69 214 2 -23166 -23179
0 69 215 2 -23181 23150
0 69 216 2 23179 -23157
0 69 217 2 23159 23179
0 69 218 2 23153 23189
0 69 219 2 -23208 23184
0 69 220 2 23180 23172
0 69 221 2 -23159 -23188
0 69 222 2 23122 23186
0 69 223 2 32773 44
0 69 224 2 -23183 23151
0 69 225 2 23153 23192
0 69 226 2 -23158 23183
0 69 227 2 23170 -23161
0 69 228 2 -23168 -23153
0 69 229 2 -23134 -23188
0 69 230 2 -23189 23167
0 69 231 2 -23141 23146
0 69 232 2 -23171 23177
0 69 233 2 -23136 -23183
0 69 234 2 23185 -23138
0 69 235 2 23236 -23153
0 69 236 2 23161 23166
0 69 237 2 -23167 23147
0 69 238 2 -23147 23132
0 69 239 2 23117 23176
0 69 240 2 -23130 -23184
0 69 241 2 -23142 -23162
0 69 242 2 23189 -23188
0 69 243 2 -23156 -23190
0 69 244 2 -23173 -23215
0 69 245 2 23198 -23143
0 69 246 2 -23194 23144
0 69 247 2 23178 -23146
0 69 248 2 -23188 -23163
0 69 249 2 23178 23170
0 69 250 2 -23174 -23142
0 69 251 2 -23159 -23159
0 69 252 2 23170 -23169
0 69 253 2 -23175 23168
0 69 254 2 23191 23190
0 69 255 2 32750 -6
0 70 0 2 -473 74
0 70 1 2 32771 7
0 70 2 2 -23126 -23164
0 70 3 2 -23178 -23178
0 70 4 2 23135 23185
0 70 5 2 23170 23174
0 70 6 2 23169 23151
0 70 7 2 -23189 23157
0 70 8 2 23119 23184
0 70 9 2 -23139 -23199
0 70 10 2 23093 23170
0 70 11 2 23193 23178
0 70 12 2 23171 23213
0 70 13 2 -23156 -23192
0 70 14 2 23201 23219
0 70 15 2 23166 23161
0 70 16 2 -23119 -23184
0 70 17 2 -23184 23153
0 70 18 2 -23215 23193
0 70 19 2 -23159 -23171
0 70 20 2 -23204 23166
0 70 21 2 23156 23181
0 70 22 2 23177 23188
0 70 23 2 -23125 23103
0 70 24 2 -23146 -23175
0 70 25 2 -23149 23168
0 70 26 2 23177 -23188
0 70 27 2 -23156 23158
0 70 28 2 23164 -23170
0 70 29 2 -23155 23127
0 70 30 2 23191 23165
0 70 31 2 23196 -23187
0 70 32 2 -23139 23142
0 70 33 2 32760 11
0 70 34 2 23176 -23166
0 70 35 2 23156 23162
0 70 36 2 23151 23156
0 70 37 2 23115 23156
0 70 38 2 23156 23171
0 70 39 2 23144 23171
0 70 40 2 23173 -23143
0 70 41 2 -23140 -23169
0 70 42 2 -23209 23147
0 70 43 2 -23173 23149
0 70 44 2 23212 -23155
0 70 45 2 23148 23193
0 70 46 2 23190 23160
0 70 47 2 23206 -23146
0 70 48 2 23164 -23171
0 70 49 2 -23174 -23143
0 70 50 2 23199 -23139
0 70 51 2 -23149 -23183
0 70 52 2 23186 -23165
0 70 53 2 23146 23171
0 70 54 2 -23182 23165
0 70 55 2 -23173 -23213
0 70 56 2 23159 -23153
0 70 57 2 23165 -23146
0 70 58 2 23146 -23128
0 70 59 2 -23135 -23220
0 70 60 2 -23160 23143
0 70 61 2 -23177 23178
0 70 62 2 23158 23180
0 70 63 2 23204 -23174
0 70 64 2 23181 -23180
0 70 65 2 32794 -5
0 70 66 2 23199 -23166
0 70 67 2 -23171 -23187
0 70 68 2 -23174 -23167
0 70 69 2 -23156 -23140
0 70 70 2 -23160 23152
0 70 71 2 23156 23163
0 70 72 2 23177 -23205
0 70 73 2 -23206 23166
0 70 74 2 -23176 23160
0 70 75 2 -23203 23179
0 70 76 2 23192 23195
0 70 77 2 -23180 23165
0 70 78 2 -23158 -23170
0 70 79 2 -23150 -23177
0 70 80 2 -23209 -23168
0 70 81 2 23154 -23150
0 70 82 2 23160 23178
0 70 83 2 23160 23180
0 70 84 2 -23145 -23209
0 70 85 2 -23156 23187
0 70 86 2 23178 23150
0 70 87 2 -23178 -23182
0 70 88 2 -23174 23157
0 70 89 2 -23182 -23167
0 70 90 2 23157 23197
0 70 91 2 -23150 23143
0 70 92 2 23157 23126
0 70 93 2 23173 23201
0 70 94 2 23141 23192
0 70 95 2 -23151 -23161
0 70 96 2 23179 23201
0 70 97 2 32782 -11
0 70 98 2 -23158 -23145
0 70 99 2 -23167 23197
0 70 100 2 -23183 23135
0 70 101 2 23158 -23172
0 70 102 2 23173 23193
0 70 103 2 -23156 23167
0 70 104 2 -23155 -23188
0 70 105 2 23188 23156
0 70 106 2 23151 23137
0 70 107 2 -23164 23163
0 70 108 2 -23192 23147
0 70 109 2 -23181 -23190
0 70 110 2 -23184 23157
0 70 111 2 23177 23175
0 70 112 2 -23156 -23181
0 70 113 2 -7 -30
0 70 114 2 -10 15
0 70 115 2 4 -12
0 70 116 2 -9 21
0 70 117 2 4 2
0 70 118 2 -7 -14
0 70 119 2 -18 -13
0 70 120 2 -12 -2
0 70 121 2 -29 4
0 70 122 2 21 3
0 70 123 2 -16 0
0 70 124 2 -26 10
0 70 125 2 -13 -2
0 70 126 2 -17 17
0 70 127 2 15 23
0 70 128 2 -8 -14
0 70 129 2 -45 -16
0 70 130 2 -27 -7
0 70 131 2 24 38
0 70 132 2 3 -25
0 70 133 2 1 -8
0 70 134 2 7 -13
0 70 135 2 7 34
0 70 136 2 21 -9
0 70 137 2 -1 -7
0 70 138 2 -28 2
0 70 139 2 12 33
0 70 140 2 -48 10
0 70 141 2 -15 12
0 70 142 2 -17 -2
0 70 143 2 24 0
0 70 144 2 -23212 23142
0 70 145 2 23233 -23183
0 70 146 2 23167 23180
0 70 147 2 23178 -23165
0 70 148 2 -23175 -23145
0 70 149 2 -23169 23183
0 70 150 2 23197 -23151
0 70 151 2 -23174 -23194
0 70 152 2 23147 23212
0 70 153 2 -23191 -23191
0 70 154 2 23157 23193
0 70 155 2 23203 23165
0 70 156 2 -23152 23139
0 70 157 2 -23136 23186
0 70 158 2 23113 23200
0 70 159 2 32760 -2
0 70 160 2 23169 -23150
0 70 161 2 23177 -23153
0 70 162 2 -23178 -23189
0 70 163 2 23170 23211
0 70 164 2 -23162 -23158
0 70 165 2 -23151 23144
0 70 166 2 23153 23188
0 70 167 2 23170 23187
0 70 168 2 23152 23166
0 70 169 2 -23169 -23165
0 70 170 2 23181 -23194
0 70 171 2 23155 -23190
0 70 172 2 -23140 -23214
0 70 173 2 -23154 23147
0 70 174 2 23174 -23151
0 70 175 2 -23189 23146
0 70 176 2 23172 -23183
0 70 177 2 -23173 23150
0 70 178 2 -23175 23146
0 70 179 2 -23128 -23154
0 70 180 2 23203 -23214
0 70 181 2 23150 -23179
0 70 182 2 23152 23162
0 70 183 2 -23166 -23167
0 70 184 2 23161 23142
0 70 185 2 -23148 23161
0 70 186 2 23162 23140
0 70 187 2 23176 -23120
0 70 188 2 -23180 23166
0 70 189 2 -23169 -23145
0 70 190 2 23197 -23169
0 70 191 2 32781 6
0 70 192 2 23197 -23148
0 70 193 2 -23161 -23170
0 70 194 2 23193 23191
0 70 195 2 23149 23175
0 70 196 2 -23155 23156
0 70 197 2 23196 23203
0 70 198 2 23162 23160
0 70 199 2 23143 -23166
0 70 200 2 -23154 -23202
0 70 201 2 -23143 -23168
0 70 202 2 -23161 -23183
0 70 203 2 23147 -23162
0 70 204 2 23155 23154
0 70 205 2 -23190 23155
0 70 206 2 -23184 23189
0 70 207 2 23166 23163
0 70 208 2 23201 -23141
0 70 209 2 -23182 23149
0 70 210 2 23177 -23163
0 70 211 2 -23184 23165
0 70 212 2 -23142 23165
0 70 213 2 -23168 -23189
0 70 214 2 -23161 23158
0 70 215 2 23143 23181
0 70 216 2 -23144 23144
0 70 217 2 23162 23194
0 70 218 2 -23165 -23179
0 70 219 2 -23177 23159
0 70 220 2 23144 23176
0 70 221 2 23157 23145
0 70 222 2 23145 -23126
0 70 223 2 32773 23
0 70 224 2 -23169 -23165
0 70 225 2 23160 23166
0 70 226 2 23168 -23146
0 70 227 2 -23176 -23178
0 70 228 2 -23180 -23181
0 70 229 2 23184 -23182
0 70 230 2 23155 -23196
0 70 231 2 -23174 23181
0 70 232 2 23192 23143
0 70 233 2 -23170 -23189
0 70 234 2 -23216 23183
0 70 235 2 23167 -23135
0 70 236 2 23167 -23165
0 70 237 2 -23178 23167
0 70 238 2 23178 -23155
0 70 239 2 -23153 -23178
0 70 240 2 23175 23167
0 70 241 2 -23205 23155
0 70 242 2 -23172 23168
0 70 243 2 23165 23217
0 70 244 2 23164 23151
0 70 245 2 -23179 -23166
0 70 246 2 -23203 23153
0 70 247 2 23168 23195
0 70 248 2 23185 23187
0 70 249 2 23188 -23140
0 70 250 2 23177 23185
0 70 251 2 -23149 -23159
0 70 252 2 -23143 23131
0 70 253 2 23189 -23143
0 70 254 2 23156 23184
0 70 255 2 32762 -1
0 71 0 2 -456 92
0 71 1 2 32771 0
0 71 2 2 -23194 23186
0 71 3 2 23169 23148
0 71 4 2 -23172 23146
0 71 5 2 -23172 23117
0 71 6 2 -23125 -23176
0 71 7 2 -23160 23162
0 71 8 2 -23158 -23167
0 71 9 2 23193 -23158
0 71 10 2 -23168 23149
0 71 11 2 23167 23182
0 71 12 2 -23167 23142
0 71 13 2 -23159 23131
0 71 14 2 -23118 -23174
0 71 15 2 23192 23159
0 71 16 2 -23182 -23160
0 71 17 2 23160 23185
0 71 18 2 23170 23191
0 71 19 2 -23165 23157
0 71 20 2 -23152 -23172
0 71 21 2 -23169 -23169
0 71 22 2 23180 -23169
0 71 23 2 23162 -23163
0 71 24 2 -23172 -23167
0 71 25 2 23162 23203
0 71 26 2 23195 -23178
0 71 27 2 -23127 -23136
0 71 28 2 23183 23184
0 71 29 2 -23182 -23173
0 71 30 2 23163 23154
0 71 31 2 23149 23154
0 71 32 2 23159 -23165
0 71 33 2 32754 8
0 71 34 2 -23166 -23135
0 71 35 2 23170 -23114
0 71 36 2 23194 -23185
0 71 37 2 -23181 23186
0 71 38 2 23143 23179
0 71 39 2 23143 23230
0 71 40 2 -23180 23159
0 71 41 2 -23156 23200
0 71 42 2 23180 23163
0 71 43 2 23187 23158
0 71 44 2 -23178 -23183
0 71 45 2 23196 23200
0 71 46 2 -23196 -23157
0 71 47 2 -23144 -23173
0 71 48 2 -23205 -23167
0 71 49 2 -23170 -23151
0 71 50 2 -23184 -23214
0 71 51 2 -23156 23132
0 71 52 2 23162 -23161
0 71 53 2 -23158 -23171
0 71 54 2 23146 23146
0 71 55 2 23167 -23146
0 71 56 2 23160 23167
0 71 57 2 23167 23154
0 71 58 2 23180 -23146
0 71 59 2 23172 23168
0 71 60 2 23189 -23146
0 71 61 2 23161 23182
0 71 62 2 23156 23160
0 71 63 2 -23193 23185
0 71 64 2 -23179 23141
0 71 65 2 32753 14
0 71 66 2 23145 23220
0 71 67 2 23153 -23141
0 71 68 2 -23189 23151
0 71 69 2 23186 -23159
0 71 70 2 23170 -23173
0 71 71 2 23170 -23172
0 71 72 2 23170 -23124
0 71 73 2 -23182 -23163
0 71 74 2 -23207 -23203
0 71 75 2 -23128 -23173
0 71 76 2 -23188 -23200
0 71 77 2 -23191 -23148
0 71 78 2 -23173 23186
0 71 79 2 23160 23141
0 71 80 2 23178 23192
0 71 81 2 23193 23174
0 71 82 2 -23165 -23163
0 71 83 2 -23185 23136
0 71 84 2 -23139 -23182
0 71 85 2 23158 -23186
0 71 86 2 -23155 -23198
0 71 87 2 -23166 -23191
0 71 88 2 -23177 23178
0 71 89 2 23137 23180
0 71 90 2 -23203 23149
0 71 91 2 -23145 -23168
0 71 92 2 23165 23177
0 71 93 2 -23192 23153
0 71 94 2 23145 23165
0 71 95 2 23170 23180
0 71 96 2 23118 23174
0 71 97 2 32782 24
0 71 98 2 23174 23166
0 71 99 2 23151 23198
0 71 100 2 23181 -23151
0 71 101 2 -23172 -23186
0 71 102 2 -23131 -23186
0 71 103 2 23155 -23141
0 71 104 2 -23181 -23182
0 71 105 2 -23159 -23184
0 71 106 2 -23165 -23194
0 71 107 2 23204 -23152
0 71 108 2 23158 23196
0 71 109 2 -23170 -23151
0 71 110 2 23134 23162
0 71 111 2 -23142 -23220
0 71 112 2 23167 -23176
0 71 113 2 5 7
0 71 114 2 -8 7
0 71 115 2 28 54
0 71 116 2 -6 -7
0 71 117 2 8 -3
0 71 118 2 2 -4
0 71 119 2 8 17
0 71 120 2 1 16
0 71 121 2 17 -3
0 71 122 2 28 -17
0 71 123 2 15 -10
0 71 124 2 -28 -14
0 71 125 2 6 7
0 71 126 2 -17 -33
0 71 127 2 15 2
0 71 128 2 0 6
0 71 129 2 -30 -46
0 71 130 2 5 -11
0 71 131 2 12 -22
0 71 132 2 8 -4
0 71 133 2 5 -32
0 71 134 2 -21 -19
0 71 135 2 4 13
0 71 136 2 -5 -11
0 71 137 2 -1 -17
0 71 138 2 30 13
0 71 139 2 9 21
0 71 140 2 37 -35
0 71 141 2 -4 50
0 71 142 2 -7 -5
0 71 143 2 9 31
0 71 144 2 -23180 23172
0 71 145 2 23147 23179
0 71 146 2 -23171 -23165
0 71 147 2 -23161 23171
0 71 148 2 23188 -23172
0 71 149 2 23115 23205
0 71 150 2 23198 -23139
0 71 151 2 -23149 -23182
0 71 152 2 -23151 23175
0 71 153 2 23162 -23185
0 71 154 2 23187 -23171
0 71 155 2 23156 -23159
0 71 156 2 -23148 23167
0 71 157 2 23221 -23193
0 71 158 2 23172 23170
0 71 159 2 32779 34
0 71 160 2 -23183 23159
0 71 161 2 -23158 -23156
0 71 162 2 23161 23178
0 71 163 2 23163 23185
0 71 164 2 23151 23180
0 71 165 2 -23169 -23164
0 71 166 2 23161 23184
0 71 167 2 23192 -23173
0 71 168 2 23152 -23165
0 71 169 2 -23147 -23178
0 71 170 2 -23181 23173
0 71 171 2 23139 23171
0 71 172 2 -23156 -23204
0 71 173 2 23182 -23180
0 71 174 2 23201 23184
0 71 175 2 -23203 23145
0 71 176 2 23160 23173
0 71 177 2 -23163 -23161
0 71 178 2 -23137 -23174
0 71 179 2 -23140 -23166
0 71 180 2 -23174 -23206
0 71 181 2 -23194 23163
0 71 182 2 23132 -23163
0 71 183 2 23188 23191
0 71 184 2 -23171 -23164
0 71 185 2 -23157 23170
0 71 186 2 23196 -23177
0 71 187 2 -23148 23152
0 71 188 2 -23160 23163
0 71 189 2 -23145 -23156
0 71 190 2 -23177 23165
0 71 191 2 32783 -33
0 71 192 2 23139 23197
0 71 193 2 23172 23210
0 71 194 2 23163 23156
0 71 195 2 -23163 23175
0 71 196 2 -23178 -23199
0 71 197 2 -23180 23184
0 71 198 2 -23191 23127
0 71 199 2 -23170 23161
0 71 200 2 -23173 23165
0 71 201 2 -23166 23197
0 71 202 2 -23136 -23187
0 71 203 2 -23184 23138
0 71 204 2 -23166 -23175
0 71 205 2 23161 -23148
0 71 206 2 23123 23193
0 71 207 2 23166 -23145
0 71 208 2 23140 -23163
0 71 209 2 -23178 -23161
0 71 210 2 23184 -23160
0 71 211 2 -23191 23175
0 71 212 2 -23169 23160
0 71 213 2 -23169 23159
0 71 214 2 -23180 -23176
0 71 215 2 23162 -23148
0 71 216 2 -23136 -23177
0 71 217 2 23158 23202
0 71 218 2 23163 23158
0 71 219 2 23185 23201
0 71 220 2 -23174 23167
0 71 221 2 23157 -23181
0 71 222 2 23181 23181
0 71 223 2 32725 23
0 71 224 2 -23166 23155
0 71 225 2 -23168 -23180
0 71 226 2 23162 -23134
0 71 227 2 23164 23184
0 71 228 2 -23205 23144
0 71 229 2 -23176 23166
0 71 230 2 23185 23178
0 71 231 2 -23194 -23146
0 71 232 2 -23168 -23169
0 71 233 2 -23152 23181
0 71 234 2 23176 23157
0 71 235 2 23169 23179
0 71 236 2 -23183 23164
0 71 237 2 23149 -23151
0 71 238 2 23166 23169
0 71 239 2 23187 -23116
0 71 240 2 -23133 23154
0 71 241 2 -23166 -23205
0 71 242 2 -23178 23144
0 71 243 2 23134 23195
0 71 244 2 -23169 23165
0 71 245 2 -23197 23187
0 71 246 2 -23140 -23139
0 71 247 2 -23174 23136
0 71 248 2 -23167 23177
0 71 249 2 -23148 -23175
0 71 250 2 -23202 23152
0 71 251 2 23186 -23166
0 71 252 2 -23188 23141
0 71 253 2 23175 23150
0 71 254 2 -23151 23150
0 71 255 2 32769 -33
0 72 0 2 -499 98
0 72 1 2 32737 0
0 72 2 2 23124 23167
0 72 3 2 -23154 23165
0 72 4 2 -23145 -23189
0 72 5 2 -23148 -23225
0 72 6 2 -23194 -23197
0 72 7 2 23172 -23156
0 72 8 2 -23169 23169
0 72 9 2 23217 -23149
0 72 10 2 23154 23216
0 72 11 2 -23192 23149
0 72 12 2 23158 23188
0 72 13 2 -23192 23152
0 72 14 2 -23162 23142
0 72 15 2 -23164 -23156
0 72 16 2 23131 23168
0 72 17 2 23155 23153
0 72 18 2 23148 -23150
0 72 19 2 23191 23140
0 72 20 2 -23165 -23148
0 72 21 2 -23206 23144
0 72 22 2 23193 -23173
0 72 23 2 -23157 23174
0 72 24 2 -23144 23175
0 72 25 2 23176 23185
0 72 26 2 23157 23144
0 72 27 2 23164 -23145
0 72 28 2 -23182 23192
0 72 29 2 23179 -23148
0 72 30 2 -23188 23165
0 72 31 2 -23193 -23186
0 72 32 2 -23178 23165
0 72 33 2 32729 32
0 72 34 2 23131 23175
0 72 35 2 23181 -23175
0 72 36 2 -23161 23186
0 72 37 2 -23169 23165
0 72 38 2 23171 -23165
0 72 39 2 -23127 -23164
0 72 40 2 23175 -23157
0 72 41 2 -23173 23163
0 72 42 2 -23163 -23166
0 72 43 2 -23126 -23192
0 72 44 2 -23153 -23194
0 72 45 2 23195 -23181
0 72 46 2 -23127 -23189
0 72 47 2 23164 23174
0 72 48 2 -23158 -23166
0 72 49 2 -23144 -23175
0 72 50 2 23157 -23150
0 72 51 2 23190 -23155
0 72 52 2 -23190 23179
0 72 53 2 23183 23165
0 72 54 2 23175 -23164
0 72 55 2 23180 23149
0 72 56 2 23150 -23167
0 72 57 2 23163 -23188
0 72 58 2 23183 -23200
0 72 59 2 23154 -23160
0 72 60 2 23171 -23146
0 72 61 2 -23175 -23182
0 72 62 2 -23152 23159
0 72 63 2 23158 -23190
0 72 64 2 -23172 23152
0 72 65 2 32788 33
0 72 66 2 -23159 -23192
0 72 67 2 23176 23199
0 72 68 2 23160 23178
0 72 69 2 23142 23192
0 72 70 2 23174 -23170
0 72 71 2 -23145 -23190
0 72 72 2 -23189 -23209
0 72 73 2 -23166 -23186
0 72 74 2 -23188 23175
0 72 75 2 -23195 -23148
0 72 76 2 23172 23181
0 72 77 2 23169 23155
0 72 78 2 -23184 23160
0 72 79 2 23147 23200
0 72 80 2 -23173 -23181
0 72 81 2 23183 -23186
0 72 82 2 23155 23204
0 72 83 2 23149 23157
0 72 84 2 -23200 23149
0 72 85 2 -23182 23185
0 72 86 2 23148 23155
0 72 87 2 23176 -23156
0 72 88 2 -23158 23145
0 72 89 2 23192 -23174
0 72 90 2 23171 23187
0 72 91 2 -23163 -23193
0 72 92 2 23186 23137
0 72 93 2 -23158 -23133
0 72 94 2 -23157 23165
0 72 95 2 23170 23182
0 72 96 2 23213 -23182
0 72 97 2 32772 5
0 72 98 2 23160 23186
0 72 99 2 23146 -23125
0 72 100 2 -23142 23160
0 72 101 2 -23172 -23191
0 72 102 2 23158 23183
0 72 103 2 23162 -23173
0 72 104 2 -23199 23182
0 72 105 2 23163 -23132
0 72 106 2 -23129 -23186
0 72 107 2 -23175 23120
0 72 108 2 -23188 23159
0 72 109 2 -23161 23181
0 72 110 2 -23191 -23164
0 72 111 2 -23137 -23190
0 72 112 2 23162 -23154
0 72 113 2 -29 10
0 72 114 2 12 -9
0 72 115 2 -14 27
0 72 116 2 0 -6
0 72 117 2 43 16
0 72 118 2 15 -38
0 72 119 2 -28 31
0 72 120 2 -2 -12
0 72 121 2 -26 8
0 72 122 2 -1 -7
0 72 123 2 -39 -26
0 72 124 2 11 7
0 72 125 2 -16 -8
0 72 126 2 -23 4
0 72 127 2 -10 -28
0 72 128 2 4 3
0 72 129 2 -21 17
0 72 130 2 -12 -13
0 72 131 2 14 18
0 72 132 2 1 -11
0 72 133 2 25 2
0 72 134 2 17 0
0 72 135 2 -8 19
0 72 136 2 -6 13
0 72 137 2 -14 8
0 72 138 2 47 -5
0 72 139 2 11 -7
0 72 140 2 19 -19
0 72 141 2 -5 18
0 72 142 2 -11 -4
0 72 143 2 19 -11
0 72 144 2 -23138 -23189
0 72 145 2 -23166 -23166
0 72 146 2 23166 -23115
0 72 147 2 -23150 23132
0 72 148 2 -23181 23159
0 72 149 2 -23145 -23197
0 72 150 2 -23180 23172
0 72 151 2 23156 23165
0 72 152 2 23154 -23149
0 72 153 2 23173 -23145
0 72 154 2 23176 -23131
0 72 155 2 23172 23173
0 72 156 2 23181 23202
0 72 157 2 -23178 23141
0 72 158 2 -23183 -23191
0 72 159 2 32775 29
0 72 160 2 23126 23170
0 72 161 2 -23148 -23150
0 72 162 2 -23157 23150
0 72 163 2 23168 -23171
0 72 164 2 23203 23157
0 72 165 2 23163 -23155
0 72 166 2 -23212 23131
0 72 167 2 -23170 -23148
0 72 168 2 23187 -23142
0 72 169 2 23169 -23149
0 72 170 2 -23179 23157
0 72 171 2 23186 23187
0 72 172 2 23174 23162
0 72 173 2 -23155 -23140
0 72 174 2 -23173 23176
0 72 175 2 23153 -23175
0 72 176 2 -23215 23153
0 72 177 2 23162 23168
0 72 178 2 -23166 -23176
0 72 179 2 23178 23157
0 72 180 2 23147 -23109
0 72 181 2 -23161 23106
0 72 182 2 -23109 -23201
0 72 183 2 23158 23214
0 72 184 2 23165 -23142
0 72 185 2 23180 -23146
0 72 186 2 23177 -23145
0 72 187 2 23191 -23193
0 72 188 2 23170 23174
0 72 189 2 -23161 23153
0 72 190 2 23154 -23186
0 72 191 2 32737 17
0 72 192 2 23158 23169
0 72 193 2 23176 23195
0 72 194 2 -23128 23176
0 72 195 2 -23154 23163
0 72 196 2 23211 -23139
0 72 197 2 23164 23178
0 72 198 2 23147 -23176
0 72 199 2 -23183 -23150
0 72 200 2 23199 -23179
0 72 201 2 23158 23156
0 72 202 2 23187 -23143
0 72 203 2 23152 -23201
0 72 204 2 23193 -23184
0 72 205 2 23193 -23171
0 72 206 2 -23199 -23146
0 72 207 2 23161 23176
0 72 208 2 -23200 23130
0 72 209 2 -23144 23125
0 72 210 2 23142 23174
0 72 211 2 23178 23202
0 72 212 2 23167 23150
0 72 213 2 23166 -23176
0 72 214 2 -23174 23109
0 72 215 2 23153 -23174
0 72 216 2 23182 -23196
0 72 217 2 23215 -23155
0 72 218 2 23156 -23178
0 72 219 2 -23167 23173
0 72 220 2 -23169 -23184
0 72 221 2 23192 23169
0 72 222 2 23156 -23140
0 72 223 2 32803 33
0 72 224 2 23178 -23129
0 72 225 2 -23153 -23203
0 72 226 2 23163 23167
0 72 227 2 23190 23143
0 72 228 2 23100 23168
0 72 229 2 23167 23176
0 72 230 2 23171 -23160
0 72 231 2 -23169 -23167
0 72 232 2 -23182 -23156
0 72 233 2 -23217 23161
0 72 234 2 -23153 -23178
0 72 235 2 23151 23154
0 72 236 2 -23166 -23154
0 72 237 2 -23183 23103
0 72 238 2 -23156 -23152
0 72 239 2 23161 -23171
0 72 240 2 -23120 23127
0 72 241 2 23203 -23134
0 72 242 2 23159 23128
0 72 243 2 23172 23166
0 72 244 2 23162 -23148
0 72 245 2 -23171 23151
0 72 246 2 -23117 -23145
0 72 247 2 -23183 23139
0 72 248 2 -23130 -23180
0 72 249 2 -23134 -23193
0 72 250 2 23185 -23132
0 72 251 2 23182 -23157
0 72 252 2 -23148 -23189
0 72 253 2 23178 23161
0 72 254 2 -23194 23180
0 72 255 2 32782 32
0 73 0 2 -488 66
0 73 1 2 32771 -7
0 73 2 2 23196 -23152
0 73 3 2 -23160 23131
0 73 4 2 -23178 23155
0 73 5 2 23151 -23128
0 73 6 2 -23165 23142
0 73 7 2 23163 -23166
0 73 8 2 23187 -23170
0 73 9 2 -23148 -23124
0 73 10 2 -23150 -23157
0 73 11 2 -23136 23140
0 73 12 2 -23193 23150
0 73 13 2 23199 23151
0 73 14 2 23134 23154
0 73 15 2 -23140 -23195
0 73 16 2 23197 -23146
0 73 17 2 -23146 -23169
0 73 18 2 23147 23189
0 73 19 2 23147 23173
0 73 20 2 23170 -23121
0 73 21 2 23183 -23187
0 73 22 2 -23191 23142
0 73 23 2 23120 23191
0 73 24 2 -23141 23168
0 73 25 2 -23175 -23169
0 73 26 2 23187 -23155
0 73 27 2 23157 23216
0 73 28 2 -23192 23156
0 73 29 2 -23130 -23173
0 73 30 2 23163 -23168
0 73 31 2 -23164 23168
0 73 32 2 23163 -23154
0 73 33 2 32770 -7
0 73 34 2 23163 -23146
0 73 35 2 -23156 -23148
0 73 36 2 23188 23191
0 73 37 2 23166 23199
0 73 38 2 23172 -23146
0 73 39 2 -23149 -23163
0 73 40 2 -23149 -23121
0 73 41 2 -23172 -23194
0 73 42 2 -23182 23134
0 73 43 2 23218 -23153
0 73 44 2 23199 23194
0 73 45 2 -23171 23159
0 73 46 2 23205 -23168
0 73 47 2 -23156 -23171
0 73 48 2 23236 -23171
0 73 49 2 23162 -23147
0 73 50 2 23175 -23157
0 73 51 2 -23152 23126
0 73 52 2 23136 23179
0 73 53 2 -23169 -23179
0 73 54 2 23151 23189
0 73 55 2 -23204 -23161
0 73 56 2 23160 23188
0 73 57 2 23180 23187
0 73 58 2 -23138 -23196
0 73 59 2 -23170 23154
0 73 60 2 -23135 -23172
0 73 61 2 -23170 23157
0 73 62 2 -23150 -23191
0 73 63 2 23168 -23176
0 73 64 2 23145 23157
0 73 65 2 32741 0
0 73 66 2 23145 23205
0 73 67 2 -23202 23147
0 73 68 2 23189 -23194
0 73 69 2 -23157 -23194
0 73 70 2 -23162 -23167
0 73 71 2 -23225 23118
0 73 72 2 -23172 23185
0 73 73 2 -23138 23133
0 73 74 2 -23187 23147
0 73 75 2 23187 23175
0 73 76 2 -23155 23133
0 73 77 2 23188 -23171
0 73 78 2 -23169 23171
0 73 79 2 -23179 -23177
0 73 80 2 -23198 23125
0 73 81 2 23147 23153
0 73 82 2 -23162 23184
0 73 83 2 -23145 -23166
0 73 84 2 23192 -23159
0 73 85 2 23203 -23156
0 73 86 2 23163 23213
0 73 87 2 -23162 23156
0 73 88 2 23149 23196
0 73 89 2 -23173 23166
0 73 90 2 23180 -23178
0 73 91 2 -23219 23155
0 73 92 2 23168 23150
0 73 93 2 23170 -23161
0 73 94 2 -23171 23150
0 73 95 2 -23173 23149
0 73 96 2 -23130 -23163
0 73 97 2 32790 -4
0 73 98 2 23157 -23157
0 73 99 2 23153 23188
0 73 100 2 23191 23152
0 73 101 2 -23186 23184
0 73 102 2 -23168 23147
0 73 103 2 -23167 -23172
0 73 104 2 23174 -23148
0 73 105 2 23134 23173
0 73 106 2 -23177 23146
0 73 107 2 23130 -23149
0 73 108 2 23155 23166
0 73 109 2 23186 -23165
0 73 110 2 23195 -23155
0 73 111 2 -23171 -23122
0 73 112 2 -23180 23187
0 73 113 2 15 20
0 73 114 2 3 -19
0 73 115 2 17 4
0 73 116 2 -21 -8
0 73 117 2 17 3
0 73 118 2 -14 3
0 73 119 2 -5 -18
0 73 120 2 0 0
0 73 121 2 18 45
0 73 122 2 -6 -1
0 73 123 2 17 5
0 73 124 2 1 -17
0 73 125 2 20 36
0 73 126 2 -7 17
0 73 127 2 -19 27
0 73 128 2 7 -44
0 73 129 2 5 -3
0 73 130 2 -29 32
0 73 131 2 -40 21
0 73 132 2 16 -1
0 73 133 2 2 16
0 73 134 2 -22 -40
0 73 135 2 -14 -13
0 73 136 2 -1 -1
0 73 137 2 -10 6
0 73 138 2 -19 4
0 73 139 2 -14 20
0 73 140 2 -32 -17
0 73 141 2 -6 -5
0 73 142 2 28 -4
0 73 143 2 -19 15
0 73 144 2 -23159 -23160
0 73 145 2 -23152 -23138
0 73 146 2 -23126 -23183
0 73 147 2 23164 23193
0 73 148 2 23170 23192
0 73 149 2 -23131 -23175
0 73 150 2 -23164 23146
0 73 151 2 23171 -23158
0 73 152 2 -23179 23159
0 73 153 2 -23199 23160
0 73 154 2 23199 -23136
0 73 155 2 -23166 -23215
0 73 156 2 -23156 -23185
0 73 157 2 23192 -23168
0 73 158 2 23146 23201
0 73 159 2 32763 -3
0 73 160 2 -23199 23164
0 73 161 2 23166 -23146
0 73 162 2 23155 23152
0 73 163 2 23155 23180
0 73 164 2 -23227 23177
0 73 165 2 23167 23183
0 73 166 2 -23177 23149
0 73 167 2 -23166 23163
0 73 168 2 -23175 -23158
0 73 169 2 23180 -23182
0 73 170 2 -23176 -23183
0 73 171 2 -23205 23173
0 73 172 2 -23192 23144
0 73 173 2 -23154 23129
0 73 174 2 23149 23182
0 73 175 2 -23163 23173
0 73 176 2 -23152 23135
0 73 177 2 23180 23150
0 73 178 2 23157 23178
0 73 179 2 23209 -23184
0 73 180 2 23173 23122
0 73 181 2 -23120 -23206
0 73 182 2 23191 -23184
0 73 183 2 -23162 23161
0 73 184 2 -23198 23190
0 73 185 2 -23125 -23184
0 73 186 2 -23144 -23159
0 73 187 2 23163 -23160
0 73 188 2 -23152 23184
0 73 189 2 -23178 -23147
0 73 190 2 -23170 23163
0 73 191 2 32767 52
0 73 192 2 23171 -23187
0 73 193 2 23189 -23193
0 73 194 2 -23158 -23177
0 73 195 2 -23172 23147
0 73 196 2 23196 23189
0 73 197 2 -23173 -23149
0 73 198 2 23158 -23176
0 73 199 2 -23178 23178
0 73 200 2 23152 23159
0 73 201 2 -23161 -23168
0 73 202 2 23191 -23169
0 73 203 2 -23202 23198
0 73 204 2 23180 23166
0 73 205 2 23201 -23189
0 73 206 2 -23131 -23199
0 73 207 2 23186 -23155
0 73 208 2 23168 -23142
0 73 209 2 23179 -23149
0 73 210 2 -23208 -23181
0 73 211 2 23160 23168
0 73 212 2 23140 -23157
0 73 213 2 -23174 -23167
0 73 214 2 -23146 -23193
0 73 215 2 -23189 23152
0 73 216 2 -23164 23128
0 73 217 2 -23200 -23170
0 73 218 2 -23221 23200
0 73 219 2 -23139 -23172
0 73 220 2 23149 23166
0 73 221 2 23174 23165
0 73 222 2 23160 23191
0 73 223 2 32759 13
0 73 224 2 -23157 -23182
0 73 225 2 23144 23142
0 73 226 2 23144 23194
0 73 227 2 -23191 23162
0 73 228 2 23156 -23121
0 73 229 2 -23171 23170
0 73 230 2 -23164 -23189
0 73 231 2 23179 -23156
0 73 232 2 23184 -23200
0 73 233 2 -23196 -23169
0 73 234 2 23153 23177
0 73 235 2 23192 -23172
0 73 236 2 23190 23160
0 73 237 2 23177 23167
0 73 238 2 -23147 -23120
0 73 239 2 23179 -23116
0 73 240 2 23145 -23122
0 73 241 2 23173 23176
0 73 242 2 -23197 23171
0 73 243 2 23200 -23166
0 73 244 2 -23167 23171
0 73 245 2 -23135 -23188
0 73 246 2 23172 -23157
0 73 247 2 -23123 -23171
0 73 248 2 -23178 -23175
0 73 249 2 23193 -23169
0 73 250 2 -23171 23183
0 73 251 2 23179 -23181
0 73 252 2 -23155 23168
0 73 253 2 23139 -23174
0 73 254 2 -23169 -23164
0 73 255 2 32763 26
0 74 0 2 -480 89
0 74 1 2 32751 23
0 74 2 2 -23127 -23194
0 74 3 2 23154 -23150
0 74 4 2 23117 23161
0 74 5 2 23173 23187
0 74 6 2 -23175 23138
0 74 7 2 -23157 23180
0 74 8 2 23194 23211
0 74 9 2 -23173 23179
0 74 10 2 23189 -23172
0 74 11 2 -23159 23149
0 74 12 2 -23174 -23187
0 74 13 2 23131 23184
0 74 14 2 23163 -23170
0 74 15 2 23178 23164
0 74 16 2 23178 23157
0 74 17 2 -23184 23163
0 74 18 2 -23165 -23202
0 74 19 2 23173 23168
0 74 20 2 -23151 -23163
0 74 21 2 23174 23166
0 74 22 2 23201 -23172
0 74 23 2 -23156 23183
0 74 24 2 -23199 -23184
0 74 25 2 -23179 23140
0 74 26 2 23170 -23156
0 74 27 2 23160 23196
0 74 28 2 23105 23184
0 74 29 2 -23161 -23163
0 74 30 2 -23150 -23158
0 74 31 2 23145 23170
0 74 32 2 23174 -23129
0 74 33 2 32740 -22
0 74 34 2 -23168 -23168
0 74 35 2 -23158 -23179
0 74 36 2 23154 23154
0 74 37 2 -23169 23138
0 74 38 2 23173 -23186
0 74 39 2 23183 -23136
0 74 40 2 23189 23174
0 74 41 2 23158 23174
0 74 42 2 23159 23157
0 74 43 2 -23158 -23180
0 74 44 2 -23158 23176
0 74 45 2 23167 23162
0 74 46 2 -23160 -23192
0 74 47 2 -23185 -23161
0 74 48 2 23166 23174
0 74 49 2 23166 -23183
0 74 50 2 -23189 23145
0 74 51 2 -23183 23196
0 74 52 2 23140 23198
0 74 53 2 -23145 -23188
0 74 54 2 -23169 23160
0 74 55 2 23167 -23158
0 74 56 2 23145 -23191
0 74 57 2 -23138 -23176
0 74 58 2 -23152 23151
0 74 59 2 23203 23168
0 74 60 2 -23129 -23180
0 74 61 2 23147 23201
0 74 62 2 -23176 -23167
0 74 63 2 23171 -23141
0 74 64 2 23172 23179
0 74 65 2 32805 45
0 74 66 2 23177 -23182
0 74 67 2 23135 23171
0 74 68 2 -23175 23170
0 74 69 2 -23198 23167
0 74 70 2 23159 -23180
0 74 71 2 -23158 -23201
0 74 72 2 23142 -23180
0 74 73 2 23206 -23187
0 74 74 2 -23193 23131
0 74 75 2 23128 -23148
0 74 76 2 23174 23170
0 74 77 2 23183 -23176
0 74 78 2 23149 -23175
0 74 79 2 23177 23170
0 74 80 2 -23159 23186
0 74 81 2 -23168 23201
0 74 82 2 23160 23156
0 74 83 2 23168 -23144
0 74 84 2 -23144 -23188
0 74 85 2 -23159 -23181
0 74 86 2 -23216 23174
0 74 87 2 23192 -23152
0 74 88 2 23180 23180
0 74 89 2 23182 -23138
0 74 90 2 -23178 23147
0 74 91 2 -23201 23187
0 74 92 2 23163 23195
0 74 93 2 23170 -23167
0 74 94 2 23132 23173
0 74 95 2 23199 23186
0 74 96 2 -23173 -23163
0 74 97 2 32784 -4
0 74 98 2 23147 -23168
0 74 99 2 23171 -23137
0 74 100 2 -23159 23139
0 74 101 2 -23131 -23176
0 74 102 2 23143 23178
0 74 103 2 -23161 -23190
0 74 104 2 -23166 23168
0 74 105 2 -23193 -23196
0 74 106 2 23177 -23205
0 74 107 2 -23161 23180
0 74 108 2 -23163 -23189
0 74 109 2 23169 23124
0 74 110 2 -23164 23178
0 74 111 2 -23173 23158
0 74 112 2 23147 -23167
0 74 113 2 11 25
0 74 114 2 -2 -22
0 74 115 2 -15 22
0 74 116 2 -34 -19
0 74 117 2 3 21
0 74 118 2 11 -21
0 74 119 2 -5 8
0 74 120 2 -14 -4
0 74 121 2 23 23
0 74 122 2 1 -19
0 74 123 2 8 -12
0 74 124 2 -16 -12
0 74 125 2 -10 6
0 74 126 2 5 3
0 74 127 2 -22 -25
0 74 128 2 14 34
0 74 129 2 -42 -20
0 74 130 2 31 -19
0 74 131 2 8 24
0 74 132 2 -16 -6
0 74 133 2 -14 24
0 74 134 2 -12 27
0 74 135 2 9 -21
0 74 136 2 0 -25
0 74 137 2 0 31
0 74 138 2 -9 -33
0 74 139 2 0 2
0 74 140 2 4 5
0 74 141 2 -3 12
0 74 142 2 3 -29
0 74 143 2 -33 9
0 74 144 2 23162 23161
0 74 145 2 23167 23186
0 74 146 2 23176 23169
0 74 147 2 23183 -23184
0 74 148 2 -23159 -23187
0 74 149 2 23150 23149
0 74 150 2 -23170 23144
0 74 151 2 23138 -23200
0 74 152 2 -23166 -23147
0 74 153 2 -23162 -23184
0 74 154 2 23188 -23171
0 74 155 2 -23161 -23195
0 74 156 2 23185 -23184
0 74 157 2 -23142 -23194
0 74 158 2 -23148 -23186
0 74 159 2 32738 22
0 74 160 2 23165 23203
0 74 161 2 -23156 -23199
0 74 162 2 -23119 -23173
0 74 163 2 23171 -23146
0 74 164 2 -23174 23130
0 74 165 2 23144 -23169
0 74 166 2 23195 -23163
0 74 167 2 -23171 23183
0 74 168 2 23155 23160
0 74 169 2 -23194 -23217
0 74 170 2 -23179 -23184
0 74 171 2 23187 23189
0 74 172 2 -23155 -23185
0 74 173 2 23189 -23146
0 74 174 2 -23147 -23179
0 74 175 2 23107 23142
0 74 176 2 23172 -23113
0 74 177 2 23164 23210
0 74 178 2 23195 -23147
0 74 179 2 23144 -23171
0 74 180 2 23182 -23178
0 74 181 2 23161 23193
0 74 182 2 -23201 23119
0 74 183 2 -23200 23126
0 74 184 2 -23171 23162
0 74 185 2 -23147 -23183
0 74 186 2 23177 -23164
0 74 187 2 23173 23147
0 74 188 2 23215 -23161
0 74 189 2 -23202 23144
0 74 190 2 23137 23187
0 74 191 2 32773 10
0 74 192 2 -23157 -23155
0 74 193 2 -23130 -23173
0 74 194 2 23172 23196
0 74 195 2 -23185 23140
0 74 196 2 23144 -23208
0 74 197 2 -23135 -23183
0 74 198 2 23177 23178
0 74 199 2 23182 -23167
0 74 200 2 -23158 -23199
0 74 201 2 23148 23160
0 74 202 2 23152 23176
0 74 203 2 23141 23184
0 74 204 2 -23166 -23192
0 74 205 2 23196 23198
0 74 206 2 -23166 -23173
0 74 207 2 23167 -23141
0 74 208 2 -23150 -23177
0 74 209 2 -23138 -23149
0 74 210 2 -23226 -23180
0 74 211 2 -23160 23154
0 74 212 2 23158 23172
0 74 213 2 -23179 23175
0 74 214 2 -23184 -23158
0 74 215 2 23209 -23169
0 74 216 2 -23156 23177
0 74 217 2 23206 -23158
0 74 218 2 -23140 23159
0 74 219 2 23168 23164
0 74 220 2 23169 -23170
0 74 221 2 23174 23165
0 74 222 2 -23174 23141
0 74 223 2 32755 5
0 74 224 2 23149 23165
0 74 225 2 -23175 23163
0 74 226 2 23194 -23173
0 74 227 2 23156 23181
0 74 228 2 23134 23152
0 74 229 2 -23169 -23176
0 74 230 2 23176 -23142
0 74 231 2 23169 -23146
0 74 232 2 23187 -23157
0 74 233 2 -23169 23169
0 74 234 2 -23148 -23181
0 74 235 2 23149 23181
0 74 236 2 23152 -23156
0 74 237 2 23188 -23152
0 74 238 2 -23198 -23179
0 74 239 2 23196 -23131
0 74 240 2 23177 23163
0 74 241 2 -23168 23178
0 74 242 2 -23143 -23169
0 74 243 2 23161 -23166
0 74 244 2 -23193 23151
0 74 245 2 -23185 23157
0 74 246 2 23175 -23138
0 74 247 2 23190 -23172
0 74 248 2 -23160 -23162
0 74 249 2 23180 -23167
0 74 250 2 -23170 23142
0 74 251 2 -23184 23146
0 74 252 2 -23157 -23183
0 74 253 2 23170 -23155
0 74 254 2 23178 23140
0 74 255 2 32785 -14
0 75 0 2 -494 71
0 75 1 2 32757 10
0 75 2 2 23186 -23116
0 75 3 2 -23164 -23142
0 75 4 2 23158 23176
0 75 5 2 -23150 -23181
0 75 6 2 23190 -23195
0 75 7 2 23169 23189
0 75 8 2 23155 23180
0 75 9 2 -23192 23165
0 75 10 2 23157 -23159
0 75 11 2 23147 -23196
0 75 12 2 -23198 23182
0 75 13 2 -23161 23136
0 75 14 2 -23167 23202
0 75 15 2 23143 -23191
0 75 16 2 23131 23194
0 75 17 2 23169 -23119
0 75 18 2 -23172 23157
0 75 19 2 -23183 -23178
0 75 20 2 23131 23175
0 75 21 2 -23180 23181
0 75 22 2 23161 23155
0 75 23 2 -23188 23157
0 75 24 2 23170 23201
0 75 25 2 23183 -23173
0 75 26 2 23198 -23146
0 75 27 2 23164 23160
0 75 28 2 -23162 -23195
0 75 29 2 23136 -23171
0 75 30 2 -23158 -23179
0 75 31 2 -23154 -23172
0 75 32 2 23187 -23137
0 75 33 2 32758 -9
0 75 34 2 23190 23167
0 75 35 2 23121 23183
0 75 36 2 23169 23178
0 75 37 2 -23194 23173
0 75 38 2 23146 23176
0 75 39 2 23210 23157
0 75 40 2 23167 -23163
0 75 41 2 23162 -23173
0 75 42 2 23146 23155
0 75 43 2 23155 -23157
0 75 44 2 -23184 -23179
0 75 45 2 -23168 23152
0 75 46 2 23144 23195
0 75 47 2 23157 -23135
0 75 48 2 -23156 23170
0 75 49 2 -23191 23155
0 75 50 2 -23155 -23171
0 75 51 2 -23168 23150
0 75 52 2 23174 -23172
0 75 53 2 23164 23179
0 75 54 2 23182 23175
0 75 55 2 -23173 -23179
0 75 56 2 -23148 -23154
0 75 57 2 23170 23178
0 75 58 2 -23157 -23150
0 75 59 2 -23105 -23179
0 75 60 2 23144 23192
0 75 61 2 23191 23171
0 75 62 2 -23191 -23191
0 75 63 2 23196 -23147
0 75 64 2 23168 23177
0 75 65 2 32774 -4
0 75 66 2 -23129 -23191
0 75 67 2 -23152 -23180
0 75 68 2 23159 23188
0 75 69 2 -23174 23164
0 75 70 2 23174 -23186
0 75 71 2 23141 23150
0 75 72 2 -23137 -23209
0 75 73 2 -23194 23162
0 75 74 2 23157 23195
0 75 75 2 23149 23157
0 75 76 2 23164 23152
0 75 77 2 -23155 23160
0 75 78 2 23164 23204
0 75 79 2 23157 23183
0 75 80 2 23155 -23145
0 75 81 2 -23160 -23182
0 75 82 2 23181 23215
0 75 83 2 -23162 -23198
0 75 84 2 23142 23125
0 75 85 2 23164 23178
0 75 86 2 -23159 23173
0 75 87 2 23156 -23171
0 75 88 2 -23172 -23176
0 75 89 2 -23145 -23153
0 75 90 2 -23165 -23185
0 75 91 2 23149 -23163
0 75 92 2 23202 23175
0 75 93 2 -23179 23166
0 75 94 2 23179 -23112
0 75 95 2 -23182 23133
0 75 96 2 -23160 -23177
0 75 97 2 32777 -25
0 75 98 2 -23151 -23155
0 75 99 2 23161 23167
0 75 100 2 23146 23135
0 75 101 2 23148 23154
0 75 102 2 -23189 -23184
0 75 103 2 -23140 -23148
0 75 104 2 -23135 -23164
0 75 105 2 -23118 -23159
0 75 106 2 23165 23176
0 75 107 2 23172 -23187
0 75 108 2 23148 23178
0 75 109 2 23163 23194
0 75 110 2 -23178 23156
0 75 111 2 -23192 23155
0 75 112 2 23170 23182
0 75 113 2 7 2
0 75 114 2 3 -5
0 75 115 2 -12 -4
0 75 116 2 7 -8
0 75 117 2 8 11
0 75 118 2 -16 6
0 75 119 2 -30 -14
0 75 120 2 19 -35
0 75 121 2 15 -11
0 75 122 2 -7 -12
0 75 123 2 10 9
0 75 124 2 29 -1
0 75 125 2 2 -16
0 75 126 2 -8 25
0 75 127 2 -21 0
0 75 128 2 10 -24
0 75 129 2 9 10
0 75 130 2 14 45
0 75 131 2 -1 -22
0 75 132 2 -10 -1
0 75 133 2 1 -7
0 75 134 2 2 13
0 75 135 2 -10 0
0 75 136 2 18 15
0 75 137 2 -3 -9
0 75 138 2 -27 -3
0 75 139 2 10 1
0 75 140 2 11 -7
0 75 141 2 12 -5
0 75 142 2 2 16
0 75 143 2 -11 -18
0 75 144 2 23156 23182
0 75 145 2 23185 23178
0 75 146 2 23157 -23160
0 75 147 2 23187 -23184
0 75 148 2 -23178 -23157
0 75 149 2 23150 -23168
0 75 150 2 -23185 23157
0 75 151 2 -23193 23135
0 75 152 2 -23150 -23166
0 75 153 2 -23183 23139
0 75 154 2 23173 23155
0 75 155 2 -23178 -23214
0 75 156 2 -23182 -23198
0 75 157 2 -23117 -23195
0 75 158 2 -23148 -23202
0 75 159 2 32795 10
0 75 160 2 23168 23171
0 75 161 2 -23168 23179
0 75 162 2 23168 -23143
0 75 163 2 -23127 -23167
0 75 164 2 23164 -23199
0 75 165 2 23184 23178
0 75 166 2 23133 23213
0 75 167 2 -23156 -23143
0 75 168 2 -23104 -23188
0 75 169 2 23159 -23153
0 75 170 2 -23178 23127
0 75 171 2 23171 23190
0 75 172 2 23204 -23176
0 75 173 2 -23170 -23189
0 75 174 2 -23202 23117
0 75 175 2 -23154 23167
0 75 176 2 -23164 23174
0 75 177 2 23177 23164
0 75 178 2 23168 23184
0 75 179 2 23190 -23163
0 75 180 2 23164 23168
0 75 181 2 -23215 23142
0 75 182 2 23177 -23166
0 75 183 2 -23184 23146
0 75 184 2 -23158 -23201
0 75 185 2 23168 23164
0 75 186 2 -23164 23148
0 75 187 2 23180 -23147
0 75 188 2 23154 23163
0 75 189 2 -23152 23156
0 75 190 2 23150 23196
0 75 191 2 32750 8
0 75 192 2 -23160 -23159
0 75 193 2 -23178 23166
0 75 194 2 23203 -23187
0 75 195 2 -23158 -23178
0 75 196 2 23153 23167
0 75 197 2 23138 23181
0 75 198 2 23197 23161
0 75 199 2 -23139 -23147
0 75 200 2 -23169 -23185
0 75 201 2 -23187 23189
0 75 202 2 -23161 -23163
0 75 203 2 -23189 -23186
0 75 204 2 23177 23126
0 75 205 2 -23149 23161
0 75 206 2 23166 23184
0 75 207 2 -23183 23171
0 75 208 2 23160 -23159
0 75 209 2 23162 23182
0 75 210 2 -23196 23174
0 75 211 2 23185 23172
0 75 212 2 -23221 23136
0 75 213 2 23131 23182
0 75 214 2 -23185 23184
0 75 215 2 23187 -23146
0 75 216 2 -23180 23168
0 75 217 2 23175 23195
0 75 218 2 -23146 23159
0 75 219 2 23161 -23177
0 75 220 2 23118 23173
0 75 221 2 23187 23175
0 75 222 2 -23178 23153
0 75 223 2 32773 -6
0 75 224 2 -23175 23143
0 75 225 2 23186 23172
0 75 226 2 -23174 -23167
0 75 227 2 -23158 -23163
0 75 228 2 23206 -23148
0 75 229 2 23202 -23184
0 75 230 2 -23141 -23183
0 75 231 2 23154 23194
0 75 232 2 23165 -23149
0 75 233 2 -23191 23130
0 75 234 2 -23176 23132
0 75 235 2 23178 23168
0 75 236 2 -23175 -23173
0 75 237 2 -23166 -23158
0 75 238 2 23182 -23183
0 75 239 2 23179 -23184
0 75 240 2 -23173 23168
0 75 241 2 -23168 23146
0 75 242 2 -23152 -23174
0 75 243 2 23217 -23113
0 75 244 2 23166 23195
0 75 245 2 -23150 23186
0 75 246 2 -23177 23165
0 75 247 2 -23178 23171
0 75 248 2 23181 23155
0 75 249 2 23152 23170
0 75 250 2 23173 -23141
0 75 251 2 23163 -23166
0 75 252 2 23172 23146
0 75 253 2 -23170 23167
0 75 254 2 -23194 -23145
0 75 255 2 32752 43
0 76 0 2 -469 109
0 76 1 2 32781 14
0 76 2 2 23136 23188
0 76 3 2 23178 23194
0 76 4 2 -23185 -23165
0 76 5 2 -23168 -23187
0 76 6 2 23137 23185
0 76 7 2 23204 -23165
0 76 8 2 -23165 -23203
0 76 9 2 23181 -23156
0 76 10 2 23149 23151
0 76 11 2 23173 23189
0 76 12 2 -23197 -23178
0 76 13 2 23168 23176
0 76 14 2 23195 -23142
0 76 15 2 23184 -23197
0 76 16 2 23166 23159
0 76 17 2 -23156 -23183
0 76 18 2 -23172 -23143
0 76 19 2 -23166 23187
0 76 20 2 -23157 23195
0 76 21 2 23164 23166
0 76 22 2 -23196 23165
0 76 23 2 23181 -23178
0 76 24 2 23187 -23129
0 76 25 2 -23173 23159
0 76 26 2 23159 -23151
0 76 27 2 -23186 -23169
0 76 28 2 -23192 23148
0 76 29 2 23218 -23180
0 76 30 2 23160 23147
0 76 31 2 -23200 23172
0 76 32 2 -23148 -23185
0 76 33 2 32766 -4
0 76 34 2 -23200 23151
0 76 35 2 -23181 23181
0 76 36 2 23136 23157
0 76 37 2 23184 -23168
0 76 38 2 -23198 23183
0 76 39 2 23198 -23145
0 76 40 2 -23174 -23196
0 76 41 2 23149 23193
0 76 42 2 -23129 -23199
0 76 43 2 -23180 23194
0 76 44 2 -23128 -23178
0 76 45 2 23173 23162
0 76 46 2 23192 -23169
0 76 47 2 23174 -23170
0 76 48 2 -23133 -23139
0 76 49 2 23180 23203
0 76 50 2 23168 23174
0 76 51 2 23161 -23177
0 76 52 2 23158 -23158
0 76 53 2 23204 -23119
0 76 54 2 23157 23159
0 76 55 2 23154 -23187
0 76 56 2 -23174 23156
0 76 57 2 -23166 -23147
0 76 58 2 -23147 -23207
0 76 59 2 23161 -23192
0 76 60 2 23188 -23147
0 76 61 2 23178 23163
0 76 62 2 -23151 -23176
0 76 63 2 -23176 -23167
0 76 64 2 23154 23165
0 76 65 2 32799 24
0 76 66 2 23168 -23134
0 76 67 2 23175 23164
0 76 68 2 -23206 -23187
0 76 69 2 -23175 -23158
0 76 70 2 23174 23186
0 76 71 2 23188 23213
0 76 72 2 -23160 23167
0 76 73 2 23184 23193
0 76 74 2 23187 23168
0 76 75 2 23145 23194
0 76 76 2 23142 -23199
0 76 77 2 -23171 -23169
0 76 78 2 -23196 23149
0 76 79 2 23166 23177
0 76 80 2 -23144 -23138
0 76 81 2 23165 23167
0 76 82 2 -23172 23154
0 76 83 2 -23169 -23151
0 76 84 2 23190 23150
0 76 85 2 -23168 -23203
0 76 86 2 -23156 -23176
0 76 87 2 -23193 23189
0 76 88 2 -23151 23204
0 76 89 2 -23193 23191
0 76 90 2 23153 23150
0 76 91 2 23185 -23153
0 76 92 2 23153 23155
0 76 93 2 -23128 -23185
0 76 94 2 23146 23187
0 76 95 2 -23147 -23203
0 76 96 2 23151 23173
0 76 97 2 32762 19
0 76 98 2 23192 -23157
0 76 99 2 -23104 -23185
0 76 100 2 23171 -23140
0 76 101 2 23163 23159
0 76 102 2 23181 -23158
0 76 103 2 -23133 -23164
0 76 104 2 23149 -23177
0 76 105 2 23167 23170
0 76 106 2 23154 -23181
0 76 107 2 -23164 23150
0 76 108 2 -23162 23188
0 76 109 2 -23175 -23173
0 76 110 2 23173 -23166
0 76 111 2 23145 23174
0 76 112 2 23185 -23144
0 76 113 2 2 -5
0 76 114 2 6 -5
0 76 115 2 3 41
0 76 116 2 -34 15
0 76 117 2 -6 18
0 76 118 2 43 25
0 76 119 2 -2 -4
0 76 120 2 7 -2
0 76 121 2 0 4
0 76 122 2 -13 0
0 76 123 2 2 18
0 76 124 2 20 12
0 76 125 2 0 16
0 76 126 2 20 31
0 76 127 2 -36 34
0 76 128 2 -2 10
0 76 129 2 5 -13
0 76 130 2 10 -5
0 76 131 2 -26 11
0 76 132 2 -5 10
0 76 133 2 22 10
0 76 134 2 15 2
0 76 135 2 -36 -13
0 76 136 2 20 -31
0 76 137 2 -3 -18
0 76 138 2 7 7
0 76 139 2 -17 12
0 76 140 2 8 34
0 76 141 2 -26 13
0 76 142 2 -14 22
0 76 143 2 0 13
0 76 144 2 23189 23148
0 76 145 2 23164 23175
0 76 146 2 -23175 -23153
0 76 147 2 -23165 -23181
0 76 148 2 -23158 -23160
0 76 149 2 -23183 -23161
0 76 150 2 23166 23196
0 76 151 2 23177 -23195
0 76 152 2 23197 23176
0 76 153 2 -23164 -23159
0 76 154 2 -23161 23136
0 76 155 2 -23154 -23162
0 76 156 2 -23203 -23179
0 76 157 2 23189 -23149
0 76 158 2 -23187 23159
0 76 159 2 32765 21
0 76 160 2 23138 23211
0 76 161 2 -23179 23142
0 76 162 2 -23181 -23163
0 76 163 2 -23183 23163
0 76 164 2 -23168 -23166
0 76 165 2 23192 -23180
0 76 166 2 -23183 23154
0 76 167 2 -23169 23164
0 76 168 2 -23158 -23185
0 76 169 2 -23147 -23149
0 76 170 2 -23194 -23202
0 76 171 2 23167 -23171
0 76 172 2 -23175 -23195
0 76 173 2 23161 -23147
0 76 174 2 23155 -23137
0 76 175 2 23139 23173
0 76 176 2 -23189 23145
0 76 177 2 23149 -23164
0 76 178 2 23176 23193
0 76 179 2 23162 -23180
0 76 180 2 -23191 23148
0 76 181 2 23143 23166
0 76 182 2 23162 -23162
0 76 183 2 -23173 23144
0 76 184 2 -23132 23113
0 76 185 2 23168 -23146
0 76 186 2 -23205 23200
0 76 187 2 23149 -23142
0 76 188 2 23205 -23159
0 76 189 2 23136 23194
0 76 190 2 -23124 -23165
0 76 191 2 32759 21
0 76 192 2 -23127 -23189
0 76 193 2 23167 -23159
0 76 194 2 23132 23218
0 76 195 2 -23166 -23178
0 76 196 2 -23178 23176
0 76 197 2 23216 -23196
0 76 198 2 23188 -23151
0 76 199 2 -23164 -23163
0 76 200 2 -23133 -23197
0 76 201 2 -23155 -23177
0 76 202 2 -23181 -23140
0 76 203 2 -23146 -23201
0 76 204 2 23181 23191
0 76 205 2 -23179 23144
0 76 206 2 23191 23165
0 76 207 2 -23198 -23180
0 76 208 2 23184 -23186
0 76 209 2 23170 -23153
0 76 210 2 -23183 23141
0 76 211 2 -23159 -23162
0 76 212 2 -23153 23157
0 76 213 2 -23146 -23152
0 76 214 2 23153 23208
0 76 215 2 23147 -23138
0 76 216 2 23183 -23195
0 76 217 2 23190 -23191
0 76 218 2 -23165 -23161
0 76 219 2 -23164 -23186
0 76 220 2 23144 -23172
0 76 221 2 23173 -23135
0 76 222 2 -23151 23149
0 76 223 2 32780 22
0 76 224 2 23174 -23159
0 76 225 2 23186 23189
0 76 226 2 -23190 23153
0 76 227 2 -23202 23180
0 76 228 2 -23172 -23201
0 76 229 2 -23168 -23178
0 76 230 2 -23143 -23156
0 76 231 2 23158 23181
0 76 232 2 -23153 -23183
0 76 233 2 -23150 -23142
0 76 234 2 23200 -23167
0 76 235 2 23178 23168
0 76 236 2 -23150 -23179
0 76 237 2 -23161 -23193
0 76 238 2 23136 -23123
0 76 239 2 23171 -23164
0 76 240 2 23205 -23221
0 76 241 2 -23208 23122
0 76 242 2 23165 23227
0 76 243 2 23177 -23151
0 76 244 2 -23149 -23184
0 76 245 2 -23147 -23187
0 76 246 2 23180 -23131
0 76 247 2 23166 -23140
0 76 248 2 23194 23187
0 76 249 2 23144 23202
0 76 250 2 -23158 -23175
0 76 251 2 23191 -23152
0 76 252 2 23133 23141
0 76 253 2 -23206 23149
0 76 254 2 23114 23190
0 76 255 2 32770 31
0 77 0 2 -431 108
0 77 1 2 32769 30
0 77 2 2 23212 23208
0 77 3 2 23191 -23187
0 77 4 2 -23157 23131
0 77 5 2 23172 23171
0 77 6 2 -23198 23158
0 77 7 2 -23128 -23167
0 77 8 2 -23175 23158
0 77 9 2 -23167 23167
0 77 10 2 -23147 -23170
0 77 11 2 23182 -23139
0 77 12 2 -23188 23149
0 77 13 2 23165 -23128
0 77 14 2 23188 -23150
0 77 15 2 23198 -23157
0 77 16 2 -23182 23143
0 77 17 2 -23164 23177
0 77 18 2 23148 -23177
0 77 19 2 23188 -23160
0 77 20 2 -23176 23161
0 77 21 2 -23174 23155
0 77 22 2 23176 -23176
0 77 23 2 23121 23185
0 77 24 2 -23161 23159
0 77 25 2 -23185 23162
0 77 26 2 -23145 -23173
0 77 27 2 -23158 23138
0 77 28 2 -23147 -23152
0 77 29 2 -23169 -23178
0 77 30 2 23184 -23176
0 77 31 2 -23164 23150
0 77 32 2 -23160 23155
0 77 33 2 32772 7
0 77 34 2 -23167 23144
0 77 35 2 -23153 -23183
0 77 36 2 23152 23181
0 77 37 2 23153 23191
0 77 38 2 -23172 -23182
0 77 39 2 -23136 -23137
0 77 40 2 -23198 23177
0 77 41 2 23165 -23163
0 77 42 2 -23184 23164
0 77 43 2 -23168 -23206
0 77 44 2 -23159 -23209
0 77 45 2 23180 23171
0 77 46 2 23141 23160
0 77 47 2 23164 23181
0 77 48 2 23154 23191
0 77 49 2 -23164 -23197
0 77 50 2 -23165 -23178
0 77 51 2 23154 23207
0 77 52 2 -23177 23168
0 77 53 2 -23173 -23181
0 77 54 2 -23202 23175
0 77 55 2 -23173 23200
0 77 56 2 -23170 -23195
0 77 57 2 -23210 23178
0 77 58 2 23155 -23138
0 77 59 2 -23174 -23141
0 77 60 2 -23152 -23168
0 77 61 2 23175 -23161
0 77 62 2 -23193 23172
0 77 63 2 -23140 -23157
0 77 64 2 23177 23209
0 77 65 2 32755 -25
0 77 66 2 -23164 -23222
0 77 67 2 23185 23172
0 77 68 2 -23160 -23179
0 77 69 2 -23116 -23193
0 77 70 2 -23156 -23189
0 77 71 2 23182 -23140
0 77 72 2 23161 23195
0 77 73 2 23181 23216
0 77 74 2 -23173 23196
0 77 75 2 -23189 23166
0 77 76 2 -23182 23152
0 77 77 2 -23176 -23166
0 77 78 2 23194 23167
0 77 79 2 23143 23182
0 77 80 2 -23168 -23160
0 77 81 2 -23154 -23183
0 77 82 2 -23163 -23180
0 77 83 2 23178 23162
0 77 84 2 23177 23209
0 77 85 2 23155 23177
0 77 86 2 23148 23155
0 77 87 2 23157 -23124
0 77 88 2 23184 -23198
0 77 89 2 -23192 23156
0 77 90 2 23159 23176
0 77 91 2 23171 23175
0 77 92 2 23155 23187
0 77 93 2 23170 -23157
0 77 94 2 23163 -23147
0 77 95 2 23135 23177
0 77 96 2 23191 -23161
0 77 97 2 32775 9
0 77 98 2 23155 23174
0 77 99 2 -23151 -23160
0 77 100 2 -23135 -23144
0 77 101 2 -23137 -23185
0 77 102 2 -23157 23191
0 77 103 2 23161 23177
0 77 104 2 23153 -23159
0 77 105 2 23150 -23193
0 77 106 2 -23187 -23150
0 77 107 2 23220 -23182
0 77 108 2 23135 23176
0 77 109 2 -23144 -23181
0 77 110 2 23148 -23199
0 77 111 2 23166 -23174
0 77 112 2 23137 23174
0 77 113 2 -8 21
0 77 114 2 -18 5
0 77 115 2 -15 11
0 77 116 2 31 -16
0 77 117 2 50 1
0 77 118 2 8 38
0 77 119 2 -25 30
0 77 120 2 23 -16
0 77 121 2 -5 30
0 77 122 2 -32 -19
0 77 123 2 10 36
0 77 124 2 -11 20
0 77 125 2 -12 -12
0 77 126 2 10 -19
0 77 127 2 -16 -23
0 77 128 2 17 -18
0 77 129 2 -26 11
0 77 130 2 27 -17
0 77 131 2 19 12
0 77 132 2 -27 3
0 77 133 2 -57 -7
0 77 134 2 37 39
0 77 135 2 -9 6
0 77 136 2 16 -16
0 77 137 2 21 17
0 77 138 2 -20 -35
0 77 139 2 23 -16
0 77 140 2 -10 -12
0 77 141 2 -14 -9
0 77 142 2 3 0
0 77 143 2 -20 -5
0 77 144 2 -23116 23165
0 77 145 2 -23151 -23193
0 77 146 2 23139 -23173
0 77 147 2 23139 23169
0 77 148 2 -23168 -23155
0 77 149 2 23156 -23156
0 77 150 2 -23199 -23181
0 77 151 2 23180 -23191
0 77 152 2 -23156 -23168
0 77 153 2 -23206 23157
0 77 154 2 23189 -23169
0 77 155 2 23194 -23177
0 77 156 2 -23199 23145
0 77 157 2 -23147 -23194
0 77 158 2 -23195 23149
0 77 159 2 32793 -1
0 77 160 2 -23145 23122
0 77 161 2 23166 23192
0 77 162 2 -23171 23177
0 77 163 2 23171 23189
0 77 164 2 -23185 23148
0 77 165 2 -23185 -23204
0 77 166 2 -23184 23148
0 77 167 2 -23174 23169
0 77 168 2 -23156 -23133
0 77 169 2 -23188 23178
0 77 170 2 23132 -23146
0 77 171 2 -23171 -23179
0 77 172 2 23195 -23211
0 77 173 2 -23199 23153
0 77 174 2 -23173 23136
0 77 175 2 23153 -23164
0 77 176 2 23165 -23152
0 77 177 2 -23178 23154
0 77 178 2 23167 23164
0 77 179 2 23172 -23193
0 77 180 2 23136 23165
0 77 181 2 -23168 23158
0 77 182 2 23173 -23165
0 77 183 2 -23125 -23169
0 77 184 2 23193 -23139
0 77 185 2 23147 -23161
0 77 186 2 -23118 23162
0 77 187 2 -23208 23136
0 77 188 2 -23185 23179
0 77 189 2 -23170 -23188
0 77 190 2 23157 23182
0 77 191 2 32740 21
0 77 192 2 23184 -23143
0 77 193 2 23179 -23137
0 77 194 2 -23190 -23167
0 77 195 2 -23191 23180
0 77 196 2 23182 23180
0 77 197 2 23184 -23163
0 77 198 2 23179 -23163
0 77 199 2 -23162 23176
0 77 200 2 -23190 -23172
0 77 201 2 -23194 23204
0 77 202 2 -23159 -23162
0 77 203 2 -23152 -23215
0 77 204 2 -23145 -23147
0 77 205 2 23207 -23137
0 77 206 2 -23168 23143
0 77 207 2 -23159 -23187
0 77 208 2 23159 23191
0 77 209 2 23160 23172
0 77 210 2 -23152 23184
0 77 211 2 -23178 23144
0 77 212 2 -23195 -23144
0 77 213 2 23174 -23143
0 77 214 2 -23184 23193
0 77 215 2 23175 -23173
0 77 216 2 23144 -23186
0 77 217 2 23160 23187
0 77 218 2 23172 -23160
0 77 219 2 -23164 23156
0 77 220 2 -23175 23196
0 77 221 2 23171 23153
0 77 222 2 23173 23159
0 77 223 2 32746 17
0 77 224 2 23190 -23168
0 77 225 2 -23193 23161
0 77 226 2 23141 23162
0 77 227 2 -23170 23166
0 77 228 2 -23171 -23198
0 77 229 2 -23154 23171
0 77 230 2 -23180 23178
0 77 231 2 -23184 -23177
0 77 232 2 -23202 23142
0 77 233 2 -23193 23167
0 77 234 2 23205 -23188
0 77 235 2 23207 23191
0 77 236 2 -23194 23141
0 77 237 2 -23180 -23168
0 77 238 2 -23178 23133
0 77 239 2 23171 -23175
0 77 240 2 23210 23143
0 77 241 2 -23179 23169
0 77 242 2 -23198 -23215
0 77 243 2 23151 -23162
0 77 244 2 23142 -23175
0 77 245 2 23191 23168
0 77 246 2 -23178 23123
0 77 247 2 -23177 23168
0 77 248 2 23135 23184
0 77 249 2 -23162 -23193
0 77 250 2 23186 23159
0 77 251 2 23151 23194
0 77 252 2 -23173 23130
0 77 253 2 23128 -23177
0 77 254 2 23201 -23208
0 77 255 2 32749 34
0 78 0 2 -468 87
0 78 1 2 32749 25
0 78 2 2 23191 -23136
0 78 3 2 23149 23143
0 78 4 2 23135 -23164
0 78 5 2 -23144 -23189
0 78 6 2 -23150 -23167
0 78 7 2 -23185 23156
0 78 8 2 23146 23198
0 78 9 2 -23193 -23177
0 78 10 2 23168 23152
0 78 11 2 23181 23172
0 78 12 2 -23177 -23134
0 78 13 2 23139 23155
0 78 14 2 -23181 -23181
0 78 15 2 -23168 23139
0 78 16 2 -23154 -23228
0 78 17 2 -23185 23220
0 78 18 2 23147 23162
0 78 19 2 23157 23182
0 78 20 2 -23169 -23176
0 78 21 2 -23161 23138
0 78 22 2 -23151 -23161
0 78 23 2 23169 -23123
0 78 24 2 23153 23185
0 78 25 2 -23165 23181
0 78 26 2 23159 -23143
0 78 27 2 -23173 23140
0 78 28 2 23182 -23193
0 78 29 2 23149 -23139
0 78 30 2 -23163 -23160
0 78 31 2 -23156 23164
0 78 32 2 23185 -23138
0 78 33 2 32791 -16
0 78 34 2 -23161 -23203
0 78 35 2 -23162 23160
0 78 36 2 23151 -23152
0 78 37 2 -23176 23179
0 78 38 2 23189 -23162
0 78 39 2 23148 -23179
0 78 40 2 -23156 23138
0 78 41 2 -23174 23150
0 78 42 2 -23164 23163
0 78 43 2 -23194 23145
0 78 44 2 23177 -23155
0 78 45 2 -23174 -23174
0 78 46 2 -23188 23178
0 78 47 2 -23162 -23173
0 78 48 2 23177 -23152
0 78 49 2 23163 -23146
0 78 50 2 23165 -23173
0 78 51 2 23164 -23163
0 78 52 2 23164 23211
0 78 53 2 23170 23155
0 78 54 2 23133 23159
0 78 55 2 -23161 23120
0 78 56 2 23187 23177
0 78 57 2 -23153 -23155
0 78 58 2 23151 -23159
0 78 59 2 -23182 -23148
0 78 60 2 23167 -23153
0 78 61 2 -23167 -23198
0 78 62 2 23148 23166
0 78 63 2 -23209 23157
0 78 64 2 23174 -23157
0 78 65 2 32763 13
0 78 66 2 23171 -23149
0 78 67 2 -23173 23157
0 78 68 2 -23180 -23156
0 78 69 2 -23190 23151
0 78 70 2 -23165 -23178
0 78 71 2 -23173 23156
0 78 72 2 -23153 -23188
0 78 73 2 23170 -23126
0 78 74 2 -23161 23165
0 78 75 2 23180 -23173
0 78 76 2 23197 23166
0 78 77 2 23144 23171
0 78 78 2 23136 23144
0 78 79 2 -23171 23167
0 78 80 2 -23182 -23180
0 78 81 2 23157 23179
0 78 82 2 23166 23217
0 78 83 2 -23194 -23211
0 78 84 2 -23187 -23175
0 78 85 2 23178 -23160
0 78 86 2 -23201 -23188
0 78 87 2 23170 23150
0 78 88 2 23175 -23142
0 78 89 2 -23187 23197
0 78 90 2 -23180 23181
0 78 91 2 -23141 -23211
0 78 92 2 -23181 23149
0 78 93 2 -23155 -23184
0 78 94 2 23151 -23132
0 78 95 2 23182 23185
0 78 96 2 23183 -23139
0 78 97 2 32758 34
0 78 98 2 -23165 -23206
0 78 99 2 23177 -23137
0 78 100 2 -23158 -23159
0 78 101 2 -23122 23148
0 78 102 2 23163 23175
0 78 103 2 -23167 23162
0 78 104 2 -23167 -23185
0 78 105 2 -23151 -23190
0 78 106 2 23154 23181
0 78 107 2 23175 -23158
0 78 108 2 -23189 -23198
0 78 109 2 23168 23156
0 78 110 2 -23110 -23185
0 78 111 2 -23177 -23186
0 78 112 2 23161 -23183
0 78 113 2 -14 17
0 78 114 2 -38 12
0 78 115 2 20 0
0 78 116 2 2 3
0 78 117 2 28 -13
0 78 118 2 1 18
0 78 119 2 43 22
0 78 120 2 -17 -10
0 78 121 2 -4 3
0 78 122 2 7 -3
0 78 123 2 -13 13
0 78 124 2 50 53
0 78 125 2 24 -37
0 78 126 2 19 -1
0 78 127 2 8 -4
0 78 128 2 2 0
0 78 129 2 17 5
0 78 130 2 6 -14
0 78 131 2 -22 20
0 78 132 2 0 5
0 78 133 2 16 18
0 78 134 2 24 -16
0 78 135 2 32 10
0 78 136 2 7 4
0 78 137 2 -7 18
0 78 138 2 -47 0
0 78 139 2 1 -15
0 78 140 2 32 -10
0 78 141 2 -1 -21
0 78 142 2 10 4
0 78 143 2 17 10
0 78 144 2 -23146 -23189
0 78 145 2 23186 -23166
0 78 146 2 -23176 -23182
0 78 147 2 -23194 23173
0 78 148 2 -23166 -23157
0 78 149 2 -23145 -23174
0 78 150 2 -23175 -23169
0 78 151 2 23179 23176
0 78 152 2 23159 23171
0 78 153 2 -23162 23166
0 78 154 2 -23177 23181
0 78 155 2 23156 23145
0 78 156 2 -23160 23168
0 78 157 2 23171 -23169
0 78 158 2 23205 -23200
0 78 159 2 32781 -13
0 78 160 2 23142 -23175
0 78 161 2 -23185 23165
0 78 162 2 -23191 23145
0 78 163 2 -23186 -23210
0 78 164 2 -23173 23170
0 78 165 2 23155 23214
0 78 166 2 -23199 -23193
0 78 167 2 -23185 -23154
0 78 168 2 23152 23205
0 78 169 2 -23131 -23172
0 78 170 2 -23155 23188
0 78 171 2 -23192 23143
0 78 172 2 23174 -23176
0 78 173 2 23184 23188
0 78 174 2 23196 -23143
0 78 175 2 -23188 23206
0 78 176 2 23162 23203
0 78 177 2 23178 -23145
0 78 178 2 -23174 23127
0 78 179 2 23166 -23131
0 78 180 2 -23180 23170
0 78 181 2 23155 23187
0 78 182 2 -23218 23129
0 78 183 2 -23167 -23139
0 78 184 2 23169 23191
0 78 185 2 23165 23180
0 78 186 2 -23170 23171
0 78 187 2 23193 23203
0 78 188 2 23194 23162
0 78 189 2 -23181 23149
0 78 190 2 23195 -23146
0 78 191 2 32766 22
0 78 192 2 -23176 -23207
0 78 193 2 23167 23193
0 78 194 2 -23140 -23165
0 78 195 2 23184 -23192
0 78 196 2 -23160 23171
0 78 197 2 23177 -23152
0 78 198 2 23157 23196
0 78 199 2 -23152 23177
0 78 200 2 -23161 23150
0 78 201 2 23169 23168
0 78 202 2 -23140 -23167
0 78 203 2 23152 -23140
0 78 204 2 23184 23193
0 78 205 2 23162 23213
0 78 206 2 23152 23184
0 78 207 2 23200 23159
0 78 208 2 -23172 23134
0 78 209 2 23149 -23183
0 78 210 2 -23182 23149
0 78 211 2 -23146 23155
0 78 212 2 23201 -23138
0 78 213 2 -23150 -23199
0 78 214 2 23160 -23148
0 78 215 2 23153 23140
0 78 216 2 -23193 23150
0 78 217 2 -23153 23161
0 78 218 2 -23169 23169
0 78 219 2 23153 23149
0 78 220 2 -23173 -23167
0 78 221 2 23177 23172
0 78 222 2 -23179 23153
0 78 223 2 32764 44
0 78 224 2 23188 -23150
0 78 225 2 -23168 23145
0 78 226 2 -23202 23136
0 78 227 2 23139 23165
0 78 228 2 -23159 -23165
0 78 229 2 23209 23179
0 78 230 2 23198 -23164
0 78 231 2 23165 23161
0 78 232 2 23164 23204
0 78 233 2 -23180 23147
0 78 234 2 23161 23162
0 78 235 2 -23183 -23187
0 78 236 2 -23165 -23193
0 78 237 2 23174 23193
0 78 238 2 -23160 23152
0 78 239 2 -23152 -23170
0 78 240 2 23146 -23171
0 78 241 2 23207 -23133
0 78 242 2 -23166 -23193
0 78 243 2 23223 -23185
0 78 244 2 -23175 23185
0 78 245 2 23200 23163
0 78 246 2 23152 -23143
0 78 247 2 23210 -23138
0 78 248 2 -23163 -23146
0 78 249 2 -23168 -23176
0 78 250 2 23179 23146
0 78 251 2 -23143 23174
0 78 252 2 23166 -23199
0 78 253 2 23172 23166
0 78 254 2 -23154 -23191
0 78 255 2 32777 24
0 79 0 2 -462 80
0 79 1 2 32752 10
0 79 2 2 23177 23192
0 79 3 2 23171 23171
0 79 4 2 -23177 23150
0 79 5 2 23188 23187
0 79 6 2 -23177 -23188
0 79 7 2 -23169 -23176
0 79 8 2 23205 23163
0 79 9 2 -23157 23160
0 79 10 2 -23176 23162
0 79 11 2 -23167 -23167
0 79 12 2 23196 -23168
0 79 13 2 23150 23170
0 79 14 2 -23172 -23172
0 79 15 2 -23170 -23148
0 79 16 2 23151 23203
0 79 17 2 23158 23194
0 79 18 2 -23169 23170
0 79 19 2 -23125 23151
0 79 20 2 -23150 23184
0 79 21 2 23166 23185
0 79 22 2 -23144 -23184
0 79 23 2 -23156 -23158
0 79 24 2 -23189 -23179
0 79 25 2 23198 -23166
0 79 26 2 -23173 23168
0 79 27 2 23188 23156
0 79 28 2 -23167 23172
0 79 29 2 23186 23180
0 79 30 2 23197 -23187
0 79 31 2 23165 23198
0 79 32 2 -23149 -23186
0 79 33 2 32777 -1
0 79 34 2 -23164 23157
0 79 35 2 -23176 23171
0 79 36 2 -23166 23144
0 79 37 2 -23173 -23186
0 79 38 2 23196 23162
0 79 39 2 23157 -23182
0 79 40 2 -23148 23147
0 79 41 2 -23212 23170
0 79 42 2 23145 -23182
0 79 43 2 23158 -23173
0 79 44 2 23153 23185
0 79 45 2 23163 -23164
0 79 46 2 -23184 23161
0 79 47 2 23148 23171
0 79 48 2 -23175 -23198
0 79 49 2 -23204 -23179
0 79 50 2 -23165 -23189
0 79 51 2 23149 23200
0 79 52 2 -23149 -23154
0 79 53 2 23207 -23139
0 79 54 2 -23167 23152
0 79 55 2 -23184 -23159
0 79 56 2 -23159 -23165
0 79 57 2 -23185 -23219
0 79 58 2 -23149 -23202
0 79 59 2 -23178 23160
0 79 60 2 -23179 -23143
0 79 61 2 -23174 23138
0 79 62 2 23134 23214
0 79 63 2 -23169 23171
0 79 64 2 -23159 -23155
0 79 65 2 32749 29
0 79 66 2 -23149 -23191
0 79 67 2 -23178 -23176
0 79 68 2 23152 23181
0 79 69 2 23148 23219
0 79 70 2 -23164 -23199
0 79 71 2 23208 -23180
0 79 72 2 -23184 -23148
0 79 73 2 -23172 23146
0 79 74 2 -23150 23168
0 79 75 2 23147 23182
0 79 76 2 -23155 -23191
0 79 77 2 23166 23147
0 79 78 2 23191 23148
0 79 79 2 -23155 23163
0 79 80 2 23171 23164
0 79 81 2 -23191 -23180
0 79 82 2 23172 -23186
0 79 83 2 -23174 -23161
0 79 84 2 -23181 23154
0 79 85 2 23159 -23178
0 79 86 2 23169 23184
0 79 87 2 23194 -23195
0 79 88 2 23148 -23181
0 79 89 2 -23178 -23138
0 79 90 2 23193 23185
0 79 91 2 -23193 -23173
0 79 92 2 23192 -23092
0 79 93 2 23163 23149
0 79 94 2 23192 -23178
0 79 95 2 23162 23135
0 79 96 2 -23181 23178
0 79 97 2 32752 -6
0 79 98 2 23181 -23176
0 79 99 2 -23157 -23192
0 79 100 2 23184 23213
0 79 101 2 -23181 23172
0 79 102 2 -23144 -23200
0 79 103 2 23161 23180
0 79 104 2 23156 23192
0 79 105 2 23180 -23148
0 79 106 2 -23161 23193
0 79 107 2 23148 -23176
0 79 108 2 23176 -23150
0 79 109 2 23180 23202
0 79 110 2 -23171 23140
0 79 111 2 23163 -23169
0 79 112 2 -23145 -23139
0 79 113 2 -4 14
0 79 114 2 -9 17
0 79 115 2 -2 0
0 79 116 2 -19 17
0 79 117 2 0 0
0 79 118 2 -1 14
0 79 119 2 -21 17
0 79 120 2 7 3
0 79 121 2 -8 12
0 79 122 2 -29 -27
0 79 123 2 -9 -16
0 79 124 2 19 -18
0 79 125 2 -8 21
0 79 126 2 -7 43
0 79 127 2 23 -20
0 79 128 2 -17 -6
0 79 129 2 -16 -5
0 79 130 2 0 3
0 79 131 2 -8 26
0 79 132 2 10 14
0 79 133 2 5 -19
0 79 134 2 1 3
0 79 135 2 9 -3
0 79 136 2 0 -28
0 79 137 2 10 -1
0 79 138 2 -3 15
0 79 139 2 21 6
0 79 140 2 22 5
0 79 141 2 24 8
0 79 142 2 -32 18
0 79 143 2 -15 -10
0 79 144 2 23186 -23177
0 79 145 2 -23200 -23180
0 79 146 2 23161 23200
0 79 147 2 -23149 -23159
0 79 148 2 23153 23173
0 79 149 2 -23147 -23174
0 79 150 2 -23146 -23138
0 79 151 2 23197 23195
0 79 152 2 23146 23173
0 79 153 2 23179 23168
0 79 154 2 23167 -23168
0 79 155 2 -23159 23136
0 79 156 2 -23170 -23175
0 79 157 2 -23189 -23169
0 79 158 2 23183 23206
0 79 159 2 32780 38
0 79 160 2 23183 23206
0 79 161 2 -23150 -23194
0 79 162 2 -23190 23190
0 79 163 2 23134 23152
0 79 164 2 23155 23195
0 79 165 2 23150 -23153
0 79 166 2 23119 23143
0 79 167 2 23170 -23168
0 79 168 2 -23204 23201
0 79 169 2 -23177 23172
0 79 170 2 23198 -23193
0 79 171 2 -23163 23159
0 79 172 2 -23190 23153
0 79 173 2 23128 -23143
0 79 174 2 23136 23201
0 79 175 2 23174 23132
0 79 176 2 -23117 -23200
0 79 177 2 23204 -23177
0 79 178 2 -23196 -23173
0 79 179 2 23211 -23170
0 79 180 2 -23176 23156
0 79 181 2 -23174 -23148
0 79 182 2 -23195 23174
0 79 183 2 23139 23142
0 79 184 2 23205 -23150
0 79 185 2 -23166 -23160
0 79 186 2 -23136 -23180
0 79 187 2 -23186 23132
0 79 188 2 -23177 -23192
0 79 189 2 -23195 23190
0 79 190 2 -23175 23158
0 79 191 2 32756 21
0 79 192 2 23187 23157
0 79 193 2 -23149 23133
0 79 194 2 23188 -23185
0 79 195 2 -23158 -23181
0 79 196 2 23168 -23190
0 79 197 2 -23201 23175
0 79 198 2 23151 23183
0 79 199 2 -23168 23192
0 79 200 2 -23193 23116
0 79 201 2 23187 23184
0 79 202 2 -23183 23158
0 79 203 2 -23192 23177
0 79 204 2 23161 23223
0 79 205 2 23154 23172
0 79 206 2 23146 23160
0 79 207 2 -23161 23189
0 79 208 2 -23154 -23203
0 79 209 2 23183 -23159
0 79 210 2 -23179 23139
0 79 211 2 -23151 -23173
0 79 212 2 -23145 -23172
0 79 213 2 23156 -23127
0 79 214 2 -23178 23181
0 79 215 2 -23166 -23204
0 79 216 2 -23193 23145
0 79 217 2 -23173 23210
0 79 218 2 -23216 23148
0 79 219 2 -23140 23129
0 79 220 2 23175 -23171
0 79 221 2 -23156 23144
0 79 222 2 -23205 -23167
0 79 223 2 32753 14
0 79 224 2 23175 23165
0 79 225 2 23160 23189
0 79 226 2 23174 23189
0 79 227 2 23159 -23138
0 79 228 2 23157 -23158
0 79 229 2 23159 23181
0 79 230 2 23155 -23130
0 79 231 2 -23202 23158
0 79 232 2 23160 23219
0 79 233 2 23144 23186
0 79 234 2 23161 -23141
0 79 235 2 -23188 23196
0 79 236 2 23165 23168
0 79 237 2 -23197 23161
0 79 238 2 -23201 23163
0 79 239 2 -23187 -23173
0 79 240 2 -23133 -23177
0 79 241 2 23126 23180
0 79 242 2 -23211 -23174
0 79 243 2 23143 23150
0 79 244 2 23153 -23174
0 79 245 2 -23168 23200
0 79 246 2 23170 -23152
0 79 247 2 -23182 -23165
0 79 248 2 23130 23179
0 79 249 2 23170 23177
0 79 250 2 23157 -23187
0 79 251 2 23166 -23160
0 79 252 2 23177 23189
0 79 253 2 -23188 23174
0 79 254 2 -23206 23186
0 79 255 2 32807 26
0 80 0 2 -478 105
0 80 1 2 32755 3
0 80 2 2 23164 23178
0 80 3 2 -23206 23184
0 80 4 2 23189 -23130
0 80 5 2 -23162 23154
0 80 6 2 23217 -23144
0 80 7 2 -23157 -23165
0 80 8 2 23198 -23170
0 80 9 2 23200 23195
0 80 10 2 -23164 -23190
0 80 11 2 23207 -23140
0 80 12 2 23147 23173
0 80 13 2 23167 23165
0 80 14 2 23160 23134
0 80 15 2 23166 -23162
0 80 16 2 -23175 -23216
0 80 17 2 23187 23195
0 80 18 2 -23151 -23162
0 80 19 2 23187 -23201
0 80 20 2 -23125 -23154
0 80 21 2 -23176 23200
0 80 22 2 -23182 -23146
0 80 23 2 23185 -23170
0 80 24 2 23165 23192
0 80 25 2 23159 -23119
0 80 26 2 23158 -23151
0 80 27 2 -23171 23162
0 80 28 2 23163 -23168
0 80 29 2 23163 23171
0 80 30 2 -23187 23143
0 80 31 2 -23172 -23150
0 80 32 2 23132 23182
0 80 33 2 32725 4
0 80 34 2 -23158 23134
0 80 35 2 -23166 23172
0 80 36 2 23141 23200
0 80 37 2 23165 23156
0 80 38 2 -23172 -23144
0 80 39 2 -23155 -23146
0 80 40 2 -23171 23164
0 80 41 2 -23157 -23171
0 80 42 2 23167 -23184
0 80 43 2 -23176 -23190
0 80 44 2 23183 -23159
0 80 45 2 23138 23151
0 80 46 2 -23142 -23176
0 80 47 2 23186 -23150
0 80 48 2 23147 23171
0 80 49 2 -23160 23143
0 80 50 2 -23177 23150
0 80 51 2 23187 -23163
0 80 52 2 -23151 -23198
0 80 53 2 -23148 -23207
0 80 54 2 -23219 23157
0 80 55 2 23137 23161
0 80 56 2 23161 -23157
0 80 57 2 23141 23189
0 80 58 2 -23165 -23165
0 80 59 2 -23153 -23186
0 80 60 2 23158 -23181
0 80 61 2 23181 -23164
0 80 62 2 23196 -23186
0 80 63 2 23167 -23177
0 80 64 2 -23190 23163
0 80 65 2 32759 26
0 80 66 2 -23187 -23209
0 80 67 2 -23166 -23144
0 80 68 2 -23203 23154
0 80 69 2 23180 23193
0 80 70 2 23170 -23166
0 80 71 2 23170 23172
0 80 72 2 -23191 -23190
0 80 73 2 23161 23183
0 80 74 2 -23130 -23185
0 80 75 2 23183 -23180
0 80 76 2 23159 23154
0 80 77 2 -23167 23185
0 80 78 2 23145 23164
0 80 79 2 23158 23148
0 80 80 2 23185 -23157
0 80 81 2 23202 -23186
0 80 82 2 23205 -23165
0 80 83 2 23175 23188
0 80 84 2 -23166 -23172
0 80 85 2 23165 23154
0 80 86 2 -23138 -23154
0 80 87 2 23170 -23160
0 80 88 2 23152 -23202
0 80 89 2 23149 23166
0 80 90 2 23194 23154
0 80 91 2 -23177 23150
0 80 92 2 -23172 -23185
0 80 93 2 -23153 23143
0 80 94 2 23165 -23157
0 80 95 2 -23174 23154
0 80 96 2 23192 -23164
0 80 97 2 32749 37
0 80 98 2 -23136 23173
0 80 99 2 23163 23186
0 80 100 2 -23190 -23168
0 80 101 2 23164 23143
0 80 102 2 -23153 -23154
0 80 103 2 23159 -23151
0 80 104 2 23163 23163
0 80 105 2 -23162 23156
0 80 106 2 23164 -23145
0 80 107 2 23170 -23151
0 80 108 2 23153 23207
0 80 109 2 -23159 -23200
0 80 110 2 23167 23149
0 80 111 2 -23162 23168
0 80 112 2 -23205 23150
0 80 113 2 1 10
0 80 114 2 -18 15
0 80 115 2 -1 -32
0 80 116 2 -9 -26
0 80 117 2 -2 20
0 80 118 2 -5 -17
0 80 119 2 12 8
0 80 120 2 -11 -42
0 80 121 2 25 7
0 80 122 2 21 -2
0 80 123 2 9 -21
0 80 124 2 -19 -32
0 80 125 2 3 -23
0 80 126 2 19 12
0 80 127 2 18 -4
0 80 128 2 -26 29
0 80 129 2 -1 16
0 80 130 2 32 6
0 80 131 2 -37 -10
0 80 132 2 -1 -15
0 80 133 2 17 55
0 80 134 2 -14 -9
0 80 135 2 -4 14
0 80 136 2 15 -3
0 80 137 2 24 -7
0 80 138 2 9 17
0 80 139 2 6 9
0 80 140 2 -3 -22
0 80 141 2 27 -4
0 80 142 2 1 -20
0 80 143 2 11 15
0 80 144 2 23170 23175
0 80 145 2 23153 -23163
0 80 146 2 23182 -23155
0 80 147 2 -23152 -23159
0 80 148 2 23198 -23206
0 80 149 2 23183 -23180
0 80 150 2 23173 -23146
0 80 151 2 -23170 23183
0 80 152 2 23170 23173
0 80 153 2 -23153 23189
0 80 154 2 -23173 23165
0 80 155 2 -23162 23142
0 80 156 2 23144 23165
0 80 157 2 23168 -23194
0 80 158 2 -23191 23178
0 80 159 2 32772 33
0 80 160 2 23161 -23186
0 80 161 2 -23165 23131
0 80 162 2 23176 -23164
0 80 163 2 23170 23207
0 80 164 2 23151 -23157
0 80 165 2 -23168 -23186
0 80 166 2 -23125 23194
0 80 167 2 23182 23175
0 80 168 2 -23167 -23179
0 80 169 2 23154 23157
0 80 170 2 -23201 23149
0 80 171 2 -23140 -23166
0 80 172 2 23167 -23146
0 80 173 2 -23132 -23171
0 80 174 2 -23175 23157
0 80 175 2 23160 23208
0 80 176 2 -23174 -23172
0 80 177 2 -23155 23146
0 80 178 2 -23163 23145
0 80 179 2 -23160 -23154
0 80 180 2 -23134 -23182
0 80 181 2 23144 23150
0 80 182 2 -23204 23148
0 80 183 2 -23188 23167
0 80 184 2 23136 23170
0 80 185 2 -23142 23148
0 80 186 2 -23218 23171
0 80 187 2 23149 -23189
0 80 188 2 -23145 -23186
0 80 189 2 -23156 -23208
0 80 190 2 -23193 23200
0 80 191 2 32783 1
0 80 192 2 23150 23175
0 80 193 2 23146 23199
0 80 194 2 23152 -23168
0 80 195 2 -23188 -23145
0 80 196 2 23206 -23147
0 80 197 2 23202 -23211
0 80 198 2 23125 23189
0 80 199 2 -23199 23169
0 80 200 2 23157 -23148
0 80 201 2 -23180 -23220
0 80 202 2 -23153 -23170
0 80 203 2 -23142 -23174
0 80 204 2 -23202 23118
0 80 205 2 -23153 23158
0 80 206 2 23147 -23169
0 80 207 2 -23161 23143
0 80 208 2 23147 -23176
0 80 209 2 23142 23174
0 80 210 2 23190 -23169
0 80 211 2 23198 -23184
0 80 212 2 23181 -23160
0 80 213 2 23143 -23154
0 80 214 2 23176 -23163
0 80 215 2 -23169 -23187
0 80 216 2 23121 -23173
0 80 217 2 23135 23180
0 80 218 2 -23180 -23191
0 80 219 2 -23170 -23163
0 80 220 2 23194 23167
0 80 221 2 23182 23194
0 80 222 2 23157 23195
0 80 223 2 32770 -13
0 80 224 2 -23142 23136
0 80 225 2 23174 -23158
0 80 226 2 23150 23175
0 80 227 2 23135 23151
0 80 228 2 23141 23115
0 80 229 2 23178 -23147
0 80 230 2 23167 -23173
0 80 231 2 23163 23194
0 80 232 2 23172 -23194
0 80 233 2 -23172 -23171
0 80 234 2 23180 -23150
0 80 235 2 -23202 23171
0 80 236 2 -23185 23158
0 80 237 2 23172 23190
0 80 238 2 -23156 -23156
0 80 239 2 -23215 23157
0 80 240 2 23152 -23165
0 80 241 2 -23183 23172
0 80 242 2 -23187 23177
0 80 243 2 23148 23151
0 80 244 2 23186 23226
0 80 245 2 23180 -23157
0 80 246 2 -23171 -23172
0 80 247 2 -23165 -23183
0 80 248 2 -23143 -23184
0 80 249 2 23169 23194
0 80 250 2 23179 -23185
0 80 251 2 23171 23166
0 80 252 2 23185 23224
0 80 253 2 23182 -23134
0 80 254 2 23208 23194
0 80 255 2 32761 -11
0 81 0 2 -456 89
0 81 1 2 32759 6
0 81 2 2 -23201 -23165
0 81 3 2 23169 -23147
0 81 4 2 -23206 23165
0 81 5 2 -23117 -23145
0 81 6 2 23179 23190
0 81 7 2 -23185 23170
0 81 8 2 23145 23172
0 81 9 2 23170 23164
0 81 10 2 -23177 23178
0 81 11 2 -23114 -23180
0 81 12 2 23172 -23180
0 81 13 2 23174 23169
0 81 14 2 23187 -23147
0 81 15 2 23168 -23169
0 81 16 2 23153 23117
0 81 17 2 -23138 23131
0 81 18 2 -23210 23187
0 81 19 2 -23151 23144
0 81 20 2 23172 -23135
0 81 21 2 23164 -23154
0 81 22 2 -23174 23160
0 81 23 2 -23162 23167
0 81 24 2 -23164 -23150
0 81 25 2 23180 -23136
0 81 26 2 23181 23167
0 81 27 2 23198 -23163
0 81 28 2 -23144 23158
0 81 29 2 -23112 -23161
0 81 30 2 23164 23154
0 81 31 2 23193 -23129
0 81 32 2 -23164 23170
0 81 33 2 32798 41
0 81 34 2 -23156 23164
0 81 35 2 23163 23192
0 81 36 2 -23148 23185
0 81 37 2 23190 23182
0 81 38 2 23193 -23159
0 81 39 2 23149 23166
0 81 40 2 23173 -23169
0 81 41 2 23185 -23148
0 81 42 2 -23207 23163
0 81 43 2 -23170 23176
0 81 44 2 -23181 23179
0 81 45 2 -23153 -23173
0 81 46 2 23169 -23187
0 81 47 2 23233 23143
0 81 48 2 23183 -23125
0 81 49 2 -23166 -23162
0 81 50 2 23130 -23151
0 81 51 2 23134 23152
0 81 52 2 -23153 23152
0 81 53 2 -23163 23176
0 81 54 2 23175 23187
0 81 55 2 23169 -23158
0 81 56 2 23198 -23154
0 81 57 2 23145 23173
0 81 58 2 23187 -23133
0 81 59 2 23166 -23212
0 81 60 2 -23184 -23184
0 81 61 2 23201 -23147
0 81 62 2 -23163 -23171
0 81 63 2 23143 23173
0 81 64 2 23183 -23174
0 81 65 2 32777 4
0 81 66 2 23173 -23153
0 81 67 2 -23128 23179
0 81 68 2 -23197 23171
0 81 69 2 23143 23192
0 81 70 2 23202 -23196
0 81 71 2 23162 23157
0 81 72 2 -23143 -23190
0 81 73 2 23173 23189
0 81 74 2 -23161 -23196
0 81 75 2 23163 23189
0 81 76 2 -23159 -23177
0 81 77 2 23183 -23157
0 81 78 2 23166 23191
0 81 79 2 -23163 23187
0 81 80 2 23178 23174
0 81 81 2 -23159 23161
0 81 82 2 -23144 -23159
0 81 83 2 -23128 23167
0 81 84 2 23173 -23170
0 81 85 2 -23229 23139
0 81 86 2 -23178 -23168
0 81 87 2 23178 -23197
0 81 88 2 -23148 -23172
0 81 89 2 -23166 23170
0 81 90 2 23175 23217
0 81 91 2 -23167 23125
0 81 92 2 -23193 23169
0 81 93 2 23154 -23173
0 81 94 2 -23217 23178
0 81 95 2 23191 23191
0 81 96 2 23152 -23165
0 81 97 2 32758 20
0 81 98 2 23177 23184
0 81 99 2 -23178 -23157
0 81 100 2 -23152 -23177
0 81 101 2 -23186 23185
0 81 102 2 23172 23201
0 81 103 2 23194 -23176
0 81 104 2 23210 -23145
0 81 105 2 23165 23167
0 81 106 2 23147 23203
0 81 107 2 -23169 23124
0 81 108 2 23159 23186
0 81 109 2 -23202 -23164
0 81 110 2 23161 23208
0 81 111 2 -23187 23165
0 81 112 2 -23146 -23197
0 81 113 2 -16 -21
0 81 114 2 45 -13
0 81 115 2 5 18
0 81 116 2 22 -8
0 81 117 2 25 22
0 81 118 2 -13 -17
0 81 119 2 18 14
0 81 120 2 11 -22
0 81 121 2 10 -13
0 81 122 2 -17 -9
0 81 123 2 -18 11
0 81 124 2 -11 12
0 81 125 2 -17 0
0 81 126 2 -13 -3
0 81 127 2 -7 7
0 81 128 2 19 11
0 81 129 2 1 -28
0 81 130 2 14 19
0 81 131 2 28 -5
0 81 132 2 -6 -6
0 81 133 2 -74 -6
0 81 134 2 -5 -21
0 81 135 2 7 -16
0 81 136 2 -35 2
0 81 137 2 -1 -19
0 81 138 2 -22 -39
0 81 139 2 -14 -9
0 81 140 2 14 -31
0 81 141 2 -28 2
0 81 142 2 19 -36
0 81 143 2 1 15
0 81 144 2 -23191 23167
0 81 145 2 23164 23208
0 81 146 2 -23146 -23172
0 81 147 2 23179 23169
0 81 148 2 23166 -23194
0 81 149 2 23170 -23189
0 81 150 2 23127 23193
0 81 151 2 -23140 -23149
0 81 152 2 23163 -23203
0 81 153 2 -23169 -23185
0 81 154 2 23173 -23152
0 81 155 2 23148 -23181
0 81 156 2 -23166 -23182
0 81 157 2 -23179 23149
0 81 158 2 -23170 -23163
0 81 159 2 32728 13
0 81 160 2 23184 -23162
0 81 161 2 23170 -23140
0 81 162 2 23175 -23154
0 81 163 2 23190 -23164
0 81 164 2 -23166 -23166
0 81 165 2 -23140 -23173
0 81 166 2 23148 -23206
0 81 167 2 23186 23171
0 81 168 2 -23180 23156
0 81 169 2 -23180 23157
0 81 170 2 23171 23168
0 81 171 2 23188 23204
0 81 172 2 23164 23166
0 81 173 2 23160 -23158
0 81 174 2 23136 23174
0 81 175 2 23168 23138
0 81 176 2 23179 -23170
0 81 177 2 -23212 23161
0 81 178 2 23174 -23158
0 81 179 2 -23172 23161
0 81 180 2 -23175 23203
0 81 181 2 -23183 -23194
0 81 182 2 -23182 23161
0 81 183 2 -23169 -23184
0 81 184 2 -23169 23150
0 81 185 2 23160 -23175
0 81 186 2 23204 23188
0 81 187 2 -23191 23134
0 81 188 2 -23140 -23175
0 81 189 2 -23172 23161
0 81 190 2 -23217 23137
0 81 191 2 32764 2
0 81 192 2 -23175 23182
0 81 193 2 23139 23175
0 81 194 2 -23140 23176
0 81 195 2 -23215 23152
0 81 196 2 -23163 23194
0 81 197 2 23142 23197
0 81 198 2 -23164 -23190
0 81 199 2 -23171 23160
0 81 200 2 23138 23180
0 81 201 2 -23136 -23159
0 81 202 2 -23144 -23190
0 81 203 2 23174 23161
0 81 204 2 -23201 23179
0 81 205 2 -23212 23171
0 81 206 2 -23157 -23213
0 81 207 2 -23190 23169
0 81 208 2 -23165 -23179
0 81 209 2 23147 23171
0 81 210 2 23136 23144
0 81 211 2 23134 23185
0 81 212 2 23203 23174
0 81 213 2 23170 -23156
0 81 214 2 23172 -23139
0 81 215 2 -23175 23121
0 81 216 2 -23173 23208
0 81 217 2 -23171 23121
0 81 218 2 -23173 23129
0 81 219 2 23162 23164
0 81 220 2 -23138 -23193
0 81 221 2 -23206 -23192
0 81 222 2 -23214 23153
0 81 223 2 32766 24
0 81 224 2 -23152 -23190
0 81 225 2 23153 23172
0 81 226 2 23184 -23157
0 81 227 2 -23204 23184
0 81 228 2 -23136 23169
0 81 229 2 23206 -23194
0 81 230 2 23149 23182
0 81 231 2 -23163 -23172
0 81 232 2 -23172 -23215
0 81 233 2 23179 -23202
0 81 234 2 -23156 -23182
0 81 235 2 -23162 23150
0 81 236 2 23172 23190
0 81 237 2 -23185 23191
0 81 238 2 23154 23155
0 81 239 2 23155 -23148
0 81 240 2 23167 -23155
0 81 241 2 -23192 23173
0 81 242 2 -23163 -23182
0 81 243 2 23184 -23150
0 81 244 2 -23191 23162
0 81 245 2 23165 -23181
0 81 246 2 -23185 -23199
0 81 247 2 23184 -23157
0 81 248 2 23177 -23182
0 81 249 2 23191 -23169
0 81 250 2 -23200 -23194
0 81 251 2 -23183 23167
0 81 252 2 -23186 23168
0 81 253 2 23206 -23161
0 81 254 2 23160 -23135
0 81 255 2 32800 -27
0 82 0 2 -459 75
0 82 1 2 32752 -23
0 82 2 2 23173 23163
0 82 3 2 23180 23182
0 82 4 2 23153 -23136
0 82 5 2 23179 -23124
0 82 6 2 23147 23172
0 82 7 2 -23208 23186
0 82 8 2 -23200 -23204
0 82 9 2 23159 -23116
0 82 10 2 23147 23167
0 82 11 2 -23208 23150
0 82 12 2 23148 -23148
0 82 13 2 -23183 23145
0 82 14 2 -23177 -23182
0 82 15 2 23191 -23163
0 82 16 2 23115 23182
0 82 17 2 23171 -23140
0 82 18 2 23173 23189
0 82 19 2 23183 -23177
0 82 20 2 -23174 -23177
0 82 21 2 -23164 -23183
0 82 22 2 -23198 23158
0 82 23 2 23150 -23152
0 82 24 2 23159 23172
0 82 25 2 23170 23198
0 82 26 2 -23183 23157
0 82 27 2 -23183 23151
0 82 28 2 -23159 -23199
0 82 29 2 23163 -23163
0 82 30 2 -23206 23183
0 82 31 2 -23171 23157
0 82 32 2 23166 -23154
0 82 33 2 32785 43
0 82 34 2 23192 -23151
0 82 35 2 23169 -23189
0 82 36 2 -23184 -23198
0 82 37 2 23162 23201
0 82 38 2 -23144 -23141
0 82 39 2 23146 23194
0 82 40 2 23156 -23146
0 82 41 2 -23142 -23183
0 82 42 2 -23131 -23162
0 82 43 2 -23193 23166
0 82 44 2 -23154 -23168
0 82 45 2 -23165 -23171
0 82 46 2 -23176 23147
0 82 47 2 23155 23161
0 82 48 2 -23179 23177
0 82 49 2 23164 23187
0 82 50 2 -23160 23161
0 82 51 2 23181 -23150
0 82 52 2 -23201 -23166
0 82 53 2 23215 -23117
0 82 54 2 -23201 23158
0 82 55 2 -23142 -23184
0 82 56 2 23184 -23134
0 82 57 2 23178 -23173
0 82 58 2 -23173 23167
0 82 59 2 -23150 -23169
0 82 60 2 23173 -23135
0 82 61 2 -23143 -23172
0 82 62 2 -23139 23169
0 82 63 2 -23145 -23194
0 82 64 2 23155 23215
0 82 65 2 32745 -12
0 82 66 2 -23170 23177
0 82 67 2 -23199 -23167
0 82 68 2 23170 23156
0 82 69 2 -23174 -23134
0 82 70 2 -23186 -23178
0 82 71 2 23152 23172
0 82 72 2 -23204 23162
0 82 73 2 -23152 -23151
0 82 74 2 23171 23189
0 82 75 2 -23155 23146
0 82 76 2 -23156 -23176
0 82 77 2 23204 -23169
0 82 78 2 -23151 23173
0 82 79 2 23154 23168
0 82 80 2 -23189 23124
0 82 81 2 -23177 23155
0 82 82 2 23180 -23172
0 82 83 2 -23202 23177
0 82 84 2 23165 -23172
0 82 85 2 -23223 23159
0 82 86 2 23185 23179
0 82 87 2 -23168 -23165
0 82 88 2 23206 -23179
0 82 89 2 -23186 23165
0 82 90 2 23127 23198
0 82 91 2 23179 23168
0 82 92 2 -23168 23164
0 82 93 2 -23172 -23144
0 82 94 2 23201 -23171
0 82 95 2 23166 23209
0 82 96 2 23214 23188
0 82 97 2 32799 -22
0 82 98 2 -23171 23182
0 82 99 2 23152 23172
0 82 100 2 -23151 -23156
0 82 101 2 -23178 23181
0 82 102 2 -23215 23181
0 82 103 2 23169 23175
0 82 104 2 23203 -23173
0 82 105 2 -23155 23167
0 82 106 2 -23192 -23167
0 82 107 2 -23112 -23189
0 82 108 2 23124 23174
0 82 109 2 23146 23168
0 82 110 2 -23200 23166
0 82 111 2 -23141 23149
0 82 112 2 23179 23181
0 82 113 2 9 2
0 82 114 2 2 -29
0 82 115 2 16 -35
0 82 116 2 -14 2
0 82 117 2 -14 13
0 82 118 2 -5 -10
0 82 119 2 0 -3
0 82 120 2 0 -27
0 82 121 2 34 -11
0 82 122 2 0 19
0 82 123 2 9 4
0 82 124 2 -26 -20
0 82 125 2 -15 30
0 82 126 2 -6 4
0 82 127 2 42 24
0 82 128 2 0 -12
0 82 129 2 18 7
0 82 130 2 5 4
0 82 131 2 -4 -1
0 82 132 2 12 -20
0 82 133 2 8 -5
0 82 134 2 9 23
0 82 135 2 33 8
0 82 136 2 29 11
0 82 137 2 3 40
0 82 138 2 -5 -13
0 82 139 2 0 -36
0 82 140 2 4 -5
0 82 141 2 -5 30
0 82 142 2 22 0
0 82 143 2 -35 -9
0 82 144 2 -23170 23183
0 82 145 2 23170 -23184
0 82 146 2 23155 23193
0 82 147 2 23156 -23198
0 82 148 2 -23175 23185
0 82 149 2 -23179 23155
0 82 150 2 23156 23177
0 82 151 2 23176 -23166
0 82 152 2 -23179 -23191
0 82 153 2 -23179 -23181
0 82 154 2 23188 -23157
0 82 155 2 -23133 -23155
0 82 156 2 -23194 -23152
0 82 157 2 -23172 23193
0 82 158 2 -23220 23148
0 82 159 2 32761 -5
0 82 160 2 23181 -23169
0 82 161 2 23197 -23174
0 82 162 2 23187 -23152
0 82 163 2 -23182 23159
0 82 164 2 -23155 23148
0 82 165 2 23166 -23144
0 82 166 2 -23177 23176
0 82 167 2 23205 -23162
0 82 168 2 -23167 -23178
0 82 169 2 23168 23176
0 82 170 2 23171 -23155
0 82 171 2 23203 -23138
0 82 172 2 23167 23201
0 82 173 2 23155 23215
0 82 174 2 -23168 -23183
0 82 175 2 23133 -23193
0 82 176 2 -23156 -23184
0 82 177 2 23156 23165
0 82 178 2 -23166 23162
0 82 179 2 23161 -23211
0 82 180 2 -23160 -23199
0 82 181 2 -23165 23161
0 82 182 2 23154 23148
0 82 183 2 -23185 -23194
0 82 184 2 23179 -23176
0 82 185 2 -23179 23172
0 82 186 2 23226 -23124
0 82 187 2 23213 -23175
0 82 188 2 -23177 -23182
0 82 189 2 -23197 -23171
0 82 190 2 -23131 -23167
0 82 191 2 32769 -3
0 82 192 2 23151 23167
0 82 193 2 23149 23178
0 82 194 2 23180 23147
0 82 195 2 -23181 23146
0 82 196 2 23168 23182
0 82 197 2 -23134 -23155
0 82 198 2 23177 -23169
0 82 199 2 23198 -23157
0 82 200 2 23183 -23163
0 82 201 2 -23168 23150
0 82 202 2 -23166 -23183
0 82 203 2 -23184 -23172
0 82 204 2 23152 -23155
0 82 205 2 23135 -23154
0 82 206 2 -23164 23139
0 82 207 2 23191 -23148
0 82 208 2 23144 23204
0 82 209 2 -23201 23144
0 82 210 2 -23170 23137
0 82 211 2 23197 -23137
0 82 212 2 23160 -23145
0 82 213 2 -23183 23167
0 82 214 2 23154 23178
0 82 215 2 23137 -23185
0 82 216 2 23151 23179
0 82 217 2 -23207 -23174
0 82 218 2 -23147 23170
0 82 219 2 23185 -23174
0 82 220 2 -23166 23159
0 82 221 2 -23172 23172
0 82 222 2 23170 -23141
0 82 223 2 32751 9
0 82 224 2 -23146 23163
0 82 225 2 23183 23174
0 82 226 2 -23165 -23191
0 82 227 2 23151 23161
0 82 228 2 23193 -23174
0 82 229 2 23191 23170
0 82 230 2 -23170 -23187
0 82 231 2 23228 -23166
0 82 232 2 -23161 -23155
0 82 233 2 -23150 -23179
0 82 234 2 23175 23155
0 82 235 2 -23182 -23162
0 82 236 2 23167 -23168
0 82 237 2 -23199 23156
0 82 238 2 -23199 23162
0 82 239 2 -23213 23209
0 82 240 2 23169 -23157
0 82 241 2 23209 23179
0 82 242 2 -23199 23140
0 82 243 2 23158 -23138
0 82 244 2 23176 -23183
0 82 245 2 -23121 -23160
0 82 246 2 -23116 -23165
0 82 247 2 -23161 -23142
0 82 248 2 -23156 -23186
0 82 249 2 23151 23211
0 82 250 2 -23157 -23185
0 82 251 2 23195 -23164
0 82 252 2 23153 23188
0 82 253 2 -23181 -23156
0 82 254 2 -23197 -23176
0 82 255 2 32775 -16
