00000000
00000000
00000000
00000000
00000000
00000000
00000000
00000000
00000000
00000000
00000000
00000000
00000000
00000000
00000000
00000000
00000000
00000000
00000000
00000000
00000000
00000000
00000000
00000000
00000000
00000000
00000000
00000000
00000000
00000000
00000000
00000000
00000000
00000000
00000000
00000000
00000000
00000000
00000000
00000000
00000000
00000000
00000000
00000000
00000000
00000000
00000000
00000000
00000000
00000000
00000000
00000000
00000000
00000000
00000000
00000000
00000000
00000000
00000000
00000000
00000000
00000000
00000000
00000000
00000000
00000000
00000000
00000000
00000000
00000000
00000000
00000000
00000000
00000000
00000000
00000000
00000000
00000000
00000000
00000000
00000000
00000000
00000000
00000000
00000000
00000000
00000000
00000000
00000000
00000000
00000000
00000000
00000000
00000000
00000000
00000000
00000000
00000000
00000000
00000000
00000000
00000000
00000000
00000000
00000000
00000000
00000000
00000000
00000000
00000000
00000000
00000000
00000000
00000000
00000000
00000000
00000000
00000000
00000000
00000000
00000000
00000000
00000000
00000000
00000000
00000000
00000000
00000000
00000000
00000000
00000000
00000000
00000000
00000000
00000000
00000000
00000000
00000000
00000000
00000000
00000000
00000000
00000000
00000000
00000000
00000000
00000000
00000000
00000000
00000000
00000000
00000000
00000000
00000000
00000000
00000000
00000000
00000000
00000000
00000000
00000000
00000000
00000000
00000000
00000000
00000000
00000000
00000000
00000000
00000000
00000000
00000000
00000000
00000000
00000000
00000000
00000000
00000000
00000000
00000000
00000000
00000000
00000000
00000000
00000000
00000000
00000000
00000000
00000000
00000000
00000000
00000000
00000000
00000000
00000000
00000000
00000000
00000000
00000000
00000000
fa58fc77
fc4a018b
fd68fab1
032efe09
ff46088f
f9f9f750
05e0fdc8
05f4008c
062cf931
fe25011b
fa8eff7d
004dfd98
03dbf942
0263043a
07980236
fd76ffd1
016a02b5
011506ab
0298047e
fe1901f2
fe25faaa
02d30b74
01b70374
ffed0317
fbe802d3
01d1031d
0850fbd1
f9f00632
fff30119
0092ff64
05c20158
fee6fd97
fd2c00b5
02fb00ee
f8b303ea
f6a6053e
01e8fe5d
0112fb41
03ed00ea
ff820199
00b0000d
06e2020d
01420021
0213fd90
fcd9fc21
02a503d0
0246ff72
0073fc96
fa2cfc0d
01df01f6
fe6eff87
fbedfea8
04a70458
fb6c0130
fc83fd30
0276037d
fbd3fa73
fcc600d4
0459f9a1
0261fb53
fd08fbfd
ff39fff7
ff450221
f9b7081e
043e00b5
027502ca
0116fe68
f527fb8b
fe04fe71
fc03ff15
00c60042
09260095
fa0005cf
fe58f892
fc330a53
fe78fac1
f88bfd43
fdce0198
01ad0d67
001c02a1
016afeb5
fabc008a
03b90341
fa000656
086101bb
00b20150
ff9c06dd
fe12fe54
fd70fc84
fd0afbe8
fd1a0141
fce0fa1b
0160fe7f
f96cfe61
fad9ffde
ffdb0477
016aff4b
fe6af9a8
03ddfdc8
07680100
fc760520
ff4a0643
fd3afbec
f6940490
f97c00f3
feff04f1
fc9e0039
0194005c
ff1902de
04c00051
00e500bd
03e7ff6d
002cfa0d
fa5a02cc
043201ef
fe600385
047b05c0
ffd6fda1
01aefced
04fd0090
ff85fae5
fe83ffeb
fd9cfb21
0049ff26
fdfcfdef
fec40025
0301042b
ffa905ed
fa58fc77
fc4a018b
fd68fab1
032efe09
ff46088f
f9f9f750
05e0fdc8
05f4008c
062cf931
fe25011b
fa8eff7d
004dfd98
03dbf942
0263043a
07980236
fd76ffd1
016a02b5
011506ab
0298047e
fe1901f2
fe25faaa
02d30b74
01b70374
ffed0317
fbe802d3
01d1031d
0850fbd1
f9f00632
fff30119
0092ff64
05c20158
fee6fd97
fd2c00b5
02fb00ee
f8b303ea
f6a6053e
01e8fe5d
0112fb41
03ed00ea
ff820199
00b0000d
06e2020d
01420021
0213fd90
fcd9fc21
02a503d0
0246ff72
0073fc96
fa2cfc0d
01df01f6
fe6eff87
fbedfea8
04a70458
fb6c0130
fc83fd30
0276037d
fbd3fa73
fcc600d4
0459f9a1
0261fb53
fd08fbfd
ff39fff7
ff450221
f9b7081e
043e00b5
027502ca
0116fe68
f527fb8b
fe04fe71
fc03ff15
00c60042
09260095
fa0005cf
fe58f892
fc330a53
fe78fac1
f88bfd43
fdce0198
01ad0d67
001c02a1
016afeb5
fabc008a
03b90341
fa000656
086101bb
00b20150
ff9c06dd
fe12fe54
fd70fc84
fd0afbe8
fd1a0141
fce0fa1b
0160fe7f
f96cfe61
fad9ffde
ffdb0477
016aff4b
fe6af9a8
03ddfdc8
07680100
fc760520
ff4a0643
fd3afbec
f6940490
f97c00f3
feff04f1
fc9e0039
0194005c
ff1902de
04c00051
00e500bd
03e7ff6d
002cfa0d
fa5a02cc
043201ef
fe600385
047b05c0
ffd6fda1
01aefced
04fd0090
ff85fae5
fe83ffeb
fd9cfb21
0049ff26
fdfcfdef
fec40025
0301042b
ffa905ed
fe6afe4b
0150048e
fe30ffb7
01a2fbe8
0886fd8c
fc6cfaa4
f451ff94
0907013c
ffb2fd85
f65cf8ac
050d029d
01dc0832
0208fea9
fd6cfc9a
fd1b021f
00c10221
01cafa4c
07cfffea
ff5502fe
fde000da
fe2200b6
feb2fd78
fec4fb1c
00dbf5ac
08ddfd74
fe9dfe35
ff110094
03370674
053aff48
06630499
fdb4ffc8
056903c5
06d40931
0338013f
01da0acd
f7f1024d
faeaf6fa
0529fdfa
05dc034b
045e056c
0a41009f
0258fa34
f91bfa8c
fde8fda1
fa2efd1f
fef60228
fe3601ce
fc71f8fb
073ff948
fd32026b
fa13fc4f
fb41f54d
fdef0631
08f8029a
035b00db
07b902f0
051ef9a1
f7f60ade
031e00d3
0bcaf088
00350388
fa0907bd
f93bffdd
fd14fa82
0ce6f4a3
03fdfd7c
fd7b090c
0510fd97
03600057
07cb0481
01b2f9d0
047bfd11
0b93fc7d
00fa0112
f96fff92
017dfd00
08e0fc97
017cf2f3
0070fbfb
01e90172
fe52ff49
f8c0fbbd
033d0339
010d0a0f
f7bafbfd
07b4fe27
fc5403a5
f7ad03dc
f8590252
fbcd0416
0f6106b6
02e30119
01b20047
ff2fffc9
fb81083d
05830155
fa58f839
ff34014e
0a10021f
0169fdd1
0280f9a8
029601b8
fb97fe58
05a4037e
ffc80ed3
f45c0305
fef805f0
fd350145
fb76fdc6
00140297
fb38015e
f86e02b1
f81cfee4
f4c9fc25
fd3ffc35
07e208b3
0a2a02e3
067afbf1
06640178
082afe80
fabafe7e
002ef0ea
faf2fe94
f4c1032b
0278fb78
ffa10ae9
048efd21
fc0802aa
fec2004b
fd95f338
fb5e071c
0da101bf
0306f3c7
05eaf868
fd51048a
f5e202e3
fa91045e
f8f4079d
fe24f9c6
f865fd4b
0534fdfd
fb60fe04
fceb05f9
0b0902fb
f88d004a
f9b4fc68
f6f3fec0
f78c0028
fd92fa95
fe87fd94
04bafaf7
003ff6f8
f6f30304
fde5fed1
01d6f927
f4fa082b
ff630a32
04a20696
fb98ffae
021efe62
0a240389
02250262
fdbc0785
042e05d3
005604a0
04480397
fc54025e
fa7c013e
0004fed1
f99905cd
0228ffd8
044a0254
04880469
fd5afc4e
fecc067c
03cd005a
fb95f4d2
fd90fc6c
fa6ffe1e
fdbdf919
0381ff47
062c013a
013cfcb9
fb5f02d0
ffa200ad
ff5300b8
fe8403c3
fd8701c6
00130085
fd44f919
ff1ffbc9
024a0000
013efea3
fa7ffd5b
f9dcfd7d
058fff6e
ff8ffb0d
07f701bd
ff92064f
f869fbe0
06a7ff47
fac20609
021600c4
ffe60235
fab3ffbb
0177f958
fe79fe96
03ddfd9b
fc06034d
ffe9054b
0ccdf831
ffb9f876
f8ecfa15
07ecfb39
08b6f8f5
fefff8f1
fd030136
fe46ff52
facfff64
fd7a00ae
088b03d5
fc9804a4
fd38ffc9
f882005e
fa58fde1
0ec2019f
fadc00c4
ff51f9eb
016dfd0e
fda2fea4
0a46ffde
fbeffba5
fa6fff65
faea0355
0202f7f2
feed00bd
f8ad0562
0a00fde8
043e05aa
04eb052b
0ab8ff35
fd06ffb6
f73504f7
00fa04b7
05b4054f
fcce0a7a
f639017a
faa000aa
05b20334
0440041d
02110352
009ff997
fc0d008d
051e04e5
005d0911
f6070868
fe6afe4b
0150048e
fe30ffb7
01a2fbe8
0886fd8c
fc6cfaa4
f451ff94
0907013c
ffb2fd85
f65cf8ac
050d029d
01dc0832
0208fea9
fd6cfc9a
fd1b021f
00c10221
01cafa4c
07cfffea
ff5502fe
fde000da
fe2200b6
feb2fd78
fec4fb1c
00dbf5ac
08ddfd74
fe9dfe35
ff110094
03370674
053aff48
06630499
fdb4ffc8
056903c5
f8960300
f7fffd63
0818fbe4
0440fbfd
ffdcfe8f
065d0706
fda6fee9
014e0612
01d30168
059ef79a
03b0fda5
f98dfdc7
016000d6
fc6bfa8c
f7f90128
fcd601de
0bf3fb00
021604e8
f8defde3
0de1f596
faecfcbd
fcc3facf
01c4fd2a
fa590647
0d2e02de
ff7a0b21
fa2006ad
0122fdf2
0215022b
0476fca3
fe50010a
fe23fc2b
ff000000
fe2303d5
fe50fef6
0476035d
0215fdd5
0122020e
fa20f953
ff7af4df
0d2efd22
fa59f9b9
01c402d6
fcc30531
faec0343
0de10a6a
f8de021d
0216fb18
0bf30500
fcd6fe22
f7f9fed8
fc6b0574
0160ff2a
f98d0239
03b0025b
059e0866
01d3fe98
014ef9ee
fda60117
065df8fa
ffdc0171
04400403
0818041c
f7ff029d
f896fd00
fc2cfd6c
00bffc3e
0254fb49
fdf8fae6
04240226
06b4fa33
067df9e9
002dfc44
fdcbfbc2
0b4d01ac
0469f69c
ff8cff34
021c0054
fdcffe40
051603da
011cf5c3
011cf91d
0410009a
0081048e
fef2feb9
fd3af37c
091ffd52
074603fa
017efeb0
013ffe82
fe390853
01a404c4
0011fed0
0192045f
fb30fe0d
f81afc89
fd000200
fcb304dd
03e203b2
00cffd6d
f8db03f6
fa3bfe4e
fdd4f6ef
fb570476
fc2007d7
047c02ab
fa8bff65
f9380304
037efe19
ff330137
0ae50d32
07affe0e
f77afd2d
06cf0527
03230052
01cf020e
0c250441
fc40fd1c
fabaf83a
f9380257
f6ad0722
03780306
01aafb07
f966fb9b
fbefffd2
ff21fe1c
fbbcfa13
fc25fa5a
fb6a0300
fcc7ff31
fcd40718
fde80377
01e0fd71
fdba07d5
01f00385
ff990f43
fed800fa
0555f50d
066a038c
02b10142
f9740395
fd5bfcf5
fe99fe8a
fddf0389
ef77006a
f159fb72
09eefa3d
fbf5028c
01c60201
0f6004f2
0449025b
007ffcd0
fdb0fdcd
fa1b0527
f80702f7
0488f4b5
03b3fa0f
024a0164
07f2fe49
fcebf987
f7000000
fceb0679
07f201b7
024afe9c
03b305f1
04880b4b
f807fd09
fa1bfad9
fdb00233
007f0330
0449fda5
0f60fb0e
01c6fdff
fbf5fd74
09ee05c3
f159048e
ef77ff96
fddffc77
fe990176
fd5b030b
f974fc6b
02b1febe
066afc74
05550af3
fed8ff06
ff99f0bd
01f0fc7b
fdbaf82b
01e0028f
fde8fc89
fcd4f8e8
fcc700cf
fb6afd00
fc2505a6
fbbc05ed
ff2101e4
fbef002e
f9660465
01aa04f9
0378fcfa
f6adf8de
f938fda9
faba07c6
fc4002e4
0c25fbbf
01cffdf2
0323ffae
06cffad9
f77a02d3
07af01f2
0ae5f2ce
ff33fec9
037e01e7
f938fcfc
fa8b009b
047cfd55
fc20f829
fb57fb8a
fdd40911
fa3b01b2
f8dbfc0a
00cf0293
03e2fc4e
fcb3fb23
fd00fe00
f81a0377
fb3001f3
0192fba1
00110130
01a4fb3c
fe39f7ad
013f017e
017e0150
0746fc06
091f02ae
fd3a0c84
fef20147
0081fb72
0410ff66
011c06e3
011c0a3d
0516fc26
fdcf01c0
021cffac
ff8c00cc
04690964
0b4dfe54
fdcb043e
002d03bc
067d0617
06b405cd
0424fdda
fdf8051a
025404b7
00bf03c2
fc2c0294
f8960300
f7fffd63
0818fbe4
0440fbfd
ffdcfe8f
065d0706
fda6fee9
014e0612
01d30168
059ef79a
03b0fda5
f98dfdc7
016000d6
fc6bfa8c
f7f90128
fcd601de
0bf3fb00
021604e8
f8defde3
0de1f596
faecfcbd
fcc3facf
01c4fd2a
fa590647
0d2e02de
ff7a0b21
fa2006ad
0122fdf2
0215022b
0476fca3
fe50010a
fe23fc2b
fb96022c
fd22fcd5
05f1f907
fe09f6ef
0335fa69
0280041c
0012043d
0153fbd1
0444fb6c
0a90ff53
fefcf76e
f85ff96b
fa2bfa69
06c2feab
08ed08e4
fd59fcd2
09e9fbfa
01720033
faeefaf5
07e2ff6e
fac8fe3b
fd8eff7b
fffe077e
f4ab0485
00d2fd88
033a0222
fd0e0a0d
01fd016d
0164fe7d
02bb06d5
07e802a9
0160ff49
fa000000
016000b7
07e8fd57
02bbf92b
01640183
01fdfe93
fd0ef5f3
033afdde
00d20278
f4abfb7b
fffef882
fd8e0085
fac801c5
07e20092
faee050b
0172ffcd
09e90406
fd59032e
08edf71c
06c20155
fa2b0597
f85f0695
fefc0892
0a9000ad
04440494
0153042f
0012fbc3
0280fbe4
03350597
fe090911
05f106f9
fd22032b
fb96fdd4
fe0e0367
fa4706a0
0405072a
fafdfc9d
fdf0f5ac
05b1fe32
062afbbe
076bfb99
fa140314
06580993
09c50c9a
ffb106db
0368f9bb
039d02eb
06580617
ff9bf93f
07ee04d1
05860084
f8e1fe90
0377fcb5
fadcfa70
fdbe0635
010ffc61
f886feeb
fd860011
f790ff35
fe900362
032ffd13
fc6ff645
0139f9f0
0148019d
fe00fc00
fa7a05a1
fe18fd19
03f0fc31
006d027a
faa8f771
ff6b0528
005afc78
f3da0150
fbb90681
049bf80e
fd34fefa
fd72fe47
feccfe7f
ff19fe43
0144003b
fdcffdd5
02f8ff09
163d00f6
06b3feea
f490020c
07f3fd47
02c9fc2b
f979fa53
fbc7009b
f7c7fb79
ff1cff97
0623037c
0a70fd24
00030c08
f9e1f9c7
00d7fdc4
fe6a07d4
0249f7fc
fee8ff2d
fb6902ce
04710896
039d0031
fe62007b
00e6066b
fd07011a
f3b10736
fc0201fe
ff10fae0
fe02f915
061efdfc
08030056
01aefd61
f0adfc9c
f8cdfcdc
04cffcd9
ff1efc85
06e903a5
fede050b
f9c204f7
062a0115
0652fc61
fb39fa65
f68ef7b1
022aff93
fee40162
fb33fbfc
0292f91d
fc3bfa61
f6000000
fc3b059f
029206e3
fb330404
fee4fe9e
022a006d
f68e084f
fb39059b
0652039f
062afeeb
f9c2fb09
fedefaf5
06e9fc5b
ff1e037b
04cf0327
f8cd0324
f0ad0364
01ae029f
0803ffaa
061e0204
fe0206eb
ff100520
fc02fe02
f3b1f8ca
fd07fee6
00e6f995
fe62ff85
039dffcf
0471f76a
fb69fd32
fee800d3
02490804
fe6af82c
00d7023c
f9e10639
0003f3f8
0a7002dc
0623fc84
ff1c0069
f7c70487
fbc7ff65
f97905ad
02c903d5
07f302b9
f490fdf4
06b30116
163dff0a
02f800f7
fdcf022b
0144ffc5
ff1901bd
fecc0181
fd7201b9
fd340106
049b07f2
fbb9f97f
f3dafeb0
005a0388
ff6bfad8
faa8088f
006dfd86
03f003cf
fe1802e7
fa7afa5f
fe000400
0148fe63
01390610
fc6f09bb
032f02ed
fe90fc9e
f79000cb
fd86ffef
f8860115
010f039f
fdbef9cb
fadc0590
0377034b
f8e10170
0586ff7c
07eefb2f
ff9b06c1
0658f9e9
039dfd15
03680645
ffb1f925
09c5f366
0658f66d
fa14fcec
076b0467
062a0442
05b101ce
fdf00a54
fafd0363
0405f8d6
fa47f960
fe0efc99
fb96022c
fd22fcd5
05f1f907
fe09f6ef
0335fa69
0280041c
0012043d
0153fbd1
0444fb6c
0a90ff53
fefcf76e
f85ff96b
fa2bfa69
06c2feab
08ed08e4
fd59fcd2
09e9fbfa
01720033
faeefaf5
07e2ff6e
fac8fe3b
fd8eff7b
fffe077e
f4ab0485
00d2fd88
033a0222
fd0e0a0d
01fd016d
0164fe7d
02bb06d5
07e802a9
0160ff49
01a8006a
fcf9fd2d
fe13fc4e
045a02ef
01a503db
fcba0576
f747fa67
fbca03d3
008bf9f5
fd44fbcb
043c0da6
f8d6fd06
f7300375
0a6c0863
0120050a
f87cfd68
03ddfda0
03180069
fd8ef8ca
0312009b
00c4f792
fed5019c
fdcb0826
f916f66d
fce3fe68
00100d80
03040a93
ff84f85c
ff9cfcf1
01cbffd5
fbbefd3f
0374ff9d
0bc7fde1
0a6f06b0
02310093
fe85fde7
0ab50397
074102d5
fb4101bf
01e5014e
09b60100
0c34ffc3
05d40076
fd20fa76
03de02ba
02a605e9
fcb9ff80
027e05bc
0487fa3e
0354f6c9
01e10482
0021057f
02beff43
02bbf9a6
fb02fc62
0108fc0c
061efeab
fba506df
fa140020
ff7800b4
026efea0
f7c8fe74
fc360abb
036703fc
fc00062c
063a02e4
01edfae9
029b02b7
0060036a
f84d04e8
087e0439
03a108f0
0342008a
fdf4fab4
f738fcf6
0568f7a8
fe1b0500
ff87024b
045502f8
fce103b3
fd01f587
0184feab
089e045d
05e6ff04
0284fad7
0595ff9f
fccc04ac
f8c1fb9d
fe35f7bf
f29e013e
f98dfb4f
03d3f8ab
f9e90669
0409fdc7
03ff01d4
ffdd0972
fde1ff4b
f8cf0363
02150520
f8e3fda8
f969013f
01c202f2
fd01f874
06cd00ac
ffb3ff2e
f6f0fc4b
02560352
ffacf655
0106f944
0824fc84
0714ff79
049f0312
fcc5fb17
fffaf9df
ff8afc32
fc85031f
03f60356
fe9503e3
03480087
06da0022
fbf00213
fc25fc47
fab0fe37
f8b1fc2e
fdf904a3
01df0aee
024cfbfc
030ef8bb
0400026a
09bdfe11
0891f6f3
fc71f9d8
fbe4f9a8
fecff786
02d6fd2b
03e90118
fd8af9d9
fc2c087b
fda50224
fe58f20f
fe1106f4
047d00ed
03ce027a
f88407ca
fa4f0122
06030a19
07700a24
02d504df
02a5ff47
fabf043a
f6220032
f81bfd67
f9bef993
fd88f8b6
ffb803fc
fc54f976
f55ffdda
fc1802e6
ffd20275
008f08d3
fe1f0389
fac1fd6e
072afdc1
01eefb61
fafcfbe8
f96b0a84
fc8300a1
002c0452
f5ea0485
00c7fb5c
02a609b4
0300f91d
0741ff74
f7c705b4
fdbcfd11
03800164
ff4dfcdb
02a7ff69
01adfbf2
00a6055a
034b030d
ff6afea4
fb61ff33
ffbdfba0
fe5d043f
027d01e1
04200ef5
fd850706
fb67f454
f8a4fd51
fad70286
fc07faed
fe58f42c
f656febd
f25001de
060901e2
049ef972
ff6bffd5
078d0407
0084f737
02a90e7c
0ad20c9b
00c7fc49
fb67fccf
fdd40191
fa4d03fd
fb1efab4
ffd4097b
ff2b033a
037bf6c4
072004e5
01cf04ad
026ffd56
00c9fb42
ff2108da
fb5e08d0
f981ffc9
044104db
0211f835
08e8f87b
0641046d
f4950111
fb420765
fd78ffd8
0389fc77
013c02d4
f9d3f544
fd88fb79
fc08ff3a
0c80fea2
08ee04e2
f5a3fad5
fcadfe21
03c80118
04b1ffcc
029dfbdb
fd03f93c
fd54fe88
0027f5a5
0074fa85
050ffa02
0039fd52
035709ba
0b95fe1d
fb4d05ac
fb44ffa6
0351f9ce
029a040f
05eefa88
0091fcab
fab1f5a0
008e002a
09640870
0073faea
fa760247
0185fe99
01a8006a
fcf9fd2d
fe13fc4e
045a02ef
01a503db
fcba0576
f747fa67
fbca03d3
008bf9f5
fd44fbcb
043c0da6
f8d6fd06
f7300375
0a6c0863
0120050a
f87cfd68
03ddfda0
03180069
fd8ef8ca
0312009b
00c4f792
fed5019c
fdcb0826
f916f66d
fce3fe68
00100d80
03040a93
ff84f85c
ff9cfcf1
01cbffd5
fbbefd3f
0374ff9d
f3d806ea
03a7027c
ff6dfa0f
08b70879
0d3c08dc
041afecd
fe9a05eb
046802f5
080c02eb
0155fdcd
fe15fe27
fef7086f
00e101f3
01a505c1
01450289
f60effa8
030f049a
06b6ff36
f78a040a
003103df
029c0312
0144fcdd
fb65fd21
020b05ec
049f00d2
01ae0540
06840618
feaa045e
030dfc8d
024dfed8
023e03cc
029bf57e
06d4f839
07e5fa2e
016efcb8
0a9af9ab
f8f3006e
f747fe84
0354f247
00d70736
03f4fea6
fcdf01db
019000b3
feabfce3
fa240bb8
ffcef030
fe43007a
ff320810
0131f7b6
078403c3
034101a7
f8e70411
03880163
0bdc069a
03befbb9
07b2f511
0265067b
fb96fd0a
01cefb9c
facdfd91
f9e2fa95
f3b5fd27
f6b8fcb3
01e2000c
fdbe0116
047cfc6c
08490015
05a70733
fd4a03ea
f9e00308
05e3fdb2
0a95feb1
fe2f02d1
f7fcfb78
014df89d
f64ef9fc
f6a90592
085c02d5
04e9f7c4
0073ffc8
fdf805ea
01440382
045afa2a
0343ff1d
040a07f5
ff2fff1b
05c501ec
03bbff6a
f8f4f8f1
ff76ff5f
f7ccf71c
fbd2f93f
0c1dfedc
fbc0ffea
fae80ce1
053c04c3
fb0dfd2c
f8c00161
fcfcff97
fe6bfe96
020f008e
05cdfaaa
0213f9f5
02e009bf
057dfef2
fe08fe81
ffa20a1d
04e2ff90
01a407cd
fbeb0b66
f9720408
0186fd9b
0480f742
fb68fdf4
f8fe079f
ff4305f9
0537feaa
fea000c1
fe72fd5e
08efff3f
ff97048a
fbc500aa
f8e0fd2b
f671fb24
054d04b6
fc1905a2
f9bdfe80
0532fac0
fb30fbea
fd8a02e7
0106fedb
fb84014f
fe74012a
fca5f6ac
0247fdc3
01b9037e
f9d2ff56
097f0317
09f90591
047700d9
092bfd65
00a9ff7d
06e7012b
06ab058b
f71d0978
f790fc3f
fe6ef56e
00620001
01bc03a6
06fc02d9
02170302
02ebf7b6
0758f5b6
fc1dffae
fc5500cf
fdd00857
fd72f8ba
03b4f377
008708e8
0215fde3
003efde1
fb72fec9
fdc8ff06
f9b90664
fbe5fe40
f9d901e5
f8c8f90d
0016fce0
fd240b99
040905f6
0b6400f6
023ffcfc
f68c0688
f8df057b
ffcf000f
fb9b0627
fca3fe90
fc15fbae
fab90056
fd9e0410
ff5106b2
02cbffaa
ff4afffc
fabf00b9
f922f71f
fd82fb6a
0614041c
fc500204
f3fefa18
0047face
0020fe9a
febafc69
0516fc16
0154f891
f9ecff9e
f6410692
018d07c8
ffb6fac5
ff61f41f
02a5067a
f8c8016b
030b04c8
fa5200b4
f1c7fd9f
fc230b44
ff90f821
fe58fdbd
f57b0479
0234fa28
0406facc
faf2f86a
038af960
03f5fba0
fc930364
003a0373
0562043e
0240fe0b
0dc7ff7f
0b75012e
00dbf4ee
ff0806cc
fd700658
fd79fe58
fa8f050e
0c05016a
0aef0442
01c3048f
02f9ffde
f839f806
fdbbffeb
009303e1
fc9bfb97
063f014b
086eff7f
fca3fac3
034c002c
ff2b02bf
faddfdd1
05ad0213
f91f0270
0354f904
03bbfa1b
fb27fe87
03b30405
fd4203ed
fa2e0185
fe25ff70
04adfe2a
f80eff5f
fe8efb43
043ffd0a
fdfd01fc
078700a7
fc98fb1c
03a7fb1c
fbb900fe
f3d806ea
03a7027c
ff6dfa0f
08b70879
0d3c08dc
041afecd
fe9a05eb
046802f5
080c02eb
0155fdcd
fe15fe27
fef7086f
00e101f3
01a505c1
01450289
f60effa8
030f049a
06b6ff36
f78a040a
003103df
029c0312
0144fcdd
fb65fd21
020b05ec
049f00d2
01ae0540
06840618
feaa045e
030dfc8d
024dfed8
023e03cc
029bf57e
01dd0154
05410048
00c1f91b
fff1fd4b
0825fe59
00acf8c8
ffbc006d
0388fece
0273f7f6
04e203df
06330619
ff2406c3
f7ce0f3d
071aff69
0308f551
fa9b0197
fedb0308
f86f04e9
002f084e
02e006f9
034e01b2
ffd9fbdc
006cfbf6
0ad8fbd0
faa103e3
fb9cfed5
093bf90d
04180136
056b053a
05d90549
04f9fc39
02d4029a
fcee016a
00d0f93b
03b00155
fb02fc7e
fe4cf5a9
01bbff2f
f49f0dc4
fe1b0280
07e4fdba
00f803ce
ffa6fb66
faa6fae7
032ef662
05f2f735
043bfb02
074a0002
fc31fff4
feb2fbe2
fea3fa75
fdfcf446
01a402ca
ff94ff67
05f4fd87
062d08e0
03b80272
fe40035b
f9f7ff55
f7f703f7
fc310188
fe21ff8c
f66304c7
00890153
057301ac
047ff879
03a205bc
ffe702bb
055f00d6
07510908
0309f03d
01be01a3
02e50596
fa43fdf6
ffdc06ed
006cf8b4
f869fbfb
fdf2efff
fa54f62f
05a40d35
0b8c0355
fdb500d7
f32b0236
fd300564
05450419
f63d03c6
02e400e1
0b4cf6e4
0014f9cf
fb07ffc9
045401cc
091dfea0
fd9afd6f
08d8f9ce
04dd05fc
001006c3
021ff6cf
fe2e0917
09c40644
fe02f7a9
fe55fd2b
064e03e4
fb9403bd
ff8bf96b
feef009e
fe84fdcc
0300feff
fde00bb1
fccc02be
fba30309
fcbc03d8
0365fca9
ff47fe7c
fcc80060
f787046c
f7f6065c
048500a0
041801d2
049bfc1a
fdfdfc2e
f6b300c4
0003f9f3
07180605
ff0402f4
fa0d00ee
036c02a1
00faf46d
0826025a
05350454
f41102d0
02c40738
0345fcf8
f853fc75
ff39fab7
0137fecc
ff7c0550
fdf8fcee
fd6dfe1e
018b0901
02f40185
0121fe15
fc94f8d4
fa19f83c
fe060d23
f78f05de
fa75f93d
008300b4
f8710703
001d00b7
0270045b
fed102a5
0246f595
fa6609fd
f8250769
fe0dff30
ff0e02c0
fe44fc5b
006c00b3
0730fac5
ff9e00ae
f21a05a8
f7b80101
fe29f8ce
046ffbfd
044804c6
fc7df95a
04d1002e
0842ff68
fbeeff57
fb8308ad
06c7027b
0050fe8d
01bd02b9
056f00f4
ff9ef4dd
077ffd73
fa91f6ce
fe40f196
02d90199
f5070062
00d40360
fa7f04e4
ffdb04e3
023300d9
f4aafb4c
00c0fa9c
ffaefec6
05680125
06bbfbf8
fceafc30
ffe6f532
fa60f7c6
fecbf8ac
005cf5de
fe66fc53
ffbe00db
fa44fe45
0483f7bd
017fffad
ff5dfa8c
060000b2
fc140a56
02d703c3
fdea029c
f777fc7c
01380937
fee0052b
ffd10036
00de0791
02b3f9ef
0250fabc
04e90505
fcaa08ef
f6c0fef7
feecffaa
f9d106f0
073e0124
038b0337
fc210700
07e50457
fd57f93d
fe95fd91
004d08d4
fca300a3
fde1f6cf
fd3dfc2c
fed703a2
018e006e
fe4c0024
fa4403f2
0138065b
013402f8
0a90017d
02290072
f4190543
02c20a63
fe2a04b6
fb0b03dc
fb89fc64
f97000e8
017b0246
0135fda3
f8ce01c7
fdf5f8e9
0afa036d
024703f9
00d3fc88
080f047a
0943fe53
01defde2
f790fd89
01daf9c6
0517f7a9
fe13fb79
fcf80429
fed40122
01dd0154
05410048
00c1f91b
fff1fd4b
0825fe59
00acf8c8
ffbc006d
0388fece
0273f7f6
04e203df
06330619
ff2406c3
f7ce0f3d
071aff69
0308f551
fa9b0197
fedb0308
f86f04e9
002f084e
02e006f9
034e01b2
ffd9fbdc
006cfbf6
0ad8fbd0
faa103e3
fb9cfed5
093bf90d
04180136
056b053a
05d90549
04f9fc39
02d4029a
0089fce1
037500b4
00d3fc3f
07d2fd9a
07500212
fca60769
fcdf04d3
f9dffce9
fdbffebb
0130fd09
ffd10377
009d04be
fdf9fd1a
04cfff13
0124fd79
004bf65d
0ad6008f
0531042a
0119f9d8
fe60fe9a
0207fe4e
097505ba
fea00a64
fa3f03f0
03dc0908
0209008b
f7bcf830
0156012b
05090351
fc26fb94
020c02f0
025a06f4
09a8043e
029705c3
f272f964
f9abfb11
ffb2ffe0
0cb3f591
fea8fbeb
f4ee04b8
0859f689
003dfb04
fa86089a
ff00fcb8
00e0feb7
fc4c0291
ff85ffa9
0b4ffedc
0006fc19
fc11f97b
05b4fa8d
044bfec0
0342f82d
05e4fe02
00c70428
038409e5
053a06f3
fcf7fd93
ffab02ab
065bffa1
0548071b
fbdf041b
077bff72
0e16fb69
fe4bfee1
fe6e03bb
ffaef285
031407cc
051b05d8
fef7fd5e
fd100345
0359fc45
0298ff7e
fe36f4ff
031f0a1b
fb0e047e
fabcf9f0
ff120507
fa7df875
fbec050e
049c00a4
02740138
fed8fe70
09c6f517
f8b8fd33
fdeafb5e
0beb0760
003c0341
0ac7036e
05100153
0001f3a7
fcd1fb4a
fa3300a7
fde20726
f5730203
fbddfc0c
fbc2016a
ff240144
fc5a02e5
f5fd07fb
032a034a
fc78fca7
fa0efe7e
0092fadc
fab9ffc7
007d07f9
04a105e1
fe52001e
f9b3fdf4
f5f90661
0814013f
05aef66f
f359fd43
02490680
fd6b09c2
043502ca
08680015
f5470a91
04ed05cf
03c90149
fcccfe4f
ff50f629
fa39ff5b
00b40325
04aefbca
089df641
080401ce
03a004ff
00e1fee1
ff7204b5
fc22fa3d
fa13032c
01cc0543
fe62fd1f
fbd00685
ffe4fdd6
fdb7ff70
f8df0100
f236fffa
ffdcf9fb
086bf9b1
fbf20a2c
fe49fc86
fdb1f618
f8feff07
fda10410
00a607ee
030604e3
065407e3
06eb024b
ff5ef85e
01b4fb9c
ff0cfc25
f841fb03
0125ff9b
fceffb1b
fd88fc2f
ff3ff9af
f4b1fa28
f9b20492
047cfbc2
042e04e8
fe7501c8
038ff5a4
019102a3
fd0f011c
077b02cf
ff9cfc06
fa59f92a
050ffcd3
fe54f6de
02b20158
09fefe53
ffa0f777
01a70076
fddf062c
fe7e037d
050701a3
fe07fcd9
01c7f949
02910444
fc6c0500
01ca08e5
036b0298
f7faf54e
023b03b8
04250583
f60c05ec
024b0453
ff41000a
febf065a
fbccf8ec
faa3fce1
09d605f0
015cfcd2
03a4040b
fedc0383
fe67fa24
0359030d
f87303d7
f9f3ee8b
fb53f04b
01ae03c6
f9a400a4
fe56fdaf
07ff062b
fc63043c
fe70fef2
fd38fcf2
0037fb66
fb2405fe
f82203d1
fc53fe32
f35f07d9
face0196
0217051b
fff90a38
00740359
fd4400ad
fd2af7e8
0124ff29
fa4d0644
fce1001c
03a10400
fbc2016a
fe50f7de
020b0389
05470836
ff78ff2b
fc6f06a2
075301fb
072dfccb
0a96fcb9
073afb74
fd500472
fa04005c
f9a100f1
fb380347
fb83feed
f9a602ea
fd2b0053
0686fa58
ff330136
00190165
0557f78c
01d1fea8
032f0730
ff0b05d9
03a8f844
024cf60b
038f013c
0ca8ff51
037f03d1
fda0fd53
fda1f8d4
fc38fd7c
0089fce1
037500b4
00d3fc3f
07d2fd9a
07500212
fca60769
fcdf04d3
f9dffce9
fdbffebb
0130fd09
ffd10377
009d04be
fdf9fd1a
04cfff13
0124fd79
004bf65d
0ad6008f
0531042a
0119f9d8
fe60fe9a
0207fe4e
097505ba
fea00a64
fa3f03f0
03dc0908
0209008b
f7bcf830
0156012b
05090351
fc26fb94
020c02f0
025a06f4
0f31fa58
05c3f9a0
fb20034a
f57d06ac
fa790869
fa29fbbd
f8cdfaa4
f872fe21
f85c0382
034bfbb2
0000feab
04b8081b
0222fbdf
fdf106b1
032503dc
0380fe2a
0d0bfd65
027301d0
03f408c1
06d1f87c
f73a017a
090afcf0
0247f8b2
efec090b
06d2063e
03230120
fa360184
02fb06da
feb1f8c6
04b1fa56
ff3b091d
fc920362
0a5d016a
0636fe81
061201ad
042c0394
fcd405cd
fd60027a
fd2ff77e
f9e302bb
f8d90858
04c00199
0cfa0351
0501040b
fe98ff73
0108fc8c
fb33ff0e
fc91fe01
0c14ffa1
0628fdc0
fb22f7de
feef07ef
088c0680
0aa2f9d1
02e7ffc8
04c9f7e1
01b8ff24
fc4f03bd
0185fab7
ffe103f9
fb8dfcd5
fe71fbb4
08510654
033afadb
f5a3f9c2
f6d908d6
f7390147
0525f8e7
08e8fd9f
fa85fabb
09110365
08360071
f8fbf5d5
fad500bb
fb28ff99
03d4fd3e
fff904fa
0307fed6
1202fa9d
06ae0248
06a70329
feef0024
f5d2fbdb
06adf8c6
fdeafa52
fbf9f941
01dcfe4c
fac20545
ffde06a0
ff1904f8
ffc7012f
fc83fe99
fb2f0030
029400e6
01a8fa68
0062fc10
fb0d043e
ff25004b
fe850029
f61304b5
fdedf996
fd9bff42
f98405a3
fc76fa60
fb0b04e9
ff9800b2
0230fc84
fec4077f
0399ffc3
02ef0209
00660305
fdc7fdce
fb89fd1a
0237fce1
fc6c01d7
f55b007f
fb7ffc32
05caf94d
0722fcab
02fb0505
fbf5fec4
fd0ef966
0b630202
05160052
063efa76
01e4fad8
fbf604b0
03dd047b
fd89fa58
0b73086e
01ee07b3
fce2ffcf
097b00d2
fe63016c
065503be
021bfba8
fe31071c
face042e
fc59fdbc
099a06ed
fd0a0012
f91cfe05
fd2df9a1
06e50260
02460405
f446fa2a
fe220087
023804dc
fdb805ca
f902fca5
fd90fede
00e8054d
007cfc68
086bfaf8
fbe10100
f14efdd4
017afe4b
f95202d4
f521ff5e
07a80647
fcb5043e
f8c304e4
fd7a0595
fad4fa68
feb8fe25
02d6fe63
02ac05ed
f6a404f4
f6f2fa8d
f8acfe76
faf4ffe0
038801a2
0451039d
048a082b
014a0466
fadc023b
f9eb07c9
04cc0155
fec2fb8c
fd62036e
fdc502e1
f858fa1b
06eaf928
04c0f4f1
09ea0419
04ca0222
f9f7f6e9
033407da
fff8fe48
008ffaa2
fcabfc9a
fa43f8a7
f7fbfdc2
fec1fe26
0264011e
fe86fecc
052004bc
fe12f9af
ffe8f895
fb21064e
fcacfb8d
ffbc0386
f9450247
feccfce7
f81afa21
021ff573
050800d5
ff9ff7c0
00a9fe41
02ad05d6
0d1400fa
006e0775
ff1ef963
04bafab8
fe44027b
fc3e0071
01510bb3
07510715
fe37fd87
fd0b042b
00ca01f4
ffdafb26
00e306f8
ffa60134
0389f8ee
08b804e9
fc62fcc1
f48df873
008a008a
030204dc
fdb0fcbf
fbf4f856
015dfc31
011ef64b
019e024d
03e4feb1
fe40f529
039bfe6b
0115035e
fab605b9
fe77fe50
06480340
04450314
002e01c8
0036011d
f710fc94
fb3d07e5
fa12089f
00e50af7
064503f8
fd3afada
0594f978
0619fc3e
087302eb
fe22fbc1
fde8fff1
0f31fa58
05c3f9a0
fb20034a
f57d06ac
fa790869
fa29fbbd
f8cdfaa4
f872fe21
f85c0382
034bfbb2
0000feab
04b8081b
0222fbdf
fdf106b1
032503dc
0380fe2a
0d0bfd65
027301d0
03f408c1
06d1f87c
f73a017a
090afcf0
0247f8b2
efec090b
06d2063e
03230120
fa360184
02fb06da
feb1f8c6
04b1fa56
ff3b091d
fc920362
fd16fbcb
fd1e00fa
fcd6fd68
02fc07e2
0441fc52
fcb7f796
03aefb57
06ddf786
06eefeaa
030f0a26
fa2403d4
f71efb76
0008fb6e
ffcefd9b
fbb008f0
ff72fe38
0676fb1c
08180854
fae5ffc3
043001a8
01090364
f4c1fbc7
016e01a1
08cc0103
081bfc94
f88afc59
0161f663
0a70ff18
fd340443
0072f781
00f4fc9c
05a3ffb4
0296fd2c
f77e04cf
fee30130
025601c0
fec6016e
04e5fb10
fae702ce
f514fbd6
0541f34e
001bf2f7
fc36ee38
f8a2fc9e
fb50030b
0716fbfb
f9e5fcbc
fe5b0634
09db0442
fccaf8ec
fb89068c
0b700157
0ac0f8f2
05c807dc
033703ff
fafb0356
fe670782
feae05a7
00620419
00ea0214
044b04b5
0100039b
f578fe97
04f5fe37
04280073
fb600304
fa4804ea
fb280116
096f0093
079cff56
0324fdd5
028a01f6
06b000c7
0857043f
031c02f4
020efb9c
00e3027a
0474062b
005904e1
0706081c
0362fedd
f65bfb46
0a16012a
086efdce
fc7e030f
03570549
04d1055f
05670245
fda9f9cb
faebfe15
ff91f9d5
f872fbba
f6c80045
fb6e0011
fbcc0ba1
071f0bcc
03890389
eecdfcb0
fb1bfce1
035dff7b
f7d3fbde
fd58f69c
0114faf0
ffbf0b96
fe640a4b
fd66004b
0001fb7c
026af834
043e01be
ffa6038e
fe4efb50
01f6fe0c
0018ff2e
fee7fb3d
015efcb2
ff6ffe55
fec4ff5d
f84bfabd
f957f7ac
0cf0ff56
0112006b
f8b10177
05360536
fe36fdf3
029bfd36
08dc0618
066c08b2
01f506a5
fa6e02cb
fbfe00bd
fe3c0037
ff7afd5c
fcf0f821
f86afcfd
feea0508
0463fd1f
ff24fa37
03acfbd9
fe2efe2e
f7230081
02e604be
fdd20962
faa9f8ff
fb130159
f88a08b8
fddaf5cc
04aff960
fec2fde1
f6200249
05a1fadc
ffc6f21e
fd1afe7d
067b03c2
fd530337
fb7f03e9
fe8d0810
0a36fe79
01effc0b
001703ba
058ef622
fc00fa58
004304d5
fa20fa4a
ff22fb22
00dafb8e
fd3ef62f
0150fe41
f9ae01eb
ff6d07c0
fe510876
fb0cfcaf
fe5cfd76
ffaf01e4
053c0685
00b90487
fc3bff94
ffa1ff92
fc4203fa
014e0257
0a7cfbdb
fd21073d
fb360045
fddafc00
fce308d9
01e30088
fe3efe5d
feda024d
fd2efe95
0588fde6
0069025e
f618fe38
03cc0128
01800973
0213fe1a
0356fec8
fd4900ff
ffc1f9a6
fec70504
feec056c
036bf303
02e5fd83
fd7e0866
fbabfa63
fc4ef86a
fc90fb35
f689fca9
fa2f0394
000f090d
fd9e02f8
ffd00040
016f0267
01b8fedd
f75a0015
fdf40427
042a0716
fbc0fd99
0111feb4
fda5fbef
0507ffdf
094b03b2
0054f638
000e0dab
fe6fff07
fd72fb2b
fb0d07c7
0178f8c6
054f0992
03c7f5c9
0485012a
01cc0892
fce6f833
f68a0b86
f897fdd3
fb3400f7
fee6fffe
02f20254
020bff77
03ddf73f
fda90977
f9c9fdca
076402a6
0963039f
0495ff29
02eafecd
fcb2f853
fe08fecf
f5eefb9f
fcf406a0
07f40460
05b8fa48
0cd3ff5b
fdc00638
feb502f5
09050071
04a80a63
0528fad6
fd16fbcb
fd1e00fa
fcd6fd68
02fc07e2
0441fc52
fcb7f796
03aefb57
06ddf786
06eefeaa
030f0a26
fa2403d4
f71efb76
0008fb6e
ffcefd9b
fbb008f0
ff72fe38
0676fb1c
08180854
fae5ffc3
043001a8
01090364
f4c1fbc7
016e01a1
08cc0103
081bfc94
f88afc59
0161f663
0a70ff18
fd340443
0072f781
00f4fc9c
05a3ffb4
02730454
ff6704a1
0452ffc1
04ccfd68
fd84072b
01d50115
fde0fe65
f70dfe2e
02620027
045301a9
00d2faea
095c00a7
026eff34
03280044
05c8fc5d
fcf8feb8
02910855
046b001a
f68406da
f8a7060e
06c80072
fc2efbad
0122fb7d
075a00f6
ffb6f7a8
07140602
0162089c
fc96fbca
fd350409
065d0380
07df036a
028f076b
061f00b5
ff0a02a0
027509d2
fd08fd9f
f413f3c8
f907f897
fdcefe93
00ff0131
02c20661
ff390648
fee1fc1d
07a4025a
fc2f0745
09030266
0a5b046f
f77100dd
0a43f7da
0469f9f6
fff5fca9
01320101
00c20adf
fe6c00f5
f4fa003c
08e600f2
0507fdef
fd6404a4
04b901ad
0442fe17
01f3f1ca
fbea021b
01d60726
0480f0c7
0009fa16
fa3cfb2b
fab5015b
fe6202fe
060cfb14
0488ff24
fac0fbea
02d4fedf
fd330397
fb0e00dd
fdaffe15
fbbdfa21
05faf283
01b100e7
fde306cd
ff66fef1
02b60358
0aa7fe37
002100fa
f4a5fe18
fb2affb0
fbf0fc8c
fbfcfac5
045e0abc
0127021a
f8e8ff30
f9ab0051
0356078c
03c501f4
0134f982
008b055f
fa12fc9a
043e02d4
0b0cfab4
0462f3b1
049202c9
05cffeae
034dffd5
0222fda9
0315047a
01570792
fc8efcf8
f944fac5
fcc1fc77
fa89020e
ff9f0296
08e201bc
011402fc
0365013e
0134fb51
f7a8fd8d
031dfc3a
0155fb6c
f6680293
039603da
ff9503f5
f345fb5f
00ab0143
07be0344
05310167
ffdd013f
037ff1fb
05da0132
ff0f03fc
01cb0154
ff1c0783
fc5bf983
00380617
05130aed
fafbfc97
f8a9f824
01b7ff25
f8aa03f9
fe890128
fc610b3d
fb4502ce
056dfcb1
fea40101
01dafc6f
faee0161
f805f953
04e9fc2b
01440787
f9cdfbd0
03b5f500
0c3efd6a
fd7e05dd
f5c6006b
f8b4040e
fe1d0b14
fd80038d
003c0308
0828014e
f1e3ff5c
f0cb00e5
ff66fefe
f877021f
fbee0556
01ca0386
09500498
ffce0263
f77cfe0b
03dc0555
fa620157
fa21f7e8
04fcfc04
002afc24
00e3025f
040508c7
070c02f2
08a30146
f941feac
ee53fb52
0057fd79
0458fcff
faed00e9
fc1302ed
fab50041
04560345
fe4b01c7
f7b1fbec
07d7fe43
0119099d
fb2f0079
05f2f560
058afa36
0177fc37
011d0799
01610316
0618ffaa
044afb0d
f911f617
f77005f3
0072f855
fe13faba
f79f059d
0270fbf1
010dfbcd
feccf963
017ffd82
02a8f915
09e7f74e
fdf5ff8c
008209ca
ffe00650
0321fade
08d7fc5e
f6b3fab4
0b04081e
073404ba
fb92fbed
05d801c6
fd1f0288
041c05e9
fe210206
feac05a0
ff60fc2f
fe2afd65
054fff57
f588fa5b
fd2c087c
ff55fc82
f6f001dd
0337016d
ffe4f9b0
fe2905f7
0457f8a3
f85cfef5
f07501cd
f675f44d
f7befc49
fea0fe66
01bef971
f8db0160
f788064e
fd01ffd3
013105ee
02a503fd
00bdfc81
01f4032e
02d3032f
0157014e
08c00136
051e016c
02b2ff1f
0474f9bc
feb9fe04
06900105
04b4ff24
03f1fd84
04c3fd86
ff4d03f6
02730454
ff6704a1
0452ffc1
04ccfd68
fd84072b
01d50115
fde0fe65
f70dfe2e
02620027
045301a9
00d2faea
095c00a7
026eff34
03280044
05c8fc5d
fcf8feb8
02910855
046b001a
f68406da
f8a7060e
06c80072
fc2efbad
0122fb7d
075a00f6
ffb6f7a8
07140602
0162089c
fc96fbca
fd350409
065d0380
07df036a
028f076b
fa2cfd4b
00e9f919
0594fda3
040bfcde
fcd30204
01c3ff8d
0128fe0d
0013f7ad
0523fa47
013404d3
002700dd
feb000f3
fb0effb1
fc7c0143
01f70191
0227037c
03e20790
0210fdd8
fcb9f8e6
09edf922
0667fb6b
fdabfc94
04dcfb96
01e7fb0f
06d8faf1
05ad0055
fd9a051b
076e0dfb
0a62042e
ffd1f960
fe00034e
0273fa93
fc39fd2c
f7d10af5
fb8b0164
fea700f5
01940938
fdb2ffc8
fcea00fe
070e072b
0a02fd66
017904d4
fb240145
f9bdfc2f
fa0e0570
0521fba5
0a99fff0
00220348
0565fa0f
053efc7e
fad1fdf8
01bffc77
fc300986
f8890ace
0484fb3e
0aa60273
04cdfb4c
fbb4fd40
05b50448
03d7f53d
fe5a0164
02e800a8
fcfaff77
03c80633
02d4fe4b
fd6dffec
03240011
ffca03ba
fb52fe09
f8b8f919
02e30525
0deb074b
ff540048
f6a6fc55
039100b8
fdc70491
f8820438
fd2e0873
f47d0141
01b8fd65
03a00332
f3bbf92b
f9090252
00cd03d9
0788fe5a
014c09bf
00e8fced
0341fd5e
fcfafead
010a050c
ff320794
ff5af61e
04a3fe99
08fcf839
03edfdcb
02fe06d6
021ffd2c
f49902aa
feedffcd
fe72fbda
fc1cfd33
00b20322
f69ff9d0
08b8fd96
089108d4
f855fb69
ffa70243
04b7fda6
07e7f84f
016afd56
03baf503
078001de
f92e044a
f88cff25
fcbb03c5
fd37f82f
feafff9c
f676068f
fc570113
0497041f
fe50f934
038b032c
01930750
0372fe43
0a6bff76
fe42f618
fb3c0114
f8b904cb
fa84014b
006bf975
fbb9f4b0
fe4103ba
0176013a
05350335
00d6ff5d
fabefbd9
ff9004e4
ffd307c0
ff90ff61
00fefe65
03fa04b0
0466f75a
03490155
050800f0
0404fb44
fd8201f4
f66afa46
fb25feb4
079afca5
09cd0372
fa88ff43
fdc1ffe2
0ada0542
fe1bfaf5
fcdc05e7
020a00b2
ffb3013a
ff01fee6
fb11fee5
fccf0675
fb4bf8ee
025704a9
04780a22
fcb70482
06d7007b
0047fb2d
f946fe41
fd61f95d
f2dafb2d
fd2fff70
04c7feb8
fb09fcfb
fba6f996
f995fd6f
014f0161
07b8fb94
0205031d
fb5e0d45
f85b0a09
fcd30954
f2f10193
fdbdf90c
0e22f833
fdcc0066
00c5055f
013502a0
fa29fc1b
03e7fb82
ff150598
fa3e0098
02ca0023
04d6022e
fd2c004b
f71c02c0
fac104ba
ff58fc99
f620f9c7
f9340828
0047f41d
f042f4cc
f4cd0561
0094fc32
00d7ff9f
01befe0e
fe1d0109
0060fa1a
fcc1fd48
009e0754
0846ffa2
039dfcc0
0065fffa
02db0820
0405fe38
fb0805af
01e306a8
05bbfb8e
ffd0fc4c
0028f7de
fd0705bc
04d80831
feea09a8
fe5afe43
03aafdb3
f65c0c20
fb0df8ee
0412fe05
028f01c5
f716fb7e
ffbe020b
0fee07c1
fd170720
fadbfcd5
0767ff6d
038107be
fcf603de
033fffa8
0c0e0e58
062e0187
053af7b5
0329009d
023cf8e2
05270663
fc36012c
fdb1fb07
04a0fcaa
fe8cf7f7
ffc6ff93
02c4feea
fe9a054d
0349fdaf
009affe9
fd4f010a
01d3f334
fc81fb1b
f8fefb8b
f7360008
fa2cfd4b
00e9f919
0594fda3
040bfcde
fcd30204
01c3ff8d
0128fe0d
0013f7ad
0523fa47
013404d3
002700dd
feb000f3
fb0effb1
fc7c0143
01f70191
0227037c
03e20790
0210fdd8
fcb9f8e6
09edf922
0667fb6b
fdabfc94
04dcfb96
01e7fb0f
06d8faf1
05ad0055
fd9a051b
076e0dfb
0a62042e
ffd1f960
fe00034e
0273fa93
feb5fee1
fd83f7cd
fd0f00c7
0352fc72
fdf6038b
0a7cfd32
ffd5f73d
00a50504
0c79feb3
fdb5ffb1
00befc91
fec1ff41
f8860416
fabcfe42
fe6500a8
fdbcf85c
faec05ea
fef9038b
0434f496
ff46014f
fdd9fe94
0532ffe0
fccc001f
fbb50360
fe5003f5
0086fb7d
fe65041f
04f10314
0fe9fcba
fa37f581
fd20f6fb
0052fd57
fe58fe96
04e10078
ff09f446
0585fbff
f7c602d4
f9fdf97f
030c0192
fc91fd8c
01b6fd2f
fb430394
feb6fe5f
01adfe78
0296fa62
096e0418
06370966
06c2faab
054ffce3
fc50ff1a
fe9afd4b
016203b8
fdbe0a87
07d10659
04a4ff4f
fd970256
ffd5fe04
fe7dfb78
057b0351
01b1056f
ff43043a
0529068a
0167fe6f
0316035c
073106c7
fc1df57f
fdb902b1
06a8002c
fb36f94e
fa32018a
fd18f7c9
063dffd7
073d03f7
f7450655
fdd2ffea
fc0cfc91
fd13fde5
0905f5cb
08770897
06100672
f8e303c3
fa1804c9
00ddfb41
f89402b4
04020353
0af60220
0371fe3f
08f00702
03bf032c
fdb4fbf1
00750827
fd7a0279
ff13fe0d
01090212
fede0983
ffdb063e
05a80712
fcb0074e
faa70046
0103055e
f7a7fc53
f787fa8c
fa21fcf4
0900fde4
03f5ff9d
f2ddf7a8
04def8e3
04df036b
047f0257
ff73f43a
f61a01c9
0686ffa6
03ecf75c
fcca0456
002dfc66
025604ce
ff16fc45
fbb4f195
fa1c0462
fa93009a
0331ffa3
00280347
ff78ffca
f941001b
f62c03c4
07220404
06940202
0095017e
fd0dfce1
f9effd37
f6e4f9f2
ff3afa8a
0b830061
fd05fe3c
024efff8
066a024b
fabdff02
04dcfaaf
fef9012b
f57e05c0
facf0753
04d90795
0d5ef61a
0458fa13
fa6c02fc
008bfc8c
0369ff58
f7a3fba9
ffbe0107
0206fc6c
f18ff6aa
f88dffa6
f9acfa89
f81cffd6
043bf841
0581fb3c
012c0e21
007a0085
09070454
0c1d086e
f92cf8ee
f56afe5a
fd73037b
f7a1fb35
0128fd60
03f1012a
faf80036
fe090172
fe97feb2
fdce01bc
ffff028b
04e90429
fd1805f3
ff30ffb3
01c7fc7e
f512fe96
fc85050b
fee8fd8f
fe9df9df
02c8ff38
0486053e
00670510
fa37fb5a
fe040535
fbac00c6
0318f81c
047dffb7
0315fdc0
03de05e2
038d0b8e
088bfc02
fd03fb53
058908c7
0611fee5
f9a5fc58
0173fc31
fd8ef9b1
fa5e04d7
fe6b0092
031e01af
01b1ff28
0143f8c2
ff75f888
f8b5fef2
f8e7065b
f782f644
f815fc07
fcc20b82
06750724
fe6a0001
f84b03ac
04cd0a56
fe290275
fbd9fed6
0099fbee
fa5efffe
fb710329
024200ca
045a03c2
fea00109
f9c1fac5
04c3fcba
034306df
fa08fe18
0000fbc2
0037fde8
05d3fd06
fbd002a4
f786fc8e
ff8e0765
f32505b4
00a5ffa2
07e20955
fe0905a7
fdeb01ec
fd3af84c
04dcf8fc
0afa04d7
023708f3
f7b4fd17
ffe8f892
02d203d3
0190fc25
030afaad
093bfe93
0a86ffb1
03b50400
09ec0640
047a0266
0ceef73e
08a3045c
f74a03ac
ff22f9c2
fef70753
029703db
fdb80434
feb5fee1
fd83f7cd
fd0f00c7
0352fc72
fdf6038b
0a7cfd32
ffd5f73d
00a50504
0c79feb3
fdb5ffb1
00befc91
fec1ff41
f8860416
fabcfe42
fe6500a8
fdbcf85c
faec05ea
fef9038b
0434f496
ff46014f
fdd9fe94
0532ffe0
fccc001f
fbb50360
fe5003f5
0086fb7d
fe65041f
04f10314
0fe9fcba
fa37f581
fd20f6fb
0052fd57
071206a8
06b0f88a
fa3bfb09
013bff71
fc11026e
faf3fb7c
01bdf7a7
f9d6fe80
092b023b
03700257
fed80b5d
094004bf
ffd0f81d
02bf0726
fe0f00cf
fcc3009e
036f0297
fde6f1be
fe53f842
fc64f780
f80bfb3c
fd40ff67
0680f976
0127fd14
fca0fdff
0346031d
0367fe45
055bff50
08d1047d
0849f7d9
04e7fb4e
061cfed3
056afa58
01dcfdd0
067a0448
064c071f
026bf945
ff5efb42
0236fd06
fd61f54f
fc7c027c
0a3f0509
fc750668
f8b3ffc5
0668fabf
fa9d0606
f98001a7
08ccff62
0444ff64
f9660691
faaa04cb
fd15fee5
fac1011a
f27afc8a
00670518
10c103e8
00080918
f6e20703
fff3fc4a
01d9047f
0187fc22
083a02fc
f87afe8f
f989f28e
093e0712
ff9f02a4
05ddfd2a
fc0209f3
000d018a
08edfb38
fe7b03ae
0a6602e8
fbfb0718
f8d40a57
01a20067
ffc3fece
fc9106db
f75c0530
00ddf165
fed3f6e2
086f06fa
ff0ef749
f65ff70f
0b080476
03490199
024f034a
03db01c2
fe4f00ee
03ee09ea
ff9502ab
fa3ffdbd
002bfec2
009df8a8
0184fd21
00c00453
01840215
09e60000
fca403ff
fea5fbb5
04d8fc7a
013202ab
04defbbc
03a800f1
09dcfcba
fb3cfd4c
fb7a049f
024dff7d
f7eafc1a
fbe9f946
ffea01e3
06a40361
0148ff17
ff6bfe8b
f7fdfba5
fa8402ce
05f5057f
f9ef0225
018c0419
020f00c4
0031fd9f
008d03ca
0226ff41
0ab6ffac
ffb609d8
02f00434
ffdffb53
f3bbf5e0
fb4bfb09
016a04a8
02e6039e
ff2e009c
f468015d
fcb1006f
00b10103
f72afe56
ff48f782
fc05fef3
0304ff2e
fee0faf5
f4d1fc26
0071feca
f56203e7
fde9fda9
fdacffd0
f8fbfee5
06a1fd2e
ff0000f8
f977fe33
fff200fa
0b15034c
006c0865
fcbdffd1
00bcff7b
0022042d
0536f5ac
0560fecc
01dd01f0
f1aef9b6
03bb029c
05eb058d
f658016a
02d0fd86
f9e7fe20
fdfdff8d
04f70013
02ae006a
01bbfb7b
ff40ff4e
f9050328
f552fe33
026a03ae
fde2012b
0402fd74
077c0362
fe72fdd0
fe8ff9c7
fd52fcc8
0701fd26
0201f4e4
ff30fc08
fcab04b8
fb7ffde5
0286ffd1
f7caf60f
fc66fb4a
021005c2
0463fabf
0b58ffcb
02a4ff6f
faa0fce8
faa5010a
fb6cf870
f9960712
faee1722
fb8ffd9c
02cff70f
0365fd1c
f91cfd59
01670d98
02eb0a3f
02010a36
040108cb
007100e1
014200df
f8d5fce5
ffde0465
fdc6f9de
f1d0f972
fdfb0882
ff1a0943
048f0d6a
03bf0021
fdd9f67f
0477f980
05a2fbb3
0756015f
f9e2ff19
fd7effdb
077705d7
ff47030e
025800d0
031f050f
fe4402ac
f41f0122
fa58016a
04aafecb
fe1afdda
f9b1fde2
fbe8fe7b
05d2fc07
020f0068
ff9601c4
0670fb8c
02020160
f709012d
fbebf981
0357fc90
fa74fc46
0319ff9c
03bb0228
fc2bffa1
ff220552
009c001c
03ab02ce
fe3507bb
016b043b
00290696
00740216
02300250
ffc3fab4
06a2fc1c
fda103da
02930105
086800bb
fd36f61f
fd6a0173
071206a8
06b0f88a
fa3bfb09
013bff71
fc11026e
faf3fb7c
01bdf7a7
f9d6fe80
092b023b
03700257
fed80b5d
094004bf
ffd0f81d
02bf0726
fe0f00cf
fcc3009e
036f0297
fde6f1be
fe53f842
fc64f780
f80bfb3c
fd40ff67
0680f976
0127fd14
fca0fdff
0346031d
0367fe45
055bff50
08d1047d
0849f7d9
04e7fb4e
061cfed3
0109fc6e
0275fc65
065ffc44
fd85fcff
04a4fa2f
035bf9fa
00af03a2
000d0414
038f048f
02a30437
01b9f83a
0bc3ff0a
fee800e9
025affa6
01d9068c
f8d50335
029dfe7e
0628f968
0633fe6e
f91efdf0
fc990042
09c20384
0433fd50
03120379
0673faaf
fac1f68b
fa83fffa
0182fd7b
fca40094
0abb056d
fc95010a
f912fefc
0d3104f3
ff5e03c7
febd019f
f760022b
f9300272
09f5011e
07a2fefd
02f606ff
ff1d05d2
02beff88
fb8cfd1f
f6acf925
fbb2fce0
fe6300cc
08d3fde4
0baaff6d
fdcd0422
fbd6000f
0893fbbb
06d3f5f7
028afb08
011e0230
ffd1fbea
feca0326
fcd70703
ffed01e8
fff1fde1
fc01fe02
fa920158
fd86fcd2
fe5af9e4
0366f849
ff730380
fbce0aa6
04dcff3a
fd6cfea7
fc7703ff
0aabfe4b
0aeb0004
03370626
05e5fb64
faa1fa0c
f8d50008
0a9904b9
03f2fe3d
05f5f9c2
022705de
0071f800
0548007e
fb430c06
02a8fdf9
00520310
00480190
fba206a2
f7510368
03a6ffe3
f9b40455
f312fb42
f75cffc3
035a009b
02af0084
f6dffff5
fd1a00c8
009704c5
016a0000
027c0003
050bfe16
fef50539
fa5b0b2c
032e0036
04c3fc9e
07c7031b
010dfe0b
f8dcfadf
ff89ff07
ff2cfb63
fb49fb3d
f74ff53e
feb7fd22
011a0389
f3acf9c2
feb6ffad
058efe92
004902a8
02a10388
feb4fdaa
04b20704
09ec052c
000cfffb
faff0377
ff3ffc30
f87bf3c8
fbf4ffdd
ff68fc10
f1d9f950
fd4dffaf
0061f56e
fdee0260
ff0607c6
fbc90375
01b70206
01db0105
0cdf0704
040cf965
f8d80051
0176fe1a
0788f7b3
012b06b8
f442f716
0a36fe1a
0b53084d
00b2ff43
03490782
ffc103bd
0896fe4d
0258f8c8
0199fe3b
01f302d2
fb41f997
fd510334
00c60133
02ef0418
ffa5059f
0221ff38
00630fdc
ff9effaf
fe38f8fa
fc5408d7
f9e10389
f547fe6d
fb13f3d2
fc98fcee
fd08029b
02850176
03270281
fad5f547
fd4ffc47
f7640127
f71b03e6
07cf0579
fda202ad
003e0428
0546fc83
0300fee5
fd2102b2
fbe80336
0da6ff8d
02d703b9
000906ac
0170fc23
fcaa025c
ff7a047f
0041021e
037ffea6
fa5afc34
008c0010
03f6fc5d
0019f9c3
fe1ffb9c
fec801c7
04cbfc80
f84dfde7
fd4302db
01f3fc20
fa2200bf
fff20191
03c7fcdf
fdc4fb76
fe880090
01f00243
f7e2fcd3
fb29fba0
f7fd050a
f8be07d1
007ffae6
fe92fe8c
089ff982
f90bfd4a
f65b03c6
0204f8ec
fac90626
05b8006e
01bb01e4
f0e6043c
f097f2f5
fc40ff34
fbdffd16
f8b8f555
0a78002f
041b06ef
005b05b7
00fd0724
f7840000
07e1f463
fbc8ff0b
f551042a
072807cc
ff6301c7
ff25fa06
ffda0642
075b04b0
07a502d0
011c03dd
0a9b0391
00fbff98
fc39f890
fd2fff4e
f80105ce
03420512
0a0bfd02
0245005c
fe1b07b3
f63afd88
fc0d01a5
0a0106d6
fa2cf800
0060fe10
0b110591
03cdf7f8
098cfd62
000506f3
f6ff04d2
fe3b023a
0771fd85
0109fc6e
0275fc65
065ffc44
fd85fcff
04a4fa2f
035bf9fa
00af03a2
000d0414
038f048f
02a30437
01b9f83a
0bc3ff0a
fee800e9
025affa6
01d9068c
f8d50335
029dfe7e
0628f968
0633fe6e
f91efdf0
fc990042
09c20384
0433fd50
03120379
0673faaf
fac1f68b
fa83fffa
0182fd7b
fca40094
0abb056d
fc95010a
f912fefc
fe800116
febdfe68
fbf40674
f892fe93
f49bfd25
f65c0196
002a047a
02d3073b
fa50fd1a
03c5fc96
0555ff6f
00aafc09
0041007c
025a0141
04e9ffde
fe4dfd3c
0ae201f6
00f901db
fb4bfc63
04a501af
febe033a
09a30909
fa450083
f961ff54
043109c6
feadfd7b
044d01ed
fcd5058c
068d0392
08c006d9
fbd3fc8e
0076fbc3
061f0000
04b9fd88
0614fc14
074002ec
fd320544
fd1301b9
fc7afed5
0611f964
0c2efe08
fca2fea1
fcd1fe6e
0006044d
fce005e1
fd1007c7
014f026f
fe9efc94
035ff916
00e5fc31
f999038a
059bfa35
fd18fd6c
f996062c
ff02fd77
035802e3
02aa0381
fccd04e5
079e09ec
ff19fed7
01bd02dc
06e4fca1
f828f5ce
019cfd0d
0728fbac
faf9fcde
fb07f896
06dffedb
0a8400df
06ccfa3a
fe86fa86
fbf20044
fc3b0549
0183fb6d
0b5a07cd
04ac0500
0464f6e6
f9e400e9
f511fece
03d300d0
fdf7fd1b
0659fdec
04e30232
f4010134
fffd00ba
ffbcfefc
ff2e0a15
081a0147
0044008c
0013ff73
041cf6d3
07350206
025d0641
fe8a0a7d
0681f8d5
fecefc39
fbc20931
fb4ef882
f9cbfaac
ffdaf68f
02a7fd79
0184002a
ff71fbca
07060eab
fe3d05fe
fcfaf818
05fafe5b
03710000
04c1fa1d
ff20ffe2
017aff75
fcbcfba2
fd6f06a0
0067008c
f6d30b41
fc2a0ef3
02a0f96e
0aca02b7
049f049b
fecffec0
0387036e
018601a0
0052fe7e
fcc90170
fcd404e8
0727f913
08c5fd1c
f66e0183
fbd8fc16
fd7806d9
0174fcbc
0896f820
f63e001a
02e9fd1c
fc0d0152
f8acfda4
fb30fbb7
eb80ff66
ff620546
018e044b
00ca02ac
00f00afb
fd9afc9c
fb9bfa7d
f1e001de
fc74f6d4
fcb9f96e
f5c30203
fa1803a7
03cd01f9
0538fec6
03e4f664
ff0cf925
ff9cfe0b
0664ff56
fbd30b57
fb5307a5
fca500a3
0458f981
fab8fa84
effb043e
02a2ff57
00cdfed0
033dfa1a
0111fc9e
ffc90638
04110549
029d00e9
0175fed1
f68b03de
fea4fdef
00eafaf1
ff2f02ad
01b4052a
014fff73
fa91ffcc
f3bb01ea
0286ff46
00d30855
ff8b026b
fd8b0021
f7e90015
00a2f943
fc3b0394
fb7fff1f
fe91fa7a
fa6af66c
fd2afc10
04b70549
017df980
fcf8022e
fb68056f
fe80feac
01cb0058
030dfdb1
10aaf6f5
0655f6d2
ff2508fe
095504b0
fc93fc4a
fa9d058f
0ad9ff56
02a6041b
f5200d31
0468025b
0011ff08
fc59fb51
018bf97b
fccb04b9
04b20127
f5fffef9
fbc3ff6e
04bafbce
fa75ff14
07f2fe54
fe8100de
fa7ffa88
0bc2fcad
0a6b0903
fbbe0571
fd020206
0703fe19
faed0343
fe9d03f3
087c00b5
0117009d
021ef5e6
05fd03e5
07650fb6
026fff9f
0060fcac
031203c1
fc7804d1
005a000a
0667fc1b
ff58012d
f959003c
f964f920
077afd5d
080a011a
f7abfe60
f9730018
00e504f7
041000ff
0130019c
ffbe06c6
0401fcc3
0212fd58
004ffbf2
fa68f9a5
fd3000a2
0309f37b
f779f6c5
fd55fc25
0454f4d3
fb9d01da
fe800116
febdfe68
fbf40674
f892fe93
f49bfd25
f65c0196
002a047a
02d3073b
fa50fd1a
03c5fc96
0555ff6f
00aafc09
0041007c
025a0141
04e9ffde
fe4dfd3c
0ae201f6
00f901db
fb4bfc63
04a501af
febe033a
09a30909
fa450083
f961ff54
043109c6
feadfd7b
044d01ed
fcd5058c
068d0392
08c006d9
fbd3fc8e
0076fbc3
06a8f9e1
0373097f
0bd1fea5
060dff2a
fd8005c0
feeffe36
fb6bfcd3
f698febc
035400d5
080cfe91
f61e00fa
00a500ea
0244fc3d
fcb1ff8c
fe61032f
fcf00456
04920398
fad8fcce
fea7f34b
03d5ffa6
023606a6
07b0faf4
0462ff5d
06670096
01a201d1
fdfd01eb
02e3fc11
0618fe64
fe5d0224
fe28091f
0839ff0f
ffaaf926
fe5800b5
06740425
0a29078f
0717fe1c
01c9fe29
040ffb2b
016a00ac
03770a05
0cf6ff35
029c06f0
fa6bfe94
0a10018f
085307c0
00c7f978
fd050646
f9d501b4
0406fee7
ff920138
f9b0ff76
fa70fd55
01a2fbfc
07e70ada
00bcfdc4
036efcad
fff30181
fb430430
05ef03ea
0621f383
ff1f0425
02340454
fec1043c
fd1c0549
0312fdb5
fd870269
ff2bf798
039eff32
ff78fc65
fa67f808
ff8afd1d
02d5f98b
f84605b6
007f05e9
07b6ff38
fffffad1
fd30fb0e
faf7018c
fe9d09f9
0733087d
048ff74a
fc31fb99
ff32040d
ff07fb3e
fe730479
ff5c05e0
0009f658
0509ffb8
fdfdfa6d
fd7b0075
048c0644
0978f769
08aa0d98
f83afe0a
fab7f3e9
04940329
f61af6cf
f64af8f5
0591fee8
009d08c8
f663fe27
f703fa49
fe06ff96
02f8ff4f
013504dc
fc79fe4b
fdd50371
ffccf369
fe52fb56
ffdd0b3a
fa63f7c3
0007fc20
0166fd83
f81c00f9
007c0183
febb0052
0031046f
00bd0197
fa8a0598
044a066b
ff7b0608
fadb0533
029a02fe
fe8dfb24
fca8ff40
01660348
01c7028d
058d062c
ff0001e1
f5ea0186
009df7f5
08e9ff14
06d70141
007bf746
03fafb54
028ef69c
fbd8fff6
fff1036a
fa140290
ffaafb32
07bcf412
015c0080
0037fdd3
fe00027c
f81601bf
f95803cc
fff60b21
01aef9e0
0a56fef2
0c1b0112
fec1f44e
f8700002
fd62fd22
0226fc0b
03800cf9
0577054d
fec702c2
06140668
09a20412
f6fd01dc
fd6afc77
07480619
f85e0484
fac402eb
0271078c
f7a2fd06
ff86fe17
f9db009e
f433fd4a
044cfe80
fa36fb81
fdb7fe98
00230292
f3a50176
f7f306e2
fd9af91a
fa26fa71
f8bc085d
02f2f7d4
00b0face
04b2fd8f
08110379
05bc0401
0312f8aa
f8720b9e
ff3b06e6
f9e80443
fc7c062b
01dfff45
f7450519
fb6efe68
ff1c03cc
056a03b5
0293ff93
0220fe4f
0457f412
fd2afa95
fdcfffa7
0116ff6a
02be0620
fce5fe53
0043f49d
01b30513
fee20689
0441fbb6
027b0016
fbaf0079
ff27feef
0a1af80e
fed2f637
032ffd47
0a340632
f90e0610
fc180189
fa2c0832
0094030c
0757f775
feb9fa6a
053e0602
fe0ffd9b
f81cf4db
fe5efa62
03a3f933
036b02a3
fa580389
fd96023f
ffcc0004
009bf818
fe120579
fa6eff58
fe77f1c2
f7a9fb05
fdfaff79
035702dc
f9950714
faed04b4
ff6f0745
016f0775
0179fe43
ff3cfdb3
fac6fdd5
096dfdad
0f950346
032e0232
07160135
0316ffbd
00e3fe53
f9b90124
f87801ad
041efd50
fb0df666
faebfd1b
fe1901fd
faa90099
f6cb08a1
fe95fc36
06a8f9e1
0373097f
0bd1fea5
060dff2a
fd8005c0
feeffe36
fb6bfcd3
f698febc
035400d5
080cfe91
f61e00fa
00a500ea
0244fc3d
fcb1ff8c
fe61032f
fcf00456
04920398
fad8fcce
fea7f34b
03d5ffa6
023606a6
07b0faf4
0462ff5d
06670096
01a201d1
fdfd01eb
02e3fc11
0618fe64
fe5d0224
fe28091f
0839ff0f
ffaaf926
01d4fc3e
0010f9df
fcb9ff5a
020f0053
01120668
058200b5
fdf9fe0b
000909f2
0590f56a
01a1f588
021e0091
0193fe65
05180440
fa37fdd0
faaafb0d
0738f7c4
07500175
07d609f3
fbac0312
ffa404ca
0331fd4b
f950f579
ff70f654
f999f6bc
fe5bfc88
06d702ee
01ca0744
03120832
fb5afe44
fa4fff36
fdecfe5f
fe2afbad
061f07c7
0d040186
07040235
fed9020a
031ff922
01ff005f
02310054
034d02ca
ffad0284
fff4fd62
005a0108
04640010
0347fe0f
058f034a
061d0087
015402ce
036b0ad9
01b9ff24
0132ff71
01ef0809
02c004e7
fcc40272
f89f0075
ff2cfca5
04bd00f7
04f603c0
f844fe0c
fa800829
00b701a7
f6e6fd2b
f743071e
ff410454
046a0512
faf5fdcf
f8d7ff0a
0546003b
fd71033b
f652027c
05ee02f9
077908fe
fba1f352
febdf904
fe260356
000f03f5
0586061e
fef6fbd1
fca9fa32
00d7fa15
045305d9
038dff24
02fefe80
023e037e
073af4d2
05f8fa53
fc120399
05a603e3
0a53f60b
050aff8b
fc9b0894
f379fa71
fe9505b2
04c40978
ffd1ffb9
022bfd66
00b5fb0d
0017f6d2
081afe1f
03e9fdd4
fff2fa5f
01fb023b
0110fea7
024b0161
f90700e8
fd21fd99
fffbfbde
f927f9bf
0272fd39
ff200174
ff9d04f5
0300f8f6
fbd1fc75
01390413
00e5fb6e
feb0fcbe
0951ff0e
0471f8c4
fa3efd74
fe0a05e3
fc28fb65
0293006b
02b30102
fa99fa80
02b800d0
021efa07
fb5cfe2f
f2a50577
fe2c0c3e
07d00c36
f70ef9e8
fe1bfca2
01060802
fcfdfc77
01d5fa41
fceb0400
fcd9fddf
fd97fe14
0000003d
fd870152
f856fda7
ff46fe4f
03cb0300
fee8fa21
f2dc05c9
f54e040f
03520173
fcd009ae
fe1bffe5
01e9001a
fc1d004a
0072ffd2
f8a6f7cd
06d1fc20
0adf04f6
f7a9062b
06a80838
04e3fb49
01ce0122
fd52ff06
fb4bff4b
0a32062e
0334ff47
05760259
f962fd40
f852fe85
02fbfa81
f9a503b7
ff550935
fa8df855
02480444
0838ff9e
ffe6f9fa
00a8fcfe
ffb3f7e1
0428042c
fb950065
fa57f62b
03ca00b4
03710563
f9a6f9bd
f4330485
f80104ab
f5def4cd
fda60561
018a0311
fff8ffb1
ff270159
00cb02bb
049a0c11
026df873
004205b0
f8c20912
043afa59
09580cd1
04970332
05c4fa98
fd05fa6b
01c50366
fe25059a
fe4ffc15
005e082e
f566030c
f9c4074b
007dfc57
0733f1bb
012e062b
f544fae3
fbd9fb65
05c4007c
febcf621
ff52fe10
05fa03c1
fe080003
02bf03cc
f9fd0299
fb04fc50
067108b3
f7910926
fe440203
0552025d
07d2f8ac
08d3f9c7
01800573
065d0389
fdd0fdad
f67dfdd6
fa4cfacc
f7e9015a
f6d90534
fae1fc08
fda1f351
004efa0e
05310194
05e4f4b1
ff95f87b
f898f80a
0165f884
016107ca
fa470692
052f00c9
052fff8f
02a10c09
074d062f
fd7102e4
fc770718
0a26f7eb
feb1fb89
f9cd00f3
04280022
fe13f993
0475fd2b
ff8405eb
fcc5fe68
077c025d
fe2d0496
01d4fc3e
0010f9df
fcb9ff5a
020f0053
01120668
058200b5
fdf9fe0b
000909f2
0590f56a
01a1f588
021e0091
0193fe65
05180440
fa37fdd0
faaafb0d
0738f7c4
07500175
07d609f3
fbac0312
ffa404ca
0331fd4b
f950f579
ff70f654
f999f6bc
fe5bfc88
06d702ee
01ca0744
03120832
fb5afe44
fa4fff36
fdecfe5f
fe2afbad
fdd4fdb5
fdb70365
fe020124
f7310361
072902ec
02f6ff39
f910ff22
087ffcde
09f203e4
09c20221
001cfbeb
ffcaffde
0116fd3a
fb76fa79
f9efff54
f906ff05
0807f4fa
0371fcee
faa90158
ff16f9a9
028707a8
04a103aa
fd9dfd55
ff2700e6
0673f8ef
0904fbf4
0042fc6d
fdd3fd98
fe6ff97f
fab8f70e
04840094
0043fe18
fda3fe96
06110202
049f0097
fdf00453
f5a903aa
0279fe9e
05d70947
fc4b054a
07ebfd83
012f0868
fbfcfbd3
0042ffb8
f9950bd7
ffa5049f
fd20079c
05190350
0a66fc03
0048fb03
04f902f1
fe19033e
ff920179
ff7f084e
02d80283
13a20356
0889033a
01b0fda9
063703fd
027a031e
fb96fb1e
02b3fe8d
05ba0061
f96d0567
043e04f3
0759fb0f
f7480710
fa36fe00
04c7fe58
022c0ae4
fdf9f114
fd20f9e6
fac107bd
f8420412
f74805e8
fb0afa60
fdacf8ed
00e2fbc8
003105e8
04e00b59
018f0255
fb29f9cd
0a45fd74
0a31027f
06c7fd0c
f5ad06a0
f25efe32
0c6afb64
fbd40522
f901fccf
01ad01ce
f964f76e
0411fb91
0448041a
ff70fa92
ffff03ab
fb0d02d4
f84d0305
0443f7b0
0ca7f502
0136fd24
ff6df876
03ba0456
042800a1
04350081
f87f0007
fa27ff71
0a150456
065bf6fd
000a0117
05ea0395
0785ff6f
fe68002d
00ddfe14
033e05f8
f5c6fda0
f930fab1
fd58fca0
00290003
02e503f0
f85afb12
fcccfc75
ffca03df
f81af9fe
fdc4f527
01250387
f92dfb13
ffe5f7ab
022c03b5
fd5d0291
01bb0426
fb300055
fa1afdcb
fb79ff6b
0233ff11
054eff2b
00b1ff71
05bafb75
ff59ff20
ffda031b
fc2ffa01
fbe4fbd2
02edfbb5
fee30302
02cd0744
ff360379
02c7ffac
00e5fa74
02af0995
0974ffe6
f9480407
002e1365
fc6afecb
f0d6000e
ff5505b6
f9d0faed
f4b4fbb0
ff300aef
007b0230
013ef4c6
0531fd2c
042c00a3
ffb602fc
00a9084a
047f0872
fc64f6fe
f653fd82
fc7906aa
0063fe4a
fb8b0154
f84afffb
02bd0417
05faf866
fd03fd96
f76403e5
f9d7f9ed
04170367
05a5fe4c
fdc70792
04d5043b
0b86f9e4
009406a4
feb50210
fa3d0245
fe30031e
0523fe45
f6630256
faab046f
feb90091
0044018b
0716fcc0
ffe4fe57
fe9604f3
ffe600ed
ff340209
fc57fb3e
f82efe22
f89d00f1
06bffb09
09f0f89c
0119fdc2
02ed0293
fd59f9f6
030904ce
0416feed
00cefd45
024501c7
f5c8fb36
f94509e9
feba00f9
ff720011
fdadfe84
f9ecf6e4
fd08fcb3
fa0103b3
ff4c0cbf
0624fe51
02d2fe2f
02eafc3c
0304fe4e
fb300340
fae6f8fb
fbdcfb44
f617f739
ff4b016a
04d102a0
0108037f
09f60152
0813f7e6
f6fa03a3
fbb3f8ae
01b7fc7d
fdf90086
012fff84
fc260bee
fee4fb41
0168fd69
00d70d0a
06c204ee
019d00d8
0414033d
0571ff89
ffb10277
013affb0
ff77fb1d
06fd03cf
0c24020c
00b503a7
01c1fdc2
032ff6c6
fd73022b
fd1e00dd
03e0fae0
088ffb2d
f5e50074
f48dff80
fdd4fdb5
fdb70365
fe020124
f7310361
072902ec
02f6ff39
f910ff22
087ffcde
09f203e4
09c20221
001cfbeb
ffcaffde
0116fd3a
fb76fa79
f9efff54
f906ff05
0807f4fa
0371fcee
faa90158
ff16f9a9
028707a8
04a103aa
fd9dfd55
ff2700e6
0673f8ef
0904fbf4
0042fc6d
fdd3fd98
fe6ff97f
fab8f70e
04840094
0043fe18
fd9f0042
091cfee3
01c2fbbe
07bd02b4
015df27f
0406f3ba
fab3065d
faccffc9
0993ffb4
fd530334
0392002a
00c4fb92
fac7023d
049bfdc0
0b63f948
03c1047b
01d5fa50
08f0fad0
fc3ffb40
fcacf9fe
fa3706ce
fe74fbd0
021bfc71
010d0770
0def020e
05600614
00befed5
fdfbfad2
014d04db
fdb6fe61
f5a20c9f
ff140e82
fe58fa58
036dfbca
0030f7c9
fd6004ce
023608f3
fe260170
fbeb0a05
024e024a
00dc029d
f7f7fea1
04a6f72f
024ffeb2
ffcaff9b
03340052
fd8efe50
0355ffa2
010102ef
fccf0283
fbef09b4
03ac044f
01c0f82c
fc61035a
fd24045d
04adf20d
0b06f85c
f4180669
ff87f8ef
050ef3b8
f714feb4
fcd4fa05
f461004b
ff0c02d9
ff9ffa16
fb1e0184
fd6c023f
fa4c00ee
05000467
fcd90913
fd9f0710
03430185
036800aa
0ddf029d
09870931
0609fea3
01c0f813
ff6a003c
01df04f3
03b3ff9b
0798f9fd
f969035c
f936ff1a
0174fa30
024202b6
0672030b
f98b013d
fe3204e1
022efb4f
ffd1f769
045c0268
fae0f641
04b3fd6f
0426048f
fb8bf96f
fb1003f8
fde1021f
02a3088b
fc360550
0408f327
fe96fd26
030cfc9a
083af97f
014c0229
0b5f00bf
fcd7ff0a
fa2f0325
02c50130
ffe5003b
ff250670
063600a3
0830ff93
f8680a12
f902fc9b
fd1af499
083a03cf
0390011d
f8fdfbc7
fdf103d2
faa503ee
0350fa88
fd5201a5
01ce0b72
05e203a0
002dfe22
094bf4ce
fbd1f996
fd23fc9d
00f7f742
fd5d068b
02c304d0
fef1fa3a
ffeaf832
fec7fee1
fe0c0557
02c7fed6
0396fd27
0126fccc
02f504a3
fea50fc7
fc6907c4
04d7f4cb
032ffb5d
fe4d0584
feffff72
04ec052b
fc02ffca
f450030f
ff3d09e8
fb7efb95
f9100070
00b10758
fabafa5f
f779f8a6
fe7b0828
fe5e0458
0171f74d
fdfafee6
fc710511
0200fed5
f4ee0000
fb6403a7
0420ffc8
fd48ff5d
009103bb
fe430d12
f9e70439
f9adfaf1
0027012a
fb88f80f
f507f6c8
fc49f8de
fe01f952
02aefd72
04820233
fdff063a
fe2bf74f
086dfbde
08b104cc
02a7fc39
00950170
f732ff0c
f53700c7
f6cc08d4
ffa8fe5f
0756fb54
fd17fbf2
ff9efc7b
03d70406
016b03a4
03460323
fd5b0192
fef70316
0453fe42
0212fa93
0232028d
fc57ffe9
fe760790
01a7fe6f
fa4ef6b6
fe68047a
fdf4fb98
0067ff09
024eff4f
fcc0fdb4
012f02b5
fda0f541
ff6ffa6e
fd3c03c5
fd51fe45
05fdff41
ff52ffef
0336faad
00590156
012f0720
fd8f0271
f279fef3
04acffc5
0220054a
fd2d0319
fd0104aa
f85101b2
faf00280
f93703ae
065df839
01910177
fedbfd6c
fe28fcd3
fc060cd3
08f10870
f77a02b3
f9a7f7c0
0696f97a
0056ff1c
02befb6a
05f403fc
04a00167
053700e8
0af904de
fe67fd3c
02c4042c
04d107df
fb6e03d8
05380444
fb30fcd5
f917ffd6
fda404c9
05fd02a5
0b52016c
fa60008e
fcd0ff71
0c6ff950
0875fb3b
ff23fed5
040aff22
f853fdba
fd9f0042
091cfee3
01c2fbbe
07bd02b4
015df27f
0406f3ba
fab3065d
faccffc9
0993ffb4
fd530334
0392002a
00c4fb92
fac7023d
049bfdc0
0b63f948
03c1047b
01d5fa50
08f0fad0
fc3ffb40
fcacf9fe
fa3706ce
fe74fbd0
021bfc71
010d0770
0def020e
05600614
00befed5
fdfbfad2
014d04db
fdb6fe61
f5a20c9f
ff140e82
fe6afe4b
0150048e
fe30ffb7
01a2fbe8
0886fd8c
fc6cfaa4
f451ff94
0907013c
ffb2fd85
f65cf8ac
050d029d
01dc0832
0208fea9
fd6cfc9a
fd1b021f
00c10221
01cafa4c
07cfffea
ff5502fe
fde000da
fe2200b6
feb2fd78
fec4fb1c
00dbf5ac
08ddfd74
fe9dfe35
ff110094
03370674
053aff48
06630499
fdb4ffc8
056903c5
06d40931
0338013f
01da0acd
f7f1024d
faeaf6fa
0529fdfa
05dc034b
045e056c
0a41009f
0258fa34
f91bfa8c
fde8fda1
fa2efd1f
fef60228
fe3601ce
fc71f8fb
073ff948
fd32026b
fa13fc4f
fb41f54d
fdef0631
08f8029a
035b00db
07b902f0
051ef9a1
f7f60ade
031e00d3
0bcaf088
00350388
fa0907bd
f93bffdd
fd14fa82
0ce6f4a3
03fdfd7c
fd7b090c
0510fd97
03600057
07cb0481
01b2f9d0
047bfd11
0b93fc7d
00fa0112
f96fff92
017dfd00
08e0fc97
017cf2f3
0070fbfb
01e90172
fe52ff49
f8c0fbbd
033d0339
010d0a0f
f7bafbfd
07b4fe27
fc5403a5
f7ad03dc
f8590252
fbcd0416
0f6106b6
02e30119
01b20047
ff2fffc9
fb81083d
05830155
fa58f839
ff34014e
0a10021f
0169fdd1
0280f9a8
029601b8
fb97fe58
05a4037e
ffc80ed3
f45c0305
fef805f0
fd350145
fb76fdc6
00140297
fb38015e
f86e02b1
f81cfee4
f4c9fc25
fd3ffc35
07e208b3
0a2a02e3
067afbf1
06640178
082afe80
fabafe7e
002ef0ea
faf2fe94
f4c1032b
0278fb78
ffa10ae9
048efd21
fc0802aa
fec2004b
fd95f338
fb5e071c
0da101bf
0306f3c7
05eaf868
fd51048a
f5e202e3
fa91045e
f8f4079d
fe24f9c6
f865fd4b
0534fdfd
fb60fe04
fceb05f9
0b0902fb
f88d004a
f9b4fc68
f6f3fec0
f78c0028
fd92fa95
fe87fd94
04bafaf7
003ff6f8
f6f30304
fde5fed1
01d6f927
f4fa082b
ff630a32
04a20696
fb98ffae
021efe62
0a240389
02250262
fdbc0785
042e05d3
005604a0
04480397
fc54025e
fa7c013e
0004fed1
f99905cd
0228ffd8
044a0254
04880469
fd5afc4e
fecc067c
03cd005a
fb95f4d2
fd90fc6c
fa6ffe1e
fdbdf919
0381ff47
062c013a
013cfcb9
fb5f02d0
ffa200ad
ff5300b8
fe8403c3
fd8701c6
00130085
fd44f919
ff1ffbc9
024a0000
013efea3
fa7ffd5b
f9dcfd7d
058fff6e
ff8ffb0d
07f701bd
ff92064f
f869fbe0
06a7ff47
fac20609
021600c4
ffe60235
fab3ffbb
0177f958
fe79fe96
03ddfd9b
fc06034d
ffe9054b
0ccdf831
ffb9f876
f8ecfa15
07ecfb39
08b6f8f5
fefff8f1
fd030136
fe46ff52
facfff64
fd7a00ae
088b03d5
fc9804a4
fd38ffc9
f882005e
fa58fde1
0ec2019f
fadc00c4
ff51f9eb
016dfd0e
fda2fea4
0a46ffde
fbeffba5
fa6fff65
faea0355
0202f7f2
feed00bd
f8ad0562
0a00fde8
043e05aa
04eb052b
0ab8ff35
fd06ffb6
f73504f7
00fa04b7
05b4054f
fcce0a7a
f639017a
faa000aa
05b20334
0440041d
02110352
009ff997
fc0d008d
051e04e5
005d0911
f6070868
fe6afe4b
0150048e
fe30ffb7
01a2fbe8
0886fd8c
fc6cfaa4
f451ff94
0907013c
ffb2fd85
f65cf8ac
050d029d
01dc0832
0208fea9
fd6cfc9a
fd1b021f
00c10221
01cafa4c
07cfffea
ff5502fe
fde000da
fe2200b6
feb2fd78
fec4fb1c
00dbf5ac
08ddfd74
fe9dfe35
ff110094
03370674
053aff48
06630499
fdb4ffc8
056903c5
0747f742
072efdc2
0042039e
01c50940
02d9fb90
08eff685
0728f83a
fde3f819
fe5e0242
ffa8fff5
002401e8
05c00651
fd7dff7b
fd97f936
01c8fbc6
fbd403fa
09f503ef
fedf0453
f9b6fc7f
0829fd8d
02f1037e
022cfceb
0256f8d7
0fcbf95b
05a80a3f
f8ee0486
01b0fb19
faf50710
0067039f
06b6fe88
05abfe28
036003cd
04b5fb0d
ff56f60e
00c20168
069b017c
f60d06c6
fbfc00d3
0310f8e8
040f03b1
09e102ac
ffbbf953
ff39fc9a
0873fa19
fef1f7e8
f24cff49
f712fe5d
f749ff86
00a4fd9c
fd4a0553
f8e10b71
0047fcf4
f5e2ffca
fd3802c3
f9c3f95f
009a02cb
0b1d070e
06c2f590
0c47fead
f6790553
fce2f6f1
040902d6
f7980731
047bfc05
039ff9ac
ff45fc40
03f5fc88
08f7fd16
003aff8a
fc2f0068
05090288
02930123
027b0728
05a20525
0b01038d
07380583
f9cbfdea
fd9401ea
05320427
02a901cd
012ff89f
f9a4fe30
fa590431
0032f92b
0370fc6f
0c16fded
fdd903a2
fedefab9
0409fc97
f4990759
fab1f859
feb30170
03ecfb82
034df6df
01e804c8
0b9cff25
02d4043e
f97afeac
fd0bf9c9
034c032e
fc460130
fec4ff59
0315fe9f
fcbe023f
ffae0553
f908041e
01c70525
06f00016
f99efb96
fdbeff8e
025c03b8
03a600ff
fbcd01eb
f77500d9
ff29fbf5
01c60585
030801da
fd1afe88
fbe8000b
fd75fe74
fac70f24
fee00236
fb31fcf2
ff890448
0696f95b
f75705f3
fa2e0189
0566fca9
029f0042
0579f9c0
0006fe04
febe0203
03010923
020ffdab
0557fbb4
005a0a8f
ff8bff5c
fe01ff4d
faae0906
080c0027
0c4bfa59
0570fb6e
02fcfc07
0094003b
f9dfff11
f8d10086
fe880479
fae800cd
f74f0130
f9f6032b
f835051e
f52f035b
fa550170
fdec0066
fea8fdfd
00520421
007a0155
ffdaf768
fbcbf7e1
008ffe73
fe1f0389
001efd95
0059ffa4
f7110884
0648ff37
fafcff57
fb5d02d5
084df886
fb93fea6
07b8079f
02adfde2
fcd9fa70
f9930008
f788f77b
0140ff44
f742053d
feb4f764
fca0fe92
fbcdfa26
0f1cf91f
0e800118
0024f945
fc43f89e
ffb70107
fae3031c
01e9f9bb
02bf0625
045afe72
fc6df49d
f897ffba
0df5f7e6
02d404e9
faf700ac
f9800114
fb640965
fd77fbab
fa77fea3
0841ff91
fed3095d
008a0277
0344fdb6
ff890492
061dfe45
f6bf01be
fb71007f
0b570176
0114f526
f849f7cc
00a50461
05c3fef4
04dc012a
fd86fb88
fe8afe67
05e70237
f8fc04cf
f54d03fa
f9faffdd
ffff02a2
ff25fe7c
fb16023f
019ff8bd
01f1f676
012b02cd
fe8a05c2
02d40b50
004905e6
03c7025f
0293023d
f5330542
02dd02ae
fd35f7e0
fac503c9
028603d7
fdaffa48
00ad05e6
fa46fe6d
fd33f64e
02fc0479
05b8fe56
0256fc7b
f98b0915
ff7702c9
0328feaf
05aa0276
02b30511
fadb0a55
fda10a34
010d033e
0139fad7
fed5fa17
fb52075c
02d80a65
0007fbf4
f7a4ff50
004d05aa
02c4f866
0747f742
072efdc2
0042039e
01c50940
02d9fb90
08eff685
0728f83a
fde3f819
fe5e0242
ffa8fff5
002401e8
05c00651
fd7dff7b
fd97f936
01c8fbc6
fbd403fa
09f503ef
fedf0453
f9b6fc7f
0829fd8d
02f1037e
022cfceb
0256f8d7
0fcbf95b
05a80a3f
f8ee0486
01b0fb19
faf50710
0067039f
06b6fe88
05abfe28
036003cd
05b50ea8
0703fe8a
0003fb16
08a90b02
074d02a0
fa72fd57
00f1fe08
0287f826
ff1cf6dd
0818fd63
fffe04d0
fec0012b
060d0412
022e0663
fe62008c
04cffb5b
0905fce5
040600a8
039ef786
fbcc0095
04400795
fd270209
f6790182
0726f4b4
f94ff9e9
ff88034c
03b30358
fea5fd6e
02d2f7f2
fe520471
04c1fe42
fee0fad7
fda3016a
ffbffee0
ff4afead
fd00fd20
fcde042e
03a8078e
f8e2040d
fd88fbb8
0706f845
0050feb4
f9c0fcf8
f908000f
00250563
05e90056
024dfcce
fb8b05b1
fec9020a
fec0fcd7
04af075b
0c4e0044
02d2fb26
fe81ffe2
0250ff3c
f9fffd04
fc82f89f
08e5fb41
02c10836
0375054a
fe97f769
fd690218
ff37024c
fe9001f0
05b505d4
fd12fad5
04bcfd5c
f734fa01
f387fd08
0536fab7
f99efcbc
0bcc07a4
0b9cfeba
fd1a0353
fca7f706
f73ff95f
03680706
07a5fd38
fd010179
fed9fe21
0a92075e
008d0374
fe50f766
f9e2061a
f8dbfc6c
092ff905
01b8063a
065e0077
ff3afd27
f7b8fd34
066dfc26
05660892
0190fc74
03e8f1f2
10990619
08ba03fe
fb0d02d4
fed40688
fd6b07fb
f8d909e5
fb1a08f4
fe410990
f8af03a8
fdea09b7
05c8fe2b
0650fd8b
036409b4
04f8fe9a
0496027d
fcef00cb
04100114
0391033f
fa07fe82
f766fc5e
ff18fa94
09d7feee
060cfb07
02b7001d
0794ff4c
0312fcd7
f96500ee
004c00f1
04d4049d
0247fd7f
fd280392
fccd06c4
ff06fe25
f253fca7
f60dfca8
0240fb01
0180fd59
fd240880
01eafe5b
fd6dfdde
fa97fd58
04b6f714
f7ea0589
00e1015e
fdeb05e7
f1450171
03bdf705
fe3ffc55
0051f42d
fe70fe48
f7cfffb1
fef8fb17
fa44ff66
f97af81c
ffb102dd
0c4c0211
0796f2ad
f794f87e
f93bfffb
01cb0679
fc2c06c1
fcf0ffd0
038f039a
f28e05e7
f93601f3
0545fdcf
00f3fe96
0640fd52
fe64f9ac
f9c900ee
fddf021c
05b5ffab
06b4fc2d
f80bfaa0
fa54ff5b
fbf4fec1
feaa00f8
08560247
f68905de
f6330422
08b604af
fe180a52
f98f0434
0956070e
0a0f04d0
fdd5fca1
ffe0fa8c
fb0bfbb1
f676fd37
029c0179
fe7c087f
fc9cfa39
03d6fa56
016804a1
fa820054
fb21fedd
ff79fa6c
f880fd55
f60dffd4
01a100e2
06820117
f7fa02e1
fce002c9
0b83fa09
062afbc4
00e6fca8
fa3200bb
014effba
0396faa0
ff4efdd1
04d6fe0c
02d902c0
083303e5
022aff4e
fa42f938
0066013a
fe90056e
0022fa3e
fe12fd4e
fae9003f
fe4cfc6d
fceffc70
02180421
044402cd
ffd30afb
031a0d95
ff0efcc0
fb940788
0074ffaa
ffee0076
fde1087c
ff60fa01
00890891
03460507
02e2fff5
fb2e027a
feaffe95
fd58fabc
01b2f211
05b002eb
f5ddfede
0363fc56
085c0219
ff93faa0
01be01b0
fdaafc72
025103bc
01ef00ff
0255f909
fd3203fa
febefb1c
075a0146
02a003c2
00abfb08
fb7afd20
025bfc69
01f7080d
f58007e9
f868fff0
00d80456
01dffd83
fced016f
05b50ea8
0703fe8a
0003fb16
08a90b02
074d02a0
fa72fd57
00f1fe08
0287f826
ff1cf6dd
0818fd63
fffe04d0
fec0012b
060d0412
022e0663
fe62008c
04cffb5b
0905fce5
040600a8
039ef786
fbcc0095
04400795
fd270209
f6790182
0726f4b4
f94ff9e9
ff88034c
03b30358
fea5fd6e
02d2f7f2
fe520471
04c1fe42
fee0fad7
fda8056a
ff550434
05b2f40c
f7d9ffff
0044060b
02d006fe
025f07d5
0597fce7
072801a0
044404cc
0235fc68
02e3f7f5
fc50ff17
01ee0008
fe60fb12
011802d5
0a1b09c3
025003b9
fc18fe81
fad60726
0415036f
01fcfc00
fb75fb2e
04cafdc7
06d00499
fe5a0241
fc320940
fa4005cc
fd5dfe91
0449fff6
fc2ff95e
fd6efbc7
034bfde1
03ddff2f
fdbffeb6
ff44fb3a
0b41fca7
fd3104ce
fc6a02ec
0383fbda
051f03a5
02b2f850
f752f2e4
037c01f6
034b0145
0232ff6a
fdef00fc
f3d5f638
0239f15b
069ffe71
0413ffa0
f585fdd3
faa602fd
09c001ac
fb78ff34
064d0324
05c1029a
f392f88b
0780fc5d
10a000a5
0093ff2b
0140002a
065b00cb
0559f824
0100f796
f9e2080b
fe22011b
ff72fe2d
faadfd62
fc32026e
00990ea9
fd32fe53
f95e0474
021d0888
01a1fd92
fc2f03cb
ff35fd7e
068ef8ea
08c30238
05c201bb
02f3fddb
fbae0397
022701fd
020bfe98
fdc4021b
06fa0555
0342037e
02df00f9
fe20fdf9
fadcfd34
039d0044
fd36f9d6
005cff61
fff7f9d4
f53ef5aa
02b60317
07c700b5
feb3043b
fc11fafc
fbbffbe7
02520141
ff0bfa2e
00c207bf
0b6a0235
03c5f9eb
006c0362
fd9403e5
fcffffce
06d705c2
01fd03e9
fe9eff26
046f0256
03d803c1
ffc00990
0029feec
fdbdfdd8
f9a101e3
ffd0032b
01590a08
007004f5
fe89065b
f921fd24
fdbeff5c
fbdf0213
fc1dfa2a
0183fdc0
f3d90034
f66106d6
0800fd6a
ffc8fbd1
f7e8fd62
ffd9fc10
03ab0115
053ffa45
02bcfbb1
f9cfffc1
fe7a0316
05b203ea
fe0b052b
f848fe56
f91cfccf
feb901b7
04a3fd07
056106e6
fcb9023d
ff28fb19
07c1fffe
f44affe9
f45bfb53
fd63fe43
fb3e0508
06c8fabc
fc76fdcf
fea0fde1
01af03c8
f5bc09da
0391fd87
fb4204f5
f6310682
01f2ff12
f9e1021f
f9fe0d33
f9e303e9
00f1f6f0
0d85f91d
0368f78b
00ecfd1c
08f5fb2f
082e024b
02ddff9e
0157f8a3
063201d6
ffcffd32
fd6a0673
fed40691
f8bdfa7b
036fffd1
06610094
ff83f67c
00e5f7e4
fc55fee4
fe2ef36e
0489fac3
fdfd0b9a
f8e8006a
0098fba4
00840659
fe33fd2e
ffbef293
0147fc72
0269fb42
f51bfc1c
f9580596
0460fe6e
ff35002e
03b3083b
024e002e
ff4602db
ff2a02ca
faad0135
fd7c0352
fb6cf9c4
fee00423
0ba20316
0049ff54
f77b042a
01c3fb15
fb40fc7a
fbe1f625
0a1dfa74
0036ff0e
f20103b2
f9350cb9
fc10fd6a
01bafcee
0546fec8
f96e001b
056707a4
fea502c2
f69d0002
034d0630
fa570526
fe7203c5
f9880889
00b5f9a3
05fcf9c3
fa9500c1
039f03d6
fbfd01f3
02dff2af
fb8502c0
f82504f2
036904a1
fd400750
0ae2fdcc
fc6a0776
0125fa16
0950fb0b
fd0202d4
06e0fc28
01d0056b
062cffcf
fcd3ff0a
fb84fff4
07fcfc4d
0141fc2e
fddcf72e
fffcffca
0da2071d
074605f4
083b0210
078cfd29
fefaf976
fdb4fce3
f0c706d3
fdda0130
fda8056a
ff550434
05b2f40c
f7d9ffff
0044060b
02d006fe
025f07d5
0597fce7
072801a0
044404cc
0235fc68
02e3f7f5
fc50ff17
01ee0008
fe60fb12
011802d5
0a1b09c3
025003b9
fc18fe81
fad60726
0415036f
01fcfc00
fb75fb2e
04cafdc7
06d00499
fe5a0241
fc320940
fa4005cc
fd5dfe91
0449fff6
fc2ff95e
fd6efbc7
0c050300
ffd200ec
ff8afd85
02befee3
ff72fb6f
04e0fe42
050f06e0
fc9eff24
0ab8031f
06ad0822
f9090046
01e2fb92
fbb5037b
f8c90aad
fae002ff
ff49fc23
0108fd2e
f96eff7a
0565038b
012c0217
fbf8f93b
0bd8fcc8
0154fcea
0152fbf2
0a4eff14
ff40ff21
06cb04ac
04f400b2
fc180750
09e507e9
087cf971
015ff5a8
012cf6cf
fe18ff7a
0682feac
04c90229
f5e5feee
0009f760
fffbffec
f74cf796
075bfcf8
fe940965
f7a0022c
fdb1fdf6
f90ffceb
ff23025f
fdc703b3
055806b2
0ad804c2
01b1f7d3
fc9e05cd
fc310b1d
0420f927
00ca00dc
05a3068e
05cafc09
ff9cfb03
0962faec
ff2d03bf
fd7a0ae9
0667f92c
fccaf8e9
fa3b088d
fd0e04ef
fb1f016a
fd6e016a
febffb5a
fcc7f4b6
03e6fde1
07ed026d
0478fee4
054ffeb8
00a9f85f
fecf076c
09c1fdd9
01cdf164
fcd7049f
0d04ff1a
04480274
fe1c0482
038d056d
087c0161
0936f458
fb6dffe8
ff18f9b0
f6ebfd56
f9c4055a
0cecfd4e
000a062c
fc12079c
fe7e00d4
06c2fc25
03edff4a
f6a3033b
04a9fdf0
030500ab
f8ee07c7
faaa03c1
fa3efa35
fb28fa10
fb7b05da
fd2002d6
0175ff7a
01d308ca
fb82fd03
fbf1fd58
fb10ffac
f94f011a
fced0a34
fb6cfec2
fe6bffb1
fd1df954
fbb0fcfb
0418044b
018c033c
ff3b0d19
fcd6fe6e
f5bb0197
010dfe1d
0535f397
fce6ffec
facb02cb
fba70711
064a0633
050406aa
fc1603e8
fb320569
038604e3
065dfd00
fbe1fc69
068cfece
003e00e7
f68cf6ac
03730312
fe7e03c2
031bfa6e
fda003c9
f65efbef
00fffcb5
fd16f735
0534f75a
05d4fd9c
fcafffa6
069903c3
01ccf494
fa6b01ef
024a07be
035cfab4
fea9066c
f9f501bc
05bbfe71
097b059e
f9920235
00ee0070
fd5b00d0
f8fffd19
0771f47d
fce4fece
fcd10bc9
08df0410
003e00b5
ffc3fbcd
082bfb2d
fb030244
f433ff47
fe3ffacb
fedefdb7
fd2efde4
f970fa67
031a0038
046ff9ef
fd48f5e3
06c8f9a2
0420ff04
01270697
f84cfabf
f72801d4
ff770519
fab5ff5d
00b3fe52
031cf811
ff490563
fa210063
02fffcf0
041f061d
f42b03a0
ff6dfeb5
03b5063a
06bb0aba
05d1fb75
fa77fe8e
03bffacd
0377016a
03400821
ff4cfcb5
f2e2f9fb
fb16f2dc
0256031c
fb390163
f6f7fbe6
01d304b8
09f103cf
06df05f0
023a0196
ffe7feb7
0511f5ff
01030890
fa870cd9
ff470055
fe070238
faaff730
f989fdc5
f968fc9d
faaa0223
fca00366
fbfe00c2
faeb0633
070f0226
025909df
fd3bff08
063203af
fdf402a3
0182f973
fd590244
fa58fde1
02ee0415
fc9bffd9
04e60040
fed40279
f500fd4f
facb025a
fc2804a8
fe87079d
fd8f0478
ffe101f1
fb59fbca
00e4f915
0224f986
fc24ff11
06790079
0250f99b
043c00a7
05340083
fd720375
022c03c5
056100a5
0015fb16
fb83f20b
0633fc9c
07b5005f
026affd0
fe6b00e8
fb81fea9
fedefb14
fafcfecb
05a70647
0c050300
ffd200ec
ff8afd85
02befee3
ff72fb6f
04e0fe42
050f06e0
fc9eff24
0ab8031f
06ad0822
f9090046
01e2fb92
fbb5037b
f8c90aad
fae002ff
ff49fc23
0108fd2e
f96eff7a
0565038b
012c0217
fbf8f93b
0bd8fcc8
0154fcea
0152fbf2
0a4eff14
ff40ff21
06cb04ac
04f400b2
fc180750
09e507e9
087cf971
015ff5a8
05350135
0401fa6e
043ffaa6
028901fe
06560094
051cff4e
fe700b78
044b0235
fd23f9c7
f6a30761
ffbbffa2
04c502a3
fecb0347
fce2fd20
01e6fbf0
fb90f612
05690569
052b026f
ff6dfdc7
0d240903
fe44042a
fa6c02ad
fe2a050c
fb50fce0
0601fe17
03f604c8
068bf99c
064b019e
00530ab6
0224ff32
fe11fca4
fba0fe2a
01e1016a
01c10035
f9a2ffa7
f981fca4
046d03ec
0c4e08bc
0205fa50
f9d3fed8
fa7bfed5
fec4f964
fdff0413
fadb01d4
03c4fa69
02aa00c1
01e7fe00
010ffcb9
ffb909f0
fc710a90
f9560654
fdec04fb
fa3c046a
0788fe24
01d1ff48
fe8d0077
0991f755
f6a40148
fe77fac2
046df4ea
fd8b01b1
0404ff43
ff85fda7
fb96ff6c
049fff09
0599fba4
fbf5071a
fd2c0835
fd44f8e5
0577f99d
fed1f885
fd6dfafc
08d0fb5e
faedfb72
00fefcd6
fd69fd9d
fc7307ac
04dbfea9
fdb1f7e1
046b0666
077d0743
0cc90185
020e01b1
fe38f985
0002f72a
f5ddfcae
037e01a1
00f7035f
fe8afe9b
fffaff28
fcf7f9d4
0803042f
fc480c2f
f8b3fe9c
01a2048a
f8cffca8
fbc2fb0d
fd1606cd
fbe5fffc
073e0464
043307e8
01630a35
0c430221
066cf965
f810047e
08840519
0b8d03db
f764ff15
fbf0f8a5
f9f4fc7b
01c600ae
0234ff32
f1c2f8f4
fdf6fcbe
04e4051f
07590b95
041a0183
00e6f9da
06c00402
0503fd55
fd47fd61
fefe0178
079ffd8f
fb9601a3
fd1c0606
0009096d
05f7ff13
0a8bfaf4
f68d0035
fa18ff34
f77aff20
fa38feff
05dc07b8
03660761
01470063
fd670726
04430232
fba1f446
fbcaf789
0a39fc70
08450119
fe920131
fb42f88a
ff500066
fa6b017d
fc78fbdc
fdfaff35
039b011b
fc4dfcab
f651f634
08aaf8a6
fceaf68e
f476fdb2
faa5fe27
00dafca3
050b017f
ffc2f7c9
005b009a
fb5803a1
f8910022
f2cf016a
fcaa006a
0646ff4c
f728fe12
fd3104e4
06e30110
049909cd
fed403a0
fb8afbc3
0073fd16
020af7b8
00d00e9f
fbaf0998
00f40500
0523032d
fd90fec0
00730cf6
fe28fe56
0029fc3c
01e4fecb
f4fb030a
01c3084e
0208fe83
f25af968
fa23f9d4
fb7503fc
fbc40388
fec90179
019cfb63
fa15fd9a
fcf2fe77
096ffd00
f9f70809
0182fc68
028efec2
f6d1024f
04b5fee9
00880175
fd68ffdc
f96bfddc
f822f42d
0123fe40
fceaff1d
042a0008
05b7094a
ff460212
ff7ffe50
fa98fd9c
fe5705a3
03100207
022bfadf
00fbfd45
fea7015f
fe7b026a
fe4c0095
fe890009
0157fb77
044908da
fbfa02c2
fe4ff655
01cefd79
f2fffb29
ffe3019c
05aefd85
fe96ff4b
062200b7
01f7fb0f
095a0b11
0406027f
fc54feef
047f093e
fbc101f9
0443046f
0bcd0272
02fd0150
03abfdc4
0363f954
024f0037
0029fdf7
02d7081f
086a03f2
fde5f894
f7fefe85
00c6f8d8
fb7500fb
f77101d2
0019fa94
0037fbcd
f95dff51
fb660114
05d1f69e
fe62018e
fd92fc10
0e18efdd
05f303e7
fefe0903
05350135
0401fa6e
043ffaa6
028901fe
06560094
051cff4e
fe700b78
044b0235
fd23f9c7
f6a30761
ffbbffa2
04c502a3
fecb0347
fce2fd20
01e6fbf0
fb90f612
05690569
052b026f
ff6dfdc7
0d240903
fe44042a
fa6c02ad
fe2a050c
fb50fce0
0601fe17
03f604c8
068bf99c
064b019e
00530ab6
0224ff32
fe11fca4
fba0fe2a
086afbd4
0443fd42
fcaff851
08e40398
089bfb62
0075fbb1
fdd3fffb
fa2df988
ff0afa58
030a06bd
fd7703c3
02a8fcbc
ffc501b0
fd3ffde9
ffc60252
f80a02a0
05aa005b
06b50739
f9310494
f8dafff6
fb85029e
03ec01de
fc9d03c2
fc8d0678
0314047c
005205f0
0605ffbc
060704fd
011f007a
012bfa2c
019c0473
fb52fd07
04000000
03e1fc33
ef33fedf
f7a30157
02c7f3ef
fc72fff6
f223faf5
fac1fb96
089e044f
fe41fa13
00ceffba
03a1ff91
00e7ff2d
06b50745
08e4fad4
08f3fccb
f98908f5
f5fbfc7d
056cf938
fb27fc35
f35e03b6
042fff9c
04cafa04
040c06f8
074d0000
fded08bb
01a30875
02befe37
04e403f6
0ed6fe58
05fd04b4
04deff56
0c12f958
0116001a
f99d04d3
fd230441
faee058f
02190653
081df715
fe2b0072
ffcffbf0
0ac2f1de
0ac10021
fb46fcb8
fb9402ed
047a067f
fd070158
00d80468
fe0afe70
fef5f9d3
08e603a5
fff10516
fdd2fb34
ffc9fb03
045bfe68
046a01af
0143ff82
0177fe3b
fa06fc01
009aff89
01690238
00c7faf6
03680398
0198fd66
087cfa58
fe8402b1
fad6fbe1
fa4e00b0
fba7fb99
060cf5d8
0420ff82
0d6e0308
059801ff
f6aafdb3
f8d2fea2
feebff5a
067afcc3
027a032c
01f6074d
fca30430
0040041c
0326026f
f9360484
f4ae09f3
f55e02c2
01adfcfc
fa8d02f5
02660434
071bff29
f7ebfd68
005f00b5
fa06fc74
f9aff68e
fcefff7a
06c5ff21
055402bf
f4c209d4
ff62fbfe
fa6bfd0f
035e01f8
fecb0228
faf40674
07e70058
f3a7fdf0
030d06b4
06220707
fde5f949
01a8002b
f5580a90
fec50291
fd6bfd9e
fcabfc0a
fd82fad0
fb7ffcff
021205f8
fde6001f
0039fab1
0760fdbe
0b47f738
017efcb6
fa18044f
fb54ff21
fbedfeab
011c04ea
f963f77a
f84bf619
021a03cc
ff70f898
fc00fd2c
fd70045f
ff32feb7
0252024b
fd0affb5
f9fd0150
fb4408d7
f8390316
0064fbf6
0482fc20
0289fbb0
ff71ffee
0340fe78
0520fdde
f6ebfd85
f91bf960
fc77005b
ff3a0199
00ce00ab
00e3fdb4
fc9b01b0
f33906ec
0375fe61
fe390173
03900058
0c98fc09
f953ffb1
01fc0475
fb1d0aae
fbcf065c
06bb0261
fb6f007c
fc6afb58
00a202e6
045801b9
03f9fd92
04580405
ff49f6e5
ffe1fd56
05ff046d
fe96fc30
01110805
0ac80362
0a55ff29
fd09f563
fdb6f672
007a0c8a
f634064a
f92200bc
03c800d6
0041ff25
f8670090
033c04c3
ff00fdf0
025cf8ee
046a042d
f60d0288
094f0016
02750287
f656063f
ff53fff1
01a1ffda
05560326
fc92fd3f
02d4fd2c
fd74f333
f26ff7d5
fddbff00
028c074d
fe7603fd
fa8ef849
04c9068d
01e2fee8
fda6006c
03ae0346
fc9bf57c
fc55fb60
042efcb4
0721fc13
03a40846
09c00934
070af820
fccdff0c
02470797
028e083a
05f60278
036dfa02
0289042c
0a84fb53
fab8fd9c
f6e00455
0276fed0
ffc2fb09
01a3feab
fb170941
f779f962
086afbd4
0443fd42
fcaff851
08e40398
089bfb62
0075fbb1
fdd3fffb
fa2df988
ff0afa58
030a06bd
fd7703c3
02a8fcbc
ffc501b0
fd3ffde9
ffc60252
f80a02a0
05aa005b
06b50739
f9310494
f8dafff6
fb85029e
03ec01de
fc9d03c2
fc8d0678
0314047c
005205f0
0605ffbc
060704fd
011f007a
012bfa2c
019c0473
fb52fd07
0216fd16
ff9ffd11
fb370028
01190057
fbc2075f
0afd05f6
0bafffac
fb43fd75
fe66002b
03d3fddf
ff9cf79b
017400b0
ff98fb7f
f548fb17
febd03c3
05b000b1
07a80261
01e400a0
f590feb3
0261fe35
032800b0
fb5dfbd2
04760042
01ae05df
ffd1fa40
0190fda0
fd60fe29
fde8fb62
ff29f8d1
01c7fddf
fbb4fe8c
fb3ef8ea
040004f3
0020012c
f98bfe70
f9c9f695
0154f726
00e404dc
fffaff36
026304ec
068efdce
0666fb1e
fe6301a9
03a7fca3
ff9c0680
fefe074f
f9bc069f
f80d09d7
03a1054f
f7540578
ffadffcf
020b00cf
05c80981
0c2800c8
fab0fd2f
0589f8ab
0101f506
fb3b00b2
fa79fd61
f50cfd08
01b6fc5d
01c8f92e
0d6afaa2
0bf80086
ff540754
0459f8ba
021600a6
00b50288
00acfd51
fe6705b7
fda5f688
06c5fe46
05220255
00bbfa1f
0558ff21
f5e2fe71
f9f901d1
077105b0
ffdc0b99
03ae0079
0058fe38
fcc0072e
0300fc12
fc30f9de
0416fb36
0a11005f
fcb8fe96
fc02ff67
fd920f4c
053d0546
05a2ff13
f9b20299
0619fdc4
07d9026f
fdcdfcff
0079fd0c
fde10712
05670384
060a0649
fe2907e6
02db023f
fd6d05a0
fc6209ef
027d03df
00e3fb0b
03e0fd23
019efde5
fa17fc6d
fbb4ffc1
fb3c005e
ff2e02d7
0877fcbf
0151f8ec
02370718
046702a8
fcfff6d7
ff6801b8
fe490445
0275feeb
ffbbff1e
f9aef9c0
f9f0f7b4
f498f53a
fee2f9fd
007108a7
fb120367
04b5fbc2
015bfcdc
f56e0016
f96e0612
fdb50597
fcdd03dd
05dbf64f
0166fabb
fc3705a5
068dfce6
05b30836
fdcffec9
ffd1f5ba
00ef0202
fbd1fe0c
ffad00a5
0442fffe
063e048a
fc580473
f69eff19
fd6001f5
f62bfa62
fd9bfb0b
042900d9
00f4fe7e
040ffbd4
02f402d9
054702db
fca40306
fba5ffcd
05e5fb4d
fe70056b
f6c9fd02
f9a0fe94
fc00fde1
fd2202c8
f7ed09bd
f5b6f5cb
fc63fada
fdf400ba
099d0986
05d6fe4d
f367fa44
fc4a07bb
08d9f643
08170717
fffb056e
00bbfb09
0305026d
f97ffb9f
f38bf9dd
0232f6bc
09c505ed
fa6d027d
ff4cff0f
004604f8
feab01b6
ff10009c
f1c3ffc0
022f0989
0da2fc87
fe600199
fb1704e7
01a2fb3f
ff8107f7
fc55ffc9
00acfe54
fd4f018c
fa42ff1f
0469f92d
0473f5a2
fb71f987
fc3bf8d1
f4490379
ff9aff4a
0ac3f86b
fa930261
fc170916
fdd704ec
026dff2a
fb770050
f11b01a7
fba8009c
0314f9f0
05e9ffa0
fb850406
036cffdf
0110fe31
f988fa94
0817fb29
fd2dfbf2
04540272
0ff2fa70
feaff657
00fe08d6
086003b6
fb0bfa52
0056ff89
04f3fe96
f83600fd
fd6304d1
fd7b0281
0401ffd0
03680024
fba40693
066502b7
01fd02e3
fb3d060f
fd12fd5d
009306b2
017c0758
0756038a
06af0baa
02ca087f
01db0240
fa4dfda6
0425ff26
006bfaef
fe900398
05090d3c
fd23ffb0
fb00fdcb
0511fdd2
0bfbff9b
f67100da
0205f955
069cfeae
f64600c4
0a1afadd
0562fdb7
0216fd16
ff9ffd11
fb370028
01190057
fbc2075f
0afd05f6
0bafffac
fb43fd75
fe66002b
03d3fddf
ff9cf79b
017400b0
ff98fb7f
f548fb17
febd03c3
05b000b1
07a80261
01e400a0
f590feb3
0261fe35
032800b0
fb5dfbd2
04760042
01ae05df
ffd1fa40
0190fda0
fd60fe29
fde8fb62
ff29f8d1
01c7fddf
fbb4fe8c
fb3ef8ea
ff1ff92c
01f7fdb2
0498fea1
fe0e00af
fd80fba3
06a70110
fac30a03
03bb0727
0829ff65
036bfbfd
033cf42a
f7ebfa49
ff660c02
087cfc33
09defd99
03a9028d
fb28fa9c
ff09fcb6
0285fe8a
060e0203
02fdffb7
ff760c25
02dafcf0
0196fc2f
fbf108e4
fd6efa1d
ffbd0458
f9e6fc60
fe0204df
fad2021a
f833f4a9
08e5038e
034bfbc2
fe9d04dd
08f7ff7e
015efd06
fef500f8
037dfac1
fe550690
01f2feb6
0485f8c6
f848fb9c
fa630323
ffdffb9e
0408fc86
09421030
fc9501a1
0259f714
0743fc5c
019803c7
0839016d
060cf8aa
0283ffaa
f80d097d
fcdd05a3
04f4fe48
f7d5fe01
fd5ef8df
0669ff2d
01f6010a
ff65fe65
00ab0224
fb0df915
015cfb44
06b5042c
f7fffbba
f9e7f7db
fc0f0278
007cf8b0
fffcf56e
f921fd1a
074efabd
017d0561
fdda06ab
072e0503
fd34fe19
f98afefb
000a0605
0453fe13
0014008f
0049f774
0233f9f5
fb9b032d
ff1cfcf0
fd440035
02ab00cd
08bafeef
ff36ff94
05d9061f
01820145
0369fb35
072b030b
008703cd
0ab702ca
002706ac
08830840
0a9bfe96
f6770042
029207e4
0086fd34
ff91fd0d
00970a5f
fae2096d
030902d6
06bdfd20
0486fc1c
02cb0203
ff2ef790
f9e7fd96
02ff049a
0098fc48
fc9e0b9f
ffcf0271
f8f6f926
fa85047c
f9550286
fbe70539
fdf20222
04cffd9f
002ffd99
f357039f
fc1a01c5
faeff57c
0084faa9
ff2c00a6
fbf40487
01f2030f
fb27fd8f
ff77012c
ff05fdb0
fa47fdcc
f9e00302
fd9df8cc
ffbdf679
01a901b6
0590fdc3
f945fed5
f91e0718
029c01c6
07cd02e3
0a0d054e
fdf50a01
f76d0f0e
fb38fe59
fb9af3aa
0426fdd5
04f70508
fd8bfdcb
012cfc0d
f7620108
fef8fd03
0837fe0d
fab4fd67
fcaf00ac
f97403e6
fc68f6d8
00dffc38
f96d0abd
fac001a7
0364fc30
025d0b50
fcf20c94
08d2fe63
0835f785
0432f8dd
034dfaec
fce5fb7e
fea40186
fd39fcb0
fc47fdac
ff75030c
047bfe2d
0201fe2e
0111fdad
ffda052a
fdc5ff10
fccf000e
fd5f03eb
027cfd3f
f894095f
03f0fcc1
0832fea4
fd1004ed
0533f110
0008f50d
fd62fb04
fc93fb7d
ffcffbfb
fe82042e
01c20217
0a09ff48
f9490085
f50df62c
f7540255
002a0221
034bfdbc
fd520302
03bdf8b8
fc08f803
f4800615
f8bd05e9
025cf88a
fdfd054a
f86f0485
01a0fc80
fd5503d5
fd51fb9c
0290000a
007900d2
08e1004e
02f70789
f37e0616
01f70476
03cdfe01
feeeff39
0120fd57
0231fac3
14f4feeb
0569fedd
fc0602fa
ffad0525
f32102dc
ff33fd2c
f8a40330
fb0d05a8
0315f9ee
f7230221
fe01feb4
f85df406
fa96ff6d
020905a2
fbcefe3f
072cf2ed
029e0301
fc2c0a2b
0663fbbd
ff7307e4
fd720803
ff4701cf
03aa0871
0a4303f9
01f10083
039a0391
06210410
064200f5
04bfffe6
fabf0115
f97400f8
ff7cfc7f
02950018
ff8ffe40
0147fbc7
ffd807b6
04a0058c
041c0286
f864fd08
ff1ff92c
01f7fdb2
0498fea1
fe0e00af
fd80fba3
06a70110
fac30a03
03bb0727
0829ff65
036bfbfd
033cf42a
f7ebfa49
ff660c02
087cfc33
09defd99
03a9028d
fb28fa9c
ff09fcb6
0285fe8a
060e0203
02fdffb7
ff760c25
02dafcf0
0196fc2f
fbf108e4
fd6efa1d
ffbd0458
f9e6fc60
fe0204df
fad2021a
f833f4a9
08e5038e
093aff9f
043dfe49
03050bec
fe6a0ae6
014c02e5
0c2ff4e5
0009fd8c
ff93ff98
0d62ff3e
08ac06b8
037ef69a
0803fc43
fa900a41
faf701d7
0248002a
fc340384
fa2c00de
01eb0549
02bb09bf
fa3803ab
0a020643
0b51fc9e
fa3ff9ad
03ae0647
0ec7f983
f9eef97a
fdb5fe54
0f5ffdb2
fc250486
03eefbcd
fdf3f611
f906f6d5
0d310389
fcc9067b
fbfdf8cc
04c2ff5c
feb4fec9
fae6feb4
feba031a
0561fdf0
0c0bfe9a
0658f7f0
fbfdfd35
052f0709
05050112
03ca0267
fa00033a
fb5c06bc
05b008f4
fcc6012d
047801a9
09c6fe6f
096ffecb
01670598
ff86fed9
00eb013f
026a02f1
0906fc2a
f856fd9e
facef7ec
fb8cfb7d
faa10032
02abf9cc
fee7ffc1
01ac0135
fa3f00bd
fcbefec3
fef3f97b
fc2f00c2
fdb4fe40
fed6fb9f
0353039a
fb8e029f
ff25feb4
042dfc81
fdb8023f
f95d0a2a
fcb40536
0135fe9d
fcbcffa5
fd860430
fda90315
fadbff08
fc93012f
011a02a6
01d20453
011903fe
ff0b024e
fe19ff55
00f9f550
f9df01e6
f8f30865
022af515
0762fe0a
069b0533
0106fe12
0000fbc2
0115f5fb
fc4bfead
ffb20292
012e0566
f6450a23
0207040d
01e601c0
f2cef736
0053f5ce
03bafbdb
fe94fc10
05740027
0487fe1e
02000265
063202c0
00fffd6b
04880290
0d2f042f
057100c6
fe0c036c
f9e60bb5
016affc5
015ef569
fe03032a
01a0ff54
00b4f5e0
0013fe61
fcef008d
0418ff5f
fb410284
0019fe17
0a92049f
f87a0984
025ffd03
0345ff9e
fabcfb5c
0030f5de
fe3400a5
fdb3035c
fadd0889
f91a0609
fe470132
0407ff19
fe8af935
fe41fd1a
fdfc01b2
fe680276
0300f7b8
00cff40c
0187fb2f
f9af00ef
f8fd07a2
fac40437
ffd20851
007a015c
fbd9fc43
06a40329
fc3dfca0
fa4c0625
ffb600fb
ff83fc74
00f40379
fa70fc92
03c70931
fcc10737
fb170028
0580ff63
044cfec6
066e05e5
fc34fa54
f74301bd
f6cb028b
fe0ff720
08f8fef6
0536fcad
01d7fe4b
00a8f4a2
017df960
fbe3101e
fb24061e
00aeffb7
0814feab
094afb59
fe910074
00ff002b
035efd58
044fff00
fc16ffe5
fa1afb00
038cfda1
fbec0193
04150200
fe8901a0
f7acfee6
fac1ff79
f3040035
0067ff77
fa97f6c8
faa3fc6a
008b0499
f9abfcae
fd400562
fc1f039f
0633fb9a
0132fdc1
01fcfb14
027d0476
fde001ad
0d85fb60
02140805
fc9807dc
ffa60066
ff1907aa
04110786
04d8f7f0
f811fa6e
f39c03e2
09e201c8
fa21ff4f
f79f00e5
02af0744
f57704bf
ff55ffef
fe4dfe91
fbf6fd69
011d00a6
04ba00fa
087cfd2c
fe34fa1f
f8e10331
fece040a
fb12f718
fac8fc85
02450662
f9ba0777
005b01a5
04acf851
02d4fe39
01a30798
f809fed7
fb7af965
f6a2fbe8
fe3df90b
03d501a7
033a0140
021df816
01d1fad1
05ca0004
f97f07f0
051afd37
f98efd02
f7d50400
069ef4b2
feb0f907
0cbb0047
fbce0677
fca50306
041efa04
faf707c0
093aff9f
043dfe49
03050bec
fe6a0ae6
014c02e5
0c2ff4e5
0009fd8c
ff93ff98
0d62ff3e
08ac06b8
037ef69a
0803fc43
fa900a41
faf701d7
0248002a
fc340384
fa2c00de
01eb0549
02bb09bf
fa3803ab
0a020643
0b51fc9e
fa3ff9ad
03ae0647
0ec7f983
f9eef97a
fdb5fe54
0f5ffdb2
fc250486
03eefbcd
fdf3f611
f906f6d5
faf7fbea
080802bc
f8d90277
00480337
0392fa69
fe8ffebe
08170f57
fbe9fc90
0c0eff50
092ffd75
f7910414
0b7e0af2
01bdfe2b
fa6e03c3
029dff15
fe1a0118
fecb0009
008affcc
0364fd39
05e3f6a8
05b3089c
044e0773
0009023e
fbe8fffe
ffdefc1d
fce507f8
f43cfe95
fbbff919
ffd607f0
00110194
00e5fe80
f873064c
fa1a016a
0298009b
006001a4
fbe1fcd9
feb6fd87
fd7e0293
fc420418
068307ad
07ea03b4
0428fc9e
0382074b
fd4e0909
fe2ffc2c
04d7f6b8
0471ffc1
04f7032d
08d9fafe
044b0081
feee0195
fd97f8dc
0147fb53
0559ff08
03cefe7a
046c020b
ff4fff31
040bfea7
0741ffb3
fc0df9e5
f80ffa65
f8def58a
01d0fe8f
ff470783
fcf706ea
024b0588
03ddfd34
08ba0662
033bfbda
0028f9ad
fb49032e
00adfaf4
00bffe74
f84af2d1
076cf8ac
074d0099
0b02fbfc
0b2906b9
fd51fd23
0316fb1d
04dc0232
ff0afae5
f97a009b
fec10ab7
02d601d4
005e0077
055f0654
05e8ff9b
00c2fb05
fd9a0275
fa5307a4
fa4afc79
08ef0650
040f055f
f4dcf6de
faf6078c
f83900b5
f193fa67
f1810215
fe43fea4
0874ff1a
fb99f6db
01bff902
071efe9d
f9edfeab
07e205cc
0680f8ea
fbbaf47e
091104f4
fedd02b2
fb3b04d5
039f042d
fe640025
f95b0077
f689f95f
fbf70092
02b2fd3d
03ab0445
fa5b08d4
ff6af9be
fc7df9be
f5b8f862
0c2a07de
0610001d
fab9f78f
04e00467
0be4f880
050cfe5c
f84f06ea
fa760a4a
fbd900b7
006bf975
fe60054a
fdb5024b
0465051d
00bbfe5d
fe7bfdce
fef50196
ff1cfa8d
f9cb03a5
f9550478
fffd0171
075effa7
0405fc38
f9cbfdf7
f8400739
fd4009ca
0338fe1b
fcfd0059
fd7c026e
fb9cff91
fa8e0226
02800330
ffd70329
ff500387
ffd5032e
0443fd47
05b5ff93
097cffcf
fdeafdf3
f92c016a
05c2fe18
f74a0839
0384050c
0635f624
fbddff87
073500ff
00d2025d
02700541
0052ff3d
f91302d4
f9e402d2
ffbd016e
ffa1fc57
ffe7fad5
01d90794
f965055a
0303ff3e
02bf0371
00650122
01abfec7
fda00203
fefdfbc6
fa53f250
ff34fc45
f7880526
fd24fbd4
0c9cf7c4
fe37fa90
f61efc1d
fa8d0077
fa730128
f64ffbea
faef003d
f82804c4
faf9fc2a
019efea8
fce4fe3b
0690f921
00da02eb
fa600341
001dfc48
fbf1fe43
032d056e
059cfa6b
0196fe42
01c80d3d
fac5fde6
ffbaffce
03f1f606
fba8f431
fcf50686
ff6efc51
fc2904d0
f47707d9
fe12fddd
0a88f932
060bff05
03a906de
fb310407
039a09d9
07190282
01000493
0329fd22
fb0df6cf
0783009c
06fcf8da
fb52fde2
00cffbb7
0122ffef
021f03b1
0033fb72
0161ff34
fbff0486
f8b00781
01c8ff53
0a4c0069
0b12fc4e
fd0cfdbf
fbb7fd05
07daf433
0436ffad
f736ff2d
ff860003
02600240
f26a0429
fb05fdb2
050bfc29
02a80650
03a4fe8f
fe2bff33
0017fef3
0358021c
fee0fa39
051ffbc6
fc280702
faf7fbea
080802bc
f8d90277
00480337
0392fa69
fe8ffebe
08170f57
fbe9fc90
0c0eff50
092ffd75
f7910414
0b7e0af2
01bdfe2b
fa6e03c3
029dff15
fe1a0118
fecb0009
008affcc
0364fd39
05e3f6a8
05b3089c
044e0773
0009023e
fbe8fffe
ffdefc1d
fce507f8
f43cfe95
fbbff919
ffd607f0
00110194
00e5fe80
f873064c
fd96fe00
04d5f819
061c07a5
070bff85
fbadfbc6
07b0007d
0474f602
f76c0087
05b30996
ff9cfee9
01e1fc46
02acfd24
013cfbeb
00cafec2
01cf00a5
0c69fd2d
fed0fbfe
fcea08b1
fd0affbc
00e6f1f5
072df778
ff8ffae3
021c013d
0319f734
0880ff86
07a109e6
0270fbc5
f70af7f2
fb0df968
05070870
fb5e0594
04de0536
ffc20712
0194fa69
07c000d2
fe190113
022e0185
f7bb0311
fe230400
049dfd79
faf1016a
031b08bf
03c4fe0a
fdfe03c0
fb7ffb92
f922fe01
00630395
0bedfc4e
01f7fc15
f62efe12
ff3e0f2f
06ee066c
041408d4
009f0581
03a2f720
fbd3051f
fbd8f89a
06c7fa37
fe980664
fda201e1
022d04fb
0510071f
0911ffd4
01c1fa83
ff96fe00
fd7ffa23
fd7bfcb3
fec8fd70
fe3100e5
ff9807d2
f99305bd
08700459
0cff0019
00d1fdc4
00acfd2e
f7b809fc
04540bf2
0635fd7e
fcd5fae1
04af0212
fa8effc2
fc32f559
0000ff17
fd49fdb3
fe6efe2c
fbb30401
0192fbd0
04f8fac1
0221fa92
fc800288
00f7fdb9
fc250000
f7920768
07070041
ffe3018b
fe51fda7
fe9605a8
f4940073
02a1fa0a
017f0914
fde802d2
0131febe
fafa017d
0734050d
ff5c07e5
f813fab0
0884f748
fb68fcfa
f80ef037
032bf094
fffc0573
02d4012a
02d2fd63
fd8502ae
f93ff8b6
fe66f9ec
093bff7f
07ca0232
00fd05e9
03e20145
051dff1e
f7a9fdae
f81904cd
03fd04e6
ff30018e
ff3007ff
06d6006b
013906f8
f9ee0200
fddcfdb3
03db034a
0025f29e
01540266
02e7ffb3
fcf0f980
fd7d09ad
f4fbfd16
fb12fc36
0a6dfbb3
ffe5ff8e
fbe3048c
00e6019c
01af036d
fd79fde0
fef2fa98
03eafb21
010bfe83
01b2fa1b
003b034d
00a90649
03b0fc8d
03c00127
fc2700c7
fdf0034e
06f1fe7e
fa52ff10
fae1fb78
0a43f8c2
05f10331
fdb901f7
031209e6
fe0cff09
fb4ff829
095200a3
05d3fbdc
fe5aff48
ffde00e8
017c0217
f99efd95
feae0068
001105a5
ee15ff94
fad7ff4f
f9e0f983
f81a0202
00520d77
f847fcd9
06e1f7b4
04b6042f
f76b043a
fa5503d2
fb2302a7
fb5bff85
f91a0062
f2a401dc
f5ac03d1
ff65f808
0053f64c
04c900cb
005a0029
0125fd24
0075fe5b
f7ee0200
fea401b7
ff63060f
036602bb
f9530436
f7b80baf
070ffdd6
fffdfd58
0253095f
02d6041a
fcedf856
0258fc42
0066041e
fc85fea8
0765f805
0674fbd3
ff3406d4
01e0035e
fe10fcc5
03c90171
048b0394
01b2fa0c
fb19f96f
f5310336
fd90faa5
fbdef8d9
fd8dfc33
fd2bfc8e
0196030a
02310049
fd31feac
05f50247
043e05a8
063004cd
04db01a2
fc89f9cd
fb3a022e
03ab09c9
0797f8df
fee805a8
02150540
ff80fb28
fced09e4
fa79058e
f6cb0a0a
01db054b
fe150056
fd270344
0b6cfb8a
036c048b
0097fc29
0d1efa8c
03a3fcfe
0339f6a5
064702c1
fa4602df
fcbffff0
0025f5db
fa29faf0
f8760557
01cdff03
053a064f
fd9efbf8
f6d5fbcb
fd96fe00
04d5f819
061c07a5
070bff85
fbadfbc6
07b0007d
0474f602
f76c0087
05b30996
ff9cfee9
01e1fc46
02acfd24
013cfbeb
00cafec2
01cf00a5
0c69fd2d
fed0fbfe
fcea08b1
fd0affbc
00e6f1f5
072df778
ff8ffae3
021c013d
0319f734
0880ff86
07a109e6
0270fbc5
f70af7f2
fb0df968
05070870
fb5e0594
04de0536
021f033e
00b0f8eb
00eafe92
03befeff
f9a500eb
ff5800fd
fd01fb0b
fb8e007f
02d1ff15
f994fbf7
ffd10452
fb490d05
faf2fd44
fb89004e
fa370c67
02f3fcae
005efb2e
080e0430
000205ee
0571fb8f
0acef947
f9f2fcf4
fd7dfee9
fafb05f9
0575013b
027cfe6c
f8fefd0e
05910182
003afbe2
ffccfafa
fd1406ce
036bfe1d
083e0389
f8dffe42
0052fd51
fe9504ca
f430f872
00a9fe84
0930f859
02d2ff50
05940bde
04c0fe05
f956f9d0
037ef6b2
fff6fb17
f8f3ffbb
fb8d088a
fabb08a3
0a00fc76
feafff47
ffa1f9e9
0cf2fb23
03b803ae
09ef0636
fe260695
fe4e00b3
093a0192
fd990238
03f40314
07990079
0646f523
086efe36
fbdb0aee
fb5dffc6
021f03d4
faa40b01
fdf2fffc
fcb4fca5
fbb1fa8d
ffbc0402
fc070575
08b4ff54
02c302c4
fb5dfbde
01dd03ac
ffeaff69
0241f52b
021cfec8
09a4fe18
069801e2
0471ffb6
072701e6
067806cc
0480fa47
f46eff7c
ff22054f
06f300b0
006a045e
04ac0249
fecdfe01
fab9034f
003b00c1
092cf880
071afcec
ff1cff02
0117fc91
02d4ff4b
fb86fe59
fdd6fb56
fee50430
ffc20b81
03f1ffa9
f259f9ce
f744fdd0
fdb8f8ec
f8f7f788
007dfd90
fd21ff19
0226fe66
ffcfff63
fc05fe91
ff3f0005
fd9f02fe
ff34fc06
fd87fc6e
04720316
088bf90e
fcb2fd84
fe7c02c1
087cf745
fa53fe0a
fc4104eb
03160624
f9ebffb8
fd94ff5c
ff940af5
089b02e9
022d05d6
fc77053e
ff5efb74
f526ffbe
fc09fe27
00e2ffc8
039102ba
03070688
ff9fff06
0267fb51
ff640270
fbfdfc82
05790745
080c065f
f81dfd09
ffd5078a
04b703f8
fe640068
fa050579
f94b0465
02eff964
007bf214
fce9f895
f6090169
fe4b0761
013e0c6f
fe4d0722
031bf94f
f6a1fee0
fad7fd86
015cf7d9
0038007b
f220f8e9
f4eefde1
016507cd
f69a0065
ff99fd92
fdcffd7a
ff3403e8
03ba069d
fff300ec
ff53fc38
f92cfa66
ffd2012c
ff280599
0339fdcb
0085fb89
fb210311
fbbd0040
f93efa4c
0595fe48
06b1ffe5
024efdef
02b0ff4a
039ef6df
00ddf656
06b1028b
0668fd7e
fc99fb39
ff3efc3e
f83eff50
fe3f040e
01d2fd98
ff4203f6
ffc50631
fc7701d4
fce50448
f479046b
fcf4ff6f
fda8fc88
fa780131
002ffa8c
fa74ff0c
fdadfed7
0629faf2
06ce0d09
fd9706dd
fee2012f
0337fd60
0621fef2
fbce145f
f45101e0
082af4e1
08aa0506
01defc6e
feeff722
00a0030c
ff47fd6e
0001fbbd
099a05b5
fe36ff7d
fbbeff6a
fb14ff2e
fdb8fde9
073d0cad
010a0525
fc5efa43
02d407c7
0cfb021d
0b43f9ca
0a4bfc28
ff0ff5d4
fd650274
063b00f7
fd10f8f5
030a02ff
00e2f9a4
fd7ffa3f
02a3fecc
01db05c4
06bb0afa
fac50029
fd2dfe25
07a0fdc4
fdaf08b4
ffe7fe14
f9abff5b
f7171107
002cf968
fbb5fd34
040f0278
0303f88d
fc95fee4
003cfd1f
0128f854
0741fea8
fe590e5b
fc3efe13
0213f90c
021f033e
00b0f8eb
00eafe92
03befeff
f9a500eb
ff5800fd
fd01fb0b
fb8e007f
02d1ff15
f994fbf7
ffd10452
fb490d05
faf2fd44
fb89004e
fa370c67
02f3fcae
005efb2e
080e0430
000205ee
0571fb8f
0acef947
f9f2fcf4
fd7dfee9
fafb05f9
0575013b
027cfe6c
f8fefd0e
05910182
003afbe2
ffccfafa
fd1406ce
036bfe1d
0009fcf7
0234f592
01b2001e
ff3cfe96
f79ef883
01af0306
01c6fd83
f938ff28
09a4098f
0a4a05ca
03bd042a
03be03d6
fb31fd17
fe960260
021d0290
ffcaf70e
0bcefc8a
078f0cf4
f98c0794
00bdfad5
00ba007f
fe94f97d
f63ef622
f93bfed7
0e53fedf
060aff18
013901d4
04760454
fe05ff00
fa3e05a3
00fa02fe
0802fa8e
fe58065d
fcc000dd
fe4af987
ff32fe90
fba2fe08
fd49f8cd
04cffc3e
0026ff52
08d4fb45
085d0447
01a80239
fdd8fbc9
fab107cb
025d06c0
0265fc9b
06580391
053304d1
ff75f86e
fa77fc1b
fe750141
05820171
01ee0721
09c7fa55
05f5f3e4
05d6f90a
0590f729
fa610027
0387f92b
02e5fceb
febb061e
02ddfaff
fde306e3
01090261
0dacfd28
079d009c
ff89fd20
008b0127
feaefaee
ffce0702
fcbe03ac
0417fac8
00ba0235
fd51fd4b
05a00227
fda1020c
0279feaa
00a401a2
fd4605de
f99300b0
f8c7018a
088a0477
0093f9ee
fedefb07
fd95fec8
0166040d
0816fa52
f6070174
f7c30efa
fcbf02e2
faa6054a
f9a3fccc
fc0efe19
00750176
ff58fde5
038905a8
fe1dfaec
ff8af4a4
02ecfdca
01af0118
ffa2f8f9
f4cb0646
fdcc0e07
fdc60536
f7af0b90
005c09b7
fa8907cd
008a02e4
0491fac6
feeaf82b
07270511
fdac097c
fa47fb1d
0257023b
fd7a056f
fc73fdb2
f865fbd3
ff950546
07630244
fd29fa92
fe6effd3
0565f996
01c2fccc
ff78fec5
013d03ab
fe200653
ff4efd80
0161fbf7
01e3fde5
03e004f3
072afc0b
09defd8f
fd6dfdd4
fca2f7c6
02b704ac
fc3afc3c
fb55f63e
0261fdbb
fdd9fc60
f26ff798
0691faae
08a00366
f7d20426
faf40076
fb3ffb0a
003cfdd7
f8bd011a
fb71017b
05a3ff3a
0341f945
009eff12
f81209d6
fcef0542
02ecfb24
0b15049c
ff7708d2
f8d3045d
0a05fb84
ff07f012
fed4ff4b
02f1ffaf
03b4fc5e
002e0502
fc78f934
0dd5ffd7
05beffb1
fd1f00ee
ff5610ac
fc06fe4d
f978ff33
fbf80605
ffc60098
f6d80381
fa580293
fe0108ec
020bfd04
03cbfeb1
fd2eff7f
feb4f586
f84808e6
fbad03f8
fde3f701
fd86f6fb
0698fa6e
fc580185
f8dcfe85
00bafc3d
fd8efda2
03b4fa3a
01daf9d7
f610017e
0061f961
0227fe7e
fba80270
ff9c0604
02ef0de5
02c9f363
fc1efbd6
fd4906b6
fe870866
00ea0e91
fefcfabd
fbc5fc4b
045f010d
044d04a9
09c2fed9
01920130
f72f0250
02fcf7d0
01a20348
0018f8b1
02330245
0032097f
fffdfd1a
018f077c
026801d7
01c40176
0189032c
ffd0fd38
f82cf99e
f5a0ff71
024703a2
fb08faea
fc7705a8
06df02db
fadaf804
faae01f6
f1f1fc36
f9cefdfd
077a049f
fcadfbb2
028c07d0
fe1d05c5
ffeffbc6
07500265
fabefb48
01b8fdff
07c103a7
ffc40288
0392fa58
021bfaa3
fcd6ff08
01ebfd5d
01360a58
0100fef3
035afe90
02110917
fd3d05f6
faf20656
071bf892
0821fe7d
fe29feca
fe09fb68
fd85047a
fb7d0238
0009fcf7
0234f592
01b2001e
ff3cfe96
f79ef883
01af0306
01c6fd83
f938ff28
09a4098f
0a4a05ca
03bd042a
03be03d6
fb31fd17
fe960260
021d0290
ffcaf70e
0bcefc8a
078f0cf4
f98c0794
00bdfad5
00ba007f
fe94f97d
f63ef622
f93bfed7
0e53fedf
060aff18
013901d4
04760454
fe05ff00
fa3e05a3
00fa02fe
0802fa8e
0216fb80
fb63f518
047802b2
fb98ff84
f7dd0171
fd0601ca
fcf2f8ca
0078ffe4
028d024a
038e0577
f9ff060c
ff44ff71
03f7fdf9
03350157
fe44fa8b
f8faf58a
070b020d
03f808e8
003e0304
0714fdde
0208fc15
00b3ffaf
00c30532
00cdfc13
05c3f98c
00ed0121
05fd011c
0b2a0180
f6ebf9d0
f96af832
01ad0414
fd2a04b3
061ff8ee
05acf5d3
ff6ffcb6
0550fd1a
0dbbfcbf
0902062b
feaa0449
f9b1fcbe
feda04bd
01f0fbd8
fae1fb6e
ff520665
01acf9e0
0421fc66
062c02e2
fb6004d6
fded07da
004afef4
fc9bfbcc
05240369
01f402d4
f76f02d7
fc0808b6
0165fbee
030afede
01ef02ab
03cbfdda
03b00620
ff010246
fff20363
fc97f57c
0795f9ad
0bfc08be
fc42f80d
f8350043
f7310134
0557feed
08ce0561
fe16ff96
09c700aa
0a22fbcf
007b041d
ff830d54
ffa304b5
026002af
06880344
0485003a
02ebfa86
0959f530
0457fda5
002c01cb
0099f88a
000a0038
06fffe07
0392fa7f
05c3008f
04cbfa28
fd1e0a6a
031205a3
ff83f5f0
f86e01b7
f282fc4b
f92efd55
fbfaf9f2
f4b0fc77
fbc70d11
fb9b0400
06f90363
02610328
fb39fd70
0b45000a
fe100465
fad6039d
fbd5fa7e
f71f0376
ffc406af
0320fe1a
01bcfcf3
004a01d4
03e3ff16
f6cdf73c
f9e90262
058ff7f6
fb4bf6c2
fd98067a
fdc0ffe9
fec90e43
00090d11
ff91f7b1
026efbd3
fc590757
fb4200a6
f8a9f5bf
f488ffc6
fe0f01a1
ff7501e8
f56e0480
ff9efaa6
0149fcf1
f5f6ff55
fc3dfc25
0228ff0c
0492ffe9
022efcfc
ffbcf4bf
fe03faf4
ff2b06a8
028afb3d
01c0fe4d
ff2b02f8
f622fc89
00610712
037107f3
f9d305c7
0686000e
0775fa20
fed7fe63
01f4f938
0587fd58
fd3a020b
f80efcb3
00d4fee0
05980089
0565ff40
03f40001
0589fd9f
0320019f
fbac05c3
ff890712
086105b6
041cfaf8
fb1f066f
005908b4
fe4dff35
f270ff94
f8adfdc0
fcae069b
f7f8fdc2
fc8006bc
026304b5
036eef40
fc8b02b3
fdb20283
03cd029d
033f0152
fde7fe87
f6ca07da
0549fa28
03e402e4
f963017e
04ecf76a
030a01eb
06c7f89a
07d7fc45
00820c3a
043b08d3
fe4ffff0
fbc9faef
00d0fbfd
fb43fd1e
ff54ffbe
0352ffbb
f989fda3
054a030e
03befe34
f6dcfdfe
0064ff5f
00ebfac1
033d01fc
02250282
f876ff5f
fcdff8c7
06da0144
fc2d0121
f67bf47a
fda502ab
fd2400d0
0628ff7c
fd56fd0f
fd16fde8
ff12059b
f795fcaa
055b046f
00c402a3
010cfb74
059ffc0f
074a048c
0198ff07
fb55fadf
06680cd9
ff38fafe
fb4dfda6
f78400b5
f83cf663
fe1907c0
014703ed
fdadffff
f82dfcc5
fe97fc56
f43afee1
054a01df
0a040bc8
fe6801f1
03cbfd9c
f8d501ed
0245fb42
01dafb02
0002007c
025ff9f0
042eff08
02b80372
f88d007f
07e606d5
0087fe40
fac9fcf2
fb1903d7
fe4508b2
0a2506a1
000c03ba
065d01e8
0b66fb03
043c0910
f69f058b
fa7bfe4e
0216fb80
fb63f518
047802b2
fb98ff84
f7dd0171
fd0601ca
fcf2f8ca
0078ffe4
028d024a
038e0577
f9ff060c
ff44ff71
03f7fdf9
03350157
fe44fa8b
f8faf58a
070b020d
03f808e8
003e0304
0714fdde
0208fc15
00b3ffaf
00c30532
00cdfc13
05c3f98c
00ed0121
05fd011c
0b2a0180
f6ebf9d0
f96af832
01ad0414
fd2a04b3
fd4bf884
02da00be
fa820b7c
f6600521
fdfbfd08
02b6ff6a
fa2cfd0b
fe490219
02f20013
ff14f498
ff1d00d5
00230301
04c3f8b8
04ff0087
00ae01d1
fd09fa99
03820697
08d80066
0684f38e
fe8702af
fe0d00c4
0a02fec4
03a800d6
066bfbec
08b4fb76
fb80fc72
038405c5
038205b9
fa430742
042c05e6
082207e3
fd430388
fceef291
028dff9d
01b7ff48
febdfdd0
03180a1d
05f50674
f9ec0656
00a0042f
0fd20386
04560439
f9acff47
ff38fabc
02c1fca0
0217fb2a
0545fca2
06fbfb04
fdf4fd76
f8d60c0f
fc7eff6d
f76804f5
01060361
067cf4b7
ffd20247
06b3fee6
fcd20624
fed1ffd0
0667f5ab
fce4ff90
fd30ff65
01010060
0232fe18
fc180cda
fe1f10e6
fe3b083b
01490383
055a0078
fa910312
fe8afdcb
01910139
00cdfa87
035ffe4e
007105da
fc04f9aa
fdb6fc17
032efcfd
0207fc0b
fbd3fcde
fc70fb2b
07d10024
fb27065a
f742011c
fc0800d6
f744004e
0564f53f
ff360224
fda00984
fe2efda1
ff39f8c6
08a8fddd
fe84fee0
046ffb37
026b0717
096e0501
0eebfb05
f8ee00b5
fe62fd5d
01c5fa16
fbad0708
fc490574
fad2002e
001804cb
06dafdef
00ce00bf
fee5fffb
04c5ffb7
fbedff42
fdeaf34e
0330fd86
08210163
0fa9ff2e
fff60464
00440057
077a0082
f9a203de
fbbbff72
fe0bf9c3
f962f590
0432f90b
0264028f
fa2d0097
013d0382
05a900c1
04abfec5
00e7fda0
f96cf834
f66202af
fba3f684
fe87fb43
0018062d
03700008
04f50660
0648fbc9
fff3ffb9
fc8d0019
fe90fe33
fc6f01a7
0051f92e
fd73023b
f5060011
ff15ff67
01510424
f836f9e1
fae8fbd3
fc630908
fd8c0513
faedfe94
fa3c004b
ff80fd23
ff4503d2
fb0100b4
f8be0047
032b0560
fee0fd11
f50afe1c
f72704f6
fa510861
094dfb80
0375f38b
f4eefde1
00e30664
041c056c
fcf304d3
041103c0
0316fb5c
04c6ff77
0a43021a
f93507a8
feb506f3
07ebfb22
feb3ff4b
ff4a0522
fd91022d
00defb54
021f01d0
fda2fdc8
fd250067
fbd8089d
fcfcfb53
03d40034
02cdf96f
01bef816
029604f8
f9fffe38
012df9af
03e3f8f0
0037ff06
ffc20161
03a40050
03340134
f42e0316
007702e6
ffc103aa
fda1068d
02b1000b
fe47025a
051f0937
f6440bd5
fc4e031e
fdf3fe41
fb9406e4
034403c6
fdef02c6
0860029f
f377fb80
f50ef8e5
03c5fedd
fc990046
04b1002e
00060190
05c4f8b5
048efb77
08f90707
04410635
f47df821
018cf7cd
f73502d9
fb0dfe26
044dfac0
fc1901e7
030000f1
fe72f7e1
fee0027f
071200b5
067cf7fd
fe61061c
00c103c9
071ef583
fa13f130
fd91ff44
01e0ff6b
f8fffee7
fcee0217
ff5bfb52
01b10840
010df8e3
015e009d
ff910d6c
f7dbf97c
01a008da
0b70008f
08aa0388
fd1d085f
f9a7f9cd
0219076c
03abf765
0292f5ac
fff70240
028af7aa
fd43fa25
f620031e
fac90577
0381fb8a
0a78fdbe
ff010078
fd4bf884
02da00be
fa820b7c
f6600521
fdfbfd08
02b6ff6a
fa2cfd0b
fe490219
02f20013
ff14f498
ff1d00d5
00230301
04c3f8b8
04ff0087
00ae01d1
fd09fa99
03820697
08d80066
0684f38e
fe8702af
fe0d00c4
0a02fec4
03a800d6
066bfbec
08b4fb76
fb80fc72
038405c5
038205b9
fa430742
042c05e6
082207e3
fd430388
03befd61
04d50e55
fcb60958
02f00299
04b9f9e2
ff3402e0
f7970ce0
f9f4fdc7
054c0593
04b8f7d0
02b6fc21
fa890651
fc61fbe8
04e603c2
fba308ba
fc10fd4a
fca2ee1b
00dc062b
fe44fdbf
f7f7f04b
06c404b3
0060ff5f
fc2afdc9
fefefb1d
fe5503d6
04fc07fb
f5bc056d
f6fc0179
00fe0160
f72607e4
f998fb95
01420348
04b5fde1
fc82fc75
f80802ac
ff55fa85
fac4031a
f97602d4
fd0f053f
04b400f2
0c2dff30
09ee04fb
0b93048b
0376ff5a
00ac0021
01fa0a3e
fd83fb99
0674ff72
05b90594
04b10029
02390561
fdaffbe2
003ef748
fec9fa0d
091b0392
009eff39
f5bdf50f
fff4fc4d
01c70104
07720474
078d03ee
0281019d
ffd2041f
fce702b2
0054fbcb
ff7a015f
ff43011b
0535fe28
03930365
fd40ffe5
fa8b0443
fb4d0175
0650fdc1
059f0372
0119032d
093cf897
0432f737
0201052c
073efe80
049bfef9
fd01ff78
ff1efb5e
ff490559
f894fff2
ff59fa43
fc46f966
02bbff63
03dd010c
f418ffa2
02c7054b
082dfb69
fc30f9c8
fa6d0012
fdf702b3
03b5006f
072afa38
fd2c02d4
f95500d7
07dbf988
037cfdf1
01bffcb5
ff3d0108
fc7f02c0
06c0ff6e
fc4802bb
fbb901b4
fcbd027e
fceb03d1
098b00d8
0082fe15
fa630410
046305fa
ff1bfc1d
f7a9fd9b
033efcd4
fe10031a
fe2c0b25
0745fdb8
f6b6fd8d
fd35005c
0391fb5e
f90bfd32
fe1bfa1f
fd5af92a
fd22fc2e
0409fe12
012ffd2d
fc16f55b
ff16fe61
021f09e5
0635fea2
025bfe41
fd230526
03fcffc3
051800ff
022c05a9
ffe6f6ff
06caf585
03e106c0
f75b01b6
ff45fcfa
fd2100f1
fcb7075e
023103d6
f578ff69
f92a010e
fe62f682
f9f205bc
044b0db0
ff4f0997
fcec1000
05a203ed
f76afc3d
fd6eff85
0665032c
fed6f8c2
fe7df9d2
f65f015a
053bfe1c
08340147
f877fb0d
ff5ffdf2
f73c00e8
ff3e04d5
062e0228
f5dffbe6
ffcc076c
fb33fbe8
f5cdf768
009a0477
00520474
0a14f866
03a2f991
fcf3080e
0198ff12
faf7fdc9
fadd026c
f6f20124
00fe066b
02cf0007
fe1dffe8
0a0f031a
f7b0fc46
f6d300e5
0388fe3d
fd29f926
03c2ff77
01aafb75
fd270212
fc7e06ae
fa6603e2
fc5d0436
ffac02cb
00b604be
f973fdd3
f7c00138
fb8ffc67
fdf1f96a
044f0085
0963016c
07ce06d8
06cefe71
fd6604c4
fb0a00b2
03edfcc9
fb4b00ff
fb5ffa59
fc090c36
fd19020b
0754fd99
01980015
026ff2a1
01a5fa2d
fc17f96a
fbfd00c7
fda1ffc2
fedaffcf
f8f8054a
fd6bf8d2
00e2fb81
fd880059
03de04b7
06fe0132
fd6cfbb4
02d4043e
058eff45
fc75f941
04f7ff99
f9fafcdd
f9f8f490
05c902c2
fb750e81
050fffd9
0b37fe61
0843ff88
01b8fc98
fc0c02eb
ffc00203
ff70035d
00dff7a6
fd7bfbe3
01190a11
0021f86c
00cdfba0
05130480
ff210284
02b5fe74
fdfbfdb6
03da00da
0b83f725
07f7fabb
0ec306f4
04620c8c
00e8f8ee
03dff317
fb5dfc52
03befd61
04d50e55
fcb60958
02f00299
04b9f9e2
ff3402e0
f7970ce0
f9f4fdc7
054c0593
04b8f7d0
02b6fc21
fa890651
fc61fbe8
04e603c2
fba308ba
fc10fd4a
fca2ee1b
00dc062b
fe44fdbf
f7f7f04b
06c404b3
0060ff5f
fc2afdc9
fefefb1d
fe5503d6
04fc07fb
f5bc056d
f6fc0179
00fe0160
f72607e4
f998fb95
01420348
fe6afe4b
0150048e
fe30ffb7
01a2fbe8
0886fd8c
fc6cfaa4
f451ff94
0907013c
ffb2fd85
f65cf8ac
050d029d
01dc0832
0208fea9
fd6cfc9a
fd1b021f
00c10221
01cafa4c
07cfffea
ff5502fe
fde000da
fe2200b6
feb2fd78
fec4fb1c
00dbf5ac
08ddfd74
fe9dfe35
ff110094
03370674
053aff48
06630499
fdb4ffc8
056903c5
06d40931
0338013f
01da0acd
f7f1024d
faeaf6fa
0529fdfa
05dc034b
045e056c
0a41009f
0258fa34
f91bfa8c
fde8fda1
fa2efd1f
fef60228
fe3601ce
fc71f8fb
073ff948
fd32026b
fa13fc4f
fb41f54d
fdef0631
08f8029a
035b00db
07b902f0
051ef9a1
f7f60ade
031e00d3
0bcaf088
00350388
fa0907bd
f93bffdd
fd14fa82
0ce6f4a3
03fdfd7c
fd7b090c
0510fd97
03600057
07cb0481
01b2f9d0
047bfd11
0b93fc7d
00fa0112
f96fff92
017dfd00
08e0fc97
017cf2f3
0070fbfb
01e90172
fe52ff49
f8c0fbbd
033d0339
010d0a0f
f7bafbfd
07b4fe27
fc5403a5
f7ad03dc
f8590252
fbcd0416
0f6106b6
02e30119
01b20047
ff2fffc9
fb81083d
05830155
fa58f839
ff34014e
0a10021f
0169fdd1
0280f9a8
029601b8
fb97fe58
05a4037e
ffc80ed3
f45c0305
fef805f0
fd350145
fb76fdc6
00140297
fb38015e
f86e02b1
f81cfee4
f4c9fc25
fd3ffc35
07e208b3
0a2a02e3
067afbf1
06640178
082afe80
fabafe7e
002ef0ea
faf2fe94
f4c1032b
0278fb78
ffa10ae9
048efd21
fc0802aa
fec2004b
fd95f338
fb5e071c
0da101bf
0306f3c7
05eaf868
fd51048a
f5e202e3
fa91045e
f8f4079d
fe24f9c6
f865fd4b
0534fdfd
fb60fe04
fceb05f9
0b0902fb
f88d004a
f9b4fc68
f6f3fec0
f78c0028
fd92fa95
fe87fd94
04bafaf7
003ff6f8
f6f30304
fde5fed1
01d6f927
f4fa082b
ff630a32
04a20696
fb98ffae
021efe62
0a240389
02250262
fdbc0785
042e05d3
005604a0
04480397
fc54025e
fa7c013e
0004fed1
f99905cd
0228ffd8
044a0254
04880469
fd5afc4e
fecc067c
03cd005a
fb95f4d2
fd90fc6c
fa6ffe1e
fdbdf919
0381ff47
062c013a
013cfcb9
fb5f02d0
ffa200ad
ff5300b8
fe8403c3
fd8701c6
00130085
fd44f919
ff1ffbc9
024a0000
013efea3
fa7ffd5b
f9dcfd7d
058fff6e
ff8ffb0d
07f701bd
ff92064f
f869fbe0
06a7ff47
fac20609
021600c4
ffe60235
fab3ffbb
0177f958
fe79fe96
03ddfd9b
fc06034d
ffe9054b
0ccdf831
ffb9f876
f8ecfa15
07ecfb39
08b6f8f5
fefff8f1
fd030136
fe46ff52
facfff64
fd7a00ae
088b03d5
fc9804a4
fd38ffc9
f882005e
fa58fde1
0ec2019f
fadc00c4
ff51f9eb
016dfd0e
fda2fea4
0a46ffde
fbeffba5
fa6fff65
faea0355
0202f7f2
feed00bd
f8ad0562
0a00fde8
043e05aa
04eb052b
0ab8ff35
fd06ffb6
f73504f7
00fa04b7
05b4054f
fcce0a7a
f639017a
faa000aa
05b20334
0440041d
02110352
009ff997
fc0d008d
051e04e5
005d0911
f6070868
fe6afe4b
0150048e
fe30ffb7
01a2fbe8
0886fd8c
fc6cfaa4
f451ff94
0907013c
ffb2fd85
f65cf8ac
050d029d
01dc0832
0208fea9
fd6cfc9a
fd1b021f
00c10221
01cafa4c
07cfffea
ff5502fe
fde000da
fe2200b6
feb2fd78
fec4fb1c
00dbf5ac
08ddfd74
fe9dfe35
ff110094
03370674
053aff48
06630499
fdb4ffc8
056903c5
fb0007f3
03b00196
00e9fd70
06b2fdb8
01cffb73
fb1100c9
fd24029f
f8e00537
03cb015e
066bfa99
0448ff5c
f98dfd70
f94df88b
00b2f89f
0024fced
1010faf7
0f06f70d
0586001b
03530747
004f079e
fc19fc42
fe44f8eb
fca00090
fa4602fa
074e0630
fb0c0193
fc0f0059
004900e9
f8ca04b0
0a0b08a9
fd9402fd
f675035c
0077fbc2
0283f40f
068bfdcf
fd9a0194
0202fbf4
fd2f038b
f85c05b1
094bfe65
07e5015d
fce700ea
f97800db
04d4fe8d
04810005
fa88018d
ff15fc46
fe29ffc6
ffd201c4
fbe404eb
fea9fc83
0377f9e1
fdb007c2
048a0328
ffa002cf
00200995
fc8502ba
feadf803
0cd1fa5e
fa86032b
03aefe99
0d40f7ad
faebf605
00c3f99b
091200b5
021d019a
042d00a9
0a58009b
fa2c01aa
01a0084b
075905ad
fc12f9c1
065df456
fe5bfa63
fcf305f8
ff39023d
f702fc9f
ffad0484
06690a9a
051703ef
012cff0d
017f0518
0432037a
020404e3
03b2fd95
0607f473
f947ff7b
016a0568
05a30877
f6b5fc99
06d4fd42
fe7506d2
f8b4fc9c
01d50694
fa60fccf
0ac9fb6d
065d0e24
f7bbfdf2
fb80fe53
00f9fd87
00c7fa8f
fdb80217
0583fecd
fbe7008e
f7cefb18
ff4c015b
f660029e
f87f00b1
00e40821
fa38ffa6
fbc400d2
04230191
fb5f04fa
fc770429
0640f7a7
0469faf9
040000a5
03040188
05c100a7
028a0445
f658021e
f863fff2
f9abfd10
fdb9fb29
072f0501
fdfd02ad
fd330145
0562019b
ff5801f3
f809fc15
fcbdff12
05540d00
07e5fdd5
0939f9b5
00d901b5
021104d0
047bff9c
fcc8f84a
018ffe14
fdfef7d7
fd4df7cf
ff49fbe0
fa570243
fb0206cd
fb76f70d
fd9bf55a
033f0649
03c5feb0
f611f298
fb0ffcee
0452f9af
f9cb00f3
f58106ed
f9f800e8
0458fe3d
fedaf8cc
fbce0361
024dfeb2
02ed0319
04c90431
f9e1fd2c
f855035e
01fe009e
fe720a08
f6a5fd5b
ffa7fd56
0881ff37
fbd1f380
ff470549
0c49fd33
0753f5e0
0346ff04
fe5700e0
fe9f0483
034c07d7
fc9cff52
015afad2
fa5600ed
fb8e0193
0c2704a3
f6ebfbd2
00c904e9
067f0148
f3b1f9e6
033505eb
feb5fa5f
fd7301f6
016dfc19
fc57fd38
fec006b9
fe2e016c
019f0986
ff6a00b5
fee304ef
0027fcb3
02d9fb93
f637043e
f3daf831
0a3f0211
ff7601ed
f631fddc
fa99fc85
f90efdc7
004f0134
06fe01ba
03060658
fa3cfed4
0144ff8f
0550ff0d
00aef971
feb0fbf8
fec9ff30
06b3009b
fecb01d3
faca05e2
08b30c5f
00ba09e1
f8c4000e
fd720289
fc62ff11
fcca042c
f84e094b
f9f802c1
00c30729
07c7043e
0c4104cd
fee20281
fed20266
02d3fff8
f973fad6
fe55022a
038602ab
01da056e
00e0fb00
fc5ffdfa
ffef055e
fe02f6a0
fc06f9e2
044afda9
f988fc80
fdcdfb9c
039800e5
f93000d2
073ef776
092ef9c4
041afb14
02d3fd04
fd13ff5c
011908b2
02780664
0002fc69
062a0282
0d0ffcad
fe79f88d
ff4ef9bc
0198fdb0
fb0007f3
03b00196
00e9fd70
06b2fdb8
01cffb73
fb1100c9
fd24029f
f8e00537
03cb015e
066bfa99
0448ff5c
f98dfd70
f94df88b
00b2f89f
0024fced
1010faf7
0f06f70d
0586001b
03530747
004f079e
fc19fc42
fe44f8eb
fca00090
fa4602fa
074e0630
fb0c0193
fc0f0059
004900e9
f8ca04b0
0a0b08a9
fd9402fd
f675035c
079202be
0b02067d
008bf9dd
fc4afac6
02c6fe4a
00d001f7
f7370209
fef6f8df
109cf855
0345fd2f
ffa606a9
05ca04c6
fd5d02aa
fd3c06a6
00530105
fef8fa32
fddb02c0
ff3b061d
06db0155
09cd098b
fed7fbfd
fee6fd27
054604f1
0756f915
02ad0962
f99902ce
fdacfe5d
fb3c05ce
fb4ef59a
028dfc01
ffd5fb9b
ff35f926
0077fe96
fd72fb61
fc3dff0f
0519fb4c
04d702d6
fbe904b5
fd93ffea
03131064
06f0057a
0144fe04
015909ff
0bb8001c
0646ff04
0271fc84
0292fd90
fad1090a
0065feb4
01eafca5
fac3020d
011fffc1
0479062c
fea80378
ffb0f914
ff1dfd3c
fc3dfb36
0001f77b
00bdff47
0512fc01
00b5fb0d
014dfd72
06e80057
001204f4
0bbefdac
0523f710
fcc9faaa
012d0381
fbb3fcd8
065efbc6
03e60041
ff05fb93
005e079a
001b09c4
fddbfde2
fe7af279
0627fa96
ffc208b9
fef200fd
fc500262
00760171
fd9e05df
f4e90404
ff0df92d
ffed06d6
01870709
fc4903bb
02fd08b8
06fcfe45
fe0df590
fbe201ab
f1620784
fbee04fa
fdc70bcb
fb1efe2d
0571fd76
043e04f3
00acf6b0
fb5ffdf7
feb504ad
00d9ff9d
fe0e05f1
fdd004c1
003bf9af
018cf8d6
0296fbe1
fd54fbb4
f845ff40
0291ffbf
0559fc08
03d6fc7e
ff6703e9
fec703f3
019dfd9a
fe1bfba5
fd0efd51
01b2fa21
fee5f518
f056ffdf
fb5b0332
fd2301a2
fd22fd5f
061ff9f5
ff090b2e
01ec05a8
f561fe86
fc1e0146
0ab0fb4c
00ea05be
fc4c0501
fdb7fe6b
0550ff1e
041bfdeb
055ffef2
040afbab
05c4ffa7
fd3bfec2
fbe1fe36
07fb037f
fd74faf6
ff38016a
fdf70a5d
041d03c4
f8750404
f41305e8
0ba50834
f63bffc7
fa63fa82
055cfdce
fe62f9d9
0657fb67
07faf8bf
0136fc2f
fec00195
071c05df
f9450446
fd0bfbc2
036009aa
fb990412
06e600e9
069b05a8
05c6fbf2
05d401b8
039efc02
014a0085
fdaafe60
fa11f89c
fd51fec9
fe47f6b0
ff09046a
078b0011
fff1fabc
08ed0953
021204dd
f27dffb0
f9f5012e
f5890ac8
02d6fd99
08eaf960
fddeff84
f34ef708
f7d2022f
fee6fb26
f4cbf9dd
017e04fb
031eff5b
fd270144
040cfa5f
fe6afed2
fa9c0958
ffb302a8
fd7a0132
f716fcac
fe33ffda
fd6106db
fbf40067
00f9fffa
0498fedc
ff06075a
f1070c5f
01f0f52a
0682f386
f7b00368
fd9b008f
009df571
feb3fa0e
fa38ffe1
fc33f6e0
ff780137
00fd041e
0476fa9b
ff6dfeb8
fe2f0153
fbc00745
006002d6
fa130136
f5f500fd
0a01f969
f94c07fc
faf1091b
0dd4fd6c
0020023c
01f802a2
fc7605cd
fa5804f3
00ffff93
062302d8
055bfc53
fd78fe59
06c703e1
fd0f00cf
fd890232
0562fadc
ff09fcef
009dfdd9
f7bafac7
fe330626
0b09058d
0232018c
f6c704e2
fd27038a
fe65f86e
03c3f5cf
0bb3feeb
fc370110
ff81fc64
f97ef99a
fc540219
09f7ff01
0087fbef
0608008d
ff7efe91
002aff0f
03fafb5a
fd73024f
035a0314
079202be
0b02067d
008bf9dd
fc4afac6
02c6fe4a
00d001f7
f7370209
fef6f8df
109cf855
0345fd2f
ffa606a9
05ca04c6
fd5d02aa
fd3c06a6
00530105
fef8fa32
fddb02c0
ff3b061d
06db0155
09cd098b
fed7fbfd
fee6fd27
054604f1
0756f915
02ad0962
f99902ce
fdacfe5d
fb3c05ce
fb4ef59a
028dfc01
ffd5fb9b
ff35f926
0654fbf7
05320476
fdd20117
058d00fd
fd75020c
0253fb95
02a4051a
fce903d7
fa3705da
fb66fb92
ff6dfdcd
fad801cf
01cafc9a
08420214
02f1f24a
ffcbf918
0179fe71
02fdf6ce
0969fef6
0253fec3
f5ac03f2
005308d2
030c03a9
0187fded
065fffd8
0712fa81
05dcf9d9
009f05bd
01b203e9
01090190
04400432
0b160609
0077ff4b
02c8ff01
08c50622
fdae00c1
fc77ff65
fdb101dd
038cfffd
01620219
fc4103d2
014afcb2
00130030
052d015b
050dfdb3
0873fde7
01a6f57e
012bfa8e
0871f653
f795fc86
00760a8b
fba3fd05
fd90fdaf
052af851
fb34f875
0f15045d
05ad0007
03d1fffe
00870371
f21e0286
05b4fa18
02f0faf4
027bfcc2
0950001f
02be04cb
fd63fecb
fff90339
046efff0
047600c2
ff1a0496
f8ddfaae
04090310
fe9b0b90
f7c20067
015bfcd5
00dd04d2
fe83fcd1
fffcf67d
fdd0fbf0
fb2ffc2f
079f020f
ffd30325
fd07ff8b
0a19000c
fd8f04ca
fe0c08b4
fdb4061e
02e20504
0803ffcd
f0d7fdaf
fc4bfbf6
08e5feed
f7b003dd
f63ff944
f70afd4d
fe9502d6
fe9602d4
f5c50710
0109fd41
0223fd14
ff5401c8
fcb308e3
00050a27
01f3fd73
f9f50279
084e038b
fcbb0239
eec50494
febb0253
02cdffce
04daf4e1
0464fd16
068108a3
065400f4
ff99fc4e
fe52032a
01af04ad
0025fc4f
01a0fad8
012ff562
f293fd0e
f9f9068f
02a10059
00f30154
0426ffd3
074a01db
088601c4
fbc0fe7c
f9acfcf7
fd48fbea
0222fd88
0304f9e3
fa0ffe03
006bfe9b
ff91f72b
f9affb6a
04c90600
09e9faed
0049f85d
fd45072c
fe4dffbb
ffee041b
022901cb
fe30fea6
faf10125
03e4f8d2
08260ac8
f6d30a41
006e07e3
02420785
fa27f76f
0b72fca1
f8940233
f7bc06dd
071a0233
fd9700ed
01e30097
000efd72
fd2803b5
0132f95d
fb4bfb0d
f3dc0756
fb0dfec5
04b2f760
0aff0772
fe3a0142
f293f654
00f5033c
f64af45a
f742fd24
07db0a8d
ff2effd4
fb7b0279
06fffa37
0d33fdcf
fa0afff9
f8cdfc17
0770fcf0
015af765
f93afc48
fcb9fc46
04defa84
02a1ffa8
fd7b003a
fcd2fbde
0401019d
03210a41
fa180712
fd1d035b
00cbfc1e
008ffbd9
ff97fff4
0016f9cb
fd52fc86
fbf7ff5d
00d2fb04
01e60240
fe84008f
f923fc8b
f4140232
fc410511
0267068f
f8c2fcc9
fd7b033a
facf04a6
f7f7022e
097d0c08
07fafaa1
fecbfb87
020bfeaa
063301c2
fec308a8
00fdfe20
042b06c2
00a4fdf6
06a0fe7a
02360354
05a50024
04f20a7b
fa6200fc
fba5060d
ff380030
fe78f66f
fbf20090
02d40000
0129ff69
0504f4bc
0750f5e5
f40503a1
f5b703fa
0328013c
fc41ff78
fd5cf9d7
0901ff66
008a04a0
ff0cff35
03550706
0081028e
fb950193
f9be0c5a
00bd07c7
fad301dc
02ab01ec
0887ffa8
0012f9f0
ffe102fa
ff7dfebc
0182fb03
fc1afc3a
fbedf835
fb1d016a
015ef9bd
062003a0
fdfd040c
f9d9fa40
f5130255
0654fbf7
05320476
fdd20117
058d00fd
fd75020c
0253fb95
02a4051a
fce903d7
fa3705da
fb66fb92
ff6dfdcd
fad801cf
01cafc9a
08420214
02f1f24a
ffcbf918
0179fe71
02fdf6ce
0969fef6
0253fec3
f5ac03f2
005308d2
030c03a9
0187fded
065fffd8
0712fa81
05dcf9d9
009f05bd
01b203e9
01090190
04400432
0b160609
ff9f0154
072fff9b
0460fc61
fb79fe7c
f3edfb48
fdabfb37
079d02c4
012b003c
f8c0fa9c
fe33feeb
fd7dff61
fe110166
ffc207db
ff1307b0
0399045d
f8b0fc59
ff07fd45
07c8051d
fe00052c
059403b1
03680807
f84a0682
fd68f885
0203f82d
02defead
ff7602f6
fd8602ae
062c04ef
07e9085e
fe7df6fe
fd8cf73a
03820318
fcee05a8
ff7002f8
0d3cfee4
07340343
0228fed9
064e00bd
04420253
ffff044c
03cb025e
0078f804
0202038f
0a0e046e
f9adf9d7
fbacfdf8
fdca03e2
000f02c5
0b5d0217
fd76fc47
0461f717
0507fe95
0474023d
095a010c
fad0fc09
fb65016f
009f02a6
05cb0168
fc230798
fb520842
03ed0823
0642feaf
0aca095e
fbf6018a
fd47f3d8
fc19fb7e
fd0af7ce
068e0931
f8c5fcd8
f94af147
fb14fce5
ffcf008f
04640458
fe46f6de
fe78fffe
f9dffdb7
0310feec
0ad904a7
04f7f312
0441fcd6
0203fe56
0111fae4
f99bfa0a
f84cf6b5
0124fb1f
f990f991
fbb8fd8c
05de035b
01070559
fcd3069b
fd01027b
05a3fae8
0458004d
fb4f06ae
ff260562
004efa63
fc77fc77
fe340a86
07b7039b
035b06f9
fda8fef3
03e0fb5a
ff8400f9
04bcfb57
04ba023e
f6bbfa98
fca8047c
fd5b067e
fa54fea3
02a505cb
fffafd8b
02ce0152
ff5bfd16
f5d3fa8f
0393fc18
00cb0175
f6fd0793
fae8f51a
fe88fb5e
075208b1
042f0346
02f5fd70
fcf50004
f82cfdfc
05dbf97b
fd4f0536
004703ba
0a86048f
fef70454
fd25fc29
fbe90475
019701ac
fa20fbb0
f76ffeb1
0bcbfbc3
00e3fb2d
fef503c2
082c03e3
00aff7e2
04e7ff5e
09390832
0216ffd7
fae103ba
f9a209bf
fb8f06bb
04d800ba
01defaa7
ff32f6cc
fddbfb79
f9fb048a
076afc08
faf8fc57
fd1f00f8
03e2fe1c
f6d5071b
02780955
fc940238
fbbefbf8
fdf9011c
f69cfde3
f6580000
f833039d
08a4f83e
0b090b2d
06160699
fe1afd68
fc560e2a
fce6048a
f81a00c8
0274fefe
fc17fb62
fb6d01c0
07f9032d
fb45fd02
f6dcfb0d
0163ff20
f60d0315
f8720013
ffe4fb15
f6380618
fe9cfa5c
fd4bfa1e
ff15011b
faf0f566
f6e40b00
068805f0
ff96fec2
ff8f0bfc
fecb0205
009bfa13
0425f188
0542f6e7
0c9f00d8
00100248
05a102d5
05df0673
fa260418
00adfd0c
01be0277
fea20171
02bb02f2
ff6affc3
f983fc58
057efaca
fc89f363
f939fb7d
fd07fb15
f30cfb2d
0093fdaa
04fefc4c
00a2fc02
fe36fa15
02e706d7
05d90339
fea7f842
fcb6fc9e
fc280252
0b59016f
06a7fd58
f97e0730
0376fda3
061bf449
fac80356
f781fe7f
07c7fde1
079f07c9
fc12fc6b
fcf8f677
01d1055c
ff88024a
f939ff00
fd2c0b9d
06350045
044903ba
fffe09c3
04d6fdfd
fac203a6
fd8dffe6
029e03ab
f72f0089
020ff816
04db0470
016ffdec
02beff72
01530005
ffc3f9cb
fed50378
02450039
017afe65
01fc01e7
fe6a03eb
050d0396
0273fd7f
f9f0ff3c
03a2fea1
fe7ffc7a
ff9f0154
072fff9b
0460fc61
fb79fe7c
f3edfb48
fdabfb37
079d02c4
012b003c
f8c0fa9c
fe33feeb
fd7dff61
fe110166
ffc207db
ff1307b0
0399045d
f8b0fc59
ff07fd45
07c8051d
fe00052c
059403b1
03680807
f84a0682
fd68f885
0203f82d
02defead
ff7602f6
fd8602ae
062c04ef
07e9085e
fe7df6fe
fd8cf73a
03820318
f88d0216
01e6fcd8
01bc06e4
0331fef7
01e4fee3
05a3078d
fe39fea7
ff18f77d
0937fa21
031b053e
02f506e4
039a0085
038707bd
00d200b7
f878fea5
fd840ac6
0cda0403
0644018f
f9f500b4
03e8003f
06deffae
ffebfe25
fef50292
fe30fe64
01e70367
013dfeb0
f90af82e
fdb502c5
fdac05f4
fd970358
05c7f8a7
057efe03
04b5fde1
050ffe56
06d50d63
fc62fc84
0073fe89
07700253
faf0f7a5
03d7046b
0663fe9d
025fff16
03040178
02caf7c5
03ec0217
02feff9e
00edf65f
fa3cf95d
01a0fe07
fc16fd3a
f9eaf797
ffbffdc9
fc7ffde0
069100eb
06da065e
09a1fc17
02df032d
f8b8fc0f
fb77f3fe
fde10508
0299009a
f9aa052d
0118026c
08e4f8d3
01730180
0014f4a0
ff18fb25
ff0d0b7f
facbfd9b
fdb6f6bf
f8b50147
f92805bd
09ac00b4
0255009b
f471ffcf
faa00633
049b04ac
007cfecb
02e30507
0583fccf
f6c5fbb5
fdc0fe23
0b9efe27
fee304d4
f98f0586
00f903af
0266fa9a
051dffe3
01be02d2
fb2cfb51
0388ffcb
035a00eb
fc9e0252
060e0015
00d601d5
fca0ffcd
043efe96
02ac069b
028afbc2
fbc5fd4d
02e703e9
037dfea3
fbacfee1
062d00c8
fe500131
fa57fa7c
fa3004fa
017006bf
0c2f0034
024707a4
0623fe64
009e0763
ff2908df
04ddf964
f85e0168
fee000a3
029903c4
fbb805a2
fd460554
ff430537
05f7f819
0402fe5a
fcf8fd13
fcedf785
f514fe7b
f7b0fccf
0be7ff52
091afeca
f7e5fb16
fe65f886
0446ff65
fa7c04d5
fc38fe3f
00a800f8
0031fd9f
fde4fe9a
fe690727
00bd062f
f71fffcc
f9d1f9fa
02fe0095
fd2f077c
fd0b087d
fdfdfc3e
f6e8fd29
f9cd0b3f
00d103a2
08450389
08ef019f
00cc0207
072001c3
f9dff775
f6ca0253
0aa2036a
0542fb06
037df89e
f778fd0c
f8b901b3
0110fee5
f8f305c2
ff8904f3
f99801ab
fafffd17
f7f8fb55
f00afe69
fd68f78b
fef9f8bd
ffb9fca4
05fe0280
028a015e
00640326
025507dd
f7cdf9ed
f8aaf718
06aef995
0749ff59
002201a1
007afb48
026bfef4
fc3a0363
00f20522
fcc7fb6d
027dff53
0232071d
f419fd30
06dd0020
02cf0278
fa9ffe80
fe3cfecd
fc2f0104
fee20122
fed2018d
02cbfe80
ffd5f9c4
fe50ff4d
012ffed2
0a9afc9c
fbe9fa8c
f984fa6d
08b7fb9f
fed9f930
09d9fc94
fe82fd8e
fbb70445
04cafe57
ff54fbc9
05c70991
f64a016e
fcfdfd77
0407f902
fedff8e8
07800be4
083f0662
fe50fa11
fd7604d0
01ff0459
f8befa9f
02ee00dd
fe460014
fbcd03ee
027608d0
008a06c1
02ad03b9
f267f906
fd2c0712
fc2e0507
f9a1000a
005e0e0d
f372031c
fd8503da
01980053
02f0fd6b
0173fcdd
03d1f375
0453fd9a
03acfea1
05d703c3
fafc032d
04790066
fa8b06bb
f69902c9
0672093d
01530258
fdfc04ee
f8b40755
f648ed62
fef1f65c
0b75084f
0a3dfeb6
07eafb12
0264fad5
0273f4d2
0388ff4e
f3b602bb
fcb1f83f
fc820342
f88d0216
01e6fcd8
01bc06e4
0331fef7
01e4fee3
05a3078d
fe39fea7
ff18f77d
0937fa21
031b053e
02f506e4
039a0085
038707bd
00d200b7
f878fea5
fd840ac6
0cda0403
0644018f
f9f500b4
03e8003f
06deffae
ffebfe25
fef50292
fe30fe64
01e70367
013dfeb0
f90af82e
fdb502c5
fdac05f4
fd970358
05c7f8a7
057efe03
023503ea
014efe75
fd2004c8
fd0b0aea
f9c701d5
fb7df66c
0e3cfd87
070bfdc3
ffacf92b
0341fb9f
fa95f976
009e0713
00ed0d49
00280055
ff9b0081
f5effd48
0581fdda
06b402e2
fb80fd71
02c2fc31
fe16fb96
fe80051c
ff7c0b29
01dc026a
093ffd81
f94afed9
f7f4039a
03530104
032cf8b3
ff26f821
ffe700b1
0a7f0124
facfff4b
fadcfe8a
104d01ea
ffee02c4
01c8fbaf
0c5900f8
f83afa14
f8b702ae
08d9009a
0929ef4c
038600b3
0276f95b
036afa7f
fe0004be
f94001de
02d1fc62
0638f92e
fc4e0774
fab9ff3d
fd5eff89
00b0fed6
02b30316
feef0ca2
038b02eb
09b6009d
0663f906
0b7dff6c
0afcfc7d
fc26045d
ffb50a03
07d700c4
051108ee
01ddfe54
fd39060e
018fff05
028bf5a3
f8ec008f
fcf3fc4b
04df00c6
0221026a
011a0555
ff41fd65
fe88fac4
ff7afbab
fa82fae1
fb04f9a3
fdf1fefe
022c0e86
051df963
ff00fcaa
fb56030a
fea4fa64
0231fdf2
fd3af622
ffe6fcb0
06f40044
02390746
faadfd7b
f4ddfdd5
fa3a0c0e
fde5fb78
fd5cfcef
fc0cfcef
fefdfd4a
05a805a8
fc7b0229
009df922
0638fb32
05b0017b
0888fbaf
034e093d
07b00377
fb52f557
f7c30642
00ba0a69
fb5c07a4
083702db
ff46fcda
f66604e9
08b5feb8
ff99fef0
ff0305c5
0d41f798
fc180798
f814096e
0633fa3c
03e80218
05550010
ff0b0642
0098fd83
04a2fa1a
fb22fdb7
01bcfabc
fe680260
fbb2faaa
f97bfc04
f98dfeea
01d1ff9a
fee9f9ba
0870fbf4
febf0977
fd37028c
0283002c
f54f01a2
fff407c8
f94dfcac
f952fe36
fef107f8
f712f919
f76003a3
edc80369
fd27fc91
ffbdfe14
f887feda
07530108
feeeffd0
000804fd
07a7f836
03fefb0d
055c0359
fea2fca4
fc610093
033afd73
fff6fe05
fccc020d
02d60170
fe19073d
f6f70944
fcb5ff4b
01ad0081
05ad0610
051a04fc
f5b1085b
f698fb76
0327fa2a
faf008b3
fd13fbb9
05abf8bd
02c405ad
00da028b
fdbc012a
fb9dfd87
f9dd0353
f9ae03c4
f55ef318
f9db0040
021804f0
007b01db
036e0533
04a7faac
073ffc00
00e8fe64
fd1902be
fde10016
ff65fb53
09b2fa6f
fe5bf95b
044d00c2
07dafbc6
fa0a0239
05350754
02a20354
03af0248
0740f7af
fdfafb2b
fa66fd4a
fe3efeb1
009a0020
fb47fc10
02de0310
fafbf963
fd6cf6bd
01590a99
effa04c8
0329fcd8
053101c3
fe21fc8b
05cbfb0e
0109fa9f
0362f9f0
fcabfc37
fdac045a
009f084b
00e6fd20
0536fc3d
ffce0133
07500491
066a0299
fd57fd07
0256f939
0103f3d6
f928fc79
fa58043e
fe26025a
fe13fb98
03f4f995
041c02c5
fce50510
fb3b0521
ffe904a4
02c300ae
fe0a0115
ffac02f5
0446fef5
06c801a0
05b30a1b
fb46068c
faf3fe74
01fdfb56
fb3afdc9
fc1a0048
054f027f
ff83ff1d
fc73fdb9
f8d4059f
f6e7077d
0175040b
0280fccf
0059fcd1
020b03d5
048f084e
00b403a6
faf8fb03
ffbd0267
023503ea
014efe75
fd2004c8
fd0b0aea
f9c701d5
fb7df66c
0e3cfd87
070bfdc3
ffacf92b
0341fb9f
fa95f976
009e0713
00ed0d49
00280055
ff9b0081
f5effd48
0581fdda
06b402e2
fb80fd71
02c2fc31
fe16fb96
fe80051c
ff7c0b29
01dc026a
093ffd81
f94afed9
f7f4039a
03530104
032cf8b3
ff26f821
ffe700b1
0a7f0124
01befd35
00b0030f
06590a5f
fda10499
fa3c021a
ff66fd41
02890385
f93e0b4c
f90102da
02d60376
00470240
0a4bfea7
031002b2
f8880238
f8de043d
f3da055e
0588ff83
0966fc39
01210041
fd8ffd55
f7c5fbc1
ff8408ac
006406b7
0134fd5c
0a7502e7
ff0c03db
f842feb4
06a702ff
025e0413
ff3a0211
04f60076
fca0f695
facff839
007101d6
fece053e
fb74fff1
067700a3
00bf047d
f23efcec
0271ffba
0648f644
fe6bf424
fc7200a2
fb85fd53
080504bc
0430027b
fc54fc7a
0bbd038b
090f0085
fd3cf4a7
077cfe12
0a07057d
fe74f51a
0557037f
0b99045b
0063f2af
04aafbb5
021e024a
f95bfef2
fc46f7ad
031a008a
0a4104ab
fb4803ed
00fb01b5
0280fb8d
f8e405cd
0932fd5a
fe6ef8bc
fc0a038c
04120339
03c703ec
040103ce
fccd03da
fda002bc
fabf01cb
06270311
082afc01
02d2fb08
04c60891
0113046c
0b9cf95d
0085fcb5
f9c90308
03d201d3
fbd5fde7
0045085e
007e059a
f930f78a
03f2f6b3
0116fae2
020dfb29
08b0ffb3
fff70649
09fb0378
02c304e4
0074fa9e
087cfe96
f9760470
0070fc9c
fcfefefd
f877f747
f60d062b
f984ffc9
040ef920
f44f0213
fc67f036
ff19021c
f82105bb
f882fed3
fee6021e
049ffcc1
f8d60134
066efe22
fe290174
f5aaff8c
ff96025e
fccefe09
0ea4f6d8
08080419
f8e306c4
f88b023d
f96efdfb
03280092
002b007c
fa9006f0
fda0035e
040cfbb2
05eb09a0
01160435
f933fe19
fc21fcb9
032bfde3
fcaf036a
fa7cfe64
ffae01a2
04e407df
00ed0859
fe050691
fcee0361
f7cdffaf
0102044a
fe4005b1
fcc2ffb4
0437fb37
fa8afb97
01fdff67
0453fce0
fb8afbdb
ff04fbeb
fa62045d
fd55fefa
fc6afce7
008b07af
0acafeb9
fc48044f
fe940224
0771fdf5
00dffe2b
ffe8fa7f
fd0a075d
fb4b04f3
f79c00ec
fd40fd01
0841fa71
fbedf959
ff68fa3f
08d10222
faa6fdb6
001c00a2
057bfe1e
00faf9ac
ffaf0172
fdd30634
030f0154
011dfe61
ff66fe64
fa2ffb11
00d6008b
0718fbb8
ff01fcd6
fc64fad3
f512fe03
01580c38
f99ef762
f459f7d2
050a0434
fce600cf
045f019f
fc55fce6
fa3107d8
0a260df7
fe13fc54
f7d8fa8d
014a0935
05340395
feacff70
0342fd89
fcc2fb5a
fc12029a
03fafaa4
0145fe9c
022bffcf
f8e5f6f4
01dbfd67
fe0504dd
fa9a0b2c
007c06a7
f682fb06
0276f7bd
0064052c
01a90534
060efba5
fe600288
001afae2
fbc2f784
f9f6fd2c
fd0df767
04affae7
06010226
0a0b03f4
06f80917
04010374
0309f660
f83efc99
043e016a
feb8f9e4
f809f91e
f847fad9
f84cff2a
097806f3
01810477
094f0151
0d4e04b0
fade042f
fd960536
0068fee5
02b7ff5c
ff610880
fcfd02ff
fbbe04c0
fed00374
0463fc08
fa24014d
fec10459
00bd00f6
fc2dfdd5
043a0029
01e9fc9b
0273faec
02c7051f
03bbff5a
082af60a
0093fb31
fc40f683
fd3df50e
032cfebd
01befd35
00b0030f
06590a5f
fda10499
fa3c021a
ff66fd41
02890385
f93e0b4c
f90102da
02d60376
00470240
0a4bfea7
031002b2
f8880238
f8de043d
f3da055e
0588ff83
0966fc39
01210041
fd8ffd55
f7c5fbc1
ff8408ac
006406b7
0134fd5c
0a7502e7
ff0c03db
f842feb4
06a702ff
025e0413
ff3a0211
04f60076
fca0f695
01be03ea
fed900d9
077ffa5b
fa51fc2c
f872fa0a
007cfe40
f470fd90
fbc6fd7a
06060316
f7c2fe01
fe94fd7a
085200e5
01b20076
05020056
fc810d14
f9cc0a11
fcf3fb10
fdbbff8b
0479ff2c
fd25fcc5
0498fffa
04570457
f65b047d
fd1aff09
02e8fd34
0728fed2
040a0902
fb8a0625
fd5bfd3b
03c402d8
05d501a4
0308fc91
fe58f9a3
02f60510
051b0711
fc79fa36
05bb0619
02fc05f3
fb83044d
fc2f0c63
fc6707ef
09faffb3
f7b7f870
f86c03a5
07bc0109
f912ff8e
099c02e9
0f53f9f9
04ce000e
056b02af
02d7059f
0513fa26
0280faaa
01920480
fb2af745
fe6bf96a
04dcfaa7
f7f90374
002f051b
033afa5f
f63afa6d
fdfefc87
ff6004f9
ff7cfda7
ffd8fe16
f8ad01a4
ffe4fb85
00d8027a
01c60258
0518fb14
0077fc05
02480116
fd42fcb1
f83afebf
f8d105a1
fbeafd4f
0106f937
02be005e
036901f6
0150027c
ff150324
fae7ff6f
015efe78
08c5f96e
070401d2
06b60251
025ef7e4
02f8ff75
039b0159
046c0554
001f00af
f8290200
035600d6
0d00f975
088f09ee
022cff07
fde1fa58
f965043b
fd030317
06560653
0633fd44
fdc7fea2
f79402ba
fd83ff8d
0232fd23
00b0fe8a
fa41fade
f9c9f745
00a504b7
00d6fca3
0661fa58
05a50384
026bfb72
01640071
fd86032b
fdaaffb5
faf0fc63
fc56fe3d
fd5206e4
02a40758
febb094c
f596fe1d
040dfb04
0b6601b7
05e9fbcb
ffae00b3
006ffe59
0606ff0c
0116feea
fe5ffe7d
00c708c1
01f7f8c7
006df862
f8810786
f5b5089c
feaf0b17
fb41fff9
fcb5f489
08130059
017705de
fed3fd64
fc5103eb
fa6602e9
fac00034
f865fa86
faa8f939
f90d01b3
00a3f897
ff1d045b
fad102f6
0400fd8d
034302e2
fdf3ff8a
fc3d00f5
fd4bf627
f6b70216
f961faf1
04f8fcae
0641054d
00ebf3a8
fd6a07c7
06bb0189
fb4401f9
f72a0bf1
0728f811
fd67f74b
ff6b0153
fdf5ff50
f3a9fa56
fd8f0ead
fd310160
0320fac8
08f205dc
010cf52c
00e501a7
fc0b028a
fb06fd88
fedd03a9
004dfd3c
fd9afa67
f8eb00af
00d403e7
019c0632
01230dae
027508b5
04ff0a59
08a704be
ff140417
fcebff8a
f907f554
048e0770
0234031c
ef30ff16
0586fdb2
fd06fd7e
f32707a2
033efbe7
009ff782
ff77f990
f51dfbd5
fefbff6c
04900213
f8b5fe93
0492fa12
04f10167
f7190339
fc91fd06
08a9fe50
00420472
fe2d04b6
03990689
07a0fd36
02de00aa
f12e03f3
f8ddfde8
fdc703f7
0206f515
02b201cf
f86e070c
0896f734
08640147
fe54fcf8
fbba01b0
fa8402c1
0389fe96
002d0266
01e40023
08c301dd
07ff0096
0698f9d9
ff4ef27e
fa8af5c5
ff42fbc4
04720036
003af91b
0094fb66
092a03ed
094df859
0241fc63
fbb804f8
03690424
05dafe9d
f513ff06
fcaefe07
0506fe22
fc4e06f4
011d0086
ff6c002a
0471fa83
0959fe7a
fe5b07be
00e9037b
057407f5
0044fcb5
fdf0fbbb
05a103ac
01be03ea
fed900d9
077ffa5b
fa51fc2c
f872fa0a
007cfe40
f470fd90
fbc6fd7a
06060316
f7c2fe01
fe94fd7a
085200e5
01b20076
05020056
fc810d14
f9cc0a11
fcf3fb10
fdbbff8b
0479ff2c
fd25fcc5
0498fffa
04570457
f65b047d
fd1aff09
02e8fd34
0728fed2
040a0902
fb8a0625
fd5bfd3b
03c402d8
05d501a4
0308fc91
026affe1
055703ff
0025f7fe
ff7504ef
fe2b0286
faa7fc8d
00270215
fa5a020b
05c701db
0b82fc2d
ff3a042b
042c0909
f875fdef
fb26008a
028d01c3
fdc7f338
04f7fc2a
030101a7
ff98fda3
fdad0707
fec50059
02cbfd72
053bfd29
02b50106
fbce0803
00d30306
021eff66
f90ffa64
fe34fb84
0037fab3
03aaff01
10c3ff52
04b5fbc2
001a016f
0180fd40
fad802b7
fd320536
fb9001f2
ff4a010c
0140ff5e
fed906a3
f94801d1
0291fc6d
0249fda3
f4c3fdbf
0427f916
05d3fbcb
06bd0620
06e6fd85
02670252
019d0149
fb80f647
04be0642
046101a2
04d9f964
fe5cfff2
0140fad6
0705fab3
fe9bff22
0c05025e
01a702d5
fc0103d3
019c009e
0189fcde
096a00e1
fbac00a6
f3b2ffec
017002e1
0faf0289
00a7fba7
fb050301
05a8ffbb
009af71a
01e708b5
fac704b7
fb5c005a
003101ef
0482027d
0ad1072f
fdeefb09
f4edfcc3
f2d80106
fdac0085
0b66fcb7
039404ad
fc7205a6
05b0f581
061c01c8
fec2fed9
0493052d
01b40b27
f93af8e4
fde0fd43
fe0e0162
fb860705
0b9f00df
00b50000
ef6a0719
08a7035a
ff9e04f8
f5aefeb1
012b03c5
fe19045f
07d8fb7f
f9e9001b
fc0efe4e
0becfd1d
fb1809d5
f77b031d
f1e0fb7a
f90a0921
08cf00cf
03340161
010804d9
0122fbce
03f3ff8e
ff6602ce
faa602e8
fb9dfb2d
001407e3
ffb006a3
f3faf3f0
0211fda8
0376ffde
f7dafa50
005cf858
fecbfe38
fc98fcd5
fac2fbe1
040d02c8
051afc69
fe78fe52
0ca5ff53
0c1bfcdb
093cfde1
02e2ff02
fdd6ffb5
054afc46
0074f781
fef6f7db
0137029a
00540324
f9c5fd48
fea3f924
007301d6
f4e807fb
041efb7d
0897fffd
033dfc86
008af688
f8df00c1
0208fd2e
fac3fb9f
f9baff63
feabfd9e
fa6effd4
0041000d
fbeffaa5
04ce0173
fb4306ce
f2cf0000
0275ffc1
f29c002c
f83703b9
01a80402
fe5802e3
07b10958
0528fbaa
ff12fc99
f77e0fd9
00f6040e
ffd7fd36
f7c0fe07
000bfae0
fe79fdc9
00890137
fd580a23
00c10253
01fdfdf1
f81c012d
04a9fb6e
08cbfc5d
fd8bfba6
feb0fd14
fc3df93e
f695ff0c
009e0863
0702fe30
031dfee7
fd1b0355
021702f3
00120112
f3c2fae1
0067faf8
fe810219
fcf20405
0447fc31
017af9bd
0709002c
fd7900b0
fdc9fbae
ff340415
fdf00945
034f0565
f7880515
0215fce1
090afc21
fcac03b6
087d053d
05100876
f6320584
fd35fe8a
f753057f
fb5d0565
fd04008f
f3d40645
015d0385
fc1c02d6
01740359
0a77fefa
033ef8dd
0408f98a
fce0ff66
fe07f84f
021ff61a
06e1fdbe
006704cd
0050fd36
05a9fad5
fec40233
01db0354
ffe2081d
062cfd01
fe24f9b2
f918fcbf
fb66014e
f6550990
053b003a
0132fd26
020afa07
010a0247
feb30615
071601cf
03210c87
034307c6
0173ff0d
0d71fe94
04b0ffd5
f583ff49
feadfde1
01d4f34e
05adf84e
ff860243
fd2bf4f2
fc8ffd23
faa4fd89
026affe1
055703ff
0025f7fe
ff7504ef
fe2b0286
faa7fc8d
00270215
fa5a020b
05c701db
0b82fc2d
ff3a042b
042c0909
f875fdef
fb26008a
028d01c3
fdc7f338
04f7fc2a
030101a7
ff98fda3
fdad0707
fec50059
02cbfd72
053bfd29
02b50106
fbce0803
00d30306
021eff66
f90ffa64
fe34fb84
0037fab3
03aaff01
10c3ff52
fa2cfa6a
0034ff54
06120a40
fc13fd5a
faee013b
f87a013f
f6ebfc6e
05d40167
024c05e2
04680584
08300600
fe1503e9
ff5efd64
ffb00679
f5590a85
fab7fd96
0fcefbc7
04d00485
f9d7fd61
0244f9e5
0350fc3d
0646f581
fe0801dd
fcf0fe9a
037cfa18
01620341
03ccfe5a
02350702
01fa01ff
01330029
fa86035d
fc52fc9b
ff0dff4b
fd1df791
fdebfd07
025ffd4d
0087fa43
fb19ff9b
0444fe2c
ff940168
f971fe12
083901ea
ffc6fe40
fb80fe28
07e900ec
0570fc5f
068f0085
0a7cfe44
05710550
0574fbf8
015e00b2
fd050a82
0656f8f5
02910001
0343fdf7
0327ff3c
fee9fd04
05acf8af
ff04fc97
fdacf6c4
f88609d7
fe5cfb12
05a4f2a8
fec0044f
06d4ff6a
fe4a0eca
fe5a0a68
0529fe9a
ffeffd26
0021f816
043bffa8
076c00a6
fbaa0784
0044015b
0a4ef6f6
ff02fe6b
f9dcf535
024cf8fe
fd81065c
fd7500cb
0143fe03
f667f84c
04fafc8b
01cb020b
f40c01d4
ff8c0942
03ea000f
0330fd8b
fc7bfed8
fbd8fcf1
f9ae0146
f988ff56
fd130567
0659053d
0b410687
028e0618
ff4b065d
f7150851
02f7f3f1
00ccf4d6
f98eff7a
018affbc
fc4101b1
06f902ac
01c80358
02ccff3a
008c0458
f2ce030e
0404fa5e
fffdfe66
fa070d90
005b07c5
fa73f8a1
ff2003be
03f405cd
00a0043e
077dffd6
034df961
0216fcfc
06dbfef0
f7bf038a
016d01b7
03790439
fb2102cc
01de0813
f9f508f2
0278fb29
05be04c0
fa84086a
04810588
072f04ed
fcf30807
fdb300f7
f62df436
fb89017c
07e1fc92
f7e3f619
f60cfdc0
f5f4fdf1
fd11fc29
0a6efc48
ffb4fcec
014ef8a5
096ffc5e
fe18f527
f360fd58
fffe0744
0431f58e
0421fbc0
00570224
fca90152
05f6fdee
faf5fc16
01100592
fe9cfc81
f737f8f1
05800333
fe1402b5
013dfc62
041fff5c
fb4b00b5
fe46ffd5
065307e9
ffb00575
f9fc013c
ff21001d
f95efacf
fbd20110
011208fe
02ef0411
fda2fa3d
f7b6f344
f83d038f
feec0f6c
0606fc4a
fa29fdff
f925041a
01bafd92
0b9504d6
02bd04b9
f79ef899
0162f9cc
fefe0638
025f018f
fe4efd25
fe49fb62
fff2ff31
fda9ff42
031df1d1
fac20638
005e0826
fc03fbd1
f92c036a
029ffe90
fff0fe61
febffe2d
f7b504f3
fd8ffe4a
03b8fa0b
026c012c
0152f829
017dff18
040bffc5
fc86fe4f
fc8ff898
fd51f770
fb000825
011f0511
04a402eb
01cc01e3
0461039c
ffadfc78
f830f9d8
042903a6
ff51f693
f669fd30
02980352
0279fe7b
fab307b9
faec0521
fd32fe15
003b00ea
009609ef
fdb602b7
00b5ff4b
020e0130
f980f47e
f971f952
02b3ffc4
000dfd14
04a7030a
0cb5033f
06e10540
084c07ab
0443ffb3
022c065b
01480406
fd50f84e
06d80013
078fff18
042300c9
fdf0fd5a
fe4afddb
05d107d4
fdeaf9fc
fc7afead
fccb0301
f57bfe60
fc8dfea5
08a1fb97
06b40841
0573fece
0668fdef
003307a8
fb500109
fa8405de
fa2cfa6a
0034ff54
06120a40
fc13fd5a
faee013b
f87a013f
f6ebfc6e
05d40167
024c05e2
04680584
08300600
fe1503e9
ff5efd64
ffb00679
f5590a85
fab7fd96
0fcefbc7
04d00485
f9d7fd61
0244f9e5
0350fc3d
0646f581
fe0801dd
fcf0fe9a
037cfa18
01620341
03ccfe5a
02350702
01fa01ff
01330029
fa86035d
fc52fc9b
030904cb
0b530271
0300ff42
f7680016
04da06c3
043203f2
0422fdca
0a16f567
019d03bf
fefe0962
fb19f137
f658f967
fe43039d
fabef861
fea4f875
01190008
fc21ff08
0651fbab
fec6ff5b
f9f6ffa5
0406fce2
093ffbdd
0b24fc86
0167ff88
01ec02a7
02d30168
fe18feb2
0403f7d1
f999fc74
fc4505d4
0b4dfce6
0317ffb2
04b5043e
0a3e047e
0922fed5
00c6fa95
ffe80135
034af7d7
f82cfebb
005efd99
0665f962
028f01ff
fa34fe2a
f7eb0959
013401da
010afda6
07d8fea1
02dcfd63
036c0cdc
00c101e4
f8580075
fd140201
ff830392
065c0b2d
fa330006
fef402d7
f772036f
f2d00075
09bf01f0
f613001b
fe07ff88
ff6102ae
f070082f
0a0afee5
0747f94f
f941fc80
0343fdc6
02a400b7
fc760552
02150661
0288043c
10e008df
034b07b3
edec0770
069806ef
019dfb3e
faebfa83
00c1fbce
0234fa0b
0b850049
0693007c
0269ffd7
03e0fe40
fc26fbb4
f8bb0207
065bffd9
fe3ef9f5
03e1f7cf
0bd8fdc9
f94a0129
fdb3fdc7
f4e10a81
f91d0888
033b012c
00bf00e1
032ffa33
f8eef839
01b9fa50
04460809
068d019f
041ef594
fbbbf912
0826fd21
fff502b4
fa90fc58
ff310103
f96b0226
f92effee
ffee0332
00bc0120
002a07ca
028e01e6
fa1eff29
fa360288
ff7901c8
0208fff3
007fff7d
f97a0533
008cfe68
fe76fab4
fb37fcab
0746fc99
02d7f612
fa2cfe47
fc520bfe
fdb7fe22
0211fd72
051afd82
fe61f9cb
fe2cfc5f
0835ffae
07f800dc
04a4f7cb
042703dc
053a00e8
027af8de
fc6601b2
02a5f833
fe14f9ef
f9f50319
fdf4067e
fc570429
00d2fb12
0349fb09
057504cc
fee20b38
f9710289
f6a6fb84
01d3ff79
0a880128
f6f6ff9b
faa904eb
f859002a
00fefa06
0b2d02b1
fa4cff39
0142fbb4
fdab00a3
020e04e4
02ec04c7
00f3016a
05bb0230
f8f8fa15
036cf94f
fdda0064
f3eefe1b
fcf504fa
02c30a20
ff9b0260
f918fdc6
0490fa7e
ff87fda2
f6e40174
f977ff54
fb890249
ff020665
fd5608a0
fd590244
038b045b
07a702f6
00a9fb6a
02d00443
016bfdbb
f574025f
f7190566
01aefc35
fc8803db
f51c006b
fdf3fc9b
ff65f546
062efd9e
054efd9f
029ff44f
fedf04d4
f42dfc7d
fe5fff80
fa7e00d5
fe87fb3c
04400542
fb6bfd3c
fcb30284
ffa3fe8b
0524f688
fbbafede
004a0541
06ab010a
01f0f9dc
036c06ee
f5030158
f93cfe95
05a80cf2
fcf107cf
fb1d0112
0153ff6a
028afc65
fde0fbde
fa3a030e
05f4fe25
07d8fa8d
021f0498
07c202b6
ff6afefe
03daff01
ff47014d
f61aff4b
0621f9e6
fec3007a
fb400082
fdadf677
fc2001e5
feb00b7e
f99c0113
016f038e
01c90326
fdc8fd69
05f2054d
fd3d0899
fabefe00
06d8fd05
fd1e0473
fca4fc53
0082fd4c
fe6efe63
0b0bfacb
05a5046a
fa6fff35
f828f987
031003c1
0a960228
023dfc30
00830647
ff3a02b2
08a9fd70
01e0035a
fab1fa9c
04ebfdeb
030904cb
0b530271
0300ff42
f7680016
04da06c3
043203f2
0422fdca
0a16f567
019d03bf
fefe0962
fb19f137
f658f967
fe43039d
fabef861
fea4f875
01190008
fc21ff08
0651fbab
fec6ff5b
f9f6ffa5
0406fce2
093ffbdd
0b24fc86
0167ff88
01ec02a7
02d30168
fe18feb2
0403f7d1
f999fc74
fc4505d4
0b4dfce6
0317ffb2
05eafd42
0adaffdb
ffce0162
f65b0447
ffc7097b
fe2004bc
f3cf0381
01adf7de
041403c7
018e0d12
faef0225
faca0944
ffc2fefe
ffccfc5d
0231fff6
fafc0026
0606082a
059d056e
fea4ffc0
fd16ffed
fd41081b
0aef01cb
0270fe9a
001400f7
035e00e2
048406d2
028dfe4b
00c0fc6f
08f2fcb5
0229f8a0
01100266
020f02ac
0400f565
fdf6ff56
02c2073d
10d0fb25
fe4b071d
fb3f05b9
012cfc78
034707eb
01100366
f8cf01d0
fe6f04c9
fa3ffcc3
fee2f899
0b8b01c5
028d02b2
fed5f9dd
0a7dfed3
0480fd1f
f816fbd9
ff64fb72
0669f571
005dffa4
fea001bb
ff80fae6
fe65006a
08be06b1
02b0ff9f
f98ef9d4
00e100e7
0569fc50
0575fc11
052e07a0
0c9204ea
055bff12
0421035b
fe5500dc
f898fb39
065006fa
fe74fd2f
0148f1d7
fbc1fd5b
fb8bfdfa
02d904b2
f2a203cf
ff910479
072b0935
03d707bc
00070344
fac7f815
035106ff
ff970886
fd27fd7c
ffaafee7
fa66ffc6
01900231
0b8f056c
01250ba6
038ef7fc
013cf68c
f6860316
fd8d010b
fd61fb23
ffc6f1ff
fcb004a1
fc77016a
fc34fd28
f8fbfdd8
fca2fa1d
fb53085c
fd84fb19
fc86fc20
05a8fb86
fdbcf619
f69a018e
f895ff8a
f526fe13
09f6fb2e
056c02a1
03f302a4
08b5fd60
037bfbe7
0209fb93
fc100326
05b90382
f9f00605
f8200215
fd34fbff
fc51f763
06c30390
00330756
057df54c
005d0655
fbcb062a
04d4fb8a
02ab068e
fff2fabe
f742fa42
f7bb01a3
fbd8fd15
01ed0758
02d102bf
f8c2fa0f
fc7406be
ffb902d2
f84b05e5
01d10ac4
0df5fe8a
03a5fcbb
002dfa5d
fb5dffe6
fe5401c5
044dfbef
f726fcab
02b90020
01aa066b
f84dfe6f
03e6fd68
ffdc05d4
045bffcf
02e2fc47
041ffe9b
0862fbcd
f74afcba
04920124
0510ff0d
fdb2018e
0a1602a9
f822f9f9
f658fc77
ff0003bd
017fff91
fe4804d5
f6ac085d
0a76fc3e
09ecfca3
02690233
fb9dffc7
f75dfd0f
01be00b3
f530041e
fb470417
02df0347
ffc5fe79
0319fdd8
fb2bfd85
ffa60483
fc70009d
f834f751
ff01018b
0181fb28
01a40248
fb0d0e57
fe03fbf8
061bfd5e
01eafe5e
f9d9f924
008c062f
ff5e08cc
f954086a
031e02c0
fbeafdea
fcfc0bba
03ef0803
feb8ff3f
00630295
f851050a
fb8205f8
fc53f91f
fb64f625
0afb0274
06e8fc90
0371f233
01d3fd83
016b02ae
05b4fbf1
01610193
026508c0
f5b70623
f4fdfa79
0362fae5
fb5cfc66
f9edf8f6
fec203f5
fc360835
ffda015a
0334fb0b
fb40f863
fae9f604
048cff25
0121fdcc
01aefae6
04e40606
fde1f61a
0113fcef
002e02c9
fd8bf892
00d4071a
f9ae0128
015e006e
0491092d
011b03e6
06c7f876
fd0ffae1
021d0472
05deff25
fcf2025e
f8fffe2d
f5d7fc86
022dfc71
03f2f9f6
fe1805f5
ffbf014a
0128fb27
02e3fd0e
0386f85e
04d5fcbc
0551048b
01d2011e
fbcf00eb
0210fd4f
fdfdf926
fbb9fd5b
03eefb9e
fedafdbe
05eafd42
0adaffdb
ffce0162
f65b0447
ffc7097b
fe2004bc
f3cf0381
01adf7de
041403c7
018e0d12
faef0225
faca0944
ffc2fefe
ffccfc5d
0231fff6
fafc0026
0606082a
059d056e
fea4ffc0
fd16ffed
fd41081b
0aef01cb
0270fe9a
001400f7
035e00e2
048406d2
028dfe4b
00c0fc6f
08f2fcb5
0229f8a0
01100266
020f02ac
053e006a
06380841
f5ebfd85
fe0bfeeb
fe6204de
fd9bfe51
fbb306a6
fb2b0495
007c04cb
01e30857
00030186
fbe30017
082c013c
07d50124
ffcbf8db
05cefbbc
02df01b8
ff8efea0
0426fcdb
069ffdbc
fd26007b
01720526
08370359
fab9fa5f
08de0ae6
0d330426
ff25f94a
038006d4
f939f882
fb4afd3d
fd25fa5e
fae4f8a7
0400016a
0299f27c
0889ffc5
fc2d03e7
f696ff71
ff0f02f8
01980355
0be0067e
028e022f
feaf04e8
01b20038
018cfb5c
ffeaf909
fcd6ff26
fec9038f
0080fcf9
0ebf00aa
0764f9a4
f8a80309
fd830a91
ff9300fe
ff6603a2
0117002c
02c7ffda
fa91fc2f
f858fead
fcaefcbc
005df7fd
fe070915
fea1019d
0ad3fdfe
040e0370
fad4fa96
02430417
06cbfce2
ff2df9b8
03280579
044bfcb7
f79f04a8
ff380402
020cfd75
ffa203a8
02fafca3
00e902df
0307045e
0415fd90
0459fc55
0a2aff2f
0515097f
f74905c3
f984038f
0019034a
0562039f
011303b4
004bf85e
0b75f474
024dfe4c
f89606da
f8b1fc57
fcadf672
0067f87b
018cfa7a
feddff4e
fd47ffa7
02d405a8
00e10070
fdcffbe7
f9f9fda1
021bfb12
02160197
fceb0448
fd24ff30
f652f734
02a8f8f1
ff57ff7a
ffa0ff29
0258fd30
fcdafb94
05edfc06
03cffd5c
02a9fee7
f34cf756
f8e1fbc3
03aa078b
0181ffe2
0cb9fedb
02ca02e4
03e5fdce
feba0183
fae80198
ffc6fa90
fca90348
00c20034
f6c102a3
fb4308a2
0137f8c3
fd96026a
fd80ffb2
0762fac8
0ece0b59
ff1d0507
fe180131
002502d3
ff6106ab
fc6b0496
fa48ffaf
0097fdd5
fdaafd6d
fe4e0715
fc60005f
fc60ff6c
ff1b0811
01ca025a
01f1fcf8
f5570511
fbd2086c
07480162
f89b02ac
f985fd63
09e103b5
fca4095b
faed02b3
0878043a
fd7504a4
fbcf0618
045dfcfb
097cfd59
00e8f8ca
f21af1dc
0063fcc7
fe6ffba0
f5d100eb
06760087
febaff47
fea20187
06c6ffba
fc810358
fca2006b
f9ef04d4
fe58fe20
ff4401e8
f8b40f8a
0019030c
fd420036
fabd01c0
0264feb6
0041ff15
fd5ffbf3
001efc67
f9df035e
fd1304d0
04ac00a5
02a5fa14
039af4ff
03f8f3db
0133ee76
fab7fe2e
098e06c2
05bbfb81
f6d60342
052c0296
fe38ff27
ffa500cf
fff9fc29
0033faa3
0ac4fe46
f9bd0015
fc27fd56
0439094f
fd330300
fa43f35a
fb2304ac
00e1072e
fe33fd92
f615fff0
f928feab
01930093
024200cf
fc690248
f982fe1d
0305fc7f
fc570854
fbe5fc24
0213f9b1
fb5e03ef
04f0fc64
0392fee0
068afdb8
ff17fc2f
f8e7fd27
feca03ab
fa4803d5
09e6f61a
f91efda7
f604ff49
0735fccb
05a8faf5
0c84fcdd
00230516
0161066f
01cb0f69
fc73fc31
029df77f
0b060515
09c1fc02
fadf0537
00df005b
0049f9ce
04d30183
075ef8b2
f9a3fbd8
f59507e6
f7a100be
084ffbc2
06a301c3
f858fdb4
fb3c02b6
ff6a046a
f9a9fed1
fe2206f2
07a4fd46
064ff65a
039f06f6
f98d04f5
053e006a
06380841
f5ebfd85
fe0bfeeb
fe6204de
fd9bfe51
fbb306a6
fb2b0495
007c04cb
01e30857
00030186
fbe30017
082c013c
07d50124
ffcbf8db
05cefbbc
02df01b8
ff8efea0
0426fcdb
069ffdbc
fd26007b
01720526
08370359
fab9fa5f
08de0ae6
0d330426
ff25f94a
038006d4
f939f882
fb4afd3d
fd25fa5e
fae4f8a7
fc23ff54
052200bc
fc9d0182
0703032d
04d30001
feba0269
f8ad0667
fa34fa9f
071603d9
01490082
01f7fb2c
0b8a038d
02cc0053
fd34fafe
0206f9a5
fc4fffa6
f73cfaef
f9570190
fd17fd41
ffcef551
04e20002
031500a5
fd4e0842
009fff40
0088fec0
ff99032a
fb42f7dc
0207fb9d
04760054
04bf052c
06dd0211
f6a6fea2
0bc7f839
0b29ff70
f5c50d6e
097affe8
00ccfa76
f7affef7
01700329
030502ba
094f019e
083c021c
ffbb0051
fc2c0103
fc330660
02da0a3a
006aff26
027401e7
0de302fc
fcbbfe96
fdd1031c
fb9b000d
fc08023d
0ef902cf
fb23037c
06dafdd4
070ff520
f797f6e9
00bafb58
f30bff3b
fdcffe13
0405fbdd
ff7c00c4
06c809da
04730080
ff79fb5c
f5c6fed3
f1dbff91
fe20fee7
067bf6bb
fce1ff34
030701b8
ffe5fd85
fa8ff84d
04a7fd12
fd2e0800
fd8cfa41
ff12fc2c
fde30257
fd7d0670
00ab0964
fca4059f
fbf5fe7e
0716f525
fd860435
0709026b
06a9fceb
f92e02bd
fd4d0008
fe28fec1
04f5ff10
021e06b8
0367fc45
fd9efc75
fb7a04c8
03c9fbff
fd2cfe96
fd7affd9
f9000133
fe4005b0
09180731
0854048b
074c0260
08820179
049cfe41
f8e605f1
03c104b5
0227f4db
f82efc5d
0717095b
00e90215
f8bd0055
01b9fa22
01eefdc1
00d7078b
01e0fa03
00e3fcf5
fe89068d
033004a7
079efaaa
0155f509
024ffec4
015bfca3
0161f8ba
ff78002c
f6be02fa
021ff7a5
faecfe18
f17b0654
f747f919
f52cfd1b
07330085
050dfd90
fc4ffc11
09c20073
0b8c0821
07e30293
fe9100dc
fa0d00e4
fb0101a2
0584fdba
0c5c0218
02840539
0096fde6
fa8608b9
ff2a0376
074aff17
01750397
fcd20067
f8750484
016ffddb
fbe1ffcb
f3e6feea
fdacfbaa
fd5d008c
fc3bfa1f
f662f91d
fccb003a
02a1085f
00dbfd09
096ffc77
015aff21
0002f924
009e093e
000bfc3d
0094fdca
f7680b33
0384feb3
01310231
f7170105
ffa3fff8
fb3cfcec
f7120577
fb8b0089
ffeef77c
018a0c86
fb2f015c
f283fe68
f60eff72
0358f99d
030affe7
f7b5fa6e
fa4802a3
fa8301b8
fabdfb28
0498fd81
fe670655
fac403d8
f7b7fb02
ff810591
031d0098
f1fdff5b
ffcbff80
048cfd10
0333ff5a
03effa93
fa44ff88
05b8ffcf
0206fc0f
fb99fb52
00ee075f
04ff0829
02b5ff92
fa710386
faeff796
ff36fa33
011d0245
f927fd24
0517fe44
0433fbe6
f7f0fb79
085aff94
ff5fff61
fe97fbce
07360634
fe370b53
07710155
04ea013c
fa130664
fcda05d9
046e004e
094404d2
fff40352
0047f629
016afbc2
f50c0209
fbfbff70
066d014a
071dfe1c
0296fd91
fd1e00cb
052a0515
08b00940
03cb00ea
0042fe4f
04fb00a8
0071fc98
f55afc5e
fd7a00ac
0276fded
0359f636
0391ffad
038f0399
092efe49
04c304e7
fb8c0281
ff81f6fa
fe52f496
fe0af9b7
0832fe85
f72bffd4
f9670035
0505056b
fe4e036f
0767063a
fa3f0964
fc23ff54
052200bc
fc9d0182
0703032d
04d30001
feba0269
f8ad0667
fa34fa9f
071603d9
01490082
01f7fb2c
0b8a038d
02cc0053
fd34fafe
0206f9a5
fc4fffa6
f73cfaef
f9570190
fd17fd41
ffcef551
04e20002
031500a5
fd4e0842
009fff40
0088fec0
ff99032a
fb42f7dc
0207fb9d
04760054
04bf052c
06dd0211
f6a6fea2
063e0296
136108c0
0aa900d8
ff6efa43
037efbe4
fca5fc9a
fcac0060
fd0cffa9
0094fe79
0af2ff7b
fe7c00ed
facd028e
0594ff2c
020a03a4
f63e01c0
f943faf3
fb9609ad
fbb009bb
02b70572
fa84004e
fea6f84e
faff033c
f765ffda
095c05c2
066f052d
060cff6b
01b60b68
fed103e9
0b6f04b6
0cd10136
03e0fa11
f91afdce
01e1ff4b
06f300c8
fb73fcc2
fcd70108
00b100f6
fb2d0414
fb73fd86
00fef78d
03170771
045f0074
0345fd12
00110122
fa99f8a8
01fcfd75
079a051f
fe68ff3f
004f00cb
fdf202be
fab8024a
01b8105a
032305c2
ff4afe92
fc4c03bc
0406fa94
07fb0433
00c10100
ff22fbfc
fd97099f
fbca00ce
ff0df5a1
004aff3f
ffc10365
0000fbc2
0495000b
008f01b6
fa65f62f
0115fab1
00260300
ff3ffca1
044cfa89
048afc56
029b0241
056f0387
0528ffff
04aa0562
06f5fe1b
fa59f990
ff60fbcf
00f1fb87
f9c10312
06fdff0c
0296fc94
fd6d01c3
fdbffdb7
0247ff3a
0434fff2
fc2efc9f
fa0f0271
fa72f8a2
0229f8de
ff710472
01930021
00fb06f4
ff92fa59
fc77f9a3
f7020594
0b5efdec
fbe605c5
f8e200f0
05280061
f9dc0147
0710fa7a
faa2fbdd
f8dc012b
07130494
f9e1fcd8
01a60698
0b02fe26
00eaf9ea
01030758
08ec0031
04b0021a
ff4305bd
017c0395
0453f78c
00d000b0
06170454
05c3f92a
f8d60578
00eefeba
fc56fee5
fa730085
0b71ff07
051b07b8
fa7e0265
fa02007b
fc96fa96
02fffa70
076a052e
ff0b02ae
f955fb91
fd4dffa0
003400ee
fb680048
f78cff4f
0434fcba
0427fa47
ff26f994
fee8048a
fbacf7fb
ffbdf8fd
fb6f04a8
ff6afcbd
08550621
fbd001c4
f81805a9
06570e51
035407cf
fd76008d
fc7efce3
f7850133
ffe2fe67
faa4ff32
fc2df3bb
042efc8e
f6960313
01fdf9c4
033105fc
ee91ff4b
f5e801ea
02e2fd38
046afcb0
fe4108b8
f83c00a3
fc2b06b8
0032ffa1
f7d30050
f8180cf8
034f01aa
fde2f3c3
0020f827
00dc0815
f97801a4
ff53f9a6
f7850347
feff022b
06c4022f
fabb0adb
0364fe55
02c8f91e
fd62fd45
fe7d012b
03890cd3
049a0173
fbb2012d
fe940214
f343fb46
f588ff54
080ffed7
fc6d058d
fa58fbc2
0e53f926
0aca0326
fb5efd52
ff89fd18
01e2fcee
0103f635
04e9f74e
0683fb66
fc32f604
fb39fbe2
02d605f2
fba90a23
03cc0376
0343fe97
04630775
040f00e3
f5d403c2
fd7204b0
ffe10016
0755fb80
fffcfa99
02650afc
0bcafed7
f90aff7d
02730949
ffe50365
faeaffa2
fdc7f679
fd70fd8b
ffe9fc80
f5e20047
04f3021f
07f50225
025d0ae0
0489fef1
00630625
011505e0
fb04fe3a
0078ff75
01a0f5e6
fa63fd29
fb8effbb
0216fbe4
047afd5e
00df0152
ffb8fa73
fdfff91b
04e809e1
ff1bfd9a
f96ef881
013affd6
010f007c
fff80696
f673fcda
f7e1f86d
02d1f7fe
06cef996
0c46fafa
04adf92f
fe5500b6
feccfc5d
fa7cfee9
fbe103aa
063e0296
136108c0
0aa900d8
ff6efa43
037efbe4
fca5fc9a
fcac0060
fd0cffa9
0094fe79
0af2ff7b
fe7c00ed
facd028e
0594ff2c
020a03a4
f63e01c0
f943faf3
fb9609ad
fbb009bb
02b70572
fa84004e
fea6f84e
faff033c
f765ffda
095c05c2
066f052d
060cff6b
01b60b68
fed103e9
0b6f04b6
0cd10136
03e0fa11
f91afdce
fcd4f896
03400318
07a1fe4e
f98206fc
ffe1047a
0219f713
011f05cf
0b790337
002df80c
031101b0
ff0401d8
0399fa63
09dffe6b
ff87fe15
ff7d0133
fe97fc47
02dbf9f2
018f0663
0440fead
fc05fd4e
fd27047e
0893074f
f94b0623
fe5aff61
04e3ffae
fd0ffef2
02e6fdcd
049ffce3
f9f8fe43
054efc30
08fb01e4
faf50659
04b5fc77
01920004
053b00ea
09f6fb9d
0212ff69
04b803ca
feedff54
0184fffa
03d9038a
0729ff2f
093cfe31
00fcff50
fe800445
03f1fac1
064cff3f
fcfe054a
008bf412
01df0391
02e60992
092cff4f
fde1045a
fad7005d
0427fac6
0516fff0
fd1202a0
fbd5f815
0312f8f8
058affdd
01d503e9
005601e5
ff23fdfa
048105e0
08a80396
fd40ff3f
fdaeffca
fc38fe74
f8dafeea
f98bfd3c
f784fcbd
08020351
09cc022c
fcf30204
fad508d9
010400dd
089f0030
0508faed
0312fc01
069d0376
098df62c
08ccfd80
fd620236
f856015d
03f8fff1
fbf2fa4c
fd9603a7
0cd602d9
f8f9014e
f624fb75
fb98fbbe
f6ef042b
ffa5010e
0886016d
0cf90087
003c005b
f839021f
f7c50b4c
fb420a94
fa77fbfe
f1edfc50
fcb5fdf4
ff36fb99
fd01f93f
fb85fa08
f98afe90
017f01a7
02dd033e
0211fd4f
f9fdf918
00380075
06c30485
fa03fb66
0648fe24
0b2307bb
ffe20339
011c0312
fd89ff77
fc5bff7b
f73003e1
f9c0f96d
0974070c
06090c77
fe3bf7b0
fc290063
01db0246
02b8f719
f9b3010d
032c0496
02e7f881
f91dfbff
015fffa3
054ffa4c
fa1504b7
f3720022
00e0fe3b
010a0439
f317fdd1
f7090018
ff68fde3
01fa029b
035bff85
09e2fe9a
03d20724
f68ffd53
fc3604ee
03dd0231
04a8fc31
fd5a082d
fbfdfe0a
fc9ffcfc
fc23ffc7
0476f9d5
01a8fd1f
04dbfd08
fa7c0631
f095056a
0072fd8a
fea0fe57
03c8fa6f
00f30931
fecd04f3
119ffbf9
065efdfb
fd26f470
070501db
042cfd2a
fc9dfe4c
ff1003a7
fe89fd10
fc9f0602
fef1fea3
011f0ad0
fe9b0739
fbb6fb34
029b00c9
f863fcdc
00b0023f
08ccf68e
f876f9cb
fcbd0473
f752060b
fff40388
fd3dfe94
f64bfff9
064ef88f
fd9407c3
032a00aa
ffedf98d
fb520229
fe74faad
f69100a8
fd00f996
fa50053d
ff5707c7
0367f90d
fd620051
f9f3feea
f88002d5
f9a40208
fca50263
0ac80270
0727fa5d
05adfd6b
08ed03df
015b0345
0934ffa9
0534ff21
ffddf91a
0a5c0177
020b06b7
fa24fec2
fe7d015e
fc93030b
00efffc7
fdaffa06
fc5efeb3
087cff17
03fa0352
00060630
04c3f4a9
0182f90a
fe8e016e
005a0356
fc770389
fd7afec6
000f03a2
04dbfb90
081df9d5
fb41021a
fdb800be
feb003fa
053a039b
06290386
fcde09f9
098d05e4
f8ebf687
f655f867
ff31fff9
fa48fe84
feeb0588
f691fdc2
0055fb53
febb0237
fc01fe26
0d670261
fe7ffa01
ed57f42b
fd93f97f
001d044c
f45e0de1
ff6d054a
fb2000c4
f906fda4
fd800467
f95dfff1
fcd4f896
03400318
07a1fe4e
f98206fc
ffe1047a
0219f713
011f05cf
0b790337
002df80c
031101b0
ff0401d8
0399fa63
09dffe6b
ff87fe15
ff7d0133
fe97fc47
02dbf9f2
018f0663
0440fead
fc05fd4e
fd27047e
0893074f
f94b0623
fe5aff61
04e3ffae
fd0ffef2
02e6fdcd
049ffce3
f9f8fe43
054efc30
08fb01e4
faf50659
fe6afe4b
0150048e
fe30ffb7
01a2fbe8
0886fd8c
fc6cfaa4
f451ff94
0907013c
ffb2fd85
f65cf8ac
050d029d
01dc0832
0208fea9
fd6cfc9a
fd1b021f
00c10221
01cafa4c
07cfffea
ff5502fe
fde000da
fe2200b6
feb2fd78
fec4fb1c
00dbf5ac
08ddfd74
fe9dfe35
ff110094
03370674
053aff48
06630499
fdb4ffc8
056903c5
06d40931
0338013f
01da0acd
f7f1024d
faeaf6fa
0529fdfa
05dc034b
045e056c
0a41009f
0258fa34
f91bfa8c
fde8fda1
fa2efd1f
fef60228
fe3601ce
fc71f8fb
073ff948
fd32026b
fa13fc4f
fb41f54d
fdef0631
08f8029a
035b00db
07b902f0
051ef9a1
f7f60ade
031e00d3
0bcaf088
00350388
fa0907bd
f93bffdd
fd14fa82
0ce6f4a3
03fdfd7c
fd7b090c
0510fd97
03600057
07cb0481
01b2f9d0
047bfd11
0b93fc7d
00fa0112
f96fff92
017dfd00
08e0fc97
017cf2f3
0070fbfb
01e90172
fe52ff49
f8c0fbbd
033d0339
010d0a0f
f7bafbfd
07b4fe27
fc5403a5
f7ad03dc
f8590252
fbcd0416
0f6106b6
02e30119
01b20047
ff2fffc9
fb81083d
05830155
fa58f839
ff34014e
0a10021f
0169fdd1
0280f9a8
029601b8
fb97fe58
05a4037e
ffc80ed3
f45c0305
fef805f0
fd350145
fb76fdc6
00140297
fb38015e
f86e02b1
f81cfee4
f4c9fc25
fd3ffc35
07e208b3
0a2a02e3
067afbf1
06640178
082afe80
fabafe7e
002ef0ea
faf2fe94
f4c1032b
0278fb78
ffa10ae9
048efd21
fc0802aa
fec2004b
fd95f338
fb5e071c
0da101bf
0306f3c7
05eaf868
fd51048a
f5e202e3
fa91045e
f8f4079d
fe24f9c6
f865fd4b
0534fdfd
fb60fe04
fceb05f9
0b0902fb
f88d004a
f9b4fc68
f6f3fec0
f78c0028
fd92fa95
fe87fd94
04bafaf7
003ff6f8
f6f30304
fde5fed1
01d6f927
f4fa082b
ff630a32
04a20696
fb98ffae
021efe62
0a240389
02250262
fdbc0785
042e05d3
005604a0
04480397
fc54025e
fa7c013e
0004fed1
f99905cd
0228ffd8
044a0254
04880469
fd5afc4e
fecc067c
03cd005a
fb95f4d2
fd90fc6c
fa6ffe1e
fdbdf919
0381ff47
062c013a
013cfcb9
fb5f02d0
ffa200ad
ff5300b8
fe8403c3
fd8701c6
00130085
fd44f919
ff1ffbc9
024a0000
013efea3
fa7ffd5b
f9dcfd7d
058fff6e
ff8ffb0d
07f701bd
ff92064f
f869fbe0
06a7ff47
fac20609
021600c4
ffe60235
fab3ffbb
0177f958
fe79fe96
03ddfd9b
fc06034d
ffe9054b
0ccdf831
ffb9f876
f8ecfa15
07ecfb39
08b6f8f5
fefff8f1
fd030136
fe46ff52
facfff64
fd7a00ae
088b03d5
fc9804a4
fd38ffc9
f882005e
fa58fde1
0ec2019f
fadc00c4
ff51f9eb
016dfd0e
fda2fea4
0a46ffde
fbeffba5
fa6fff65
faea0355
0202f7f2
feed00bd
f8ad0562
0a00fde8
043e05aa
04eb052b
0ab8ff35
fd06ffb6
f73504f7
00fa04b7
05b4054f
fcce0a7a
f639017a
faa000aa
05b20334
0440041d
02110352
009ff997
fc0d008d
051e04e5
005d0911
f6070868
fe6afe4b
0150048e
fe30ffb7
01a2fbe8
0886fd8c
fc6cfaa4
f451ff94
0907013c
ffb2fd85
f65cf8ac
050d029d
01dc0832
0208fea9
fd6cfc9a
fd1b021f
00c10221
01cafa4c
07cfffea
ff5502fe
fde000da
fe2200b6
feb2fd78
fec4fb1c
00dbf5ac
08ddfd74
fe9dfe35
ff110094
03370674
053aff48
06630499
fdb4ffc8
056903c5
03b50000
fa1cfd17
0091fd31
0872f797
fb6bfbc5
03d602f6
0152014b
00630417
0c84ff94
01ce0045
06b2fe89
ffdcfe55
f774052d
fb53ff45
f448fdd9
fd6e04a4
031ffe00
00cdfb58
fe2afdd9
03a1fe7b
0612013f
001601ae
fec3025a
024effe2
08f6062c
fd3eff81
01aafc87
050b0a9e
fb8b0230
ff80ff67
00a1fd4b
04faf8e1
fa1afc77
fb8b0158
05d80266
058afab7
06a0004f
fb0effca
fc53fcdc
0048fb2c
fc33f932
fe62fb90
0636fd2d
fde708aa
f51eff68
fe92fb03
fd6f01bc
ff56fbc4
fce30479
fb980331
fea9f7e3
fdc30183
01230682
ff0e00f9
fed909c8
010e00c6
095afd9b
01020cf0
fc1df95f
0684fa0e
032a059b
fda9fed4
f66805ca
01f9ff5d
06f30196
00440987
fef8ff25
fbf6ff65
05e2ff2f
05bdf8d6
04b0facf
04fbff22
016cfd22
01fafa65
03050013
083b01ac
0918f98e
033bfce3
fce906a7
02a2fe66
fef1fcc3
fab6ffd1
0411f579
02edff3e
fe8a0621
ff21fea0
0552fc57
0680f93c
01f8011b
fd3d0472
04b90410
0389052a
f8cc0849
05490407
0496f7cc
fd2207d8
fa5804f3
fd93fa07
02d3ffe9
faeef254
0400fc2f
06c305f5
fcd0fc1d
fb8bfe9e
f9dffa13
fa8ffd4b
024a07bf
fe6404eb
f9d6068b
042b0959
031e0a50
08f10925
07a5fbdc
00d5fd3c
0456033f
fce9fba4
031afffc
02f70319
fcccfd87
ff1a0200
fbc507b9
fa770054
f6a1febf
f64e084c
fa0f0432
fd56fbe3
037101e4
059207db
f80d0000
f82603ce
03c60c66
ffdaf7e2
0147f14a
fbc302d2
fcb90448
004b058e
fcba0555
089afd88
fd1ffa71
fa64f73a
07e0fa01
f8cafd6c
fbb20035
0353fc65
fdb5f896
03c5fcc2
0779f655
03f7f9fd
fce00038
03d3003f
fcf100c0
f406fcba
00bffeab
f6c4fe74
ff1e0161
068efebc
fd81fdbe
016b06b1
00460308
05d5fa7c
f384fde1
f5e001dd
0957f9d9
fb9c0051
fc4bfeb4
05e4ff4d
0ff608fd
0630fbff
f7fa002e
ffedfff1
042c009e
fc50081f
f1a5fcb8
f405f9dc
fdd3fdd4
051f020c
f97502f1
f99706d5
017f0018
0152fca6
00e5fe5d
f4a1fbc6
ff6c016e
f9aff7e1
f79b013c
0315051b
f94bf8a8
0421ff9c
fba7029f
fa2803d1
084d01cb
0390049f
fd4bfb96
faddf450
07f70071
037d08b0
fd370810
fd8efe55
f976fe82
fe06fb8e
002afdf5
02a1fdce
fffcfbde
ff2003e7
03f7ff92
06cd0369
febbf933
fdf6fae7
05e309d3
081bfded
07cc0623
f8fd0a66
fd6bfee0
f9640379
f2210724
07fd01b3
0326fbb6
fea0fe26
00030437
fdee01e2
fd5afd51
fbcf0071
00c80658
f64d0073
fbc2f839
0101fef2
00f70223
09ce0129
049a0081
069dfeb6
fcc7fc03
fefa02fc
0cc90c8d
03dffc2e
0353fc59
009700e1
fc63fd07
ffdb025e
06d60334
fb4a079a
f6b3ff8e
0f7403a8
05b5fee2
0285fea9
074804ad
f4b9f0f9
fc670271
fd8603b6
fa1a0319
04f8066d
0194f39b
fe2cfb46
014df60b
046e03c8
03700bb4
0262fc97
03b50000
fa1cfd17
0091fd31
0872f797
fb6bfbc5
03d602f6
0152014b
00630417
0c84ff94
01ce0045
06b2fe89
ffdcfe55
f774052d
fb53ff45
f448fdd9
fd6e04a4
031ffe00
00cdfb58
fe2afdd9
03a1fe7b
0612013f
001601ae
fec3025a
024effe2
08f6062c
fd3eff81
01aafc87
050b0a9e
fb8b0230
ff80ff67
00a1fd4b
04faf8e1
02a8023e
00fcf857
fc3900f4
f9ec000e
fd17fa9c
06c305bf
099e0585
00cc06dd
0240fb5d
ff5bf7e0
fb0afbd5
ff2cfd28
fe92fe2e
fbc0fefc
fe19fbfd
04d1fb9e
092c0367
feb9fded
fbaf02bd
06fe0330
0082ff49
010902fb
02a40057
008af909
068bf5d3
fd08032a
f8e5ffb2
fb79004e
fe7a06c5
00c7ff73
ffb5fc6d
febd00d5
012c087c
05c9fec8
fe69fdcf
0256fdd5
079cfc74
ffe80036
faacfd35
033d01e5
082d0250
fdfb034f
0516fb8a
ff93fec4
fb6b009b
027ef66a
fa79ff47
06e5f971
07b4ff9e
fa3208e7
013dfde1
04f7034f
056e0378
05e7f90e
ff8affa0
ff0d05e0
fb28fd3f
f9930196
00fa044c
fcc0fb32
03e003ad
03270e53
f763003e
0088fa76
ff00043e
ff3d03bd
09c7026e
00fdf8ca
fa5b0155
02ea0c2b
fe11fd09
01d1f876
0d35fd86
043302d6
ffe0fe7c
f9ee0307
fbc2ffe4
0155f9b1
0060ff27
04caf52e
0143f955
fe0df54d
fb23f708
fc8c0319
f86e00f3
fe5d0426
0709011f
fb8d00c1
043cfce9
021405d6
01b604c1
0911ff15
f82a0515
f9b0fae3
00d909e3
026d04cb
fa58016a
f7690a5e
06f8faff
ff4e02cc
0176fbe6
0bbdfa4a
fe41fcd0
fecbf7fc
04cffeb7
00bffe0a
fe1809bb
ff00fff7
0688fc34
0724057a
01b4fe8c
039b00ff
057400ed
038b08d9
03b006d1
01e002ae
00aafd57
fe6ef606
009a05a7
0c70006e
01bcfd14
fcbe0182
03840438
f3500bc0
f61503f3
fe3506f8
f75e0394
fcc1fe94
0300063e
024c0622
ffbd027d
fc49f849
01ecf94d
0281087d
f96b05a7
ff9bf2f6
fe11f5e1
fe14fdd4
fbccff64
fbfe0514
0c6dffdb
faf1011a
fd11ff9c
fce8fd5d
ef2cfef1
fcd5fd51
f8f801ee
046afea5
fde702a0
fcb0021d
0b76fc30
f6cefee4
015af7de
0a9efaa7
06470061
0407fa56
f5f5fc2b
fa65fee3
02b0fc63
0315017d
fed4fd2c
f99cf2df
ff2cf890
087b02ee
0170024b
fb36005e
0394092d
fe01fb72
eca2f71a
f75b076a
0359004e
fa9f01eb
ff58ff95
f3b4fb36
f72b0285
0039ff8b
f24c0062
001e0169
fbbd000c
fb49fddd
0037fcc0
ffeefe0a
0ebcfc11
fd4efa37
f8920182
002f0d29
00d80907
0475fbd1
ffe0fe25
ff1905d5
fa19fc67
f868fdff
fb58043e
0365ff56
ff09fff5
fe14ff5f
0ed40066
0571fbf1
fe230261
016a0b67
fd4e0717
fff40321
0636fa99
08970440
06480699
044bfc38
fd4bfeba
f922facc
fb15f903
06cafca2
09b10286
f15806db
fd120402
0ceb01ba
f850ff47
0073fe62
feb30342
f5c0028a
09b4fcf8
06b7fa4e
ffd1fb47
0173026d
00400213
06a7fe10
05a8fe96
fee904a1
fc9f07f8
fdb702ae
fef4fe0f
fb87037e
fa97096e
0379f319
0136f5bb
fcdd053c
00a7fc1a
ff92049d
000500be
fecaf739
0220fb8b
fe56034d
008cff13
06c8fbe1
fb390931
ff7a064f
ff7101ec
fba4ff2f
020605d6
04b8feff
055efa06
04d6081c
074b01fd
fdbf071f
00190097
03e2ff91
fa0b00f2
feb4fa3c
02a8023e
00fcf857
fc3900f4
f9ec000e
fd17fa9c
06c305bf
099e0585
00cc06dd
0240fb5d
ff5bf7e0
fb0afbd5
ff2cfd28
fe92fe2e
fbc0fefc
fe19fbfd
04d1fb9e
092c0367
feb9fded
fbaf02bd
06fe0330
0082ff49
010902fb
02a40057
008af909
068bf5d3
fd08032a
f8e5ffb2
fb79004e
fe7a06c5
00c7ff73
ffb5fc6d
febd00d5
feea02ea
05310206
0259fa8a
ffa80203
01fafb86
0184012f
f9f203de
fd44fc6e
0495046d
00ed01d6
fa28013e
fd620170
fe6d09fd
fb4b0512
02d7fa50
02da09d4
022f0590
fef00185
fca801d3
0317039f
fcf608b0
00b3f9a1
04a9fba9
022f0563
0f83ff59
0650fc6a
fa94fd9d
03d9fa69
fd76054e
08be04be
0cb4f27e
ff090169
0b1204f3
fda3003d
fddd0450
0a84faf5
fbc3fb74
0926ffa2
0ac30e3d
fee60c04
fd1cfe6f
f9ae039c
08670041
08dd00c2
004c01f9
04cbfc15
0230fdce
0095070e
01670103
ffe7fa9e
fc32057f
f5f5ff36
f88ffaf7
00c8008d
07f7fc4f
0442f68a
fb000134
fd20051f
016cf912
0340040c
007203d0
fe9a035d
fb45013f
f6e0f0e5
fc80feac
fce7022d
010400d1
07b0fede
fd80fa4b
f89a00e1
fce6016a
fe270ea8
083e064b
082efe81
ff4808b2
0179ff44
fe20fa26
0134f6a9
044cfa4c
0599fb56
0707f366
fee5f8d2
01eb0345
065002ec
057bfba1
fd390193
ff0000af
0613fb6b
feebfba3
fd9dfb6b
feef00bd
0514004f
ff3a04de
fdb300ca
0556f9ca
fca9009f
f9a302d4
fbb105e0
0393049b
ffe70613
fad902ca
02b8fdd5
01480056
ffb3f8b3
fdb5046d
f8430493
f10bf4c5
f792003e
023dfe9b
fbe500b6
ff0c0724
0641fc6f
fa7e0077
fe77011b
03bb010b
fcec02c7
0c01ff42
027d0234
fd440336
0c650940
fe220088
f6b4f8fd
010403f1
ff4b01db
edde036c
fa33ffa9
01e8fa57
fa6d0383
fe42ffea
fcebf346
0478f2dd
fb77023d
03d60225
058bfafb
fa4d0115
fd39023d
f9210669
08c005ad
01330031
0551004d
03b7fd1e
f9e7ff88
07c50451
f9d700e3
fdd1ff9c
fedafca9
0136f439
02a4fb7e
00bb032b
001ffc21
f7abf6bc
09c50176
f86b1171
f76406e2
06defc63
004cf8dd
0472f975
00ef0573
095efe1d
02d5019d
003e0931
00cf0039
fc67fc9e
ff78faa3
f8180765
fd040666
003df8dc
001effc4
fb6103cb
00e4ff47
0454fdc6
fc130215
fec2ffc7
fea60432
ff290be3
fba2fcaf
05c5fa29
01cc05a1
fa0c0518
0534019e
fdf8fe23
0272fac1
006af936
f570fd41
fc9f01c3
010e0179
fd5d0009
fdfe060f
057008f6
09affad3
028bff6c
f7c007f4
fdd8fbac
fbcffdb9
fc8afd1d
0381fa28
fdddfd2e
fb5cfead
f4ec08a3
fbc102ea
fe640303
fd530641
07a7fcb8
03110126
fdd20104
032b035e
01c9036a
f404ff39
f8f901c6
008d002c
022d0539
0b3301c6
01fcfd07
0021f742
ff3af9c1
f52b023f
0327f60f
04820302
fd2604fb
06cafa4d
fca7091c
017601ec
090affe3
f9780217
fde1fd2c
fc0dfd32
0305f578
07d6fbf4
fe77fde9
0371fd09
00ae011b
fe4ff86f
fa26017f
00400835
fdc6fcc0
f561fd82
fef6fcb1
fee7fb66
00aeff63
f5390211
f8aefeb5
0998f930
fed6042e
fce4fbb3
fea9f3d1
fcc60309
0367f797
06daf94c
003f0afc
01080854
04d50189
0213fb69
04d0fa61
04e0fe7a
00b502d7
fb64fe65
feea02ea
05310206
0259fa8a
ffa80203
01fafb86
0184012f
f9f203de
fd44fc6e
0495046d
00ed01d6
fa28013e
fd620170
fe6d09fd
fb4b0512
02d7fa50
02da09d4
022f0590
fef00185
fca801d3
0317039f
fcf608b0
00b3f9a1
04a9fba9
022f0563
0f83ff59
0650fc6a
fa94fd9d
03d9fa69
fd76054e
08be04be
0cb4f27e
ff090169
06ea0209
06ba0519
fb550140
fcf402f6
fdd2fcc2
fe69ffad
025d0f2f
ffd804fd
fab0faef
f60ffb99
fe18fc60
058afdaf
01800236
054b0609
00d4ff61
fa2b02c2
004603ee
08eb0527
0464fdd1
f9c70104
fb360b2c
ff7bfaaf
fda3032e
fde803ae
07fd027e
00cd097a
00a8007b
03e30418
f3d8ff20
fe070094
019dfbbc
fd0af480
0296f61a
fe99fcfd
ff6e0beb
00d1010e
ffbcfef2
fdc103e0
ffd108f5
0b9d07c6
0c25fa30
f93300b3
febc0059
0805fba9
018cfd51
0a490341
067004d7
02a0fe15
052cfd5a
0c7ff927
0784faf6
f4ca0121
fe91fbf7
08d0f74f
0e61045e
0302069f
0066faf1
02410058
f3bc0330
0105fcab
fdecfe04
fc5c01c6
02def9c0
07cffd22
0abe0409
f408feec
f93f0057
fcd5fa79
fdf5fcd3
03e300c4
fb4c0047
04fd0361
04c0fb0d
ff08fe10
fb30ff0a
f7710041
04a50750
080bfffd
fcf70038
005efee8
ff93fd52
f5ea024c
fed5fe58
fca8022b
fc9dfe99
fc2ff0b6
fcc2f82b
0ec4007a
ff1f02b5
01880174
0ae7fa01
f6af082e
f9f10d06
fe02fa75
0271fcc1
001c0556
fb0d021f
00bbfb0c
0585f86b
08def8e0
f79cf581
fe440171
065b0b8d
f6b203b1
019e018b
07640053
04cefcaf
05a102a9
03700907
037c022b
0238fbad
0086fbc6
f9cc0147
fd1c03b5
022efcf5
fad40289
fd1c03db
005701d2
f7a2042b
00680456
0342072a
fbf6fb88
0852fd07
004efe85
faa9f9d3
fb940280
f6d6f8f3
fcac017b
f6420509
0225f42c
05ea03d0
fb43020d
0371f8d5
02660220
055ffb36
04ab00cc
fb400671
fdc701cb
fe03038c
fcccf84c
0545f9c3
013505ba
fbaa0718
fd8d0296
f8a8ff3e
fc51fd68
fce5f9f4
04d9044f
0375058a
ff540990
0d73053d
0049f321
f97bff5b
fcea00d9
f730fd4b
f6bc035e
00ae07be
058804b2
f986fc89
feff014b
fd6a02d4
fc700684
00a8ff3b
fc0b037a
028304eb
02f1f837
04a1037f
fe0bfb56
023ff9d1
0fef03b0
0460fdb3
0384f98a
076dfe04
fdf6022c
fde5fb99
ffd00208
f96a04a6
fd2000f2
fd95fb13
f8a30069
f8db02d0
fe8aff53
05420eda
faf2ff54
f8e8fce2
f87a02f1
f91700ab
002c043f
f95bf586
f86101f6
fc3602d8
fbcdfff9
f8160309
0168ffda
03900810
fe65f9a0
0643fb15
ffa50262
03910379
019cfeff
f750f7eb
046c042d
0536ff0e
fcf304e7
ff4e046b
0225f546
004fff7e
ffeafea7
f95bf9da
f602f948
ff26f8c6
fdbeff00
00570056
098901a4
01d7fbe0
044dfb1d
0569031a
fc090154
0acefca8
01cef9ea
fa660390
0b1e0270
006dfb32
fd9dff77
ff4bfc77
00d500f4
00c5fba9
fddcfb49
ff02ff7b
f874f9f0
fe180175
fb500068
fdfe0acc
060d0ac3
ff69fbe5
faecfd29
ff35fd98
053802d1
fe91fe91
067cfe02
04cafcb9
0432f966
085702cd
f945ff4d
0630fc11
08e403f5
fee0032d
fee0fe67
fd7104ab
ffcff815
fccbf769
00620b2e
038bfcd8
0722fcbf
008207ff
f8a1ff92
06ea0209
06ba0519
fb550140
fcf402f6
fdd2fcc2
fe69ffad
025d0f2f
ffd804fd
fab0faef
f60ffb99
fe18fc60
058afdaf
01800236
054b0609
00d4ff61
fa2b02c2
004603ee
08eb0527
0464fdd1
f9c70104
fb360b2c
ff7bfaaf
fda3032e
fde803ae
07fd027e
00cd097a
00a8007b
03e30418
f3d8ff20
fe070094
019dfbbc
fd0af480
ffea0235
ffd0f9af
065afbe8
011303b6
fc0500c7
01caff7f
06d8fe50
fca6ffd6
0b4bff72
046103a6
fec606c1
076103d3
fe5c0430
0823ffa2
043904bb
0080084b
0240fd83
ff92fc4f
fcacfcc0
001cfafe
03f3fdc0
fc3afa34
092e06aa
fcb70dca
fefbfdac
133101c0
045d01bc
fd950119
f8b00898
00e6ffb0
fa95011a
01e607af
056a05a8
eb450399
09930257
0ad4fb8e
f9cdfa8e
0336054e
fc61fff6
041cf904
03a000ec
01c5034f
017703d2
003602ae
0754007b
022404da
016a033e
026a004a
ff57fb28
0041fc63
fd6affe3
f409f9f6
f67a00a3
06a3018c
07b902af
ff5efc87
ff13f729
fd1203c4
fcc1fa02
02cbfb4c
02330165
04b20384
0241078f
f925fa7e
0428f58d
05bafa43
000a0579
09d70172
000cffcd
f9a202ee
05b8fd98
03c000d2
0569f9db
0251fc78
fcb00051
03f9fdad
02fe01e1
024affb2
fc8dfa29
00230098
03780773
f5abfe46
fa90ffd3
fd2104ae
017906ba
06b8ff0b
fe8efd96
fe140877
0262007e
08d8f7ba
0028f15d
fd0bff5b
feacff1b
fb97f30c
0542f796
fa6cf80b
f29104f3
f917fa1b
0009fe91
0c9f06ae
0260f5bb
f8c90193
01de0100
02ebfcc8
ff3affbf
000700b4
fcf402b0
fc4bfd62
ffc7013c
fca60176
026dfaf2
062e020a
fa810c10
fdf30c32
04ca0a94
fe8efe08
02befe59
fda2014c
fb15ff7f
0a5204fc
fd2ef69d
f85802bc
fdd30531
f58af39f
023f0766
027b08db
0738fe84
10180153
fd42ff35
ffad02bb
010f0201
f915fceb
fe590a7f
045005d7
0664fcac
fb1a0516
ff74fca1
06dc01a8
000b0153
0198fc8a
026cff2d
008cf7cb
fc98004b
017b01dc
fc2afc13
f97afeb4
05a400a7
f953fe0b
fb3d03ce
fd8b0ae2
fd7d0660
05edfd53
f81ff518
ff62fdf2
ffc0ff0b
fb2903e7
ff3106a9
f58f0078
015f0416
02f8f6c5
fc00f4b0
fe65fdd9
ff2b0871
fd5b0482
f996fb59
029009b0
fcce05ff
f817ff00
f99402b1
f845028d
06170003
0300043d
fc40ffaf
0219fd97
02ee06a7
fb86fa47
fb6bfa6e
0570fbd0
f959fd35
f4bdff40
fdddf750
fae2fbf8
0109fe95
020d04cd
ffb5f9e7
02e6fa85
05ea02fe
08b0fadf
ff340602
015509f7
01a90d49
fcc107ae
0180008d
f9f60574
febdf939
0233f3c7
0290fa86
0580feb8
fc3b02e1
017c070d
fd80fe13
ff59f84a
09bdfd7c
ff1d004f
f8b203c4
fc76fe3f
0073f762
f881f7aa
00f2fc23
08e1fd77
fd6504ba
fff4089d
009afde2
00b4feba
ff9c0251
f7830037
f8dcfa1d
0953ffc3
07670862
fed7fe2e
07c0016c
fd0407a3
0006033a
00430001
f839f839
051efaf5
02b3027a
05dffe37
05f2ff76
00ffff6d
fd97faf4
f9aa04db
013a08a5
0424fae6
07ddf36b
0056fc16
fc2d0039
ff8efbfc
fbd800b4
fef10594
0240fb86
fa07fc19
f3d30942
fb28fdbf
f856fc3b
fd6c0622
fad3003d
f77cfe3b
0661fdb3
fb880266
fd88fec9
0495fed3
020c040a
fe04facb
fe84fbda
0b8f029f
ffea0235
ffd0f9af
065afbe8
011303b6
fc0500c7
01caff7f
06d8fe50
fca6ffd6
0b4bff72
046103a6
fec606c1
076103d3
fe5c0430
0823ffa2
043904bb
0080084b
0240fd83
ff92fc4f
fcacfcc0
001cfafe
03f3fdc0
fc3afa34
092e06aa
fcb70dca
fefbfdac
133101c0
045d01bc
fd950119
f8b00898
00e6ffb0
fa95011a
01e607af
06470328
005c0d00
008505c4
05a3062c
fe44fd8c
005300f2
04a805e4
02bcf08d
01feff99
fa0b00f1
058cf6a2
064d012e
f8edfd39
f8effa65
fdffffa9
0c9809d0
0b330661
03580612
0a610659
0300fc2f
fc55025c
077f057a
fc0701d8
f6a2faff
0171fed0
fe20ffe1
fecdf14b
fe32f452
06e4f8bc
00c7047e
fa960710
0509fda8
fe5809e6
08d8029e
096efacb
fb640248
f6fbff48
ff6700bd
05da006e
f8fefd26
0810ff93
089006d6
fa9c02bf
01f2f9ca
0324fde8
fe440018
f866008e
09240019
0611f9b9
fddffa31
0a9b0289
f98dff48
faef01c6
fff504d1
f7e6fb78
070d0073
0021000e
f4ff0345
01ac068b
08b406dd
fff80d33
fc94034e
03d4059a
fc470152
0235fcac
04a20030
f611fda1
05700b06
07f205b8
fb4ef889
025cf9a1
0786fe62
01a00036
fb3200f4
0215011e
0400fd45
fdd8fe3b
0031fbad
04e100e3
05a7fda6
0195fcb2
016b0297
08c202bf
014a0974
f4a1fd56
f9b7fd12
fb83fd27
ffeff98a
01b8039c
00bfff6a
052700c1
fe14021f
050dfca4
0587fb9b
fdeb0956
081e04ea
021ffb0d
f8b203ab
03c1fb30
02a50003
f5e101e6
fd48fbe2
fee2008a
001b02ec
01f9ffb5
f88dff39
00c907e6
018cfa1e
fe8af9e9
feaf051d
fafa04f2
002b008f
fc60f5ac
f671ffa7
01730323
09dbfcf1
02f2fa2e
043eff77
02f60630
01affe7f
006bfd48
fedafd82
01ecf8ec
f173fe2c
fea204f5
0489f4bb
f15ff6f5
ffbe0728
039f0828
014607a0
febbf94d
fc3af907
ff02fb5c
f5f4ff57
fc37053f
0630fff6
fb45ff16
f888fb64
0332fef5
056dfca3
0ae702d7
043c0249
fcc9fb6e
0279feac
fe0bf535
0535fba4
04a2fde8
fdcd01a6
00750403
fdc20087
01b503a5
fdc7fb76
f9c7005e
02aeffd0
0250ff65
fcbdff3a
f9fefa23
fb8f00e2
ff3c0013
f616ff27
f92c0000
00e4fbd4
ff76fb8a
043e0594
fb67009a
063d00b0
0682032a
f4a0fcb7
fa200e06
f53f0b42
03ae0565
0807063e
02be0590
0a6a08b8
0066fca8
01f908e6
fb850f09
fad8006f
fedefeb7
fc30032a
fb330471
f78c04f8
0a47097e
fd940116
f587f51e
04b0f82d
f511061c
faf90701
f94b0433
f7dfff52
0da3f7f0
00eaff3a
f98dfdac
039401ac
005fffda
010bf8aa
043bfac3
f91afb3e
fb1cffd0
0884f725
01f1fcc2
078f04b3
ff2f021f
f7050006
08f1f8ab
faa6fed7
fa8fffd7
020005dc
fda904e4
082ffe5a
055a0306
00f0ff77
fb640160
ff71f984
01e2f9b8
fd380072
023cfd8e
00e0ff9b
05e4fe0d
fc1c0787
f3260318
0357fae9
05df0279
fcc3024f
fb0d00b5
fe91fa9e
01bbfec3
00f0ffdd
ffa9fcd4
00cefeb1
fd18f9e3
024201dd
00ab025a
fdf3ffac
088cfd32
008ffbd5
00f703a9
fdb6fd54
f9e7004c
03a8fef4
ff36f916
0573f7dc
05d5f974
fdcc0891
fb7e0285
fb75021a
fdc00136
fd97f907
051901e4
032efd5d
fb80f98d
fd95fc5a
ff06ff09
fa16024d
fc5b059c
05a00191
06470328
005c0d00
008505c4
05a3062c
fe44fd8c
005300f2
04a805e4
02bcf08d
01feff99
fa0b00f1
058cf6a2
064d012e
f8edfd39
f8effa65
fdffffa9
0c9809d0
0b330661
03580612
0a610659
0300fc2f
fc55025c
077f057a
fc0701d8
f6a2faff
0171fed0
fe20ffe1
fecdf14b
fe32f452
06e4f8bc
00c7047e
fa960710
0509fda8
030906cb
ff3dfb84
0116f8ea
017f02ea
0697ffb6
02e2fff3
fbddfcb0
011c037b
011a04f3
0668fc21
ffa3fdc2
05830473
0526ff11
fbc503f6
043003d4
fbf9f6b5
05130487
01f601b6
f56e001f
fd810a70
fd72010a
016d0173
00c2008e
011dfdb1
026002b3
0277072d
fd4aff96
f7c7fe5a
04fd05cb
03c3ff06
f7c9ff33
0772ffc2
116f0000
011d0065
007bfeb3
082efff9
0734fd53
f9800047
f8eefdfd
079afef2
fc79fdc3
fa8ff531
02a9fc6b
001fff8c
f95ffdb7
fce401bb
002a0593
031b066e
0d60fbfd
f94af74b
f9aa02a6
ffa500d3
fd11f972
06230555
ff30094d
0656020e
f94406c5
f5a40144
0621fb29
04aa04ec
05d1fcd5
fe24fb22
0142f945
0457f2d9
08090673
01cefe15
f8ecfb04
03d20a2e
0192006e
05b8fed2
fe7c02e0
fa0d0489
0d4dfb4a
09feff67
006c0246
0049f4ca
fcc404bf
faeb087b
fd9a0338
fd8602f3
00c0fffe
00dd0140
009af504
0744fe22
016707ba
fa08fa3f
fde1fa7b
fffc054f
fcf1071b
ff3ffcf5
fe7ffe2c
fe1b014c
02aafcb9
f91c05f0
feeb022a
0b3ef6b6
fd2c00b5
ff99ff95
0baffe54
06e70607
019bfea4
fa23fc59
fdc704c6
04eb04e6
040dfae8
04b00392
02f406b7
0503f7ba
034cff1c
ffa50491
023703b7
07fd03df
05970023
020600f1
fc260519
f6e704ad
0a11fc1f
fe93fb22
fb54fc24
070b0226
f2b2018f
0470ffc1
05b300dd
f70ffadf
fc330363
f6a4ff51
01c6fbc7
052ff6f9
fe61f7cb
fb2f03d4
fd7ff47d
fa90fa86
f8b7fc44
0554f916
002f0817
fb1d07d7
fe28ffbf
faaef860
fc4304bb
03600000
028bfefa
fbed0584
f2c9fec8
f4af0920
ffc1044d
f89902e9
f862fa9c
fe22f866
ffa004d5
fc6f01d2
f9890551
01d3f8d4
ff1603f5
01d50c70
08a2fbd6
080f0555
06820248
033800c0
fb7a011d
f831fc28
fb4b016a
fa09fc89
fd26fb2a
f87c00d5
01390475
ff100571
fc8bff4b
0956fef1
f2aa02c4
f849fd7c
fca603f2
f7e10783
031a00c2
f934fec5
f98df477
f684fa35
011d005b
030bff7b
fc3f04b4
0b24fe2f
06460129
041aff5c
05e8f918
fee6ff0b
fc5cfde3
033cfea8
01cfff04
ffe9f8b1
055dfa72
00ae0055
015ffc94
fb14ff25
f9610373
ff1bf9c5
03280102
06ad094f
ff2d04d6
00cd0baa
01070355
f7b4fd52
fa9e0204
0cfdf6cb
09d9f702
01f2f676
062cfa00
f7f30533
fb660500
ffb608d4
0014fcd6
0b4dfb5f
009d0ae6
ff180392
fe37fc3f
f8290577
04250c88
055c03ea
0175ff8d
fc0f0156
fcd4ff37
0966f80c
011af9da
02f20283
0610fec7
f78900f5
fe96fb0d
02750086
03b4090c
054ef85a
ff93fa54
01740382
fd9808e8
fe0703d4
fffd0290
fcea07a5
f913fdfe
f622ff73
0293fe50
0724fb3b
ff3afea3
0101019e
fce5f835
00f2f408
073d02ec
fa5302b1
f792036f
f7bbfdfc
003bf9f3
03ad00ab
fb8a0319
0162049c
ff9c0001
03f50186
fe54f75f
f5f7fbaa
019a0139
0502fa48
030906cb
ff3dfb84
0116f8ea
017f02ea
0697ffb6
02e2fff3
fbddfcb0
011c037b
011a04f3
0668fc21
ffa3fdc2
05830473
0526ff11
fbc503f6
043003d4
fbf9f6b5
05130487
01f601b6
f56e001f
fd810a70
fd72010a
016d0173
00c2008e
011dfdb1
026002b3
0277072d
fd4aff96
f7c7fe5a
04fd05cb
03c3ff06
f7c9ff33
0772ffc2
051bfecb
ff77fb7d
fc0afd63
03dc0668
06ea0816
fdd2fdef
08a600a1
0279fde2
fddbff5c
0bbd07db
fefc0229
fe05ff16
fc560468
0287ff26
ffe3fc91
f7a0fba5
09c2f754
0053037d
003f0574
ffbc0566
0100026a
0328faee
f5220182
0251fdff
fef500af
fd3d041c
fe7f08d4
fcb9068a
fe01fde7
f4ca0722
00a004c8
0660049f
08f3fe96
fff4003b
fba0039f
070af292
010f015c
01e40552
fd6ffb17
fd100403
007b001d
ffa3fa4d
ffc300d0
fa170407
002ffbfd
0368f18f
038cf55b
01590453
ff7bfcb7
0347016d
03600aa4
03fff9b3
fed70290
06890478
06390300
efc0046b
f774f3f6
03b0fc04
fc6f0156
fd270087
054c0602
021a0187
f628ff88
ffa7fc6b
f8cbf84f
f78ffd46
0e360290
ffd90541
06350442
074eff14
fcf204ec
0f32002d
ff73fec2
fd0a060b
051cfdcd
02c0066e
089500d3
fb88f371
00cf028f
0d400ab7
0439fea1
0072f3db
0174ff19
028bfe83
03d30135
ff400bbe
00d0ff2b
060a046d
061b0665
fe1df77d
f9aafbe6
029d04ad
fbb80488
fb9f0268
046f0403
02340404
fe96fc77
fdae00ef
04460735
fc5dfe2f
fe27fb95
fe7cefc8
fc64f093
0652ff7a
faecf843
f8c0fd60
fba4027b
fac906f2
012a06ff
080cfac7
00770076
fb97042c
0119046a
f9fdfc88
03a5fba6
fee7fd3b
fd6df467
08a7fca6
0029fb46
0864fc7d
0990fe1c
fc7efc87
fafb062d
011b022a
f8de04bc
019402c8
00bbfed0
f27f029e
0a73ffcb
ffd50665
ff830078
0b99f768
fbd0fb4a
fd52ff80
01bb02c2
fff9f8ff
f48ff8b9
0005032d
fae6041f
f2db0214
039ffc28
ffb3f9e4
026efc44
fe6a02a1
fb120230
f704fe8f
fc0d0754
046400dd
fac202ea
fb690bfe
fcbbfb88
063dfe04
fce60623
fbdc0115
041502f8
f704020e
fd4d0609
002a09c3
04010094
00d3fef8
f87705a8
0025ff18
ff06f9e0
fdf9ffda
04d906ea
063504bf
0461feb4
04d702be
fb7cf70d
fbb0f8b4
ff0e0aa4
0171ff67
0af100b8
01af044e
fc9afc10
fe35030d
fbb106f1
fb7b03a5
fb33fd72
fa5904e4
f94108b9
fce3fa92
00c5f8fc
fea5f8df
fc5cffc7
04fb070f
fff3024d
f8c20464
fe52fceb
ff62ffda
005106b9
f9adf6f4
0023f54f
0888ff91
ffa100c0
fe0bfb8f
fdaefdc7
f83afa35
fcf8f7d8
fd150444
f8d3fd05
062dfb40
03fefd96
0125ff08
008b03d3
ff34f949
051a03ef
f37302e4
fc9bf6e2
0437fb38
fea0fcdc
0755084e
fb570687
fa260354
fcab06db
04200406
05b201f5
fd710041
075903b3
02cdfc1d
fe5ef6e1
fd48fcee
f73a02c6
fcb8ff6b
02d4f6cf
010301b1
0314071a
076af8e5
fd54f6bc
fe070306
070605b4
056f0340
07cd006e
0746ff6d
019f055f
fd1503f8
faa10268
023bff7b
06e1fe5d
fd590161
fe13033e
02a1059e
fe04007f
0418faee
0790f33f
0103f9df
f7fd0225
f5e1fb48
0649f953
0652f7b1
fdfdffc3
022e053c
fe21044e
fe6bfff6
00c9fbec
030c027b
051bfecb
ff77fb7d
fc0afd63
03dc0668
06ea0816
fdd2fdef
08a600a1
0279fde2
fddbff5c
0bbd07db
fefc0229
fe05ff16
fc560468
0287ff26
ffe3fc91
f7a0fba5
09c2f754
0053037d
003f0574
ffbc0566
0100026a
0328faee
f5220182
0251fdff
fef500af
fd3d041c
fe7f08d4
fcb9068a
fe01fde7
f4ca0722
00a004c8
0660049f
08c70589
00dcffa5
045601d3
072dfe9d
fb5505ab
fd27ffed
ff2ffd81
02f8082d
ff4b03c9
00d80689
0476fca4
fcbdfcc7
03d201e5
00e3f6f0
fe0000c9
02a908a6
01690603
08b607bd
ff4bf914
fe7df9f6
02e20a14
f42cf934
00e4fb87
0596038c
faec00da
f98b0630
f60cfd3a
000f0578
03b905a0
065dfffb
ffd8fede
f944f94f
08f3fb0d
01a301f5
f861054e
fd46ef75
0163fe65
fe3809db
f5b8fd3e
fc950450
fe72fe09
fc2202f8
044ef976
0ce4f809
071803c2
fceafd9b
fdaeff62
ffdbfcec
02a30678
fe360757
ffaefb68
04c0f931
fde8004e
ff930035
027ffe13
00e40f40
fe600567
fdf1f947
01870240
fc2000da
0130fde1
06e4fdd5
fa37fda2
fec20400
0889061f
027ffc62
fff5fdb9
02b1fae9
0713faff
0ae403c9
09e303a6
0784fb59
05f4f71a
00080305
fb08fb99
f668032f
fa93087e
011ef82f
fa170553
fde0fd75
fd65f802
fe4efe45
0192fb28
f7640603
0092027f
02a1002d
fcc2feef
feb4fb4d
fdc106eb
035306a4
05300099
ffb602c3
fe380051
03b1033f
ffea0129
0298f8c8
04f3021f
fffa097d
00860647
fa6a0046
023afef2
00bbffcb
00b1fe33
0851012a
fb2d0152
fea90302
0276fca5
030ff81a
0912fd6e
049ffd33
00f60160
001602a2
fa330514
f2fb08e2
fcb502eb
030ffb61
0156fbf4
0361fe29
fdaff473
fd11fbcf
ff4206c6
fb5bf7ac
fadbfae7
fd1405f5
01e9f9fc
0188f9d3
fbfc015c
0124fb7e
011f0189
fc180d6f
00af0135
04a1fbf2
006c07b7
02ff03ef
0bb80042
0159fd68
fc25fa93
fe8b03ac
06d7033d
0711f91b
f105f949
f46b01d7
0186000e
0409ff21
f8effdfd
012ffdec
06d502b2
f64df9ad
04ebff7a
fc400370
02e9ffd7
0a0f074b
f36801c6
febd0007
05f3fefd
093dfefb
fe0904bb
fff80321
ff4300b9
f516000c
069b065d
fe9b0974
fde30536
fcf003ed
fd6b01c4
04d4f9d4
fdc0fa59
ff25fe64
f8dafea0
fa5f0589
ffe90318
ff96fec2
f953fc33
fde4fb1e
fece0196
fa38fd80
0231fc04
fa46fb43
014bf65d
fc6ffef7
fd390546
08ae0131
fb48fef6
f8a2018e
f776042b
0467ff15
fad9fe5f
fcca02e5
0d87fc0c
f99cf903
fd63feb9
f8fc017c
f8e1fe1f
0072faea
fa5afff9
04a00733
00a2094d
fb0f0422
fcedfede
f746f451
f61ff60d
fcc1003f
fc9df9c3
fd1f00d7
fe350225
fceffb04
02eb0572
fc7a0594
fcf303fe
01bf0896
fec403d8
01dbfe2d
03620196
04fe041e
01540490
ff990423
01c8f948
083df590
08d0f922
fd7afbdc
fca80694
013805c2
08affd30
055ffd7a
fc77021f
fb1a05e6
fe7d0412
0d0907d0
01290287
faba0790
05840c0e
f753f4d8
050b0588
093e0479
f750f197
03100079
068cf4cb
0736f9dd
fef604d4
fd6a061f
06a10968
fcebf922
ff40fc50
fc9dfebd
fd71f424
040dfb5b
ff430588
ff72f380
00c4f27c
06550669
05d5ffe1
05ed0117
006502d7
fc69fb6c
03c6f992
05bb026d
08c70589
00dcffa5
045601d3
072dfe9d
fb5505ab
fd27ffed
ff2ffd81
02f8082d
ff4b03c9
00d80689
0476fca4
fcbdfcc7
03d201e5
00e3f6f0
fe0000c9
02a908a6
01690603
08b607bd
ff4bf914
fe7df9f6
02e20a14
f42cf934
00e4fb87
0596038c
faec00da
f98b0630
f60cfd3a
000f0578
03b905a0
065dfffb
ffd8fede
f944f94f
f9cbfc8d
0683ffd0
075b0ab7
03dd04de
07a00094
077106ca
03e10199
ffbd05fa
0a7ffed9
04c2fc5b
f2960304
00c1012d
fdb802f2
fa09fc92
05fbfe2e
fb9ffc3f
043afa6a
099bf83f
0123f53b
040dff35
fe60ffd5
fe1f0c4b
04d90b7a
033cf654
0472032a
0baf0560
0296f3c7
f82dfdb1
fdf4ff5f
0518fc30
0274ff2a
ff25ffad
034b09e6
fe18ffa6
012dfe94
040202be
fddbff92
fd510497
03b3fe2b
0bf402c8
035a02bd
022105fb
011901c6
008ffb17
fff3034c
f861fa4a
f7c4ff27
f96bffa2
0a04fe01
003afa45
fc46fda9
03e60b45
fb85fca1
059604d5
fcee02e8
ffa9f979
00270719
f6650240
fe74f81f
fc2bf99c
023301d6
0073fc11
01380067
03d50276
fdcbfe9f
fd1a0591
fbe3fe5e
04ddffaf
079700fb
fc060211
fa4c00a0
05bcfab6
019805cd
ff2e076a
fdf2002a
fe8ef8ef
06abf3b7
f9bafabf
0092fec8
02190138
f79208d0
f9f1fbc7
f8f4f064
00a3fe3b
fce206a2
01210077
066efdca
019902a1
0519f474
01acf5bf
0194035e
0b18019d
09ca08e9
fc04fb39
fdd3fa81
fdd004fd
fd2cfc77
ffa4036c
fac700e6
01e0fe10
04060675
000403fb
fd03fcec
042dff11
022803fb
ff1b02ab
077f03da
fbcb0065
ff47002b
ff3403b0
fbf5005e
056c0348
fe170400
0143f9ee
06b8fdc1
02bf0646
06390079
0971fee6
ff0001d4
03d300bc
08c1fa63
f9d6fd20
f9c9fcb8
f826f74c
02bd0391
03050122
f7f90034
064401a1
ff23f98d
f7d70875
f8ca08b2
f4f2fb28
f989fa61
02660162
0b1808c8
fc33fa4b
f7befb19
011006ed
fd17fd51
fbc30207
f5a403b6
f9cf0457
047d0828
029bf762
0104fdc2
013704d7
051500c6
04980531
fd51feeb
f9abffdd
fcf9fa02
000afeff
fbc20eba
ff12feaf
04b7ff7b
01ae0e88
fb0203a9
f67d0085
014f032e
09d0fe12
ff89016a
f969fa84
0098fa02
04460012
0316f98a
072d035b
03d2ff9b
faacf6ed
017cfdfe
075dfb4b
fe870492
ff320a33
0869015b
02e90152
f9440337
fa5bfcd1
f866feff
f7310496
f951f87b
fd4d0158
02c60818
fca6f802
fcedfe12
fbf7fcae
002ff810
0b69fef9
fd3dfb75
faf0fba6
02490094
fed0fec3
f941f757
f7840195
fb23059f
f6c7f9db
fdd3fcc1
0665fecf
06ac015c
04fcfc45
fbe0fdd3
ee8901f3
f82cfb16
062402cb
f870fc2c
070ef699
0745fd31
fbda042f
04be082d
0224fe78
0bacf95c
fa08f991
fbccff87
0479fd43
f72b0523
02a106ea
f681fe82
fb00074f
0602fad5
046ffc58
05ee030c
fd5f03b9
fc6203e9
f851fb9e
003d0950
fed40635
02d40389
076eff24
f5f5fd84
fbbd0914
014600cb
020a07ef
04c70132
01a8fb21
fd02061e
fd2d00d6
010effcd
fe27fea1
fcb80496
007e06b0
038f0106
f96402be
0253ff00
0906f7cb
fdbdf6b7
0590ffdf
0166fdef
0148f179
01f2fa02
fa390073
0239ffa0
014a01d0
fedbf56c
015dffbc
ff4d0b23
ff80ff8f
03660429
fd88042c
f9cbfc8d
0683ffd0
075b0ab7
03dd04de
07a00094
077106ca
03e10199
ffbd05fa
0a7ffed9
04c2fc5b
f2960304
00c1012d
fdb802f2
fa09fc92
05fbfe2e
fb9ffc3f
043afa6a
099bf83f
0123f53b
040dff35
fe60ffd5
fe1f0c4b
04d90b7a
033cf654
0472032a
0baf0560
0296f3c7
f82dfdb1
fdf4ff5f
0518fc30
0274ff2a
ff25ffad
02cb0d73
05bbf632
070ffc26
fe68f8ad
fc32fb03
00b70aa4
f6b6fbb1
f9930022
016d0343
0064f9f8
fd8afedc
fe0ffda1
02c907be
099207f6
0007f7d4
f94d0426
07bb0ae4
01b2024b
ff9601b7
02b10187
fb21fa56
0553f958
02a0030b
ff14f758
0996f650
04c1020b
0040fd9a
01d2f8e9
030df8d7
03170b1d
ffd0025e
fe62f4a1
034b09e6
07680253
01eefc42
fc1f077c
fed5ffd6
04ab02c2
fff10a16
001bfbaa
0292f439
00b900e2
098c062b
fbf70263
f8570092
08edfb11
01eff91a
0873ff29
0b96fa6c
00f7f859
023504b5
0295009d
0625f68d
0246ff4b
fcbd056a
0642011b
049e00c6
f8c502f4
fe7604ed
023705fb
fb630452
fe7dfe3a
ff4ffe3a
fc250595
0173fdcb
ff27fc67
fff20414
04a6fb99
f67dff1a
fcb30a03
00090795
f4e302d1
02bdfaf5
0332fbe2
01b1027e
fae1ff0f
f260017f
fb0f08fd
f91504cd
0004fe92
fd520385
fabb02a5
0810015c
08dd060f
07210070
036b04a7
0180ff59
0113f760
fddefe9b
fae3f384
fbbdf817
fd5105d5
009902c6
0238ff6e
ff96fd28
031ffeb5
fe96fc77
ff2cfa78
0073fda2
fc0602b5
0260fdd0
01f4f9e9
0079fc6e
feba00c8
fdb6063f
0038fcb7
fcccfd89
fe7efe5a
01adfd56
ff7d0404
06a8fea8
095bfbc2
fe09f8d2
fd36fb4a
ff44021f
02b10332
0244fb5f
ff8100d5
05e40cb9
0406007f
fd920385
f8470ea2
fc2a09ee
fe01ff8a
000ffeb2
032dfcd8
fda2fa42
fc6d01c0
f623fc73
fb27fb37
ff04f53a
0060fd96
02a705dd
fd74fb04
03a10219
fcb100a6
f7dd0335
f9a1fda8
00bc00b2
04ff0810
ffb0fa79
0a23011c
0465faaf
003cf9f1
ffee0398
fddefbaa
0418f9c2
f87d05df
fd180488
0a11fe5d
000d0e3e
f910041d
f9d9fd3b
fd9cfb12
0824f391
07c70454
00f808d5
fc1108ea
fc0605ce
ffed0343
03c705a8
0c0005e0
fb0ffd25
fa39f968
0335037d
fd3d01cd
0282006a
f860fe4d
048f0863
038dfcac
f939f2b4
fca60748
f345fe12
08da0018
09d202d6
023dfd40
fa6af5ec
f683f6b7
06920835
fa96fb20
ff50fb92
02ffff0c
0521fe07
048109ec
f634044f
0601fae9
02e1fb25
f3ed0068
f9630225
fb4d074e
f82bfcab
fc78f975
02cb00cb
06a0fdd7
06e40466
ffa80052
fc7f030d
f8b0ffec
fb90ffe7
fd9e0360
fb25f2ea
fb0cfd57
fd4a01ee
03aefe4c
fdfbfd91
ffaffb27
f96d048d
f49ffd7d
0656fef7
00e406e1
fe5effd4
022cf672
fb72f8a5
059e0087
049efe87
f9d80581
01df0232
014400f3
f897035e
f9f7fa4a
fad906b1
f998fff9
ff85fa87
034701ee
fd2cfc77
ffa30782
0214fdc9
0483fda4
05c10a2e
ff9a0283
ffd800d7
fd18f893
fe55fd7d
fc190218
ff000274
03d905bf
fd420468
04c50495
03aafc19
fb23098d
fbf70b86
0506fc06
04bb0252
00fb074b
017c00e7
fac300ec
0a0e06f2
0352f585
fec8f7be
0a72010b
fd45f93a
06c4fe5a
0114f95c
fb3afbae
0642fbbf
000b0725
02cb0d73
05bbf632
070ffc26
fe68f8ad
fc32fb03
00b70aa4
f6b6fbb1
f9930022
016d0343
0064f9f8
fd8afedc
fe0ffda1
02c907be
099207f6
0007f7d4
f94d0426
07bb0ae4
01b2024b
ff9601b7
02b10187
fb21fa56
0553f958
02a0030b
ff14f758
0996f650
04c1020b
0040fd9a
01d2f8e9
030df8d7
03170b1d
ffd0025e
fe62f4a1
0a280273
ff1c00a0
01feff76
fc6efb56
f836fb77
0751ffa0
fb20038f
fe4f0077
0ac7fffa
07c30184
034d05f9
052f076b
0276fdd4
fec2fd75
ffa4ff05
fb65041f
05f3030f
0468007d
09260463
04cfff07
f74a02aa
0bb906aa
04f6032d
fe9bfb24
00afff11
f78801ec
01dafb71
02240ce2
fb840c20
0001ffc7
fa72fc02
f9dff872
06d4016a
00e5fd46
00b4f976
015a0600
fc1c0de1
04c20012
05c2fc2e
07580374
05e1fcbd
04ad02ea
0194014e
fefb04d6
036308ee
fcd9fd60
fac203da
0295fe60
02d3fdce
f7f801fd
ffc5f9b3
0504faf8
ffe7f8f4
03150138
fb3d03f4
ff7afbec
05e700d2
fc33075c
f3a708b2
0305fffc
0cb8f7c7
fc92fc3f
039607ee
0da202cd
0492f5b9
fd35f893
fd42fc94
f5f20048
fb000473
ffce063f
f4d80211
03f5020f
fe23fead
faabf4d1
0b2afe44
fef8fa21
fd45f4b3
0917fd7b
07b3001a
fe6f0167
08b6f598
040bf9db
f4d20144
002eff2c
01f1071c
029a0809
00dd0731
0b610066
1125fee3
f8790104
fc740081
06d7fe2d
ffadfcac
fe34056b
ff37fe1c
ffc5fc0b
fde1fde1
02c5ff6d
009a0231
f569f921
fc190168
0442f7cd
0234f448
fed909ae
fd4900b0
fd9df83a
fd5dfdff
0193fe65
007103f0
0072060b
fd11f5b8
f8bdf8f1
ff10fff7
f801f5db
faf9fc5d
064b01e0
025a050d
fda8003a
ff54036b
fe680a79
fdd801bc
076b05bb
fa9301e3
f4caff79
ffb7fd73
ffa0fdf5
060601cf
0061fdc9
fb800773
fdaa0012
04dbfd03
065b0057
fd57fff7
039106f0
fdfc00f3
fd77ff2c
005cfbff
fc8a095f
03ce0e23
fe410022
02900286
fe7aff29
f14103c9
04140003
071f0349
01620ae5
04abfc1b
fb370563
fc8d0745
01930096
03fe0421
0a3501de
051d060b
f845020d
f59c02ad
fc33ffbb
0154fa7a
0215052a
fcccf7a7
0149f700
fc0002d4
f950f73e
01e2ff7b
f75a0150
01affd55
0003fc4a
f78ef27d
ffa3ff1c
fb6602ee
0909fbed
ffa5ffd0
f6eb0107
002cf88c
f601ffd7
fc8f0c47
00bdface
fe970032
04220482
03ecfcdd
00bc08d6
f833ff51
f5a5fb33
043dffbb
0225fcc4
0083ff10
0a25fb16
f6b1f6e1
f5400105
036608aa
097e03a1
01220942
f2fb0561
03eafab9
020efbef
014ffce4
04b4fa11
fe71fa9f
0b2502ec
0344fd37
fcf0006b
00620286
00bdfa1c
0291fee8
f9bafbb8
ffd5fb08
006bfd04
f3b6061c
fbc8056d
f85cf8c0
f7d1ff86
0525070e
fd600a2c
ff600177
fdbdfeb2
fad90060
fdb7fae4
005ffed5
0c7503b9
0259048a
057e0083
0771007e
025dfc2c
038801ae
f941ff26
021ff839
00450451
fbc6faa4
fa0d0239
fc7e05d9
0558fc62
fc9a0141
fdd3f99d
0319fcd1
0a79fe83
07090529
000500ff
013100d8
00fd0a53
ff0df919
f77a00cd
025a0209
03b5fefa
fd2e008b
ff42f78b
fdc40524
fe330170
0091fa08
03abff07
fb0e0136
fbe6022e
025cfdd3
ff89fde6
fb85fcb0
fcd5fa9c
fce6f999
0110ff10
0a280273
ff1c00a0
01feff76
fc6efb56
f836fb77
0751ffa0
fb20038f
fe4f0077
0ac7fffa
07c30184
034d05f9
052f076b
0276fdd4
fec2fd75
ffa4ff05
fb65041f
05f3030f
0468007d
09260463
04cfff07
f74a02aa
0bb906aa
04f6032d
fe9bfb24
00afff11
f78801ec
01dafb71
02240ce2
fb840c20
0001ffc7
fa72fc02
f9dff872
02e6f596
030aeea8
070cf8c0
feb40462
07effba0
091efd37
f78f0338
02a0fd24
0c04fea9
0378fe61
042209c2
fbf803f0
fb11fe56
047d013c
fb2e03e8
fd7f1280
0425ffa3
00a2f9ce
01980126
0356fdc2
03f9ffa6
06a6fbd2
fe7cff46
f61bfce9
08d70393
fd6800e3
f6e8f8af
072705bc
fc0bfd84
00b9ffc6
f9470fbb
ffe6fefa
09a8fd2c
fb9806fb
062ef7d5
09c7fbe5
0776fbdb
f79df673
fc0dffd0
00c9f9d2
f4cc042a
0320075c
fb13febc
fdcd0238
fe89fd23
fa42fc74
0691fe9a
fe6b0465
01beffda
0067fab5
faeb02a2
01ae00e9
02460109
0260fc16
01f6fa8a
01a90663
06d901e4
034af907
fc2402e0
fd130a26
fa5d02e9
0216006d
034a0163
0dfc0393
0d1206d4
f3c4000e
0397fb2a
feaafed0
f4fb06d6
03890649
02ceff7f
0543059f
fce505e5
f930030b
ff13fe4c
fe46f9ad
faf80280
025ffdab
0588fcfb
04260278
04220509
f46b05b0
fac2f852
0026faea
021e00ec
089004b7
ffcb02f3
ffbffb30
faf6ffad
02a5fc5d
08ebfef9
0163fd2e
03e3fa15
04260008
0385fb98
00b9fd5b
fa58043e
f6f607a4
0139fe47
ffd9f9c3
f7e6fdc3
fa3ffdc6
fa540306
09ff0004
06f4011c
f69dfdc5
fd20fb10
026b0a64
037204f9
fff4fdf5
035f0761
0859ffd8
0148f801
026c00ef
fdca0206
ff3cffd4
07400279
f8c0020e
fa580126
0037fe08
fcc601b4
040c028e
036bff73
fc29ff38
fc17f51d
0492f93f
fedcff37
077efe50
0b3e0796
f4c50125
0099f88d
0474fdec
fda808ea
003304fc
017dfbe3
01a6017c
f3adfb44
f984fdac
fb0c027e
f86c0348
0315020b
0167f693
fd88ff27
fa38fe78
ffaff5f3
031cf52f
fa7000d0
f9a304fe
0008f676
03460224
0821fd57
026ef8c3
f9f20014
0015fe3e
0262068f
092800fe
06dafd74
fbb1fe98
fb980baa
f6cf0570
f21af8ee
fac809e1
0368ffae
f838ff71
f9220533
029efc71
01edfeaa
028105a3
ffae0ab2
0381044c
01e8084c
0097054a
fee6fd81
fa5903d8
027c015a
0251f6bc
ff42f740
03dbfa6d
0305f796
05240078
08a701b2
f9daffcc
fad0fdb3
ff06fb2b
f86bfeb0
0438fc51
fdef0225
fd980190
044705ad
016d05c9
0345ff2d
fa5105f2
fb6afed4
f9fffd04
fdc1fe9c
0881fcb1
ff28feeb
f7a5013f
039e06cb
0668036e
fdc20653
034007d4
f4dcfbc6
f826fcaa
060e000f
fcf0fd9c
ff080212
f60b001d
fdb2028d
fba300f5
f5b7fd2f
046e0870
fa18fd6a
fecffd9b
043a0c4a
0167024e
f898fb80
f982fdfc
0c0bff26
f8a9fd27
f464fd8f
fd670001
fec805e6
0a7aff4f
043ef784
00d1fca9
faf2ff89
f622035a
ff70fae6
fe55fdc2
faadff85
0159fe1a
feeb062d
fc43fea7
08e701d3
fec5053a
fe4a0972
0b8001ef
0297f941
03d40432
fdb8fd19
fd41fc81
0108fd44
fbddfd2b
0744025a
055302a4
03ce02f9
067c0034
024e048c
05cbfec3
0625f54c
0549fb36
007003b1
fb2cff38
ff1fff44
067902c9
02e6f596
030aeea8
070cf8c0
feb40462
07effba0
091efd37
f78f0338
02a0fd24
0c04fea9
0378fe61
042209c2
fbf803f0
fb11fe56
047d013c
fb2e03e8
fd7f1280
0425ffa3
00a2f9ce
01980126
0356fdc2
03f9ffa6
06a6fbd2
fe7cff46
f61bfce9
08d70393
fd6800e3
f6e8f8af
072705bc
fc0bfd84
00b9ffc6
f9470fbb
ffe6fefa
01d4034b
0424febb
fb1aff1e
fd11fc93
05ef00cc
fdba031c
00b4f7ec
00def673
0470fe0d
024e0531
f31c0a4e
feab00aa
0090ff70
00ae0803
ff6b0356
fd8cfe33
033c06ab
02c905bb
0572fb70
f87dff6f
03c2f88f
0695fc09
fb4dff2e
0971f436
feab0523
fb430427
0374fd34
0538034b
03eefdb4
0015009e
04e50262
023102ea
ffc2021f
012bfd6b
043b0202
fdfe0719
ffe9fdc0
0c03fd68
fed10737
0297fcc8
0fe3f9cb
ff900126
054c0360
0daa01dd
fb3301f2
fc910c95
03f508e7
08b60143
05e1fc52
fc4af3d6
fd76f67f
feeaf808
ffdef383
f949f262
050bfe90
074afeb3
ffc9f6b6
066805db
fd870028
ff12f76f
fa1905c1
01befd28
076cf836
fde3029a
07a8ffb5
01a10190
03680733
01d00951
03fc0eb5
03aa0565
f7c6fc0e
03e501d9
fea200a8
fb8f018b
03c10741
ff8403ee
f14bfac5
f641ffaf
03d2063c
ff0dfe23
07c4ff86
01b0fee9
fe580038
05d10154
fee7fffd
fc2107e3
02ed058d
067affb4
fba3f840
ffd703f2
fe56097b
fd3dfd0f
ff69ff58
fc9bffaf
08e301e4
ff89f59c
fa58f839
01de0061
01a1ff75
fe5506de
011ff6d7
047eff40
fbff02b4
fe71fb24
fb4c00a2
fea0fb24
feb4030f
fc68feda
0006ff62
f1b803c4
fce305e5
02d908a9
ff56fa1c
065ffc42
075a03e2
075104fe
fab5064a
ff19fac5
fa16edc8
f540029a
0acd07e2
064ff926
fc13fd8f
f8eef389
fb68fdab
054a00ea
04b3026a
01290cdf
fe2cfb4b
fb44fe3d
f9cefc1c
fe1ffd2a
015cfe7f
fd48f640
fcc705b9
01bd053d
fbe4fcd4
f7960522
00ff0788
fea8f8de
02baf736
007dfd0e
f3490056
fb7b0361
fe02fdbf
041bfa80
024bfa04
fc1b09b8
ffc607af
fde8009b
0b93095c
ff400305
f9820216
0851ff08
ffb20083
02430309
fd090009
fd5bfd15
0478faeb
03650204
fc0000b5
f54b039e
072c003f
fe07004a
f7a30b10
ff5503c2
fd4dfeaa
03c5fef4
f893ff42
01020088
08d4ffe4
fea6ff68
fe57047b
f5d504b6
007afd26
045201e1
f9b50344
ff67fc2f
00e6fd98
009bfd0d
fab1f8e8
fdb9febc
030d02d5
f662011e
fefdfaf7
03af000d
fbd90b21
064efede
0566feb7
02e4005a
0744f99d
00affd6f
fe0001b5
02ba0201
febaf43d
fe65f754
050ffe96
ff12008e
fc000123
ff05f8fc
030affa2
02abfdaf
031c014c
0678045c
fadb01ea
f91c070e
ffc0f90b
017df9ff
ff7afee4
0029fc9b
04520751
035e01c9
08000002
05080602
0320fd6c
fa8a05af
fa3003b4
09a2f60b
006600fe
fe77fd65
fe27fed8
fb8604b9
f9f6055f
f41b090d
fe96f9a3
ff7a02ea
014d051b
0726f697
fb00021b
f43affe3
fe7dfd7b
fad50902
fa3d057d
077cfecb
ff6affd2
feb7fb48
fc5efd34
faaf0011
00c9fdb9
f60f043d
fe40037a
05630273
05d40431
0680fb19
fc4df367
0801fd0f
045a046a
f63afda7
086efd9e
0800ff46
fcc4050e
fbc40782
f3f20048
fb9ffb71
0355fa95
ff8902a9
01d4034b
0424febb
fb1aff1e
fd11fc93
05ef00cc
fdba031c
00b4f7ec
00def673
0470fe0d
024e0531
f31c0a4e
feab00aa
0090ff70
00ae0803
ff6b0356
fd8cfe33
033c06ab
02c905bb
0572fb70
f87dff6f
03c2f88f
0695fc09
fb4dff2e
0971f436
feab0523
fb430427
0374fd34
0538034b
03eefdb4
0015009e
04e50262
023102ea
f7f70428
fd600192
018b050d
09a00372
fd91fb2e
fee9ff93
0b7ffd7f
058ffaa7
07ac02d7
fd10fead
fe22fd5d
0065039e
fe47fd36
fd4a03c6
f63403f1
07430434
03f5056e
fd43fbba
ff2bfe91
fd84fbfe
011503ff
017f0030
084bf87f
fcbf081c
05ce050b
0f7ff8da
ffddf8a5
000c0253
fb5203fe
fcaf05f3
f71efbf7
fbbaf922
0e9b0931
03a90114
fca30475
01ad05e8
00b804b6
fc8208b4
0219010b
05c0fee6
048dfd28
02870795
f2fb0445
f8900092
02c507be
042402b9
09a302f2
fea4041e
ff9f03db
024004cd
f928098c
fbdffeca
052ffb8c
08ae0066
fa8efb37
ff1501b2
0a58f8f2
011bfa62
fee9fbe2
f8f4f5d3
fcc001ae
012cfcef
fa65f587
ffe3f390
ff35fc42
ff74ff5f
032bf9ef
03fa0351
04e40336
ff300181
ff92031a
024205e8
002bfe29
01a5f657
0bb2ff63
0845fc28
fae10369
04320415
0194f5ab
fafdff32
06e1fd5b
0294fe9f
05050a2c
07bafa71
00a8f9a2
05000788
0090fa60
fa99f419
fc74ffd6
07820215
070c0427
fa87004b
017afae4
fe93fec1
f98ffef9
fe7701f1
fbc2fe96
fdbefc67
fe4fff69
fee6fd1d
fbcafe71
f41afb3a
01a4f964
06e7fe96
f812032f
00f601ad
03840637
fe40081d
08b70438
fec207a4
f9e3f95d
01aef98b
fa540477
fa5afd8b
03b3fd9c
03b802eb
06eb0644
010c0823
f8c00aca
05cfff4e
fb3e05d4
f88b06a0
00f2f957
f7ce0646
fc9bf765
fd04f9e2
0660048a
0448fe17
fb4f0728
f8a7fe28
f6260101
07590291
0027fc1d
05f0003f
0bb800b2
fd64f947
fedafb22
f464030d
fc93fcbb
05d70566
ff7b0033
01b1fff3
062c011d
0665fa5b
fa0b09fc
f894fed8
fec60421
fac603e9
fb60fbc3
02b303f4
0268f5b5
fb29032b
f1e3028a
013ff626
09c8fb51
f470feb0
f9900a3d
fb1effe1
0192fde7
0bbf01ef
00f3fc77
0417068d
003903d2
0420fe67
09080441
ffa800ad
f9630280
f9340532
ffcf0084
00e6007c
02e1fe1b
f9480182
f671024d
01980036
ff330221
fa94fd9c
fd8d0063
ff39027f
fce7fd14
01c2f9eb
06210339
05cf09b8
01fcfe16
fedafc08
f81bff3e
ff5c02fa
0bd20898
00a3fe2c
0246fb2f
ffc50272
00eef704
040df510
fc8dfb42
0067f62e
f8e3fe89
fd2e00f4
fe04fe93
fb97018c
fda6fd8a
fca4ffbf
fef7050a
f79508ad
00d7fe14
fd0cf932
fb5908fa
063f0544
01a2ff4e
faf0ff04
fb1ff60f
033efe4b
f17402fb
f8600166
069d053e
f943f822
fccef4d9
01450128
07db036a
fb72fadb
fc84fea4
0e470575
ff76f94c
fa0afef8
fef902cc
f8c7fdb6
0000043e
0a27049a
01fb0238
08defcf4
06cf0384
f8a10231
feb9fb8e
053afeb6
093af852
0039fcf9
02c5ffac
fe20029f
f51f0742
080efef5
ff40001e
f772017f
02d7ffc7
02fc0113
00effece
fb7afc02
ff03f855
057cfb96
025b0539
0435010d
064ffcd0
040203f1
03bc06ec
02a30123
019400a4
fba707e5
fb87f8c2
fa7cf4d1
f7f70428
fd600192
018b050d
09a00372
fd91fb2e
fee9ff93
0b7ffd7f
058ffaa7
07ac02d7
fd10fead
fe22fd5d
0065039e
fe47fd36
fd4a03c6
f63403f1
07430434
03f5056e
fd43fbba
ff2bfe91
fd84fbfe
011503ff
017f0030
084bf87f
fcbf081c
05ce050b
0f7ff8da
ffddf8a5
000c0253
fb5203fe
fcaf05f3
f71efbf7
fbbaf922
fee1066a
fda7feb1
fa560091
f9350346
03f5034a
0ae9fc89
037309b5
025a0a7d
0484f7ef
026dfc07
01defd6b
0639fe9f
010605d8
fdc6fe74
021cff0f
f8660459
fb180280
0169073e
06f204b1
05c5fd64
f96bfdd2
025d046f
ff8804c6
fcd70087
06f70246
0279fb90
01dc02fe
0b900535
06edf675
f7fe0203
fcf5fc8f
ff16f859
ffc2065d
0224f9f9
ff6b0106
047b067b
fccbfe18
f46f036b
fbbffab0
058efe9e
039afef3
02a4fdcf
00e70aa2
f995ff49
ff31fd5c
045302c2
074f0250
0a60036b
059a04ff
fbe4056a
0309f8eb
fd9cfe80
f661061d
080c06c7
f8f2ff28
fd01f835
067d0935
f62eff1b
00aef9f0
0820fd9c
046bf684
fa5e063a
009c0206
089bfb0c
09f30812
0abb0712
fb5dffb6
01e60244
03d400aa
fcccf7d5
f958f89e
f53ffcd4
fefa00a3
fe20fd6d
00f9fd18
0842ffa6
01a3ff6f
00060194
ff01f9d0
019ffc90
09640056
f62cfbcd
f652faf7
08cdfce8
ffa901b9
02fefa04
030ffa68
0386fb9e
ff07f8f2
fb250149
0f08022e
00c805c8
f804ff62
067ef36f
02abfe19
febf0373
043ef9a3
067afcdb
fc530534
f844ff57
0241fee4
ffea0854
f7c4095b
05870015
008afb5f
fb1afd2c
04d5021d
fb12078d
01100295
0465fed4
02d4fcae
0018fcb5
f725fd4b
01dcfe8e
03ff0665
04abfb5d
0326ffae
f50c0e7e
fd97015a
04420362
f4260233
fc39f9a9
02d1020f
fbea005e
0362fb37
ffaffb51
017c006f
ff4a0041
f739fc6a
f62e0070
f8b8ff00
03e6028f
fc02041d
fa21007e
ffaa04a4
f88b0709
f71e076e
fb240590
fb940333
069afeb1
0e860013
01c4fef7
03a3fc7a
fd0309ac
fc7e0992
021405e8
fcd1049e
089dfbfa
fe47f7dd
f6e6fa2a
fe440242
0368faed
033bf63c
0312fda3
0b5f0469
fe8c0086
fc17f547
012dfefc
02ed0461
fe520458
f7c2fde1
02aefb1d
03c0099c
04d30407
0384ffbd
fca002bb
f9b505f6
fba5060f
f94301cb
f7a9fe9b
ff24f981
01f80625
038a02c1
fc9afa72
0515fef1
000ff917
f528fbc2
040ffc6f
fc4dfb56
fd6b0015
04760233
fe51fb18
fd97fa5f
02d40209
0146f997
fea8f611
0562ff27
02190655
03c205b7
f97605dd
fba5ffb9
03ccfa74
fa4b0612
029101c5
f9daff77
f8310563
05e1014e
08c4017a
ff3b0176
f6cb01de
fdbdff2c
fc7bf8de
01c5fd16
fbfb04bc
fbb9039a
0034028e
f11ffdb9
f86900ee
fc3201bc
f924fd5d
01cb097d
0365feb8
fc2c01a6
fa070517
02a9f8ab
074408c5
026fff60
ffa6f89e
0418f91f
005af958
feca044f
04e9ff67
042df9eb
fd6af13c
fe96021f
054f0738
053dfe77
048dfd95
fbc4f9e7
047e03a7
0970f74f
f7f6031a
fef0ff0f
fd5bf219
fbb007ac
0619fbd5
029f0109
0320fea3
fd41fe48
fc850861
059cf977
033ffa69
ff1df5dc
03b8fecd
067cfef3
fa44fa67
fab405f7
06920aab
03bf0fd4
037501a2
015204bd
fc26004d
fdeff5d1
fd0e00fb
fde1fa47
ff92022c
fee1066a
fda7feb1
fa560091
f9350346
03f5034a
0ae9fc89
037309b5
025a0a7d
0484f7ef
026dfc07
01defd6b
0639fe9f
010605d8
fdc6fe74
021cff0f
f8660459
fb180280
0169073e
06f204b1
05c5fd64
f96bfdd2
025d046f
ff8804c6
fcd70087
06f70246
0279fb90
01dc02fe
0b900535
06edf675
f7fe0203
fcf5fc8f
ff16f859
fe6afe4b
0150048e
fe30ffb7
01a2fbe8
0886fd8c
fc6cfaa4
f451ff94
0907013c
ffb2fd85
f65cf8ac
050d029d
01dc0832
0208fea9
fd6cfc9a
fd1b021f
00c10221
01cafa4c
07cfffea
ff5502fe
fde000da
fe2200b6
feb2fd78
fec4fb1c
00dbf5ac
08ddfd74
fe9dfe35
ff110094
03370674
053aff48
06630499
fdb4ffc8
056903c5
06d40931
0338013f
01da0acd
f7f1024d
faeaf6fa
0529fdfa
05dc034b
045e056c
0a41009f
0258fa34
f91bfa8c
fde8fda1
fa2efd1f
fef60228
fe3601ce
fc71f8fb
073ff948
fd32026b
fa13fc4f
fb41f54d
fdef0631
08f8029a
035b00db
07b902f0
051ef9a1
f7f60ade
031e00d3
0bcaf088
00350388
fa0907bd
f93bffdd
fd14fa82
0ce6f4a3
03fdfd7c
fd7b090c
0510fd97
03600057
07cb0481
01b2f9d0
047bfd11
0b93fc7d
00fa0112
f96fff92
017dfd00
08e0fc97
017cf2f3
0070fbfb
01e90172
fe52ff49
f8c0fbbd
033d0339
010d0a0f
f7bafbfd
07b4fe27
fc5403a5
f7ad03dc
f8590252
fbcd0416
0f6106b6
02e30119
01b20047
ff2fffc9
fb81083d
05830155
fa58f839
ff34014e
0a10021f
0169fdd1
0280f9a8
029601b8
fb97fe58
05a4037e
ffc80ed3
f45c0305
fef805f0
fd350145
fb76fdc6
00140297
fb38015e
f86e02b1
f81cfee4
f4c9fc25
fd3ffc35
07e208b3
0a2a02e3
067afbf1
06640178
082afe80
fabafe7e
002ef0ea
faf2fe94
f4c1032b
0278fb78
ffa10ae9
048efd21
fc0802aa
fec2004b
fd95f338
fb5e071c
0da101bf
0306f3c7
05eaf868
fd51048a
f5e202e3
fa91045e
f8f4079d
fe24f9c6
f865fd4b
0534fdfd
fb60fe04
fceb05f9
0b0902fb
f88d004a
f9b4fc68
f6f3fec0
f78c0028
fd92fa95
fe87fd94
04bafaf7
003ff6f8
f6f30304
fde5fed1
01d6f927
f4fa082b
ff630a32
04a20696
fb98ffae
021efe62
0a240389
02250262
fdbc0785
042e05d3
005604a0
04480397
fc54025e
fa7c013e
0004fed1
f99905cd
0228ffd8
044a0254
04880469
fd5afc4e
fecc067c
03cd005a
fb95f4d2
fd90fc6c
fa6ffe1e
fdbdf919
0381ff47
062c013a
013cfcb9
fb5f02d0
ffa200ad
ff5300b8
fe8403c3
fd8701c6
00130085
fd44f919
ff1ffbc9
024a0000
013efea3
fa7ffd5b
f9dcfd7d
058fff6e
ff8ffb0d
07f701bd
ff92064f
f869fbe0
06a7ff47
fac20609
021600c4
ffe60235
fab3ffbb
0177f958
fe79fe96
03ddfd9b
fc06034d
ffe9054b
0ccdf831
ffb9f876
f8ecfa15
07ecfb39
08b6f8f5
fefff8f1
fd030136
fe46ff52
facfff64
fd7a00ae
088b03d5
fc9804a4
fd38ffc9
f882005e
fa58fde1
0ec2019f
fadc00c4
ff51f9eb
016dfd0e
fda2fea4
0a46ffde
fbeffba5
fa6fff65
faea0355
0202f7f2
feed00bd
f8ad0562
0a00fde8
043e05aa
04eb052b
0ab8ff35
fd06ffb6
f73504f7
00fa04b7
05b4054f
fcce0a7a
f639017a
faa000aa
05b20334
0440041d
02110352
009ff997
fc0d008d
051e04e5
005d0911
f6070868
fe6afe4b
0150048e
fe30ffb7
01a2fbe8
0886fd8c
fc6cfaa4
f451ff94
0907013c
ffb2fd85
f65cf8ac
050d029d
01dc0832
0208fea9
fd6cfc9a
fd1b021f
00c10221
01cafa4c
07cfffea
ff5502fe
fde000da
fe2200b6
feb2fd78
fec4fb1c
00dbf5ac
08ddfd74
fe9dfe35
ff110094
03370674
053aff48
06630499
fdb4ffc8
056903c5
056aff1f
0104f910
fa22f4bb
03e6081b
01650848
02e7fbe0
04ae036a
ff4f018b
ff40f99d
fae7fedd
010b04ea
098a045c
055ffa85
013e0270
000e0a17
00c10595
04c80aa4
024df89b
0673fab5
05dd0c59
fe550308
0007fb98
fbf7f085
04f5ff2e
0bf20ac2
041b0108
ff3001b9
faf8fbcb
f8700428
fae20684
fc7afe54
f7570213
ff0d05a8
00e80b61
00c90574
fe35fe2d
f96a022a
0623085e
f8af015d
fbb9f629
0b2a06b7
fd300668
ff85f6f1
034200e9
03fefe06
0591042c
00430710
0858f709
0ae401e9
fb20f6fc
0068f89a
037b13c6
f58c0388
fcb5f6c1
0321f9ae
026b00e8
00e60713
075c00eb
035e007a
f6740133
06d5feb1
04a3fa7f
fb99fca1
05bcfdf5
02a8fbe1
fa20fd12
f910ff16
fe3f06a0
00690676
00c3fe52
004afa35
036ffdcb
04c80396
030e031d
070afeca
ffa5fac4
f92cff7d
01820096
ff8afcf2
feadfffd
082bff94
026dff77
fc29f9bb
ff88fdb6
00360544
f6e3f4d1
ff20ffa2
088206d3
f36ef91d
011d03ff
07a1ff53
ff170114
0ba7054b
0153fc93
ffee0087
fdd1f8fe
fb0df8ee
fa16fe28
00440061
096803f7
fa390216
067f010f
0488fc89
fd30ffec
074b0253
fddcff7e
01aa02ac
fcfc05cb
f3ea00cd
f9b9fb13
ffcbfc34
04a2ff7f
06450174
0045fe39
fb3c02c6
ff6801d5
00fdf9b4
fe97fe5c
f93105b1
002000ea
006ff863
031eff54
09a402f6
fe300324
0292047f
0205056e
06d90235
0501003a
f7c2051f
002dfbcf
02510068
0bf0fdb2
09e6fae2
01f10769
0482fef2
0388fce5
fcf7027c
f3c00a59
0023f81f
fe31f0e0
ff7904cd
ffedfe6b
f417fe73
fbcefbdc
f6a20030
fe050251
0062fd19
f8e60398
02800098
03b10291
04e5fcae
ff7bff93
ffd8071c
f9e200c3
f4dcffaf
ffaf0066
f825008c
f3da0161
f61d0157
f75ffd80
f877016a
fb47fc4e
feba048b
014a090a
01e9f697
f9cc018d
0299feaf
fe97fafd
fcbf064e
06b8014a
0196ffef
049103a5
f577feb9
fec0f825
03be03a4
f154082f
070209bf
07aeffa7
0262f7f8
02d20715
fe160359
ff9c00d2
ffc0ff42
034cfdee
f961f8ab
01ccf9bf
0177069c
fa3101cb
012c0674
f85a024a
f7cefde7
f9520510
0300ffe1
02f6f97f
fa71f62e
005bf72b
ffb0fdc4
019106fe
ff3efe38
fae4fe9e
fca900cd
0a26faf8
0a590360
fff8ff0e
078a026a
fd7b041e
fb760153
04d002a2
ff3ffb40
01f5ffc9
03d3046d
007602ce
fe05fa2b
ff0dfc6b
03090023
00f5f84a
ff2003d9
02160544
035b0010
033705c9
ff7afc2b
fe4ffd91
000603c8
f82cfa95
f3fb05a8
fe8a0993
037900a0
01800509
070ffdc5
0274fa7e
0443fe08
03cf01b4
fe740124
09cef9db
fca70234
ff7c034a
0513f93a
fc0ef71f
03bcfc05
f574fe80
fba1fe34
07030407
034405fb
05b9060a
0451fc5c
022cf32a
f8cd03b0
ff390a9d
fba2feb3
f93cfe16
fbd3fee5
f58df9bf
01b7f832
0198fa7d
0139fa3b
03fff91b
056aff1f
0104f910
fa22f4bb
03e6081b
01650848
02e7fbe0
04ae036a
ff4f018b
ff40f99d
fae7fedd
010b04ea
098a045c
055ffa85
013e0270
000e0a17
00c10595
04c80aa4
024df89b
0673fab5
05dd0c59
fe550308
0007fb98
fbf7f085
04f5ff2e
0bf20ac2
041b0108
ff3001b9
faf8fbcb
f8700428
fae20684
fc7afe54
f7570213
02d4ec1a
0115fdb8
03e8fbbc
fed000f6
fdc30526
04b80248
ff900757
011e0171
ff47060d
025403bc
fff80680
fc060a76
0571096f
00b80781
01c8039f
fd9300ed
05e40533
0d870387
fc44f49d
fd6c00c1
fa1d049b
ffdbfe74
03e1ff91
01b00152
06a90712
fb90fd7b
fe55fbe9
02c0f822
07d8f9e3
03e504cb
f64b049c
014804bc
0a5dfde1
0157f9b7
f70bffa0
fa7106bc
f9ec002e
0100fc27
013b02ab
fb68fe7a
0922f8d9
00c0fe19
fe6f01bf
fcb0fe46
fbac008b
07ccfe60
01f1fca7
030801cc
fb670c00
01530734
0f74fa60
091002e3
01deffb8
f7b0fffb
032e00f3
05170359
faa2095b
fad4f50a
fdcff806
03cd0595
007302c1
0b940056
07860218
fb40010e
020000d4
fa1f0a5e
fb6a0562
faaa03cf
feaf00e0
097efff3
012707ec
0d7afb8f
09a1f591
f6d3fc16
fcf402b9
fcb400aa
0309fd25
02ad03c6
00af0045
09a2f971
0180fecf
fb7a0277
f87cfc8a
fdf6fd31
036aff49
ff25fe36
fd5ffeed
fa44febf
02a50174
0062016d
0059fabf
062cf871
02540271
09fe0003
001dfceb
fab00959
ff4bfde1
f643f8a8
fb5a0170
0020f751
febd006d
01ca05bb
0402fc0c
fec100d6
fad8ff5f
fd06013e
fe0dfe9b
008900d0
fa9d0233
feb6fa99
02ec08ea
f87bfe2d
037cf8b1
071d0554
ff3dfd3b
012b06c6
f9e109bd
00def9e2
0525fb8a
01380ade
070e01de
fe11f7e0
fff8fd41
019efaf2
f9ca064c
fd1c0749
004c00fb
02bc017d
fd2c001a
05040429
00ad02f6
f661028e
017eff36
fd5cf481
02acf290
0106027c
fe6f0054
00e0f53f
0045f8aa
0abcf855
f3170298
f8de0330
0ca5039a
f984086a
f71c00df
fae6fb61
0348f6e3
fc40fd6c
f9b101d7
082d0325
ff98ffa9
01d90367
047405fd
f9b4f7e2
fb49047f
02ce01d7
03f2f547
ffb304bc
038e0015
052afb7b
f70d00b5
f756f74e
00aaffb5
f9c1092d
fbdefb19
fcc9ffed
fe4e07b8
04a0038e
fdd10736
fb3000ea
f344f6ed
f535fb73
fe8dfca1
0004f41e
062dfda6
fcdb0723
fac5053e
021b09c5
fecd054c
083b02b8
0c190359
0048ffcd
036702fa
028ffe4f
fbdafaa6
03310569
016e03db
035cfea8
ff070449
f4380180
fecc021e
fc35085e
f85804d4
046704d1
05f2083f
fc1d01a5
f8700283
fdee07a0
ff04021a
fd65ff33
0125000e
038eff40
fd1cf9ac
0141fb3c
0233fc74
fec8fd7b
055afbd6
ff40f6c5
01800943
0243063c
0157fda8
06aa03b0
fbcf0076
fc8c078c
008702a2
ff61f916
febaf725
fee2fd9a
0180ffeb
fcaffe53
fe240313
fe94fca6
fd4efc2b
fc170340
ff4b065d
00ccf9da
f7f700d3
03c203d7
0771fa34
fd72047f
fc1af5a4
fc90fff1
06b10492
fa87fa5c
f52003a4
079cfc0d
ffbf00a8
03b6f7b1
05a7f975
f31f04de
00b0fe8d
07d9f7c1
018bf8da
0a8c0167
0779faa9
fc43033e
f77dffc1
fe7dfc7f
06f2ffc9
0168f97a
ff87feb0
00b7008c
fcd203a4
0250f069
0396fd08
0038024e
02d4ec1a
0115fdb8
03e8fbbc
fed000f6
fdc30526
04b80248
ff900757
011e0171
ff47060d
025403bc
fff80680
fc060a76
0571096f
00b80781
01c8039f
fd9300ed
05e40533
0d870387
fc44f49d
fd6c00c1
fa1d049b
ffdbfe74
03e1ff91
01b00152
06a90712
fb90fd7b
fe55fbe9
02c0f822
07d8f9e3
03e504cb
f64b049c
014804bc
ffcbf523
065efe13
0083fa6f
01befa32
02b7ff9d
00f2fe4f
ff59fe18
f8990226
0d5f0123
046503d7
fd360297
0620f8fb
f80901a4
fc560383
f8de01fc
fbf9065c
0c67fb4e
0789fd7b
032509b8
0444000d
0374fbda
04b502ba
ffc2fd2f
ff1600be
034b00a9
fa15fd19
016401c8
07f0fba2
fca2fedb
fc9b04d8
02bafe50
05b6f94b
012cff4b
01f7fa72
03eefad3
fe8408e2
fb4af969
fc07f852
fab00165
fb85ff31
004f033c
03ce03c7
08600354
fffbf64c
fbc0fe82
ffc307d0
011bff9e
0534034a
0cb702db
0831006e
f3bffd03
fdf40561
04600217
fa73fd37
ff2403f5
058ffd7f
00f30326
f261002a
fd6ef938
0387fa4d
0301018a
fff5024c
fbccf413
0469fd13
fb35fb8d
fea0f4bc
01f40119
02b3057a
02feff53
028ffc5e
04260247
010a0355
11110239
040d0137
fc060b3b
ffe30bb9
fc460120
fe8e02fe
f9db0060
06ddffdc
fab5fc28
f9af025f
009b081b
f9250101
0a63fbdd
07dcf4a4
02ea00d4
03fa05c9
00b500f7
f9c802ed
fad90635
028d0598
0287f8d1
024cfba0
fa4cfe4f
056a00ff
07c7087c
fe47fd05
fabbf6b1
f9a00678
06640bca
0459049a
015a073e
fe3afd08
fe9b0232
feae076f
fc0afd9c
0756039a
00d2fa3f
fe1cfeae
03de03d6
011101ee
fe54074d
faacffdc
01a90114
0198fd49
fc4f02f5
01890060
fb21fa5f
f5ea00ed
fa7af65c
fcff01c1
022c056a
fdef01d2
fc010792
fdd8faa0
063afa5f
07fffe26
f923fe23
0301fccc
014cfafe
0082fded
0520fe84
f607fef3
01a3fb18
03b8fe25
fd85fec3
ff07fcc3
fb2aff48
03e9f783
054ffe27
029d02f5
06adf2ef
fe17f2be
f6c5f762
020e00c3
00f80f15
ff180363
fe29f86b
f87f0303
028404ea
fcbcf640
f958faa5
ff9f00a6
fc3ffa01
fdeb0448
fcf60218
f7a1ffde
f9640095
ff26fb14
003e07c7
01900456
f858021c
f6fd089f
ff3800dd
00e7fe13
016405c9
f6a6073f
0133fc37
093801e3
fd53fe19
fd7ef8d8
fb580838
faf2010d
01b0f75c
05a7fbac
fcf103f9
0086fe97
05e2fb97
fd3d08ec
fd2e0528
f9790195
0323fdc5
07320268
fef006cb
ffd3f65b
ff4ffab2
0e67ff81
0d46f7e7
0108f989
033dfed7
fe39fc25
008dfa8d
fd3606be
02790507
0b6b033e
f84906bd
facd0074
fd42fcea
f460fc4a
fb5b038a
facd0340
019c06bb
03760d7e
fcc8039b
fb2700d5
fd5f04c1
0196062d
fc77fa88
014df8f6
ffd5005b
02f3fd3e
0b6807c6
fbea05a0
fed4ffeb
0012fbd7
f758fa13
ff5401ab
fb58f6de
fcd70354
00660988
fd6a00b5
048f07fc
fb9dfd3b
fc77016a
0702048e
fd9cf54c
fa12f705
00f4ff66
05effea8
fef4fcc6
02c905c2
ff340403
f78c012f
fe2c0901
f685058f
0357fc29
00b6ff66
fc6703a7
091af9c6
0354f787
07effdbb
f6ae03e8
fecf037a
07b3ff8b
f482fc86
07cdfa2d
01fa0085
fa53fe0b
03e90525
f8b90541
0433f8f4
10dc0558
fdee07d7
fdee01b6
0527f91f
ffcbf523
065efe13
0083fa6f
01befa32
02b7ff9d
00f2fe4f
ff59fe18
f8990226
0d5f0123
046503d7
fd360297
0620f8fb
f80901a4
fc560383
f8de01fc
fbf9065c
0c67fb4e
0789fd7b
032509b8
0444000d
0374fbda
04b502ba
ffc2fd2f
ff1600be
034b00a9
fa15fd19
016401c8
07f0fba2
fca2fedb
fc9b04d8
02bafe50
05b6f94b
033effb5
0691085a
fb3805aa
fa90ffbc
fe85fcea
0237f948
02effe61
f49afa61
fc4e00a5
07d502ac
f947f66d
fe44f812
07a1ffec
022b037f
fc71fa74
00f9008d
07490315
fc84fefe
0834026c
0ba0fb67
fdd3fe73
00e800fc
fd4900ed
01aafc76
0430fb36
066901c7
07a3ff72
fb740137
02d70167
0743ff92
fc8e0167
05fd0255
0a5dfd2c
fe9302a7
ff7b00c8
fe46fad9
fd080427
fa24fcc0
f79204fd
00430495
043a021e
05340728
0146f3d7
0050ff82
fc6fff8d
fed6fd4e
022405fd
ff0cfaa7
06fcff3b
fd42fe5e
001f0136
0b06044e
0212feeb
fd36ff4c
fc2e014a
0126ff28
04b5fd26
07870554
05fefe02
046cfaf1
009800bf
04230192
06c8fce5
fc64f666
01a8fc1f
fda6fcac
ff4004b2
01720543
ff24fb50
063ffb2a
fe0500c2
024a03d3
029bfd08
fb1d0581
f99102b5
fe4af83a
fb9affe6
eeb000d9
006cfb05
0a43039d
03cd09a5
0118fab7
035b0670
031105bd
feb7f92f
04cf01d1
feaef502
0983f9c8
0a3a0152
f7d8020d
04e50418
01ddfa4b
f9b500b4
009702a8
02b002ed
08130285
0389fd2c
f9fc0086
f87704ba
0073fd71
ffc1f7ed
f8ba062b
042509e1
ffba0387
fb41f9d0
0430f7bf
01010563
04cf0ce3
fac205ee
f9aaf2e9
0644f9f1
03cb008d
0295fb04
fbdc07d6
fee2fe88
fe02f765
fd7507d5
009003f9
f8dbfacb
f960ff0a
f660fd7b
fc2f016c
0242016b
ff2ef8b7
013305a3
0187034b
fe12f64e
fdd9fe44
ff9601b5
fd200630
038a0512
057efba9
01660389
fa8d0900
004efe19
02f3ff27
f795046e
0311fa1a
fdb4f82e
01b9012d
04a600f4
fb1e0455
08370d02
fd76045d
0007f655
fec4fa83
f654068f
feaf03c5
fd97fe8a
0676ff33
ffb2fce0
f8d502a6
01bafee8
0553f98b
fada06f5
f56e09ff
fd520098
f5e1fc7d
fc0cfa50
03c6f790
f877fbc2
f8b0fa19
0510fed0
04740546
0070fd05
040e0662
fa86088b
fbb808b0
0380098d
024ffc25
ff6802a5
fc0b0189
fdd4fe9d
f905fd5c
fdbdfe61
fcbb07dc
f430002f
026b05c5
01f1face
0048f5a0
042a0908
f8e4fab7
0633fc57
05dffc3e
f6e8f608
ff8b0172
ff79f758
017ffee1
00c605eb
04e5fca0
0523fce3
f9280003
0400081f
0681ff82
0569fccb
05c5fb46
fdbcfd9f
f9540d64
f3c90254
f59a0017
01db018d
0447fef9
fbd2fc4a
0815f78a
02990670
f76103c8
02be0147
054a0230
0b83ffc5
050ffe14
0753f788
0669fca2
f7e9f8c7
0204011f
046bf8d8
fdf1f280
fddb0340
0282f857
007cfd4d
0257f815
fe75faa6
f3c60a49
01d3fd08
03360472
021f09e6
07d406d8
00240202
ffd1f88e
feacf634
fb51f889
068efe70
046efec1
f95c022e
fe8a02a2
f6e20391
fc8f00ba
04830403
fe1402d7
0342f7b5
fc20095c
fc970866
fe3900a8
fd470f43
ff110c19
faf601f5
fc5c0134
fada0333
00d2ff6a
0003fa07
ff64fc06
037c07b6
01ef0091
011cfdaa
fa901049
ffad0728
01c3fa77
033effb5
0691085a
fb3805aa
fa90ffbc
fe85fcea
0237f948
02effe61
f49afa61
fc4e00a5
07d502ac
f947f66d
fe44f812
07a1ffec
022b037f
fc71fa74
00f9008d
07490315
fc84fefe
0834026c
0ba0fb67
fdd3fe73
00e800fc
fd4900ed
01aafc76
0430fb36
066901c7
07a3ff72
fb740137
02d70167
0743ff92
fc8e0167
05fd0255
f4d8fb42
0acf0133
0534065b
0749f716
00100388
f7da02e4
fd28fa17
f80efb1f
00b501aa
fbfc0943
02b806ae
066605d8
fa92fd11
01cbfc4a
f8cffaaa
ffcafc1e
03f0ff11
fc76fca7
0400013b
fcadffc3
ffc903b5
005ffcd7
fb45fce6
fdc1fb15
00fbf520
05c10787
020903e6
fff7fed8
01a10171
033ffc19
fd49fa48
0185fed0
083e0931
060206b6
032ffe4e
fc6cff8e
fe75034a
faaefd4f
043d029f
0abc0516
0582f9ba
065ff84e
fe08ff7f
02c0ffd0
0298f756
06c503c1
fff9024e
f652fded
02220376
fbc6f544
fd96f5e9
ff33fb06
05c60217
00490749
f62c0690
03ee01a6
facbff73
fcbb0537
01c40116
032cfe45
003ef669
fc7d0286
0c1f0681
ff0cfcde
03800142
0c8f04bc
fa890ff7
02dc03b3
073703ee
00bf0078
026bfd56
03290d71
0372fc36
fbe8ff20
fda5ff83
0659f506
fe9bfa08
013000f4
fd7aff58
fa68f954
0b7904af
ff22fa64
fab8fbf0
06680482
01a9fef8
ff360242
00deff31
05ed047f
fade06dd
f6b5034a
0474fc7b
ffae01cb
fbc804e6
01d9fede
04b3054a
01c3fe09
f839fe96
fe2503ab
06f100e7
ff69ff44
fa500365
f46f0808
fc3afa5d
09ebf948
050908ed
03b80b12
042f004f
03aefd82
0186f7bb
f8e0fb36
fb9c0390
038bfdcf
f8b3059f
f55d064d
02360550
ffbfff1c
024e017f
05390ab3
fd37f80f
fbdffa98
fafdf9f0
fafbfb41
009c0658
fe3afdca
f555fc48
032af81f
093ffeef
feacffc8
fa30fc42
f9cf04f4
014ffee3
fcdcffdf
016afefb
fd2efc66
fabaffb2
0daff8e2
fcb6fb5f
fc460035
061f01d7
fbfc02b7
02c8fc23
fefeff41
f97c0293
fcb9ff02
fdb8fdc3
fdcbfda8
00ebfe3a
055dffc5
fc1006e7
fcfcfca8
04dcf806
fd54016e
fb40f53d
fddafca5
ffc50a16
04a80162
094ffd54
092afbf7
0052fcf7
fe5bfe32
003eff4b
fec003c9
fde407bc
01c6042a
03a700c2
fcfafb1d
fe52f9fa
fbf4053c
ffe8008d
05f6fe29
0427f9d6
06b7f60e
f9ac074a
fcd5049e
035a0365
fc8f0998
00b205da
f66c0503
f07efd36
fd8b0326
00eb02e7
fd4ef456
0280fbca
fbbf03f3
fb450159
00a3fe95
fb3d03c6
08af026f
fd2ffa04
f374ff39
0841026d
0393000b
f6d8f642
fb02fbec
02a207e6
fde9fbbc
fc07fcd1
fe9bffa5
ff44fcab
f59efdf6
f9f8ffed
0c310544
fd770145
fd04043c
fb480668
f6bcfea5
057bf614
fb8afade
fe2f0425
0463ff33
fde50359
02e5fe12
04c30112
fc190bec
f980fb7c
0394fbf7
046b064a
ffc90411
ff19fc62
0234fbbb
043e06a1
fe1d09d7
f8360c47
06ef07db
1043043e
01b104f3
0226002c
017b0558
022d0645
0689042e
fceb0244
fb22ff4d
0061fdf8
ff7cf494
f86cfbb7
fd21fbad
f7a9f708
f99b04c3
05f9fa4e
ff04fad8
0a2107b1
04210140
fc56033b
0b290105
080dffd5
068903bc
025afa5a
fb63f98a
0277fcc7
0cccf870
024efdec
ff09fd20
fef70008
f21802bd
05b4fa76
ff1a0148
f4d8fb42
0acf0133
0534065b
0749f716
00100388
f7da02e4
fd28fa17
f80efb1f
00b501aa
fbfc0943
02b806ae
066605d8
fa92fd11
01cbfc4a
f8cffaaa
ffcafc1e
03f0ff11
fc76fca7
0400013b
fcadffc3
ffc903b5
005ffcd7
fb45fce6
fdc1fb15
00fbf520
05c10787
020903e6
fff7fed8
01a10171
033ffc19
fd49fa48
0185fed0
093e083e
072bfbc9
027bfa4c
073ffddc
fd99fb59
00df013c
fd58fcbf
04fe0421
01fc021d
fe0afe23
0204ff40
fe6bfa31
027b01a6
fee9019d
fa24ffa4
fac40931
094f07f7
07b20024
fbdb06c9
01160120
f933f65f
f99d017f
01dd05d3
fa6f016c
ff1803fb
0715098b
fcf4fd88
023dfa11
0b730617
041402a0
03ca03b0
09f6f872
0789f565
fd8a0259
ff08ffa6
00db04f8
02abfc0c
053dfb72
018e0ad4
04c501df
01fdffdb
fa94fe94
004600b0
06040b79
fde1009d
02c2fb2e
02680235
fc080105
04f7011f
fef900fa
fdecfc98
02bbfad3
0785fe22
07460360
01f7029a
00d7025e
fe890683
04950843
ffd30305
00f2f521
fa45fdb3
f3e30aff
ffdefdbf
0594fee1
05a8fe2c
fb26f36c
0a87fe47
073f098d
fe1c0890
069e017d
fb8dfe99
069dfdfa
011c00af
fbb9ffdc
0286fb7b
ff490246
01bffba2
00d9fa66
00160020
f9c6fc6c
0273025d
fc4dfcf0
fc9efb16
081e0639
f96008e1
f823011a
f7fcf9d7
03820283
039e026e
fa93fc81
03d80049
f7bffc0c
fa0bfa53
082900e1
01fbfd41
fdc2fc09
fb0dfc77
fc0ef717
fd3dfa86
f4a1f828
fa9b0120
fd6506c5
fec1fa2c
0ac1036c
0575034d
0376fec4
ffc30183
060df96d
0639f9b4
fbe6feba
0c1f0169
09aefe79
ffd200b9
fbee04e7
fbd50314
fc42fda4
fa7bfac8
fdf10491
fbfcfd71
06edf5b8
fcb70345
f5b60473
00cafbe4
ff71056c
044e0d5d
0083fe1d
0027fdda
fd080949
f996003e
fcfdf875
feeb0324
074b07c8
044d04a5
f9e10788
f4660429
fdb4fffe
fbd4fa27
f6c1fc22
013a01ef
ffbcfdb8
05cafff3
00a6fe61
f8f7ff81
070cfff4
03c4fe47
05d903a4
031402e8
f5d2ffef
03aef8f6
0350fcc5
04140147
05f1fcde
f38a035c
f81105db
fc5606a1
03bc078e
051bfc39
fffefe00
05cd066a
f7b6fd7f
f87704f3
ff6b0189
03f9f2de
fdfc039b
f55804ca
08220277
fd2f0109
fd2ff794
08e7fff1
fab003d7
0160017f
ff26fcdf
fa0afee8
05b403d8
0326019c
fcfafe26
fb47fea3
ffaa0044
0725fd1e
01bd01c5
ff65fe78
0144fffa
fb0d015f
fc22fa3e
0355019b
ffda0074
00a4fc59
08f5f88c
f872ff8c
fba304fd
0eaffc31
0184fe7d
0000fc2c
ffb80300
ffcf06cf
01ddfc3c
f9660161
fd1c064f
f608f434
f489f3e0
00650566
fff2f92d
ff6bfb8d
046500d8
02450355
ff670c90
01d6ff88
f9b301c8
fe9fffe1
0505fe28
fa28fc54
ffdffbac
00b30f3c
f77e07d2
fbd90225
ff8a0801
fe6f058b
fb8bfdf9
0039fbc9
05a101d4
faf6017a
f6fc0838
fd6906bb
fecffe6f
fc77fb0d
fe220104
02ce0364
feff04ac
00aa09c3
0706fb0a
0111fc86
00d1f709
06f7ef3e
fcbafb2d
ff88fb5f
0590fc5e
fd94f88f
07d90785
02840cb0
022efab2
086cf709
fbdff8dd
fa9d03d7
facbfd72
0457f6d4
ff83fdce
fb5a008c
f6bf018f
f61cfbee
0895fb63
fb4301eb
02cc0227
fb6df9a0
f74e0565
0f1904b7
00aefc0e
093e083e
072bfbc9
027bfa4c
073ffddc
fd99fb59
00df013c
fd58fcbf
04fe0421
01fc021d
fe0afe23
0204ff40
fe6bfa31
027b01a6
fee9019d
fa24ffa4
fac40931
094f07f7
07b20024
fbdb06c9
01160120
f933f65f
f99d017f
01dd05d3
fa6f016c
ff1803fb
0715098b
fcf4fd88
023dfa11
0b730617
041402a0
03ca03b0
09f6f872
07be0316
fa210288
f9b3fa07
fb2ffc99
f9f60260
fe500697
0232fd42
0a42f902
066bfbc1
fa1fffab
065aff12
0c840070
fccdfec2
fdc2f5b3
0057fa21
03c5fd6a
0d1b01f1
07cbfc22
02b3049c
044f00f6
047ff32c
00e60c42
fc2504af
f8ae02b9
00f90939
0930fdfb
03aa0228
025bff10
ffbdfc47
0243fd3b
026f0957
fbb9040a
fda302d4
fc9906b4
04f5f839
09b906a9
0190fccb
0272f76d
054e0be4
0226fe16
02c1fb46
0297ff89
f8aefbbb
001b013b
04f2024e
01d6fe6a
05b4fb61
fd6bfe16
08120111
07edfd81
f89cf996
008afab2
000dfdc7
01effccc
037d03b9
032f0743
05c4000c
f79cfd25
fac1f881
07c901ed
fb5803d8
f68dff6c
002c0816
005fff7a
03d0ff16
fe980119
f7b00165
03bc0048
03a0f98d
fa830722
01a5fdda
0ca4f9e1
fc8e0284
f34bf4be
01e9028f
fef90880
05c1fde0
042d0507
f7170278
0450002b
01f5fadb
fa9bfdd9
fbaa0a58
f8720153
fdebffe2
00e7f9db
ff9df7d3
01a30605
052b037d
ffec068f
faa50506
023108d8
07b8081d
03f8f845
fd1d05be
fd540379
fd2cfde1
f71b07cc
f63bfa64
f948f898
0004008a
04effc0d
0387f8b1
01cffef7
fe14040b
fa23f91b
fc39fc0a
029605b2
00bdfe72
fa440111
fd31ffa4
02e7fbf8
039b00d8
fc80fe37
fd52fa07
02f7f50d
fad10298
fe890ede
043903c2
ff21fb1f
02bd006f
02d40713
ffcefb13
002eff77
01d00701
01eef92e
06cdfdda
080afec8
fb16fa16
fed80536
02c80126
ff12fe4c
053a0142
0660f625
094700d3
03520419
fcc2fbf7
ff06fee0
fdbef89b
04160204
fd0efed8
f7d9fa81
0521fd68
ff5afade
fab90879
017bffd2
fe66feca
fcff0459
f934fe4a
fa570538
07e201fe
0943fadb
01900201
011906d0
fec8fd27
f79a0705
fcdd091d
0075fe35
fe4c0555
ff2503a0
f877043e
fc3efdaf
fcc1fec6
ff5006a2
0319fcec
f85e0135
0131061c
fba100d3
fa68fc27
0500f8c1
f9b1faaa
00940152
00d40025
0027fe9c
01c802bf
fa730077
00960301
03310252
0071fb7b
f8dffd00
017a02a6
fe31ff2f
f77dfa3d
0646fe2f
f9880021
f73d0145
ff000003
0408f979
0379fab0
f6c305d8
fd2a0a31
02fb072b
0d28fe16
068fffe5
0045fe27
098ff0d0
031a0202
03c505ab
fac003f6
faf203ca
fc9df874
fa3903af
04d90060
01ca025c
03d507c4
fab5ff86
f9cdf79e
fef8f96b
fbdffd8f
02d5f72e
f49704b5
fd6bfd2d
07d3fbb3
f89e076e
fb13fef2
f55ef775
f7f5f349
068000a6
02cdf71f
ff51f8da
019704d1
ffa00659
04530b48
04cc02b9
fe96065d
fd47fd37
f96c0759
018e0854
ff11f997
fb67ff3f
0463f519
faf0f89e
fd1afb38
ff840937
fbc105cf
fc84faaf
f7b408d6
009602db
05bb0977
03500e38
ff0d093a
ff58fd0c
0888fc5f
01e604a9
01e0faf8
0d9cfe29
ff20ffc8
f5c40001
09a0fd64
0613feba
f76aff7b
fd29fdb1
031dfd1b
035af892
fc4005f1
02c7053a
07be0316
fa210288
f9b3fa07
fb2ffc99
f9f60260
fe500697
0232fd42
0a42f902
066bfbc1
fa1fffab
065aff12
0c840070
fccdfec2
fdc2f5b3
0057fa21
03c5fd6a
0d1b01f1
07cbfc22
02b3049c
044f00f6
047ff32c
00e60c42
fc2504af
f8ae02b9
00f90939
0930fdfb
03aa0228
025bff10
ffbdfc47
0243fd3b
026f0957
fbb9040a
03d00409
0526fcaa
07cdffd7
05dcfb52
f176f934
fdb6ffce
02580490
01840043
0979fdcc
f7eb08a4
f7b0ff88
0b70f619
0ba407c2
020b04bf
fc99fd56
fb36f8cb
0285fa1e
01330082
fdcaffb2
008b060b
f6a5fd2d
fc13ff5f
07d90178
0465fd85
029f0231
032fffc9
038a0156
0577fd2a
07f701d4
011cfe93
fda9fc7c
fb6503a3
01e1021f
0c2afff9
fe5ef838
feabff3e
018afc47
fdf0fa7b
feb801c7
fa4000de
022ffd02
0429fb92
08340851
04dbffee
fe61fdc5
0467ffc9
f9430399
038e05ff
0b5ef5b8
fa580312
007cff66
062cfee4
024404f1
032cfae6
04fc058f
0757fbca
03fefeab
fcf6064b
005ffa2e
05ef033e
067f0759
03cc035a
fd2a04d3
035afe83
ffeafecb
f531063d
fbfdfbb9
fb9efb49
fcfd014e
fe38fc85
f542ffd2
f9ecfb5e
ffe6fe6b
fbfb08b4
fe550470
fda90381
f7eb07be
fbaf0744
030700a2
09bbffe3
04d204fa
fd14ffaf
fafbff2f
f884002a
039ff5ce
067dfb6d
039e007c
080ffd52
03bc005b
008afe3c
ff2cff37
ff4ffc07
fc9602fa
ff770385
058bf458
ff2bfde0
02d4fe96
0222feda
f9d7027f
fe2e0053
00c4087a
04f0018e
0b8a0373
0907fb61
00fdfb43
fd940ef9
fd9a0210
fc9b0567
fd5501d2
fb2ffbc5
feb1061c
0543fceb
fe5cff8e
0268ff94
096505a5
f99604fc
f68dfcd2
fec101f3
fe33fe29
03d8fd3b
002efa21
f5450439
ff0dfcbd
fd38f7b0
f62207f0
0e73fcba
067afffc
f98f0448
0d280309
01e1ff4a
0117f989
08b8fb5f
fe75fd7f
f9cc091d
f9d404e1
01b808fc
f5820042
faf2f85e
05010325
f53cfb0a
fcea0336
fce9fd5f
fb61f926
fc6b040e
f6e5fe39
fcdbfb47
fd27ffd0
04cc0494
0768fe12
022efe79
02ebfe0b
02fefa31
000ef93b
fc8ffe79
014a0218
fee9fe14
fb6e0914
fc3201a8
fe4ef581
fc88f04e
fb4bf3fb
055404dc
ff17010a
ff1cfdc2
06c7fe62
02f20749
01710692
fb2ff6c2
01e2f935
04dd01a5
fbe608cb
00e40205
0342f895
fc03ff7f
f83804d4
fb17f7c8
fc0cf54f
fd2807f6
00fdff7a
00d0f204
f882013a
f829046d
0188ffd1
00c0066d
0012febc
f8affdfd
fa38fff0
0669facf
fa3e00dc
fb650030
086108ee
00880b43
fd42ffcb
ffe0087d
fca80d94
00b0ff2c
00fcf92e
f6f3fe87
f7fe06b4
fd72083f
02c7fb0b
0400036d
00150169
00390072
feee1256
006c044c
01af0274
0418fc08
0498f75e
0be3ff4a
0ed3f9e3
fabbfda7
ff00fe03
04f00465
fdc6fe43
00f90017
fb3f070d
01f4fb96
031a0074
f9ec0726
ffc106eb
03cdfcb1
0186008f
fabe0412
02d4fa58
0571fe34
fa8d05b9
fda1ffad
f9b7f6b5
fb6a023a
ff87fd40
fca100be
049a060a
0070fa92
024b01a4
052e013e
fa510311
027d0451
0232067f
fa0ffbe3
fd0ef37a
fed1f962
fd01fa10
f9b70837
06b100fb
05aa02dd
fa7a0084
02ddff83
056a0b4c
0410f6d6
00280408
fb6902d8
fa15f356
014cfd90
01e4f814
f8660165
03d00409
0526fcaa
07cdffd7
05dcfb52
f176f934
fdb6ffce
02580490
01840043
0979fdcc
f7eb08a4
f7b0ff88
0b70f619
0ba407c2
020b04bf
fc99fd56
fb36f8cb
0285fa1e
01330082
fdcaffb2
008b060b
f6a5fd2d
fc13ff5f
07d90178
0465fd85
029f0231
032fffc9
038a0156
0577fd2a
07f701d4
011cfe93
fda9fc7c
fb6503a3
fe4b01b5
04c9f6aa
0833fcc4
00e20002
f719019a
fb56029f
fc870454
fe1f00a8
02dafe70
fec0fe68
ff6ffb35
fd77fb35
0095fbe1
067bfadf
05d4fc26
09950026
fe910096
f89c029e
ff1405d3
fb620521
fd8c00fa
03a405e8
020f09dc
05290255
0d27fe72
0244fc58
fd070195
01f304e6
fc4e011b
08aa01a2
067c04de
f82f064c
007707c7
026f04c3
07acfd32
03d8ff3b
f5c0fc0f
ffc1fb8a
0892fd89
ffeb026b
fce60a56
05ba00ca
05a9fc0b
01f9f861
018bfef9
f85a0513
f7930238
03060523
0a420005
0209ff2b
f862fbb1
021c04fe
0326077e
fb70ff30
fe5dfeaa
fe42f8ff
04ee0827
09510260
005afabc
fdf50c6f
013f0401
01cffcef
f45f0714
f38a0511
0489fa4b
ff7efef1
009f05ac
07900125
04d7fd11
0362fd9d
f8500099
fe0203f8
02effd6d
01f4ff0b
0a8e0655
fee2f547
062cfd38
09dc0479
f846f7be
07eaf9db
063efc96
fc2b0604
055efcb0
fb76fc74
fa5504b5
010cfcef
0018fe27
0268014c
011202e0
fd6ff7bb
fd6df8a9
03e3fd08
043bff05
ff9602b9
fce000b6
fde0086c
ff4b021f
fb5e02ce
012e0851
fd3501a3
fa84fc7f
00c6ffd9
fccc00f6
0579fa8e
f950fbca
f5b2fcf1
0ab606bf
0156fea0
0073020e
fea80866
014cf405
0b61000e
fcb4fcf0
fc60f659
fd7502a4
fa02ffe8
f9bcfb03
0110f94f
0b6cfd68
fe5e00cf
fd3403e5
fe82f815
fa67f5e7
ff7dfd1f
ffcef7f9
0152fb4e
006a0469
feed01dc
faa3ffb5
01780b7e
07ee0070
024102a6
002d0c19
f9130288
047000df
0615fd40
ff40023d
080afc65
014a0254
034afbe2
fdc7f37b
f7e7064f
f9aefddc
f35100d9
02430096
fcef01f1
f6f30347
065f0100
fdef0d63
f6eb02d4
fab100bb
00beff1c
0321fbab
fc4dfa85
fd4f08b1
02b10b26
0292f6a2
055d06d5
058a051d
fc6e0143
fb4bff4b
fd2ff595
fe0cfae3
ffeefb67
fe23005a
00fcfbd6
fe7b09f9
f9a30900
01a7fd42
01ee03e1
f4e2fba2
fcda0070
0632fda5
feaa0098
02fa02ec
fab3f844
f416fc53
025cfd5f
02590173
fe6300cf
0273049f
054dfea0
ff4df2eb
f86a0568
f7d205cd
05d1f8ac
0cab011a
ff48014d
07fb0222
038e0782
f8e3f9b8
0128fec0
fce1044b
00e2fdc9
fef40890
018cfcf5
01c2fabf
fa1c03f6
015bfe53
f3ba07c0
f94fff8e
07dff897
fd440327
faa4038d
01990130
08b5fc86
fc020486
fb6105df
fe96fc96
fb180130
0490021e
fd5c0080
fed5ff58
ffb000b9
f339048d
f461019b
01f60253
076a02c5
f924fe24
fbddfd11
fcdafb4b
ff6d0378
0d930b6c
05a0fd4e
04f3fc77
087cfbb5
0400fa55
03ba073c
0c6800e4
078a038b
f6f8054b
fe960893
fe7b0a46
fd7ff78f
ff35fbca
fd8efcc9
010100ef
f6c702cf
0216f9d3
0312003c
f9a4fb68
0889f6e1
0091fa25
fafc00b8
fcb5fdc6
fab1fa93
fe17f9d4
fcf7fbea
095d0577
09e9fc03
fdfc03f6
ff3effb8
fe53f537
02c5fe5b
06d1f36c
ff0bfd9d
fe4b01b5
04c9f6aa
0833fcc4
00e20002
f719019a
fb56029f
fc870454
fe1f00a8
02dafe70
fec0fe68
ff6ffb35
fd77fb35
0095fbe1
067bfadf
05d4fc26
09950026
fe910096
f89c029e
ff1405d3
fb620521
fd8c00fa
03a405e8
020f09dc
05290255
0d27fe72
0244fc58
fd070195
01f304e6
fc4e011b
08aa01a2
067c04de
f82f064c
021f05b5
0389fd9e
fa4af5fd
061afcc0
00e4057f
fd79ff4b
fbe3ff05
f901012b
07a3f9ec
ffec02a4
04af0378
055901c2
fead063d
00b500c4
fca001ff
0b000756
010b04e0
f9b70a07
fafe094c
fb9bffa8
07f4fdc5
fed0fd65
02c10323
04840547
05aa0421
0631009e
feddff19
009ef9a8
f8bbf468
01fa085a
037b0938
0322fbdd
0d31fde1
0691ffc2
03b0fc99
008cffc1
03680664
0530fef1
0148001c
01290815
053a0361
0401f8fc
fe3f0430
01330181
ffdeeff0
0175fcc4
f804ffb0
f8c209b2
087a0794
067cfe43
0a9dff90
0141f782
fcbb0621
09a3ff9f
06d6fee0
001a046b
f8ccfbaa
fb28feb0
febffcb6
f9ea01c1
ff81f9b1
053dfb94
fc0dfd4c
fa59f889
03f3014b
ffc2fb8e
f308fce6
f9610433
073b09bd
fde0050d
faa80264
feb50247
0363ff45
0d0f0194
01a4fec9
fe58087f
04200430
05cffc73
02c3ff14
fbc9f97e
fe6bfb04
f969fcaf
fdc4fbbe
04a7010c
feb104c4
fa52f7f0
0188f6a3
0db5fe74
03460499
f92106df
f8c0ff4d
fda90648
01c80428
fd17fbb1
fe46ffaf
01dc0b0a
021f04f3
fa6200c5
03d806d9
03bff253
f5abfa3b
0423fce9
032cf6cf
018808fa
022001b0
fabffe25
05c1fea0
002301b9
fa8603c7
ffa7fe5b
ff5f014e
03bafb46
0052fd1b
00830387
094bfd78
01d8f82b
fb93fbae
07260147
0587fcf6
faa4f821
f82502fd
fbc2024e
00f3fcc8
ff12095c
04430076
0367fbeb
fe3808f9
05d20109
fc77fbb5
f6b20138
fec6fcd4
f565ff1c
f6ddfef6
ffa5f5b8
f9b2040f
ff7a0487
fac90252
f63e0a13
07300088
007d0224
fd8affc3
fcc503dc
f9e101c9
08e6fc21
f8e309c8
f52c0243
02a4fb79
ff5afc4a
024afa53
fcf9f992
0098fab6
ff84fd98
feb30011
04640461
0178008f
07ac030b
fa03ffb2
fbe1f840
07b50245
fc030537
fe1ff6cf
0116f8ba
fe330059
fa25fa8c
028604c5
05e0fc09
ff86f922
fff00b46
ff310579
089f0979
04b70338
03bcfdd7
02f10556
00e1fe1b
03ec02bb
f57403c1
00c4ff6c
fe370498
fb0102a2
0da301b8
fe820afc
fcaf03fa
01e5f9dc
fad20871
fca30aaf
0006ffdb
fddc01d9
f9a300a2
fb9cf88d
0212fa27
092a0328
04650368
004bfd4b
fb41fc82
fa4c00cb
fdfbfe52
04b5f6d4
0e63f877
fb30fdb7
f922031c
0105007c
fba9ff34
009e0a1e
019603e8
fc7806bc
f309049e
01d4efc2
ff3efc40
f98301a4
086600a7
fe6e013f
02e3f971
f89affe1
f62bfe19
fd18ffc7
ef16fd9a
0189fe84
038c0231
ff49f79b
0435fedf
fe200060
fccbf873
f95bfa56
06ecfc06
0c05fb0d
00790225
fe5e09e8
01250252
00b600e5
ff1b013b
0316fdc8
fc91fe5e
f849f977
fed0fa01
fcdf064d
ff1b0937
028a0606
fc180057
fde1fbe7
ff21024f
feecfbe5
0439fb9a
fcc6005f
fc3501d0
07a801c9
055bf90b
fd49fe67
0350fbfd
039905fa
fadc0477
065cf4dd
0766077b
faaa04aa
025efd28
0578f834
fa4ef796
021f05b5
0389fd9e
fa4af5fd
061afcc0
00e4057f
fd79ff4b
fbe3ff05
f901012b
07a3f9ec
ffec02a4
04af0378
055901c2
fead063d
00b500c4
fca001ff
0b000756
010b04e0
f9b70a07
fafe094c
fb9bffa8
07f4fdc5
fed0fd65
02c10323
04840547
05aa0421
0631009e
feddff19
009ef9a8
f8bbf468
01fa085a
037b0938
0322fbdd
0d5dfe2c
00d505b0
fb3303b2
02250908
f95efd42
ffb3f969
00a20767
fea40117
0284fdf3
fefcfc8f
ff9ff5fa
f849f4ff
0241ff26
01ad07f6
fd2ffd3f
068dfee6
02fe0146
03edff76
fbb90377
fbe70515
03c2073d
0413fa72
ffa0fcf2
ffb6ff75
07e1f992
ff480917
03aa01f3
0319f651
00ec03f1
0d5d022b
fe73f42e
fdfbfa68
056a04f3
020406a1
056cff7b
f691f710
fb77fd4d
05ee0102
fc1c0224
00aefcdf
fb0aff0e
fd8c0463
009eface
f5f602c2
0000ffdc
04f5f7ee
ff1c01ea
fc4d0693
03bb02b8
0111fa4e
0685fc49
0ce3f820
f525fa3e
06750252
0d62fe1e
fb0401d4
04da00a0
fc7afd00
fe04fe9d
0d480469
0a50080b
070b035b
01b0fbe9
fc01f49b
0631f9ee
0468feb0
fc330012
00d8fd95
fc19f759
fda9fd4d
f8c600bd
009d040d
0e720825
ffb001b6
006d00d0
fc48ffad
f959fd74
fc5a0658
f22affed
013ff97c
065e005a
f643fafd
fb42fc00
02a1fd9e
0070fffc
fa9c0901
fbcd061e
04960306
ff9e0072
fff20231
00240253
fe4d0191
056f069f
fe4dfeac
fde40031
00eb05e3
0000ff4b
03990403
026500c7
002c00d1
fe710b07
0288fd93
0660fcc7
00b80420
f5d00066
fb140161
022df924
0518fd83
0954030e
07150292
073a0177
fc37f2a7
fb48fb57
f4dc078d
fa0e02cf
06350017
f4e8fc3c
055a0041
040a0484
f8fbfdd0
0575fc0b
017e0589
01f10508
0528ff54
07d8fdfa
fdbafa8d
013efd86
ff020052
f9b5fc2c
02be034b
f9780880
fca3fe1e
fcec0563
0a8500b4
07d0f6a6
f2f70469
fe0bffc7
fb81004e
f716ffb3
f631fbbd
02e50238
05bc01dc
ffc0084b
071c0139
fad6fbba
fe6b0190
ff030196
ff9afbc2
072afb09
0280028c
091ffe49
fe220145
f1af0213
fa75fe15
036ef96f
fd3bf9da
f8df0084
08d3fc77
060207c3
f77c02ed
f7c2f9a3
fc9103bf
fe5e06d3
fa8302f1
0153fa35
03ee0178
fca603ca
fe23052e
f73a04d4
fcfc0278
01f706c5
f829ff2a
038601ab
002dff5d
fa91fc63
05c9f602
ff45fc48
f8d207cd
fe8cfa71
024a01c4
f66efcf0
f1d1fc2e
0431ff4a
002afbb9
f4d60757
0506fa52
0353fafe
fafcfc86
0415018a
05210b02
0012fcfe
fe04fbca
0689f7ee
0352f960
fe6afa1d
0038fb06
ff06002c
02d6fc42
fb4cfd75
fde1fa08
0157fef4
0697fe17
0a74f815
fe8fff80
007a01eb
0353ff35
08130377
009008b1
017602a6
04550645
f9350632
099dfc9f
02f1fefd
f66cfdd5
fd12fafa
fabf0172
fcd2ff14
f8c0f9a4
f5cc080e
0134075f
018ffdf7
fd68ff3e
0adafeb8
fccb00ec
f4b0ff4b
042001fe
021afb6f
09b4ffef
0663074e
02650101
01b80956
f8baff1e
fc44fc8b
fdc204d6
f9d60218
f3d4fe64
f924f9fe
005200eb
040700dc
07fe0a1f
01b805a9
fc24fc14
fecb0652
fc34033e
fc3f0757
05ccfd3b
f6b8f977
f7f80209
0adafb2a
03a30398
04320038
07a0ff76
05f206b5
02ad027b
ff03052a
05bffd65
0d5dfe2c
00d505b0
fb3303b2
02250908
f95efd42
ffb3f969
00a20767
fea40117
0284fdf3
fefcfc8f
ff9ff5fa
f849f4ff
0241ff26
01ad07f6
fd2ffd3f
068dfee6
02fe0146
03edff76
fbb90377
fbe70515
03c2073d
0413fa72
ffa0fcf2
ffb6ff75
07e1f992
ff480917
03aa01f3
0319f651
00ec03f1
0d5d022b
fe73f42e
fdfbfa68
0973ff16
00da029b
0127fb0e
fedafdb1
feeb0578
002dfe4d
feb10351
fa340072
0696f93e
0119fa4f
fccefded
051e0452
fcaf012f
005f0097
fa27fc83
fc080017
086d02fb
01cbf8e2
02fcfd4c
0489034f
079603f4
071cff93
fd280021
02f6fe34
058cfc4f
ff6002a3
05f8fdf1
0257fd7e
02b4f9bb
05b8fb5e
fbe1007e
06b3ffe8
0296fd2c
fd51f5d8
08ed01c0
ff4104de
fc41ff80
ff8a008a
0081032e
feec02b1
0297ffbe
082102f5
fd25ff06
f9ec0684
fa220156
fcfcfaa5
039cff10
039b00d2
044f10c2
04a8097a
071afe93
052cfa21
fecf001a
03070699
014af9a5
f5230017
fe00ffe9
fed9fdd4
faeffef5
00d9fcf0
f5170622
fe1b0104
01aef9fe
00a803c2
07730a92
f58907e8
fc780718
fb3503cd
f92c04ef
0700ff3c
fb25f9ed
0509013e
066ffcc1
fa69fc2a
fef90342
fb4102b3
037efd19
07ec0191
fff3fd9a
01f30147
01320a24
fa53fb11
fd1cfdb4
0116f84c
fe59fc97
0260fdd8
fb51f84c
fbbe0ae2
0987fd65
fc0e03de
fa21046e
070afc96
01cd059b
fce4fd39
027104f9
07a0f2f6
021ff291
02a507a2
fe62ff49
fd34012e
063d01c6
0175ff62
0233fa9d
fe08fe81
fe460b8c
02100664
0126fc5a
05cffec5
fe6ffd24
03f6fce7
fd8f01f1
fb6f0082
07ea02e5
0005f854
0a9efd7b
06d508c4
fdecfba5
ff4ffcf6
fb0dfb0a
fd8cf816
f6040295
026b02e4
08b8fba9
ff9a015b
fff701a2
fa4ff9b3
fe41035d
000d0161
facbfe16
fe920607
04fb0181
fb18fee7
f968fddb
fc98fe31
f3d50443
0660fe8a
085dfcbb
f724020f
fe7e0019
008e01c5
fbf4fea9
0006fd4d
08cefaf0
03d3ff8f
f79304eb
fbfe00a7
01980a10
003ffd37
07bb00c3
015d0a35
f6a3f3f3
fd69fb13
f7f0ffa5
f722f8db
fd6ffe1f
07fd0634
0b46fee9
fcb5fa94
013a049c
fdc4ffdd
f92c02d4
fc38ff90
fcdef68b
062eff58
ff020bfb
f8ac00ea
facaf8b7
03100261
062dfadc
fe88061d
fbe00783
fa080110
030a08e4
0307041b
02a8020b
0110f934
f685ff24
020bff0c
03fdf6ea
f6baff06
f6270544
02ad04f5
0720fc36
0157015f
07cb0230
07430067
009f0146
04f9ff2f
041afd2c
fd3ff78c
fdcbfc3c
fdd4fdd1
fccb0392
f9f900b8
f93e0080
fe5e061f
f46bfa1f
fbcff7ee
06fffacc
f441fe7f
f91af6ca
0448fa71
ff130bd8
0318016d
03cfff94
00b609e8
0213033e
feecfe50
fece01c2
054e030f
fbe60628
f96300eb
030307d5
f5c60bf6
f232f927
fb28fb27
f9d1077b
fdc911cf
fd6c04d9
ffe7fcb7
05690508
fcf4fcfa
f62f0405
fd280281
0a9bfc77
0b9bf637
0330f934
fa9600c9
fd46f606
03a00384
fafe0145
fa57fa8d
fb73ff5e
073ffc87
0e7aff61
ffe3f93d
07c501c5
04a70153
fd02fe48
07440679
02ea0102
fd27febb
04d1fce1
0907ffa7
0121fb82
05800175
fc230ee1
faec024c
09050026
f83a0301
fa1bff60
ffe403b9
04f7fd72
046bf1b3
f4cbf811
05afff90
0973ff16
00da029b
0127fb0e
fedafdb1
feeb0578
002dfe4d
feb10351
fa340072
0696f93e
0119fa4f
fccefded
051e0452
fcaf012f
005f0097
fa27fc83
fc080017
086d02fb
01cbf8e2
02fcfd4c
0489034f
079603f4
071cff93
fd280021
02f6fe34
058cfc4f
ff6002a3
05f8fdf1
0257fd7e
02b4f9bb
05b8fb5e
fbe1007e
06b3ffe8
00000000
00000000
00000000
00000000
00000000
00000000
00000000
00000000
00000000
00000000
00000000
00000000
00000000
00000000
00000000
00000000
00000000
00000000
00000000
00000000
00000000
00000000
00000000
00000000
00000000
00000000
00000000
00000000
00000000
00000000
00000000
00000000
00000000
00000000
00000000
00000000
00000000
00000000
00000000
00000000
00000000
00000000
00000000
00000000
00000000
00000000
00000000
00000000
00000000
00000000
00000000
00000000
00000000
00000000
00000000
00000000
00000000
00000000
00000000
00000000
00000000
00000000
00000000
00000000
00000000
00000000
00000000
00000000
00000000
00000000
00000000
00000000
00000000
00000000
00000000
00000000
00000000
00000000
00000000
00000000
00000000
00000000
00000000
00000000
00000000
00000000
00000000
00000000
00000000
00000000
00000000
00000000
00000000
00000000
00000000
00000000
00000000
00000000
00000000
00000000
00000000
00000000
00000000
00000000
00000000
00000000
00000000
00000000
00000000
00000000
00000000
00000000
00000000
00000000
00000000
00000000
00000000
00000000
00000000
00000000
00000000
00000000
00000000
00000000
00000000
00000000
00000000
00000000
00000000
00000000
00000000
00000000
00000000
00000000
00000000
00000000
00000000
00000000
00000000
00000000
00000000
00000000
00000000
00000000
00000000
00000000
00000000
00000000
00000000
00000000
00000000
00000000
00000000
00000000
00000000
00000000
00000000
00000000
00000000
00000000
00000000
00000000
00000000
00000000
00000000
00000000
00000000
00000000
00000000
00000000
00000000
00000000
00000000
00000000
00000000
00000000
00000000
00000000
00000000
00000000
00000000
00000000
00000000
00000000
00000000
00000000
00000000
00000000
00000000
00000000
00000000
00000000
00000000
00000000
00000000
00000000
00000000
00000000
00000000
00000000
