0009ffff
fff6005b
0031ffd8
00080008
ffd4008c
001a0039
00610020
00470006
ffcfffa9
ff9e003e
ffcd0047
ffff004e
ff51fff9
ffeb0044
ffa3fffa
ffccffd7
ffd3002e
ffe80006
001d0012
00440076
fff40015
005d0063
ffc6004b
0023ffb0
003d0040
00070002
ffc4001c
ffc3ffc0
ffd80025
00020065
ffbbffcd
ffeb0022
ffec002f
002effe4
00070032
00120030
ffd3ffe5
fffdffda
002e0047
0079ffe3
ffb1ffab
0063004f
006cffea
003cffff
000c0025
ffdf0024
0052007c
00890039
0088000f
006cffe8
0035ffa4
ff920039
0001fffb
001f0046
ff9cfffe
001e0002
004dff71
0041ffde
ffa7fff3
ffb50047
ffcb0039
ff99001f
00790031
ffe6ffda
002affd1
ffdf0025
00650046
00670006
001f0037
ff93ff48
fffa001a
004cffc8
0039003f
ffedffb3
008f000a
ffbdff9e
ffd0fff1
00240061
0009fff4
0082004f
fff4003e
fff5ffa3
ffbe004c
ff90002e
ffadffcf
0028001b
004bffca
0068000a
ffe6ffb5
00430095
fff5ffe6
00810007
ffe3fff2
ffeeffab
0061ff6d
005afffb
ffce0078
ff970066
ffaaffca
ff82000b
00200014
0070ffd0
ffe2001d
ff77004e
00380022
ffe8ff6a
ffa20036
004affdf
ffa1ff57
0030ffe9
0005ffa5
ffeb0032
ffcc0048
004cffa4
003a0006
ffa8001f
0061002f
ffe6008b
00210041
004e0029
0027002f
000f005a
00010009
ffd8ff7d
000fffd9
ffe4ffc3
ff610028
002affe7
0019ff94
ffbaffdc
ffc2ffd1
001cfffc
00090021
005d002a
0007fff5
00180060
000e0099
00380045
ff78ff8d
004b0036
0033ffea
00280001
005affc1
00100019
0017000a
ffb00033
fff9ff30
ffa90056
ffbafff4
002a004b
ffffffe1
002dffd8
0022ff7e
ffd5fff6
004dffae
ff3c002a
fff2002f
0037ffbd
ffb0ffd2
ffa7ff5a
0052ffe5
fff2ffee
0032ff97
ffdd0009
001d00a1
ffd90020
002cffe0
ffcdff97
004b0063
0013004c
00070066
ffd3002d
0032002f
00160012
ffe20057
0027ffd0
ffceff99
0067000f
ffe5ff5a
fff8ffef
0000ffed
0010ff8f
ffdf0054
0015ffdc
0010ffcb
00380007
001dffbd
005e003c
ffdf0039
ffa0001a
ff67ffba
ff9effcd
001b0051
ffee0008
ffc40010
00370070
ffa6ffc9
ffecffd8
fff5ffdd
ffed0041
fff6f90f
fc18fde0
0364fa3f
0403017e
f8ae03f7
040df644
053d03c1
021e053b
08da01c6
fe62ff44
fe1efad9
0227ffe8
076e0002
fd97043e
015607da
ff3afdb8
fe6b0272
fab003d2
fcb3045b
fd6f0032
0402fbdb
f6a20734
fd6c02fe
fd6b016d
fb8cfd77
fded037a
07b005db
f7adfd2e
ff380028
00c6fff3
00e705b1
01d1fd80
fe21fe20
007c038e
f974fa7a
f782f912
01e400b8
046cff0b
00270331
fe5effc2
004f0107
fff4074b
00ab015c
02fa00f0
0248fc55
fd8e03ca
01ec019b
03adfffb
01b3f928
fe8d0214
0023fe5d
000ffbaf
fd200620
fd67fbbd
01b7fc0c
fd970396
03f8fa3b
fe2bfd3b
0758021c
05990192
0308fbd3
0015ff08
fd8bff99
f65cfbfe
0087043f
fdf1034d
01ef0072
0213f440
00e2fd51
ff3ffbd4
006d0186
01880959
f8b2fb41
06cefc6f
f458fe45
04a1fd7e
0157f823
fd31fe16
f32e03c1
fda900f8
0131015c
fe59fad4
fd3d042b
f8fefae5
ff2207bf
fedc00e9
f8d20057
017dfd8b
0332fcc8
037afcc8
fe4cfcf1
0569fbc9
01a60163
0116f97d
ff8ffa95
fb280083
0065014c
0601fded
028e0347
ffa207b6
fad4fd39
f97ffff6
03a5fd23
fa73f5cf
fe8ff9a2
fad8ff43
ffacfc96
ff35016d
fd34ff37
ff5904e4
ffb800d3
00d203c1
05c9007a
fcd9fa0a
fde1047e
fc80fe69
fa520431
028cffc9
031d0179
ff41052c
0548ffc7
0053fe5b
051afd78
00a60067
0220fe5f
0056fec0
fc3202e6
fa9bff31
03b1fa9d
ff0cfc1f
05a0fded
01e102e9
f6fdfea2
093efac3
020e0638
ff1f05cb
063b0700
ff50fdbd
00d3faf7
02130010
065c046e
fb9b01db
fcf707a8
0035fd8c
fce000db
f954ff8e
fb8901cd
fe8cfdce
0651ffca
f42800c8
fc330089
fc9bffd7
fe0ffb4b
fc5300cd
01bf095b
fbd1f8cd
febbff8b
ffef00a3
fddd05aa
021affb0
0084fccc
fe670346
fe4cf849
fde5f5a3
01510217
043201fa
fdac0376
fef1fefc
ff30003f
fbcd062e
ff540138
01f602a8
04cbfe6d
fbc801db
00100212
0372016b
061ffc2e
fd52014b
00f0febb
028dfcee
fa7902a9
0084fade
0424fd83
fb780102
0694fdba
0063fc8b
048e0614
03e903db
04d8fe63
fffeff47
fdc8fe92
fae4f700
fd830381
fcbf0121
011701cd
086df7d1
01d0ff1f
0244fc49
ff7c00bc
fbb1083c
fca1f7c4
078301d3
f8d1f7f5
05210171
05f4fa27
ff4dfd84
f347fb34
fd80ff40
007801b1
01befb07
fb8401e5
fd57f833
fade06a8
fe7dfefd
f9b6fbe9
023cff14
03e9ff13
0511ffac
004efd31
06840006
00f701a0
04abfb8f
02befc00
fc61fd9a
ffae022d
061401af
00890474
fb9f05f3
fe1bfb08
fb4dfbe5
04c30065
0143f555
029cfa43
fc27fc7d
01c1fd0d
fede0185
fe76fd56
fcb003f8
fea90023
fedb03c5
04da03ec
00b1f9f0
fbb00257
fdc0fd14
f8970082
01a00179
019d0321
fca403c0
042b02d5
00adfea1
04e300f2
00120095
02a4ffdf
012bff53
faecff95
fbaffbab
02d2fff1
fbb3fe88
0121fe8c
01f8042b
fc58079f
068a0040
0859f761
f88205d9
01ee01c5
0bf7fe0a
fb1001fc
f8cffbc0
ffb00261
0455006f
00e6fbd7
fe33fef7
02b00509
fa5e0609
fea8fdcb
0066fdf9
00bffdef
030c0123
05600220
062307d5
fb35080d
020500e1
00adff25
f93bfd7c
fcdb03ff
f84d0089
020bfe85
f99900d1
f4c5fe41
fd1d0198
f793f8de
0495f910
096c032c
fd9104c7
f97301de
f9cdfe97
f7b105f5
01f30652
091cff9f
031600a8
05dcfe9e
ff7afde3
00b6fd38
07910391
fe1a09fa
0092fc48
06faff5e
0a2e05cc
fdd1fa05
f7540309
fcf80168
f83a0288
001b0894
0066f2b1
fcf101bd
ff51131d
fd94fdde
0027f6aa
060dfbf6
05a50319
fb721099
fe3d0427
fd55f6f8
fd3804e0
fcff01f8
f78a00f4
019406ac
fda004d1
f853098a
fe56fff6
05bcfd27
002c0367
fa30076b
04cb0c31
01a10426
fd78ff51
020cff43
082affef
fbddfe8b
faa1f75f
09860003
fa280590
0171fbb4
057cf8bd
0599fab7
0238fa67
ef2200e5
fcee006b
fe0e007a
00d9fff2
fffcf657
faa80148
087304c5
0029fec3
f641020e
ff830271
00420666
fd9cffa0
0474ffdc
f99bff30
fa76f1f9
0993f87b
febdfa5d
01adfde2
0522007d
ff07fe18
0391fd16
0619fb2e
075cfe0b
0be5ff71
03ab02b0
f5adfa76
f50f0081
fb7905c0
f9cb00e8
f8700447
0584ffb1
049f0e81
0535ffc1
09fbf998
fe8d0500
fd77f50b
fc8d0439
02e7fc2c
0138ffa0
05fb0b5f
02eaf81a
f23d01c4
00850cb8
fc0b0929
01e6fab9
094cfac8
042dfa2e
0591f758
031205dd
08120120
fba402f4
0586016f
0232f982
f47dff07
0792fe29
0749023e
092fff76
07a1fe71
034404c4
01ba028c
fc3005f8
010a08ed
08d7fb93
0276013d
ff130687
09abf60d
ff3cf5e5
faadf9e3
0482ffe6
fe480176
f63dfddc
fdf8fe15
015cf8d1
fac4fa79
feacfb5e
fb59fca7
0333fd7f
0528feb4
003d009c
0676f9bb
fddc0075
fc17fdb8
fb58fbde
02a703b1
0156f9d1
fc29ff5b
04750abe
02700331
05780201
022306da
fbff00bb
f9c6ff39
fe6d02ee
04a2fcd1
0087ff4f
0096ff31
01b3fc9c
02a9feca
001eff31
034006b7
00bc0457
fe130020
febf0121
04f702fc
062a0310
fa8e00b2
ffc604b4
f7fdfde9
008ef9de
075d04c5
f90b00df
05dbfb34
fe32fef1
0021fdbc
0576006a
fdba05e8
00b5013e
fc600238
048afd1f
0062fa88
f27705d3
ff060742
068c06bf
f76803b0
f67405c1
fffc06eb
0309ff38
01f900d9
055a0166
023bff79
f82efa92
0420fc1a
02ae00e2
075900e8
058e02e6
f21afbad
04e7ffba
ff7705dc
fddc0214
02440194
f584fdf9
02d2058b
0532019b
05a8fd79
fc4d07b6
019e0037
08cffc6e
f537ffd7
fd18f901
fcc0f9a8
f587fdfa
026b0146
09ebfd87
00b6fb69
fbe1f87b
0608f671
0a6e01d7
054f0156
fb6bfb72
fd27fa78
ff16fbf7
fd9f05e5
04050089
fca1f9c7
02bbf759
0c72fb1d
00b6019d
006afbd8
018c0155
fd7203ca
f6fdff35
011f0633
0ab0044e
f80bfae6
ff48022e
06110a37
fc62fb48
017df81c
fd550024
010f042d
0417ff0b
002bfd3d
fb540482
f92bfcd8
01d4fdc0
0278003c
02190039
000e02cc
ff1b0559
fabd08a7
f77afe21
00cf01d0
01680017
0090f8cf
fb45fed1
fc6cf882
01e40106
fd5bfacf
077401bd
fc8bffb7
065a0487
0c1601d1
fb35fabb
f63d0094
ff2507a7
feecff2f
0412fbdf
046d03c8
02800188
fed30183
fe4cf92a
0451fdab
004009c4
01600286
f7d3027e
ff23fc47
006c0185
f6f7f99a
0288fd10
f7e70d7f
fc89f54a
03fcf5b6
02cff873
0346fc4c
ff650104
00a1fdbe
fd4d0730
0601007d
fe59ffac
f95d020b
03390214
ffb3f8f8
ff0bff19
00d40672
05d7fb91
fe4401c6
014bff78
fce40423
f984043b
f71c067d
f55dfeac
0b12f4e2
fe3c03ea
f78ff8eb
01a6ffb8
fc42000a
00abf755
02ff00bd
099cfd85
ff5a05ac
f9110062
020ffe89
026d02fe
040b0349
fdec04e4
ff11fefc
0747fd5e
fe1cf60c
f9befd15
045b0b63
05940527
ff2dfc21
03c6069e
03330701
fadbfbda
02110703
0280fe6f
f127f24b
f675fe08
ff7a0028
faf80294
fd9307a6
fe63f8ac
044df611
fa8900ee
f223fdcb
fc53038d
fb83003f
fe35f765
00fafd34
f859ff0b
00e50420
01a103b6
f8a7fe12
fa6bf9e9
f433fb6d
0269fc13
065702bc
f7a60a86
014306c7
031f0717
0503fdc5
04bdfceb
ff05ffdf
0630fe53
0118ff49
f7db030a
fe79ffc7
fee9f9af
03cb0727
081bfd1e
fb9df7d5
06aa08b8
0b1202dc
fee102c9
0572fca8
0764fc89
08f702b3
0154fd8c
f82d036d
f72a055d
fe45ff62
fe050090
f8c804b0
0366fab0
041afd30
01eb0424
0103fa70
067d0682
021105d4
fb9ff616
09bcfbd3
0468027a
024c0037
0153fe1d
043d0617
07980a9e
ff600318
fd9dfd46
fac8005d
0ab302fa
04e80194
f798fbfd
01a9f983
01620291
0982fe7a
ff71fbb4
fe6401cc
0209ff5d
fdf9fda5
0704fc0f
fafc01c3
f8760033
faef016d
f9b90939
05e2fcc9
fe3fff68
fd6202bb
02a50732
ff381149
03b1032e
00980268
ffe6feb9
006df780
03aafbc6
02f7f6cc
fa8aff20
05d80315
0036ff9d
fdbe0561
046ffc4e
f873fa41
fa8bfe74
faf3f8da
fedaff0b
01a4026a
feec0539
0a4c0d87
0167072a
03c60086
0168fdd4
f9670086
0ad40412
04c8fe5a
06b8fc2e
059bfed0
f8240114
00aafce2
fd170106
02bd008d
fd6dfc8a
f78c044c
ff3c0349
fb70fb9d
04faf822
fc74047c
f8bc0852
042ffc82
001dfc2d
029a01f8
ffee0d10
000f07c6
fe4bff2c
fdf90141
fe2f0457
f59c02d9
fdeef5a1
02450590
fd4508ba
fbddfc4b
00fb0495
fa91ff91
f9b5fe50
08bb0045
01efff8b
0155fe9d
09f0ffa6
0911fe80
fe28ff06
fa420744
f77501e7
f9480083
024d020b
f9300894
ff660c61
feb6f729
f766025c
0123085d
fd1afa66
0161feda
0883fda6
fe630046
fa120248
005fff8d
fa19ffff
fa03014b
01c70826
028a06a1
0c1503d3
fd21060c
fbd2fdea
0707f5bc
003df78e
0489f960
008003bc
01da0455
05c2fb9c
fdbcfe17
fca3f7be
036afdb1
054700a1
0a1df627
0527fde8
f6effa68
fcc5f938
06ba0549
0593ff80
00e3ffd0
068cf98f
04fdeba3
fc2600a1
01a90682
021ffa22
00c207b2
00800705
fe9ffc43
fde8073e
02920b8f
033ffa55
fc86f70f
f8f80249
0034fec4
051102f9
fdba04dc
ff5b0368
fd95ffa3
0571fc3d
036a0430
f63a03a7
fd80026e
fa8bf86e
032efe2f
fe7300b3
03d7f505
03c3027b
f0b7fc7f
084bf962
0b70009b
07c8ffc3
047e018e
feae002c
02c80022
f881fec5
01c606ae
002cfe3e
fc54fa40
fef3fa41
f369f77a
058cfa41
f87dfc80
f5a6fae4
071c00cb
041b078a
0668f806
01e0f63b
fb0b00cc
fb78fd97
fe53fec0
05fe06ed
09afff5f
018cfca0
f7430802
0352fc02
fe2cfe38
f6ad0071
06e1f510
0651008b
01abfd8e
ff88f918
fe2d01b2
0652fe60
038cf755
01bcfe41
0de9fffe
fb580186
f5f906ba
0706fce8
f907fbc5
0949f658
0f3903ad
00330926
0e750069
041c0620
fbee0117
042ffdb0
0640f19d
fca1fd60
fadf0317
05d3fdb3
02510744
050bf5bf
ff020333
f68e0947
fdbdfddd
04fb040a
fffb03c4
f76405c9
02e1feb8
06ad02ac
ff8801dc
f96dfe05
f707feb7
00520054
fe61010b
0360fcae
0943fe9a
ff68f7a8
0391fb9f
ff8c0063
fca5fada
0733f7dc
fe40fe4d
01d40393
015ffefe
f9a2015a
06c6f83b
0728030b
0acb067f
fbfffa6e
f9450381
008f0407
f17809da
01480143
00cefe84
016907ca
0ca8018a
fa0af637
f859f8b3
00010546
fcb6f838
fb7c02f2
fdec05a7
0002f546
038dfa54
ff1ffc37
002f050f
0153fa92
fd91f580
063df939
0139ff7a
ffa50c2b
0074fc6e
f5fc0081
f969097d
fffffccf
03c1f87e
0301ff06
073c0079
ff55fec6
f968ffae
0069fc9d
001f0183
ff9a08f0
f93a0429
f89af7f2
016800ae
01bf0e05
00bdfef3
05a6faf0
01b9fc53
01bdfa81
0a6efc13
0174042b
f90509ab
f5eafce2
fe20fd32
00ea0414
f798fc5c
fe0c0290
fe9c0386
032af790
fd26fe96
fafa0213
00bdfd2f
f7cc02e1
02b5fc07
0766ff86
f8c6fed1
f761fd3c
02bf0995
09edfcda
025cf9fa
feb20129
fe8b0445
fac0fec9
02d2f68a
09ed02c0
fd91f84d
f744f986
ff160d3f
00dd03b6
fcfa084c
00cc0a61
04b001ad
08700289
08b3014d
0593000a
04ff005b
fbdd0181
fae3018c
fbc506d2
0285024f
ffb30025
f573074d
fd3a037f
f7e409b1
02d80441
ff0bfa0e
f6c702c0
024cfe89
fcd0f958
089c01a5
fd98fee9
f750ff57
0481ff6a
03f2f963
fcdafeff
eaed072a
feb60637
ffdffffc
f4940196
0007fddd
fd60fb0b
015a0307
002a021b
ffd60405
02bafd3d
0270f41e
fc100047
fb19028d
0623014c
016dffd3
03d70392
080f058d
ff7ff9bf
00850148
0768ffc9
010bfa66
fef7045d
021701b4
fe920039
03f80039
00c400a4
01f101db
065bff4a
fafdf7fc
f9bef016
fe4dffdd
03b20cd1
058ffdb2
fbc20030
fb410a92
00bffe5c
fac7fd0b
f8730248
fe71fecd
072f0414
01c105ab
fbb3fc3c
018afb56
ffdd0404
026005ef
01e4fdae
0506fc4c
07240129
015ffcc9
059b023f
00ef067f
fb59ff17
f3effb07
f843f651
fce9fde3
f2df0416
fd1af784
0468fd86
fec20156
fd82f8b8
fbce0314
fdf6ff5f
098af906
ff4f01c2
fd93ff86
0756fe27
f203fde1
f6f904f5
fd570043
fb18f88a
035bfef5
fc1c0316
008502f5
0252f930
095e01e9
032c04cd
f5380463
04050d11
034cfc31
018d00d5
fe620171
f760f978
029b0369
0245fb48
001f045c
05c1fdd2
0524f16f
07730458
0205f804
01e7f4b8
00ce06fc
fac90665
08b60430
09a8fe8a
feaefbd3
01e2fa94
007efe72
fb0907b4
031309e7
031c0069
f5e3f9b4
043601b1
00fbfe50
fd29f732
0c2703b8
013306af
032c00f9
067afdce
fda6fdcb
03cd065c
094d0100
01f80130
045c0ce7
fdb8fba5
f6b6f7ff
0533064c
033ff7b7
0ce8074e
fd4ffbc7
02a5f8a3
08b7070e
fec803b0
0491f9a1
08f203ae
0090046a
027af7e8
fc83fe83
fb100502
f99c023e
f89ffb5b
feb8fda9
00cdfb18
00e1f9cb
0585ff20
0915f8e2
fc140089
014901f7
05e6fe8d
fac1064d
034cff5d
07d1f8e4
060104dd
fdb80380
01ee00ce
ffdd0265
fb43f426
0045fc88
fa0b0072
0cbc0255
047708c7
f869fbee
fc6dff02
fac1feac
09030185
0504fe6b
fe9a0119
fcfa0af3
feebfa56
00d80441
fb8a0420
0506f4d4
0041fec1
febc0608
ff6502e4
ffadfebd
030303f1
feae04d0
08f70665
0b290ae5
febd030c
fe97fc58
03a902db
fbd2005c
000d01e2
068f064d
fc7ff906
fb65fb79
021301b3
10e70129
0a78065e
00a30458
03e6fbab
f961fbb9
fa2a04d9
fca502ea
fb48ff92
0602ff12
098ffaf9
0360feeb
018004fc
07ae0130
045dfe98
f9f2fa3e
f99dfa32
05c50150
fb15f8ac
fa1803ec
0c7b0c8b
02acfb9c
fbe4ffcb
003d02a3
0c5bfbb2
0546ffcc
f838098a
02c9044d
0404fdfe
0167f8a2
0118003e
06590881
fc8afb42
f7d80572
ffddffa8
f04cf9fe
fb6c03a9
0660f7bd
ffdefd50
0272010b
f72a010d
0043fbd0
050d0147
023400b3
fc8df6d8
f9610134
081c01b2
007a00bd
00060073
02b60472
faf80114
0223006a
0317ff54
006cf5b6
fae300a2
f8edf89f
fd91feb8
fc500216
f7adff43
fceb05bf
ff2bf9dd
f074fd54
fc46fba8
062afe31
fd4106dc
0148032e
fe7e0276
070b07bf
fd5101f0
ef4cf8d8
f82505e6
f544fdab
04ae0464
05ad0149
0013f7c2
0976018e
03d3f90b
0f9ef9e0
055afc30
fab0081a
093e0375
02fdf89c
0e35ff42
04edf76d
f49400cb
021b0407
fd76048d
fee402ab
fcf20384
f50c069e
fa85ff3d
f7d902e1
f8b0f93d
017ffeb7
fe6c03a3
fbb1f85c
037cfa5a
00e8fd1f
fe9a037c
031ffd29
fc55f97e
fb50ff9a
015f0396
fee70895
0122fbd6
0638f71b
ff1e0270
fc39fcee
ff87fb89
ffb3fe9c
030afb69
05b0f956
07f3f752
099fff25
0438014a
fd9802cf
f9f8ff8e
03cef5c8
04a203ad
f939fd7c
fd64f9e5
01c5ff6f
01d40288
059201fa
03e6f329
0193fd1f
003a0378
fc960620
faf00c3a
fd2007e7
fb4f01e3
f7fffefd
fe75fbe6
fdc2f614
f963033b
002503b4
033c0096
fc5207ee
fbca06c7
fe43ff0b
faaff935
065b0144
07b0fb88
fe0b01f4
023e05e8
0307ff02
011401a7
fad7f802
fe8ef911
fd0801d6
fa9e0a82
fd0dff97
f8950216
03690861
fe21f879
ffae089e
036203ab
01f0fbcd
08ec0111
01b3fbdd
083a0083
02a4fc93
f6e103c3
f7af026c
023a0140
0e82fa8a
00a0f750
004300b8
fc89fae1
f8d508a6
03e0fe5f
0390fbaa
feaf08d0
fe7df695
04bff953
026afd4a
fe93035f
fc83098b
fc6b003d
fa90f8b9
fa750043
fc53030e
fe4afb6c
017afeed
f647fc65
02ffff1c
082cf5ec
01c7f82c
01b00e35
f7fcfa8a
00ccfbd1
012c026c
0800fb3a
06c7099e
f586fee4
fc1e036d
fc5d0e22
0301fba9
0876ff96
fc840a6e
fc7c0058
07c102a8
ff3f09cc
fb960218
07d000fb
001dfbf2
fa08fc78
fb72faee
0171f792
01a2fdaa
0543ffb2
060dff58
028604f5
0aa706cd
fde0fb6b
febd0224
028f04ed
f87dfc9a
01ac02bf
087f04a1
fdf70739
fba8fed1
ff010200
fd500079
08e0f73e
02d8ff0a
fcfffb76
02390ca2
fe8f0d6f
fe770218
00b300e9
fc290214
02ac032f
097dff7b
09910b3a
fb9a0030
01d90044
0acf0106
fcaaf9cc
f942080e
046cf81e
032af9d5
f85dff86
fec601b1
ff78089b
0447f7ad
0389f903
f638fca1
fea60899
01f8ff5d
0310f7ef
03f706e7
04b90203
025306a5
021a02e5
00590561
ffa4ff78
0a23ffe0
04310c05
0800fd35
034508a1
f9cafff9
ff75f672
f9b20258
fbd1fbc3
fbebfef8
007efd54
f947fde7
f8750467
02700400
01f6030a
0822fd87
fdfc0446
fc2305e7
f6cffa21
faddfdc0
004506d3
f6a30062
0476fed3
027f06fc
fabd0440
f5e5fc87
fa70fdb4
032a0223
034afd42
077cf747
fdb402f7
fb330a65
fbb400b6
01770157
0d060095
00cb0bb0
f5a80a6c
ff16f9f8
fe680bb4
f9bd05bf
09d8fdbe
058b017b
f7a7f4b1
fa7e016c
032c0298
020bff39
f6f107bf
fbc4fbb0
fc3afd00
035f0310
031ffb7d
022e05f3
08540564
fd12f49d
007ef5e4
007bf401
f981fff7
fe470487
010d00f9
fc54002c
fc8efee3
037b068d
01a3f548
0a64fae4
04c306c1
fc66046c
07b00690
0769fc45
047001dc
01ebfc1f
fd8af512
fea0fbee
ffc9fc25
04f6fdb9
01c8fe3f
f7de0108
f9bcf6c6
ff27fd28
024804fd
fc7dfa19
01a0fee5
0b1b04dc
04920486
07830bb1
ffea050d
01daffa5
06d70992
fa13fc49
fa5ff44a
f92bfc4f
fde6fdf2
016f0733
04c006b5
039903b8
fce2ffb0
026efecd
fca3faca
fc00f9af
fd530150
ff12fd0d
050408b5
038201db
0111f87a
f8390307
fef2fc4b
fb9501c1
fb5e0093
fce5fac1
f51e017f
051ffe83
fc89fcbb
f9ebf94d
07f4fe2b
027d01e6
fc9bffb5
f7e702d6
09f4fd6c
1008fa2b
fd44fc50
0494fba9
027ef7e7
fd4df9b6
025202a6
ff11f7b1
0608fe0f
07de07a3
027affae
fc48071b
fb0cfd86
03a1f988
f9b400c6
ff92fb93
05c6fff5
fc8302d4
fe0603fb
052d0726
0b2a0ba0
0343fe1d
0299ffe4
fe730c20
f9f302c1
08010576
0011022d
f7fffba7
00f9fa7d
ffdef8f3
fb4a02ca
023e0268
0a09fba9
020bfecf
fd6a0b3d
ff5e0099
fd70f6a8
01cc0360
032afc5c
008cf8d0
fd5900b9
fd9c0290
042f01ab
01c0feb6
fc9bfb80
f9f3faa9
ff1b05fe
09b40251
ffedf543
025304b7
00f009bf
fb4fff8d
00ca03a1
fc19fcc0
02d8fc62
06dffdf7
03edfa28
050100b6
fd18fe40
f9e8fe73
0098ff86
073cfe83
fa9902af
0106040b
07baff9d
f9fffbf2
0155fd01
fc7efd4a
f5bd0131
ffa2fe8b
fd8ef717
fbf8fc36
fa42004b
ffbcfe36
0a45fb46
fb55ffb4
fe9000cd
0db9fc0a
01b20012
032509a6
034f032d
0106fd01
029b04aa
034a008f
08db018b
fc55fd01
ffd8f5d1
046e01da
fca0fc34
fe5af931
fae70226
007ffec3
008afec5
0299fb76
061dfcf1
fc06fc27
fb32003f
fffd035b
ffb5f865
fd340287
00850152
ff80f99a
03c0fad1
0633f939
f9590503
fa780944
fdf30ceb
063f05f2
075a0086
fc370433
fc1afa9a
f1c3024e
f289024a
fda7ffc3
ffd10068
fc70fd54
fe7d0388
03870905
f88d0d42
ff41fbf9
003901ff
02260a9b
0541fa95
f595fc44
09ff0151
067700c2
feaff88c
fe2cffb4
f7af02ae
090301a4
075b01a8
002df551
f81a01a5
014a0270
092cfff8
fa16052b
ffe1054a
fa58048b
fe0e0224
faf90194
0063ff21
036709a7
f6050778
04f306c9
fce302a1
06ed0b90
022901c2
0535f38c
079dfca2
02320b14
03b6f868
012bfde3
020c0339
fce7f412
fe91071a
06f70a90
fb8efcff
f681fb11
fd81fb57
032cff5c
ff5d01d8
f68a0500
01b609ea
03e4fd13
ff69fa46
0339f9c0
ff59f260
025a064d
f9e2072d
f9defbde
0439fe2d
fe73f509
fcce015c
fea608da
0435084c
02ae03d9
fab8f7ad
02eefc99
03890338
fd330416
ffea02c8
fa290297
f5f7fff2
f57901d6
f5fcfee6
fa32f39b
f8d3f670
0240ff3e
0664031a
fc660382
032102b7
ff1afe6c
02a9f88c
09bdf9b5
f81dfe7c
fef902c5
099ef9df
fca0f912
fd2f0169
01b2fcb5
fd00faa7
024501f6
00920340
fda1fd6f
0afdfdfc
05effdb0
06d5f8a2
0a24fa75
ffa8fb87
fe3d05d2
fc9106fb
fc5808c3
fd5c0c9d
fdaf001a
fdd007cf
fd050584
ffeefa18
01d9fe50
079cf9cf
011cfd08
fbf3f7f8
fe48fadb
fbd2075c
feeafd5a
02b902a3
fd9a0036
027cfe85
0468ff00
faedf95e
059d05ae
0073fb96
f5d2f3f1
fbad01b0
fdf6ff79
076102bf
fe450db6
fda00363
040afb9f
fbfc04bd
ff5c02a2
02950195
066803fa
fd8c03d2
fe4bfc44
05fbfb24
01a606e9
ffa6ffba
fb77053e
0456fe70
0148f04c
f96f051b
fe3108c3
f534027e
fcfffa57
0713f5cc
f59cfd8e
fce4fb56
061efda8
fbb3f989
01eff7b3
fdcd02f1
054d06de
0c1f0665
f3620119
f71dfefe
057208ba
0402079b
fa9b0217
fd8f0491
092a0270
ffacfb23
f923fc5c
06680138
08f1fdc4
f98fffca
054c05c3
049a0195
fa90fe52
062400fb
01eb00d3
03c6ffa2
0318fe88
fb470316
ff790ad5
014fff35
fd4dfbe9
ff5801d2
06edfa5e
fd530595
f8e001a3
fd55fb18
05c803ca
001b0511
f7f604be
0084fa1f
fa2c04a9
026b046c
fe8efec2
f86804c1
083ef5d8
04f00233
005c041e
019afbf9
05100346
02c90383
fe5e03e6
051ffa9e
0928fefd
fbd9fa5c
f9f0fc90
09cc0c09
033dffe8
00970163
fb10ff67
f9b3fb99
0153021e
fda9008e
ff0801ed
fd800413
fbd301f2
fe51fd00
0a9dfde9
053bff18
006f0271
0908fcd5
0054ff8a
02240b16
00b60185
fdc7f82e
fc45fdab
00c5040c
0467fd8a
f94b003a
ff36ff9e
07b5faf2
0b1308f6
04f9fe88
04adf601
064ffa17
f7880393
f63906f7
fd63fa6d
06050489
00e9011e
06fbfbcc
05d6f777
fba0f743
034a039b
01e3fb9b
fc140458
fd4005f4
0cf20423
088305d3
00aafa9f
f8db0352
f51e00ec
0b3f0395
00cc022c
0127faf8
06430d6b
05ae082d
09a401e9
fca20795
0871ffa3
01cb0077
fb6d0204
0549fb21
0047046b
009e0720
003efaa4
06fafeb4
01fc0541
fea100f7
ff84f942
fb15fa20
ff2efde9
f6eafa85
fce402b2
037f024a
f988fb5a
feb2f9b2
fe61003d
f9d505cc
0168fec7
fbb7fc39
f65fffe4
fb69ffe5
fb10fcde
fd5e01b7
01da00d1
ffd6fc72
014cfabc
fcf8f4a4
f57cfbf4
fa97f41a
fc1bf928
0213086f
fdb2fc32
f41e03cf
fe590262
fca6fcfb
f6fb0aa8
ffa102e0
0d3300eb
06b305d8
f684059c
08550052
02a5fff2
fdf902db
09d9f969
f9370107
f7e309d5
012dfa47
013ef581
0381fc7f
01c401e4
fdf3002a
f7dff86a
f6e90493
03550285
055afd82
06db00ce
0cfdfa93
fa1b037e
f78ffca3
0135f8d1
038002d7
092cfb9d
fd71fe79
f74f01e6
f941068f
fd6003cd
04d8fb9b
fe8bf8b7
038cfd16
00f701fc
00f20771
05e300d6
fdfb0045
0522003a
feadfe01
fe570586
0eb8fcbf
005ef32f
fd0df89b
0270fb0f
fd8901f3
fd19feaa
f99af930
ff6efb26
fd80ff21
fe80fc2a
061ef839
ff55018b
032f0227
f5660249
f633fc73
fe7df789
fdad005b
0b0bff24
fd8101dd
f9edfd93
fa1d0206
fbdb0897
04edf67f
02500099
077505d6
fddbfb12
014b09f3
03310152
0252fe7f
03470112
fb2ff11b
fbb90b3c
f72d0ecc
0262fb91
f62405bf
f7f5fee8
06540260
eccd05be
f8edfb99
0328fc13
fe65f9e6
01e3fcd5
00adfe70
08ea00b4
fbcc017b
0040f7b5
0434fc4a
f53bface
f90ffbf3
f931047b
04e0f853
0234f884
0787fd4a
143efa81
fb52f8c4
052dfce7
05560657
fa9c0174
06270335
f05efb1f
f665f614
06fd0083
ffb00138
03640578
031ffe58
019d01a8
fa95fe02
ff44f830
040a0109
fd08fc09
058a057f
0a2304dd
05450362
02f5ff0b
025cf958
f645fe76
f697f96d
04a1fb90
00e6fcc1
fcb50246
ff6200ee
01c20041
ff9a031e
fdc300fb
06fa0043
0867fdb0
fab9066a
f69bfaaa
00e6fb6e
05f80991
01260225
ff7d0211
019901b9
00a8ff6f
0452fa6c
09920629
ff750a03
f570ff6d
02e6fedc
06a0fcc0
fd46040b
ff51fa18
fbd6fce3
ff30057e
04810251
034405b3
00e30210
fb8806af
0066038a
ff210600
f4e60552
f6e6ffc6
034e02d8
02f402f2
fcfc0798
01b6f9a6
fc08fa15
fec101b1
ff7ffc58
fe2f0064
0311fb8b
038c0078
05a102ce
fe03f78b
ffc3f859
036cfc19
ffeffdc7
ff6c0241
01110030
01a9fa6d
fe0100d3
00c4ffa4
fdbbfe2e
f89803ff
ff880770
fef000f1
f396f9c0
fc700494
05ca0565
fcd7fc82
ff210133
fdb6043d
01cb0912
01f80827
fb6f015c
fcc00372
f9d4ff75
0434fa9f
027dfce2
ff9903a6
03310786
fe27fa48
00df0038
fe4d0ac6
04aa0480
02e406d1
f8a00609
023d04d8
02f2016d
036cfc75
07230472
02e10895
039c042b
02230356
faf1049f
fc22fdce
fab7fa3f
f8d600b3
ff53017b
febcfca8
ff7ffd75
082e02b0
fe3300b3
fb13fadd
08f4faf7
03050036
fe06fe22
fbfdf750
f78f0271
fc67089d
03cdfa3c
000afb1b
f8830000
0640ff3b
02e304f4
f40e01d9
fd48fdf5
01abffc4
071efce5
0776ffff
f97ffd43
f8ddfd8c
064effbc
00c0f98c
fb9f052c
015d04e6
00f8fcd8
03b6022e
037afc89
035efd2a
ffc10293
ffeb0243
feabf89a
04fcf6c3
07e3054f
f757fd33
00cff9f2
fef9fe39
f901feee
fe8205bd
fbc1f9c8
feacf98d
f7460117
fbed008e
06320174
0aaeffd7
ff8cfe73
f96b008f
007d0a8c
fa85ffc0
0624fce2
ff4f0c30
010e0a96
0952fdbd
0486fca4
04710756
f605fc5e
ffc2f732
ff6f0235
fc7c00b2
fc98ff1f
ef2904d9
fcef00a4
02e3005b
fa5e0c83
f76dfe79
0393017b
04fe02f9
035bf7e1
0b8f0350
0824f88c
034bf81f
faea011c
018bfe25
fefa0abd
f6bc0cd1
063c02f3
06ecfc0a
03b502ca
ff12016c
f92d0336
016e05ae
ffa6fd5b
00e0055f
0144fd97
fa86ff92
075a0cc1
0c11fc62
05e3fabc
050a00ea
fdc3feba
00a6fd93
04c5f70d
04dafda4
ffdefcd8
02affdc4
0987030e
feaf0097
feef03e8
fa28f6ab
ff96f5e4
0800fc28
fea4fe0c
03780a34
fd3ffddd
ffe7f965
fc0dfb2a
f70aff09
f9aefe14
00d8fa87
f792fb30
06350670
0194f502
fee4f2a8
000509d6
fc2201e9
097efa9a
f93c0103
fd10017b
02fefd47
fc73ffb9
0963028f
026cf702
ff66faf7
03c50669
fdfef904
06a1f5ad
02cafa11
f933f4f1
0333fd8b
0a07018b
047800a9
044d0101
033a0423
0706016a
0764f742
febafdc0
059bfe3c
ff8afb52
faa2fe6e
08b0f8a4
f91700d4
f8100882
03fef751
ff9bf6cb
0369088e
fbe8ff9d
fd8bffc0
047b075d
fdd4fc58
030afe76
030a042d
f9c6fe79
f7c300a8
fb4b06f4
00aefe90
06d3011e
00ce09f3
fadb04ee
fdea018f
059e01fb
041cfaf4
f531f651
f43efd0d
0456fada
08a50580
fc74087b
fee100e4
01b404e4
02d40387
ffee0c91
faddfc3c
0935f9e9
002908df
007afc10
0031009d
f6210140
007b0236
019907b2
0a9304b0
013a0126
fcf0fd27
028cffc4
fc2601b3
fc9705aa
fb570422
0d58fc37
00d3f9ef
fcd90347
0a390256
fe95f59f
00eaf716
ff76f8fa
01090158
0685016c
0b1afff7
040afe47
f60c0302
fa840675
fd44fed8
09ec0208
00f100e1
f7c20874
03190133
fe54f536
fbe201c6
ff1efd54
03bb049d
fe4706b9
0543fbf9
04f60000
fea600b8
0a82fa3a
f776fc41
f42ffef7
0498fab4
fc0102a5
f9d205cd
00f70538
0b02ff8a
040efbd3
00fa0626
08210862
fa770728
fe1dfaaa
04a5fb35
0569ffb0
0613fdce
fbae0210
f8d6f9f6
f484017a
fcd001f7
01cef5d5
fb4c02d2
fbd20620
f58bfd92
02a60516
035e007a
fd18fa9e
04920103
0183fc5f
06fcfc29
018c01c0
f84d02c6
02b50314
05a4ff0a
fba6014a
fcebfe28
0604fcbd
006a0366
fd5a003e
01af05b4
001e0d03
fdd2ff07
02c0fabd
fe6a0008
fb7bfada
055bf6d8
ffc9fe84
03db003c
0284f9aa
f6cafba8
01f5fabc
051af7d7
fc83fe52
fb80fdb4
fcacfb4f
fb8800ca
fd8e03af
007e0265
f705fdea
f6e6fa99
fbfd0622
fbc8ff65
0169f838
ff74fd57
fc08f0ce
01a6fd47
feb50f0d
0502075b
06b0fcfb
fa93ffa2
fa27050e
f751f8ee
fb67015a
04370340
ffa6fcc8
fb0cf9d7
f96ef830
fd020749
016efeba
fc45fc6c
ffe9ff43
0890027b
02500b38
011f02d9
04d40043
0599fad9
0766fcd2
fd3c0032
fef9067a
06870bc2
fdc7fc67
0437febd
038ffffc
fc21f967
ffca072a
f6fd0218
fb38f7be
001602ee
f9e8f778
0235f559
fbc500e8
ef78fe4a
f9ccfde6
f782f604
fa6f009a
065406a8
01150aa7
fceb054c
f8caf6e3
fdc30a1d
0680faf2
f83df4f1
ff5904d7
0a29070e
05510dc4
014403bf
fe370026
04a3ff92
02c2012d
0155ffc3
fdccfdc8
00730151
0a61fc5b
0059ff19
051006da
0586063f
fcd30374
fdf3fe9f
fefafbe3
0631035d
fd7cff09
f4f5ffff
fe0a0535
ff1000a4
f99b0399
0075fe5e
03040666
fbaf0142
ff3dfbed
032a06d6
02fefc28
fa3eff37
ff87009f
0d970559
fe45ff77
f508fb28
ff06007c
ff96fb46
f7770513
fba9fc75
0303fefc
003bfd7b
0007f907
066dff73
0267f628
fb0f0793
0ad0fe64
0c4cfacb
f63f01be
fd60fd0a
07840728
fda8f95a
fe40fd25
03820226
ff47fc66
ffc10a90
08d000c0
0464fecc
fb7b0480
0698fc48
0bee0390
07140184
08e1f646
030b032b
013608f8
019a0487
ffd6042a
fd3304b0
00b40716
0a2a049f
0264fe7e
03bd0513
0454feb3
009afa26
07d8ff53
fcd4fc4a
0979fe28
065afbc9
f9f2fa46
05f803cb
030f05b8
03da0116
0a0a06f5
01c0008e
ffd3fe30
0367061c
0687fdc9
fe76fb81
fb1a02ba
ff56004f
fc430377
043c0629
062bfe07
04e203cc
03210439
fcd4fea8
0186ffe7
010efc7c
020a08bf
02c60af0
ffea005f
fc3a0812
ff3c011a
0175fdbf
fbfc0450
fc510165
ffcd0848
069aff04
0384f816
03d9ffeb
fff6fada
fb140a2e
00bb0914
fc5df8aa
0825ff27
0784051e
ff7a0515
ff8af69c
f4ddf732
f89ffd9f
f891fc72
ffe7048c
04b900a2
f8b7fcd7
fd89f568
0765ffab
fe020fc6
feb10128
0726fbde
fef3fe69
fedb0641
ff3dffd8
023df8e4
fa2409b6
fb550ab3
0636fdc7
ffbbf8fa
075801c6
fc8afdb8
fbd4fc8c
03020510
fb2b0484
0489fb72
00eaf813
fcfd0074
fc210275
f74c055b
fe8ff5bc
fc2bf5a6
f73d02df
fe88fa58
fdfc011b
fdc2f84f
078affe7
fd8907b3
fc50f866
fc44fdac
f607fc08
0180026f
0447fec1
04e5fca7
fe3f0905
f9a40166
fefd0497
0704fe38
fad6f93f
f62a0115
0d43fadd
02540416
f8680689
05be0174
024d042e
f9d4fc8c
09e105e6
04200af8
fb5402ef
0ab30ad4
fa300759
0435021c
0c68fab5
fa43fe97
facbffa1
fcb8fffb
095708eb
ff0ff82c
01ebfec5
02f1059d
f994038d
0387fefb
0abaf89e
08600926
f8acfb83
022ffdda
00ccfdad
ffd0f5e6
0b9204b7
fed1fc08
004002ea
046602ba
013e0070
fea606d3
02040037
fde3fb2b
fa60f7a2
004b019d
ff5902a1
fad20061
f876fe3f
09fafc31
0115fb05
f54df859
001702a0
0095f914
049ffcc1
034f05ce
05edff99
fef407f7
0134fa51
050ef633
fad4080b
02a4ff35
feb6fb3e
f8c6fdf7
f979fd84
01310229
fe0ffece
0231fcd1
0acc0201
fcb004d1
03340173
0551fc82
ff0900c2
fd5203d7
ffb50261
fc68f72f
fdabf91a
06f401c0
f8d4fbd4
fe35fccd
00ccff9c
04f302fd
0b1f0506
fd73015a
fe5dfcfa
fd2ffdd1
ff750204
fa2300dc
fef40008
0278fe91
f9e4ff77
0183f9df
f9b3fa56
01cefc82
040bfb72
fc560717
0222fd65
039ffa8e
0625025f
fd8dfbe5
fd98fd94
0290f8ae
03aaf1fa
04cdf8c9
ffac01b1
05ea0337
076cffb8
053002db
08f80874
0148fff5
f491fe42
fe5d0583
04fefe6d
f659013f
feed0584
03d500c5
fea502c1
fd6201fc
f4b4fa64
f7c0fa93
fb54fbed
fd88f577
fce9fa64
fa35001f
01f908b3
00070787
fc18ff35
fbe8088e
07580101
0dc3fa10
fe4ff7f2
00a6f73a
027efce1
0023fbb6
fefdfbb1
fed4f27c
ffdbfa13
fa610276
041e037a
00c104dc
fc83f751
001700cb
fbd5fcf3
fa3bf5f1
fcae09c7
12380bc4
0ab80247
f52d01ed
fa880324
f83a0235
fd0703eb
05e5015d
0115f878
0134fec7
02eaf773
ff3cfa13
03ea05e7
06e1f884
fc260117
fdd505d0
fd1cfc80
fa1b05c7
ff7ffdf8
058404aa
062808f4
0185fba7
02ed065e
fa8607ce
faacfff0
fe19008f
fd9007a4
033206b1
0226fbd9
0541077d
061c0515
029ff7b9
fed10756
fb2b057d
00b103f1
fd310bcc
001a01e1
00fafefe
fac3059c
044905df
0387fd23
fb67fca7
ff5bfeae
fbc0fe12
fc8c052e
042c0532
fee6055a
fcaf0402
0033fc85
ffb201f8
0416ffb7
f8970475
f6be06ab
ff7900ae
f6dbffe7
fec0fef5
034600a2
fa75fdad
fd08fcad
f8b2fbf8
010204b5
02cffa7b
fa97f719
f4f704c5
02cd03c8
fb3cfbef
0269041a
06da0a09
fc78fa8c
0620fcd4
00dc0118
06d1fe75
fad20382
f64f0187
09740675
fc2e038d
fd28fdd0
01f4fedf
043ffbe0
03a8fcf8
fc9e0055
0679048f
015b0321
fb580169
00cbfd3d
04d5fbc7
027f01be
fe8802bd
fd2900d6
fa2efd73
fc0805a9
f92a03a1
f650f81c
fd2cfbf0
007af996
013af43e
fc57fe2d
fcaf0506
03800161
04600268
fd2f051e
fac702f2
034ef673
078af31c
04b8fbb4
ffd2f795
0176012b
f9db089b
f1d106e7
fa99fcfb
fd21f459
05b301a1
044801e9
0390fe99
fb320031
f4f800b8
079306ed
053601af
02680084
077bfeb1
013403fd
f8f905af
f340fe64
fe22fd94
04e5fd13
0518012d
ffae058b
03de007b
08c6f950
fbc5faa8
fcb10638
072b0759
fe310062
ff2efdbd
01310427
f6cb030b
fb01006b
fd8a02a4
02b4ff00
04d3f5cf
030af88d
06a9014a
ff1101f1
02a8032f
fffaf9c1
fedbfd11
f83106e6
f5eafb20
004dfd6d
fbb20230
00a702ab
fa2c0a2d
02960718
06d80493
f7d8073b
00890710
ff6a044e
fbca01fe
f81e0517
fde10572
fb0afd85
f31af8c0
ffd2048b
00300786
00fbfd5e
fb5efce3
fd2ff62c
02b3fcf1
03c00257
051bf58a
0211fe81
06c4fed5
06effe40
02f4007e
f7d1f7d1
fd46044c
047b08d7
01c3fdff
03abfa77
f8ccfff2
03eefd2d
07f50054
00630386
0130fadb
fc6f01fa
feb003ff
ff25ffc6
012f009b
ff8efdd2
027cfcfe
0573fd4e
fe2b0521
058c04b7
01c3ff88
004af8f3
0fc303eb
039105ab
fcd3f9e0
09870804
0444f97b
0003fd57
fb370823
fa5a0338
01820af1
0230fd64
ffa700f7
f9a0fc24
01c8fcc6
ffceff7c
f96ef92f
02860864
0581fbf3
06e7ff52
025609cb
04ca02b4
022ffe70
fb87f691
f9c3faaa
fdebff34
0258fdc3
fab0f9f2
ff08fbc5
026a0122
0311034e
01d4006e
fc500480
f82907d9
fd51fd0f
05f7fd80
fdcafdbb
032a073b
04960a11
04b0fc29
0335fcbf
00bffe15
07a10131
fb3601cc
02470673
045efa97
fc6afddb
02ab0c46
02810079
076d046b
03bafb34
04c3f850
0869f9e8
0132f665
fe6903af
01c4f97f
0004fdd4
ff7d03e4
063ef326
00d200ee
fbf40a3b
fdfdf9d7
0393fcbb
0103fecf
007cfe23
0566039d
0050fd73
04ae04b7
07d2ff46
0308f85a
00810117
031b02eb
f72dfde9
f82df71d
04f4ff16
f5e0021d
fce3f9f7
fe59fcd9
fa7d02a3
02ee05cc
fca806c4
041a0159
019d02bf
024b0425
042bfb96
fe830442
fe6bff8b
fc71fe40
06340123
0102fc1f
fac50df6
0169ff88
090b0149
01af0738
f781f9cc
01660a56
febf01ac
f8abff83
01d70571
0567fbdc
ff1f0379
fe86045d
038a00cc
fb9afc55
fd01fc15
029906d0
f275fdde
f92ff691
00fd037c
ec470218
005201d0
0aadfaa6
ff13fb32
027d08b0
f71af225
fab4fe68
000e0520
0132fbed
fe370e7f
f7cffecb
fe87fafe
01a0fcc2
01aff7d4
fc0c0288
05f30101
072df7e0
f757f6f4
fe260432
0272fa67
fd32036c
f8dc0933
041afb02
0505048c
fe8600ac
041505b2
faf8fc42
fb7ff74f
fc7c0a23
fbe6fda2
003afcbf
01680158
04c402b5
03250379
fe7afd67
fe0507b3
fe1f01c1
fd1efc3d
030effe3
05440307
ffa00366
fd18ffa8
fdb6fdf1
ffd5f9cf
f980fe4a
f924fcd7
f84d0021
ff12f9fd
f99a01c9
0a7c0164
055afb1b
052afec5
03b5fe88
f916017f
f9d4fbfc
f484fe15
042bf9f6
079bfbbd
fbf50344
00ab00e8
0010004f
f70bf58d
001704f7
05fd03f9
fa5efa74
fa8d0bd6
fd3b0505
06e104f1
069002aa
feccfe46
fc7eff6e
fabcfd48
031b0982
fa61fd85
fc1df1ea
03d7f655
feb1fcba
fd210456
fdaefc47
ffb4ff0a
fe1801e4
fa2afe12
fbac041b
064300b5
fc2ff9ae
f8ddfdd3
fe4902d6
f75800b4
ff14fc12
fcbc020b
fd6c00ba
01edf61f
000efe45
fdb6fa2f
fea9f83b
086e028b
fb15ff44
fd880008
08cb012a
008702be
fb370399
fd1b0322
08d2fcc9
ff79f974
fb7cfb0a
060cfc42
fa8209f0
efaa03ae
fc46faac
02d401f7
00ef03fc
f5f8030b
ef76026e
01720172
00b2fbaf
fb2a003f
fdc2fbaf
fe330204
ff441453
ff970370
0b09f8b0
0223ff3e
00ab05c3
09b9fd5f
0012f701
fe48feb6
0272fd88
fea6fd2b
fc31f69a
06b6ff44
feba04be
fbd9fbfa
066d0273
fee2066c
05080018
05a10385
fc120389
ff0bf9b8
0178fe97
0261004b
fc91fa56
fbe7f8b0
0027f963
ff3d0686
f9b705e1
feed008f
058c0212
037dfd44
0c42fbf2
12a9fb15
fdff03d6
f70e03a6
027f0239
f8fc0488
fbdffc1e
ff0ffc03
fc8ef93c
fee402e7
f90e03da
0212f337
092e00b6
039a044c
ff38021d
037c05f4
0193fbdf
fc55013c
0385053c
fb04ff33
f958ff01
0037fd93
0219002d
ff0ef900
f8470106
00570b95
03f8ff17
001f0425
02b7050c
0688fc87
ff01ffc3
00f8017d
04700495
000a06c5
03d507e8
fb200425
0527fff7
04170391
fa9a0082
06f7f939
fcbafda8
033d071b
ffb002b4
fc3102a8
031102fa
fb65fddb
035a0cda
fabe006a
fa23f57b
03f20be0
06c60328
071dff6f
01de02be
03e5f580
058f009e
0da7077d
022eff11
f87b0436
00b6ff99
f8cdf7cc
f9edfea8
fc6ff8a8
fb01fe32
fbaa0805
01bd04b1
ff0b0e69
f6410385
ff70fe58
02c3fccb
fa52feae
fed00ae2
0232fc2f
fb85fc2e
fc7ffe0e
014f03f4
081f0ad0
082a000a
032202b1
0228fde4
fddefd01
05c7fd93
fe5b044e
f74e080a
01baf7c8
fb3ef67c
0335fbaa
ff0f01ff
f7e30209
fe82faca
f961fbc4
05ab0311
0844fe62
04bdf778
f9ff014e
fc0d0167
0a96fed3
fafafa32
fdf2f9ec
0295fa38
fdc0fb1b
037d06b3
0023fb35
ff34fd31
f7350424
f9bafbb1
05780321
ffeafc61
f82e0051
f9f8065e
03b3fce7
04f70582
018e06ea
053b0186
065405e4
01610245
f757ff85
f8cf03dd
020100eb
02f0fb64
01cb016e
037cfe8d
0015fb5c
f8570b1e
f71f0af6
fd750535
0033087b
fd3b00d2
022dfd4f
03c90019
fb24f914
fa0cf6e3
f5fd038d
f906ff9d
09a4fe51
06ee00c8
0504fe95
00b904b6
00130056
0a43028d
feebfd3d
0b47fd8f
03c9089e
f37400c7
0bd20305
01bf03aa
fecdff36
030efcac
fd3d000f
02ed047a
0076fe8b
085ffd8d
feea032b
fb3108d8
0173f8c0
fdf1f84a
05f3fd51
fc7afb27
019a0a91
064a042d
025f04f0
026f02ad
fcc4f954
0191f846
fe35f4ec
0795028c
06d60669
fbf7fe18
ff2700ad
ff6afff7
0696f50c
fb6b01dd
fdb90680
039cf8cc
f3a3fdc4
fb40fe4c
fceb07ef
ffc006f4
0170fec5
ff5ffbf0
0137f9ae
f7a80538
00e7f96e
0c8ff8d9
0af90137
0244fe10
0bbe052f
0b6af401
0127f9b9
02fc00ea
ffa7f898
fd45f5ac
0586fb08
ff760380
fe940049
06180797
fb600483
00fffe80
09ce0222
06de04be
fbb4051d
fe1dfbd3
0234fbda
ffc002fc
07f902bf
fba5f95e
fd59fe67
feef004c
f76800a8
02300a5f
fcf4f436
fde30081
018b08a3
faaefaee
fd1b0228
ff00f74b
f76a02bc
fd33026f
02abfa96
fa22fd04
fc01f8aa
f89dfde3
fc8ffb23
fc9dfe15
f741ff41
fecc0126
ff31f966
044ff6e1
04050804
fe7200a6
069c0519
05d90755
04f700af
04cff818
fbf0f74b
fe0cfcc8
fd64f7d0
fd780238
03a404f6
f9d0015d
00ddfb5a
0d82f960
fd52fbb6
f546f9fe
0331044b
0105fdb7
fa280039
038c076c
feb3fd2b
024ef9b9
0711f908
fe770021
fd0102c2
01ad0a6a
0ba50933
0676f9ac
064aff67
01990512
0121089a
049c0acf
f9bb0239
02280294
ff2dfb9b
ff24f554
0266007b
02b1fe3c
06ad044b
f74ffd9e
078ef4fc
0ed302e2
fd0cf7a2
08ed0173
09f207aa
036400af
013c0799
fcf8fe6f
014f018d
fc160012
fd050437
020501a3
fae2f881
00c90895
fb10ffc2
fdc6fbd8
03a108af
fdb30063
053bfb99
014a002b
08e103b5
fb380089
ee20012a
ff3d0121
fc40ff13
008401f2
032e0502
00020171
f7caf5fa
0015f4ab
06aafc79
f47e036c
fdce05cb
0330fc82
0659ff6a
007609e4
fbbeff7b
0372fd1e
fc00ffa0
fed7fd16
fd9d0663
fb6cf97f
fe25f972
04150804
fefefd77
fa5a01aa
018b0293
f94efd0a
fa1bffdd
fc7eff6c
fcfc01f9
0242ff78
02ba026d
007304b9
feb506f5
023d00c3
fbd0fa43
ff000962
fd040342
fddcf806
01ba07eb
f9fa0513
044afeb0
00f50540
fd92fe18
fff9fc14
02ae0330
03b0fed0
ffbaf7fa
00e4fa98
fac40152
0343f8d1
09d1f820
fd0dfefb
0137fcd9
00cffefb
fe86fc1d
0064037c
f6ab039e
faf4f9c4
087f0073
0471fc29
0262fa87
07dc078b
0c1304f1
039bfd36
f8e60277
fac0ff56
f40501c6
fa91fe82
0424fbdb
fe650d73
ff75fdc0
ff42ff35
fefd03e3
ff0dfa0f
fee2012c
0353f4cc
f83200dd
f264ffaa
f985f4e6
009b00b3
fe2afc96
f94004a7
fe6cfbb4
ff0cfd53
002f0337
fa97f8a2
fad7073c
ff7e03ae
f72f0208
ff5e09d6
00cc0ab3
037a0446
056dfc3a
ffa3038e
088efad2
ff4500cf
019806e2
068ff9c1
fa5f0068
fe58fade
0600fc49
05180568
fa5ffdaa
f4ef01fe
f89601c5
05fff6b1
025afd9e
fa550b4f
03120037
fc310122
fc960b57
022bfb5b
ff77f7bc
fab9004b
f7ff05a3
02380328
06dbfffe
0ba9fefc
05ecfcf2
fe410da3
00080987
fcdbf984
fc8efcbf
ff670150
fe4d0462
f821049b
ff6c01eb
0014faa2
0265041e
06b905cc
f8f2fe90
fd44039b
0071fc16
03540271
0c740426
02cff5c2
020df5a9
fe3efd4a
f91fffa9
012afef6
03b1fa5b
01aafbef
ff2f01c6
fc4ffd3e
00c006ec
07fa0220
0617fcbc
fc6a081a
016df905
061a050f
ff3d03df
f87ff712
ff130cf9
0f2c07ea
06d8ff55
009902e2
0657fd05
0889faf3
067a039b
fc7b00dd
febbfef0
fb1907fd
fa11fd5d
01fc00a0
014c09ed
fe6d07e6
f991fde4
0410fd1d
052d013b
fd5c00b0
ffc208c7
04c2f917
012dfd91
ff4f0023
fd12f80b
f627050e
09def996
fec2fe89
f807043d
03bdf97f
fcdefdab
07bcfc1d
fb6cf90b
fceefe41
06fd0772
f7d2073c
ff3d05c2
fdfbffe8
021dfd75
f943fb19
f951fe84
028109b4
ff090247
f8b40317
f88e063b
043bfe50
fdb6fdf7
f830fdc8
03bc0188
fd3605a5
fb2f017d
08b4fc9a
ff63f9d8
feadfbca
0214080d
00ec063a
00e6fa6e
f4e9ff96
07caffcb
021efdbb
f830008f
051a0112
fe7f0335
0425004f
faa602ee
002efc75
0b55f90c
feea0634
fe92ff0e
fcc50004
04900484
0182fe0f
fb2dfd7d
091100b9
0b290299
006bfd6a
02d30048
057502e8
008901fd
0a94048f
012902ce
014501ea
070d0721
ff680b19
fe620738
f7710347
011dff76
08a1fe39
04c1fa28
019ffb4f
fa140776
0395fe65
081ff997
000fffc4
030efe24
fb18f939
f666f467
04700098
0125007e
fd0ffd38
07200890
06150067
ffdff85d
05f601ef
047c0120
f846fd0a
fb7704e0
f8f50604
0243058f
072a0641
f81b07b1
0756022e
07dcfe0b
fff208fe
fe9bfebc
f70cf776
01bfffb3
f38ffd71
f1310312
072b06e0
fe440214
024b0427
0ddf04ef
fc0dfa4e
f9d804bb
075908ce
01380014
003d0098
0571ff48
fb90076e
f970fb25
fe2bf865
ffaf0037
06f8fba3
00840711
012cf98a
000cf4fe
f90d0517
0e32fddb
02b4febf
f63404df
04d4fe2f
0012ff05
02e4fb39
0045fe09
022e08c5
fd12fa7d
f8c5fbf1
014ef9e1
fe97fa55
01f80905
facffe4b
01ca051d
0732ffc4
f773f621
0177fd34
fe26f730
00900054
03f0fe6b
f4e0fff5
00b4ffd0
0375fbb2
fae30100
013bfc32
0461fd40
0132fc8f
f8650182
f91f0460
fd880272
fed7fe65
0070f76b
fd100271
04e6007f
0976f484
0681fcde
030a0699
ff25fb8c
035dfd6b
035a0521
fb5f03b2
f9900188
0100fb86
fcb60509
fc35001d
004efd28
ffce0269
046bf819
0077fb78
fe300197
ff46018c
fc85fee3
fad1f9cb
04aaf283
0285fb64
f7a90728
06b6fd70
fe8dfea1
089d018f
0a950308
f33c0621
ffcb08f6
f7f8079c
fc08ffb1
ff6a00e8
fd84fa73
0c62fd1d
024201f4
08330003
0787ffcd
fa09f923
f3cffdd2
f1f4fd59
fd0dfdb4
f8f30193
fa39fd00
0770fa06
01b1fb52
f2d802e8
f677fd68
f700022d
fab608a1
0852f9ef
0638fca9
ffb7fede
fd5cfe30
02180202
07b80218
fed601a8
f395fc48
fd850650
029300c5
fcc9f3fe
01f701c5
facefe8a
feaff65c
0420fe75
ff8804f4
002c00cb
00580227
02e6058c
022dffc8
0cc80355
05620352
fb9003e8
fc0e05a2
faa40100
08eaff03
fd6803b8
ff3afda6
06d6f028
fc5202b8
062a094b
ffaa0276
0018017b
0350f995
fc86ff9b
008c013b
fd28ff32
fb1dff55
00a503d9
06ac02fb
03b7fad9
ff010498
09780505
019bfe73
fadf01e2
05f4fe40
fe73fb63
fb26ff87
00a104a2
fce40281
022af7fc
01e8f9ba
fcc4027a
06800446
068c08aa
017c0212
013b01b8
018603ac
049a0132
04f5022d
03c8eef6
0009f79d
ff2405fe
fca7fd1a
fe1dff89
0528087c
fb27ffe6
fd31f6f9
0a180e69
fbeb0900
f674fa7e
fa440113
fefffdef
036c0166
0231f8e0
ff19fa39
f7960539
fd01ffc9
fa9cfa27
f769fb47
02d10391
018efd47
ff9af782
ff3304bc
fa18feeb
fd65fbfa
064307a4
059ffd3f
037bfd3e
f93d0436
fa45027d
059bff8e
fd87f563
029106bb
02ca0203
fc1af8d3
00b0055d
fcf5fff7
012203b6
fad9fca6
03e3feec
fe900bdd
f99f05f1
fe4d04e2
00fe08d6
fdfeffb9
0044fcba
044e01cf
fac104e2
fcb4ff3f
fefdfed2
fb8e0581
ffaa059c
fb7ffb74
fa74fc6f
0466fc4a
0c220230
05460563
fef1f82f
01110083
00e20094
fc4c033f
f8c7022e
02c5f726
fd5b08a0
fa7a029a
05c0fffe
054d012b
0219fb89
f58e075a
00e302ad
0558fed6
fd0406b4
05d80ebd
fb12fc8b
f8eceeb4
ff50feda
f6a602c0
f4e203d4
0435fc53
05a3064d
fb440aea
fe2afc16
fe93029f
0272f72f
02a4f75c
030b00a1
000aff4d
fbcc0122
fe53fae7
f96cfa40
07e0f817
04a2ffa8
f9150294
00f102ee
02ba0a46
fb9b01fc
fd1c04c8
074e0092
f398fe33
f40a0936
072ffe31
ffa0fac0
00d4fc50
fe9205af
fb9c0620
029bf603
0a57f963
0678f99a
f92ef9c1
f9b30649
fee10426
054e0036
043d09aa
01450756
fa43fe44
fc58060d
015a08db
fa48fd13
079efb8d
02dbfee4
ff2ff7c8
09d5ff51
f9c201e1
f728ff75
03220814
04b9ff1e
0006fbc4
fa23ff17
f92500e9
059900af
00b7fd06
f791ff50
fffefdd6
f9080021
f9d10270
028f0888
fd390596
fc10fb9c
fafa015b
fdfef6c4
03a1fe19
02af0841
0185fef0
01e40153
009efe98
032bff65
04e1fdf8
fea7046d
fd650bc9
fe1efc84
fe6b0510
fd48072f
006afae4
0675068c
024f0660
0c4e0046
012e0642
fca20275
09dbfaf6
07e7027a
084d0673
fb20f891
0719f8f2
0998fd50
f9d6fa15
038802dd
ff7cff3c
0415ffe7
06560805
fddb0427
f99c018b
fcb6fc62
01d3f6d5
f54efe99
ffc20c44
02ba0464
fcfef9e1
fd1efed7
f944f725
0cb1fc88
065301a5
00a1fcf7
08c1035d
027dff0d
02d4f845
049cfe5a
00ddfab3
f7bdfbde
01b70362
0b14fa68
fcbcfb2e
f91e07ac
0169024b
fa71fddb
f949ffaf
026dfc40
fcfffeff
0402001d
01a7f7dd
f9a6fd61
03fb029c
048afbe3
0a2201a0
0877fed9
036ef549
02edfea1
f7f50017
0090ff90
0413051f
00d5fd47
016203d7
f98605f9
fc06f5f7
07c9f3f8
fec7fee2
fa35038a
fe35fad1
fbacfddf
0057034a
fd81021d
f95303db
fb5a00f9
fb7cfddd
05fdf387
05f1f8d7
01e6fcba
ff2efd66
fdc90491
01f7ff2d
00f5ffb8
025cfaad
04f2fc5f
00460191
fe2303a3
ff1dfe40
0118faa7
f97608ad
f697064f
02e603dd
083aff9d
069201d9
fab50373
fb1cf90c
03b3fb1d
fa39f939
06ff0560
05160565
fea70247
0ab7024e
fde202d3
ffd80714
ff14ff7d
fdb20961
fff3fdae
fa5df6df
07bffd48
072ff9ae
02fa014e
0030f62a
fc740132
00790376
fee1fb4c
04670c49
ff7e029a
008bf593
fd28ffc8
fa0e030b
0123fd18
f8eaff56
fa3f0330
03bc06a1
001e0142
fce10044
0396062e
00a2fe25
fe45019d
072cffcd
0b5908eb
043f0e16
f816fa2b
fef1ff42
002f015a
ff0bfe18
01ddfdde
fcf3007e
03ed0795
fd96ff72
04b9febc
0491058c
f8edff45
03f2f666
019f0397
050d082c
fdfbf9c4
fbf3fe30
0305069a
f50e027c
f845fc0d
fabfffd5
f8060351
ffb6fdc0
038dff2c
ff2c044d
f9fdfbdf
ff38fcf2
009cfe7e
f91bfd9d
fa8c0169
0346f9ec
0198f966
052a024c
02870c68
fc720740
06f8fc22
ff3601af
ff8600f2
fb74fde4
fb91fa19
08fefed7
f708001c
fbddfb7c
025204d4
00ff054b
04600088
f4e8f935
fdb401ac
036204e2
f935ff3b
01cffcef
0400046e
fe47fe34
0bcaf882
0860fee2
0037febc
fe0dfbdc
fda00235
f8d50088
f3d2f836
fe3b08a1
f5220736
fbfb026c
054e0369
013afec7
fe5dfb9f
fad2fd26
fc610416
fb43fafa
012c03d7
f5a2fe04
fa1efb79
0b700bb9
fc700306
f6c0030c
f958f68c
04e0f7a7
08ff00a7
fb71ffcf
fb2808d3
04720876
fb7dfda2
f355f90a
01140bdd
08ae0222
02b8005b
06d401f3
06c7f9d0
03b1035b
03e9f682
f767fd60
08a0f54d
09d4f466
f5eb0273
053601a3
00ef0f2f
02ebfac9
ff2ffca1
f4860089
0316f5d2
fde3ff63
07f2fd3e
fff6fb98
f600f5ad
0a2f021c
fae50aa6
f943fecd
ff2a056d
feef05a9
088df84b
fe08011f
ffe80366
0475fcee
f8ce078c
fecffce5
0100fe8a
fa750523
feb5f743
02e5fe3a
fe1805b1
fd01042f
fb41000c
fa4cff5c
0a2600b5
00ee04be
f93f034e
09440312
04be058d
05bffdc4
001cfc40
f81dfd4f
fa1209b3
fe5a0b4e
05bb02dd
0262024f
04dd026f
faf503a6
f8aafbd0
fd4402a9
f7fe01d0
01190018
fe0a0358
f625f70b
fc2ffcf3
facdfd26
fde800b8
05be001b
0184f7c5
fe67fcec
020c003a
ff4eff8d
019ff944
051003c2
049a04e8
ff7dfed4
04bafa43
0b44f7e9
016e0455
fbe0fd2c
f73f0151
f99807a2
fd4203aa
ffa704b5
015a0073
0278fa44
0a5ef420
019effa1
00310362
0c64ffe5
030705e1
ffc30303
0494fdd3
f858ffd5
fa7102dd
0441fcb4
fc26ffaa
fbb503f7
068dff69
0373fc83
fbc3011b
007c07ee
03c9fb4c
00f3f6d1
f91b007c
fa91f9e1
fdf0fa5f
000cf9e7
0313f607
f62a0322
fd3b0208
0293fc9d
fca00457
0171030c
fd6b0142
0119024e
fc010477
001bffc9
03d1f51c
fe99ff03
04850163
02caf982
06a90495
03cf0829
078cff77
031c0222
fdd406fc
04f80144
fd55ff69
06100502
ffe503be
f75efa09
00fefc35
0830fa75
06b1f570
fd20ff78
fa4e04c9
030e0478
0922ff67
024601e7
000f09ba
fa8f052e
ff5903d2
05600970
fa58048b
fd2a00ec
f9c10c9d
081301e6
07dff839
fce30bd4
03f70357
fc95f6d1
04f7fa94
fb1efa6f
feae04dc
04980791
f9e5fdf3
078cfe62
ff52fe78
fe2cfa97
0694026a
feb1ff81
fd080546
00810745
fc9bf6e8
f6900803
feb60682
00b400b5
03f60897
04ac0139
fbdf08f5
00800264
ff32fd79
f8fcff96
02e0fdd8
04fe0661
017e0369
0773fdf7
fdd100d1
f9e00921
023a0028
00e8fa4e
04f500da
02e8fe42
fb240860
f78b0129
fa95fd01
02cf0aad
03e6044a
f95a0382
ff24ff59
0dc0f4a7
fc36fd8f
f98701b5
0ea7ff4c
03effceb
0159f878
077706ea
01140090
0339faa0
00a202e5
042df2ff
04f3f802
f9100270
033d00cf
01700608
fc200178
fcd9f80a
f90dfd6b
0309019c
ff71f75f
fe9d0298
071cff28
faa1fe98
f7cd0306
01cefb94
fe7c0058
fe39faf5
0087fff9
f979f7c2
fc85fb4a
ffcb030f
fe1cf5e7
012b0038
0403f934
ffd40032
fdb705ac
03f80002
fcf50529
0196fc98
0a6d08cb
03f7068f
0146ffff
0345fd55
fd11fddd
fd0ef86f
0443f1cb
f7c50159
f56cf800
fc66fcb2
fe5d05dc
014200ba
02cdfde6
0088fa78
fb4dfdf3
0357f9f6
fc6101b1
fda0f509
0228f95e
f8bb0e54
fc81fdf2
fa38f7de
06d9f690
091e01e7
029b08fa
fed0fafc
f57bfe81
f92f0695
00bffa99
f73ef822
feccfbae
fec40600
ffa3ffe6
fe1a05df
ff12f95c
fc2bfe47
040a0899
0224fd0e
fbb602a8
02eb05a0
00a70275
00eb03b4
fc54028a
0096f8ed
06fcf72e
fafff7cc
f9bd0100
f9d6065d
fbdbfa71
fd1e0334
fd06fb46
fbfaf776
01890b5e
083ffe20
ff1cfad7
fe9dffa5
fb45f8f9
fca4ffb4
fc190832
fb2d0220
02e5f470
fa7cfea7
058801f8
026cf1fb
f401089f
fde0ff1f
ff6cf2bc
002903e7
fb53f872
0228fc37
0c48f71a
0747013e
03a90dfe
fc05fa66
fa22048b
026eff23
fdbafa70
f87eff7b
0158fe9a
03a2ffa3
0761f8be
0108fc69
f5adfc0c
ff66017e
00c7ffdd
fc7200a0
0109080b
01affd20
f698fe22
fba5024f
0b370075
09480509
032501bb
fe9dfb1b
018f0305
04280481
ff09038b
feaa024d
06460028
fe53040f
f760f7fe
03ef000a
fd28ffc9
febcfe6b
01bb01d3
00fcfae3
ff8a0997
fa40fe80
0104f990
fa110165
02ebfd58
fe6bf9c5
fc59f9fd
0e770533
feb6f638
009401be
03450a2b
01d3fdcf
0a0e01f2
07d00218
019b071a
fa78fec9
01cd0411
ffa60350
065efc7f
fd960081
f6f7f87b
05c9017d
ffe6025b
073e02f3
ff34fd7a
f8a7f9b8
04a5fdeb
02bbf31f
069effe0
fb53027e
01d80612
05fb0559
fc52fdb0
00fdfe0e
ffc3f4a4
022502e8
01ec081d
fae002dc
fb5006d1
003800b6
03f109f6
046e0194
054cf7bf
fddefcb5
fa69f963
fb2b02c2
ff3701d3
00ebfdf9
ff3c00c0
014ffd35
01f2ffbb
0490016f
0503fe1b
fd2cf6d4
fbf9fd5e
fdc302ce
03bafe83
01efff90
f57dfd89
fcb0ff2b
062802da
061aff8f
06fbfe02
03400453
01d803ff
ff7e02e5
fc5605ef
f70600c7
f5a304d9
fdbf0209
fb8e0419
fcbb050e
fd8dff25
fd86049b
0357fb96
fae70376
fc5efe56
042af587
f9d0054e
f0a6ffdc
fb5300bb
fe6e0596
f9a0044e
041e0425
fff7fc6c
ff07011c
feb8009c
fa06fb7e
036b083b
027101e2
0010f551
fea30441
fe7d02d7
f919fbf7
f8c1ffca
0739049b
009d0b42
016704e4
0077f967
f7affaa2
02260819
00f10276
022ffbb3
06fc05ab
f981f7b3
fb3a004b
00ce0a09
f9faf7d6
ffcdfff7
fad50575
f83ff9e5
0a2bfb86
ff0afa6f
f61d01d0
ffe80bdc
031800f8
002605f2
fb160648
fe05ff01
0100fd73
003afa9b
045e0bbd
0076085a
003efdfa
0b5b03b6
074403ed
fcf0f9ef
fb68fc6c
002a0ab2
03130198
fbac001d
fdba03de
0a99ff10
0d1cf8a7
ffd6fba4
fc2207ad
fd29fee4
fa5cfcf3
fb020247
ffee0375
08ad02c4
015701c6
02d0ff75
0625f33d
01a3fdbe
0148feda
fa10fcb6
061ffa89
067aec19
00cff9b2
026a0011
fbaefc01
04c2faa6
042cff0b
f97e0986
f9e0ff2a
06f8fe45
014802f1
fd9c020b
04460da1
fbd107fc
06780452
03830ab6
ff96fe3e
0f5dfb4e
01d705ee
f74f05fa
02cefbd2
0367fa4b
f7c402c5
fbe70070
03d2ffb4
ff4c0230
f56cfbba
006e001c
03c80b2b
fae40c09
020f0092
fd17f365
04a3f54e
046efd48
f9c0002d
fffaff75
fa120032
0621fcd5
00b8fc46
f8ef0696
03a501b9
fca3fd59
fb70044d
fe5500fa
fca602bc
fc82fcb7
0692fe11
09b4042e
0563f8e7
fd84fab2
f85dfbaa
03d4fa55
fb55fe6e
0310fc36
0732f9a0
f5c20493
04aa0789
0485fd38
ff77fece
051ff91e
febafd07
f6b4fe56
fc5bfc31
0bfcff29
08ecfefe
fbf30204
00270606
03c604a6
0191fc56
067d005d
0181ffb4
fa8dfa69
fe45fcff
04d4f8c6
06b8fb5d
03e4fcfe
fdc8fc3e
03110084
026c05bc
fa7d0425
04fff7bd
fdfafdd5
fa77ff37
0828fd46
034d00ae
fcf9fab0
fd2805a1
04f8031a
026c0153
0221072a
021a045f
fe9408b5
06390166
ff40fcdb
0113f8e2
04ecf52d
fde1fc62
03fb026b
fc45024f
fc080414
02fa03ff
ff8af8f4
0240fad6
04940055
09790119
0fa00028
0423f9e3
03adff33
004f04ae
f0380a56
fde6ffb5
08c2f2e2
06b9fe3c
07d40087
ff33fb8a
fc2a0332
fe0efd1d
ff46fce2
fcfc05e7
02c4fd42
007b040f
fb0204a1
0504f6d0
fb35019d
f9bc0837
fd6d0379
fe29f540
0476fe25
fe310b17
fc7ffff9
05c6002f
0421fc27
fad1faa4
044ff84c
03f5fbba
002700aa
04d3fb2c
f6510147
fd4d08b1
ff090571
f8f2fad9
fcd7ff7f
faef0052
042700eb
fe2401bb
ff86f69d
02cffe10
00700918
022f119b
0177fd35
00c8f839
fd2f07d8
0194fdf0
039efe38
019df8d7
01f1001e
ff3800d5
fcbff35f
fd7b00ac
fc8b0570
fdf0ffcb
079d016f
04040956
040dffc2
0016f9c4
fa4a00b8
01b0fd78
fc46fdf0
feedfcf2
f92e03f7
fb85fdfb
05aafdb0
027a0476
0ddffc5a
01fffe05
01a3fea6
09120887
f7db0c9b
0066fd29
0c290597
058603c6
f803fbc7
f2630c70
fa99030b
f6fff8e1
f8f40697
fe3cf626
f403f4bf
fbcc04b7
0376fd08
ff11fe27
034cfd41
034ff824
02f4fd21
fa4c02c2
fbbb0376
ff84051c
fbb702d9
0574fd66
ff58016c
ff36fddc
025cfabb
fff5fa29
03d1fb4d
f7ec07c7
fa9101d2
013df8fd
fdc6fb8d
fc3ffd97
fae7ff50
039d07bb
ffb30840
01890257
048b01fb
037bffb1
0ab5fb5e
ff75fc0e
ffe90139
020204cf
fe3e013b
038e00f6
f57c06ca
fcf007b6
025a006f
fc37f9a0
0258057d
fc1c077a
ff2cfc47
00de06af
011d0036
05abf92a
049e001c
fc87f979
f983ff11
040ff9af
028cf478
05120547
023cfc3e
00bbfbe7
06540363
ff38fa73
0402fcd8
ffd1fea2
ffaa02b8
02300463
f97bf8fb
fa54020d
fb8e097e
02abfc47
06c8ffed
05870471
fd82003e
fae6f919
0358f804
02e70240
f36cfdf2
f38cfce1
060dfc89
fcc203ff
0049058a
0141f7d8
f67f02a6
05f302f2
fbdfff2a
fc49f73c
00f3fa8b
fe79071f
088cf75b
fad2029c
019bfcc8
06adf00d
f765fecc
f69400ba
fb11058e
fed2fcbc
fbe7fe3a
fb43feb8
fe7efa09
011efe04
fcd2f7ba
fe030515
00d8ffab
fe2bf964
fe7f0874
fbc401a3
00ddf8c5
f97af4fa
f98afa83
00dd029c
fb610553
01b3fe1f
ff56ffea
03130704
02e70311
037b0325
072c003e
ff6c074f
0ac50c00
fabe0286
f6c6fe8d
0392feb7
f89a08ac
04d90761
ff2005aa
03fe05ca
0c8bfb04
ffaf00ea
08c803ca
ff3300cb
fc2c01de
fc20f552
f4caf549
00620205
ff14fe68
011bfabe
013dff01
fda3f8ce
04a5fa04
017706e5
023e0eb9
0455081c
fbfffd02
fa3901a5
fd6e0429
047300e2
017805d9
014b01c6
0340f8cc
027afce2
08040210
058e04c7
037e02a3
01b0fd0e
0107032b
fb000434
fa10fcc0
08e5023e
011cfdc7
fea2fac3
04bb0634
00ad027c
0411fad3
f9abff8d
fedb059a
ff74029b
fa270393
fc980328
f7fa01b8
00bf06b0
02e9fe8e
06fcfee7
0c5c015a
0f110b3b
03ab08f1
f6160127
0014fdea
04f4fd7e
fde0ffe5
fa50fad1
fab0f715
fef6083a
fcd0063b
f9a8018d
00690bcf
f5b6ff83
f047021e
fb190552
fedaf8e0
02fefc7c
00cd02b3
fa6cfad7
f5dff236
fc53fc99
ff8dfc11
f759f584
fe5bfc1f
0366fe33
01a1040c
06a10591
014205f3
fd1202fa
05a1ff76
098a03f3
ff6f01ca
fc30fed3
03740121
0056ff56
00e6fafa
0542fbbc
fed601c2
fef4feca
fcb7010b
fddb035a
0a1bfbc1
05310216
fcab02fa
06b20036
ffec01d3
fdb4fc56
0618074e
fdeb0e1b
fe6900b1
02e3fc3c
ff690709
fa6a0429
0185008e
fef8017e
fd84f9ce
fcd5029d
f4ae00ed
073a010d
046e01f1
fee3fec6
000703b7
fc00fa2b
021b03db
fca705b4
02c5fc80
fe10ff09
03cd02b8
03c70701
f8cafee5
049b06b7
f6fd09e2
001c0e6d
08820895
ffe5f965
04d80343
038a00c6
02df01de
f434fe17
ff6efb78
092efc81
02fef734
021b0371
00ba02aa
07fa0242
0830057b
feb7ffca
fb4304b2
04c0fbb8
0081ee60
feecfe8e
ffcefe88
fa7302b3
05880df7
0134005d
025b0211
055e0176
007f0411
fe68ff2c
fa5ffc1e
009606b4
ff78f56a
009bfbd8
05bd0444
010ffedf
fd86fe73
009df832
fa8cffeb
fb41fddc
fc530097
f459ff44
fd06fff2
fa28094f
f7bbfd63
fbcbfcb0
fbe104b7
0405036d
029c0214
00c5015a
fabcfc3b
ff01fe0a
036cfea5
01960216
0601097a
08980063
09a30105
0012fb4d
fc80f958
f7d40315
f9900370
fb8e043d
fa44fc2b
01e0f904
01acf9f6
0704fd44
091ffdd7
04300004
fced0505
0325fb00
06f1fee2
fea0febb
03aa004c
07a0081b
0c37f8cb
fe18fc5b
ff7bfd11
099bf0b8
fc46fb6c
00ebf8eb
fe83002d
fb820a35
fad2f948
f84ff90c
02e0fd51
09f60772
015b02bf
f4ff003e
047e0593
062af951
0236038d
02d2019f
fec0fe5a
0508fef0
fc5bf4b5
fa9e00e2
00a3feb4
04a3fa95
0701fbd3
02abf8f7
fc1ffb3e
00d10682
0a8306ac
0142fa93
ff8ff887
f99bfa90
f14e04bd
059ffc2f
ff90fb70
f500ffc2
03b3f56b
ff3efc0f
f713f912
f8a0f960
ff81fdc8
00fd0631
f4fb04cc
ffdcf482
0450fdd8
00780090
fce4031b
f73b053b
05cd01bf
fe890b96
fc2806fe
0754fa03
015901ca
01310764
0236fe34
05e6012f
024afb6d
00b2f725
fe93fca4
fc7dfd64
05ed038f
059a01c7
0451fc76
fd380108
fe1903bf
fd83fccd
f84d082d
03ee0519
0081f99b
fca8ff39
051f0650
06d8001f
0142ee8f
fe9904c3
ffa805fa
fdaff9fe
fd060cd4
f7040275
00ed005d
032dfe79
041bfd3f
0751fe76
fb8901f9
fea60f20
005907c7
ff2b0528
fd00fadb
fd90fc32
022e00fb
fdef065a
00e50995
f50df8a5
fb94fee1
077600ad
fcfd0140
007fff20
03b5fb97
012f0654
feb2fe07
fcdaffaf
fce20386
037d0449
05bd0808
ff280099
0725fc49
ff340156
fd4800dc
055dfecd
fe190026
050cfc7d
05100475
021f0406
ffac0294
f8bc115a
f84205c8
fb8cf701
01ccff8e
04380414
ffebfe20
034ef8b4
065ef78f
f8470124
f87ffeb0
fcd9fafa
f4bc0456
fd61f5ed
f9b8f218
f975fd25
06d5fd5d
03ea0183
fe000207
02e0f8b0
0a6bf294
026ffba7
0389fd67
0784f531
02e7fcec
02df0287
fd0e0276
fb7c0909
fb000305
fc37fe4d
01f6058e
fecd0a73
fe3c001c
f92dfe35
0589fc70
0111034d
f565ffa9
08d701dd
fb740cd7
f9ac0813
07690069
03ccfc58
05be0b78
02fe051a
03e5f596
03130440
00db08c5
f8dc03e2
f9fb01d0
037bfcb5
03f1fb05
03d704e3
053a020f
ff11fff7
f877012a
fe090124
021e0501
fdd5f8dc
fd9efe26
0ae50451
09daff45
fd0ffd93
0537fdbf
0093ffcc
fae4f6fa
fc9e03c7
fc6e02e8
0023fd11
ff4505fc
0179fd7d
f96efa85
f955ffcc
00d1ff02
f8d2fff6
fc300025
01ebf765
00c2fd02
002cffe2
ff4afcf1
f564fd41
f052f188
f9d8fe2c
fc880731
fe6eff8b
07a4fd32
02a5015a
057b0a10
0336fc8e
f64c073d
06eb097b
02420582
fd4b07b1
056cf63f
f3fc0103
f6ecfe28
04c5f913
feff05a1
f549fef9
ffdbffa8
066c0474
ff5afda0
03fbfde5
fbb80943
fc57fea3
012f0105
fe250476
fa74f101
fcbe02c7
04db0282
fa55f7c8
fec8f987
0451fd22
001c0501
0a71ee9b
0740f95e
04010586
067bfa66
02e606cb
00e60145
fc80ff5d
00c6057d
08930168
ff570040
fd20ff1c
01a2010c
ffaafd1f
fffe0207
f8dd0495
f9940642
fc5a0806
fd77ff1e
fe80ff68
0027fca5
0117ffcd
fb86024c
019206c9
0520095b
014ef989
ff40f740
00c6ff48
055f07f9
00490383
fc7dfa62
fc3af90d
fb36fa74
ffda06d7
fe7f0341
f866fec3
fe280295
0216003b
ffc30215
05b100ae
fe72fe71
fd75fb64
09b9ff9d
fdb1040b
fba7fe0d
081dfd06
01baff7b
fcd9fd1f
ff6000a2
044006d2
01a1019a
fa020489
02ea0991
ff21021a
ff06f6f9
06c5fb4f
fb3b02a7
08a50190
0af60714
fca8f9a8
0220f8d9
fea8093f
0023fdfc
01c3fb37
0104ff80
059cfd81
faac0241
fb0b04a6
0acbff4c
0392fe09
fa09ff8b
ff93fb13
f83401d9
fa16039c
0437fd98
ff9e0062
022ffd8d
03cd00fe
00c7037f
fdcffd6b
ffdcf73e
0031fa7b
001efeab
0556fe0d
fc0803bd
fa3f029c
fd90fb39
f6fc008f
006a06e5
0ae602b1
08d9033b
fc6105c6
002700fc
063802c4
ff3d0281
06520484
0747fd62
0cd2f3ff
03c20167
f59d09b9
098b07c7
06a600f8
0131fe61
00e0fb72
febcfbba
0a83081b
0453fc00
fed8fd7f
f85200e8
fca3fe8b
07010334
fff9fa93
0163036d
03bf00cb
0009fced
fe4f0491
064afd98
feb003cf
fbb60804
fff806ae
fcb50485
0196fe70
f8a3fe18
007c0224
0671ff8f
faf5f69c
0361f945
041b018a
0c430213
0919002e
fca40100
fe8ff90f
fd3cfed9
f81a0945
faa6f5f1
0622f2d3
0719039d
fccb0c46
ffc3fd6a
00d9faac
fdbd0368
014ef9e9
febafbba
0340fb82
fed000f9
f637fc49
06e2f580
ffc20203
fb5bfd6c
0231fd84
f9ccfac5
0547fc03
096c0191
f406ff86
fcf902f1
093bf9b2
fc1cfe81
023608f5
001d06da
fa3a06d0
013600c4
fc8dfe24
03f60201
029a03f2
fba9ff90
fbab04ff
0026fb15
043cf45d
ff420836
ff1efe8b
f757f773
fd2eff7c
fcc3f6b7
f7fd00bb
0049040a
02110409
013007dd
ff1bf874
046603c2
fcb502dd
fcf7f5a3
00f20951
f26efef9
f6b2fd9e
01bc06b1
04f70271
f68e08f5
fc41048a
0b48007a
fcc50426
f80403b2
f9d6f9f4
fc34fa76
036b01fe
05d60342
fce0055c
fed9056b
0007ff59
fcd5f8bd
fe9bfe9e
fbb803de
0561fb1e
0155fcee
ffc10bda
038b0887
016cfc8d
03bd0430
0144000e
06a1f782
f719fecf
fef80404
fecb0562
ff2efecc
04a2fc14
024d0482
fe450120
0289fdd3
00ef018f
fc3ffef1
fda9fe3d
05ecffa7
0283fe57
fa8a026a
0ba604fa
09e4f941
feb8fb1c
fe71035f
f73602c7
f75f027d
ffcdfe75
0274fe5d
f8befdcb
fe81fdda
f8530228
f788ff3e
fc67f90e
f733fd76
06a9017c
fd4b006c
fdd5034b
096bfae8
0335ffba
019bf7a0
0083f32e
025605b1
f9e8fbd3
fdc8fd00
fc59056b
fa80fb28
ffbaf99a
fdfd0003
02c8ff13
001eff74
020fffee
fcf0f807
042407da
03270412
f7b2f3b5
02a7fac0
fb4bfc3f
02fc014b
fe280121
f8c30402
01cf003f
f7ecf7d4
01c1fd72
ffe90477
f8030566
fbe9fdbd
0203fcba
0a65fb64
0750059f
008d0735
05b304af
0f9207b9
00effbc5
f933fe83
060cf51f
07adf728
04d90660
fef4f8a9
fc78f7c8
ff260af9
00a6092d
0249fe4d
007a0b06
00e4037c
0084fd81
fb80fc77
0316fa68
03260aa5
fe27f9c2
0219f69f
0326064b
063104af
fb0ffa9b
f9e0f8f1
fed00453
fe820112
09f80895
039202d9
f8b4f8b7
fd2afc02
0116fce3
ffc2fec2
ff60ffb3
04820767
0c0d0369
ff38fee2
0007fa14
0f10f8c9
ff9401c3
fd5b0523
fe55096a
f9a7fca6
f90a024d
f7d7ff33
06a6fbe5
f8970b42
f7d30278
0118fe74
fca3f87d
fdfbf858
f813facc
00c4ff32
fdb40578
ff70f8d9
01260180
fcadf7f3
026df78d
fa770779
fddffa70
01b30201
00ad0306
fc0afdb6
faa301f9
03260006
022308f2
051a0bce
f82804b5
f673feb6
fe21fdd7
fe950195
03d4f9cc
fbd9fe81
fa4c0199
0501feab
06dd05fb
fcb7fdb4
faf3f962
fe6501bf
04730385
0436004b
fe99020d
09ce0bee
fe8d018a
f55af989
fef0fdf5
fedd0263
0bac016f
0341feb4
f3990ac0
044304e4
055ffd6a
f97107a9
0011f899
0316f866
fd930705
fcd9ff07
0299fea5
fe5a019f
fb35fb16
0354fb02
feb4fea1
00b4fdd2
04c2ff3f
f8fc04f2
fb39037e
fe8100bc
026e0419
022308aa
0010074b
01c0fee2
021efd1d
016b098b
fef809ea
0592fe71
06870509
ff5efed0
001dfcda
02e106c5
0756fdeb
03b9061e
070effdf
06d5fae4
05aa0749
077bfd31
ff58022b
ffdb031c
fdf30171
02cc0857
ffabfd2e
fb950374
01df05ec
fe1cfb48
0ee902ba
0b7504f0
f8d8fe67
fd7ffbb4
fe63fcaa
01f9fe44
f93dfe50
faa80848
fad903f0
f81afbe6
04d9ff63
f7d6ff85
f53c0196
fb7ff7e3
f96a01a9
038d09fe
01520217
001009f7
fe6dff50
fb57fab6
f8300674
f9efff7f
01e9f6cc
0660f831
0667fcfa
010d02c6
0ad305be
0bc2f8f4
fcbcfaa0
01f5fc7a
028a0383
fe0e02da
0028f4d5
f9cc0bed
f9b5085d
03a1f943
005cf948
fbfafc69
048bff50
0611f54f
ff5a033a
047effc7
053ffa06
fd6e07aa
fdfe01a3
ff320511
ff200d27
fe0cfe10
ffb2f5c4
010affcf
02880240
00100965
fe87013b
06d2f707
fd1eff6b
f1e0ff48
fd50fc09
fe72f40e
0036fcb2
04a9ff99
fe29f6fa
fccdffef
fa5c0151
006bfe20
05a80320
fc7103a1
fdd9fe5e
02d90166
fe9c01bc
000cfb3a
0180fde9
01bb048c
021501a8
fc6efc79
ff6a0bfc
09140722
0402fd15
fc85001a
fa53f862
fb45f8eb
0139fff8
026401f4
ffd2f8e0
01b2fde5
fba8f8e0
fd8ef85b
05ddfa6e
ff34f65e
00f9073f
fefdfe05
fc54ff4f
08110779
ff7ffc9d
03cffaf8
064e030d
fc4507be
f70d0403
febb0427
f80404f2
ff49f5c9
042ffcca
f8060656
00f103b8
0689fab8
ff54f580
fc71ff3f
03120169
ff9d0f7e
f9e904ae
060dfa82
00cf0324
ff8ffdcb
01a2067a
f9fe032d
017efda5
07e9f707
04eaf00d
fd98fd79
f5c5fae9
f782f8d5
09180101
0870ffdc
001b01a2
04d40afe
052a0109
0357f888
fa9df792
fc10f83d
fe3d018f
fe30fe92
06cb02c2
092e020c
0595fe47
fd1b0346
0587ff73
ffcb038b
fb370103
068200ee
f7cc015a
0023f912
0e65f86d
01def7de
030101da
ff300132
f871fee6
ff25ffd3
fa02ff79
02450289
08f0fa95
fc39ff17
056f0183
0239fa5f
00a0fdd4
0ab103a7
ffc202ca
fed7fdf6
055d0418
027003e6
007fff0a
ff8703df
039502fb
ffbbfde3
ff1fff59
0875008f
0098fe7f
fcd1fbe6
0325fef0
f9910466
014eff4e
00f5f93a
f968ff3a
023400e5
fa3c016a
ff0dfc81
0a6c02f4
ffb30603
0150f42c
024cfd0a
fd6fffe8
0533fc8a
01ab0444
f5defd63
f69a0245
f9b9fc72
fddef9a6
fd630114
fa060186
0384061e
044afe76
fce20153
048f053e
03e70273
fb720581
07d206fa
08f105ca
fecbff1b
fba9f9ec
fa1cf1fa
fe56face
054ffc41
01f7f626
f97dfccc
fdfd009a
ffbf092d
02bcfe0a
fd0fff24
f7260888
085dfa8c
07d0ff5e
f6aefbe8
f93afef4
0a310525
0487001e
fc270409
02ccf73d
fca5f95c
ffa40649
fc3b03ed
ffbd0083
ff73fb32
fb710311
04820894
fd2704cc
fdea0603
fb4803e9
04400672
036dfd35
f7e9fde1
fdef095f
fc9afdfa
03980378
f2a306d1
f809fabd
03530499
ef760407
fd12026e
00c705b1
011dfcdb
093dff5d
0097fc29
ff88f49c
0182fe02
05f3fb36
0141fcec
010605b7
0853fba4
007602cf
f9b30aac
02b2057d
00a2025f
f59efbed
fd32fc69
0b2202bf
09270096
023d027d
01ce091a
fee00177
fb16015f
f8950036
fd4bfa8d
00c8047a
fba60175
fff9fcb9
0396fc77
f8d8fc88
fe9e029a
03cdfd03
f5bcfc59
fda4061b
008501b8
fd86fa0f
09b6fb05
fc23fbf2
fad50834
03e6fe16
f9fcf365
f6e10540
fe8600d1
0403f37c
02c9f8f9
0440066d
fac9ffd0
f6fefc4b
ff8a04b6
0244f780
027efc5a
fdd5fe52
fe89fc40
01cf0740
ff4003c2
f8a2025a
fda2ff89
01c1fa02
fc85fcfa
00b2fdf2
fad800a4
005202f5
0598fabc
fb04ff6c
fbd703f7
f84cff86
fa3b0213
01ae0360
005d07e5
0525fc90
063e02f7
024b081e
0070f8d5
ffa7fe38
047d0092
fa6b058c
fab0fed1
0c77fd72
02050259
01cefa7a
0145ffee
fea3f4f8
06e6fb13
000103d7
ffed00ce
051a037e
0b5902fe
fb4206cb
f10cfefe
05f101e5
096303de
0be2005b
0a4305ed
f982005f
f4dd04a9
fac209b4
002602dc
052e01e5
03ea00df
f8abf9fc
007efbdf
02f8fc30
fafe0454
f9bd0c41
f4d9fdbe
055ffb4e
09bd02fe
f8e9039e
0073fc8b
0036fbb4
061d0377
066afbc3
fa22f97f
0388feb1
06ce016e
fee406ac
f776fdd6
f999f80c
fb5cffb7
f921fa49
09d0fc90
031a0307
f8b5f9b1
fcd701ff
07ce0554
0a67fc7d
fea6fc7f
fe450385
f0bf0344
f98afac9
072d04c4
fc9e013c
01b8fe6b
f9c20389
fae8fb1a
02410043
0ab604b8
10ea0035
015efcf8
023bf49f
0497f51c
0090095b
02350706
fe86003f
f6580835
0565fb6f
fef703ea
feca09e7
019802e2
f9310244
0157fe48
ff2ffbe9
00530466
045e03a1
036e04cc
0448ff1a
034bf52a
01710162
fad60631
fed20083
feb2fe70
04cafb36
fb7202bc
f974ffec
0436f6de
f3a2fd55
f92609e5
fb2e0292
f869faa4
02fe081e
009401df
fa35fecd
f989fdc9
01c2fc0f
f729fe72
f63df3c6
ff4dfc5d
057f035a
0a37fe42
fe33fe71
017afdef
06a6fdd9
0821fd7e
0c9c014b
0b320158
04bd067d
00e0008e
fc26fc48
fbca09b7
07b202b5
fabdfd80
ff89016d
07230470
f9b605bc
05ff0081
fb8fffd4
f4b1011c
079f0553
048f04b8
fcedff24
04af0084
09ef05cb
fd00fffb
00e903dc
07ce08c0
f9dbfe91
fd8affc7
045c002f
01f1fe3d
02df012f
002ffc1a
faacffa7
fd6dfb5b
06b0fabd
014d0420
f979ff6a
fd38ffc5
fd380584
fc79fee7
feb9fc2a
03a00654
017004b3
033800a7
07aa06d7
04a40380
07e2fe70
02cf0068
fb2000cb
fe50f7cd
ffadfbc3
ff52056f
fed30483
085ffbc9
fd46f54f
ee03056b
ffaf001e
04e6f7f7
0381028d
05bafe2b
fff101e0
05420036
0561fe44
fb43033f
fe7afded
fe78ff4c
fcf4f737
03aff86f
fe3fff47
fd23020e
ff3b0107
f5cbf322
fc4e0231
005d06dd
f8c2fefc
022d0803
028a02ad
fe3e04bf
01370425
fb0b0010
fe41080b
fd3c0250
fa9afaf7
04abfe3b
f853ff0d
fd32fa67
079ff950
ffbd03e7
fe2905ca
fd9efd08
07aa002f
01d6fc6d
fc91fe5d
05e50bdf
ffe101e0
ff340042
fe100b12
ffee0ad7
05220371
fd7bfce6
ff7b0215
08dffa87
059ff6fe
01e0fc76
fa0ef95b
fbd7fdde
ff42f7d0
faa6f820
0af00150
ffb3fb8a
f4f4f887
05a6fc0f
003cff48
00cdffc9
fee102a6
0205f8e0
02d3f721
fd390965
01d7014d
fa17fc7a
0297033a
04420112
ffd002e0
03ea03bb
fbc70487
015b022c
09dbfe69
03e6ff74
f877fff4
fe820777
015c00e9
fe04fd1c
019202af
f30ef7d8
048cf749
0ae5fb99
f392f665
f4ce0637
f37808f5
fc26fa9e
01460255
052aff32
03c6f8f0
fdbc051c
06d30628
fea2f7d7
f7bffcac
f9a1ff9e
0639f403
066ffb2c
f9b9ff16
00dafb90
f8abfec6
fb27056d
066404b8
0461fa7c
0987fed9
0275010d
fdeffd0e
fc190197
fe7ff951
034dfa2b
fa10020c
fd36fbfd
02fdfd79
fd46f839
03d5fbfe
04450358
ff1ff85d
07850529
fe2e046f
fa9a0017
02980389
01aafb2a
ffbf02ff
fac0f8e9
fe82f0ef
03bdfde5
03da0721
ff5105a6
fa30fe27
000f067e
feb203cb
0266007d
fe9efe2d
f735fa8d
03ccff2f
063a005d
fe7f0417
00e1001e
03390186
04230354
01bffe41
fb5c002a
04bffb45
01cafc66
ffb9fe45
05dd046a
fa040452
fb70ffdf
feab02be
00100554
fee80cad
f734015c
fe7cfabd
017eff58
ffe4f735
fda1fbb3
00d40913
fea5084f
f9a10053
007804f9
fe8705c9
fda8fcb0
03a506f7
07e60da3
01eeff6c
ff0dfe44
013101f2
ff2e0726
0354046f
05ddfb1d
069203ef
fb50fff3
f678021b
fdb2033a
fc47f981
01f40034
034bfd61
fc0e017a
fde8057c
fcfc04bc
024f03e6
0b48ff18
ff7c0179
f8c4fcc6
fef1ff03
0152fd8e
0612028b
fbdffc58
fe06fa1d
09b100b0
fe72f3b7
f466fd55
fbeefc3a
023bf6ee
f9b5059f
fd9a014d
fffbf9dd
0027f902
044a00a1
fe93f721
07e1f307
02fefec2
01e0060c
037b0441
fa7a01fb
ff010889
fcb6024e
f72800eb
f864067f
f1c90186
ff9ffea6
09dcff09
01e5fa23
0365f9fd
0d0605a8
009afbc8
fbabf5b5
085c071d
ff230676
02b5fe4f
0139fd54
0386fe59
0665fa90
f917ff03
00e803ce
f93bfd23
f664fd40
05dbfb46
fc6401c1
f9f9fa5e
fa75fba7
fe0d0c2f
010502e5
fb860468
fe60fea3
fadef9a0
fcffffed
03480005
019d046d
095bfcf3
08daffdb
026206a1
04470625
fd3aff33
f3cbfc24
fc98ffd3
0866fd5b
04450468
fb99ffe7
0282002e
085c0622
fdff01b6
fd36ff4a
0610f69c
08a100f4
ff5e0720
faf4fed6
fcb300b6
f79efecd
01ccff53
0596019e
ff73ff7f
034bff5b
fde5001c
fff10415
05e70345
fe2ef93c
fc9cf921
04d8006a
fa7a0110
f9b501c6
0cf005e0
fd5805ab
f53b02e3
fd5002d3
fec5fa34
0417f6a3
03ee030d
01f306d8
f97d031a
ff7e000e
03b4010a
00fa07fa
08f5077b
fe6101ab
fc9afb6d
febdfde7
f9ab0603
f686020c
f1c5046a
fd340641
03560172
fd78043e
fbe2fd72
035601cf
0317fac6
03e0f28d
fefc0698
f3e305af
0664f9de
0053003c
f64702d2
ff78fc60
f97e0391
01d10a97
fe3b037d
0456fd49
09fdf12f
fb34fee6
02c104b8
fc90f51a
00aefe0e
0af7fe58
0043fb6e
076eff7d
00e9f5c8
f8df0237
033e06d0
0c79f970
0c03090b
ffff01ef
fa8df88d
fb5b0c37
05d60167
0509fc2c
fbc30119
01fc056b
0727095f
034aff07
02acff91
061afce9
0013fe40
0264f9df
fa41f50e
f91501c1
03d9fe8b
f732fdef
fb1bfd3a
fbecf89b
fcfe0180
011c01cb
f86cfa67
05e3fdbf
fdb8041a
f7e8fcc8
fd7f0486
fd1c0903
080802dd
fa3603c8
fc9cfb69
05f8ff05
fcb20429
0003fa9b
f601fd4f
02baff03
05110072
fda2fd63
08c5f87a
f9f005e2
065406cf
09afffbe
fd2dff26
06c5014f
03fd0211
03c6ffe7
fc5cfb99
ff55fa7e
fe6003d2
fdbafeb2
05c3f632
0304fd25
0b40fc5e
02450041
f9e302bc
fea0ffcc
0510045f
0005051f
fd090157
0e39fa97
ffd6f62b
0315fd7b
08bffef5
f7b3fb40
fd3cff24
0622041f
0ed1044c
03cb00fb
fc2800f4
fb8effd2
02e5024d
018a0205
fbbbf9e8
0490088c
fe5e065a
02a7f801
0298f832
0264fdd2
fe710b9a
fd9afcb6
ffe5fdee
f59409b0
0df101a0
02ae048a
feb5ff15
09c3fff9
f99afc7f
0326fc03
fb1c0977
feba05e9
05e7fc6b
0120fdd5
0382fdce
fb51fb04
0160ff2a
0595fed2
03b503a9
fe79fe5e
0287f428
fd9afffd
fb470139
043a0206
f8f4fad1
ff59f5ca
fda3008e
fc5cffb0
05510388
fccd0438
f86efebd
fbfc035e
feccfec0
0859fc11
08af0156
fe39fd7f
036d008a
00e90597
002e0348
080e006a
fcdff8a2
f8bffd3f
01e605a4
020101fd
f49d0120
f5fb03c8
fcfffc2f
f9e1fe78
fd570f26
fabe0539
fcc4fdf5
01600070
fd89fc24
fcaf0408
0525031a
071d00ff
fad5fe9c
fa13f80a
f5defb61
fdf5fea1
086ffd4d
faa303bb
fce70544
fc88fb66
f72002d7
fd20fd1e
fc81f82d
f77ffae0
fa13f382
0221ff8c
04520930
0657ff7e
06de0112
fed50d97
04bbff64
0862f8d5
fbd209af
fa19020b
02c901f5
02d6ffbe
02d402a1
0778053b
ff7af8de
fdc501b8
0059f860
ffc2f690
063d03ef
fd0efd52
03b9f8de
02c2f960
f42d01a3
fe880232
faf3fcea
fae3fd25
f7bffc68
0309039e
fd3c0053
01acf911
0a78fd45
021500e0
0195f59a
f73dff2f
f2880617
fc31fee0
0008006e
fec3fb3c
f3acfcb3
f41a022a
02b4fb6b
01d9fb05
f33003ae
efc3faa7
f551f808
fc5dfe6f
0757fd29
ff8b05e2
ff4e0247
0a4bf912
fd12fdf0
01ab0325
04d9006b
fb7800bc
05de05d7
01aafeef
fc8001cb
fb2bfec2
fc64f84a
06bd04ae
02defe92
008000a2
fff40397
0723fe55
088b06a0
f7cd046a
f5c90539
ff4b0b9d
079e033a
0528fa07
01cdfacb
fc6b03ab
f844fe22
fc2ef278
fd16001f
fd7d05d1
fcdcfdc7
fd52009a
fe41ffd1
03be010d
fc99032a
fbb9003b
04bffd51
f6b20078
f13000ed
fc4dfbc5
fc0c004d
fd6c01a8
ff98f7c7
fb23fee8
fd3a06e4
0439ff00
03120149
053900e4
07dd03de
fbf203ea
fb6af642
0903ff73
fe9800ab
fc3af968
03abffb2
fc43011c
00850a7d
008dfe34
fe65fa3b
048a094c
0336013a
01cf0235
fe950305
ff8401cc
07d1091c
03b9fffd
fe8cfbf3
0985009e
0916fec4
fdf304ab
ff580286
033cf90a
01d3f9b3
fa51fb8b
009b0428
012eff47
fe58fe49
01bc0844
f8f40558
f8a2011d
fc6c056f
ff06085a
ffaffc63
013bf776
0821fc1c
068afd4b
ff8cff38
fba5fd25
f980ff7b
fbe2fa98
0a78f317
011dff47
fa5c0716
055afd1d
f97bf743
fc42fb56
06c2fe91
00d202ce
f4b003c9
02db06fd
073b065a
f3080599
00b103a3
fe46f961
fd4ef63c
fda6fe76
f67c055f
00f800b3
f9dbfe90
fde1f9bf
0755f77c
046bfbd9
02d40121
009d0558
feedfb6d
024306bb
089806de
01b8f997
032e00c2
01fc0068
0896004b
0a04fd79
fc450826
068d0a3c
fdc1fc74
013fff25
07ed00f6
f6ff05b4
fbab03f4
ffb609d8
055f00ab
070df2f6
005efda7
04ccfe8f
018b04d2
fb2c02f4
ff120147
00100341
ff4f0142
0421081d
fa29fc8d
fb1501f4
04d50ca9
ffaf016f
ffb4fcce
0021fa86
0530fd51
040401ee
00250483
0318041a
022ffc32
0012fdaa
fb6a02cc
fce7ff11
fc0902e0
fe04fce3
00c701f0
fc80096f
03e9f8b2
0673f8c2
0298fe9e
0164fa3c
078bfacd
018b081b
f6f400ba
0615f6e5
fd710370
fa42ff6b
fe7f00ad
f7a0034f
07b800a9
fb0201e6
f769ff8f
085c00a1
035702f2
097909c3
fe990693
f78bfb93
0363fac6
022efebb
fc6afdc6
ff20fbf0
ff3fffc2
fe1afb7d
040cfe54
fd49ff66
00920a52
04ff08e9
fbeffdf7
f55e0456
f8b7f7b0
0625fe76
002a039e
ffea005d
fafe08c4
fb8fff3b
014f0089
f875064f
05e5032c
fc65fd55
feb80391
05a307da
ff4b0244
0ae5024b
ff20035f
044fff2f
0323f5bd
fb6d04a9
00920d05
035efd86
083700b2
f612fd0f
f7b801cf
ff9e0938
0239fe4d
ff02ff3f
0289fd4d
0cfaf599
f8e5fee0
fdaefc3d
01bcfb4c
fa67059d
04e6fc8f
ff2cf9b1
f8d5014a
feb802b8
0aa605c8
0c060117
020cff8c
00a401d1
06040934
04970708
fc61fc93
fa47fc5c
fc90019e
0157f994
0052f727
fd2d0368
ff53fde3
0707ffd4
063408a8
ff9d0293
0a52fe3d
fdabf77e
f55bf542
ff64fc84
ff3c0005
03ddfcd0
ffbff3ce
fa3ff5fa
058100b0
0544007e
f921f4f9
ff5eee3c
0365f363
ffd5fcf7
05a6056c
fa30011f
fda70040
0a1d0747
00a0fc93
fdd202b7
0131050b
fd41fb9f
fc450742
01a50126
fd7efd21
07c2ffc6
0013fb13
0062f874
fffd01dc
f88dff84
ff4efc3b
01f202cd
f89202a6
ff45ff19
fe9cfd23
02cafbfc
017cfd0f
f88e04f3
f9bb0025
f6b00553
01b60254
fbcff6ed
fe98fa42
0906f1b0
022ffe0a
04b1036b
fa0b00ad
fc6e0067
0487ffef
022f06d7
005ef911
fd45fe79
fcdff6e9
f8ccf4bd
021afd24
fdfafaa1
f399ffad
0410fb9b
07160b0c
03adfeca
fed2fe57
fc1111d5
0132fcf6
0172f7de
070afdf6
034401ff
f4a5f9ac
f07df7a0
fd57fce0
009efc8e
0124ff74
081bfed5
fedd04e3
01ae05a1
02780366
fa7601be
04850118
0602037a
01f80373
fa46ff08
00a3f5ea
0055fca6
fa7f0490
fdeb0435
fdef0360
09a5fd5e
07c9f946
fc780045
ff9dfd5c
fc71fef6
fe09090b
071bfad5
06b30181
0592ff09
0371f6ef
fa5a011b
ff6afb66
036a0339
0401032c
febafe9f
feafff4d
0606fce8
fbb402a5
fcbb02ba
ffa4f8e0
0272f754
0165046a
fdc3fbce
04360163
f9b6063e
fdc0f830
faf5fcd8
fa44f9d4
08d3fdea
fcbb0180
fed503db
023a043e
f8300155
fdfd0a18
0ab0050e
0015fe0f
feccfa04
06c502b9
fc1e0266
04c4f924
0d110115
061efe08
fd07fe2f
fd39fceb
fcaf01ad
f8e60b58
06e0fdf6
02a00081
fd0605dd
feedfcdc
fb3500ca
ff3ef9da
fe9f0288
02460ed0
019a0204
fc280047
fe13f74b
0325ffac
05d90d1c
00c503c2
f5e503b4
000affb6
0cc9fc06
fe7bfe4d
fcb1fff5
049a0075
0a1bfccc
ffb0fd1a
f61202c8
07f607a1
072fff66
ffd2002b
fe3efb0c
fc57f93a
f752fe0c
f5c5f645
fb8505c6
f9ad0577
0025f476
fba0fc93
fcbe0311
02f400c0
fec700c1
005efd63
f837ff19
f5840882
f969036e
04b000a8
0445ff6b
0186fe27
0421049f
fded0294
0637062c
fa2b0c77
f3310aa1
ff5c08b4
0574020e
09b1fb87
fbf0fa4d
02ddfe38
02c504f7
fac4ffac
0471f8d5
fc63fd9c
f6e005f2
fe7506d0
06b5f9cf
07eefd4d
049f04d9
fe46fa71
0048fb48
06870257
fc6b0605
00e2fd09
014c045d
f6450953
000dfe69
01f8ffe2
fd120273
fdf500ff
f29ff81e
f574fa35
02e0fdff
f7cafede
fd53f9f5
0263f817
f7d20479
fcfff7c8
04180009
07b2068f
fc9bf5e6
fb80f89d
0007fbe9
012e01f3
065a0103
fd52fd63
fe0f021c
ff7eff28
03b7ffdc
049a04e1
fb72f6c0
0877f377
045902b9
fe5dfd54
ffc1ffd4
f815fd71
03550036
046e0964
fb71feef
025d05eb
002205be
f8aa060a
fc6c040f
00f7fbe8
ff0102b3
f9a00483
ff5508fd
0160071b
fa32fc86
ff56018f
ff1b0944
fef00349
ffb1057d
fa4b01f8
ff4afdac
03b6050d
05da03b4
0778099f
026a0551
fb560053
f9ff0470
01480033
00fff66e
ff9ffb4c
069503f8
05b5f73a
fdac04a4
fcee06d6
fd27ff2d
fecd022e
ffcf01dd
ffd20910
0540040f
06360671
035efdec
05300492
08bb0087
0027f582
0242075f
0344f137
f607fb18
00a208e0
0612f5ef
ff4dfbef
f7f9fac5
f9e501c8
02910792
044dfe21
078cfcd5
fe8a008c
fd72f8e5
0396fd97
fd300322
fae2f9e8
0142ff22
029ffd55
04c700de
02ed0107
f867fad5
fdeff998
f866f8e8
fe770278
07b1f940
043dfc87
10aa035c
0305013d
fdc60530
fc92fb75
fe6ffd21
0207045c
f97a038a
066ffe9c
0008fd15
0750f9da
0869f547
03c200df
04fdfc26
fd2bf449
01a502f4
070d0534
fcd607e9
f3f9fb1a
fc02fcdf
ff98fe56
042e028b
093c03b4
0a0cffe5
fde0f869
004cf1df
04760177
fbad02b5
00390581
ff8606d7
fe52fba2
020bfe01
01b8fb0b
02ed07cc
0617061c
00e3ff9e
f932046d
00c2f8b6
ffb60d62
f8eb101d
fe10fca4
03fafce6
01a1ff52
fb35031e
006ff99c
076dfef2
fdc1fed3
011802ed
04ae0304
fcf2fc37
000d0231
0020fcfb
fe7803de
0173005f
02d2fb47
0640feb2
05c3ff14
0467ffaf
0004f63d
01f50139
0106057e
faf60120
fde5047e
feb8ff69
0035fea3
fc45fff8
008eff7d
0505f707
fdb5fc96
fd9e0417
035d0082
08bcf8ce
fd06fa94
fe1003be
01cdffb7
f6ad02aa
fc2b06b4
fba3031e
0216026d
030efd69
fb97fbe3
0055ff66
f99afc90
002101d0
fd8a02ca
f865f909
07c705b5
014800f6
01f80126
0f3403de
ff28f1e5
f9dbfc24
03ecff2b
006b0576
00ee03cf
faaafd7a
008e030a
0b44fa75
039b0370
03baffa5
ff6a01fa
0202ffee
0e36f9f8
048906ac
f600009e
f6220134
fe6bfad1
0263f6f2
033ffc01
ff140160
02d905d9
00f9fbcf
f6e701bb
003b034e
0118fca3
fbe3f89d
0208fb67
0e180328
0c4b0311
fd560579
fe6cfec7
ff59fd97
fc0b0161
00c8ff21
0645fada
083cfe24
fb8b0365
fb9ef92a
007bfb5d
f80501a2
02a4fb58
08c3fc28
fc63fe71
00d50287
050e050f
01affd18
047c042c
fda3048a
f5bf008f
ff0c0668
036dfab7
fb9c0384
f99807b3
f860032f
fd1202c3
0241fe21
fc8107c1
024bfe89
fd69000c
f971fe7b
01c2fdd2
fd7103b4
fe6cf475
fe7904f7
00120325
0333f9fb
f92f0180
f82afe91
0004025a
012fff06
0141fcdc
074dfd69
034c00a0
fa0401e4
fcd2fd58
00950074
0487fe93
f77bfa17
f681fad7
fbaf003b
fcc8fa0f
0854fffc
fc4c07b2
002a0470
0134003e
f13f02cb
016e01cb
0031fc86
fc8bffb1
f4b8f7d6
f44c024b
02bc05a7
fec4fa51
fcf007ba
f877014e
020505a0
06f50628
024efe33
082804a0
fdb2fb48
fb31fa97
f8cafe2f
02580186
0a040022
fa36fcb6
fd31ff85
025900aa
0267fe77
0a49f8f5
06ffffa4
ffd9feb1
06c0038d
03ec0367
fdfdf2bf
fe24f7c3
fa9b0649
fe780649
ff4ff4bd
04fe00e4
022808c2
fe6cfcfc
06b302a6
053b022f
ffc302c8
f559fbda
0116feef
072d05d3
f898f77d
ffeafe96
05940267
fda3ff30
f8ae030a
0132feec
f7f8f541
f4ecf60a
fe8afd0d
f81cfc1f
007cff88
fe86f649
fe07fd07
00ff0a4b
fabcf84e
fd330275
fd120a41
0021052d
fe110a15
07d9fc36
0763fbb9
f9def8c0
061b0186
06de0cf2
068ffb6f
0400fc1f
faf8fc42
00eef8c0
f75d00ff
f5eeff45
0845ff12
ffb9fdfc
fb69fc22
04d7fb8f
0366fadf
098b0498
017b0213
fd54f9b6
078e0563
07f7feec
0404f5fc
ffc902fe
0717fd0d
025d0288
fcca0bb9
089800fd
01ebfe76
f9db024d
fd5f058d
fc9e055f
f5260b2f
ff8a0826
0a01080a
fbd40c02
fdf3020b
fe1b0771
f6daffb2
00fbf344
01c7fa9b
00d6ff60
feb204f4
ffca0a7c
03cd09cb
05defb5c
0dcbfb53
007b049b
fc22fcab
fb190214
f9530248
0339fcc7
02d30167
060cff8d
fa2605fc
fbfe0815
00cdffff
f9abfa87
0711fe3c
f32d04db
ee18fe62
01fdfcdf
04b80274
00e70151
fbfcfcb5
06b1fe2f
03400731
000afd9d
0312042c
0546fff2
0055faa9
fc2206d7
f66a038e
f6b9f710
fc3b019e
ffb802fb
fa3e027c
f8f20430
0209f76b
065efe84
006504c3
fe13067d
01030641
f91ef7bc
ffaa039f
044f0b88
fb14fddf
fe7bfb5e
00ac0266
007a03f0
02bc030a
feef09ee
fe8502bf
fd360114
f91b051c
fb11fac7
0112fef8
fe6afeea
fbd30295
062e050e
073bfdae
ffebf848
01c3f924
008a0790
fc110354
004cf783
019cf7b1
f9e9fe12
ffc007c1
ff79fd9e
fd3b044c
fd830049
f763f9ad
075f0769
000bff29
f93606da
09e70340
fdc801d5
f9360933
f8aaf338
02430221
06f20b10
f7aa0311
02dd07cd
0233fb54
fc9b02b2
fd27003b
fe0ef873
05d30c2a
ffd400c6
0283f57f
04240547
0403036b
070ffdc2
078105dd
0b4805b8
0310fdd5
087effa0
0b880e51
f99ffdae
fa5ef1fd
009105a4
07b1037f
04940159
f9770176
ffb30092
f8fb0492
fcf400fc
048101b8
f998fb07
036cfb11
04410627
0381fd6a
039cfa8a
f63e066e
f9faff40
fdaefcdf
fdd0ff34
ff19f8f1
faeb04b4
03610089
07b8f5e8
f9a603fb
fe3806e6
0be3ff0d
0156ff6c
03e30128
0d27001e
0727027d
f94bfabb
0012ffb7
090b0562
fa6ef9ac
fb950201
f76804ef
f5e8fc14
02c4fead
027aff5e
0117f464
03f7fd4f
06d30c95
fc1b0056
00b4fb96
03d7fcee
f824fe70
0509fce2
02f7fb92
fb1004e1
0038fa4a
fa1bf5e3
fc7203fc
04a4ffd8
fc9cff0f
fb7703a6
0556fdd6
fea6041a
02f4fd80
0351faa6
f8fd060d
fc6afef6
f93d02a8
ff6bf8ea
0039f97f
fe0f0223
0b41fcc7
ffe30388
fa02fefc
0080046d
067d031e
0ab300b8
053b03a3
feb4fd83
ff93faf2
02ee008f
f62d0aef
fbf60040
03830666
fba10531
0367020d
f9e405a0
ff0bf0d5
034afd53
fa02f962
0785fc52
00ce054e
0258fb63
0212010d
fc3efabe
fd6dff54
f4dafea6
fe8ffeab
fe9ffbdc
f6b8fe61
fb45096c
041b066a
1129ffa0
0f93f38d
07e9ff09
0389ff3e
ff2efed1
fe68fb1c
0148f621
ffd000ce
fe63f6e5
0501ffa6
038cf7f1
ff67f6ef
ff58021c
fce2f799
034b01f1
ff8ffbe7
f66bf5ec
0431f79c
008104f7
f3e30691
fed0fa09
0029fc35
fc41fdfe
00f50640
01aa0589
fef1001a
01f20205
fc8c0033
f6b6ff10
002d0ba8
050e0ad9
fc29fbc8
fac7047b
008afc3e
fa5f029b
fea306d1
03e5f6ea
fd09feec
0482f98f
fd24fc5f
fd1c0086
08150335
05a2048c
0204fee0
f8f706b5
056b0675
ff3a0396
f785f662
07e6f42b
03a303ba
027e00a7
003b0508
02c108b4
0050fcde
f90efbf3
fdb7f9d8
04d7fba5
053003ea
01350392
07f30081
ffe1faad
016dfea2
09090696
fdbd050a
0f32011e
0d96fd9d
02f20344
08ca01ab
f84703ff
fab90581
062d01d6
ff5902c2
00b3fce2
fd2b0045
f1acfdbd
f7350002
034c0aff
00600281
ff8e0163
044f032d
011e0087
fd94fa12
ffe7fbf9
f9d703a0
fad1034f
02cffe9e
0120fc58
fd7f087a
fdad0616
fca6043b
00b104a3
0597fe79
f8a2fe09
f9a2f7ef
0643f475
fda5fc13
fd210075
fc8efb34
fa92fa22
0898ffec
02f305ad
fb0d00a3
f814ff76
f9f30264
06dcf74b
fc8c008a
f61e07c9
00dffa0f
03b9fd83
fdcb0185
fc440211
fde80326
f6730119
fc6cff63
fddbfdca
f95ffa4e
0391fae0
019b009f
00effe20
fd61fc0a
fbe206cc
05a00353
01380781
fbd3f8f2
fe65f9ef
084d0473
00c40162
fd42fbf2
fcfbff03
ffa5000d
03d2032d
fe52fbab
051ffa71
fed6fd39
f7a8f4c5
fb81031e
fa780012
fcc0fe2a
fd980312
f7cafc51
010efdac
111bfe0f
f89205f8
f567fc72
ffc2fe82
f98903d3
0cb5f86c
02640201
fc380c83
0a76045b
0126fd4f
fb0908c8
f920033a
fb4ffd93
01230349
046b02ea
fed2019a
fa290208
016a00a0
ff1ff35b
fcff0785
ffab098d
f78ef5fe
f1c5fd46
ffeafe43
03d5063b
fdcdfb28
0caffa79
060f0940
f4aefe0b
00fbfe9d
02bfff4e
049f01cb
09a30061
fc77f549
00cdf32a
fd5b02f3
f6db03c5
049603c2
feb90f10
fd6c03b9
017efdd6
feccfa9c
ffed060e
f8740b17
f65d01db
06840316
0b58fa19
fe48f843
0041f9ee
fee8026b
f4b20779
0119fe91
02ac0035
f90604f5
00f40720
04c80211
fff3049a
ffcd0091
0093f801
fb81f80e
faecfc0c
ff0dfead
fb4efff6
008b03d7
05b203b0
00f10511
0234fe7f
fcdc019e
fff20088
07d5f464
fff8fa29
003ffe62
04ab065c
02a40b21
039f0315
02b6fd4a
ff2801f8
07bffdbd
01a6f729
fe35025a
08c9f662
0128f667
038ff9f8
faecfd5b
f1af04fd
ffc6f594
041d0256
03f8ffd1
fce00091
fc530ab7
fdfafd2c
03300014
0888fe06
ff3d0a57
026b087f
fc75fe08
fa2b055b
0584fe37
fd310251
fd450333
01a405e4
0246012b
fb1ef7cf
f707fff2
052301ac
013701fa
fd0b016c
04d8044c
fd060072
fca9f9d2
05f7fe2a
086aff3b
fe960142
f87cfd50
f75ffc53
fa85fe64
02b1fdfc
f6870a52
fed0054a
07b3fa6d
fc62016d
f8ecfffd
f08afddf
fd56ff65
0cc4fe4f
06fc03ac
fe69fe32
fcb3fd75
faa404b9
fbdaf659
0b35f79b
023e0376
030e0319
044e066d
ffcafb77
09bffee1
011c07b1
0609f847
02b8f879
fb2e042f
07a5062c
0bd1fda5
03fcff33
fa4d0671
07560339
0894053c
fdbe00c9
02d60239
092106f2
fd850261
f71902b1
043bfa11
fd98faee
f9b5fe2f
ffc0f79e
0388039f
025cfd93
fcd5f6ba
00a5fe7c
0107fd9d
09a406ed
04a4031b
ff0203ce
07f300a7
0724fe6e
01e80b5a
00220340
ffff03c8
0037023f
087b0130
00e103fb
00ccf7da
0ae2feb7
00ce0110
035200a0
ff5d01c8
fd540397
01f50028
fdcaf970
006a09c7
00e10277
ffd3f6e8
01f0057d
029108ed
fdcafdfa
056a0015
0262ffcd
f910f92d
fe41046a
fb26fb44
04adf6b9
fe53ffd7
f4dbf9aa
0555fbbb
fd46f545
fda3fb76
029003ef
fb9afd99
009707ce
02c5032b
032fffb4
fd16ff99
01c600aa
028b0590
fddaf8f7
0251faa7
f8a6085c
09090029
0788ffae
f42f01bf
005a03ab
fa4d0b05
fae3042b
fd4dfe7e
fb96fc46
faff0156
f4fe0662
f6bbfc32
fb5f0130
051c02ae
006ffe76
037e0127
04b4fe33
0169022e
fefe0042
f733004f
01350359
f6f6f708
fbaaf695
0158ff3a
fa5e03cb
09befe04
0476fac7
ffe500b3
ffedfa9a
01d6fd3b
fe790688
f8df03e7
05b6f9d0
04d8fbe4
fe460940
fef701c8
0327fc45
00b4fcf7
ff80ffcf
fd7b0478
0443fdd5
070f0333
0307fdd4
0874f4b8
fb9afcf3
ff01fb15
0177fcad
fc42fea2
0138f768
02a00097
06440f7e
f8bcf9f1
008ef4ce
0102ff57
fb20fb0a
0af60a94
fe4f02e6
f32cffec
ff040c1b
02070055
f5e6fd5f
fb72fa2e
0213fea8
0115070c
faac010c
facf079f
feaff7a0
fdddf01e
fce801d3
07bd006a
fe26f6ce
ff21f7c6
0f1d0452
03c5fdb1
fdc1f7be
fd29fbf9
f7980091
04e8013e
0ad9f9de
01b100e2
f93cfa64
f375fc2a
084f04d8
0a18f9d2
038500c1
0983009c
f874f6b0
f8540379
037106bc
03cc0175
fdd3024e
0072fdd2
ff410190
007eff87
01b2fa8c
fe39fb89
078efc75
faadfeb9
fa05f9f6
f8f4f9b4
fbeb0092
074704ef
f50d0120
ff8e00cd
043d0968
ffd40720
01390326
fadc0088
0991fcd6
0347fb62
f9300118
fdec0491
fdc5ffbd
f777027c
fbacfcd1
02cdfe1a
fa8c06c0
027403ca
fedffc7f
fac3026b
048605de
ff97f9ea
fd3cfe20
fdaa059b
fa6b0b5a
fea30096
01edf47d
fa57fe25
fcb8f4e2
fef6f89d
fbf6026d
0259040b
0359ff57
04adf2a2
0ac604b0
02d90a0a
fb56fa76
01f3ffd4
fd900901
fef000dd
00abf9e5
fc92fb1b
0cbcf80e
05d4fda3
f912ff82
0574fb02
02e90130
f9a903a9
fe7afa8d
ffabfcd0
0213094d
0874faa2
02bc00dd
fc7505a9
f9b6fd3c
ff370a62
0418ff05
ff7ffba3
fa6702eb
fe6704f0
0a0ffb1e
012ef45a
fec6091b
028a029d
01ea0343
fefa06b5
f61d0012
01790445
ffd6fbba
fe50fd88
0ac8ff9a
037902ee
fbbe0149
038e020e
03220cc8
f8800913
01d8014f
fd99fa01
fbdd045a
0a560188
f5a3fa6a
f5d407ee
fc96fb32
fc4ef9f1
0687fe7e
fdf0f949
0236f058
0090f927
f9b20513
057cfa62
05c9fded
070702a3
075500e6
0135fc4d
fc5afa29
f7b8fc6b
0068fc19
fb3bfaaa
f98f0031
fd981319
f92003b4
022afc73
fc18000b
fb6bfbac
fbfe0286
fe0efa7b
0cbf0120
fb0d03c7
ff780406
03f90cb1
f8ecffff
0a440540
0b54ff82
004dfc32
fa960552
046f0354
030008a6
f9a5fcb5
035afbfd
001711d4
03fc0657
0610f918
0089fe58
035b005a
fb8803cb
fb2fff49
060df9bb
028af65b
016afb7b
07810221
01b3fa2e
0135f8fe
ff8ff78b
0386fde0
08be0285
f99afa21
feca089f
feac0eb6
f7e8ff14
00c4fc4e
fe4c0681
0071fe6c
fc0b0285
fbef0b0b
0342faf8
fd8409a6
00e40a60
03640314
ff6c0c57
ff41018a
03b80081
ff42faa5
f956ff63
fc5008a8
f690006c
fa4b04e9
013afda5
01e0fa3d
0138016f
fc5e0439
ff6a03b6
fdda00a2
fa260095
fb5bf571
f6d4fdc5
fe44ffda
033dfbc6
fc800e92
ff500065
ff3b04ff
f8960c1b
fff7f998
0263028f
fff2fa85
feb0fae0
ff100643
022f0396
ffbf06df
00f101ac
fe61ff26
009aff53
01c30015
030fff96
04e403c2
0270014c
0544fe10
fb26fdb4
0585f952
0766056b
ff10fac5
fd2cf596
fa0201ed
074403ae
fa8e07d4
f9e5fd3e
01cffe15
fe25fc44
058afbb9
022d0c13
02160265
fdfbfeef
0c750399
0613fc9a
fdbdfa97
0e4d010a
fbe7fcd0
faabf928
fa5f053d
01c20470
07f8fae4
fbacfbb2
0335fb94
fd37f8d4
fd5fffc9
ff96fbeb
fc07f8ef
f9e4fe32
ff7cf891
01a001cb
f9c00374
fd0bfbe3
f737fd3e
0756fbe6
0e09f86b
fd8bfd6b
02570884
0829fad5
074efbcb
01080f62
03a202f8
06bbfb69
02effc4d
fc33f7cb
ffd30558
0a020864
000e017a
0274f7b8
ff82f29c
fe5309da
085707c8
00fe0375
01f10850
064ef65a
f9d8f97e
fac10591
ff6c03aa
fd47fed3
023c0046
feeeff85
00a9003b
058bff32
013afac6
fb36029d
fcd6011e
fb0d0a92
fcf703f4
012cfbea
fc41fcd8
fa2900e3
0a1201ce
07b2fef8
f9d50183
fb65fda4
fb95f9bf
0438ff9d
ffd2f7b0
fe8cf451
074c02b0
f3f806e4
fd860063
091c010f
f94bfd81
fcc6fa06
fbcb0824
0cc50114
08f3f800
fd8d0548
095603c3
fbcc0201
00f50080
fe3d00be
fbfdfb9b
024ffd0e
f62bffb8
0128fca9
fd7f063d
0262ffa6
065e0229
00bf02cf
0536f9ef
fdd202c3
03d7024e
ff43fc46
ffbbfa4a
09f4040e
00850225
fcfcfc5f
fdd6fd33
026df878
076902ac
058e0211
fc6606a4
01e9ffa2
034ef5ac
f7d005b9
00d3f8d7
09b2f910
050a013c
011cfadf
05cd006e
f93dfb7d
f47dfa5c
020dfe6d
0164fd70
0733003e
0cde0483
07570410
0049fcc6
049cf851
0920f9de
06e801f6
051eff72
fa30f729
ff5605f5
ff7b068e
01b9fb84
066c01a7
ff05fe70
0db0fae2
0a28fbfe
fcd0ffcf
fb5a072e
ff110139
0161fc5f
fc75fa3c
fccffcd9
f6620074
0273fa9b
fd420172
f9f70346
0831fa3a
f9640324
016004d6
0300fe26
fd5b0288
079d07ab
fd2e02bc
f5bffe24
fed60747
07ba016f
fcaefbd9
fc4e010d
01e1ff19
fb020241
fb8ffe2d
f7370104
000b03ac
0145fe71
fbb0038c
f976fbad
fa27f77f
fcaaf9c0
fd7bf835
10c60055
01ff0a16
f5860608
093afd99
f8c406b7
f8700803
04e10604
fcdbffc5
fc64fc3e
0246021d
feb2fb93
f879fdae
fc0cff04
008cffef
008d012a
f1d7fde5
f5d0fc92
fe7f0078
ff92039d
075e042f
fa1a0893
fca4fefa
00f1fe0f
f7f606b4
f8610b95
f9ab09d9
0983fb4e
0c9801d0
00920046
02a6f8db
083701e2
04300213
0343f808
fe18f848
fb00ffe6
0152fbbf
04effb90
0196fa44
fbc0f959
fdc701bc
feecfd1c
06c2ff49
00acfd03
fb27ff6e
031c016c
f71ffbe2
0050059d
03b301ce
00800417
070d012d
f9f6fa05
faa401f2
f97d0555
fed40825
0644f7fe
fc8ffae4
f9e4087f
01090200
01d90cc6
fefd01b1
fea8ff10
054a0be6
0b00ffdc
ff9dfd95
024a02c2
fc61031c
f102fba2
ffadfd90
fb8f062d
029e053c
fdaffd6b
fd5ff6ed
090901f3
0353fadb
0ab0fb97
ff6d06c6
01c000d1
052bfb74
f9a5f9be
02ac0522
00bfffab
f6c0f9c7
fee5fef1
09eef85f
fe1cfc8e
fb4dfe54
f6ef0188
032cff87
0a0bfdbc
f7ab0231
0799fc3d
036ff553
fbdcf34c
fe250070
fb090275
ff360452
fa1f03f1
fca4fd83
03c60016
0ac4fc9e
fcb80486
f7ec0036
f6a2fad3
f43bfe6c
03da0072
fc170497
03cdfe09
0a1703bf
fe02fda5
ffa3fcd9
054905d8
00c2fe48
f68704d6
f943066d
fc870382
054ffdda
0121f9ca
f823fced
ffb2fe14
071005b5
082f0217
03dd0262
0355034b
04e5fc13
0760fed2
f825fd84
f678fda4
ffbafd66
ff1b0662
027a0c3c
f8affb82
04cafc21
0382015f
037103f9
051508ee
f6cd014c
093800c2
031e0770
feb2ff4e
04a5f867
fcdc00e3
fd410165
f3770150
024e0571
0575fee4
fc6afc17
fe2afe21
f4fefe6f
fab3fe43
04450044
024afb5e
fdacfa11
01d50a17
028c06bd
fcbbfb17
0141faaa
04ddfa61
018304d0
07d3fd24
0aecfaa4
ff5b080c
f63cf667
fe70fda5
01b2098b
0041f996
03dffc00
f7dffe55
022d0bc6
09df0680
fa61fecf
fed509b9
fd84fc1b
006c0158
ff23fe40
029efaee
079c03e1
fc6e0687
05f9f992
081dfe82
fbfc0ac4
fd020da2
fb1b08b7
f4c3f93b
fe4b0738
01a50166
f8e6fd56
fe060259
0355f8b3
08df028c
06ebfcc8
fc240232
07430386
072dfafa
ff75ff91
ff60fa1b
f6e2fea2
fd74faf3
084bf5cf
072ffd76
fc1f035a
fd7ffd1f
03850089
fe240531
0358020c
03630666
0234f4a6
068cf88c
053e0673
0687ffbe
ff7107de
f9f80082
02b2ff6a
02a204c6
fbebfc28
fe5bffea
078d01cb
fe0af9a9
f289fb95
fb38fc47
fe9dfbe8
fc220125
fe33fc31
fcfc00f9
00a2085f
01d7ff42
02f4fbba
092bf8ad
00d2f8b6
fb5607bc
ff620352
01acfaf6
0b5601c7
014d022e
f70bfcf4
ff99fde2
f97708a8
f0c7073b
f7ab01d4
ff9000ea
014d014d
000101c6
086a02b1
0a8007f1
ff5bfbc6
02ab02cb
feb00c54
fe76fd5c
075f0490
0025fe00
0521fb2a
fef000d0
fe4c0064
0ad004e4
f982ffeb
fcf6058c
0632ff5e
0002fbe2
fbeff756
f9b0fbaa
07e807ef
042ef9b8
feb30c21
05c606ba
ff22fd0a
fee708a8
ff77f898
fdee055e
fe1f00a7
020ff901
fb0a0ac5
f91002e9
fef40760
fe520299
01c5fdc3
0158090f
029cfc05
06b6041a
0b97098a
00b6fc7c
f82b026a
0a72fc6c
0096fc66
fad4ff5f
fcb70085
fcbafdbe
0694fe31
047a0539
0a3af752
03d4fc43
feb00687
02020247
02b7fc89
0032fb26
f6b10261
f39afb20
f39f007a
0344ff62
0357faa0
fd75fe11
ffbcfa5f
f9540001
00f50033
0497fd62
03c9fcdd
00de0035
044f043e
fccbfe81
fdf2f708
0ac7fb10
fb8c0339
0003fddf
f95b0224
f51af9a4
fed6f538
03180572
0ab7014e
0116f980
0491fe1c
fd7601ad
004bfc02
058a0002
fd8a00f6
0945f541
ffe4fe72
ff5705ae
fa700225
f98e0339
059bff96
00e4fe75
058cffde
fcf9fd69
f80204bf
fa92fe19
0290fade
ffee0558
f4c0025e
008d057a
fd48f321
f77bf054
fd570691
fdcafa57
fb7cfcde
fae7fce0
ff19f759
f91303c5
01a302c9
09a40173
f5ca06aa
0379026a
0cbdfde6
fb2dfb9a
0412f82d
ffccfff2
02ac01cb
0ca2f39a
fb57f1c4
020d0465
06610aa9
0271f8c3
0071fc97
0036feee
0597fd10
fd1705cb
fec1014c
fed0ffdd
02b1001a
01cafe25
f7b1001f
03c403cc
0167009d
fa9a0272
fe46055f
00a0f829
0330fbf9
fe50fb8c
014cf969
01ee0265
fde90049
037806f2
00a90376
fbe8fbc9
ffddfea9
02e3f6bf
ff24fd2b
fe3607f6
fbf7052c
f805007f
fb3efb26
ff4a00e3
fedd0320
ff60fc62
02c4071f
01e40888
03f7fc03
073c00ca
fddd0360
f9a2fd6b
ffab0224
020f0252
fc120097
01bd0a90
03d40385
fd50ff88
090a05c4
066bfd88
031300df
030106dc
fa82fcdf
0390f764
008302fe
fabd0957
031a00cd
0617fd99
f9d3000a
faf6fe7f
03affd4a
f6a90131
ff3bfc3b
03fff95b
fe3cff86
01fc0099
fbc1fca4
02d0fa99
03520561
fad6ffcc
fc32fba7
047803e0
0327fcdc
faa701c0
fa30028d
ffa90480
fe7b085c
f865ff0f
0839031e
03990793
f4daff61
f21e00b8
f544fd93
02e3f394
f88300dd
fea502a6
009ef82c
fd2cfed4
080c00db
000f08c8
05b805cb
fd06fd97
fe8d0843
06db0512
ffbaff3f
051bfdef
fed0f7a2
04f6fca5
0c160523
04d10610
fb33fe33
025dfc93
00a403b6
faaf0030
ff9d0316
faec04e1
0be1fee6
08ba0453
f85b06b6
fc93ffba
ff1efec9
fb300497
065efcaa
0675f87c
fbfcfb17
fdae03e9
ffcefe8c
fc86fd7d
fa2204c6
fe5804bf
072afa79
0217fb21
fae1009f
fe86f6cb
f9430624
f902fead
fe43f799
fbbd08f0
feb5f7f3
fb0dfc31
fb9107bf
fe0bffc7
fc18ff70
fd7bfd9d
f6a600b6
0143027b
0c6004ec
018f071b
fa72fcb7
f9e4004c
013d0a32
06e306e9
00cd0857
04f80420
03f60152
fe1203c3
03fefd06
033f010b
054bfd95
03bfff27
011d0707
074f0319
0312fbf0
00cdfa82
fa270720
02b202aa
0a2304e9
fb040d39
feedfe5e
02a8fcbc
fbfa0313
fb25fe7c
ff4b0286
fb2e0317
fd4afe34
0c35062a
081a06f9
ff6201a4
fe970198
077afe92
04500088
f696fda5
fb1eff36
01f0f7de
fcbff58c
fe370661
03d4087f
f767085d
f96c024c
fb7d0468
fd370430
075203c5
001906bb
041ff9e7
077f008e
030ffcda
ff5ff617
fc5e0051
fb45f8c2
f8bdff23
03a1fbde
fe3af54c
01f9ffa5
0b01fcef
02b70006
fc03fea8
fae3fa9b
04af0b7b
fbe907ba
faf1fc6b
04ff02d8
fc61fff2
feeafc82
fdebfd5a
f988f4f6
0074fbb8
03e1008b
fa0df9ac
f8f503e5
002a0d1a
065f0985
08790675
fd1df821
03e4f723
fc5b0646
f69e00af
05abf94c
fce4fc1a
fbf7f9b3
fd5102e8
fd7904a5
01bbfcbc
039e00f4
059bf811
02510064
04d108ee
011dfabd
fdd70622
01d10352
053ef8b7
01a2fbfe
002102bf
02830672
f615fe2c
fa4f02c6
05edf753
ffa7f498
ffff0433
0172fd94
000f036a
00610364
fd2cf819
fb8afbe4
054f04fc
04b8012d
feb4fdb9
fd6a0247
fc69fe0d
037604ca
0229fa60
fe17f914
04f409af
02bb0002
fc07027f
014c021c
02890133
f9b501dc
fbbff84c
ff4405c9
ff8100e2
0583fab0
01510356
ff9a0604
ffda0244
fcb1f9c2
fd0cfe29
f8dafa68
fecd00b7
02260266
fe26f55b
02bcffdd
045bfbdc
fed7f95d
fcfe038b
02fbff39
00dcfbe0
0920f59d
088df94b
fc21035f
0e860182
066d0b85
027e0a05
0c2e012f
0074032b
0824f80b
fe11fdab
faeb082d
042efcf0
00f0fd49
0062fda3
f429ff04
fd4e00fe
07890650
0004ffa5
006af84a
febd0aff
fe9e082f
010a07a4
fdef065c
fc6bfe86
06ac09eb
02940289
fc83036c
02af0294
060dff83
fd29009e
f95afd34
066804e8
0211fc0c
00bf045d
062b0609
04fafe3b
04a802cb
f8bcf73b
fd64f664
04baf9fe
00ec0238
ff5204f1
fe9afccd
0393fc7d
085700e8
03140493
fe14f794
08a1005b
013b087d
fd97fa52
ffe1fbe5
fe3600bf
07db00be
fd14fc41
ff7dffda
ff560924
fb7a03a3
fdb6fcb3
f09d04d9
f9ecff3e
0461f848
05cb02bb
fcf0f8e0
fbd9f1b6
fe4ffc33
fb150268
0a4b0167
055ffa0b
07bc0853
fd8e05e7
f3bffeba
05ec0433
fadff942
feaaffd8
05b1fdb3
0389ffd2
fbb605fb
f6baf4e6
06f8026e
05b901fe
fc09f94c
f4d60902
032cfff5
01e4fc11
f5760060
00d8fd43
025b003f
fe6a0094
f749fbba
ff6afcae
0144ffa4
fa70fc96
06240409
090f034a
039efa74
fc53ff9a
00f2ff01
010cfbb2
f9eefc42
fb42000a
084004f1
04f90097
fdcdfab5
0903fbf7
f731fc07
fe6df89b
0743fb1f
f627ff5a
073efc7c
0189f9e2
f76afeea
ff6bfe6d
fe7cfc6a
013dfc18
fbe6f810
fe260204
001e0e53
fa5803a6
0031f93f
fdb8fa7d
f975fdbd
002cfbd6
0015f73a
03dafc62
00ff0280
f991083e
013807ba
01fb085d
ff8afda9
0682fea5
08d1040a
fddb0031
fbf7079a
fef3fcef
0031003c
090c055d
f7f2fee8
f92e02f9
0c29fafd
f91e00a7
f900ff1e
03b1fe24
005d0495
ff7df5a4
fd83fb59
fe9e0114
f44dfab3
ff1802da
0e8b040d
00c3ff40
017d0037
02d2ff7c
fdf6f646
0006fe2a
088c03af
0768f738
ff7af4f2
0752f919
fd0f0037
fce5ffc0
04c8005c
fcd801f7
feb1f566
fbe8f56b
001ffdba
fc2eff5a
00ed00c3
0013ffe6
f4e2fe1d
099600ae
01be02a5
ffd2ff66
0488fc80
f97afed8
fb9202ed
f9770399
f9f00401
fb7700c7
083302ee
02920633
fbc7fae4
0b16fef2
040d04d2
fdd7fe20
0185fa5a
074900f4
04340999
fcc9f8e8
f5f9f55f
fa190768
009a0699
f8b6fcb3
fb88fc94
fb160473
0053fa0c
00cbfa8d
fb950803
ff8f0591
fe07fcf4
fe52f7fd
fde003c5
0d6e0b21
0a4c0536
fc30fe71
fca6ffac
fd4dff07
fb65fbe5
f295fcdb
00f4f42f
03a8fb87
fba7fe5e
fc1004e2
f925073a
fe26fb19
0049fc7c
02d7f4c5
f98fff52
fe8fff70
0268fa9e
027008a8
058b02d2
01f20c95
0920046a
fc1af8da
f9a502a3
fc9bfe83
fe140323
09fe05bb
fba2ff70
02baf422
05b9fc2b
fba60465
feb4fa70
fe0701d4
fe8b014e
fc71ffb6
0192000f
0051f892
fd2eff9b
01b105d6
fb630653
f7e30d02
fe45063b
0152fa64
fbbd0692
fb0a01fe
fcfffaad
042308cf
0d2fff30
03d8ffc0
fa90049e
fe170321
ffedfc3a
fcf1f1ea
f8a107dd
fb6c0824
04f10395
02ac0484
053bfbbc
0852ff43
08f1f488
01a1019b
fe3b03db
ff67f993
fcad0822
084afb40
064effc0
07d3011a
0b7efdfb
f9d70362
fcc2f7f1
f9d4fbf7
01e703a6
03810da3
f8f50709
059b0024
faa7030a
fc71ffac
0cff0260
0a3cfc25
030809b3
fa950bc0
00c3ffa2
047a07c8
021600c6
fb490330
fbfb01ff
0549f6df
00cafbb8
f9f8feb7
021cfb22
02dcfcad
ff5ffc0f
06e2fa75
ffaf0101
fdd4064a
06a803b2
004efea6
fdbf03a5
00a801d6
050dfd69
00c904b9
fccafa6b
0077fd07
0440037c
0691fb32
fe010130
f707f783
fe20fbef
054c0d0f
ffcdfb01
0041fc69
fa9004ce
fb30fdbf
03ec0c1b
ffec04c7
0cb3fca0
0cca09ff
f9900258
04510316
07a10470
fc0efc98
fd4d0aa9
004e0c5e
fd3b0495
fa620365
0313002c
046d005b
00050078
0344fee7
fa84fbda
fa34fe3f
fbc00008
fe4bf83d
02d6fa89
fe2afb9f
00d8f3c6
019800b7
0299fe42
fef0fb37
f8e202b5
fca2fcb4
ff920008
017ffb7f
fc41037d
ffcf03b4
03eaf8bd
0028094f
fc6f00c7
fb79f7a0
038e02a5
02ea04f6
01b7018a
007e0216
f9ec0511
f655ffc2
f92807eb
fd4f0532
0245f983
03c4f7d5
fd87f9ee
056dfead
00c6f656
fd14fb98
053f007a
fdea0192
fce70655
027cfbd4
004bf9f3
f96ffdf2
f8f9feef
fe74fe2f
06a1fedc
05a603fd
f92bff8c
fd45f682
ffb6f8ad
03a2ff5e
078ffd79
04ab02c2
fd750200
f664fc4a
f8eb03f4
f98503d7
01e7ff0d
04030563
ff4a09a0
ff5dfe78
f74cfe15
0250fdcb
00a20056
fdd10a55
feedf776
fae1fa6d
083709b3
fd39fa05
fdfff9ad
02c0029c
fb3101e1
09adfbb4
031afd15
ff20fe88
015ef351
fd43005c
01630ec6
01150127
008e01c1
015501db
00660315
0345015f
0489fe5d
0462ff48
fc1302de
021604fa
001cff2f
f97efec6
fe21ff80
fe8dfd11
fa050236
f72ffea9
fb02f853
0229f9ed
04a9011b
fdea04f6
045afbfb
01e6fc08
f6abf9bd
042dfa5d
0839f8e8
089df9f9
08960706
fda302d0
fd0afce6
fae4016c
04ed0a1c
071c0264
fab2f912
ff4d054a
0144ff17
0805fa25
0b7dfbb0
fd07ffd1
fc5afe35
03cefe39
00b308e0
fb56f450
f9a6f516
fcda005b
fff2f5b0
01d7fcfd
01d109de
013a0502
044ff944
01b6000f
03b2fbc1
02ccfbfd
fe720106
ffc7feae
f91b0a06
f5ff05bd
fe4500d4
fbe1fc81
f9dffcab
fdebfddf
ffe8fdd2
ffa80ec3
fde303be
f90200f2
fdb9045a
079af3b5
fc5a006a
fd800326
ff2efb92
f98603d9
03e90394
f73a0042
fd8e02f7
023afe19
f21efdd7
0220f85b
0271f944
015300a0
0671f3d4
ff6600b6
010f0b5a
fc4c04f1
fa8f06fe
05b3fde7
08a701a1
fbef0411
ff50f67b
026ff8cd
fa03001d
040ffb4e
0267f7d1
faa50166
fb5e021c
ffd5fe74
040f0084
02960280
0413f96b
ff35f8fe
01e2006e
066300d9
ff90fe22
fb8efa3e
fb0a052b
00e90109
0238fb14
030f0a07
0834ff3b
02a1f1c8
00a9019e
00fd08ea
0320006f
05da0611
fd9d0cd7
04340114
0594f727
fcfefe7a
0062fe13
f7f20692
035c11c7
062afcc7
fd76fe3a
0c5306bc
0126fd94
fd56fccf
054d001c
000b0711
fd9a01a9
f8c9fe06
013b02f7
f6f003e5
f3d902ac
fad204a3
f344012f
06ecfbbc
054c0937
fb32fe97
02540554
fd9a08c8
057bf98f
0496040e
0270feb8
051a03e8
fdc2fc0c
ff5efe37
fe7702d0
0645f4d8
0cc4fbf0
0925f568
022bfcbc
fcea0102
fdc802cd
faed0310
f906f8ae
fc300864
046ffb3e
fd00faf7
f95902fb
0383feb4
fc020090
025dfa96
ffb60089
faf80314
f9bd0263
f323033d
fb6c0c9e
fdb9026f
0254f865
fcc50580
ffdefa2b
063bff92
fa820289
0308fffe
fe910095
0114f7e7
0751fcd2
fa0b00e2
f68f0711
fe16ffe8
073cf7ad
fca70b6a
fe1204c1
fb31fc57
f4d80850
03feff5c
06edff67
08e104c2
0259fccf
f89b005b
fc82fb96
03d1fde0
06eafef6
ffb2fd65
fe9300a4
fc8f050c
00c707be
07b6f6f2
011301c4
f7110797
fb0b06d2
013a063e
f918f847
fedf03a7
ff12f883
eeaafb55
f9d6035d
094bf7a4
007c01a3
fdb5f939
0339020f
ffe10a22
0245fba3
0370fe18
fc83fa40
0161fa1d
032d03a9
fd63ff8a
023afd37
fb1a05ac
ec0304b1
f70f016a
fd80fe9b
fed4fdd8
02560343
f8c5ffdd
ffc7fc22
012efd1a
012c01b3
0cd10603
033003fa
0154fc84
088ffeec
00a202c4
fd09fb05
fd4cffa2
fb77fb0f
f7a4fcec
f7aa055d
fc6a0112
03a803b7
060f00c3
fe04ffa3
fee9faae
0544fa86
fb550432
fd58fda1
066d00b9
0503ff3d
054f00b4
fde903d0
02100134
05df0607
01edfed7
0b090071
ff6c06b8
fed80035
0c7100fd
018a0031
04290418
099b0898
ff40fec7
fd6c0135
ffd302f2
02bb03c1
01ff03ce
fc1efddb
fcd003f4
0094ff68
ff1ef95a
ff43fdc1
025bfe97
fc23fb93
fe6ef746
05b4f8ce
0633ff30
000e0506
fac3ff68
049602d3
0472ffac
0265f58b
06ab0295
097b053a
092206bf
fc370a5e
fd0dfe79
021ffc08
fd8afb6f
f892083a
ff8806cf
043ff8cb
fac200cf
020e00da
081b05ca
07a40be6
f5220227
fd05fa40
fd4f01dc
fa8800fe
038c027c
f96c032f
02adf6e4
046bfec2
fd300823
034802d6
012cff8e
01effaa4
04dcf4cb
0400f9a7
ffdb0139
0060fe3f
fabc0384
f73f08af
fd76059f
fed2039d
fc83ff5c
fa15ffed
fe5c0111
fff4fa3d
06e701ba
0ff6020f
066ff8f1
0117fbc2
0445f7f2
fba3006a
fe0503a4
0143fbfa
000f02e4
03ba056c
fef80480
ffcafc79
0696fc71
0556fdb8
ffe2005e
0529082f
036bff9b
fcc000ac
007cfd45
fca5f97a
0115003e
ff7cf999
039bf815
065a01ac
fab70202
030d096f
006c084b
00f5fa03
fceffe23
f9fffe74
07b006b8
ffd90176
f71ef3bb
fd07fec9
0731fbb3
fa7cfde2
faae06c3
07700222
088f010d
07ce031e
f99dfede
0344fbe9
070105a5
fe10fef7
007c0667
f82e09a5
0369ffc8
05cb04bb
f6f6fb7c
f786ff5e
00f1030d
0043fe43
ffe305fd
00e80471
0020fdfc
00f6fd66
f7cdfe94
fb630017
04da055a
057a0846
08b203a8
03e1fe82
026604c7
08b0ff89
01d8eeb1
00b4f49e
00b30172
fa6706f7
05d9ff67
017efdad
03bffad5
02abfe18
fd470439
06ddf4b9
feb1fc95
05bdffca
0279031a
fd760b5b
0466fe10
faffff42
ff7c00d7
fc04056b
f959fc73
fed7fdac
04920067
fee3fb3c
ffef0683
062ffab5
f9620087
fc09fff7
fa16fb41
fc5408e2
01f6f65a
fa1dfd5f
f9a9020e
fb78fa0d
05f6ff24
00e9fc7d
fd880108
0047ffda
ff16ff93
fadef9ec
fc18fc4d
fed6ffba
f427fb4b
02040584
051ff951
0004f9e3
0596059a
0a90fe83
02b1fe8f
f42ffd0f
ff96fd8c
02cff9da
03ae0241
00710789
fb74ff6d
fe3207c8
ff8a03de
021afc9d
fd4efe26
0064fcab
f754ff92
fb4b0e04
07930f58
fe60008a
f7f50563
f7cafb1b
027df380
f548090b
fb960435
0ad0ffeb
fdf50227
f847fe8d
02f7039d
0a9bfd2e
fe7504af
0175032b
ff9ff745
0456015d
07cdfc74
fb290076
02eb0765
fed7fcab
fb10febd
f70cfa6c
faa6f2d6
fc09f010
f3c7faa4
039207a5
f9f90343
fa0c06cb
041eff59
037df949
03d903ef
fd38016f
079402b7
0588fd46
0031f8d4
ff19fd88
fd37ffe8
008c032a
fd89013a
0347fdb1
0133fe8c
fae904c3
fe75ff05
fd06f8f4
fe14077e
01c70324
06b9f755
0147028b
f87904c0
0718008e
028f00f1
ff310071
0b160029
fbf501b3
fa030199
fd05fae4
fe2bfd5e
03890445
f9f4f9b5
01eaf3fa
039cf56e
fff5fbb3
082cff61
046cfe8c
fefe0282
fbaefd68
faf8fbda
fd04fd22
ffd3fa0c
056dfc66
0072f83e
fe62f646
0844013f
00b205ce
00700341
02470073
fce0048b
01450601
f814fd4c
00a60522
050d095e
f845facc
fad90031
fcea01e6
02a5fbff
05e30222
068effdd
faeeffb2
f6610352
0137fdab
f7f10921
00290849
0cd2fedf
034a0693
01220303
01a10207
fbe6046f
01d10110
ff6afb18
ff1efff3
06f70ba9
fed4fd69
ffa7fab7
01b5ff67
00720484
ff510470
fa9d083f
f8350bd2
f9c6f729
0447fa98
fceafe35
fd72fb50
fdb60423
facffad4
0a78ff29
025103ce
f86800bd
fe5f0411
019a0114
0556003c
0c180109
071b01bb
fe3bff67
0234ff97
fb8efbf0
f493fa94
f993ff0b
fbb1001b
fef9fc36
fe4ffb40
fe33fead
05abfe33
00a307bc
03740f8e
086803da
044bffb9
09100199
fe13fc42
fbaafee8
00d706b3
f451fa50
f65dfc12
fcf2fb72
f62503a2
0624fe8f
07e1fd9d
0235f7e5
008e002f
fdef087a
06af01ad
02b9032b
073efb76
0701045c
fe2005c9
fe8e042d
00d60306
0648fefa
fdbcff8e
0121feee
01720622
fad4006f
056404ef
ffa702f6
fbe5046f
f6f6026a
fafefc57
02e20364
f5e7fe6e
fb850793
05f9fc62
07e70167
0a460b6b
0253faea
fe050356
fd7afd4e
ffa9fcc7
09fa0173
022d0582
faa40514
024dfd73
fe15fc9e
fee8fd7d
0305fea9
00aef764
08c5076c
01ae036d
fe09f98b
fe810118
f7bffd6c
f49005fb
f43efaca
fbe2fc40
fd380188
027afca2
042207fa
fe4b07c5
05ef03cb
07f801f2
07350710
041b02a4
0482fb7e
008205a9
f6370909
007cff22
012dfa2f
00af07c3
057302cb
0173f9d7
00c8ff45
fc32fc64
fe4f00aa
0283ff63
093800c3
0efa01bd
049fffb4
f838feb6
f88afa0f
086a00a1
04f00254
027efea2
025f0440
fc90ff5c
01b3fcec
fff30131
074d0334
034708e7
f974fdcf
ffd9fae6
fa61036f
febd0565
03fd0284
ffcef9a4
00c6fe05
0262fa80
00fd0176
fda601fd
05aff6ab
ff6c02cd
f197fcdc
fe50fc7c
0316fdd6
fb39f600
ffc90142
fdc806a9
f96905ed
ff24feec
ff86073b
fc6401f9
047df549
fda80341
f8030128
005ffdf3
f91dfacc
005ff991
04a5feae
fd50fc4d
fb5b08f8
f25e07c2
fff8fabc
fc6a0169
f412057e
0439fbde
017f0116
00c70551
0695f91e
050e0254
fe5d021b
047ff715
0575fe2f
fba50152
056c03e3
04b2025c
fed0fcf8
0104ff89
ff9a0739
0304fc0d
0523f6de
011a02e0
f3edfd55
f9a1fdec
0353f9d5
ff4bfdb1
0272fe74
07c8f568
0426060e
fe7e00bf
0032010e
fc79fe15
fa33f802
03960732
ffd9f93d
ff6df607
fef302db
0350f959
06eff996
fd2a0d01
058904ee
fcb4f5c6
f4250b55
04e60615
0257fcfc
05a00406
fdb4ff68
f5430044
0963ffde
07c90322
fbb9fcc3
fc01f645
00d4fc29
02df031e
00c500ea
fe62fd15
02bd01dc
064005eb
fc9006ed
049bf9ea
ff8bfac5
f8070193
0739fc44
0dfa061e
09f9062b
fcfd0574
ff87031d
04cafd18
02640565
ff7bfdb3
fb44fe2d
03610338
06a8fd2c
01fafe14
023ff4f2
03c9f754
00b30332
01af02ee
003a0acf
000afdab
07e7fca5
033effc7
0310f467
038d042a
f851fef4
f5c1fc42
03d60a5c
fd7cfc8c
fb72fbd6
0581fd00
03f1f7fa
0aa1fda2
fd8403b4
fb4a04b6
05690199
fce90274
01a502c7
fcf20186
007f05e2
02d702c2
ff56fe0e
0799fea7
ff4003de
ffc50596
01a8fb5b
f7b5f970
002cfbb9
ffcaf5f9
fc55ff90
06a80795
f935f860
fa0afc49
006e0609
fbd3f67f
0651003a
fdf004a4
fadeff19
00690740
05b8f6c4
facbfeda
fa350296
0204fc5d
f4d9ff01
0096f25f
f9890561
ffe80399
02e4fab9
eeb8045e
061eff6f
070604b6
ff51fb4e
f866ff43
f9bc064c
fd09fc7a
fafbfee0
06900347
072609a0
08f9ff9c
f7fbfccc
f9b70236
0264f33a
0100f666
046dfb0b
f9fcf795
02ae058c
04c70790
07a9ffb6
0034fffe
f71d00e0
fff10601
fe4d0400
062d05c2
fd9f07fa
f9710011
fbb6fed6
fd030165
028e0619
00b7fd6d
018d00ba
fa8402a4
fdeefb84
fc800647
fcf00097
faa9fd2a
fb8ef82c
02a2fa61
fcb503b0
fe3df5f6
f732fe21
05590460
00a506fd
03c3ff2d
030dfc16
fa0afe6e
065ffede
055a0278
fb08ffbc
01660425
fa82fa24
f781fbc8
fd370b6a
f9f9ff59
fc5dfbde
0303028f
061d0ab1
0830019f
0024fc14
fb3ffe34
03c7f3b1
ff7afc90
f707fedf
ff6ff820
ff4903ba
03b1ffa5
02c8fe4f
f80a086f
026cfc7a
00d6f965
fd5c0f25
008a039b
f8f5f1b7
05f40289
100bff52
0597fc81
fd1f0695
f832fe07
fb9106c5
fc280832
f84efad8
024cfdf1
0211ff3a
fca5fc21
ff420631
f7b505e1
f817fd5e
03a3068c
00e40679
fb2a0373
0744050b
0011043f
f9b407e1
0803fb28
0680f765
01c6fe14
f892fbfa
fc4f03a0
f9c50087
fa83f4c1
085bfa71
fe71fc98
020affaf
fe9f01f6
fe54f575
fce4fd8c
f4640913
03dc05bd
fbbc06c1
004000c0
fc72ff79
f67afd51
07a7fbd3
02140331
fbfb01a8
fb3c0515
04e50560
0178fec3
004f05b0
fcacff8c
f68a02d3
054d0d51
fdf1fb3a
f9b5f8b5
fd570246
fe42fdb3
f93efe0f
facbfe5c
01ab0071
f93704fc
fce8fc14
f61ef891
fe5f0978
06a205ce
05180094
0c860299
032ef6da
06eefb80
ff73fc72
fcc1fe3e
058f070e
f96bfb08
fdf6feec
026f0100
ff23037a
fe2005ff
fdef042c
0c8c07c3
0770ff22
fa81feb5
02ff03f0
00d3013c
fe76fb68
03c1f7bc
06820241
055f09a7
0122009c
ffc3feca
f98ffdd8
fe43fe12
008f0697
fcc90047
039cfcbd
01ecfd68
06bffcb9
05970146
ffe206d2
058c0581
028df8bd
0295009f
f99a03e2
f219fd3e
00b9002e
febcfc91
f8bffbcd
0174fc38
046cfc6c
024eff25
02c60562
0da9f932
02bff61c
fc820b45
050000b4
fe9efce2
099cfeba
0604fbc4
0625002a
102ffe83
fb300306
02b803d3
04e30253
fbcaf947
0269f6d6
fa0a046d
fbae01db
01c5ff2d
0345fbe4
029ef725
fcd6ff28
fc1f0195
f9fcfe76
f8a30630
058a06e2
077dfcc5
ff72f9d4
021cffb6
f8ab0d7c
fb0606b9
0265f6d3
053afedb
03950811
ffb2fe6c
0045fa7b
f94afe1f
004ff80d
029f0561
05d60ee0
067b03c2
046203ac
067600f1
fc7a0187
001dfcb2
fbf8f6b3
fc6a00ee
02dd0171
023cfe5d
04430071
fcc800c2
0260feee
00a60008
fef70843
faa002ee
fccef677
022b0257
02bd092a
0b9ff93b
ff41fded
fcfc0021
fc7ef6c7
ff3efc65
08caffe5
fcaa023f
057001cb
08de0349
fbbf09de
ff3b03c4
fd420020
fa34ff5e
0055fcf1
fe69fe6d
03ed020f
01ba0b9f
f0e003a4
f9de00a2
fad208dd
fc0c00e7
fdc80087
fda7032e
004dfe4f
f06904cf
fe3f0015
06e20012
00630279
03c9fde7
ff27063f
02360305
049903eb
04cf052f
0306f64a
0001fb98
fd2dfb0d
fe17f962
f81dfec5
ff4cfd01
02d308bd
f9d50188
fef5f8b5
fa82ffab
fccb0303
f9ae001a
05daf69d
0a74f58f
f91a0275
06bc08ef
049efbb4
093303b1
005409f4
005bfca7
0c140361
f71eff73
0571ff16
004efc0d
fecaf0d3
086d00af
ff58feb9
0533f701
ff23ff0a
ff8301f7
feba0043
01f90310
04e101c0
ff0ef9b4
0342050b
ff0505e8
fe3afaf6
fc180237
0466f8f0
0106f69b
f47f0123
fe00f9bf
0221fb04
fe4e04c7
f841098a
00c3085f
03e7fed2
ffc6fadf
0d43fe98
02e0fdd2
fdfcf6fd
0719fc6d
fc9a00a7
0176036e
02c5024e
f59cfb60
035600b6
0654fece
f0a50289
fcd400d8
0ae8f42e
ff710674
065f0ec7
fcecfb38
05ef004e
fc7602f8
f82700af
06e802c5
fb060288
019f06bd
013a0329
03e8fd39
0b690365
fec000b7
ff66fc26
0165fd1c
08ebf933
0530fb78
03700263
014c01b9
fac7fd03
0f2d04f4
0aae02a4
f853fb01
020e06d8
feee0a68
fa32034b
019cfd03
f4ed0c65
fd230e85
046bf689
f973fcd7
0826ff9a
0380fc87
f7eff974
fb18f981
01e304c8
ffb1fe41
fdd7f98e
075a01eb
ffde061c
072afe8e
fea9fe29
f825f8ce
0196eedc
fd23fa92
027cfdb7
fa64053f
fbfd03e0
fc08f93b
fcb6fc9d
feaff633
f9c000e8
04700962
fdc004fe
ffbcfda7
05c0f933
0264fc05
feabf8a7
fcb3febf
004bfa13
f901fca6
fe910154
fd35fd45
fa8dff6d
036cfd24
002cfeab
fee5feba
026b0c3c
080e0836
0237fd62
ff40fcb0
fe55f4ab
f772fe61
fd8ff93a
ff4703c9
033e0da3
04c602b0
fcb50b50
02f2fa1f
f96cfbaf
f89505a6
fc36fd59
f80e026c
0a02fd32
0049fbca
f4e3fe6d
041d02be
056aff92
045efd8d
f30dfc35
fd40f952
0933fdea
f660fc53
058506db
0ae400bf
02d2ffcd
082608a9
069afccd
02e30675
fe4a0636
04f5fb5a
01c203bd
f9cafe27
ffeffba2
ffc0f55d
ff28f50a
fe120480
02e5fee9
01bcfe0f
fd280530
fe0e0459
f2370237
fe0bf928
07dbfef1
f63e0271
fac0febf
fd470791
f3e5fe9b
fca7fcd9
035507f6
ff5e0131
0150fbe0
f8acfbdc
f776fbd4
0bf20092
077e0485
fe690109
0589f9ec
0624044c
00dd055d
fc40fd71
005804dd
fcc60285
fec00089
06f5091b
09ea069a
058905fa
0240ff9d
020fff67
fefafddc
069c0023
07a003cf
0855fa3a
001405ce
fcc20732
056eff5d
fb8dfee8
024b0026
f74d03aa
f4e8f9d7
01b5ffe5
fe58052b
07e2fcac
feeb0155
03340846
0065039c
f9a20579
055eff23
fb81fb9d
fc81072e
ff14fdf5
01fe0297
ffea05f6
fecff9ea
00ad02db
fce00169
08e4ff0d
00e50110
fd9301a8
05cbfefe
fe1b01fb
ffc202cc
0500fa3c
fa0f029b
fb2606dd
0b0903b5
02e6f77f
f732f60b
f82e03a9
00440572
fff604d9
f8a8fdc5
fc8403d5
f8f604df
f842fd58
f9f900ef
fb0c055d
f9f4053a
fde8f903
028bfdd3
fd0fffe5
011efc31
0012fbe8
04e4fae7
02d70a2a
f9dc0179
0472fc63
035d00b8
030df12b
0264fae5
fc380855
013108cd
fcf2028e
0175fab1
04d6fb79
f917fd4b
02d2052b
01bd05ea
f7990218
0301074c
03be04d8
0182fd06
fd8b0094
f961fdca
fdc0fa30
054d0542
02e8ffeb
f7af0104
fe39fe74
03bbf85d
053109a3
06fb0150
052cfb88
02fc01aa
026800af
02a505b2
fba3febf
ff0e0004
0100fe1a
fc14fcc6
f4effd66
fb050135
06cf05ab
fa09fe5e
063f03bd
0d060200
fd1d0255
fcabfb2a
0129f88b
09a504f0
00cffbc3
f7c3fa3b
f814fb4b
02e3fe85
00df01c4
f9de023b
06e60089
faf5f874
008502cb
0c26045b
fe59fd3b
006afce3
0635ffc2
032b01fa
fc53fe46
04e7f972
08c8f7c0
0178fe05
0427fbd5
014705c1
fbe3fdd7
fd2ef8da
ff4907bb
fbacfc1c
f9380326
fd420259
03b90287
ffd50c3a
fee1ff6e
0341fea4
02f6ffe9
09120633
062903cf
fe68041b
feae017d
0177fa1a
ff74101f
00190ad0
0307f6d8
fa920384
f5f701c7
faf5fb50
03750082
f1e6f98e
f1430134
099000a3
00d7f832
015f08aa
049c0210
0429f664
ff6afddf
0333fd5d
0b2bf904
0040fd76
0467fe06
0b77fc99
f9c8059f
fcd4fc9d
fb9f012b
f7d504af
ffab0234
01b803a2
03f1f923
02c4fc9b
0067f91b
0566f6b1
06a2fffa
f7ea093f
ff01091c
fe38fe89
f62a0138
fc69fee1
fdc4ff5c
03dc0541
000afc11
00750434
011205c7
fbd9f744
01e7fe1d
02310634
fb6c00b8
fca2fa5a
08d201c4
fe1b0029
f603f81b
fdc502e9
00c6028b
ffa00199
f55dff91
051ffa53
0716fd08
fa64fe10
03590063
0212f682
006bfebe
012303e8
01ba025c
00a80184
0869f724
03ab0322
fbef0505
04dd0911
fb7c07f2
fd7dfc6e
01130509
0644fb42
0bc8fc41
ff920238
fa9afe91
f7650159
fd36f869
04f0f9fa
ff28fe02
fef8fc9d
07050045
00c3fd5b
fe34fe71
06baff10
fc75faf8
fa61fe0c
04c7014f
049108a2
fae305ad
f989f74e
0958fa85
02e4f996
fd6cff86
088c0236
ff70fdb6
fe010936
0694ffd3
016cfe33
00de0230
fc6dfd7e
01baff98
09df0084
fd2d03a3
0293fcaa
01c40157
053e0063
09f5f7f7
02110459
0931fcaf
03dffa2e
fd480505
01330090
fe77022a
fff407ad
086c0927
083d0663
fb8a024e
fda0048d
f5c1022d
f94ffd45
02a4f956
fc19f8cf
05e003e0
017405f9
00a0fdf9
fe2ff9c9
fc48faf4
0aa20005
f97ffe3f
f385fea3
faae0086
f5f3045c
f89e072e
fb53ff99
021c03de
02e1037a
faf9fc8e
f9b602cb
0235fdb4
0668052f
fc930893
f87c01f7
fa3f039c
fd1dfadf
fb2b0231
ff3002c7
05edfc96
ffedff96
04e9f85b
08c00467
008f0317
001cf2de
fe32f964
fe55ff3e
0314faef
fd39fc53
fdd004d3
09bffa24
f948f8fe
f9fe0cbb
ff080bee
f342fc5c
08d8f81c
0422fea0
fe3f01e5
04480524
feabf8f6
0684f60d
fb840af4
f9460711
fa5bfd48
ff12ff35
07c0fc80
f808fd7d
02ba01be
fec3feb2
f770028f
04b5fc94
f954f722
fb340245
063aff00
fd6efd6c
fb6bfda3
fd2cfe5b
f527ffb2
fb5ffdf2
03f0006a
0077022f
02ab02e5
014cfd56
02c20635
ff5301e9
fd69fb13
feab0660
fed5ffde
085602ff
004804d6
fd4e0227
ff0bfd4a
f86301b2
fbf5014d
f7dbfa63
fcb60ae3
04c103be
fff40182
06d4f876
06f9f3bc
fcaf032d
059ff6b3
089ffd19
02750055
09c4fe4f
00c1f919
faa1f789
fe43079e
f7a00343
01ce008b
fee5fd2c
0198012e
03b2ff50
f7b4fd19
02010292
fcbcf8b9
fd7cfea8
fbc603a0
f8ad0290
0720fed7
ffc7023e
033e0919
ff0106cd
f43206a3
f746f5fe
ff7d00ed
038009f3
0242f87e
0745fe46
fdc2fce3
02070094
0269037a
fba000d5
faf20717
f87bfa74
034cee85
fa29feee
03c407ac
03ab010a
f6f5fdd5
0136fd56
fa2a0317
022401ff
fd790385
fcab0f0c
08b30931
ff03fc17
007cfd9a
0102035b
013cfe85
fec70355
009301f5
feb2f834
f6370403
003a052b
053b0383
ff22fd74
0547fa42
076905cc
fd55fcfe
0248fac5
037a05a9
06b70307
0a84fe41
0097ff0f
0182ff07
036201d2
0a930828
02aefff3
037e035a
0728093d
f8d8fc30
0229fc7c
fdabfc63
fa0cfa22
fda6ffa0
fd040276
07d801cd
040a0207
05d0fe57
0a5a01af
023f06b6
f4befbf3
f6d60134
00a2fd5e
fb51f747
ff82fcb8
ffc2fe0f
fc300540
03e9fef5
fca8027e
fa7d0323
0735f920
02210218
fa670455
fe45fbb4
0410fb52
fdb0021e
0572f69c
f75ef6ec
01eafd0a
fa49fc8c
fe8d0843
00f8feda
f765ff36
07fcff5a
00f00125
01c90a31
0036fb4f
01b20118
04adfe27
f8b8fd1b
ff3401b8
071ef6fc
091407e3
f94b01a7
fddcfa1f
ff9f0866
f8210015
059900cf
f95c032b
00ff0462
10db07d5
0233032d
f46f099e
fb530be6
fec503bc
fba9febe
04dafb88
00a4fe1b
0203ff81
062effc9
021efaf8
0189fffd
f7440474
f782fe5d
042a09e4
ff7e082f
f7100246
fd5000dd
fc77f7d4
ff090388
07020303
0131fa67
037a04f2
0dbf0628
fa7bfe6d
f959ff5f
07940428
fc560019
023701d0
fb9200ed
fbde079d
08a109e0
0275f8e8
10ee004c
02eb028c
f6d0fc18
ff590482
f9c9feae
086bfd72
09a0fe2b
fef9fb80
f8b006d5
fc6dfb7d
ff17f8ba
fff70861
0afb041a
023f05d3
f252fa45
f78200a9
0aa808b1
08a7f492
00ccffe0
05a304a1
05a80535
06b10db4
feb30739
06df0089
064cfdd1
01360047
0974f6a7
fc2bf3e7
fa64fb03
fc8dff2e
fd0efb5a
030ffd75
fff10502
00f50222
00da037e
051efb90
03650242
01d6fd9b
04c4f1ac
fa61fed4
ff10fc84
028102c2
fb3b05e8
fcbe08f6
00490498
03caffff
fdbb0693
fb0bfdab
fe500c2c
fa41041e
0032fba1
fed2ffea
fac0f86a
fead039f
ffb8fd54
f91ffc6a
fb0c0091
02fefe4a
02d6f98d
fa5f0082
eebb05e6
feaef9b9
03e9ffe9
fb41fcce
0063fe41
010dfea7
09a1f71f
036cfadb
fcf2fa06
fa7d0406
05bffb5e
0a7df322
f873fa86
06bffb62
0217012e
fdfe03ac
07380071
011bfaea
03dcfff9
fb3b003f
019ffa1c
05c006b8
f5e80606
f6e7fa9e
05440270
08e70720
0351fc3d
02a4f9e6
fe98fa09
fc470006
fd010581
06540408
02c00779
f58c0548
0195fd30
fed2fffe
f710fffa
fc3cf5d6
f879fef9
f7d301f5
01b6f63d
ffdff8ee
fcf9fc12
063b0016
fa82fc91
fd43feb6
069801eb
fe10fdf8
047403b8
05e200c5
0bdf03c8
05840967
fbf2fb3e
02bff460
f8810259
fa30035e
fff1fe31
ff1a010f
02390207
fdf903ee
ffb1032d
fa8bff91
febefe4b
030101dd
fcbd0017
0904f8f6
fe8e0106
fcf7043f
0788002f
fd8f0098
01f9fcbb
03b7fdaf
fbe200fa
fc7cfefd
0ad8f815
0452035b
f997096e
0823fe04
027f009f
02b7fe11
fcfefb6e
fcb4fdaf
0698f91e
fd750085
03790376
f86b0377
fc330145
0bd9fa54
fab40043
f5dcf913
fef6fca8
012b0801
f9af0121
f8ee0106
0253fd46
fd78fdc6
f5eefc67
0142f942
05d1ffd1
fbac01ea
fc6400dd
f6710178
00bffed9
06b7fcad
00850253
0cc2fddc
0635ff45
00270138
0856f9dd
fef000f1
f2b404cb
fb8a0489
0203ffa1
fd23feb1
01f60227
01010617
fb760d96
03e5ff64
0341f1b5
f997f8e1
01020614
fcec007e
fb1efc26
06e9ffc1
0892fcf7
0d410263
fdf603e0
f9d906cc
01600aac
fcb80144
0436fc9a
040905d2
0565fee8
0546fcae
00ab09e6
0063f97a
fe64ff0a
fc4300c6
fd53fe96
0acf01c4
0591f4bd
02d700a5
0177f99e
f78a00e7
01c70113
fe8bf69f
035e07c1
ff87015e
f70e0537
03cefe46
feef017d
032003a0
003af82a
fddf0028
0a430379
fb710b29
fc91fa92
0486fd00
f7c4027e
fdcff896
01040571
fb17fa68
fc0301f4
fdef1206
fd45031a
f36df8b9
f2c4fec5
fc3900a5
ffe3fb9a
05800276
fffe0051
ffb0fff8
fff1ffbd
0013ffd6
00460040
0063ff90
ffd80066
ffda0091
0028ffd0
000dff66
0011ff76
0021006e
00030047
ffd40062
0017ffe9
007f00a9
ffb3ff77
0037ffcb
0032ffc4
ffe4ff70
ffe1fffc
00460055
001b00b6
ff69ffab
001d0037
0031ffd9
fff40022
ffeaff53
fffeff92
004fff9c
ff7e0009
ffdeffd6
0016002b
fff4004b
ffaaffd9
ffc2ffa1
fff8ff40
fff3ffdf
ffc2ffe5
ffdd0061
ffba000b
0027ffaf
ffd6001c
ffde001e
003dffba
ffedffdb
00350004
0001ffd7
fffe004b
ff64ffc8
002effd6
0003ffc9
002fffbf
ffe8ff34
fff60039
005c005d
0098ffbd
ffd60012
0044ffb3
002700ae
0010ff92
00100044
00330016
002cffba
ffebffc1
fff30028
0017fff8
00710006
002e0055
00290026
ffd0ff62
ffe9001a
ffffffb3
0037fff7
ffe90022
00020081
ffab0026
fff80029
0051004a
ffe8ffc1
ffe10031
006e0020
fff80059
fff9ffda
fff00048
002d00ae
ffbfff92
000c007e
fff2ffda
0003ffca
ff54ffec
ffa20068
0041fffb
ffdbffac
ff71fff5
ffbdffc3
000effe2
0036ffd7
ffe1fffc
ffaaffb1
ffff004c
0031003b
ffcdffbd
0006fff1
00450005
fffcffe5
fff4ffe1
ffbbffd0
0040ffbe
0060ffb9
ffb4ff26
00120003
0042006c
ff81004a
ffac0021
002cffcc
0013ffea
0009ffb8
ff560029
0011ffc6
ffea0028
ffe8ffd8
004cffc4
ffd6002d
ffdc001c
ffb8ffa5
ffd8ffea
008affd9
ffcf0049
0041ffe1
ffad008f
0012ffc5
003d0063
001d0036
00590061
003aff94
002c00d1
0084006e
ffc8001e
0040ffde
ffdd0034
ffe2ffb9
ff8cffea
ff98ffef
ff95ffe6
006cfff5
ffbe0012
ffc0ff9b
ff58ffd4
fff5ffd7
ffe2002d
0004ffa3
00080011
ffff0054
ffbffff3
0032ff47
ff85ff4d
006affec
ff97ffe3
fffb0060
ff85ffba
00bbff8c
ff9f007e
0008fff8
ffd4ffdd
fffeffce
ffd30013
001cfff6
0033ff5f
ffe50012
0031ffb6
003bffc2
004d0012
ff9b0036
0039002c
ff88000a
000eff8c
0045001f
002f002b
004ffffc
004d000f
001f001b
00b7ff6f
ff8bffa3
002e0031
ffa2ff80
0068ff68
00290062
0063ffa4
fffaffd9
fff7ffd2
ff8d0026
ffeb0062
ffac0008
ffedffa8
ff680064
0042ffda
ff75fff2
0007008c
ffc8ffbe
