4.73972659e-06 0.000834025035
0.00115171925 0.00605329126
-0.00105521188 0.00467834854
-0.00343246059 -0.0031798
-0.00175161508 0.000480395684
-0.00382254017 -0.00321714277
0.000233204351 0.00223284983
0.00516121555 -0.00334505877
-0.00189331872 0.00355914515
-0.00238918047 0.00149787194
0.00189145317 0.0037385046
0.00137439254 -0.000560668006
0.000398749602 -0.0056115645
-0.00357531942 0.00680880435
-0.00011372978 -0.000664724503
0.00268772081 0.00529989833
-0.00517627411 0.00166658626
-0.00175831467 0.00259984657
-0.00731135393 0.00706443237
-0.0049657817 0.00132129283
-0.00708423741 0.00541062793
-0.000919004146 -0.00571693294
-0.00487527903 0.00336811808
0.00104280829 -0.000934621494
0.000602589222 -0.000518148241
-0.000720141514 3.55642587e-05
-0.00969310571 0.00136288127
-0.00205658749 0.00639110198
-0.000208869067 -0.00714166509
0.000437113602 0.000168291328
-0.00590462331 -0.00274112285
-0.00182543451 0.00449808082
-0.00377590558 -0.00161687285
-0.00311000529 0.0017712157
0.00408183923 -0.00154684111
-0.0031014625 0.00258595985
-0.000109820336 0.00391045772
0.00340125524 -0.00154502038
-0.00224777684 0.000198483118
-0.000453855813 -0.00547068845
0.00043078672 0.00117480778
0.000260624889 0.00329802069
-0.00472992146 -0.0021181216
0.000313779427 0.00431527197
0.00519676227 -0.00801361911
-0.00599631527 -0.00710351905
0.00328405644 -0.00536552211
0.000450202759 -0.00187024544
-0.00247114361 8.47850752e-05
0.00770576624 -0.000345400127
0.00293548685 -0.000274651422
-0.00460509397 0.0028137851
0.000276698178 -0.00182066928
0.0021935387 -0.00488137221
-0.000755821879 -0.00478785113
0.00268042111 0.00812393613
-0.000312108168 -0.00906084944
0.00256656506 -0.000695492025
0.00557828834 0.00558177568
-0.00259115524 0.00187924225
0.000761572213 -0.00320133939
-0.00178500696 2.04001262e-05
0.000513049134 0.00332521927
-0.00454183994 0.00468653115
-0.00225636223 -0.00344932289
-0.000734965899 0.00293534156
0.00346986926 0.000947707682
0.00444373023 0.00422258815
-0.00505927997 0.0053952029
-0.00307167321 -0.00129946473
0.00244941097 -0.00560424291
-0.00766456034 0.00158504804
-0.00173030398 0.00685916282
-0.000353619194 0.00264444225
0.0048502814 0.000847354822
0.00273247273 0.00922889449
-0.00129419402 -0.00399649423
-0.00139058765 0.00349108432
-0.000982813654 -0.00218951935
0.00587153155 0.000140221659
-0.00164605794 0.000359891768
-0.00111802469 0.00584602123
0.0013259257 -0.00361852651
-0.000484126387 -0.00205733511
-0.000816804764 -0.00613028836
-0.00427471334 0.0019172082
-6.10913849e-05 -0.00176504801
-0.00169346179 0.00164210156
0.00445279991 -0.00417854311
0.0025026449 -0.00140925695
-5.33915627e-05 0.00400367286
0.00256839069 -0.000697388023
-0.0012850411 0.0024236883
0.00407440821 0.00199404336
-3.48730209e-05 -0.00136047101
0.00218482479 -0.00603279192
-0.00493338471 0.00384901231
0.00134268461 0.000643438543
-0.00646335911 0.00385843171
-0.00792601425 -0.00766894221
-0.00124318944 -0.00636184635
-0.00355888694 -0.00821680296
0.000594143698 -0.00338529586
0.00869387668 0.00391633948
-0.00317943608 0.00221725879
-0.00240538642 -0.000103819293
0.000797254383 0.000496401102
0.00193392695 0.0029087232
-0.000693466747 -0.00115601544
-0.000775086926 0.00153543951
0.00271288515 0.000506451004
0.00190014706 -0.00845040847
-0.00400067121 -0.00143355073
-0.000239986941 0.00523861544
0.000116822222 -0.00152681838
-0.0040695318 -0.000499879301
0.000971232308 -0.00235081231
-0.00332942535 -0.00182456931
0.00380122568 0.00428179186
0.000729057356 -0.00104255578
0.00029209067 -0.00394172315
-0.00243655755 -0.0119565753
-0.000486568664 -0.00220026984
-0.00779905077 -0.00747322571
-0.00445469934 -0.00696671475
0.00143999886 0.00304427464
-0.00816264283 0.00284389826
0.00315843592 -0.00743178232
-0.00668077543 0.00337510859
0.00294049992 0.00172833796
-0.0033005001 -0.00297216442
0.00304187834 0.00278599467
0.000413497764 -0.00627404731
-0.00598861277 -0.00455349265
0.00473063206 -0.00561739318
0.00549062807 -0.00436458783
-0.000202869618 0.00338896317
-0.00113269966 -0.00512192631
-0.000683223072 -0.00442604022
-0.00381284324 -0.00360897742
0.00424390147 0.000687841792
-0.00211178605 -0.00127622823
-0.00014531464 0.00332523091
-0.003099269 -0.00269242469
-0.00249062036 -0.00492927711
-0.00495337229 -0.00186367612
0.00484496448 5.64976144e-05
-0.000651808921 -0.00358900661
0.00373834558 0.000994950999
0.000165712627 0.00697726896
-0.00271253567 -0.00222195522
-0.00125620782 0.000160711657
-0.002071711 0.00521105528
-1.19913348e-05 -0.00253464677
-0.00150168058 -0.0032810953
-0.00122804113 -0.00423939805
-0.00528533338 0.00157540583
-0.00307495566 0.00198299601
0.00636112131 -0.000739397074
-0.00258404505 0.000147643528
-0.00397550734 0.00491426885
0.0013574725 0.00325012929
0.00532379048 -0.00556783844
-0.005603428 -1.31881279e-05
-0.000797444663 0.000338743848
-0.0023860638 0.00273293722
-0.00680133747 -0.000825551047
0.00278378581 -0.00263074972
-0.000124702899 -0.00185906445
0.000146020189 -0.00695406273
-0.00290187332 -0.000146711463
0.00170673069 -0.00243688002
-0.00204556528 0.00172788964
-0.000627867528 -0.00405462366
-0.00430364674 -0.00171270361
-0.00475957152 -0.00379764196
0.00506291911 -0.00432752213
-0.00190342532 0.0026086804
0.0010860333 -0.00194122095
-9.90538392e-05 0.00158256677
-0.00178741198 -0.00441187993
-0.00195204478 0.000275921659
0.00229411875 -0.00669489196
-0.00120281335 -0.0019617551
-0.000625532935 -0.002070277
0.000128247251 0.00209362898
0.00454316614 0.000448761188
0.00260438374 -0.000882223307
0.00153731077 0.00303893676
-0.00215893309 0.000622895488
-0.00528357038 0.00202160655
0.00371629535 0.00271218712
0.00371398707 -0.000498110778
-0.000569527561 -0.00128394982
0.00211069454 0.00104787259
0.00297214137 -0.00183735497
0.00323029491 0.00125369115
0.00363794109 0.00401683478
-0.00168716535 0.00315498747
0.00579981692 -0.00176791928
-0.0497055911 -0.0316540487
-0.0254167188 0.0122268731
-0.0192909278 -0.0417137071
0.0279423408 -0.0119029116
0.00301983673 0.0651574507
-0.0429266095 -0.0679078475
0.0411378592 -0.0156046944
0.0400487036 0.001350431
0.0501041114 -0.0551451966
-0.0180446357 0.0154560888
-0.0425431989 0.00254149456
0.00521493424 -0.0166772231
0.0225649942 -0.0523611642
0.0111913318 0.028851429
0.0607562102 0.0178251043
-0.0196866971 -0.000933382602
0.0106169246 0.0215701777
0.00979582127 0.0497019887
0.0177912787 0.0344387293
-0.0203318298 0.0147971958
-0.0161232091 -0.0402859673
0.0206330381 0.0943220705
0.00774083333 0.0280094612
0.00180562912 0.0175570287
-0.0317620449 0.0189519655
0.0161896981 0.0176529326
0.0602203757 -0.0374165997
-0.0486214273 0.0516045056
-0.00399441551 0.0100376643
0.000869592652 -0.00726656802
0.0460127033 0.0101904152
-0.0121664284 -0.0216348637
-0.0207215492 0.000406651117
0.0246406216 0.00105033698
-0.0485163257 0.0283537358
-0.0772096962 0.0482413359
0.0178451817 -0.0185959395
0.00716141751 -0.0326942615
0.0309325866 0.0112517057
-0.00913430564 0.0118523147
0.00360484491 -6.89958761e-05
0.0569735728 0.0119672492
0.00951626431 0.000483187061
0.0160762146 -0.0171548221
-0.0265478753 -0.0297102351
0.0260125827 0.0327297524
0.0176649634 -0.000439583382
-0.00565599976 -0.025412932
-0.0489958785 -0.028469272
0.0074343835 0.0146945389
-0.0248540603 -0.00186440931
-0.0342845879 -0.0140351159
0.0424537957 0.0341305286
-0.0353078842 0.0108664604
-0.0324704982 -0.0245805923
0.0165836401 0.0348702036
-0.0295912791 -0.0465014651
-0.0245185681 0.00360943354
0.0327380709 -0.0498485565
0.0171110872 -0.0446949489
-0.0240206011 -0.0339157246
-0.00314429356 -0.0062611429
-0.0031960241 0.0128253326
-0.0464513935 0.0640781
0.0293053742 0.00570046995
0.0219247378 0.025210537
0.00557379099 -0.00971086789
-0.0813842788 -0.0280958526
-0.0206979439 -0.00952652004
-0.0319437198 -0.00824672915
0.00619167276 0.00592446653
0.06640549 0.000482561969
-0.038931381 0.0439946391
-0.00887892116 -0.0521283522
-0.0289382953 0.0844030902
-0.0101987906 -0.0400609523
-0.0573539846 -0.0169675276
-0.0267351028 0.016433822
0.0170736592 0.098786436
0.00124212133 0.0199365094
0.0109065194 -0.0151918037
-0.0451414026 0.00585379265
0.0287388247 0.0217435621
-0.0458371416 0.0559647903
0.070474945 0.0131029179
0.00692381989 0.00671759574
-0.00139614719 0.0534221455
-0.0097563779 -0.0176433083
-0.0230157692 -0.0265503656
-0.0255763512 -0.0292987488
-0.0293032154 0.011543436
-0.0200864822 -0.0530838296
0.0140367653 -0.0137062324
-0.0481922217 -0.00938475411
-0.0376721509 0.00114574004
0.000578466454 0.039134562
0.0115245283 -0.0110706193
-0.0149232363 -0.0473042056
0.0287308879 -0.0210142545
0.0583212711 0.00641959999
-0.0204360839 0.0420734398
-0.00170365418 0.0514250882
-0.0230250936 -0.0335453711
-0.0745939985 0.0386329256
-0.0532399304 0.00447304314
-0.000547463598 0.0330045931
-0.0243321918 0.00448468002
0.0126479901 0.00194347021
-0.00782911107 0.0162149463
0.0327738002 -0.00213586609
0.00692245364 0.00539197866
0.0338789411 0.000134847753
-0.00163641968 -0.0426497646
-0.0441345237 0.0262337215
0.0321717225 0.0068911328
-0.0113264192 0.0273090545
0.0304754823 0.0454970114
-0.00280248141 -0.0171473082
0.00902684592 -0.0229586102
0.0424715318 0.00179202762
-0.00789313857 -0.033073809
-0.00923659839 0.005148164
-0.0141491378 -0.0381632373
0.000631545554 -0.0106791006
-0.0183470342 -0.00782140438
-0.00893164054 -0.00091930927
0.0247665942 0.0360930562
-0.00455533806 0.0536214821
-0.0435262099 -0.0299295541
-0.0207530316 0.0137046902
-0.0228048712 -0.0422378741
0.023542542 -0.0144640608
-0.00722433766 0.0681760833
-0.0480633713 -0.0588875301
0.0404999666 -0.0167704374
0.042368345 0.00245881942
0.0512857623 -0.0510109551
-0.0176882446 0.00801235251
-0.038558878 -0.00419417629
0.00784514565 -0.0106952311
0.0289945267 -0.057184957
0.0219185203 0.0301035885
0.067443341 0.0147015974
-0.0207898952 -0.00495687313
0.0092416117 0.0124575906
0.00536433933 0.0557746738
0.0216331463 0.0310336705
-0.00865357928 0.0132225137
-0.0124556245 -0.0429110713
0.0217154473 0.0847080126
0.0109542245 0.0222124588
-0.00156705326 0.0246261768
-0.0296300985 0.0322598517
0.0144258924 0.0263919495
0.0645511746 -0.0325610712
-0.0445261039 0.0441534407
-0.00122234365 0.00831071381
0.00393584184 -0.00970302708
0.0462697707 0.0114458222
-0.00970015954 -0.0195800662
-0.0199256949 0.00623827754
0.0307470821 0.00548868813
-0.0535896346 0.0302656516
-0.0713996068 0.03774409
0.00796607137 -0.0111066094
0.00813108496 -0.0430072956
0.0232573655 0.00142798317
-0.00882894918 0.0114878956
0.00856134389 -0.00289294566
0.057129167 0.0144949472
0.00942319538 0.00430791778
0.00887233485 -0.0187046658
-0.0272457432 -0.02863173
0.0192581452 0.0288752224
0.0201382935 -0.00208103028
0.0108001158 -0.0344968289
-0.0458873287 -0.0277965702
0.0120791448 0.0110126445
-0.0171212871 -0.00795467943
-0.0324758962 -0.00935738534
0.0369871408 0.0306944232
-0.0397057682 0.012983745
-0.0275354329 -0.0168082509
0.015536624 0.0174189899
-0.0301694386 -0.0426497832
-0.0205216967 0.014655821
0.0361192524 -0.0482309088
0.015414116 -0.0318787917
-0.0225174632 -0.0302460864
-0.00682775397 -0.005755194
-0.00666646753 0.0123821814
-0.0475416481 0.0680428073
0.0284993201 0.00777026918
0.014445886 0.0181452185
0.0109479316 -0.0141874282
-0.0868735313 -0.0302985124
-0.015497393 -0.0185027923
-0.0276522133 -0.00755657861
-0.000284231646 0.00805105083
0.0689372569 0.00972497091
-0.0441767499 0.0467244275
-0.0136731565 -0.0506617464
-0.0276383217 0.0797199085
-0.00994734094 -0.0439368784
-0.0587473586 -0.0276527591
-0.0210987013 0.0168577731
0.0140853804 0.102520891
0.0052780821 0.0291189179
0.0124167548 -0.00961590931
-0.0482082665 0.00687311264
0.0350682847 0.0166696683
-0.0420323499 0.0570079498
0.0710956976 0.00868000556
0.0043668272 0.00923460256
-0.00214491063 0.0450550169
-0.0198492371 -0.00882463343
-0.0113190645 -0.0231285878
-0.0253667533 -0.0334178731
-0.0160655398 0.0106899515
-0.0289508998 -0.0434782952
0.0109921275 -0.00877016783
-0.0583533384 -0.00980228931
-0.0414471403 0.00731449714
0.00424059248 0.033572603
0.0058421921 -0.00836051442
-0.0106694335 -0.0511390865
0.0301730894 -0.02877797
0.0539978147 0.00194160966
-0.0274815578 0.0450394228
-0.00496138446 0.0500088073
-0.0235046241 -0.0341474302
-0.0738458484 0.0403116159
-0.0540671758 0.00198847335
-0.00721636601 0.037696179
-0.0301738456 0.00500132563
0.00759041216 0.00491983024
-0.00629688706 0.0195243936
0.0407332592 0.00382803311
0.00171321188 0.0126993209
0.0301608574 -0.00779272383
-0.0032833193 -0.0437288992
-0.0470861197 0.0179421324
0.0363680385 0.00556794181
-0.0132226767 0.030331362
0.0429287478 0.0428294279
-0.005174472 -0.01773124
0.0132902712 -0.0271429755
0.0382032432 0.00119086669
-0.00847278535 -0.0365830958
-0.00907508843 0.00623078085
-0.0211701728 -0.0380905345
0.0038820412 -0.0134231485
-0.016470192 -0.0106397429
-0.0136358645 0.00392139098
0.0247896891 0.0338063054
-0.000107937238 0.0468607582
-0.00891483855 -0.00414023036
0.00854684226 0.0352808312
-0.0143202795 0.000266811461
0.00414270442 -0.03958923
0.0679229498 -0.0250767712
-0.0343317017 -0.0430187471
-0.098282896 0.00137836905
0.0707576051 0.00719406037
0.000726844242 -0.0225173216
-0.083680816 -0.0465727672
0.03603971 0.0142902788
0.014846378 0.0614179373
0.0110135749 -0.0103336619
-0.0202802122 -0.0305807069
-0.0247151852 0.0198854487
0.00408096286 0.0186854433
0.0138365924 -0.0466597192
0.058346156 0.00345658138
-0.00231556362 0.0236413386
-0.0199318994 0.00858242158
-0.019159345 0.00267376681
-0.0186212976 -0.0254859626
-0.00460556429 -0.0406487174
0.00110472296 -0.0822880343
0.068920508 -0.025533298
-0.0115310103 -0.0106359413
-0.00693247095 -0.00452709198
0.027719181 0.044452481
0.047434371 -0.0154013857
0.0480018817 0.0383988097
-0.024144832 -0.00279856753
0.0397618003 0.0251634773
0.0517497845 0.0646876097
0.0286799744 0.0114958789
0.0220560562 0.0815195069
-0.0655733123 0.0222050063
-0.0492648743 -0.0759806633
0.0382668823 -0.0135958046
0.0525410883 0.0242431164
0.0256215911 0.0429657996
0.0825287849 0.00492293201
0.0116158118 -0.0469265617
-0.0521517396 -0.0406346172
-0.0213405732 -0.0147919925
-0.0476522669 -0.0184534006
-0.0130332829 0.0164455753
-0.0169245433 0.0150388004
-0.0255691204 -0.0556579642
0.0569229685 -0.0531631373
-0.0221826993 0.0235606749
-0.0511723757 -0.0262086224
-0.0485786051 -0.0739433914
-0.0152872447 0.0431640148
0.0709044337 0.0152890887
0.0265941601 0.0116363214
0.0610751063 0.017745601
0.0324556828 -0.0580515116
-0.0578882061 0.0935093239
0.0246400628 0.00697692111
0.0897970125 -0.130945086
0.0105311722 0.029841559
-0.0438645594 0.0589263439
-0.0561280772 -0.00324860215
-0.0255319513 -0.0422995649
0.0930830315 -0.096301131
0.0268727466 -0.025663441
-0.0159034096 0.0701175854
0.034155231 -0.0248937197
0.0287979562 0.0010496258
0.0623844117 0.0313730314
0.0115562789 -0.0463847406
0.0327936634 -0.0268161744
0.0855710432 -0.037786454
0.00414289581 0.00283532753
-0.0523767546 -0.00144576037
0.00845307577 -0.0182127263
0.0687296316 -0.0276115034
0.00543817878 -0.105125129
-0.00346251577 -0.0277813748
0.0155492872 0.00571004022
-0.0183786135 -0.000759473885
-0.0609662719 -0.0314178802
0.0257749055 0.0265016574
0.00501464214 0.0806577057
-0.066105105 -0.0287196226
0.0598604605 -0.0169507246
-0.0277938135 0.0258818865
-0.0647831932 0.03360622
-0.0597994253 0.0257425737
-0.0336478949 0.0496649966
0.122198932 0.0477261096
0.0208992716 0.00747938082
0.0134580499 -0.00273375353
-0.0108724786 0.0028832152
-0.0306477677 0.0597544163
0.0439693294 0.00446994277
-0.0482715219 -0.056737531
-0.00758885685 0.005842919
0.0819590464 0.0173735674
0.00381245464 -0.0132627077
0.018102698 -0.0531350039
0.0217896067 0.00978223048
-0.034413483 -0.016130412
0.046794448 0.0188507009
0.00301536359 0.117388301
-0.0901634842 0.0314447507
-0.00265189726 0.0478331894
-0.0194486473 0.0119924024
-0.0358252563 -0.0175429229
-0.00389012811 0.0217447355
-0.0349101759 0.00700377207
-0.0532190949 0.0242504179
-0.0578355566 0.000473580905
-0.0881260112 -0.0197049305
-0.0294392258 -0.0298301075
0.0692741349 0.0622812696
0.0804331079 0.0227051787
0.0391741581 -0.0274989977
0.0516228713 0.00227119634
0.0570682511 -0.017196089
-0.0468026027 -0.0080901878
-0.00821648072 -0.113045238
-0.0354404412 -0.012290122
-0.0873792022 0.0326857828
0.0179402865 -0.0379554331
0.00983973686 0.0938208997
0.0402917154 -0.0235820692
-0.0300552621 0.0220943298
-0.0105643077 0.00149829313
-0.0298760589 -0.0942083299
-0.0350560844 0.0603787787
0.108480521 0.00229872926
0.018973114 -0.0962419361
0.0423394926 -0.0675743744
-0.0149886701 0.0333921239
-0.080727905 0.0226508919
-0.0407126881 0.0315427072
-0.0484481752 0.059945669
-0.0156703517 -0.0516985767
-0.0564508848 -0.0156274065
0.0412627757 -0.0155587951
-0.0383405238 -0.0141023062
-0.0198495109 0.0435654819
0.0838856101 0.0207456201
-0.0647415668 -0.00148174237
-0.0492243581 -0.0325509459
-0.0712416992 -0.00242636236
-0.0644869506 0.00789286848
-0.0280301478 -0.0369411223
-0.0141999098 -0.0190123059
0.0315726921 -0.0466007553
-0.00625482481 -0.0724413395
-0.0775010958 0.0308427606
-0.0185413714 -0.0111669144
0.013969861 -0.0574594028
-0.0805544928 0.0637906268
-0.00203809934 0.0752746612
0.0397211686 0.051989235
-0.0315062515 0.00120512245
0.00471060257 -0.0176741742
0.0801503733 0.0178834014
0.019906586 0.0149499718
-0.0109080384 0.0615877658
0.0418988988 0.0380404629
0.00937405042 0.0347369164
0.0359115824 0.0171496719
-0.0265488215 0.0153048532
-0.0392179526 0.0138636129
-0.00237229746 -0.00578659633
-0.0472484864 0.044008106
0.0199830923 -0.00576586649
0.0424070098 0.0182126332
0.0369546637 0.0303060263
-0.022977598 -0.0296093225
-0.00499152811 0.0529804751
0.0350117236 0.000913953234
-0.0403360426 -0.0806068555
-0.0150850071 -0.0240584388
-0.0483026803 -0.0137759158
-0.0221378859 -0.0531461202
0.0261251647 -0.00790259335
0.0514298491 0.00056144729
0.0115702609 -0.0304210074
-0.040082477 0.0284462143
-0.00646323664 -0.000582133362
-0.00330677629 0.00954113342
-0.0119648641 0.0312496517
-0.0241879374 0.0149101475
0.00500438921 0.00563468179
-0.0231165998 -0.0507279523
-0.00697927922 -0.0279803928
0.0159003437 -0.00284246774
0.0128043238 -0.0126479538
-0.0453513674 -0.018577056
-0.0445477515 -0.00935800839
0.0397527739 -0.00382368686
-0.00974788982 -0.0418026112
0.0637245178 0.00756325899
-0.00272366661 0.0467222147
-0.0588734448 -0.0281615332
0.0524731204 -0.00877982564
-0.0403712392 0.0589400344
0.0164458863 -0.00244067167
-0.000609327573 0.0211724453
-0.0378180891 0.00218847231
0.00500533544 -0.0553742647
-0.0144494539 -0.010748473
0.0332394727 -0.0232544895
-0.02049735 0.0273839664
0.0102914684 0.0444614775
0.0950874835 -0.0741819888
-0.00528338645 -0.0537256412
-0.0527648665 -0.0440694615
0.0589255281 -0.0360874608
0.0601627678 -0.0581713431
-0.0110988766 -0.0498451181
-0.0206875801 0.0130728837
-0.0167177431 -3.73612274e-05
-0.0471206456 -0.00119405345
-0.0250320975 0.00381873711
0.071524173 0.0271553081
-0.0265603662 0.0409423113
-0.0217541568 0.00792399887
-0.0579389185 -0.00067905453
-0.0429974161 -0.0142987566
0.114934154 0.00806115288
-0.0380447917 0.00385349384
-0.0123797115 -0.0477263816
0.00857913308 -0.0156381596
-0.0227850564 -0.0035768419
0.0840341598 -0.0109354798
-0.0339359306 -0.0261510946
-0.0462143756 0.00321940868
-0.0387878492 0.031941615
0.0101197977 -0.0625347421
-0.00516726868 0.006980028
-0.0602604598 0.0432762988
0.0724935085 -0.0240773652
0.0351606645 0.0443976708
0.0511653982 0.037009228
0.0872299224 -0.00584915839
-0.0239034202 -0.00183765427
-0.0635150596 0.0343824029
0.0182459503 0.034144491
0.046802599 0.038931746
-0.0198765118 0.0849897116
-0.0706117973 0.0171909593
-0.0398307145 0.00500275474
0.0493085943 0.0269358102
0.0334265083 0.0269401055
0.0257169921 0.0266456697
0.00742108934 -0.0520257689
-0.0286140982 0.00181503699
0.0458712764 0.0401503146
-0.000201803021 0.0612615123
-0.0703647509 0.0680027753
-0.0140174748 -0.0107063623
0.0145616168 0.0330569856
-0.0114552891 0.00145997352
0.00886809174 -0.0332714878
0.0582405105 -0.0256852005
-0.0290890671 -0.0314251259
-0.0941642374 0.00319416984
0.0697454587 0.00344123482
-0.00656946469 -0.0231840312
-0.0811642706 -0.0539778247
0.0322693661 0.0203414578
0.0244179778 0.0643834993
0.0159657672 -0.0118608549
-0.0181438066 -0.0279936492
-0.013395994 0.0202756543
0.00675309263 0.00947197713
0.00334893051 -0.0463668108
0.0572310463 -0.00633126078
-0.00822341908 0.020759942
-0.0179090127 0.00862486754
-0.0140145868 0.00406109402
-0.0196910668 -0.0214250069
-0.0108138174 -0.0305525027
-0.00544150826 -0.0777011812
0.06890627 -0.0209875647
-0.0123399878 -0.0129022785
-0.00781703554 0.00883286633
0.0290994402 0.0511920191
0.0385455899 -0.00414167577
0.0510356203 0.0409862623
-0.0245766249 -0.000628693553
0.0444827229 0.0268495642
-0.0188766941 0.030365048
0.0328892805 -0.00699577341
-0.0623935834 0.00605096854
-0.0934703052 0.0474835485
0.0487831533 0.00605777884
0.0742516816 -0.0362157486
-0.0592689589 -0.0307514966
-0.00819488801 -0.0276977532
0.00439909566 0.0295362007
-0.0480301306 0.000829615048
-0.0258537568 -0.0139400484
0.0241236407 -0.0261201598
0.0591399893 0.0398743823
-0.00585893262 0.0634962842
-0.0521144532 -0.0301786512
-0.0550209135 -0.00379601307
0.0171759874 -0.0717090443
0.0184488576 -0.00892065745
0.0104367426 -0.0202037841
0.0966694728 0.00410668133
0.00750066526 0.0369022638
0.00548142148 -0.0945173949
0.0411090814 0.0774209052
-0.0164848063 0.0578506701
0.0340038314 0.0268922672
0.000650649949 0.0228332691
0.0115229571 -0.0203923341
0.0414781161 0.0152506856
0.010342503 -0.0376958288
-0.0395912379 0.0623433441
-0.00188217103 0.0284860879
0.00477789296 -0.0388818607
-0.0442326851 0.0028944998
0.0158039872 0.0386615582
0.00175562478 -0.0223544501
-0.0475264639 -0.0474971198
0.0134630427 0.0322259925
0.0392174385 -0.0214228276
0.0131930634 0.0328345969
0.00155368377 -0.0216410067
0.0187096484 -0.0399442315
-0.034862861 -0.0575085618
0.0243789908 -0.0890951008
0.0123018883 0.0943606272
-0.000107417247 -0.0321303755
0.100834653 -0.0144517822
0.0127614699 0.0247491337
0.0235204902 0.00274282414
0.0293044895 0.0682598427
-0.0587318577 0.018869184
-0.0581475906 0.0366187133
-0.018060619 -0.0546059757
0.0511897579 -0.0470745265
0.0304746367 0.0245563481
-0.0240162127 0.0170586593
-0.0548088253 0.0149229243
0.00283636944 -0.0332879275
-0.00313900365 0.0331674218
-0.0508584417 0.0485952534
0.0741545111 0.0230882838
0.0521880202 -0.0133188739
-0.1024343 -0.0272271577
-0.0631746426 0.000937020988
0.0264612418 -0.0112935007
-0.0292575359 -0.025304921
-0.0397944152 0.00570712006
0.0324134715 -0.0101995878
-0.048214905 -0.030293243
0.0105453813 0.0359219722
0.159233674 -0.00729345018
0.0234618168 -0.0391038172
-0.00869464036 -0.0273281317
0.0319900736 -0.0511204004
-0.0495892614 -0.0260993876
0.0103661753 0.0033541522
0.0658165962 0.0406838544
0.037585374 -0.0198140647
0.0615659021 -0.0693183914
-0.0112162083 -0.0521409586
0.0180894695 -0.030444311
0.0728637502 0.0137210544
0.0219328348 0.0256124251
0.0468501151 -0.0560601391
-0.0094007412 -0.00357802631
-0.0252972003 0.0246878918
0.0216028076 -0.0308084283
0.0474768132 -0.0109402956
0.0563356169 -0.0704033598
0.0227693599 0.00623896625
-0.0338870622 0.0246089902
-0.0263321903 -0.102441713
-0.0428983867 -0.00391242979
-0.0928146839 0.00052352238
-0.022842573 0.00550307101
0.0445936285 0.0333369412
0.00607659901 0.0186096784
-0.0247069467 0.0477448888
0.0302275456 0.00890909601
0.0195382088 -0.0189593285
-0.0507927313 0.0132246865
-0.0144737223 -0.0145509569
-0.0530127026 -0.062699154
0.0338570923 0.0639226884
0.066599004 0.0150702754
-0.0869889557 -0.0120761152
-0.0264687371 0.0794305056
-0.019467229 0.0257248357
-0.0327403806 0.0622621663
-0.0271275099 0.0373033322
-0.0298622884 0.00970613863
0.061898496 0.0403211638
-0.0164733157 -0.0252716821
-0.0316896811 -0.0969708934
0.0290760063 -0.0101489006
-0.00411573332 0.0145549057
-0.0548818186 -0.0708128586
0.0254251752 0.00296040298
0.0502544679 0.0199080408
-0.0132317422 0.0184288472
0.0221565459 0.0332795829
-0.0634374842 0.0209734552
-0.0294568744 0.00739248889
0.0752656311 0.0101116803
-0.00624790322 0.0738626793
-0.0330235399 0.0325997844
-0.0161153879 0.0129602924
0.0268390011 0.015956236
-0.0539030842 0.0406279415
-0.120262988 0.0319521502
-0.0254924614 -0.0295132883
0.0189997386 -0.0155722937
-0.00230492069 -0.0627536103
-0.0324945636 0.0460945703
0.00749869505 0.0163503829
0.0869170949 -0.0494030081
0.066094175 0.0642122403
-0.0325489566 0.0393446498
-0.0305419769 0.089974992
-0.000389191409 0.00783880614
-0.018759707 -0.0397917479
0.00321060861 0.00588817289
0.0198021382 -0.0288827084
0.0394933969 0.0463738032
0.0150961708 -0.0154013662
-0.00943096355 -0.046073433
0.00254621659 -0.0490748063
-0.0534649342 -0.0561315492
-0.00372248795 0.04288074
0.0182728376 -0.0248418842
-0.00561686 -0.0215933751
-0.0600900166 0.00581845921
-0.121850759 -0.0408308618
-0.0171487741 0.0243729018
-0.00958982296 0.0189846437
-0.00812656619 0.0308263674
0.0377946123 0.0201198589
0.0164852832 0.0291894916
0.0377909429 0.0182309467
0.0189980343 -0.0977542847
0.0046338737 0.0131777702
0.0338327698 -0.00439503789
0.00307574053 -0.0156405028
0.0299438406 0.0864948183
0.0304838046 -0.0253166314
0.000477941707 -0.0359990224
0.0407111458 -0.0327222198
-0.0149050634 -0.0281296149
-0.00419116858 -0.0230503976
-0.0226284284 -0.0120903552
-0.113001227 0.0646165684
-0.0554044247 0.00450960454
-0.00183875288 0.0217620078
0.0227716677 0.0180788543
-0.0059890612 -0.0430685431
-0.0420410372 0.0733740255
0.00388731505 0.0518051535
0.00513870781 0.0541105941
0.01968004 0.0152736409
0.0318318307 -0.0531506762
0.0232459866 0.0317069925
0.00383973704 -0.0100873904
-0.0113318535 0.0479683429
-0.000816979096 -0.00507663982
-0.0547883138 -0.076499179
-0.0358253978 -0.0336399861
0.045899611 -0.0745498464
0.0972663835 0.0378753953
-0.00629670545 -0.0157784559
-0.0489043258 -0.0418594182
0.0194364153 0.0634486079
0.018622186 0.0158215631
-0.0252775215 0.0353685543
-0.130144611 -0.00223581819
-0.0573190525 -0.0256368052
0.0286133122 -0.0122734606
-0.0195158217 -0.015177385
-0.0305437241 -0.0259105265
-0.0162301585 -0.0728404149
0.0647465959 -0.0233554542
-0.0292598233 0.00784600247
-0.06536863 -0.000762292417
0.0143609177 -0.0432204455
-0.0213442128 -0.0140524525
0.0361784622 -0.0273389462
0.024849657 -0.00997959729
-0.0392358378 0.0844043791
-0.0121128 -0.0126726581
0.0365167186 0.00266602426
-0.0153026953 0.103856631
-0.00861024112 0.0277375728
0.0523458757 -0.046165403
-0.0271981154 -0.0168558769
-0.021164326 -0.0362283215
-0.0448489413 -0.0498174578
-0.0234113634 -0.020728156
-0.0388738103 -0.0673390478
-0.0758598223 0.0246203654
0.0671266839 -0.0243205074
0.0102900136 -0.0656333417
-0.0418358743 0.0691291541
-0.00160253025 0.0195984803
-0.0489293374 -0.00579444692
0.0241914317 0.00547057576
0.0295125041 -0.0117544914
-0.0250498094 -0.0303355847
0.0122644734 -0.0258470792
0.038909059 -0.0392540693
-0.0156125827 0.000764437835
-0.0966095179 0.0126288589
-0.0393188596 0.00663523981
-0.00874931179 0.0959051475
-0.0296187885 -0.0146601368
0.0165989902 -0.0158406291
0.0690252706 0.0586290807
0.0514523499 -0.00327822031
0.0270144492 0.0201741215
-0.0419886857 -0.00819579884
-0.0196657423 -0.00654030964
0.0559871681 0.0359152332
0.0217896216 -0.0237677451
0.0696614608 -0.0359635055
0.026309466 0.032025177
0.00316206552 0.0547207855
0.0765442252 0.0525140911
0.0408503301 0.0129615273
0.0593091398 -0.0573306493
0.0202622302 -0.00499472395
-0.0400884114 0.0353393927
0.0401240028 0.0439210199
-0.00887025241 0.039550852
0.0359228253 0.0301493816
0.153465644 -0.0222689956
0.0084566297 -0.0352401957
-0.0428737886 0.0330430716
0.0411145352 0.00255965907
-0.044546593 0.00570777059
-0.0242846739 0.0262913704
0.0286603458 0.0114407865
-0.0682381764 0.014266653
-0.0868996903 0.0509868562
0.0523081049 -0.00151397835
0.0747697428 -0.0358442292
-0.0565674603 -0.0325985886
-0.011918297 -0.0332673565
0.00510238297 0.0314308815
-0.0481713302 -0.0114371143
-0.0244910568 -0.0148154125
0.0232243445 -0.0327966101
0.0627927184 0.0333459005
-0.0105933901 0.055040203
-0.0628169701 -0.0301067233
-0.0629275292 0.00229011662
0.0170542821 -0.0762878209
0.0137346806 -0.00566680403
0.00354730478 -0.0275776535
0.100796327 0.00654894626
0.0100916671 0.0339649394
-0.00557842106 -0.088281326
0.0354576334 0.0763332546
-0.0190337971 0.0620275475
0.0201956555 0.0205380432
0.000621468644 0.0267721917
0.0157528855 -0.0298786256
0.0392573141 0.00920003653
0.00583372964 -0.0396475941
-0.0365990773 0.0543824509
0.00165777991 0.0195506811
0.00418355782 -0.0417209379
-0.0194189847 -0.0613743439
0.0118048638 -0.0253701136
0.0155568756 0.0652864128
0.00381019292 -0.0757871717
-0.012298245 -0.025214076
-0.00808585342 -0.068662174
0.0209285505 0.00470497878
-0.0283122454 0.0332693383
-0.00790111069 -0.030599609
0.00412826473 0.0184790939
-0.0193674192 -0.0130893812
0.0278005768 0.0316541642
0.0176445041 0.0202202778
0.0413669199 0.00446804147
0.028412316 -0.0415391475
-0.0510467738 -0.0637359098
0.0669287741 0.0107644768
0.0155546498 0.00362775405
-0.0396671668 -0.00866195653
0.0338210911 0.0130376443
-0.00700187497 0.0565696135
0.0296861976 0.0320334435
0.0332374312 -0.0375636406
0.000701347191 -0.0340135433
0.0218557473 -0.0765597671
0.0515709631 -0.0472465828
0.0567327105 0.0833541378
0.0341719165 0.0173172001
0.0323505551 -0.0489746369
0.00110027101 -0.0333348028
0.00573203247 -0.0207402613
-0.0221818741 -0.0491948277
0.00946327299 -0.0694494769
0.00987979304 -0.00385396602
0.00125903054 0.000286234572
-0.00467047142 0.0113617685
-0.0617980361 0.0427838862
0.048004508 1.64983396e-06
-0.0230013952 -0.0641352087
-0.0833973959 -0.00282957428
0.103514895 0.0141116185
0.0427475497 -0.0578888617
0.0141894128 0.0235381741
0.00905073714 -0.0201962143
-0.0626543835 -0.027089132
0.0554110371 0.0382068492
0.0559807792 -0.0257096961
-0.081916973 0.00564319082
0.0218557771 0.0503855273
0.0269534215 0.0885785371
0.0129507342 0.0343569256
0.0654170364 -0.017947834
-0.0176984333 0.020256605
-0.0161509719 0.0276574343
-0.021284489 0.0379246697
0.0247702878 -0.0253008381
0.0460880958 -0.0145364245
-0.0287685599 0.0228559151
0.0587041713 0.00583489565
-0.00513990829 0.0456656143
-0.0456776619 0.0684429631
-0.0119943712 -0.0143921552
-0.000486393023 -0.0305041969
0.0133337211 0.0123403361
0.0296413284 -0.0225872882
0.0459113121 0.00439610891
-0.0699573234 0.0417274386
-0.0349217169 0.0685420185
0.0368251503 0.000982215162
0.0277475622 0.000979933422
0.00538317161 0.0303519238
0.00922943559 -0.0502549224
0.0488984734 0.0459638052
-0.0459952131 -0.06001468
-0.0298696961 -0.099728629
0.0368714444 -0.015729811
0.0482793413 -0.00571571663
0.00755308056 0.0608273409
0.0095552532 -0.0257672928
0.0314826407 0.0112675922
-0.000438474002 0.00241501629
-0.0176470298 -0.0100154467
-0.114690937 0.0620761253
-0.0346979499 0.00581304682
0.00208942126 0.0680636764
-0.0821961313 0.0033728038
-0.0232315063 0.0154412091
-0.0140031893 0.0528535433
0.00185528432 -0.0727174282
-0.015911432 -0.0294684544
0.00285852887 -0.0733837411
-0.0114367735 -0.0483163968
-0.00957069825 0.055605974
0.00502742361 0.0128885191
-0.00134394772 -0.0011534926
0.0554265119 -0.0360517316
0.00767127518 -0.0513256826
0.0302397814 0.0156799536
-0.012480475 0.0238629803
-0.012077353 0.0471940078
0.00626437785 0.0106412629
-0.0718748942 -0.0154236089
0.00933833141 -0.0328274854
-0.03486114 -0.0326797105
-0.0396471471 0.0328573994
-0.00105697068 -0.010718313
-0.00382218184 -0.0154949874
-0.0105704851 0.000376484153
-0.0238371976 0.0597498007
0.0462224558 0.0648436174
0.0199578684 -0.117636092
0.0166660305 -0.0278946683
-0.0400098898 -0.0298808943
-0.00484393537 -0.108941905
0.00834756903 -0.00627284311
-0.0413158387 -0.0548378751
0.0448803902 -0.0638989657
-0.00188282167 -0.0221782699
0.081811212 -0.0193550009
0.00414265878 0.0716866851
-0.131512463 0.0457300805
0.0503468066 -0.0277577974
0.0175875071 0.048200164
-0.0491559431 0.017895896
0.0393917747 -0.0722741857
0.0190107059 0.00206529396
-0.0182508864 0.0536237173
0.052866593 0.0230932143
0.0500120223 0.0209309887
-0.00925378036 0.0811287835
0.0529896021 0.0483790971
0.0139047615 -0.0410298854
-0.0467624739 -0.023198491
-0.0191713609 0.0805642828
0.00508514233 0.0442984551
-0.0531202927 -0.0529085658
-0.0917718336 0.0423481278
0.0254044104 0.058641728
0.0467779264 -0.0238220301
-0.0183774233 -0.0202790387
-0.00245179865 0.0180585645
0.013428783 0.0197401419
-0.0117152547 0.0250509959
-0.0418177955 -0.0217460338
-0.0564935021 0.0164396744
-0.048276104 0.0721630529
-0.0713339299 -0.0525946394
0.000394501811 0.00638276711
0.0570263453 0.0234091375
-0.0239922237 -0.0321280472
0.068143487 0.00666062487
0.0161645282 -0.0755560622
-0.067689769 -0.0721620768
0.0263168085 0.0149109662
0.0392800607 0.0411293656
0.0119356168 -0.0225870106
-0.00828787219 0.0506926887
0.0247387551 0.0554756969
0.0384411067 -0.0580863915
0.0735931322 0.0107548106
0.00678554131 -0.0329211317
-0.0514215231 -0.0588523261
0.0624155551 0.000850278593
0.0103483647 0.0388820097
0.0130805578 -0.0321894996
0.0267835818 -0.06111544
-0.00736984843 0.0188029055
-0.00192698278 0.013269675
-0.0686456189 0.0762029216
-0.0184257627 0.0303567275
-0.0402493812 -0.0176537335
-0.0325482003 -0.0259823743
0.0313012674 -0.0104640247
0.0460907593 0.0644578859
-0.0098261917 -0.0340796635
-0.0939411968 0.016826978
-0.0243953429 0.0230078176
-0.0191169772 -0.0366913714
-0.0313377902 0.023992382
0.00470875716 -0.0265848041
-0.0030879993 0.0116119683
-0.0268340725 0.00637800898
-0.030038666 -0.0538787693
0.0266655162 0.0400152132
0.0503157452 0.0403807573
0.00623247353 -0.00687482022
-0.0548933707 0.018367026
-0.0300150085 -0.0229319073
-0.0654907003 0.0328189954
-0.0633757934 0.0533928275
0.0418158323 -0.06886255
-0.0129235312 -0.0327595547
-0.00144219107 -0.0173545014
0.0141197182 0.0435404554
0.0299951211 0.0452839099
0.0728126392 -0.0280327648
-0.0293293204 -0.0125641199
-0.0621183515 0.00971335545
-0.115921251 0.0596837997
-0.074577041 -0.0158722643
0.0458357856 -0.0194748696
0.0121277757 0.0567813925
-0.016140338 0.00237315893
-0.0182852689 -0.0380194746
0.0259575658 -0.0310953967
8.47203337e-05 0.00939278398
-0.0491489358 -0.0113494089
0.0278603565 -0.103251949
0.0492264219 -0.144703761
0.0449672304 -0.0326354206
0.0028662032 0.0324474201
-0.0569853075 0.0188507717
-0.028666148 0.0359047428
0.0114646321 -0.0269674994
0.00222966238 0.00730745681
-0.0494165421 0.0310659204
-0.0605326258 -0.0385964885
-0.03495235 -0.00387234334
0.0176031403 0.0476432219
0.00990606192 0.00558945909
-0.0239965469 -0.01652137
0.0204510391 -0.0234791953
-0.00779754948 -0.0347909592
-0.0594622344 -0.00984964613
0.0251375176 0.092199184
0.0884675458 0.0117314057
0.0211973824 -0.101680838
-0.000319815736 0.000317874044
0.0107542444 -0.00754508888
-0.0253935773 -0.0233185124
0.0111699635 -0.006146878
-0.0175093114 0.0328219272
-0.053564325 0.0430672839
0.0185467061 -0.0510461703
-0.0737965554 0.0616261736
-0.0714889169 0.0346481167
0.0227869526 -0.0189423636
-0.00744916499 0.104382053
-0.0385261327 0.0796454772
-0.0231566187 0.0375657491
0.0291485544 0.0188586116
0.0534543954 0.0127117569
0.0221592151 0.0284454543
0.00110591017 0.0642603636
-0.0316291004 -0.0257694162
0.00453552743 -0.0524681807
0.0304833036 -0.00111554901
0.0275413077 -0.0680804551
0.0337750725 0.0310640689
0.0133306682 0.0510295033
-0.0191724934 0.032619033
0.0246725362 -0.0209468268
0.11255955 0.00116737839
0.0843052864 0.0118940901
0.0471610911 -0.0588707775
0.0128705753 0.0714407638
-0.0194635577 -0.0551832728
0.00301011885 -0.0262545552
0.00653511146 0.0688226074
-0.00478345482 -0.0765941143
-0.00691143097 -0.0221942328
-0.00946705136 -0.067998156
0.0244695842 0.0103429537
-0.0232325438 0.0402870663
-0.00401529251 -0.0212646089
0.00755869644 0.0102598397
-0.0275882687 -0.0173046179
0.0355969965 0.0306925848
0.0191066638 0.0156436134
0.0372889787 -0.00667948741
0.0245887674 -0.055788137
-0.0486901328 -0.0541375801
0.07500121 0.0123088555
0.0140132718 0.000538674183
-0.038807597 -0.00377744855
0.0209539495 0.0107751172
-0.00931066833 0.0555385202
0.038730789 0.0350955836
0.0350054577 -0.0408073589
0.00577804632 -0.0240389705
0.00982212555 -0.0755538121
0.0581897758 -0.0455100536
0.0588387661 0.0778934434
0.0327241533 0.0101673286
0.0279780887 -0.052091565
-0.00867509842 -0.0348905735
0.004711519 -0.0335141532
-0.0172178 -0.052333571
0.00524184667 0.0511744767
-0.0783843175 0.0507466495
0.00788541138 -0.0184878465
-0.0736539513 -0.0080205258
-0.0698049441 -0.0265897438
0.0253097266 -0.0116835348
0.00696661789 0.0215039011
0.00297020073 -0.000631994044
0.00115534407 0.0025449458
0.0776270628 -0.027020026
0.000413379195 -0.02603806
-0.011072251 0.0262507405
0.0302080959 0.0586006306
-0.00540498551 -0.0216079727
0.052491229 -0.0668356195
0.0632607564 -0.0172912478
-0.00583927939 -0.010981651
0.00045873021 0.0158895813
0.0126994327 -0.00218902854
-0.0152024655 -0.0250931345
0.0382328331 0.0214022268
0.0583862141 -0.0284610763
0.0104997475 -0.0596857071
-0.0433113649 -0.0103473896
0.00229475321 -0.00467269868
0.0450288765 0.00512148393
-0.0294560213 0.00104808109
0.0598509721 0.0200327244
0.0520550422 0.0211423412
-0.0325448401 0.0149908969
-0.0209745523 -0.03865036
-0.0181296095 -0.0129281441
0.0526532531 0.0239386149
0.0282918308 -0.0231174491
0.000856969797 0.0198739506
-0.0177134983 -0.0264229923
-0.017863499 0.000533367274
0.0476446711 0.093930155
0.0828808099 -0.0394179076
0.0647622645 0.0116014611
0.0281553585 0.0262703151
-0.0190727096 -0.0911348313
0.0130837187 -0.0874625891
0.0294791367 -0.036465507
-0.00208850764 0.0149515951
0.0446802452 -0.129100829
0.0482197441 -0.0364405662
0.0478765815 0.0901096985
0.0321588516 -0.015228888
-0.0432413109 0.0297321677
-0.0414050855 0.0856888294
0.0179036949 0.0369334593
0.031397745 -0.0365448333
0.0184101723 -0.00278724986
0.106299348 0.00182720332
0.073200874 -0.0316785686
0.00265336828 0.00962898787
-0.0516759418 -0.0302056596
-0.0597154461 -0.0510518253
0.0474022441 -0.0339955576
0.0167141911 0.00299760047
-0.0172554757 0.0159908291
-0.00291295862 0.0253588501
0.0154459011 0.0162042957
0.0171459541 -0.0431805439
-0.0181070212 0.0312949941
0.0267812628 0.0441015698
-0.0663408935 -0.0417789668
-0.0389042869 -0.00772426045
0.0221439358 0.0909309089
0.0453856662 -0.0111845648
0.0650697276 -0.0542400591
-0.0216722097 0.0491133444
-0.0386097953 -0.00610477477
0.0343560502 0.0187245924
0.020257473 0.0343803018
-0.0491569638 -0.0182724409
-0.0413489155 0.0115284128
-0.0192979183 -0.0138840079
0.074777633 0.023762865
0.0469321795 0.0193501189
-0.0567579418 0.0273177661
0.0234868042 -0.0219651368
-0.0137638208 0.00980339944
0.0107699074 0.0984914675
-0.000580491032 -0.0730196312
-0.0360112786 -0.011394836
-0.00536630955 0.0853075087
-0.0410529897 -0.0366156697
-0.0222403537 0.029072037
0.0127491802 0.0278892238
0.0685615763 -0.0553882234
-0.0337621868 0.00580153335
-0.00488067186 0.0591448508
0.0584578738 0.0349951535
-0.0304737054 0.00922222529
0.0124370418 0.0505198017
-0.0572220869 0.0322768688
-0.0315126181 -0.0765137672
0.0305175167 -0.0811765939
0.0147053571 -0.0210612584
0.0180097446 0.00562618254
-0.0145380097 -0.0354461148
-0.0277074371 -0.0815510377
-0.108194597 -0.0667968169
-0.0388170071 -0.0554349348
0.0319065526 0.0550809875
0.0170565993 0.0787539706
-0.00248372741 -0.0392773114
-0.0417630821 -0.0376807563
0.0172705539 -0.0410585962
0.0344548784 -0.0484727062
0.00224197912 0.0061741299
0.0138209006 0.0338610224
0.00487300148 0.0376082659
0.0101876752 0.00892050005
0.00175498577 0.0313077345
-0.00652381033 0.073849082
0.0384845585 0.0141563322
0.0420211926 -0.00348821026
-0.0117156599 -0.0095142005
-0.128204465 0.00224788417
-0.0263920799 0.0636371076
0.0882579535 -0.0140260672
0.00280782767 -0.0576069169
0.0475590229 -0.0175884627
-0.0251881164 -0.0277652219
-0.00216219341 -0.00484645972
0.0497680679 0.00764691504
-0.0516493805 -0.0182914846
0.0097595416 0.0250248984
-0.0672754049 0.0178770684
-0.020770397 0.0224345364
0.0019417837 0.0225888249
-0.0886040181 -0.0087729115
0.0415252671 -0.00648547197
0.00898875576 0.0733454451
0.00904395059 0.0491218008
-0.0581745356 -0.0946332514
-0.0806178227 -0.00455321837
-0.00190699077 0.0516707078
-0.0582363121 -0.0201005992
0.0123262983 0.0614274479
-0.0107952515 0.0361934081
-0.021085266 -0.0482865758
0.0142065659 0.0201044213
-0.0606623031 -0.0481852181
-0.0496028699 -0.121780202
-0.0103651835 -0.0757418275
0.0360335819 -0.0720207989
0.0050854492 0.0177743603
-0.0785110667 0.0269957837
-0.0331312194 -0.0508013628
-0.0221817121 -0.00634513889
-0.00986567512 0.0124432342
-0.00707897078 0.0206365865
-0.0354386643 0.0163812786
0.0260814149 0.00965091027
0.0590113513 0.045756381
0.00349657447 0.0171692837
-0.0239795037 0.0243156683
0.0404135063 0.00640320871
0.0508404709 0.0581447333
-0.00990401674 0.083571054
-0.0369477831 0.0367050581
-0.0107125221 0.0819935426
0.0406062752 0.0067176302
0.0120953443 -0.0180295184
-0.000319861865 0.0204819143
-0.0168306064 -0.026478786
-0.0253887847 0.0205700621
0.024143381 0.0030657507
-0.0349516198 0.00412493199
-0.0115793906 0.035708718
0.0677666962 -0.0466591455
-0.00280648703 -0.0521276444
-0.0370290019 -0.0256702304
0.0512748547 -0.0307679754
0.0748430043 0.0113437334
0.0305757876 0.00775814382
0.00989906676 -0.0179444589
-0.00984681398 0.0150531204
0.00368658057 -0.0309366956
0.0196979325 0.00312664174
-0.012742538 0.0134936348
-0.00478417845 -0.0251669493
-0.0697972775 0.00463125296
0.0197366402 -0.0396614186
0.0548423268 -0.018186532
-0.0894837156 -0.0350714549
0.00165008707 -0.057318531
0.0140030412 0.032495141
-0.00394555833 0.0196107738
-0.012060144 0.0289826542
-0.0697074905 0.0311390776
0.0672204569 0.00324809155
0.0471533239 0.0483562797
-0.0105794817 -0.000338764279
0.0181582123 -0.0267073233
-0.0506307334 0.0288325343
-0.0250377152 -0.0220438875
-0.0235222559 0.00711400248
0.0672370717 0.0590949655
0.0426847599 -0.0641392618
-0.099067077 -0.0665874183
-0.0585257709 -0.0420552045
0.013615422 -0.06230608
-0.0408331044 0.047450386
-0.0787453651 0.00398930581
0.0401722714 -0.0444110259
0.0262759216 -0.0134278629
0.0560362525 -0.00273349206
0.0782286972 0.0419556312
0.00761673786 0.0431924351
0.0467648469 0.013457628
-0.0721449554 0.0231287479
-0.00911427848 -0.0205912404
0.0361968167 -0.0640170202
-0.0849544033 0.0260055047
0.0283540972 0.0049122232
0.0297689475 -0.0563983433
-0.048739031 0.0290041417
5.38263448e-05 0.00128665648
0.0187603012 0.0566596128
-0.0647397116 0.0446845964
0.00155903806 -0.0778968558
0.0297189187 -0.0111379735
-0.027220102 0.017802503
0.00771943294 -0.012059126
0.00974724069 -0.0125341546
0.0307899192 0.0304961652
-0.104704015 0.0659025386
0.0113958595 -0.00282574049
0.0856919959 -0.000457334827
-0.0109285517 -0.0351217911
0.057291396 -0.0188196562
0.0395928808 0.00700999657
0.0889008418 -0.0451742932
-0.000704229169 0.0320964791
-0.0457605459 -0.0243871901
-0.0498726293 -0.0230755322
-0.0274595954 0.0682477206
0.0257759318 0.0601482354
-0.0333925262 0.0395949073
0.0587172359 -0.0231531654
-0.0625621676 0.00807119999
-0.0650979802 -0.0115364818
0.0298446771 -0.0724874735
-0.0438586138 -0.00642401492
-0.00746869063 0.00834373385
0.0016162059 -0.0345204659
0.0139414007 -0.0239354782
-0.0437739193 0.00652478263
0.0211408474 0.0440208279
-0.0230165496 0.0576196872
-0.0456716828 0.0261495914
0.00305832713 0.0503000803
-0.0791839361 0.0495991521
0.00333566521 -0.0205826741
-0.0678508431 -0.00379244378
-0.08302968 -0.0256055333
0.0112483697 -0.0204583164
0.00926743448 0.013315863
0.00282815332 0.00465657096
0.0082914317 -0.00190407573
0.0791396052 -0.0243157372
-0.00826628134 -0.0259669181
-0.0110002551 0.0381827988
0.0354980156 0.0579291508
-0.00661232881 -0.0280507077
0.0544934794 -0.0599291734
0.0605666526 -0.0184844006
-0.000586110109 -0.015964102
0.000316984049 0.0273365378
0.0127488067 0.00261152
-0.0192057248 -0.0200529806
0.030129388 0.0250947326
0.0545220822 -0.0347825736
0.0125556039 -0.0492623784
-0.0407814384 -0.0118141593
-0.00566927018 -0.0102066966
0.0460645668 0.0013625212
-0.0230293162 0.00989149325
0.0653373748 0.015990885
0.0504557565 0.0223411899
-0.0225570742 0.0145409936
-0.021538794 -0.0372999422
-0.0146847535 -0.0219169594
-0.0242089704 0.0441792198
-0.065062508 -0.0462994166
-0.023185188 -0.0456457883
0.00131675892 -0.00245224941
-0.031996455 -0.0127938036
0.0308460705 0.0120746372
-0.0303547289 0.00132463465
-0.0807114691 0.0229995176
-0.0296069551 0.056557145
-0.0335571729 0.0159326624
0.0111564789 -0.048440475
0.0166351404 -0.0605847575
0.0390799232 -0.01462832
0.0321075208 -0.0390776359
0.0391025469 -0.0705125928
0.0678206906 -0.0141364858
0.0134203872 0.0307975207
0.0481793061 0.020959584
0.0115346164 -0.00479859626
-0.0726278499 -0.0570751131
-0.0143812681 -0.0790687799
0.0949539095 -0.00891906861
0.0643634498 0.072080493
-0.0114550879 0.0286213029
0.0167530756 -0.0289336257
-0.0362854339 -0.0461898223
-0.0284640025 -0.00674552284
0.0282536764 0.0429621153
-0.0152272219 0.0160063282
0.039073281 0.045853328
0.060955707 0.0314789228
-0.0333566256 0.00886181276
0.00781174377 0.0142834345
0.0133950692 -0.0553925745
-0.0441235118 -0.0406263396
0.0490102284 -0.0113473795
-0.00342707918 0.00755598955
-0.000759686576 0.048966065
0.0400243551 -0.0107867718
-0.00772821577 0.0155105852
0.0196899008 0.071562849
0.0475973487 0.0377438292
0.077629745 0.0469302796
0.00284343539 -0.0210118201
-0.0167053062 0.00521474564
-0.00526548922 0.0444252864
-0.00189429894 -0.106190935
0.0237796921 -0.0745489597
-0.0024316255 0.0255902074
-0.0185376927 0.0793905184
-0.04190851 0.070829168
0.0105150351 -0.0556789897
0.0958400965 0.0029220297
0.0570678674 -0.00041374244
0.00869154837 -0.0387196653
0.0177291576 -0.0143947368
0.103939801 0.000887656875
0.00728370761 0.0121870283
-0.0371483788 -0.0340969712
0.0659384578 0.0291468725
-0.0202769618 0.0262417253
-0.019326793 -0.0347654074
0.0661664903 -0.0207880624
0.00909561943 -0.0182830896
-0.0319842547 0.0290261693
-0.0227178633 0.0340479054
-0.0192942861 0.0311890859
0.030216882 -7.92552455e-05
0.0482004434 -0.0214229506
-0.000398595963 0.0496191792
0.0253418125 0.00378647121
0.0112925367 -0.00894976966
0.0258969702 -0.0371318869
0.0431253389 -0.0847282261
-0.0655158907 -0.0233002771
-0.00136430084 0.0576883294
0.026486529 0.0823877305
-0.0262128469 0.0367078483
0.00771485874 -0.00350130885
0.00224232511 -0.0244959891
-0.0138322851 0.0145190684
-0.0865113065 0.0298231039
-0.00913827214 -0.023710005
-0.0203739814 -0.0304227229
-0.0205825809 -0.0434752591
0.0470517874 -0.0521523915
-0.031652689 -0.0231911596
0.0755272284 -0.0283766203
0.0212615747 0.0212451387
0.0145565066 0.047040306
0.0743107125 -0.0290681142
-0.075575538 -0.0459682085
0.0454989336 0.0387893915
0.0527623631 0.0240937546
-0.0260818768 0.0055652475
-0.0157826263 0.0222052913
-0.0736578405 -0.0225848984
-0.00737050688 0.0574611984
-0.0650407746 0.0427470766
-0.0310442839 -0.0290060304
0.0280643348 -0.0203526691
-0.0624500997 0.015761368
0.000557296211 0.103024438
0.0878730938 0.00266516698
0.00153647922 -0.0187650025
-0.0332870968 0.029339131
-0.0192235764 -0.00463386858
-0.021806391 0.0299711786
-0.00268171565 -0.0472316854
-0.0554165542 0.0215664897
0.00257581775 -0.0120588569
0.0382425636 -0.0330506489
-0.0408659354 0.0586674325
0.010963453 -0.0642447546
0.0419611894 -0.0162216928
0.0102086198 0.0386166535
-0.0266123135 0.00073296862
-0.0458938666 0.000579146959
-0.00972333457 -0.00796236098
0.00540939951 0.015481296
-0.0558987297 -0.0118753174
-0.0370529331 0.00305090635
-0.0316865258 0.00431397371
0.0250286106 -0.0292473976
0.13488248 -0.015493053
-0.0127993906 0.0666624159
0.0434024483 0.00513000041
0.0896660313 -0.0956647843
-0.02003159 -0.0227117613
-0.0342013091 -0.0320120081
-0.041228503 -0.0367580391
-0.0258884896 0.0134717636
-0.0321750902 0.00697303424
-0.00931691471 -0.0660271645
0.0038120891 -0.0477303751
-0.0103575457 0.0105248848
-0.0417132862 0.0251723547
-0.0672096536 0.0319918916
-0.00904999673 -0.0137108676
-0.0239955783 -0.0181485526
-0.0357790738 0.0058517945
0.028484378 0.0365854688
0.038262058 -0.0353166945
0.0594520643 -0.0524726585
0.0486980192 0.0601197071
-0.0651357844 -0.0260051694
-0.0196710881 -0.0458941646
-0.0370224901 -0.00810571946
-0.0791914314 -0.0503128469
0.0504622571 -0.0127345165
0.0118671395 -0.00201917882
0.0290823821 -0.0153315673
0.0360210463 0.00190245465
-0.0130926808 0.0131945554
0.0213756487 0.0222841408
-0.0572986305 0.0166114811
-0.0416414477 -0.020355884
-0.00344754825 0.0457470901
0.0154888211 0.0465243123
-0.0581027567 0.00943691749
-0.0772723481 0.0706729144
0.00126919325 -0.00490286434
-0.0754839852 -0.0281807166
-0.0239759665 0.0210237503
0.0306694154 0.0140837599
-0.0344928466 0.0324957483
-0.0543871634 -0.0439781696
-0.0459739342 -0.0635584593
-0.0112143829 -0.0278208666
0.0370748602 0.0534028299
-0.00877651479 0.0359180756
-0.0101607256 -0.0371656418
0.00905702636 0.0229406711
-0.0831349343 0.00797468796
0.0395063385 0.0234672166
0.0216704626 0.00632087979
-0.104235724 0.00812888518
0.020631725 0.0208397731
0.0374269634 0.019732086
0.00318247406 0.0158518851
0.0786845312 0.0438196138
0.043045491 0.0451765843
-0.0121694822 -0.0327923708
-0.0217513219 0.067989774
-0.109850958 0.0615258813
0.0271664225 -0.0403124504
0.0557949394 0.0719357654
-0.038327679 0.0398264043
0.0785579383 -0.0388455875
0.00611128705 0.0221875478
-0.00862958934 -0.00885365531
-0.072222732 -0.0716675743
0.00473210216 0.00831340346
0.150232121 -0.023967443
-0.0472454801 -0.101904579
-0.00478818407 -0.0200823825
0.0275801998 -0.0387114175
0.0445599928 -0.102100916
-0.051297076 0.00339399348
-0.0568471774 0.100944996
0.0187807735 -0.00283203693
-0.0657478049 0.0232957434
0.0173051357 0.0845226273
-0.0224133004 -0.0456186496
0.0138345994 0.00581840565
0.00571441185 0.0298530888
-0.101774961 0.0175417997
0.000610475603 0.0167444088
-0.0301093031 -0.00625887793
0.0161079802 0.0517958365
0.0686824545 -0.0373865589
0.0677995309 -0.044349663
0.0216776878 -0.0733856037
-0.0232308134 0.026273001
0.0203857087 0.0893768147
-0.00468644034 -0.032894589
0.00280355127 -0.011287949
0.0140516888 -0.037933778
0.0117031885 0.0580479875
-0.00790764671 0.0365689062
0.0149539122 0.00392932305
0.018392479 0.0568298213
0.0209297203 -0.0315215029
-0.00352938729 -0.00990598183
-0.0502672344 -0.0726830885
0.033648178 -0.0578644797
-0.0107765952 0.0266420897
0.00937584974 0.0556742884
0.0504190698 0.0458882079
-0.00422995118 -0.0406128392
0.00728229899 0.0209049936
-0.0259561762 0.00237017078
-0.00774560636 0.0656542033
-0.00718759606 0.0397224464
0.0312194638 -0.0797474533
0.0642969385 0.00498486124
-0.017624449 -0.00466663437
0.00846557133 -0.00818208698
0.053222809 -0.0211779568
0.0377232619 -0.0043796082
0.0637144893 0.0107242921
0.00210021273 -0.042898722
-0.0312600806 0.0129710827
0.0243831836 0.032909058
-0.025142746 0.0114217335
0.0151274316 -0.0158667006
-0.0149514182 -0.0340088755
-0.0522111058 -0.0681408569
0.0272797216 0.00214326149
-0.00511212694 0.0348751135
-0.0622870401 -0.0508078225
-0.0740694851 0.0778076276
-0.00512657641 0.0891740993
-0.0165278185 -0.0131541649
-0.058248397 -0.0351393223
-0.0227057077 -0.0143014807
-0.0255398974 0.0391578823
-0.0649336055 -0.0494437218
-0.0238843728 -0.0474658012
0.00225575035 -0.0151967965
-0.0311440825 -0.00774273975
0.0271816049 0.0104018133
-0.0355492756 -0.00519451685
-0.0848914087 0.0282988045
-0.012927182 0.0462552607
-0.0310244597 0.00685457466
0.0170450192 -0.0511082001
0.0135858208 -0.0695414543
0.0415529981 -0.0250043105
0.0370173194 -0.0400237441
0.0417878889 -0.0772587657
0.0671457574 -0.021285506
0.0168030187 0.0334550701
0.047403574 0.0152201336
0.0107264472 -0.00317445863
-0.074464485 -0.0533645451
-0.0240662508 -0.0777875558
0.0844201371 -0.010590082
0.0714952797 0.0711881593
-0.00788287818 0.0307021216
0.0172604099 -0.0324132778
-0.043219205 -0.0417612344
-0.0242741629 0.00361527991
0.0322015472 0.034579616
-0.0104486896 0.0139456131
0.0399301536 0.0376648121
0.0607769601 0.0250578299
-0.0318300687 0.00422795024
0.00769046601 -0.0249284822
0.00871815719 0.00306271249
0.0121084964 0.0360593945
-0.00342137553 -0.0139881605
-3.38784666e-05 -0.0419849977
0.0106968321 -0.0663405135
0.0970531926 0.0329908431
0.0257566795 0.0509701744
-0.00182182644 -0.0162648913
-0.0143854627 0.0150104947
-0.0144131295 -0.024871666
0.00544016995 -0.102620803
-0.107065924 -0.00808374863
-0.0488966629 -0.00626964029
0.0282352977 -0.0385926813
0.0192145612 0.0180588253
0.073091127 -0.0555066392
0.0391151942 -0.048202619
-0.0568447113 0.0275032632
-0.00663092081 -0.0161506236
0.0503582396 -0.00575529085
0.035384018 -0.0830620155
0.0419689864 -0.0810621008
-0.0512889326 0.0518320426
-0.000329296279 0.0785082802
0.0751065165 0.0145322457
0.00259462651 -0.00688443286
0.0620947517 -0.0321974717
0.056055814 -0.0608478226
0.050988432 0.0403908938
0.00362978177 -0.0351879969
-0.097633034 -0.0446734391
0.0457413606 0.0125525706
-0.000149546991 -0.0257766563
-0.00147416152 0.0012277331
0.0490421727 0.0266410355
0.000341066887 0.0401027165
0.0357839912 -0.0396020487
-0.0274373647 -0.0640226305
0.00628287438 0.0205265451
0.050349988 -0.0165639073
-0.0454007685 -0.0677698255
-0.00246786582 -0.0373322219
-0.00971148536 0.0137084359
-0.0441597886 -0.00768043753
-0.00479105162 0.0250891615
-0.0233797096 0.045916684
0.015082879 -0.018068593
0.0427292623 0.010673156
0.0513286665 0.0420921929
0.0514843203 0.0449865684
-0.00306540774 0.0231491048
-0.0337998979 0.00141393091
0.0081823105 0.0226410478
0.0514170378 0.0478847921
0.0350438319 0.0454456024
0.0260502473 0.0325062796
-0.0197071657 0.0442750826
-0.0708734766 0.0567789115
0.000120107325 -0.0494336449
-0.00505421404 -0.035396602
0.000481961673 0.0559862927
-0.0146685941 -0.00693149539
-0.0384952873 -0.0486310907
0.00873181317 0.0412838943
0.0227874238 0.0901958868
0.0165472031 -0.0130091328
-0.0891895145 -0.0565588623
-0.0532241873 -0.0320532769
-0.0017315615 -0.063807562
-0.0252471622 0.0369135067
-0.00930502173 0.051146131
-0.0348645523 0.00736040436
-0.0335237645 -0.0253743809
-0.0747224316 -0.0697821379
0.0311254226 -0.011428073
0.0128701692 0.0428399183
-0.0193029474 -0.0123031875
0.0903601348 -0.00400820095
0.0419990271 0.0242050383
0.132840365 0.0356546082
0.0455200598 0.0313974842
-0.0109392535 -0.0349385291
0.0571787022 0.0106798429
0.0432904027 0.0138474032
0.0540712923 -0.00886396226
-0.0440834537 -0.018369006
0.0208270513 -0.0700503215
0.0267323516 0.0258492548
-0.00473414501 0.00703887828
0.0532110706 0.031624414
-0.0161877386 0.0253237896
0.00720978482 -0.0442929678
0.00564551214 0.0629421622
-0.00290001882 0.0241107587
0.0306800306 0.0171301626
-0.0360523053 0.0133310184
-0.0444351994 -0.0343367383
-0.0218699966 -0.0483305342
-0.00328528951 0.0153081408
0.0486682989 0.0886766538
0.0161251612 -0.0228271019
0.0258648321 0.0217432734
0.0859562308 0.0309645273
-0.0107335923 -0.0120250061
-0.0143247778 0.000182526812
-0.0165351387 -0.0445469767
-0.00938883703 -0.0115250014
0.0134723764 -0.0458205305
0.00381215545 0.00755539909
-0.0188432802 -0.00763046322
-0.0997344032 0.00581890298
0.0264827348 0.0460044332
-0.0180712231 -0.00196193252
-0.07962019 0.042963516
0.0347546749 -0.0253917407
0.0447819456 -0.00819685776
0.0172191486 0.0263057034
-0.0516629443 -0.0516830161
0.0298072062 -0.0626685396
-0.0122764446 -0.00603065919
-0.0380507745 0.0220578704
0.0448425636 0.00378744141
-0.0556640066 -0.0286448691
-0.0573092811 -0.0817679465
-0.00192869047 0.0104818484
0.0511848107 0.00813079253
-0.0113679552 -0.0766419694
0.0205242112 0.0304754227
0.0383254699 0.0422092974
-0.0366179496 -0.0104609095
-0.0307252854 0.0517818145
-0.0601853952 0.0459703766
-0.0107116736 0.0512850843
-0.0284033623 0.0363229625
-0.0721396431 -0.0822007731
-0.0881002247 -0.0119365556
-0.0711548924 0.0328537747
-0.0300960839 -0.00464221509
-0.0478436463 0.0288431738
0.0354902372 -0.00383065362
0.0391810238 0.00793205108
0.0292096902 -0.00866540801
-0.0288392194 -0.112406887
-0.0310109779 -0.0292936116
0.0105627859 0.100753628
-0.00925328489 0.00854545459
0.0231664069 -0.0517362691
-0.0427157134 0.0553976856
0.0365236029 0.0371892788
0.0595950857 0.03898165
0.0165409055 0.0654774457
0.00169042719 0.0109539526
-0.0505336374 -0.0124951219
0.0993638635 0.0250292718
0.0329258479 -0.0452631339
-0.0589573085 -0.0340166166
0.0146787753 -0.0337986164
0.00594026549 -0.0620625466
-0.00737127941 0.0197212715
0.0181941744 -0.0598081313
0.0166162569 -0.00597547134
-0.0116201965 0.0254276097
-0.0228711739 -0.0462012999
-0.0522505008 0.0346816964
0.0297654327 -0.0726447031
0.0838813782 -0.0299003795
-0.0559789687 0.0478195362
-0.0414489806 0.0142688379
0.0438286774 0.0251653995
-0.0155451894 -0.0534560531
-0.0729461536 -0.0395634361
-0.023270689 -0.0348421298
-0.0689765289 -0.0209412482
-0.000553181511 0.0139113562
0.00550153432 0.0609535277
-0.1033758 0.00379597326
0.00739510031 -0.0860360786
-0.0135792568 0.0124290697
-0.0612760335 0.0168544278
-0.0553528741 -0.000537718995
-0.0074516288 0.0149760777
0.0183909852 0.0650062263
-0.0356834345 0.0177708585
0.0846265554 -0.0629587248
0.0459944159 0.0230314042
-0.0510037169 0.0153097101
0.02223395 -0.0853138193
-0.0372334607 -0.00454010768
-0.038379278 0.0618143789
0.030162314 -0.00953514408
-0.0136131654 -0.0137665365
-0.0408006497 0.0464190766
0.0442893282 0.0179132354
-0.0102188922 -0.0426047258
-0.0176991206 -0.0110971462
0.0497282445 0.0196923018
-0.0480590239 0.00213787402
0.00919248816 0.0668410361
0.0765845478 0.0349081084
0.0312835835 -0.0418398008
0.0625841096 -0.0139603522
-0.0195998996 0.0402251221
9.24836204e-05 0.0116479583
0.0736078992 -0.0364652388
-0.0181117561 -0.0265121255
-0.0433726013 0.0430255719
-0.0736026913 0.0421730801
-0.0176768564 -0.0251180325
-0.00733071892 0.0166020598
-0.0181249026 -0.0122306691
0.0695307925 -0.012711077
0.0228302255 -0.00855016522
0.000700572506 -0.0578402914
0.00958440639 0.0519803874
-0.124619588 -0.00968894456
-0.045072522 0.0109879831
0.118882984 0.0425211415
0.05069381 -0.0246503912
-0.0014418246 0.0747451484
0.00530131254 0.0608097389
-0.0342097618 0.0701603666
-0.0480850227 0.0556765459
-0.030361617 0.00171453797
0.0449572764 0.0180305373
-0.0337765515 -0.0419996008
-0.00381739601 -0.0273617245
0.0767481625 -0.0456580967
0.0124918809 -0.0252225343
0.0513338596 0.0296645164
0.00749358954 -0.0168759767
-0.0199595429 0.0453212671
-0.00460443739 0.053072717
-0.0766651854 -0.0115468586
-0.0546171181 -0.0213132091
-0.0296283998 -0.0713887587
0.0118093342 0.0231838189
-0.0171974432 0.0597889833
-0.0351962186 -0.0259920824
0.00392728718 0.0506221093
0.0153460791 -0.0197444558
0.0304309893 -0.0535824411
0.0325804912 0.0313069336
0.0281862449 -0.0049753054
-0.0270302501 0.0269983802
0.052468013 0.0151018025
-0.0331184827 -0.0339379236
-0.0813141465 -0.0206403229
0.0358624086 0.0132772438
0.0191674028 -0.0143287145
0.0556115881 -0.0125584425
-0.0385289416 -0.00255615567
-0.0357601307 -0.043316666
0.049812451 0.0276822448
0.00118364196 0.0422083475
0.0367644653 0.00324950111
0.00991609506 -0.0261216741
0.00933577307 -0.00365291839
0.0179154295 0.0292394366
-0.00218940875 -0.0151874265
-0.00418284209 -0.050027255
0.010154143 -0.0683258027
0.104881838 0.0270240977
0.0194016043 0.0446682572
0.0019258213 -0.0142446505
-0.0104679856 0.0194392074
-0.0143348919 -0.0248977579
-0.00115505699 -0.103010863
-0.113645837 -0.0101323193
-0.049346514 -0.00179382553
0.0249579214 -0.0470973887
0.0150991771 0.0231494978
0.0591671094 -0.0625793412
0.0418567099 -0.0483735017
-0.0558216758 0.024716951
-0.015705917 -0.011654322
0.0442241989 -0.0147992689
0.0310502537 -0.0807572603
0.0359007344 -0.0743584782
-0.0541613288 0.0492383651
-0.00247137807 0.0834720284
0.0741872117 0.00966572296
-0.0106793363 -0.00344419223
0.0642609224 -0.0312597752
0.0459951609 -0.0707025975
0.0564733855 0.0379578695
0.0034198435 -0.0328506194
-0.0964629799 -0.0476303585
-0.0431289934 -0.0560669489
-0.0144768786 -0.0191450566
0.0552606769 0.0391196869
0.0668278039 0.0247899666
0.0191122834 -0.01646428
-0.0423583984 -0.043094486
0.0312717371 -0.08418791
0.0853706747 -0.0149279907
-0.0231433306 -0.0317793712
0.0763349831 -0.00892145652
0.0654561892 0.103895001
-0.0273935255 -0.0526705645
-0.0192252565 -0.0486627072
-0.0820419714 0.0601185523
0.0080956025 0.018851215
0.0141166486 -0.0262858011
0.0324027687 -0.0415604003
0.0265481956 -0.00919210818
-0.00994961336 -0.0175147373
0.0813345015 0.0161915906
-0.0434665829 -0.020591557
0.00839218032 -0.0197988842
0.0429434888 0.0285445452
-0.0323084779 -0.0374129117
-0.00662177382 -0.0459183417
0.0219469517 0.0111883935
0.0190072544 -0.00733756972
-0.0198608767 0.0227270853
0.0387247913 0.0518868081
0.0581720322 0.000990378554
0.0104531208 0.0266788676
-0.0208516512 -0.0453121029
0.0195568912 -0.0761196688
0.0318787061 0.0470762625
-0.0323755704 -0.00454918761
0.0144674517 -0.0286279768
-0.00319782854 0.0487179048
0.0315932594 -0.00750583038
0.031723734 -0.0123214154
0.019300878 0.0307174344
0.0700711235 0.00398558099
-0.0107531417 0.0153324669
0.0298176315 -0.0157060549
0.0268867984 -0.0294478331
-0.00574032497 0.041936852
0.0255730338 -0.000105037703
0.0174345057 0.0306997858
0.0384514779 0.0260549542
0.0100688376 -0.0169777609
0.0341927782 0.0341436155
0.0535998046 0.0145692015
-0.0115763163 0.0542960204
0.00154344668 0.0154361362
-0.0224685874 -0.018997658
-0.0345366821 0.0724041313
0.0324380025 -0.0207852367
0.0626595616 -0.0354773775
-0.0134458132 0.0190181416
-0.0518267117 -0.0515921712
-0.0123831276 -0.0550245643
-0.0118259797 -0.0389218479
-0.0306404512 -0.0159103069
-0.0241312589 0.0233654864
0.0222470369 -0.0407283343
0.0777875558 0.00376580958
0.0125296144 0.067168422
-0.00134619197 0.00209024036
0.0437072515 0.0284054838
0.0175002832 0.0121309543
0.0094679594 -0.0545016937
-0.0224959645 -0.0118844621
-0.0105394814 0.0195959806
0.0126076071 0.0121174119
0.0546902232 -0.00209699455
-0.022056913 -0.0725912377
-0.0685585588 -0.0521571375
0.116021782 -0.0196346436
-0.0167083442 -0.0791106075
-0.0492812358 -0.0150503302
0.0999078229 0.022559002
-0.0139532862 -0.0349119566
-0.0683792755 -0.0219077468
0.0302205924 0.0102245836
0.0994146019 -0.00343985669
0.0219558142 0.0350151472
-0.0059936624 0.0985112265
0.0436564013 0.0592869297
0.0393095538 -0.0177263599
-0.0345889814 -0.00922008976
-0.0194863193 0.000258445652
0.0271612871 -0.00545193069
-0.0520796739 -0.0601368733
0.0257544722 -0.0378355533
-0.000105031912 0.00584366778
-0.03471056 0.0155743621
-0.0177920815 0.0149400821
-0.0907916129 -0.0380950309
-0.00758080417 -0.00991563965
-0.0164957941 -0.00214006077
-0.0434306823 -0.0179822277
-0.0495277084 0.0642445087
-0.035954237 -0.0313547999
0.0914108679 -0.0454806536
0.0272418465 0.0135501111
-0.0472009405 -0.0796480924
-0.038531106 -0.0611140281
-0.0353021584 0.0148343854
-0.0120397899 -0.0118425349
0.00243368675 0.00281751459
0.0251287371 0.05621133
0.00879613589 -0.0204655603
0.0457541309 -0.0385975726
-0.0289023891 0.0403385945
-0.0649181008 0.0543805771
0.0392701998 0.0827907249
0.0357910283 -0.0128109194
0.0235626195 0.00799764693
-0.00468085613 0.0437860787
0.00534291426 -0.036433354
0.0296543408 0.0486109555
-0.0263628699 -0.0487586819
-0.106091961 -0.0161761846
-0.0886232629 0.0505895466
-0.0292123351 -0.0495915115
-0.0363168567 0.083128199
-0.0157133024 0.0816094056
-0.00391197018 -0.0199768953
0.022055231 -0.00206622714
-0.00993964542 0.0273179784
-0.029986944 0.0217547771
0.0271244328 -0.00767808454
-0.02188568 0.0397198722
0.0111382967 -0.0241738763
-0.00995548256 -0.00883238297
0.0227921307 -0.0114291636
0.0104667703 -0.0348182954
-0.0575981587 0.0216721985
0.0181267597 -0.0335894004
-0.0426555909 0.0633071437
0.0124800187 0.105514638
-0.00948875491 -0.0260665677
-0.0666124523 -0.00708702253
-0.0399933606 -0.0137209687
-0.0203465521 -0.0603338815
0.0818727687 -0.0138473781
0.0151822874 0.0752812177
-0.0499953963 0.0752450302
-0.10079629 -0.0195859782
0.0124071566 -0.0171503332
0.0744335204 -0.0250004046
-0.0365802869 0.018746078
0.0320113599 0.0434775688
-0.0107886614 -0.0133712823
0.0469763912 0.0283111352
0.0222493391 -0.00860249344
-0.0775269791 -0.0418777242
0.000533682993 0.00173427386
-0.00662314333 0.00375300902
0.00375228934 -0.0281641092
-0.0250721425 -0.0782299191
-0.00295454473 0.00561207393
0.0496019349 0.0136630749
0.0280704796 0.0183584653
-0.018420063 -0.0117026623
0.0181378014 -0.0720017627
0.0422656499 0.0482226387
-0.0148004778 0.0344332866
0.0131977452 -0.050169684
-0.0533241853 -0.030071944
0.0107632801 -0.0078005665
0.0457146131 0.013108328
0.0594570599 -0.00609546714
0.0586150661 -0.0452624597
-0.0809460655 -0.0250192601
0.0526204966 0.0399331711
-0.046584405 -0.00237662066
-0.0493412055 -0.0474551544
0.0543209761 -0.0204740819
-0.0560664795 -0.0444330536
0.00356216356 -0.00571942003
-0.0242418833 0.0988148078
0.0372141227 0.0640291274
0.0365343988 0.00519116269
0.0230009444 0.0197281316
0.00950974319 -0.0221340396
-0.102591015 -0.0427437238
-0.0429916121 -0.0517442897
-0.0766622648 -0.0196510199
-0.048023764 0.0116550215
0.0204242542 -0.0127661945
-0.00403705426 0.0412202999
-0.0440707542 0.0288678613
0.0049697631 -0.0241636559
0.0623353198 0.00498296553
0.00741260452 0.00819053873
-0.0297819991 -0.0311955847
-0.0303856991 0.0451460741
-0.0410526581 0.0399121419
-0.0210764203 -0.0476322249
-0.00766347488 0.0598369278
0.00172978838 0.03322744
0.0683764592 -0.0276547633
0.0244769081 0.00876667071
0.00508732628 0.050559327
0.0565473065 0.0123512764
-0.0147568947 -0.0588367395
-0.0185724422 -0.0116164237
-0.0249565169 -0.0600232296
-0.0328876637 -0.015446648
0.0102888364 0.0213735383
0.0396965928 0.00469841156
-0.0520665385 0.0206112061
-0.0578920133 -0.056596078
0.0262206513 -0.0187024418
-0.0583622865 0.0390026383
-0.00799839757 0.0451753549
0.0353736393 -0.00725914538
0.0682548806 -0.0521768145
0.0538657531 0.0743957013
-0.00785453524 0.108189873
0.0751148388 -0.0164591987
0.0210506003 0.0423276648
0.0449298806 0.0689673498
0.0126866372 0.00293137319
-0.0614887513 0.102380179
0.0672952905 0.0210359972
0.0296496917 -0.127691343
0.0384500213 -0.0782730058
0.0128647666 -0.0148920445
-0.0367025584 0.0355393551
0.0602659136 0.0142138414
0.0063051125 -0.0129984692
-0.0125049073 0.000302061468
-0.0125830136 0.0229227096
-0.0969600976 -0.0167890396
-0.0253305063 -0.0249733832
-0.0506390817 0.0420025215
-0.126112685 -0.0405976363
-0.0454046912 -0.0406648554
-0.0564930998 -0.0285287686
0.0313922949 -0.0623786114
0.0758758709 -0.00397337321
-0.00275887386 -0.0118516898
-0.0603362657 0.0103499833
-0.0791843757 0.0232160948
0.0329598263 0.0436454564
-0.00523741776 0.0231284201
-0.0565149821 0.00768258004
0.00469090557 0.00955610629
-0.0289486274 0.0181408189
-0.0139198452 0.0224252548
-0.000475793175 -0.0249537975
0.00616461597 0.0331063867
0.0187075809 0.0493912548
-0.0289951898 -0.00937578455
-0.0552513078 -0.0303817224
-0.0385318883 -0.0527176484
-0.00998626929 -0.0223582201
0.0630707219 0.0377082936
0.0754561573 0.0247143712
0.0162788909 -0.0194219779
-0.0419880226 -0.0501980633
0.025146151 -0.0863602087
0.0797233209 -0.0146843838
-0.0279845037 -0.0343992971
0.0626548752 -0.00997229572
0.0703537688 0.0983496383
-0.0247625094 -0.0420277007
-0.023342127 -0.0454962887
-0.0808927938 0.0630162135
0.0150364367 0.0144496961
0.0157957915 -0.0356604382
0.0453092158 -0.0356878191
0.0363068283 -0.0210760403
-0.0168057308 -0.0160094723
0.0743950158 0.00943754334
-0.0381065644 -0.0187110864
0.0075130444 -0.013491597
0.0468602441 0.0287562162
-0.0330759808 -0.0410171263
-0.00988709461 -0.0482785553
0.0187354553 0.00645315321
0.0194886215 -0.00444585038
-0.0293566398 0.0159866773
0.040891543 0.046839308
0.0518247075 -0.00296677649
0.0145327738 0.034804713
-0.017620299 -0.0358647779
0.0208671577 -0.0249765906
-0.0151556684 0.0658698454
-0.00329479179 -0.019268794
-0.0279090628 0.028521955
0.013154977 -0.00082879822
0.0524687096 -0.00860800967
0.00140147132 -0.00585468719
-0.0242889263 -0.0848889872
0.0415880643 0.00650820509
0.0324431956 -0.00567650981
-0.0281725135 -0.00578634115
-0.0406940952 0.0112528699
-0.03713952 0.00476608099
-0.0354878791 0.0168512333
-0.038204316 -0.00653709145
-0.00118151749 0.017850874
0.0351170041 -0.0268686693
0.0173977558 -0.00561356312
0.0738063157 0.00672163675
0.0566327125 0.0285916552
0.0296219755 0.0675141439
0.0391171575 0.0300263185
-0.00272560818 0.0306058377
0.0492198952 -0.0335025825
0.0837724507 -0.043463584
0.0302145407 -0.00747084897
-0.01435336 -0.00438084081
-0.00449399836 -0.0300703142
0.00861533638 0.0116198026
-0.0126741175 0.0373485908
-0.0146295549 -0.00652114721
0.0680663064 0.0137452306
0.133718744 -0.066410087
0.00725533441 -0.0251977332
-0.0599512048 -0.0438272431
0.0471537188 -0.0547167808
0.0456563272 0.0358536914
0.0232068785 -0.0115669826
0.047883302 0.0480941646
-0.0142375631 0.0189189892
-0.0636374056 0.00558964489
-0.0353382826 0.0448479913
0.0760972649 -0.0145695843
0.102411948 -0.0155812763
-0.0301746726 0.0104157887
0.0361246429 0.0452579483
-0.018338345 0.00707666716
-0.0645289198 -0.0337319672
0.0748331919 -0.0297273025
-0.00322932773 0.02674428
-0.0216559563 -0.0456398018
-0.0205092244 -0.058796823
-0.0335866623 0.0759282485
0.0380042791 -0.0191385075
-0.0246941186 -0.0253966488
0.0135603603 -0.00707342522
0.0845590681 -0.0549855307
0.0112239439 0.00296155526
-0.0663738027 0.0173160173
-0.0254701767 0.0270265806
0.0197679289 0.037262138
0.016864812 0.0670016855
0.00439028069 0.0219535027
-0.0473447889 0.0697193146
-0.0295381006 0.0377306342
-0.00969294179 -0.0759420544
0.0139195081 0.00438346202
0.0289857611 0.0281107761
-0.0228969902 -0.0447495095
0.0024706102 -0.100570835
0.0675294176 0.0141602792
0.000486665784 0.0352669246
-0.0657960474 -0.0643761382
-0.018526135 -0.00154005561
0.0246875398 0.00566818193
-0.00621342612 0.0219589565
-0.0440452732 -0.0118993418
0.0364256278 -0.0463619828
0.0443994477 0.0244902503
-0.00838932581 0.0117775984
0.0341309123 -0.0087241577
0.00276543689 0.0294268038
0.0241318215 0.0528624281
0.0131511632 -0.0385113023
0.083866924 0.00482643023
0.015942093 0.0338495187
-0.080889158 -0.0504841767
0.0273459889 0.0334615521
-0.0513078794 -0.0156823993
-0.0354552753 0.00314317341
-0.0660930052 0.0534905605
-0.00489837211 -0.0358374491
0.0791590586 -0.0122643756
-0.00702110352 -0.0143443588
0.0518892482 0.00863953307
-0.0387769639 0.0334815085
-0.0323099568 -0.0373067409
-0.0378562026 0.0181762204
-0.0807504803 -0.0481827036
0.0179052856 -0.0454502031
-0.0153544564 0.000476348767
-0.0483540781 -0.0365603939
-0.0166199207 0.0172529183
0.0824083239 -0.0488387756
-0.0233731139 -0.0517472886
-0.0813439712 -0.017035773
0.0310344175 -0.0436587632
0.0203199442 -0.00865753926
0.0771285444 -0.0617996566
-0.0324270651 -0.0731602088
0.0155872889 0.0233942531
0.0700275898 0.0211672299
-0.0485917479 0.070490405
-0.0432291813 0.0773589984
-0.0619086996 -0.00500344671
-0.0238517281 0.0650334731
0.00289861858 0.0701265037
-0.0214985926 -0.0293988362
0.00336007215 0.0272114947
-0.0477534868 0.0265450105
0.00937268231 -0.00958403386
0.0292259734 -0.0742416829
-0.0381700583 -0.0877650827
0.0806561783 -0.0207235422
0.0676409155 -0.0272423513
-0.0560701862 0.0594013147
-0.0482796095 -0.0134674106
0.0157540701 -0.0500094332
0.0193418153 0.0689142197
-0.000558139116 0.020379493
0.0367095955 0.0234842338
-0.00987097714 0.00489056716
-0.00205703429 -0.000918507867
0.0666905716 0.0173186716
-0.0350853801 -0.00836848374
0.0102829356 -0.0111486036
0.0772259831 -0.0429619476
0.0127245188 -0.00539024174
0.0137988217 0.0453618765
0.00868959911 0.0406878926
-0.0253547672 -0.0253103077
-0.0497698151 0.0134641416
-0.0234729089 0.0651696101
0.0209688172 0.0034633032
0.0238353591 0.0219586268
0.0202647727 -0.0047470904
-0.0441393442 -0.0564016812
-0.107592732 0.0639495701
-0.0205793343 0.0887572467
-0.0354963988 0.00758255692
-0.00029682013 -0.0245904382
0.0731379837 -0.0237921886
-0.0516771078 -0.0087100314
-0.0748906136 -0.0174397416
-0.0322028212 0.00735017983
-0.0224232152 -0.00982518774
-0.0367053486 -0.0120809982
0.0260835718 0.0128541328
0.0477803014 -0.045481056
-0.12094184 0.0371283218
-0.0989268795 0.0970598981
0.00674335705 0.0129639963
0.0226573255 0.00985561032
-0.01980328 -0.0423144363
-0.0250506103 -0.0201608762
0.00290461513 0.0102151213
0.00943865161 -0.0804705471
0.0280565247 -0.0194039978
-0.0407553501 0.0425584577
-0.017862685 0.0249514263
0.0593144707 -0.0314990319
0.0638083965 0.0323200002
0.062042933 0.00505503826
0.0312242284 -0.0867930874
-0.0143188434 -0.00376701192
-0.0552295297 0.0192277357
0.00195572898 -0.00559508242
0.0238100737 0.0140642254
-0.0253661536 -0.0164436027
-0.0342879929 0.00965093542
0.0239211898 0.0504429005
0.0132661341 0.0313290358
-0.0180600751 -0.0205488876
0.0198468063 0.0441988446
-0.0322885588 0.0507109128
0.0551379472 -4.89079248e-05
0.0257550478 0.0279790014
0.00823553372 0.0723570362
0.0592477024 0.0280300565
-0.0570031106 -0.0580883622
-0.00665455824 -0.0261306819
0.00520393997 0.021263333
-0.00563308271 0.000813882391
0.0539225712 -0.0028134801
-0.0137248393 -0.00791780651
0.0257443208 0.00523413112
0.099494338 -0.00670085149
0.0353542268 0.0133183086
-0.0225539375 0.0120525295
-0.0543009602 -0.0253522191
-0.0793260485 -0.0110633951
0.00278160837 0.0210999064
0.0357966721 -0.0351040922
-0.00518810004 -0.0477571748
-0.0489746556 0.00327134971
0.0562825575 -0.0262156148
0.0663272291 0.0158590544
-0.0461661257 -0.0336877778
0.000403641083 -0.0427347831
-0.0650788099 0.0316081159
-0.0753498301 -0.0235667322
0.0387049206 0.0760391355
0.0432839431 0.0365369394
-0.0327891745 -0.024639532
-0.0657356381 0.0427569449
0.0463211574 -0.043353308
0.0491469838 -0.0325834751
0.00348527124 -0.0271684751
0.0289908964 0.0170459934
0.0304221828 0.0365880616
-0.0519829132 -0.0128385825
-0.0258452985 -0.00529701868
-0.00433503697 -0.0288644247
-0.100305341 0.013894584
-0.0225676894 -0.0140003916
-0.0750438869 -0.047134921
-0.0680474937 -0.0451304317
0.0654567555 -0.0726114362
-0.0170796122 0.0404724963
-0.0351210162 0.0342707895
-0.0904592052 -0.00472505391
-0.100588344 0.0283391699
-0.0287198015 -0.0638400987
0.0361269712 -0.020367492
-0.0546029285 0.00250460184
-0.00271072867 0.00151107018
0.0755681172 0.0509112887
-0.0866048113 -0.0289977361
0.0156505313 0.0397488624
-0.0350969434 0.0500608906
-0.0532507412 0.048557274
0.0740798488 0.0682833046
-0.0183333848 -0.0339664295
0.0237556193 0.0207507182
0.0787543654 -0.0188189074
0.0157016367 -0.0224894322
-0.00415083254 -0.0401869565
0.0225653313 -0.104473561
0.018054381 0.0162730254
0.0156007595 0.0287402906
0.0434949212 -0.0335050188
-0.0682675466 0.0182518698
0.0113929659 0.0408650562
0.0735001564 -0.0117168082
0.00744524086 0.0246029776
0.0361764207 -0.0272537936
0.0232662018 -0.0316070728
-0.00482481485 0.0616970025
-0.000257914042 -0.0122799771
-0.0312802717 0.0218891054
0.00821197033 0.00541680166
0.0477216281 -0.0144593297
0.00163043686 0.000429993845
-0.0255490057 -0.076883249
0.0354227275 -0.000137882133
0.0287178438 -0.0110068703
-0.025477523 -0.00694607664
-0.042736657 0.00291957939
-0.0463564768 -0.00216472684
-0.031482026 0.0175993238
-0.0383196771 -0.00927959755
0.00113440678 0.023668861
0.0312925987 -0.0230345223
0.00772907957 -0.00334424153
0.0645888299 0.00195231789
0.0557787418 0.0328225605
0.0276407748 0.0684311986
0.040915139 0.0289385282
-0.00563244009 0.0276539549
0.0483585894 -0.0377761237
0.0910684988 -0.0480878167
0.0196035188 -0.0112668639
-0.0209982842 0.00436384557
-0.00338525139 -0.0320784263
0.00807343051 0.0183613058
-0.012860693 0.0307348203
-0.0265812557 -0.0130903944
0.060896568 0.0102287401
-0.0285523161 0.0439406596
0.0682616383 0.0459101908
0.0405181758 0.0372731835
0.0129800914 -0.011085202
-0.0186837148 -0.0045364392
-0.00301262969 0.0736225173
0.0249165148 0.0158145688
0.00193216954 0.0778633505
0.0251800008 0.0256435946
0.0257316921 0.0200319812
0.0584239438 0.0180477835
0.021981502 -0.0183874015
-0.00819527172 0.0766184554
0.0378609672 -0.00142144167
0.0291673951 -0.0126492912
-0.09006311 -0.0488006957
0.0279259495 -0.0707467794
0.0937481597 0.0454985164
-0.0436587036 -0.0116848871
-0.0245193541 -0.00602542236
-0.0545440204 -0.00250173989
0.0291373897 0.0605416074
0.0187996496 0.0536238514
-0.0142916879 -0.0595158674
0.10478729 0.0509810299
-0.0253602862 0.00633794861
-0.0301583577 -0.0733992159
-0.0242081545 0.0328347906
-0.0320477262 0.00880084839
0.0282165129 -0.0359503925
-0.044794254 -0.0147508448
-0.0078345947 -0.00274904259
0.048108872 -0.0458282046
-0.0251961462 -0.00691155344
0.0344228409 0.00861460436
0.0549904183 -0.125476658
-0.0322056785 -0.102234557
-0.0058532781 0.053107582
-0.0335293747 -0.0020121471
0.00906877406 -0.0515445098
0.0472739339 0.00160780305
-0.0187817551 -0.0189656503
0.0249140989 -0.0274340343
-0.00847368874 0.0181559511
0.0393016934 0.0395212844
0.101314582 0.0233632252
0.0393802561 0.0121712247
0.0139926542 -0.00688255904
0.035554003 0.0361205749
0.0228695516 0.0580732152
-0.0438113771 -0.00495487731
0.0154575165 0.0463567376
-0.0277146939 0.0174300484
-0.0588600859 -0.0589362644
0.0631304607 -0.0137865432
0.065263167 -0.0100646177
-0.00588176772 0.0323245414
-0.0706342533 -0.019890897
-0.051385764 -0.0349170752
-0.0282779168 0.0419007614
0.00693857623 -0.0662413016
0.0570855178 -0.0701301023
0.002371612 -0.0169615187
0.00014939715 -0.059488181
0.00828699488 0.0268851575
-0.0138429087 0.0615412928
-0.0249959864 0.00431331852
-0.00471545244 0.0247803442
-0.00718948571 0.00109821337
-0.0150293019 -0.0355299748
-0.0146697508 0.0251789
0.00115806691 -0.0245156083
-0.016813077 -0.0198811088
-0.0104972431 0.020170128
0.0745661482 0.00574722793
0.0474955216 -0.0170970988
-0.00683520036 -0.0597555339
-0.00447737798 0.00646039331
0.0185321439 0.0588268265
0.02607687 0.0505480319
0.0451795571 0.0456033386
-0.0399000756 0.0582660325
-0.086487174 -0.00174718979
0.0441205166 -0.00838767365
0.0387620777 0.000673758623
0.0281987246 -0.0496497937
0.012743135 -0.0237185638
0.0391799062 -0.0682502985
0.0901913866 -0.0861573145
-0.0710343421 0.0247060377
-0.0465297177 0.0375557616
0.00148667896 -0.00770892901
-0.00134749268 -0.0286331214
0.00577911036 -0.0534157455
-0.0344109163 -0.0918482989
0.022790378 0.00810590759
-0.0424917415 0.0226135291
-0.0528348573 0.00565032335
-0.0520305596 -0.0161437076
-0.0483911037 -0.0449144691
0.033656612 -0.0211599004
-0.0222175047 -0.0550127141
0.0147818765 -0.00188128999
0.0413193889 -0.0305185355
-0.0383322202 -0.0258918907
0.037665531 0.0181582216
0.0441725068 0.0171264112
0.0048987288 0.105998747
-0.0183984283 0.0689459741
-0.022166498 0.0371440463
-0.02344005 0.00307439035
-0.0289441571 0.00270722993
0.0164663214 0.0486778356
0.0253439508 0.00662952662
0.035345763 0.0568059497
-0.00617547799 0.00659519387
-0.0711181983 -0.0243319888
0.0566774793 -0.0160606243
0.00845329557 -0.0267439485
-0.0157247353 0.0234131981
0.0268663261 0.00104081619
-0.0560229793 -0.0499237143
0.0267602131 -0.0551830716
0.0362537391 0.0188942347
-0.0106707541 0.0600122288
-0.0174504612 0.0157060083
-0.00834356248 -0.0189129002
0.0502195135 0.0162684694
-0.0196636375 0.0629913732
-0.00734447641 0.0228831079
0.021950081 -0.0471198894
-0.0386487357 -0.0584417507
-0.0286420211 0.0254108813
-0.0571697131 0.0375091098
-0.0151527273 0.00561486883
0.0302278735 -0.00462406734
-0.0494208969 -0.0144324666
-0.00840958767 0.0279333424
0.0789160132 0.00209092186
0.0101025915 -0.0384190232
-0.034543395 0.0272986051
-0.0438732281 0.0536559969
0.0369815715 -0.0454442129
0.0417538583 -0.0358244292
0.0184669122 0.00680067157
-0.0452812463 0.00511271413
-0.132875338 -0.00603946298
-0.0153484754 -0.0322899632
0.014270735 0.0498410985
-0.0411199443 0.0161585845
-0.0231500212 -0.0659918413
-0.0498393625 0.00012085888
0.013565382 0.0223274995
0.0448304862 -0.053501334
0.0191896968 -0.0136691472
0.0110516474 0.0189596787
-0.027429007 -0.0444574878
0.0198480841 0.0200363547
0.0247614235 -0.00497442111
-0.0255721137 -0.00784714334
0.00785666518 0.0583328381
-0.0227051582 0.0150423357
-0.0108623523 0.0808442309
-0.0555178598 0.0125447512
-0.0556004979 -0.0430837348
0.0517446734 0.0595468543
-0.0416216552 0.0648809969
-0.0313426591 0.0281906873
0.112771213 0.0462908447
0.0461120792 0.0899404585
-0.00984621421 -0.0266869068
0.0180921685 0.0250773355
-0.0289139003 0.0347644463
-0.066038385 -0.0500143655
0.0137727223 0.0186235774
0.00610289862 -0.059281759
-0.0150428014 0.015061806
0.00168222189 0.0604787618
0.0372604169 -0.0250838436
0.0996698588 0.00747134024
0.0728941336 0.0159800481
-0.0353767686 0.00697088428
-0.10415142 -0.0199619066
-0.0428728536 0.0394300036
-0.0489529036 0.0231741536
-0.0392525606 0.0548238419
-0.00661174348 0.0924417451
-0.0483628362 -0.0469524972
0.0649663061 0.0162223056
0.0646932125 0.00307397917
-0.0174282473 -0.0275709406
-0.0136022484 0.000331549119
0.0205674097 -0.0405605622
0.0605581924 0.0171306208
-0.0242868941 -0.062269073
-0.111833297 0.00363680231
-0.013198968 0.00063145085
0.0602213591 -0.111181118
0.0112410532 0.0107646855
-0.0765274465 0.0116558317
-0.0752614066 -0.022738412
-0.0313551091 0.00261395052
-0.0498791076 -0.0357493795
0.0415939912 -0.081185922
0.0371816307 -0.0292926673
-0.0317549817 0.0526427142
-0.0165872369 0.00384913152
-0.0900088027 0.00215913705
-0.0374030694 0.0484749861
0.022640856 -0.00428755302
0.0595572814 -0.0641372427
0.0524299182 -0.0756292418
-0.0155589934 -0.0158363711
0.0217880886 0.0306639876
-0.0210193843 -0.0384286493
0.00806581322 -0.0221775826
-0.00378131494 0.0711657554
0.0258963685 -0.044620309
0.00115387549 -0.0132407174
-0.057202097 0.0319952592
0.0272631925 -0.0344020911
-0.0410330594 0.0140384408
-0.00155532314 -0.0715865865
-0.0266175568 -0.0312408581
0.000217836146 0.00121420948
0.0632658154 -0.0643784478
-0.00877211802 0.00431771995
0.00207712711 -0.00783799496
-0.0575187318 -0.000537609099
-0.0026509366 0.0073358654
-0.0865954161 0.00254785432
0.00384627795 0.018983556
0.0898859948 -0.0208225008
-0.0585976467 -0.0441330299
0.0804350302 0.0722701028
0.0346529186 0.0689374283
-0.037717741 -0.0603561513
0.0124605829 0.0160865691
-0.0193510726 -0.0455356017
-0.0339594856 -0.00619578315
0.0352373645 0.0794418156
0.02806581 -0.0513610318
-0.0989924595 0.00776377507
-0.00172818126 -0.00338212447
0.0011977423 -0.0141148036
-0.0304510426 -0.0498147979
0.000853825768 -0.0788734928
-0.0596131235 0.0301318653
-0.0342138298 0.0259647258
-0.0172893722 0.0258138087
0.0678035393 0.0601847172
0.0717175901 0.0363826342
0.0286598206 -0.0350844041
0.0514825135 0.0212949365
0.0730552599 0.0301470123
-0.0085747093 -0.0397592932
-0.0289805494 0.0453447662
0.0733920485 0.044825159
0.0358827338 0.0374757908
0.0135741485 -0.0129930219
-0.0214180015 -0.00453967787
-0.00284785335 0.0713166595
0.0274402313 0.0144681046
0.0115916384 0.0834454969
0.00773253664 0.0244198237
0.031642504 0.0164130833
0.0634992868 0.0163597967
0.0178706199 -0.013399926
-0.011007553 0.0803238004
0.0440105274 -0.00280749123
0.0296652466 -0.00876875967
-0.0958308652 -0.0436779521
0.027552085 -0.0708217397
0.0937739089 0.0388069525
-0.0452225506 -0.0135663208
-0.0274503548 -0.0145929921
-0.0528314859 -0.00572165241
0.0247285068 0.0621539541
0.0225838125 0.0505792461
-0.0160019659 -0.0635836199
0.100409642 0.048508428
-0.0264267474 0.0133572742
-0.0338401161 -0.0626997426
-0.0208094437 0.0417655669
-0.030222157 0.00846828241
0.0249887295 -0.0358307362
-0.0570080243 -0.0105541181
-0.00053075311 -0.00886973832
0.119410455 -0.00230254931
0.0297757518 -0.0230056569
-0.0421643294 0.0207446106
0.0138283968 0.033558391
0.0262122322 0.0367915295
0.0219813809 -0.0263407174
-0.0263998564 -0.0286245774
0.0687377006 0.0295120999
0.0557178035 -0.0614391714
0.0070391749 -0.0145146167
-0.0198190268 0.000217769004
-0.00904948078 -0.0860124379
0.0379976109 0.0142870555
0.0496461056 -0.0443002954
0.0621256493 0.0202676691
0.0041596326 0.113703832
0.0286525432 -0.0431128293
0.0021297799 -0.000394872797
-0.00459760288 0.0220925175
0.0574331805 -0.0405215174
-0.0573959239 -0.0447106138
-0.0485477708 -0.09869425
0.0369749963 -0.0424667858
0.0767386258 0.0127728507
0.0462991595 0.0225478783
0.0622571707 0.0100955013
0.0327242725 -0.00276536611
-0.0409505107 0.0466904081
-0.0163731612 0.00696467422
-0.0486858636 -0.0196603276
0.0286314245 0.0313894004
0.00840328354 0.0297578424
0.00517887063 -0.00980986841
0.000290891621 -0.00949435215
-0.0351851881 -0.00179666677
0.053304147 -0.0212189164
-0.0180759244 -0.0467356034
-0.0510391369 -0.0165867936
-0.0505382493 -0.0401542895
0.0435639247 -0.0336282812
0.086832352 0.0582541861
-0.0358743668 0.0242820047
0.0464591496 -0.0559536368
0.0350549705 -0.0773037672
0.0248715449 -0.0214628093
0.0684006512 0.0461243875
-0.00634075748 -0.0128642637
0.0358512551 0.0150955198
0.0793493539 0.0104580093
0.00115259818 0.0232816692
-0.0879548043 0.0706677064
-0.0439471342 0.010380853
-0.0369166285 0.0128869489
-0.00895762071 0.0218930766
-0.0545965619 0.0301152691
0.0115587208 -0.0407013558
0.0442896672 -0.0378916152
-0.00973056443 0.0946600065
0.0570437163 0.0795834213
-0.0511632599 -0.00433028862
-0.058568269 -0.0223001316
0.00739143603 0.00141225499
0.0216647517 -0.0562145077
0.0373351648 -0.0334173329
0.0125561208 -0.0131720509
-0.00794197526 0.00952056143
-0.0494875833 0.0530854575
0.0303570591 -0.0494614989
0.0472759418 -0.0160797406
-0.0272565 0.07687518
-0.0383000039 0.0124729751
0.0385244526 -0.0295323394
0.0577935949 -0.026753692
-0.045689933 -0.0736147985
-0.0530920364 -0.021972511
-0.0630416945 0.0750623569
-0.011873859 -0.0234676283
-0.00490037119 -0.000437630981
-0.0256392471 -0.0210839882
0.0114518208 -0.0897833183
0.0176188145 0.00576275215
0.0147388512 -0.0401277579
0.0376261808 0.00948591437
0.0922110677 -0.00222451519
-0.00607077917 -0.0290892962
-0.0301955752 0.0147988247
0.0192270316 -0.0450922623
-0.0123024229 -0.00226397766
-0.0166092664 -0.0408910215
-0.0368521661 -0.0410567261
-0.0572171584 -0.0123926485
0.043099463 -0.0187111367
0.0301042441 0.04058972
-0.0469812378 -0.0117737437
0.0461395085 0.0190355144
0.0207708366 0.0384163596
0.0442063995 -0.0515622124
0.0535540432 0.00118758925
-0.0683067515 0.0429400578
0.0186051112 0.0346512124
0.0203265361 0.0164126847
0.0191571973 -0.0255325679
0.0194637403 0.0447179452
-0.0100911912 0.132975668
0.0192774478 0.0733260214
-0.0504643843 -0.0236657616
-0.0277350508 0.00663546007
-0.0143748363 0.0393658318
0.0140219554 0.000763488293
0.0383372344 0.0104999188
-0.0639425144 -0.018179778
0.00847407151 -0.0577050783
0.0228508394 0.0106552495
-0.0585769005 0.0482386947
0.0186270773 0.0128480084
0.00653229002 0.00496268412
-0.03219283 -0.00970577169
-0.00765531883 -0.00224301801
-0.0334022902 0.0259547774
0.0556683578 -0.0589950345
-0.00918961037 -0.057119187
-0.0673223808 -0.0106325038
0.0128666367 -0.0399682969
-0.076720722 -0.0851750597
-0.0478993952 0.0323100239
0.0340467133 0.0817771778
0.0249787364 -0.0672684386
0.00611641444 0.00203509303
0.0188961755 0.0504549444
-0.0172827449 0.00995708257
-0.0317993648 0.0174740516
0.0347080342 0.0140237845
-0.00520499842 0.0477888957
0.00762072811 0.0099674426
-0.0525250584 -0.0233600736
-0.0270458478 -0.0134522757
0.0192459915 0.0504759736
-0.0280222557 -0.00708426023
0.0214744993 -0.101646788
-0.036510732 0.0285090357
-0.0157795437 0.0295548867
0.0123272063 -0.0378519371
0.0048403414 -0.00792129152
0.0641663522 -0.0167814773
0.0500348173 -0.0288661029
0.02070003 0.0259031262
-0.0256638862 0.00818590261
0.0763017088 -0.0349300466
0.0483962558 0.00487525063
-0.0640158132 -0.0532859936
-0.0199602209 -0.0466387533
-0.0465841033 0.000575445418
-0.0510561876 -0.00671267463
-0.0070321369 0.00745927077
-0.00539985718 -0.00442943629
0.0427582785 0.0286549442
0.00445591332 -0.0370204188
-0.0286291633 -0.0266011842
0.0555140004 -0.00164430728
-0.0306448638 -0.00636858866
-0.0579522289 0.0236254912
-0.00712297577 -0.00706392666
-0.037890397 0.0828994736
0.0454739928 0.080003649
0.0220742114 -0.0257588718
0.0730999261 -0.0299543459
0.019708015 0.0072956956
-0.0537605695 0.0236896165
0.0397359319 0.0135925142
-0.0206591878 0.0773100331
-0.0607566908 0.0528407544
-0.0426719747 0.00919844955
0.0731216893 0.0317250006
0.00460178964 0.0634319112
0.0102290828 0.0382463261
0.0839720964 -0.0519986041
-0.0598977469 0.0286936685
0.0746801496 -0.0358992331
0.088872239 -0.071436964
-0.00642612437 -0.00772726769
-0.0560674667 -0.0511124805
-0.0539068878 0.0206375774
-0.01661692 -0.0492910519
-0.110561736 -0.0836379677
0.0361761488 -0.0323486477
-0.00117343164 -0.0234132521
-0.0424591824 0.0714745298
0.0213705152 -0.00506895315
-0.0346782543 -0.0284016654
0.0439749546 0.00232947804
0.0519739576 -0.0112741906
0.00342949782 0.0653535947
-0.0272288844 0.0317546353
0.0404541902 0.0247696806
0.0653978959 0.0255586952
0.0159776434 -0.0332804695
-0.0584347956 -0.0279607158
-0.0601420999 0.029755339
0.0636042282 0.0222634617
-0.0115776267 -0.0452839769
-0.0457643941 -0.0294791274
-0.0486633852 -0.016193971
-0.12830013 -0.0237466991
-0.0715779811 -0.00245286105
-0.0385839306 -0.0777075291
0.00372906937 0.0315904468
0.00142318488 0.142906934
-0.0366143957 -0.0248892307
-0.03338366 -0.0233672969
-0.0159935132 -0.00542136049
-0.0794456974 -0.0449579321
-0.112856492 0.0168719683
0.0403698198 0.0368801206
0.0125250425 0.0272442549
-0.0236798134 0.00192861375
0.00775655033 0.0120237945
-0.076036863 0.0340289064
-0.0356773995 0.0263357144
0.037172284 -0.0153388362
0.0600124709 -0.0161161683
0.0395774953 0.039299123
0.000980515731 -0.00420462526
-0.011182433 0.00819213688
-0.0501813889 0.0493432209
-0.0128016742 -0.0149836093
-0.022361774 -0.00505594723
0.00375232217 -0.0140910577
0.0475835651 -0.0125566786
-0.028392652 0.0257901102
-0.0178344529 0.0242168941
0.0367058292 0.0201984998
0.0373439007 0.00470644748
0.0343838036 0.00819933414
0.0504133329 0.0355172381
0.026327163 0.00635053776
-0.0843365639 -0.0269430336
-0.0664988309 -0.00403348729
-0.00647845864 0.0020528445
0.00103350449 -0.0185386147
-0.013754067 0.0112944962
0.0552879125 -0.0661701709
0.0290530212 -0.0272548012
-0.0690215454 0.0167801995
0.0619868971 -5.28423552e-05
0.0126220491 0.0536387004
-0.062923409 0.0116174994
0.0628693029 -0.0084851291
0.0202933401 -0.014878219
0.0161066763 -0.057899721
-0.03061652 -0.0390923992
-0.0243611112 -0.0206754003
0.0670018494 0.030245252
-0.0412656181 0.0310821291
0.0315528773 -0.0275814403
0.0160693713 -0.0421130769
-0.0511076711 -0.00711964816
0.122365519 -0.00149744411
0.034175586 -0.0220026616
-0.043124374 0.0280298609
0.0123005286 0.0393296033
0.0257209186 0.0363795049
0.0185428951 -0.0326636396
-0.0286973882 -0.0267294329
0.0657648444 0.0339010358
0.06619706 -0.0738368258
0.000740935502 -0.0101891011
-0.0216174647 0.000924166059
-0.006726461 -0.0851193964
0.0451194607 0.0169541463
0.0376422405 -0.0484576523
0.0653993711 0.0253131259
0.00589388516 0.121306278
0.0228916071 -0.0449669287
0.00316853309 0.00448685791
-0.00824216194 0.0161901582
0.0577181019 -0.0326513648
-0.0611938909 -0.0352149159
-0.0501891039 -0.100438192
0.0382123627 -0.0354509242
0.0767669752 0.0098460177
0.0407025926 0.0201338697
0.0564203672 0.0120256357
0.0336597227 -0.00286121434
-0.0396834277 0.0521151759
-0.0167838875 0.0073099453
-0.0480534174 -0.0142698335
0.0252113715 0.0267551914
0.0126098068 0.0254586935
-0.000476715795 0.0505221635
0.00953542348 -0.0184209961
0.0367359184 0.0445835628
-0.0215142872 0.0615446642
0.000172026063 -0.0909287035
0.0290721115 -0.0543433353
0.0243328791 -0.0227505509
-0.0560472719 -0.0925394222
0.0536269806 -0.0181320757
0.060812816 0.0223379694
0.0214118864 -0.0132260239
0.0809595808 0.0204358473
-0.0340397321 0.0411170758
-0.0204586387 0.0405720212
0.051082015 0.00236215489
0.0566739626 0.00206163339
-0.0220367089 -0.0292801447
0.0417533666 -0.0310061779
0.0215508658 -0.0255351942
-0.0656269938 -0.00416606711
0.0350519419 0.0570580736
0.0402483158 -0.0119172065
0.0668664128 -0.0375284925
0.00763022667 0.00881261844
0.0414963663 0.0121230539
0.0938112214 -0.0223764349
-0.011724297 -0.051271297
0.0213090349 0.0218807161
-0.0278905258 0.0622619316
0.00135573419 -0.00494930334
-0.024481656 -0.0745075345
-0.0319504514 -0.0515458062
-0.0141787287 0.0134662641
-0.0905303285 0.0326406918
0.0582676493 -0.0254879035
0.00146892096 -0.00645603938
-0.107949607 0.0765392259
0.0188608617 0.0424810015
0.0149735613 0.0451131798
-0.0156585593 0.0797485262
0.00538875209 0.0181711931
-0.0240122918 -0.0386998355
-0.00694514392 -0.0167100374
-0.0144877313 0.039175041
-0.0723474994 0.0274129454
0.0322575234 0.0252038278
-0.0391454995 0.0543604381
-0.0911996365 0.0149873877
0.0399104878 -0.0369555354
0.00304918014 -0.000543294125
-0.0369553119 0.0131710004
0.0432831906 -0.0220069196
0.0102369329 -0.0623532534
0.0050078216 -0.0718547776
0.0261346344 0.0238743518
-0.0212160666 -0.0499396548
0.0250210147 -0.0888156071
-0.0282879192 0.0389539748
-0.0412269644 0.0681291223
0.0366364457 -0.0170339961
-0.0545137823 -0.0634598136
0.0226908047 -0.0253893193
0.0017267107 0.029433528
-0.0355296656 0.0156954136
0.0507104136 0.0196311809
0.0448991694 0.0258313548
-0.0197058227 -0.00498577021
0.0130770961 -0.00742762396
-0.0105890213 -0.00212235702
-0.0615337417 0.000604132365
0.105309129 -0.0355734304
0.0750438273 -0.103737026
-0.0103562521 0.0163141601
0.0461045913 0.0130703002
-0.00780152529 -0.0124390237
0.008263411 -0.00271501578
-0.013241807 -0.0289070066
-0.0167607404 0.0318838172
0.00246977992 -0.0298052691
0.0137289837 -0.000849659671
-0.0016321789 0.0152122276
-0.0938197821 -0.011858142
-0.0280990172 0.0441752672
0.0499893464 0.0650608391
-0.00751719298 0.0756853968
0.00158916577 -0.0300698727
0.020006543 -0.0292369258
-0.0257244557 -0.00220803521
0.0597574934 0.0189441722
0.00732921856 0.0192927998
-0.0553997904 -0.0436797068
0.0581735596 0.0167280454
0.0228338167 0.0273217745
-0.000335347606 0.0327262506
0.0418089665 -0.0296908412
0.0382549167 -0.0159619823
-0.0126207722 -0.00721918279
-0.0186031982 -0.0200214889
0.0137890419 0.057671342
0.0607647784 -0.0277849995
0.109120466 0.0174198225
-0.04527542 0.0172608327
-0.0327365287 -0.034886308
0.020858869 -0.0382587835
-0.0363095179 -0.0117231915
0.035516113 0.106636487
0.0551107638 -0.031347014
0.0438984819 0.0214666128
0.018579552 0.0132394973
-0.0568624847 -0.0562975444
-0.0662767887 0.0417071916
0.00662347116 -0.0853259191
0.0321371704 -0.089112252
-0.0116482452 -0.0777938887
-0.0146027356 0.0103571657
-0.021418497 0.0713819712
9.60363832e-05 -0.0171095952
0.0119977817 -0.0262701884
0.000179178998 -0.0438636318
-0.0118066883 0.00479774363
-0.0178559069 -0.0282104667
-0.0015209436 0.00439804466
0.0278070346 0.0589328296
-0.0273716617 0.0368475765
-0.0634905398 0.0558422059
0.041631341 -0.0551542044
-0.0149781341 -0.00486230245
0.0208766125 -0.00807178579
0.0711642355 -0.0318443514
-0.0437976159 0.0295805838
-0.0174523871 -0.0150512559
0.0330614485 0.0194150284
0.100513525 -0.0165186878
0.0214415435 0.0497429706
-0.0123847378 0.012259095
-0.0049288692 -0.0968323424
-0.151978567 0.039210204
-0.028076902 0.0225766487
-0.0271022767 -0.0267545655
-0.126704037 0.0265963506
0.00769837154 0.0379049107
0.0241182055 -0.0054724724
0.0486454219 -0.00354090263
-0.00557860639 0.0451617204
-0.0540128835 0.0512987077
0.0511387363 0.00987722445
-0.0262514725 -0.0165283252
-0.0576147847 -0.000885345566
-0.0411726274 -0.0342203081
-0.0117587205 0.000268609117
0.0289721619 0.0633791611
-0.0964040011 -0.00729572494
-0.0657857582 -0.0121224923
-0.000479659328 0.0184345134
-0.0208927095 0.0170615017
0.033919286 0.00211953931
-2.97437673e-05 -0.00311102113
-0.0707629099 0.0103521133
0.0440252833 -0.00945334975
0.0725877881 -0.0135675715
-0.0304154325 -0.032020878
0.0794262365 -0.00412501069
0.0512257181 0.0110803489
-0.00155642559 0.0545558408
0.066807501 0.0531557649
-0.0144806011 -0.0140872262
0.0134283965 -0.02251013
-0.0178312771 0.024617875
-0.00676147128 0.0600608625
0.033763472 -0.00978387706
-0.0696157143 -0.0129115377
0.0072396053 -0.0216164254
0.00647512078 -0.065884158
-0.00880495273 0.0309699997
-0.00115294009 0.0555403009
-0.10140828 0.0472841524
-0.0785032064 -0.0124077275
-0.0228024628 -0.0659040064
0.0451261401 -0.0514266081
-0.0289917663 0.0120188575
-0.0541928336 0.0503731966
0.0638227388 -0.0113335894
-0.00174702902 0.000464351731
-0.0627123043 0.0137216784
-0.0814504027 -0.0113401953
-0.00746560143 -0.0322689414
0.0353632905 -0.0105057154
-0.0620540902 0.0143613461
0.0348892435 0.0366492346
0.0109007256 0.0350222327
-0.0579147041 -0.0418942533
0.0114883278 -0.00749071594
-0.0138247246 -0.0112484638
0.00363110611 -0.0222161841
-0.0353406221 0.0127578676
-0.05028712 -0.0192633048
-0.0465268455 0.0482339263
0.0323765017 -0.0258221626
0.106749862 -0.0386233293
-0.0203426685 0.0747499466
-0.011756137 0.00509050768
0.0185706485 -0.0394229516
-0.0164331459 -0.0210145935
0.0267136004 -0.0143860048
-0.0346955173 0.0265919771
-0.0706568584 0.0518765785
-0.02405685 0.0625878274
-0.0775439665 -0.00476849731
-0.0351004675 0.0086977696
0.0211943667 0.0299372207
-0.0634816587 -0.064480342
-0.0100151151 0.00690409588
-0.0308271591 0.000788182893
-0.00277692289 -0.0311876591
0.0345234536 0.0530333146
-0.0419297852 0.00231492543
0.115434758 0.00710172579
0.0759158432 0.0229528677
-0.0386786796 -0.000835454965
0.019886544 0.0241234023
0.0408959314 0.0467193946
0.0527973697 0.0516208932
-0.0305408146 -0.0060437182
-0.0499958172 0.0241915211
-0.056388624 -0.0184164569
-0.0340271257 0.00575850951
0.0273556095 0.141020447
0.00845717918 0.0589362197
-0.0182547234 -0.0083096642
-0.00234103971 -0.0457526557
0.0769350156 -0.0715187415
0.0511917137 -0.0388430282
0.0172816552 -0.0423981622
0.0250540078 0.00615836261
0.012973601 -0.0244218931
-0.0016873104 -0.0655719042
0.0164393149 -0.033130832
-0.0465543531 -0.0203081463
-0.0828064457 0.0121593699
0.0084293047 -0.0580709949
-0.0284631439 -0.0377872884
0.0388060994 0.0230982602
0.115297936 0.00940413307
0.0528378524 -0.000878544
0.0155534083 -0.0458051562
-0.00304632983 -0.0174541809
-0.00698058028 0.0204160251
-0.0310522858 0.0442211404
0.0240466725 0.0693536997
0.026590975 -0.0298661813
0.00132613303 -0.0168222431
-0.0179494694 0.00895921513
-0.000505487551 -0.0293030255
0.0336416364 -0.0297581218
-0.0135051822 -0.0631378442
0.032321211 0.030912552
-0.00439861091 0.046688199
0.0246427394 -0.0303631797
0.0339124016 0.0499849729
-0.028262414 0.0474842414
-0.00204424257 -0.0862257928
0.0262903608 -0.0512496121
0.0256191939 -0.0221838839
-0.0571744815 -0.101187669
0.0458953008 -0.0163447559
0.0562436394 0.0118123768
0.0266475081 -0.00668304227
0.0771239623 0.0192236621
-0.0305002593 0.039898403
-0.0267173722 0.0372126959
0.0490239449 0.00547399931
0.0490154959 0.013294029
-0.0221532211 -0.0355156623
0.0368352346 -0.0277699213
0.0176275168 -0.0276945736
-0.0656158999 -0.00250374852
0.0398929156 0.0629621819
0.0384181887 -0.00628711144
0.0628301427 -0.036824476
0.0102775758 0.00971710682
0.0275529437 0.0133930445
0.0887123719 -0.0220636651
-0.0219061952 -0.0511547327
0.020665057 0.0256732833
-0.0199292116 0.0584256575
-0.00225593406 -0.00830579363
-0.027994372 -0.0763593838
-0.0323114172 -0.0436603017
-0.00061775971 -0.0717507899
-0.0218352061 -0.0097940648
-0.000893971359 -0.0386306345
0.0222944282 0.00775581365
-0.0208849311 0.063075684
0.0240275729 -0.0845167488
0.0152708609 0.0304349773
-0.0152294943 0.0249858536
0.0750325695 0.0103965644
0.0750617012 0.0308568664
0.00331993075 -0.0209786166
-0.00413599238 0.028357083
-0.050358098 -0.048973877
-0.015165708 -0.00841541402
0.0730800256 0.0647685304
0.0275548436 0.0679265112
0.0678312033 0.00300438399
0.0821305066 0.0160896983
0.0224949233 0.0269537102
0.0210812837 -0.0469349548
0.0618873723 -0.00529952906
0.0436085537 -0.0178011619
-0.00162950507 0.0321717747
0.0385596417 0.00512259919
0.0453569777 0.00288451882
-0.0575383864 0.0291139968
0.00261227973 -0.0161787514
0.0460178889 0.00580428913
-0.0248174854 -0.00955886021
-0.0386946797 0.0831887275
-0.0951169953 0.018181527
0.0200731307 -0.0153032281
0.107667707 0.017862903
-0.0911611691 -0.0510069802
-0.0443461053 -0.0143490201
0.0115955975 -0.0456381626
-0.0159764457 -0.0326437056
0.0648209229 -0.0516575091
0.0645394176 0.0331447907
0.0118782884 0.0136067541
-0.017539816 -0.0328277275
0.0469774716 0.082500644
0.125126973 -0.000299891573
0.016929999 0.0400808416
-0.00949672423 0.0546235144
0.00554008083 0.0159917083
-0.0207277834 -0.053556364
0.0422353409 -0.0568830855
0.0612249523 0.00483019091
-0.0415476672 -0.0317009538
-0.122238107 0.0535676554
0.00352466316 -0.00192260416
0.0538883992 -0.045605991
-0.0585458726 -0.0265939701
-0.0414442793 -0.0295387246
-0.0195129868 0.0121016139
0.0263040643 -0.0111171324
-0.0277220048 0.00385404169
-0.0604346134 0.00672961306
0.0358153954 0.00629591011
-0.0262741931 -0.062100213
0.0101547427 -0.0266635455
0.0867552236 0.0377475061
0.00174089975 -0.00924122799
0.0295523014 0.0136521924
0.0398957506 -0.0342033282
-0.0088544786 -0.000546503405
-0.000641356863 0.0393573828
0.00794073567 -0.00243550912
0.0680790171 0.0134669635
0.0153657654 -0.0248258449
-0.0186177474 -0.00805581175
0.0312371049 0.0558340028
-0.0212165639 -0.00418973947
-0.00706117041 -0.0217314791
0.0212968327 0.0259245895
-0.034824837 -0.0269191395
0.0292856079 0.0686208606
0.0603351593 0.0647512674
0.0223315675 -0.0270369314
0.0174164791 -0.0350373015
-0.0135367597 -0.0598941781
-0.0188766904 -0.0324452743
0.00952560455 -0.0566332266
0.0360307693 -0.0174864065
-0.0257029328 -0.000981448917
-0.0254104175 0.0411258787
0.0250138361 0.0584188998
0.00888351537 -0.00165904453
0.00700251199 0.0691399723
-0.0383112356 -0.0412986837
-0.0208190531 -0.100844488
-0.00267275353 -0.00532699935
-0.0453884602 -0.0355620123
-0.00953519531 -0.0170651209
0.026826065 0.0167987887
0.000659048674 0.0298937112
-0.0358554758 -0.044578623
0.00731856748 -0.0955580473
-0.0172800757 -0.0149364714
-0.0434073582 0.0451312698
0.0219766442 0.0273359548
0.0626247078 0.00735343015
-0.00276943785 -0.00195969944
0.00285550742 0.0347040072
-0.0176952761 0.0404480472
-0.05390919 0.0214368328
0.0706079304 0.0252298098
0.0326352008 -0.0430407673
-0.074378401 -0.00209054165
0.0608513318 -0.0302039217
0.00991756842 -0.0793768615
-0.0558110736 0.0184399709
0.0325848721 0.0670832768
0.00757429376 -0.00372826424
0.023164507 -0.0100417547
-0.0414703079 0.0383627117
-0.0760799944 -0.0127481669
-0.00933702476 0.0769084543
-0.00711372076 0.0913115069
-0.0154673215 0.000537864049
-0.0282626655 -0.0180236697
0.03214252 -0.0855369493
-0.0173461195 0.0364009291
-0.0424020775 0.0144538237
-0.0185757931 -0.0288095009
-0.0291300863 0.025560759
-0.015783079 -0.0523307174
-0.0157505553 -0.0178150404
0.005884449 -0.0482283421
-0.056866616 -0.0299956333
-0.033739306 0.00852042157
-0.0315766372 -0.0217658766
-0.0678561777 -0.021601297
0.00292182807 -0.0329572745
-0.0172435362 0.0615910478
0.00638249191 0.00550129823
0.0197215732 -0.0379755981
-0.00820984412 0.00154238229
-0.0374985747 0.0252509285
-0.0434561744 0.0461936183
0.0396587476 -0.00881320518
-0.0175332576 0.0384123549
-0.0175652094 0.0663155094
-0.0158690978 -0.00209579337
-0.0420430452 0.0661589205
-0.00507482141 -0.000382814032
-0.0159782618 -0.0229389518
0.0294216312 0.0240581669
0.0167783704 -0.0495117418
0.101556659 0.0226424281
0.0529817119 0.000471595617
-0.0346988738 0.034716852
0.0519444011 0.0890595242
0.0030921388 0.0170370154
-0.00398477726 -0.0347377472
0.0282839593 -0.0949907303
0.0223166179 0.0423447862
-0.0227489881 -0.00190219888
-0.0100922501 -0.0480265878
0.000709162618 0.055833403
-0.00366547704 0.0145804901
0.03885502 0.0771203041
0.0318197124 -0.0148454448
-0.000638554455 -0.0381577648
-0.0609573945 -0.0286007542
0.0494785495 -0.0388352126
0.0492966436 0.0501043759
-0.0748735294 -0.000207544246
-0.0257864185 0.0684258863
-0.0226122942 0.101442032
0.0154199516 0.0396595448
0.0562038682 -0.00493385037
0.0072039105 0.00598137965
-0.0144337295 0.0898389071
0.0194786191 -0.0308103729
-0.010113325 -0.0440294966
-0.053911943 -0.000235779677
-0.0181534048 -0.0878025293
-0.0212324783 -0.0695415959
-0.0277765989 -0.0231629666
-0.00383301056 -0.0167364199
0.0754175261 0.0502311103
-0.0120032197 0.0748439059
-0.0825218111 -0.0375805162
0.0857927203 -0.00164889055
0.0426195487 0.0278778393
0.0834399089 -0.027659934
0.0594523698 -0.0734150931
-0.110193096 -0.0611594059
0.0386074185 0.0231460147
0.0280106626 -0.047617089
-0.0809634402 -0.0258245245
0.0193118583 0.00239607808
0.0414450467 0.0162499081
-0.0527835228 0.0441810116
-0.0444235988 -0.017579766
-0.00944826566 -0.00245703291
-0.0108923465 -0.0731699169
-0.0371399038 0.00974380877
-0.0632040501 0.167979792
-0.0116256615 0.00232926849
0.013330224 -0.00199050526
-0.00816871505 0.0121732745
0.0222005323 -0.0176528636
-0.0080475891 0.0151979867
-0.0201716684 -0.0460016094
0.00844072644 0.0346456654
-0.00405960809 0.0370951109
-0.0261458419 -0.0189854614
0.0242061745 -0.00559888314
0.0298954248 -0.00200737268
-0.0770686343 0.052999638
-0.124978095 -0.00958321895
-0.0856659338 -0.0587148927
0.0317886621 0.0362963937
0.111599751 0.011869438
-0.0456381701 -0.0716826767
-0.0481576584 -0.0257441141
0.0311951879 0.0576412864
-0.0422717407 0.0167711638
0.0165938959 0.0735623166
0.0122265983 0.087077044
-0.0251807142 0.0152392909
0.0329370797 0.0374595523
-0.0285161622 -1.40268367e-05
-0.0337731317 0.0409427732
0.014285543 0.0420788936
-0.0248769894 -0.0600392669
-0.00325663178 -0.0121891117
0.0471974239 -0.0369169265
-0.0141868005 -0.0342628881
0.0119941747 -0.00357785635
0.0205929317 -0.0450957082
-0.0366168618 -0.00733523024
0.00922515802 0.0350761898
-0.00302332267 0.0237079337
-0.0130151473 -0.012774379
-0.0038307677 0.02052355
-0.0331754796 0.0459410101
-0.0238320604 -0.0515306629
0.0302897915 -0.0274594966
0.0334574841 -0.0262084026
0.00204145978 -0.0153629091
0.0369202532 0.0746967643
-0.0118846111 -8.04877927e-05
-0.026018342 -0.0391144343
-0.0208862703 -0.0143025629
-0.0171234198 -0.0495268218
0.0123995272 -0.0841031969
-0.0591645055 -0.0761851817
0.0556971952 -0.0748565421
0.0755894035 0.0275905728
-0.0371999666 0.0415123217
0.00157212431 -0.00861977041
-0.00410932535 -0.00298068719
-0.0099202143 -0.0677947253
-0.0280323252 -0.00472500082
-0.00498060463 -0.0392297246
0.0300279893 -0.00577179529
-0.013572285 0.0647916347
0.0217172336 -0.0863961205
0.0157494396 0.0314386301
-0.0151585042 0.0261720885
0.070610024 0.0075092162
0.0825608522 0.0330130272
0.00579745928 -0.0242081154
-0.00510899071 0.0354722925
-0.0466440842 -0.0471670739
-0.017212512 -0.00882852171
0.0739528537 0.0675961003
0.0323795937 0.0592355169
0.0703909099 0.00957482867
0.0764178187 0.00820762478
0.0136117274 0.0289728474
0.0239757076 -0.0368429832
0.0535734184 -0.00949542318
0.0584619381 -0.0342733599
-0.00283142552 0.0373038165
0.0419130661 0.00679484801
0.0399004519 0.00104294962
-0.0573284924 0.0311470982
-0.000656470482 -0.0233091153
0.0530621558 0.0055013001
-0.0272403061 -0.00506515102
-0.0405369885 0.0829871073
-0.0929645225 0.0249162987
0.0213843733 -0.0157699604
0.00769989332 0.00487734284
-0.00427231379 -0.000332496595
-0.00577664049 0.00405265437
0.000591887045 -0.00246103876
-0.00495528337 -0.000251734687
-0.00211274833 -0.000542089867
0.00225017942 -0.00351368962
-0.00553959282 -0.0044962056
-9.09906794e-06 -0.00811779872
-0.00348079787 -0.00128522282
0.00548285712 -0.00182474672
0.00661261939 0.00215385971
-0.00243029883 -0.000934924756
-0.000953438517 -0.00010607791
-0.00180999201 0.00373089709
0.00192673982 0.00233881082
0.00389663898 -0.00212335936
-0.00508885644 0.00227605784
0.00622861786 0.00506194634
-0.00510351127 0.00111508754
-0.00372541114 -0.0001667342
-0.00876925606 -0.00256020855
0.00810524635 -0.00179356639
-0.000154917885 -0.000874479942
0.00393633638 0.00626879139
-0.00283766468 6.99192824e-05
0.00507448427 0.00117881829
-0.00581927737 0.00672118086
0.0027610783 0.00572218653
0.00569670461 -0.0079338681
0.00120221451 0.00610010838
0.000138224845 0.000141241413
0.0022418825 -0.00132243056
-0.00327154878 0.000376169628
-0.000489295053 -0.00126486225
0.00287046679 -0.00261146692
-0.00296524004 -0.00817336608
0.00216348027 0.00126685039
-0.00106480171 0.000903883018
-0.000349116483 -0.00364006031
0.000150722321 -0.000185583573
0.00879066344 0.00561737642
0.00319207879 0.000246413721
-0.00141030434 -0.000806830241
-0.00577549776 0.00993997324
0.00129329239 -0.00375889218
0.00245108525 -0.00163029227
-0.00402513565 -0.000276506413
-0.00730011286 0.00256239856
-0.00276963366 0.00447448669
0.00421383511 0.000595490797
-0.00482454011 -0.000641304476
-0.00175434269 0.000426982529
0.000960883044 5.15160646e-05
0.00368146901 -0.00326772197
-6.61798404e-05 2.36141132e-05
-0.00144211832 -0.00217653764
-0.0030305183 -0.00149359857
0.0058182897 -0.00238933973
0.00213377271 -0.00513803493
0.000386714295 0.00169419346
-0.00512976479 0.00173259864
-0.00417123549 -0.00173393451
0.00110089581 -0.00291747204
-0.00322639104 -0.000337353238
0.00291168131 -0.00188932894
0.00149451615 -9.19859376e-05
0.000740980846 -0.00107690552
0.000950560381 -0.00390801951
0.00406863168 0.00415920559
-0.00149334001 0.0045800535
-0.00090982602 0.00101714639
0.00972760189 -0.000487455138
-0.00364307035 0.00319285295
-0.00201652641 6.17391288e-06
0.0039034395 -0.00134716602
0.00373454415 0.00940470025
-0.00120330567 0.00480122678
-0.00290718162 0.00580431568
0.00129130634 -0.00210905937
0.00456160447 0.000468634273
0.00852562767 0.00546200573
0.000916082819 0.00146199262
0.00540132169 0.00202576467
-0.00155022927 0.00605589291
0.00165952218 0.00200713868
0.000196313238 0.00654765265
0.00102132675 0.000597185921
0.00345723354 0.000552846876
0.00277727586 -0.00377665437
0.000802474504 0.010653981
0.00495065423 -0.000950525864
-0.00142884289 0.00125560467
-0.00131305354 0.00648265798
-0.00132336677 -0.0012651264
-0.00505747925 0.00248701288
-0.00118328503 -0.00254908856
0.00109173066 -0.000302065717
-0.00127034204 -0.000882422726
0.00277986261 0.00104872417
-0.00125185086 0.000188562553
-0.000893965131 -0.0019284297
-0.00544151478 0.00147699297
4.92740446e-06 -0.000374237017
-0.00373528828 -0.000228532794
-2.49686691e-05 0.00399976503
0.000792202249 0.00251801126
0.000942817423 0.000271951372
-0.0075871693 -0.00119848433
-0.00457326323 0.00441714702
-0.00304609048 -0.00371228158
0.00199273368 -6.30712966e-05
0.0013753539 -0.000338970916
0.00221198541 -0.00336383306
0.0032494911 -0.00484683318
0.00066290464 -0.00306520634
0.00325526204 0.00703828083
-0.00396963395 0.000904886401
-0.00357858185 0.000961651211
-4.87417601e-05 0.004092969
0.00164535572 0.00106159959
0.00250279694 0.00328515656
-0.00190137769 -0.00403801911
-0.00222700927 -0.00331332441
0.00756109226 0.0102414163
0.000702198362 -0.000392449176
0.000617583399 -0.00137285411
0.00137500395 0.000123591424
-0.000270614459 0.0043276553
-0.00544388965 -0.00219319342
0.00220575975 0.000230203936
0.00144818169 -0.000693421287
0.000356014527 0.00271692337
-0.00112423149 0.00136396301
0.00711764814 -0.00546882162
-0.00398261147 -0.0015542336
-0.0046112705 -0.00771626318
0.00253462768 0.00293488242
-0.00632086117 -0.00291648251
-0.000194275854 -0.00145476358
0.00895582885 0.00267735333
0.00262065791 -0.00286095217
0.00322098727 0.00109009107
0.00176523265 -0.00159961451
0.00155220577 0.00224535191
0.00342172221 -0.0014041462
-0.00131344015 -0.00135329773
0.000738258183 0.00531484466
-2.78486368e-05 -0.000968477631
0.00104573148 -0.00589469494
0.000664919906 -0.00155861641
0.00325111044 0.000770063081
-0.00877383631 -0.000260959408
0.00544911111 0.000732166111
0.00940230116 -0.00125035364
0.00808304921 0.00495679071
-0.00208857958 -0.00152341207
-0.00184277259 0.00371488137
-0.00167122891 -0.00594974402
-0.00405602437 0.000338753802
0.00273160776 -0.000770839106
-0.00112752093 0.0023272722
0.00329066929 -0.00169785682
0.00462700007 -0.00248821964
-0.00799715612 0.00143823121
0.000344395085 -0.00188596151
-0.00189046608 0.00227588718
-0.00395359052 0.00430991827
-0.00107222411 0.00325562386
0.000881764863 0.00377423991
0.00553989829 0.00232216576
-0.00813267846 -0.00337239914
0.00285109784 -0.00340917008
0.00678688334 -0.00382697536
0.00108133757 -0.00305649289
0.00361992046 0.00266178278
0.00119977992 0.00260476931
-0.00420676451 0.00169977813
0.00209315331 -0.000404251216
0.00340782572 0.00365292979
0.00202208618 -0.00229415018
0.0084483996 -0.00526490109
0.00402588956 0.00188482809
0.0022755214 0.000937822915
0.0077451095 0.0021910693
-0.00402739132 0.00357644074
-0.0027145287 0.00449752528
-0.0021355059 -0.00109332975
-0.00374074792 -0.00193481031
0.00243468373 -0.00110689516
-0.0053310208 -0.0081970226
0.00673354836 -0.00147783733
0.00687891571 0.000760058116
0.00283596967 -0.000951786991
-0.00165013561 5.81914492e-06
0.00393467862 0.002663719
0.00278650154 -0.00141566759
-0.00207267725 0.00514000375
0.00478828093 0.00678350776
0.00365785835 0.00130350038
