0.00537438644 0.00665385928
0.00211375416 0.0114469239
-0.000563325651 0.00231835176
-0.0225261729 -0.00454726582
0.00419150433 0.00492656184
-0.0206547771 0.00417333143
0.00883889385 0.00839556009
0.00588646019 -0.00673844991
0.00806309842 0.00561995199
0.00804063492 -0.0191213302
0.00289959623 0.00879706908
-0.00519700721 -0.000420645112
-0.00298309675 0.0116317403
0.0146493753 0.00279199029
-0.00565607892 0.0100628808
-0.00221642037 0.0136658596
-0.00703757862 -0.0113461753
-0.00502412254 -0.0129214711
-0.00297822361 0.0084820576
0.00249196799 0.00464662444
-0.00285417656 -0.00848899689
-0.00344539084 -0.00593970995
-0.00599147473 -0.00627429085
0.000869959826 0.00563831953
-0.0130567038 -0.0113308961
0.000507629011 -0.0137273297
0.0127258664 -0.0045902608
-0.00744933309 -0.00862725545
-0.000441219338 0.00492720306
0.0273662135 0.00374613446
-0.00964220706 -0.0106600579
-0.0157481804 0.00585858291
-0.00414648652 0.00688982196
0.0175528117 -0.00258421409
0.0197697151 -0.00796473771
-0.0118111363 -0.0138435643
0.00553816184 0.00268096034
4.29647189e-05 0.0126088718
-0.00571625493 0.0103635546
-0.0189008527 0.00373127568
0.00995062105 0.0269715134
-0.00835830532 -0.0117040426
0.00290390826 0.00765870558
0.000796102802 -0.00661028968
0.0181666054 0.00422955165
0.0114242202 -0.00627393369
-0.0112226689 -0.00311051169
-0.00254957285 0.00685037952
0.0100732269 -0.0128479172
-0.0129483761 -0.00560281565
-0.00380962272 -0.0104891416
0.00221042358 0.00242030621
-0.015696656 0.00452470267
-0.0120019484 0.00623909524
-0.0165517442 -0.015357418
0.00278930692 -0.0143301515
-0.005454842 0.00240772893
0.00902073178 0.00154309755
0.00110652659 -0.00947268587
0.00555640971 0.00148643716
-0.000813139603 0.00252301316
0.00730478112 -0.00459826645
-0.00100722513 0.0283176433
-0.00954005122 -0.00835127104
0.01148808 0.0103713144
0.0095197726 0.000379952224
0.0220185909 0.000897162303
-0.00138010178 -0.00903756265
-0.00563260773 -0.00399905071
-0.0140562234 -0.00269739819
-0.0374884531 -0.00461169332
-0.0127105378 0.00497170631
0.00472792936 0.00703357486
-0.00860225037 0.00119847571
-0.0252072047 0.00673599355
0.00590901496 -0.00237530051
-0.00574621744 -0.0074301213
-0.00350569887 -0.00699065952
-0.00418959931 -0.00884355046
-0.0013076982 -0.00472407183
0.00460938225 -0.00378359365
-0.0168496948 0.00336368638
-0.00220557814 -0.00384422275
-0.00494222017 0.0104238018
0.0110408124 0.00789226312
-0.0100566819 -0.0012710786
0.0159079377 -0.0118114846
0.00590641517 0.00019121333
0.0157814641 0.00200171792
-0.0068445974 0.00662928633
0.00782770943 0.00720483623
0.00352627621 0.00495454902
-0.0145492563 0.00450129295
-0.00253596879 0.00737288408
-0.0044008689 0.0174612552
-0.00938547403 0.00119284051
-0.0074611539 -0.00340317353
-0.0139900744 0.0179017577
-0.00453950232 0.0067853881
0.00324741635 -0.00792141259
-0.00756575027 0.000453998946
-0.0151835484 -0.00457725814
0.0101515101 0.0136349155
-0.00360037875 -0.00816022698
0.000267555442 -0.00539754936
-0.00227042101 -0.00980575196
-0.00524339406 -0.0153240496
0.00584373111 0.00805874169
-0.00514264079 -0.0220428687
0.000277792977 0.00565856462
-0.0140353106 -0.00394664751
-0.0159215368 0.0110943653
-0.00378379854 -0.00159766525
0.0185572803 0.0130774863
0.00175743434 0.0143533032
0.0187795758 0.0159190297
0.00439095497 0.0066302754
0.00440337369 0.00642471202
-0.00566825038 0.00756080262
-0.000212912055 -0.0198886544
0.0173956864 0.0199418217
0.0115130981 -0.000552869809
-0.00608242583 -0.0015678776
-0.00456468621 0.00346053578
0.012988409 0.00625161501
-0.00500082551 0.000735554786
0.00893633161 -0.0075478144
-0.00883432291 -0.0045558135
0.00609733118 0.0123365307
0.0148251271 0.00165456103
0.00811216421 -0.00335922348
0.00236692699 -0.00784107577
0.00136648247 -0.00973099284
-0.000820101472 -0.00469224574
-0.000224931951 0.00332509167
0.0114511484 -0.000140285367
0.0112130307 -0.0142353196
0.00396409538 -0.00924905296
-0.0122266375 -0.0190623067
-0.00505749276 -0.00069382455
0.00288715307 0.00629293639
0.000499155838 0.00371125038
-0.0131473308 0.0157300886
0.00645150617 -0.00444319798
0.0252400469 0.0171381645
-0.0119113093 -0.0112304296
0.000618849299 0.00217298954
0.0157358926 -0.00406887941
-0.00405439036 0.000859726511
-0.00396260945 0.00587886525
0.00164955575 -0.00747075398
0.00551367318 -0.0193796344
-0.00399143714 -0.00939652137
0.00951974839 -0.00576142408
-0.0185024124 -0.0087869782
0.00636176532 0.0157925282
0.0035836671 -0.00442044856
-0.00154109742 -0.00791670103
0.00376074319 0.00664780289
0.000464223238 0.00264662225
0.0129192136 -0.00402972382
-0.00448328396 -0.00543592963
-0.000403768441 0.00428684382
-0.0134806447 0.00278365612
-0.0109283365 0.00664250413
-0.00234246068 0.00457130186
-0.0151113933 -0.0114743626
-0.00823316909 0.0075666653
-0.0128751416 -0.0170110576
-0.00478931284 -0.0160123426
0.00114685285 -0.0173662417
0.0091673201 -0.00507157249
-0.0188576225 0.01845387
-0.00194564508 -0.00127612299
0.0084095737 -0.000201864517
0.0134078758 -0.00349805853
0.0136542656 0.0120328534
-0.0139261559 -0.0190861411
-0.00498569058 0.00284580141
0.00547837466 0.00587549293
0.0091134375 0.0144820306
0.00273955287 -4.02142396e-05
0.00258098706 -0.00287864683
0.00234348583 -0.00385964173
-0.00744784158 -0.0167536512
0.00156797841 -0.00316120428
0.00788999815 0.000237159213
-0.00329536409 0.00424064975
0.0113901561 0.00725289062
-0.0276031438 -0.0139850704
-0.00316759455 -0.0106475363
0.016514685 0.00330914673
0.00849094056 -0.0132547924
0.0140216155 0.0179812703
0.00142538396 -0.0148838814
-0.0114784706 -0.00207274896
-0.00495510967 -0.00852071028
0.0147840939 0.00635405909
-0.0178375412 -0.00753473304
-0.00926436577 0.00187170552
-0.0608308241 -0.0306084566
-0.0341876894 0.00715023
-0.0243380144 -0.0395366028
0.0304704085 -0.0042400104
-0.0137160383 0.0713564456
-0.0304294452 -0.070411019
0.0521981381 -0.0305682365
0.0419411212 -0.00364641682
0.0386077054 -0.0698037297
-0.0290424526 0.0183530003
-0.0413380489 -0.0147890588
0.0216408931 -0.0136419628
0.0285723805 -0.0410768017
0.00865094364 0.0528406948
0.0587658212 0.0275740083
-0.0248180758 -0.00961536821
0.00228181621 0.022190826
-0.00995732937 0.0492502116
0.0197470728 0.0223372001
-0.000385614549 -0.00480058277
-0.00252489746 -0.0310611427
0.0316325091 0.0860050395
0.0154595673 0.0325683877
0.00405123131 0.0283865966
-0.0221104883 0.0188835803
0.013707282 0.022371415
0.0677640438 -0.0216374565
-0.0511898398 0.0608411543
0.0106763951 0.0205262601
-0.00444962224 -0.00286176568
0.0516833998 0.0160050076
-0.00018341234 -0.0207360983
-0.0138733732 -0.010748514
0.0302956849 0.0177449957
-0.0614532642 0.0190030411
-0.0784607455 0.0365139954
0.0110132899 -0.0244151372
0.0048354608 -0.0341430902
0.0198382381 0.0236502402
-0.0080892453 0.0257264115
-0.000694865361 -0.00320342625
0.044657968 0.0284852721
0.0134743666 -0.0145741897
0.00899748132 -0.0211197156
-0.0220510289 -0.0398225412
0.0351024158 0.0255789198
0.0342946425 0.000408101885
0.00386685575 -0.0426425114
-0.0354408063 -0.0176221821
0.0171919297 0.0259296875
0.0111526102 0.00344123715
-0.0156567246 -0.0100607425
0.0473743118 0.0424410738
-0.0371326506 0.020456858
-0.0294980966 -0.0244557597
0.0247195158 0.010684358
-0.0327365585 -0.0482257828
-0.0274427738 0.00607829448
0.0409428291 -0.068559207
0.00661722431 -0.0315481499
-0.0424941927 -0.0352464058
-0.015810186 -0.00410100445
-0.016829079 0.0284309294
-0.0498078838 0.0568553545
0.0248007681 -0.00386244548
0.017422324 0.0257525649
-0.0110955797 -0.0210681874
-0.070251219 -0.0260553882
-0.0115108807 -0.0190071762
-0.039459046 -0.0107243229
0.00923725776 0.00948655326
0.0835942775 -1.92838779e-05
-0.038555149 0.0363828763
-0.0136705087 -0.0488757491
-0.0236026067 0.0643752962
-0.00316998083 -0.050247997
-0.0699470192 -0.0148047414
-0.03110357 0.011140787
0.00732482923 0.11292693
0.0105818538 0.0132535938
0.0255874917 -0.00632149028
-0.0397305749 0.000463189761
0.0438848138 0.0397580974
-0.0370343104 0.0603366792
0.064857699 0.0274704508
-0.0017523173 0.0191193223
-0.00925370213 0.0568426326
-0.0141678574 -0.0107861627
-0.00615684688 -0.0305668376
-0.0147885345 -0.0283689909
-0.0352897421 0.00296208286
-0.0362764113 -0.0472010225
0.0188427344 -0.0286236629
-0.0493501648 -0.00770287123
-0.049394574 -0.000120492368
0.0056158551 0.0331849009
0.024541121 -0.00913530868
-0.00443182047 -0.048531048
0.0313907117 -0.0252439473
0.0710859001 0.000594844925
-0.0312996432 0.0532533191
-0.011200699 0.0260442179
-0.0305260792 -0.0252123997
-0.0549561083 0.025736738
-0.030002607 0.0107707977
-0.00808186177 0.0265395492
-0.0204547774 -0.00283461949
0.0169072933 0.01942968
0.0022850805 0.0121989073
0.0489520729 -0.00473564072
0.013839799 0.00863357913
0.0297926757 -0.00664780289
-0.00348549965 -0.0535325967
-0.0538984798 0.00114931352
0.00741281779 0.00783596374
-0.0134368446 0.0199894011
0.0270433687 0.0498440005
-0.000785638869 -0.0166994911
0.0123199448 -0.041627273
0.0291353706 0.00542660663
-0.00843001995 -0.031703569
-0.00740035996 0.00782723166
-0.016795855 -0.0357927904
-0.00620512757 0.0108045442
-0.0228856355 -0.0314215422
-0.00386120938 -0.015682796
0.025943527 0.0490116663
0.000515918946 0.0449440591
-0.0455845483 -0.023377208
-0.0215953197 0.00778523274
-0.0191246662 -0.0432137661
0.0496696942 0.00780199794
-0.0101546915 0.0833687112
-0.053741578 -0.0546623096
0.0621931739 -0.0190380532
0.0459851883 0.00493088178
0.0408336259 -0.0739070848
-0.0100826593 -0.00495856488
-0.0649425462 -0.00463747606
0.00689368602 -0.0174041986
0.0305009075 -0.0545091517
0.0213838778 0.0372767821
0.0516216084 0.0315009952
-0.00686974498 0.00227099867
0.0142532578 0.0121531663
0.0083788801 0.0561067313
0.0239254329 0.0347110443
-0.022859931 0.0240227468
-0.0155867757 -0.0385309756
0.00753111439 0.0826398209
0.00274500926 0.0290958546
0.00237527885 0.0413042866
-0.030757444 0.0457999557
0.0214809589 0.0395559184
0.0586185642 -0.0374626294
-0.0483877286 0.0502488948
-0.00700546894 0.0130723836
0.00704154046 -0.012174611
0.0526529886 0.0124496641
0.00187588646 -0.0267897435
-0.0164859444 -0.0155702597
0.0156185431 0.00715971971
-0.0549817532 0.0263629407
-0.0831785873 0.061335247
-0.00376104191 -0.00421678601
0.0100697158 -0.042280376
0.0314787626 0.000197171408
0.00333820283 0.00586970523
0.013337221 0.0260974672
0.0417176597 0.0282240342
0.000933864445 -0.00149644772
0.0161141623 -0.031799607
-0.0239894204 -0.0171688087
0.0245309118 0.0252430197
0.00496547902 -0.0177388843
0.000972398906 -0.0217024498
-0.0394031033 -0.0289746262
0.0328902453 0.0187428538
-0.0245903283 -0.00108557823
-0.0162391569 -0.0113555575
0.0333923921 0.0358734839
-0.0499670506 0.00420471188
-0.0144860018 -0.0104791438
0.00866203383 0.0148526076
-0.044133123 -0.0334632173
-0.0184404589 0.00729724066
0.0438630916 -0.0624719784
0.0190462731 -0.0273279529
-0.0303916298 -0.0309165064
-0.0207898058 0.00985907484
-0.00492265634 0.0405697636
-0.0721270666 0.0616132692
0.018745454 0.00121294276
0.0292171538 0.00971437804
0.0142424637 -0.0266981851
-0.0731483623 -0.0441406965
-0.0118493577 -0.00272084167
-0.0425760373 0.00386083336
0.0102920346 -0.00773172453
0.0535255708 0.0169607494
-0.0405174121 0.0564504042
-1.55322527e-06 -0.0640354455
-0.0398512296 0.0736964867
-0.0023402865 -0.0430038311
-0.0582739897 -0.0311755724
-0.0191330314 -0.00119756232
-0.00660317531 0.106374145
-0.0010946024 0.0165589713
0.0190705173 -0.0322328769
-0.0582417622 -0.00685169129
0.023937799 0.0214108452
-0.0542234145 0.0721380189
0.0491698459 0.0199054535
0.0150996353 0.0118915495
-0.0033633986 0.0514350012
-0.0151274884 -0.00793755893
-0.0109006045 -0.0312661119
-0.0308517925 -0.0407369919
0.00848445296 0.0318422355
-0.0292789768 -0.0616547763
-0.000968381995 -0.0122025292
-0.045662161 0.0106664859
-0.0369722396 0.00958403293
-0.0108375987 0.0508776084
0.00197175122 -0.0260688588
-0.00457530888 -0.0321716033
0.0327883773 -0.0083975466
0.0616710559 -0.00634305645
-0.0194421839 0.0644343123
-0.011645006 0.0671129897
-0.00952619873 -0.0396404192
-0.0734720528 0.0345266908
-0.0440178886 0.0114801181
-0.0168314856 0.0244404692
-0.0191646945 -0.002441508
0.0149957808 0.0123821776
0.0169938598 0.0224131569
0.035642013 0.001571364
0.0218694396 0.00742601417
0.0367365517 -0.00157753087
0.0166966356 -0.0428168327
-0.0417311937 0.0121006649
0.0375372022 0.0378002077
-0.0341077112 0.0338885784
0.0227154177 0.0487315692
0.00902219024 -0.0240999665
0.0174180251 -0.0333935991
0.0466273017 0.01155621
-0.00607851986 -0.0514690019
-0.00383559451 -0.0121901231
-0.0219095387 -0.0425081253
0.00183350767 0.0073564481
-0.00374975963 -0.0178645905
0.000999093405 0.00839871075
0.0193883572 0.024015585
-0.00201868336 0.0407227203
-0.00989614613 -0.0219360963
0.00902672485 0.0368968807
-0.0149461422 -0.0165063273
0.00383588416 -0.0354285762
0.0723006278 -0.0325188413
-0.0378731787 -0.0347446688
-0.100446165 0.00374044501
0.0830025971 0.0142815886
0.0155274365 -0.0294945203
-0.0571783818 -0.0685113817
0.0430356227 0.00832461566
0.00943770446 0.0708787143
0.023255961 -0.0138014797
-0.00491794804 -0.025032457
-0.0213246234 0.0256522
0.00210484397 0.0366712026
-0.00196386897 -0.0433263965
0.0448031984 -0.00122466614
0.0115776276 0.0171119645
-0.030709153 0.017480338
-0.020939935 -0.00227942248
-0.0129579157 -0.00112651091
-0.00710178493 -0.0411958881
-0.00569338817 -0.0839272067
0.074864544 -0.0168134067
-0.00514283637 -0.00665259641
-0.00653149188 0.00393781904
0.0191216208 0.0535842925
0.0373212546 -0.0185514987
0.0312105268 0.0413611643
-0.0118472595 -0.00855040643
0.0371753313 0.0280636754
0.0400198177 0.0683301091
0.0247553401 0.0138865784
0.019162422 0.088626042
-0.0595644414 0.0136751197
-0.033677388 -0.0589354597
0.0515918657 -0.0294615738
0.0406223089 -0.00729879504
0.0357954018 0.0446247794
0.0824402347 0.0256256089
0.0041372492 -0.0659218058
-0.0434050672 -0.0479342043
-0.0196708441 -0.0197879467
-0.043234691 -0.0253972784
-0.0054374421 0.0161430966
-0.0220905729 0.0136732124
-0.0200163126 -0.0544950776
0.0658753216 -0.0558364466
-0.02051856 0.0238102246
-0.0745269731 -0.0364269316
-0.024040062 -0.0928461701
-0.0178751945 0.0348995589
0.0635290593 0.0104330434
0.0203193724 -0.0138868084
0.0495693162 0.0214149319
0.0362152457 -0.0508193932
-0.0571940914 0.0905458555
0.0133746909 -0.00200967677
0.0939864144 -0.115252823
-0.00443399232 0.0253883954
-0.0494666845 0.0731599852
-0.0567536615 0.00128352107
-0.0200837553 -0.0406378806
0.110409752 -0.095444195
0.0307903271 -0.0115110353
-0.0113174254 0.0662335157
0.0536924116 -0.00503159873
0.0120445164 0.0101358807
0.0681799874 0.0266531706
0.010152664 -0.0486059487
0.0329754241 -0.0192382298
0.0996338576 -0.0126917418
0.00511680217 0.0123008611
-0.0576010607 -0.00209357962
0.0236763135 -0.0112397419
0.079362683 -0.0347245969
0.0156059656 -0.112446956
0.0307256896 -0.0425998569
0.0052724611 0.0142968399
-0.0289297085 -0.0188877713
-0.0587467551 -0.0150684668
0.0142105594 0.0268327668
0.0116831586 0.0861930847
-0.0703467131 -0.0280212164
0.0543773286 -0.0217533335
-0.0286365431 0.0217687432
-0.0732321888 0.0222306792
-0.0784452856 0.0253248978
-0.0398943126 0.0304276291
0.126925543 0.025066264
0.0248023774 0.0107467845
0.0222584791 0.0134321963
0.00990753621 0.00488663744
-0.0266846493 0.0657140464
0.0424652733 0.0262125582
-0.0514079891 -0.059418425
-0.00177717896 0.0185510498
0.094156839 0.0179348625
0.0248257704 -0.0128550027
0.0286587179 -0.0477355607
0.0124376621 -0.00137077377
-0.0287932828 -0.0118334824
0.0508958846 0.0310313404
0.0100497873 0.11693196
-0.103239954 0.0319000632
-0.0148615446 0.0551400445
-0.0204671565 -0.00377618615
-0.0342400074 -0.0107509028
-0.00534274057 0.0419906005
-0.0325125679 0.013856641
-0.0620052926 0.0244183838
-0.0508820675 -0.0217753872
-0.092304863 -0.0259015746
-0.0195590388 -0.0204374753
0.0411675796 0.102514297
0.0813440606 0.0368094146
0.0441763103 -0.0192998052
0.0567886345 0.0106938453
0.0621468537 -0.0144906668
-0.0292753242 -0.00836892147
-0.0035800573 -0.123903006
-0.0533918068 -0.0051388042
-0.0855723098 0.037507344
0.0249545146 -0.0383614525
-0.010237881 0.101509236
0.0230497308 -0.0226350389
-0.0237074252 0.0269232877
0.000500069116 -0.0023619181
-0.0116732745 -0.107433029
-0.0353878327 0.0614659712
0.106468596 0.00903917383
0.0395688973 -0.0894494504
0.0540532134 -0.054400079
-0.0297528729 0.0246835947
-0.0894811228 0.0218640734
-0.0364325829 0.0420013182
-0.0480454899 0.0747300312
-0.020365186 -0.0412205532
-0.0667206272 -0.0199978575
0.0500756167 -0.0212791022
-0.0391213186 -0.0270263702
-0.0159955248 0.0504490845
0.0755065531 0.0286964793
-0.0677177534 0.00781508628
-0.0656900331 -0.0229020212
-0.0709773153 0.00200523343
-0.0699107125 0.000430173503
-0.0351397209 -0.0388305262
-0.00994729344 -0.00621324172
0.0318944827 -0.0472274013
-0.000106248452 -0.0687120333
-0.0571617782 0.0263400413
-0.00701839989 -0.0221534967
0.0192272309 -0.0701421499
-0.0893625319 0.0497800075
-0.0163811389 0.086187087
0.029791167 0.0497197807
-0.0380264893 -0.0133366045
0.0287498552 -0.0228585899
0.0702635422 0.0249573234
0.0114586148 0.0316743478
-0.0178743955 0.0771315247
0.036391817 0.0485215187
0.0130589008 0.033157263
0.0462797917 0.0316536054
-0.0301507935 0.0141727328
-0.0244442709 0.00337437796
0.00665366324 -0.0221299622
-0.0576528721 0.0342885554
0.00737916538 0.000596275844
0.0294376425 0.0145617593
0.032900501 0.0340101458
-0.0130298436 -0.0170935579
-0.0173860919 0.0401520506
0.0241420399 0.00890261866
-0.0426458493 -0.0948097333
-0.0164138265 -0.0401223898
-0.057601247 0.00255999947
-0.0122636054 -0.0620983839
0.0197043512 -0.00925150327
0.0460975766 0.00848270115
0.013831907 -0.0165848378
-0.0333318114 0.0210055988
0.0240333378 0.0160518046
-0.0140949544 -0.00823745038
-0.0318729877 0.0309868287
-0.0320521742 0.0048763142
0.00857782084 0.00553950761
-0.0316899903 -0.0536403283
0.00309336185 -0.0420698002
0.0157447457 0.0057926653
0.0168883018 -0.0111250086
-0.0578255951 -0.01203686
-0.0379135273 -0.0212175697
0.0546252169 -0.00967841875
-0.0124325231 -0.0491571352
0.0749838799 0.00178123708
0.0220833886 0.0285680983
-0.0592945665 -0.030963337
0.0428712741 -0.0059197857
-0.0468340777 0.0381921493
0.0134712495 0.00928772148
0.00895649381 0.0170961432
-0.0236761402 -0.0121930726
0.00746220397 -0.0462237298
-0.0141329709 -0.00552347349
0.01673311 -0.0129612582
-0.0361906663 0.0299139395
0.00379358884 0.0543751642
0.0806205049 -0.0595393851
0.00455402816 -0.0444772579
-0.0465855524 -0.0317078084
0.073625356 -0.0272515491
0.0625643954 -0.0491594374
-0.0229623169 -0.0691233948
-0.0260743555 0.0168115292
-0.0235163942 -0.00568254804
-0.0576776378 0.0142189898
-0.0271144174 0.0116437944
0.0531881228 0.0289717633
-0.00797730405 0.0196237452
-0.0144863194 -0.0138607668
-0.0500203632 -0.0034378327
-0.0549411476 -0.0196144264
0.128565997 0.0192198027
-0.0438149758 0.0123846876
0.00298642903 -0.0532099977
0.00128593307 -0.0437749475
-0.0124345832 -0.0183871556
0.0639887676 0.00707439799
-0.0334126055 -0.0291380044
-0.0458492525 0.00372003345
-0.0530392081 0.0242027119
0.0160176605 -0.0594599992
-0.0139413625 0.0207492653
-0.0611804128 0.0717336461
0.0852828175 -0.0230824538
0.0456110202 0.0453883335
0.0363975465 0.0687025711
0.0961917192 -0.0104096746
-0.013576882 0.0113650421
-0.0615527779 0.0423353836
0.0230007246 0.0213659443
0.029933393 0.0309189949
-0.0121783363 0.0857791081
-0.072763443 0.0176341385
-0.0458014533 0.00974945724
0.0428361967 0.0241283644
0.0430283211 0.0322051272
0.0277857091 0.0232537519
0.0119291153 -0.0667813197
-0.042091433 0.0244218893
0.0257468726 0.0597097427
0.00318465894 0.088945955
-0.0717727244 0.054569494
-0.0189886503 -0.00969596393
0.018850321 0.0210052542
-0.00814756285 -0.00844691042
0.0175769441 -0.0123776756
0.0593646877 -0.0304379724
-0.0156898331 -0.0533731766
-0.0817544982 0.00469056284
0.0837699771 0.0210884642
0.00146848732 -0.0235503167
-0.0873302668 -0.0587890446
0.0432699956 0.0168704167
0.0230309255 0.0416390672
0.0147066657 -0.0104827583
-0.0310080741 -0.0325045511
-0.0170674808 0.0220896807
0.0122310296 0.0200659949
0.00209189439 -0.0625265837
0.0541073494 -0.00379875349
-0.0191425178 0.0176146906
-0.0133632803 0.0134221707
-0.0127956206 0.00989420246
0.00675387168 -0.0184127521
-0.0183711294 -0.0399851575
0.019734541 -0.078159079
0.0671841055 -0.0156278759
-0.00814743061 -0.0212273281
-0.0192280579 0.000297966151
0.025337765 0.037604332
0.0357522629 -0.0156429317
0.0487561896 0.0507874116
-0.0161617044 0.000936421333
0.0469260737 0.0329602137
-0.0203568675 0.0292472672
0.0255543236 -0.011916196
-0.0763964057 0.000964396575
-0.0898916498 0.0514746904
0.0515263453 0.0135575226
0.065644294 -0.0326256715
-0.0429511778 -0.0318468846
-0.00271340692 -0.0387862176
0.010057983 0.0445738621
-0.0646224543 -0.0118057197
-0.0289004743 -0.00735998992
0.0461496711 -0.0322404355
0.0646656305 0.036338903
-0.00503135007 0.056401331
-0.0649611652 -0.0317736529
-0.0554753579 -0.031717103
0.0277706813 -0.0761818066
0.0164132398 -0.0125953704
0.00835044216 -0.0316827409
0.0832895786 0.00588005735
-0.00257080607 0.0226738323
0.00565983355 -0.102172375
0.03872649 0.0847287178
-0.0168653186 0.0501781553
0.025396077 0.0417619236
-0.00574827986 0.0115271015
0.00588572444 -0.0427216738
0.0443484746 0.00977999344
-0.00536858989 -0.0308829565
-0.0395198986 0.0401700102
-0.00492905267 0.0462591499
0.00757260155 -0.029348094
-0.0309569947 -0.000419157121
0.00852336083 0.0299517345
0.00651245192 -0.0240936521
-0.0218412541 -0.0612190589
0.0125372894 0.0317888074
0.0419126973 -0.0045175422
0.000552460144 0.0302395187
0.0168758724 -0.0171610862
0.0147576863 -0.02136009
-0.041640833 -0.0438216776
0.0436582603 -0.0883987546
-0.0047090291 0.111650273
-0.00664766133 -0.00854428019
0.0931197107 -0.0148445219
-0.0024807225 0.0316898488
-0.00435456773 0.00334176514
0.02538234 0.0736890957
-0.0499691106 0.00277074962
-0.0513546094 0.0285605285
-0.0103207212 -0.0571828373
0.0555546843 -0.0525234304
0.0208745617 0.0244795326
-0.0116761047 0.0148651805
-0.0406262651 -0.0107391709
-0.00166634365 -0.0159674678
-0.00320500205 0.0326467119
-0.0683192834 0.0338913314
0.07570941 0.0139184203
0.039784506 0.00327907316
-0.101665094 -0.0478736162
-0.0706099719 0.00227371114
-0.000773611479 -0.0120617505
-0.0225002505 -0.00881291274
-0.0426093452 -0.00205807434
0.0306093786 0.00220611552
-0.0522121824 -0.0395190604
0.00657728873 0.0368861407
0.156115681 0.0333310142
0.0357973799 -0.0345934704
-0.011728243 -0.0298991129
0.0412991755 -0.0600570515
-0.0406566858 -0.0416878611
0.00244693714 0.00637908978
0.0486684218 0.0532843731
0.0434275754 -0.0113938879
0.0735780373 -0.0681379512
-0.00742849428 -0.0508851297
0.010030047 -0.022509478
0.0617327131 0.0182920545
0.013838727 0.0251750275
0.0577556603 -0.0427090712
-0.0211793166 -0.00704090437
-0.0510261878 0.0100237476
0.0199779849 -0.0248277411
0.0524378046 0.00257336185
0.0804853067 -0.0544522852
0.0137315774 0.00810104888
-0.0213899594 0.024652116
-0.0196817201 -0.082428202
-0.0469400175 0.00651358021
-0.0973814875 -0.017636314
-0.0124568837 -0.00296450895
0.0379743725 0.0272229761
0.0210159235 0.0298056528
-0.027824441 0.0321251266
0.0471581891 0.0253088959
0.0223718155 -0.00411616126
-0.0509206429 0.00454683555
-0.0179462899 -0.0314576738
-0.0329537168 -0.0600587577
0.0272148047 0.0705629215
0.0632368848 0.0255977456
-0.0851314515 -0.0227057207
-0.0353950001 0.0682362691
-0.0293993764 0.0226983391
-0.0330960974 0.0551687218
-0.0338890813 0.0451648682
-0.0290261898 0.00703037111
0.0738450959 0.0549344942
-0.0161230695 -0.0213428773
-0.0294831693 -0.106933944
0.0403550304 -0.00098879484
-0.0185348168 0.0111654727
-0.0320968926 -0.0653482154
0.0256630108 0.00908289477
0.0272766165 0.0359265879
-0.019296186 0.0195535105
0.0140701514 0.0448132344
-0.0581540465 -0.00714591425
-0.0357529819 0.00417005317
0.076189898 0.0229119956
-0.0300122555 0.0723063424
-0.0335247405 0.0167989209
-0.0108064469 0.0319099985
0.0299153421 0.0353730619
-0.0574366525 0.0293169096
-0.120659001 0.0113361049
-0.0162182059 -0.0381295495
0.0172457229 -0.00148969004
0.0101288538 -0.0708978176
-0.0315467082 0.0362575464
-0.000603283755 0.0051322775
0.0637039393 -0.0392263681
0.0433055349 0.063850604
-0.0431502536 0.0217393301
-0.0395745561 0.0808888301
0.00301862299 0.00565093849
-0.0080769565 -0.0531412773
0.0104744658 0.0102102747
0.0248909611 -0.0219373982
0.0272551272 0.0521495119
0.0233800951 -0.00671450747
-0.0167903807 -0.0610556863
-0.00553652085 -0.0450876839
-0.051506348 -0.0676412135
-0.0256642159 0.0427403226
0.036551211 -0.0146281244
0.0156353097 -0.0184647441
-0.058645919 0.00149683573
-0.12031436 -0.0507917218
-0.0426480137 0.0141354287
-0.00271018618 0.00202771625
-0.0192115791 0.0407533571
0.0274429675 0.0159583446
-0.00494166045 0.0388171412
0.0250185933 0.00761864893
0.0180989448 -0.0709168315
0.00210038107 0.0161741059
0.024540456 -0.00356254308
-0.0132983821 -0.0064563863
0.033621002 0.0953077152
0.0339528508 -0.0295849517
0.00269478234 -0.0378777571
0.0258155651 -0.00612875307
-0.0224057883 -0.0156299789
-0.00144819566 -0.0258673057
-0.0179831516 -0.0091938572
-0.114581093 0.0684343874
-0.0459789187 -0.00273514888
-0.0130975069 0.0349068716
0.0336509869 0.00355296535
-0.00262978137 -0.0453881472
-0.0554035455 0.0599086508
0.0108932192 0.0461867787
-0.00164998439 0.0583394654
0.00776105141 0.0144795999
0.0530761406 -0.0531498529
0.00298325438 0.018713709
0.00259485352 -0.0198156629
-0.0112851691 0.0389881954
-0.00517125893 -0.0171135012
-0.0460541025 -0.0870515704
-0.024801271 -0.0309423544
0.0472411513 -0.063547723
0.0771159828 0.0195073877
-0.00607143203 -0.032533545
-0.035788361 -0.047625646
0.0180065501 0.0707007423
0.0221729577 0.0425209068
-0.0352635011 0.0268651303
-0.117691495 -0.0123572648
-0.0516017564 -0.0497983322
0.0344616286 -0.0146621251
-0.0327994227 -0.0222554579
-0.0462833382 -0.0273934398
-0.0185776502 -0.0592654459
0.064111568 -0.0213886593
-0.032359913 0.0172101222
-0.0763468891 -0.00583135616
0.00956873968 -0.0329319797
-0.0147838686 -0.000860441534
0.0170764811 -0.0322788022
0.0131356604 0.0047062207
-0.0466390923 0.0726795569
-0.00292868377 -0.014258706
0.0332711861 0.01690422
-0.0127840759 0.091635868
-0.0131130628 0.0347120427
0.0580758788 -0.0434561893
-0.0207949262 -0.00500233751
-0.0266409032 -0.031214267
-0.0498914719 -0.0703296736
-0.0280564632 -0.0290193036
-0.0333879255 -0.0757771656
-0.094822526 0.00384947238
0.0679751262 -0.0179465823
0.0184372496 -0.0810552165
-0.0610279143 0.0734342262
-0.00776727963 0.0299136546
-0.0621629842 -0.020662047
0.0243198443 0.00303897983
0.004221234 -0.0206068605
-0.0411805883 -0.0513241068
0.0110943858 -0.0202915836
0.0442082919 -0.0433192961
-0.0202673599 0.0132994857
-0.075553 0.0103441924
-0.0461351238 0.0222664494
-0.0215531494 0.0887658074
-0.0249651801 -0.0266856328
0.0145235788 -0.00794326793
0.0679597706 0.0856769755
0.060807839 0.00448881323
0.0252203774 0.00975710712
-0.0397287793 -0.0242450759
-0.0200241432 -0.0068255309
0.0542657487 0.0305197034
0.0270624105 -0.0354149342
0.0779439062 -0.0191173702
0.0283636078 0.034563832
0.0112095606 0.0142516121
0.0705742538 0.0677258447
0.0397413038 0.00419814605
0.0593012199 -0.0441035256
0.0278639328 0.0144402338
-0.0425742418 0.0174337626
0.0322765931 0.0428988822
-0.0260114074 0.048297625
0.0299179498 0.0345283709
0.165908322 -0.00443642121
-0.0172609985 -0.0416840613
-0.0562545992 0.04255151
0.0292453971 -0.0144810909
-0.0503549278 0.000140551099
-0.0287371259 0.00846450962
0.0213006604 0.0106856721
-0.0672160238 0.00563685782
-0.0977874845 0.0430541039
0.0630273223 0.000505967706
0.0684078261 -0.0237521566
-0.0535508879 -0.0369722061
-0.0083275428 -0.0284301545
0.00397280371 0.0245432872
-0.0521234423 -0.0153470468
-0.0344747268 -0.026502518
0.0298494026 -0.0332499444
0.0695654377 0.0522732101
-0.0193157475 0.0551000834
-0.0589565784 -0.0300464835
-0.0550683141 1.54555382e-05
0.00331950397 -0.0713842884
0.0351533256 0.00299376692
0.0229134336 -0.0200457312
0.111102112 -0.0125159211
0.0141041288 0.0543158576
0.0013556073 -0.086016655
0.00928969402 0.0752075613
-0.023035083 0.0775316805
0.0258810148 0.0168891102
-0.0018246664 0.0242641624
0.00820510369 -0.0235475842
0.050942529 0.0192241222
0.0147782257 -0.0361817144
-0.0380752943 0.0634358898
-0.00713056745 0.0309965387
0.0314466581 -0.0239036549
0.0272343699 -0.00592477107
0.0615811646 -0.034288764
-0.0498358607 0.00957279652
0.0517732166 0.0067731766
0.0199617725 0.00354304072
0.0402927659 0.0463237464
0.0036198115 0.0240603574
-0.0301175024 -0.0159458723
0.0298111904 -0.0215554554
-0.0304577686 -0.0107925041
0.0730394423 0.0353793055
-0.0185912736 0.101316638
-0.0330626629 -0.0446459353
0.0673139989 -0.0928182304
-0.0264009088 0.00172430056
-0.0616644919 -0.029441094
-0.0462460555 0.00858493242
0.0365472957 0.058391571
-0.0121345259 -0.0535849221
0.0722282901 -0.0184889194
0.00413578516 0.0256208684
-0.0717995167 0.025516877
0.0744773075 -0.0103477137
-0.00149709743 -0.0403519347
0.0952824354 0.00663233083
0.054413572 -0.0270871688
-0.084456861 0.0304881223
0.104640633 0.039178554
0.0374714918 -0.00614353362
0.0102887237 -0.00162846537
0.0260784496 -0.00180402154
-0.0612534098 -0.0173131283
-0.00970704015 -0.0103508038
0.062604025 -0.00889657531
0.0216148831 -0.0202382691
0.0305825491 -0.0260456372
0.0408286564 -0.00205567689
0.00185865257 0.00967015512
-0.0387616754 0.0271131061
-0.0168657862 0.0314512253
0.00577499159 0.000997014926
0.0264614448 -0.00786016323
-0.0268596914 0.0565617792
-0.00606674375 0.0184462015
-0.0258628018 -0.0181658547
-0.0102659026 -0.0374380611
0.0294729229 0.0406724922
0.0262326077 0.00382868899
0.0170309525 -0.0623599812
-0.0273416899 -0.0403239354
-0.0187853966 -0.0417324528
-0.0195016731 -0.000937393692
0.00832845643 -0.0133121647
0.00223296462 0.064659141
-0.0692653805 0.0326205716
0.0365429111 -0.0394330919
0.0145914331 0.0544434786
-0.0160952806 -0.0685863793
0.0411334336 5.03929514e-05
0.0858244523 0.00820638891
0.0305963382 -0.0392912664
-0.0382788517 0.0185131561
0.0166052561 -0.0439610966
0.0609849915 -0.0562627353
0.00490428787 -0.093164064
0.00472935708 -0.0388675854
0.082739681 0.0349855572
0.0193000752 -0.0236316286
-0.10169442 -0.00367357582
-0.0287534185 -0.0756358802
0.0111304065 0.0171322282
0.0268435441 -0.0210570879
-0.0281344038 -0.0404681899
-0.030582564 0.00879736152
0.0582382828 -0.0732424408
-0.0685640574 -0.0134717999
0.0112496512 0.0536716469
0.0225159898 0.020597687
-0.0531153195 -0.015022709
0.0684124902 0.00980661809
0.062371511 0.0775001571
-0.0200014748 -0.044402793
0.0196120199 -0.056945581
0.00571960537 0.0760446414
0.000230292135 0.0159470662
-6.08918454e-05 -0.0186600015
0.0519172661 0.0443781279
0.0337675102 0.0535280742
-0.050151214 0.0197765846
-0.0733636916 -0.0125067206
-0.0736489668 -0.0175530091
-0.045291815 -0.0271895044
-0.00514324568 -0.0425322726
0.0344828032 0.0266993716
0.0400799513 0.0670138448
-0.0776657313 0.0808268413
0.00481470209 0.00749294134
0.084468253 -0.0219901409
0.0399720743 0.00121258025
0.0400828011 0.0376004837
0.0113455225 -0.00171873241
-0.000738037634 -0.0530971549
-0.101023965 0.0276834723
0.0241781138 -0.00208774232
0.081113033 -0.00656035403
-0.0779257566 0.0803892389
0.0116035333 0.0737335682
0.0460278168 -0.0221579801
-0.0156117342 -0.0438009351
0.0449192449 0.0189091247
0.0112608681 0.0435117297
0.0291046351 0.0426565409
0.00490192324 -0.0442099832
-0.0344276093 -0.0599459112
0.0364549085 0.0457842313
-0.0220086463 -0.0494837612
-0.0352869369 -0.0458273366
0.0310226828 0.0222902205
-0.0248678513 0.0572693348
0.0183994062 -0.00889031962
-0.0362983793 0.0133501496
-0.0855594277 -0.0174378678
-0.0455562361 -0.0416323319
0.0515436195 0.0233295839
0.0818294957 0.00120915123
-0.00426181778 -0.00870190468
0.0392558053 -0.0248456243
-0.000999780023 0.0025415353
-0.00943223014 -0.0134496288
0.0341631398 -0.00425171573
-0.0565850176 -0.0325807929
-0.00183297566 -0.00246101827
0.0186014604 -0.00770605169
0.000118070704 -0.0706681684
-0.0613397621 0.0485160127
-0.019881282 0.0236793365
0.00964575075 -0.00311142486
-0.0413683169 0.0590682738
0.0387170352 0.02243286
0.154041439 0.0381531045
0.0387445651 -0.0252109654
-0.0322453566 -0.0154747739
0.0160510633 0.0225383937
-0.056735374 0.0116567882
-0.118947156 -0.00904239714
-0.0492364354 0.0425753556
-0.0645507574 0.0740175992
0.000615825469 0.00181625376
-0.0392305441 0.0375079401
-0.0607759915 -0.0466914289
-0.0743345618 -0.0543819368
-0.0428013317 0.000380263897
-0.00449747546 0.00772454822
-0.0600288436 0.0270006694
-0.0259362403 0.0103568099
-0.0548120961 0.0209086407
-0.0203440133 -0.0121646393
-0.0477622747 0.0409348272
0.0264530666 -0.0206963122
0.0067022955 -0.0374551937
0.0113118552 -0.0226123631
0.0809518993 -0.0409985706
-0.0444768444 -0.00551400753
0.000575519167 -0.0343506671
0.0664188713 -0.00357736251
-0.0188187156 -0.028932875
-0.0040267068 -0.0581152178
-0.080832012 0.0201477148
-0.0403760038 0.0031345149
0.00670153694 -0.0239810776
-0.0574789867 -0.0480829366
0.0276068691 -0.0513808765
0.0747592226 -0.0178663228
0.0411070846 -0.0411561616
0.011018483 0.0278691854
-0.0158514585 0.0510340072
-0.059906844 0.0216900613
0.0338137224 0.00783837587
-0.0138338255 -0.0510943048
-0.146195427 0.0659913048
-0.0811390951 0.0652391985
0.047860641 -0.0658595264
0.0678593963 0.0223635305
-0.0144289173 -0.0814490095
-0.0252282899 -0.0564223565
-0.0021303934 0.0886803195
0.0482159778 -0.0205890667
0.0292323474 -0.0217669997
-0.098500438 -0.0725446865
0.0292812325 -0.0430770218
0.0154505828 0.00870642997
-0.0880563408 0.00340949511
0.0388862044 -0.00791524071
0.0275109448 -0.0662207678
0.0243142396 0.0736530051
0.0668284297 0.0123693487
0.072345823 0.000220683476
0.0376230627 0.0410348661
-0.0219337679 -0.0102730766
-0.0242977142 -0.0167217981
0.0157562997 0.00686936406
0.0781851783 0.0643100217
0.0573873334 0.042259302
0.0312088933 0.0126775112
-0.0382768586 -0.0382392257
-0.027375266 0.00331827975
-0.0288648158 -0.0339954086
-0.0678990856 -0.054115735
0.0279884301 -0.0493922643
0.0443164967 -0.0969157889
0.110178113 0.0243599489
0.0758777857 -0.0157930329
-0.0921227559 -0.0592461452
-0.0361911394 -0.03897034
0.0149464011 -0.05010508
-0.0478301086 0.054833319
-0.0593427941 0.0598896332
0.000241988164 -0.00936728716
0.00784151815 0.0345271453
-0.0176579673 0.0590276867
-0.0321182832 0.0174695607
-0.0980523601 0.0102165136
-0.00149998849 0.00337047852
-0.0265389364 0.0300196968
-0.0290153604 -0.0156744402
0.0380130969 -0.014655252
0.00466751959 0.0195767973
0.00683019962 0.0916492566
0.0142685454 0.0924593806
-0.0213336386 0.0281782951
-0.0170022734 -0.0239456799
-0.0336768068 0.00817509182
-0.0205307957 -0.0471195765
-0.013163818 -0.0673640892
-0.0869051814 -0.00915911049
-0.0484351516 -0.00157712772
0.018021971 -0.00518417265
0.0358429551 -0.00933470391
0.0188683793 0.00790251698
-0.0558428355 -0.017273955
0.0394543856 0.0231026858
0.00508381426 0.0635383725
0.00792348664 -0.0138421953
0.0416953117 -0.0799331143
-0.0315308534 0.0156838372
0.0402036086 0.0514248163
0.00615539309 0.0494685806
0.0139176697 0.0728160813
0.00608610269 -0.038832698
-0.00448595546 -0.0150681948
0.00742190517 0.0301878862
-0.021398278 -0.0181461163
0.0238837861 -0.00465785712
-0.0720999613 -0.0170034748
0.0308606084 -0.000352910371
0.046082072 0.0387212001
0.0382281765 0.00341333356
0.0645974278 -0.0447927527
-0.0348457098 -0.000123057325
0.0653325617 -0.0236225501
0.0493639596 0.0110020088
0.0438770093 0.0289155226
-0.00336472481 0.015586176
-0.0190636776 -0.0300923809
0.0197310988 0.00679512788
-0.0307707805 -0.0104226824
0.0671187714 0.0554141141
0.00529880775 0.10707587
-0.0220346786 -0.0461779088
0.0501887798 -0.0949019566
-0.0294615068 -0.00705335848
-0.0758610815 -0.0344870575
-0.0395115539 -0.00185764127
0.0152529422 0.0200661309
0.0106049189 -0.023383582
0.0539240651 -0.0125705414
0.00154675439 -0.0252802726
-0.0613183565 0.0230820235
0.0712606832 -0.00413098186
-0.0133090047 -0.0289572719
0.0861377418 0.000328219845
0.063696757 -0.0258358959
-0.0837275982 0.0240488928
0.118884698 0.057316687
0.0289529152 0.0154202664
0.00159153831 0.00952378567
0.0549922064 0.00168103375
-0.0622520149 -0.0155367833
0.0309433043 -0.00880630128
0.0140771847 -0.0376820825
0.0146783665 0.0360870436
-0.013813328 0.0103861876
-0.0637523755 0.018842455
0.00862347335 0.0305940844
0.0515471064 0.0484154411
0.0457149893 0.0912643746
0.0272235572 -0.0272108931
0.00825409498 -0.0474844985
-0.0484106056 0.0972523317
-0.0441938005 0.00992924068
-0.0579550676 0.00188368559
-0.0485661328 0.00228590192
0.0875856727 -0.0298428256
0.0563021824 -0.0584017672
-0.0384347066 -0.0721461847
-0.057604026 -0.0225689542
0.0078421915 -0.0402156785
0.0389347225 -0.00217882753
-0.0457581431 -0.0528458394
0.0225905366 -0.00329471729
0.0680233166 0.0786134005
0.0146366172 -0.02307586
0.0092648305 0.00664524594
0.0634686649 -0.00531525211
0.0141530419 0.0158867333
-0.0182633922 -0.00536681525
0.0529686287 0.0115694422
-0.00269654673 -0.032762371
0.0551701561 -0.0947395265
0.0806002766 0.0215514004
0.0451151915 -0.0130059663
-0.00334436004 0.0374595076
-0.027999077 0.0745761022
0.0577981658 -0.0058274474
0.00417589676 -0.0874766335
0.0420817547 -0.044714272
0.0393102169 -0.00621892884
0.00450342475 -0.00477435859
0.0235333256 -0.0276267026
-0.0508747548 0.00566234859
0.0719366595 0.0112615721
-0.015107098 -0.0390936062
-0.00990086608 -0.0114093395
0.140370637 -0.0198249668
-0.0671389401 -0.0244962238
0.0425427742 -0.0157162715
0.119074307 -0.0421477556
-0.0815969259 0.0139179761
-0.0552132912 -0.0469175205
-0.0233002957 -0.0778700933
-0.0268391035 -0.0203235764
-0.000948917761 -0.0310176965
0.00419569807 0.0673630014
0.0112562086 0.0330083184
0.0203777663 0.0771691129
0.0731982216 0.0649487153
0.002465036 0.0260560606
-0.00139936444 0.0884847715
-0.00482137036 0.0138842762
0.0306481924 0.0392842442
0.0417151377 -0.00315708411
0.0119163394 -0.0015134383
-0.0101577574 -0.0159194376
-0.0176487919 -0.0369576961
0.00361721497 0.0255444534
0.0398399867 -0.0175868478
-0.0443008281 0.050009843
-0.118654445 0.0438101962
-0.0114116017 -0.0420099087
0.0204633661 0.0156627204
0.00109578983 -0.0108552817
0.0895693153 0.00263314787
0.0175841805 0.0762071833
-0.000861341774 -0.00283010327
0.00938866846 0.00739458622
-0.0381887518 0.00878289808
0.0178498849 -0.0390480049
0.0015852747 -0.00898724515
0.0231870357 -0.0159574058
7.75362787e-05 -0.0177584793
-0.0281232744 -0.0286974497
-0.00867789052 -0.027781073
0.00144439144 0.0244096778
-0.0151191251 -0.0468122624
-0.0191649273 -0.0283924155
0.0261251945 0.00214323844
0.0186767597 -0.0260410365
-0.0408815779 0.0849703178
-0.0431703292 0.0338473096
-0.00607541297 -0.0308007225
0.00160003849 -0.0253786687
-0.0567941219 0.0406903513
-0.0614121705 0.035115581
0.00863137748 -0.0264055971
0.0131118577 0.0414481349
-0.0632187128 -0.0217774902
0.0059197247 0.0241713207
0.0632007867 0.07865417
0.00576161221 -0.00473419391
0.0295846909 -0.00676557655
-0.00557113346 0.0216127876
0.0579428077 -0.0231314078
0.0377883948 -0.0718364045
-0.0184648149 -0.0092083374
-0.0110594938 -0.0151975816
-0.0337893516 0.01120036
0.00565978652 0.0339327194
-0.00179878843 -0.0676085204
0.0512315407 -0.00213437644
0.0402747579 0.0176408589
-0.0609166026 0.00647488423
0.0386706442 0.0426229276
-0.0101351803 0.00194157066
-0.024700949 0.0219116211
-0.00824227929 -0.00359980832
-0.0129845263 -0.0659212768
0.0658606812 -0.0219949633
-0.0349734537 0.0598275475
-0.032920897 0.0082974406
0.0164128151 -0.0901507884
-0.0446911231 -0.00629291497
-0.0173487514 -0.00253249356
-0.0032260993 0.0447805412
0.00370810181 0.0665136725
0.119791664 0.0612026639
0.0471013524 -0.0144104185
-0.0929960534 -0.0370995812
-0.0798528641 -0.0526431985
-0.0105359657 -0.0648871437
-0.0306526404 0.0670146793
-0.0269498639 0.0109210778
-0.0567806512 0.00457773823
-0.0365038291 0.0165934097
0.0526554883 -0.01117073
-0.00356888492 -0.0204831902
-0.0128030553 -0.0220930669
-0.0120345168 0.0542498082
-0.0613955744 0.0314354263
-0.0494858176 -0.0354247391
-0.00684443023 -0.0340487547
0.00402792078 -0.0255530607
0.0176153574 0.0297824126
-0.026894331 -0.045867227
-0.0334449597 0.00696677342
0.0456656478 0.0245653372
0.0133721074 -0.0446826518
-0.0345053114 0.0266707297
-0.0197571851 0.0400668792
0.0366233513 -0.0553265475
0.0393957123 0.0085026864
-0.0813538805 0.0148398569
-0.0620647483 0.0442433171
0.0475576781 0.0634893924
0.00736338226 -0.0130229415
0.00724994205 -0.0242054071
0.017911233 0.0170813799
0.0189753305 -0.00777043868
0.0585109778 0.0278579053
-0.0011361395 0.00166307972
0.00513297366 -0.0325796232
0.0150022078 -0.0244847406
-0.05909013 0.0467115268
0.0360562876 0.0422881804
-0.026551839 -0.0915934518
-0.0589075424 -0.0528198071
0.0521176718 0.0379204601
-0.000618264079 -0.0984938145
-0.00858952384 -0.0352170765
0.0539052561 0.0134041514
0.0328043662 -0.0695515051
-0.0364310294 0.0884208381
0.0203567408 0.00762230391
0.0320113972 -0.000339912949
0.0268440768 0.0628235042
-0.0345447436 -0.0306556001
-0.0474669039 -0.0504576117
0.00597666623 -0.0376211777
0.00960549433 0.0058205761
0.0990493 0.0144692203
0.0375820883 0.0728057772
-0.00317326235 0.0501569025
0.010111942 -0.0160003789
-0.051001478 0.0279623866
0.0587828085 -0.0325584002
-0.016750358 0.0352213196
-0.0710665062 -0.0291846115
-0.0544242598 -0.00764543191
0.0226387661 0.0362001844
0.00560915936 -0.0414477251
-0.0355572887 -0.0189663619
0.0276160538 -0.0237975251
-0.0280847587 -0.000314968172
-0.0743454397 -0.0616173819
-0.0271537248 -0.0741194263
0.0438998975 -0.0453759655
-0.0771601424 -0.0482022129
-0.01284857 -0.0524471067
0.0554729961 -0.0171149224
-0.0388059467 0.0203079488
0.0213393811 -0.069141522
0.0421029478 -0.0224209521
0.0135368276 0.0931138918
-0.0521899983 0.00374275795
-0.0449764915 -0.0277413391
0.0380024835 0.0442179926
-0.0157263912 0.05744192
-0.0427137837 -0.0530717075
0.000402303238 0.0119859753
0.00554139912 0.0129085258
0.0161305051 0.00500171864
-0.0389016941 0.0530727953
-0.00864845049 -0.026505962
-0.0128546488 -0.0354311727
-0.119421959 -0.009340005
-0.0226239208 0.0791867897
0.0520541482 0.0425328873
0.0314754061 -0.0306724738
0.0327368937 -0.0376828574
-0.00584182329 0.0110964347
0.00478175562 0.10197895
-0.00233403966 0.028642267
-0.0371153131 -0.0162302721
0.013150773 0.0484952405
0.015750356 0.0903571472
0.0377663039 -0.0129439225
-0.0505732149 -0.0423815697
0.00932192244 0.00516018225
0.00695763063 0.0362210236
-0.00182186603 0.0626947507
-0.00849348307 -0.00847164914
-0.0233343001 -0.0229495876
0.0308172069 0.0219804477
-0.0401628837 -0.0548487119
-0.0169343445 0.0112908725
-0.0773750618 0.0529932193
-0.038648352 -0.0426383838
-0.0133162783 -0.00222873338
-0.0747023001 -0.00202440494
0.0886594579 0.00298327324
0.0244963411 0.0513468646
0.0649573207 -0.0366691463
0.121558681 -0.0286881197
0.038483195 -0.0356996916
0.0156054329 -0.0542719699
-0.00260708481 -0.0536595322
0.0913900137 0.0265844371
0.0487928391 0.0401380323
-0.0623405911 0.0491255894
-0.0608828366 0.0543928035
-0.0206631627 -0.0514756814
0.0131850392 0.00803486351
-0.0259168185 0.0235980917
-0.0470117815 -0.062383648
-0.0249315165 0.0197649524
0.0347812213 -0.00824235007
0.0266749524 -0.0472337678
0.0340772234 0.0376408361
0.00405517546 -0.0119274817
-0.053483665 0.00599722331
0.0232685711 0.0508662611
0.0436743684 0.0440892242
0.0476801954 0.0831938162
0.00877673179 -0.0433172397
0.000592102821 -0.0296692085
-0.0366824009 0.0908387527
-0.0419875234 0.0111292023
-0.0482225157 0.0117120212
-0.0649315119 0.0234249104
0.106617525 -0.0356293991
0.0533906333 -0.0670933872
-0.0544889867 -0.070324555
-0.0597128607 -0.0555861928
0.0113996407 -0.0560807325
0.0395624749 -0.0237519406
-0.0609336384 -0.076782167
0.0159036648 0.00737372367
0.0333836935 0.0597527176
0.0169600323 -0.0165201873
0.0106649864 -0.0106041739
0.0694766641 0.00089708576
0.0119321374 -0.00922950171
-0.0215475727 0.00350132631
0.0581381395 0.00327656628
-0.0145520391 -0.0249203816
0.0457556471 -0.093256481
0.0830147639 0.0220210534
0.0661016405 0.0272182301
0.0154841319 -0.0135886092
-0.0556333363 -0.0258184597
0.0353375599 -0.0219264179
0.0453435667 0.0554313175
0.0439248718 -0.00830624625
0.0262037069 -0.078236036
0.0564925261 -0.0490158498
0.106854752 -0.0261134319
0.0384257473 -0.0220249221
0.0413384363 -0.0503290631
-0.00424867216 0.010017762
0.0124486443 -0.00585533725
0.0435246713 -0.0565167032
0.0446799733 0.0275408402
0.0120824454 -0.0504975989
-0.0512434766 0.0225767735
-0.0207851958 0.0779326335
0.0127019826 0.0123815192
-0.00429914193 0.046086181
-0.0391711146 -0.0526830144
-0.00454870239 -0.0558694378
0.0624992326 0.0505795702
-0.0137669649 0.0362941399
0.0342839658 -0.0346146226
0.0956017822 0.0167240873
-0.0246118661 0.0555468015
-0.0437303707 0.00345358346
-0.0119409924 -0.0309625976
-0.0123886801 -0.0594623052
-0.0322562307 0.030965209
0.000932359428 0.0543745123
0.0128497053 0.0277184863
0.0506675988 0.028759025
0.0522321351 -0.0244160555
-0.00822786242 -0.00762204779
-0.0182666667 -0.0356447473
-0.0270152315 -0.0122565338
0.0429933853 0.0382396206
0.0969125256 -0.0841822624
-0.00443141581 -0.00695120124
0.00023460119 0.0576602556
0.0610066988 -0.00656732032
0.0455162339 0.0149741201
-0.0801018625 -0.0614738911
-0.0495879427 0.018408332
0.0284655746 0.0683327839
0.00980060548 0.0332560875
0.092544429 0.0325626582
0.0669126436 0.0455135368
0.0186056048 0.0818756074
-0.0416245759 0.0495482013
-0.0122033888 0.0181289427
0.00864814688 0.0461762957
-0.0505135953 0.0123006534
0.0750875697 -0.0287172645
0.038714096 0.00171968306
-0.0628259778 -0.0464309826
-0.0236183722 -0.00439594453
0.0218913238 0.0214667171
0.0551459268 -0.0249451473
0.0109075168 -0.0147698373
-0.0014794413 -0.0165844392
-0.0164879523 0.0603310317
0.00547799608 0.0565557703
0.0165807419 0.0487687364
-0.0444813073 0.001419198
-0.0301547572 -0.0461827591
0.0120368162 0.0037695854
0.0371717401 0.0142667247
-0.0253198482 -0.0693563893
-0.0096284356 -0.0076142149
-0.0605977103 0.0512190871
-0.0354097523 -0.103733316
0.0165864658 0.00452792831
0.0265324879 0.0114000309
0.0170847606 -0.0655165464
-0.014202036 0.0168304052
0.0817082971 -0.0212318767
0.0356014185 -0.0209141728
-0.0376833864 -0.0643695295
-0.0413503982 0.0164001696
-0.0647945181 -0.047381714
-0.0134711768 -0.0502064452
0.0243166741 0.0829430595
-0.0132754128 0.0143958284
0.0131875332 -0.0244108643
0.033004906 -0.00259077759
-0.0478898063 0.0304714497
-0.0576220676 -0.0175597612
0.0422753319 0.0113329906
0.0113207726 0.0217627827
-0.0320261009 -0.0159047544
0.0502405688 0.0166574251
-0.0332464129 -0.0233775321
0.0772327185 0.0116717173
0.05597651 -0.0619777404
-0.0146530401 -0.0456784666
0.025773162 0.0133621218
-0.0297668427 0.0160688795
-0.0380243547 0.0362212844
0.0383515023 -0.0613497347
0.0385992974 0.0321306251
0.0455233268 0.0118238358
-0.00808657333 0.00777616818
0.0146050146 -0.024493115
-0.0232184697 -0.108201005
0.0313045196 0.0986050218
0.0443682782 0.00423566578
-0.0149043752 -0.0281983577
0.00296942773 0.078284584
-0.0325418636 -0.0238200221
-0.0152479056 -0.0658438876
-0.035886623 -0.0521219186
-0.0238631014 0.0210663285
-0.0722983554 -0.0780114308
-0.0715737939 -0.033914946
-0.0405807942 0.0416966714
-0.0427248292 -0.052961234
0.0302660502 -0.0243759714
-0.0159116965 0.0618850142
-0.00339786662 0.0919736922
0.00860057585 0.0458297916
-0.0603889152 0.0375239849
0.0147112263 -0.0503449924
-0.0014115629 -0.10929805
-0.0134149576 0.0106403548
-0.0315390825 0.0382544324
-0.0554686785 0.0281675141
0.0273837 0.00847019814
0.0866674036 0.00899224263
0.0561568066 0.0653520003
-0.0208464786 -0.0198360626
-0.0454873368 -0.0213843752
-0.0250973683 0.0189046655
0.0780283958 -0.0414835624
-0.0105676837 -0.0240159035
0.0523380712 -0.0437512212
0.0305002704 -0.0252059624
-0.123779133 -0.00464934343
0.0393428765 -0.0234214365
-0.0402065627 0.0512816608
-0.0374547988 0.0435372107
0.0379671343 0.0270628463
-0.0892311111 0.0277325734
-0.0728808343 -0.00482982583
-0.0077640987 -0.0330822542
-0.00520589808 0.00179386884
-0.0660284534 -0.0252031423
0.00806919206 -0.0649242029
-0.0115470644 -0.0161259398
-0.0268337857 -0.0165401511
0.0515563153 0.0309053473
0.0347396433 0.00640936475
0.0220693201 -0.00328558008
-0.0182425752 0.0094211502
-0.00346972304 0.0107807619
0.0652154461 0.055200994
-0.0007168132 0.0792973638
-0.0207535941 0.0067150183
0.018244151 -0.0469949394
-0.0125022288 0.00808336399
0.065080978 -0.0146884955
0.0740070716 -0.00232765172
-0.126994029 0.0289500002
-0.0039657373 0.0314165205
0.0487902872 0.0520304888
0.0144637832 0.0188265219
0.0224234816 0.0846076533
0.0242439602 0.0486427248
0.035639029 -0.00423619663
-0.0117876409 0.0316176414
-0.0864963606 -0.0462635383
-0.0590725169 -0.00220592762
0.00848085992 -0.00457161246
-0.0444707498 -0.052679576
-0.0493593216 0.0734393522
-0.0138599081 0.0573007837
0.0181524176 -0.0797601566
0.0286628921 -0.0595482215
0.0178855602 0.0261106659
0.0480393246 -0.0314783007
0.0495493487 0.00873625744
0.0426342897 0.0019255192
-0.022151513 0.0480617136
0.00780740427 -0.0223221332
0.0141432006 -0.0227618013
0.0161144882 -0.0533528924
0.0449515022 -0.0452461429
-0.0499469787 0.0882886574
-0.0306071807 -0.00849861279
-0.0467223413 -0.061437577
-0.0606309436 -0.0267628767
0.0364170149 -0.0316550843
-0.0308253039 0.00116879644
-0.0146090845 -0.0528340973
0.0115000876 0.0897852257
0.0371417701 0.00328519079
-0.0180408824 -0.018981168
-0.0631555691 -0.00672279205
0.01981223 -0.0490430407
-0.0456946641 0.00319482852
0.0293071773 -0.0282452162
0.0916215703 -0.0476746596
-0.0209888387 -0.0596765317
0.0377594419 0.00907205697
0.0143877789 0.0152845439
-0.0622800849 0.0578352697
0.00835506339 0.0240035988
0.0118660992 0.00848650839
0.00144682336 0.0421997868
0.0284524914 -0.0506310426
0.00248275069 -0.101507574
-0.0261197537 0.00163345993
-0.0536632016 0.0119476067
-0.0163342711 -0.050942108
-0.047814589 -0.0203218516
0.0162268784 0.0485813282
0.00656033261 0.0598404519
-0.0406549014 -0.00879804045
0.0487834364 -0.0875511616
-0.0542562343 -0.0274783764
0.0136591997 -0.031410221
0.0474787392 0.026074741
-0.0493487529 -0.0022525948
0.0299739484 -0.017070381
0.0457049347 0.0775608942
-0.0151541205 -0.0269479547
-0.0917466804 0.0223758332
-0.0127683058 0.0364806056
0.0452947952 -0.0117555335
-0.0240639187 0.00500921067
-0.00404860498 -0.0274487566
-0.0566122346 0.0158855505
-0.0221497957 0.0200269055
-0.0460569598 0.0418373905
-0.0525634475 -0.00723052444
0.00582963182 0.0171310604
-0.00302700419 0.0825991407
-0.0900121108 -0.0196359511
0.0475428589 0.0490201227
0.0611572415 0.00479871221
-0.0590639934 0.00798329152
0.00984388217 0.0521992594
0.0291111432 -0.0537852645
0.0128500881 -0.0386889167
0.036060445 0.0154986987
-0.0775301158 0.0225363225
-0.00373059325 0.00204861467
0.0151234725 -0.0658450201
-0.0370987244 -0.0320990868
0.0916816071 -0.0237685796
-0.00105574459 -0.0600472502
-0.0112651326 0.00631768443
0.0316289812 0.014178778
-0.0230447184 0.0255315341
0.0785701945 0.0147185065
0.0154733146 -0.0103571126
-0.0653069541 -0.0228427872
0.0439139977 -0.00516400533
0.0558998212 0.0556357279
0.0182872023 -0.0170142725
0.023837734 -0.0786913559
0.0861286595 -0.0498075448
0.110157549 -0.0250253249
0.0569685623 -0.0129142953
0.0388880558 -0.0691110417
-0.00308348564 0.0413873121
0.00999912526 0.0184200443
0.00854937732 -0.0503418744
0.0595582128 0.00654848153
0.0164518934 -0.0279581454
-0.0708522424 0.0330556631
-0.00259078224 0.0767082646
0.0232700203 0.0111171529
0.0120430384 0.0408113524
-0.0512685813 -0.0492641963
-0.0130576957 -0.0660940856
0.0270368773 0.0789012685
-0.0085780425 0.0217321757
0.00914133992 -0.0611486137
0.0805140436 0.0309228804
-0.0162120592 0.0855615363
-0.0735253096 0.018751407
-0.0147250853 -0.0556622036
-0.0156652071 -0.0530446023
-0.036359705 0.0362235233
0.0041412143 0.0597476512
0.0822324604 0.0143326297
0.0777664408 0.00388617581
-0.0772135481 -0.0342021175
0.0202210713 -0.0556952991
0.00448274938 -0.0423336886
-0.0517455451 0.0525620058
0.0866316259 0.0686033517
-0.0154862013 0.0409350172
0.00538721262 -0.0233624708
0.0158483237 -0.0610045604
0.0161864348 0.0265553258
0.0162256956 0.0258419029
-0.0211461633 -0.117739387
0.00138940243 -0.0369239934
0.0117162531 -0.00265519251
0.0651936978 -0.0259224027
0.0139186168 0.00739490474
0.0869651362 -0.0495348796
0.0188763607 -0.0311312731
-0.0127589088 0.0151463728
-0.0068423585 -0.0409098007
-0.0927974507 -0.021296002
0.00297027454 -0.0235976558
-0.0615964979 0.0240023118
0.0260477532 0.0174261406
0.10507758 0.0149108097
-0.0200288799 0.0648518428
0.0412482768 -0.00516800396
0.031013852 -0.0291580968
-0.0317602791 0.0144599304
0.0355892181 -0.0053560352
0.0369410738 -0.0327732153
0.039487198 -0.00913824514
0.0998365209 -0.00014419746
0.0175651871 -0.00103915762
-0.0496956557 0.0487875529
0.0412763394 0.000752897817
0.0190569516 0.00110775337
0.0307215415 0.0225011129
0.00212851074 -0.0211035796
-0.00961261801 -0.0176314153
-0.0564192608 -0.040975973
-0.00917862728 -0.000345700479
0.0366008282 0.0210769027
-0.0382104442 -0.0352161564
0.0229785796 -0.0229766835
0.0480113253 0.00621118024
-0.0232667606 0.000864292611
0.00759015093 -0.0868077502
0.036742188 -0.000119010358
-0.00680455891 -0.0075293798
-0.000641674094 -0.0546921641
0.0229440443 0.0601305142
0.0145452507 -0.0461433195
-0.00725294324 -0.0527641326
0.0156898443 -0.0125931585
0.0763760135 -0.0131770009
0.0554592423 0.0380247533
0.0375880711 0.0412430875
-0.0348418988 0.0440808162
-0.0593179874 -0.037701495
0.0184334591 0.0094853621
-0.0181210302 0.13012664
0.0502529815 0.093041487
-0.0119907316 -0.0381571837
-0.0414767452 -0.0804172233
-0.0519517362 0.0265210047
-0.105438903 -0.0241774544
0.0203277338 -0.0118033001
0.0365177579 0.0532979816
-0.0205236841 0.0264484659
0.0495777838 0.0174639728
-0.00596614787 0.0186420456
-0.0258632042 0.0260126721
0.028092254 -0.0471116379
-0.0306621585 0.0151268356
-0.0638498664 -0.0101981713
0.00577227212 0.00351232151
-0.0566865467 0.0304018445
0.00918252021 0.0191172026
-0.0223404747 -0.0403618366
-0.0374190584 -0.0560899973
-0.00261316705 0.0217691511
-0.00106874446 0.0610731617
0.0653260499 0.0460925214
-0.0366703831 -0.0395751595
0.0394265465 -0.0347034223
0.0487191752 -0.0201146584
-0.00987903774 -0.00605240557
0.024808893 0.0556491017
-0.0473392084 0.0159540344
0.0988024548 -0.0235144757
0.103137396 -0.0405278988
-0.0162585825 -0.0432736725
0.0357244089 -0.0585741736
0.0373830758 -0.0272677746
-0.0136515237 0.0682762936
-0.0302403159 -0.0585325174
0.0727918148 -0.0394519679
-0.0122626927 0.0421158411
-0.0637754574 0.00174572598
-0.0169070903 0.0420222022
0.0055408678 0.00511266524
0.0765538141 -0.0187305305
-0.0536451973 0.0137663567
-0.0565735176 0.047571253
0.0472477153 -0.0682019219
-0.0929810777 -0.00719560217
-0.0104905711 0.0418479741
0.0121104624 -0.05031294
-0.0596083887 0.00624882476
0.0347255804 0.00999021716
0.0148410741 0.0439277217
-0.0606875904 -0.00132159737
0.046617806 -0.00298938225
-0.0104189198 0.0451278985
-0.0138572864 -0.0341122039
0.10758131 0.0648559853
-0.0319364779 -0.0115365656
0.00504440907 -0.0561845116
0.0125749791 -0.00377020147
-0.0210395008 0.00141324545
-0.00862125307 -0.0112580834
-0.108512335 -0.0312597305
-0.0489168055 -0.00562841538
0.0286426991 0.0659119487
0.0702155158 0.0442645848
0.0157912765 0.0235246867
-0.045148924 -0.017311845
0.00855095033 -0.0327607878
-0.0155944796 -0.00209808443
0.0127045754 0.0207950771
-0.0491381548 -0.00106325652
-0.107371971 -0.000633249583
-0.0367609486 0.00700518209
-0.0581266135 -0.0134498682
-0.0139046572 -0.059305232
-0.0330065899 0.0340796709
-0.0243920721 0.0626302958
0.0290938132 0.0515784547
-0.0163690615 0.0598868318
-0.0443007015 -0.00444442546
0.0229938645 0.00231390959
0.0360337235 0.00789655373
-0.058144141 -0.0287628006
-0.0469147824 0.0521024205
0.00149795366 0.0451251343
-0.0289084278 -0.00381431496
-0.0146538513 -0.037866734
-0.0362690426 -0.0477707274
-0.0244771354 -0.0100184511
0.0575252995 -0.0119790006
0.0011329432 0.0217081066
-0.0557709821 -0.0136796171
-0.0173252225 0.00340165524
0.0534040183 -0.0223666672
0.0147371953 -0.0225982349
-0.0773272067 0.0473004282
0.0503425412 -0.0240059569
0.00429513073 -0.0387257226
-0.0210841633 0.0259327535
0.0950665027 -0.0410229079
0.0600082688 0.0170630366
0.0690315589 -0.0327605233
0.0554742292 -0.0867261961
0.0537554361 0.00123255595
0.0425345264 -0.0133753624
-0.0314469784 0.00358358026
-0.0356829092 0.0160091389
-0.00207017642 -0.0462600403
0.0439477749 -0.0293349866
-0.0320494063 -0.011665578
-0.0436446331 -0.0104873702
0.0566588938 -0.0579899661
0.00604852429 -0.0208629109
0.00746872416 -0.0133613087
-0.0532377511 0.0218867995
-0.00806914829 0.00770057505
-0.0270794872 -0.0323993824
-0.0644430071 -0.0369235314
0.060941875 0.0247147288
0.0400981791 0.0550910532
0.0189902931 0.0024867584
0.0204355735 -0.00467661582
-0.0451474041 0.0737207159
-0.0196377747 0.0421247594
0.00689941971 -0.0074468907
-0.0197381787 -0.00696876599
-0.0199883338 -0.0372741036
-0.0214775316 -0.00135575968
0.0747901872 0.00879599992
0.0625551566 -0.0130464891
-0.058673799 -0.0364462398
0.00273079704 -0.031786792
-0.0902341306 0.0054171267
-0.105651833 0.038372837
0.0315867141 -0.0312442202
0.0272069033 -0.00579931447
-0.063471809 0.0820634365
-0.0339342579 0.059000995
0.0353202298 -0.0429690517
0.00428364659 0.036338713
-0.0265681054 0.0279390737
-0.0225869026 -0.0516743548
0.00433996273 -0.00492713926
0.0706420466 0.0479846634
0.0260679461 0.0236349348
-0.0450393185 -0.0272216536
-0.0409958884 -0.0350037143
0.0412169993 -0.0215228572
-0.0162140038 -0.0579179749
0.00235628616 -0.00165656896
0.034703739 0.0535668172
0.0659012198 0.0374633521
0.0766351297 -0.0210051835
-0.0344904065 0.00504659442
0.0301361047 0.0461584963
-0.0475472733 -0.0590141267
-0.0973445028 0.0491798408
-0.0551155657 0.0597078912
-0.129763961 -0.0425765663
0.0214831028 -0.000749411702
0.0240270514 -0.0365269072
0.0417287648 -0.0160231292
-0.00758974673 -0.0508318283
-0.0210509263 0.0127544412
0.073079437 0.0212053619
0.037947055 0.0217916034
-0.00883936696 0.0430368409
-0.0892003328 -0.0260897726
-0.064962998 0.0701987892
-0.00533498172 0.00307886302
0.027536653 -0.0519420989
0.0305309705 0.036471691
0.042779509 0.0250006262
0.0189032741 0.0593567975
-0.106651954 0.0281940214
-0.0264838878 0.0275622401
0.0305858254 0.0252363533
-0.0278406944 -0.0508533344
0.0175349265 0.0283263884
0.00835222937 0.0443998389
-0.0341564156 0.0353756286
-0.025940476 0.0236052312
-0.0107703991 -0.0791711658
-0.0423977263 0.0218482167
-0.0257690921 0.0174265485
-0.0199303068 -0.0482679494
-0.0237894561 0.0199009888
-0.0391440094 0.0544665232
0.0406237729 -0.0112882247
0.0147701176 -0.00768425036
0.0543350391 0.0287594758
-0.0137266284 -0.0075373156
0.0111729018 -0.0424880646
0.0596667826 -0.0363531746
0.104800291 0.0168120414
0.0788611174 0.00517478865
-0.0780018345 -0.0108945211
0.0266786478 -0.058226876
-0.00363769429 -0.0298562404
-0.0495174378 0.0623974651
0.0967712328 0.0743570924
-0.00439852523 0.0549661964
-0.010626113 0.0161444861
0.0125956712 -0.0715082884
0.0226438865 0.0391289406
0.0182241406 0.00559082394
-0.00466806022 -0.124807753
0.000301183842 -0.0349682793
0.0178367216 0.0041871029
0.0685297847 -0.0389276594
0.0182651803 0.00111481443
0.0737833902 -0.0289979372
0.0366968028 -0.0428895019
-0.0285255779 0.0136109972
-0.00596905919 -0.0510743409
-0.0875986144 -0.0105598085
0.0133852893 -0.0296659917
-0.0789514333 0.0319218859
0.0293561257 0.0336035602
0.0947300717 0.0080392817
-0.00508829998 0.0570632406
0.0420123935 -0.0141469324
0.022425916 -0.0404484831
-0.0249362085 0.0148337185
0.0342855528 -0.00584691344
0.0387282744 -0.0195602458
-0.0275529698 -0.0184757002
0.0247239806 0.062936686
0.0509122498 0.0436376333
0.016021492 0.0571075864
0.0110000148 0.0544324405
0.0254830085 0.00799764879
0.0432116874 -0.0135826599
-0.0520736091 -0.0393522345
-0.0164921824 0.0479582772
0.0179167185 -0.0462766066
-0.000678765238 0.0689420328
0.0324794836 0.00531578576
0.0363967866 -0.102842741
0.0725943297 0.0699500293
0.0653938204 -0.0550508127
-0.0324504748 0.0541684069
0.0464329682 0.00788262673
0.0543316863 -0.0712639987
-0.0508624315 -0.00259892736
0.0210370254 -0.0323803797
0.0691748708 0.0501066148
0.0188155696 0.0197876114
0.0279163495 0.00256393477
0.0336593501 -0.0585504398
-0.0293900352 -0.0763891339
0.017756667 0.0737734064
-6.84545421e-06 0.0426543839
0.0161861591 -0.0130491061
0.0592921749 -0.0179613512
0.0203112662 -0.0275127571
0.0408483408 0.0565478615
0.0263489969 0.0596854016
0.000256170606 0.0368154012
0.0601537786 0.0482187308
-0.0673828647 -0.0511121005
-0.0533159003 -0.0029801568
0.0497044064 0.0135127446
0.00602745591 -0.0483567789
-0.0439331457 0.0399067886
-0.0437628254 -0.0072842706
0.0167808849 0.0078256689
0.0107190721 0.0027988106
-0.0839063004 -0.052621834
-0.0604355857 -0.00681982376
-0.0240476113 -0.00989575125
-0.0346789993 0.000199607428
0.0679704025 -0.0606200397
0.0405961983 -0.033588659
-0.00662420364 0.0277836453
0.0560180098 0.0178205296
0.0481058285 0.0177834667
0.0461958386 0.0308768172
0.0148049667 -0.00412642164
-0.0230738353 -0.0194665845
-0.0386145301 0.0706260651
-0.00237217592 0.00234384672
0.0980801582 0.00480362261
-0.0356261805 -0.0565631352
-0.0577928536 -0.024337085
0.031968154 0.099842675
0.0339464918 -0.0447192378
0.00326255779 -0.0591149852
0.0114217028 -0.0054745758
0.03985231 -0.00742281042
-0.0179198105 -0.0418907963
-0.0174401347 -0.00753019284
-0.0384161323 -0.0329005532
-0.0196352955 -0.0935459062
0.0393136181 -0.0261820219
-0.0397830531 -0.00448183017
-0.0115701174 0.03942772
-0.0466308035 0.0461758897
0.0300195459 -0.0112166684
0.0445262976 0.0119730067
-0.0299594533 -0.0444603302
0.00625019427 0.00460900972
-0.0329206884 -0.0269553363
0.047411453 -0.0293730348
0.0571898185 0.0603582151
0.0219256561 -0.00240088371
0.0184499677 -0.0910512209
-0.0474729836 0.0336783156
0.0517790467 0.0444412492
0.0148679614 0.00720177032
0.0327847935 0.00895751547
0.0362582207 0.00854495354
-0.0455878824 -0.0253869742
0.01380233 -0.00867145229
-0.0187303424 -0.0156595036
-0.0723485127 -0.0611726008
-0.0383455046 -0.000131916066
-0.0311013255 -0.00730116107
-0.00453667389 -0.00386795728
0.00650262274 0.00196366291
-0.0165877119 -0.0337411985
-0.0409086794 -0.0147335157
0.00546397921 0.0466368385
-0.0444777608 0.0790667459
-0.0577201433 0.00357543584
0.00822006259 -0.00609170971
0.0233018138 0.0425472148
-0.0235792212 -0.0745090917
-0.00254533952 0.0274732132
0.0791524202 0.0469260849
-0.0160919968 -0.00650288071
-0.0445270576 0.00393437967
0.00941947941 -0.0453042015
-0.0530065373 -0.0910608023
0.0164629873 0.0491274223
0.040525198 0.126881421
-0.0190090351 0.0365418009
-0.0468400121 0.101633266
-0.00187713478 -0.0390715748
0.0354863927 -0.0731199086
0.0260991473 -0.028334653
0.0977796167 -0.0472038575
0.0649306476 0.0379067287
0.0116937654 0.0217294358
0.0449440144 0.0550973527
0.0593732968 0.0312814116
-0.0190780591 -0.0149484314
0.0622022487 -0.0100999651
0.0747412369 -0.00481435005
-0.0594200343 -0.0145902047
0.0531329289 -0.083402209
-0.0275726989 -0.0625120252
-0.0529484563 -0.0855134875
0.0266974401 -0.0683887899
-0.0690437332 0.0241662655
-0.0135493753 0.0290300325
-0.0409155712 -0.0066146194
0.0362263136 0.0156810582
0.0237480234 0.0541460477
-0.0683515742 -0.0157370828
0.0685586631 -0.0128823593
-0.0243337657 0.0613637678
-0.1187656 0.0935728922
-0.0428311154 0.0137796449
0.0285169128 -0.0257181991
-0.0084874304 0.0139925154
-0.0927671939 -0.00614682538
-0.00895427354 -0.0242422204
0.0386233442 -0.0653544068
0.02825455 0.0166914985
-0.022836294 0.0534710214
-0.00162962906 0.0174722597
-0.0403301753 0.0157297403
-0.0930325538 0.071839951
0.0387700163 0.0255236905
-0.0302943755 -0.0547426194
0.00880386494 -0.00303311087
0.0656000823 -0.0165876765
-0.0485228971 -0.00979146548
0.0123769818 -0.0271965191
-0.0663780198 0.00990795251
-0.0731870383 0.0198493917
0.030059576 -0.0207457636
-0.024896916 0.0309567712
-0.0277475733 -0.0038045079
-0.057903111 0.0525483936
-0.0091273794 0.0436262675
-0.0514416434 -0.00698610814
-0.0432828702 0.0620825812
0.0529145859 -0.0493485965
0.00688491529 0.00107659085
0.0140278572 -0.013771208
-0.0108788107 -0.0589105189
-0.0162303466 -0.0131096421
0.0345481709 -0.0413003117
-0.0268947091 0.0389997885
-0.0523375906 0.0151796686
-0.00241523446 -0.0386298187
0.0444962755 -0.0338287726
0.0416825861 -0.0130879357
-0.0244172886 0.0509156436
-0.0600849092 0.0193930082
0.000154467285 0.00507983053
0.00914217066 0.0857378542
-0.0357521437 0.0356070735
0.0247490294 0.0187454801
-0.0297637153 0.00940909423
-0.0426552445 0.0218149107
-0.00233930699 -0.046330452
-0.0294994209 -0.0396986157
-0.0337085575 0.00726014469
0.036857821 -0.0109107057
-0.0173307974 0.0275794454
-0.0163633209 -0.0191948246
0.0290948655 -0.0848922282
-0.0354468748 -0.00346613
-0.0734604448 0.0313606486
-0.0580569841 0.038134329
-0.0509238839 -0.023043165
0.135022044 -0.0579022467
0.0916080028 -0.0197748039
-0.0158237536 -0.0368564874
0.0709659159 -0.0510591492
-0.00634152628 0.00730994716
-0.0284872856 -0.043423038
0.0353257582 -0.00657148426
-0.0192929767 0.0522586554
-0.0540797934 -0.0599381104
-0.0417344645 -0.0607333705
0.0272157993 -0.0219435375
0.0171218533 0.0184170604
-0.00642971229 -0.0230477434
-0.00439944025 0.000847076706
-0.038663324 -0.0297999661
0.0147469016 -0.058031369
0.0615106858 -0.0172738265
-0.0609992407 -0.0372085683
-0.0700007156 -0.0307823457
0.00554010645 -0.0484702326
0.0693187714 -0.00571230892
0.0119704846 0.0743296072
-0.00427369354 0.0378393382
0.0889069736 0.0357900858
0.0856041983 0.00306859729
0.0382416099 -0.0265258905
-0.00251396117 -0.0252110846
-0.0580737926 0.058591146
-0.0035741271 0.00945769437
-0.048798576 -0.0270438362
-0.119939536 -0.0203774385
-0.037467666 0.0318373181
-0.0326529332 0.0708215907
0.021069156 -0.0624209121
0.0363492817 0.0431977883
-0.096142292 0.0825029761
0.0158544611 0.0144327767
0.0782731101 0.0271040406
-0.0767545924 -0.0251047853
0.0299391169 0.0223585796
-0.00461983774 0.0448626392
-0.0487837084 0.0286589619
0.0234460104 -0.0593951307
0.00814016163 0.00743268756
-0.00175686681 0.0156980343
-0.0609690621 -0.046602603
-0.0767853931 -0.0241589211
-0.0197680965 -0.009011494
0.0981805325 0.0222279243
0.0539551452 0.0228093918
-0.0370941088 0.00912688021
0.0281178337 -0.0562776551
-0.0303808916 -0.0158669688
-0.0727093071 0.0269357264
0.0664458796 -0.00320208119
0.0215123147 -0.00584203936
-0.00750973029 -0.0216484498
0.00385267218 0.0435998328
0.087719135 0.0577344038
0.027944956 -0.0340528563
-0.0381329507 -0.0205541216
0.0290605575 0.00987870712
-0.0278974436 -0.0180795435
-0.0156398565 -0.0390429161
0.0215808805 0.0823005363
0.0564677604 0.0110961189
0.0502221659 0.0418437645
0.00357604981 0.0678258464
0.0285291951 -0.00590487802
0.0501282811 -0.00979009457
-0.07686878 -0.0398494899
-0.0140615245 0.0559708253
0.0407062471 -0.0575960279
-0.0162884481 0.0685280561
0.032135874 0.0146643771
0.020857431 -0.0896274969
0.0737722144 0.051452782
0.0460411198 -0.0333749875
-0.0116496282 0.0441196561
0.0565313324 0.00617893972
0.0541692972 -0.0615038425
-0.0525297634 -0.000491564162
0.0392635502 -0.0294084456
0.0785445645 0.0459808931
0.023408914 0.0165485535
0.0309204441 0.0253671221
0.0230398308 -0.064329952
-0.0297405608 -0.0398330688
-0.000316615275 0.0806343406
0.0104510989 0.0456426069
0.0434188247 0.00292644417
0.0714740008 -0.0394115634
0.0310650766 -0.00580025092
0.0474341102 0.0318790972
0.0412829667 0.0361458696
-0.022156056 0.039741341
0.0444132537 -0.0208951216
-0.0168891698 -0.0822072998
0.00331163476 -0.0170471892
-0.0454155691 0.0198460687
-0.00342955813 0.0328962579
0.0383644104 0.00186765043
-0.0660052449 0.0444001965
-0.00247738021 -0.0312920883
0.0184837282 -0.0368449837
0.0483319908 0.0331410132
0.0406338796 -0.0178136211
0.00928036589 -0.033302173
0.0187160093 0.0481412485
-0.0807020292 0.0251033772
-0.0501539744 -0.0916872099
0.00895421859 0.0320769474
0.0380044691 0.00665666768
-0.00961784273 -0.0403657034
0.00899004377 0.0538683683
0.0564782359 -0.00810953137
0.0127897356 -0.0124862818
-0.0390436128 0.000152024528
0.0255129021 0.0223527979
0.0345309749 -0.00606920803
0.0502081737 -0.0280290935
0.0350509025 0.0383172929
-0.0259849504 0.0328466259
0.00283305324 0.0124569358
0.077277869 -0.0526355393
0.0161358416 0.0190786123
0.0312321 0.0202789381
0.0135483053 0.0496803932
0.118670903 0.0263590943
0.0390301347 0.0211082585
-0.0501605198 0.0287803411
0.0216299538 -0.028390564
-0.049968835 0.0513727628
-0.043561995 0.0133092878
0.0642783791 0.100070626
0.061767932 0.0468942709
0.0272465125 -0.0452536568
0.000802889583 0.0304770526
-0.00369455037 -0.0313552022
-0.0327089913 0.0115567828
-0.0243484322 0.0153976558
-0.0589310974 -0.0531538129
-0.0109251468 0.0199682098
0.068750307 0.0503214262
-0.0189687498 0.013673163
0.0521178991 0.0315364227
0.0502592437 0.0250190459
0.0402413681 -0.0500485338
0.05104132 -0.108391874
0.0121965436 0.00615694746
0.0338110179 0.0402788818
0.0338846594 -0.022150673
0.052032318 -0.00844297279
0.0264652967 -0.0525804535
0.00824270584 -0.0171730388
0.0300887842 0.0760475323
-0.0237278435 -0.0198302343
-0.0776912346 0.00668805093
-0.0147859054 -0.00371535565
0.0498470515 -0.0471747592
0.00390098849 0.0537241437
-0.00375381159 0.00396002363
-0.0492042713 -0.0636534914
-0.0991664752 -0.0614300966
-0.0230923835 -0.0479145162
0.0200733636 -0.0483633094
0.00308970967 -0.0297637284
0.0453308634 -0.0243386477
0.0181142613 -0.0111780846
0.0084644137 -0.00853867456
-0.00500099733 0.039844621
-0.0270954743 0.00639327848
0.0221184921 -0.0589863062
0.0709230229 0.00417119917
0.0185852349 -0.0199371148
-0.0485388376 -0.06155321
-0.0597616062 0.0327233337
0.0521455929 -0.0201365557
0.0780448541 0.000643240288
0.0301526841 0.0775739551
-0.00954039767 -0.00432961108
0.00100899325 -0.0360306837
0.0170252044 -0.0671539456
-0.0422763228 -0.025993906
-0.0355691649 -0.00429469021
-0.0336517133 0.0358409546
-0.000157124668 0.0597604662
0.0244715288 -0.00734163076
0.016551083 0.0403023399
0.00148432527 0.0660646409
-0.0593786761 0.0481845178
-0.0159305669 0.050658565
-0.00699728774 -0.0578888953
0.0168210883 0.0632317737
0.00248596538 -0.00154461979
-0.043922253 -0.0442022085
0.0213197526 0.0408414006
-0.0220162608 -0.0500060841
-0.0118344296 -0.0972223207
-0.0304235332 -0.0773266181
-0.0430258438 -0.00551280379
0.00288358098 0.0488604642
0.0015896426 -0.055052273
0.106492423 -0.0272912756
0.0476459749 0.0156130102
-0.0481973924 -0.0504243746
-0.0299720019 0.0051461379
-0.0123044634 0.0478525274
-0.0411073267 0.00910078455
-0.0456309989 -0.0259774402
0.0198501218 -0.00169762841
0.0674722418 0.0513438731
-0.0266422909 0.052006755
-0.0163923334 0.0529166944
0.0471929945 0.0322353914
0.0488474295 -0.00694310805
0.0495480113 0.0300878789
0.0339836031 -0.0129786637
-0.0118538914 0.0119853597
0.016990656 0.0531851724
0.0107145365 -0.0517022461
-0.0375835374 -0.0833687931
0.0151134981 -0.0492446125
-0.0324269421 -0.0362514481
-0.0428446084 0.0117404331
0.0723530725 0.0261154491
-0.000929526403 0.0372815505
-0.0855338201 0.040236529
0.0145333279 -0.0183319356
-0.0306668803 0.0548356175
-0.0212357175 0.0190627445
0.0304335132 -0.0177881382
-0.0276911352 0.0645068958
0.0877640247 -0.049596332
0.0457504056 -0.0252140183
-0.0378047302 -0.0193217695
-0.0700109452 -0.026403971
-0.0268532932 -0.010396271
0.0353339985 -0.00997357164
-0.0851050988 -0.0144399013
-0.0920033455 -0.0529892072
0.016346639 0.023078803
0.0123156598 -0.0140205743
0.0450194515 0.0208630469
0.0113254953 0.0655304864
-0.00337717589 -0.0808808506
-0.0434516817 0.0380459838
-0.0474656783 0.0236060061
0.0290892031 0.0603109896
-0.0292450823 0.0922434554
-0.0798360333 0.0211092401
0.000106414525 0.0622638911
0.022178825 -0.0286793988
-0.0178370047 -0.044494275
-0.00378557481 0.0875047296
0.0439488515 0.0176751539
-0.0835390016 0.0174337942
-0.0837759599 0.0254670531
0.0605619028 0.0397400521
0.0657115951 0.0290303454
0.011662975 -0.000904087152
-0.0533191264 0.076950945
-0.0589474663 0.0436226018
-0.0626832172 0.00324312947
-0.0436083004 -0.00441472838
0.00771007966 -0.0295296293
-0.0241120867 0.0141630871
0.0287538543 -0.0429912321
0.0117966896 -0.0415255539
0.00382829504 -0.00477044564
0.045575399 -0.00963929761
0.00364439888 -0.0137267709
0.0489740707 -0.0278162044
0.00461811852 -0.0231499448
-0.0440972522 -0.034153644
-0.0301470272 0.0127472701
-0.0746327341 -0.0231654402
-0.0621228106 0.010249068
-0.0918285996 -0.00963168498
-0.0397778116 -0.108625375
0.0412397683 0.0220523495
0.00456339773 -0.0207072403
-0.0191348363 0.0315442234
-0.0310569908 0.0104237664
-0.00384946936 -0.0568195283
0.0490833409 0.0151898544
0.0187092554 0.00845616218
-0.0269871484 -0.00482669938
-0.0073254751 -0.0702881366
-0.0514083467 0.0100209024
-0.0029346277 0.0578005016
-0.0228147618 -0.00817190763
-0.0432850868 0.0421108864
0.0274639707 -0.0611711517
-0.0382258967 0.0130927796
0.00291881198 -0.0307597965
0.0946895182 -0.00132390962
-0.0156488679 0.00988890883
-0.00636352506 -0.0285051912
0.0368902087 0.0316370912
0.0815684646 -0.0950663388
-0.0377180614 -0.0251878314
-0.0600492172 0.0556436032
0.0262121614 -0.00286840601
-0.00284510292 0.0361158438
-0.0212316755 0.0496410653
-0.0396180339 -0.0447271764
0.0269499104 0.0297681745
0.0235613305 0.00751979323
-0.0249205679 -0.133734882
-0.0611130446 0.0263685957
-0.00603410369 0.0682298392
0.0531857125 0.0252259411
-0.0473795384 0.0422514305
0.0250233486 -0.0705034584
0.0749553591 -0.0519068576
0.00674163178 -0.0164416786
0.0506111234 -0.0405452624
-0.00179251144 -0.0598009825
0.0478843823 -0.00616383553
0.0315568224 0.00108348089
0.0397243164 0.0282458141
0.065525122 -0.0174741745
-0.0138439899 -0.0232442226
0.00549648469 0.0773423538
-0.0128720822 0.0100571588
-0.0183364302 -0.0186595153
0.0511396751 -0.012169593
0.0225494523 -0.0256861299
-0.0669666901 -0.0225183126
0.0045476025 -0.0015082981
0.0600222126 -0.00206662226
0.0631126016 0.0300659258
0.0173128508 -0.0248175878
-0.0612470731 -0.0798667222
0.0540004894 -0.0452435873
0.00685006706 0.0398954488
-0.0675660893 0.0155374687
0.0270490088 -0.0309249051
-0.0849825963 0.0486007556
-0.0753576532 0.0369924791
0.00347427744 0.0152728241
0.00201308285 0.0591246411
-0.00951697957 -0.0734708607
0.0378467776 0.0472504981
0.0328540355 0.0928208232
-0.0824528113 0.00907591265
-5.24471616e-05 0.0273099076
-0.0160421655 -0.0245804172
-0.0635376573 0.00113988505
-0.0306235589 -0.0206706356
-0.0290545877 0.0415212177
0.0627021268 -0.0117149614
0.0131400032 -0.0473328754
-0.000671450049 -0.0140556963
-0.0521395728 0.00879263598
-0.0165746529 0.0379616655
0.0571804084 0.00774080306
-0.0691940784 0.0288037751
-0.0203766394 -0.0367107131
0.0338847339 -0.0443033241
0.0435118899 0.0319953449
0.0370789915 -0.0217637736
0.0123635205 -0.00661692908
0.0186811723 0.064798668
-0.0748304799 0.028949704
-0.045300059 -0.107876025
0.0164489597 0.0386556275
0.0407032184 0.0297190696
-0.0152046708 -0.0441759862
0.0173304528 0.0573834106
0.0702488348 -0.00370479818
0.00649407413 -0.0221283417
-0.0448076986 -0.0063948906
0.00658724084 0.0114633199
0.0541316643 -0.0205818787
0.0549364574 -0.0193523429
0.0566944666 0.0472438857
-0.0384012125 0.034373913
0.0387298651 0.00847493578
0.0721418113 -0.0449140891
0.0268287715 -0.00691678934
0.0272327382 0.0481719002
0.00717663625 0.0236592758
0.0128582949 -0.0290115569
0.00691442844 -0.065971218
0.0155375544 0.0219068546
0.0786800906 0.101328857
0.0223397948 -0.0715459213
-0.0755000114 -0.0793223828
0.00943140592 0.0425498225
-0.0317988805 -0.034699522
-0.0357135385 -0.01001848
-0.0283889454 0.00583298365
0.0185588114 -0.00785879139
-0.0492581502 -0.0256639011
0.00747737475 -0.0224831104
-0.00968221389 0.0537680537
-0.0717515871 -0.00158449903
0.105561242 0.0197425801
0.028280044 0.0398070812
-0.0282150749 -0.0377962813
-0.0260543264 0.00909824111
-0.00173425861 0.0079517439
0.0698036253 -0.0163992997
-0.0986728668 -0.0619664527
0.0396819077 -0.0525129214
0.0795125961 0.00358640729
-0.00510859722 0.0169571452
0.018502485 0.0184352398
0.0164507143 0.0181896687
0.0172057562 -0.0280479565
-0.00595345488 0.00644028187
-0.034796305 -0.0286295321
-0.0296951868 -0.0488494672
0.00462322449 -0.006901816
-0.0486266017 0.0806395411
-0.0172920655 0.0535831563
0.027517654 -0.00309227873
0.0243798438 -0.0414874367
0.0240655467 -0.0746970847
0.0491396748 -0.011268001
0.0174320191 0.00519519905
-0.109282151 -0.0194153562
-0.0197669845 0.00194086751
0.0321201384 -0.0809938014
0.0016301712 -0.048455026
-0.00837586448 0.0487077609
-0.0396178439 0.00474664709
0.0570575856 0.00951384194
-0.00301896082 -0.0164148882
0.0466883369 -0.0195016414
0.0474128127 -0.0816785172
0.0267697293 0.0019250199
0.0459318683 0.0401386321
0.00118526968 0.00469332235
0.0764438733 -0.0177813414
0.000145312923 -0.00196763827
0.0234444141 0.0310142823
0.102390021 0.000224016636
-0.0686054453 0.0198172834
-0.0295223799 0.0268450435
0.0663474873 -0.0536166131
0.0650415048 -0.00307721435
-0.0451476164 0.0381963961
-0.0824823156 0.0386036858
-0.0351806916 0.0402984954
0.0705922171 0.0343397073
0.0432403833 0.0115496535
-0.0174778141 -0.0139760925
-0.0324532501 -0.0142613575
-0.0224609282 -0.0465782061
0.0472014695 0.00298751146
0.0371735953 -0.00168250583
0.0457424708 -0.0611583218
-0.049449522 0.0135390991
-0.0578043982 0.0933801979
0.0272952579 -0.00664976612
-0.0122356853 -0.000777148001
-0.00450605247 0.0351788774
-0.0238645039 -0.0170722362
-0.0116067072 0.0290057361
-0.0455543771 -0.00995347742
-0.0249810331 -0.0117834816
0.0247240178 0.0777619407
-0.0222925562 -0.0106736915
0.00726979086 -0.0563617647
-0.0241689272 -0.0321708024
-0.0321876481 -0.0331253372
0.0493589602 -0.0487034731
0.067756556 -0.00599123398
-0.027237922 0.0257999953
-0.0181012694 -0.0461287312
0.0247162562 0.00770819047
0.00810658373 0.066017203
0.0534728914 0.00512383459
-0.00909723528 0.0139899943
0.0174722355 -0.0315500721
0.0384177417 0.0505998842
-0.0206088182 0.0284699332
-0.0645747483 -0.0543209985
0.00735416263 -0.0465056971
0.0458576344 0.0423137099
-0.0815101415 0.070247367
-0.0046149008 0.0390055962
-0.0456612892 0.0210432056
-0.0462982692 -0.06869407
0.0123480419 -0.000208340352
-0.0623852238 0.070423834
-0.0329590403 -0.0155694829
0.0296583138 0.0353933237
0.083174333 0.00648260349
0.0432044789 0.00900975056
0.0383874699 0.0536396131
0.0271200985 0.0830310136
-0.0607931949 -0.0271535739
-0.0653021708 -0.064756766
-0.0629502013 -0.0173455738
0.000782065443 -0.0138449538
-0.0592728183 0.0634584576
0.0246355608 -0.0479960144
0.0975667313 0.0182092711
0.0163368974 0.129293606
-0.0177181307 -0.00535023026
0.0141152078 0.0397408195
0.0356931798 -0.0373529494
0.0550820716 -0.0975297987
0.0392374285 0.0336787775
0.0591474026 -0.0250156466
0.00306614488 -0.0199510641
0.0385954045 -0.0459427573
0.0368621163 0.0123229828
0.0183823463 0.00982636493
-0.0341665894 0.0118422611
0.0106695294 0.0725210309
0.0808703005 -0.0383796953
-0.0501854196 -0.0197017062
-0.0448676459 0.00755442725
-0.0122355223 -0.043715477
-0.0830210298 -0.0711663812
-0.0572206751 0.013003136
-0.0320167542 0.0311266612
0.00495757349 -0.0728409439
0.0269775987 0.0219305903
0.0524253473 0.021441631
-0.00173720403 -0.0965803936
-0.0230524261 0.0771211535
0.00531680789 0.00394533807
-0.0488722064 -0.0602107123
-0.0356815085 0.0288146399
-0.0293476339 -0.0102111092
0.0159899592 -0.0714072362
0.0843399242 -0.0924298689
-0.00222482393 0.0345944464
-0.00838071667 0.07803718
-0.0845289603 0.0379226729
-0.0243401546 0.0696931183
-0.0137349013 -0.00719554955
-0.106497161 -0.0318194889
0.000318622944 -0.000558844942
0.00881721918 0.029521415
-0.0255694669 -0.00420766557
-0.00921601243 -0.004274345
-0.0913614184 0.0434295088
-0.0334396288 0.0420557782
0.01361077 -0.00752145611
-0.0254547261 0.0286048409
-0.000640671584 -0.0184361394
-0.0377171673 -0.0290129595
-0.036758393 -0.00541840447
-0.060219992 -0.0864162073
-0.103746884 -0.0458191745
0.0220007617 -0.00938355178
-0.00605799304 -0.0191385895
0.00868372805 0.0396221764
-0.0614423268 0.00028194036
-0.0686648116 -0.0376318134
0.0433783755 -0.0114419917
-0.00664871698 -0.0408779792
-0.000569908647 -0.00160312792
0.0308592524 0.0337077193
0.0470656157 -0.00491707167
-0.0154531095 0.0117286816
-0.0319413058 -0.0425316021
0.0181092322 0.00606121169
-0.0168089774 0.0720807686
0.000382412662 -0.0581542887
0.0144626675 -0.00635524141
0.0267739799 -0.0363929309
-0.0206851214 -0.0852675587
0.000938880374 0.0578906238
0.031010434 -0.0383139029
-0.0903662965 -0.0578386188
-0.0144660026 -0.036108613
0.0156851094 -0.0245972034
0.00452857884 0.0921932012
0.0694187135 -0.0131874029
-0.0140892565 -0.0110481568
-0.00358892675 0.0173658375
0.00403188216 -0.0303390101
-0.0589321591 0.0328850485
-0.0100694885 0.0421724692
0.0567566268 -0.00230338657
-0.0218631849 -0.0030803543
-0.0509479269 -0.0224972162
0.000759875227 -0.00582935475
0.000854797778 0.0544707216
0.0346164666 0.0085760029
-0.00517095253 -0.0123556657
0.0235968661 0.051981125
0.0881738961 0.0447998419
0.0268412065 0.0229924787
0.00519276783 0.0124352621
0.00062210561 0.00438585412
0.00228060153 0.0381513573
-0.00255573448 -0.0073522022
0.0114399903 -0.0486126691
0.00482768845 -0.0382998623
-0.0389265716 0.00890106335
-0.0184151661 -0.0247865394
0.0160397273 -0.0181873273
-0.0177472681 -0.0352885723
0.00508683966 -0.030773567
0.0134632615 0.0848875567
0.0166954733 -0.00242223544
-0.00291707925 -0.0168972611
-0.0517179258 0.0732519403
-0.0974619389 -0.0097097531
-0.00520527223 0.0372359343
0.0625843778 -0.00273399078
-0.0265191067 -0.0316337571
-0.00776078738 0.00114440708
-0.00813984778 -0.0389509872
-0.00146350602 0.0234557167
-0.00617860723 0.0516966246
0.0714277253 -0.0199904572
0.103778541 0.0181339774
0.0514368191 -0.0284457076
0.0981626734 -0.0239384435
-0.0139824273 0.00835857447
0.0312942602 -0.049187731
0.025619112 0.0137660792
-0.101208895 0.0943247974
0.0821788982 0.0650997683
0.0215928257 0.00884593837
0.0695977658 -0.0749202892
0.0496500544 -0.0282044541
-0.0396366715 -0.0114017017
0.0398926027 -0.0214701109
0.0683092475 0.0236432776
-0.0107021183 0.0165884402
-0.0248545241 0.0351710431
0.0338716917 0.000496407913
-0.0702619851 -0.0132682147
-0.00748760719 0.0474650934
0.0169602688 0.0725685582
-0.0140904579 0.02705249
-0.0365931801 -0.0239725038
-0.0506588258 -0.0355403982
0.0131753236 0.0195615403
0.0161178689 -0.0145352948
0.0457980223 -0.0851604864
0.030934833 0.0292014927
0.0699558854 0.0792293176
0.0273558069 -0.0861797109
-0.0754543915 -0.0851582363
0.0210972354 0.0305258259
-0.0445060097 -0.0248689186
-0.0501698479 -0.0137532074
-0.0363883898 0.00937126018
0.00204080692 -0.0072642602
-0.0371406041 -0.0320757329
-0.0102667157 -0.0400141701
-0.0118640326 0.0714383423
-0.106565617 0.0117152445
0.103705257 0.00519133173
0.0251353141 0.0575457662
-0.0243936665 -0.0369674191
-0.00774979452 0.00132998056
-0.0114501407 0.0347305126
0.0757670924 -0.0292565878
-0.0800207928 -0.0782256871
0.0380359925 -0.0809536129
0.097280927 0.0141604114
-0.00697225612 0.0100492043
0.0120389378 0.0252622627
0.00199126289 0.00201069587
0.00143038481 -0.015880106
0.00525646098 -0.027919637
-0.0170297269 -0.029086085
-0.00168425543 -0.0205296297
0.0346250981 0.000804355775
-0.0318003036 0.0425270163
-0.0148638356 0.0514733493
-0.00221844204 -0.0393578447
-0.0123859923 -0.0823341385
0.0481971689 0.0285993479
-0.028699927 0.00577748939
-0.0660306513 -0.0433890559
0.00371851516 0.0399250202
0.0310322307 0.0188590083
0.00793234073 0.0427017249
-0.0465038046 0.0395360738
-0.0567998476 -0.00616841484
-0.0125749754 0.019183008
0.0339939147 -0.0556957908
0.0276170112 -0.0160707068
0.0383899584 0.0108972369
0.0323559754 -0.0814956278
0.0120612774 -0.0990450084
0.00502646994 -0.0818143189
0.00654739095 0.0326909348
0.00783148501 0.0537047945
-0.0192069765 -0.0556509122
0.0245114379 0.0278764591
0.0654275864 0.0726008043
0.02418207 0.0176480245
-0.00157828943 0.0278240032
-0.0199460089 0.00339783519
-0.00216675852 -0.00377459172
0.00941186491 -0.031205751
-0.0410269313 -0.0174809825
-0.0278023873 0.0333152711
-0.00582194189 -0.0354365222
0.0527277701 0.0159774069
0.0920171365 0.0511016473
-0.0269355532 -0.000507604622
0.0683114529 0.00444777124
0.0416936018 0.0604269803
-0.0310172662 -0.00665115472
0.0109003391 -0.108685292
0.000709567918 -0.0491000004
-0.0213956535 0.0722879991
-0.0335749872 0.0549704991
-0.0210850071 0.0042370474
-0.0474342145 -0.0690664798
-0.0498780869 -0.0853430852
0.05668642 0.0175633226
-0.013074358 0.052087158
0.037502829 0.00121963618
0.0790318251 -0.0446309038
-0.037498638 -0.014422114
0.0154499384 -0.0258163828
0.0527536273 -0.0681726858
0.0393628888 0.0384735726
0.00270035909 -0.024052931
0.0746960044 0.0258601345
0.0305364393 0.0395305604
-0.0497196317 -0.0193487033
0.0239979848 0.0654598251
0.0401404761 0.00676034531
-0.00675664376 -0.0628727823
-0.0543629564 -0.0199127924
-0.0120255323 0.115435444
0.0880369246 0.0690897554
0.0454728529 0.00827718247
-0.0116994046 -0.00959648471
-0.0220764745 -0.0517588109
0.0177802127 0.0778936669
0.0613204576 0.00134374294
0.0217353031 0.025830064
0.0266634915 0.00523417583
0.0354481824 -0.0580661558
0.0200507995 0.0483626164
0.00075798016 -0.000234513529
0.0096435938 0.0486817546
0.0505402163 0.0309967138
-0.024794342 -0.0155166956
-0.0362130962 -0.0552767925
0.00514766853 -0.0183697138
-0.0130234119 0.0406462736
0.0382350497 0.0355026387
-0.0268241111 0.0657047108
-0.0355191305 0.00149638334
0.102811053 -0.0478055403
-0.0336034596 -0.0441282019
-0.0338155702 0.0184264053
0.0145758567 0.0344971158
0.0453692637 -0.0367728472
0.0415954925 -0.0424361564
-0.0651418939 0.0182905998
0.0148924962 -0.0143937245
0.0381258316 -0.0600373782
0.00799309183 -0.0176456403
-0.0382587835 0.0297648739
-0.0557909049 -0.0283897649
0.0507488996 -0.0316936672
0.00701543316 0.0221709758
-0.0554396026 -0.0125509519
0.0185757652 0.0134477811
-0.0170973632 0.0244446062
0.0357754342 -0.0493613817
0.13314344 0.0335920043
-0.00194522075 0.0748813376
0.0469825529 0.0534615777
0.0210697837 0.0696002245
-0.0199891943 -0.0443953983
-0.0208653044 -0.0476990826
-0.0355767235 0.0469918288
0.0400109515 0.0217286069
-0.0478126407 0.0374705195
-0.0149208866 -0.0106552653
0.0939405784 0.00138222123
-0.0508183874 0.0429671109
-0.0780318752 -0.0255045295
-0.0111897606 0.0310888067
-0.0674334019 -0.0398134217
-0.0521715432 -0.0392243043
0.00240011653 -0.0549707115
0.00302220997 -0.112364963
0.0197198745 0.0624620952
-0.0247492585 0.0243762527
-0.0736398473 -0.0483967736
-0.00851429161 0.0152948545
0.000879835919 0.00366576249
-0.00982722454 0.000694223156
-0.0587514453 -0.0327761509
-0.100940183 -0.0134315528
-0.0733563304 0.0182913709
-0.0946967751 0.0298795979
-0.0167873595 -0.0334580541
-0.0127459252 -0.106263764
0.00682976795 0.0277882144
-0.0234994218 -0.00644817669
-0.0051577324 0.00391911948
-0.023922218 0.0140599972
-0.042170573 -0.00238151755
-0.00575995678 0.0193573758
-0.0289985873 -0.0657735765
0.0503574982 0.0212392956
-0.00757246837 0.012077556
0.0407857373 -0.0700409636
0.031397365 -0.00956008956
-0.0492335595 0.0418014303
-0.00154242024 -0.0639578328
-0.00369917229 0.0192601662
0.00928113423 0.0646690652
-0.0698276833 -0.0518287048
0.0212745182 0.0351615399
0.046657268 0.087709114
-0.0312582105 0.0368994139
0.0172365401 0.05011243
0.0382696278 -0.0157248694
0.0433135219 -0.0122380722
-0.0246833339 -0.0283888746
0.0320231989 -0.0246990882
0.0920781642 -0.0828764141
-0.00842540618 -0.00116866687
-0.044343058 0.0287641678
0.0351715796 -0.0741660297
0.0344208293 -0.00982587971
0.0233557634 -0.0209980961
0.0852074549 -0.0353125297
-0.0595184751 0.0381340906
-0.0297803599 -0.0370847061
0.00461575342 -0.0125213619
-0.0431711115 0.0184108242
0.0553790592 0.0217491891
-0.0364561453 0.0189577341
-0.0610783286 -0.000947261986
-0.0312741138 0.0174927898
-0.0814215317 -0.0150690274
0.0242252834 0.0235214736
0.0316590294 0.0489585772
0.0115309218 -0.0420507975
-0.0334875733 -0.0163190514
0.00842878968 -0.021907609
-0.105194509 0.0125041995
-0.0225411449 0.0507064201
0.0344957262 -0.0165795535
-0.0476055071 0.0329661705
0.0592484698 0.0204032995
-0.0192958675 -0.0727470741
-0.0608522333 -0.0377511196
-0.0180606786 0.0593808368
-0.0543648787 0.00832240004
0.0368827581 0.027085362
0.024353629 0.0896045119
-0.0049462663 0.0157221332
0.0046637659 0.0382066444
0.0394351892 -0.0466859639
-0.0176195521 -0.0172469206
-0.0526984856 0.011365979
-0.033402767 -0.028701162
0.00153014692 0.00889385957
-0.0607018732 -0.0317707099
-0.0424294658 0.054896757
0.0615440197 0.0147371851
-0.00315027288 -0.0302899331
0.0146444635 0.0473313145
-0.0164948124 -0.0431976318
-0.0353182927 0.00978718419
-0.015652094 0.00871790852
0.00181823166 -0.0124364756
0.051279787 -0.063872382
-0.0293286406 0.0180562194
0.0337844118 0.0922114477
-0.00413339818 -0.00596933719
-0.0533130057 0.0546170101
-0.0210757833 0.0441258587
-0.0651007146 -0.0458489358
0.00448868098 0.075185135
0.0435032062 -0.0419463962
0.0714066997 -0.0733295828
0.0381690711 0.0593540967
0.00981775112 0.0509302206
0.0689240471 0.0595258139
0.0299430601 -0.0861475021
0.0382290855 -0.0791416764
0.0023686057 -0.0101162586
0.0349200517 -0.0803162232
0.0310650747 -0.0449242778
0.0123058213 0.035926383
0.0709414557 0.0451940335
-0.0787889212 0.0043546115
-0.070976086 0.0351497494
0.0114029823 -0.0106870905
-0.00522369985 -0.0791908577
-0.037850596 -0.0695261732
-0.0392741747 0.00723595917
0.0149294855 0.108058982
0.00262619625 0.00558390468
0.0646608844 0.016505504
0.0376122631 0.0482321642
-0.0338857695 -0.0650575534
-0.0187542439 0.0197026394
-0.0185106602 -0.0199570972
-0.0212105066 0.00338743138
-0.0745616406 0.00789630134
-0.0276221409 -0.0222182963
0.0527885519 0.0170389358
0.0618984997 0.0459657833
0.0216979329 0.0547389314
-0.00830613449 -0.0101651829
-0.0346463919 0.00536101032
-0.0266143065 -0.0590766445
-0.00176069571 -0.0511805564
-0.0125029758 -0.00677081291
0.0142207472 0.0286760703
0.0653262138 -0.0241773594
-0.00346354232 -0.0999681726
-0.0312696286 -0.0601443686
0.0876920894 -0.0792616382
0.00447815703 0.008271534
-0.043240048 0.0163061582
-0.00304297963 0.0163274314
-0.00934545975 0.0871225819
0.0269804001 0.0175447054
-0.0376056433 0.0440325513
-0.00787496753 0.0712350756
0.000351636263 -0.0260853115
-0.0116782039 -0.0837043747
0.0464921668 0.0367331803
-0.0372662619 0.00772554381
-0.101972058 -0.0506212227
-0.00926074758 0.0261391681
0.0265645441 0.025348939
0.00295190746 0.0410012528
-0.0555328317 0.0354776718
-0.0624594614 -0.00693332683
-0.0313816853 0.00778590422
0.0346019492 -0.067461744
0.0134604648 -0.0267325751
0.0487833358 0.00513930665
0.044329036 -0.0972459242
0.0116668707 -0.120952204
-0.0055867061 -0.0688353926
0.0116447723 0.0335413404
-0.00417099707 0.0554267429
-0.0118570859 -0.055903092
0.00830402132 0.030918939
0.0530295223 0.0810479373
0.0291087274 0.00495008286
-0.0103581976 0.0329170004
-0.0517822504 0.0221354906
-0.0167803504 -0.00200015423
-0.0108003225 -0.0169169009
-0.0426855609 0.00317495619
-0.0359297059 0.027984336
0.0314678326 0.0161409788
-0.0490845814 0.0147964237
-0.0663089752 0.016866656
-0.0334660523 0.029642418
-0.0207855906 -0.0452472866
0.0310217664 0.00591257866
0.0292729251 0.0258728713
-0.0131255463 -0.00397954928
0.0548233688 -0.0273074545
0.0337663479 0.0630622283
0.00415745983 0.0762163103
0.111714803 0.0116968434
0.00937976502 -0.0200995561
-0.0603743419 0.0294583235
-0.0431494676 -0.00648890156
0.0153214857 -0.0354062319
0.0862152427 -0.0480061099
0.0191023201 -0.0282754637
-0.0194335617 0.0426574722
0.0175204165 -0.0258148517
0.0249267463 0.0281224921
-0.0123223923 0.0463706553
-0.00699173938 -0.0168090388
0.059237361 -0.0694867298
0.0327204242 0.0259749815
-0.0182569828 0.00327529176
0.0874575227 -0.0499507077
0.0267884061 0.0194777045
-0.0586956665 -0.0548198968
0.032933481 0.0154009648
0.0459971353 0.0637659431
0.0375374854 0.0472595915
0.0658755898 0.0567726716
0.0343974456 -0.0457574464
-0.0302495155 0.0158426613
0.0816166252 0.0160153396
0.0741048157 -0.0659872442
-0.00429569464 -0.0310489088
0.0558569692 0.0298805963
-0.0171564613 -0.00198701117
0.0102739381 -0.0191895459
0.0145004271 0.00378754223
-0.0483375266 -0.0643446743
-0.0320014581 -0.0774420127
0.048173815 -0.0107780583
0.0921628773 -0.0806633756
0.0177544262 0.0261931885
-0.0603611097 0.0853290409
0.0343726464 0.0275072157
-0.00129235664 0.0392180383
-0.0359121785 -0.00372150121
-0.00380136818 0.00531095639
-0.0355709121 0.0255243685
-0.0298604835 0.0261972453
-0.0316158421 0.121311963
-0.0054578362 0.0740612894
0.051010564 -0.0193950534
-0.0374000818 0.000864124333
0.0566673018 -0.0698722377
-0.0237869062 -0.0429628342
-0.0291020554 0.0218633041
0.125822023 -0.0783322603
0.0148113407 -0.0212769918
0.036983978 0.0225457177
0.014424393 0.0430190936
-0.0288946368 0.0594508387
0.0334191471 -0.0263295304
0.0187914036 0.006663037
-0.00887454394 -0.0134056956
-0.056519296 -0.03869766
0.0440579802 0.0330327041
-0.0259211734 0.00360643398
-0.0476075262 -0.0144194886
0.0252708495 0.0209220517
-0.0379430689 -0.0203043763
-0.0420886837 -0.0215096287
-0.00824330654 0.0528640188
0.0303382706 0.0363104939
-0.00374804414 0.0655848011
0.0595327653 0.0161921512
0.0289188717 -0.0422991365
-0.0801715404 0.0242829155
0.0569437891 0.00533449883
-0.0191472527 -0.00997638702
-0.0199480616 -0.0311253462
-0.0177619494 -0.0959926471
-0.0678888187 -0.107214808
0.0608056597 -0.0593328215
0.0326194726 0.0388429649
-0.108841434 -0.00152269041
-0.0848807693 0.0250686873
-0.00468829134 0.0303074811
0.0337647311 -0.0303383637
0.0955703184 0.073178187
0.0611743256 -0.0103468131
-0.026407253 -0.0539307743
-0.0353701562 -0.000706928782
0.0036718389 0.000353482668
0.0180051755 0.0106622363
-0.0355777405 -0.0223165303
-0.0290555079 0.0365911797
-0.0381210148 0.0294613913
-0.0206427202 -0.00794948451
-0.0129846958 0.00127860706
-0.0804238543 -0.0837772489
-0.064339295 0.0275053773
-0.0735051632 0.0906118974
-0.00074929843 -0.0263584331
0.00941809174 0.0240485352
0.0283888504 0.0193444975
-0.0068870876 0.0360919349
-0.040873725 0.0384117439
-0.00117958162 -0.041603636
0.00352731277 0.0583330803
0.0357007533 -0.0277288035
0.0347481854 0.0135324737
-0.00284600351 0.029175818
-0.0541102625 -0.0735701397
0.0404777937 -0.0165250115
0.0521301851 0.050738886
-0.0396695957 0.0836905539
0.097657606 -0.0301128291
0.0559012294 -0.0094120577
0.0109814443 0.0888659358
0.0616300181 0.0187042654
-0.0168107022 -0.0672843456
-0.0155584682 -0.0161617287
-9.00633968e-05 0.0558091179
0.0282959621 -0.0112074446
-0.0511711836 0.0474220477
-0.0575197041 0.0241481103
0.0643339604 -0.0674549416
-0.0178431123 -0.0387867466
0.00172370137 -0.0330773927
-0.0250461679 -0.0284234863
-0.0289065167 -0.00867481995
0.0668757856 -0.0170549005
-0.0310618058 0.0270749182
0.0138100171 0.0204911046
0.0225130562 -0.0770174637
-0.0157365836 -0.0332568623
-0.028704267 0.0323322862
-0.0268827118 -0.0434473865
-0.0128607787 0.0256950948
0.0173393954 -0.0331770182
0.0662491471 0.0253657922
0.0269884933 0.0395041965
0.0173469633 -0.0289702211
0.0261284485 0.00812360272
0.00798623264 0.0383979753
0.0927098766 0.00808118749
-0.0385471247 0.0562252291
-0.024846144 0.0233404655
-0.0305200201 -0.00118909322
-0.102900743 -0.046142213
0.0508230813 -0.0775521919
0.0502443314 -0.0179590918
0.0396223404 0.0448044538
0.0154775884 -0.01144756
0.0108518703 -0.0216138661
-0.028808929 -0.025936611
-0.0158477277 0.00205552415
0.0935368016 -0.0138432691
-0.0184376612 -0.00582044479
-0.0170351155 0.0121656051
-0.0313513763 -0.00291591627
-0.0796091035 -0.00835919753
-0.0155823138 -0.0418230072
-0.0252554435 0.0317808315
-0.0512714386 0.0378947966
0.0141693112 -0.0252930094
-0.0299928244 -0.0193973407
-0.0374214835 -0.025931064
-0.0174841601 0.0086693
-0.0313836299 0.0100913774
-0.0415045209 0.00423497334
-0.0101818377 -0.0378717519
0.00505002216 0.0532211401
0.0326713808 0.0752768964
-0.0135438116 0.0136661669
-0.0265224855 0.0357099436
0.0624538772 -0.034772858
-0.0502343401 0.0139160194
-0.093547076 0.0261860527
-0.0631104857 0.0405004509
-0.0328127183 0.0410684422
0.0180013441 0.00965079572
0.00606348785 0.00762779126
0.0669655427 -0.0178997871
0.0333941467 0.00442506466
-0.0450459421 -0.0176544003
-0.0500379801 -0.0175251383
-0.0826816037 -0.0646056086
-0.038643185 0.00961966719
-0.0261004269 -0.00694264332
0.046076715 -0.0867530331
-0.0447579771 0.00466607139
-0.0574572757 0.0158413798
0.098021321 0.0226787701
-0.0330026597 -0.0326178223
-0.0165338255 -0.0517441891
0.0599124618 0.0637811273
0.0361010432 -0.0311698541
-0.0221956465 -0.0842480063
-0.0568062104 -0.0504093245
0.054281801 -0.000754370587
0.0789739192 -0.00940287951
0.0386080295 -0.0228004176
-0.037695799 -0.0381650999
-0.0497977026 -0.0317197852
0.0138323847 -0.0222638641
0.014260035 0.0575536564
0.0319270492 0.0587671325
-0.0068250508 -0.025466824
0.0190439764 -0.00331726717
-0.0523882546 0.0131658716
-0.0325595662 0.0386891216
0.0523656271 0.0548126623
-0.0114969593 0.0453157276
0.0103710778 0.0542445779
0.0451182649 0.00874512456
0.0281012319 0.0120776137
0.0217268281 -0.00168885675
-0.0213881433 0.00498941168
-0.0747497454 0.0214922372
-0.0191236734 -0.0227154866
-6.24348686e-05 0.0450188108
-0.0441875048 -0.0199136548
0.0656491816 -0.0459443927
-0.0101462193 0.0259972382
-0.0496721007 0.0401847064
-0.0650035962 0.0642267168
0.014390938 0.0153556494
0.0521823913 -0.0668106228
-0.0641075745 -0.00189084397
0.0257965643 -0.0141805941
-0.032058496 -0.00187714281
0.0143025173 0.0347884409
-0.00420629838 -0.0473796763
-0.0168610848 0.0157201421
0.0385193862 -0.0156068457
-0.024805963 -0.0573640652
0.0965690315 0.0199189484
0.0474594682 -0.0396515019
-0.0364851169 0.0282364171
0.0222340468 -0.017201703
-0.0450898148 -0.0216104798
-0.049928844 0.00226162863
0.0233272836 -0.0575784408
0.0272970237 0.0678808317
-0.00125956035 0.0491374806
-0.00226685102 -0.0397944748
0.0677606091 -0.052369494
0.0313771702 0.0546254404
0.0106448345 0.00551257003
0.0260701291 -0.0492900982
0.0174638703 0.0213958081
-0.0411495529 0.00809984561
-0.0686041787 0.0552994199
-0.0193476211 0.0288668182
-0.0100414464 -0.0395692848
0.0235357024 0.00413963385
0.0106936917 0.0267385151
-0.0105417902 -0.0319566838
0.0643855557 -0.0475231558
0.0301308632 0.0467297062
0.000667393673 0.0738443583
0.0822877213 0.00626408216
0.0171503797 -0.00415982073
-0.0656879917 0.0171535276
-0.0202251524 -0.019078251
-0.00254271319 -0.0380982161
0.0969396159 -0.0561315715
0.0056028082 -0.025099704
-0.0286155902 0.035600327
0.0149700278 -0.00493386062
0.000562630186 0.0171625167
0.0117686018 0.0537337698
-0.0190280341 -0.023237098
0.0350623876 -0.0757816657
0.0135999629 0.0310129747
0.0177798457 -0.0100795133
0.0789961815 -0.0432580784
0.0171195101 0.0188085828
-0.0572174937 -0.043010693
0.0172925349 0.0268022604
0.0259298757 0.0553377829
0.0433631241 0.0212021656
0.0534705147 -0.101338595
0.0607754625 0.0332226492
-0.0268763155 0.0752539411
-0.0938482285 0.00513257692
-0.0579740554 0.0253701918
0.0196242835 -0.0551854037
-0.0633546785 0.0114770411
-0.054249309 -0.0204771142
0.0410588682 -0.00483028544
0.0892532766 0.0280108061
0.0140894298 0.0332877897
-0.0415456705 0.0292013939
-0.00224703969 -0.0648801699
-0.0408743992 0.0588136986
-0.0411156118 0.0578192249
-0.0083566606 0.0362833403
0.0418986939 0.0187804811
0.0600574799 -0.00693200994
0.0137608796 0.0291906465
0.011933553 -0.0247961544
0.0209133253 -0.0191791486
0.0437913947 -0.0329947099
-0.00891795848 0.00232873438
0.0334283151 -0.00884239096
0.0310832504 -0.022136895
-0.0396208353 -0.0355674587
0.0134523455 -0.0120545486
0.0230270568 -0.00705701578
-0.00799052231 -0.103613794
0.0212302841 0.000115338815
-0.0322012305 0.0198927708
0.0177738778 0.019650111
0.0865417719 0.0183039904
0.0413093492 -0.0620978586
-0.0182413943 0.060441684
-0.0114209624 0.00355826854
-0.0162212476 -0.00969313458
0.0244014673 -0.0162014365
0.0132747432 -0.0113190357
0.0344376713 0.015048245
-0.020075446 -0.0254092403
-0.00382304774 0.0364870019
0.11257007 0.0385118425
-0.00259049935 0.0353018939
-0.00451560551 -0.00988562591
0.0368764326 0.0360266231
0.0152010806 0.00576174445
0.0368059985 0.00337399775
0.0354855433 0.0175868552
-0.0269548688 -0.0528852493
-0.118754379 0.018504085
0.0152507229 -0.0140770888
0.0909745693 0.00207981351
-0.0292613823 -0.0142038818
-0.033865951 -0.039522022
-0.016484648 0.0296856314
0.0129919136 0.0106752329
-0.0283082109 -0.00508282427
-0.031721957 -0.0386355035
0.0697223619 0.0570364669
-0.0034288445 0.00295315054
-0.0302243698 0.0280690659
0.036878556 0.0588429347
-0.020932395 -0.00509176217
0.00612922758 0.0301090274
0.00987760257 0.00809727423
-0.0442069136 -0.000348774891
-0.0581023507 0.0326462835
-0.0356126018 -0.048705142
0.0404761359 -0.0155330934
0.0299131311 -0.0388132967
0.00648127962 -0.0384967662
0.0281525962 0.0625114739
-0.00392827671 -0.0461785346
0.0163253937 -0.0390770808
-0.0110424086 0.043274533
-0.0329379365 -0.0826658607
0.059273988 0.0134604331
0.0540973283 0.0620022602
0.0752664357 -0.0164853558
0.0911205187 0.0244170539
0.00223265542 -0.0323936008
0.00455677276 -0.0151831005
0.0069504478 0.00949034281
-0.0179934055 -0.00402881252
-0.0075774705 -0.0400944464
-0.0463308208 0.0311065093
0.0228257086 0.0482196286
0.0314077549 0.00423970679
-0.0333797447 0.0715110525
0.00263084611 -0.0177592896
-0.0315707736 -0.0271134079
-0.0747312233 -0.0459428877
-0.00410788134 -0.125063106
0.04055411 -0.0276808292
0.0382438526 0.0321484543
0.00399898831 0.0537816249
-0.00636444893 -0.0220802873
0.0105327554 -0.0336332768
-0.0785202831 -0.00409961212
-0.115219213 -0.00267153629
-0.0303125847 0.017548522
0.0199669581 -0.0371551216
0.0146763753 -0.0673838183
0.0238597784 -0.0206982791
0.0384709276 -0.00278225727
0.000820708636 0.0170316994
0.0403806642 0.0598822683
0.0707733333 -0.0495253764
-0.022604648 0.00195513736
0.0879285634 0.029745074
0.0395649634 -0.0670368597
-0.0795983821 0.0264398307
-0.0384329371 0.0317952856
0.0495548323 -0.0352887325
0.0253719352 0.00274141482
-0.065390192 -0.0301143546
-0.0298947096 -0.111125208
0.0215042401 0.0328249931
0.055903744 0.0916773006
0.0246388614 0.0248976499
0.0070658396 -0.00550511619
0.0608438961 -0.0469546132
-0.0473081879 0.00119819411
0.0150371538 -0.0444471315
0.0626354665 0.0168798529
-0.0510749482 0.0512213074
0.00683710212 -0.0437856987
-0.0129539594 0.00486204773
0.02835791 -0.0562472567
-0.0306720287 -0.05545073
0.00804087613 0.0205896609
0.0195576381 0.0277648624
-0.0586496294 0.0145219043
-0.00894277915 -0.0260858871
-0.0577810481 0.0716563016
-0.010735563 0.0878036246
-0.0180478022 0.00345904822
-0.0743113607 -0.0264884196
-0.03735248 -0.0456969589
-0.0579641089 0.0602642596
-0.0357349142 0.0158484504
-0.0873590559 -0.0651803985
0.0165480692 0.0271996837
0.00300407293 -0.00556683727
-0.00886073429 0.0368960872
0.0416321754 0.0581066683
-0.0642955825 0.0211235024
0.0135052688 0.0437526703
0.00320906704 0.0539462268
-0.0233340748 0.07007806
0.0336258709 -0.0178380385
-0.0718650892 0.000147981496
0.00495758094 0.0509668849
0.0647692457 0.0088986326
-0.0145195732 0.0346664824
0.00287873717 -0.081526354
0.0214265846 0.0213350672
-0.0240431242 0.00757539645
-0.0338673629 -0.0749135017
-0.0310611501 -0.00189900689
0.0230283216 -0.029005399
0.0614703074 0.0846215338
0.056900125 0.00200414262
0.0250163227 -0.0327142738
-0.0489885695 -0.00823233929
-0.0104091857 0.0218619313
-0.0405979268 0.0178819634
-0.0496915579 -0.0948492065
-0.043995183 0.0392286889
-0.112555705 0.0539704263
-0.0126816062 0.0375164598
0.0273778792 -0.00419231271
0.00782112498 -0.0769085363
0.0198452603 0.0123140486
0.0837632716 -0.0107743749
0.0394019932 -0.049528528
-0.0156327542 -0.0289363787
0.0642962903 -0.0431639589
0.0173970368 -0.00963232573
-0.0505827367 -0.0113569116
-0.0330714323 -0.0192762967
0.0291562062 0.0385957547
0.0262041483 0.0272541028
-0.0155552626 0.0026674096
0.00906068925 0.0722175017
0.0102356402 -0.0113240266
0.0795131698 0.00712994672
0.05163173 -0.0681677833
-0.0183535479 -0.118923366
0.00794881489 0.110595696
-0.00690755015 -0.0181314442
-0.0732262433 -0.0438721366
-0.0465426892 0.0273019858
-0.038339965 -0.036268305
-0.0550714619 -0.0294562988
-0.0252683014 -0.0539631657
-0.00168280432 -0.0141720269
-0.00357863214 -0.0278047733
-0.123295993 -0.047837954
-0.112950481 0.0109602055
0.049396053 0.000906289788
0.00635365816 -0.00774792582
0.0150646195 -0.022070324
0.0337206833 -0.0247103795
0.00354147237 -0.0188392531
-0.0190456044 -0.0505863503
-0.0250176173 -0.0152378846
0.0284435004 -0.0150534185
0.0152451815 0.0139170289
-0.0093767494 0.0207616817
0.0452209078 -0.0516089238
-0.0451119728 -0.0149145992
-0.0287641045 -0.0720749944
-0.0466428101 -0.0252502244
-0.0517554209 0.0396713279
0.0993879363 0.00968237221
0.0140353413 -0.0635582432
-0.0544608943 -0.0306653101
-0.0153930187 0.0200178027
0.00315307663 -0.0272071827
-0.00539417658 0.0776998177
-0.00834604166 0.0532199331
0.040552754 -0.0370493308
0.0758517534 0.0813603252
-0.0288448762 -0.0150048891
0.0159998965 0.0291218068
0.0529200584 0.0580000579
0.00925182924 -0.000738688104
0.0178765152 -0.0139321666
0.0582845286 0.0134274354
-0.0360192209 -0.0066490462
-0.0203715954 -0.032580439
0.0448343828 -0.0499323644
-0.0394150764 -0.0211452413
0.0180808436 0.00170064997
0.0479102321 0.0263510551
-0.0238283928 0.0417192318
-0.0113734817 -0.0322252288
0.0181888435 0.041935537
-0.00964647718 0.0272371471
-9.38014346e-05 -0.0151355322
0.0608619452 -0.00676351832
-0.0177036133 -0.003862835
0.0165447146 0.0176590402
0.104216531 -0.028550325
0.0866040215 0.0460479818
0.00294011855 0.0978152752
-0.0668110847 0.0395043492
-0.000508574478 -0.0393723026
-0.0477896184 -0.0427897312
0.0188046098 0.0102017699
0.00480570504 0.0565179624
-0.0563842319 0.0189403631
0.00522297667 0.00415189285
-0.0227868203 0.00348373759
0.0629369244 -0.0914004222
0.0523173846 0.0363313705
-0.0553702042 0.0799723491
-0.0935894325 -0.00954687595
-0.0598505065 0.0178511441
0.0117546264 -0.056524381
-0.0457899831 0.0318426825
-0.0520554595 -0.0186303928
0.0329126865 0.00826751068
0.09301956 0.0184923932
0.0279856734 0.0198779348
-0.0660831332 0.0226432141
-0.0152959628 -0.0625823587
-0.0470581427 0.0489302799
-0.0284888707 0.0595351271
-0.00839050766 0.0173610095
0.0176600348 0.00801586639
0.0610674247 0.00985839404
0.0331778117 0.0137888221
0.0138549469 -0.0129701681
0.0305010732 -0.0233094878
0.051883705 -0.0270006023
-0.0394333042 -0.00140887289
0.0211989656 -0.00269011199
0.0335948169 -0.0229713153
-0.0406362563 -0.0390362889
0.0249670614 -0.0307933986
0.027736444 -0.02460327
-0.00506212143 -0.100042678
0.0156083191 0.0219992362
-0.0211565718 0.0240794159
0.0203129333 0.0272003375
0.0174068157 -0.00867257454
-0.00700293388 0.000765941513
0.00718388055 -0.000349335751
-0.00457559945 0.00670273509
-0.000984196085 -0.0156465136
-0.0064169718 0.00788638275
0.000591229298 0.00161339773
0.00482722698 0.0159923304
-0.0191837493 0.000194733424
0.0174555611 0.00590017717
0.0133009739 0.0137214651
0.0188219473 0.0159752872
0.00662788656 0.0119874775
0.009608238 0.00165406649
-0.003087383 -0.0103807859
0.00583249377 0.010663256
-0.00546114566 -0.0167734101
0.015982056 -3.038455e-05
-0.000333122676 0.00577659532
0.0103540784 0.000707931235
0.00236496166 -0.00552655896
0.0123210531 0.00168864487
0.006389888 -0.0134631321
-0.0119544268 0.0026301539
-0.0183986519 0.00119617709
-0.00402941927 -0.00501939049
-0.00135301624 -0.0115964999
-0.0121943401 -0.0147857303
0.00850082841 0.011751649
0.00988691393 0.001037615
0.0071293409 -0.00925524719
0.00665781368 -0.00293457601
0.00367522473 -0.00141315639
-0.00665157102 -0.0194313452
0.0055586542 -0.0127209723
-0.0170296952 0.00106134976
0.0020364481 -0.0100279301
0.00847639423 -0.00423332257
-0.017402485 0.00198652851
0.0191436987 0.00301215146
-0.00929392688 0.00767699536
0.0106778312 -0.0016814773
-0.00297145336 0.00774364499
0.00108808384 -0.0116502438
-0.00682835281 0.00907484163
0.000176200221 0.00074078457
-0.000567244424 0.0111508016
-0.00574339041 0.000476154702
0.0105314869 -0.00539223896
0.00622864533 -0.000544654788
0.00321492925 -0.00114500558
-0.010630114 -0.000486716657
0.00584983081 -0.00408618758
0.01308324 -0.0206314772
0.0108911702 -0.0280204695
0.0112724695 0.00229437603
0.00515572913 0.00254250993
0.00637105294 -0.0116435289
-0.0086333286 -0.0123317633
0.00713820523 -0.0201615915
-0.0027798661 -0.00240631565
-0.00963433459 -0.00190636166
0.00349371764 0.00117870478
0.00325219729 0.00290001603
0.00569837075 -0.0251602344
-0.00837322883 0.012772548
0.00281926361 -0.0139461299
0.0129385963 0.00353293563
0.00657401746 0.00411288673
0.00372355501 -0.00284734718
0.00421802187 -0.0108352955
-0.00356506347 -0.00536014978
0.00639256928 -0.00543723814
-0.0183289982 -0.0206016973
-0.00995635986 -0.0156275034
-0.0138994018 0.00703630364
-0.0221603177 -0.00363448053
0.00594225526 -0.0112184426
-0.00384484977 0.00624224544
-0.000295815931 0.00703785755
-0.000117086827 -0.00509228511
-0.00596744847 -0.00149781245
0.00614384795 -0.0108959973
-0.00720298709 0.0132371979
0.00265900814 0.00615367619
-0.00300559332 0.0140892919
-0.00972931087 -0.0083215218
0.00354910013 0.0108545497
0.015679514 0.00374333677
0.0103357323 0.01489654
0.0148745393 -0.00237717549
-0.00657527847 0.00880574435
0.0155822728 0.0144687016
-0.0178662818 0.0110350577
0.00261066318 0.012420306
0.004339532 0.000338210084
0.0063033835 0.00429384038
0.0052211131 0.00219157361
-0.0017956259 -0.0123577127
-0.00458009867 -0.00123366388
0.00348454947 0.00746396277
-0.00294989417 0.00640368462
-0.0162938628 0.0052434667
0.0212930199 0.00574815227
-0.00345909526 -0.00735812727
0.0120971492 -0.00820832141
0.00053782569 -0.00287751807
-0.00480136042 0.00806408841
-0.000686669024 -0.0145557867
-0.0024223295 -0.00961726904
-0.00541273691 -0.00524344994
-0.0030706313 0.0115924533
-0.00725062471 0.00197090418
0.0030456942 -0.00235332968
0.00158370961 -0.00903050136
0.00231893873 -0.00243804976
-0.0143221319 0.000782589952
0.00313814683 0.0153945731
0.0161057599 0.00126699859
-0.0109879551 0.00134175643
0.00113290932 0.0150482487
0.0127334837 -0.00470924657
-0.000510916521 -0.001541715
0.0119330073 0.0041391789
-0.00329112029 -0.00787494704
-0.0224294811 0.017714968
0.0209450386 0.00209218753
0.00849585887 0.0086170584
-0.0139342602 0.0105031813
-0.000780432892 0.0048147561
0.000141787386 -0.0162877608
-0.0105982069 0.00093528087
-0.0224254765 0.00487197703
0.00237932499 0.0189833157
0.0031375438 -0.0139426496
-0.0137968492 -0.0205199327
-0.0179214142 0.00954545103
0.0108986646 0.00219418667
0.00252195378 -0.00680135703
-0.00400957186 -0.0138125923
0.00821481552 0.0113720093
-0.000143389872 0.0095946854
-0.0125094792 -0.0193991438
0.000293241086 -0.00201723934
0.0224935785 0.00514172018
-0.00740391342 -0.00324974698
0.00801288895 0.0103717512
-0.00155698159 0.000262681453
0.00475000311 0.00401293114
0.00406987872 -0.0229028333
0.00878359284 -0.0122361649
0.0114834961 -0.00198263139
-0.00177297369 0.012136397
0.0148544563 0.0121235214
0.0039451248 0.00223204261
-0.011432982 -0.0041397484
0.0283722524 0.00972966384
0.00332724769 0.000521739887
-0.00688076532 -0.00776259322
0.00724076619 -0.00194117881
0.00560372183 -0.00345336506
0.016986452 -0.0182888322
0.0156200761 -0.0082772905
0.00669148797 0.0104747163
0.00582753029 -0.00375783048
0.00909756869 0.00753080845
0.00927373301 0.00764900073
0.00895348843 -0.00907287002
0.0084309075 0.0052576703
-0.00579867838 -0.00739149237
0.0112329191 -0.0121644046
0.0123239113 -0.0182481594
0.010721907 0.0048472248
-0.00537622767 -0.00923260674
0.000736475107 -0.00641820161
-0.0243910532 -0.0116488617
-0.021559421 0.0103935776
0.00153911032 -0.00145914499
0.00523875328 0.00671836361
-0.00019098437 -0.00519262999
0.00294159888 -0.00282153371
0.00760354474 -0.00794837903
-0.0069741956 0.00420409488
0.00734843221 -0.012096745
0.00956680626 0.000856424856
-0.00579470536 0.00717128534
0.0096530458 0.00458463142
-0.00432195468 -0.0116969747
0.00176099897 0.000998620642
0.00102487451 -0.00969386566
-0.000274183374 0.0181666669
-0.0212106705 -0.00387642137
0.0167058948 -0.00208665943
-0.0126303062 -0.00101098814
0.00313147181 0.00818715058
-0.00132082996 0.00417408859
0.000467144739 0.0124313282
-0.00837366655 0.00128608709
-0.00125290104 0.00119386928
0.00151722587 -0.00736722397
