0.000526750926 -0.0224984344
0.0209346041 0.010410646
0.0189101957 -0.0174806695
-0.00776157156 -0.0271438695
-0.00465403963 0.0129695833
-0.00816398207 0.00640473468
0.00878571905 -0.0011756866
-0.000888925919 0.00293378555
0.0115206093 -0.00142942695
-0.0284135323 -0.00424224325
0.0243313033 -0.0159935672
-0.00160592096 0.00890500285
0.0104750507 0.000512105762
-0.0020444945 -0.00373702031
-0.00569059886 -0.00875336397
0.00721169868 -0.00413495256
0.0131539544 -0.0228950251
-0.00302125188 -0.00476714456
-0.00202141865 -0.0150671657
0.0101027498 0.0198766273
-0.0130474009 -0.0148491329
-0.0231450368 -0.00746006984
0.00607557176 0.000424861442
-0.0106695322 0.0118701374
-0.0297785811 0.00618651556
-0.0125427861 -0.000126582527
-0.0082532037 0.0327730924
-0.0183638874 -0.000841387373
-0.0231485348 0.00416157255
-0.000922192761 0.0417647995
0.0143127926 -0.0130591439
-0.00414948957 0.0145926429
-0.0117135858 0.00634773355
0.00673981104 -0.0198420919
0.0114358794 -0.00903023314
-0.00516533246 0.0125483898
0.0093607679 -0.0217561927
0.0161770396 -0.0020824261
-0.00385030545 0.0141128656
-0.0123452842 -0.0042082225
0.0051480257 0.00435822876
0.00432170322 -0.00999554992
0.0173959918 -0.00864366628
-0.0192667656 -0.0104171745
-0.00988826714 -0.00590166217
-0.0134261968 0.00894078054
-0.0267369095 -0.000332422496
0.000207012446 0.0302034318
0.00762054557 0.00889525469
-0.011616298 0.00356091163
0.0191991106 0.0356057808
0.0127416691 -0.00087463134
0.0104316929 -0.011690665
0.00602289476 0.00274284999
0.015793154 -0.015646169
-0.0210055169 0.00649570581
0.00800250378 0.0214680824
0.00858142693 0.010380744
-0.0267189573 -0.00816949736
0.0054917438 -0.00181420578
-0.00439123251 0.00708915247
0.0106563466 0.01889484
-0.00628006971 -0.00660418812
0.000209813166 -0.00634671934
0.00396078872 0.0169918202
-0.0137240319 0.00227515167
0.00876361132 0.0060156174
-0.00222022017 0.00725357141
0.00854411907 -0.0111278808
-0.00782130565 -0.00290628243
0.0152753955 0.0176488832
0.00949379243 -0.00154494902
-0.00246815756 -0.00321846828
0.00928310025 0.00547294877
0.0187825151 0.00773898978
0.0238996521 0.0412925854
-0.0229892172 -0.0145189436
0.0133353304 0.00348797161
0.00417767745 0.0314517803
-0.00149715913 0.000456345326
-0.0160099939 0.0043348847
0.021470638 -0.0201257374
-0.0208435077 0.0129462481
0.00732441619 0.0142360842
0.0186484214 0.0146381473
-0.0242312159 -0.00522398157
-0.00524106668 0.00523549085
-0.0199552793 -0.00307113188
0.00232474669 0.0134393945
0.0232010018 0.00244667521
0.0296460018 0.0154976482
-0.0249563903 -0.0232543722
-0.00824722927 -0.00588097284
0.0157174096 -0.0419458114
0.0244166702 0.000663480896
0.00505961757 0.0125828264
-0.0109643089 -0.00515929842
0.000261913956 0.0363547951
0.00155419845 -0.0149948392
-0.00250191474 -0.00540643744
-0.00951170456 -0.0153140174
0.00685727503 -0.0067848796
0.00558940973 -0.00642943615
0.00140870747 -0.0224483367
-0.00149438821 -0.0151864178
-0.0236339718 0.0283542983
-0.00691940263 -0.00484719966
0.0165862609 0.0163618289
-0.000353608018 -0.0195621662
-0.0217562206 -0.00462747505
0.0192532074 0.0109932637
0.00843927544 -0.00141525024
0.033232823 -0.00323791336
0.00134015654 -0.00263529364
-0.00711026741 -0.000480354938
-0.0238829013 0.00955517031
0.0175594166 0.0212328471
0.0420553349 -0.0142458621
-0.00798097719 -0.032912381
-0.00944245327 -0.00430641137
0.00906803086 0.00146256934
-0.0142812692 0.00900586136
-0.00656566909 0.0155820176
-0.00380526483 -0.0108223427
-0.00186756416 0.0316864885
0.0160588901 0.00651663821
0.00449604075 -0.0266375262
0.0116958003 0.0167635269
-0.00706123747 0.00323313754
0.00428658584 0.00518160081
-0.0286576003 -0.0292486437
-0.0213121008 -0.00811918639
0.0117003145 0.00442811707
-0.00859471224 -0.00375994528
0.00708355475 0.0118861077
0.00505981827 0.0204013716
0.0162015148 0.0264487304
0.00911602937 0.0210326388
0.0158158839 0.000459608331
-0.00617224723 0.0256981794
-0.011291896 0.00215450348
-0.0133643402 0.011005722
-0.00676845247 -0.00491715595
-0.0134191113 -0.0240129773
-0.00220615929 -0.0356193483
-0.00191733893 0.0026044983
0.00565257343 -0.00946020987
-0.00512740342 -0.000983873731
-0.031629689 0.00816305727
0.00315229571 -0.0231711566
0.00834294595 -0.0258439258
0.0156772677 0.00704401592
0.0077004754 0.00720017357
-0.00897055399 -0.00590047659
-0.0094515821 -0.00993658137
0.0350153968 -0.0180354062
0.0116840471 0.000975787232
0.0298600625 -0.00571144372
0.0309063271 0.0128585817
-0.0151861915 0.0118376762
0.00747378683 -0.00715042278
0.00566101866 0.00767895579
0.00788157061 0.00453010201
0.00604219083 0.0122117531
-0.00165364938 0.0236765109
0.000584186753 0.0104933791
-0.0248783678 0.00601772731
-0.00498087239 0.0114421807
-0.00994767062 -0.00869682524
0.0019119198 0.00034708262
-0.00815183856 0.00372929522
0.00535694323 0.0205897745
0.00817582663 0.0220692027
-0.00269373227 0.0350657441
0.00829304103 -0.015261218
0.00152308098 -0.000263799273
-0.00108104013 -0.0272622611
-0.000711573462 -0.00853493437
-0.00200796337 -0.0261891615
0.00192798837 0.0187945925
-0.00233245478 0.011379228
0.0123492815 -0.0140305413
-0.0211091079 0.000526052841
0.010805021 0.0141129326
-0.0174248796 0.0233730916
-0.0138922306 0.00988025032
-0.00341183366 0.0012447621
-0.00814299658 -0.00329534453
0.00216292567 0.0104048159
-0.0096906377 0.0025491179
-0.0143487509 -0.0108855059
-0.00834538694 -0.0211523995
0.0158696566 0.0204774421
0.00324146054 -0.0105232261
-0.0165143572 -0.00821621716
-0.00278824195 0.0119728353
-0.0230877884 -0.00649298076
0.0225992016 0.0235033277
-0.0186725855 -0.0222820137
0.00432272628 0.0131555684
-0.0231011175 -0.0551922731
-0.0471230261 -0.0231073387
-0.00107571203 -0.0594789982
0.0422858223 -0.0031781327
-0.0125388494 0.0551728979
-0.0195806585 -0.0968903303
0.0583103076 0.0162219424
0.0500381328 0.00223005423
0.0655146167 -0.0396210626
-0.0190863162 0.00798479095
-0.0288657583 -0.0192142986
-0.00835352484 -0.0158645641
0.0519863144 -0.0308127552
0.00234794524 0.0332379192
0.032425046 0.0431631692
-0.0109812906 -0.013811958
0.03453134 0.0145194912
0.0079104118 0.0594373159
0.00652861316 0.022832932
-0.00952945277 0.0191702861
-0.00919381808 -0.047384385
-0.0026308489 0.0847431719
0.00456396863 0.0385407433
-0.0436774343 0.0213893503
-0.0216238704 -0.03027872
-0.00692131976 0.0182642322
0.0604823492 -0.0145038785
-0.0827518404 0.0345077664
-0.0229014121 -0.00632921699
-0.00347573031 -0.0242423248
0.0519581661 0.0280184355
0.0187320765 -0.00326987263
-0.014274721 -0.0312782042
0.0429271199 -0.00378747028
-0.0647135451 0.00340387528
-0.0986459255 -0.0279417075
0.0227571633 -0.016104145
0.0216007475 -0.0190828722
0.0256983973 -0.00184602942
-0.00346169341 0.0142273931
0.0174220931 -0.00851911213
0.0321557336 0.0333224237
-0.0155827031 0.00672265422
0.0119675398 0.00465891231
-0.0180452522 -0.0360366069
0.000959657249 0.0483644567
0.0309335422 0.011527379
0.0388632789 -0.0234299991
-0.0470976382 -0.0234259106
0.0223628394 0.0134775583
0.00245585525 -0.000369439629
-0.0280785337 0.0194668248
0.0356176645 0.0609907284
-0.0387519151 -0.0159582719
-0.00974045973 -0.0214728098
0.0421944708 0.0333479121
-0.00515855057 -0.049640134
-0.0278802328 -0.0266380925
0.0556217059 -0.0306425933
0.0550006367 -0.0454859473
-0.00856316928 -0.0298823826
-0.0157053769 0.000510743237
0.00779364444 0.0338093005
-0.095801495 0.0708924159
0.0451188013 -0.00587589806
0.0168750472 0.00930080377
-0.000460855255 -0.0295025427
-0.048421599 -0.0624781549
-0.0100277076 -0.00204735738
-0.0424638651 -0.0276395828
0.0167576838 -0.00164457527
0.0654554963 0.00902818609
-0.0836574063 0.00873603206
-0.0009259691 -0.0689650029
-0.0502613001 0.0661444515
0.0188328382 -0.0602018535
-0.0450433902 -0.0398376845
-0.0225507729 0.0144044021
-0.017657958 0.11047101
-0.00268934481 0.000444495818
0.0266446397 0.0121488301
-0.0421537608 0.00239742873
0.0214591455 0.0395915546
-0.0466464795 0.015638873
0.0493418239 0.00817620475
-0.0088842418 0.00829342753
0.0062528369 0.04252946
0.00230457145 -0.0350273736
-0.0181868821 -0.021134261
-0.0105060702 -0.0230911691
-0.03503526 0.0079323072
-0.00978944264 -0.0313521773
-0.000269781303 0.00213515828
-0.0333923623 -0.0451541767
-0.0662614182 -0.00729835546
0.00513390917 0.0411849245
0.00249822927 0.00228262087
-0.0252610575 -0.0369104445
0.0287494585 -0.000302207714
0.0372051895 0.0485728495
-0.0383079238 0.0290380176
-0.0371581577 0.0317493416
0.000987852109 -0.0454760119
-0.0287500191 0.0247709677
-0.0590134449 -0.0429587439
-0.0162048712 0.034069322
-0.0289828237 -0.0115746921
0.0162140224 0.000557780906
-0.0280630458 -0.0240337886
0.0293255765 -0.0212692879
0.00690025231 0.0206467602
0.0349133536 -0.00672515854
0.0340985693 -0.0136451442
-0.0550432354 -0.0105704702
0.0251068398 0.0324276872
0.0278446618 0.0169748608
0.00823424291 0.0412466899
-0.00576222641 -0.0260709282
0.0173687991 -0.009168786
0.023831835 0.0426126458
0.0181322806 -0.0196051989
-7.10134045e-05 -0.0249446649
-0.0133684194 -0.0467126109
0.00862150639 -0.00641637715
0.0330222175 -0.0142983887
0.00523136323 0.0132373665
-0.0400171354 0.0448333435
-0.0197905544 0.0342498273
-0.0489874557 -0.0321721211
-0.0310366377 0.023230318
0.00171211024 -0.0621973909
0.0454341769 0.0325768813
-0.0288387798 0.0886859
-0.00547861727 -0.071367614
0.0411327183 0.0277082976
0.0388109908 0.0258140825
0.0631649271 -0.011042336
-0.00249324134 0.019291915
-0.0244400725 -0.0296347812
0.00317413011 -0.0147173814
0.0678763911 -0.0303445868
0.0094120251 0.0319951586
0.053275086 0.0232490059
-0.0237267874 -0.0253689066
0.00124308071 0.00291731069
-0.0298309308 0.0629359931
-0.0227349028 -0.0049159443
-0.00602901215 0.0152622266
0.0159155298 -0.0489161015
-0.0120877074 0.0716884583
0.0109255202 0.0469886549
0.000655576761 0.0133584319
-0.0408841111 0.0259637609
-0.0307879485 0.00953135174
0.0672424287 0.000849122531
-0.0550876334 0.0255486611
0.0142392525 0.0271802302
0.0255927965 0.022731252
0.0590683408 0.031725172
-0.0158702619 -0.0284589212
-0.0645345747 0.00557967694
0.0296602864 0.012335577
-0.0762476847 0.0284789223
-0.0675878972 0.0063960799
0.0209230613 -0.0136776241
0.0379081108 -0.051783286
0.00939592998 -0.00205050712
0.00898832455 -0.0115935914
0.00233987067 -0.00820465479
0.0415275656 0.0498782657
0.0151469857 0.00748469727
0.0254087746 -0.0191251896
0.00259366469 -0.0500623398
0.00987824891 0.0262529273
0.0382500738 -0.0109311678
0.0306158923 -0.0364465453
-0.0479392149 -0.0247941278
-0.003519163 0.019508956
0.0210198555 -0.0093904594
-0.029790286 -0.0151184369
0.0204705 0.0741701722
-0.0262845196 -0.0138769588
-0.0213886313 -0.0373227969
0.00327957538 0.0105133913
0.00343473745 -0.0745307505
-0.031542819 0.0149928145
0.0372650661 0.0224850271
0.0210930873 -0.0430665053
-0.00290253991 -0.0649502054
-0.0166009441 0.0157082118
0.00166583282 0.0379732139
-0.108484134 0.0233034808
0.0223274603 0.0434755944
0.00196006685 0.019739572
0.0172060933 -0.000207236037
-0.0711277649 -0.0630592406
-0.000795490167 -0.0196792446
-0.00630636094 -0.00315951719
0.0109295603 0.00393463485
0.063531585 0.0469378047
-0.0588224865 0.022817418
0.0202573258 -0.0896317735
-0.057625778 0.0621620677
0.0165767316 -0.0626917556
-0.0458227247 -0.0640517995
-0.00928983558 -0.0200952161
-0.0476106778 0.107562147
0.00355405011 0.0195297282
0.0168400947 -0.0091335522
-0.054466024 -0.00324164843
0.0276169553 0.0566666722
-0.0500010066 0.0251029395
0.083381027 0.0249115955
0.00303202565 0.0249930602
-0.0282273181 0.0409424789
-0.00967357866 -0.0268608034
-0.0134346997 -0.0257981252
0.0130109703 -0.0405897275
-0.0223978665 -0.00288849883
-0.0252029803 -0.0514866039
0.0103073353 0.00240170816
-0.0526952334 -0.0554600954
-0.0433125012 -0.000158349329
-0.0431336798 0.0358605832
-0.0190149117 0.0162433702
0.015963573 -0.0490008183
0.0321324877 0.00228931312
0.0159332547 0.0369219705
-0.0374024771 0.0324069187
-0.00163125806 0.0580870993
-0.021611223 -0.0512822084
-0.0549725257 0.0037427356
-0.0517371073 -0.0333691202
-0.0278515201 0.0169131123
-0.0292050689 -0.00791199412
-0.00760533242 -0.00668770401
0.0108192591 0.00719035044
0.0367273539 0.0256767087
-0.0199729837 0.0245555863
0.0140465684 0.0276052747
0.0209054984 -0.0777098611
-0.0469760224 -0.0179172643
0.0264301635 0.047563117
-0.0483489484 0.00438067177
0.000333376694 0.0540378727
0.0114645418 -0.0170051735
0.0369906873 -0.00446272129
0.0568353646 0.021602409
0.00209044805 -0.0240799766
-0.0109241903 -0.0262311995
0.0111021912 -0.0403663255
-0.0118170986 0.01270016
-0.0177584849 -0.0102888849
0.00538463285 0.00461632153
0.0248071048 0.0537858456
-0.0184793305 0.0323065221
-0.00189314794 -0.0258940551
-0.00089532783 0.0372519791
-0.0464054272 -0.00745927682
0.0311362892 -0.0259146914
0.0480090342 0.0181216393
0.0263173226 -0.0248999055
-0.0692737401 -0.0404719524
0.0583266802 0.0437523797
-0.000262140355 -0.00956889056
-0.0664864257 -0.107573926
0.0304342378 0.0459003225
0.0024040998 0.0693757087
0.0274035949 -0.0337809995
0.000173779132 -0.0179239158
-0.0251196157 0.0175819546
-0.0200581625 -0.00212648022
0.0494973138 -0.0237789694
0.0662578866 0.0482554697
-0.00622617127 0.00638844958
-0.024487365 0.00519573409
-0.011331263 0.0126722613
-0.0247573871 -0.0240494628
0.00630352087 -0.0242928546
0.0797489062 -0.0783515051
0.0480545051 0.0182445478
0.0150308423 -0.0144258812
-0.0236373451 0.0105438214
-0.0431980118 0.0517364517
0.0284115858 0.0279816259
0.00925160665 0.0486136451
-0.0341424085 0.0270729754
0.00365433795 0.0376374498
0.0257026181 0.0856779739
-0.00279950304 0.0284581613
-0.0189998895 0.0629774109
-0.0865583867 -0.0014256424
-0.00588601595 -0.0701968446
0.0454098657 0.0374925025
0.0162596125 0.0627287552
-0.00502090249 0.0563194528
0.0583304204 0.0226905737
0.060494557 -0.0234122984
-0.0157319307 -0.05173162
-0.0054393434 -0.0294415746
-0.0247913171 -0.0372499228
-0.0236542039 -0.00806869753
-0.025736995 -0.0148693575
-0.00431281328 -0.0639279112
0.0740576163 0.00297684711
-0.0255144555 0.00588538963
-0.0219022837 -0.0686654225
0.0422505029 -0.103038915
-0.049954731 0.0625017732
0.056928575 0.0453853086
0.0377447233 0.0198532175
0.0379824601 0.0428777747
0.0518343113 -0.006263786
-0.088389121 0.0270296261
0.0102008963 0.0264391918
0.152596667 -0.0318191871
-0.0205371045 -0.00188165472
-0.0574185289 0.0364306718
-0.0407966003 -0.0540779717
0.00633322913 -0.0512098633
0.109803841 -0.0145030757
0.046067901 0.00576082058
-0.0342055187 0.0457996391
0.059772741 0.0136493137
0.0312691368 0.0236292351
0.00508876471 0.0546323098
0.0509359948 -0.0656273663
0.0528767817 -0.0237774365
0.0725279525 0.0301451664
0.0157820657 0.0204244293
-0.0367050506 -0.0317682736
0.0211123992 -0.00914646685
0.0786763281 0.0236062184
0.0637862012 -0.0882179886
0.00971885957 -0.0299893245
-0.012020505 0.0178088583
-0.00407464989 -0.00365978386
-0.020386301 -0.05756744
0.0213368572 0.0282884762
-0.0308475718 0.0800586417
-0.0372666605 -0.0912937522
0.0558599979 0.0122549329
-0.0397107117 0.00784376264
-0.0871452168 -0.0280102137
-0.0748721883 -0.0148480851
-0.0415394641 0.0248541925
0.0703562796 0.132032484
0.0284309294 0.0271158963
0.00970124826 0.0101434216
-0.00413017021 -0.0102979094
-0.071105957 0.0592664182
0.0182655063 0.0368777737
0.0139589133 -0.0795506984
0.0127473576 0.00677940296
0.0344838463 0.0733936056
0.0203712769 -0.0225586742
0.0428100228 -0.0219277553
0.0126568638 0.0310638808
-0.0229798891 -0.0145771606
0.027140893 0.0402094871
-0.0726105124 0.0993108675
-0.106186785 -0.0528424047
-0.0536693111 0.0316042788
-0.0343766995 0.0112906992
-0.0282261018 -0.0439383239
-0.0262062345 0.000137376264
-0.0583939888 -0.0173301212
-0.0560039766 -0.0472579114
-0.0456785858 -0.0457482003
-0.0502437167 -0.100936756
0.0171993598 -0.048230473
0.0386924744 0.0901902169
0.0605459437 0.0478660576
0.0658663437 0.0308995415
0.0253419764 0.0541341789
0.0419560894 0.0225160774
-0.0369789861 -0.0262258872
0.0658848286 -0.0980280116
-0.00892340019 -0.0320733041
-0.0855564624 -0.0624992363
0.0454339199 0.00803962909
-0.0594120584 0.0778773651
0.00537364604 0.000551772129
-0.0200643744 -0.00576803368
0.0119378008 0.00793990213
0.0556655191 -0.110979259
-0.0639909804 0.0411803648
0.0429555364 0.0704589561
0.0784451962 -0.0475036353
0.0547318086 -0.0308986772
-0.0322718136 0.0160801336
-0.0911945477 -0.0578202307
-0.0959188193 -0.0170463212
-0.069903627 0.00485354336
0.0386876091 -0.0121943876
-0.0400990061 -0.0580729693
0.0603256375 0.0128100831
-0.00070128846 -0.0507058986
-0.0450451709 0.00657119649
0.0555545203 0.0812226087
-0.0128681324 -0.0347693563
-0.0382195711 -0.0593991652
-0.051124759 -0.0359813608
-0.0514634959 -0.0337176397
0.0155789284 -0.0776212141
0.0466207601 -0.0310211554
0.0667495504 0.0263245665
0.0228684414 -0.0436163209
-0.0443353094 -0.0167519283
-0.0107670967 -0.0113278124
0.0476687662 -0.0339492224
-0.0831409171 -0.00311005185
-0.0658149868 0.0686279908
0.000422616053 0.0597917661
-0.0154201733 0.000284453679
0.0169754513 0.035046488
0.0497857668 0.0827570185
-0.0361112244 0.0311892852
-0.0572776608 -0.000491062005
-0.00492731016 0.0778074041
-0.0336608253 0.0184385255
-0.0207538959 0.0735105276
-0.0461278409 -0.0172326155
-0.0316727087 -0.0333410241
-0.0251394212 -0.00211908924
-0.0333411247 -0.00127686327
-0.00324981404 0.00500993384
0.0179782156 0.0269010756
-0.0156271588 0.0627326146
0.0195084754 -0.0230657626
-0.0671603009 0.0240298063
0.0191334262 0.0221623443
0.0458028242 -0.100623772
0.0347428843 -0.0508545749
-0.0348855853 -0.0162142254
0.0175451469 -0.0530544482
0.0382752903 0.00550127728
0.0265721008 0.0335050859
0.019138379 0.00466852169
-0.0263064411 -0.0270751398
-0.0376770534 0.019321084
-0.00546852592 -0.0025863389
-0.021254342 0.012688688
-0.0130126029 0.0348859131
-0.0102504306 0.000333099044
0.0374242775 -0.0603592508
0.0242636465 -0.00191899505
-0.014988184 -0.00506758969
-0.0168790855 -0.00745976856
-0.0181391891 -0.0680036843
-0.00846483652 -0.0612494797
0.0527001359 0.0617754832
0.0342070647 -0.0296002738
0.070131287 0.0446148813
-0.033808291 0.0232252143
-0.0513226986 -0.085602358
0.0233206209 0.000224538162
-0.0657865256 0.0280782934
0.0144326361 0.0126895802
-0.025828056 -0.00409051543
0.00283424393 -0.0361030176
0.0381162055 -0.0531034134
0.0138699198 -0.00551404804
0.0431900993 0.031469088
-0.0502690189 -0.0114965998
-0.0542008206 0.0265951455
0.146185055 0.0178353563
0.0296976641 -0.0538793206
0.00674413471 -0.0637773722
0.0686853826 -0.00454125181
0.0955662951 0.0210782737
0.0445038974 -0.0499620214
-0.0321526974 -0.0111368475
-0.0106625985 -0.0272659101
-0.0272051916 -0.0251121055
-0.0266372319 -0.0418809541
0.00571549404 0.0794892535
-0.0533411279 0.00440530293
-0.0266343411 0.00898926798
-0.0529578067 -0.057083223
0.00604730379 -0.0295015536
0.0631541759 0.0918669924
-0.0377251096 -0.0436522327
0.0579346307 -0.030572772
0.0414823294 0.0121404799
-0.00560550671 -0.023700092
0.0525621325 0.0422599278
0.00885763206 -0.0500941277
-0.0211985931 -0.0535536371
-0.0506980754 -0.0145853292
0.0889526457 -0.0256678909
-0.0254831407 0.0193518605
-0.0682511106 -0.0131922457
0.0564122833 0.0615122989
0.00188898679 0.0411891788
-0.000608753413 0.0687712431
0.0701113567 0.0679454952
-0.0287319552 -0.0133965928
-0.0834255666 -0.0164681431
0.0205569044 0.0414832309
-0.0114663253 0.0773289204
-0.0627225265 0.0172748733
-0.0536480919 -0.0130194006
-0.0305533297 -0.0289433151
0.012935237 0.0252303779
-0.00448299525 0.0610830225
-0.0187274478 0.0189289358
0.0480547585 -0.0444165766
-0.011253248 -0.0243007634
-0.0103710573 0.0584806614
-0.0437659211 0.0251530055
-0.0956704617 -0.032510519
-0.0255431551 -0.00669406354
-0.000110844034 0.0368604623
-0.0188553222 -0.0171837267
0.0218114704 -0.0129835978
0.0658681393 0.0726859346
-0.00146373035 -0.0461135581
-0.0108281942 -0.0796309337
0.0560235158 0.0714850798
-0.00219657784 -0.00432746857
-0.00779532595 -0.119212061
-0.0082911225 0.0667151734
-0.0369202346 0.0621874705
0.0421887264 0.00539627997
0.00183933543 -0.0259866994
-0.0388650335 0.0262215026
0.012255216 0.0251965355
0.0265452359 -0.0242415033
0.0631293729 0.0557876714
-0.0127814952 0.00699791592
-0.0224086158 -0.0145168109
-0.0227623153 -0.00681566587
0.0228244178 0.0057994118
0.0307728965 -0.0173327029
0.0210403707 -0.0432553105
0.0724287331 0.0326971374
0.0255966317 -0.0366494246
-0.0165984351 0.000304820685
-0.0314464569 0.0464707501
0.0332467332 -0.00260645524
-0.0106989257 0.0883725137
-0.0100089489 -0.0332944579
0.0163377989 0.0335840993
-0.0511889569 -0.00807714183
-0.00645831367 0.0232929233
-0.0683790296 -0.0184798297
-0.0697105825 -0.0648246631
0.0340808593 0.0247223638
0.0598587431 0.0258619785
-0.00139867689 -0.0787869841
0.0329024307 -0.0133186802
-0.0133191217 0.0163603034
-0.000825800002 -0.055384364
0.00682447199 -0.040178068
0.0253071729 0.00920211524
-0.0107954619 0.0869848505
-0.0604731813 -0.0023423736
0.000354017568 -0.0418890156
-0.0392979048 -0.0534969606
0.0717684999 -0.0342179649
0.0309554897 0.0239934791
0.0257512592 -0.00310601387
0.0173220672 0.112562247
-0.0307752825 0.0178630631
0.0801035613 -0.076227732
-0.0442702845 0.0772268623
-0.0410359837 0.0257373657
-0.0287748445 0.0354501903
0.02047153 0.0127347019
0.0358665995 -0.0314471796
-0.00853608828 0.0440412648
0.0316397063 -0.00359364599
-0.0663112774 0.00175423641
-0.0246359855 0.0286002047
0.0470597073 -0.0351945758
-0.0411367491 -0.0477668196
-0.0276175514 -0.00327090803
0.0251629464 -0.0426366702
0.0068883975 -0.0707247853
-0.0263038836 0.00112955994
0.0474011824 0.0238869805
-0.0316325799 0.0254108608
0.016398631 -0.0472036339
0.0501800627 0.0428965464
-0.00192491082 -0.0408396795
0.0791768059 -0.0377784967
-0.0748942047 0.0870085284
0.0300097894 0.00739857974
0.0704564601 0.0517162271
-0.00944191683 -0.00970467087
-0.00361800892 0.00450234581
-0.00757496944 0.0553207248
-0.0396620706 -0.0444218963
-0.07114245 -0.0371134989
0.0354171172 -0.0361987539
0.0780053511 0.0418688729
-0.035964977 0.0304003507
-0.0308821965 -0.014004956
-0.0635894015 -0.0411755145
0.039314229 0.0176635142
-0.0222884603 0.0417662188
-0.0545042604 -0.0138016343
0.0025338449 0.0815423504
0.0494685881 0.0402784236
-0.0493851565 -0.125732541
-0.0444235355 -0.046803765
0.0190435369 -0.00634632865
0.00965493359 -0.0646446347
-0.0201044958 -0.0496632904
0.0234648418 0.0245920476
0.00288536516 -0.0445997678
-0.0321330689 0.0435337462
0.0540478416 0.158515513
0.0148236575 0.01133205
0.0227517486 -0.0170936864
0.0629043356 0.000313558703
0.0281055421 -0.0466514789
-0.0138606653 0.0117630139
-0.0353145301 0.0465941913
0.0344986171 0.0162896216
0.111008309 0.0522773974
0.0436279252 -0.0269954447
0.0718367249 -0.0212139357
0.0249674935 0.08207497
-0.00862962753 0.0408394858
0.0700322092 0.0258827396
0.00312522938 -0.0263343137
-0.0356648192 -0.020456098
0.0337258428 0.0159548186
0.000246417883 0.0470268689
0.0676028132 0.0154170794
-0.00761382235 0.0295573734
-0.0263163093 -0.00343508087
0.0967930108 -0.0648422316
-0.00683896476 -0.03637309
-0.0193166714 -0.0829269513
0.010420857 0.0173561499
-0.019258352 0.0666847676
-0.0188370552 0.0445521921
-0.042485375 0.0332903937
0.00368757406 0.034708377
0.00690720743 0.0246517323
-0.0297113694 -0.0230552945
0.0547623895 -0.00947522186
0.0349896811 -0.0675572306
-0.0451399237 0.0617621318
0.0348720513 0.0539321005
-0.0319137573 -0.101558253
-0.0356357917 0.00562716788
-0.0288809184 -0.0156986043
-0.0931149498 -0.0183624737
-0.036344368 -0.0115476912
-0.0589433908 -0.0284844451
-0.0220188163 0.055144567
0.024386907 -0.0307953656
0.0888930634 -0.098216854
0.0251264926 0.0412886851
-0.0381340273 -0.0146876052
0.0690506697 -0.0869494304
0.0176741257 0.0294448901
-0.00917918794 0.0754438415
-0.0050869612 -0.00120496377
-0.0263965074 0.0429814048
-0.0135880038 -0.0651111975
-0.00411652494 -0.0344139338
0.0172721557 0.0899326503
-0.0562320501 0.00680251885
-0.0145758437 -0.0160520896
-0.000615362602 -0.0196463875
0.00570499478 0.0299506485
-0.040193852 -0.0484964922
-0.0599765442 -0.0752379522
0.000618221879 -0.0387595482
0.00125278765 0.0236104559
0.0676120892 -0.0225694757
-0.0772863775 0.00703011826
-0.0220332965 0.017477883
0.0818651617 0.0638619438
-0.0319946334 0.101018131
-0.0835940316 -0.023120854
-0.11729195 0.0107747102
-0.0200627334 -0.0079049319
0.0338284448 -0.0299359765
-0.0307509322 -0.00318966433
0.0232382268 -0.00653355569
-0.0267166998 0.0543905608
0.0246030521 0.0289335623
0.0223008078 -0.00569873769
0.0668882653 -0.0217017494
0.0447448716 -0.0518274233
-0.0318327248 -0.00364596513
0.00114767009 -0.0133378347
-0.00302534923 -0.0132631492
-0.0464838929 -0.0444122888
0.00909176562 -0.113683827
-0.0146474931 0.0199609511
-0.0405232422 -0.0103379283
-0.0172936954 0.0385104567
0.00459442334 0.0693962201
-0.0260532517 0.038054619
-0.0116238026 0.0425003022
0.109947167 0.010277099
-0.0168389417 0.0146592474
0.0308041647 0.0116717694
0.0211950261 -0.00324538443
-0.0646378547 0.0318488106
0.038278386 0.0194649436
0.0463474803 -0.0142147504
0.0318430886 0.0345325097
0.00587954279 -0.00961899571
0.0239132661 -0.0376428552
0.0286817923 -0.0156134255
-0.111586437 -0.0923710689
-0.0395649895 -0.0283795632
-0.0437931567 -0.0135478806
-0.0140634794 0.0362794101
0.0326082595 -0.0332026035
-0.0707545951 -0.0176349841
-0.0531782582 0.0219688118
-0.0695655569 -0.00827986095
-0.014923865 0.00526526151
0.0654537603 0.0109704854
0.00999670848 0.0278882813
0.0136749437 -0.0301671699
-0.0537031218 -0.0267203078
0.0131755751 -0.0179908928
0.0514920093 -0.0778129399
0.0355568975 -0.0673862845
0.0845993534 0.0121607268
0.00174349267 0.11099527
0.0103535317 0.00948672928
0.026058957 -0.0431244038
-0.0786318853 0.028822016
0.00290880306 0.0191931706
-0.0259464681 -0.0173863154
-0.0608099885 -0.136680275
0.0270814281 -0.0604765043
0.0264227241 0.0174742974
0.0260930266 -0.0372520201
0.0055346624 -0.0103256404
0.0542311519 -0.0232646763
0.0592072122 0.0643162951
0.0202658549 -0.0226097405
-0.0161456559 -0.0513537489
0.0308003835 -0.0117078098
-0.0125368889 -0.0203159377
0.0199444629 0.050485529
0.00677117612 0.0123526892
-0.088584803 -0.0107091591
0.0158584807 -0.00976768322
0.0129168397 0.0534008294
-0.074089855 0.0242990926
-0.0110819247 0.00381888798
0.0595720075 0.028673172
0.0327725261 -0.0281763654
0.0442940965 -0.0377387851
0.0153360488 -0.0481177382
0.0304087102 -0.0160304252
0.045481097 -0.0432857685
-0.0677754134 -0.0765109733
0.0532746129 0.0672357604
0.0597944744 -0.0019276361
-0.0733346641 -0.00866804738
-0.0190566052 -0.024100719
-0.00173844455 -0.0545633435
-0.00747665577 0.00977213401
0.016847929 0.0105144652
0.0151574956 -0.062913388
0.0431083441 0.0318551138
0.0310545769 0.0317659117
-0.00212314585 -0.0160859562
-0.0258737393 -0.0666233152
-0.0356113277 -0.0331887603
-0.0777122155 0.0232152194
0.00016066544 -0.0563142858
-0.00213109283 0.0247361958
-0.0415999331 0.0801246017
-0.00370817073 0.0635835305
-0.0117488587 0.0379332267
0.00304615591 -0.0639313012
-0.0132361585 -0.0390485972
-0.0206493232 0.0468768664
0.0386789218 0.0214239676
0.05423465 0.0605592877
-0.0318439454 0.0436879061
-0.0663024411 -0.0153847495
-0.0469513088 0.0486564822
0.00546655757 0.0300610028
0.0165847056 0.0556725152
0.00941912923 0.00440990506
-0.0621817037 -0.0162345339
-0.0160774551 0.0416366607
-0.0314015336 -0.0211575627
-0.0420548506 0.0352337062
0.0804600865 0.141741514
0.0526432656 -0.00903045386
-0.0460812524 -0.0319915786
0.0294668004 0.0678250566
-0.0106596369 -0.0447403751
-0.0390190631 -0.0141836042
-0.0185181908 0.0176712889
-0.0337373167 -0.065759331
-0.0727848336 -0.0714758039
-0.00735640712 0.0656755343
0.0277753472 0.0634083822
0.0256409943 -0.0621455498
0.0562890805 -0.0246204808
-0.0240281858 -0.0190800745
-0.0403546505 -0.0905179158
0.032037124 0.00237856549
0.0469020568 0.0255044233
-0.0208340175 0.069375433
-0.0897769257 -0.0079874834
0.00554615725 -0.0840742663
0.00077173335 -0.0354615822
0.0704017505 -0.0436097383
0.0242877435 0.00461742189
-0.0126789426 0.0281952918
0.0234624278 0.100191161
-0.0286461953 0.0271591768
0.0976264477 -0.0238586832
-0.0739785656 0.0981937274
-0.051569812 -0.0227328353
0.00403351057 0.00356853893
-0.0136515955 0.010260825
0.0342187583 0.0256530438
-0.0401092991 0.0561169311
0.0405252203 0.0121640656
-0.0534971207 -0.0306223407
-0.0275056269 -0.0122398948
0.0568469279 0.0152825955
0.0212002955 0.0292588938
-0.0752628967 0.018489169
0.0332126431 -0.0804034546
-0.00668907352 -0.0640756339
0.0150030758 -0.0329243504
0.0969672352 -0.0312096737
0.0799835101 -0.0172211658
0.0599522255 -0.0521305986
-0.107176542 0.00908151548
-0.0548823588 0.0581900962
-0.0737124979 0.0142102744
0.025466647 0.0234705154
0.0391828083 -0.00568319531
-0.0081815403 -0.00849970151
0.018962577 0.038173724
0.00400594622 0.0528677963
6.02686987e-06 0.0580694564
-0.0400184728 -0.014227815
0.0459355749 -0.0208217725
0.0229597185 0.00859163515
-0.0460751913 -0.0265332647
-0.000589558389 0.0118725449
-0.025922019 0.052716855
0.0767614916 0.00332340994
-0.0548771396 0.040512342
-0.0299745128 0.0904148594
-0.0992027447 0.0139907328
0.052170001 -0.0366342887
0.0544379093 -0.0319394544
-0.055547554 -0.0178003721
0.0433332101 0.0454161242
-0.0711387619 -0.0212093797
0.01978839 -0.00133925828
-0.000799007015 0.0028649664
-0.0390764214 0.0175348092
0.0328460224 0.028942991
-0.0716972053 -0.0360165872
0.000701133918 0.0168836322
0.0498946793 0.103920795
0.0126415435 0.0121794585
0.00955735706 -0.0851993933
0.0437689088 0.048549138
-0.0058710929 0.0534837022
-0.0105308238 0.0721949041
0.0812705532 0.0290364716
-0.00813495647 -0.0656950176
0.0217806529 -0.114084311
0.0456832871 0.0314196609
0.0263563879 -0.0228321888
0.0854493454 -0.159204781
0.0331499502 0.0601904765
0.0403130241 0.0557132959
0.0380390733 0.0285758134
-0.0224851221 0.0463834964
-0.0612513199 -0.0614530742
-0.0232987795 -0.0236572828
0.103985287 0.00326167792
0.0555513725 -0.00460040942
-0.00920965709 -0.00252815359
0.0344038755 -0.00797641836
-0.0380085036 0.0305929184
0.017773794 0.0995871574
0.0376720242 -0.0112713678
-0.0140789654 -0.00870208256
0.0254405942 0.0175870415
-0.0698801428 -0.0469502956
-0.0570673347 -0.0527760573
-0.00231796713 -0.0328428559
-0.0206964426 0.0219925512
-0.0401249491 -0.000233465675
-0.037953753 0.0141162854
0.0176416598 0.0453348979
0.0548854284 -0.0472923294
0.0422261171 0.0398354791
-0.00498702005 0.0573214106
0.0110458713 -0.0165012516
-0.0202766862 -0.041181203
-0.0197171662 0.0460850559
-0.0122233909 0.0942527354
-0.00874542445 -0.00674004201
-0.0652447566 0.0152431829
-0.0763226524 0.00711108977
0.0222293176 -0.00564532727
0.0233462546 0.0507407039
0.0266234837 0.00274447375
0.0277521759 -0.0132600768
-0.10240937 -0.0136016412
-0.04615812 -0.00170592451
0.00234497176 0.0249709934
0.0381145328 0.0311460309
-0.0171551462 0.0357426852
-0.0386040285 -0.0156504959
0.0505831018 -0.0949169025
-0.0315536968 -0.000797363697
-0.045007769 0.0402688049
-0.0313709304 0.0159030594
-0.039515283 -0.0302111674
0.00460504508 -0.0332861021
-0.047672905 0.0700690076
0.00738955429 0.0447113924
-0.00403714366 0.0499636121
0.0481773168 0.120569296
0.0296640974 0.0368135981
0.00630298397 0.0367326923
0.0508217812 -0.0157599058
-0.0252294168 -0.0356652699
-0.0394849777 0.0270702355
0.0398295224 -0.000310199306
0.00310942577 -0.0834550485
-0.0406079963 -0.0068814978
-0.0354084 0.0943387747
-0.0608523861 -0.0757093877
-0.0249560941 -0.0619429089
-0.0287025645 0.0142283728
-0.0144022042 -0.031296093
-0.0183880795 0.0178034008
-0.0255177487 0.0316624232
-0.0465834104 -0.0205152873
0.00928538479 0.0653836504
0.104259536 0.0121878628
-0.0852040276 -0.0138254203
-0.03624513 -0.0202743597
0.0269702561 -0.0758753121
-0.0438662246 0.00566898566
-0.0384240672 0.0869203657
-0.021718597 0.0328065231
0.0320502445 0.00211006985
-0.00156416895 0.0246185903
-0.0214200132 -0.0864380971
0.0690151155 -0.0271736421
0.0142804487 0.0529306643
-0.0467932709 -0.00782704726
0.0227183048 -0.0191828404
0.0171347093 0.00890264008
0.00971124787 -0.0176877137
-0.0433912724 0.0583608337
-0.0656655431 -0.00251222239
0.00340853259 -0.0669963136
0.0373404436 -0.0210149754
0.000317538128 -0.0541768596
0.0898442119 -0.00667673815
0.0468554087 -0.0939832926
-0.00456230808 0.00637144037
0.0922441781 0.000692733331
0.07112737 -0.104514562
0.00388013944 -0.122558758
-0.00917496532 -0.0879633427
-0.0152628282 0.024315007
0.00964277424 0.0608393475
0.0164489169 0.0133088157
-0.0434108637 0.0538878813
-0.0253881477 -0.0498888977
-0.0104941148 -0.0471890084
0.0387743302 -0.0596472323
-0.0424683243 0.0260885246
0.00680717593 0.0741444975
0.0476844385 -0.0238678716
0.0109174587 0.0357399434
-0.0242047291 0.0320193172
-0.0377952978 -0.0244004317
-0.0426440351 -0.0756587386
-0.0846002772 0.0307163633
0.00203503133 0.0357421115
0.0209520515 -0.0224407651
-0.0028740305 0.0619846173
-0.0439244211 -0.0347251222
-0.0576870665 -0.0434153229
-0.0363545269 0.0474839583
-0.0263600312 -0.068292737
-0.019615069 -0.0290348046
-0.0311035216 -0.0425214171
-0.00885896198 -0.00818287767
0.029247161 0.000574447273
0.00947959442 -0.0640053377
-0.0320730433 0.0176647678
0.019083485 -0.0136356894
-0.0194225479 0.0244999956
0.000440472853 -0.0251849387
0.0414260291 0.0232497733
-0.0517121553 -0.0116132256
0.0497661792 -0.108893722
-0.000841778063 -0.00662375987
-0.103273302 0.00174342073
-0.0247636195 -0.0394035615
0.0394573957 -0.0943710506
-0.0213567857 -0.0106630567
0.0189606771 0.0255281907
0.0875892192 0.0209234338
0.0267847925 0.0292389132
0.00560715608 -0.00565923331
-0.0155503517 2.43036538e-05
-0.0346171856 -0.0699472651
0.0227588546 -0.049738992
0.026182171 -0.0689331815
0.0367687941 -0.0316525027
-0.0665626526 -0.0332755409
-0.0035790212 0.00459680427
0.054992184 0.0130260782
0.00458950549 -0.0551131144
0.0130101684 -0.00143977569
-0.00269171828 0.00898186862
0.00308222394 -0.0144666526
0.0293318816 -0.00534080295
-0.0397286303 0.0368836187
-0.0191627629 -0.0155196209
-0.00172766193 -0.00910708122
-0.0429390632 0.101618469
0.0823196471 0.0579677075
0.0555569082 -0.0120795304
0.0115330899 0.0091034295
0.0770794004 0.0421223007
0.0320813358 0.0156140709
-0.0265368074 -0.0489089303
0.00645986851 -0.0127242655
-0.0536186546 0.0209358204
-0.0811163485 -0.0432617143
0.0026413796 -0.0232708119
-0.0112599116 0.0697289035
-0.0416206084 0.0281837601
0.00734989299 -0.00515283225
-0.0149475168 -0.0385269523
-0.0328575037 -0.0130471494
-0.000696357223 0.0197700374
-0.00279287342 -0.0367564261
0.0152079631 0.0320146307
-0.0118807396 0.08152771
-0.0359584428 0.00357337203
0.021896651 0.0734679699
-0.00388199114 0.0431548618
-0.00226852228 -0.0136546306
0.0112834172 0.0227147136
-0.0434421934 0.00572184706
-0.0305240061 0.0209013019
0.0261082258 0.0425860174
0.0377583392 -0.0590366572
0.0405920632 0.00358563685
0.0296241846 -0.0321606994
0.0319847316 0.00915353931
-0.0806192979 0.070836626
-0.0183407627 -0.0418657511
0.0162627101 0.022400206
-0.0110597778 0.0624637194
0.0716370344 0.00194249186
-0.054419674 0.0043876078
-0.0344111584 -0.00948022772
0.0178561024 0.0215106811
-0.0554703698 -0.0139328735
0.0314886831 -0.0191658512
-0.0203481708 -0.0312747881
-0.0471762531 0.0337677747
-0.0332966857 0.0719076768
-0.0503472388 0.0470184907
-0.0088934293 0.0223086402
0.0691983253 0.00907973014
-0.0397104025 -0.10576003
-0.0263742656 -0.0289914403
0.0276535749 -0.00439444883
-0.0722606257 -0.0319748856
0.0576403365 -0.071553044
0.00667795027 -0.0474778116
0.0366822071 -0.00928876922
0.0924104378 0.0202663131
0.0612656996 -0.0230600573
0.0614788979 -0.0396924652
-0.141466439 0.0215465669
-0.0671822578 0.0273237582
-0.0688325167 -0.0124052968
-0.00776015781 0.0142991412
0.0507334583 -0.033251103
-0.00912361685 -0.00947412848
-0.0121605936 0.0503838509
0.0326462202 0.0433689952
0.0340583958 0.0245676748
-0.073893629 -0.0126400944
0.021314906 -0.0116698463
0.0120555395 0.0320570953
-0.0232979227 0.00732919946
-0.0135859707 -0.00110463484
0.0109279547 0.0540145896
0.0486038104 -0.0162893664
-0.0263443366 0.0424886383
-0.0569105484 0.0807895809
-0.0922722742 -0.00387457851
0.0433277637 -0.00316858524
0.0762032494 -0.0107116289
-0.0285472628 -0.00815421436
0.0662865266 0.0162379779
-0.091275692 -0.0513815358
-0.0298407804 0.0623295456
0.0108013041 -0.040075127
0.0353960805 -0.0116031924
-0.0076031019 0.10527423
-0.0416237824 -0.0265450366
-0.0597061887 -0.0262504816
-0.00807916559 -0.0358608179
0.0171636567 -0.0199707914
-0.0657341629 0.0424695648
0.0062159556 0.0110085895
-0.039346274 0.0258452408
0.0420093201 0.0142126493
0.039509736 0.0382668003
-0.0550477244 0.0951728746
-0.0739458427 0.0218205061
0.00673202099 -0.0259406585
0.089369528 0.0474940389
0.0384919867 -0.0207108315
0.049077034 0.0486075431
0.0574604943 -0.0412222371
0.0219940022 -0.0913636312
0.00414351746 -0.0513671525
0.0163339451 -0.071961537
0.00502732489 -0.0374517068
-0.00380384317 -0.00764614483
-0.0232033078 0.0554843061
-0.0941099897 0.0545679368
0.0138694644 -0.117602497
-0.003074829 -0.107240543
0.00820147526 -0.0415580273
0.0119082648 0.0078008594
0.0555368178 -0.0338317789
-0.00693924259 0.00147027522
-0.0522920787 0.0334596895
0.0450242981 -0.0690939724
-0.0454669297 -0.0364700817
-0.0365752429 0.00970876124
0.0165555365 0.0251737554
-0.0204805341 -0.0283551291
0.0106380749 0.0747194216
-0.0833933502 0.0359755941
0.0415486917 -0.105447918
0.0375010446 0.0131629333
0.00913101155 0.0398884006
-0.00658077747 0.00561495498
-0.0794605687 0.0824486539
0.0333406627 0.054788284
0.0144018708 0.00691580679
-0.0350213721 0.0635094643
0.0228761937 0.0178879686
-0.0677448586 0.0264454465
0.0109052788 -0.0370913483
-0.0851899832 -0.0127723739
-0.0620296001 0.0467438586
0.0859889984 -0.0487285219
0.00154208578 0.0782614052
-0.0204061605 0.0807110369
-0.00536594214 0.035085842
-0.0372925065 0.00607753126
-0.0552296527 -0.0230748802
-0.00913170725 0.00879208557
0.0725245997 -0.0416736379
0.0614254251 0.0105416635
-0.029919615 0.0923001915
0.0166626722 -2.65572216e-05
0.0615241379 0.00488625839
0.0308588687 0.041725345
0.0236754324 0.0419382453
0.00571098877 -0.0334899351
0.0486733615 -0.00638975622
-0.0258922074 -0.00836813264
-0.0348901413 0.0103507619
-0.0117573822 0.0687556565
-0.0143759772 -0.0215315819
0.0502530262 -0.0193552729
-0.0310998932 0.00478950981
0.00927869417 -0.00723201642
0.00348016107 0.0461404845
-0.0187634043 0.00367146637
0.0235426389 -0.0432475023
-0.0801278353 0.0217612423
-0.0365533084 -0.0213996358
0.0536353886 0.0359030478
0.0324380621 0.00756058702
-0.0166736245 -0.0272087231
-0.0243951511 0.0560132973
-0.00554913376 0.0343371369
-0.0209442973 0.0275001563
0.0259849541 0.043017868
-0.0262604132 -0.0491889194
-0.0361436643 -0.0214604586
0.0640081987 0.00114772993
0.0221144985 -0.100085206
-0.0442219973 0.0468910523
-0.0702306777 0.104229666
-0.0184347332 -0.0339251645
0.0371178687 -0.0457038321
0.0423384048 -0.074940294
-0.0569322892 -0.0451648273
-0.0983961225 -0.0413248353
-0.0307820793 0.0336253345
-0.0292822793 0.0777616352
0.0250073485 -0.0393754244
0.0461912975 0.133858293
-0.00535108289 0.084018141
-0.0320645273 -0.0428531617
-0.0105528999 -0.013995124
-0.0276732333 0.08511623
0.0556318387 0.0163915623
0.00196733046 -0.0611118488
-0.00661086245 0.034437485
-0.0192881878 -0.0417965204
-0.0166310091 -0.0219434146
0.0970093161 0.0282035582
0.0148184923 0.0451777019
-0.0176746547 0.00643326296
0.0465329625 0.016361339
-0.0395906791 0.0431031883
-0.0229278542 -0.0649625808
-0.0708148107 0.0236365963
-0.0674206614 -0.0322523117
0.00706462562 0.0026515713
0.00254316535 0.0098327985
0.0197601747 -0.0906733796
-0.0403575674 -0.0386396609
0.0139469365 -0.00619078614
0.0392662585 -0.0543024205
0.0556930713 -0.0159632526
0.0730162188 -0.0118492022
0.0283555649 0.0507876165
-0.0263637137 0.014208667
-0.0208713245 -0.0691185296
-0.000974156719 0.0111675514
-0.0174590759 -0.00984381791
-0.0382895507 -0.00916341878
-0.0196972135 0.0445165597
-0.0386710204 -0.0498901494
0.0173123665 -0.0812868774
-0.0700429529 0.0105677694
-0.0127582988 -0.0181258321
-0.00454410538 -0.0727844015
-0.0263608415 -0.00229537417
0.0236292128 -0.00630142912
0.0323856622 0.00700187031
0.00493204826 -0.00766004808
-0.00122729631 -0.0583615154
0.00731207896 0.0883262679
0.0185386091 -0.0170319751
0.00360975135 -0.0957073271
0.0554457679 0.00727064628
0.0470408909 -0.0409449488
-0.0228015874 -0.078296639
0.0154676847 -0.00833710097
0.0114674596 -0.0245123208
0.00549763627 0.0393658578
0.011830694 0.0218866691
0.00951792672 0.0197216999
-0.0028519677 -0.0248029772
0.0409049429 0.0279653836
0.0177917425 0.0108087864
-0.0433668457 -0.00379735325
-0.0198307373 -0.00448960857
0.0819853321 0.0194453131
0.0757547468 0.0452565327
0.00888519548 0.0350867696
-0.0215399209 0.0160537027
0.026974801 0.0210416112
0.00398996845 0.0161168352
0.0153884273 -0.0135601135
0.049645815 -0.0631836057
0.0436328463 -0.0284327082
-0.00793325156 0.0141593814
-0.00423936872 0.0086907912
0.0463346206 -0.0908190981
-0.0360115767 -0.0284121446
-0.0767470598 0.0362851731
-0.0403994881 -0.00119657372
-0.0170229301 0.0386351123
0.0381116457 0.0205273665
-0.0732276067 -0.0572894551
0.0111025432 0.00899735466
0.028176168 -0.0471872166
0.0101777837 -0.0595049784
0.00953367539 -0.0191960875
-0.107497983 -0.034792114
-0.0452056378 0.0155236274
-0.00991794281 0.07901977
-0.0462553687 0.0506034531
0.00683417777 -0.0672812387
0.0380658582 -0.042930223
-0.00236922945 0.0605222397
0.0345022231 -0.0225923825
0.0316228047 0.0384728275
-0.0555472858 0.108533412
-0.0314430818 0.00270145666
-0.0253164805 -0.0506067351
-0.0371564478 -0.0494440086
0.0229074918 -0.0680583641
-0.0145981396 -0.0117931841
0.0581817403 -0.0404463746
0.00298982766 -0.0384413563
-0.0239922404 0.0559699386
-0.0106864348 0.0152141554
-0.0810751021 0.0447177663
-0.0557667054 0.0467430055
0.0570849814 0.0345869884
0.0855822936 0.0371969827
-0.0257390048 -0.0654265136
-0.0239410754 -0.0665947273
-0.0161466543 -0.00330676232
0.0357779302 0.0203307942
0.021780381 -0.032735955
-0.037558645 -0.0962334275
-0.0523157381 -0.000117981144
-0.0153591894 0.010950394
0.0335341319 -0.031178046
0.0895491987 -0.008629499
0.0108253686 -0.0337237902
0.0421124473 -0.019565586
0.0384620316 0.0191329308
-0.0387653559 0.0235224571
-0.000804978132 0.0516210273
0.0607058704 0.0251732357
0.0023071086 -0.0512727611
-0.0205724407 0.00891323481
-0.0169899929 0.0924876779
-0.112216756 0.0318667591
-0.0245098919 -0.0126598096
-0.0504868366 0.0450859405
-0.0644867122 0.0103299581
0.011988733 0.00134618336
-0.0551592447 0.0145224398
0.0135326479 -0.120083347
0.0272370763 -0.0290859565
-0.00160147913 -0.0034705794
-0.0359594338 -0.0257814135
-0.0743164942 0.0844116658
-0.00738039101 0.00332817109
-0.104279391 -0.0717733949
0.0592612736 -0.00792572368
0.0480231494 0.097325936
-0.041055344 0.00482488889
0.0149467997 0.0196135957
-0.00729890168 0.0205569752
0.0201866012 -0.0427122526
0.00802521594 0.0385265015
0.00439747609 0.0209630448
0.0589812696 0.000473954366
0.014514341 -0.0131655252
-0.0627811104 -0.0763358772
-0.0483963266 0.0583981425
0.0888861716 0.041622255
0.0181332231 -0.0505175292
-0.0097601749 -0.0275925584
0.0687651038 -0.0318458714
-0.0042844899 -0.0280642863
-0.0384964533 0.0484656356
0.011096267 -0.0487394743
0.0322057568 0.0402744673
-0.0229255836 0.102896564
-0.00564727979 -0.0224427003
-0.0156913977 -0.0583903976
0.00801240932 -0.012459524
0.0336004309 -0.00217878888
-0.0472655483 0.0256131999
0.0411312133 -0.00166519848
-0.0392364822 0.0483437963
0.0125274323 -0.00420459453
0.0276450813 0.0735151842
-0.0934912115 0.0836932361
-0.0629520044 -0.0181638617
-0.0311751142 -0.0122106653
0.0530868322 0.0760920867
0.0309267845 0.0303063374
0.0430979095 0.0432742164
0.0636587441 -0.0272460282
0.0763858408 -0.0935858414
0.0497949012 -0.0262276176
0.0534672923 -0.0884984508
0.0188751724 -0.0140415095
0.00904934946 -0.0155849224
-0.0226307046 0.0267751254
-0.118987985 0.024467621
-0.0104566347 -0.0700218454
0.106467135 -0.0657871142
0.0328136981 -0.0700379163
-0.0011678501 0.011043461
0.0236111954 -0.0419067331
-0.0772975683 -0.016367903
0.0359176397 0.068871595
0.0041140141 0.0212037563
-0.0424885117 0.0197575018
-0.0314113125 0.0193944387
-0.102541476 0.0462277047
-0.0947483405 0.000736625516
-0.0438439026 -0.0387543142
-0.0485511869 0.0903476924
-0.0812841356 0.0419825613
0.016964715 -0.0240670573
-0.0307751819 -0.0150841651
-0.0618538745 0.0229423437
-0.0398447216 0.00591564411
-0.0241528545 -0.045099929
-0.0346319266 -0.0339528881
0.0121889263 0.0145835895
-0.000788382662 0.0448488034
-0.0399937965 -0.0253561139
-0.0391979814 -0.0396741219
-0.0138090197 -0.0584996603
-0.0164048653 -0.000514411484
-0.0179111995 -0.0267452151
0.00412268005 -0.0382892713
-0.0440427698 0.0597107895
0.0431512594 -0.0345854089
0.0128705446 0.0329719186
-0.0192960463 0.00719074253
-0.0791679248 -0.0134906908
-0.0441387706 0.00446265331
-0.00782454573 -0.0725676417
-0.0364243463 0.0799207985
0.00871797651 0.0595251843
0.030174803 -0.0253465772
0.0278514381 0.00626943726
0.0186961126 0.0116072381
0.0306287315 0.012118293
0.0176105499 0.00624226872
0.00433623837 0.00297534023
0.0378512517 0.0289938804
-0.00653549144 -0.041531194
-0.0182271935 0.0272092856
-0.00327694672 0.0282527972
0.0269184429 -0.00236429879
0.0587541051 0.00697099138
0.0598586053 -0.0400221646
0.0241083186 0.0425767899
-0.0424939841 0.0492599234
-0.0693471655 0.0354252942
-0.0054803323 0.0580003932
0.0275770556 -0.0225700643
0.0448374972 0.0296818446
0.00284312083 0.0126672518
-0.0371066593 -0.00383289228
0.0446880497 0.096265845
-0.016497286 -0.0116208261
0.0477716029 -0.0244468935
-0.0453833938 0.0212197267
-0.0138435736 -0.0510816947
0.0987094045 -0.0227081217
0.00688118674 0.00212250929
0.00503066508 0.0290251039
-0.0330165923 -0.0131861465
-0.0461282693 -0.0503802747
0.0261375457 -0.0227069911
-0.0221047904 0.0222268421
-0.00863245502 -0.0221420843
0.044956509 -0.032563936
0.131385952 0.0471536033
0.0041540456 0.0353381671
-0.000593986013 0.0443622433
0.0514379069 0.0645164698
0.0140004316 -0.011939696
-0.00171101419 0.0239343792
-0.0604205206 0.0150976283
0.0112621067 -0.00951610878
0.0798888952 0.0882372782
0.0106820883 -0.0281484649
-0.0567951798 -0.0620571375
0.0647768974 0.00863273907
0.0541941561 -0.0273811501
0.050264582 -0.0752118006
0.0720106214 0.00126184965
-0.0046747867 -0.025099596
0.0253838673 -0.0807423368
0.0326368138 -0.0211955663
-0.00345652807 0.0344734304
-0.0292466786 -0.0125722382
0.0243365075 0.0172042921
0.0216888674 -0.00155711139
-0.0821617618 0.0234041661
0.080675438 -0.000521194714
-0.00329327723 -0.0625701323
-0.0939758271 -0.0291011967
0.0152199976 0.00993074477
-0.0686278269 0.0371384546
-0.0130040273 0.0427499525
-0.026798984 -0.0135624884
-0.0715741664 -0.050008852
0.0257165898 -0.00466004154
0.00252058171 0.0216327179
-0.00198074756 -0.0266064219
-0.0563497692 -0.0258607753
0.00467562582 0.00707621779
0.0594330132 0.0261744894
0.0249496922 -0.0144869862
-0.0282815807 -0.00973809417
0.000354338757 0.0459986962
0.0181788187 0.0440828986
-0.0868344307 0.0248100907
-0.0685098693 0.014788053
-0.0178114995 0.0319759846
0.0490448289 -0.0555744059
0.045638606 -0.0789903477
-0.0432267077 0.0752118379
-0.0741949677 0.0138481529
-0.0910061672 -0.0176891442
0.0309152808 0.0278223194
-0.0462192148 -0.0142590301
-0.00700791087 0.0549081974
0.0271704085 -0.0501724556
-0.00816902984 0.0423399061
0.0326948129 0.0829290971
0.0372157581 -0.0286826119
-0.00460415101 0.0717464834
0.0732274801 -0.0413862839
-0.00376298465 -0.0694262087
-0.039322298 -0.021354178
0.00350680365 -0.0537094846
-0.028345041 0.00324456254
-0.0116929971 0.0419344269
0.0140374871 0.00732369721
0.0588088594 -0.0271603838
0.0895711705 -0.109499931
-0.00215460104 -0.0410466157
-0.0317332521 0.0308752451
0.0653755441 -0.00765047316
0.00165819761 -0.00295486324
0.0181531273 0.00265712151
-0.0153441336 0.0325373523
-0.0250682235 -0.00279111369
0.0703646392 -0.0392496064
-0.0488356538 0.0480375327
-0.049418062 0.00213584537
0.0310208667 -0.0280367546
0.0204309542 0.0124360789
0.0409060083 -0.085860163
-0.0859044269 0.0435452498
-0.0287361704 -0.0186257493
0.0363591611 0.0730502307
-0.00290609291 -0.0514707156
-0.00593699934 -0.13664116
-0.00166956277 -0.0437891483
0.04146678 -0.0370254926
0.0814766064 0.115803279
0.0351441577 0.0858624503
-0.0575982928 0.00635937368
-0.0460280925 -0.0433082618
-0.0353857577 0.0119679738
0.0706904083 -0.0109224916
0.0259012617 -0.106771119
-0.037593957 0.0330063887
0.0117134387 -0.0521755107
0.0200645737 -0.0600139052
0.0358601809 -0.0162999537
0.0376871191 -0.0113285612
-0.0114186322 -0.0512161218
-0.0587296039 0.020710567
-0.0179602243 0.0184220374
-0.0315561332 -0.0456947796
-0.00454158662 0.0210679304
0.0442532972 -0.0391904674
-0.0651357919 0.0387787409
-0.0213422365 0.10117919
0.00658578845 0.0258398466
0.0705527812 -0.0165121388
0.09027192 0.0139390659
0.0497961864 0.0636816919
0.0400561132 -0.0141937761
0.0481059216 -0.0232660379
0.0461814888 0.0162333325
0.0380541496 0.00130459468
-0.0340711288 0.0199594945
-0.0121035278 -0.0109493239
-0.0191372447 -0.0221150201
-0.0304466691 0.072896786
-0.0795480609 0.0505809598
-0.0083023021 -0.0544818826
-0.0124245984 0.00635474641
0.0110577168 -0.0312102102
0.035245683 -0.0920036435
0.0341084339 -0.0512179844
0.0435283259 -0.0729165301
0.0277534053 0.00174263574
0.0353922732 -0.030325599
0.0226122178 -0.0731990188
-0.0203345604 -0.0400984585
0.00766246626 -0.0572897941
-0.0555042475 0.0103176413
-0.0343130268 -0.0361595042
0.0487703718 0.0422715954
-0.0018538303 -0.0187413637
0.0376832597 -0.0543850549
0.0167231616 0.0211185496
0.0329931416 0.0123594375
0.124968119 -0.00693934876
-0.0347025357 0.00259725703
-0.0626503825 -0.0165356733
0.0327852927 0.00946680829
-0.00802454166 -0.0431344956
-0.0537687279 -0.00229645474
-0.0317367986 0.0922785997
0.00540154148 0.0447976142
0.00674644671 0.0490068495
-0.00276510045 -0.041697748
0.0359673575 -0.0875429288
0.0755922645 -0.00734654395
-0.0324370898 0.0342006199
-0.0437719487 -0.0244565364
0.00348146004 -0.0582384616
-0.0972784311 0.0496421903
0.0394261405 0.0610856563
0.0477897674 0.0305628683
0.000484488701 -0.0168242697
0.0551900454 -0.0359140337
-0.0233552847 -0.0630963221
0.013129035 -0.0165400244
0.0631040782 0.0796486661
-0.0317326188 0.00509230932
-0.0522764921 -0.0197536182
0.122167833 -0.00163292408
0.0298794433 -0.00980817992
-0.0861250684 0.0267855059
0.0264956336 -0.0383743495
0.036369551 0.0138313901
0.0438252166 -0.00640542526
0.0294452161 -0.0256479103
-0.028151447 0.0154583333
-0.058243081 0.0568925366
-0.0256462563 -0.00472264504
0.092874147 0.0150052626
-0.0405759253 -0.0142768379
-0.0921793059 -0.0790155977
0.0306290966 0.0838413835
0.0106707849 0.0330065601
0.0308103114 0.0106670298
-0.0155823445 0.0522871092
0.000754222798 0.0240435433
0.00138731266 0.0345273055
-0.0465426594 0.0495343283
0.0121627348 0.0745906457
0.0621587113 -0.0101751937
0.0971393585 -0.00228628726
-0.0144116795 -0.0182256848
-0.0348466262 -0.00332911313
0.0114583056 -0.0425483175
-0.053151045 -0.0105296532
0.00293449126 0.0873389766
0.00645438116 -0.000312180549
-0.0583130084 0.02729249
-0.0293335784 0.0359493606
-0.0742937475 0.0185292922
-0.111281142 -0.0456431881
0.0339449421 -0.0224465877
-0.0575742759 0.0869460627
-0.120337166 -0.0184568129
0.0324030109 -0.0333849378
-0.00182152621 -0.02216281
-0.0887162164 -0.0178942513
0.00975056645 0.0134273069
-0.0387150496 -0.0254563484
0.00102240453 -0.0260177478
0.0425537713 0.00706423214
-0.0274638608 0.0301910304
-0.0369048305 -0.0182650667
-0.0222482141 -0.0525220148
0.0033577641 -0.0281322394
-0.04329345 0.00490673771
-0.00972160324 -0.0485433489
-1.62150591e-05 -0.0308574978
-0.0971448272 0.0406336449
0.0635629296 0.00159770332
0.0430911072 0.0144729139
-0.0322152264 0.0167666748
-0.077791661 -0.0335581303
-0.0279389098 0.0372340754
0.0448306724 -0.0552976429
-0.0922059566 0.101210497
0.1077246 0.0428039506
-0.0422892608 0.0775641799
-0.019284958 -0.0227255654
-0.0642353669 -0.00243358873
-0.059394259 -0.0608038194
0.0341006108 0.0254544355
-0.0235469323 0.018889932
0.0626276731 -0.011811519
0.0030411256 0.0595663004
-0.0459390283 0.0302080363
-0.0732541159 -0.0702283457
-0.0359893292 0.0196971577
-0.0538331047 -0.0275630392
0.0555873401 -0.0857344642
0.0559295155 0.0319614746
0.0125560937 -0.0248998012
0.0210767332 0.00642872509
-0.0253831632 0.0510976538
0.0146592306 -0.0114964647
0.0385141969 0.0394405462
-0.00160998187 -0.0531089678
0.0213222317 0.00982485805
0.046362035 -0.0289979652
0.00220709015 -0.0290551856
0.0206095912 0.0858754143
0.0335956365 0.012007961
0.00104591262 -0.0345589668
-0.0245919377 -0.0767056122
-0.0434524491 0.00339106843
-0.0118298847 0.00591876172
-0.0429446436 -0.00102375273
-0.0352446102 0.0269151572
0.00170337607 -0.0573600158
-0.0234482978 0.00037035445
-0.00941504911 -0.013600288
-0.0174070206 -0.0451482125
0.0392366275 0.0255622137
-0.0417787284 0.0273231119
-0.00761130033 0.0504651181
0.00459387805 0.0402565859
-0.0874777809 0.00353367091
0.0199377183 0.0179994367
-0.0531175882 0.0146206738
0.00198687031 0.0708337501
0.0387126394 0.0593578294
-0.0831167549 -0.0242220014
0.0176967345 -0.0580162555
0.000486598961 0.0524910428
-0.0633177385 0.0276088342
-0.0297706034 -0.0114718303
0.0780687481 0.0274890251
-0.0149537576 0.00356410304
-0.0782402754 0.0455133021
0.0560544692 0.0988933966
0.0339442082 -0.0623201728
-0.0219487287 -0.0177583564
-0.0965124816 0.0293168407
-0.0557079725 0.0569272377
0.0299343523 -0.00933308247
-0.0191986915 -0.0294031464
-0.0888585001 -0.00471500261
-0.0904181674 -0.0160018541
0.0592636727 0.0156941377
-0.0646205097 0.0394930765
-0.0629570931 0.0228071101
0.0356392562 -0.0222745482
-0.00684785796 0.0433298647
0.0280738007 0.0479484499
0.0126466695 0.0599241108
-0.033350762 0.0142987482
-0.0777467415 0.00279842317
-0.0810337216 0.0660441741
0.00987311453 0.0528583452
0.00322453049 -0.0108614452
-0.0145402169 0.0709014162
0.0163410567 -0.0102871945
0.0379314423 -0.0653880313
0.0238851514 0.00188908773
-0.0118000973 -0.00854889955
0.0163336899 -0.0194666144
0.0586586185 0.0129980976
0.0313175842 -0.0341161638
-0.0320166983 -0.0215794463
-0.00435162336 -0.00353182177
0.0298809707 -0.0278527103
-0.0174240693 -0.0172231197
0.0426341631 -0.0544349439
0.0228702072 0.0458353274
-0.012374864 0.0208293013
0.0474613234 -0.0191170834
0.00593648525 -0.00994406082
0.00282010715 0.0806592926
0.0545526482 0.0219530817
0.0376243405 -0.0183520205
0.0328815877 0.072370939
-0.0753226057 -0.0369768366
-0.0272094831 0.0172126088
0.0357059799 0.0355970301
0.0132514043 -0.0600289665
-0.00928114168 0.00169642712
-0.00833286438 -0.0482771099
0.0141908862 -0.00604762975
-0.0344633721 0.0241524708
-0.00454879226 0.098318629
0.069705762 0.0949396566
0.0241216477 0.0375474207
0.00593836792 0.0146952076
-0.0563695468 0.00902266894
-0.0115497615 0.0896241143
-0.0143572008 -0.043080654
-0.00230158749 -0.0587770045
-0.00528039923 -0.0359211713
-0.0519083589 -0.0748117268
0.0233610738 -0.037191093
0.019201722 -0.0103717791
-0.00840232614 -0.0204914026
0.0132421302 -0.0326592252
0.00344710075 0.0448090993
-0.00188390363 0.0765529871
-0.0188553259 0.0599004552
0.0305221118 -0.0404067375
0.0219174884 -0.041504588
-0.0163167398 0.005671388
-0.0163064897 -0.0361514911
-0.0182499643 0.0494731069
0.0103954952 -0.0118384873
0.0397944003 0.0494308993
-0.00529635604 0.00371745857
0.0786346942 -0.067612499
0.00351973204 0.0140284551
-0.0613959841 -0.110637181
0.0858505592 -0.0342182107
0.00775390957 -0.0407776237
-0.0730500817 -0.00304505485
0.000192338426 0.0173436943
-0.0176532473 -0.0571319908
-0.0205222107 0.00556185143
0.00778029766 -0.08008077
0.0545929335 -0.0408897251
0.0710309297 -0.0561161637
-0.0265692286 -0.038675312
0.0878263041 0.0568304472
0.0384803973 0.00695170648
-0.019986406 0.0149237532
-0.00709517905 -0.0385867916
-0.0448380634 0.0220074262
0.00146897219 0.0296939388
-0.0470938124 -0.063338615
-0.0593484491 -0.0368874073
0.0290524699 0.0303157717
-0.00537622115 -0.0086305812
0.0279072989 0.0324168205
0.00223708106 -0.0160055179
0.00940039102 0.00111965055
0.106209897 -0.03840537
-0.0606988594 0.00121401635
-0.0602992959 -0.0214041956
0.067609705 -0.0787092969
0.0203606933 -0.0280491635
0.0459864698 -0.0550939403
-0.00296357088 -0.0650050864
-0.0160031524 0.00890230574
0.0413282104 0.0131726228
-0.0236553494 -0.00728881545
-0.0352969617 0.0344266221
-0.0386853032 0.0411559753
0.0223111436 0.0206913911
0.0808886737 0.0769580007
-0.0261635426 0.018628981
-0.0497090779 -0.0147380522
0.0346686058 -0.0167697798
-2.19068388e-05 -0.0151288407
-0.0306331329 0.0214799028
0.0635388196 -0.0741385892
-0.00877601374 0.0353367403
-0.0420769677 0.0179894734
-0.0254466236 -0.0199044682
-0.0824191347 0.0463307574
0.00904882699 -0.00835195929
0.0405360945 -0.00803898554
-0.013180403 -0.0479692034
0.019430913 -0.0306942593
0.00327956257 0.0555640198
-0.015734423 0.00564042665
0.0663632751 0.0258860085
-0.000218737783 0.00078809401
0.0621407367 0.0566392243
0.020703882 0.0646268129
0.0760068521 0.0538466163
0.0403786004 -0.0282495879
-0.00711907214 0.0288810618
0.0752626583 -0.0207509659
-0.0382233076 -0.0656797066
0.0135163972 -0.0083117066
-0.0130242249 -0.0685616508
0.0117424987 -0.0186884254
0.0464470126 0.05074111
-0.0212821271 0.0421003252
0.0164075401 -0.0423075259
0.0530265309 0.017432306
0.0858494714 -0.0490131527
-0.0379169285 -0.0611231886
-0.0094215814 0.00771429529
-0.00828852132 -0.0397037752
-0.0757688358 -0.00306731067
0.0466482751 0.116147943
0.0193641912 0.0102643054
0.0724726617 0.0248622708
0.0113062318 0.0481945276
-0.0554650091 -0.0792163163
0.0275957864 -0.0455592759
0.0118504148 0.0487681404
0.0625708774 -0.0601201318
0.00854612514 0.00142955629
-0.0026594298 -0.0194867551
0.0318138748 -0.122373492
0.0134497946 -0.0419523716
-0.0222400166 0.115392655
-0.0673334897 0.0411427654
-0.030610336 -0.025883574
-0.0740934238 0.0265543889
-0.0673563331 0.0213646255
-0.021034237 0.0176997837
-0.0293203164 0.0748262703
-0.0410215259 0.0648856461
-0.0163603183 0.056455303
-0.0372955687 -0.0200002622
-0.0236140769 -0.0377390012
-0.0259685423 -0.00579953054
-0.0199381206 -0.0169458464
-0.0371150523 0.0113553992
-0.0790521726 0.0534664132
0.0182778444 0.0496219769
-0.0409904532 0.053193409
-0.0530383475 -0.0139174452
0.0410416313 0.0344257914
-0.00827112887 -0.0603112429
0.0918789506 -0.0595092699
0.00612520939 0.0439540669
0.0267269127 -0.0229919236
-0.0364436544 -0.0495146848
-0.0844081044 -0.00642307708
0.0695382282 -0.00369824376
0.0530964099 -0.0537320264
0.0188881923 -0.150776714
0.0143109355 0.00896526873
0.0395061709 0.017421186
-0.0313662328 0.0436233766
0.002208377 0.00149757811
0.111744128 -0.0670929253
-0.00699229119 -0.0393330418
0.0124361431 0.0248604324
-0.084251374 0.0289164726
-0.0537112392 -0.0707224309
-0.0233113188 0.00671096891
0.0943959653 0.0302700289
0.0777886882 0.049514953
-0.0651237369 0.0402083732
-0.0386866294 -0.0236478914
-0.0445772186 -0.00588293793
-0.00048211799 -0.0693637952
-0.00176014984 0.0305103566
0.00148615544 0.0445702933
0.0512123927 -0.0130181648
-0.0607791469 0.065974094
-0.0707425252 -0.00177896442
-0.0416847132 -0.0622176602
-0.0715176165 -0.033993423
-7.66731464e-05 -0.0158006605
0.0460134186 -0.0773807913
0.0294956379 0.0858265609
0.0353722461 -0.00648021186
0.0403418317 -0.00503454171
-0.0289948098 0.0414821394
0.0341520049 -0.00151760655
0.0224425513 0.0273050927
0.011663897 -0.00226752111
0.0274070799 0.0441133194
0.0120980721 0.0181127489
0.00693818182 -0.0234266203
0.0007046276 0.0775080621
0.00422894582 0.066522263
0.00836563669 -0.0325464495
-0.0091486536 -0.0387342125
-0.0792852417 0.0206563119
0.0287190061 -0.0152208367
-0.0261037741 -0.0198093094
-0.00965834223 -0.0279911794
0.0274857022 0.0078249583
-0.067799516 0.0967706144
0.00462462101 -0.00413817959
0.0147659332 -0.022432249
-0.00673938962 0.0311857797
0.00231642439 -0.0683329478
-0.0470776223 -0.00810770039
-0.0375378504 0.0574102141
-0.0870637223 -0.141150534
0.0123051833 -0.096001707
0.0161387958 0.0600448437
-0.0373520963 0.0666658431
-0.0132521521 0.110305198
0.0134559618 0.00651493762
0.0182920936 0.0514727198
0.0653119013 0.00781151094
-0.0101963291 0.076164782
-0.0134825399 -0.0140514802
0.0446597785 -0.00783612672
0.0483276322 0.0317923762
0.0353979208 -0.0473984107
0.000743195647 0.0236839708
-0.00570037309 -0.07678058
0.00594070461 -0.0165513884
-0.123713195 0.0595087036
0.0152386799 -0.0108455997
-0.0202044789 0.0413467549
-0.0191748999 -9.29910093e-05
0.0612721741 0.00671620248
-0.0220107194 0.0416408926
-0.000733015768 -0.0378422812
0.0387736298 -0.0243166406
-0.012156059 0.0264699161
-0.00480061397 0.0193194989
0.0312162861 0.00991282519
0.0278061405 -0.0109297447
0.0286594499 0.0117491763
0.0072872825 -0.0106773097
0.0693686008 -0.00394907454
0.0338664688 0.0214748289
-0.062389072 -0.0210674014
0.0188534483 0.0385617726
-0.00799516402 -0.027680371
-0.0348396152 0.00382840354
0.0333199352 0.0991213545
-0.0243545435 -0.0616354495
-0.0125253769 -0.0128026716
-0.00158539962 -0.0113664214
-0.0472630821 -0.0361995138
0.0487735607 0.0581062287
0.00628706207 -0.0280108191
-0.00932895485 -0.0435323641
-0.00479916437 0.0305928867
-0.149880961 0.0438585393
-0.000706511899 -0.0218175091
-0.0406947806 0.0166292079
-0.0958477631 0.106858462
-0.0322849192 -0.0242213272
-0.0824388191 -0.0794397146
-0.00561967818 -0.00507270265
0.0457374528 0.0207732152
-0.0331995636 -0.0326841846
0.0308168624 -0.0370576046
0.0823902637 -0.05236784
-0.0459907837 0.0020774228
0.0185807925 0.0196875241
0.0388116837 0.00511141401
-0.015711911 -0.0495617315
0.0276968572 -0.0679931939
0.0656925961 -0.066950582
0.00328327855 -0.0319851115
-0.0806439742 0.0265873708
0.0683962405 0.0426157676
-0.037427187 -0.0698327944
-0.0169158336 -0.0124401348
0.0669963285 -0.000843021553
-0.0363193415 0.0136171915
0.00330696418 0.00228150305
-0.106553502 -0.0517842583
-0.0714562088 0.0517679453
0.0269457847 0.084901236
0.0277623087 0.0593365803
0.0213076361 0.0172662903
-0.0684574023 0.0385853536
0.0244232416 0.0124738654
0.0284755155 0.0220271014
0.0172872785 0.0565842539
-0.0647995695 0.0675633028
-0.109947011 -0.000981069403
-0.0015507472 -0.0629854724
-0.023703225 0.0453958288
0.00288025429 0.0401625745
-0.00355836144 -0.0293220654
-0.025505567 0.00668271398
-0.0405832566 -0.045911774
-0.0691725165 -0.00120070262
0.0190462619 -0.0461279079
-0.0223895442 0.0302158501
-0.00789590739 0.114269443
-0.0113570001 0.0604689345
-0.0268753599 0.0170188881
-0.05371169 -0.0208737273
-0.0236745793 -0.000931765535
-0.00584945874 0.00203063036
-0.0385504663 -0.0953281969
0.00859934371 -0.0396943428
0.0251048077 -0.0331145823
-0.0513539426 -0.0540934131
0.0176895522 0.0595246553
0.0487592034 0.0938129574
-0.00658841943 -0.0434017293
0.00637240382 0.0470689423
-0.0295381807 0.056308791
-0.0671234801 0.00613313029
0.045787815 -0.0605404265
0.0257965792 -0.0645886362
0.0097386213 -0.0478036515
-0.0732829124 0.0195357781
-0.0411042832 0.0480455868
0.0595008843 0.0357681252
-0.0146859335 -0.0442784987
-0.00303554442 0.0111183356
0.109947957 0.0138250683
0.12117859 0.0067349053
-0.0687066913 0.0142661817
0.0317452811 0.0158398356
0.112116635 0.034922678
0.0305196866 -0.0420666821
0.0532724708 -0.0318329036
-0.00724172499 -0.0405575559
0.00994490553 -0.063414447
0.00220956979 0.0503969379
0.033337336 0.00712093152
0.0255680326 -0.0448257178
-0.0551963709 -0.0645692796
-0.0283307135 -0.0459496453
0.0178112555 0.00552584883
0.048441492 -0.066783756
0.0281355586 0.006575746
0.0176684037 -0.0770262107
0.0324766412 -0.0161936395
0.0148312943 0.0200377516
-0.0422764383 -0.0882923454
0.040649727 -0.0688473806
0.0165430214 -0.0698023066
-0.0308346469 -0.0159563031
0.0172634535 -0.0049037328
0.00829087105 -0.00248160982
0.0568291694 0.0357311107
0.0591509379 0.00507886009
0.00132100261 -0.0261002686
0.0312902592 0.0212729834
0.0756994709 0.014432691
-0.0400851816 0.0293586347
-0.0456515998 0.0298266765
0.0339793339 -0.052128382
-0.0442369655 0.0251832493
0.0342086889 0.114177868
0.0861855596 0.0273613408
-0.0270832255 0.0683998838
-0.0152255958 -0.0600785092
-0.0358370654 -0.0509367213
-0.00388777046 0.0487852469
0.0205849614 -0.0162878837
0.0409615785 -0.0231461264
0.0554754548 -0.0848584548
-0.0338884033 0.0170319043
-0.0280234776 -0.025785733
0.0317871906 -0.0585582778
-0.0362696424 0.0165882241
-0.0634440556 0.0149634723
0.0503755994 0.0467740186
0.0587650239 -0.0292658769
0.0329319499 -0.024323754
0.0928359255 0.0395193249
0.0864452422 0.0070876875
0.0227696244 0.0532907285
-0.07895118 0.0353427269
-0.0740903765 -0.011664792
0.000211991501 0.018442262
0.0314874463 0.0359022766
0.0159505364 0.000558795058
-0.0116500948 -0.100914165
0.0193506815 0.0384362824
0.0941760764 -0.00703325355
-0.00203586672 -0.0443194695
-0.0770500377 -0.0167829748
-0.0245309267 -0.0227934327
0.0596949793 -0.000248852652
0.0409914888 -0.0390367657
-0.0489584543 -0.0510534905
-0.030917231 0.0104389982
0.0573434457 0.072936669
-0.022855822 0.0371112451
0.0115276324 -0.0211210251
0.0111860372 0.0234830659
-0.0090451967 0.0265163798
-0.0365075767 -0.00674797269
-0.0452409349 0.0328651071
-0.00163093756 0.0634627938
0.0279172082 -0.00715913856
0.0357851572 -0.0839161277
-0.0143251196 -0.042821534
0.0339547209 -0.0608262122
-0.0916742459 0.0266228616
-0.133893996 0.0505255125
0.00542258983 -0.049376186
0.0324434973 0.0368319005
-0.0114385085 -0.00689677009
0.0548908934 -0.0309850369
-0.0131715732 0.0477659889
-0.00915676914 0.0192463044
-0.00672458624 0.0357928947
-0.0388606042 0.0346149877
0.0515868887 0.0615785345
0.000593968958 -0.0185353458
-0.0835187733 0.0149379708
0.0314546525 0.0229756851
0.0302476771 0.0214156453
-0.0723359063 0.0191458184
0.00625695102 -0.0343448073
0.000584210036 -0.0991286114
0.00311476015 -0.0495987013
0.00347731821 -0.0810278654
0.0129795745 -0.00809835643
-0.0235841796 -0.0298870094
-0.0143271526 -0.0110346396
-0.0132572018 0.0258777067
0.107065186 -0.00355684734
0.0160398409 -0.0111767389
-0.0443107635 0.0559664257
-0.0281455163 0.0448771715
-0.0594041832 0.0118745174
-0.0919646621 -0.035647694
-0.0111408206 -0.0103502525
-0.0185359642 -0.017344946
0.000580001797 -0.0601085201
0.114995725 0.0389527045
-0.0192163102 0.115652233
0.00353755965 -0.00733287865
0.0337322801 0.00109376956
0.0568424873 0.0294421893
0.0627489164 0.056881316
0.0159991737 0.00584806688
0.0707830116 0.0504651815
-0.0571977869 0.0214940179
-0.00989491586 -0.0674128681
0.0448543094 0.0642362311
-0.0201264881 0.00965530146
-0.0256917421 -0.0334922113
-0.0696475729 -0.02363942
-0.0406076498 -0.0111444835
-0.00713361427 -0.02609732
0.115844585 -0.0166875534
0.0169503205 0.00883452408
-0.0310927499 -0.0405283011
0.0292050373 -0.021629259
-0.0992822275 0.0434545018
0.0249485876 -0.0112363268
0.00573704299 -0.0131448451
-0.0456117541 -0.00264716521
0.0173287615 -0.0553976595
-0.0235768333 0.0091671329
-0.0501821712 0.027462611
0.00339845615 -0.127988249
0.0762008131 -0.0736868456
-0.0100121824 0.0428543314
-0.0420041233 0.0361572169
-0.0454743765 0.074247621
0.0107884202 0.0172296297
0.0252288468 -0.013901216
0.00553235505 0.0269567315
-0.0188464802 0.0371995755
-0.00718295854 -0.00392463058
0.019417908 0.012336771
0.0216322709 -0.0199405663
0.0472999215 -0.0463713482
-0.0232395642 0.0299579743
0.0419893675 -0.0734742135
-0.0161283035 -0.03022887
-0.1032442 0.0309379864
0.0214031078 -0.00962494127
-0.000736971444 0.0248337481
-0.022701459 -0.0128913065
0.0483299829 0.0612463318
-0.0288521983 0.0528008044
0.0215463322 -0.0418916531
0.0103929006 0.00299538532
-0.00702359527 -0.111986749
-0.0225586817 -0.00410987018
-0.0206106361 0.0511784405
-0.0442788936 -0.00880217459
0.0275552142 0.0317095108
-0.0108286692 -0.0529547371
-0.0150654176 0.0120004388
0.0307297017 -0.0197719112
-0.00692794798 -0.00290209637
-0.0512272604 0.0034154458
0.0602989942 -0.0423497967
-0.0716390237 -0.0210417826
-0.0476598442 0.0553999804
0.0684084892 0.0464023165
0.0129789002 0.00349404756
0.0101363836 -0.0247684587
0.0116516864 -0.00638897112
0.0280495957 -0.0807963163
0.0416558534 0.0240497887
0.0306626931 -0.0146522075
-0.01507298 -0.0443566181
-0.0929680169 -0.0233490616
-0.0620274805 0.0247403048
0.00547143398 0.0492102653
-0.0721143112 0.0289204139
-0.0352868587 0.0940460414
0.034841679 0.0938452631
-0.024740383 -0.0318145752
0.0072412258 -0.0114359772
-0.00924302544 0.0602050908
0.0273547322 0.0409782231
-0.0280498937 0.0169168841
-0.106931753 -0.0624097213
-0.0385770425 -0.0738404393
-0.0330239311 0.0299662314
-0.0150040593 0.0290051363
0.033678852 0.0473902598
0.0584149063 -0.0380920246
0.0124253025 -0.0201612022
-0.0769007951 0.00769123947
-0.0111459335 -0.0216711201
-0.0526394472 -0.0159907266
-0.0128214844 -0.000570056785
-0.0111470995 -0.0390932709
-0.0698049739 -0.0762706473
-0.0262803342 -0.0125276735
-0.0485914461 -0.0446365401
0.0264272727 -0.0113095911
-0.0555939786 0.0628487691
0.011114914 -0.00306082726
0.100584395 0.0386034958
-0.0346837379 0.066555053
0.0043283687 -0.0343342125
0.0434037857 -0.000657757453
0.0273846164 0.0132997297
-0.0194918402 -0.00607956015
-0.0724447742 0.0679042563
0.0536738187 -0.0268874578
-0.00647534383 -0.061122749
-0.0308877658 -0.00150572369
0.0090576401 -0.0167516228
0.0391899496 0.0269408152
-0.0591945425 0.0158315059
-0.0449810736 -0.0582795069
0.0175862405 0.00938423909
-0.0200423207 -0.0496946424
0.00266300887 0.00795220304
-0.0960422084 -0.0154201444
-0.0410848744 0.0507268347
0.00690085068 0.0671840683
-0.0234550294 -0.015761571
-0.0349132791 0.0368348472
-0.0231162831 -0.0123989414
0.0143830217 -0.0413253643
0.0836568326 -0.0490437932
0.068508558 -0.00722423149
-0.0499948524 0.0253661834
-0.004798776 -0.0597933233
0.0141655859 -0.032074444
-0.0479193963 -0.00897433795
-0.0570732094 0.0238275006
0.0229981616 -0.0304027908
0.0561923943 -0.0640647039
-0.00904645585 0.0187195484
-0.0175794363 -0.0425039493
-0.0148713794 0.00954243634
-0.00120723969 0.0408332422
0.0250359047 -0.0253472589
-0.0563963018 -0.0223498847
0.0123862671 -0.0519010946
0.042772565 0.00303461473
-0.0121210879 -0.0255537964
0.0408745408 -0.0526166447
-0.0709694698 0.0492953435
-0.0586771332 0.00341156079
-0.0135420449 -0.0102604777
0.00430462509 -0.0440244302
0.0202845819 -0.0270165037
-0.0126568386 0.0358452201
0.0339654312 0.0902312994
-0.02388875 0.0358526967
-0.0769199133 0.043333929
-0.0271896459 0.0850431174
-0.0728276223 0.0353466235
0.000812962011 -0.100876048
0.0445114188 0.0120803891
-0.0244336519 0.073243767
0.0554954149 0.0787593275
-0.0221985728 0.0168782063
0.0279023629 0.0160996728
0.0494083241 -0.0150665473
-0.00314094592 -0.0450369976
0.0460347682 0.026792448
0.00529252784 0.0616995506
0.07963828 0.00490876753
-0.0037529429 0.0210874435
0.00372004113 0.0445244685
0.0842388272 -0.0331692435
-0.00784209929 -0.0307905581
0.0595865622 -0.0154098356
-0.0316304937 -0.0289833732
0.0129501242 0.0269485414
0.0456939749 0.044484131
0.0287688896 0.0176282711
0.0713508129 -0.02722588
0.00588118704 0.0368517265
0.0397963338 0.0761016756
-0.00834704097 0.024636792
-0.0172202438 0.017039502
-0.0199121982 0.016736865
-0.035574764 -0.00896682497
0.0137808956 -0.0494922288
-0.00582872657 -0.0683085173
-0.0257839039 0.0116808098
0.021122057 0.0287004691
-0.0159793496 0.0567733645
-0.100359894 0.00461419532
-0.0583815649 -0.0320229121
0.115289986 0.00399835268
0.08574415 -0.0360868536
-0.0127388109 -0.0385514721
-0.046931114 0.0698850527
-0.0127855949 -0.012163708
0.0240966622 -0.00197804975
0.0665208176 0.0469001606
-0.000474242261 0.0189937912
-0.0437205918 0.00147133844
0.00579394773 -0.0784992203
-0.0072053792 0.052486632
0.0117506888 -0.0141222822
0.0864593461 -0.0948875174
0.027015226 0.0794228017
-0.000198472364 0.0249345303
-0.0465647317 -0.0619341582
-0.0831140801 -0.00209363247
0.04233272 -0.0276883859
-0.00504638813 0.0535119362
0.0267949142 0.0505549535
-0.0378095433 -0.0733449683
0.0188859385 -0.0672774464
0.127165586 0.0146382404
-0.0143542057 -0.00462940941
0.0799732283 0.0207539778
0.0669170544 -0.0109638888
0.000773763401 -0.00764554599
0.000139022959 -0.0526143312
-0.0713365152 0.0161436163
-0.0146490065 0.0917544067
0.0214042552 -0.0245775338
-0.0146393022 -0.0107178017
0.0125485174 0.00781898666
0.0202039015 0.0377341472
0.0388225652 0.012998974
0.0463934019 0.0398516655
-0.0348910466 0.136606783
0.0152442763 0.00273844646
-0.0301834941 0.00304172398
-0.0660603717 -0.0309148859
0.119294643 -0.0503494106
0.0495493002 -0.0607844628
-0.0161467791 -0.0810039863
0.0287921987 -0.1103976
0.0106132114 -0.00713428808
0.0396009646 0.0172278956
-0.00114689476 -0.010698772
0.0733450502 0.0673223659
0.00881947391 -0.0104077384
0.00497403787 0.0186148938
0.0360749289 -0.00326040434
-0.0199449472 -0.0507360958
0.0149641046 0.0635865927
-0.113374203 0.0132660829
0.0686659589 -0.0374408662
0.0345937721 -0.0294001754
-0.0600409433 0.0274044573
-0.0550569184 -0.0111847743
-0.113431782 -0.0454108268
0.0301942956 0.0478677526
-0.0217265692 -0.0222693216
-0.0686883628 -0.016779013
0.00911092199 -0.0102437073
-0.0719201416 0.031931635
-0.0405629799 0.0602534264
-0.0242418479 -0.0172899943
0.0890773237 -0.053331729
-0.0376606472 -0.0496209189
-0.00918112509 0.00578693952
0.100078523 -0.0159399007
-0.0877954662 0.0490429997
-0.0803940147 -0.00420567254
-0.0415326394 0.00191671157
-0.069035694 0.0162318628
-0.0024157078 -0.0365702361
0.109222226 -0.0253919549
-0.0588086881 -0.0229108557
-0.0276259165 -0.0195315201
0.0319169462 -0.0288782604
-0.0247151647 -0.0631443337
-0.00724684075 0.0246766023
0.0355933867 -0.0159196965
-0.00267870678 -0.0616157614
0.00189007225 0.00881736074
-0.00327685964 -0.00649007317
0.0539837591 0.0626086965
-0.00551574538 -0.02650778
0.0345780849 -0.0873125345
0.067934759 0.0724136531
-0.00524611073 0.0720702484
0.0393163972 0.0444845557
-0.0517730974 0.025080489
-0.0162611119 -0.0692161769
0.00267866906 -0.0218459312
-0.0390837751 -0.00888877269
-0.044186838 -0.00540417852
-0.0357507579 0.0274369344
-0.0128362328 -0.0210966077
-0.0299604256 0.0104878545
0.00253885123 0.0181266032
0.0487248898 -0.0385248549
-0.0547026061 -0.0808118805
-0.0656569004 0.0315126702
0.0301929526 0.00757609867
-0.0428406075 -0.0216511451
0.0316643789 0.0792228132
0.0141876247 0.0136701278
-0.0302979238 0.0218394399
0.00639350619 0.0543895066
-0.00844278838 -0.0503684618
-0.0366258211 -0.0580015406
0.00866320077 0.0238118526
0.0204136856 -0.00185626943
0.023142904 -0.00998545531
0.0155407153 0.0280076601
0.00499364827 0.0660228655
0.059109021 0.0186030008
0.0986005217 0.0479361042
0.0548675954 -0.0933296457
-0.0196460988 -0.0223150086
0.00406040996 -0.00364121073
-0.0653659552 -0.0124617433
0.0255940724 0.0510984696
-0.0135432351 -0.0494355746
-0.0174124893 -0.018539954
0.0387890376 0.0449476689
-0.0249965731 -0.00730656879
-0.0238722451 0.0120255901
0.0559854843 -0.0475858562
-0.0635008365 -0.0299017187
-0.0638583526 0.0299609229
0.0286804959 0.0848081186
0.0135575188 -0.0360828862
-0.0250632335 -0.0168634914
-0.0236613061 -0.0273579508
0.0184477214 -0.0586754084
0.0303868093 0.0287901033
0.0386080556 -0.0193951335
-0.0223729834 -0.0370964445
-0.0930940732 -0.0268425252
-0.0379967578 0.0294065829
-0.0179690588 0.079809919
-0.0775928274 -0.0164760016
-0.0769828111 0.0703472644
-0.0292472355 0.0983659551
0.0108878026 -0.0622743256
0.0155030861 -0.0379765332
-0.0511170365 0.0453336798
0.0226347074 0.0658268258
-0.00594786787 -0.0220859814
0.0266291015 -0.0257238764
0.0012481194 -0.0698483065
-0.0335051715 0.0264589321
-0.0340490788 -0.0137311891
-0.0151829375 -0.0479386598
-0.0287791286 0.0266884975
0.0271863677 0.0313659199
-0.0134228813 0.0309287962
-0.0704804808 -0.0351661928
-0.0442176536 0.000550810888
-0.0166810714 -0.0711109713
0.0150543796 -0.0579767078
0.0271180067 -0.0194969084
0.0379393734 0.00268569449
0.00517081562 0.046285335
0.034177117 0.00275335088
-0.0177755821 0.0468627289
-0.0704270229 0.0468885154
0.118507095 -0.0304855816
0.0148305604 -0.0014467896
0.0419306941 0.0106323296
-0.0627322644 -0.0504306555
-0.0723890066 -0.0559283458
0.0911975652 -0.0162867457
0.0109619685 -0.00773929711
-0.0720309988 -0.0199237186
-0.115642697 -0.0180282947
-0.00799908955 0.0281086452
0.00643478241 0.0252804086
-0.0418392085 -0.0721802041
0.00134102604 -0.0556713454
0.0274925921 0.0524587892
0.105548158 0.00127234857
0.01127946 -0.0378052518
-0.0140246842 -0.00723762903
-0.0762448534 -0.0483940281
-0.00681932783 -0.041010689
0.0031953929 0.0236934666
-0.0265389215 0.0304168798
0.0225386769 0.0139970658
-0.0535603501 -0.0471458919
-0.0722671598 0.00820717961
0.0727258623 -0.0550258271
0.0577068813 -0.0570515357
-0.0568674505 0.0186542831
0.0170510113 -0.0235487092
0.0968455672 0.0444812775
0.0105375769 -0.0209228918
0.0385553725 -0.0550288707
0.0745341554 0.0627990738
-0.0213785339 -0.0496559888
-0.00985675026 -0.00478700642
0.00959469099 0.0750825703
-0.0291440915 0.0161768124
0.0487511568 0.0653540194
0.0874196067 0.0193034764
-0.00152604224 -0.00434895325
-0.0203714371 -0.0103597222
0.00566199748 -0.0205100887
0.0499038883 0.0522380248
-0.0368673019 0.0276515689
-0.00215637381 0.0178887174
0.0271211434 -0.00806486234
-0.0469288081 0.0667712763
0.0115024177 0.0149475476
-0.059265729 0.00554904668
-0.0429355875 0.0465221889
0.0114844805 0.0576844551
0.0640148744 -0.027650604
-0.0470962636 -0.0340122096
-0.0413023122 0.00838839263
0.0328441747 -0.0780863017
0.0246863365 0.036915537
0.0202902723 0.105758913
-0.00989733636 0.042835962
-0.0248586666 0.00652015628
-0.103596345 -0.0626878664
-0.0275251064 -0.00280004879
0.0291285403 -0.0262860097
0.000927574409 0.000517471286
-0.0630182996 -0.0555239022
-0.0791801289 -0.0994566157
0.0570234396 0.00231980486
0.0586830676 -0.00376285333
-0.0439630747 0.00268738321
0.00630405964 0.0201306883
-0.0378173925 -0.0532585569
-0.0682187751 0.0144262351
-0.0337901302 -0.0082819704
0.002817509 -0.0789942518
0.00984629989 0.035521064
-0.00182661205 -0.0604979396
0.0288523957 -0.0694688335
-0.059929315 -0.0214602798
-0.0430756845 -0.0868586674
-0.0980214849 0.0176908076
-0.146258786 0.0756737888
0.0562945381 0.0577869378
0.00685888762 0.0448580943
-0.0100770285 -0.0256728977
0.0661135018 0.00269996282
-0.0334262624 0.11387942
0.013233263 0.0561617464
-0.0448843203 -0.0439652912
-0.00978142582 -0.00115713803
0.0272261649 -0.044712171
-0.0189827587 -0.0256128721
0.0190958492 0.0128002679
0.0420529693 -0.00225985539
0.0734981373 0.00960888062
0.012604313 -0.0307415389
0.0241313372 -0.0374150425
0.0984488353 -0.0166255329
-0.000970178924 0.0556993224
-0.00541073922 0.00953417923
0.0517025702 -0.00443818374
0.0290285852 0.0343881883
-0.0112224063 -0.000649621128
-0.00670602778 0.0179033689
0.0325524285 0.0613139607
0.0724592879 0.0348311439
-0.0638189763 -0.0600941703
-0.121101171 -0.0266784914
0.0483405441 0.00565087562
0.0178887434 0.00292621832
0.00847154856 0.0377433002
-0.0137107456 -0.0595709011
0.00316777453 0.0386226177
0.0248268135 0.0286711901
0.0193936266 0.0377615243
0.0426640622 0.0894321799
-0.0848644227 -0.0127649391
0.0409907885 -0.0800878108
0.0131677333 -0.0919738933
-0.117392637 -0.0145943873
0.0177738387 -0.0330054387
0.0049976022 -0.0551809371
0.00265381765 -0.0176204927
-0.0290298127 -0.0936036855
-0.0632426292 0.0543734469
-0.0656670928 0.010728823
-0.0782228932 0.023313364
0.0507359803 0.0195515826
0.0679707527 -0.0178995766
0.03137777 0.0343462266
0.071549058 0.0368751809
0.0114310998 -0.0355705582
0.0539913885 0.0304729361
0.0173604432 0.011255498
-0.00247739512 0.00343256816
0.0485904776 0.0823046193
0.0318937488 0.0444096141
0.0243102368 -0.00130427105
0.0328169204 -0.00129874214
-0.0339373015 -0.0708984956
-0.0871146992 -0.00302153057
-0.0129765561 -0.00392692955
0.0835744143 0.0816337764
-0.0669878498 0.0331220999
-0.0388509184 0.00390562112
0.0469379425 0.0428681485
-0.102102853 -0.0102299424
-0.0219886415 0.0137559343
0.0250307824 -0.0271011554
0.0099077411 -0.0106904814
0.00798138231 0.0596356317
-0.0236175563 -0.029236801
0.0554936752 0.0572793372
0.020388335 0.0474763326
-0.0586544164 -0.067186594
0.0439635962 0.0117486054
0.0831990764 -0.00894564576
0.0832843855 -0.013818467
0.0205489974 0.0292586535
-0.0294567682 -0.0209019687
0.0238843709 -0.0231436975
0.0705827475 0.0490290076
-0.0187631547 -0.037356548
-0.0122569008 -0.0395792387
0.00106396282 0.0309566054
0.0198434088 0.0637144223
0.0706089064 -0.0271842647
-0.066291973 0.012945313
-0.0403305218 0.0291117597
0.133275509 -0.0830270424
-0.0269510634 -0.0730515569
0.0207322855 -0.0152137028
0.0145110609 -0.0313566737
0.0274618901 -0.0226642434
0.0524500608 0.0410411544
-0.0395528749 -0.0168117676
0.0831102952 -0.0349444747
0.0775183588 0.039059341
-0.0174096059 0.0295054242
0.0237176698 -0.051457569
-0.0149983205 -0.022972228
-0.0128050121 0.0550680459
-0.00273150764 0.0177286789
0.040952269 0.0474941134
0.0477808379 0.0210731924
0.0249790847 -0.0566554032
0.0083637014 0.00849913992
-0.0500960648 -0.0107016154
-0.0296169538 0.0319167487
-0.0445698984 0.001966757
-0.0117781749 -0.0295132883
0.00456635375 0.0226803031
0.0463924594 0.0206696726
-0.0181976929 0.0405073278
-0.00950116571 -0.0511886589
-0.0390204825 -0.0390879214
-0.0414564684 0.0100797974
0.0617489032 -0.081253916
0.00324839517 0.0640364736
0.00543437526 -0.037586119
-0.0189908221 -0.0761826783
-0.0348825119 0.052851662
0.00659884978 0.0171487462
0.0734747276 0.0127819022
-0.0199068598 0.0400647782
-0.117707193 0.0666885227
-0.00752587151 -0.00303987693
-0.0133903315 0.0284603871
-0.0284567811 0.0581401885
0.00675737672 -0.0349266045
-0.0569479726 0.0263979509
0.0111338384 0.0367067121
-0.0498355329 -0.058770854
-0.0277018826 -0.0262558833
-0.00468084123 -0.00173427747
-0.0189517401 0.0528915823
0.0365653187 -0.0345852077
-0.0371469073 -0.0277354848
-0.0677372292 0.0172227211
0.0238052886 -0.0338336788
0.0342518874 -0.00866881851
-0.047375802 0.050041765
0.00170463475 0.0178599488
0.00822911877 0.0379479341
-0.0411020666 0.0469515473
0.00848875102 -0.0364796594
-0.033790525 -0.0388048068
-0.0622485913 0.0365168415
-0.0182699803 -0.0679939538
-0.0431358181 -0.00175904983
-0.0316062458 0.0431739204
0.0141900359 0.0308427364
0.028724866 0.0271698106
0.0134652313 -0.0386555679
-0.0200120546 -0.0133601902
0.00918578915 0.0342286974
-0.00658602826 0.00409044418
-0.0138615649 0.0128129981
0.0368808843 -0.0156001756
0.0262115709 -0.0905384719
-0.0179129913 0.0802947432
0.00104998169 -0.005701988
0.0401282497 -0.0776379108
-0.0358997583 0.053611774
-0.0533211678 -0.030554343
0.0151400333 -0.00941041391
-0.0333824344 -0.0045078313
0.00926153455 0.0583487228
-0.0035509062 0.0288020857
-0.0832460374 -0.0551603884
-0.0419800505 -0.000630924886
0.0164506901 -0.0656860694
0.0237569511 -0.0153015126
0.0266683847 -0.00641038176
0.0592024289 0.0342431292
0.00552026462 0.0509275533
0.0317579582 0.035731148
-0.0538546033 0.0368357375
-0.0660246536 0.000256369502
0.119871475 0.0109803304
0.0409822166 0.0292122681
0.0329867415 0.0307501759
-0.0228538979 -0.0832571164
-0.0392763838 -0.0703604817
0.0909643397 0.027809104
0.00165449188 -0.0006130478
-0.0727842003 -0.04185047
-0.0785312131 -0.0254255887
-0.051127404 0.0436557569
0.0231746435 0.0115694143
-0.00519025465 -0.0424103476
-0.00416878564 0.00686448161
0.0210743695 0.0283829104
0.0145135522 0.0406044312
0.013561165 0.0302762128
0.0600906424 -0.0456696525
-0.0024201835 0.0561090596
-0.0545004793 0.0165122543
0.0427439548 -0.112897396
0.0642672703 -0.0518380292
0.0303197838 0.0397706106
-0.0895238072 -0.0182146356
-0.0808435977 -0.0276390314
0.0217736214 -0.00276906579
0.00985337608 0.0210254136
0.0289223604 0.022058377
-0.0405262373 0.0601003878
-0.0189421717 -0.0140685169
-0.0121306023 -0.0407674573
-0.0510779768 0.0237593092
-0.0230305679 0.0839840472
-0.0753072947 0.0982753336
-0.0321959741 -0.0495460071
0.0047159479 0.0359945744
-0.0397884659 0.0171767585
0.0086207781 -0.0393691622
-0.00771731092 0.0260881148
-0.0269692112 -0.09452831
0.010722097 -0.0291736983
0.00389431277 -0.0215408076
0.0471448079 -0.0868820474
-0.0238710213 0.0462027974
-0.0647845268 0.0375920087
-0.0200924724 -0.028806461
-0.0477182232 0.00227156188
-0.0278178286 0.118369207
-0.05418019 0.00612958195
0.00983617082 -0.00787564088
-0.00595204718 0.0092496844
-0.0484663136 0.000385790772
0.0476474613 0.023314083
0.0733048096 -0.0299596377
0.0698646381 -0.0233893562
-0.00673326477 -0.0227855723
-0.0165457223 -0.000380144251
0.049364727 -0.0239728689
-0.0529691689 -0.0504487678
-0.0747727007 -0.0490967706
-0.018569598 -0.108155869
-0.000151685424 0.025190495
0.0603152178 -0.0371658914
0.0420361646 -0.0677112937
-0.000821068883 0.0479757972
-0.0819368437 -0.0106654167
-0.00882448256 0.0184275731
0.0506026447 0.00620989129
-0.0341822803 -0.0190783832
0.00414703647 -0.0562371537
-0.00970744342 -0.00106163509
-0.056884069 0.0641462505
0.00414395891 0.0102907363
0.0229405444 0.0118339946
-0.00175811525 0.000182494929
0.0652553663 0.0275948495
-0.00145564543 -0.030950347
-0.0765763074 0.0121817589
0.0458377823 0.0147989895
-0.00137685321 -0.0699018613
0.00828743726 0.0311566349
0.016335573 0.017555574
-0.0484500974 -0.0338793956
0.00763378385 0.0700573176
-0.020208301 0.0163432639
-0.0230582766 -0.097401917
-0.0474792607 -0.0794680044
0.0134956781 0.0215492081
0.054810971 -0.0039272001
-0.0236299895 0.0620432906
0.0770599172 0.0222681444
0.0176712666 -0.0825393051
-0.110886261 -0.028568618
-0.0585981496 -0.0586316884
-0.0612636767 -0.0257446766
-0.0258868784 -0.0224128198
-0.0242803041 -0.026017841
0.0165319722 0.0511181056
0.043953117 -0.063408345
-0.00615248829 0.0190899018
-0.00296820025 0.0753245279
0.000938388461 0.0286769457
0.0253038239 -0.0197039377
-0.0679989457 -0.0638900027
-0.0205540564 0.0165455434
0.0557629131 0.0568511635
-0.00739576481 0.0165016036
0.0767784715 0.0188718755
0.0712425038 0.0219116118
-0.0301782303 -0.00415398134
-0.0405436903 0.0211572275
-0.0334493443 0.0495597683
0.0204666331 -0.0212330222
-0.0235218145 -0.008146815
-0.0174001772 -1.18561793e-05
0.0269212723 0.0334457234
-0.0387705564 0.0440884717
0.0465553701 -0.0013669061
0.00570399733 -0.0331264287
-0.0482078642 0.0365590379
0.0177507754 0.0439243056
-0.00934535731 0.022754617
-0.0214673672 0.0779881924
-0.0149390558 0.00931780133
0.0129818823 0.0119580217
-0.00774151087 0.00565400207
0.0303991102 -0.0587670952
0.0724338517 -0.00665891077
-0.0302590765 -0.0473778397
0.0202302169 0.0250789989
0.0518224239 0.0464970767
0.011600134 0.00507281628
0.0482017398 0.00583597599
0.0765819699 0.00304408069
0.0235631652 -0.00751131447
0.117197759 -0.0136425542
0.0889834836 -0.048079446
0.0175658371 0.0196761135
-0.0231433194 0.0322299711
-0.0703880638 -0.0536367856
-0.000945345615 0.00768585131
0.0608915985 0.0275160223
0.00307686976 0.0146793565
0.0232235119 0.0195154771
-0.0594144762 -0.0155763766
-0.0439418517 -0.00266926992
0.0984138697 -0.0126048317
-0.024259029 -0.0462663993
-0.0993115753 0.0435912311
0.0411970019 -0.0652124807
-0.0836454555 -0.00346925505
-0.0947098881 0.0441824682
-0.0345858186 -0.0217085909
0.013984465 -0.0477103069
0.0172573719 0.00582283735
0.00784879085 -0.0641932189
0.0318848267 0.00275105285
-0.0303488951 0.00407926831
0.0172797982 -0.0109825619
0.0388875157 0.0449778922
0.00137887301 0.12175937
0.0337847881 0.0836936459
0.00190321519 0.0327235311
-0.0338207409 0.0354355387
-0.0765166879 -0.0221641399
-0.00548105966 0.000732376589
-0.00196478446 -0.00890515838
0.0280403756 -0.0468620397
-0.00727362931 -0.0579626448
-0.0129203787 -0.0589876026
0.0166387875 0.0507868975
-0.00095950003 -0.00289614173
-0.00951170735 0.0275481958
-0.00192896766 0.0671490282
0.0996463373 -0.0331583098
0.0445055738 0.00829566177
-0.0677511692 -0.0446517058
-0.0150567945 -0.0134166693
-0.00648397626 0.0291850213
0.00310238055 -0.038300015
-0.0440054685 0.0867046937
-0.0188304465 0.00647957157
-0.0520014279 -0.10238798
0.0061503835 0.0376652591
0.100232206 0.0267639551
0.0064888848 0.0454979874
-0.0462160148 0.0241020061
0.044142928 -0.0763922855
0.0533655472 0.0292455181
-0.0225347374 -0.068408303
0.0350566879 -0.00703215273
-0.0133492369 0.0886563808
0.0309047122 -0.0233735498
-0.0377936214 0.0678162128
-0.073939167 -0.0452994816
0.0351294018 -0.10642723
0.02384842 -0.0342865996
0.0229373705 -0.0230657551
-0.00379864732 0.0608225949
-0.0175601896 -0.0179843027
0.0575212352 0.0512436591
-0.0235582162 0.0497426912
0.048361104 -0.0804989263
0.00738377776 0.0313983075
0.0248149838 -0.0246371645
0.0318373032 0.0452825166
0.124804705 -0.0156920217
0.0989338085 0.0494554974
-0.00440887315 0.0540010706
0.062518701 0.0554733686
0.00619678758 -0.00952065364
0.0284162275 0.0102624279
-0.0738784 0.0889962465
-0.00907048583 -0.0282879416
0.0279520508 0.0439069793
-0.0279850475 0.122576408
-0.00197678432 -0.021387022
0.00578145031 0.0194686688
0.103266433 -0.0165791046
0.0710264817 -0.0687187091
-0.0305077694 -0.0201951303
-0.00270434236 -0.025714865
-0.00138864713 0.0791686922
0.0121402843 0.036771033
-0.107508175 -0.00811041705
0.0070838402 0.0243650004
-0.0225040969 0.00901026931
-0.0291642863 0.0136292223
0.0158239678 0.00656966167
-0.0457690433 0.0417365879
0.037423525 -0.0276924409
0.0570098385 0.0354189761
-0.0314253308 -0.0396408513
-0.0177494138 -0.0644628704
0.0221300833 0.0217327271
-0.0235382635 0.040530242
-0.0121769598 -0.052321706
0.0198646244 0.0285221301
-0.00497693196 0.0980540961
-0.041856382 -0.0296874568
-0.0192950424 -0.0519962497
0.0413243696 0.0154224392
-0.0175274052 0.102378584
0.0349794924 0.0919136181
0.0352906212 -0.00320480089
-0.0554446913 0.0139079383
0.00960219372 -0.0100151887
0.0187568944 0.033650063
0.00833700411 0.000763885793
-0.00844269525 -0.108311869
-0.0527861677 -0.0139739085
-0.0686546117 -0.0928678364
-0.0160100572 -0.0328395516
0.0020767469 0.0120930355
-0.0257636979 -0.0249010473
-0.0167738218 -0.00675642444
-0.0232516546 -0.016958341
-0.0834013447 -0.00997404475
0.01933432 0.00538823102
0.0689028502 -0.0126944883
-0.0636194721 -0.0409508646
-0.0264375359 0.0503835343
0.0442920253 0.00245862151
-0.0113471057 -0.0959893987
-0.0245612226 -0.0216819905
-0.0188051965 -0.0344999768
0.0255759563 0.0498800501
0.047268156 0.0254135225
-0.0110248793 0.0218759067
0.062118724 0.014432217
-0.01540046 -0.066600956
-0.00992024597 0.050146509
0.0526827723 -0.00110945222
0.0882530585 -0.0216135439
-0.0474194549 0.0499332473
-0.0573520996 -0.0190361347
0.0706743076 -0.0945304558
0.113225266 -0.040881265
0.00970542245 0.0324861705
-0.0876823142 -0.0569001064
-0.0837984979 -0.0726108775
0.0120777832 0.0504301637
-0.000221831724 0.043092452
0.0300614685 0.00376016856
-0.0501405895 0.0569220409
0.00542746019 -0.029373955
-0.0433930568 -0.0382115953
-0.0445407517 -0.0179940667
-0.0126235522 0.0543764345
-0.0808842555 0.114999071
-0.0509812981 -0.0361715741
0.000465664518 0.0281317458
-0.0551358797 -0.0188000035
-0.0144229177 -0.0597400479
0.00909853354 -0.009721471
0.00637329184 -0.0837160349
0.0241728928 0.0117508695
-0.00228702463 -0.00331939268
0.0882665962 -0.0501297414
0.0046962467 -0.0140877878
-0.0759633929 0.000930787704
-0.0160044413 -0.0402369648
-0.0478489362 0.00122432306
-0.0354883671 -0.0534090623
-0.0331785083 0.00406704796
-0.0366907679 -0.0145354811
-0.0662900433 -0.00929079205
-0.0450951196 0.0407756455
-0.0629774407 -0.0354454778
0.0390426368 -0.0114916172
-0.0166707486 0.0473117419
-0.0684197024 -0.0260748658
0.083246544 0.020179389
0.0541113168 -0.0213061217
-0.0185999833 -0.0114943795
-1.48053605e-05 0.00176468526
0.0146405064 0.0568100512
0.0404483788 0.049452696
-0.0407089368 0.00590478303
0.00354415737 -0.058508981
0.0478352755 -0.0195101909
0.0131642455 -0.0768327191
-0.0345116369 -0.077271536
0.048946701 0.0578307435
0.18080917 -0.0108730523
0.0616468079 -0.0595764443
0.0200138818 -0.0125504341
-0.0262427814 -0.0707942843
-0.0567810312 -0.0560558103
0.0540721007 0.0371201113
-0.0430820957 0.0994413421
0.0487295203 0.0607151575
0.0442788713 0.0134704979
0.048386246 0.0410720333
0.0880571455 -0.0218503587
0.0347953513 -0.0598135963
-0.0470543317 0.0321965814
-0.0532142892 0.0295855477
0.0718116164 -0.000262863032
0.0317709595 0.0151124382
0.030717358 -0.00497707492
0.00856757443 -0.00163061894
-0.0888902545 -0.0250250772
-0.0229091868 -0.0949616209
-0.00909040589 -0.0377677754
-0.00370943639 0.0209037177
0.00507024769 0.0293679256
-0.0273533016 -0.0270380173
-0.0157995522 0.0225022603
-0.0287807416 -0.00432659406
0.0042041745 0.0456537455
0.0532938465 -0.000488870544
0.0336698331 -0.0245892871
0.0151588572 -0.017786514
0.0454128496 -0.032216996
-0.0776474625 0.0511693768
-0.000576280989 -0.0135844592
0.0484642535 -0.0120473588
0.0325984471 0.0625868812
-0.00406792527 -0.0778223351
-0.0426244698 -0.0392435305
0.0963724181 -0.022729801
0.0356771499 0.0218532644
0.0400330462 0.00304202619
0.0193291251 -0.0128493924
-0.020625934 0.0170181599
-0.0574487634 -0.0218952
-0.141401902 -0.072949931
-0.0307742264 -0.0743787587
-0.0312833115 0.0570350774
0.00645824987 -0.0441953167
-0.00432726368 -0.0900705382
-0.0157135185 -0.0015610304
0.0137125747 -0.0454961024
0.0525436662 -0.0376865827
0.0205658469 0.00135184475
0.0156222163 -0.00776604144
-0.0188109446 -0.018995272
-0.0337317064 -0.017155461
0.0537537374 0.0295599438
-0.0157597568 0.00296246889
-0.020401584 0.0323900171
-0.0270014163 0.0409403369
0.0111689717 0.0781881958
0.0840920135 0.00794991013
-0.0351642109 -0.0109266089
-0.0312390402 -0.00341410586
-0.0216047987 0.0337968692
-0.000173472668 0.0576484315
-0.0262460411 -0.0509198792
-0.0857030004 -0.0319389477
0.0472210273 0.00882781297
0.0450769514 0.0539246723
-0.0404724777 0.00623531733
0.037324395 -0.00547958771
0.0245196149 0.0214412808
-0.0416884385 -0.00362377265
-0.0387417041 0.0288498402
-0.00506056054 -0.0328505374
-0.0373689793 0.00702201063
-0.014176297 0.0602457859
-0.0418970101 -0.0223161597
-0.0913611501 0.021066688
0.0370497033 0.0751355812
0.0160648283 0.0118199429
-0.0395154245 -0.046592135
0.0346769616 0.00423417147
0.000945582404 -0.0177467521
-0.00149415841 -0.0768454894
0.0567651726 0.0027991184
0.0319587551 -0.00458551152
-0.0402833186 0.00601524115
-0.0296425484 0.0407521203
-0.0304941814 0.0358684696
-0.0456161052 -0.0352011099
0.00881263893 0.0255185217
-0.0264471341 0.000761907373
0.00827787071 -0.0484182425
0.0116441054 0.00180210418
-0.0123232761 0.00629748637
0.0418135338 -0.0412351191
-0.0242725089 0.0252710264
0.00995269045 0.0655929223
-0.0189282484 -0.0299358387
-0.0123180067 -0.0267664976
0.0403475463 -0.0103353374
-0.126284003 -0.0274866726
0.0175989177 0.0335038789
0.0708124712 0.00702326465
0.0236484371 0.0268666465
0.0126330182 -0.0795140713
-0.0330477282 -0.0253231376
0.00798067078 0.00528355828
0.0296972524 -0.0465741679
0.0280626416 0.0155683374
0.0605479069 0.00515655149
0.0623438954 0.039200455
0.0221345723 0.0602279305
0.0152251152 -0.051166825
0.00670508156 0.041439794
-0.0543045588 0.00421145558
-0.0177180227 -0.0246304926
0.0378673635 0.045304399
-0.0937838852 0.054463923
-0.0372966975 -0.00635473104
0.063917771 -0.0317955986
0.068506591 0.00976199936
0.0267984793 0.026040636
0.0436345264 0.0423719324
-0.0510862283 -0.0778994486
-0.0144390687 2.56142521e-05
0.11601305 0.00889240764
0.115198284 -0.0553678907
0.0211969223 0.0389453657
-0.0547902286 -0.0110758813
-0.00742552942 0.0811818987
0.108270206 0.0744490325
-0.0363174602 -0.0203948766
-0.0525287241 0.055317197
0.00170964049 0.0373837575
0.0980798528 -0.00948852487
0.0321978405 0.0631106421
-0.0800461322 0.0802554861
-0.0159816053 0.0819954202
-0.0257310495 0.048750937
0.0355329029 -0.0331718586
-0.00896472204 -0.0229926836
-0.0411542282 0.0236591883
0.0253048949 0.0609560274
-0.140543714 0.00568550033
-0.0535086729 -0.0606956258
0.0490979217 -0.00804076996
0.0230940301 0.0360224694
-0.0417896546 0.0457678661
0.0252523087 -0.000476637884
-0.0124181304 -0.00161469809
-0.0771220699 0.0210036803
0.111578211 0.0232884921
0.0429028794 0.0259689614
0.0118414927 -0.0272978973
0.0715533048 0.00201884634
-0.0509580597 0.00443904102
0.0021093369 -0.0696286187
-0.0162200872 0.00744348718
0.00622188812 -0.0733124018
0.0437166542 -0.0223475471
0.00431276532 0.00986127276
-0.00374629349 0.0558933541
-0.0419615358 0.00761169661
0.0414637811 -0.00550214807
0.0271553192 0.00193459785
0.0195876248 -0.0479239821
0.079942435 -0.0207225569
0.0142446123 0.030901758
0.0180276576 0.0374662951
-0.0290020835 0.0315615386
-0.0797779933 -0.0397031456
0.0357063524 0.0902106464
0.0136505337 -0.0372061804
-0.0442660153 -0.0778368339
0.0251844395 0.030138677
-0.0405136012 -0.0319186933
-0.0484349094 0.0658883229
0.0146488231 0.0281122774
0.00939224195 -0.0133596743
-0.0115523385 -0.00704040704
-0.0666623935 0.0205593836
-0.0147626912 0.0548140332
-0.0105922548 -0.019727407
-0.0751620978 0.0252230968
-0.00484963367 0.0945509449
-0.0347371586 -0.043323528
0.0234755017 -0.0340734497
0.112857915 0.0251826942
0.0678417608 0.012209787
0.0101494072 0.0115867704
-0.00530274026 -0.0145692648
0.0228493251 -0.0392762013
0.0765153915 0.00222677831
-0.0592797361 -0.0465711206
-0.0443911515 -0.0604328811
0.0590803027 0.0324581489
-0.0431227088 0.0170475617
0.00961895101 0.0644880012
-0.023497019 -0.00674079312
0.0266905893 -0.0629740953
0.0530294068 0.0323555544
-0.0500638708 -0.0490998626
0.0477787592 0.00842730049
0.0136489887 -0.00518674683
0.00114477286 0.0289745163
-0.0444852896 0.108764812
-0.0376617424 0.0310236365
-0.0063689691 -0.0174494665
-0.0122278258 -0.0568723865
0.00765987346 -0.0118334768
-0.0398587063 0.0511996932
-0.00853176229 0.0552887768
0.0261965673 0.0451369956
-0.0405097604 -0.0140002742
0.027438689 0.00485792011
0.0290550869 -0.0390580967
-0.0464718044 -0.0235678572
0.0521701276 -0.0610892139
-0.0314985439 -0.0522617437
-0.0932514817 -0.0479519926
0.02152537 -0.0467114337
-0.0246612187 0.0832250863
0.0703963041 -0.00876503531
0.0401778445 -0.016434079
-0.077625908 0.0759829283
-0.0113933608 0.0396559313
0.00891474448 -0.0210330468
0.00939871371 -0.0218200888
-0.131253138 -0.0300079025
-0.0569605343 -0.0578468032
-0.0785000101 -0.0700724125
-0.0100948652 0.0179787222
0.032074485 0.0573659353
-0.0450011976 -0.0506949611
-0.0431699716 -0.00930564664
-0.0315687433 -0.0443692207
-0.0461776964 -0.0337165408
-0.0673916936 0.0406478159
-0.0877023414 -0.0492697135
0.0393410698 0.0208842941
0.0369566865 0.0397361144
-0.0592741407 -0.062137913
0.0194461122 0.0512673296
0.0140041104 0.0148359789
0.00475717057 -0.0280099586
0.0155454036 -0.000655267038
-0.0152460355 0.0402724557
-0.00122992625 0.0633281395
-0.016937675 -0.0221222434
-0.0156180672 -0.045624055
0.0198022276 -0.00357179949
0.00677783648 -0.0417062528
-0.0300700217 -0.102114454
0.02751798 0.0470557623
0.122092053 -0.0167758167
0.0238221083 -0.0393854901
0.0479059517 0.0109412037
0.0150841866 -0.0745587796
-0.0417825393 -0.0608025678
0.0495717525 0.0471818559
-0.0585294887 0.0859071836
0.00825474318 0.0543873347
0.00358423148 -0.0245240629
0.00702639809 0.024415724
0.0714144856 0.0245089773
-0.0857016072 -0.0192831773
0.04990362 -0.0289343316
0.0494006947 0.0588993318
0.00985406153 0.0207914822
0.103698067 -0.0142616509
0.013220273 0.0681235418
0.0274704956 0.0942821279
0.00288130459 0.0261164308
0.0357985124 0.0343007669
-0.0192011241 -0.00799412746
-0.0967191458 -0.00633856375
0.000892019249 -0.0176792983
-0.0722260922 0.014326741
0.0451227278 0.0348764285
0.0343073644 0.0171698797
0.0447969735 -0.0215680748
0.00513925962 -0.0683303177
-0.0169439819 -0.0568942726
0.0100354804 -0.0431447625
-0.0143327694 -0.0238870718
0.0486142263 -0.0289323591
-0.0282368641 0.0188058037
-0.0129626067 0.0561212078
-0.0509018563 -0.0128815826
-0.0404643975 -0.056726817
0.0134805599 0.0355198421
0.015873462 0.0239480007
-0.0087749511 -0.0285301749
-0.0568966269 0.0312993377
0.0304319933 0.0470521227
-0.0442632325 0.0666741803
-0.035724178 -0.0844480768
-0.017908873 -0.127933472
-0.0739901587 0.00768745318
0.0420095921 0.0245317984
-0.0515571572 0.0328202061
-0.0581150465 -0.0366147533
0.0293530077 -0.0450654775
-0.00424050912 0.0255783964
-0.0194952954 -0.0929449648
0.0498101935 -0.00363410241
0.076937139 0.0459175929
-0.0454614088 -0.0882677287
-0.0370884426 -0.00233678031
-0.0362575725 -0.00813702866
-0.00240665744 -0.0559262075
-0.00785112195 -0.00403676741
-0.0508158579 -0.0443313047
-0.00412127376 -0.048629459
-0.0979657471 0.019710293
0.02228738 0.0428767428
0.0285090934 -0.0135919601
-0.0668420196 -0.0991494805
-0.0417994373 -0.024348652
0.00135544501 0.0270659421
0.0245513972 0.0148269152
-0.0389389396 -0.036143478
-0.0304098148 0.00169279694
0.0265793335 0.030902883
0.0750811026 -0.0616721772
-0.0309276748 -0.0201403238
-0.0216011237 -0.0119388867
0.0839602798 -0.102182947
0.0233990438 -0.00667780777
0.0454761349 -0.0444365293
0.0452839509 -0.0675491169
0.0357636511 0.0501677543
-0.0314416476 -0.00690858532
0.0432344973 -0.0214766935
0.045863267 0.00435765041
-0.0618853793 -0.0120735196
-0.0303732883 0.0367202573
0.0246171989 0.010557944
-0.0384851322 -0.0423149392
0.0701833367 -0.0319269001
0.0816049278 0.0328343809
-0.00667349808 0.0507276952
0.126277819 0.0474164411
0.0190848969 0.00222591124
-0.0478532761 -0.0755226761
0.0292727202 0.00577043463
-0.0804105327 -0.00516043231
0.00268798531 -0.021387171
-0.00875385292 0.0302951075
-0.0816364884 0.00877030473
-0.00469314912 -0.0207093377
0.0108290454 0.0473243408
0.0418004207 -0.0400968753
-0.00711839506 -0.00476580625
0.0133873895 0.0253718458
-0.062845476 -0.0313572735
-0.0300418697 -0.0175777487
0.00822372641 -0.00582742412
-0.0146863079 0.0562509224
-0.00798266008 0.0497322157
-0.0128522757 -0.0401088595
0.0654165074 -0.0344066918
-0.0126390466 0.051008787
-0.088744022 0.020348683
-0.0292637106 0.0262466241
0.0393336751 0.0781882033
0.0713456571 0.013012195
0.0209638532 -0.000954027986
-0.0148097295 0.0395921543
-0.0363922976 0.0882095993
-0.0836296231 -0.0164182466
-0.0175028741 -0.036944259
0.0815849081 -0.113117091
0.00664765434 -0.0913939476
0.0413563885 0.0977723897
0.00427044882 -0.0147950621
-0.122386612 0.00292203575
-0.00520563731 0.0493080691
0.0346020088 -0.018167831
-0.00108129892 -0.0117644761
-0.0627530515 0.0194517262
-0.0400783867 -0.0223783832
-0.00984382257 -0.0160658453
0.0889567286 0.0623473115
0.0164118111 0.0428650603
-0.00895759091 -0.0583938621
0.0579861589 -0.000328969094
-0.0719591305 -0.0465141907
0.0209509842 -0.000272532139
-0.0383611098 -0.00434835767
-0.0620701946 -0.0702682957
0.0388491973 -0.0387353525
0.0269052051 -0.0155164246
0.0244370084 0.0354543477
-0.0330445617 -0.0142948981
-0.0305170901 0.0433134623
0.0265736729 0.0766246915
-0.0456531346 0.00396075938
0.0162443686 0.025959827
0.0134770349 0.054654412
0.0229384974 0.0833044499
-0.00714471238 -0.0080611119
-0.0127070863 0.0195469912
-0.0253139809 0.0560807064
-0.00251395442 0.00913275592
0.112092346 0.0757962987
0.00393357826 0.0709832087
-0.0933141187 0.0622847192
-0.00308390311 -0.00223107869
0.00422881823 -0.0258387886
0.061797481 0.0248318538
0.0263174847 -0.00452513387
-0.0398119278 0.0267724302
0.0303221606 -0.0396616124
0.0321451277 -0.0441748947
0.0699117556 -0.0254493449
-0.004671345 -0.0036157805
0.00463191373 0.0617680512
0.0595355891 -0.0225013401
-0.000316369842 -0.0756061152
0.016682921 -0.00961431116
-0.0626118481 -0.0507524125
0.0286843311 -0.0237213224
0.0232695807 -0.0105759595
0.0246695857 0.0162660759
0.0486409813 0.0555988364
0.00358576304 0.0139989536
0.0628128052 0.0181277245
-0.0497817844 -0.0217346661
-0.0515690297 -0.0674012378
0.00856205076 0.0377315618
-0.0408379771 -0.00283735548
-0.00240505976 -0.00222316175
-0.0497420952 0.0580699816
0.0284861606 0.0406645983
0.0664812699 0.0113671683
0.0489100665 -0.0627681985
0.00560833979 -0.0879301429
-0.0105963573 -0.0260718446
0.0688853264 -0.0329326354
0.031997554 -0.049990207
-0.0339973308 0.0235386789
-0.0536105186 -0.0283760764
0.00556596974 -0.0853142291
-0.0182663314 0.0823641196
-0.0379587561 0.054375004
-0.0384865291 0.0501669534
0.0422618389 0.0190593991
0.0526788644 -0.0151963225
-0.0185065735 0.0597795136
0.0515821502 -0.0274258871
0.035360802 -0.00497812824
0.0103825303 -0.0503098033
-0.0558655448 -0.0935451835
-0.0875924751 0.0805862397
0.0512598082 0.0238852408
-0.0753121972 -0.0317982659
-0.0468502156 0.0640460923
-0.0308045745 0.00263490505
-0.00684103649 -0.065137215
0.0461069718 0.0328744873
-0.0333125368 0.0241201483
0.0205350909 -0.0287176929
-0.0492776334 0.00189904473
-0.0801743418 0.055431772
0.0982875749 0.046307791
0.0369709507 -0.0320871882
-0.0227514096 0.0287142359
0.00898236129 -0.0241311323
0.0446041822 -0.0586918071
0.0430509001 0.028539734
-0.0389605314 0.0256649293
0.0109542264 0.0490738042
-0.0244233906 0.0600523055
-0.101466067 -0.00877473224
-0.0032739935 -0.0739705339
0.014848657 -0.0545908883
0.0260730311 0.0545738749
0.00457264064 0.0432403274
0.0353421271 0.0102845784
0.122730784 0.059920691
0.0179227926 -0.0567147061
-0.0913375542 -0.0160945635
-0.0141357156 0.0779879615
0.0181531217 0.0447081514
-0.0242226981 0.0816371664
0.0522170961 0.0116330851
0.025109496 -0.0189169142
0.0386203825 -0.00819310453
0.0411375202 -0.00425541354
-0.0355099328 -0.00505255582
0.0501698032 0.0156155424
0.0617025755 -0.0157374386
-0.0511456877 -0.0563774668
0.0466734655 0.00627280958
0.0255587753 -0.00703755068
-0.0635686591 0.0581147783
-0.0142955016 0.017281469
-0.0666880384 -0.0552442595
-0.0251572859 0.0522212982
-0.00285511906 0.0047483081
-0.002332323 -0.0363827199
-0.0202590004 0.0205229372
-0.0184112638 -0.00199690997
0.0509772934 0.00786955841
0.000487044657 -0.025343908
-0.000408527936 -0.0307681467
0.0335571878 -0.00260038651
-0.0702586547 0.0118210465
0.0161127392 -0.0510905161
0.0390725508 -0.0383020751
0.0104302736 0.020035686
-0.0170041919 0.025759371
0.0204236247 0.0169901587
-0.0666742176 -0.00160155527
-0.0773658082 0.0183617007
-0.0111507801 0.0109403972
-0.00347123062 0.0307917316
-0.0183825828 -0.0265813135
0.0624290071 -0.0412980057
0.0348491408 0.0642947033
-0.0743054897 -0.0415981598
0.0636130869 0.00412877928
0.00240061386 0.0655218214
-0.0269580539 -0.0100631462
0.105371058 0.0526844785
-0.0113510666 0.0287760794
-0.0153961703 0.0892616287
-0.0230125301 0.04541279
0.00606741104 -0.012237398
-0.0374524556 -0.0032736531
-0.0972786844 -0.0346053578
0.00887128711 0.00134045072
-0.0366515554 -0.0112722116
0.0367601216 0.0467383116
0.0471477658 -0.0296418127
0.0437821746 -0.0526802577
0.0550274737 -0.0722013935
0.0218141358 -0.0747128427
0.0569853224 -0.0276968572
0.013951797 -0.0549216866
0.0487560071 -0.030284008
-0.0313741975 -0.0301742889
0.010600294 0.0492323451
-0.0249540173 -0.0265160911
-0.00886258017 -0.0692095757
-0.00554463547 0.00307707652
-0.0090979347 0.00703906221
0.0225762557 -0.0204581656
-0.0681974515 -0.00114963343
0.0338136926 0.078162089
-0.0829792991 0.0320369527
-0.0051139202 -0.072715126
-0.00935325306 -0.00779689103
0.00136458629 -0.021525139
0.00239242963 -0.01023144
0.0148011688 -0.00435254583
-0.013730322 0.00609537167
0.00656504789 0.0229270961
0.00690993108 -0.0227411371
0.0115116853 0.00699838297
-0.0138143227 0.00954619981
0.00157106237 -0.0137344301
-0.0124971122 0.0117878979
-0.00776495459 0.0193677042
0.0158190913 0.00977090746
0.0183845107 0.0022472546
-0.0136844562 -0.00628357287
-0.00145412819 -0.00868478417
0.00067167246 -0.0154977115
-0.0145850824 -0.000494660751
-0.00521398056 -0.00689214747
-0.0164804533 -0.000842000125
0.0076523656 0.00997716282
-0.0137580531 -0.00848532934
0.0225310531 -0.00355112669
-0.0267205853 -0.0323337726
0.0100053679 -0.0087625403
0.0081960205 0.0109449951
-0.00878947973 -0.0109827118
-0.0264523812 -0.000138122923
0.00574263977 -0.0242895074
-0.0219341423 0.0226972867
0.0155074764 0.0113562867
0.000452700275 0.00942591857
2.53008329e-05 -0.00261647371
0.00146156445 0.00140721991
0.00839519873 0.0247466918
-0.00405020639 0.0273173042
0.00875868089 -0.00241463073
0.00856083911 -0.022153547
-0.00499740755 -0.0238003861
0.0160283521 0.00754574174
0.0253702439 -0.00434906734
0.0150877964 0.0146232266
-0.00126724271 0.0212347619
0.0129625108 -0.0178072006
-0.0148539776 -0.0133371446
-0.0133427968 0.00238693925
-0.0143229095 0.00283199595
-0.0069432375 -0.0159500949
0.0133141028 -0.00379429106
-0.0134075852 0.00232690689
-0.00918631162 -0.00656280573
-0.0231360272 -0.00421541044
-0.0116149532 0.00363998301
-0.0271601751 0.00597635936
0.0155252311 -0.012665065
-0.00370283844 0.00581879495
0.0110816518 0.019028943
0.0248378385 -0.0247170851
0.00992560945 -0.0184674896
0.00614502328 -0.00793767534
0.00165352819 0.000397133001
-0.00620447425 -0.00492232339
-0.0366984829 0.0153472647
0.00252457219 -0.000157311646
-0.0100715943 -0.00678039994
-0.0157402791 -0.000441466487
-0.00785533246 -0.00888425391
-0.00254473044 0.0105301077
0.0107358322 -0.00174318254
-0.0192926507 0.019986257
-0.019301692 -0.00376741448
0.0144186271 0.0112679619
0.00459330669 0.0205319021
0.0107421149 0.00734979194
-0.00427943282 -0.00178698346
-0.0228009541 0.00433410471
0.0222659986 -0.0108563947
0.0165886637 0.0131593663
-0.00666238135 -0.0162996575
0.00805215817 -0.0103413099
0.0145475669 0.011442801
0.0412887894 -0.0148356352
0.0141252317 0.0230832063
0.00977267604 -0.00692046294
-0.00311566447 -0.00219279388
-0.00466928957 -0.0132470233
-0.00547808735 0.0225215517
-0.0134335868 0.0151779745
0.00712555507 0.0137378061
0.00225424906 -0.000306407048
-0.00317086279 -0.00236447295
-0.0149899181 -0.00371488347
0.00103603094 0.00385092408
-0.00701247808 0.00910955574
0.0018329483 0.0211790036
-0.015306877 0.00313358638
0.0119861113 -0.00594205176
0.00164997322 -0.0156058567
0.0273632221 0.0133445784
-0.00780261913 -0.0184637904
0.0254983716 0.0261317492
0.0463151075 -0.00223618769
-0.00343601895 0.015825199
0.0319338962 0.00298664812
0.0146171879 0.0177769754
-0.0205598418 0.0102576269
-0.00931560714 0.00617135875
0.020773178 -0.0175070986
0.00340419775 0.0108780935
0.016224334 -0.0061333566
0.00806091912 -0.000751185813
0.0240245219 0.00063125795
-0.00131109811 -0.00532296998
-0.0124264555 -0.0127834482
-0.0128379222 0.0154254474
0.000946823973 -0.000644938205
-0.0110843377 -0.00819663703
-0.00127696001 0.0085358927
-0.000721735763 -0.00588700362
-0.00708012749 0.0139244832
0.00306385825 -0.0107018435
-0.0071320273 0.0089557441
0.0148556838 0.0077416366
0.0054456098 -0.011149114
0.0164444353 -0.012924768
-0.0223128591 0.00310446043
-0.000782537798 0.00950690079
-0.00236256956 -0.0161389392
-0.038439624 0.0349105038
0.0363238826 -0.0118456949
-0.0136929723 -0.0237433352
0.00932724588 0.0187468398
0.0167009737 -0.014441614
0.0196086895 -0.000789158221
-0.00370354345 -0.00827299803
-0.0455820523 0.024038773
0.00859232154 0.00971485861
-0.00114033208 0.00253007258
0.00932495855 0.00867232215
-0.00265252707 0.00517746154
0.0191975664 0.0094088465
-0.00227991515 0.0439392254
-0.00474340888 0.00169297494
0.0341049805 0.0198889691
-0.00788536016 -0.000901440915
-0.0330467373 -0.00139221933
0.00303306966 0.000754696026
0.00953527819 -0.00192437111
0.0168843791 -0.0232098158
-0.00993781816 0.0100060012
0.0079657631 -0.0243158564
-0.0120565016 0.00030141513
-0.00845341757 0.0115169799
0.00519509148 0.024071442
-0.00277018035 -0.0144197587
0.00564248208 0.0253035612
0.00149977463 -0.0139496867
0.00406721607 -0.00433554268
-0.00582091091 0.00716401357
0.0153481504 0.0148733752
0.00505534001 -0.00620771293
-0.00959161203 -0.00530299451
0.00627462333 -0.00987135619
0.0186318234 0.00549762091
0.00291306339 0.00889047794
-0.0119535886 -0.0120826298
-0.0150954677 0.0142809963
-0.0102926036 -0.0164783411
0.021299012 0.00557371089
-0.00115842291 0.0172409471
0.00937961787 0.0188911222
0.0116614401 0.00868888665
-0.0118712215 0.0250446275
0.0233115144 -0.0148020871
0.00361929811 -0.0141901877
0.000698788848 0.0175198168
-0.0291821826 -0.00738420291
0.00702962978 -0.0246656705
-0.00351673388 -0.00751680043
-0.0152469818 0.0112450644
-0.00640463503 0.032188274
-0.0256155431 0.0178287961
0.00203199242 -0.0183042418
-0.0354153775 -0.0165032279
-0.00916365907 0.0178717822
-0.00662144693 -0.0134471552
0.0236745477 0.0135449981
-0.000321865606 0.0105511826
0.00629047723 0.0104118828
-0.0447497927 -0.00741882576
0.00169855414 -0.0261789747
-0.0215456355 0.00793568045
0.0171227399 0.0121976584
0.0204687975 -0.0144874733
0.00903529301 -0.0210964438
-0.00248392881 0.0149043268
0.0115573676 -0.0292691123
0.00450347643 -0.0161961243
0.00191503274 0.0245453082
0.0173929203 -0.0231004544
