0.00213958183 0.00264894916
0.000835916959 0.0045581297
-0.000226524789 0.000922400155
-0.0089611169 -0.00184324733
0.00165903661 0.00196945341
-0.00823283754 0.00161103217
0.00349416328 0.0033681083
0.00236636167 -0.00266242959
0.00318789505 0.00226869644
0.00328477309 -0.00757658063
0.00111135805 0.00351605541
-0.00206652121 -0.000195328175
-0.00125553994 0.00461272011
0.00581358001 0.00120425166
-0.00232010335 0.00396689633
-0.000982197933 0.00542334374
-0.00271263532 -0.00457104202
-0.00189257471 -0.00518466905
-0.0012598238 0.00334980222
0.00094874535 0.00187244418
-0.00105312781 -0.00340635516
-0.00131035049 -0.002399144
-0.00231706654 -0.00256121461
0.000282958033 0.00225352217
-0.00506310444 -0.00466177613
0.000369352172 -0.00545619614
0.00512188813 -0.00166513794
-0.00285042007 -0.00353077473
-0.000242824739 0.00195437646
0.0108348345 0.00187741651
-0.00368009624 -0.00438203244
-0.0063535017 0.00209261011
-0.00175698299 0.00267608021
0.00702377316 -0.000745513593
0.00799567997 -0.00284032291
-0.00446152873 -0.00570771936
0.00215557939 0.00116348162
-0.000210377097 0.00501530059
-0.00246522436 0.00401542895
-0.00758692576 0.00112436351
0.00343067059 0.010918715
-0.003089356 -0.00482065836
0.000997718307 0.00310441013
0.000455065339 -0.00261126435
0.00713102659 0.00207104161
0.00467878487 -0.00224329089
-0.00439098198 -0.00148800726
-0.00117026921 0.00266425265
0.00430390425 -0.00487031555
-0.00501173455 -0.00253577065
-0.00125815754 -0.00426081661
0.000818103668 0.00101660832
-0.00635095406 0.00139982987
-0.00492915977 0.0021685625
-0.00617076969 -0.00653613964
0.00149204442 -0.00561722228
-0.00223221374 0.000807407079
0.00353960041 0.000863401394
0.000707148225 -0.00373035157
0.00216353335 0.00074997003
-0.000396609685 0.000977942836
0.00303664827 -0.00160836475
-0.00125531701 0.0112105208
-0.00353029836 -0.00360765122
0.0042360262 0.00447444245
0.00376584614 0.000452266482
0.00870827027 0.00106401695
-0.000252578524 -0.00363085303
-0.00210212567 -0.00177312421
-0.00548523199 -0.00154249964
-0.0147123169 -0.00310754217
-0.00521297334 0.00153218815
0.0016282273 0.00295504485
-0.00345354504 0.000169343039
-0.010236742 0.00176209235
0.00242926436 -0.000725786784
-0.00200268067 -0.00315786386
-0.00112728938 -0.00290212105
-0.00132437365 -0.00366376177
-0.000336428231 -0.00192219357
0.00197361619 -0.00131948222
-0.00680765184 0.000667938788
-0.00072014099 -0.00161075848
-0.00237861951 0.00392862782
0.00404939847 0.00357688428
-0.0039293482 -0.000919455488
0.00679246383 -0.00401013345
0.0023299437 0.000325843575
0.00616048789 0.00146831083
-0.00299589802 0.00232696882
0.00278171897 0.0031937887
0.00117567379 0.00211638189
-0.0059569627 0.00112915959
-0.00133674731 0.00280138548
-0.00253919116 0.00670408411
-0.00376629108 3.77727956e-05
-0.00279084034 -0.00169401325
-0.00637521176 0.00641623605
-0.00211774767 0.0024654069
0.00166487624 -0.002973984
-0.00301149138 -0.000188699996
-0.00577355642 -0.00255435915
0.00333331618 0.00588954333
-0.0010130842 -0.00340320519
0.000378699653 -0.00211784965
-0.000395612849 -0.00398743758
-0.00127982895 -0.00631956523
0.00188710773 0.00348481396
-0.000871696277 -0.00896881986
-0.000190326697 0.00224738335
-0.00532579469 -0.00230767136
-0.00687874155 0.00351665495
-0.00140519789 -0.000836110557
0.00659865048 0.00617593247
-0.000102642363 0.00575591112
0.00651226472 0.00732453912
0.00135658646 0.00286054215
0.00136966445 0.00278191129
-0.00266666221 0.00265352288
0.00106639857 -0.00784613192
0.00568768242 0.00886781607
0.00456568645 0.000459282601
-0.00230151252 -0.000977804535
-0.0020034581 0.0010892452
0.00473458692 0.00324265799
-0.00201223418 -1.42916342e-05
0.00397732202 -0.00242210878
-0.00319346157 -0.00233680545
0.00163058797 0.00523009524
0.00572476583 0.0015793693
0.0034007316 -0.000808221172
0.00142902485 -0.0029308896
0.00116067205 -0.00373583823
-1.91288145e-05 -0.00189623714
-0.000304684392 0.00129130983
0.00450576842 0.000695472234
0.0053420607 -0.0048483545
0.0021710787 -0.0033667332
-0.00352118048 -0.00829966739
-0.00193748926 -0.000613439595
0.000704934995 0.00266468059
-5.81975073e-05 0.00148964266
-0.00623899372 0.00526175927
0.00283738831 -0.00129412359
0.00869483501 0.00848044828
-0.00387728936 -0.00523851672
8.85244226e-05 0.000895113917
0.00645340513 -0.000471524341
-0.00164934131 4.55883201e-05
-0.00197619502 0.00201515644
0.00118913304 -0.00280407723
0.00357672246 -0.00717976969
-0.000868948875 -0.00397034828
0.00415091822 -0.00154724391
-0.0065791388 -0.00481758919
0.00130040187 0.00665215822
0.00173499947 -0.00145675731
2.77497435e-07 -0.00321085565
0.000960116507 0.00288511417
-2.2634209e-05 0.00106948509
0.00535719469 -0.000571799406
-0.00132612407 -0.00247189333
-0.00049408467 0.00164142658
-0.00547992159 2.15575492e-05
-0.00479088351 0.00172295899
-0.00127894233 0.00159558025
-0.00496935192 -0.00568894576
-0.00382134714 0.00228357804
-0.00363344443 -0.00767683331
-0.000555495266 -0.00663043512
0.00187623629 -0.0066698133
0.00398967462 -0.00121588621
-0.0088779619 0.00561381923
-0.000650370086 -0.000659608864
0.00328913191 0.000629747869
0.00551185058 -0.000225055104
0.00428505288 0.00584247429
-0.00377945602 -0.0086132111
-0.00218294002 0.00067668251
0.00161989068 0.00275751785
0.00227913237 0.00641939975
0.00106745167 0.000224252915
0.00125549128 -0.000890424708
0.00125122396 -0.00129067386
-0.0013991968 -0.00716374582
0.000891061209 -0.0010860397
0.00303853513 0.000801565591
-0.00166102918 0.00134618557
0.00375557342 0.00384637783
-0.00941805262 -0.00794080179
-0.000249215373 -0.00441543385
0.00608996814 0.00280595385
0.0045170472 -0.00434369128
0.00374988699 0.00826692116
0.00194660213 -0.00562519953
-0.0042446102 -0.00188308256
-0.0011093244 -0.00376397767
0.00511045149 0.0038630385
-0.00617281906 -0.00461756205
-0.00375901186 -0.000167206977
-0.0423012748 -0.0402863137
-0.032591898 0.00221457728
-0.0112365317 -0.0448256731
0.0289380904 -0.00392175326
-0.0256000068 0.0643139035
-0.0220570732 -0.0767884701
0.0525130853 -0.00977910496
0.0429782346 0.0123112639
0.058036834 -0.0466704741
-0.0227851961 0.00694951927
-0.0385654196 -0.0187307894
0.0139898565 -0.0136178285
0.0408634096 -0.0388571769
0.00360432314 0.0433078595
0.0515302345 0.0359817185
-0.019839298 -0.0102180587
0.00164905121 0.0227915607
-0.0123166433 0.0494679697
0.0114235943 0.0342434496
-0.0106874295 0.00455970038
0.000605108275 -0.0387020521
0.00135053089 0.0918126255
0.00583565608 0.0319517665
-0.00575787062 0.0252208561
-0.0326446407 0.0124149444
0.00704845367 0.0264666583
0.0712845922 -0.00912383106
-0.0616639219 0.0378708318
0.000178205912 0.0139222126
0.00199114485 -0.00358915515
0.0422364622 0.0254591573
0.000439765601 -0.0202827472
-0.0178001467 -0.00620066281
0.0218015742 0.0183295906
-0.0637414604 0.00827010535
-0.0832489431 0.0161926318
0.0177666098 -0.0128797153
0.0169559382 -0.0324173234
0.0213054344 0.0207205433
-0.0104360739 0.0154054649
0.00313222269 -0.000128557062
0.0418594144 0.034679763
0.0122959558 -0.00166441943
0.0185909253 -0.0150846383
-0.0125086326 -0.0395068936
0.0169154145 0.0346639715
0.0239664111 0.00489677629
0.0133414436 -0.0304428171
-0.031945888 -0.0368476175
0.00904188398 0.0233451128
-0.00254844734 -0.00169725122
-0.0210765749 -0.0175334662
0.0274613518 0.047942251
-0.0387754701 0.0019913225
-0.0197571982 -0.0304776505
0.0140175214 0.0262369532
-0.0170817524 -0.053183645
-0.0267726779 -0.00209662644
0.0527243391 -0.0429790951
0.0239196215 -0.0285063386
-0.0190067049 -0.0409158096
-0.00887363125 -0.00484057283
-0.0163460113 0.017049782
-0.0661198422 0.0420155637
0.027703898 0.0111830113
0.0100684352 0.0280561615
0.00574253546 -0.0148126483
-0.0646962076 -0.0550684892
-0.00836344156 -0.0185994394
-0.02982058 -0.0192908309
0.00529379072 0.00710065383
0.0712288544 0.0274693891
-0.0548420921 0.0252314564
0.00537986727 -0.0557209328
-0.0502000004 0.0610432737
0.00679964153 -0.0449569523
-0.0531182922 -0.0385913067
-0.0253831893 0.00367750111
-0.0259371474 0.105377831
-0.00145860296 0.0182018895
0.0187489782 -0.00242760056
-0.0391158909 -0.0111601595
0.0223590005 0.041140005
-0.0586944744 0.0359915346
0.054793939 0.0401837826
-0.00231171213 0.013837751
-0.0240536276 0.0496727116
-0.00962575432 -0.0164883919
-0.00373396603 -0.0318023674
-0.00797653012 -0.0355253369
-0.0284202006 -0.00300178886
-0.0110575138 -0.0537611693
0.0195572283 -0.0123960432
-0.0435898826 -0.0277999304
-0.0408415496 -0.0161141679
-0.0106449975 0.0325472988
0.01782226 -0.000679687422
0.00888861716 -0.0492170788
0.0359618664 -0.00817322452
0.0571655557 0.0272358749
-0.0434385985 0.0318013281
-0.0216392241 0.034314286
-0.0129165296 -0.0363464393
-0.0731735453 0.00549656106
-0.0428473875 -0.00736871501
-0.0197370742 0.0285748094
-0.0223444346 -0.00888723601
0.00969174504 0.0139604406
-0.00985646993 0.0158145782
0.0389980711 0.0151005005
0.0064602471 0.0100240232
0.0300275367 0.00628974522
0.0178624298 -0.0459414572
-0.0496272296 -0.00536675006
0.0164248776 0.0198322721
-0.0212644339 0.0178097039
0.0117646577 0.0554350875
0.0057358332 -0.0168857146
0.0236292556 -0.0238274671
0.0305738673 0.0178163741
0.00881778356 -0.0359857269
-0.010234029 -0.00129609602
-0.0022463121 -0.0411885343
-0.00115982839 -0.000160840122
-0.00853540003 -0.0276921578
-0.00459852023 -0.00798351225
0.00730002113 0.0455506295
-0.0191422496 0.0415828712
-0.0310235359 -0.0413796715
-0.0280255768 -0.000708703359
-0.00160670502 -0.046560321
0.0343284197 0.00807083026
-0.0359292664 0.0644745603
-0.0207876787 -0.0772205517
0.0552198477 0.00434432458
0.0406384282 0.0226522759
0.0660838559 -0.0381660834
-0.0129537806 -0.00216899766
-0.0453926176 -0.024611013
0.0111799901 -0.0150035983
0.0493019335 -0.0365704186
0.00393753778 0.039733354
0.0420379788 0.0438663922
-0.0134053538 -0.00595845934
0.00404917961 0.0210728999
-0.0143615548 0.052419018
0.00541909412 0.0407822989
-0.0241529588 0.00959479716
0.00314420066 -0.0429900549
-0.0211948343 0.0856964812
-0.00325949304 0.0291093849
-0.0123798987 0.0284067411
-0.0417904407 0.0154538667
0.00276663713 0.0347515903
0.071178861 -0.00511435093
-0.0640371069 0.0244114902
-0.00712618791 0.00811518263
0.00824207254 -0.00465403032
0.0386881232 0.0306312591
0.00537322788 -0.0217967145
-0.0167337451 -0.0110879233
0.0151915532 0.0152029637
-0.0631815642 0.00195566169
-0.0907038003 0.0110916309
0.0107861152 -0.0052261604
0.0250950996 -0.0313876271
0.0260286368 0.0173927546
-0.00518252049 0.00844302401
0.00305876834 0.0132963499
0.0349161252 0.0401932634
0.00563589577 0.00277181808
0.02513244 -0.0145686576
-0.0108414795 -0.0332185924
0.00757078407 0.0349042602
0.0156308096 -0.00306154508
0.0132062305 -0.0210222956
-0.0251955781 -0.0461385027
0.0121515756 0.0246954262
-0.0141764013 -0.0100449156
-0.018052401 -0.0211784448
0.0158294532 0.046810329
-0.0402607024 -0.0121718459
-0.011926108 -0.0255296603
0.00329068699 0.0266943071
-0.0152659193 -0.0520182513
-0.023143759 -0.0041954089
0.0587254055 -0.0315221958
0.031717103 -0.020661775
-0.00888230652 -0.0396454409
-0.0123193087 -0.00213893992
-0.0168230738 0.0207566712
-0.0806339756 0.0287477393
0.022542784 0.0160549358
0.0126773128 0.0258008875
0.0179616548 -0.0110349478
-0.0529620126 -0.0714157671
-0.00849603489 -0.014005973
-0.0302496944 -0.0191621147
0.00770163769 0.00198185188
0.0523158535 0.0386130325
-0.0625619814 0.0230280589
0.0216703713 -0.0569487289
-0.0665809736 0.0526552685
0.0126680797 -0.0406458899
-0.0392470397 -0.0499478802
-0.0191171784 -0.00238607218
-0.045720011 0.0950896591
-0.00899806991 0.016681971
0.0215657856 -0.00976433419
-0.0419549979 -0.023232352
0.0122103002 0.0339040868
-0.0718592629 0.0271861572
0.0438288338 0.0425998159
0.00281655416 0.0140415598
-0.0284278356 0.0445593223
-0.00781537406 -0.0169858225
-0.000228808261 -0.0331603214
-0.00549517106 -0.0437577181
-0.01804493 0.011154471
0.00273500453 -0.0584726632
0.0111709461 -0.00737788528
-0.0410372503 -0.0271867812
-0.0354310311 -0.0164973997
-0.0247813351 0.033356674
0.0132562816 -0.00819835719
0.013184309 -0.0416014567
0.0339358747 0.0036401269
0.0503379479 0.0315716416
-0.0460176691 0.0308366865
-0.0350949466 0.0445634015
0.00303904363 -0.0386799201
-0.0812635273 -0.00670286128
-0.0461265258 -0.0165508706
-0.0265439507 0.022654403
-0.0203170683 -0.0118762786
0.00816117227 0.0125009967
-0.00923814252 0.0205595586
0.0303195324 0.0204667933
0.00780724734 0.012131473
0.0300150048 0.0140563007
0.0295297578 -0.0347986184
-0.0462681465 -0.00682878727
0.0172497127 0.0385610163
-0.0336921662 0.0147542227
0.00170866807 0.0553226247
0.0131715368 -0.0162756406
0.0270935316 -0.015985813
0.032087151 0.0280866697
0.019239245 -0.0403888486
-0.00452927826 -0.00893158466
0.00388672552 -0.0443769842
0.00232472736 0.000172035943
-0.00046102528 -0.0200893134
-0.00670180889 0.000562544796
0.00312786712 0.0363032669
-0.0253748167 0.0361189172
-0.000770039915 -0.0202547796
-0.0109174857 0.0357689671
-0.00803675968 -0.0144132292
0.0255912691 -0.0232935343
0.0712879226 0.0161231924
-0.0060244347 -0.0500375256
-0.0798203945 -0.0513673685
0.0574713275 0.0502842069
0.0166051425 -0.0171579923
-0.0239883661 -0.0887387097
0.0259401742 0.0352347009
-0.0256654713 0.0628855228
0.0222092494 0.000306875649
0.00230776099 -0.0294407122
-0.0295248069 0.00488991523
-0.00976254884 0.0230117571
0.0304997526 -0.0327041373
0.0461157188 0.0291535184
-0.0102336518 0.0182539076
-0.024585858 -0.00307108276
-0.0156384427 -0.00740023982
-0.0025897189 -0.0165285077
0.014607545 -0.0375908948
0.0468840413 -0.0672597364
0.0698152557 0.0241527725
-0.000957797922 -0.0139679909
-0.00819315389 -0.000342209503
-0.00999326631 0.0555764623
0.0387092978 0.0131312516
0.0138171818 0.0553418547
-0.010361596 -0.0123863118
0.0170205589 0.0465164408
1.18005837e-05 0.0852551609
0.0141965905 0.0235119481
-0.0351839811 0.0802265629
-0.0599902347 -0.0214993358
0.00666377135 -0.0754321963
0.0489409193 0.00797928125
0.0287754424 0.0352423936
0.00388735882 0.0553740896
0.059010487 0.0570750423
0.0410057381 -0.0366150811
-0.0150675699 -0.0651365072
-0.00353459315 -0.0257200599
-0.0228454024 -0.0449977368
-0.0153075904 0.00946852844
-0.0220879968 0.00144379737
0.0115045691 -0.0589137003
0.0803384334 -0.00892385002
-0.0294869486 0.00457602972
-0.0282793716 -0.0593688339
0.0249145292 -0.0895243362
-0.0387727469 0.0250982493
0.0451573096 0.0527218431
0.0202269871 0.0127591323
0.0322954319 0.050975576
0.0606299341 -0.0180033762
-0.100256756 0.0348144025
0.0143273771 0.0142643759
0.144976646 -0.0409216322
-0.0164310671 0.021075394
-0.0772835463 0.0245037749
-0.0437325314 -0.0324108116
0.0074908766 -0.0467014462
0.138487488 -0.0111846309
0.0346850865 0.0053185015
-0.0542742386 0.0455006994
0.044184152 0.0163467992
0.0131588653 0.0168955289
0.0319253504 0.0637113228
0.0387302376 -0.0314796194
0.0402215011 0.00345974695
0.0880549252 0.0395587832
-0.000715500966 0.0119113103
-0.0411032699 -0.0348324962
0.0243255328 -0.00482867099
0.0763894916 0.0207856409
0.075018324 -0.0762368962
0.0331755616 -0.0197394416
0.0011689855 0.0166523233
-0.00873364136 -0.0204718709
-0.0295126773 -0.0557650551
0.00065693137 0.0332238153
-0.0425255857 0.0703200623
-0.034307953 -0.0648135766
0.0562793724 0.0219664853
-0.0384810232 0.00263542193
-0.0703878999 -0.0209674146
-0.0657927468 -0.0250993222
-0.0473702177 0.00250552595
0.0705343038 0.108814508
0.0124991965 0.0219600238
0.00903278682 0.0156889409
-0.000496223976 0.000785137643
-0.0653355196 0.0308584236
0.0229745898 0.0398185812
0.00104135962 -0.0764298588
-0.0119598592 0.0077363234
0.0552280918 0.0665916428
0.022521494 -0.0015587149
0.0487674475 -0.0233100969
0.00851776171 0.0166465081
-0.0170479622 -0.0300386697
0.0180027075 0.0518936589
-0.0714090466 0.0917917043
-0.091113396 -0.0400670543
-0.0400269181 0.0316498764
-0.0192503873 -0.0101110814
-0.0175324604 -0.0336649902
-0.0198166817 0.0211155452
-0.0348695293 -0.0134787718
-0.0606198199 -0.0214310419
-0.0350918993 -0.0474525355
-0.0502971672 -0.0792868137
0.000849421427 -0.0332278311
-0.0117791342 0.096957311
0.0430301838 0.073318243
0.0539572127 0.0106197353
0.032910917 0.0425946228
0.0563922375 0.0311532393
-0.0209683366 -0.0315852426
0.0777434707 -0.0917701498
-0.0284998901 -0.0359298363
-0.0853742808 -0.0340564176
0.040194355 -0.0136485919
-0.0643680319 0.0656029433
0.0378634147 0.00300565828
-0.036460802 -0.000869129901
-0.0045434013 -0.00337900058
0.0555551574 -0.088044934
-0.0651216656 0.019963868
0.072258763 0.0790787414
0.083969824 -0.050121773
0.0749417245 -0.01043336
-0.0389655158 0.00716241123
-0.0770579278 -0.0384869166
-0.054695528 0.00126979558
-0.0826276243 0.014222105
0.0178497564 -0.045303382
-0.0326690823 -0.0569780394
0.0450429283 0.0162859522
-0.0143402331 -0.0398899466
-0.047736343 0.0218302794
0.0437574647 0.0738076717
-0.0489451848 -0.0382854007
-0.0238052867 -0.0567452759
-0.0489536263 -0.0514207892
-0.0505541079 -0.0448741131
0.00886572804 -0.0473482758
0.00134391256 -0.0175620373
0.0544520132 -0.00765333977
0.0481257066 -0.0505964197
-0.0647180825 -0.0261838939
0.000449057261 -0.0191890728
0.0528329313 -0.033002194
-0.103661269 -0.0169150624
-0.0629707128 0.0537428819
-0.0100977561 0.0600582398
-0.0215065777 -0.0295015164
0.0270370264 0.00246395753
0.0368678942 0.0712126642
-0.00569647877 0.0273733027
-0.0583165213 0.0357783064
-0.00737103214 0.0573807806
-0.0191723295 0.0299810246
0.00757183181 0.0479382984
-0.0327530503 -0.00810408406
-0.0307228398 -0.0195071567
0.0119104395 -0.00848807953
-0.0666005537 -0.00731975632
0.0097470386 0.00872807857
0.011276247 0.0342025794
0.00081951567 0.0485594571
0.00421119807 -0.0296293162
-0.0414632894 0.0244998988
0.0160201825 0.0229283329
0.0362246037 -0.0909405947
0.0101390118 -0.0360103808
-0.0295048133 -0.0400307961
0.0291236155 -0.0515998788
0.02227333 0.0120675024
0.0272083655 0.0398551896
0.0235441737 -0.00763329165
-0.0400547162 -0.00944259111
-0.0012084404 0.0122994762
-0.00627692323 -0.00614958582
-0.0351600759 0.00725831371
-0.0244914275 -0.0100453021
-0.000644221611 0.00594916148
0.0203444231 -0.0559451468
0.0239871126 -0.0277483258
0.0103037478 0.013767669
0.0165423546 0.00137098774
-0.021904964 -0.0469777025
-0.0162325241 -0.0456222817
0.0381072909 0.0297329556
0.0258216802 -0.0348903276
0.0404815674 0.05449434
-0.0247977003 0.0333865061
-0.0183458775 -0.0646947771
0.0376690142 0.0308455098
-0.0614382885 -0.00104423915
0.0052297134 0.0160024315
-0.0102918204 0.0141090555
-0.0192705169 -0.029087171
0.0428131558 -0.027092604
-0.00239962921 -0.0153785525
0.0289843772 0.0067563816
-0.0426666029 -0.00525239669
-0.0331288464 0.0327016078
0.107222468 0.0259194486
0.0391402468 -0.0359711461
-0.00583029212 -0.0654828176
0.0697611645 0.0259764902
0.0834379569 0.0123496447
0.0350740887 -0.0514527708
-0.0256839525 -0.00950913504
-0.00783707574 -0.0165443011
-0.0341498144 -0.0329455137
-0.0210943893 -0.0113868453
0.0196546242 0.0651986003
-0.0348169543 0.00581547758
-0.0078740716 -0.0183381643
-0.0373791121 -0.0405570418
-0.0194052644 -0.047846213
0.0695931092 0.0996511579
-0.0342084169 -0.0251688659
0.0356356315 -0.0348186009
0.0280691683 -0.0155391218
-0.00052517571 -0.0211363193
0.0475410335 0.0564693697
0.00236204918 -0.0455416813
-0.0285041071 -0.0340937674
-0.0488231145 -0.0168820377
0.056572862 -0.0289530177
-0.0158067886 -0.000169425446
-0.0792837888 -0.00850959588
0.0677496865 0.0482495315
-0.00849695131 0.058110524
-0.0141190188 0.0623337105
0.0642306581 0.0616702512
-0.0151213417 -0.0125616165
-0.0735283569 -0.0233884305
-0.0141953314 0.03047809
-0.00288618961 0.0536784008
-0.0761573464 0.0393861271
-0.0594408177 -0.0477403514
-0.0336420313 -0.0284738354
0.00974239409 0.049340114
-0.000378667231 0.0491000488
-0.00546266139 0.0319400206
0.0482105389 -0.0308645014
-0.0322241411 -0.018993672
-0.0136165172 0.0564120449
-0.0577749759 0.052563902
-0.0954551548 -0.0183737706
-0.000537281332 -0.0191420317
-0.0140687795 0.0295848642
-0.00392081123 -0.0120577011
0.0279859118 -0.00417393632
0.0588944033 0.033917971
0.0210682265 -0.0473871529
-0.0556041896 -0.0675304309
0.0372394249 0.0675344095
0.0157090109 -0.0140110934
-0.00601957366 -0.0986327007
0.0112176379 0.0437497124
-0.031392809 0.0487127155
0.017855037 0.00534590101
0.00704478286 -0.0372260213
-0.02742186 -0.00404300028
-0.00871560536 0.017851321
0.046069853 -0.0252285004
0.0379775576 0.0442141853
-0.0231817514 0.00478779525
-0.0168587342 -0.00613099523
-0.0143530443 -0.00631019752
0.0129147368 -0.0146693094
0.0223335344 -0.0344552323
0.069851324 -0.0401336551
0.0566779412 0.0424266942
0.00721855508 -0.0181133635
-0.00967369135 -0.00772422319
-0.0201358236 0.0477936603
0.0314639062 0.0246644709
-0.00260887993 0.0647207797
-0.0100649707 -0.0140161272
0.00266515068 0.0537606366
-0.0384152532 -0.00214670389
0.0149868038 0.0208299998
-0.0467587374 -0.0538684465
-0.0935219005 -0.0490229875
0.0230977908 0.0466070771
0.0655389652 0.0369176231
-0.0017204677 -0.0627938956
0.025504915 -0.0249854159
-0.0256739631 0.0268052965
-0.025165379 -0.0496632233
-0.00195872551 -0.030214021
0.0433132574 0.0103887925
0.00215140707 0.0755626932
-0.0502065867 0.0277921278
-0.0100028198 -0.0685220659
-0.0192316771 -0.0539317504
0.0736094192 -0.0228846706
0.0165820736 0.00863809697
0.0267867632 -0.00865411758
0.049124416 0.0799600407
-0.021902401 0.0186895803
0.0842248574 -0.051592987
-0.0469063222 0.078311421
-0.0554732159 0.0159282796
-0.0112165166 0.0397438556
-0.0164669994 0.0101049915
0.0346125662 -0.0125885596
0.0124003291 0.0440274365
0.0282688234 -0.0172305331
-0.0617998466 -0.00257700612
-0.0291119218 0.0171788596
0.0335187912 -0.0127597656
-0.0233846437 -0.0331138
-0.0229840968 0.0279607549
0.0211735778 -0.0130973794
0.0286487639 -0.0583476573
-0.0217048302 0.0271288883
0.0353024639 0.0265125576
-0.0203525908 0.0240230095
0.0219353866 -0.00616830122
0.032138098 0.00354620581
0.0254516751 -0.0538748167
0.0916568264 -0.0179990679
-0.0817137435 0.0615347698
0.0192659032 -0.0127254939
0.0646949783 0.073737748
-0.0193686876 0.0189500172
0.00111155747 0.00959735177
-0.0453732722 0.0607635863
-0.0339374952 -0.0404568054
-0.0574013367 -0.028064575
0.0417359173 -0.0403021052
0.0740283132 0.020088071
-0.007378879 0.0342607871
-0.0265744384 -0.00436548749
-0.0259583741 -0.0370695032
0.0216583554 -0.0130627947
-0.0300152563 0.0144325756
-0.0650684834 -0.0300850682
0.0219197497 0.0732166618
0.0283425003 0.0368529968
-0.0195896532 -0.107530914
-0.0354642607 -0.0591419786
0.0170166232 0.00697575556
0.00324693578 -0.0332642645
-0.0229176376 -0.0352887698
0.0216739532 0.0283029806
0.00371107669 -0.0592813008
-0.0266820174 0.026362583
0.0689851046 0.142980456
0.0459527522 0.0103209745
0.0201305654 -0.0274398681
0.0645861477 0.00388699793
0.00691353576 -0.0539125204
0.00131983508 0.0121692903
-0.0107092857 0.0746917874
0.0341994949 0.0269835498
0.0936327726 0.0255274046
0.0387393758 -0.0327829681
0.033599861 0.000110492045
0.0173311494 0.0673034787
-0.0104490351 0.0288782977
0.0656946972 0.0229279008
-0.00598425511 -0.015289952
-0.0354018137 -0.028398091
0.0359237567 0.0070855692
0.0279583093 0.0426912978
0.0900520608 0.028686326
-0.000205368779 0.0200139508
-0.0335689597 -0.0117168147
0.0684977323 -0.0615382008
-0.0220206026 -0.0382337049
-0.0389936976 -0.0841414332
-0.00832406338 -0.0145244813
-0.0055226367 0.0513389148
-0.0135304835 0.0266457293
-0.0440882966 -0.00291002868
0.00334759918 0.0415354446
0.0170695111 0.0146511672
-0.0367755666 -0.0374879837
0.0164640471 -0.0224462822
0.0347530469 -0.0674156621
-0.0470378213 0.0576105602
0.0106643708 0.0667749271
-0.0270574335 -0.0828714967
-0.0768819302 0.00751536712
-0.0335915051 -0.0108211217
-0.0636310503 -0.00340566947
-0.0485894643 -0.00548111834
-0.0248140208 -0.0181523543
-0.0107666245 0.0764846653
0.0128882471 -0.0251525007
0.0744939223 -0.0749580637
0.0248220749 0.0263286345
-0.0181346796 -0.00444388436
0.0446433984 -0.0717042312
0.00670334324 0.0256876666
-0.0100616543 0.0448447764
-0.0237760562 -0.0077555608
-0.0263502691 0.035641782
-0.0332481079 -0.0526332669
-0.0180426836 -0.0277893972
0.0182017107 0.0723407716
-0.0714241266 0.0182207413
-0.0351483859 -0.0159215163
-0.024456244 -0.0025269289
-0.00717867119 0.0348407887
-0.057124082 -0.0345066115
-0.0734848082 -0.102251299
0.0182373431 -0.0336312652
0.0162198264 0.0108272927
0.0630175248 -0.0241890959
-0.0544103719 -0.0122765368
-0.0123860836 0.00491455616
0.0714986622 0.0506605245
-0.0333361775 0.0775105879
-0.0467730761 -0.0195700359
-0.0939389393 0.000909822527
-0.0017298616 0.00393796619
0.0358845368 -0.032491181
-0.00797717553 0.00951697119
0.0324168168 0.00747578358
-0.027588848 0.0515832268
0.0177943725 0.0116071375
0.0446106866 -0.0334696732
0.0440227203 -0.020775307
0.0348350778 -0.0732443035
-0.0439203791 0.00887778774
0.0288024358 0.0155247254
0.0187880155 -0.00731348665
-0.0265653189 -0.0509299524
-0.00645346986 -0.129159003
-0.0299782697 -0.0186475329
-0.0134305134 0.000691660913
-0.0370312184 0.00223243423
-0.00189009251 0.0399798602
-0.0320382603 0.0201203786
-0.00430541951 0.0314193591
0.083776705 -0.0199178662
-0.0119765243 0.00971149001
0.0140089141 0.0249482431
0.00876801088 -0.007473398
-0.072323896 0.0647101775
0.0370932557 0.0148126809
0.0363573357 -0.010557415
0.0292461943 0.0237300321
0.0145384651 -0.0249580033
0.0173996817 -0.014008793
0.00569305057 -0.0254597478
-0.104533486 -0.0778331235
-0.0220109858 -0.0475608967
-0.0280062519 0.00312553695
-0.0014755564 0.02937847
0.0384426825 -0.0218891669
-0.0773421749 -0.019037392
-0.0406936444 0.0287171714
-0.0500309616 0.0204399992
-0.00690579042 0.0168918949
0.0625333861 0.0181744322
-0.0161114931 0.021934839
0.0145394634 -0.00510084629
-0.0429794602 0.00553305726
0.00694232481 -0.00389540056
0.0584572665 -0.077807501
0.0189505015 -0.0440194048
0.0824872106 0.0215630289
0.0067125354 0.0891648009
0.0203970224 -0.013443986
0.0264001284 -0.054239545
-0.0558918975 0.0385558754
-0.015192531 0.0280024428
-0.0368641876 -0.014453073
-0.0364875421 -0.119338162
0.0152585786 -0.0676053688
0.0253486205 0.0202646572
0.00563002331 -0.0274857227
0.0102495113 -0.0439928696
0.0546554402 -0.0397628136
0.0442814678 0.0539465286
-0.0185602456 -0.0264711678
-0.0201589167 -0.0669420734
0.0392628312 0.000690556713
0.00202828133 -0.0190281738
0.0388919264 0.0158357304
0.00944389869 0.0184312053
-0.0890982002 -0.0117304772
0.0109602995 -0.011927437
-0.000868529256 0.0355692394
-0.0964899957 0.018031301
-0.0322682336 -0.00167588051
0.060888201 0.0334718451
0.000994991744 -0.0274013802
0.0208905097 -0.0372728184
0.0385825261 -0.0613501444
0.0141208703 -0.0338087976
0.0553858317 -0.0572570153
-0.0444014482 -0.0779598579
0.0447862335 0.0516447276
0.0768457353 -0.0076703066
-0.083921127 -0.0211830642
-0.0257324558 0.00314737298
-0.00352413673 -0.0584984124
0.00210214057 0.0230019949
0.0229760986 0.012547045
0.0293216016 -0.0447352715
0.024433272 0.00299666869
0.0511751957 0.0264357254
-0.0115479762 -0.0167479627
-0.0377577431 -0.0748037323
-0.0277888775 -0.0360829458
-0.093010284 0.0178341921
0.0111058811 -0.0354805253
0.0161530562 0.012213666
-0.0447326265 0.0890433937
0.0158295166 0.0521537922
-0.00964370277 0.0327101909
0.00555423601 -0.0432083644
-0.00328988652 -0.0155406361
-0.0172385648 0.0632054359
0.0350299925 0.0125104813
0.0458898544 0.060292948
-0.0220513996 0.0354114436
-0.0332355984 0.012936417
-0.0362916403 0.0889419168
0.00310235005 0.0411639065
0.064122729 0.0416906774
0.00468802778 0.0207681339
-0.0384117328 -0.0310352426
-0.030640617 0.0481592454
-0.0428715311 -0.00325604738
-0.0202236604 0.0406928584
0.0631091371 0.148798227
0.0356487781 -0.0149862776
-0.0512437895 -0.0338384919
0.0139349001 0.0321676992
-0.0146929603 -0.0427067503
-0.0292196423 -0.0198476352
-0.00122062664 0.0258818995
-0.0283606779 -0.0616080388
-0.0717057735 -0.0795926452
0.0140033718 0.0540415011
0.0479692407 0.0575663112
0.0182816777 -0.0649133325
0.0273443125 -0.016634224
-0.0259652957 0.012652372
-0.00563463289 -0.0507700518
0.0139424345 -0.0339309797
0.0362536758 0.0169897899
-0.026654236 0.0764381438
-0.0576859117 0.00538058439
0.0117666591 -0.0657768324
-0.013547983 -0.0530230068
0.0721515864 -0.00764453132
0.00960305054 0.0223869793
0.0256008338 0.00701005617
0.0324823111 0.0994040743
-0.0364621468 0.0212867185
0.0893958658 -0.0226653703
-0.0688693821 0.0476814732
-0.0687925443 -0.000916385616
-0.0134703098 0.0314430222
-0.0231212322 0.00758079719
0.0298314653 0.00194912264
-0.00457267324 0.0493577234
0.036671903 -0.000668756722
-0.0666290373 -0.0181631744
-0.0274715945 0.00466929423
0.0366336517 0.00793080032
0.015436992 0.0190075617
0.0489027649 0.0488554575
-0.0199107565 -0.0377652794
0.0219528172 0.0570972078
0.00789289456 0.0355056413
-0.0227854084 0.0511264503
-0.0149223832 0.00698484061
0.00649122335 -0.0320913978
0.0203863438 0.0252710693
-0.0024003454 -0.0322456323
-0.0198983271 0.0776234865
-0.0980267897 0.0211908352
0.0333757997 -0.0367031731
0.105391681 0.0337207019
-0.00521712424 -0.0273395348
0.0177731179 -0.0722611547
-0.0185578261 -0.0363764092
-0.0356523357 0.0398205891
0.0380354524 -0.0241988786
0.0406031087 0.0651077181
-0.00350401667 0.0109645883
-0.0450309329 -0.062615782
0.0263619684 0.0691668093
0.0335005559 -0.01019252
0.0178785883 0.0844723731
0.041649133 0.0378374085
-0.0455526374 -0.0746356472
-0.0160676502 0.116830468
0.0126162022 0.0381912701
0.0023938159 0.0081191808
0.0134646064 0.0401723571
-0.00328463712 -0.0643502474
0.0146194678 -0.0126098115
0.0225201361 0.0460760444
0.0192786548 0.0145942178
0.031786494 0.0241670124
0.0165387448 0.0375838205
-0.00369751523 0.00673052669
-0.0301709119 -0.0278861355
-0.033629097 -0.00815239921
0.00617747381 0.0163543057
0.00820506271 0.0251531973
-0.0598583631 -0.00212077098
-0.0197509285 0.00313040311
0.0172920357 -0.0268074218
0.0152848912 -0.0187542886
-0.0377103686 0.0306649879
0.00158203766 0.0181172043
0.0580622554 0.00572174368
0.02486532 -0.0331321731
0.037093021 -0.0289098173
-0.00227415771 -0.020509081
0.00761939678 -7.36761212e-05
-0.0585815012 0.0126423929
-0.0460487232 -0.0600549653
0.0437132269 0.0153878685
-0.0520963967 0.0221788697
0.046397645 -0.0388500169
0.021599181 0.0373781808
0.0168383252 0.0806685016
0.0482345335 0.0178852957
-0.027923407 -0.0339538231
0.0528582744 0.0107318815
0.0631384775 0.0461998619
0.0878986567 -0.00686871773
0.0366774797 -0.00609096326
-0.00791489147 0.0762821212
0.0234542117 0.00746592879
-0.0178853609 -0.102202341
0.0609264486 -0.0417222194
-0.00906041265 0.00869814493
0.022463318 0.0284663681
0.0314879678 -0.0288340747
-0.0144538023 -0.0205865819
0.0750952139 0.0406291336
-0.00480180979 -0.0614909977
-0.0504229218 0.0187480636
-0.0182554871 0.0207482632
0.00887372904 -0.0604369529
-0.0036350952 0.071153827
-0.0669862702 0.0752418861
0.0444092378 -0.02281758
0.0662884861 0.00485755922
-0.0686634555 0.0100344345
-0.0143625671 -0.00559209473
0.0221484397 0.00462852186
-0.0283089913 0.0590601228
-0.0359969512 0.0436331481
-0.0424989611 -0.0481456183
-0.00251722126 -0.0760372877
-0.00673496583 -0.0732977837
0.00941624399 -0.0443671495
0.0271383226 -0.0116032539
-0.0224463772 0.0402579159
-0.0451032147 0.0491432734
-0.0943941996 -0.0601238683
-0.00725492323 0.0134779597
0.0310804341 0.0775652677
0.00548308576 0.0369034335
-0.0227497909 0.0436934531
-0.00481818244 0.0108153997
0.0500805229 -0.0172648337
-0.0439675525 -0.101119019
0.00811378937 0.0132633233
0.0142116416 0.0756629184
-0.0973218381 -0.0667673498
-0.0699098706 0.0238498412
0.0253568534 0.04826748
0.0449423455 -0.0169612411
-0.00958500896 0.0441309176
-0.0303511526 0.015874533
-0.0410817526 0.0332952738
0.0517358929 0.00963356998
0.0454231128 -0.0413842164
-0.0413834602 0.0433073342
0.0369793475 -0.0262386147
0.0396455005 -0.0406556912
-0.0103549147 0.0438813083
-0.0526218638 -0.015723981
0.00933124218 0.00995298568
-0.0173765328 -0.0270068627
-0.00637360383 -0.0885914192
0.0325914845 -0.0467582159
-0.0120492093 0.0533144809
0.00877691712 0.0733605027
0.0109861717 -0.00604547327
0.0237001628 0.0341554694
-0.0129790865 -0.00258353236
0.0105391331 -0.010702786
0.0207777005 0.0243349131
0.0252388176 -0.0489767194
0.00645185914 -0.000682927668
0.00744089112 0.0291188844
0.0659220964 -0.000276628562
-0.0684142038 -0.0518980026
-0.0267421212 -0.00896911696
0.0100328578 0.0109566003
-0.0698774233 -0.0397357643
-0.0183858816 0.038656611
-0.0119256722 0.135344461
0.0372898579 0.0348551646
0.0125064366 -0.0344285332
-0.0148889795 0.0328442417
-0.0096705826 -0.0556215979
-0.00915262196 -0.115903407
-0.0583592355 -0.044732701
-0.0820633322 -0.0546020232
0.000562591886 0.00451311702
-0.0361799374 -0.0233336035
0.027705308 -0.0690202639
0.0411511175 -0.0756545067
-0.00755782332 -0.0318593681
-0.00921052508 -0.00546874618
-0.021693863 -0.0458311513
-0.0119696464 -0.0207693521
-0.0274741314 -0.0394948758
0.00493732141 -0.0189814772
-0.0340138078 -0.0338262506
0.0193032213 0.00774937589
0.0260236543 -0.00237251632
0.0165362787 0.00720696477
0.049323801 0.0744394362
-0.00443748012 -0.0476654731
0.0340296961 -0.00759705156
0.00903817546 0.0646782741
0.0291664787 -0.0150807593
0.0561323427 -0.0103557827
-0.0299909655 -0.0685191825
-9.13287149e-05 -0.0379510596
0.01953963 0.00287137344
0.0367046818 -0.0545051619
0.0592101365 0.0198788978
0.031915471 0.0753679276
0.0310809072 0.0247720201
-0.0232911445 0.0159475133
-0.0459653027 -0.0141219702
-0.0290070362 -0.0607041046
-0.00777494721 0.0342596993
0.0481438227 -0.0196167715
-0.0751450881 -0.138200909
-0.0738736689 -0.0754796192
0.0680325702 0.0415866673
-0.0179406535 0.065087758
0.0808438212 -0.0282888394
0.0553260632 -0.0294509716
-0.0826184377 -0.00359082478
0.0247312319 0.0466221236
0.0194890313 0.0334949829
0.0517242365 -0.100091629
0.0350079089 0.030697776
-0.0038085205 0.0171704516
-0.0161443949 -0.0874688849
0.00884626806 0.0370871723
0.0674424693 0.015982205
-0.0666098446 0.024615474
-0.0171072818 0.0706243739
0.0142410519 0.0683522969
-0.044994235 0.0410199724
0.000808100624 -0.0265919995
0.0236172974 -0.0330854245
-0.00674457569 0.0168431848
-0.0550601035 0.0771360546
-0.0429729149 0.0519231111
-0.0063000801 0.0294184852
0.0331842043 -0.0338628888
-0.00218780828 -0.0266810637
0.0349479578 -0.0255938713
0.046986267 -0.0763620734
0.059749864 0.0237384606
0.101596102 0.0373397022
-0.016427502 0.100698583
0.0239504054 0.0704088062
0.0507141203 -0.0954606757
0.0372562967 -0.0273837503
0.055989217 0.0155310603
-0.0689407513 -0.0409016013
-0.0574006028 -0.0558743514
0.0146328034 0.00692742644
-0.0345254019 0.00556095876
-0.0599782392 -0.0226911046
-0.025900742 -0.029105844
-0.008584884 -0.0892241821
-0.0123274243 -0.00169838464
-0.027002614 -0.0242351219
0.00518160081 -0.0350101627
0.0151287178 0.0379384086
-0.0301880836 0.00991348922
-0.087063469 0.0174458958
-0.0927886292 0.0167650767
-0.0303355698 -0.00686263386
0.0190827642 -0.0109969312
-0.0173647813 -0.0374546945
0.0397847146 -0.0204822216
0.066031009 -0.0142465197
0.00898282509 -0.0856563598
0.0061049778 -0.040393956
0.00256828032 0.020293463
-0.00248252391 0.0332205817
-0.00990726519 0.0160353668
0.00732832169 -0.0498456545
-0.0159309991 0.0392713025
-0.0653868318 0.000474065368
0.0101456298 0.00639125146
0.0759008154 0.0322196186
-0.0130327092 -0.0314483456
-0.0478959829 0.0501208901
-0.0608958416 0.0065470133
-0.065345481 0.0133098932
0.0332169309 0.00210948917
0.0104050487 -0.0074137426
-0.0292445254 -0.00139989448
0.0172382686 -0.02488086
0.011696402 0.022804657
0.0223832242 -0.0689547807
0.00445635989 0.0322750397
-0.0418482423 0.0382206142
0.00506461179 0.0271962862
0.0355965383 0.0628049225
-0.00347421342 -0.0360632092
0.015286631 0.0666170642
-0.00657170918 0.047876209
-0.0305501204 0.0431118347
-0.0129361134 -0.000694545393
0.0216458794 -0.0240294952
0.000368863781 0.0261255577
0.00753032649 -0.0315388069
-0.0508249998 0.0651715249
-0.102270387 -0.000655741314
0.0435911715 -0.020199975
0.090814501 0.0578223653
0.00700413156 -0.0287464764
0.0413730256 -0.0688373148
-0.00233433465 -0.0375377722
-0.0307163149 0.018819971
0.0313667282 -0.00257467735
0.016378494 0.0671093687
0.0135665201 0.00896217208
-0.0226612575 -0.0692593902
0.00128384389 0.0725619495
0.0306433253 -0.0042096721
-0.00643882947 0.0823185593
0.0272923857 0.0525248162
-0.0177271124 -0.0846634433
-0.0588056073 0.111531742
-0.00823183917 0.036475338
-0.00451807212 0.00481248088
-0.00149447785 0.0538055785
0.0160603113 -0.0626489893
0.00474317139 0.0351218209
0.036960382 0.0192572102
-0.0357578993 0.0165622346
-0.0019220073 -0.00931567885
-0.00775532098 -0.0610017031
-0.0329839848 0.0102283079
-0.0514589399 0.046240963
-0.0891844779 0.0491825566
0.0295960307 0.0260711052
0.0431799777 0.000552369456
-0.084162049 -0.0543423891
-0.00437472714 -0.0417798571
6.90639172e-06 -0.0526095442
-0.00470093964 -0.0459341519
0.0276273079 0.0965979397
0.0556536391 0.0585872531
0.0747350752 -0.0329709165
0.0352060571 -0.0597646013
0.0430545062 0.00923992321
0.0054783551 0.0347303338
0.0662347004 -0.0500048511
-0.000602408138 0.0168522894
-0.0828900486 0.0458778925
0.024202738 0.00960361958
-0.00629127957 0.0112368828
0.00132725504 0.0598896407
-0.00972654577 0.00866155513
0.00134170824 -0.0192551371
-0.0183344167 0.0469100997
0.0323915556 -0.00385432318
0.089005053 0.054533992
-0.0421328135 0.0775098056
0.00410217792 0.0506149232
-0.0253447071 -0.00346062565
-0.0748722926 -0.0238861162
0.0159996059 0.0746916756
0.0717725605 0.0164683163
0.0415225327 0.0488955937
-0.000608772389 0.0432717986
0.00859390572 -0.00179568026
0.0315338224 0.0329057798
0.00807841029 -0.0433227718
-0.0159039367 0.0589351729
0.0364678837 -0.0027046646
0.017632328 -0.0128204552
0.00326465257 0.141899452
0.0314421467 -0.0493989103
0.00849371497 0.0377093926
0.022269588 0.12383502
-0.0119432397 -0.0857601389
0.0612531528 -0.0503969043
0.0815448314 -0.0167079475
0.0271600112 -0.0295067709
0.0322999842 -0.0103606479
-0.0652565807 -0.00495318044
-0.0313575789 0.00864241552
-0.0767860115 0.00609766506
-0.0766294748 0.0617535785
-0.0295279473 0.013653975
-0.0832854807 -0.0141982213
-0.0287368987 -0.00626514247
-0.0480700098 0.0262069795
0.000269475218 0.0504017062
0.000101392921 0.000612894248
0.0108653074 -0.0120140929
0.0380519629 -0.010491956
-0.0313193277 0.00193741755
0.0113098305 0.0425671227
-0.0424200594 -0.049728509
-0.035304036 -0.129150346
0.048542235 -0.00749059347
-0.00914735533 0.0223056804
0.00596443797 0.00318180374
-0.0234832913 0.0834309161
-0.0787279382 0.0125088915
0.000320830819 0.00144826749
-0.0100588342 0.00224685855
-0.0047587282 -0.0394208468
0.039364703 0.0149798105
-0.00406919792 0.00750672305
0.0152964694 0.0281070042
0.0227618609 0.00796050858
0.0310754552 -0.0189868808
0.0250694063 -0.00981316902
-0.0352642685 -0.0104537159
0.0509510152 -0.00848018844
0.0293252543 -0.0146013312
0.000235571657 0.0155339465
0.0299797263 0.0136217689
-0.0771149769 -0.0417056009
-0.0326660126 -0.0488604493
0.03179425 0.0104393642
0.0261026267 0.0144898864
-0.0265151355 -0.0583484434
-0.0147490352 -0.0582335554
0.0301592965 0.0097227525
-0.0319039747 0.010082975
0.029889144 -0.0581794344
-0.0265514404 0.00158414489
-0.0865996853 0.0386762768
0.00694585359 0.00476621045
0.00288923015 0.0246212967
-0.0288141761 -0.0142496172
0.00574165536 0.0521147475
0.062432602 0.0485527664
0.00739724422 -0.0175787564
0.0211384259 -0.0155461775
0.00601068558 -0.0346980393
-0.0365522467 0.00815072935
0.0583347119 0.0157738216
-0.00963705406 0.0524292588
-0.0174403042 0.0343370102
0.00202298979 -0.0574646965
-0.0442887358 0.0217032731
0.00705486769 -0.0119284298
-0.018597642 -0.0275803972
0.013278177 0.000958274934
0.0632782951 -0.00572401704
0.00442529004 0.0637971088
-0.0529260077 -0.0394702964
0.00352776726 -0.0411327332
0.0743792802 0.0236563701
0.0164401811 -0.05149737
0.00651857676 -0.0166108012
-0.0378387608 -0.0168256685
-0.0712281391 0.00119440095
-0.0794348046 0.103247069
-0.00294269831 0.0495901406
0.0500251241 -0.0844005868
0.0671790466 -0.0706159398
0.0661094636 0.00693910103
-0.0485436879 -0.0406291448
-0.00715143746 -0.0233941078
0.01436783 -0.050472863
-0.0159280803 -0.0342557095
-0.00359734963 0.0508118495
0.0195734203 -0.00711412216
0.0270874444 -0.00160285388
-0.0508773066 -0.014087203
-0.0115582068 -0.0642459914
0.0441003665 -0.0434315987
0.0353332572 -0.000781902636
0.0191922318 0.0152961081
-0.0369987078 0.00962039176
0.045820497 -0.0122249732
0.00876747444 -0.0298185069
-0.0382425189 0.0388182811
0.0410622135 0.025730541
-0.0189989321 -0.04258148
-0.0363652073 -0.0257512964
0.0516999327 0.0406921655
-0.00112973852 0.0395392254
-0.00534671079 -0.0781730637
-0.0301300734 -0.0768653452
-0.0771776289 0.0252603125
0.0153262494 0.00966833066
0.0231423229 0.0130516859
-0.0169351641 0.0122682359
0.00508042844 0.0156393889
-0.0434350446 0.0502881594
-0.0153224263 -0.00998154748
0.0286269356 0.0157764833
0.0150212562 0.0161859225
-0.0295627471 -0.0624228306
-0.0432419218 0.0241784565
0.0882027596 -0.008494501
0.0668416768 -0.0405515879
-0.0548491292 0.0375078656
0.0804746523 0.0311438087
0.0355073959 0.000869751093
-0.0200432055 0.0520289503
0.0653049797 0.0472267084
-0.0748270229 -0.057143636
-0.017005058 0.0103999479
0.00285285059 0.0224595089
-0.0705098137 0.0082924692
0.0306846853 -0.0328994095
0.0609140396 -0.0428593606
0.0384390652 0.0108007658
-0.0109343296 0.000290630618
-0.0394324437 0.0930039659
-0.0812586099 0.0141236009
-0.0428804457 -0.00930991396
0.013910437 0.00891368929
-0.0129159177 -0.0593672954
0.00714462483 0.0601631738
-0.0267861206 -0.0141028827
0.0547432303 -0.0648180246
0.0267623737 -0.0584702715
-0.0373670496 0.00414646603
0.0367036276 0.0131791979
0.027615821 -0.0374840423
0.0179260839 0.0332247503
0.0084458543 -0.0234076139
0.0766165778 -0.0553130433
0.0717591867 -0.00349187478
0.031240264 0.0439485461
0.0690362677 -0.0458225906
0.0507702157 -0.000285425893
0.0114176916 0.0659712404
-0.00900452398 -0.0403772257
0.0549373999 0.0341019034
0.0107437624 0.047238335
-0.0752628744 -0.0156395789
0.019317586 -0.0481822155
0.0384447165 -0.0348755829
-0.0591117069 0.0206052978
-0.0413836464 -0.0370185301
0.0568838827 -0.0232835915
-0.0109800547 -0.00140130962
-0.0117278285 0.0052036196
-0.0159161147 0.0144107835
-0.0428074077 -0.0471604951
0.0228328239 -0.00017994098
0.0334819034 -0.0056355698
0.0356497131 -0.122634128
-0.0597407445 -0.0458823666
-0.0585651509 0.0391602926
0.014512484 0.0289753992
0.0238212012 0.0524105355
-0.00761030987 -0.0116707478
-0.098403126 -0.0200888831
-0.0293819569 -0.0114508616
0.0304601043 -0.0210158303
-0.0630891249 0.00193874235
-0.0900931954 -0.010207667
0.0164547116 0.0346396752
0.0600501634 -0.0353549346
-0.0123098921 0.000177893991
-0.0399303213 -0.00427847542
-0.0568037853 -0.0214751903
0.00352721428 -0.00327183376
0.0171634201 -0.0153917084
-0.0351250246 0.0223474391
0.0577175729 -0.0283904225
-0.00373947527 -0.0212993734
-0.038889274 -0.0912270695
0.0481141508 -0.0231986064
0.0163836461 -0.00318943383
0.0278691296 -0.0727355853
-0.0254269671 0.0833484158
-0.0538753346 0.00518410699
0.00244420255 0.0653769895
-0.0155478092 0.119968839
0.0192023125 0.038768623
0.0474613942 0.038034033
0.0435715392 0.00828284957
-0.0543069728 0.0783046558
-0.059320204 0.0243707411
-0.0203534625 -0.0710784718
-0.0308524836 -0.0665214658
0.0578674898 0.00162768119
-0.00266050361 0.0166362058
-0.0163815413 -0.0274874028
0.0749265254 -0.0202062633
-0.0130786449 -0.038832888
-0.00708389748 0.0362199694
0.0309907477 0.0357652977
-0.0424423516 0.0117116617
0.00681899302 0.000355608907
0.014779117 -0.0547698513
-0.044153858 0.00209620409
-0.0604901351 0.0257829018
-0.0973004252 0.0211245492
0.0287313797 0.0294078011
0.0353973508 0.00844573416
-0.0625868291 -0.0723969564
0.00797546189 -0.0404448323
0.0111930277 -0.0478629321
0.00427813409 -0.0542918742
-0.00420462387 0.108300947
0.0384843722 0.0731118992
0.0829588026 -0.0144848228
0.0644564927 -0.0418626778
0.043429181 0.0257540606
0.00235743518 0.0381696783
0.0895402059 -0.029129412
-0.00870942697 0.0117779952
-0.0808456317 0.00810162816
0.017289361 0.0164776072
-0.00331313256 0.0118676024
-0.0204295646 0.0586424991
-0.00234692218 0.00823778473
0.00446273107 -0.0204606839
-0.0296663512 0.0421234332
0.0309370458 0.000779077411
0.068719022 0.0756702051
-0.0645536557 0.0615207627
-0.0451132506 0.0530555137
0.00466651656 0.01712339
0.0460823141 -0.0457488671
-0.00302831247 0.038911391
-0.0664492399 0.023471918
-0.0115910284 0.0435407497
0.0522836372 0.0539280437
0.0208303761 0.0761701465
-0.0194127504 0.105903417
-0.00383450929 0.0505575053
0.0306442287 0.0587197281
-0.0193065517 -0.0104420157
0.000743679528 0.0127824796
0.0337968171 0.059457358
-0.0406888127 0.0292073414
0.0375660881 0.029851554
0.00093612005 -0.0639633462
-0.0617165305 -0.0471411571
-0.0161412098 0.0140744606
-0.0362341516 -0.0195682757
0.0662097186 -0.0175327491
0.0623349883 0.0119095622
-0.0737299547 0.0219923146
-0.0194100793 -0.0264403038
0.0311356783 0.0444912724
-0.0552141182 0.0694340467
-0.0474988185 -0.0462810807
0.0142391901 -0.0512859859
0.0406585597 0.00253535667
0.0608708523 0.0149683952
-0.0230538566 -0.0502128117
-0.0565702207 -0.0299644805
-0.0322279632 0.0112640234
-0.0496582016 0.031742692
-0.00516602304 0.0535586588
0.00406567985 -0.00315144891
0.0365431942 -0.00433989801
0.0109110968 -0.0225990303
-0.0610039346 0.0232460536
0.0321092904 0.123358585
0.00630931696 0.0104205031
-0.0475714579 -0.0255532525
-0.0270747263 0.0510618687
-0.0292976722 0.0342166647
0.0848809332 -0.0514652245
0.012106277 -0.0466720499
-0.0716390386 4.09075619e-05
-0.0299491845 0.00723012211
-0.0736289993 0.0777485892
-0.0784025341 0.0405121595
-0.0754941851 -0.0225535221
-0.0260810088 -0.059384454
-0.00809320062 -0.0262398943
-0.0493708588 -0.0200209208
0.0179922897 -0.0410454534
-0.00788683351 0.0838215724
-0.0165628791 0.0419284254
0.0711812824 -0.025123978
0.0134793734 -0.0212741718
-0.0203586444 0.00992325135
-0.00450628623 0.0653617531
0.0142519511 0.0127831092
0.0142072728 -6.19814164e-05
-0.0435239263 -0.0374409072
-0.0554898866 -0.0248625129
-0.0449661389 0.00143929454
0.0184338409 -0.0407933816
0.0471809991 -0.0129228514
-0.00549479667 0.0225049667
-0.0316039138 0.0157795306
0.0669885725 0.0174461808
0.0119296648 -0.00533900922
-0.0169583336 -0.0746305883
0.11180149 0.0134567767
-0.0115875769 0.018063236
-0.0168348197 0.0240324046
0.0528235286 0.0272371471
-0.00236833584 -0.0287127681
-0.0146969631 0.0789877474
0.00046258996 0.0450103655
0.0722244978 -0.00627950858
0.00630760798 -0.0331743434
0.0674111396 -0.0321853161
0.0527219921 0.010403025
-0.0810557753 -0.0222002603
-0.00284605683 -0.0147274341
0.0143939536 0.017937135
-0.0120994095 0.0252743158
-0.00314136059 -0.0503290668
0.0415348075 -0.044705078
-0.0257056076 0.0341689177
-0.0183981508 -0.00696808333
0.0248023532 -0.0148530398
-0.0432669073 0.0300729703
0.0364240222 -0.0167739261
-0.0402996317 0.0523091145
0.0161463022 0.0884864926
0.0557308011 0.003459614
-0.0251609161 0.016378114
0.0078838449 -0.033498168
-0.0173269566 -0.0440725386
0.0219417103 0.0654247329
-0.0482708514 0.0182258077
-0.039425429 0.029108759
-0.00780031364 0.00231331866
0.0132499887 0.0289540403
0.0929897055 0.0304111615
-0.104597017 -0.0240234584
-0.0192770101 0.0355962366
0.0363835953 0.00205177371
-0.0663963333 -0.0340659656
0.0352567807 -0.00871003419
0.0528456904 0.0244771373
0.0563365258 -0.00889426563
0.00735277729 -0.0332140997
0.0981287435 -0.0255854521
0.0731864423 -0.0457494967
-0.0140031157 -0.0481930375
0.0666782334 -0.0159060322
0.00447169971 0.0394362323
-0.0439358093 -0.0461258255
-0.073418729 -0.053295467
-0.0450648777 -0.0227316022
-0.00156383496 -0.0736852065
0.0311104544 0.0336283781
0.0958647802 0.0550947934
-0.00119552575 -0.0117892679
-0.0174522661 -0.0459539443
0.0114538232 -0.0583486781
-0.0133365579 0.0127456961
-0.0607729442 0.0721513256
-0.0906075016 0.00869425014
0.0301082339 -0.0126172779
0.0458871052 -0.0296449214
-0.00819819141 -0.0286851842
-0.00981378183 0.0946185216
0.0264182631 0.0078373244
0.00546530448 0.0633568987
0.00586673385 0.0342705734
0.0740854219 -0.0981853902
-0.00542393653 0.0423309542
-0.0232299734 -0.0601666793
-0.0165974051 -0.0496755317
-0.035676159 0.0137179624
0.0278370976 -0.100439206
0.0314439759 -0.0656315461
0.0178567879 0.00783724803
0.00380720268 -0.00831957534
0.0542495176 -0.0333669223
0.0385944806 0.0440979153
0.0225019995 -9.38468656e-05
0.0342661403 -0.0221691951
-0.0617786013 0.0234204847
-0.0285379384 0.0222054459
0.000861023029 0.0163284745
-0.00119377754 -0.0146877542
-0.00811691675 0.00109907612
-0.076637581 0.0119448975
-0.0604399405 -0.0487117171
0.00725545129 -0.017505778
0.0399836004 0.0454314612
0.0101718474 -0.0146210818
-0.029088825 0.0606305562
-0.028613098 0.0523555093
0.04057898 -0.114788689
-0.0181792527 -0.0286939312
-0.0701380968 0.00808698777
-0.0206537209 0.001893454
-0.0808412433 -0.0306210835
-0.0631836355 -0.010008703
-0.0177115314 0.0323075801
-0.016272096 -0.0223380029
0.0794632956 -0.039996583
0.0369255729 -0.0505798757
-0.0037647069 0.0169970002
0.0630437136 -0.00328859733
-0.0146318711 -0.084550105
-0.0421720594 -0.0432815552
0.0558905825 0.0509350859
0.0275607724 0.0452832654
-0.0234537534 0.00367601332
0.0088582458 0.054275848
-0.0265544839 0.0459718928
-0.0327473432 0.0352153033
-0.0282504391 -0.0443741754
0.0116895009 0.0206298195
0.0180724878 0.0270446856
0.0329609886 0.0297913272
0.0063597816 0.0662690103
-0.0502367765 -0.0965594873
0.0199031699 -0.0231752824
0.0701392815 -0.00838171132
0.0581652336 -0.0300734788
0.00394248357 0.0383179113
0.0145355184 -0.0247063786
0.0353750773 0.0147996638
-0.0679254755 -0.0482518114
-0.0209858324 0.0205231924
0.0276256781 -0.00175222871
0.0401111394 -0.042413488
0.0257018916 0.0428954624
0.0272320043 -0.0419691354
0.0155148776 0.0370297842
-0.0103469379 0.0949691683
0.0542961136 0.0167779941
-0.0261691269 0.0268202219
-0.0321252421 -0.0052325232
-0.0038623882 -0.0819538981
-0.0336636789 -0.0122072315
-0.012402731 0.00790929515
-0.0313535146 -0.0213534329
0.0165357199 0.0476516709
0.0650217012 0.0665659681
0.0185599327 -0.0158833638
0.0216134582 -0.0568457097
0.0471695587 0.012534989
0.0462529436 -0.0298915841
-0.0490609929 -0.0236080941
-0.0519337691 -0.0367012098
0.0328134969 -0.0339087211
0.0326849632 0.0875155702
0.0515152812 -0.0196255669
0.0207584389 0.024406217
-0.0472230464 0.0202337205
0.0306428708 -0.0261720475
0.000314577395 0.0321073048
-0.0825529546 -0.0137083223
0.0258648023 0.0108458037
0.0455006547 -0.0845805407
-0.0125172725 -0.0263634641
-0.0203014631 0.0389007851
0.00966265798 -0.0190723687
0.0304664467 0.00682133483
0.0216970593 -0.0484478362
-0.000498177367 -0.0212639086
-0.0113949496 -0.0658212528
0.0427604243 -0.032574974
-0.0209659245 -0.00550122513
-0.0558280684 -0.0612758324
0.0685778335 -0.0524756275
-0.0635902137 -0.00855875574
-0.0494542122 0.0491247699
0.035820011 -0.0504644252
-0.0407856554 -0.0345635489
0.0330273956 0.0480324402
0.0206588153 0.0356743932
-0.0368139595 0.0272844229
0.0329283699 -0.0684274435
0.00522607658 0.00331974332
0.042256169 0.0504490249
0.0361181907 -0.0109586371
-0.0418406725 0.0773499832
0.0421893671 0.0415588766
0.00812425464 -0.0143036945
-0.0223908536 0.00267118379
0.00595972175 -0.0314359814
-0.058775384 0.0435409248
-0.00181836227 0.0168815199
0.0595903099 -0.032965377
-0.0221704617 0.0342644565
-0.0732759759 0.00491630472
-0.0151396664 0.0324356779
0.0338323899 0.0668480173
-0.0112670492 0.0879462585
-0.0523627661 0.0954316705
-0.0268674958 0.0500287525
0.0172556005 0.0695421398
-0.0247815512 -0.0238431878
-0.00980868284 0.00523208641
0.0212229583 0.0549641959
-0.0454422496 0.0252017658
0.0186709762 0.0352955908
0.0227632467 -0.069141075
-0.0486307964 -0.0581900738
-0.0221477915 0.0118602104
-0.0312329773 -0.0235696472
0.0706189424 -0.00070854451
0.0609014258 0.0308156032
-0.0757251307 -0.0198796988
-0.00741427485 -0.0257031508
0.0304239485 0.0516986102
-0.0740511492 0.0407421701
-0.0419365019 -0.0643285736
0.0329602994 -0.05722633
0.0458546691 0.020838026
0.0522880517 0.0303406771
-0.00683743833 -0.0575011745
-0.0469850339 -0.0464960411
-0.0687923133 0.0476991832
-0.0500263758 0.0491599813
0.0711029023 -0.0330818743
0.0271963477 0.0606129356
0.0241304729 0.0208008736
-0.00953849033 -0.0724220201
-0.109358713 0.0122579942
-0.0278923716 -0.0415557958
0.00634226389 0.013538627
0.0349962041 0.0517423749
-0.0363346674 -0.00682477793
-0.0237691067 0.00494163204
0.0934659094 0.0720426366
0.0238309093 0.0179978013
-0.00887104031 0.0146927871
-0.0227301233 0.0763938203
-0.016317863 0.00398895377
-0.0280601401 0.0969149172
0.00680440711 0.0396782495
0.00270614587 -0.017852759
0.0341056287 0.0231874343
0.0793921128 -0.046347674
0.0167123824 0.0248724837
0.0297112204 -0.0674327686
-0.0391630642 -0.00287608639
-0.0826063603 0.0705922693
-0.0340072922 -0.0611179173
-0.0215793755 0.0325739235
0.00565063953 0.0341724977
0.00805005059 -0.0269622263
-0.0158053711 0.0313282236
-0.0113475593 0.0457976349
-0.0127878627 0.0410053097
-0.0723044351 0.0736703053
-0.0210415293 0.00985910743
-0.00331082544 -0.0679145232
-0.0327133276 0.0298988502
-0.00883109868 0.0161153413
-0.0338179953 -0.00638474943
0.0103425272 0.0222491715
0.0180068891 0.0117167709
0.0665600449 -0.0083880201
0.00544169359 -0.0203252528
-0.034773808 0.00437484635
0.0612356365 -0.00320410519
-0.000748978229 0.0278873704
-0.0392403901 0.0283871721
0.0104928054 -0.0127892392
0.0511931926 0.0642299727
-0.0287090689 0.0204542782
0.0104230689 0.00488019735
0.0380272605 0.044749558
-0.0608072877 -0.0211328957
0.0206307694 0.0397082791
0.0404637195 0.0336433277
0.00307306764 0.0185388103
-0.0575367175 0.0556392111
-0.0711406171 0.00998387206
-0.0517226271 -0.010516501
-0.00876045972 -0.061535351
0.0606110357 -0.00850207265
-0.0275485795 0.00360349077
-0.0757615715 -0.100489132
-0.106448889 -0.0401240997
0.025984697 0.0270224921
0.0882620662 0.029610049
0.0286991093 -0.0512292087
0.0971653238 -0.0488046408
-0.0112678427 0.0186999384
-0.0556324907 -0.0061731399
-0.000594121695 -0.0268878751
-0.041252315 0.0189573821
-0.0203939099 -0.0229868535
0.0106964633 -0.0474590734
0.0020311519 0.0538655818
0.0176736396 -0.0286441687
0.0498773009 -0.0315150134
-0.00839108601 0.00601262506
0.0220210329 -0.0591496043
-0.028339643 -0.00505603245
0.0366113856 0.00303877494
0.0695922226 0.0210408214
-0.0129414946 -0.0236870777
-0.0358346179 -0.0493552946
-0.0776583776 0.0174206384
0.05224289 0.00589108188
-0.00738390535 0.0537265167
-0.0242130905 0.0364569612
0.0117904264 -0.000436393777
-0.0572153889 -0.0209767427
0.0297316276 -0.0411979929
-0.0700439215 0.0736706704
-0.0486846156 0.0940846279
0.0450620092 0.0155432811
0.00820002519 0.0558755398
-0.0167450253 0.0449080132
-0.0330664963 -0.0685057193
0.0592218228 0.0311774593
-0.0325490758 0.0775743648
-0.0123429662 -0.0426018722
0.0527069531 -0.0385224298
-0.00471089268 -0.0489631519
-0.00164751289 -0.000976513082
-0.0422176346 0.0671224371
0.0370285623 -0.0498777851
0.0239904914 -0.0607029423
0.0126585169 0.0776241794
0.066467911 -0.0454766117
-0.0145574464 -0.0335075967
0.0160453822 0.0471594259
0.0419150665 -0.0416226573
-0.0418185368 0.00879598875
-0.0391409099 -0.0426237732
0.0511015914 -0.0386314541
-0.0357636176 0.0309014209
-0.0155484211 -0.0440322421
0.015348223 0.0199817084
-0.115018904 0.0159750618
0.0282707699 0.00360136875
0.0351025946 0.0509914868
-0.00225140713 -0.000734245055
0.0139366435 -0.00537089538
0.00638657948 0.00273482292
0.0992748588 -0.0281326436
0.030872751 -0.0222082902
-0.0587791875 -0.0307406876
-0.0799524933 0.0104492847
-0.027699884 -0.00520318002
0.0486989655 -0.014152009
0.00824532285 0.0290598907
0.00281588593 -0.0132106068
-0.0243122075 -0.00665641809
0.0359896682 -0.0222636852
0.073016949 -0.0588916466
0.0245067626 -0.025814034
0.0615529865 -0.0189331453
0.051314529 0.033049155
0.0113282688 -0.0455418266
-0.0204090085 -0.0642089471
-0.0581437647 -0.0203866176
-0.0280489083 -0.0632760152
0.0408472978 -0.0225002468
-0.0275118314 0.00221630908
-0.0401611328 0.0114287678
0.0679473951 -0.00988342986
-0.00817305315 -0.0669910535
-0.029711917 -0.0437400304
0.034061294 -0.0193869248
0.0307147745 0.0291722752
0.0570358299 0.0101446938
0.0270734336 -0.000611448369
-0.0427605771 0.0463439971
-0.0147011662 -0.0249222051
0.0532539487 -0.0279835202
0.0188601185 -0.00182108639
-0.021094285 0.0442553423
0.00707083847 0.0294299535
0.0287378523 -0.0742984489
-0.0189540982 0.0442224331
0.0210222211 0.035099972
0.0130468998 -0.0342426524
-0.0592428632 0.0901324078
-0.0569868721 0.0323833227
-0.0358681045 0.0729749501
0.00731232436 0.102413632
-0.0417231508 0.0264437422
-0.0290920176 0.0398231372
0.0390042923 -0.0343971923
0.0202463083 -0.0239114016
0.0313113965 0.045046635
-0.0119455392 0.0386695601
0.0381136648 -0.0209505744
0.0513827801 -0.0183575116
-0.0128980801 0.0765711814
0.00910359435 0.022198122
0.0049151103 -0.00322600594
0.0263556633 -0.0427029394
-0.00307389372 -0.0128476797
0.04590692 0.0185762942
0.073889643 -0.00828342605
-0.0615394153 0.00678029796
-0.0643642694 -0.0246229675
-0.0128877135 0.011573039
-0.0100228833 0.0167443696
-0.00323026953 -0.0824418366
-0.00564005692 -0.0461006574
-0.0125156343 0.00577247469
0.0159964338 -0.00191552169
0.0360095873 0.0178635977
0.0186216645 -0.0070272414
-0.0660754964 0.0291975606
-0.0443400592 0.0459384322
0.0680676624 -0.00627396302
0.016830191 0.0203848723
0.0653812662 -0.0462797806
0.0664821118 -0.0794078484
-0.0148825673 0.0383920334
-0.0129017942 0.0108064916
0.00491125043 -0.104353018
0.0114745321 -0.0638386905
-0.00200313353 0.0511312932
-0.020715002 -0.0254026148
0.00951525662 -0.0388180204
0.052307751 0.0334385298
-0.00288682268 0.00811490789
-0.073944211 -0.000499758637
-0.0311278421 -0.0053604939
0.0545512177 0.00186433154
0.0469100438 0.00390194426
-0.0250928774 0.0311028361
0.0487808324 0.0407742597
-0.00107464322 -0.00680344971
-0.0490768962 -0.0382947475
-0.07197202 0.00192102604
-0.0538286157 0.0651546344
0.0202195775 -0.0258837305
-0.0563849807 -0.0202924516
0.068441391 0.0308641121
0.0463484302 -0.0964544117
0.0238366984 -0.0774254873
0.126419514 -0.0175867975
-0.00967074092 0.00917248707
-0.00482829101 0.0450384505
-0.0293842144 0.0471001603
0.0267390907 0.038563136
0.0112250755 -0.0216774642
-0.0745806098 0.0170458928
-0.0444710441 0.00520749995
-0.0087063713 -0.0437053218
0.0834679902 -0.0195946619
0.0151096368 -0.0911602825
0.00193798472 -0.0155055691
-0.000794961525 0.0674717426
-0.0523410961 -0.0198571477
-0.0493824184 -0.0058606551
-0.0378692411 -0.0341907144
0.0841171369 -0.0743036047
0.0126521355 -0.0386600569
-0.041626472 -0.0107858824
0.0508613326 0.0295756385
-0.0243871473 -0.00900235958
-0.0249722917 -0.0261135679
0.0193885546 -0.0459329188
0.0102067385 -0.0349695347
0.046968516 0.0498010367
0.0273966845 -0.0380141921
0.0157622211 -0.0355893783
0.0278784521 0.0356956534
0.0181388911 -0.0405181199
0.00614502933 -0.0588526353
-0.0320068821 0.0294668376
-0.0094114542 0.0187087636
-0.0505907089 -0.00218983972
0.00585365202 -0.00108808884
0.0137090962 0.0511863269
-0.04241997 0.0490592755
-0.0884996727 0.0276068449
-0.06339138 0.031070713
0.0736490935 -0.0177906808
0.00537718879 0.0681680813
0.0169842057 0.0213268641
0.0106405895 -0.0748429149
-0.112438694 -0.022198258
-0.0202368796 -0.0509485118
-1.3571339e-05 -0.00203338522
0.0204299372 0.0630886629
-0.0370838195 -0.0209067538
-0.0210315399 0.00484309252
0.0621870086 0.102955669
0.0171264261 0.0235868711
-0.0164048281 0.00997052807
-0.04396566 0.0708377808
-0.0171156097 0.00177324458
-0.0557796396 0.0738328099
-0.00989073329 0.0472800992
0.0139319217 -0.0185106508
0.0268404894 0.0363354608
0.0860158652 -0.022402795
0.0056434148 0.0328706056
0.0537753925 -0.0609328933
-0.0404785573 -0.0199529808
-0.0954560935 0.0421827845
-0.0173513349 -0.0631621033
-0.0292298328 0.0276404452
-9.16438512e-05 0.0367040895
0.0134921484 -0.02206292
-0.0241570771 0.0248570126
-0.027938867 0.0356771238
0.0363648199 0.0110840332
-0.0583411828 -0.0473993011
-0.0613199957 -0.00801835861
-0.048864428 -0.028118806
-0.0301486999 -0.0506758615
-0.0314634331 0.00991182867
-0.0263922196 0.0324117914
0.0674468353 0.00054824102
-0.00503106276 -0.0572527796
-0.00407663267 0.047295358
-0.0249892939 -0.0573538095
-0.028028192 0.00671997387
0.0147376349 0.103038333
-0.0876145959 -0.0203709789
-0.0372336283 0.0718825161
0.0061204927 -0.0583467484
-0.0473375916 0.011816578
-0.0181060713 0.0855295137
0.0476741083 -0.017500557
-0.0065648607 0.0390448868
-0.0838341489 -0.0109371161
-0.0240009893 -0.0078711221
-0.0306563377 0.00796124246
-0.0036614018 0.0583362356
0.050337851 0.0369417779
-0.0429777168 -0.0670615062
-0.0225399751 -0.0391498692
-0.0157618094 0.0163926408
-0.0475102365 0.0457815751
-0.00881970953 0.0306721888
-0.054953441 -0.0221264753
-0.0406439863 -0.0397758
-0.0240619909 -0.0234838352
-0.0715416521 -0.0159831867
0.0704672784 0.015018804
0.0429347828 -0.0216877665
-0.0526308678 0.00640433375
0.0145412246 0.046246808
0.031509351 -0.0564497784
0.0427066423 -0.00877460092
-0.0125517054 -0.00489700306
-0.00677380105 0.00176897948
0.094184652 0.00798056927
0.0583662167 -0.0314166546
0.0240016282 0.000843876973
0.0378577597 -0.00852903258
-0.0271872021 0.0797925442
-0.0211668257 0.042340938
-0.0024437781 -0.0221130103
-0.0581735522 0.0158097316
-0.0531587899 0.00161713187
-0.0595860556 -0.0132847009
-0.00437469222 0.000262956135
0.0307108723 -7.7534045e-05
0.0130222421 -0.0714408234
0.00220049312 -0.00867307279
-0.0813400447 0.0291002337
0.0536912866 0.0384412929
0.0598730445 -0.00275129965
-0.0548263788 -0.073134996
-0.00909578893 0.0545447543
0.0115560861 0.0509218872
-0.0044427095 0.00842149276
-0.028830342 0.0338591859
0.0306419097 0.030078914
0.0189694166 0.00487811631
0.0488090254 0.0243350286
0.0546968095 0.0793138072
-0.0226312093 0.0346051306
0.0341021232 -0.00860064849
-0.00333781377 -0.0480645634
0.0196300764 -0.0545222275
-0.0273595937 0.0149880257
-0.0392729193 0.0049557006
0.0451755002 0.0316126235
-0.00707210135 0.00294094044
0.0452376939 -0.000193797183
-0.030968599 0.0403913893
-0.0736888647 -0.0384575576
-0.0135833751 0.0145961167
0.00737111829 0.0894752219
0.0305420645 -0.0501741581
-0.0564254969 -0.033757586
-0.00982969534 0.00178550591
-0.023721518 0.000803821604
-0.0418817997 0.00450973352
0.0479811877 0.00236428622
-0.0063503366 0.00639560865
0.026248157 -0.000367432862
0.0784370899 0.0344988778
0.0356631577 -0.0171464123
0.0292441733 -0.00829611253
0.00488667935 0.00891279336
-0.00403870735 -0.000238576031
0.0259430967 0.0367888883
0.0442293771 -0.00483698305
-0.0139819765 -0.0323625877
0.0131231286 -0.0839165524
0.051318001 -0.0271899495
-0.0196481217 0.0117262946
-0.0329148062 -0.029219972
0.0423076674 0.0507793128
-0.0153659116 -0.0187002681
-0.103036448 -0.0215302892
0.0148561178 -0.00142549106
0.0521136932 -0.0203871857
0.00475604506 0.0416736901
0.072321713 0.0692686588
-0.0333422981 -0.03798021
-0.0909735262 -0.099498108
-0.00265398063 -0.0521003306
0.00760672474 -0.104622118
0.0127606951 0.0326103307
-0.00534673035 0.0762434229
-0.0213568266 0.0265630279
-0.0692242309 0.0676917657
-0.0725249201 -0.00787563436
-0.0203074589 -0.0261839852
-0.0617414452 -0.0372081511
-0.0699703768 -0.000343385182
0.0200760141 0.0152504351
-0.0591309629 0.030358512
-0.0639401674 0.0193237271
0.0591387935 -0.00473008631
-0.0337372757 0.0979473516
0.0451923124 0.0468005128
0.0765378401 0.0612036735
-0.0119360536 0.073244229
0.0588601641 -0.0484237969
0.00541005656 -0.0292768795
0.0339262262 -0.00103785738
-0.0371850766 -0.013326643
-0.0459565111 -0.0378558598
0.0635601208 -0.0070532863
-0.0615571178 0.0222279914
-0.00355475652 -0.060813494
0.0712391362 -0.118925549
0.030694034 -0.0313625
-0.0183333252 0.0367520116
0.0058079334 -0.00806105882
0.0860814005 -0.0247867424
0.00998116378 0.0312873945
-0.0131900264 0.0701325834
-0.0281421542 -0.0123896766
0.00642687781 -0.0602373853
-0.000844973023 -0.016650768
0.0246291626 -0.0201105904
0.0736276284 -0.0916396827
-0.0385598913 -0.0202874057
0.0489111319 0.0442259423
-0.00150925491 0.00904552452
-0.0609237291 0.0216074586
0.0485614836 -0.00936834235
-0.0169849303 0.0330671333
0.0589642003 -0.0228532236
0.0646539852 -0.0439416803
-0.0295101292 0.0274229757
0.00803135894 -0.0301404092
0.0261975434 0.000350099581
0.0367469825 -0.0635293722
0.00276630069 -0.0497734845
0.0477174371 -0.0113464352
0.0271426458 -0.0606629476
-0.0299030934 0.0627834499
-0.0115537634 0.00817942433
-0.00742279552 0.0208092798
0.0355431251 0.0559324697
0.0133361937 0.00692503108
-0.0250260849 0.0499161445
0.0239064507 -0.0366296358
0.0524951071 -0.0263007525
0.00863616727 0.0366325714
-0.035954468 0.0509794019
-0.0385655276 0.0305758137
0.00646081287 -0.053929612
0.0627079532 -0.0132575892
-0.00399509491 -0.00791982561
-0.0329653732 -0.0751783699
0.0209226701 -0.0456251167
-0.023401048 -0.0117764361
0.0127357719 -0.0051864055
0.0347659178 -0.0268662255
0.0153495315 0.0464280173
0.0338648297 0.0306141488
0.0229364429 -0.0245220903
-0.0317362323 0.0128195481
0.00955919083 -0.0401792452
0.0309816822 0.0105501907
-0.0123531604 0.0889144018
0.0365820713 -0.0100974105
0.057194937 -0.0516873635
0.0569971949 -0.0418159924
0.0583524853 -9.65981817e-05
-0.11639329 0.0788503066
-0.078623727 0.0394376442
0.0272082593 0.0285088327
-0.056095697 0.0603253357
0.00416994607 -0.0109644206
0.0427610092 0.034923844
-0.0305444673 0.00967996661
0.00641637202 -0.0516792834
0.0649294555 0.0429277308
0.0538299754 0.0437762849
-0.0153276669 0.0150736589
-0.019790642 -0.0130755426
0.00946665183 0.0153308921
-0.00284845638 -0.00108496146
0.0475098453 0.0135442298
-0.00131372095 0.0556852743
-0.0563283376 0.0240251161
0.0687019825 0.0232916698
0.0773519874 0.0104503343
-0.00628869236 0.0408091135
-0.0718140155 0.0189799946
-0.0262962766 -0.0619859733
-6.06330759e-05 -0.0459950715
-0.0907281637 -0.0144114858
-0.0795278475 0.0108992457
-0.031236982 0.0266629308
0.0102993799 0.018955633
0.041041743 -0.0728766248
-0.00212789909 -0.0154127395
0.051617749 0.0143861352
0.119537823 -0.00754876621
0.0352871232 -0.0365513749
0.0193350948 -0.0744027346
-0.00868603587 0.0639811382
-0.042108383 -0.0265986975
0.0895420387 -0.0891305655
-0.0207305755 -0.0120483199
-0.0775893405 -0.0107347192
0.0792091042 0.0214657113
-0.0302011166 -0.0110753765
-0.000426834304 -0.0409664325
0.0415729731 -0.0393598638
-0.0187363774 0.0590249822
-0.00465738215 0.00797854457
-0.00123803189 -0.0256620422
0.066762194 0.0338569582
0.078255251 0.00470773084
0.0204628296 0.0110388044
-0.0869229361 -0.00597595191
-0.0587232225 -0.00999097712
0.0279064383 -0.00620912388
-0.0276909657 0.0589542016
0.0388179421 0.0225803386
0.0582529046 -0.0326117203
-0.0611799248 0.0162197761
-0.0245099347 5.00223323e-05
0.0139918551 0.031491138
-0.00974384788 -0.0369571596
-0.0892882869 -0.0352188684
-0.024664266 0.0398342051
0.0392429717 0.00720888097
-0.0347810835 -0.0019702178
0.0181028284 0.0143630132
0.0277168937 0.0305851959
-0.0407736823 -0.0709101483
-0.0561017171 -0.0134229511
-0.050360851 -0.0338120647
-0.0108837383 -0.0632163212
-0.0333811268 0.00536177913
-0.0380548909 0.0215819404
0.0737806782 0.0201341026
0.0114860851 -0.059027452
-0.0268300511 0.0494617857
0.000119298311 -0.0629710257
-0.0291125476 -0.00596811576
-0.0123955095 0.0964943394
-0.0765075758 -0.0390720516
-0.0511391275 0.0472820401
0.0161661133 -0.0485348441
-0.0525677912 -0.0021759877
-0.0440788716 0.0718970746
0.0512971245 -0.00284056086
-0.0256498326 0.0348687656
-0.0798502639 -0.0341879539
-0.0220488831 -0.0133882174
-0.0339370668 -0.0107533364
-0.0170161016 0.0561150014
0.0348285474 0.0362202935
-0.0133554228 -0.0806388184
-0.013623802 -0.0448788181
-0.0315737054 0.00569693884
-0.0631380007 0.0379221439
-0.0231188647 0.0183626525
-0.0469096042 -0.0279576927
-0.0312129594 -0.0403937139
0.0163857322 -0.0390195139
-0.0525227785 0.0125122871
0.00933677983 0.0738866031
-0.00301963603 0.0160661824
0.0463469177 -0.0229008067
0.00703118276 -0.0386180207
-0.0454525314 0.00110226846
0.0601020306 -0.043008171
0.0157582182 0.0282403026
-0.0217410997 0.0458803885
-0.0554013066 -0.0275819506
-0.0395642966 0.0174031388
-0.0109681506 0.0314029753
-0.0231539458 -0.0565376244
0.0675986111 -0.0356345102
0.0559343807 0.0901746973
-0.0145416902 -0.0317488946
-0.0319529995 -0.00541323237
0.0171585791 0.0396144129
-0.00969315227 -0.0544137098
-0.0608550273 0.0149728647
-0.00359798525 0.0125812227
0.0383011177 -0.0056645181
-0.0191291794 -0.0211930182
-0.0417238586 0.0207773466
-0.0538804159 0.0334302522
-0.0415307842 -0.0357345305
0.0318174399 -0.0375917181
-0.00960364845 -0.011421591
-0.0727568269 0.0608648323
-0.0190689676 -0.00508180773
-0.0280468781 -0.0325653888
-0.0174782146 -0.04525695
-0.110299505 -0.0189660378
-0.0457309708 -0.0199463833
0.0617498085 -0.0209688395
-0.0195470415 0.0233279373
0.0397725478 -0.0523111783
0.0475707501 -0.0119704166
-0.0697839707 -0.0798853785
-0.069476366 -0.0434196889
-0.0158481784 0.0501432084
-0.00467201509 -0.0229795128
-0.000876645034 0.0325600132
0.0341108181 -0.0158126242
0.0282762628 -0.018534597
0.0665731281 0.0522296689
0.00137795729 -0.023177512
-0.0619249716 -0.0527083911
0.0196533557 -0.0212487187
-0.0498246066 -0.0281054825
-0.0582523011 -0.0354303494
-0.0425183326 0.047708869
-0.0489018634 0.108749509
-0.0116615472 0.0055367169
-0.0223279465 -0.0363832079
-0.0314977914 0.0183217824
-0.05053325 0.00955203455
-0.0158700943 0.0505202487
0.00229647825 0.0218866877
-0.0270587802 -0.0659520999
0.0223872494 0.0210145582
0.0683063194 -0.0023633528
0.00189240568 0.00386266503
-0.0499976575 0.0501357056
-0.00963618979 -0.0553690381
0.00851050578 -0.0154921608
0.0632252395 0.0692001805
0.09861698 0.0584682263
0.0233201012 0.0404723436
-0.0183459539 0.0415885299
-0.0129999341 0.0352362767
-0.0438894145 0.0284819435
-0.0116434982 0.00906005315
0.0087605333 0.00273862248
-0.00303351902 -0.031194929
0.0332606062 -0.00159113843
-0.0102413418 0.0618666969
-0.0764590204 -0.00330614555
-0.0181428045 0.0254989117
0.0591227934 0.0611901619
0.0568838045 -0.0371826068
-0.0523981377 0.0151411304
-0.0748641863 -0.0056032096
-0.0217541922 -0.084939383
0.013755383 -0.000422863523
-0.00189225946 0.0438103825
-0.0109830191 0.0561038442
0.0382998884 0.0199059155
0.0291459356 0.000957297161
0.0330835991 -0.02829138
0.00035566694 -0.0599984452
-0.0222168751 0.00567485532
-0.0138966851 -0.0338843949
-0.00306392112 -0.068376109
0.0496418662 -0.0599758141
0.00666230917 -0.0434124731
0.00575758098 0.0537199862
-0.0106340377 -0.0538251102
-0.00682709552 0.00136053958
0.0411156118 0.0551265329
-0.0159514863 -0.0423657522
0.0149829416 0.0460882038
0.0161028933 0.0884076357
0.0275125224 0.0778946504
0.0407104753 0.0145008266
0.00250013568 -0.0376574434
-0.00548588112 0.064969413
-0.100014523 0.0226282086
-0.0528002419 -0.0133658554
0.0428345874 0.0603554957
0.0281584654 -0.00330427219
0.0192221962 -0.0607315637
0.0366098955 -0.00999998953
0.0473920889 0.0325300507
-0.0165893231 0.00461073453
-0.0585067533 -0.0487617068
0.0255035032 -0.0448530652
0.0211096853 -0.046133671
-0.0398292243 -0.0345883034
-0.0363052972 0.00302759558
-0.0477566235 -0.0272437278
-0.0306360461 0.00705031399
0.0139863277 -0.0055509042
-0.0338597298 -0.0531365238
-0.0110504953 0.0429172702
0.0340599082 0.0813787282
-0.0234733149 0.0449451283
0.0260540247 0.0368460268
0.0427766964 -0.0140855741
-0.0702856258 -0.0272837747
0.00224939594 -0.0304851569
0.0843103901 -0.0293423031
-0.0145029081 0.0107464315
0.0397234187 -0.063221693
0.0213497169 -0.0115851676
-0.0229704082 0.00884222426
0.0412694439 -0.0687658265
-0.0835551471 0.0433533937
-0.049757719 0.0290127452
0.035380397 0.0302554667
0.0533187985 0.0239039212
0.0264644437 -0.0109621529
-0.0383259282 0.011286593
0.0786634833 0.0209631436
0.0748477131 0.0499726273
-0.0101902746 -0.0229549687
-0.00812251028 0.0272311065
-0.0457448848 -0.0149318893
-0.00207712245 -0.0639755949
-0.00451543042 0.0774557292
0.0328101441 -0.0241694413
0.0489045046 -0.0286290366
-0.0279769842 -0.058813896
0.0337308608 -0.085629195
0.079665333 -0.00982840266
-0.00308059645 -0.0536061525
-0.0350262038 0.0317497104
0.021076845 0.0331447609
0.0108156046 -0.0826391503
-0.0405871309 -0.0172408819
0.0771773309 -0.00747403316
0.0693443641 -0.0189726688
-0.0671952516 -0.0364795141
-0.0556336343 -0.0367718711
-0.00855494663 -0.00469294237
0.0472212024 -0.0715642497
0.0580017157 -0.0400211029
0.0546878316 0.00398350321
0.0428350717 0.00900879689
-0.000572861696 0.0347433276
0.02142011 -0.0112107079
-0.0304589327 0.0396716073
-0.0168072283 0.0391878597
-0.00734226266 0.00547436485
-0.052541282 0.00493987044
-0.0086122239 0.00908655208
-0.048215095 0.0235284511
-0.00315361214 0.012525592
0.0441308431 0.0435887352
0.0268449169 -0.00993150193
0.0678181648 0.0303143654
0.0635635629 -0.00082917558
0.0897750705 0.0158637948
0.0227169674 0.107189789
-0.0401865207 -0.0368368104
0.00273439777 0.0218880977
0.0218710098 -0.0294346288
0.0358009413 -0.00827287603
0.00176011212 0.0666808635
-0.046062991 -0.0319259875
-0.00766453752 -0.00108704867
0.0290875435 0.0024269321
0.00356782996 0.0734795406
0.0514960513 -0.0130293984
0.0153251225 -0.059435457
0.0227890387 0.00423940597
0.0526613779 -0.0363652408
-0.0384322144 0.0585003644
0.0359272696 -0.00313427206
-0.00726462342 0.0322089493
-0.090265058 -0.00244284584
0.00938292127 -0.00739156036
0.00213298667 0.03831717
-0.0323324539 -0.0349128507
-0.0868095681 0.0835899934
0.0202601254 0.0332439281
0.0610533543 -0.0619430766
-0.0208166372 -0.0024343282
0.00987132452 -0.0299954955
0.0323408991 -0.0486145727
0.0341379307 0.0462576672
-0.0213461798 -0.0223646592
-0.0197184626 -0.0048686415
0.010741449 0.136845961
0.0579463392 -0.0207820609
0.0115053486 -0.0632110462
-0.0417975634 -0.0305307731
0.0600293279 -0.0312227923
-0.039721556 0.0595558025
-0.0701649785 0.0336977169
-0.00497829448 0.0134484628
-0.0500330143 0.0305699743
-0.00705577247 0.0508554354
-0.05255026 -0.00288569811
-0.0279052388 -0.0198767316
-0.0333637968 -0.0405395888
-0.0730095506 0.00265053287
0.0108634783 0.0254683979
0.00769221596 -0.0742823035
0.00550121441 -0.0112122279
0.0099519277 0.0242701452
-0.0521047898 -0.00088214362
-0.0313046984 0.0232236236
0.0653171763 0.0402672142
0.000493197236 0.0131143807
-0.0644654855 -0.0137396362
-0.0561810844 -0.0352094918
-0.0201651305 0.0293250307
0.0507104509 0.0939777717
-0.0686145127 0.026157381
-0.00721540023 -0.0302878674
0.0728959814 -0.00900125876
-0.0242083538 0.0206635762
0.0956284031 -0.0373425893
0.0762668252 -0.0236587524
0.00216808543 -0.0137802642
0.00612211926 -0.0642310753
-0.0129307294 0.07285662
-0.0277067758 -0.0505210198
-0.00892416202 -0.096019581
0.0887937322 0.00786105171
0.00703984266 -0.0274313018
0.00637637032 0.0289354082
0.0556416139 0.0113384826
0.0304908361 0.024639193
0.0304667056 -0.0321997032
-0.0602168925 -0.00936042517
-0.0228447579 0.0571464896
-0.00603892794 0.0135035794
0.0528758876 -0.00261406344
0.0241497196 -0.0354569256
-0.0504173636 -0.0168236233
0.0703971311 -0.0160087496
0.0127849644 0.035326235
-0.0414662287 0.0385371484
-0.0423960984 -0.0424924046
-0.0419550352 0.00617173361
-0.0190587249 0.0158394743
-0.00312222564 -0.067397438
0.0733487308 -0.0150189372
0.0220661126 0.108911142
-0.00636565639 -0.0378956981
-0.0277514178 -0.0242079999
0.00592026813 0.0449482873
0.00465773977 -0.0568480603
-0.0674569607 -0.00748615572
-0.00572659262 0.0151598677
0.0398264378 0.0094972821
-0.00529457023 -0.0201320928
-0.055017475 0.0107210753
-0.0626112819 0.0113619473
-0.0360312201 -0.0522568934
0.0468207076 -0.0253736284
-0.0198741388 -0.0156143662
-0.0852901936 0.0329106748
-0.02314068 -0.00166534167
-0.0124455523 -0.0500468425
-0.00191878574 -0.0170292165
-0.0157698188 0.0214247908
-0.034811981 0.0621397682
-0.00817513373 -0.0284108687
-0.0468325764 -0.110685028
-0.0407074988 0.0698069409
0.0470054969 0.0922605321
-0.000651901704 -0.0441477038
0.0245568845 0.0344245918
0.038554769 0.0152058452
0.0279156063 -0.00891506299
-0.013108572 0.00339211617
0.0362473242 0.0397228599
-0.00860154536 0.0260065217
0.0245429017 -0.0489858203
0.0830746964 0.0196737442
-0.093948774 -0.0420715995
-0.0076867505 -0.0524421297
0.0153324436 0.0449423119
0.0164108444 -0.00400198717
0.00761686685 -0.0201775543
-0.07343027 0.0058600069
0.0757095292 0.0818828642
-0.0525286533 0.0408329442
-0.0845374614 -0.0332880914
0.00791445747 -0.0155953392
-0.0154982898 -0.0270263273
-0.00216251961 -0.0231928248
-0.0206892509 0.0106506106
0.00462830579 0.0060536149
0.023877956 0.0427184738
0.00679001072 0.0428174101
-0.0119384062 0.00284446753
0.0721036792 -0.049897626
0.0340236463 -0.0443855152
-0.0364417769 -0.00333215157
-0.0296353921 0.0184353832
-0.0433330424 0.0523589775
-0.0481938012 -0.00293607661
-0.0164392777 -0.00571967522
0.100530215 0.0428455211
0.0127771627 -0.00281728432
-0.0579610765 0.0726705492
-0.0204439722 0.0430485792
0.0178721417 -0.0379973426
0.0456296913 0.0020492177
-0.0524529777 -0.0182962101
0.00236913422 0.0114476485
-0.047356341 0.00832809415
-0.0743373111 0.0551669672
-0.028260313 -0.00662068278
-0.0282672923 -0.0461358093
0.00453467388 0.0029923697
-0.0907087326 -0.0109813819
-0.00596912298 -0.00366352755
-0.00940200314 -0.0426907539
-0.0818497688 -0.0240413398
0.0671850964 -0.000466414233
0.0337025709 -0.0137954364
-0.0800335109 0.0335581712
-0.0614726655 -0.00729329372
0.0438129082 -0.0175375249
0.0874710456 -0.0163676199
0.0432500653 -0.0303812046
-0.0627119988 -0.0505419932
-0.0411097594 -0.0261136573
0.0169441383 0.0115182986
0.0291252434 0.0358814672
0.00624182029 0.0607483424
-0.0419031754 -0.0211322885
-0.0355035141 -0.014039482
-0.067094855 0.0409520231
0.0453652628 -0.00446166843
0.0764518306 -0.0690281391
-0.0211808104 -0.00413681613
0.0174355395 0.0066273883
0.0206601229 -0.0379304886
0.0187265426 0.0225816723
0.0208666194 -0.0254956298
0.0467401184 0.0112431105
0.0198270082 0.0100628277
-0.000264315109 -0.0912630111
0.0085386401 0.0166435018
-0.0284393728 0.0586899444
0.00655768625 0.0351610072
0.0103592221 0.0324632637
-0.0658358708 0.0283761714
-0.0731933638 -0.0129977548
0.037187878 -0.0107175689
0.00363040739 0.06619443
-0.0176057667 -0.0148544069
0.0186421778 -0.0604881793
-0.0387033038 -0.0173345972
0.00113248918 0.000787354249
-0.0331307352 0.0179477781
-0.0183459166 -0.060873989
0.0245195236 -0.0135276429
0.0395620316 0.0821779519
-0.0169115067 0.0428961441
-0.0286607724 -0.0545259453
0.0901137888 -0.0368979871
0.0294340961 -0.0184022356
0.0451975837 -0.007744723
0.0120645445 0.0768370777
-0.00604895595 -0.000806186348
0.0742195547 -0.0466867872
0.0198029876 0.0209471863
-0.0151332421 -0.0426611714
-0.0776829645 -0.0428349264
-0.0351225957 -0.0263642594
-0.00815230981 -0.066143468
0.00240191584 -0.0786602646
0.0475237109 0.0389363654
0.0407678299 0.0829572007
0.0562844686 0.0338766985
0.0109418724 0.0163843911
0.0696724579 -0.0296988655
-0.0303319823 0.0299834404
-0.0843451917 -0.0558166988
0.0365568958 -0.126827791
0.00203336659 0.0104792584
-0.00458141649 -0.0433392674
-0.0554463789 0.0215614494
-0.0935202762 0.0557058603
-0.0273336172 -0.0468638204
-0.0577302612 0.00778984698
-0.0199375823 0.0138305705
-0.0431839339 0.0239178855
-0.0306682829 -0.0255225748
-0.0148749352 -0.0130774695
0.027194282 0.000819279696
0.0181464087 -0.0685199425
-0.0834923461 0.0102388496
0.0352855325 0.0351413675
0.0432201736 0.0129376594
-0.00285183056 0.0363189988
0.0502232723 0.0859583914
0.048221644 0.016331058
0.0532906763 -0.0261487756
-0.0326465964 0.0731199905
-0.0227832384 -0.0267698299
-0.0383818261 -0.026809521
-0.0441677645 0.0908370689
0.0512228161 -0.0591701493
-0.0105198557 -0.013973563
0.00888157543 0.0710786209
0.0401322842 -0.0111800823
0.0364135802 0.014715666
-0.0428243726 0.0573221222
-0.109247863 0.0523179397
0.024303738 -0.024103865
0.0391478091 -0.0619053841
0.0860216394 0.00261561642
0.0458931066 -0.0412306413
0.00935183652 0.00495246798
0.0884185657 0.069821015
0.00059580896 -0.010354761
0.0103762988 -0.024498526
0.0308817718 0.00959451683
0.0107736783 0.00187064754
0.100288898 0.00231954828
0.0487229712 -0.0187190361
-0.0126995677 -0.00562022859
0.0346030481 -0.0112044076
-0.00364259141 0.0225495435
0.0181026533 0.0405832492
0.0287886523 0.0195971988
0.0146274874 0.106407486
0.0576244742 0.0893527046
-0.0162068568 0.00118793652
-0.0005639788 0.0110666361
0.0196453389 -0.0403064638
0.0469439588 0.0167965759
0.0345114283 0.057670787
-0.0459710099 -0.00954535604
-0.00881164148 0.0341912135
0.00426540291 0.00573081942
-0.00828827918 -0.0421578251
-0.035282407 -0.0165497921
0.0169842411 0.00157984684
0.0244678184 0.0565569326
-0.00811207201 -0.0129670864
0.0364459492 -0.0586171076
-0.0278654434 0.044250682
-0.0169083104 -0.00930093694
-0.0398000702 0.018063359
-0.0240845792 0.0844539329
0.0245904177 -0.0472573601
-0.0350666046 0.0171167385
0.0504396223 0.0801814571
-0.00838167407 0.0398399159
-0.0155024864 0.0192112215
0.0458816513 -0.0761645362
-0.0614706613 -0.00795369223
0.010035119 0.0149527285
0.0236627422 -0.020981133
-0.0150441844 0.0258923639
0.0609010905 -0.0104207611
0.0246492345 -0.0337787457
-0.0468491167 -0.0236462262
0.0192019511 0.0118335923
0.0275417939 0.0452516973
-0.00978181046 0.00391527079
0.0282830708 -0.0497091785
-0.0232973043 -0.0268043727
-0.00635162089 0.0156814456
0.0111704096 -0.0513232127
-0.0564907379 -0.0872825757
-0.0108375959 -0.0422969647
0.0004165805 -0.0113956966
0.000740979973 -0.00376112503
0.0154095711 -0.0348268077
-0.0101490682 -0.00114165084
-0.0275005773 0.0561043173
-0.0208431631 0.0353781395
0.0442929342 0.00489912927
0.00042708384 0.0299185775
-0.020713184 0.00266030408
0.00167659507 0.0391850099
-0.0269839391 0.0299880821
0.0361803994 -0.0823634043
-0.0113559533 -0.0057928646
-0.00374553818 0.00892013405
0.0752658695 -0.037246
0.0850429684 0.0567428358
0.0385944806 -0.0293840952
-0.0572377369 -0.022984216
0.0100974599 0.0478216819
0.00834842492 -0.000335911929
-0.0211138129 0.0435195602
0.0197056253 -0.0172889493
0.0254474953 -0.0353326276
-0.0575434044 -0.0169172436
-0.0809109583 -0.0747624636
-0.0607676134 -0.0156107424
-0.0909770355 -0.0349811912
0.0176203474 0.00734856445
-0.0451321229 0.0252619367
-0.0125051439 -0.0279362071
0.126599669 -0.0297046416
-0.0323645696 -0.0935147256
-0.0244445316 -0.0129095381
-0.0849769488 0.0331475586
-0.0609513074 -0.00112016231
0.0277581122 0.0286345053
-0.0439206026 -0.00733694201
-0.0401243567 -0.0495221764
0.0253270064 0.00130609435
0.0359488092 -0.00597723573
-0.0264892168 -0.0158193745
0.0449382253 0.0504661314
0.0327652916 -0.0280475374
0.01216863 -0.0789216831
0.0375070982 -0.0210949238
0.0212518796 0.0405647792
0.0221047718 0.0512459092
0.000543369446 -0.0166573506
-0.0196829531 0.00992596429
-0.0694798604 0.0466703437
-0.00266869529 -0.0352521241
-0.01207856 -0.110435113
-0.0650611669 0.0577003583
0.0149662625 0.104223758
0.00653310725 -0.040615648
0.0190938301 0.0397182554
0.0360417739 0.0307053868
0.032749936 0.000659698038
-0.0078415079 0.00251115649
0.0167685654 0.0485299975
-0.0140264872 0.0317658707
0.0430012569 -0.044463098
0.0874578878 0.047417406
-0.0788850784 -0.0637596995
0.0137719149 -0.0574994907
-0.000392806891 0.0463752449
0.00905082375 -0.000121388759
0.0225416813 -0.0236540195
-0.0764406845 -0.014119368
0.0369639993 0.10260205
-0.0682436824 0.0324360356
-0.0737121776 -0.0651767626
0.0114465049 -0.00968584046
-0.00274716667 -0.0313357636
0.00633497629 -0.0141747454
-0.015052598 0.00319311279
-0.00877860654 0.0160812344
0.00353982858 0.0442185625
-0.00973353349 0.0272439197
-0.0238187462 -0.0229227338
0.048246894 -0.0158497319
0.0464289486 -0.0408827364
-0.0257726256 0.0289248172
-0.0356333368 0.0771235004
-0.023391204 -0.0502658263
0.028376285 0.0163083244
0.0361884162 0.0827579349
0.0184568632 -0.0299523082
-0.0104828803 -0.0219325777
0.0240743551 -0.0391273312
0.0558867455 -0.00531538483
0.0461718068 0.041174639
0.0195238683 -0.00411720527
-0.0561262406 0.02813733
-0.0294459444 0.00115818589
-0.0255006831 -0.024913501
-0.0751640424 0.0507217646
-0.066135928 0.0808860883
-0.0470216535 0.0571126603
0.0108144786 -0.0316024385
0.0236295331 -0.0446317606
-0.0193773713 0.0470916629
0.00420075469 -0.0398036428
-0.00528420508 -0.0943589956
-0.0140103335 -0.0213512462
0.0261983313 -0.0175815132
0.0292898268 0.00455472572
0.00693413289 -0.00134818361
-0.02102804 0.0212101731
0.029107688 0.0408997871
0.0415209644 -0.01207304
-0.0061461404 0.0254061632
-0.0326225162 -0.0357627235
-0.0397119708 -0.0940030143
0.0234753527 0.0116911512
-0.0484386571 -0.0349263288
-0.00947150122 -0.0763570294
0.0231494792 0.0189766474
-0.0667724013 0.0733184293
-0.019204028 0.0416518785
0.0501464494 -0.0446006022
0.0531700924 -0.0246523619
0.0141042843 0.00632241461
0.000575650483 0.0765800551
-0.0145933349 0.0951319933
-0.0326016471 -0.0605102628
0.0472113341 -0.031227719
-0.0323212296 -0.0140551999
-0.0877631977 -0.0153836878
0.0211045053 0.0278542079
-0.0306631643 0.0119708832
-0.079288885 0.0155029828
0.00286653079 -0.0472847037
-0.0156710874 0.00583485281
-0.0417386778 -0.0724865422
-1.79821291e-05 -0.0542149134
0.024029946 0.0486590676
0.0241411626 -0.0625019148
-0.0308640376 -0.0384176597
-0.0382668152 0.0500145331
0.0394596271 0.0490007997
0.0780268684 -0.0766330212
-0.0244046282 -0.0963647515
-0.0368775874 -0.0330120772
-0.00820958149 0.0150278974
-0.0163454805 0.0505861491
0.0273590349 -0.0690125152
-0.039034754 -0.0427830182
-0.0081224246 -0.0320254602
-0.0243263226 -0.0112855444
-0.0602250583 0.0255437065
0.0138781732 -0.0473938324
0.001078784 -0.00515863299
0.0197382607 -0.042025838
-0.0163252838 -0.0572954714
0.0135831451 0.0292926691
-0.00337245618 0.0523358025
-0.0216161087 0.00579682318
0.0439099893 -0.0180918146
-0.0144801652 -0.0561120324
0.058104787 -0.030648306
0.0290539395 0.0128757898
-0.103172764 -0.0246975999
-0.00106573245 0.0563002713
0.0473710708 0.00873318873
0.0167356208 -0.0304277334
-0.0666510761 0.00283817505
-0.0521540791 -0.000322558131
0.0472177677 0.0306287352
-0.0244579073 0.00141350215
-0.0634275526 0.0231020283
-0.0128871752 0.00739515573
0.0469276793 0.00800062716
0.0188602768 0.064689368
-0.055866871 -0.0162679534
0.00582143385 -0.0110203354
0.0302388687 0.0519181676
-0.00370051432 -0.0235925503
0.0369361266 -0.00664042681
-0.0587932952 0.0100926552
-0.0735729933 -0.100907154
0.0502682738 -0.055765193
0.0058024805 -0.0622792095
0.030279791 -0.0640745535
-0.0150439935 0.0439214855
-0.0132149458 0.0455536433
0.0598684773 -0.00695105223
-0.0141817862 -0.0390728116
0.0585435219 0.0125266537
0.00282493653 0.0221940242
-0.0668737888 -0.0673185512
0.0603943355 0.00409323908
0.0386425257 0.068157509
0.0243981648 -0.0120561756
0.0152562056 0.0675810724
0.0140047166 0.0648741275
-0.0328606293 0.0338311121
-0.0792059749 0.0821592659
0.0256798062 -0.0645601749
0.0317584351 0.00209083897
0.024132289 0.0889531523
0.0154341795 -0.012966238
-0.00701307273 -0.002264451
0.0156310797 -0.00482185045
0.0216228943 0.0653573498
0.0620092079 0.0718708187
0.065192759 0.0437796712
0.0788113698 0.0374437235
-0.000968325767 0.0402166545
-0.0714742243 0.0832213908
0.00356549141 -0.0229808073
0.00719448179 0.0215481352
0.0035998174 -0.00790850725
0.0266540553 0.00486175902
0.0255642887 0.0281956308
0.0263087936 -0.00653411122
-0.0231652185 0.0666707233
-0.0189493001 -0.045388259
0.0132796569 -0.00185554184
-0.0718990341 0.0261771604
-0.0206165817 -0.0198058225
0.0539330095 0.00337268831
-0.0408253781 0.0416113287
0.015649559 -0.00726693776
0.0429317169 -0.0536130071
0.00751186209 0.0753270686
0.0113965077 -0.0498511121
0.0138794966 -0.0945481062
0.0406671762 -0.0097686341
0.0219028275 -0.0460752323
-0.0393006541 -0.0139259538
-0.048562035 -0.0317467377
-0.00437317509 0.0289223995
-0.0357395858 -0.00111154735
-0.110328041 -0.00977940764
0.0107153235 0.00797940046
0.0491271242 0.0038836801
-0.0771628618 0.0285102762
-0.0320373699 -0.00788532384
-0.0344647653 0.000624482404
-0.0833667517 -0.0408727489
0.0629193932 0.0159242544
0.000231345475 0.0441489369
-0.00833309721 0.00919120573
0.0563819967 0.0197956637
-0.0202792473 -0.0585413538
0.0402148888 0.0122797955
0.0378573872 0.0358597822
0.0415455066 0.0124638462
0.0413302332 0.0678954795
0.00229838258 -0.024490973
0.0149665885 -0.0646387637
-0.0352666564 0.0171534047
0.0173184741 0.0350575782
-0.0221451651 0.0114266444
0.0635491535 0.0654878691
0.0506316163 -0.0191407446
-0.0344382934 -0.0136225205
0.0614986755 0.0271010902
-0.0271685347 -0.0448535755
-0.0344081596 0.0719940811
0.0174347702 0.0729801804
0.0544324368 -0.0138270315
0.0410714708 0.0372514129
-0.00723829539 -0.0539805479
0.0409930423 -0.0769111589
0.017532561 -0.00566138141
0.0187347848 -0.0281586777
-0.0591567457 0.000739747251
0.0107024666 0.0130601069
0.05257966 0.0350034274
-0.0106209759 0.0340216681
0.00576033443 -0.0175933018
0.0214195158 0.0639797896
0.0691997036 -0.00767722493
-0.0275469907 -0.0417722538
-0.0142678497 0.0248753298
0.0233314913 -0.0389500856
-0.0234553143 0.038915813
0.0284388065 0.023133304
0.0183178633 0.00362884393
-0.0196742993 0.00328561943
-0.0838609859 -0.000716325827
0.0294436272 0.0175472889
0.0475637838 -0.084593311
-0.00696496852 0.0123708099
0.0816267878 0.0125381006
0.0513746217 -0.024290245
0.0196773559 0.0670522302
0.0468941629 -0.0407439321
-0.0553111732 0.000177486305
-0.0922808424 -0.0194513034
0.0170501694 -0.0626633912
0.0283038598 -0.0398983397
-0.00178836391 -0.0970135331
-0.0821799338 0.0324297063
-0.0906156674 0.0224561431
0.0047012181 0.00049618457
-0.0798713863 0.0259861443
-0.0577450991 0.00712555973
0.0220477432 -0.0255246684
-0.00800623465 -0.0750624612
0.0523136444 0.0541914962
0.068143934 0.0230411123
-0.0110206716 -0.0107447645
-0.054699719 0.0541206039
-0.0308816899 0.0576032586
0.0241870843 0.0148544405
0.0732937679 -0.0719315708
-0.00106939767 -0.00259553711
-0.0275675692 -0.0572476238
0.0110382354 -0.0577040985
-0.0220702998 0.0584634505
0.0253116377 0.00583537901
0.00297200494 0.0199245401
0.0258173328 0.0143145202
0.0557343736 0.0504833907
-0.00134380546 0.0388537943
-0.0249788668 -0.0495308228
-0.00373727386 -0.0855519846
0.0227797739 -0.051809527
0.000982134836 0.014840561
0.0229327604 0.0190245975
-0.0273451768 0.0563975386
-0.0464398637 0.035441719
0.0020327121 0.0116465827
0.0184501484 -0.0228179805
-0.0608183704 -0.0445791073
-0.0756182 0.0572025515
-0.035771329 0.0612298325
-0.113254257 -0.0131146451
0.00819674786 -0.00847569481
0.0390298143 0.0125071807
0.00469547324 -0.00692015234
0.0602472275 -0.0379745439
-0.00845214631 -0.0308710989
0.0526784547 0.00127605151
0.06128034 -0.0315758586
-0.029900685 0.0155001469
-0.0583129451 0.0624611527
-0.00374842971 -0.0564769171
0.024649268 0.0265004821
0.0153056299 0.102984071
0.0255968608 -0.0153483022
-6.71285379e-05 -0.0242564045
0.0356459133 -0.0277924016
0.0556899644 0.0160406344
0.0323194005 0.0553992763
0.0207472742 0.0108202351
-0.0659551024 0.0120617449
-0.0283605829 -0.000936231227
-0.0208808854 -0.0334998406
-0.0950305238 0.0249806195
-0.0947721228 0.0618597232
-0.0556915812 0.0400960445
0.0191052798 -0.0285483468
0.0396563597 -0.0317261703
-0.0347933844 0.0365144461
0.0210961737 -0.0320895426
0.0297483634 -0.0893996954
-0.0119676841 -0.0232217424
0.0340478718 -0.00701031927
0.0399548188 0.0192063712
0.0110115455 0.00514471158
-0.0172169358 0.0168402046
0.0220965687 0.043595098
0.0433982536 0.0052048699
-0.000923747953 -0.0341871642
0.0395531431 0.0327309556
0.0678555146 0.0387660414
0.0438864268 0.00730817672
-0.0300347954 0.0431117937
-0.0116615761 -0.0239084773
0.0135923112 -0.0376897827
-0.00581091736 0.0190991126
-0.0628599897 -0.0256331153
0.0240613371 -0.061999198
0.0554587394 -0.0459504165
-0.0544101745 -0.0915763602
-0.0116890203 -0.00881970115
0.0571506619 0.0425949171
0.0127862096 0.0342255421
-0.0385714769 0.00924664736
-0.0952360332 -0.0446940809
-0.0265186112 -0.00240663253
0.0450119264 0.00949724857
-0.0289263073 -0.00638384651
0.00448559737 -0.0248385184
0.044982221 -0.0252225716
-0.0115199946 0.0197261851
-0.0853332654 0.0035627957
-0.000731966808 -0.0365161821
-0.000713356538 0.0111383749
-0.0912687853 -0.0473672412
-0.000464485143 -0.0307736285
-0.0128698032 0.0719344541
0.00431073969 -0.0309142936
0.0352746174 -0.073279269
0.0123717245 -0.0585082732
0.00997032784 -0.0803848952
-0.0495375395 -0.00598517293
0.0246526748 0.00823578238
-0.0235080514 -0.0701609701
-0.0948694199 -0.0183620229
-0.0287947599 0.0102411462
-0.00108399929 -0.0568822585
0.00240026601 0.0185849294
-0.0242017936 0.00883560441
0.00221315096 -0.0191522408
-0.0359157771 0.0720469132
-0.041844774 0.0657950565
-0.0362308882 -0.0235782415
-0.124748446 -0.0427202582
0.0134633593 -0.0304263439
0.0971001089 0.00451131724
0.00466036191 -0.0398763791
0.0295053683 -0.0269113276
0.0166064054 0.0349987075
0.00308290962 4.8144655e-05
0.0415537916 0.0199702829
0.0348619856 0.0128680039
0.116400026 -0.0428432748
0.0732373446 -0.0398843028
-0.0380426385 -0.0338940993
0.0224324148 0.0313637368
-0.0818466097 -0.00511712534
-0.0170304533 0.0364457592
0.0380026177 0.0134042492
-0.126078188 -0.06389907
-0.0264028478 0.0098606227
-0.00557073159 -0.043028716
0.0274462085 -0.0358548351
0.0682369694 -0.00864280947
-0.0380267166 -0.0221790262
-0.0153479893 -0.0206076521
-0.00774259446 0.0213561319
-0.0058820704 0.0735239536
0.00569437305 -0.04652334
0.0211804099 0.0276094656
0.0143409641 0.0423989333
0.0076832897 -0.0349860638
-0.00471717305 0.0421169326
0.00345237879 0.0457174778
0.0432385765 -0.00626849383
0.00903051905 -0.0492686555
0.063387841 -0.0235700868
-0.0193889458 -0.0621319078
-0.0454809181 -0.00286488002
0.0638704076 0.0699987262
-0.0260187909 -0.0421696454
-0.00230119983 0.0147817777
-0.0220018011 0.0368095152
-0.071345143 0.0705366507
-0.0644001961 0.10656774
-0.079261966 -0.033402957
0.0183484517 -0.0469827913
0.0374989435 0.0951049179
0.0582939498 0.0558356419
0.0285966042 -0.0114738075
-0.0413368307 -0.0076799579
0.0102640213 -0.113288276
-0.0249476507 -0.0484324172
-0.0289567988 0.0489681698
0.0148561466 0.0344558768
0.00436563557 -0.000746568781
-0.00407290179 -0.0216039531
-0.00198246934 0.0406545103
0.040475551 0.00962283649
0.0370285064 0.0210402906
0.00385134155 0.0147707118
0.0116858939 0.00636588223
-0.0350329094 0.108260646
0.0500917621 0.052875638
0.10782259 0.0204809103
-0.0264301747 0.0205306299
0.0169999637 -0.0235539172
0.0202620104 -0.0309712775
0.0316960253 -0.0156922732
0.0359040052 0.00679471344
-0.028428996 0.0209242702
0.0476864576 -0.0260961652
-0.0280318018 -0.0224865917
-0.00476143789 -0.0266479626
0.0271346383 -0.00334872142
-0.0390858985 0.0783114806
-0.0424826443 -0.029234495
0.0206571501 -0.0683559254
0.0899182335 -0.00632681744
-0.0813036412 -0.0714130625
-0.0387527347 -0.0461900607
0.0898571461 -0.0516198985
-0.0135231502 -0.0548814647
-0.0567249916 0.0487991981
0.00295598852 0.0228872579
0.0411507152 -0.0250797234
-0.0222726054 -0.0209382009
0.0675358549 0.0284559783
0.0366958566 0.0418293439
-0.0808186755 -0.0218713172
-0.018264275 0.0283721853
-0.0394205004 0.0186365228
-0.0121585093 0.0396692455
-0.00564778503 0.0257595778
-0.037711706 -0.0527792349
0.0357679725 0.0146902455
0.000145126396 -0.02655196
-0.0773389041 0.0108758826
-0.0210914426 0.0320985839
0.0364938527 0.000286394759
-0.0174428783 0.0406631529
0.0123072704 -0.00540528353
-0.0408140123 -0.00422147429
-0.0100643598 -0.0701599941
0.041413974 -0.0394452997
-0.0396185257 0.000982394209
0.00550284283 -0.030419888
0.0274512786 -0.0179731306
-0.0331854858 -0.0815752372
0.0566179156 0.0157986786
0.0312974714 0.0140309297
0.0157833137 0.0289876554
0.00466114841 0.109005071
-0.0907265916 -0.00708099548
-0.0303003453 -0.0380611494
0.0209169425 -0.0476660393
-0.0142803499 -0.00404347572
-0.020184638 -0.00727023138
-0.00736960582 0.0329380408
0.0170860104 0.0117762173
-0.0502280071 -0.0820874795
-0.000747810409 0.0186988823
0.0195377152 0.00826814678
0.0149849318 0.0267119016
0.0392540693 0.0752662793
-0.045737125 0.0240360871
0.0383647382 0.014641515
0.0559563488 0.0244004149
-0.028797375 0.00781142013
-0.00243812986 0.0363218971
-0.000380689948 0.0472369045
0.019643696 0.0145774456
0.0197574832 0.0267006923
0.021458488 0.0325233936
-0.0236384347 0.0222120564
0.0456623323 -0.0178855658
0.0581240803 -0.0639041066
0.0158938207 0.00582701201
0.035655234 0.0109301386
-0.0534263737 -0.0437795483
0.0244804416 0.0425236188
0.0654357597 0.0798743069
0.0664662272 0.0332933441
0.0554680191 0.00586047396
0.00685933698 -0.017759718
0.0150646614 -0.00662224879
-0.0340202004 -0.0542692356
-0.00809784606 -0.0211523548
0.00715135224 0.0527398996
0.00430439599 0.0480711758
-0.0240745842 0.0928506404
0.0164903495 0.0327260755
-0.00413041934 0.0270222966
-0.104199842 -0.00525871618
0.0221767277 0.0367585383
0.0333409831 0.0460732691
-0.0143606421 -0.101208597
-0.0209344272 0.0452799797
-0.0388867743 0.0375167392
0.0407247506 -0.0784128681
-0.036039412 -0.0166817028
-0.0664191768 0.0534350909
-0.0181256402 0.0708559901
-0.0165944733 -0.0435823165
-0.037309669 -0.0557337403
-0.0454283282 -0.0236612912
-0.0172902588 0.0420766734
-0.011925769 0.051028654
-0.0230039191 0.000442845136
0.0391709283 -0.0402326621
0.0471889153 -0.0502099879
-0.0168598797 0.0220822543
-0.0110201538 -0.0283242743
0.0249450188 0.0485639758
0.0428427942 0.0239826869
0.0334884487 -0.0655604228
0.0459259972 -0.00276001962
0.039905183 -0.0377862714
-0.0234873872 -0.0389289036
0.00173674873 -0.039120879
-0.00943900272 -0.0236422252
0.0155158034 0.0183693599
0.0444587953 0.0686029941
-0.0194615535 0.0305036046
0.043147061 -0.00731642544
-0.00441333652 0.0427928343
-0.0609276518 -0.0429064073
0.0254124552 0.00260949251
0.0530417524 0.0312156603
0.0879581273 0.03655136
0.0082530966 -0.0128304102
-0.0745884925 -0.0210853405
0.0181958601 0.0542210452
-0.0212934501 -0.00940637942
-0.00024042638 0.0296494532
0.0278010815 -0.0234920029
-0.0407694615 0.0213639047
0.0227080099 0.00912368018
-0.0411095656 -0.0383607075
-0.0517265759 0.0423515253
-0.0128788408 -0.0934093446
-0.0570390113 -0.0319089033
0.0390577465 0.029814329
-0.0253774878 -0.0135949841
-0.00322618079 0.052915331
0.025931621 0.0501855649
-0.0542871654 0.00848539174
0.0546215437 -0.041770786
0.0518615469 -0.00633292319
-0.0319220871 0.0130105997
-0.0625915229 -0.0453378037
0.0407838263 -0.0521787889
0.0140475398 -0.0095691504
-0.0631042272 0.000104105362
0.0133795477 -0.02813573
0.0240080636 0.0411520526
0.0674198046 0.0540433489
0.0374865867 0.0152416388
-0.0410169922 0.0269679185
-0.00348576694 -0.0232866351
0.0271117482 -0.0246948767
-0.0223627295 0.0187116973
-0.060687501 -0.0450360961
0.0362501331 -0.0482317731
0.0664459467 -0.0249725599
-0.0220966358 -0.0920699462
-0.00322958571 -0.0168107692
0.0371319391 0.0616125576
-0.00585239986 0.0292220153
-0.0385115407 0.00400081417
-0.0811052322 -0.0750784352
-0.0217266474 -0.00569084147
0.0382270291 0.0272377748
-0.0172815248 -0.0163950883
0.0104980022 -0.0117026512
0.0506813005 -0.0201260336
-0.01815941 0.020521475
-0.0819792226 -0.0130225793
0.0146266334 -0.0282064863
-0.0132045234 -0.0019376534
-0.0686880201 -0.0707359239
0.00986390002 -0.0256392993
-0.0300935078 0.0625909269
0.0197101533 -0.023317242
0.0551195554 -0.0502026826
0.0192216672 -0.0512576476
-0.106008105 -0.0229682717
0.0282714404 -0.0565084666
0.0836416259 0.0169450101
0.030264413 0.0861598626
0.0353171229 0.0528422594
-0.0569511242 -0.00630643964
0.0292390008 0.0471172482
0.00104547793 0.0506445542
-0.0112306643 -0.0402025953
0.00542339217 -0.0961375162
0.0220937077 -0.0207735095
0.0372284092 0.0393523835
-0.0584602691 0.0223258436
0.0585760139 0.0292133
0.0664226487 0.0212731063
0.0377166308 -0.00159555057
0.0104412539 -0.0393886343
-0.0177814364 -0.0537392721
0.0213620551 -0.0284735635
-0.0233565941 -0.00325743249
-0.0180858299 -0.0173272174
-0.0466741547 -0.0355642065
0.00176553486 0.0143803405
-0.0118608614 -0.0314492583
-0.0258829352 -0.0285484549
-0.0205649491 0.0478933863
-0.0224560834 -0.0125816911
-0.0145665733 -0.0191476718
-0.097349681 0.0250728782
0.00745294429 -0.0185093302
0.0276132096 0.0182930622
0.0200774837 -0.0216310006
-0.00753864739 -0.0939121023
-0.0701452047 -0.0202742703
0.0589448065 0.00833414681
0.00502422499 0.00684780208
-0.00213992246 0.0184445158
-0.0189656541 -0.0157550443
-0.00908953045 -0.016757315
0.00210228236 -0.0385274515
-0.0246765986 0.029701218
0.0447881669 -0.0178664755
0.0143943103 -0.13158372
0.0328768827 -0.00397808151
-0.00233018817 0.00232466939
0.0167439487 -0.0523538217
-0.00153984223 -0.0204033181
-0.00732690468 -0.0330992378
0.0135947345 -0.0379273482
-0.0452718399 0.0291929524
0.039944116 0.119086884
-0.00825396273 -0.0116719306
-0.0206601657 -0.0907867104
-0.00562380394 0.0364060178
-0.0255164783 0.0451731198
0.0240484104 0.0104191741
0.00588890584 -0.0200001989
-0.00393811753 0.0355031453
-0.0255057644 0.0458179489
0.0364986882 -0.0767876506
-5.93290424e-05 -0.00388929946
0.0347064361 0.0198980384
0.060919065 -0.0377772041
-0.00941982865 0.0181610063
0.0324906595 -0.0139029771
-0.00481387414 -0.00860306341
0.00832782965 0.0399867259
0.0428878441 0.0548730455
-0.0394450612 0.0475701839
-0.0201365333 -0.0407415815
-0.0463246033 -0.0185829923
-0.0377233736 0.00410992373
0.0611248128 -0.0293584261
-0.042981524 0.0246819723
-0.0438870601 -0.0146989534
0.0434391275 0.00232031918
-0.0813457295 0.0510421619
0.00636170805 -0.0547462925
0.0524881855 -0.0687884092
-0.0374225713 -0.0795861781
0.00593492575 -0.0874492526
-0.0248278622 -0.00116584415
-0.0144300945 -0.00452461885
0.00445366325 -0.00940486975
-0.0102354074 0.0176858772
-0.0417270921 0.0215526838
0.0356194191 0.0291145425
0.0512242615 -0.0250599608
0.00889447611 -0.026123181
0.0736900195 0.0229996424
-0.0268012192 0.00489251409
-0.0297773294 0.0301836431
-0.0355495252 0.0836627707
-0.125148386 0.0241518263
-0.0332544483 -0.0420807824
0.0348938145 -0.0455437154
0.0500223301 -0.0125560071
-0.0142871272 0.0115826419
-0.0395926461 -0.00623558369
0.00480206637 0.0732043087
0.0121629145 0.11340566
0.0149373859 0.0225951429
-0.0312802084 -0.0112390034
-0.0701108277 -0.001704189
-0.0144105731 -0.0179288778
-0.00621602731 -0.0277417973
0.0148853399 0.00399889424
0.0530724153 -0.0479002707
-0.0598495603 -0.0673230216
0.00518252188 0.0233053491
0.0198578965 -0.0644584298
-0.0741723254 -0.0291685071
0.0312269647 0.0789161995
0.0352096781 0.0321284868
-0.0441358909 -0.0378835537
0.0014821979 -0.0234910436
-0.0138411727 0.0744631588
-0.10163901 0.0449055471
0.024171697 -0.0265761837
0.0800057575 -0.0533316322
0.0254261456 -0.0247270372
-0.0011312156 -0.00409814017
-0.0527241752 -0.0530292764
0.00878478121 0.0429813713
-0.036474444 -0.0157399755
0.0112138931 -0.0606234297
0.0554576144 0.0397245623
-0.0423485711 -0.00802827068
-0.00126756565 0.00767449522
-0.0521548316 -0.0235881824
-0.0425854065 0.0202894565
0.0164824463 -0.0092563564
0.0285055544 -0.0255061202
0.027981177 0.0663422942
-0.0162734445 0.0137682697
0.07836245 0.0396870598
0.0784027651 0.0140738413
-0.00315469992 0.0190155841
-0.0181967188 0.0703114048
-0.0317024253 0.0450324044
0.0757893175 0.0447647236
0.031267859 0.0408878364
-0.0625490248 0.0834189802
0.0191206597 -0.0254512951
-0.0036736296 -0.00497718342
0.0376920477 0.00739193708
0.0622236915 -0.0422518067
0.0207628272 0.0581543557
0.0411549062 -0.0247893538
0.0496226922 -0.0142125133
0.0691962168 0.019201763
-0.0289308205 -0.0264255367
0.00863939337 0.058393959
0.0518714674 -0.00846417621
0.00709099835 -0.0590450168
0.0368309729 0.0113126915
-0.0834730044 0.000833572296
0.0221169032 -0.0202998817
0.0110661732 0.0286397915
-0.0690986961 0.0398203805
0.0076603028 0.0240610484
-0.0209676195 -0.0174988005
0.0775815398 -0.0532118641
0.0115936473 -0.0520910062
-0.0229030158 -0.0190241076
-0.00555078126 0.042525541
0.0203229878 0.00533328531
0.0208010487 0.0419185646
-0.0880898014 0.0577199645
0.0522188134 0.0395919122
0.068117328 0.0954989791
0.0341695175 0.00773097249
0.0010223483 -0.0240784101
-0.0722024962 0.0129212625
0.0100262854 -0.0185679868
-0.0171674863 -0.0821138695
-0.0429452881 -0.0289685074
-0.0257635992 0.0156017253
-0.0467342958 -0.0625902191
-0.0140335383 -0.0134009449
-0.00165128359 0.054312963
-0.0152483936 0.0387653373
0.0329068787 -0.0253428333
0.0240230132 -0.0248072594
0.00762349507 0.0128157381
0.0803640336 -0.0135346996
0.000964373699 -0.00641282788
0.00989157055 -0.0820076317
-0.0691683665 -0.0533499196
-0.115026273 0.0251044761
0.107412659 -0.0274083801
-0.0117031028 0.0126486961
-0.0442168452 0.0756284744
0.0378863253 0.0417652912
-0.0331769325 0.0363390371
-0.0237628371 0.0527527817
-0.0454909056 0.031550128
-0.0151634887 -0.00209194538
-0.0349414237 0.00850398373
-0.0519578271 0.125822961
0.0174488593 0.112287842
-0.00921298191 -0.0455202051
-0.00140292663 -0.0100480104
-0.0166936554 0.00207468658
-0.0321740285 -0.0298542269
-0.0135437408 -0.00460166391
-0.0481604747 0.0110577932
-0.015059148 0.0230220389
-0.0153866354 -0.032288637
0.00785568729 -0.0192142837
0.018426355 0.0070036524
-0.0411557257 -0.0333841108
-0.0180046763 0.0497826859
-0.0589763708 0.0361591354
-0.0276962947 0.04831177
0.0391775966 0.0450206809
0.00590239745 -0.100709982
-0.0706968009 -0.0186473243
-0.0221377965 0.0560703091
0.0230848882 0.0174252279
-0.0352243222 0.00821486674
0.074789837 -0.00107972673
0.0486341491 0.0147095984
-0.0298229586 -0.0414719656
0.0827455223 -0.0728681609
-0.00370957796 0.0240884218
0.0207748357 -0.00416199071
0.0757134408 -0.0502036959
-0.00876874663 -0.00425690226
-0.00562528474 -0.0060989582
0.0188895985 -0.0569828004
-0.00967097189 0.0356510989
-0.0297626015 0.0231183805
-0.0585006997 -0.0479653329
-0.0237592869 0.0327428691
-0.000686010404 -0.0131541919
0.0272228103 -0.0449901
0.032101769 0.0178867131
-0.0276267212 0.0156119047
0.0390675887 -0.0219049584
0.021399498 0.00271445513
-0.0177903641 -0.00155466644
-0.0112141129 -0.0601710938
-0.00608448824 0.0158508401
0.0170949362 -0.0176177174
-0.0237449277 -0.0991933569
0.0384894386 -0.0794440582
0.0912601724 0.00069683569
0.0293520987 0.0567108802
-0.0473393947 -0.00369790033
-0.0533387251 0.0310323499
0.00309576956 -0.0290128421
0.0547505803 -0.00425032852
0.0183005854 0.0605461299
0.00128346134 0.0021919026
-0.00671221409 0.0247376319
-0.0896260738 -0.0581845045
0.0454313308 -0.041597262
0.0757003501 0.0533615761
-0.00365557102 0.0909302384
0.0142471809 0.0617733225
-0.0529000461 -0.0204810333
0.0216983203 0.0472532772
-0.0138669293 0.0476579666
0.00677612564 -0.0382005274
0.0311417319 -0.0914580077
0.022393398 -0.0187457222
0.0201146249 0.0585364029
-0.0618749261 0.00841930695
0.0426222794 0.0481061041
0.0575819947 0.0357676297
0.0288453121 0.00969558489
0.0172302146 -0.0248670653
0.00637903204 -0.0565905869
0.0234816018 -0.0285867564
-0.0164621826 -0.0107708815
-0.0132412985 -0.02598086
-0.030813206 -0.0512953922
-0.00507375598 0.02624074
0.000537122483 -0.0285473466
-0.0160618797 -0.0361661054
-0.0357569717 0.039506603
-0.0245779715 -0.0240187831
-0.0147686442 -0.0250983126
-0.0988274664 -0.0072706244
0.0213185847 -0.0124018993
0.0226196833 0.0216731243
0.0288520735 -0.0151425181
-0.00288536539 -0.00718449987
7.67789097e-05 0.00280349283
9.78983298e-05 -0.00286165951
0.00250614202 0.00203906815
-0.00623973226 -0.00013990287
0.00290729362 0.00281621958
0.00066045014 -0.000178218659
0.00651215436 -0.00134883507
-0.000610253366 0.00761316251
0.0029731174 -0.00670589879
0.00592878694 -0.00476748589
0.0070338333 -0.00686444109
0.00500115519 -0.00217383564
0.00102309487 -0.0037441086
-0.0042326767 0.000821025635
0.00445328886 -0.00189228484
-0.00686121266 0.00149703375
0.000630527968 -0.00633126311
0.00227410509 0.000366976252
0.00070665637 -0.00407077651
-0.00208955677 -0.00116657908
0.00118776341 -0.00480636628
-0.0050565456 -0.00310317543
0.00052550243 0.00484455097
-0.000328846596 0.00733272918
-0.0021636032 0.00137299416
-0.00464793015 1.84046276e-05
-0.00639789831 0.0041573015
0.00503482623 -0.00282686763
0.000865343434 -0.00386190601
-0.0033277797 -0.00324925082
-0.000847241783 -0.00276989606
-0.000384085462 -0.00151978363
-0.00799843017 0.00169680757
-0.00475738524 -0.00281276205
-0.000413919974 0.00678017456
-0.00386069296 -0.00129996648
-0.00124907948 -0.0035591335
-9.22595136e-05 0.00697243633
0.00216306886 -0.00740557024
0.00255351025 0.00406327425
-0.000110257344 -0.00430189259
0.00290061347 0.00157781108
-0.00453962479 -0.00104446849
0.00321642496 0.00317748776
0.000301683292 -2.96751386e-05
0.00436703349 0.000828636286
-0.000126586849 0.00229083421
-0.00154444459 -0.0044498723
0.000132225221 -0.0024856159
-0.000270655291 -0.00133140536
-0.000794135267 0.00416126009
-0.00127559621 -0.00253825239
-0.00737305032 -0.0063426448
-0.0104027633 -0.00591772934
0.00156396127 -0.00430434104
0.00130556768 -0.001879605
-0.00420375308 -0.00320129259
-0.00537156314 0.00265726517
-0.00750114955 -0.00402898202
-0.00111624342 0.000946816173
-0.00134221697 0.003672258
0.000680033059 -0.00130087731
0.00134332548 -0.00109758566
-0.00953191612 -0.00382343098
0.00448894082 0.00410083821
-0.00529994071 -0.00199891184
0.00222092005 -0.0048557166
0.00204187189 -0.00231544441
-0.000874884019 -0.00164831569
-0.00397661282 -0.0023692965
-0.00234048092 0.00104407221
-0.00170702138 -0.0028719753
-0.00931663252 0.00580627285
-0.00680516521 0.00284722913
0.0018114897 0.00593163772
-0.00294771814 0.00844010711
-0.00398707017 -0.00310580526
0.00217888574 0.00194191129
0.00273723667 0.0006095969
-0.00200338848 -0.00031377087
-0.00101101911 0.0022309809
-0.0038272636 -0.00318603497
0.00466368161 0.00377412513
0.00260170177 -0.000594431185
0.00529439934 0.00220510364
-0.00397103978 0.00319505646
0.0045085731 -0.000585260801
0.00263147661 -0.005853232
0.00659896806 -0.00292480621
0.00019260413 -0.00599371176
0.00294227456 0.00323799858
0.00684322929 -0.00498309545
0.00293735857 0.00782700442
0.00505231693 -5.90055861e-05
0.000469719002 -0.00166795985
0.00216952758 -0.00212424784
0.00126649672 -0.00186484098
-0.00496353628 -0.000278772291
-0.000846331648 0.00168807898
0.00319000357 -0.000760147464
0.00225845096 0.00166665926
0.000721240533 0.0067760339
0.0039780247 -0.00782750919
-0.00315037253 0.000743280572
-0.00219758973 -0.00538911391
-0.00107567001 -0.000448427454
0.00273775891 0.00254260236
-0.00572192995 -0.00095578382
-0.00394615065 0.000129736247
-0.00249929354 0.0016596315
0.00424508657 0.00218453328
0.000143111116 0.00298784138
-0.000651387731 -0.0013869463
-0.00337086292 -0.00139985373
-0.000744378951 -0.00111366366
-0.000954050105 0.00562998559
0.00625313399 0.000141247598
0.00192160357 -0.00613785675
-0.000460194395 0.00438278262
0.00593831064 0.000910909264
-0.000677359523 -0.00536224945
-0.000643964158 5.82451794e-05
0.00269184308 -0.004247081
-0.00335247093 0.000553438498
0.00479519228 0.0103187375
0.00274920254 -0.00791606307
0.00412606914 -0.00248669903
0.00276108691 0.00637442479
0.00178922247 0.000754516223
-0.00628563575 -0.00159366627
-0.000644719868 0.0041862647
-0.000256928586 0.00913238898
0.00756302802 0.000901139749
-0.00508320658 -0.00255560759
-0.0092598889 0.00334037328
0.00194074539 0.00784713309
0.00191254832 -0.00399132818
-0.00237607607 -0.00164126954
-0.00572297676 0.000182564021
0.00519943144 -0.00203900109
0.00368374586 0.00101167313
-0.00872741733 0.00287706149
-0.000747493643 -0.000315935438
0.00425388431 -0.00814149436
-0.00200293818 0.00251993607
0.0048087677 -0.00202508969
-5.85593443e-05 0.000625871588
0.00203236751 -0.00141338375
-0.00838349946 -0.00393396616
-0.00378956716 -0.00464720139
0.000437144248 -0.00461865729
0.00447502825 0.00195360021
0.00621916074 -0.00442585675
0.0012740544 -0.0012779322
-0.00280331331 0.00394641282
0.00676025124 -0.00984297134
0.000556769723 -0.0012197207
-0.00371610303 0.001801242
3.93973787e-05 -0.00298413308
-0.000713939662 -0.00252135377
-0.00514908647 -0.00849876832
-0.00145661773 -0.00688521843
0.00474389736 -0.00140760723
-0.000793291372 -0.00264406437
0.00388879166 -0.00264257519
0.00395683013 -0.00269196695
-0.00246439711 -0.00443603378
0.00295540993 -0.00262909522
-0.00347625604 0.00137975602
-0.00336965523 -0.00566528598
-0.00555955106 -0.00677781366
0.00307346205 -0.0035351736
-0.00413639098 0.00099046051
-0.00236103497 -0.00101989147
-0.00725821545 0.00794441253
0.00145456952 0.00941660628
-0.000376006443 -0.000755975139
0.00316958781 -0.00120706984
-0.00199755887 -0.000537541171
-0.000725779682 -0.00145134225
-0.00212044502 -0.00383137516
0.000767999853 0.00314963609
-0.00371700642 -0.00423487136
0.00147159968 -0.00352933141
0.00202434883 0.00306178816
0.00290494366 -0.00310818292
-0.00495944405 0.00022083096
0.00059283548 -0.000545978546
-0.0035478163 -0.00157253898
0.0068470235 0.00233153813
-0.00407841802 0.00755322678
0.00127436582 -0.00658015022
-0.00194881984 0.00465263845
0.00348573993 -0.000165017642
0.00141274719 0.00102078728
0.00475562923 0.00138245698
-0.000568246702 0.0033244912
0.000292442011 0.000623832224
-0.00258783856 -0.00150668318
