00000000
00000000
00000000
00000000
00000000
00000000
00000000
00000000
00000000
00000000
00000000
00000000
00000000
00000000
00000000
00000000
00000000
00000000
00000000
00000000
00000000
00000000
00000000
00000000
00000000
00000000
00000000
00000000
00000000
00000000
00000000
00000000
00000000
00000000
00000000
00000000
00000000
00000000
00000000
00000000
00000000
00000000
00000000
00000000
00000000
00000000
00000000
00000000
00000000
00000000
00000000
00000000
00000000
00000000
00000000
00000000
00000000
00000000
00000000
00000000
00000000
00000000
00000000
00000000
00000000
00000000
00000000
00000000
00000000
00000000
00000000
00000000
00000000
00000000
00000000
00000000
00000000
00000000
00000000
00000000
00000000
00000000
00000000
00000000
00000000
00000000
00000000
00000000
00000000
00000000
00000000
00000000
00000000
00000000
00000000
00000000
00000000
00000000
00000000
00000000
00000000
00000000
00000000
00000000
00000000
00000000
00000000
00000000
00000000
00000000
00000000
00000000
00000000
00000000
00000000
00000000
00000000
00000000
00000000
00000000
00000000
00000000
00000000
00000000
00000000
00000000
00000000
00000000
00000000
00000000
00000000
00000000
00000000
00000000
00000000
00000000
00000000
00000000
00000000
00000000
00000000
00000000
00000000
00000000
00000000
00000000
00000000
00000000
00000000
00000000
00000000
00000000
00000000
00000000
00000000
00000000
00000000
00000000
00000000
00000000
00000000
00000000
00000000
00000000
00000000
00000000
00000000
00000000
00000000
00000000
00000000
00000000
00000000
00000000
00000000
00000000
00000000
00000000
00000000
00000000
00000000
00000000
00000000
00000000
00000000
00000000
00000000
00000000
00000000
00000000
00000000
00000000
00000000
00000000
00000000
00000000
00000000
00000000
00000000
00000000
fa58fc77
fc4a018b
fd68fab1
032efe09
ff46088f
f9f9f750
05e0fdc8
05f4008c
062cf931
fe25011b
fa8eff7d
004dfd98
03dbf942
0263043a
07980236
fd76ffd1
016a02b5
011506ab
0298047e
fe1901f2
fe25faaa
02d30b74
01b70374
ffed0317
fbe802d3
01d1031d
0850fbd1
f9f00632
fff30119
0092ff64
05c20158
fee6fd97
fd2c00b5
02fb00ee
f8b303ea
f6a6053e
01e8fe5d
0112fb41
03ed00ea
ff820199
00b0000d
06e2020d
01420021
0213fd90
fcd9fc21
02a503d0
0246ff72
0073fc96
fa2cfc0d
01df01f6
fe6eff87
fbedfea8
04a70458
fb6c0130
fc83fd30
0276037d
fbd3fa73
fcc600d4
0459f9a1
0261fb53
fd08fbfd
ff39fff7
ff450221
f9b7081e
043e00b5
027502ca
0116fe68
f527fb8b
fe04fe71
fc03ff15
00c60042
09260095
fa0005cf
fe58f892
fc330a53
fe78fac1
f88bfd43
fdce0198
01ad0d67
001c02a1
016afeb5
fabc008a
03b90341
fa000656
086101bb
00b20150
ff9c06dd
fe12fe54
fd70fc84
fd0afbe8
fd1a0141
fce0fa1b
0160fe7f
f96cfe61
fad9ffde
ffdb0477
016aff4b
fe6af9a8
03ddfdc8
07680100
fc760520
ff4a0643
fd3afbec
f6940490
f97c00f3
feff04f1
fc9e0039
0194005c
ff1902de
04c00051
00e500bd
03e7ff6d
002cfa0d
fa5a02cc
043201ef
fe600385
047b05c0
ffd6fda1
01aefced
04fd0090
ff85fae5
fe83ffeb
fd9cfb21
0049ff26
fdfcfdef
fec40025
0301042b
ffa905ed
fa58fc77
fc4a018b
fd68fab1
032efe09
ff46088f
f9f9f750
05e0fdc8
05f4008c
062cf931
fe25011b
fa8eff7d
004dfd98
03dbf942
0263043a
07980236
fd76ffd1
016a02b5
011506ab
0298047e
fe1901f2
fe25faaa
02d30b74
01b70374
ffed0317
fbe802d3
01d1031d
0850fbd1
f9f00632
fff30119
0092ff64
05c20158
fee6fd97
fd2c00b5
02fb00ee
f8b303ea
f6a6053e
01e8fe5d
0112fb41
03ed00ea
ff820199
00b0000d
06e2020d
01420021
0213fd90
fcd9fc21
02a503d0
0246ff72
0073fc96
fa2cfc0d
01df01f6
fe6eff87
fbedfea8
04a70458
fb6c0130
fc83fd30
0276037d
fbd3fa73
fcc600d4
0459f9a1
0261fb53
fd08fbfd
ff39fff7
ff450221
f9b7081e
043e00b5
027502ca
0116fe68
f527fb8b
fe04fe71
fc03ff15
00c60042
09260095
fa0005cf
fe58f892
fc330a53
fe78fac1
f88bfd43
fdce0198
01ad0d67
001c02a1
016afeb5
fabc008a
03b90341
fa000656
086101bb
00b20150
ff9c06dd
fe12fe54
fd70fc84
fd0afbe8
fd1a0141
fce0fa1b
0160fe7f
f96cfe61
fad9ffde
ffdb0477
016aff4b
fe6af9a8
03ddfdc8
07680100
fc760520
ff4a0643
fd3afbec
f6940490
f97c00f3
feff04f1
fc9e0039
0194005c
ff1902de
04c00051
00e500bd
03e7ff6d
002cfa0d
fa5a02cc
043201ef
fe600385
047b05c0
ffd6fda1
01aefced
04fd0090
ff85fae5
fe83ffeb
fd9cfb21
0049ff26
fdfcfdef
fec40025
0301042b
ffa905ed
fe6afe4b
0150048e
fe30ffb7
01a2fbe8
0886fd8c
fc6cfaa4
f451ff94
0907013c
ffb2fd85
f65cf8ac
050d029d
01dc0832
0208fea9
fd6cfc9a
fd1b021f
00c10221
01cafa4c
07cfffea
ff5502fe
fde000da
fe2200b6
feb2fd78
fec4fb1c
00dbf5ac
08ddfd74
fe9dfe35
ff110094
03370674
053aff48
06630499
fdb4ffc8
056903c5
06d40931
0338013f
01da0acd
f7f1024d
faeaf6fa
0529fdfa
05dc034b
045e056c
0a41009f
0258fa34
f91bfa8c
fde8fda1
fa2efd1f
fef60228
fe3601ce
fc71f8fb
073ff948
fd32026b
fa13fc4f
fb41f54d
fdef0631
08f8029a
035b00db
07b902f0
051ef9a1
f7f60ade
031e00d3
0bcaf088
00350388
fa0907bd
f93bffdd
fd14fa82
0ce6f4a3
03fdfd7c
fd7b090c
0510fd97
03600057
07cb0481
01b2f9d0
047bfd11
0b93fc7d
00fa0112
f96fff92
017dfd00
08e0fc97
017cf2f3
0070fbfb
01e90172
fe52ff49
f8c0fbbd
033d0339
010d0a0f
f7bafbfd
07b4fe27
fc5403a5
f7ad03dc
f8590252
fbcd0416
0f6106b6
02e30119
01b20047
ff2fffc9
fb81083d
05830155
fa58f839
ff34014e
0a10021f
0169fdd1
0280f9a8
029601b8
fb97fe58
05a4037e
ffc80ed3
f45c0305
fef805f0
fd350145
fb76fdc6
00140297
fb38015e
f86e02b1
f81cfee4
f4c9fc25
fd3ffc35
07e208b3
0a2a02e3
067afbf1
06640178
082afe80
fabafe7e
002ef0ea
faf2fe94
f4c1032b
0278fb78
ffa10ae9
048efd21
fc0802aa
fec2004b
fd95f338
fb5e071c
0da101bf
0306f3c7
05eaf868
fd51048a
f5e202e3
fa91045e
f8f4079d
fe24f9c6
f865fd4b
0534fdfd
fb60fe04
fceb05f9
0b0902fb
f88d004a
f9b4fc68
f6f3fec0
f78c0028
fd92fa95
fe87fd94
04bafaf7
003ff6f8
f6f30304
fde5fed1
01d6f927
f4fa082b
ff630a32
04a20696
fb98ffae
021efe62
0a240389
02250262
fdbc0785
042e05d3
005604a0
04480397
fc54025e
fa7c013e
0004fed1
f99905cd
0228ffd8
044a0254
04880469
fd5afc4e
fecc067c
03cd005a
fb95f4d2
fd90fc6c
fa6ffe1e
fdbdf919
0381ff47
062c013a
013cfcb9
fb5f02d0
ffa200ad
ff5300b8
fe8403c3
fd8701c6
00130085
fd44f919
ff1ffbc9
024a0000
013efea3
fa7ffd5b
f9dcfd7d
058fff6e
ff8ffb0d
07f701bd
ff92064f
f869fbe0
06a7ff47
fac20609
021600c4
ffe60235
fab3ffbb
0177f958
fe79fe96
03ddfd9b
fc06034d
ffe9054b
0ccdf831
ffb9f876
f8ecfa15
07ecfb39
08b6f8f5
fefff8f1
fd030136
fe46ff52
facfff64
fd7a00ae
088b03d5
fc9804a4
fd38ffc9
f882005e
fa58fde1
0ec2019f
fadc00c4
ff51f9eb
016dfd0e
fda2fea4
0a46ffde
fbeffba5
fa6fff65
faea0355
0202f7f2
feed00bd
f8ad0562
0a00fde8
043e05aa
04eb052b
0ab8ff35
fd06ffb6
f73504f7
00fa04b7
05b4054f
fcce0a7a
f639017a
faa000aa
05b20334
0440041d
02110352
009ff997
fc0d008d
051e04e5
005d0911
f6070868
fe6afe4b
0150048e
fe30ffb7
01a2fbe8
0886fd8c
fc6cfaa4
f451ff94
0907013c
ffb2fd85
f65cf8ac
050d029d
01dc0832
0208fea9
fd6cfc9a
fd1b021f
00c10221
01cafa4c
07cfffea
ff5502fe
fde000da
fe2200b6
feb2fd78
fec4fb1c
00dbf5ac
08ddfd74
fe9dfe35
ff110094
03370674
053aff48
06630499
fdb4ffc8
056903c5
fa3e0200
0369ff98
f71bff75
f4dd035e
07d401fd
0883fbb7
fb83f9d7
00cefe99
ff5604cc
fb3cffdf
fba700c1
ff4ffcba
05bb0431
fd7804cf
f9bbf80e
fcadfdf4
062af89d
02ff0304
fe51ff46
0ab30028
ff4b0397
ff7ef02d
08be06a4
02510ab2
0274073b
ffaa04b9
ff98ff50
007d0253
fea0f859
fac1039f
019cffe8
0458fa5b
fc000000
045805a5
019c0018
fac1fc61
fea007a7
007dfdad
ff9800b0
ffaafb47
0274f8c5
0251f54e
08bef95c
ff7e0fd3
ff4bfc69
0ab3ffd8
fe5100ba
02fffcfc
062a0763
fcad020c
f9bb07f2
fd78fb31
05bbfbcf
ff4f0346
fba7ff3f
fb3c0021
ff56fb34
00ce0167
fb830629
08830449
07d4fe03
f4ddfca2
f71b008b
03690068
fa3efe00
f8afff02
04dbfe9a
f935fb7c
00750322
14b6ffa6
0634fad0
ffcdfd9e
02e2f9f1
fcd7f9f8
04b90488
03b80836
03fcfa06
0c20f80d
fe68fbe5
01bafb62
093a029c
03200413
046bfbed
fab5fd37
fd28fd68
07e5fcb7
0745016e
08d7f84a
02a802c3
fbd603fa
fc14f55c
f7c3fc61
f8dbfc18
00cb05c5
ffc807be
feadfef7
fe000400
01ca0102
0275f9d9
ff13fedf
05b000d9
f9a6fe98
fe320a31
071e01b0
f3a6fefe
f94e06a9
fed6ffbc
fe45073d
fdc906dd
fa6004ed
0282038e
ff91f8a9
fec6f478
02a3fd95
01c5ff50
fe09f8e7
01ad04cf
01d803ad
fd1c0047
039f054e
f5960281
fa6bfd04
0bff010e
fe690bb1
fa3f024b
ff1a009b
02a50250
f8af0299
f1c20200
fde5fc96
04f6fec4
0237fc39
f79408ff
fc4d0285
080bf9ac
05cd0507
fc32016d
fd090811
052600e7
ff69fe8d
fed40307
024afe06
019f06e3
00d3fb39
01d6f93f
ffe8fa91
fa2ef639
018006c2
0133fefc
fe26fc60
f91dffeb
f08ef9ae
fb3e02a8
fd5fff65
01190071
082d034c
031004ea
0752058a
0253fa5d
fbe00473
00000000
fbe0fb8d
025305a3
0752fa76
0310fb16
082dfcb4
0119ff8f
fd5f009b
fb3efd58
f08e0652
f91d0015
fe2603a0
01330104
0180f93e
fa2e09c7
ffe8056f
01d606c1
00d304c7
019ff91d
024a01fa
fed4fcf9
ff690173
0526ff19
fd09f7ef
fc32fe93
05cdfaf9
080b0654
fc4dfd7b
f794f701
023703c7
04f6013c
fde5036a
f1c2fe00
f8affd67
02a5fdb0
ff1aff65
fa3ffdb5
fe69f44f
0bfffef2
fa6b02fc
f596fd7f
039ffab2
fd1cffb9
01d8fc53
01adfb31
fe090719
01c500b0
02a3026b
fec60b88
ff910757
0282fc72
fa60fb13
fdc9f923
fe45f8c3
fed60044
f94ef957
f3a60102
071efe50
fe32f5cf
f9a60168
05b0ff27
ff130121
02750627
01cafefe
fe00fc00
fead0109
ffc8f842
00cbfa3b
f8db03e8
f7c3039f
fc140aa4
fbd6fc06
02a8fd3d
08d707b6
0745fe92
07e50349
fd280298
fab502c9
046b0413
0320fbed
093afd64
01ba049e
fe68041b
0c2007f3
03fc05fa
03b8f7ca
04b9fb78
fcd70608
02e2060f
ffcd0262
06340530
14b6005a
0075fcde
f9350484
04db0166
f8af00fe
fa3e0200
0369ff98
f71bff75
f4dd035e
07d401fd
0883fbb7
fb83f9d7
00cefe99
ff5604cc
fb3cffdf
fba700c1
ff4ffcba
05bb0431
fd7804cf
f9bbf80e
fcadfdf4
062af89d
02ff0304
fe51ff46
0ab30028
ff4b0397
ff7ef02d
08be06a4
02510ab2
0274073b
ffaa04b9
ff98ff50
007d0253
fea0f859
fac1039f
019cffe8
0458fa5b
fe540480
07f2f915
fc8e08d7
ff76092a
05cffc29
ff6501e1
05f0f61a
0747f449
fc4af6be
fd9afd8b
0720fa6e
fc7af5ea
00c30132
03a8fe85
f307012f
fb04fdec
fe85046d
03cf07fd
0ebefe8f
0a12fd29
f6bafdf2
f57ffdb2
0071fa7c
f5100b33
ff19f8f1
fc30ebc9
f9b901ce
021f00c0
fb3c0284
03e3fe9b
f98e010b
05c5fd97
10bafb0d
fdd9016b
ffeefec1
00aa0206
0642f9bb
033cfe27
fd5b08cb
03c3089d
08cd003c
074c00d6
04c9056c
033bff7b
f98100f8
fd0afa3c
03a10528
0729059d
03b7ffe9
00d8032c
027bfb83
ffe10784
05b9035a
f95603aa
fcee0597
0c3803e8
fff20a14
fcdb0029
ff620505
002400bc
0318fc31
ff790193
fa7bff2c
06fdffd5
04be06be
f6bd0349
01daf852
02a400c5
0707fe43
06cc08e7
fa1a04ee
fc9ef0fb
f66d0062
faa3f9ce
0510ff4e
01db06de
ff72fb68
fc08fc86
0198fc77
07b20423
04cffb49
fd25fa95
f37a01ce
f80400d3
01bd033b
fe95f8b0
fb330343
02270372
00bdfd31
fde208d5
fd1df8b1
ee34fa0b
f7eb00ac
0563fac6
ff9d0794
08e90559
065d0712
fc270997
fd57fe20
042cf714
04e8f78b
fff2070f
081801c2
09a4fc18
05ff0124
06baf877
030601b9
fb4503f5
f966fd66
f876ff12
fb5bfe3a
00e900cf
f61ffcae
feda0172
0379053f
fdc4fbd5
0675fbf7
fd1ffdb4
04ad0106
0b2f07be
fcab05ef
fc34fc63
ff8bfbe3
00ad02f2
fa8dff74
f774f805
fd52f981
025d02ac
01acfb80
0113f4cd
02ba0285
fda501ac
ff54fd31
053fff58
02410065
010d0296
fc5302dc
fa020770
055b01c9
0307fbc8
003efbf3
007ffec2
fd820976
0308ff4c
fce5f681
049907b9
0967081c
fdf1fefe
03130295
021afec5
fd6ffed6
fc990003
fb3f0182
0114058a
050cff33
fbc200e8
0357f59d
078bf609
f6ef050f
fdb5fbf6
fa96ff4b
f742fc8c
f6e5f861
f5c5ff9e
085e02c3
04330393
fda4fdbe
fd30086e
001d08c3
fdd6fe15
f988004a
01e902f6
fdddfe62
0316f447
fd26fefa
fd3b019c
06dff7d9
f9d604e7
004e081b
003700b2
fbb004e8
00e5fea9
f7d9fd7a
f39407c5
fa66023b
056b0008
043eff98
01ddf873
02bdfc40
fa53038c
fe6dff66
fccffefa
fe1601be
0855fc46
f98102d9
ff91054a
02750496
f953ff6a
085df96f
ff0e059a
fcf603ab
01f2019a
fdfd0125
fcb90195
f1890043
f81dfba6
fb260447
ffa1fad0
029bfba4
fcc7059c
035b0166
fe180222
fa300158
fd68fcad
01e2fa6a
fe8efe7b
f99bfc5c
026effcc
036d0226
02a3001c
0154fdd8
fe2bfbb1
012c052e
03740111
021f016a
051402d5
0103036c
f9d8041e
06d1fc73
0702090b
fffe0481
026fff23
05160386
0aeffc33
fa0e01e4
f6f2fef0
0448ff1f
faee0377
01e1fbea
048403c5
fc770314
0343f86c
fe440160
fc97fce2
fb60f35e
fe40fed1
0a8b0694
ff2dfd5d
fdadf9c2
0b690533
05ea00fc
fcd70171
fed50624
079efe97
09e9feb8
fd430592
fe540480
07f2f915
fc8e08d7
ff76092a
05cffc29
ff6501e1
05f0f61a
0747f449
fc4af6be
fd9afd8b
0720fa6e
fc7af5ea
00c30132
03a8fe85
f307012f
fb04fdec
fe85046d
03cf07fd
0ebefe8f
0a12fd29
f6bafdf2
f57ffdb2
0071fa7c
f5100b33
ff19f8f1
fc30ebc9
f9b901ce
021f00c0
fb3c0284
03e3fe9b
f98e010b
05c5fd97
fb9f0554
025a029b
f55e01d6
ffd807cf
0029098f
0460fde6
0392ff4e
feaa0111
0f000973
fb9807e9
f90bf6d1
001dfff8
fd7f013c
0090f8fb
f974f5b2
fd0df756
003ffc34
fdf0f8be
007b004d
055afaa7
fb6cf616
ffc701e1
0116fd47
fc8ffea5
0bc90097
000d01a5
fbda0236
fd3ffdce
fc4506a2
03a603b1
fecb039d
fd8d02fe
01e1f565
09e101dd
085b09b9
0a9500e6
037f0411
0217031a
087ffa82
fc03fb85
040a048c
043d07d4
ffbb008f
fd53fbca
fe41ff7f
09e7fe5e
04a8f7ce
0665fbd3
05dc0824
06640413
024cfe38
fb330002
ff27fc27
f91afdf9
fc85ffd3
0637ff29
0c1cf9cc
ff5afec4
f6840301
04b8faf3
fdda0452
fe57ff30
0612f7eb
f94df76b
019ff86e
08eb0837
fd5500fd
ff86fd07
fac8ff47
fa9601e2
fe3407cb
f9b1fc04
05f7006e
037e0181
fd16f9b3
0358fc8a
fae4f7ef
f8d5ff03
013300d5
ffbff666
03a101ab
039f017e
fbbdff7c
05f00e08
03d0025d
0310fc23
0929fd83
fc2df7cb
fa0f043b
fd7c0552
04e002a1
fd8105fe
f453fe32
0047001e
013c071b
00d3046b
fa58fd2c
fea6f91f
03b0fbec
ff53fbf3
0e7a0242
070b028e
0279ff26
05d80886
f549fd23
000f0315
036f0cb5
f325f834
f494ffad
fd740805
027105ef
fb4b06be
00b3004a
04cb002a
fcad06d0
fc6100d8
fdecfa9e
03bc049f
fa43fcda
01c10083
02e10067
f05ff40e
044dfd46
012bff88
fd0507fc
045403c6
fb0f0225
04650708
02f70054
041ffd34
0730fd2f
04910cd3
04e3ff20
ff59fb34
03c6048d
0461f8e9
00bcfefc
fc500046
fe1201e4
060cfdd2
0392fcc5
fcb0fccc
fa2ef926
fb72faae
f719f7f8
f9b9086d
0037044f
040bff56
049a08a0
fd4bff2d
01eefac8
0043fc38
f8adff42
0130fd59
00df0423
ffa1072c
016f01cb
f854042d
fb6dfc11
0026f47a
00f3fb0d
0498071e
ff64038b
fd63fa57
f755f85b
f91efc97
00e507ca
f75f0606
f9d30143
0051044f
fd0afdc4
03c9f6b2
04a7fbe2
fb82fecf
ff65010c
01de0255
ff240684
fafd02a7
f2e9f7dc
fd3b0309
0112058f
fa8601b2
fc9eff0a
fb2100ae
fde3036d
040ef8aa
0796fd7d
fe41fc9d
fb94fe64
08ebff54
011bfe1a
f44d0480
fcf7f96e
083bff65
0783ff01
0185fd61
f92904c7
fbe1f881
0505f5fc
fe7ffdd2
ff210874
0799ff5b
027ff284
fbe8fb67
fea4fdf5
ff31fe63
fd19ff4e
fcc9fcd1
f9b70481
06df0537
095afd57
fc030219
043e0132
fc5c0321
f3930245
ffe2fee8
05a001ed
0239fc5d
fd6409d3
07ef02a3
00dff369
036f01f1
0b6f01bd
f992fdf0
05a8fe96
fd1f06f8
f86508ce
078f0462
ff5d0be5
053b0370
fa84f96d
f71b014c
fdae025d
02c7fdbe
06f004c2
f91301d5
00f3f9bd
03260138
fc3b075c
f82dfd3f
fa4dfc5e
fe0608f8
031cfbfd
0d23f8f9
037000b7
0523fce1
fbe8049f
fdcd0440
0b44fc60
ff4bfc3f
00c6060a
fe9600d4
01aefbf5
056c062d
0239fee2
f92fffe1
fb9f0554
025a029b
f55e01d6
ffd807cf
0029098f
0460fde6
0392ff4e
feaa0111
0f000973
fb9807e9
f90bf6d1
001dfff8
fd7f013c
0090f8fb
f974f5b2
fd0df756
003ffc34
fdf0f8be
007b004d
055afaa7
fb6cf616
ffc701e1
0116fd47
fc8ffea5
0bc90097
000d01a5
fbda0236
fd3ffdce
fc4506a2
03a603b1
fecb039d
fd8d02fe
fe35f88d
0ba10252
062400ea
fbd3fd92
f512001c
ffef04b8
fe690a17
fd82ff13
035a003b
fc99011e
02b2fdd0
f917f990
ff2afa4a
01d406c6
fc77fd2e
0a78001a
05d200da
09070321
fdde06e4
fdfdfde0
0d2b0a3c
0574ff46
05b7fc15
024eff99
05b3fb53
03e1027e
002d01b7
02840513
ffaefcbe
09160619
00580799
f7fcf930
0c7cf839
0f85f83b
00d3007e
04fdff6f
07df081e
ff8dfe7d
ff19fa27
02e2072d
fed1fb43
f5eef932
f648fd3d
fc570788
06cefe45
fda7fa5b
fa01056a
0a140151
007d039e
0196fd34
fead01ec
f5ceff05
fef5f6ea
f9b50554
ff950b72
03f0febb
0451f4f8
083d000e
fa500185
fcdafd5a
09140196
083003d9
01fffafd
fcc6fed1
fccb029f
ffc4f930
078e08a0
02bd01ab
fd52fcf8
01010169
fc6bf399
07b2fc71
08a50233
f871fec6
017ffd42
06be04f9
0081fea5
fcecf8f3
fae5021b
000dfadd
005903c6
fc61058a
01fefe07
01030112
f6940135
fafe05d5
02c8074d
017f05a9
f5860267
f1e4fbaf
fe7ff6c8
fc58006e
fbc30403
09440014
0b3efe9e
0293fd13
021f0000
fff0fa68
fd45fdeb
fef9fe25
ffc6fd2c
0462081f
01e3091f
04cc03b3
f8490226
f593048c
071e0256
f79604d9
f977fdb0
fc9dff8b
fc6603ef
08bffba3
fd44049c
f8ddfe0b
fd1e01e7
055803dd
0688fa54
fd290717
fb0804f2
066afee0
059dfae0
f4c1faf5
ffaafc69
00b3fe3c
fd3e0033
01c7fb89
fc69fbe2
ff49f85c
fd8dfd8d
fda5fee0
fcb4009d
0050ff6a
0467f99c
011e0349
0077001e
f9effdef
fe46fe2c
05e404cb
fe4e0246
fd4df832
08630739
059efd8f
07defdea
0a6f0fa1
05980164
08e7f9ee
f997fca1
f9d7f877
fd76f8a9
faf205b2
085f0ad3
00e0023e
f926015a
f7f30378
fffc00c3
0619fd40
fce4ffd4
fde801d3
016d025d
02cd06b0
003e00b5
0029f3ba
fd94f5fc
0158fe15
0645f8f3
fb53fcce
011308da
04f10332
ff1dff29
03da0584
01cfffff
fdc8fa90
029008e2
fcb0064b
f640f939
034dfe22
fe19f8a0
f86b00c5
03290706
fcaefbf1
005b005f
ffaefaae
f149fea7
f5200460
fdebfffe
0120febc
f64ffebe
fc4e0b7e
05c5ff36
fc6401f7
042809e4
fc22f759
fc23019f
04d70027
fa570016
00880546
fd2af852
00250017
feb401e9
f179007d
ffbc043a
019100ea
f8ba06a4
022f0130
088bfac2
fcf609c8
fbbe0633
f88ffdce
f7120278
0434f9eb
fbde0151
01df0550
04f1f90f
f85bf915
ffd2f1ab
037ff837
05a10418
00efffc6
fb22ff13
fecbfe1c
fff30607
083002a4
0d49fc4e
fe2b0495
fc77fbc2
04e8fc1d
fbacfeea
016ff87c
0171fc20
fe35ff9b
098a0778
01d7047b
ffc90442
00a300f8
fd52f8c7
02550311
ffe2f83d
fcb9f4ec
fc15fd57
fcbffc50
015107a2
0206058e
f90704bd
f75103ba
0752fa99
04b90126
fdd20466
094806b8
fe270756
fceeffea
078dfeab
ff0afecc
fef00064
fd84ff2e
ff6efdaa
fbe7fb3f
fe35f88d
0ba10252
062400ea
fbd3fd92
f512001c
ffef04b8
fe690a17
fd82ff13
035a003b
fc99011e
02b2fdd0
f917f990
ff2afa4a
01d406c6
fc77fd2e
0a78001a
05d200da
09070321
fdde06e4
fdfdfde0
0d2b0a3c
0574ff46
05b7fc15
024eff99
05b3fb53
03e1027e
002d01b7
02840513
ffaefcbe
09160619
00580799
f7fcf930
02bef4ac
fc82fee0
08ac0344
0a5707b7
f89f0087
02490060
06aa0e7c
f8c2000e
0d29f90c
feb9066c
ee9d0215
05240027
feab0e10
007802cd
0091fb6d
ff7000cf
0a07fdd9
01fb0484
fdcbfd96
fee8fed4
fbc00794
ff7d0394
029f0326
010bfe89
0961fcc0
01d4fb27
f9fd0118
00ab0238
0049f7e9
023afa6e
faae00ff
fc3401bc
012cfb0d
04f8fe64
06ef0040
00e1f67c
01edfbc3
f85003fd
014efccd
0725fc7c
023e0719
0d4203da
023dfee8
fbeffbca
089300f6
0715076f
0169fd0e
021afa7b
fce1fc55
041d0302
06b20053
0234fb76
0aa0ffd1
0164fb9a
0145031f
0bbe041a
0c1304b6
026202dc
fe84ff83
0690060a
fe69fd29
0087ff35
08baff5a
04ed06c4
fc1606ac
fc1af51d
fe4afcd6
fa90fb6d
0151050a
fe4f07a9
fcc5fe17
06bd00ab
0b37f8f3
fd810116
f66aff28
f8b102de
fa5f0516
0302f85d
f9ff006a
022cf6f3
0007fab0
fc210aee
084e09a6
fe750938
026c0002
fa23ff60
fd8804fa
fe22004a
f56ff9d2
0408fa9b
fd7cfa6d
ff28fd58
fe01022b
fd1cfe18
02e105b9
032404cb
04f3fe96
fc7503e0
0195fcfe
02bcfee9
fd04041a
fe75fc45
fea9fb72
fc43fe7a
008c0522
01f30583
014600f5
040a032f
f9a0f97d
ff78fa7c
01a2fa5f
0438f127
0458011b
f87effcd
02cefd56
fdd20245
faa8ff02
f5320678
f434fc61
070cfbf7
ff1bfe0e
f842ff9d
ff460565
01daf66a
fdf0ffdc
fda706e2
fd3703a6
fc8e0333
001605ac
04b00bbc
048af7d6
fb750055
ffbe07ef
ff26fd5f
01340404
0527feda
024c0267
04b7fbd8
fd47fafd
00aa0731
038afdbb
ffde0090
fc9501ce
f68ffb06
f68ffbe9
0158ff30
042b0129
f6cc0057
0033067a
031b07d4
fe2300a8
fd11fd48
00cdff55
0b0eff25
fa9301c6
fa3901f2
0152fa3c
0011fec4
04130291
052d00bb
01a8021f
fbab0444
0436030b
fd33f92a
fe0ef63a
068efb87
fcb00720
f79a055d
fae9f798
0512faaf
fa19f727
fa99f6ad
04a1fcc5
fcd90134
ffb60a65
fe4bffc4
fbb50041
ffe8043e
017ff976
feb90266
00440802
fe4e0359
fb6cfcfd
03d9faa3
fe9ffdad
f926ff2a
fa6701d1
fc9302a6
054808ef
fdb1fd73
f4d80152
fb4c0c02
fb6ef3ac
0690fb81
100afdc2
fe99fb27
01bf098c
09d3fbad
fc86ffc3
fdc700d0
0978019a
06960be9
01a40035
0aaaff3f
04d001c2
fcce00f9
fd1ffd75
f1bc0056
fc8f0312
0a15fa0b
fcfa0101
fb10065e
fe96fca2
fcf4fca9
02350863
fc6fff1e
f78f0019
01670aeb
0928f8ad
0415f81e
fb4ff8ca
01faf998
0369fffe
015df9dd
0389043e
ffad05f4
02e90008
010afdd3
fc44fe2d
018d0318
03ec0243
fa550142
fa72062d
05e80be8
0063fc71
fe5efdab
ffc80624
fccef9d9
0044f649
fc1cf63f
003dff7b
05ddfdc0
fde8fe28
f72200ea
f230f9c8
fe2bfd47
0190fbad
f3b90b93
f95f098f
024900c3
05fd081a
fe41f910
fb74fcf3
03d6fe72
fd94fa84
0148fa0d
02bef4ac
fc82fee0
08ac0344
0a5707b7
f89f0087
02490060
06aa0e7c
f8c2000e
0d29f90c
feb9066c
ee9d0215
05240027
feab0e10
007802cd
0091fb6d
ff7000cf
0a07fdd9
01fb0484
fdcbfd96
fee8fed4
fbc00794
ff7d0394
029f0326
010bfe89
0961fcc0
01d4fb27
f9fd0118
00ab0238
0049f7e9
023afa6e
faae00ff
fc3401bc
0373f9f7
0509010d
facbf8d7
faa7f432
fafdfc1f
fe4702a0
03fa0613
fcadfc15
06affafd
041b018e
03adff52
0172fe31
f886fc84
035dfd3f
f46f0092
002b032f
156b06ce
faa6fd2f
f88cfe69
06b81090
fd67029c
fcd5ff9f
028e0514
fc17fce2
03000b68
0ab80179
0624fed8
008404df
054ef399
0a11fbff
f9fbf876
0268f51b
08f30000
0066fec6
07f8ff21
ffd5f9c5
fce6fd8d
fac5fe4e
fa1efeaf
02b90385
00daffb4
03b6041a
0301fc69
06acfe8b
005b0738
fa6ffe74
0469025d
ffcdfe97
0848fa7b
080cf9cf
fb90f836
febe03c2
f8b3feff
fda8fea7
076c07ca
fe4dff24
fe8efb3a
03cd0358
fae6072f
fee20029
0337fa5d
fe670114
00ff0452
fce3ff85
fdcb0209
fa1104f4
f997ff11
feeff5e0
02b3fdc6
087b04b7
faa50083
00de064e
01d9fb12
fa11fef6
03d50bc0
fd850139
0325ffd4
fc83fee7
f82a0667
07b002a7
fd56fe59
fa3d015f
03b0fce5
ffc4058e
03d7fa53
10cff191
0578f9d6
030f02d5
0a7c0009
fe60ffcb
ffec0d45
049102a5
fe5408ab
f6e8050e
fb66fc9a
09300b53
0712021f
fe6d02f0
01be02c2
fd16fded
f8f9010b
024f0381
ff970824
0294010d
f841fcb8
f49efb4a
027bfb08
fd21faec
081e0064
00e804d7
fab6ff99
0386feff
fe49003b
03d304b5
01ec026b
04a5035f
03bc00fb
fceff4aa
ff6cff9e
05dc0590
01c9fd35
fef90139
04b90258
f4faff35
fa92ff9a
fde100fb
fddefde2
0a94fac4
00cbfef7
00cefa32
044cff0c
05af011a
f9acf68b
f5d900de
f6d9fff1
f54200af
030d04a2
f866fff1
02a301de
05bdf9b8
f987fb4c
0083fb14
f78cfacd
fe11fbcf
037bfd06
fd0d05da
f8520412
ff010796
0553fd42
fcc8f573
0041fc4b
f9c5fe59
f990ffb9
0318fa44
ff80fc39
fc730042
fa57fc04
fc70f9a7
fdde0ad8
fe98035d
fcb5ef08
fdfffcf5
0226048b
fb6d08a3
fb9b05b5
028e0608
05930178
0119fdf5
f7f30638
076ffbcf
09440283
f1560454
fa26002d
0727f998
0780f794
03e901a8
02f6f660
0953ff97
02220453
00d6ff96
0792fd52
09c2fbf8
fd58054d
fc4c00e2
029d03bf
f8b4fcc0
ff81fdbf
fb4506ce
fd32041a
049e05f9
fc7afcc8
006a006e
fb230509
ffcd0492
013c022c
fc14fe0a
01620957
fb6b0586
f976fcdc
f4590340
f598014f
00a5faf0
0003018c
004eff92
05d1ff14
07c0095e
fe2e00c1
f7d4fee6
fd90037b
fce2f97e
0458fdb7
05260339
f2c8fbeb
fb5a03a2
02ad025f
fcdbfc5c
ffc80426
0131ffd0
04680189
031601ec
046cfc8f
fcf9fc21
f61efe61
fc1d0401
0712f839
09e3f713
fe7b021b
044e021c
fcd00444
f9e300fc
00a3fdfb
fdb002ed
081f015d
fdcc00ac
fdcc0138
023ffdf4
fcb703d7
ffbf0135
fe780597
074b07df
fef5f2a0
0004f9d7
11dd059d
06220279
f9acfef0
0001fa20
0363ff5e
ff3003dd
fbe00b23
f7ec0518
fed5f883
02e1fc8b
fcf7ff6f
fead0197
05400464
04e5fcd2
0373f9f7
0509010d
facbf8d7
faa7f432
fafdfc1f
fe4702a0
03fa0613
fcadfc15
06affafd
041b018e
03adff52
0172fe31
f886fc84
035dfd3f
f46f0092
002b032f
156b06ce
faa6fd2f
f88cfe69
06b81090
fd67029c
fcd5ff9f
028e0514
fc17fce2
03000b68
0ab80179
0624fed8
008404df
054ef399
0a11fbff
f9fbf876
0268f51b
fd80faea
07d704ac
fc5f060d
05aafdd1
076dff77
fc2dfdb6
05e7f841
ff4cfcdf
fdf208e7
049c033f
ff5e02ec
fd990856
00f5f869
0829ffaf
01dc0ce9
0396fca5
03c5f930
ff740531
0aa904d5
04f9fdd0
fc3e0293
f940039e
fdd508ea
028e0974
fe07fbba
fd5405f5
f59800c6
ff54fdfd
08f60704
00b8fd30
0520015d
0549fbad
ff0d016a
fb8d0d30
01e9080c
05a507f0
f9dcfffd
fecd0331
01fe04a1
fed9007d
0633ffa0
019d0045
fbc50624
f77efc3d
f892f88e
f9f1fe28
f935fc85
022e0014
03d9fd6a
0697f5fe
fc83fb62
f76100ef
05da0460
0663003b
028bfdf8
fe1401eb
0201f4ea
ff9ffa27
02d4047b
08e60343
0086fe6e
0ba0f7c3
084f04d2
055afb95
06fcfd80
f9340774
f733f612
fa09feea
04480379
0117fe92
fd5cfeef
01a3fcff
032d0280
018402f3
fdee0206
0b820017
016afe94
f6ecfeef
fc53027d
0365064c
07edfd69
f3c8ff44
fe73086a
000df388
f8a0f34e
093d0ab6
fef6fd8e
07a1fbd5
09ae065c
f91afedf
fbc9fa67
fd6af7cd
0542f68b
0221f97a
02270788
036906b9
fbc2fde1
05950700
00f408a7
f7cb06fd
087f0487
08b001b4
f8db045d
fdfbfdea
00d6fc9c
ffdc0220
fd64fdce
fab0ffa3
03810085
fdd6fafd
01ca003a
059d02ae
feb3fe2f
fed3fa5f
fbdffa49
04ca0152
01b205f6
ff1a00de
003bfe8e
fe74fca9
0453fcd5
002203f1
04dd0334
0187090d
fa4cfe0f
f838f0c7
00c4fc95
078f021a
fcd807ea
03dafe1d
fec703f9
fd9f0a09
0151f744
009ffbd5
060bfa80
ffa4ffe0
ff140114
f814fc51
02f50625
02bbfceb
f70ef8bf
ffd8faf0
fb8dfa74
fad8fd2e
f33b0192
f9a1fed4
00adffe7
fd3e0887
fc8901b0
f6010646
fe94074c
fa29fddd
0272fd4a
078cfc3d
fc0b0086
00a3010e
fd9ffffe
feb6ff42
01bf0112
ff7c0ab5
fcb50b50
02e401fe
fc0e037c
f89304a8
0737fbbd
fce400ad
00370021
03ddf6b0
fb25ff6e
04e407dc
04ecffb1
0025f854
0544fc29
026702c6
fee70408
fff7fd4d
fb27fb58
faab0176
f7b10203
ff99fa09
f7ddf883
ed85f97f
012efb8a
fd630573
ff610212
fd4600e2
ff5403f9
07940814
f7760c3c
0036fb94
01b0fb42
010303e3
04540280
023c051f
01d4fdaf
fb85f907
05b1fd94
039202ec
f40a0504
f10dfec0
fea0012c
01d104ce
0308fdec
035e0166
fcda01c7
0981035e
ff7c0527
fe4bfae6
0113ff59
f6dbfbac
01cefb8d
04f705bb
02dd008b
ffcc00c2
0062010e
f8330016
025400a0
09acff32
fbdcfb3a
0938ff78
ffadfff7
ffc8fedf
08e709c6
fd41f961
02d4f839
01e802c8
fc5ef8ec
fbcd0392
0306064f
03e5fea6
fba2fbab
f793fa5c
04a701ff
0931fda0
f57bf6d8
05780192
0c62fc48
fee2f62b
00e1031a
fa80fee9
024d0093
085e016f
fe40000c
ff5303f3
03a3fb62
fcdafc7c
fc40f8ef
003502ab
fec70c2e
02880706
0238053c
036bf1ff
fe34f4ca
f73efc68
ff51f809
f9b7fc14
fd80faea
07d704ac
fc5f060d
05aafdd1
076dff77
fc2dfdb6
05e7f841
ff4cfcdf
fdf208e7
049c033f
ff5e02ec
fd990856
00f5f869
0829ffaf
01dc0ce9
0396fca5
03c5f930
ff740531
0aa904d5
04f9fdd0
fc3e0293
f940039e
fdd508ea
028e0974
fe07fbba
fd5405f5
f59800c6
ff54fdfd
08f60704
00b8fd30
0520015d
0549fbad
0689024b
0535f513
f9d2fea3
002df61c
0383fcb5
00e5037e
0a1ff977
0491ff8f
fb9af99b
032eff28
fa9e042f
fdb0022c
002efd25
fa05ffae
ff0305af
fb4afdd3
01d70116
07bcffc0
00a9fb58
038afafc
fe5100a8
f490fd8f
03c20010
0472064b
f7f5f746
fd4cfb6a
0060fb1f
0213032c
04d3099e
0196fca5
f1e402b9
feacfeed
0c7c02d4
fa2c0418
ff97f77b
02e9f7c8
050202f7
05260d12
0158017f
0c4bfefe
0b90ffdc
03aafd2d
fef207b3
0b0e00bd
ffdffd87
f35106da
06e5008e
050e01ea
01510330
fd28fbe7
fa8afae5
019ffb9c
01f0ffcc
036cfe98
fd63040b
01a80361
0cd7004c
004e04ff
fd8eff76
052b019e
024cf56c
ff64fa71
f27c08b5
fd4e0085
028907b5
f85e0453
04400599
fba50170
010ffaab
03c201e1
0393fb68
108e0131
06090474
0c9800a9
004e0146
f94c0606
0c9803d8
019efd0a
fa850268
05b6fda4
089afeec
fe730160
f9df02ff
fce802a2
06bef94d
fd4e0117
f79a0098
080500db
03cb0609
003001cc
fce10008
fe05f74a
fdb3faa2
ffecfac6
fe1ef978
f2f50818
016a02d4
fd9001f6
032a02b8
0aa10202
016209f4
022ffe1e
fca400b1
02d0fd31
f669f753
fb7b0077
043dfba1
f88c0416
0147fb4c
fae8f690
02ee01a7
05b4018f
fade0841
fac6fdf3
fa70fcb9
0365fc24
fbfcf90f
fc470150
0713f657
0541f353
f8eeff0b
f645045c
03830095
fe9203c4
f9e40275
f98efdaf
fd7004ea
ffb30031
fae1fc4b
02bbfef2
fed3fd99
f9d9fc71
01220115
077c0260
0477038f
fba406c7
fe23fba3
004efa64
0091fe44
006f00ab
02db035e
02bb0211
fbba033c
f5ef0062
f5fd0828
027803f3
0203f88d
04f0ff60
0447003d
f8190068
040106f3
01e004ac
031afb99
076b00b3
fadfffb7
ff3ff8fd
0191027c
0023009e
fc5ffb90
fd57fdf5
047c0000
057102b7
fab2039d
f895068f
0cc903bb
03ffffee
fe4bfe47
fec6fcde
f1dd0402
fa3c0176
036af84f
05c90187
f6d604a2
f6c1fc7a
ff33019d
f71dff0a
fcdbf6e3
f767feb6
f90a00c8
017bf991
fdc8f937
ff450012
00f90654
02930224
fe8bfb52
faf2ff39
fbf00051
017ef6c3
fc2efccf
fad90465
0d67fe83
04b80010
fee1f9b5
0992f9b8
f91afefd
fa6bf6ca
0d2a0358
030a0d05
f80705bb
f96a0cb2
fae9084e
fb5bfb1c
0286037a
0a1d085f
03e709e2
00720543
003bfa5d
038803bc
053a0052
01d7fffb
01fb085c
fe4603e3
004a01eb
01dbf825
0409ff93
04970344
fb25fb6f
ff27000f
0c4bfe3d
04d0fcca
f5a1f7d9
febcfc3d
ff6902d8
fa490153
016a05a8
fc2105a2
fd930319
04c701b8
0095fde4
fa05fca9
fd33ffa5
fd3dfbf2
fada02ce
03320364
0288fa92
0249fabf
047bf6a5
01d60200
03f2ff36
02930018
014e0bd1
0191fbcb
fbd2fb4d
03a5022f
014efc29
f429fb10
037f0529
fd4b04fa
01b105af
0d3b07c4
f0cffdd0
f7420012
fdeaff12
fc1c007e
0470fbdd
fdbe009e
0689024b
0535f513
f9d2fea3
002df61c
0383fcb5
00e5037e
0a1ff977
0491ff8f
fb9af99b
032eff28
fa9e042f
fdb0022c
002efd25
fa05ffae
ff0305af
fb4afdd3
01d70116
07bcffc0
00a9fb58
038afafc
fe5100a8
f490fd8f
03c20010
0472064b
f7f5f746
fd4cfb6a
0060fb1f
0213032c
04d3099e
0196fca5
f1e402b9
feacfeed
0454ffcb
039df797
04affb0e
076f0133
07a40135
0143f9e1
05e9f97e
feeafcfd
f66c0545
0085022a
ffc9feb8
0114003d
ffb5fe45
f8d6ff2d
f4d8013c
01750955
0ad9004e
fc78fcb0
f427ffab
f8a8f68b
03edfb15
fcc2ffef
fc17019e
08c2fe95
05aeff72
fdf205f0
fe50027d
07b8fd66
ff49fe75
03e703f2
06ca0166
fccefc8a
06d4f784
fe7700e9
fe6a0a85
0605019f
01ca03d9
017100e8
fa53f9ed
fc4afdbd
012f02af
01a7ff09
0326fc0b
06a502db
096cfb26
01b1fb01
ff85fdfe
06a3fde6
03260c7e
fb270584
f868fda7
f7fb00cf
fe9efca9
03b20073
04ddfa9d
0a8e0168
042010dd
f78afcee
0288f868
0a010555
045d0607
03320113
fe7af99e
046f0198
039200dd
000a0424
0194086f
f91500bb
fecf05b9
febd0309
fa5b0444
00b5fd2c
fe29fd9f
fee6046b
096cf7f0
009f06b3
fd4e0555
0facf9d7
fffd0012
fdd2faf3
0b18fe00
fcd40153
fb59ff34
fae30029
fd2102ae
fb82fe7a
fa1effa4
031d00b8
fea8002f
007304a1
0167fd25
fd3503e5
05520002
0539fb97
f8690534
ffa3fb02
065dfc77
fe63ff6c
fd8e03ab
f9c405b5
04c901d4
093f0484
0281fdba
0a86fe54
04b7fef9
fe08012b
fa96fef2
01b7f6de
0a98fd78
f96bfc95
fb77fcda
019105a2
00b2fcb8
07ccf4be
fe2b0020
017efaa1
fd05f9ea
f4e0032a
08edfef4
052406a5
f8ed0235
ff860190
04fd000e
fb67f4e4
fa2afdcf
0406fd92
fe2fff02
fcd2fbb9
fbacfecb
fe54086d
fb69fced
f6c6fc4a
ff82fdcf
f9b700df
f947044a
feab0718
fee00318
fa74fc17
f85b0424
fb52fcc2
fb0d0411
fbdc076c
f920012e
fea709fb
00cff974
00bffdd7
00e0014f
02d1fc63
07e0086d
041ef833
0001fe7f
f58e0806
f4d3fa4b
f7adfca2
04c5fe63
03310493
fe6b0554
0ed4ff89
f8d9fc2f
f9c301bc
fc000712
f7aff7fb
08fdfd91
01aa0612
0291ff3e
fe9e0281
02e1003f
f7a1fdd3
f1d3fb0c
0413fc51
faaa018c
0629fbfa
0bc4fde1
0371fe1a
02a1f538
0768fb1e
ffae0294
f820055b
0778049c
fc79f6de
fb4e0163
fd670a7f
fea1faf8
082b0651
001309a9
fd7cfad1
fdf8fb7e
0195ff5c
fd84018d
ff44fd31
f7b7fa99
f19e024b
04ea0bdd
0a540920
0806ff45
fc89fc1e
ffe3fda4
08350278
04f8018e
027afbd1
f8670130
fd4106ca
0160f8ff
02d2f830
0123fd0a
fc07f720
055cffa0
fcccfd7c
f491ffc2
078f03ed
0427022d
040e0b91
0bf502f3
f6fe01e6
ff1b0558
026e0262
fe030238
06d801af
fbcc06fb
fce7fbbe
f848ff18
fe680915
02bcfe76
fbe10449
ff4b0a9b
f944036b
ff310304
f96f02fd
fc54fe5b
fe7efd87
f315fd30
fe1fff8c
0023f678
05d3f4cd
07650758
00d4ffcd
0254f723
0335fb6d
02d1fe84
ff4c03c5
0222025b
fb03fbed
f797f4cf
ff0bfec5
ff7c048f
03b6fe22
fe57ff0e
fda705bf
060c0369
fc0cfeb1
ff7f0761
06b2f8fa
03f8fa12
0a3d08e3
fe78fc38
fab80056
0454ffcb
039df797
04affb0e
076f0133
07a40135
0143f9e1
05e9f97e
feeafcfd
f66c0545
0085022a
ffc9feb8
0114003d
ffb5fe45
f8d6ff2d
f4d8013c
01750955
0ad9004e
fc78fcb0
f427ffab
f8a8f68b
03edfb15
fcc2ffef
fc17019e
08c2fe95
05aeff72
fdf205f0
fe50027d
07b8fd66
ff49fe75
03e703f2
06ca0166
fccefc8a
0712f82c
0817075a
03e6027a
027c040d
ffdb0b12
0368ff03
00070508
034afd5a
080c0447
087705bc
033ef74d
f723fa9c
04960098
08fa0205
fa2dfc85
fdc8f983
051ef8d2
ffdd039e
fe8804dd
fdc20120
f748033e
0076fe93
07a40184
ff1009b3
fe0e0c0d
0291034b
fb4406d6
fbb90072
0434f546
ff54fd07
fed2ffb1
038afdf5
0789f9a3
fecfff2a
f939f977
fbf9fba1
f082086c
fa4d0333
091f0357
077b0170
0159000e
030cffef
053b054f
f9aefd48
0017f456
fd3afc9f
00e4f5a1
090ff824
fdfa030f
059d06a9
00670314
0823fd1c
0d46faf2
fa67ff00
ffe2ff08
0445fedd
06660417
fd46fcba
f6b30411
fe97fc12
0355fee5
0215077a
f42bf4d5
000905f5
08120200
f9adfbc0
fc91fe62
03f3fa29
062d022b
ff13f92e
f8410118
00f8f8e8
0719f9e8
ffff0b18
03dd0056
02f4fe82
f9b100ef
fe4a0395
fe53fcc2
01b2012c
fb1a06fa
f8fcfea8
05e901c0
fe9aff70
0065fb16
035cfc77
fc7c0539
fede057b
ff65ffd7
000503e2
05840433
05400541
0299035f
029bfe3f
fa1a05ce
032c00f4
07c7f3fb
f9ed04ce
fd8c07a4
fbc9ff3f
fd8601ec
0311f831
065ef8ed
05b0052f
ffc00954
0381fbd6
f927f976
029e0282
09040016
f6b4fcd2
021cfac5
01600113
f8c5fa72
0270fa1a
00530405
fc8fff37
ffc1ff67
fec0002c
02f6029f
0446002f
f48bfbcd
f9bb021c
07190612
00fffea4
ffffff2a
fdccfebb
f37df34b
f622fec6
016a022c
fdf60175
019f06c5
0665029e
fac60443
fb33fbf7
02d300d9
0268038d
f857fa96
fd14ff10
069c0260
03360365
03aefb0a
fded00bc
07fe0559
0a94f951
fca4ffc4
ffaf05fd
fa1f038a
fee8fba9
044af5db
fe78ff86
042f05b5
ffc90663
fadf0854
fe58054c
031600df
01f60142
fcf60205
018705f5
01a70497
faf5fcae
f877065d
fee205fb
fe8bffe0
fae2048e
053dfa51
ff8f013b
fc8f0168
070af51e
fcbcfe0d
fb7df932
fee9f969
fce20314
03370908
ff6a0b61
02db036e
04480282
fe9c0187
00b9fd82
f859fc97
fcd80504
03790035
fdccefa0
0480f6f7
037cfac9
ff9dfb88
fc93002e
f647fafb
ffff04d3
ffc803f9
f550f033
f771fa94
fd210529
006afe00
fb93fad3
fe55f8f0
0252ff11
fe790179
fd2805b0
f66b0615
fc1fff91
fe830410
ff680741
03d40559
f9e6fc10
0038f9fe
f93ffcf3
f9bbfeea
07660243
faa8fd9c
02f0fb2c
02c6fcd2
fcbc029b
048efdde
0227f426
0238f35c
fcedfcd9
000707ed
034b0252
050cfbc4
07e1fd32
052c056c
0336052b
f89208b8
f9580438
fde1f565
f84907ae
f22a072c
02ecf9fd
0b1d0606
feab0763
041fff01
f32501c1
fc2b0165
079e01a8
f7d606b9
0a6df98e
0279fe56
ff6501ec
ff2bfdeb
fb97058e
07d1fe24
f857fca2
0264f7ef
0512fe84
fca2010d
0387f7be
01210289
028204e3
01ca04b8
0b2f0514
01070042
fe1eff50
04ed0039
f700f613
0333ffe6
094006c2
0712f82c
0817075a
03e6027a
027c040d
ffdb0b12
0368ff03
00070508
034afd5a
080c0447
087705bc
033ef74d
f723fa9c
04960098
08fa0205
fa2dfc85
fdc8f983
051ef8d2
ffdd039e
fe8804dd
fdc20120
f748033e
0076fe93
07a40184
ff1009b3
fe0e0c0d
0291034b
fb4406d6
fbb90072
0434f546
ff54fd07
fed2ffb1
038afdf5
0292fe35
021efafb
00060511
ff74077b
fada0212
09ae07eb
0bae0274
fff1fbe9
f8dc0862
fd0b032b
0328fedb
fa430542
f8fbf9c6
070ffd4a
061d0362
fe54032a
108e0b6f
09dbfed7
fa2afc93
07900723
04020696
fda700fc
0060f9ca
03cbff15
ffc00190
fbb9fed8
01f1fac2
fda9fd34
fd410029
079dfeb5
0711fb45
0514f521
100507c7
02b4099f
f97a0236
07d105c1
fbe0fdfb
0028fd83
04affa1d
fd160784
04f108f1
f8350240
fdc20ce8
0301fd7a
f931fc65
019c01a1
f542fdfe
fb42052e
0a52fab6
fe18f7e4
ff7905fd
027802c7
079400ef
06920884
ffd2fede
0220fa57
fdd20429
0061fe8a
02fafa0f
fbdc0442
fccdfe27
0787fead
feeb08f9
ff73fa9b
0bfcf6f7
f9b0f9c7
01500155
08890908
fc1afd8d
0034fe95
fa2cf8ac
0052f2e9
084efb3e
08c0f990
0730fae2
fe37066b
fd8f0355
fcb6fb0b
03a803b5
06b0005e
fc520236
fd2905c9
fd2f0048
fa620332
0687fd3a
01db060c
f6ad0710
00d8f991
079dfaad
0440fd86
fa400227
fdebfc63
fc8b02c7
fb4d082b
0c3dfba1
06a8fcb5
0000f61a
ff72f8f6
fa51fd7e
fae0f611
f8c304c6
f7fa0050
0446fe10
046304fc
f96cfc79
fd650ac2
f707058f
fc85fe85
ff390295
fc73feb3
001e0815
f812fec5
05130404
014305f0
fee4fa69
017304e3
ffc7ff61
04f9fdfe
f839fd78
ff98fac0
f56affe0
f90cfbba
08db00e7
fd6c05dc
02390085
fc5bfefb
ffcb0349
02fe06a9
05ea0335
08fef9c6
ffa3f8b5
fc95ff83
f47e033b
feda04f3
031803a4
01d3008e
0411fc87
0034fe06
fe03fe64
f7c0fb0d
fe00f763
03e5fcbe
076e05ae
021001a7
fbb0030d
0145fd65
05f3fe61
0723061d
02f6fda8
fb27fac6
f5dcfbc9
02a0012f
003df618
ffe7f255
073e0301
f90e03ab
ff7704da
0a0401d1
026e02d9
f8a20a25
fb4b04f3
fc90fd3c
0243023e
04ea060b
f72afd42
014eff11
0014fd72
f72ffa60
f8750015
f94e0883
fb9a0bfd
fad4fea8
fe71fdbe
fd460901
0aba01a9
feb0f780
f3ec0275
048400c7
fb53fc99
fe1d067b
000ffbcb
fe88fbef
00e2fe7e
01a6fab2
042c01ce
00f7fb3a
06f0fc5e
042a03f4
01df0504
017a00f9
009a002a
fd8c0d40
ff5401f7
06c3f73f
feb203b2
02fb03c0
0597fd9e
ff74fad5
f70a09f9
faa307d0
02c5f506
f98ffe56
ff31fdc0
ffac034c
00ac05d0
fcd5fc8b
f7c404f9
008700ea
ffec0046
06fb0278
fe7cff90
012efbf8
086e003a
fc0e028b
fe8ff70b
f73c02fb
006602d7
09a5fe73
fb5a0324
fd36f9c6
02b9fbbe
fe42fe66
f826fcd6
fde9fc08
fd2c02d4
f9b4010c
fc1cfdc0
f6b503e1
f9830385
fe0102a6
fefefadd
00ed02a9
012effad
03baf654
0ed7ff59
0906ffe1
f6f704fa
009af95e
fefbf4b1
fceafcce
052bf928
fea8ff4b
00b2fdb7
fbc6fa5b
0100fe34
06900287
fb9a0043
fab9fd6b
0098ff55
0ac2f8c7
ffacf9f0
f8e2fe8a
fe26fcc8
feab0031
02c306d6
fdaf0700
0292fe35
021efafb
00060511
ff74077b
fada0212
09ae07eb
0bae0274
fff1fbe9
f8dc0862
fd0b032b
0328fedb
fa430542
f8fbf9c6
070ffd4a
061d0362
fe54032a
108e0b6f
09dbfed7
fa2afc93
07900723
04020696
fda700fc
0060f9ca
03cbff15
ffc00190
fbb9fed8
01f1fac2
fda9fd34
fd410029
079dfeb5
0711fb45
0514f521
fdb50500
0275fbb7
0081fc6e
fd38f731
052bfe00
fe70084f
f895f957
ff7f01f2
0c8e012f
ff78fe90
fccd029e
08d0fc6d
fce8002f
00110235
0491079d
fb52fee3
ffaefee0
0502fe62
fbfcf193
039f036c
00e50d15
f70d06a1
035ef4e9
fc50f54a
029e0a6f
086bfd83
0438f610
05d6fd62
fa65ff3a
034700e6
05290098
02e9012e
056a0389
fb6d04ee
02d4fd6e
05d8fa84
02e5fa7d
046c038b
fd7e0b8f
0376feaa
04a6fe2d
001d0267
03060164
f84d06b3
030f03f8
0c25fc73
032902f7
040b028a
f9aaf424
f9700214
fa690791
fcf0fe45
02750530
fbe70065
fdf20506
feeb02b8
fb2afcd5
f7210508
fb11f9a1
fc9ef8be
0338f93e
01bcf55f
febafb31
1085ff7e
ffb5046a
fb16ff0b
039e0456
fede03d4
07b7fdf9
f9f406c5
fa6c045b
0710ffa1
ffe5fd6b
fc2e065d
f8b903f6
fc95f592
07bbfe6f
023e06ef
fc6d01f4
00c4faa4
ff24036b
0112053b
fdfbfd09
0131fd43
ffe2fc63
f8c10415
022b007f
ff0dfbb6
ffe302b9
047f06c1
01d701f3
01a90054
093f06bb
061bfa0b
f858f9cf
0106fce5
fe96ff4b
011d0ce9
03cb0178
f705fc47
f833fed4
fc55fdb3
079bfe77
0a450292
05930491
fc38fe2e
fcf5048a
00eb0295
fce40429
0748034c
01f1fc70
01050ab2
fc340261
fd41f85e
0736030d
f4dbfa47
fe0ef347
04d200e3
ffdaff89
084efa17
055d02af
fc600050
f4aef9ae
03a101d2
0531086d
fca4f8df
0568fe75
012d067a
fe0dfb00
00eb02a8
0426fdfb
062203c1
060401a6
00e7f245
f84e004e
fe64ff99
fcc5008e
f99bfc70
0534f85e
02cc01bf
f8cef8e3
fd9cf97d
fcf000d4
f262ffba
fa020220
fc5806ac
f8d9fdc5
fc49ff3d
faf707ca
039302b7
052705d5
041100f1
0209ff7b
fe62fada
006af4c1
0000ff7f
05cc00d2
fb340167
fe18ff5a
02fafe3e
f4eefb0d
ff52fb22
02c6fd09
fc60f719
ff1c0092
03eefd28
f82afaa1
f6c6035e
0433fe0a
fe85ff35
011f01bf
004afeab
0458ff4e
03170309
01b7031a
005bff83
f1310134
05230d2d
01260827
f906006f
014f10c1
fbd40ad0
0502ff71
fdc60070
04690165
0751089e
fd870576
0631ffb0
fcf3009d
fbbe0334
ff2ffed5
f6fb014b
fc0dfe6a
046ff8a7
041e0666
fdcc0026
f9effa4b
fe1efbf2
02d3fc7b
02ff0551
fd440481
05c90565
08def709
fb17f403
02e70552
f9d003d3
f5c5050c
f96a009c
f08cfb95
00630177
fb59fc88
ffc6fde2
0911002f
ff8ff9c6
ffc000b4
f9590082
fc4afb06
fadffe32
ff6dfdd3
043100ec
fe45fa08
fb68fb2d
fde1046d
05db02aa
fe960a9b
fc250989
f9ef0198
fe73fbde
fe9ffbdc
ff7efc76
06c2f2e2
f3c5fcf0
fc1106e1
08050598
04d20324
06240136
04550965
08a9ff41
0037f6da
f836ff76
fca7fcf7
0844ffb3
075afe56
0362fac7
ff0802ff
fbaffa52
089bfabc
03ce08a3
ffe402bf
ff4fff92
fb510888
042c05d6
0be7fa92
0635ff69
0079fd3b
0341fcb4
fdb50500
0275fbb7
0081fc6e
fd38f731
052bfe00
fe70084f
f895f957
ff7f01f2
0c8e012f
ff78fe90
fccd029e
08d0fc6d
fce8002f
00110235
0491079d
fb52fee3
ffaefee0
0502fe62
fbfcf193
039f036c
00e50d15
f70d06a1
035ef4e9
fc50f54a
029e0a6f
086bfd83
0438f610
05d6fd62
fa65ff3a
034700e6
05290098
02e9012e
08ea0b73
ff580b55
ff8e01b4
fc4cff50
0773007d
05c4f90d
fd90fb2d
00f605e3
fbf8fd10
06e8f856
0122048e
f7bb0269
08ebfc96
02fefa27
ffb0f470
03dcf947
00fb00ef
030a020a
f9030098
fed6fc98
022ff978
f816070d
02bf0641
0be1fbf8
06adff86
008cf8fb
02990511
ff5d053a
0094fbca
024bfb8c
faa6f4b1
fc13fdac
0400f61a
0726046b
f55a0ca3
f3fbfe65
02b3045e
fe7ff973
f48b06e5
fcb70764
066ffc28
f92308b7
0566045d
003d00bb
f1c6ff12
03e808c9
01f70404
01cbfb51
008200d2
0304f7e5
022cf946
021cfe74
07ba0539
fd960430
04cffe2a
05be0aa3
044103dd
01d4f6d3
0049fcdc
fd13f62c
f5effa6f
027d04b2
fb8df9f8
fd75fcb9
02befdcb
0157ffe6
02e005a3
fc55ffe7
05faf809
0085f364
fb650220
0325ff21
0b66016c
0c1c0cb8
03650373
06cd077e
0333fcaa
f9d8fa3f
f8450496
ff9c04be
fe1c0767
fd1dfc5e
fc3d0065
f6f5037f
ff14fbfe
02d701e9
07bbffa7
fec50024
fcf80816
078801ba
ff50fbe8
fef60099
03d0fe68
08a0fe55
07d5fdcf
0230fc8c
ff4b021f
0119fddf
fa7a01f5
f79f02ce
0465fce5
fced062a
004c030a
09f60486
04fd0732
019dfd09
fe2cfd59
fd6fffba
f9960366
fed2faec
0319fdbf
0037068c
fa34fae5
fe30037c
0502051c
ffb3fe70
06d7024a
07d8fe3a
06d9f6be
04a6f65c
f83c01dd
fe3dfb46
09e3fa4b
fd9c049a
f964ff2d
02a7ff36
fd760319
034700df
f442fe73
f5c8002f
0c93fade
fcf30276
01c704b1
000efe9f
fb7507ab
fcddf8af
f640fb29
ffaa0f26
fec00aca
017f01f1
00300064
005b00e2
f79ffeb8
f5bd09a2
066f04b9
fc1bfbe1
fac7fdf9
fae3fce6
fec0ff39
fd5ff8d5
fa8dfb24
05bc0074
f8b902d3
0452fd36
0828ff5b
f9750a0a
ffdefc88
fc0cf683
017bf90f
01f00081
f6580000
f958fb25
026600e4
02c8fd36
ffc302b0
fa45ff61
f9bbfa92
006d031c
f27202b3
fc5e0067
09ddfeb4
f9c6033d
02ff01f6
01e3fb2b
fc2c0094
ffb9002f
fa6cf986
033700a6
0003033c
fe69fd7f
0230fad3
f906fe39
fef70548
0403ff1c
fe15ff3e
01a3ffe0
06bd00b3
01af02d8
0055fd65
ffc209ff
fb8b022e
00caf700
001600cb
fae0fd47
fc44fe5e
fc22fa5f
febaf551
0290fdf8
01b20167
0077ffc0
0462005b
050b03dc
fd79073b
fde502f9
fe78f987
012cfacf
07ebfda2
f97ff9de
fd4efe41
03f20119
f8b6fbdc
090e000b
0a39fd96
04a1f9e6
036406b2
f5b10617
f7fa06e1
fe990b66
02b4fcee
fa35fb29
006b086d
032d05e1
f48f04ca
00c309ac
065dff4b
04ee02fb
024809a6
053005e5
01d903dc
f8f8f6f3
006efe87
f7e80a2a
0023fff3
ff87feae
f4b1ff30
046dfbdb
038e02c0
024703f6
ff68fe06
fb0aff9c
fcbaff73
fbbaffd8
039cfd2c
01210070
fba405bd
07cbfeef
048a015b
fa39027f
05c60059
035cf6d7
02c1f495
00dd076a
f85a0431
0798f80a
0779f75c
084afe94
08ea0b73
ff580b55
ff8e01b4
fc4cff50
0773007d
05c4f90d
fd90fb2d
00f605e3
fbf8fd10
06e8f856
0122048e
f7bb0269
08ebfc96
02fefa27
ffb0f470
03dcf947
00fb00ef
030a020a
f9030098
fed6fc98
022ff978
f816070d
02bf0641
0be1fbf8
06adff86
008cf8fb
02990511
ff5d053a
0094fbca
024bfb8c
faa6f4b1
fc13fdac
01ea069f
f7dd01f5
fd28fa93
07f3fde7
fd0e05b2
f9770866
fb43ff43
0091066d
ff6d089d
fe8bfbca
fbaafe23
fcfd0041
05b6fe53
0105fbf3
016f00d6
034308ac
0785fb24
0780f3ae
05a900d0
0bb704ce
0139fdda
04a2fda4
049dff23
f632fa0f
fdeafdc0
00170150
0188fc93
04520076
02abfdea
03bcfd91
008201a7
0472fadf
04b5021f
01b3fd21
06b2f44a
0838033a
0203fe29
055ef4bb
050bff2d
fb3a078c
01a1fc7c
fc0cfe1f
ffe10c8d
0a58fa34
fd1cfcc8
fbf609a5
f874fb99
0217fb56
0aedf82a
fddefe05
048d08dc
01f40273
fa9d0641
09780206
0df3fe87
04d6056c
ffb6fbb6
fde4fea3
fed601f3
ff80fa8e
06700b59
08a60b05
ff02ff33
ff2401d2
ffbe0609
013b0f7a
014efa60
017ef0ff
00f101cc
fb42fcba
00affc98
0247f829
04a3ff06
026406a7
fcd7f4a6
fa3ffd7a
f5ec04b0
f6d6fc4c
f81c0456
06e30607
038604ed
fc9e037c
0523fdeb
002b0157
006afe18
fdb9ff20
f90008cc
00d9070d
08750401
fd55fd30
fed1fbe2
0180fc52
f6ff00cc
02a3083d
00c5faf3
05f0fa6a
05a8fd2c
f7bc005e
ff3104a1
0025f9f6
044dfa17
0258f58d
02aefe07
0442014d
000ef9c2
fe0f03ce
fc24fc79
0171fc61
fe9901c3
082c0343
078506f7
fc13063b
008a0202
ff41ff2f
fb130b88
f81a0228
fd200058
fea9004e
fb0dfa38
f4b9085c
f82bfb14
00b0fcdc
fd0801d9
02c2fdac
02f7ff78
feecf827
feaefed8
fe83f4bd
fb42fd9f
f9770725
093002b1
0ab00632
f2e0f298
f2a6f5e3
0a72f8c9
01a102c6
f8a909a5
ffabf8f6
fd4f005c
05510036
03e90801
fb1e040f
fdaafc0f
0003027e
f811fac9
fa6504a6
00160428
ff9d019d
04040155
fe4b015c
04f708a7
006afe9f
f79b0250
06d9029b
06170425
00c5076a
0497ff76
000f01c8
f4b1f97f
f64cfb92
f70dfb0d
0238f1bf
0af6ff7f
fc4f0168
fac30212
fad60ed0
020502bc
ffcafb41
f6f109bd
00770208
0811f99f
0109ff0c
fe29fa9d
0badfac7
fca10068
fdb2fd25
0125fbc4
f5ce0917
06900466
082df8ad
0657fee8
fc7cfdf2
0409019c
0364007f
ebc8fd96
fd3f0229
0123fd25
fabfff7c
f9a302b7
fd0202aa
076f031a
063a0409
03160109
ff4efb69
051f026e
0609ffff
0175fcd5
017300af
0017fe35
f81d028b
ff9e0135
07b2fecd
fae90307
ff4a00a3
fbe2fd95
f863fbc7
012b001f
fdf7fea7
fa10f701
ff4f02b5
07d70282
094ffd53
0ad2081c
fdb40300
f5540546
fbbd02e1
030df973
ff4b0001
fdf2fc01
07d503b2
f97a021e
01a1f73e
ff56ff30
f774fbaf
09e60000
fec0ff94
00c1fc47
fe750696
fc9afec3
0375fa03
ff2afe6e
036dfd35
ffb8fe81
01de01ef
ff1ffd64
00c4fc51
ff64018e
f91afaf0
fff601ce
fe8a0497
0188fbec
00e5067f
ff57030e
fdc4017d
0172051c
04c6f904
fbaafe91
fdc200ae
f95ffd24
f7590304
01500040
ffaf01bf
f9eb057f
01e7076c
00a10373
fae6fef0
01ea069f
f7dd01f5
fd28fa93
07f3fde7
fd0e05b2
f9770866
fb43ff43
0091066d
ff6d089d
fe8bfbca
fbaafe23
fcfd0041
05b6fe53
0105fbf3
016f00d6
034308ac
0785fb24
0780f3ae
05a900d0
0bb704ce
0139fdda
04a2fda4
049dff23
f632fa0f
fdeafdc0
00170150
0188fc93
04520076
02abfdea
03bcfd91
008201a7
0472fadf
094bfd3e
fa6b07a0
f5fbf429
0a13f821
016800ba
fd65fbe1
000804b6
f958ff03
fe65fb31
01b90102
072bfe13
0409fd06
ffa9fba7
fe11019d
fe4507eb
01b2014c
f86ffeaf
ff190026
072afee0
080ffab5
0108fbf4
fb69fd39
0b41fa76
ffe703e3
024105f4
0813fe93
f034fbf8
f479fd3a
fd60fd3a
fee9f7eb
f975ff8a
fee90413
09a8fde1
018d0424
050007f7
ffaffe8f
fa8cf9c6
ff3dfbca
fc6a0275
fbff0385
03f0fe00
07360055
fc89fcdb
f98aff3a
f9f0fd25
0846fc0e
05b703b5
f3eefa2b
ff6d01c8
fb33fe7f
fb38f85b
fced00b7
f839f96b
0419fbe6
0315fa96
06a1fdda
082401b4
038e029d
02c9042a
03c10063
044902bb
fe5402db
04c807cd
0499002e
ff89046a
fdfe081f
fdebfe9e
071301c8
02f6fc64
fc6003f4
000d016e
0740fd74
05ee020b
00cefd57
05f8fe4a
0358f9dd
fed80113
fd300308
fba9ff1d
ffbc0064
fe55feeb
fb1afe37
faa8fc46
fcb1023d
041b073f
087c0387
05af0061
040306f0
05d7fc5d
04acfb1d
01cd06e0
011c03cb
06a403ef
07baf4f2
fda5fc70
fd220705
fd2c065d
ff6c0d68
0784fd19
02c2fa98
02f7f9bd
00e9f971
0345056f
07060446
f58d01fd
f5e005d7
000e0452
fd32050a
f82c05a0
fa7df6f1
0079001a
ffb5036f
fa96f8cb
f936fdf1
04d3fd1a
010d0025
0321fdb0
051cfc62
f5b1f9b3
021000f2
ffc20951
f6b404ad
f9f3057f
007bf62a
0647fbe2
fbb401ee
089ff52c
ff69001f
efa30b3e
fe16fee1
00a9f8e2
064809ce
0266fcc8
00e2fa86
046e0845
00f5f59f
fee6f80e
ffacfe3b
05d7fbab
ff2f05b5
faf8feb9
fa02f6ff
fd8002d5
ffcd0257
fb7ffc12
ffa201fb
fce8038f
01040092
ff120665
fce40837
0ce4ff58
03c402c5
f893fd5c
036800b2
fe150566
fc63f590
08730568
00290996
fd23fcb4
fe1cf9e3
f658fb0d
faea0220
0235fbf0
fbe40604
f387099d
001af90c
03d0fb1b
fefa033a
fbcd0433
fc870180
0370f96a
fddcfbc9
0665ff8d
fc93f580
f861ffdf
ffb202fe
f681ffce
06dd01bf
fa0bfdfa
f67e0896
ffc0fde5
facdfcc9
04330192
f4c3faa1
fead07ed
0426ff44
f958f2b9
016efc05
01f6fc80
04c4f705
f6c7023d
f88e0624
01e1fe6a
0526035d
0c77049a
ffb70009
fe69fe20
fd5102c2
0010ffb5
08a0fce7
ff77ff89
010ffdea
01f002e8
f7eb0adc
00710bc2
035bfda4
f8b7fd44
0012ff2f
ff99fdd6
ff25035b
07cefc98
02950082
fcf10669
ff6a060a
059efd30
0169ff15
fefe02cf
fa70f656
f946fefd
fd87fc6b
fdc1f6c9
0b96fb7b
0034ff14
f9b70645
02d400b5
006afcb0
08bcf941
00bdf992
0021feda
027503b7
fde8fe92
fca6ff8a
f1670ca4
fa5207a1
02d801ee
0045fb59
ff3d05c9
041f0cab
0073fbb1
f619ff67
015802cb
fd05028d
0237001e
0ffe02d5
021706fe
02fefaf2
04ec0319
0013023a
0515fb8a
06980828
0418fe4c
047800cd
02eb0edb
00e005b4
03870289
0565f93c
094bfd3e
fa6b07a0
f5fbf429
0a13f821
016800ba
fd65fbe1
000804b6
f958ff03
fe65fb31
01b90102
072bfe13
0409fd06
ffa9fba7
fe11019d
fe4507eb
01b2014c
f86ffeaf
ff190026
072afee0
080ffab5
0108fbf4
fb69fd39
0b41fa76
ffe703e3
024105f4
0813fe93
f034fbf8
f479fd3a
fd60fd3a
fee9f7eb
f975ff8a
fee90413
02280354
ffae0670
f57bfc40
0319fe45
0370fd0d
fbf0ffd0
fee7ff67
fa24fb63
0582f6c1
0371f618
f9b40531
fff80893
002c0008
03550250
fb33036c
fa8702ff
05a905fc
fa900536
fe4f040d
033cfaf6
fbb4fd34
02d00652
0134fe73
04f2fe08
03ba0369
f85400c1
0148fc30
045afef6
03c60073
0426f904
fef6f14a
025ff579
0a5d016a
0977ffe5
fbba01f1
f37804d8
f96fff23
024b01e4
03e802a3
0090fea1
0606fe12
0c7a0094
ff4105ed
f9c3ff3d
fd72f763
f69102bc
fa93f967
fe70f8c2
06a4091b
085afc48
faf3052b
fa550856
ff42ff15
0048063a
fe67ff73
0c3901da
09e4010e
fd19fcde
023afb80
fdf8fd84
ff7908be
009104b9
010e09c7
fde10a9c
fdacfd80
012c0187
fc720487
ff68fd52
fc91fb38
044e0241
04d901bf
034afd2c
024b0223
f7c802a4
004e038a
00bf037b
0608f937
0097f978
f9eafb04
feabf9a0
fa800625
03270956
040d0073
0694fde7
002c0018
fed705e5
05d40647
028f0308
086703fe
0248fccb
0226fb60
03b6fed9
046ef6fd
fed7fc95
fb83fd1b
0a11f4be
0000fde1
f9a2009c
fe67006b
0054ff05
05bbf311
0471fd06
ffa40b32
053afe67
0283fe79
f3fe0523
009dfe16
feb9fc73
f8b7fb65
01d2fecd
fddffb6d
fe1ff7e3
fa7e01a3
fd3dffd5
02cdfbfd
05d2044f
0198fe64
f5a3f3ed
f96b024e
fd3bfd6e
fc2af75e
019d004e
03cbfcff
fb6e0c19
024bfe24
0582efe9
ffc60875
084b0537
03800254
fc710693
03a90184
0591054d
fb7700db
05d3fa77
0b54054d
fc3d00e7
feabf9bb
ff4108aa
fdb40547
f949fe4a
ff3aff26
fea40339
f3fb0782
f8e9041d
f94503ea
08c3f990
010407c3
f7910c40
00a2f3f3
f90a006d
029ffe54
fe97fa57
f7cf02ce
fb62f7e4
0006ff1f
0776fca7
ff0d018e
fcd60b41
00eefdbf
03040662
f877016a
f9aefd61
02a10a13
fbef01e8
f94e024c
f4380554
fe6d0025
03a7fc6a
04990495
015c05f4
f27bf85a
06fffefd
037a06d4
f6a405be
036b05a8
fd08001b
fdf2f9f8
febefc18
059afd8e
00c3fc31
f814fd6a
0942fa91
fadffaa8
f79dfb5f
02e0021a
005f0367
ff9000c5
fe400337
0e8ffbce
fec1f617
f4fbf684
ff8c01ff
f7040280
ff010355
fa4b03bb
ffa0fd3f
06c902bc
0148f829
04b4ff47
f57a0183
fc0501b9
049a02ec
f765f420
fd740927
0b3a0407
078affb7
fed103b2
0131f843
f86e03c1
f9db00a2
07dffd67
02d4fece
ff470297
fdbafbd7
fb55fd9c
ffd705f0
028dffcb
044a0ba8
047502a9
01c3fe73
fe060057
fac1fe4f
fcd70708
02a0ffdb
087cf9a3
ff13fba6
f6440a96
050aff02
079ff35b
0226fc30
035ff959
001600b3
015aff37
00a7fd1b
fddcfa39
fdd1f66d
feaefc50
00380081
0072fe7a
fdf7ffc2
fe180970
032e03a5
033105e2
fe6a0057
fda1f4ff
03f5fdaf
03e20132
0055fee4
018efb7a
0514013d
07e0fffc
025005aa
035d0652
073fff9f
026a0ccc
fd5a043a
02280354
ffae0670
f57bfc40
0319fe45
0370fd0d
fbf0ffd0
fee7ff67
fa24fb63
0582f6c1
0371f618
f9b40531
fff80893
002c0008
03550250
fb33036c
fa8702ff
05a905fc
fa900536
fe4f040d
033cfaf6
fbb4fd34
02d00652
0134fe73
04f2fe08
03ba0369
f85400c1
0148fc30
045afef6
03c60073
0426f904
fef6f14a
025ff579
0261fb42
017c01be
fd0402ce
03b8fea4
0b41fcef
05befeb7
0235f9d1
fcc3f3c3
f953ff39
fe580091
021a0291
fefb0672
ffd001dc
fa2a0106
f736fa10
fd9efc70
fa220693
00230223
fea9f7df
f9e2fea7
01860322
0093ffd7
04ab0009
0786f729
02d6fbaf
fedefc90
0042f999
021002a8
f89604df
011f0632
0cc4fff4
fecb0404
02960712
096aff71
fe280149
047afd7f
059dfab7
f968ff91
fa570742
03b002cb
0810027c
fc06023f
f2f6f832
fc1c02ff
04ff01f4
03ebff7c
036e014b
08fcfb68
08d1fff1
fea8fa37
f861fed8
064f02bc
09e401a8
fbae022f
0426f50e
03360308
00210a9f
0581fa18
f93efae3
045ffcf0
02e2003f
f93005f8
0141fedc
fb49f552
0435f6ac
001f000d
fc90007f
09c8fb2d
053cfd08
fb51fabd
fa42feec
08ef0351
001afda6
feda02ce
072cfd9e
f62ffb39
ffb90325
05590166
fe4c06d0
092e0244
07940309
036c0af7
073afefd
fa06ff15
f9dd015c
00b3f894
fbeffdbb
097f0283
05e00060
fd7f01e1
016effae
00290376
020b0140
0115f5cb
ffadffc2
fe2707df
ff4bff4b
f5abfac8
fd050616
065b0699
079dfa58
0ead087c
fb1e0423
feecf954
03fc07ee
036dff2f
0082f85f
f840feb2
06db011f
fb410354
0006fee5
0485ff30
fe30ff8f
0179ffcd
f85c027a
f9befc6c
f788f8e9
0218fc8d
fec60010
fbfa036e
fbdefaff
f5a6f9b7
03dd07be
f77e0310
fd3d0568
ffe20b1c
f6c4ff16
fcaefe8f
f3b9fc42
ff78fc59
fc2401c9
fb65fdfd
0f16faf7
0171f9b0
ff73fe0c
037cfe00
f063fb79
f591fda1
00a001f1
02b702fe
fff20180
f79d0d87
048c0150
0038ec47
ff74fe53
04c5070e
fd39fef1
05d505be
fe110a4a
fe1dfe3f
01b900d1
fc2d0b6b
fefd0271
00050359
010c01d9
0590fff3
0b8e052d
fcbefc56
fd74ffa9
000900cf
fa960000
00400318
f8a50036
009b0770
0273027a
f62af8f2
f964f923
030304c0
fe70020f
0555f1d7
0e5401b9
fba80014
03cafd18
03970833
fe7bfd92
024c020f
f9f10679
01e506a8
fba003c1
faf0fbd6
fea9fe70
feaaffb9
0194023c
f969016c
ffb000bd
0589f5d8
0166f5bf
fe2a02a7
0326feef
01f4fe42
fa8cf7a9
fa5afea8
f78d03ac
00aafa38
067afe71
fb70fc15
fbab00a5
0466fab8
01d8f338
fc55fd51
fc89ffa9
00d6ff4a
fbc00073
fd45039f
094ff775
06e7fb47
05d703e4
fa2cfde1
fc020bdd
02d503dd
f8d4fa81
ff7805b0
fd2c0987
fd030477
f992fa67
ff380097
05f40329
f833fd08
06e8ff09
09060325
ffd5ffe4
fee002b3
fdfc015b
07bff3e2
065dfc77
ff40fabb
fe54faa0
ffe10493
fe0d02e5
01c3065b
faf6f86b
f751f704
03dcfb88
0338fcdc
fee5048a
fe3afd5b
008b052f
ff820576
02a40592
f7720980
f692fcdb
0bbafd99
060b0193
069c0384
0244feaf
020eff50
04bb0566
fce0029b
01f8034d
f5e7006a
fe3300bf
0753010f
ffb0038a
05110bd3
fdc50cf4
fc31036e
0261fb42
017c01be
fd0402ce
03b8fea4
0b41fcef
05befeb7
0235f9d1
fcc3f3c3
f953ff39
fe580091
021a0291
fefb0672
ffd001dc
fa2a0106
f736fa10
fd9efc70
fa220693
00230223
fea9f7df
f9e2fea7
01860322
0093ffd7
04ab0009
0786f729
02d6fbaf
fedefc90
0042f999
021002a8
f89604df
011f0632
0cc4fff4
fecb0404
0196071f
03200010
0412fbee
f7f5fe4f
03c5fe30
0a7cfb93
0131f9d5
fd9e04a7
fdfc005b
09c4fcde
0b4afe31
fb74f913
f6db0441
0524fea0
005d0054
f775025b
fe94f2b3
f6bbfd65
01650471
06b30435
fc53fe85
ffc8fb99
fe6b02f1
0641fdd2
007c03ec
042f04ac
0795fcd0
faf905c2
03b30294
fc8ff772
0122024f
02b3098b
fa1a00b5
02ab0151
fd710408
fb6602ec
f858054c
fb450447
fb9cfe17
fe85fb08
0593033b
fd9c071b
06ffff07
0410ffe7
fc4402e6
02cc032c
fc1efef1
ff5dfc5b
07bd058a
f829fecd
fa33004d
09d20227
fd68025b
fc580c70
fc48fa4e
01c2fda3
06adfea0
fea6fa04
0cf40580
083efdcc
04cb0426
044efe19
fbd3005d
ffe00770
fad4fd4b
0161fcb9
0806f348
0733fb60
03f502ea
057d017e
03e00174
fc8303b4
0717fd8b
fc22f391
f83f05f0
0498033f
fcd5fd4b
0116ff3b
02b7f958
00acfc50
011cfe4e
fdb90183
09fbfea2
0613fd3d
02b0fa9a
0462ff97
f6bbfb41
0208fc43
fb150a5d
fc5ffffb
050a05be
ef2afed0
ff55f85e
016204bc
042eff70
0df9049f
fe96ff4b
0183f809
fe0100a5
00ec043e
fdd108a9
ffab0683
0799f90f
01f9ffdc
fcc700fc
f704f6dc
0731023e
ffeafc01
fda5ff1e
038f0558
fac802aa
055704ce
fa71fb02
f82607ba
01f40446
0171fd9b
02d401b4
ffaff5f4
f986fb2e
fa0b00b2
fba1ff4c
f003fab2
fe9401e4
09870670
0073f7fd
ff86fb0b
002b03e8
ff26fbfc
f5eefd1f
ffce06d7
074001fe
04a3069c
07a5030e
077cfdff
ff1bfec5
f9cef39f
05abfdb4
0025fe0f
01a5fd0c
018301f4
f6baf9f1
02f10047
0aa2055f
02fa0201
f95a0066
00fc0497
fc11fefd
fe41fbd9
02c8057d
ee370292
fd56f86b
0123fac6
f24507f2
f6030009
fabcfa57
023f0097
ff8b0225
00270a7e
0736074c
0391fde5
f92cff4b
00d50916
05a00177
f8dcf5dc
fa99ff86
fc6e0582
036c07e7
05ad04e6
00ad040a
0876016e
00c5f8c6
fc960130
02830566
ff95fe2c
008bfe4b
fecc064e
faad07b4
fb8afea2
fe08fb8a
fd53fdd9
fe94017e
00210096
f853fe93
f6d8022f
fa12fbb3
f912f84e
fd89faaa
02ebfc8a
fdda072e
fbb4004c
02b2f99e
02d301c2
052c014b
fd5c0615
fe320628
104afc67
01c4fad0
f8f6fe39
fe8d0447
f8a404f4
f416f992
fc43f5fe
0a4dfc3b
fb9600ea
f4720627
fa16055a
f91304a7
fb37fd57
f8d2facc
04ae06dd
067d051b
00fbfea0
0575fb76
fec3fe32
fefb01a6
02c80155
01adfe42
03baf9b1
fd890074
fe5bfbab
0b07f663
056dfb73
01fcfe4d
068c00e1
0000fde1
feba0348
04db05ff
05ebfe1e
ffc2fd35
018500e7
fd01fa30
fb61f8c0
03ccfceb
febaf9bb
023608fa
025f0854
0310fd4a
06d00516
002a00ea
02260136
05f9003c
0770fcbf
025e008a
06fa0084
03970209
f74dfc0d
febe00cc
fb53090d
032402de
066c0b50
f3560b7b
fc5ef7e9
05a6f78d
f868ffb8
f91bfaf4
05bdfdf9
0196071f
03200010
0412fbee
f7f5fe4f
03c5fe30
0a7cfb93
0131f9d5
fd9e04a7
fdfc005b
09c4fcde
0b4afe31
fb74f913
f6db0441
0524fea0
005d0054
f775025b
fe94f2b3
f6bbfd65
01650471
06b30435
fc53fe85
ffc8fb99
fe6b02f1
0641fdd2
007c03ec
042f04ac
0795fcd0
faf905c2
03b30294
fc8ff772
0122024f
02b3098b
fd16f9b9
ffde05bd
042707bf
05ebfff2
fdf1015e
072908ba
f7c50463
fa92fb71
01d60534
fb210079
02c8f6cf
fca3003f
fcbf0286
fc9302e3
0620fa5e
032a01e3
fc8504c1
0a68fbe8
06440928
0986f855
02bff8b5
fc5303d2
febafccd
0223ff8e
0f0af917
017003a8
f8dd01c2
fd770210
04640627
05ba0029
01df07e2
07effedd
ffc2016a
fee7fd4f
fec7f485
ff1e0124
089a0193
fac5ffa1
fdc704c3
0cb202c5
0296fd55
fe79014c
01e4faa4
0385fb51
00220229
fff5ff8d
02f4fecc
fd41fdd8
081404f1
03ee00ca
f9af01ec
018a013c
f7d3fcd3
fa330275
fa2302a7
ffdc0291
0cdcf672
050efe0b
043c0377
f53dfec8
fc6404d4
0a8a0132
fe2006db
01f40175
ff28fbf7
fcc1fba8
f965fb42
f37204b7
01c0039d
097ffe6f
00a900b2
0118037d
00c4fb33
fd250300
063e0172
f90dfdad
f5d70b64
0559f8a7
05a4f920
05300363
fff6f8e6
05f9007d
00520493
fd70fc24
0aaaf5e7
03fefa3b
029b0177
03c5030a
ffcefbf0
fb79f4a3
05d0fe36
080e03a6
f59afe9f
f9b7031b
fb6b017e
00b2f9f2
0931ff4b
fddc056d
fcd405a8
fcdcfb27
f82df7b3
fce10131
fe4bf9e6
0389f523
0740fd10
fa84fa42
ff35019f
04680d51
ff010272
fda6024c
fb07043b
04cf080d
f702097a
f99cf500
0e47fe6a
fc32001e
fdcdfcb7
ff470ddb
fa5f0612
039a040c
fd9afefb
0074fbd2
0a91079d
0379fe20
f9ccf608
01dbfe65
041206bc
01080425
fa6ef6b9
f503fb40
081806f8
02d8fefd
00c300f0
099afd09
f573fa28
fb3103ab
ffbdfa8a
f5c4fbcd
fd84fed4
0070fbdd
008df85f
fed5f8fe
034300c7
03ca0043
fdd304a9
050a01ea
07340101
052100a5
02a904c2
00d60e38
ffab02d1
f9c8fe11
f78c03a4
f7a504cd
fc34fcd8
02590185
05490751
000cfdf8
fda40230
fb99036c
f7c2087c
03a90ad9
0076fff1
f98c02b7
facb0447
fca3ff9e
ff5507fa
fb47035a
0375f504
f79ffb4b
f6c9fec2
0401027a
fab6fc82
0250f6af
0166feef
fc24fe3e
f71801c9
f821fa1f
fd5bfd9f
fd8e093e
09c0049c
fafe078e
ff320539
0a0501e4
fed5fdd1
00eef754
fe55fbd5
05740355
0290feef
fdceffc5
f9bb04df
fb1afe82
0680fcf7
fc3dfd0d
03d600bc
031eff2e
f79101c1
ff820215
0374fb2f
ffb5ffa7
02f9fa17
0c9af9bc
ff91f94f
002cfea7
03d1ffdc
fd0ef71d
0076ff9e
f4e5fda6
fa620084
0483fc09
ffb5f955
011403f6
ffef0229
fcf4010f
fc6cfbcd
f9fc0578
f9450605
026ffe44
062e0407
0538fab2
0226f6b0
02effdde
065dfd32
04a3f917
07c7fc77
00d2fc44
fa8f0014
f8b706bf
0068fec7
086dfd8b
ff72024d
049bfef6
0405f99e
fe190054
fb6203f9
eec7fc6e
f7e1fcbd
0921034d
fcb50574
f7c003c2
042a0940
fbbe03e0
0065fd15
05a80980
fca00853
029ffa95
ff610073
fc9f048b
025ef772
fec6faf6
fbc000de
0815feb9
0683ff6e
00daff63
03e5081b
f79d027a
fd16f9b9
ffde05bd
042707bf
05ebfff2
fdf1015e
072908ba
f7c50463
fa92fb71
01d60534
fb210079
02c8f6cf
fca3003f
fcbf0286
fc9302e3
0620fa5e
032a01e3
fc8504c1
0a68fbe8
06440928
0986f855
02bff8b5
fc5303d2
febafccd
0223ff8e
0f0af917
017003a8
f8dd01c2
fd770210
04640627
05ba0029
01df07e2
07effedd
07dd00f7
fefffd8d
f9260302
007af5c5
077ef64c
fd89004f
f6640a23
fb8411cd
0627f867
fff300d0
fe2b02ce
052df99a
0b120180
0681f941
fa7b0302
04b40596
04a40608
024d0283
049af9ad
fa9f08b2
fb8708b3
033500b6
fcaefea0
f5d402ae
ff55052f
fdfa03de
fd12074b
0558089f
05130b5e
ff9bfeaf
01e0f8a8
077fffe1
012c00b5
ffb3fe27
fd50f6f8
0121fbb0
068bfc35
03bff951
022ffac1
0071ff74
094a0044
05faf56d
06340252
08e9faec
ff96f0dc
fd1d04b7
f6d5fc13
00f3ff8a
0cd201c7
040ef752
006800f8
0313016a
02a60735
02e00822
fe51ff79
fd0cfd66
0194f981
fcd6f8ea
017afb08
06df0129
fe6f020f
f8f8fc9d
01a8004e
048f089b
003504cb
04cd0121
03910251
02d5052e
faa806cc
fceafa29
fd79fdd0
f7e6fd33
0077fcd6
f7f30b77
0295000c
010201eb
f7c40231
06a0fee2
005d0778
fd2300a2
00180409
022300bb
fb17fe2e
fd58fd64
0119fa95
fd5502ef
002cf9a0
fb87fb36
077f098a
0158030e
feb1f9a2
049400e2
fdb402e2
069cfce4
01c9fdb2
05b2ff07
fb0d05a8
ed37ff7d
fbcafc8a
fc590018
04b6fb0b
04cf0479
f7eaffd7
fd80f5c1
fdbf02ad
fce201e3
036ff8a0
ff2a038d
022003b8
00d2021b
00850972
024f0191
f60f01db
0072fba0
fe95f951
faac0103
fe19fe30
fc430562
0799060a
00650054
0075fe1e
fd1d029f
fdd3f955
0477fb91
fcef0dc3
01c4f97a
fd04fd88
ffe0038e
ff35f7f7
fb9dfe40
00f9fb33
0268fe85
067df9ec
0290fda2
083c01e9
0223ff4e
ff6d0744
07e30192
f6c8075f
f2c4056b
0093ff81
04a503c7
098bfebd
053902bc
fbf2050a
078c01d9
fe25fed9
fcc3fd79
0794fe72
f902ff62
01730094
ff38fee8
fffef7ec
0459f7c4
fdb0feea
0ae9f8ea
fb55fd74
f29b0584
fe8400ce
027bff3f
003e00b5
fab3002c
044ffbb4
052b04af
0313009c
ffa9fb16
fea104c0
0322ffda
fb5a00ef
f9c8fbf8
fffbfa6e
0466ffa2
f970fdc7
f7b207e1
033702b2
ff97fb7b
02980677
f9b5055b
f451f842
04fffb5c
03d90594
fe47fde0
fc3cfa43
fcd104f2
fe08065c
ffb60166
0167044b
fc54047b
fddc04b7
f548047c
f768fe4c
02d1f89e
fb8df9cb
fcdc06d6
01760572
011bff11
ff05fcd2
0801faa4
0013042e
ed7cfef3
00c900ab
03b30670
fcc8f9d8
06d40131
03d2073f
fd8cfd6c
fd56fed1
fb71ff5a
fc7eff09
0743fec2
ff5ef994
f8080649
ff73030c
f734f10b
f54800db
ff440719
09ab002f
0d590a1f
0357086b
018ff94f
020ffdd5
fe16069c
fee30110
f71803d4
00b5016a
095af825
fb04f713
fceafe0d
f954004e
fbc8fc8b
0347fc3b
fe48f3e5
fc71f94c
f8cffb77
0240fb6d
072503c0
01a0fa85
fd980516
0348096c
fdcefada
fd5bfe63
114f0178
fc9cfefa
f8f90152
ff100441
f8d4037b
06c7083d
fd4b033b
006c00d9
0c65ffe5
0703f848
ffb4ff14
029c013e
068b0583
fdfafd4c
050df981
07dd00f7
fefffd8d
f9260302
007af5c5
077ef64c
fd89004f
f6640a23
fb8411cd
0627f867
fff300d0
fe2b02ce
052df99a
0b120180
0681f941
fa7b0302
04b40596
04a40608
024d0283
049af9ad
fa9f08b2
fb8708b3
033500b6
fcaefea0
f5d402ae
ff55052f
fdfa03de
fd12074b
0558089f
05130b5e
ff9bfeaf
01e0f8a8
077fffe1
0747f5b9
06b1fdb3
fbbc0a10
fd3401f3
02aaf99b
01a4fcbe
fc6504df
febdfa73
08600033
03370876
066e006f
04e70365
ff17012e
10b3ffca
fdc8fdaa
f845fc13
0eda029b
07a1f927
fdfbfd8a
f6ce05c8
fd21f8fc
032a01a6
009e023f
f5f30159
fca808e8
075cfa88
fbd30083
020f03dc
faa4f992
fa54042e
f9cd02db
fa60f7be
08f3fe96
fac0fa14
ffcffb86
fd0907d9
f6fcf785
00c0ff22
0239093c
0951fe49
060a010b
fffdfc47
0329fcf4
0962fd2f
fbd40094
fcf404ac
febeff95
fc28fe98
074aff25
fb51033d
05e60133
fe120325
f74501b8
06a906c7
fe34086d
0420f9ea
fc930264
ff6a0a95
061602f4
02b4f6d4
0437fe18
02030661
0a33fb01
04d60015
03090209
fae1fe5e
ff0900a8
0b0a01aa
00eb00a9
0428febf
0159ff84
02d9f9ae
0152f860
fdce00ba
03c101f6
fe86003c
fef8fcf6
01e1f340
0ad6fd07
095e02d5
fb50fad5
f913011c
fa760147
001c040f
066f027e
ff07fa17
f6cb0053
fd800b7d
fe580a86
fc520574
f9a1042e
faf3fa0f
04c30145
fd3e01bb
ff1ef6ed
059efa2b
0000065d
001510c2
fe8b0126
052706f7
059000ec
0050f5c5
00c60996
fb4e0260
fdc00077
ffcefa7f
0564fab5
04420423
0033fd58
096b0475
017ffeea
047efccf
fc75040f
f0a6ff11
0105fd51
f5cc00cf
f9fb03b6
06de0965
fd090932
f9aefb0b
fed9fd8b
04310564
f2250359
f7d3018f
0344ffd9
fce4f89e
0657f73b
05280441
029ffab9
fb34f8a7
fb3efe72
04e1f42a
008a009c
017c0387
fefffcaf
fed70707
fecb0360
f9eefc29
ffd8013c
03200027
01effe99
004ffce6
0008f92a
023bfbe0
fc2600fb
ff51058a
05fefb8a
f879fb1b
f90afd00
01e9f6f2
008805af
036800fa
0031fd2a
fe87ffb3
fed0fa0b
f922039a
f9f5fcfd
03de001f
04d600db
fb20fee8
fcb509e6
0354fd6a
ffc406c5
fc54093d
0257fcda
feac01bf
f896fa67
ff97f82e
002df48a
fecafcb3
03f70447
0442ff5d
fbb708e0
fd0b0252
fdf8f7d5
f57df5f3
035efc71
0688087a
f6bc089c
fed8011a
086bff2e
07c001cf
01d9f3f8
fe09fa4e
03a601ab
fc8bfc15
fca70983
ffc7ff04
f98afc6e
045506d2
032cff88
fbcd0363
fe610509
faa7022d
f8defe33
fad5f788
fe0bfe88
fe1908ae
081d034f
0553ff38
f7840939
0160050d
0111f766
fb4601d6
fc8403df
fda5f699
ffddf6d1
f79ff56f
f9b0fec1
02c3054c
024c078a
08210886
08a0fe7a
ff3a0b68
fd560cd7
fedc064e
04d0058d
0242ff1a
fa5701a5
fbd8fe1c
fbc2033c
fdee047b
00100252
01e50395
fa58ff4b
fd42fe06
0b8efde9
ffcc033b
fef3fdfe
073dfbb2
018efdad
fbd8fd2d
fc09ff1f
ff5c0619
fbf8074d
fcaefcaf
00700897
0209024a
fc7cf9f3
fd14030a
0434fd87
fe4bfe44
fdc1f994
0431fc7b
011b0120
ff060132
06f7fab8
fd55f995
00ed048a
1158fc81
fd9ffcdb
f7fff5c4
fe8cfa91
001106b5
0695fb03
032efb4d
0747f5b9
06b1fdb3
fbbc0a10
fd3401f3
02aaf99b
01a4fcbe
fc6504df
febdfa73
08600033
03370876
066e006f
04e70365
ff17012e
10b3ffca
fdc8fdaa
f845fc13
0eda029b
07a1f927
fdfbfd8a
f6ce05c8
fd21f8fc
032a01a6
009e023f
f5f30159
fca808e8
075cfa88
fbd30083
020f03dc
faa4f992
fa54042e
f9cd02db
fa60f7be
058901a8
009705aa
fe5100b3
0706024f
03cdfe44
fcc0fb52
fcc50357
fb91fb03
0b83fa22
022afbd8
ff66fc19
0537034d
ff270055
0e510503
f18efc53
f8a3011e
12b70be8
fdc2fa4d
0560fb8c
016cfc82
006dffbe
fccefde9
fb9af8fb
07aa028f
fddb0276
fe840739
fade06e0
02cb069e
077a065b
fbd30432
fd9904b9
01760459
04000389
febafd59
025001df
fe490092
f6db01a5
0413fecd
0b6cfaac
08d4fb7b
0395fbd7
fced0ad6
fe92fcb7
0474f8cf
01a4fe84
0105fc7c
fb8a05c0
00bcff54
09680310
ff38f82e
012ffa46
fd380589
0076fef9
0a7402ea
fe36f548
fd2efa86
071f00dd
02ecfdbb
fcd90517
0127fdfa
00acfe1d
066d03f6
058703bc
048affa0
08f305a8
fc2205fe
0698ff88
0595fe69
f36ef98d
fa7dfaba
fbaff9a1
fe23ff42
01c3fda1
fb510195
fe8e091b
03b7f6e0
fc13fa9a
f482feeb
f838fc5e
05db0453
ff560288
f62a0414
07b1fe7f
0756f994
fe8a0164
00d90503
040dfd10
fc52fc4c
f85a0580
0018fec0
f638fd60
fb6c03e3
03fafc3a
0061fa37
040604e9
009c066e
f61a0389
f332044c
0034ffa0
fea600d3
fed401ff
036206e4
fba4ffc0
ff4bef01
031902e6
04bd0545
0039f82b
00f9fd66
0843febe
071c0a91
001e088d
f5840338
fde00422
0523fb3a
00eefcce
03bdfee4
fe0afd70
fddaff93
067c03e6
00f6016c
0292fe77
00cd03be
fdb70532
07660035
fc320111
f9fa01cd
0235f7d4
013affb6
fbe109a8
f97007ca
0127046b
f98dfa61
0003f96b
0246fca8
fc5dfe1d
0533fb3c
00de01c8
01bf008b
ff6ff845
04dc01b0
07ceff29
fdbf053a
00a40755
ff7ffdcd
fdf1f795
f982f646
fcad0902
ffd60493
f745f8e6
fcd0f9a3
02e2fe64
fe09006e
00f3f74d
00c4023a
fbdc0a5e
04fbffc0
05a4f7f4
04dffb95
fff1fcfd
f9d6f81b
fc00fde1
fa0404de
04b70078
ff46febd
04b9072e
0adc0151
fc7100ab
02ea02a0
f67afe8f
f61e0412
05f6ff20
00340706
fd4e0c05
02fc036e
020302c3
f81afa8c
0140f6c4
0252fc61
fe9a004d
0872f9a1
020df860
f846001f
fd10ffc5
fa9d0255
f02303f9
fdeff9bb
04b9f8ee
ff250309
fca70549
fe2c0487
0888fd39
00250183
fb4b05a8
f8c1fde6
fc7a05fe
02b205c3
f8ef01fe
01790377
058efbed
feadfb87
f9dc0a74
ff570848
0581fc0b
04a3fdb5
0786f6ca
f73efe6f
fe24023e
04d5028a
fb530af4
051b0115
f85401a9
015d004b
06e3030a
f2e503d3
04ff0041
039903ee
fb2ffcbd
05abfc2b
fd41f62b
f8ddf7b7
fd2efd14
f9d3fc9d
f5fe040d
fb55055e
f8eefb0d
fe9df57e
068f04e9
f588fc6c
fa1af8fb
04b40a23
000104f6
ff6f00e4
fad7feb4
f8e4036b
f6d002c2
fe3ff8ff
018df82e
fea5fdd1
06ff0010
01d2ff79
02c807b2
0790ff37
04e2fa65
0909fc7a
0704f52d
0911ff36
00d6034e
ff5bfaef
088300b3
f9320721
0010ffba
05950380
fb850643
0550fc52
02f60126
00bb027a
058901a8
009705aa
fe5100b3
0706024f
03cdfe44
fcc0fb52
fcc50357
fb91fb03
0b83fa22
022afbd8
ff66fc19
0537034d
ff270055
0e510503
f18efc53
f8a3011e
12b70be8
fdc2fa4d
0560fb8c
016cfc82
006dffbe
fccefde9
fb9af8fb
07aa028f
fddb0276
fe840739
fade06e0
02cb069e
077a065b
fbd30432
fd9904b9
01760459
0089fb4b
0644fbd8
05ad0088
fad1fe27
02640053
0909005e
03b2f77f
fff2fe10
fd54050a
02b9084e
08410983
0123ff64
fb56f978
f9810084
fdea06db
00cffd52
fd89fede
fb140535
f9cc0140
07a802bf
08d70349
02d00409
06a1003a
05fef661
06f10180
fe3c0c47
fe6efdff
fce00533
f7d50456
ff930070
fbe90cb4
f618f9e0
fb84fd2c
0615008f
04a300b1
068d0690
0466f84e
00b4044d
04b60059
fb80fecc
ffd1ff38
0262f237
0118fcd1
fafaf9ad
fd72fa46
0706fd21
f67afcd8
ff9702b4
066afa79
061cf770
05be0638
f77803b7
00abfd69
00710846
fed6f9bb
039dff37
047c06ae
0326fae7
01c30caa
02d80b2a
f8f3fa68
ff8cf5e4
0321ff9f
0269f9f3
051ff7a3
fe5d08cb
0612fef4
02360227
fb8ffc2d
0169f36c
fec0fa13
0a7ef40a
0cf8fc2e
f8dafc20
fce903b4
024e0d87
fd81046d
0218033e
002704fd
fa7104c8
f5f6ff2d
f50cfd2f
fb43fdc3
048e0877
02ec0ad1
00d4fbfe
0158ff8b
000cfeef
0706fd68
fed5008e
015eff2b
093d0028
fedffaa1
fd29fd75
00bbfd2d
0202fafd
fa58fd2c
fb68f908
fc960158
fea908cd
067b06e4
057a0243
ff140416
f89b0130
042cf2dc
fd5200b8
fad102d8
ff95f508
fb4101b0
079b01e8
0200ffab
01ae04d9
f9cf0567
f9ba0377
02f7f608
f9cffde5
013a0790
fa83fe67
ff490304
040804b9
fd9a0739
ffff037f
fd99fc4b
0435067a
fc2d01ed
fd34028b
015cfe8b
ff90f383
00e1034b
fc1d07fd
03e70237
03a0fa45
014cfb7d
01490138
03c3fac9
fe4e05c7
f2d10617
fe5af770
05c4faea
01f00074
f949ff03
fe9902d1
0d7802b9
069ffcee
01cf00b7
012efdc7
fba3f8cb
02fffcc7
0386fdce
fcde0073
06d303ae
02a20185
f9d102c6
015efee8
007103ef
fbf60e37
0024fc1f
feaf052c
fc7e0be6
06ccf928
fed4fd2c
fc7c0007
03e30e96
fb48034b
fe81fcab
00680be6
02d7fa33
f4e6fb89
f06300a7
0971016f
fd5f011c
f84cfec8
02a7ffff
fd8ffc31
002dfddf
faadfb06
f89606c5
018aff86
023cf6ee
02ae01af
02bafc1d
fb51fdbc
0183015f
0814fdb2
fbf4f2f8
0238fb4e
05840063
f738fec4
01f90094
0272f759
fa2904f4
005afc66
f977fba3
f8f70735
f2d3fa74
f6af000e
066900f4
fdf4015e
fb70fc41
f58ff659
fd3bf9dc
ffb3fed3
f2d306fc
0064029c
fb2b04d4
fdba0263
088bfbac
fe44fd78
ff62fe69
022402dc
07210485
00f4fd18
f65fff7c
fe100898
00b50014
fa31011a
fde00526
058c01b5
055dfff1
0634fcd0
00e7fc32
0149feac
0403090a
fb6afdd9
0000fa58
021e00c4
0123ffaa
044a0dfc
fc450333
f9ddf991
fdfdfdd6
035a00ba
05f90671
088900cd
073b03e5
fa5fff64
00baf6ff
0041fa6b
f3fdfdec
03be0439
073101d7
fc7cfcff
ffd4ff5f
ffc3fc5d
010afb85
09ae0506
05ea0496
02c3fbf6
079dfdf5
00430055
0293fd27
06750259
fa88007f
f714faf9
fecf06d4
038806fc
0089fb4b
0644fbd8
05ad0088
fad1fe27
02640053
0909005e
03b2f77f
fff2fe10
fd54050a
02b9084e
08410983
0123ff64
fb56f978
f9810084
fdea06db
00cffd52
fd89fede
fb140535
f9cc0140
07a802bf
08d70349
02d00409
06a1003a
05fef661
06f10180
fe3c0c47
fe6efdff
fce00533
f7d50456
ff930070
fbe90cb4
f618f9e0
05a8ffe1
00a4fb7a
04ce0135
fea1f9fc
ff73faef
fbbd0682
031c0098
0370fe99
f7b2ffc0
02abf69d
0355f92d
fb9104d4
fd5904e8
0120fe8e
faf0f893
fdccfeff
0be404d2
01eaff1e
fd560000
058d0258
ffb10366
01c302e4
0195ffb1
faa2fb5a
0868f0f7
0186fe09
00ef05a1
10a7f4e1
fd84019c
fd720012
fe69fcfb
010c0630
08f3fbc2
f8ae0ce7
053e0c98
0622fe90
faf10629
fe020a0a
f9f20f0f
ff2b065a
013501c1
f8c702d9
f689fe0b
0336fb14
043ffcf9
035effed
03e400c4
04800341
08b4010a
fa5a0319
00ddffe4
02e202f0
001c03bc
047ffb1c
fc6dff0a
0dc40399
0dc8073c
0279f7a4
0252f81b
fdcc0214
0262f87e
0456fcde
0494fad6
00a2f967
02a8f6e1
0313ffa9
ff950ffd
00ad070f
fe7a022c
fae5fcf4
f7f4fd77
0345050a
075e06c8
027202c2
ff36fac3
014dff49
0427ff86
fb9afce4
fc9bff4d
f7a50478
f7cc03ff
fdb2f7e0
00d302c5
02ab0228
f4eef3c3
ffd707e7
0b2103af
05f2fa4a
01e60090
fd52fa09
01a30b9b
fbb3079b
fab0fc75
fdca0487
fd50fec0
fcf10311
ff4bfbc2
0703fbf7
febc00d4
02f9f773
0141fd5d
f003fb3f
006501b0
014b0bd9
f3010884
04ed050f
039ef8a1
f9ccf8f0
0681fea2
fff2ff57
feb402d4
08ba0026
fe77fd1c
fd87fa47
085900c7
ffb80106
f67bfc35
03acff0f
06e0fb05
003307c1
fc2304a4
fd49f8aa
058efdcc
fed4f5b4
ff1dfc9c
0041fd94
fc15f8b3
0322fc31
0000fbe1
f92dfbf1
f962fb93
064502af
0a2ffc17
017f0175
011dfdf5
fcb5f9d2
ff240892
005dfd64
fc4007bf
00620a9e
0896fedf
05b80018
f8c5002b
02380519
00f0fbc4
f395fa6f
01800403
070b0d8b
fef70657
0145ffe0
0637004d
fe81f8b7
ff10fec8
05affe69
f92e0224
fc1dfdb8
ff7ffcf6
f43a033a
fce5fc6f
061201ec
fcb50000
f52e0295
fd900231
ff420094
fc8d0312
fcb4ff7f
f98c046e
fb6d0462
f72fff81
ff49fb5f
03db0261
fe0201e2
fd6602b9
f333ff0b
fd56f6bb
fe4401a1
fd4c00b8
07ecfeb6
fb6ffab9
00e00c9a
005a09a5
fb48ed92
0822fddb
0602042e
faa00830
f805056c
03db03ce
006204dc
fb83fd7c
021308c8
02b5febb
032900fa
030004e1
0352ffb4
fc9f0231
fdf7f321
fda0f940
fc00008f
01bafc85
fd21067c
015005df
050dfe42
01e10348
fb50ffb3
0014fe1b
05bd0a31
fb40048d
01a3f5dd
0109f897
014201bc
02c7fcaa
fb94fd08
05d1fe36
024a000b
fc05031e
fbcd00ad
fb1e055a
01bff80e
ffc7fbf9
fc7c074d
fb1302b5
fc3100eb
00a6f132
0179f91f
00b505a8
089f007b
0cca03fd
02b406c6
fe35fef7
fd7d0062
feb702c1
01b8f9ba
041e0332
0410ffe0
ff96fcfd
02d80257
fdb0fcf4
fa7a0294
05940234
fd47ffa0
fb89f8a6
03f4f8dc
fb84f9e9
fd2cfd97
fc5702b3
f99ef8ce
f9ce0584
f82f0749
07f10199
09d90222
05cbfd42
0428005e
0038fc5e
ff5100e2
f6fbfff0
02eafe97
05a8ffe1
00a4fb7a
04ce0135
fea1f9fc
ff73faef
fbbd0682
031c0098
0370fe99
f7b2ffc0
02abf69d
0355f92d
fb9104d4
fd5904e8
0120fe8e
faf0f893
fdccfeff
0be404d2
01eaff1e
fd560000
058d0258
ffb10366
01c302e4
0195ffb1
faa2fb5a
0868f0f7
0186fe09
00ef05a1
10a7f4e1
fd84019c
fd720012
fe69fcfb
010c0630
0b1bf9f7
07ae0432
0699f3df
058b01e4
03900b6b
f9dffa8e
038d06b2
01e3fa67
ff5afbb6
06f40262
04690613
05310982
ff22f8c5
03c004a2
fd31fd2d
f9f7fe03
019705d9
fe6ef8de
0521077c
02250314
fabef6d1
fc73021c
03ec04f7
fef8fcb6
f703011b
f93ffe46
fca4faae
04a1022f
014dfa95
04840385
062403b9
0025fc2a
ff0d087c
fe090400
0487fe0b
029bf820
0422f6ba
010703e7
fb630087
064cfd2d
005904a3
f902ff2b
0238fec4
0551ff4c
fe75f650
fc7df4aa
0627fb55
07900318
028afc4e
02b7001a
038f0ee5
04cb041a
fe8ef218
fb5cf96b
fce50346
fdc5fc69
fcde0595
f8f404fc
01baf56b
fa50ff3e
f6df0b5b
00bdff2d
f8befea8
02070660
02cbf7f7
fa7e03a6
0351043f
060dfabb
030904e5
0386ff44
058a0582
02e4038b
06ef076a
070f03e2
0566fbb2
febf05ab
faa3fb0f
fec800ad
f89efb21
04bdfbd1
063303c8
fc44f761
fdb9feb8
015bfe00
02d00177
fde3fdf8
0afffd18
067901c4
f813f7ea
f125009b
f9f702ff
0b4203cd
faeb0596
ff7a038f
01e5fd40
fe02fa25
087c0931
fbbf00fe
f94efac7
ff560329
0827fb4d
0972f880
fab2f7ff
fdbef68d
0504005e
fc2201e3
fde8fc8f
038cff60
fb1e0267
000c027c
018f016c
fc9b0364
fb8b002a
f983fe3c
002fff9f
05730028
04eb0194
fae8ff9d
fdc40a92
05960163
fffcfb02
ffb70d09
fbda035b
fc9c029b
02fe0244
ff64fbd6
f9b1ff67
ff6ef740
0473fef7
fbda02df
fbaa041a
01150aec
fbc2039d
019b0060
0e0af688
063ffc3a
fddf0948
f7de00f9
f91fffac
0268fbc8
fe29ff86
ff040315
0563fd10
04420544
fbd30065
018bfb4b
02de01cc
f709fc18
fe47f58d
f9b601b3
05ff0c0a
0c24052a
f3f60202
0179fb85
023d040b
f9b705eb
0449f291
021dfe20
05b1061d
fe9ffec1
f439fe96
0141ff84
020afc02
fc15fd4c
0066040a
f9cef8e4
ff34fe58
023c0982
f982036b
062eff25
0620fcd4
003aff3d
ff9ef4fb
fbd2fb38
fcad043c
f579f95d
fd3801f0
030c045e
ffbe05cb
048205f7
028f03c2
04710bd3
03a7fa0c
00f0fcb3
fc890ece
fa0602a3
fa1ffc7e
f995fb04
03d7fd6b
023e00c8
ffa8fd3b
f71bfa5a
f62300f7
074a0ac6
ffda0269
ff630477
fc9c0474
f364fc0b
f76bffc6
f8affab4
ffd8f940
01bcf848
ff73f994
f97afd73
f9e4f593
00f7f985
00b601cf
fe56fba6
ff37fe76
040406b0
03cfffb5
0875ff49
fe3cfb26
fa8af791
026102a5
ff2801fa
05a4faa1
fbf6f5a1
fabdfd51
ff700462
fa8b03b2
fad5fec1
fc19f849
05a90050
016a0389
02e60439
00650178
fb5efef3
fe01ffe5
fbc4fec0
089902f2
0526ffc3
fd21fd3c
06c5fdfd
0d080443
01650363
00050469
055305ca
f732f558
f966ffc6
fc370a14
027a074f
009a070e
f5e90174
018e05ee
05d80330
0146030b
00630878
074d0644
ffe40329
025efc44
05acfd79
fa48018f
044cfa80
ffe8ffd5
02bffdd6
0b1bf9f7
07ae0432
0699f3df
058b01e4
03900b6b
f9dffa8e
038d06b2
01e3fa67
ff5afbb6
06f40262
04690613
05310982
ff22f8c5
03c004a2
fd31fd2d
f9f7fe03
019705d9
fe6ef8de
0521077c
02250314
fabef6d1
fc73021c
03ec04f7
fef8fcb6
f703011b
f93ffe46
fca4faae
04a1022f
014dfa95
04840385
062403b9
0025fc2a
02b50389
0aef0567
f783080c
f3cdfde3
f2f7074f
f96606a0
fb8cf408
f8570488
06da0121
05c70012
04b40034
06e4fa54
057405fc
fed2ff73
fcf3fd5a
049e033d
088d04fa
001e0452
f666fb05
02dffb7d
fb3bfc9d
fe50fabc
0cdffff6
023c014c
04aefe80
062b019e
08cf07c6
0323faba
0347fd0e
0be30a43
0228f566
060cf8ea
0bc700b5
001cf6ae
f72bfc2c
03a40135
08d2068e
0667031e
04cd0001
feeaf4cc
0298f3d7
00a701a5
0502ff38
fbc0f9b7
f5b7f9e1
fe020a7e
fc3102c0
0958fe76
007aff9e
f733f377
fe4b0169
f80501be
ff540791
058b0189
fcaefda9
fc050ada
ff8efe20
fb79ff76
0232035c
008205a3
fda1f8ec
0353f351
f7cafd7d
fae9feb4
0077054b
0383f6c9
0670fb49
ffe002af
0483f8b9
ff35fca9
fd3afff0
0527ffa3
09b6fcb5
0735006e
fcfcff9c
01cb0ba2
00e40c34
ff87fdb2
054f054c
02ab04a3
fcc5049a
f71400cd
04faf9a4
0525fc94
fd0d00a0
07920223
005900d2
f9b0ff27
f7f9fa9f
fa97017a
04570251
03c1fbbb
ff8005e2
fe7b0c30
05eefe33
fdccff71
f9a3065d
007bfab7
0100feb2
074a029c
ff86fffb
0021f7e4
0363f8df
fc1c0125
013afc91
02d70878
fa7c0626
f4180288
fab70385
ff3cff16
02f5ff71
079bf742
03a100ed
ff6f02a4
012705a1
04d30213
0065f977
fc560562
fc2bfa85
06a60434
00d60a33
fc2cfa28
0aeb043f
ff6a01d7
fbad0199
fde3065b
ffb6f77e
ff3afa3f
f90d0389
feddfc45
f7b7f9a0
fb85f9ed
f938ffad
fd0d026b
093e0341
fa4d05e8
fd54fa0f
0387fe53
0511053e
02e6004c
fc1d051b
071e0858
0bcb03b3
fcbefe9d
f97302ae
0027ff0f
fcaaf9e9
056effbd
fc01007e
f81bfd62
07cbff01
f7b3ff26
f52efc5a
fdf702ba
fef1fe87
0071faf5
017503b8
056d00ca
01050063
fd840418
fb4b00b5
fee2ff6f
001303d2
ffb4fc1c
0652fac2
fddc0331
f46cfa86
fa030097
faf905ac
fafff7a7
0329fb85
05380840
01d506fe
fa2002ca
fc6b03fc
0103fcd9
ff860062
04e8064d
fae0f585
fdeafafd
0294066b
f48cf92b
fe12fad3
ffb7fa1d
f7fffb07
fd5608af
ff03ff61
0748fc6a
06e9fad8
fb26f952
06180379
0177fa51
f2cff94b
01a3f93e
01940078
ffb60d82
0286fdc9
0049fd1f
04d50264
fabf0398
f8f00147
011af871
06a9021f
032f022a
f78b00a7
fdd6fe22
fc98fe7d
fb3107d9
013bff0f
f9ac00e9
02aafd0d
081bfb02
039808b3
0bd5023d
0323fc71
fd18f847
fc07f60b
f86cfa5d
03e30029
058f01a4
01c4fe8e
ff060213
049dfd21
06f0fbd2
f9a3fde1
fc750230
fe5a0881
fd58006c
021e0087
04eb047a
02a00092
f57106d6
00090b18
0994fe1e
fab500d6
0408062b
07be02fa
fe0804f7
02f0fe4b
f8f202b1
fc5fff13
08900120
fd240333
fc8efd60
01d3096f
0081f903
0179fc91
025308d1
fd780029
fa30ff08
f91ff757
004afea0
05c9fcbd
fc2103a7
022c0681
ff8bfbfa
02b50389
0aef0567
f783080c
f3cdfde3
f2f7074f
f96606a0
fb8cf408
f8570488
06da0121
05c70012
04b40034
06e4fa54
057405fc
fed2ff73
fcf3fd5a
049e033d
088d04fa
001e0452
f666fb05
02dffb7d
fb3bfc9d
fe50fabc
0cdffff6
023c014c
04aefe80
062b019e
08cf07c6
0323faba
0347fd0e
0be30a43
0228f566
060cf8ea
fd800116
0361017a
051d0293
fce0fd62
05cdfa4f
00c9fd7d
f8df0034
feaf0a39
0532ff26
043bfae2
feb5feea
fe70f8ec
fb83050e
fe1701a7
fd1b0661
f8eb045e
006cfc8c
fca10862
fd89fab4
0787fa25
044d029e
03d7fe2f
003bff72
fb9a0457
ffb4043f
002ef6ed
0531fa44
02140038
fc29fc8a
0983ffd7
ff5bfde9
f5f3fae3
0a5dfbc2
ffca0378
f9060824
04e90241
fe380369
02e00083
fe11f932
f8c90214
07ee042d
05e3fe25
04c30327
0672030e
fef1ff03
02d8fc57
047dff65
fed601da
0072fcd2
ff54036b
ff8001b1
fd28ff27
f9bd01c7
05c5f7c4
0164fb51
002dfb44
0740f86e
f8d3fdd9
fd34fe95
02f3ff57
fff3fac0
02aaffc4
03f605fc
075a01aa
fbacff54
f90803e0
fdc903f5
020f02f2
04f705b8
f88b0070
0519010d
0b2af84e
f92dfb88
036eff15
0984f792
f3960537
f39eff35
0284fe91
00f0fb4a
0586fe77
fd7804ef
f53cf4ee
065500bd
01e0fb88
fa5d059e
00e80afc
fecaf9b0
039a0640
0676fdb9
04310103
0abf0358
01d0fd73
fdc9feda
07a3fb68
0053018d
ff54017b
f8ee07c7
fa7101a3
022dfd49
f545019a
046c02d8
0c8d07ea
0640fdb2
051efe87
fec3057d
029000f5
fdb30060
077e05ea
04e901a6
f8720296
fd1e09e5
f71efe77
0349fa34
019f03e1
037c061c
0b5f0115
f6b90410
00470154
05b40266
fcf1041d
ff5e00d6
0084071d
0386fde4
facb03ed
fc71fdcb
0462f5c2
038c0765
0410fe7a
fcd8fc16
f5fdfc4e
fab8fa5b
03e0f85a
0197ff2c
f93b070e
fdb0fb33
038c0359
fc64028b
f62cfdbf
f552fc0b
f6a0f466
00bcf95d
0686fc9f
facafc3c
f6f0fdac
076801de
05e300c8
fc73070d
0125ff7b
0035f7f1
018d0058
fec0f660
f9bff9e7
fd0108eb
00f30a57
068002b0
019b01c8
f7fbfdb5
f65dfec4
fbb00bfe
fe8e0357
f9e1fd2c
f653fd03
fed0fb81
092a006f
008e0606
0011fb21
053ef982
fc7b002c
f9a5ee4c
fe23fd99
06c006d7
08410227
fccd0488
f676f7e4
00400642
ff800704
f9bafc48
06b5facd
0695f7de
0137fa8c
013efaf9
ff3ffeab
f8b9fef4
f52cffd0
02b2fb5b
035ffa79
0015fe5f
fc5c02f8
f8f4015e
fe76fdf8
fbe504de
fa63fceb
f9040654
02fd093e
03e2f772
01e105b8
06550eed
fab200de
00a101af
001f0757
fe68011e
fd9e0953
f6f30b34
039f04f6
fe9100ae
ff44fbb0
0132027d
f9f3fdf2
005cff7b
08f4fff2
06d4fc3a
f639ff14
00b7ff2e
016d03f2
f872fb12
fd93fae3
fba8011d
0708fe38
fd4ffcb1
ffc8fc88
082f066f
ffc8040c
07a8f6e9
f924fac7
fd2c021f
0563fba2
fadbfa74
036e0223
03c604e9
07b5025b
07b60706
fe38076f
00d5fe61
07540610
06440576
02b701d1
03f30080
fb47fb56
f7d4fbc5
fdc4f5a5
fce3f8e6
ff0cfd6a
078c05e6
012affd3
005ef726
14f50040
046bfb33
f217fe75
fd84ff61
01790610
061c029d
fdaef5af
fb94028f
fffa0289
fddd07ad
030a0a94
fd800116
0361017a
051d0293
fce0fd62
05cdfa4f
00c9fd7d
f8df0034
feaf0a39
0532ff26
043bfae2
feb5feea
fe70f8ec
fb83050e
fe1701a7
fd1b0661
f8eb045e
006cfc8c
fca10862
fd89fab4
0787fa25
044d029e
03d7fe2f
003bff72
fb9a0457
ffb4043f
002ef6ed
0531fa44
02140038
fc29fc8a
0983ffd7
ff5bfde9
f5f3fae3
049ffd61
0399fc25
0583fd29
01af016a
05dd03cc
088b007c
0363fe57
0161fda5
05630031
fbf9fc6d
f9c000d5
021c0351
f484fdd1
f93cff8a
ff98014c
fbebfdfd
0072f8c3
03620157
0144051b
028fff2b
07d1ffbd
fbf300dc
0558fba1
052cfc85
f8f50680
01340106
f89ffbe7
ff4afe1e
03fe0335
ff110135
01affad9
0254ff06
ff0d02d4
f732055a
01d2f898
fe99f77f
ff3ef6f3
06c7f812
f8ab0b3c
fcfd004d
053dfdb3
ff1704cd
f6500391
fafe0213
01adfddd
fdad019b
033b0477
094c0489
050efc6a
fdfa0148
0413fdb8
0062fc9f
f6c705c9
ff640595
fa070c04
f9e6fdfe
fe6e026e
fdafff0d
0b28fb0c
0e1e09c0
0a8ef808
ff5f013e
fca10315
075afd3f
02610261
0482fac1
034d00a8
fc50fc6b
fec1f9ae
03aef9f9
0556044d
fec4020e
01def6a2
05f00963
035f0281
f805fd06
f66d02d9
05a6f7e7
01aaff26
fe9c050c
ffb903d5
fcd60456
001cfba4
fb34fe63
f42f019f
fa05f701
044bfbdf
089e058b
01b301a9
fa270052
0445017f
fe6700ac
0088054f
0b98054f
fdeafe5b
07e9fb41
016afde1
f92f018a
033cff5b
001f0761
080402fb
fb1df6f3
0229fa43
096ff3ef
f294fe62
fbfb0430
0282fea1
02400848
ff490315
001e00c9
07ba019b
f90efa6e
f95f036b
01ce096e
fe16ff18
fca0fbdd
fd60f3f2
026ef903
fe8e061a
fd05fa3b
000df867
fb1cfaf5
02380211
07eb0099
030303ac
01000f5d
06b9ff94
0b1b0561
f9f7fe61
f52900a2
ff5511c5
036efcaa
042dff60
f5ba0206
ffdf0139
0c6601b9
f899ff5b
fbef08b9
ff5bfd9e
f6bdfc03
01a6022c
040cf9cd
ff13fa0d
015b058a
00cd063d
fab10014
0082fcb6
0799fe59
fafa043a
0010fca1
00c1febf
f97004ca
0492fc4a
f878f78e
f5d7f9fc
029100ef
03bf0363
0b70f984
093af2ed
00ccfadd
fe1f0000
fb2003b3
fb00fc53
fe86fb83
faa3fc72
faa7f65c
039b0a3c
055f01f4
fc6efc23
f90402b4
07ba0036
04110df0
fc47fc96
ff47fc4e
fa0e063e
f905fea0
f888016a
fc12023f
fc6c0be2
fed60ab8
fda40111
fd9df5d4
064dfe20
fe170667
fac7ffe7
fd2908e1
fe4bff62
fafeffef
fa060249
fccaff52
fe230654
ff48f7d6
f3b9f961
fd58fbf7
fefbfb60
f7470991
faa20343
f76ef9b9
00a50238
010e0286
0352f9af
00b203bd
fe65fdf0
0490f33c
01680491
016703ff
f86f0122
fd4a0271
0786fd2b
08b601f6
ff5efd4b
f9e4fe55
fdfa04f4
fb5c00f4
0c25feac
03f4fee8
f7f30461
02590343
00d2fa18
042af626
01b6ff32
004afe2a
fdf2f3ae
f9bc0496
fbc2021f
0097f871
04360919
0336012c
ff5efbdb
fc020249
0495fc4f
0106f9e5
02ecfba3
0a3003be
03a50527
065b0597
04c40c09
021003cf
0225fad6
01fefe3f
06370469
084dffd0
fcc5fc38
f5d4007e
fdf0fd02
00b400e8
fcf500b8
fa81fb43
09ea0218
01f3043c
f9b80392
0a0304d3
fe6e07e2
fee80180
0674fc6c
047a0149
049ffd61
0399fc25
0583fd29
01af016a
05dd03cc
088b007c
0363fe57
0161fda5
05630031
fbf9fc6d
f9c000d5
021c0351
f484fdd1
f93cff8a
ff98014c
fbebfdfd
0072f8c3
03620157
0144051b
028fff2b
07d1ffbd
fbf300dc
0558fba1
052cfc85
f8f50680
01340106
f89ffbe7
ff4afe1e
03fe0335
ff110135
01affad9
0254ff06
04a8fdb5
073f0131
fff6f92c
0565fe24
fd630390
feae0267
0508049d
02d101f5
001bfee1
000cf6ef
0257f505
fd9c01d0
01d5010a
0162fc1b
066cfe9d
0aeffdaf
0142fd4e
039dfd3a
02ab034e
fd9d08e6
fe86fe5b
05b8ff8e
04d203cb
0322fcee
02eafcfc
f775f9f9
00770041
00620236
f9b9fd4a
048cfdb7
ffac017b
fd710aca
fceefb0d
fdcef6be
056b0773
06c90758
072d005a
feb5ffd6
038105f2
08c90353
fd6b05dd
019d0423
023cf64c
fb73f6b5
ff580118
028000c5
fcbb00e2
fe45053d
051afdc7
fbc7002c
fb36faf1
fe0df30a
fe26fd38
01d90583
f91c0187
0246f84d
0acafaf7
01b8fd22
0561083d
ff130102
fc4f03d3
04c50a49
fa50f2a9
fb2909c6
002c06e1
f9cc00a3
fd050cd9
fce6f813
0071ff23
01ab017a
050d041a
0ca600a6
01f1ff46
fb8d017e
fc17fd17
06550f18
0847015a
fb96faa1
fc82020b
fce30493
01090760
063000af
012f0278
fee1faa4
06ca0354
03cc061e
fe890119
04e3003a
fb48f7c4
f8b5033a
fcb204fe
f78006aa
f88e04bd
01e3f8c5
03a6f905
ff9cfb9c
016a0389
f8cfff34
fd8bf977
fef50269
ff2b00b6
0476fa44
fa71ff06
088e01cf
03370330
f9e70260
ff2bffcd
fae4034e
0b33fe85
0725f3ea
0488f566
088805b4
fae300eb
fb30f707
f4e7ff7a
f9fff425
0762f494
fbcb028e
0150fe16
05f2ffb4
fa750357
0421fec2
0309ffd4
fd85faa2
fdd0f943
fe610a86
05d00407
ff3efa59
010003b5
05f50696
06d002bf
05a9fc2f
031b00b8
01110364
fa02031c
fee7fec7
f77dfb49
fac90058
0671fe21
fff900a0
f968fab1
f608fe0d
061705b8
fe4700e4
f36e01c4
017df68d
ffdb0176
026406bd
0345f738
ffc501e9
03de0339
febbfe64
f981fd86
034dfd7b
fdfafe0a
f230fb87
ff67ff6d
05c6013a
01ec02aa
080efc7d
05e60389
fd420ad8
04a8060b
fe6c0e9d
f92a02d6
0178004e
fc83055b
034efeef
fb1d075d
f0bcfaab
fc53fb96
ff740c73
febffeca
f980fcc4
f737085f
fd8bff5a
01baf727
ffb6017e
0a00046b
0894fd2a
0097faca
0496fc39
f974fd01
f939fd9c
f906fc27
010302f4
05080659
ff7afb5c
06720113
fce6fa4c
04f1f547
0058fca6
f484f4e1
fc66fc31
fb3ffcbc
001403bd
ffda0263
0229fab6
fa700b14
f50cfd2e
f9fcf690
fc500599
fad807b9
f820ffd4
07f203c9
ff7d08f0
ff86fb46
ffea03c7
f3a707b2
0c3afd4f
09ecf9c9
ff0f003e
025f0531
fb12fd58
f93d00b0
fec9fd44
0578fe6a
f9ef047b
f6fc054d
0120ffb6
0039fa2f
057d0962
0a6a0786
ff640234
fbc200b5
ffb1fe6b
fd580663
042d047f
08ac00a3
05f9fc27
ff57fdf3
f74703db
ffc5ff96
054efb69
fe8f01d6
fc4c00e5
00e8fb13
0693fd90
00870513
fb660c4a
03f1fc03
0415fbf7
fc42009e
006df8df
07e5ffaa
fd07f742
fb56feba
06ac034b
fee7fe3b
fe43062d
fc6e00d3
fb410812
032f008b
0042f36e
01bbfd49
fe04fb0d
04a8fdb5
073f0131
fff6f92c
0565fe24
fd630390
feae0267
0508049d
02d101f5
001bfee1
000cf6ef
0257f505
fd9c01d0
01d5010a
0162fc1b
066cfe9d
0aeffdaf
0142fd4e
039dfd3a
02ab034e
fd9d08e6
fe86fe5b
05b8ff8e
04d203cb
0322fcee
02eafcfc
f775f9f9
00770041
00620236
f9b9fd4a
048cfdb7
ffac017b
fd710aca
0212003e
fa28fb01
030b0a05
042f0020
00db0307
00d100c0
fe10fd1c
fbe1016e
fefc0062
06a900f8
0200f600
ff30fe32
09affdc2
0249fdd2
f8090591
0ac7fefb
0b340080
fabefc16
04a8fd49
04d700eb
fcc4f7b8
0555fbe1
061d0744
06acff7d
02edfe9a
f8fdfe48
018bf7d2
037f0679
06b70d4d
05dc04e2
f136f8a2
f776fa65
0296043e
00b703fe
000bff17
fc170369
03890e29
0bdcff20
ff3e017b
f5570d7e
07c60435
0827ffec
fc05027d
fd61044e
ffc0fda2
0ad805b2
fbfc0117
fc64fd85
10f30342
ffe9fd76
f8a10a97
f83a0076
faeefd3c
04f206c9
005efbc8
0638024f
0745fc03
feeef6e8
086c06c8
0b8403fd
fe66ff45
fe9200ce
011efd78
fd0e049b
02d4053e
068ffd76
0363fb6c
fc10fc56
fb64ff3c
022bfb66
fb9dfca6
fbc6f949
016af7db
fe7101a7
05ce011a
0995fbb8
078eff31
0300058d
00c3fd26
032cfe8d
f633ff80
fc9cfb41
0442023c
f8fdfde7
ff71f748
fffff2b0
001ffc99
029505e4
fcf704cf
fbd2066e
fec200fc
035bff0b
0099ffbd
025d00e5
02cefe40
00710095
fe96fe96
f7cff8ac
f990fe24
fd92ffb6
fc7501dd
fdac066c
05480958
fcabff36
f683fe67
fabcfddc
f637fbfd
fb7c0b79
fa73022d
ffa8fa9e
05f400e1
046a020d
0268fa3f
fc600206
03d10818
fb77f50f
00a60015
0d31fbca
077afa20
057efea6
fb04ed54
fecafe92
f7ab07b9
f3c4013b
fe45fd1d
01a8fc81
0599fd18
fd010100
066a083e
059ffe23
032a001f
04b30470
fa0f03a3
04bcffac
ff4bfcff
fafc04fb
f32e058d
f7a802bd
0d4e00b7
ff2003b3
051708e9
05850b93
fc8cfdf4
0364f970
f8ba0080
009afc8a
033203b1
f74502b7
ff4f00b6
fd3b0285
f8600167
ffb3fd45
fbd2fb31
f969ff9d
f901faaf
00c40370
0c5a023e
fcc7fe85
004d0365
0223020c
f92c02d4
0af8f7df
03d7ff5b
ffd40481
fd38022a
f2ec021e
0320f7b9
ff78fbb6
fe140229
fd57077a
f800009c
08b30582
0441091c
fffff3d2
0316fe6c
03cd0503
04c8f941
fb61fd72
01c80279
fe26fed7
fcf7ff5a
03e407ec
fb3a0129
ffc2ffb4
f77d01a1
f8c5f646
079bf95b
fffefcb9
ffbefbfa
fdb70099
fad0ffc7
fa2602c6
fd2c033e
0967fa7a
0672fdd9
0151019c
0168fbd8
ffe3065f
fe9908c7
fc63fd60
03f0fe36
089dff9d
ffe102d5
0104fd11
00cefd66
ff6e0372
025ffb6b
f5150125
f7bbff80
ffcffb25
fbda0023
fa77fe35
f7e70487
fc9a0762
f9ac023d
fc5ffecc
ffcefe16
011afd33
0463fdde
fd720317
02e605dc
0003fe46
053900d4
07c709a3
fd2cfa58
03920138
01660c6e
055c02d8
fbc405ba
f5f2fc4b
014cfa19
f7ed05c5
fb26ff3b
04f5fa47
00450216
f7dff956
050bf57b
02a4ffdb
f460ff18
04560123
0153f845
ff8af8ac
fe3ffe60
fd9affc7
0cb900c1
07cbf9c7
00d301f0
f85bf9a2
f9be01b7
00810c24
fe70fe46
fe95fe7c
ffa7fc27
0550ff9f
0081fbad
026a02c7
0212003e
fa28fb01
030b0a05
042f0020
00db0307
00d100c0
fe10fd1c
fbe1016e
fefc0062
06a900f8
0200f600
ff30fe32
09affdc2
0249fdd2
f8090591
0ac7fefb
0b340080
fabefc16
04a8fd49
04d700eb
fcc4f7b8
0555fbe1
061d0744
06acff7d
02edfe9a
f8fdfe48
018bf7d2
037f0679
06b70d4d
05dc04e2
f136f8a2
f776fa65
ff96006a
0261ff8c
f9cbfc0f
0a14fdca
faa7ffc6
03dbfd86
0e530025
f68efc2e
0642facb
000d03a2
fc490130
0458020f
0251037a
043cfe02
fbfe0051
0543030d
08feff2b
03a7fde9
fc4ffc60
ff35f7a9
0573f902
fe55fc9e
009d01ee
faef01ad
fef801cb
06d5ff7f
03c1fcab
ff160866
fbe10483
052200e6
03430373
00fafa86
fceefd2c
fb3efd43
08fff9da
095b0161
0fce0123
0b9cfd7b
f7ed0104
023803cb
01b504d4
f5d2fba0
fa9bfb31
ffc8ff17
025bfe2d
fa670633
0162fda0
029a04b2
f9820cbd
06270022
0250ffa0
f747fcde
f5b6fea0
fec3fba3
02ba029b
fa7b099a
fc51043d
fe7d05df
ff940384
f68207f3
fccc023f
026affe9
fb79fb16
060cf9ae
063e07a8
0970fe4c
0164f629
f68ff1f9
023ef96f
03840095
05f9fd3f
0bce0178
00c203e8
f75a0538
075af4dc
0482f6d8
fa91071e
00e2022a
fb0dfa37
ff1ffb2a
f84b01b6
f585fec8
048b04f1
0449091b
053f02fd
01e3fd34
fae3fa57
fc0dfef2
fc67fcd8
f61b03a9
fc6d056a
0506fcff
fd560069
fd9afd0c
0059fdef
020c0642
00000000
fdf702fb
01c805b7
019001e6
059d0405
04fefa80
060f02e5
0845ff0f
02e3f6b3
040c05d0
fe2bff8d
f65800a2
00fffb5c
0724faec
0691fe6f
0b38fa1e
fc6006f6
fb7afa08
0792fcc9
fd530916
08f8023f
095607fd
00c5050f
09efff77
fd3c062f
00fd0710
08f3fcd7
000701c1
fcbd006b
fe39fb5d
0400fdee
fe6bf93a
f7ee026a
f6330194
fdccfa27
004ffc37
fc3afd21
017cf942
ff35facb
00d004ce
016501c1
048000b6
02430306
fa2904b0
fc05006f
fe33fee7
04ac00f6
f8c4fd21
f45a026b
fa03fab7
fdfb00e2
05380b9c
fc8efc61
fc3afd0a
f884feda
fd56f5dc
fda0fd0d
f86205b6
04affab2
feb40064
faae07ad
f982f967
004d00c3
026108b4
f92c016a
fce902d1
fe60031d
00defdbe
fd1bfe69
fa91ff26
fc82022a
05580202
008cfe7e
f9df018d
010cf769
fe0cf6e5
06440281
f9da0a6d
fda20827
048afb2a
f3d603d1
03a0037b
01c0fcbf
fd14fbf4
01a6f566
06b5fcb9
fe810176
f69e020e
05aef9fd
fc2cf9fb
01f301e4
fcf2fae1
f7f40d68
088d10be
fde7f868
ff5e0134
fc9603a8
fc6cffa1
083802fc
ff1ef8e2
fc64006c
07cb08c1
ff2405ac
f52803bd
fe6b038b
fc67023c
fbdef53a
fe6cfcaf
02850062
018bf911
002d0184
07f9fdc2
ff0df9e0
fcd6fbf7
00080172
07c20268
0334ff01
f2b8ff78
faf6f896
f8a7ffd2
fa85084f
06d902b9
06fafd44
0056004c
fbd10285
056ffcb1
fea4fea5
f800fb53
043e043e
01c0082b
fddcf8c5
018001e0
ff4800b5
ffa7fdd2
037bfde7
ffd4f762
f9b101fb
0267f843
071bfd81
024b08ce
03a6fd87
fb9c02fd
f9a10002
01f704c0
0af80798
08c10198
fbec09c5
039d033b
0488f563
0105f3ae
06670956
ff6d0698
fc49f797
0568098f
059c0723
fe5dfffa
ff7dfdc7
fed2f9d7
fcfa0491
f5e504cc
ff96006a
0261ff8c
f9cbfc0f
0a14fdca
faa7ffc6
03dbfd86
0e530025
f68efc2e
0642facb
000d03a2
fc490130
0458020f
0251037a
043cfe02
fbfe0051
0543030d
08feff2b
03a7fde9
fc4ffc60
ff35f7a9
0573f902
fe55fc9e
009d01ee
faef01ad
fef801cb
06d5ff7f
03c1fcab
ff160866
fbe10483
052200e6
03430373
00fafa86
063e025d
00210563
045907f5
fd88f388
0028fceb
0cd30a9e
fd21060c
0064ff2c
fda5f838
ffe9fd20
03a301b3
fa3f0222
01da0582
046d06e5
084aff56
03a6fe81
0ae8fdaf
0b950302
fe740548
0012f79a
f9f801b9
08d100cf
0722fd1d
fc4e0654
074e032c
003503dc
00b9fccd
f72b0178
f4130253
046cfd30
fad1ffd7
f96af8a2
fda302d4
02ed031f
0a63fbbf
018dfece
feeafa0e
fa67ff8a
fa4e00fb
00c6fbe4
0247008a
fc62fdb6
ff84fae9
0b0301a1
01840343
095604b0
06acfd20
ff5bfbd0
072703a0
f826fa66
fc43fb25
0223f7ed
041bf80c
ff4a027e
0147fe9a
0cc4023d
fe46fc2a
0045f802
f6f0ff23
f6f40263
044a06db
fd69ff0d
03c7f904
033ffd07
f92c00b5
f90ff972
0b61f9d9
0737014f
fc0af991
029dfdd7
006efd88
02eaf5ad
03370050
05e10440
ffd700f8
02200111
05460593
f8390c72
fc0201c4
022df9b1
ffc0ffeb
fb070097
fff103d3
fd7202af
02cb0417
fce30313
f4c900ee
097a0f23
fbc40438
fff1ff5c
071f08b8
0159ff3f
0b54fc86
f82ef71e
f70bfd88
02e701ba
fc77fe96
f8c20580
02a5ff9e
056b0300
0692fd3c
0254f9cf
fa770855
06d0ff9c
fa0601fe
fb270253
0021f761
fc5d00f4
08cc00e9
0574008c
09d701e7
fe2e01dd
fddb069c
0409fbc1
fd75fd58
043f0320
fd98fa97
055bfed0
05fc05bc
fbaffe71
fd11fab6
ff9a070c
ff6c09c4
f659073d
fc510307
055ffbf4
0847fe2a
060d0096
fc960a5d
fbd901d5
00a0f812
fc7cfdc4
026dfe0e
07820528
f944fc9c
fef3fd7f
fa250282
ef790056
f9ef070e
fe22fa2a
ff11f990
fb150013
000000f0
0141fed6
f982fb13
faad0210
01c8fd44
f8e90392
f03c06b6
07e4ff43
008c029e
f441fb62
002cf8cb
fb45fb45
ff78f84a
031d0045
087906eb
08fbfacd
0024faad
ff9501ec
f877fd2c
fd3800b8
ffc50660
fdef0793
00c00055
faacffb6
ff8c047b
fb7704aa
fe6c0659
0b6dfe34
fee1fe98
fef1ffe2
0003fee3
fd91fe61
0b80f8f9
060dfa81
fa17f99f
0111fcbf
02d8f725
ff64f950
05f804a1
0250ff46
060704e9
059d04bf
f35fffee
012e0164
0202fcc2
f15cfd9c
00fffcfc
03ebfa00
f67dfb26
fb45ff55
fb8400b5
fa65fc3d
01daf9ac
fb8c0019
fe0e05bd
02160448
060c042c
04f0031d
f2db03c9
01610530
06adff1c
feaffb4b
075b05d7
ffd304a7
fe69fd44
00360665
feaafed6
00a6f926
02870032
049aff4e
fa80ff44
fc87feee
02fd005f
f161fc56
f69e02a6
016a081c
f3f7ff7c
fe2403f5
060000b8
03fff91f
050cfbcd
fd06fd9b
ff4bfe96
01400253
ff9902e5
0154fbc9
036e0473
fca80928
fe95fd6b
0718fda4
fb24fdf4
f9e0faeb
0667fb67
07e803f7
fd19076d
fd29f3dc
01aef535
04570846
096304a2
011dff99
fd73064e
faf807d3
ff2ffb4a
009cf806
fecdfad6
ff0f0042
fb260c05
04c5ff09
fea9fc9d
01600384
fd7eff9f
efe10472
015401ff
096b052d
063e025d
00210563
045907f5
fd88f388
0028fceb
0cd30a9e
fd21060c
0064ff2c
fda5f838
ffe9fd20
03a301b3
fa3f0222
01da0582
046d06e5
084aff56
03a6fe81
0ae8fdaf
0b950302
fe740548
0012f79a
f9f801b9
08d100cf
0722fd1d
fc4e0654
074e032c
003503dc
00b9fccd
f72b0178
f4130253
046cfd30
fad1ffd7
f96af8a2
00ac0973
04bf0925
fb440177
f6daff8b
f4ffff7b
ff84008b
fee30112
fe21f919
0b6ffc55
ff4dfbf2
fe7efdba
fe560ad1
010b02cd
ffcefb0d
f8abfd05
0187039f
00bc050f
07d300d2
ffd702db
fe780173
015f04fc
fb0fff19
039bf8a4
01f2fb1a
07d0fd1a
fdeefdb6
fb51fc18
072c04ac
04f9ffc0
0b1ef936
05dbf977
06e2f6d0
083efd2c
fbd9fc96
fab3fd4e
026d0115
fe24fb63
fd7ef926
04c50097
ff530215
05c004eb
026403ad
f846f9e9
fb29fee8
007ffe10
0459fde3
fd57ffbc
018902e0
00c60d51
fef101f9
035efd0f
fef404b2
0073fac7
ffdbf483
faf300bc
f9c70073
ffcff8dc
fea0fb25
fd7bfb55
0008fe6f
fd75fcb7
00f1fe63
0682003f
09dafa38
ffeafd35
007b055c
03c8046e
002ef98d
04d7f9af
f7a60396
f9a80a0c
061a0673
02a90789
fd2208ae
feef0172
056f017d
fd16ffce
078401b3
09b8fd55
ff16023e
089104b0
00defa71
00a7019b
02d50084
fd000695
017a02c8
0196fde4
0164058e
02aef5d7
01ebf4e8
f8f7fe78
02150197
05980247
fae803a6
04300187
01ddfc53
0931fde1
02a50392
f32e07e5
04fffe43
0383026d
fd98fe0a
fc93f4a3
fe39fbd5
ff1a0007
f87c0655
f837fb11
f614fb8b
0259fccf
009cfc68
f74f06db
f9a10106
fe6406f9
08860777
fab5062f
fe4e04bd
0c42f9af
ffd6ffd0
01890323
08f3f9d1
072b0172
fec803ee
f7d3f4f5
fcc80a5c
fef50a60
010bf83b
055603d0
fadafee3
f4040073
fe02043e
01040921
fb440151
fe8ff996
06580a87
0374fa90
f9a8f589
f578ff1e
ff92fbe8
00230554
fb430670
ffcb015f
fae6f910
ff7cfbd2
026c0787
fa5601c5
f83dff64
012efa03
08f6f7eb
007f06b7
fe5302fe
fdacfb69
0296f5e2
03bdfe6d
04e10f8f
03ccfec0
f3ba03cb
005f087a
050bf34b
00f1fbc0
fb480547
f4ee043e
04910225
fc69fed8
fe3bfd09
06d9fef1
01d4ffec
0582fb85
ff9c0365
fb4b04d7
02b6fdae
00580319
f59803fc
0247fd0d
01b9fb8c
fe99fcd9
09f0ff9d
fcfcfb83
fea4fc4f
043fffe5
fe82fa31
024e01ea
0533fe34
ff14f742
fbdaf7c5
fb93f8aa
f77a0110
007f0087
004408ab
fdcefa4d
ff75fe44
fbfc0f1b
fc36f8b2
fd420435
05a701c1
fc7f0067
f91e08f6
fe69f9d5
fa890abb
01d102fb
fd01f208
fd9bfaac
02250288
fa0401b5
f9cffac0
ff0c019d
043cff3d
fe3b02cb
004f0083
0a81fa24
fcf6ff61
f962fad8
0404062e
fbfa01fa
f5d4fad9
f755041f
fbe0fe32
03e9fdaa
04a5fbf5
ff04fc93
fb6ffb7a
fea6022e
04330724
0648f6c3
003303b7
021f00b5
0468f35c
01bb0440
024bfc5c
fe5bf902
092f0638
05a709fd
f2840810
f90603df
053d04fe
06f3033c
09c101f6
03910026
f7d300fa
01680489
fa62fa66
fb5ef5db
078b0447
001b03d4
0a63ff9f
03cd07b6
047c0047
033d036a
f92c05a3
0797fc10
fb8403c7
f9cdffc9
02a9fbb2
01daff95
08bffebb
05780665
fd4a0961
00ac0973
04bf0925
fb440177
f6daff8b
f4ffff7b
ff84008b
fee30112
fe21f919
0b6ffc55
ff4dfbf2
fe7efdba
fe560ad1
010b02cd
ffcefb0d
f8abfd05
0187039f
00bc050f
07d300d2
ffd702db
fe780173
015f04fc
fb0fff19
039bf8a4
01f2fb1a
07d0fd1a
fdeefdb6
fb51fc18
072c04ac
04f9ffc0
0b1ef936
05dbf977
06e2f6d0
ffc7ff96
021b04f1
fa22f70c
f605f6ac
f95c007e
fbe70197
fe3bfa92
fd67f7c2
05ceffdb
0aa5fedc
07fa021e
ffbb057b
021000f9
0de2fd30
ffc402b8
fd0d0124
07b4f9db
05bcf89b
f941f893
fb2f05fd
0a3c0173
fa8dfbbf
feb2005a
0c8ef5a9
022dfad4
008e01ef
02390367
031602be
fe62fd71
fd8b01ba
0385011f
0739fd69
fcee00b5
f76e0981
01f70844
0475ffa6
075d00a1
0754ff7a
02650146
fd9c00d2
0674fdd2
05a4071e
f79b06bb
fca00326
f64cfe41
f674fba1
071b0bc5
0c6a0239
058df3c8
fc5eff4c
f93e00b3
fb49fe70
01c7fe1e
069bff38
04ba0367
ffbe061f
0fe0057f
0651fe3c
f3b6fb19
fc1900a1
f756056b
06d00011
0015ff4b
f92b01af
08f3fc2c
fed8fff5
01be06f9
fc7b012b
fbb4fec7
026e01a1
01eef7ef
0069fb1e
f8f104f4
ffd6fd30
0156f977
0034ffa5
01520259
0042fbbc
fc2502f4
ffea06d4
fe1203c3
f8550656
0751fb96
fc4104cf
f9ef09df
0342fec9
00a4038e
07910534
fc9dff61
facef7ca
fc37fa0f
fa2cfdad
028ffef1
0197fc69
ff4600ce
fc6906a7
0000f9a3
0459feea
feecfd76
fe59f510
0010fb72
fcd9f62d
0175f73f
fee9f9a1
f626f9cc
062705bd
06440ae3
fcedfc95
091e041d
fec50dc8
0172faf5
110800f7
01f005e1
043f0612
00c709ea
f6920080
000a02dc
fda6fe77
0584ffb2
04ff019f
f99dfb67
fe46045d
fd83ffc2
fdabfe44
04d50d77
035c048d
fd24f600
0806fa33
0a1ffd96
ffd90062
0282fbe8
0159f9a5
fa6406ae
f8ee04a7
fd9ffbe1
fdbdfdf0
fa79fe51
fae0fe30
0265038d
fefb02ef
fbf8ff5e
01650195
fbd2fe53
076001aa
058a0563
ff20f94f
0125f6b9
fa5a00b5
02a303c3
fcd5025e
fcc1fcb1
fdc1f85b
fea9fda4
01190449
f4bd00f0
fdcdf29a
fe53f81b
003000d1
0325015d
fa1a0670
fd6afde1
0174fba8
0574f758
041affba
001d019d
fb36f9be
01af0c3b
0157fd0d
fa42f85d
036cfa37
0003fa90
f97d09b7
fc99fb5a
033e05fd
fd47002b
f5c9ff44
ffb10d76
00730029
f8510537
015af8ed
0550fd22
f95e0116
058afb22
012107b6
f65c0035
0391040e
fe58033a
f638ff7c
f53c02bb
003803e4
00f907bc
fd070442
fb4bfe2c
f386fb63
fe4205f3
fd9800f7
007500bd
04390939
01f901b6
ff0efe98
f7780338
08a3076f
04a7fcae
fe90019a
0694ff1b
ffc9fd50
088307f2
031af96d
fd2c057b
0563068d
fd5af8b9
04d5fcde
06a9fc80
fe8f04a9
fefaff33
f294f8e4
fe8dfe7f
088a031a
fc8cfd02
fea3f828
01c500f7
00f70178
fb3affc4
00f3fbb5
fd2cff4b
fc830775
0631058d
f5dd01d7
fa36fd48
0349f665
ff24f598
fd4cff2e
01d3fe5d
0bce063b
02390baf
fb35fb10
fc67fa24
002200c4
f96c0173
f87c0270
014e015d
f998fe75
021d0213
08fc01ef
0511fff7
066c01a7
0408ff86
022701ce
0427fd3c
052800eb
fcebfad5
02f5f6c1
03e80697
f8a5fcd9
047603a1
071407a0
ffc7ff96
021b04f1
fa22f70c
f605f6ac
f95c007e
fbe70197
fe3bfa92
fd67f7c2
05ceffdb
0aa5fedc
07fa021e
ffbb057b
021000f9
0de2fd30
ffc402b8
fd0d0124
07b4f9db
05bcf89b
f941f893
fb2f05fd
0a3c0173
fa8dfbbf
feb2005a
0c8ef5a9
022dfad4
008e01ef
02390367
031602be
fe62fd71
fd8b01ba
0385011f
0739fd69
fe610e1b
01c6fef7
f87df643
03e7fc7b
0cfe05ab
feb908bb
fc28f95e
01a9ff96
ffd50030
fdedfd53
f6220367
fb4eff73
01e3fa11
048ff2ab
060cfceb
fb62fe02
01280236
0a3b06a4
013af3ae
fc7cfbd0
01ed0244
05a303df
076e079d
09e801b0
0590fcf8
0264f922
08930177
0495faf2
00210051
05b50522
faabf9b8
fbd205d4
0c7c04f3
0685feae
01d5fd38
00440644
fa5407c0
00cbfc3c
fe88087b
0024fb8c
0b27f562
fa8e0144
ff66fa8f
074402fa
f6460561
012803ee
ffbe07aa
003f03b3
0332ffd5
f71504e0
fd700a31
fb57fdd8
fd900422
fb110cd2
fa74f8eb
02b3fd69
f8a50875
fcb8fad7
00d3fae0
fcbbff66
fc5a0408
004907f2
063dfea8
04c405e9
05dd0235
02fff962
02c302f2
0229fc3c
029500ee
036b07f3
fbca0221
03e202f7
0265fef2
fb9ffa31
fe1bfa45
f58702be
010fff4a
09c1fd91
ff61045b
fffbfbb4
093fffe9
0b81fef8
ff2dfa78
01be009d
020dfce8
fdc4027a
ffc903a9
f777fd95
ff98fbf0
0582fe78
04df0585
097eff29
040cfa5c
fae7fac4
fea0fc9e
027a0071
fb0dfd2c
fd5bfe57
fa140391
05d004e8
04b4fc33
fc0b028f
0b831069
fa5b0099
fcf8fb3a
ff64ff06
f790f73b
fe08fa96
fabd0054
0589fe02
000efec6
064f03f7
077ffd9b
fe23fffd
028d01e6
ff49fb90
04ed0073
ff33f43b
034afb88
fe7d0493
f80df3c8
0144fc54
fa5a002f
fbde00f5
fca8fd4e
fa54f848
fc840119
0207fdd8
f7b9071b
f96a03a4
0415f784
01870038
086c021c
fd2200fb
03920189
01410540
f877fd5d
02e0fbaf
f911058f
fb83ffc1
faf7fecd
030001e7
097105d1
fcb30240
f430ff60
f74509f9
0371086e
fdee01ad
f8d6fddc
f8790116
02370056
fc16f92b
fcd2fd20
0be9fb75
f7bb01a2
fe1d0b9d
0a370069
0277fee3
ff5e043c
ffb902ad
01a8065d
ff310145
fffbfcf2
ffbbfbc8
081dfd4b
fd7b0139
f8cef34f
0418fada
00fa0477
0386fbc2
feecff2f
fcdefaaf
fb5c04e1
fff40669
0592fab8
fb6906e5
faa203c1
fff0fd1e
fb6a02e2
f6bb0344
fee1fd4e
0167022b
06bb09bd
01aa06dd
fa3207d1
0392fdda
022ff715
051ef61c
01aafca1
fba90603
f644ff92
f5a60338
0135ff35
04f3fbe0
03f4fe4a
fb6a002b
fd440518
fc58fc90
ff6604ac
02bd0444
fc7afb5c
07cdfceb
03a600cd
faa00db6
fa7701d6
0009fcaf
0410fede
f998f7ee
f619fbad
f97af9b1
fe480362
053b0764
07d1ffd9
fa25000f
fd65009c
02d30232
ff8b0124
090604aa
ff1a02d4
03b701ed
06f302e5
057ef993
0d58ff9d
f9c20170
ff4bf1dc
0949f9a8
fad70a35
007309ce
04900445
f6a6fb08
f51ffed1
fd13ffc6
fa12f6c9
fecdfd57
050ffe47
fb5505d8
fd98036b
02d9f38c
f77b01ef
fa7404d5
0055fbfb
0334fcbe
0524fcce
fa7b039e
faf9048c
fdae0147
0525fc31
0596fa8c
02a1ff1e
096cfb56
ff2afbd1
00cffb22
0255fc0e
00fe0ace
048200c2
f929fd22
fe610e1b
01c6fef7
f87df643
03e7fc7b
0cfe05ab
feb908bb
fc28f95e
01a9ff96
ffd50030
fdedfd53
f6220367
fb4eff73
01e3fa11
048ff2ab
060cfceb
fb62fe02
01280236
0a3b06a4
013af3ae
fc7cfbd0
01ed0244
05a303df
076e079d
09e801b0
0590fcf8
0264f922
08930177
0495faf2
00210051
05b50522
faabf9b8
fbd205d4
031f041f
04920139
fa5000a1
0485fb3d
fedd09f1
035f048c
058bf4fb
f34a0b2e
097f00aa
0497fa26
fcf10257
02a9fddc
f63801ec
06e20128
055afe1f
fe95ff7b
0658058d
0127f90c
028bfdcb
079c0203
08c1f6d1
fdec0177
ff80fca2
04aa03c4
fdb204b6
02c8f86a
03e8ffef
010b0343
fd63fec8
fdf1fb08
0496060e
0442fd1a
0077f9a3
018209e3
0b7802f7
092bfd04
03a4fc8e
0224fd21
fe9500f6
047dff00
059ff89d
fc870020
fa7201c5
0235f9b0
fbaafd16
fda4f864
0c40f88b
08790496
02f008eb
01d2fe57
089bff72
016905d4
fe36021f
0b1702f8
ff62002c
fa9a008a
01bbfacb
010dff64
00410317
002b0196
fbdb0710
fb7afcd0
fcd0fed3
fc86f754
07b5fcb5
025a097c
0088fb47
077701ee
033904f2
012a0057
fa380139
fd950843
fac007d6
f946fecb
fecc0169
f8bafd18
fd5dfc92
031e01d5
05f203ba
0963fe48
05f101f3
f90303ca
fbe5fb3d
058bfc0a
fb82f83f
ff2700f8
05d5010e
02e4ffa2
01870617
0148007c
04e805f7
0473fcb8
fe40fc9b
fbf40b4c
029500c1
073ffb57
065dff4b
fe73f795
fc1afbbc
ff260818
0162ff94
02f5fdeb
f84afefa
fc0efc54
00cafecf
f926fa76
fd1f0238
fdc00540
fbb3fc18
fbe3023c
fb7405f7
fd1bfd0b
fd7dfd9d
fce0fccd
fe06fcd9
03d30324
01a30002
f504017e
fd95ffa0
047b01bb
fc16ff2c
07f4f240
091cfd81
0668098d
01a90618
eef4f954
f8a3fdfe
015909e0
fb77001f
f848000a
fded02ba
0919040d
007d04d3
faeffbab
0556f692
0392ff1e
f635081c
fa15ff55
0551fe90
0265fdd6
00a4f89a
015a02c0
fb0c02e1
fd4efe98
fd8efbdd
fc4af815
036efdab
f8a101e2
ff5bfe68
054efb0a
fc1a034d
02d502c8
f94dfabb
fac5001e
ff58fe6c
0215fb75
06600006
03bc0522
037a05e4
f22cfd35
fb4b021f
03ec0d4c
009d0870
0794043b
036bff8a
fe3ef843
faf6ff6b
00030379
f2db04ef
f9e70a74
0b4e0338
024affda
0016021c
fd48fdcf
0640f279
008df806
fe7a0827
02b00297
fd040279
0703fe55
0754f80b
fff0027a
f67d0ba1
016b0b15
ff40fa04
f849f767
025fff4a
f505fe61
fc74036e
0132020b
009ff7c8
0052fe39
f40d04b5
fd2bfc51
fd38ff25
fe6ef9f9
024efc01
fe4effdc
009af838
fe3201d1
01e4fde1
04b1fae3
0182f8a0
0af1fb0d
08190475
fe780013
02b6076f
02ae04d1
09f5ff77
013efd0c
fcbc0133
028002f0
f9e6f9ee
05ae043e
f9090288
f9f80274
097a01a4
fb11fb72
084604ef
07d1097e
02550248
0379f848
f6f400e2
f904f9ee
f839f9a3
fd3f0301
ff29fa26
fbb7058a
05fe014d
037a076b
fcf00a24
ffc2f43f
ff130621
fcf904f2
f9c6fa78
fe510408
00ea0129
ffad0418
fe1efb24
f52bf72a
03edff76
093afd66
03bd0247
08e800dc
fe9ffb1d
0091faae
fa4cfa92
f9b7ff24
00f0ff31
f533f8ce
f7f20242
f5cf0c6a
f65ef9b9
ff13fca0
ffe40d8a
fcfa0917
031f041f
04920139
fa5000a1
0485fb3d
fedd09f1
035f048c
058bf4fb
f34a0b2e
097f00aa
0497fa26
fcf10257
02a9fddc
f63801ec
06e20128
055afe1f
fe95ff7b
0658058d
0127f90c
028bfdcb
079c0203
08c1f6d1
fdec0177
ff80fca2
04aa03c4
fdb204b6
02c8f86a
03e8ffef
010b0343
fd63fec8
fdf1fb08
0496060e
0442fd1a
04890300
035b044f
0432f8af
fecdfc66
006f06db
09b8fc36
fab9ff6f
ff31fd8d
febbffa7
fdcafbf8
ffbdf674
fb2a03ea
03dffca4
0273fc10
080cf756
03a0f465
f99503a1
f8ba023e
00fc00dd
018304cb
fd560487
07ed00de
fb9c0aae
fece076e
04a2f880
001f025d
ff6704fb
ffcf044a
063e04aa
faa5ff8a
0164fdc1
ff58ffa5
029604f3
06c6fcbe
fc0df717
02aefea9
f8470396
00b8ffae
f94ffb10
007a01a4
15deff7d
fc2bf5bc
007bf912
02340085
040304b6
03e005a2
fa37043b
03db0764
fc1d09a4
fe64faf0
0185fb7d
fd560a0c
fd27f7d5
fcaef8d7
04bd0922
09f3fd5f
0a04007c
00190b51
fa3b04ae
fd2af9e7
fe090121
fd250467
fb1a00aa
fdf7062f
fdf30300
fa120770
001f003f
03a0f9cb
065e031a
0bae027c
034afe37
0208f7c3
00cd044f
028f03af
07e6f96a
00120089
03b7ff01
018b03d7
037500af
0a0bf60b
011affa0
fb440ae7
fc0302dc
023bfcef
fc6600b4
fc8701f1
0147fe0a
ff85fc13
05a90900
0668fd74
03cdf867
f7fe09b8
f658fa77
0073f49b
01fb0296
04b1ff4c
fe96fde1
fca80669
0370fd52
0087ff65
fcccffbd
fd31f5a5
fd490427
026ffb4d
0249fc07
fcd70499
01bffcfb
00610439
f8b8ff0c
fcb1ff32
03ac01dc
fceaff37
f822f9f5
f9c1fb17
fd0bff54
0951fa7d
02b8075c
fdf507d5
00bc0344
018304ec
0b4a061f
01a304e1
00effb2a
ff7d013e
fedbfb8e
035df6ba
f74f0287
087d0712
fce1fd00
f164f4d8
fd14fba1
eacff40c
0096f8ba
0601fed4
fbe9fa86
03f8054d
fb61fc8f
0620f8ee
fc4b0490
f712ffdb
034cf703
fd9ef65f
02b80240
02770826
fa59ff9d
fab2fac7
028cfd78
001f05c7
ffb509aa
0390ffbe
03ecff05
06a30344
fb85fa2b
fcd50156
fcea0088
f971f61f
01610610
012bff0d
0478fed9
ff0a0a71
fa96fc77
041d0612
076307c6
ff41006c
0296ff51
0795ffc5
f9030adc
f7c1007a
fd28026f
fe6102e7
ffcb0170
03d710a0
021005c8
f7f702ac
027b062a
01ed047a
f9d1086e
02c202f7
ff930190
fcff015e
fe3ffc14
f5edf9ab
faeef90e
ffc20109
fe6e078c
09feff76
06c4fd4b
ffb5f809
fc6cf837
f7a10491
fd9bfc8a
043bf6cd
064bfd00
f8320107
f9280241
fdd6080c
f97f0717
0269f671
fd67f453
0168feb3
03940723
fcfefeeb
05e5f684
0505001f
fe90020b
fe00fcbf
ff69ffb8
fd8c057d
fcd4059e
fe4b0759
007ffbeb
fd70f6d8
f721fd4e
fbf9f9de
fb6102c7
f7430666
025503fd
08e80035
00d6015c
02bb041b
01f2fda8
00f001a3
0307f872
fa9cfa11
043e00b5
0625f760
003a046c
fefc0676
f67df93f
01080075
031501b5
f69dfa04
fd2e05b5
05540586
fdd0fc69
ff38fedf
056cfc1b
02e3ff73
02cc0345
02240864
03cc021d
0411f5e1
037c0078
02e00564
0057fe30
f41bf9f7
f616ffc0
063b05bc
0068fd81
072efdbd
06c6061f
fe5f01b0
046f0299
02a700a4
0101f71f
ff91fc97
04890300
035b044f
0432f8af
fecdfc66
006f06db
09b8fc36
fab9ff6f
ff31fd8d
febbffa7
fdcafbf8
ffbdf674
fb2a03ea
03dffca4
0273fc10
080cf756
03a0f465
f99503a1
f8ba023e
00fc00dd
018304cb
fd560487
07ed00de
fb9c0aae
fece076e
04a2f880
001f025d
ff6704fb
ffcf044a
063e04aa
faa5ff8a
0164fdc1
ff58ffa5
07d4004b
0236fd2d
fd72fdd4
0324ff28
feadff82
fed108a9
04170891
02b5011d
00defe46
ffb80224
fb40024c
f5faf973
feb3ff9a
02360028
ff7afbd9
05befc53
024cfd2b
038807d3
0ac9061f
0222fb2b
ff56fc83
00990049
0078fff0
05be0321
fb15fda3
f5b9fc3e
f7d6fe44
f6f2f69c
024c0517
08d20553
044efc3b
fcae0525
fda3fbc2
009efe5d
00ab049a
fa910372
fb3f06ea
056bfadd
ffe3ff36
035d021f
02b9fe6a
04b00c7a
0504031c
f51cfb29
fc0c005c
fbb5fe50
fd4501b7
0b02ffad
0a08fd9f
fd3af9bb
fff0fd62
08bb0005
fa26f6eb
00f7fc04
0241004b
f9ed051b
0848019c
08aef993
fd5efab2
0069fe0c
02d90a3f
f4870366
fb58ff51
012203ab
ff580289
ff0a0968
f9880126
00fdfdb7
f8b30364
fe03fe70
00e1fa8f
f907ff0d
ff450271
f9240000
feaaff02
ff12fec5
fefffbfb
00f5f79a
fa1c02cf
005f081d
021003b6
0328025f
06f3fa11
05c0faba
0162fd47
055a02d2
0f4c0140
0f880121
07edff40
fbe6f827
f91c0754
feba00e1
fc9fff49
faf1069c
02480148
015502c8
fc77f784
0076f5f0
019bfc8b
fd530987
06de0536
08d3f9b1
fe6d0364
07b0feed
ffd9ff0e
fe83fece
00af0147
fb7b022f
0cefff99
fe3906cf
00cf00de
098ffe96
f89200a2
fcb6ff2c
fbeaf6fa
0436ff01
031208d9
00130562
09f9036d
035ff65c
fcc70329
03a105de
0a8cfdd6
fae4fa9d
f87af539
000f0386
fd69fa8b
fb2bff13
f82cfe4b
00f6fa8b
022307ae
fee9fb83
fe4607c1
f7aa07f7
f72cfd11
fd070253
fcc60107
fc710068
fbbafee2
f64a0475
0049fe36
ff4e0313
fe31025b
08bff840
fa76006b
f900fad4
0509fceb
fd1affb9
f899fb7f
fd1afcb8
fe290626
fca00dbe
f8d000a4
01860086
061d0299
ff31ffcf
073a013b
03e3f5d2
010ff815
02cf0412
fb4bfe96
0163009e
fc8d0919
fd7effce
0ad8f92b
063301ca
ff05075e
f8cbfc6c
0222fba6
03a60308
f8dafb36
0628fb11
fe57fabd
ff97fb0f
08220177
f6c70060
018e07a0
fb0f0d10
f874fd0a
fd74f8d1
f84503f7
0b760006
fc8c0738
faf906cc
05eafb6f
fee20195
fc29feee
f6a30004
006bff64
f86dfd1b
fa9afbd3
f70bfb0d
efb00489
0742feb9
0325fd17
004d00bb
01850452
fe380523
0312fd9d
f807fd0e
f76ffbc7
0d78fcf8
0339fa26
f1a002f8
0599057b
0144fd8c
fd8b054b
020afc8a
f8b2fbe0
02e7005e
0361fdd0
fba102cc
fde000c4
043d0372
02bf047d
fde50292
fbd601a4
fc89fee4
fed9fbd7
fb7c03f3
00860788
04f2f32a
05cdfd70
fbb20f4c
f9a302d4
ff7dfd33
0188face
0d47fde2
fe390165
f97aff64
00ee013a
fbbbf76f
fba4f865
f778ff88
0186f814
08defefe
02c203af
012301d4
0a850435
ff0902e5
f904029c
0ca300e2
fcf10793
fbb1004e
05a9fbe0
01570a9d
07b5038d
0457fa45
08affaf8
0b07ff9b
0515ff2e
fdce00b4
fb3f01a9
08ddf36f
07c7fc0b
0177069b
07d4004b
0236fd2d
fd72fdd4
0324ff28
feadff82
fed108a9
04170891
02b5011d
00defe46
ffb80224
fb40024c
f5faf973
feb3ff9a
02360028
ff7afbd9
05befc53
024cfd2b
038807d3
0ac9061f
0222fb2b
ff56fc83
00990049
0078fff0
05be0321
fb15fda3
f5b9fc3e
f7d6fe44
f6f2f69c
024c0517
08d20553
044efc3b
fcae0525
035df9e1
f8560555
f7780063
04b2052a
fdc603d2
f8c2fec1
02750907
053e0196
01d0fb11
020a0657
00ba05a5
0062023e
ffd2fab7
02c3fabc
0737013d
fb46fd68
0282fd3b
0dd5fe46
fe970936
fbd90aac
fbf3007d
027d000f
045bfbff
0102fdbe
0e820165
03840252
fa740301
04b70153
02f8fdcc
fdc7fdab
fab60b0e
02640b21
0a5d04f3
feb5064d
f75002aa
ffbb066b
05310c89
04cb0a5c
029efabf
089af5e8
077efad5
fd36f7c4
fe330483
fe7b04cb
017bfe09
034b00ad
fd6dfdbd
fdd601f8
04350194
ff6d0195
f9940007
fe7700cc
fe0dfcb6
fee8fbe0
faaf06e4
fd52f757
055af89b
01d0fd8c
02a9fb40
018dfd93
00c7f365
fffb0121
019100e2
0286fd66
045dfc4b
fefefb2d
f9830a9a
06cb02ca
02b80141
03effb86
06a7fd99
03d70638
0101ff3d
f6d902c5
0258fa51
fd83ff53
fac3ffdc
ffa7ef71
ff61f69b
030effb4
ff91fa9b
06aff78b
feb6002f
0415fdaa
0498fb31
f77e064a
00c106cb
fc150208
fd7b00f4
fe91f9b9
ff2cfd52
028a01ba
03f0fe95
03640269
fc05fbad
04f30504
00b5021f
fe6ef9c7
ff2f0864
fbff051e
015e0bc5
ffe2ffaa
062ef938
ff6f03d5
ff86ff9b
044807ac
01b1fe11
057e02dc
f7a805ee
fcf2fd8a
0014014e
f9f7f415
045ffb48
fe780585
ff30fd21
01070540
014b0d33
0372fe07
fc29fa47
044601e5
feef00b2
f7c8019d
042c0146
0066ffd5
f879fdb7
f9780609
00ae0230
0799fbc8
03b501e1
f94ffefe
f8f8ffac
005ffa98
fef9fab3
fddaffa3
033f05a7
0288fe98
f7b3f855
ff5a02fc
fcecf89d
f3b5fbbb
092200d6
fe590445
fa3e04a9
0a80f85d
fe7eff87
03f00131
07140115
f88b03f5
f86909e3
03dc0037
03fc02f3
ff3c09c6
fbe1f3e7
f55f0174
fc6d03f8
0371fea2
043a00d8
fae7fb73
f2e70508
f772042d
fe1f0389
04ad0153
02540933
02fa0484
ff1aff92
024102d5
07c2f57e
f8fbff49
fc7bffce
054b012f
fcc101d1
fe31fe79
05c70414
05e0fac1
0352faf6
fc8ef9fc
0147fed6
01bdfe8e
fc9803d4
02b70558
f64df887
fd4d0905
04e5fa5f
fa6bf276
05ae00d3
01fdf725
fb66ffae
0011ffbf
087601c1
034e0958
f0e202e1
f77a0970
02b5024b
fe22fcc6
f79b0832
01320030
0044fe95
f3a00284
f46efbe3
f75afff7
fca70139
fdfcfe27
0271001f
07c000d6
0616fcfc
ff4d0076
fc300526
032cfd0f
ff6f0026
fe41044c
0774fd10
0214f597
fa79f397
093ffc0e
09ae04a1
f95c0a33
fa9e0745
fe76ff3c
0414f76a
0580f843
ff4d0418
fac00261
02b8fc00
0607fe9b
f9a300b5
00ddff0d
0475fefd
ffc5fbd7
ff4cf76d
fe34026c
0164ffed
fae2f274
ffadf59e
05c8f821
fae20859
fafa0c04
0299f9e8
048d0200
ffff0404
fd97ff9c
071d0722
02ac06a7
01580003
0c0dfe91
fb9e0210
01a0f935
06c2008d
f4fd030b
0485f764
014205a4
fb0f0148
02f6fe2d
ff2b062a
0606fd43
faaefa9e
f61af3f4
035df9e1
f8560555
f7780063
04b2052a
fdc603d2
f8c2fec1
02750907
053e0196
01d0fb11
020a0657
00ba05a5
0062023e
ffd2fab7
02c3fabc
0737013d
fb46fd68
0282fd3b
0dd5fe46
fe970936
fbd90aac
fbf3007d
027d000f
045bfbff
0102fdbe
0e820165
03840252
fa740301
04b70153
02f8fdcc
fdc7fdab
fab60b0e
02640b21
00cb00ea
04b80506
fa8801d1
0289011d
002dff75
033c01dd
09fcfd08
feda01f0
fcbe069e
00a8f94d
015f0410
f95affc0
009bf68a
062e01c0
fcc204a0
01a10372
06b1fbc6
01b9026e
04030899
06470234
fd460213
fe64fee9
0343fcee
087aff6c
0248f9b2
f9b1fdb9
fdb00a04
f6a3fd68
fc9ef92f
fddb01c8
f6450072
f80605e6
f9650931
fa77ffba
fc5ef966
0554fbd7
0111fb1e
06050610
012c08a9
fc13fe68
0d650230
00b00091
ffc6001b
02fd046f
fed70489
04c90280
fef00308
023f0042
05e201fe
0534043b
0377fd31
006204bb
fe7afcda
f94bfbab
fc5701b3
010ff918
0063085b
05640367
0184fd87
fce90b77
093b06dd
0044ff6b
f97cfe44
01daff6f
0235ff16
064601e0
011e0075
ffa500b8
03300106
02bcff94
01d2fe89
051bf557
0576f850
f98aff4d
00580860
096f07ef
fd24faf8
f9c2fdcc
0173fd62
fe8efb0a
0188fed7
00c6fc6a
0349fb5d
0b90013c
fdf0ff31
01e7f9c2
fde6ff81
fe6501ec
0880fff6
fd1cfd97
fb5efdbc
f1050247
fcf0fdbf
02d6f5da
fc85fa6b
fbf4015b
f1dcfe96
ff35fb73
fd24fa12
ff40fa3a
fee80075
fb200681
057504a2
09770409
086506c4
fcacf91b
0dfdf4b7
05ce084f
fcda01b4
0797fb2a
03390823
0782fd1e
f194fcfe
fe2e02d6
06dbfb9a
fe9f0191
076e0663
fcb10464
0999fcfa
0856017e
01720150
fc8efb1f
f98d0656
ff2c00d9
f8bdfae4
0a5b027c
0ab0fee3
fec8f7dd
f82301ea
fa970104
0480fbb6
f3e30908
f8e1046a
05ac0544
fc92fb14
f988f8d5
fbe30e7b
fc01fed5
ff7ffd98
072f0286
06e0fcbd
f88403f5
f2310435
fdc903e4
fe4f013a
0156fe4f
00c8f6e6
fa1efb2a
fd8d0858
f9a502e6
0119fca7
fa9b0357
f26502a0
0387f6d3
02cefd41
0005003b
01d3f9ea
03340535
038d09fc
fb39ff2e
fe1f00b5
044c0b39
02de08be
032fff9e
0242fc4e
fcfb00df
f6bafc2c
f28afab2
faf105ca
04d6046a
02a5fc27
fee2007a
fb7f03cb
fe5af599
fec1fd71
f8deff75
f9cefb02
fd7c075f
0243f5f1
0359fb35
00cb02a2
fc05fb01
fd1e07c5
007500f5
f890fe43
f8d20135
017cfdc9
05cefe64
fb360175
fcb90033
0dafff45
fe43020f
f98dfe16
02a501cf
001bf9c5
07350078
03f40a14
f8bff8ea
f9830414
05c104e3
0266fb13
047d00cd
0b7dfcf7
fbe201f1
0069fd8e
fd31f563
f95cfdca
03f90125
f9780429
fbbd038d
03950858
03020992
0325f86b
03a40145
0050047b
fa3efcaf
ffff0433
0126fbe6
fc9cffe0
f975019d
f90a055e
fe110e67
fdb6fc32
fd69000d
000002d4
fd51fec5
00460103
05cbf207
ff3bfacd
043b02b2
07ddfcb5
f842fc30
ffc2f9be
0c42fef3
068bfb29
0a5a04eb
021f0883
f886f81f
00b50001
fa97025e
f81c0602
fc0fff89
017cf277
08c3fe61
070d01c2
09ad0499
0344fb17
ff83fc1d
02c6088e
009cff65
fdf5ffb8
0033fa64
04bffced
fdce0224
feb6f5eb
fcaff61a
00cb00ea
04b80506
fa8801d1
0289011d
002dff75
033c01dd
09fcfd08
feda01f0
fcbe069e
00a8f94d
015f0410
f95affc0
009bf68a
062e01c0
fcc204a0
01a10372
06b1fbc6
01b9026e
04030899
06470234
fd460213
fe64fee9
0343fcee
087aff6c
0248f9b2
f9b1fdb9
fdb00a04
f6a3fd68
fc9ef92f
fddb01c8
f6450072
f80605e6
fdc2051f
fc2e03ff
01be0493
007ef821
f971f682
ffb1ffc5
0582fb46
0396fe3e
041b0111
0455fdc7
05c7fa5e
03d3fc15
faa8ff59
f70f00c7
fe3ffea8
026efc03
032c012c
034efd08
ff7f01b6
07250109
0a62f5d2
038cfffc
031c025f
01c8fd9c
0207fc14
fa2efcdc
001c057f
0651065d
fdb502ba
0cbf0566
0414016e
fb7b01e3
1005087c
077cfe25
faceffda
f93c07aa
f52d035d
0306fe6b
0e4700df
00c80a8e
04160435
fce10235
f249fdef
0348fc3e
f80002df
fc14fbfb
09ef0499
039201de
ff180078
f6760a94
fe1404cb
fdc5076f
ff62ff74
0669fe7a
058e0514
09d0f9a8
03b3f9d5
f8a305e1
f8a9051c
074af6bf
01ceff0a
f8a80684
fe51fb1b
0023022e
057c0589
05e1f9ac
0619f902
01340372
ff9b0007
fcb0ffc9
fcf2064b
066ffff6
feb904da
ffe802b6
00b1003e
fb0803c7
fda3fd12
faa3fe82
f8f8f9d0
0500fa6d
0d2a02db
02d006a8
065700f4
077afd45
fd0dff93
ff21f11c
0092fb1a
fe980041
f9c9fb2c
fc0b053e
ffcbf8ec
fbb300a1
fe8c06c9
ff390108
fb4302a5
05d1f989
0c05043e
05660307
01aaf9fd
0247fba8
093efa40
009506a0
f9be033d
06f2fbdb
0aedfd21
f914fb8d
ef5f0067
037bfa35
01e10168
f5980522
001cf739
0b37ff18
fdba01b2
f4550265
075001f1
fb48fea4
fc8d02da
041c0051
f7a30698
05750072
f786f583
f2aafad5
0444ff41
0759fb75
066afa86
fb70fe5d
0055fb80
f9e407e9
f41aff1f
0450f9f1
00ed0b67
f94afe97
f9250022
fe560338
05c2fad4
01eafb05
fd9b02be
fc95050e
fe7efe5f
028a0622
002602c4
010e03a2
021bfe9d
02fffb86
02ba0550
fd28fb86
ff430444
fca80766
fe52fdc1
00d60457
fe0c0a77
023d01de
fd05f91f
02ef0036
054700a4
f9a5014d
fcf50391
ff3502e1
05d2f9e1
02aaf373
f877fe96
ffef04d2
ff2001ca
030efd72
06ef01f8
ff01010f
00dffdd7
fe60fdca
f9c900af
f8ff0483
fa71fe97
f9dbfaf0
0098f6e8
0a160029
f9ecfe0a
fb54fd89
04520388
fb9bf6a9
01660238
02f60135
fdd4ffa0
029d04db
ffa8f9e4
f4ce0340
ff340425
fc2a021b
f27706d5
fea3ffc9
fb59faf7
02440166
01f404d9
fad20602
05d40189
0294f646
fdd2ff50
fe10058b
ff640327
fd56043d
01c40817
04a0080d
fe6602a7
fc5203a6
ff44014b
ffb00449
fc350414
0bf801f6
0340fe33
fa43ff6b
00bc07a2
fbabfee9
0700f8f9
fe66f9e9
fc73fcd6
fcdef422
ff0af7fb
0403fe97
fc57faa9
0a4c0582
fa2af74c
fd62fc10
04ab0810
f94f03b6
06cf06cf
fba2f8a2
04f3fa58
07760080
fe9b04f9
04ce033b
f9c001a1
fe980b52
ff6603bb
fb53039f
fe08094b
00ad0074
01bbf42e
fda30012
01910338
05cdfd3f
043a03a3
0342f77e
01b0fa4e
f8e8fe6a
0104fe40
0756f836
fcb9f11e
fc0c078c
fb6d005c
0569f6b4
0abfff8b
0639fb8d
03e50311
f78c047b
f73ffffd
fb7002bc
f9fcfd04
fe06fef0
fdc2051f
fc2e03ff
01be0493
007ef821
f971f682
ffb1ffc5
0582fb46
0396fe3e
041b0111
0455fdc7
05c7fa5e
03d3fc15
faa8ff59
f70f00c7
fe3ffea8
026efc03
032c012c
034efd08
ff7f01b6
07250109
0a62f5d2
038cfffc
031c025f
01c8fd9c
0207fc14
fa2efcdc
001c057f
0651065d
fdb502ba
0cbf0566
0414016e
fb7b01e3
07f3043e
08a0005c
0859fa1a
044201b0
fcfefe06
fcd8feb1
ff2b0901
01440197
01ebfcb6
feab0294
fe0c00f5
02ebfd56
044107e3
0590ff36
fccffc2e
fee4078e
09c8fdb3
0393ff67
fcd3053d
00bb0790
061e0208
fb100312
f7fd06e8
fa57f8de
01acfe31
087f0161
fcc1f976
0219fba9
01440343
fd25ff8b
02a7f978
04d1fe3b
061f02d4
fe220552
fbcffa85
f966fe6d
01760036
087afd98
fff0049e
fe28f807
03d1f944
03adff80
f92601e2
01d80236
04e80126
fd570200
08dbfb8e
09d8036a
fe740231
fc280479
ff10046e
01b6f95a
08790435
0147fe53
fa3af766
0517010b
04d1f755
fcaef811
fe7a08b9
03aefe91
00e0fb40
fbec06cb
fe78010c
0605ff35
fce1fc00
f909f8e1
0506f9fc
0437fb7c
02bc01cf
fc4302ff
044e04bb
070f04fb
00860115
07dd0075
fc6808df
02d202f9
05e7f466
fe24fd10
00de0353
f59d0174
fc5200b1
02f7fda3
fc71faea
ff27fc1b
037bfff3
ff23ff46
fe0cffc7
01c902c7
fada01b0
f79afb96
fdba0592
fdf0075d
fa75fa9b
083b0450
06670342
fd81ff86
065d0000
ff0bff03
fec400bb
0401f450
0359fe23
ff20fde5
f866fad9
fb3900c4
ffd2efd7
02170410
03670930
0a85fd49
02de0840
feb90287
fefa0482
fbf5fdf1
02b4ff55
f86a01e4
fb58fcdd
ffca08e8
ffe00129
02090464
f9b20714
013b0269
fd97072f
035affef
08ac044e
fd3cfc93
0594f4af
fcc802b9
fbc903f1
0a820482
fc4b043e
f9d2f8cc
037afa0a
00ac024e
016f0363
fbd901c8
028dfeac
0c70035d
f7a9015d
f5bcffa5
05a107f5
fed8042a
ff7aff4f
0250033c
f4de059e
f7d602fa
fe900bb7
fb7b07f7
f139fc30
f07402b1
0833fbde
082df944
ffb3ff5b
fe6afacb
01ecf16e
035efbd8
f8b40838
0432fdcb
fff30442
fcc70527
043cffd1
ffb9fe17
03c7fd2c
fed80565
feaefdc0
f924f818
f938fb60
034afc9f
03c7f296
fe07f7b7
f86004f4
feb801c9
f907015a
fc25f62f
ff65f808
ffa4faba
fb7f04ec
f6e70f5b
0b34fb91
0900fbc3
0a80fe20
005d0336
f8dd0201
0693f592
fd0efded
004e02ec
ffdcfda3
0968f2d3
0298fdcf
fab30673
0798fc72
f7fd020f
ff580305
f8c501d9
f9390400
04b4fcfe
fb52fb24
0e7d01f1
06a90201
fb9dfb8a
ff02fc69
f79600b2
fa95fc5b
fc8200df
fb4bfd96
fa52f61e
ff2107a4
f965fe50
fbbbf94b
fbd901c7
f006f8b9
ff510617
0b070a20
09130233
f916fffd
f5e60578
029d0731
fd3cfe8f
07360235
07760168
01870927
0324073b
f95efcd6
033d01e5
02fffd24
f8930246
00b5087c
030d0336
035f0335
071cfef6
0577010d
05c204b9
03faf9be
fa15ff7b
f8ad0575
f9dffe7a
011104ca
0ab80203
03620004
059302f8
069e03aa
fb310266
fef4fa6d
ff63ff66
f9770346
031efcf7
ff39facc
f8f4ffb0
fe3df9c2
f636f8c7
0364ff5d
06f5fb03
fc3902cf
0736fde1
003af959
fce70495
fa94ff3f
f98efcaf
07f3043e
08a0005c
0859fa1a
044201b0
fcfefe06
fcd8feb1
ff2b0901
01440197
01ebfcb6
feab0294
fe0c00f5
02ebfd56
044107e3
0590ff36
fccffc2e
fee4078e
09c8fdb3
0393ff67
fcd3053d
00bb0790
061e0208
fb100312
f7fd06e8
fa57f8de
01acfe31
087f0161
fcc1f976
0219fba9
01440343
fd25ff8b
02a7f978
04d1fe3b
0200ff4b
fc89fdc7
fa83f84a
06f500e8
fd28fe68
0a49fa2d
fe2cf433
fede01a9
08dcfe06
fbf1f336
068902ee
fd2f021e
fb4600fc
021b0013
06e70859
02aa0333
fd98f2f2
0cd10597
fe720ab4
0120015d
059dfad1
f88ff885
005901b6
f97805cf
fa9802f3
01e30694
001309e0
03f200ac
fee501c2
fd78067f
00930608
fdf00016
ff0dfe96
fea50552
0106f9c6
05d4fbad
fc710a49
f9d9fe94
03c2f9d9
01ff0560
0011fc31
0140fe39
fed105c0
006ffd63
ff54047f
036f0077
07830783
013b08d6
fb48fc1e
f89c08f0
021efcd5
017afb2b
0112064f
07560322
fb8601c7
001dfcf8
0063ff66
f66ffb10
03700355
0863fe19
ffe2fa04
fbf5060c
f823f8a5
fe790180
0d12014b
03ff0043
fcef07b2
021af927
ffea0085
fe81fca2
fb1bf96f
0725fd34
0b07f646
ffa1fce6
fef800c3
f86e013b
fc92fa91
0b7af8e3
06aef7c2
0182f690
005a03b6
f2330487
fc76ff9d
0a0306dd
00300b5a
01bc0241
03470287
095e00bb
04befc42
fb43006a
04ddfd81
0250fe0b
0440f7e8
02b6f9c5
fef5f923
0cb8fac1
04f3043e
fc8ffc56
fb6b0692
f57304c0
05f5050f
06c10a26
0099fd22
06bf006b
fc23002f
fc6505d8
fb2f0278
f7e10355
fa9e03bf
f993f730
03fcfcd7
0653f63f
0399046c
039d0b1d
02b2fa1a
faa3041e
fab90539
fff5011f
fc0b0521
078dfcc5
fc58f136
f39ff955
0523fe07
021cf944
fe84f918
0265fedf
012608a5
f957016f
f858ff4b
f9e602fe
024d027a
0977019a
fb98ff1a
fcb5f9f5
03c9f445
feb9015a
fb680595
fcab01a5
fdc0010c
045901f4
067c0883
fc5a047e
fdf304c8
fd6b0674
fbbff992
fb25f253
fd5c02f6
02db06f3
fcb701c1
fa63035c
f990fbf5
ff9f02eb
018e0616
005603f9
017afdd1
fa82f7f5
fe62ffe6
00e4fe6e
fe53feb9
fd4cfcb1
ff89fbc2
fd1b03de
fe2c0def
044a06ed
fb43fd69
fcb90121
003cf9a5
0322015e
02850052
fa52fadd
040cff94
0696fab8
fc3903ed
fab300bc
0285fca9
020efddf
01b8fce2
042b07ae
004203e5
06fbfe94
0423068f
fb250890
fb68017a
fc5bff2b
fe5eff81
fe9cfad4
fd5cf922
faa8ff89
ff38ff05
fdb2ffe5
f74c033e
fb62f815
fb6afd4b
fe07031a
0096fbef
fb8aff5d
fbba0560
017806d2
032a0017
fbdcfaa6
fe05ffa3
00a80170
f83ef8c2
fb4304f8
fefd0736
06f2fbae
04bf02d0
f26bfda4
fafefece
018cfbea
fd2102ac
fc4609ad
fa8301f3
059208f8
02bef8e3
f900f94c
051b01e1
06c604b9
fde8039c
058af604
046d0793
034605c3
09a1fe24
0354fe83
04f3fe96
0735062b
05cafcfe
0247ffd5
004af8d0
0224f1e4
f85e027e
fc5602da
0a98f8d2
02a9fefc
f89efc5f
02fef2d7
fedbfe37
f9f60044
03e2ff6c
fe15fe19
ff670293
031308a5
02cffee0
069e031e
0563fd01
f53efdd9
f7ea061d
0e23f921
fee6030f
01c90a13
0b95fe5c
002a0130
fec60265
fe140678
fdc303fd
f606f5bc
0200ff4b
fc89fdc7
fa83f84a
06f500e8
fd28fe68
0a49fa2d
fe2cf433
fede01a9
08dcfe06
fbf1f336
068902ee
fd2f021e
fb4600fc
021b0013
06e70859
02aa0333
fd98f2f2
0cd10597
fe720ab4
0120015d
059dfad1
f88ff885
005901b6
f97805cf
fa9802f3
01e30694
001309e0
03f200ac
fee501c2
fd78067f
00930608
fdf00016
fc16f68d
fe8cfb20
fe6004dd
fee1fb55
fd65fd69
0603fddb
0510f662
0053027c
061df802
f94df8a1
fb67044c
09c2ff8e
fd9b0a74
028b033a
024bfd7c
fad9018b
0058fd06
fff1fece
05c805db
ffa30d4b
004bfd8b
fff4f9c6
000203f2
0a6507b4
fdc4033c
fd6af885
00f30609
03b106a1
fd15007a
f56bfe16
ffc3fa4b
fc09014d
08f3021f
040c0523
f9100059
ff720748
fbb8097c
05fdf90b
0377fd37
08affd12
07fafc26
fe510797
03ca0786
ff4403ff
010b0bab
fed40415
0494f846
0327ff32
038d05ae
08f30445
faddff77
02a00086
f837fddd
f27802cb
02b6041a
ffc60033
02510412
0141fd7f
0283fea9
0337fc58
046c0058
00a40336
faf3fb07
044efeae
f9ac008d
faa5032b
0095fca8
f3f1f98d
04a6fa91
06a9fe49
f3dbf7a0
00a3f31e
01ac0801
fd5a0134
0833ff45
025e0246
0139ff6e
f8180340
f50fffd0
0a75041d
0318fb68
fdd4fad5
08b2fd71
0657007c
03820465
00ebfdc4
042800a0
080b02e9
03420346
ffc9fa61
ff31062f
013f0193
01a0eef7
00ebfeb4
078dfc0c
07dd00d6
fe960000
fa5cf896
ff55046e
04fafdee
03d3fe31
020606b5
fbc101fb
fd550163
0074098c
fa550562
fd79fe0c
fd8efe31
04adff93
0692fbf9
fd6df591
0673f8fe
023ef987
fa8efa9a
0108fb95
f907012f
f289059d
0170ff86
074b0014
fdddff7f
fdd8fd9c
fecffdfe
035c041d
059a0123
fbb7ffdb
f6d10587
fcca0034
034d045c
fb6eff8d
fcbafca8
05f9013a
00010341
fdda0dad
fb7a02fe
fc7b0133
07dc0800
035df833
fab900a6
ffa70748
03b1fadd
0153fd6c
fcedf7de
fc030073
fa2b0390
ff7cfa52
099503aa
02ba010f
fad8035e
fbfff9d6
025d0263
075408b9
fed3f0ce
f0750832
f83809e4
04aeffba
fb240515
033900fb
ff1d0642
f5e0fa9b
fa27fc71
effb00b5
06c8fca1
00b4001c
f1d40193
06b20436
f951009d
fd56f8dc
05c3fb0c
fe1b05cb
011efeab
0605004c
02fe027c
f631f74a
0464fd21
07fc071f
fe190430
ff73fb52
fe890601
02f7fc5a
ffeff723
fea30e35
f8540538
f3a1fd3f
fa42fff8
fdbcffd7
027afd9a
02fef86b
0524fe96
07b20595
043500f3
fe12ff52
fce7fdfc
fb04f58d
fd6500f0
02b200fb
fb33f6a2
ff9af9ee
000f006f
f46703f8
f6220277
ff560b72
fefb0232
fe2900d2
0662076f
fa1aff95
f949fbc5
0342f5ec
fe9b0328
02bd01f0
00dcfdfa
0104055b
fdf9030a
fddaff37
0798f96e
09730270
08b1ff88
f80800f4
f9850379
0cc6fee1
064bff92
fca1f936
fc0d045e
fa1b0026
fca3fdcb
000005a8
fd8b014f
04dc0308
0898fbd0
049bfa30
05c1f8a3
01d0fc39
ff9f020e
fff4fc2b
07090340
0937083a
ff0802b4
fc2e00ed
fd1002d6
feec01da
f8f90483
fac20579
078003f8
034801df
022cf727
034ff8fc
fee90216
01f008c3
05cf056c
079ffa22
fef0ff68
fd93fed7
03d5f604
fbf4faec
ff42ff38
000efb40
f6abf9ac
fc16f68d
fe8cfb20
fe6004dd
fee1fb55
fd65fd69
0603fddb
0510f662
0053027c
061df802
f94df8a1
fb67044c
09c2ff8e
fd9b0a74
028b033a
024bfd7c
fad9018b
0058fd06
fff1fece
05c805db
ffa30d4b
004bfd8b
fff4f9c6
000203f2
0a6507b4
fdc4033c
fd6af885
00f30609
03b106a1
fd15007a
f56bfe16
ffc3fa4b
fc09014d
fd54fa42
0537f26a
016dfc05
ff73fae1
004ef9c4
fc0505b7
fe90050a
04960837
003003da
fe0dfe0e
0055f86a
0321018e
0524027c
fcf2f90b
fd6b0280
0437feda
043507e2
015c0888
ff790453
03720723
02fdfa07
00fb034c
00adff10
034df69e
0b6bfe7c
08b2f50d
f9b7f1fe
f8ad02f3
01b40548
07aef8ec
056c030d
fb5103e7
034b02d4
fe430677
f744fb43
ff6c015f
f7870333
f9b401bc
fc020117
0699fabd
0b9bfdc7
fcadfa93
ff31f953
fe820154
052b0821
0d3ffece
fe6ff8b7
01c400c6
0fcf00a2
f8f70627
f5640081
0c8cface
020d036f
f880fdb3
f35ffee8
fa8bfa39
087dfa92
00b60897
fa76fe26
fdc10496
03bd0b9b
fc7efb9c
007efc66
09540358
09be0042
0736f3fa
f9fdfbca
fa5d05b8
fbb300a2
006d0609
0662fefe
05fdfd6b
066e07aa
fd4a08a3
016c073e
0971046e
feae043c
fe64fddd
083e0401
029108b4
00bdf9e5
00fbffe5
01930110
fddcf62d
fc20fc60
0846ff59
fa7100a8
fbe2fb69
0382f607
01fcff93
0c1cfcac
fcd5f9d6
fcf90325
065707fb
04350103
fc37fddb
fbc20389
048bfcaf
fa9cfe65
ff50fba9
0014fb65
fc590475
ffa7fd1a
fec406c8
03690129
022dfa28
01680610
fd0b00f8
fd580328
ffd9fe90
04c1ff45
075e060b
fc6a017e
fc20fd38
fe11f594
fcf4fa89
027c028b
03c904ab
f7950295
fb10ffe5
f8f8ff82
f2eb01de
0dbe02cf
0959ffd5
008004a3
076503f0
fcb5038b
0013004c
02acfd42
01230177
026bfde9
0364f7e8
00c1fdda
f95d07b5
fb3ef8b4
fa4bffdd
fe4c03cb
0255fa8f
f61208ca
fd4af762
060cfa53
fa73fe75
01ecf976
01a60512
f5f7f8e0
fe80fd6c
ffd6fa28
fbd10288
fc6d07d7
fac6f924
ff0101bf
fd01f803
f967fa42
01540284
ffc905b6
02710536
002efeb4
f808077b
fdb7fe14
f56e00d0
fe1f0cba
012d030b
f82efc9b
04b70551
fd1e0042
fc50f9ec
03e20988
04510012
00e401e0
f943045e
fd13f916
fd0802be
ff940071
010e0745
fb70fd8f
f9d8f3f1
02050645
ff57fdc9
fa6bff37
0307066e
fa9701e9
fdbd0338
06f2fd71
010f00e0
fe57ff1a
fc71f883
fc2bff22
fa17fe2d
fc6c018a
04b204ac
04dd0142
f65d003a
f916f742
04a1f889
031b04ce
045507d5
03070080
0368048d
ff1506c8
017afd78
020ffe01
fc0af58f
00c8fb9d
05c40332
0c7fff5f
04e403dc
ffa9ff81
ff96058e
ff6ffcdd
0345f62f
008afb40
032ff9e4
008cfdeb
0061f1e5
fe89fd65
fcd7057b
ff540244
ff700a12
055a0183
03a3030e
fdb0f98b
f9e1f6e4
00be026c
00d4fcda
0000fde1
043503a1
00c2ffe7
067bf7b8
05d60067
040405d6
fc95fd18
ff1fff07
0b100880
065f02ca
0303fc28
faeb09b0
fd340a7d
03c9fff6
0312fc88
f8db0913
f76a0b68
fda6fe25
f6550098
0227ff86
ff2103f5
fedc031b
020e01e1
f57efecd
03dbf3db
fbb90394
f8bf02b6
05a5f9a3
f874042c
fdfe0a5a
04eb00b2
fa44f9d0
fd54fa42
0537f26a
016dfc05
ff73fae1
004ef9c4
fc0505b7
fe90050a
04960837
003003da
fe0dfe0e
0055f86a
0321018e
0524027c
fcf2f90b
fd6b0280
0437feda
043507e2
015c0888
ff790453
03720723
02fdfa07
00fb034c
00adff10
034df69e
0b6bfe7c
08b2f50d
f9b7f1fe
f8ad02f3
01b40548
07aef8ec
056c030d
fb5103e7
fe3e0689
fdf70e60
02de00aa
022bf958
fd1300b9
fdb103ce
fd7afbe6
010efb0e
090d09a6
02c3fc5f
fcc2f9cf
0781ffdb
0369f7f2
00a4020a
035dfef8
02a0021a
098000fd
ff30fc6e
faf90322
fca1fb12
f60103a2
fe52044a
0286fc2d
fd08fdd1
0469f982
0ca2f9c8
00b5fbeb
fd6503c4
041e02a5
0071f855
fb4afe96
02a6077c
0f5004f3
038701ac
fc3802fc
018c075b
ff4c046a
0252f8cd
0a2ef224
093cfa7c
006605f0
0060fed2
f989fdd3
f9ab025a
fd490032
fb2a0036
0793fb25
0624ffed
030d026d
0002fda2
fb9f00ad
fde601d0
f86cff51
fe990150
0417ffb5
fde2fbb0
f985fe2c
fc5dfca0
ffa905fb
01f702bc
02cefda3
fcb208cc
014700b6
08e401f2
023e0831
fd8106ba
0771f9c5
0415fe94
fe6c09af
0b5dfbcc
03550668
f5d6fb5b
fde0f7b8
ff3b020e
fac0fa74
04d0037f
02ebfb39
f7990569
fc5903b4
016efc74
041d0500
0138f789
fcb70725
fb7507d5
002c037d
01cc061f
008cfd34
06a805de
fd11fce6
fac8ff2d
00380435
003ef8be
05c6fbdb
ffee022d
fc5c01c1
0134f8df
fa58fde1
f996017f
03f6fc6d
f4d8010a
f516035a
01da0411
ff530063
0acefcbb
00a7fc5f
028706ad
0bd304af
fd31f5d9
0225074d
02740b99
fb97008e
018e0395
0470046b
fa16029a
006dfbb5
060803ad
fdf30131
04c3f7db
0006fe59
feb2fd6f
fdfefbfa
f67cf903
ff7afd4c
0174fd17
fc64f94f
077bfeb1
0a8001e7
fe3f0296
04960089
07810316
0180fa0c
fcc4f7ea
fee0fed0
02d4033a
01bf00c2
08c4f948
fa90047d
f678f7f1
fbc8f911
f6ca0260
f99df71e
f829010f
00f0fc7b
0746fc41
02beff03
f9ae0080
014502da
0178fae0
fdb5012c
02850235
f4020312
043fff69
ff5eff95
fb71fc6d
0a7df736
fbbd0390
037400e8
fd5c0193
01d902c1
0369034a
f65807c7
0079044d
faf7048b
fc430536
fa48fe85
02e8f586
09a70304
f9fb0463
fd85f857
fe9ffb22
fbf2028e
fb1e0bf5
f87e0162
fe5dfdad
00a100ab
fab1ff94
fd310467
fe81fd72
0450ffdc
071cfc81
fbe8f632
022c09a5
ff3b0beb
fb840331
0356049d
0721fdbe
0769062e
fc440753
f951f9cf
02abfb91
0ac9fcae
fb900b8a
00960a31
0363fe84
f13602e7
0756fc2b
010a0574
f6e5026b
ffe4fa96
fa310bb9
008309cd
febf0170
fd99f9db
f93af870
fb0bfdd6
fd8af4df
f9fdf6dd
ff7efdea
f821fb00
f9fafcec
ff30fb77
fa2dfff8
fa49096c
05b40098
0846f597
fb81fbf2
fd28fe5b
fb59fae7
fd090a5d
09100a4f
010ffb26
f563fb48
fb55f6a9
fe56f71e
00000389
06f4070e
fd58fc82
0243012d
0da50803
07800004
034505ed
fa0c0314
ff6f0103
051b0342
0223fa6b
05fafdf5
036f0208
052a04a4
009801cb
00b9f890
03cefa6a
fea5fcf2
09fd0000
fe4b0306
ef45fc8d
0203021e
03110790
001afe3b
07270195
03c9ff69
04aefadd
fd4200a6
f76effb9
05b90048
0437ff76
fc3bfd20
fe3e0689
fdf70e60
02de00aa
022bf958
fd1300b9
fdb103ce
fd7afbe6
010efb0e
090d09a6
02c3fc5f
fcc2f9cf
0781ffdb
0369f7f2
00a4020a
035dfef8
02a0021a
098000fd
ff30fc6e
faf90322
fca1fb12
f60103a2
fe52044a
0286fc2d
fd08fdd1
0469f982
0ca2f9c8
00b5fbeb
fd6503c4
041e02a5
0071f855
fb4afe96
02a6077c
081b049f
fcc3fc9e
f91efc6d
fff403bf
feff06a4
fa1f07c2
024900d3
fb950390
00940084
028c0007
0090035f
0732fabb
f09efe21
ff41026d
0be5fa9d
f99dfae8
06640493
06270296
f4adfcb0
f736fffa
fe080488
022ffeff
014ffd75
fd56ff52
07ddf633
0198fa0d
fe75f8c3
06b9fbe9
02a402e6
0337f2a5
05a0f373
0f3afc15
fceefc77
fcb5feb8
0a4a0807
ff4206fe
06c0f9b2
f86afaed
ffa1ff2a
082c0435
f6b9fff3
f86bff70
fa55040b
026d0063
fbe9ffa2
035cfd3e
085b0615
01430262
0567f5ba
0150fdc4
03df0509
fa220368
fde30883
ff6e0fc4
fd2b076d
0b46fd25
0540f7ef
0570ffa2
003e00f3
feb1f970
06c001bf
0205fc81
00f3fe82
fe4b0a33
fcf70009
01560046
082504cf
060ef80f
00b8fd88
fd7d0627
0012fe49
08acfd0d
fe64fbb1
fa5902ef
02bafc98
f831ff51
f6980d1b
048df97d
fd500131
02220467
0debfe30
fe070e29
01230318
0055fc52
f507003d
fd73fbb0
0083f79e
055dfba5
012c020e
fefffda9
072afb39
0568fc86
02ecfeae
f603017b
faaf0477
06090517
ff4b05a8
fe9803bf
f7c5ff52
fc410179
ffb4040c
017003f4
08350315
f67c003d
f94efb15
0447017d
00fa0702
0031023d
fcd7054e
fda808c5
f9490714
ff60ff15
012cfb6d
f7c3fefd
fcd602be
ffc6021b
04e40218
0b3e069a
04a8fe7d
00dffe20
01cafc2b
f9faf5a7
fe1ffd85
019bf820
fad9f7ed
0212014e
006dff42
0161ff61
0773ff9f
ff6a0092
f72703dc
fc6bfcd1
0590fc29
ffa603f1
0af9067e
078f0780
ecdaf6de
f921f629
019805ea
f898fce6
fe9afdaa
010efcfc
fc0ef742
03010284
062aff41
fd80fd6b
008a013f
ff50f9cf
fb32fd5b
0085fceb
0447f8de
015cfb44
fae5fd48
029206de
073f02bb
ff61fec3
f887014e
fc81fb5e
06b0fdeb
fe8104b5
fd6a065d
fd70fc08
f6acf805
ff67faa5
ffdbfea6
ff73024c
012cfdd2
043206fc
013105ba
f9d3ffde
fff9fd02
fe3cf42a
ff4ffdae
f8e502c5
fe7c016e
07c4fe3d
f903f9f6
05fdfff6
018d02e9
f75203a8
00ccfe57
fbc8fd0b
03800a7c
011c0640
f930fbae
fab001de
faf30a14
fed70adb
fe46fb3e
fb1c0077
fa2d06ca
f9e1ff5c
f64f0709
fd0cfdb5
05f206cd
0497064c
0217fbf9
0412058c
0534fb20
fcf00127
fb35f871
0376f9c5
038c05d7
fc95f94b
032e01db
0170018f
f6ea046c
fd3f03e9
04a403a4
040409c6
fd0601bb
03c5ff5d
00d3fc58
fb000174
0271000e
fcfe027e
05bbfc53
0709f55c
fee8029e
0111ff53
0021fefa
010af58b
01bafb64
f703039a
f839fd2c
10f5079c
00eafcfd
f6e30253
0254074e
f7affeb6
f7c60244
f974fa4d
05d002c2
06ee060c
044afeee
fdb1fca4
f853faa1
0f660362
07040152
01bcfc18
033efe43
fd1c0184
025f00ed
fc8cfbcc
fd59f896
034bf747
0574fe8b
02c300a4
016e0215
fea603bc
02ec020a
fff90a9c
fb49013a
0935fb0a
ff0a02d4
ff6a022d
081b049f
fcc3fc9e
f91efc6d
fff403bf
feff06a4
fa1f07c2
024900d3
fb950390
00940084
028c0007
0090035f
0732fabb
f09efe21
ff41026d
0be5fa9d
f99dfae8
06640493
06270296
f4adfcb0
f736fffa
fe080488
022ffeff
014ffd75
fd56ff52
07ddf633
0198fa0d
fe75f8c3
06b9fbe9
02a402e6
0337f2a5
05a0f373
0f3afc15
0912001f
0644fa0a
fd37fb34
0225fd88
0067fd0f
f16af8ce
fcfb0327
fcba0ca7
ffe1fabe
074bfe91
0084fff7
016904c8
f4c30aba
ff960141
09490696
faccfd6f
f996fe88
fc3a062a
ff2efcbe
fff6fbbc
f917fcd4
f9720275
09d40b5b
007103e8
010c002c
075f07f3
f77c03df
08c40577
0494fde9
fd7ffb75
04b1ff4c
fe0bf531
056a021f
ffcf03eb
015df9bc
fd19fa05
fb40fe9e
0a4ff8b3
04f0f6c0
05040b36
0228050e
fe49fced
fc72ff0f
fba9045b
065901fa
0361f90f
fe12ff54
01c4fa8f
08fb0346
0a1c0756
0199008d
ff21fb81
01c1fd95
ff2308c8
fe22ffcb
0258047f
ffb2fcc7
03acf802
066602a7
ffd5f7ba
027afe90
fe7b0579
ffa400d6
03da0053
ff96075d
04190512
faacfac6
f94bf731
04eef4d6
02550835
012505c0
fe9ef89d
04570b73
fe790807
fac2f93d
04e3f85e
fabdf59c
fb02ff82
fb56077a
05510197
0a5a02fe
fd610125
07bbfa93
02260039
fe7e0609
ff0dfeb8
027100a8
078f03e9
fab7fefe
07e2023e
0541fbe3
03d2ffa1
0c49011f
fa2dfe22
fd4e07c5
0207f78c
fd2cf6cf
fe240227
ffc80324
fc5506ec
fcc8fb1a
01e702a9
fd470764
0163faeb
028e02ea
fbe00384
fa84066f
fe360cdf
0109fccf
0077f60b
ff09fb9b
fbdd02a3
f77500a6
f504fa1d
04c5ff66
00d4ff04
f7610697
0543ffff
023af25f
ff2e006f
012f0201
05d600ac
ff8504f0
ffb701a9
0b1c0165
fc32002d
01cdfd45
099a01c9
ff6a041f
fb3afee9
fc06f61f
010cf248
038e0064
095dfb89
fedcfd04
ffbc0372
05a4f566
fb8501b7
fea300b1
fd60fe3e
fdf60a7c
f8f10811
f61d01a0
fe3cfbac
f5c2ff4c
f59ffe6d
ff8f03ae
001d0310
02a5fcce
03fdff06
fe5c036f
000c0232
fe5cfb14
fe4506ab
03710120
fca000c4
fa6701f8
fcc7faf7
008906a5
fb04feb7
f92c0389
01610576
f7f40240
f92a03f8
033cfcac
025006d1
f8f10277
f30b00e0
fd370344
029cfbec
0711ff3f
099701ed
fb1ffd44
f7f9fc81
00890371
f787fddc
fed9fdba
0423ff14
f272f3cf
fb19f649
fd820499
fe440540
0803fbfc
fc59f963
fca3fcc5
08120308
014efb21
f702f8e6
03a0f86a
0683f8e3
fd4a0686
fb5d03a6
f7ee055d
010102ae
01d30048
04e80378
0a980041
0611077c
04c205c5
fe3d04ec
03cb0212
ff61fffc
fb40ffbe
020bf836
f70efb1c
ffba02f7
04c300fa
f838f8a3
fafe04d7
ffe8fc99
04a7f311
ff4a0538
ff60fe95
0cf906d6
086e07b5
fc2ef906
fc380419
09e30091
029efec7
f6c002ce
07fd0008
04fa0374
fd2c04a3
020006ba
09e60389
0bb904d4
fdf40268
ffc8f884
f798fd6c
fd4df844
0825fd2f
f5960857
fbbb026c
035b06a3
02df0025
00caf895
02a3fc5e
0791fcb6
fd6afb0e
0248fb1a
065ffe5a
feb2fd98
fbf701a3
01e702c3
fe1b0754
fb4d0902
02d7ffd9
fdebfdb7
00d3facb
fa1dfcaf
fc9d0079
06a7ff66
fd30fcf1
fef1ff6f
fa53fd90
fd1efbea
0912001f
0644fa0a
fd37fb34
0225fd88
0067fd0f
f16af8ce
fcfb0327
fcba0ca7
ffe1fabe
074bfe91
0084fff7
016904c8
f4c30aba
ff960141
09490696
faccfd6f
f996fe88
fc3a062a
ff2efcbe
fff6fbbc
f917fcd4
f9720275
09d40b5b
007103e8
010c002c
075f07f3
f77c03df
08c40577
0494fde9
fd7ffb75
04b1ff4c
fe0bf531
063eff2c
02af0798
02dc09db
00cd054b
016d0287
02cd019d
002504b0
0819fe2a
03b2fedf
0048046e
f58d0879
f492fbf2
0243f14e
00fc05fd
fd5ef9f9
f875f427
021000e7
0392fbc9
fb25061b
fed80321
0213fb7b
fe4101dd
fb3b0546
00140422
012201ef
072effac
02910000
fbdc06d3
059502b5
05f7fd30
ff7e0071
026902d8
04b50389
fd14089d
fc4101f1
fdeef831
0998fd91
066ef8f5
f8d1fe32
01f701f7
00e30332
013308b2
fc81fdab
fc630252
00dd018c
fb59fcb6
ff93001f
fe960368
025e01d9
0446f465
0cd6fd99
0ced0188
00d1fe39
fd84f88f
f9a4eed4
065ffee9
01fdfcf4
fe99f8b3
03c4047e
0164fbb6
09a1fb85
04fc0724
fd63030c
fc3102c7
036a0096
fab8fc3c
f73e03e2
0a390089
091f00c7
05db00a6
0128fc2d
01defaa5
04e3fa0a
038702ad
04aafd1c
fded0328
ff68062a
ff9fff9f
004004f3
063bf8e8
0282fbd5
ff57fa0d
02a6fa37
00fa059d
04fdf6db
08c40144
fb430a62
fe770188
00ee0576
faeaffcc
0487019f
fe7502d2
f86af5fe
ff1df9b5
016001a2
00f8fcc3
f839ff4b
f9470161
0148fb8f
00ad03a1
03cc0859
05390592
013c0da1
f94a03df
f599fde3
f8b5097f
fb9d03f0
fce1043e
00730233
0607fc14
fdbafcc3
02c7fc21
fe60064c
f4f8008b
03e9f726
f6b2fd9d
fb470451
ffcdff5b
fa99f7b0
07890026
fd84fd84
0b7e014c
03c406db
f136f6f0
013ff332
fb0afb53
0105064e
09910328
fc96fb2c
f8a505e2
fe08059e
fcd7f8fe
fc20018f
00050a32
040d025e
04af0150
ff0401e8
04d804e0
0210034e
ff8bfcfa
04e7fd2e
ff5d002d
02ae0323
03c8fd14
fa5afc71
fa23fbb2
005bf9df
fe8300d9
05e10924
071f077b
fc01fe83
fc0b01a1
f9d2026f
fa7f0794
feafff35
04ecfd2f
00fd0731
fcf4f447
fd12013a
f53c043a
f9e1f839
fdc505cb
fb6dffa3
fb6bf86c
0678f496
f9ecfe12
f7da0512
10d5068a
f897fef5
f424f22d
04490710
029b03a8
0336f8c4
0482fafa
01cbfbc8
f31808fa
020c01fb
0304f7b5
f9b70191
00cf08f7
fe2efcbb
013b0005
ff4904cc
027cfbea
f76d0392
f7bf014e
054dffc1
013200f2
03b3020a
fd2a01b8
0086fb1a
fce2fc69
f9c2fc96
025f023d
faccfedb
043a04fe
01450a33
f85bff08
03e70269
fd4c0187
fcbe072f
055d025b
0259fae8
0304ff69
fecdf990
06e9003b
088700ac
f99dfe96
03e8fb83
ffb9fb41
fde60579
0714fb21
ff50fd1d
05b50151
03ebf7b4
fefcfa68
fecefdd3
fefd0264
051efccf
fdeaf59b
fd24f879
fd4ffac2
f7c0045b
035d0928
0ed907c7
06b901ad
fa3bfbde
0079fcf8
06d3fa70
f8d1feb9
f5d10412
00e10467
0145fdf5
fc040280
fe3c057b
033ff469
fd6a02a6
fc2e03f3
0253fae9
0253059c
000afb88
01410094
fb620220
f8280099
04180425
fa84006f
f6750786
f83c0339
f7c2059e
0cf7fea4
0702f8a2
024f0368
049efc41
fe33fd0c
028200e4
036afd7e
063eff2c
02af0798
02dc09db
00cd054b
016d0287
02cd019d
002504b0
0819fe2a
03b2fedf
0048046e
f58d0879
f492fbf2
0243f14e
00fc05fd
fd5ef9f9
f875f427
021000e7
0392fbc9
fb25061b
fed80321
0213fb7b
fe4101dd
fb3b0546
00140422
012201ef
072effac
02910000
fbdc06d3
059502b5
05f7fd30
ff7e0071
026902d8
f91ff9b5
fcdd06d7
06c20472
0241fe06
fdecfb15
05c1ff97
0443fee8
fe5cfcc4
0248006e
03e6ff7a
04f2043f
ff7c04a5
fd1900f7
05b30510
ff9f01d4
f9f1ffd9
ff9902d5
005cf923
fd55fbab
fe72051b
015a01b9
fe4a03da
066cfb2d
0718f610
fe770143
069c03eb
006efed3
fcc8feb0
03110317
fd6ffc9c
004efee7
078203ee
0296f8ee
f82bf880
fe7c0498
00a60333
0015feed
0b1b062c
0543fb6d
0058f909
02830424
04cefe41
fadafbe2
f6d4fc85
04d60070
f6ab0013
fa7e0556
0a1c0d80
ff5700aa
fe1bff56
ff69020e
04ddfd97
02760080
fc39fadb
0053f3f5
0213f6f0
01a0007d
fcb50788
03ee01cc
0793ff24
05b6ff79
035fff9f
f7f4017a
00acff66
004b05f3
f9c7061f
04a5fcec
fc82fadd
fb660009
063f0589
059c0372
032a00df
f8ecfc72
fdac0080
060405e8
fea004b2
029902f6
0142fe93
fc97fcdf
fcf3fd85
fb840187
fb1af5b9
fb35f69c
07ed0693
04ac04e4
fb900061
ff12fc36
fae606f3
fe4d0051
fcd3f629
fab1017d
fff800bd
01d503e4
00f206b4
fdc80335
03d8ffcd
043e02d4
0293fb5b
0466fa6f
05f507ad
017400e5
f9cb0309
0554fc98
03d6fada
fc7c06ac
ffe6fcec
fce5fa6b
fa4bfeae
fcdefb1f
085afe9a
081d0888
07cbfdc8
ff71fba9
f16ffde6
0095f954
00a20673
fa26ffb1
fef8fb66
fff1ffb6
03fffe3d
ff55fa9b
feb8f86a
01610686
fdf801ec
02af03cc
046407ba
fb44f555
02c7fc81
057707b5
fc9904af
08f1ff3b
0832f753
066e027a
06b1084b
059e05df
112d0625
fb72fb90
f57100be
0285fd11
fb9bfa83
ffa5ffe0
0175ff09
04d60a2d
fd44ffde
f6ad04ff
ffff050f
f984f909
f99e00f2
fcd3fa5c
fe3c02fa
01520298
fafdfae0
ffbbff90
00b5099a
f8200b4d
fd4ffbd1
00c40016
f895fec0
f7e5fb24
fad9fcfa
f7c2fe96
02e6fca4
0af4fd76
fcd8018d
fc32fdbb
00640195
fa92f7fa
fd550444
fd7d06ed
fabefc4e
faa70847
fa640502
fd520171
ff4bf511
fef40021
00e7fc7f
06bbf4ae
03f4fefe
007bef81
0354ff46
fe30008d
fb0bfd91
fc09fdcf
f89bfbd4
fd0807bd
04a3ff0a
f8810565
f448022f
ffe5048c
02fb0379
0387fd98
f40e09b6
f8a303f3
07640011
f829fc74
ff5603be
038bffc6
0276fe6d
07b403cb
ed9bfbbe
ed8d0538
019d020c
ffdf03dc
0a110675
0669038e
f6fd0174
0519f868
fc9bff34
f4c2fc4d
0a7ffc0b
ffd8070a
fa53fee6
01aef81a
ffe507d2
022602d0
fef7fbc0
04ac02dc
0879f829
08630189
0564033e
03ccff0f
02e4ffe6
029ff635
0b940482
fe960b50
fea6089a
0664ff8b
0793f6ec
08a10115
f5f50005
00a8fb3a
fe65fc03
f7b8fbec
05c4f847
fe79f6cd
00f2ff51
f4e202f6
f936fccb
02e5fbae
f7c8ffa9
08a103af
0530fd55
0036f65d
04c70811
02560a2e
05b600f3
010c072e
0361fe71
fb2ff92a
fff1fe52
0ba4015d
fd41063b
ffe7015f
0026041b
f95d09df
fd2afa87
f91ff9b5
fcdd06d7
06c20472
0241fe06
fdecfb15
05c1ff97
0443fee8
fe5cfcc4
0248006e
03e6ff7a
04f2043f
ff7c04a5
fd1900f7
05b30510
ff9f01d4
f9f1ffd9
ff9902d5
005cf923
fd55fbab
fe72051b
015a01b9
fe4a03da
066cfb2d
0718f610
fe770143
069c03eb
006efed3
fcc8feb0
03110317
fd6ffc9c
004efee7
078203ee
000d06e6
fecafbb0
072afd53
ff62ff8f
f79d0006
f9a2ffe3
f740ff0a
03dc091e
0b9705c5
049b0584
ff1eff86
02e3fd52
feae0931
f88405e2
02fffe5a
01b4f98b
0319fbde
01f202dd
02300259
0830fadc
ff6600e7
09290ccf
0836058f
043201ce
0c9dff54
046afc68
04210278
ffe90056
ffa7fe1d
0118fa97
fbd2f8bf
0327fdfa
fda3fe96
ffbbfbba
0620f81d
fc170289
01f805db
00a4034b
f92103eb
0089f4b2
ff2bfbb5
fb69043c
020a038b
08d00610
071f002e
0785079b
0114feba
f796f544
0052f561
04f1f5a1
fcaa00df
f9cafc46
0600fda1
04ebfd67
fcf800ea
feaf0af5
fbb3fdd1
fe8efb86
fd30005d
025d005e
022afe69
054ffd94
088201b3
fab1fd6d
0f5dfb96
07dafd25
f851f590
079bf657
ff1a0cf9
02a40821
048dfa2c
05150750
0620fed5
fcdffd40
01ff081a
feca07be
f5b1031c
fa4af67d
0035fd71
01fa0256
fedc037a
f4790263
fce30088
02110b75
012efcd3
06d6fee9
fc8705f4
010ffc1d
ffcc04d6
fd70029c
04a6024e
fe76fd31
fbc2fd08
00010429
06e8fb0b
f9e502c4
f9a3043e
faf5025a
fa8d03de
0b50fcc3
fd2c0447
f8610161
00ddfa00
05d3033b
032ef978
fb21ef3c
ff0ffac8
f668f7d4
fcdff9d0
058e059b
079d0655
06b4088e
f55705ec
fa7c02c0
071803aa
039700d7
fcb8fd77
fa68045e
ff9e01e4
005e0135
f79709d7
ffb30160
04f60688
fc8effb1
02a8feb2
fd0e0f5f
01e3fbc8
ff64ff59
f0650ce6
0463fcdf
053df794
010ffdfb
0386012b
fc6cfca4
04d4f8f4
05ab025e
00b70077
fb82f79f
fcee0587
0248fda7
fc0af780
fa960691
ff1f01ea
0145fb92
f73ffb8c
f8960334
00bffff9
fc1b004b
06e3007f
05c7f9cc
fe05fe6f
0455fc23
ff10046f
fd7e02bf
046007ae
0325068f
f7f5f1ed
fe87fdf9
06fb01f9
fb25f8dd
fb4bf072
fda3fb30
fb1e03fe
fdbef83d
00c7fc17
fd57fab6
0335ffde
04e1fba0
f8aff6ab
05920252
06aaff0e
ff7500d0
056d036f
011200d4
fcad028d
fac90455
fe060335
fe6200d4
03f3fc9b
044c01a1
fffe084f
fc970258
fba5fd4b
03eefc1f
f9b206b4
031f0377
0217fc76
f94b051d
09b30228
fc56fb97
fcb1fa3f
004a009a
f7b50196
f97c00b9
fe03fe20
0584ff9c
fd2607cd
fcbc004c
ff79fe4f
fffc0058
000ffaca
fda7f6dc
0666073a
05c30936
ff53fd52
02cf0a18
02c7ffed
f6c7ffc3
fb7c07f0
fef5fa09
f95d0169
045f038f
ff9ffde1
f9b7078f
fe4201cb
f69bfb9c
fa0a0b8b
0437008a
ffe5fb32
018a0aa3
ff130721
004dfebd
09c2f557
fdacfb7e
ff4bfbc2
fc0100cc
f9e8056a
0475fccd
fcb2031f
039a00ed
02850323
04d8f97b
0374f803
f7a403d1
039f0263
ff00057e
fad9fa23
fad2f80a
fdf5f873
04fdfdd1
0101feaa
0815fbd0
01fe07f0
fbfcf9b3
0235f7ce
01e5018e
023f0775
ff060620
fc89f9c8
f95cfa7d
fa36fc28
0469018b
0b0afd3a
04e700e5
f855042b
fbbb021b
000d06e6
fecafbb0
072afd53
ff62ff8f
f79d0006
f9a2ffe3
f740ff0a
03dc091e
0b9705c5
049b0584
ff1eff86
02e3fd52
feae0931
f88405e2
02fffe5a
01b4f98b
0319fbde
01f202dd
02300259
0830fadc
ff6600e7
09290ccf
0836058f
043201ce
0c9dff54
046afc68
04210278
ffe90056
ffa7fe1d
0118fa97
fbd2f8bf
0327fdfa
0428ff16
feb8042a
fba8fa45
011afc48
ff82fd67
fbfc0421
fc890ae9
fee8000a
058c01e5
089207ba
007706b8
019a02a5
03eef9a5
00c6fbe8
ff7ffe96
03bbfe58
068807da
ff84fe51
00a8fde4
fc75048e
fffdf9ee
06ef0401
01950273
00170132
02d90be6
0460f9f7
f82df01c
fd0701f2
f8830ad4
f51ffcd6
04e8fb53
02dffd4a
056af839
f7ca0535
fbf602bb
0145f4cc
fd5afc55
0ad001d9
ffe8035c
07280405
054cffe7
fd2b01b0
ffbdff1a
f44f0337
f84a07d7
fde004a4
031b03c3
025afe29
03da0019
fdc1fd13
f9be00dc
06af003b
0732f4d2
040b000a
f925013f
fbd8032c
087200fa
0327fd7a
fcd20b45
0485060c
07f3011b
05ea07c2
02e607e8
fbaef76c
06fcf7d8
03440357
0210fc17
025e0636
026b0129
0a0cf36a
f34ffdb0
fe5afd56
010a0172
fa93096c
0494fca7
fbc3f977
014d04e6
fc2b0093
008f02b0
fa3204c2
fbb0f912
08fd008e
fb8903ad
033cfcf8
fb76ffda
fa8a04f7
0005077d
02a3fb89
0addfb30
f84202be
fa32ff70
02dd0338
03f502ac
06e702b3
090cfb1a
0830f438
00b5fe96
ff760019
fea5f99f
0579f78b
034e07b0
faab02d5
fd0af942
ffe006cf
f8feffed
fa500189
0c3fffc9
0843fb35
fef5fc50
038cfd6c
066406da
0063f9c2
fdb4fa50
0242fee3
fc8ffe98
fdb500ba
02bafa71
0287035d
01810695
fa740228
f69cfa25
fabfff89
fb24fe4b
f646f711
f7cd01be
0037fcc9
0890fecd
04bffa0e
0180fe16
026106d9
fff3f4c3
0052fadc
fde501df
0047fe75
04d1fe9f
0495fba2
fcc8fcea
fd460495
030309c1
fba0ff60
feb8fa03
04f802bf
06cc0447
fdad009f
f1fc0c38
fa910295
fb99f533
f7ae0923
feca0781
fe030465
fb411030
003d0877
f6a60111
f8b902ea
004a0119
fa610265
0927fbf4
0313f5ce
011e0530
0ba307ff
f92c00b5
fe6afcf0
feb90339
f90e048a
049ff765
fd510479
02bb0626
07c7faf0
f619fb88
f768fefc
febf0573
fee8012e
02c00541
fa0b0604
f9a2069f
03c7004a
0126f22d
ff730084
fe1cff56
fce2fb8e
f91f07e1
fc7e0134
ff6aff30
f60dff1e
05d3f98c
0875fe3e
f96af882
fce8f73e
f8cb05b7
0350ff88
06a4ff20
fcda04cd
0454fcd8
ff2f04f1
fc51ff4e
02bdf4f7
0502fa14
fc34f704
f6ccfff0
fd0901f0
fafafcea
00defd1b
0312fa14
00fffedf
fc74fca6
fea40618
060106d5
f1e0fb7b
fad40100
0a52ff1a
fd53032e
0283fe8e
06960049
0598047c
0748fe47
054a09c4
014c0104
ff3901be
fedb0426
ff31fa2c
fbb7fde0
f711f77a
0324fc88
043f0053
00b50000
09ad08a2
06770b73
fdbd00d8
ff8efac3
08ee05df
fe3e048e
fa67040f
01f501d1
f4e0fcb9
ff8eff6b
073d0183
fbf400b4
00fffb09
001eff07
0364fc77
fd4cf9f5
fb5efc6f
0963fe84
fd1d04b6
fdc9fffb
0234fb45
fbbffc0b
00dcfdbf
00c7fc80
04e7009a
0462fadd
05d0f955
0477076d
facfff8a
fee6ff52
02d9ff7a
0428ff16
feb8042a
fba8fa45
011afc48
ff82fd67
fbfc0421
fc890ae9
fee8000a
058c01e5
089207ba
007706b8
019a02a5
03eef9a5
00c6fbe8
ff7ffe96
03bbfe58
068807da
ff84fe51
00a8fde4
fc75048e
fffdf9ee
06ef0401
01950273
00170132
02d90be6
0460f9f7
f82df01c
fd0701f2
f8830ad4
f51ffcd6
04e8fb53
02dffd4a
f9eafa23
f9140252
fb2b04cd
fddcfcb2
fb65f6ca
fe710159
02f505c7
fd3000ae
0072fe42
04f80067
fa16fa1f
08a3f818
05440577
fd7d0706
0a31fc21
fb8ffa18
00370425
04fc00dc
fdb6ff74
023a02ef
ffe9fb97
04fe000f
00cffe02
fe86fbc1
081dfd51
030cfb5f
fc11032c
0129fd42
071efcf5
fc9d032b
f8bafe1f
025a0480
040002d4
000003e4
f798091a
00ebf6b2
07bf0049
018007f5
0915f60f
03f7056f
074106f5
0a7601e7
f90d09a4
ff97fe45
05e0fc46
fbebfe4b
00540135
0b6300af
038bfe5d
fbd60611
ff140368
fcb2fcc6
fdc2fc69
fe95ff2e
f9a400d2
0073063c
0d9001cf
fc22f971
f5cc00e1
055402c8
fcfb01f7
04780427
08290575
ff4500a7
06beff61
01f80517
fa8408ba
fd910d26
fdf7024f
fcc1fc96
0230ff67
03fcff59
0145fc9c
00fff831
03af00c0
ff5a0148
fe9c02e0
09b30077
06defeb2
045202ca
fabaff5f
f9ce0d3c
fea80468
fb89fbe0
0c0a01d9
fbdffef6
f5f70b8c
0813fc11
fc2ff01c
fc1af7e8
ffc3fbe7
026304da
04eefa6c
fe1bfe57
fc0b0159
042bf6aa
04f3fb0d
f824f6d0
fb98f48d
04a6f7ac
04bafd0b
ff140678
fdbb055b
014d0127
fc90019b
fae70149
fe85fefd
01630306
0465029b
05c7fb87
02cbf6c7
fb79fac1
f22e04bc
fddbfd7c
09e0fe15
fae00646
fb96ffa7
ff18fb70
fde4fa0e
047b012a
fa49fdc8
fae40047
ff1b0c7e
f90bfda1
04c903d4
02bc0adc
fc4ffb26
0583fbb8
0342f923
028dfbeb
fd380183
f86ffb50
fb7c012a
001e048f
0129fcc4
fe06fde4
05befc6f
fa86fdaa
00340653
086401b3
fa0ffac8
064bfea8
07a70dc4
062208b8
fdf5fe83
f8a30b1f
014a012d
ff62f792
058cfec4
0003ffbc
005efea2
fc330585
fa780a98
fef2f790
f64af780
013aff7c
0185fadd
fdcd01a6
f81503ed
f4350274
08bafd2c
0eba0114
fb3e047f
f488fce6
fdabfb7c
f687fbc3
fe0f03eb
005f06ad
fce6fd95
065dfaf8
fcb70440
049503e8
0779fc59
fd94ff83
ff720343
fa800489
fbccf9cf
fd94fe35
fbae0b67
ffc40368
01c301c7
05b8fe18
07c8fa83
fd6505f4
fe1e05d4
0356f706
0385f8ed
ffffffde
febeff4d
049e0468
fa8b03b9
faa8fee9
fc16fc61
f85d03bb
fb800345
ff25024e
00a30622
f8daf908
018dfac9
fa60fd26
f2e300b3
f98d073f
fd9a024f
0400ffba
fdc50062
060d0913
f76bfee5
f2950346
01720949
fbe7fc55
0545fbe8
0379f2b7
044700ce
052705b4
0290fbed
03130013
02e403fb
038508b6
fec700d3
06590b1f
ff0cfe79
0388f564
07f005eb
fa54fae4
ff4bf9a3
03baf4c8
ff21fd05
fb72ffa1
0209fd23
ffcd0abe
0846fab7
02cbfee4
f9a101da
0937f8cc
fe9afc28
06d8fa02
0786ff9e
fccbfaa5
ffe8ff1a
fd1603dc
032afd70
f9bd024f
028aff51
059c02fd
f8c6037f
02f0fc2d
054a07b9
04800697
03b2fe95
00270606
fe480464
ffa0041f
ffdb0089
011cf70b
fce9f887
f5c3f6ed
f9eafa23
f9140252
fb2b04cd
fddcfcb2
fb65f6ca
fe710159
02f505c7
fd3000ae
0072fe42
04f80067
fa16fa1f
08a3f818
05440577
fd7d0706
0a31fc21
fb8ffa18
00370425
04fc00dc
fdb6ff74
023a02ef
ffe9fb97
04fe000f
00cffe02
fe86fbc1
081dfd51
030cfb5f
fc11032c
0129fd42
071efcf5
fc9d032b
f8bafe1f
025a0480
073ef8e1
03d9f545
ff26f8ae
fefffb60
01b40659
06bd0548
f952fe05
f6b8052d
007b0a7c
045d0226
017e0290
ffb5f9d4
032afc53
ffd80966
0016000e
ff4d0de0
fe720edd
fa4fffb3
ff5d00f3
095afe10
fc6d0584
fd55041a
04790288
fe490043
007ef946
0771ff0d
04f201ff
fc110471
fcfcf9f1
0497faff
00e800c4
ff09f5a1
056afc77
faedfd40
fc62fa4d
023901b1
ff02fe2c
05faf843
02a8ff05
01a302df
ffa5f888
fe5602d4
01120b35
05ebfcec
058ffc6c
02e8fd3a
0663fcb7
fb4b00b7
069bfeab
0025ff06
fc85019d
0ca401ad
f6e5ff71
010f02bf
0327ff8b
fda3f71a
0a2cff93
fecd0220
ff0f0525
017808d8
fd5dffff
fc680279
fbf1fc7d
f6c8f845
0200feb5
03b1010f
fb500983
073d079d
ff8f024d
01a5f820
0894f7a5
090a051b
017a021c
f7dc0501
05c20425
00ae0078
f68f04cc
f545fd26
0033fcaf
04680120
f92dfb07
fe0cff89
fedb001e
fc3df3d6
034c0111
08a60295
007bfd0d
02590523
fdf7fa13
f87f014d
015c0207
fcda0014
020203c0
fe90fbf3
018505cc
0836fafc
0000fc77
ffa6fdd4
f68ef570
faae04e0
00d80045
faa4fd20
fd71f3df
0659ffa4
fdbb06e6
fbd3f42c
08a20452
000efaab
02abf86d
00f80379
0009002d
070a08a5
ff61fcaa
01c7fd73
01760839
00b90966
fb0704d3
fa6f0015
08bf0137
0428fcdb
f65efb3a
f817f819
fde8007b
0450ff6b
0149ffd4
f3720623
014dfc40
03660585
fb9602e1
fed80148
fd2d04d2
07f2f997
ff4a0348
fc5806b6
04960363
051707db
0698096a
fb8b0042
f3fcfdfe
fbeb0a91
09da05f5
03faff3b
05faf9b4
056af7c1
008e07cb
05920924
fcd6f828
05ddfc74
01820684
fea4fd2b
02a2fefc
fa2d05b5
01f6fdf3
fd7bf986
fcd408fa
fe770807
fdbafa5d
013003fa
00d7fd0d
ff14fc6e
fc0000b5
00f4fce9
003b0541
017afe4e
fd470385
f9880196
fd66f82d
fb73f963
f8f7f73a
fa20021b
fedd035a
fbe308a3
08a1fc82
0133ed2f
f33afc48
0378fcef
f939f8ad
fa30f309
077603f8
02350b1b
fbecfbca
fc2a0b40
01b90680
f9d9fc1d
fe26fee4
075ffef1
004b03bf
fabffbc0
f7b2fbe9
fc15ff32
02a5fe1d
fb98036e
f85802b5
fdd5fec9
fdd8fe92
03d1fdfe
ff58fdcd
f73002e4
fb6d031b
f91bfd34
0174f87a
06f5fb80
fbb900a9
fc5000b1
039c0219
0267017e
ff260199
0400fa3c
07d3f9a1
004f039c
fdeffa43
009ffb5a
f96d053b
fe230240
08e40434
fd0402e9
f9950290
ffba0340
fd4a01f0
0a750581
049e0125
f0e10008
fe68ffa4
0269fb79
fbc2fde1
06bcf910
0c79fb83
02820054
03aa0147
02680267
ef2cf664
f7f1feaa
ffa80bd5
fba407e6
fcfb053d
fb80034f
074603d0
0283fb68
032a000a
0b320645
067300ae
0aa503a0
0124ff40
fc3a04e1
00300296
ffecf6e7
fea101bb
fb7f0173
0751f62b
03d9f89b
fa7e00d7
038602f0
ffa4016a
0255fa96
0788fe04
01b505e9
073ef8e1
03d9f545
ff26f8ae
fefffb60
01b40659
06bd0548
f952fe05
f6b8052d
007b0a7c
045d0226
017e0290
ffb5f9d4
032afc53
ffd80966
0016000e
ff4d0de0
fe720edd
fa4fffb3
ff5d00f3
095afe10
fc6d0584
fd55041a
04790288
fe490043
007ef946
0771ff0d
04f201ff
fc110471
fcfcf9f1
0497faff
00e800c4
ff09f5a1
03d4041f
fd90fa79
fd28f8c4
05590204
047afb21
fff3fff0
0307014d
fa250201
ffc7f9aa
021cf920
004d00fb
0006f91d
fa64f8b1
02d0fc09
fc930107
033dfc5a
0b06fae8
fe720793
ffa30161
ff49ff50
f7370763
fd61038c
096300e5
fd7605e0
fe270809
03b60247
05300067
088affa8
f802fb3f
fafffe2c
00a50507
0277ffe9
0789f61a
0d2c0017
08e4fec2
f2e9fafd
f95b05b0
ffb9f4fb
fa8401ac
02410ced
0aecf8ee
00dc0798
fdd40658
014609ab
f7920641
067ff4e8
037f038f
fb25fec2
01e2028a
004bffef
0318f3a4
ffb5ffd6
06a105a9
029503d4
fd0afeb8
02e50d7d
085d08b0
07e8f9b1
fc43f8ac
015ef54f
ffde0864
f95f01b1
f7faf9f8
ff05019e
0812001f
03a506bb
fddffaf4
fc42fc17
023e09db
f65e00d9
fc19fcc8
0834023e
fb91fc6e
f6a9fba6
f4b8004b
0093fb99
fe38fd65
fd2efdb6
097afb95
007af830
fd06ffa9
fd61064b
0394fe94
05cffdb7
f914f6d7
01bcffba
030000e2
f893fd30
022704d6
fa16f58f
0427ff92
0deb0412
fc73f9fc
040401c1
f5f8fd56
f86efbeb
00b5fe96
f66b01f7
018d0047
ff3b0568
07590a72
041ffbd7
07180303
0c5d0c92
f9780208
025501bf
0d1b0055
0834fe22
fb1d0721
ff1602f8
014502cc
02770696
0257fb9c
f83cff79
05d50445
fefdfd6e
074cfa17
0eb7fee1
fbf1fd24
feecfcfa
00ee078f
0787ff95
03280013
febf0311
fd49fd7c
fd12fe51
0214fdb7
fafa0585
fc2c001f
fb780085
fd150566
fd14fb87
fc57fda3
f937fba9
fe8af709
0af4fa2f
fbb4fc09
011cfbcb
03fd0186
f9050979
fd510c5b
fb1e057d
069dfc84
08080470
fc8f0382
fef1fe6c
0255fda1
0071ff1e
003d01c8
044ff8ca
ff5a0339
feda03df
fdadfbb2
f8dd091c
ff58ff6a
f8a4f3e5
f5a3ffaf
03360010
0357f820
fc39fafb
f9e1016a
fcff0920
fc6f01ed
fa02fcfd
fe89010d
fe73f000
f8b6f695
f6c60736
ffc7038e
01c2fe62
fbe2f725
013ffd49
034a05eb
fe1809fa
fcc1005d
fcb8fafd
fbb40238
ffb5fc4a
0252fff1
01450068
f8d30170
f8df0a2f
0427042c
fa930100
fd74035c
028601d5
fde7fc15
03d5fc09
faa80036
f9caff97
feaff8e3
ffa1f994
006a041f
fb630169
00630156
01e3020b
fc240156
0072078f
0855fe74
02a7faa4
04f40036
0a6affaf
013b041d
fa590526
fbbd013b
04d2019a
02ea00be
fb0dffe3
f89004c1
fe070351
fec6fdb5
fc38010a
ff52021f
f8df00a0
fee90284
006efdeb
03adfac0
07e7fe4d
fff6fe32
03d4fd8a
fa04feb7
fc41fff5
fef4ff2f
fa1efbc6
065dfbc2
0299fc91
fb53fd18
0023fe07
058ffa2c
fa9afd5d
f84105f4
fd8903e4
ffd603d3
0ec50319
0d5dfed7
04b506a1
fa6c0856
0034fc1a
09f7fe0c
fb4202e2
fd3ff726
0280fc46
045e0109
0651f912
05660400
02e107e7
f7a6005a
03fdf95e
02e9ffb6
f8b60821
0a3f06b6
00d80c60
fe26fd99
0746fdff
fb4803d0
0030f945
03d4041f
fd90fa79
fd28f8c4
05590204
047afb21
fff3fff0
0307014d
fa250201
ffc7f9aa
021cf920
004d00fb
0006f91d
fa64f8b1
02d0fc09
fc930107
033dfc5a
0b06fae8
fe720793
ffa30161
ff49ff50
f7370763
fd61038c
096300e5
fd7605e0
fe270809
03b60247
05300067
088affa8
f802fb3f
fafffe2c
00a50507
0277ffe9
09a800b5
0278ff7f
f45106db
037cfc6e
fef0fe84
04040532
f9cdfc4a
f474fd94
08760234
06bb04a6
00d30253
06030312
0af9042b
fddefd8f
faf1fffa
043b0031
00f60583
f9c10677
fabb009a
009a004c
ff6ffb6f
f7d4ffdd
f8760022
0e5b010b
09b7fc92
fa10f79c
0532071c
06da01f5
0322fd00
064105c2
082804f4
05440581
06d4021f
0095fc7f
fd71fa2f
0148fd6c
fd4dfe0a
ff19f4d4
f788f9d1
fca8ff9c
0494ff77
01f50e89
013e0451
faf2f99c
03f60574
04a00071
ff11018f
ff59faad
021bfa02
05baffac
003df8fb
075205f8
08acfd7a
fd2ff859
f909fc6e
fa6bf595
02af0330
0bbb0107
026dffb5
f6bd018c
fdce0331
053b0929
070afeec
03730185
0712ff4b
06a3022f
02750376
094dfe11
02450bfe
fd550470
f874ff68
f2f0fff6
fe4afd47
048fff13
00f7010a
fefd076b
05d8fb5a
039d025b
fae80432
00c9fe97
fc54044a
f643f761
ff4cfb68
ff7efb6e
026c0394
f9dc04cd
fb2cfd5a
124e0b12
055cffad
03ca026e
014f03a3
f972feb8
061102aa
f882f767
fc7cfa7d
fe92fec2
f8ee00b5
0072fd15
fb63fa86
fe7ffcc5
feb9fb62
fffff929
fe0efbc4
fcee0275
f862fc97
f3d503be
03a3fec4
040ffb05
007300d2
ff7bfa53
0348058a
00320135
f9a70403
07f803e0
02a9f79d
019e04a9
06e60567
ff06020b
ff8e0372
fe4203eb
004ffd77
00d5f8b7
00e604af
fe90037a
fc5cf9a3
003b0022
f97cfc6a
ff1af64b
fc0000b5
f2b9fa60
02ec020b
ffef03cc
fffefacd
01880397
fd7bfd00
0ad30926
f9cb07eb
f5ecf8ff
0233fdd0
fab9fda5
04d1fd10
09d7f98e
fe890236
f4e904be
fecc0625
04ac036d
fb12fd79
041e0179
0a52f6e5
0297fbe1
028c0056
060ffe96
f9fb0174
fba6feaf
03ed01a1
fd9e068a
033e0ace
00c003a5
0011fec5
fafefe6f
f384021f
0185ff53
0272f995
01900249
01e10101
fec20056
0076fcef
f9f5fa81
f735fd67
0118012a
02bd03a2
fd4df99e
04710678
00410da3
ff9ffdda
0568ff77
f7a705fe
f88a01eb
f9d3fc0b
f9d80491
03c80ce1
fd7f0488
fcc1ffce
ff7dfcfb
fbc9fd4a
00ea077e
0081002c
014206a4
08f40e94
fbebf5fe
fa74fa5d
0ac90184
016aff4b
01a20bf4
020e018f
f8ddf266
03affbfc
03520774
019302e9
0247fbfc
01cdf5c6
04cefcb3
023b0138
0161f9c4
fce8ff72
0283fd6f
fdccfd12
f614008f
fb6efb5e
fffcfef7
08d00293
fff1f9f9
fd52fa7c
f7adff97
fa59f670
0598034b
f6f20d21
01f7fd83
0103fda9
f685047c
ff0afbb1
fe66f657
fbee021d
fa430332
043e065d
006f03eb
0079fa6c
0546ffbc
fc87faa0
fab00047
f672feab
f956f5cc
fe2d03b7
ffe8fe5f
fe9af3ae
00260052
ff3d0432
0202fa2a
04b7fe39
f98000fe
041bfbfd
0674f9cc
0131fd5c
fd730248
fa78fe31
025e081f
02620bf7
0d43022a
0139fce3
f876f8f9
079d014c
06df029f
04080368
05be05a6
01940007
f80204b3
09a800b5
0278ff7f
f45106db
037cfc6e
fef0fe84
04040532
f9cdfc4a
f474fd94
08760234
06bb04a6
00d30253
06030312
0af9042b
fddefd8f
faf1fffa
043b0031
00f60583
f9c10677
fabb009a
009a004c
ff6ffb6f
f7d4ffdd
f8760022
0e5b010b
09b7fc92
fa10f79c
0532071c
06da01f5
0322fd00
064105c2
082804f4
05440581
07a8fb77
feff0029
ffa004ee
002b063d
019df63a
06f603a4
0476060c
fc5101af
ff240456
05b2fcc4
fd9cfec1
fafdf82a
fee3f902
fe5c0306
fbc903e1
03b800de
04f9fa86
01c0fdaf
02d60906
00bb03f9
04cffc4d
017000f8
01a80222
05e502a9
02ad01a5
f8980381
fcd7fee8
0986ff6c
005401b6
02adf4c4
090ffdf6
06d3fddf
fe58fb0d
fab40332
0266fc1b
071c00c0
09a8fc26
fa95fd23
002900fe
03b6f7b1
f6a301f4
fcdcfb4e
048cf4ff
0eda03ae
03bc036f
03a1fefc
073eff23
fe740695
08f905c7
00cbffb2
02d801aa
068100f7
fcb5047a
008f002d
ffec014a
028e0098
00f1f8ff
feb90033
fd25fac5
fab5fbe3
ff1802bd
f74c0598
f80b046d
04e8fc5d
ff2c024b
facb02a9
00f302a4
fc2efad5
fb70fe51
032102a3
05d3f60d
0582fff5
0106fd3b
00a8fc8f
ffa8ffe4
f6370863
fbcf0ba0
087ff56d
fe730075
00d10213
076df832
f0e0fcf7
fa940137
02a1026a
f112fb58
030e04cb
04070991
fbf00906
0135021a
fa9efab9
032f00e1
0612fd79
05a6fc8b
044c005d
ff690280
05b70324
000007c7
fdd1074a
0277fd1a
fdb1fa52
f516fecc
f57cfd86
fc5efc8c
03a2014c
07fafe6f
ffbf0288
ffb3059f
feeb0cb1
06a4039a
0ae4f524
f70404ac
fa12fc56
00d10325
00150379
fb25f520
fa7b07e5
038206c7
fb8d0200
ff84f942
02c7fbce
fbc7fdca
037bf220
0912ff12
03170107
fd6b03fb
fcdb0074
01a0f84c
06b40177
fe00fd77
0230fbfd
01f80297
f84ffcea
04a9fc22
005c0335
03bdff78
07f3fe5b
f25bf9d3
f991fa3d
0471feb6
007af8dc
fbd4049d
f8d00c10
075a0092
0067fa0f
f74600a6
00720245
f8b2ffd1
00e9ff81
0215fa57
f82f0131
02ab02ab
01a00115
f7d6029e
f428fd9f
fe74fd62
01b8023a
041c03c4
067b00d7
fd3501a1
018cfa91
01a80389
07c30df5
062602ce
feb60218
00ea034d
ffe102f0
0ea60084
06b7057e
fa4bffe1
ff36f641
ff1700fb
fc06ff35
f6dffc01
01d80076
086b0367
07dcf899
fb46fc39
f4ec0535
03c4f704
05a3001b
0a0006af
fed80752
f683012d
0194f8b1
f93f06a7
fc0fff33
fe02fa20
f77101c6
002a0181
f79701b2
f2c80527
f80703ee
f584fc4b
04ccfb94
07acfac8
fb3d044d
f79503bf
fbbc00d0
0660058e
037ff99a
fefefe21
fef6005f
ffcffff2
026800f7
04a1f7f6
070cffd9
fd69fc4b
f8f8fe5e
04d106fa
025ffbc4
fd29005e
033c07da
f474ffb9
f4b5ff84
f84305be
f2a0fcaa
0774fe77
01e7033a
0000f471
0818fb90
01180153
fab1fbed
f58b02cc
feafffd0
f4b0fc77
003e0667
0bed040f
fc8cfb48
01660555
00900174
0464fdb0
04d00100
049df540
044afad1
0131fa3f
fd16f7b4
f5f3ff10
00d2fe82
fe620294
016bff8c
036efadb
01f2ff97
08720421
00e90104
03b8045a
006d0564
fd7801ef
00a304bc
01350364
046202ac
05e4f8aa
fe0a0285
fa7e07bf
0a230035
fc490ce1
f8bf0016
07a8fb77
feff0029
ffa004ee
002b063d
019df63a
06f603a4
0476060c
fc5101af
ff240456
05b2fcc4
fd9cfec1
fafdf82a
fee3f902
fe5c0306
fbc903e1
03b800de
04f9fa86
01c0fdaf
02d60906
00bb03f9
04cffc4d
017000f8
01a80222
05e502a9
02ad01a5
f8980381
fcd7fee8
0986ff6c
005401b6
02adf4c4
090ffdf6
06d3fddf
ff540116
014f0455
fedd0127
07f3032c
0401fec4
ff36fe6f
03fe0bc7
fe61ff72
04a7fb28
ffc00a46
fba9ffe6
087eff21
fd10fdb8
010ef7fb
00e3f91a
fd0bff41
058501cc
fda3f04d
05f601b4
06d81083
fe02054b
fadb0374
fcddff22
00cc0126
0445fea0
050e0111
f46d047f
ff43fdd6
00fefd72
fc1603f4
09bc03d8
0398fd2c
083e04f3
03df0264
00e6f537
009a01ac
faba0e03
0351027b
fbd00317
011505e9
0450ff49
f6e10257
fa27fc48
ff030199
00180290
fa8df47f
fd29fcd7
058c0581
fb89fec3
f9f5f699
00c8f9e5
ffe5fe23
0103036c
fb4101f6
055ff74f
0f6cfd73
0136047d
01890212
fda1fd71
fb25f930
06f9fb82
05c0ff08
05d5f7fc
043cf970
fe54ff16
005f02cb
03d907b6
035bf730
03430114
064f08d6
010bf951
fd1403e7
045bff69
0201fc65
01bc01a4
0903fb1b
0452ffb1
0386047a
0a6efea0
0516fe75
f5bc0134
f969028c
ff690ca9
fc64fdd5
038af463
ff130430
fda107a3
043b02ed
0874f9f5
0209fd66
fac3fe3e
0455021d
fb8f069b
fc2d00df
0172017e
ff1bf8dd
04f3f784
fce7fae3
fc47ff4d
003a01d7
04bc032d
fb8f071d
fbae0030
0d2ffcf1
0109f9ff
00fc0223
01e0fdf3
fab4faaa
04b10941
ff7502ef
f72d03b5
fec10197
f8f6ff73
f1be01e9
00640248
02de03df
0480faf8
04fc018b
00cefc83
030cfe20
f7c609e9
fe11fc68
03c9fcea
fd2902b0
fea40234
f8d0ff6b
fb51fbf9
ff2bf9c5
00acfc16
004c0063
f81400c2
02c60747
0451fe2b
f28b0249
fc4b0884
01a1fdfb
fe590b1e
fdf808dc
f6b70158
063d01d3
04a0fa34
013cfb0d
06d2ff76
f5b402b6
f769fb22
f78efeae
f9f302e0
fcbefbae
f4eb003b
002a01a8
041afe39
04e2fdef
01e7fea8
fca7f6c6
fccffe21
faa907bf
064dfe1a
04460461
fdca0292
013ffee1
003e0389
0429ffcb
ff9f0465
05a10477
fefbff69
f2cdfcb8
07fcf97d
ff01ff59
f8b009e2
ffa703e4
f8bffe2f
015803de
fea2ffb3
f9edfd9b
f730029e
019f0036
0cb5f8ff
0833faf6
0724fb59
0011fb26
0612fcee
faf4010e
fd2a0905
07c7ff46
f2f6fd91
fca8fbd4
ff9bffef
fed60c22
057801ff
ff0fffbc
fe6efe23
f99a01a8
01acfe16
087bfbb3
052001b2
00bdfaed
011efdc0
0782fabd
008e0392
f74bfe7a
fea5fb25
06850732
fc4af856
003afc04
06dbfb84
0037ff1d
004b0988
0033fe3d
ff32f3ba
faa5f9dd
0121feb8
04faf698
fbcc0854
f9ce01b4
fbdafb35
fd99022c
fdb7fbee
048705c8
0444f7fd
0268feb1
0027062f
f6c9febe
00d4ff89
fa1bf8dd
ece905a8
02080658
01d109f0
f97705e5
042c054c
fa1f0fdf
f56afb47
fbd4faff
fbf701a9
fe88ffbd
fe4a0598
062e0838
0a570303
0a35f6b0
03e2fa48
f984060d
0748004f
09ccfbd1
fa16025b
fe96fb76
0978fc18
07c5ffdc
037001bc
fd50066d
fc66fb35
0034fa8e
fca2fba0
0084fd85
048a019d
0208fda4
fcca004c
f78ffee3
ff540116
014f0455
fedd0127
07f3032c
0401fec4
ff36fe6f
03fe0bc7
fe61ff72
04a7fb28
ffc00a46
fba9ffe6
087eff21
fd10fdb8
010ef7fb
00e3f91a
fd0bff41
058501cc
fda3f04d
05f601b4
06d81083
fe02054b
fadb0374
fcddff22
00cc0126
0445fea0
050e0111
f46d047f
ff43fdd6
00fefd72
fc1603f4
09bc03d8
0398fd2c
0c470373
025afba4
fa2f0146
05f1fee8
00c4fe78
0911032d
0301fa07
0051fea1
08650c5e
01b30680
ff09fc91
012a060c
070701ab
fd2200f1
fe0a05d0
061aff9a
0592fbc2
0279f9f4
fc800198
fe720130
fd5e05c1
00a6010d
f9f2f828
0189fe43
0aa4fae8
0397fe4e
05c7fcfb
f878ffe8
fb8d052a
07e102e8
0374fe60
f753f6fe
fda302d4
055d0312
0036fb24
0860fec4
f6f30435
f97e0343
022cf9e1
02b8fe56
0ada03aa
fb970080
04160672
fba60a02
f1b1fb52
fd370070
03e40d81
086601b4
04fafd5e
0a030173
fc5905d7
fd42fdcf
0289f8ea
ffd9ff93
fd86fcb1
f87eff6b
084cfd55
f7b5fa04
fce9fc03
1241fccf
05d202b7
0446063c
0006048d
01350278
00dd04cb
feaa0162
0139fd6d
02c4008e
0684fbcd
0285faee
00c2017a
0513f970
03d0fae0
fda00284
fc25f6f3
f7d0fc86
0107044d
0a5b0170
07c50b94
0bc70b7b
05420099
00020006
fc5006cd
f8fd0224
fdecf94f
03f700d1
005003e3
febdfb4a
04c00083
fba80099
ff1afdf3
fe2e04be
f609fae2
faf3fee1
fdc403ab
01fefeec
fbc200b5
ff2ef5c2
fd090055
f8ad03f6
fe95fc47
f80f06d6
0818fde6
0bacfb0b
fa650386
f9d8ffdd
f684fc81
ffeefa46
077cfb01
01fbfe1a
04a602df
fdcb03ad
fc97fcea
fcb3fe4c
f9bffff2
0771fe7b
01b0fe8d
f845f7ec
ffeff944
03acf7ba
f7a4fb2b
f29201dc
0466f895
029aff5d
0324ffdd
ff13fc28
f6e80549
02890537
fd9f0673
ff120268
fd3cfdcb
fcf3ffdb
ffa403cf
f1aa0416
ff23fc24
0a6eff55
00fd0556
01f501f4
fc72067c
f92d0515
061df878
fb88fdd7
fe1f0939
0e36071c
fa42fdd4
046dfd55
0d64ff1c
fb70ff4e
fe7b021d
00a5fb97
03c7fe3d
01f4fca8
02010285
03c40aff
fa50fb5c
fcedff9a
01870175
fdc5fd57
f9b7fe3e
f8fefeb7
ff8905a8
fdeb04dc
000c0572
0e01fdfb
04dcfa9e
01acf927
05a5fd97
fad305f2
fd46fd41
fda300ae
fd500171
fea5014d
fe3407a9
fbfb0653
fd2cff1e
0340ff81
fb320438
00dbfec6
01b2065c
fa90fdfc
fcc1f8a2
ffac0ab3
05f30307
faedff4a
fc5d097d
031401f8
049002bc
fe160fc8
f6800017
0818facc
fe24003a
0300f80c
0635f9cb
f1a0f3ee
0233fcf8
fcb0ff76
fc24f934
03a7ff3d
fa7ef635
0056fbbd
fc7603e8
00720127
0084fcb7
00c7006a
049d08f4
f8df02e0
fe5dfe3b
05cffc1d
009202fd
fa27fceb
fb75fa49
fc080b8a
fed6008f
0382fff9
fe540752
0475f858
05ebf73c
012bf9d6
f84bfb0e
f88201e9
02c4fb6f
fd85f06b
0260fa3f
fd3006b5
016aff4b
092ffde5
fb9e05d7
04380843
028c024d
faa6fbfa
f9c505c9
fd5203a7
ff23fc0c
f539061b
013e0204
03c2f800
fdd8fa9f
ff2700ca
fb63063b
fed8017d
fd95feac
f9260515
f42dfe88
fbdcfe03
066b02db
0109fdeb
012cffba
fc66fbac
0304032e
0eae0463
02b9f6e4
070dfa09
02aa0065
f93c0c52
023b0029
0157f97d
0c470373
025afba4
fa2f0146
05f1fee8
00c4fe78
0911032d
0301fa07
0051fea1
08650c5e
01b30680
ff09fc91
012a060c
070701ab
fd2200f1
fe0a05d0
061aff9a
0592fbc2
0279f9f4
fc800198
fe720130
fd5e05c1
00a6010d
f9f2f828
0189fe43
0aa4fae8
0397fe4e
05c7fcfb
f878ffe8
fb8d052a
07e102e8
0374fe60
f753f6fe
05e60100
0883fe9f
ff5f0327
f9dd08c0
f83a0a5a
ffe0fa44
fac4f5a0
0133fe0a
0b6e00f9
069eff65
0810fa28
fae8ff22
fddbfe14
04650598
f3fd0475
02bffc81
0b0bff21
fd2dfab3
fef70239
fb6a00fe
f9c0ff85
febf0410
01cf02f6
07ab0287
fe020068
f828fddf
01bc0370
fc7a0e97
fccfff7e
fcb30300
fd090655
0985fbed
fcee043e
fe36fc05
03c6ff90
f981fcdf
0022feb8
fd62045f
fb01f707
fba0fb96
ff72fdc4
015404b6
040dfc30
094efda9
fa3d09da
fb77f982
fa9fff30
0104fdca
07fdfd1c
f76f09c0
0379009f
075a0003
ff740243
0331fce5
074ffe33
01b70051
ff4a00db
0ad40231
ff5902ba
f953fa25
fae3f9b0
fec106a1
0984fe3d
0a96fe68
077c0600
fad7000e
fde70135
fe13f9ec
fc4405e4
05c709de
027ef780
0369fcf7
075dfe29
0765fc67
fe3905c8
fd8f0769
0726f86a
080fff81
04bb089e
ffbcf6e7
021df993
fdceffd8
ffe7005e
06dfffb7
018afcbb
03c1ffbf
053b009a
0199fc0c
fa42fb85
fb87fa87
04e0f51d
008b0889
fb540598
fa650074
fefa0b2e
0723f65b
0712016a
04500748
fd6cfad2
fc5704a6
06d200ac
0431fc55
0175f9ec
076afb8f
fc2302e8
f9cf06ff
067006a5
00ec00a6
fddcfe94
fd3005ef
fb4a06d5
0323fb4d
01b0fc07
fd40fd2e
f69e014e
fad40050
022bf8a2
faf905e9
f8ce0188
f726f608
fe71feb9
fb5e0557
f8de002a
fcacfba6
f8c4035c
0135000c
f84e041a
01280bdb
083eff00
f85e0160
005a0128
050efa5b
048701e9
f71e06a0
fffa0bc0
0eea0234
fc07fb44
ff0bff2d
034ff999
f92701b8
fe1302da
02aafc05
fc8cfbf2
031bfc75
fd0701df
fa34fec8
055bff0f
fcacfd9a
0059f6a0
f7affd63
fa350903
07de0334
ff56f8c6
04d40134
07fc0383
01dc0573
f6ee03c8
0149fb8e
05fc025d
fe62fcf3
f92cf784
f729fab0
074bf93f
f2c4fc34
f476ff9f
fe4805f9
f2570617
fb6efdc0
f73ff8a0
020efe02
03560574
04220229
064401f5
fad80041
fefdf852
fb06f677
00eaff68
fe1a0428
f8f6fc85
011104b3
04c304c9
04bafe1a
01ad07e6
00f30315
fc110765
06830406
ff8efaa3
f5560abb
01ce05c0
fe08ff4f
fc110203
fcf1fc66
03d4fa00
06c0fcd1
00840073
0361fa02
fdfcfd79
01020316
06d2ff4c
f97bfbbc
012efb77
063e052e
f9360490
045efc50
fe19fbee
f8e3f9ba
02b6fcd9
fecc0694
03f6056d
025100e5
0427fcfc
014efc8f
0050fdf8
02effce8
f683015b
f80efd1d
f9150622
01f10b58
087cfbb1
076bfdc8
0a1b0640
0a830b7f
0d7507b4
f9260713
f4b0fd2c
017afe93
fa6b0ebc
f8e4f9d8
ffecfbb6
ff120070
fa4dfb33
ff86001d
fd2cf490
fe2bfe55
04170011
ff5dfc44
02cffdff
01cdfc7e
fb4d0a73
012a008d
0936f67c
feda0222
f6d60298
002cfcf5
0004f9d2
0180fbae
05fcfea9
fdac0036
fee403db
036afd10
ffc1fc44
051d01bc
03b8fbbf
039fff77
072b000b
febbff62
05e60100
0883fe9f
ff5f0327
f9dd08c0
f83a0a5a
ffe0fa44
fac4f5a0
0133fe0a
0b6e00f9
069eff65
0810fa28
fae8ff22
fddbfe14
04650598
f3fd0475
02bffc81
0b0bff21
fd2dfab3
fef70239
fb6a00fe
f9c0ff85
febf0410
01cf02f6
07ab0287
fe020068
f828fddf
01bc0370
fc7a0e97
fccfff7e
fcb30300
fd090655
0985fbed
036a0289
fdfbf8f4
0148ff22
0a900125
0354fa27
000afeaa
ffc207e0
fdb6febd
01cafa6c
08d4f91f
002cfa59
00e9091d
fe1a037e
fc93052c
05cf009d
fed7fb6a
02c203f7
fd22faf2
f265feec
ff1b017f
064e0520
035a0610
02c4fd61
01cd02d9
0249fee5
0674fc4d
0554fbd5
0140fdd5
fbed07b9
ff6efcf7
fffaf7ed
006f087d
06d4021f
fefafb49
ffe10191
050cfe9c
03f70a3b
fae101f6
fc77f8b5
090e083e
0426fd49
0129fa16
fcbe0391
06d7ffb0
0798fb73
fa2ef7ed
015cfd43
015403dd
0854017b
0882055f
02410ce0
022d0675
fe02fb6f
fe26fd57
f5b2030f
fc0701ea
fce20377
f194fd84
fa93fe72
f831032f
fd37fc60
06d1fdb8
f7faf743
012c04f1
03d40a5d
f8a3f770
0911fca8
00f3f664
fa12fb79
01be0400
0211ff66
0a470495
ffe5fe4b
f894faef
fc6f007b
01da072d
006a0337
fca6fb2a
04ac0077
fd8e0cd4
faf60a11
0172fe4d
0771fbf0
02cbf716
fd00fc98
048e024c
fcfa0102
ffcffbb1
0366ffa0
fda604cb
0022f704
0598fcd5
0b1e02c5
ff4504e8
fcbc0605
fc6bff05
fbc2fde1
0225027e
f9ce0780
0169f921
07b80211
07660963
0b04ff67
0304fde1
01a0feee
fe0d0d07
fe0f011d
fca0fe7b
f78e02e8
0241fef0
0488049c
05d20109
02180963
f36a02b3
fc8cff0f
0591fe08
fc5df423
fc3fff2c
fd4a029d
fd63fde8
046ff7de
ff27fb1d
f87000b3
fccc0162
00a90251
00e5012d
0205fea1
0264fb6e
f9c20489
f82bfd92
fd06f37b
03f6fa33
09b900c1
05fd0090
08d0f831
06230159
f9f00212
f88bf7b8
055302e8
02160741
f581fad3
febafa5b
fe490450
faa7fdc3
03a8f673
0317fcc5
fd5bfe86
04b9fb91
ff31f9c6
f749fe4a
09700341
023f02d8
ff020687
0606fe4e
fcb9fb9a
f7ef00d9
f0eaf973
fd73ffaf
055af9e8
ff31fede
f7c20931
f785fe2d
faec088d
fb1303ee
04c5084d
fa49077f
03e2fb2b
05fa0878
f6abfbb0
05a4feed
022104a3
01d7fcf2
045704d1
fbe6039d
f8940157
fe41fa34
02eaffc3
ffb2003d
fecefe0b
fea909a4
080afc7e
fa21f5d1
fbc5055d
042f037e
fb2bfb5c
052f0553
00b5025f
06f6fce5
fa7f043c
f70b0106
07270243
f28e03a2
fc2c025d
023600da
fa7afdfa
0348fe88
0302ffd1
fc8205c2
feb20aa5
03b30c18
fd8dfe63
fe1af8b1
fc6d0404
012cfb6a
ff67fbd5
fd820629
05f9fffe
fc59fe55
0174fe59
05c9fe1c
fdc9fd7f
fbc9fa41
00dbf7a6
006af1f3
fbf1fc04
fee20384
f87b0020
03460491
00daffe8
f33204ba
ffc006fb
fecdf8be
f707009c
f9cd06ae
087cf9a3
04f8fc08
faaa043d
02c3fc39
fcbcfde5
fe0e02a3
0195001f
026f098b
04ba0945
fad602a7
0539fd8d
087cf7a3
01c7fb77
010afc85
f38e0316
f82a00c0
fb26fddb
008e0dc8
08fe040c
fb60fb86
f98d017b
fdfbfdbf
092a01cc
04ae02c7
00affe7c
0c17f948
056bff84
09a9ff04
009cf627
ffd4002d
0850fbb6
fe60fd7f
036a0289
fdfbf8f4
0148ff22
0a900125
0354fa27
000afeaa
ffc207e0
fdb6febd
01cafa6c
08d4f91f
002cfa59
00e9091d
fe1a037e
fc93052c
05cf009d
fed7fb6a
02c203f7
fd22faf2
f265feec
ff1b017f
064e0520
035a0610
02c4fd61
01cd02d9
0249fee5
0674fc4d
0554fbd5
0140fdd5
fbed07b9
ff6efcf7
fffaf7ed
006f087d
01d4ff77
067dfcc7
fd4304e8
0197f429
047f0145
f4280595
f629fc28
fbe9fc1f
0638f4b0
02ecfe87
fa49fff2
04eefcf6
f9420001
fefe04bb
0433f939
f1adf6ca
00eaff61
0345f968
f8590794
043a0371
023b0433
fa200a1b
fb09fddb
fd0a03f8
063002eb
01df0325
06b4ff52
0b39ff70
f89502cd
018ffb73
ffd300fe
ffe1044c
08f30000
fdb4fe76
06750523
04510077
01b7faba
029d0248
fe470495
035705c8
034b0258
ff82fca4
f98a02c4
ff500781
fc2dfbfb
f9fc027e
f8460953
008f00f9
0e3e04ea
f7f2030a
ffa1021e
05eefd70
f833fa6f
fd11fe94
fc13fbe5
025efa9d
0004ff7b
010205d1
05e1fef3
fc7dfef5
ffe30374
04fb02f1
fd3ff910
023cf517
0d7c0489
054302a3
ff580365
fe940107
ff25f998
060bff7e
094d04b9
05a202e6
04cefb36
03e1003c
fefcfa52
02e1009a
02ea0dc6
01d9ff61
fb00fb7e
00ccfe46
0bd20877
fc850683
f863f942
fa9d000f
041c0375
026700b1
022a009a
0a12fe4a
f7ccf73e
0257f4bd
055ffcdd
f8630463
0298fe00
00e2f48a
f2b2f7b4
f7fffe9d
065d0000
f80702c0
fd030413
0440fb5d
fc020126
0262056c
02f0fc5b
0469fcc2
f7f7fefa
fb4503f5
0565042d
fd28005a
02dcfa23
ff45028b
f89e1036
fac0017c
ff76f9ae
03baf441
faf9f434
f4af03e3
024dfe90
0625fe30
019c0ae3
0cf50290
0d63f996
0516ff9f
fc6e018c
fd010152
fb0100c5
f8dd00b9
03ee0147
fa3cfca0
fe2cf977
0625fde7
0625fbbb
0bfbf63b
02b202e8
05910241
fc2004a7
f2b40960
fee7f7ad
001000e5
031e03d9
02dcfed1
fef006bc
00fd046b
026a021c
ff03fc37
fdfc01dd
fc9701b7
f67fff89
fd0302ec
0096f9d3
fa93fd95
fe0c0393
03180270
fc87fdb0
f97f0401
fdcd09ec
027e00fe
08f2008a
feecfca6
f98a03ec
fbb209b6
f5a302d4
fb030234
ffbbfd8d
fe4c0126
f8abff20
fae6fe22
fc43ff7a
fa8eff57
03a80803
0242fc6a
0335fd0c
f7c4073c
f856021f
07defce2
0099fa7d
01a30198
fb00fdd7
014801d5
fef6008a
f69afa8b
007204c1
f131faa1
fd20fd32
03e40685
048a099a
09fd081a
fdeef80c
068cfd58
fba002e1
00bafa52
04f2f522
f6c1fe54
fdd40289
fa26fd13
0054fa3f
ffb1f536
fce8ff9f
0114fea7
f9fbfdd9
f79a0243
fae7ff1d
06e00451
09dafe48
ffc0fdb3
fdd8f99e
0727fee6
fc720cde
f8d000d7
0914fec7
046401d9
018e01ef
fee202d8
00ebff9a
04ca0092
fa5b0251
f9a60529
03f90228
006ffcf6
f8ea018c
04c204b4
fb4efea4
f8e1fabd
0554f8f4
f914f91e
00b5fd2c
09b905d1
0082025b
0147f9ed
065c079d
03a80408
05f9fe9c
0896037c
01eaf95a
071fff13
05be02ad
f948037a
fc5c04f1
034ff866
fab0fc96
fa7dff53
ffc8fb14
004c01a7
06dfff71
fa3903e5
fd37012b
087ff697
fff30546
02920576
008a0355
01fb07ad
fed9fcc0
fc65fba8
06bf043b
0337021d
07a2f6a9
076601b4
01d4ff77
067dfcc7
fd4304e8
0197f429
047f0145
f4280595
f629fc28
fbe9fc1f
0638f4b0
02ecfe87
fa49fff2
04eefcf6
f9420001
fefe04bb
0433f939
f1adf6ca
00eaff61
0345f968
f8590794
043a0371
023b0433
fa200a1b
fb09fddb
fd0a03f8
063002eb
01df0325
06b4ff52
0b39ff70
f89502cd
018ffb73
ffd300fe
ffe1044c
ffd409a8
00d7fc08
068ffe3c
04390818
01f9fc0b
09a701de
0010ff1c
f952f595
0738fdeb
01480186
0482f99e
0861fd6e
f7f7fe00
042dfd2e
08dc09e9
01daff6a
074afb4e
00070282
fa8cf688
f79bfe52
fabf09fb
065bfd8f
0154fc40
fdbcffd0
05c8fcf8
017609a4
03370a96
090802f0
03ab0312
ff89fea6
fc70ff41
05f9fb3a
0400fe96
f6580494
fae800f6
0407fa15
0321f631
fb8e042d
025b03f2
0799ff68
0a2100a8
0b51011a
02f50289
ffaaf730
f97cfcc4
fc22fe8e
02290234
040f09e9
fcd8fffe
f86402da
024ff654
fd74f8a1
03a00394
0933f559
fa35017a
f6550054
00acf608
063f0453
f9be0363
f975fb4f
040afe2c
054d023e
01950116
fed00249
091205d4
04ddffa1
f708fbeb
01f803e7
08910284
020cfc4f
ffcdff1f
016d033d
056b0091
002ffa73
faef0526
fa8703a4
ff84f6c1
0450fe48
fd67ff92
ff80014b
04acfed3
031afe39
007000c0
fdd9f4b3
f9a00370
fcbf0715
0549f9a6
05940144
07e900b1
fb660859
f8070bc3
01d304ce
fb3d00a2
f6f2f8d0
fa1906d1
05be085f
043efa58
04aa0123
04420074
fe12fc74
04430260
ff810269
03870505
086009c7
03afffe7
f7a5faac
fb49fff1
062c0033
fbd10474
02d50497
01440024
06a6fd87
0a130188
fb7803da
ffabfa03
fb2b02e0
fc8f0366
fbbff8d3
f887fa19
fd57f501
fe1e0126
fda60191
f7f7fc1a
f97e06cb
f9d10277
fb7d0397
f992fc26
fc34f83d
002c01a8
f993ff3a
03bb047d
08380417
023afa74
01c2f9e0
02470029
fec1fd9d
f6c6fc20
fbf30495
fbaa0328
f43f00c2
031ffd1c
0169fe62
fbca013d
00990194
f5210686
0853fef9
00d5fcb1
f195fda7
085cfb85
02bd0127
0568077e
fdc208b3
fe8202c7
06c10287
fa790036
0309ffef
fd54fe19
fd06fda0
087c069b
0416fbcc
f7c2fa58
0a96ff0d
0ffaf7d2
f5a2fd32
02e9f9ce
00aaf431
ffdffbb8
0129fe70
fef000a0
07e80540
f923fe81
fe4cfd65
0137040b
fff10135
fe31ffbf
ff9eff5c
019201d7
fcf10080
07e5fca6
fe24f8af
0454fa39
08d508d3
fcda08bb
ff58068f
01760052
ffd9ff74
fad7062f
08e0ff65
018505ca
f887fb55
fb79fc38
f4910c84
ff6affd4
fffcfc3f
f9f3fab9
f87c001f
f76efe85
f981fcc2
fe1602e2
f914f4c0
fe3ffa8f
0aeefb1e
ffc3fe8a
fe310bef
ff0afd0d
035df94b
021bfcf7
ff5e0362
01be0501
fe8bfd03
07f80035
fd5afd71
fb2dfd5d
faa40173
fa480118
03920210
fd7604bb
0587063b
ffe0fcd4
01d60032
ff3e08cb
f2d9fae1
f4fafe96
f2b4057e
087cfbc2
08de0968
03090b6d
047fff94
fb29021a
05e7fc3e
00a6f98a
f673ff55
fce903fd
07d10122
00b7fe68
f61100d0
062fffd3
043a03dd
fa21051c
ff0301d3
fa57024c
fa380453
0197fd7e
03f6019b
053d0c7f
ff930244
002d0107
068bfb06
0168fdad
fbfc048a
f798f3c7
fc0dfbda
037dfafc
0025f732
022bffb6
044800e5
ffd409a8
00d7fc08
068ffe3c
04390818
01f9fc0b
09a701de
0010ff1c
f952f595
0738fdeb
01480186
0482f99e
0861fd6e
f7f7fe00
042dfd2e
08dc09e9
01daff6a
074afb4e
00070282
fa8cf688
f79bfe52
fabf09fb
065bfd8f
0154fc40
fdbcffd0
05c8fcf8
017609a4
03370a96
090802f0
03ab0312
ff89fea6
fc70ff41
05f9fb3a
03800180
028709c7
faeb01ba
00affd17
fee9084e
fc4cfc53
fa4b003b
f99f01c2
08b0016a
033ffbb3
fb77fc9f
05c50594
02cd04b8
f6a309c1
fb410141
fd1e017c
fdd7fd3b
099ffed4
fabb022c
f78ef668
ffe901cb
fb890344
0452fe62
03b0fa96
06ea003d
08710344
04b0fcf5
0a0d078d
01b80006
fb82ff64
f9e8fcbc
fc0df7f6
08f3fe96
041df6da
f856010d
036afe95
04dafaba
fb8d03fb
03e400a0
032009e1
01d70728
0417008f
fd550286
041600c9
038b059e
005a02a1
01c3fe73
fdc3fdae
06ccfd39
054102b7
0688fb31
0080f293
f3b7ffd5
08d1039b
0556fdfe
fe8f04b5
062f0603
fe3aff95
0081fbe4
ffdb03b1
fef40484
fdd8fc4d
019cff92
052d0004
01280680
010a05d1
fa76f578
f8e9f75f
fbf3003c
0533fb81
0362f9a6
fe5b0237
044afeb1
007afb08
03d701b0
0870063c
0b9700d7
03c0fb66
fefb061c
053803c3
00ebff73
0924fd30
0554f645
fc19fc74
005101bc
f79a056d
f4a8fbb6
fd6cf71f
0040f9b1
01e0f8fd
fd5500c6
f88afcda
fec8f86c
faf8fa00
ffc203ab
01db0090
fbc2fb0d
016b065c
f9850343
ff2a064b
077d036a
02b7007f
01f703a7
03cafa41
06ea02d8
00ec098a
fe69fd23
faf3f5d4
fd700674
f89f0f72
f67efdc3
00fefc65
f97b05fa
01b0038e
083402a3
04a200ed
025efb8c
004004e0
05260925
fa680214
f962fc45
f904f97b
fc43fedb
0b3ffe0f
03aa0661
005305e6
068ef9e5
01b20098
f6d8fe80
fba7fef1
085901a0
026ffa64
ff64fbec
fe6400d4
fe7b04f4
072602ff
fc7507ab
f96604a0
fd11f492
f5e901a4
fed209cb
ff490871
037e0924
0032fdd3
f2d90199
fed8f9c1
01f6fbbe
08c306b3
0192ffaf
fa160112
065efa07
f68002f1
f9d304c5
03190298
f6a8020a
f618f1be
fb730190
fdca01cb
f74ffc8c
f906fd24
025dfbc2
03af0514
fcf1fbdc
ffacf64b
0492f4ed
f62b0679
ff6904bf
04f4fc18
f3cc07e8
060ffba2
0a3f0310
01200126
06b4f653
f748fe5d
fdcd0364
fe470247
f0b8f91e
081cfe52
055300d8
f9f605fe
03f90110
fcbdf14d
014ffab7
02e902cc
f52b0014
fc2c058e
004e06e9
0163ffea
05850568
0506f990
0246f4dd
f820fe8f
0480f980
044b0314
fdcdfff3
074dfe12
fb9afe92
0247fb39
fd3a09f8
f9450950
0b0c025e
012302c2
fdbc0111
00b8fc00
0479ffef
011f0282
0279fede
04a6049f
f7c50761
04cc025b
087efd15
fa5cff20
fd0100b7
065e033b
01f1fe31
029c0326
042f09c9
fa41f844
059ffd21
ffae0196
f9bafc54
040bfe93
ff40ff5e
fe3dfda7
fe96f9a3
059afe3b
0071face
fb660014
013c043f
fc180155
fae6fb5c
fbdbf32d
ffef003c
ff77fc1e
fa1efaa0
f9210997
f9f3074a
fcf6006f
016b0333
035c000e
fe09f85e
f974feec
feaafdb1
06b2f91d
ff26f9f9
fdb6080c
016106a7
fd77f96b
00700621
fae6032c
026c0187
0f7801b8
05810254
02b40125
05aafb2e
0098044f
03800180
028709c7
faeb01ba
00affd17
fee9084e
fc4cfc53
fa4b003b
f99f01c2
08b0016a
033ffbb3
fb77fc9f
05c50594
02cd04b8
f6a309c1
fb410141
fd1e017c
fdd7fd3b
099ffed4
fabb022c
f78ef668
ffe901cb
fb890344
0452fe62
03b0fa96
06ea003d
08710344
04b0fcf5
0a0d078d
01b80006
fb82ff64
f9e8fcbc
fc0df7f6
0400011f
fed70602
fb360021
015df729
010f0806
fb99fde3
ff550554
04140458
0333f73f
fefcfb84
f8db029e
fb73fec1
fd3bf2fe
fa81fb6b
0577f388
0821fdcc
010d0364
0be60079
0493000f
f4deef63
f8f3021d
fdc700dc
fc97fe58
fc6fffcf
09f1fc73
05bf03f2
02f2fb40
04db0419
f97200fb
05630025
040d0183
02abff0c
09a800b5
01dcfacc
07b2062a
ff8000f9
f9b104ef
05970a76
003a01f5
fd87fedd
fec4f892
001e00c4
0653fde0
fc150257
febf06f2
0396fe6b
f62e0121
fd1bf9c6
017bfaef
038a0587
04bf0553
ff81fe8e
02dffbbe
fd8ffe94
fccafb7c
0211fe15
0a81020f
049301cd
f97c04b3
01ddf91f
fa0dfa03
f7c10398
02fef69c
0363fda7
0096ffb5
fb6ff7c4
025c022e
0de602e9
0310fd3c
f690f94a
f96d06ce
fb0109da
ff830296
fdd50879
f8cf02c9
00b8fffd
057dfa7d
0091f7e4
fc85fc28
fdd1fad5
f9b8ff55
fca2073b
030903d0
ff00ff3e
00910e98
0356079c
02b5fe37
0af9074c
0ffaffe4
ffb2ff18
fdb00206
06bd02fb
07f2fc3a
0c23f791
fe86ff44
f50af7d8
fa58f3fb
00da0332
033108bb
fb9bff90
fae10852
fee501ce
fe39f76a
fd760982
0197fc2b
fc3bfad0
ff360592
08d9fa87
024400b1
03a7fbf3
060ffedc
06d10ab0
00cb0465
fdc4ff5e
0a36fcc0
05ed0072
fd9001e6
ff6c0524
01010251
fe690118
fde407cc
00f5fda0
000bfd1d
001902c5
008c0449
0196ffe1
04ecfb28
fd0904ef
f658031f
04d4034a
ff99fd06
f585f5ef
029d0627
ff6305bb
ff14010a
02ee0133
f786f790
f7f7fb27
021a02ad
03c2fea6
0252fc03
fde8fc1c
fd45fdfe
00d7fdbf
f8b5fcf4
fa9efdb4
01beff38
04030296
0114fa56
f62b044d
f92c0623
fc74f599
fd6a075f
fb91033f
f9affdf0
f87c06ab
f55afbef
feeb013a
0132fcd9
fc57f91e
f92cfb0d
0048f8eb
fe58026a
fa48fb95
08ccf9be
ff03021a
fe0cfbca
ff1afdd6
f710037e
04ab02de
fb8801c9
fabefb09
07720443
fc2c034a
fcbcf7b0
ff3005b3
fbf00511
01bb0560
fe3505ba
fc0cf90e
0071fed2
ffe503c8
fde2fd46
fd6ef2e4
061a0260
0e660df4
087cfeb1
00ed043b
0385057f
fd5cfbdd
fe9efce7
02510029
f6ee01b5
01740016
fda0000f
fabcff21
050400c5
ff0900cc
068dfb5e
027efeef
06ef034b
016a0024
f16afbae
fcf4fdc2
fcc4035f
080dfa62
fffdfb23
f31cff57
040af503
00c800af
fd790840
fdc2fdc7
079afef9
094c0321
f7640433
fc4a05e2
fad0ff9a
fa67fc91
0a9804b4
02660401
f9820676
fe51026b
fe97fd6d
001d02bc
0000ff4b
002e0000
01ebfe9e
ffc60417
fc8afdcb
0599f566
072e02fd
fd6eff7d
01c1fc75
01aafedb
05e7fe54
005effb9
f8150196
009a0235
f89d0832
fd100418
049ffb9b
044b091a
0965fc2c
0673fd12
02960a7f
01ba03ae
ff16feb7
ee46f5ce
fba50716
0f6d084f
004106e7
00db0147
03f9f6f4
034405b9
02f7fef7
000c0171
0400011f
fed70602
fb360021
015df729
010f0806
fb99fde3
ff550554
04140458
0333f73f
fefcfb84
f8db029e
fb73fec1
fd3bf2fe
fa81fb6b
0577f388
0821fdcc
010d0364
0be60079
0493000f
f4deef63
f8f3021d
fdc700dc
fc97fe58
fc6fffcf
09f1fc73
05bf03f2
02f2fb40
04db0419
f97200fb
05630025
040d0183
02abff0c
fdeafc8d
fdbbfce2
08b5077a
01dc00de
fa6af877
0402fd6e
0468fa15
fc73fb0c
fa4ffd0f
0895fd00
0252ff39
ffbdfd19
0329fa1c
054b0409
0163015b
01f605bc
16120f92
0634ffea
fc58007b
fb37fe3d
f749feb5
ffba05d2
fabeff92
0217fd25
0776002f
033a0433
f90bfddb
fb7a01e0
07c1ffca
ff8402e1
fdd704bb
f97ffb29
00770c05
10320139
01c7fa3c
fcb406c3
ff10ff45
f9f7fef4
04c8fee7
018afca3
0404fff8
0c3d0b29
00b4024d
0a90f7df
01ba029e
f77d00b8
02a5fded
f9ddfc49
fd66f81b
fef6f98d
fcaafd45
fcf20326
fbc90614
06a4fc03
058bf75a
ff64fd82
f989fca9
f45800c8
fea5fca5
0099fd2d
f98e0853
054effe4
0647fe9f
fefeff3d
0354f94f
ff100342
f9690448
f843fd25
ff71fc8d
0007fd9f
02db0387
04ecfe6a
fcaa0205
017b089e
fc150164
016401e8
031af95d
facbfd3a
07ce06a2
0276035a
fa6002bf
f8140330
f8360456
fed4fb04
fd6102d0
fbef02dc
f935fc6a
021d0664
0a0e012c
fe73ff9b
ffd2fca2
07c8ffe7
002a0430
05350346
0d9afd14
0d2efb51
071209e6
f987f7b4
fb8efa74
fbca036f
fc71f45e
018602bd
06bc0476
0b6df819
01d5f4a9
04a40705
ff590deb
f9c6fe71
07eb041d
05fb0017
ff5cfa4f
ff61fe62
ff7c0245
fc9e020c
fc07fc88
fe710179
0185ff6e
0163fce4
03260265
06700763
f8a200d8
f836f317
fffcf8d2
0182fc86
0a48ff6a
02a70454
fedc01db
02e803d8
ff42f98d
06ca02b2
049d09f4
fc06f954
f93f02e8
f76d0271
03cdff08
fba60126
f8470044
0af004ec
fe84fba3
fbb404c8
01d103f4
f9ecf7a1
0151fbbd
0353fbd8
f86afd80
ffe5fe09
048d07b1
f58affb2
fbfaf904
f97f0791
fce0ff7b
098efcc4
f4d604fc
0177008e
05daff10
f875077b
0267ff76
fad1fb10
fed900ac
ffa6f639
fcb5fde1
023f05e9
fb4c02c7
00b0005a
0101fce3
fc67ff8d
ffc2fcc4
fcca03d8
fd300581
fafafd2d
f848fd73
fda304be
fae50c1c
fa43059d
feef01cb
fadd00e4
fbc6067b
fdc9062a
fb27fbee
fdb3fe41
00c1fb2e
027c0311
02a801b3
007af0c3
0294fb1d
039f0399
fcdefe26
fde3f773
fc5cfcd2
f7d203de
028c0375
fe24017e
fcacf44f
07e4fa62
fc28fae2
fad5f1b2
0677038f
0906070b
02dcfac0
fd45fc51
036f06a8
02f6023a
0616fdee
02bd0705
fa550165
fb07f973
f5effeea
ff6f039c
081dfe53
01aefe8c
f7c201eb
f8d10846
018e0b14
fea503d4
fc5e0adc
ffed077f
094fffaa
00ecfc88
fee2fb4d
064203f2
032e015f
0761fcd7
fab6fbec
fc110181
fe96fd2c
fd2c00d6
ff9f0536
f9a6f3e3
069dfe57
00070662
04e8016c
ff66fdc7
f3a6ffde
06ce03eb
f907fdff
fe2600d7
045df9fe
fa07fc7c
ffd0fff1
fdbefdb2
01b0fc51
030afc66
01870695
fd82fead
fc6e0409
04ee0239
07fdfd4b
03f5059e
06ea0162
06e8037d
03edf9af
04eefa17
fd9ffc4b
097ffccf
00c1090e
f2870472
fdeafc8d
fdbbfce2
08b5077a
01dc00de
fa6af877
0402fd6e
0468fa15
fc73fb0c
fa4ffd0f
0895fd00
0252ff39
ffbdfd19
0329fa1c
054b0409
0163015b
01f605bc
16120f92
0634ffea
fc58007b
fb37fe3d
f749feb5
ffba05d2
fabeff92
0217fd25
0776002f
033a0433
f90bfddb
fb7a01e0
07c1ffca
ff8402e1
fdd704bb
f97ffb29
020005d4
fea30775
fd7afdd6
0515038b
001609c6
fedb00a2
0251fa11
fa1cf52c
05b20085
fe35f91e
febcfb67
ffdc095a
f9bc011c
fe60fbaf
f384fa26
074202b5
0611fd6e
083cfe4f
10cd04b1
f7bdf94a
022dffce
056b09e5
ff3006ef
0099f8c3
fedefc42
fe630817
f88c043e
fe380193
0644fa5e
0420ff70
fbfa0527
007a0161
0296fe96
fcbafc74
fda20542
015a0357
03e3f83b
030cf8a8
063afb75
0500fa7f
013afab3
fe9f015c
029a0689
031e02fc
fb92019c
fd56fcc4
ff190004
019a0709
03bafc4a
02d7ffb6
00a8fccb
0349fff6
0171086e
013df7fa
0a88fd88
0379faba
024502ba
073208cd
0181f6c3
ff3f02b4
0515fc10
0059ff26
feb3077b
0d06fe0e
06e6fed4
0132f5e2
fe2fff44
03110561
09c70348
fd48ff87
00bbfcb0
04c401df
0597f418
01d2fcb2
ffa708d9
015e00ae
027704c2
05b6060b
f896fdc7
fea3fe07
02c0075c
ff6d08cb
058d018c
0215f7b3
ffa7019e
f84904eb
f923f5f4
fb87fff9
02f30007
fe56fc09
f62809be
0561031d
fd4ffa6e
fe3804b1
013b0604
f9d9fef5
fd2c02d4
fa5b063e
0039056f
f59ffee7
f75cf6f6
023af3a3
f7c2f0cc
0227f9ff
fea503da
f64bfe34
fbbafcfa
006e0441
08680198
fd7003f7
03e70008
0c6ff7ab
fc4608d2
faae060e
fd38fd58
f91b0770
f9c20059
01aafd90
03020426
09ba02df
056c016d
fa18fe10
0581fe50
005f0941
082606ec
0770ff5a
f378fc79
fd49f639
f858ffd4
f93bfc0b
004efb77
fb4f0d51
fcd40212
fb0bfbd4
00cc03e0
000301e7
fd14fd4f
06d1f8a6
ffd3facb
f437044c
fec60621
ffa0ff6f
015c02a5
0771fde5
ffc3fcfc
06100127
0347f2d7
fbeafd49
ffed0803
04f1fd6a
ffe2ff60
f541fcb9
0071f762
00cef8c4
fd30ff6e
ff9a0250
019600c9
05190581
fdf100f5
fea8007d
f3840000
efe1fa86
01a402d3
03e20418
054d03cb
048101ba
ffe2ff0d
04720205
feedfc12
fc2300c1
030f0165
021eff0d
05a4ff2c
f718f8eb
f7540491
07d000c7
f946fa20
0021052a
034f031f
fbe304a4
0026009f
020e00cc
06ef08b4
f99cfa7b
f8ddfabd
00ab023f
03fef9ef
09500265
048907da
fd39015e
f292fdf4
fd07fc91
073e06d4
0303044c
037ef91e
fdbafc13
fc6403c3
fec00255
0052f9b0
ff7f0632
fda20c15
007600c5
fd7301c4
fbbaff5c
fcd7fae8
fce0feda
00d50082
fcd2fc69
fd14010e
04870282
025bfc9d
feb30004
fedcfe0a
033ffaf5
009d020e
00c10751
016600ad
fb9f00e5
ff830243
039f0077
03400a3c
0118fd7d
06c0f5ce
0201fe53
09e6f8ee
10fefbfa
f55efc61
fafcfb84
00600172
fc10fed8
fe5ff7a7
f9e5fe22
fb330761
f997fb0b
0571f676
fcd1ffe9
fde2fe08
013bff6a
ee820337
fbaafa58
06ba0398
fe870c01
f682fe2a
03b1ff0e
000bfe71
fd0dfc2f
03b0fcb7
f814fb0a
071b0174
008005f1
ff1b01d2
052df8be
fd2304a8
0b1b0b0e
039b05f0
fd21077a
020005d4
fea30775
fd7afdd6
0515038b
001609c6
fedb00a2
0251fa11
fa1cf52c
05b20085
fe35f91e
febcfb67
ffdc095a
f9bc011c
fe60fbaf
f384fa26
074202b5
0611fd6e
083cfe4f
10cd04b1
f7bdf94a
022dffce
056b09e5
ff3006ef
0099f8c3
fedefc42
fe630817
f88c043e
fe380193
0644fa5e
0420ff70
fbfa0527
007a0161
0628069f
015a0190
00220145
fb150306
079709db
04d5010b
f9a3f6cb
01750247
0237076d
0501ff71
fc070351
f6e7015b
ffb000f5
ff2cff2c
fbaafb25
0a95060c
0537fc99
f188ff03
fea6050a
01bbf997
003ffe8d
f8b3fda7
fc97fba4
0e46f93f
0083048c
05ea0bb3
0b87fbe6
0639fd65
0e80fdb3
09ac0169
045406a0
02c70211
0789fc77
0173fb24
f4c50602
031afe90
0468fe8a
f9c609c9
fde0fb39
002cf9fa
086a01f8
05c0fd86
f7c503f6
f49f0108
f87ff865
fa4ffc55
faa0f8e6
0970fb14
098a03d7
f93505aa
f80efe28
033a0256
046d0b0d
fe40f978
fee4fb20
f5b605f8
fddc00a1
0194fefd
fd54faaf
02daf7ef
fc2afc80
06d20394
029efdb1
035afedb
06280273
f703fc3e
0192004c
fba6066d
008100fe
0a92f375
fe87fc53
0321fe8d
03290101
00250b17
03d001b0
06bc000f
0c4af26a
062bf7fd
f906fceb
ffd8fb29
00470c61
fe8afd69
00b8ffcd
f9da015b
069dfeb5
04c60419
04d2f3e4
0f0efc58
ffcf0377
fe5bfe2f
044efdc9
fc260270
f92405eb
02c60607
012700a4
fbd7f85d
fe9602d4
00e7fe1a
0407fdac
fd370805
fdd9055c
0030023d
fdf00293
03ec0215
010cfc0f
f923098a
fc9903d4
fb6b0185
fbd90ad1
0758fd51
fe80052a
fb8ffc5e
fdedf73b
fa110244
018f0282
ff5e037c
0052fc86
fe5c019e
fdd0ff22
0185fa2b
fc5af948
fe7d02d0
00d30cd2
fd16fe00
f7800312
0100085f
0239ff85
f763ff02
ff80fd9f
0499f845
fe60fa38
fc34ff5f
01020764
fc100f6f
fa710493
04a007ae
02b2067f
0022014f
002d02ef
fc23fcc4
ffc905d6
fe38fb57
0010fc02
096d011f
fc33f83b
ff22010a
ff4afc38
f5d9fe0f
0a5dfcce
0299f93a
00aefc8c
0d13ffee
fc94031e
f620fa2d
fc32036e
fd6f032a
fbe3ff51
009fff5c
fa7ffaae
f9ba04dd
fe1f021f
f6c30304
006bfe6c
0897f929
03b6019a
ff28fd8e
064bfc23
087ef72a
fc07f866
fed5fea5
073af81e
00e5ffaf
fdeb05e1
057cf906
035301b2
ff770ba2
f6b4fb54
f5dbfe95
fe7d05fc
0057fe3d
0cbb0001
04f500b1
f758f881
fd79f9a4
00ed006d
fbc9fdfd
f8ec0110
fbd7fcce
f8fefaee
fde103e5
fad9fdf8
f7d5052d
ff800773
00d5fd88
fe1903e5
fb2ffeeb
012ff7df
02f40015
028e0845
f858021e
ff96fb13
0b2302db
ffb200af
0472fc6e
f47cfe52
f716fd1f
04ccfdab
f73bfc31
01230473
fcd60430
fc61ffff
0884087f
00240149
fa53f9e5
028bf777
078900de
ff720887
05f9fd2e
01e2020a
fa36024d
03da02be
fc8a0534
fd33fe0f
fe16fdd0
fbc2fbc2
05620446
0204ffdf
0188f847
fc0903b6
05010758
0e770a5e
f874072d
fe2bff94
fcf7fbfd
fba60120
06320497
fc84ff62
01f5026d
fd49ffbe
00d30197
0a5103f1
0550f940
0025f9f4
fc5fff03
09710062
05b3febe
fe45fb7e
fbff005d
fd35fd52
01eaf908
00c001f1
03120234
fafeffd3
fec1fb1b
fc8af9a4
fd67071f
0628069f
015a0190
00220145
fb150306
079709db
04d5010b
f9a3f6cb
01750247
0237076d
0501ff71
fc070351
f6e7015b
ffb000f5
ff2cff2c
fbaafb25
0a95060c
0537fc99
f188ff03
fea6050a
01bbf997
003ffe8d
f8b3fda7
fc97fba4
0e46f93f
0083048c
05ea0bb3
0b87fbe6
0639fd65
0e80fdb3
09ac0169
045406a0
02c70211
0ac7f90d
03ba040e
039c098e
01850200
fe7bf78c
086700df
07ea028b
fa7ffe1f
fff90560
fff60265
f852fe50
fe150014
019902fa
01effc00
fdaafa13
f8e2010b
fe080531
053002de
0695fa23
07390638
03a40494
05c5fc43
07e203e3
0269fa38
0056f77a
fa0ffe61
04d00439
030c035d
f9e5ffb1
050e039d
fadefac5
fa16f8fe
ffc20712
015b022d
01ccf67c
ff2df9a3
048c001c
f7ec05f8
fc4dff61
04bff926
038fff2e
0742075d
028e09bf
052dffc0
fc46fdaf
00cffc63
060affdb
fa01025e
0452fa89
0a15f7f8
014dfc6a
fcbe03a6
066ff585
011efabf
fb70098e
0d540735
03b402cf
fd4afa1d
046402a6
f9e2fb82
fec1ff43
02c1047e
f661f924
fed1fdac
041ffce1
fe9b07cc
08a90366
fd610349
f6e10734
05fdfd72
fe25044c
fc96ff5c
00b6ffd8
fb5605be
fae108bf
f91f03d4
0119046a
05c90730
fa72fb21
fba4025d
03b70383
fae7fddb
f6adfc49
010e01bc
ffc501e8
fd57fc71
ffcc0041
fe26f8b6
00b4fe94
f9e3ffa5
fbcbfd0e
0b99fc3d
080efbba
fd3f0470
fde5013e
051b0bf8
071205a8
0a96fa13
01520135
f4f202f4
ffa1065c
ffbefed0
02f401c7
032a0291
f945fadb
01c0fea1
0318ff03
01e405e4
023f062a
007cfd4e
04e30218
0515fd2a
fb90f816
fdc1015f
085801bb
00530067
0818f8ae
0b1205ab
ff8e0c72
0181f414
f76dfe96
f9a0017d
fec8fc7c
fcadffc4
03abf68b
fcdafca8
fb7cf7b9
04aff4ad
ff1ffd0d
fbd5fd91
fad5028f
f3fffe98
fdf0faa5
fc8a01aa
fc43fc39
067afe63
fb2a0832
01e5fe8c
046bf9bf
fab2ff34
fa06051a
ff31fd41
08f9faff
f8b900b8
f7ba010d
019e0706
fc57f83b
0362fd1c
098304a4
03480009
fb7d0bd2
0064025f
ffe202ca
0377015d
0500fab9
fbbefcab
0199f7bb
fc44fdfd
f87dff2e
fec7ff51
fed405a8
03ef00b2
0a1af77a
023403bd
fb34082a
06aa0371
01b101e5
fa76f574
f945ff73
fb63fdbd
0a0bf965
fe0d0841
fb0a070b
084d041a
fd3803e6
f8560370
ff180065
02650315
086f0250
026bff73
f47d0205
f515039a
f0a40150
effefc21
f85f043d
fdb60145
057fffd3
002403a1
fe33fe68
0191fce1
008101e6
ff2109c7
fa77fee1
ffc20305
06170517
08d9f951
0ba9fef4
089dfdc8
fe7afe7f
f9510117
f3abfd6b
f222fcde
06d801b1
0175fc72
f4c2fbd0
feb20310
ffbe0452
029103fd
fe0bfebb
fe2309af
fce9ff04
fb0bfdca
0742075b
fa36f6ef
fbf4013e
fdc3f8ef
f698fc54
0af507c7
ffe8f93b
fdd2008d
03280262
f9effcd5
04e5f67c
fb160138
02d4016a
06e3fcac
f84d055b
0397f355
02a2f905
03b805ec
fc21fdef
fc41f9a2
096b0158
000104c8
003afbd1
0010078d
ff4f04ce
fd060267
01e40bdd
0adc018b
03dafed8
021fff67
fb56fd70
00d9f93e
09c7fd4e
081b03b9
00bf003f
f9a901b7
0404ff8a
fb0b0338
fa130008
053ff836
0305fe43
012afeb8
f60000a4
fee8fc01
0ac7f90d
03ba040e
039c098e
01850200
fe7bf78c
086700df
07ea028b
fa7ffe1f
fff90560
fff60265
f852fe50
fe150014
019902fa
01effc00
fdaafa13
f8e2010b
fe080531
053002de
0695fa23
07390638
03a40494
05c5fc43
07e203e3
0269fa38
0056f77a
fa0ffe61
04d00439
030c035d
f9e5ffb1
050e039d
fadefac5
fa16f8fe
0335fb80
05abfb67
058a01de
084dfe7d
f7ea0924
05d20b7f
07b9fb97
fcc6ff8b
0634015b
00b9f98b
f93dff7d
fa2cff8a
ff05ff61
02df0067
07b5024f
00210031
00c5fd24
0a39012e
fcccf8ac
0046fb56
070f01bb
fef2048b
ffb6feef
043af84d
fee60cf5
fc900499
029bf658
f9830062
fe59045f
077503cd
02ac006b
0046070e
f746016a
ff53fa53
0700000f
fc60fee1
f474fe72
f873fde7
043afd52
024002f4
07e70724
0758fd58
fafdf703
0215f9d2
013f03c4
fe7f0716
fbdf018b
fc53049d
030cf661
fefff95d
03f20998
0393f9e4
03ccf3ba
ff30fe7c
f2f9fe25
f8f8f855
fc1cfb32
033ff9fc
039bfe33
01fb026a
068b00bc
03d40a20
09f502ca
08c4fcd9
0309feea
01c1fab7
002000bd
fff1fd34
01b5fbe9
012803d8
0412fe06
053a0476
f8540730
fd3cfad0
02db03a9
008dfccc
fdb4f448
fbc101ca
03d60242
fa360215
f9d5fdb0
06e7fb4d
05a101d1
faa407ff
ff82ff1f
0367f599
fab70976
0a2f0912
084c00c2
023b0451
00e3f7c0
fbc7ffc4
ffba0736
fac5f91e
05f3ff18
024dfee8
0389fde1
08ba0280
fac7fabf
00ed0547
00c3fecb
02000021
01610958
fca6fdcc
f89e09ee
fe9c0300
08650273
fa00045c
0160fff7
035b085b
f8d5fa3a
f8ae003a
f8360018
03b0ffea
02b20300
043bf8e8
0228fb54
f297fab9
fef00457
106afcf1
027e0440
f7750b7f
02f3fc87
017403aa
fadefcc5
fd5003c7
001b0142
019df7e0
f88d0480
f91ef548
027ef8d3
fa3f0564
fb600210
fe5e0b48
f4a202a7
002f02d0
02590ea3
faa403b0
03130146
0106fa64
fd1ffded
00eb0745
0675005d
ff67057c
f3bff760
f951f3a7
fba4fca6
024bfa75
0ba5fc5e
029bf8df
01e6ffa0
053401aa
fef601d6
0163ff74
03fa0108
fd1c01d9
f6b8ffe6
030b03ff
0bb4f6bc
fe9afba7
f7c2fd2c
f9c5ffdf
02e903c7
0146fc9a
fc6e00e5
01f7fbf0
fec90adc
f74f00b0
f054f94f
f8e00704
fc2efca9
fdbb06df
054b05ff
fc9f015d
00baffec
015802c3
ff20049f
0683001b
032c05bd
03c3f8b4
057afd1b
fb8bfd4f
f990f641
02a5ff0e
01200328
081a024e
0309fb8f
f5f200c7
0030f762
fca5fa22
ff94002b
01a2f9eb
fe6103ea
09edf9c9
fe03fb64
fa6cfd85
06d8f76b
fe1d003b
fae7fcfc
ff8dfd00
ff7600f6
012a01fe
febf0191
04e600ef
0a03fc15
02def8ae
fbcc039b
f718043d
00affcd4
040dff5f
ffc2fe4e
fcb2ffac
f68b085c
ff0607c3
01760771
f35b02dc
f3d8fd47
0827fee2
0603fde4
f6f0053b
fe6d04f3
ffc4019e
f56a0139
faaffeba
04f3065d
00cb0004
0295fb6d
00b20650
fa840006
fc77f8bd
f89c01f1
fcfbffb6
037ff9c3
0726021e
030f05f3
038a033a
043b009b
fab106e3
fe5204d2
fa64fc38
fff604e8
01000355
f98e0416
039e06ea
03d1faf3
095bfa74
0669fe66
ffe2fc7c
0646f639
05fdff5a
07080753
0368fc6e
fb2d02af
0140024e
0312fe96
f8210588
0335fb80
05abfb67
058a01de
084dfe7d
f7ea0924
05d20b7f
07b9fb97
fcc6ff8b
0634015b
00b9f98b
f93dff7d
fa2cff8a
ff05ff61
02df0067
07b5024f
00210031
00c5fd24
0a39012e
fcccf8ac
0046fb56
070f01bb
fef2048b
ffb6feef
043af84d
fee60cf5
fc900499
029bf658
f9830062
fe59045f
077503cd
02ac006b
0046070e
10fcf923
0a9afbb6
f80bfba6
099bfe5f
05610396
fc9a00e5
09810730
01fcfb36
0687ffcc
098d0dee
ff7f0100
049202db
0049033a
017b062e
08af094a
fa15fcd2
fb59014d
06cffa8d
0554f4a8
035aff31
f997f7ff
fd9ef982
0061fbd1
f540f9cb
fda20027
02a9fbde
fdf1ff42
06dc0579
075d03cd
f8150750
fc41012d
097bf77e
0a5dfb0d
0284fee1
fbf1054c
fd1306ff
fb500534
01e70582
05dcf5fa
08cafcff
02d30329
f72afd96
03500e97
001d02f5
01abfae0
050c0011
fc5dfee2
03d0038e
0146f5d4
fd3afa7f
fc8402fb
0451fd26
0311ff9c
fb73fd97
00f2fd9e
fbc8fd25
063000e1
06de0210
fedbfd7f
0067fdfc
f98af456
00edf4a6
ff41051f
033a0385
0828fbcb
025701ab
0ae501c9
fdeff9b6
f7b2fd77
fd6c024b
fbd4fe27
04b801bc
fe55035f
feccfd95
02cafc0c
fc8aff52
05740048
04bffad8
0159fd82
089fff02
03f4ffd6
f81306b5
f75103f2
fa04ffef
f671fe3e
faffff02
014205cb
f9f104bf
fcb5f706
0854fac9
fcb8045d
000b00e0
071107fd
f6c40a10
fe7e0be8
049f05ab
016afa58
fee50473
ff5dfe88
084bf7d2
041301c3
02dfffe5
00baf91c
00a3fc31
ffb8040c
06cc033d
0a0afdb1
f717fe61
fd1b00a9
01b30179
03f701c3
0293fd6f
fac10182
037c0329
00030152
0415072f
032202db
fb6e0125
fc860367
ffe20002
08b1f9cd
01fa0028
ff3504e0
02cbfff7
00b70b4f
036204a1
ff44ff35
f53505b1
fa54fa23
fb10f95a
fb23fd16
0652f98b
faa5fe58
f418ffbf
fcd2fb5b
02ee08e4
fcca047e
fae7f93a
0494ff1a
fe24fa67
030e0298
025402c8
0569fecb
048b04e0
f5950187
0117faff
fb7cfed3
fa5c06ca
04aa0205
ffe4068e
fe9af6d1
000ff586
fb6e0b38
f59c0087
fe2cfa0b
fd48fc44
ffec06c4
0126fca9
00a4fadd
05cd0a86
fe1f0389
020c041a
fc6ffd5e
f9c1f61f
ff07f6ff
fa780b9d
feec05fd
017cf3fd
fea3025a
fc61f9d7
02af04da
03130271
fcb8f5a5
f9ed000a
fa5601f7
f8f002e1
fc24f808
01ac0504
f81c0480
fc7fffdd
fbd90659
fb0dfc7d
00ca00b6
fa95fbd0
03cbfca7
085bfb7b
09fcfcd8
0286fbb8
f850f69d
fd8006a4
0076fe6e
00cafcff
fd8002cb
06db0343
0a9105cb
04d4f7b0
058bf6d5
063cfe27
027c024f
ff94fb88
0459f7ff
02490715
01f9025f
fc6ff2ab
fab7fb80
01cc059b
0180ff67
fe4dff4e
fcf902fe
00ce0772
fa2907e4
fef7fd3e
ff09fb8c
fc96feab
0233fb8e
f7370148
fde30943
00cd0459
0401ffc6
04570108
ff5a00f3
02d900ba
f8cd0320
0000fecb
fbc2fe96
00de04b9
09cbffad
fb2a0441
01030627
f5fdfa2d
f896fbeb
ffa605f0
f8d20219
01d201c9
fc500e70
01b00073
0100f790
00b20256
023c0466
f696053f
0aa9f45a
0375f277
f6e80552
03c70108
f6eafdbb
fe27039e
0491fe49
fd1000a9
04fc0853
01eb0627
fdf003e2
fdc6fdb2
ffbc0095
00df01c3
f6fcfe2b
f9e0001d
10fcf923
0a9afbb6
f80bfba6
099bfe5f
05610396
fc9a00e5
09810730
01fcfb36
0687ffcc
098d0dee
ff7f0100
049202db
0049033a
017b062e
08af094a
fa15fcd2
fb59014d
06cffa8d
0554f4a8
035aff31
f997f7ff
fd9ef982
0061fbd1
f540f9cb
fda20027
02a9fbde
fdf1ff42
06dc0579
075d03cd
f8150750
fc41012d
097bf77e
073e013e
fe6bfac4
03a80116
09ddfa94
0524f749
f819ff8e
041601d9
01eef72b
fc37f645
fdf902cb
ed98fdf8
fca8f979
0331026d
00290647
00340344
0424ff8c
0b7f02e2
01c9fad6
066bf9fb
ff8b0c37
fbcd08f4
00f1021b
008e01f7
fdae00a5
f8ce0ad3
02bd0eac
fe250314
0337fd2f
fe68feb2
f4f8f74d
0200f73b
02a805b1
08f30389
ffc2f726
fefdff63
fecc03be
fc06fd2f
06d60477
f4d5014e
0290fb00
0a1d01f3
feb601d1
0987ff3e
00bfff11
ffe704e8
fd0e030c
fc0af61e
0335fb64
0165ffba
fb62fe86
f8a703da
0369ff83
fe50ffb6
0043037d
043004d8
003f00d4
008efa8e
f9f400ca
fffefe4c
fe0afb0f
00ecfa18
0906f9ff
0a4200eb
0bd6001f
026a05d4
fd580664
fa26fd48
fff5f886
fcf0fabe
fca50203
fdac0023
f4e801a9
041c03e7
04a20169
05750226
0327fd21
f850fc00
02d505b9
02f7ff2b
ffb6f831
fb57026f
fd9000a1
059508b7
0a1c0dee
051ff9aa
ffaffab4
0ce00478
0a15fdba
030705f7
055106d8
0630f286
05e6fd2a
064701ca
0286fafe
01490254
07e30219
fde10c05
fd1effe8
fc3cf243
fe64ff6e
042b0503
f70b0034
ff53f930
04d600c8
03e6ff89
02b1000b
fbeb0486
025dfe4b
0121fe2d
fb57fd79
ff970663
ff5e0167
f540fc5a
fb690812
fd93fef4
fca1fcd3
027c0275
fe9afd7a
04420199
00b7fd7d
fe22f9ef
fbe00297
fc1401d7
0a12012d
0198fcf8
f80004dd
fc830051
0098f281
fb96073e
fd010115
0024fbf9
f846017c
fd1bfce0
ff44048f
f88affd6
fe3e04b7
043100cf
f8ebfc58
fbc60128
014800b4
fba0024a
fd32fec2
fbf80671
ff46fb9d
f617f81e
fa4200a6
005ffea8
f838ff1f
02e8f96c
f6ee08f2
f7e20582
04e1f595
fa38fbb0
00f90107
041304b2
fbc3f903
0159fc45
fe4e0655
f847ff81
06810321
03c7fde1
fe8dfe45
027c0fa7
045401ef
0bd8fc88
00280737
003d0044
04080681
f6e604ac
fa7cfb3e
0814f92a
057afcb4
fb39ff9c
0379fa78
007bfb4b
f79bf934
f7b50545
f61e0553
fe05fe9f
0125025c
0594f9e8
077aff20
fc8802cf
f68e0765
f9d404b9
0361ff21
073afefa
0515fa64
09ef02a5
0384fd88
fb61ff41
0004ffbe
fac2ffd4
fd5609d0
fe72ffbf
00ef023a
042afe9c
f8c9f9c8
009303e5
f879fc11
f3d4fb05
03b9062a
ffba0452
03860333
046dff60
ff53f83b
ff14fce4
fc9afae1
003f0291
023efe80
fbdcf3bd
fa2e0195
fd61f980
027bfa49
0949017d
01e5014d
024a0b2f
0522ff10
003efaf9
fdd30104
f7aaff08
02ed0141
04d8fdb5
01b20235
0c05065d
0108fddb
f683034b
fcc3048e
03ee02cb
063404c1
fee4fe68
f6780918
f77003d8
0031f861
08dd0246
0489046b
0032ff90
03fcfc7c
04680637
0291ff1e
fddafea6
0297076e
02e9ff7f
f9c0065a
fbbbfd6b
0529016c
fe4405c3
f65eef46
03d4fa71
f8c50524
ff1dfb81
0cb9f504
fddcfcda
063003cc
feb80047
ff18074f
073e013e
fe6bfac4
03a80116
09ddfa94
0524f749
f819ff8e
041601d9
01eef72b
fc37f645
fdf902cb
ed98fdf8
fca8f979
0331026d
00290647
00340344
0424ff8c
0b7f02e2
01c9fad6
066bf9fb
ff8b0c37
fbcd08f4
00f1021b
008e01f7
fdae00a5
f8ce0ad3
02bd0eac
fe250314
0337fd2f
fe68feb2
f4f8f74d
0200f73b
02a805b1
fc960000
f9edffbd
f652fff7
f8b2f878
fe1b01f0
f8e2047f
fe14fe0e
094bfa0b
0238051c
fdda0867
0023fe7e
fc1ffc5b
f836fa77
ff7808cd
041e0253
0079f92e
02c705f6
02930438
f49d0213
fb5b016a
0cdc02a5
056803ef
ff17feb6
ff86f919
0416fc56
0038fc6f
fb53fc50
044c06fa
013effae
00fcf994
0736022f
06360432
034bff4b
0564fb9c
042c0004
fd690454
026101aa
033a0262
01a802e6
0970f743
0a79f951
0603051f
06350654
0586005a
0a2ff887
0bb2fdcd
fe5d0746
fda00791
007403b4
ff4b07a3
00c60422
0157f7ce
00fff999
fbcd0681
021905c8
ffcaf8bd
faf1014d
0399035b
ff7d012d
05c106b8
07f203b5
f8dfff06
fdfefa59
014f0573
013efc2c
059df8dd
0079050a
036effaa
fdef03c4
fc6bfc0c
056bf8fa
0102f68a
0088fa09
fd3bfd28
ffdef646
0059048c
fe2cf671
feaaf814
f67509a4
fd920060
fe15005a
fdcdfc2d
fcf200b5
f9050230
0311fd26
02700237
01dc0298
015c0452
0474022f
00dafc57
f63ffe18
fedd03c6
071b0756
044f01c5
fffafc22
00560377
f9a3021f
029e0259
046dffd0
f338f989
017e067b
01db0049
fa520072
059c089c
0001ff56
fde4fc86
08e3fcb4
023301c9
01dcfc23
06abfe6d
f804010b
0353fa6b
0374feb3
f74cfcc8
fff7041c
fac3fd8b
0139f734
013406d6
018a05f5
05ad0319
f5e80596
fd5204b3
0556ff7c
ffa10199
fe520411
0149fc0b
0114fb4e
f74b0252
faee0000
fde7f7b3
f63e05b1
fbe5055b
05c9f8e6
ff00ff39
f7dcf81b
ff74fdd9
ff83055f
fb96fc22
fdce0380
014e06ea
04720073
fffb024d
001f013a
f976ff48
f2260648
f9d40074
fe09fd1f
0456ff61
02e9fdc6
027c0539
0223ffec
000f00ab
fc05fb2f
f42cf7f3
04620859
fcc8fe2c
ffcbfb0f
0986fff1
fb420095
0ef500c8
080500b5
00a10120
fb7ef69b
f61f056f
0ab3025b
fbf5f978
0325072c
0047faca
f056fd4e
faf20c6b
f15f01ad
fc17f339
0782fe4d
071afcf0
0c14f224
0056fe55
f622fdb6
fdb8fe6a
0285fefc
ff5e00f5
024a0517
03e8ff46
01f5fdae
fae3fb51
01ec06fa
040e0cc9
faff0226
022ffb18
fd85ffca
0161091e
078e0783
fdcf0165
0196fe2c
0711f7ed
ff3ff2db
f8c405fd
015803ba
ff18fde9
f8aa0a03
f9c6ffc8
f8ea03d4
0595ff1f
0a3dfeba
fee50ac2
fb9a0212
005ffcab
00ddfbd7
ffa10021
fed9fbe4
fa4bfa65
03f0ffd2
09f5066a
014102e8
03f70185
fb5204c1
f784f8fa
084401f4
0459fa21
00a5fc30
0445073f
fd55fda8
ff14ffdd
0660f58d
fed20c7d
fb0d0ed9
fba0fc76
f1dc04a0
fc3efc44
fce4032d
fc14fbc5
06bdf89f
fa2efddc
045cf663
06ec00c8
f880013e
fca2fcc0
0156fe4b
00c502ef
f3350207
f546009a
032202b7
09140142
005b0072
fd37f904
0607f9a2
feb40191
02210451
0318057d
061001cb
0b65fd8e
01f00150
015efbfb
020efd64
06100410
ff56f8df
f804fd98
fc960000
f9edffbd
f652fff7
f8b2f878
fe1b01f0
f8e2047f
fe14fe0e
094bfa0b
0238051c
fdda0867
0023fe7e
fc1ffc5b
f836fa77
ff7808cd
041e0253
0079f92e
02c705f6
02930438
f49d0213
fb5b016a
0cdc02a5
056803ef
ff17feb6
ff86f919
0416fc56
0038fc6f
fb53fc50
044c06fa
013effae
00fcf994
0736022f
06360432
ffc704f3
086aff51
077afb25
fb3006d3
ff5b03f5
ffe90794
fb36ff7b
fdd8f888
040afe96
014a0429
fa6905f6
f986fbea
00b40477
05d603d8
fba3fb53
fa490464
00f601ea
0150fe79
00c1ff09
0483fccb
04b5fe54
f956fc29
fed5f7e8
064f04ff
033f0710
03b9ff49
fb68066a
fba80310
011d0841
06e602d2
ff1df7d7
f62f06b5
0a5d00b5
0273fbdd
fa6101e3
fd35fba4
f99ffb93
041a00bd
f7e405bc
0207fb9a
0a46f0f5
ff60fe5e
0268042c
f68b0295
fef60b9f
043a0852
042ffd11
0823f84b
04f2f73d
02e3ffe4
fd27063e
0625ffca
f64eff90
f59cfdf9
0527f951
fa5006a7
00180986
017ef7b0
0321f513
02c305d1
03af0548
04fdfc9c
f929fb7e
0250f5dc
08c7fce1
0698f856
0850fdcf
01260cb1
fadb005f
03eaff89
07cdfee2
02cd02d6
030600d2
f7b9fb43
fb7e0169
0657ffbe
fbf70134
fd5af61e
0381feff
ffbd074d
facbfe14
f2f2ffba
fe7bff5f
04c9080b
f7d20309
ff6505d0
ff9e04cf
03e7fd00
0288031b
f36efaa4
fe020196
ff0005e1
05f7021d
049101d7
fe200032
03480503
fc7700b5
0658fcf1
ff93fdf3
fb32ff44
00f50168
fdd10122
099afd1d
03e8025d
fb54fe2d
022afdda
00ce0302
fd0af6ce
0b3f03de
056b0253
fd14fde3
066dff9c
f320f919
fa0e04ba
01a9f84b
f33afedc
fb55032b
fcaafec8
03510cca
06f2fe6c
fe71022c
031b098f
0cd6fb3c
0431f838
f8eb0132
fea1fe81
0192f8b6
064c046a
0a1f04f3
091dfcdc
fd4ffd7f
f8a3ffd5
047dfc51
f7870135
fa59fe23
0b7901a0
ff910c04
fd82f88b
03f6fc47
037801af
fdbe0217
fc980a77
06ca00ae
fe040238
f58efad8
000bf6fc
feaafde7
ff8af9fc
0e980120
02dd0370
efd8f7d7
013afd11
085f010c
ff25f718
001cfe5a
fbc102f0
fa290431
ff2d0463
ffcb003a
f3c8003f
f5a3fc77
0445ffff
fef70165
f9df0738
fbc703f6
fb41fbae
fb400032
feeefd1c
fab601f5
f6330641
fb0f0254
fb38fdd8
fb3dff9d
f7f2fb2a
fdc3f5b6
02d400ee
fe0efddd
0163ff23
04b300b6
058bfc1b
010106e7
ff40048c
0137fd54
ffda026a
f4970474
f69d0704
03a90576
ff01fd23
0706026c
05b6031f
03c801a3
0bc303c0
011ffee1
010400c4
01cd038c
faaa0343
fa7ef768
ffaffa19
f77f0059
f92bfef6
01080294
f943fb03
02b5066a
f9230078
f098006b
fe6408c0
feb5fa19
fe0506f2
fdb9fcae
03cbf71f
02e1fec4
fc65fb38
fe0e0232
02800033
010808f4
fe8ffda9
0183fa1a
f9f901f8
f92af9ea
0342ff8d
0923f461
02aff779
fd350241
fe67fc2b
00b5021f
05070158
02bcffe1
0be2058b
06cb00aa
fee3fcf5
029502f4
fbabff8c
035900e9
00df01ab
fa33fd0d
fa970913
fde505b1
06abf88c
ffeafdb3
034a05c9
09e0fe01
03d4fac2
04780293
0883fc94
02870357
fd83052f
ff7ffd95
03690617
0888012a
06a8fcc6
07f6015a
00100246
f857f923
feb1f611
005cfd91
00e9fc24
ffc704f3
086aff51
077afb25
fb3006d3
ff5b03f5
ffe90794
fb36ff7b
fdd8f888
040afe96
014a0429
fa6905f6
f986fbea
00b40477
05d603d8
fba3fb53
fa490464
00f601ea
0150fe79
00c1ff09
0483fccb
04b5fe54
f956fc29
fed5f7e8
064f04ff
033f0710
03b9ff49
fb68066a
fba80310
011d0841
06e602d2
ff1df7d7
f62f06b5
ff4bfc4b
ff2a07f1
ff29fa25
05c9f8eb
027ffd3e
073af807
fe86f652
01aafe5d
10d100f6
fe32050e
02400474
fee104fa
f93e0391
04a40942
f66906b9
faf1f636
0292ff66
fca6fcfc
fdd5fbbf
fb8ffea5
fd16fab1
02720979
04cd0601
02fff883
048500d5
ffc60295
f91ffdf5
ff2a04fa
01a8fb7b
00210127
fb6a047f
fbc0fb33
078907c7
0486fb1e
fb3ffdec
025b0328
0364fb3f
f938fa63
ff5bf71f
07e20832
005300dc
fc9b0184
03950c2f
09f401d5
03b7fa55
00a70001
04380c97
ffa90046
00490528
fe3e03c1
ff2cfde3
ffa310f1
fec50ac8
0763fe79
02cafc87
04b1045d
fe320136
f8df01b4
038b0d15
fee4002c
0845ffa5
0568056e
fa18f791
001df7e4
06c704b5
08e7ff6b
0022f98d
fd0bff81
f563020c
02340171
0646fe1d
fe8df851
0926fd6c
f1a3fad3
f933f52c
0810097f
f96bfe81
0346f702
00ac05ff
fd35fc70
04f30178
047bff42
ff7802fc
064502ba
065ffc4f
0334045a
07e6f367
fc1ffb26
014e0732
ffa7046c
f8fc011e
fd82f834
f8a80231
fc13fde0
010cff05
0aef0352
00b5f3fb
ff02fa5b
069b03ba
fa7cfdd1
00bffa3b
fa84fabd
fbdaff16
06caf9df
0045ffe5
ff5d0c6d
fccb0112
fe6c04ea
fd43ffb4
fac9ff20
03641023
0460ff4b
f887ff86
00e20865
061b0387
fe49ffe8
0712042d
01020ca2
fe9ffe1a
f9f1f79a
f66ffc0f
0310fe27
fb3efac0
fbddf864
feaafdb1
008e01b3
062d0190
ff49fa4f
f9a3024b
fd8c0125
04a4f670
0105fb3f
022b0063
feb40392
050a00ca
0767fb12
f360fddf
f90e0375
fdbbfbbc
025dfda3
06e0fc7f
fceafb07
fa6d03aa
fd9ffa09
fe6effd8
f2840332
f8e802ba
fd3101f7
fa15fa4c
07a10236
0926ff89
07b00132
fe8600f1
fab4014f
fb2e0001
f8dbfca4
040a07fd
fd680035
f8b402b0
002106fd
fe1f00b5
ffb204d5
fe670430
fe890347
0aadff14
0b3401fa
fed7047d
fe2afafe
013ef782
fb72fa60
f75dfd25
fdf50005
0647fdfd
09ce0173
042a039c
fa31f686
fb0ffb9a
febc00c1
054ffef9
06010348
fc2dfe3e
fa48027f
ff80fed1
00b2fcc3
fcb306b7
054803d3
046b0ab1
f7810f64
fa8900de
fc0dfd71
ff790398
027afe26
031ffcb5
044b06ac
fdb205fe
fc87f9f9
fc6afa03
fe030297
fdf504a8
f957040d
fb7dfd44
fb0dfe95
fa50065e
fe63013e
fd910016
fe8c003c
04e0fed9
fab00858
fa0d07c7
0918fcee
ff48fd83
012ffcbe
022df820
f678fe15
03fbff02
031efaf5
02d20185
05cd038e
fbe1036f
fd84fda8
f504f63c
f74e0065
033801a3
073e024d
021f0389
f909ff9c
05affe24
0365f775
feb90272
fd72035f
fadffd0a
02aa029b
fafdfd41
06b4fa87
04f1ff3d
f677033f
05a5fa04
0a86f8f9
06d9021a
fcee0046
00d1f73c
0603fad4
fd0a07dc
fad70059
fa440212
052efc49
03ddf84f
fd1304d0
01d90280
0605051f
082400e8
081504ae
072bfe96
fbd0fb40
fa2e0517
fdabf305
ff4bfc4b
ff2a07f1
ff29fa25
05c9f8eb
027ffd3e
073af807
fe86f652
01aafe5d
10d100f6
fe32050e
02400474
fee104fa
f93e0391
04a40942
f66906b9
faf1f636
0292ff66
fca6fcfc
fdd5fbbf
fb8ffea5
fd16fab1
02720979
04cd0601
02fff883
048500d5
ffc60295
f91ffdf5
ff2a04fa
01a8fb7b
00210127
fb6a047f
fbc0fb33
fcf3fa96
fddefe31
075304cd
037ffc7e
fd88fd0c
01f00094
fde3fff5
042fff68
074c0612
fa0d02a4
ff36f9e8
ff2dfe82
fe18fbb2
046dff99
ffa3f7cf
024dfad5
ff180a99
040f02b8
0b7501e7
fd9a0230
f9fbff8d
fdecfcf3
000e056e
01ea046a
036efef7
facc0ac7
f7f50493
fea40211
01e9ffe0
0c53ffa3
05f405a0
055aff7e
01e1f8ee
fba9f8f2
08b5fe4e
02dffaf1
05130448
052705be
0147fe2b
030d02c6
fe76000d
fd7b06ce
f87205e4
0863028c
02de07ef
f7030402
05d9015a
fbbc0167
fda6faf6
03dbfbbc
ff3304c1
04eeff14
ff68ff7c
fe64fd86
fb84f6ae
f85bfdf8
0740024d
0255ff93
fa91fd5e
ffe8054a
00c7fcdd
01daf567
fb890247
03d70607
01f306a8
f8a10208
0607f87d
02e6fa07
fee607be
04820578
03d7fd23
fc98003e
00dcfcb0
075dfba9
043f047c
09d20536
06f6f4a9
04fef927
023e0269
05cb008d
05640339
f9bcfe13
f8af042b
fc06feae
064cfb17
f25bffe7
fb0cfe71
10d30575
f768f971
fb43fdc1
fbdf0249
fc9bf485
07c2fcf1
fe47fe58
fc640107
fea50492
fc77016a
fe9108bc
06c90936
025506ef
fefafec9
ff930003
061106af
07bff751
fa84fb79
fb08fe32
ff97fcc6
01bb03e1
f92df69e
fc98f7bb
0127fb76
021c05fd
057e0409
f643fb63
fc040b76
f72eff2d
fc7b00ac
05e9ff25
f825f972
05eb021a
0184f441
fea50077
fee601de
f24efb3e
feba0151
05d2fb36
fd5d0304
01110778
074b0296
fc8bfe00
fe67fd9a
fcf6012d
f80cffd5
fc27f97a
fee8ff9c
00f207e1
f4050272
ffb3fbb1
0437fd33
fc2f06e4
0928fbfc
01a6fee7
fac3ff9f
fef6f66b
007e084d
fd5effe1
fddc01d5
031c041e
024ff79f
02af0592
065c057c
030efa09
fbc1f830
05740375
fbb20158
fab2ff17
0c6f090c
fd7604af
0146fc52
0169f8b2
f5a30b50
fbb40dca
fb180138
03d706b4
061a03ad
fecefee2
fdd5fcd5
fdae0000
fc8a00e7
fd7bfb11
02d5ff18
007202d1
009f0076
febbfe79
fe40fc62
ff2a0007
f5f006a0
fbe503e7
fc7bfdaf
fda4fa32
0340fff7
fc840462
05bf0116
01260054
0305fbc8
10b6ff16
007d0658
f90cfbe6
fa6ff861
ff450329
06e5fe30
06e803bb
024b04a8
0425f6ed
08fd0984
fe4c03a7
03d3f3a1
03c70180
fd5505b4
fdd502c3
f5aefbf7
0441fe18
0222fe72
f78efee7
036dfc17
0432f79b
fce0045b
f4ccffe9
f832fdae
fdf9fd23
fb39f8a6
fb8a06dc
ffe2078c
feadf8ca
fc5cfd87
ff0509ce
fc3efd44
fd84fe7b
fd8e02e3
f7e6f918
f795fa3e
f9d8f750
fb8203c6
00ce058a
093102d4
06fe0b97
048101d8
01d603f9
f58b035a
f5110411
fe98003e
fcd1f325
fc57fcbf
04edfbd1
022cfd12
f99004a6
fd03ff97
011ff976
f883fe27
fb66018f
0418f78d
ff30044d
02910932
0658ff1f
0665f86b
0254f399
fbba0392
ff9305ad
070a0385
1291fe79
0d71fd19
012408b7
03b2005c
00adff1a
fe7d0037
010efd1a
fcf3fa96
fddefe31
075304cd
037ffc7e
fd88fd0c
01f00094
fde3fff5
042fff68
074c0612
fa0d02a4
ff36f9e8
ff2dfe82
fe18fbb2
046dff99
ffa3f7cf
024dfad5
ff180a99
040f02b8
0b7501e7
fd9a0230
f9fbff8d
fdecfcf3
000e056e
01ea046a
036efef7
facc0ac7
f7f50493
fea40211
01e9ffe0
0c53ffa3
05f405a0
055aff7e
fa9f0873
f20305d7
ffcc0387
046d095b
01480093
f960fd73
ef4a00f8
03f1019e
08780390
00e5f9c9
fca504ca
02a1fdcd
0123f7d1
fb900662
09b7f6eb
03d4f95e
0327052c
04d00385
016702a1
04d900b8
023e0135
ffc30558
ff2c05c1
01f1fed8
faf5025a
f9be0267
fb4cfd52
fd9afa65
00bdfb48
00b6fdde
03e100c3
00e501ba
0400fb0d
fb6e0077
0068ffbd
09f204ec
034c0415
0921f801
0036ff00
0302f77c
0bd0f95a
0073fbd2
fcf9fcbe
074e02f4
0857fafe
facffee6
fcd4fbf5
01fffc1d
0661f915
049ffc51
f8960834
f93aff68
000a0667
fe1e0b5e
01190340
0c88fbf1
04e8fe5e
00c5f8ea
fe3dee3d
fc24fe1e
076f02c7
04ba0774
042f0243
0007f3e3
fe35fccb
05ab059a
02130a72
017cfe7e
fe9f0190
f91907a2
f9e2f5dd
0509fe9d
08ee065a
f9d2014d
f99002e4
ffc6fd31
02830114
0930047d
fcedfc66
fe1eff0a
07ae00dc
f7bffef6
f90b006c
fa910178
f8cbfd76
0188f79a
f98a06f1
fc8007da
0007f882
f7d5fed7
038bff1d
0a69fb2f
ffb6fb74
fe93fe78
078d0527
0a0705a1
f9a302d4
f644fc1c
00f7fedf
011605bf
0609fea5
fda7fbbf
011802cb
075a0368
01300414
029001ca
f3b9fff9
fdcb08af
01320378
fb060048
063e016c
fe59fdac
fe3d079e
fc570469
fe20ff4d
ff990239
0029f9d8
0513f9d4
09dffc17
0aebffc2
f85302d7
0392fcb8
f9cc0068
ed95fce8
05b7fa82
fc3d0469
fea7fe2a
0744fa29
03f70173
001a0546
f9c70040
00a5ff1f
ff78fe6f
fe27fa36
04e90596
ffa003fb
f34202d2
fb96fffd
035cff09
fdd1105c
02ebfee1
056a0125
01050bb5
0100fba5
feeb0450
fda00949
024a0753
01ab0302
094f0356
02ecffb2
f379fdb1
fc6502a1
0206f480
08d6fcd3
02d90000
0252f6b3
06b6fc4a
f195fdea
f6bffd41
0483f9e3
fc00021f
f263fffd
fb6efe42
066effee
0018f859
0413006b
0670006d
faae0244
fa130220
fcb3fb1e
f82a0105
fa81017b
f36cfbeb
f321f99f
00dffedd
00eafec9
01b1fbeb
0324fb7c
0112fd14
faf0037f
fc7d0085
faedfbcd
0023fc1d
0949ff78
f902fac6
0328fbc2
010b02c9
f5c5f91f
042403ac
fd1e0633
fa99f71f
f99c0391
fd8d01cb
06e200bb
02bb0338
ff1ef963
03510835
086102c5
02f6f6bd
00b0fe14
fc2b01c0
fe9509a1
001501fd
0203041e
07eb03a7
f9c8fbfa
fce10560
03f70496
046506a0
05d50204
fb33ff4c
fbfcfdc4
ff44fe23
030801ec
00e8f904
f75305c8
fc82fe28
fff5f86e
feb7033d
017cfad6
035904b5
05620311
06dbfb26
0068f929
fb0dfd2c
060a010f
ffa2fc49
f5df09ad
018c0427
fa7af766
ff38f93e
0588ff09
fdc102ee
05edfce7
0366fe9d
00f8ff57
fd86fee3
00f5067b
ff840738
f818fd68
07d50362
01aa01f6
feda0277
03990e51
fd5cf717
ffc4fb60
ffcf0735
0359feb2
ff470588
fe6e02c0
09fd052a
0713fdcb
fd2dfbff
03b600c9
0188f6f7
fb86fdec
fa9f0873
f20305d7
ffcc0387
046d095b
01480093
f960fd73
ef4a00f8
03f1019e
08780390
00e5f9c9
fca504ca
02a1fdcd
0123f7d1
fb900662
09b7f6eb
03d4f95e
0327052c
04d00385
016702a1
04d900b8
023e0135
ffc30558
ff2c05c1
01f1fed8
faf5025a
f9be0267
fb4cfd52
fd9afa65
00bdfb48
00b6fdde
03e100c3
00e501ba
00000000
00000000
00000000
00000000
00000000
00000000
00000000
00000000
00000000
00000000
00000000
00000000
00000000
00000000
00000000
00000000
00000000
00000000
00000000
00000000
00000000
00000000
00000000
00000000
00000000
00000000
00000000
00000000
00000000
00000000
00000000
00000000
00000000
00000000
00000000
00000000
00000000
00000000
00000000
00000000
00000000
00000000
00000000
00000000
00000000
00000000
00000000
00000000
00000000
00000000
00000000
00000000
00000000
00000000
00000000
00000000
00000000
00000000
00000000
00000000
00000000
00000000
00000000
00000000
00000000
00000000
00000000
00000000
00000000
00000000
00000000
00000000
00000000
00000000
00000000
00000000
00000000
00000000
00000000
00000000
00000000
00000000
00000000
00000000
00000000
00000000
00000000
00000000
00000000
00000000
00000000
00000000
00000000
00000000
00000000
00000000
00000000
00000000
00000000
00000000
00000000
00000000
00000000
00000000
00000000
00000000
00000000
00000000
00000000
00000000
00000000
00000000
00000000
00000000
00000000
00000000
00000000
00000000
00000000
00000000
00000000
00000000
00000000
00000000
00000000
00000000
00000000
00000000
00000000
00000000
00000000
00000000
00000000
00000000
00000000
00000000
00000000
00000000
00000000
00000000
00000000
00000000
00000000
00000000
00000000
00000000
00000000
00000000
00000000
00000000
00000000
00000000
00000000
00000000
00000000
00000000
00000000
00000000
00000000
00000000
00000000
00000000
00000000
00000000
00000000
00000000
00000000
00000000
00000000
00000000
00000000
00000000
00000000
00000000
00000000
00000000
00000000
00000000
00000000
00000000
00000000
00000000
00000000
00000000
00000000
00000000
00000000
00000000
00000000
00000000
00000000
00000000
00000000
00000000
00000000
00000000
00000000
00000000
00000000
00000000
