2.37549048e-05 0.00418002717
0.00573169673 0.0303460155
-0.00535127474 0.0234330595
-0.0171389859 -0.0160056353
-0.00879162457 0.00236069178
-0.0190498531 -0.0162516367
0.00107896922 0.0111997761
0.0260231458 -0.0165221505
-0.00967934635 0.0177354533
-0.0120637445 0.00736249657
0.00922833569 0.0188619904
0.00692886533 -0.00270837639
0.00244949618 -0.0280887596
-0.0185095128 0.0338082239
-0.000507535064 -0.00334160076
0.0129350573 0.0268272422
-0.0261155795 0.00779580371
-0.00910634827 0.012826426
-0.0374850743 0.0345138796
-0.0250480585 0.00598776853
-0.0362177305 0.0261582509
-0.00379963382 -0.0287705641
-0.0249202251 0.0161545705
0.00536799151 -0.00452127401
0.00310187112 -0.00249864999
-0.00361319864 5.75104314e-05
-0.0487886779 0.00513780862
-0.0114568463 0.0316384584
0.000293730467 -0.0358072147
0.00215641106 0.000927753223
-0.0290184449 -0.0149139334
-0.0100752199 0.0221453048
-0.0185603909 -0.00890566688
-0.01596337 0.00818088278
0.0207888596 -0.0068147881
-0.016133463 0.0122190872
-0.0014928584 0.0195495263
0.0174087547 -0.00689091673
-0.0113015557 0.0004212973
-0.000842349546 -0.0274996869
0.0018411777 0.0059949928
0.00039850123 0.0165760014
-0.0230725054 -0.0119296741
0.000327145885 0.021682227
0.0283621252 -0.0385622084
-0.0278573856 -0.0373447798
0.0180811975 -0.0258286782
0.00284061441 -0.00921321195
-0.01238681 -0.000370329886
0.0386507921 0.000801283284
0.0147713786 -0.000390523754
-0.0239874776 0.0124967881
0.00201740488 -0.00900656171
0.0126985274 -0.0236249175
-0.00204700883 -0.0242068619
0.0104058404 0.0415931791
0.00183750107 -0.0454015881
0.0130913733 -0.0024961126
0.0257061459 0.0300571844
-0.0136884376 0.00836573076
0.00509052677 -0.0156871863
-0.00892481301 -0.000627015834
0.00118242134 0.0168212671
-0.024658775 0.0214896426
-0.00978955254 -0.0181909055
-0.00494672405 0.0143362628
0.0169042144 0.00626409985
0.0202885941 0.0230708513
-0.0277070403 0.0246259123
-0.0147293014 -0.00790344924
0.0148476521 -0.0268173907
-0.0389938802 0.0042667524
-0.0119365361 0.0333844125
-0.00305554643 0.0130177867
0.0237705335 0.00662754988
0.00899500307 0.0473927595
-0.00442081178 -0.0205846205
-0.0087308893 0.0166878775
-0.0037564938 -0.0114267822
0.0291892234 0.0038017109
-0.00839525927 0.000912579882
-0.00873784442 0.028522091
0.00859003048 -0.0172994826
-0.00126940873 -0.0105164023
-0.000624126289 -0.0309894644
-0.0223758705 0.0071169422
0.000710892258 -0.00882289931
-0.00938532501 0.00718921702
0.0246211831 -0.0181774832
0.0132927988 -0.00552385254
-0.00267469208 0.0198886357
0.0132015254 -0.00190687098
-0.00788238365 0.011265099
0.0190230981 0.0124496156
0.000681398727 -0.0067866249
0.014692408 -0.0286046769
-0.0269916058 0.0159667395
0.0062557254 0.0040681418
-0.0346426666 0.0149393259
-0.0343032815 -0.0433428511
-0.00192420161 -0.032430809
-0.0121293571 -0.0432081893
0.00525707984 -0.0164042115
0.0404651277 0.0254246145
-0.0173215121 0.00879644603
-0.0118640419 -0.00220229523
0.00360420719 0.0030274163
0.00751484092 0.0158112627
-0.00260557537 -0.00623367308
-0.00496111158 0.00704963598
0.0130778048 0.0045035868
0.015681779 -0.0404783674
-0.018754404 -0.0100960433
-0.00514121773 0.0257750638
0.00174069195 -0.00747457379
-0.0197715517 -0.00559983449
0.00662947167 -0.0108884983
-0.0150580201 -0.0116328206
0.0154425325 0.024186803
0.00443572784 -0.00458016107
0.00460152281 -0.0192677304
-0.0023986774 -0.0611093938
-0.000615228899 -0.0112771224
-0.0324277468 -0.0433493592
-0.0162571725 -0.0381224193
0.00457810424 0.0162455887
-0.0427209549 0.00719124451
0.0218970012 -0.0340360068
-0.0358750857 0.0109654162
0.0130318934 0.0110632228
-0.0137159582 -0.0175326541
0.0125787677 0.0164063051
0.0075616762 -0.0305922627
-0.02550341 -0.02777135
0.0283474252 -0.0234773085
0.0309985839 -0.0165786389
-0.00407184195 0.0165210739
-0.000905537803 -0.0262750704
0.000704128528 -0.0224344339
-0.0154377278 -0.0213076286
0.0202566646 0.00734577188
-0.00919759274 -0.00826667715
-0.00386069878 0.0162286405
-0.0126854209 -0.016200278
-0.00752427569 -0.0266370941
-0.0225607641 -0.0139488699
0.0237661302 0.00498833554
0.000309158815 -0.0182792693
0.0173899736 0.00857301429
-0.00610716688 0.0344417766
-0.0111036114 -0.0136214755
-0.00632957974 -0.000473522436
-0.0154413031 0.0234836377
0.00252202363 -0.0124506028
-0.00400475971 -0.0176359117
-0.00165072724 -0.0220591314
-0.0275503062 0.00223884475
-0.0171440933 0.0065086144
0.0319493525 0.00306232274
-0.0128154336 -0.00200951309
-0.0246998463 0.0198376961
0.00316659571 0.0173666105
0.0320563428 -0.0215182193
-0.0274049267 -0.0061373245
-0.00427030586 0.000787622179
-0.0146663655 0.0107479496
-0.0323402062 -0.0115405312
0.0165254734 -0.00976781454
0.00146627147 -0.00922249909
0.00852255337 -0.0338027328
-0.0140039464 -0.00399410073
0.0110996775 -0.00995650981
-0.0119563881 0.00609471649
0.00159618887 -0.0205014125
-0.0190088935 -0.0133259296
-0.0187908262 -0.0240458306
0.0297326185 -0.0151742948
-0.0123394234 0.0104730232
0.00758352084 -0.00817150623
-0.00236269645 0.00758780353
-0.00342912879 -0.0236097984
-0.00982968882 -0.00100225059
0.0192445796 -0.0297945254
-0.00346674374 -0.0109996442
-0.000513434003 -0.0108270878
-0.0019461622 0.0103309574
0.0215154812 0.0077849282
0.0137410341 -0.00105407741
0.00367395603 0.016668601
-0.0112571921 0.000317131839
-0.0281771086 0.00315114367
0.0145873232 0.0178576671
0.0186378434 0.00231198291
-0.00111752306 -0.00695038587
0.0088774208 0.00778962066
0.0167664904 -0.00505702989
0.0140089616 0.0102635194
0.0123618124 0.0241850372
-0.0122989956 0.0130486796
0.0303749349 -0.000904723478
-0.0532760471 -0.0682652518
-0.0144530563 0.00677772937
0.000589090399 -0.0460362546
0.0391627923 0.0152152916
0.0151324142 0.0643471479
0.00026275788 -0.0750944763
0.0240323413 0.0020419592
0.0149218338 -0.00214140653
0.0763395652 -0.0391552895
-0.0433110371 0.030784905
-0.0474414714 0.0121337632
0.0198971555 -0.00255077309
0.0108766844 -0.0471935049
-0.0248222072 0.00726022432
0.0550770983 0.0429077148
-0.0179952271 -0.00613713404
-0.00033464568 0.0252879933
-0.00196251343 0.0421631075
-0.00544331968 0.0337005518
-0.0453443825 -0.00135826995
-0.0073356987 -0.0399297737
-0.0279084947 0.112739399
-0.0265625026 0.0268815681
0.0112042762 -0.0059064771
-0.0325915888 -0.00663298136
0.0231381319 -0.000843189016
0.0574718341 -0.0344623849
-0.0737722889 0.0394994877
-0.0231702849 0.00934804883
-0.00738068298 -0.0200541504
0.042730201 0.0277227499
-0.0131608825 -0.0396144949
-0.00821147952 -0.0261337385
0.0344980024 -0.0114869112
-0.0209030099 0.00748908427
-0.115001142 0.0361877531
0.0420085005 -0.0287562869
0.0103829075 -0.0115737971
0.0199692827 0.0391998291
-0.0328198299 -0.00150734349
-0.00292509957 -0.00244215783
0.0642178059 0.0229695756
0.00798472948 0.00201590708
0.0191514008 -0.00178447587
-0.0197321754 -0.0385811031
0.0268181451 0.0585948229
0.0113324132 0.0219241492
-0.0309190918 -0.0317160934
-0.0485406816 -0.0420098789
-0.0262773968 0.00550626591
-0.0721538141 -0.0207547564
-0.0301058255 -0.0441640913
0.0467552505 0.0577234477
-0.0369438566 0.00101226801
-0.0353540555 -0.0529715791
-0.0198408645 0.0647572875
0.00923632924 -0.0633557141
-0.0175784957 -0.0176115148
0.0472854637 -0.0322909951
0.0400729999 -0.065644294
-0.00638140412 -0.052244138
0.018662693 -0.0261308365
0.0056679165 -0.0012670072
-0.0616120473 0.0424989946
0.00893714931 0.0142460829
0.0141221015 0.0491366014
-0.00513629057 0.000448331615
-0.056041047 -0.0328013711
-0.0373017266 -0.0147158271
-0.026398642 -0.0272706524
-0.00173612218 0.0231808294
0.0452983007 0.00940212235
-0.0235095117 0.0262471475
0.024150731 -0.0229430981
-0.0677557364 0.0767600387
0.015297506 -0.0346963257
-0.0454283319 -0.024413446
-0.0731997713 0.00416444521
-0.00900822785 0.0789200142
-0.00623266539 0.0165382586
0.0233353265 -0.027652137
-0.0601569824 -0.015770318
0.0185984652 0.0188423973
-0.0727108046 0.0530551039
0.0754141361 0.0512907468
0.013371883 -0.00199337909
-0.0209204927 0.0479430109
0.0264900513 -0.0302187614
-0.0193291623 -0.0364373326
-0.0209288858 -0.0317490548
-0.0589324012 -0.00717370166
0.0349956229 -0.0769820139
0.0342747308 -0.00776039716
-0.030151533 -0.0155433612
-0.0269256514 -0.00611261558
-0.0189469978 0.0528852604
0.0253783613 -0.0239582583
-0.00167725072 -0.0440401956
0.0356022529 -0.0195495207
0.0512390435 0.0309122838
-0.0153788291 0.0441918485
-0.0172150992 0.0588258058
-0.00528763374 -0.0493485294
-0.0928446278 0.00468950067
-0.0529111139 -0.0381474681
0.0177562572 0.01803202
-0.0196437743 0.00446556369
0.0124271233 0.0056096199
-0.00908164307 -0.0143193901
0.0201384779 -0.00816816278
0.00342620118 0.00678620487
0.0348522775 0.040312089
0.0044595534 -0.0277742855
-0.0585302748 0.0153210713
0.0341068022 -0.00826857612
-0.0190287121 0.0187077709
-0.0161067601 0.0506755449
-0.000835741113 -0.0133631462
0.00337681151 -0.0171012357
0.052281525 0.0202587266
-0.014511832 -0.0136632454
-0.0107145738 0.0244936887
0.0257241596 -0.0336836465
0.00676528085 -0.0261024088
-0.0338803269 0.0100247515
-0.00132113078 -0.0121452799
0.000330538285 0.0593640842
-0.052143272 0.0669762492
-0.0140765402 -0.0570336021
0.00262760743 0.0190990623
-0.00377584994 -0.0552709401
0.021801373 0.00225271657
-0.0522397161 0.0557802729
-0.0250749197 -0.0451265424
0.0228182022 0.00222153123
0.0218534842 0.0127767669
0.0798638612 -0.000634077995
-0.0301758964 -0.010792491
-0.01491802 -0.0198715869
0.0196750611 0.0341591947
0.0603346229 -0.0494458228
0.0176775884 0.0324243605
0.0816716179 0.0550603233
-0.0121777467 -0.0306269266
0.0081158923 -0.0190521013
-0.0454252288 0.0577864014
0.0114646703 0.0258147884
0.0109957624 0.00895307958
0.0243845358 -0.0438578017
-0.0252882559 0.0647464469
-0.00497398293 0.00334104174
-0.0202760603 0.0194332357
-0.0520707071 0.0500376262
-0.00642882567 0.0382392965
0.0708278343 0.0114898467
-0.0454223678 -0.00106470136
-0.00853686035 0.00371053582
0.0155366743 -0.0244601723
0.0339966901 0.0428097025
0.00115590915 -0.026411565
-0.0133768981 -0.00065784005
0.0517900698 0.0294722039
-0.048987709 -0.00318477093
-0.0694584101 -0.0215995163
-0.014746882 -0.0100908168
0.0424070358 -0.051665172
0.00106939825 -0.0181326736
-0.0304100644 -0.00847214088
0.0259594806 -0.00337974587
0.0518946089 0.047418803
-0.00228608237 0.0204663239
-0.00832459703 -0.0212133955
-0.0163750891 -0.0387767926
-0.00606825994 0.0294383373
0.0220232587 0.0232646707
0.0703979135 -0.0359397307
-0.0259325244 -0.0407101549
0.0013197494 -0.0036186201
-0.0183756016 -0.0412052311
-0.0242514461 -0.0250814836
0.0180405751 0.0374214798
-0.0605374277 -0.00881839078
-0.0214741845 -0.0129458876
0.00584017718 -0.0181233529
0.0109096821 -0.0459738225
-0.0238123294 0.0362699777
0.0644372851 -0.00534992432
0.0128431786 -0.00435777521
0.00220906292 -0.0331979394
0.00573487254 -0.0298412349
-0.00885544345 -0.0115973046
-0.084474951 0.0417433158
-0.00346291601 0.0240262859
-0.0107117323 0.00176698796
0.0298193321 -0.00552943163
-0.0638397932 -0.0685576722
0.0119903535 -0.0469610877
-0.00337903015 -0.018853223
-0.0392975472 0.0155070256
0.0282525532 0.0667438805
-0.0582155995 0.0166794546
0.00652316818 -0.0235232301
-0.0654190108 0.0436155349
0.0343887918 -0.0470887385
-0.0164068695 -0.0836148337
-0.0498754643 0.00683029275
-0.050344903 0.0823040754
-0.0165192969 0.0645603165
0.0198684689 0.00536576286
-0.071451731 -0.0315615088
0.0533889979 0.017298257
-0.0682970881 0.0506370664
0.0773520693 0.0489750095
-0.00466774311 0.00431147777
-0.012477234 0.00439198455
-0.0339680277 -0.0147283906
0.0297833867 0.00609806273
-0.00118283369 -0.052050177
0.0018230885 0.0130634829
-0.0126789976 -0.0526259914
0.00927710626 0.0118607236
-0.0669422373 -0.0515562557
-0.0568221956 0.00345687289
0.00108518149 0.0341438092
-0.0022742704 -0.0224272367
0.0369318947 -0.047599826
0.0654675514 -0.0401017368
0.0370879136 0.0111894216
-0.0615721084 0.0318065621
-0.0390642695 0.0385363586
0.00499088038 -0.0535037965
-0.0933349505 -0.00669774786
-0.0412019081 -0.061982993
-0.0280629247 0.0206867028
-0.0453390218 -0.0141642122
-0.0185787771 0.00669636717
-0.0101093128 0.00142403087
0.036815796 0.0440401174
-0.040264383 0.0235272609
0.0332908444 0.00386043452
0.00746371644 -0.0342585705
-0.0492231771 -0.0404072702
0.0544820018 0.00500699179
-0.0392274782 0.0210301373
0.0315127075 0.0713809207
-0.00582282245 -0.0219101459
0.0364610143 -0.0202823877
0.0307069309 0.0160775427
-0.00243017753 -0.0310885217
-0.0167486463 0.0267068259
0.00425266754 -0.0481819063
0.0325814597 -0.0263497457
-0.0180798825 -0.00243600551
-0.0321918167 -0.00616618805
-0.00541581586 0.0493421108
-0.0272598285 0.0405254588
-0.0110264616 0.0291310716
-0.0253036637 0.0266639385
-0.0161991101 -0.00228247861
0.0194094833 -0.0690904036
0.0836671814 0.0158661101
-0.0111360829 -0.0735458881
-0.103794776 -0.0718587041
0.0502073579 0.0502980314
0.0347532593 -0.0191118289
-0.0747531503 -0.0774672553
0.016129462 0.0090144705
-0.0293108113 0.0457581319
-0.00125079148 -0.00897982623
0.0174057689 -0.0503638461
-0.0465253815 0.00148354576
-0.0219635498 0.0189449806
0.0491585769 -0.0290184245
0.0194927994 0.0549024791
-0.0105372788 0.0217488147
-0.0356298462 -0.0102135651
-0.0239999797 -0.03261986
-0.00868634693 -0.0694843531
0.0503530502 -0.0282348748
0.0491387472 -0.0728598237
0.07797914 0.0163891371
-0.00942429807 -0.00647291122
0.0202538744 -0.0377020463
0.00625757594 0.0374083333
0.0878243223 0.00875601638
-0.00942688156 0.0671217889
-0.0320950821 -0.038244918
0.00836624205 0.0280773081
-0.00515128765 0.0564620234
0.0178892128 0.0439209007
-0.0176784582 0.0793499872
-0.0792370662 -0.0286779199
0.00809679367 -0.129000843
0.0242067222 0.0238292515
0.041251421 0.0680090412
-0.0464109965 0.031132469
0.0581883229 0.0743984058
0.0266111027 -0.04238699
-0.000807162607 -0.0576962195
-0.0271850713 -0.025945697
-0.0329183564 -0.0417918414
-0.0368179716 -0.0123558277
-0.0348855592 -0.00754962536
0.0371054672 -0.0540559217
0.0820178688 0.00972992554
-0.0450477637 0.0120608555
-0.0340321288 -0.0608559698
-0.0317537822 -0.0821051151
-0.0296078939 0.00047848266
0.0476511121 0.0526786707
-0.00281957258 0.0458959378
0.0392570011 0.0455766842
0.0628298819 -0.0552905388
-0.117135204 0.0519473329
0.00959441718 0.0268926434
0.180011049 -0.0477784127
0.00572683942 0.0558681749
-0.0632364303 0.0028171828
-0.0378824212 -0.0626795217
0.00846451893 -0.0519346483
0.130501851 -0.0264835823
0.0384580009 -0.0235287789
-0.0541479886 0.0378220864
0.0390028916 -0.0197753515
0.0287193768 0.025140699
0.0267462526 0.0624004491
0.0353995003 -0.0169438031
0.0447859727 -0.00709869154
0.0935654268 0.00294406479
0.00243689306 -0.0208811034
-0.0389915444 -0.0410237424
-0.00245325826 0.00489691971
0.0654162392 0.036017254
0.0792917609 -0.0844884589
-0.00956910383 -0.0251007471
0.020230528 0.000326562469
-0.038938012 -0.0134871276
-0.0286949277 -0.0748753399
-0.00852750149 0.0429611206
-0.0802542791 0.0512426905
-0.0264187809 -0.068335183
0.0552454442 0.0317846537
-0.029233614 -0.014140876
-0.0747560114 -0.0234073214
-0.0762607604 -0.0114975031
-0.108947195 0.054538928
0.0496347435 0.122446306
0.00347019127 0.0147148985
0.0231678989 -0.00498921657
-0.0343433246 -0.00448830472
-0.0434802324 0.00541510945
0.0395249501 0.0239740741
-0.00226371107 -0.0720577911
-0.00264920178 -0.0201628823
0.04083395 0.0915112868
-0.0184336454 -0.0107923513
0.0608206429 -0.0297654066
0.0181907937 0.0171048474
0.0024566066 -0.048825305
0.0402968116 0.0320335999
-0.0894170403 0.0863813013
-0.0961856321 -0.0340983942
-0.0300106667 0.0430577621
-0.0194332208 0.00232199603
-0.00563992979 -0.0425135419
-0.0388588868 0.00194895139
-0.00873450935 -0.0316419564
-0.0410662182 -0.00784744881
-0.0445155948 -0.0124824038
-0.0602001511 -0.0575447194
-0.0140344743 -0.0634505674
0.0219147541 0.0977815017
0.0272305626 0.0863816068
-3.50064111e-05 0.00264222291
0.0555064864 0.0230266564
0.0401651375 0.00678768521
-0.0450964458 -0.0491873957
0.0536430776 -0.0793265998
0.00706498232 -0.0311337188
-0.0957083479 -0.0344455428
0.0460608676 -0.015868919
-0.061967995 0.118819512
0.0599587075 0.0321400464
-0.0362801999 -0.0085718194
-0.00749600213 -0.0132749761
0.0202202518 -0.0888950825
-0.0820067301 0.0183579586
0.091607362 0.0694785938
0.084346652 -0.0485230014
0.0932449251 -0.0326520503
-0.0145026762 0.0137662357
-0.0680421218 -0.0648998618
-0.0375675634 -0.0232798997
-0.0607114062 0.00658991141
0.0432289802 -0.0532594658
-0.0210101623 -0.034632612
0.0367386527 0.0314233229
-0.0172694568 -0.043773137
-0.0288188197 0.00646395888
0.0240877923 0.0730221719
-0.0411464535 -0.088387534
0.0165355373 -0.0746936798
-0.0553959943 -0.0457739383
-0.0532106608 -0.0308570266
-0.0217799842 -0.0528622009
0.00253043324 -0.0301917102
0.0624242574 -0.0304419361
0.0442549884 -0.0697751492
-0.106770493 -0.0528021082
0.000157074974 -0.0339028612
0.0694675446 -0.0282611009
-0.0821062475 -0.027410958
-0.050335519 0.0299064368
-0.0195311811 0.0734070539
-0.0181741361 -0.00959235337
-0.00210045557 -0.0514457934
0.0519191287 0.0569304824
0.0150967762 0.0236892104
-0.0504086651 0.0466314144
0.0323641226 0.0610408038
-0.00428970437 0.0400801823
0.0385271572 0.0168274604
-0.0118527506 -0.0206866153
-0.0319011435 -0.00706121512
-0.0124973329 -0.00187244976
-0.0518418327 -0.0193883758
0.0365609862 0.0115820784
0.0284088086 0.0731633976
0.00504404772 0.0411904231
0.0125580514 -0.0439036824
-0.045809716 0.0389579758
0.0357835591 0.0429686233
0.021589227 -0.0721622109
0.0160576869 -0.00301500224
-0.0255200285 -0.0626740307
0.0250009224 -0.0555482991
0.0221296884 0.011122142
0.0573867634 0.0322131403
0.0531144179 -0.0110828402
-0.0744685158 -0.0178295113
0.00409529079 -0.0331598856
-0.01615455 0.0178610273
-0.0413180739 0.00680358848
-0.0416571833 -0.0272884611
0.00481926277 0.0242825355
0.0240676757 -0.0403980091
0.00920133013 -0.00534889568
0.0122256111 0.000200168244
0.0320668481 0.0099808611
-0.0145413205 -0.0523895659
-0.0302029923 -0.00799760874
0.00866888836 0.0276111793
0.02728533 -0.0542728193
0.041523207 0.0519169271
-0.0367992558 0.0120126428
-0.00851126481 -0.056035962
0.0411536545 0.0394904166
-0.106226124 0.0204257853
0.0340565071 -0.00807990972
-0.031553559 0.0196494646
-0.0203986671 -0.0133310258
0.0476059169 -0.04626555
-0.00336081814 -0.0249419138
0.0579272248 0.01896015
-0.0105588222 0.0266694203
-0.0178038888 0.0687905699
0.135762081 0.0114525855
0.0263794828 -0.021876337
0.0221059863 -0.0557725728
0.0471001156 0.037437059
0.0684910417 0.00351557625
0.0196696799 -0.0258434191
-0.0243891533 0.00263941567
-0.0309980791 -0.0115244538
-0.0457564332 -0.056213744
-0.023604678 -0.0427457839
0.0225747321 0.0872408748
-0.064233847 0.00278440188
-0.0447620228 0.00767301023
-0.00951201003 -0.0649139881
-0.00603123009 -0.0380428731
0.0488423668 0.102559
-0.00635013077 -0.0353687666
0.0240293834 -0.0519117713
-0.0101363184 0.0146583663
-0.0375646167 -0.0177577138
0.0819809362 0.0636936054
-0.0162054524 -0.0287990142
-0.0514818095 -0.031513337
-0.0611412562 -0.00799750816
0.0496462062 -0.0286748372
-0.00391568895 0.010315584
-0.0766270906 -0.0498476923
0.0585906468 0.0258584227
-0.026486339 0.0575175695
0.0254306588 0.0937406346
0.0452576987 0.0961086378
-0.0096486425 -0.0252863746
-0.029776698 -0.0469225049
0.00844180305 0.0553279631
-0.00885922275 0.0605416298
-0.0881041214 0.033557605
-0.0438393578 -0.0322092846
-0.0125463968 -0.0319894738
-0.00326717761 0.0783476904
0.000911585987 0.0299419649
0.00470991619 0.065965727
0.0673346072 -0.00743955234
0.00193761743 -0.0277265087
-0.0154382922 0.0825971514
-0.0400591455 -0.0137564484
-0.0794805363 -0.0189408194
-0.00615329621 -0.0158946887
-0.00967840478 0.0323607959
-0.00967412628 0.00677679339
0.0304141156 -0.0172397979
0.0435469113 0.0080002863
-0.0128425555 -0.0164176263
-0.0609912388 -0.0865572393
0.0360270701 0.0534322709
0.0225798376 -0.0367179774
0.00395485805 -0.109096721
-0.0284493342 0.0165877678
-0.0337344445 0.0765361711
0.0215355493 0.00927019771
0.032311853 -0.0244839322
-0.0130546754 0.03065609
0.016962558 -0.00555452053
0.0271237753 -0.0485298261
0.0320053771 0.0303953588
-0.0230076406 -0.0181128867
-0.0236191247 -0.0147992754
-0.00211974839 -0.0150129795
-0.00247319508 -0.0604217015
0.0010449189 -0.00468178513
0.0383707285 -0.0589976311
0.0440978408 0.0607063137
0.00245574815 -0.0184016097
-0.0262254328 0.0035965431
-0.0367686637 0.058881212
0.00487088272 0.0347744897
-0.0408701301 0.0800491273
-0.0259473324 -0.0437315032
-0.001526576 0.0539068542
-0.0175402183 0.0226888228
0.0856149644 0.0147799561
-0.00922914222 -0.0461915359
-0.0839931145 -0.0441502631
0.00722937007 0.0418858305
0.0912339687 0.0552757867
-0.0203523654 -0.0566413663
0.00260826945 -0.0106993597
-0.0201252047 0.012026093
-0.043006476 -0.0258099195
-0.0276030321 -0.0184420329
0.0285020992 0.00974734407
-0.000228359146 0.0487273037
-0.0785371438 0.0376034528
0.0212013703 -0.0334765501
-0.0217246767 -0.0531177111
0.0664007291 -0.0250746384
0.0288904477 0.0126599446
0.0158608444 0.0169267859
0.0272092503 0.0777764916
-0.0446313694 0.034219414
0.0846866593 -0.0277982466
-0.032399185 0.0714816824
-0.0549084954 0.0159753654
-0.00224565808 0.0703999102
-0.0202730782 0.000171093081
-0.0124169355 0.0268486273
0.00657431176 0.0347072519
0.0584733225 0.00295838877
-0.105837256 -0.0162818916
-0.0408821665 0.0112246769
0.0314936265 -0.022603713
-0.0161269885 -0.0303296559
-0.0252597984 0.0446842909
0.0220907498 0.0152688036
-0.00665379083 -0.0780775622
-0.0105682882 0.0346603431
0.030158719 0.0232707076
-0.0383846723 0.0269348603
0.0146015184 0.00413114252
0.0749583542 -0.042665448
0.0254942961 -0.0930809453
0.0960324332 -0.034628652
-0.086105153 0.0363755077
0.0199027471 -0.0226628128
0.0538231619 0.0933945253
-0.0204117186 0.0326655433
0.024627639 0.0409738943
-0.0471998267 0.0566297695
-0.0809719339 -0.0463206321
-0.059042573 -0.0479173027
0.0270711072 -0.0514605045
0.0354057029 0.0198748857
-0.00742049934 0.0471203998
-0.00587252434 -0.0386920013
-0.0612976477 -0.0630183741
0.0415220708 -0.00787132978
-0.0301161762 0.0107349819
-0.077471517 -0.0078571327
0.00991749018 0.0815629065
0.0453281589 0.0454653762
-0.0358227231 -0.0950079337
-0.0258484464 -0.0355445445
0.0246919636 0.0243792366
0.0079681864 -0.0301083084
-0.023547424 -0.025005402
0.0163193233 0.00212003104
0.00881347433 -0.0627807304
-0.029366998 0.0229224414
0.0946381241 0.132274732
0.0505220741 -0.0255447589
0.0169264078 0.0117677599
0.0641046539 0.00415091868
-0.00941772945 -0.0720187873
-0.010646658 -0.0126543147
-0.00866591092 0.0736637563
0.0337546356 0.0234035347
0.0829740539 0.0143803079
0.0526398644 -0.0391075239
0.0178648941 0.00159971532
0.0342844687 0.0727463067
-0.0324773565 0.0301000141
0.0959978402 0.000457442773
0.0209055692 -0.00581416208
-0.025494406 0.0302815456
0.0309703331 -0.00885873474
0.0359794199 0.0261018369
0.0763499066 0.0112354429
0.024592068 0.0250731464
-0.0473030657 -0.034076944
0.105749905 -0.0929319113
-0.00956979394 -0.0442873947
-0.0403355211 -0.101371542
-0.029712474 -0.0265014097
-0.025997879 0.0553484708
-0.019533148 -0.0210820865
-0.0865531266 -0.00798998307
0.00958796591 0.0209372677
0.0539936051 -0.00482576527
-0.00358922826 -0.0614653677
-0.0274883006 -0.0307678245
0.0315985642 -0.0815593302
-0.0285526868 0.0633910373
0.0289328601 0.0682505444
-0.0119130854 -0.093515791
-0.108149745 0.00821798481
-0.0254939366 0.000937877106
-0.0986750051 0.00256344164
-0.051630877 -0.0262186676
0.00397538999 -0.0520076044
-0.0110629154 0.0989745483
0.0227978639 -0.0253531057
0.0872858986 -0.0552157201
-0.00347971055 0.0278936513
-0.00424426794 0.0128136994
0.0218993835 -0.0782894716
0.00655195117 0.0222609639
0.0313091688 0.0817519799
-0.0232270341 0.00957206357
-0.0171584263 0.0224313438
-0.0620000288 -0.0414420925
-0.029116923 -0.0123553369
0.0291872229 0.0898192227
-0.082109265 0.0217805002
-0.0637355298 -0.0366086997
-0.0166572575 -0.015479112
-0.0160219185 0.0378449857
-0.0547225848 -0.033675231
-0.0753167048 -0.0755348727
0.0323761404 -0.0377708524
0.0263853222 0.0231818706
0.0431131162 -0.0384982526
-0.0380007289 -0.00600868976
0.00885166507 0.0387308039
0.0920398012 0.0677105784
-0.0419009104 0.0945185274
-0.0379320905 -0.018071698
-0.0878471732 0.0338087752
-0.0349875614 0.00106286071
0.0239327084 -0.0313854925
0.0210534595 -0.000108340697
0.0377902538 0.018542923
-0.0455562957 0.0555839278
0.0259796977 0.010413426
0.0219241492 -0.0218085162
0.0387773141 -0.00982229784
0.0254308339 -0.0692580342
-0.0458322763 -0.00505431555
0.0366150029 0.0039485367
0.0276227035 -0.00286107534
-0.035244219 -0.06657134
-0.0155282496 -0.127921462
-0.0301974639 0.00507449824
-0.0246452857 -0.0188310668
-0.0314426608 0.00661572581
-0.0180270355 0.0306511931
0.00884894468 0.0303166751
0.0229945648 0.0685169697
0.122973241 0.00539683737
-0.00952654798 0.00465779379
0.0248301104 0.0385168046
0.0199476704 -0.0026495771
-0.0578278638 0.0539724529
0.0354529619 0.0458288826
0.020868402 -0.0284375343
0.0746267661 0.0303648096
0.0205052495 -0.0242250003
0.0451648533 0.000164865967
-0.0190516431 -0.0112201534
-0.0978363976 -0.0963247418
-0.0160321463 -0.0492133461
-0.0175452493 0.0165961534
-0.00647727912 0.0268201716
0.0423568748 -0.013661827
-0.10852921 -0.0117887314
-0.0650259405 -0.00716233673
-0.0552349165 0.0411221273
-0.0192381609 0.0409565642
0.0750721321 0.00818662159
-0.0456844345 0.0445587784
0.00768809253 0.0194344521
-0.065669775 0.00496510509
0.0117970249 -0.017840175
0.0415867679 -0.0739159659
0.0218641907 -0.0253088288
0.0837140307 -0.00344539294
-0.0292663109 0.135838658
0.000604154659 -0.0162506774
0.0201442037 -0.076601997
-0.0489336513 0.0576756112
-0.0228161067 0.0272201523
-0.0659793988 -0.0238744002
-0.0494545586 -0.125528231
-0.00512036728 -0.041517131
0.00705735665 0.0495789051
0.0228664037 -0.036927294
0.0243517924 -0.0342305042
0.0817935467 -0.033489909
0.0363902748 0.046094276
-0.0348938741 -0.0113619147
-0.0288476422 -0.0587975606
0.0567650646 -0.0133114085
0.00782395154 -0.0332483575
0.0224671382 0.0337091312
0.0243849251 0.0180281773
-0.0946166888 -0.0208716709
0.00131623994 -0.0193964168
0.0405824184 0.0405665226
-0.113852561 0.0237268098
-0.0288544912 0.0146506522
0.058251258 0.0573086664
0.0254479367 -0.028280912
0.0528407842 -0.00282324338
0.0381487608 -0.0724709481
0.0141248647 -0.0152150514
0.050322324 -0.0604278632
-0.0362273641 -0.0384063125
0.0263993107 0.092530176
0.0354442112 -0.0286825653
-0.0737457052 -0.0388168581
-0.00632295758 0.00971303135
-0.0282205436 -0.0271981843
0.00993837416 0.0335876383
-0.00106169377 0.0322457664
0.00176809332 -0.016504487
0.0394594967 0.0111436415
0.0514444262 0.0242995843
-0.000534921652 0.000508633733
-0.0388019048 -0.126975104
0.000499882852 -0.0324666686
-0.095172435 -3.61712628e-05
-0.000813168357 -0.0137125682
0.024514325 0.00615447341
-0.0408642292 0.0681008771
0.025051862 0.0517248996
0.00180164876 0.0106719788
-0.029662976 -0.0474781618
0.0261004586 -0.0561765209
-0.011456199 0.0594007894
0.0228951983 0.0254153516
0.0778709576 0.0655619726
-0.0342047103 0.0348759033
-0.0648814365 0.0388210006
-0.0196092874 0.0828811005
-0.00628024573 0.0426746793
0.0890434384 0.0458125435
0.00786548108 0.0365980119
-0.0474258177 -0.0346604884
-0.0376250446 0.0472792238
-0.0614854507 0.00596132502
-0.0273596402 0.0459027067
0.0335553661 0.137912944
0.0321717709 0.0182604957
-0.0271592066 -0.0459199138
0.00547757559 0.0487681106
-0.0276375618 -0.0513435118
-0.00857314188 -0.0197437983
-0.0222024396 0.043246977
-0.0329556949 -0.0688370541
-0.0646569356 -0.0415678211
0.0280054938 0.0515131019
0.0595011711 0.0911765322
0.0193539299 -0.0468023084
0.0308989063 -0.0302457493
-0.0329203233 0.00684921117
0.0334585384 -0.0537345521
-0.0107740974 -0.0192965642
0.0533177741 0.0107845599
0.0112101426 0.0535236262
-0.0512509942 -0.0296882354
0.0268476568 -0.0751370266
-0.0347698778 -0.0907238424
0.0931127369 0.00164773234
0.00041486515 0.00308611989
0.0380159803 -0.0173546597
-0.0192922633 0.107587069
-0.0381206758 0.0235885438
0.0493735597 -0.0349660628
-0.0613382049 0.0197192617
-0.0797216371 -0.0185436383
-0.0120401327 -0.0105991121
-0.0394848436 -0.00544900168
0.0297078062 0.0362444669
0.0169036426 0.0173006151
0.0595698655 0.00231962977
-0.0499372408 -0.0509684645
0.00444051065 0.00285262545
0.0507991426 -0.0118975807
0.0702224821 -0.0359622687
0.0508505777 0.00861119945
-0.0548255518 0.0539338887
0.0677874386 -0.00488978671
0.0422778726 -0.020826811
0.0696142912 -0.0373661853
0.00148778863 0.0301580392
-0.0357206054 -0.0264631212
0.0425839424 -0.00403075758
-0.0298343282 0.0103830388
0.00448121689 0.00822405145
-0.0453392453 0.00662266603
-0.0152539369 0.0156339817
-0.0230077319 0.0633674487
0.0182727352 0.0233533941
0.0564636923 -0.0745834857
0.00112924259 0.0633703694
-0.024748167 0.000651203794
0.014169923 -0.0421816297
-0.00291314023 0.0735064894
-0.052914571 0.019587487
-0.0212227907 0.0150590073
0.0420057811 0.0128496792
0.0552037619 -0.0173271485
0.0911931545 0.0221868996
0.0808604881 0.0230084341
-0.110485643 0.0682471171
-0.0307480879 0.0558836237
0.0384631716 0.0424737297
0.0269457921 -0.00825508498
0.00178021961 -0.00999368355
0.0199423283 -0.047156781
0.0519763045 -0.00716327783
-0.0175579824 -0.0203409065
0.0164108519 0.00885032583
-0.0209407508 -0.0106579829
-0.0413424894 -0.0499946512
0.0316964537 0.0707967803
0.0818845034 -0.0186653137
-0.0197257213 -0.0984985307
-0.0122502772 0.121605568
0.0880306214 0.0465354584
-0.0505067594 0.0128193405
-0.00451710448 -0.0023139047
0.0238181129 -0.0687568933
-0.0298932176 0.0341780372
0.0393259414 0.0739753991
-0.0398960002 -0.112864681
-0.045687262 0.010022982
-0.0689767376 0.0296457894
-0.0385330431 0.014980481
0.0573875532 0.057590086
-0.0233949255 -0.0105161835
-0.0476058833 -0.0116801756
-0.0406446867 0.00155003218
0.00852291193 -0.00767211523
0.0123345871 0.0458796434
-0.0395160951 -0.0340940729
-0.000880470499 0.061500784
-0.0326964557 0.000367925735
-0.0729132295 -0.0523589849
0.0118475612 -0.0233975202
0.0140923904 0.0125677325
-0.0341286361 0.0254856739
0.0168853309 0.0183121283
0.0187548921 0.074268423
-0.0297659319 -0.0330078267
-0.0738731995 -0.0505054034
-0.017228514 0.0459947288
0.00515864464 0.0666872635
-0.0262252204 0.0199477933
0.0631914437 0.00516416924
-0.055154033 0.0528010167
0.0493202172 -0.0586014725
0.0966387019 -0.0422697291
0.0156423952 0.0273133572
-0.0130847758 0.064299047
-0.0587873496 0.0063254605
-0.00044926288 0.00602706289
-0.0311656501 0.0180969257
-0.00339210615 -0.000819357578
-0.00766235217 -0.0291637182
-0.0698628798 -0.112403132
0.00721990224 -0.0209239814
-0.0625019819 0.0121347839
0.00559533946 -0.0768317953
-0.0238196384 -0.0150377993
-0.0537927672 -0.0090894429
0.0636659637 -0.00368227274
0.0147922719 -0.0201748963
0.122991405 -9.52320916e-05
0.0394758284 -0.030274976
-0.0248425715 0.00926526636
-0.0149558233 0.00687657529
0.0122102499 -0.0153310606
0.0365174226 0.0458882153
0.0290232673 -0.00191588816
0.0125990501 0.028711224
-0.0294943135 -0.0214017369
-0.0434166007 0.00783962011
0.0163192321 -0.0103051625
-0.00476281857 -0.105383381
0.0307526924 -0.00348572736
0.0330279134 -0.0684948191
-0.0239895768 -0.040462289
-0.0353857949 0.0231944937
0.0230208598 0.00422778027
0.0229727253 -0.0356988758
-0.0486280881 -0.0351089053
-0.0524434671 0.0752293691
0.125082806 0.0186474044
0.0297883004 0.0153276091
0.0468841866 -0.0277938582
0.106659755 0.0296085048
0.0172465723 0.0266480353
0.074374117 -0.0446099862
0.0787867233 0.045948036
0.02949664 0.00581990462
0.00759099657 0.0738605782
-0.0814952254 -0.00856736302
-0.0444138125 -0.130080283
0.0266336743 0.0351032279
-0.0511271469 0.0184885524
-0.050101418 -0.0423838012
0.0881587341 0.0718933195
-0.0107304966 0.00713432953
-0.0654010698 -0.0172353759
-0.0077839247 0.0486485958
-0.0218450017 0.057529673
-0.0814296976 0.00860967673
-0.0413799658 0.0452535711
0.0307426583 0.00195080461
0.00319146528 -0.0699391067
-0.100116961 -0.02984141
-0.0401439779 0.0133980429
0.0495491326 -0.0525580607
-0.0813126191 -0.101958178
-0.0423271582 0.0178256929
0.0207829718 0.0475707427
0.00759212906 -0.00892688986
-0.0215795897 -0.011171801
-0.0302687585 0.0109634968
-0.0313548632 -0.0392164811
0.00792244822 -0.0579623282
-0.0328231044 -0.0291959345
-0.0728833079 -0.0824822709
0.0492274389 -0.075901106
-0.00511897448 0.00361458561
-0.0183284581 0.0503524281
0.0311161466 -0.0361577868
0.00992786326 0.0650393218
0.0639360026 0.0182920601
0.0467152819 -0.0649551153
-0.0448167101 0.000345931388
-0.0615706965 0.0386609994
0.0356885456 -0.00252380734
-0.0748336092 -0.0149538442
-0.0445578024 0.0259281285
0.0591949224 0.0493743382
-0.0392119512 0.0902313814
0.0484009497 -0.0018694863
0.0486841351 -0.0343792401
-0.00487253023 0.080872871
-0.0349809043 0.0265188739
0.0474841706 0.0339666978
0.0535639189 0.0270172451
-0.0117018269 -0.0113501232
-0.0280118268 0.0119367493
-0.0947417542 -0.0903498381
-0.00815625675 -0.0183232259
0.0261012502 -0.0484884456
0.0315672792 -0.037682604
0.0249101128 0.00318330992
-0.0503298789 0.0281468984
0.0330672152 -0.00858305581
-0.00832398608 -0.0811895207
0.00488510821 -0.0124046113
0.0457076728 -0.0193756353
-0.0307296701 -0.0346617848
0.0438179784 -0.00837827846
0.00330175785 0.00134481699
-0.0297691245 -0.0289238151
0.0358455591 -0.01618536
-0.0142581398 0.0494658723
-0.0223170724 0.0458730645
-0.00109011168 -0.0160148125
0.0021928635 -0.0705322623
0.0268792696 -0.0513734184
-0.0231990479 -0.0863246024
-0.0565461852 -0.0458077453
0.105320364 0.0467992648
0.065845035 -0.0366027281
0.0370148085 0.00848223828
-0.0587133467 0.0316567123
-0.0452212095 0.0211124197
0.0485467203 0.062450096
0.00668314658 -0.0330787189
-0.0158242267 -0.0575844012
-0.0465574861 -0.110372774
0.0276344195 -0.0552380532
0.0102598034 0.0662996247
-0.0751614496 0.02703996
-0.00225207489 0.00487380382
0.0317051001 -0.00450116256
0.02833312 0.0047463933
-0.00358849717 -0.00302951853
0.0298528485 -0.0438969806
0.0962236002 0.0309080686
0.145185858 0.0754983574
0.0320215262 0.0419381149
-0.0475963168 -0.0136855701
-0.0200975724 -0.0358222313
-0.0460801385 -0.020986598
0.0502511635 0.0162853729
-0.0155127095 0.0161961671
-0.016375741 -0.0361427478
0.0570253134 -0.0516883582
0.0190376807 -0.0728589073
-0.0682682171 0.00297855353
-0.0196090378 0.00268749101
0.0294613522 -0.037748985
0.0388896316 0.0252795778
0.0357965864 0.0143542206
0.0230356697 -0.0657741502
-0.120540425 -0.00179247966
0.00208746758 0.117342606
0.126781091 0.0246287715
0.00318105472 -0.0195077192
0.00619638665 0.0152199408
0.0241911765 -0.0159138739
-0.00707981642 0.00117137644
-0.0623178296 -0.00836920273
-0.0312371757 -0.0659483373
0.0565912239 0.0101410337
-0.0249439999 -0.0784588903
-0.0291560553 -0.0632377192
0.0026253243 0.015364361
-0.0985222608 -0.015460819
-0.0923695341 -0.0495563895
-0.034267243 0.0158727039
-0.046003148 0.0157334022
-0.0245733075 0.072766684
-0.0147939175 0.0172689594
-0.0539997146 -0.00951613858
0.0535669141 -0.0168209225
0.0782610774 0.0253677461
-0.00716995867 0.0499416217
0.0501553304 0.0418344103
-0.0657045841 0.0198008344
-0.0515402481 -0.00234213425
-0.0259006582 -0.0157524534
0.0342770591 0.0364793725
-0.0329140685 0.132724896
-0.0302089676 0.0880730897
0.0603056923 0.0718236566
-0.0834062621 0.025391845
0.0487869345 -0.00845041219
0.0546470247 -0.0156704839
-0.0802655369 -0.0224790964
0.0746070072 -0.0151140187
0.0286897141 0.0213287584
0.0752956942 -0.0116319302
-0.0414476506 0.0410901606
-0.0599508509 -0.0207697079
-0.00710581942 0.0254259128
0.00607473403 0.0216599312
0.0317471921 -0.0257326551
-0.050079532 0.0266111828
3.12472839e-05 0.0180049185
0.0113760885 0.0408762433
0.0789173841 0.0262355469
0.0330362953 -0.0400459096
-0.0421798453 0.0961471945
-0.00923677441 -0.0128082
0.00698333653 -0.0336657949
-0.00738573354 0.00493272441
-0.0469606183 -0.0159092862
-0.0514219552 0.0444747135
0.0448705517 0.0412916318
0.00318034668 0.0212575309
0.0810640231 -0.000807087694
0.0468326434 0.0832097009
-0.107100122 0.0332444198
-0.0142816454 0.039961379
0.0372166559 0.0397024415
0.0441229902 -0.0415539145
0.0672916323 0.00095492421
0.0460521877 -0.0038631761
-0.0316109546 0.0202763434
-0.0514733642 -0.0831597894
0.0403221287 0.0165638961
0.0523111708 -0.0909163728
0.0339624174 -0.0413123444
-0.00170938682 0.0546602048
-0.0241365582 0.00285166921
0.0189418383 0.000726752973
-0.0149642238 -0.0251785964
0.0323233381 0.0965059251
0.0299949087 0.0479048453
-0.0119169084 -0.00445265602
-0.0590357669 0.037173748
0.00856260862 0.00676019071
0.0650165156 0.0508904345
-0.00665814662 0.0855173469
0.00258284248 -0.0231290516
0.010995781 -0.00437320443
0.0170663465 0.0184539482
0.0327259637 0.00467201369
-0.0206085816 0.0396966338
0.00969415437 0.0688325018
0.0865363032 0.0140118971
0.0101852957 -0.0606415831
-0.00750995893 0.00332939369
-0.0116876112 0.0319744945
0.0286115948 -0.0473439135
-0.0316496901 0.034185499
-0.0236212555 0.0389508307
-0.0133746136 -0.0644017681
0.0455675386 -0.0320625007
0.00779048726 -0.0407675728
-0.0292118639 0.0489555895
-0.00699196849 0.0372371599
0.0131565873 0.0302416738
0.0476567037 -0.0324990042
-0.0028049734 -0.0286350101
-0.0807326734 0.0398130752
0.00712522911 0.0855459347
-0.00784119684 0.0567651279
-0.0363962799 0.0470040143
0.107613139 0.000182699543
0.0900721177 0.0172556341
0.0273561031 0.0171087552
-0.0128757572 -0.000438190124
0.119067684 0.0810454264
-0.00780866947 0.0312796235
-0.0978295282 0.00822775345
0.020518152 0.0448163562
-0.0328515209 -0.0421211049
-0.0836055279 -0.0734052807
-0.060171593 0.0151584325
-0.00135381182 0.0455119535
0.0154294409 -0.00723207695
-0.0454702862 0.0953890607
-0.00706503633 0.0832987577
-0.00895228516 -0.0088004237
0.0430796035 -0.0750040412
0.111816406 -0.0425892174
0.0273435973 0.0674313307
-0.0378363878 0.0361381248
0.0209085587 -0.0511482283
-0.0204212051 0.0313719809
-0.0220454168 -0.0074494686
0.0260570832 0.0419461988
-0.0525029376 -0.010401682
-0.0247717462 0.0320253335
0.057729397 -0.0497779883
0.00755896699 -0.0547105744
-0.0746492594 0.00784635823
-6.62085731e-05 0.0358208381
0.00985949673 0.0352470316
-0.0669950619 0.00569296395
0.00718512712 -0.0255320314
0.00823775213 0.0609401017
-0.0348040983 -0.00426483899
0.0226820763 -0.0200848226
0.00229063467 -0.0179072563
0.016479969 0.00956422091
-0.091902107 0.0571588762
-0.0263979919 0.0211773217
0.00606600614 -0.0628131554
0.0152959256 -0.00524452794
0.00356678641 -0.0413499773
-0.0926315188 -0.0173293445
0.073432669 0.00664030295
0.0103845987 -0.0351886116
-0.0829500481 -0.0334180444
0.0611225516 0.00454875594
-0.0219389815 -0.00998690911
-0.0375960954 0.00164267945
0.0354870595 0.101981699
-0.0105613498 -0.048645895
-0.0656452179 -0.0302541684
-0.0388017036 0.0608700775
-0.000836459978 -0.0515720658
-0.0813782886 -0.0135703906
-0.0327408127 -0.0886851102
0.0831237137 -0.0034677221
0.0491338409 0.0774654523
0.0274514928 0.0110327052
0.0102998372 0.0225154385
0.0322121829 -0.0173874851
0.0854784921 -0.0177743882
0.0940569192 -0.100584596
0.0615049265 0.00374538824
-0.0739871934 0.0469946936
-0.0735003129 -0.00120452943
0.0326759145 -0.0015036111
0.0348082371 -0.0184316374
0.0347409286 0.025104465
0.0194238406 0.0585970692
0.0194969028 0.00952471979
-0.0254080743 0.00805668999
-0.0607207529 -0.00317187258
-0.0369068049 -0.00741036376
-0.0326303951 -0.0159421358
-0.0604490526 -0.0573084764
-0.00601073913 0.0283164345
-0.0125215016 0.0179732144
0.00162601541 -0.0122223003
0.0679511055 -0.130964234
-0.0591598973 -0.047160469
-0.0266808141 0.0929228142
0.0506338216 5.55498882e-05
0.0192353539 0.0418963619
0.0296440963 -0.0296700895
0.0256204233 0.0157150943
-0.0528495796 0.0648561269
0.0308418684 -0.0292040464
-0.00814459659 -0.00145849655
-0.0174314864 -0.0513743088
-0.025922399 -0.0541104227
-0.0168039463 0.018370131
0.00934829004 -0.0964284837
0.0151569732 0.00233530602
-0.0850330889 0.0204026364
-0.0721017271 0.010182214
0.14715977 -0.0270178728
0.0184650589 -0.0739962682
-0.0455435924 -0.0240230709
0.0402881205 -0.0449174494
-0.0402591527 -0.0302658696
-0.032127846 -0.0350235328
0.0677727759 0.00958023313
-0.0101747941 0.0122635569
0.0701585189 -0.0181979015
0.149687409 0.00604928005
0.0419825912 0.0491632633
0.0752306059 0.054849375
-0.00793791283 0.00445254706
0.0170303136 -0.110523105
0.0641347095 -0.0297278985
-0.00226206984 -0.000887337374
-0.0164714735 -0.0310795326
-0.0136245349 -0.00550278043
0.0048184162 -0.0385369658
-0.0157913137 0.00437742565
-0.0763648972 0.0278898031
-0.025690835 -0.0139036523
-0.00322478521 -0.0370303281
0.00605553854 0.0535894558
-0.108200438 0.0250303857
-0.0846537575 -0.0548346639
-0.0192308594 -0.0631769672
-0.076900959 -0.0399396978
-0.0143698165 0.0349423364
0.0225576703 0.0376413837
-0.0239711385 0.0323881842
0.0310625564 0.00891323667
0.00110347674 -0.0296392702
0.00974887982 0.0239542406
0.0187047105 -0.0451046079
-0.032729622 -0.0411319062
0.0258224625 0.0680123568
0.0498506576 0.0131085673
0.0713814571 -0.0209577102
0.0066054021 0.0713753328
-0.0382082164 0.0577552021
-0.00080490869 0.0265758224
0.0428906642 0.0055199014
-0.0224249288 0.00750075094
0.0364034176 0.0273658764
-0.0259434395 0.041083768
-0.00386723853 -0.00365997339
0.00925114006 0.025960112
0.0318231806 -0.0673052147
0.0466686077 0.051931195
-0.0174953844 0.0978882313
0.0804273635 -0.0822943971
0.0361146666 0.0409660898
-0.0360054076 0.0256324168
-0.0119269555 -0.00414497918
-0.0368842967 -0.0159160495
-0.0203288402 -0.0624394752
-0.0407682434 0.0456809476
-0.0814038813 0.0226192698
0.00218903832 -0.0245040394
0.00756970467 0.0144511024
-0.0135091525 -0.0714396238
0.0255735852 -0.0165708736
0.00253695017 -0.0222917404
-0.0871463865 0.0398494676
0.00919588469 0.0345827192
0.0946191475 -0.0286008995
0.0620261431 -0.0146774445
0.0513527505 0.0529920831
-0.0215666927 -0.0631744117
0.0291016959 -0.0744133741
0.035256736 0.0695418939
0.0271393638 0.0449641533
-0.0195533093 0.0243145116
-0.0531510264 0.068913132
-0.0597604327 0.0296087787
-0.0266411658 0.00672883587
-0.00887500495 -0.0651396438
-0.00389300729 -0.000919237849
0.0349383131 0.0584017821
0.0180346146 -0.0639338493
0.00549926143 0.0106120501
0.0466438904 0.059045352
-0.0105607705 -0.0348123573
0.0301752947 0.00658509042
-0.0577949621 -0.0169200432
-0.00906414352 -0.0763972104
0.0606167428 0.0285127126
-0.00734098582 0.0563622303
0.000498519512 -0.046562627
0.0131833833 0.029346643
0.0195518788 -0.00192368915
-0.0190855712 0.03129052
-0.00850744452 -0.125704363
-0.0122065842 -0.0352784842
-0.0434650369 0.0742655545
0.0362642407 -0.0103634624
0.0051993411 0.0575666726
-0.0544321649 0.04684278
0.0130041959 0.0868507028
-0.0336691104 -0.0363770723
0.0344832018 -0.00685767923
0.0579913706 -0.0252995435
-0.0690054297 -0.039896559
-0.0669886544 -0.00262421579
-0.0156325679 -0.0627629384
-0.0153265297 0.0590780601
0.0178086609 -0.0397860259
0.042876672 -0.034567561
0.0410248749 0.0596638843
0.0331744477 -0.0318144038
-0.00377896079 -0.0126805473
0.0418709219 0.0137844523
0.02445524 0.0609397478
0.0262557175 -0.0372897238
-0.0351690017 -0.0182728451
-0.0354242511 -0.0563102067
-0.0204060562 -0.048310075
-0.0240052659 -0.0042770775
-0.00310283294 -0.0961583778
0.0516776368 0.0157378372
0.0531260855 -0.0500684865
0.0816490948 -0.0799186751
0.0516451746 0.0134851132
0.00597684458 0.0232628919
-0.00489906268 -0.00796247832
-0.00597983273 0.0131818624
-0.025968302 0.0988705978
0.0342296883 0.0206860602
-0.0578497984 -0.0413177051
-0.0781047121 0.0321574099
0.0357851684 0.0239244644
0.000196251174 0.0630362034
-0.0294530429 0.0684498027
0.0167499315 0.0161104891
-0.035334155 -0.0337565951
-0.0116709191 0.00957250874
0.0189837981 -0.0117420331
-0.0288502537 -0.0182280298
0.0159536432 0.0681660399
0.022673849 0.0271441303
0.0322445408 -0.0354280546
0.0360717997 -0.0174597986
-0.0129532302 0.0373670794
-0.00925295614 -0.0309873167
-0.0442048423 0.0499449186
-0.0398339406 0.0133214239
-0.0131516429 -0.0215045754
0.0487079322 -0.0162803214
0.0494916625 0.00562050287
-0.0409035124 -0.0292252116
0.0653882772 -0.0448106639
0.0417600125 -0.00701010181
-0.0283759385 0.00824237149
0.0255774129 -0.0274514612
-0.03626756 0.00991697144
-0.00821187627 -0.0325671248
0.0231519211 -0.0628178418
-0.0410804451 -0.0988985002
-0.0137821343 -0.0595639497
0.0293124076 0.016795978
0.0218416043 0.0204492137
-0.0163487773 0.0228180122
0.0321298316 0.041882351
0.0182502884 0.0692197531
-0.0254359897 0.0490413457
-0.0396166705 -0.00718722399
-0.049353648 0.0326509252
-0.0169812404 -0.00697364425
0.0796164125 -0.0289342999
0.0722251087 0.0612823702
-0.055826094 0.084579058
-0.101984248 -0.00229425309
-0.00627266057 -0.0220391229
0.0262389667 0.0199715309
0.0622311421 0.00325871585
0.0246906467 -0.00305039296
-0.0508125611 -0.0157541018
-0.0171033069 -0.0313328132
-0.0939590856 0.0087785311
-0.0743922219 0.0163818765
-0.00336036179 -0.0363384336
-0.0252202246 -0.0241501201
0.0240447391 0.0226843432
0.0674966425 -0.0168239661
-0.0436991155 0.0720994174
-0.00586502068 -0.0150648775
-0.0338016152 -0.0359355621
-0.00475726742 0.0339039899
0.000189673156 -0.0142995659
-0.0700466111 -0.0155204479
-0.0427263603 0.0269607045
-0.105048873 0.0596614406
0.0140520651 0.0178985801
-0.00556929735 0.00283605675
-0.0390886739 -0.0292166248
0.0720575601 0.0654032156
0.0635574311 0.0477653258
-0.016666444 -0.01832816
-0.0295759179 -0.0523952097
0.0010589927 -0.0641169325
0.0797976628 0.0256854966
-0.0875866562 0.0760710686
-0.00632089702 0.0530540757
0.0220632255 0.0210540518
-0.0179089159 0.00896927528
-0.0560553074 0.0820059255
-0.0393973738 -0.00751759624
0.0332389362 -0.039102558
-0.0698097348 0.0148481773
-0.0429650694 -0.0449221767
0.0297244266 0.00366125
-0.0116183087 0.0649787113
0.00570856733 0.00681796391
0.00890133716 -0.0513618402
0.00549631612 -0.0303831045
-0.00361824734 -0.0091596283
-0.0427341983 -0.00740063703
-0.0168262981 0.0757711083
-0.0444503389 -0.0195287038
-0.00650397176 0.0160380732
-0.00773325469 0.0240356065
0.0265982952 0.0251246877
0.0571362264 0.0660330653
0.0850560069 -0.0451530702
-0.0219217837 -0.032605242
-0.0683260784 -0.0303263571
-0.0122967288 -0.0527349226
-0.0312547125 -0.0058865496
0.0188915934 -0.0196306948
-0.0310472865 -0.0268130079
0.0356579982 -0.108725093
0.0300160926 -0.00038854123
0.0572385117 0.00786210597
0.0550222471 -0.00389234885
0.0491082147 0.0669567361
0.0494703725 -0.0209382921
-0.048743397 0.0636004731
-0.0390708782 0.00800115336
-0.0651128888 -0.0201743413
-0.0131852366 0.0649296641
0.10815426 -0.0284382142
-0.0458137169 0.000784529315
-0.0508888476 0.0335547663
0.0117838196 -0.0602182932
-0.0429413132 -0.0251112971
0.0784134418 -0.042261865
-0.0282613095 -0.0509164222
0.00903826393 -0.0716891065
0.0386159271 0.011779868
0.0107022459 0.0485822186
0.0192735773 -0.04434238
-0.0843091682 -0.0683970749
-0.0748277158 0.0776876807
0.0191407073 0.0393493548
0.00184367213 -0.0450022779
0.0277064312 0.0212431569
-0.0218583774 -0.0413720943
0.0496930294 0.0382559672
0.0311879888 -0.0660628602
0.0151949013 0.00944271125
0.000448443519 0.065267399
0.00758328568 -0.0787686259
0.0584124625 0.0734925047
-0.0420692824 0.0326193832
-0.0415061973 -0.0168588813
0.031077655 -0.0517690629
0.00309210084 -0.0528570004
0.00815486722 0.00728216767
-0.016620636 -0.0211788435
0.0450558104 -0.0324999653
0.0259773079 -0.0705641285
0.00579756871 -0.0217430554
0.00541753788 0.0267066881
-0.0842261314 0.122913957
-0.0292902831 -0.0813975036
-0.054616265 0.0276453067
0.0377333052 0.144453064
0.0249205865 0.0122196106
0.0594052114 -0.0120594399
0.0636186302 -0.0108120907
0.014814226 0.0172623303
0.0138884056 -0.0453484654
0.0708454028 0.0361090004
0.0368538052 0.0336087234
0.0141519075 -0.0241605509
0.0219471101 -0.0184197556
0.0142730037 -0.0448028743
0.0455679893 0.00893257745
0.0559954196 -0.0195248425
0.0144283911 -0.0122487852
-0.0557952411 0.00921151694
-0.0093122609 0.0619576909
-0.0121758999 0.0950642228
-0.09778741 -0.03662977
0.0594803914 -0.0345966704
0.0736654922 0.0102605708
0.0512566566 -0.0341210291
0.0910916999 -0.00318849343
-0.0187774859 0.0374414735
-0.0190735385 0.0440820418
0.000345612003 0.0394471735
-0.0428712778 0.00152101845
-0.00795463845 -0.00900574587
-0.0424986668 0.0250918251
0.0274455007 -0.0441027284
0.0567572005 -0.0289419424
-0.0512438752 -0.0425151624
-0.062223658 -0.0090284124
0.0242347196 -0.0638939738
0.0516183749 -0.087574698
-0.0109389173 0.0142104756
0.0584925041 -0.0404456258
-0.0134431468 -0.0634227321
-0.0292792153 0.0059128725
0.0301360171 -0.0421602577
0.0591308996 -0.00797846448
0.0834177658 0.0201427713
0.039490182 0.0423726514
-0.0626217648 0.0013382216
-0.0184611809 -0.0614786483
0.0137579478 0.0140035292
-0.039934624 -0.00576015608
0.0634796023 -0.0482746549
-0.0862228051 0.000343973545
-0.000886610127 0.0135076381
0.0793026984 -0.0890296847
-0.0199351031 0.0233008284
-0.0482376367 -0.0143600646
0.000234635954 -0.0408797264
-0.108294137 0.02614934
-0.0573454909 -0.0139898127
0.0343767107 0.0121999504
-0.0201972034 -0.0841007605
0.0741706863 -0.119485959
0.00493527995 0.0242074933
-0.0983511508 -0.0284443852
0.00239962921 -0.0474175699
-0.0111385621 0.0527767763
-0.0305771381 -0.00603735261
0.00315783476 -0.0287294202
0.10557171 -0.0129626328
-0.0163619984 0.00465073762
-0.0890818983 0.121752404
0.13556239 0.038689252
0.00676180003 0.0397291407
0.0118010137 0.035542395
0.034961991 0.110870667
0.0327614509 -0.0352516249
-0.0473007783 -0.103184327
-0.0138489157 0.0044749626
0.0205554944 -0.0515282489
-0.0704865009 -0.0677302331
0.0335696563 0.0311441738
-0.00725371903 -0.00477321958
-0.0268414952 -0.0280281883
0.0680292845 -0.0409505777
-0.030325491 -0.0206197351
0.0410324819 -0.00187855645
-0.0780517682 -0.00965419598
-0.0318283699 0.076983802
-0.0289084148 0.0568859242
0.0232545044 0.0780125409
0.0227786489 -0.0409141816
-0.0978654549 -0.0518196523
0.010504582 0.0344678052
0.00860401243 0.00186813273
0.0181736015 0.0291839037
-0.0607694536 -0.0448126756
-0.0281008631 -0.0412597284
-0.00796470046 -0.00793382619
-0.0379028618 -0.0104943598
0.0280774236 0.0163839646
0.0113396589 -0.00137282419
0.0667512268 0.00114474155
0.00831736624 0.0585173853
-0.0111329854 -0.0233348403
-0.045632422 -0.0639605969
-0.073117353 0.00409677019
0.0304337125 0.0263656937
-0.0150145618 -0.0214458499
0.0493056215 -0.0204171557
-0.0358069837 -0.0799328759
-0.0286473315 -0.0358196534
0.0379512608 0.0724322572
-0.0409059152 0.0478833169
0.00300288689 0.00260950369
-0.0289977416 0.00958254654
-0.0368834399 0.0740737319
-0.0119209168 0.0333662294
-0.0514501929 0.0136098489
0.0330694132 0.0623493195
0.0390457027 -0.00432831142
-0.0461175218 0.00636270968
0.0201090872 -0.0180439502
-0.0114868293 0.0381229781
0.0300650522 0.032544408
0.0712917969 0.0262580011
-0.0259921253 0.0225949734
-0.014929329 -0.0205929354
0.0827051178 0.00894850399
0.000914211443 -0.111130588
-0.0721024349 -0.0725385398
0.015050862 -0.0153064411
0.0412322842 0.00523275975
0.0656104386 0.0292462166
-0.00232791062 -0.0255641304
0.085517101 0.00180445693
0.0470941067 0.0179443303
0.00472259847 0.0530039482
0.0155296503 -0.0312115029
-0.0191362351 -0.0105546843
0.0454177409 -0.0196111333
0.0518865958 -0.0793352202
-0.0359952897 -0.0169999972
0.0268171486 -0.014379018
0.000483066746 0.0561959594
0.0451352708 0.0565890707
-0.00680020079 0.0627529994
-0.00657510012 0.0678190887
-0.00624633022 0.108284108
-0.0228659566 0.0592998713
-0.0546527468 -0.0240208749
-0.038707044 0.029608082
-0.0169877037 -0.0217535626
0.0809029788 -0.010356118
0.0776811317 0.0553528331
-0.0403832793 0.0292402282
-0.11996635 -0.0226409212
-0.0155754127 -0.0221021399
0.0221076906 0.0432978943
0.0714788809 -0.00788148679
-0.021074241 -0.0217912663
-0.0329014361 0.00827489793
-0.0171712972 -0.0124579938
-0.0700451955 0.00714927353
-0.0580819659 0.00889738277
0.0187696218 -0.0090646781
0.0132927019 0.0248427466
-0.0206526462 -0.00998642948
-0.0369717181 -0.0308282655
0.021184817 0.0194765683
-0.00631155353 0.0297480505
0.041031912 0.0753095597
-0.105297796 0.0178732909
-0.0498086326 -0.0334618576
-0.00714519806 0.00266803219
0.0083816452 -0.0350125059
0.0187377799 -0.00510453805
0.0527712516 0.0871459842
0.0879770666 -0.0703785941
0.0408243649 -0.0277316421
-0.0200700667 0.0170532838
-0.0407529883 0.0244840626
-0.0586443879 0.0876088515
-0.0168661214 0.0609303452
0.0302050561 -0.05751241
-0.00395332975 0.0393267386
-0.0482013859 0.0302915107
0.0320827849 0.103205822
0.0199303385 0.108286694
0.00288774096 -0.0766157731
-0.0415830836 -0.0344833136
-0.0872709081 0.0117655601
-0.0192690417 0.0322856717
-0.028736541 0.0474697128
-0.023697421 0.0873709172
-0.059061531 -0.022971591
-0.00197375775 0.0536129288
0.113199346 -0.014879127
-0.0441770442 0.0137571692
-0.00849839114 0.0192970373
-0.0263378937 -0.00164107361
-0.057934083 -0.0234811623
-0.0224351473 -0.0424506404
0.00738387555 0.0389184915
0.072777614 0.0592342168
-0.0227249153 -0.0232343804
-0.0400828719 0.0265851654
0.0853153318 0.0302639045
0.0164952949 0.016547868
-0.00508739427 -0.0399908423
0.0339635834 -0.0126998238
-0.0379882939 -0.020490095
0.0137824956 -0.0762206241
0.0153449392 0.040665593
-0.0332056656 0.0129245454
-0.0676855668 -0.000692335598
-0.062959969 -0.029050542
0.000730902015 -0.0141157955
0.0438906737 -0.0253721029
-0.0171399321 0.00206024316
-0.0701573193 -0.0144290002
-0.0529770702 -0.0247056521
-0.0541639552 -0.0228723027
-0.011738332 -0.0606760159
0.0477050245 -0.103783257
0.0146667492 0.045380529
0.0169198066 0.0289642867
-0.028681552 -0.051982116
-0.0119861532 -0.00963078998
0.0687208772 0.0631861463
-0.0145791154 -0.0416772217
-0.0596346781 -0.0795574635
-0.0381895602 0.0216606967
0.0996990949 0.0314726643
0.0662265643 -0.0108417692
0.0367979817 0.031722907
0.0150370672 -0.0468698479
0.00766890682 -0.0331369117
0.0480406843 -0.0364420973
0.052798681 0.0191526581
0.106583789 0.00314914924
0.00025699244 0.0216753148
-0.0615793355 -0.0434802994
0.0285511632 -0.00803930406
-0.06903667 0.0547345169
-0.051440496 0.0102987411
-0.132865682 0.0523935594
-0.0557883084 -0.014703434
0.00987031683 0.00763426954
-0.0443334021 0.0110530928
-0.0752496719 0.0142474873
-0.0423416831 0.0500735193
0.0565975495 -0.0202259701
-0.00939674582 0.0436935872
-0.0307885148 0.012502403
-0.01787984 -0.0190375578
-0.0958865657 0.000466027443
0.00436646584 0.0050256364
0.0341107026 0.0532083176
-0.024161322 -0.0434221663
-0.00382510992 -0.0478431433
-0.0345791392 0.00559235411
0.02498932 -0.025848005
0.0153897582 0.0276082251
0.0384751856 0.0316206552
0.0178346224 -0.0393958725
-0.0732865334 -0.0605233982
-0.0171694756 0.014463231
-0.0110296253 -0.0116635673
-0.097523585 -0.018231336
0.0219358206 0.00544469152
0.0156945623 0.0053813993
0.0296566673 0.0221509822
0.0190646388 -0.00887803826
0.0174748395 0.0775517821
-0.00317916414 -0.0138879316
0.0386638194 0.00895985216
0.110811487 -0.0536137335
-0.0429300182 -0.0476098433
0.0168577153 0.00962197781
0.0680973753 -0.0943297073
-0.016345121 0.0410402194
-0.0647267327 0.00955082569
-0.0221598577 -0.0195498932
0.0766399875 0.0398258157
0.0236605871 0.0712112784
0.00575167406 0.0228094365
0.00959184393 -0.0281696189
-0.0456450507 0.0172297992
0.0740333125 -0.0272779949
0.0971966535 0.0366947576
-0.0165019408 -0.00344562484
-0.0744413063 0.0257842205
0.0396580882 0.0682085305
-0.0501176976 -0.01160031
-0.0530988052 -0.0383370928
0.0319431052 -0.0180527829
0.0107622817 -0.0540010594
0.0463417657 -0.0419987291
0.0141869392 -0.0563064478
-0.00401494186 -0.0402909182
0.106014289 0.0872692689
0.103193156 -0.0310515743
0.063331753 -0.0781255886
0.0296839979 0.00135377923
0.049787268 -0.0388933048
-0.0183685422 -0.0265035648
-0.0624311641 -0.00178753282
-0.0233203899 0.0236139055
0.0648678765 0.0696697757
0.0014142025 0.0169372726
-0.0419555493 -0.0735064819
-0.0107104722 -0.0525305495
0.00614053849 0.0685327277
0.0320282765 -0.0747776479
-0.0292945858 -0.0137149766
-0.0762032568 -0.0104692876
-0.0226027425 -0.0430247895
-0.000666214561 -0.0141362697
0.020174779 -0.0073773074
-0.114472635 0.0200834349
-0.0209337771 0.0643730238
0.0464473069 -0.00679028081
0.00100721593 0.0517785735
-0.0091074761 0.0598139614
0.0017172267 -0.0180919971
-0.0197252389 0.0754595697
-0.00184724969 0.00228148024
0.00269564032 -0.0324898958
0.0560813621 0.021826202
0.0461451858 -0.0456624292
-0.0022104017 0.0896605924
-0.0892845243 0.0658173338
0.0429763198 -0.0704061687
0.0429320186 -0.0145047037
-0.0396816656 -0.00192654971
0.0492847189 0.0456039011
0.0975892842 -0.000471614854
0.0317065977 0.0215320885
0.0927203745 -0.0226815902
-0.00064220815 -0.0044190865
-0.028098179 -0.0553754382
0.114918083 -0.0298166107
0.06181705 0.110413268
0.0260164198 -0.0283287019
0.0411778428 -0.00085109612
0.076924406 -0.0192765594
-0.00826613791 0.0117651597
-0.0537148267 -0.0576193444
0.0418573543 -0.0173114464
-0.0448008925 0.0748140588
-0.0606653169 0.00937736686
0.030447796 -0.0019033741
0.0341258869 0.0996126756
0.0361481756 -0.0175731964
-0.00250317086 -0.0676920041
-0.0361694209 0.0118485736
-0.0240883306 0.00118203415
0.027291039 -0.0662624463
-0.0573504083 -0.00111019157
0.0411410816 0.0273374952
-0.00784824975 0.0204126444
-0.04122217 -0.00363003556
0.080538623 -0.0253357198
-0.0462600663 -0.0871284157
-0.0666434914 0.0154526355
-0.0428016409 0.0622824244
-0.0538409837 0.0250871386
0.00401472906 -0.0467165411
-0.00381884421 0.0062939208
-0.0768654868 0.0739839599
0.0302904379 0.0244887359
0.0221990198 -0.0323244631
0.0495063327 -0.0589978732
0.0319728851 0.0208590925
0.00504594669 -0.0103181973
0.0150632104 -0.00303397095
-0.0412470363 0.0405439846
-0.038513314 0.0193777196
0.0407571904 0.0518122353
-0.0443573929 -0.0424895361
0.108226381 -0.0230801813
0.0386593603 -0.0284541659
-0.108230345 0.00327758468
-0.031351123 0.0475373976
-0.0210459549 -0.0564408079
-0.0349183865 -0.0525639765
0.00137314631 -0.0848069116
0.00713475188 -0.0739890486
0.0398091674 -0.00860490836
-0.052053377 -0.00281650992
0.0785010606 0.038959194
0.019264929 0.0604831874
-0.0548004843 0.0792479888
0.00637958432 0.0334509425
-0.0610106438 0.0167037565
0.00259555131 0.0475126803
0.039235387 -0.0782139152
-0.00526696257 -0.0409691744
0.109298974 -4.03776794e-05
0.0262617767 -0.0178722031
0.0144283408 0.0770437419
-0.00845985767 -0.0184198879
-0.00669228891 -0.0704851896
0.0504612513 0.0233439952
-0.0348540656 -0.0657478422
-0.00588056119 0.0490418971
-0.0213361233 0.0875741392
-0.0255626198 -0.0264330544
-0.040838331 0.0351339728
0.0204891879 -0.0591464676
-0.0460077114 0.0238303579
0.0312458202 0.0424895883
0.0726346746 0.000223341543
-0.0295083802 -0.0173685886
-0.0124501809 0.000544890412
-0.0463220105 0.0192992985
0.0222242512 -0.0375395119
0.0342376567 0.0476043113
-0.0389700755 -0.0251242016
-0.0247219335 -0.0480787009
-0.0420222878 0.0157300122
-0.00792348385 0.0363399498
-0.0107269594 0.0161260329
-0.0404887013 -0.00323353498
0.00793756638 0.0334645845
0.00951071549 0.0615903735
0.0114893969 0.094288826
-0.135221064 0.00888066459
0.007718876 -0.030086169
-0.0304865558 -0.00391178718
-0.00317868567 -0.0459079854
0.0161949042 0.0040410175
0.0415906943 0.0959569514
0.142720044 -0.0229970776
0.0450301021 -0.0291673057
-0.00436019385 0.0449225679
-0.0306984466 -0.0223196708
-0.016785318 0.0748568028
-0.055983182 0.0532273352
0.0506093837 -0.0237909053
0.0209838208 0.00501146354
-0.0172224473 0.0440649539
0.00444592768 0.0898226053
-0.00528140273 0.066473797
0.0522968322 -0.0574258789
-0.0134029156 -0.0749771744
-0.0771537423 -0.00386702106
0.0315360799 -0.00727678835
-0.0601478852 0.0267213583
0.0004658158 0.106939033
-0.0693126544 -0.0304156169
-0.0249659568 0.0393957458
0.106908575 0.0514508262
0.067959547 0.0616819449
0.0351515338 -0.00703770993
-0.0351931714 -0.0204610806
-0.0425302237 -0.0118289832
-0.0289243031 0.0175700281
0.0637812465 0.033199314
-0.0164922755 0.0834449008
-0.0654796585 0.0410762504
0.0263607595 0.0234697796
-0.0992256403 0.0197364409
-0.0777667239 -0.0965294093
0.0573429167 0.0748352781
0.0359970182 0.0300347935
0.0559433177 -0.0697246715
0.00893964432 -0.010323015
-0.00159869879 0.00243673031
0.00770682888 0.062998265
-0.0164743494 -0.0203897711
0.0110924058 0.0278833229
-0.128820688 -0.00440660492
0.0612066463 0.00666447124
-0.0087805381 0.0465638265
-0.0513842255 -0.0187774636
0.0524718873 0.0195891727
0.0158761628 0.0352470502
-0.0268490966 -0.0224806089
-0.00151351059 0.0195999686
-0.014608128 -0.0197336785
-0.0250863302 -0.0657028183
-0.0606771074 0.0165823437
-0.0134736234 -0.0083532827
0.0431756862 0.0513567515
-0.0122297993 0.0695714876
-0.0567351617 -0.0456399396
0.0360593908 0.0122040501
-0.00645855442 0.0529249646
-0.0224143025 -0.0608588196
0.00888926722 0.0227434598
-0.0507364348 0.0252622478
-0.0511174686 -0.00074879569
-0.0724761486 0.0393722206
-0.00671955943 -0.0116079245
-0.00535991974 0.0151860844
-0.0285100192 0.013168714
-0.00310092908 -0.0785957947
-0.0154042933 0.0040652263
-0.0417107753 -0.0353601016
-0.0366302244 -0.0385427922
-0.00194865745 0.0257559624
-0.00636845175 -0.026882885
-0.0622611865 -0.0291379727
0.00440206053 -0.0489119664
0.00667423941 -0.0180836394
0.0373875946 0.0160507802
-0.00238315226 -0.06281396
-0.00786152575 0.0275329147
-0.0458906554 0.0281773694
0.0150752096 -0.0425914004
0.0440533236 0.0568021573
-0.00161525444 0.0854799747
0.0124563593 0.0388969705
0.0517796166 0.0293073915
0.0308306403 -0.0190342758
-0.0385083556 0.0328034163
-0.0775350556 -0.0307929348
-0.0440831892 -0.0610860325
-0.0128678437 0.0218997281
-0.0521857813 -0.0323651098
-0.0151377302 0.0268537644
-0.00890896283 0.0702724457
-0.00680130441 -0.00325724436
0.0192422401 -0.0365709029
-0.0229666978 0.0167825706
-0.0390002653 0.0313588232
0.0373547301 0.0536083132
0.0734455213 0.045572117
-0.10616266 0.0414672382
0.0382058695 0.065999642
0.0772264227 0.00942811556
-0.077391021 0.0123460107
-0.0072550117 0.0302559528
0.0458785482 0.0349427648
-0.0348202959 0.0119970487
-0.108070381 0.0408129804
-0.0191930775 -0.0380134247
0.00113500084 -0.0865919515
-0.056834545 -0.0609908029
-0.0198357832 0.0206071958
0.0442592837 -0.0144820968
0.0202971231 0.00466413284
-0.0180703532 0.016711602
0.0839167759 0.0783032924
-0.0214719456 0.0589127131
-0.000109891465 -0.0168152507
0.00256897649 -0.0568516999
0.0231835805 0.00235633622
0.103969067 0.0437905081
0.00514034415 0.00576038053
0.01695849 -0.00634995382
0.0583483018 0.021244172
0.0494697019 -0.0707217604
0.0360580795 0.056121286
-0.094870396 0.061489664
-0.0513263941 -0.0169695988
0.0703458562 0.0439959243
0.0502003469 0.0590651482
0.0416478477 -0.0150970696
0.00843570195 0.00595042994
-0.00125212164 -0.0201875865
-0.0239207409 -0.0630004779
-0.0147461211 0.0366820693
-0.0469171852 0.0383075997
0.0385726914 -0.0613449663
0.0451325141 -0.0410528667
-0.0527227707 -0.054735031
-0.0286265165 0.00576564949
-0.0377433114 -0.00694365473
0.00824983232 -0.0608722605
-0.0197242685 0.041613929
-0.026078904 -0.0375102088
0.0434089676 0.0504149422
0.117477007 0.0239143614
0.101523906 -0.0446353406
0.0320353471 0.057761725
0.031593103 -0.0763281137
0.00580706354 -0.0977243856
0.0191019997 0.0358979851
0.032512892 -0.0123609146
0.0101463674 -0.0179454666
0.0502753854 -0.0530156009
-0.0312980339 0.00698136538
0.00527301757 -0.0292746965
-0.0175576266 0.0146726146
0.0160094351 0.00638526166
-0.0172663685 0.0192970298
-0.0137300957 0.0127735985
0.0618748926 -0.0361127257
-0.0156671517 0.0069174231
0.0490791127 -0.0852512866
-0.0369957536 -0.110442944
0.0102307666 0.0244241375
0.0575880483 0.0258025583
0.0412290134 0.0016120011
0.0209652204 0.059638761
-0.0816292763 0.006171552
-0.0238647815 -0.0720313266
0.0389037132 -0.0620957576
0.102171831 0.0336596668
-0.00476925401 0.00489973463
-0.0675440803 0.00489169639
0.0129201058 -0.00755407615
-0.0303947572 -0.0500900969
0.00977224391 -0.00784945767
-0.0655933768 -0.00840780046
-0.0367223173 0.0191521179
0.0749393404 0.0602215081
0.000742047851 -0.0201861914
-0.029381888 0.00258730236
-0.00728194974 0.0372826792
0.0244505312 0.105407156
0.00636089453 -0.00303099118
-0.032403633 -0.0332390815
-0.00688319141 -0.0185798686
0.0142298127 0.0201820675
-0.0262229834 0.0646978989
-0.0336965509 -0.0302375015
0.0322966576 -0.0392054804
0.00607954292 0.0362078138
0.0613016598 0.0411569998
0.0143398056 0.0150125716
-0.0598848462 -0.0130029451
-0.0762255266 0.0121558961
-0.100330777 0.0596747547
0.0668952093 0.0266898572
-0.0439647883 -0.0455109105
0.0632311404 0.0140411621
0.103051215 0.0456867293
-0.0472316705 0.0112959566
0.053966336 0.0285778735
-0.023025509 -0.0103735719
0.020216763 -0.0828879699
-0.0485498309 -0.0783876255
-0.0422291346 -0.0159760211
-0.0322199874 -0.0168661624
-0.033432629 0.0203768723
0.114619814 0.029754905
0.0422202647 0.0251339842
0.100796707 0.0332015902
0.0220120959 -0.0129249115
-0.0397286117 0.0192828514
-0.005098789 -0.034826342
0.059244357 -0.0481336378
-0.0111226225 0.0128534054
-0.0549922697 0.0075900862
-0.00723648164 -0.00345383678
0.0307059269 0.0288076792
0.0292197652 -0.02048341
0.0458842441 -0.0518966466
0.00644345488 0.0529797152
0.00627018651 -0.0605703257
0.00323844398 -0.0387773737
-0.0737178847 -0.00255421083
-0.0173772816 -0.011461799
-0.013582916 -0.0422736183
-0.0572091043 -0.0416930057
0.00886532851 0.0684697926
0.0256131627 0.0196838044
0.0485167019 0.0778387561
0.0149565153 0.00443409337
0.00623697136 -0.0288761128
-0.05099044 -0.0115310149
0.0464472845 -0.0181229971
0.0798447952 0.0574591011
-0.0105661098 0.0263254642
0.0710119829 -0.0245382525
0.0222068876 -0.0530648567
-0.0181428101 -0.000122106896
-0.0876628682 0.0255281273
-0.0425454006 -0.066859208
0.011241761 -0.0984542817
-0.0665269569 0.0254344679
-0.0263849609 -0.0631447509
-0.024558058 -0.0553946905
-0.0141412029 -0.0151351662
0.056477759 -0.116766162
-0.0656167641 -0.023661606
-0.0348896645 0.113109007
-0.022248568 0.104199529
-0.0154680796 0.0204681475
0.0389685109 -0.00597386062
-0.055277992 -0.0222383477
0.00433513941 0.0105723813
0.00636639865 0.0142723406
-0.0256196801 -0.0288018137
0.0987495705 0.0198474396
0.0192214157 0.0364026241
0.0500351042 -0.0279174466
0.164634287 0.0682792217
0.0399096832 0.0483950526
0.0588328131 0.000584605092
-0.0566824451 0.0736087114
-0.073011145 -0.0102946842
0.0148274405 0.0187699422
0.0624859445 -0.0163162146
0.0776219219 -0.020608034
-0.0189599525 -0.0443756618
0.0128895175 0.00473100925
0.0789857134 0.00335975597
-0.00297703547 -0.0282817762
0.019586131 -0.00886833668
-0.0151334004 -0.0251331385
-0.0119886957 0.0341526754
-0.00207225559 -0.00439078221
-0.031819202 -0.054545138
0.0114353513 0.0106326332
0.02715284 0.0496933386
0.0162120629 0.0654226467
0.00839364249 0.0191417951
-0.0605229959 -0.0352966078
-0.0752242208 -0.0383998491
-0.0227272529 0.0213276558
0.0372999199 0.0916081667
-0.0237243101 0.0832668915
-0.0474391468 0.00909262896
0.0353071354 0.0493899211
-0.033181686 -0.00841465406
-0.0565165579 -0.0989955142
0.0177220497 0.0371919721
0.0404146463 0.0286389273
0.0780339912 -0.0516615435
-0.0230472311 0.00914017297
-0.0206443947 0.0447096266
-0.0772178546 0.0186872166
-0.0671117455 0.0235674884
0.0343908556 0.0285224747
-0.0879086405 -0.0165088642
0.0272712465 0.0176641122
-0.0162923578 0.00941645447
-0.0575003251 -0.0431862548
0.0390631631 0.0570741035
0.0120279994 0.0526429005
-0.00434084702 -0.00659546256
-0.00827510469 0.000679323508
0.0366940536 0.0207676347
-0.0102399075 -0.0513278097
-0.0332521982 0.0135634476
-0.0199349187 -0.0564953685
0.0101154875 0.014803499
-0.033282809 -0.00334685994
0.0535370521 -0.0775860921
0.0129168723 0.0259561446
0.0393278971 -0.0386274457
-0.0132603478 0.00200171629
-0.0450726151 -0.0103453388
-0.0153199425 0.0209903978
0.011104635 0.0969372466
-0.0407546051 -0.0203910004
-0.035737969 -0.0267404485
0.0158803165 0.0123728113
0.0460808538 -0.0385349244
0.016222978 -0.0380744636
0.0326893404 0.0102597615
0.034072917 0.014271277
0.00511044636 -0.00251736748
-0.0472665727 0.0230322052
-0.0330397524 0.012050258
-0.0857008919 -0.0178597122
-0.0572532341 -0.052674111
-0.0309694633 -0.0848168656
-0.0347969793 -0.0404923856
-0.0107244961 -0.0277356822
-0.0544856675 0.0217595976
-0.0587884113 0.0221118126
-0.0523697361 -0.00549791427
0.0115563795 0.0074175545
0.0159242228 0.0215885248
-0.00157175818 0.00686165411
0.0327001438 -0.0468716212
-0.0212595444 -0.0147421416
-0.0716865286 -0.0293644611
-0.118811749 0.0576692633
-0.0221037772 0.00335397851
0.0560300425 0.0601720065
-0.0841379985 0.0913823023
-0.0206211861 -0.0421461239
0.00897020847 -0.00480202679
-0.0378979072 -0.0627720132
0.0222058669 -0.0344651192
0.0692270622 -0.00137194328
0.0771742985 -0.0397087187
-0.0823131725 0.0283466578
-0.128208369 0.0113518527
0.0610595793 -0.0076166573
-0.0437781401 -0.0613338165
0.0290551968 0.0126383593
0.0195095707 0.0587512963
-0.0866913199 0.00538979098
0.0135344863 0.00392372487
-0.00502887508 0.0801147372
-0.00152058632 0.066020973
0.0592285357 -0.0701563433
-0.0520589985 0.0177606624
0.0274263099 0.0653893799
0.0127728544 0.00240864465
-0.125739679 0.055155497
-0.00517063681 -0.0155505799
0.0780604482 0.000450899708
0.0258517656 -0.0237708334
0.013589507 -0.0513753891
0.0211093444 -0.0615421161
0.00842853077 -0.0350636579
0.0704716295 -0.0750215352
0.0366562158 -0.0351112224
-0.0273746066 0.0563151464
-0.00479697296 0.00185670506
-0.0289800297 -0.048107408
0.0014838163 0.0453752168
-0.0107654696 0.111549787
-0.0651959032 -0.0294304639
0.023298502 -0.0262281206
0.0307461843 0.0880926773
0.0104434472 0.0052628126
-0.02289759 -0.0279481392
0.0325186588 -0.0148658948
0.0375603326 0.0213388707
-0.0352021754 0.0575949475
-0.0472509228 -0.0367029309
0.0128742075 -0.0266154688
-0.022784438 -0.0130691882
-0.00911772624 -0.0360512957
-0.020044554 -0.0490995795
-0.0138482964 0.0485329367
-0.0973247364 -0.0258183684
-0.00136741856 -0.0162844937
0.068689175 0.0898522958
-0.0189545378 -0.0539661162
0.0565629043 0.0435382165
0.0417832695 -0.0204245932
0.0808688328 -0.0107547762
-0.0290276613 0.0292705614
-0.102663122 0.00735417474
0.00666991342 0.0132769672
-0.0722721443 -0.007184471
0.0474249162 -0.021393083
0.0142818084 0.0475440137
0.0277612694 0.000494563719
0.0588357374 0.061862275
-0.067415975 0.0148152839
0.0109220017 0.0132190101
0.0541628785 0.0361143127
0.000822662201 -0.0130287642
-0.0868406221 0.0229046289
0.0122265145 0.0230677463
0.118038215 0.0749945417
-0.0584372208 0.0425518304
-0.0352843925 0.0297066495
-0.104715221 0.0401513092
-0.00662491331 0.0828579366
-0.0322391763 -0.0858959556
-0.0592790917 -0.0467654578
0.0542890653 -0.0797826052
0.0771677494 -0.0794977397
0.0625249892 0.0311095659
0.0268846378 -0.0620231293
0.0140726808 -0.0930676088
0.031832628 0.0329346322
-5.39991233e-05 -0.0301002748
0.0568215661 -0.0174183752
-0.000205186909 0.029791832
-0.0586646385 0.0733228102
0.0144057833 0.0906673968
-0.0584253445 -0.0135205984
-0.056288328 0.0188707858
0.0447820723 -0.0340590365
0.0645372421 0.0316424407
-0.0348271988 0.0444294922
-0.00451059267 -0.0823209137
-0.0025412126 -0.0209841356
-0.00781493075 -0.0356887169
0.0147453891 0.0207735207
-0.00142342143 0.0177489836
-0.0691186041 -0.0440682545
0.0387889482 0.0448400378
0.00473700697 0.00414474634
-0.103295535 0.0236560628
-0.0316123851 0.0123533374
-0.00259546586 -0.057383094
0.0145096341 -0.0300366078
0.00797376689 0.0454425439
0.0489839427 0.0150000229
0.0317215174 -0.0544977076
0.00363275222 -0.0510201491
-0.0187151879 0.00364794745
-0.0182301588 -0.001921925
0.0383261181 0.0734962076
0.120946184 -0.0364204831
0.04968898 -0.0698233992
0.0393443368 0.0440747626
-0.0130689451 0.00262678554
-0.0562586673 0.0147234211
0.0458361469 0.0279688463
0.0552352332 0.063954249
0.0269209351 0.0215003695
9.71336194e-05 0.0238399934
0.0493617393 0.0133740213
0.00470313104 -0.0320774652
-0.0656220019 0.0339763314
0.119752698 0.00200087973
0.0945822448 -0.0505572781
-0.0108364886 -0.0167478528
-0.00374009763 -0.0183421504
-0.00895824842 0.0363903195
0.027794864 0.0390633084
0.0237772893 -0.0059922589
-0.0788959712 0.0642014518
-0.038223289 0.0058958116
0.0416040309 -0.0124495998
0.0199220795 -0.0430639498
-0.0954648331 0.0111338263
-0.0498171709 -0.0658814386
-0.0737942383 -0.0331189223
-0.0445334278 0.0514904894
0.029574316 0.0450461954
0.0397508182 -0.0295693129
-0.027040923 0.00561809912
-0.0263964999 -0.00386562408
0.0136091243 0.0231329203
0.0365865827 -0.0297226645
0.00926321279 -0.0618690476
-0.0256493408 -0.0175000262
-0.00254373113 0.0323538296
-0.00608361699 -0.069281511
0.0414643511 -0.0124632977
-0.0670252144 -0.0207238961
-0.020719735 -0.0319546908
0.0141078662 -0.103538074
-0.0255734436 -0.0424359851
0.0232319105 0.0556495227
-0.0394265912 0.0331445783
0.010241298 -0.00782812946
0.00935341232 -0.013025579
-0.0628485158 -0.0303115863
-0.00891544204 0.0377181731
-0.029644927 -0.0259159207
-0.0673432723 -0.0410292111
-0.0356611684 -0.0179976597
0.0440445654 -0.00200507417
0.0519144088 0.0437895879
0.0579538308 0.0499246418
0.00954343099 -0.0103191249
-0.0611367114 0.0257319231
-0.0642710328 0.0432545617
0.0309054255 0.0367312133
-0.0733106658 -0.000599531981
-0.0429628454 -0.0173718072
0.0373116732 0.0509625375
-0.00264692865 0.0426446274
0.078061752 0.0168044474
0.0764455199 0.0437644422
0.012362998 -0.112653777
-0.0170210153 -0.0707823411
0.0308565404 0.0600128286
0.102395989 -0.0253324639
-0.0393622294 0.0192592219
-0.065585576 0.00800920092
-0.0174831226 0.0322724469
-0.0342937708 -0.029967919
-0.0237741396 -0.0693643615
0.0474052988 0.0276213381
0.00947984215 0.0213070847
0.011247308 0.0420792736
0.060033381 0.0332756937
-0.00288476772 0.0111837611
0.0539364479 0.0486121476
0.0554047413 0.090439111
-0.0970383883 0.0348752253
0.060904488 -0.0171084888
0.0566227399 -0.00067286531
0.0680121258 0.0377968363
0.102693863 0.0125686117
-3.99885612e-05 0.0931620896
-0.058811713 0.0151194399
0.0686296299 0.0081931781
-0.00044943596 -0.0051492122
-0.0346401185 -0.0859881938
0.0747587308 0.0762251988
-0.00364021934 -0.0375340879
0.0706292316 -0.0315686315
0.0393432416 -0.0155878533
-0.0279833414 -0.0760708451
-0.0300226733 0.0333354771
0.00789895002 -0.0393772908
-0.0906404778 -0.00623715669
-0.00325849326 0.000592184369
0.0069533349 0.0313328132
-0.0745082647 0.0942780226
-0.0184979923 -0.0245353729
0.0190702192 -0.027688399
-0.070349656 -0.00396230537
0.0826740265 0.00964750908
0.00355007825 -0.0216598697
-0.0800713375 -0.00555727165
-0.000569403172 -0.0419185944
-0.0173923615 0.0108300317
-0.0589637719 0.00550371502
0.0266513675 -0.0578474738
0.0054245526 -0.0102089476
0.049512282 0.0180567186
0.0244796574 -0.0190472361
-0.0308551453 0.00637667533
-0.00719203707 -0.0133292219
-0.00626922445 0.061076805
-0.0184252933 0.00754153728
-0.0212302953 -0.0084152082
-0.00597057212 0.0180961005
0.0424260534 0.0247028805
0.0479384586 0.0268585179
0.0120400591 0.0121054491
0.0181656871 0.0405380428
0.0123638222 -0.0304785129
-0.0267025977 -0.00583293568
0.0129479589 0.0133588789
-0.0422596112 -0.00807253644
-0.0162736978 -0.0888456181
0.0179908518 -0.0880539343
-0.0246915538 -0.0518442281
0.00690134754 -0.00704838941
-0.0664179549 0.0160902962
-0.105413608 -0.00929238927
-0.0110336291 0.0180191044
0.0582640953 -0.0083511984
-0.00546553545 0.0296134707
0.0182166994 -0.0216914415
0.0328381881 -0.00143167947
0.0165691674 0.0399760269
-0.0310471989 -0.0236057173
0.0648350194 -0.0219910797
-0.0337842107 -0.0700142756
-0.0179157332 -0.0486351475
-0.00598518457 0.000964918523
0.00675576786 0.00896613114
0.0501849502 -0.0815104619
0.00159345113 -0.0192379747
0.0349932611 -0.0517636053
-0.0360544808 -0.041764807
0.00448770821 -0.0490695275
-0.059515845 -0.0423504114
-0.0489366576 -0.00186797488
0.0240344126 -0.0605056286
-0.0189689286 -0.0212818254
-0.0605983958 -0.0163794495
0.0444795638 0.101593226
-0.0589678809 0.0493488871
-0.0471483804 -0.101374477
0.0256470535 0.0154616348
0.0201379061 0.00513686566
0.0503853075 0.020376429
-0.0119979056 -0.0665702596
0.0227083191 -0.0463435277
-0.00144495943 0.0488668494
-0.0763769746 -0.0858114064
0.0138210021 0.00703374529
-0.0394282416 0.100880481
0.0525235236 -0.00340576959
0.0123919034 0.0165978055
-0.0557966828 0.0302913208
0.00518918457 0.0216000006
0.0202337261 0.0232637264
-0.070442073 0.0160948969
0.0198969319 0.0252704248
-0.00343637052 -0.00824133772
-0.099337697 0.0559105687
-0.0498394445 0.10535264
0.0424140058 -0.0408789031
0.0313783661 0.0432887711
-0.0517056659 0.0408624858
-0.0542386062 -0.0273678321
-0.011405603 0.0267722383
-0.0271685664 0.0209257677
0.0186601914 -0.0114230774
-0.0180791561 -0.0817222968
-0.0607784688 -0.0717288181
-0.0150060691 -0.0266094059
-0.0295444392 -9.15593191e-05
-0.0199400987 -0.0934961289
0.0390016511 -0.0781604201
0.0735797659 0.0338929929
0.0386793911 -0.0496692434
0.044163309 0.0173717961
0.0148354359 0.0854950175
-0.0675912723 -0.0310260728
-0.0563258603 -0.0304411445
0.0297861379 -0.00662589492
0.0395535827 0.0684480369
0.0375615545 0.0560763553
0.0495171472 -0.0211085174
-0.0453609265 0.083400555
-0.126493871 0.00907019619
-0.0179703813 -0.00954174902
-0.026341429 0.061698176
0.0248802938 -0.024653852
0.0469048657 -0.0177645758
0.0506336428 0.00805594493
0.0236535911 0.00300797261
0.0109373173 0.0255137738
-0.0238506943 0.0380322151
0.0446039289 -0.042749282
-0.00727389567 0.0321050361
0.0146253901 0.0513152443
0.0398525223 -0.00995443203
-0.0540248938 -0.0520818941
-0.0368645005 -0.0372688361
-0.053839203 0.0644447058
0.00843325257 0.0240500029
0.00385524216 -0.0585046001
0.00811746158 -0.0622703992
-0.00625298172 -0.0683249459
0.101802371 -0.0262823012
0.078243725 0.0828247517
-0.0551893227 -0.0121267913
-0.0513250716 -0.0294017419
-0.0515748858 0.00918344781
-0.0334020145 0.00043803273
-0.0694066137 0.0381142981
-0.124289751 0.0288755298
0.0851612315 0.0160611849
0.05052194 -0.0188825745
0.0032915303 -0.0348286144
-0.0144904181 0.0274731629
-0.0245828349 0.0173376314
-0.0451882929 0.107764505
-0.0204571839 -0.0142168468
0.0554959737 0.0236034989
0.0172211286 0.0263114981
0.0216812883 0.0566768236
0.00602303585 0.0734226182
-0.0612304844 -0.0118367961
-0.0349364728 0.0577472001
-0.00791142508 -0.0163007639
-0.0596483834 -0.00399972685
0.0283924714 0.0508211777
-0.000298404746 -0.0546989962
0.0109528052 -0.0325440168
0.0470260829 -0.0934281945
0.0852167308 -0.0297383219
0.03120769 -0.0186970569
0.0349353254 0.00979961269
0.033273574 0.0338470861
0.0278124195 -0.0623982623
-0.0101796845 -0.0445880592
0.00728746224 -0.0855297223
-0.0193680916 -0.00404725224
0.0240265522 0.0852409229
-0.0688472837 -0.0231468789
-0.0145272631 0.0166323781
0.0215867646 -0.0229379721
-0.0231245011 -0.0162277091
0.014555796 0.0817950219
-0.0462556444 0.00401485479
-0.018250335 -0.0278684385
0.0507463999 -0.0539320596
0.022903664 -0.0150136147
-0.00692321872 0.041763097
-0.0150690638 -0.0443055592
0.042212829 -0.0307284947
0.0389256738 0.0115957195
-0.0500659943 0.0507467166
-0.0413708948 0.0821081027
0.0790194124 0.0112263346
0.0749613866 0.0200298633
0.00676495442 -0.00172215595
-0.00884389691 0.00866090879
-0.0117572732 0.0325020701
0.0597317666 0.00510622049
-0.0871498659 -0.0415162481
-0.0656299815 0.035438668
0.0334979035 -0.00845610164
0.0724077672 -0.010442473
-0.0689250529 0.0197488666
-0.0431420319 0.00576642342
-0.0165095609 -0.031355489
0.0637977347 0.00910495315
0.0917843506 0.10885933
-0.0209820345 0.0196787361
0.0521678664 -0.0679204538
0.0464802757 0.0179720484
-0.021262059 0.0432266742
0.0388234593 0.0785728246
-0.0019947784 -0.0526250936
-0.0743368194 0.00667649135
-0.0142438347 0.0328567252
0.0104231602 -0.0313653909
0.00676914211 0.0422220975
0.0161669943 -0.040053647
-0.0149079571 -0.0300004613
0.0226286389 0.0288216155
0.0161186419 -0.043313995
0.0334531255 0.0162417926
0.0497347079 -0.0563937463
0.0517448001 0.0246438868
-0.00523485523 0.070888035
0.0119444728 -0.0754054189
0.0876736566 -0.0257009678
0.06010928 0.0054019955
-0.0413858145 -0.146690443
0.0310651343 -0.131860435
-0.0489427857 0.0276150145
-0.0171948075 -0.0312003139
0.0325862467 0.0120947538
0.00666653318 0.09968853
0.00142682204 -0.0325999521
-0.0526449494 0.0517899692
-0.00623996137 0.00451663509
0.026503332 -0.0463856272
-0.0272704978 -0.0133536449
-0.0580868311 -0.0659674779
-0.0614899509 -0.0672750995
0.0316559337 0.00607293518
0.0651417673 0.0838099122
0.0447557457 -0.0111543834
0.0624874271 0.00902469363
0.0632938743 0.00577170961
0.0784147754 -0.0590769053
0.0224349815 0.0902299881
-0.0385373347 -0.0774941668
-0.0206984151 -0.0506378971
-0.00744175352 0.0502116159
0.0290412549 -0.00274172681
-0.0618843697 0.0241840687
-0.0205370411 -0.0704383329
-0.0272341091 0.0581009202
0.096349366 0.102686249
0.00259519182 0.0251913127
-0.104342267 0.0479117744
-0.00447233394 -0.0170688834
0.0506701022 0.0549666733
0.0390251651 0.0633978471
-0.0147577813 0.0253294762
0.000490213162 0.0574859045
-0.0960639939 0.0209519994
-0.0624564141 0.0170932692
0.0648381561 -0.014820694
-0.00842516776 0.0197038446
0.0292528011 0.0902898014
0.0739419013 0.0129592586
-0.0346479826 -0.0181766301
-0.0880697295 -0.0161287971
-0.108005464 0.0119456304
0.00308782025 -0.000532656268
0.0352823734 -0.0461403728
0.00931963604 0.0360636562
-0.0368970372 -0.0220604669
0.0543971136 -0.0509594679
-0.0357796475 0.0290617198
-0.01070699 -0.00286300527
0.0738580152 0.01168322
-0.0174658354 0.0138039151
0.0664528161 0.042491328
-0.0430813022 0.0820455551
-0.00456122309 0.0300112981
0.00384437712 -0.00484206574
-0.0968925357 0.0144814746
0.00574055035 0.000644418818
-0.0100390287 -0.0101832747
0.0644379705 0.0618523136
0.0170661658 -0.0103935366
0.0752582178 0.0606771633
0.0167112071 0.0141264331
-0.0697257221 -0.0458382703
0.00988550577 0.0682013184
0.0129044717 -0.117648549
0.0599259883 -0.0778047591
-0.030169921 0.0972316042
-0.0233608466 -0.03456451
-0.0028551782 0.0435860157
0.0489265397 0.0276837517
0.0473361798 -0.102022223
-0.0728602484 0.0194641147
0.0602610707 0.0724071786
0.00477009406 0.0266085658
-0.0185717344 -0.0101450579
-0.0191679038 0.0792405978
-0.0370980278 0.043823991
0.0764574707 0.01981676
0.046878539 0.0047903317
0.00391851459 0.0197941884
-0.010393288 -0.086449571
-0.01122873 -0.0876817703
-0.0692005306 0.0111848358
-0.0192478597 -0.0505224392
-0.0355025791 -0.0812848359
-0.000146818988 0.0320622921
0.076145865 0.00371273234
-0.0193086024 -0.0948006883
0.0210905988 -0.033904586
-0.0148961525 0.000350474758
0.00975228287 0.0225117579
0.0696233064 -0.047153566
-0.00155683432 -0.0240073297
0.0482940786 -0.0853923112
0.0330601484 0.0221148189
-0.00854904205 -0.0574146248
-0.0578727946 -0.0766468272
-0.0127956579 -0.0200690683
0.0707436129 -0.0412976444
-0.0318478346 -0.0496409424
-0.036647629 -0.0521748029
0.034679547 0.12002825
-0.0736155882 0.0201570336
-0.0257995073 -0.0938040242
0.0110598495 0.0371215269
-0.0108193681 0.0503671654
0.0173219107 0.042414587
0.0374936238 -0.0501638278
0.0190460496 -0.0385969914
-0.0343004726 0.0597957373
-0.0266860221 -0.0836445466
0.0400008261 -0.00304910005
-0.0244282708 0.0606971346
0.0767267123 -0.0217315517
-0.00298343739 0.0170281734
-0.0522069111 0.017728081
0.0453782976 0.0609105676
-0.0355035439 0.0176051315
-0.0616289303 -0.0905588493
-0.0490223952 -0.00546845328
0.0387272462 0.0264655948
0.0176018905 -0.0359611511
0.0121565973 -0.0445244946
-0.0110446224 -0.0201474447
-0.00294721895 0.0303227212
-0.0538175143 -0.0742807537
-0.0458006524 -0.00122911797
-0.0287452526 0.0193938203
0.00669090496 0.0114614982
-0.0625803545 0.0828412101
-0.000746099802 -0.0162457116
-0.0808876678 -0.049913384
-0.02001529 -0.0516747385
0.0581438094 -0.079277128
-0.0637879968 0.00412544608
-0.00560061214 0.00213776808
0.027220292 -0.0306752212
-0.0849424377 -0.0144113945
-0.0299328864 0.0778032467
-0.0538421385 0.0855975971
-0.0723912269 0.0127657102
-0.0390283167 -0.0669586062
-0.0148578715 -0.0766992941
-0.037548326 -0.0639704615
-0.0129729435 -0.00987368729
0.0628268123 0.0224409979
0.00222039642 0.0183425285
0.0131959971 0.0647781417
0.0154301459 -0.0390360057
0.042727951 -0.0296165179
0.000626689347 -0.00772841647
-0.0188332908 0.00860456005
-0.00128334074 0.0305037703
-0.0414401963 -0.0405506156
-0.0715346113 0.0444750711
0.0109746819 0.0582963116
-0.0483501963 0.0391350165
-0.0750857815 -0.0130063593
-0.0149160596 -0.0965062603
0.0489158817 0.0176410209
-0.0532657504 0.0389672741
-0.0909028724 0.0261271056
-0.0402321592 -0.00230994029
-0.0219169278 -0.100932792
-0.0036810406 0.0425477214
-0.0204924475 -0.0687785447
-0.0345019437 -0.0656119362
0.00716811465 -0.0166037697
0.134043634 0.0650591403
0.023864707 0.038921684
0.0251398794 0.0399769805
0.0252177492 -0.0237659477
0.0548932701 0.0274230726
-0.0283130445 0.0249078181
-0.058333654 -0.0375523344
0.0696123838 -0.039476566
0.0353472568 -0.103075534
0.0108020743 0.0364948884
-0.0103782974 0.0622897223
0.00417641643 -0.0150929661
-0.0576917529 0.0428271331
-0.0257649012 -0.00779795228
-0.0431478173 -0.00557156606
0.00697895791 -0.00913894828
0.0824426934 -0.00198304211
-0.0480343774 -0.00186541828
-0.0451233871 -0.0244167447
0.0786195621 -0.0155581431
0.0302661359 0.034824457
-0.0488253161 0.00374439335
-0.0899397209 -0.0431224853
-0.0427503921 0.0751171708
0.0200196244 0.0573855974
0.0943907946 0.0502525233
-0.00694831647 0.0310883671
-0.0022703826 -0.0076868576
-0.0138614168 0.0249313153
-0.0911886841 0.0504007041
0.00478075398 -0.0297641363
-0.0511655286 0.0256515481
0.00791779812 -0.0328504853
-0.048687607 -0.109267443
-0.0474054068 0.0407729335
0.000402264704 -0.00798805803
-0.0375226848 0.0107262004
0.00715233572 0.0115561951
-0.0460813195 0.0357152671
-0.0185118448 0.0594149381
0.0190452151 0.0869747475
-0.0259627104 -0.0192283373
0.0238268059 -0.0523338951
0.00124639575 0.0519291945
-0.0149639938 -0.0369344056
0.00607559737 -0.0405828282
-0.0791259706 -0.0224592462
-0.029033415 -0.0503192209
0.0683719367 0.040934708
0.0240409188 -0.0301731713
-0.0158933923 -0.0153426435
-0.0706135631 0.0182218198
0.0344536155 -0.0450892113
0.129748642 -0.0744507387
0.0437391847 -0.0314572938
0.0118240025 0.0787850842
0.0326165631 0.0292502511
0.0413317196 -0.0235747918
-0.00550524937 -0.0235630162
-0.0151038766 -0.0685194954
0.0118444422 0.0661025122
-0.0616328008 0.00705602812
-0.0132311378 -0.0424409881
0.0532220155 0.0249017756
0.020923309 -0.0285048075
0.00883704517 -0.0120451767
0.0138345091 0.0218332671
0.0077680028 0.0235860683
0.0425890684 0.002331055
-0.10145878 -0.020214824
-0.0380670689 0.036121536
-0.0289787091 0.0741594732
-0.0495807268 0.0221436806
-0.0320928358 0.102147117
0.0475232862 0.0366412178
0.0662739351 -0.0606894791
-0.0938581377 0.0226673093
0.0138465129 -0.0225476474
0.0230609681 -0.0626038089
0.00849654432 0.00594684994
0.0270735025 0.0114805829
0.0019465487 -0.037449874
0.0746736601 -0.0158862434
0.00774129294 -0.0115269767
-0.00471973652 0.0837294757
-0.0145250903 0.0239239745
0.0496233888 -0.0520264842
-0.00772231817 0.00533203734
-0.114481471 0.0228767619
0.0376400389 0.00593452156
0.0310714636 -0.00127056206
-0.0364120789 -0.00246159988
-0.0342959054 0.010281519
-0.0635579526 -0.0498395003
-0.0337456986 -0.0311826635
0.00566772139 -0.0316342041
-0.00784330629 -0.0114200478
-0.0433919355 -0.0731491372
-0.0177387595 -0.0386606641
-0.0120687345 0.0866036117
-0.0249990616 0.0606482103
-0.000628449547 0.0368085243
0.0127945766 0.0503769517
-0.0101887221 0.0165788289
-0.0455208346 0.0100624068
-0.00552257523 -0.0917827934
-0.028072495 0.0232579485
-0.0128381234 0.014624604
-0.0309561603 -0.0569723994
0.00298165064 0.0256473962
0.0462596864 0.031846907
0.00335625932 0.0031164086
0.0598544143 -0.00304360897
0.0599312335 -0.0925590619
-0.0478550568 -0.00230140472
-0.0692748725 -0.0697001591
0.0157386046 -0.0567292646
0.0380924121 0.0347903781
0.0100574354 -0.0619146861
0.0554211251 -0.0268459991
0.0727768838 0.0236319564
0.025755899 0.0370150805
0.012782637 -0.0734380409
0.0496399105 -0.0154728973
0.031102607 -0.00210599648
-0.0793448836 -0.0605532043
0.0287750009 0.0582429357
-0.0508538336 -0.0219708066
-0.0946009159 -0.059999425
-0.0194200017 0.00894680899
-0.0382380635 0.0797241107
0.0364494547 0.0650347695
-0.0520237684 0.019363245
-0.0329190418 0.146760449
-0.0302810911 -0.00772381248
-0.0131232813 0.0251786783
0.10179244 -0.00548076304
-0.0290236212 -0.0236241035
-0.0483921207 0.0504665934
-0.0163467936 -0.044226706
-0.0185572989 -0.0293938927
0.0668127388 -0.0205757003
0.0298189353 0.0410530232
0.0214352701 -0.0551550537
0.0165435094 -0.0485375412
-0.0395952798 -0.00249397987
-0.0302063953 0.0741268024
0.0553459972 0.0431040116
-0.00898699649 -0.0709999055
-0.0143055711 0.025473699
-0.00186485378 0.0752817094
-0.00615193555 0.0719415545
0.0122704646 0.114598438
0.00127760356 0.0658855364
-0.0506720468 0.0658719838
0.00253865286 -0.0169297438
0.133882165 -0.0457872115
-0.0294929799 0.0286629796
-0.016604621 0.0351589881
-0.00189604377 0.0282142293
-0.0328864157 0.0898187533
0.0610038824 0.110607736
0.0223354045 -0.0330036245
0.0364767052 -0.0046608909
0.00308671687 0.022194596
-0.017619174 0.0121670747
0.0568241663 0.0623783693
0.055729039 0.0168833733
-0.0390865617 -0.0486963168
-0.0254621338 -0.0509100407
0.0350138098 -0.0453772992
-0.0232495368 -0.00872425828
-0.0191641711 0.00486071594
0.0679811388 0.0201042276
0.0183263253 0.0284791291
0.0138955312 0.0254188571
-0.0168808512 -0.00930138864
-0.0242133178 -0.0438876078
0.0168163255 0.00118036871
0.0441564284 0.0236430671
-0.000447250815 -0.048506815
0.00119576161 -0.0315285362
-0.0283299219 -0.0410786122
0.00983762555 -0.0512983687
-0.00701329205 -0.0437436476
0.00239535607 0.100437798
0.0016796618 0.105022699
0.015073115 0.0186114889
-0.0397483818 0.0345197096
0.0460083932 0.00490781106
-0.0844965279 -0.0522597879
-0.0411979184 -0.0406848527
0.0256923903 0.0643200427
-0.0233832076 -0.0350774899
0.0447307602 -0.0240795519
0.0358781181 0.06544438
-0.0512315035 -0.0669251531
-0.0226346292 -0.0192454476
-0.0578646734 -0.00934209861
-0.0184598621 0.041147422
-0.00659836689 0.0643094704
-0.0101146279 -0.042851761
0.051400356 0.0447144434
-0.0480159111 -0.0196689032
-0.0417768322 -0.00741124293
0.0338165313 0.0467054732
-0.015104929 -0.125940129
-0.0434652902 -0.047278136
0.0602143668 0.0358300731
0.0610405207 -0.0257713925
0.0291231256 -0.0317882672
-0.0279194433 -0.00153020013
-0.00456391554 0.0335352086
0.00756624434 -0.0780389905
-0.112555832 -0.058951769
-0.00336552272 0.0315901041
0.00605523167 0.0214892998
-0.088764824 0.0357732773
0.0130741326 -0.05328862
-0.0601792149 -0.016899284
0.0260198638 -0.0777639002
0.119246237 -0.0608992837
-0.0609504431 0.00754085975
0.0164586324 -0.0114147617
0.0119878184 0.00791335199
-0.0324986018 -0.059566278
-0.0111148106 0.0667097494
-0.0943637341 0.0635168999
-0.037114799 -0.0326195136
-0.0197167844 -0.0732921436
0.0123117333 -0.0460310467
0.00979263149 -0.0476891771
-0.00661345432 -0.0194311198
0.0736881867 0.0355751552
-0.00332305045 0.0212477613
0.0105085857 0.0549452342
0.0136393802 -0.00672590686
0.0259042699 -0.0262464061
0.0490944907 -0.0221053287
0.00315247755 0.012118333
0.0114650605 -0.0625182763
0.100287676 -0.0197911132
-0.0908995047 0.0258632097
-0.0682852641 -0.0292010102
-0.0385162346 -0.0120415911
-0.0546335503 0.0727838799
-0.0563118421 -0.0710436776
0.0279358719 -0.0585130714
-0.0292755403 -0.00796696916
-0.00362335681 -0.0963088721
0.0520332307 0.0407579355
0.0556047782 0.00456362544
-0.0171623938 -0.0522296876
-0.0431868918 -0.0785906166
-0.0109661426 0.0363021605
-0.0544811897 -0.0226584785
-0.0478166454 -0.0152701046
0.018566886 0.0580199473
0.0347344689 -0.0156241525
-0.0155229354 -0.0475920178
-0.0578393787 -0.0545910262
-0.00874743704 -0.0071647251
-0.00461454596 -0.0592215694
-0.0437849164 -0.104474947
-0.058828678 0.0224057995
0.0113704223 -0.0276418999
0.0852801055 0.0221400969
0.00460625859 -0.00420872448
-0.0708208755 0.0375416316
-0.0503838956 0.0537618697
0.00310070324 0.0177877806
0.0496643595 0.0976999328
-0.0420445316 -0.0767481849
-0.0182022825 -0.0322651565
0.103220448 0.0932594761
0.0510380678 -0.0428911224
0.0389619544 -0.0179089848
0.0655315965 -0.013541921
0.00787840318 -0.0111598484
-0.0108614108 0.0153953312
-0.0390353501 0.0294308104
0.0432927646 0.00304468395
0.0540709272 0.0756329447
0.0133394245 -0.0454852544
0.0950632319 0.0196212847
0.0414755419 0.0709466115
-0.0356929488 -0.03973528
-0.0215981565 -0.0100460583
0.0256361999 0.0305403322
-0.0428773686 -0.0488703996
-0.0555011928 0.0132353678
-0.0744187534 -0.00133739098
0.0143022556 -0.0231156386
-0.0394605808 0.0225535072
-0.0724914074 -0.022174513
0.0482974984 0.00103872304
0.0928563103 0.0540224724
-0.0500344187 -0.0226247199
-0.0280243065 0.0762661919
-0.0253661256 -0.0419786274
0.041780103 0.0210940968
0.0231598467 0.0494608395
0.0322505757 -0.0358377099
-0.0052365344 -0.0640825927
0.0182030145 0.0315772407
-0.0240755733 -0.0050569959
-0.00792375393 0.0248783119
0.0245015398 0.0846143365
-0.0675021261 -0.0830339268
-0.11953558 -0.0666762367
0.0256445315 0.00636532716
-0.0181909632 -0.0503633991
0.00316239987 0.00775950449
-0.0112081841 -0.00365219428
-0.0168880373 0.0186541732
0.0338855907 0.00579642737
-0.0503962338 -0.0201048683
-0.0123650478 -0.0144422967
-0.00785506796 0.00922079943
-0.00252014934 0.107947014
0.0436270759 0.0373329818
0.0668478832 -0.0899976566
0.0972047374 0.00468652695
-0.0404947102 0.0246966816
-0.0209360346 -0.0201678146
0.00720658107 0.0300164726
-0.00889777299 -0.0853776187
0.0417368039 0.0189097058
-0.0288472585 0.0502303131
-0.00361003494 -0.0654197335
0.0289808623 -0.00901366957
0.0393344238 0.0037921581
-0.050519906 -0.0366795585
-0.0304434821 -0.0593005978
0.000109730739 0.0265000518
-0.0146443872 0.0470874049
0.0376312546 -0.0279612411
-0.0422208756 -0.0798071101
0.0180273652 -0.111855507
0.0428023189 0.0708417967
-0.0524910651 0.0226596817
-0.0294297691 -0.0187673457
-0.0136449328 0.020942295
0.109869823 -0.0505356863
-0.0196477901 -0.0540935397
0.00826037023 -0.0336470641
-0.00129696005 -0.0390577279
-0.0680071115 0.0469239168
0.0525090434 0.0967287645
-0.0531953946 0.00158965786
-0.0926262066 -0.0535321757
-0.0963205546 0.0362434834
0.0268718656 0.0293527767
0.0659232512 0.0179995336
-0.00155071553 -0.00455137948
-0.0255590379 -0.00864760019
-0.0425804444 0.0116905756
0.00985459331 0.0146582397
-0.0183542185 0.0241222065
0.00254039792 -0.00366459065
0.0590665825 -0.0202472862
0.0393013656 0.0289715733
0.0686512664 0.0571546815
-0.0821190849 -0.0475472733
-0.00623083301 0.010190553
-0.01056288 -0.0178472158
-0.0474515744 -0.0726634935
0.0396737568 0.0309839603
-0.0378283672 0.0117593966
0.00862482842 -0.0391293392
-0.047295481 -0.118448317
0.0459465124 -0.0471682325
0.00731241331 0.0150069389
-0.0928144082 0.0172476619
0.0487320125 0.134185538
0.00018777659 0.0293262303
-0.0183750596 0.0273205079
0.0349949375 0.14994669
0.0462411903 0.0170184467
-0.0107756974 -0.0278788917
-0.00111954822 -0.06410712
0.0497126505 -0.0129391989
0.0859392732 0.0579844043
0.00237972289 -0.0672126412
-0.0177465938 0.0375425853
-0.00684309099 0.0552209541
-0.0261437427 0.0331217423
0.0270903576 0.0132121388
0.0701285526 -0.0259416159
0.00339081581 0.129226387
0.000595447433 0.077505663
0.0334239677 0.0233907811
0.0156077314 0.0137511734
-0.00953503698 -0.0303890426
-0.0423123129 0.00248120143
0.00395238539 0.0684531927
0.00667229807 -0.0409294106
-0.0157848746 -0.0781437308
-0.0574653372 0.0501654781
-0.0107828081 -0.087846674
-0.0170527082 -0.0451673456
0.087030828 0.00201441348
0.0534737334 -0.0696317032
-0.0298678428 0.021146547
-0.0104396725 -0.0130453333
0.009210716 0.00900093
0.0570356995 -0.0223649349
-0.00808559544 -0.0284166094
-0.0246828981 0.0816673189
0.000841017929 0.021330649
-0.0829698518 0.00443657301
0.0515811853 0.00672534946
0.0695168972 0.0304648001
0.0336452723 0.102297515
-0.0387912653 0.0805399939
-0.0396492369 0.0251128338
-0.0304931737 -0.0472811274
0.00145135063 0.0496569201
0.068306312 0.0335729159
-0.000658824865 -0.0430061594
-0.000605171488 0.00744178658
0.00141574279 0.0352498218
-0.0147781093 0.0822582021
-0.0159025826 -0.00696780765
-0.00773876579 -0.0340615101
-0.0032703937 0.088917613
0.064806506 -0.0458530784
0.0444567166 -0.0214779414
-0.0506630614 0.0783649385
-0.0141950203 -0.0144849634
-0.0306203663 0.000794015534
-0.0277261548 -0.019371815
0.0268481113 0.0560429431
-0.0109512676 0.0628395602
0.0489185564 0.0734030381
-0.0422690473 -0.0438272357
-0.0292942971 -0.120512061
0.069121249 0.0118427491
0.0401052088 0.0126377344
-0.0434005 0.00178773783
-0.011137506 0.0108097419
-0.0137568498 -0.0287051275
0.0203651302 0.0515209101
0.0678367391 0.0627034232
0.0600972697 0.0156042324
-0.0200367104 0.0787051618
0.00916517526 0.0519735552
0.0558192171 0.00498777581
-0.0814428553 0.071554482
0.0243327655 0.00083962013
0.0104765045 0.0311323963
-0.0327153504 0.00934686512
0.0762845203 -0.0294753946
0.0206510928 0.0228409693
0.019795496 -0.117324121
0.027523322 -0.0776108205
0.0278418008 0.0435415059
0.04850832 -0.0172676276
0.0349620059 -0.0366713107
0.0563703962 -0.0348461792
-0.00374581316 0.0496030487
0.0179627705 0.0578660928
-0.0477451533 0.0452574976
0.015376213 0.0271077305
0.135817826 -0.0418465771
0.0613217838 -0.00394265726
0.0115506221 0.0155323595
-0.0464075841 0.0228534508
-0.064939335 -0.0721376315
-0.039392449 -0.0755892843
-0.0488895327 -0.0224696174
0.00242983643 -0.0348256305
-0.0166238826 -0.0283659268
-0.0656193793 -0.00224409415
-0.0127257425 -0.021762168
-0.0342061408 0.0468877107
0.0060567609 0.072665818
-0.0792374834 -0.0124516618
-0.0437162481 0.0191119965
0.0153619489 -0.0361043699
0.0401955098 -0.109277017
0.0145269297 -0.0523240231
-0.0329340883 -0.00742983539
0.00296260137 -0.0214138478
0.0498540103 0.0328885466
0.0526069738 0.0343990587
0.0501166284 -0.0504180901
-0.0459730588 -0.0174396634
-0.0116869044 0.0141162146
0.00258208672 0.0204822645
-0.0442660488 -0.0181186553
-0.0300045349 -0.032449618
-0.0898824334 0.00612606481
0.0538955145 -0.0374293141
0.0319911353 0.0190848503
-0.0518368185 -0.0708878264
0.0605249852 -0.0326168053
0.0244147629 0.0475802273
-0.0709713697 -0.00296103559
-0.0371170081 -0.0407897606
-0.0257545281 -0.0323983282
-0.124900684 0.0399355851
-0.0188528597 -0.0473982096
-0.00190515129 -0.0257506836
0.0131394975 -0.0408999175
0.0293642264 -0.0703228191
0.0273892563 0.0418857224
0.0279364362 0.056319613
0.0213376321 -0.04200086
0.0428499728 -0.0426530465
-0.0554583706 0.0238018576
-0.0251915026 -0.0158269014
-0.0503735803 -0.0142847709
-0.00114304305 0.0602993667
0.0741827935 -0.0162312277
0.0326991007 -0.0386845991
-0.0271169152 -0.0535531305
0.000940221536 -0.0207859036
0.0173000842 0.0147235077
0.00253851316 -0.0890235081
-0.0695226938 0.0464570634
0.0404430069 -0.0137616862
0.0553861149 0.0136589501
-0.0130679235 0.012525131
-0.0926612839 0.0192165505
-0.0292138364 0.0348096043
-0.0527540222 -0.0450129919
-0.0226232111 0.00839421991
-0.0354327224 -0.0231993645
0.0406947099 -0.00778096123
0.0551789552 0.0482008681
-0.0881682634 -0.0507956035
0.0157673378 -0.00336250477
0.0214785654 0.0230389219
0.0186165832 -0.0774491578
0.040360488 -0.0494700707
-0.0337473713 -0.0152119426
0.00487920782 0.0137845986
-0.0768804327 0.0402061269
-0.0219344907 0.0273075029
0.08227887 -0.0724082068
0.0667583197 -0.00444611115
-0.00227385643 -0.0778274387
0.0338045433 -0.0978977978
0.0347786061 -0.0336540453
-0.0556741655 -0.0333440416
-0.00662466418 -0.0692627653
0.00879148673 -0.00757011259
0.0336494297 -0.00697791111
0.000415218616 -0.0302025191
0.013419495 -0.0465127826
0.0197430998 0.0659431443
0.005392252 0.0118512297
0.00298600574 -0.0333407484
-0.00332637178 0.00994920544
0.0765286386 0.0296064168
-0.0108101647 0.109566167
0.00669059064 -0.0123093398
0.0444971435 -0.127731875
-0.0822135732 0.0983348265
-0.000647102424 0.00335853966
-0.0594663471 -0.0166370757
-0.0452151112 0.0261053517
-0.0469519496 -0.0869545266
0.049830962 -0.0853832886
0.0287392531 0.0106425788
-0.0420460105 -0.0121092992
0.1104654 -0.0307428725
0.0242755208 -0.146658048
0.0639497712 -0.00760350889
0.0976147875 0.0348826051
0.0179387797 -0.0105420537
-0.0967728794 0.00382666755
-0.0607688986 -0.0828499496
-0.00427574711 -0.0819015279
-0.0401434749 0.0236579571
0.0303195491 0.133761451
-0.0173651092 0.00770075852
-0.0496399328 -0.0540959649
-0.0392093845 0.0652934983
-0.0394044518 0.0392708108
-0.0223618448 0.0677412152
0.00820428971 -0.0335669369
-0.00146508741 0.0282663293
-0.0138720889 0.0216126367
0.0157939624 -0.0460391566
-0.0798091218 0.0226871744
-0.0262748674 -0.0240415651
0.0742488354 -0.0609182045
0.00886226445 0.00245946134
0.0318726487 0.00121264288
-0.0328351147 -0.0674636737
-0.0162165258 0.00174542738
0.0609322861 0.0236190539
0.00727008516 -0.00877957419
0.0195106603 -0.0766426399
-0.0540604219 -0.0223029219
-0.0259315763 0.012799168
0.0353559405 0.000440129079
0.0111784451 0.0261289254
-0.0202471185 -7.46019214e-05
0.0166889764 -0.0267968327
-0.0362004898 0.0409278497
0.114991188 -0.00193546154
0.0921915472 -0.0638925284
-0.0385141596 -0.0105388295
-0.0345891304 -0.0413533673
-0.080305405 -0.00185042527
-0.0639074072 0.00132745621
-0.0544320457 -0.0499864742
0.02606811 -0.0555882454
0.0141110281 0.0090664709
0.0365158282 0.0486494191
0.0588675626 0.00171872007
0.002052909 -0.0193248708
0.080477424 -0.0153605342
-0.0747701451 0.00885423552
-0.136287197 -0.0363804027
0.0216171779 -0.00783776212
-0.0422358625 0.0310787205
0.00283322064 -0.0141720418
0.0266667306 -0.0224146396
0.0513734296 0.00476840185
-0.0592058562 0.0403876677
-0.085044764 -0.0483081788
0.00677096797 0.0257706698
0.04631605 0.0437439457
0.028340457 0.00877039507
0.0349135771 -0.0770760253
-0.0104619097 0.0192930531
0.0108778998 -0.00334311323
0.0453935564 0.0512348302
0.028040627 0.0615705103
0.0539737307 -0.0808127746
-0.0498247556 -0.0283159185
-0.00949367974 0.0681520104
-0.000919377257 -0.060849566
-0.0758648217 0.00469134934
-0.0362005942 0.0588552058
0.0880951583 -0.021019768
0.0141519671 0.0069781132
0.00338846049 -0.0348010175
0.000174687375 0.066126436
-0.0547340363 0.0874174386
0.0863635764 0.0290701482
0.0988399237 0.0421548411
-0.000609928218 -0.0211207941
-0.0264321733 0.046104569
-0.0677156895 -0.0677801222
0.0197054632 0.0130300988
-1.04743749e-05 0.0757188052
-0.0432585217 0.0373049527
0.0187142827 0.0263385382
-0.0602282621 0.00752690574
-0.00782400556 0.00220967992
-0.0350927785 -0.0388339199
-0.0576022454 0.0521601848
0.0276545174 0.0481506251
-0.0431843176 0.0671714842
-0.0347890072 0.0541237667
-0.0124398489 -0.000312511576
0.072384581 0.028651813
-0.0269364882 -0.00459554093
-0.012536034 -0.0107607972
0.015044678 -0.020039469
0.0326736756 0.0247709956
-0.00520386361 0.0459404625
-0.00450331159 -0.0212193653
0.029902963 0.0352428369
0.0511546955 0.0468434691
0.0140861617 0.0189234354
0.0402058326 0.0793089494
0.0163002033 -0.00364008755
-0.0185521599 0.00341642275
0.00949581992 -0.0237489492
-0.0559242666 -0.0229816977
0.045865193 -0.107818775
0.0191453695 -0.0528846569
0.0399064235 0.0852089971
0.0992020443 -0.00937485788
0.0311608613 0.00256912783
-0.0594352707 -0.0209173877
-0.126640454 -0.0504144877
0.0424717739 -0.00251936819
-0.00168397045 0.0304823909
-0.0548899248 -0.0166745372
0.037643902 0.0263217892
0.0195915997 0.0172949247
0.116342619 -0.000570634904
-0.00513533177 -0.0434669442
-0.0467015579 -0.00365017657
-0.0593903698 0.0739254951
0.0105591984 -0.0713726133
0.064198561 -0.0178280175
-0.0173235647 0.0639823079
0.0734713674 0.0413579717
0.102497466 0.0374605507
0.0274296049 -0.0157005601
0.0306110233 -0.0462066568
0.0213194657 -0.0027147939
0.0872923061 0.0651784539
-0.00747022592 -0.0559287742
-0.053714525 -0.0128365718
-0.0219064262 0.0286987964
-0.0962736756 -0.00966215879
-0.0593502894 0.0255466718
-0.0428451598 -0.00582166901
-0.0109632099 -0.00427264627
0.0574815981 -0.0529860929
0.0632009506 0.0380151607
-0.0714638382 0.0529836677
0.0282889605 -0.0884234905
0.0447220989 -0.00465008989
0.00214202632 -0.104416676
-0.0488262996 -0.0743819475
-0.129913121 0.087306641
0.0522466116 -0.0542272739
-0.0435037091 -0.0579036176
-0.0583140515 0.0703856945
-0.00238760328 0.0121097434
0.0462544709 -0.0349776
0.0063240896 0.0577428453
-0.0255191401 0.0352694429
0.0127388062 0.026594324
-0.0459672064 -0.00668397313
0.0132920407 0.0570196696
0.13949272 0.120242484
-0.0211433526 -0.00071404042
0.0230826437 -0.0292312689
0.0265224557 0.0233283825
0.00547517976 -0.0311937146
0.0230785459 0.00468218699
-0.0489070304 0.00809769146
0.0272597168 0.00846431963
0.0487963185 -0.0144280326
-0.00818774011 0.012986525
-0.0114317248 -0.0379423462
0.0244700164 -0.0215256121
0.0211299788 0.0912665874
-0.0456498861 0.136753216
-0.0841732249 0.0546804816
0.063364923 -0.0326277129
0.0725240186 -0.129369199
-0.0702562258 -0.00635172846
-0.0643682703 0.0225867759
0.0782492235 -0.00533263525
-0.0013680798 0.0546988472
0.0566337481 0.0178870894
0.095397234 0.0158305913
-0.0176431965 0.041203972
0.0619600005 -0.0284607653
0.0141102551 0.0413629115
0.0150305703 0.0753078833
0.0583528951 0.0207078215
-0.0581036769 0.022881465
-0.00248662685 0.0191314463
-0.0334246084 -0.0762907043
-0.0274450295 0.00142171374
0.00433917856 -0.0157003533
-0.0197988655 -0.0556576662
-0.0215472523 0.0104124658
0.0525739603 0.0150694288
0.0250934605 -0.00740136672
-0.00624451414 0.000489469618
0.0381407216 0.0129320044
0.0301350728 0.0431983843
-0.0418011285 0.0212777052
-0.00782344677 -0.0270206109
-0.000410159613 -0.0396515578
-0.020214498 -0.0183034167
0.0954027474 0.00623476319
0.0137498491 0.0132569019
-0.0468814522 -0.00917313714
-0.00873412192 -0.00904669799
-0.0444869585 -0.018487446
-0.0851695612 -0.0691588819
-0.0890950784 0.0249376297
-0.0211919136 -0.0779085606
0.052142188 -0.060089089
-0.00683153095 0.0554408059
-0.00372049958 0.00267073303
-0.0126179345 -0.0236615743
-0.0355632305 -0.01769026
-0.0179481022 0.03763723
-0.036297176 -0.0211459249
0.00118137023 -0.0581167899
0.0555305518 0.0410068147
-0.0734617561 -0.0787805095
0.0215803105 0.0066970461
0.0152170658 0.0331732258
0.0272436701 -0.0489539206
0.0882760063 -0.0540011115
-0.0340751223 -0.0458814129
0.0271833185 0.0390088893
-0.0719007552 -0.00705455057
-0.0373320989 0.0252072252
0.120097235 -0.0276891068
0.0370646827 -0.0152973784
0.0652290881 -0.0654640794
0.0232152119 -0.0689977109
0.0320452042 0.0275099482
0.0144123212 -0.041791819
-0.0153350383 -0.0380965658
-0.019030882 -0.108858608
0.0514050983 0.0253787898
0.0296647605 -0.0360144563
0.011212796 -0.0172916297
-0.00128882378 0.072622478
-0.0363063216 0.00793219358
0.0344298445 -0.0584867112
0.00498899072 0.0272109602
0.0477840453 0.067024909
-0.0224595182 0.103925198
0.014907266 -0.0170337576
0.0403602012 -0.0213974323
-0.0120856874 0.0177538563
0.00319358264 0.0352215767
-0.00920666475 -0.00872782618
-0.0135190878 0.0208714064
-0.00766104413 0.00779827544
-0.00955447182 -0.018601466
-0.0334535725 0.0126286605
-0.0351395942 -0.0205063578
-0.0143851964 0.0117854318
0.00605895743 -0.0283203758
0.0261461847 -0.0230493434
-0.0102387527 0.00809227116
-0.00289769797 0.00383668812
0.0114194425 0.0173646733
0.0150158256 -0.00227497471
0.000914569828 -0.022221962
-0.00336771389 0.0277358051
0.0378472432 -0.0136278383
-0.00845834427 0.0247776359
-0.0104005951 0.0155287739
-0.0338113941 0.0308718719
0.0134942932 -0.0393559746
-0.00414318871 -0.00162653171
0.0370970257 -0.000368568697
-0.00716078281 0.0122927492
0.0183939729 -0.0185307264
0.01327042 0.0425352454
0.0316623598 0.00338635454
-0.0186392944 -0.0452646017
0.0291171465 0.011099671
0.000967772212 -0.000210808896
0.000372019975 -0.0130398767
-0.00715397578 0.0148735689
-0.00666825427 -0.00131725392
-0.00334245572 -0.0191598926
-0.0425375812 -0.0094580166
0.0111861778 -0.00572323939
0.000937671459 0.00693706283
-0.0162965469 -0.00838511065
-0.000372971903 -0.0011387046
0.0475537665 -0.0217334405
0.00973471999 -0.0127556175
-0.00724180555 0.00372402719
0.0259358883 0.0514492504
-0.0122241592 -0.0157319792
-9.96595336e-05 -0.0147533696
-0.0122392187 0.0160962958
-0.00941602234 0.0376150459
0.0110506248 0.0239472929
0.0141587397 -0.0159517489
-0.0160661768 0.018354293
-0.0030983875 0.0085022524
0.00289211865 -0.00385933486
-0.00332166674 -0.0244464185
-8.69512078e-05 0.000341264298
-0.0130852498 -0.000109804198
-0.014711719 0.0083841579
0.00646554772 -0.0308534484
-0.0152717689 -0.0233294219
0.0081058573 0.00318591041
-0.00735625438 0.0261204857
-0.0189960934 0.0123173585
-0.00891522318 -0.0128360819
-0.0105784731 0.0123463329
0.000521857757 -0.0173880998
0.00389339309 -0.00641552778
-0.00230708369 -0.00613187859
-0.0133308638 -0.0151200322
0.0287719704 -0.00474515604
0.0144832116 0.0193175822
0.00154210452 0.00666352268
0.0261312742 -0.0412314087
0.00250460044 0.0241489764
-0.0058274935 0.00825736579
0.00585133769 -0.019851476
0.0492339171 0.0121685015
0.0160494205 0.0189161655
0.015124605 0.0288062505
-0.00479336316 -0.0114298146
0.0152924554 -0.0171562415
0.0472377464 -0.0185412355
0.00862661749 0.000592491182
0.0241469704 -0.01590061
0.0199232586 0.0241792277
0.0130302906 -0.000763694756
0.0270276517 0.0186377037
0.00544594694 -0.00234553195
0.012525348 -0.0122892335
-0.00692163454 -0.0224524569
0.0452589542 0.0286177807
0.0110046435 -0.022742698
0.000754811685 0.00950335246
0.0220553186 0.0247484799
-0.00905334763 0.0014937931
-0.00529796863 0.0277450942
-0.0137684178 -0.0029698275
0.00209760037 -0.00527546927
-0.00737317232 0.00239409343
0.0126242554 -0.00789708178
-0.00305797439 0.00555935781
-0.0103971027 -0.00232113199
-0.0107442848 0.0261367373
-0.00147078745 -0.00116420584
-0.0123510063 0.0141149731
0.0157711282 0.0123750465
0.0124020847 0.00460604997
0.00397896674 -0.00289029954
-0.028140828 0.0262706019
0.00329571683 0.0316952914
-0.0240617692 0.000514506479
0.00593092805 -0.00804181024
0.00293880701 -0.00646253861
-0.00633447291 -0.0191574357
-0.00889599137 -0.0278600678
-0.00994846597 -0.0121684177
0.037745852 0.00926023256
-0.00889414735 0.018365318
-0.00746987527 0.0170031935
0.0158258658 0.0130538428
0.00931972358 -0.00307461154
0.0206896737 0.00060907827
-0.0217189509 -0.00535499863
-0.0199249592 -0.00182555267
0.0637267902 0.00309459236
0.000706634833 -0.00396926375
-0.00335558667 -0.0067574284
0.00485691708 -0.00492794812
0.0158672202 0.0148496479
-0.0258612856 0.0140156737
0.0079462463 -0.00777181052
0.00196971931 -0.0078024501
0.0115997959 0.00735171465
0.00162894535 0.00870776642
0.00192105875 -0.0449456275
-0.0188083593 0.0102634812
-0.0444634221 -0.00726101315
0.0194343198 -0.000203713222
-0.0316354297 0.0147118475
-0.006185784 -0.00398046803
0.039329417 -0.0254550613
-0.00236623664 -0.0193005838
0.014653326 -0.00870235171
-0.000314291043 -0.0119350776
0.0136033036 0.00145241467
0.00588665577 -0.017577501
-0.00943667535 0.000534223509
0.0225359742 0.0146753965
-0.00375178852 -0.00308281905
-0.0188038852 -0.0233815908
-0.00368113583 -0.00765347248
0.0136513794 -0.00969714392
-0.0300405603 0.032139238
0.0208257046 -0.0180445332
0.0265426692 -0.0394378863
0.0454721935 -0.0138058895
-0.0126626724 0.00274314079
0.00774180144 0.0192876235
-0.0278070215 -0.0136426138
-0.012312077 0.0162645038
0.00628438126 -0.012761699
0.00487572048 0.0120087368
0.00475236308 -0.0179394931
0.00634153653 -0.0255553275
-0.021632947 0.0345027372
-0.00582157448 -0.0076441234
0.00202509854 0.0146893682
0.00253264187 0.0292028841
0.00837615039 0.0149985133
0.0169043653 0.00957015809
0.0273917448 -0.0124921706
-0.0401016064 0.0184095912
-0.00279112789 -0.0220983531
0.00915214233 -0.0379623808
-0.0074950438 -0.0144173428
0.0221389197 -0.00412198529
0.0136326384 0.00455369381
-0.0082517853 0.0211898051
0.00572884921 -0.00901877135
0.0250372142 0.000183539392
-0.00136200001 -0.0152661558
0.0100786379 -0.0488627255
0.0207642373 -0.00807493087
0.0112807192 -0.00499030389
0.0347985029 -0.0204071831
-0.00107654487 0.0269733146
0.00677805161 0.0254410747
-0.0113796014 0.00388364564
-0.0200132728 0.00670778332
0.00452945195 -0.0126157384
-0.0480671674 -0.00954915304
0.0182951782 -0.0293095987
0.026854096 -0.0219540447
0.00656106696 -0.0134807872
-0.00578427827 0.005911035
0.0233569276 -0.00464380998
0.00478903158 -0.0149145555
0.0109546743 0.0255252216
0.0410233922 0.00699044205
0.0175774805 -0.00835467223
