1.88691902e-05 0.00332031352
0.00459874934 0.0240959805
-0.0041797366 0.0186295956
-0.013686399 -0.0126357339
-0.00696894759 0.00192831072
-0.0152540794 -0.012764453
0.000958658813 0.00888592377
0.0204941183 -0.0133984201
-0.00747304549 0.0142032783
-0.00948092435 0.00601162761
0.00761433365 0.0148402918
0.00545751769 -0.00226616464
0.00143531198 -0.0223503318
-0.0140332831 0.0272105858
-0.000473772379 -0.00264263572
0.0108791888 0.0210074484
-0.0205460396 0.00682159606
-0.00689982064 0.0104172127
-0.0288182851 0.0284198057
-0.0197112802 0.00547296694
-0.027956618 0.0218587369
-0.003929534 -0.0227143131
-0.0192399547 0.0136499368
0.00410258677 -0.00377465249
0.00237063994 -0.00209525949
-0.00286463858 0.000182234216
-0.0385047123 0.00599437533
-0.00779670384 0.025565872
-0.00128307834 -0.0284146834
0.00175096828 0.00064125756
-0.0236890614 -0.0105109289
-0.0069511137 0.0180322248
-0.0151465349 -0.00616291538
-0.0122469645 0.00728190551
0.016128283 -0.00647039898
-0.0121402843 0.0105380388
-0.000119151198 0.0155734941
0.0134085417 -0.00643371884
-0.00892944541 0.000982911326
-0.0022882761 -0.0217338931
0.00182068697 0.0046368707
0.00134268706 0.0131019689
-0.0190257337 -0.00798132177
0.00166789594 0.0171438213
0.0198858753 -0.0324092805
-0.0245859381 -0.0276609734
0.0125121763 -0.0216944404
0.00159312598 -0.00749072246
-0.00982496142 0.000605301582
0.0306271296 -0.00222729542
0.0116506666 -0.00142445276
-0.018001439 0.0117276106
0.000887257804 -0.00727755623
0.00814440195 -0.0196868666
-0.00359147042 -0.0189596582
0.0116748475 0.0319932885
-0.00238782493 -0.0360142142
0.0101228068 -0.00309774373
0.0229266733 0.0214787442
-0.0100594005 0.00782245956
0.00259633409 -0.01284057
-0.00709917489 0.000327064336
0.00250680302 0.0131579125
-0.0174030773 0.0192916747
-0.00947534852 -0.0133968377
-0.00249309186 0.0117857419
0.0139453635 0.00325308274
0.0183169115 0.0161259379
-0.0192978904 0.0222396012
-0.0124216583 -0.00469068345
0.00885771308 -0.0226804819
-0.0302342772 0.00753392652
-0.00576750888 0.0275653619
-0.0009706571 0.0105769774
0.0194338933 0.00255992403
0.0124312993 0.0362448655
-0.00583334267 -0.0156734362
-0.00492375065 0.0141267776
-0.00429445412 -0.00853499956
0.0233765244 -0.000489712344
-0.00648131454 0.00172862306
-0.00337702059 0.0234533399
0.00460291328 -0.0146355247
-0.00231076824 -0.00809058733
-0.00441076886 -0.0242224857
-0.0166301988 0.00844407827
-0.00058565248 -0.00700655673
-0.00641101692 0.0068620136
0.0168745909 -0.0174990762
0.00966732483 -0.00610609679
0.000601273554 0.0159289818
0.0100680375 -0.00330034643
-0.00460544135 0.00990265422
0.016616622 0.00707188156
-0.000427359453 -0.00540103018
0.00739140017 -0.0244506989
-0.0187768172 0.0163697079
0.00547813717 0.00226366124
-0.0248376671 0.0167669468
-0.0332182832 -0.0287109837
-0.00637748931 -0.0250055548
-0.0160184521 -0.0318465158
0.0015818486 -0.0135913547
0.0354624949 0.0135431001
-0.0121149719 0.00955815986
-0.00958363526 0.00015757262
0.00328697008 0.00178186363
0.00838749297 0.0110913813
-0.0030373903 -0.00442447932
-0.00270198309 0.00629171822
0.0109049166 0.00133867213
0.00543230399 -0.034051083
-0.0162572339 -0.0046841288
0.000382754399 0.0208736695
7.12229084e-05 -0.00609572371
-0.0162963774 -0.000929472444
0.00324266334 -0.00959278736
-0.0137073239 -0.00636849925
0.0162394457 0.0159955285
0.0026157964 -0.00433684979
9.25487839e-05 -0.0157350358
-0.0129425665 -0.0468224362
-0.00253827148 -0.00860447902
-0.0330475979 -0.027513979
-0.0196402892 -0.0264196973
0.0065771481 0.0116827684
-0.0316043645 0.0136139998
0.0104112597 -0.0304149389
-0.0255515706 0.0153310001
0.0121781565 0.00600617239
-0.013975759 -0.0108319446
0.0129001178 0.0101613607
-0.000227361757 -0.0250305887
-0.0251398962 -0.0162788164
0.0170799699 -0.023729112
0.0204648804 -0.0189974364
0.000234799256 0.0135138165
-0.00607913826 -0.0199790224
-0.00408986257 -0.0173536483
-0.0162639562 -0.0131270625
0.0170592908 0.00138908101
-0.00878631137 -0.00439264672
0.00048877002 0.0132416002
-0.0131665356 -0.00968349352
-0.0114837931 -0.0187491383
-0.0202627406 -0.00577382324
0.0192406215 -0.00137180195
-0.00377619034 -0.0140222497
0.0151624028 0.00269875838
0.00300281355 0.0276221
-0.0115116397 -0.00789580401
-0.00492796255 0.00106539507
-0.00643006247 0.0213788915
-0.000922413834 -0.0100484742
-0.00709537324 -0.0124907466
-0.0063523706 -0.0163827296
-0.0204045214 0.00810720772
-0.0114907874 0.00895217247
0.0249588639 -0.00519893179
-0.0101924827 0.00151217857
-0.0139880087 0.0209182911
0.00656197127 0.0123920757
0.0190703981 -0.0240177419
-0.0222171675 0.00200785394
-0.00303564733 0.00163770816
-0.00844042189 0.0117203575
-0.027265694 -0.000725573336
0.0100418646 -0.0114747407
-0.00119859679 -0.00732022198
-0.00207188283 -0.0276131034
-0.0115551176 0.000531214755
0.00582289184 -0.0103139598
-0.00743455905 0.00763958273
-0.00406942889 -0.0158190932
-0.0177217461 -0.00509649236
-0.0203535575 -0.01316592
0.0183379073 -0.0191517416
-0.00649828697 0.0110927345
0.00352238142 -0.00812467188
0.00024645665 0.00630782777
-0.00886940118 -0.0167470276
-0.00761767849 0.00188934512
0.00633703684 -0.0274523012
-0.00557214441 -0.00727152964
-0.0033356084 -0.00793753937
0.00138101762 0.00823552161
0.0181742366 -0.000128578031
0.00993799046 -0.00459044939
0.00737339864 0.0113778831
-0.00828008726 0.00338544883
-0.0200462397 0.0102645867
0.0158758685 0.00913390145
0.0144824078 -0.0035787758
-0.00281236134 -0.00483309431
0.00881022867 0.00322336447
0.0109523293 -0.00857636146
0.0133344894 0.00353303482
0.0161762144 0.0142760798
-0.00526632322 0.0132340342
0.0221494809 -0.00959485862
-0.0692180991 -0.0390070155
-0.0142115215 0.0125476001
-0.0185822267 -0.0419522747
0.0379958674 -0.00436450774
0.0312236939 0.056530308
-0.0340361744 -0.0677250996
0.0271109939 -0.0106405104
0.0198858604 -0.0065892688
0.0522209741 -0.0643160269
-0.0249336716 0.0380533785
-0.0397349149 0.0239786822
0.0136841936 -0.0119415876
-0.00220388593 -0.0494752042
-0.0110702729 0.0192480795
0.0662616044 0.0157044791
-0.0191315599 0.00151787361
0.0106709888 0.0224893969
0.015313521 0.0416422039
0.0120279156 0.0327625684
-0.0359264761 0.0171469934
-0.0224498548 -0.0346406661
0.0235914625 0.108315445
-0.00692607509 0.0332043655
0.0068067722 -0.00301311794
-0.031564258 0.0113988286
0.0200814623 -0.00374494726
0.0422411934 -0.0526046045
-0.0481621735 0.0643719882
-0.0133816907 0.016234953
-0.0112863686 -0.0130699417
0.0495537333 0.00624432089
-0.0252105072 -0.0275704768
-0.0190839581 -0.0141423997
0.0257980991 -0.019281581
-0.0230078883 0.020587828
-0.0834128559 0.0761455894
0.0227365363 -0.0381554142
0.00388826011 -0.0196753684
0.0343602821 0.0214830004
-0.0243101362 0.013050043
-0.00183604832 -0.000812403276
0.0652619302 -0.00478950702
0.00841932185 -0.00150887144
0.0156272519 -0.0124735478
-0.0337647423 -0.0256761219
0.0451686531 0.0373225324
0.019348694 0.00998962298
-0.0335123949 -0.0168558732
-0.059812054 -0.0168651398
-0.0130797299 0.0160255712
-0.0611095168 0.01129633
-0.0441914536 -0.0211657397
0.0626678765 0.0291301012
-0.0325565077 0.017449297
-0.0507265553 -0.0276780818
0.0149315679 0.0576880015
-0.0252436325 -0.0555285104
-0.02377907 -0.00357574876
0.026110936 -0.0516318567
0.00579726184 -0.0690663382
-0.0300052147 -0.0396166779
0.00189348392 -0.025151832
0.00292346929 0.000538481283
-0.034347266 0.0677403882
0.0185839627 0.006400079
0.0333804786 0.0324455649
-0.00213484885 -0.000538871041
-0.0700005516 -0.00499516679
-0.0351542048 0.00238633435
-0.035465017 -0.00889267214
0.00915361568 0.0168932993
0.0496024229 -0.0130260764
-0.0136658028 0.0383016951
0.00278350874 -0.036592517
-0.0192010235 0.097118862
-0.00723916618 -0.0377714075
-0.0535374843 -0.000761359872
-0.0515625179 0.0353018492
0.0321610346 0.0783715025
0.00335701345 0.0179492831
0.00663605193 -0.0308064278
-0.0556391627 0.0160436202
0.0272173136 0.00929801911
-0.0354608782 0.0776428506
0.0860753208 0.00423557824
0.00977654941 -0.00498360861
0.00702751288 0.0521278568
0.00193546852 -0.0334809907
-0.0333179124 -0.0213831514
-0.0333062448 -0.0183273405
-0.0470174924 0.0225966088
-0.0153260557 -0.0749306753
0.0215625446 -0.0224105157
-0.037732143 0.00173705083
-0.0288606398 0.00867569353
0.0108426604 0.0506463684
0.00887062866 -0.0284238774
-0.0244100261 -0.0382983685
0.0208661109 -0.0330349542
0.0594985224 -0.00208796933
0.00480182888 0.0453447215
0.0147756822 0.0567564741
-0.0305432342 -0.0361155979
-0.0731013417 0.0536182374
-0.0616977364 0.00126688555
0.0197043736 0.012338357
-0.0163196661 0.0130187636
0.0132879298 -0.00169233035
-0.0127664302 -0.000673506234
0.0172734372 -0.0153644709
0.00691573415 0.00382441026
0.0467845686 0.00889951363
-0.0111524574 -0.0296686031
-0.0395689979 0.0424766056
0.0259348415 -0.0190688819
-0.00543838926 0.0268788673
0.0212429054 0.0479209945
-0.00764519023 -0.0120275738
-0.003948214 -0.0180949084
0.0513069853 -0.0113288984
-0.0181825198 -0.0101441965
0.00183285505 0.0212041978
-0.00413033878 -0.0404512435
-0.00742832618 -0.0214685481
-0.0212237593 0.0195289217
-0.00833502319 -0.00659218617
0.0338222533 0.0436806902
-0.00105049904 0.0767812431
-0.0456833206 -0.0337463506
0.00531744212 0.0148004545
-0.0341930911 -0.041144181
0.0193214417 -0.0129775824
-0.00535920402 0.0739310086
-0.0498493984 -0.0285123382
0.0240276195 -0.0149370153
0.0295079667 -0.00348195573
0.0577754416 -0.0511806943
-0.0268321428 0.0098849535
-0.0276597589 -0.00432694331
0.0284032114 0.00839360803
0.018087754 -0.0721966624
0.0320456214 0.0177520886
0.0907983556 -0.00389099563
-0.0265046079 -0.0127888322
-0.000893560122 -0.0122205196
0.00364078931 0.0684040487
0.0254874844 0.0166857671
0.0090178391 0.0040034377
-0.0110705541 -0.0470218398
0.0246372446 0.069700405
0.00251540449 0.00927622989
-0.00201611849 0.026952181
-0.0130342757 0.0628077164
0.0189402997 0.0311140455
0.0610270649 -0.0376930423
-0.0357611179 0.0339078158
-0.00309019722 0.00828118902
-0.00196114858 -0.0240376759
0.0518983118 0.00925992709
-0.0151899215 -0.02017924
-0.0126911998 0.00852327608
0.0516603291 -0.00772501342
-0.0414859094 0.0317503326
-0.0659682304 0.0337870121
-0.0118019637 -0.00197746744
-0.000618244463 -0.0609087422
-0.00211754814 -0.0117137786
-0.0229576565 0.0130771585
0.0151208388 -0.0155421095
0.0673299283 0.00255460921
0.011156111 0.0132639026
-0.0137135554 -0.0131490389
-0.036374554 -0.0196885802
0.0172430463 0.0257378463
0.028629832 0.000775765977
0.0228740759 -0.0636927634
-0.0474291705 -0.0146538084
0.00260305335 -0.000563911744
-0.0351866484 -0.0150785223
-0.034505792 -0.00265025161
0.039428778 0.01763051
-0.0472480915 0.030396102
-0.0261520687 0.000731533393
-0.000876675476 -0.00942256022
-0.0267192014 -0.0398633033
0.000559901702 0.0366857536
0.0392144322 -0.0491752401
0.00697116181 -0.0176686924
-0.0227443222 -0.025659753
-0.0138570163 -0.0202965811
-0.0116480868 0.00158261787
-0.033202149 0.0850913525
0.0178185217 0.0151839023
-0.000287725998 0.0101047279
0.0153394481 -0.0222933032
-0.0929377228 -0.00740886247
-0.0223405212 -0.0352799222
-0.0187973361 -0.00877474621
-0.0128918402 0.0304750782
0.0672035143 0.0199485421
-0.0311039239 0.0530777499
-0.0149468081 -0.0278659612
-0.0148719577 0.0786100775
-0.0109554334 -0.0533385128
-0.0682977587 -0.0396361314
-0.0273253527 0.0349261872
0.0254822355 0.0947151855
0.0278368518 0.0498302467
0.0158601329 -0.0106460154
-0.0659077317 0.0251780041
0.0469813384 -0.0167040918
-0.0165654626 0.0792130306
0.0846729651 -0.016924087
0.00146066246 0.00676547689
-0.00206246576 0.0202632807
-0.031023724 0.00922163669
0.0145493783 -0.017672386
-0.036552839 -0.0332990475
0.0045175883 0.00946146995
-0.0444350131 -0.0296599101
0.0133374371 -0.00166026421
-0.0772842094 0.0102058733
-0.0373541452 0.0365319066
0.0219665673 0.0251116175
-0.0122639257 -0.0127428994
-0.0124711068 -0.0563721918
0.0176417492 -0.0648306161
0.0385659002 -0.0171529669
-0.018244192 0.0624376722
0.00287296041 0.0535392314
-0.034486644 -0.0369169526
-0.0668139607 0.0619996451
-0.0679386854 -0.00501888432
-0.0023097028 0.0355923697
-0.0377692729 0.0207893811
-0.00346550113 0.0142860841
-0.00462658564 0.0115190148
0.0530021377 0.000185129291
-0.00591938617 0.0369611941
0.0257281028 -0.0202837121
-0.0188052952 -0.0318301246
-0.0573516414 0.0146533148
0.0391484387 -0.0286495835
-0.00905194692 0.0405576751
0.0686505139 0.0255634636
-0.0174937584 -0.0116108377
0.00813532062 -0.0379041135
0.0336004086 -0.0114563918
-0.0230624676 -0.0223793332
0.00495780213 0.024549257
-0.0327295102 -0.033923097
0.00108183839 -0.0347098708
-0.0149160055 0.00743804779
-0.0221693777 0.017056413
0.0336579047 0.0336300135
0.0128822494 0.0465819463
0.00874430314 0.0197952092
0.00747674052 0.0353447311
-0.0125777526 0.009138925
-0.0317149982 -0.0541050062
0.0640538707 -0.0509430766
-0.0587149672 -0.0369327925
-0.114595421 0.0323006064
0.0706039071 -0.00797227398
0.00407528831 -0.0346068814
-0.103599019 0.000638325466
0.0226589628 -0.00394157693
0.0205050893 0.0525633097
-0.00374082802 -0.00677452702
-0.0281425454 -0.0397475921
-0.0255403109 0.0342674963
0.00309783244 0.0258909147
0.00611565076 -0.0545126721
0.0556624085 0.0108592734
0.00887710974 0.0221715011
-0.0266764127 0.019614622
-0.0346397981 0.00107562717
-0.0510449111 -0.0316915251
0.00244539464 -0.0521640517
-0.0258774199 -0.0824515298
0.0603073649 -0.0495431423
-0.0116691235 0.000793004408
-0.0151424538 -0.0296109375
0.0348780751 0.0222107414
0.0552826859 -0.0551731512
0.0501204431 0.0418005399
-0.0432123542 0.00296290289
0.0320148617 0.0109730531
0.0486607179 0.0405213311
0.0420164764 0.00963210221
0.0507576168 0.0642378256
-0.0667333826 0.0448450856
-0.0912260115 -0.0768899694
0.0333975963 -0.0101283221
0.073588714 0.00725251576
0.00784150418 0.0502801761
0.090855293 -0.0073126941
-0.0144876996 -0.0468647778
-0.0509634577 -0.0307943523
-0.0337568261 0.00310951052
-0.0525650531 0.000798114517
-0.0253401548 0.0220057163
-0.0226203073 0.0228718668
-0.0273300149 -0.0575298108
0.051058799 -0.0630049855
-0.0155536011 0.0399998948
-0.0660826415 -0.00776281022
-0.0809563324 -0.0299814176
-0.0128024388 0.0300681721
0.070891358 -0.00847209711
0.0343770832 0.0218869392
0.0607507825 -0.00517820567
-0.00409754785 -0.0783758983
-0.0240559783 0.121021397
0.0271404535 0.00512849214
0.057313785 -0.169765443
0.04170461 0.0260485671
-0.0306589585 0.0580558367
-0.0684203729 0.00117012195
-0.0382032953 -0.0349733308
0.0524090566 -0.122510202
0.00567118218 -0.0418054685
0.00297406409 0.0674759448
0.00994243566 -0.0409960486
0.0344192311 -0.00971874781
0.0674428269 0.0113357697
0.00289940997 -0.0412073247
0.0194500741 -0.0399694592
0.0572251678 -0.0733062401
-0.0109197022 -0.00943477359
-0.0541923605 0.0119298901
0.00280191563 -0.00163704716
0.0631813258 -0.0391087718
-0.0289653689 -0.109372489
-0.0225822181 -0.0103082797
0.0123387994 -0.0124679403
-0.0282298662 0.020657178
-0.0759626478 -0.0137901232
0.0323508084 0.0264994558
0.00916700065 0.0901073962
-0.0720428303 -0.0113066807
0.0547184572 -0.0318480358
-0.0249544624 0.0217586495
-0.0565896928 0.0521242581
-0.0488572046 0.0553721152
-0.0105650993 0.105104744
0.130776048 0.016369367
0.0164410137 0.00348200323
0.00853276066 -0.018470088
-0.0181124937 0.0219691284
-0.0154407872 0.0470251217
0.04117864 -0.0189760868
-0.0636058152 -0.0351678208
-0.015385231 -0.00367236068
0.0955252498 0.00486912532
-0.0138397999 0.00444431277
0.00303890929 -0.0646562353
0.0237934161 -0.00494393194
-0.0405028313 -0.0204299558
0.0482693501 -0.0137967113
0.0342556797 0.117594212
-0.0760932937 0.0653664917
0.0205775388 0.0468006767
-0.00916558411 0.0180021785
-0.0399262235 -0.0127499616
-0.0116227204 0.0317175314
-0.03172791 -0.000866906776
-0.0305304304 0.0343968198
-0.0377829745 0.029666096
-0.0818032548 0.0218979362
-0.0561774336 -0.0176272653
0.0938707292 0.0288485698
0.0877085403 0.0107239597
0.00901118666 -0.00898157433
0.0469064452 -0.0324564502
0.0306245089 -0.0331068002
-0.0598682128 0.0150349904
-0.0457238927 -0.0891215354
-0.0278867017 -0.0152134337
-0.0734678432 0.0671137199
0.00605999958 -0.0465926453
0.0685240105 0.102694154
0.0490758531 -0.0383115113
-0.0231447183 0.0291979779
-0.0137521429 0.00187551382
-0.0678069741 -0.0629936978
-0.0179594532 0.0783391744
0.10273876 -0.0471770726
-0.00863035861 -0.0970841497
0.0127998833 -0.0929206908
0.00374578801 0.0235084426
-0.0829684585 0.0371851884
-0.034804441 0.0288967583
-0.0215097144 0.0615289696
-0.0303395744 -0.0571121238
-0.0449405983 0.00425144564
0.0413645059 -0.0221833326
-0.0454025604 -0.00217095972
-0.00568504166 0.0337113589
0.0788796395 0.00418853993
-0.0882502347 0.00574790686
-0.0601753518 -0.0377833769
-0.0653977469 0.0290564522
-0.0520493947 0.0341353528
-0.0524373055 -0.00777775561
-0.0248134602 -0.0142078567
0.00168716745 -0.0655785128
-0.0419986546 -0.0679651797
-0.0838289261 0.0711228102
-0.0285023991 -0.0112560093
-0.000370292692 -0.0708182603
-0.0567580014 0.0704062805
0.0117678363 0.0614986159
0.0586218126 0.0438350812
-0.0193406045 0.0127007673
-0.0362396687 -0.0181119554
0.0748628601 -0.0219253227
0.026688192 -0.00171236449
0.0204302315 0.0637086555
0.0645743087 0.000570949225
0.0316706784 0.0218188781
0.0325876959 -0.0208165161
-0.0225985069 0.00841711275
-0.0219708998 0.0268390439
-0.00584279932 0.00691336812
-0.0351394676 0.0452367812
0.0223356746 -0.0252377838
0.0701618865 0.00095678441
0.0414698198 0.0117005054
-0.0351726562 -0.0256392043
0.0182025079 0.0554185584
0.0478775315 -0.0162152797
-0.0612633489 -0.0499754362
-0.0036324705 -0.0163698811
-0.0631321073 0.00223136391
-0.0421778448 -0.0427449122
0.0190843865 -0.0167548396
0.0497592427 -0.0361040495
0.0060362122 -0.0482273176
-0.0386355333 0.0578043163
-0.023686789 -0.0108989412
0.00842956733 0.0184201002
-0.00573159754 0.0391827747
-0.0340155326 0.0280341357
0.0199115854 0.00361147686
-0.0324828587 -0.0369686112
-0.00571400486 -0.0138409296
0.00670843665 -0.0106672989
0.0167727992 -0.0242555141
-0.0529072732 -0.00284215831
-0.0244922359 0.0211529173
0.0306670349 -0.00402936805
-0.0378322043 -0.0413263962
0.0624116696 -0.0209396854
0.00342234783 0.0402042642
-0.0582119711 -0.00848064199
0.049240116 -0.0267486293
-0.0145276673 0.0975868627
0.00590480305 -0.0280405059
0.00844105054 0.0319420695
-0.0229384806 0.015437413
-0.0258802455 -0.0579264797
-0.0228787493 -0.00448231678
0.0322253406 -0.0454397202
0.0142219523 0.0219340175
0.0514714718 0.0375815555
0.0538388602 -0.120498836
-0.016087817 -0.0358601809
-0.0515624769 -0.0333924629
0.0474604256 -0.0395602137
0.0260922462 -0.0675548315
-0.0215730704 -0.030367421
-0.00700337719 0.0230192896
-0.0187628064 0.0212291088
-0.061035905 0.0250122305
-0.0410137586 0.0112077324
0.0865831897 0.00160867465
-0.0136523014 0.0587373152
-0.0081126485 0.0375278406
-0.0621866174 -0.00098867307
-0.0400387757 -0.00262909755
0.111316517 -0.0235459283
-0.035261713 0.0020931866
-0.0399930999 -0.0376480259
0.00902789552 0.00559457159
-0.0258385856 0.0248270575
0.0805072635 -0.0572328381
-0.034408953 0.00317751314
-0.0431441143 0.0362170413
-0.0234481692 0.0537875704
-0.0149724903 -0.0569345653
0.00614286819 0.00691193854
-0.0601563454 0.0620600395
0.0442578532 -0.050252635
0.0492894277 0.0366759375
0.0879520997 0.00244504213
0.0975519791 -0.0252954382
-0.0258127637 0.00436185254
-0.0507934429 0.0275944173
0.0491396785 0.00994018465
0.0571314059 0.0215594973
0.0127077624 0.0915903524
-0.0458386093 0.0372524597
-0.0342079028 0.00876956899
0.0704943463 0.0170841273
0.0324318036 0.00740175461
0.0573073365 0.0113091618
0.00227358704 -0.0630609766
-0.0263621826 -0.00264418498
0.0722648278 0.0294937007
-0.0103097074 0.041342739
-0.0362098366 0.0778199807
-0.0169068221 0.000836640538
0.0287667867 0.0184442624
0.000861634733 0.00958825182
-0.00912167411 -0.0335200094
0.0236105472 -0.0424195156
-0.0239469782 0.00239852048
-0.0940329507 0.0417390279
0.0610569119 -0.0245839767
-0.0273326226 -0.0266489387
-0.103561126 -0.0232261159
0.0176665913 0.0246246923
0.0633296371 0.0482182167
0.0123578049 -0.0188269001
-0.0204804391 -0.0317420401
0.0194956027 0.0199404489
0.000842324342 -0.0116164191
-0.0357511453 -0.0376778282
0.0393351912 -0.0266912449
-0.016096577 0.0201360602
-0.0172575228 0.0192006603
-0.0141325099 0.00199775235
-0.0513849035 -0.00898788311
-0.0090100076 -0.00741836429
-0.047714442 -0.0532408804
0.0639745146 -0.0368209668
-0.0174230505 -0.00581597025
-0.0014813625 0.0225513671
0.0509116352 0.0430418514
0.0346952491 -0.00442821672
0.0701717362 0.0436933078
-0.040948011 0.016374249
0.0526471511 0.00895043556
0.0134356199 0.024566574
0.0274515208 -0.0663288087
-0.0489405505 0.00965406001
-0.0585297309 0.0778860822
0.0436374918 -0.00452384166
0.0639384165 -0.0775258765
-0.060940098 0.00808783993
-0.0124593936 -0.008642097
0.010954543 0.0224860739
-0.0344963595 0.0343532339
-0.0238650572 0.0179807525
0.012834874 -0.0287123546
0.0539550446 0.00789324567
0.0256246924 0.076928094
-0.0380805954 -0.0202459097
-0.0544303842 0.0161015559
-0.0161126554 -0.0698399171
0.0152841154 -0.0242352895
0.0141529702 -0.0160388574
0.0827553421 -0.0227589086
0.0271597616 0.0436729118
-0.0223112721 -0.0874915496
0.0680511296 0.0434509441
0.00974554662 0.0571211725
0.0626631156 0.00987864658
0.001160593 0.0202392414
0.0193470493 0.00525299367
0.0374676064 -0.0031890932
0.00484385341 -0.0529079325
-0.0221864488 0.0958934277
0.00804395229 0.0378714427
-0.0176482107 -0.0344483927
-0.0335150547 0.015358597
0.0392723829 0.0289588626
0.0107144788 -0.020726664
-0.074484542 -0.00593168149
0.0316645876 0.0160179939
0.0258400757 -0.0301858522
0.0243111346 0.0362200551
0.00189257402 -0.0157639049
-0.0273655076 -0.0693223029
-0.0819832534 -0.0335969478
-0.024621563 -0.0964160636
0.0356834158 0.086260736
-0.0193583705 -0.023362726
0.0937064439 -0.049741067
0.0289269593 0.0210492853
0.0373095162 -0.018293241
0.0542116277 0.0501541644
-0.0494728759 0.0689054281
-0.0474657975 0.0566879511
-0.0473301597 -0.0328531787
0.02274126 -0.0420835763
0.0444731116 0.0096100932
-0.0325670429 0.00953439344
-0.059984263 0.0528118275
-0.0074835713 -0.0391012803
0.00997287501 0.0307270419
-0.0145770796 0.0742177144
0.0805793554 -0.00790895056
0.0456186794 -0.0412993729
-0.0982547551 0.0292730276
-0.0415385999 0.0256345142
0.0235411171 -0.0233329646
-0.0317905769 -0.00913523883
-0.0276137944 0.0227766372
0.00821707025 -0.0181201119
-0.0610186234 -0.00924121309
0.0230281446 0.0292915665
0.135640889 -0.087992467
-0.017288899 -0.0496027321
0.00384454406 -0.0177003667
0.00536609488 -0.0629986525
-0.068007119 0.00590559933
-0.00673645176 0.00736791082
0.0744650066 0.00880523026
0.0239632782 -0.0338057764
0.017259609 -0.0845947638
-0.0374519005 -0.0499369241
0.00186198659 -0.0223478694
0.0723928362 -0.0306879207
0.0303757824 0.0274525918
0.00440425286 -0.089621067
-0.00695674215 -0.0152432676
0.0196936913 0.027402984
-0.00540813152 -0.0325306915
0.0287226252 -0.0349669978
0.0123522189 -0.0795182735
0.024316391 -0.0197613388
-0.0296402071 0.0451358408
-0.0884447545 -0.0976962596
-0.0430301204 0.0118859056
-0.095819585 0.0425899476
-0.0237450972 0.0264725517
0.0557093211 0.0206451267
-0.0116869174 0.018468421
-0.0040802937 0.0782722682
0.0232802089 -0.00913585071
-0.0026830826 -0.0466152616
-0.0555744171 0.0132755907
-0.027121773 0.0196450185
-0.0809801072 -0.029136464
0.0632236525 0.0298446212
0.0667219013 -0.0281046312
-0.0902773812 0.0195119902
0.0132377464 0.10123153
0.000240737791 0.027063828
0.00554297585 0.0912093595
-0.0191824976 0.051049877
-0.0443789773 0.00490580779
0.0927869007 0.00587271852
-0.0265550893 -0.0195979271
-0.0636449009 -0.0805372968
0.0262325983 -0.00448785583
0.0105166873 0.00634492422
-0.0800908506 -0.0219186787
0.0223043691 -0.00835781172
0.0727999508 -0.0289424695
0.00754146138 0.0224888008
0.0265970659 0.0163715575
-0.039110519 0.0606691092
-0.0132770706 0.0275175851
0.083110109 -0.0336920395
0.0285843108 0.0770002231
-0.026730312 0.0608294457
-0.0124906739 0.0181947611
0.0370567515 0.00978375599
-0.0285903662 0.0584648028
-0.0741676167 0.0826792866
-0.0395222679 -0.0249391478
0.0177036393 -0.0269749686
-0.0397373997 -0.0430509634
-0.00338382879 0.0429289788
0.0316818953 -0.00663181068
0.056684088 -0.0949547663
0.0958745405 0.030092068
-0.0128957285 0.0423196219
0.0361504741 0.0862664953
0.00449258648 0.0275727268
-0.0342850313 -0.0217448398
-0.000390753936 -0.014605552
0.0113611687 -0.038427148
0.0595939048 0.0343665183
0.00688966038 -0.0254214536
-0.0258825291 -0.0234228224
-0.0162819177 -0.0390627608
-0.0724081844 -0.0183489472
0.00505839242 0.0443608463
0.000447196275 -0.035217803
-0.00872256886 -0.0242274906
-0.0583624877 0.0412727557
-0.125123888 0.030171033
0.00597066106 0.0293373633
-0.0111235185 0.0255194008
0.0101572098 0.0303862076
0.035435006 0.00982189644
0.0287179761 -0.00525224442
0.0586642586 -0.024938846
-0.0174723696 -0.115266755
0.00717124064 0.00885394309
0.0325410925 -0.027793495
-0.00548801292 -0.0182384513
0.0638751239 0.0518439375
0.0331434831 -0.0408510938
-0.0277643371 -0.0200852975
0.0183670092 -0.0708175823
-0.0271254089 -0.0165213998
-0.00922992826 -0.0377452672
-0.0124705266 0.0155168166
-0.0754100755 0.112448014
-0.0458159856 0.0259891897
0.0167440437 0.0158250872
0.0278463829 0.00242062868
-0.0223328508 -0.0380516313
0.00563644292 0.102650963
0.0108862072 0.0595365576
0.0455360338 0.0462502129
0.0388695188 0.00938520953
-0.00403111521 -0.0718655512
0.0480931886 0.0312626213
0.0126670804 -0.0110619701
0.0165381096 0.0593349189
-0.0155263534 -0.00708624208
-0.0819081292 -0.0296209995
-0.0339194909 -0.0151061127
-0.0142217353 -0.0829649568
0.129737779 -0.00296145817
-0.0153597379 -0.000699061959
-0.0750480741 -0.00605875347
0.061935056 0.0383670554
0.0294754356 0.0134990821
-0.00813601352 0.062772207
-0.112586088 0.071981132
-0.0453743711 0.0120510925
0.039599169 -0.0194548108
-0.0367603488 -0.0114793628
-0.0389076024 -0.0138654951
-0.0507380217 -0.0678182319
0.0386714637 -0.0475918055
-0.00787888002 0.0327262916
-0.0522853844 0.0391260199
-0.0217094868 -0.0502647683
-0.0319396108 -0.00030356794
0.024910802 -0.0328155942
0.0129841203 -0.0262113754
0.00387131306 0.095770441
-0.0185780153 0.00125816022
0.0304968115 -0.040698722
0.047768414 0.102804027
0.0175200459 0.0254205521
0.0361683555 -0.0694520175
-0.0332347006 -0.0132776108
-0.0212078243 -0.0426900275
-0.0756954551 -0.0190371312
-0.021481391 -0.00876841415
-0.0704009458 -0.0344541222
-0.03413219 0.0488108769
0.0729261786 -0.0508891381
-0.0338896811 -0.0357207134
-0.0135424808 0.0811773092
0.0104637863 0.00715749664
-0.0254675783 0.0308336038
0.0281349886 -0.0157914553
0.028192576 -0.0121837175
-0.0217227936 -0.00124890555
-0.000767507532 -0.037776608
0.0101756323 -0.0555294938
-0.00284244306 0.00254549738
-0.102126814 0.0695896745
-0.0309806801 0.0131143294
0.0308279041 0.0900425911
-0.0180586167 0.00424923608
0.000696979056 -0.0244689994
0.0801811814 0.0181018058
0.0422457494 -0.0365680195
0.0158335045 -0.00283368235
-0.0376005135 0.0352706052
-0.0507725216 -0.00506000686
0.061774455 -0.00466262922
0.0145018548 -0.0299962275
0.0394973122 -0.0870909542
0.0424488597 0.0198470019
0.0502211191 0.0487204343
0.086930342 -0.00386329764
0.0422774777 -0.00801781379
0.0170911886 -0.0940106288
0.0277723651 -0.0178346671
-0.017376015 0.0546809398
0.0568603538 0.0195924882
0.0220951792 0.0517753884
0.0507335588 0.0100907842
0.119445771 -0.0822137669
0.00218036654 -0.0358031616
-0.0305487886 0.0431705229
0.0422321074 -0.0207038615
-0.0382472947 0.0392286889
-0.0134058567 0.0198751744
0.0435651802 0.00350865
-0.0529544204 0.052575428
-0.0248757359 0.0786548704
0.0402094126 -0.0400001109
0.0601154715 -0.0825600624
-0.0543474965 -0.00096032751
-0.03614261 -0.019479489
0.0186209083 0.0273278486
-0.0580367036 -0.00538662821
-0.0180404279 0.0126805725
-0.00580657227 -0.0502514951
0.0525611565 -0.0232596006
-0.00189111952 0.0567513257
-0.0770305023 0.00331443548
-0.0671187714 0.0573524758
-0.0305135716 -0.0839076415
0.00419408875 -0.00425426476
-0.025300853 -0.028150674
0.102327175 -0.0282837581
0.0335659012 0.0259089917
-0.0512003452 -0.0428656489
0.04872033 0.0484389849
0.0136805344 0.0761544406
0.00323250005 0.0127906613
0.0110744024 0.0343989544
0.0158825237 -0.0391825624
0.0169170424 -0.0200470798
-0.0194729529 -0.0509679578
-0.0211139824 0.0655398443
0.00382917677 9.63376224e-05
-0.0276391469 -0.0410188586
-0.0576059408 -0.0482766852
-0.00977306161 -0.0444320962
0.0653596371 0.0337513983
-0.0329549126 -0.0617222711
-0.0327629671 -0.026485784
-0.057392519 -0.0501603968
0.0252925456 -0.0118505051
-0.0088111395 0.043315921
-0.0214199442 -0.0332300365
0.0194695611 0.0205794442
-0.00174954336 -0.00552452775
0.028571168 0.0315995552
0.0218772646 0.00742873875
0.0594227798 -0.00855006836
0.010364607 -0.0324182771
-0.0877976418 -0.0217187125
0.0583437793 -0.0275299307
0.0118897008 0.015068288
-0.0425680764 0.00733935041
0.059602689 -0.0229557939
0.0363852605 0.042621728
0.0277266745 0.0121047199
-0.0029226467 -0.0451069996
-0.0338493697 -0.0389933065
-0.0204313714 -0.0877357423
-0.00618079491 -0.0791196525
0.105198711 0.0617738478
0.0570767373 0.00140050054
0.0157981403 -0.0545101687
-0.0188487675 -0.0225812383
-0.00906503573 -0.00317284139
-0.0498535931 -0.0051363199
-0.0299034379 -0.0484092981
-0.00626984145 0.0161245093
0.000794423278 -0.0139694661
0.000510137412 0.0205423068
-0.0262954067 0.0621622689
0.0465856306 -0.0516785458
-0.0540363565 -0.0582452118
-0.0766699761 0.0577932708
0.10855455 -0.0451053903
0.00150200014 -0.0924655721
0.0320772342 0.0318986997
-0.00105416577 -0.00181432639
-0.0706820041 0.0113405231
0.0500801578 0.00783302356
0.0431263931 -0.0650517717
-0.0768151358 0.078560479
0.0344854109 0.0338966548
0.0622527562 0.0495660193
0.0311007872 0.0253248643
0.0286573302 -0.0712551922
0.000646843924 0.0258857068
0.00990507286 0.0434429944
0.0165950712 0.0371026658
-0.00660568988 -0.0118130995
0.0329848677 -0.0343226939
-0.0106543461 0.047009483
0.0534660555 -0.0290672947
0.0177699178 0.0314279571
-0.00691624451 0.0874018744
-0.0241273046 -0.000396811723
-0.0016602017 -0.020009283
0.0335991606 0.0133357737
0.00844360795 -0.0267841574
0.0512686037 -0.0454132333
-0.018624479 0.0505802929
-0.0021402319 0.0858321786
0.0438208021 -0.0113486582
0.0468564779 -0.0321649238
0.0283078142 0.0148784472
-0.0260654353 -0.0543088056
0.0717002526 0.0176281054
-0.0747499019 -0.0149508789
-0.0849182978 -0.0619559102
0.0167723857 -0.0292129908
0.0551570095 -0.0246828087
0.0373048298 0.0465078689
0.00209099264 -0.00882575102
0.03174771 0.0103984764
0.00106625853 0.00303688762
-0.0206940286 0.0167647079
-0.0583453961 0.118230417
-0.0223558564 0.0100735947
0.0429065451 0.0485104471
-0.0671746805 0.0398358218
-0.00255347509 0.0276644602
0.0206826106 0.0505149327
-0.038242925 -0.0538843758
-0.0263318662 -0.00493389927
-0.0596961901 -0.0926926434
-0.0444912277 -0.0208546147
0.0222873446 0.0247701611
0.0133214993 0.0084697213
-0.0149463573 -0.00146891037
0.0197310578 -0.0572550371
-0.0192618109 -0.029045593
0.0213626307 -0.020929113
-0.000157531191 0.033880543
0.0274024084 0.0352903754
-0.0101544997 -0.0046539912
-0.0803917199 0.0542212464
-0.017988285 -0.0257497318
-0.0681429207 0.00663580419
-0.0180482715 0.044450704
0.0271343924 0.0100866407
-0.0101918336 -0.0185047742
-0.0336431339 0.00255482597
0.00325345201 0.060495358
0.087662369 0.00656856736
-0.0555539168 -0.111554563
-0.00416534394 -0.03297849
-0.0496823974 -0.0166989081
-0.0452870131 -0.0991031975
0.00957996957 -0.0244449377
-0.0759085566 -0.0308671482
-0.00671698712 -0.0875593945
-0.0130072683 -0.0246100333
0.0550936498 -0.0531712063
0.0421127491 0.066925697
-0.0789025351 0.113089629
0.0154938949 -0.0448438302
0.0445424505 0.0297732484
-0.0107763978 0.059974961
0.001194346 -0.105297998
0.0131834801 0.000733786437
0.023203522 0.0605003648
0.0468840972 -0.0204441771
0.0574560091 -0.0160482693
0.0521633327 0.0626346394
0.0637204126 0.0059621199
-0.0161998551 -0.0296549704
-0.0560666732 0.0320600234
0.0360447913 0.092060864
0.0339999422 0.0259018056
-0.0725044161 -0.00790821109
-0.035290204 0.11712236
0.0440945178 0.0247090906
0.0242348462 -0.0460532233
-0.0156289861 -0.00158523477
0.0056645507 0.0217928011
0.0261130128 0.0145664951
-0.00693789218 0.0432373807
-0.049378451 0.0242745467
-0.0106809353 0.0448875017
-0.0125964014 0.10276147
-0.0896632895 0.00728997821
0.00556994742 0.00251628552
0.0529223792 -0.017184658
-0.0453864746 -0.00377935567
0.0477060676 -0.0456783958
-0.0282301046 -0.0632283315
-0.0844949931 -8.07321558e-05
0.0289728418 0.0243891589
0.0657232031 0.0190745313
-0.0195475575 -0.0257093292
0.0333823003 0.0614153743
0.0498502851 0.0202989895
-0.00164394407 -0.0751013532
0.086584419 -0.0304065589
-0.0281516518 -0.034314163
-0.062629208 -0.0146655301
0.0608099215 -0.0459828265
0.0401902981 0.0131347887
-0.00630660821 -0.0517688692
-0.0151833501 -0.0598218851
0.000846433977 0.0170399006
0.022081485 0.0129089532
-0.00595070608 0.123487636
-0.00504993647 0.0225527473
-0.0507775582 0.0121134818
-0.0472177081 0.000937636418
-0.00592156919 -0.0226133242
0.060085725 0.0195144322
-0.0285745375 -0.0193280838
-0.0568799898 0.0633755103
-0.0104002282 0.0119851921
-0.0431786813 -0.0198307186
-0.00615820242 0.0440773852
-0.0298621636 -0.0260103159
0.000370422262 0.000321270491
-0.00525755202 0.0364715718
-0.0416143201 -0.0173055958
0.0460582711 -0.0134958196
0.0528727248 -0.0111513706
-0.00807108078 0.00629843585
-0.0473546609 0.047117196
-0.0512334593 0.0118231568
-0.0425996743 0.0736649781
0.000219278023 0.0748832896
-0.0314770304 -0.101255111
-0.0613313988 -0.0211547799
-0.0175276212 -0.0274618268
0.0570922792 0.0215781704
0.0479496233 0.0173963103
0.0181650706 -0.0756926313
-0.028980989 0.0158635136
-0.0331688076 0.0503885821
-0.0476139933 0.112881079
-0.061006844 0.02319232
0.035631679 -0.0513448119
0.0652766153 0.0348620228
0.000973684364 0.00178321509
-0.028855117 -0.0188085027
-0.0124148019 -0.0278147496
0.00186758733 0.00530625088
-0.0502605997 0.0133760059
-0.0462456718 -0.0915430933
-0.0516562574 -0.152285084
0.00830178615 -0.0527681112
0.0240769684 0.0379065946
-0.0159424432 0.0426512919
0.0140229436 0.0468618311
-0.0206250157 -0.0418715402
0.0183072817 0.000415050803
-0.0143271014 0.0421033613
-0.0754306391 0.000961248123
-0.0550991371 0.0344523638
0.0496686138 0.0397211462
0.0148123223 0.00800914038
-0.0426189937 0.00615505269
-0.00812139641 -0.0414847471
-0.0194612723 -0.0314371437
-0.0590911321 0.0320973247
0.0850378647 0.0756951794
0.0773032531 -0.0775895491
-0.0697790161 -0.100673079
-0.0115622953 0.00918289926
0.00506255357 -0.0147237591
-0.0301028788 -0.00362936174
0.00560597191 -0.00017964674
0.0322874561 0.0450135693
-0.0187019706 0.0693150535
-0.0312680304 -0.0467326827
-0.0289456658 0.0801938027
-0.0230787527 0.0682811365
0.00732315937 -0.0173481219
0.0634405389 0.0785571337
0.0331802219 0.0949265808
0.0288170055 0.0191241931
0.0422451682 0.0124062747
0.0617612712 -0.0353832059
0.0258184541 -0.000764559547
0.0368590951 0.0437895134
-0.0487841368 -0.0160966311
-0.0399043337 -0.0630510449
0.0338413119 -0.0301476121
-0.0145234168 -0.0656132326
0.0585326366 0.020579394
0.0393943638 0.0335772485
0.00907386001 0.0308860373
-0.000939204299 -0.0453720391
0.103788584 -0.07902316
0.0773127377 -0.0480862632
-0.0014772513 -0.0890386924
0.0745059699 0.0363933966
-0.0451704897 -0.0254056305
-0.0427159034 -0.0222727545
0.0487018637 0.0626912639
-0.06416931 -0.0400770716
-0.0117233535 -0.0287836175
-0.0624729954 -0.0397587828
0.0495814793 -0.00674060965
0.0276371501 0.0515733175
0.0114783896 -0.0148376683
0.00968673546 -0.014759182
-0.0386020169 0.00182145613
0.053538017 0.00720062666
0.0145805646 -0.0108636068
0.0179864019 -0.0368493646
-0.0392587855 -0.0662693307
-0.0562531054 0.00660897791
0.0848550498 -0.0480135158
0.00238338928 0.0094014518
-0.0273528118 0.0227072351
0.0124263121 -0.00117618858
0.0284931455 0.0426717252
0.0638421774 -0.00334644527
-0.00859814323 -0.0583823323
0.00451413309 -0.0195956677
-0.0598695762 -0.0516156219
0.0121388072 -0.0890994817
0.10329663 0.0320825242
0.0341416523 -0.0213448294
-0.00857101753 -0.0548614971
-0.0524291135 0.000425641018
-0.0449115932 -0.0372235253
-0.0417423919 -0.0246687122
0.0377989039 0.0103096804
-0.0110453749 0.0957526118
-0.0188864972 -0.0323473401
-0.0861928016 0.0436676182
-0.0561464727 0.0175710842
0.0272700861 -0.0390004553
0.0209439807 0.0114458222
-0.0107451612 -0.00919354148
-0.000990752946 0.0219749212
0.0312107764 -0.0912419483
-0.0024437299 -0.0468944162
0.0079404125 0.0146276141
0.0677670836 0.00785029866
-0.00721324189 -0.0108304489
-0.0204551555 -0.0802503377
0.0486713015 -0.0640878379
-0.0142793963 0.0121159358
-0.00569350459 0.000991933746
-0.000867826224 -0.0211130269
-0.0255245995 -0.018423574
0.0400352664 -0.0187904965
0.0281801373 -0.0622024685
-0.0564582385 -0.0571819134
-0.0410372764 0.0391858742
0.0056186947 -0.000275380851
0.0295548867 -0.0221607964
-0.0423081592 0.0232761204
0.0482232273 -0.0154147679
0.0438699275 -0.0201078467
-0.020924937 0.0541816726
-0.0521318987 -0.00165312097
-0.0268471353 0.0232493207
0.0518492088 -0.0240017381
0.0203025583 -0.029915031
0.00742840162 -0.0207024366
-0.0508233532 -0.000104390332
-0.0127191972 0.0224356353
0.0921486914 0.0154138329
0.0372336507 -0.0789083391
0.0411333404 -0.0422835238
0.0512257591 -0.0157891326
-0.0879695937 -0.0552318171
-0.0637494698 -0.0642287433
-0.0119021088 -0.0334118456
0.0103203217 0.00835107081
-0.0597339123 -0.128963068
0.0192252398 -0.0323112421
0.0905487686 0.0399212502
0.00705960393 -0.0449975841
0.00250306586 0.0526032411
0.0337016173 0.101683162
0.054202348 0.0164362565
0.0170728602 -0.0410465375
-0.00974968169 -0.00494980626
0.0845054761 -0.0632835254
0.0430986285 -0.0700212643
0.00474090222 0.0102602914
-0.0703323036 0.0363547057
-0.107998155 -0.012063859
0.00948684569 -0.0683937371
0.041265104 -0.0120699443
-0.0323896147 0.0315804146
0.0286881011 -0.00780803896
0.0173754152 0.0129417265
-0.00656909868 -0.047607705
0.0328349657 0.0345762372
0.0404661819 -0.00887330808
-0.075014405 0.0163894333
-0.0328149647 0.0387139991
0.072133325 0.0337206945
0.0188499521 -0.0337063521
0.00780880032 -0.0482268818
0.0509480275 0.0325547494
-0.0217130687 0.0201925971
0.0253937673 -0.0457813926
0.0313479006 0.0173599757
-0.0340696983 0.0110858092
-0.0130126551 0.0206553061
-0.0136125442 -0.0109204277
0.0979918018 -0.0157881603
0.0366386138 -0.0101365866
-0.030490635 0.0548137277
-0.0117026502 -0.00994976424
-0.0169388261 0.0304911025
0.0756667033 0.0582331344
-0.0600649081 -0.0419128835
-0.0271548331 0.024511857
0.0588482842 0.0659819469
-0.053295847 -0.0221944377
0.0127117839 0.0231690574
0.0330401324 0.0138527676
0.0116076656 -0.102217689
-0.0137068965 0.0432085469
0.0441728272 0.0529448986
0.0624986328 -0.0328016803
-0.0197263621 0.0421088934
0.0618098043 0.0418294407
-0.0104847336 0.0863086507
-0.0767377615 -0.0318286158
-0.0181826688 -0.0877289549
-0.0162961371 -0.0225356929
0.00435994938 -0.020736387
-0.0363088362 -0.00192728208
-0.0832797736 -0.0239050742
-0.126280561 0.0470853895
-0.0576223619 -0.0241067782
0.0803901404 -0.00526603125
0.0670897812 0.0340582132
-0.0303596817 -0.0154172182
-0.0436114036 0.00306753791
-0.0206132717 -0.0380099006
0.00145515089 -0.0606531799
-0.00886538252 -0.0116374483
0.0284568481 0.00548158633
0.0483141504 0.0258920025
0.0264430568 0.0156180253
0.023745751 0.0256606955
0.0371831134 0.0710605085
0.021782117 -0.0223152582
0.0205192138 -0.0171466172
-0.00848432351 0.00842077937
-0.106309563 0.0946383402
0.0343779363 0.0653927773
0.0576338731 -0.0751996115
-0.0450852811 -0.0250238422
0.00363302953 -0.0462440141
-0.0383574702 0.0119547844
-0.0145359552 -0.0184234474
0.0646062866 -0.0380069502
-0.0418294892 0.0181197785
0.0116370628 0.00578695582
-0.0104360143 0.0560589731
0.00374832097 0.0523042977
0.0212120172 -0.00456582243
-0.0496425144 0.0794074088
-0.00385934883 -0.0146661866
0.0798259079 0.0196948312
0.0635866001 0.0189823266
-0.137331992 -0.0257071201
-0.0472169444 0.0609973967
0.0348083936 0.037988279
-0.0536724329 0.0282712579
0.0339458473 0.0398494676
0.0183224417 0.0410252735
-0.0575998947 -0.0284706745
0.0165114496 -0.00516828382
-0.0732601136 -0.00196579611
-0.134762108 -0.0537524521
-0.0331620723 -0.0560622104
-0.046366822 -0.0765081421
0.0109266369 0.000961131125
-0.0477216952 0.0928108022
-0.0676749796 0.00258547231
-0.00366217783 0.00431134179
0.00465923501 0.0298552923
0.0109547684 0.0120703299
-0.0156460386 0.0355064198
0.0184817854 -0.00261491584
0.0792726278 -0.00483724428
0.0186783988 0.0181610156
-0.00591990491 0.0356126726
0.0164455753 -0.0458429493
0.10202004 0.00778398151
0.0613743104 0.0745360404
-0.000255595427 0.0624240637
0.059104722 0.0619207472
0.0263480432 -0.0280865729
-0.00884109922 -0.0371473841
0.0281418003 -0.0139864655
-0.02797677 -0.0145450784
-0.00774392858 0.0291574113
0.00307839457 -0.0232699886
-0.0283385944 0.0353399962
0.0191768371 0.0446630381
-0.00106830429 -0.0749247074
-0.0431482047 -0.0283820052
-0.0665161684 0.00240586232
0.0132520413 -0.0673338175
0.0543118156 -0.0455846079
0.0128373271 -0.0233624689
-0.0312253833 -0.0178412609
0.0187997743 0.00374977011
-0.0257113203 -0.0329831131
0.0308749266 -0.02732048
0.00247962377 0.00814841781
-0.0070554358 -0.0237541478
-0.0471466184 0.0560797937
-0.0274249781 -0.0569859892
0.0376105011 -0.0803524181
-0.0956786796 0.0546318516
-0.0287523996 -0.0463841707
0.0394625627 -0.00866739172
0.0109113716 0.00933197886
0.0270564873 0.0256872661
-0.00287714368 0.067502968
0.049811963 -0.0376996025
0.08009132 -0.00212950027
-0.00795966666 0.01922963
-0.0049544503 -0.0198072121
-0.00617577415 0.0686195418
-0.0299207605 0.00850117952
-0.00838342216 0.0213940777
0.0927422568 -0.0164368618
-0.00591593375 -0.0456267335
-0.102875233 0.0122673698
-0.0653384179 0.00421435619
-0.0378558263 -0.0602238253
0.00723325647 0.0652655363
-0.0460423194 0.064947851
-0.0157828666 -0.0715314373
-0.0103763323 -0.0444816127
0.02696684 -0.0258031264
0.0710812733 -0.0495595373
0.0579021275 -0.00602647197
0.0307984333 -0.00751744118
-0.0114283729 0.0666901395
-0.00287738163 -0.000325695466
-0.022751024 -0.0656254813
-0.0320263654 0.0646306798
0.00329848262 -0.0133376429
-0.0310244467 -0.0652670935
5.55782208e-05 0.0413147323
-0.0206962302 -0.00914868712
0.0537980124 0.0265920646
-0.00656042481 0.0770985857
-0.0550897494 -0.042787265
0.0162334871 -0.0477021597
-0.00802498125 0.042172499
-0.00654235994 -0.0267870072
-0.0154168094 -0.00534402486
0.0293884166 -0.0212614853
-0.0153012536 0.12446966
0.0053784037 0.0247180685
0.0557578653 -0.0654117391
-0.0366455056 -0.000871623866
0.00947637297 -0.0572154708
0.0538238063 -0.0338067114
0.00732097542 -0.0902496725
0.026214296 0.0363282599
-0.0384151153 0.00575066637
-0.0583587661 0.01737988
0.0546888076 0.0543871708
0.0649238154 0.0148221562
0.00627299864 0.0609887242
0.0232690331 -0.0569262207
-0.0263340585 0.0408395827
-0.0483735055 0.0314283669
-0.0328003392 -0.0662486479
-0.0363875031 0.027259348
0.00179461192 0.0125812031
-0.0358471125 -0.0207190271
-0.013756725 -0.0541347452
-0.0291305315 0.0343437567
0.036099501 0.0200961791
0.0278785676 0.0590723641
0.00781688467 0.0510364957
0.0277882647 0.0131158559
-0.0103416555 0.0949332863
-0.0400476605 -0.0207750965
-0.0557552837 0.0445863754
-0.0864373371 0.0634127557
-0.039050214 -0.0204664376
0.00197143294 -0.0174410157
0.00425226893 0.00650616968
0.00657130731 -0.0111375563
0.0359140001 -0.0903546959
-0.0299404245 -0.0208122283
0.044966843 0.0438996181
0.077762574 -0.014857538
-0.0310767088 -0.0238558501
0.00175044453 -0.0670878738
0.0333180241 -0.0632715374
-0.0143776629 -0.0156807974
0.028978195 0.0320393592
0.011926692 -0.00831819326
-0.0220344178 0.00791426282
0.0297996551 0.0135446442
-0.00513173686 -0.0681209564
-0.0227702484 -0.0320649445
-0.0352226645 0.0302874446
-0.0308695063 0.00992642622
0.0197009835 -0.0358768813
0.00313512608 0.0297822692
0.04955367 -0.0447864868
0.0428329445 -0.0140121747
0.00778143806 0.0236184858
-0.048034925 0.00756054698
-0.0430796407 -0.00760214077
0.0337560326 0.035914246
-0.0706441402 0.0354073532
-0.0442582481 0.000411518209
0.0211847574 -0.00521571236
-0.0280333105 0.0234978292
0.0346868895 -0.00986972265
-2.87378134e-05 0.0309487507
-0.0281675663 0.0654969215
0.0326829031 0.0901623815
0.00549246604 0.0541433543
-0.0291393586 -0.0236012172
-0.025097046 -0.0289568081
0.0161828641 -0.0265091565
-0.0251372494 -0.0450180136
-0.0191819575 -0.071040988
0.0283687934 -0.0515114143
0.037531089 0.0088024307
0.0495359153 -0.0291337408
0.0131801199 0.00263452088
-0.0829806775 0.0249789841
-0.0701940954 -0.0569961779
0.0567732565 -0.0820334703
0.100408763 0.00246192981
0.00818520039 0.0233052839
-0.022345636 -0.0233904514
-0.0612310767 -0.00354776974
-0.0241812114 0.00653352169
0.0506058671 0.0135557689
0.0130535355 0.029198125
0.0854003653 -0.00584383262
0.0713832453 -0.0186676811
-0.00134303747 0.0352776349
0.0225542821 0.0188644715
-0.0269547123 -0.0284007713
-0.0654684827 0.0146550015
0.0382978097 -0.065016605
0.005275412 0.0131029002
0.0348807126 0.0345617123
0.0075908103 -0.0350844301
0.00183360022 0.0145899281
0.0698144063 0.0185296163
0.0468302555 -0.0240929909
0.0995521992 -0.0533186272
-0.0143958619 -0.0170569327
0.00266736257 0.0021255617
0.0375923626 0.029358739
-0.0762533695 -0.063872613
-0.0594444498 -0.0512396581
0.0174910538 0.0178493615
0.0361960009 0.05449057
0.00834322348 0.0670724586
-0.0696030483 -0.0286175888
0.0790338293 -0.0772857666
0.0123663545 -0.0514403097
-0.023501629 -0.0229009464
0.0128108775 -0.0128633361
0.0558018833 -0.0835593417
0.0330607593 0.00503850309
-0.0364647396 0.0324246027
0.0674625188 -0.022112729
0.0355056711 0.0404038057
-0.0323236622 -0.00308651873
0.0123290094 -0.0655050203
-0.00689843204 -0.00952653028
-0.0037025325 0.0494377576
0.000642671715 0.0325761363
0.00663598068 0.0153680164
0.0364808962 -0.00237707538
0.012361831 -0.0701396316
0.0440654196 0.0202463772
0.00874848664 -0.0169017464
0.00454215566 -0.021851588
-0.0247394312 -0.0284401327
-0.0566646233 -0.0680673271
-0.0756231621 0.0476694889
0.029696729 0.0319889933
0.073354356 0.0258149542
0.015583314 0.0494204685
0.0238790549 0.000612338597
-0.0177751314 0.0114558367
0.0254736152 0.023233749
-0.0268598795 0.105144769
-0.0285506323 0.000428559084
-0.0522658117 -0.00266636
-0.0527011082 0.00411370583
-0.0445354097 -0.0641496703
-0.0448528044 0.0218695048
0.0371166877 -0.0703033656
0.0359943286 -0.00985114556
0.0615962893 0.014392958
0.0100703444 -0.0688855276
-0.0987954363 0.0378175713
0.0486806072 -0.00777707389
0.0479981713 -0.0361364558
-0.00688262889 0.0517213456
0.0360295177 0.021896733
-0.0702238753 0.0495518856
0.0359558687 0.0453449599
-0.00138490903 0.0736756921
-0.0401389636 -0.00321437395
-0.0121455248 -0.0438962318
-0.0162399169 0.0498803109
0.0899936184 0.0581259318
0.0617894791 -0.08207573
-0.0213519689 -0.030389538
0.00407891767 0.0446743146
-0.0261322707 -0.00973306317
0.0231528301 0.0374477394
-0.0506422669 -0.029789554
-0.020106703 0.0665466487
-0.0143000921 -0.00777529459
-0.00824923068 -0.0609275214
0.00884986855 0.0759015158
-0.0625139326 -0.0597895533
0.0302043743 -0.0395777412
0.041980993 0.0114736967
-0.0210843869 0.0471232608
-0.00310365437 0.0490677953
-0.00987222046 -0.00354106282
0.0186076239 0.0148119666
-0.0400390401 0.0390993319
-0.0158177242 0.0630928576
-0.00539322151 0.0240093227
-0.00972402375 -0.0285048708
0.0634388328 -0.131042659
0.0435001403 0.0685054585
0.0440412909 -0.0353344642
-0.052792199 -0.134164184
-0.0274639484 -0.00485817762
-0.0537546836 0.0189396422
-0.0589776225 0.0194703285
-0.0138048064 -0.00331630558
-0.00744823134 0.0428533927
-0.071977593 -0.0246393923
-0.0410404392 -0.0273515116
-0.00637300173 0.0232410002
-0.0140744662 0.0288938563
-0.00701114675 0.053607963
-0.0387236662 -0.000324365217
-0.0454926714 0.0245448276
-0.0126077784 0.0194585603
0.0513002425 -0.0155199757
-0.00419495348 -0.0597054847
-0.00765047083 -0.0912191346
0.0963328481 0.0105424495
-0.0530285984 0.044258453
-0.0678080246 0.00116872007
-0.0391822644 0.0392947011
-0.0877309591 0.0260112826
0.0122970734 -0.0427416898
0.00836930424 -0.0378095992
-0.00558025157 -0.0370382443
0.03633973 -0.015275781
0.00821954757 0.00995914172
0.0346789174 -0.026458377
-0.0172493923 0.0510779843
-0.0466997027 0.0363059379
0.0534751713 0.0296049137
0.0587942004 -0.000544333423
-0.0130136944 0.064177148
-0.0181866158 0.0985094607
0.00464899559 -0.0130726723
-0.0520065427 0.051630944
0.0217865352 0.0516766645
0.0274285022 -0.0140193217
-0.0121673699 0.0476386994
-0.0583374687 0.0218478702
-0.0838814899 0.00139131048
-0.0435909256 -0.0249547809
0.0616151392 -0.0128927147
0.0309848282 0.0478237197
-0.021927299 -0.0104689645
0.036044132 -0.00198575435
-0.0464242212 0.0656250864
0.07247518 -0.0216436684
0.00244358601 -0.0137385018
-0.0526668765 0.102743804
0.0172533225 -0.0221825466
0.0467716865 -0.00437958864
0.0115850372 0.0308444109
0.0928574577 -0.0509611741
0.059541434 -0.00442871405
-0.0358400904 -0.00377309159
0.0430107005 0.0701918602
-0.0307029784 0.132629722
-0.0135281859 -0.0277129188
0.099332273 -0.00201069377
0.0114678973 0.048130434
-0.000762209471 -0.0624003038
0.028752666 -0.00034047509
0.000605204317 0.0218537394
-0.0979811251 0.0374717638
0.0131415781 -0.0066732727
0.0526031703 -0.141706735
-0.133417413 -0.00198909803
-0.018364504 -0.0284579508
-0.0208578166 -0.0339591168
-0.0653486699 -0.0946341828
-0.0216786526 0.043903973
0.0708256736 0.0888079479
0.0107160537 -0.0107378373
-0.00675107539 0.0586553141
0.0859776363 0.0396657325
-0.0437903851 -0.0156337973
0.00933008268 -0.000535046216
0.0326945744 0.0164146051
-0.048329521 0.0692575797
0.0299419966 0.00966282748
-0.0338937342 0.0166394133
0.0708641186 -0.00808636565
0.00521964161 -0.0818189308
0.00611843262 -0.0676999018
-0.0482058339 -0.0638733357
-0.00353528513 0.0428087562
0.103665784 0.0202311408
-0.0235728715 -0.0249785669
-0.00862227567 -0.00132668042
-0.026411945 -0.0241327751
0.0679766685 0.021554729
0.0369189978 0.0285311807
0.0103689143 0.000790091173
0.0441259034 0.0012553219
-0.0279932991 -0.0131754102
-0.0102355508 0.00330528407
-0.0695686638 0.0177666191
-0.0291404072 -0.0537197404
0.0182401612 0.0192831215
0.0618187226 0.0380087458
0.0665979832 -0.026980415
-0.0375949256 -0.0147741539
0.0216267239 0.0120895579
-0.0317500047 0.0332004242
0.059535075 0.0562880449
0.0372776687 0.0239966139
-0.059317112 -0.0573570989
0.0249279533 -0.0577933528
-0.00608767755 0.00231928262
0.0167485867 -0.01740616
0.00751159247 -0.075814575
0.00299653271 -0.0352732427
0.0423533246 -0.0363233574
-0.0492893755 -0.0398732722
-0.026833849 0.0224209353
0.0404571705 -0.0184435006
-0.00946446136 0.0251081996
-0.004413174 -0.0348503999
-0.0393422358 -0.014886451
-0.0782658011 0.00515069254
0.0153528452 -0.0287270956
0.0232686456 0.0154239405
-0.0785005763 0.0251020025
0.0394517109 0.102772489
0.0896485671 0.0411597602
-0.0108631058 0.0168789476
-0.0449174158 0.0170776173
-0.0594399236 0.00259634899
0.0146765858 0.0274020098
-0.07805641 0.0324324891
-0.0510428138 0.00118097675
-0.0221853871 -0.0370586663
-0.00682821637 0.0318847559
0.0219225418 -0.00339356111
-0.0304971058 0.0343866497
-0.0153229106 0.0921581686
0.0383376293 0.00920603331
-0.0160764102 0.025780404
-0.0269890111 -0.0480590314
-0.0619268678 -0.0359928906
-0.0153460782 -0.0569233336
-0.0211105533 -0.0610913523
-0.0418847315 -0.0939228758
0.000296601123 -0.0648591146
0.053958036 -0.000731699925
0.0259251799 -0.0409515388
0.0189452879 0.00638900558
-0.0721889958 0.042973388
-0.09032166 -0.0163597148
0.025655387 -0.052919738
0.112440094 -0.0309951995
0.0235383846 0.0152738309
-0.0340637863 -0.0295856148
-0.0598394871 0.0332681239
0.0190395247 0.0135210538
0.0309353042 -0.0193881504
0.0174158569 0.00667060679
0.0575718991 -0.0324398652
0.0486911274 -0.0359533131
-0.0123481341 0.0200095922
-0.0218573231 -0.0167757254
0.0187980998 -0.00195562793
0.0445263386 0.00952067878
-0.0242004544 -0.00659514358
-0.0154920453 -0.0268856306
-0.0665716678 -0.0460879356
0.0824702457 -0.0659485385
0.0589933135 0.00517997798
-0.000132774177 -0.00578371948
0.00832442846 0.0309853386
-0.0178959612 0.0101482691
-0.0877124742 -0.0522698723
-0.0476287715 0.100305259
-0.024240654 0.0428738073
0.00171643961 -0.0292951614
0.0243227426 -0.0326432399
0.00319815287 -0.101287529
-0.0170569625 -0.0603889711
0.000417338684 0.0644765794
-0.0160501692 -0.0274124052
0.0250698291 -0.0492215082
-0.0728886575 -0.0732886046
-0.0657364205 -0.0821409822
0.0317764021 0.0684983581
0.0573522598 0.016489828
0.0642849281 -0.0550384186
-0.000726877479 -0.0293415822
0.000992513495 -0.0591930449
-0.0243917797 -0.0850311369
0.0617788173 -0.0140610337
-0.0263528209 -0.0401650406
-0.088785179 0.0689668506
0.0314048044 -0.0343850702
-0.00773960864 -0.0185624603
0.0175717343 -0.00843398273
0.057772927 -0.0150623517
0.0396846421 0.0231753793
-0.0244286209 -0.0348098353
-0.0868857652 -0.0110487035
0.028812835 0.00700410828
0.0173035581 -0.0457994863
-0.0866457149 0.0162796285
-0.025708722 -0.00787495449
0.0207941178 0.0271532089
-0.0234122183 0.0305117983
0.0372051336 0.00207496225
0.0290600806 0.0641788542
-0.0280844066 -0.0251250826
0.0231834631 -0.0298196375
0.0584085733 -0.0333023258
0.0673467964 -0.0134140076
0.0101311803 0.0125180557
-0.0209078938 0.04136898
0.0160355251 -0.00743622752
0.0665483847 -0.0255206637
0.0574946366 -0.00879711099
0.0534722134 -0.00992857199
0.039858304 0.0426051207
0.0175439939 0.106737472
-0.0389947444 -0.0278672632
-0.0310754087 -0.0139119495
0.0520523712 0.0266903657
0.00811104383 0.003606149
-0.0841320604 -0.00731535861
0.0367623195 0.0223561488
0.0931643099 0.0292406175
0.0133540938 -0.0345281288
-0.0975669175 0.0364616849
-0.0495221168 0.0430431254
-0.0507966131 -0.0108030112
0.0162058137 0.0450209379
0.0200656001 0.0314164944
-0.0161229465 0.0514771752
-0.0499610752 0.0156346411
-0.0907627046 0.0528922528
-0.00855757389 -0.0215465557
0.0673602745 0.00186527905
-0.0188704431 0.0202190038
0.0274324678 -0.0842178166
0.0369605646 -0.0354447067
0.0806550384 -0.115911864
0.0523748621 -0.0223773178
-0.0185750257 -0.00166331558
0.0306802783 -0.0380439162
0.0469867401 -0.0499637872
0.00738568371 -0.0621186495
-0.0341535024 0.0451827496
-0.0275756903 -0.042865254
0.0218160655 -0.0244159158
0.0202106126 0.00530800689
0.0701154321 -0.0517333485
-0.000742539472 0.00550424634
-0.0535075441 -0.0229205806
0.0490050204 0.0205470864
0.0290189236 0.0299388561
0.025278531 -0.0241139382
-0.00394991506 0.0363741256
-0.0344033018 -0.00274859951
-0.0506157205 -0.0013748596
0.0106185321 0.0337013453
0.0965311825 0.000493201951
-9.60280595e-05 -0.0225572791
0.0196698606 -0.00187749811
0.0819115266 -0.0507458001
-0.0192708764 0.0081078615
-0.0131365033 0.00745798368
-0.0396632701 -0.000149351123
-0.0106632048 0.0149327666
-0.055380974 -0.0449568294
0.0104795825 0.00648922101
-0.0303489156 0.0164339878
-0.0482766107 0.106682234
0.0606522821 0.00608260324
-0.0166224036 0.00639164727
0.00679336255 0.109484091
-0.0122067127 -0.0421018526
0.0354359858 -0.0474397987
0.0299342517 -0.000542445108
-0.0802929178 0.0202528723
-0.0588985048 -0.0429756418
-0.0168837719 -0.00800872315
0.00914798398 0.0318471193
0.0232815724 -0.0417650305
-0.0414324403 0.0610415414
-0.0978695527 0.0308420546
0.0132334707 -0.00446403679
0.0367982388 -0.061699342
-0.074566029 -0.0245736167
0.0431067534 -0.0194471478
0.0623949543 -0.00890807528
-0.0153755751 0.033196032
0.0293295216 0.0481014699
-0.000794229971 0.0651093125
0.0306816958 0.0462331362
0.0276357681 0.0309017152
-0.128789246 0.0122154346
-0.0538457334 0.0877085999
0.0039812359 0.0947748497
-0.0212960523 0.0205868166
-0.00629270542 0.0604804046
0.0261188727 -0.00330880634
0.0411382467 -0.0386197269
0.00195186876 -0.0324081406
-0.0999351442 -0.0104327183
-0.0193873029 -0.00427732756
0.0847611651 0.0268759616
0.0334317423 0.0262737721
-0.0478318036 -0.0449459814
0.0291995052 0.0725995824
0.0353562906 -0.0122463601
0.0618526116 -0.043196436
0.0512894057 0.0145009952
0.0103429211 0.00800094381
-0.0151785184 0.0249496326
0.0672080144 -0.0904466435
-0.029219497 -0.0576591417
-0.0353776366 0.0380326509
-0.0337683968 -0.0340364911
-0.0401472598 -0.0443006158
0.0123780463 0.0142568294
-0.0410111286 -0.0606800131
5.72286372e-05 -0.00670062052
0.0203556679 0.0239120498
-0.0542570241 0.0185291618
0.002521049 0.0640781298
-0.060059987 -0.0626817569
0.0136490436 -0.104338512
0.0202490352 0.0775772631
-0.015582161 0.0414755531
0.0320781954 -0.0278297774
-0.0640484989 0.000674790237
-0.067159079 0.0653555319
-0.03847754 0.00771911861
-0.0477883033 0.075393185
0.00593209919 0.00345405121
0.0590968914 0.0183019303
-0.0525667481 0.101783678
-0.110690571 -0.0338654295
0.00348252547 0.0329663455
-0.0226674285 0.0388065875
-0.0344932303 0.0644277185
0.000682824233 -0.00722724665
0.075774394 0.00226593763
-0.0111520533 0.0417092927
-0.0246060286 -0.0885327309
0.0355575979 -0.0464381985
-0.0156733375 0.0311769173
-0.0897127017 -0.0451541431
-0.0132650705 0.0370248593
0.049327746 0.0477304831
0.0122651039 -0.0338910706
0.00679190364 -0.011932346
0.029995868 0.0622794665
0.0376945697 -0.0399095081
-0.0466721468 0.00749051105
-0.0117630046 -0.0113138445
0.0318718031 -0.0310227666
-0.0297677629 0.0689067692
0.0880806372 0.021371413
0.039784912 -0.0596581846
-0.0207828078 -0.0658956766
0.0149525898 -0.0586486124
0.0319418833 0.0335641056
0.0011157702 -0.00412072241
-0.00593893323 -0.100198641
-0.036525473 0.00698716845
0.0136503987 0.0425966457
0.0125314863 0.0780200809
-0.0348747037 0.00989161804
0.00669747684 0.0111381384
-0.0101329163 0.0131837372
0.000190450854 -0.0606668256
0.00745039387 -0.0374450088
-0.0627302527 -0.00702643162
0.058683373 -0.00257084961
-0.05208648 0.101778485
-0.0035621759 0.047427725
0.0704679042 -0.088158153
-0.013745429 -0.0548388623
0.0601488389 0.0216949657
0.061733868 0.00887670368
0.0619746335 0.055147782
0.0483579859 0.0553180277
-0.0159362406 0.0345035046
0.0342737511 -0.0380080007
-0.0721798688 0.0318018198
-0.0510157235 -0.0183342453
-0.0248291809 -0.091076836
-0.0273648109 -0.0169693511
0.0300444197 -0.0529287048
-0.0323713981 -0.0235627182
0.0370124951 0.0676413849
0.0387823209 0.0215124637
-0.059380725 0.0816614255
-0.0114654088 0.0347459912
-0.0718135238 -0.0256777946
0.0213389751 0.00257256557
0.0575206205 0.037290398
-0.0458991416 0.0255341046
0.0671305507 0.0123690087
-0.0298773684 -0.030853685
-0.052757062 -0.0638280064
0.0375652201 -0.00851848722
-0.00154225726 -0.0471585728
0.030365169 0.0472994633
0.0143482266 -0.0493110418
-0.050326515 0.00499192905
-0.044204127 0.0612317584
0.0297328308 -0.0175952837
0.00335334241 -0.0136239035
0.0104316166 -0.0508252196
0.00897417124 0.0387544632
-0.0571868457 0.00487877149
0.043097157 -0.0223041102
0.0500522032 0.00915325806
0.0125171626 -0.0408275984
-0.0241153687 -0.0250591077
-0.00529146707 -0.0159825776
0.027836876 -0.0250434522
-0.0276387334 -0.010166808
-0.0540898256 -0.023632247
-0.0781290978 -0.0412030146
0.0671707839 -0.109523483
0.0276921876 0.0165640861
0.0118885366 -0.0187819656
0.0333381332 0.0214316212
-0.0164942071 0.00959428214
-0.101422668 -0.0228412095
-0.0571638905 0.124210909
-0.00525880698 0.0516502187
-0.0352470018 -0.031286791
0.0333285891 -0.0115191685
-0.0496309996 -0.0607477613
-0.018335972 -0.0707703605
-0.00459026778 0.0567859784
-0.0157992058 0.0138396751
-0.0203126501 -0.0405409373
-0.074780263 -0.0478595905
-0.0543871857 -0.0450599082
0.0222991444 0.0730569214
0.0723578781 0.0292528179
0.0417993031 -0.0640235543
-0.00970077142 0.0249928553
0.00486498373 -0.0666302666
-0.080779776 -0.0590649173
0.0604240336 -0.0422197022
-0.022743566 -0.0348045863
-0.0939921886 0.0668289363
-0.0827514529 0.0246965028
-0.0150782997 0.0269113146
0.0407312401 -0.0245416854
0.0355359726 -0.0365978293
-0.002431439 -0.0311621316
-0.0596115626 0.0345409401
-0.0647080615 -0.0570346229
0.00223524589 -0.0794265047
-0.0346527398 0.0109021636
0.0291434061 -0.0902004838
0.121824577 -0.0206370465
-0.0846078768 0.0108646927
-0.0462034717 0.0124879545
0.0317325965 0.0869146138
0.00855069049 0.00916514453
-0.00622535963 -0.00751870498
-0.0509148985 -0.0296734236
0.01915038 -0.010304681
-0.0271577537 -0.00210605515
0.0606685393 -0.100130513
-0.035238497 0.0460836887
-0.0310992394 -0.0263072848
0.0412670262 -0.0346582569
-0.0434404723 0.031825915
-0.040362455 -0.00448052818
0.0287648495 -0.0138332173
-0.0124851307 -0.0132377436
0.022038145 0.00419570319
0.0675474405 0.00170336186
0.0155682648 -0.0596320853
0.0175713636 -0.00628717197
-0.0615364648 0.011661943
-0.0583306514 -0.0432365015
0.063792564 -0.0253075734
-0.0242425632 0.026970312
-0.0383881889 -0.0284123346
0.0594407208 0.0109282741
-0.0173904952 -0.0103060938
0.000250402634 -0.0508362129
0.0270128585 -0.0357798375
0.00516286073 -0.0781144723
0.0128689753 0.00333008193
-0.00975697488 -0.0172085464
-0.00423087971 -0.0321913883
0.0629634559 0.0290021282
0.0044117216 -0.0178537276
0.0462567583 -0.0178119317
0.0471368618 -0.018963255
-0.0198785551 -0.0135926669
0.0310017914 -0.00114037318
0.047548309 -0.0439641252
0.0436261222 0.0259298235
0.0138077429 0.0111495536
-0.0292362403 0.0238475502
0.0579347908 0.0326967165
-0.0185430981 -0.023669932
-0.00812643021 -0.0578701384
0.0274120104 0.0284585208
-0.0687455013 0.0203406252
-0.0713917613 -0.0292781983
-0.0405499041 -0.00392044801
-0.0422185175 0.0319873244
0.00710945902 0.0344186351
-0.0184680205 -0.0447184928
0.0515982658 -0.0616279542
0.0723523349 -0.00897266995
-0.0104362927 -0.0149569595
0.0481404252 -0.0340403169
-0.00928914174 -0.0218565837
-0.0576480031 -0.033767052
-0.000318927283 0.00102695473
0.0230851844 0.0281307399
-0.000605394715 -0.0228589475
-0.00617779652 -0.0495215282
-0.0671081692 0.00959215686
-0.0706764832 0.0496182851
0.00666855136 -0.114649341
-0.076977089 0.00504698977
-0.0363102481 0.0610494837
0.0268995911 -0.0794878453
-0.0282191876 -0.0128224203
-0.0475117713 0.0366129391
0.00647839578 -0.0340212137
0.00921052136 -0.110554412
0.0417711958 -0.00525676785
0.0830381513 0.033854533
0.0757099763 -0.0284062065
-0.0101757338 -0.0303984173
-0.0071317656 0.0423992015
-0.010180274 0.0175199304
-0.00594082102 -0.0241785571
-0.0956924632 0.0449531823
-0.04232838 -0.04001287
0.0130892619 0.00494793756
0.0400277637 0.0268773604
-0.00545293465 0.020861771
-0.0740709007 0.0800205842
-0.00835079979 0.00320157805
-0.0017904659 0.0173832886
-0.037677899 0.0443690382
0.0485399216 0.0697291866
-0.0587294698 0.0170730036
-0.0229470376 -0.107817002
0.0303727444 -0.0371366367
-0.0717872456 0.0438301936
-0.0718609542 0.0251535084
0.00113473006 0.0426776409
-0.0100583332 0.00654444797
0.0152870454 0.00381910498
0.0657075718 -0.00325717125
-0.0264457501 -0.0230703708
-0.0215900671 -0.056347575
0.0414629653 0.052112639
0.0267406013 0.0615274459
0.0744875073 -0.0277117975
0.00216686563 -0.031239083
0.0175894424 -0.0301355552
0.0513465516 0.024566073
-0.0332255885 -0.027612539
0.0466581099 -0.0135197788
-0.0596463755 0.0219143294
-0.0556102283 0.102407441
0.0143604549 0.107408904
-0.0624672361 0.0131150959
0.0648098439 0.0545015633
0.0869311988 0.0358895734
-0.0349668264 0.00494637759
0.00229421374 0.0201975312
0.0165405683 0.0155043267
0.0296907835 0.0563969798
0.001910922 -0.0309823193
0.0280280057 0.0182721168
-0.0118187694 -0.0200402718
-0.0108869048 0.0118658589
-0.0113067925 -0.0228790641
-0.0140847191 -0.0173848365
0.0140329627 0.0675020814
-0.00875625294 -0.0193043761
0.0632735789 0.0677469671
0.113545559 0.000635038188
-0.0266505331 0.0028591915
-0.0364301875 0.0518194176
-0.0156545602 0.0381664075
-0.0632100776 0.00392456865
0.0140258046 -0.0808409601
0.0760390982 -0.00144537422
0.0521419309 0.0575531833
-0.0557862036 0.0902394429
-0.00605009682 -0.00855985377
0.00828623865 -0.0694651082
0.00525697367 0.0210317671
0.0546764471 -0.017295938
-0.000264654256 0.0103836106
0.0286154989 -0.055415988
-0.00751444558 -0.0361067429
-0.0727073103 0.0591808334
0.0148379011 0.00430157548
0.00414837943 -0.01973233
-0.0322748795 -0.0148153417
-0.101441562 -0.000324806169
0.00224186317 0.00621605432
0.0362647995 -0.028875526
0.020927716 -0.00750974752
-0.021138411 0.0105509879
-0.0589249805 -0.039274767
0.0423503779 -0.0266518909
0.0303976815 0.0359371454
-0.0389521644 -0.00818623044
-0.0509878024 0.0487755835
-0.0146010341 0.00466180034
0.0255254172 -0.0517798439
0.005982826 -0.0724418387
-0.0343912244 -0.0999192148
-0.0414150357 0.0628266931
0.0532706007 -0.0352305919
-0.0237651486 0.0550920479
-0.0644593984 0.0769754052
-0.00260895654 -0.0508704931
-0.0436678268 0.0460955873
0.00991225801 -0.0163317118
0.0804126039 0.0393732078
0.0826357231 -0.0288419239
0.0214685109 -0.0371250734
0.0234016906 -0.0255134143
-0.0148291094 -0.0310408417
-0.0552532226 0.102277823
-0.039931085 0.0348558798
-0.0481570885 0.0867029354
0.0064233751 0.0306020547
-0.010434567 -0.0375659131
0.0362234265 0.00455415389
0.0315818302 0.0626441315
-0.0136195654 -0.0125141665
0.00676043145 -0.0565430485
0.00597530091 -0.00621468108
-0.0346693471 0.0242883712
0.0207106881 0.0342356674
0.0396388918 0.0529027916
-0.0527215004 0.000455205707
0.0581043512 0.0176309291
0.036408823 0.00871393178
0.00799309183 -0.072354354
0.0141110597 -0.0169618875
0.045617003 -0.00324379443
0.0437283926 -0.0503824353
-0.0668514222 -0.00125093572
-0.0214127358 0.0204766244
-0.0792391524 0.029452417
-0.0106586441 0.0178799722
0.0264123362 0.0064641186
0.0175688956 -0.0458580814
0.0104863243 0.050338421
-0.0683716685 0.0638241693
-0.0214882642 -0.0182279702
0.0170755424 0.0716063231
0.0475942194 0.026390478
0.00205227337 -0.0226118416
-0.0192102809 -0.0870767385
0.0751087144 -0.0340944715
0.0981414542 0.0258739963
-0.0123105748 -0.0712702498
0.060844373 -0.0163305011
0.0628846511 -0.0204394162
0.0138979871 -0.0120228156
0.103340045 0.0733663291
0.0322867259 -0.0620387271
-0.110846452 -0.0500813127
-0.0925869569 -0.0394470468
-0.016826747 -0.0172191393
0.00809477083 0.0403444283
0.027791936 -0.0533550344
-0.0111188432 6.30096838e-05
-0.0116261644 0.00669147028
0.0284789093 -0.0122586004
-0.0316617787 0.0949482918
-0.0359733105 0.0164785665
0.0248237923 0.0539985858
-0.0794402286 0.146298468
-0.0512554683 0.0353354551
-0.0147108417 0.0562752932
-0.0645751432 -0.0581790209
0.0154728051 -0.0726205036
-0.0180244055 0.00979841314
0.00752534624 0.0630574524
0.0121258702 0.0799139068
0.0466924608 -0.0173621308
0.0012669923 0.0117029985
-0.00814452022 0.0729177967
0.0237643849 -0.00123261637
0.00859627128 0.0232117176
0.0244657602 -0.00518195797
-0.0309612136 -0.0118653793
0.0120184757 -0.00125868327
0.0554704443 -0.0230590161
-0.0122239282 0.0148019185
-0.0485049039 0.0301504619
-0.0644404069 0.016069524
-0.0207097083 0.00678429846
0.0414476991 -0.0574201643
0.0416116305 -0.0719909146
-0.0189887155 -0.0227982588
-0.0841590762 0.0321341157
-0.0814774111 -0.0313229337
-0.00491209794 -0.0563818961
-0.0479587577 0.0298408531
0.00781345554 -0.040623337
0.1035285 -0.0517926514
-0.0399558507 0.0162562001
-0.0351073481 0.0329145417
0.0482402705 0.082826063
-0.00178641244 -0.0205178931
-0.0409367979 -0.0221641045
-0.0188542828 -0.0709023774
-0.0195539352 -0.0605523586
-0.0267818179 0.0284161363
0.0198877342 -0.0833346844
-0.020110365 0.0287043769
-0.00976776052 -0.0147819482
0.0424396545 -0.0525452904
-0.0548691712 0.0346633866
-0.0519408062 0.00854123943
0.00741540594 -0.00759707484
-0.000678215525 -0.0112849865
-0.0130438274 0.03518188
0.0518708453 -0.0154655259
-0.00832961034 -0.0380610749
0.0515425727 -0.0166447144
-0.0208910648 0.0103627406
-0.00283554127 -0.0310806725
0.0735926479 0.0465838723
-0.024314573 0.00959966891
0.0347818546 0.0374692604
-0.0011716045 -0.0132170375
0.00755066844 -0.0471927263
-0.0171026047 -0.0118744355
-0.094491154 0.0114908852
0.0182112716 -0.0407171212
0.0194421522 -0.0352703556
-0.0116575835 0.0188367665
0.0303666368 0.0445450693
0.02818528 0.0211433079
-0.00431200955 0.0341349542
-0.0132607315 0.0349712074
0.00644201087 0.00478008483
-0.0234135725 -0.0446652658
-0.0103578065 -0.0289314818
0.0160463825 -0.0825057477
0.0473015159 -0.0569876432
0.0805341154 -0.0299348142
0.0383322984 -0.0356403515
0.0279552713 -0.00682614418
-0.0243046079 -0.0536412485
-0.0259436686 -0.0659533665
0.00169130904 -0.0470202081
-0.00679419376 0.0122999018
-0.023278486 0.0125393718
-0.00186281663 -0.00265156524
0.0450137146 0.0271639805
0.00788229704 -0.012889944
0.0249894168 -0.0711420923
-0.0595148876 -0.122239798
-0.00957321469 -0.0190582946
-0.0555369481 0.0578208007
-0.0837795362 -0.0722282156
0.0411080569 -0.0275482628
0.00193601474 8.07245742e-05
0.0586429462 -0.0416324288
0.0309772287 0.0189965013
0.00376037066 0.0676202849
0.0437432006 0.0656636581
-0.0265183803 -0.0792836323
-0.0159838349 -0.120942049
0.0107863117 0.0528340861
0.0556094758 -0.0436612517
-0.00642974582 0.0272181947
-0.0531835109 0.0333505161
-0.0144540286 -0.0839344636
0.00467780326 0.0120597444
-0.0720114261 0.0055585918
-0.0646437109 0.00654297695
0.0741875544 0.050127048
-0.020393556 -0.0475782752
-0.0536818169 0.0304503683
-0.00215352606 0.00592288747
-0.0613559783 -0.112202741
0.0122371269 -0.00777784316
0.00792020373 0.0752110407
0.0256338362 0.0246103741
0.0492202155 0.00209494215
0.0648339242 0.00848152768
0.032337524 0.00289483322
0.0775665194 0.0600052737
0.0377168097 0.0327879079
-0.0636424646 -0.0152946403
-0.000218037516 -0.00677017029
0.0409557968 -0.0322133079
-0.0454769917 0.00965135638
-0.108777545 -0.00138372416
0.0212866012 -0.0675969198
0.0305855721 0.0156522542
-0.0804106891 0.0459807515
-0.00382742542 0.0128868548
0.020499777 -0.0257936101
0.0196746066 0.0246976577
-0.0162390862 0.0407012478
-0.0567317344 -0.0305881612
0.0295972992 -0.0492082275
0.0236970037 0.00909589883
0.0059574591 -0.0271556824
0.0330666229 -0.0104841189
0.0480456017 -0.0247477014
-0.0466276892 -0.0091952933
0.0115631772 -0.0956612676
0.0209160801 -0.005927769
-0.0731684566 0.0800852105
0.0466860719 -0.026301939
-0.030645892 0.059345115
0.0198076442 0.0372707583
0.0295388568 0.0763964802
-0.0343598463 -0.017424956
-0.0191346016 -0.0948112682
-0.012735337 0.00794611499
-0.000344186497 -0.0668030009
0.0292507131 0.0427780114
-0.0433481112 0.0238769893
0.00688186334 0.0305513944
-0.0519115962 0.0705539808
-0.031089766 -0.0531073101
-0.00846820511 0.0137276659
-0.0295496937 0.0558612347
0.0135580944 0.00350489491
-0.0391645581 -0.0825199634
-0.0289419014 0.0167358015
-0.0442274958 0.117172725
-0.0498187989 -0.0455089025
-0.0284828413 -0.0267540421
-0.0584681071 -0.0916689262
-0.0808707476 0.0138971424
0.0640063062 -0.0398056321
0.0322489776 -0.067573756
0.0830710232 0.0414714217
0.0883811265 0.0568164438
-0.0157051999 0.0659827814
0.0652761981 0.017512355
0.0877862126 -0.0035495162
-0.0268388484 0.0331235863
0.0288595539 -0.00508144777
0.0274866577 0.0512220003
-0.0238262489 0.00213148165
-0.0811046436 -0.0396339297
-0.0866165012 0.0331883207
-0.00337498891 -0.0657074675
-0.0285254717 -0.0554648452
0.0461180434 0.0423298925
-0.0163077917 0.0641321391
-0.0505781472 -0.0226454791
0.0767292157 -0.0210214071
0.0198881309 -0.00492109265
0.0312360544 -0.0208448954
-0.0113015436 0.0170188304
-0.0133309681 0.00270439265
0.0250971951 -0.0744944066
-0.0280908346 0.0449709296
-0.00471221004 0.00128521107
-0.045538526 -0.0906135961
-0.0159244314 -0.0237722285
0.0526557751 -0.0152494377
0.0349544324 0.00338038406
-0.0381302312 0.0203911625
0.00106603035 0.0510886759
0.0614210255 0.0195647404
0.0386274718 -0.0127273835
-0.00017090101 -0.0182937253
-0.00302981562 -0.0187244192
-0.0602857098 0.0522462204
0.0645317137 0.10804902
0.0822936222 0.0284803752
-0.0222362801 0.0463863388
-0.0108743459 -0.00923579466
-0.0267312489 -0.0563117228
-0.0136791673 0.0515801907
-0.0399864651 0.0716337413
-0.00839872938 0.0321269892
-0.0199280884 0.0106902104
-0.00277327676 0.047139965
0.0276453402 -0.00999886915
-0.0490819104 -0.0524090417
0.0318377055 0.117209166
0.079578869 0.0832874328
0.0129370308 -0.0128639173
0.015139753 -0.0123457639
-0.0390152447 0.00605296204
-0.0270472877 0.0345108323
0.0123022404 0.0149195278
-0.0838315934 -0.0451083891
-0.0173757542 -0.033219032
0.0285337586 0.0377555676
0.0410840102 0.00911246054
-0.0371120907 -0.0805302933
0.0442050099 -0.0663473606
0.00833636802 -0.0756208152
-0.0685113221 -0.028698029
-0.0258582979 0.0351674296
0.0342875607 0.0353516527
-0.0118760113 -0.0182463825
0.000326920155 -0.0253352262
-0.01756691 0.0214166045
0.0317127444 0.0273213629
0.0589877963 -0.0140507808
0.0141495783 -0.0251810513
-0.028850425 0.0105771115
0.0585960075 -0.0259861499
0.0316382647 0.0349519178
-0.00162646896 -0.0662092716
0.0246163104 -0.028757412
0.0945216566 -0.0176306628
0.0311223306 -0.0435003825
-0.0485426225 0.0442900434
-0.0401291549 -0.0175227728
0.0136555173 0.00406956905
0.011633927 0.00453653513
0.00455098832 -0.065529272
-0.0307806153 0.00722305104
0.0117919808 -0.0339980163
0.0101256454 -0.0832884386
0.00678903516 -0.0384200737
0.0160757825 0.0358961783
-0.0234380346 0.0613783486
-0.0226142015 0.0738840625
0.0151976161 0.00333594438
-0.0431347936 -0.0447491147
-0.0599612407 -0.0316383243
-0.0165165067 0.0441311412
-0.0260785744 -0.0654227361
0.00481399475 -0.0512451082
-0.0337334462 0.0514455847
-0.0409982055 0.00962855481
0.0180034637 0.0754604042
-0.0151128313 0.083988592
0.100733779 -0.0329242982
0.0534460843 -0.0427658409
-0.0388147905 0.0466429815
0.0573552288 0.0799820498
-0.0352581255 -0.0336434543
-0.0325465798 -0.0553923361
-0.0341020115 -0.00359268789
0.0149435876 -0.0395021699
0.0498614013 -0.0442544334
-0.00846750569 0.0537094884
-0.0132721402 0.019424513
-0.0326295085 0.0211424474
-0.00187444547 0.0767142624
-0.012291396 0.00709649129
-0.0293066055 0.0701681226
-0.0564613119 0.0822711363
-0.0714847669 -0.0723851919
0.0406391807 0.0406278446
0.0265171006 0.04735706
-0.00633576978 0.080840908
0.0300503597 0.0992194861
-0.079378359 0.0360791124
-0.0336547755 -0.044233717
0.0164247751 0.0627534464
0.00367689482 -0.00123307656
0.0603234991 -0.0697004348
-0.0352551155 0.0965655297
0.034292832 -0.0182223246
0.0565440543 0.0464479439
0.0352359377 0.0352965593
0.0597854778 -0.0619776025
-0.0409373716 -0.00466396287
0.0343500786 -0.0136262449
-0.0300031453 -0.0827676952
-0.00713176606 -0.00617232127
-0.0288570039 0.0158140231
-0.114132635 -0.0245238207
0.0143772941 -0.0250135846
0.0322504528 -0.000489982194
-0.0294477344 -0.0592995808
0.0258819051 0.0755927116
0.0260864068 -0.00768589741
-0.0262211245 -0.0736931488
0.0338067375 -0.0165036302
-0.0198979713 -0.0171867609
-0.0319615267 -0.0430592373
0.063079834 -0.000932742143
0.0054343869 8.88940667e-06
0.0108880457 0.0469367467
0.0224919543 0.00728955399
-0.0184882171 -0.0302917194
0.00629860396 -0.00982232019
-0.061996948 0.0237141512
-0.0113351671 -0.0184463114
-0.0047779982 -0.0242693592
-0.015819272 0.00909952261
-0.000275134167 0.0474617407
-0.000935945136 0.0527308322
0.000887965551 0.0203508139
-0.0222337618 0.0362927578
0.0303297713 -0.00328564388
-0.0117820567 -0.0275322385
-0.00472447323 0.0112676416
-0.00960926339 -0.0468443669
0.0599148385 -0.0574960448
0.0810592622 -0.0278916638
0.0317521468 -0.0455723256
0.0141923577 0.00333307614
-0.0447398759 -0.0491620786
-0.0457026213 -0.0946217328
-0.0185477939 -0.00535362586
0.0284122359 0.0395457447
-0.0292515531 0.00852497667
0.0255048983 0.00135332742
0.021302158 0.0237580705
-0.0225418862 0.0326493643
0.0058299033 -0.0444449969
0.0501772985 0.0401473343
0.0432907976 -0.0659609586
0.033526428 -0.0405662991
-0.00577330729 -0.00676093856
-0.00421972247 0.0125650847
0.0900412649 0.000680111465
0.0168416314 -0.0129305841
0.0664028302 0.00123428111
0.0186753869 -0.0456443354
0.0377865881 -0.0231994037
0.00761956954 -0.069210127
-0.0230341982 -0.0370933451
0.0672059655 -0.00701948442
0.005338619 -0.0301212799
-0.0173639525 -0.0519491322
-0.0579830892 0.0918756351
-0.0728040636 -0.0239443537
0.055624418 -0.0945793018
-0.00214175996 0.0334717892
0.00350272632 0.0209154971
0.00739226071 0.0536144748
0.051847145 -0.0423150994
0.0517626069 -0.00992536638
-0.0460693277 0.0230461992
0.0342775099 -0.109669596
0.00308094895 0.0179394633
-0.0973038599 0.025588356
0.0324920788 0.0370188616
-0.00266361772 0.0227599293
-0.0512957349 -0.0286753457
-0.0147026153 0.0238144882
-0.00638636714 0.0242099687
-0.0515513979 -0.0484470874
-0.008674399 0.0293526277
0.00564773707 -0.014472954
-0.10881798 -0.050278984
-0.111475699 0.0234110784
0.0566586927 0.0095135197
-0.0131336572 0.0462451167
-0.0602970645 -0.0157996044
-0.00668735243 -0.0567666478
-0.0258876551 0.00962417759
-0.0315850042 -0.0135598816
0.0197098199 0.0083472589
0.05119491 -0.0568488874
0.0219289809 -0.0940418094
0.0122813489 -0.0308582075
-0.014791199 -0.0212867782
0.05618288 -0.0625087023
0.0787016824 -0.0174978301
0.0114094839 0.0701849163
0.0585802533 -0.00330770807
0.0140068633 0.0410086103
-0.0588875599 0.0625091121
-0.0158425011 -0.0700941682
-0.0103002014 -0.0637102872
0.0256696939 0.0159121808
-0.0271626692 0.0725228339
-0.0246560425 0.0609612614
0.0458528847 0.026524568
-0.0867049024 0.0099774925
-0.0814274251 -0.0842217803
-0.00699445745 -0.0153668234
-0.063443616 0.0132819302
0.0326646529 0.000870201096
0.0478697717 0.0222338215
0.0199858472 0.0395923816
0.0155936824 0.0161475744
-0.00940134842 0.0200160462
-0.0421265438 0.0080166813
0.052122727 0.00945172831
-0.0282601658 0.0107110878
-0.0277218521 0.0369578898
0.0297089033 0.0208019577
0.00532832835 -0.0747738034
-0.000813743391 -0.0507714003
-0.0776719972 0.00190424069
-0.00807665009 0.0173017103
0.0501965508 -0.0309135988
0.0521189608 -0.0321991704
0.0471986681 -0.0482111424
0.0789794251 0.0550005548
-0.00910720322 0.106340431
-0.0222437084 -0.0483609214
-0.00829365477 -0.0531682149
-0.0431181714 -0.0314177088
-0.0226200651 -0.0216463003
-0.0730598569 -0.0299322493
-0.0997320786 -0.0780665204
0.0395785496 0.0735912994
0.045410607 0.0306228902
0.0191106517 -0.0154625513
-0.0297827255 0.00604717387
-0.0355170034 -0.0060347938
-0.105395421 0.0377979949
-0.000382670551 -0.0243337993
0.0206493698 0.0530833825
-0.00392805366 0.0360524803
-0.0240689907 0.053669408
-0.0484477654 0.0528307483
-0.0298502669 -0.0480121002
-0.06304124 0.0160358381
0.00431586755 -0.0162679311
-0.0361032486 -0.0449055322
-0.0196773242 0.0512688719
0.0338788293 -0.0376131423
0.0270487554 -0.0220130645
0.101780549 -0.0243815724
0.0772807524 0.0349955894
0.0358382948 0.0125928288
0.0135906721 0.0298787206
-0.000225004056 0.0426260643
0.0601244718 -0.0218011308
0.020134991 -0.0348982625
0.063770175 -0.0498629026
-0.00598795433 -0.0109969284
-0.0384468623 0.075368233
-0.0281351432 -0.0630498677
-0.023381127 -0.000904693094
0.0296592601 0.00328603014
-0.0035314078 -0.027626859
-0.0477540828 0.0654258206
-0.0408077873 -0.0283760764
0.00946125388 -0.0338067301
0.0705741718 0.000329051225
0.024232382 0.00841523986
-0.0303091519 0.0207371861
0.0186439864 -0.0443623066
0.0548305735 0.00987925846
0.0204736535 0.0279614348
-0.0654326454 -0.00409602141
-0.0789890215 0.0328912586
0.0431304425 0.0539353862
0.0401148237 0.0635298043
0.00621200865 0.00636766339
-0.0109397527 -0.00761120534
-0.0258378312 0.024245467
0.0366835482 0.03512685
-0.0263863932 -0.0873310491
-0.0634988472 -0.0164674483
0.0300273094 0.0209205486
0.0589994267 0.041561082
-0.0596890561 -0.0330558307
-0.0362926573 -0.0288232435
0.00834262557 -0.0302585922
0.0322682299 0.04877479
-0.00396592449 0.139839932
-0.0293360166 0.00472657196
0.0751846209 -0.0155036645
0.021386832 0.0433975868
-0.0497613698 0.020324925
-0.0169370901 0.0753463805
0.0306201689 -0.033889927
-0.0589402728 -0.0437238626
-0.0281115249 0.00643116329
0.0259495806 -0.0154070556
-0.0279539097 0.0347196497
0.0334657542 -0.0197515506
0.00469490979 -0.0302582476
-0.00303132366 0.0339007564
0.0450163968 -0.0195407923
0.0150859365 0.0309417024
0.076336585 -0.006269556
0.0214420781 0.0529827215
-0.0472113565 0.0524576008
0.0574001744 -0.0512044504
0.0793992952 0.0371731594
0.0392400585 0.0394823998
0.0566088222 -0.132798731
0.102994688 -0.073586978
-0.047609251 -0.00470328052
0.0111748669 -0.0311802477
0.0223341864 0.02902974
-0.0549714752 0.0780651718
0.0207626969 -0.0218947381
-0.069993116 0.00447505014
-0.0014926024 0.00310947443
0.0525482632 -0.0159796774
-0.0166962706 -0.0294393264
-0.00293165818 -0.0909442008
-0.00157279277 -0.0866551399
0.0180892888 0.0271994844
-0.00399217382 0.105995439
0.0422691219 0.0243665352
0.0391948633 0.0462112725
0.0490861535 0.0413392037
0.0967287719 0.00124839076
-0.0393416844 0.0764742941
0.0156704467 -0.0799661055
0.0102654686 -0.0556975082
-0.0339532159 0.0311379004
0.0187097713 0.0151402997
-0.0582462437 -0.0182135422
0.0227367096 -0.0666587427
-0.0576489605 0.0297076274
0.0142395105 0.132600173
-0.0093247192 0.0193912201
-0.113297127 -0.0310317688
0.00746395579 -0.0152790155
0.01048717 0.0745130405
-0.00889782701 0.0749315098
-0.0185222067 0.0164071117
-0.0330078788 0.0481772907
-0.088463068 -0.0384639464
-0.0533811115 -0.0261022858
0.0596466362 0.0263686776
-0.0122595588 0.0122084785
-0.018969655 0.089883402
0.0521655306 0.0483098552
-0.0146388309 -0.0317172781
-0.0640969425 -0.06140678
-0.0911360532 -0.0508944169
-0.00148684531 0.00545675261
0.0484477282 -0.0191055145
-0.0190872643 0.0323559679
-0.0187753346 -0.0306265671
0.0731357932 -0.00877843145
-0.0463401936 -0.00289764814
-0.00870674476 -0.00619981159
0.0499427132 0.0521482863
-0.026125323 -0.00488420483
0.0274678133 0.064102225
-0.0791758299 0.0346300788
-0.0225572456 0.0242254715
0.00469200546 -0.00145028275
-0.0839672908 -0.0457511246
0.00463926652 0.00489144679
-0.00400857814 -0.010726775
0.015762195 0.0795442089
0.0167889763 0.00108522817
0.024920838 0.0905380398
0.00924501754 0.0140212253
-0.0326296613 -0.0792332068
-0.0310948007 0.0627286062
0.0717722252 -0.0906840414
0.0853320807 -0.0351237915
-0.0723385364 0.0599225909
0.00309171015 -0.0347028375
-0.0303048044 0.0325070284
0.0190146845 0.0458230041
0.0895492956 -0.0565270297
-0.0674562305 -0.0223234128
0.0143008484 0.0943708867
-0.0083723329 0.0191614237
-0.0112972753 -0.0135536278
-0.0549805984 0.0517882816
-0.0607393831 0.0155306254
0.050213743 0.0566316247
0.0355459042 0.0291662291
0.00193645852 0.0175476223
0.0399580859 -0.0781585127
0.0335870311 -0.0794795975
-0.0581899807 -0.0256818179
0.0108113484 -0.0533763804
0.0136769358 -0.0850086883
-0.022170255 0.0239723846
0.0597206093 0.0371530168
0.032469146 -0.0881530121
0.0345612392 -0.0241630618
-0.0134627689 -0.00838266034
-0.00260146661 0.0237060152
0.0805884153 -0.00600037258
0.0106501738 -0.023506036
0.0836696923 -0.0429088213
0.0189747494 0.0236442164
0.0187547207 -0.0488059968
-0.00723772962 -0.087545909
-0.00495241536 -0.0217032973
0.0816936269 -0.000973997114
-0.00483837631 -0.0548343621
-0.00808355026 -0.054345984
-0.0285361242 0.116424181
-0.0741197094 -0.0178421512
0.023317432 -0.0955624357
-0.00784822647 0.0401289277
-0.0277248137 0.0364562683
-0.00324690226 0.0474663489
0.0571218804 -0.0280993804
0.0380771793 -0.0261734258
-0.0590571538 0.0335423723
0.0203253087 -0.0915384293
0.0317116342 0.0182084534
-0.0517991111 0.0423505269
0.0693644285 0.0160625149
-0.00450914353 0.0174866095
-0.0505646132 -0.0112863202
0.00852133054 0.0706248283
-0.0316701159 -8.52132434e-05
-0.0151298959 -0.111017644
-0.0375605077 -0.0269258637
0.0236045998 0.0404851511
0.0317499936 -0.02272778
0.031301368 -0.0335573703
-0.00814913306 -0.0215502232
-0.018257333 0.0270177405
-0.00638521556 -0.0859198645
-0.0479455367 -0.0275751017
-0.0295143351 0.00222960999
0.00157136424 0.0148524465
-0.0903146937 0.0406309702
0.00682301493 -0.0213201232
-0.0511239506 -0.0703661516
0.00585746439 -0.0576440766
0.0931396782 -0.0401950255
-0.0562062524 -0.0231612679
-0.00463148113 -0.000883229135
0.0338481143 -0.0116899423
-0.0652249083 -0.0494630523
-0.0535762534 0.0593103133
-0.0860855132 0.057221625
-0.0651316196 -0.0216323417
-0.00550792972 -0.0773258656
0.0175262708 -0.0690865368
-0.00571419019 -0.0710443929
-0.00786898658 -0.0188387409
0.049234625 0.0427869484
-0.0016208787 0.0169308484
-0.0136064552 0.0611162446
0.0289731659 -0.0304412935
0.0451059937 -0.0106502539
3.71384594e-05 -0.00592840463
-0.0177987535 0.000561790308
-0.00883216318 0.029353926
-0.0239693578 -0.052442342
-0.0729073361 0.0158590097
-0.0115362285 0.0566657074
-0.0523113906 0.0271633752
-0.0580201373 -0.0402675569
0.0285504442 -0.0949751586
0.0361768156 0.0341650881
-0.0640128478 0.00221633818
-0.0909758061 -0.0133985598
-0.0335302204 -0.0183453076
0.0220639594 -0.0949742943
-0.017512938 0.0304032378
0.00738595519 -0.0628342256
-0.00648512738 -0.0753554478
0.0153911356 -0.0108359354
0.0963734984 0.100881979
0.0104342317 0.044037614
0.0113888495 0.0432081632
0.0298817772 -0.00831206236
0.040721219 0.0462302417
-0.037169598 0.00861637853
-0.0419753902 -0.0510651097
0.0831834301 -0.0108321859
0.0693215504 -0.0803151131
-0.00078493898 0.0413115323
-0.0264198929 0.0563785955
0.00686453655 -0.0113232946
-0.0665761605 0.0120005971
-0.026176583 -0.0198911745
-0.0325505622 -0.0175698008
0.0100155137 -0.00304336078
0.0738594308 0.0295749232
-0.047034122 -0.0187239926
-0.0317470543 -0.0396065637
0.0796148032 0.0119624687
0.0175012052 0.0409714691
-0.044497896 -0.0177805498
-0.0619488247 -0.0657386109
-0.0647270307 0.0573372021
-0.00288171857 0.059653949
0.0760824159 0.07035546
-0.0177335367 0.0243366882
0.000406146486 -0.00469390955
-0.0197196305 0.0217397213
-0.0993937105 0.015432857
0.010975657 -0.0245500654
-0.0529726595 0.00435922388
0.0137211746 -0.0312561058
-0.0141988145 -0.111527644
-0.0499299653 0.0208171997
0.00744415401 0.00126389461
-0.0413346626 -0.0034884247
0.002501796 0.0130176805
-0.0501075983 0.021158509
-0.0348678678 0.0493381955
-0.0060735913 0.0809266418
-0.0211280137 -0.0292452872
0.0370771736 -0.0415826589
-0.0109794391 0.0495641008
-0.000252003956 -0.0421208255
0.0216692444 -0.0348105133
-0.0667459443 -0.0413746908
-0.0124595342 -0.0555431433
0.0544338748 0.0585364699
0.0312014669 -0.0229550414
-0.00508677354 -0.0202853829
-0.061621666 -0.00520026824
0.044106409 -0.0323467329
0.141918838 -0.0311416071
0.0550218038 -0.0223857295
-0.0107535115 0.0726798475
0.0206010602 0.0341066383
0.0449846238 -0.00713910395
0.000176225789 -0.0215226356
0.00326793594 -0.0622637086
-0.00550475111 0.0667464137
-0.0605025552 -0.00587687455
0.00014069723 -0.0393402539
0.0487929508 0.0400858782
0.0226453207 -0.021850504
0.00951090828 -0.00888909679
0.00522509636 0.0269235466
0.00103706063 0.0204613991
0.0386211015 0.0164823886
-0.0872611552 -0.0438466109
-0.0478085019 0.0246227775
-0.0331475921 0.0656148344
-0.0504881553 0.0060964888
-0.0583190545 0.092054829
0.038640026 0.0449956022
0.0770246387 -0.0453955494
-0.0900394022 -0.00238900655
0.014073628 -0.0155308805
0.038973514 -0.0489658937
0.00863598846 0.00948832929
0.023886783 0.0198181886
0.00916214101 -0.0362846702
0.0689757392 -0.000571888813
0.00955374446 -0.00956629217
-0.0198723432 0.0744234994
-0.0161688793 0.0225424636
0.055848632 -0.0375594199
-0.00654106075 0.010058701
-0.113417007 -0.000797859568
0.035727188 0.017626442
0.0311075673 0.00607209234
-0.0362827964 -0.00819631293
-0.0287834853 0.00149619218
-0.0467691794 -0.0608921498
-0.0301290657 -0.038488131
0.0140348291 -0.0289366096
-0.000407168554 -0.00357460254
-0.0343256146 -0.0765201598
-0.00909834355 -0.0431174189
-0.0305532049 0.0806696862
-0.0372419246 0.0485502966
-0.00259925518 0.0383460708
0.00382725033 0.051696986
-0.00742765097 0.0119870324
-0.0353887938 0.00275794975
0.0128263738 -0.0802601352
-0.0331325121 0.0144618349
-0.0161456708 0.0178010743
-0.0190954618 -0.0594479144
-0.000788432895 0.0271863043
0.0393340774 0.0421700329
0.000756327121 0.00492941169
0.0672679469 0.00942701194
0.0723928958 -0.076807037
-0.0426120684 -0.0113982605
-0.0544789545 -0.07576105
0.018886229 -0.0450882167
0.0331787765 0.0418779179
0.0154401017 -0.0550154522
0.0643437654 -0.0131616239
0.0678122118 0.0373434387
0.0197995491 0.0401014276
0.020697441 -0.0727681667
0.0536448658 -0.0111919576
0.0319263339 -0.00321250083
-0.0702704787 -0.0704853982
0.0260621421 0.0588764623
-0.0489494279 -0.0376588814
-0.0870363787 -0.0712557659
-0.0166976936 0.00671873474
-0.0451177694 0.0721716285
0.0291188806 0.0635078922
-0.0513371564 0.0165994931
-0.0517287292 0.137988031
-0.0320292152 -0.0153716523
-0.0177501757 0.0191969443
0.0961375609 0.0110381655
-0.021964673 -0.0250058454
-0.0448962189 0.0434361435
-0.0105799288 -0.0451248586
-0.0174735505 -0.0354136005
0.0670305192 -0.0148060173
0.0283139069 0.0373883918
0.0237337928 -0.050685972
0.0180008169 -0.0524651743
-0.0383920185 -0.00665875617
-0.0310059898 0.0688168406
0.0491132066 0.0489328802
-0.000187430036 -0.0704388767
-0.0228613373 0.0237701852
-0.0109421741 0.0689021125
-0.010275892 0.0659418926
0.00415857416 0.119021773
0.000839495275 0.0667158142
-0.0584128462 0.060335245
0.0105322413 -0.0154918171
0.137265384 -0.0357172191
-0.027210677 0.0301828068
-0.0178683884 0.0349189714
-0.00329571194 0.0251188632
-0.0350830294 0.0874277204
0.0510741249 0.112091959
0.024626255 -0.0358040258
0.0331249908 -0.00651737675
0.00328375702 0.0223229304
-0.0112643261 0.00535178091
0.0528613031 0.0654060096
0.0495592058 0.0221246891
-0.0331577733 -0.0460133776
-0.0248588696 -0.0525632873
0.0348140486 -0.0447099842
-0.0179848541 -0.00739839626
-0.0115911793 0.00498650456
0.0654382259 0.026418969
0.00974418782 0.0260749906
0.00975301396 0.0252546445
-0.0159454606 -0.00740165869
-0.0230411384 -0.0442100875
0.0208704174 0.00653694244
0.0393144563 0.0215509683
0.00339635508 -0.0465472229
0.0001993529 -0.0329175442
-0.0204410814 -0.0403341874
0.0136425672 -0.0528702624
-0.0045352946 -0.0396041349
-0.000891250151 0.0973958746
0.00294972374 0.0947014615
0.0118128955 0.0155647965
-0.0347986333 0.026034547
0.0378966779 0.00696898391
-0.0823526308 -0.0487952456
-0.0389024578 -0.0359135307
0.027562473 0.0638211071
-0.0216407105 -0.041555129
0.0457031466 -0.0245813057
0.0336947665 0.0635132119
-0.0444202684 -0.0648915172
-0.021896977 -0.0182870552
-0.0583919212 -0.00675708987
-0.0211067759 0.0410045534
-0.00821776316 0.0553273186
-0.00519659463 -0.0505870134
0.0490305796 0.040906474
-0.0449117012 -0.0201117527
-0.0426328406 -0.00604632124
0.0275658704 0.0475920849
-0.021884447 -0.123355895
-0.0407207496 -0.0414433442
0.0552896075 0.0344333053
0.053747192 -0.025890734
0.0281544495 -0.0331055336
-0.0302029848 -0.00275104726
-0.00718574179 0.0340893455
0.00747942645 -0.0768432766
-0.107932061 -0.0521722361
-0.00442680484 0.0241462849
0.00687105628 0.0210511349
-0.0854183882 0.0368957557
0.00903355237 -0.0522597805
-0.0599346943 -0.0164134856
0.0182692427 -0.0764330178
0.11601638 -0.0596089475
-0.0578331761 0.0053685559
0.0127097005 -0.0101162447
0.0137670431 0.00621388713
-0.0387108177 -0.054618787
-0.00962060876 0.0676594675
-0.0882241651 0.0708789155
-0.0404980592 -0.0292875376
-0.0212731734 -0.0731335059
0.00889779348 -0.0462068021
0.00364451786 -0.0505293384
-0.00916410796 -0.0221066233
0.0721758232 0.0285324529
0.00166512618 0.0194158684
0.0108398413 0.0531104244
0.0142604308 -0.0139765767
0.0230506398 -0.0259154551
0.047586564 -0.0229438394
-0.00227839896 0.00798844919
0.0129153505 -0.0595465824
0.0899354517 -0.0201212205
-0.0879995152 0.0318275765
-0.067927748 -0.0201992337
-0.0367931277 -0.0106327692
-0.0538424589 0.078545928
-0.0550389439 -0.0605724044
0.0172908064 -0.0617685132
-0.0271835197 -0.00806756597
-0.0109469676 -0.092402935
0.0541397445 0.0314186625
0.0530174002 0.00105088996
-0.0201329868 -0.050004445
-0.0419298187 -0.0688854381
-0.0106639862 0.0354583636
-0.0530225188 -0.0201426726
-0.0445301756 -0.0106655033
0.0228023212 0.0576861501
0.0353072919 -0.027644109
-0.0216435269 -0.0426439643
-0.0620024502 -0.0485542938
-0.00557059562 -0.00714418897
-0.00907548517 -0.0544045195
-0.0548300371 -0.0941172913
-0.0528453514 0.028956065
0.00938283186 -0.0284414813
0.0823830143 0.00996128283
0.00168859679 -0.00343805272
-0.0646101236 0.0466626696
-0.041720558 0.0565997139
0.00849281903 0.0150817269
0.061900977 0.086170353
-0.0498246104 -0.064213641
-0.0183644146 -0.0217011478
0.113397531 0.0775258169
0.0417223759 -0.0451153368
0.0363806225 -0.0248190966
0.0673804656 -0.0201045107
0.00850630458 -0.0119394399
-0.0135578131 0.0216787327
-0.0288353004 0.0291028693
0.0428714864 -0.00256103487
0.0612792186 0.0644467995
0.00780169247 -0.0449267253
0.0886125416 0.00797129516
0.0504460782 0.0678436682
-0.0433642827 -0.031252604
-0.0174506661 -0.00543676876
0.0289683063 0.0269982368
-0.0466036238 -0.0389908925
-0.0549383014 0.0196959469
-0.0724307522 0.0136095993
0.0109445984 -0.0271717664
-0.0361058712 0.0311655998
-0.0795600191 -0.00485551311
0.0473608524 -0.00228581694
0.0951892138 0.0309233274
-0.0469944067 -0.017074544
-0.0204622429 0.0783425048
-0.0324568786 -0.0303403251
0.0403628275 0.00651895488
0.0308282804 0.0399699062
0.0185868796 -0.0446900576
-0.0108459806 -0.0591033325
0.0184210166 0.0255682506
-0.0212490205 -0.00263680122
-0.00164930266 0.022025425
0.0361730196 0.0726829469
-0.0797288641 -0.0723465458
-0.128825456 -0.0389462039
0.0244844221 0.00170138443
-0.0220750403 -0.0460605212
0.00123411487 0.0081554018
-0.0101227863 -0.00262447656
-0.0150227332 0.0220509581
0.03470622 -0.000124716826
-0.0471761152 -0.00429724203
-0.012784916 -0.0116722006
-0.000380180543 0.00695955008
0.0218747258 0.102200486
0.0510104597 0.0223945305
0.0441893898 -0.0943973958
0.0899463296 -0.0183302276
-0.0324069671 0.0272007436
-0.0274742544 -0.0130353849
0.0122939609 0.0267973747
-0.022428995 -0.0761661679
0.0373955816 0.00272046728
-0.0171359275 0.05871718
-0.0157888681 -0.0620111749
0.0236491486 -0.0197604448
0.0368839391 -0.00742770359
-0.0541416965 -0.0243417956
-0.0402935818 -0.0446900278
0.00448012305 0.0227401387
-0.00472084666 0.0429406241
0.0342286527 -0.0359601639
-0.0579125397 -0.0611633584
-0.0147042517 -0.111463547
0.052814614 0.051734481
-0.038446568 0.0375906006
-0.0358869322 -0.00901757367
-0.00497456454 0.0274740271
0.0906729698 -0.0766666308
-0.0376259871 -0.0449223444
4.29470383e-05 -0.0382527411
-0.00746980123 -0.0333596878
-0.0469645523 0.0663617477
0.0736773908 0.0700651482
-0.058597438 0.018783588
-0.101531647 -0.0179599505
-0.0784730539 0.0563071072
0.0292129181 0.017723944
0.0698257461 -0.0029937455
-0.00615420705 -0.00126888673
-0.0274531152 -0.000958263467
-0.038190484 0.0217464007
0.0124825081 0.0106096361
-0.0127130821 0.0281456579
0.00218955427 -0.00322906231
0.0486811772 -0.0398265049
0.045752082 0.0146600641
0.080946371 0.0346802361
-0.0860531703 -0.0195908193
-0.00177407824 0.0126578687
-0.0155183114 -0.0143651152
-0.0648037121 -0.0541861914
0.0465234891 0.0201773904
-0.0258067306 0.022717623
-0.00173799437 -0.039377667
-0.0750758424 -0.0945570767
0.0308702141 -0.0541157089
0.0128524229 0.0105392858
-0.0836150721 0.0451462008
0.0909800008 0.114694871
0.0153721254 0.0249483809
-0.00987891667 0.0327423029
0.0802003294 0.123974532
0.0448010154 -0.00505569205
-0.0181583147 -0.0220272057
-0.0224431399 -0.0557598621
0.0427948274 -0.0247046594
0.0922335982 0.0265586395
-0.0181373209 -0.0606525727
-0.00411476754 0.0385950692
0.0149387419 0.053978052
-0.0136410249 0.0429943651
0.0235434044 0.00497361599
0.0541262552 -0.0495176353
0.0441078432 0.112534843
0.0245494805 0.0704957545
0.0337757953 0.00569403963
0.0206321348 0.0086032059
-0.0176643934 -0.0267650988
-0.0294082258 0.0133440141
0.0308094956 0.0619766861
-0.0131681385 -0.039534267
-0.0427611209 -0.0654823035
-0.0304730777 0.0607887916
-0.0406511687 -0.0760030672
-0.0268758498 -0.0396882445
0.0735831484 -0.0279290751
0.023110278 -0.0840521753
-0.0164842699 0.0277586505
-0.0175244324 -0.00687101902
0.0165060014 0.00522643095
0.0476795919 -0.0361628458
-0.019442467 -0.0241227001
0.0106099388 0.0807655528
0.000861640729 0.0149420165
-0.0716923326 0.0323112905
0.0454374142 -0.0115000317
0.0695414096 -0.004926024
0.0745942146 0.078890048
0.00248030829 0.0860715285
-0.0326957814 0.0410951078
-0.0515800901 -0.02835753
0.0216188785 0.0389106832
0.0740276128 0.009828059
-0.0227470063 -0.0427861884
0.00212269695 0.00559755089
0.0214831941 0.0367174372
0.0209518187 0.0805343762
-0.0196530521 0.00530593656
-0.0218915977 -0.0278414506
0.0351015292 0.0741292462
0.0344836414 -0.0630671382
0.0303793605 -0.0345783643
-0.0133714313 0.0866575837
-0.0170775875 -0.00720680691
-0.0215162132 0.0145805655
-0.0303378031 -0.00275746197
0.0425638556 0.0360557437
0.0135331471 0.0594947152
0.0725116879 0.0393038467
-0.0518946499 -0.0206078403
-0.0789193213 -0.0920147374
0.0697043315 -0.0177400634
0.0333724692 -0.00236115674
-0.0396080315 0.0152688185
-0.0070098578 0.0169620495
-0.0248405505 -0.0192824733
0.0404937938 0.0327952951
0.0856425166 0.0300956964
0.0623189993 -0.0107981786
0.0202656724 0.0775060579
0.0293181576 0.0386358164
0.0433168225 -0.0236274749
-0.0378634408 0.0966463089
0.0190888867 -0.006101951
0.0210619979 0.0240979157
-0.025357414 0.0213928409
0.0487583801 -0.0593810044
0.0266122799 0.0174435526
-0.0384707935 -0.111631908
-0.0117911324 -0.0807090625
0.0374881737 0.0280166361
0.0292206593 -0.0355053209
0.0164037123 -0.0509263612
0.0308046546 -0.0605606139
0.0169992894 0.0415280275
0.0433467254 0.0403717197
-0.0131216524 0.0615829341
0.0248035695 0.0194504485
0.103158057 -0.0978313386
0.0511991531 -0.0330763571
0.0132179363 0.011104566
-0.0322264768 0.0372545235
-0.0934146121 -0.0330729634
-0.0677099228 -0.0421676971
-0.0515862666 0.00403673667
-0.0125578074 -0.0298982579
-0.0282466803 -0.0124748508
-0.0581289679 0.0304924976
-0.0257429369 -0.00938096642
-0.00407976564 0.055909995
0.0430927128 0.0622211993
-0.0699152872 0.0261876937
-0.0263919719 0.0394764021
-0.00279088086 -0.0404878259
-0.0263597872 -0.112763807
-0.016695613 -0.0510346927
-0.0361853093 0.00938016176
-0.00991741382 -0.0121020954
0.0498315655 0.00123096677
0.0603987537 0.00386154721
0.0257256664 -0.064796932
-0.0458501354 0.00393337058
-0.00598503323 0.0151036559
0.0136963101 0.0150792692
-0.041748032 0.00922014751
-0.0423430912 -0.0131220948
-0.067328833 0.0494087636
0.0226890203 -0.0557518341
0.038893763 -0.00495073199
-0.0704304129 -0.0263073836
0.0326763056 -0.0580421537
0.0483912937 0.0211551134
-0.0652218014 0.0368978605
-0.0543486588 -0.010790172
-0.0371621065 -0.0132397339
-0.0785193369 0.100040369
-0.0399711579 -0.0305876918
-0.015468155 -0.0295355469
-0.0130446162 -0.0361098535
-0.0149668325 -0.0755654722
0.0467911996 0.0171442255
0.0520047024 0.0252541415
-0.00851539243 -0.046620179
0.00624357257 -0.0567796789
-0.0299594868 0.0468284823
-0.0327803046 -0.00448274612
-0.0453818999 0.0113365622
0.0315646045 0.0528674573
0.0484842248 -0.0574756004
-0.00208640634 -0.0454507619
-0.0549412556 -0.0314239152
-0.00717398897 -0.0166227166
0.0165701881 -0.00615951186
-0.0516851284 -0.0730370805
-0.0317477807 0.0689125136
0.0221678391 -0.0333507322
0.0551992469 -0.0177491829
-0.00420439569 0.0147051364
-0.0620070547 0.0668944493
-0.00879415125 0.046229925
-0.0675651506 0.00424157642
-0.00964969303 0.0209886506
-0.0401075371 0.00619830703
0.0202270299 -0.0283690151
0.0710461959 0.00211791811
-0.0972609147 0.0127176233
0.0130534051 -0.0160604753
0.0304975696 0.00481390161
-0.0296705477 -0.072823748
0.000196595647 -0.0681330934
-0.0320313349 0.00764475949
0.0159491412 0.0035488815
-0.0328501165 0.0754788071
-0.000920532271 0.0304682646
0.02222519 -0.10417977
0.0495826602 -0.0470649526
-0.0439086407 -0.0607437454
-0.0305110496 -0.0936132222
0.00866771489 -0.0439425595
-0.0610838793 0.00653540017
-0.0441070609 -0.0510754026
-0.00764419511 -0.016112769
0.0240197554 -0.02301999
-0.0171455238 -0.027212387
-0.0183947589 -0.0439424887
0.0554746166 0.0388345681
0.00463270815 0.00583198247
-0.0180206802 -0.0318795815
0.00358049129 0.0140958112
0.0816791207 -0.0198779851
0.0605415106 0.0877015963
-0.00779612875 -0.0128654446
-0.0432893485 -0.121040545
-0.00154681038 0.122071326
0.00348580093 0.0139947617
-0.0537327044 0.0214765351
-0.0190031696 0.0439676195
-0.0877046138 -0.0357916579
-0.0125295678 -0.0911171883
0.023051668 -0.0119299442
-0.0349333473 0.021141246
0.0609080642 -0.0910736024
-0.0720472336 -0.12306314
0.0395411626 -0.0437835231
0.085539192 -0.0318278596
0.00796887092 -0.0178531203
-0.0622402355 0.0602266155
-0.0924038067 -0.0196664445
-0.0487287752 -0.0583835915
-0.0129428897 0.0460993424
0.109547883 0.0809370726
-0.00685347617 0.0122414464
-0.0712407678 -0.0122880358
0.0115512758 0.0721440762
-0.00404461985 0.0542567819
0.0260588713 0.0515460707
-0.0178151261 -0.0271671973
0.0175402015 0.0221094806
0.0122119188 0.0314749107
-0.0172707681 -0.0420934856
-0.0432814136 0.0659961477
-0.0337047987 0.000983214122
0.00775714405 -0.0947602689
0.00381661695 -0.0022900661
0.0173412487 -0.0236503221
-0.0646057799 -0.0249255951
-0.00696727168 0.0111613069
0.0539941564 -0.0227769762
-0.00204375037 -0.00990989059
-0.0339956656 -0.0684150532
-0.0481523387 0.0151294535
-0.00692209555 0.0253011212
0.0277115051 -0.0319320969
0.021189725 0.0136432294
-0.0148563795 0.0147011187
-0.00177250372 -0.0310499445
0.000142841498 0.0517840795
0.0720296353 -0.0756429434
0.0228594728 -0.103514992
-0.034900073 0.0128480056
-0.0498770662 -0.00341797923
-0.0551705919 0.0514894016
-0.0379562788 0.04234441
-0.068660818 0.00715500722
-0.0238067657 -0.048693832
0.0153319985 0.0032192436
0.0571495816 0.00673360471
0.0414953567 -0.0431826338
-0.0106190117 -0.0129677104
0.0484156758 -0.0610775389
-0.038505137 0.0579936504
-0.109888278 0.0709665716
0.00628004037 -0.0142485173
-0.00731911883 0.0532785989
-0.00857636053 -0.00450688507
0.00202456838 -0.0339490883
0.0355944932 -0.0290607959
-0.0140105067 0.0662937313
-0.0916775391 0.0317456089
0.0163146574 0.0153854238
0.0629613325 0.00108393037
0.0223243553 -0.0192469433
-0.0304814447 -0.072953932
0.0050399201 0.0163586438
0.0109685259 -0.0128391087
0.0620893799 -0.000133918278
0.0595739186 0.0249213111
-0.0206180885 -0.0891143307
-0.0543881208 0.011488935
0.0419576243 0.056093961
-0.0485478491 -0.0393682607
-0.0541892312 0.05242116
0.0257539004 0.0590932705
0.0427327678 -0.0751230046
0.0090631526 -0.00548509229
-0.0228494871 -0.0228927527
0.0506487377 0.0366194211
0.0288118739 0.0919673145
0.0768760219 -0.0419111885
0.0930818319 -0.0449518189
-0.00985809695 -0.00673939334
0.0126351956 0.0459853448
-0.094072938 0.00920776743
0.0272201169 -0.0058070519
0.051356703 0.0442182757
-0.00385679724 0.0504072607
0.0334332958 0.00513885682
-0.0341939814 0.0481400564
-0.00427398365 0.0113408258
-0.0501861833 0.00640030717
0.00304190093 0.0741881654
0.0470437631 0.0136118112
0.0170520339 0.0665498599
0.0187469274 0.063375622
-0.0136770159 0.0108135743
0.0665404946 -0.0323739611
-0.015090636 0.0110786455
-0.0230539273 0.00300719938
-0.00292407465 -0.0165246353
0.0402644612 -0.00242225989
0.0399864428 0.0276752859
-0.0217112377 -0.0147508169
0.045081865 -0.00225253706
0.0677619502 -0.0130320145
0.0192529038 0.0043890737
0.084808737 0.0135153607
0.00606232882 -0.0100008994
-0.00934864674 0.0190029405
-0.00831979048 -0.0261882376
-0.0521846749 0.0252775308
-0.0511215292 -0.101407111
-0.0294271838 -0.0469452552
0.0804883689 0.0182271339
0.0517308973 -0.0860971659
0.0189278554 -0.0201842878
-0.0462140441 0.0311932936
-0.111459732 0.0589779876
0.0237009767 -0.0369323008
0.0200293995 0.0198906641
-0.0434627347 0.0338972025
0.044398766 -0.0184933078
0.022676209 -0.00515626511
0.0626726896 -0.0886039436
-0.0358235016 -0.0210321303
-0.031005919 0.031723585
0.0202887468 0.0852895379
-0.053327322 -0.0429738984
0.0214000493 -0.0639345422
0.0412693657 0.0545824468
0.0753267184 -0.0301255062
0.0922435969 -0.0547415651
0.0088224737 -0.0322657898
-0.0235719103 -0.0498821549
0.00785860885 -0.0164388604
0.0984177738 -0.0342511274
-0.0464409478 -0.0193797182
-0.0388582312 0.0354613699
0.0156406313 0.0371727422
-0.0632307976 0.0707578808
-0.0216047168 0.0614507757
-0.0227584727 0.0328768641
-0.0102864774 0.00808427762
-0.00810290687 -0.0808083192
0.067607373 -0.0307669286
0.00618489925 0.089051947
-0.0550083704 -0.0725039095
0.0156889129 -0.0425003842
-0.081184864 -0.0586849116
-0.090286307 -0.00300234393
0.00275891088 0.148569137
-0.0124978973 -0.066226624
-0.067898415 0.00390609237
0.0257511791 0.0859800652
0.00425616186 0.00198864215
-0.00531908358 -0.0541572459
0.0554635786 0.0244519934
0.0142494896 0.0421869308
0.0225696061 0.00520158559
-0.0367023312 0.0388620906
0.04840241 0.0211398397
0.175995931 -0.0498429947
-0.00673286617 0.0150779476
-0.0114621082 -0.0286732968
0.028960539 -0.00739422534
-0.0243916567 -0.0179560985
0.016464401 -0.0131700533
-0.0209929142 0.0449601002
0.0221582577 -0.0206928942
0.0184599794 -0.0410081297
0.00480785035 0.0185493734
-0.0331800394 -0.0118479822
-0.00892611686 -0.0298855137
0.0885330737 0.0304616764
0.0854864717 0.109559864
0.00253271684 0.101230964
0.00653465837 -0.0648704544
-0.0685747489 -0.120949179
-0.0392362513 0.0625442266
-0.00837567076 0.0636194497
0.0337752886 -0.0670975596
0.0442488492 0.027954299
0.0458081476 -0.0438915342
0.0624492653 -0.0706727803
0.0267874934 0.0297791995
0.00779737672 -0.0628959835
0.0360742696 0.012273402
0.0676830113 0.0192259829
0.0416038595 -0.0392302386
-0.0155033907 0.060050603
0.00938138273 0.0111089507
-0.07632415 -0.0106513333
-0.0141439103 0.0263605881
-0.0111406958 -0.0104907295
-0.0558005311 -0.00487129344
0.002920561 0.02651399
0.0346461944 -0.0359506607
0.00956912991 -0.0218935516
-0.00263634487 0.00887417141
0.0268538967 -0.0225611385
0.053450387 -0.00432730094
-0.00803167745 0.0475312173
-0.0307078809 -0.0065910616
-0.0366109833 -0.016677741
-0.0225740485 0.00874879677
0.0473135486 -0.0793860704
0.0152473152 -0.00195360091
-0.0264637731 0.0389792696
-0.00880016945 0.00914173573
-0.0351721458 0.034012638
-0.094100453 0.0426746905
-0.0207731798 0.0911354348
-0.0826701969 -0.0126868505
-0.0278389864 -0.0746863559
0.0486782268 0.0246372651
-0.00150431262 0.00433995854
-0.0199168436 0.00177695649
-0.0361519605 0.0300721731
0.0223512724 0.0309426524
-0.0334396102 0.0241650064
-0.0440905876 -0.0252503473
0.0610289313 -0.030633226
-0.0977607593 0.0319689512
0.0156013472 -0.0202872939
0.0348379686 -0.000284288632
-0.033192765 -0.0497765318
-0.0135895815 -0.0986011252
-0.0475614257 0.0106668072
0.0429562777 -0.0101773925
-0.0301714651 0.0629095361
0.00595864421 0.037977092
0.0218020659 -0.115158588
0.00857196841 -0.0455217212
-0.0325881392 -0.0804045722
-0.0493795201 -0.0541331321
0.032383278 -0.020376619
-0.0350765586 -0.0219064094
-0.0406828634 -0.0108907828
-0.0955891982 -0.0271605626
0.0409652665 -0.0322754867
-0.0204987414 -0.0407082438
-0.0142960716 -0.0211928468
0.0642079189 0.0296774283
-0.0101599032 0.0308027994
-0.0366211273 -0.0526087359
0.0231944565 0.0110493777
0.0831082538 -0.0173131917
0.0838182494 0.0610907152
-0.0138124209 -0.0171033479
-0.00304989517 -0.0361576714
0.00923024211 0.0143471258
0.0267608967 0.00854573306
-0.00922372378 0.00405804068
0.0111581627 0.0162993148
0.00338520296 0.00799642131
-0.0165541898 0.00137039227
-0.000824810995 0.0283914991
-0.0256402194 0.0196724124
0.00436804118 0.0141111435
-0.0190506447 -0.0128954006
-0.00923696999 -0.0261002947
0.00294794678 0.00993842538
0.00198108796 0.00326512218
0.0161627419 -0.00336135551
0.00268445909 -0.0117611364
-0.0161740389 -0.00710667856
0.0195630528 0.010479629
0.000748589635 -0.0319438837
0.0159581918 0.0133357234
0.00857048854 0.0121222818
0.0133764604 0.0338191539
-0.0254514068 -0.0210809391
-0.00236729509 0.00262606121
0.010040761 -0.027705336
0.00717224414 0.00873254891
-0.00874535739 -0.0188058168
0.0353497639 0.00175103068
0.0111509273 -0.0227030888
-0.038848877 0.0016529595
0.0161417406 -0.0187646113
0.000101845282 -0.000780135568
-0.00965750869 -0.0037559038
0.00923859887 0.00930175278
-0.00274624024 0.00464853598
-0.0152418939 -0.00252172723
-0.0181970783 0.0294447169
-0.00139323575 -0.00988323148
0.00545329368 0.00108618522
-0.0104862917 0.0100979386
-0.00095173443 -1.01112e-05
-0.00428820122 -0.0413093343
-0.00715015968 -0.0105512151
0.000989238964 0.00639230246
0.0452704094 -0.00672132196
-0.0149038462 0.00532148965
-0.0111643476 -0.00356356427
0.00916019455 0.013194032
0.0261416771 0.016287744
0.0207930766 -0.00255636685
-0.00866363756 -0.0145595893
0.0100542735 0.0165629871
0.00570589351 0.00437159091
-0.00224233884 -0.00310600013
-0.0193293393 -0.00322733214
0.000238764478 0.000145753249
-0.00312204519 0.00991440099
0.00297748228 0.0131167155
-0.0219815094 -0.0119924927
-0.0212323479 0.00630473485
0.00426103268 -0.00545021379
0.0182437003 0.0114804506
0.00514260214 0.0172326062
-0.011769305 0.00394871784
0.0070873918 0.0107960002
-0.0131613519 -0.00420928188
-0.00405326253 -0.00437092688
-0.00518565951 0.000437315204
-0.0144262575 0.00694681937
0.00250752852 -0.0230269898
0.0178572778 -0.00699450448
0.00542841945 0.000220998918
-0.0261370931 -0.0286416318
0.0190358367 0.003090668
0.00513382116 0.00617189147
-0.0140395192 -0.00855237246
0.0193448979 -0.0353359506
0.0177698731 -0.00851622224
0.0251708534 -0.00585920876
-0.00974287838 0.0014149585
-0.0101840841 -0.0151510211
-0.00502422964 -0.0399948396
0.00213277037 -0.00652898848
-0.0075952122 -0.0216733348
0.0224536266 -0.0107314577
0.00188581017 -0.0101951454
0.0194753781 -0.0173433572
-0.00079242303 -0.00464289077
-0.00716801314 -0.0119539704
-0.0186231919 0.0012160918
0.0303865019 -0.0297630001
-0.0155963879 -0.0126298573
0.00748881325 0.00112305395
0.0230868831 -0.0126637351
-0.000442723569 0.00727510452
0.0205676761 0.00896579679
-0.00469389791 0.010155906
-0.00372941745 -0.00253525493
0.000598058163 0.00612861523
-0.00399146741 -0.01113436
0.00380308158 0.00330717955
-0.0035323319 0.00768949557
0.0185377412 0.0126576023
-0.00114528835 0.00095309777
0.00897692144 0.0118900351
0.0121572996 -0.0102841174
0.00555588491 -0.00892003067
-0.00162378035 -0.00355298095
0.0160720591 0.0260153729
0.0252048615 0.0023286636
-0.00328051648 0.0188337415
-0.00537189515 -0.00584308989
-0.00460005458 -0.00326195871
-0.0158897992 0.00209708069
-0.0230557173 0.00284702727
-0.0109502552 0.00599709153
0.0126723312 -0.0281509105
0.0130827939 0.00956897717
0.0122372117 0.00823848788
0.0124172308 -0.0105526121
-0.00111768686 -0.00771482894
0.00330367591 -0.0161061808
-0.00712695392 0.0162766874
-0.00409259135 0.0153572792
0.0108465608 -0.0495053306
-0.003017599 -0.00107234367
-0.00572964456 0.00175699592
-0.00324331201 -0.00443706848
0.0136480927 -0.0105697
0.00776997767 0.0220354311
-0.00511959381 -0.00719309784
-0.00588476984 -0.0024958034
0.0071669328 -0.00822408125
0.0070325234 -0.000245558418
-0.0350854397 -0.00677814195
0.00588885183 0.0159683991
-0.0107869478 0.0341219455
0.00203080126 -0.0153039228
0.00805175398 0.0265178252
-0.00381031586 0.0044296002
-0.0157739166 -0.0337043814
-0.0154445199 -0.000197706628
-0.00530939177 -0.012452811
-0.00943176821 -0.000990695436
0.00253496831 -0.0105670951
-0.0132565033 -0.00640901644
-0.000515508815 0.0074901008
0.0137712192 -0.0163305067
-0.00279180659 0.00266150222
-0.02022155 0.0126146814
-0.00638056267 0.00219022972
-0.00639887294 -0.0116606848
0.0226532463 0.0266075842
-0.012395747 -0.018039979
-0.0288220011 -0.0243960563
-0.00700443983 -0.0370923579
0.00110026239 0.0102326442
0.0158777609 -0.00452077528
-0.0130380746 0.0208642837
0.0118728494 0.011026796
-0.00959631614 -0.00596554251
0.00986824092 -0.00293385983
-0.0138285579 -0.00510678021
-0.0197445601 -0.00689844694
0.0257318188 0.0196027476
-0.00645925524 0.00406572316
0.0117639247 -0.000586577749
0.0232837293 -2.88041829e-05
0.0124264015 -0.00563823339
0.00866928231 -0.0127644995
-0.00816228427 -0.0224778317
0.0121080987 0.0328922607
-0.0176707916 0.000882328895
-0.029536061 -0.00947473105
-0.0118504092 0.00511496933
-0.00203557103 -0.0177715812
0.00434594322 -0.0105574178
0.0163609888 0.00765414629
-0.0068565486 -0.00500165252
0.00138604478 -0.0198399443
-0.0121695697 0.000346542656
-0.0382774659 -0.0102654658
-0.00546908658 -0.0168306213
-0.00346720079 -0.00916425511
-0.0147259254 -0.0284597967
0.0213542338 0.00194604183
0.0204483941 -0.00438596308
0.00265513919 0.00917457324
0.00460320245 0.0161219742
-0.00985561498 -0.00402898248
-0.00916145369 0.0378338359
-0.0226884317 -0.0154418414
-0.0166232586 -0.0219723973
-0.0105150305 -0.00559108378
0.0045371186 0.0047508846
-0.00309426105 -0.0186614152
-0.0117274513 -0.00415817741
0.0205121711 -0.00812778343
0.00640545459 -0.0324291922
-0.00629477203 -0.0141195795
