0 0 0 0 363 -556
0 0 1 0 18906 24824
0 0 2 0 4594 -35660
0 0 3 0 3448 -33474
0 0 4 0 -5469 31564
0 0 5 0 -5859 30185
0 0 6 0 -3935 33019
0 0 7 0 -31865 -5233
0 0 8 0 -4980 30111
0 0 9 0 6647 -32197
0 0 10 0 -5352 31231
0 0 11 0 -4167 31892
0 0 12 0 -5008 34856
0 0 13 0 4456 -31700
0 0 14 0 -2779 29592
0 0 15 0 -6273 31586
0 0 16 0 4268 -32606
0 0 17 0 -32815 -1891
0 0 18 0 -30384 -5596
0 0 19 0 6588 -31110
0 0 20 0 -29769 -7011
0 0 21 0 -4265 32869
0 0 22 0 -6017 32985
0 0 23 0 -32924 -3664
0 0 24 0 4041 -34239
0 0 25 0 -33347 -4764
0 0 26 0 32776 4159
0 0 27 0 -31248 -2846
0 0 28 0 32739 6090
0 0 29 0 -30405 -4060
0 0 30 0 -5046 30906
0 0 31 0 31595 5649
0 0 32 0 -33983 -5363
0 0 33 0 20129 26963
0 0 34 0 31397 3149
0 0 35 0 -4534 30467
0 0 36 0 -4961 31725
0 0 37 0 -6873 32196
0 0 38 0 -4490 32539
0 0 39 0 -4548 34129
0 0 40 0 32408 4916
0 0 41 0 3313 -31337
0 0 42 0 -34603 -4993
0 0 43 0 -33284 -5413
0 0 44 0 32766 672
0 0 45 0 -3065 31991
0 0 46 0 -6162 35069
0 0 47 0 31563 5628
0 0 48 0 31981 4303
0 0 49 0 5879 -33685
0 0 50 0 33149 4126
0 0 51 0 6556 -31653
0 0 52 0 31963 3019
0 0 53 0 -3678 32799
0 0 54 0 -33443 -5697
0 0 55 0 5454 -31751
0 0 56 0 32461 3962
0 0 57 0 31381 2872
0 0 58 0 33016 4092
0 0 59 0 6471 -32000
0 0 60 0 -35658 -4848
0 0 61 0 -32120 -3957
0 0 62 0 -4531 33502
0 0 63 0 35292 3931
0 0 64 0 31389 5858
0 0 65 0 22530 27658
0 0 66 0 32090 5336
0 0 67 0 5858 -30243
0 0 68 0 6084 -33201
0 0 69 0 5483 -33474
0 0 70 0 -30892 -6051
0 0 71 0 -4964 32619
0 0 72 0 32229 5262
0 0 73 0 -32414 -6363
0 0 74 0 -30172 -6232
0 0 75 0 -32167 -5715
0 0 76 0 -3583 32634
0 0 77 0 -31903 -4093
0 0 78 0 3977 -30149
0 0 79 0 3701 -31105
0 0 80 0 6388 -31920
0 0 81 0 34417 4165
0 0 82 0 -2511 33737
0 0 83 0 -4263 32860
0 0 84 0 5648 -33850
0 0 85 0 -33152 -6323
0 0 86 0 -3928 32812
0 0 87 0 5933 -29992
0 0 88 0 -33256 -4204
0 0 89 0 8102 -31669
0 0 90 0 -5546 30288
0 0 91 0 -30838 -4732
0 0 92 0 -4869 32348
0 0 93 0 -4013 31957
0 0 94 0 -5517 34159
0 0 95 0 3793 -32096
0 0 96 0 -4306 31564
0 0 97 0 20226 27130
0 0 98 0 3387 -32414
0 0 99 0 -30412 -4090
0 0 100 0 -31643 -4328
0 0 101 0 32541 2437
0 0 102 0 -4727 32238
0 0 103 0 -32961 -3224
0 0 104 0 4149 -34007
0 0 105 0 -7594 31126
0 0 106 0 -4030 34162
0 0 107 0 -32506 -4556
0 0 108 0 -34087 -5570
0 0 109 0 5278 -32045
0 0 110 0 -30907 -7441
0 0 111 0 -6208 34555
0 0 112 0 4151 -32072
0 0 113 0 -2585 1594
0 0 114 0 693 821
0 0 115 0 -138 413
0 0 116 0 -178 1052
0 0 117 0 -156 -358
0 0 118 0 -1270 -1025
0 0 119 0 -478 619
0 0 120 0 -1040 -57
0 0 121 0 -1746 -611
0 0 122 0 348 -69
0 0 123 0 -1705 -1778
0 0 124 0 -2029 -279
0 0 125 0 302 -193
0 0 126 0 725 -83
0 0 127 0 532 834
0 0 128 0 -382 1654
0 0 129 0 -331 -440
0 0 130 0 94 -1606
0 0 131 0 -1074 1409
0 0 132 0 745 15
0 0 133 0 818 1738
0 0 134 0 -127 -1318
0 0 135 0 -540 -24
0 0 136 0 1835 1778
0 0 137 0 693 2346
0 0 138 0 1488 414
0 0 139 0 -416 -1496
0 0 140 0 -65 146
0 0 141 0 -116 335
0 0 142 0 1452 -400
0 0 143 0 195 443
0 0 144 0 -32420 -5151
0 0 145 0 31236 5617
0 0 146 0 -4383 32508
0 0 147 0 32092 6423
0 0 148 0 5315 -33273
0 0 149 0 -32356 -3972
0 0 150 0 31993 5585
0 0 151 0 5200 -32307
0 0 152 0 -6422 32234
0 0 153 0 4217 -32244
0 0 154 0 -6219 33679
0 0 155 0 -5620 32149
0 0 156 0 -32170 -4537
0 0 157 0 -34407 -3355
0 0 158 0 -5820 30806
0 0 159 0 19754 25475
0 0 160 0 32499 4589
0 0 161 0 32333 5887
0 0 162 0 6359 -30877
0 0 163 0 -5224 33813
0 0 164 0 2424 -29928
0 0 165 0 -31313 -4379
0 0 166 0 -4494 33317
0 0 167 0 -4597 33229
0 0 168 0 -5836 34020
0 0 169 0 4591 -31456
0 0 170 0 30369 4567
0 0 171 0 33263 3850
0 0 172 0 5093 -31272
0 0 173 0 -32323 -4971
0 0 174 0 33311 3998
0 0 175 0 -31159 -4148
0 0 176 0 32331 6043
0 0 177 0 -31294 -4989
0 0 178 0 -30580 -3856
0 0 179 0 2548 -34862
0 0 180 0 33874 2340
0 0 181 0 31946 5980
0 0 182 0 -6609 32251
0 0 183 0 4608 -31679
0 0 184 0 -4838 31201
0 0 185 0 -32213 -4478
0 0 186 0 -7695 32258
0 0 187 0 30380 5350
0 0 188 0 -33565 -7171
0 0 189 0 4755 -32733
0 0 190 0 33100 4631
0 0 191 0 19315 28360
0 0 192 0 31791 6991
0 0 193 0 3904 -33085
0 0 194 0 -3859 33666
0 0 195 0 -4968 31201
0 0 196 0 -32139 -4317
0 0 197 0 -6413 33151
0 0 198 0 -5705 32525
0 0 199 0 32506 6052
0 0 200 0 5691 -31333
0 0 201 0 4841 -33134
0 0 202 0 4365 -34495
0 0 203 0 33474 3385
0 0 204 0 -4114 32175
0 0 205 0 -31136 -6312
0 0 206 0 -31079 -6254
0 0 207 0 -4096 32866
0 0 208 0 32894 5397
0 0 209 0 -31932 -3895
0 0 210 0 32780 7296
0 0 211 0 -32880 -4575
0 0 212 0 -31078 -5060
0 0 213 0 6539 -33632
0 0 214 0 -32163 -4697
0 0 215 0 -4163 32442
0 0 216 0 -31992 -4810
0 0 217 0 -6954 31689
0 0 218 0 5867 -34274
0 0 219 0 -31905 -3616
0 0 220 0 -5786 30188
0 0 221 0 -3072 31633
0 0 222 0 32269 5375
0 0 223 0 20537 25533
0 0 224 0 4846 -34106
0 0 225 0 -4708 34136
0 0 226 0 30658 5934
0 0 227 0 3630 -30997
0 0 228 0 4104 -34506
0 0 229 0 32505 4349
0 0 230 0 33517 2611
0 0 231 0 -33111 -3640
0 0 232 0 -3385 31203
0 0 233 0 6190 -33595
0 0 234 0 -32293 -3646
0 0 235 0 31294 4888
0 0 236 0 33211 4047
0 0 237 0 -30957 -5735
0 0 238 0 31274 3869
0 0 239 0 7459 -33265
0 0 240 0 -5860 33549
0 0 241 0 -30912 -6477
0 0 242 0 -31578 -3087
0 0 243 0 -4175 33563
0 0 244 0 -4616 32352
0 0 245 0 3951 -32141
0 0 246 0 -32117 -5034
0 0 247 0 -5229 32626
0 0 248 0 -5110 32136
0 0 249 0 30886 4903
0 0 250 0 -5106 31604
0 0 251 0 5379 -33101
0 0 252 0 -34455 -3977
0 0 253 0 32553 4757
0 0 254 0 -4972 32657
0 0 255 0 21167 28177
0 1 0 1 -483 -2273
0 1 1 1 24283 24529
0 1 2 1 -21762 -23306
0 1 3 1 -21493 -24818
0 1 4 1 20022 24263
0 1 5 1 20612 23667
0 1 6 1 19846 27313
0 1 7 1 -20791 -24975
0 1 8 1 -18858 -24679
0 1 9 1 -20420 -24944
0 1 10 1 -20569 -25731
0 1 11 1 -23156 -26521
0 1 12 1 20539 23253
0 1 13 1 -20987 -26728
0 1 14 1 -20170 -25142
0 1 15 1 23504 22693
0 1 16 1 -23689 -25724
0 1 17 1 -20462 -25754
0 1 18 1 20211 25988
0 1 19 1 20411 26132
0 1 20 1 19215 25807
0 1 21 1 20610 25458
0 1 22 1 19820 23963
0 1 23 1 21983 25564
0 1 24 1 -21570 -25133
0 1 25 1 19948 25073
0 1 26 1 -21204 -25791
0 1 27 1 18587 24227
0 1 28 1 20137 23536
0 1 29 1 21871 26812
0 1 30 1 -22120 -26015
0 1 31 1 22237 25887
0 1 32 1 -21352 -25530
0 1 33 1 22624 24089
0 1 34 1 22997 26980
0 1 35 1 -19923 -23476
0 1 36 1 -22388 -25422
0 1 37 1 22011 24540
0 1 38 1 21623 26022
0 1 39 1 -21374 -24394
0 1 40 1 -21403 -22623
0 1 41 1 -19659 -25406
0 1 42 1 19019 25195
0 1 43 1 -18399 -25368
0 1 44 1 -20614 -26856
0 1 45 1 -23245 -26407
0 1 46 1 -23608 -26985
0 1 47 1 21031 23846
0 1 48 1 20867 24322
0 1 49 1 20914 26331
0 1 50 1 18792 26141
0 1 51 1 19436 24526
0 1 52 1 22358 26715
0 1 53 1 -22385 -24076
0 1 54 1 22048 25035
0 1 55 1 18456 25685
0 1 56 1 -21854 -25412
0 1 57 1 21665 24523
0 1 58 1 -20075 -24178
0 1 59 1 -21885 -23598
0 1 60 1 18750 25246
0 1 61 1 21820 24389
0 1 62 1 23251 26802
0 1 63 1 -21382 -23284
0 1 64 1 -21242 -24404
0 1 65 1 21315 26044
0 1 66 1 -19040 -23612
0 1 67 1 -22101 -25336
0 1 68 1 21023 25444
0 1 69 1 -20314 -24250
0 1 70 1 -20982 -24002
0 1 71 1 -19327 -25731
0 1 72 1 -21565 -26787
0 1 73 1 19958 24739
0 1 74 1 19918 24629
0 1 75 1 20389 26466
0 1 76 1 21779 25514
0 1 77 1 21342 25928
0 1 78 1 -20147 -24201
0 1 79 1 21658 23078
0 1 80 1 21721 25812
0 1 81 1 -22277 -24703
0 1 82 1 20099 24716
0 1 83 1 20626 25801
0 1 84 1 -20671 -23429
0 1 85 1 19062 25938
0 1 86 1 -19678 -25519
0 1 87 1 -20947 -26561
0 1 88 1 -19578 -25570
0 1 89 1 -21902 -25815
0 1 90 1 -19354 -25379
0 1 91 1 20171 23090
0 1 92 1 22204 25246
0 1 93 1 -19433 -26289
0 1 94 1 -18941 -25697
0 1 95 1 -23588 -27128
0 1 96 1 21767 24985
0 1 97 1 19090 24308
0 1 98 1 19061 26573
0 1 99 1 -20852 -24536
0 1 100 1 21589 26887
0 1 101 1 20657 23487
0 1 102 1 22717 24089
0 1 103 1 22269 26748
0 1 104 1 -19918 -24693
0 1 105 1 21435 25169
0 1 106 1 -22538 -24919
0 1 107 1 -20348 -24659
0 1 108 1 -19254 -25262
0 1 109 1 -19730 -28308
0 1 110 1 -18314 -24452
0 1 111 1 -20178 -26912
0 1 112 1 -22635 -24625
0 1 113 1 -131 -1500
0 1 114 1 2072 -387
0 1 115 1 198 -760
0 1 116 1 32 -1889
0 1 117 1 -1744 720
0 1 118 1 -206 -1366
0 1 119 1 -604 -541
0 1 120 1 -1146 1596
0 1 121 1 -1890 -2347
0 1 122 1 1304 -498
0 1 123 1 478 -466
0 1 124 1 -982 -1144
0 1 125 1 -2017 -1779
0 1 126 1 -913 -828
0 1 127 1 -1942 1110
0 1 128 1 1355 -2332
0 1 129 1 -784 -809
0 1 130 1 904 904
0 1 131 1 320 157
0 1 132 1 -243 -106
0 1 133 1 462 1268
0 1 134 1 92 1922
0 1 135 1 1905 608
0 1 136 1 55 -276
0 1 137 1 -2182 -1405
0 1 138 1 851 505
0 1 139 1 186 2707
0 1 140 1 923 1888
0 1 141 1 -534 1589
0 1 142 1 71 -290
0 1 143 1 874 -412
0 1 144 1 19454 26817
0 1 145 1 22814 27525
0 1 146 1 -22235 -24467
0 1 147 1 21779 24921
0 1 148 1 18333 25814
0 1 149 1 -22519 -25583
0 1 150 1 21449 26082
0 1 151 1 -20875 -23477
0 1 152 1 21057 26277
0 1 153 1 -21974 -24554
0 1 154 1 22775 25350
0 1 155 1 -20380 -24054
0 1 156 1 -21497 -25656
0 1 157 1 -21361 -26683
0 1 158 1 21405 26788
0 1 159 1 21212 25138
0 1 160 1 -19773 -23961
0 1 161 1 -23009 -22596
0 1 162 1 20104 25189
0 1 163 1 -20633 -25064
0 1 164 1 -21986 -25399
0 1 165 1 21973 24427
0 1 166 1 21015 27090
0 1 167 1 -22407 -25097
0 1 168 1 -19402 -24174
0 1 169 1 -21613 -25352
0 1 170 1 -21176 -24984
0 1 171 1 -21378 -25518
0 1 172 1 21185 24929
0 1 173 1 20661 25843
0 1 174 1 21034 25271
0 1 175 1 -20898 -25266
0 1 176 1 -19515 -24512
0 1 177 1 -19361 -26312
0 1 178 1 -19402 -25078
0 1 179 1 -21882 -23220
0 1 180 1 20057 22891
0 1 181 1 22205 26749
0 1 182 1 -19952 -24339
0 1 183 1 -17701 -23854
0 1 184 1 -20598 -23610
0 1 185 1 -19385 -26170
0 1 186 1 -18676 -26488
0 1 187 1 -20625 -25143
0 1 188 1 19703 24954
0 1 189 1 -18681 -26785
0 1 190 1 20766 24735
0 1 191 1 21480 24879
0 1 192 1 -20374 -27094
0 1 193 1 20243 24286
0 1 194 1 19930 26037
0 1 195 1 -21259 -27133
0 1 196 1 -22616 -24204
0 1 197 1 -20550 -24681
0 1 198 1 20337 24255
0 1 199 1 20531 25819
0 1 200 1 -22238 -24715
0 1 201 1 21855 25780
0 1 202 1 -21491 -26245
0 1 203 1 20902 25811
0 1 204 1 -21421 -25851
0 1 205 1 -21916 -25280
0 1 206 1 -20479 -25753
0 1 207 1 -22449 -25554
0 1 208 1 19657 23854
0 1 209 1 21113 25957
0 1 210 1 19648 26337
0 1 211 1 -21908 -26356
0 1 212 1 -19571 -25563
0 1 213 1 -21074 -25298
0 1 214 1 20410 24754
0 1 215 1 19563 25504
0 1 216 1 18601 25076
0 1 217 1 20349 25402
0 1 218 1 -21498 -24381
0 1 219 1 20227 25127
0 1 220 1 22413 27127
0 1 221 1 20785 25618
0 1 222 1 -19967 -25352
0 1 223 1 21049 26540
0 1 224 1 -22561 -22869
0 1 225 1 -21352 -23606
0 1 226 1 -21906 -24489
0 1 227 1 22703 25352
0 1 228 1 22512 28111
0 1 229 1 21186 24266
0 1 230 1 -22568 -24589
0 1 231 1 -20336 -25445
0 1 232 1 -20108 -27617
0 1 233 1 22285 28196
0 1 234 1 -22224 -23407
0 1 235 1 -21735 -26320
0 1 236 1 20432 26435
0 1 237 1 20041 26211
0 1 238 1 -21495 -24702
0 1 239 1 -20529 -25551
0 1 240 1 21811 25168
0 1 241 1 -19475 -25825
0 1 242 1 23184 26937
0 1 243 1 -20844 -25722
0 1 244 1 21004 24176
0 1 245 1 -20041 -24551
0 1 246 1 20690 24801
0 1 247 1 -20425 -27184
0 1 248 1 -22062 -25225
0 1 249 1 21881 25750
0 1 250 1 21897 25575
0 1 251 1 22060 25544
0 1 252 1 -20763 -23520
0 1 253 1 -19988 -26095
0 1 254 1 20453 24902
0 1 255 1 19948 25138
0 2 0 2 2188 -206
0 2 1 2 22224 27097
0 2 2 2 -15502 27362
0 2 3 2 -3952 39847
0 2 4 2 -45888 -4187
0 2 5 2 27345 16651
0 2 6 2 -45050 -3380
0 2 7 2 -2901 43977
0 2 8 2 688 14853
0 2 9 2 30284 16805
0 2 10 2 44194 2776
0 2 11 2 -15442 -277
0 2 12 2 -28121 -15530
0 2 13 2 -29787 11580
0 2 14 2 1215 -15669
0 2 15 2 -29761 12477
0 2 16 2 2827 -44284
0 2 17 2 30836 -9034
0 2 18 2 14212 30663
0 2 19 2 -3438 42403
0 2 20 2 -11575 -30993
0 2 21 2 -665 16387
0 2 22 2 28325 17257
0 2 23 2 43896 6572
0 2 24 2 -13897 -608
0 2 25 2 -15920 30251
0 2 26 2 10197 31646
0 2 27 2 -147 16209
0 2 28 2 -2073 14747
0 2 29 2 43044 3591
0 2 30 2 -3508 42239
0 2 31 2 1861 -15729
0 2 32 2 19560 -28242
0 2 33 2 21942 25848
0 2 34 2 28294 18519
0 2 35 2 43703 4662
0 2 36 2 18450 -26968
0 2 37 2 -3287 44171
0 2 38 2 27056 20402
0 2 39 2 -904 44166
0 2 40 2 -4046 15656
0 2 41 2 28338 16640
0 2 42 2 11932 28477
0 2 43 2 15123 -160
0 2 44 2 536 -14575
0 2 45 2 -28250 12909
0 2 46 2 -18654 25860
0 2 47 2 44300 2543
0 2 48 2 14202 1833
0 2 49 2 -31267 12458
0 2 50 2 11920 32133
0 2 51 2 3693 -43384
0 2 52 2 570 14468
0 2 53 2 25957 15734
0 2 54 2 -27302 -17952
0 2 55 2 -1575 13148
0 2 56 2 12135 30352
0 2 57 2 5205 -43178
0 2 58 2 4790 -43453
0 2 59 2 -25964 -16642
0 2 60 2 -2323 45953
0 2 61 2 -30749 12998
0 2 62 2 -14933 27070
0 2 63 2 -41395 -2883
0 2 64 2 42713 5406
0 2 65 2 20364 23619
0 2 66 2 -31004 11406
0 2 67 2 -16451 28948
0 2 68 2 13983 2876
0 2 69 2 -1207 13493
0 2 70 2 -12067 -29833
0 2 71 2 14879 -28277
0 2 72 2 3617 -44175
0 2 73 2 -18399 30864
0 2 74 2 15925 -793
0 2 75 2 16338 -26998
0 2 76 2 -3052 43656
0 2 77 2 13696 30266
0 2 78 2 -26149 -14869
0 2 79 2 11669 30656
0 2 80 2 11891 30824
0 2 81 2 45013 3449
0 2 82 2 43286 1879
0 2 83 2 13428 29890
0 2 84 2 43682 4038
0 2 85 2 -1057 13160
0 2 86 2 -16319 28114
0 2 87 2 -11747 -30022
0 2 88 2 14949 688
0 2 89 2 26427 16155
0 2 90 2 5340 -43498
0 2 91 2 16241 -27793
0 2 92 2 2735 -42737
0 2 93 2 44508 4837
0 2 94 2 11232 30839
0 2 95 2 1534 17000
0 2 96 2 -14264 -1545
0 2 97 2 21196 26654
0 2 98 2 29411 15486
0 2 99 2 -15341 28724
0 2 100 2 45101 5391
0 2 101 2 16974 -28494
0 2 102 2 -4157 44218
0 2 103 2 -4118 43582
0 2 104 2 -16166 24842
0 2 105 2 13817 1463
0 2 106 2 30522 -13405
0 2 107 2 -55 -15009
0 2 108 2 44461 2367
0 2 109 2 178 14324
0 2 110 2 29152 -12501
0 2 111 2 -1860 -15464
0 2 112 2 17911 -29614
0 2 113 2 822 1207
0 2 114 2 419 157
0 2 115 2 -815 -2484
0 2 116 2 2212 343
0 2 117 2 332 1241
0 2 118 2 2321 1018
0 2 119 2 263 770
0 2 120 2 1408 716
0 2 121 2 -37 -33
0 2 122 2 -828 1318
0 2 123 2 519 1179
0 2 124 2 -640 -1864
0 2 125 2 -2048 750
0 2 126 2 1834 312
0 2 127 2 1165 -895
0 2 128 2 -551 839
0 2 129 2 -712 543
0 2 130 2 862 1047
0 2 131 2 -773 1510
0 2 132 2 -402 1482
0 2 133 2 -1318 -117
0 2 134 2 848 387
0 2 135 2 519 -124
0 2 136 2 -107 -1290
0 2 137 2 -1640 -21
0 2 138 2 255 -1244
0 2 139 2 -2666 -265
0 2 140 2 1326 -182
0 2 141 2 15 1212
0 2 142 2 -884 557
0 2 143 2 -855 -477
0 2 144 2 -42954 -198
0 2 145 2 -15650 29424
0 2 146 2 13136 31241
0 2 147 2 14958 -261
0 2 148 2 -29384 11248
0 2 149 2 -8721 -30677
0 2 150 2 -28600 11827
0 2 151 2 44029 1159
0 2 152 2 -3412 42993
0 2 153 2 28062 15377
0 2 154 2 -3570 42396
0 2 155 2 -13344 -31591
0 2 156 2 3895 -44834
0 2 157 2 -26695 -17965
0 2 158 2 -4236 17252
0 2 159 2 19493 24496
0 2 160 2 -4750 42854
0 2 161 2 -29832 -16733
0 2 162 2 -44381 -2914
0 2 163 2 -43874 -1313
0 2 164 2 -30833 13835
0 2 165 2 -10434 -29719
0 2 166 2 -43335 -4440
0 2 167 2 18045 -28824
0 2 168 2 -42462 -2715
0 2 169 2 -26662 -14632
0 2 170 2 -32505 12328
0 2 171 2 16953 -30319
0 2 172 2 44749 2812
0 2 173 2 -43571 -5163
0 2 174 2 -12752 -1384
0 2 175 2 -3267 42507
0 2 176 2 29969 -12756
0 2 177 2 -10725 -31073
0 2 178 2 -4427 44398
0 2 179 2 -30285 -14606
0 2 180 2 -26651 -16298
0 2 181 2 29501 -12585
0 2 182 2 18516 -29245
0 2 183 2 26919 17719
0 2 184 2 15906 -28684
0 2 185 2 -3987 45715
0 2 186 2 32275 -11867
0 2 187 2 42726 6040
0 2 188 2 -30728 14126
0 2 189 2 -7980 -29754
0 2 190 2 -3763 44168
0 2 191 2 21545 23068
0 2 192 2 45295 1275
0 2 193 2 958 -15544
0 2 194 2 -17825 25056
0 2 195 2 5269 -43209
0 2 196 2 43458 3074
0 2 197 2 -26556 -18985
0 2 198 2 14936 373
0 2 199 2 17552 -26918
0 2 200 2 -13595 -30837
0 2 201 2 3198 -44077
0 2 202 2 29930 -12012
0 2 203 2 -30973 10302
0 2 204 2 29307 19251
0 2 205 2 -43791 -4258
0 2 206 2 -17780 27371
0 2 207 2 -29532 -15384
0 2 208 2 463 13966
0 2 209 2 45538 2448
0 2 210 2 -12280 -1948
0 2 211 2 13055 30931
0 2 212 2 17044 -29719
0 2 213 2 45147 5244
0 2 214 2 -2826 42728
0 2 215 2 1591 -14865
0 2 216 2 -4373 45716
0 2 217 2 -16246 27883
0 2 218 2 -6395 40868
0 2 219 2 17734 -28923
0 2 220 2 -13091 -32257
0 2 221 2 4336 -43785
0 2 222 2 30412 -10480
0 2 223 2 22235 25538
0 2 224 2 1282 -15598
0 2 225 2 15744 793
0 2 226 2 -29490 -17400
0 2 227 2 -43518 -2852
0 2 228 2 -1411 13619
0 2 229 2 -30596 11997
0 2 230 2 44435 1020
0 2 231 2 2652 -15267
0 2 232 2 3328 -43670
0 2 233 2 -16820 -372
0 2 234 2 -2473 44022
0 2 235 2 2037 -43529
0 2 236 2 -44271 -3332
0 2 237 2 30422 -10353
0 2 238 2 -28506 12021
0 2 239 2 1291 -12432
0 2 240 2 -45159 -2954
0 2 241 2 30101 -11980
0 2 242 2 -16883 -1239
0 2 243 2 -33437 11586
0 2 244 2 -25542 -17537
0 2 245 2 -13556 1131
0 2 246 2 -16252 30716
0 2 247 2 2625 -15926
0 2 248 2 46202 3746
0 2 249 2 -13638 28439
0 2 250 2 -637 14881
0 2 251 2 -14632 -1510
0 2 252 2 2681 -16814
0 2 253 2 16150 772
0 2 254 2 -16673 26636
0 2 255 2 20172 27819
0 3 0 2 -76 1192
0 3 1 2 23037 25110
0 3 2 2 28897 -11405
0 3 3 2 190 13110
0 3 4 2 -14546 -1794
0 3 5 2 26584 15923
0 3 6 2 -28608 -17417
0 3 7 2 43481 1906
0 3 8 2 -29262 -17254
0 3 9 2 -3451 43501
0 3 10 2 -1069 14170
0 3 11 2 -44082 -688
0 3 12 2 2339 -43107
0 3 13 2 -45371 -3330
0 3 14 2 41863 3042
0 3 15 2 17418 -29322
0 3 16 2 -414 42921
0 3 17 2 14931 -26870
0 3 18 2 30247 15510
0 3 19 2 30786 -12433
0 3 20 2 43991 1539
0 3 21 2 -42743 -3252
0 3 22 2 13850 937
0 3 23 2 -46101 -1623
0 3 24 2 -43439 -2960
0 3 25 2 26957 15331
0 3 26 2 -30281 12396
0 3 27 2 42959 2990
0 3 28 2 4318 -42962
0 3 29 2 -12701 -27799
0 3 30 2 28009 17951
0 3 31 2 -1322 43936
0 3 32 2 -44401 -1660
0 3 33 2 22980 26681
0 3 34 2 -2674 42936
0 3 35 2 2951 -13547
0 3 36 2 -47 13915
0 3 37 2 -44605 -2270
0 3 38 2 -1542 44068
0 3 39 2 -1411 44079
0 3 40 2 -28075 12129
0 3 41 2 -44200 -354
0 3 42 2 -872 12351
0 3 43 2 -5168 43443
0 3 44 2 43716 1696
0 3 45 2 29726 16880
0 3 46 2 -16090 29738
0 3 47 2 -43760 -1693
0 3 48 2 -14131 -28662
0 3 49 2 15730 -29369
0 3 50 2 -28757 12017
0 3 51 2 13387 30860
0 3 52 2 -45650 -2223
0 3 53 2 12463 31284
0 3 54 2 14585 1046
0 3 55 2 -419 -15506
0 3 56 2 804 -15789
0 3 57 2 -16015 388
0 3 58 2 29125 16038
0 3 59 2 14607 30747
0 3 60 2 -13454 -156
0 3 61 2 -14817 27724
0 3 62 2 30642 -12856
0 3 63 2 27834 18676
0 3 64 2 -13133 -30143
0 3 65 2 21949 27043
0 3 66 2 -46121 -2696
0 3 67 2 15987 -60
0 3 68 2 16029 -2006
0 3 69 2 12351 30986
0 3 70 2 30591 18535
0 3 71 2 -26696 -18005
0 3 72 2 -29792 12883
0 3 73 2 -12831 -2254
0 3 74 2 -13650 -28470
0 3 75 2 -29714 -14923
0 3 76 2 -14271 -28603
0 3 77 2 144 -15008
0 3 78 2 -16907 27411
0 3 79 2 -1868 13881
0 3 80 2 -1412 13393
0 3 81 2 25432 17691
0 3 82 2 -1495 44769
0 3 83 2 -26983 -16068
0 3 84 2 27853 16240
0 3 85 2 14435 -29893
0 3 86 2 28168 17532
0 3 87 2 42836 1876
0 3 88 2 27572 16401
0 3 89 2 -12885 -1220
0 3 90 2 -17044 27762
0 3 91 2 -16853 28546
0 3 92 2 -15809 27490
0 3 93 2 -12522 -28131
0 3 94 2 839 -14270
0 3 95 2 43135 1738
0 3 96 2 -2172 42621
0 3 97 2 22425 24288
0 3 98 2 -27919 -15317
0 3 99 2 -43270 -1313
0 3 100 2 -12246 -28605
0 3 101 2 -43550 -1221
0 3 102 2 15917 2334
0 3 103 2 -14628 28201
0 3 104 2 1753 14114
0 3 105 2 -28763 14334
0 3 106 2 -30260 14981
0 3 107 2 1558 15612
0 3 108 2 -14494 -31760
0 3 109 2 -4132 43353
0 3 110 2 -2689 43458
0 3 111 2 -39788 -2343
0 3 112 2 -18496 28931
0 3 113 2 -449 -598
0 3 114 2 -693 -327
0 3 115 2 -2544 643
0 3 116 2 1226 -1884
0 3 117 2 760 2375
0 3 118 2 2620 255
0 3 119 2 163 -673
0 3 120 2 -1880 -31
0 3 121 2 -346 879
0 3 122 2 -2016 -479
0 3 123 2 919 353
0 3 124 2 -1658 -138
0 3 125 2 -462 206
0 3 126 2 1443 -879
0 3 127 2 -1264 -1688
0 3 128 2 -2343 3614
0 3 129 2 -297 -48
0 3 130 2 -1812 109
0 3 131 2 -956 444
0 3 132 2 -911 911
0 3 133 2 -1376 541
0 3 134 2 -19 -1270
0 3 135 2 -2741 -1743
0 3 136 2 -802 -1551
0 3 137 2 -58 830
0 3 138 2 1661 827
0 3 139 2 -863 1317
0 3 140 2 -1939 -285
0 3 141 2 -1448 1088
0 3 142 2 270 675
0 3 143 2 -1902 2066
0 3 144 2 -4339 47058
0 3 145 2 1657 -44913
0 3 146 2 2565 -42648
0 3 147 2 12453 27823
0 3 148 2 -29581 14116
0 3 149 2 28918 -12813
0 3 150 2 1550 -44065
0 3 151 2 -4062 43948
0 3 152 2 980 -15285
0 3 153 2 14265 1757
0 3 154 2 43407 637
0 3 155 2 -11661 415
0 3 156 2 -1642 44075
0 3 157 2 17121 -29058
0 3 158 2 -29135 -15236
0 3 159 2 21075 26306
0 3 160 2 28881 16926
0 3 161 2 11842 29235
0 3 162 2 -29152 -12477
0 3 163 2 -13264 -31263
0 3 164 2 -29365 -14864
0 3 165 2 12711 31472
0 3 166 2 2747 -41347
0 3 167 2 3714 -42146
0 3 168 2 16067 59
0 3 169 2 -29296 -15209
0 3 170 2 3864 -46215
0 3 171 2 -809 -14861
0 3 172 2 -31234 10981
0 3 173 2 43030 2396
0 3 174 2 -15738 28152
0 3 175 2 -30666 12333
0 3 176 2 10949 30863
0 3 177 2 28798 16772
0 3 178 2 1648 -42763
0 3 179 2 -44525 -4967
0 3 180 2 -30487 12547
0 3 181 2 -17531 30762
0 3 182 2 10727 28832
0 3 183 2 17844 -24716
0 3 184 2 15330 -28151
0 3 185 2 -4519 41526
0 3 186 2 -4798 40917
0 3 187 2 15285 1451
0 3 188 2 16325 -26776
0 3 189 2 302 -44930
0 3 190 2 1998 -41968
0 3 191 2 22192 23025
0 3 192 2 29029 17809
0 3 193 2 -2906 14767
0 3 194 2 601 -13534
0 3 195 2 29039 -13181
0 3 196 2 -14682 -65
0 3 197 2 13271 31104
0 3 198 2 2060 -42140
0 3 199 2 -15436 -2200
0 3 200 2 45063 1529
0 3 201 2 -2417 41345
0 3 202 2 29471 -11892
0 3 203 2 1342 -14556
0 3 204 2 11690 31711
0 3 205 2 42684 2531
0 3 206 2 17548 -27980
0 3 207 2 44155 2056
0 3 208 2 15806 -425
0 3 209 2 13216 800
0 3 210 2 -26142 -16516
0 3 211 2 -30410 10352
0 3 212 2 17277 243
0 3 213 2 -3876 44220
0 3 214 2 14938 -28836
0 3 215 2 44133 4696
0 3 216 2 32190 -14710
0 3 217 2 -16719 27080
0 3 218 2 -44187 -2877
0 3 219 2 2091 -45629
0 3 220 2 -2223 41615
0 3 221 2 17713 -25419
0 3 222 2 -28008 -16427
0 3 223 2 20630 23574
0 3 224 2 18768 -28687
0 3 225 2 14239 29432
0 3 226 2 -14863 1374
0 3 227 2 -171 -13580
0 3 228 2 -1028 45930
0 3 229 2 14725 30160
0 3 230 2 12391 32849
0 3 231 2 17070 -25014
0 3 232 2 2390 -15382
0 3 233 2 -13343 -1301
0 3 234 2 -14691 -29416
0 3 235 2 -14569 -1936
0 3 236 2 -16065 29233
0 3 237 2 17028 -26683
0 3 238 2 2633 -16347
0 3 239 2 11750 29707
0 3 240 2 -43618 -1992
0 3 241 2 -586 15283
0 3 242 2 755 15096
0 3 243 2 -11385 2565
0 3 244 2 2391 -43439
0 3 245 2 -1233 13984
0 3 246 2 27281 17605
0 3 247 2 1667 -44049
0 3 248 2 12264 31630
0 3 249 2 16559 -26788
0 3 250 2 -29995 14806
0 3 251 2 -28802 -15684
0 3 252 2 2451 -43604
0 3 253 2 -28873 11978
0 3 254 2 -4097 13462
0 3 255 2 21936 24898
0 4 0 2 -3418 283
0 4 1 2 21464 23047
0 4 2 2 27056 14019
0 4 3 2 17083 30067
0 4 4 2 887 -43261
0 4 5 2 -29823 14369
0 4 6 2 43451 387
0 4 7 2 966 14623
0 4 8 2 45334 1414
0 4 9 2 30693 13954
0 4 10 2 525 15556
0 4 11 2 -42662 -516
0 4 12 2 -16186 -1423
0 4 13 2 30980 12866
0 4 14 2 -32068 14860
0 4 15 2 -2167 43521
0 4 16 2 28365 13721
0 4 17 2 15245 28003
0 4 18 2 -43953 70
0 4 19 2 26941 -15775
0 4 20 2 497 -15147
0 4 21 2 28018 -14155
0 4 22 2 -14909 28942
0 4 23 2 29008 15976
0 4 24 2 -31551 15512
0 4 25 2 15706 28265
0 4 26 2 12481 -25934
0 4 27 2 553 -42987
0 4 28 2 15748 28708
0 4 29 2 31162 -15108
0 4 30 2 16496 -31149
0 4 31 2 -15519 31358
0 4 32 2 30499 -14853
0 4 33 2 25494 22625
0 4 34 2 -28118 -13511
0 4 35 2 -13279 1135
0 4 36 2 -29818 13686
0 4 37 2 -760 43650
0 4 38 2 41465 -157
0 4 39 2 14038 30416
0 4 40 2 29727 15427
0 4 41 2 771 15512
0 4 42 2 16191 30126
0 4 43 2 858 -15837
0 4 44 2 29672 -16958
0 4 45 2 -29521 -17009
0 4 46 2 -17632 192
0 4 47 2 12772 29891
0 4 48 2 -72 45741
0 4 49 2 -72 17135
0 4 50 2 307 -13047
0 4 51 2 2272 -16820
0 4 52 2 883 -13680
0 4 53 2 -29434 -15280
0 4 54 2 -27634 14828
0 4 55 2 -14104 -127
0 4 56 2 30073 -15807
0 4 57 2 -30102 -14729
0 4 58 2 13135 28104
0 4 59 2 45460 -1115
0 4 60 2 424 13806
0 4 61 2 -14896 29643
0 4 62 2 -42225 145
0 4 63 2 29101 14828
0 4 64 2 -28666 12829
0 4 65 2 22303 24075
0 4 66 2 -1928 -13241
0 4 67 2 12360 -769
0 4 68 2 46455 520
0 4 69 2 17144 -29733
0 4 70 2 2337 -42542
0 4 71 2 -42565 -1383
0 4 72 2 -15595 30048
0 4 73 2 -43730 -1455
0 4 74 2 1942 14334
0 4 75 2 -14193 30681
0 4 76 2 12301 -28916
0 4 77 2 28352 -13422
0 4 78 2 15685 -27204
0 4 79 2 1207 44207
0 4 80 2 13541 379
0 4 81 2 43443 1215
0 4 82 2 16200 -826
0 4 83 2 -1181 13823
0 4 84 2 14431 -29136
0 4 85 2 -2386 -16012
0 4 86 2 -1266 -44690
0 4 87 2 30193 13842
0 4 88 2 -31471 -13172
0 4 89 2 12964 28033
0 4 90 2 29459 15200
0 4 91 2 28744 -14307
0 4 92 2 -15729 -27598
0 4 93 2 18104 -457
0 4 94 2 -550 -16703
0 4 95 2 13638 893
0 4 96 2 14303 29178
0 4 97 2 20711 22528
0 4 98 2 15151 558
0 4 99 2 27569 -12253
0 4 100 2 15200 -29990
0 4 101 2 -28210 15457
0 4 102 2 -29741 -15852
0 4 103 2 12867 939
0 4 104 2 44781 -1911
0 4 105 2 -44325 -973
0 4 106 2 43239 410
0 4 107 2 2237 -44062
0 4 108 2 43364 -1796
0 4 109 2 43970 710
0 4 110 2 16782 28790
0 4 111 2 15789 30808
0 4 112 2 44420 557
0 4 113 2 -654 -445
0 4 114 2 -860 0
0 4 115 2 -1074 1195
0 4 116 2 853 2172
0 4 117 2 468 -1265
0 4 118 2 89 -53
0 4 119 2 303 -492
0 4 120 2 746 1422
0 4 121 2 -2305 2191
0 4 122 2 1042 1449
0 4 123 2 -609 1149
0 4 124 2 176 180
0 4 125 2 -1592 221
0 4 126 2 -541 -240
0 4 127 2 -1200 -2461
0 4 128 2 431 1185
0 4 129 2 -776 -1641
0 4 130 2 3409 -781
0 4 131 2 -190 -1858
0 4 132 2 -330 24
0 4 133 2 3619 1366
0 4 134 2 665 1205
0 4 135 2 711 134
0 4 136 2 1349 -629
0 4 137 2 100 906
0 4 138 2 669 799
0 4 139 2 696 -87
0 4 140 2 -1329 -1064
0 4 141 2 600 -1975
0 4 142 2 1396 -1039
0 4 143 2 404 -407
0 4 144 2 1488 -13237
0 4 145 2 1323 -17093
0 4 146 2 -185 -13873
0 4 147 2 -16454 26329
0 4 148 2 13068 28882
0 4 149 2 -14589 29182
0 4 150 2 -46111 887
0 4 151 2 -16276 29140
0 4 152 2 -15737 29617
0 4 153 2 28038 -15417
0 4 154 2 -964 -15821
0 4 155 2 -1165 14660
0 4 156 2 -15013 -1185
0 4 157 2 -28483 16594
0 4 158 2 27606 13928
0 4 159 2 23250 23858
0 4 160 2 1148 14463
0 4 161 2 1763 -42556
0 4 162 2 -14253 29091
0 4 163 2 -29193 -14665
0 4 164 2 -30805 -14699
0 4 165 2 44851 -2905
0 4 166 2 2658 -14509
0 4 167 2 -14357 -27885
0 4 168 2 722 44758
0 4 169 2 27622 -13521
0 4 170 2 28862 16229
0 4 171 2 14550 30381
0 4 172 2 -14535 1711
0 4 173 2 -17272 29136
0 4 174 2 -13703 -29711
0 4 175 2 1050 44293
0 4 176 2 -14705 -29120
0 4 177 2 25482 15040
0 4 178 2 1184 15905
0 4 179 2 -28874 -13490
0 4 180 2 14647 -29713
0 4 181 2 2008 -15998
0 4 182 2 -15014 27293
0 4 183 2 -30204 -12177
0 4 184 2 1315 14854
0 4 185 2 -654 -16580
0 4 186 2 -16129 -329
0 4 187 2 -42451 530
0 4 188 2 -175 -43508
0 4 189 2 14759 30805
0 4 190 2 14676 -28139
0 4 191 2 22830 23746
0 4 192 2 44168 -1357
0 4 193 2 32080 13935
0 4 194 2 478 17224
0 4 195 2 -45167 1
0 4 196 2 -2098 44419
0 4 197 2 637 47316
0 4 198 2 247 -13471
0 4 199 2 17627 31306
0 4 200 2 -29581 -13462
0 4 201 2 -15323 -29795
0 4 202 2 15399 637
0 4 203 2 28957 -11919
0 4 204 2 -12620 -28845
0 4 205 2 -15791 236
0 4 206 2 -550 -43133
0 4 207 2 16167 -1412
0 4 208 2 577 -43563
0 4 209 2 29582 14198
0 4 210 2 -1183 43358
0 4 211 2 30540 13575
0 4 212 2 -383 16353
0 4 213 2 552 -42839
0 4 214 2 -29334 -13056
0 4 215 2 -1786 -44693
0 4 216 2 -29177 -14317
0 4 217 2 -14868 30026
0 4 218 2 572 44597
0 4 219 2 144 -13021
0 4 220 2 -44279 611
0 4 221 2 -14540 -28223
0 4 222 2 17373 -27802
0 4 223 2 23634 25155
0 4 224 2 44804 -2488
0 4 225 2 -41526 642
0 4 226 2 -763 43335
0 4 227 2 14235 -29338
0 4 228 2 31152 -13993
0 4 229 2 16202 -97
0 4 230 2 -40 -12211
0 4 231 2 -816 -13393
0 4 232 2 573 44594
0 4 233 2 14907 -29075
0 4 234 2 -16226 -31257
0 4 235 2 1074 -42454
0 4 236 2 -15259 -29895
0 4 237 2 467 -14957
0 4 238 2 -479 43178
0 4 239 2 16720 1113
0 4 240 2 3482 -41718
0 4 241 2 -43930 -1481
0 4 242 2 -229 13392
0 4 243 2 -15499 -28107
0 4 244 2 2156 -44964
0 4 245 2 -13640 -29668
0 4 246 2 14723 30156
0 4 247 2 785 -43628
0 4 248 2 28715 -15085
0 4 249 2 15686 -238
0 4 250 2 1295 14561
0 4 251 2 -30289 -13715
0 4 252 2 -28349 -15266
0 4 253 2 -31463 -14730
0 4 254 2 13970 -247
0 4 255 2 24282 20667
0 5 0 2 -1661 604
0 5 1 2 22789 22416
0 5 2 2 1298 45343
0 5 3 2 -29536 17334
0 5 4 2 27870 -14654
0 5 5 2 44137 -1332
0 5 6 2 15058 29010
0 5 7 2 28241 -15426
0 5 8 2 952 -42136
0 5 9 2 -13874 -30124
0 5 10 2 -27516 -14111
0 5 11 2 29686 -15635
0 5 12 2 637 -16631
0 5 13 2 30308 12875
0 5 14 2 28749 -16238
0 5 15 2 -413 -43960
0 5 16 2 -27827 -13350
0 5 17 2 13472 -31498
0 5 18 2 -44309 1095
0 5 19 2 -27776 14999
0 5 20 2 31198 14486
0 5 21 2 -29475 -11749
0 5 22 2 -464 -46150
0 5 23 2 2733 12893
0 5 24 2 -30008 -14030
0 5 25 2 -28559 12768
0 5 26 2 1663 13138
0 5 27 2 -14212 29963
0 5 28 2 -12253 30703
0 5 29 2 -14901 1215
0 5 30 2 11976 -1856
0 5 31 2 -13983 898
0 5 32 2 1667 15878
0 5 33 2 23420 22436
0 5 34 2 28817 13874
0 5 35 2 -13856 29095
0 5 36 2 29041 -15250
0 5 37 2 15176 28426
0 5 38 2 44929 -841
0 5 39 2 45868 -441
0 5 40 2 16518 28626
0 5 41 2 15381 29659
0 5 42 2 -30065 16236
0 5 43 2 1412 15691
0 5 44 2 -14232 337
0 5 45 2 -44030 -47
0 5 46 2 -31027 16590
0 5 47 2 14916 -759
0 5 48 2 -13237 -30811
0 5 49 2 -44360 589
0 5 50 2 704 43611
0 5 51 2 -2658 -17139
0 5 52 2 860 16239
0 5 53 2 511 15164
0 5 54 2 988 43783
0 5 55 2 -31196 -12545
0 5 56 2 -708 14478
0 5 57 2 2127 15582
0 5 58 2 -16546 -29333
0 5 59 2 44161 -45
0 5 60 2 -28029 -16221
0 5 61 2 42646 596
0 5 62 2 -275 -13916
0 5 63 2 -45530 -1098
0 5 64 2 14289 1908
0 5 65 2 24884 21370
0 5 66 2 14031 -34317
0 5 67 2 1235 44076
0 5 68 2 39923 -380
0 5 69 2 1794 43099
0 5 70 2 2221 43335
0 5 71 2 -29763 -13366
0 5 72 2 -2106 -44299
0 5 73 2 16265 31377
0 5 74 2 -17413 -28745
0 5 75 2 -14555 -67
0 5 76 2 -14650 29414
0 5 77 2 31394 14759
0 5 78 2 16292 28474
0 5 79 2 -27780 15448
0 5 80 2 -28373 -14343
0 5 81 2 985 45990
0 5 82 2 -3012 -43345
0 5 83 2 -29231 15624
0 5 84 2 15486 -978
0 5 85 2 15177 -247
0 5 86 2 30788 -17140
0 5 87 2 904 16201
0 5 88 2 15959 -1225
0 5 89 2 2759 15346
0 5 90 2 -14648 785
0 5 91 2 -15571 -29299
0 5 92 2 -17503 -31191
0 5 93 2 14789 27094
0 5 94 2 14518 30071
0 5 95 2 13121 -30067
0 5 96 2 13989 28921
0 5 97 2 23994 21702
0 5 98 2 -13239 27409
0 5 99 2 29353 13301
0 5 100 2 45334 -1917
0 5 101 2 -15273 -29760
0 5 102 2 -31140 15485
0 5 103 2 29805 14060
0 5 104 2 2515 44644
0 5 105 2 -16539 -29622
0 5 106 2 15725 935
0 5 107 2 17915 -1694
0 5 108 2 -44186 1936
0 5 109 2 311 -16293
0 5 110 2 -1017 14009
0 5 111 2 -28759 17505
0 5 112 2 -185 -14338
0 5 113 2 1003 91
0 5 114 2 761 -740
0 5 115 2 -377 -1266
0 5 116 2 650 -1472
0 5 117 2 29 -710
0 5 118 2 1530 -987
0 5 119 2 -231 1971
0 5 120 2 78 1279
0 5 121 2 -371 -584
0 5 122 2 -1273 -500
0 5 123 2 1516 -841
0 5 124 2 -957 -554
0 5 125 2 -384 670
0 5 126 2 -629 -1834
0 5 127 2 106 116
0 5 128 2 -2236 723
0 5 129 2 -2082 239
0 5 130 2 -2034 308
0 5 131 2 -508 -263
0 5 132 2 2887 55
0 5 133 2 1994 373
0 5 134 2 -27 -1680
0 5 135 2 75 1764
0 5 136 2 -2177 683
0 5 137 2 -299 926
0 5 138 2 -839 1099
0 5 139 2 -553 -602
0 5 140 2 285 -650
0 5 141 2 962 -1056
0 5 142 2 -1287 -1225
0 5 143 2 2924 -1996
0 5 144 2 16580 29052
0 5 145 2 -1995 -43947
0 5 146 2 15807 27789
0 5 147 2 -30177 16202
0 5 148 2 2172 13767
0 5 149 2 14458 -27839
0 5 150 2 -501 -12424
0 5 151 2 15869 -1657
0 5 152 2 766 46754
0 5 153 2 12252 -1475
0 5 154 2 -1880 45393
0 5 155 2 -463 42328
0 5 156 2 -43904 1403
0 5 157 2 -28632 -13062
0 5 158 2 -15494 280
0 5 159 2 23875 25260
0 5 160 2 15054 -28782
0 5 161 2 -15922 30713
0 5 162 2 28379 -12717
0 5 163 2 -1798 -44620
0 5 164 2 -2242 -43391
0 5 165 2 15035 -94
0 5 166 2 -28781 -12619
0 5 167 2 -13025 27868
0 5 168 2 -43925 278
0 5 169 2 28661 13094
0 5 170 2 -124 -14375
0 5 171 2 -46069 1176
0 5 172 2 42924 -286
0 5 173 2 43767 -940
0 5 174 2 30098 16407
0 5 175 2 2145 15315
0 5 176 2 2059 12875
0 5 177 2 736 44063
0 5 178 2 -28766 -12444
0 5 179 2 -17988 -29578
0 5 180 2 -27894 16024
0 5 181 2 12469 -30804
0 5 182 2 1440 43740
0 5 183 2 41909 -539
0 5 184 2 13831 -32545
0 5 185 2 -15093 29238
0 5 186 2 41038 -633
0 5 187 2 30270 -16013
0 5 188 2 16329 28351
0 5 189 2 336 -44765
0 5 190 2 -15089 -2742
0 5 191 2 23726 21155
0 5 192 2 -27031 14175
0 5 193 2 -30594 -15478
0 5 194 2 1571 43143
0 5 195 2 -31622 -12544
0 5 196 2 -14515 -28432
0 5 197 2 14633 28663
0 5 198 2 30558 13053
0 5 199 2 -30069 -13182
0 5 200 2 16601 27420
0 5 201 2 29622 15006
0 5 202 2 1180 13330
0 5 203 2 -28831 13475
0 5 204 2 14499 28117
0 5 205 2 -44285 1978
0 5 206 2 -1232 -14376
0 5 207 2 1073 44892
0 5 208 2 -15523 1190
0 5 209 2 -30673 16186
0 5 210 2 17817 28687
0 5 211 2 15784 28831
0 5 212 2 -14763 1400
0 5 213 2 -42675 3168
0 5 214 2 -44087 482
0 5 215 2 1595 14316
0 5 216 2 1202 -44618
0 5 217 2 14136 492
0 5 218 2 -14304 186
0 5 219 2 -14910 -28800
0 5 220 2 -2354 -42784
0 5 221 2 -29198 14094
0 5 222 2 -203 -44463
0 5 223 2 24068 21331
0 5 224 2 -12911 30810
0 5 225 2 28315 -15230
0 5 226 2 273 42421
0 5 227 2 -26863 16368
0 5 228 2 13344 -30751
0 5 229 2 29026 11291
0 5 230 2 -43862 1323
0 5 231 2 -45799 1499
0 5 232 2 -15635 30062
0 5 233 2 14445 -969
0 5 234 2 42685 -1049
0 5 235 2 13051 -27606
0 5 236 2 -1334 -44087
0 5 237 2 -43371 1089
0 5 238 2 -31305 -13833
0 5 239 2 -14798 -28920
0 5 240 2 -17084 -27266
0 5 241 2 27855 -15625
0 5 242 2 12765 -1271
0 5 243 2 28923 15485
0 5 244 2 -26313 17352
0 5 245 2 -43065 156
0 5 246 2 -28536 16457
0 5 247 2 42417 -860
0 5 248 2 -28200 -14716
0 5 249 2 -1341 -16686
0 5 250 2 45084 -1765
0 5 251 2 16767 30489
0 5 252 2 -12485 26269
0 5 253 2 -14363 -430
0 5 254 2 -14088 -29950
0 5 255 2 22718 21604
0 6 0 2 -759 -166
0 6 1 2 25458 21726
0 6 2 2 11224 -30376
0 6 3 2 13205 -30499
0 6 4 2 -44899 1831
0 6 5 2 -2655 -15937
0 6 6 2 -28291 -13491
0 6 7 2 -29948 16912
0 6 8 2 663 43100
0 6 9 2 -44746 5429
0 6 10 2 -12559 31645
0 6 11 2 10779 -29519
0 6 12 2 29848 15875
0 6 13 2 18096 28296
0 6 14 2 15095 -2035
0 6 15 2 -27901 17867
0 6 16 2 1463 14576
0 6 17 2 1861 18622
0 6 18 2 14767 1426
0 6 19 2 46902 -4531
0 6 20 2 29268 -16442
0 6 21 2 -17615 -27121
0 6 22 2 -28751 14966
0 6 23 2 -2493 -44854
0 6 24 2 -28082 16795
0 6 25 2 -29056 -9766
0 6 26 2 644 43328
0 6 27 2 13022 806
0 6 28 2 17459 29723
0 6 29 2 12769 -30654
0 6 30 2 -3269 -43625
0 6 31 2 -125 -14386
0 6 32 2 17185 27566
0 6 33 2 24556 19871
0 6 34 2 43089 -6668
0 6 35 2 30096 15886
0 6 36 2 -1561 -15745
0 6 37 2 2195 43153
0 6 38 2 -13662 893
0 6 39 2 17965 29260
0 6 40 2 17391 28490
0 6 41 2 2064 15016
0 6 42 2 -13727 29396
0 6 43 2 16209 29540
0 6 44 2 -253 -15434
0 6 45 2 1856 44303
0 6 46 2 -27382 15983
0 6 47 2 43385 -1801
0 6 48 2 12983 -29981
0 6 49 2 -28421 -14744
0 6 50 2 17 -14860
0 6 51 2 17282 25697
0 6 52 2 -45298 2360
0 6 53 2 -44946 2259
0 6 54 2 -401 12371
0 6 55 2 -3820 -41331
0 6 56 2 -1239 -45122
0 6 57 2 3938 43762
0 6 58 2 -1966 -15872
0 6 59 2 -32827 -12616
0 6 60 2 539 14297
0 6 61 2 43411 -4487
0 6 62 2 3117 42959
0 6 63 2 -1373 -14851
0 6 64 2 12953 -31322
0 6 65 2 22666 22935
0 6 66 2 30767 13036
0 6 67 2 18334 28130
0 6 68 2 17454 709
0 6 69 2 -27889 18458
0 6 70 2 -17514 -29185
0 6 71 2 44355 -1522
0 6 72 2 -17637 -29379
0 6 73 2 -44686 5295
0 6 74 2 14673 29432
0 6 75 2 45504 -2992
0 6 76 2 -12795 887
0 6 77 2 -44534 2439
0 6 78 2 43523 -2237
0 6 79 2 28475 12486
0 6 80 2 31855 13631
0 6 81 2 30080 12961
0 6 82 2 -15288 -26582
0 6 83 2 -1483 -43880
0 6 84 2 -13648 -518
0 6 85 2 -12157 27621
0 6 86 2 -508 15853
0 6 87 2 -32423 -11841
0 6 88 2 14680 -32238
0 6 89 2 17095 28985
0 6 90 2 -14450 -190
0 6 91 2 15095 28088
0 6 92 2 -13890 30214
0 6 93 2 -14334 29549
0 6 94 2 15441 -2634
0 6 95 2 42687 -4094
0 6 96 2 33107 12548
0 6 97 2 25012 22023
0 6 98 2 -12765 31126
0 6 99 2 26899 -17388
0 6 100 2 16788 28150
0 6 101 2 43229 -2354
0 6 102 2 43133 -4553
0 6 103 2 44481 -3289
0 6 104 2 -17634 -28121
0 6 105 2 -5463 -44185
0 6 106 2 -43576 3524
0 6 107 2 -43290 3959
0 6 108 2 -44672 2107
0 6 109 2 16471 -1763
0 6 110 2 28701 13408
0 6 111 2 -14758 2860
0 6 112 2 -41875 5099
0 6 113 2 -985 -95
0 6 114 2 1 -523
0 6 115 2 184 1245
0 6 116 2 -2098 80
0 6 117 2 -2058 -566
0 6 118 2 -1429 1659
0 6 119 2 673 1115
0 6 120 2 648 249
0 6 121 2 -1004 -1
0 6 122 2 323 -573
0 6 123 2 -1206 -52
0 6 124 2 40 -247
0 6 125 2 976 -1374
0 6 126 2 56 -250
0 6 127 2 1067 -309
0 6 128 2 -1131 -573
0 6 129 2 -955 -181
0 6 130 2 449 -1810
0 6 131 2 1444 314
0 6 132 2 -490 -318
0 6 133 2 119 2090
0 6 134 2 -1320 -85
0 6 135 2 -1092 -10
0 6 136 2 -126 891
0 6 137 2 -196 -1743
0 6 138 2 -93 -1448
0 6 139 2 1083 1324
0 6 140 2 -1476 1361
0 6 141 2 490 1399
0 6 142 2 1442 108
0 6 143 2 192 1161
0 6 144 2 16536 -4231
0 6 145 2 -27633 15911
0 6 146 2 -13636 30835
0 6 147 2 25845 -16485
0 6 148 2 2302 14703
0 6 149 2 2977 42478
0 6 150 2 3528 45072
0 6 151 2 -13800 30576
0 6 152 2 -11615 30505
0 6 153 2 -1901 -13122
0 6 154 2 -13116 2669
0 6 155 2 -14211 472
0 6 156 2 -42598 1724
0 6 157 2 681 14403
0 6 158 2 88 18082
0 6 159 2 25480 20205
0 6 160 2 30888 14857
0 6 161 2 -16513 77
0 6 162 2 -12873 30282
0 6 163 2 -15037 29710
0 6 164 2 -29759 -12540
0 6 165 2 -1124 14134
0 6 166 2 43580 -2733
0 6 167 2 31378 13560
0 6 168 2 29779 -15526
0 6 169 2 43691 -3110
0 6 170 2 720 15739
0 6 171 2 -680 -45164
0 6 172 2 15702 28440
0 6 173 2 3082 12438
0 6 174 2 14983 -1296
0 6 175 2 28275 -18474
0 6 176 2 -28707 -13821
0 6 177 2 16088 -2490
0 6 178 2 -31789 -13269
0 6 179 2 -14087 879
0 6 180 2 -3527 -41972
0 6 181 2 616 13314
0 6 182 2 2114 41611
0 6 183 2 3166 45362
0 6 184 2 -15126 31567
0 6 185 2 15073 -1468
0 6 186 2 2555 14665
0 6 187 2 26688 -18430
0 6 188 2 3900 42548
0 6 189 2 -3282 -43658
0 6 190 2 1218 13745
0 6 191 2 22639 19670
0 6 192 2 500 16574
0 6 193 2 42826 -3937
0 6 194 2 -14615 868
0 6 195 2 45544 1027
0 6 196 2 -11116 30196
0 6 197 2 -32062 -11731
0 6 198 2 11921 -30025
0 6 199 2 -13129 30145
0 6 200 2 -27855 16278
0 6 201 2 -2897 -12853
0 6 202 2 -2129 -42420
0 6 203 2 -663 -15904
0 6 204 2 14046 234
0 6 205 2 -30762 -15486
0 6 206 2 2832 14934
0 6 207 2 1065 13680
0 6 208 2 948 17095
0 6 209 2 -43575 5047
0 6 210 2 -44097 3174
0 6 211 2 -27123 16214
0 6 212 2 -46022 3705
0 6 213 2 -1559 -13865
0 6 214 2 133 14635
0 6 215 2 16758 28768
0 6 216 2 16008 31214
0 6 217 2 -1730 -14999
0 6 218 2 -624 -17382
0 6 219 2 -43510 3280
0 6 220 2 -26010 17235
0 6 221 2 27286 -17097
0 6 222 2 2888 14453
0 6 223 2 26271 20734
0 6 224 2 14198 -980
0 6 225 2 -43984 4418
0 6 226 2 13036 -28238
0 6 227 2 27793 -14867
0 6 228 2 15269 -29689
0 6 229 2 11329 -30389
0 6 230 2 -13778 -1778
0 6 231 2 2549 42093
0 6 232 2 3380 45290
0 6 233 2 -15984 -825
0 6 234 2 -16978 -27358
0 6 235 2 -2702 -44615
0 6 236 2 44901 -2849
0 6 237 2 -14409 1989
0 6 238 2 -17870 -26063
0 6 239 2 -45874 3691
0 6 240 2 -16132 -28023
0 6 241 2 14706 -2625
0 6 242 2 30497 13908
0 6 243 2 -13046 29761
0 6 244 2 -30691 -12893
0 6 245 2 -44537 1884
0 6 246 2 16345 28500
0 6 247 2 -15493 3411
0 6 248 2 -30354 -11580
0 6 249 2 28201 -17547
0 6 250 2 -30541 -13339
0 6 251 2 27309 -18684
0 6 252 2 -5477 -45126
0 6 253 2 42549 -3938
0 6 254 2 959 16071
0 6 255 2 24567 21280
0 7 0 2 -1995 516
0 7 1 2 26832 20950
0 7 2 2 15089 -1831
0 7 3 2 17113 30227
0 7 4 2 17868 28774
0 7 5 2 2852 43253
0 7 6 2 -44996 4736
0 7 7 2 -1731 -13337
0 7 8 2 1716 14515
0 7 9 2 -28401 15823
0 7 10 2 44539 -4578
0 7 11 2 -2964 -15906
0 7 12 2 -27931 -12206
0 7 13 2 13101 580
0 7 14 2 -42319 4815
0 7 15 2 11824 -30695
0 7 16 2 -18193 -30021
0 7 17 2 12362 -29830
0 7 18 2 -11962 30446
0 7 19 2 30298 12945
0 7 20 2 757 14313
0 7 21 2 12442 -31023
0 7 22 2 4029 15225
0 7 23 2 -2221 -12758
0 7 24 2 11396 -30591
0 7 25 2 -2420 -14794
0 7 26 2 16229 30278
0 7 27 2 -45418 3436
0 7 28 2 1471 16992
0 7 29 2 -115 14669
0 7 30 2 3674 43268
0 7 31 2 -30946 -13808
0 7 32 2 2668 11273
0 7 33 2 24828 19727
0 7 34 2 -17450 -27111
0 7 35 2 173 -13717
0 7 36 2 -2901 -42460
0 7 37 2 -26290 16323
0 7 38 2 -12679 1788
0 7 39 2 45617 -1734
0 7 40 2 -42938 1901
0 7 41 2 -32109 -12337
0 7 42 2 44856 -3793
0 7 43 2 -14029 31965
0 7 44 2 -15437 1724
0 7 45 2 -489 -14569
0 7 46 2 -26969 16411
0 7 47 2 16591 27163
0 7 48 2 29886 10946
0 7 49 2 -32486 -13558
0 7 50 2 18746 29102
0 7 51 2 30798 12752
0 7 52 2 1491 14766
0 7 53 2 -26320 14303
0 7 54 2 43607 -3033
0 7 55 2 42123 -3385
0 7 56 2 16437 -834
0 7 57 2 -4466 -43672
0 7 58 2 -12505 31852
0 7 59 2 -42996 3686
0 7 60 2 -11831 31767
0 7 61 2 16777 -993
0 7 62 2 16560 28515
0 7 63 2 -12072 30881
0 7 64 2 44197 -4128
0 7 65 2 26370 20429
0 7 66 2 -2102 -17292
0 7 67 2 14811 -29733
0 7 68 2 -20 -12797
0 7 69 2 43393 699
0 7 70 2 -26692 16670
0 7 71 2 -12289 29922
0 7 72 2 12144 -816
0 7 73 2 30212 -16040
0 7 74 2 45325 -3643
0 7 75 2 42978 -2664
0 7 76 2 14411 27793
0 7 77 2 -25631 16526
0 7 78 2 15697 25696
0 7 79 2 -664 -17167
0 7 80 2 -9619 29768
0 7 81 2 12924 -29781
0 7 82 2 11753 -31321
0 7 83 2 -158 -15744
0 7 84 2 -3311 -43318
0 7 85 2 32293 15211
0 7 86 2 -5015 -43473
0 7 87 2 -45370 2462
0 7 88 2 43398 -1798
0 7 89 2 -14001 1810
0 7 90 2 -3229 -43238
0 7 91 2 2294 16447
0 7 92 2 -14000 -676
0 7 93 2 -14355 1439
0 7 94 2 30068 13373
0 7 95 2 4636 44005
0 7 96 2 28700 13504
0 7 97 2 23954 19513
0 7 98 2 -42322 4515
0 7 99 2 15443 -576
0 7 100 2 -15413 1508
0 7 101 2 -30428 -14302
0 7 102 2 -12400 3574
0 7 103 2 16170 27425
0 7 104 2 12734 -31139
0 7 105 2 46159 -4155
0 7 106 2 29719 12289
0 7 107 2 27878 -17900
0 7 108 2 -29475 16864
0 7 109 2 -26426 16568
0 7 110 2 -25748 15226
0 7 111 2 16342 -2306
0 7 112 2 45049 -3597
0 7 113 2 1288 447
0 7 114 2 204 -216
0 7 115 2 1108 647
0 7 116 2 -101 254
0 7 117 2 -1360 2100
0 7 118 2 311 -946
0 7 119 2 869 393
0 7 120 2 -2775 756
0 7 121 2 -958 279
0 7 122 2 -1 1724
0 7 123 2 779 -52
0 7 124 2 -975 -904
0 7 125 2 -1264 567
0 7 126 2 -2851 2088
0 7 127 2 121 -923
0 7 128 2 1210 -81
0 7 129 2 1304 -1988
0 7 130 2 -1500 -897
0 7 131 2 3379 424
0 7 132 2 629 779
0 7 133 2 214 1094
0 7 134 2 1027 -774
0 7 135 2 443 -162
0 7 136 2 -1233 597
0 7 137 2 139 -225
0 7 138 2 1029 -869
0 7 139 2 1685 -366
0 7 140 2 1697 523
0 7 141 2 -1072 -343
0 7 142 2 1243 885
0 7 143 2 -1051 -1363
0 7 144 2 -31665 -10623
0 7 145 2 353 -13538
0 7 146 2 17807 29503
0 7 147 2 28934 -15116
0 7 148 2 -3734 -13062
0 7 149 2 -11463 31912
0 7 150 2 3769 42364
0 7 151 2 -32038 -13119
0 7 152 2 13805 -29752
0 7 153 2 27849 14439
0 7 154 2 -30981 -14096
0 7 155 2 -468 15172
0 7 156 2 45648 -3750
0 7 157 2 1501 43902
0 7 158 2 15431 26808
0 7 159 2 21739 18756
0 7 160 2 -12338 32658
0 7 161 2 129 -15149
0 7 162 2 17971 29112
0 7 163 2 3792 44770
0 7 164 2 15953 -2003
0 7 165 2 -41236 4495
0 7 166 2 16463 26134
0 7 167 2 15714 26389
0 7 168 2 14285 -3722
0 7 169 2 14074 -31184
0 7 170 2 18440 27167
0 7 171 2 15361 26037
0 7 172 2 44236 -6394
0 7 173 2 42389 -2663
0 7 174 2 16482 26622
0 7 175 2 43751 -3847
0 7 176 2 -43321 2056
0 7 177 2 -12177 29661
0 7 178 2 -27390 15897
0 7 179 2 -3544 -45503
0 7 180 2 -16386 -27317
0 7 181 2 42977 -3478
0 7 182 2 3309 46301
0 7 183 2 29331 12926
0 7 184 2 3614 43945
0 7 185 2 -15644 -26411
0 7 186 2 -4016 -44955
0 7 187 2 -12590 31326
0 7 188 2 745 13083
0 7 189 2 -32001 -14490
0 7 190 2 12691 -28388
0 7 191 2 22913 22376
0 7 192 2 -429 -14674
0 7 193 2 -3155 -44423
0 7 194 2 3693 44436
0 7 195 2 28379 11260
0 7 196 2 -3588 -43975
0 7 197 2 11371 -30524
0 7 198 2 -2369 -43505
0 7 199 2 -1676 -14604
0 7 200 2 44331 -3149
0 7 201 2 26441 -15124
0 7 202 2 -29435 17203
0 7 203 2 -13551 28650
0 7 204 2 6593 44972
0 7 205 2 30508 10705
0 7 206 2 -1207 14340
0 7 207 2 -3752 -43329
0 7 208 2 -10442 28924
0 7 209 2 -2887 -45299
0 7 210 2 31139 11357
0 7 211 2 -1413 -45648
0 7 212 2 29352 -14966
0 7 213 2 -46177 5316
0 7 214 2 -1398 -13774
0 7 215 2 -12260 2599
0 7 216 2 -14630 3788
0 7 217 2 2316 13445
0 7 218 2 28082 -16222
0 7 219 2 -658 15654
0 7 220 2 29889 -18054
0 7 221 2 -43780 2640
0 7 222 2 -44674 3636
0 7 223 2 25841 22279
0 7 224 2 -638 14867
0 7 225 2 -1198 -40101
0 7 226 2 -11231 31193
0 7 227 2 -12596 30203
0 7 228 2 -31681 -11296
0 7 229 2 517 15825
0 7 230 2 17532 25877
0 7 231 2 14214 -4345
0 7 232 2 -3919 -43992
0 7 233 2 10649 -28181
0 7 234 2 -14454 1797
0 7 235 2 -2185 -44380
0 7 236 2 -19007 -28942
0 7 237 2 -29057 -14142
0 7 238 2 29443 -18020
0 7 239 2 2251 -12942
0 7 240 2 3217 43138
0 7 241 2 41847 -3844
0 7 242 2 -17402 -26929
0 7 243 2 2674 16055
0 7 244 2 -883 -13295
0 7 245 2 42989 -1810
0 7 246 2 -28624 15850
0 7 247 2 -2323 -44787
0 7 248 2 12641 -29193
0 7 249 2 4356 44900
0 7 250 2 -2994 -44161
0 7 251 2 44519 -2402
0 7 252 2 12589 -29736
0 7 253 2 -862 -14662
0 7 254 2 -3254 -45993
0 7 255 2 23077 20704
0 8 0 2 480 -1894
0 8 1 2 25407 21177
0 8 2 2 6090 43348
0 8 3 2 7142 45079
0 8 4 2 -15462 3901
0 8 5 2 -17306 -28695
0 8 6 2 -9841 31228
0 8 7 2 -42542 5577
0 8 8 2 44500 -3866
0 8 9 2 18002 28621
0 8 10 2 -30682 -11623
0 8 11 2 30445 12184
0 8 12 2 -17000 -25758
0 8 13 2 -2385 -14415
0 8 14 2 17930 28359
0 8 15 2 -30629 -7473
0 8 16 2 -17695 -29881
0 8 17 2 -7638 -43612
0 8 18 2 -44343 3347
0 8 19 2 27327 -17984
0 8 20 2 -28268 15327
0 8 21 2 -1336 -15094
0 8 22 2 498 16196
0 8 23 2 30008 -16692
0 8 24 2 -10796 30513
0 8 25 2 -44115 3991
0 8 26 2 -7182 -42667
0 8 27 2 28673 11277
0 8 28 2 15469 -521
0 8 29 2 26284 -17154
0 8 30 2 -26937 17051
0 8 31 2 -18989 -28733
0 8 32 2 12721 -1824
0 8 33 2 25577 20452
0 8 34 2 -4732 -45384
0 8 35 2 -17230 -31073
0 8 36 2 16908 26450
0 8 37 2 -11092 30720
0 8 38 2 -1562 -14011
0 8 39 2 -1244 -14526
0 8 40 2 14693 -485
0 8 41 2 1334 14924
0 8 42 2 2201 15933
0 8 43 2 -30535 -9919
0 8 44 2 -42845 6153
0 8 45 2 -10458 28507
0 8 46 2 -28959 17105
0 8 47 2 -11785 33438
0 8 48 2 -27623 17823
0 8 49 2 31729 10973
0 8 50 2 -31876 -10906
0 8 51 2 -12930 32514
0 8 52 2 17063 27985
0 8 53 2 -2439 -15138
0 8 54 2 31535 14075
0 8 55 2 29728 -15717
0 8 56 2 -29877 -12837
0 8 57 2 30266 12424
0 8 58 2 -17306 -27540
0 8 59 2 42941 -5507
0 8 60 2 -28772 18191
0 8 61 2 9359 -31461
0 8 62 2 -1837 -15040
0 8 63 2 1015 13562
0 8 64 2 -11477 30121
0 8 65 2 24313 18444
0 8 66 2 28776 12169
0 8 67 2 27590 -17677
0 8 68 2 -3293 -42624
0 8 69 2 -28406 -11854
0 8 70 2 12022 -30209
0 8 71 2 -15726 -28421
0 8 72 2 -44597 2887
0 8 73 2 -27336 15988
0 8 74 2 -28921 18383
0 8 75 2 -15489 224
0 8 76 2 13297 -2871
0 8 77 2 13456 -849
0 8 78 2 -14239 -1943
0 8 79 2 2925 44299
0 8 80 2 44712 -3308
0 8 81 2 -32028 -11127
0 8 82 2 -30115 21492
0 8 83 2 27782 -16897
0 8 84 2 11584 -32283
0 8 85 2 -3522 -16311
0 8 86 2 3798 43200
0 8 87 2 27095 -18071
0 8 88 2 -9641 31831
0 8 89 2 -30479 -10983
0 8 90 2 -11899 30616
0 8 91 2 39110 -6792
0 8 92 2 29213 -17977
0 8 93 2 -1856 -16856
0 8 94 2 -17008 504
0 8 95 2 43724 -7426
0 8 96 2 -1855 -14977
0 8 97 2 26990 19956
0 8 98 2 45012 -5873
0 8 99 2 -631 -15223
0 8 100 2 -14828 1953
0 8 101 2 -44514 5696
0 8 102 2 -11648 32259
0 8 103 2 24903 -20117
0 8 104 2 44419 -5714
0 8 105 2 2003 13833
0 8 106 2 -12471 33994
0 8 107 2 28200 -17834
0 8 108 2 17561 -2459
0 8 109 2 -10420 32118
0 8 110 2 -6007 -41075
0 8 111 2 -43891 6033
0 8 112 2 15943 29130
0 8 113 2 1281 1336
0 8 114 2 1381 347
0 8 115 2 1100 2438
0 8 116 2 2523 1872
0 8 117 2 -741 -819
0 8 118 2 -377 -1951
0 8 119 2 395 -1684
0 8 120 2 -2946 560
0 8 121 2 -1895 -1092
0 8 122 2 -887 -989
0 8 123 2 588 -2391
0 8 124 2 1038 491
0 8 125 2 1503 785
0 8 126 2 -204 -1061
0 8 127 2 596 -405
0 8 128 2 689 610
0 8 129 2 501 2939
0 8 130 2 -1699 -212
0 8 131 2 -1913 1406
0 8 132 2 1168 -520
0 8 133 2 1776 -218
0 8 134 2 -1886 349
0 8 135 2 -2304 1268
0 8 136 2 -1361 2061
0 8 137 2 -1446 -1293
0 8 138 2 -1554 -2277
0 8 139 2 -687 -1281
0 8 140 2 -233 -2291
0 8 141 2 -1069 -1247
0 8 142 2 587 -1987
0 8 143 2 115 2070
0 8 144 2 -4879 -44359
0 8 145 2 -28185 17024
0 8 146 2 -1632 -15261
0 8 147 2 1853 13764
0 8 148 2 -45168 4030
0 8 149 2 6323 45520
0 8 150 2 11017 -29687
0 8 151 2 -18568 -28216
0 8 152 2 -12272 27986
0 8 153 2 14496 27728
0 8 154 2 2931 43669
0 8 155 2 -11160 31288
0 8 156 2 18326 27479
0 8 157 2 -14595 1614
0 8 158 2 15470 -616
0 8 159 2 24734 21889
0 8 160 2 -27717 18558
0 8 161 2 1639 16424
0 8 162 2 -43740 5599
0 8 163 2 12659 -2099
0 8 164 2 28927 -15447
0 8 165 2 -25596 19354
0 8 166 2 -45652 5348
0 8 167 2 9198 -30752
0 8 168 2 28542 -17512
0 8 169 2 10469 -30707
0 8 170 2 4847 43631
0 8 171 2 -10267 30002
0 8 172 2 3259 15484
0 8 173 2 43369 -4235
0 8 174 2 -45485 7339
0 8 175 2 32147 11226
0 8 176 2 -5246 -44422
0 8 177 2 -7779 -43078
0 8 178 2 29178 -17637
0 8 179 2 -9812 31890
0 8 180 2 757 -16053
0 8 181 2 45830 -4067
0 8 182 2 -8952 30759
0 8 183 2 2088 15020
0 8 184 2 9770 -29315
0 8 185 2 28960 -18312
0 8 186 2 28164 -18312
0 8 187 2 -25442 18123
0 8 188 2 -13943 1875
0 8 189 2 -2773 -15692
0 8 190 2 -44733 4689
0 8 191 2 23488 20182
0 8 192 2 5463 44031
0 8 193 2 28381 -15582
0 8 194 2 -4566 -43397
0 8 195 2 5632 42057
0 8 196 2 -26667 18288
0 8 197 2 -14259 2443
0 8 198 2 14329 -1535
0 8 199 2 -12715 29923
0 8 200 2 -32936 -11947
0 8 201 2 -28136 16422
0 8 202 2 2278 41986
0 8 203 2 26736 -16714
0 8 204 2 29824 10546
0 8 205 2 18576 28256
0 8 206 2 32478 12953
0 8 207 2 11729 -30603
0 8 208 2 15039 -1818
0 8 209 2 5406 44010
0 8 210 2 -25803 18621
0 8 211 2 -18940 -25270
0 8 212 2 41877 -3460
0 8 213 2 27897 -18115
0 8 214 2 -43574 5934
0 8 215 2 -45697 4177
0 8 216 2 26391 -19434
0 8 217 2 5947 41459
0 8 218 2 18515 31131
0 8 219 2 4691 43589
0 8 220 2 29304 12920
0 8 221 2 14658 -1885
0 8 222 2 28747 12478
0 8 223 2 26510 19075
0 8 224 2 12223 -30216
0 8 225 2 18540 28881
0 8 226 2 4122 14195
0 8 227 2 6438 44552
0 8 228 2 -13800 5566
0 8 229 2 -4987 -43109
0 8 230 2 14426 754
0 8 231 2 -5773 -40538
0 8 232 2 9635 -32038
0 8 233 2 30738 10997
0 8 234 2 -14503 1833
0 8 235 2 -6733 -42928
0 8 236 2 -14634 2139
0 8 237 2 18726 28469
0 8 238 2 -31451 -11925
0 8 239 2 13057 -2278
0 8 240 2 -11753 31084
0 8 241 2 -14647 843
0 8 242 2 13231 -33319
0 8 243 2 18176 27833
0 8 244 2 -12663 34135
0 8 245 2 -15628 1382
0 8 246 2 27685 -17822
0 8 247 2 32026 10044
0 8 248 2 13979 1055
0 8 249 2 27854 -16015
0 8 250 2 -808 -15137
0 8 251 2 -29083 17183
0 8 252 2 18037 26388
0 8 253 2 11905 -30360
0 8 254 2 -5914 -44170
0 8 255 2 28117 19430
0 9 0 2 1022 696
0 9 1 2 25534 19231
0 9 2 2 -25098 17708
0 9 3 2 -44578 9167
0 9 4 2 31773 11320
0 9 5 2 26123 -19409
0 9 6 2 -8315 30489
0 9 7 2 8897 42019
0 9 8 2 4021 13703
0 9 9 2 10693 -29757
0 9 10 2 -26270 19371
0 9 11 2 8907 42791
0 9 12 2 27145 -17876
0 9 13 2 -14662 2125
0 9 14 2 3810 13519
0 9 15 2 5463 15046
0 9 16 2 21403 26614
0 9 17 2 -10801 30455
0 9 18 2 8727 45122
0 9 19 2 27484 -19448
0 9 20 2 -33135 -8560
0 9 21 2 -7051 -42229
0 9 22 2 -9297 32605
0 9 23 2 -8693 31817
0 9 24 2 -8354 33558
0 9 25 2 26088 -19550
0 9 26 2 -27195 19160
0 9 27 2 19146 26712
0 9 28 2 20122 27154
0 9 29 2 30783 9883
0 9 30 2 19000 26983
0 9 31 2 28387 11167
0 9 32 2 8578 43063
0 9 33 2 26135 17848
0 9 34 2 30874 10708
0 9 35 2 24957 -18509
0 9 36 2 8829 -31750
0 9 37 2 -22193 -26273
0 9 38 2 -2298 -15136
0 9 39 2 -31096 -8022
0 9 40 2 -44006 9437
0 9 41 2 -26315 20402
0 9 42 2 -13401 3866
0 9 43 2 -15182 2141
0 9 44 2 43168 -5636
0 9 45 2 6216 43378
0 9 46 2 26474 -20019
0 9 47 2 -26315 20497
0 9 48 2 -20339 -24492
0 9 49 2 13544 -852
0 9 50 2 15490 -2002
0 9 51 2 27340 -23728
0 9 52 2 25629 -20273
0 9 53 2 30462 10219
0 9 54 2 -32537 -9840
0 9 55 2 -26381 21262
0 9 56 2 30463 8413
0 9 57 2 -2977 -15024
0 9 58 2 19757 23807
0 9 59 2 31015 9810
0 9 60 2 31973 9740
0 9 61 2 -8811 -42189
0 9 62 2 -9317 -42830
0 9 63 2 24920 -19423
0 9 64 2 13118 -2732
0 9 65 2 25447 17059
0 9 66 2 5513 11967
0 9 67 2 -32397 -8331
0 9 68 2 14885 -3577
0 9 69 2 8535 42725
0 9 70 2 -24248 19305
0 9 71 2 -19144 -24466
0 9 72 2 -25188 19081
0 9 73 2 -27890 20901
0 9 74 2 13436 -3892
0 9 75 2 19603 27430
0 9 76 2 29308 9252
0 9 77 2 -10574 32819
0 9 78 2 -3577 -13606
0 9 79 2 9581 -31672
0 9 80 2 14254 -1256
0 9 81 2 30788 7383
0 9 82 2 3124 15649
0 9 83 2 -29479 -8090
0 9 84 2 10759 -31940
0 9 85 2 21150 27379
0 9 86 2 -16111 956
0 9 87 2 23337 26628
0 9 88 2 12706 -4068
0 9 89 2 -14903 3213
0 9 90 2 29022 -22237
0 9 91 2 -31787 -8134
0 9 92 2 -27686 21782
0 9 93 2 44011 -7787
0 9 94 2 -3410 -14792
0 9 95 2 12770 -3752
0 9 96 2 30634 8696
0 9 97 2 30512 19479
0 9 98 2 7274 44189
0 9 99 2 -41508 9038
0 9 100 2 8080 -32872
0 9 101 2 26354 -17767
0 9 102 2 7326 43092
0 9 103 2 -7299 -43234
0 9 104 2 -42862 8267
0 9 105 2 -19645 -25269
0 9 106 2 -2649 -12540
0 9 107 2 43231 -9479
0 9 108 2 10525 -32004
0 9 109 2 7158 42400
0 9 110 2 30107 8500
0 9 111 2 10022 44693
0 9 112 2 -20629 -25395
0 9 113 2 -123 691
0 9 114 2 -2230 -1108
0 9 115 2 0 59
0 9 116 2 -96 1865
0 9 117 2 263 -1002
0 9 118 2 318 501
0 9 119 2 157 223
0 9 120 2 -514 -195
0 9 121 2 791 1258
0 9 122 2 1128 2331
0 9 123 2 -2071 -416
0 9 124 2 1141 -175
0 9 125 2 1610 -1782
0 9 126 2 421 -2818
0 9 127 2 -1720 -1183
0 9 128 2 -2110 -32
0 9 129 2 -3065 -716
0 9 130 2 -905 1640
0 9 131 2 655 1352
0 9 132 2 485 -992
0 9 133 2 2714 -516
0 9 134 2 1289 -232
0 9 135 2 604 698
0 9 136 2 1290 1710
0 9 137 2 2530 482
0 9 138 2 -961 1960
0 9 139 2 1436 1081
0 9 140 2 -1808 -1057
0 9 141 2 1217 1054
0 9 142 2 2503 1029
0 9 143 2 508 -1589
0 9 144 2 -9464 -42286
0 9 145 2 -8841 30608
0 9 146 2 2676 10765
0 9 147 2 -30489 -8655
0 9 148 2 -14742 3563
0 9 149 2 4077 15004
0 9 150 2 -27339 18001
0 9 151 2 7334 -33031
0 9 152 2 42796 -7243
0 9 153 2 25718 -20304
0 9 154 2 -9710 31951
0 9 155 2 -19162 -25469
0 9 156 2 12268 -30858
0 9 157 2 20820 25475
0 9 158 2 -3725 -13438
0 9 159 2 29736 18521
0 9 160 2 -42062 5840
0 9 161 2 -13797 777
0 9 162 2 1732 15591
0 9 163 2 -7172 -42987
0 9 164 2 25297 -22855
0 9 165 2 30952 9657
0 9 166 2 -9470 31691
0 9 167 2 -23746 19803
0 9 168 2 -31092 -10065
0 9 169 2 -3732 -13304
0 9 170 2 7521 -33339
0 9 171 2 21029 25917
0 9 172 2 26992 -18063
0 9 173 2 -30104 -8300
0 9 174 2 -3231 -14495
0 9 175 2 2904 14242
0 9 176 2 -11055 31978
0 9 177 2 8878 -29463
0 9 178 2 -42264 9083
0 9 179 2 -10369 -43735
0 9 180 2 25902 -19799
0 9 181 2 -19564 -25691
0 9 182 2 23124 -17939
0 9 183 2 43466 -7023
0 9 184 2 45277 -8159
0 9 185 2 -1650 -15308
0 9 186 2 -42720 7631
0 9 187 2 -33247 -9864
0 9 188 2 -32823 -11518
0 9 189 2 19535 24821
0 9 190 2 -43339 7250
0 9 191 2 26784 17885
0 9 192 2 10190 -31472
0 9 193 2 -14177 2526
0 9 194 2 -41635 6119
0 9 195 2 20090 26469
0 9 196 2 -9281 -41375
0 9 197 2 -26685 17044
0 9 198 2 -5385 -12343
0 9 199 2 25753 -19532
0 9 200 2 -25757 21098
0 9 201 2 18236 26033
0 9 202 2 -26279 21433
0 9 203 2 -14386 5102
0 9 204 2 18743 26180
0 9 205 2 42585 -6335
0 9 206 2 -4491 -14203
0 9 207 2 -3281 -15188
0 9 208 2 -2553 -14663
0 9 209 2 -10919 31949
0 9 210 2 43842 -8198
0 9 211 2 -16709 2531
0 9 212 2 13920 -2735
0 9 213 2 4491 13253
0 9 214 2 -31789 -7476
0 9 215 2 14229 -5876
0 9 216 2 30999 7884
0 9 217 2 26989 -18829
0 9 218 2 -14952 899
0 9 219 2 -25813 17001
0 9 220 2 -31134 -8463
0 9 221 2 -15152 5201
0 9 222 2 13670 -3080
0 9 223 2 26963 19053
0 9 224 2 25197 -19740
0 9 225 2 27965 7302
0 9 226 2 41996 -7764
0 9 227 2 -11012 -42487
0 9 228 2 39641 -9157
0 9 229 2 -3285 -15600
0 9 230 2 21488 24776
0 9 231 2 -42417 7742
0 9 232 2 -20100 -26777
0 9 233 2 -2026 -16650
0 9 234 2 -3356 -14419
0 9 235 2 10268 -32439
0 9 236 2 -29698 -9230
0 9 237 2 -7382 31125
0 9 238 2 -8979 32143
0 9 239 2 9366 -32229
0 9 240 2 10520 41869
0 9 241 2 -42616 8064
0 9 242 2 1585 14400
0 9 243 2 32936 8685
0 9 244 2 1746 15125
0 9 245 2 26385 -19565
0 9 246 2 -9680 29811
0 9 247 2 605 13910
0 9 248 2 12928 -933
0 9 249 2 -8839 -44408
0 9 250 2 -9177 30655
0 9 251 2 -43007 8903
0 9 252 2 15713 -4314
0 9 253 2 -13706 2508
0 9 254 2 -31612 -10980
0 9 255 2 24170 18432
0 10 0 2 631 -500
0 10 1 2 27715 18329
0 10 2 2 9753 -32491
0 10 3 2 2568 15198
0 10 4 2 -1622 -14572
0 10 5 2 32567 7379
0 10 6 2 19422 25240
0 10 7 2 -2465 -12731
0 10 8 2 8248 -30518
0 10 9 2 26015 -19056
0 10 10 2 -14613 1766
0 10 11 2 -10905 32950
0 10 12 2 -44409 6881
0 10 13 2 13040 -2425
0 10 14 2 -14913 3964
0 10 15 2 -9114 31532
0 10 16 2 8479 44548
0 10 17 2 -17685 -23788
0 10 18 2 -34048 -8626
0 10 19 2 7436 42940
0 10 20 2 14629 -4060
0 10 21 2 -24834 21528
0 10 22 2 8573 -30626
0 10 23 2 33336 7737
0 10 24 2 -19742 -23873
0 10 25 2 -28241 21936
0 10 26 2 22823 -18942
0 10 27 2 -24710 22004
0 10 28 2 -46620 7803
0 10 29 2 -14612 2147
0 10 30 2 -1500 -15469
0 10 31 2 -3608 -15834
0 10 32 2 -21424 -26039
0 10 33 2 26603 18084
0 10 34 2 26145 -19699
0 10 35 2 6961 42891
0 10 36 2 -44223 8497
0 10 37 2 -2419 -12904
0 10 38 2 -20068 -26300
0 10 39 2 -42964 6374
0 10 40 2 -30591 -5893
0 10 41 2 31203 7307
0 10 42 2 -7426 -42087
0 10 43 2 44702 -10254
0 10 44 2 13171 -4193
0 10 45 2 8578 -31084
0 10 46 2 -44592 8592
0 10 47 2 -13550 3654
0 10 48 2 31787 9120
0 10 49 2 -25840 21239
0 10 50 2 30464 9496
0 10 51 2 -8791 32207
0 10 52 2 -9447 -45278
0 10 53 2 -3391 -15086
0 10 54 2 -7062 -43850
0 10 55 2 -31684 -9761
0 10 56 2 43123 -7398
0 10 57 2 -19499 -26211
0 10 58 2 14181 -3308
0 10 59 2 3058 13737
0 10 60 2 42496 -8179
0 10 61 2 -2025 -14056
0 10 62 2 -21493 -25652
0 10 63 2 8851 -32717
0 10 64 2 -24608 18621
0 10 65 2 27921 18793
0 10 66 2 42521 -8714
0 10 67 2 43181 -8283
0 10 68 2 14279 -1767
0 10 69 2 -7898 -42706
0 10 70 2 -9322 -43785
0 10 71 2 -27837 18470
0 10 72 2 19524 25540
0 10 73 2 44526 -7084
0 10 74 2 -6389 32160
0 10 75 2 -6897 33314
0 10 76 2 32085 8239
0 10 77 2 10995 -30676
0 10 78 2 27659 -21062
0 10 79 2 32031 7602
0 10 80 2 33362 9104
0 10 81 2 -30554 -10286
0 10 82 2 8476 -31118
0 10 83 2 -33077 -11783
0 10 84 2 19740 26599
0 10 85 2 1890 16934
0 10 86 2 -15113 3785
0 10 87 2 9107 -31955
0 10 88 2 -31640 -8310
0 10 89 2 -43915 9656
0 10 90 2 -9194 31042
0 10 91 2 43347 -7224
0 10 92 2 -12001 2915
0 10 93 2 -9868 30630
0 10 94 2 -2319 -12538
0 10 95 2 43015 -8994
0 10 96 2 13148 -468
0 10 97 2 28496 17249
0 10 98 2 -24175 18964
0 10 99 2 -27407 21229
0 10 100 2 -31632 -8655
0 10 101 2 26747 -20211
0 10 102 2 -25574 19130
0 10 103 2 -7083 31216
0 10 104 2 8086 -30364
0 10 105 2 -32665 -7268
0 10 106 2 -8269 -44503
0 10 107 2 9834 -31382
0 10 108 2 18994 23993
0 10 109 2 -30447 -8492
0 10 110 2 31968 10348
0 10 111 2 -19491 -27133
0 10 112 2 -1616 -15040
0 10 113 2 -541 -555
0 10 114 2 -504 -77
0 10 115 2 -457 440
0 10 116 2 517 1925
0 10 117 2 2298 -1195
0 10 118 2 316 -1389
0 10 119 2 -1696 895
0 10 120 2 -75 -181
0 10 121 2 -298 1509
0 10 122 2 849 -1952
0 10 123 2 -1658 -231
0 10 124 2 -1172 497
0 10 125 2 199 813
0 10 126 2 1964 -93
0 10 127 2 -581 1103
0 10 128 2 68 -1124
0 10 129 2 656 80
0 10 130 2 -510 72
0 10 131 2 889 133
0 10 132 2 302 -1019
0 10 133 2 42 1358
0 10 134 2 1327 1038
0 10 135 2 687 2007
0 10 136 2 178 1535
0 10 137 2 18 1436
0 10 138 2 -553 -2036
0 10 139 2 1354 -795
0 10 140 2 -434 1157
0 10 141 2 1709 -942
0 10 142 2 -1958 -848
0 10 143 2 394 91
0 10 144 2 -26128 21319
0 10 145 2 -8598 34288
0 10 146 2 -24114 18376
0 10 147 2 -13751 2691
0 10 148 2 7791 -30333
0 10 149 2 -22962 -25676
0 10 150 2 42150 -7434
0 10 151 2 14395 -2364
0 10 152 2 27681 -20809
0 10 153 2 -7456 30520
0 10 154 2 -7190 -43215
0 10 155 2 7447 -31951
0 10 156 2 -30214 -7951
0 10 157 2 24971 -21468
0 10 158 2 -13790 2577
0 10 159 2 29206 16756
0 10 160 2 -8949 -43426
0 10 161 2 18195 26363
0 10 162 2 -3706 -16313
0 10 163 2 -25470 18845
0 10 164 2 -3772 -15926
0 10 165 2 -9825 31959
0 10 166 2 -19966 -26509
0 10 167 2 -3955 -13705
0 10 168 2 41667 -7787
0 10 169 2 -14735 2510
0 10 170 2 -8628 -43788
0 10 171 2 -44255 8814
0 10 172 2 6813 -30177
0 10 173 2 -16045 3343
0 10 174 2 1703 14644
0 10 175 2 42976 -6883
0 10 176 2 13934 -335
0 10 177 2 -9325 32432
0 10 178 2 -12910 3750
0 10 179 2 10138 41978
0 10 180 2 4920 14580
0 10 181 2 -1531 -15513
0 10 182 2 -26697 19636
0 10 183 2 -21447 -24920
0 10 184 2 -42643 6576
0 10 185 2 7778 44783
0 10 186 2 -3166 -15951
0 10 187 2 26996 -19887
0 10 188 2 20470 25255
0 10 189 2 -3653 -15710
0 10 190 2 40090 -7867
0 10 191 2 26100 19476
0 10 192 2 25120 -19181
0 10 193 2 -25805 18814
0 10 194 2 -8327 -45041
0 10 195 2 -6709 30884
0 10 196 2 2167 15448
0 10 197 2 14434 -4968
0 10 198 2 14769 -2773
0 10 199 2 -32275 -10325
0 10 200 2 -2987 -14855
0 10 201 2 -13739 3594
0 10 202 2 -43346 8423
0 10 203 2 -7355 -43722
0 10 204 2 41962 -7672
0 10 205 2 -8595 -42343
0 10 206 2 -14936 1849
0 10 207 2 -42690 8286
0 10 208 2 -20201 -26128
0 10 209 2 -5389 -15541
0 10 210 2 43458 -8155
0 10 211 2 8766 -30554
0 10 212 2 9686 -30605
0 10 213 2 14773 -2929
0 10 214 2 -19877 -26431
0 10 215 2 14790 -1155
0 10 216 2 -8706 31472
0 10 217 2 18607 28317
0 10 218 2 -14177 4688
0 10 219 2 -8258 -42120
0 10 220 2 18789 24801
0 10 221 2 21364 23712
0 10 222 2 -19915 -27295
0 10 223 2 27793 17203
0 10 224 2 32085 7582
0 10 225 2 9146 46180
0 10 226 2 -42601 9540
0 10 227 2 -13203 3094
0 10 228 2 21104 24448
0 10 229 2 27514 -20371
0 10 230 2 -15962 3919
0 10 231 2 7348 -29833
0 10 232 2 8353 -31448
0 10 233 2 7700 -33961
0 10 234 2 -9411 29875
0 10 235 2 -27014 20986
0 10 236 2 42597 -7558
0 10 237 2 -7043 -42869
0 10 238 2 1211 14984
0 10 239 2 -13693 31193
0 10 240 2 42086 -7940
0 10 241 2 25781 -18658
0 10 242 2 20209 26148
0 10 243 2 -9706 -42891
0 10 244 2 9559 42479
0 10 245 2 -26261 18878
0 10 246 2 8506 44408
0 10 247 2 14085 -640
0 10 248 2 30674 8892
0 10 249 2 -28877 -9029
0 10 250 2 14174 -5655
0 10 251 2 -42627 10179
0 10 252 2 -15408 4732
0 10 253 2 43603 -8475
0 10 254 2 21001 24784
0 10 255 2 27902 19368
0 11 0 2 1633 1335
0 11 1 2 25859 19443
0 11 2 2 24043 -18309
0 11 3 2 -12526 -41495
0 11 4 2 -20275 -26386
0 11 5 2 -11032 -41151
0 11 6 2 42458 -10901
0 11 7 2 5616 -33375
0 11 8 2 20666 25354
0 11 9 2 -14217 2812
0 11 10 2 41629 -11063
0 11 11 2 9124 -31839
0 11 12 2 -2256 -14743
0 11 13 2 -30702 -9562
0 11 14 2 -31643 -7825
0 11 15 2 19173 25295
0 11 16 2 25675 -18726
0 11 17 2 -8598 -42395
0 11 18 2 -20594 -23711
0 11 19 2 -8671 31438
0 11 20 2 3653 12346
0 11 21 2 -24073 20865
0 11 22 2 -4782 -13025
0 11 23 2 21345 26814
0 11 24 2 -31528 -8305
0 11 25 2 5209 15063
0 11 26 2 7286 -30182
0 11 27 2 10034 41624
0 11 28 2 -13115 3767
0 11 29 2 14051 -3546
0 11 30 2 14119 -3435
0 11 31 2 31269 6962
0 11 32 2 -33603 -9245
0 11 33 2 26942 15591
0 11 34 2 14504 -2143
0 11 35 2 24589 -20694
0 11 36 2 -8134 -42197
0 11 37 2 -15133 5111
0 11 38 2 -25997 19781
0 11 39 2 14643 -5366
0 11 40 2 -7290 31578
0 11 41 2 -1890 -13242
0 11 42 2 14007 -6532
0 11 43 2 -42352 9625
0 11 44 2 -44742 11366
0 11 45 2 6821 -32417
0 11 46 2 44157 -7661
0 11 47 2 -26325 19193
0 11 48 2 -5254 -16293
0 11 49 2 42497 -8832
0 11 50 2 -14525 1112
0 11 51 2 -9374 33286
0 11 52 2 -25417 20529
0 11 53 2 -20494 -25212
0 11 54 2 -42983 8939
0 11 55 2 8887 41198
0 11 56 2 -4236 -14117
0 11 57 2 -21312 -25135
0 11 58 2 42652 -10590
0 11 59 2 41362 -10796
0 11 60 2 -32061 -8476
0 11 61 2 31197 7205
0 11 62 2 -1931 -15420
0 11 63 2 7657 -30387
0 11 64 2 13443 -3193
0 11 65 2 28658 18648
0 11 66 2 9291 43089
0 11 67 2 20133 27590
0 11 68 2 25751 -20386
0 11 69 2 -42653 8447
0 11 70 2 -3266 -13098
0 11 71 2 31196 7169
0 11 72 2 -13036 -41613
0 11 73 2 13853 -3532
0 11 74 2 -18783 -22684
0 11 75 2 31462 7422
0 11 76 2 -41689 8472
0 11 77 2 -8958 32466
0 11 78 2 14237 -5129
0 11 79 2 -24371 20836
0 11 80 2 -6727 32834
0 11 81 2 4083 14953
0 11 82 2 21919 25472
0 11 83 2 -4676 -13325
0 11 84 2 -22704 -25609
0 11 85 2 -9830 -42785
0 11 86 2 9259 42171
0 11 87 2 14329 -4209
0 11 88 2 1927 15075
0 11 89 2 21118 24971
0 11 90 2 -42374 6478
0 11 91 2 31812 8907
0 11 92 2 7478 -30765
0 11 93 2 -22050 -27257
0 11 94 2 6594 -33677
0 11 95 2 14700 -2657
0 11 96 2 -29868 -5850
0 11 97 2 27641 18352
0 11 98 2 -13740 3012
0 11 99 2 -8856 -42478
0 11 100 2 -44106 8263
0 11 101 2 31066 5961
0 11 102 2 9559 43277
0 11 103 2 43517 -8684
0 11 104 2 -21330 -22540
0 11 105 2 -42342 12211
0 11 106 2 21652 22084
0 11 107 2 22104 24601
0 11 108 2 15535 -3348
0 11 109 2 11403 41939
0 11 110 2 3090 14592
0 11 111 2 -8056 33048
0 11 112 2 -9285 31720
0 11 113 2 2557 17
0 11 114 2 -2220 1229
0 11 115 2 -1614 -590
0 11 116 2 -1767 877
0 11 117 2 360 -645
0 11 118 2 -1066 -1482
0 11 119 2 279 -1167
0 11 120 2 -636 -850
0 11 121 2 -1306 487
0 11 122 2 2642 -1668
0 11 123 2 -1447 412
0 11 124 2 428 1076
0 11 125 2 -2695 886
0 11 126 2 -93 107
0 11 127 2 -1065 -1056
0 11 128 2 -974 430
0 11 129 2 991 1127
0 11 130 2 -901 1764
0 11 131 2 -614 305
0 11 132 2 -783 967
0 11 133 2 802 333
0 11 134 2 -1378 2340
0 11 135 2 537 837
0 11 136 2 -674 1547
0 11 137 2 324 581
0 11 138 2 829 -384
0 11 139 2 1014 -1228
0 11 140 2 494 643
0 11 141 2 -730 1366
0 11 142 2 683 1374
0 11 143 2 -2323 914
0 11 144 2 30801 7702
0 11 145 2 8301 -30780
0 11 146 2 -42724 10259
0 11 147 2 -9152 -42780
0 11 148 2 25471 -21722
0 11 149 2 -41538 10129
0 11 150 2 -4128 -15878
0 11 151 2 8697 43954
0 11 152 2 8478 -30327
0 11 153 2 23611 -19603
0 11 154 2 -29427 -7165
0 11 155 2 23675 -21980
0 11 156 2 11427 -3795
0 11 157 2 42257 -8578
0 11 158 2 43022 -8172
0 11 159 2 28446 18281
0 11 160 2 -6250 33571
0 11 161 2 6139 -32407
0 11 162 2 24574 -21240
0 11 163 2 32104 7271
0 11 164 2 32533 6063
0 11 165 2 -6927 33790
0 11 166 2 9911 42756
0 11 167 2 -33288 -7805
0 11 168 2 10695 45409
0 11 169 2 -6706 33943
0 11 170 2 -23067 -26190
0 11 171 2 24659 -21880
0 11 172 2 29230 7219
0 11 173 2 -3071 -14709
0 11 174 2 -10730 -42566
0 11 175 2 -43281 9910
0 11 176 2 22650 23795
0 11 177 2 -30521 -7496
0 11 178 2 -19850 -24610
0 11 179 2 -9450 31480
0 11 180 2 21774 25328
0 11 181 2 7063 -32511
0 11 182 2 32044 9024
0 11 183 2 -13691 2217
0 11 184 2 -31188 -6383
0 11 185 2 -6749 32305
0 11 186 2 -14720 3609
0 11 187 2 -5925 -13726
0 11 188 2 41675 -9269
0 11 189 2 4102 12977
0 11 190 2 3313 14858
0 11 191 2 27587 17647
0 11 192 2 2610 14771
0 11 193 2 3264 12361
0 11 194 2 -20646 -25917
0 11 195 2 43040 -9228
0 11 196 2 -29843 -6526
0 11 197 2 20032 25214
0 11 198 2 1766 12188
0 11 199 2 11732 43534
0 11 200 2 9177 42086
0 11 201 2 -7975 33820
0 11 202 2 -10167 -43914
0 11 203 2 27668 -21383
0 11 204 2 4007 13238
0 11 205 2 -24952 21469
0 11 206 2 -14119 2472
0 11 207 2 6498 13484
0 11 208 2 -16308 4077
0 11 209 2 7356 -32280
0 11 210 2 14992 -3101
0 11 211 2 -2525 -15824
0 11 212 2 -40871 11259
0 11 213 2 -20787 -23938
0 11 214 2 31350 7949
0 11 215 2 21366 25136
0 11 216 2 3230 14899
0 11 217 2 -21777 -24312
0 11 218 2 -42693 7576
0 11 219 2 -25851 20945
0 11 220 2 20941 24964
0 11 221 2 8473 44828
0 11 222 2 11056 43081
0 11 223 2 27161 19346
0 11 224 2 7922 -31595
0 11 225 2 -3175 -13968
0 11 226 2 3367 12799
0 11 227 2 -10727 -44345
0 11 228 2 -9631 -43802
0 11 229 2 8935 43315
0 11 230 2 -1429 -15573
0 11 231 2 -7798 30589
0 11 232 2 -44278 12185
0 11 233 2 3987 14200
0 11 234 2 -32783 -7717
0 11 235 2 8924 -31962
0 11 236 2 19867 23774
0 11 237 2 31622 8361
0 11 238 2 2254 14614
0 11 239 2 41590 -9503
0 11 240 2 3041 14570
0 11 241 2 32199 9866
0 11 242 2 9621 42917
0 11 243 2 -29761 -7771
0 11 244 2 9391 -31693
0 11 245 2 30052 7015
0 11 246 2 -9837 -43390
0 11 247 2 40674 -9908
0 11 248 2 -33399 -6653
0 11 249 2 -32362 -9289
0 11 250 2 14157 -2694
0 11 251 2 -14620 4272
0 11 252 2 41976 -9611
0 11 253 2 -22354 -24775
0 11 254 2 9354 -31542
0 11 255 2 27283 16380
0 12 0 2 -231 1777
0 12 1 2 28316 19478
0 12 2 2 13686 -2954
0 12 3 2 -11684 -40716
0 12 4 2 14437 -3303
0 12 5 2 -3110 -12978
0 12 6 2 42371 -11387
0 12 7 2 32160 7574
0 12 8 2 7602 -32143
0 12 9 2 -12374 3391
0 12 10 2 -20208 -24126
0 12 11 2 -45451 10419
0 12 12 2 -22664 -24313
0 12 13 2 -7454 33054
0 12 14 2 11875 -5479
0 12 15 2 -22438 -25170
0 12 16 2 22374 22751
0 12 17 2 -23405 21634
0 12 18 2 31308 9546
0 12 19 2 4322 15150
0 12 20 2 -30980 -8966
0 12 21 2 33032 7672
0 12 22 2 42092 -11210
0 12 23 2 11474 41029
0 12 24 2 -11560 -43098
0 12 25 2 -25643 19369
0 12 26 2 -11762 -42097
0 12 27 2 -6300 34384
0 12 28 2 -21346 -24620
0 12 29 2 31593 8141
0 12 30 2 -25835 22882
0 12 31 2 24131 -20693
0 12 32 2 1979 12285
0 12 33 2 28907 16669
0 12 34 2 14441 -3477
0 12 35 2 -18201 -25036
0 12 36 2 13012 -2939
0 12 37 2 -10716 -45083
0 12 38 2 24509 -20845
0 12 39 2 42447 -10860
0 12 40 2 15517 -2029
0 12 41 2 -15196 3215
0 12 42 2 22840 23838
0 12 43 2 -4428 -14624
0 12 44 2 -24077 22826
0 12 45 2 -24850 20882
0 12 46 2 31529 7047
0 12 47 2 7231 -32830
0 12 48 2 23378 23527
0 12 49 2 3248 13857
0 12 50 2 7000 -32743
0 12 51 2 -12341 -42323
0 12 52 2 -42103 12912
0 12 53 2 -10619 -42880
0 12 54 2 19856 24058
0 12 55 2 -12888 1977
0 12 56 2 4526 12698
0 12 57 2 24220 -20451
0 12 58 2 3291 15987
0 12 59 2 3869 13378
0 12 60 2 -2788 -10977
0 12 61 2 31304 5465
0 12 62 2 42883 -12843
0 12 63 2 -21582 -26326
0 12 64 2 21692 23628
0 12 65 2 29221 16373
0 12 66 2 11869 41274
0 12 67 2 7129 -31865
0 12 68 2 14447 -1631
0 12 69 2 -10748 -42961
0 12 70 2 14863 -5312
0 12 71 2 42007 -10290
0 12 72 2 22923 24928
0 12 73 2 11776 43611
0 12 74 2 -1770 -12286
0 12 75 2 -4807 33092
0 12 76 2 -23854 -23669
0 12 77 2 42531 -11711
0 12 78 2 42717 -11419
0 12 79 2 -9305 -41855
0 12 80 2 -7107 32891
0 12 81 2 -31269 -4063
0 12 82 2 14494 -5122
0 12 83 2 25511 -19993
0 12 84 2 -10293 -44717
0 12 85 2 6984 -31362
0 12 86 2 4785 14731
0 12 87 2 1906 13087
0 12 88 2 3356 13946
0 12 89 2 5113 15455
0 12 90 2 -43030 11445
0 12 91 2 26103 -20802
0 12 92 2 25847 -21347
0 12 93 2 -34650 -5787
0 12 94 2 -25017 20118
0 12 95 2 20833 23174
0 12 96 2 -23684 -24512
0 12 97 2 29780 15135
0 12 98 2 23858 -20847
0 12 99 2 42409 -12709
0 12 100 2 -2328 -13372
0 12 101 2 41407 -10440
0 12 102 2 42821 -12999
0 12 103 2 31737 6050
0 12 104 2 -40597 11169
0 12 105 2 6073 12943
0 12 106 2 -5710 32587
0 12 107 2 6964 -30613
0 12 108 2 3615 13278
0 12 109 2 13857 -5768
0 12 110 2 22550 25068
0 12 111 2 -2527 -13511
0 12 112 2 -5494 32325
0 12 113 2 -1075 -1409
0 12 114 2 1362 2048
0 12 115 2 1840 1030
0 12 116 2 233 -635
0 12 117 2 949 468
0 12 118 2 1634 -966
0 12 119 2 543 -733
0 12 120 2 746 -382
0 12 121 2 -209 -1141
0 12 122 2 -498 -170
0 12 123 2 747 -978
0 12 124 2 161 459
0 12 125 2 -284 -1340
0 12 126 2 625 902
0 12 127 2 718 527
0 12 128 2 -813 1633
0 12 129 2 -40 2083
0 12 130 2 -93 -626
0 12 131 2 -1366 649
0 12 132 2 -2032 1995
0 12 133 2 1535 -125
0 12 134 2 -350 701
0 12 135 2 400 1915
0 12 136 2 -1478 503
0 12 137 2 -473 -1434
0 12 138 2 1293 -862
0 12 139 2 3390 978
0 12 140 2 995 -690
0 12 141 2 -526 -316
0 12 142 2 -93 471
0 12 143 2 -6 -978
0 12 144 2 5356 -30615
0 12 145 2 8411 -31594
0 12 146 2 -23217 21810
0 12 147 2 5238 -32309
0 12 148 2 -5249 -13774
0 12 149 2 4327 12367
0 12 150 2 -10893 -40704
0 12 151 2 -11770 -40255
0 12 152 2 11283 43918
0 12 153 2 42957 -11435
0 12 154 2 -32320 -5683
0 12 155 2 41950 -11780
0 12 156 2 44989 -11884
0 12 157 2 -21580 -23745
0 12 158 2 -7050 31834
0 12 159 2 25502 18285
0 12 160 2 41652 -9003
0 12 161 2 -11198 -41415
0 12 162 2 -3038 -13036
0 12 163 2 -25515 22235
0 12 164 2 19942 25800
0 12 165 2 8577 -34650
0 12 166 2 -4794 32051
0 12 167 2 -23700 -23944
0 12 168 2 -30999 -8171
0 12 169 2 -9311 -44226
0 12 170 2 41755 -12249
0 12 171 2 -23456 21527
0 12 172 2 -42624 11841
0 12 173 2 -9333 31583
0 12 174 2 12827 45176
0 12 175 2 -11154 -42932
0 12 176 2 -31130 -7556
0 12 177 2 -22757 -25927
0 12 178 2 11369 -1633
0 12 179 2 -22245 -24383
0 12 180 2 -43533 11533
0 12 181 2 -13416 4425
0 12 182 2 42753 -11816
0 12 183 2 40796 -11397
0 12 184 2 44583 -11711
0 12 185 2 3928 12323
0 12 186 2 5853 -35008
0 12 187 2 11310 41985
0 12 188 2 10938 42355
0 12 189 2 -12043 -43758
0 12 190 2 -14695 2646
0 12 191 2 26271 16656
0 12 192 2 13216 -3474
0 12 193 2 22181 22891
0 12 194 2 2655 12944
0 12 195 2 23474 24820
0 12 196 2 34242 5908
0 12 197 2 -21016 -24294
0 12 198 2 4858 14525
0 12 199 2 -32515 -6198
0 12 200 2 -10634 -42662
0 12 201 2 6530 -34185
0 12 202 2 -2487 -14598
0 12 203 2 34242 6802
0 12 204 2 -24736 21370
0 12 205 2 -5923 -14393
0 12 206 2 14614 -4393
0 12 207 2 -4170 -13786
0 12 208 2 32813 6908
0 12 209 2 33924 6923
0 12 210 2 -39557 11096
0 12 211 2 5771 -30096
0 12 212 2 -27541 23289
0 12 213 2 5965 12937
0 12 214 2 -6274 32147
0 12 215 2 -10423 -42127
0 12 216 2 -6952 29579
0 12 217 2 -26113 22126
0 12 218 2 25950 -22200
0 12 219 2 26447 -21488
0 12 220 2 5942 -30091
0 12 221 2 15453 -6222
0 12 222 2 -3382 -17489
0 12 223 2 29029 15424
0 12 224 2 -42307 7554
0 12 225 2 -21285 -25703
0 12 226 2 11469 43212
0 12 227 2 23930 -22455
0 12 228 2 31935 7065
0 12 229 2 -3593 -15287
0 12 230 2 -12705 -44670
0 12 231 2 -42821 11632
0 12 232 2 19898 23564
0 12 233 2 13138 -2702
0 12 234 2 42014 -10685
0 12 235 2 -492 -13698
0 12 236 2 -32768 -7667
0 12 237 2 -31607 -6060
0 12 238 2 -4359 -14790
0 12 239 2 42354 -10056
0 12 240 2 -4078 -13785
0 12 241 2 11575 42797
0 12 242 2 -43548 10210
0 12 243 2 31974 5917
0 12 244 2 4116 15364
0 12 245 2 8199 -32147
0 12 246 2 3218 13586
0 12 247 2 -1912 -14303
0 12 248 2 -13559 4161
0 12 249 2 -20549 -25194
0 12 250 2 -13799 1209
0 12 251 2 -7791 32116
0 12 252 2 32563 6076
0 12 253 2 21754 24039
0 12 254 2 -27586 21610
0 12 255 2 28547 16765
0 13 0 2 -319 953
0 13 1 2 28754 14722
0 13 2 2 -5215 30396
0 13 3 2 -11497 4397
0 13 4 2 -14429 5688
0 13 5 2 5914 14885
0 13 6 2 22821 -23554
0 13 7 2 5305 13538
0 13 8 2 2050 13611
0 13 9 2 23152 22624
0 13 10 2 -6471 34198
0 13 11 2 32775 2472
0 13 12 2 -25254 25312
0 13 13 2 41723 -14073
0 13 14 2 -14022 -39384
0 13 15 2 -21817 -23735
0 13 16 2 4133 -32227
0 13 17 2 13730 42464
0 13 18 2 -23113 22783
0 13 19 2 14992 -2856
0 13 20 2 22063 22435
0 13 21 2 34181 3316
0 13 22 2 -29489 -3631
0 13 23 2 23451 25513
0 13 24 2 14485 41900
0 13 25 2 -5057 -12130
0 13 26 2 12378 -5060
0 13 27 2 -23114 24222
0 13 28 2 -31558 -1967
0 13 29 2 -41941 12922
0 13 30 2 23309 -24850
0 13 31 2 3776 11876
0 13 32 2 31290 4486
0 13 33 2 28475 13855
0 13 34 2 -5095 33166
0 13 35 2 22155 -23482
0 13 36 2 23023 23855
0 13 37 2 44385 -13869
0 13 38 2 -3899 -16450
0 13 39 2 -22631 23941
0 13 40 2 22681 -21343
0 13 41 2 22430 -22144
0 13 42 2 -11384 5237
0 13 43 2 7595 -30383
0 13 44 2 -15041 2314
0 13 45 2 -13430 -44396
0 13 46 2 -43966 13711
0 13 47 2 31984 5093
0 13 48 2 12458 41156
0 13 49 2 -24092 23331
0 13 50 2 43523 -13508
0 13 51 2 14836 40965
0 13 52 2 31895 5368
0 13 53 2 -15265 3035
0 13 54 2 -40166 15155
0 13 55 2 -5379 32355
0 13 56 2 23191 -22368
0 13 57 2 23954 20298
0 13 58 2 42535 -13371
0 13 59 2 43090 -14228
0 13 60 2 -23939 23972
0 13 61 2 41487 -15202
0 13 62 2 22848 21075
0 13 63 2 12959 43330
0 13 64 2 24744 22000
0 13 65 2 29514 16321
0 13 66 2 13922 42435
0 13 67 2 32880 4188
0 13 68 2 -2229 34222
0 13 69 2 -30661 -991
0 13 70 2 23720 -21659
0 13 71 2 24806 -23584
0 13 72 2 40658 -12106
0 13 73 2 -4454 31847
0 13 74 2 -32099 -4854
0 13 75 2 -12487 7110
0 13 76 2 4609 -31697
0 13 77 2 -12231 -39736
0 13 78 2 41295 -14940
0 13 79 2 40518 -13761
0 13 80 2 -20549 25022
0 13 81 2 41168 -14242
0 13 82 2 41590 -14880
0 13 83 2 -12962 -41433
0 13 84 2 -31647 -5241
0 13 85 2 -13941 -43289
0 13 86 2 -31746 -6235
0 13 87 2 -6203 33346
0 13 88 2 32502 5490
0 13 89 2 -23161 -23523
0 13 90 2 13553 -5505
0 13 91 2 -13777 6403
0 13 92 2 16193 41066
0 13 93 2 -3631 -13673
0 13 94 2 17704 -5397
0 13 95 2 -22389 22506
0 13 96 2 -31375 -3304
0 13 97 2 31206 14887
0 13 98 2 24428 -22654
0 13 99 2 -23064 25170
0 13 100 2 -33336 -3156
0 13 101 2 -14994 4406
0 13 102 2 -16014 -39396
0 13 103 2 2819 15613
0 13 104 2 32678 4850
0 13 105 2 -14755 -40712
0 13 106 2 -2984 -12337
0 13 107 2 12821 -4434
0 13 108 2 -12042 -41889
0 13 109 2 43435 -15018
0 13 110 2 2700 -32376
0 13 111 2 -5425 -14426
0 13 112 2 13332 -4866
0 13 113 2 -1568 -895
0 13 114 2 378 -1501
0 13 115 2 1227 -342
0 13 116 2 -957 -1809
0 13 117 2 -2249 -2233
0 13 118 2 -1546 1886
0 13 119 2 1332 1012
0 13 120 2 -1095 298
0 13 121 2 443 -112
0 13 122 2 1256 595
0 13 123 2 697 994
0 13 124 2 1021 1588
0 13 125 2 141 -3292
0 13 126 2 515 -7
0 13 127 2 -289 -1830
0 13 128 2 -105 1753
0 13 129 2 570 -2307
0 13 130 2 1319 -49
0 13 131 2 -1697 2978
0 13 132 2 1395 -1551
0 13 133 2 -170 441
0 13 134 2 -1081 221
0 13 135 2 -1810 92
0 13 136 2 82 -2015
0 13 137 2 -871 -623
0 13 138 2 2514 1225
0 13 139 2 1185 -1323
0 13 140 2 -1396 305
0 13 141 2 -1765 936
0 13 142 2 169 714
0 13 143 2 -3213 969
0 13 144 2 3793 -30968
0 13 145 2 33531 2263
0 13 146 2 -41850 15601
0 13 147 2 -40667 16897
0 13 148 2 12679 -3956
0 13 149 2 -13814 7312
0 13 150 2 -5424 32338
0 13 151 2 32980 5903
0 13 152 2 24166 23489
0 13 153 2 -23414 24456
0 13 154 2 -14731 -39856
0 13 155 2 15353 -4813
0 13 156 2 -4553 -14018
0 13 157 2 -4929 -13184
0 13 158 2 3517 -31742
0 13 159 2 30909 15076
0 13 160 2 14931 -3958
0 13 161 2 31602 5978
0 13 162 2 22939 -22982
0 13 163 2 5556 -32202
0 13 164 2 -22368 -24073
0 13 165 2 24564 25204
0 13 166 2 3608 -32377
0 13 167 2 -3600 32942
0 13 168 2 24606 -23165
0 13 169 2 -31749 -2214
0 13 170 2 33633 3439
0 13 171 2 6677 14159
0 13 172 2 23325 -22472
0 13 173 2 15787 -4644
0 13 174 2 40448 -15060
0 13 175 2 -3946 -14115
0 13 176 2 -33785 -3401
0 13 177 2 -33698 -4966
0 13 178 2 22736 20931
0 13 179 2 21566 -21518
0 13 180 2 -3854 31782
0 13 181 2 41847 -12971
0 13 182 2 39233 -13162
0 13 183 2 34554 3923
0 13 184 2 -21094 -22524
0 13 185 2 -6006 -13953
0 13 186 2 40393 -15633
0 13 187 2 16264 41820
0 13 188 2 13845 -4442
0 13 189 2 -24387 22939
0 13 190 2 -11390 6408
0 13 191 2 30156 15568
0 13 192 2 13288 -3210
0 13 193 2 14310 -3593
0 13 194 2 5636 -32526
0 13 195 2 -3947 33899
0 13 196 2 32602 5971
0 13 197 2 6979 12278
0 13 198 2 15220 42106
0 13 199 2 -6049 -11838
0 13 200 2 14814 42249
0 13 201 2 14400 -3669
0 13 202 2 12703 -5440
0 13 203 2 24093 -23697
0 13 204 2 -41521 15293
0 13 205 2 -33312 -2393
0 13 206 2 4182 16349
0 13 207 2 -3329 -12566
0 13 208 2 33526 6157
0 13 209 2 -3412 -11730
0 13 210 2 25481 -22751
0 13 211 2 24661 -22775
0 13 212 2 -15474 -41196
0 13 213 2 -22109 -20891
0 13 214 2 -2146 30167
0 13 215 2 4591 16800
0 13 216 2 41415 -14018
0 13 217 2 -23631 -23608
0 13 218 2 15824 -4379
0 13 219 2 -23254 -21693
0 13 220 2 6766 12882
0 13 221 2 4383 -32614
0 13 222 2 42460 -13216
0 13 223 2 30740 13801
0 13 224 2 -15006 -41367
0 13 225 2 -13904 -38640
0 13 226 2 31525 4175
0 13 227 2 -22881 -23259
0 13 228 2 21222 -22460
0 13 229 2 -10748 4704
0 13 230 2 22832 -22051
0 13 231 2 21721 21242
0 13 232 2 5460 -33640
0 13 233 2 -3969 -14111
0 13 234 2 -11491 4169
0 13 235 2 -41732 12953
0 13 236 2 -32331 -6292
0 13 237 2 21685 -22164
0 13 238 2 -21990 -25274
0 13 239 2 -5829 -14338
0 13 240 2 -12741 2686
0 13 241 2 -32217 -8118
0 13 242 2 -33745 -3104
0 13 243 2 13866 42236
0 13 244 2 23735 -23958
0 13 245 2 -21915 22545
0 13 246 2 21456 -24607
0 13 247 2 13231 -5377
0 13 248 2 12981 40396
0 13 249 2 3836 13832
0 13 250 2 -13052 -43271
0 13 251 2 -13570 3789
0 13 252 2 3827 12941
0 13 253 2 22039 -24595
0 13 254 2 -40103 14522
0 13 255 2 27774 13933
0 14 0 2 1864 -306
0 14 1 2 30343 14642
0 14 2 2 -41812 16432
0 14 3 2 6202 13209
0 14 4 2 -2881 30439
0 14 5 2 33145 3840
0 14 6 2 -24296 -23643
0 14 7 2 -4980 32082
0 14 8 2 -4353 34660
0 14 9 2 -5486 -13535
0 14 10 2 3536 -31016
0 14 11 2 -16321 -41865
0 14 12 2 16002 39926
0 14 13 2 5880 14479
0 14 14 2 40780 -16163
0 14 15 2 -23125 23827
0 14 16 2 23318 20337
0 14 17 2 -23294 -23376
0 14 18 2 24199 -20773
0 14 19 2 -5491 -13755
0 14 20 2 41420 -14786
0 14 21 2 -22558 -24621
0 14 22 2 25442 20740
0 14 23 2 3167 -32978
0 14 24 2 -32489 -5379
0 14 25 2 7299 14018
0 14 26 2 14074 -4616
0 14 27 2 -21443 24528
0 14 28 2 -21952 21924
0 14 29 2 14976 -6973
0 14 30 2 24176 21713
0 14 31 2 14406 42004
0 14 32 2 33895 4715
0 14 33 2 30857 12287
0 14 34 2 16361 -4883
0 14 35 2 33241 4503
0 14 36 2 14482 42633
0 14 37 2 -39724 14988
0 14 38 2 33445 1812
0 14 39 2 6205 12605
0 14 40 2 30472 2373
0 14 41 2 5672 14331
0 14 42 2 6784 15529
0 14 43 2 -12721 6379
0 14 44 2 -30402 -3759
0 14 45 2 -21699 23504
0 14 46 2 -20841 25787
0 14 47 2 -24649 -21483
0 14 48 2 -3861 -13405
0 14 49 2 -39613 14603
0 14 50 2 5449 12438
0 14 51 2 -34464 -3559
0 14 52 2 33039 4709
0 14 53 2 -22012 25314
0 14 54 2 -16526 -41050
0 14 55 2 -25295 -22248
0 14 56 2 -6114 -12774
0 14 57 2 -16530 5258
0 14 58 2 -16826 -43335
0 14 59 2 12968 41439
0 14 60 2 24483 21125
0 14 61 2 3649 -34213
0 14 62 2 13608 -6899
0 14 63 2 24582 20002
0 14 64 2 24478 22778
0 14 65 2 31324 14411
0 14 66 2 31310 4068
0 14 67 2 24528 22289
0 14 68 2 2871 -33306
0 14 69 2 -15684 4967
0 14 70 2 -2792 33554
0 14 71 2 -21156 23847
0 14 72 2 4578 15356
0 14 73 2 -4655 -13414
0 14 74 2 24712 21773
0 14 75 2 6784 13411
0 14 76 2 4005 13272
0 14 77 2 -4117 -15095
0 14 78 2 15326 39700
0 14 79 2 -26568 -22568
0 14 80 2 -32216 -2850
0 14 81 2 -16586 6474
0 14 82 2 -14762 -40045
0 14 83 2 -25842 -23193
0 14 84 2 12688 -5823
0 14 85 2 24065 21172
0 14 86 2 -15315 5536
0 14 87 2 15206 43056
0 14 88 2 -2355 33039
0 14 89 2 23991 22100
0 14 90 2 16797 41970
0 14 91 2 -13702 -40015
0 14 92 2 -27160 -21800
0 14 93 2 -20660 23278
0 14 94 2 -2474 33158
0 14 95 2 -41021 15941
0 14 96 2 40550 -15934
0 14 97 2 28747 13837
0 14 98 2 22899 22394
0 14 99 2 -15674 -43198
0 14 100 2 -15777 -41507
0 14 101 2 -13957 -41968
0 14 102 2 14627 -3311
0 14 103 2 -33862 -2401
0 14 104 2 -15701 -41339
0 14 105 2 -21777 25027
0 14 106 2 -40232 15926
0 14 107 2 -14184 6408
0 14 108 2 23405 22286
0 14 109 2 22577 -24639
0 14 110 2 16011 39715
0 14 111 2 14999 41499
0 14 112 2 15051 41754
0 14 113 2 1730 284
0 14 114 2 -39 796
0 14 115 2 475 344
0 14 116 2 -428 -822
0 14 117 2 -1813 108
0 14 118 2 111 358
0 14 119 2 1404 1357
0 14 120 2 160 -322
0 14 121 2 -172 671
0 14 122 2 -2470 1860
0 14 123 2 -454 -344
0 14 124 2 672 -974
0 14 125 2 1906 -540
0 14 126 2 -573 1379
0 14 127 2 -517 -105
0 14 128 2 210 192
0 14 129 2 1597 274
0 14 130 2 -2085 862
0 14 131 2 -108 1038
0 14 132 2 -169 298
0 14 133 2 2289 -757
0 14 134 2 379 296
0 14 135 2 908 -632
0 14 136 2 -1024 1994
0 14 137 2 913 -1611
0 14 138 2 -2479 821
0 14 139 2 264 -1947
0 14 140 2 -36 -1167
0 14 141 2 -1204 -27
0 14 142 2 -1817 1313
0 14 143 2 250 969
0 14 144 2 -22381 -23197
0 14 145 2 14539 42550
0 14 146 2 -22255 24016
0 14 147 2 4025 14790
0 14 148 2 -41873 15580
0 14 149 2 -35122 -4757
0 14 150 2 -5558 -16404
0 14 151 2 -31427 -1452
0 14 152 2 -4403 34541
0 14 153 2 -22411 26557
0 14 154 2 22464 22772
0 14 155 2 -13630 5146
0 14 156 2 34457 4376
0 14 157 2 31682 4044
0 14 158 2 12955 -5721
0 14 159 2 30858 14265
0 14 160 2 -16843 -41939
0 14 161 2 41395 -15128
0 14 162 2 14979 39890
0 14 163 2 -23985 -21110
0 14 164 2 41791 -15010
0 14 165 2 3789 12089
0 14 166 2 42842 -16583
0 14 167 2 31230 3995
0 14 168 2 6356 14921
0 14 169 2 -40091 15705
0 14 170 2 -14490 3697
0 14 171 2 34016 2494
0 14 172 2 44627 -18063
0 14 173 2 -4558 31763
0 14 174 2 22091 -24107
0 14 175 2 -14833 -41306
0 14 176 2 -3290 31194
0 14 177 2 2583 -33161
0 14 178 2 -23113 23501
0 14 179 2 23417 -23912
0 14 180 2 16205 42744
0 14 181 2 -39696 14207
0 14 182 2 23770 22766
0 14 183 2 42071 -16743
0 14 184 2 17495 41304
0 14 185 2 3419 15525
0 14 186 2 22392 -24751
0 14 187 2 33073 1558
0 14 188 2 33319 2375
0 14 189 2 -4729 30845
0 14 190 2 31787 3224
0 14 191 2 29537 12724
0 14 192 2 15668 40592
0 14 193 2 42197 -14500
0 14 194 2 7726 13575
0 14 195 2 -4187 -14212
0 14 196 2 32604 1478
0 14 197 2 -22753 23259
0 14 198 2 41393 -14549
0 14 199 2 -32264 -2329
0 14 200 2 -21762 23951
0 14 201 2 -41894 16881
0 14 202 2 13482 -3567
0 14 203 2 -2916 32932
0 14 204 2 -24884 -21462
0 14 205 2 5246 12956
0 14 206 2 14572 -5759
0 14 207 2 13727 42995
0 14 208 2 22215 21658
0 14 209 2 2673 15142
0 14 210 2 43143 -15816
0 14 211 2 16757 -6670
0 14 212 2 -832 32135
0 14 213 2 13873 41348
0 14 214 2 5838 -33144
0 14 215 2 22590 -23791
0 14 216 2 -31649 -2086
0 14 217 2 -23545 -21673
0 14 218 2 -3949 32805
0 14 219 2 24483 21396
0 14 220 2 3887 -30081
0 14 221 2 -14602 5887
0 14 222 2 -2072 34989
0 14 223 2 29106 11042
0 14 224 2 -4590 -13361
0 14 225 2 24929 23221
0 14 226 2 -13156 4281
0 14 227 2 -32053 -4677
0 14 228 2 -41594 17932
0 14 229 2 33995 3881
0 14 230 2 13049 -2616
0 14 231 2 -15675 -42476
0 14 232 2 40626 -16438
0 14 233 2 32302 1148
0 14 234 2 43077 -16017
0 14 235 2 33916 1424
0 14 236 2 33435 1964
0 14 237 2 6127 -30733
0 14 238 2 -42508 13396
0 14 239 2 14929 -3673
0 14 240 2 -23955 -22803
0 14 241 2 -4887 -15746
0 14 242 2 22100 -23035
0 14 243 2 41863 -16323
0 14 244 2 6373 12342
0 14 245 2 -14654 -41573
0 14 246 2 22956 21205
0 14 247 2 -23427 -23041
0 14 248 2 -12028 7509
0 14 249 2 -16954 -42122
0 14 250 2 -16154 -42403
0 14 251 2 12917 -7167
0 14 252 2 -32229 -5254
0 14 253 2 -32528 -6079
0 14 254 2 22233 -25126
0 14 255 2 29305 15067
0 15 0 2 -238 -17
0 15 1 2 32230 14867
0 15 2 2 5477 -33476
0 15 3 2 31638 1424
0 15 4 2 33793 1612
0 15 5 2 16556 39035
0 15 6 2 -3933 -15152
0 15 7 2 -24014 -22319
0 15 8 2 41589 -16175
0 15 9 2 -18950 24016
0 15 10 2 15266 41511
0 15 11 2 20372 -23729
0 15 12 2 3422 -32695
0 15 13 2 -3745 -13564
0 15 14 2 -14361 7108
0 15 15 2 22590 -25323
0 15 16 2 2510 -32813
0 15 17 2 14280 -5425
0 15 18 2 -3859 -13235
0 15 19 2 3913 12615
0 15 20 2 23319 -24139
0 15 21 2 -31974 -1932
0 15 22 2 -22986 -20065
0 15 23 2 -31584 -3301
0 15 24 2 -22528 22904
0 15 25 2 15402 -5902
0 15 26 2 17841 41561
0 15 27 2 -13067 5430
0 15 28 2 6465 16339
0 15 29 2 16169 39369
0 15 30 2 -11420 4932
0 15 31 2 -3637 30710
0 15 32 2 31025 1795
0 15 33 2 29718 13880
0 15 34 2 -19911 24309
0 15 35 2 -21712 23946
0 15 36 2 32759 3247
0 15 37 2 2000 -33158
0 15 38 2 -4630 -12410
0 15 39 2 40815 -16254
0 15 40 2 -5566 -13416
0 15 41 2 2032 -32247
0 15 42 2 25115 22328
0 15 43 2 4655 13601
0 15 44 2 -13933 7043
0 15 45 2 -13952 4634
0 15 46 2 29578 2292
0 15 47 2 4011 -32228
0 15 48 2 14022 -4424
0 15 49 2 15056 40153
0 15 50 2 -20679 25380
0 15 51 2 -41773 16066
0 15 52 2 -22569 -22763
0 15 53 2 -2948 32839
0 15 54 2 -3323 32466
0 15 55 2 39928 -17306
0 15 56 2 33160 3151
0 15 57 2 17200 40918
0 15 58 2 -594 32957
0 15 59 2 32245 4489
0 15 60 2 -32177 -3749
0 15 61 2 34114 2880
0 15 62 2 -1183 33383
0 15 63 2 -23412 -22020
0 15 64 2 42159 -17076
0 15 65 2 28445 10833
0 15 66 2 -6208 -12685
0 15 67 2 -33365 -2794
0 15 68 2 -15745 -42231
0 15 69 2 -21888 -22581
0 15 70 2 30513 3406
0 15 71 2 15130 39436
0 15 72 2 21246 -24524
0 15 73 2 -32725 -2722
0 15 74 2 -16659 -40240
0 15 75 2 -31740 -4692
0 15 76 2 10808 -6174
0 15 77 2 -1538 33878
0 15 78 2 -13544 2086
0 15 79 2 -11789 8342
0 15 80 2 -41448 16274
0 15 81 2 -24001 -24196
0 15 82 2 41724 -14813
0 15 83 2 -22121 22682
0 15 84 2 -13737 4245
0 15 85 2 -38404 16809
0 15 86 2 2359 -31300
0 15 87 2 3309 -34474
0 15 88 2 -21817 25603
0 15 89 2 -10796 6353
0 15 90 2 -39875 16760
0 15 91 2 -36 -32434
0 15 92 2 -13126 2941
0 15 93 2 -25258 -23884
0 15 94 2 5996 12005
0 15 95 2 -24232 -22695
0 15 96 2 3428 -32070
0 15 97 2 32047 13516
0 15 98 2 -2834 32644
0 15 99 2 32202 1762
0 15 100 2 -38576 15803
0 15 101 2 2303 -33797
0 15 102 2 -21962 25755
0 15 103 2 4605 13858
0 15 104 2 -3211 35239
0 15 105 2 -2119 31326
0 15 106 2 34923 3500
0 15 107 2 1618 -32156
0 15 108 2 -39267 17564
0 15 109 2 -4582 32960
0 15 110 2 41773 -15840
0 15 111 2 3327 -33525
0 15 112 2 3842 -32807
0 15 113 2 -1329 1386
0 15 114 2 -300 -278
0 15 115 2 -1070 -987
0 15 116 2 804 1153
0 15 117 2 125 -500
0 15 118 2 1764 1442
0 15 119 2 -1931 -136
0 15 120 2 -268 574
0 15 121 2 639 -52
0 15 122 2 133 153
0 15 123 2 30 1493
0 15 124 2 1621 530
0 15 125 2 2471 593
0 15 126 2 -3040 2102
0 15 127 2 806 752
0 15 128 2 -767 -545
0 15 129 2 -1613 -602
0 15 130 2 1642 3533
0 15 131 2 3184 126
0 15 132 2 347 -183
0 15 133 2 -647 564
0 15 134 2 -724 845
0 15 135 2 929 1346
0 15 136 2 485 582
0 15 137 2 -2726 785
0 15 138 2 1286 254
0 15 139 2 -943 -210
0 15 140 2 -838 -598
0 15 141 2 -958 1647
0 15 142 2 -1972 -1887
0 15 143 2 -107 907
0 15 144 2 173 32083
0 15 145 2 -4718 -14942
0 15 146 2 20924 -25407
0 15 147 2 18922 -24734
0 15 148 2 -2265 32310
0 15 149 2 42534 -16107
0 15 150 2 42016 -17425
0 15 151 2 35161 3720
0 15 152 2 5137 13428
0 15 153 2 24159 -24614
0 15 154 2 -16457 -39805
0 15 155 2 40848 -15555
0 15 156 2 23185 -23107
0 15 157 2 2797 -32756
0 15 158 2 32553 856
0 15 159 2 28919 12217
0 15 160 2 5512 -34361
0 15 161 2 -13978 5725
0 15 162 2 -24003 -23472
0 15 163 2 6464 13949
0 15 164 2 -41629 16906
0 15 165 2 -15803 -40589
0 15 166 2 -39829 15953
0 15 167 2 -8113 -11371
0 15 168 2 14147 42687
0 15 169 2 3520 -31632
0 15 170 2 22873 -24037
0 15 171 2 -16955 -42088
0 15 172 2 -5514 -13834
0 15 173 2 -25531 -22627
0 15 174 2 13607 -5409
0 15 175 2 4583 -33171
0 15 176 2 -17032 -41759
0 15 177 2 -16004 -39372
0 15 178 2 30530 656
0 15 179 2 20614 -25395
0 15 180 2 23174 -25063
0 15 181 2 14263 -5361
0 15 182 2 -40519 14554
0 15 183 2 -18576 -42452
0 15 184 2 12984 -4937
0 15 185 2 -40390 13648
0 15 186 2 -15859 -43227
0 15 187 2 -4239 32307
0 15 188 2 -21811 26648
0 15 189 2 21397 -24352
0 15 190 2 22791 -24023
0 15 191 2 31024 12644
0 15 192 2 -14589 5417
0 15 193 2 -12915 4741
0 15 194 2 -17368 -40144
0 15 195 2 -20508 20843
0 15 196 2 -4691 -16004
0 15 197 2 5613 14761
0 15 198 2 -40782 14610
0 15 199 2 4733 -31666
0 15 200 2 -4331 33247
0 15 201 2 -16636 -38819
0 15 202 2 -29667 -6936
0 15 203 2 23576 23299
0 15 204 2 40702 -15644
0 15 205 2 -39982 14838
0 15 206 2 11941 -3825
0 15 207 2 22950 -22594
0 15 208 2 41632 -16308
0 15 209 2 38985 -16555
0 15 210 2 -4407 -14256
0 15 211 2 5425 12761
0 15 212 2 -3991 31901
0 15 213 2 -13182 4556
0 15 214 2 -22798 23046
0 15 215 2 8548 11689
0 15 216 2 16790 39943
0 15 217 2 21018 -25210
0 15 218 2 25569 21380
0 15 219 2 -24188 -20163
0 15 220 2 18102 41609
0 15 221 2 -34142 -2623
0 15 222 2 -16942 -41462
0 15 223 2 30974 13014
0 15 224 2 26005 23888
0 15 225 2 -23774 -21475
0 15 226 2 14382 40819
0 15 227 2 -1854 33997
0 15 228 2 -31581 -2527
0 15 229 2 -20533 24001
0 15 230 2 17343 40889
0 15 231 2 -23794 -22365
0 15 232 2 -12135 5382
0 15 233 2 40310 -14307
0 15 234 2 -40393 17222
0 15 235 2 13484 -4784
0 15 236 2 -23947 -20138
0 15 237 2 -6692 -15583
0 15 238 2 -22624 -21921
0 15 239 2 40148 -14995
0 15 240 2 23987 20899
0 15 241 2 16761 41864
0 15 242 2 -21293 23390
0 15 243 2 1822 -32842
0 15 244 2 32975 1685
0 15 245 2 4499 15912
0 15 246 2 -24158 -21851
0 15 247 2 -33558 -2501
0 15 248 2 -4801 -12410
0 15 249 2 32016 1289
0 15 250 2 -21094 25476
0 15 251 2 -5262 -12604
0 15 252 2 13124 -5550
0 15 253 2 24638 21535
0 15 254 2 -15997 -39496
0 15 255 2 29066 10101
0 16 0 2 -401 -2698
0 16 1 2 31381 11673
0 16 2 2 7233 14188
0 16 3 2 -14271 5517
0 16 4 2 32892 -231
0 16 5 2 12902 -4704
0 16 6 2 -39698 16649
0 16 7 2 23269 -24947
0 16 8 2 -17238 -40112
0 16 9 2 14877 -7323
0 16 10 2 -604 32947
0 16 11 2 -17719 -40117
0 16 12 2 -41428 16192
0 16 13 2 41883 -16509
0 16 14 2 -70 -33103
0 16 15 2 -12859 8750
0 16 16 2 31136 2990
0 16 17 2 -17619 -40462
0 16 18 2 -42108 18633
0 16 19 2 -19878 27277
0 16 20 2 -20101 -40222
0 16 21 2 20341 -26931
0 16 22 2 39433 -19412
0 16 23 2 -2452 31014
0 16 24 2 -3624 30630
0 16 25 2 15998 40877
0 16 26 2 -2810 32743
0 16 27 2 32223 1862
0 16 28 2 12969 -6747
0 16 29 2 1640 34434
0 16 30 2 8262 13178
0 16 31 2 23331 20768
0 16 32 2 41599 -17688
0 16 33 2 30279 12328
0 16 34 2 18695 -23123
0 16 35 2 3529 -30203
0 16 36 2 34220 42
0 16 37 2 3124 -33228
0 16 38 2 -13696 6040
0 16 39 2 4393 13085
0 16 40 2 25271 20185
0 16 41 2 -13413 4624
0 16 42 2 -20563 24977
0 16 43 2 -32279 -2742
0 16 44 2 1081 -32018
0 16 45 2 21011 39149
0 16 46 2 33200 2726
0 16 47 2 20109 39707
0 16 48 2 5278 14554
0 16 49 2 -12474 6892
0 16 50 2 22446 -24723
0 16 51 2 21572 -23725
0 16 52 2 20622 -25949
0 16 53 2 -23065 -21578
0 16 54 2 -24371 -21910
0 16 55 2 25215 23129
0 16 56 2 -2913 -14928
0 16 57 2 -358 32558
0 16 58 2 -11987 5581
0 16 59 2 -16791 -38910
0 16 60 2 15712 41188
0 16 61 2 -20633 23605
0 16 62 2 1305 -33990
0 16 63 2 -15379 3313
0 16 64 2 -21934 25309
0 16 65 2 30134 13561
0 16 66 2 15469 41982
0 16 67 2 41141 -16401
0 16 68 2 38904 -16997
0 16 69 2 -30952 -2907
0 16 70 2 33097 2637
0 16 71 2 -21174 25607
0 16 72 2 -18879 -40242
0 16 73 2 -40358 19023
0 16 74 2 5503 14782
0 16 75 2 23253 -24321
0 16 76 2 11648 -5454
0 16 77 2 -5393 -12772
0 16 78 2 -8238 -15672
0 16 79 2 -13078 3753
0 16 80 2 -12980 6845
0 16 81 2 5971 13560
0 16 82 2 7112 12692
0 16 83 2 24585 21567
0 16 84 2 12811 -4705
0 16 85 2 -3417 32349
0 16 86 2 -309 32268
0 16 87 2 -7657 -13740
0 16 88 2 2039 -33874
0 16 89 2 -1767 32720
0 16 90 2 11797 -4496
0 16 91 2 -16789 -38648
0 16 92 2 -5676 -13071
0 16 93 2 2421 -28581
0 16 94 2 -25161 -21204
0 16 95 2 17064 41786
0 16 96 2 426 -33049
0 16 97 2 31521 11249
0 16 98 2 -20249 24530
0 16 99 2 41574 -15726
0 16 100 2 -5321 -14782
0 16 101 2 -32437 -500
0 16 102 2 -32156 -2843
0 16 103 2 39216 -19399
0 16 104 2 -21913 24822
0 16 105 2 -20715 24562
0 16 106 2 -24903 -19554
0 16 107 2 -19668 24959
0 16 108 2 -3781 -11052
0 16 109 2 31923 2024
0 16 110 2 2628 -31279
0 16 111 2 -25092 -20326
0 16 112 2 -14679 5908
0 16 113 2 3901 1122
0 16 114 2 -339 -534
0 16 115 2 1764 -820
0 16 116 2 -1999 -609
0 16 117 2 108 -1643
0 16 118 2 -1607 -337
0 16 119 2 786 1743
0 16 120 2 1022 -919
0 16 121 2 1900 -309
0 16 122 2 -1158 -903
0 16 123 2 -558 1979
0 16 124 2 931 275
0 16 125 2 -631 -158
0 16 126 2 458 1484
0 16 127 2 -852 -1253
0 16 128 2 -453 -723
0 16 129 2 -819 -932
0 16 130 2 116 1550
0 16 131 2 -946 -1779
0 16 132 2 -3701 -1634
0 16 133 2 -2760 -909
0 16 134 2 -2239 232
0 16 135 2 -1311 -264
0 16 136 2 1434 -362
0 16 137 2 1352 150
0 16 138 2 2059 488
0 16 139 2 -2191 1431
0 16 140 2 773 843
0 16 141 2 -536 -772
0 16 142 2 -1119 166
0 16 143 2 -604 188
0 16 144 2 -13638 4112
0 16 145 2 24900 20298
0 16 146 2 -2143 35506
0 16 147 2 -17513 -40059
0 16 148 2 33994 2390
0 16 149 2 -371 30889
0 16 150 2 -20662 25787
0 16 151 2 -17506 -39708
0 16 152 2 -39163 18488
0 16 153 2 21994 -23828
0 16 154 2 39959 -15173
0 16 155 2 -39236 17686
0 16 156 2 -16640 -37782
0 16 157 2 -25424 -22540
0 16 158 2 -24460 -23953
0 16 159 2 30678 11798
0 16 160 2 -6637 -13529
0 16 161 2 -39160 17511
0 16 162 2 -26069 -19983
0 16 163 2 -13492 5656
0 16 164 2 -41906 16290
0 16 165 2 30315 3480
0 16 166 2 -12832 6066
0 16 167 2 26558 22594
0 16 168 2 20667 -24742
0 16 169 2 -506 -31856
0 16 170 2 12024 -5990
0 16 171 2 -5819 -13353
0 16 172 2 -24234 -20094
0 16 173 2 24740 20460
0 16 174 2 -27124 -19748
0 16 175 2 -25254 -20851
0 16 176 2 24554 22100
0 16 177 2 -6375 -12686
0 16 178 2 -1400 33509
0 16 179 2 18696 39854
0 16 180 2 -17678 -40689
0 16 181 2 -33188 403
0 16 182 2 -39657 18519
0 16 183 2 -12987 7932
0 16 184 2 1989 -31888
0 16 185 2 24787 21214
0 16 186 2 -33030 -3014
0 16 187 2 30737 1833
0 16 188 2 6092 14318
0 16 189 2 -23749 -21818
0 16 190 2 -18344 -41749
0 16 191 2 30568 10103
0 16 192 2 6020 13257
0 16 193 2 6200 11310
0 16 194 2 -6615 -16170
0 16 195 2 16433 40135
0 16 196 2 5625 13192
0 16 197 2 18059 39759
0 16 198 2 21153 -25419
0 16 199 2 -3567 -12950
0 16 200 2 -21496 24261
0 16 201 2 -22539 24278
0 16 202 2 19186 40821
0 16 203 2 13583 -6963
0 16 204 2 33623 2811
0 16 205 2 -31538 -449
0 16 206 2 -17139 -38677
0 16 207 2 22494 -25036
0 16 208 2 1978 -34300
0 16 209 2 13076 -5213
0 16 210 2 39867 -19764
0 16 211 2 -42753 15850
0 16 212 2 -19926 23283
0 16 213 2 147 -33595
0 16 214 2 -18175 -40893
0 16 215 2 -33027 -2843
0 16 216 2 11728 -5613
0 16 217 2 -32376 -4513
0 16 218 2 -12139 6038
0 16 219 2 12948 -4720
0 16 220 2 -40177 19268
0 16 221 2 -2594 29530
0 16 222 2 858 -32650
0 16 223 2 30361 12588
0 16 224 2 -12716 4323
0 16 225 2 5143 15045
0 16 226 2 39979 -15865
0 16 227 2 -32104 -1464
0 16 228 2 1874 -33805
0 16 229 2 39941 -15916
0 16 230 2 -19068 -40081
0 16 231 2 -32784 -508
0 16 232 2 -34702 -3001
0 16 233 2 790 -34381
0 16 234 2 38282 -17041
0 16 235 2 -17715 -40148
0 16 236 2 -348 31850
0 16 237 2 -18176 -40780
0 16 238 2 1580 -33554
0 16 239 2 17007 -5504
0 16 240 2 -21553 25372
0 16 241 2 39292 -15490
0 16 242 2 -14309 6244
0 16 243 2 -476 -34305
0 16 244 2 -18550 -42419
0 16 245 2 -5924 -13867
0 16 246 2 24348 21149
0 16 247 2 23528 21067
0 16 248 2 -2350 35441
0 16 249 2 -30851 -2941
0 16 250 2 12087 -4977
0 16 251 2 6789 11883
0 16 252 2 17438 40625
0 16 253 2 -23070 -18517
0 16 254 2 39872 -15639
0 16 255 2 29562 12425
0 17 0 2 104 1850
0 17 1 2 30885 10731
0 17 2 2 -24068 -18553
0 17 3 2 -26886 -20811
0 17 4 2 19790 -25033
0 17 5 2 -16859 -39527
0 17 6 2 1729 -32197
0 17 7 2 20572 -26156
0 17 8 2 39851 -18016
0 17 9 2 31371 667
0 17 10 2 -20828 24177
0 17 11 2 1373 32550
0 17 12 2 -21222 25489
0 17 13 2 18203 38855
0 17 14 2 19166 39132
0 17 15 2 -23983 -18999
0 17 16 2 18936 37812
0 17 17 2 -6281 -11931
0 17 18 2 -19035 25246
0 17 19 2 -3189 32069
0 17 20 2 -5472 -12945
0 17 21 2 -18576 -39195
0 17 22 2 18414 -26514
0 17 23 2 -40095 21032
0 17 24 2 26678 21181
0 17 25 2 15425 -7132
0 17 26 2 -21868 23929
0 17 27 2 -39583 18241
0 17 28 2 -26731 -23483
0 17 29 2 13334 -5300
0 17 30 2 -747 -32161
0 17 31 2 -17428 -39045
0 17 32 2 9670 -6401
0 17 33 2 30056 12051
0 17 34 2 16314 37923
0 17 35 2 5693 14440
0 17 36 2 -17396 -39123
0 17 37 2 33620 1158
0 17 38 2 -19647 23691
0 17 39 2 16781 39758
0 17 40 2 1096 -33224
0 17 41 2 -20759 25816
0 17 42 2 27307 19548
0 17 43 2 -40462 18552
0 17 44 2 -6551 -13354
0 17 45 2 -10692 6346
0 17 46 2 32142 -715
0 17 47 2 27022 19112
0 17 48 2 33161 -2509
0 17 49 2 -13334 8650
0 17 50 2 17651 39128
0 17 51 2 6255 14901
0 17 52 2 25539 21315
0 17 53 2 -26693 -19925
0 17 54 2 13317 -4756
0 17 55 2 -7462 -12634
0 17 56 2 129 34775
0 17 57 2 5175 13044
0 17 58 2 -24416 -20834
0 17 59 2 -18824 -39897
0 17 60 2 -39085 19477
0 17 61 2 -26741 -20306
0 17 62 2 -20836 26282
0 17 63 2 -26514 -20888
0 17 64 2 40812 -17834
0 17 65 2 30868 10401
0 17 66 2 6385 12070
0 17 67 2 25275 18736
0 17 68 2 -32012 -1923
0 17 69 2 1583 -34754
0 17 70 2 -38645 18780
0 17 71 2 -4641 -13609
0 17 72 2 13451 -7747
0 17 73 2 -38760 16289
0 17 74 2 18679 -27673
0 17 75 2 -3010 29876
0 17 76 2 -12520 4659
0 17 77 2 -40153 17027
0 17 78 2 -33605 -623
0 17 79 2 7123 12019
0 17 80 2 -7894 -13779
0 17 81 2 -65 -33113
0 17 82 2 -6390 -13173
0 17 83 2 39012 -19459
0 17 84 2 -4530 -15263
0 17 85 2 1579 -33445
0 17 86 2 26893 20314
0 17 87 2 -24967 -20052
0 17 88 2 -19100 -39461
0 17 89 2 -7444 -12923
0 17 90 2 -12742 6628
0 17 91 2 -21714 26205
0 17 92 2 -41890 18679
0 17 93 2 -14257 4787
0 17 94 2 -6348 -14124
0 17 95 2 -22072 25753
0 17 96 2 38837 -19419
0 17 97 2 30197 10928
0 17 98 2 -1091 31601
0 17 99 2 -6593 -12453
0 17 100 2 5385 13544
0 17 101 2 -4811 -15264
0 17 102 2 5260 12351
0 17 103 2 -18864 -40290
0 17 104 2 -1632 33028
0 17 105 2 -3694 33564
0 17 106 2 13646 -6517
0 17 107 2 40791 -18768
0 17 108 2 159 -30741
0 17 109 2 13657 -6973
0 17 110 2 -26034 -19102
0 17 111 2 -35547 -692
0 17 112 2 19620 41243
0 17 113 2 -196 1221
0 17 114 2 975 1661
0 17 115 2 -282 -492
0 17 116 2 -1034 -2034
0 17 117 2 448 1394
0 17 118 2 614 301
0 17 119 2 -35 -1918
0 17 120 2 2083 -2100
0 17 121 2 -1076 -1559
0 17 122 2 652 -1978
0 17 123 2 1379 -132
0 17 124 2 3332 1179
0 17 125 2 -2715 -179
0 17 126 2 75 -2043
0 17 127 2 443 -131
0 17 128 2 906 324
0 17 129 2 205 184
0 17 130 2 1511 -1273
0 17 131 2 996 -1242
0 17 132 2 -493 -133
0 17 133 2 402 508
0 17 134 2 352 1370
0 17 135 2 -267 -1371
0 17 136 2 257 -220
0 17 137 2 1419 420
0 17 138 2 -86 -1125
0 17 139 2 42 538
0 17 140 2 -2693 480
0 17 141 2 733 1666
0 17 142 2 -666 1007
0 17 143 2 1854 232
0 17 144 2 -18836 -39424
0 17 145 2 25355 21614
0 17 146 2 -1736 34094
0 17 147 2 -3431 31496
0 17 148 2 -18489 -39033
0 17 149 2 26759 17585
0 17 150 2 -13663 5635
0 17 151 2 2960 10969
0 17 152 2 -26630 -21329
0 17 153 2 -38653 19565
0 17 154 2 25524 21458
0 17 155 2 -7015 -13452
0 17 156 2 952 -33845
0 17 157 2 -39615 16288
0 17 158 2 13377 -6135
0 17 159 2 30776 10963
0 17 160 2 4921 13193
0 17 161 2 4825 15270
0 17 162 2 -31905 977
0 17 163 2 7093 11784
0 17 164 2 -17506 -42042
0 17 165 2 24351 22472
0 17 166 2 -25030 -20757
0 17 167 2 31395 1337
0 17 168 2 32774 1067
0 17 169 2 38825 -19171
0 17 170 2 20553 -25478
0 17 171 2 -19465 24446
0 17 172 2 13 31487
0 17 173 2 -12090 6611
0 17 174 2 30698 -1811
0 17 175 2 -18098 27047
0 17 176 2 -13323 8641
0 17 177 2 841 -33786
0 17 178 2 6397 13262
0 17 179 2 -40509 19295
0 17 180 2 -25916 -20283
0 17 181 2 20672 -24995
0 17 182 2 -14433 6043
0 17 183 2 -25939 -17300
0 17 184 2 25939 19205
0 17 185 2 477 32360
0 17 186 2 25530 18706
0 17 187 2 -25799 -20121
0 17 188 2 24220 19725
0 17 189 2 -33750 -263
0 17 190 2 -19707 26535
0 17 191 2 31855 12509
0 17 192 2 25362 18760
0 17 193 2 20321 -26139
0 17 194 2 -40059 17290
0 17 195 2 25174 19398
0 17 196 2 -33241 437
0 17 197 2 20815 -27094
0 17 198 2 14980 -6405
0 17 199 2 -5922 -14597
0 17 200 2 -20471 26614
0 17 201 2 -19332 -40421
0 17 202 2 8447 13385
0 17 203 2 -40236 18752
0 17 204 2 -21032 25038
0 17 205 2 -12466 5611
0 17 206 2 33587 2331
0 17 207 2 -25021 -19310
0 17 208 2 19350 -25040
0 17 209 2 -13551 3958
0 17 210 2 20142 -25686
0 17 211 2 26182 19329
0 17 212 2 -15911 5215
0 17 213 2 -38919 20333
0 17 214 2 20490 -27176
0 17 215 2 -20673 28016
0 17 216 2 -22671 26537
0 17 217 2 25682 22348
0 17 218 2 -34911 83
0 17 219 2 40085 -18677
0 17 220 2 -23941 -19780
0 17 221 2 -31855 -3071
0 17 222 2 27281 21238
0 17 223 2 31066 11415
0 17 224 2 -2429 32111
0 17 225 2 -13512 5325
0 17 226 2 21155 -27093
0 17 227 2 18252 40239
0 17 228 2 2985 -33337
0 17 229 2 -32142 -1738
0 17 230 2 18073 38234
0 17 231 2 19603 -25696
0 17 232 2 -6486 -12997
0 17 233 2 -6486 -11461
0 17 234 2 -39680 18052
0 17 235 2 -21291 24825
0 17 236 2 -27746 -20445
0 17 237 2 20378 -27141
0 17 238 2 -18666 -39525
0 17 239 2 1012 -33321
0 17 240 2 19793 -24791
0 17 241 2 28265 20013
0 17 242 2 -18479 -41406
0 17 243 2 19902 38406
0 17 244 2 40801 -16815
0 17 245 2 -17564 -40000
0 17 246 2 6866 13696
0 17 247 2 -32230 422
0 17 248 2 38537 -18833
0 17 249 2 -20294 24758
0 17 250 2 40887 -18833
0 17 251 2 40230 -20768
0 17 252 2 -32369 -790
0 17 253 2 17777 38053
0 17 254 2 -39533 20560
0 17 255 2 32207 11151
0 18 0 2 -16 1044
0 18 1 2 30969 10358
0 18 2 2 8268 13740
0 18 3 2 33627 1414
0 18 4 2 3845 13505
0 18 5 2 -27681 -21170
0 18 6 2 187 32471
0 18 7 2 26690 20051
0 18 8 2 30829 3903
0 18 9 2 466 -30187
0 18 10 2 -19218 -38512
0 18 11 2 -576 -31923
0 18 12 2 25254 16327
0 18 13 2 13755 -5052
0 18 14 2 -21076 -38090
0 18 15 2 -14513 6237
0 18 16 2 -30395 1568
0 18 17 2 7093 12405
0 18 18 2 18718 39699
0 18 19 2 13054 -5229
0 18 20 2 39073 -20192
0 18 21 2 13959 -6052
0 18 22 2 -26121 -21295
0 18 23 2 12934 -7800
0 18 24 2 11077 -7799
0 18 25 2 -28561 -19491
0 18 26 2 19710 -26235
0 18 27 2 -105 33587
0 18 28 2 -228 31957
0 18 29 2 13547 -5091
0 18 30 2 -18816 25933
0 18 31 2 -448 32065
0 18 32 2 -39573 20256
0 18 33 2 31704 11420
0 18 34 2 -18953 26337
0 18 35 2 -26850 -18452
0 18 36 2 6428 12189
0 18 37 2 195 -31599
0 18 38 2 -18433 26687
0 18 39 2 -744 -32452
0 18 40 2 40354 -18939
0 18 41 2 21868 -25083
0 18 42 2 -31451 -921
0 18 43 2 9331 12504
0 18 44 2 -14685 7578
0 18 45 2 -20923 -38097
0 18 46 2 4957 12719
0 18 47 2 31899 2591
0 18 48 2 2030 33418
0 18 49 2 -40482 19021
0 18 50 2 -27643 -20347
0 18 51 2 -2542 -32882
0 18 52 2 -19565 24887
0 18 53 2 -20311 25785
0 18 54 2 19478 -25150
0 18 55 2 -7734 -13393
0 18 56 2 26593 19516
0 18 57 2 39582 -19982
0 18 58 2 32861 -880
0 18 59 2 26773 18315
0 18 60 2 13534 -11029
0 18 61 2 29381 19718
0 18 62 2 -39966 19947
0 18 63 2 -7389 -12538
0 18 64 2 642 -32926
0 18 65 2 32144 9326
0 18 66 2 -34204 2318
0 18 67 2 -21954 -38811
0 18 68 2 32599 -228
0 18 69 2 -19571 26254
0 18 70 2 18488 42369
0 18 71 2 31177 762
0 18 72 2 25387 19569
0 18 73 2 -38840 17927
0 18 74 2 -25341 -19171
0 18 75 2 -6901 -13858
0 18 76 2 -4884 -12068
0 18 77 2 -1500 -33459
0 18 78 2 -21884 -41331
0 18 79 2 19085 35941
0 18 80 2 -39163 20622
0 18 81 2 -20074 27705
0 18 82 2 41227 -19229
0 18 83 2 -19715 -37791
0 18 84 2 -29256 -19637
0 18 85 2 -14218 5941
0 18 86 2 -34459 -1414
0 18 87 2 17404 41336
0 18 88 2 39481 -19924
0 18 89 2 19770 37178
0 18 90 2 1746 -32302
0 18 91 2 703 -34933
0 18 92 2 17871 -26092
0 18 93 2 -25414 -20222
0 18 94 2 -6527 -11396
0 18 95 2 1334 -32296
0 18 96 2 19986 40856
0 18 97 2 31385 10042
0 18 98 2 -36690 20122
0 18 99 2 -26780 -20203
0 18 100 2 -19383 -39630
0 18 101 2 -11682 8050
0 18 102 2 12499 -6730
0 18 103 2 -5711 -13859
0 18 104 2 37822 -16828
0 18 105 2 -12270 8239
0 18 106 2 -32174 603
0 18 107 2 23667 19740
0 18 108 2 -7541 -10982
0 18 109 2 20427 -26596
0 18 110 2 -32573 -1035
0 18 111 2 444 -34449
0 18 112 2 18183 -27154
0 18 113 2 -86 -587
0 18 114 2 -184 -192
0 18 115 2 1391 553
0 18 116 2 -149 734
0 18 117 2 -1556 -79
0 18 118 2 -2491 -589
0 18 119 2 1360 818
0 18 120 2 533 -633
0 18 121 2 -1664 -2081
0 18 122 2 -277 -1303
0 18 123 2 -704 -272
0 18 124 2 1583 -840
0 18 125 2 913 823
0 18 126 2 -546 1141
0 18 127 2 -2617 -175
0 18 128 2 1242 -2041
0 18 129 2 -90 2412
0 18 130 2 -417 -709
0 18 131 2 1289 990
0 18 132 2 1520 2060
0 18 133 2 168 334
0 18 134 2 776 -849
0 18 135 2 -990 -2076
0 18 136 2 486 -2593
0 18 137 2 -1353 -2610
0 18 138 2 573 -2396
0 18 139 2 259 -515
0 18 140 2 1323 -856
0 18 141 2 2115 -563
0 18 142 2 -2361 -1509
0 18 143 2 -1525 310
0 18 144 2 6378 13624
0 18 145 2 6141 11559
0 18 146 2 26588 20789
0 18 147 2 13688 -4779
0 18 148 2 -21820 -40293
0 18 149 2 351 -34677
0 18 150 2 -14023 7148
0 18 151 2 -322 32529
0 18 152 2 -19698 25545
0 18 153 2 4225 11330
0 18 154 2 -19161 26731
0 18 155 2 -26618 -19683
0 18 156 2 21413 39138
0 18 157 2 25650 17857
0 18 158 2 20683 -27223
0 18 159 2 31100 7538
0 18 160 2 -27668 -19022
0 18 161 2 -38299 21699
0 18 162 2 -38368 21160
0 18 163 2 -539 -32975
0 18 164 2 36216 -19532
0 18 165 2 25675 22348
0 18 166 2 25855 19538
0 18 167 2 -6418 -12419
0 18 168 2 37612 -20498
0 18 169 2 20542 -26779
0 18 170 2 25196 18827
0 18 171 2 -32906 514
0 18 172 2 11612 -7709
0 18 173 2 -21139 -39937
0 18 174 2 -31286 -2660
0 18 175 2 19492 -26724
0 18 176 2 11620 -5373
0 18 177 2 39902 -20432
0 18 178 2 40379 -20765
0 18 179 2 14804 -7874
0 18 180 2 15306 -6148
0 18 181 2 -31986 -214
0 18 182 2 39564 -21552
0 18 183 2 20275 37165
0 18 184 2 -7086 -9950
0 18 185 2 -13699 5150
0 18 186 2 13458 -6137
0 18 187 2 -13538 5670
0 18 188 2 6771 11789
0 18 189 2 18808 37319
0 18 190 2 -11686 7217
0 18 191 2 33100 8240
0 18 192 2 -32268 508
0 18 193 2 19763 38659
0 18 194 2 27369 19405
0 18 195 2 -18199 -41136
0 18 196 2 -24514 -20060
0 18 197 2 -19643 -39107
0 18 198 2 -17016 25413
0 18 199 2 -32272 1656
0 18 200 2 32951 -1944
0 18 201 2 20044 38608
0 18 202 2 -20777 -40335
0 18 203 2 -662 31502
0 18 204 2 6566 12581
0 18 205 2 -19902 -41106
0 18 206 2 528 32962
0 18 207 2 11569 -7283
0 18 208 2 19360 40724
0 18 209 2 -17821 -40165
0 18 210 2 20704 41186
0 18 211 2 15360 -5632
0 18 212 2 18636 -26146
0 18 213 2 5324 10624
0 18 214 2 11513 -5372
0 18 215 2 7523 12734
0 18 216 2 253 -33950
0 18 217 2 -19368 25436
0 18 218 2 -15926 5657
0 18 219 2 5598 10775
0 18 220 2 -13551 6931
0 18 221 2 18594 37916
0 18 222 2 30427 839
0 18 223 2 32291 10942
0 18 224 2 13911 -7610
0 18 225 2 531 -32155
0 18 226 2 33278 731
0 18 227 2 21537 -24215
0 18 228 2 39111 -20413
0 18 229 2 5771 14759
0 18 230 2 332 33179
0 18 231 2 7673 12591
0 18 232 2 -12812 6386
0 18 233 2 -6541 -11989
0 18 234 2 -31296 -537
0 18 235 2 -2071 -31744
0 18 236 2 -1758 31374
0 18 237 2 24605 21335
0 18 238 2 -15920 26253
0 18 239 2 1946 32318
0 18 240 2 18897 40288
0 18 241 2 915 -32117
0 18 242 2 6875 13991
0 18 243 2 32068 1892
0 18 244 2 -11378 7049
0 18 245 2 -17571 -38395
0 18 246 2 -11888 5307
0 18 247 2 -7743 -13202
0 18 248 2 32950 -771
0 18 249 2 -39566 19551
0 18 250 2 -12195 5909
0 18 251 2 -37717 22659
0 18 252 2 -2080 33706
0 18 253 2 -36875 20222
0 18 254 2 -26566 -18718
0 18 255 2 29461 8050
0 19 0 2 464 1206
0 19 1 2 32453 9257
0 19 2 2 24009 36796
0 19 3 2 18314 -25267
0 19 4 2 33685 -2377
0 19 5 2 -18516 26909
0 19 6 2 157 -31686
0 19 7 2 10435 -8749
0 19 8 2 1598 32575
0 19 9 2 21664 38589
0 19 10 2 33319 -2894
0 19 11 2 -38023 21423
0 19 12 2 1740 32761
0 19 13 2 -21838 -38344
0 19 14 2 -6190 -13729
0 19 15 2 915 32729
0 19 16 2 -11805 11372
0 19 17 2 -30183 196
0 19 18 2 -23450 -38154
0 19 19 2 913 31107
0 19 20 2 270 34697
0 19 21 2 -21248 -37538
0 19 22 2 35436 -22922
0 19 23 2 14040 -7886
0 19 24 2 -12208 6581
0 19 25 2 -20708 25847
0 19 26 2 -20074 25591
0 19 27 2 -18812 28402
0 19 28 2 11655 -6204
0 19 29 2 36360 -20837
0 19 30 2 3041 31573
0 19 31 2 -6839 -11639
0 19 32 2 -28420 -19232
0 19 33 2 33470 10995
0 19 34 2 -26221 -18366
0 19 35 2 32192 -1549
0 19 36 2 18102 -28283
0 19 37 2 22674 36612
0 19 38 2 39358 -21586
0 19 39 2 -20448 -37351
0 19 40 2 -27307 -19669
0 19 41 2 21306 38458
0 19 42 2 13954 -6482
0 19 43 2 -13121 7597
0 19 44 2 21055 36360
0 19 45 2 27730 17958
0 19 46 2 34784 -1393
0 19 47 2 13156 -7133
0 19 48 2 -37642 20242
0 19 49 2 19473 -27176
0 19 50 2 -31610 30
0 19 51 2 -1740 -31667
0 19 52 2 20098 -30545
0 19 53 2 -36803 21047
0 19 54 2 -38079 19648
0 19 55 2 8080 10792
0 19 56 2 3397 35041
0 19 57 2 -2603 -31536
0 19 58 2 17078 -27127
0 19 59 2 23079 38209
0 19 60 2 13487 -6821
0 19 61 2 -41234 19229
0 19 62 2 -6991 -13423
0 19 63 2 -38387 21096
0 19 64 2 29357 19073
0 19 65 2 28654 10004
0 19 66 2 20162 -26326
0 19 67 2 -6482 -12311
0 19 68 2 -22098 -39165
0 19 69 2 -19822 -37863
0 19 70 2 -39761 20693
0 19 71 2 32289 -4292
0 19 72 2 31352 -112
0 19 73 2 -27508 -18377
0 19 74 2 -30641 1173
0 19 75 2 -32603 1231
0 19 76 2 16346 -24796
0 19 77 2 -1950 -34113
0 19 78 2 21347 37914
0 19 79 2 -20935 -38911
0 19 80 2 40136 -19414
0 19 81 2 32722 -1321
0 19 82 2 -19191 27352
0 19 83 2 -21379 -36902
0 19 84 2 -39513 22151
0 19 85 2 18245 -26886
0 19 86 2 -7000 -12769
0 19 87 2 -25624 -17788
0 19 88 2 -33288 843
0 19 89 2 -22277 -39648
0 19 90 2 -18449 28083
0 19 91 2 18074 -25520
0 19 92 2 -32084 1145
0 19 93 2 -34330 1951
0 19 94 2 -12375 7244
0 19 95 2 -39979 21260
0 19 96 2 -6964 -16394
0 19 97 2 30148 7388
0 19 98 2 34743 -884
0 19 99 2 12890 -7288
0 19 100 2 -32220 1342
0 19 101 2 -25557 -18206
0 19 102 2 25802 17940
0 19 103 2 -363 -33827
0 19 104 2 -32274 729
0 19 105 2 6553 12388
0 19 106 2 11705 -7721
0 19 107 2 -19274 24834
0 19 108 2 26819 19053
0 19 109 2 12767 -8819
0 19 110 2 -28610 -17504
0 19 111 2 23257 36126
0 19 112 2 28779 17799
0 19 113 2 -898 111
0 19 114 2 -564 88
0 19 115 2 414 -1873
0 19 116 2 398 2405
0 19 117 2 -1023 2683
0 19 118 2 -2097 -372
0 19 119 2 -744 -467
0 19 120 2 -1280 -543
0 19 121 2 -862 1160
0 19 122 2 506 -626
0 19 123 2 1950 -158
0 19 124 2 -2488 -49
0 19 125 2 109 -821
0 19 126 2 1436 866
0 19 127 2 -1216 -1670
0 19 128 2 -802 -677
0 19 129 2 -627 -1103
0 19 130 2 1692 1859
0 19 131 2 -220 -3910
0 19 132 2 -234 689
0 19 133 2 2077 370
0 19 134 2 69 633
0 19 135 2 -2865 790
0 19 136 2 -31 703
0 19 137 2 -652 288
0 19 138 2 -1281 373
0 19 139 2 -256 -131
0 19 140 2 -1745 4
0 19 141 2 -580 895
0 19 142 2 654 -146
0 19 143 2 430 -835
0 19 144 2 18970 -28796
0 19 145 2 19189 -26426
0 19 146 2 19360 -28076
0 19 147 2 -27250 -19304
0 19 148 2 -26354 -19120
0 19 149 2 35749 -22270
0 19 150 2 -38834 21300
0 19 151 2 -5847 -14773
0 19 152 2 10885 -6807
0 19 153 2 3123 9928
0 19 154 2 19330 -28044
0 19 155 2 20374 35203
0 19 156 2 -32901 43
0 19 157 2 37225 -20666
0 19 158 2 -838 -30365
0 19 159 2 31760 9391
0 19 160 2 18612 -27605
0 19 161 2 18862 -26551
0 19 162 2 37242 -21479
0 19 163 2 -31909 897
0 19 164 2 12725 -8786
0 19 165 2 22069 39429
0 19 166 2 28448 19271
0 19 167 2 -27938 -17971
0 19 168 2 19751 -25903
0 19 169 2 -6294 -14810
0 19 170 2 -18920 25551
0 19 171 2 -18115 26816
0 19 172 2 -13072 9136
0 19 173 2 -21718 -37939
0 19 174 2 10727 -5020
0 19 175 2 11416 -5958
0 19 176 2 33142 -911
0 19 177 2 -31288 1076
0 19 178 2 -464 32004
0 19 179 2 27533 18518
0 19 180 2 29357 18789
0 19 181 2 -21875 -38166
0 19 182 2 -13711 8008
0 19 183 2 -7307 -12661
0 19 184 2 -12618 7091
0 19 185 2 -16201 26652
0 19 186 2 -37198 21257
0 19 187 2 -1551 -31727
0 19 188 2 -28009 -19866
0 19 189 2 20254 39180
0 19 190 2 -14848 6432
0 19 191 2 30055 10184
0 19 192 2 18313 -27909
0 19 193 2 1928 33404
0 19 194 2 -17932 26185
0 19 195 2 -38240 22667
0 19 196 2 39383 -21069
0 19 197 2 19062 -26013
0 19 198 2 -17246 27105
0 19 199 2 -21920 -40092
0 19 200 2 13617 -6108
0 19 201 2 -7489 -12003
0 19 202 2 -8585 -11165
0 19 203 2 -11830 6219
0 19 204 2 32417 -1483
0 19 205 2 25575 16235
0 19 206 2 -11547 8409
0 19 207 2 -20566 -38787
0 19 208 2 -17626 25961
0 19 209 2 28793 19385
0 19 210 2 -17685 29191
0 19 211 2 21321 38393
0 19 212 2 -18388 29010
0 19 213 2 -27344 -18210
0 19 214 2 -7071 -12404
0 19 215 2 19144 -25400
0 19 216 2 -5850 -14118
0 19 217 2 -40528 20797
0 19 218 2 30931 -677
0 19 219 2 -7911 -13611
0 19 220 2 -25779 -19713
0 19 221 2 7473 11085
0 19 222 2 3578 31905
0 19 223 2 30370 8463
0 19 224 2 11736 -7219
0 19 225 2 2247 32107
0 19 226 2 -38951 22778
0 19 227 2 26013 16518
0 19 228 2 8656 14259
0 19 229 2 -37593 21967
0 19 230 2 -7936 -9716
0 19 231 2 13436 -5215
0 19 232 2 -28466 -17510
0 19 233 2 -17888 28364
0 19 234 2 -19090 27679
0 19 235 2 12871 -7392
0 19 236 2 28013 20063
0 19 237 2 -11928 8560
0 19 238 2 -11410 8759
0 19 239 2 -33426 -870
0 19 240 2 -38923 20857
0 19 241 2 20652 37919
0 19 242 2 20747 39211
0 19 243 2 -5011 -11338
0 19 244 2 27811 19457
0 19 245 2 -32951 1145
0 19 246 2 -26861 -17197
0 19 247 2 -20563 -36369
0 19 248 2 7555 10471
0 19 249 2 -36447 21654
0 19 250 2 35481 -22157
0 19 251 2 625 33178
0 19 252 2 6752 14687
0 19 253 2 32913 -1586
0 19 254 2 -28439 -17404
0 19 255 2 33191 9133
0 20 0 2 -627 86
0 20 1 2 33218 9366
0 20 2 2 -7471 -14692
0 20 3 2 38189 -21943
0 20 4 2 31883 -2249
0 20 5 2 -13021 5751
0 20 6 2 916 31586
0 20 7 2 -20267 -39940
0 20 8 2 22732 35379
0 20 9 2 34500 -2305
0 20 10 2 365 32434
0 20 11 2 13847 -9321
0 20 12 2 -8172 -10559
0 20 13 2 31010 -4042
0 20 14 2 -13729 8156
0 20 15 2 -17987 27596
0 20 16 2 7464 10773
0 20 17 2 -13950 6483
0 20 18 2 -25234 -17005
0 20 19 2 -38533 22100
0 20 20 2 16977 -28500
0 20 21 2 -21984 -39343
0 20 22 2 -20920 -37749
0 20 23 2 -33286 1402
0 20 24 2 32329 -2456
0 20 25 2 -37543 23366
0 20 26 2 -38638 22558
0 20 27 2 -31367 3606
0 20 28 2 11910 -7707
0 20 29 2 -37947 22309
0 20 30 2 33136 -549
0 20 31 2 -38310 22157
0 20 32 2 -1162 -33969
0 20 33 2 31636 9676
0 20 34 2 26594 16339
0 20 35 2 -26462 -18126
0 20 36 2 -30233 2133
0 20 37 2 -26141 -17772
0 20 38 2 38379 -19184
0 20 39 2 -32637 3349
0 20 40 2 -6755 -12833
0 20 41 2 -18740 29104
0 20 42 2 7036 12794
0 20 43 2 -15044 27332
0 20 44 2 -37268 23436
0 20 45 2 -33952 1005
0 20 46 2 -944 -33532
0 20 47 2 12446 -6597
0 20 48 2 18942 -27568
0 20 49 2 -25020 -37432
0 20 50 2 -1441 -32975
0 20 51 2 16153 -26491
0 20 52 2 36292 -22308
0 20 53 2 31942 -1783
0 20 54 2 -20220 27071
0 20 55 2 -34357 1401
0 20 56 2 36647 -21299
0 20 57 2 -1072 -33613
0 20 58 2 7424 14198
0 20 59 2 27030 17239
0 20 60 2 -33738 1017
0 20 61 2 20328 38289
0 20 62 2 -17172 26767
0 20 63 2 -20067 -39048
0 20 64 2 38483 -20221
0 20 65 2 31784 9640
0 20 66 2 20465 38102
0 20 67 2 -37124 21351
0 20 68 2 19669 -26630
0 20 69 2 -32457 1737
0 20 70 2 -12717 7645
0 20 71 2 -7211 -10579
0 20 72 2 695 32532
0 20 73 2 22237 38453
0 20 74 2 11909 -7617
0 20 75 2 -31930 2648
0 20 76 2 -19218 27555
0 20 77 2 -34401 3682
0 20 78 2 14232 -6702
0 20 79 2 -17233 26365
0 20 80 2 -5748 -12014
0 20 81 2 -3371 -31968
0 20 82 2 34496 -1346
0 20 83 2 38810 -21913
0 20 84 2 -12019 6701
0 20 85 2 14889 -5573
0 20 86 2 6645 11056
0 20 87 2 1240 33474
0 20 88 2 -31467 1879
0 20 89 2 -2429 -35139
0 20 90 2 -21034 -37197
0 20 91 2 -27644 -17332
0 20 92 2 22917 39563
0 20 93 2 -23702 -39024
0 20 94 2 -11942 8438
0 20 95 2 -23729 -37426
0 20 96 2 -17740 27352
0 20 97 2 29244 8942
0 20 98 2 28679 16309
0 20 99 2 36846 -23861
0 20 100 2 -21135 -37940
0 20 101 2 32204 -2813
0 20 102 2 38634 -22308
0 20 103 2 1804 31547
0 20 104 2 19379 -27572
0 20 105 2 11977 -7917
0 20 106 2 917 33937
0 20 107 2 -31284 657
0 20 108 2 -7466 -14590
0 20 109 2 -20565 -38137
0 20 110 2 -11327 8423
0 20 111 2 -11690 7462
0 20 112 2 -20223 -38146
0 20 113 2 2653 887
0 20 114 2 569 -441
0 20 115 2 -1477 192
0 20 116 2 1472 -1035
0 20 117 2 1421 -732
0 20 118 2 1249 686
0 20 119 2 1480 367
0 20 120 2 263 -1447
0 20 121 2 -501 727
0 20 122 2 1656 900
0 20 123 2 517 -1868
0 20 124 2 690 -1525
0 20 125 2 1637 1093
0 20 126 2 263 1625
0 20 127 2 -3267 2012
0 20 128 2 -388 796
0 20 129 2 1025 588
0 20 130 2 678 -213
0 20 131 2 2115 -2269
0 20 132 2 -197 818
0 20 133 2 898 -227
0 20 134 2 -799 2932
0 20 135 2 2076 464
0 20 136 2 329 871
0 20 137 2 692 1449
0 20 138 2 503 -494
0 20 139 2 593 150
0 20 140 2 256 -613
0 20 141 2 -1437 -1911
0 20 142 2 -682 -205
0 20 143 2 -14 -1117
0 20 144 2 -8931 -12622
0 20 145 2 8948 12668
0 20 146 2 -13686 5882
0 20 147 2 -15449 27760
0 20 148 2 30486 -3368
0 20 149 2 -30744 -19375
0 20 150 2 -11083 7117
0 20 151 2 18860 -28643
0 20 152 2 13784 -7750
0 20 153 2 8477 14885
0 20 154 2 -19996 -38964
0 20 155 2 -13820 5627
0 20 156 2 -36262 21175
0 20 157 2 17773 -26468
0 20 158 2 28168 17124
0 20 159 2 32976 8294
0 20 160 2 26652 21925
0 20 161 2 15700 -27793
0 20 162 2 -12868 5047
0 20 163 2 -1368 -34364
0 20 164 2 31922 -3150
0 20 165 2 54 -31695
0 20 166 2 -1494 -33645
0 20 167 2 -17914 27170
0 20 168 2 -716 -31695
0 20 169 2 29328 19394
0 20 170 2 -17435 28362
0 20 171 2 30166 17004
0 20 172 2 -7758 -13246
0 20 173 2 13035 -7351
0 20 174 2 1381 33084
0 20 175 2 -37358 22269
0 20 176 2 26909 18302
0 20 177 2 -35823 22318
0 20 178 2 7662 12002
0 20 179 2 8558 13425
0 20 180 2 31580 -2739
0 20 181 2 -2758 -33902
0 20 182 2 23776 37993
0 20 183 2 18605 -27010
0 20 184 2 -16271 26793
0 20 185 2 -36943 21331
0 20 186 2 33837 -1795
0 20 187 2 -36455 23424
0 20 188 2 34942 -2124
0 20 189 2 -9301 -13985
0 20 190 2 -37112 22245
0 20 191 2 32846 6953
0 20 192 2 26941 18836
0 20 193 2 19833 -27581
0 20 194 2 -18658 26947
0 20 195 2 31458 -1515
0 20 196 2 8447 12874
0 20 197 2 -31310 1492
0 20 198 2 20913 37373
0 20 199 2 -25781 -18224
0 20 200 2 -18912 28772
0 20 201 2 -18214 26580
0 20 202 2 -22313 -37712
0 20 203 2 -5044 -15529
0 20 204 2 23207 36823
0 20 205 2 29605 18343
0 20 206 2 -17203 25567
0 20 207 2 -14234 7750
0 20 208 2 -18264 28423
0 20 209 2 -17322 28727
0 20 210 2 -16949 27333
0 20 211 2 -33273 2336
0 20 212 2 -26794 -17835
0 20 213 2 38145 -21293
0 20 214 2 -32445 2323
0 20 215 2 -18805 27998
0 20 216 2 18909 -29008
0 20 217 2 -1960 -32511
0 20 218 2 36732 -20542
0 20 219 2 22777 39338
0 20 220 2 -17005 27536
0 20 221 2 13892 -10977
0 20 222 2 28992 16877
0 20 223 2 32017 8533
0 20 224 2 23642 39523
0 20 225 2 34412 -264
0 20 226 2 2450 32927
0 20 227 2 14333 -7693
0 20 228 2 39220 -23990
0 20 229 2 33169 -4447
0 20 230 2 2842 31233
0 20 231 2 6593 11806
0 20 232 2 19094 -26805
0 20 233 2 1602 31486
0 20 234 2 8932 13180
0 20 235 2 -128 32681
0 20 236 2 22664 38720
0 20 237 2 -17433 27197
0 20 238 2 26001 18073
0 20 239 2 -21840 -37923
0 20 240 2 -38573 23260
0 20 241 2 33595 -3059
0 20 242 2 33189 -283
0 20 243 2 -27716 -18586
0 20 244 2 -32883 1381
0 20 245 2 12462 -8052
0 20 246 2 -8624 -13696
0 20 247 2 -27022 -17919
0 20 248 2 -8251 -9839
0 20 249 2 27645 18044
0 20 250 2 13480 -6889
0 20 251 2 -7507 -12136
0 20 252 2 25871 20315
0 20 253 2 -33702 5311
0 20 254 2 6679 12135
0 20 255 2 30594 7440
0 21 0 2 -1058 2374
0 21 1 2 33473 8259
0 21 2 2 -13223 4946
0 21 3 2 -20956 -35013
0 21 4 2 16303 -25919
0 21 5 2 -22368 -37397
0 21 6 2 19216 -26273
0 21 7 2 -22349 -37281
0 21 8 2 19057 -24654
0 21 9 2 -22836 -37875
0 21 10 2 7196 14713
0 21 11 2 555 -32948
0 21 12 2 -20634 -39665
0 21 13 2 16320 -27106
0 21 14 2 -3268 -34819
0 21 15 2 -31369 2867
0 21 16 2 9169 12332
0 21 17 2 -21795 -38107
0 21 18 2 -7705 -11236
0 21 19 2 -17117 26883
0 21 20 2 -9230 -14646
0 21 21 2 11086 -7950
0 21 22 2 -8688 -10429
0 21 23 2 -590 -32928
0 21 24 2 32255 -2512
0 21 25 2 -16328 28889
0 21 26 2 -32295 820
0 21 27 2 -8473 -12443
0 21 28 2 22247 36557
0 21 29 2 6788 15333
0 21 30 2 -4454 -33851
0 21 31 2 -18498 28005
0 21 32 2 31299 -4219
0 21 33 2 31173 8245
0 21 34 2 34184 -21407
0 21 35 2 26899 19812
0 21 36 2 -33905 5293
0 21 37 2 32554 -3372
0 21 38 2 -26823 -17170
0 21 39 2 39338 -24253
0 21 40 2 26963 17767
0 21 41 2 32592 -2347
0 21 42 2 7806 12358
0 21 43 2 -6852 -11126
0 21 44 2 18617 -28119
0 21 45 2 -14463 7020
0 21 46 2 -17476 29081
0 21 47 2 12603 -6778
0 21 48 2 12850 -5276
0 21 49 2 16737 -29164
0 21 50 2 18275 -27494
0 21 51 2 21280 35835
0 21 52 2 -2683 -35017
0 21 53 2 -32613 2534
0 21 54 2 33589 -2070
0 21 55 2 -18165 27481
0 21 56 2 -23744 -37817
0 21 57 2 -29221 -15726
0 21 58 2 36052 -21867
0 21 59 2 -13211 7453
0 21 60 2 -3674 -31983
0 21 61 2 12249 -8357
0 21 62 2 -18618 27960
0 21 63 2 38001 -24496
0 21 64 2 33564 -3641
0 21 65 2 31795 6831
0 21 66 2 13605 -10510
0 21 67 2 28450 16916
0 21 68 2 2596 32148
0 21 69 2 30350 17048
0 21 70 2 -25615 -16465
0 21 71 2 -17172 28231
0 21 72 2 14320 -5593
0 21 73 2 39397 -21939
0 21 74 2 2842 32480
0 21 75 2 -17957 25635
0 21 76 2 -7869 -12040
0 21 77 2 12313 -6506
0 21 78 2 38874 -22062
0 21 79 2 -3676 -33979
0 21 80 2 -31362 2561
0 21 81 2 -18006 27718
0 21 82 2 -39403 23262
0 21 83 2 2645 32672
0 21 84 2 30341 -4861
0 21 85 2 -10900 7177
0 21 86 2 27348 17854
0 21 87 2 -26886 -18519
0 21 88 2 32217 -2567
0 21 89 2 -12121 7239
0 21 90 2 16373 -27953
0 21 91 2 -13569 6810
0 21 92 2 -11740 6716
0 21 93 2 -32064 1096
0 21 94 2 -27274 -18051
0 21 95 2 2578 34042
0 21 96 2 -6692 -12303
0 21 97 2 29093 6252
0 21 98 2 -33553 117
0 21 99 2 27422 19926
0 21 100 2 32065 -2227
0 21 101 2 -37242 22336
0 21 102 2 -7464 -11680
0 21 103 2 29114 17054
0 21 104 2 -11235 9606
0 21 105 2 16440 -8707
0 21 106 2 -15817 27886
0 21 107 2 -26623 -18006
0 21 108 2 -8890 -12785
0 21 109 2 -29561 -18208
0 21 110 2 -18241 27359
0 21 111 2 -28986 -16950
0 21 112 2 -7720 -14237
0 21 113 2 704 -169
0 21 114 2 -727 -2685
0 21 115 2 -1919 2158
0 21 116 2 -2226 721
0 21 117 2 -15 1374
0 21 118 2 -256 260
0 21 119 2 510 1160
0 21 120 2 -1335 -1635
0 21 121 2 475 32
0 21 122 2 -1909 315
0 21 123 2 351 -1380
0 21 124 2 -1027 -1383
0 21 125 2 -1221 -632
0 21 126 2 201 -1056
0 21 127 2 533 124
0 21 128 2 -1030 162
0 21 129 2 2833 58
0 21 130 2 2316 -268
0 21 131 2 935 1605
0 21 132 2 -296 -1328
0 21 133 2 -233 -3
0 21 134 2 -1279 1087
0 21 135 2 -1664 2133
0 21 136 2 -837 -2147
0 21 137 2 -606 -122
0 21 138 2 -844 110
0 21 139 2 1158 2047
0 21 140 2 -6 -1992
0 21 141 2 1190 598
0 21 142 2 819 2221
0 21 143 2 1227 -675
0 21 144 2 7433 12805
0 21 145 2 9176 11633
0 21 146 2 -13387 8219
0 21 147 2 12179 -7100
0 21 148 2 -38543 22892
0 21 149 2 11144 -7683
0 21 150 2 11833 -8160
0 21 151 2 38393 -24104
0 21 152 2 -33489 1942
0 21 153 2 26434 15866
0 21 154 2 17181 -28062
0 21 155 2 -34997 3791
0 21 156 2 -6974 -13848
0 21 157 2 -27699 -20564
0 21 158 2 -14879 7769
0 21 159 2 29498 8145
0 21 160 2 7286 13017
0 21 161 2 -13211 7513
0 21 162 2 24022 37215
0 21 163 2 22635 36336
0 21 164 2 -14582 5790
0 21 165 2 -36853 23045
0 21 166 2 22511 39127
0 21 167 2 3438 33291
0 21 168 2 32825 -1893
0 21 169 2 -32513 3447
0 21 170 2 32014 -2138
0 21 171 2 -23683 -37291
0 21 172 2 35945 -22843
0 21 173 2 -31007 3638
0 21 174 2 -24499 -36997
0 21 175 2 -13353 7994
0 21 176 2 -29082 -17565
0 21 177 2 37686 -21640
0 21 178 2 -13901 8367
0 21 179 2 33615 -3610
0 21 180 2 4174 32537
0 21 181 2 36387 -21401
0 21 182 2 -3479 -33919
0 21 183 2 -10915 6401
0 21 184 2 34008 -4087
0 21 185 2 2106 33269
0 21 186 2 26091 18204
0 21 187 2 -32733 1108
0 21 188 2 7639 14065
0 21 189 2 23331 38642
0 21 190 2 2089 33119
0 21 191 2 31323 10481
0 21 192 2 18092 -27730
0 21 193 2 -38644 22085
0 21 194 2 33151 -3198
0 21 195 2 -1443 -32154
0 21 196 2 19063 -27953
0 21 197 2 -11544 7140
0 21 198 2 14459 -7697
0 21 199 2 25390 15453
0 21 200 2 17023 -29455
0 21 201 2 -36841 21596
0 21 202 2 -7776 -13536
0 21 203 2 21999 39385
0 21 204 2 -9569 7174
0 21 205 2 27058 18592
0 21 206 2 -16706 27090
0 21 207 2 6563 13433
0 21 208 2 -13136 6208
0 21 209 2 15224 -28636
0 21 210 2 16491 -26506
0 21 211 2 9723 12782
0 21 212 2 27966 17212
0 21 213 2 22227 36372
0 21 214 2 -7181 -11456
0 21 215 2 -32125 3010
0 21 216 2 5773 13763
0 21 217 2 -7853 -10932
0 21 218 2 33766 -402
0 21 219 2 -8402 -11579
0 21 220 2 17446 -27290
0 21 221 2 8120 11853
0 21 222 2 33334 -4580
0 21 223 2 33778 8146
0 21 224 2 -22989 -38234
0 21 225 2 26833 17650
0 21 226 2 -13112 6978
0 21 227 2 8771 12010
0 21 228 2 8214 13909
0 21 229 2 -19140 25899
0 21 230 2 -31325 3985
0 21 231 2 12562 -9179
0 21 232 2 -18686 28577
0 21 233 2 27416 19483
0 21 234 2 -32867 3488
0 21 235 2 -7510 -11741
0 21 236 2 8891 12625
0 21 237 2 -33415 3098
0 21 238 2 23222 37380
0 21 239 2 -39320 25234
0 21 240 2 16528 -26573
0 21 241 2 -22908 -36081
0 21 242 2 -34218 2814
0 21 243 2 23277 38008
0 21 244 2 36903 -21094
0 21 245 2 23612 40057
0 21 246 2 33289 -1223
0 21 247 2 -12796 7223
0 21 248 2 16945 -29373
0 21 249 2 -9844 9295
0 21 250 2 24361 38743
0 21 251 2 14399 -5698
0 21 252 2 -36080 24847
0 21 253 2 -18771 28179
0 21 254 2 -7547 -11500
0 21 255 2 30562 8363
0 22 0 2 819 -867
0 22 1 2 31065 5249
0 22 2 2 -33149 4730
0 22 3 2 -27421 -17981
0 22 4 2 -35190 25081
0 22 5 2 35356 -26757
0 22 6 2 16592 -31410
0 22 7 2 -15562 26475
0 22 8 2 3876 29993
0 22 9 2 -13831 6485
0 22 10 2 -11732 6438
0 22 11 2 6872 13309
0 22 12 2 -28880 -15121
0 22 13 2 -36216 22605
0 22 14 2 -10118 -11814
0 22 15 2 16106 -30449
0 22 16 2 14275 -30852
0 22 17 2 -33559 5189
0 22 18 2 25689 16379
0 22 19 2 -17734 29330
0 22 20 2 26876 15344
0 22 21 2 -16502 29627
0 22 22 2 -11906 9877
0 22 23 2 -19067 28161
0 22 24 2 -9819 -12919
0 22 25 2 8581 13459
0 22 26 2 7536 11283
0 22 27 2 30175 -2685
0 22 28 2 32478 -4803
0 22 29 2 25291 37063
0 22 30 2 -15290 28581
0 22 31 2 -17030 27864
0 22 32 2 4419 33879
0 22 33 2 32516 6575
0 22 34 2 7831 10989
0 22 35 2 37086 -23594
0 22 36 2 18663 -28177
0 22 37 2 12294 -7106
0 22 38 2 -16651 28964
0 22 39 2 -29890 -17892
0 22 40 2 -5983 -13199
0 22 41 2 13630 -29787
0 22 42 2 -5758 -13393
0 22 43 2 -36538 24849
0 22 44 2 -13002 6751
0 22 45 2 6660 11844
0 22 46 2 -32395 5011
0 22 47 2 37976 -22539
0 22 48 2 38203 -23937
0 22 49 2 -28125 -17148
0 22 50 2 3322 31112
0 22 51 2 -15727 27108
0 22 52 2 32252 -3937
0 22 53 2 4209 33370
0 22 54 2 -31945 3418
0 22 55 2 -37769 24797
0 22 56 2 -17020 30971
0 22 57 2 24662 36020
0 22 58 2 33199 -4552
0 22 59 2 30456 15774
0 22 60 2 -34259 26413
0 22 61 2 16358 -27625
0 22 62 2 -9322 -11627
0 22 63 2 14834 -29063
0 22 64 2 -31787 4133
0 22 65 2 31315 7558
0 22 66 2 -3527 -32490
0 22 67 2 -35588 25023
0 22 68 2 -7400 -12256
0 22 69 2 12293 -10052
0 22 70 2 -37309 25177
0 22 71 2 -34729 24233
0 22 72 2 23256 36112
0 22 73 2 -27465 -13613
0 22 74 2 11464 -7069
0 22 75 2 14613 -6347
0 22 76 2 14898 -25827
0 22 77 2 16281 -27114
0 22 78 2 -4595 -33833
0 22 79 2 10032 -10137
0 22 80 2 29766 16094
0 22 81 2 35168 -25615
0 22 82 2 13365 -9731
0 22 83 2 -13069 5943
0 22 84 2 -14272 28769
0 22 85 2 -6587 -13138
0 22 86 2 -38945 24499
0 22 87 2 15513 -30846
0 22 88 2 32483 -1980
0 22 89 2 16952 -28153
0 22 90 2 16060 -28480
0 22 91 2 -32804 4437
0 22 92 2 27824 15284
0 22 93 2 29386 17987
0 22 94 2 -15344 27008
0 22 95 2 -39066 27558
0 22 96 2 34518 -3994
0 22 97 2 30386 7286
0 22 98 2 -34925 25925
0 22 99 2 -4475 -34743
0 22 100 2 -17374 28771
0 22 101 2 9946 12315
0 22 102 2 -26093 -37324
0 22 103 2 -10178 8353
0 22 104 2 -29961 -15094
0 22 105 2 29509 14740
0 22 106 2 -32148 5133
0 22 107 2 -17881 28196
0 22 108 2 37861 -23835
0 22 109 2 -15744 29600
0 22 110 2 -3283 -33700
0 22 111 2 28781 14322
0 22 112 2 -17170 28753
0 22 113 2 1427 -326
0 22 114 2 1043 -451
0 22 115 2 -1459 2119
0 22 116 2 -462 -423
0 22 117 2 -267 -214
0 22 118 2 580 -1190
0 22 119 2 91 2536
0 22 120 2 -1627 -89
0 22 121 2 -1835 484
0 22 122 2 586 -576
0 22 123 2 -410 648
0 22 124 2 284 -1571
0 22 125 2 785 -2638
0 22 126 2 3 1942
0 22 127 2 924 987
0 22 128 2 1193 -1244
0 22 129 2 -224 1065
0 22 130 2 -815 -652
0 22 131 2 253 1860
0 22 132 2 -677 -2825
0 22 133 2 -351 52
0 22 134 2 578 -270
0 22 135 2 217 99
0 22 136 2 1208 47
0 22 137 2 1509 -675
0 22 138 2 1189 1773
0 22 139 2 -2385 -1247
0 22 140 2 462 613
0 22 141 2 2809 -1190
0 22 142 2 -99 -755
0 22 143 2 362 -510
0 22 144 2 -6542 -11149
0 22 145 2 10258 11931
0 22 146 2 -27157 -16135
0 22 147 2 -25442 -38145
0 22 148 2 -36400 23110
0 22 149 2 15500 -29356
0 22 150 2 -8842 -13434
0 22 151 2 15675 -30778
0 22 152 2 -34777 4492
0 22 153 2 31611 -3350
0 22 154 2 17341 -28266
0 22 155 2 -18032 26443
0 22 156 2 36517 -24861
0 22 157 2 16088 -30030
0 22 158 2 -28943 -19605
0 22 159 2 31037 5599
0 22 160 2 36316 -24239
0 22 161 2 -10554 8575
0 22 162 2 -10877 7621
0 22 163 2 24173 38699
0 22 164 2 -25121 -35480
0 22 165 2 -27285 -16694
0 22 166 2 37669 -24069
0 22 167 2 -2429 -32422
0 22 168 2 3235 32444
0 22 169 2 -15501 27526
0 22 170 2 -9076 -11719
0 22 171 2 3665 31671
0 22 172 2 17090 -25638
0 22 173 2 -5525 -11159
0 22 174 2 -27290 -15325
0 22 175 2 -30820 4192
0 22 176 2 -24269 -36527
0 22 177 2 27400 14910
0 22 178 2 6709 13723
0 22 179 2 12804 -6920
0 22 180 2 9867 11305
0 22 181 2 -4575 -31064
0 22 182 2 26404 15923
0 22 183 2 26003 36316
0 22 184 2 27989 16474
0 22 185 2 -12680 6357
0 22 186 2 22110 36746
0 22 187 2 12573 -7975
0 22 188 2 18009 -30890
0 22 189 2 -34950 25485
0 22 190 2 -28196 -37096
0 22 191 2 32441 4799
0 22 192 2 36855 -23925
0 22 193 2 -22851 -35373
0 22 194 2 25684 35911
0 22 195 2 -27456 -17310
0 22 196 2 9429 11765
0 22 197 2 -12052 7717
0 22 198 2 17659 -27622
0 22 199 2 -36893 26826
0 22 200 2 -15723 31267
0 22 201 2 -24375 -37271
0 22 202 2 -37509 26007
0 22 203 2 6640 13397
0 22 204 2 8970 9817
0 22 205 2 -3809 -32894
0 22 206 2 30258 -4839
0 22 207 2 3010 30755
0 22 208 2 -38931 25636
0 22 209 2 -28998 -15902
0 22 210 2 -6167 -33341
0 22 211 2 -18172 28385
0 22 212 2 28236 14269
0 22 213 2 16223 -29408
0 22 214 2 -36270 23782
0 22 215 2 -11214 -14098
0 22 216 2 -3353 -32420
0 22 217 2 -33933 4795
0 22 218 2 -30522 3785
0 22 219 2 11488 -4562
0 22 220 2 -5908 -32652
0 22 221 2 -37848 24763
0 22 222 2 -5908 -31078
0 22 223 2 33316 6716
0 22 224 2 -25398 -36597
0 22 225 2 31602 -4323
0 22 226 2 -16281 26598
0 22 227 2 -12401 7340
0 22 228 2 24742 36184
0 22 229 2 -8848 -12712
0 22 230 2 -33095 4212
0 22 231 2 -28732 -15501
0 22 232 2 -38757 24652
0 22 233 2 28393 16028
0 22 234 2 34187 -23270
0 22 235 2 -11043 8466
0 22 236 2 7026 11108
0 22 237 2 26823 18615
0 22 238 2 -4114 -30813
0 22 239 2 15600 -28831
0 22 240 2 -7978 -10600
0 22 241 2 24639 38897
0 22 242 2 -8306 -12745
0 22 243 2 -28706 -15070
0 22 244 2 36703 -26604
0 22 245 2 35468 -24001
0 22 246 2 4087 32051
0 22 247 2 31767 -3425
0 22 248 2 7853 13358
0 22 249 2 24703 35348
0 22 250 2 -8484 -9826
0 22 251 2 25439 36872
0 22 252 2 14721 -6707
0 22 253 2 -31553 4653
0 22 254 2 -8573 -12957
0 22 255 2 30744 5054
0 23 0 2 912 7
0 23 1 2 31406 1660
0 23 2 2 -10483 8263
0 23 3 2 9129 10917
0 23 4 2 -25104 -34044
0 23 5 2 -37713 25849
0 23 6 2 -31232 6433
0 23 7 2 -36804 27626
0 23 8 2 -11314 -12417
0 23 9 2 -26822 -34816
0 23 10 2 6274 12527
0 23 11 2 36413 -28844
0 23 12 2 -32324 5288
0 23 13 2 -12971 9281
0 23 14 2 13257 -29459
0 23 15 2 8171 13691
0 23 16 2 29747 12840
0 23 17 2 25588 35640
0 23 18 2 28960 16105
0 23 19 2 27872 34598
0 23 20 2 -5912 -33200
0 23 21 2 5183 31999
0 23 22 2 -4888 -30511
0 23 23 2 13872 -27915
0 23 24 2 27039 35228
0 23 25 2 7024 33036
0 23 26 2 29145 16177
0 23 27 2 -12478 11317
0 23 28 2 -32270 5797
0 23 29 2 18815 -27981
0 23 30 2 13612 -10675
0 23 31 2 -8235 -11605
0 23 32 2 -10153 -12824
0 23 33 2 33509 4067
0 23 34 2 32056 -7883
0 23 35 2 -25483 -36418
0 23 36 2 5101 34149
0 23 37 2 34639 -26612
0 23 38 2 -14906 28603
0 23 39 2 12294 -9033
0 23 40 2 33570 -5925
0 23 41 2 -32198 6560
0 23 42 2 -32293 7726
0 23 43 2 29923 14082
0 23 44 2 -35685 26586
0 23 45 2 -12077 8569
0 23 46 2 6881 30981
0 23 47 2 5056 31746
0 23 48 2 -25716 -33268
0 23 49 2 -15759 28856
0 23 50 2 33481 -5267
0 23 51 2 -29706 -13551
0 23 52 2 30643 -4770
0 23 53 2 34565 -25788
0 23 54 2 35346 -26728
0 23 55 2 26544 35527
0 23 56 2 33751 -25535
0 23 57 2 33480 -6658
0 23 58 2 -29115 4610
0 23 59 2 7214 11257
0 23 60 2 28684 15226
0 23 61 2 8197 32378
0 23 62 2 -6294 -31804
0 23 63 2 -15211 30738
0 23 64 2 -34477 27498
0 23 65 2 33044 6644
0 23 66 2 13222 -7423
0 23 67 2 13800 -8499
0 23 68 2 35638 -25882
0 23 69 2 -24064 -38359
0 23 70 2 14554 -30602
0 23 71 2 -10602 8695
0 23 72 2 -10940 9831
0 23 73 2 13512 -9020
0 23 74 2 -7259 -11791
0 23 75 2 30105 12848
0 23 76 2 -31965 3976
0 23 77 2 -29399 -12493
0 23 78 2 -32266 6566
0 23 79 2 34653 -25571
0 23 80 2 32247 -5158
0 23 81 2 -36615 29004
0 23 82 2 6566 10658
0 23 83 2 6163 30839
0 23 84 2 -12700 10553
0 23 85 2 30678 15391
0 23 86 2 13716 -30583
0 23 87 2 31183 -5467
0 23 88 2 11756 -10328
0 23 89 2 14458 -30702
0 23 90 2 -13940 27410
0 23 91 2 8109 9525
0 23 92 2 26947 35054
0 23 93 2 -34918 27615
0 23 94 2 7858 13074
0 23 95 2 -3323 -31973
0 23 96 2 -29973 -16583
0 23 97 2 32271 6975
0 23 98 2 -35580 26398
0 23 99 2 33661 -25336
0 23 100 2 16028 -30728
0 23 101 2 -8100 -12423
0 23 102 2 -5580 -33793
0 23 103 2 8427 12733
0 23 104 2 -32663 8024
0 23 105 2 16316 -30074
0 23 106 2 -6719 -32595
0 23 107 2 32106 -4729
0 23 108 2 -12061 8193
0 23 109 2 -28125 -35418
0 23 110 2 31127 -6560
0 23 111 2 10468 10864
0 23 112 2 -8314 -11821
0 23 113 2 -1025 -1093
0 23 114 2 40 -1436
0 23 115 2 519 311
0 23 116 2 -29 623
0 23 117 2 147 862
0 23 118 2 -3048 -1259
0 23 119 2 461 -1243
0 23 120 2 1184 1049
0 23 121 2 36 -501
0 23 122 2 1807 1593
0 23 123 2 587 613
0 23 124 2 887 329
0 23 125 2 -566 -1612
0 23 126 2 -3599 -1947
0 23 127 2 544 -2502
0 23 128 2 1262 -293
0 23 129 2 -272 253
0 23 130 2 -55 -907
0 23 131 2 -200 -568
0 23 132 2 1053 -635
0 23 133 2 2602 574
0 23 134 2 322 -849
0 23 135 2 -1376 1147
0 23 136 2 1550 -565
0 23 137 2 -349 -1101
0 23 138 2 -725 -3920
0 23 139 2 502 -902
0 23 140 2 -2132 9
0 23 141 2 -1117 1642
0 23 142 2 605 -1247
0 23 143 2 1397 2761
0 23 144 2 -36971 25134
0 23 145 2 11074 -7611
0 23 146 2 -7727 -33021
0 23 147 2 25384 35324
0 23 148 2 -7885 -10266
0 23 149 2 -10702 9137
0 23 150 2 12694 -8286
0 23 151 2 -11631 8880
0 23 152 2 9851 10751
0 23 153 2 -12052 9345
0 23 154 2 -4562 -30428
0 23 155 2 -31580 4601
0 23 156 2 -35502 26303
0 23 157 2 12127 -10145
0 23 158 2 8008 11608
0 23 159 2 32799 4856
0 23 160 2 -35068 27850
0 23 161 2 -33311 7203
0 23 162 2 -6953 -10972
0 23 163 2 7226 29832
0 23 164 2 -29736 7444
0 23 165 2 -28926 -13100
0 23 166 2 -35749 26637
0 23 167 2 -9693 -12816
0 23 168 2 15320 -28778
0 23 169 2 4868 12770
0 23 170 2 -8147 -30386
0 23 171 2 -26615 -34299
0 23 172 2 -32178 -15748
0 23 173 2 31630 -5588
0 23 174 2 -11577 6986
0 23 175 2 6752 12582
0 23 176 2 6163 31792
0 23 177 2 34632 -27879
0 23 178 2 -27376 -16322
0 23 179 2 31367 11816
0 23 180 2 -4560 -33728
0 23 181 2 7379 30640
0 23 182 2 14475 -29943
0 23 183 2 -24771 -34111
0 23 184 2 7221 30617
0 23 185 2 25742 35263
0 23 186 2 -30655 -14222
0 23 187 2 -28049 -37174
0 23 188 2 6050 33511
0 23 189 2 8302 10994
0 23 190 2 5532 31409
0 23 191 2 33727 4483
0 23 192 2 25923 35056
0 23 193 2 -16588 28629
0 23 194 2 -15827 28512
0 23 195 2 -31615 6894
0 23 196 2 13163 -29207
0 23 197 2 37039 -26928
0 23 198 2 25222 32552
0 23 199 2 13752 -28951
0 23 200 2 -10744 -10524
0 23 201 2 36581 -25759
0 23 202 2 15282 -29079
0 23 203 2 35406 -25447
0 23 204 2 -13227 9124
0 23 205 2 9474 12431
0 23 206 2 -13568 30432
0 23 207 2 -9190 9860
0 23 208 2 -29815 -14391
0 23 209 2 -26106 -35850
0 23 210 2 34298 -27485
0 23 211 2 -10812 10828
0 23 212 2 -27609 -16410
0 23 213 2 -31603 -16131
0 23 214 2 28115 12703
0 23 215 2 29863 11816
0 23 216 2 25438 34541
0 23 217 2 -35673 25810
0 23 218 2 31163 13386
0 23 219 2 -10715 -10506
0 23 220 2 26266 35326
0 23 221 2 -7369 -9493
0 23 222 2 8626 11994
0 23 223 2 32309 5317
0 23 224 2 8431 12233
0 23 225 2 25112 36425
0 23 226 2 14563 -6415
0 23 227 2 -9077 -11113
0 23 228 2 -31440 6424
0 23 229 2 12831 -29297
0 23 230 2 -29487 -15583
0 23 231 2 -8915 -11158
0 23 232 2 -5130 -32709
0 23 233 2 -7411 -32884
0 23 234 2 -8137 -13061
0 23 235 2 7730 31587
0 23 236 2 4608 32767
0 23 237 2 -36072 25268
0 23 238 2 13617 -31686
0 23 239 2 24987 33881
0 23 240 2 34892 -25206
0 23 241 2 12300 -8950
0 23 242 2 -35677 25288
0 23 243 2 25227 36036
0 23 244 2 29398 15072
0 23 245 2 -7184 -12077
0 23 246 2 9880 -8285
0 23 247 2 6482 32564
0 23 248 2 -28050 -13115
0 23 249 2 -26656 -13913
0 23 250 2 -5815 -30276
0 23 251 2 -30351 -15383
0 23 252 2 -33647 5933
0 23 253 2 36314 -27558
0 23 254 2 32549 -5485
0 23 255 2 31948 6159
0 24 0 2 -1002 -3478
0 24 1 2 33263 2467
0 24 2 2 13268 -32796
0 24 3 2 28661 14038
0 24 4 2 -12963 30155
0 24 5 2 13707 -28966
0 24 6 2 8744 30560
0 24 7 2 -30359 8392
0 24 8 2 10743 -12998
0 24 9 2 7262 12696
0 24 10 2 -8192 -32976
0 24 11 2 -10475 29181
0 24 12 2 -9004 -31537
0 24 13 2 -14174 29274
0 24 14 2 -10852 -11910
0 24 15 2 31289 11636
0 24 16 2 8994 33077
0 24 17 2 8049 10189
0 24 18 2 6906 31059
0 24 19 2 29065 34449
0 24 20 2 31482 12531
0 24 21 2 -12529 31781
0 24 22 2 28065 34695
0 24 23 2 -9680 -10065
0 24 24 2 29700 13456
0 24 25 2 -29747 7607
0 24 26 2 -32904 29631
0 24 27 2 -4835 -31421
0 24 28 2 9383 -10313
0 24 29 2 -6623 -31560
0 24 30 2 -33017 28433
0 24 31 2 -8582 -32284
0 24 32 2 10807 -7836
0 24 33 2 33338 2503
0 24 34 2 -12274 9448
0 24 35 2 -10332 29374
0 24 36 2 -12389 31304
0 24 37 2 29571 13486
0 24 38 2 8787 30881
0 24 39 2 -14575 31407
0 24 40 2 -29593 -14526
0 24 41 2 9245 14021
0 24 42 2 27868 34965
0 24 43 2 13664 -29134
0 24 44 2 -10045 -10835
0 24 45 2 32563 13321
0 24 46 2 32805 -27220
0 24 47 2 -7001 -29427
0 24 48 2 33194 -27601
0 24 49 2 9531 -8180
0 24 50 2 -28729 -35269
0 24 51 2 7008 31057
0 24 52 2 11542 -28876
0 24 53 2 30940 -9837
0 24 54 2 11585 10572
0 24 55 2 34376 -27840
0 24 56 2 11277 -30824
0 24 57 2 10036 29409
0 24 58 2 13602 -31162
0 24 59 2 -9722 7888
0 24 60 2 -13220 31551
0 24 61 2 -27826 -34937
0 24 62 2 -31495 9395
0 24 63 2 -35887 28454
0 24 64 2 -12916 10112
0 24 65 2 30255 3808
0 24 66 2 -11228 7909
0 24 67 2 13959 -31411
0 24 68 2 -12874 29528
0 24 69 2 31768 -9614
0 24 70 2 -33189 26769
0 24 71 2 10855 -8935
0 24 72 2 26625 33420
0 24 73 2 -29797 -35058
0 24 74 2 28368 33860
0 24 75 2 5172 32504
0 24 76 2 29141 15711
0 24 77 2 31742 -6567
0 24 78 2 -9873 12238
0 24 79 2 27789 31496
0 24 80 2 9909 13079
0 24 81 2 -6889 -10444
0 24 82 2 28712 11919
0 24 83 2 9299 11423
0 24 84 2 14494 -28438
0 24 85 2 11680 11811
0 24 86 2 -32049 29060
0 24 87 2 31365 14186
0 24 88 2 -11810 7315
0 24 89 2 7075 33216
0 24 90 2 -35639 28323
0 24 91 2 10866 -10016
0 24 92 2 34093 -9157
0 24 93 2 -7927 -34922
0 24 94 2 29947 12079
0 24 95 2 -32263 27010
0 24 96 2 29840 33690
0 24 97 2 31434 4549
0 24 98 2 -32727 8576
0 24 99 2 -8345 -30887
0 24 100 2 32022 -7044
0 24 101 2 8686 -10007
0 24 102 2 -11310 -11372
0 24 103 2 32497 -8306
0 24 104 2 -10950 9648
0 24 105 2 -10283 -10137
0 24 106 2 29785 15060
0 24 107 2 35689 -26814
0 24 108 2 -11544 10206
0 24 109 2 10507 8123
0 24 110 2 -13906 31627
0 24 111 2 31457 -5878
0 24 112 2 35132 -27486
0 24 113 2 1621 -367
0 24 114 2 15 1084
0 24 115 2 -1530 505
0 24 116 2 1139 -1790
0 24 117 2 307 -13
0 24 118 2 -624 1119
0 24 119 2 1006 2065
0 24 120 2 -1411 -370
0 24 121 2 177 181
0 24 122 2 -612 -17
0 24 123 2 191 667
0 24 124 2 -951 233
0 24 125 2 1589 -244
0 24 126 2 -656 -1077
0 24 127 2 567 -380
0 24 128 2 -1467 -1691
0 24 129 2 -694 -2176
0 24 130 2 -1047 84
0 24 131 2 -1998 -891
0 24 132 2 -834 1616
0 24 133 2 -704 1837
0 24 134 2 557 -763
0 24 135 2 -429 425
0 24 136 2 163 1719
0 24 137 2 1220 -1127
0 24 138 2 811 158
0 24 139 2 572 -777
0 24 140 2 1419 -828
0 24 141 2 233 -571
0 24 142 2 730 60
0 24 143 2 -966 -52
0 24 144 2 34646 -28502
0 24 145 2 26915 35508
0 24 146 2 30572 12690
0 24 147 2 7759 30611
0 24 148 2 -11739 31499
0 24 149 2 9162 11830
0 24 150 2 28223 12835
0 24 151 2 9905 9378
0 24 152 2 29832 35178
0 24 153 2 -12970 9798
0 24 154 2 -27254 -33073
0 24 155 2 -32094 10322
0 24 156 2 -13757 8139
0 24 157 2 33459 -30014
0 24 158 2 10003 31364
0 24 159 2 31760 3243
0 24 160 2 11562 -10713
0 24 161 2 -31115 8285
0 24 162 2 9428 11026
0 24 163 2 -29927 -12598
0 24 164 2 32269 13482
0 24 165 2 27813 33272
0 24 166 2 28186 33461
0 24 167 2 -10856 9925
0 24 168 2 -28796 -13418
0 24 169 2 11261 -8937
0 24 170 2 32846 -29527
0 24 171 2 12489 -9821
0 24 172 2 -27830 -13361
0 24 173 2 -31864 10302
0 24 174 2 31198 -8956
0 24 175 2 -6935 -32709
0 24 176 2 -3652 -31563
0 24 177 2 -9089 -11172
0 24 178 2 10346 -7793
0 24 179 2 -9091 9943
0 24 180 2 10829 -8519
0 24 181 2 -33935 8994
0 24 182 2 -25374 -31899
0 24 183 2 32954 -27893
0 24 184 2 -7831 -9163
0 24 185 2 -11981 29342
0 24 186 2 -28922 -13242
0 24 187 2 -31731 -11933
0 24 188 2 11322 -11532
0 24 189 2 -29837 -35069
0 24 190 2 -32400 27739
0 24 191 2 34261 3416
0 24 192 2 -29542 -11774
0 24 193 2 -10153 29619
0 24 194 2 10288 11274
0 24 195 2 -30505 -14485
0 24 196 2 -10962 8017
0 24 197 2 -6543 -33922
0 24 198 2 10925 9156
0 24 199 2 13409 11028
0 24 200 2 -34912 28071
0 24 201 2 11690 -30553
0 24 202 2 -33598 27920
0 24 203 2 -8904 -31023
0 24 204 2 -6934 -31665
0 24 205 2 34366 -26901
0 24 206 2 -31517 7611
0 24 207 2 27831 35702
0 24 208 2 -32346 -12786
0 24 209 2 -9225 -9264
0 24 210 2 -33848 29070
0 24 211 2 -31652 -14609
0 24 212 2 29560 35638
0 24 213 2 12810 -31999
0 24 214 2 -10856 12780
0 24 215 2 10332 11205
0 24 216 2 -27693 -12775
0 24 217 2 -30952 -12979
0 24 218 2 -34263 27948
0 24 219 2 29580 32524
0 24 220 2 31828 11466
0 24 221 2 29813 12798
0 24 222 2 29735 33179
0 24 223 2 34058 2493
0 24 224 2 -29850 -14036
0 24 225 2 -34148 29786
0 24 226 2 -8055 -31446
0 24 227 2 -33700 29326
0 24 228 2 12309 -9112
0 24 229 2 -32173 -12769
0 24 230 2 34669 -27044
0 24 231 2 -29331 -11883
0 24 232 2 12544 -28917
0 24 233 2 11433 12683
0 24 234 2 -27016 -35168
0 24 235 2 -27413 -14974
0 24 236 2 -7333 -32228
0 24 237 2 -8028 -31988
0 24 238 2 13241 -30363
0 24 239 2 -33230 25795
0 24 240 2 -33614 28951
0 24 241 2 -30005 -15310
0 24 242 2 -6994 -33012
0 24 243 2 -10555 -9055
0 24 244 2 8881 12486
0 24 245 2 7075 32989
0 24 246 2 -9076 -33360
0 24 247 2 -30855 -14113
0 24 248 2 30095 32966
0 24 249 2 -7906 -31492
0 24 250 2 31174 12466
0 24 251 2 34222 -30213
0 24 252 2 -32101 31417
0 24 253 2 -28930 -33879
0 24 254 2 9354 -29942
0 24 255 2 33053 1874
0 25 0 2 620 -448
0 25 1 2 32624 1273
0 25 2 2 -31753 31294
0 25 3 2 -11595 31626
0 25 4 2 -29158 -30100
0 25 5 2 9633 -29355
0 25 6 2 29166 10622
0 25 7 2 -9148 -30214
0 25 8 2 -11315 30436
0 25 9 2 -32569 9475
0 25 10 2 -31311 -31214
0 25 11 2 33217 -31879
0 25 12 2 31747 -31673
0 25 13 2 -10811 -8837
0 25 14 2 8342 9530
0 25 15 2 10129 -8971
0 25 16 2 -34666 9007
0 25 17 2 -10880 8853
0 25 18 2 9580 31842
0 25 19 2 -9828 -9329
0 25 20 2 31558 12830
0 25 21 2 32468 -10839
0 25 22 2 31339 33411
0 25 23 2 -10482 12080
0 25 24 2 30393 10717
0 25 25 2 33302 11272
0 25 26 2 -28938 29598
0 25 27 2 -28294 -30551
0 25 28 2 -11778 32079
0 25 29 2 31382 -10220
0 25 30 2 11221 -32682
0 25 31 2 -11405 9220
0 25 32 2 -12530 31891
0 25 33 2 33153 953
0 25 34 2 -29213 -30162
0 25 35 2 -32464 9340
0 25 36 2 8744 11472
0 25 37 2 30983 -8991
0 25 38 2 -9841 11593
0 25 39 2 9427 -9392
0 25 40 2 29158 31344
0 25 41 2 10476 9830
0 25 42 2 -29293 10982
0 25 43 2 -32632 11517
0 25 44 2 -32976 -30220
0 25 45 2 -11560 10621
0 25 46 2 9400 -32005
0 25 47 2 30187 -29693
0 25 48 2 -31226 -33560
0 25 49 2 28736 31090
0 25 50 2 12146 11393
0 25 51 2 31703 10177
0 25 52 2 11710 -32547
0 25 53 2 -30049 8956
0 25 54 2 -11256 30611
0 25 55 2 30555 11512
0 25 56 2 11134 10568
0 25 57 2 -11046 32179
0 25 58 2 -11134 10025
0 25 59 2 8131 10043
0 25 60 2 30732 33513
0 25 61 2 -8923 10751
0 25 62 2 10454 31750
0 25 63 2 -9960 12108
0 25 64 2 -34084 -8300
0 25 65 2 31884 2902
0 25 66 2 -9112 9673
0 25 67 2 -28758 -30952
0 25 68 2 -31147 10429
0 25 69 2 -11644 -30195
0 25 70 2 9809 -29038
0 25 71 2 -32153 28586
0 25 72 2 -28538 -10365
0 25 73 2 30641 -31621
0 25 74 2 -8102 -7821
0 25 75 2 -27247 -29243
0 25 76 2 30707 -10108
0 25 77 2 -29961 11291
0 25 78 2 -11367 -9399
0 25 79 2 9811 -11477
0 25 80 2 -7472 -32460
0 25 81 2 -9985 -32957
0 25 82 2 8422 8836
0 25 83 2 30577 -32742
0 25 84 2 29965 30149
0 25 85 2 31942 11138
0 25 86 2 10463 32725
0 25 87 2 -11039 -10080
0 25 88 2 -10686 -8710
0 25 89 2 11601 -11504
0 25 90 2 -33284 -13280
0 25 91 2 29907 9526
0 25 92 2 32583 11948
0 25 93 2 -8126 -30596
0 25 94 2 -11471 29489
0 25 95 2 -29403 -31407
0 25 96 2 -11133 11609
0 25 97 2 32557 378
0 25 98 2 10688 30664
0 25 99 2 -31478 -9287
0 25 100 2 -12538 -30993
0 25 101 2 29644 11474
0 25 102 2 -9505 -10475
0 25 103 2 -31489 31225
0 25 104 2 -9280 -30677
0 25 105 2 30764 -30885
0 25 106 2 32151 11119
0 25 107 2 31873 -31411
0 25 108 2 10462 -31956
0 25 109 2 32326 32172
0 25 110 2 -31254 10681
0 25 111 2 30537 11206
0 25 112 2 8681 -10341
0 25 113 2 616 94
0 25 114 2 1133 579
0 25 115 2 215 -1588
0 25 116 2 999 125
0 25 117 2 407 694
0 25 118 2 386 -767
0 25 119 2 -728 856
0 25 120 2 2112 292
0 25 121 2 1792 740
0 25 122 2 210 696
0 25 123 2 -21 -1424
0 25 124 2 1606 1786
0 25 125 2 1176 -1017
0 25 126 2 1567 461
0 25 127 2 1386 -1393
0 25 128 2 508 968
0 25 129 2 799 -2824
0 25 130 2 -1130 2284
0 25 131 2 2465 -1576
0 25 132 2 170 2233
0 25 133 2 -7 1150
0 25 134 2 -1371 1390
0 25 135 2 1486 1369
0 25 136 2 533 1076
0 25 137 2 -202 -80
0 25 138 2 -543 -434
0 25 139 2 284 -1002
0 25 140 2 93 493
0 25 141 2 882 -47
0 25 142 2 -131 1682
0 25 143 2 1570 -293
0 25 144 2 -28815 -31782
0 25 145 2 -11880 11724
0 25 146 2 -30842 10616
0 25 147 2 7933 6499
0 25 148 2 -11483 11804
0 25 149 2 -30977 -30450
0 25 150 2 -32774 32356
0 25 151 2 32177 -10612
0 25 152 2 -8745 11821
0 25 153 2 31538 -29773
0 25 154 2 -10193 -10998
0 25 155 2 -10259 -10078
0 25 156 2 -12123 31928
0 25 157 2 -8076 8370
0 25 158 2 29903 32846
0 25 159 2 33325 2157
0 25 160 2 -11209 -10159
0 25 161 2 13267 -11000
0 25 162 2 -11804 30741
0 25 163 2 -31096 10404
0 25 164 2 10623 9515
0 25 165 2 11900 9705
0 25 166 2 -31667 30979
0 25 167 2 -29287 -11364
0 25 168 2 8143 -31317
0 25 169 2 -10293 9396
0 25 170 2 10264 11084
0 25 171 2 11680 8827
0 25 172 2 -10716 31022
0 25 173 2 -31626 -29149
0 25 174 2 -10158 -31867
0 25 175 2 28673 31127
0 25 176 2 9647 30307
0 25 177 2 10163 9358
0 25 178 2 -10825 31564
0 25 179 2 33778 -29936
0 25 180 2 32195 -29682
0 25 181 2 -32609 9127
0 25 182 2 31337 -11073
0 25 183 2 31140 10846
0 25 184 2 -30342 9078
0 25 185 2 -31156 -10920
0 25 186 2 -31501 9722
0 25 187 2 29927 11015
0 25 188 2 -32131 12566
0 25 189 2 29979 32613
0 25 190 2 -9941 -8429
0 25 191 2 35522 223
0 25 192 2 -9919 -32160
0 25 193 2 -10721 10203
0 25 194 2 -30404 30508
0 25 195 2 32064 -29982
0 25 196 2 -8818 9884
0 25 197 2 -29804 12004
0 25 198 2 -11132 29247
0 25 199 2 -9938 30088
0 25 200 2 12825 11068
0 25 201 2 11495 8700
0 25 202 2 -30998 -31426
0 25 203 2 31514 8657
0 25 204 2 -30686 31071
0 25 205 2 -29171 -30001
0 25 206 2 32288 12417
0 25 207 2 -12170 -31956
0 25 208 2 -10749 32844
0 25 209 2 -31421 -31525
0 25 210 2 -10074 -29584
0 25 211 2 -10179 -31167
0 25 212 2 31053 31854
0 25 213 2 28542 -9536
0 25 214 2 28805 -11646
0 25 215 2 31263 9905
0 25 216 2 -11601 30920
0 25 217 2 -30031 11235
0 25 218 2 -10876 -27371
0 25 219 2 31361 29042
0 25 220 2 -10973 8851
0 25 221 2 -30863 11837
0 25 222 2 -8760 10184
0 25 223 2 34136 831
0 25 224 2 30453 11102
0 25 225 2 31197 -10737
0 25 226 2 32648 9784
0 25 227 2 -9022 8753
0 25 228 2 -31103 12522
0 25 229 2 -32411 30498
0 25 230 2 -12235 10607
0 25 231 2 -11072 -30695
0 25 232 2 31154 -32061
0 25 233 2 -9966 -32489
0 25 234 2 11097 -31192
0 25 235 2 -31628 30909
0 25 236 2 11023 -31078
0 25 237 2 -10085 29577
0 25 238 2 -9251 -10884
0 25 239 2 -34455 -13160
0 25 240 2 -8855 -10725
0 25 241 2 32268 10470
0 25 242 2 8553 31142
0 25 243 2 -29684 -9756
0 25 244 2 -9075 -30938
0 25 245 2 30566 11293
0 25 246 2 -9082 -9486
0 25 247 2 10578 -32036
0 25 248 2 9503 30800
0 25 249 2 32649 30125
0 25 250 2 -32469 29599
0 25 251 2 29556 -11376
0 25 252 2 8831 11567
0 25 253 2 -10391 -29600
0 25 254 2 9227 9278
0 25 255 2 36054 -1921
0 26 0 2 1402 809
0 26 1 2 31310 1048
0 26 2 2 -11029 30017
0 26 3 2 -31538 9241
0 26 4 2 -32314 9701
0 26 5 2 9679 -32479
0 26 6 2 30372 31284
0 26 7 2 9914 -10484
0 26 8 2 -31631 -10550
0 26 9 2 -30307 -11008
0 26 10 2 -31635 11805
0 26 11 2 29573 33462
0 26 12 2 -33843 10358
0 26 13 2 -28967 -11304
0 26 14 2 32032 -29430
0 26 15 2 9666 -10923
0 26 16 2 10936 -30900
0 26 17 2 -34154 8196
0 26 18 2 8177 31205
0 26 19 2 -8832 -33884
0 26 20 2 8449 11053
0 26 21 2 -33738 7866
0 26 22 2 13500 -31044
0 26 23 2 -10104 -31547
0 26 24 2 30740 -10678
0 26 25 2 -9622 -30598
0 26 26 2 30469 -9804
0 26 27 2 -11707 32621
0 26 28 2 9058 31338
0 26 29 2 30992 -30169
0 26 30 2 10065 -9652
0 26 31 2 -10561 33402
0 26 32 2 -10870 -11390
0 26 33 2 33818 1928
0 26 34 2 28096 30868
0 26 35 2 11427 -9658
0 26 36 2 -31120 -31529
0 26 37 2 10517 -30856
0 26 38 2 -12548 32079
0 26 39 2 -7559 -27782
0 26 40 2 -31922 -9069
0 26 41 2 8500 31507
0 26 42 2 -9667 -10873
0 26 43 2 -32136 10494
0 26 44 2 -12266 32010
0 26 45 2 -8973 8889
0 26 46 2 -31889 29196
0 26 47 2 -9208 -30871
0 26 48 2 31322 -9450
0 26 49 2 -12061 -11684
0 26 50 2 -10295 -30020
0 26 51 2 -31234 10057
0 26 52 2 12388 -9125
0 26 53 2 29755 33225
0 26 54 2 30880 11769
0 26 55 2 -28617 32247
0 26 56 2 -10380 31040
0 26 57 2 -28804 9088
0 26 58 2 -9756 32578
0 26 59 2 -30851 8255
0 26 60 2 9830 -10817
0 26 61 2 29704 -30198
0 26 62 2 11510 -33328
0 26 63 2 9901 9657
0 26 64 2 -30220 -11955
0 26 65 2 32481 1913
0 26 66 2 -31804 32138
0 26 67 2 -9289 -10034
0 26 68 2 12215 -29322
0 26 69 2 -31228 32325
0 26 70 2 31615 32717
0 26 71 2 11394 30064
0 26 72 2 31713 33154
0 26 73 2 31880 31460
0 26 74 2 31598 -32320
0 26 75 2 31116 -31211
0 26 76 2 10428 -10246
0 26 77 2 -31803 -29256
0 26 78 2 -31755 10611
0 26 79 2 10299 9440
0 26 80 2 30792 -8399
0 26 81 2 -8464 -31735
0 26 82 2 31783 -7184
0 26 83 2 31097 12391
0 26 84 2 -30768 -32751
0 26 85 2 -10341 31810
0 26 86 2 31122 11521
0 26 87 2 30158 -31603
0 26 88 2 9386 31989
0 26 89 2 7367 29471
0 26 90 2 32996 32581
0 26 91 2 -30260 -32392
0 26 92 2 10391 -8835
0 26 93 2 -10212 29747
0 26 94 2 -32734 30374
0 26 95 2 8930 -31487
0 26 96 2 -30044 -31373
0 26 97 2 33251 2460
0 26 98 2 -29752 9125
0 26 99 2 30658 29784
0 26 100 2 28689 -29957
0 26 101 2 30864 -12301
0 26 102 2 -31775 -30665
0 26 103 2 -13763 -10684
0 26 104 2 -33173 11216
0 26 105 2 -12095 11699
0 26 106 2 -6611 -29838
0 26 107 2 8659 30304
0 26 108 2 10805 -30918
0 26 109 2 -30275 9137
0 26 110 2 30955 -8522
0 26 111 2 -32030 28716
0 26 112 2 10339 -30308
0 26 113 2 -977 865
0 26 114 2 1870 -534
0 26 115 2 490 1121
0 26 116 2 1099 204
0 26 117 2 -758 3653
0 26 118 2 -1514 384
0 26 119 2 -3 -1341
0 26 120 2 3394 -834
0 26 121 2 -1345 -1243
0 26 122 2 3859 468
0 26 123 2 -244 677
0 26 124 2 -775 824
0 26 125 2 -537 666
0 26 126 2 -1486 411
0 26 127 2 3275 -30
0 26 128 2 127 1047
0 26 129 2 -993 -509
0 26 130 2 -154 211
0 26 131 2 -310 -762
0 26 132 2 597 504
0 26 133 2 -2111 28
0 26 134 2 -916 -782
0 26 135 2 754 851
0 26 136 2 517 -498
0 26 137 2 -239 -1565
0 26 138 2 -201 -1144
0 26 139 2 -541 108
0 26 140 2 -1931 -1054
0 26 141 2 -889 -2848
0 26 142 2 -634 752
0 26 143 2 -2103 -452
0 26 144 2 30675 -8803
0 26 145 2 -30947 -10208
0 26 146 2 9677 11583
0 26 147 2 -32181 9931
0 26 148 2 -31586 -31283
0 26 149 2 -10276 9833
0 26 150 2 -30732 30871
0 26 151 2 -31207 32331
0 26 152 2 -30858 -10982
0 26 153 2 32178 33496
0 26 154 2 10235 9000
0 26 155 2 10887 -12072
0 26 156 2 29503 30350
0 26 157 2 32670 -31041
0 26 158 2 31202 -31908
0 26 159 2 30963 -201
0 26 160 2 -30821 -31931
0 26 161 2 -32130 10513
0 26 162 2 10414 -9655
0 26 163 2 -29710 -31615
0 26 164 2 -32711 10437
0 26 165 2 8806 13448
0 26 166 2 -9928 -31121
0 26 167 2 30923 -9551
0 26 168 2 8504 32106
0 26 169 2 -32659 -11054
0 26 170 2 -9788 -10633
0 26 171 2 -10837 -9865
0 26 172 2 -9659 -30808
0 26 173 2 11567 32557
0 26 174 2 10988 31785
0 26 175 2 34057 -7900
0 26 176 2 31843 -8120
0 26 177 2 -30321 -9486
0 26 178 2 -31752 10309
0 26 179 2 10379 32392
0 26 180 2 -31403 -10850
0 26 181 2 -30065 10626
0 26 182 2 11950 -12205
0 26 183 2 30110 -33230
0 26 184 2 -31236 -11588
0 26 185 2 -28205 -12125
0 26 186 2 13453 10044
0 26 187 2 33131 -10472
0 26 188 2 -10198 -10973
0 26 189 2 30912 -9042
0 26 190 2 9775 30309
0 26 191 2 32702 868
0 26 192 2 -11174 -31069
0 26 193 2 -10090 9741
0 26 194 2 9283 9573
0 26 195 2 32500 -31769
0 26 196 2 10970 -9219
0 26 197 2 -32344 -32219
0 26 198 2 -30418 10256
0 26 199 2 9655 -31405
0 26 200 2 12478 -10188
0 26 201 2 30898 -30851
0 26 202 2 30507 -30718
0 26 203 2 -30849 -31958
0 26 204 2 7533 32537
0 26 205 2 -30712 -30984
0 26 206 2 32390 -9136
0 26 207 2 -33633 7625
0 26 208 2 31431 -31052
0 26 209 2 13140 -9711
0 26 210 2 -32019 9490
0 26 211 2 -9794 -30406
0 26 212 2 31696 -9557
0 26 213 2 -29784 7489
0 26 214 2 -29705 -11241
0 26 215 2 -28238 -10338
0 26 216 2 12451 -31626
0 26 217 2 8822 31642
0 26 218 2 9269 31497
0 26 219 2 -31563 11904
0 26 220 2 11479 -31627
0 26 221 2 11953 -30209
0 26 222 2 -10066 -10817
0 26 223 2 31276 -1006
0 26 224 2 -30839 6519
0 26 225 2 33695 -7910
0 26 226 2 -29455 -32035
0 26 227 2 29922 10713
0 26 228 2 -10412 10123
0 26 229 2 11385 12217
0 26 230 2 -32056 -9651
0 26 231 2 11592 9984
0 26 232 2 -10119 -11650
0 26 233 2 31358 -31799
0 26 234 2 30378 11618
0 26 235 2 8950 -11856
0 26 236 2 8256 31237
0 26 237 2 -29840 -33083
0 26 238 2 -31939 30120
0 26 239 2 31195 -30251
0 26 240 2 33290 -7940
0 26 241 2 -10122 -33254
0 26 242 2 -12270 10830
0 26 243 2 10012 -30769
0 26 244 2 9153 10998
0 26 245 2 -11723 -9584
0 26 246 2 7653 31435
0 26 247 2 -31129 -31179
0 26 248 2 30486 -29568
0 26 249 2 -33420 -31247
0 26 250 2 -11459 -29849
0 26 251 2 -11362 32164
0 26 252 2 -30037 -30013
0 26 253 2 29586 30233
0 26 254 2 10312 30636
0 26 255 2 34308 -1236
0 27 0 2 -1441 -825
0 27 1 2 32433 319
0 27 2 2 -12093 28829
0 27 3 2 -8845 -33065
0 27 4 2 -31801 9062
0 27 5 2 31250 -9053
0 27 6 2 32684 -28936
0 27 7 2 30059 31223
0 27 8 2 -30397 -30934
0 27 9 2 31297 -31317
0 27 10 2 -7255 -31498
0 27 11 2 32669 10591
0 27 12 2 -9762 -32644
0 27 13 2 9196 -30870
0 27 14 2 -8778 32745
0 27 15 2 11720 -10924
0 27 16 2 8051 30156
0 27 17 2 -10126 -11726
0 27 18 2 12803 -11172
0 27 19 2 10915 -31375
0 27 20 2 30361 12739
0 27 21 2 -29666 29755
0 27 22 2 -31686 8214
0 27 23 2 12537 7714
0 27 24 2 30009 9697
0 27 25 2 10253 -7223
0 27 26 2 11319 31463
0 27 27 2 8101 32041
0 27 28 2 29755 13128
0 27 29 2 11314 -11156
0 27 30 2 -8745 -10530
0 27 31 2 30900 9768
0 27 32 2 8580 33616
0 27 33 2 33236 -185
0 27 34 2 -30713 -9936
0 27 35 2 -10241 8714
0 27 36 2 -30853 -8537
0 27 37 2 8289 32311
0 27 38 2 -31501 -10986
0 27 39 2 -31982 31422
0 27 40 2 10128 -14015
0 27 41 2 -32091 -30722
0 27 42 2 -10384 31792
0 27 43 2 -30490 -29154
0 27 44 2 -32449 9388
0 27 45 2 -29998 33085
0 27 46 2 31417 33119
0 27 47 2 -9069 -31787
0 27 48 2 9821 12767
0 27 49 2 31839 -8017
0 27 50 2 30498 -11310
0 27 51 2 30093 -9976
0 27 52 2 -32222 31147
0 27 53 2 30684 33965
0 27 54 2 -30858 -11531
0 27 55 2 10180 29806
0 27 56 2 31314 33137
0 27 57 2 -9270 9281
0 27 58 2 29656 9691
0 27 59 2 -10424 30940
0 27 60 2 9367 11276
0 27 61 2 31947 32420
0 27 62 2 -32121 28776
0 27 63 2 9362 9729
0 27 64 2 -9825 -31689
0 27 65 2 33450 833
0 27 66 2 8119 -33369
0 27 67 2 11219 -30487
0 27 68 2 29953 -29371
0 27 69 2 -30922 -30195
0 27 70 2 -11286 10539
0 27 71 2 -33702 29946
0 27 72 2 -27047 31137
0 27 73 2 -30493 -11571
0 27 74 2 30711 29926
0 27 75 2 10703 -33912
0 27 76 2 29263 30013
0 27 77 2 -31639 30421
0 27 78 2 -12048 28651
0 27 79 2 -12112 28837
0 27 80 2 -10761 11067
0 27 81 2 -28508 10586
0 27 82 2 29439 -10559
0 27 83 2 -31338 -10207
0 27 84 2 -7335 -14657
0 27 85 2 -10377 29931
0 27 86 2 -30541 -33589
0 27 87 2 12097 -30684
0 27 88 2 30329 -32192
0 27 89 2 -30255 -32156
0 27 90 2 -7200 -31072
0 27 91 2 -11562 -9566
0 27 92 2 29116 32666
0 27 93 2 -30549 -10266
0 27 94 2 11734 31468
0 27 95 2 31151 30753
0 27 96 2 28962 32903
0 27 97 2 31551 99
0 27 98 2 -11103 30738
0 27 99 2 10874 -28271
0 27 100 2 33171 -32087
0 27 101 2 33504 9992
0 27 102 2 -32469 -8285
0 27 103 2 9076 -11335
0 27 104 2 -10228 -11079
0 27 105 2 9290 31388
0 27 106 2 -31266 30973
0 27 107 2 11718 -32879
0 27 108 2 -10410 10981
0 27 109 2 -9620 29712
0 27 110 2 -30380 -31632
0 27 111 2 -29511 10281
0 27 112 2 -32004 -11429
0 27 113 2 946 -1018
0 27 114 2 -837 430
0 27 115 2 1682 475
0 27 116 2 1077 -1072
0 27 117 2 445 -1235
0 27 118 2 910 -259
0 27 119 2 2015 564
0 27 120 2 -289 -495
0 27 121 2 73 -2368
0 27 122 2 814 -409
0 27 123 2 -2619 494
0 27 124 2 -748 339
0 27 125 2 963 57
0 27 126 2 -33 1558
0 27 127 2 -352 1681
0 27 128 2 -1107 -411
0 27 129 2 1175 -1373
0 27 130 2 -886 781
0 27 131 2 279 42
0 27 132 2 -49 42
0 27 133 2 1552 159
0 27 134 2 2684 -218
0 27 135 2 -1143 -469
0 27 136 2 1444 -43
0 27 137 2 580 599
0 27 138 2 -275 -677
0 27 139 2 -608 -1244
0 27 140 2 -246 -1906
0 27 141 2 -991 831
0 27 142 2 335 -1566
0 27 143 2 -96 414
0 27 144 2 8913 30775
0 27 145 2 30813 10514
0 27 146 2 -10036 9672
0 27 147 2 -31303 -31603
0 27 148 2 32437 10040
0 27 149 2 31093 -31008
0 27 150 2 -10115 -11014
0 27 151 2 -11825 29649
0 27 152 2 9830 -30706
0 27 153 2 -28860 -11904
0 27 154 2 -8073 -30534
0 27 155 2 31600 -11457
0 27 156 2 9342 -30672
0 27 157 2 -10093 -10217
0 27 158 2 8809 10860
0 27 159 2 32933 -1552
0 27 160 2 -8814 11285
0 27 161 2 30763 -30862
0 27 162 2 11392 31071
0 27 163 2 9080 32587
0 27 164 2 -10541 -32846
0 27 165 2 -10744 9628
0 27 166 2 -31053 29896
0 27 167 2 -8828 31850
0 27 168 2 10325 29833
0 27 169 2 -11047 -12793
0 27 170 2 10057 30356
0 27 171 2 -11953 30774
0 27 172 2 -31743 11542
0 27 173 2 -11030 31016
0 27 174 2 9623 29944
0 27 175 2 9807 30834
0 27 176 2 29741 9771
0 27 177 2 12330 28752
0 27 178 2 -30968 -9273
0 27 179 2 29164 31995
0 27 180 2 9808 12053
0 27 181 2 -32161 8271
0 27 182 2 10823 -11861
0 27 183 2 28973 -9551
0 27 184 2 -29100 -10266
0 27 185 2 30604 33613
0 27 186 2 6952 -29443
0 27 187 2 29623 30935
0 27 188 2 -31088 -12377
0 27 189 2 -31020 -12361
0 27 190 2 -31257 -32783
0 27 191 2 33524 -2427
0 27 192 2 -31903 -29515
0 27 193 2 -7864 -10850
0 27 194 2 -31979 -11359
0 27 195 2 8785 -9736
0 27 196 2 -10603 -29606
0 27 197 2 -31037 11128
0 27 198 2 -11410 -30212
0 27 199 2 32173 8070
0 27 200 2 30796 -11807
0 27 201 2 -31008 -11366
0 27 202 2 11871 -30064
0 27 203 2 32946 -7490
0 27 204 2 -11110 31307
0 27 205 2 31970 29464
0 27 206 2 -12272 10906
0 27 207 2 9570 10278
0 27 208 2 -12112 9544
0 27 209 2 30414 -12157
0 27 210 2 -32178 -31672
0 27 211 2 9272 10021
0 27 212 2 31353 12300
0 27 213 2 32244 30938
0 27 214 2 32712 -30851
0 27 215 2 -29344 -32005
0 27 216 2 11185 -30032
0 27 217 2 -11870 -30172
0 27 218 2 -31782 10450
0 27 219 2 -32127 29991
0 27 220 2 -32138 11499
0 27 221 2 30864 11386
0 27 222 2 -9071 10448
0 27 223 2 33259 -287
0 27 224 2 31443 -29909
0 27 225 2 30174 -7955
0 27 226 2 34222 -31826
0 27 227 2 -12038 9217
0 27 228 2 10168 31076
0 27 229 2 -12356 31880
0 27 230 2 10896 8644
0 27 231 2 30678 -30923
0 27 232 2 -12620 -10809
0 27 233 2 -31498 31975
0 27 234 2 9303 31209
0 27 235 2 10194 -11142
0 27 236 2 31048 -29814
0 27 237 2 -11255 -31798
0 27 238 2 10684 -10104
0 27 239 2 10346 -31608
0 27 240 2 -34506 9793
0 27 241 2 -31825 11721
0 27 242 2 31536 -11430
0 27 243 2 -8893 32082
0 27 244 2 -31674 10915
0 27 245 2 -9805 31145
0 27 246 2 11183 -9466
0 27 247 2 -8786 -30723
0 27 248 2 -29022 8082
0 27 249 2 31953 -11603
0 27 250 2 -9741 -10930
0 27 251 2 -9005 -32075
0 27 252 2 8444 -8025
0 27 253 2 32142 32733
0 27 254 2 -11237 -11317
0 27 255 2 32384 -2800
0 28 0 2 1277 -952
0 28 1 2 33157 -2477
0 28 2 2 -8284 32484
0 28 3 2 -29758 -28700
0 28 4 2 -29602 31602
0 28 5 2 -31579 33400
0 28 6 2 8974 -32012
0 28 7 2 -11196 9858
0 28 8 2 29640 -31161
0 28 9 2 32115 -12504
0 28 10 2 -11895 -9321
0 28 11 2 32096 30216
0 28 12 2 -11408 -31319
0 28 13 2 -30461 34554
0 28 14 2 29847 -10413
0 28 15 2 11127 -9979
0 28 16 2 9238 -12190
0 28 17 2 29806 -30244
0 28 18 2 -33129 -33287
0 28 19 2 8358 10205
0 28 20 2 9318 30928
0 28 21 2 32461 7896
0 28 22 2 -9865 32200
0 28 23 2 9174 -8142
0 28 24 2 10309 -9422
0 28 25 2 -30160 -9408
0 28 26 2 -30430 -11288
0 28 27 2 11157 31721
0 28 28 2 30527 -10383
0 28 29 2 -29809 -32362
0 28 30 2 11308 29101
0 28 31 2 -10594 29814
0 28 32 2 -30362 -9021
0 28 33 2 33105 -793
0 28 34 2 -29786 32583
0 28 35 2 -11459 -28678
0 28 36 2 -33154 -9446
0 28 37 2 32145 30275
0 28 38 2 30250 -9435
0 28 39 2 31733 10477
0 28 40 2 9793 11380
0 28 41 2 8440 -31867
0 28 42 2 10671 9309
0 28 43 2 9428 -30545
0 28 44 2 11531 9872
0 28 45 2 -29395 32939
0 28 46 2 31771 8810
0 28 47 2 -10135 12055
0 28 48 2 14728 30102
0 28 49 2 -28928 32373
0 28 50 2 -29767 11590
0 28 51 2 -33711 -30921
0 28 52 2 11552 8612
0 28 53 2 8646 -11877
0 28 54 2 10842 8677
0 28 55 2 31640 -10492
0 28 56 2 31583 -33858
0 28 57 2 -9146 9905
0 28 58 2 10354 29749
0 28 59 2 -11928 -8234
0 28 60 2 31203 -30199
0 28 61 2 11256 -8749
0 28 62 2 32443 -32024
0 28 63 2 -31201 -11483
0 28 64 2 9259 9818
0 28 65 2 33279 -2100
0 28 66 2 29844 10170
0 28 67 2 10632 -29840
0 28 68 2 -29488 -29144
0 28 69 2 -32501 -11427
0 28 70 2 -29518 10265
0 28 71 2 -32705 -8373
0 28 72 2 31026 9705
0 28 73 2 -13288 -28173
0 28 74 2 11352 29014
0 28 75 2 8201 -31250
0 28 76 2 8887 -9402
0 28 77 2 11279 -11705
0 28 78 2 31048 29850
0 28 79 2 -9357 10971
0 28 80 2 -31867 34593
0 28 81 2 32329 -10487
0 28 82 2 -12202 -28992
0 28 83 2 -29394 32141
0 28 84 2 -31287 12657
0 28 85 2 32698 9786
0 28 86 2 -11611 -27467
0 28 87 2 9736 -31041
0 28 88 2 -9475 30382
0 28 89 2 11755 31449
0 28 90 2 -8899 10674
0 28 91 2 29422 -10268
0 28 92 2 30836 -31737
0 28 93 2 -32948 -30819
0 28 94 2 33032 7689
0 28 95 2 -30069 31529
0 28 96 2 -33105 -30902
0 28 97 2 32499 -1186
0 28 98 2 -9857 -10117
0 28 99 2 12479 -11695
0 28 100 2 -31120 -29812
0 28 101 2 30535 9546
0 28 102 2 -32839 11326
0 28 103 2 12756 30151
0 28 104 2 -10818 -31749
0 28 105 2 -30055 31016
0 28 106 2 8704 -11678
0 28 107 2 -29240 30177
0 28 108 2 -29688 -10414
0 28 109 2 -33669 -30759
0 28 110 2 30646 27983
0 28 111 2 10608 28900
0 28 112 2 -9068 32921
0 28 113 2 -1425 1503
0 28 114 2 439 -42
0 28 115 2 -1232 -104
0 28 116 2 235 -2712
0 28 117 2 3 -2053
0 28 118 2 -182 1570
0 28 119 2 -1382 41
0 28 120 2 -1480 -842
0 28 121 2 1493 321
0 28 122 2 -832 -917
0 28 123 2 -630 847
0 28 124 2 -1114 484
0 28 125 2 1969 729
0 28 126 2 1931 -69
0 28 127 2 -1118 2378
0 28 128 2 1424 464
0 28 129 2 -746 -130
0 28 130 2 145 3080
0 28 131 2 972 -1087
0 28 132 2 -1763 339
0 28 133 2 -1512 953
0 28 134 2 -466 774
0 28 135 2 -1030 -435
0 28 136 2 -1091 1610
0 28 137 2 1315 -1330
0 28 138 2 -567 -663
0 28 139 2 -1841 1252
0 28 140 2 1903 575
0 28 141 2 570 -308
0 28 142 2 -1069 774
0 28 143 2 391 -228
0 28 144 2 -10240 12295
0 28 145 2 32907 29156
0 28 146 2 -10963 -9923
0 28 147 2 -31044 9978
0 28 148 2 -30443 33139
0 28 149 2 31924 -32408
0 28 150 2 10926 29410
0 28 151 2 -28582 32131
0 28 152 2 29821 -11245
0 28 153 2 -10947 -8744
0 28 154 2 10631 -32612
0 28 155 2 9727 -31877
0 28 156 2 10754 29607
0 28 157 2 30887 8964
0 28 158 2 7831 -30511
0 28 159 2 35321 15
0 28 160 2 31094 10615
0 28 161 2 31591 -11117
0 28 162 2 29943 13300
0 28 163 2 32565 30758
0 28 164 2 -31774 -31054
0 28 165 2 -28831 29674
0 28 166 2 -31437 31472
0 28 167 2 11295 11663
0 28 168 2 -33637 -29498
0 28 169 2 12769 29122
0 28 170 2 7205 -10094
0 28 171 2 34081 29278
0 28 172 2 13179 35086
0 28 173 2 -31142 -28749
0 28 174 2 -31309 -7841
0 28 175 2 -34451 -10002
0 28 176 2 30092 -32109
0 28 177 2 -30678 -8944
0 28 178 2 -29804 -9015
0 28 179 2 7822 -31559
0 28 180 2 -33068 -30359
0 28 181 2 32820 29683
0 28 182 2 -10149 30864
0 28 183 2 31064 32206
0 28 184 2 9746 -8681
0 28 185 2 -12269 -31540
0 28 186 2 -31534 10963
0 28 187 2 30947 -11091
0 28 188 2 -9386 -11652
0 28 189 2 32877 29400
0 28 190 2 31936 32694
0 28 191 2 32123 988
0 28 192 2 29699 -31302
0 28 193 2 -9389 29555
0 28 194 2 32313 29430
0 28 195 2 -30767 -9701
0 28 196 2 -11803 -32914
0 28 197 2 -33162 -9740
0 28 198 2 11250 -11654
0 28 199 2 11485 9984
0 28 200 2 29656 -32389
0 28 201 2 -8953 30781
0 28 202 2 29540 10293
0 28 203 2 13799 11578
0 28 204 2 32713 -31774
0 28 205 2 -28969 8744
0 28 206 2 32700 31889
0 28 207 2 -30418 30851
0 28 208 2 -28182 33129
0 28 209 2 -10323 -30471
0 28 210 2 -8562 30653
0 28 211 2 -32669 -10909
0 28 212 2 -11642 -29579
0 28 213 2 -32539 -9581
0 28 214 2 -31974 -28562
0 28 215 2 -32541 -9425
0 28 216 2 -14556 -10955
0 28 217 2 30286 -11952
0 28 218 2 31290 -11014
0 28 219 2 11398 10030
0 28 220 2 30471 -10403
0 28 221 2 -31091 -9406
0 28 222 2 -10458 -10060
0 28 223 2 30513 -2234
0 28 224 2 -8774 30736
0 28 225 2 12128 32077
0 28 226 2 28235 -32051
0 28 227 2 -30810 -30135
0 28 228 2 30800 8632
0 28 229 2 -31154 -11598
0 28 230 2 30006 30615
0 28 231 2 -29261 12608
0 28 232 2 -30921 9669
0 28 233 2 9044 9071
0 28 234 2 -31978 11926
0 28 235 2 10704 10860
0 28 236 2 11463 32907
0 28 237 2 -27784 34087
0 28 238 2 -11666 11231
0 28 239 2 10199 10507
0 28 240 2 12659 29833
0 28 241 2 31751 9978
0 28 242 2 -11508 -9706
0 28 243 2 29967 -12140
0 28 244 2 8249 10600
0 28 245 2 33298 30055
0 28 246 2 -10857 33709
0 28 247 2 -30622 -30266
0 28 248 2 31923 9343
0 28 249 2 -32186 -30199
0 28 250 2 30852 30460
0 28 251 2 31400 -31949
0 28 252 2 11453 30400
0 28 253 2 -8979 -11157
0 28 254 2 8255 -30141
0 28 255 2 33399 -1518
0 29 0 2 3218 -770
0 29 1 2 32389 -1219
0 29 2 2 6973 -30162
0 29 3 2 -31612 -30117
0 29 4 2 10061 8467
0 29 5 2 -10003 11184
0 29 6 2 32161 30312
0 29 7 2 -9667 10877
0 29 8 2 -9887 9295
0 29 9 2 -9600 -9452
0 29 10 2 -11967 -30115
0 29 11 2 -31323 -8124
0 29 12 2 -7349 11310
0 29 13 2 30576 -11857
0 29 14 2 -31672 -10519
0 29 15 2 10530 7655
0 29 16 2 13151 29617
0 29 17 2 -33926 -30391
0 29 18 2 9494 -8455
0 29 19 2 7533 -31494
0 29 20 2 -9432 10202
0 29 21 2 -28316 31899
0 29 22 2 10050 -33720
0 29 23 2 29638 -31400
0 29 24 2 -31995 -7209
0 29 25 2 -9414 10392
0 29 26 2 -11089 -29107
0 29 27 2 -30418 -9782
0 29 28 2 33502 11068
0 29 29 2 -14068 -30017
0 29 30 2 8366 -13001
0 29 31 2 31027 8822
0 29 32 2 32060 7229
0 29 33 2 31291 -2941
0 29 34 2 28035 -10843
0 29 35 2 -10962 -11718
0 29 36 2 -33376 -30457
0 29 37 2 -29794 33811
0 29 38 2 -7767 31748
0 29 39 2 -31560 11426
0 29 40 2 -11951 -8844
0 29 41 2 32807 29168
0 29 42 2 7472 -31917
0 29 43 2 12376 -9795
0 29 44 2 32732 28843
0 29 45 2 10193 10278
0 29 46 2 -31071 13176
0 29 47 2 8111 -12257
0 29 48 2 33780 32260
0 29 49 2 -11701 -10381
0 29 50 2 27564 -34686
0 29 51 2 -9931 12187
0 29 52 2 -33396 -30314
0 29 53 2 -32494 -9486
0 29 54 2 12448 32206
0 29 55 2 8895 -31971
0 29 56 2 -29802 34043
0 29 57 2 -9320 11345
0 29 58 2 -33626 -30171
0 29 59 2 -12084 9804
0 29 60 2 30200 9085
0 29 61 2 10782 32200
0 29 62 2 11600 30206
0 29 63 2 -32871 -29970
0 29 64 2 29110 -32524
0 29 65 2 33930 -2976
0 29 66 2 11218 -10208
0 29 67 2 31789 -12597
0 29 68 2 -27685 31637
0 29 69 2 12727 31266
0 29 70 2 9306 -11180
0 29 71 2 -11346 -7760
0 29 72 2 -9297 9997
0 29 73 2 -32216 12725
0 29 74 2 9483 -11674
0 29 75 2 -31328 10836
0 29 76 2 29822 -12520
0 29 77 2 -13143 -31109
0 29 78 2 -10719 -31433
0 29 79 2 29935 -32456
0 29 80 2 -30315 -27350
0 29 81 2 12415 30049
0 29 82 2 11884 31770
0 29 83 2 11359 29771
0 29 84 2 -27380 29698
0 29 85 2 11299 8297
0 29 86 2 11596 -10893
0 29 87 2 9748 30973
0 29 88 2 31978 29792
0 29 89 2 -9810 -27745
0 29 90 2 -32210 -7662
0 29 91 2 -30129 11139
0 29 92 2 -8912 30663
0 29 93 2 -31435 -29185
0 29 94 2 35649 29021
0 29 95 2 10160 -9193
0 29 96 2 -30458 -8222
0 29 97 2 31900 -2281
0 29 98 2 9762 -31233
0 29 99 2 8740 -12352
0 29 100 2 35232 31003
0 29 101 2 13193 10530
0 29 102 2 12042 29417
0 29 103 2 -30646 13039
0 29 104 2 -12559 10736
0 29 105 2 33206 28516
0 29 106 2 33545 28917
0 29 107 2 31810 28823
0 29 108 2 -33221 -10923
0 29 109 2 32046 27845
0 29 110 2 -9691 32220
0 29 111 2 9151 -31792
0 29 112 2 32420 8006
0 29 113 2 -1383 1190
0 29 114 2 -1867 1387
0 29 115 2 2700 -116
0 29 116 2 -710 -112
0 29 117 2 627 2758
0 29 118 2 134 -1213
0 29 119 2 -1509 493
0 29 120 2 -581 264
0 29 121 2 1448 -151
0 29 122 2 1679 -243
0 29 123 2 -907 283
0 29 124 2 2167 2293
0 29 125 2 -1099 -340
0 29 126 2 1099 465
0 29 127 2 -1071 -291
0 29 128 2 1356 -40
0 29 129 2 -64 756
0 29 130 2 -1536 14
0 29 131 2 547 2016
0 29 132 2 -441 -2402
0 29 133 2 575 -432
0 29 134 2 818 -877
0 29 135 2 441 16
0 29 136 2 -149 -1448
0 29 137 2 -528 413
0 29 138 2 -1421 -1630
0 29 139 2 -805 1009
0 29 140 2 -731 931
0 29 141 2 353 -2895
0 29 142 2 551 -896
0 29 143 2 1322 -1617
0 29 144 2 9873 -31132
0 29 145 2 34749 31202
0 29 146 2 33307 -12634
0 29 147 2 -31598 -29471
0 29 148 2 -9708 -32639
0 29 149 2 9290 -9890
0 29 150 2 29730 -32851
0 29 151 2 10228 13010
0 29 152 2 30496 9059
0 29 153 2 10375 31946
0 29 154 2 28977 -12134
0 29 155 2 -7244 31210
0 29 156 2 29947 -31500
0 29 157 2 12210 30862
0 29 158 2 -8898 -9571
0 29 159 2 32453 -4625
0 29 160 2 -32922 -9355
0 29 161 2 -32390 -10030
0 29 162 2 -11067 12782
0 29 163 2 -8694 30068
0 29 164 2 -11533 -11557
0 29 165 2 9599 -32039
0 29 166 2 -7270 29755
0 29 167 2 -7633 29824
0 29 168 2 31060 9501
0 29 169 2 -28614 10975
0 29 170 2 -9471 32198
0 29 171 2 -7920 30301
0 29 172 2 8139 -31993
0 29 173 2 -11358 -9042
0 29 174 2 -8717 -8481
0 29 175 2 -30914 -9211
0 29 176 2 9844 13376
0 29 177 2 9656 -12580
0 29 178 2 -11442 11198
0 29 179 2 -11228 31881
0 29 180 2 28897 -32519
0 29 181 2 8243 -32488
0 29 182 2 -30484 -8644
0 29 183 2 30149 -30891
0 29 184 2 31446 -9879
0 29 185 2 -32166 -28732
0 29 186 2 30796 -34414
0 29 187 2 -31176 12632
0 29 188 2 10255 -11148
0 29 189 2 31074 30190
0 29 190 2 -10862 30333
0 29 191 2 32760 -1559
0 29 192 2 8036 -31786
0 29 193 2 -9854 30014
0 29 194 2 -28238 29782
0 29 195 2 31414 -13044
0 29 196 2 9727 10935
0 29 197 2 31973 -10549
0 29 198 2 -30748 33641
0 29 199 2 11953 10901
0 29 200 2 -31000 11751
0 29 201 2 31646 27180
0 29 202 2 -27890 33053
0 29 203 2 -31011 -7677
0 29 204 2 -32214 -30668
0 29 205 2 -11021 -29459
0 29 206 2 31113 -7534
0 29 207 2 -10920 -31018
0 29 208 2 31374 -10266
0 29 209 2 -9127 -9827
0 29 210 2 33469 30679
0 29 211 2 -12107 -29607
0 29 212 2 10560 9648
0 29 213 2 -11698 -30793
0 29 214 2 -8749 12261
0 29 215 2 31717 28826
0 29 216 2 29287 -11493
0 29 217 2 10724 -10409
0 29 218 2 34398 27948
0 29 219 2 -35008 -28110
0 29 220 2 -7704 9921
0 29 221 2 -31537 -31976
0 29 222 2 28307 -33105
0 29 223 2 33399 -2880
0 29 224 2 -32263 31100
0 29 225 2 -30290 10399
0 29 226 2 30024 -33816
0 29 227 2 14550 29168
0 29 228 2 -12908 -30982
0 29 229 2 10164 -30795
0 29 230 2 -7627 11448
0 29 231 2 -33015 -26166
0 29 232 2 -9349 31626
0 29 233 2 32706 6803
0 29 234 2 -8321 32400
0 29 235 2 -12547 -28490
0 29 236 2 9070 -35451
0 29 237 2 -31163 -29582
0 29 238 2 -9007 -8646
0 29 239 2 -30560 33230
0 29 240 2 -15529 -33391
0 29 241 2 -8870 -10424
0 29 242 2 27279 -33015
0 29 243 2 -12180 -10310
0 29 244 2 32161 29793
0 29 245 2 9940 -30119
0 29 246 2 -31001 9448
0 29 247 2 8787 -12009
0 29 248 2 -30238 11814
0 29 249 2 33181 29425
0 29 250 2 -32961 -30871
0 29 251 2 32316 6421
0 29 252 2 -31381 11864
0 29 253 2 -33476 10647
0 29 254 2 31968 28731
0 29 255 2 31425 -321
0 30 0 2 -305 117
0 30 1 2 31892 -30
0 30 2 2 -31611 -9241
0 30 3 2 -9889 -12023
0 30 4 2 11201 11028
0 30 5 2 8890 -32159
0 30 6 2 12756 31950
0 30 7 2 10487 -31340
0 30 8 2 31367 29752
0 30 9 2 31975 8054
0 30 10 2 31183 29285
0 30 11 2 -9163 11843
0 30 12 2 -7943 7935
0 30 13 2 30475 -32549
0 30 14 2 -13441 -31484
0 30 15 2 28232 -34794
0 30 16 2 8872 -12348
0 30 17 2 -29557 11488
0 30 18 2 33376 29456
0 30 19 2 11880 -10706
0 30 20 2 -9532 32783
0 30 21 2 -9746 11905
0 30 22 2 10426 -10129
0 30 23 2 -31219 -28983
0 30 24 2 -11742 -31087
0 30 25 2 -12111 -30349
0 30 26 2 -12105 -30182
0 30 27 2 10764 29730
0 30 28 2 32157 10060
0 30 29 2 28662 -35749
0 30 30 2 33008 -11336
0 30 31 2 -11498 -10361
0 30 32 2 -10085 9172
0 30 33 2 35301 -1562
0 30 34 2 -9018 10599
0 30 35 2 10394 -31496
0 30 36 2 29767 9308
0 30 37 2 32417 29468
0 30 38 2 10429 -31024
0 30 39 2 10289 8311
0 30 40 2 8722 -9829
0 30 41 2 -32455 -8248
0 30 42 2 10559 -11950
0 30 43 2 -32577 -31688
0 30 44 2 10931 8771
0 30 45 2 9514 -32859
0 30 46 2 10052 11076
0 30 47 2 -29653 32307
0 30 48 2 30695 -33746
0 30 49 2 -30391 12650
0 30 50 2 8806 9916
0 30 51 2 -31346 -29591
0 30 52 2 29778 -31349
0 30 53 2 28723 -32069
0 30 54 2 31887 7791
0 30 55 2 28154 -33554
0 30 56 2 9817 10159
0 30 57 2 10530 -8941
0 30 58 2 31833 8359
0 30 59 2 -8485 30644
0 30 60 2 -8469 11152
0 30 61 2 -8348 32399
0 30 62 2 32243 7217
0 30 63 2 30809 -35411
0 30 64 2 10498 -8612
0 30 65 2 33177 -2466
0 30 66 2 30219 -11553
0 30 67 2 -32700 -9301
0 30 68 2 -8166 10499
0 30 69 2 -32812 -6313
0 30 70 2 -31955 -29097
0 30 71 2 -11659 -10861
0 30 72 2 33515 28178
0 30 73 2 -8231 30977
0 30 74 2 -10449 -11355
0 30 75 2 -12445 -29929
0 30 76 2 -12695 -28553
0 30 77 2 -9974 -10611
0 30 78 2 -29353 10463
0 30 79 2 9994 -9798
0 30 80 2 -29911 33204
0 30 81 2 30578 -11464
0 30 82 2 9916 8273
0 30 83 2 31930 29767
0 30 84 2 -8736 -11120
0 30 85 2 -13114 -31071
0 30 86 2 30091 -9380
0 30 87 2 -8985 31074
0 30 88 2 12415 29157
0 30 89 2 -8411 -10235
0 30 90 2 15449 28978
0 30 91 2 29738 9470
0 30 92 2 -32608 11116
0 30 93 2 -28203 31936
0 30 94 2 -9500 11331
0 30 95 2 33237 29319
0 30 96 2 7521 -33148
0 30 97 2 33545 -1896
0 30 98 2 -30191 33691
0 30 99 2 12209 31438
0 30 100 2 -30486 31610
0 30 101 2 10880 9790
0 30 102 2 -32920 11059
0 30 103 2 32698 -11545
0 30 104 2 32617 7236
0 30 105 2 -32980 -30614
0 30 106 2 -7677 31643
0 30 107 2 -7706 32565
0 30 108 2 32360 10698
0 30 109 2 9976 -11963
0 30 110 2 -27939 32820
0 30 111 2 9625 -10067
0 30 112 2 -28230 11947
0 30 113 2 1055 2481
0 30 114 2 -2269 -1347
0 30 115 2 -1597 -1558
0 30 116 2 -875 -846
0 30 117 2 -595 138
0 30 118 2 261 -1307
0 30 119 2 974 175
0 30 120 2 -422 -267
0 30 121 2 2289 29
0 30 122 2 690 -1265
0 30 123 2 548 -7
0 30 124 2 1191 795
0 30 125 2 2110 33
0 30 126 2 1018 -1018
0 30 127 2 -1028 203
0 30 128 2 2532 1905
0 30 129 2 -757 -720
0 30 130 2 631 -1546
0 30 131 2 -498 -291
0 30 132 2 -709 125
0 30 133 2 -84 1755
0 30 134 2 803 282
0 30 135 2 -2096 1581
0 30 136 2 -529 -145
0 30 137 2 -355 33
0 30 138 2 1285 -1173
0 30 139 2 1202 -1714
0 30 140 2 525 -2478
0 30 141 2 -1925 -2275
0 30 142 2 -1617 -614
0 30 143 2 -927 -1391
0 30 144 2 10408 -33453
0 30 145 2 -11113 -11545
0 30 146 2 32276 29427
0 30 147 2 31050 8966
0 30 148 2 -9325 29758
0 30 149 2 31304 -13765
0 30 150 2 -32167 -7716
0 30 151 2 -9174 12821
0 30 152 2 -28891 34475
0 30 153 2 31293 -13748
0 30 154 2 -10579 -33745
0 30 155 2 -31829 -9649
0 30 156 2 -9818 11506
0 30 157 2 33318 28923
0 30 158 2 30398 -30614
0 30 159 2 32366 -586
0 30 160 2 11685 31909
0 30 161 2 32982 8765
0 30 162 2 28843 -32888
0 30 163 2 33120 30469
0 30 164 2 -28761 -9316
0 30 165 2 -9989 -10156
0 30 166 2 -30825 -8704
0 30 167 2 30189 -32109
0 30 168 2 -9157 32493
0 30 169 2 -10478 -32894
0 30 170 2 -9143 31399
0 30 171 2 -9462 -11165
0 30 172 2 31312 9002
0 30 173 2 -32829 -29760
0 30 174 2 -6089 31681
0 30 175 2 31277 9851
0 30 176 2 -12232 -10401
0 30 177 2 -32634 -27240
0 30 178 2 10249 -12840
0 30 179 2 10056 11103
0 30 180 2 11559 30706
0 30 181 2 12276 30574
0 30 182 2 31461 27614
0 30 183 2 -33025 -30613
0 30 184 2 11099 30149
0 30 185 2 -30536 31091
0 30 186 2 9188 -9184
0 30 187 2 30581 -10652
0 30 188 2 29230 -12195
0 30 189 2 33251 7710
0 30 190 2 -10808 32731
0 30 191 2 32449 -4451
0 30 192 2 10962 29898
0 30 193 2 -13108 -30017
0 30 194 2 13127 30786
0 30 195 2 -29130 10189
0 30 196 2 34785 30708
0 30 197 2 -12359 -29734
0 30 198 2 30754 -10301
0 30 199 2 -31466 -7781
0 30 200 2 -10227 -10787
0 30 201 2 -9414 -10451
0 30 202 2 -12634 -29312
0 30 203 2 11614 28480
0 30 204 2 9432 -11279
0 30 205 2 -32662 -28171
0 30 206 2 -9530 30803
0 30 207 2 9123 -10800
0 30 208 2 11462 28609
0 30 209 2 -7945 30074
0 30 210 2 33346 29942
0 30 211 2 -10531 9941
0 30 212 2 10352 10972
0 30 213 2 30577 -9979
0 30 214 2 -31650 -27991
0 30 215 2 -10254 30942
0 30 216 2 -12243 -30088
0 30 217 2 12334 11933
0 30 218 2 -9092 12401
0 30 219 2 -30397 13110
0 30 220 2 -11484 -7942
0 30 221 2 -29295 33771
0 30 222 2 8361 -10942
0 30 223 2 34028 -2650
0 30 224 2 31926 -10049
0 30 225 2 -11759 -31223
0 30 226 2 -10836 -11400
0 30 227 2 -8611 -9437
0 30 228 2 -11908 -10117
0 30 229 2 -31062 11810
0 30 230 2 -13944 -11088
0 30 231 2 -31172 -29394
0 30 232 2 32035 29678
0 30 233 2 -8102 9057
0 30 234 2 -9531 -29401
0 30 235 2 -31907 -6706
0 30 236 2 -8674 31698
0 30 237 2 -9303 11589
0 30 238 2 -31910 -29551
0 30 239 2 12194 30206
0 30 240 2 28727 -12379
0 30 241 2 31201 8781
0 30 242 2 26964 -31800
0 30 243 2 28885 -12952
0 30 244 2 -9949 -8065
0 30 245 2 29776 -11308
0 30 246 2 -29823 12506
0 30 247 2 -9941 11587
0 30 248 2 33128 28669
0 30 249 2 30570 -13322
0 30 250 2 -31477 9741
0 30 251 2 -32050 -29840
0 30 252 2 8359 -32016
0 30 253 2 -13225 -31193
0 30 254 2 -31274 8317
0 30 255 2 31957 -2851
0 31 0 2 408 123
0 31 1 2 32011 -5322
0 31 2 2 -30309 -7214
0 31 3 2 -12599 -30959
0 31 4 2 -28991 14503
0 31 5 2 -14921 -30799
0 31 6 2 -5466 33240
0 31 7 2 -12286 -29944
0 31 8 2 31768 7453
0 31 9 2 -12701 -11021
0 31 10 2 -28221 34006
0 31 11 2 -12243 -30788
0 31 12 2 32176 6191
0 31 13 2 10606 7250
0 31 14 2 29183 -12818
0 31 15 2 -34410 -27435
0 31 16 2 32122 6631
0 31 17 2 36310 28763
0 31 18 2 5944 -32267
0 31 19 2 -31860 -6152
0 31 20 2 -15982 -29281
0 31 21 2 29783 -14206
0 31 22 2 13402 10260
0 31 23 2 -28717 -8470
0 31 24 2 -28415 11678
0 31 25 2 30604 5037
0 31 26 2 11388 27761
0 31 27 2 28647 -13516
0 31 28 2 -9040 -9411
0 31 29 2 6374 -32390
0 31 30 2 -30925 -6715
0 31 31 2 9718 -14690
0 31 32 2 -7782 30609
0 31 33 2 32564 -1471
0 31 34 2 -5590 8468
0 31 35 2 -26434 13228
0 31 36 2 29889 -15043
0 31 37 2 -27742 34710
0 31 38 2 -27941 34606
0 31 39 2 -35783 -25986
0 31 40 2 -9953 11638
0 31 41 2 32403 27028
0 31 42 2 8369 -12080
0 31 43 2 -26073 36924
0 31 44 2 -11075 -8522
0 31 45 2 -34021 -8514
0 31 46 2 10801 9798
0 31 47 2 14553 32943
0 31 48 2 7842 -9408
0 31 49 2 9285 -12079
0 31 50 2 -12282 -10443
0 31 51 2 -34957 -25703
0 31 52 2 -9434 -9263
0 31 53 2 -29618 13754
0 31 54 2 -8990 12301
0 31 55 2 -9654 13466
0 31 56 2 -7518 13090
0 31 57 2 8795 -10704
0 31 58 2 28894 -34126
0 31 59 2 -12385 -9326
0 31 60 2 -28580 13069
0 31 61 2 7072 -11872
0 31 62 2 7927 -34141
0 31 63 2 -32409 12092
0 31 64 2 -36760 -26363
0 31 65 2 32811 -3704
0 31 66 2 14440 28898
0 31 67 2 -32735 -26162
0 31 68 2 -9972 13886
0 31 69 2 -14550 -29552
0 31 70 2 -13467 -27734
0 31 71 2 29538 -13218
0 31 72 2 13596 30551
0 31 73 2 -26795 33863
0 31 74 2 -33662 -5237
0 31 75 2 30738 -14095
0 31 76 2 27031 -32860
0 31 77 2 -13973 -10727
0 31 78 2 -15671 -30263
0 31 79 2 27885 -34577
0 31 80 2 27062 -34601
0 31 81 2 -32648 -9350
0 31 82 2 9840 -12416
0 31 83 2 -28559 34804
0 31 84 2 30807 5888
0 31 85 2 -6992 30658
0 31 86 2 7805 -12087
0 31 87 2 14755 27376
0 31 88 2 -7785 31638
0 31 89 2 34855 28582
0 31 90 2 -10006 11409
0 31 91 2 -33955 -7566
0 31 92 2 10156 -11584
0 31 93 2 27622 -33909
0 31 94 2 -34657 -32579
0 31 95 2 -32300 -9308
0 31 96 2 33933 28274
0 31 97 2 32298 -4463
0 31 98 2 -28231 11883
0 31 99 2 7885 -9638
0 31 100 2 31697 8945
0 31 101 2 -5561 29785
0 31 102 2 33628 26653
0 31 103 2 -8870 32825
0 31 104 2 5582 -32550
0 31 105 2 -5518 32283
0 31 106 2 6667 -32950
0 31 107 2 15078 28232
0 31 108 2 12959 31836
0 31 109 2 -31493 14658
0 31 110 2 8354 -30088
0 31 111 2 5004 -34130
0 31 112 2 -9184 -10610
0 31 113 2 1524 -2255
0 31 114 2 -34 1169
0 31 115 2 -2278 1127
0 31 116 2 172 1656
0 31 117 2 -792 326
0 31 118 2 -171 -288
0 31 119 2 -2103 -446
0 31 120 2 -912 1156
0 31 121 2 -191 -1802
0 31 122 2 -1489 1683
0 31 123 2 -1809 -435
0 31 124 2 793 409
0 31 125 2 1714 2232
0 31 126 2 1531 -1975
0 31 127 2 -1146 346
0 31 128 2 -1003 -428
0 31 129 2 650 651
0 31 130 2 1297 -643
0 31 131 2 446 -872
0 31 132 2 -125 -1486
0 31 133 2 547 -698
0 31 134 2 351 1081
0 31 135 2 -567 1474
0 31 136 2 95 965
0 31 137 2 1367 -411
0 31 138 2 1700 905
0 31 139 2 1055 622
0 31 140 2 102 -158
0 31 141 2 1776 -2137
0 31 142 2 0 -913
0 31 143 2 651 420
0 31 144 2 7181 -8783
0 31 145 2 14359 30230
0 31 146 2 -26930 37907
0 31 147 2 27106 -33452
0 31 148 2 -10912 -8130
0 31 149 2 -8851 11500
0 31 150 2 11847 8745
0 31 151 2 -29689 15132
0 31 152 2 25388 -31909
0 31 153 2 27600 -34324
0 31 154 2 8810 -30476
0 31 155 2 -28737 13631
0 31 156 2 6585 -33104
0 31 157 2 10050 -9300
0 31 158 2 25279 -35313
0 31 159 2 34369 -4118
0 31 160 2 -4727 32238
0 31 161 2 35449 27893
0 31 162 2 -31649 -7302
0 31 163 2 30143 -16839
0 31 164 2 -33272 -8993
0 31 165 2 35448 29375
0 31 166 2 11224 10383
0 31 167 2 -30004 15345
0 31 168 2 8252 -12697
0 31 169 2 -14632 -29021
0 31 170 2 -31655 -7469
0 31 171 2 7163 -13275
0 31 172 2 -31073 -6120
0 31 173 2 12738 10453
0 31 174 2 28668 -15427
0 31 175 2 -12816 -8815
0 31 176 2 -10686 12956
0 31 177 2 28944 -13570
0 31 178 2 -10435 -10938
0 31 179 2 13566 28693
0 31 180 2 -7454 33824
0 31 181 2 -31201 16376
0 31 182 2 28343 -32021
0 31 183 2 27873 -13534
0 31 184 2 7685 -32093
0 31 185 2 27431 -36264
0 31 186 2 13401 10422
0 31 187 2 -30983 12808
0 31 188 2 -29040 34042
0 31 189 2 -34282 -26513
0 31 190 2 -33345 -5888
0 31 191 2 31276 -3737
0 31 192 2 -31584 -4575
0 31 193 2 27156 -35301
0 31 194 2 -34557 -4852
0 31 195 2 -32805 -8285
0 31 196 2 9387 8204
0 31 197 2 27246 -13787
0 31 198 2 33943 6622
0 31 199 2 -30477 12587
0 31 200 2 10293 7389
0 31 201 2 30293 -11137
0 31 202 2 -12662 -30362
0 31 203 2 33961 27067
0 31 204 2 6622 -33270
0 31 205 2 26604 -34110
0 31 206 2 30846 4502
0 31 207 2 12698 6796
0 31 208 2 30238 -15818
0 31 209 2 -32506 -27736
0 31 210 2 31486 5105
0 31 211 2 34826 27446
0 31 212 2 8455 -33054
0 31 213 2 -27868 32460
0 31 214 2 7794 -10444
0 31 215 2 32928 2800
0 31 216 2 -31512 13995
0 31 217 2 -8487 31345
0 31 218 2 -10085 -8121
0 31 219 2 32403 6374
0 31 220 2 8328 -10391
0 31 221 2 29821 7033
0 31 222 2 12280 9140
0 31 223 2 33294 -4891
0 31 224 2 33820 6281
0 31 225 2 34346 28718
0 31 226 2 -11092 -7251
0 31 227 2 -32254 -27836
0 31 228 2 -9365 30756
0 31 229 2 -10921 14293
0 31 230 2 27941 -34640
0 31 231 2 -29483 -8370
0 31 232 2 -9370 9225
0 31 233 2 32929 26726
0 31 234 2 32615 8194
0 31 235 2 -8947 11826
0 31 236 2 29718 -11555
0 31 237 2 32079 -11814
0 31 238 2 -33923 -25728
0 31 239 2 -32313 11944
0 31 240 2 -6735 31906
0 31 241 2 32827 6256
0 31 242 2 11486 12594
0 31 243 2 27762 -33468
0 31 244 2 11053 -11070
0 31 245 2 -33998 -29089
0 31 246 2 7610 -11330
0 31 247 2 -14648 -8348
0 31 248 2 28406 -33276
0 31 249 2 29564 -14766
0 31 250 2 -14518 -31149
0 31 251 2 29996 -13741
0 31 252 2 31470 6214
0 31 253 2 10140 -12837
0 31 254 2 30273 -34870
0 31 255 2 32712 -2501
0 32 0 2 12 13
0 32 1 2 32316 -6341
0 32 2 2 -7040 32604
0 32 3 2 -8751 12412
0 32 4 2 12276 7767
0 32 5 2 34182 26078
0 32 6 2 -14742 -30355
0 32 7 2 34942 28349
0 32 8 2 -4123 32962
0 32 9 2 -30805 14345
0 32 10 2 6654 -32940
0 32 11 2 -4926 28538
0 32 12 2 -30534 15658
0 32 13 2 29238 -13536
0 32 14 2 -15487 -26388
0 32 15 2 -15629 -30146
0 32 16 2 -7618 30717
0 32 17 2 34277 25444
0 32 18 2 -27411 35754
0 32 19 2 7694 -11291
0 32 20 2 8618 -11058
0 32 21 2 23130 -34980
0 32 22 2 15430 27480
0 32 23 2 -10903 -7850
0 32 24 2 10961 9761
0 32 25 2 26029 -36735
0 32 26 2 -30939 -4305
0 32 27 2 15631 29483
0 32 28 2 33270 6566
0 32 29 2 -15443 -30531
0 32 30 2 -14311 -29778
0 32 31 2 29632 -14528
0 32 32 2 16875 29445
0 32 33 2 34520 -5037
0 32 34 2 4844 -31629
0 32 35 2 -10203 -8642
0 32 36 2 -26425 34216
0 32 37 2 -15330 -29904
0 32 38 2 -9762 -6655
0 32 39 2 26931 -35408
0 32 40 2 -14415 -10154
0 32 41 2 37502 25613
0 32 42 2 -25619 33723
0 32 43 2 36139 26461
0 32 44 2 -9899 -6455
0 32 45 2 -27611 35672
0 32 46 2 6430 -32201
0 32 47 2 -8754 10402
0 32 48 2 -11761 -6342
0 32 49 2 34356 26126
0 32 50 2 31569 3494
0 32 51 2 33910 4881
0 32 52 2 -14867 -31168
0 32 53 2 -5417 33011
0 32 54 2 13785 29453
0 32 55 2 10343 -10495
0 32 56 2 12647 9527
0 32 57 2 10130 8886
0 32 58 2 -27951 15085
0 32 59 2 -26103 36278
0 32 60 2 -36694 -26414
0 32 61 2 4352 -32645
0 32 62 2 -27445 33395
0 32 63 2 31236 5912
0 32 64 2 13478 29179
0 32 65 2 32307 -7547
0 32 66 2 10731 7442
0 32 67 2 7966 -11173
0 32 68 2 -37402 -26283
0 32 69 2 14690 28314
0 32 70 2 -25139 35647
0 32 71 2 14828 30789
0 32 72 2 -28285 15927
0 32 73 2 9818 9306
0 32 74 2 24730 -35318
0 32 75 2 -12597 -29150
0 32 76 2 -32354 -4946
0 32 77 2 3950 -32278
0 32 78 2 14006 8076
0 32 79 2 13955 29902
0 32 80 2 24666 -34343
0 32 81 2 6501 -31625
0 32 82 2 25637 -33756
0 32 83 2 30786 -14046
0 32 84 2 25713 -33163
0 32 85 2 -14749 -28041
0 32 86 2 30089 -17913
0 32 87 2 15361 30480
0 32 88 2 -32234 -6253
0 32 89 2 -5593 33377
0 32 90 2 -25261 35910
0 32 91 2 6201 -32130
0 32 92 2 14429 27911
0 32 93 2 -8194 12129
0 32 94 2 7448 -31139
0 32 95 2 -7597 11563
0 32 96 2 -9922 10788
0 32 97 2 33240 -6489
0 32 98 2 -32002 16431
0 32 99 2 5242 -32228
0 32 100 2 15209 27627
0 32 101 2 -32026 -3810
0 32 102 2 28066 -15020
0 32 103 2 -11303 -10863
0 32 104 2 -5633 33050
0 32 105 2 -15112 -28185
0 32 106 2 15545 28145
0 32 107 2 27987 -16096
0 32 108 2 -27673 37161
0 32 109 2 36892 26955
0 32 110 2 11225 9331
0 32 111 2 30770 -14326
0 32 112 2 -12027 -9849
0 32 113 2 3234 -1006
0 32 114 2 391 2668
0 32 115 2 1067 15
0 32 116 2 -692 1439
0 32 117 2 -1629 -945
0 32 118 2 -214 17
0 32 119 2 354 1980
0 32 120 2 -471 -1165
0 32 121 2 413 -245
0 32 122 2 79 1431
0 32 123 2 182 663
0 32 124 2 933 2205
0 32 125 2 -2317 -1075
0 32 126 2 -1300 3135
0 32 127 2 -1059 -357
0 32 128 2 516 -646
0 32 129 2 1782 -2171
0 32 130 2 -1435 568
0 32 131 2 926 -386
0 32 132 2 235 -89
0 32 133 2 -2635 1221
0 32 134 2 1190 -1018
0 32 135 2 -1370 274
0 32 136 2 312 1445
0 32 137 2 -1437 -799
0 32 138 2 437 -245
0 32 139 2 1310 -475
0 32 140 2 -1051 -608
0 32 141 2 1827 1067
0 32 142 2 -2167 4101
0 32 143 2 1296 781
0 32 144 2 31081 -13064
0 32 145 2 11363 -11193
0 32 146 2 -30362 13137
0 32 147 2 -27281 35545
0 32 148 2 3227 -30267
0 32 149 2 -33641 -6167
0 32 150 2 -29899 14738
0 32 151 2 -32639 -4774
0 32 152 2 -11651 -9243
0 32 153 2 -35847 -25660
0 32 154 2 -5354 33988
0 32 155 2 28863 -15375
0 32 156 2 4570 -33369
0 32 157 2 34692 25627
0 32 158 2 -11650 -7126
0 32 159 2 30836 -5433
0 32 160 2 8500 -11835
0 32 161 2 30445 5443
0 32 162 2 16058 27934
0 32 163 2 -5229 34425
0 32 164 2 4111 -32547
0 32 165 2 -24411 35639
0 32 166 2 8408 -11630
0 32 167 2 -10152 -9235
0 32 168 2 -9842 10314
0 32 169 2 13766 29551
0 32 170 2 6515 -11282
0 32 171 2 36468 26058
0 32 172 2 10065 -10955
0 32 173 2 30109 -16116
0 32 174 2 15371 27879
0 32 175 2 16148 31704
0 32 176 2 -31705 -6600
0 32 177 2 30967 5160
0 32 178 2 13055 9139
0 32 179 2 -6510 31031
0 32 180 2 36740 25785
0 32 181 2 -31796 -6746
0 32 182 2 -9677 12114
0 32 183 2 -4070 33505
0 32 184 2 -5199 32179
0 32 185 2 33172 6566
0 32 186 2 7596 -12283
0 32 187 2 -32206 -5761
0 32 188 2 -15177 -30806
0 32 189 2 -25962 33742
0 32 190 2 34586 26618
0 32 191 2 27982 -6854
0 32 192 2 29870 -15145
0 32 193 2 5364 -32880
0 32 194 2 -7127 10416
0 32 195 2 -3422 34666
0 32 196 2 7226 -12118
0 32 197 2 -30242 13472
0 32 198 2 32239 6001
0 32 199 2 -32138 13091
0 32 200 2 30038 -15958
0 32 201 2 -25403 35414
0 32 202 2 -32657 -5072
0 32 203 2 28496 -14999
0 32 204 2 -11841 -7881
0 32 205 2 -7072 33492
0 32 206 2 36884 26117
0 32 207 2 -15802 -26721
0 32 208 2 26662 -33953
0 32 209 2 7146 -32628
0 32 210 2 8845 -11455
0 32 211 2 31727 8250
0 32 212 2 11139 7139
0 32 213 2 25346 -34217
0 32 214 2 8946 -11053
0 32 215 2 -35592 -23674
0 32 216 2 9172 -12208
0 32 217 2 24563 -35598
0 32 218 2 25209 -35733
0 32 219 2 15021 28397
0 32 220 2 36362 27918
0 32 221 2 26550 -35994
0 32 222 2 -31797 -5870
0 32 223 2 32299 -6756
0 32 224 2 4974 -31894
0 32 225 2 -24916 34469
0 32 226 2 -35274 -26123
0 32 227 2 -6401 31728
0 32 228 2 28538 -13480
0 32 229 2 -33308 -8722
0 32 230 2 36824 26502
0 32 231 2 -26864 35781
0 32 232 2 15348 28597
0 32 233 2 28354 -14702
0 32 234 2 -6937 12689
0 32 235 2 -12462 -6116
0 32 236 2 -11793 -7846
0 32 237 2 -30643 -5521
0 32 238 2 7605 -33819
0 32 239 2 -8428 9076
0 32 240 2 -23650 36204
0 32 241 2 12015 9254
0 32 242 2 -24544 34500
0 32 243 2 31119 -13846
0 32 244 2 -33538 -25446
0 32 245 2 -35383 -25651
0 32 246 2 -27797 34754
0 32 247 2 -8397 13466
0 32 248 2 -37295 -28092
0 32 249 2 34551 26554
0 32 250 2 -5661 31221
0 32 251 2 -9494 13678
0 32 252 2 15356 29559
0 32 253 2 -8009 11377
0 32 254 2 -24235 36013
0 32 255 2 31895 -3650
0 33 0 2 434 -338
0 33 1 2 33918 -5620
0 33 2 2 -26783 15010
0 33 3 2 -26715 35304
0 33 4 2 33042 6690
0 33 5 2 29416 -17030
0 33 6 2 -6116 11824
0 33 7 2 36634 25433
0 33 8 2 -30399 -3538
0 33 9 2 -32273 -4295
0 33 10 2 -34719 -24868
0 33 11 2 -36763 -22436
0 33 12 2 21810 -37148
0 33 13 2 13685 8614
0 33 14 2 -38426 -24041
0 33 15 2 26943 -37487
0 33 16 2 -5031 29071
0 33 17 2 -22671 35504
0 33 18 2 14495 29711
0 33 19 2 28664 -16865
0 33 20 2 -6189 12252
0 33 21 2 30891 4557
0 33 22 2 -31307 -5705
0 33 23 2 36523 24246
0 33 24 2 16482 28513
0 33 25 2 15292 31909
0 33 26 2 26467 -36722
0 33 27 2 -8967 12174
0 33 28 2 -29050 16482
0 33 29 2 -3894 31811
0 33 30 2 -5144 33085
0 33 31 2 -23250 37947
0 33 32 2 9918 10855
0 33 33 2 29960 -6235
0 33 34 2 -9883 15319
0 33 35 2 25943 -35904
0 33 36 2 11275 -12839
0 33 37 2 30896 -13797
0 33 38 2 2731 -34684
0 33 39 2 29335 -16270
0 33 40 2 4306 -35933
0 33 41 2 -24896 37049
0 33 42 2 27881 -16366
0 33 43 2 38295 23860
0 33 44 2 -4756 31200
0 33 45 2 34084 5470
0 33 46 2 -28945 15374
0 33 47 2 -14067 -7254
0 33 48 2 -25264 37742
0 33 49 2 -36290 -24495
0 33 50 2 26757 -14760
0 33 51 2 -29415 15393
0 33 52 2 -8042 33440
0 33 53 2 -8883 11793
0 33 54 2 10950 8915
0 33 55 2 -8317 13216
0 33 56 2 -14172 -29388
0 33 57 2 -29078 16055
0 33 58 2 10792 9140
0 33 59 2 -28267 17470
0 33 60 2 -35383 -4597
0 33 61 2 27365 -14403
0 33 62 2 6544 -9630
0 33 63 2 -8981 10575
0 33 64 2 8505 -11526
0 33 65 2 32213 -7081
0 33 66 2 7514 -12030
0 33 67 2 30633 -15470
0 33 68 2 -25798 15567
0 33 69 2 -30512 14544
0 33 70 2 -4155 30491
0 33 71 2 12325 6650
0 33 72 2 16212 28472
0 33 73 2 -36244 -24167
0 33 74 2 -29437 16552
0 33 75 2 -5446 31854
0 33 76 2 30990 2904
0 33 77 2 10530 5912
0 33 78 2 -3988 34054
0 33 79 2 36389 24949
0 33 80 2 -32624 -3450
0 33 81 2 -10955 13720
0 33 82 2 33301 3776
0 33 83 2 -3849 31087
0 33 84 2 -24701 36184
0 33 85 2 36259 25047
0 33 86 2 -3722 35418
0 33 87 2 24411 -37867
0 33 88 2 -7101 12335
0 33 89 2 -8382 14633
0 33 90 2 27439 -15084
0 33 91 2 30780 -14036
0 33 92 2 16478 28974
0 33 93 2 -16954 -27991
0 33 94 2 -17595 -28843
0 33 95 2 34313 4222
0 33 96 2 -9141 12683
0 33 97 2 31060 -4851
0 33 98 2 32738 1936
0 33 99 2 -27598 13201
0 33 100 2 -27295 15529
0 33 101 2 -18744 -28469
0 33 102 2 -5982 33434
0 33 103 2 27677 -15543
0 33 104 2 -1695 32266
0 33 105 2 -26436 34912
0 33 106 2 27228 -33929
0 33 107 2 -35456 -3578
0 33 108 2 26558 -34965
0 33 109 2 -35824 -27319
0 33 110 2 14954 8421
0 33 111 2 -35357 -24107
0 33 112 2 12660 5145
0 33 113 2 -927 -2307
0 33 114 2 2153 -948
0 33 115 2 -139 104
0 33 116 2 -1532 -995
0 33 117 2 -1058 -779
0 33 118 2 -522 -1512
0 33 119 2 -1583 -2248
0 33 120 2 -118 1671
0 33 121 2 188 275
0 33 122 2 -375 928
0 33 123 2 1719 -1705
0 33 124 2 439 -674
0 33 125 2 534 2375
0 33 126 2 -645 347
0 33 127 2 -142 2136
0 33 128 2 1376 -993
0 33 129 2 397 2549
0 33 130 2 -323 -758
0 33 131 2 -652 3445
0 33 132 2 1591 -2783
0 33 133 2 935 -1007
0 33 134 2 -518 -342
0 33 135 2 193 -1075
0 33 136 2 -2746 1012
0 33 137 2 367 414
0 33 138 2 -581 -1993
0 33 139 2 -130 -631
0 33 140 2 1545 -422
0 33 141 2 1432 1963
0 33 142 2 -493 1505
0 33 143 2 -976 2331
0 33 144 2 -27800 14629
0 33 145 2 30303 6508
0 33 146 2 12836 8909
0 33 147 2 -8463 11022
0 33 148 2 27624 -14456
0 33 149 2 -29958 15443
0 33 150 2 31203 5463
0 33 151 2 37267 25355
0 33 152 2 -10555 -8571
0 33 153 2 9856 -12259
0 33 154 2 32789 7057
0 33 155 2 -33495 -25819
0 33 156 2 -25232 34648
0 33 157 2 35400 23782
0 33 158 2 14578 28689
0 33 159 2 30265 -6941
0 33 160 2 36705 25354
0 33 161 2 -15807 -28784
0 33 162 2 -31669 -4818
0 33 163 2 -30366 16687
0 33 164 2 -12317 -7851
0 33 165 2 38059 27039
0 33 166 2 11729 8079
0 33 167 2 31288 -14955
0 33 168 2 -12592 -7947
0 33 169 2 38656 24765
0 33 170 2 -15930 -29092
0 33 171 2 4587 -32228
0 33 172 2 -28668 14970
0 33 173 2 4576 -32679
0 33 174 2 -27808 16025
0 33 175 2 -26284 34293
0 33 176 2 28673 -15463
0 33 177 2 -35654 -25611
0 33 178 2 -29747 17170
0 33 179 2 -10414 -5589
0 33 180 2 11974 9508
0 33 181 2 -34500 -23440
0 33 182 2 -27671 15349
0 33 183 2 -28557 16424
0 33 184 2 -15502 -27432
0 33 185 2 23820 -36950
0 33 186 2 -29805 16781
0 33 187 2 27039 -16894
0 33 188 2 30945 242
0 33 189 2 8069 -13117
0 33 190 2 -4745 32865
0 33 191 2 32627 -3975
0 33 192 2 -33127 -3257
0 33 193 2 30004 4154
0 33 194 2 32467 6033
0 33 195 2 28195 -17263
0 33 196 2 33007 2584
0 33 197 2 -7364 12319
0 33 198 2 8051 -12903
0 33 199 2 -13263 -8073
0 33 200 2 30472 4573
0 33 201 2 8323 -10363
0 33 202 2 -13199 -11060
0 33 203 2 31780 4877
0 33 204 2 15991 27175
0 33 205 2 1947 -32933
0 33 206 2 37011 22387
0 33 207 2 -3769 31791
0 33 208 2 28815 -18306
0 33 209 2 37525 28414
0 33 210 2 -31802 -4847
0 33 211 2 6497 -11471
0 33 212 2 18023 27836
0 33 213 2 31216 3511
0 33 214 2 -8182 12380
0 33 215 2 -36522 -24637
0 33 216 2 -4087 32498
0 33 217 2 24384 -37475
0 33 218 2 -22967 34897
0 33 219 2 33255 4893
0 33 220 2 27087 -14998
0 33 221 2 -16602 -29678
0 33 222 2 7897 -13263
0 33 223 2 33572 -6627
0 33 224 2 -15438 -28401
0 33 225 2 -31966 -5926
0 33 226 2 6591 -14439
0 33 227 2 5952 -31963
0 33 228 2 -24195 34441
0 33 229 2 -28307 17201
0 33 230 2 12843 5778
0 33 231 2 25593 -35613
0 33 232 2 -7055 12486
0 33 233 2 -12320 -7459
0 33 234 2 -27330 16545
0 33 235 2 36872 27363
0 33 236 2 28040 -15249
0 33 237 2 36109 23864
0 33 238 2 -25424 38759
0 33 239 2 29236 -15950
0 33 240 2 11003 7151
0 33 241 2 36131 23221
0 33 242 2 -13372 -7499
0 33 243 2 -17352 -26273
0 33 244 2 36606 23289
0 33 245 2 -32345 -5334
0 33 246 2 -6434 32107
0 33 247 2 26188 -36109
0 33 248 2 -8136 11557
0 33 249 2 35202 22637
0 33 250 2 -6692 9899
0 33 251 2 36989 28230
0 33 252 2 -12284 -8446
0 33 253 2 8285 -11408
0 33 254 2 23766 -36757
0 33 255 2 32268 -8220
0 34 0 2 -960 665
0 34 1 2 32577 -7147
0 34 2 2 -8894 12313
0 34 3 2 -19227 -25549
0 34 4 2 6440 -11006
0 34 5 2 24264 -37372
0 34 6 2 -23098 37614
0 34 7 2 29388 1118
0 34 8 2 28863 -19040
0 34 9 2 -7282 13169
0 34 10 2 -17125 -26102
0 34 11 2 -13333 -8267
0 34 12 2 27640 -18098
0 34 13 2 -4736 32794
0 34 14 2 33309 3281
0 34 15 2 38410 23583
0 34 16 2 28324 -18401
0 34 17 2 19075 26927
0 34 18 2 -26978 16797
0 34 19 2 -32408 -666
0 34 20 2 830 -35455
0 34 21 2 -23260 36216
0 34 22 2 -28172 17516
0 34 23 2 950 -31312
0 34 24 2 -23271 39019
0 34 25 2 -22948 37650
0 34 26 2 -32791 -1596
0 34 27 2 -16629 -27643
0 34 28 2 -2566 33352
0 34 29 2 20622 -37661
0 34 30 2 31435 4002
0 34 31 2 25245 -16509
0 34 32 2 -23577 38030
0 34 33 2 31610 -7164
0 34 34 2 34995 1552
0 34 35 2 13702 7727
0 34 36 2 2748 -31949
0 34 37 2 -32314 -2719
0 34 38 2 20638 -37870
0 34 39 2 -4292 11279
0 34 40 2 26604 -16443
0 34 41 2 -27133 18752
0 34 42 2 -13317 -8206
0 34 43 2 8345 -12283
0 34 44 2 27509 -18502
0 34 45 2 38798 22813
0 34 46 2 2880 -30933
0 34 47 2 16115 26266
0 34 48 2 18183 29221
0 34 49 2 -36112 -21747
0 34 50 2 -11971 -6670
0 34 51 2 -38155 -21871
0 34 52 2 7465 -14224
0 34 53 2 1636 -32625
0 34 54 2 -7732 13407
0 34 55 2 -22803 37930
0 34 56 2 15180 8922
0 34 57 2 15445 9221
0 34 58 2 -15905 -25962
0 34 59 2 -7999 12580
0 34 60 2 -17326 -28230
0 34 61 2 -37057 -23883
0 34 62 2 -12797 -7785
0 34 63 2 -5354 34009
0 34 64 2 -12491 -9308
0 34 65 2 34962 -7935
0 34 66 2 7183 -12160
0 34 67 2 -11239 -5921
0 34 68 2 -17298 -27761
0 34 69 2 -7985 11773
0 34 70 2 3370 -32438
0 34 71 2 -33012 -5628
0 34 72 2 2916 -34885
0 34 73 2 -2993 32453
0 34 74 2 12173 8160
0 34 75 2 -8298 13493
0 34 76 2 -32182 -3696
0 34 77 2 1394 -33481
0 34 78 2 33462 788
0 34 79 2 -22298 38404
0 34 80 2 7695 -12960
0 34 81 2 -13190 -6222
0 34 82 2 -7728 11834
0 34 83 2 6905 -14604
0 34 84 2 28995 -17628
0 34 85 2 -14116 -7639
0 34 86 2 30866 924
0 34 87 2 -6078 11165
0 34 88 2 15813 27534
0 34 89 2 14595 8818
0 34 90 2 -27242 17445
0 34 91 2 -15346 -26481
0 34 92 2 -14522 -8636
0 34 93 2 -36888 -23970
0 34 94 2 -10300 12675
0 34 95 2 35391 25567
0 34 96 2 16258 28076
0 34 97 2 31600 -8344
0 34 98 2 -12634 -7603
0 34 99 2 10845 -13707
0 34 100 2 10478 7068
0 34 101 2 14127 7157
0 34 102 2 -37654 -21592
0 34 103 2 23784 -36416
0 34 104 2 33256 1005
0 34 105 2 4689 -34435
0 34 106 2 -26092 17713
0 34 107 2 -3764 35305
0 34 108 2 -12790 -7679
0 34 109 2 -3329 32801
0 34 110 2 8261 -11786
0 34 111 2 11883 7639
0 34 112 2 23865 -36945
0 34 113 2 1326 -1275
0 34 114 2 -563 1888
0 34 115 2 -813 -1196
0 34 116 2 -946 1289
0 34 117 2 1216 -462
0 34 118 2 -696 -85
0 34 119 2 -2096 -317
0 34 120 2 -1160 1359
0 34 121 2 -3907 310
0 34 122 2 552 420
0 34 123 2 -1184 -501
0 34 124 2 1004 -446
0 34 125 2 2811 35
0 34 126 2 803 -791
0 34 127 2 -2594 -630
0 34 128 2 -1760 -76
0 34 129 2 1528 -555
0 34 130 2 451 -800
0 34 131 2 1624 1555
0 34 132 2 -898 2071
0 34 133 2 1000 -939
0 34 134 2 -398 -905
0 34 135 2 417 715
0 34 136 2 -775 -3262
0 34 137 2 459 117
0 34 138 2 917 -837
0 34 139 2 2216 -518
0 34 140 2 -435 -594
0 34 141 2 -1097 1998
0 34 142 2 -954 -1433
0 34 143 2 868 -1720
0 34 144 2 23931 -37413
0 34 145 2 -33870 -2170
0 34 146 2 19199 26508
0 34 147 2 -11065 -8879
0 34 148 2 -35637 -22266
0 34 149 2 -23052 38303
0 34 150 2 21332 -36485
0 34 151 2 -9105 14176
0 34 152 2 -36817 -22723
0 34 153 2 10911 6480
0 34 154 2 -6979 12062
0 34 155 2 -9869 11790
0 34 156 2 -18779 -26467
0 34 157 2 -7729 13384
0 34 158 2 -26879 18834
0 34 159 2 32970 -6750
0 34 160 2 23299 -37820
0 34 161 2 12806 8661
0 34 162 2 27114 -17794
0 34 163 2 -17649 -28161
0 34 164 2 -18382 -26851
0 34 165 2 30603 2708
0 34 166 2 29253 -17078
0 34 167 2 -21340 35525
0 34 168 2 -13668 -8084
0 34 169 2 22071 -35257
0 34 170 2 7823 -12044
0 34 171 2 20795 -36737
0 34 172 2 -23358 36445
0 34 173 2 22971 -37497
0 34 174 2 -36985 -23100
0 34 175 2 33895 518
0 34 176 2 -30339 -4223
0 34 177 2 38285 21155
0 34 178 2 17653 27117
0 34 179 2 7403 -9711
0 34 180 2 12984 6847
0 34 181 2 -32901 -3418
0 34 182 2 -18171 -27106
0 34 183 2 17386 26220
0 34 184 2 -19135 -26801
0 34 185 2 -23450 38077
0 34 186 2 6696 -12242
0 34 187 2 -21520 36936
0 34 188 2 13659 5378
0 34 189 2 -7422 13565
0 34 190 2 19673 -37569
0 34 191 2 30961 -8381
0 34 192 2 9907 -11772
0 34 193 2 -17045 -27834
0 34 194 2 -34078 -3755
0 34 195 2 -29989 17452
0 34 196 2 30968 670
0 34 197 2 18169 29409
0 34 198 2 28141 -16890
0 34 199 2 -10778 -8738
0 34 200 2 -21666 36936
0 34 201 2 32635 3804
0 34 202 2 1540 -31503
0 34 203 2 -11067 -7535
0 34 204 2 8295 -12267
0 34 205 2 6625 -12040
0 34 206 2 23243 -37192
0 34 207 2 -38916 -24850
0 34 208 2 3455 -33829
0 34 209 2 -9299 10714
0 34 210 2 38711 21992
0 34 211 2 -29143 16780
0 34 212 2 -14554 -8920
0 34 213 2 27049 -18456
0 34 214 2 -4220 32803
0 34 215 2 22088 -36299
0 34 216 2 15971 28983
0 34 217 2 21664 -37790
0 34 218 2 11588 8954
0 34 219 2 15352 8980
0 34 220 2 -24376 36456
0 34 221 2 -23894 38355
0 34 222 2 -2890 34298
0 34 223 2 32390 -7793
0 34 224 2 3675 -31626
0 34 225 2 -21922 35931
0 34 226 2 -26298 17251
0 34 227 2 -22692 36584
0 34 228 2 22823 -35009
0 34 229 2 -26510 17708
0 34 230 2 12743 6519
0 34 231 2 17355 28302
0 34 232 2 11285 7206
0 34 233 2 27577 -18006
0 34 234 2 -31030 -2310
0 34 235 2 -2456 34891
0 34 236 2 -24490 38384
0 34 237 2 -34513 -3873
0 34 238 2 -28331 16151
0 34 239 2 -37743 -19245
0 34 240 2 -2173 34431
0 34 241 2 -34793 -2861
0 34 242 2 7783 -14136
0 34 243 2 -37598 -21886
0 34 244 2 2558 -32793
0 34 245 2 -4709 31980
0 34 246 2 27768 -17051
0 34 247 2 10412 6545
0 34 248 2 9066 -10271
0 34 249 2 -29324 17153
0 34 250 2 27488 -18795
0 34 251 2 37883 22340
0 34 252 2 8542 -10741
0 34 253 2 -36672 -22194
0 34 254 2 11554 5807
0 34 255 2 31082 -9338
0 35 0 2 1140 -293
0 35 1 2 32161 -6321
0 35 2 2 -32614 -3251
0 35 3 2 11332 5830
0 35 4 2 31043 1931
0 35 5 2 11498 7544
0 35 6 2 -5257 14850
0 35 7 2 -7661 11950
0 35 8 2 -4207 13873
0 35 9 2 -25686 18194
0 35 10 2 893 -33027
0 35 11 2 -37422 -23095
0 35 12 2 -11470 -7272
0 35 13 2 -32121 -1584
0 35 14 2 8124 -13465
0 35 15 2 39846 22418
0 35 16 2 -6071 13022
0 35 17 2 14125 8714
0 35 18 2 26556 -16995
0 35 19 2 -39732 -21916
0 35 20 2 20434 -37761
0 35 21 2 -39296 -23425
0 35 22 2 -17431 -28830
0 35 23 2 -11010 -6180
0 35 24 2 25067 -18233
0 35 25 2 -12705 -9635
0 35 26 2 -21861 38875
0 35 27 2 31946 2426
0 35 28 2 -23220 39147
0 35 29 2 3013 -33997
0 35 30 2 32295 4038
0 35 31 2 34010 3767
0 35 32 2 13044 9645
0 35 33 2 32728 -8992
0 35 34 2 17448 28884
0 35 35 2 -1209 31309
0 35 36 2 19981 -37271
0 35 37 2 -38403 -22798
0 35 38 2 2148 -32140
0 35 39 2 27744 -16964
0 35 40 2 -27489 17869
0 35 41 2 34429 2620
0 35 42 2 39977 19962
0 35 43 2 21341 -36972
0 35 44 2 -37043 -22025
0 35 45 2 1001 -33179
0 35 46 2 27806 -18341
0 35 47 2 18951 27820
0 35 48 2 -13325 -7785
0 35 49 2 -18002 -28398
0 35 50 2 -36799 -22577
0 35 51 2 -7912 11642
0 35 52 2 2567 -32908
0 35 53 2 32141 1707
0 35 54 2 -18115 -28857
0 35 55 2 22930 -37173
0 35 56 2 -6330 14226
0 35 57 2 31197 2891
0 35 58 2 27619 -17699
0 35 59 2 -12633 -8404
0 35 60 2 7653 -14331
0 35 61 2 3280 -31561
0 35 62 2 -11226 -6862
0 35 63 2 -14286 -7826
0 35 64 2 -22428 38681
0 35 65 2 31122 -8314
0 35 66 2 -625 32458
0 35 67 2 1184 -33951
0 35 68 2 14015 7622
0 35 69 2 -27540 19401
0 35 70 2 31986 1960
0 35 71 2 -21255 37754
0 35 72 2 36715 24450
0 35 73 2 -29221 18055
0 35 74 2 39130 22433
0 35 75 2 18978 26609
0 35 76 2 12554 6041
0 35 77 2 -10684 -6245
0 35 78 2 1999 -33340
0 35 79 2 -17648 -28519
0 35 80 2 -21486 38885
0 35 81 2 13980 8369
0 35 82 2 22808 -37550
0 35 83 2 -22389 36340
0 35 84 2 38596 21781
0 35 85 2 -18424 -25988
0 35 86 2 11871 5248
0 35 87 2 -16712 -26944
0 35 88 2 37812 21817
0 35 89 2 38619 23276
0 35 90 2 -37367 -21826
0 35 91 2 -5904 12506
0 35 92 2 19044 25191
0 35 93 2 852 -31666
0 35 94 2 -8327 13517
0 35 95 2 30557 3189
0 35 96 2 -36940 -21954
0 35 97 2 32859 -8026
0 35 98 2 -8116 12867
0 35 99 2 22954 -40081
0 35 100 2 27884 -19106
0 35 101 2 -1725 29832
0 35 102 2 -38262 -22030
0 35 103 2 -30257 1061
0 35 104 2 21836 -35884
0 35 105 2 26889 -17562
0 35 106 2 -28777 18056
0 35 107 2 -21620 39070
0 35 108 2 32071 1813
0 35 109 2 26218 -18129
0 35 110 2 38578 18834
0 35 111 2 38643 22162
0 35 112 2 -1449 33441
0 35 113 2 -652 -2864
0 35 114 2 2310 427
0 35 115 2 -712 1064
0 35 116 2 1628 1046
0 35 117 2 -1051 1102
0 35 118 2 193 -343
0 35 119 2 -1795 -1257
0 35 120 2 -498 404
0 35 121 2 -2506 -1097
0 35 122 2 1509 572
0 35 123 2 -1696 -128
0 35 124 2 353 1876
0 35 125 2 1257 2343
0 35 126 2 -1799 -452
0 35 127 2 1897 -1348
0 35 128 2 -1069 1392
0 35 129 2 365 1415
0 35 130 2 440 -831
0 35 131 2 238 1849
0 35 132 2 246 -1355
0 35 133 2 1404 -1310
0 35 134 2 -723 -510
0 35 135 2 -922 261
0 35 136 2 -569 -185
0 35 137 2 1777 -236
0 35 138 2 1603 -600
0 35 139 2 210 -2548
0 35 140 2 1449 -2167
0 35 141 2 -1568 -1902
0 35 142 2 -105 94
0 35 143 2 -1235 -207
0 35 144 2 2421 -32726
0 35 145 2 21321 -37735
0 35 146 2 -11081 -10029
0 35 147 2 34426 1487
0 35 148 2 -33426 -1051
0 35 149 2 -2939 32075
0 35 150 2 -37404 -22736
0 35 151 2 21663 -38077
0 35 152 2 27447 -16321
0 35 153 2 -13585 -8269
0 35 154 2 28945 -19991
0 35 155 2 18692 27235
0 35 156 2 -17382 -27789
0 35 157 2 25465 -18137
0 35 158 2 32935 1146
0 35 159 2 30624 -8627
0 35 160 2 -39394 -23177
0 35 161 2 24223 -37737
0 35 162 2 1412 -33251
0 35 163 2 41047 22342
0 35 164 2 -26548 16374
0 35 165 2 -13918 -7260
0 35 166 2 -18521 -29292
0 35 167 2 31068 2220
0 35 168 2 -32463 -3809
0 35 169 2 7989 -10738
0 35 170 2 -12969 -9744
0 35 171 2 16425 26224
0 35 172 2 14301 6205
0 35 173 2 10618 6996
0 35 174 2 -18282 -26329
0 35 175 2 37971 22690
0 35 176 2 -16403 -26182
0 35 177 2 -6203 13774
0 35 178 2 21746 -39456
0 35 179 2 16970 27533
0 35 180 2 20683 25004
0 35 181 2 38124 19604
0 35 182 2 6859 -13837
0 35 183 2 -27895 18388
0 35 184 2 22581 -38273
0 35 185 2 -19707 -26826
0 35 186 2 11705 6841
0 35 187 2 -809 32442
0 35 188 2 19150 28892
0 35 189 2 -38210 -20538
0 35 190 2 2300 -35130
0 35 191 2 31916 -8598
0 35 192 2 13570 6883
0 35 193 2 -1100 34543
0 35 194 2 -4830 15087
0 35 195 2 -33656 -4026
0 35 196 2 8244 -14566
0 35 197 2 -12518 -6316
0 35 198 2 17847 27142
0 35 199 2 2610 -30825
0 35 200 2 23491 -39009
0 35 201 2 -21985 38983
0 35 202 2 6134 -13709
0 35 203 2 -23966 37871
0 35 204 2 3008 -33531
0 35 205 2 -26891 19274
0 35 206 2 -16824 -26025
0 35 207 2 1245 -32997
0 35 208 2 2280 -32929
0 35 209 2 -9699 -6646
0 35 210 2 18546 27186
0 35 211 2 39704 23508
0 35 212 2 7069 -13040
0 35 213 2 -25734 18634
0 35 214 2 -12748 -7854
0 35 215 2 -6872 12605
0 35 216 2 12662 10150
0 35 217 2 9132 -13450
0 35 218 2 3359 -33398
0 35 219 2 -40916 -23556
0 35 220 2 -18410 -28840
0 35 221 2 12883 8002
0 35 222 2 -34022 -828
0 35 223 2 31978 -7939
0 35 224 2 -2233 30846
0 35 225 2 -17701 -27679
0 35 226 2 -17567 -28992
0 35 227 2 -32607 -572
0 35 228 2 1757 -32247
0 35 229 2 12836 7555
0 35 230 2 20220 27842
0 35 231 2 -12814 -9444
0 35 232 2 12014 6680
0 35 233 2 -12232 -8353
0 35 234 2 2019 -33044
0 35 235 2 27511 -18470
0 35 236 2 906 -33102
0 35 237 2 -32641 -1542
0 35 238 2 4802 -10834
0 35 239 2 -12450 -9624
0 35 240 2 -28901 17002
0 35 241 2 -24561 37168
0 35 242 2 20759 -34766
0 35 243 2 8454 -12673
0 35 244 2 31596 3260
0 35 245 2 32590 1757
0 35 246 2 25260 -17902
0 35 247 2 33454 1966
0 35 248 2 -18598 -27147
0 35 249 2 -16171 -26341
0 35 250 2 27414 -18763
0 35 251 2 -36348 -20800
0 35 252 2 -3303 33111
0 35 253 2 -6945 13167
0 35 254 2 22240 -36553
0 35 255 2 33052 -7891
0 36 0 2 183 754
0 36 1 2 32414 -9137
0 36 2 2 -31904 2393
0 36 3 2 -19783 -24965
0 36 4 2 5938 -13073
0 36 5 2 20643 27926
0 36 6 2 -16402 -26487
0 36 7 2 -38702 -20277
0 36 8 2 -5878 12934
0 36 9 2 -34586 -454
0 36 10 2 34264 -694
0 36 11 2 7004 -13324
0 36 12 2 -31675 1542
0 36 13 2 26147 -18921
0 36 14 2 12068 5482
0 36 15 2 21408 27210
0 36 16 2 -17661 -26097
0 36 17 2 -31977 -2837
0 36 18 2 -17159 -26754
0 36 19 2 6799 -13396
0 36 20 2 -27472 20251
0 36 21 2 40931 21060
0 36 22 2 -26952 22156
0 36 23 2 -33132 143
0 36 24 2 21343 -38892
0 36 25 2 -38821 -20341
0 36 26 2 -20238 40485
0 36 27 2 -37716 -19989
0 36 28 2 -15119 -4752
0 36 29 2 -40310 -19726
0 36 30 2 7324 -14917
0 36 31 2 12701 5726
0 36 32 2 -38008 -19809
0 36 33 2 29407 -11176
0 36 34 2 -8024 13172
0 36 35 2 -33163 -1716
0 36 36 2 -14680 -7278
0 36 37 2 -5671 12515
0 36 38 2 -39860 -19494
0 36 39 2 -20580 -26523
0 36 40 2 -19608 38046
0 36 41 2 -35998 -895
0 36 42 2 -21749 38751
0 36 43 2 7070 -11510
0 36 44 2 18023 27752
0 36 45 2 -1573 -33631
0 36 46 2 12883 8008
0 36 47 2 26872 -20321
0 36 48 2 -39013 -19748
0 36 49 2 -15581 -6519
0 36 50 2 19237 26914
0 36 51 2 -21769 -25464
0 36 52 2 -5779 12892
0 36 53 2 -33602 276
0 36 54 2 -190 -31556
0 36 55 2 -15739 -5897
0 36 56 2 20223 -39243
0 36 57 2 -106 -32217
0 36 58 2 18491 -39343
0 36 59 2 25119 -21706
0 36 60 2 19144 -39449
0 36 61 2 -5181 11746
0 36 62 2 6030 -11889
0 36 63 2 -33607 640
0 36 64 2 27726 -19657
0 36 65 2 30370 -10333
0 36 66 2 15273 6979
0 36 67 2 -39559 -21008
0 36 68 2 -41009 -22286
0 36 69 2 38683 20220
0 36 70 2 33587 -715
0 36 71 2 -6053 13425
0 36 72 2 40381 21003
0 36 73 2 -28142 18780
0 36 74 2 17503 -40616
0 36 75 2 40002 19488
0 36 76 2 -12258 -7504
0 36 77 2 27666 -19085
0 36 78 2 -19616 -26619
0 36 79 2 12869 6357
0 36 80 2 5997 -14862
0 36 81 2 -13843 -6449
0 36 82 2 -35074 -832
0 36 83 2 -423 32676
0 36 84 2 -32491 -222
0 36 85 2 -338 31725
0 36 86 2 -1123 31322
0 36 87 2 -27165 18778
0 36 88 2 -17365 40642
0 36 89 2 -35177 -1047
0 36 90 2 -34020 1378
0 36 91 2 -19539 -26346
0 36 92 2 13385 6958
0 36 93 2 26339 -20877
0 36 94 2 -10076 11884
0 36 95 2 -27509 21038
0 36 96 2 -27619 18423
0 36 97 2 30003 -10680
0 36 98 2 37792 19627
0 36 99 2 13863 8597
0 36 100 2 -263 -31690
0 36 101 2 39925 19259
0 36 102 2 -40533 -17668
0 36 103 2 -34678 -599
0 36 104 2 31699 -180
0 36 105 2 21870 25021
0 36 106 2 -317 32859
0 36 107 2 -19923 39959
0 36 108 2 -13010 -6470
0 36 109 2 -1439 -33610
0 36 110 2 946 -32874
0 36 111 2 5966 -14139
0 36 112 2 -19255 37896
0 36 113 2 -1191 1604
0 36 114 2 -268 -734
0 36 115 2 -188 -1247
0 36 116 2 4 2059
0 36 117 2 -12 -724
0 36 118 2 -794 -848
0 36 119 2 294 823
0 36 120 2 -728 2261
0 36 121 2 241 412
0 36 122 2 393 -446
0 36 123 2 1325 239
0 36 124 2 194 3303
0 36 125 2 -1475 -1792
0 36 126 2 -1641 301
0 36 127 2 -1318 1133
0 36 128 2 -848 599
0 36 129 2 1155 -187
0 36 130 2 421 -1561
0 36 131 2 -529 1436
0 36 132 2 376 618
0 36 133 2 1403 907
0 36 134 2 -832 452
0 36 135 2 -1122 -2767
0 36 136 2 873 2267
0 36 137 2 142 -133
0 36 138 2 -1192 -893
0 36 139 2 -903 598
0 36 140 2 -2760 2372
0 36 141 2 2228 1461
0 36 142 2 -51 -1844
0 36 143 2 833 -296
0 36 144 2 -25455 18551
0 36 145 2 -19369 -26403
0 36 146 2 18328 26756
0 36 147 2 32669 -1901
0 36 148 2 32293 -118
0 36 149 2 6316 -13289
0 36 150 2 -18192 -27358
0 36 151 2 -1347 31926
0 36 152 2 17102 -37857
0 36 153 2 -14421 -7425
0 36 154 2 19647 26173
0 36 155 2 -26250 20748
0 36 156 2 -136 -32662
0 36 157 2 -1808 -34812
0 36 158 2 -1142 34134
0 36 159 2 31494 -7745
0 36 160 2 38864 21829
0 36 161 2 20511 -39746
0 36 162 2 35085 2688
0 36 163 2 39628 18998
0 36 164 2 34080 2680
0 36 165 2 42156 19781
0 36 166 2 26698 -22155
0 36 167 2 -38242 -20992
0 36 168 2 42232 18742
0 36 169 2 -6148 12824
0 36 170 2 38546 17757
0 36 171 2 34406 -900
0 36 172 2 -4120 13287
0 36 173 2 -4724 11628
0 36 174 2 -26161 18894
0 36 175 2 -21324 37867
0 36 176 2 -8206 13378
0 36 177 2 -18279 -24233
0 36 178 2 32336 -498
0 36 179 2 20153 26249
0 36 180 2 -5044 13396
0 36 181 2 12906 6266
0 36 182 2 -27079 18521
0 36 183 2 33931 -1391
0 36 184 2 -31458 -486
0 36 185 2 -24788 19493
0 36 186 2 -18545 40033
0 36 187 2 -31816 3310
0 36 188 2 -609 -30918
0 36 189 2 -19340 -24981
0 36 190 2 893 33424
0 36 191 2 33164 -10163
0 36 192 2 -24528 21775
0 36 193 2 9017 -12064
0 36 194 2 -11871 -6340
0 36 195 2 13657 5118
0 36 196 2 -19196 38738
0 36 197 2 40345 20586
0 36 198 2 -19091 -26282
0 36 199 2 2059 -33575
0 36 200 2 -25344 18840
0 36 201 2 -32727 1823
0 36 202 2 -28594 20604
0 36 203 2 -15215 -6525
0 36 204 2 38567 21190
0 36 205 2 13672 6576
0 36 206 2 -5557 14151
0 36 207 2 12180 5841
0 36 208 2 -14260 -6551
0 36 209 2 -39561 -18994
0 36 210 2 39315 17910
0 36 211 2 -17816 -28226
0 36 212 2 -27092 19108
0 36 213 2 -21721 -26625
0 36 214 2 288 33496
0 36 215 2 38191 19630
0 36 216 2 -33870 -198
0 36 217 2 -22515 -28698
0 36 218 2 -20047 38045
0 36 219 2 39469 19205
0 36 220 2 -6122 12005
0 36 221 2 30242 1944
0 36 222 2 467 33728
0 36 223 2 31181 -11409
0 36 224 2 -19296 39812
0 36 225 2 -19671 -24805
0 36 226 2 -19596 38567
0 36 227 2 -28021 19783
0 36 228 2 -1928 32432
0 36 229 2 -8682 13943
0 36 230 2 -916 -31321
0 36 231 2 15978 25164
0 36 232 2 32244 1016
0 36 233 2 -838 -32158
0 36 234 2 19000 -39031
0 36 235 2 20177 25278
0 36 236 2 21025 26689
0 36 237 2 40301 18524
0 36 238 2 -37378 -19499
0 36 239 2 -27334 21151
0 36 240 2 -20488 41194
0 36 241 2 -19104 -26608
0 36 242 2 -39307 -19956
0 36 243 2 -7426 12482
0 36 244 2 -19637 40298
0 36 245 2 -21676 38177
0 36 246 2 57 -32070
0 36 247 2 37011 18839
0 36 248 2 34823 -1393
0 36 249 2 -4463 14246
0 36 250 2 27552 -18899
0 36 251 2 -7890 12754
0 36 252 2 -19232 -25470
0 36 253 2 -14058 -6162
0 36 254 2 39328 19053
0 36 255 2 31017 -11621
0 37 0 2 -455 528
0 37 1 2 29526 -11204
0 37 2 2 -32775 43
0 37 3 2 7233 -15004
0 37 4 2 -38440 -17277
0 37 5 2 -425 -32603
0 37 6 2 18449 -40693
0 37 7 2 -38417 -16410
0 37 8 2 39049 19390
0 37 9 2 13068 6091
0 37 10 2 18054 -41079
0 37 11 2 31510 -1892
0 37 12 2 -12030 -7171
0 37 13 2 13369 6695
0 37 14 2 39281 17755
0 37 15 2 32011 -76
0 37 16 2 -25986 20056
0 37 17 2 2398 30528
0 37 18 2 33231 -290
0 37 19 2 -17550 38834
0 37 20 2 -12553 -6712
0 37 21 2 -5912 12098
0 37 22 2 27089 -22094
0 37 23 2 -12957 -7650
0 37 24 2 -25013 21245
0 37 25 2 -891 30930
0 37 26 2 40146 18034
0 37 27 2 -942 -33025
0 37 28 2 -5532 14323
0 37 29 2 -1213 -32701
0 37 30 2 -11715 -6705
0 37 31 2 20931 26495
0 37 32 2 -5827 13816
0 37 33 2 31213 -10763
0 37 34 2 7662 -12275
0 37 35 2 -21088 -24056
0 37 36 2 19361 -41966
0 37 37 2 -4 -30984
0 37 38 2 -41721 -18425
0 37 39 2 31352 -398
0 37 40 2 -14397 -6024
0 37 41 2 -14075 -6457
0 37 42 2 -32497 2576
0 37 43 2 -32062 1419
0 37 44 2 -20613 -23458
0 37 45 2 -16666 41690
0 37 46 2 -6496 12389
0 37 47 2 -19772 -24532
0 37 48 2 2427 32153
0 37 49 2 6833 -12991
0 37 50 2 23031 -21369
0 37 51 2 20239 25653
0 37 52 2 6921 -14744
0 37 53 2 19790 -39654
0 37 54 2 38805 16766
0 37 55 2 38691 19649
0 37 56 2 -27829 20573
0 37 57 2 -25755 22331
0 37 58 2 11131 5469
0 37 59 2 5220 -13235
0 37 60 2 17006 -37075
0 37 61 2 13924 6268
0 37 62 2 590 31896
0 37 63 2 8538 -13528
0 37 64 2 26710 -21072
0 37 65 2 30633 -10685
0 37 66 2 20155 26556
0 37 67 2 -38779 -20187
0 37 68 2 2753 32615
0 37 69 2 41664 20161
0 37 70 2 -15531 -6835
0 37 71 2 -486 31869
0 37 72 2 -24410 21957
0 37 73 2 33885 1126
0 37 74 2 20287 28783
0 37 75 2 -6430 13473
0 37 76 2 -18461 39761
0 37 77 2 -28080 21924
0 37 78 2 -2459 -32843
0 37 79 2 13086 6989
0 37 80 2 -852 -30838
0 37 81 2 -30720 -1170
0 37 82 2 32260 -333
0 37 83 2 5568 -12155
0 37 84 2 -34182 913
0 37 85 2 38321 19779
0 37 86 2 17656 -40014
0 37 87 2 30956 -2038
0 37 88 2 41507 19045
0 37 89 2 32045 -2306
0 37 90 2 -9099 12681
0 37 91 2 37664 17587
0 37 92 2 5933 -13795
0 37 93 2 12431 8130
0 37 94 2 -13323 -4239
0 37 95 2 34762 -2212
0 37 96 2 -31963 1041
0 37 97 2 31821 -11343
0 37 98 2 29758 -907
0 37 99 2 -26487 19923
0 37 100 2 -12434 -6401
0 37 101 2 12757 5101
0 37 102 2 -39781 -19294
0 37 103 2 -38540 -19240
0 37 104 2 41734 17805
0 37 105 2 18576 -38622
0 37 106 2 5328 -12925
0 37 107 2 -32860 766
0 37 108 2 -27404 19877
0 37 109 2 40373 18249
0 37 110 2 -25946 19273
0 37 111 2 14636 6326
0 37 112 2 -33153 340
0 37 113 2 1427 531
0 37 114 2 -2561 827
0 37 115 2 -567 769
0 37 116 2 888 -1583
0 37 117 2 -1588 -107
0 37 118 2 -1 2814
0 37 119 2 87 -74
0 37 120 2 -104 -333
0 37 121 2 433 -80
0 37 122 2 -931 928
0 37 123 2 813 717
0 37 124 2 1071 -347
0 37 125 2 -371 -2843
0 37 126 2 -1205 1355
0 37 127 2 305 -1074
0 37 128 2 196 -198
0 37 129 2 2834 489
0 37 130 2 444 -1065
0 37 131 2 -247 -70
0 37 132 2 828 483
0 37 133 2 -1045 -117
0 37 134 2 -574 1055
0 37 135 2 2373 -23
0 37 136 2 775 -879
0 37 137 2 -260 393
0 37 138 2 -1992 -1539
0 37 139 2 -1234 1098
0 37 140 2 591 1727
0 37 141 2 -520 377
0 37 142 2 2236 1746
0 37 143 2 901 -2145
0 37 144 2 31099 -1021
0 37 145 2 40014 20130
0 37 146 2 38512 19117
0 37 147 2 -20905 -23538
0 37 148 2 18291 -40475
0 37 149 2 -665 -33217
0 37 150 2 4975 -10800
0 37 151 2 -12727 -4935
0 37 152 2 33317 327
0 37 153 2 6129 -13882
0 37 154 2 32205 159
0 37 155 2 -1471 -33032
0 37 156 2 -20021 39270
0 37 157 2 -766 32834
0 37 158 2 21451 26477
0 37 159 2 31122 -11480
0 37 160 2 -15126 -6106
0 37 161 2 -26124 21572
0 37 162 2 1270 32453
0 37 163 2 40925 20422
0 37 164 2 -19747 40721
0 37 165 2 -25479 20307
0 37 166 2 -20617 -26732
0 37 167 2 6881 -11650
0 37 168 2 -32529 -507
0 37 169 2 7043 -14058
0 37 170 2 -27321 20382
0 37 171 2 -13413 -4714
0 37 172 2 -20883 -25739
0 37 173 2 31558 1532
0 37 174 2 -19333 40614
0 37 175 2 41564 19326
0 37 176 2 6314 -14032
0 37 177 2 -40312 -20322
0 37 178 2 -31912 2911
0 37 179 2 -14438 -7055
0 37 180 2 25178 -20335
0 37 181 2 -21267 -24860
0 37 182 2 -17521 38602
0 37 183 2 -39996 -18221
0 37 184 2 988 -35232
0 37 185 2 771 -33929
0 37 186 2 -2857 -31032
0 37 187 2 -33606 1138
0 37 188 2 -2923 -33671
0 37 189 2 31938 -2876
0 37 190 2 -1163 -33074
0 37 191 2 31766 -12047
0 37 192 2 -22108 -28089
0 37 193 2 5019 -12731
0 37 194 2 29707 -196
0 37 195 2 18213 -41600
0 37 196 2 -24573 20909
0 37 197 2 3922 -13859
0 37 198 2 40756 19192
0 37 199 2 -15929 -6561
0 37 200 2 32358 -2165
0 37 201 2 -27114 20423
0 37 202 2 -33777 620
0 37 203 2 -26342 18700
0 37 204 2 31415 -1809
0 37 205 2 -22412 18779
0 37 206 2 23763 -23164
0 37 207 2 -32389 1339
0 37 208 2 -12243 -5971
0 37 209 2 18429 -40194
0 37 210 2 -20000 -25179
0 37 211 2 26023 -21745
0 37 212 2 -27225 21140
0 37 213 2 -32148 -855
0 37 214 2 14398 6913
0 37 215 2 31393 -1418
0 37 216 2 -31816 12
0 37 217 2 -39793 -18003
0 37 218 2 4252 33370
0 37 219 2 -26105 21120
0 37 220 2 39533 19118
0 37 221 2 22318 27780
0 37 222 2 1252 -32901
0 37 223 2 31527 -11229
0 37 224 2 -402 -31791
0 37 225 2 -41850 -18893
0 37 226 2 13686 5899
0 37 227 2 24795 -18072
0 37 228 2 6703 -13382
0 37 229 2 18139 -39292
0 37 230 2 -18837 -27918
0 37 231 2 6458 -12708
0 37 232 2 13650 5296
0 37 233 2 40097 19955
0 37 234 2 13614 7654
0 37 235 2 -1302 -33205
0 37 236 2 27496 -19852
0 37 237 2 25859 -20030
0 37 238 2 -39850 -21945
0 37 239 2 -39636 -18274
0 37 240 2 -868 -32413
0 37 241 2 19757 25122
0 37 242 2 32766 -349
0 37 243 2 -17689 37668
0 37 244 2 -17016 41375
0 37 245 2 12960 3676
0 37 246 2 -26091 19362
0 37 247 2 -22385 -25975
0 37 248 2 -370 33233
0 37 249 2 26138 -21090
0 37 250 2 -14854 -4936
0 37 251 2 786 32652
0 37 252 2 40181 18106
0 37 253 2 -8381 16133
0 37 254 2 15049 6859
0 37 255 2 31929 -12226
0 38 0 2 1453 144
0 38 1 2 29518 -13166
0 38 2 2 -20392 -23370
0 38 3 2 -24823 22371
0 38 4 2 1342 31914
0 38 5 2 -351 -32668
0 38 6 2 -19297 -24929
0 38 7 2 -11565 -7046
0 38 8 2 -19858 -27080
0 38 9 2 33850 -1491
0 38 10 2 -30674 -181
0 38 11 2 -25697 19880
0 38 12 2 -17345 41284
0 38 13 2 -3836 -30008
0 38 14 2 12382 6524
0 38 15 2 -4779 13541
0 38 16 2 38303 17403
0 38 17 2 40816 17049
0 38 18 2 -21663 -23796
0 38 19 2 842 30531
0 38 20 2 2081 33454
0 38 21 2 -34598 879
0 38 22 2 -15691 -5800
0 38 23 2 14291 4643
0 38 24 2 -1947 -33363
0 38 25 2 -40202 -18996
0 38 26 2 15196 -39648
0 38 27 2 11582 6643
0 38 28 2 22978 24605
0 38 29 2 -972 -30952
0 38 30 2 20413 23937
0 38 31 2 39763 17018
0 38 32 2 -30730 2345
0 38 33 2 29399 -11333
0 38 34 2 22764 24149
0 38 35 2 25488 -19477
0 38 36 2 -37704 -20327
0 38 37 2 -38803 -19481
0 38 38 2 -17757 38803
0 38 39 2 -6069 12841
0 38 40 2 -25587 21744
0 38 41 2 -26039 21574
0 38 42 2 24471 -19648
0 38 43 2 18244 -40487
0 38 44 2 -5104 14409
0 38 45 2 7280 -13061
0 38 46 2 -3418 -33789
0 38 47 2 26396 -21532
0 38 48 2 3801 32367
0 38 49 2 -22815 -25686
0 38 50 2 -39681 -19233
0 38 51 2 22185 23757
0 38 52 2 -26680 22525
0 38 53 2 19601 25198
0 38 54 2 17958 -38529
0 38 55 2 -15579 43614
0 38 56 2 -2534 -34138
0 38 57 2 -32721 2157
0 38 58 2 20031 24466
0 38 59 2 13529 3322
0 38 60 2 32791 -907
0 38 61 2 736 32224
0 38 62 2 32747 -2864
0 38 63 2 17127 -39085
0 38 64 2 21988 24707
0 38 65 2 31096 -10928
0 38 66 2 23199 24953
0 38 67 2 24612 -20979
0 38 68 2 41993 17800
0 38 69 2 -13123 -5670
0 38 70 2 -33163 1366
0 38 71 2 34125 2283
0 38 72 2 12406 6292
0 38 73 2 30822 -398
0 38 74 2 24680 -19313
0 38 75 2 -2995 -33540
0 38 76 2 14216 5986
0 38 77 2 -6575 14459
0 38 78 2 40569 16723
0 38 79 2 41745 16600
0 38 80 2 -5136 14223
0 38 81 2 14459 5768
0 38 82 2 -21927 -24428
0 38 83 2 17735 26105
0 38 84 2 -14037 -6087
0 38 85 2 11762 4774
0 38 86 2 1600 32276
0 38 87 2 1791 33971
0 38 88 2 -33783 2419
0 38 89 2 -10942 -5992
0 38 90 2 -33785 3987
0 38 91 2 -14243 -5774
0 38 92 2 33110 -1008
0 38 93 2 18788 22171
0 38 94 2 13620 5535
0 38 95 2 -25344 19555
0 38 96 2 41749 19024
0 38 97 2 31902 -11022
0 38 98 2 -32210 -43
0 38 99 2 16498 -41865
0 38 100 2 -17497 38689
0 38 101 2 -13906 -7211
0 38 102 2 -41541 -18646
0 38 103 2 11878 5966
0 38 104 2 30051 -3434
0 38 105 2 39291 14328
0 38 106 2 -2038 33713
0 38 107 2 23770 -21338
0 38 108 2 24283 -21679
0 38 109 2 -917 30710
0 38 110 2 18893 -39790
0 38 111 2 4115 -12312
0 38 112 2 -762 -31595
0 38 113 2 566 67
0 38 114 2 -302 -254
0 38 115 2 1372 -120
0 38 116 2 -889 833
0 38 117 2 -1167 -800
0 38 118 2 -557 137
0 38 119 2 -1977 597
0 38 120 2 -861 411
0 38 121 2 1279 -129
0 38 122 2 2062 -1790
0 38 123 2 -1567 748
0 38 124 2 -314 -346
0 38 125 2 -895 231
0 38 126 2 1422 637
0 38 127 2 -598 -823
0 38 128 2 -358 -737
0 38 129 2 659 2485
0 38 130 2 1527 971
0 38 131 2 -251 -103
0 38 132 2 -19 325
0 38 133 2 -93 1
0 38 134 2 1320 1716
0 38 135 2 -6 -43
0 38 136 2 126 -787
0 38 137 2 -131 -1852
0 38 138 2 -736 -307
0 38 139 2 1537 -1797
0 38 140 2 -905 -1888
0 38 141 2 -91 -124
0 38 142 2 -486 -1140
0 38 143 2 -2615 856
0 38 144 2 5083 -12556
0 38 145 2 39826 17423
0 38 146 2 -18399 39654
0 38 147 2 -41765 -17213
0 38 148 2 20211 24763
0 38 149 2 -12486 -3123
0 38 150 2 -10488 -7394
0 38 151 2 -40720 -20871
0 38 152 2 -18136 40760
0 38 153 2 31759 -1710
0 38 154 2 4502 -12825
0 38 155 2 34070 -390
0 38 156 2 -33988 -191
0 38 157 2 -917 -32774
0 38 158 2 987 33558
0 38 159 2 31122 -12143
0 38 160 2 -1915 -32143
0 38 161 2 7105 -13062
0 38 162 2 24665 -20303
0 38 163 2 32414 -2576
0 38 164 2 -16972 38816
0 38 165 2 -1906 -32934
0 38 166 2 2366 33757
0 38 167 2 16412 -39409
0 38 168 2 -17583 38384
0 38 169 2 -10840 -5669
0 38 170 2 -24361 20929
0 38 171 2 31086 -493
0 38 172 2 -22372 -24788
0 38 173 2 -15700 37459
0 38 174 2 -17107 39238
0 38 175 2 1201 31688
0 38 176 2 11766 6813
0 38 177 2 -14267 -3761
0 38 178 2 32281 -1979
0 38 179 2 13757 5784
0 38 180 2 -17675 41502
0 38 181 2 -12778 -6436
0 38 182 2 19175 26089
0 38 183 2 32805 248
0 38 184 2 23115 24989
0 38 185 2 -16937 40876
0 38 186 2 -41606 -14282
0 38 187 2 -6674 15113
0 38 188 2 41719 20019
0 38 189 2 -38272 -18154
0 38 190 2 12851 7751
0 38 191 2 31813 -12336
0 38 192 2 15154 5227
0 38 193 2 -12521 -5373
0 38 194 2 -21251 -24430
0 38 195 2 17456 -40146
0 38 196 2 -13369 -5757
0 38 197 2 13879 6017
0 38 198 2 18990 24731
0 38 199 2 -6604 12394
0 38 200 2 -14563 -6124
0 38 201 2 3102 32718
0 38 202 2 31355 -1413
0 38 203 2 -4345 13136
0 38 204 2 24623 -21694
0 38 205 2 -6116 15147
0 38 206 2 25432 -21483
0 38 207 2 -12062 -4530
0 38 208 2 20301 25345
0 38 209 2 -13260 -4821
0 38 210 2 -7124 14595
0 38 211 2 -19700 -24052
0 38 212 2 19872 -41282
0 38 213 2 40134 17467
0 38 214 2 -13971 -5618
0 38 215 2 -21261 -25033
0 38 216 2 -7305 12429
0 38 217 2 11631 5036
0 38 218 2 32790 -2239
0 38 219 2 -6405 11667
0 38 220 2 33049 -1997
0 38 221 2 21551 26468
0 38 222 2 -24704 19105
0 38 223 2 31964 -12450
0 38 224 2 -26371 19577
0 38 225 2 17971 -38496
0 38 226 2 19226 -39099
0 38 227 2 -1734 -33526
0 38 228 2 -27254 19998
0 38 229 2 12049 4824
0 38 230 2 26739 -18508
0 38 231 2 -2990 12044
0 38 232 2 20176 26180
0 38 233 2 19938 26434
0 38 234 2 -40309 -16027
0 38 235 2 -11100 -6534
0 38 236 2 6277 -14834
0 38 237 2 -38409 -14680
0 38 238 2 32687 -19
0 38 239 2 -41538 -19285
0 38 240 2 -19030 -24961
0 38 241 2 12378 4791
0 38 242 2 12836 5410
0 38 243 2 12851 5044
0 38 244 2 -34998 2318
0 38 245 2 33615 -1989
0 38 246 2 25367 -21312
0 38 247 2 -26465 18549
0 38 248 2 19262 -39404
0 38 249 2 8979 -13485
0 38 250 2 -24276 20140
0 38 251 2 38724 18946
0 38 252 2 -25787 21621
0 38 253 2 -31712 1793
0 38 254 2 -12591 -6143
0 38 255 2 30209 -12111
0 39 0 2 612 316
0 39 1 2 29885 -13162
0 39 2 2 3773 -11329
0 39 3 2 5138 32057
0 39 4 2 23632 22518
0 39 5 2 -4011 -32498
0 39 6 2 -13744 43466
0 39 7 2 41083 14095
0 39 8 2 -40701 -14065
0 39 9 2 23290 23947
0 39 10 2 -12886 42199
0 39 11 2 7724 -14205
0 39 12 2 -22971 -24531
0 39 13 2 23917 -23317
0 39 14 2 -15644 39310
0 39 15 2 15130 4880
0 39 16 2 -42218 -13796
0 39 17 2 5297 -14181
0 39 18 2 -22661 -27158
0 39 19 2 -15180 -4130
0 39 20 2 -32243 3113
0 39 21 2 -4302 12648
0 39 22 2 -4883 -32011
0 39 23 2 -41342 -12904
0 39 24 2 -31647 3796
0 39 25 2 -20867 23878
0 39 26 2 -16281 41999
0 39 27 2 -32532 4556
0 39 28 2 -5414 -32723
0 39 29 2 -23752 -23099
0 39 30 2 31080 -3588
0 39 31 2 -23890 24980
0 39 32 2 -25019 -23089
0 39 33 2 29018 -14540
0 39 34 2 -3944 -32946
0 39 35 2 -4028 -33659
0 39 36 2 15879 -40746
0 39 37 2 23745 23886
0 39 38 2 24308 22513
0 39 39 2 23956 -19528
0 39 40 2 -21498 -24517
0 39 41 2 -3419 -33557
0 39 42 2 -23365 -24195
0 39 43 2 -6249 13580
0 39 44 2 -22539 22385
0 39 45 2 4970 33743
0 39 46 2 12914 -41941
0 39 47 2 32924 -3331
0 39 48 2 40867 14083
0 39 49 2 -13228 -3474
0 39 50 2 -43619 -15138
0 39 51 2 -15326 -4555
0 39 52 2 20957 24016
0 39 53 2 -5928 14383
0 39 54 2 22518 21760
0 39 55 2 6472 -13304
0 39 56 2 -6306 12151
0 39 57 2 23947 21815
0 39 58 2 -5554 16682
0 39 59 2 -14793 40424
0 39 60 2 23945 24465
0 39 61 2 -30398 4182
0 39 62 2 15542 -41211
0 39 63 2 3170 32689
0 39 64 2 -21157 -24612
0 39 65 2 29759 -13416
0 39 66 2 33347 -4048
0 39 67 2 12473 -43190
0 39 68 2 -3396 -30176
0 39 69 2 43797 12713
0 39 70 2 -41126 -13425
0 39 71 2 15170 3343
0 39 72 2 -4716 -33427
0 39 73 2 -16328 37994
0 39 74 2 -31673 5137
0 39 75 2 -15053 -3128
0 39 76 2 33814 -4662
0 39 77 2 -39671 -14253
0 39 78 2 30739 -5388
0 39 79 2 16202 -40557
0 39 80 2 -13212 -7079
0 39 81 2 15518 -41502
0 39 82 2 3965 32008
0 39 83 2 -38953 -15690
0 39 84 2 22838 -24136
0 39 85 2 -4759 10288
0 39 86 2 40667 12379
0 39 87 2 13669 3241
0 39 88 2 -16243 -5392
0 39 89 2 797 32828
0 39 90 2 -13309 42351
0 39 91 2 -14274 -3840
0 39 92 2 -14677 39973
0 39 93 2 32725 -7389
0 39 94 2 -17582 42079
0 39 95 2 -14983 40149
0 39 96 2 -32633 3776
0 39 97 2 29403 -12874
0 39 98 2 -23026 -21724
0 39 99 2 14743 -41415
0 39 100 2 -3938 -32950
0 39 101 2 -25160 23739
0 39 102 2 -15845 41611
0 39 103 2 24123 -22496
0 39 104 2 21731 22952
0 39 105 2 24615 -23828
0 39 106 2 40465 15900
0 39 107 2 31458 -3180
0 39 108 2 14461 -41761
0 39 109 2 -22120 22926
0 39 110 2 24044 25518
0 39 111 2 3699 -13387
0 39 112 2 -20922 24452
0 39 113 2 -2 -926
0 39 114 2 -1305 -2426
0 39 115 2 -1332 1340
0 39 116 2 804 958
0 39 117 2 1619 646
0 39 118 2 -560 585
0 39 119 2 972 -433
0 39 120 2 1941 911
0 39 121 2 -209 -1274
0 39 122 2 1806 -77
0 39 123 2 2038 1049
0 39 124 2 1567 77
0 39 125 2 -410 -1844
0 39 126 2 -494 222
0 39 127 2 679 -742
0 39 128 2 -615 -786
0 39 129 2 1443 1254
0 39 130 2 1481 1146
0 39 131 2 -567 696
0 39 132 2 -165 -2026
0 39 133 2 -463 2271
0 39 134 2 -916 564
0 39 135 2 171 1594
0 39 136 2 -1076 931
0 39 137 2 -5 298
0 39 138 2 -1374 1519
0 39 139 2 2108 -1577
0 39 140 2 -261 1058
0 39 141 2 1367 2134
0 39 142 2 328 -321
0 39 143 2 382 -499
0 39 144 2 -13457 41610
0 39 145 2 -15268 39876
0 39 146 2 -15316 -5440
0 39 147 2 10741 -41824
0 39 148 2 -41246 -14919
0 39 149 2 16524 -40848
0 39 150 2 30836 -3981
0 39 151 2 14421 6332
0 39 152 2 40147 15267
0 39 153 2 -1840 13050
0 39 154 2 -23838 19821
0 39 155 2 -4336 11975
0 39 156 2 3797 33895
0 39 157 2 -3496 14289
0 39 158 2 14397 -42463
0 39 159 2 30255 -15332
0 39 160 2 -6772 -33060
0 39 161 2 -22878 -23633
0 39 162 2 -3917 12859
0 39 163 2 -41276 -13994
0 39 164 2 -33732 5519
0 39 165 2 -22866 20554
0 39 166 2 11633 4569
0 39 167 2 -15227 41048
0 39 168 2 -31275 4502
0 39 169 2 -30730 1850
0 39 170 2 43327 14587
0 39 171 2 -14328 -4524
0 39 172 2 3907 32583
0 39 173 2 -41695 -14377
0 39 174 2 14938 2879
0 39 175 2 11822 6223
0 39 176 2 15844 -39772
0 39 177 2 -21563 -21262
0 39 178 2 -2804 -34381
0 39 179 2 -3762 -33725
0 39 180 2 4267 34519
0 39 181 2 -1064 15693
0 39 182 2 14982 -41315
0 39 183 2 -4781 -32982
0 39 184 2 -23527 -23523
0 39 185 2 -4733 14525
0 39 186 2 21971 25773
0 39 187 2 5406 32895
0 39 188 2 13620 5153
0 39 189 2 13112 -40637
0 39 190 2 32187 -3750
0 39 191 2 29904 -15928
0 39 192 2 -11951 -5353
0 39 193 2 -13909 41713
0 39 194 2 41721 16052
0 39 195 2 -4441 -33747
0 39 196 2 23811 24280
0 39 197 2 -25498 19996
0 39 198 2 -42951 -12703
0 39 199 2 -14865 40977
0 39 200 2 22335 23494
0 39 201 2 15312 6500
0 39 202 2 -14017 41831
0 39 203 2 -21890 -24003
0 39 204 2 -24383 22703
0 39 205 2 24256 22800
0 39 206 2 -42049 -13073
0 39 207 2 2547 -12730
0 39 208 2 -3612 -31846
0 39 209 2 -6350 14247
0 39 210 2 -14267 41772
0 39 211 2 -13796 41951
0 39 212 2 -14442 39730
0 39 213 2 4802 -12521
0 39 214 2 41390 15076
0 39 215 2 7348 -14182
0 39 216 2 -23022 -22617
0 39 217 2 -42834 -13497
0 39 218 2 25291 22244
0 39 219 2 7071 -11869
0 39 220 2 -5272 15099
0 39 221 2 25125 24334
0 39 222 2 -23578 -21845
0 39 223 2 29971 -15576
0 39 224 2 13801 -41966
0 39 225 2 31186 -2187
0 39 226 2 15615 -41023
0 39 227 2 -14573 40300
0 39 228 2 -44229 -12912
0 39 229 2 14714 7408
0 39 230 2 35174 -3487
0 39 231 2 -20536 -23390
0 39 232 2 -31974 6777
0 39 233 2 30010 -4454
0 39 234 2 43548 15295
0 39 235 2 24266 -23669
0 39 236 2 -40080 -14936
0 39 237 2 -20196 -25136
0 39 238 2 22626 23072
0 39 239 2 -5198 -33837
0 39 240 2 -39857 -15532
0 39 241 2 -41620 -14225
0 39 242 2 5868 -13625
0 39 243 2 -11750 -4173
0 39 244 2 31250 -3221
0 39 245 2 13431 -38944
0 39 246 2 6498 -13985
0 39 247 2 -33109 5326
0 39 248 2 -29636 3590
0 39 249 2 12829 6314
0 39 250 2 4131 -12466
0 39 251 2 -4388 -32057
0 39 252 2 24326 23587
0 39 253 2 3718 33971
0 39 254 2 22807 23716
0 39 255 2 30913 -14115
