0.0107233105 0.0132761942
0.00421535736 0.02284001
-0.00112484803 0.00462550903
-0.0449430756 -0.00908560492
0.0083594704 0.00983291306
-0.0412155911 0.00830761064
0.0176265035 0.0167612396
0.0117538366 -0.0134372786
0.016079599 0.0112253176
0.0160752963 -0.0381385423
0.00576902973 0.017557865
-0.0103685223 -0.000849969103
-0.00597811397 0.0232016779
0.0292225499 0.00560630113
-0.0113116521 0.0200632866
-0.00446060346 0.0272607412
-0.0140079092 -0.0226595905
-0.00998342037 -0.0257976353
-0.00597083196 0.0169138983
0.00495564053 0.00928005856
-0.00566312624 -0.0169484038
-0.0068511595 -0.0118647646
-0.0119287679 -0.0125434371
0.00171158463 0.0112536354
-0.0260007158 -0.0226665512
0.00107691681 -0.0273871794
0.0254136473 -0.00909697823
-0.01481984 -0.0172511321
-0.000906100322 0.00982872304
0.0545822941 0.00762264896
-0.0191789567 -0.0213235281
-0.0314555243 0.011598222
-0.00831444841 0.0137221701
0.0350382216 -0.00504802493
0.0394961275 -0.0157661792
-0.0234757327 -0.0276985671
0.0110320058 0.00538640888
-1.36749077e-06 0.025158152
-0.0114788739 0.0206373278
-0.0377390757 0.00730721373
0.0196525548 0.053889174
-0.0165873077 -0.0234164372
0.0057339645 0.0153037775
0.00164148409 -0.0131827658
0.0362120904 0.00858821534
0.0228468198 -0.0124220606
-0.0223652497 -0.00630260259
-0.00514712324 0.0136458017
0.0202136543 -0.0255444422
-0.0257838853 -0.0112974141
-0.00750320684 -0.0209639203
0.00438728184 0.00485013565
-0.0313625 0.00887548644
-0.0240084715 0.0123297293
-0.0328698345 -0.0308085419
0.00571246026 -0.0285633933
-0.0109088616 0.00474695861
0.0179820489 0.00317482883
0.00231034472 -0.0188882332
0.0110699534 0.00302698649
-0.00165066135 0.00502488622
0.0146270804 -0.00909141265
-0.00233740127 0.0564885139
-0.0189363547 -0.0167748854
0.0227974076 0.0208303761
0.018989481 0.000873606361
0.0439209677 0.00206133141
-0.00264057168 -0.0180492159
-0.0111875376 -0.00805049762
-0.0280105248 -0.00556296343
-0.0747374296 -0.00969123002
-0.0254261922 0.00975116715
0.0093387058 0.0140970564
-0.0171796754 0.00227398798
-0.0503868349 0.0130915279
0.0118230022 -0.00465649785
-0.0113595035 -0.0149061922
-0.00689412002 -0.01399823
-0.00823035464 -0.0177057385
-0.00253945962 -0.00944479089
0.00925317593 -0.00748021156
-0.0336694568 0.00645645615
-0.00434173038 -0.00770376949
-0.0100222407 0.0207210127
0.0219048746 0.0159197841
-0.0200449154 -0.00269563356
0.0319291092 -0.0233108513
0.0117813507 0.000477435911
0.0314542092 0.0042530736
-0.0137664368 0.0131129855
0.015496728 0.0145065431
0.00695142383 0.00994517002
-0.0291058142 0.00873104949
-0.00518773403 0.0146662528
-0.00908695813 0.0347612053
-0.0187468976 0.0022134874
-0.0148253683 -0.00692366343
-0.0282368828 0.0354639031
-0.00918125361 0.013455011
0.00662556803 -0.0157446023
-0.0151034715 0.000764569384
-0.0302075073 -0.00941870362
0.0199943744 0.0273972917
-0.00702646142 -0.0163502637
0.000638610218 -0.0107638231
-0.00433766004 -0.0196086057
-0.010158198 -0.0306777507
0.0114982203 0.0161952246
-0.00981597695 -0.0440827422
0.000439099822 0.0112953866
-0.0279215984 -0.0081623923
-0.031995818 0.0218050573
-0.00751585234 -0.00326669845
0.0367486998 0.0264830217
0.00320088305 0.0286743753
0.037126258 0.0321639627
0.00861701369 0.0133234439
0.00864503346 0.012914394
-0.0114755072 0.014960004
1.70348376e-05 -0.0396853499
0.034260042 0.0401763469
0.0229826663 -0.000842989481
-0.0120995361 -0.00326664955
-0.0091866022 0.0067994073
0.0257688258 0.01277343
-0.00999443978 0.00135083054
0.0180066228 -0.0148486272
-0.0175175387 -0.00929884706
0.0118701225 0.0247585457
0.0295380186 0.00365805463
0.016266223 -0.00650516804
0.00491403835 -0.0155859431
0.00296607031 -0.0193807278
-0.00151969062 -0.00938189775
-0.000531939906 0.0066282819
0.0228497591 8.703204e-06
0.0227325354 -0.0281162187
0.00814530347 -0.0183513891
-0.0239022411 -0.038346108
-0.010072167 -0.0015154779
0.00559566822 0.0126304384
0.00089817401 0.00741741201
-0.0266470332 0.0310343709
0.0129899047 -0.00869232975
0.0498952419 0.0348705202
-0.0234600119 -0.0227280091
0.00117542676 0.00435214629
0.03150592 -0.00768589601
-0.00811254978 0.00160319963
-0.00806919765 0.0116185201
0.00350016518 -0.0148584554
0.011546405 -0.0385081731
-0.00769653218 -0.0188598856
0.0191570036 -0.0112224761
-0.0366607234 -0.0180624165
0.0122351004 0.0316909999
0.00727832457 -0.00871465262
-0.00284253736 -0.0158393588
0.00730677275 0.0133735836
0.000847588701 0.00529389968
0.0258946922 -0.00765358191
-0.00878093671 -0.0109796189
-0.000935172022 0.00854018331
-0.0269789957 0.00514328666
-0.0220056903 0.0129174087
-0.00481406925 0.00904770754
-0.0297919847 -0.023359878
-0.0166612137 0.0148389703
-0.0251526199 -0.0343411155
-0.00904958043 -0.0320959277
0.00283909729 -0.0346094295
0.0184507594 -0.00982518774
-0.0382135473 0.0362100564
-0.00384035171 -0.00260870089
0.0167836379 -0.000129563792
0.0268629156 -0.00654059835
0.0268448126 0.0244540535
-0.027151892 -0.0385367759
-0.0100409426 0.00551166805
0.0107329329 0.0119045638
0.0176945031 0.0291975755
0.00546670193 1.23376867e-05
0.00524680084 -0.00565513456
0.00480703358 -0.00761981215
-0.0142827397 -0.0336787924
0.00323723047 -0.00625233725
0.0157319978 0.000747074664
-0.00672214152 0.00834487937
0.0224682949 0.0148689141
-0.0545734949 -0.0288733989
-0.00594153674 -0.0213536192
0.032827884 0.00719038537
0.0174139868 -0.0261381939
0.027324412 0.0363766737
0.0033825608 -0.0296407361
-0.0228232946 -0.0045528207
-0.00957332645 -0.0171794891
0.0292594675 0.0132195381
-0.0353059731 -0.015690485
-0.0185511652 0.00338974455
-0.0767583624 -0.0350057706
-0.0393808745 0.00154437276
-0.0276956726 -0.0381306745
0.035936743 0.00749635743
-0.0231269635 0.0754082575
-0.0124612963 -0.0731657818
0.0592987314 -0.0426386409
0.0376084708 -0.0108256778
0.0307081472 -0.0857753605
-0.0440678783 0.0271853097
-0.0396316983 -0.0263005681
0.0409773961 -0.00770906638
0.0275967587 -0.0290073082
-0.00272424263 0.0725260153
0.0574528165 0.0389473438
-0.0294200964 -0.0183385126
-0.00690202788 0.0230878163
-0.029199075 0.0458295792
0.0190356579 0.0100326706
0.0145209553 -0.0244010184
0.00979564991 -0.0202732217
0.0394667536 0.0833638087
0.0167391039 0.0384783484
0.00798344519 0.0327728353
-0.012601628 0.0154589163
0.01281357 0.0206984729
0.0707662106 -0.00918852817
-0.0565228574 0.0720529854
0.0210034475 0.0328754485
-0.0133037055 -0.00126469554
0.0578775927 0.0227032527
0.00866736472 -0.022434758
-0.00510007329 -0.0270508118
0.036642503 0.0289620068
-0.0659866557 0.00606149994
-0.0844980329 0.0302811265
0.00793108251 -0.0358309448
0.00200541457 -0.0311767105
0.00815539621 0.0402598381
-0.0131625254 0.0386112556
-0.00658498378 -0.00694558583
0.034663748 0.0416570939
0.0177912116 -0.0297059212
0.00232953602 -0.0231320076
-0.018377196 -0.0497654863
0.0489754193 0.0225175899
0.0506244674 0.00628130604
0.00555537781 -0.0584155023
-0.0253009237 -0.00501499744
0.0189095009 0.0369268209
0.0342022702 0.0113398498
0.000671660004 -0.00960004516
0.0571444966 0.0522521213
-0.0392129011 0.030670939
-0.0310948789 -0.0276683867
0.0303335357 -0.00508649228
-0.0315892734 -0.0538038947
-0.0297823586 0.0050012283
0.0499645695 -0.0860966519
-0.00466562249 -0.0267111827
-0.0607549027 -0.0406076647
-0.0253074933 -0.00851659942
-0.0288792606 0.0394665077
-0.0516853929 0.0490905046
0.0168199651 -0.0128110303
0.0149129732 0.0300566982
-0.029849384 -0.0304134451
-0.0554022714 -0.0186719354
-0.00688770087 -0.025964722
-0.0473538674 -0.0154304272
0.0119879935 0.0172196422
0.0957541466 -0.00217569596
-0.0309485532 0.026675472
-0.0134135168 -0.0400979519
-0.0187355634 0.0477098823
0.00707917893 -0.059297014
-0.0813397318 -0.0103266779
-0.045220919 0.00868756603
-0.00149406632 0.121094413
0.0200996082 0.00653091632
0.0401052758 -0.00151644868
-0.038215749 -0.00423561409
0.0571803674 0.055541303
-0.029090941 0.0704086497
0.0631518587 0.0430155396
-0.00962740555 0.0276787821
-0.016993124 0.0596028902
-0.0130288545 -0.00886023603
0.00853904057 -0.0336791873
-0.00583214452 -0.0249191225
-0.0477356091 -0.00513079669
-0.0467676334 -0.0496163219
0.0281169936 -0.0446794704
-0.047227852 -0.00401876681
-0.0584800504 -0.000795040745
0.0114629325 0.0318204425
0.0383045562 -0.0116796913
0.00478600664 -0.0473794714
0.0334875323 -0.032210052
0.0843965709 -0.0042533013
-0.0367698744 0.0654217824
-0.0168843046 0.00281138648
-0.0388158895 -0.019696407
-0.0368079916 0.0148953917
-0.00958525296 0.0138813518
-0.00872005243 0.0142783457
-0.0142980581 -0.00778861996
0.0204376765 0.0365755148
0.0115160868 0.0023876701
0.0610685796 -0.0101736672
0.0203171037 0.0120700523
0.0293420851 -0.00798071362
-0.00654728152 -0.0607672445
-0.0630049184 -0.0212767515
-0.0178203657 6.49655703e-05
-0.0145274419 0.0121014416
0.0175135396 0.0552692339
0.000151694345 -0.0148813846
0.0132671073 -0.0588039495
0.019145783 0.00699416548
-0.0123973591 -0.0239482652
-0.00367227336 0.0161616914
-0.0139463646 -0.0339649841
-0.0154382205 0.0277227443
-0.0285828747 -0.0474931896
0.00286568794 -0.0323227532
0.0264261048 0.0661932677
0.00236454001 0.0436949357
-0.0463779271 -0.0205563288
-0.0143194543 0.00311999721
-0.0166245028 -0.045466952
0.0733858347 0.0331212021
-0.0176529679 0.0993046761
-0.0590723976 -0.0433394611
0.0790151209 -0.0183199365
0.045265615 0.00697180582
0.0364161395 -0.0934581012
-0.00511085847 -0.0186374914
-0.0870293304 -0.00800645817
0.0118902074 -0.0156545527
0.0326270796 -0.0553481504
0.0227994006 0.0422557369
0.0424893312 0.0469925664
0.00583329145 0.00616892194
0.017345883 0.00375206931
0.00639280351 0.0603290312
0.0264569186 0.0352008976
-0.0318693668 0.0318028219
-0.0155361379 -0.0358958356
-0.00935463328 0.0755445957
-0.00884417258 0.0309172831
0.00340823852 0.058516942
-0.0317923836 0.0684234351
0.0269410685 0.0556280352
0.0536712296 -0.0405199602
-0.0510797575 0.0504466854
-0.0141546307 0.0170857087
0.0102468347 -0.0192306433
0.059775766 0.0163580291
0.0134425787 -0.0342610851
-0.00966032594 -0.0368948653
0.00774032669 0.00729543995
-0.0536393784 0.0203997511
-0.0959341973 0.0784631595
-0.0224774256 0.00353647675
0.0133610172 -0.0470229425
0.0324892364 -0.00562572293
0.0105267297 -0.000361229817
0.0194673631 0.0523667783
0.0283218566 0.0413319059
-0.00776368985 -0.00428142399
0.017532194 -0.0439104065
-0.0232261736 -0.00493766321
0.0276535116 0.0216916017
-0.006672143 -0.0313507169
-0.000989660737 -0.0167933367
-0.0323517658 -0.028221203
0.050278537 0.0239208788
-0.0368896313 0.000203546617
-0.000286239694 -0.0122061707
0.0291096754 0.0388361104
-0.0640113354 -0.00311079877
-0.001829852 0.000907653128
-0.00191671646 0.00243593776
-0.0547368005 -0.0255508497
-0.0119759347 0.00772826839
0.0563637465 -0.0731533617
0.0201233737 -0.0174577031
-0.0364543274 -0.0318165757
-0.0361464359 0.0186565444
-0.00648851087 0.0641901791
-0.0971035585 0.0563396066
0.00452880375 -0.00294038537
0.0392520986 -0.000885266345
0.0214495249 -0.0401334912
-0.0596279167 -0.0555861965
-0.00845819525 0.00640677242
-0.0544634946 0.0128618218
0.0151636219 -0.0168923941
0.0345575921 0.0305693988
-0.0366650671 0.0661810637
0.0154409157 -0.0694561824
-0.0523815081 0.0648565963
0.00888739061 -0.0446991362
-0.0567078814 -0.0430456586
-0.0205187816 -0.0155457463
-0.0301901381 0.106944986
-0.00350646023 0.0124744866
0.0290975478 -0.0531976372
-0.0745108575 -0.0206796601
0.0181517582 0.0181077551
-0.0650962889 0.0922787935
0.0319399796 0.0274625514
0.0242006332 0.0144486204
-0.00553000998 0.0490700342
-0.0150592867 -0.00340672862
-0.00046912898 -0.0353320539
-0.0366053395 -0.0508902632
0.0373527482 0.0552983172
-0.0311010834 -0.0784366205
-0.0121379541 -0.0131562287
-0.0412707031 0.0323422439
-0.0344648585 0.0188415293
-0.023109898 0.0659310967
-0.00521602482 -0.0467693396
0.00375630963 -0.014711854
0.035313759 0.00188265718
0.0662268922 -0.0178394783
-0.0147939194 0.088222675
-0.0210780464 0.0844523311
0.00443847477 -0.04723363
-0.0745964125 0.0305077117
-0.0377479345 0.0140630715
-0.0261542667 0.00928349793
-0.0116634984 -0.00706416788
0.016760394 0.0226093102
0.0399847478 0.0240875222
0.0341378376 0.0020368218
0.0362791754 0.0105597293
0.0428624824 0.0030401547
0.0335233957 -0.0378222093
-0.0393854491 0.000815629377
0.0397673286 0.0620635524
-0.0570218004 0.0379298888
0.00832672976 0.0528900661
0.0204918906 -0.0288169198
0.0234420672 -0.0418061465
0.0534213558 0.020891536
-0.0057798028 -0.063300468
0.00491788844 -0.0234863404
-0.0231788736 -0.0479415655
0.000544302166 0.0213380922
0.00898689963 -0.0191884488
0.0109057212 0.016133083
0.0146906599 0.0161150694
-0.00284101674 0.0350910649
-0.00612063799 -0.0307722185
0.00619713822 0.0385051183
-0.0143973567 -0.0313389339
-0.0034123892 -0.0390465334
0.0798629299 -0.0424606577
-0.0465623513 -0.0296735764
-0.10995172 0.00609116163
0.0945223719 0.0229471587
0.0350232571 -0.0380901583
-0.0356798917 -0.0812615603
0.0467406549 -0.00171742949
0.0010264134 0.0777970925
0.0313048027 -0.0157726388
0.0112252375 -0.0230164509
-0.0215465985 0.0337892547
-0.00413660845 0.0564849414
-0.0160101615 -0.0428666808
0.0287369583 -0.00055886159
0.0277997553 0.0121324044
-0.0459472053 0.0262666661
-0.0267662182 -0.0112768728
-0.0164973829 0.0167241134
-0.0026396988 -0.0443261936
-0.0141545143 -0.0878892019
0.080989331 -0.0101761231
0.00047582353 0.000690086861
-0.00590938283 0.0031127336
0.0106185684 0.0572362654
0.0352088846 -0.0299016405
0.010523865 0.0472449698
-0.00506189559 -0.015587613
0.0309001394 0.0280902628
0.0238412321 0.0659650341
0.023532046 0.0190747064
0.0196354035 0.0938426852
-0.0565297864 0.00687186792
-0.0255186055 -0.04861743
0.0647193268 -0.0401354097
0.0373286046 -0.0385373197
0.0353077874 0.0485280864
0.0825300366 0.0501118414
-0.00598091632 -0.0868531689
-0.030532131 -0.0546784587
-0.0219942052 -0.0220870748
-0.0396714918 -0.0301240813
-0.00347598409 0.0153126735
-0.0307540558 0.0118285846
-0.00977476407 -0.0546332486
0.0777413175 -0.0556179695
-0.020451352 0.0278043002
-0.100473747 -0.0487345308
-0.00629383605 -0.102427751
-0.0205348097 0.0205603261
0.0569640063 0.00323398015
0.0160742179 -0.033668384
0.0378793292 0.0216461644
0.0348506384 -0.0502952561
-0.0560693406 0.0936523005
0.00295194937 -0.0103134792
0.100918755 -0.105035596
-0.0115465941 0.0226696171
-0.0563303381 0.0832104608
-0.0606984645 0.000751496933
-0.0155176353 -0.0391467065
0.124730065 -0.0962306634
0.0305336434 -0.00194970868
-0.00593882008 0.0616072044
0.0672434494 0.0119582657
-0.00305207213 0.017420372
0.0745138824 0.0217724498
0.00940891728 -0.0484878644
0.0316699892 -0.0140560828
0.10854689 0.00724746753
0.00182513846 0.0163347591
-0.0637696162 -0.00394084677
0.0355657712 0.0026581923
0.0913444832 -0.0383492634
0.0255779773 -0.121766672
0.0604770593 -0.0508001968
-0.00518443063 0.0170480758
-0.0429961793 -0.0343233421
-0.0609709397 7.78802714e-05
0.00176990684 0.028563045
0.0104686739 0.0943991169
-0.0747230127 -0.0284562111
0.0499951281 -0.0265977345
-0.0292936713 0.0136505393
-0.0819809362 0.0102756843
-0.0985209197 0.0275889914
-0.0483355895 0.0265590213
0.133667976 0.00452088611
0.026367614 0.0142628811
0.0299287196 0.0261904225
0.0255013239 0.0127664059
-0.0216514729 0.0660636202
0.0396645293 0.043998532
-0.0555823371 -0.0609772056
0.00128097774 0.0269647278
0.10849537 0.0248691514
0.0389379114 -0.00668008439
0.040013779 -0.0439257808
0.00554723805 -0.0158492289
-0.0225872863 -0.0118915327
0.0558261685 0.0376833454
0.0156625975 0.119025424
-0.117417134 0.0341591351
-0.0249071401 0.062627539
-0.0181749593 -0.0183612853
-0.0327781811 -0.00584243657
-0.014581902 0.0629485697
-0.0285489764 0.0155667337
-0.0662255585 0.0243797023
-0.0382796042 -0.0368442945
-0.0957133323 -0.0267375745
-0.0170266312 -0.0121711446
0.0135787465 0.137738854
0.0804501995 0.0552730635
0.0380810127 -0.00497344183
0.0630146116 0.0132477898
0.0613409877 -0.0140365083
-0.0171283223 -0.00587079348
-0.00166951434 -0.130185351
-0.0671868101 -0.00279508671
-0.0858745351 0.0457245521
0.0327577367 -0.039616704
-0.0238020271 0.116577223
0.0117850462 -0.0222597308
-0.0181901958 0.0320911743
0.0110278325 -0.00638572173
0.0016944044 -0.115044542
-0.0381581746 0.0654111877
0.106088899 0.0101548545
0.0598249547 -0.0803083703
0.064431943 -0.0460621156
-0.0391793437 0.011851701
-0.10085658 0.0157358442
-0.0331048183 0.0481284298
-0.0459081009 0.0875526294
-0.0243308209 -0.0352183804
-0.0728389323 -0.0228627678
0.0608279444 -0.0234965775
-0.0398940295 -0.0407545865
-0.0109274462 0.0537131578
0.0628866032 0.0375579782
-0.0778328478 0.00906678382
-0.0810090974 -0.0222696718
-0.0719177723 0.00978492573
-0.0736114159 -0.00444811815
-0.0492026359 -0.0381762125
-0.00877843611 0.00594743853
0.0299268272 -0.053511899
0.00158748415 -0.0668990538
-0.0452464297 0.0266517699
0.00435727136 -0.0347891562
0.0289385151 -0.0852073133
-0.0944072306 0.0305843949
-0.0330861285 0.0909623131
0.0207047798 0.0492126979
-0.0401568674 -0.0264181215
0.0427281186 -0.0306343455
0.0599878915 0.0257044919
0.00362515799 0.0449366011
-0.0234648567 0.0942434818
0.0371148251 0.0537292659
0.0217114799 0.0315172561
0.0569367595 0.0385863744
-0.0320977457 0.00805822946
-0.0056810393 -0.00319272233
0.015173967 -0.0341339558
-0.0664620399 0.0195372906
-0.00217463984 0.00225118198
0.024724707 0.0123923263
0.0284481868 0.0352423787
-0.0051194746 -0.00566676445
-0.0269619096 0.0281555504
0.0177085698 0.016057888
-0.044714991 -0.105020531
-0.0107255196 -0.0529384576
-0.0727019832 0.0155215608
-0.0027839418 -0.0704931691
0.0128043555 -0.0121259717
0.043469023 0.00993808452
0.0183859635 -0.0065398789
-0.0316290893 0.0182362627
0.0491324812 0.0297770239
-0.0215120204 -0.0233374927
-0.0538720079 0.0294099115
-0.0443863049 -0.00672768755
0.0160790626 0.00799520966
-0.0387430154 -0.0557763353
0.0160386674 -0.050294064
0.0128834108 0.012327549
0.024679387 -0.0101279346
-0.072281383 -0.00780897308
-0.0264777653 -0.0243858621
0.0665411353 -0.0108961817
-0.017763881 -0.0607986599
0.0881455988 -0.00465966947
0.0469061993 0.0108320164
-0.0574099533 -0.0332130976
0.0341313854 -0.00418066094
-0.0543132946 0.0260302294
0.00987193733 0.013199525
0.0175984092 0.0180587079
-0.00465228548 -0.0225211866
0.00591756497 -0.0402073674
-0.0163009036 -0.00103028107
0.00377149531 -0.00707014836
-0.0432919636 0.0314485058
0.00410674838 0.0677207112
0.0647382066 -0.054292798
0.0130272647 -0.0293709505
-0.0368327573 -0.0195173249
0.0861619562 -0.0119529236
0.0596425422 -0.0397532657
-0.0328014232 -0.0852479935
-0.0302472729 0.0222963169
-0.0330727287 -0.00811800081
-0.0766620561 0.0283850599
-0.0355416723 0.0157668795
0.0378924273 0.0303751845
0.010399418 0.00378337712
-0.00561056379 -0.0263526123
-0.0408354625 -0.0122608971
-0.0640917346 -0.02670932
0.139871836 0.0345504507
-0.0485601723 0.0157630667
0.0149374306 -0.0580419302
-0.00439700158 -0.0648850352
-0.00472457102 -0.0264461748
0.0467314161 0.0180740133
-0.0334754288 -0.0264412276
-0.0489012636 0.00906346366
-0.0675489828 0.0181183852
0.0198389143 -0.0548594147
-0.0217305198 0.0343355313
-0.071475327 0.0969360247
0.0941371322 -0.0238238685
0.0549579076 0.0501548052
0.0280645899 0.0988640562
0.109305017 -0.00764000276
-0.00555778388 0.0246459134
-0.0572591871 0.0423125215
0.0378688015 0.00843621511
0.0140597913 0.0213297363
-0.0052299574 0.0895814747
-0.0705438852 0.0192159452
-0.0504106432 0.0110506546
0.0396103598 0.0258481484
0.0506191663 0.0356541798
0.0379515514 0.0231262576
0.0243713614 -0.0819835663
-0.0561018847 0.040858224
0.0062540127 0.0815997794
-0.00346774678 0.106961899
-0.0683140904 0.0391640812
-0.0251167063 -0.00774355978
0.0269628149 0.00830758177
-0.00118309853 -0.0147171523
0.0217887163 0.00859763194
0.054818701 -0.0381563827
0.000792496605 -0.0648852512
-0.0729876384 0.0078985095
0.0945679247 0.0388216712
0.00712925335 -0.0272947941
-0.0950876921 -0.0667564198
0.0460960343 0.0164264571
0.0302003119 0.0214200616
0.0142015135 -0.00957512017
-0.0391676985 -0.0411344431
-0.0133848535 0.0267606732
0.0169302225 0.0246853288
-0.00432069087 -0.0809165388
0.047615055 -0.00376106775
-0.0337070934 0.00961577334
-0.0114782332 0.019454686
-0.0119363992 0.0134378243
0.0246974323 -0.0153854853
-0.0241956599 -0.0435060151
0.0377373099 -0.0732414201
0.0657510683 -0.00696494197
-0.00352555397 -0.0287179481
-0.0307516959 -0.0060187187
0.0238479469 0.0265117716
0.0323889703 -0.0234984271
0.0430310778 0.0686466396
-0.0145894401 0.00259088166
0.048965089 0.0398990102
-0.0143286455 0.0286473259
0.0276450347 -0.0312296171
-0.0844644755 -0.0101955179
-0.0842324421 0.0576878339
0.0508513339 0.0229817554
0.0623386614 -0.0333234072
-0.0279700235 -0.0257943533
0.00323729054 -0.044220902
0.0129692983 0.0587203912
-0.0796419606 -0.0205696877
-0.0353519581 0.00552529981
0.0682039782 -0.0339645483
0.0676967502 0.0290505029
-0.00425546756 0.0555113778
-0.0694508627 -0.034707427
-0.0525712781 -0.0602115951
0.0371313579 -0.0794750303
0.0171196032 -0.0187466163
0.0101339072 -0.0393353961
0.0660566613 0.00714238593
-0.011108065 0.0119151976
0.00906854402 -0.108000495
0.0378982611 0.0886739865
-0.0149858957 0.0425864682
0.021042807 0.0587801076
-0.0126316892 -0.00217521121
0.00281691668 -0.0547505058
0.0465620048 0.00326206163
-0.0164660327 -0.0286344998
-0.0435004868 0.0230536647
-0.0129195433 0.0663191229
0.00646089856 -0.0201128107
-0.0150193581 -0.00185651565
0.0054101618 0.0221519172
0.0162842795 -0.021721879
-0.00164871535 -0.068318747
0.0151743991 0.030341547
0.0408780277 0.0134896124
-0.0138277318 0.0289318319
0.0329526514 -0.00759238563
0.00509712892 -0.0161617193
-0.0590816624 -0.0352300555
0.0604256801 -0.0889617354
-0.0283730142 0.125504881
-0.019558087 0.0140952738
0.0872687846 -0.0142188147
-0.0171416067 0.0387819111
-0.0257111713 -0.000502913201
0.0210846104 0.078639403
-0.0454841182 -0.00463852054
-0.046099551 0.0201060101
-0.00676955748 -0.0578650795
0.0553234406 -0.0527047962
0.0135225384 0.0241994094
-0.000959568133 0.00699190702
-0.0306598265 -0.0322978795
-0.00636471622 -0.0010747636
-0.00315296021 0.0319605768
-0.0820749626 0.0219361279
0.0797928274 0.00606101239
0.0277430974 0.0161940046
-0.0991125554 -0.0635664463
-0.0740611628 0.00539104454
-0.025960641 -0.016850872
-0.0174746048 0.00999603141
-0.0429711565 -0.00847843383
0.021600483 0.011945866
-0.0560762212 -0.0506291576
0.00209244736 0.037401557
0.149136797 0.067185849
0.0421430394 -0.0341215879
-0.00893355161 -0.0275436379
0.0518853962 -0.069233574
-0.0348389633 -0.0557225384
-0.0122104296 0.00701749464
0.029808253 0.0625461489
0.0476013087 -0.00280220318
0.082047984 -0.0665384009
-0.00410774769 -0.0523850769
-0.00217336905 -0.0130348178
0.0531362258 0.0177082773
0.00336147752 0.0271373987
0.0665185452 -0.0363004766
-0.0283638928 -0.0159413815
-0.0645470023 -0.00331691769
0.0133829657 -0.0206014793
0.0539271943 0.0132351462
0.098051995 -0.0351505242
0.00810126495 0.00451123668
-0.0133833475 0.0272730514
-0.0190799236 -0.0707089752
-0.0529588908 0.0150397392
-0.103397116 -0.037760634
-0.00480411574 -0.00757496851
0.0311582759 0.0229891762
0.0265947562 0.0393786728
-0.0340077989 0.022660777
0.060325969 0.0414367542
0.0239406712 0.00275065098
-0.0499096774 -0.0123609072
-0.0263126232 -0.0433097109
-0.0166475046 -0.0545462035
0.0240729917 0.073925823
0.0614095591 0.0319591351
-0.0825171322 -0.0359673835
-0.0453422628 0.0617309138
-0.0361016579 0.0185177308
-0.0344768278 0.0557883643
-0.045929227 0.0514668673
-0.0302300639 -0.00419376837
0.0897453129 0.0744247958
-0.0159634501 -0.0187257025
-0.022909971 -0.11738342
0.0478335172 0.0151937809
-0.028406065 0.00498664752
-0.0146424752 -0.0518775992
0.0245901719 0.0147594446
0.0124730831 0.0454278216
-0.0225507412 0.0222344007
0.00318597327 0.0524389334
-0.0493830554 -0.0283021163
-0.0406765938 0.0042430032
0.0804838017 0.0353204533
-0.0542832874 0.0698737577
-0.0381183289 0.00349022378
-0.00956619065 0.0507220998
0.0300661884 0.0582437292
-0.058498878 0.0179058909
-0.113508366 -0.00424703164
-0.00481066247 -0.0485640541
0.0162358899 0.0123674041
0.0184500236 -0.076237388
-0.025050072 0.0248724017
0.00168055831 -0.00815042201
0.04229616 -0.0365158282
0.0231597219 0.0622485504
-0.0496397465 0.000769007311
-0.0392631032 0.0740022808
0.00282451184 0.00967141427
0.00336112035 -0.0633315369
0.0193400215 0.00969682727
0.0313295163 -0.0140667558
0.0132737905 0.0595432706
0.0313090906 0.00189483038
-0.0237962492 -0.0732121766
-0.0146477297 -0.0405737348
-0.0496743843 -0.0768329874
-0.0509911776 0.0380870774
0.0528022014 -0.00394802773
0.0391672254 -0.0126202591
-0.0607162155 -0.00160559441
-0.120046817 -0.0569706112
-0.0635354966 0.00211917097
0.0031281421 -0.0147101209
-0.0307645705 0.0494839884
0.0144115398 0.0109038595
-0.0222540293 0.0389800332
0.0239211954 -0.00754090073
0.0193726458 -0.0481543727
-0.00143282674 0.017962683
0.0184042696 -0.00563118607
-0.0306938775 -0.0012457876
0.0380739942 0.101794593
0.0437043719 -0.0308059119
-0.000483881944 -0.0390549786
0.0110709481 0.0107910121
-0.0327199847 -0.0045187166
0.00709286286 -0.0321315862
-0.0141621195 0.00130691845
-0.119366117 0.0724409148
-0.0347436406 -0.0087339757
-0.0233658869 0.0468502417
0.0475936085 -0.00980025623
0.00223205565 -0.0474542305
-0.06810873 0.0515279882
0.0113923335 0.0425196253
-0.00503268465 0.0653887689
-0.00114885403 0.0161047541
0.0744515732 -0.054157
-0.0143731581 0.00889864471
0.00664296001 -0.0267606601
-0.0111327041 0.0343732312
-0.00989430118 -0.0332663953
-0.0383852758 -0.0927842706
-0.0108905686 -0.0241108555
0.0408503599 -0.0564142205
0.0657939762 0.00593325729
-0.00589730032 -0.0470955186
-0.0271419212 -0.0519352108
0.021282943 0.0792253539
0.0207919776 0.0728972703
-0.0487136096 0.0214477647
-0.106633849 -0.0159712322
-0.0396254323 -0.0669871718
0.0448098592 -0.0104879569
-0.0463438816 -0.0362143852
-0.0605974235 -0.0330522656
-0.0215690788 -0.0500711352
0.0609681047 -0.0206201375
-0.0364101976 0.0321737379
-0.0873753428 -0.00917500816
0.000798036985 -0.0284223128
-0.0128759304 0.0122945644
-0.00106136757 -0.0373813398
-0.000621541345 0.0146857901
-0.053086143 0.0608633012
0.004343668 -0.013052756
0.032868363 0.0233377647
-0.00608953042 0.0845433027
-0.0151936021 0.0429376662
0.0674745217 -0.0384529755
-0.01457527 0.00463630632
-0.0248296186 -0.029365195
-0.0554674417 -0.0938061327
-0.0287677459 -0.036571864
-0.0292379111 -0.0830222964
-0.103247851 -0.0173260011
0.0738909319 -0.00534954481
0.0203680303 -0.09135589
-0.0835514069 0.0726922601
-0.0126459235 0.0370528884
-0.0708009675 -0.0300819892
0.0281674881 -0.000543257396
-0.0197676383 -0.0292041693
-0.0529337376 -0.0685499758
0.0113332644 -0.017279543
0.0497715808 -0.0484421887
-0.0234126858 0.0258515738
-0.0635931194 0.00960766524
-0.0532838888 0.0337481312
-0.0352339149 0.0788276047
-0.0154231125 -0.0337184109
0.0102512389 -0.00269959518
0.0604262352 0.110697299
0.0707601532 0.0114081595
0.0230030771 -0.00652059494
-0.0392198078 -0.0336585082
-0.0258149523 -0.0163536929
0.0549350902 0.0219482332
0.035953138 -0.0441957638
0.0876583382 -0.0074376897
0.0300011951 0.0397244506
0.031075513 -0.0183690134
0.0640407801 0.0777938664
0.0405256152 -0.00433856109
0.0591959022 -0.0366819575
0.0357872881 0.0370170102
-0.0429548807 0.000688188069
0.0249223467 0.0411081575
-0.045107726 0.0596113056
0.024257211 0.0394039229
0.172429457 0.0175146293
-0.0382387266 -0.0505160764
-0.0722890273 0.0459140204
0.0229126029 -0.0329181068
-0.0588338152 -0.00397589803
-0.0277705304 -0.0145357046
0.0157237574 0.0135338195
-0.0668320656 -0.00118337478
-0.0996848568 0.0375041589
0.0755817965 0.000393052615
0.0669352561 -0.0137148891
-0.0474622324 -0.0385983624
-0.00881804805 -0.0246118568
0.00325185177 0.0180821046
-0.053639546 -0.0271300767
-0.0429556519 -0.0343855955
0.0367981084 -0.0374135189
0.0737365186 0.0632098615
-0.0336819999 0.0501194857
-0.0570198223 -0.0317666493
-0.0563157275 0.00168095436
-0.0104861259 -0.0736805722
0.0518287942 0.0161759034
0.0377784781 -0.0132103944
0.124611959 -0.0225846115
0.0157304592 0.077661939
-2.04117187e-05 -0.0764935613
-0.0208431818 0.065024972
-0.0334429517 0.0953807235
0.0253546219 0.00994762219
-0.00720406929 0.0235700663
0.00505167432 -0.0161508359
0.0577711798 0.0243743099
0.0252346843 -0.0356895588
-0.045607198 0.0685109869
-0.0159330908 0.0352586024
0.0532886758 -0.0045590126
0.0345238894 0.00247285888
0.0654480457 -0.0319720544
-0.0637344867 0.00655571418
0.0339039974 0.0278786719
-0.00736359088 0.00373144564
0.0311350524 0.0652449504
0.00223731063 0.0372552127
-0.0305887423 -0.0195391942
0.0327628106 -0.0341551006
-0.0268754531 -0.0196179003
0.07768327 0.0328891166
-0.0459832363 0.0995372683
-0.0405684821 -0.0523632839
0.0842210874 -0.087499924
-0.025049692 0.00678917998
-0.055576127 -0.0215366706
-0.0570858195 0.00480143726
0.0423482917 0.0843836963
-0.00446056947 -0.0713775605
0.0706360042 -0.00777985109
-0.0104429936 0.0566243753
-0.0725114271 0.0178042408
0.0769882202 -0.00957819074
0.00187716866 -0.049237024
0.109087162 0.0186810885
0.0673487633 -0.016079925
-0.0886175036 0.0332709774
0.095752649 0.0358707644
0.0341411605 -0.009851899
0.0136474222 -0.00276135607
-0.000651921087 -0.00109680404
-0.0559357107 -0.0286477897
-0.0121065285 0.000153412751
0.0831801742 0.000568095653
0.0285068136 -0.0265455004
0.0316016823 -0.025758123
0.0405395478 0.00892779976
-0.00590583822 0.0163723677
-0.0488013625 0.0308593865
-0.0207261592 0.031231679
-0.0139251361 0.00426528696
0.0282419268 -0.0155212218
-0.0482336953 0.0506126098
-0.0144543191 0.0146579407
-0.0317365117 -0.0126953637
0.00328330928 -0.0671617985
0.0407662503 0.0392650031
0.0391914397 0.0093132304
0.0199587978 -0.0730742291
-0.0238727704 -0.056462232
-0.0142636867 -0.041287072
-0.0180477612 0.000231134327
0.0214265268 -0.0210041068
0.00140177703 0.0730384812
-0.0725455508 0.029029198
0.0589514896 -0.0346306823
0.017958099 0.0542144328
0.0111403549 -0.0916974768
0.0384241343 0.0244879089
0.089228861 0.0271411575
0.0372393206 -0.0298420396
-0.0378812067 0.0132830925
0.0104213208 -0.0347319543
0.070016779 -0.0581315309
0.00181479065 -0.103423551
0.0129591106 -0.0406637713
0.0936978161 0.0617992133
0.033225067 -0.024362212
-0.0978564173 -0.0113032721
-0.022038674 -0.0899875835
0.0158306956 0.0294801574
0.0201880299 -0.0279397704
-0.0344053991 -0.0500434935
-0.0432923213 0.00288206316
0.0710245147 -0.0805387273
-0.078207612 -0.0301028434
0.0114884051 0.055858776
0.0305316653 0.0212004688
-0.0455686636 -0.00936972257
0.0677928701 0.00270312675
0.0589146316 0.0780770406
-0.0271201432 -0.0412429869
0.0263701603 -0.0429464653
0.0128136482 0.0890665352
0.0122078871 0.0223205574
-0.0133531075 -0.0166605301
0.0456734039 0.0574688762
0.0232898835 0.0722061992
-0.0408656783 -0.00500542019
-0.0688608959 -0.0199263319
-0.0704249516 -0.0414816812
-0.0464706756 -0.0477976575
0.00339594204 -0.0651358962
0.0308027752 0.0250557978
0.0311543848 0.0929459184
-0.0869535804 0.0712299794
-0.00723657617 0.00317138503
0.0914052054 -0.0222702902
0.0440885574 0.0055021639
0.0368088931 0.0536860675
0.0155587168 -0.014098783
0.0167483985 -0.0528007708
-0.0933842584 0.0223677512
0.0395548157 0.00796450488
0.0892011747 -0.00714250421
-0.0771644711 0.0666396096
0.00424297387 0.0758061185
0.0393714346 -0.0274042282
-0.0224644467 -0.0408015512
0.0474081747 0.0272142906
0.00595901208 0.0625186861
0.0303608943 0.0403767228
-0.0131952083 -0.0372939743
-0.0283726715 -0.0770496875
0.0327555314 0.0458909087
-0.0186989084 -0.0662298724
-0.0328968279 -0.0497475266
0.0101567227 0.0317428447
-0.0336980335 0.0670517758
0.0311167091 -0.00769285019
-0.0489122234 0.00893692579
-0.076628238 -0.042094335
-0.04777091 -0.0505988374
0.0493869074 0.0340722725
0.0946110561 0.00914306566
-0.00378921162 -0.00404427107
0.0460210517 -0.0309538301
0.00626486866 -0.013231378
-0.00835407246 -0.01682253
0.0436911695 0.0216110814
-0.0720996708 -0.0413626023
-0.00572192622 0.00358867645
0.00159359758 -0.0151344938
-0.00608009426 -0.0807117298
-0.0645591617 0.0220279898
-0.0339691788 0.0175420698
0.00469499268 0.00619533844
-0.0341699347 0.0479381494
0.0410654135 0.0252946317
0.182956696 0.0717601553
0.0386630259 -0.00937716663
-0.0302870981 -0.0163940564
-0.0110354302 0.0271825716
-0.0599046499 0.0206690654
-0.121334434 -0.0276397485
-0.0475711338 0.0216802787
-0.0721410662 0.0657688379
-0.00637914613 0.00412469264
-0.0629532337 0.0382841937
-0.0462594591 -0.0698586702
-0.0741390288 -0.0700722337
-0.0588488802 -0.0115843853
-0.0018373644 0.00629751245
-0.0842746496 0.0359234475
-0.0335064754 0.00820287317
-0.0768258199 0.00949939806
-0.0213182364 -0.0230646469
-0.0709281787 0.051558163
0.0562715642 -0.0185087323
0.0230321996 -0.0539621338
0.0188639425 -0.0322402902
0.0876262933 -0.0315701328
-0.0371328108 -0.0176818147
0.0117499661 -0.0327567048
0.0685489774 0.00176904339
-0.0270383377 -0.0294184182
0.00354192196 -0.0601056591
-0.0978803337 0.00472150929
-0.0460281856 0.00937398896
0.0133729195 -0.0306497402
-0.0617965758 -0.0657051653
0.035591159 -0.0383217223
0.0696028844 0.00104113435
0.0700132623 -0.0543794073
0.00279574166 0.0336792991
-0.0187214017 0.0601573698
-0.0564337224 0.0126095982
0.033903677 0.00679563079
-0.00531690987 -0.0543693192
-0.15655975 0.0538635254
-0.0869865417 0.052619461
0.0564047769 -0.0625020489
0.0724476799 0.0292053036
0.00633227266 -0.0788489208
-0.019446088 -0.0571707226
-0.000233324463 0.100234769
0.049833484 -0.0143441632
0.0231339987 -0.0274559427
-0.0914060995 -0.105731063
0.0294837728 -0.0573940389
0.0113807358 0.0161360893
-0.0860910565 -0.0170488991
0.041938588 -0.00602457207
0.0461683795 -0.0614455119
0.0218025986 0.0858217478
0.0626908541 0.00392317772
0.0752231702 0.0253817569
0.0332772695 0.034276966
-0.0116560245 -0.0246209297
-0.0120112877 -0.0033734797
0.013979191 0.0070414436
0.0767612085 0.08147306
0.0661259517 0.0440529138
0.0322637409 0.0243142955
-0.0434177443 -0.048858121
-0.0290820356 0.00430225302
-0.0337157659 -0.0343439505
-0.0509316437 -0.0656741858
0.033752799 -0.0307221469
0.0578640103 -0.0863788202
0.123130612 0.0438962393
0.0835149884 0.00177196541
-0.0824062675 -0.076157473
-0.0486138985 -0.0457688533
0.0146785732 -0.0401681624
-0.0580915175 0.0279501583
-0.068689689 0.0603604279
-0.0115715563 -0.00251170807
0.00978031289 0.035596706
-0.012426801 0.0579042621
-0.035930898 0.00114268961
-0.113594741 0.00493707135
0.000858746935 -0.0113086142
-0.0329475068 0.0327311344
-0.0156176602 -0.0332358256
0.0389934331 -0.0113190329
-0.0026901979 0.00126032031
-0.0181575511 0.0970104858
0.00348394737 0.0922696739
-0.0465947911 0.0195732545
-0.0238071606 -0.0345931165
-0.0259313118 -0.00867805816
-0.0150236133 -0.0607083701
-0.00541679421 -0.0702287331
-0.0878797695 -0.0171579849
-0.0623410977 -0.000227294542
0.015292055 -0.00834035687
0.0434940532 -0.0247814823
0.0231344271 0.00698670698
-0.061599832 -0.0401875935
0.0357504003 0.0386749133
0.00663220463 0.0617050864
0.0126028769 -0.0186948758
0.0662302896 -0.0797564462
-0.0337191336 0.0165613666
0.01736903 0.0592320077
0.00233536144 0.0310194194
0.00507144164 0.0863078609
0.0181779396 -0.0462877564
0.00305041578 -0.0225589257
0.0180604402 0.0341547281
-0.0131393624 -0.0214181673
0.024680078 0.0100971311
-0.0755943581 -0.017701732
0.0275483634 0.0100639751
0.0541702621 0.0407299735
0.0539868511 0.0244219042
0.074679099 -0.0505109429
-0.0318512022 -0.0105569465
0.0673902407 -0.0282984376
0.0489957705 0.02537819
0.0408731662 0.0323343575
-0.0104415668 0.0188305285
-0.00481655402 -0.0456059836
0.00676317653 0.0203419346
-0.0271116272 -0.0195826385
0.0603320375 0.0729582384
-0.00238048704 0.115599796
-0.0171133578 -0.053676147
0.0528378524 -0.0937700495
-0.0291431285 -0.0119242882
-0.0819621384 -0.0362681299
-0.0413102321 -0.0155934319
0.0074779382 0.0042894762
0.0349182822 -0.00611903844
0.0331058204 0.00113934092
-0.0045275921 -0.0450813435
-0.0515586212 0.0138351973
0.0693120137 0.00375648309
-0.0231330078 -0.029499067
0.0920478255 0.00652929721
0.085777849 -0.0097392723
-0.0863647461 0.0186112989
0.11866457 0.0775045156
0.0122180665 0.0315590836
-0.00624601776 0.0175126307
0.0557737313 0.0128572024
-0.0576573387 -0.0266747419
0.0258555375 -0.0097296685
0.013006079 -0.0361013263
0.00395024382 0.0388225354
-0.0241805427 0.0207889359
-0.0725179315 0.0232397001
-0.00030683467 0.0277803205
0.0495404005 0.054158859
0.019448271 0.102591604
0.0342920534 -0.0168030653
0.0316739157 -0.0511339121
-0.0606822409 0.107168332
-0.0502268113 0.00882369466
-0.0663990602 -0.00862109847
-0.0523348488 -0.0130334226
0.0782357678 -0.0138252182
0.0653098002 -0.0491158478
-0.0301892851 -0.0760864988
-0.0488983467 -0.0146565158
0.0146788424 -0.0330693871
0.0453848206 0.0130253863
-0.0263355263 -0.0404484719
0.0327946618 -0.00365339615
0.0843556225 0.0887309536
0.0283034761 -0.0167255159
0.00414101081 0.0092596598
0.0698361471 0.00450342149
0.0184243117 0.0297915787
-0.0145868678 -0.0165213812
0.0594656989 0.0143275578
0.00783997029 -0.033354979
0.0804571062 -0.0878059864
0.0798361674 0.00870017894
0.039211195 -0.01577859
-0.0139685767 0.0558368936
-0.0544532239 0.0647319481
0.029682694 0.0258576628
0.00883238483 -0.111245558
0.0425702631 -0.0377897024
0.0340857804 -0.00659827702
0.0159590673 0.00324934861
0.015200343 -0.0144083817
-0.0646216944 0.0133121014
0.0889105648 0.0247301925
-0.0238143168 -0.0475885049
-0.0018110004 -0.00364839844
0.141448557 -0.00548723526
-0.0880637839 -0.0331571326
0.0546140708 -0.0144157354
0.122107036 -0.0384497494
-0.0772619694 -0.00769914174
-0.0481589921 -0.0392295644
-0.00988250691 -0.0774944946
-0.0157671999 -0.0168082509
0.0242605302 -0.0282557979
-0.00195703888 0.0709434077
0.00486757793 0.0386391208
0.0190002378 0.0829236135
0.0699773505 0.0678821802
-0.0244179107 0.0203260276
-0.00899012666 0.0949032679
-0.006633271 -0.0125317052
0.0245271605 0.0340183303
0.0275064893 0.00583082624
0.0308600888 0.000259569788
-0.00149238447 -0.0273104217
-0.0166423414 -0.0403162241
-0.00232489686 0.0166598149
0.0404563807 -0.0139851291
-0.051508937 0.0462335013
-0.113765314 0.0158877689
-0.0030150651 -0.0342200659
0.0115154041 0.0332506448
0.00140576204 -0.0182981659
0.0965847522 -0.00025639555
-0.00158063963 0.076529637
-0.0036793754 -0.0071943868
0.0182827059 0.00610039989
-0.0384066254 0.00137857231
0.0364322439 -0.0311894771
-0.00521108042 -0.0296708923
0.0203983989 -0.00803047232
-0.00625140406 -0.00886661746
-0.0318281054 -0.0343703553
0.00374069088 -0.0349232294
0.0115530919 0.00610446837
-0.00786520168 -0.0444381982
-0.0154150007 -0.0333670527
0.0423061848 0.0156749263
0.036801707 -0.0119261928
-0.0712425783 0.0801522806
-0.0459402427 0.0179710407
-0.0211198647 -0.0301401876
-0.00970683806 -0.0224047527
-0.0684125721 0.0406267196
-0.0782902241 0.0436766483
0.0173978265 -0.0160967652
0.00163288915 0.061413601
-0.0608785972 -0.0331987329
0.00298519037 0.0218634289
0.0696907341 0.0881984159
0.00935585704 0.00133538479
0.0396846049 -0.00110067567
-0.000539537345 0.00636974676
0.0748083964 -0.0275430307
0.0486747064 -0.0692057163
-0.0157623515 -0.0197217558
0.0034577297 -0.0100521259
-0.0350638703 0.0249288585
-0.0132981092 0.0314682163
-0.00241384353 -0.080876343
0.0481344871 0.000707575935
0.0415570252 0.0346052274
-0.0674219728 -0.00593684288
0.0470187776 0.054484956
-0.0070390543 0.0121353259
-0.0288262665 0.0157211311
-0.0207887869 0.00961382873
0.00453467062 -0.0740141347
0.0761027038 -0.0211419668
-0.0531481616 0.0537375398
-0.0212830044 0.0119194249
0.0436151288 -0.106086843
-0.0286154971 -0.0105491765
-0.016629884 -0.00380092091
-0.000672655238 0.0523911305
-0.0235815253 0.0588041991
0.114113346 0.0838937387
0.0468614586 -0.020418236
-0.0863737836 -0.0577877685
-0.066936329 -0.0642610416
-0.00821539667 -0.0645304173
-0.043348521 0.0803419277
-0.0370499603 0.00444051391
-0.0659499094 0.00919055287
-0.0474155992 6.34077605e-06
0.0582249202 -0.00998751633
0.0122103151 -0.0237676464
-0.0195631236 -0.0182498209
-0.0346352085 0.0525697507
-0.0683899671 0.0329111107
-0.039787937 -0.0441583209
0.000418459851 -0.0338617265
-0.00272117835 -0.0319798514
0.0144960284 0.0250539836
-0.027442757 -0.0565609671
-0.0400623903 0.0163473245
0.0416227728 0.0237980541
0.0150452862 -0.0411781259
-0.0331004523 0.0199285466
-0.0295895934 0.0343635231
0.0573006533 -0.0407564528
0.035186559 0.0409516096
-0.0913945287 -0.0116792321
-0.0575198345 0.0318867415
0.047888238 0.0612572059
0.0106837926 -0.00475150533
0.0102194073 -0.0207505897
0.0178371537 0.0256156586
0.0278392248 -0.00249960832
0.0534957275 0.0317224041
0.0101924315 -0.0229573175
0.00445173541 -0.0339309275
0.0244264025 -0.0313103236
-0.0750462115 0.0414145254
0.0317407325 0.0576208346
-0.00620395644 -0.10702689
-0.0565255247 -0.0580302961
0.0512492508 0.0356240869
-0.00152251346 -0.121030778
-0.00433829706 -0.0372148305
0.0474371761 0.0320703872
0.0468404032 -0.0543392152
-0.0490458161 0.0849407911
0.0302711613 0.0016647093
0.0479328111 0.0200629309
0.0196203217 0.0609217398
-0.0192480311 -0.0496003255
-0.0233224295 -0.0589101724
0.019808311 -0.0313504599
0.0203406345 0.000978324679
0.0940903276 0.0295128357
0.0314267166 0.0749538764
-0.0208219923 0.058307223
0.0208844971 -0.013560066
-0.0498711616 0.0204793271
0.0695076138 -0.0388223566
-0.0399092883 0.0392935202
-0.0574749857 -0.0278426819
-0.0383506976 -0.00961948372
0.0307428408 0.0432797447
0.0169785228 -0.0436814576
-0.0186091494 -0.0264853146
0.031192312 -0.0151598034
-0.0333744846 -0.00296526076
-0.0637024641 -0.0772928447
-0.0208578371 -0.0882750601
0.0678773075 -0.0411361828
-0.09304519 -0.0536484532
-0.00129372184 -0.0596183538
0.0470409282 0.010658388
-0.0457609408 0.0141009176
0.039925281 -0.0753226802
0.0444986783 -0.0136899035
0.00711160805 0.122743733
-0.0548715554 0.00951766502
-0.0408837236 -0.0359208733
0.0342767723 0.0392252691
-0.0132576488 0.0677654147
-0.0392798595 -0.0687226355
-0.00407153182 0.0133389765
-0.00192589476 0.0182327051
0.0127161378 -0.00289335102
-0.0568058267 0.0421552993
-0.00620564213 -0.0356923528
-0.00202431879 -0.0448497944
-0.100343443 -0.0452884398
-0.031148633 0.089323394
0.0404570028 0.0468782783
0.0511544421 -0.0368342772
0.0216054935 -0.0329549797
-0.00270651164 0.011215657
-0.0216040462 0.103618033
-0.00682340004 0.0231937505
-0.048267968 -0.0132506052
-0.00545050297 0.030227039
-0.00286822254 0.0936735794
0.0525860339 0.0174090359
-0.0413028561 -0.0433973894
0.0185498893 -0.00285045919
-0.000605517416 0.0315563045
-0.0110151349 0.0650944859
-0.012663004 -0.0207604524
-0.022208618 -0.0460141525
0.0253851023 0.019331539
-0.0204361267 -0.0744442642
-0.0153717678 0.010446161
-0.0875506178 0.0177193638
-0.0322745405 -0.0560050346
-0.023750145 0.0146010453
-0.0684554875 -0.0120089175
0.0882617384 0.0274278298
0.0187592935 0.0585397482
0.0794707388 -0.0460722111
0.130654022 -0.0145243583
0.0582740344 -0.0350313745
0.0159427822 -0.0470152795
0.0149260862 -0.0685412437
0.0847130567 0.0432725996
0.0532229617 0.0363705903
-0.0744722858 0.0479206406
-0.0836890861 0.046718739
-0.0172113925 -0.0489519387
0.00366047584 0.0275953133
-0.0383742228 0.0159217343
-0.040568281 -0.0678609461
-0.0148969069 0.00754510146
0.0334908031 -0.00688926224
0.0415134467 -0.0509482808
0.0408671834 0.0476583391
0.0171440728 -0.0185818132
-0.0490149893 -0.000805392221
0.0219865981 0.0720735714
0.0339947641 0.0444550626
0.0232876223 0.0876557082
0.00301162293 -0.0532101579
0.0124960002 -0.0174620971
-0.0381580926 0.0965198874
-0.0464248434 0.010658225
-0.0498731062 0.0120854015
-0.0905459672 0.0226160884
0.117798828 -0.0177914966
0.0632675588 -0.065581955
-0.0606159493 -0.0779333264
-0.0429357924 -0.081565246
0.0271661729 -0.0629634857
0.052694656 -0.0282877702
-0.0482364111 -0.0927742273
0.016512176 0.0161894131
0.0195122622 0.0432033874
0.0313171595 -0.00242141006
0.0118169719 -0.0242658444
0.0797129273 0.0201901328
0.0208100583 -0.0199918877
-0.0233096797 -0.000338862941
0.0717900097 0.000907310867
-0.0171098243 -0.0212236177
0.0634768754 -0.0857687965
0.0842571184 0.0122195957
0.0592013821 0.0469986647
0.0205044914 -0.0150090521
-0.0434675924 -0.0348689146
0.0378870852 -0.0322384052
0.0317464508 0.0668535829
0.0440427139 -0.00469508581
0.035550639 -0.0885928273
0.0546967871 -0.0407264605
0.113233455 -0.0121830245
0.0271726903 -0.0271309298
0.0477799699 -0.0415435322
-0.00672030635 -0.0107235974
0.0149060842 -0.0037021609
0.0564593114 -0.0512371026
0.0419385284 0.0378565826
0.0206476655 -0.0547055416
-0.0410477035 0.0122370096
-0.0376956649 0.0770089254
-0.00119505939 0.018042285
-0.0146347098 0.0527688041
-0.0242472757 -0.0562482253
0.0193565618 -0.0437956378
0.0755689144 0.0503012054
-0.0173757728 0.0468811393
0.0471273251 -0.00736556528
0.10856761 0.0260576513
-0.0349766389 0.0391933545
-0.0280733407 -0.00937321037
-0.00420784065 -0.0202667229
-0.00422335044 -0.0573878065
-0.0280349459 0.00836841576
0.00177400641 0.0392955989
-0.0104016727 0.0319948941
0.0476679206 0.0320167802
0.0595291518 -0.0259183459
-0.0115708411 -0.0183668733
-0.00927965995 -0.0450321324
-0.0248812549 -0.0365518555
0.0313397013 0.0322170407
0.108439535 -0.0715348646
-0.0222544037 -0.00505372323
-0.0053539034 0.0637311637
0.0688128471 -0.0104928017
0.0449357256 0.0281075407
-0.0622869954 -0.0847884044
-0.0578935333 0.0243368912
0.0115188016 0.0776811764
-0.0140567906 0.0474752113
0.0702556223 0.0454397462
0.0540307499 0.0431177318
0.0132499924 0.0920100212
-0.0488433801 0.0420794524
-0.00213379762 0.0166259576
0.0104397656 0.036769826
-0.0637678131 0.0191246402
0.0727059096 -0.0144055681
0.0263884719 0.0156643651
-0.0697830245 -0.0484100357
-0.0197554566 -0.010935491
0.0224908162 0.0383850262
0.0498169698 -0.0160694588
0.0219715908 -0.00522301113
0.0104336813 -0.0218068138
-0.0320221521 0.0635337383
0.00101928075 0.0504639968
-0.00252466905 0.0649162754
-0.0435317755 -0.00723078195
-0.0147761051 -0.0664077327
-0.00817765854 0.0181677379
0.0500206612 0.011690814
-0.0292137489 -0.078124918
-0.00734386407 -0.00813880935
-0.0724484399 0.0425221547
-0.0105818473 -0.104530312
0.00709927175 0.0104028312
0.0181267112 0.0276286099
0.058212705 -0.06728971
-0.000696371542 0.0188427363
0.0916771665 -0.00132330344
0.0320611298 -0.0145443417
-0.0223462507 -0.0752466694
-0.060016904 0.0172245167
-0.0625101849 -0.064032644
-0.00121729681 -0.0493037961
0.0184021946 0.0889540315
-0.0194850862 0.0195013359
0.0249513146 -0.0259892736
0.0414605029 0.00245082332
-0.0618083179 0.0264712628
-0.0506422743 -0.0309685245
0.0383472368 0.0269276928
0.0208552778 0.0292464029
-0.0400050357 -0.0251346026
0.0531810634 0.0149012525
-0.0303194989 -0.0284119416
0.0931247175 0.030811144
0.0450313054 -0.0625949204
0.00784519408 -0.0375462733
0.0218929574 0.0164654516
-0.0283369869 0.0221781451
-0.0568980835 0.0262358412
0.0381431431 -0.0721782595
0.0309427511 0.0366402976
0.0460062809 0.00653525814
-0.0326673277 0.00627657631
0.0118254619 -0.0203247368
-0.00646133767 -0.131717965
0.0147145279 0.0959434882
0.0480106026 0.0215479434
-0.00835788995 -0.0229102839
-0.0130515443 0.0835447535
-0.0403905623 -0.0272263866
-0.0175489336 -0.082807824
-0.0238821395 -0.0705699623
-0.0159361791 0.0360618979
-0.0568063967 -0.100014336
-0.057862401 -0.0350083634
-0.0587070659 0.0407642387
-0.0237669963 -0.0644510835
0.0319639742 -0.0196671933
-0.0246600006 0.0593194962
-0.0122262016 0.0937816501
0.00962428376 0.0405088961
-0.0623946898 0.0239431374
0.0281442069 -0.0568528958
0.0191688351 -0.105573192
-0.0224242546 0.0128508536
-0.0398246758 0.0309219006
-0.0609704033 0.0304455254
0.0401341543 0.0216856934
0.0742496848 0.0140660703
0.0477664024 0.0626508519
-0.00752097275 -0.0231031571
-0.0352421515 -0.0247156583
-0.0354578197 0.00772071304
0.0718226284 -0.0287905894
-0.0121213021 -0.0221678074
0.063117899 -0.0425046273
0.0424706824 -0.0215911083
-0.124527968 -0.0172075778
0.0452993028 -0.0248371996
-0.0513764098 0.042121429
-0.052465409 0.0399052612
0.0433416739 0.0422473848
-0.0749910325 0.00968406722
-0.0684367791 -0.0401384421
-0.00597087806 -0.0577261187
0.000720965851 0.00265068049
-0.0751792639 -0.034897726
0.00852781069 -0.078555204
-0.00795738492 -0.0132966889
-0.00648926618 -0.0181537252
0.0444379598 0.0259008575
0.035323631 0.0038819029
0.0351634957 0.0133930091
-0.0305332746 0.00491684442
-0.0209752489 0.0152296042
0.0762202889 0.0657275692
-0.00463020476 0.0828979388
-0.025937954 0.00739156455
0.027545996 -0.0236237459
-0.00726355193 0.0208729096
0.0655740947 -0.0116700586
0.0962738544 0.019699892
-0.144621491 0.00114609592
0.00619303901 0.0332132839
0.0437159836 0.0581163093
0.0122811999 0.0260099098
0.0105808862 0.0887380987
0.0125557389 0.0363676772
0.0343132876 0.000900374027
-0.0228801146 0.0374305546
-0.0898842141 -0.068795979
-0.0518445708 -0.0126146805
-0.00383805344 -0.0017300687
-0.0432089344 -0.0657789111
-0.0459973253 0.0880475864
-0.0273422375 0.0499321334
0.047082521 -0.0808291584
0.053790696 -0.0694846958
0.0128394654 0.0439991355
0.0653551668 -0.00863092858
0.0381999686 0.0387150608
0.0345732309 0.00092128088
-0.0340048447 0.0416403711
0.00827010907 -0.0225196127
0.0202531945 -0.0066704303
0.0459062085 -0.0617206879
0.044248946 -0.0402107947
-0.0640653446 0.0631986707
-0.0272997878 -0.0235392116
-0.030530652 -0.0840378553
-0.059064772 -0.0334021747
0.0557175986 -0.0322466418
-0.0338534899 -0.00766041921
-0.0100404266 -0.0814789608
0.0102513917 0.103705272
0.0496919304 0.009667431
-0.0153377885 -0.0183516871
-0.069521606 -0.0187780894
0.0300971214 -0.0491926633
-0.0386295058 -0.00386253209
0.0466880873 -0.00985304173
0.113695897 -0.0265804343
-0.0113629336 -0.0730281174
0.0353621729 0.0227838885
0.0138281491 -0.00465729414
-0.0717765093 0.0547364615
0.00303763826 0.00786384661
0.0060887509 0.015481527
-0.00819260068 0.0486763082
0.0403589904 -0.0585554615
0.00542418985 -0.117738187
-0.0314275436 0.00724566216
-0.0459676199 -0.00570976455
-0.0011889782 -0.0620368272
-0.0361309238 -0.0307233687
0.0164029077 0.0444209501
0.00272017624 0.0550360456
-0.0271884855 -0.020364996
0.0657502487 -0.090322189
-0.0602019243 -0.0370907709
0.0309555549 -0.0264832973
0.0454913191 0.0372437276
-0.0656866506 -0.00464674365
0.0398463234 -0.0049926904
0.0382161364 0.0930426419
-0.0223784614 -0.0312229693
-0.0912233517 0.0147866216
-0.0219143014 0.0502955802
0.0512285009 -0.00813232455
-0.0298641957 0.000705990708
0.016706381 -0.0241461582
-0.0678137541 0.00777230971
-0.0367978066 0.024284292
-0.0539878532 0.0184226483
-0.0523832217 -0.00790878013
-0.00179522613 0.0128056947
-0.00327085913 0.0841627195
-0.0947316065 -0.037003573
0.0618980192 0.0515735075
0.0464987606 0.0100386655
-0.0561642945 0.00354704773
0.0176243167 0.0539582856
0.0593321733 -0.0402054265
0.0174332112 -0.0360816568
0.0175388921 0.0271108896
-0.0877980813 0.0133706676
-0.0110635068 0.0138747962
0.0331338271 -0.0626771376
-0.0363298021 -0.0586273745
0.105209999 -0.0146465655
0.001178529 -0.0623917058
-0.0051487959 0.0108286189
0.053425651 0.0220304132
-0.0222732592 0.0379777849
0.0869017318 0.0281252172
0.0197138488 -0.00817513652
-0.0626772344 -0.0333753824
0.0496877469 0.00456854375
0.0508368649 0.0716380477
-0.0032069874 -0.0296721272
0.0331418402 -0.0894538537
0.114140175 -0.0306996275
0.119601116 -0.00623680418
0.0610746853 -0.00215122942
0.0504610613 -0.0781667903
-0.0150812073 0.0511569269
0.00171804545 0.0434879325
-0.0132179717 -0.0499568731
0.077586852 0.00277970592
0.0226486605 -0.0084017897
-0.0835007504 0.0250246525
-0.00332301715 0.0800498724
0.0195806995 0.0192068722
0.0180717539 0.0477609858
-0.0478846878 -0.0543112122
0.00722930906 -0.0663775653
-0.00519906962 0.0952911675
-0.00318761077 0.0196778607
0.00718220463 -0.0671857744
0.0733160675 0.0512075461
-0.0299092643 0.100262843
-0.0917329937 0.00957153551
-0.00053433975 -0.0698473081
-0.0115725053 -0.0460193679
-0.0381141976 0.0166028347
0.00527919689 0.0510183424
0.080038175 0.0233331993
0.0880713314 0.0214628614
-0.0756571963 -0.0568189025
0.0195632875 -0.0435524471
0.0246264152 -0.0562412813
-0.0683199242 0.0341316648
0.0777688622 0.0798799768
-0.0276776887 0.0233086795
0.0121542867 -0.0373904966
0.0306972507 -0.0563734546
0.00594720664 0.0206686445
0.00162652088 0.0469303653
-0.0130855693 -0.12274991
0.0181994922 -0.0464665256
0.00349859614 -6.46973931e-05
0.0566580854 0.00233176467
0.0123080527 0.00718731992
0.0917036235 -0.0370359011
0.0159760192 -0.0262708906
-0.0135367252 0.0206424706
0.00150491914 -0.0418593362
-0.0949358344 -0.0342411622
0.000571006851 -0.0141827585
-0.0524434969 0.0109837605
0.0270023532 0.00177397695
0.0936599672 0.0424611121
-0.0318349972 0.0561219305
0.0455448702 0.00739489496
0.0537118651 -0.0215083975
-0.0455827974 0.00813378766
0.0380125083 0.0111184344
0.039203532 -0.0399938263
0.0397612192 0.0165140498
0.0922915787 0.0193047561
0.0129932407 -0.0134161226
-0.0643703416 0.0344583131
0.0357886665 0.00602766592
0.019030245 0.0154811526
0.0456668399 0.0217020586
-0.00440956699 -0.0187961254
-0.0151322791 -0.0151248407
-0.0523378849 -0.0524979867
0.0087637594 -0.0175703336
0.0459988341 0.0300698075
-0.0193606354 -0.0311659668
0.0328782648 -0.0229559392
0.0462510139 0.0142063564
-0.0338304341 -0.00728710275
0.0253943764 -0.0919710323
0.0406453833 -0.00109215768
-0.0104834614 -0.00424268097
0.00209609792 -0.0485788696
-0.000403981743 0.0662283078
0.0275120065 -0.0470139608
0.00144545489 -0.0543110967
0.0253853798 -0.00298777362
0.0750781149 -0.0192006715
0.0429571271 0.0413972996
0.0410318635 0.0467762873
-0.0393284783 0.0257133022
-0.0652548149 -0.0552070141
0.0114086755 0.00079424039
-0.0526825897 0.130764857
0.033139687 0.0865656212
-0.0225674585 -0.0441377796
-0.0201937631 -0.0839860663
-0.0522221439 0.0306038335
-0.10184823 -0.0351869278
0.0228701606 -0.0169986971
0.0216497444 0.0774812326
-0.0316866934 0.0312134866
0.0544426851 0.0346337184
-0.0150763271 -0.00417572865
-0.00717977714 0.0213429574
0.0277970489 -0.0520794615
-0.0320060924 0.0186125301
-0.0698320419 -0.0245426875
-0.00302397693 0.00713712582
-0.0631772131 0.0201844126
-0.00766671076 0.0122861583
-0.00517127197 -0.0654414222
-0.026448112 -0.0525958315
7.11247339e-05 0.0144516714
-0.00531339925 0.0616826043
0.0455537774 0.0693526193
-0.0302152894 -0.04742698
0.0426797159 -0.0254678819
0.0648113266 -0.0223337226
-0.0100648096 -0.0058432743
0.00535513088 0.0617596954
-0.0473765545 0.0140841287
0.101675346 -0.0267176796
0.117215306 -0.0200597979
0.00570861576 -0.0467262864
0.0586851053 -0.0664902329
0.0357860625 -0.0274071973
-0.0158432666 0.0574045554
-0.0280892309 -0.0590380132
0.0758563131 -0.0274948105
-0.011175029 0.043332573
-0.0626033992 2.91604174e-05
-0.00725240028 0.0437498987
0.0114364186 0.0129341036
0.0788222477 0.0059044878
-0.0440905802 0.00389271253
-0.0684440732 0.0624306947
0.0716646686 -0.0562241934
-0.110686176 -0.0285636
-0.0210096687 0.0498900637
0.0137793971 -0.0547284596
-0.0612072498 -0.00446700212
0.0298944488 -0.000258059707
0.0289967433 0.0269450918
-0.0541934595 -0.0103221852
0.0457818247 0.00330415345
-0.0107525559 0.0457082503
-0.027861923 -0.055052083
0.104571849 0.0950672999
-0.0516265184 -0.00656573242
0.0149146505 -0.0449768677
0.0331448875 -0.00718414504
-0.0337667316 0.00486301724
-0.013379328 -0.0226898026
-0.124602713 -0.0419250466
-0.0634882301 -0.0245833695
0.0163163655 0.0793810338
0.060986001 0.0621259324
0.00574123953 0.0290462952
-0.0383473225 -0.0225240886
0.0115476213 -0.0391512662
-0.0201167818 -0.0242026169
0.00436333334 0.023118386
-0.0605187491 -0.00716767879
-0.126522839 -0.0296437517
-0.0404777639 0.00178778905
-0.0536622442 -0.00897980388
0.00922547933 -0.0618113913
-0.0344839394 0.0360023864
-0.0384607017 0.0549513176
0.010725663 0.054955408
-0.0260234475 0.0433331542
-0.0403177179 -0.00863558333
0.0255098436 -0.0136855869
0.0313034803 0.00220017694
-0.0493514538 -0.0320475399
-0.0756730586 0.0275329053
0.00145788281 0.0332705677
-0.0117192455 -0.00459668506
-0.0203029793 -0.0360059552
-0.0189091396 -0.0619616993
-0.0276320428 -0.00621555606
0.051637426 -0.00211470597
0.00571694132 0.0112902699
-0.0445555635 -0.0307352543
-0.0234123748 0.0208882429
0.073110275 -0.00687032938
0.0222421009 -0.0096428683
-0.10320951 0.0347757414
0.0685196519 -0.0098434519
0.0123496167 -0.0336073004
-0.012067968 0.0337175429
0.0928125009 -0.0274788793
0.0439606234 0.0432913676
0.0680739656 -0.0102262441
0.0741714612 -0.0722164214
0.0601210818 0.0107713221
0.0367342383 -0.00249405275
0.0019656478 0.000578789331
-0.0493709035 0.020300243
0.000380961894 -0.0325735621
0.0696541741 -0.023835415
-0.00880594738 -0.0254679602
-0.0273905806 -0.00965585839
0.0714278072 -0.0492077284
0.0105893891 -0.0148529243
0.0357679874 -0.0288793594
-0.0688497052 0.0115965493
-0.0133271525 -0.00257197209
-0.0226772949 -0.0225256495
-0.0534388013 -0.0516357236
0.0665845498 0.0309737604
0.0303195193 0.0596621484
0.0195746664 0.0145360585
0.0242770705 0.00605057459
-0.062499918 0.0688244849
-0.025359733 0.0391549133
0.000405692321 -0.0237331316
-0.0268459432 -0.0118393879
-0.0115282787 -0.0443631448
-0.025181409 -0.00111419649
0.0785854682 0.0187421627
0.0640105605 0.000683978433
-0.0465659313 -0.0534128472
0.0196667444 -0.0377907641
-0.106921054 -0.0112376539
-0.124376871 0.0285779331
0.0363579765 -0.0368488394
0.0460609943 -0.00315905781
-0.0813984275 0.0628442243
-0.0316489786 0.0735346302
0.0529205576 -0.0351692624
-0.00307001011 0.0427860469
-0.0277127456 0.0236992352
-0.00806644838 -0.0463587828
0.00110897922 -0.00420439057
0.0712700784 0.0762898549
0.0245092697 0.0330451615
-0.0399501473 -0.0297073741
-0.0367819816 -0.0542124435
0.0529294126 -0.0258888379
6.96364878e-05 -0.0547158234
0.0134299994 -0.0124814669
0.0468695909 0.0556844696
0.0631502569 0.0525128134
0.0717027858 0.00283688051
-0.0387088619 -0.0132020423
0.00916908123 0.0476176813
-0.0450019278 -0.0638160333
-0.114159517 0.0126490202
-0.0585508086 0.0595892221
-0.142271608 -0.0577728339
0.0342451669 0.00955250952
0.0252353158 -0.0331412107
0.0284453966 0.00454023248
-0.0037154546 -0.0593340136
-0.0235378556 0.0082710553
0.0689611509 0.0310284421
0.0271625221 0.0333773121
-0.00755869457 0.0441754982
-0.0943842679 -0.0458517335
-0.0860925317 0.0535756163
0.00407382939 -0.0116662085
0.0232106503 -0.0386672318
0.0178690683 0.0286075715
0.0438346229 0.0257521085
0.00902895164 0.0804313496
-0.106635831 0.0182815362
-0.0252297241 0.0239500608
0.0266807582 0.0226667896
-0.0151748648 -0.0545209236
0.0103526069 0.045032464
-0.00404626736 0.0601725169
-0.0332142003 0.0381978713
-0.0290584955 0.0154187009
0.0178610198 -0.0984506384
-0.0463039912 0.016960578
-0.0178782642 0.0045168451
-0.0303284917 -0.0612630174
-0.00579394307 0.00827850122
-0.0591649897 0.054056786
0.0397011824 -0.0056332238
0.0104787424 0.00108888489
0.0650207251 0.0462261885
-0.0231821183 -0.0219286922
0.0136989867 -0.0255348086
0.068382673 -0.0468141325
0.122604772 0.0390562043
0.0891655236 0.0264891163
-0.08514525 -0.0133328326
0.0342055745 -0.0454615466
0.00509110605 -0.0344905145
-0.068670027 0.0526306331
0.0933970809 0.0969891474
-0.012145021 0.0545139909
-0.034079995 0.0337168984
0.0298594609 -0.0774684101
0.0130515313 0.0479616821
0.012535003 0.00816479418
0.0248399284 -0.130240217
0.0163817741 -0.0426308401
0.0127130821 0.015839098
0.0683164671 -0.0204316061
0.0231580511 -0.0030526882
0.0585300922 -4.53192952e-05
0.0561430119 -0.0417071953
-0.0442189276 0.0109745646
0.00828532595 -0.0613235123
-0.0882767886 -0.0133889653
0.0236925427 -0.0218330491
-0.0897916555 0.0182425603
0.0269126482 0.0353575088
0.075184457 0.0270327032
-0.000798271794 0.0461743586
0.050473962 -0.00877162628
0.0419819355 -0.0457565188
-0.0325779617 0.0105409231
0.035382513 0.0105213653
0.0382893607 -0.0125285769
-0.0259054061 -0.0111274533
0.00328327669 0.0555306897
0.0373729058 0.0676068068
-0.0238976497 0.0705042556
0.0117626432 0.0506642759
0.0108291106 0.015346583
0.0522102639 0.00339257531
-0.026640946 -0.061067149
-0.0171959419 0.035851907
0.0182877202 -0.0528892018
-0.0136584835 0.0784502774
0.0380291454 0.0118437894
0.0655155256 -0.0976307094
0.0563777648 0.106011711
0.0785021186 -0.0507360063
-0.0469828397 0.0526519231
0.0422656834 0.0136841517
0.0702744052 -0.0612675399
-0.0504283458 -0.00970028993
0.02456869 -0.0277914871
0.0527995788 0.0696753561
0.0142750349 0.0273260809
0.0226955879 0.00186737673
0.0565010048 -0.0602611974
-0.00477192178 -0.11559204
0.0154203027 0.0698983818
-0.0144291027 0.0365952104
0.0120564876 -0.0188777801
0.0555689596 -0.000353444804
0.0258506052 -0.0282877497
0.023869561 0.0857151002
0.0207568314 0.0765571818
-0.0284960326 0.0408844277
0.0500955246 0.0667997599
-0.0676586404 -0.0807035938
-0.0583227761 -0.0240016617
0.0450828373 0.0196078941
0.016622968 -0.0462584235
-0.0389568545 0.0345570408
-0.0439079776 -0.0132674873
0.0271844156 0.0108068297
0.0154948002 0.00897612795
-0.0701560602 -0.0811012387
-0.0444457829 -0.036910817
-0.0255163573 -0.01468636
-0.0309782606 0.00631970586
0.096667476 -0.0385419019
0.054797776 -0.0280222781
-0.0146546122 0.0362991095
0.0419484079 0.0429623686
0.0416783951 0.0242171399
0.0349178575 0.0309743844
0.0345303193 -0.00634813216
-0.00746953534 -0.034252461
-0.0539340414 0.0774529949
0.00372832059 -0.00491825026
0.113988623 0.0294360109
-0.0244313236 -0.0636780187
-0.0525086038 -0.0425634347
0.0217602309 0.12577571
0.0493378751 -0.0314871371
0.00930407178 -0.0713660419
0.0187450889 -0.0005412951
0.0365935527 0.0221712869
-0.00940883439 -0.0490085855
-0.0196695831 -0.00490968209
-0.0372051224 -0.0280912779
0.00242413394 -0.0943313614
0.0535254329 -0.0196002591
-0.0460147969 -0.01404416
-0.012219565 0.0268079843
-0.0695290565 0.0370372273
0.0327401124 -0.0169269852
0.0502794273 0.0266483612
-0.0197063163 -0.0471452139
0.00121641054 0.0130297169
-0.00782671571 -0.0472772419
0.0598480403 -0.022232797
0.0478912219 0.0683682039
0.026199352 0.0138506209
0.0278122742 -0.0954595655
-0.0542994402 0.0190262292
0.0618041456 0.0464972444
0.0193082597 0.0206057541
0.0464025885 0.0213358179
0.0270732976 0.011091819
-0.0395002514 -0.0450573005
0.0261009447 -0.0115579758
-0.0029628952 -0.0281695928
-0.0749276057 -0.081208691
-0.0344232954 -0.013979516
-0.0284197535 -0.0219571032
-0.0106824953 0.00419629039
0.0103341257 0.0048323744
-0.0203369986 -0.0224761646
-0.0316965245 -0.0289290659
-0.00309969927 0.0664116815
-0.0676403344 0.0740554109
-0.0559136756 -0.016262278
-0.0130845085 -0.0119354492
0.0158311166 0.0536590889
-0.00408715475 -0.0982462689
-0.0273818728 0.0301384851
0.0526029728 0.0464108698
-0.0159135871 -0.0150461206
-0.0266128797 0.0015213961
0.0206524599 -0.0493045412
-0.0438199341 -0.105904944
0.000604183646 0.0543428622
-0.00953751244 0.133104488
-0.0289690644 0.00808374118
-0.0785137936 0.0955601037
0.00740910135 -0.0452926457
0.0607306212 -0.0660660267
0.0308060385 -0.0392290354
0.124489151 -0.029852977
0.0506050475 0.0623307489
0.0113376314 0.00857195631
0.0289802663 0.0632379428
0.0369502977 0.0552386008
-0.0252457298 -0.0109669631
0.0572500788 0.00266031432
0.0891469643 0.00386563432
-0.0574412942 -0.0288071297
0.0551354624 -0.074413158
-0.0104269488 -0.0731899068
-0.0301824193 -0.100603066
0.0301997606 -0.0672581345
-0.06834355 0.00285282754
-0.0196784716 0.0300848912
-0.0528130792 -0.013925246
0.0426289216 0.011536723
-0.00411160616 0.0617562234
-0.0711334273 -0.0377181992
0.078395769 -0.0127676902
-0.0534736626 0.0548137873
-0.161703259 0.0617465302
-0.0491454527 -0.00890123192
0.0323220938 -0.0123203723
-0.0150895258 0.0244988799
-0.0926739499 -0.0350524858
-0.0202058442 -0.0147387329
0.0619079471 -0.0566054806
0.0329623632 0.0188923478
-0.0321483761 0.0435420424
-0.00211865292 0.0195742846
-0.0617819279 0.00820793211
-0.102485143 0.0587888286
0.046072375 0.028273575
-0.0112756714 -0.0562129244
0.0151833221 0.00912881363
0.0739273056 -0.0221183728
-0.0421218015 -0.0285165943
-0.0030460998 -0.0286582261
-0.0739101321 0.000605306705
-0.0724185929 -0.00392018026
0.0253586583 -0.019606214
-0.0470653772 0.028194584
-0.0317555778 -0.00490638753
-0.0772226527 0.0386307091
-0.00611253176 0.0372218899
-0.0507072844 -0.0273761339
-0.0613667965 0.0681282952
0.0733663961 -0.028500732
-0.00599816861 0.00983581506
0.017431045 -0.00279007596
0.0150823621 -0.0496569388
-0.0201933905 -0.022988081
0.0385596044 -0.0328458846
-0.02924609 0.049872499
-0.0472458936 0.010268121
0.00104145973 -0.0410560891
0.0433916412 -0.0140581299
0.0357006453 0.00614482723
-0.0426275991 0.043153394
-0.0645220503 0.0429484434
-0.00249530049 -0.0014255147
-0.0184868649 0.0917776078
-0.0483223908 0.0197203513
0.0274056252 0.0281065237
-0.0598669387 0.00884576421
-0.0518226139 0.0177348964
0.00925437082 -0.0412936769
-0.0257465467 -0.0496568009
-0.0394693054 -0.0202522855
0.0453468934 -0.0110962922
-0.0173108764 0.00875220355
0.00706196623 -0.0209166482
0.04162715 -0.0798657313
-0.0280682296 -0.0180142913
-0.0859534442 0.00304940669
-0.0575434081 0.0439569056
-0.0314947478 -0.0473503545
0.153277501 -0.0375711285
0.103241228 0.00452674925
0.000669019588 -0.0426483452
0.0867494419 -0.0408844985
-0.00663822284 0.00183632981
-0.00939015206 -0.0464762263
0.0427965894 -0.00357545703
-0.0343188569 0.0512961932
-0.0381520241 -0.0767233744
-0.022788858 -0.0781905651
0.049767714 -0.0290493071
0.0130572505 0.0242345408
0.000335707911 -0.0338214561
-0.0153896147 -0.00401637703
-0.0207437668 -0.046387352
0.0315695852 -0.0588710606
0.0681121796 -0.0115493219
-0.0489000492 -0.0496292412
-0.0539995804 -0.051728081
0.00532318559 -0.0651428476
0.0616677999 0.00524886092
-0.00992360152 0.0880623162
-0.00200154237 0.0260963384
0.082066156 0.0614461787
0.0923862159 0.0207762662
0.0494019724 -0.0270404443
0.011094817 -0.0311314389
-0.0736858919 0.0349728689
-0.00766134076 -0.00235670409
-0.0419145711 -0.0423976518
-0.112436496 -0.0549667403
-0.03796193 0.0284901746
-0.0475296117 0.0641660392
0.0357715487 -0.0578917079
0.02227607 0.0650501102
-0.10292802 0.0805769637
0.00896851905 0.0147825051
0.0757291839 0.0491914414
-0.0775002465 -0.0259144623
0.0255425349 0.0390121005
-0.0124978665 0.0507687442
-0.0543688871 0.0123809762
0.0291168094 -0.0620841049
0.00436130213 0.0331821963
0.000822907197 -0.000306407834
-0.0500731021 -0.0622211918
-0.067966558 -0.0507271029
-0.0216382276 -0.00513849268
0.111884162 0.0513207167
0.0426858999 0.0384623483
-0.0548165888 0.00972989947
0.0266161393 -0.0562683083
-0.0240629409 -0.000112417656
-0.0944660902 0.0130977482
0.0699381456 0.0177485906
0.0215871558 -0.0175425224
-0.004760982 -0.00350475265
-0.00799566042 0.0523462109
0.0773196444 0.092253767
0.0301134679 -0.0255447831
-0.0305395555 -0.040642973
0.0170560405 0.0184674729
-0.0423218608 -0.0302871671
0.00678970991 -0.0463271625
-0.0128626684 0.0917969346
0.0612665899 0.00772889517
0.047811307 0.0556946285
-0.0099075865 0.0736086592
0.0226745512 -0.0100552784
0.063831903 0.0151227498
-0.0731476173 -0.0738514885
-0.0169299375 0.0521192811
0.0689462945 -0.06412182
-0.0456473008 0.0702281222
0.0328332521 0.0307478551
0.03160014 -0.0774334893
0.0645398349 0.0718980283
0.0322363339 -0.0155535433
-0.00323181762 0.0414585844
0.0623307563 0.0159484763
0.0669402108 -0.0407137387
-0.0543883145 -0.00754468469
0.059269689 -0.0131441597
0.07122612 0.067138426
0.0240246803 0.0234523378
0.0180997811 0.0480595231
0.0399126858 -0.0749751925
-0.0193740092 -0.0448131673
-0.0244510043 0.0753379986
0.0036729523 0.0468174554
0.0581083931 0.0248642415
0.0890129358 -0.0351580344
0.0374797434 0.0194101296
0.0458969921 0.0413432419
0.0587106422 0.0381396115
-0.0341152512 0.0375841781
0.0386809483 -0.0366856791
-0.0200161505 -0.102329656
0.00534571847 -0.0186439846
-0.0445078202 0.0134290392
0.00327556184 0.0265015662
0.02641901 0.00504368078
-0.0802537501 0.0400802679
0.0219375808 -0.029651124
0.0113802468 -0.0239861254
0.032904081 0.0420466475
0.0445825197 -0.0152854072
0.0102998689 -0.0370997377
0.0129303178 0.0349035338
-0.0989239737 -0.0042527155
-0.0337647423 -0.0964986458
-0.00246814103 0.0308677275
0.046839118 0.0151016358
0.00594083127 -0.0389820524
0.00354291336 0.054174915
0.0474920422 0.00536087248
0.0284756105 -0.00652215676
-0.0378194153 -0.0125675285
0.0330684148 0.0301832873
0.0166027229 0.0166607238
0.0449663661 -0.0166642666
0.0199391395 0.0429990739
-0.0180406421 0.0259282943
-0.00964953844 0.0110422177
0.0864928067 -0.0293944534
0.00244801398 0.041544795
0.0403395407 0.00616478967
-0.00047817317 0.0564986914
0.125665724 0.0561505966
0.0255448744 0.0243186634
-0.0394029655 0.0409046784
0.0309633333 -0.0327796862
-0.0721188337 0.0387585647
-0.0396479964 0.0118952561
0.0329007283 0.137641788
0.0417923369 0.0567249171
0.0488937944 -0.0283675883
-0.013049745 0.0405462869
-0.00721077994 -0.0321147665
-0.0299881138 0.000931226241
-0.0187376086 0.00884105172
-0.0386072919 -0.0592297502
-0.0273773242 0.00869423989
0.0729980171 0.0596528128
-0.0162584893 -0.00090607506
0.0490916744 0.0457504988
0.0383109711 0.0123097869
0.0452119596 -0.0482428037
0.0709336326 -0.0980192274
0.00656577572 0.0268629864
0.0434746034 0.0568628162
0.0427428372 -0.021406522
0.0548037626 0.00268713105
0.0527762212 -0.0460708812
0.0256871562 -0.00332046696
0.0169742294 0.0977714434
-0.0226711165 -0.0224286634
-0.0947720185 -0.00434964988
-0.0345294774 -0.0118074371
0.0560877547 -0.032931596
-0.0143235335 0.0485150851
0.00823530648 -0.0130721983
-0.0167102441 -0.0568269938
-0.0856446698 -0.0840443
-0.0100172805 -0.0632872507
0.0347057879 -0.0537560247
-0.00937298127 -0.0241853558
0.0498054698 -0.00778144039
0.0312332753 -0.00799790584
0.0400029831 -0.00860983413
-0.0294667725 0.0484665819
-0.0200268403 0.0110137854
0.0516064502 -0.0436011441
0.0593298227 0.0179189797
0.0207623132 -0.00651012827
-0.0172926486 -0.0666752681
-0.0681779981 0.0108324047
0.0569384918 -0.0164818056
0.0831684098 0.0110411253
0.0287677869 0.0739560872
0.000347762892 -0.0122516155
0.00451757386 -0.0227709208
0.0459493883 -0.0768406019
-0.0391493849 -0.046339415
-0.0425942503 -0.0203084257
-0.044984702 0.0389101505
-0.0137826344 0.0577469282
0.0297912676 -0.00312146428
0.00818556454 0.0544408262
-0.0161289349 0.0601432212
-0.0803924426 0.0095656747
-0.0455702357 0.0532772839
0.00714646652 -0.0650064722
0.00687597832 0.0829351172
-0.00412047887 -0.00281902752
-0.0399463177 -0.037382517
0.0193961579 0.0445145592
-0.0182522126 -0.0629550368
0.0239846371 -0.109602831
-0.0140357502 -0.0827970132
-0.0471256711 -0.00304302108
-0.00565400533 0.0679408535
0.00637161871 -0.0380885713
0.122142904 -0.00270431
0.0325151607 0.0297607221
-0.044813063 -0.0476685949
-0.0338515006 -0.00100515725
-0.00938562583 0.0242769308
-0.049014423 -0.00582600804
-0.0359801501 -0.0266429484
0.0237925369 0.00987030659
0.0636446476 0.0759342685
-0.0449055582 0.0533798411
-0.0258252583 0.0585857518
0.0485217087 0.0434489287
0.0704822391 0.00571066421
0.0404496863 0.0487411954
0.0438389666 -0.0107239839
-0.0136664789 0.0190341044
-0.0272051003 0.0504445098
0.0284070857 -0.0604958497
-0.0153415781 -0.0956030786
0.0175409988 -0.0520795844
-0.0301901642 -0.0458325371
-0.0439109094 -0.00605374482
0.0645000935 0.0465197898
-0.012779071 0.0466965474
-0.0998515263 0.028274782
0.0222090986 -0.0250830464
-0.0296064354 0.0315350331
-0.0285937935 0.0233937558
0.0497046672 -0.0191263743
-0.0242509339 0.0495049767
0.10866189 -0.0268210582
0.0442157872 -0.00372073636
-0.0366836153 -0.0140390079
-0.0838926286 -0.0578952506
-0.0161211547 -0.0538498648
0.0316701941 0.00388395647
-0.0881285965 -0.0343379267
-0.0958244354 -0.092114076
0.0174134057 0.0295796506
0.0195377972 0.0137735531
0.0323376544 0.0450830013
0.00205146987 0.0712242872
0.0138283679 -0.0855396613
-0.0760375187 0.0399176069
-0.0496136956 -0.00262135244
0.00694642123 0.0702917948
-0.0558715239 0.0884380564
-0.0865238011 0.00891369767
-0.0301591996 0.072073698
0.00978673249 -0.0173183475
0.00819785334 -0.0662401244
-0.0263151713 0.0908730775
0.0400833189 0.0348762162
-0.0983263329 -0.000786672637
-0.113862179 -0.00127776235
0.030020399 0.0642408803
0.0690631941 0.0426889658
0.0178446211 -0.00465242937
-0.0915128365 0.0587191619
-0.0749735683 0.0234755203
-0.0750452876 -0.0119225858
-0.0416073054 -0.0141375437
0.0293761697 -0.0143262343
-0.0334327519 0.00777366059
0.0423244499 -0.0345706157
0.0202629194 -0.0391944237
-0.000388210203 -0.00261318497
0.0363746397 0.000261981797
0.00204289402 -0.0201343857
0.0596058778 -0.0126189366
0.0188433863 -0.0367859639
-0.0291297194 -0.0349164344
-0.0396004878 0.00310655613
-0.0727904662 -0.043005988
-0.0621842407 -0.00100985053
-0.0864467621 -0.0383851342
-0.0182548724 -0.124647714
0.0340227447 0.0143418387
0.0249113403 -0.0138040138
-0.0275335517 0.025168106
-0.0262033548 0.000716039911
0.0157914367 -0.0389399678
0.0475689583 0.00899340492
0.0302399229 0.0305848364
-0.0190380998 -0.0200004056
0.0177779291 -0.0642611235
-0.0515858606 -0.0186832473
-0.0081498269 0.0523009263
-0.0167635009 -0.0244040582
-0.0451909751 0.0307507142
0.036045216 -0.05085738
-0.047273241 0.0104936613
0.00949759688 -0.0256950352
0.0965478793 0.0373620391
-0.0299059656 0.00479439925
-0.00136932905 -0.0141185224
0.0274570417 0.0421727933
0.114079021 -0.0694925189
-0.0531977788 -0.0312165767
-0.0793888122 0.0128037846
0.0354893878 0.00214003469
-0.00953480694 0.0434080772
-0.0255480129 0.0393766835
-0.0242785309 -0.0590673536
0.0183923636 0.0538243763
0.0239971671 0.0234989785
0.0187814832 -0.133255959
-0.075679563 0.0029075935
-0.0312063377 0.0692677125
0.0562261157 0.0429096296
-0.0458611138 0.0355708636
0.0360472836 -0.072954379
0.106147118 -0.0394072384
0.0179128367 -0.0164271854
0.0698131397 -0.0280597955
0.0156400967 -0.072189264
0.0410218164 0.00323626748
0.0373566262 -0.013179657
0.0343298875 0.0272501484
0.0592986569 -0.0076370337
-0.00588899851 -0.0253982637
-0.0140647078 0.0810587555
-0.0291245896 -0.000414994807
-0.0216457695 -0.0187560618
0.0537145287 -0.00579364784
0.0203059111 -0.0169014242
-0.0546953864 -0.0274025183
0.0117991967 0.0208316948
0.0510373414 0.0037325155
0.0539171807 0.0541066565
0.024105873 -0.00637063663
-0.031990923 -0.0847681835
0.0525402352 -0.0453523248
-0.0173057634 0.0562288202
-0.0626116246 -0.0114873797
0.0477925055 -0.0300788935
-0.0887151435 0.0173116438
-0.0897739753 0.0141435741
0.00380678382 0.0190426912
-0.0173287168 0.0478549823
-0.00436828332 -0.076170899
0.0251149163 0.0603915192
0.0173378065 0.100943826
-0.0720256269 -0.0100085279
-0.00410134345 0.0255012382
-0.0169929247 -0.025475597
-0.0731189251 -0.0156570375
-0.016719304 -0.0300936326
-0.0492055677 0.0367319845
0.0702395737 -0.00883902889
0.0227977205 -0.0203291979
-0.00341385184 -0.0147491014
-0.0522190444 -0.0123430695
-0.0252730325 0.0297303256
0.0596559308 0.0264867116
-0.0794619918 0.00646666484
-0.00918805413 -0.0486131832
0.0454277694 -0.0303415358
0.0231872518 0.0381510109
0.0400725119 -0.0236576516
0.00362336938 0.0162090231
0.0036282402 0.0673346817
-0.0894017965 0.00381181319
-0.0139323156 -0.126054317
0.00794274267 0.0472907126
0.0399916954 0.0620807856
-0.00199975586 -0.0490115471
0.0165847652 0.0652638972
0.0716914013 0.021948779
0.0213630479 -0.0276405178
-0.0453089327 -0.0290092118
0.00136247359 0.000339499908
0.0613860935 -0.00101748772
0.0500585213 0.00352744292
0.0561490394 0.0716766119
-0.0433755517 0.0221453793
0.0613780953 0.0213856418
0.0733147785 -0.0150787421
0.0353191867 -0.00312467548
0.0182825755 0.0588966757
-0.000273123995 0.0373502411
0.0259685535 -0.0307428129
0.00325578544 -0.0627505556
0.01218984 0.0195623823
0.0581933223 0.129248783
0.0370922126 -0.0538093187
-0.0638637692 -0.101293795
-0.0050214096 0.0425446853
-0.0179162826 -0.0533136502
-0.021252241 -0.0243055392
-0.030518407 -0.0187562052
0.0312381368 -0.00205272366
-0.0492567569 -0.0333690532
0.0200992227 -0.00962341856
-0.020653626 0.0504097827
-0.0456156433 -0.0202090256
0.101937927 0.0529473945
0.0326080807 0.0346581079
-0.0210844781 -0.0419015288
-0.0459036119 -0.00114338566
0.00258169835 -0.0142098824
0.0688205063 0.0159365255
-0.0846362785 -0.0916899294
0.051278308 -0.0393641628
0.0611616336 0.00970996544
-0.0118582491 0.0140700648
0.0087154163 0.0155141307
0.0256936215 0.0195854139
0.0293321107 -0.0420715213
-0.0118759703 0.0223343577
-0.0290259868 -0.0272092074
-0.0302572828 -0.0749694109
-0.00307242223 -0.0094713876
-0.0622883774 0.0886345506
-0.0262945145 0.0509908162
0.0122969402 0.00671745744
0.0426519923 -0.0580439493
0.043359369 -0.0867104307
0.0539042912 0.00196814304
0.0136934277 0.0165347736
-0.0986772478 -0.0584991276
-0.031006759 -0.0138620753
0.0457130745 -0.062588416
0.00587288896 -0.0508885831
-0.0274165031 0.0553362109
-0.0292747691 -0.0141728129
0.051964242 0.0363517478
0.00814469904 -0.0253621489
0.0553164333 -0.0012275466
0.0583385862 -0.080904305
0.0201531295 0.0142354872
0.0403012149 0.0601400882
0.00748996111 0.0174846798
0.0575220771 -0.00470222579
-0.00838840473 -0.0105724698
0.0200184025 0.0258130319
0.125175282 0.0376966558
-0.0785206556 -0.00254189037
-0.0396057032 0.022942394
0.0775543898 -0.0296393242
0.0666277707 0.0301064868
-0.0712068602 0.0339671299
-0.0949738696 0.00726316171
-0.0492699221 0.0249105264
0.0489675738 0.059021268
0.0324973315 0.0201877225
-0.00603029691 -0.0304764546
-0.0217458811 -0.00256711245
-0.00902815629 -0.0352077298
0.0475674607 0.00966599118
0.036364574 0.00189794414
0.0530875698 -0.0504026636
-0.0616456382 -0.0117773497
-0.0941036865 0.0769415572
0.0391270891 -0.00258898945
-0.00129761652 -0.00148033362
-0.00616701506 0.022063585
-0.0157690458 -0.0252007823
-0.0184383318 0.0217260383
-0.0312973298 -0.0441522971
-0.0218528453 -0.0333428308
-0.00237597199 0.0658607185
-0.0335086808 -0.0164762698
0.0183519572 -0.0389117524
-0.0241672453 -0.0420869663
-0.0380350463 -0.0550844781
0.0555402227 -0.0348649696
0.0552799664 0.0202383045
-0.0279002693 0.0243663061
0.000882917142 -0.022141818
0.0268214643 0.0149609894
-0.00315393228 0.0723892525
0.0670707673 0.027446527
-0.0310988855 0.030575579
0.0148450099 -0.0341459997
0.0237197485 0.0588543117
-0.0343283787 0.0324965343
-0.0496577621 -0.0549302846
0.0301309694 -0.0406537205
0.032071013 0.055113025
-0.115310021 0.0477522574
0.00634958595 0.0616317019
-0.0584752262 0.00180879666
-0.0379299037 -0.0838101134
0.0216580667 0.00780673837
-0.0947518796 0.0472474024
-0.0373006165 -0.0318686925
0.0188748557 0.0438100249
0.0731504112 0.0179571826
0.0418768376 0.0161830951
0.0354714543 0.0569288619
0.000947673689 0.101777606
-0.0513186604 -0.0567822419
-0.0394364223 -0.0826923102
-0.0501296595 -0.0433437973
0.0327637941 -0.00995824765
-0.0874436274 0.05875149
0.0526944511 -0.0504284911
0.0875704587 0.0397811532
-0.0137890633 0.126941472
-0.0361723155 -0.00938581303
-0.00797215942 0.0413546748
0.0309207123 -0.0239681099
0.0674222261 -0.100425974
0.0222456437 0.0424667783
0.0758100227 0.00237109675
-0.00791926403 -0.0220773518
0.0653259829 -0.0420019217
0.0299108643 0.0221493077
0.0128979897 0.0198323112
-0.0509930477 0.0016394204
-0.00904698484 0.0767746717
0.0993399471 -0.00596969668
-0.0488530993 -0.0360631756
-0.0464079455 -0.000815314008
0.00312249875 -0.0603131056
-0.0602397025 -0.111296609
-0.0728617832 0.00848778803
-0.0226266831 0.0018989013
0.0277294461 -0.0554810464
0.00989029929 0.0366744846
0.0496962257 0.0571453795
0.0132875675 -0.0890888199
-0.0439793356 0.071793139
-0.00975968689 -0.0064891139
-0.0504450463 -0.0745658129
-0.0487943962 0.0202326756
-0.00459352229 -0.0318251066
0.0358351544 -0.0668620095
0.115822561 -0.0635160655
0.00334961968 0.0413708612
-0.0286823139 0.0824551284
-0.101878077 0.0190785155
-0.0475083739 0.0816676766
-0.0134113133 -0.0225123148
-0.0869537815 -0.0662530214
-0.000508495024 -0.018264031
0.0119343195 0.0390264429
-0.00938379392 -0.0215373561
-0.00240905117 -0.0173290595
-0.100268729 0.022495497
-0.0411182269 0.0398344733
0.0179244969 -0.0151869049
-0.0321657881 0.0271137599
0.0118438238 -0.00979190599
-0.0348038748 -0.0400258414
-0.0376356952 -0.0162970461
-0.0381315872 -0.0946872234
-0.113017254 -0.0622255504
0.0368780941 -0.00162883394
0.000521549897 -0.0350561254
0.0140902605 0.036163386
-0.0758560821 -0.0297080409
-0.0753360167 -0.0616959967
0.0414173305 -6.30099385e-05
0.00819417089 -0.0509614982
0.00833963603 0.00354965613
0.0284584425 0.0422265902
0.0613971651 0.0050482573
-0.019827811 0.0162463356
0.00607379805 -0.047169853
0.0247216318 0.00995016657
-0.0537688322 0.0654853657
0.011393493 -0.0677135438
0.0111596147 -0.0156204235
0.0356908254 -0.0317857042
-0.00368046761 -0.0879769996
-0.0145185851 0.0639971048
0.0554363281 -0.0364493355
-0.0813487023 -0.0991328135
-0.0115497829 -0.0353349298
0.0389417745 -0.0152690373
-0.00565184746 0.100199282
0.0845335945 0.0238809865
-0.00677037518 -0.0174932983
0.00962264836 -0.000112894624
0.0165570378 -0.0275695082
-0.0791615173 0.00390931498
-0.0277829189 0.0373478681
0.0626986101 0.012918951
-0.0184634961 -0.0111310082
-0.0536349602 -0.0306486059
-0.00829702057 -0.00462119048
-0.00888534542 0.0494669676
0.0351160876 0.0118297245
-0.00898729637 -0.00772398664
0.0224016756 0.062959142
0.0702920258 0.0574686974
0.0192174595 0.0137552647
0.000798451481 0.0169650931
-0.00176136568 0.00530764833
-0.00968082435 0.0372467861
-0.0179527923 -0.0187774822
0.0407367907 -0.0151814148
0.0196046829 -0.0295150094
-0.0326044336 -0.014103042
-0.0171331316 -0.0286142286
0.0218106862 -0.0227011051
-0.00216208841 -0.0404941104
0.00326693268 -0.016361421
-0.000518011162 0.080128856
0.0238847584 0.00100522442
0.00228275009 -0.0294549223
-0.0786807984 0.0602940582
-0.0828999057 -0.0375353545
0.0101637691 0.0290008765
0.0607050955 0.0241286494
-0.00958548021 -0.0272005107
-0.00735345203 -0.00657858513
-0.00898434222 -0.0270955507
0.00387229235 0.0231899973
-0.0268587954 0.060483586
0.0977244452 -0.00276283314
0.0915565118 0.0349091999
0.0482954234 -0.0353347883
0.107866749 -0.0082364073
-0.0105609633 0.0156582948
0.0539295152 -0.0435231589
0.0237144176 0.0143061355
-0.136892542 0.0663724542
0.0711431578 0.0900911614
0.00405921321 0.0279378369
0.110442318 -0.0512913205
0.049377121 -0.0115958089
-0.0362096541 -0.0241515692
0.0441971198 -0.0185064413
0.0715626925 0.0484981164
0.00151446741 0.0256808046
-0.0344283991 0.0463864133
0.0368758813 0.0123802675
-0.07577876 -0.0245105773
-0.0139932781 0.0564904213
-0.0253053345 0.0662937164
-0.00530586531 0.00849934947
-0.0238627866 -0.0327945612
-0.0450241901 -0.056087479
0.0126109608 0.0328122079
0.024888549 -0.000567058451
0.0899050236 -0.0778321475
0.037181329 0.0423864871
0.05071491 0.0833856463
0.0560873337 -0.0781770051
-0.0581312962 -0.113930061
0.023031462 0.0258703381
-0.0464721881 -0.0419578291
-0.0462870523 -0.0399958752
-0.0473503992 -0.0171473213
-0.000699709752 -0.00937942695
-0.0216755252 -0.0400473773
-0.00390249281 -0.0526263155
-0.0358713716 0.0825465322
-0.119243562 -0.0152072795
0.105233505 0.0264164917
0.0158652104 0.0676500425
-0.013242539 -0.0386646539
-0.00645821681 -0.00688440492
-0.0306468122 0.0317182094
0.0870272368 -0.00374811329
-0.0376380458 -0.114356063
0.0649518147 -0.0935420394
0.089040339 0.0413237289
-0.0118835336 -0.000487040961
-0.00784542039 0.025162071
0.00660800096 -0.0188880712
-0.00669958722 -0.0269104149
0.0283195544 -0.0374621786
0.00588482339 -0.0187925827
0.00927040726 -0.0057289321
0.0385589227 0.00368869794
-0.0446795635 0.0353406705
-0.0237804428 0.0321762636
-0.00218455656 -0.0432984531
0.0130711505 -0.0794320628
0.0389285013 0.0416892879
-0.0244310554 0.00438671419
-0.0363115557 -0.0483307391
-0.00682546292 0.0478584394
0.0370877869 0.0422040783
0.00574098714 0.0407302678
-0.0630387962 0.0284023955
-0.0460336432 -0.0177503917
-0.0179216545 0.0227243137
0.0550723597 -0.042677965
0.0368087329 -0.00285444758
0.0364083871 0.0309954342
0.0527195372 -0.0638173148
0.0445883013 -0.0811880529
0.0311623476 -0.0899535716
-0.00791700091 0.0328853391
-0.00747944321 0.0600635782
-0.0119260959 -0.0720002353
0.0264330786 0.0249063075
0.052389551 0.089458786
0.0147495223 0.0374021828
0.00631703949 0.0278552976
-0.00512119522 -0.0153270308
0.00740123959 -0.0171526838
0.0263852961 -0.0276415199
-0.0232133213 -0.0277838148
-0.0378873944 0.0219375696
0.0164980646 -0.0515674651
0.0513339303 0.0430011638
0.0810499936 0.075472571
-0.0250600483 -0.0166470371
0.0754215196 0.0359362848
0.0024888278 0.0719299912
-0.0271483921 -0.024024101
0.0479639545 -0.116374485
0.0329179056 -0.048749499
-0.0568609685 0.0697709098
-0.0587112084 0.0456333421
-0.0313294195 -0.00351196481
-0.0231841579 -0.09326116
-0.0296504628 -0.0990389138
0.0451956466 0.0129085537
-0.0178914703 0.0466932692
0.0362341329 0.0287049897
0.0901110396 -0.0258392673
-0.0354066677 -0.0344975516
0.0185799133 -0.0173293334
0.0726436079 -0.0624186918
0.0472175404 0.0530345775
0.00443403935 -0.0407701023
0.0626094788 0.0356633477
0.015086486 0.0401633978
-0.045439586 -0.0264645331
0.0107429763 0.0738738626
0.0261800904 0.00724102929
0.00210324349 -0.0648320764
-0.0325733162 -0.0406287983
-0.0452341475 0.118924201
0.0747605637 0.109531581
0.0324079171 0.0275930148
-0.025786614 -0.00519184023
-0.0105475876 -0.0606914535
-0.0149154449 0.0887812898
0.0684616044 0.00880720466
0.0031749683 0.0382115692
0.0194765534 0.0315360688
0.058196079 -0.0437469631
0.00554117141 0.0569981188
0.000511836435 -0.00858459994
-0.00901630986 0.0543898195
0.0435682237 0.0401736647
-0.0118248751 -0.0222603511
-0.0216178466 -0.086118117
-0.00215271115 -0.0201144367
-0.00879457965 0.0376529098
0.0119347405 0.0432194024
-0.049631469 0.0623597726
-0.0388442874 -0.0225176383
0.124825619 -0.0136132305
-0.0166974571 -0.0515158549
-0.0223242734 0.0033976147
0.0161920637 0.0416662171
0.0440570191 -0.0107759954
0.0588214435 -0.0422210805
-0.087741375 0.0119464044
0.012708378 -0.00688532833
0.0620265193 -0.0463292524
0.0192217212 -0.0189437903
-0.0436589606 0.0271863937
-0.0482990108 -0.0295999572
0.0578766316 -0.0288346
0.0021983562 0.0411436334
-0.0506304167 -0.0163144562
0.0153799141 0.0152883027
-0.0109314183 0.0140044903
0.046936933 -0.0428555273
0.132897183 0.0854537562
-0.0246974342 0.0704356506
0.0444498062 0.0741567314
0.00173095393 0.0757950172
-0.00912170671 -0.0517249145
-0.00482692057 -0.0595960356
-0.0413291864 0.0402478576
0.0365649648 0.0370910466
-0.0537127107 0.0365883745
-0.0100397142 -0.00720481621
0.0903151408 0.0214812495
-0.0687722266 0.0339083709
-0.0728829727 -0.0498425327
-0.0243192613 0.035134349
-0.0701462179 -0.0627088696
-0.0355237089 -0.0526649579
0.0233123861 -0.0639070049
0.034248706 -0.104080364
-0.00564251514 0.0591454729
-0.0327801555 0.0232828334
-0.0500993691 -0.0642621592
-0.0196766946 0.00186556007
-0.012687441 0.0116164954
-0.00562873529 -0.0242418088
-0.0445263274 -0.0469253138
-0.101675265 -0.0500508845
-0.0717597231 0.00758187426
-0.119211763 0.000974466617
0.0111011034 -0.0374539159
0.00450803898 -0.103984043
-0.0157113038 0.0390939228
-0.0282082055 -0.00790907443
-0.0165764615 -0.0084324833
-0.0285575055 0.00472400291
-0.0465411358 -0.0158780664
0.00445780391 0.0155772083
-0.00740921823 -0.0736810714
0.0495935045 0.0400007516
-0.010367942 0.0121466704
0.0712907314 -0.0537690856
0.0419063233 -0.013651574
-0.0753819719 0.032339476
0.0169146881 -0.0715144649
-0.00679823011 0.0235177539
-0.00399487326 0.0600258857
-0.0688250363 -0.0807397962
0.00563109992 0.0238409713
-0.00132717763 0.109352045
-0.0557492934 0.0239512417
0.00168967724 0.0562388301
0.0410474576 -0.000460385141
0.0239386018 -0.00666565401
-0.024660958 -0.0455519781
0.0473089442 -0.0117924269
0.129281431 -0.067604363
0.00137835427 -0.00613011466
-0.0601056293 0.00596506521
0.0565390959 -0.0591355711
0.0420494229 0.0153757706
0.0258397534 -0.00724802166
0.0902607143 -0.017455887
-0.0766309127 0.024127949
-0.0115473196 -0.0532170534
0.0165896136 -0.00820154604
-0.0262830686 -0.00265828613
0.047751803 0.0294178389
-0.0391575955 0.00556760235
-0.0707380772 -0.0282056779
-0.0228297636 0.00497247698
-0.0806916356 -0.0364781395
0.0267591067 0.0413288102
0.0119322585 0.0433884636
0.0249311291 -0.0445033126
-0.0189125482 -0.0308205746
0.0157325603 -0.0146041755
-0.1319682 -0.00754694082
-0.0393256359 0.0423349403
0.0397719033 -0.0067236172
-0.035994526 0.0354249589
0.0585357957 0.0557417162
0.0173095539 -0.067877613
-0.0399615392 -0.0527333394
-0.0255610179 0.0719597191
-0.0548344813 -0.00178007153
0.0175087322 0.0260743983
-0.0132305948 0.102169625
-0.00443504658 0.0134013593
-0.0146775255 0.04466106
0.0526131243 -0.0372593068
-0.00485876342 -0.0477461293
-0.0382317863 -0.00628926
-0.0488768443 -0.0416606367
-0.00953590032 -0.00620633224
-0.0447216816 -0.0549402721
-0.0585304312 0.0367537327
0.0699662045 0.0495019555
0.0165077858 -0.0317827016
0.000136723713 0.0563952066
-0.00821113028 -0.0473415479
-0.0372505821 0.00574331218
-0.0174361598 -0.000636741752
-0.0107107945 -0.00875650998
0.0608434938 -0.0510165878
-0.0319279134 0.022349244
0.00783532951 0.0998931304
-0.0050638509 0.00506659318
-0.0520762093 0.0440147333
-0.0364786126 0.0166515186
-0.0430653617 -0.0898541063
-0.0171416085 0.0960718468
0.06552881 -0.0237567704
0.0921319798 -0.0767549127
0.0193281621 0.0775315687
-0.0103127463 0.056023635
0.0404919088 0.0704729557
0.0569071397 -0.0772240758
0.0519039407 -0.0594765097
0.0211121459 -0.0271023531
0.062924087 -0.0692225248
0.0396336503 -0.0284331739
0.011038973 0.0456367582
0.0663691759 0.0728223473
-0.0819545165 -0.0219737235
-0.0920107067 0.00449483795
0.012511692 -0.0232399721
0.0214485787 -0.0805760324
-0.0323141515 -0.0984014273
-0.0582224652 -0.0138285402
-0.0103595573 0.119917028
-0.00162860355 0.0135618756
0.060946539 0.0383693501
0.0203594342 0.0619751625
-0.011994008 -0.0906759202
-0.0228290576 0.0202415735
-0.00880743098 -0.0403182507
-0.00766624557 -0.0117830541
-0.0721707195 -0.0200293232
-0.0188463423 -0.0233086124
0.0404819101 0.0394556038
0.0370238908 0.050957635
-0.00457944209 0.0635688677
0.00199970859 -0.0127663752
-0.0429513492 -0.00889243558
-0.00612581754 -0.0680580661
0.00504274946 -0.0395789742
-0.0127159618 -0.0129952161
0.0173741523 0.0356439985
0.060075786 -0.014056921
0.020387793 -0.107417583
-0.0233692247 -0.0602214783
0.118041441 -0.0432790853
0.00806655921 0.00532665104
-0.0573997349 -0.0126188658
-0.02084768 0.0249910019
-0.0467377529 0.104802482
0.0137769831 0.0317745842
-0.0574468002 0.03361829
-0.0232342817 0.0734192804
-0.00434352458 -0.0165632199
0.017103089 -0.0812762082
0.0297555737 0.057011649
-0.0419980586 0.0023107836
-0.0990819782 -0.084758237
-0.0242293123 0.0135926548
0.0236331746 0.0526870564
-0.00364060514 0.0346011333
-0.0783746764 0.0137003735
-0.0558970496 -0.0237179939
-0.0472443551 -0.0108158924
0.0643824562 -0.063352406
0.0164658297 -0.0308722407
0.0589186661 0.0272422973
0.0865485892 -0.0851832032
0.0590861924 -0.12197306
0.00519147282 -0.0710187256
0.000478652306 0.0374134257
-0.0327414237 0.0558121651
0.00389267015 -0.0682579502
-0.00679195905 0.021404529
0.021566283 0.0991372317
0.0309764463 0.0166293699
-0.0141292913 0.032314498
-0.0766732767 0.000680492201
-0.0210240502 -0.0225391928
-0.0201050211 -0.0122454511
-0.0383555032 0.00990098156
-0.0505563952 0.00594089087
0.0316267088 0.0217404887
-0.0512562059 0.00217854162
-0.0528485216 -0.0264981259
-0.0431474075 0.0141263139
-0.0130203171 -0.0443636514
0.034447927 0.0200102758
0.0335928686 0.0258125328
-0.0186980907 0.0102907922
0.0521005057 0.00416835397
0.00404396886 0.0809101239
-0.0241481122 0.0799722821
0.109478086 0.0540627092
0.0159007292 -0.0430575535
-0.0586424842 0.024091417
-0.0525575913 -0.0193828605
0.02614538 -0.0260497164
0.086878404 -0.0138802202
0.034112718 -0.0322609432
-0.0153555581 0.0589517802
0.0210046861 -0.0300406758
0.0206888877 0.0543337353
-0.0356969945 0.0284698624
0.00102341606 -0.0106977345
0.0985727534 -0.0356661677
0.0232569743 0.0454557799
-0.0383732766 0.00853665266
0.0945347771 -0.0231258702
0.0196389724 0.0315425061
-0.0464149006 -0.0798058435
0.0444550328 0.0213256329
0.0344715528 0.0674137473
0.0119474623 0.0614912808
0.0499392189 0.0829524696
0.0540989265 -0.0439835861
-0.0489658788 0.000362103718
0.0900004804 0.0410870016
0.0997532085 -0.0312508531
-0.0118457256 -0.0388793573
0.0560065918 0.0491570868
-0.0192818977 0.00230682874
0.019749444 -0.0034392192
0.0163895693 -0.00542182336
-0.0400004946 -0.0721992776
-0.00195605052 -0.0936386585
0.0593110621 0.0201501679
0.0945161805 -0.0516966395
0.00853439141 0.0276729986
-0.0937775299 0.0693209544
0.0280526485 0.0419180579
-0.0262871291 0.0324589871
-0.0294627491 -0.0119111082
-0.00999751966 0.00706015853
-0.0368255079 0.0165037606
-0.0390249826 0.0208696742
-0.0775451735 0.102074087
-0.0243648756 0.0539643876
0.0604499541 -0.00927413348
-0.0332536213 -0.0128967566
0.0916975588 -0.0485857762
-0.00706383353 -0.063781932
-0.0291713364 0.00737905875
0.154717267 -0.0390821919
0.0322360434 -0.000668254681
0.0214060042 0.0392733552
-0.00326066394 0.0458361544
-0.0456647724 0.0416993275
0.034473367 -0.0255725104
0.000372863869 0.0230670366
0.00209323061 -0.00603568042
-0.0382569768 -0.0460579135
0.0403933749 0.0555017143
-0.0119556095 -0.000882669759
-0.0441030748 -0.0385323279
0.0178827085 0.0217591692
-0.0388147831 -0.0251224414
-0.0340937972 -0.0360692292
-0.0178396888 0.0714195967
0.00366113032 0.0456785746
-0.0111475233 0.06360735
0.0444816574 0.0345642045
0.0486326702 -0.036190629
-0.0664040968 0.0109123792
0.0605224185 0.0373663008
-0.0264986418 -0.02031889
-0.0108995587 -0.0254112892
0.0251975637 -0.0910322815
-0.0431607068 -0.124438882
0.068295978 -0.0521579832
0.0202690121 0.0470462628
-0.121457569 -0.0195854139
-0.101301953 -0.0040068063
-0.014857891 0.0265898202
0.0512743555 -0.0115927923
0.0658602715 0.11430449
0.0782475993 -0.00619910378
-0.00202320213 -0.0658428147
-0.0318591744 -0.0060039754
0.0134295635 -0.00182697503
0.00724483468 0.0202165581
-0.0276825745 -0.0343848802
-0.0438943356 0.0339923799
-0.0521257333 0.0260820333
-0.0240067821 -0.0237735435
-0.0124458289 -0.0131444549
-0.0523179881 -0.108010352
-0.0648314431 0.0224717166
-0.10790439 0.0690953955
0.011661673 -0.0123068579
-0.00274783326 0.0208191872
0.0443955883 0.0123121748
-0.0274460278 0.0301753804
-0.0843664482 0.0295931213
0.0217979681 -0.0482297204
-0.0128869098 0.0641350672
0.0539800003 -0.0346091986
0.0398922339 0.0369209386
-0.00318708434 0.03596358
-0.0310217105 -0.09256652
0.0316480547 0.00646292605
0.0344454832 0.0665738732
-0.0708173811 0.0661928728
0.0923821703 0.0154599538
0.0493940711 0.0133932969
-0.000527824217 0.068004854
0.059847936 0.049782332
0.0039439369 -0.0601794459
0.00450594863 -0.0302059148
-0.0279371869 0.0630312338
0.0301127937 -0.00308481348
-0.0562831238 0.0310190693
-0.0733098984 0.0185625292
0.0985281616 -0.0467868596
-0.000392630289 -0.0580861159
0.007917949 -0.0138869109
-0.00678993762 -0.0320703685
-0.0418096408 -0.00958441384
0.076783888 -0.00367455417
-0.0421230644 0.0169513524
-0.0136405975 0.0321409069
0.0447206572 -0.0710315481
0.00189330522 -0.0348564535
-0.0569074377 0.0142953675
-0.00299854507 -0.0643416643
-0.046271123 0.0329017006
0.0195658021 -0.0253379587
0.0503787398 0.050884854
0.0353576019 0.0276674852
0.0237263367 -0.00997951068
0.0290015955 0.0010754033
-0.00235996139 0.0500226058
0.0910087079 0.0449373722
-0.0609481186 0.0592331588
-0.0297193956 0.0162888747
-0.0230362359 -0.0146258343
-0.0837722123 -0.0845325738
0.0817109197 -0.0511957966
0.0614386424 -0.00946159195
0.028089894 0.0669875965
0.0275524706 -0.00304196123
0.0140240705 -0.029076783
-0.0190311521 -0.0434936434
-0.00803020224 -0.0155716892
0.091042228 0.0126069719
-0.019646246 -0.00831056945
-0.0211329348 0.00176823186
-0.0270804446 -0.0220774189
-0.05754783 -0.0516952947
-0.0257679522 -0.0359205455
-0.0297251325 0.028186094
-0.0687498823 0.0108287996
0.0344245657 -0.00766565511
-0.0172923356 -0.030734444
-0.0147123495 -0.0438515097
-0.011619023 -0.000849930919
-0.0328344926 0.0041628452
-0.0442253985 -0.0148709193
0.00771588692 -0.0502077527
-0.00404595025 0.0622088909
0.00376553275 0.0748718828
-0.0209550187 0.00967576168
-0.0443126559 0.0352587365
0.0737467408 -0.0165102854
-0.0587136783 0.00870360248
-0.0867922083 -0.0069924756
-0.0789419785 0.0022610554
-0.0493732765 0.0129364738
0.0225067809 0.0116959354
0.0170169212 -0.00154044852
0.0790265799 -0.00477940449
0.0449565351 0.0266853254
-0.0246690121 -0.0342486054
-0.0461550876 -0.0398718007
-0.0628372356 -0.102108784
-0.0466014333 0.00602945033
-0.0303806234 -0.00535006635
0.0705779269 -0.0539071634
-0.0464292727 -0.0146185514
-0.0641801655 -0.00144943688
0.0843960792 0.049800396
-0.0206746887 -0.0351673625
0.00813693088 -0.054904893
0.0409307182 0.0761338174
0.0577441342 -0.0198061652
0.0127144055 -0.0896667764
-0.0293965172 -0.0766456798
0.064202413 0.0191217419
0.0961002931 0.0319258273
0.03814077 0.00812936854
-0.0269539207 -0.0615577996
-0.0457649827 -0.0531210117
0.0300063789 -0.0143320812
-0.023258578 0.0643314198
0.0157661401 0.061904382
0.0150351841 -0.0249797627
0.00300577516 -0.00785542093
-0.0546998866 0.00735616172
-0.0393969379 0.0396949314
0.0357351899 0.0710263476
-0.0232212748 0.0422629751
-0.0272053909 0.0543767996
0.0311952978 0.0501243509
0.0118306829 0.011385167
0.0158189312 0.00190768309
-0.0182098169 -0.00668538921
-0.0717225522 0.00374624762
-0.00941899233 -0.0167653821
-0.00367231923 0.0498102345
-0.0431050956 -0.0381029174
0.0860140249 -0.0243915766
-0.0182977449 0.0263576172
-0.0642746836 0.0215775892
-0.0806478411 0.0288894381
0.0146907382 0.0270987228
0.0847227573 -0.0474831276
-0.0701929107 -0.0281798579
0.0429228768 0.00478640618
-0.0405595265 -0.00183729618
0.0036190066 0.0395013615
0.0166832991 -0.0476195887
-0.0208737552 0.00454656174
0.0182706583 0.00871642306
-0.00981758814 -0.0548742823
0.0898661762 0.0557470247
0.0539050288 -0.0160742104
-0.0374930426 0.0182495825
0.0272357389 -0.00435009506
-0.0282262936 -0.0357051119
-0.0352064185 -0.0211022608
0.0650305301 -0.0442509688
0.0094289789 0.080227904
-0.00218485924 0.0476118028
0.0140908891 -0.0466968752
0.0931469873 -0.0352328792
0.00309708156 0.058356978
0.0233089495 -0.00494671427
0.0455113575 -0.0174318515
0.00127583893 0.0231658854
-0.0319426619 -0.0064136968
-0.0818163231 0.0431653
-0.0163603388 0.0209461916
0.00451266114 -0.0268928651
0.0210339036 0.0125471912
-0.00257342588 0.0159921907
0.00435677916 -0.0411416925
0.0833125785 -0.0263849404
0.00606354605 0.0478198901
-0.031028321 0.0726105273
0.0563477948 0.026969457
0.0210421644 -0.00752924476
-0.0610861853 -0.0039577093
-0.000612516946 -0.0291848127
-0.00510922587 -0.0422997773
0.1127344 -0.0200619679
0.00735754287 -0.034389738
-0.0293777101 0.0392360277
0.00310330279 0.00807711482
-0.019223297 0.0180600807
0.00413361937 0.0574171878
-0.0171351004 -0.0307345241
0.0580332428 -0.0611795075
-0.017149508 0.0428079851
0.0380972922 0.00635057874
0.074694559 -0.0139197204
0.00113657024 0.0243264996
-0.049569454 -0.0576752685
0.00695216656 0.0334637053
0.00071847887 0.0390434749
0.0387493409 0.0165770426
0.0915109217 -0.0846915767
0.0729870349 0.0449230969
-0.0315774567 0.067193456
-0.09384536 -0.0297207478
-0.0623952374 0.0141363852
0.0356686749 -0.0492651425
-0.0770760477 -0.0227644052
-0.047694467 -0.0530870482
0.0416982733 0.0018575635
0.0725021809 0.0517016537
-0.00192059448 0.0461929217
-0.0413252488 0.0221314542
0.0279131606 -0.0636098981
-0.0599379651 0.0579542704
-0.0633181036 0.0370249413
-0.0203023665 0.0302073769
0.0438098982 0.0333727263
0.0662155822 0.0106909787
-0.0108744204 0.0296386834
0.0258747507 -0.0223335326
0.0288810264 -0.0204551667
0.0470585823 -0.0120318672
-0.00294937333 0.00863901433
0.0372627862 -0.00482152589
0.0344011746 -0.0180927701
-0.0200966373 -0.0521337017
0.00655400241 0.00139188312
0.024159424 0.00558075309
0.0186309833 -0.108780347
0.0340937972 -0.0078875171
-0.047926534 -0.000650715316
0.0150564797 0.0176093206
0.0629769191 0.0487465709
0.0673981458 -0.039274089
-0.034993764 0.0604152791
-0.0176992361 -0.00213601603
-0.00815648586 -0.0192242339
0.0365760848 -0.00639007287
0.0118264202 -0.0187095869
0.0207942668 0.0311455503
-0.00795435254 -0.0206240583
-0.027392678 0.00940730236
0.0757891014 0.0602654666
-0.0145377433 0.0364175551
-0.00125613506 -0.0234257709
0.00137331022 0.0534754209
0.00289006927 0.0122271543
0.0361099467 0.0225973651
0.0316021852 0.0234124847
-0.0185814966 -0.0671664327
-0.111069813 -0.0123460107
0.0270987991 -0.020069005
0.0797041953 0.0368569978
-0.0139865838 -0.0222036187
-0.00762339402 -0.0540104881
-0.0323033556 0.0344708413
-0.000260820205 0.0127555393
-0.019401582 -0.00195790478
-0.00175498263 -0.0495438352
0.0456959978 0.087532118
-0.0167659782 0.00105815229
-0.0428478643 0.0108325826
0.037688911 0.0615146868
-0.0299631879 -0.00269427011
-0.00386469276 0.0227811504
0.00110020326 0.0286332108
-0.0462097526 -0.0185853038
-0.060175743 0.0146616511
-0.0107053826 -0.0574035943
0.0400783308 -0.00799441151
0.0442187674 -0.0196086653
0.0250565857 -0.0330573581
0.023278093 0.0696323514
0.0311080124 -0.0368588045
0.0183705371 -0.0324058495
-0.0270931497 0.0379177071
-0.00226194155 -0.0773009807
0.0627359152 0.0325458683
0.0240222793 0.0714676008
0.0577841476 0.0146708675
0.0848828033 0.0625750571
0.0127072539 -0.0441605933
0.00673565362 -0.0167703871
-0.00108502537 0.0158578772
-0.024195902 0.00287130452
0.014277474 -0.0292885341
-0.0728016943 0.00819652062
0.0188943669 0.0467924699
0.0440853536 0.00496134395
-0.0551356673 0.0605686046
0.00804915372 0.000699738506
-0.0346415602 -0.0288702324
-0.0525603406 -0.0635786727
0.0374166444 -0.115366943
0.0387025252 -0.0179271512
0.0282381922 0.0279023163
-0.0170216653 0.0552950799
0.00954115298 -0.0309131406
0.0162552651 -0.0218697414
-0.0820722133 -0.0303296279
-0.110625461 -0.0390721858
-0.0468830392 0.0124118486
0.0425092019 -0.0379236937
0.0401428416 -0.0540615879
0.0408726335 -0.0230508447
0.0531805456 0.0153160421
0.00404071482 0.0246376973
0.0178119726 0.071244739
0.0766530707 -0.0242159609
-0.0200826209 -0.00514410157
0.113390982 0.075122647
0.0596159883 -0.0452669673
-0.0829549432 0.00871270522
-0.0506076701 0.0174948238
0.0662654415 -0.00733736251
0.0274613034 0.00974991266
-0.0369837694 -0.057363756
0.0150044309 -0.120828047
0.00309334812 0.0456861146
0.0382574126 0.121386871
0.021648284 0.0283904206
0.0157425757 -0.00871769059
0.0766224787 -0.0239841156
-0.0490928888 -0.0207243077
0.027418308 -0.0551356822
0.0597261004 0.0372342579
-0.0739467517 0.0289447289
0.0135526536 -0.0463547893
-0.0263245832 0.0078762453
0.0484258346 -0.0547148921
-0.0273435302 -0.0881753936
-0.000280160981 0.0274196211
0.00663246633 0.0260408148
-0.040551383 -0.010038184
0.0100176036 -0.0389396548
-0.0932186991 0.0385729596
-0.0288662557 0.102888569
-0.0221967492 0.0106537063
-0.0696874559 -0.0558026657
-0.00731334556 -0.0682204664
-0.0781149119 0.0167783871
-0.0201085526 -0.01022356
-0.0787977725 -0.0891341716
-0.00785749033 0.0361280069
0.00253143604 -0.00920712482
-0.0178914387 0.0328606367
0.0318011679 0.0598910265
-0.0778985545 0.00407264847
-0.0142765278 0.0422690846
-0.0275627933 0.0530585796
-0.0447762385 0.0632159784
0.0401651636 0.0110798143
-0.0855984539 -0.0374482349
-0.0107216155 0.0478377603
0.0695882812 0.0296776015
-0.025312135 0.0256615225
0.0251694657 -0.0745489672
0.0186427161 0.0255100448
-0.0161469709 -9.93606363e-07
-0.00339478347 -0.0862874687
-0.0341213904 -0.0282080565
0.0432631485 -0.0315232202
0.0483321324 0.113945372
0.0693081319 0.00424306886
0.0480875112 -0.0368887
-0.054044053 -0.0282639526
-0.0241893977 0.017804794
-0.0401793085 0.00414074073
-0.0087117739 -0.109859116
-0.0506362654 0.00492762355
-0.139742091 -0.00813152734
-0.0315400511 0.0351982713
0.0362636894 -0.00283645117
0.0617634244 -0.0662708357
0.0165805109 0.0214121081
0.0825849175 0.0219783504
0.0714171603 -0.0409533791
-0.00553628942 -0.037060339
0.0740956962 -0.0183482505
0.02261604 0.00460081641
-0.0339528434 -0.0368858501
-0.0155314347 -0.0300123822
0.019775264 0.0564290024
0.0178742297 0.0393665656
-0.0167144891 -0.0110398177
-0.0128982235 0.0569383092
0.0267998595 -0.0242896136
0.0725848079 0.0235105753
0.0658318475 -0.0505294353
0.0291780606 -0.121273383
-0.0559516102 0.101017833
0.0114834784 -0.0255695228
-0.0539980307 -0.0614392608
-0.0532441996 -0.00670654513
-0.0270934775 -0.0520829484
-0.0438894108 -0.054772906
0.00695594819 -0.0681994557
-0.0037259087 -0.0148983141
0.00811513141 -0.0136308335
-0.101682283 -0.0754673034
-0.108018339 -0.0346817933
0.0464341566 0.0340829715
0.00671652798 -0.0174062904
0.0508611202 -0.013946658
0.0411869437 0.0010052165
0.0109636011 -0.0255404934
-0.0126837697 -0.062675707
-0.0217662174 -0.023978306
0.0256891772 -0.00687263627
0.000113982642 0.025052825
-0.0207288973 0.0187170617
0.0842471197 -0.0428153761
-0.0322931297 -0.0214668158
0.0161523502 -0.0933249816
-0.0343673788 -0.034672495
-0.0728002489 0.0166392066
0.0859310925 0.0478936136
0.0235473309 -0.0466613546
-0.0331048556 -0.0597268566
-0.0164151452 0.00992636289
0.0252797641 -0.00535564125
-0.0439126678 0.0716353953
-0.019338496 0.0577015504
0.0538050532 -0.03205337
0.047420647 0.102586061
-0.0224235579 -0.0445687398
0.0180101208 0.0526838824
0.0427830368 0.0472981669
0.0120400619 0.0179888643
0.0447519533 -0.0126119405
0.0544230193 0.026155157
-0.0333150886 -0.0149944676
-0.00096767029 -0.0406501964
0.0505495034 -0.0180595107
-0.0404668376 -0.0340828784
0.0224417709 0.0148686571
0.0394048095 0.042840343
-0.0525545813 0.0411859415
0.010985544 -0.0389622785
-0.00672482373 0.048160173
-0.033474803 0.0266864896
0.00177310896 -0.0107635809
0.0573814809 0.0248930752
-0.0188914724 -0.00806187
0.00626596855 0.023085421
0.117628179 0.0103521729
0.0683007613 0.09256237
-0.0343851186 0.103200018
-0.0984738544 0.0197609793
0.0046372884 -0.0260912348
-0.0582155883 -0.0510914885
-0.00672264909 0.0227272529
-0.0189082008 0.0567368455
-0.0531795472 -0.00278092641
0.0131583856 0.0143617708
-0.0245430246 0.0106853629
0.104092516 -0.0572724491
0.0539420471 0.0464528613
-0.0896373615 0.0550564602
-0.0822286457 -0.0591089576
-0.0608861074 -0.00268229097
0.0230908357 -0.0564969517
-0.0582039915 0.0258641131
-0.0436408669 -0.04919222
0.0171623565 0.0214757957
0.0850574821 0.0383098572
0.0324222744 0.0309973247
-0.0829321817 -0.00849525817
0.00343566295 -0.0679184347
-0.0657997876 0.033710286
-0.0418440737 0.0477021374
-0.00760983117 -0.00557645131
0.00548629416 -0.00290738558
0.0558861457 0.0442645103
0.0355918258 0.0144700473
0.0215569939 0.00169640162
0.0501734912 -0.0206417143
0.0581367984 0.00600354746
-0.0573717952 -0.0201302152
0.0101979794 -0.0011920036
0.0400990024 -0.0170491114
-0.0182837024 -0.0597727709
0.0413307957 -0.0251748525
0.0453075543 -0.023192076
0.0240924414 -0.0995793566
0.00819330756 0.0296929702
-0.03029841 0.0138993394
0.0139871836 0.033842545
0.0386236981 -0.00372748892
-0.0135937594 -0.00357509893
0.0136328749 0.00448176917
-0.0133138383 0.00921662338
0.00935081672 -0.0298502613
-0.0175918825 0.0101024425
-5.25479627e-05 0.00342808524
-0.00244843331 0.0332407877
-0.0358702093 -0.0133633073
0.0282882396 0.0234815665
0.0149495602 0.0350767188
0.0236145146 0.0432287008
0.00375763816 0.0270710681
0.0167077687 0.00996332802
0.00168913277 -0.0215429198
0.00321804476 0.0240362249
0.00185600808 -0.0351475589
0.0297796819 0.0114036808
-0.0047634677 0.0105164507
0.0187695716 0.0087462496
0.00836879853 -0.00859201979
0.0217259042 0.0119873742
0.0215612836 -0.0204756837
-0.0241425596 -0.00368848303
-0.035108041 -0.0109888893
-0.00389419007 -0.0122381812
0.00581524381 -0.0225574989
-0.0120689794 -0.0362858884
0.00737262005 0.0279843509
0.0176548213 0.00904143229
0.0199259128 -0.0120964022
0.0145017477 -0.000670938869
0.00785642769 1.51841468e-05
0.00160999945 -0.0409475937
0.019503111 -0.0196689554
-0.03245233 -0.0102899671
0.011013086 -0.0171917435
0.0188216083 -0.00176887622
-0.0338098332 -0.00884641986
0.0334449373 0.0194047522
-0.0228261985 0.0075807306
0.0210771766 0.00457325624
-0.0111141643 0.0122616263
0.0104308482 -0.0208867043
-0.0192516483 0.0119519569
-0.000207061123 0.00150511938
-0.0091072889 0.0203309171
-0.0110262651 -0.0032627969
0.023482902 -0.00242019887
0.0119776307 0.00348812807
0.00680653984 0.000194395776
-0.0194165725 -0.008590593
0.013833317 -0.00336828292
0.0392522104 -0.0289012641
0.0405248664 -0.0442231372
0.0192995686 0.0124238757
0.00774576934 0.00845938269
0.0202757493 -0.0170354918
-0.00712026097 -0.0291794352
0.0278754942 -0.0323121212
-0.00342441886 -0.00648764381
-0.0165285226 -0.0105261896
0.00564009789 0.00472372631
0.00394262234 0.007748798
0.0288395341 -0.0426347218
-0.0248289909 0.0176664051
0.0153593197 -0.0238753129
0.0214833263 0.0159567297
0.00923216436 0.0124162426
0.00898754224 -0.00258789002
0.0157082938 -0.0170725472
-0.00273101358 -0.0125507247
0.0158298649 -0.00545859337
-0.0190848242 -0.0516033433
-0.00713893538 -0.0362757258
-0.0309421569 0.00296657812
-0.038529709 -0.0228707884
0.0192016717 -0.0165197067
-0.0116854813 0.00879921298
-0.00567212515 0.0128593771
0.00348983891 -0.00954516698
-0.00999458879 -0.00712791597
0.0193490051 -0.0157649219
-0.0230235159 0.0193402357
0.000454551162 0.0133676836
-0.0158521701 0.0239780582
-0.0120031154 -0.0225488711
-0.00132421358 0.0227474682
0.0263887625 0.0183889456
0.00832585059 0.0352050401
0.0293570384 0.00644055009
-0.0186376497 0.0115522128
0.0183705315 0.0382435247
-0.0412331149 0.00744240824
-0.00422527781 0.0249683056
0.00780998496 0.0037985784
0.00856490154 0.0125785638
0.00809117872 0.00788530242
0.00570194796 -0.0242545996
-0.0076002758 -0.00563975656
0.00100853294 0.0164045654
-0.0101612378 0.00972854253
-0.0340820439 -0.00219185161
0.0353147238 0.026256403
-0.00103264151 -0.0161898695
0.0284637604 -0.00637489278
0.00310608745 -0.00494646188
-0.0148193631 0.0114476886
0.00939358491 -0.0275156498
0.0025549843 -0.01962265
-0.00619939622 -0.0136988489
-0.0141999107 0.0192586463
-0.014899442 -0.00166196609
0.00737789599 -0.00213163928
0.00956620555 -0.0155925928
0.00609213673 -0.00282096048
-0.0271455627 -0.00906465296
-0.00548490789 0.03086433
0.0289469752 0.0141822314
-0.021368904 -0.00558502693
-0.00895866472 0.0287465621
0.0270812437 0.000625930028
0.000186005971 -0.00323529821
0.0190884136 0.0164538939
-0.000310592004 -0.0170267355
-0.0546335913 0.016349772
0.0373036638 0.0192960575
0.00941154826 0.0222347546
-0.0335740298 0.00921644457
-0.00499345828 0.00835337397
0.0122623574 -0.0300974678
-0.0203404184 -0.00607550191
-0.0451707765 -0.00749568269
-0.00958376005 0.0369504131
0.0160984341 -0.0235359538
-0.0104431929 -0.0482187644
-0.0402659588 0.00447427062
0.0185846612 0.0121100061
0.0096950978 -0.0107463449
0.00276517076 -0.0285638887
0.00682916632 0.0271451715
-0.00735263526 0.0176779535
-0.00885357801 -0.0451971702
0.00203416543 -0.00352200214
0.0378869846 0.0261551626
-0.0113186007 -0.0114963865
0.00717940321 0.0251460355
-0.00307953381 -0.000664868858
0.00583297154 0.0109503027
0.024489658 -0.0394262485
0.0253320374 -0.0161707848
0.0227447078 0.00482843164
-0.0122722546 0.0211727787
0.0185406376 0.0334637798
0.00565511687 0.0070579634
-0.018112326 -0.0161414817
0.0453469865 0.0390541442
0.00577659113 0.00343328621
-0.00698896963 -0.0194814969
0.0148516791 0.00177521678
0.0129413037 -0.00223881053
0.0450330302 -0.0212677475
0.0350732096 -0.00373579771
0.00461573387 0.0243670586
0.0135827139 -0.00263160979
0.011253559 0.0207034461
0.0114900302 0.0210542474
0.0233215857 -0.0101467138
0.0117029641 0.0160020385
-0.00524125993 -0.0179970525
0.0298438203 -0.0141690467
0.0363902822 -0.024618404
0.0162438117 0.0169510283
-0.00308234291 -0.0210930798
0.00614072196 -0.0113333305
-0.0364788063 -0.0397233553
-0.0476482697 0.00318430993
0.00393577619 -0.00155447167
0.00469121942 0.0163383726
0.00351610524 -0.00975322723
0.0075474442 -0.00302949245
0.0199980997 -0.00904147979
-0.0160420127 0.00257951603
0.0226219539 -0.0169049706
0.0170646608 0.00872238725
-0.0160744004 0.00894585997
0.0144397933 0.0156885702
0.000735908514 -0.0248698425
0.00251254439 0.00316275004
0.00913693756 -0.0171698406
-0.0140798278 0.0334054194
-0.0363437161 -0.0230219681
0.0324650407 0.00862673111
-0.0226089116 -0.0113130528
-0.000329717586 0.0174865387
-0.00556534342 0.00673309527
-0.0084364498 0.0233435575
-0.0164504834 -0.00388745568
-0.0032109078 0.00127032294
0.00832170062 -0.0124896048
