0.000526750926 -0.0224984344
0.0209421348 0.0103954868
0.0188848656 -0.0175080318
-0.00782050751 -0.0271269474
-0.00461646169 0.0129830064
-0.00814074464 0.00643424504
0.00878052879 -0.00121383916
-0.000874046702 0.00293825287
0.011512137 -0.00149612746
-0.0284405705 -0.00405701902
0.0242148768 -0.0161692984
-0.00153495395 0.00891750958
0.0104791047 0.000421083736
-0.00207957486 -0.00371761294
-0.00577902561 -0.00869523734
0.00716637028 -0.00421302347
0.0128878718 -0.0230458546
-0.0030796933 -0.00472960016
-0.00221758941 -0.0150395446
0.010375198 0.0197357833
-0.0132610332 -0.0146586634
-0.0232557766 -0.00710733701
0.00608156761 0.000328043534
-0.010470408 0.0120461462
-0.0296665989 0.00670296885
-0.0125430226 0.000100441794
-0.00763488049 0.0329226293
-0.0183768254 -0.00048228557
-0.023059424 0.00462993514
-4.51928317e-05 0.0417749546
0.0140258055 -0.0133669013
-0.00382096693 0.014682088
-0.011563397 0.00661737612
0.00626388332 -0.0199974366
0.0112101575 -0.00930896401
-0.004845744 0.0126752323
0.0087906206 -0.0219927467
0.0161154605 -0.00251496164
-0.00346063869 0.0142134372
-0.0124591663 -0.00385802309
0.00527205924 0.004207341
0.00402314635 -0.0101194084
0.0171251632 -0.00916854665
-0.0195816737 -0.00981243327
-0.0100712152 -0.00558373239
-0.0131278438 0.00937336776
-0.0267331526 0.000558010128
0.00123441848 0.0301789064
0.00792499911 0.00862511806
-0.0114826942 0.00397066912
0.0204751324 0.0348876268
0.0127006983 -0.00134438428
0.00998429209 -0.012075007
0.00612368062 0.00250978582
0.0151695628 -0.0162514821
-0.020730285 0.0073267445
0.00886605866 0.0211260896
0.00900237635 0.0100178821
-0.0270383451 -0.00704068504
0.0054092654 -0.00204705633
-0.00407924596 0.0072731534
0.0114801265 0.0184059609
-0.00657008262 -0.00631574169
-7.97804678e-05 -0.00634968514
0.00474355975 0.0167901292
-0.0136018135 0.00291822362
0.00904093869 0.00559016597
-0.00186590361 0.00735269208
0.00798616093 -0.0115348576
-0.00795666967 -0.00251211296
0.0161498133 0.0168524273
0.00940187462 -0.00203069439
-0.00263249525 -0.00308549963
0.00955924951 0.00497492356
0.0191699769 0.00672211312
0.0261054318 0.039934665
-0.0237528849 -0.0132326987
0.013508955 0.00273954798
0.00594615331 0.0311658587
-0.00146862515 0.00054118078
-0.0157322213 0.00525436224
0.0202541985 -0.021349499
-0.0200386755 0.014160106
0.00816612504 0.0137705328
0.0195036009 0.0134777064
-0.0245066192 -0.00372390077
-0.00490515167 0.00555145321
-0.0201090183 -0.00180897652
0.00317567005 0.0132641206
0.023310395 0.000947708089
0.0305921678 0.0135344667
-0.0264331754 -0.0215609483
-0.00862035807 -0.0053190277
0.0128597403 -0.0429082178
0.024405269 -0.000998411677
0.00591238774 0.0122053642
-0.0112961279 -0.00438542105
0.00281219999 0.0362468101
0.000487306388 -0.0150672914
-0.00288265687 -0.00521338964
-0.0105945133 -0.0145858815
0.00634327391 -0.00726771541
0.00509982463 -0.00682429038
-0.000267611496 -0.0224909019
-0.00263250829 -0.015030981
-0.02141238 0.0300672706
-0.00727065234 -0.00430245185
0.0178027246 0.0150291892
-0.0018805177 -0.0194747802
-0.0220533051 -0.00289800554
0.0200667325 0.00942677353
0.00829843152 -0.00208814186
0.0328613743 -0.00591900619
0.00112032413 -0.00273599452
-0.00712566497 0.000107445354
-0.02300556 0.0115081929
0.0192785896 0.0196850933
0.0406993032 -0.0177528188
-0.0107601192 -0.0321113802
-0.00977798272 -0.00347795174
0.00916073471 0.000670242822
-0.0134385964 0.0102207791
-0.00516558718 0.0161004346
-0.0047526299 -0.0104410565
0.000980717363 0.0317263231
0.0165821053 0.00503867911
0.0020508247 -0.0269363374
0.013185543 0.0156188682
-0.00673175836 0.00387268374
0.00475112488 0.00475926651
-0.0312794894 -0.0264260247
-0.0219851974 -0.00606447784
0.0120694553 0.00329147954
-0.00891637988 -0.00291623571
0.00820153952 0.0111441035
0.0070264535 0.0198102668
0.0187229905 0.0247280002
0.0111539159 0.0200265832
0.0157828573 -0.00112019398
-0.00355931767 0.0261882469
-0.011015946 0.00328599173
-0.012173254 0.0123102963
-0.00723733148 -0.00419659447
-0.0158288423 -0.0224976297
-0.00590085099 -0.0351963788
-0.00163387589 0.00279106596
0.0046229423 -0.0100037772
-0.00520290434 -0.000433657755
-0.0305753145 0.011498821
0.000639298873 -0.0233758595
0.00549276685 -0.0265959166
0.0163522009 0.00529154064
0.00844463427 0.00631094072
-0.00956782605 -0.00487269694
-0.0104984539 -0.00882329512
0.0327755511 -0.0218430106
0.0117195798 -0.000347219815
0.0290195942 -0.00906129275
0.0321720093 0.00924694818
-0.0137260407 0.0135035841
0.00659727864 -0.0079663014
0.00651563751 0.00696849776
0.00835751463 0.00357671943
0.00743790576 0.0114154518
0.00116254226 0.0237057004
0.0018305371 0.0103489812
-0.0239774548 0.00895700045
-0.00356448046 0.0119593926
-0.0109293489 -0.00742564816
0.00193998718 0.000111145018
-0.00763234962 0.00470184581
0.00785844028 0.0197707005
0.010853556 0.0208828673
0.00170778588 0.035127569
0.00630993256 -0.016182214
0.00147754047 -0.000454136258
-0.00453662127 -0.026903877
-0.00179644255 -0.00837402139
-0.00535690412 -0.0257139578
0.00434062351 0.0183878448
-0.00083398557 0.0115858382
0.0104101142 -0.015523864
-0.0208570156 0.00329485303
0.0125746466 0.0125619117
-0.0141661502 0.0254803449
-0.0124484543 0.0116468621
-0.00321383472 0.00169154035
-0.00851325784 -0.00216613268
0.0035547216 0.0100151086
-0.00925235078 0.00384713686
-0.0157058537 -0.00881516188
-0.0111813452 -0.0198001768
0.018553853 0.0180811007
0.00174427265 -0.0108721144
-0.0175019242 -0.00582347577
-0.00107584975 0.0122460453
-0.0237739962 -0.00316257705
0.0257104989 0.0200524461
-0.0216641948 -0.0193859823
0.00616672309 0.0123986481
-0.0308230259 -0.0512814745
-0.0499756671 -0.0160300136
-0.00973161869 -0.0586873405
0.0413645767 -0.00933612511
-0.004283424 0.0564174056
-0.0336925983 -0.0929297954
0.0600733869 0.00737776281
0.0498102382 -0.00526573928
0.0588293374 -0.0490010493
-0.0176646672 0.01077051
-0.0314427838 -0.0146209626
-0.0106702792 -0.0144087095
0.0466645323 -0.0383982323
0.0074252896 0.0324828736
0.0386972278 0.037642628
-0.0129897492 -0.0119425859
0.0363712721 0.0089643551
0.0171123613 0.0574676991
0.0100361621 0.0215230342
-0.00638319459 0.0204344112
-0.0165926833 -0.0453264713
0.0109037198 0.0840799361
0.0106728608 0.037313655
-0.039671205 0.0281321537
-0.0262289532 -0.0263900477
-0.00386770302 0.0191449132
0.0573120527 -0.0241620708
-0.0759912804 0.0475812778
-0.0236301254 -0.0024800892
-0.00742881652 -0.0233363174
0.0558834374 0.0190190747
0.0179264322 -0.00634238077
-0.0193027165 -0.0284516942
0.0416819565 -0.0109406123
-0.0632132441 0.0142658846
-0.101952612 -0.010836144
0.0196876545 -0.019739002
0.0180253331 -0.0224907901
0.0250013471 -0.00622479292
-0.000960508245 0.0146109359
0.0156869758 -0.0114027793
0.0374520831 0.0272344723
-0.0141723519 0.00933590718
0.0125982203 0.00249245041
-0.0240972228 -0.0323046744
0.00947825704 0.0474363193
0.0324864127 0.00586494058
0.034076076 -0.02996899
-0.0505239964 -0.0146385385
0.0244169123 0.00924962573
0.00234923814 -0.0008054754
-0.0240981933 0.0242206194
0.0460921414 0.0535163656
-0.0410103612 -0.00863294397
-0.013502636 -0.0193296913
0.0475990251 0.0250357613
-0.0142177846 -0.0478393994
-0.0323267989 -0.021020785
0.0489638858 -0.0404386036
0.0455574319 -0.0549414419
-0.0140036056 -0.0277521834
-0.0153298965 0.00345166447
0.0140284551 0.0317334533
-0.0806532875 0.0877422839
0.0431809761 -0.0143399993
0.0183388945 0.00591245666
-0.00609879009 -0.0288689658
-0.0595217794 -0.0520127751
-0.0102343 -7.55017609e-05
-0.0470099561 -0.0188994836
0.0161191244 -0.00486810552
0.0659596995 -0.00390494056
-0.0803314075 0.0249348059
-0.0144499363 -0.0674405545
-0.0362405442 0.0747523233
0.00655410439 -0.0627374128
-0.0520545244 -0.0301043913
-0.0192294903 0.0186078176
0.0047825668 0.111771084
-0.00254549552 0.000974989438
0.0285449531 0.00653578667
-0.0408001021 0.0108645698
0.0290404651 0.0344185643
-0.0424890555 0.0248021893
0.0499718115 -0.00206977269
-0.00699671125 0.00993764214
0.0148624834 0.0403355882
-0.00497073866 -0.034749385
-0.0221677069 -0.0169119015
-0.0150731001 -0.0204054229
-0.0326127186 0.0150599293
-0.0161293987 -0.0286117923
0.000184242817 0.00214423356
-0.0421505235 -0.0371117629
-0.0663078502 0.00686370907
0.0137465 0.0391610637
0.0029265068 0.00169913657
-0.0325548202 -0.0306706
0.0280182771 -0.00644971943
0.0467694439 0.0394482836
-0.0311505776 0.0366107225
-0.029415315 0.039031893
-0.00889950618 -0.0446076468
-0.0226706769 0.0304336138
-0.0669684932 -0.0290389657
-0.00834949315 0.0367913358
-0.0308178011 -0.00492347917
0.0159381405 -0.00303006661
-0.0326831043 -0.0172328856
0.023876315 -0.0272450652
0.0113221835 0.0185932871
0.0325306728 -0.0143500986
0.030176362 -0.0209353641
-0.0560109206 0.00206628395
0.0317692719 0.0259349495
0.0309614036 0.0102402419
0.0173738319 0.0383045971
-0.0115420222 -0.0240765084
0.0148182595 -0.0128903454
0.0329531282 0.0360261761
0.0131464154 -0.0232446808
-0.00581408897 -0.0242577344
-0.0237980578 -0.0423607714
0.00690006558 -0.00823950022
0.0287946425 -0.0215819217
0.00817319751 0.0116530629
-0.0284243692 0.0529476628
-0.0112058045 0.0379360877
-0.0551808588 -0.0197456051
-0.0246793982 0.0298972894
-0.01305521 -0.0608359128
0.0518679433 0.0208622683
-0.00689793797 0.0930015221
-0.0223595127 -0.0679956153
0.0465709977 0.0170526411
0.0438746363 0.0157377291
0.058645606 -0.0259313341
0.0022408606 0.0193228573
-0.0308915488 -0.0228308924
-0.000496875262 -0.0150475753
0.0584362857 -0.0459695458
0.0169454683 0.0287250318
0.0573481806 0.00948351622
-0.0292341243 -0.0187592059
0.00192378834 0.00252091046
-0.0133486195 0.0683567002
-0.0232439246 0.000873083889
-0.00204580906 0.0162818674
0.00321899028 -0.051339332
0.00621725293 0.0724340603
0.0223561246 0.0427493192
0.00399267953 0.0127646383
-0.0330185369 0.0354316756
-0.0273785666 0.0170046613
0.0652614012 -0.0162238982
-0.0467840135 0.038712237
0.0206969101 0.0226530153
0.0305526257 0.0154349627
0.0652263016 0.0155269038
-0.0226509031 -0.023424603
-0.0609172732 0.0220211279
0.0318404287 0.00425277837
-0.0662655458 0.047261361
-0.063605696 0.0237349719
0.0166379064 -0.0186556149
0.0230672229 -0.0598868653
0.00853100978 -0.00443958957
0.00562863983 -0.0135469465
9.71844493e-05 -0.00853123143
0.0532213636 0.0371465534
0.0165878311 0.00320869498
0.0194223728 -0.0251823366
-0.0108201206 -0.0489478298
0.0165238008 0.0226662736
0.0339327268 -0.0207636338
0.0197207425 -0.0433217697
-0.0528402589 -0.0109920083
0.00186997256 0.0197354276
0.0176998042 -0.0147218201
-0.0327723138 -0.00648103375
0.0398492329 0.065820165
-0.0290703028 -0.00619381899
-0.0307667181 -0.0300644934
0.00603226433 0.00921405479
-0.0171512421 -0.0726117417
-0.0262004063 0.0230926964
0.042021472 0.011333908
0.00836156961 -0.0472199768
-0.0207944009 -0.0615998916
-0.0115813622 0.019703079
0.0121796979 0.0360054858
-0.0976577774 0.0526765361
0.0336076468 0.0354847685
0.00742212543 0.0183957778
0.0164525248 -0.00504053524
-0.0860273987 -0.0404340625
-0.00632795924 -0.0186510701
-0.0069433176 -0.00124220666
0.011597083 0.000666564563
0.0742702484 0.0268951617
-0.0498574823 0.0386645943
-0.00624766108 -0.0916797742
-0.0373652764 0.0760834366
-0.00215643947 -0.0648104474
-0.0623448752 -0.0481193475
-0.0147013944 -0.0165525749
-0.0144059611 0.116742708
0.00907253847 0.0176558942
0.0134519553 -0.0136402156
-0.0530415811 0.0127924457
0.0429836288 0.0461109057
-0.0404440835 0.0386592075
0.0870201364 -0.000691879017
0.0102595929 0.0229910202
-0.0148803145 0.0474514961
-0.0171896648 -0.0227946546
-0.0204827599 -0.0206516571
0.00035392557 -0.0426225998
-0.0222409181 0.00391783472
-0.0394320451 -0.0416073874
0.0105535816 -0.000794532069
-0.06690979 -0.0370902978
-0.0413544029 0.0128767742
-0.0303157121 0.047195904
-0.0132178608 0.0212297458
0.000373643241 -0.0515342243
0.031311281 -0.0075724069
0.0264109634 0.0303242728
-0.0257395227 0.0422685556
0.0161990877 0.0558064654
-0.036280416 -0.0421976447
-0.0511689968 0.0204382148
-0.0594943874 -0.0158317536
-0.0212786905 0.0246774778
-0.030220544 0.00150147034
-0.00930279586 -0.00400305446
0.0125168711 0.0034764111
0.0428932011 0.0129755642
-0.0113204606 0.0295591615
0.0219697431 0.0218331777
-0.00448403601 -0.0803477168
-0.050225839 -0.00226717489
0.0400500707 0.0368347056
-0.0445025638 0.0193993002
0.0173888635 0.0511647351
0.00549046276 -0.019760225
0.0336630046 -0.0159696266
0.0607546382 0.00240759645
-0.00569242937 -0.0234906673
-0.0187295359 -0.0213686284
-0.00240125414 -0.0417963266
-0.00711930078 0.0158194005
-0.0201232433 -0.00403484702
0.00658461358 0.0026358224
0.0408410691 0.042898912
-0.00703517254 0.0365472771
-0.0101849316 -0.0238820706
0.0112546263 0.0355224572
-0.0463059619 0.00805372093
0.0209789984 -0.0346543118
0.0512953401 0.00143154978
0.0167081766 -0.0321472175
-0.0787206516 -0.0154883461
0.0694731697 0.0221303236
-0.00340178888 -0.00894763786
-0.0982886851 -0.0795734152
0.0439119674 0.033238858
0.0252792928 0.0646508038
0.0146177178 -0.0409687124
-0.00580582023 -0.0169584621
-0.0178116094 0.0249572992
-0.0196144264 0.00470383558
0.0386670195 -0.0389908329
0.0786143467 0.0232052281
-0.00371364853 0.0081108762
-0.0213019215 0.0131474268
-0.00638398342 0.0157552678
-0.0314367935 -0.0142489579
-0.00231014355 -0.0249908064
0.0483718738 -0.100791909
0.0513953008 0.000788773061
0.00920603424 -0.0186890662
-0.0186076332 0.0179903377
-0.0228590723 0.0634049773
0.0362905711 0.0165282823
0.025408091 0.0424653701
-0.022720404 0.0371810868
0.0164263397 0.0340603441
0.0537592657 0.0714932233
0.00723980973 0.0276638623
0.00405853754 0.065655753
-0.0816431642 0.0287885517
-0.0299949218 -0.0637381151
0.0556474999 0.0192639455
0.0371900499 0.0530676171
0.0150518445 0.0545025878
0.0625839084 0.000744643388
0.0483771265 -0.0432131998
-0.0329702683 -0.0428557545
-0.0154945301 -0.0256185941
-0.0363761373 -0.0260565318
-0.0249780789 0.000849004369
-0.0293417461 -0.00474895863
-0.0267987549 -0.0581997
0.0702443421 -0.0236458108
-0.0217240136 0.0146182254
-0.045044411 -0.0562641211
0.00245881034 -0.111337669
-0.0241420921 0.0762830675
0.0694554746 0.021831762
0.0423658937 0.0048934049
0.0509160459 0.0262436122
0.0460448787 -0.0246150345
-0.0725532696 0.0572648272
0.0191158336 0.0209206603
0.130521715 -0.0852190331
-0.0198073629 0.00574296666
-0.0401235893 0.0549015366
-0.0577694625 -0.035376247
-0.0129007241 -0.0499612987
0.0967823863 -0.0538552925
0.0449512415 -0.011611389
-0.0148925921 0.0551890843
0.0605845191 -0.00941278599
0.0377965011 0.010369393
0.0249941926 0.0488454215
0.0228952598 -0.0798575878
0.0402212627 -0.0417560861
0.0785378739 0.000915329263
0.0222710874 0.0130472053
-0.0459287465 -0.0157173257
0.0161412526 -0.0163966827
0.0817814469 -0.00768197514
0.0258930884 -0.10573855
-0.00230569951 -0.0314404145
-0.00440341095 0.0210299306
-0.00515649747 -0.00184589345
-0.0406861193 -0.0455439463
0.0304805283 0.0180675611
0.00192516693 0.0857744291
-0.0692435056 -0.0702046305
0.0563079901 -0.00999664143
-0.0336930938 0.0224330258
-0.091227591 0.00750912772
-0.0748378932 0.0150199989
-0.0287936032 0.0389125496
0.115773201 0.094758369
0.0366903245 0.0140502546
0.0128672505 0.00560687855
-0.00779431127 -0.00789645221
-0.0425627418 0.0822008401
0.0311552156 0.0268877577
-0.0180926137 -0.0787135437
0.0143815735 0.00127505313
0.0604010709 0.054106079
0.00992658641 -0.0287288278
0.030798234 -0.0369458161
0.0238315035 0.0236055143
-0.0268600881 -0.00437087659
0.040780697 0.0262748115
-0.0275552068 0.119898483
-0.118425079 -0.00659194263
-0.0367808416 0.0502632558
-0.0270847455 0.023992788
-0.0433521383 -0.0291184019
-0.0239896122 0.0105491299
-0.0604639947 0.00736859161
-0.0702102035 -0.0209829155
-0.0601572916 -0.0236755405
-0.0864545107 -0.0723759457
-0.00358734699 -0.0510796197
0.0716639534 0.0670496896
0.074688457 0.0194577817
0.0727334693 0.00173191528
0.0450392477 0.0392962024
0.0474776551 0.00362757454
-0.0444322564 -0.00900095887
0.020450592 -0.11632745
-0.0211864691 -0.0256799031
-0.103587165 -0.0222657267
0.0447645225 -0.0111809792
-0.0224332754 0.0953489617
0.00512932101 -0.00169428135
-0.0206664372 0.00295764674
0.0141444672 0.00234247465
0.00513746403 -0.124051005
-0.0413667709 0.0638706386
0.0681845546 0.0464812741
0.0518272184 -0.0756583363
0.0370505676 -0.0507696234
-0.0227107052 0.0280047227
-0.106965043 -0.0147683397
-0.0943274274 0.0243584495
-0.0615396351 0.0335104018
0.0300811399 -0.0272132177
-0.060685087 -0.036023885
0.0601539277 -0.0135935908
-0.0218765028 -0.045749303
-0.0381323472 0.024863068
0.0845413655 0.0503604412
-0.0263058003 -0.0261247363
-0.0596956797 -0.0377547629
-0.0615356304 -0.0110347327
-0.0608934239 -0.00879553985
-0.0187577177 -0.076914914
0.0290626884 -0.0478661396
0.0716102496 -0.00452296482
0.00213932781 -0.0492013432
-0.0472470969 0.00373612065
-0.0145715997 -0.00564961927
0.0285852104 -0.0510661006
-0.0764698386 0.0327787809
-0.0300378874 0.0902171731
0.0260544885 0.0538181886
-0.013799279 0.00688785594
0.0304141808 0.0243187137
0.0806120709 0.0531887338
-0.0190947689 0.0437285006
-0.0518521778 0.024337694
0.029272357 0.0722592548
-0.0223251712 0.0312188584
0.0132557144 0.0752250478
-0.0490298569 0.00456222286
-0.043038588 -0.0162007455
-0.0235425346 0.00906808395
-0.0305440594 0.0134283798
-0.000728131796 0.00592710311
0.0279537402 0.0162933283
0.0135095464 0.0632224753
0.00737606594 -0.0292951129
-0.0497108921 0.0511543229
0.0269472897 0.0114499368
-0.00335937436 -0.110506818
0.00865985826 -0.0609775595
-0.0384585299 0.000920092862
-0.00781671703 -0.0553308725
0.0367335565 -0.0120792259
0.0387058295 0.0181803759
0.0192133673 -0.00434962008
-0.0356247351 -0.012488801
-0.0250691324 0.0341233537
-0.00604778808 0.000134842092
-0.0133120604 0.020869568
0.00403174525 0.0370148607
-0.00900661759 0.00490541756
0.00624532858 -0.0707446933
0.020792935 -0.0126515189
-0.0156616196 0.0022449505
-0.0184281375 0.000977464835
-0.0469628461 -0.0524215847
-0.0353155993 -0.0507539213
0.0750037506 0.0311119296
0.0170073006 -0.0419171937
0.0827540606 0.00778780645
-0.0194986165 0.0360862166
-0.0847481266 -0.0527213253
0.0208423194 -0.0104642007
-0.0456263833 0.0550862104
0.0186446905 0.00465853326
-0.0248222463 0.00822659861
-0.0140850386 -0.0333627425
0.00938088726 -0.0646901578
0.00976451766 -0.0112886494
0.0528411232 0.00796894263
-0.0498878956 0.013051589
-0.0357246175 0.0486701392
0.137789115 -0.0519839264
0.00128357322 -0.0615084134
-0.0236845948 -0.059599299
0.0586709119 -0.0360003971
0.0943703726 -0.0259122308
0.0160277225 -0.0649608523
-0.0336289816 0.00518814847
-0.0221872535 -0.0191009585
-0.0358032659 -0.00942690391
-0.0431809425 -0.0244737118
0.0424125828 0.0674713328
-0.0449876189 0.0289964974
-0.0192522928 0.0204827804
-0.073631309 -0.0253269505
-0.00861490145 -0.0288564563
0.0991128609 0.0510356277
-0.0539074428 -0.0205593985
0.0364862718 -0.0544046685
0.0422684811 -0.00903052837
-0.0162077229 -0.0181776173
0.0663478523 0.0121095777
-0.0161162317 -0.0482508689
-0.0442081913 -0.0369189419
-0.0514978953 0.0114452299
0.0657873303 -0.0651417002
-0.0130780339 0.0292035956
-0.0661997348 0.0212095473
0.0790430382 0.0268012434
0.0214907154 0.0351890028
0.032628011 0.060541451
0.0942036733 0.0256487969
-0.0316276923 0.00216401857
-0.0809706822 0.0259763915
0.0380886197 0.02631923
0.0275076497 0.0731749088
-0.0464214012 0.0455805883
-0.0532030277 0.0147329727
-0.0407838672 -0.0103873825
0.0236009806 0.0157126077
0.0259290859 0.0554879755
-0.00707472721 0.0256704129
0.0201412812 -0.0622609109
-0.0217246506 -0.0156589337
0.0196825005 0.056037005
-0.0257429592 0.043421533
-0.0992786735 0.0188020375
-0.0255239122 0.0067670662
0.0180969127 0.0321124233
-0.0248840526 -0.00562028261
0.0125292372 -0.0220756028
0.0932280794 0.030502174
-0.0241473485 -0.039312955
-0.0489520058 -0.0637341067
0.0841561407 0.0341539942
-0.00405982044 -0.00265890872
-0.0661965385 -0.0994499922
0.0261221286 0.0619458742
-0.000892148353 0.0723159015
0.0392254852 -0.0164429266
-0.0114304526 -0.0234101787
-0.0204627924 0.0421821289
0.0232543461 0.0156298149
0.0107496893 -0.0343037061
0.0826347247 0.016403785
-0.00750902109 0.0124880765
-0.0266721081 -0.00121759437
-0.0230853241 0.00562531082
0.0226204675 -0.00654993905
0.0177461952 -0.0305363107
-0.00381489238 -0.0479496159
0.0789972916 -0.00862853508
0.00339842495 -0.0445737429
-0.0141298752 0.00871479139
-0.00335880346 0.0560100786
0.0272580329 -0.019212978
0.0359712355 0.0814262778
-0.0256367084 -0.0234831683
0.0312371906 0.0204707906
-0.0480843671 0.0193246789
0.0064214645 0.0233031083
-0.0681488141 0.0193115287
-0.0931359977 -0.0196847208
0.0419476964 0.00361813628
0.0646183863 -0.00873928051
-0.0419059172 -0.0667325929
0.0212679766 -0.0284188371
-0.0029200241 0.0208933484
-0.0294255409 -0.0469281077
-0.0150264241 -0.0378821492
0.0264029633 -0.00529295905
0.0360487737 0.0798961371
-0.0528369099 0.0295085274
-0.0215489324 -0.035922952
-0.0614519529 -0.0250979606
0.0432844721 -0.0666936338
0.0389354154 0.00423825625
0.0203032177 -0.0161416847
0.073809959 0.086731784
-0.0168022476 0.0313670449
0.0280365199 -0.106963553
0.00302999886 0.0889644027
-0.0213018693 0.0435039587
-0.00572970556 0.0452976599
0.0241092537 -5.94332232e-06
0.0137999086 -0.0456607118
0.0160858128 0.0418777317
0.0249196868 -0.0198240895
-0.0552642792 0.0366895422
-0.00566767668 0.0373199806
0.0211175382 -0.0548390709
-0.0602598712 -0.018510785
-0.0251064226 0.0119622527
-0.00148946373 -0.0494857654
-0.0319842845 -0.0634543225
-0.0216157008 0.015031023
0.0528217591 -0.00522701349
-0.0130670909 0.0384133197
-0.0115144709 -0.0486262813
0.0653730705 0.00919313077
-0.0236028936 -0.0333839506
0.046343863 -0.0744877681
-0.0161274206 0.11366412
0.0292528868 -0.00997973047
0.0872317329 0.0054134177
-0.0131920474 -0.00304964092
-0.000601101317 0.00574454386
0.0236469023 0.050582476
-0.0574282818 -0.0157599803
-0.0798870549 0.00753116468
0.0100079011 -0.0496443734
0.0882218257 -0.00739914365
-0.0135583002 0.0450980403
-0.03351859 0.00513350312
-0.0757558644 0.000289652264
0.0425704606 -0.00673529739
0.00424082251 0.0471509062
-0.0531429164 0.0183583796
0.0468968153 0.0667552575
0.0634656847 0.00644979067
-0.110431418 -0.0777976066
-0.0628599674 -0.0145831201
0.0123842992 -0.0157975107
-0.0276455302 -0.059227284
-0.0442064255 -0.0302725136
0.033153303 0.00749840634
-0.0223054141 -0.038728971
-0.0025955278 0.0540461317
0.132958964 0.101834439
0.0186214838 0.00118172925
0.00939407013 -0.0268623829
0.0524177365 -0.034776926
-0.00268186349 -0.054397516
-0.00493425271 0.0174968485
-0.00324983499 0.0583744235
0.0377082676 -0.00579594867
0.121244982 -0.0188527405
0.0209942628 -0.0468122922
0.0475528724 -0.057872884
0.0667643175 0.0538720898
0.0158322901 0.0386221781
0.072450757 -0.0180364735
-0.0122601539 -0.0235149264
-0.0409876108 0.00323217036
0.0368428864 -0.00588136213
0.0267914496 0.0386497788
0.0644587949 -0.0255517159
0.0104726646 0.0286693554
-0.0236223601 0.0120967785
0.0428633839 -0.108333431
-0.026300136 -0.0260398909
-0.0630675256 -0.0572057739
0.0184507482 0.00833067205
0.0221988671 0.065764375
0.00996034499 0.0473341718
-0.0158482008 0.0515954643
0.02287581 0.0263622254
0.0197769143 0.0162570309
-0.0375610702 -0.00186493248
0.0394173786 -0.0391786881
-0.0101546273 -0.0753998756
-0.00142755965 0.0764861777
0.0595561042 0.024037512
-0.0845920518 -0.064627789
-0.0258684512 0.0251475237
-0.0326451585 0.00385319977
-0.0866055116 0.0388208665
-0.036326535 0.0116036627
-0.0645501465 0.0109071285
0.0140206665 0.05769898
0.00199413928 -0.0392313562
0.0153174233 -0.131582305
0.0444485396 0.0189848226
-0.0395585261 0.0102495318
0.00546827214 -0.110897683
0.031528838 0.0136128142
0.0365875289 0.0666136891
-0.00483222632 0.00199466757
0.00373108289 0.0503016487
-0.0491387434 -0.0448272862
-0.0235053673 -0.0254708137
0.0667494833 0.0626954213
-0.0415186957 0.038529411
-0.0212276857 -0.0044170348
-0.0120583363 -0.0155227492
0.0222520716 0.0208430719
-0.0610581823 -0.0154710589
-0.0928218737 -0.025338402
-0.0223996677 -0.0316376314
0.0149726858 0.0182986818
0.0411336124 -0.0582134165
-0.0580921322 0.0514578559
-0.00737294881 0.0271400474
0.103790618 0.00278557837
0.0343013294 0.100258358
-0.080948852 0.0311419163
-0.0878160819 0.0784973353
-0.0208212119 0.00561055588
0.0092883762 -0.0442069285
-0.0265701693 0.0158056933
0.0147237778 -0.0191288497
0.0111382371 0.0595655516
0.0370313339 0.00843453687
0.0144323986 -0.0179306306
0.0404831842 -0.0574988499
0.00464240927 -0.0683127642
-0.0276284982 0.0162259527
-0.00711047696 -0.011342667
-0.0104045682 -0.00876406487
-0.0638625473 -0.00740128849
-0.0613657273 -0.096129708
0.000386783882 0.0247555859
-0.0385259762 0.0162712932
0.00954402983 0.0411222391
0.0456998684 0.0524258167
0.00236214581 0.0460580736
0.0165610276 0.0408303924
0.0935698375 -0.0586402938
-0.00445167301 0.0218775254
0.0315441638 -0.0094917044
0.0148286866 -0.0154877929
-0.0318004712 0.0646616518
0.0422008336 -0.0079503702
0.0280031152 -0.0395723842
0.0463133678 0.00784528255
-0.00123950338 -0.0112052551
-0.00416772626 -0.0444011129
0.0130776567 -0.0299232211
-0.144791111 -0.00441393629
-0.0486528054 0.00192159356
-0.0428632349 0.0162520371
0.0112512121 0.0372476466
0.0052236598 -0.0462431051
-0.0665714964 0.0297563616
-0.0282742102 0.0501111262
-0.0598130152 0.0364736356
-0.00847109221 0.0133673223
0.0581964292 -0.0319017582
0.025126081 0.0156961922
-0.00798095949 -0.032146018
-0.0586906336 0.012385861
-0.000853683392 -0.0222831592
-0.00806459319 -0.0929582864
-0.0141139869 -0.0748732239
0.0737516433 -0.0431929268
0.070575811 0.0856857374
0.01401038 0.000950207061
-0.00659107231 -0.0499533899
-0.0433442071 0.0716586486
0.0142803527 0.0131495418
-0.0311161373 0.00269984757
-0.133066759 -0.0683563426
-0.0168645307 -0.064081192
0.0315360576 -0.00299808802
-0.00312599586 -0.0453738607
-0.00219524163 -0.0115079209
0.0274742879 -0.0522247702
0.0865047202 0.0126100332
0.00145924906 -0.0303278062
-0.0449471958 -0.0296249781
0.0164693221 -0.028539408
-0.0225612037 -0.00780403847
0.0474021472 0.0264500771
0.013065936 0.00526489038
-0.0752790868 0.0479062945
0.00605251361 -0.0176143721
0.0439041257 0.0330290943
-0.0417254642 0.0658691004
-0.00611656252 0.0099990312
0.0641856045 -0.0158487558
0.00728098396 -0.0426020324
0.0100181056 -0.0573220775
-0.0189340096 -0.046818953
0.0131354323 -0.0317667201
0.0072566201 -0.0623660907
-0.101051889 -0.0153607195
0.0839874744 0.0174624007
0.0446327403 -0.039837338
-0.0617875941 0.0404400937
-0.0300884712 -0.00621954212
-0.036424797 -0.040662203
0.00056902878 0.0122911017
0.0196593814 -0.00281343842
-0.0289834663 -0.0578601994
0.0534874313 -0.0034888573
0.0442255698 0.00419033365
-0.0120192403 -0.0108997067
-0.0628357455 -0.0340556279
-0.0486281663 -0.00222752127
-0.0441320837 0.0680477321
-0.0364087485 -0.0429619327
0.0144391144 0.0201973487
0.0204446744 0.0879347548
0.0385347232 0.0507118441
0.015771443 0.0364448465
-0.039336931 -0.0504885763
-0.0354955569 -0.0209774692
0.014942403 0.048995506
0.0432824939 -0.00903720781
0.0806291178 0.010381246
0.00449577626 0.0538744666
-0.0601880252 0.0317821652
-0.00358219282 0.0675207153
0.0238417313 0.0191080868
0.0490543023 0.0311152209
0.00999858417 -0.00286279083
-0.0575263985 0.028650267
0.0152912159 0.0419317856
-0.0375640579 0.00475819269
-0.0084046144 0.0542161129
0.153971419 0.0534535572
0.0335782431 -0.0415375046
-0.0557274073 0.00643420266
0.0669555962 0.0313923396
-0.0376013443 -0.0264852382
-0.0386270471 0.0152188446
-0.00215012464 0.0255063679
-0.0688709989 -0.0268194173
-0.101883471 -0.0051167435
0.0381464325 0.0539651923
0.0629132688 0.0288792886
-0.0222292133 -0.0634459779
0.0255801193 -0.055859521
-0.0306295343 0.0017984818
-0.0904547051 -0.0404961333
0.0254356582 -0.019623002
0.0519344732 -0.0123729222
0.0309138037 0.0655083507
-0.0720431656 0.0541615933
-0.0522058867 -0.0661346167
-0.0232030973 -0.0268278904
0.0229377635 -0.0795743316
0.0210972913 -0.0128887314
0.00956072379 0.0293993652
0.0847516134 0.0583602488
-0.00290213362 0.0393675379
0.0560751408 -0.083401069
0.0115678171 0.122396983
-0.0533999205 0.0180187654
0.00538472459 -9.17545549e-05
-0.0031277372 0.0167889204
0.0425553024 -0.00424834527
0.00846055336 0.0684564486
0.0380504876 -0.0185045507
-0.0600866079 0.0137575222
-0.0285106692 0.0096703805
0.0521099344 -0.0273803901
0.0354359746 0.00705883233
-0.0426044576 0.0647395775
-0.0303897373 -0.0815123245
-0.0485416315 -0.0423572958
-0.0114661688 -0.0343166441
0.0496085137 -0.0889701247
0.0466847681 -0.0671897531
0.00815766584 -0.0790273473
-0.0719955787 0.0799119622
-0.000199754184 0.0799882561
-0.0439823046 0.0608360171
0.0346306749 -0.000362694467
0.0246154293 -0.0310108326
-0.0117840236 -0.000565087481
0.0400035195 0.0147149945
0.0392542072 0.035639286
0.0399559177 0.0421377085
-0.0388182029 0.0172353163
0.0189431664 -0.0467416272
0.0225523934 -0.00961011928
-0.0516559631 0.0125936037
0.00777301658 0.0089936154
0.0177004747 0.0560152754
0.0577372722 -0.0506929904
-0.0115636718 0.0672237426
0.041013144 0.085972324
-0.0617980622 0.0788538158
0.012158337 -0.0625775903
0.0170047712 -0.0607820079
-0.0523178317 0.0257920269
0.0627223179 0.00251048873
-0.0658501536 0.0342683271
0.0132694617 -0.014740942
0.00142348243 0.00261154026
-0.0157769118 0.0398186557
0.0437234379 -0.00219519995
-0.0764671639 0.0242993254
0.0123022329 0.0115846321
0.108347133 0.0393688902
0.0175534915 -0.000150815104
-0.0528616272 -0.067497611
0.0652473345 0.00393977063
0.0333366543 0.0422332063
0.0431850776 0.0588052012
0.0782337487 -0.0364348814
-0.0519736856 -0.0409969352
-0.0647916943 -0.0963932723
0.0545622036 -0.00985513069
0.00261395727 -0.0347726233
-0.0516712703 -0.173141077
0.0659621358 0.0192564167
0.0678862631 0.0109802978
0.0471079201 -0.00666273665
0.0169041865 0.0486955643
-0.0867651999 -7.00754827e-05
-0.0332033038 -0.000201684743
0.0756721497 -0.0713954121
0.0358996466 -0.0426419303
-0.00828219391 0.00475548254
0.0185533017 -0.0300503727
-0.00499224663 0.0485350452
0.0833268464 0.0573597923
0.0184382796 -0.0347311832
-0.0160802454 0.0039203628
0.0303792916 -0.0057988395
-0.0824657083 0.0169402193
-0.0776385814 0.0037740015
-0.0250823479 -0.0213284306
0.00124762882 0.0301738046
-0.0282058436 0.0285393838
-0.0163970478 0.037025582
0.0447846875 0.0189950783
0.00436666934 -0.072318092
0.0579954684 -0.0025369504
0.0376764424 0.0434867814
-0.00416946644 -0.0194143802
-0.043698974 -0.0140511654
0.0194557216 0.046196036
0.0593649894 0.0742212087
-0.0109210657 0.00162509887
-0.0342307761 0.0575976297
-0.0477273054 0.0599818267
0.0113080284 -0.0199534651
0.052797772 0.0182225648
0.0203801766 -0.0173490755
0.00956963189 -0.0292307213
-0.0805013329 0.0647473484
-0.0330574699 0.0322596617
0.0197162069 0.0155022778
0.0488288738 -0.00620758254
0.0141446628 0.0370373726
-0.0379008166 0.0172840152
-0.0342522562 -0.101954162
-0.0222338289 0.022403758
-0.00155307376 0.0603727065
-0.00991230365 0.0337459445
-0.0490744673 0.00811597053
-0.0211265683 -0.0261311904
0.0185492486 0.082693994
0.0377020501 0.0251449682
0.0337593295 0.0370535925
0.121033616 0.0469986387
0.0471569374 0.00337976683
0.0311918985 0.0203981306
0.0230322555 -0.047966063
-0.0433069244 -0.00574851362
-0.00696141412 0.0473645404
0.0268103722 -0.0294565968
-0.0592111945 -0.0588935316
-0.03258311 0.0251933578
0.0454296432 0.089942798
-0.0969203636 -0.00643174909
-0.0625102744 -0.0234988648
-0.00890344568 0.030773567
-0.0328106359 -0.0105038621
0.00073817838 0.025583934
0.00618844712 0.0401916355
-0.0465389304 0.0206159912
0.0546107069 0.03713369
0.0791293457 -0.0689720362
-0.0674887151 0.0538158156
-0.0393596701 0.0132504944
-0.0381772369 -0.0709010288
-0.0251964293 0.0363527574
0.0388103947 0.0867485553
0.00984280277 0.038093105
0.0230003763 -0.0224199295
0.0172719266 0.017612556
-0.0786546096 -0.0417589955
0.025793314 -0.0695427805
0.048977118 0.0246338826
-0.0370023847 0.0296933725
0.000798866269 -0.029723132
0.0180425923 -0.00687896367
-0.00676813349 -0.0190093648
0.0148432851 0.0711931586
-0.0454348437 0.0474757813
-0.0479111895 -0.0469536148
0.00897962041 -0.0418963507
-0.0404121652 -0.0360844843
0.0543876141 -0.0718230382
-0.0396082141 -0.0972598493
0.0017752673 0.0076327147
0.061354015 -0.0688850731
-0.0317472853 -0.122370362
-0.0896923169 -0.0836121589
-0.0722854808 -0.0509562492
0.00829219352 0.0274847783
0.0522121191 0.0326849222
0.0208364837 -0.00367863709
0.0122253587 0.0681098178
-0.0543246567 -0.0135015538
-0.0425441228 -0.0229548812
-0.019762462 -0.0683424175
-0.00800423417 0.0491945297
0.0606032684 0.0432549156
0.0130188884 -0.0517106317
0.0342202932 0.0150168557
0.00853346661 0.039220985
-0.0431219935 0.012820269
-0.0852103233 -0.0167916287
-0.0316066444 0.0842717141
0.0285106841 0.0216513444
-0.00349372742 -0.030501971
0.0453489274 0.0423536003
-0.054902792 0.0109941866
-0.0704246312 0.0159078427
0.0127367163 0.0584307611
-0.0691662729 -0.0239744894
-0.0348385572 -0.00374775869
-0.0525575094 -0.00363428448
-0.0119654946 0.00150586758
0.0192618147 -0.0220161062
-0.0429241545 -0.048415523
-0.00706810271 0.0359272324
0.00179370341 -0.0233857669
0.00634153374 0.0306148678
-0.019052865 -0.0164761487
0.0443821251 -0.0169379674
-0.0420050882 0.0323200636
-0.0519457236 -0.107871018
-0.00563501706 -0.00358181051
-0.0645454526 0.0806368366
-0.0461457781 -0.00603694003
-0.0476269126 -0.0905232504
-0.0218155272 0.00968998857
0.0317593068 0.00159444637
0.0717971474 -0.0543583557
0.0395947769 -0.00214305473
-0.000820659683 -0.00792424381
-0.0098327389 0.012047044
-0.0760632679 -0.017474236
-0.0241369288 -0.0490850434
-0.0368867964 -0.0638486817
-0.001336716 -0.0484978184
-0.0678045899 0.0306657199
0.0013139135 0.00567570562
0.0447431281 -0.0345234945
-0.0399567746 -0.0382357836
0.00705660367 -0.011024599
0.00530033186 0.00773471361
-0.00933218282 -0.0114758229
0.014223096 -0.0262028053
0.00387762976 0.0540715195
-0.0240961052 0.0052390676
-0.00818852335 -0.00434417184
0.0525485314 0.0969986022
0.0966632217 -0.0281602815
0.0251884498 -0.0509708449
0.0143052582 -0.00335323624
0.0809370503 -0.0341279283
0.0321745649 -0.0154210469
-0.0548131987 -0.00958116446
-0.00596919889 -0.0129616931
-0.0168163572 0.0550497845
-0.0842080563 0.0368841626
-0.0166448168 -0.0164759718
0.0478421226 0.0519618765
-0.0035457199 0.0501400754
0.000481418741 -0.0089633055
-0.0395484231 -0.0119865192
-0.030518122 0.0178462267
0.0151539827 0.0127159776
-0.0307046417 -0.0203975476
0.0346042141 0.00766597269
0.0570767075 0.0594152249
-0.0192249604 0.0305970497
0.0714833438 0.0276972521
0.0317534842 0.0294809807
-0.0121919326 -0.00655377004
0.0248767249 0.00494189234
-0.0219793003 0.0379061215
-0.00204389542 0.0369378105
0.0496769734 0.00523512159
-0.023867717 -0.0658889338
0.0275262445 -0.0300479326
-0.00755396299 -0.0430678613
0.0266849827 -0.0198676139
0.00745760649 0.107059248
-0.0444214903 -0.010763634
0.027674472 0.000607124355
0.0430713966 0.0465713404
0.0448137783 -0.0559228323
-0.0293367282 0.0460446328
-0.0283072684 0.0217416901
0.0279259328 -0.00130079919
-0.044502534 0.0359250791
0.00360945868 -0.0366856754
-0.0372272097 -0.00250903401
-0.00128490385 0.0580018163
0.0376066118 0.069750458
0.00751343509 0.0684772283
0.0125576891 0.0204712711
0.04863232 -0.050057441
-0.108551838 -0.0312825665
-0.0390008092 0.00387845631
0.0129481051 -0.0248269606
-0.0687069669 0.0390300341
-0.0232480969 -0.088891916
-0.0342233367 -0.0335782804
0.0142957615 -0.0350356512
0.0711128637 -0.0623969026
0.0177118611 -0.0630201697
0.00438488182 -0.0730473772
-0.0662547499 0.126835778
-0.0176286176 0.0703510866
-0.0506282486 0.0482554361
0.00697702169 0.0146971652
0.00299921026 -0.0605848543
-0.013028523 0.00180473668
0.0336189047 0.0394484699
0.05427441 -0.000966318999
0.0398738794 -0.013176444
-0.0535387173 0.0524751954
0.00301441108 -0.0241127331
0.033054702 0.00896549504
-0.00766093424 0.0231909566
-0.0088253729 0.0103880512
0.0502569042 0.0226106085
0.0150646893 -0.0489972346
0.0192300621 0.0461466499
0.0326653793 0.0932670385
-0.0567301288 0.0728757679
0.0225505196 -0.0371323191
0.0354255065 -0.0683133081
-0.0231739208 0.0185582004
0.0515788868 -0.0446899757
-0.0946686566 0.0448236465
0.0336830616 0.0603398345
-0.0265186653 -0.0319287404
0.0108987354 -0.0356192961
0.0817335919 0.066783905
-0.0456450433 0.0188071355
-0.0557717569 0.0338146091
-0.0340102799 -0.0139489099
-0.00653437478 -0.0255093239
-0.00279682199 0.0782101154
0.0125857284 0.00119440281
-0.00125795102 0.0470587201
0.0356410742 -0.0263912119
0.0539618209 -0.0106531363
0.0468972325 0.099442333
-0.0241113696 0.0732308924
-0.0175216831 -0.0202787686
0.0898272917 -0.04662247
0.00476442836 -0.0434496477
0.067856051 -0.01291529
-0.00147881813 -0.0707021505
-0.0629400015 -0.0697825551
-0.0400572047 -0.032421805
-0.0502115302 -0.0540746041
-0.0281094853 -0.0252539329
-0.0084610451 -0.00115908089
0.0328402445 0.0503827371
-0.00770329311 0.108512715
-0.0895715579 -0.0774573758
-0.0905414298 -0.0575520396
-0.0298445802 -0.0300605185
0.013126337 -0.00550994137
0.00296229566 -0.0649627
-0.00265207514 0.00657885196
-0.00136850891 0.0620656051
-0.0323225036 -0.0758710727
-0.0555972271 0.0175001957
-0.0122490171 0.0358046107
0.0301291198 0.000199763046
-0.0349529721 0.00132488122
0.0681066066 0.0325215422
-0.0161630977 0.0893725231
-0.0649264827 -0.0928983837
0.0316760316 -0.0240045879
0.0383116715 0.0143762166
0.00106197619 0.0085852528
0.0251315571 0.111714669
0.0640957728 0.00225559669
0.0136866653 -0.00824120548
0.0339050256 0.0641123801
0.0274963062 -0.00934092328
-0.0149306804 0.0711744502
-0.0251012798 -0.0294044036
-0.0572092794 0.0644015968
0.0053552147 0.0774853602
0.0059755235 -0.0986553058
0.0665012449 0.0412893407
0.0566583313 0.060996037
0.026551852 0.0235543791
-0.0151171042 0.0346286111
-0.0493132956 0.0339258537
0.00245299679 0.0124367056
0.00413419167 -0.0835429132
0.0420343839 -0.0460143462
0.0615964122 0.0749692619
0.00895274337 -0.0140532469
0.0372203551 -0.0492314957
0.0517717525 -0.00359996781
0.0480926558 0.00253754831
-0.0252064802 -0.0227777194
0.0206725765 -0.0445260555
-0.020921573 0.0173988454
-0.00989482086 0.0350221768
0.0518673323 0.0466407128
-0.0258807056 0.000683269463
0.0103782509 -0.0528420769
-0.0124865649 0.0288830139
-0.00119712797 -0.0117031243
0.0409541763 0.0215362795
-0.00683266344 0.0178566445
-0.0242237318 -0.0428697206
-0.0239056349 0.0795144141
-0.0374789238 0.0197337046
0.0587977692 -0.0266196579
0.0235202312 -0.0235836618
-0.0319108628 -0.000145413214
0.0348204672 0.0502010733
0.026307134 0.0227544829
0.0124273952 0.0322565027
0.0502552614 0.000404560822
-0.0556583405 -0.00336275296
-0.0371872857 0.0195964649
0.0343953483 -0.0539937653
-0.0738694966 -0.0710591078
0.0169969276 0.0621728264
0.0524812527 0.114201091
-0.0385646895 -0.00187638227
-0.019803958 -0.0554470904
-0.0421400107 -0.0750520304
-0.0681162328 0.0253244191
-0.0862528011 0.0628489703
0.0128941694 0.0437257364
0.051509466 0.065200448
-0.02086097 -0.0417206362
0.138542995 0.0292834174
0.0693186596 0.0477766246
-0.053236302 0.00551573746
-0.0174263939 0.00188361434
0.0589331016 0.0673607439
0.0425419919 -0.0394178107
-0.051528845 -0.0329136215
0.0262430273 0.0232582744
-0.0457911305 -0.00470698252
-0.0273534786 0.00314500695
0.0736074075 -0.0691968054
0.0464443937 0.0101750046
-0.00341951731 0.0184955988
0.0376779474 -0.0318336673
0.0171503145 0.0559568889
-0.0676445812 -0.0130397025
-0.0153323021 0.073063992
-0.0618386082 0.0419731326
0.00584753649 -0.00476928521
0.009778223 0.00274553569
-0.0684887469 -0.0626212209
-0.0536694564 0.0155353174
0.00162811996 -0.0151720829
-0.0273738094 -0.0611658916
0.0139999464 -0.0562187247
0.0261692405 -0.069187738
0.0581625886 0.000730184664
-0.000800049864 0.0299381278
-0.0703478754 -0.0162529964
0.00921001378 0.00639052736
-0.0172060505 0.0102796853
-0.0269241109 0.0287254285
0.0289464183 0.039138332
-0.0624811314 0.00897679385
-0.0621630885 -0.0551636182
-0.0253176596 0.0661567003
-0.0220576394 0.00218644668
-0.0656202286 -0.0318151452
-0.0149391936 0.0218399446
0.00609132694 -0.0236842446
0.0219611023 -0.024810629
-0.00427031191 -0.00804772507
-0.0515290089 -0.0274287071
0.0806759819 0.0366930775
-0.00584559096 -0.0244866759
-0.0818652362 -0.0497092158
0.0332906842 -0.0449313447
-0.0129803475 -0.0609987266
-0.0795398578 -0.0179913081
0.000188860198 -0.0175704546
-0.0159179997 -0.0218854696
0.0371308327 0.0141843623
0.0248788632 0.000183663797
0.021868065 0.00115069689
-0.0231199693 -0.00942275953
0.044169981 -0.0224564001
0.0180158373 -0.0104309907
-0.0240988787 0.0362539254
-0.013425881 0.0152695924
0.0562370978 -0.062746346
0.0759069026 -0.0450008586
0.0350834057 0.00889846962
0.00387610216 0.026583178
0.0313294642 -0.0137424152
0.0160807837 0.00413287384
-0.00465196697 -0.0199759752
-0.0321782939 -0.0736303777
-0.00444462942 -0.0518892035
0.00874120649 0.0136753749
0.00566809112 0.00783421006
-0.0583343841 -0.0836188123
-0.0420018546 0.0184371304
-0.00397267751 0.0847994238
-0.0199892242 0.0351280719
0.026176801 0.0331244208
0.0359590054 -0.0241002124
-0.0848432034 0.0380262397
0.0131349135 -0.00562964426
-0.0286510065 -0.0469004214
-0.0479567386 -0.0366685279
-0.0125781782 -0.0173542555
-0.080654487 0.0791275054
-0.00716315396 0.0472569764
0.0654879063 0.0453191325
0.0235401206 0.0643904582
-0.056557674 -0.0370769575
-0.0205908176 -0.0535540096
0.052660916 0.0299229473
-0.00423521874 -0.0410229452
0.0486879945 -0.0104708886
0.07107196 0.0990645215
-0.0119690169 0.029201163
-0.0565830171 -0.000572767283
-0.0609449558 0.010536789
-0.0501744188 -0.0513733588
-0.0171395522 0.00764333876
-0.00963509362 -0.0702010617
-0.0329118669 -0.020086959
0.0390524007 0.04672442
0.00874262024 0.0164084435
0.00331905577 0.0925301835
0.0165985133 0.0708471835
0.0565744191 -0.0354159549
0.0716850981 -0.0597427078
-0.0700197518 -0.0063529308
-0.0702631995 -0.00843301509
-0.0101811746 0.0129612032
0.034172643 -0.022926664
-0.0195822194 -0.0340963975
-0.102889009 -0.009239926
-0.023375459 0.0468031876
0.00298931682 0.0186247099
-0.0130717969 -0.0438832156
0.0319195911 -0.0841110423
-0.0254604518 -0.0246221032
0.00103980373 -0.0464240164
0.034130808 -0.026086105
0.00405375147 0.0451622196
0.0460117981 0.0234156549
0.0492652878 -0.0434951261
-0.0450742394 -0.0245465208
-0.000989200897 0.0223984942
0.0757646263 0.0556987561
-0.0202923287 0.114875205
-0.0220738556 0.0165454056
0.0186318737 0.0650731623
-0.0187080018 0.062571995
0.00641294196 -0.0102184201
-0.0107988799 0.056007389
-0.102423064 -0.0641300082
-0.0144744636 -0.0371260159
-0.00382191432 -5.12626866e-05
-0.0387499891 0.0213588495
0.0442737229 0.103383303
-0.000161331933 0.00809449609
-0.109534889 0.0634643212
0.01819182 -0.0569541343
0.108513437 -0.00184232951
-0.0131481979 0.0391911417
0.024111608 -0.00517013343
0.0155019443 0.0153477332
-0.030100273 -0.0364116579
0.0382954031 0.00906407833
0.0208538994 0.00488896063
0.0253560152 -0.0532549284
-0.0058115758 -0.018714238
-0.0956804231 0.0247768089
0.0326224342 0.0684713423
0.0751047134 -0.0631857961
-0.0382575877 -0.0376456045
-0.0291441381 -0.00268877321
-0.000184951947 -0.0757810324
-0.0272913445 -0.00781943183
0.0280157793 0.0551906787
-0.0397044308 -0.0303681046
0.0500132963 -0.0125663774
0.0841224417 0.0635350347
-0.0227667335 -0.0041523953
-0.0596540757 -0.00985139143
-0.0080415681 -0.0124407243
0.0118612219 -0.0315126553
0.0038984362 0.0536178164
0.0153772645 -0.0381849371
0.0279999916 0.055611372
0.00129336794 -0.0131507553
0.0783930868 0.00482252706
0.038249176 0.119508013
-0.0422384925 0.0500878282
-0.0238368493 0.0235115439
0.0910945535 -0.0176068097
0.0402433872 -0.0159815457
0.0570167117 -0.0218902305
0.000806624885 -0.0692396611
-0.0548078343 -0.107653186
-0.00394633831 -0.0561413094
-0.059523005 -0.084544301
-0.00528144743 -0.0229247119
-0.0106506702 -0.0145376669
0.0154812792 0.0314545073
-0.0251078103 0.118854545
-0.0683817044 -0.0183396563
-0.0179524776 -0.1238584
-0.0512218289 -0.057951469
0.00967307761 0.00545467436
-0.0291226152 -0.0382823199
-0.0456068404 0.064520061
0.0774576664 -0.00580374571
0.0211085081 0.00457769306
0.0014424515 0.0468353704
0.00549440039 0.0365051553
0.00230652234 0.112456366
-0.0364198796 0.0874721855
-0.0528085977 0.0252078716
0.0642406046 0.0799566656
0.00700293621 0.0912173539
-0.0155756548 -0.0249884725
-0.0258482601 0.0225058068
-0.00282127992 0.0659112558
-0.0099597536 0.0390307568
-0.0509287044 0.0048611802
-0.0446799286 0.0188645963
0.0181513634 -0.00563728949
0.0411037765 0.0179587416
-0.0387559272 0.027210556
-0.0516585857 0.0210216101
-0.0593362264 -0.00959747937
-0.00673434697 0.0149677247
-0.0315511227 0.00637528719
-0.0338467658 -0.0183701143
0.0385286547 0.0634088889
-0.0156597588 -0.0530372858
0.0353905484 0.000554461789
-0.000625670422 0.0205828249
-0.0423293635 0.068247959
-0.0124685187 0.0425756089
-0.0701955855 -0.0199966412
0.0604416877 0.06372495
0.0584635884 0.0141866012
-0.0122428108 -0.0374577269
0.016200684 -0.0235063024
0.0177310742 -0.013033865
0.0226286501 -0.0239356719
0.0123271309 -0.0140406275
0.00436896738 -0.00292706955
0.0409266204 -0.0244616885
-0.0410141647 -0.00924071949
0.0185893886 0.0269631315
0.0250725448 0.013428567
0.00767287938 -0.0259098317
0.0279957764 -0.0521236621
-0.0153818736 -0.0703436136
0.0484368578 -0.00691844383
0.0304092653 0.0575113483
0.00780400587 0.0774795339
0.052062951 0.0261443872
-0.0110551901 -0.033877492
0.0438785814 -0.0310818795
0.0128400633 0.00191712868
-0.0169346072 0.0332387462
0.105894081 -0.00711180968
-0.016764557 0.0112318154
-0.00572542008 -0.053357251
0.00360323372 0.0499694496
-0.0526598915 -0.00528391264
0.0139150377 -0.10032735
0.00442876015 -0.00567819178
0.0289228763 0.00558851147
-0.0240179729 0.0262127221
-0.063426882 0.0253578462
-0.0120336441 -0.0324649066
0.0130267916 0.0285123996
-0.023763366 0.000305963127
-0.0147389574 -0.053518787
0.0901398361 -0.106585838
0.034564361 0.00844672695
0.0413741283 0.0160169583
0.0783792958 -0.0257860236
-0.00633706432 -0.0172745492
0.0218591709 0.00989740994
-0.00672609638 0.0619139522
-0.00504488219 -0.0138542606
0.110354088 -0.0446097367
-0.0227612741 -0.0197070409
-0.0777754262 0.0320587642
0.0302895904 -0.0579060577
-0.00721463235 -0.0602883324
-0.0535617806 -0.0729004741
0.0256948434 -0.0672822148
-0.0251952093 -0.00412852876
-0.0673571751 -0.0512511134
-0.00890480075 -0.0378829539
0.0312822647 0.0148924477
-0.0216913968 0.0233004857
0.0243857838 -0.0171343759
0.00581139 -0.0209537428
-0.00546254218 0.0852553248
0.0264712498 -0.0762107
-0.0600858033 -0.0177641101
-0.0587212071 0.0789313316
0.0144223981 -0.0110572353
0.0122901034 0.0770583972
0.0360415652 0.0264134184
-0.0216488652 0.0208195392
-0.0707959607 0.0511045903
0.00405316707 -0.0258191954
0.0212623924 0.00471576909
-0.0257886946 -0.00683873706
-0.0428508781 0.0448093563
0.00821391586 -0.0021132736
0.0440856554 -0.0476848185
-0.00560268667 -0.0283014104
-0.018374892 0.0236017294
0.0436434299 0.0145346643
0.0475904606 -0.00298653822
-0.00446236832 0.0901989266
-0.0080019068 0.0696294382
0.024579823 0.0271209404
-0.0369685404 -0.0642435774
-0.0602934957 -0.068462044
0.0575293899 0.0649287179
-0.0104476148 0.0747496635
-0.0456340313 0.0807004571
0.0361747853 -0.0205236673
-0.0281221811 0.0393532552
0.0499045067 0.0239491388
-0.0390880927 -0.0415647365
0.0376409031 0.0210371856
0.0889955088 -0.00509761274
-0.0156261567 -0.0443117134
0.0667398497 0.0267310347
-0.0165679418 -0.0824657008
-0.0671683624 -0.0179602355
-0.0324770324 0.0307812672
-0.0500006825 -0.0199233033
-0.00564805418 0.0279654786
0.0363078304 0.0240200702
0.0112769622 -0.0111138523
-0.00785594992 -0.0642997101
-0.0769133568 -0.118733168
-0.0397511646 -0.0104552275
0.0197661743 0.0396179035
0.0125404634 -0.0646160096
-0.00231445301 -0.0024747008
0.00801446475 -0.0165034737
0.0264031198 0.0244335216
-0.0101968348 0.0230701249
-0.0163422264 -0.0788964257
0.0312259775 0.0609710105
-0.0127127664 0.0478026383
-0.0175263509 -0.0379628874
0.0179448575 -0.0158133507
-0.0698756874 -0.0645186603
0.0161926448 0.0949397609
-0.0262749922 0.0219615772
0.0805162638 -0.0132460035
-0.0500547923 -0.0123368409
-0.13238506 -0.0343547426
-0.0423650481 -0.0112017663
-0.0233256407 -0.0504608303
0.134496227 -0.0442674123
0.0923662484 -0.00871485192
-0.0105878478 0.0569728203
-0.0547561236 0.0315588005
0.00126523513 0.0373334102
0.00985649601 -0.0708469078
-0.0948612764 -0.0554282069
0.0208740942 0.0454642661
-0.0466639996 -0.0261143614
-0.051819887 -0.036317423
-0.00544634415 -0.0390125401
-0.000189307946 -0.0393525027
-0.052355472 -0.0035186382
0.00331659708 0.0621859655
0.0126288198 0.0224154871
-0.0527114868 0.0174728855
0.0189558454 0.0102547379
-0.0252824761 -0.0534326062
0.0191120896 0.0733565986
0.0912728012 0.0486003719
0.0266529899 0.000829706085
0.00362513075 -0.0723685324
0.0382793881 -0.0829337388
0.074917756 -0.0303701814
-0.00266541704 -0.0424128622
-0.00922058243 -0.052635245
0.028217135 -0.0400005542
0.011611131 -0.0362629555
0.00996202137 0.0382097028
-0.0138172936 0.0086870864
-0.0264612734 0.0124542853
0.0620021448 0.0489558466
0.0273511428 0.090212211
-0.0547142364 -0.00659971498
0.00280309701 0.0136709949
-0.02713353 -0.0189768765
-0.079322353 -0.0584370866
-0.0403404646 -0.0464684218
-0.0588089041 -0.061262127
0.00900123455 -0.0263109487
-0.0199470427 -0.0421232767
-0.0647020787 -0.0410249867
-0.0440222397 0.00913362764
-0.0533048958 -0.022347752
-0.00448398944 0.05627672
-0.0438267477 0.0237509981
0.0534558669 -0.036164999
-0.0185846202 -0.00304750213
-0.0428491198 -0.0504154265
0.0247045308 -0.0107398061
0.020395983 -0.0287281554
0.0252041873 -0.122596629
-0.00632616878 0.0342197493
-0.0319049656 0.0563965589
0.0174617469 -0.0293186512
-0.0437627696 -0.00313018402
-0.0157652125 0.0514568537
0.0813490674 0.0538970679
0.0447225869 0.00599107891
0.049138654 0.00570775568
-0.0410723872 -0.00770759722
-0.0758667886 -0.0565830842
0.0116038928 -0.0750567243
0.0251304694 0.0398786515
-0.0344827212 0.0364012048
-0.0556003712 -0.0176759101
0.0243115928 0.10647247
0.0688630939 -0.0233184937
0.0412779227 -0.0389112309
-0.0162034184 -0.00455412082
-0.0214873627 -0.0622418858
-0.0668678507 0.00743676443
-0.0128945392 -0.0167234819
0.0924632102 -0.0421496034
-0.00264724018 0.0320294052
-0.031653218 0.0460555181
0.0274694264 -0.119050734
-0.00244313851 -0.0313530304
0.00566392019 0.0900161713
-0.031047361 -0.0347946957
0.0219915137 -0.0321002342
0.00404180633 -0.0441060401
-0.0180595033 -0.0346221104
0.00847653858 0.0309776105
0.0418132879 0.0698617622
-0.0105314339 0.0238562934
0.0360349976 -0.0869036466
-0.0232298952 0.0362022892
-0.098053284 0.071596384
0.0886239931 -0.0106445709
0.0345700718 -0.0028650926
0.0173901748 -0.0275797509
0.0473970026 0.027023606
0.0235925987 0.00469575403
0.0339531042 0.006422312
0.0378240049 0.056473121
0.0754209608 0.00483484007
0.00394491013 -0.0628623739
0.019368194 -0.0952163562
-0.0209664553 0.0100139827
-0.0109452009 0.0332501568
-0.0389805324 -0.0205467828
-0.0219399408 0.049543377
0.08586476 0.0162465572
0.00110300607 -0.00636709295
0.0139631899 0.0628515407
0.0287392177 0.0364262648
0.002046359 0.0765421987
-0.0685283989 0.0988466069
-0.0146405445 -0.0379705541
0.0726221129 0.0748361126
-0.0436821766 0.113637827
-0.025739219 -0.0387556665
-0.0220460054 -0.0029123486
-0.0362125747 0.0829422697
0.0151776895 -0.00670849159
-0.0330058597 0.0325191319
-0.025230132 -0.00643497845
0.0157688297 -0.0401506014
0.0238356907 0.0331303775
-0.0255013742 0.0323304646
-0.0559794158 0.0109476065
-0.0268430971 -0.00906342268
-0.00405715918 0.0433813147
-0.0495057553 -0.00038275632
-0.0302168075 -0.00625539897
0.0201173909 0.103361025
0.0143928127 -0.0619325899
0.0228431206 -0.0393001363
0.00997071993 0.0349217243
-0.0484163016 0.0695237517
0.0309303012 0.0347890146
-0.0453113317 -0.0549044758
0.0809996054 0.110383727
0.0631719604 -0.0971909016
0.0677629784 0.0566812381
-0.026056217 0.0144718532
-0.0148948869 0.0625319704
-0.0711715668 0.0464692414
0.0315659791 -0.0285371505
0.0140014309 0.0267441105
0.000424841302 -0.0637303442
0.0590491071 0.00840211101
0.0209056847 0.0508514717
-0.0828522146 0.0585977584
0.0125387684 0.0390639119
-0.037207935 0.0476790704
-0.0737831518 -0.0706852004
0.0418516137 -0.0489702858
-0.0221265629 -0.016972648
0.0102264769 -0.0195186157
0.0455278642 0.0343873352
-0.00860192813 -0.0165247861
0.0458333567 -0.030630108
-0.0525097698 -0.00811655167
0.0135398787 -0.0191790797
-0.020116657 -0.0508491918
-0.0281795952 -0.007415222
0.088181451 -0.00483465148
0.0178299304 -0.0309022889
-0.033818271 -0.00719310017
-0.07985425 0.0105741657
-0.00435072416 0.0433668755
0.00374143547 0.0126877725
-0.00854509417 0.0420983583
0.0203401074 0.0394067019
-0.0561876334 -0.0116628716
-0.0037005276 0.0231574159
-0.015021625 0.00692544272
-0.047468856 0.00938473176
0.0319032557 -0.0342800505
0.0197988804 0.045825962
0.0484398007 0.0160700269
0.040453691 0.00227934401
-0.0112461606 0.0868238062
0.0210874919 -0.0166376084
0.00554743689 0.0548130311
0.0701784492 0.00981598068
0.0649468824 -0.0283535309
-0.0375891849 0.0779881626
-0.0543258674 -0.0269770324
0.0518652238 0.00809597503
0.01694143 0.0669654533
-0.0161418021 0.027519701
0.0397169814 -0.0726149976
0.00111745798 0.0153319594
0.0324248932 0.0845081508
0.106551759 -0.0396071896
-0.0561575368 -0.0433859937
-0.0209967792 0.0188743528
0.0138059407 0.0999176279
0.0475246795 0.0639178678
-0.00456416141 -0.0310216099
-0.032020729 0.0144155324
-0.0183507763 0.0870707408
-0.0296802558 0.0868941098
0.0245572515 -0.0561732166
0.0292159487 0.0698708966
0.0130240154 0.0656820759
-0.0166567042 -0.0385858305
0.041815199 0.0132612018
0.0515978634 -0.0206119567
0.0611372292 -0.00361615815
0.0092178788 0.0350964144
-0.00865538698 0.0773141086
0.0534860194 0.0898194984
0.0537323765 -0.00207721163
-0.0102801472 -0.00476310449
0.0680670217 0.0246030409
-0.00783846062 -0.0176469553
-0.0593091883 -0.0468701273
0.00525966985 -0.0233753063
-0.0101294229 0.0104747685
-0.0169789549 -0.0189064443
0.0210690219 -0.0562661551
-0.029430043 -0.035757184
-0.0258009303 0.0287237447
-0.00409707008 0.00382418721
-0.0234998222 -0.0334126353
-0.0194354989 0.0149162803
-0.0481577851 -0.0496151447
0.0484989956 -0.0164854769
0.0189827736 0.0150549449
-0.0126192961 -0.0495862216
-0.00906911585 -0.00720259314
0.0803267285 0.00784159452
0.028918501 -0.0512020439
-0.0132874604 -0.0396967381
0.0760249272 -0.0232155472
-0.0463848785 0.0699229911
0.0135797458 0.0291928146
0.0398611799 -0.0308731552
-0.057863079 -0.0207591113
0.000512218277 0.00942099188
-0.0489409976 0.00221239892
-0.00423087087 -0.0148342447
0.0196934212 0.0371918678
0.097008206 0.0166328494
0.102765977 -0.0575463772
0.0402063318 -0.0193678513
0.0153062092 -0.00411500828
0.00217096834 0.0570457838
0.0875979587 0.0221918002
-0.0444825627 0.0091309119
-0.0586368777 -0.00466371188
-0.0362927988 0.00102270907
-0.0803621933 0.0428157672
-0.0342281386 -0.0275200233
-0.00808756426 -0.0202699583
-0.0213195104 0.00599792646
-0.0309381578 -0.0168762971
0.0449112952 0.00164723909
0.0758553222 0.010482328
0.0574180074 0.025431484
-0.0367677845 -0.0348200202
-0.0388333723 -0.0263624024
0.00384894013 0.0168400202
-0.0377119966 0.0122734308
0.0472089872 0.0234938525
-0.0106530814 -0.0116072381
0.0533954352 -0.0342919193
0.00313510513 0.00566056557
-0.058958143 -0.0853158981
0.014319581 -0.00203363225
-0.116414405 0.0495755859
-0.0251829438 -0.0889214501
-0.039769277 -0.0118887443
-0.010456929 0.0723618641
0.0172744971 0.00155964133
-0.0586137772 0.011837516
0.00349191041 0.0209738389
-0.0789203048 -0.0156540256
-0.0353382677 -0.0583400801
-0.0489342511 -0.0761567876
-0.0410618484 0.0227074455
0.064992331 -0.0819704607
0.0105832722 -0.0376438797
0.0129688056 0.0213069227
-0.0390820317 0.00344628561
0.0177405812 0.0466910116
0.0297027528 0.00127839867
-0.067385748 0.0410946272
-0.0421277806 0.0557509586
0.0328113809 -0.0262012444
-0.00907678436 0.0045828661
0.0347645916 -0.0249216929
-0.015746614 -0.00363665982
0.00193569867 -0.00926682446
-0.0290695373 -0.109135129
-0.00399975246 0.0605790988
-0.0264580529 0.0582590438
-0.0727237463 -0.0740100145
-0.0262475088 -0.0226358511
-0.0510901846 -0.050397329
-0.0650286674 -0.00239084242
0.00756854657 0.0166754015
0.0164677314 -0.0401291996
-0.00915903598 0.0229959656
0.0315180756 0.0379167311
0.0379877053 0.0418007337
0.0223662388 -0.0206318237
0.0829701722 -0.0747091845
0.0165745001 0.0275110137
-0.0184596833 0.0484504141
-0.0141224926 -0.0358286612
-0.0150886783 -0.00110185647
0.0191685446 0.0321300775
-0.06931407 -0.0687697008
0.0346119143 0.01130128
0.0149398139 0.0432538353
-0.0216528997 0.0239764564
0.0404526517 0.0854578018
-0.00770555902 -0.00960525125
-0.00524344062 -0.040991541
-0.0487522185 0.00989892241
-0.0293222591 -0.0214453507
0.0556591861 0.000413308444
0.00459595118 0.0160705857
0.0301375538 -0.0645437613
0.000772434869 0.000268854521
0.0604674444 -0.0584222637
0.0657981113 -0.0166097749
0.0584552065 -0.0725223273
-0.0257223453 -0.0420336947
0.0283969976 0.0088547999
-0.0162109192 -0.0763693452
-0.0678241104 0.0342744105
-0.00750839571 -0.013978607
-0.0691985637 0.00904924795
-0.0179895144 -0.0127875274
0.0532718934 -0.0435211509
0.0408544615 0.0235855728
-0.0413453951 -0.018700067
0.0202727206 -0.0520068742
-0.0443656296 -0.0883408859
-0.063033022 0.0346493274
0.00721513899 0.00980909355
-0.0400757901 0.00624664174
-0.00688454276 0.0755177364
0.11832317 -0.0408170745
0.0112005444 -0.0188381448
0.028330991 -0.0711883008
0.0486775264 -0.00900232513
-0.081726104 0.0516956113
-0.0442388877 -0.029666407
0.0492555685 -0.0096256258
-0.0572666265 -0.0651926249
0.00180354808 -0.00847508665
-0.0195834506 0.00181512488
-0.12091171 -0.0369831473
-0.0413542166 -0.0151897063
0.114382982 0.0269558169
0.0383953638 0.0689370856
-0.0270749368 0.0295617972
0.0236550961 0.075069353
0.0187803768 0.0681220964
0.0169004463 0.0216817074
0.0737001523 0.0320458896
0.0633682981 0.0433286428
0.0558436587 0.0183397625
-0.0212757345 0.0365829617
-0.0385154821 0.0223251954
-0.0066551771 0.0257625375
-0.0175819341 0.0193795227
0.0101759816 0.037455596
0.050998114 0.0806665719
0.0501509495 -0.0167720746
0.0519630238 0.0425393954
-0.0154354787 0.0526166111
0.0355617031 -0.0400614031
-0.0605144501 0.00662261667
-0.0570480973 -0.0934270248
0.0440976396 -0.00498761469
-0.0223135296 -0.027295839
-0.0503887273 0.0352252796
-0.00841868483 0.0842324719
-0.00210207026 -0.0696047693
-0.0525391698 -0.0542770214
-0.150335938 -0.0221243706
0.009260552 -0.0141216535
0.0182095747 -0.039149031
0.0430092104 0.0322032198
0.00153838831 -0.00218014466
-0.0650849864 -0.11292544
-0.0394471698 0.00631672889
0.0250613466 -0.0120261228
0.0275900308 0.0846950188
-0.0715189651 0.052645959
0.00637801317 0.0234046075
0.0315444209 -0.0939777792
0.05050705 -0.0771482214
0.0394186117 0.0656047836
-0.0240857732 0.03841554
-0.00635664724 0.0445121378
-0.0693651661 -0.000205317483
0.0304928999 0.00204035291
0.0445812754 -0.00110893266
-0.0126214726 -0.051311601
0.0655461401 0.0612404235
-0.00222393475 0.0707299337
-0.0624487363 0.0413377322
-0.0343393534 0.0713521615
-0.015800843 1.15958146e-05
-0.0772241503 -0.0462758318
0.0859050304 -0.0292663183
-0.00641134055 -0.0353847928
-0.00498521095 -0.0403479561
0.0414676741 0.0290154964
-0.00152529823 -0.0341516621
0.0272837784 -0.0224684589
-0.00228703348 -0.0116600869
0.0440474935 -0.0275127478
0.0180749018 -0.0121545447
-0.0234531257 -0.00684805354
0.0775040314 -0.001058758
0.0664989501 -0.00458098948
-0.032596197 -0.00816965383
-0.0386716612 0.00940955058
0.0212475918 0.0791288391
-0.0154555012 -0.0285934024
-0.0195758659 0.026279293
-0.0278968047 0.00992763694
0.00753976824 -0.0275652986
0.0975162014 0.0667226911
-0.00419250084 -0.00457543274
-0.0226155408 -0.0144836428
0.0312723778 0.00632538786
-0.0683586523 -0.00136088603
-0.00741458731 0.0471917503
0.0579825155 0.0366476551
-0.139725879 0.0893322155
-0.0961956978 -0.0106833251
0.0597515069 -0.017193066
0.0673390701 0.0361242704
0.110537603 0.0111487238
0.00624762336 -0.0135821402
0.0510870107 -0.0193431862
0.00642390875 -0.0654629469
0.0763701797 0.0085226167
-0.013742269 0.0137975728
-0.00887858495 -0.0444642715
0.0306177586 -0.0490802191
-0.048262991 -0.034209732
0.0236572344 -0.00134835055
-0.0766042173 0.00771659845
-0.0167058017 -0.00549150212
0.062916711 0.122015275
-0.0112748444 -0.0149238827
0.0419187136 0.0189893767
0.000480450253 0.0191691052
0.00483645033 -0.0614491291
0.04231048 0.0206944197
-0.0377992988 0.00194641214
-0.0255752597 -0.0379552282
0.0268625319 0.0112619102
0.0194725655 0.0041361968
0.00881516654 -0.0315438323
-0.011915246 -0.0273983143
0.0106977262 -0.0290682968
-0.0109405881 -0.00688570691
-0.00657272991 -0.0691693351
0.0201520566 -0.0346698798
-0.0185986254 0.0631690025
0.0377760977 -0.0203820802
-0.027331518 0.00911667384
0.00527024828 0.0346508287
0.0976268351 -0.0374734811
-0.0605331808 0.0269778855
-0.0122437403 0.0130722718
-0.0112848766 0.0020882003
-0.034031298 0.048847463
0.0558104217 -0.0513847321
-0.0282730814 -0.00497655012
-0.0430427678 0.0113761229
0.0307879467 0.00332551287
0.0511074923 0.147566587
-0.0217559077 0.00178420171
0.018649457 0.0398094654
0.111596912 0.0902865082
-0.022523012 0.0334918313
-0.0750170723 0.0864827484
-0.00476743374 0.00588087318
0.0182837062 -0.0467883237
-0.0308263656 0.0349313915
-0.0387027413 -0.0287235565
-0.0568949021 -0.0793316811
0.00468014134 0.0457991734
0.018588772 -0.0196799897
0.00284741749 -0.0390431248
-0.0485515036 0.0186005626
-0.0695220083 -0.0235983096
-0.070788689 -0.0615374669
-0.0321258307 -0.00132603827
0.0315143168 0.0788491368
0.0382615067 -0.0709239468
-0.0673291013 0.0417636931
-0.0113339433 0.017676089
-0.005170146 -0.0668018609
0.015961064 0.0353520438
0.00205806619 -0.00345045398
-0.0445529073 0.109773844
0.0564733967 0.0677987114
0.0828650147 -0.0326754414
0.0572812222 -0.0317873769
0.0157398283 -0.0224588048
0.0433085151 0.065571472
0.0107054366 -0.0252484791
0.0199246071 -0.0299842991
0.055180762 -0.0213473924
0.0721302107 0.0596742555
0.00715800328 0.109718144
-0.062693499 0.00625298405
0.0470547713 0.0202107038
0.0398265161 -0.00593101187
-0.0289616548 0.00580241252
0.0086420998 0.0249099731
-0.0425916463 0.0440550037
0.00427153753 0.0690509453
-0.0475003459 -0.0153055917
0.0319201276 0.019884536
0.114533223 -0.0014112168
0.0611962005 0.00636385009
0.0191822574 0.0253765341
-0.0163222719 0.0552651919
0.00106272474 0.0236690622
0.00251950906 0.00565612083
-0.0916807503 0.0465644039
-0.0402882211 -0.00514282659
-0.0351729617 -0.0221289359
-0.049380511 0.0559007153
0.0577270761 -0.0228842627
0.0890922248 -0.0569289587
-0.0426339358 0.0104625486
0.0462980531 -0.0106105246
0.0587708987 0.0242727324
0.0122850994 0.0662740767
-0.064526692 -0.039974656
-0.0667172968 -0.0196458027
-0.048508469 -0.00519212289
0.0264037699 0.0710976273
0.0517566763 0.0363206118
0.0298679303 -0.0626707301
-0.0426435582 0.0189153124
0.0113619212 0.00193356222
0.00292513031 -0.110775128
-0.00532482099 -0.121248737
0.0210630707 0.0669363886
0.0125630172 -0.0331788175
0.0233732592 -0.115080073
-0.0449636169 -0.0260639638
-0.0371430255 -0.0497160517
-0.0395894498 0.0114032198
-0.0641057864 -0.00327735161
0.0498862937 -0.00748940418
0.00355635281 -0.0339033641
-0.0472926795 -0.0206511915
-0.0582821965 0.0617981963
-0.0426249355 0.0331227146
0.00355874375 -0.0183060411
-0.0716793761 -0.0408499166
0.00343960826 -0.0286883116
-0.078509286 -0.00902784802
-0.0197133441 -0.0304688402
0.0182470828 -0.0169859584
-0.0829535872 0.0519763157
-0.0730209202 -0.0325623639
-0.0712362379 -0.00845173933
-0.0123017961 0.0324660577
-0.00686985999 -0.0165794585
-0.00343075511 -0.00794524048
0.0288221277 -0.060626328
-0.00193389761 -0.0593370721
-0.0260725897 0.00178582012
0.0173849035 -0.0336063281
0.00523563055 -0.076884985
0.0339871235 0.0362439901
0.0351545289 0.0416876264
-0.0558919087 -0.0273506492
0.0304326974 0.0408038758
0.109068997 -0.0480705164
0.0164250527 -0.0889202505
0.0712514594 0.0183105078
-0.057684429 0.0226661097
-0.0459907502 0.0419963785
0.0488832593 -0.00235412968
-0.0187890772 -0.0183304772
-0.0282266848 -0.0376410447
-0.0913258418 -0.0440235622
0.0212982427 0.0313830301
-0.0218959749 0.0311574321
-0.0622323155 -0.0238041244
0.0212416686 0.0337557048
0.0232710931 0.060889326
0.0396155603 -0.0561793298
-0.0369025134 -0.0542957112
-0.0285526123 -0.0293412115
0.02653528 -0.097345598
-0.00478956988 -0.0866029784
0.0496584252 -0.0298730377
0.0459044054 0.0733156353
-0.00126975239 0.0749922618
0.0182323735 -0.00278253341
0.0311326813 -0.0362103432
-0.00169467903 -0.0158700962
-0.0982464999 0.0258267149
0.0352899805 -0.0246254746
-0.0204355232 -0.0922008082
-0.0435661264 0.00838765502
-0.00547214504 0.0786665902
-0.0189891942 0.0275811069
-0.00895835087 -0.0590194911
-0.0446265005 -0.0348230749
-0.0432806611 0.0559479557
0.0149025163 0.0290303789
0.0635913759 -0.0675586089
0.0401115529 0.0170498248
-0.0226132087 -0.00822355226
0.0215253569 -0.0146027673
0.0275815111 0.00491876109
-0.0011058636 0.0371095054
0.0394041575 0.0396758094
0.062958397 -0.00815021619
-0.0113872886 -0.0264755245
-0.0884542838 -0.0223233867
-0.0400633104 0.0208284408
-0.0653949752 -0.0240051653
0.0407200195 0.0863413215
0.0710598379 0.124221288
-0.0496106856 0.00248835678
0.0311841555 -0.0379040614
-0.00497457711 0.0123959063
-0.0394166522 -0.0491875038
0.0492671356 0.00527535612
0.02047785 0.00590968085
0.0364103988 0.000796311419
0.0405136682 0.0326647609
0.0522511713 -0.0610158853
-0.0183786619 0.00247722841
0.0285922009 0.0798812509
0.0174113698 -0.0348442458
0.0160501525 -0.0334057547
0.0310336519 0.0680878684
-0.0349081531 -0.000368964771
-0.0977926701 0.0162301213
-0.0494048968 0.00537486654
-0.0804294199 0.0104266331
-0.0102064069 -0.0113965776
-0.0253739078 0.0283832997
-0.00838799402 0.0160209909
0.0277881082 0.00855746027
-0.0221881624 -0.104801193
-0.0138146244 -0.0138330087
0.0628899112 0.0337719359
0.0491436571 0.019774517
0.0222232752 0.0563558973
-0.0186997056 0.0968430564
-0.00819143467 0.0128119485
-0.0137356743 0.0213485453
-0.059228763 0.0102627492
0.0175023917 -0.120145731
0.117218792 -0.00211188756
-0.00785503816 -0.00214098417
-0.00510028563 -0.0333624072
0.0184937231 -0.061285343
0.0443276875 -0.0721662417
0.00278366986 -0.0168054942
0.0364251658 -0.0789314657
0.0317913778 0.0521812961
-0.0643655136 0.0223491583
0.0546550415 -0.0561340265
0.01328093 0.0179420523
-0.0280174892 0.0315723643
-0.00996177923 0.0728722811
-0.00318756583 0.0419883318
-0.0242468975 0.0120019391
-0.038655296 -0.110472664
0.0053964383 -0.0183368661
-0.0337364599 0.0383556187
-0.0268953592 -0.0244417414
0.0619949736 0.0888925046
-0.0159053877 -0.0222644489
-0.0140161514 -0.00304106972
0.00640365388 0.0452375151
-0.0577319972 -0.00601690961
0.0136692841 0.0212850664
0.0369183198 0.0436976328
-0.126079112 0.0222844761
-0.0874894783 -0.0598490238
0.043992836 0.00116953242
0.0439055525 0.0338229686
0.0819319561 0.0294581521
0.0146711478 -0.0140715158
-0.018764127 -0.021855114
0.025249064 -0.0109433578
0.0402818955 0.010787366
-0.00235669012 0.00783859845
0.00804527849 -0.0215528328
-0.0240026563 -0.0170133431
-0.0552192405 -0.036584422
0.0341591872 0.0164531916
-0.0806548968 -0.0256194137
-0.0261507295 0.0221369844
0.0520708486 0.0943671092
-0.0139469486 -0.0188736618
0.024421405 -0.00456652138
-0.00774509087 0.0249310173
0.0494666919 -0.0603319705
0.0577692538 0.0168252122
-0.0455531552 -0.0120027084
0.000675217656 -0.0107948501
-0.107790269 0.0311708227
0.000902745291 0.0229122285
0.0544455573 0.00892817229
0.00111974869 0.0451314189
0.0248722881 -0.0338548683
-0.0492601283 0.0222464409
0.0150376158 0.012035259
-0.0261022616 -0.0255717617
-0.00128581654 0.0074003581
0.0147772105 0.0491684005
-0.0547898896 -0.0492700934
-0.00439198036 0.0745360106
0.0647236258 0.0339333341
0.0297177453 -0.077134639
0.000456563081 -0.0134332338
-0.0264259204 -0.00423007971
-0.00888148509 -0.00988432951
-0.085073702 -0.00879145041
0.0138325254 -0.0460680351
-0.0213261787 -0.0264590643
-0.0396691188 0.0249211807
-0.00114962785 0.0958483666
0.038491644 0.0545699969
0.0465750322 -0.0168033689
0.0449954346 0.0633425191
0.0997016281 0.0122231832
0.0830030888 -0.0559585914
-0.0250719786 0.0315539166
-0.0128257256 -0.00432639476
0.0606773272 -0.00532433018
0.0332801901 -0.0363307707
0.0231299102 0.0231944993
-0.0349616706 0.118773125
-0.062402267 0.0551956147
0.037043836 0.0248255786
0.0317723006 0.00754590705
0.0378092155 -0.0441652015
-0.0511543192 -0.0473976731
-0.0225828066 -0.00713295396
0.0262670293 0.0726837739
-0.0182749927 0.0161212254
-0.00255020522 0.0549555384
0.00261060311 0.0125658335
-0.0351202041 0.0204722509
-0.0565672629 0.0865453109
-0.00559511269 0.0285708476
-0.0311011039 0.058191672
-0.0175620969 -0.0227569845
0.0747871771 0.0380464979
-0.0057589435 -0.00998721924
0.0119764097 -0.107070148
0.0731648877 0.0167163461
-0.03430897 0.00452411361
-0.0116783921 -0.0418083295
0.00587363401 -0.0298713986
-0.000891106203 0.0203984994
0.0842149854 0.0526029393
-0.0397881791 -0.0449523628
-0.0573849082 0.0220202804
0.00653327815 0.0302264374
-0.0185273364 -0.00440403074
0.0158246607 -0.0448468477
0.0307162907 0.053020183
-0.0444949307 0.0586515069
0.00444678543 -0.0194310546
-0.0426807627 0.0323976018
0.00696947053 -0.00466429256
0.0105018197 0.0967036635
0.0597979166 0.0261799116
0.0629383475 -0.0244966429
-0.00894659571 0.0268052965
0.0448191874 0.0238114167
-0.00575853698 0.0255917087
-0.0436693914 -0.00276426971
-0.0697454289 -0.0673745871
-0.0254385155 -0.0640194789
0.037943095 0.0412704498
-0.0562516153 0.0208332781
-0.0347175226 -0.00491197035
0.00442665257 0.0485511273
0.0385165773 0.0483898148
-0.035540171 -0.0137891732
-0.0770344809 -0.0364357047
0.0204868726 0.00354230637
-0.0359996706 0.0286294594
0.0132852932 0.0116497632
0.0395652056 -0.0101688607
-0.0313104466 -0.0169981159
-0.00573856989 0.0603914633
-0.0532945059 0.0026150872
-0.00907266699 -0.0419092812
-0.0211198311 0.0188114326
-0.0619978495 -0.0244029928
0.0673251972 0.0541665405
0.0198776145 0.0553129762
-0.0059971544 0.0158964936
-0.0434308276 0.00839306973
-0.0316781551 -0.0117409639
0.0379673652 0.00188536267
0.0767196715 -0.0583903231
0.0412025899 0.0125870863
0.0636415631 0.0611903071
0.0892713666 0.0014940931
0.0549005419 0.0594909824
-0.0967787802 0.028469393
-0.00137727312 -0.0461010337
0.0771848783 0.00203649723
0.0591212213 -0.0760753155
0.0226366166 0.0162860099
0.00720467232 -0.0313979946
-0.0289307144 -0.0427924879
-0.0421098843 0.0162774194
0.0119941905 -0.0518958047
0.0573640727 -0.0233282801
-0.0189535692 -0.0775055736
0.0212490112 -0.00269153854
0.0413887724 -0.0168296304
-0.0568340048 -0.0704718009
-0.0270263553 0.0167072788
-0.032592997 -0.0522084087
-0.0181184374 0.0388876125
0.0217859577 -0.0204768553
0.0285847001 -0.0570060723
0.00808015559 -0.0327584483
-0.0476130061 -0.0597092025
0.0333117731 -0.0168215297
0.0603287295 -0.0611200295
0.0260091238 0.000412442576
0.0214976277 0.0111684129
0.0220446941 0.0138075966
0.00242213928 0.0366073921
-0.0513294265 0.00216424093
-0.0631568804 0.0266690105
0.0190975573 0.0208934043
0.0207189079 -0.0289928447
0.0589266606 -0.00249058707
0.0356987827 0.0939095095
-0.0121601187 0.0654675886
-0.0323351882 -0.110734835
-0.06119195 -0.0700704306
-0.0325818583 0.0242263451
0.0811216235 0.0224885009
-0.00749764498 0.0159753729
-0.0095108645 -0.0222284794
0.0233511329 -0.077970311
0.0181574058 -0.00559443096
0.0153368702 0.0409687124
-0.0762342364 0.0195968933
0.0520296469 -0.00998397637
-0.0171465743 -0.00659640506
-0.117654175 -0.0513454489
0.0664762259 -0.0511733852
0.0236620307 -0.00786628667
-0.0435268916 0.0641055703
0.02498018 0.0792989582
-0.0399455763 -0.0310331583
0.0522370376 -0.0126603758
0.0390387662 -0.0418299623
-0.0569415614 0.0597218908
-0.0697509721 0.00421130843
-0.0279462412 -0.124917462
0.000353562791 0.0150781181
-0.00678705517 -0.0823430642
-0.0324662179 -0.0595318712
-0.00747026736 0.00180227356
-0.0496779457 0.0173317324
0.038950149 0.0619063862
0.0913910344 -0.0167673416
-0.0303145256 -0.011967741
-0.00520109758 0.0173818599
0.00315859518 -0.0144438613
0.0287519209 -0.0317078941
-0.000830683683 -0.0409325659
0.0218640342 -0.0571180098
0.140359506 -0.0133418897
-0.00258703646 -0.0152707007
0.0131055992 0.0273594353
-0.00660597812 0.0726365224
-0.0879875347 -0.0949972048
-0.0740498453 -0.0258167461
-0.0705914199 0.0428860784
-0.113578312 0.0107976096
-0.0103457263 -0.00751693174
0.00254604057 -0.0431109555
-0.00964699313 0.004765986
0.037833225 -0.0920893252
-0.0128174638 -0.00467084162
0.0157336295 -0.0111224195
-0.0155954901 -0.032692682
-0.0406145491 0.0363649651
0.0543690026 -0.0362103656
0.0520645827 0.101582371
-0.0591210052 -0.0512009673
-0.0396709815 -0.0220751595
0.0467667729 0.0465702489
0.00892954879 0.0554673485
-0.00244744914 0.122159414
0.0340954363 -0.045172099
-0.0131257204 0.0282078348
0.00869975518 0.0701707974
-0.0128145097 -0.00487142429
0.0554655492 0.0558185354
0.0707648471 0.016375808
-0.00747391721 0.0288227629
-0.0817142501 -0.0640454814
-0.0327884816 0.05296674
0.00870242994 0.00648455415
-0.0509397052 -0.0876067206
0.07743714 0.0641618967
0.0251640696 0.0764699578
0.0168400444 0.0380137712
0.0401926897 0.0584290028
-0.0331854522 0.0155545333
-0.0634543151 -0.0924542919
0.000145249433 0.0631137714
-0.00807140861 0.0328561105
-0.0385663919 -0.0191122666
-0.049659159 0.0461737365
0.0256121662 -0.00233843992
-0.0279161055 -0.0272216275
-0.0562738515 0.0252374951
0.00749301352 -0.00501726754
-0.00481389696 0.00544841727
0.0380959809 -0.0733675063
-0.0225554444 0.0149779096
-0.0939091519 0.000439750875
0.0418261364 -0.0900524482
0.0688045174 -0.0220812205
0.0265193842 -0.0531166345
0.0426751077 0.0385787487
-0.0580268726 0.0410875306
-0.02124645 0.00574528845
0.0065124291 0.0395492092
0.0116957873 0.0429521874
0.0389295854 0.022702191
-0.0146521674 0.0198783726
0.0210843403 0.0237291548
0.0157960895 -0.00924678799
-0.0541922003 -0.0303559676
-0.0537921749 0.081420742
0.0542358086 0.0486040525
-0.00457475567 -0.0307909604
-0.0035432009 0.0478699841
0.0609501787 -0.0596989356
0.00714852195 -0.0183591861
0.0318408199 0.0195214655
0.0476883091 -0.0269243494
-0.043167904 0.0272909272
-0.0392496698 0.056259159
0.0185734853 -0.0172360372
-0.00965663977 -0.0180807523
-0.0182196293 -0.0174169
0.019711962 -0.0252464153
0.05880481 -0.030429421
-0.00605351804 -0.0616709255
0.00537437992 -0.109503649
-0.107387431 -0.0137409866
-0.0127708288 0.0268483665
-0.00494801579 -0.00229401072
0.0143910823 0.0649684519
0.0367885046 -0.0437346101
-0.0400098078 0.0320392027
-0.0100965509 0.0233449005
0.0257998127 -0.053471975
0.00326270517 0.0258373637
0.0205568913 0.0170854665
-0.0660049319 -0.0322821476
-0.00195950549 0.0701614544
0.0530668348 0.0464699604
0.0661293194 -0.0603481606
-0.0384877026 0.00211606408
-0.00532497559 0.0297352932
-0.0154700205 0.0326954648
-0.0611224622 0.00686780922
0.0140065607 -0.0394467302
-0.0333964042 -0.0274122842
-0.0247963872 0.0355223268
0.0133934366 0.0959564671
0.0423473418 0.0226980895
0.0801868215 -0.0162044317
0.0167175774 0.0775411353
0.0957193598 0.0413871296
0.101701714 -0.0137121789
-0.0612432472 0.0156812146
-0.0409911387 0.00151301769
0.0623828582 0.0278652683
0.0505939983 -0.0478095002
-0.0176448319 0.0145542985
-0.0344474316 -0.0135720745
-0.0640632585 0.0278611239
0.0379945897 0.0194700472
0.00169606204 0.0366743617
-0.0372363143 0.0337948762
0.0362709612 0.0149977151
0.0171125829 -0.0378163867
0.0337070376 -0.000774523767
-0.00233474188 0.0787318721
0.0190888327 0.0398888551
-0.0574764572 0.0450720005
-0.0589178167 0.010799244
-0.029126266 -0.0163455307
-0.0136157414 -0.0355136693
0.0397350192 -0.0242939889
-0.0120094232 -0.0321158841
0.0499744862 -0.00382587197
0.0724059716 0.043770697
-0.0780964941 -0.0942031816
-0.00764030125 -0.0127931433
-0.00831881538 -0.0424502864
-0.0187057238 0.0782859102
-0.0194733702 0.0893808454
-0.0538835302 -0.0753579438
-0.0117025618 -0.00656593638
0.0130574377 0.0735861585
0.0336404964 0.112100713
0.0288050286 -0.00493474118
0.0200043228 -0.0167431347
-0.04690874 0.0689932704
-0.0507333502 0.0229613613
0.0352869555 -0.0475667752
-0.0448154062 -0.095569931
-0.0389398485 0.00633651065
-0.000385539723 0.0157774016
-0.0101693878 0.0897320658
-0.0338792801 0.0240951069
0.0198898613 -0.0132659068
0.0389839001 0.0104764728
0.00265216804 -0.0263984054
-0.0187201221 0.0688549429
0.0392566174 0.0612275936
-0.0815017447 -0.0409189239
-0.0767003819 -0.0264955405
0.0419282913 0.0427072309
-0.0286703929 -0.00482568378
-0.00320844096 -0.106523961
-0.023426339 -0.000120839337
-0.0664466396 -0.00997682847
0.0229126457 -0.0947315916
-0.0348561853 0.041325599
0.000133504072 0.010956876
0.0628072694 -0.0422456786
0.0275419578 0.018775193
0.0364469737 -0.0729345009
-0.0221369192 -0.0867454261
-0.00319321221 0.00332349143
-4.16332769e-05 0.0228542686
-0.0208530966 0.00422733044
0.0239672735 -0.0681526139
0.0413663797 0.0203132946
0.0169161204 -0.00620491756
-0.0195194241 -0.0204839092
0.0808187723 0.0113596823
0.00805436354 -0.017054677
0.0320105031 0.0501851216
0.0610104986 0.0168966744
0.0460140146 -0.0366346836
-0.053936705 -0.0441960618
-0.00857440103 0.0574575327
0.0264489911 0.032813061
-0.0844373554 0.00682227872
0.0213639066 -0.0389327072
0.0844233334 -0.0668531507
0.0425552689 -0.0110420166
0.0172942802 0.0190098304
-0.0074762064 0.120855607
0.0103069283 0.0256756507
-0.0368188322 -0.0135572795
2.58147538e-05 -0.0010618401
-0.0197175033 0.0816420838
-0.0509545989 0.116467766
-0.024621902 -0.0514860749
-0.030810697 -0.050085552
0.0229931083 0.0375671536
0.0148115391 -0.0150201228
-0.0292154904 0.0584216081
0.0448532179 0.0533863865
0.00863142405 0.0337025598
-0.0709625557 0.0348187573
0.026643198 -0.0254722517
-0.0524215922 0.0302541517
-0.0748439655 0.00753396703
0.00956499297 0.0629331172
-0.0559371188 0.0791895315
0.0622199029 0.0777808428
0.136241406 0.0925009996
0.0239091665 -0.0770503506
0.0361245833 -0.027464658
-0.017719144 0.0211347137
-0.0293132178 -0.059321329
0.11595159 -0.0253192876
0.0428953655 -0.0385907851
-0.0169472322 0.0605007485
0.00369830034 0.00912895612
-0.0522995628 -0.00227995194
-0.0132575277 0.0289931428
0.00196754583 -0.0229047388
-0.0223432444 -0.0356978774
-0.0272379257 -0.0689376667
-0.0329944938 0.00390821928
-0.0444276854 -0.00289616268
-0.062449988 -0.0779010952
0.0491065271 -0.0263040811
0.0109622953 6.88950386e-05
-0.0291403141 -0.0429382734
0.0157841202 -0.0421434194
0.00493253255 0.0101012141
0.0188906435 -0.00294023869
0.0374143459 -0.0584741756
-0.00531495642 -0.0802203715
-0.020868998 0.0851390362
0.0365107097 0.118508242
-0.0189550705 -0.0448268428
-0.00630058302 -0.0169962514
0.0286006611 -0.0260446928
-0.0449426435 0.0414347164
0.0319584906 -0.0219179466
0.012544102 -0.0357918069
0.0231067445 -0.035610728
0.0562909357 -0.0815454945
0.0312664732 0.079920724
-0.0898564756 0.00448508747
-0.0862335563 0.0345884413
0.0461425073 0.108926103
-0.0374687538 0.00116658711
-0.0502348728 0.0233745445
-0.0165673885 0.00656095566
-0.0662831515 0.0721867308
0.0788307786 0.0272361878
0.0423884802 0.0512883179
0.0596285425 0.0557384156
-0.00878879614 -0.0536578149
-0.0498498566 -0.0495520942
0.0136995893 -0.0444583967
-0.004542768 -0.0803642347
-0.0364442393 0.00823116954
-0.00123732258 -0.0619849898
0.000841663394 -0.0206727553
0.00421610009 0.000380143785
0.0459497869 -0.083807528
0.0218588281 -0.0501160324
-0.0135652041 -0.0202156864
-0.0179350823 -0.0275130849
-0.0434365012 0.0655103624
0.0421655625 0.0762900114
0.0033076175 0.0131480591
0.0269319545 -0.113681249
0.0629209131 0.0403163023
0.0234021619 0.0312567838
0.0124361627 -0.0623393171
0.044084847 0.0926615894
0.0231583323 0.0116797993
-0.0361541174 -0.0073411488
-0.0142812915 -0.00291452021
0.0467894115 -0.0378267355
-0.0126672667 0.0353853069
0.0199595969 -0.0772145391
0.0298603326 -0.0421668924
-0.0266440716 0.0851144642
-0.0129826348 -0.0436151214
-0.0511908755 -0.0661936924
-0.0554328822 -0.0636744425
0.0141171152 -0.0328487009
-0.00230236165 0.0360457003
-0.0322479531 -0.00813408848
0.00449481327 -0.0858228654
-0.0218439624 0.035642799
-0.027141029 0.0313067436
0.0257155821 -0.0172670875
0.0435590036 -0.0505559258
-0.0604661778 -0.0454801433
0.0461385846 0.0493298881
0.0460854173 0.0187130943
-0.141179115 -0.0687336102
-0.0474968329 0.0617004111
-0.0239217784 -0.00943572447
-0.0342630446 0.00445598038
-0.0338286012 -0.011110764
0.0066332994 -0.0662675202
0.00697499327 0.0424077213
-0.0740456283 -0.0514362007
-0.00863400567 -0.0863723457
0.0342389569 -0.00116548792
-0.0561378635 0.00767786754
-0.0112831872 0.0250072498
0.0532856807 -0.0188969336
0.0163998585 -0.00726717338
0.0178431422 -0.0601198934
-0.00811682176 -0.0515868701
-0.0611569583 0.00967551861
0.00260852184 -0.0116353985
0.0181968175 0.0478854477
0.0428860299 0.00752536533
0.0258913226 0.0363315754
-0.0183416102 0.0259488914
0.0165253989 -0.0161913224
-0.00799595751 -0.0501553603
0.0438698083 -0.0068876273
-0.037658032 0.0359502919
-0.0113436636 0.0540535375
0.0311542321 0.0291488413
-0.101811774 -0.00703485822
0.0517242812 -0.0378922261
-0.0343805477 0.0161315445
-0.0531420335 0.0577959865
0.0633252487 -2.33692026e-05
0.0106611475 -0.0149654355
-0.0299296249 -0.0683090761
0.0443899445 -0.00556797208
0.120697461 0.0611102767
0.00164022273 0.00794916786
0.0311076809 -0.00464831386
0.0641535521 -0.00862504262
-0.0327878408 0.0138017181
0.0536273532 0.03261948
0.0242773592 -0.0296977255
-0.0209816992 0.0741441995
-0.00631318754 0.0376418568
0.00117848592 0.00485068699
0.0544402488 -0.0138905458
-0.0491325855 -0.0109155066
-0.0021326011 0.0463098474
0.0522792526 0.0463878661
-0.0413636528 -0.00067665492
-0.0264363065 -0.0234406032
0.068032302 0.0109658707
0.01378999 -0.0114769209
0.0266824439 -0.0282101277
0.0619617067 0.00738744624
-0.0348857865 0.0136310775
-0.0128554301 0.049823191
0.0653657019 0.0305890776
-0.0456253998 0.0536217578
0.0230513886 0.0365024172
0.0534867011 0.00145427545
0.0172838252 -0.0292215832
0.00596307684 -0.0390865467
-0.0394318365 0.0109861586
0.000456793699 0.0240576044
0.0228376482 -0.0271002632
0.00712285237 0.00306145009
0.0184422266 0.00402494846
-0.0339258872 -0.0212743804
-0.0891871303 0.0304945465
0.0760129616 -0.0314666517
-0.00526859285 0.00242013601
-0.086583674 0.0118822791
0.0645026863 -0.00155525631
0.00580068352 0.0611806102
-0.016425522 -0.00692666648
0.015618002 0.0298460294
0.0422295444 -0.0413160361
0.0255353507 -0.0137882167
0.00332513778 0.0998073891
0.0238515213 0.0345518105
-0.0630202368 0.024773661
-0.0262641888 -0.0104269553
-0.0207375865 -0.0179512743
-0.00667313207 -0.0680660605
0.0381443501 -0.0341920704
0.0104620475 -0.0466457754
0.0613668859 0.022165183
0.0388394967 0.0533930138
-0.0613082908 -0.10359069
-0.000362085062 -0.0503266081
0.00553898932 -0.04475509
-0.0539507866 0.0674044564
-0.0338136852 0.0731427819
-0.0310629141 -0.0899052396
-0.00147017452 -0.000975580828
0.00913135055 0.0834602937
0.025841631 0.0783952922
0.0654314682 0.0154453646
-0.00438085105 -0.025528878
-0.031102689 0.0292950347
0.00799963996 -0.000711090106
0.0103443787 -0.0338040292
0.0240491088 -0.0357911065
0.0162841901 -0.0289029311
-0.0724609867 -0.0211189017
0.0465117693 -0.0314760096
0.0457501523 0.0339098834
-0.116097786 0.033078257
-0.0799636617 -0.0205736849
0.0137477424 -0.0480831601
0.0389909744 0.0826195404
0.0263045765 0.0812875926
-0.015273313 -0.0157633815
0.0109014139 -0.0205016155
0.000254724873 -0.0363732055
0.0723894462 -0.00376839959
0.000169666993 0.0235944968
-0.0252250489 0.0342466645
0.0497591011 0.026410155
0.0808550939 -0.0323447287
0.123809755 0.000611582596
-0.0199788362 0.0556078553
0.0257916525 -0.0255468246
0.0377764739 0.0212391391
-0.0365277193 0.0170286335
0.0254143048 -0.00970874727
-0.058675129 0.0788680464
-0.0296771098 0.00923781469
-0.0194581896 0.0100275073
-0.0976137742 0.0155779915
0.0511717051 -0.00927258562
0.0693294555 0.0283482019
-0.0105185425 0.0335093997
0.0309902094 0.0363565087
0.110614821 -0.0504921973
0.0380519219 0.039052736
-0.0122538535 -0.00293582282
0.0109552965 -0.000982351718
0.0300939195 0.0379932672
-0.0109336562 -0.0519064739
-0.0687457323 -0.0393090248
-0.0614799224 -0.040599864
-0.0137787694 0.0193562564
0.00991792139 0.0132491607
-0.0493563674 -0.023990076
-0.00686791306 0.0728261098
0.00774727296 0.0891146958
-0.0733698383 0.0816050768
0.0198518299 -0.0155077036
-0.066583924 -0.0242035147
-0.0791717544 0.00914833508
0.0380750075 -0.0292000882
0.0426685661 0.070758678
0.0199110769 -0.00458213734
-0.026709117 -0.0434259549
0.00643660454 0.0386132523
-0.0464972258 0.0319033451
0.00524303224 0.00823845435
0.0856321678 0.0042037121
0.00542380288 -0.00967750046
-0.00516905496 -0.0252901744
0.00124562415 0.00125407102
-0.0195282623 -0.0681056902
-0.023150105 0.0205940641
0.0576622598 0.0518400408
-0.0173818655 -0.0449219681
-0.0533884875 0.0451423898
0.0189390536 -0.026090797
0.0032922267 -0.0237531122
0.00437965291 0.0589579865
0.0494188219 -0.0502402484
0.0254461672 0.00528869079
-0.0607181489 0.0795746446
-0.0313045196 0.0871175677
0.00807748362 -0.0241092499
-0.037867263 -0.0398213007
0.062903747 -0.0212335791
-0.0318899117 -0.0736011863
-0.0748716518 0.0389775075
0.0487176813 0.10362681
-0.00772616221 0.0825331733
0.0193362404 0.0635777935
-0.000678045035 0.034234561
-0.00445145695 0.0353078693
0.0286637396 -0.0454395935
-0.0768413171 0.00692145387
0.0185893532 -0.00753083033
0.059643086 -0.0461009443
0.0213645622 -0.0191521086
-0.0313639566 -0.00669559045
-0.00509847747 0.0931654125
0.02589757 0.00505372277
0.0074769659 -0.079282105
0.0173768476 -0.00500453822
-0.0352036543 -0.0707939565
-0.029356353 -0.0685114413
0.0163652357 0.0256935824
0.0423812792 0.0171827357
0.059419103 -0.006663281
-0.0294363759 -0.00179555931
0.00908048917 0.0231773835
0.0113006085 0.0132311201
0.0078887539 -0.0422035418
0.0587062761 0.000722766097
-0.0313732922 -0.0344236456
-0.0288322307 0.0172799993
0.0591633059 0.0126595693
0.0216603391 -0.0421338864
0.023327522 -0.00780608645
0.0730206519 -0.0347992927
0.0168252587 0.00518724043
0.000522037444 -0.017642308
0.00934585929 0.00213392847
-0.0642855465 0.0156539455
-0.0526154637 -0.0502256602
-0.015791636 0.0539527163
0.00556562003 -0.0317370705
0.00084639265 -0.069619149
-0.00383342197 -0.0120665422
-0.0274191499 -0.0400706455
-0.0482859798 -0.0595191456
-0.0212100558 -0.0127191236
-0.0877522156 -0.0788732097
-0.094942458 -0.0348657928
0.00310003106 -0.0261934698
0.0394715853 -0.00404700637
0.00658674771 0.0882496387
0.00637372723 -0.00439790729
-0.0199172664 -0.0637826025
0.00891315006 -0.0120626036
-0.000900417333 -0.0303211901
0.0279744696 0.0546821058
0.0273140725 0.034524668
-0.0750683621 -0.0648761317
-0.0182285439 0.0489571281
0.0988078639 0.0447212569
-0.0760304779 0.0130087472
0.0534284264 0.064451538
0.0962600634 0.0406946391
0.00709103327 0.0402139165
-0.044753857 0.0216548108
-0.00727816159 -0.0166958291
-0.0528006665 0.0373424999
-0.0194159709 -0.0254407264
0.0234502871 0.0196921285
-0.0197586287 -0.00536700105
0.00698595587 -0.0590461344
0.08891505 -0.0831947029
0.0388963372 -0.0814439282
0.0228279978 -0.0235230587
0.0489759929 0.000933817704
0.0354941301 0.0713177323
0.00425249059 0.00353478617
-0.00521255797 0.00748274429
-0.0534480438 0.0112080434
-0.0376029909 0.0447055809
-0.0344842598 0.0495712534
0.0259079207 -0.0467433184
-0.00146821688 0.00267443759
0.0266457219 -0.0118059814
0.0504354611 -0.0443731584
-0.0922338963 -0.0502172746
-0.0243321713 -0.0381773449
0.0137053076 0.0799759999
0.000510121114 0.0201607011
0.0257150941 -0.0152493082
-0.0300283059 0.0239753369
0.0932919979 -0.0274005197
0.0176329352 0.00925473683
-0.0387382135 0.108105496
0.0231399164 -0.030348694
-0.0494908765 -0.0911781639
0.0285461191 -0.0360179357
0.0493036769 0.0169107672
-0.0857746899 0.0206659492
-0.0156323984 -0.0588116497
-0.0339430012 0.0635246634
-0.0293011963 -0.0204905458
0.0732882619 -0.0516428798
-0.0382579006 -0.00614468427
0.0751000047 -0.0196821187
0.0185667295 0.0847013593
-0.101045571 0.0484832115
-0.0412370749 0.00661979523
-0.0325256027 -0.000486968085
0.0463744402 -0.0395376906
-0.000709855813 0.0251255147
-0.00323945656 -0.0769682452
0.0521010719 -0.0177426953
-0.0914300457 0.0214340892
0.0173472501 -0.0271927714
-0.034963537 -0.000569587224
0.0101592364 -0.0544142462
-0.0984722674 -0.0782666355
-0.0338805169 -0.105289392
0.0416436568 -0.0346606337
-0.00422455184 -0.0834747627
-0.0111331465 0.00225744792
-0.0126277367 -0.0274470337
0.115240805 -0.00989479385
-0.0137517313 0.0263319425
0.0115587953 -0.0507497229
0.106778204 -0.0663818792
-0.0137911821 0.0164655913
0.00973687228 -0.0178226698
-0.084586516 -0.0615137778
-0.0988116115 -0.00181307364
0.00725233229 0.0358604379
-0.0162786543 0.020089129
0.0569440573 -0.0550180376
0.0173798371 -0.0346039981
0.0704307109 0.0816290453
0.012163776 -0.022268286
0.0223147608 0.00946946722
0.0303028189 0.0108651053
-0.00661784317 -0.0158038773
0.0618903339 0.00251685781
-0.0460852534 -0.00659855641
-0.0157146137 -0.0652508736
-0.00542830396 0.050293956
-0.0325476788 0.0584050678
-0.000560890418 -0.0310118906
0.0451839827 -0.0124562485
-0.0279074069 0.0459022447
0.00573828956 -0.0342810042
0.0720641688 -0.0666793212
0.00924374349 0.0504762828
-0.0224472433 0.0507151857
-0.0188791025 -0.0398639515
0.0838880464 -0.0612485148
0.0388592295 -0.0903417841
-0.027585784 -0.0222423729
0.0495316014 0.0285335742
-0.013864236 0.000537682849
0.0098460773 -0.0372451693
-0.0054773204 -0.00633151783
-0.0689626411 0.083945781
0.0284113977 0.0466309153
-0.014681099 0.114552855
-0.0111355251 0.0347959511
0.00685251225 -0.0101782838
0.00145181466 0.0358011536
0.00748438202 0.016461907
0.00515806628 0.0283128787
0.0535989925 0.0646715835
-0.0103194099 -0.0172150731
-0.0587547608 -0.0381658338
0.0180818513 0.0734673887
0.0538147874 -0.0184773486
-0.030536335 -0.0321770199
-0.0575459898 0.0776606798
0.00304012164 0.032620851
-0.00990645494 0.0380229652
0.015459328 -0.0538809635
-0.0171365906 -0.0508572794
0.0229931362 -0.00845097378
-0.0355593227 -0.0529392064
-0.0341477841 0.0592181571
0.0414279327 -0.0299467873
-0.0393435732 -0.0350540839
-0.0793888494 -0.0441945456
0.0687215999 -0.00439040968
0.0291634817 0.0529256947
-0.116061591 0.0214609262
-0.110935569 -0.0467390418
0.0148756811 -0.0304673705
0.025999669 0.101241432
0.0125837866 0.110164315
0.0251917876 -0.0453260206
0.029271869 -0.031625405
-0.0196433105 -0.0230644997
0.0754105225 -0.00821282249
-0.0238045901 0.0180451665
0.00635200925 0.0574694313
0.0208452735 0.0432797819
0.0459011681 -0.0317684337
0.137167454 -0.0308567658
0.0135126403 0.0610318296
0.018521592 -0.0211792961
0.0283259023 0.0509023443
-0.029289078 0.0540281758
-0.0132663436 0.00113773346
-0.0607052371 0.0579988584
-0.0101397373 -0.0248917136
-0.000512418221 0.00399828423
-0.0992031842 -0.0215107203
-0.0128891878 0.00737491297
0.0572970621 0.0498833656
-0.014819934 0.0406881422
0.0365606919 0.0308923218
-0.00894450117 0.0634976253
0.0275179241 0.0189767778
0.0178250615 0.035210222
0.0434953533 0.0508806743
0.0607924685 -0.000706189254
0.0237837061 0.0682412982
-0.0368943065 -0.0171812326
0.0437629595 -0.024517715
0.0342043899 0.0647395849
-0.04928606 -0.0700576827
-0.0547462553 -0.0196171571
0.0064366525 0.0208961628
0.00117174583 -0.00131960039
0.0262960102 -0.0524427891
0.00196167524 -0.0638575926
0.0345978923 0.0222501662
-0.0410287678 0.0418628976
-0.0489260778 -0.0165861361
-0.0602333657 0.0494823791
-0.0244117603 0.0810309127
0.000723624369 -0.0757604837
-0.144072905 -0.109786958
-0.0855869725 0.00495500118
-0.0233593825 -0.00352251367
-0.0261768308 0.0708186999
0.00665515196 0.0795113072
-0.0169624835 -0.0633558929
0.0973424837 -0.0476349518
0.00232178904 -0.0778171271
-0.0249774698 -0.0389640704
-0.01025429 -0.0626337826
-0.0812664852 -0.0403392762
-0.0652214438 0.023120245
0.0567161888 0.0058312919
0.0597389527 0.0117610656
-0.0550441407 -0.0461207107
-0.0145526845 -0.0320312195
-0.0267061386 -0.0159721486
-0.00760797877 -0.00426390814
0.0520041175 0.076310575
-0.0434318967 0.087499775
-0.0172644369 0.0347991325
0.016249314 -0.013663277
0.0149199916 -0.0257987659
0.00371075468 0.0382816903
0.0265366938 -0.00719593605
0.019375423 0.0217173547
0.0259083956 -0.0378245227
-0.0413578451 -0.0336154997
-0.0416173711 -0.00250699185
-0.0230138805 0.004063542
-0.0555338338 -0.00403174292
0.0924686715 0.00984776672
-0.00818137545 0.0108597754
-0.0451039821 -0.0214371998
0.014462702 -0.0690695792
-0.0461408459 0.0628003702
0.00817215722 0.0573595315
-0.0890379548 -0.0433189198
-0.0138542643 -0.0394776352
-0.029133603 -0.0276248418
-0.0231044702 -0.002214815
0.0267394353 -0.000222443981
0.0308600776 0.0531734489
0.0640675873 0.145641804
-0.0227902625 0.0772001073
0.0601545982 -0.0247602481
-0.0327481292 0.0303726047
-0.0530661866 0.0729068369
0.0112759937 0.0110545671
-0.0391558371 0.0269211885
-0.0645713955 -0.00341327954
-0.0152209718 -0.013896171
-0.0170546286 -0.00367486826
0.00287303724 0.0265785195
0.0157133732 0.0344271362
-0.0236980338 -0.0565831922
0.0141874664 0.00747408485
0.0361042954 -0.0127207544
0.0465757772 -0.0153585393
0.0396969616 -0.0682809725
-0.061106164 -0.0583155602
0.0208667088 0.0303396266
0.0224466175 0.021992797
0.0378638618 -0.0132409884
0.0357036032 -0.0452617332
-0.0107196812 0.0562741272
0.0478551164 0.0779422149
-0.0317943282 -0.036012169
-0.00240889611 -0.0702424273
0.0357708149 0.0199336261
-0.03283564 -0.0185730178
-0.00623027375 -0.0319706686
0.0307376254 0.0283946469
0.0482954755 0.000883082335
-0.0160748325 0.0290923845
0.0338798873 0.0172598511
0.0479884259 -0.0390849449
0.019611964 0.0432289392
0.0852966607 0.0389248617
0.0163069218 -0.0821712837
-0.00557256816 -0.0191503596
0.00310366903 0.0610136315
-0.0249982197 -0.0244030524
-0.0115081035 0.0135427061
-0.0453412831 0.0620614998
-0.0435076468 -0.0365678072
-0.0282333419 -0.0156610124
0.0357438698 0.0195270237
0.0482242517 -0.0146231791
0.0459502898 -0.0102475882
0.0152302105 0.0555696674
0.00830808561 -0.0256872196
0.0215979256 0.0152827045
-0.035686221 0.033754155
-0.00823688228 -0.0084253503
0.0136396103 0.00234147254
-0.0581776835 0.00800397713
0.0345663168 -0.00574014429
0.031204341 -0.0585472174
-0.00267909491 0.0353165045
-0.00607052678 0.0288327485
-0.038564872 -0.0157319568
0.0851330012 0.0972395986
0.00576692447 -0.0374028645
-0.0527991168 -0.0477072932
-0.00309493998 -0.0356579125
-0.0573067032 0.0565510616
0.0116346553 0.0399755985
-0.00330865942 -0.00898108352
-0.0514813438 0.0200187713
-0.013457424 -0.0291338749
-0.045852378 -0.0398772918
-0.0272719413 -0.0684081763
0.0175609775 -0.0617167316
-0.0424042754 0.0324303173
0.0189196728 -0.0374734662
0.0464396328 0.0284619406
-8.83931789e-05 0.0303410888
-0.00415524608 -0.058899574
0.107921295 0.0107111847
0.0265459549 0.0269580893
-0.0704545006 -0.0115154404
-0.0499457493 -0.047894381
-0.00660051731 -0.0367791578
-0.0108072944 -0.0598544478
-0.0037512125 0.0930809081
0.0117665762 0.00836869515
-0.0893081501 -0.0745798722
-0.125959754 -0.0216884632
0.00528106 -0.0440245531
0.0382754691 0.0407385901
0.0529887713 -0.0619502179
-0.0453980081 -0.123304978
0.0178988986 0.0376103483
0.0748079121 -0.0149343731
0.0201245137 -0.031551104
-0.0856929421 -0.0486457534
0.00990562327 -0.0701536387
0.111611351 -0.019779589
0.0601056218 -0.0580170192
0.0490146689 -0.025225047
-0.0481216237 0.00687523792
-0.00578572741 0.0239907298
0.0472951122 0.00407432532
0.0139827887 -0.0645015985
0.118737862 0.0754067674
0.00944823958 0.0803608596
-0.0449608825 -0.021302091
0.00145343004 -0.0427649394
0.0603800304 -0.0139758587
-0.0210743733 -0.0139203835
0.0093215676 0.00836215261
0.075480409 0.0262997299
-0.0789030194 -0.0822579116
-0.0207587313 -0.0456521548
-0.0251708906 0.0158689152
-0.0579880327 -0.0419683084
0.0446253233 0.0250001885
-0.0408774354 0.0564059317
0.0176015403 0.0029466108
-0.0462665968 0.0572085828
-0.0487319417 -0.00597968791
0.00194440887 -0.0105860243
0.0343519375 -0.044249814
0.0390600078 0.0171179529
-0.0374825187 -0.0185628533
-0.0214708038 -0.0167379398
-0.0429482013 0.0289108157
-0.0779678822 -0.0272254888
0.00531791756 -0.0336087383
0.00578828622 -0.0411729924
0.0416324064 -0.0101977624
0.0444572382 0.0772296712
0.0201373007 -0.0949072912
-0.0319315679 0.0234736428
-0.00603343872 0.0893400833
-0.00440101326 -0.0390285403
0.0162456129 0.0489513539
0.0766892359 -0.0283896532
0.0032042258 -0.0315376148
-0.0151830995 0.00601403369
0.0058026379 0.0122210169
0.0670382231 0.019298695
0.0423397794 -0.0378134698
-0.00190653978 0.0223098975
0.0767475143 0.0198837761
0.0556091666 -0.076622583
0.00554433977 0.0552526787
-0.0382324979 0.0158232469
-0.0810650662 -0.0824592784
-0.0503552929 -0.0470736437
-0.00224746927 -0.0152385235
-0.00343111739 0.0151198534
-0.0404623821 0.0206762478
-0.0631837323 -0.0432131886
0.0247735269 0.0711985156
0.00481259264 0.0748301148
-0.0323076174 -0.0591627546
0.0455233678 0.0088210199
0.0265316218 -0.0595592111
0.0162102133 0.0182969179
-0.056286972 0.0388574451
-0.0274658874 -0.0557191595
0.0160458311 0.0682621375
-0.0358894914 -0.0326461866
-0.0143112503 -0.00289574801
0.0144731589 -0.0251268931
0.0955573544 -0.0683923811
0.0483923703 -0.00624911487
-0.00387104298 0.018167628
-0.019804934 0.0546969175
-0.0127664376 0.00597686321
0.0609165579 -0.0223449748
0.0364704877 -0.0424210243
0.00158718717 -0.0521640629
0.027033262 0.0332603529
-0.0207633376 -0.0185839962
-0.0452594496 0.0179252662
0.0271491688 0.0444746576
-0.0764727145 0.0246076826
-0.000581700762 0.0610172898
0.0543261692 0.0896877944
-0.0427804589 0.0285505168
0.0645115748 -0.0580762215
-0.0646239147 -0.0292611457
-0.0428541563 -0.00691805454
0.105834834 -0.024457613
0.0303535294 -0.0279475357
-0.0185425002 0.0133430669
-0.0193548854 0.0137782609
0.0967094898 0.0936756954
0.0188004579 0.0789765641
0.0309763923 0.100562707
0.0179277807 -0.0101850592
0.00210192706 -0.0656902194
0.0124617647 0.0666317567
0.032232102 0.0301882923
0.00428486941 0.0542849265
0.0223295372 0.0526362658
0.0787004232 -0.000358290534
0.050113298 0.0872230604
-0.0231301133 -0.038064044
-0.0114798239 -0.0530374311
0.0192869902 0.0836812779
0.00938584469 -0.0540221818
-0.00450635655 -0.0198975913
-0.0183322486 0.0217052326
-0.0137264458 -0.00732622901
0.0335585587 -0.0269839838
0.0331267491 -0.0539868921
0.00342428102 0.0276505481
-0.00956536829 0.0472650193
-0.0188996475 -0.00690574432
-0.0268683229 0.0326104872
-0.0254012924 0.103374764
-0.00013968315 -0.054511141
-0.114016406 -0.0467777289
-0.0403577685 0.0221350417
-0.0359893702 -0.0334582627
-0.050348796 0.0570223033
0.00582881179 0.0735442564
-0.0194274615 -0.0656205788
0.0935482308 -0.0453263
0.0199019164 -0.0512838848
-0.0152976653 0.0195001997
0.0060183038 -0.0246835537
-0.0498740748 -0.0566859357
0.0649156496 0.0591824688
-0.0576831028 0.000475724344
-0.0138722351 -0.0756116435
0.00168164668 -0.0229469016
-0.0972713232 -0.0386648886
0.0220012777 -0.0658144057
0.022393195 -0.0956153348
0.0103036463 -0.0241703279
-0.0143974377 -0.0474424921
0.0128322458 0.0163683444
0.0812811628 0.0528028719
-0.00940839481 0.0149945123
0.0700464919 0.0227013826
-0.0224332698 -0.0524325669
-0.0216300562 -0.0316850245
-0.0496341102 -0.00289926841
-0.0376327001 0.0572645105
-0.0127321137 0.0579823256
-0.0296526961 0.0329074301
0.00101034984 0.027838815
-0.0565407313 0.00188943709
0.0338040777 -0.00287454505
0.0383671299 -0.0429602414
0.0384496972 0.0357568897
0.00827728026 0.0691866055
0.00519185048 -0.0376354791
-0.00247501163 -0.0286242533
-0.00592958601 0.0292542409
0.0649365634 -0.000343111664
-0.00432074722 -0.0558689497
0.0706675425 -0.0375603288
-0.0087223528 0.0912776813
-0.0449825823 0.121096112
0.0687884986 0.0283157676
-0.0253843665 -0.0414999872
0.0609484985 -0.0045372732
0.0339344665 0.0597197674
-0.0471373238 0.025895346
0.0157876909 -0.0205666013
-0.026511725 0.0911918953
-0.0456805862 -0.0201877691
-0.0464097783 -0.0766412467
-0.00118152204 0.0992800891
0.031687215 0.0194147751
0.0282570645 0.0241321586
-0.0239611287 0.0505904816
0.00506652519 0.00722951815
0.0243578609 0.0628825128
-0.0189429056 0.044977501
0.0959289223 0.0279897228
0.000113698276 -0.0483231768
-0.0315627903 -0.00114020566
0.0134715633 0.118814945
0.0258508474 0.0408874489
0.011267134 -0.0246465858
-0.0149768097 -0.0244602468
0.0179797914 0.0499931909
0.0277969334 0.0124480063
-0.00946710911 -0.0396462232
-0.0949782357 0.0204881616
0.01830961 0.032045465
0.0137751801 0.0204790123
-0.121293738 0.0527115874
-0.0238753706 -0.00469840504
-0.0606997535 0.0189268012
-0.0709997714 0.039655406
-0.0091574043 -0.0609260574
0.024915643 0.0203842223
-0.0482735336 -0.000368849374
-0.0389669277 -0.0245765503
0.0498141348 0.0386538766
0.0436434858 -0.0191353075
-0.0172528159 -0.0204894356
0.0154203195 0.0550806075
-0.0770500526 -0.00288402452
-0.0583077483 -0.0658609718
0.0286230501 -0.0424093828
-0.0918872133 -0.0987478942
-0.0160977449 -0.0104904994
0.00928684045 0.0889233649
-0.0236681849 -0.0181660969
0.0697904155 0.0402713567
-0.0118772723 0.0179879609
0.0212427154 -0.0233060196
0.0771261156 0.0281602051
-0.00491374219 0.0206581093
0.0111007988 -0.047261335
-0.0551674962 0.0176516883
0.00430567609 0.00740578212
-0.000918964157 -0.0286724307
0.0427963361 0.0556893684
0.0193466246 0.0289343968
-0.00994193647 0.00165723951
0.0377173349 -0.0442408919
0.0288140122 -0.0413130596
-0.00583717553 0.0417112559
-0.0738657266 0.00264471862
0.0334743224 -0.0405106358
0.0888214111 0.0200081896
0.0377255417 -0.0110468818
-0.0018010292 -0.0875059366
-0.0588049367 -0.0424440727
-0.0193404574 -0.00814493746
0.0303615406 -0.0294116233
0.0706662536 -0.0641218647
0.0685749799 0.0506057777
5.1778512e-05 0.0408806317
-0.12202546 0.0675378442
-0.044920817 0.0798696727
0.00412190892 -0.106079221
-0.0101455543 0.0115844002
0.112094842 0.0492114536
0.0255775116 -0.0424755849
-0.0390377082 0.00185106753
-0.00398131693 0.0111230044
0.0651090369 0.00878229272
0.0269550495 0.0371550061
0.0021902658 0.0187140312
-0.054634653 -0.093891114
0.00303209666 -0.0457992069
-0.0162594877 0.05679534
-0.0528370813 -0.023890283
0.0460476391 0.0722585693
-0.019166952 -0.00846439321
0.0330932401 0.0198826697
0.0273585487 0.0896763727
-0.0513970777 0.0191840529
-0.0309123639 0.00301251444
-0.00763408421 -0.0423780493
0.0242235344 0.0266365837
0.0456289463 -0.026932288
0.00722872419 -0.080779016
0.0432650484 0.0151007241
-0.00419784896 -0.0303343069
0.0100301364 -0.0553907193
0.0130385682 -0.0854154676
0.00324236485 0.0102720745
0.0195570868 -0.0126915425
0.0458997935 -0.0409762375
0.00599953951 -0.00733026117
-0.071838662 -0.114669003
0.0250755269 -0.0665229782
0.11050798 -0.0193622839
0.00192459789 0.00328391441
-0.0142584341 0.0219595749
-0.0466380566 -0.0475440994
-0.0259259716 -0.00639772136
0.0471969768 -0.00861382298
-0.0436371714 0.0242543649
-0.0470906608 0.0276983771
-0.0742649436 -0.00447672931
0.00285017979 0.0051741479
0.0202486776 -0.0585383438
-0.0635791421 -0.00291357562
-0.0295984428 0.0695723891
-0.0191231072 0.00224979664
0.0375511162 0.0713159516
-0.0357026048 0.0105269216
-0.0255534127 0.000589391275
-0.0163189098 -0.0246346686
-0.0230042376 -0.070199579
0.00216809846 -0.0142873283
-0.0507691912 -0.0411892235
0.03739186 0.0394014046
0.0213180892 0.0821451843
0.00674847979 -0.0380977355
0.0365511999 0.0184336845
0.00135838136 0.00298019475
0.0683018714 -0.0343693644
-0.0106172618 -0.0485009775
-0.0569936186 -0.0360652097
-0.069262892 0.0391751602
-0.038885545 0.0790637583
-0.000186600562 0.0281422995
-0.0762414187 0.00412216363
-0.0486420207 0.0340120271
0.0403979458 -0.00882575009
0.0388072729 0.0466185026
-0.0375103019 0.0768275633
0.04809241 -0.0693154186
0.0556948856 -0.0359942764
0.0545698963 -0.031938415
-0.0319716483 -0.0335728675
-0.0545273684 -0.00572339538
0.0395882241 -0.0484649986
-0.0581000969 0.00610542996
-0.0346569866 -0.00860589743
-0.0284112506 0.0427980609
0.0169880465 0.107624657
0.111280933 -0.0422272161
-0.0387288406 -0.0412086137
0.0581660941 0.0574435592
0.0672182739 -0.0421728343
0.0296006855 0.0089254668
-0.0176477693 0.0630730763
-0.0307792313 -0.0475312918
0.0398424976 -0.0102020577
-0.0296321586 0.0191919524
0.0465558171 0.0162618384
0.0948802233 -0.0223237593
-0.0746446475 -0.0789495707
-0.0461117588 0.0164360739
0.0316262282 -0.0184909627
-0.0171189271 0.019233739
-0.0628181919 0.0385763608
-0.0298382156 -0.0421613231
0.0455927253 -0.00989520736
0.00743605522 -0.0497286469
0.0443602689 -0.0472752377
0.0915783718 0.0445618667
-0.0234072357 0.070245713
-0.0333637893 0.0456892252
-0.00490957405 -0.0602827258
0.0111088883 -0.0420384072
-0.0293875877 -0.0221632179
-0.0935301408 -0.0995261148
-0.0368248075 0.0467088632
0.0797744393 0.0473035201
0.0407087132 -0.0680054501
-0.00127058954 -0.0482362956
0.0513362773 -0.0679408014
-0.044832699 -0.0291887466
-0.0301388465 0.00894350931
-0.0390516371 -0.00579918223
-0.0400439091 -0.0103387395
0.031539198 0.0170810632
-0.0416362919 -0.0320511088
-0.0633348748 -0.00660065562
0.028512232 0.0705787018
-0.0416462347 -0.0219852589
-0.026419336 -0.00219016639
0.0796642601 -0.0327399969
0.0193540435 -0.0113327634
0.0437594503 0.0747283995
0.041478131 -0.0404909588
0.00430246815 -0.00349097443
-0.0101816403 0.0350068025
0.0260226224 -0.0124274381
0.0166461039 0.00811600499
-0.0453148633 -0.0246409755
-0.00900968909 0.0236933827
-0.00997573696 0.0291089397
-0.0324795619 -0.0088275047
0.0701542646 0.0124255558
-0.0322824866 0.0427516326
-0.0496215522 0.0230524335
-0.00315564196 -0.02236652
0.0246043038 -0.0186364148
-0.0136256851 -0.0228063725
0.0623790771 0.0235980265
0.0790861323 0.00824645348
0.0141357463 -0.00664927484
0.0134148533 -0.027932452
0.00862939935 0.0311451294
-0.0725180581 0.0185482353
-0.0118963746 -0.0721578002
0.0566528849 0.0635780096
-0.0587972328 -0.0246283822
0.0190316699 -0.0627428666
0.0222351681 0.0182647444
-0.0826402083 -0.0839601681
0.0200387165 -0.0235660635
0.0433495976 -0.079532966
0.0363979824 -0.035596136
-0.00967452582 0.00964214373
0.0344305336 0.0150977308
0.0811148658 0.0638831034
-0.00798044913 -0.00409987476
0.031158397 0.022350695
-0.0200145543 -0.0559928045
-0.0541109778 0.0131738726
-0.0581931844 0.0361336619
-0.0749970302 0.051151827
-0.0442261808 0.0640461594
-0.0628011823 0.00839369558
-0.0304637868 0.0477807708
-0.055781655 0.0135157807
0.020390749 0.0384583585
0.00525690615 -0.0500854775
0.015480563 0.0329569131
-0.0130295912 0.0685473606
0.00622451678 -0.00121110422
0.0108262645 -0.00388751877
-0.0277791023 0.0125118056
0.0645453483 0.0220479518
-0.00822381116 -0.0847646594
0.0888015479 -0.00512012606
-0.0173217077 0.070806779
0.00653497083 0.0102746785
-0.00783957634 0.0200931523
-0.00538119953 0.00902489759
-0.015424395 -0.000327549671
0.0149295675 -0.00166832621
0.000641637133 -0.0238398798
-0.0134213232 0.0196156707
-0.00888548233 -0.010126424
0.016036544 -0.00497943023
-0.00559630338 0.0126405777
0.0154388985 -0.00753477076
0.013165121 -0.0161889493
-0.0122149317 -0.0140181929
-0.016899297 -0.00757985143
0.0112236245 0.0100388182
-0.00116469641 0.00872831326
-0.00518979877 0.0146183511
0.0138012795 0.00474278443
0.00297374278 0.00811444037
0.0155200632 0.00560731161
-0.00442185812 -0.0117707113
0.0107063232 0.012110305
-0.0225949716 -0.00311866775
0.0162523091 0.0386694334
-0.0121044889 0.00551097607
-0.00470721815 -0.0128378253
0.0052742837 0.0130405845
0.0253093913 0.00769299921
-0.012429853 0.021643864
0.0274840277 -0.0155210057
-0.0116479257 -0.0152896335
0.00223376579 -0.00916859694
-0.000763032702 0.00250286958
-0.00100604282 -0.00176190701
-0.00110418722 -0.0261085983
0.0115439892 -0.0250873584
-0.0090844892 -0.000130323388
-0.0143992901 0.018887246
-0.00182064285 0.0242511388
-0.0133050904 -0.0116970446
-0.0255828202 -0.00284305634
-0.0104639698 -0.0182204749
0.00706623914 -0.0200646278
-0.0173555017 0.0135613298
0.0106310416 0.016896775
0.0134871593 0.00135064556
0.0145524517 0.00117987208
0.00234454055 0.0172370877
-0.0138441427 4.10339053e-05
0.0135371462 0.00138690334
0.00707477564 0.00879808422
0.0211479254 0.0102864308
0.012165756 -0.000388583721
0.0277687106 0.00151349651
-0.0183434803 0.00805936754
0.00511885574 -0.00462241331
-0.0056286687 -0.0212890059
-0.0304988325 0.0172532238
-0.0144527294 0.0151883019
-0.00801971555 0.00603756262
-0.00149100099 -0.000817793538
0.0046971105 0.00637667021
0.039434541 -0.00521864044
-0.00247825659 -0.000506414333
0.00796182361 0.00916625373
0.0150871938 0.00450864248
0.00529007567 0.010613732
0.00517489202 -0.00951731671
-0.0108229453 -0.00107732613
0.0237744879 -0.0143676912
0.0176953282 0.00858044904
-0.0110662971 -0.0145739783
0.000782325864 -0.0210248772
-0.00852546655 -0.0098350849
0.0036879424 0.0028117497
0.0231567305 0.00156007661
-0.0242814701 0.00490369787
-0.0127554405 -0.0169012249
0.00237137428 0.0174482875
-0.0103780823 0.00800470822
-0.0112423971 -0.0147029897
-0.0436787978 0.00412586797
-0.00797409192 -0.0258605964
-0.0111781005 0.00429512281
0.00248036208 0.00289197406
0.00127653091 0.0139877219
0.0108213015 -0.020497052
0.0167302527 -0.0114424992
-0.00357002905 -0.0150584113
-0.00226125796 -0.000249472156
0.0025049434 0.00306110457
0.0136518497 0.00721976534
-7.97800312e-05 -0.00398705527
0.00899177324 -0.00716288062
0.00328238774 -0.0210032333
0.015612633 0.000604589877
-0.0130547397 0.0029238034
-0.00530019309 0.0147706848
-0.0234368332 -0.0194303524
0.0032348698 0.0197820123
-0.0186497997 -0.0313882194
-0.045551654 -0.00866813492
0.00703460351 -0.0145862093
-0.0303623974 -0.0103353085
-0.0100944517 -0.0206829663
0.0223747902 -0.00522444071
0.0104875565 -0.00385711924
-0.0242412668 0.0122631323
-0.000820712245 -0.0113687254
-0.0171964839 0.00226451387
-0.00802015048 -0.00110448338
-0.0232537389 -0.00606957451
7.22361583e-05 0.00548158446
0.00922151189 0.0152576882
0.0159786679 -0.0121424412
-0.00106732885 0.000416209019
0.00897173397 0.0104668709
0.00314681581 -0.00803676806
-0.000603873341 0.00590025866
0.00998738967 -0.0120113064
-0.00535021676 0.00976175535
0.0089275185 -0.00716732768
-0.0127964439 -0.0108108884
-0.00775092514 0.00968919881
-0.0188653767 0.00903142709
0.0224545337 0.00181529368
0.00282187038 -0.00911211129
-0.00117513933 0.0162685625
0.045047719 -0.0258273333
-0.038018696 0.00378467515
0.00830446463 0.0261204764
-0.00512164878 -0.0203029606
-0.0193853509 0.0105683925
-0.0193319675 -0.0033761675
0.00187633524 0.00886781234
0.0496151522 -0.0139256138
-0.00636767037 -0.0112986388
0.00164320355 -0.00223640492
-0.00731746014 -0.0104220342
0.00366803072 -0.0045152586
-0.0168401115 -0.0131713161
0.0112758745 -0.0425289087
0.00498982519 -0.000683911378
-0.0293188076 -0.0264410339
0.00753635168 0.00248895609
0.0320759341 0.00807214249
-0.00281767617 -0.00135269307
-0.00972745288 -3.74017036e-05
-0.0212027077 0.0193448458
0.0117396414 -0.00781416055
-0.0126559008 0.0222383104
0.0118758669 0.00210092007
0.0105668902 -0.00961467251
-0.000342713291 -0.0246232785
-0.000119235592 0.0146829532
-0.000575691171 -0.0259186495
-0.00419402169 0.0133885499
-0.00483280048 0.00346167805
0.00709886849 -0.00590018276
-0.0121876271 -0.0175569002
-0.00615508435 0.00511928694
0.00839744508 0.00704298867
-0.00804407522 0.00849160925
-0.0172457322 -0.00894166715
-0.00117529801 -0.00928144436
0.00945720542 0.0141223045
0.0175123028 -0.0111865643
0.00702236127 0.0181151833
-0.0198840834 -0.00945184659
0.00434450665 -0.016724756
-0.00571752014 -0.0203017648
-0.00985763501 -0.0106917247
0.0162729844 -0.0224354472
-0.0256279241 0.0102828983
-0.00614703028 0.0132919056
0.00249619014 -0.0173551533
0.0273637976 0.0125438748
-0.0113610793 0.0229942799
0.0021098305 0.00802610256
0.0170123354 -0.00833680667
0.012036182 -0.0305325184
0.0283724293 -0.0130010471
-0.00523462985 0.0176570918
0.0319579504 0.0224787667
0.0121545 -0.0159887895
0.0041722171 0.0143966023
-0.0209590066 -0.0174548328
0.00214394112 -0.0103360806
-0.00440085679 -0.0113406293
0.042811051 0.0149932215
-0.00615041144 0.025502868
0.0225823373 -0.0041506025
-0.0148062073 -0.0149247218
-0.0226213317 0.01082284
-0.0124541372 0.0192766935
0.00494448235 -0.0142779881
-0.016275607 0.0269324761
-0.00712978421 0.0152237285
0.00216867984 -0.0245241988
-0.0209577624 0.0199227724
