0 0 0 0 -1229 1523
0 0 1 0 32009 242
0 0 2 0 -23691 -22996
0 0 3 0 -23318 -23324
0 0 4 0 22072 24854
0 0 5 0 23533 24144
0 0 6 0 23386 24722
0 0 7 0 -23435 25224
0 0 8 0 25001 23245
0 0 9 0 -21636 -24880
0 0 10 0 22703 23016
0 0 11 0 23443 23547
0 0 12 0 23214 23458
0 0 13 0 -22674 -21719
0 0 14 0 21963 24388
0 0 15 0 24005 22213
0 0 16 0 -21203 -24301
0 0 17 0 -22090 22543
0 0 18 0 -24477 23356
0 0 19 0 -22981 -23242
0 0 20 0 -22577 24294
0 0 21 0 21930 24949
0 0 22 0 24447 22419
0 0 23 0 -23929 22039
0 0 24 0 -22912 -21567
0 0 25 0 -22941 22885
0 0 26 0 24189 -23745
0 0 27 0 -22686 23837
0 0 28 0 24902 -21816
0 0 29 0 -21593 22235
0 0 30 0 21456 24567
0 0 31 0 23195 -24054
0 0 32 0 -21594 24650
0 0 33 0 33587 2151
0 0 34 0 20342 -22833
0 0 35 0 23925 22805
0 0 36 0 23106 22948
0 0 37 0 23788 23009
0 0 38 0 24705 25394
0 0 39 0 21806 23309
0 0 40 0 22362 -23579
0 0 41 0 -21815 -24091
0 0 42 0 -24836 21325
0 0 43 0 -23202 23054
0 0 44 0 23127 -24936
0 0 45 0 22715 23687
0 0 46 0 22655 22923
0 0 47 0 23314 -22132
0 0 48 0 24062 -23158
0 0 49 0 -23464 -21244
0 0 50 0 25370 -23513
0 0 51 0 -22817 -22691
0 0 52 0 24098 -21305
0 0 53 0 23969 23703
0 0 54 0 -22495 22644
0 0 55 0 -21746 -23016
0 0 56 0 24716 -23497
0 0 57 0 23066 -23773
0 0 58 0 22710 -22446
0 0 59 0 -22207 -23926
0 0 60 0 -23791 22416
0 0 61 0 -24241 20888
0 0 62 0 23306 23199
0 0 63 0 23418 -22501
0 0 64 0 23477 -21697
0 0 65 0 34526 48
0 0 66 0 22654 -24621
0 0 67 0 -24489 -21633
0 0 68 0 -22927 -21956
0 0 69 0 -21894 -20838
0 0 70 0 -23014 23395
0 0 71 0 24858 21612
0 0 72 0 22778 -22368
0 0 73 0 -20665 24434
0 0 74 0 -24625 24851
0 0 75 0 -22621 25143
0 0 76 0 21038 21955
0 0 77 0 -26264 21775
0 0 78 0 -23815 -23582
0 0 79 0 -22986 -22694
0 0 80 0 -22929 -22312
0 0 81 0 22212 -23871
0 0 82 0 24390 23546
0 0 83 0 24101 23942
0 0 84 0 -25036 -23886
0 0 85 0 -22270 24750
0 0 86 0 23968 23111
0 0 87 0 -23573 -23434
0 0 88 0 -24208 26432
0 0 89 0 -21455 -23061
0 0 90 0 23082 22769
0 0 91 0 -23582 20937
0 0 92 0 23348 24173
0 0 93 0 23041 23287
0 0 94 0 22168 25697
0 0 95 0 -23953 -23594
0 0 96 0 24240 22464
0 0 97 0 32254 -672
0 0 98 0 -23679 -24519
0 0 99 0 -25154 24102
0 0 100 0 -22430 21308
0 0 101 0 23950 -21101
0 0 102 0 23590 24034
0 0 103 0 -24340 22956
0 0 104 0 -24435 -23893
0 0 105 0 22363 23805
0 0 106 0 23920 21712
0 0 107 0 -23044 23451
0 0 108 0 -23491 25216
0 0 109 0 -24277 -22272
0 0 110 0 -22971 24175
0 0 111 0 22548 23858
0 0 112 0 -23004 -23867
0 0 113 0 2026 -1374
0 0 114 0 184 -1715
0 0 115 0 623 51
0 0 116 0 1986 1748
0 0 117 0 489 -102
0 0 118 0 689 884
0 0 119 0 1179 -544
0 0 120 0 455 -638
0 0 121 0 290 40
0 0 122 0 3250 897
0 0 123 0 864 -1106
0 0 124 0 1114 -5
0 0 125 0 2520 69
0 0 126 0 389 -423
0 0 127 0 2045 2076
0 0 128 0 1705 2285
0 0 129 0 -2134 680
0 0 130 0 224 99
0 0 131 0 -1414 412
0 0 132 0 725 2167
0 0 133 0 -1032 -487
0 0 134 0 -1603 -661
0 0 135 0 1274 -1092
0 0 136 0 -907 -423
0 0 137 0 464 1273
0 0 138 0 -571 -1759
0 0 139 0 2867 -1036
0 0 140 0 1679 -2012
0 0 141 0 700 1211
0 0 142 0 939 2367
0 0 143 0 -1509 4151
0 0 144 0 -23108 23305
0 0 145 0 23038 -23816
0 0 146 0 22569 24741
0 0 147 0 22948 -23887
0 0 148 0 -21776 -20124
0 0 149 0 -22871 25522
0 0 150 0 22731 -22043
0 0 151 0 -22499 -23841
0 0 152 0 23889 23871
0 0 153 0 -23155 -25340
0 0 154 0 23043 24411
0 0 155 0 25146 23528
0 0 156 0 -24025 24020
0 0 157 0 -23046 22356
0 0 158 0 22846 22017
0 0 159 0 33130 1209
0 0 160 0 24072 -25944
0 0 161 0 23310 -23455
0 0 162 0 -22451 -22842
0 0 163 0 22293 22986
0 0 164 0 -21407 -20307
0 0 165 0 -24283 22086
0 0 166 0 24609 22781
0 0 167 0 23435 26221
0 0 168 0 23275 22413
0 0 169 0 -22449 -23758
0 0 170 0 22984 -22136
0 0 171 0 25506 -23752
0 0 172 0 -22097 -23329
0 0 173 0 -24406 24524
0 0 174 0 23027 -22672
0 0 175 0 -24287 23578
0 0 176 0 23644 -22239
0 0 177 0 -24551 21087
0 0 178 0 -23487 23611
0 0 179 0 -23189 -23772
0 0 180 0 25073 -24254
0 0 181 0 24113 -20987
0 0 182 0 23639 24297
0 0 183 0 -26484 -23690
0 0 184 0 21990 24107
0 0 185 0 -24711 21762
0 0 186 0 22117 22190
0 0 187 0 21142 -21749
0 0 188 0 -20471 23535
0 0 189 0 -23756 -20119
0 0 190 0 22262 -22861
0 0 191 0 31104 1787
0 0 192 0 24107 -22247
0 0 193 0 -21665 -21394
0 0 194 0 24789 23407
0 0 195 0 23819 23335
0 0 196 0 -23118 22393
0 0 197 0 24615 25069
0 0 198 0 22572 24262
0 0 199 0 23139 -21748
0 0 200 0 -24332 -21513
0 0 201 0 -21797 -25073
0 0 202 0 -23216 -22683
0 0 203 0 23870 -24066
0 0 204 0 22092 24868
0 0 205 0 -23863 25329
0 0 206 0 -23725 24891
0 0 207 0 25356 24227
0 0 208 0 24021 -23579
0 0 209 0 -22741 21888
0 0 210 0 24995 -23918
0 0 211 0 -24046 23891
0 0 212 0 -24099 24301
0 0 213 0 -21768 -24010
0 0 214 0 -22912 23668
0 0 215 0 22117 25502
0 0 216 0 -22591 24321
0 0 217 0 23465 21799
0 0 218 0 -20207 -22625
0 0 219 0 -22661 22486
0 0 220 0 24750 23451
0 0 221 0 24252 22256
0 0 222 0 25116 -22124
0 0 223 0 31650 1178
0 0 224 0 -21786 -24370
0 0 225 0 24884 22619
0 0 226 0 22890 -23424
0 0 227 0 -22114 -23566
0 0 228 0 -23222 -24073
0 0 229 0 22612 -23807
0 0 230 0 22672 -22329
0 0 231 0 -24397 20941
0 0 232 0 24416 23504
0 0 233 0 -20976 -24716
0 0 234 0 -21743 21142
0 0 235 0 22520 -22854
0 0 236 0 21958 -23089
0 0 237 0 -23065 22089
0 0 238 0 23389 -24031
0 0 239 0 -23486 -21444
0 0 240 0 23620 23008
0 0 241 0 -22151 24613
0 0 242 0 -21670 23348
0 0 243 0 23688 23603
0 0 244 0 23213 21713
0 0 245 0 -25166 -22723
0 0 246 0 -24046 22941
0 0 247 0 22466 22510
0 0 248 0 22356 23026
0 0 249 0 23356 -23485
0 0 250 0 21861 22155
0 0 251 0 -24818 -20693
0 0 252 0 -21077 24943
0 0 253 0 24380 -25425
0 0 254 0 22081 22965
0 0 255 0 33593 -860
0 1 0 1 -837 -1219
0 1 1 1 30485 -35
0 1 2 1 -31778 -529
0 1 3 1 -32899 -206
0 1 4 1 31435 -198
0 1 5 1 31539 -770
0 1 6 1 31495 273
0 1 7 1 -31503 -1782
0 1 8 1 -31745 -1117
0 1 9 1 -33503 -59
0 1 10 1 34152 -57
0 1 11 1 -32150 -449
0 1 12 1 -32942 -3375
0 1 13 1 32174 1452
0 1 14 1 -32905 2631
0 1 15 1 -33884 -116
0 1 16 1 -32267 568
0 1 17 1 -33550 1079
0 1 18 1 32070 -602
0 1 19 1 34375 157
0 1 20 1 33225 603
0 1 21 1 -32166 -2191
0 1 22 1 31688 1430
0 1 23 1 -33748 -3064
0 1 24 1 32279 1351
0 1 25 1 -34005 -1599
0 1 26 1 34230 2062
0 1 27 1 32071 599
0 1 28 1 32493 -991
0 1 29 1 29672 2889
0 1 30 1 -34964 -1942
0 1 31 1 32577 252
0 1 32 1 -31023 1382
0 1 33 1 32210 282
0 1 34 1 -33271 -747
0 1 35 1 31661 -175
0 1 36 1 31357 793
0 1 37 1 31916 61
0 1 38 1 -34147 -836
0 1 39 1 -31892 -2261
0 1 40 1 -32062 -414
0 1 41 1 -33226 -1389
0 1 42 1 -31427 1221
0 1 43 1 33522 2011
0 1 44 1 -33161 -3055
0 1 45 1 -31937 -158
0 1 46 1 34127 -1299
0 1 47 1 31485 909
0 1 48 1 -32276 -434
0 1 49 1 -31996 -848
0 1 50 1 -31655 -1184
0 1 51 1 33628 2968
0 1 52 1 -32730 1260
0 1 53 1 33474 614
0 1 54 1 -32228 -1916
0 1 55 1 -32816 -1050
0 1 56 1 31629 -191
0 1 57 1 -31190 -73
0 1 58 1 33621 1398
0 1 59 1 -33281 943
0 1 60 1 33564 1333
0 1 61 1 32828 -1410
0 1 62 1 33777 -2806
0 1 63 1 31402 -991
0 1 64 1 -32862 -1378
0 1 65 1 33175 343
0 1 66 1 34249 1651
0 1 67 1 31294 -507
0 1 68 1 31712 -478
0 1 69 1 -33587 -1140
0 1 70 1 33465 -656
0 1 71 1 -34542 -882
0 1 72 1 32544 2142
0 1 73 1 -32756 595
0 1 74 1 -34192 933
0 1 75 1 -34367 666
0 1 76 1 32878 322
0 1 77 1 32566 -340
0 1 78 1 -31774 -329
0 1 79 1 31352 1186
0 1 80 1 31888 237
0 1 81 1 30594 -1377
0 1 82 1 -32592 -1662
0 1 83 1 32755 2219
0 1 84 1 -35176 504
0 1 85 1 30738 719
0 1 86 1 -33173 -2255
0 1 87 1 -31342 676
0 1 88 1 -31336 810
0 1 89 1 -33318 1510
0 1 90 1 -33494 -1036
0 1 91 1 -31822 -343
0 1 92 1 33192 572
0 1 93 1 -33074 30
0 1 94 1 33127 369
0 1 95 1 32225 524
0 1 96 1 -31821 -165
0 1 97 1 31040 1993
0 1 98 1 31335 -1735
0 1 99 1 31691 739
0 1 100 1 34145 -157
0 1 101 1 31250 -227
0 1 102 1 -33045 762
0 1 103 1 -32099 -29
0 1 104 1 32823 -1379
0 1 105 1 -34296 -1575
0 1 106 1 -32398 -108
0 1 107 1 -32167 -306
0 1 108 1 -33791 -391
0 1 109 1 -35736 1438
0 1 110 1 -31352 -1728
0 1 111 1 -30632 -1423
0 1 112 1 -34129 -2360
0 1 113 1 -871 525
0 1 114 1 -222 -785
0 1 115 1 330 -1490
0 1 116 1 950 292
0 1 117 1 1373 -285
0 1 118 1 -284 -198
0 1 119 1 -711 -672
0 1 120 1 -1224 -683
0 1 121 1 -465 -1847
0 1 122 1 -1126 -2009
0 1 123 1 -1140 -184
0 1 124 1 2266 80
0 1 125 1 -1196 675
0 1 126 1 -849 520
0 1 127 1 1052 767
0 1 128 1 -318 1397
0 1 129 1 -749 -1311
0 1 130 1 -782 -256
0 1 131 1 42 249
0 1 132 1 1034 -2400
0 1 133 1 482 771
0 1 134 1 -1775 45
0 1 135 1 134 -694
0 1 136 1 -437 29
0 1 137 1 321 -609
0 1 138 1 543 -978
0 1 139 1 -637 1951
0 1 140 1 1703 1555
0 1 141 1 -96 704
0 1 142 1 -390 947
0 1 143 1 -1186 3902
0 1 144 1 31984 34
0 1 145 1 -31624 -2791
0 1 146 1 -33601 -114
0 1 147 1 -33187 1410
0 1 148 1 32409 63
0 1 149 1 -32537 -1370
0 1 150 1 -31016 -1454
0 1 151 1 31244 -1353
0 1 152 1 33684 -2281
0 1 153 1 34083 -1018
0 1 154 1 34050 -373
0 1 155 1 -31408 -1639
0 1 156 1 -31989 -343
0 1 157 1 34223 531
0 1 158 1 33517 -501
0 1 159 1 32488 1661
0 1 160 1 33211 -352
0 1 161 1 33133 132
0 1 162 1 30689 559
0 1 163 1 -31437 1868
0 1 164 1 33547 -98
0 1 165 1 32777 1800
0 1 166 1 -32447 851
0 1 167 1 -32652 1089
0 1 168 1 32622 -986
0 1 169 1 33321 1815
0 1 170 1 -33226 -744
0 1 171 1 -34373 -1023
0 1 172 1 -33257 540
0 1 173 1 33651 1028
0 1 174 1 -33122 -918
0 1 175 1 30309 2779
0 1 176 1 -33100 71
0 1 177 1 -33023 -63
0 1 178 1 31654 -536
0 1 179 1 -34885 -246
0 1 180 1 -34987 73
0 1 181 1 -32372 161
0 1 182 1 33404 167
0 1 183 1 -33683 282
0 1 184 1 -33162 -620
0 1 185 1 -33801 -1350
0 1 186 1 -33853 1357
0 1 187 1 -31905 -324
0 1 188 1 -33119 742
0 1 189 1 33631 -242
0 1 190 1 -32730 -816
0 1 191 1 33008 976
0 1 192 1 -33282 -720
0 1 193 1 -33595 -928
0 1 194 1 -32376 1317
0 1 195 1 -30648 -2776
0 1 196 1 35540 1068
0 1 197 1 34668 1127
0 1 198 1 -31761 67
0 1 199 1 -33010 -1273
0 1 200 1 -33541 664
0 1 201 1 32764 1414
0 1 202 1 33693 -71
0 1 203 1 -33444 -760
0 1 204 1 31690 1136
0 1 205 1 -33433 -3264
0 1 206 1 -33756 -1437
0 1 207 1 33847 -799
0 1 208 1 -32782 -3028
0 1 209 1 -32597 274
0 1 210 1 32035 2912
0 1 211 1 -32206 1260
0 1 212 1 -30794 2192
0 1 213 1 32971 621
0 1 214 1 32756 288
0 1 215 1 -33354 -2262
0 1 216 1 -33926 -372
0 1 217 1 33720 450
0 1 218 1 -33520 -1493
0 1 219 1 31166 -1579
0 1 220 1 -33030 -1825
0 1 221 1 35000 686
0 1 222 1 34915 2262
0 1 223 1 35227 595
0 1 224 1 -31466 -1680
0 1 225 1 30200 1453
0 1 226 1 -31469 -83
0 1 227 1 -31843 -1391
0 1 228 1 -31327 1036
0 1 229 1 -33670 -1941
0 1 230 1 -33204 216
0 1 231 1 -33024 -664
0 1 232 1 -33227 -202
0 1 233 1 -32888 -756
0 1 234 1 33670 197
0 1 235 1 -32543 -178
0 1 236 1 30539 1298
0 1 237 1 33064 -1199
0 1 238 1 -33382 19
0 1 239 1 31591 525
0 1 240 1 -34533 -1120
0 1 241 1 33860 1537
0 1 242 1 -33167 -2508
0 1 243 1 34184 27
0 1 244 1 32328 -41
0 1 245 1 -33058 -1353
0 1 246 1 33430 616
0 1 247 1 30420 1986
0 1 248 1 -33272 1075
0 1 249 1 33277 140
0 1 250 1 32622 -214
0 1 251 1 -34461 -3045
0 1 252 1 -34491 -768
0 1 253 1 -34220 1020
0 1 254 1 34350 -2228
0 1 255 1 34769 -1608
0 2 0 1 -1686 -444
0 2 1 1 32700 832
0 2 2 1 33470 571
0 2 3 1 31808 664
0 2 4 1 -32915 -1679
0 2 5 1 -32603 -653
0 2 6 1 32294 -20
0 2 7 1 -32895 -1254
0 2 8 1 -31740 984
0 2 9 1 -31352 -829
0 2 10 1 -31458 -290
0 2 11 1 32900 917
0 2 12 1 34457 -560
0 2 13 1 33370 -224
0 2 14 1 -33467 -1963
0 2 15 1 -34526 -150
0 2 16 1 33553 -1322
0 2 17 1 -33684 -411
0 2 18 1 32602 1764
0 2 19 1 33252 252
0 2 20 1 33872 460
0 2 21 1 -33467 207
0 2 22 1 -31899 -2613
0 2 23 1 -30678 -1966
0 2 24 1 -32548 -764
0 2 25 1 31755 1078
0 2 26 1 32045 3186
0 2 27 1 -32503 -651
0 2 28 1 32406 1098
0 2 29 1 -33054 -108
0 2 30 1 -33034 -716
0 2 31 1 31681 -572
0 2 32 1 -31851 -465
0 2 33 1 32983 672
0 2 34 1 -32308 -1851
0 2 35 1 -35315 -266
0 2 36 1 -34654 1518
0 2 37 1 33638 79
0 2 38 1 33621 1373
0 2 39 1 -32446 -1208
0 2 40 1 32607 -195
0 2 41 1 -34307 -1107
0 2 42 1 33332 1885
0 2 43 1 -34205 -925
0 2 44 1 31612 3059
0 2 45 1 33298 1391
0 2 46 1 -33410 -764
0 2 47 1 31456 956
0 2 48 1 -32062 -104
0 2 49 1 -31686 612
0 2 50 1 -32131 -1219
0 2 51 1 -33010 344
0 2 52 1 -30819 -1259
0 2 53 1 35282 2367
0 2 54 1 30296 2342
0 2 55 1 -31963 -971
0 2 56 1 33455 92
0 2 57 1 -32565 -484
0 2 58 1 -31733 -799
0 2 59 1 -30503 -1424
0 2 60 1 -33587 -1102
0 2 61 1 -31466 -2520
0 2 62 1 33206 -853
0 2 63 1 -35715 -182
0 2 64 1 -30126 -1772
0 2 65 1 33846 -1199
0 2 66 1 32260 276
0 2 67 1 31815 224
0 2 68 1 31366 506
0 2 69 1 33734 -1241
0 2 70 1 -34664 297
0 2 71 1 -33101 -1730
0 2 72 1 32849 2059
0 2 73 1 35457 -496
0 2 74 1 -31727 -1319
0 2 75 1 33015 -134
0 2 76 1 -30528 -2626
0 2 77 1 32133 2189
0 2 78 1 36052 844
0 2 79 1 32735 -472
0 2 80 1 -32436 -2464
0 2 81 1 34687 2188
0 2 82 1 -33102 -1378
0 2 83 1 35011 954
0 2 84 1 32044 -705
0 2 85 1 -34616 -862
0 2 86 1 -32647 -298
0 2 87 1 -34728 -1071
0 2 88 1 -31979 1000
0 2 89 1 -30856 -1666
0 2 90 1 -33828 -1467
0 2 91 1 -32474 -878
0 2 92 1 -30560 -695
0 2 93 1 -32175 -633
0 2 94 1 33525 1548
0 2 95 1 31856 1937
0 2 96 1 31715 -311
0 2 97 1 32237 579
0 2 98 1 -32145 -930
0 2 99 1 34525 343
0 2 100 1 33125 443
0 2 101 1 -33312 -205
0 2 102 1 34470 1712
0 2 103 1 33688 -167
0 2 104 1 -33718 -3161
0 2 105 1 -33295 -1063
0 2 106 1 -32246 -939
0 2 107 1 -34199 -2301
0 2 108 1 34792 507
0 2 109 1 -32331 -954
0 2 110 1 32360 2922
0 2 111 1 35222 1912
0 2 112 1 -32172 -475
0 2 113 1 -1009 -795
0 2 114 1 -1753 -3100
0 2 115 1 -458 2594
0 2 116 1 -976 -13
0 2 117 1 -616 201
0 2 118 1 -1575 86
0 2 119 1 459 226
0 2 120 1 415 -1276
0 2 121 1 1484 1156
0 2 122 1 1258 -80
0 2 123 1 -2640 -91
0 2 124 1 -147 -304
0 2 125 1 2583 128
0 2 126 1 629 527
0 2 127 1 -248 212
0 2 128 1 -720 369
0 2 129 1 -1270 1114
0 2 130 1 297 965
0 2 131 1 2397 -253
0 2 132 1 -1786 -443
0 2 133 1 1280 -1426
0 2 134 1 -1717 104
0 2 135 1 440 -614
0 2 136 1 1238 895
0 2 137 1 -1050 -1021
0 2 138 1 906 763
0 2 139 1 568 -234
0 2 140 1 -1779 142
0 2 141 1 -359 669
0 2 142 1 -1235 313
0 2 143 1 -872 556
0 2 144 1 34221 1373
0 2 145 1 -33510 -150
0 2 146 1 -32446 533
0 2 147 1 32675 -616
0 2 148 1 35410 506
0 2 149 1 -34551 -1994
0 2 150 1 -31440 -1780
0 2 151 1 -32783 -1583
0 2 152 1 34881 464
0 2 153 1 35370 1025
0 2 154 1 32575 2117
0 2 155 1 31591 2887
0 2 156 1 -33226 563
0 2 157 1 33150 272
0 2 158 1 34404 1342
0 2 159 1 33612 1536
0 2 160 1 -32198 -880
0 2 161 1 -33306 246
0 2 162 1 34486 2051
0 2 163 1 33603 3177
0 2 164 1 -31978 -349
0 2 165 1 -30001 57
0 2 166 1 34216 1681
0 2 167 1 -34210 -400
0 2 168 1 -30470 230
0 2 169 1 35208 46
0 2 170 1 -29555 -644
0 2 171 1 -33175 1053
0 2 172 1 33557 1638
0 2 173 1 -32757 -41
0 2 174 1 -34687 -435
0 2 175 1 35140 -614
0 2 176 1 -33038 -242
0 2 177 1 32133 117
0 2 178 1 -34139 1589
0 2 179 1 30150 -869
0 2 180 1 -32787 -2111
0 2 181 1 -34354 997
0 2 182 1 -32558 -647
0 2 183 1 -31968 -1245
0 2 184 1 32447 2369
0 2 185 1 -31167 -648
0 2 186 1 30538 1018
0 2 187 1 -33709 -2038
0 2 188 1 -32304 231
0 2 189 1 -31675 843
0 2 190 1 32510 -1024
0 2 191 1 33491 1459
0 2 192 1 33984 858
0 2 193 1 -33165 -1539
0 2 194 1 -32589 -604
0 2 195 1 -32401 1102
0 2 196 1 32483 159
0 2 197 1 -32460 -426
0 2 198 1 -34436 -352
0 2 199 1 -33517 -4014
0 2 200 1 33076 1396
0 2 201 1 -32376 -856
0 2 202 1 -32813 -172
0 2 203 1 31440 1597
0 2 204 1 -31961 -979
0 2 205 1 33315 212
0 2 206 1 33156 -644
0 2 207 1 -33952 -1293
0 2 208 1 -32910 -1093
0 2 209 1 31437 379
0 2 210 1 -32800 -1743
0 2 211 1 32025 1057
0 2 212 1 -33100 -613
0 2 213 1 32992 1814
0 2 214 1 -33149 -376
0 2 215 1 34991 910
0 2 216 1 33701 1148
0 2 217 1 -32431 -409
0 2 218 1 -29904 -208
0 2 219 1 32346 138
0 2 220 1 -31366 -85
0 2 221 1 -32858 -176
0 2 222 1 32513 1183
0 2 223 1 34013 1322
0 2 224 1 -31981 -2314
0 2 225 1 32360 1878
0 2 226 1 34866 -229
0 2 227 1 33949 721
0 2 228 1 34783 147
0 2 229 1 -35880 -1838
0 2 230 1 30341 699
0 2 231 1 -32082 -1048
0 2 232 1 -31739 -2648
0 2 233 1 -33647 -1238
0 2 234 1 32945 -59
0 2 235 1 32050 948
0 2 236 1 -33663 -265
0 2 237 1 33248 849
0 2 238 1 31919 2279
0 2 239 1 32740 935
0 2 240 1 32685 2842
0 2 241 1 32202 263
0 2 242 1 -31743 -888
0 2 243 1 -33828 -666
0 2 244 1 31405 1561
0 2 245 1 34297 1624
0 2 246 1 -31786 -336
0 2 247 1 31439 243
0 2 248 1 -34895 -1746
0 2 249 1 32030 783
0 2 250 1 31818 -937
0 2 251 1 -32180 352
0 2 252 1 32780 -1019
0 2 253 1 -33255 88
0 2 254 1 32465 -513
0 2 255 1 31529 -138
0 3 0 2 2479 705
0 3 1 2 33485 925
0 3 2 2 10911 31331
0 3 3 2 30234 -31440
0 3 4 2 -10636 -31657
0 3 5 2 -30122 -11850
0 3 6 2 -10016 31956
0 3 7 2 -10548 11503
0 3 8 2 9165 32621
0 3 9 2 29249 10389
0 3 10 2 31280 -31237
0 3 11 2 -11250 29648
0 3 12 2 -30292 -10018
0 3 13 2 -30268 -10871
0 3 14 2 30143 31716
0 3 15 2 11402 -9292
0 3 16 2 -10159 9878
0 3 17 2 -31932 33278
0 3 18 2 -9147 -31540
0 3 19 2 29740 -27294
0 3 20 2 -10360 -10629
0 3 21 2 33849 -9338
0 3 22 2 -32786 31246
0 3 23 2 12992 -11035
0 3 24 2 11362 31277
0 3 25 2 32798 10570
0 3 26 2 10737 32861
0 3 27 2 10730 -29548
0 3 28 2 28727 30508
0 3 29 2 -31981 27961
0 3 30 2 -8103 -11517
0 3 31 2 30373 9301
0 3 32 2 -11350 10329
0 3 33 2 32689 236
0 3 34 2 -32265 9942
0 3 35 2 -11114 -9973
0 3 36 2 13208 -31282
0 3 37 2 10440 31472
0 3 38 2 -30636 -32077
0 3 39 2 -12467 29732
0 3 40 2 -8633 -30447
0 3 41 2 -31611 -32487
0 3 42 2 31204 11333
0 3 43 2 31269 -6563
0 3 44 2 -29209 -13567
0 3 45 2 -32226 -12335
0 3 46 2 10273 33683
0 3 47 2 32270 10941
0 3 48 2 -9470 -10348
0 3 49 2 -10835 32288
0 3 50 2 -13454 9210
0 3 51 2 -9498 -10258
0 3 52 2 11849 -29482
0 3 53 2 8078 -9158
0 3 54 2 8587 30421
0 3 55 2 32788 -30126
0 3 56 2 32950 -9057
0 3 57 2 -29571 6402
0 3 58 2 30392 31067
0 3 59 2 -31999 -32189
0 3 60 2 -28748 -32988
0 3 61 2 -8642 -28132
0 3 62 2 11290 10276
0 3 63 2 -31291 8832
0 3 64 2 7476 32949
0 3 65 2 33011 2294
0 3 66 2 -29974 -30774
0 3 67 2 28082 34127
0 3 68 2 28977 -8274
0 3 69 2 -11241 -10040
0 3 70 2 -14478 28152
0 3 71 2 -29732 12503
0 3 72 2 9286 -28445
0 3 73 2 33120 -29278
0 3 74 2 29382 30896
0 3 75 2 -9879 10783
0 3 76 2 -10149 -29469
0 3 77 2 29669 -9601
0 3 78 2 33620 -29623
0 3 79 2 11433 -12500
0 3 80 2 8273 31056
0 3 81 2 -30524 -32980
0 3 82 2 -29789 -30552
0 3 83 2 9160 -32773
0 3 84 2 -9833 -31689
0 3 85 2 10652 -7839
0 3 86 2 -31551 29834
0 3 87 2 -30638 -9903
0 3 88 2 -29591 -11948
0 3 89 2 -30765 29802
0 3 90 2 -30007 -30524
0 3 91 2 -7489 -8315
0 3 92 2 6719 31095
0 3 93 2 -9187 10808
0 3 94 2 -13352 28711
0 3 95 2 30368 33371
0 3 96 2 30706 33259
0 3 97 2 32978 1193
0 3 98 2 10865 11727
0 3 99 2 -11535 30327
0 3 100 2 10579 -31543
0 3 101 2 29186 32711
0 3 102 2 31480 -32023
0 3 103 2 -27896 -31883
0 3 104 2 -8573 9164
0 3 105 2 29202 10486
0 3 106 2 -11831 -9873
0 3 107 2 -29677 -33293
0 3 108 2 28951 31943
0 3 109 2 9896 12705
0 3 110 2 -11554 6433
0 3 111 2 -11089 -13458
0 3 112 2 -31063 30861
0 3 113 2 601 117
0 3 114 2 283 -2223
0 3 115 2 1982 1012
0 3 116 2 -847 94
0 3 117 2 -1001 163
0 3 118 2 -1907 172
0 3 119 2 580 -716
0 3 120 2 -487 -604
0 3 121 2 1162 -3243
0 3 122 2 -13 -433
0 3 123 2 -1500 514
0 3 124 2 -1705 498
0 3 125 2 -483 -1725
0 3 126 2 -357 -32
0 3 127 2 421 -1337
0 3 128 2 -534 -1272
0 3 129 2 -1127 1050
0 3 130 2 -2346 1792
0 3 131 2 -948 -725
0 3 132 2 -1677 626
0 3 133 2 705 6
0 3 134 2 -534 -2095
0 3 135 2 2658 -1041
0 3 136 2 -673 1081
0 3 137 2 895 -404
0 3 138 2 -522 -199
0 3 139 2 -280 -1274
0 3 140 2 1104 -816
0 3 141 2 217 -2353
0 3 142 2 -411 -21
0 3 143 2 857 -2929
0 3 144 2 -31228 9171
0 3 145 2 10363 -9720
0 3 146 2 30250 33207
0 3 147 2 11605 -10010
0 3 148 2 -7307 -31595
0 3 149 2 32150 9706
0 3 150 2 -30605 29266
0 3 151 2 11790 -9899
0 3 152 2 -32042 -12005
0 3 153 2 11678 -31483
0 3 154 2 -31201 8508
0 3 155 2 29585 -9238
0 3 156 2 31807 -7921
0 3 157 2 -31051 9930
0 3 158 2 31643 30812
0 3 159 2 30004 1033
0 3 160 2 31322 11138
0 3 161 2 -32726 9305
0 3 162 2 -12311 30614
0 3 163 2 -10613 -13407
0 3 164 2 9051 -9240
0 3 165 2 13015 -30780
0 3 166 2 -33256 29064
0 3 167 2 11705 -7603
0 3 168 2 31053 10131
0 3 169 2 -30491 8697
0 3 170 2 33450 -31466
0 3 171 2 10231 -28880
0 3 172 2 -10935 -11379
0 3 173 2 -7960 -29439
0 3 174 2 12479 -10712
0 3 175 2 -11755 9787
0 3 176 2 9556 30650
0 3 177 2 9362 31409
0 3 178 2 9254 -9456
0 3 179 2 11700 -30143
0 3 180 2 33961 -30013
0 3 181 2 8234 9485
0 3 182 2 -9296 -31633
0 3 183 2 11383 -10610
0 3 184 2 28451 31552
0 3 185 2 31618 -30402
0 3 186 2 30193 10589
0 3 187 2 32545 -28236
0 3 188 2 -9601 -10053
0 3 189 2 33215 30891
0 3 190 2 -12162 31281
0 3 191 2 33243 1525
0 3 192 2 -31645 -12525
0 3 193 2 11362 10301
0 3 194 2 11824 -28743
0 3 195 2 -9425 29985
0 3 196 2 10688 10481
0 3 197 2 10436 31133
0 3 198 2 -31507 10643
0 3 199 2 31536 -31008
0 3 200 2 9627 -28681
0 3 201 2 -32286 10367
0 3 202 2 10712 -12434
0 3 203 2 -30546 -11032
0 3 204 2 -30598 -12500
0 3 205 2 -29076 -32671
0 3 206 2 -28065 -32172
0 3 207 2 10476 -11001
0 3 208 2 -10210 30968
0 3 209 2 -31477 -10301
0 3 210 2 29116 -30760
0 3 211 2 35082 -29659
0 3 212 2 -12349 11147
0 3 213 2 -9525 10469
0 3 214 2 -27991 -12263
0 3 215 2 -9382 11273
0 3 216 2 11118 -31598
0 3 217 2 9447 -8851
0 3 218 2 -30464 30470
0 3 219 2 8155 -9995
0 3 220 2 33091 -29893
0 3 221 2 -8068 -31738
0 3 222 2 -30984 -7580
0 3 223 2 33204 1760
0 3 224 2 -8614 -32527
0 3 225 2 30768 10737
0 3 226 2 -30613 -11851
0 3 227 2 -10879 -8445
0 3 228 2 -30171 28288
0 3 229 2 32143 -27683
0 3 230 2 31937 11092
0 3 231 2 31113 11662
0 3 232 2 -11506 11368
0 3 233 2 8691 10986
0 3 234 2 10934 -12191
0 3 235 2 31664 -30984
0 3 236 2 -32893 7879
0 3 237 2 9289 -31107
0 3 238 2 31067 34211
0 3 239 2 8350 33081
0 3 240 2 32846 -30647
0 3 241 2 -31221 31565
0 3 242 2 -9196 12270
0 3 243 2 -9446 9835
0 3 244 2 -10572 -31756
0 3 245 2 -9363 -9115
0 3 246 2 -10474 -8897
0 3 247 2 -27961 11499
0 3 248 2 9181 30230
0 3 249 2 30779 11237
0 3 250 2 13209 -10856
0 3 251 2 9930 -29922
0 3 252 2 -12460 10762
0 3 253 2 10195 33219
0 3 254 2 30568 11510
0 3 255 2 32464 250
0 4 0 2 310 1289
0 4 1 2 29466 -63
0 4 2 2 33048 -8259
0 4 3 2 -30254 7103
0 4 4 2 -10752 11259
0 4 5 2 9902 -10234
0 4 6 2 9982 -10805
0 4 7 2 9522 31378
0 4 8 2 -10845 -30481
0 4 9 2 30094 10277
0 4 10 2 9972 10020
0 4 11 2 7835 32610
0 4 12 2 -29697 -10176
0 4 13 2 10451 -9571
0 4 14 2 8205 32544
0 4 15 2 -28196 -31295
0 4 16 2 8455 30051
0 4 17 2 -29774 11280
0 4 18 2 10836 -32513
0 4 19 2 10323 -12306
0 4 20 2 11416 -10311
0 4 21 2 30998 -9338
0 4 22 2 9040 31629
0 4 23 2 30904 11993
0 4 24 2 28820 32198
0 4 25 2 10142 -30044
0 4 26 2 -10563 -11311
0 4 27 2 -14101 31801
0 4 28 2 -10079 11535
0 4 29 2 27732 32511
0 4 30 2 7617 31116
0 4 31 2 -28527 -31138
0 4 32 2 30302 -10125
0 4 33 2 34651 494
0 4 34 2 9635 9325
0 4 35 2 -11978 9680
0 4 36 2 -30802 -33801
0 4 37 2 7743 31041
0 4 38 2 -9929 11278
0 4 39 2 13420 -32329
0 4 40 2 -11561 9567
0 4 41 2 -33254 29828
0 4 42 2 -10965 10128
0 4 43 2 -11499 33824
0 4 44 2 -32511 28871
0 4 45 2 13994 -29583
0 4 46 2 28091 33297
0 4 47 2 -10969 -11921
0 4 48 2 11782 -28840
0 4 49 2 29863 32368
0 4 50 2 11471 -11113
0 4 51 2 33351 -27253
0 4 52 2 8039 10850
0 4 53 2 9380 9928
0 4 54 2 10875 -28948
0 4 55 2 9492 11432
0 4 56 2 11453 -29129
0 4 57 2 10593 -11301
0 4 58 2 11351 -9665
0 4 59 2 -11468 10671
0 4 60 2 -31414 -9319
0 4 61 2 30787 -30064
0 4 62 2 -8125 -12204
0 4 63 2 -31720 -11574
0 4 64 2 -11545 11522
0 4 65 2 30243 1667
0 4 66 2 -11114 -11026
0 4 67 2 10525 -9768
0 4 68 2 9376 -9143
0 4 69 2 30941 9331
0 4 70 2 10942 -11481
0 4 71 2 -9768 -30704
0 4 72 2 30095 11769
0 4 73 2 31474 -9905
0 4 74 2 -31418 30084
0 4 75 2 -28980 -34044
0 4 76 2 -11187 9921
0 4 77 2 8501 31581
0 4 78 2 30610 30985
0 4 79 2 9653 -29549
0 4 80 2 -9461 8895
0 4 81 2 -31201 -11754
0 4 82 2 10581 31541
0 4 83 2 28599 33574
0 4 84 2 -30741 11119
0 4 85 2 -31749 30725
0 4 86 2 33708 -8999
0 4 87 2 -28593 -33622
0 4 88 2 -28586 -35076
0 4 89 2 -29244 -10994
0 4 90 2 30507 12235
0 4 91 2 10537 -10260
0 4 92 2 11130 -11098
0 4 93 2 -9470 -31009
0 4 94 2 29214 31380
0 4 95 2 -9932 -12703
0 4 96 2 32728 -29421
0 4 97 2 31511 2911
0 4 98 2 32832 -29037
0 4 99 2 -11532 8660
0 4 100 2 -12277 31594
0 4 101 2 -31118 32187
0 4 102 2 -12710 11306
0 4 103 2 -28739 -10606
0 4 104 2 -7356 -30718
0 4 105 2 31135 -9384
0 4 106 2 -31057 5951
0 4 107 2 35313 -10616
0 4 108 2 -7395 -10396
0 4 109 2 9301 -9554
0 4 110 2 -30202 -11688
0 4 111 2 11673 -27873
0 4 112 2 -30889 -32931
0 4 113 2 383 -1819
0 4 114 2 -751 2879
0 4 115 2 349 -1087
0 4 116 2 -715 -675
0 4 117 2 -1277 624
0 4 118 2 1598 1069
0 4 119 2 -100 -394
0 4 120 2 -751 40
0 4 121 2 -465 153
0 4 122 2 538 -1396
0 4 123 2 385 -1083
0 4 124 2 -410 -2031
0 4 125 2 816 -1635
0 4 126 2 617 508
0 4 127 2 841 -1522
0 4 128 2 2220 -34
0 4 129 2 -398 -896
0 4 130 2 1815 1124
0 4 131 2 243 -319
0 4 132 2 162 -2535
0 4 133 2 737 1446
0 4 134 2 -462 -28
0 4 135 2 -1390 161
0 4 136 2 2113 -1032
0 4 137 2 564 -1780
0 4 138 2 -1070 1066
0 4 139 2 731 2
0 4 140 2 1184 -963
0 4 141 2 742 -1198
0 4 142 2 -966 -360
0 4 143 2 -3518 -460
0 4 144 2 -31964 -31735
0 4 145 2 -7405 -30844
0 4 146 2 32967 -9531
0 4 147 2 -9757 10219
0 4 148 2 31542 32491
0 4 149 2 29616 32446
0 4 150 2 -27752 -35560
0 4 151 2 8996 10664
0 4 152 2 -10553 -12378
0 4 153 2 -30701 -29502
0 4 154 2 -9924 -13707
0 4 155 2 -29732 -33532
0 4 156 2 -29552 -32123
0 4 157 2 8971 30411
0 4 158 2 29962 11516
0 4 159 2 34184 2188
0 4 160 2 -9672 -32216
0 4 161 2 10282 10267
0 4 162 2 -8742 -32741
0 4 163 2 -11570 9454
0 4 164 2 -8170 -31831
0 4 165 2 -34599 30053
0 4 166 2 -9417 -10897
0 4 167 2 30395 -30021
0 4 168 2 -29858 6476
0 4 169 2 6631 31752
0 4 170 2 11048 -11398
0 4 171 2 -13574 9756
0 4 172 2 -32554 8562
0 4 173 2 29690 11943
0 4 174 2 -8853 -12319
0 4 175 2 -28984 -30726
0 4 176 2 -32785 8999
0 4 177 2 31688 -5581
0 4 178 2 10989 -33050
0 4 179 2 -12467 29672
0 4 180 2 -30436 -12945
0 4 181 2 -29756 9982
0 4 182 2 32460 -31176
0 4 183 2 -30080 -29108
0 4 184 2 31970 12127
0 4 185 2 -32853 9919
0 4 186 2 11708 9972
0 4 187 2 -31719 8420
0 4 188 2 30953 -28558
0 4 189 2 31760 11749
0 4 190 2 -10952 -31456
0 4 191 2 31431 2628
0 4 192 2 12227 -30732
0 4 193 2 10552 29817
0 4 194 2 -30738 -12069
0 4 195 2 -32580 30581
0 4 196 2 10385 11409
0 4 197 2 32241 -8826
0 4 198 2 31508 -9055
0 4 199 2 33821 -29845
0 4 200 2 -32693 32067
0 4 201 2 29515 12407
0 4 202 2 -30078 -11442
0 4 203 2 30919 32287
0 4 204 2 31562 -6663
0 4 205 2 -11768 10292
0 4 206 2 11180 -8432
0 4 207 2 -10835 -12623
0 4 208 2 8302 -9216
0 4 209 2 31437 -30650
0 4 210 2 -9573 -29677
0 4 211 2 31776 -30634
0 4 212 2 -30936 -10722
0 4 213 2 -9537 7602
0 4 214 2 -8611 -32186
0 4 215 2 30700 -6215
0 4 216 2 -31040 9384
0 4 217 2 -33570 29371
0 4 218 2 32605 9973
0 4 219 2 -33836 30728
0 4 220 2 -9383 -33686
0 4 221 2 34163 -7504
0 4 222 2 -10610 11813
0 4 223 2 33959 1350
0 4 224 2 -11266 8799
0 4 225 2 -11243 -10340
0 4 226 2 11956 -9479
0 4 227 2 -10595 -11924
0 4 228 2 9509 30457
0 4 229 2 31752 -7574
0 4 230 2 -30651 9992
0 4 231 2 10886 31537
0 4 232 2 -32109 31353
0 4 233 2 32605 -9543
0 4 234 2 -13516 31079
0 4 235 2 -12395 10558
0 4 236 2 -31228 -11518
0 4 237 2 -32400 27194
0 4 238 2 -7599 -32063
0 4 239 2 -12289 8490
0 4 240 2 -12295 30960
0 4 241 2 10919 -9330
0 4 242 2 -12006 30077
0 4 243 2 9401 32589
0 4 244 2 -10989 31521
0 4 245 2 -29844 -31565
0 4 246 2 -32521 10527
0 4 247 2 -32437 10314
0 4 248 2 29782 30537
0 4 249 2 9808 -9383
0 4 250 2 31635 -10071
0 4 251 2 11813 -29870
0 4 252 2 -7767 -10627
0 4 253 2 9857 31911
0 4 254 2 -10871 30042
0 4 255 2 32041 -279
0 5 0 2 550 1202
0 5 1 2 32432 1705
0 5 2 2 -29526 -11974
0 5 3 2 12820 -31314
0 5 4 2 -28091 -34052
0 5 5 2 -29456 -33226
0 5 6 2 13010 -30433
0 5 7 2 -31214 7319
0 5 8 2 -12430 28998
0 5 9 2 -11802 30921
0 5 10 2 14345 -30844
0 5 11 2 -8262 -30580
0 5 12 2 -14290 31246
0 5 13 2 -28531 -33092
0 5 14 2 31248 13214
0 5 15 2 -9135 -11982
0 5 16 2 31639 33726
0 5 17 2 -14269 29899
0 5 18 2 -28516 -32230
0 5 19 2 8961 11694
0 5 20 2 33604 -29122
0 5 21 2 -29400 -11811
0 5 22 2 11870 -8108
0 5 23 2 34875 -29994
0 5 24 2 29309 12192
0 5 25 2 31461 11672
0 5 26 2 9560 -29749
0 5 27 2 -29727 -11333
0 5 28 2 -12087 9439
0 5 29 2 29580 31487
0 5 30 2 -33552 9572
0 5 31 2 -10580 -12255
0 5 32 2 -10238 -31073
0 5 33 2 30769 1989
0 5 34 2 -31282 -12301
0 5 35 2 30018 12122
0 5 36 2 -29918 -33413
0 5 37 2 -10247 -8931
0 5 38 2 -11413 -9477
0 5 39 2 9050 33549
0 5 40 2 31019 32578
0 5 41 2 12312 -30870
0 5 42 2 30796 31571
0 5 43 2 -31956 30502
0 5 44 2 -9107 -30490
0 5 45 2 9657 31469
0 5 46 2 7548 31971
0 5 47 2 9743 11159
0 5 48 2 -30169 8547
0 5 49 2 34064 -30859
0 5 50 2 -10974 28293
0 5 51 2 31741 -7988
0 5 52 2 10966 -9634
0 5 53 2 32135 -7743
0 5 54 2 10223 -10010
0 5 55 2 -10725 11551
0 5 56 2 -31522 8799
0 5 57 2 30184 33644
0 5 58 2 30191 31436
0 5 59 2 9595 -8894
0 5 60 2 -33316 7662
0 5 61 2 -29791 8504
0 5 62 2 -32190 30294
0 5 63 2 28755 30756
0 5 64 2 -13340 29906
0 5 65 2 32837 1665
0 5 66 2 -10199 10231
0 5 67 2 -29587 -12956
0 5 68 2 6217 31415
0 5 69 2 -8837 -7394
0 5 70 2 -10685 -32188
0 5 71 2 -33635 30343
0 5 72 2 33656 -29530
0 5 73 2 10475 -9778
0 5 74 2 6698 31005
0 5 75 2 30899 31947
0 5 76 2 10679 11300
0 5 77 2 29838 35282
0 5 78 2 11768 -29947
0 5 79 2 29472 32054
0 5 80 2 -31601 -13413
0 5 81 2 -11633 -11780
0 5 82 2 -30000 -11294
0 5 83 2 -12436 29964
0 5 84 2 -13176 10656
0 5 85 2 -9156 -9750
0 5 86 2 8351 31699
0 5 87 2 -11445 32756
0 5 88 2 8040 31504
0 5 89 2 -7401 -31343
0 5 90 2 -11755 31357
0 5 91 2 -29146 -32623
0 5 92 2 12436 -30339
0 5 93 2 -7631 -32031
0 5 94 2 -34159 30057
0 5 95 2 31118 -8640
0 5 96 2 -28874 -30839
0 5 97 2 31159 3884
0 5 98 2 9136 11157
0 5 99 2 30750 12952
0 5 100 2 32032 -29948
0 5 101 2 -12219 9692
0 5 102 2 8737 31252
0 5 103 2 -32694 7040
0 5 104 2 28224 33875
0 5 105 2 10123 30066
0 5 106 2 -31132 -9887
0 5 107 2 13474 -27390
0 5 108 2 28692 32321
0 5 109 2 10984 -10358
0 5 110 2 10461 31645
0 5 111 2 9129 13637
0 5 112 2 8389 29614
0 5 113 2 -1960 -1586
0 5 114 2 -44 -1592
0 5 115 2 2020 -270
0 5 116 2 264 1256
0 5 117 2 -1294 -810
0 5 118 2 891 178
0 5 119 2 -1584 -759
0 5 120 2 582 352
0 5 121 2 267 2056
0 5 122 2 -1629 204
0 5 123 2 1458 -164
0 5 124 2 -1431 -193
0 5 125 2 -87 423
0 5 126 2 -1147 -517
0 5 127 2 -3230 222
0 5 128 2 665 -1121
0 5 129 2 304 191
0 5 130 2 -633 -1372
0 5 131 2 -1741 1400
0 5 132 2 459 1239
0 5 133 2 -789 1698
0 5 134 2 -334 -1787
0 5 135 2 2349 -349
0 5 136 2 818 -1106
0 5 137 2 -909 -707
0 5 138 2 -512 -2007
0 5 139 2 115 -227
0 5 140 2 2317 692
0 5 141 2 442 393
0 5 142 2 -353 1434
0 5 143 2 378 -619
0 5 144 2 32061 -9229
0 5 145 2 10243 11415
0 5 146 2 8262 10927
0 5 147 2 -10331 -30696
0 5 148 2 -8578 -30761
0 5 149 2 -31589 7842
0 5 150 2 -28733 -32658
0 5 151 2 -11136 9990
0 5 152 2 9091 -7463
0 5 153 2 -9045 -31310
0 5 154 2 11555 -30820
0 5 155 2 9091 -30300
0 5 156 2 -12343 -10596
0 5 157 2 6757 32837
0 5 158 2 30568 32474
0 5 159 2 30228 1677
0 5 160 2 31690 -32066
0 5 161 2 -31718 8742
0 5 162 2 -11316 10072
0 5 163 2 -32963 30843
0 5 164 2 30948 12493
0 5 165 2 31341 -10575
0 5 166 2 11464 -9728
0 5 167 2 -34450 26844
0 5 168 2 -30940 -32614
0 5 169 2 -8891 -28944
0 5 170 2 -10362 -9921
0 5 171 2 -11085 8960
0 5 172 2 12726 -9841
0 5 173 2 -9694 -11112
0 5 174 2 12278 -9707
0 5 175 2 29677 11888
0 5 176 2 27841 32722
0 5 177 2 -10980 10095
0 5 178 2 7458 32554
0 5 179 2 -10287 -9199
0 5 180 2 -29403 -12724
0 5 181 2 30493 11992
0 5 182 2 29429 10039
0 5 183 2 -30468 29489
0 5 184 2 -30877 -30843
0 5 185 2 -31565 30538
0 5 186 2 9876 -11536
0 5 187 2 -31765 -11112
0 5 188 2 -30147 -13392
0 5 189 2 8472 31255
0 5 190 2 -29153 -32968
0 5 191 2 32479 1819
0 5 192 2 -7316 -31850
0 5 193 2 30695 10665
0 5 194 2 -30700 -34415
0 5 195 2 34047 -29242
0 5 196 2 -10175 10201
0 5 197 2 31288 11011
0 5 198 2 32845 -28215
0 5 199 2 -28529 -11141
0 5 200 2 -8787 -32451
0 5 201 2 29259 13758
0 5 202 2 13518 -30384
0 5 203 2 12851 -31783
0 5 204 2 -34161 28671
0 5 205 2 -10550 29711
0 5 206 2 -9050 -31747
0 5 207 2 11232 -12358
0 5 208 2 -32207 29640
0 5 209 2 32010 -9332
0 5 210 2 -10548 -10562
0 5 211 2 27810 31649
0 5 212 2 -9842 8887
0 5 213 2 30024 10770
0 5 214 2 8171 10900
0 5 215 2 -11487 -9927
0 5 216 2 -31929 -13449
0 5 217 2 10670 -10068
0 5 218 2 32963 -27492
0 5 219 2 -7560 -33864
0 5 220 2 11145 32320
0 5 221 2 12098 -30577
0 5 222 2 -10459 30114
0 5 223 2 31632 1124
0 5 224 2 -30169 -10844
0 5 225 2 -10024 -10874
0 5 226 2 34093 -30446
0 5 227 2 -7926 -32535
0 5 228 2 -34339 8826
0 5 229 2 11137 -10047
0 5 230 2 -12215 32004
0 5 231 2 8745 33398
0 5 232 2 10789 13217
0 5 233 2 -7978 -9834
0 5 234 2 31354 32365
0 5 235 2 32381 -29445
0 5 236 2 28989 31554
0 5 237 2 -31599 9008
0 5 238 2 30058 13709
0 5 239 2 10086 33044
0 5 240 2 10309 31975
0 5 241 2 29912 13770
0 5 242 2 29207 10148
0 5 243 2 8420 11382
0 5 244 2 9510 10905
0 5 245 2 -29033 -10360
0 5 246 2 -13489 30230
0 5 247 2 11821 -11345
0 5 248 2 -27863 -32043
0 5 249 2 9646 -10073
0 5 250 2 -29533 -32445
0 5 251 2 12789 -33629
0 5 252 2 -29477 -10964
0 5 253 2 -31870 9375
0 5 254 2 32218 -6882
0 5 255 2 33293 1023
0 6 0 2 -1279 393
0 6 1 2 32077 4566
0 6 2 2 -6576 -30783
0 6 3 2 7978 31516
0 6 4 2 10144 32644
0 6 5 2 33490 -28340
0 6 6 2 -33618 29752
0 6 7 2 30837 -9551
0 6 8 2 29995 11409
0 6 9 2 -30895 -12842
0 6 10 2 -12399 10630
0 6 11 2 -29484 -33206
0 6 12 2 -12460 10859
0 6 13 2 29983 32641
0 6 14 2 32516 -27962
0 6 15 2 14886 -30016
0 6 16 2 -7827 -32756
0 6 17 2 13542 -29163
0 6 18 2 -30569 7345
0 6 19 2 31429 -8752
0 6 20 2 -11826 28257
0 6 21 2 -33909 28072
0 6 22 2 -29759 -34233
0 6 23 2 10507 32220
0 6 24 2 -26394 -31591
0 6 25 2 -8556 -32331
0 6 26 2 7689 29994
0 6 27 2 28253 35687
0 6 28 2 -29571 -11999
0 6 29 2 31428 12979
0 6 30 2 31273 -27772
0 6 31 2 -33764 28672
0 6 32 2 -31775 6379
0 6 33 2 33969 772
0 6 34 2 -10375 29739
0 6 35 2 6391 31881
0 6 36 2 -31812 -32202
0 6 37 2 33731 -28716
0 6 38 2 -33084 9879
0 6 39 2 -11360 7849
0 6 40 2 33817 -8412
0 6 41 2 -30663 -15476
0 6 42 2 -9220 7995
0 6 43 2 13970 -30200
0 6 44 2 12326 -9274
0 6 45 2 -30393 -32220
0 6 46 2 -12762 -9154
0 6 47 2 27989 33986
0 6 48 2 8950 -8282
0 6 49 2 7490 30124
0 6 50 2 -10176 -9357
0 6 51 2 -11743 11305
0 6 52 2 -28996 -33985
0 6 53 2 12487 -8416
0 6 54 2 -29342 -14921
0 6 55 2 11639 -29056
0 6 56 2 -11369 30531
0 6 57 2 11216 -29946
0 6 58 2 -13000 29337
0 6 59 2 9356 12554
0 6 60 2 -30127 -15271
0 6 61 2 -30027 9224
0 6 62 2 11563 -9755
0 6 63 2 33795 -29030
0 6 64 2 -30951 -13353
0 6 65 2 30915 860
0 6 66 2 31708 32173
0 6 67 2 28630 33113
0 6 68 2 -8872 -12126
0 6 69 2 -12476 32108
0 6 70 2 -10760 8323
0 6 71 2 28934 34026
0 6 72 2 29096 32659
0 6 73 2 12705 -30709
0 6 74 2 -31593 7823
0 6 75 2 27201 32784
0 6 76 2 -10554 -8504
0 6 77 2 9134 -9667
0 6 78 2 -31337 -31423
0 6 79 2 11513 -9980
0 6 80 2 8410 13080
0 6 81 2 30992 -8902
0 6 82 2 -30357 7140
0 6 83 2 -13088 28710
0 6 84 2 10120 -9458
0 6 85 2 -13355 31129
0 6 86 2 10505 -8199
0 6 87 2 30602 -8737
0 6 88 2 -30685 8192
0 6 89 2 11527 -9915
0 6 90 2 30835 33022
0 6 91 2 13902 -30445
0 6 92 2 -32979 8686
0 6 93 2 -31776 7650
0 6 94 2 32364 -28443
0 6 95 2 12894 -31456
0 6 96 2 8725 32460
0 6 97 2 32373 2289
0 6 98 2 30681 13045
0 6 99 2 28563 31480
0 6 100 2 9026 11650
0 6 101 2 -10364 -9961
0 6 102 2 29431 33157
0 6 103 2 8775 -11421
0 6 104 2 -7119 -11519
0 6 105 2 10264 11844
0 6 106 2 -29554 -33228
0 6 107 2 7849 32550
0 6 108 2 -8354 -10585
0 6 109 2 12461 -31469
0 6 110 2 10651 12441
0 6 111 2 -30920 6329
0 6 112 2 10269 -12296
0 6 113 2 857 418
0 6 114 2 605 -752
0 6 115 2 1372 -194
0 6 116 2 -221 -3987
0 6 117 2 -340 -562
0 6 118 2 -271 191
0 6 119 2 768 547
0 6 120 2 303 -559
0 6 121 2 190 -1062
0 6 122 2 825 -2580
0 6 123 2 -2826 -1874
0 6 124 2 612 -1769
0 6 125 2 264 -3470
0 6 126 2 1342 -1625
0 6 127 2 2698 -191
0 6 128 2 -1176 -632
0 6 129 2 1869 556
0 6 130 2 -1108 -2227
0 6 131 2 -1538 639
0 6 132 2 260 538
0 6 133 2 -280 -504
0 6 134 2 -1767 -986
0 6 135 2 1057 261
0 6 136 2 329 782
0 6 137 2 756 888
0 6 138 2 921 756
0 6 139 2 524 -771
0 6 140 2 -298 1046
0 6 141 2 861 962
0 6 142 2 281 444
0 6 143 2 -1112 -27
0 6 144 2 -11426 11663
0 6 145 2 12557 -10085
0 6 146 2 -11879 8936
0 6 147 2 9995 -30480
0 6 148 2 12094 -9052
0 6 149 2 -12128 -9756
0 6 150 2 -31349 -12657
0 6 151 2 -29343 10192
0 6 152 2 -29065 -31428
0 6 153 2 6284 31018
0 6 154 2 29671 29788
0 6 155 2 -8510 -30745
0 6 156 2 -9662 -8941
0 6 157 2 9871 32983
0 6 158 2 32206 -27924
0 6 159 2 29767 2240
0 6 160 2 -31356 9232
0 6 161 2 -28463 -32276
0 6 162 2 31211 -9249
0 6 163 2 -33997 28911
0 6 164 2 11268 -31209
0 6 165 2 -8467 -31297
0 6 166 2 -11762 11253
0 6 167 2 -9986 8886
0 6 168 2 -12283 10068
0 6 169 2 -7405 -31981
0 6 170 2 -12255 30046
0 6 171 2 -32982 11195
0 6 172 2 -13541 29952
0 6 173 2 -32631 8123
0 6 174 2 -31667 -11893
0 6 175 2 10332 11612
0 6 176 2 29230 9432
0 6 177 2 -8459 -32837
0 6 178 2 -28808 -33705
0 6 179 2 -33899 28175
0 6 180 2 -8471 -32578
0 6 181 2 -9239 -11588
0 6 182 2 30797 12964
0 6 183 2 -12323 30051
0 6 184 2 27800 10614
0 6 185 2 -7351 -29457
0 6 186 2 -33733 29323
0 6 187 2 -8557 -32692
0 6 188 2 -28733 -11766
0 6 189 2 35984 -28954
0 6 190 2 8369 31890
0 6 191 2 32738 1740
0 6 192 2 -11057 10193
0 6 193 2 32974 -27503
0 6 194 2 7980 32242
0 6 195 2 6368 31053
0 6 196 2 9565 -9076
0 6 197 2 29682 12671
0 6 198 2 -32186 28073
0 6 199 2 8100 10356
0 6 200 2 -30720 -32105
0 6 201 2 11368 -9355
0 6 202 2 27479 11593
0 6 203 2 31911 12419
0 6 204 2 31455 -8042
0 6 205 2 -29842 -13315
0 6 206 2 7151 31626
0 6 207 2 -6715 -31550
0 6 208 2 10728 -28335
0 6 209 2 -30150 -13397
0 6 210 2 -27403 -31795
0 6 211 2 -14353 31699
0 6 212 2 10958 -10032
0 6 213 2 -10200 9778
0 6 214 2 -31035 7926
0 6 215 2 11884 -7511
0 6 216 2 -9773 32125
0 6 217 2 -12569 -11173
0 6 218 2 33397 -25922
0 6 219 2 32362 -27833
0 6 220 2 10338 10483
0 6 221 2 -27748 -31920
0 6 222 2 -10171 -10673
0 6 223 2 33251 3578
0 6 224 2 -29353 -10712
0 6 225 2 -31139 7155
0 6 226 2 30667 13474
0 6 227 2 12114 -9436
0 6 228 2 32274 -8700
0 6 229 2 -10249 -9865
0 6 230 2 -29427 -11826
0 6 231 2 11099 -8807
0 6 232 2 11476 -29993
0 6 233 2 12164 -10507
0 6 234 2 27379 11358
0 6 235 2 -12177 9222
0 6 236 2 -28313 -15123
0 6 237 2 -28436 -11731
0 6 238 2 29117 33003
0 6 239 2 13807 -28805
0 6 240 2 -9870 8558
0 6 241 2 -30932 -13525
0 6 242 2 -31706 7523
0 6 243 2 7956 31051
0 6 244 2 30616 13239
0 6 245 2 -7402 -30002
0 6 246 2 29791 -8151
0 6 247 2 -9126 12148
0 6 248 2 11248 -27972
0 6 249 2 28618 31824
0 6 250 2 -30032 -34343
0 6 251 2 -12683 31101
0 6 252 2 -32327 29212
0 6 253 2 -28209 -33964
0 6 254 2 -32420 29813
0 6 255 2 34368 2012
0 7 0 2 -432 7
0 7 1 2 30981 4117
0 7 2 2 27549 12424
0 7 3 2 -27889 -13016
0 7 4 2 31911 -26818
0 7 5 2 -9305 -11932
0 7 6 2 -12537 28926
0 7 7 2 6066 31595
0 7 8 2 -29375 -33269
0 7 9 2 34214 -9202
0 7 10 2 -13989 30324
0 7 11 2 32436 -28646
0 7 12 2 28423 32597
0 7 13 2 28135 33837
0 7 14 2 7076 32682
0 7 15 2 -8425 -30197
0 7 16 2 -31519 6527
0 7 17 2 14051 -27907
0 7 18 2 -30877 7402
0 7 19 2 30902 -6825
0 7 20 2 -29295 -14542
0 7 21 2 -32923 -13894
0 7 22 2 7682 10027
0 7 23 2 -28480 -32664
0 7 24 2 11457 -9215
0 7 25 2 30588 32546
0 7 26 2 12606 -9223
0 7 27 2 29617 12839
0 7 28 2 7246 30908
0 7 29 2 -9458 -32287
0 7 30 2 -30044 -34028
0 7 31 2 31755 12314
0 7 32 2 28582 32920
0 7 33 2 32946 488
0 7 34 2 -30025 7652
0 7 35 2 12858 -28732
0 7 36 2 -32013 -13745
0 7 37 2 -11278 9135
0 7 38 2 29854 13790
0 7 39 2 -8684 -31006
0 7 40 2 -9539 10426
0 7 41 2 29170 34361
0 7 42 2 -9717 -31674
0 7 43 2 31233 14369
0 7 44 2 -5743 -32313
0 7 45 2 28692 34495
0 7 46 2 -13362 29793
0 7 47 2 -9902 9952
0 7 48 2 -29794 -32930
0 7 49 2 -12187 7444
0 7 50 2 -13237 29348
0 7 51 2 7590 31693
0 7 52 2 33398 12244
0 7 53 2 -12001 7853
0 7 54 2 -28787 -11854
0 7 55 2 28649 12940
0 7 56 2 31674 -7656
0 7 57 2 28495 31848
0 7 58 2 -29921 -14057
0 7 59 2 32585 -6672
0 7 60 2 -28967 -13279
0 7 61 2 10320 -9776
0 7 62 2 -9183 -10823
0 7 63 2 -9300 -10412
0 7 64 2 9800 12177
0 7 65 2 34261 2101
0 7 66 2 12831 -30525
0 7 67 2 33318 -10486
0 7 68 2 -13448 30531
0 7 69 2 -7957 -32314
0 7 70 2 11688 10881
0 7 71 2 29005 13074
0 7 72 2 27772 35016
0 7 73 2 -28793 -13563
0 7 74 2 34222 -31145
0 7 75 2 29176 30555
0 7 76 2 29871 -8135
0 7 77 2 -10502 -10198
0 7 78 2 -12302 30584
0 7 79 2 12659 -31049
0 7 80 2 -28165 -32744
0 7 81 2 8907 32600
0 7 82 2 31836 12061
0 7 83 2 -8414 -29771
0 7 84 2 -35348 30432
0 7 85 2 -31655 9305
0 7 86 2 -32338 7833
0 7 87 2 -9805 -11693
0 7 88 2 28498 13334
0 7 89 2 33372 -7039
0 7 90 2 -11682 31455
0 7 91 2 29145 32730
0 7 92 2 -31892 7431
0 7 93 2 -27870 -34327
0 7 94 2 27324 34847
0 7 95 2 7124 30329
0 7 96 2 27851 32731
0 7 97 2 32173 3155
0 7 98 2 29409 11515
0 7 99 2 28246 13020
0 7 100 2 -33475 28905
0 7 101 2 -10809 8961
0 7 102 2 30682 -8046
0 7 103 2 -31510 -12309
0 7 104 2 -13620 30098
0 7 105 2 -32043 -13863
0 7 106 2 -31046 -34829
0 7 107 2 -8479 -31321
0 7 108 2 -32438 7322
0 7 109 2 31553 -8069
0 7 110 2 11482 -8774
0 7 111 2 13246 -28546
0 7 112 2 30423 10930
0 7 113 2 -535 -1395
0 7 114 2 800 2180
0 7 115 2 231 1151
0 7 116 2 -556 -1673
0 7 117 2 -1696 1068
0 7 118 2 857 734
0 7 119 2 986 -145
0 7 120 2 -70 1753
0 7 121 2 1328 1975
0 7 122 2 543 68
0 7 123 2 -1477 859
0 7 124 2 138 2235
0 7 125 2 755 182
0 7 126 2 1498 -231
0 7 127 2 985 530
0 7 128 2 -1429 -2951
0 7 129 2 936 2029
0 7 130 2 508 -275
0 7 131 2 -1356 -125
0 7 132 2 -1017 -106
0 7 133 2 894 -1161
0 7 134 2 -770 -1610
0 7 135 2 549 -374
0 7 136 2 895 -1521
0 7 137 2 2165 1427
0 7 138 2 1098 535
0 7 139 2 -391 1011
0 7 140 2 -520 1871
0 7 141 2 -475 1305
0 7 142 2 1767 -174
0 7 143 2 -75 -531
0 7 144 2 -10312 11433
0 7 145 2 -9566 8997
0 7 146 2 -28601 -34032
0 7 147 2 -13840 28488
0 7 148 2 30697 -9910
0 7 149 2 32804 -27653
0 7 150 2 -13995 29560
0 7 151 2 -32466 8318
0 7 152 2 -30619 -12659
0 7 153 2 -28213 -13167
0 7 154 2 -9758 -13408
0 7 155 2 -28363 -9003
0 7 156 2 -9258 10164
0 7 157 2 28721 34650
0 7 158 2 28712 32149
0 7 159 2 33057 2087
0 7 160 2 11411 -32784
0 7 161 2 -7680 -30156
0 7 162 2 -10173 8810
0 7 163 2 -29204 -12094
0 7 164 2 -10513 7839
0 7 165 2 7337 32988
0 7 166 2 25392 30660
0 7 167 2 -6894 -10407
0 7 168 2 -7923 -31536
0 7 169 2 -31414 28916
0 7 170 2 -12618 10072
0 7 171 2 12778 -30469
0 7 172 2 9725 12052
0 7 173 2 34954 -28709
0 7 174 2 9688 12233
0 7 175 2 -13078 30889
0 7 176 2 13259 -28866
0 7 177 2 28549 13181
0 7 178 2 30285 13058
0 7 179 2 -31982 -13362
0 7 180 2 33770 -28084
0 7 181 2 7251 32001
0 7 182 2 13470 -30322
0 7 183 2 -12291 29712
0 7 184 2 -9362 -11742
0 7 185 2 -11094 9187
0 7 186 2 -10746 9317
0 7 187 2 -30432 -33972
0 7 188 2 30346 -6481
0 7 189 2 10133 -12080
0 7 190 2 8778 12238
0 7 191 2 32674 3085
0 7 192 2 28818 31999
0 7 193 2 -10645 -10510
0 7 194 2 32244 -29918
0 7 195 2 7592 28565
0 7 196 2 -28885 -32224
0 7 197 2 35683 -26414
0 7 198 2 32915 -6522
0 7 199 2 7607 31671
0 7 200 2 -7798 -33580
0 7 201 2 -11549 30087
0 7 202 2 29277 13151
0 7 203 2 -9162 -32196
0 7 204 2 -9558 -9742
0 7 205 2 -33825 27306
0 7 206 2 -11048 9135
0 7 207 2 -33272 7553
0 7 208 2 -31315 6971
0 7 209 2 30590 -7683
0 7 210 2 -8168 -31961
0 7 211 2 34896 -27269
0 7 212 2 12724 -29445
0 7 213 2 14264 -30139
0 7 214 2 -7841 -32998
0 7 215 2 -30003 -13550
0 7 216 2 8293 10519
0 7 217 2 -6295 -30512
0 7 218 2 -32365 7734
0 7 219 2 10859 -31315
0 7 220 2 -7293 -10866
0 7 221 2 13085 -30829
0 7 222 2 -34813 29131
0 7 223 2 32259 619
0 7 224 2 31646 -29723
0 7 225 2 -13419 10325
0 7 226 2 31452 -28407
0 7 227 2 9731 12443
0 7 228 2 14354 -30427
0 7 229 2 -9722 -11492
0 7 230 2 32732 -28813
0 7 231 2 -9930 -31624
0 7 232 2 9718 9535
0 7 233 2 11703 -9294
0 7 234 2 -35256 29028
0 7 235 2 8233 29288
0 7 236 2 -31527 5619
0 7 237 2 -30907 7349
0 7 238 2 26527 33262
0 7 239 2 -29674 -31559
0 7 240 2 -13640 29566
0 7 241 2 28085 14158
0 7 242 2 -33035 9236
0 7 243 2 8081 12288
0 7 244 2 -30287 -12364
0 7 245 2 12118 -30685
0 7 246 2 27344 34743
0 7 247 2 8604 -10686
0 7 248 2 30976 -10238
0 7 249 2 27825 10499
0 7 250 2 -6578 -10384
0 7 251 2 -13647 30868
0 7 252 2 -6855 -31962
0 7 253 2 7445 33124
0 7 254 2 33852 -30519
0 7 255 2 34409 2137
0 8 0 2 847 38
0 8 1 2 34571 3617
0 8 2 2 12969 -31846
0 8 3 2 -28875 -33287
0 8 4 2 -27806 -32447
0 8 5 2 27822 34500
0 8 6 2 33680 13067
0 8 7 2 -27026 -34519
0 8 8 2 8272 29974
0 8 9 2 12474 -8563
0 8 10 2 31376 -6834
0 8 11 2 -13603 29085
0 8 12 2 9552 12490
0 8 13 2 -8015 -31806
0 8 14 2 10215 -7232
0 8 15 2 10773 -9597
0 8 16 2 33323 -28764
0 8 17 2 31441 -28092
0 8 18 2 -6540 -32075
0 8 19 2 -11880 30249
0 8 20 2 26130 32268
0 8 21 2 -11780 31563
0 8 22 2 11573 -13259
0 8 23 2 28077 33110
0 8 24 2 -28594 -33212
0 8 25 2 -30826 -14317
0 8 26 2 27787 33436
0 8 27 2 -8017 -30388
0 8 28 2 -7539 -32392
0 8 29 2 -30978 7215
0 8 30 2 -14166 32156
0 8 31 2 -10901 8418
0 8 32 2 10365 9602
0 8 33 2 33211 557
0 8 34 2 6198 33871
0 8 35 2 -8804 -12570
0 8 36 2 11418 11838
0 8 37 2 -29579 -12358
0 8 38 2 -35639 28291
0 8 39 2 -31994 28226
0 8 40 2 -9678 -10179
0 8 41 2 -14221 32370
0 8 42 2 -13278 27914
0 8 43 2 31021 13955
0 8 44 2 -10224 -11664
0 8 45 2 5885 34226
0 8 46 2 -29393 -34256
0 8 47 2 30496 -6411
0 8 48 2 29082 -7613
0 8 49 2 31822 -6258
0 8 50 2 -31809 7178
0 8 51 2 -10166 9072
0 8 52 2 31013 15349
0 8 53 2 12385 -30756
0 8 54 2 7247 29326
0 8 55 2 -29258 -32308
0 8 56 2 -12800 8713
0 8 57 2 -29746 -13065
0 8 58 2 -31872 8895
0 8 59 2 -31121 7818
0 8 60 2 31854 -8902
0 8 61 2 -34782 28621
0 8 62 2 -13349 29789
0 8 63 2 -8453 -31321
0 8 64 2 8122 10439
0 8 65 2 30148 4234
0 8 66 2 -32751 7910
0 8 67 2 -12671 30766
0 8 68 2 -32564 7713
0 8 69 2 -29715 -32464
0 8 70 2 -27484 -31100
0 8 71 2 -28818 -32837
0 8 72 2 33008 -29977
0 8 73 2 -32037 6895
0 8 74 2 29446 33563
0 8 75 2 30937 13891
0 8 76 2 30662 14458
0 8 77 2 -28404 -11727
0 8 78 2 -9327 -10616
0 8 79 2 -33997 9957
0 8 80 2 9319 10281
0 8 81 2 -32827 27046
0 8 82 2 -28018 -33638
0 8 83 2 14836 -8046
0 8 84 2 12918 -30793
0 8 85 2 27599 34319
0 8 86 2 -29096 -33320
0 8 87 2 6897 33810
0 8 88 2 9403 30797
0 8 89 2 7185 31109
0 8 90 2 31793 -29683
0 8 91 2 -12422 10694
0 8 92 2 -7174 -32581
0 8 93 2 8499 9892
0 8 94 2 13847 -29788
0 8 95 2 -31040 -14436
0 8 96 2 -11810 29606
0 8 97 2 32325 4400
0 8 98 2 -28162 -32331
0 8 99 2 8534 31155
0 8 100 2 -31396 6590
0 8 101 2 -11808 30574
0 8 102 2 13749 -30881
0 8 103 2 30650 11578
0 8 104 2 29926 12062
0 8 105 2 8498 12772
0 8 106 2 31571 35086
0 8 107 2 -29980 -12670
0 8 108 2 6893 32818
0 8 109 2 33190 -28410
0 8 110 2 -29733 -12281
0 8 111 2 -30787 -13711
0 8 112 2 -29607 -32517
0 8 113 2 -356 -841
0 8 114 2 -1454 -871
0 8 115 2 -462 -1841
0 8 116 2 770 -1050
0 8 117 2 -527 -1078
0 8 118 2 -225 -19
0 8 119 2 697 -1190
0 8 120 2 -989 -306
0 8 121 2 -780 2338
0 8 122 2 2346 -1155
0 8 123 2 1149 -863
0 8 124 2 -756 -1847
0 8 125 2 -562 -2555
0 8 126 2 -355 655
0 8 127 2 -1421 2926
0 8 128 2 2481 -1281
0 8 129 2 -856 535
0 8 130 2 -1286 809
0 8 131 2 1991 1422
0 8 132 2 1347 -1248
0 8 133 2 -727 -301
0 8 134 2 813 1388
0 8 135 2 -917 -1012
0 8 136 2 1055 -1293
0 8 137 2 986 205
0 8 138 2 1520 799
0 8 139 2 -193 215
0 8 140 2 2719 929
0 8 141 2 1441 1197
0 8 142 2 749 -475
0 8 143 2 152 -1092
0 8 144 2 13291 -29758
0 8 145 2 -14521 30175
0 8 146 2 -29503 -31903
0 8 147 2 28668 34114
0 8 148 2 6901 10274
0 8 149 2 31076 -26485
0 8 150 2 -32686 8194
0 8 151 2 -16449 29616
0 8 152 2 -10651 -12875
0 8 153 2 -9738 8250
0 8 154 2 8189 31686
0 8 155 2 12167 -11049
0 8 156 2 -11252 32560
0 8 157 2 -32697 7590
0 8 158 2 8009 32878
0 8 159 2 32154 3780
0 8 160 2 5990 34253
0 8 161 2 -28318 -9695
0 8 162 2 9360 12087
0 8 163 2 32078 -29502
0 8 164 2 -32091 9498
0 8 165 2 12266 -7062
0 8 166 2 10352 -9977
0 8 167 2 -11148 9423
0 8 168 2 27047 33828
0 8 169 2 28446 32912
0 8 170 2 -6999 -33462
0 8 171 2 30599 14883
0 8 172 2 9542 10113
0 8 173 2 -9285 -12349
0 8 174 2 -30392 -12492
0 8 175 2 31827 14848
0 8 176 2 -7462 -33731
0 8 177 2 -6830 -31855
0 8 178 2 10471 -11383
0 8 179 2 -33310 27755
0 8 180 2 -8861 11038
0 8 181 2 -10905 -12165
0 8 182 2 10467 -10139
0 8 183 2 -9731 -11345
0 8 184 2 -32856 29340
0 8 185 2 34915 -30350
0 8 186 2 29671 12486
0 8 187 2 14017 -26911
0 8 188 2 29969 -8595
0 8 189 2 -9794 10067
0 8 190 2 -31614 7803
0 8 191 2 31387 5038
0 8 192 2 10386 -9407
0 8 193 2 -28352 -33700
0 8 194 2 13891 -31666
0 8 195 2 9403 -9643
0 8 196 2 30451 -7271
0 8 197 2 34418 -8038
0 8 198 2 -32018 -30608
0 8 199 2 -28844 -31366
0 8 200 2 -10422 9546
0 8 201 2 29581 13041
0 8 202 2 35160 -28555
0 8 203 2 28998 13030
0 8 204 2 -30195 -11772
0 8 205 2 -11193 10563
0 8 206 2 -33358 27059
0 8 207 2 -30264 -33224
0 8 208 2 -28369 -32962
0 8 209 2 13456 -29960
0 8 210 2 11202 -8214
0 8 211 2 30640 -7639
0 8 212 2 33720 -26449
0 8 213 2 -31148 -12572
0 8 214 2 -26913 -33707
0 8 215 2 -10110 33063
0 8 216 2 7481 12919
0 8 217 2 -33304 28668
0 8 218 2 13207 -30582
0 8 219 2 -30430 -12328
0 8 220 2 11695 -7527
0 8 221 2 -28947 -33530
0 8 222 2 -34314 29557
0 8 223 2 31512 3579
0 8 224 2 35714 -27506
0 8 225 2 -33824 27935
0 8 226 2 -14107 27569
0 8 227 2 -32078 7804
0 8 228 2 -29148 -34510
0 8 229 2 -31372 7644
0 8 230 2 32012 -6865
0 8 231 2 -33010 7556
0 8 232 2 28606 34527
0 8 233 2 -10632 -10684
0 8 234 2 -14731 29679
0 8 235 2 6580 31050
0 8 236 2 12251 -29608
0 8 237 2 -29534 -13038
0 8 238 2 -31143 28726
0 8 239 2 28604 35495
0 8 240 2 11431 -11221
0 8 241 2 -15006 29855
0 8 242 2 -11970 30716
0 8 243 2 32146 -7453
0 8 244 2 13291 -32112
0 8 245 2 33738 -29037
0 8 246 2 9101 9648
0 8 247 2 7703 30950
0 8 248 2 31671 -6087
0 8 249 2 29634 33668
0 8 250 2 -32912 5584
0 8 251 2 35061 -28657
0 8 252 2 -12414 9746
0 8 253 2 -27401 -34262
0 8 254 2 6980 13697
0 8 255 2 34236 4257
0 9 0 2 814 -986
0 9 1 2 33583 2510
0 9 2 2 -29930 -13748
0 9 3 2 8211 10810
0 9 4 2 -32762 28074
0 9 5 2 32527 -8123
0 9 6 2 28711 33821
0 9 7 2 30050 14139
0 9 8 2 -13470 9196
0 9 9 2 8083 12993
0 9 10 2 32021 -8625
0 9 11 2 12142 -9709
0 9 12 2 29484 34488
0 9 13 2 11798 -7713
0 9 14 2 11831 -9948
0 9 15 2 28619 34247
0 9 16 2 10236 -8517
0 9 17 2 -8046 -33224
0 9 18 2 -14216 29893
0 9 19 2 29980 -7587
0 9 20 2 30571 14745
0 9 21 2 9958 -9273
0 9 22 2 8287 12038
0 9 23 2 29370 14447
0 9 24 2 10201 -10088
0 9 25 2 31645 -29235
0 9 26 2 5863 31879
0 9 27 2 11980 -9400
0 9 28 2 -31267 7556
0 9 29 2 11366 -7811
0 9 30 2 7619 12042
0 9 31 2 34529 -28665
0 9 32 2 26858 35642
0 9 33 2 32298 2828
0 9 34 2 -35058 29181
0 9 35 2 33468 -26882
0 9 36 2 -7320 8941
0 9 37 2 -8083 -31283
0 9 38 2 8820 10807
0 9 39 2 31651 -7396
0 9 40 2 27874 32577
0 9 41 2 33375 -29477
0 9 42 2 -7884 -30245
0 9 43 2 28026 35669
0 9 44 2 -31658 6426
0 9 45 2 -33457 26319
0 9 46 2 30263 13108
0 9 47 2 13728 -29211
0 9 48 2 9985 -8614
0 9 49 2 -5078 -31358
0 9 50 2 -6056 -32337
0 9 51 2 -14580 28086
0 9 52 2 -28508 -11574
0 9 53 2 29840 33968
0 9 54 2 12492 -31286
0 9 55 2 -28577 -13032
0 9 56 2 12641 -27114
0 9 57 2 11103 -8653
0 9 58 2 -29729 -12751
0 9 59 2 -12821 29199
0 9 60 2 -34413 30011
0 9 61 2 27376 32782
0 9 62 2 33015 -27033
0 9 63 2 30095 14524
0 9 64 2 28944 33800
0 9 65 2 31360 1673
0 9 66 2 9182 9913
0 9 67 2 32586 -6790
0 9 68 2 7214 31388
0 9 69 2 -9031 -10997
0 9 70 2 -31392 8672
0 9 71 2 13397 -29393
0 9 72 2 10921 10170
0 9 73 2 10116 10795
0 9 74 2 6485 31735
0 9 75 2 8495 13599
0 9 76 2 9982 9784
0 9 77 2 -31365 5938
0 9 78 2 -26167 -36185
0 9 79 2 29512 34911
0 9 80 2 -31769 7435
0 9 81 2 -28457 -33884
0 9 82 2 30362 13244
0 9 83 2 14994 -28550
0 9 84 2 27727 33027
0 9 85 2 -29070 -34797
0 9 86 2 -28043 -13211
0 9 87 2 -31217 -14655
0 9 88 2 29151 33866
0 9 89 2 -29692 -32967
0 9 90 2 29861 12440
0 9 91 2 33556 -29104
0 9 92 2 -9311 -11091
0 9 93 2 -30083 7912
0 9 94 2 32346 -5508
0 9 95 2 -33277 30767
0 9 96 2 -32138 6572
0 9 97 2 32853 5087
0 9 98 2 -29194 -34540
0 9 99 2 7617 30953
0 9 100 2 7075 32824
0 9 101 2 -9069 -33022
0 9 102 2 10759 -8939
0 9 103 2 -11885 8384
0 9 104 2 11531 -27033
0 9 105 2 15175 -30276
0 9 106 2 -30280 -14423
0 9 107 2 -36536 8458
0 9 108 2 34228 -27072
0 9 109 2 28774 35276
0 9 110 2 33173 -27370
0 9 111 2 7855 30321
0 9 112 2 -30718 5676
0 9 113 2 245 1213
0 9 114 2 1647 572
0 9 115 2 -1083 1046
0 9 116 2 -1992 311
0 9 117 2 2057 838
0 9 118 2 -911 -1737
0 9 119 2 -1255 676
0 9 120 2 -96 2493
0 9 121 2 -643 -93
0 9 122 2 888 1559
0 9 123 2 827 -1620
0 9 124 2 222 -1298
0 9 125 2 -631 908
0 9 126 2 1150 1442
0 9 127 2 927 -851
0 9 128 2 664 516
0 9 129 2 2292 -1164
0 9 130 2 396 -1788
0 9 131 2 -1322 439
0 9 132 2 1250 -1214
0 9 133 2 420 407
0 9 134 2 1886 664
0 9 135 2 -4257 1599
0 9 136 2 861 -1721
0 9 137 2 -1240 1175
0 9 138 2 1220 1166
0 9 139 2 1843 -2613
0 9 140 2 -1152 209
0 9 141 2 712 -1121
0 9 142 2 -903 -98
0 9 143 2 -202 -2219
0 9 144 2 11361 -10197
0 9 145 2 -7443 -10567
0 9 146 2 -11781 31410
0 9 147 2 9848 12382
0 9 148 2 28318 35290
0 9 149 2 9133 11970
0 9 150 2 33884 -27072
0 9 151 2 -15590 31016
0 9 152 2 11347 10565
0 9 153 2 -8594 -32573
0 9 154 2 6535 29494
0 9 155 2 -28949 -36297
0 9 156 2 -32984 29295
0 9 157 2 31051 -6982
0 9 158 2 34769 -6438
0 9 159 2 30399 1465
0 9 160 2 28345 35385
0 9 161 2 13045 -31266
0 9 162 2 7758 33637
0 9 163 2 13385 -29248
0 9 164 2 6172 28989
0 9 165 2 12089 -8849
0 9 166 2 7325 32118
0 9 167 2 -27178 -31712
0 9 168 2 29347 12784
0 9 169 2 30778 -6927
0 9 170 2 -6326 -31815
0 9 171 2 -12051 10244
0 9 172 2 28441 34466
0 9 173 2 -7093 -32696
0 9 174 2 -13891 29949
0 9 175 2 -8430 -30865
0 9 176 2 32936 -6783
0 9 177 2 33374 -29044
0 9 178 2 -8816 9091
0 9 179 2 32339 -28193
0 9 180 2 28728 12864
0 9 181 2 -34284 6418
0 9 182 2 -31329 5810
0 9 183 2 8065 31680
0 9 184 2 33726 -26551
0 9 185 2 -6482 -30466
0 9 186 2 5861 33127
0 9 187 2 11541 -8487
0 9 188 2 -13097 27610
0 9 189 2 6914 32724
0 9 190 2 -11686 9954
0 9 191 2 32227 1260
0 9 192 2 -9394 10870
0 9 193 2 8005 32362
0 9 194 2 -13187 29452
0 9 195 2 34619 -29616
0 9 196 2 -12070 9856
0 9 197 2 -30714 -13488
0 9 198 2 32353 -7662
0 9 199 2 -28113 -33393
0 9 200 2 29592 10530
0 9 201 2 3923 32219
0 9 202 2 7578 10025
0 9 203 2 -11675 9722
0 9 204 2 34373 -25706
0 9 205 2 7398 32182
0 9 206 2 9387 11568
0 9 207 2 -11266 -11984
0 9 208 2 29571 15259
0 9 209 2 31002 13409
0 9 210 2 5226 31492
0 9 211 2 30178 12072
0 9 212 2 7445 31449
0 9 213 2 -11694 9969
0 9 214 2 10393 9783
0 9 215 2 28723 34676
0 9 216 2 31682 -7667
0 9 217 2 -29777 7750
0 9 218 2 13489 -30326
0 9 219 2 27971 34107
0 9 220 2 -13267 28428
0 9 221 2 -12496 29360
0 9 222 2 29121 34945
0 9 223 2 32623 812
0 9 224 2 33986 -27176
0 9 225 2 -7243 -13769
0 9 226 2 30346 12825
0 9 227 2 35210 -28199
0 9 228 2 -11415 8701
0 9 229 2 -29487 -33666
0 9 230 2 -34998 29262
0 9 231 2 10719 9865
0 9 232 2 28565 34030
0 9 233 2 -8049 -29756
0 9 234 2 -12531 29507
0 9 235 2 -31348 -13420
0 9 236 2 8085 12621
0 9 237 2 -10792 -10396
0 9 238 2 31328 -7389
0 9 239 2 9250 11311
0 9 240 2 -32835 28781
0 9 241 2 6990 33297
0 9 242 2 -14339 30351
0 9 243 2 -28352 -33753
0 9 244 2 -13347 11252
0 9 245 2 9148 33465
0 9 246 2 29855 -7380
0 9 247 2 8183 32412
0 9 248 2 -29094 -13254
0 9 249 2 33372 -29801
0 9 250 2 -32176 9621
0 9 251 2 31619 14906
0 9 252 2 32607 15293
0 9 253 2 -11426 11050
0 9 254 2 -32319 29049
0 9 255 2 33899 2719
0 10 0 2 786 -2004
0 10 1 2 32782 2424
0 10 2 2 -14784 30492
0 10 3 2 -33497 26786
0 10 4 2 -13690 29784
0 10 5 2 -32429 6170
0 10 6 2 -5802 -31220
0 10 7 2 -12950 30089
0 10 8 2 12144 -9042
0 10 9 2 -11363 7591
0 10 10 2 -14203 31167
0 10 11 2 34804 -27647
0 10 12 2 -29310 -16807
0 10 13 2 11963 -10216
0 10 14 2 -30117 -14079
0 10 15 2 -30349 -12108
0 10 16 2 -9779 8771
0 10 17 2 26235 34019
0 10 18 2 -27458 -34778
0 10 19 2 -7009 -30191
0 10 20 2 9551 -9147
0 10 21 2 32977 -27115
0 10 22 2 -32298 8222
0 10 23 2 35548 -27943
0 10 24 2 -13731 30108
0 10 25 2 28000 33111
0 10 26 2 7236 31782
0 10 27 2 31065 -7160
0 10 28 2 33586 -28861
0 10 29 2 -30050 -13444
0 10 30 2 -29022 -12959
0 10 31 2 -27018 -31744
0 10 32 2 11456 -10925
0 10 33 2 32954 5510
0 10 34 2 28355 31608
0 10 35 2 33598 -26268
0 10 36 2 9235 12980
0 10 37 2 15257 -30127
0 10 38 2 -8755 -14426
0 10 39 2 -34486 25092
0 10 40 2 6178 30326
0 10 41 2 8445 30865
0 10 42 2 -7465 -10970
0 10 43 2 27753 36641
0 10 44 2 -11316 8094
0 10 45 2 27941 14701
0 10 46 2 -9828 8494
0 10 47 2 -32742 6317
0 10 48 2 -11516 29286
0 10 49 2 27129 34168
0 10 50 2 9044 11910
0 10 51 2 10683 -9922
0 10 52 2 26906 34879
0 10 53 2 -31332 -13660
0 10 54 2 -28251 -35398
0 10 55 2 29784 12347
0 10 56 2 26944 33897
0 10 57 2 -29418 -14888
0 10 58 2 -9327 -9817
0 10 59 2 26239 34389
0 10 60 2 33284 -7499
0 10 61 2 -11737 9910
0 10 62 2 32804 -7288
0 10 63 2 6266 32348
0 10 64 2 -7504 -30814
0 10 65 2 32479 4520
0 10 66 2 27413 34764
0 10 67 2 10661 -9640
0 10 68 2 13919 -29458
0 10 69 2 28714 12351
0 10 70 2 -11796 -10976
0 10 71 2 6407 32511
0 10 72 2 -33548 31097
0 10 73 2 6209 32030
0 10 74 2 -37423 29125
0 10 75 2 29076 13668
0 10 76 2 -14842 30832
0 10 77 2 9628 11720
0 10 78 2 14599 -29310
0 10 79 2 -13761 10903
0 10 80 2 -10471 -12621
0 10 81 2 8986 12306
0 10 82 2 27721 33650
0 10 83 2 29989 12150
0 10 84 2 29897 13572
0 10 85 2 -13530 28108
0 10 86 2 -29618 -12420
0 10 87 2 35549 -28429
0 10 88 2 -34634 26904
0 10 89 2 34113 -25869
0 10 90 2 -33097 6544
0 10 91 2 -29934 -12887
0 10 92 2 -6164 -32446
0 10 93 2 -33019 26176
0 10 94 2 -32012 8276
0 10 95 2 -27804 -36441
0 10 96 2 -8472 -31252
0 10 97 2 31697 4697
0 10 98 2 -11290 -9854
0 10 99 2 -8218 -11084
0 10 100 2 -26454 -34048
0 10 101 2 -34976 26775
0 10 102 2 10490 11023
0 10 103 2 34631 -26423
0 10 104 2 35262 -27683
0 10 105 2 35253 -28730
0 10 106 2 -10872 9236
0 10 107 2 -29951 -11566
0 10 108 2 -34512 28046
0 10 109 2 -13324 29371
0 10 110 2 -11524 -11172
0 10 111 2 6881 11831
0 10 112 2 32350 -27975
0 10 113 2 1665 113
0 10 114 2 924 -595
0 10 115 2 -1335 -1134
0 10 116 2 -1644 -910
0 10 117 2 -1657 -1584
0 10 118 2 -36 113
0 10 119 2 657 -185
0 10 120 2 998 59
0 10 121 2 -319 -1249
0 10 122 2 -1246 954
0 10 123 2 672 -1513
0 10 124 2 -287 323
0 10 125 2 1644 -1022
0 10 126 2 -2065 1285
0 10 127 2 468 255
0 10 128 2 364 998
0 10 129 2 -360 1281
0 10 130 2 1389 383
0 10 131 2 -49 -540
0 10 132 2 -212 703
0 10 133 2 -158 1046
0 10 134 2 -191 608
0 10 135 2 3117 739
0 10 136 2 -809 -703
0 10 137 2 690 -52
0 10 138 2 -288 460
0 10 139 2 1221 -455
0 10 140 2 -99 837
0 10 141 2 -1548 -328
0 10 142 2 842 138
0 10 143 2 -1246 -722
0 10 144 2 30996 -7935
0 10 145 2 27712 34512
0 10 146 2 -31646 -11627
0 10 147 2 -33268 7921
0 10 148 2 30588 -8762
0 10 149 2 12896 -30715
0 10 150 2 -33215 28362
0 10 151 2 -28911 -13703
0 10 152 2 9661 12493
0 10 153 2 -32167 7148
0 10 154 2 33353 -29042
0 10 155 2 -31611 7900
0 10 156 2 11046 9988
0 10 157 2 -32325 4768
0 10 158 2 9524 11080
0 10 159 2 32018 4882
0 10 160 2 -32038 -14076
0 10 161 2 11706 -29820
0 10 162 2 -12903 30590
0 10 163 2 9492 10896
0 10 164 2 -26709 -33222
0 10 165 2 -32945 8196
0 10 166 2 -12589 8591
0 10 167 2 34854 -28511
0 10 168 2 -11914 7992
0 10 169 2 -27281 -34019
0 10 170 2 -7862 -31970
0 10 171 2 -33792 29073
0 10 172 2 7057 32084
0 10 173 2 5924 31682
0 10 174 2 -7027 -33012
0 10 175 2 33137 -28854
0 10 176 2 -10921 9012
0 10 177 2 8163 11986
0 10 178 2 -27885 -31486
0 10 179 2 29277 12702
0 10 180 2 -9208 -12325
0 10 181 2 7151 30566
0 10 182 2 31705 -6589
0 10 183 2 28745 36207
0 10 184 2 -12169 9062
0 10 185 2 -7995 -32184
0 10 186 2 8787 33414
0 10 187 2 7084 30935
0 10 188 2 -13641 30233
0 10 189 2 33497 -26952
0 10 190 2 32023 -7619
0 10 191 2 32625 1383
0 10 192 2 -10190 9764
0 10 193 2 30557 -7586
0 10 194 2 -11508 30469
0 10 195 2 8652 11650
0 10 196 2 8247 12277
0 10 197 2 33267 -27081
0 10 198 2 31204 12133
0 10 199 2 -30936 -14251
0 10 200 2 7087 32078
0 10 201 2 -9496 -9763
0 10 202 2 -30454 -14972
0 10 203 2 11579 9560
0 10 204 2 -32586 -13779
0 10 205 2 -7053 -33384
0 10 206 2 27834 13782
0 10 207 2 -30954 -13713
0 10 208 2 32667 -5731
0 10 209 2 27311 14735
0 10 210 2 14889 -29847
0 10 211 2 12213 -8741
0 10 212 2 -34956 28456
0 10 213 2 9958 -10584
0 10 214 2 9652 11793
0 10 215 2 10511 -9696
0 10 216 2 7640 10748
0 10 217 2 29210 13383
0 10 218 2 -8928 -13479
0 10 219 2 29842 13060
0 10 220 2 -10791 -10373
0 10 221 2 -28267 -35021
0 10 222 2 -26993 -34021
0 10 223 2 32404 5178
0 10 224 2 14582 -30457
0 10 225 2 32614 -6626
0 10 226 2 -12935 9911
0 10 227 2 14664 -30899
0 10 228 2 27333 34354
0 10 229 2 5313 31439
0 10 230 2 5268 33227
0 10 231 2 -9107 -11540
0 10 232 2 12511 -29098
0 10 233 2 -35961 26938
0 10 234 2 30733 15055
0 10 235 2 -14523 31405
0 10 236 2 -33747 26818
0 10 237 2 -11673 9364
0 10 238 2 -26185 -32301
0 10 239 2 35881 -25878
0 10 240 2 -9828 10424
0 10 241 2 28435 35493
0 10 242 2 -13748 30289
0 10 243 2 -13212 28887
0 10 244 2 -31125 8035
0 10 245 2 6364 32970
0 10 246 2 14454 -31874
0 10 247 2 33382 -27226
0 10 248 2 12667 -31873
0 10 249 2 11935 -9328
0 10 250 2 10297 -11258
0 10 251 2 -28399 -34539
0 10 252 2 31862 -8051
0 10 253 2 25665 33757
0 10 254 2 -32319 7151
0 10 255 2 33433 3451
0 11 0 2 2692 52
0 11 1 2 32701 3496
0 11 2 2 10770 -9083
0 11 3 2 -30944 -13466
0 11 4 2 -6763 -31306
0 11 5 2 30462 15782
0 11 6 2 -14910 28522
0 11 7 2 5830 33424
0 11 8 2 -31493 -11293
0 11 9 2 32028 -6433
0 11 10 2 -32356 27632
0 11 11 2 -25486 -35872
0 11 12 2 -31408 6106
0 11 13 2 7673 30701
0 11 14 2 -30584 6832
0 11 15 2 -12904 27282
0 11 16 2 8844 33009
0 11 17 2 33413 -25150
0 11 18 2 -5140 -31719
0 11 19 2 -32597 28370
0 11 20 2 -26926 -33845
0 11 21 2 32145 14992
0 11 22 2 34485 -26225
0 11 23 2 -9574 -10777
0 11 24 2 9277 9091
0 11 25 2 -9922 -12431
0 11 26 2 -10558 -13740
0 11 27 2 -28362 -14446
0 11 28 2 -34168 25592
0 11 29 2 26598 34259
0 11 30 2 7903 31830
0 11 31 2 -32720 7464
0 11 32 2 26981 35445
0 11 33 2 34628 4084
0 11 34 2 -10655 10479
0 11 35 2 31217 -5678
0 11 36 2 -31636 7044
0 11 37 2 -11395 11038
0 11 38 2 3316 32201
0 11 39 2 -32420 25984
0 11 40 2 -30633 -13815
0 11 41 2 30228 13665
0 11 42 2 12507 -30794
0 11 43 2 29146 32998
0 11 44 2 -29405 -34524
0 11 45 2 31775 -5732
0 11 46 2 -12184 30803
0 11 47 2 -34677 26422
0 11 48 2 -28161 -34523
0 11 49 2 -29009 -35271
0 11 50 2 -8219 -11446
0 11 51 2 15028 -10670
0 11 52 2 35011 -26429
0 11 53 2 13359 -29056
0 11 54 2 -9057 -11679
0 11 55 2 9121 31708
0 11 56 2 -11076 6117
0 11 57 2 -28839 -12153
0 11 58 2 -30739 6019
0 11 59 2 -28186 -13844
0 11 60 2 27579 34877
0 11 61 2 9791 10550
0 11 62 2 -7803 -32820
0 11 63 2 12804 -10032
0 11 64 2 -27894 -34474
0 11 65 2 31058 4227
0 11 66 2 -28029 -13775
0 11 67 2 32555 -6283
0 11 68 2 -27437 -34947
0 11 69 2 -12492 26522
0 11 70 2 11212 11320
0 11 71 2 12158 -11271
0 11 72 2 -6207 -33156
0 11 73 2 -7834 -10619
0 11 74 2 -24042 -33472
0 11 75 2 -14198 28166
0 11 76 2 -31799 5830
0 11 77 2 -33025 29680
0 11 78 2 -13199 8944
0 11 79 2 -29052 -34422
0 11 80 2 -14046 29324
0 11 81 2 -32398 7266
0 11 82 2 -7150 -34492
0 11 83 2 -26828 -35081
0 11 84 2 -33473 7725
0 11 85 2 10168 12771
0 11 86 2 31044 -5297
0 11 87 2 31285 15179
0 11 88 2 10187 -10200
0 11 89 2 -9594 7090
0 11 90 2 -8479 -11236
0 11 91 2 -29991 -13281
0 11 92 2 -10396 -11759
0 11 93 2 32135 -7079
0 11 94 2 32293 -7591
0 11 95 2 -8056 -13759
0 11 96 2 35006 -28656
0 11 97 2 30936 4829
0 11 98 2 -29449 -13068
0 11 99 2 -34428 27875
0 11 100 2 35034 -29096
0 11 101 2 28945 16009
0 11 102 2 -31738 5856
0 11 103 2 -32720 28226
0 11 104 2 35365 -25408
0 11 105 2 -15474 29392
0 11 106 2 6363 32837
0 11 107 2 -12631 30442
0 11 108 2 15859 -30722
0 11 109 2 -8282 -7993
0 11 110 2 -14002 28549
0 11 111 2 8364 11682
0 11 112 2 9905 -10213
0 11 113 2 2353 692
0 11 114 2 260 -1681
0 11 115 2 590 -851
0 11 116 2 611 759
0 11 117 2 -95 67
0 11 118 2 -1828 -214
0 11 119 2 1543 526
0 11 120 2 -877 -1416
0 11 121 2 -349 1782
0 11 122 2 248 1580
0 11 123 2 1043 2195
0 11 124 2 -1053 -169
0 11 125 2 659 -1973
0 11 126 2 -907 1211
0 11 127 2 1569 -1825
0 11 128 2 -1878 -1030
0 11 129 2 2100 -94
0 11 130 2 523 247
0 11 131 2 2285 567
0 11 132 2 1186 902
0 11 133 2 -1325 616
0 11 134 2 1784 -130
0 11 135 2 -1082 -1461
0 11 136 2 -386 -1404
0 11 137 2 120 -1182
0 11 138 2 583 1163
0 11 139 2 2316 -119
0 11 140 2 2360 280
0 11 141 2 1481 1344
0 11 142 2 1443 927
0 11 143 2 -602 47
0 11 144 2 -35137 27292
0 11 145 2 12395 -8653
0 11 146 2 -30651 7171
0 11 147 2 7523 33066
0 11 148 2 8381 11611
0 11 149 2 -11708 9388
0 11 150 2 -10296 -12491
0 11 151 2 -26500 -36697
0 11 152 2 7941 12215
0 11 153 2 33699 -25071
0 11 154 2 -10796 9724
0 11 155 2 29162 34459
0 11 156 2 -8603 -11389
0 11 157 2 14635 -29452
0 11 158 2 -9989 8327
0 11 159 2 35921 2877
0 11 160 2 -28029 -33629
0 11 161 2 6405 32463
0 11 162 2 -29728 -14179
0 11 163 2 7230 32918
0 11 164 2 10005 12569
0 11 165 2 -32932 28235
0 11 166 2 35771 -6835
0 11 167 2 13948 -29556
0 11 168 2 -13483 29539
0 11 169 2 -34497 29420
0 11 170 2 27992 34327
0 11 171 2 -26770 -35672
0 11 172 2 -34742 26932
0 11 173 2 12735 -8837
0 11 174 2 -10400 -12357
0 11 175 2 9694 -9395
0 11 176 2 27476 33226
0 11 177 2 -14377 28228
0 11 178 2 10603 -9927
0 11 179 2 28702 14962
0 11 180 2 -11298 10544
0 11 181 2 7496 10014
0 11 182 2 -32788 7970
0 11 183 2 10922 11609
0 11 184 2 -11337 9078
0 11 185 2 -28533 -34093
0 11 186 2 -34420 27875
0 11 187 2 -32823 29156
0 11 188 2 -34809 26600
0 11 189 2 -6628 -31341
0 11 190 2 28556 37671
0 11 191 2 33231 3487
0 11 192 2 -30364 -13540
0 11 193 2 9556 9762
0 11 194 2 10194 -8712
0 11 195 2 30725 -7493
0 11 196 2 -33681 28393
0 11 197 2 -4636 -33199
0 11 198 2 -13977 8660
0 11 199 2 -35114 29058
0 11 200 2 34635 -28197
0 11 201 2 7255 12811
0 11 202 2 11674 -9881
0 11 203 2 11049 11769
0 11 204 2 -36083 30202
0 11 205 2 10738 -9497
0 11 206 2 7306 10484
0 11 207 2 29934 14348
0 11 208 2 32711 -25418
0 11 209 2 11444 -9941
0 11 210 2 10929 -8852
0 11 211 2 -7745 -10604
0 11 212 2 33284 -30236
0 11 213 2 13433 -31053
0 11 214 2 10858 -9440
0 11 215 2 12372 -8903
0 11 216 2 7047 33512
0 11 217 2 12044 -9056
0 11 218 2 8975 -10413
0 11 219 2 34523 -27573
0 11 220 2 -14635 29369
0 11 221 2 33548 -6234
0 11 222 2 9174 -6504
0 11 223 2 32964 3165
0 11 224 2 12685 -9487
0 11 225 2 -6575 -33063
0 11 226 2 29231 16575
0 11 227 2 30025 -5995
0 11 228 2 7447 31948
0 11 229 2 -29651 -15209
0 11 230 2 -9393 -10438
0 11 231 2 -9554 -11270
0 11 232 2 16037 -26183
0 11 233 2 12992 -7816
0 11 234 2 -30952 6909
0 11 235 2 -33472 26982
0 11 236 2 -8038 -13479
0 11 237 2 -14453 30311
0 11 238 2 -10361 10338
0 11 239 2 -11539 8672
0 11 240 2 -11656 9999
0 11 241 2 8475 11027
0 11 242 2 34866 -30047
0 11 243 2 -35042 27241
0 11 244 2 9919 -9414
0 11 245 2 -10530 10680
0 11 246 2 30508 -7974
0 11 247 2 12161 -8904
0 11 248 2 -28305 -33308
0 11 249 2 8195 9466
0 11 250 2 9947 -11427
0 11 251 2 -30030 -15531
0 11 252 2 27040 34524
0 11 253 2 7625 11386
0 11 254 2 -13802 10207
0 11 255 2 32222 3009
0 12 0 2 -356 184
0 12 1 2 31704 4709
0 12 2 2 -5913 -33559
0 12 3 2 -11792 7901
0 12 4 2 -4873 -31884
0 12 5 2 32396 -8242
0 12 6 2 -9402 10259
0 12 7 2 5970 33262
0 12 8 2 34759 -27165
0 12 9 2 -10638 -10971
0 12 10 2 -13837 30965
0 12 11 2 9557 10597
0 12 12 2 10493 10325
0 12 13 2 11589 -8550
0 12 14 2 -5050 -33942
0 12 15 2 9880 10372
0 12 16 2 9992 -8495
0 12 17 2 34417 -24991
0 12 18 2 -31508 -14262
0 12 19 2 31232 11842
0 12 20 2 -7640 -10626
0 12 21 2 4522 31711
0 12 22 2 30436 -6576
0 12 23 2 6699 29527
0 12 24 2 31180 -8150
0 12 25 2 -33965 5980
0 12 26 2 35251 -25768
0 12 27 2 -31680 6585
0 12 28 2 -25364 -33800
0 12 29 2 11302 -10138
0 12 30 2 7716 32149
0 12 31 2 33293 -27627
0 12 32 2 27082 12471
0 12 33 2 34031 3504
0 12 34 2 -6720 -31157
0 12 35 2 33230 -28847
0 12 36 2 -10516 10351
0 12 37 2 30478 14934
0 12 38 2 34536 -26864
0 12 39 2 13291 -30701
0 12 40 2 -35729 28185
0 12 41 2 -8624 -32265
0 12 42 2 -32462 7631
0 12 43 2 -34161 26131
0 12 44 2 9748 10703
0 12 45 2 -32135 6228
0 12 46 2 26969 33501
0 12 47 2 26927 34460
0 12 48 2 -8978 -12838
0 12 49 2 13867 -28257
0 12 50 2 33427 -7084
0 12 51 2 -33441 29573
0 12 52 2 28531 35476
0 12 53 2 33496 -27550
0 12 54 2 -10583 -10091
0 12 55 2 6303 33095
0 12 56 2 -35494 27297
0 12 57 2 -27437 -34747
0 12 58 2 -35327 27118
0 12 59 2 34011 -26302
0 12 60 2 25798 35175
0 12 61 2 -6782 -29838
0 12 62 2 -28023 -14327
0 12 63 2 -7828 -30931
0 12 64 2 -6433 -32597
0 12 65 2 31526 4691
0 12 66 2 8624 12005
0 12 67 2 -32019 5703
0 12 68 2 7245 31808
0 12 69 2 31683 -7389
0 12 70 2 30676 -7053
0 12 71 2 11638 -9548
0 12 72 2 35680 -25818
0 12 73 2 31016 14839
0 12 74 2 -34499 28104
0 12 75 2 29186 12749
0 12 76 2 -6949 -10269
0 12 77 2 7332 34061
0 12 78 2 26196 33463
0 12 79 2 -35463 27001
0 12 80 2 -14342 28497
0 12 81 2 34914 -28186
0 12 82 2 -11214 6083
0 12 83 2 28381 15179
0 12 84 2 -28007 -33215
0 12 85 2 36407 -26097
0 12 86 2 28803 16081
0 12 87 2 -12970 10607
0 12 88 2 10970 -9817
0 12 89 2 -33343 25411
0 12 90 2 -10559 8109
0 12 91 2 -10771 6003
0 12 92 2 10757 -10195
0 12 93 2 34146 -27494
0 12 94 2 -5818 -31021
0 12 95 2 -31472 -12156
0 12 96 2 -11502 12115
0 12 97 2 33366 3644
0 12 98 2 -4176 -31724
0 12 99 2 5104 30099
0 12 100 2 9654 12246
0 12 101 2 28893 17069
0 12 102 2 -10888 9892
0 12 103 2 -29120 -34401
0 12 104 2 -14968 28678
0 12 105 2 -11189 9578
0 12 106 2 -34675 25717
0 12 107 2 32273 -6653
0 12 108 2 26460 33298
0 12 109 2 -10163 12088
0 12 110 2 12176 -11252
0 12 111 2 -32884 26707
0 12 112 2 30684 14084
0 12 113 2 -516 -1713
0 12 114 2 -2364 -3647
0 12 115 2 498 661
0 12 116 2 709 -86
0 12 117 2 -928 -308
0 12 118 2 695 -7
0 12 119 2 1099 539
0 12 120 2 -954 546
0 12 121 2 -502 881
0 12 122 2 -262 -995
0 12 123 2 961 -59
0 12 124 2 980 -297
0 12 125 2 64 -714
0 12 126 2 1413 -567
0 12 127 2 782 -757
0 12 128 2 -362 1696
0 12 129 2 -526 1691
0 12 130 2 -437 -941
0 12 131 2 -928 -475
0 12 132 2 1014 441
0 12 133 2 1580 -1380
0 12 134 2 679 -1040
0 12 135 2 1481 -388
0 12 136 2 1576 27
0 12 137 2 649 1091
0 12 138 2 328 1257
0 12 139 2 4503 -1300
0 12 140 2 1269 1497
0 12 141 2 -394 -549
0 12 142 2 850 1586
0 12 143 2 -1281 -200
0 12 144 2 35853 -28133
0 12 145 2 11620 -8568
0 12 146 2 8125 11226
0 12 147 2 -15083 28539
0 12 148 2 10265 -7884
0 12 149 2 27467 35379
0 12 150 2 14738 -28387
0 12 151 2 -13198 29243
0 12 152 2 6496 31039
0 12 153 2 -14137 8497
0 12 154 2 35669 -27702
0 12 155 2 -8123 -12832
0 12 156 2 -35178 27983
0 12 157 2 -15397 30012
0 12 158 2 -33510 26560
0 12 159 2 34100 4429
0 12 160 2 28689 35762
0 12 161 2 29986 -6921
0 12 162 2 -25586 -35350
0 12 163 2 35134 -26087
0 12 164 2 8827 30824
0 12 165 2 -26477 -35812
0 12 166 2 14561 -31054
0 12 167 2 33366 -5368
0 12 168 2 30276 -6794
0 12 169 2 -29336 -14440
0 12 170 2 -28947 -13668
0 12 171 2 -31316 -15209
0 12 172 2 -30702 -16145
0 12 173 2 -34341 28356
0 12 174 2 -14520 28325
0 12 175 2 8859 -7747
0 12 176 2 34709 -26806
0 12 177 2 26367 35330
0 12 178 2 4987 30828
0 12 179 2 8156 10591
0 12 180 2 29703 12291
0 12 181 2 16144 -29729
0 12 182 2 33272 -6014
0 12 183 2 14922 -29518
0 12 184 2 25652 32381
0 12 185 2 33266 -27371
0 12 186 2 -30724 -15604
0 12 187 2 -24477 -36257
0 12 188 2 -30020 -12905
0 12 189 2 -13130 29433
0 12 190 2 15540 -29396
0 12 191 2 31104 3730
0 12 192 2 -11413 8809
0 12 193 2 9079 10512
0 12 194 2 8613 9199
0 12 195 2 -14556 28734
0 12 196 2 -6381 -10726
0 12 197 2 10097 -8078
0 12 198 2 30014 12994
0 12 199 2 11957 -11342
0 12 200 2 -30449 5764
0 12 201 2 -27923 -35566
0 12 202 2 -14511 30791
0 12 203 2 -29051 -35884
0 12 204 2 -29134 -13100
0 12 205 2 -14084 29235
0 12 206 2 -10576 27810
0 12 207 2 -33450 8986
0 12 208 2 27092 12126
0 12 209 2 7114 31810
0 12 210 2 32908 -29131
0 12 211 2 12610 -30561
0 12 212 2 -9796 8072
0 12 213 2 14532 -28320
0 12 214 2 33660 -26882
0 12 215 2 -12278 11631
0 12 216 2 -35565 26534
0 12 217 2 -14185 27793
0 12 218 2 -35773 26685
0 12 219 2 14995 -28547
0 12 220 2 37074 -26205
0 12 221 2 -10951 -11948
0 12 222 2 32758 12630
0 12 223 2 33256 3408
0 12 224 2 31702 12998
0 12 225 2 -24696 -36337
0 12 226 2 30689 13881
0 12 227 2 -10044 -12452
0 12 228 2 10209 -11172
0 12 229 2 -28788 -33309
0 12 230 2 -6368 -12032
0 12 231 2 -8978 -9367
0 12 232 2 -34482 9482
0 12 233 2 -31222 7486
0 12 234 2 -10522 8466
0 12 235 2 -5126 -34405
0 12 236 2 -14308 28392
0 12 237 2 -28741 -13875
0 12 238 2 35284 -27030
0 12 239 2 34894 -29023
0 12 240 2 -28579 -34340
0 12 241 2 5154 32749
0 12 242 2 -30602 -15740
0 12 243 2 -6621 -31442
0 12 244 2 33038 -7469
0 12 245 2 7589 11804
0 12 246 2 9200 11954
0 12 247 2 6123 33495
0 12 248 2 -27733 -13424
0 12 249 2 -30445 -15179
0 12 250 2 -15597 28488
0 12 251 2 11103 -29748
0 12 252 2 -8220 -32904
0 12 253 2 13391 -29238
0 12 254 2 -30272 6139
0 12 255 2 33201 2611
0 13 0 2 -1341 -1006
0 13 1 2 32231 3425
0 13 2 2 5369 32150
0 13 3 2 26819 36219
0 13 4 2 12783 -8159
0 13 5 2 -31065 -13614
0 13 6 2 -25398 -36053
0 13 7 2 15656 -28537
0 13 8 2 33202 -5731
0 13 9 2 25677 34643
0 13 10 2 -13229 8531
0 13 11 2 10691 11301
0 13 12 2 16989 -29188
0 13 13 2 -15428 30783
0 13 14 2 26755 35254
0 13 15 2 6098 35224
0 13 16 2 -8989 -13492
0 13 17 2 11912 -9748
0 13 18 2 -32988 6009
0 13 19 2 4598 35037
0 13 20 2 -15209 28467
0 13 21 2 -12170 7572
0 13 22 2 -12107 6723
0 13 23 2 14460 -10022
0 13 24 2 -14743 31366
0 13 25 2 -28690 -33418
0 13 26 2 10136 11054
0 13 27 2 -14601 27277
0 13 28 2 33458 -6297
0 13 29 2 -5565 -30555
0 13 30 2 7514 33420
0 13 31 2 -13440 29501
0 13 32 2 -7562 -12906
0 13 33 2 31850 5948
0 13 34 2 8984 11370
0 13 35 2 -8965 -12113
0 13 36 2 12386 -28526
0 13 37 2 11135 -9533
0 13 38 2 -34489 28913
0 13 39 2 -8397 -10509
0 13 40 2 -29433 -16100
0 13 41 2 -11955 28892
0 13 42 2 4161 33801
0 13 43 2 -34466 25683
0 13 44 2 -33765 27296
0 13 45 2 -8808 -11006
0 13 46 2 7568 12170
0 13 47 2 30883 -6512
0 13 48 2 11617 -10752
0 13 49 2 -7933 -33910
0 13 50 2 -26385 -32913
0 13 51 2 -29808 -17916
0 13 52 2 -10602 10535
0 13 53 2 -15717 28952
0 13 54 2 -7946 -32477
0 13 55 2 -27690 -32882
0 13 56 2 -15219 32194
0 13 57 2 14520 -29024
0 13 58 2 -7344 -12030
0 13 59 2 -26243 -33888
0 13 60 2 -14438 29476
0 13 61 2 7969 34643
0 13 62 2 27243 35899
0 13 63 2 10976 -10230
0 13 64 2 -35631 27942
0 13 65 2 30571 4092
0 13 66 2 12342 -7509
0 13 67 2 -26067 -37195
0 13 68 2 30770 14493
0 13 69 2 -12249 8710
0 13 70 2 9497 10931
0 13 71 2 -29169 -12674
0 13 72 2 8859 13300
0 13 73 2 28124 13727
0 13 74 2 -34136 7141
0 13 75 2 -30313 -16947
0 13 76 2 -13253 29775
0 13 77 2 34234 -28155
0 13 78 2 -9227 -9094
0 13 79 2 -24915 -35301
0 13 80 2 -33842 8378
0 13 81 2 -14453 29784
0 13 82 2 -27770 -34728
0 13 83 2 8727 10442
0 13 84 2 13787 -31546
0 13 85 2 -32010 6919
0 13 86 2 -10467 -11107
0 13 87 2 -12806 8829
0 13 88 2 -33772 28259
0 13 89 2 -32860 5935
0 13 90 2 6233 30777
0 13 91 2 -5178 -32557
0 13 92 2 -11308 9205
0 13 93 2 30755 -5757
0 13 94 2 -34475 26514
0 13 95 2 -5182 -30548
0 13 96 2 -32319 6001
0 13 97 2 32310 4340
0 13 98 2 -35633 26544
0 13 99 2 -14078 29117
0 13 100 2 33613 -28617
0 13 101 2 30654 -7029
0 13 102 2 -4150 -33135
0 13 103 2 -34061 26058
0 13 104 2 11083 -8134
0 13 105 2 8684 32597
0 13 106 2 -30782 -13404
0 13 107 2 -12196 10033
0 13 108 2 -7136 -32159
0 13 109 2 29975 14582
0 13 110 2 33276 -26698
0 13 111 2 -29065 -35405
0 13 112 2 -9197 -14146
0 13 113 2 1122 -530
0 13 114 2 -363 -286
0 13 115 2 -686 -329
0 13 116 2 -143 -286
0 13 117 2 -309 108
0 13 118 2 157 1131
0 13 119 2 953 825
0 13 120 2 1455 829
0 13 121 2 1635 734
0 13 122 2 1565 1214
0 13 123 2 -340 490
0 13 124 2 2334 474
0 13 125 2 -720 -887
0 13 126 2 337 83
0 13 127 2 -594 -1256
0 13 128 2 409 -1888
0 13 129 2 1036 -1439
0 13 130 2 -1525 -353
0 13 131 2 -226 1360
0 13 132 2 -498 -643
0 13 133 2 -74 2453
0 13 134 2 1044 -2837
0 13 135 2 1495 243
0 13 136 2 -475 276
0 13 137 2 -309 -337
0 13 138 2 1902 1690
0 13 139 2 -635 -522
0 13 140 2 -2471 335
0 13 141 2 470 207
0 13 142 2 2234 106
0 13 143 2 -637 1187
0 13 144 2 -31921 6132
0 13 145 2 -26204 -35888
0 13 146 2 12060 -6761
0 13 147 2 -27651 -36076
0 13 148 2 7311 34796
0 13 149 2 -15580 27575
0 13 150 2 -13385 31423
0 13 151 2 -13804 29124
0 13 152 2 -26703 -34579
0 13 153 2 -25181 -35019
0 13 154 2 34191 -25324
0 13 155 2 28607 34473
0 13 156 2 23996 34983
0 13 157 2 4142 33502
0 13 158 2 -36338 25558
0 13 159 2 30280 2189
0 13 160 2 -8715 -12493
0 13 161 2 26320 33815
0 13 162 2 -25578 -33343
0 13 163 2 -11401 10069
0 13 164 2 9286 10719
0 13 165 2 -8832 -13340
0 13 166 2 32916 -6135
0 13 167 2 -26626 -36497
0 13 168 2 -27649 -35289
0 13 169 2 34368 -28202
0 13 170 2 34357 -25474
0 13 171 2 -14029 29236
0 13 172 2 -33035 5858
0 13 173 2 -10574 8074
0 13 174 2 -33077 5805
0 13 175 2 26875 33561
0 13 176 2 25626 34245
0 13 177 2 -29091 -14533
0 13 178 2 -29004 -14467
0 13 179 2 -8982 -14235
0 13 180 2 -13349 6607
0 13 181 2 -5638 -30724
0 13 182 2 34058 -26795
0 13 183 2 31731 -4122
0 13 184 2 27846 16939
0 13 185 2 28630 14668
0 13 186 2 26221 33739
0 13 187 2 31059 -5029
0 13 188 2 27148 33703
0 13 189 2 9575 10583
0 13 190 2 -28195 -36088
0 13 191 2 32751 2056
0 13 192 2 29531 16712
0 13 193 2 10530 -10089
0 13 194 2 6435 33839
0 13 195 2 -6986 -30568
0 13 196 2 9361 9948
0 13 197 2 6277 33278
0 13 198 2 -32614 6450
0 13 199 2 -8864 -11395
0 13 200 2 -36506 26345
0 13 201 2 14751 -28168
0 13 202 2 28669 13481
0 13 203 2 -28204 -34364
0 13 204 2 10439 11749
0 13 205 2 -25738 -36111
0 13 206 2 9897 13022
0 13 207 2 -32245 5600
0 13 208 2 -33958 6365
0 13 209 2 33587 -24568
0 13 210 2 4298 32245
0 13 211 2 32782 -6162
0 13 212 2 -15273 29036
0 13 213 2 -29214 -15424
0 13 214 2 15845 -31224
0 13 215 2 33134 -6310
0 13 216 2 8856 11782
0 13 217 2 -6224 -33506
0 13 218 2 -10166 7465
0 13 219 2 35264 -24869
0 13 220 2 -30149 -14803
0 13 221 2 -10400 9004
0 13 222 2 -31608 7325
0 13 223 2 31112 6932
0 13 224 2 -36570 24382
0 13 225 2 7339 11285
0 13 226 2 9997 -9768
0 13 227 2 -33454 5511
0 13 228 2 28537 13257
0 13 229 2 31597 14118
0 13 230 2 33669 -27929
0 13 231 2 -26839 -36139
0 13 232 2 7679 12925
0 13 233 2 29313 13673
0 13 234 2 29397 15348
0 13 235 2 12640 -29148
0 13 236 2 31973 -7510
0 13 237 2 -29855 -15196
0 13 238 2 -33121 6898
0 13 239 2 9830 10854
0 13 240 2 35266 -25171
0 13 241 2 -13696 30037
0 13 242 2 32308 -6872
0 13 243 2 31199 -5563
0 13 244 2 6645 31373
0 13 245 2 9127 11107
0 13 246 2 29003 14267
0 13 247 2 -8264 -13176
0 13 248 2 -32079 6958
0 13 249 2 33334 -5111
0 13 250 2 -29471 -35519
0 13 251 2 -11797 28418
0 13 252 2 -15501 29564
0 13 253 2 32133 -6063
0 13 254 2 32994 -6867
0 13 255 2 34129 6321
0 14 0 2 964 -51
0 14 1 2 32094 5603
0 14 2 2 -37553 26019
0 14 3 2 -25887 -34751
0 14 4 2 -28232 -15494
0 14 5 2 9134 12694
0 14 6 2 -11813 6853
0 14 7 2 -36736 27013
0 14 8 2 14748 -29009
0 14 9 2 34369 -25895
0 14 10 2 4886 33010
0 14 11 2 4724 30968
0 14 12 2 -36142 25149
0 14 13 2 29255 12792
0 14 14 2 -35456 6768
0 14 15 2 27181 15179
0 14 16 2 -8169 -10069
0 14 17 2 -30078 -12966
0 14 18 2 31997 -6289
0 14 19 2 31328 -4826
0 14 20 2 12712 -7360
0 14 21 2 29633 -6239
0 14 22 2 2822 31485
0 14 23 2 -32392 6215
0 14 24 2 -32016 6191
0 14 25 2 14888 -31262
0 14 26 2 26987 34452
0 14 27 2 -24190 -36072
0 14 28 2 -32885 26664
0 14 29 2 4781 32269
0 14 30 2 28080 14490
0 14 31 2 32862 -2670
0 14 32 2 28909 16541
0 14 33 2 33387 4796
0 14 34 2 -22461 -36710
0 14 35 2 -8823 -9949
0 14 36 2 -35899 26952
0 14 37 2 29412 14054
0 14 38 2 -7665 -10315
0 14 39 2 33943 -28984
0 14 40 2 32164 -26614
0 14 41 2 -28096 -33498
0 14 42 2 29832 15941
0 14 43 2 -16107 31110
0 14 44 2 13505 -30465
0 14 45 2 5863 31662
0 14 46 2 -36314 25610
0 14 47 2 17021 -28103
0 14 48 2 -27654 -16316
0 14 49 2 -26894 -36478
0 14 50 2 -35934 25356
0 14 51 2 -34955 26593
0 14 52 2 -10332 9366
0 14 53 2 10452 -10149
0 14 54 2 -4649 -30595
0 14 55 2 -32148 4518
0 14 56 2 32476 -4623
0 14 57 2 -29133 -13483
0 14 58 2 16056 -28185
0 14 59 2 28966 17079
0 14 60 2 -8158 -12402
0 14 61 2 -35528 25253
0 14 62 2 -9051 -13234
0 14 63 2 -25113 -35923
0 14 64 2 11428 -10624
0 14 65 2 32707 3878
0 14 66 2 29972 15438
0 14 67 2 -11703 9480
0 14 68 2 15136 -30454
0 14 69 2 8759 10639
0 14 70 2 25954 35842
0 14 71 2 6377 14312
0 14 72 2 30284 16293
0 14 73 2 12091 -10266
0 14 74 2 6226 32255
0 14 75 2 -17066 28117
0 14 76 2 33501 -4319
0 14 77 2 -35662 26375
0 14 78 2 12823 -29618
0 14 79 2 -15677 27220
0 14 80 2 -31049 4010
0 14 81 2 -26095 -36401
0 14 82 2 -35181 25606
0 14 83 2 13475 -10594
0 14 84 2 25708 34599
0 14 85 2 -5737 -32377
0 14 86 2 34448 -26196
0 14 87 2 -33242 6850
0 14 88 2 27541 33928
0 14 89 2 25882 35586
0 14 90 2 26639 34230
0 14 91 2 -10024 -9890
0 14 92 2 35832 -27569
0 14 93 2 34567 -27938
0 14 94 2 -14292 29958
0 14 95 2 -11650 8034
0 14 96 2 -5651 -33270
0 14 97 2 30365 4878
0 14 98 2 -8265 -12255
0 14 99 2 12763 -10833
0 14 100 2 34289 -25700
0 14 101 2 -27458 -13365
0 14 102 2 26905 15223
0 14 103 2 7995 11629
0 14 104 2 28834 13930
0 14 105 2 -16406 29600
0 14 106 2 12563 -10055
0 14 107 2 31639 -3997
0 14 108 2 -28314 -14392
0 14 109 2 -27067 -35465
0 14 110 2 29890 13862
0 14 111 2 32525 -6190
0 14 112 2 26962 36625
0 14 113 2 2801 -2593
0 14 114 2 698 -1625
0 14 115 2 112 -587
0 14 116 2 -291 -544
0 14 117 2 47 -1037
0 14 118 2 -551 -400
0 14 119 2 -934 -1439
0 14 120 2 813 -235
0 14 121 2 1009 1060
0 14 122 2 676 627
0 14 123 2 -389 -139
0 14 124 2 1195 -2303
0 14 125 2 -2598 -2076
0 14 126 2 -1066 1827
0 14 127 2 -2123 915
0 14 128 2 -612 843
0 14 129 2 2701 -473
0 14 130 2 -1356 2731
0 14 131 2 1890 7
0 14 132 2 -470 -795
0 14 133 2 1577 1112
0 14 134 2 -121 -864
0 14 135 2 -1520 834
0 14 136 2 -1442 2601
0 14 137 2 -1702 236
0 14 138 2 1976 171
0 14 139 2 521 977
0 14 140 2 427 832
0 14 141 2 -599 -875
0 14 142 2 -645 -1499
0 14 143 2 -606 434
0 14 144 2 27694 37987
0 14 145 2 -4827 -32398
0 14 146 2 -32400 4868
0 14 147 2 13232 -30411
0 14 148 2 -9931 -11124
0 14 149 2 32440 -5218
0 14 150 2 -35483 26837
0 14 151 2 32313 -4883
0 14 152 2 35851 -28093
0 14 153 2 -7863 -13609
0 14 154 2 -6669 -13161
0 14 155 2 31264 -4459
0 14 156 2 -36049 28859
0 14 157 2 8340 11369
0 14 158 2 -32400 5712
0 14 159 2 32078 3742
0 14 160 2 27722 16378
0 14 161 2 -6087 -33109
0 14 162 2 16038 -29678
0 14 163 2 13988 -31802
0 14 164 2 -28679 -12874
0 14 165 2 -13054 9187
0 14 166 2 15524 -27891
0 14 167 2 -34879 25485
0 14 168 2 -3617 -32217
0 14 169 2 31806 -4068
0 14 170 2 -8878 9425
0 14 171 2 -14506 28234
0 14 172 2 -15307 28115
0 14 173 2 30070 13242
0 14 174 2 -9692 5761
0 14 175 2 -7816 -11392
0 14 176 2 -37034 25355
0 14 177 2 -26971 -33546
0 14 178 2 35324 -26194
0 14 179 2 -35545 28097
0 14 180 2 9050 12848
0 14 181 2 31738 -5094
0 14 182 2 -4974 -31766
0 14 183 2 -37074 25428
0 14 184 2 -5629 -31498
0 14 185 2 -26793 -34192
0 14 186 2 -4164 -35752
0 14 187 2 -5089 -31557
0 14 188 2 -11495 9170
0 14 189 2 25705 35121
0 14 190 2 -36226 26180
0 14 191 2 31531 5477
0 14 192 2 32439 -7108
0 14 193 2 10549 -10078
0 14 194 2 -25768 -34031
0 14 195 2 4718 32158
0 14 196 2 -25857 -35663
0 14 197 2 -6773 -12962
0 14 198 2 34675 -27470
0 14 199 2 -15226 30225
0 14 200 2 7794 12641
0 14 201 2 13769 -29180
0 14 202 2 -15883 30374
0 14 203 2 8628 10683
0 14 204 2 24674 35167
0 14 205 2 16787 -30635
0 14 206 2 -30832 -13394
0 14 207 2 9906 -9566
0 14 208 2 10472 -6668
0 14 209 2 8079 31454
0 14 210 2 -36263 27274
0 14 211 2 -6345 -10879
0 14 212 2 35433 -25878
0 14 213 2 6803 10228
0 14 214 2 31890 -5789
0 14 215 2 -5748 -29539
0 14 216 2 11850 -8850
0 14 217 2 9394 11124
0 14 218 2 -34587 26564
0 14 219 2 -25998 -34706
0 14 220 2 25733 34331
0 14 221 2 -33262 7586
0 14 222 2 -11637 8571
0 14 223 2 31565 3574
0 14 224 2 9295 13690
0 14 225 2 11335 -28825
0 14 226 2 -36040 25319
0 14 227 2 -16517 27044
0 14 228 2 30285 13986
0 14 229 2 30002 13958
0 14 230 2 -7723 -12599
0 14 231 2 -10922 8396
0 14 232 2 29585 16215
0 14 233 2 -9117 -12589
0 14 234 2 9623 14090
0 14 235 2 26506 33037
0 14 236 2 -11075 -11779
0 14 237 2 29234 15417
0 14 238 2 -16039 27362
0 14 239 2 5262 33430
0 14 240 2 -12421 28179
0 14 241 2 6158 31391
0 14 242 2 3661 31857
0 14 243 2 8008 31526
0 14 244 2 -29258 -15606
0 14 245 2 32098 -6482
0 14 246 2 25179 37294
0 14 247 2 -28449 -16160
0 14 248 2 -30503 5117
0 14 249 2 6073 32849
0 14 250 2 -13610 8532
0 14 251 2 -12119 8987
0 14 252 2 -28880 -15840
0 14 253 2 29958 14948
0 14 254 2 29256 13498
0 14 255 2 33583 5800
0 15 0 2 -1334 -626
0 15 1 2 32528 4665
0 15 2 2 25968 14261
0 15 3 2 -9331 -11339
0 15 4 2 -33899 6065
0 15 5 2 11061 -8547
0 15 6 2 8161 11471
0 15 7 2 31684 -3840
0 15 8 2 -4706 -31630
0 15 9 2 -13316 7808
0 15 10 2 -7826 -12033
0 15 11 2 -14825 30230
0 15 12 2 10169 11842
0 15 13 2 25343 35787
0 15 14 2 31838 -6951
0 15 15 2 35053 -25446
0 15 16 2 -30005 6845
0 15 17 2 6104 30132
0 15 18 2 -24933 -36091
0 15 19 2 8712 12054
0 15 20 2 30794 12691
0 15 21 2 32615 -4240
0 15 22 2 13943 -28586
0 15 23 2 27624 39055
0 15 24 2 15140 -28137
0 15 25 2 -26961 -34812
0 15 26 2 -33917 23012
0 15 27 2 -12577 7971
0 15 28 2 -5950 -29963
0 15 29 2 -7816 -11338
0 15 30 2 15099 -30026
0 15 31 2 32944 -2821
0 15 32 2 33279 -5252
0 15 33 2 32927 3403
0 15 34 2 7675 11055
0 15 35 2 12639 -7931
0 15 36 2 -12459 8399
0 15 37 2 -35198 26154
0 15 38 2 -28621 -16869
0 15 39 2 16043 -27750
0 15 40 2 -25531 -36502
0 15 41 2 30406 15082
0 15 42 2 -4667 -28829
0 15 43 2 26644 35935
0 15 44 2 -25301 -35289
0 15 45 2 30939 17355
0 15 46 2 -779 -30439
0 15 47 2 28136 17812
0 15 48 2 29568 15562
0 15 49 2 2812 32702
0 15 50 2 8927 13973
0 15 51 2 -26291 -36234
0 15 52 2 -11185 7682
0 15 53 2 36922 -25153
0 15 54 2 -27823 -36559
0 15 55 2 6911 32237
0 15 56 2 16140 -30389
0 15 57 2 -35120 24984
0 15 58 2 31496 -6523
0 15 59 2 -6190 -30501
0 15 60 2 32477 -4045
0 15 61 2 8457 12481
0 15 62 2 -5213 -31121
0 15 63 2 32782 -7742
0 15 64 2 25905 34433
0 15 65 2 31526 5252
0 15 66 2 35898 -24917
0 15 67 2 -12000 9494
0 15 68 2 34112 -8343
0 15 69 2 -29583 -13412
0 15 70 2 -8148 -11614
0 15 71 2 -28296 -14859
0 15 72 2 31748 -4470
0 15 73 2 -28477 -16344
0 15 74 2 -33134 6828
0 15 75 2 -28213 -16795
0 15 76 2 -30745 6600
0 15 77 2 9576 12221
0 15 78 2 34197 -24033
0 15 79 2 6523 12272
0 15 80 2 -7597 -13493
0 15 81 2 5271 31353
0 15 82 2 36554 -25785
0 15 83 2 -15842 29014
0 15 84 2 27840 14050
0 15 85 2 -26704 -35179
0 15 86 2 -31459 5146
0 15 87 2 -31153 6082
0 15 88 2 -11084 8392
0 15 89 2 4932 30858
0 15 90 2 33537 -5362
0 15 91 2 26128 37234
0 15 92 2 5778 32859
0 15 93 2 30649 16452
0 15 94 2 35305 -27820
0 15 95 2 -16929 28146
0 15 96 2 27536 36014
0 15 97 2 31123 6012
0 15 98 2 -27543 -33733
0 15 99 2 18337 -27502
0 15 100 2 9457 10784
0 15 101 2 -32068 5372
0 15 102 2 -13213 31130
0 15 103 2 9543 10777
0 15 104 2 8026 32553
0 15 105 2 31161 14718
0 15 106 2 -10733 8536
0 15 107 2 8571 12310
0 15 108 2 12638 -28216
0 15 109 2 8200 14309
0 15 110 2 -13579 31176
0 15 111 2 -30352 -16934
0 15 112 2 29570 14727
0 15 113 2 807 -1737
0 15 114 2 -308 1424
0 15 115 2 -959 -2027
0 15 116 2 506 -2007
0 15 117 2 21 945
0 15 118 2 524 -1055
0 15 119 2 334 834
0 15 120 2 3676 1700
0 15 121 2 -264 -2654
0 15 122 2 528 -1002
0 15 123 2 1717 66
0 15 124 2 118 -875
0 15 125 2 -1626 414
0 15 126 2 2291 588
0 15 127 2 -76 333
0 15 128 2 20 873
0 15 129 2 -1189 -352
0 15 130 2 -653 -346
0 15 131 2 -811 -2646
0 15 132 2 362 -1549
0 15 133 2 -1453 -478
0 15 134 2 -451 1601
0 15 135 2 1207 -618
0 15 136 2 -698 2099
0 15 137 2 131 1226
0 15 138 2 88 -205
0 15 139 2 -2304 -299
0 15 140 2 2007 -795
0 15 141 2 1693 1734
0 15 142 2 2262 -276
0 15 143 2 -782 705
0 15 144 2 -11421 11050
0 15 145 2 -4831 -30901
0 15 146 2 -4992 -32797
0 15 147 2 10143 -8244
0 15 148 2 26789 35570
0 15 149 2 -15741 30037
0 15 150 2 7017 10339
0 15 151 2 -29758 -13545
0 15 152 2 4155 34352
0 15 153 2 7095 34325
0 15 154 2 -28177 -16116
0 15 155 2 14408 -28083
0 15 156 2 32032 -5117
0 15 157 2 -14019 28125
0 15 158 2 -10290 -10046
0 15 159 2 31418 4902
0 15 160 2 -14109 30732
0 15 161 2 28797 15614
0 15 162 2 27726 14347
0 15 163 2 4776 31742
0 15 164 2 11588 -9720
0 15 165 2 30571 -6125
0 15 166 2 10405 -9883
0 15 167 2 11178 -8633
0 15 168 2 37339 -25512
0 15 169 2 -16185 29814
0 15 170 2 16528 -29080
0 15 171 2 -29417 -13809
0 15 172 2 34706 -24425
0 15 173 2 -10373 -11041
0 15 174 2 28171 16809
0 15 175 2 26504 34986
0 15 176 2 -6653 -31094
0 15 177 2 -9682 -11855
0 15 178 2 -8925 -11909
0 15 179 2 -5854 -30520
0 15 180 2 25906 35647
0 15 181 2 -14498 29062
0 15 182 2 6236 33336
0 15 183 2 29698 14566
0 15 184 2 -34376 26432
0 15 185 2 12967 -10645
0 15 186 2 12250 -7897
0 15 187 2 25835 35563
0 15 188 2 7913 33132
0 15 189 2 -14367 27993
0 15 190 2 14583 -28746
0 15 191 2 30746 4330
0 15 192 2 27409 12739
0 15 193 2 -26649 -33471
0 15 194 2 -35269 25887
0 15 195 2 8563 12075
0 15 196 2 -35354 27438
0 15 197 2 28523 35363
0 15 198 2 -11335 9348
0 15 199 2 10967 11527
0 15 200 2 -36005 24253
0 15 201 2 -11231 8289
0 15 202 2 -5794 -32839
0 15 203 2 -35359 28507
0 15 204 2 11119 -10850
0 15 205 2 25942 36787
0 15 206 2 36194 -25870
0 15 207 2 -9130 -11299
0 15 208 2 32700 -6346
0 15 209 2 -25770 -36521
0 15 210 2 -26956 -32869
0 15 211 2 -34100 27967
0 15 212 2 33484 -25095
0 15 213 2 4823 33003
0 15 214 2 15529 -28492
0 15 215 2 -11267 9163
0 15 216 2 28611 35456
0 15 217 2 3541 32059
0 15 218 2 -8365 -13712
0 15 219 2 29217 15809
0 15 220 2 -34838 24849
0 15 221 2 13396 -8315
0 15 222 2 11879 -9885
0 15 223 2 32671 4565
0 15 224 2 -26546 -35826
0 15 225 2 35297 -25584
0 15 226 2 25804 34318
0 15 227 2 31573 13824
0 15 228 2 34995 -27788
0 15 229 2 -9837 -12132
0 15 230 2 -4761 -32355
0 15 231 2 -13731 27345
0 15 232 2 5547 33058
0 15 233 2 -27208 -34970
0 15 234 2 -14314 29338
0 15 235 2 -36062 26551
0 15 236 2 -24225 -34338
0 15 237 2 -32488 5067
0 15 238 2 5705 30917
0 15 239 2 10938 13958
0 15 240 2 11661 -6851
0 15 241 2 32424 -4840
0 15 242 2 -6500 -32754
0 15 243 2 11757 -8367
0 15 244 2 26325 33648
0 15 245 2 -6907 -11012
0 15 246 2 -31192 5309
0 15 247 2 -32336 4956
0 15 248 2 -7024 -11639
0 15 249 2 32736 -3289
0 15 250 2 26460 33759
0 15 251 2 -31815 5799
0 15 252 2 28402 14808
0 15 253 2 7104 12227
0 15 254 2 13157 -8761
0 15 255 2 31177 4682
0 16 0 2 -1436 -162
0 16 1 2 32759 6525
0 16 2 2 -14384 28562
0 16 3 2 14389 -28440
0 16 4 2 5250 31671
0 16 5 2 35905 -26117
0 16 6 2 6102 30661
0 16 7 2 -36257 25869
0 16 8 2 -9650 8625
0 16 9 2 30607 14964
0 16 10 2 23438 36517
0 16 11 2 -28559 -15882
0 16 12 2 -16493 27668
0 16 13 2 7849 33948
0 16 14 2 11202 -7406
0 16 15 2 -24304 -36297
0 16 16 2 -7174 -13743
0 16 17 2 32756 -6136
0 16 18 2 15501 -27638
0 16 19 2 7413 10804
0 16 20 2 25444 34969
0 16 21 2 31702 -4647
0 16 22 2 8786 12469
0 16 23 2 -25416 -35113
0 16 24 2 -36209 24195
0 16 25 2 30355 15183
0 16 26 2 37052 -25135
0 16 27 2 -6809 -11723
0 16 28 2 -11894 9813
0 16 29 2 35145 -25471
0 16 30 2 30174 -3760
0 16 31 2 34638 -24432
0 16 32 2 35436 -25009
0 16 33 2 32333 5119
0 16 34 2 -31912 5140
0 16 35 2 15765 -29530
0 16 36 2 30053 13483
0 16 37 2 4349 31771
0 16 38 2 4113 31207
0 16 39 2 -31459 4027
0 16 40 2 31278 -5973
0 16 41 2 26205 35927
0 16 42 2 28717 15286
0 16 43 2 -37163 26893
0 16 44 2 -14875 29311
0 16 45 2 -17987 28112
0 16 46 2 28797 15102
0 16 47 2 -30358 6125
0 16 48 2 -5454 -30234
0 16 49 2 25985 35937
0 16 50 2 34795 -26541
0 16 51 2 17171 -29366
0 16 52 2 -36952 23636
0 16 53 2 7216 32854
0 16 54 2 16338 -29335
0 16 55 2 7303 9873
0 16 56 2 11920 -7602
0 16 57 2 -34035 25115
0 16 58 2 13673 -7508
0 16 59 2 -24415 -36114
0 16 60 2 -12661 10778
0 16 61 2 -11922 8495
0 16 62 2 16008 -28117
0 16 63 2 -14959 30267
0 16 64 2 -28486 -34762
0 16 65 2 30901 6489
0 16 66 2 -12490 6387
0 16 67 2 -35022 25276
0 16 68 2 -4898 -34568
0 16 69 2 -29242 -13263
0 16 70 2 -30513 -14555
0 16 71 2 27428 15167
0 16 72 2 33146 -5169
0 16 73 2 -32330 6032
0 16 74 2 -10542 7529
0 16 75 2 26971 14280
0 16 76 2 -32003 4138
0 16 77 2 29481 13933
0 16 78 2 -10169 9249
0 16 79 2 12874 -11050
0 16 80 2 13245 -7882
0 16 81 2 -24926 -36085
0 16 82 2 7537 12423
0 16 83 2 -8076 -10528
0 16 84 2 -32417 7714
0 16 85 2 -5589 -13282
0 16 86 2 24801 36560
0 16 87 2 32043 -3962
0 16 88 2 22157 34800
0 16 89 2 -24650 -34255
0 16 90 2 -26583 -36496
0 16 91 2 13824 -29670
0 16 92 2 -14432 28429
0 16 93 2 11667 -7226
0 16 94 2 16449 -28995
0 16 95 2 5625 33321
0 16 96 2 -29478 -15120
0 16 97 2 32885 7162
0 16 98 2 -10468 8012
0 16 99 2 -37426 24387
0 16 100 2 -27438 -13820
0 16 101 2 -8128 -10196
0 16 102 2 -6818 -9455
0 16 103 2 8190 12565
0 16 104 2 28797 16853
0 16 105 2 -9108 -12070
0 16 106 2 -15816 29675
0 16 107 2 -26141 -34096
0 16 108 2 -35392 23209
0 16 109 2 -15332 28297
0 16 110 2 -33774 4914
0 16 111 2 -30915 6445
0 16 112 2 32466 -4824
0 16 113 2 954 -242
0 16 114 2 -1192 -1631
0 16 115 2 -923 280
0 16 116 2 597 1822
0 16 117 2 -393 3
0 16 118 2 3378 -1019
0 16 119 2 1877 1284
0 16 120 2 -391 -193
0 16 121 2 1565 1849
0 16 122 2 -269 1139
0 16 123 2 -912 -1458
0 16 124 2 139 1195
0 16 125 2 1897 789
0 16 126 2 -383 99
0 16 127 2 1696 -462
0 16 128 2 1324 -1037
0 16 129 2 -41 715
0 16 130 2 1375 65
0 16 131 2 365 -1468
0 16 132 2 1738 -1039
0 16 133 2 265 -669
0 16 134 2 -765 -817
0 16 135 2 1613 345
0 16 136 2 57 -1003
0 16 137 2 -1537 -1734
0 16 138 2 244 -777
0 16 139 2 -150 -1297
0 16 140 2 383 -128
0 16 141 2 -379 163
0 16 142 2 573 981
0 16 143 2 1671 45
0 16 144 2 -13621 28323
0 16 145 2 -32667 4040
0 16 146 2 -13223 28080
0 16 147 2 -4021 -33693
0 16 148 2 -34138 4338
0 16 149 2 -31431 4530
0 16 150 2 33021 -4173
0 16 151 2 12627 -7020
0 16 152 2 31908 -4738
0 16 153 2 -14516 28544
0 16 154 2 -6468 -33019
0 16 155 2 -6715 -30993
0 16 156 2 -13280 8834
0 16 157 2 33891 -24057
0 16 158 2 -16291 31271
0 16 159 2 32964 5758
0 16 160 2 13077 -28892
0 16 161 2 -29146 -13623
0 16 162 2 -36237 24321
0 16 163 2 -8472 -12261
0 16 164 2 -32143 7088
0 16 165 2 24677 37003
0 16 166 2 -8990 -11305
0 16 167 2 5125 31872
0 16 168 2 28741 14990
0 16 169 2 12654 -28267
0 16 170 2 -8777 -13927
0 16 171 2 29472 15650
0 16 172 2 -30291 -16304
0 16 173 2 -14614 27748
0 16 174 2 13070 -9198
0 16 175 2 -8518 -11063
0 16 176 2 -12193 7418
0 16 177 2 -37584 23582
0 16 178 2 26605 34000
0 16 179 2 22590 35084
0 16 180 2 28830 15666
0 16 181 2 33136 -5956
0 16 182 2 -25281 -37091
0 16 183 2 15057 -30982
0 16 184 2 -36151 26672
0 16 185 2 30720 -3832
0 16 186 2 28943 14447
0 16 187 2 -35018 25911
0 16 188 2 32034 -4216
0 16 189 2 25705 35896
0 16 190 2 14998 -29858
0 16 191 2 33458 6698
0 16 192 2 8830 13374
0 16 193 2 -26689 -36380
0 16 194 2 -35733 26479
0 16 195 2 -30956 -16030
0 16 196 2 -26927 -14865
0 16 197 2 -27856 -16371
0 16 198 2 36592 -26798
0 16 199 2 5099 32607
0 16 200 2 17251 -30348
0 16 201 2 15410 -27211
0 16 202 2 37050 -25610
0 16 203 2 4343 32318
0 16 204 2 -5736 -31228
0 16 205 2 -28432 -13656
0 16 206 2 -13018 6971
0 16 207 2 -8045 -9264
0 16 208 2 -35181 26967
0 16 209 2 24186 37565
0 16 210 2 8651 13954
0 16 211 2 32036 -4981
0 16 212 2 -26734 -13155
0 16 213 2 -28991 -14777
0 16 214 2 2525 32301
0 16 215 2 -12740 8799
0 16 216 2 -33880 5209
0 16 217 2 -6613 -32779
0 16 218 2 -17090 29279
0 16 219 2 -26433 -37731
0 16 220 2 -14415 28442
0 16 221 2 -6153 -33402
0 16 222 2 12200 -9214
0 16 223 2 33769 4353
0 16 224 2 -15395 28746
0 16 225 2 7194 13168
0 16 226 2 13240 -8056
0 16 227 2 -11023 7793
0 16 228 2 -4160 -33047
0 16 229 2 -29230 -14700
0 16 230 2 -27689 -16605
0 16 231 2 4085 31624
0 16 232 2 3369 32698
0 16 233 2 -30268 6793
0 16 234 2 7382 31211
0 16 235 2 -15019 29269
0 16 236 2 -8077 -12026
0 16 237 2 5067 32774
0 16 238 2 28991 13299
0 16 239 2 11847 -6751
0 16 240 2 23336 35848
0 16 241 2 -36028 24776
0 16 242 2 -9172 -11744
0 16 243 2 30037 14820
0 16 244 2 32343 -5911
0 16 245 2 -35055 25851
0 16 246 2 -5727 -29963
0 16 247 2 11469 -8290
0 16 248 2 4678 30696
0 16 249 2 -13662 8687
0 16 250 2 26508 33156
0 16 251 2 -35967 23621
0 16 252 2 4596 31874
0 16 253 2 4730 33260
0 16 254 2 9087 12645
0 16 255 2 33852 5344
0 17 0 2 513 -1148
0 17 1 2 31367 5774
0 17 2 2 10675 -7633
0 17 3 2 -12673 7064
0 17 4 2 9280 13661
0 17 5 2 34151 -5713
0 17 6 2 30391 -3741
0 17 7 2 -30951 -14292
0 17 8 2 36012 -24297
0 17 9 2 30991 -2638
0 17 10 2 -26856 -35746
0 17 11 2 -34809 25275
0 17 12 2 12251 -7530
0 17 13 2 -29838 4134
0 17 14 2 -35833 25213
0 17 15 2 -3964 -32183
0 17 16 2 37714 -24298
0 17 17 2 24168 37139
0 17 18 2 -15745 29347
0 17 19 2 12031 -9597
0 17 20 2 33686 -7383
0 17 21 2 32932 -5664
0 17 22 2 34131 -3876
0 17 23 2 4845 32201
0 17 24 2 -27600 -17337
0 17 25 2 -30701 -16319
0 17 26 2 32467 -3341
0 17 27 2 -32633 6344
0 17 28 2 -32217 4636
0 17 29 2 -35370 24772
0 17 30 2 11981 -8296
0 17 31 2 15799 -29047
0 17 32 2 24228 37308
0 17 33 2 33645 6616
0 17 34 2 -28677 -15351
0 17 35 2 -10605 -12608
0 17 36 2 -15628 27060
0 17 37 2 5960 31171
0 17 38 2 5833 31011
0 17 39 2 36833 -26182
0 17 40 2 -28397 -15923
0 17 41 2 -14402 29774
0 17 42 2 -25933 -35833
0 17 43 2 -23679 -35066
0 17 44 2 -24583 -37512
0 17 45 2 5287 11483
0 17 46 2 -8978 -13039
0 17 47 2 -7130 -11419
0 17 48 2 30704 -5473
0 17 49 2 11450 -8200
0 17 50 2 -28750 -15500
0 17 51 2 6467 11485
0 17 52 2 4076 31877
0 17 53 2 -37200 25530
0 17 54 2 11093 -7047
0 17 55 2 -35794 24918
0 17 56 2 -11623 8098
0 17 57 2 -17232 29831
0 17 58 2 -36723 25615
0 17 59 2 -35764 24208
0 17 60 2 28925 13271
0 17 61 2 -25491 -34212
0 17 62 2 2771 33512
0 17 63 2 -15993 27797
0 17 64 2 28940 16821
0 17 65 2 32412 6866
0 17 66 2 5103 31813
0 17 67 2 28871 15817
0 17 68 2 -5414 -33129
0 17 69 2 31318 -2835
0 17 70 2 -30806 -14533
0 17 71 2 -16468 31791
0 17 72 2 -36391 25167
0 17 73 2 -36637 23752
0 17 74 2 -24318 -35389
0 17 75 2 14165 -11300
0 17 76 2 -17486 29382
0 17 77 2 -37046 25950
0 17 78 2 31110 -3186
0 17 79 2 -10460 -12140
0 17 80 2 8796 12421
0 17 81 2 -16241 29619
0 17 82 2 -5632 -31571
0 17 83 2 35482 -25531
0 17 84 2 28046 14913
0 17 85 2 14661 -29612
0 17 86 2 3739 33348
0 17 87 2 -7596 -13234
0 17 88 2 -30892 6968
0 17 89 2 8023 10715
0 17 90 2 -11247 9287
0 17 91 2 4783 31481
0 17 92 2 5807 33122
0 17 93 2 -10215 -13098
0 17 94 2 9014 13863
0 17 95 2 -33460 4205
0 17 96 2 22927 34542
0 17 97 2 31565 6044
0 17 98 2 -10544 -11810
0 17 99 2 16552 -29514
0 17 100 2 -25856 -38106
0 17 101 2 24815 34733
0 17 102 2 6702 13148
0 17 103 2 -28540 -15122
0 17 104 2 -3441 -31665
0 17 105 2 -3414 -35534
0 17 106 2 -25884 -36801
0 17 107 2 -27237 -15880
0 17 108 2 -10749 9065
0 17 109 2 -28783 -14781
0 17 110 2 -26065 -34813
0 17 111 2 11651 -6238
0 17 112 2 -35054 24165
0 17 113 2 1216 -371
0 17 114 2 181 1839
0 17 115 2 -1542 -451
0 17 116 2 -590 -1459
0 17 117 2 -404 10
0 17 118 2 987 6
0 17 119 2 -356 569
0 17 120 2 -1148 -2052
0 17 121 2 1044 -469
0 17 122 2 -2214 2802
0 17 123 2 -621 604
0 17 124 2 -509 2835
0 17 125 2 -1185 456
0 17 126 2 -828 -212
0 17 127 2 -1703 351
0 17 128 2 3040 581
0 17 129 2 -1261 -966
0 17 130 2 -1909 760
0 17 131 2 -267 -23
0 17 132 2 1 -3135
0 17 133 2 -1610 -304
0 17 134 2 1912 -1166
0 17 135 2 1806 -1177
0 17 136 2 23 1736
0 17 137 2 -721 2030
0 17 138 2 657 -1606
0 17 139 2 2347 1610
0 17 140 2 -493 659
0 17 141 2 1317 910
0 17 142 2 1228 -94
0 17 143 2 -166 180
0 17 144 2 37014 -26499
0 17 145 2 -12235 7152
0 17 146 2 34122 -27142
0 17 147 2 -30420 6553
0 17 148 2 27675 15582
0 17 149 2 35186 -3871
0 17 150 2 -15394 30022
0 17 151 2 16115 -27490
0 17 152 2 3206 30618
0 17 153 2 -34290 24072
0 17 154 2 -6106 -12991
0 17 155 2 -17868 30138
0 17 156 2 10156 -9417
0 17 157 2 -33570 4451
0 17 158 2 26607 36835
0 17 159 2 32154 6631
0 17 160 2 -32570 26453
0 17 161 2 11458 -7819
0 17 162 2 14053 -8779
0 17 163 2 7346 12514
0 17 164 2 -35228 23325
0 17 165 2 -29664 -14916
0 17 166 2 25008 34142
0 17 167 2 33660 -6672
0 17 168 2 -13960 27724
0 17 169 2 24918 37934
0 17 170 2 3214 33541
0 17 171 2 -13360 9670
0 17 172 2 -8156 -12893
0 17 173 2 -11910 8614
0 17 174 2 -7669 -10688
0 17 175 2 8629 11564
0 17 176 2 -11812 8594
0 17 177 2 -13926 28679
0 17 178 2 34469 -25882
0 17 179 2 2029 33075
0 17 180 2 16034 -28814
0 17 181 2 -32607 4078
0 17 182 2 -23324 -37668
0 17 183 2 -25753 -34262
0 17 184 2 -30273 5460
0 17 185 2 -4658 -34501
0 17 186 2 -27805 -12959
0 17 187 2 -28390 -15946
0 17 188 2 26590 36503
0 17 189 2 24593 35509
0 17 190 2 -27649 -36758
0 17 191 2 31643 2856
0 17 192 2 27550 34989
0 17 193 2 -3655 -31318
0 17 194 2 31508 -3972
0 17 195 2 -14452 9917
0 17 196 2 36190 -26248
0 17 197 2 -25489 -36012
0 17 198 2 -27973 -13666
0 17 199 2 -29964 -15533
0 17 200 2 -12171 6380
0 17 201 2 -4108 -35316
0 17 202 2 16489 -29943
0 17 203 2 -34872 23852
0 17 204 2 25796 35224
0 17 205 2 34441 -26310
0 17 206 2 -13482 9494
0 17 207 2 3776 32403
0 17 208 2 -34912 23732
0 17 209 2 24719 35719
0 17 210 2 5959 12091
0 17 211 2 -24033 -36024
0 17 212 2 15718 -26768
0 17 213 2 34669 -25500
0 17 214 2 4924 33817
0 17 215 2 31186 -5472
0 17 216 2 -38485 24702
0 17 217 2 27332 34206
0 17 218 2 -30555 -14954
0 17 219 2 11280 -8222
0 17 220 2 -36379 24962
0 17 221 2 12551 -7060
0 17 222 2 -11974 9347
0 17 223 2 34872 4329
0 17 224 2 -15661 29211
0 17 225 2 -24444 -34688
0 17 226 2 -8799 -12216
0 17 227 2 -27810 -17493
0 17 228 2 36943 -26373
0 17 229 2 10945 12840
0 17 230 2 -5508 -12364
0 17 231 2 15762 -27764
0 17 232 2 -11810 8917
0 17 233 2 29651 15812
0 17 234 2 38736 -24380
0 17 235 2 -5807 -33682
0 17 236 2 -15217 27811
0 17 237 2 -7060 -31077
0 17 238 2 -35058 26903
0 17 239 2 -13445 29540
0 17 240 2 11174 -8490
0 17 241 2 -35740 24637
0 17 242 2 -28634 -18244
0 17 243 2 -11248 8348
0 17 244 2 28037 15542
0 17 245 2 35016 -24047
0 17 246 2 33412 -3672
0 17 247 2 -35635 26749
0 17 248 2 -11639 8668
0 17 249 2 -27767 -13353
0 17 250 2 9166 10826
0 17 251 2 36457 -23422
0 17 252 2 -5576 -32314
0 17 253 2 -3805 -34146
0 17 254 2 -35613 26353
0 17 255 2 31107 5698
0 18 0 2 913 437
0 18 1 2 30447 5797
0 18 2 2 35489 -26226
0 18 3 2 23430 35987
0 18 4 2 -25990 -37963
0 18 5 2 -12060 8741
0 18 6 2 7879 13640
0 18 7 2 13569 -8987
0 18 8 2 -23191 -36990
0 18 9 2 25971 15384
0 18 10 2 24017 35574
0 18 11 2 14602 -30572
0 18 12 2 -14362 28038
0 18 13 2 35409 -26373
0 18 14 2 -28997 -15297
0 18 15 2 -36915 22733
0 18 16 2 12439 -9772
0 18 17 2 6340 31889
0 18 18 2 -31794 1189
0 18 19 2 -37219 24013
0 18 20 2 10909 -8271
0 18 21 2 28763 16617
0 18 22 2 37009 -24507
0 18 23 2 4189 31872
0 18 24 2 9145 12912
0 18 25 2 -14659 7431
0 18 26 2 -26486 -16336
0 18 27 2 -13704 27634
0 18 28 2 10750 11749
0 18 29 2 24620 38599
0 18 30 2 -31698 4539
0 18 31 2 -11891 6053
0 18 32 2 33336 -4151
0 18 33 2 32831 5581
0 18 34 2 28777 12717
0 18 35 2 25236 36212
0 18 36 2 9220 10241
0 18 37 2 23925 38321
0 18 38 2 32630 -4920
0 18 39 2 -15347 30723
0 18 40 2 34868 -25825
0 18 41 2 -28385 -16710
0 18 42 2 23295 34937
0 18 43 2 32077 -4017
0 18 44 2 -25097 -36846
0 18 45 2 -7043 -11169
0 18 46 2 -13172 7425
0 18 47 2 -4433 -32589
0 18 48 2 -37614 25819
0 18 49 2 28730 14148
0 18 50 2 -10643 9177
0 18 51 2 -12786 8557
0 18 52 2 -10438 7585
0 18 53 2 36009 -25686
0 18 54 2 3618 31995
0 18 55 2 8034 11011
0 18 56 2 -25949 -36344
0 18 57 2 -35048 23663
0 18 58 2 -19207 28758
0 18 59 2 -32194 4729
0 18 60 2 -24275 -33684
0 18 61 2 17923 -27662
0 18 62 2 3036 33646
0 18 63 2 -7112 -12127
0 18 64 2 -31825 6477
0 18 65 2 32479 5334
0 18 66 2 -16298 28161
0 18 67 2 39372 -23554
0 18 68 2 -35189 24607
0 18 69 2 -26874 -38307
0 18 70 2 3527 33052
0 18 71 2 -15184 29023
0 18 72 2 -34030 2838
0 18 73 2 8545 12688
0 18 74 2 36513 -24560
0 18 75 2 -29326 -15650
0 18 76 2 -34950 3723
0 18 77 2 -3968 -31481
0 18 78 2 5378 33983
0 18 79 2 -33805 23232
0 18 80 2 35487 -26502
0 18 81 2 -8720 -12490
0 18 82 2 16560 -27909
0 18 83 2 -37818 25158
0 18 84 2 12078 -9334
0 18 85 2 -14420 29544
0 18 86 2 -11999 7969
0 18 87 2 37516 -25163
0 18 88 2 6169 10635
0 18 89 2 -9189 -11663
0 18 90 2 11240 -8278
0 18 91 2 25737 38068
0 18 92 2 -28391 -17030
0 18 93 2 2192 32514
0 18 94 2 -13588 8458
0 18 95 2 -4591 -33798
0 18 96 2 35699 -23726
0 18 97 2 33320 6744
0 18 98 2 -36523 25922
0 18 99 2 16028 -28559
0 18 100 2 -15506 26294
0 18 101 2 7979 12621
0 18 102 2 26666 17091
0 18 103 2 -2882 -32025
0 18 104 2 14392 -26769
0 18 105 2 24673 35846
0 18 106 2 -31901 4206
0 18 107 2 8631 14583
0 18 108 2 -32114 5490
0 18 109 2 -5300 -31993
0 18 110 2 32440 -3387
0 18 111 2 13243 -7950
0 18 112 2 15505 -29762
0 18 113 2 -329 1152
0 18 114 2 1745 1228
0 18 115 2 159 -862
0 18 116 2 226 -1364
0 18 117 2 1356 372
0 18 118 2 2187 -88
0 18 119 2 296 1015
0 18 120 2 -133 785
0 18 121 2 -939 268
0 18 122 2 -2511 -1155
0 18 123 2 -336 -436
0 18 124 2 471 6
0 18 125 2 -1245 -669
0 18 126 2 -1284 -2217
0 18 127 2 -2030 -893
0 18 128 2 348 1329
0 18 129 2 780 -588
0 18 130 2 1675 833
0 18 131 2 -1133 -325
0 18 132 2 1751 -3291
0 18 133 2 -1027 -293
0 18 134 2 -818 1184
0 18 135 2 111 1282
0 18 136 2 364 746
0 18 137 2 195 1876
0 18 138 2 -128 -45
0 18 139 2 885 971
0 18 140 2 568 -673
0 18 141 2 833 -684
0 18 142 2 2696 -1927
0 18 143 2 1004 1150
0 18 144 2 15500 -27347
0 18 145 2 37256 -25832
0 18 146 2 -9998 -13549
0 18 147 2 -11803 8056
0 18 148 2 26468 35770
0 18 149 2 37001 -26293
0 18 150 2 9972 10319
0 18 151 2 3967 30208
0 18 152 2 6624 11321
0 18 153 2 -28787 -15261
0 18 154 2 -7014 -12521
0 18 155 2 9132 11230
0 18 156 2 -25943 -35880
0 18 157 2 24060 38642
0 18 158 2 -32582 2961
0 18 159 2 32756 6332
0 18 160 2 -4546 -30418
0 18 161 2 -23496 -35958
0 18 162 2 -28150 -18508
0 18 163 2 -9316 -10042
0 18 164 2 -13291 8952
0 18 165 2 -14360 26690
0 18 166 2 -4040 -29330
0 18 167 2 4514 31715
0 18 168 2 -36603 25469
0 18 169 2 -23950 -37253
0 18 170 2 17123 -28355
0 18 171 2 5357 32009
0 18 172 2 32687 -7642
0 18 173 2 4001 30962
0 18 174 2 -34102 6238
0 18 175 2 30217 15499
0 18 176 2 -16471 27494
0 18 177 2 -11441 8013
0 18 178 2 13749 -28952
0 18 179 2 -32826 6383
0 18 180 2 -37557 25298
0 18 181 2 -28007 -15817
0 18 182 2 12279 -7138
0 18 183 2 -14503 30265
0 18 184 2 24884 36508
0 18 185 2 35890 -25674
0 18 186 2 -15145 8805
0 18 187 2 -8618 -10130
0 18 188 2 -27348 -17021
0 18 189 2 -12356 7806
0 18 190 2 24610 35647
0 18 191 2 33268 5854
0 18 192 2 -30065 -15015
0 18 193 2 25593 36960
0 18 194 2 -28377 -16676
0 18 195 2 11340 -6507
0 18 196 2 9169 11348
0 18 197 2 -15797 29981
0 18 198 2 -26995 -15008
0 18 199 2 36636 -25978
0 18 200 2 -31466 -16538
0 18 201 2 13438 -28902
0 18 202 2 -8341 -11544
0 18 203 2 -36477 23772
0 18 204 2 33693 -5443
0 18 205 2 -16983 29879
0 18 206 2 -15252 27920
0 18 207 2 -31869 4701
0 18 208 2 -15619 29534
0 18 209 2 34900 -26965
0 18 210 2 7626 12790
0 18 211 2 -14604 26680
0 18 212 2 -16274 28017
0 18 213 2 -27608 -13776
0 18 214 2 -8720 -14693
0 18 215 2 -6832 -12600
0 18 216 2 33441 -3787
0 18 217 2 32428 -5083
0 18 218 2 31577 -4360
0 18 219 2 -25744 -34009
0 18 220 2 10675 12762
0 18 221 2 36889 -23776
0 18 222 2 25043 36396
0 18 223 2 31533 7081
0 18 224 2 -29117 -15171
0 18 225 2 8901 13114
0 18 226 2 -12784 11784
0 18 227 2 -29962 -15263
0 18 228 2 -28645 -17694
0 18 229 2 35827 -23299
0 18 230 2 32087 -3421
0 18 231 2 -32164 3320
0 18 232 2 10938 -7201
0 18 233 2 -9442 -10718
0 18 234 2 35882 -24557
0 18 235 2 -35633 25195
0 18 236 2 -6024 -31404
0 18 237 2 8995 12582
0 18 238 2 -10658 -12492
0 18 239 2 31705 -3585
0 18 240 2 6860 32153
0 18 241 2 16422 -27953
0 18 242 2 -13338 6386
0 18 243 2 -16155 29480
0 18 244 2 -18050 26907
0 18 245 2 4017 34219
0 18 246 2 -24669 -35568
0 18 247 2 5219 33415
0 18 248 2 -17566 29199
0 18 249 2 -4099 -34715
0 18 250 2 3388 32648
0 18 251 2 -24715 -38819
0 18 252 2 -26162 -35374
0 18 253 2 -33056 5083
0 18 254 2 -10420 9561
0 18 255 2 32117 6961
0 19 0 2 -811 -1567
0 19 1 2 32374 6619
0 19 2 2 13053 -7538
0 19 3 2 -34387 4539
0 19 4 2 15208 -29162
0 19 5 2 16252 -30110
0 19 6 2 2970 30893
0 19 7 2 1685 33438
0 19 8 2 -4833 -32164
0 19 9 2 -23567 -36804
0 19 10 2 -28472 -13733
0 19 11 2 29804 -5183
0 19 12 2 5680 33969
0 19 13 2 -36633 22394
0 19 14 2 23387 35040
0 19 15 2 -30448 -16273
0 19 16 2 -13213 10176
0 19 17 2 14391 -10404
0 19 18 2 24635 35511
0 19 19 2 34749 -3561
0 19 20 2 -36935 23851
0 19 21 2 17952 -28315
0 19 22 2 -31665 3989
0 19 23 2 29590 19516
0 19 24 2 -16735 27401
0 19 25 2 12196 -7240
0 19 26 2 29410 18011
0 19 27 2 -26690 -13915
0 19 28 2 37045 -23936
0 19 29 2 31509 -4454
0 19 30 2 -24722 -36952
0 19 31 2 -25431 -36768
0 19 32 2 -12023 5635
0 19 33 2 32802 5305
0 19 34 2 11469 -7633
0 19 35 2 8087 11729
0 19 36 2 25507 16828
0 19 37 2 -5804 -10723
0 19 38 2 -25688 -35917
0 19 39 2 -15764 27273
0 19 40 2 25045 35924
0 19 41 2 11727 -6761
0 19 42 2 33518 -7308
0 19 43 2 15650 -27122
0 19 44 2 -23463 -38267
0 19 45 2 16429 -26113
0 19 46 2 -29125 -15259
0 19 47 2 -17969 27197
0 19 48 2 22413 37499
0 19 49 2 -18104 28703
0 19 50 2 13687 -8810
0 19 51 2 2953 33335
0 19 52 2 -24771 -38146
0 19 53 2 24827 36547
0 19 54 2 -5157 -30967
0 19 55 2 -17842 28068
0 19 56 2 17309 -26089
0 19 57 2 6571 11475
0 19 58 2 2862 31126
0 19 59 2 33854 -2236
0 19 60 2 16833 -26526
0 19 61 2 7811 12673
0 19 62 2 25557 36780
0 19 63 2 -8631 -10958
0 19 64 2 -36628 24538
0 19 65 2 32538 7760
0 19 66 2 35249 -24184
0 19 67 2 -28126 -17693
0 19 68 2 11385 -10397
0 19 69 2 -24125 -36613
0 19 70 2 26526 35060
0 19 71 2 8796 11026
0 19 72 2 16140 -27924
0 19 73 2 8706 12775
0 19 74 2 13126 -7817
0 19 75 2 28530 16673
0 19 76 2 -11978 7932
0 19 77 2 24950 36936
0 19 78 2 27250 13986
0 19 79 2 -10448 -13585
0 19 80 2 15431 -29711
0 19 81 2 -31642 5796
0 19 82 2 -37947 23373
0 19 83 2 -26903 -16189
0 19 84 2 32436 -1707
0 19 85 2 -23987 -35956
0 19 86 2 -12181 7260
0 19 87 2 -18259 29049
0 19 88 2 4029 31507
0 19 89 2 25448 38464
0 19 90 2 10742 -8310
0 19 91 2 -26364 -38753
0 19 92 2 -18200 29197
0 19 93 2 -10258 -10683
0 19 94 2 -11183 6312
0 19 95 2 -28983 -16078
0 19 96 2 -10560 10323
0 19 97 2 32087 6209
0 19 98 2 -8022 -13486
0 19 99 2 -29173 -15830
0 19 100 2 -6348 -31235
0 19 101 2 6268 12252
0 19 102 2 -38511 24781
0 19 103 2 -7308 -12408
0 19 104 2 -13336 7023
0 19 105 2 -36372 22132
0 19 106 2 33215 -2228
0 19 107 2 16596 -28575
0 19 108 2 16783 -27884
0 19 109 2 11434 -6785
0 19 110 2 27611 16591
0 19 111 2 4956 33071
0 19 112 2 24276 35674
0 19 113 2 667 -2092
0 19 114 2 -690 329
0 19 115 2 527 -35
0 19 116 2 1386 -543
0 19 117 2 1876 782
0 19 118 2 85 1097
0 19 119 2 38 334
0 19 120 2 -2 -124
0 19 121 2 -998 720
0 19 122 2 1352 1147
0 19 123 2 -372 667
0 19 124 2 139 153
0 19 125 2 -1467 -1213
0 19 126 2 -609 659
0 19 127 2 -1397 -1743
0 19 128 2 659 649
0 19 129 2 -510 753
0 19 130 2 -648 -1178
0 19 131 2 1200 -978
0 19 132 2 -1522 -1501
0 19 133 2 529 969
0 19 134 2 -180 -483
0 19 135 2 -2457 -2563
0 19 136 2 -1370 -1046
0 19 137 2 -444 452
0 19 138 2 1706 920
0 19 139 2 957 1430
0 19 140 2 263 1094
0 19 141 2 1610 146
0 19 142 2 -300 -2148
0 19 143 2 -540 -2300
0 19 144 2 7142 12193
0 19 145 2 -28670 -17100
0 19 146 2 -23470 -37775
0 19 147 2 8184 12146
0 19 148 2 28172 15563
0 19 149 2 36339 -23437
0 19 150 2 -14725 9188
0 19 151 2 8245 11799
0 19 152 2 -32056 4219
0 19 153 2 37284 -25919
0 19 154 2 -27001 -15223
0 19 155 2 -31978 2754
0 19 156 2 13791 -8645
0 19 157 2 7133 12089
0 19 158 2 6143 32256
0 19 159 2 33581 6562
0 19 160 2 -24674 -38599
0 19 161 2 -24668 -38306
0 19 162 2 -31934 3450
0 19 163 2 -28183 -17019
0 19 164 2 35866 -23747
0 19 165 2 29365 15539
0 19 166 2 8293 12234
0 19 167 2 -24678 -36994
0 19 168 2 -3344 -30586
0 19 169 2 -4960 -34487
0 19 170 2 24489 36916
0 19 171 2 29279 17715
0 19 172 2 37513 -23595
0 19 173 2 29493 17102
0 19 174 2 26003 34856
0 19 175 2 34207 -24446
0 19 176 2 23518 35608
0 19 177 2 34608 -23377
0 19 178 2 -34272 4359
0 19 179 2 7082 13863
0 19 180 2 -8924 -11434
0 19 181 2 -15292 28132
0 19 182 2 29197 15153
0 19 183 2 -3150 -31815
0 19 184 2 30543 -5530
0 19 185 2 32235 -4671
0 19 186 2 37233 -23571
0 19 187 2 -17662 28268
0 19 188 2 -18723 29849
0 19 189 2 -28486 -15704
0 19 190 2 3298 30371
0 19 191 2 32383 8713
0 19 192 2 33252 -5508
0 19 193 2 -24164 -37344
0 19 194 2 -37301 24681
0 19 195 2 -4672 -32329
0 19 196 2 3762 32285
0 19 197 2 -31932 5518
0 19 198 2 -3784 -34221
0 19 199 2 25208 35568
0 19 200 2 32487 -3757
0 19 201 2 -18553 28827
0 19 202 2 4359 32184
0 19 203 2 26127 37863
0 19 204 2 16501 -28253
0 19 205 2 32691 -4150
0 19 206 2 -6934 -11932
0 19 207 2 -11115 9585
0 19 208 2 25695 37381
0 19 209 2 -28833 -18383
0 19 210 2 -22231 -36915
0 19 211 2 12779 -7236
0 19 212 2 7473 32482
0 19 213 2 8921 12281
0 19 214 2 17214 -27351
0 19 215 2 38888 -21929
0 19 216 2 -33358 3271
0 19 217 2 -8595 -10729
0 19 218 2 -27415 -37087
0 19 219 2 -37457 24464
0 19 220 2 34529 -25812
0 19 221 2 -31270 3709
0 19 222 2 -35341 24129
0 19 223 2 30661 5719
0 19 224 2 -12477 8656
0 19 225 2 -33039 3728
0 19 226 2 13793 -9229
0 19 227 2 -32623 2416
0 19 228 2 27871 17714
0 19 229 2 -11445 8073
0 19 230 2 3712 31217
0 19 231 2 -5176 -10366
0 19 232 2 4427 32339
0 19 233 2 37850 -25723
0 19 234 2 -36927 23368
0 19 235 2 27503 19211
0 19 236 2 4795 30888
0 19 237 2 36466 -23666
0 19 238 2 -23484 -35464
0 19 239 2 16415 -27247
0 19 240 2 7759 12377
0 19 241 2 38358 -22692
0 19 242 2 -4708 -32092
0 19 243 2 31516 -4180
0 19 244 2 29287 17357
0 19 245 2 -36379 23717
0 19 246 2 28445 14329
0 19 247 2 -36532 24859
0 19 248 2 -24114 -39486
0 19 249 2 -9089 -11555
0 19 250 2 27600 17401
0 19 251 2 -14121 7491
0 19 252 2 -23686 -36611
0 19 253 2 28784 15667
0 19 254 2 -23427 -36689
0 19 255 2 32361 5577
0 20 0 2 1129 317
0 20 1 2 31690 6684
0 20 2 2 31059 18348
0 20 3 2 -14600 9429
0 20 4 2 37743 -23727
0 20 5 2 -27032 -37089
0 20 6 2 -12563 7791
0 20 7 2 -11708 8287
0 20 8 2 -31676 5610
0 20 9 2 -16015 27540
0 20 10 2 21780 38448
0 20 11 2 27645 15694
0 20 12 2 31217 -6381
0 20 13 2 -37121 24184
0 20 14 2 17192 -30098
0 20 15 2 9315 13015
0 20 16 2 31170 -2532
0 20 17 2 -1226 -34519
0 20 18 2 23836 37332
0 20 19 2 -30061 -16248
0 20 20 2 -3733 -31433
0 20 21 2 29688 -4713
0 20 22 2 12948 -8478
0 20 23 2 28409 16701
0 20 24 2 7489 14356
0 20 25 2 -28505 -19156
0 20 26 2 7160 13110
0 20 27 2 26960 17151
0 20 28 2 -16832 29056
0 20 29 2 -32467 4542
0 20 30 2 -4375 -33024
0 20 31 2 27961 17467
0 20 32 2 11275 -8049
0 20 33 2 31065 6683
0 20 34 2 37234 -25442
0 20 35 2 8271 11869
0 20 36 2 24295 37656
0 20 37 2 5366 33486
0 20 38 2 27709 15328
0 20 39 2 21345 37058
0 20 40 2 -3289 -32788
0 20 41 2 -24187 -36731
0 20 42 2 -7894 -13292
0 20 43 2 -16593 26969
0 20 44 2 13309 -8610
0 20 45 2 -17382 26261
0 20 46 2 -23193 -37989
0 20 47 2 -32519 4140
0 20 48 2 -36989 25163
0 20 49 2 -16414 28654
0 20 50 2 17032 -30158
0 20 51 2 -7633 -11285
0 20 52 2 28970 15437
0 20 53 2 -32494 4056
0 20 54 2 16197 -26497
0 20 55 2 31310 -2330
0 20 56 2 -32966 4921
0 20 57 2 -33203 3530
0 20 58 2 -10169 -11876
0 20 59 2 -28799 -14904
0 20 60 2 -36433 24227
0 20 61 2 -7771 -11799
0 20 62 2 -14645 27047
0 20 63 2 36360 -26351
0 20 64 2 -32267 3278
0 20 65 2 33527 5351
0 20 66 2 -9299 -12410
0 20 67 2 -8543 -12035
0 20 68 2 38051 -23992
0 20 69 2 -8668 -10960
0 20 70 2 3078 32340
0 20 71 2 -32654 5197
0 20 72 2 -28650 -17063
0 20 73 2 -24487 -37206
0 20 74 2 -23811 -35769
0 20 75 2 6227 14604
0 20 76 2 -18432 30102
0 20 77 2 -13135 8588
0 20 78 2 27200 16696
0 20 79 2 -9092 -12592
0 20 80 2 -31316 3925
0 20 81 2 -26799 -17524
0 20 82 2 31659 -3929
0 20 83 2 -17430 27687
0 20 84 2 32869 -2316
0 20 85 2 11454 -6646
0 20 86 2 16802 -29414
0 20 87 2 27672 17255
0 20 88 2 32512 -4750
0 20 89 2 6151 11447
0 20 90 2 18109 -27112
0 20 91 2 17018 -28826
0 20 92 2 33324 -2671
0 20 93 2 -37022 23307
0 20 94 2 -32914 4962
0 20 95 2 3917 30200
0 20 96 2 18707 -31283
0 20 97 2 30063 6627
0 20 98 2 -16886 25533
0 20 99 2 15319 -28121
0 20 100 2 15031 -29298
0 20 101 2 33210 -3967
0 20 102 2 -23578 -37952
0 20 103 2 -29058 -18031
0 20 104 2 -17311 28524
0 20 105 2 11875 -8836
0 20 106 2 24788 16654
0 20 107 2 15306 -8173
0 20 108 2 -12634 7877
0 20 109 2 -12471 9189
0 20 110 2 8891 14086
0 20 111 2 -29910 -16091
0 20 112 2 -7966 -12183
0 20 113 2 1275 -1153
0 20 114 2 -1202 -384
0 20 115 2 240 -1685
0 20 116 2 147 621
0 20 117 2 -1800 1221
0 20 118 2 523 101
0 20 119 2 1491 28
0 20 120 2 -453 1100
0 20 121 2 683 -783
0 20 122 2 789 -1769
0 20 123 2 -2254 -515
0 20 124 2 1596 -1822
0 20 125 2 -1302 1238
0 20 126 2 -1531 -400
0 20 127 2 614 1215
0 20 128 2 238 2618
0 20 129 2 -1049 703
0 20 130 2 -37 -92
0 20 131 2 -1840 -410
0 20 132 2 819 -945
0 20 133 2 1396 220
0 20 134 2 1225 -2581
0 20 135 2 223 -370
0 20 136 2 504 -749
0 20 137 2 607 1599
0 20 138 2 -1500 -1176
0 20 139 2 -625 -1699
0 20 140 2 -813 384
0 20 141 2 2114 1039
0 20 142 2 1692 -970
0 20 143 2 77 697
0 20 144 2 16096 -29849
0 20 145 2 -22986 -37139
0 20 146 2 -8352 -13371
0 20 147 2 -27265 -17558
0 20 148 2 -3489 -29570
0 20 149 2 2728 33135
0 20 150 2 13206 -7735
0 20 151 2 28323 13798
0 20 152 2 32859 -4958
0 20 153 2 30457 -1017
0 20 154 2 5112 31517
0 20 155 2 -24316 -37162
0 20 156 2 -8696 -10767
0 20 157 2 11775 -8117
0 20 158 2 33004 -4672
0 20 159 2 31031 6888
0 20 160 2 -32219 5517
0 20 161 2 -27568 -17664
0 20 162 2 31883 -3342
0 20 163 2 -27733 -15629
0 20 164 2 -7252 -13825
0 20 165 2 -4447 -12594
0 20 166 2 24080 36726
0 20 167 2 -36001 25234
0 20 168 2 23381 36598
0 20 169 2 12535 -8642
0 20 170 2 -3691 -32123
0 20 171 2 23616 37037
0 20 172 2 -16444 27890
0 20 173 2 -5290 -31998
0 20 174 2 -25196 -35639
0 20 175 2 3758 32748
0 20 176 2 -12434 8313
0 20 177 2 -23603 -36215
0 20 178 2 -4602 -30772
0 20 179 2 3381 31798
0 20 180 2 -7877 -10275
0 20 181 2 -36439 22997
0 20 182 2 -35123 24254
0 20 183 2 -22776 -37580
0 20 184 2 26007 36510
0 20 185 2 -18065 28000
0 20 186 2 23832 36505
0 20 187 2 27337 15934
0 20 188 2 -36836 23574
0 20 189 2 3462 31316
0 20 190 2 27581 17368
0 20 191 2 31363 4292
0 20 192 2 29371 17577
0 20 193 2 13631 -6637
0 20 194 2 8515 12174
0 20 195 2 -1673 -32290
0 20 196 2 -35339 26031
0 20 197 2 3095 32771
0 20 198 2 -10463 9251
0 20 199 2 28312 18139
0 20 200 2 22602 36803
0 20 201 2 -29937 -16383
0 20 202 2 12299 -6979
0 20 203 2 24907 35775
0 20 204 2 14820 -27974
0 20 205 2 -13016 9510
0 20 206 2 -12236 5474
0 20 207 2 -29274 -16847
0 20 208 2 27869 16556
0 20 209 2 36566 -24251
0 20 210 2 -34049 4257
0 20 211 2 10462 -9976
0 20 212 2 13844 -7779
0 20 213 2 15393 -26978
0 20 214 2 27317 16448
0 20 215 2 -4149 -34451
0 20 216 2 25773 38062
0 20 217 2 -6919 -14101
0 20 218 2 15818 -31378
0 20 219 2 -15313 27463
0 20 220 2 28241 18359
0 20 221 2 -24760 -37810
0 20 222 2 23985 38247
0 20 223 2 30078 7077
0 20 224 2 -9307 -12672
0 20 225 2 23625 36981
0 20 226 2 24731 37030
0 20 227 2 -22617 -34972
0 20 228 2 2868 32443
0 20 229 2 2060 32911
0 20 230 2 7626 10931
0 20 231 2 -18751 29604
0 20 232 2 -23680 -36215
0 20 233 2 -32548 5050
0 20 234 2 -22576 -38690
0 20 235 2 -9997 -11817
0 20 236 2 -9830 -10456
0 20 237 2 -27586 -14970
0 20 238 2 28469 17805
0 20 239 2 -16614 29793
0 20 240 2 15682 -27770
0 20 241 2 -25086 -38785
0 20 242 2 7261 11820
0 20 243 2 28429 15700
0 20 244 2 -17062 29822
0 20 245 2 22173 37392
0 20 246 2 23967 37532
0 20 247 2 -26069 -37072
0 20 248 2 -4413 -33657
0 20 249 2 -3653 -32797
0 20 250 2 28910 17979
0 20 251 2 -7564 -12657
0 20 252 2 -36292 22332
0 20 253 2 28684 14742
0 20 254 2 3551 31636
0 20 255 2 32580 4945
0 21 0 2 -1473 1240
0 21 1 2 32164 6164
0 21 2 2 37103 -22990
0 21 3 2 -24038 -38765
0 21 4 2 37691 -21054
0 21 5 2 31595 -4472
0 21 6 2 26260 17067
0 21 7 2 -31103 4852
0 21 8 2 -16640 27276
0 21 9 2 -31294 2998
0 21 10 2 -12897 7131
0 21 11 2 12623 -9263
0 21 12 2 -31767 -17021
0 21 13 2 -38057 25442
0 21 14 2 -11844 7947
0 21 15 2 12410 -7705
0 21 16 2 -33710 4446
0 21 17 2 11686 -6778
0 21 18 2 10468 -8150
0 21 19 2 -23916 -38862
0 21 20 2 27997 15883
0 21 21 2 4678 30238
0 21 22 2 -36291 25021
0 21 23 2 38523 -24823
0 21 24 2 29997 17363
0 21 25 2 6239 14511
0 21 26 2 -31084 2419
0 21 27 2 -18409 26007
0 21 28 2 -26449 -15545
0 21 29 2 -23639 -36253
0 21 30 2 -15932 27775
0 21 31 2 -7573 -12922
0 21 32 2 18885 -26698
0 21 33 2 31355 6133
0 21 34 2 -12122 6768
0 21 35 2 -2310 -31669
0 21 36 2 -27225 -18344
0 21 37 2 -2939 -33075
0 21 38 2 32007 -3294
0 21 39 2 36862 -25102
0 21 40 2 31947 -4580
0 21 41 2 -8733 -14284
0 21 42 2 -28298 -17511
0 21 43 2 12483 -8326
0 21 44 2 -28280 -17677
0 21 45 2 12668 -6769
0 21 46 2 10362 13175
0 21 47 2 35554 -22656
0 21 48 2 -12860 6519
0 21 49 2 -24264 -39106
0 21 50 2 -34008 5734
0 21 51 2 -26803 -17665
0 21 52 2 -16470 26227
0 21 53 2 17595 -28742
0 21 54 2 37093 -24264
0 21 55 2 13088 -8643
0 21 56 2 -23477 -34937
0 21 57 2 -34593 2945
0 21 58 2 -11783 9109
0 21 59 2 -6613 -11655
0 21 60 2 -7540 -13140
0 21 61 2 -3814 -32711
0 21 62 2 35893 -21525
0 21 63 2 5604 32667
0 21 64 2 -37378 22745
0 21 65 2 31932 8085
0 21 66 2 -22232 -36251
0 21 67 2 13684 -9062
0 21 68 2 2730 33867
0 21 69 2 27402 16925
0 21 70 2 -16259 27931
0 21 71 2 31462 -4973
0 21 72 2 17264 -28524
0 21 73 2 27379 15704
0 21 74 2 -11478 8917
0 21 75 2 27438 15158
0 21 76 2 -30576 3781
0 21 77 2 28391 16664
0 21 78 2 -4715 -34311
0 21 79 2 -26981 -17623
0 21 80 2 -17328 27990
0 21 81 2 17309 -30652
0 21 82 2 -10674 9193
0 21 83 2 -32427 2681
0 21 84 2 35745 -22200
0 21 85 2 26436 14983
0 21 86 2 -25169 -37906
0 21 87 2 17969 -27863
0 21 88 2 -17341 28069
0 21 89 2 35599 -4337
0 21 90 2 7579 12869
0 21 91 2 -33880 3265
0 21 92 2 13222 -9549
0 21 93 2 -15125 28909
0 21 94 2 -30548 4632
0 21 95 2 7188 11932
0 21 96 2 -11978 5165
0 21 97 2 34067 5494
0 21 98 2 32166 -3825
0 21 99 2 2029 31576
0 21 100 2 -32357 2047
0 21 101 2 -7927 -14664
0 21 102 2 38526 -24586
0 21 103 2 25846 38339
0 21 104 2 -4396 -32918
0 21 105 2 39386 -25143
0 21 106 2 5316 12926
0 21 107 2 37409 -24130
0 21 108 2 -38051 25050
0 21 109 2 -24911 -36969
0 21 110 2 7735 14201
0 21 111 2 28423 16397
0 21 112 2 24827 15227
0 21 113 2 -1205 -443
0 21 114 2 190 251
0 21 115 2 1927 -1851
0 21 116 2 -1011 267
0 21 117 2 -1447 155
0 21 118 2 12 275
0 21 119 2 507 -299
0 21 120 2 -706 1645
0 21 121 2 317 -516
0 21 122 2 -223 982
0 21 123 2 700 -2791
0 21 124 2 2033 -735
0 21 125 2 494 1735
0 21 126 2 -153 1570
0 21 127 2 -340 369
0 21 128 2 -790 -76
0 21 129 2 -1459 452
0 21 130 2 -567 814
0 21 131 2 -1744 -142
0 21 132 2 -1794 -571
0 21 133 2 249 -422
0 21 134 2 3766 549
0 21 135 2 50 580
0 21 136 2 441 777
0 21 137 2 2812 -2239
0 21 138 2 387 607
0 21 139 2 -1229 -133
0 21 140 2 363 -2500
0 21 141 2 123 1677
0 21 142 2 -2322 1483
0 21 143 2 -1041 -550
0 21 144 2 8287 11620
0 21 145 2 30427 16376
0 21 146 2 2823 33289
0 21 147 2 26026 18270
0 21 148 2 -25036 -38277
0 21 149 2 -7454 -11862
0 21 150 2 -6717 -12351
0 21 151 2 -11987 9032
0 21 152 2 7870 11513
0 21 153 2 -6712 -11643
0 21 154 2 -24047 -36128
0 21 155 2 -2177 -34880
0 21 156 2 -26427 -18008
0 21 157 2 28385 17173
0 21 158 2 34160 -4980
0 21 159 2 32344 6368
0 21 160 2 8636 12784
0 21 161 2 31627 -4056
0 21 162 2 -23629 -39407
0 21 163 2 -22624 -36187
0 21 164 2 24628 38591
0 21 165 2 -3840 -31195
0 21 166 2 -23682 -38184
0 21 167 2 4396 33102
0 21 168 2 8076 11822
0 21 169 2 -1573 -31489
0 21 170 2 27446 15850
0 21 171 2 14767 -29863
0 21 172 2 23356 37544
0 21 173 2 27180 16417
0 21 174 2 -2565 -33097
0 21 175 2 28058 17699
0 21 176 2 37205 -23274
0 21 177 2 3225 33185
0 21 178 2 -38208 23891
0 21 179 2 -16019 26008
0 21 180 2 -7333 -12708
0 21 181 2 7993 12053
0 21 182 2 -32577 608
0 21 183 2 -27564 -17174
0 21 184 2 -34237 3310
0 21 185 2 -7933 -12368
0 21 186 2 15442 -9667
0 21 187 2 17189 -28625
0 21 188 2 6705 13497
0 21 189 2 -36686 24162
0 21 190 2 38519 -21409
0 21 191 2 31659 6228
0 21 192 2 16058 -27369
0 21 193 2 -26970 -16729
0 21 194 2 4877 32868
0 21 195 2 15284 -27427
0 21 196 2 7953 11098
0 21 197 2 -13016 7366
0 21 198 2 8420 12899
0 21 199 2 -12046 7331
0 21 200 2 -17920 30355
0 21 201 2 -27977 -14917
0 21 202 2 -9114 -14159
0 21 203 2 -37892 22458
0 21 204 2 12372 -7800
0 21 205 2 -22836 -37970
0 21 206 2 -7793 -13086
0 21 207 2 -29079 -18640
0 21 208 2 37559 -23116
0 21 209 2 27731 16354
0 21 210 2 -33191 2781
0 21 211 2 -37564 23264
0 21 212 2 -26830 -16760
0 21 213 2 26125 15723
0 21 214 2 28904 16772
0 21 215 2 17381 -27150
0 21 216 2 38602 -24034
0 21 217 2 30652 16332
0 21 218 2 -32393 4479
0 21 219 2 8013 12571
0 21 220 2 11685 -7911
0 21 221 2 -6513 -14815
0 21 222 2 -6360 -11319
0 21 223 2 32355 7058
0 21 224 2 -25839 -36719
0 21 225 2 -27722 -16051
0 21 226 2 -27963 -18079
0 21 227 2 -17530 27864
0 21 228 2 38155 -21315
0 21 229 2 32882 -3515
0 21 230 2 30109 16149
0 21 231 2 -31789 2574
0 21 232 2 32756 -4049
0 21 233 2 29537 17603
0 21 234 2 29877 14264
0 21 235 2 -33475 4381
0 21 236 2 17983 -29432
0 21 237 2 -16227 27743
0 21 238 2 7484 11837
0 21 239 2 8302 12484
0 21 240 2 -4484 -33077
0 21 241 2 -32173 2211
0 21 242 2 -22878 -34353
0 21 243 2 -10649 8764
0 21 244 2 30613 -4094
0 21 245 2 -8199 -13797
0 21 246 2 -2967 -31105
0 21 247 2 -37235 21509
0 21 248 2 8452 13678
0 21 249 2 28351 15152
0 21 250 2 -10688 -13646
0 21 251 2 -22544 -35465
0 21 252 2 35642 -26806
0 21 253 2 -28545 -15757
0 21 254 2 24245 38371
0 21 255 2 34226 9189
0 22 0 2 -1841 -1756
0 22 1 2 29433 6583
0 22 2 2 -2032 -32868
0 22 3 2 38713 -24238
0 22 4 2 -17669 25139
0 22 5 2 27832 18183
0 22 6 2 -14144 6466
0 22 7 2 -34110 3359
0 22 8 2 -25513 -39551
0 22 9 2 -27074 -17533
0 22 10 2 32125 -4603
0 22 11 2 -37506 24159
0 22 12 2 4055 30754
0 22 13 2 11705 -9888
0 22 14 2 -771 -34608
0 22 15 2 -17273 29162
0 22 16 2 -13231 9418
0 22 17 2 -12667 6123
0 22 18 2 16056 -30010
0 22 19 2 -24644 -38375
0 22 20 2 -14038 7848
0 22 21 2 -25117 -37259
0 22 22 2 37306 -23349
0 22 23 2 -4854 -32097
0 22 24 2 2963 32935
0 22 25 2 38654 -24171
0 22 26 2 -7410 -12393
0 22 27 2 24199 37356
0 22 28 2 13878 -7132
0 22 29 2 34670 -1740
0 22 30 2 -2248 -33038
0 22 31 2 21962 35505
0 22 32 2 39625 -24048
0 22 33 2 33491 6461
0 22 34 2 34259 -3486
0 22 35 2 -23186 -38320
0 22 36 2 23175 34792
0 22 37 2 -18024 27443
0 22 38 2 28573 16916
0 22 39 2 -3544 -33505
0 22 40 2 -12219 9063
0 22 41 2 -7799 -11970
0 22 42 2 26812 17128
0 22 43 2 -40030 25253
0 22 44 2 32400 -3480
0 22 45 2 11480 -7138
0 22 46 2 -12468 7369
0 22 47 2 -11211 8606
0 22 48 2 -2965 -33233
0 22 49 2 24989 36114
0 22 50 2 -17160 28011
0 22 51 2 -7659 -13925
0 22 52 2 -6721 -13117
0 22 53 2 4464 32092
0 22 54 2 -38596 22177
0 22 55 2 16722 -27487
0 22 56 2 37063 -21825
0 22 57 2 12473 -7337
0 22 58 2 24850 38315
0 22 59 2 37774 -21790
0 22 60 2 39374 -25662
0 22 61 2 -28264 -18083
0 22 62 2 23032 40610
0 22 63 2 -33549 3697
0 22 64 2 2781 31853
0 22 65 2 31407 9822
0 22 66 2 3214 32050
0 22 67 2 -19772 28949
0 22 68 2 -37837 22444
0 22 69 2 24414 38151
0 22 70 2 -34369 4880
0 22 71 2 -13168 7333
0 22 72 2 -5754 -12305
0 22 73 2 -28160 -15679
0 22 74 2 -15243 29532
0 22 75 2 24342 38910
0 22 76 2 -16003 26353
0 22 77 2 5398 30631
0 22 78 2 27206 18315
0 22 79 2 -27063 -18115
0 22 80 2 -23698 -39277
0 22 81 2 2936 31293
0 22 82 2 38817 -23028
0 22 83 2 36711 -24080
0 22 84 2 -11781 5550
0 22 85 2 37902 -24247
0 22 86 2 11393 -7889
0 22 87 2 39569 -24816
0 22 88 2 -3110 -31290
0 22 89 2 10485 12634
0 22 90 2 -8543 -12375
0 22 91 2 -27768 -16131
0 22 92 2 -22993 -36876
0 22 93 2 17156 -27712
0 22 94 2 20733 38861
0 22 95 2 -31838 2815
0 22 96 2 11674 -7250
0 22 97 2 31509 7948
0 22 98 2 978 34123
0 22 99 2 6901 10646
0 22 100 2 16439 -26438
0 22 101 2 3242 33611
0 22 102 2 16164 -28047
0 22 103 2 -13962 8950
0 22 104 2 -3264 -32508
0 22 105 2 -24509 -36672
0 22 106 2 11270 -6964
0 22 107 2 -34728 4315
0 22 108 2 -24993 -14458
0 22 109 2 -31575 4540
0 22 110 2 4584 34552
0 22 111 2 17648 -28736
0 22 112 2 -37643 23171
0 22 113 2 42 482
0 22 114 2 2733 -694
0 22 115 2 -1370 -40
0 22 116 2 941 -3
0 22 117 2 1114 -793
0 22 118 2 -1894 2220
0 22 119 2 953 1513
0 22 120 2 -1524 1489
0 22 121 2 -428 1326
0 22 122 2 -590 -14
0 22 123 2 311 616
0 22 124 2 -1301 -1606
0 22 125 2 -2022 739
0 22 126 2 260 -807
0 22 127 2 -1292 321
0 22 128 2 -996 3190
0 22 129 2 -112 -545
0 22 130 2 -72 75
0 22 131 2 90 -1278
0 22 132 2 2725 636
0 22 133 2 1690 -980
0 22 134 2 816 506
0 22 135 2 1183 814
0 22 136 2 324 100
0 22 137 2 -384 -733
0 22 138 2 8 1215
0 22 139 2 -1672 -160
0 22 140 2 -1103 -224
0 22 141 2 -191 -520
0 22 142 2 45 -1137
0 22 143 2 619 823
0 22 144 2 34572 -5888
0 22 145 2 30702 -2602
0 22 146 2 -33585 3973
0 22 147 2 -4564 -32455
0 22 148 2 2998 32327
0 22 149 2 -22915 -35385
0 22 150 2 28024 16109
0 22 151 2 12416 -7486
0 22 152 2 9376 13081
0 22 153 2 23009 38657
0 22 154 2 -32262 1815
0 22 155 2 -6856 -12179
0 22 156 2 -36924 23224
0 22 157 2 3187 32067
0 22 158 2 -1517 -31437
0 22 159 2 33743 6810
0 22 160 2 17526 -27539
0 22 161 2 -18049 29968
0 22 162 2 -22984 -37442
0 22 163 2 -22866 -36841
0 22 164 2 -5770 -11647
0 22 165 2 34904 -21623
0 22 166 2 -14910 8633
0 22 167 2 35962 -21994
0 22 168 2 -260 33718
0 22 169 2 4805 34445
0 22 170 2 28278 15234
0 22 171 2 -16169 28199
0 22 172 2 -4156 -33797
0 22 173 2 6903 11656
0 22 174 2 35776 -22085
0 22 175 2 -15797 29519
0 22 176 2 6967 12691
0 22 177 2 -10338 8336
0 22 178 2 -32874 3510
0 22 179 2 -8450 -12140
0 22 180 2 -7540 -12646
0 22 181 2 6903 12600
0 22 182 2 -1509 -30677
0 22 183 2 33301 -4579
0 22 184 2 -28144 -16848
0 22 185 2 -11870 8351
0 22 186 2 -29731 -15424
0 22 187 2 38286 -24756
0 22 188 2 -24370 -35903
0 22 189 2 -25363 -16399
0 22 190 2 6464 32689
0 22 191 2 31179 7002
0 22 192 2 -28088 -15483
0 22 193 2 10395 -8340
0 22 194 2 -27172 -15272
0 22 195 2 -32201 4897
0 22 196 2 -3173 -32193
0 22 197 2 -25702 -36302
0 22 198 2 -16109 29299
0 22 199 2 3749 33269
0 22 200 2 -31719 -15484
0 22 201 2 -37133 25550
0 22 202 2 12419 -8041
0 22 203 2 -30578 4270
0 22 204 2 -12548 5932
0 22 205 2 -32630 4218
0 22 206 2 17074 -28905
0 22 207 2 -11362 8363
0 22 208 2 17889 -29467
0 22 209 2 -2352 -30508
0 22 210 2 791 33976
0 22 211 2 4845 31240
0 22 212 2 25583 36714
0 22 213 2 -8972 -13114
0 22 214 2 -27434 -16731
0 22 215 2 -17697 27942
0 22 216 2 27434 18749
0 22 217 2 2901 33661
0 22 218 2 13059 -8842
0 22 219 2 32167 -4094
0 22 220 2 -18432 28952
0 22 221 2 -31700 3070
0 22 222 2 -33348 5631
0 22 223 2 32884 6604
0 22 224 2 -7218 -12141
0 22 225 2 11853 -8271
0 22 226 2 -33557 24595
0 22 227 2 -24869 -15569
0 22 228 2 -27297 -17444
0 22 229 2 12212 -6919
0 22 230 2 16386 -27688
0 22 231 2 -37586 22945
0 22 232 2 27383 18024
0 22 233 2 35260 -3731
0 22 234 2 1514 33630
0 22 235 2 27994 18522
0 22 236 2 -38327 23792
0 22 237 2 -29107 -16513
0 22 238 2 17053 -28898
0 22 239 2 -37985 21818
0 22 240 2 12453 -7422
0 22 241 2 -26297 -18338
0 22 242 2 27756 16982
0 22 243 2 1944 30617
0 22 244 2 -1728 -33292
0 22 245 2 -32174 2712
0 22 246 2 -16121 25341
0 22 247 2 37056 -23348
0 22 248 2 -11882 10093
0 22 249 2 36497 -25542
0 22 250 2 -16399 26924
0 22 251 2 -7728 -13135
0 22 252 2 -13674 9493
0 22 253 2 -1267 -32599
0 22 254 2 23750 37263
0 22 255 2 33573 8644
0 23 0 2 820 -1242
0 23 1 2 31151 7157
0 23 2 2 -9395 -11712
0 23 3 2 20213 38756
0 23 4 2 33020 -3679
0 23 5 2 -8247 -12532
0 23 6 2 2685 31997
0 23 7 2 36286 -20983
0 23 8 2 -23947 -37605
0 23 9 2 -25855 -16528
0 23 10 2 -12698 8297
0 23 11 2 5798 12336
0 23 12 2 18393 -29215
0 23 13 2 35071 -3649
0 23 14 2 13304 -9130
0 23 15 2 35588 -23040
0 23 16 2 -4289 -32479
0 23 17 2 -25467 -36854
0 23 18 2 -6211 -12012
0 23 19 2 -11527 7516
0 23 20 2 -33218 2995
0 23 21 2 -11189 7988
0 23 22 2 2365 33796
0 23 23 2 -453 -31908
0 23 24 2 -33447 1324
0 23 25 2 -24496 -37572
0 23 26 2 -36835 23789
0 23 27 2 4192 31608
0 23 28 2 1762 31391
0 23 29 2 -18044 28653
0 23 30 2 -11873 7289
0 23 31 2 36180 -22962
0 23 32 2 -35324 21362
0 23 33 2 31343 7478
0 23 34 2 -26883 -16926
0 23 35 2 -12366 9273
0 23 36 2 -4550 -32756
0 23 37 2 -37626 22755
0 23 38 2 -15070 27462
0 23 39 2 -33836 4150
0 23 40 2 10346 -9110
0 23 41 2 -19551 27569
0 23 42 2 12913 -7969
0 23 43 2 20085 -28283
0 23 44 2 -10591 7517
0 23 45 2 16091 -28926
0 23 46 2 30770 -3256
0 23 47 2 -12061 5599
0 23 48 2 -3299 -29845
0 23 49 2 38902 -23454
0 23 50 2 -16400 27720
0 23 51 2 28682 16240
0 23 52 2 -16586 27964
0 23 53 2 -27829 -16633
0 23 54 2 27068 18022
0 23 55 2 -36385 23275
0 23 56 2 27813 17934
0 23 57 2 8366 12503
0 23 58 2 2704 31920
0 23 59 2 35271 -22758
0 23 60 2 -5065 -33181
0 23 61 2 12381 -7612
0 23 62 2 17983 -27617
0 23 63 2 12373 -7957
0 23 64 2 -514 -32077
0 23 65 2 30629 6802
0 23 66 2 -23136 -37492
0 23 67 2 -28943 -16933
0 23 68 2 16334 -28900
0 23 69 2 -2874 -32990
0 23 70 2 19772 -27568
0 23 71 2 18463 -29113
0 23 72 2 -37863 21595
0 23 73 2 -18232 27454
0 23 74 2 -6427 -13737
0 23 75 2 27318 15326
0 23 76 2 2496 33540
0 23 77 2 -26227 -17394
0 23 78 2 26798 18871
0 23 79 2 -34475 4392
0 23 80 2 -11418 8322
0 23 81 2 -4991 -14300
0 23 82 2 -32899 2388
0 23 83 2 28518 14982
0 23 84 2 -16061 27257
0 23 85 2 12371 -9004
0 23 86 2 12189 -6896
0 23 87 2 27471 16935
0 23 88 2 30980 -1719
0 23 89 2 -25920 -17540
0 23 90 2 17641 -29028
0 23 91 2 13442 -9254
0 23 92 2 31130 -2049
0 23 93 2 24226 36099
0 23 94 2 3587 33408
0 23 95 2 -33261 2555
0 23 96 2 9915 11749
0 23 97 2 31578 7922
0 23 98 2 32054 -1186
0 23 99 2 -6765 -15105
0 23 100 2 -22541 -38519
0 23 101 2 -7773 -11212
0 23 102 2 28546 16695
0 23 103 2 -16398 25507
0 23 104 2 -31836 3645
0 23 105 2 31889 -3310
0 23 106 2 11348 -7832
0 23 107 2 -9437 -10816
0 23 108 2 24902 39521
0 23 109 2 -3572 -31528
0 23 110 2 -35262 23157
0 23 111 2 11900 -8068
0 23 112 2 -31785 1662
0 23 113 2 1273 -1168
0 23 114 2 -1224 1221
0 23 115 2 -1410 35
0 23 116 2 66 -172
0 23 117 2 -2187 -912
0 23 118 2 -769 2605
0 23 119 2 4 947
0 23 120 2 -2352 274
0 23 121 2 -611 -499
0 23 122 2 333 -434
0 23 123 2 1377 -712
0 23 124 2 -1250 1028
0 23 125 2 1 2575
0 23 126 2 -505 865
0 23 127 2 502 25
0 23 128 2 -1305 1509
0 23 129 2 -846 93
0 23 130 2 -349 -3937
0 23 131 2 -424 300
0 23 132 2 -679 211
0 23 133 2 -710 347
0 23 134 2 2188 -1174
0 23 135 2 1182 2165
0 23 136 2 572 1094
0 23 137 2 1868 -1673
0 23 138 2 1664 -759
0 23 139 2 364 221
0 23 140 2 -512 1770
0 23 141 2 237 -612
0 23 142 2 -1087 554
0 23 143 2 -393 -1210
0 23 144 2 -2597 -33331
0 23 145 2 37741 -22324
0 23 146 2 -23942 -36302
0 23 147 2 -17487 29583
0 23 148 2 -2131 -33954
0 23 149 2 28812 18283
0 23 150 2 38218 -20516
0 23 151 2 33379 -1197
0 23 152 2 5851 11942
0 23 153 2 -19220 26304
0 23 154 2 23180 36465
0 23 155 2 34750 -1821
0 23 156 2 31686 -1636
0 23 157 2 -38260 23394
0 23 158 2 -9093 -11529
0 23 159 2 32378 6616
0 23 160 2 37218 -21538
0 23 161 2 -17443 27869
0 23 162 2 -29005 -18280
0 23 163 2 8867 12008
0 23 164 2 8643 9992
0 23 165 2 24127 38601
0 23 166 2 11910 -7709
0 23 167 2 -2300 -30026
0 23 168 2 -33758 2360
0 23 169 2 -16530 26924
0 23 170 2 1808 33415
0 23 171 2 -35239 23105
0 23 172 2 32054 -2010
0 23 173 2 -27430 -17319
0 23 174 2 34878 -3899
0 23 175 2 7903 12425
0 23 176 2 8674 11510
0 23 177 2 18209 -27577
0 23 178 2 36236 -20653
0 23 179 2 -19689 28084
0 23 180 2 -37296 21429
0 23 181 2 22520 37526
0 23 182 2 -11379 7109
0 23 183 2 3872 32387
0 23 184 2 -21097 -37378
0 23 185 2 -16646 26572
0 23 186 2 1793 31102
0 23 187 2 -7248 -12898
0 23 188 2 7716 13425
0 23 189 2 -35059 21265
0 23 190 2 36774 -23080
0 23 191 2 30201 7029
0 23 192 2 -24671 -39451
0 23 193 2 -27317 -18263
0 23 194 2 27674 19887
0 23 195 2 -4235 -31164
0 23 196 2 -7726 -12513
0 23 197 2 -26938 -17566
0 23 198 2 6926 10074
0 23 199 2 8144 10925
0 23 200 2 28733 17390
0 23 201 2 8467 13673
0 23 202 2 32128 -4120
0 23 203 2 -36469 22469
0 23 204 2 27013 38231
0 23 205 2 8372 11274
0 23 206 2 22838 37209
0 23 207 2 27690 17269
0 23 208 2 -13547 8304
0 23 209 2 -30412 2775
0 23 210 2 -34165 1720
0 23 211 2 -17725 28256
0 23 212 2 12110 -7047
0 23 213 2 21365 38231
0 23 214 2 3590 32056
0 23 215 2 -27186 -16073
0 23 216 2 -1882 -32984
0 23 217 2 -2438 -31697
0 23 218 2 -27759 -18641
0 23 219 2 -33777 516
0 23 220 2 -29007 -17729
0 23 221 2 37621 -21346
0 23 222 2 -39291 25440
0 23 223 2 31668 8077
0 23 224 2 -8377 -11753
0 23 225 2 8660 15656
0 23 226 2 -28312 -16455
0 23 227 2 -4344 -32900
0 23 228 2 -20723 -35308
0 23 229 2 -19004 29014
0 23 230 2 28207 17021
0 23 231 2 3935 34058
0 23 232 2 4736 10767
0 23 233 2 10722 -8543
0 23 234 2 -12404 9093
0 23 235 2 36863 -24016
0 23 236 2 164 33270
0 23 237 2 -27054 -18477
0 23 238 2 -9446 -13920
0 23 239 2 8302 13060
0 23 240 2 -28217 -17679
0 23 241 2 -36608 21299
0 23 242 2 8081 14070
0 23 243 2 -25417 -37351
0 23 244 2 -27665 -16566
0 23 245 2 7043 13135
0 23 246 2 17927 -27455
0 23 247 2 22690 37893
0 23 248 2 -38674 21575
0 23 249 2 -16854 28175
0 23 250 2 -17095 28775
0 23 251 2 17982 -27686
0 23 252 2 26547 19292
0 23 253 2 36939 -21291
0 23 254 2 28541 17557
0 23 255 2 30997 10789
0 24 0 2 -1219 -1684
0 24 1 2 31213 8325
0 24 2 2 20364 38223
0 24 3 2 -17364 27705
0 24 4 2 -32102 3186
0 24 5 2 14523 -7643
0 24 6 2 39572 -24180
0 24 7 2 21404 37549
0 24 8 2 -32588 4437
0 24 9 2 -7879 -13624
0 24 10 2 22759 35979
0 24 11 2 15729 -28213
0 24 12 2 -7059 -10172
0 24 13 2 25975 17551
0 24 14 2 2357 32468
0 24 15 2 36718 -21485
0 24 16 2 -33893 2280
0 24 17 2 29412 -2958
0 24 18 2 18053 -26707
0 24 19 2 -10640 7725
0 24 20 2 18309 -28086
0 24 21 2 -7342 -11662
0 24 22 2 -3744 -34677
0 24 23 2 7216 13186
0 24 24 2 16419 -25239
0 24 25 2 21389 38050
0 24 26 2 -29070 -17572
0 24 27 2 19238 -27576
0 24 28 2 13314 -6691
0 24 29 2 -18470 28860
0 24 30 2 -3841 -34344
0 24 31 2 -24064 -36938
0 24 32 2 13475 -6317
0 24 33 2 31111 9198
0 24 34 2 -20843 27772
0 24 35 2 -17640 28506
0 24 36 2 -10959 6121
0 24 37 2 -13230 7559
0 24 38 2 -11552 8554
0 24 39 2 -37052 23379
0 24 40 2 5302 13302
0 24 41 2 7796 12186
0 24 42 2 -26541 -17062
0 24 43 2 27241 16751
0 24 44 2 1424 30447
0 24 45 2 -12792 6699
0 24 46 2 -3221 -32483
0 24 47 2 17714 -28179
0 24 48 2 -22475 -37897
0 24 49 2 -7165 -14209
0 24 50 2 16906 -27694
0 24 51 2 3358 34327
0 24 52 2 12505 -9155
0 24 53 2 -23916 -38410
0 24 54 2 4504 32472
0 24 55 2 -32391 3777
0 24 56 2 -32190 1185
0 24 57 2 -20932 -37374
0 24 58 2 11787 -7643
0 24 59 2 28748 17644
0 24 60 2 -1896 -30315
0 24 61 2 -29385 -17416
0 24 62 2 -30586 2652
0 24 63 2 -36272 20912
0 24 64 2 31599 -2803
0 24 65 2 31356 8832
0 24 66 2 32424 -2121
0 24 67 2 -21493 -37141
0 24 68 2 23369 38346
0 24 69 2 29045 15619
0 24 70 2 17173 -25487
0 24 71 2 1696 33524
0 24 72 2 -36151 23158
0 24 73 2 -22956 -40225
0 24 74 2 34377 -5050
0 24 75 2 15805 -26583
0 24 76 2 2648 33669
0 24 77 2 -12689 6273
0 24 78 2 27868 17462
0 24 79 2 12539 -8441
0 24 80 2 -2668 -32126
0 24 81 2 -33152 2177
0 24 82 2 -8410 -13458
0 24 83 2 8265 12250
0 24 84 2 30068 19043
0 24 85 2 11664 -7057
0 24 86 2 -19452 28463
0 24 87 2 -2523 -32161
0 24 88 2 -23771 -38653
0 24 89 2 -22511 -35947
0 24 90 2 -17044 29674
0 24 91 2 -34076 2854
0 24 92 2 4473 33022
0 24 93 2 2045 35559
0 24 94 2 407 31877
0 24 95 2 7908 13390
0 24 96 2 3510 35241
0 24 97 2 32338 10089
0 24 98 2 -22435 -38778
0 24 99 2 -18372 30017
0 24 100 2 27301 18996
0 24 101 2 -27994 -16983
0 24 102 2 37063 -23055
0 24 103 2 26937 19233
0 24 104 2 -1849 -31447
0 24 105 2 7467 13817
0 24 106 2 -20696 -37563
0 24 107 2 -8142 -13186
0 24 108 2 15320 -26361
0 24 109 2 -23349 -37554
0 24 110 2 -22967 -35104
0 24 111 2 38223 -23069
0 24 112 2 -34119 2445
0 24 113 2 94 559
0 24 114 2 -582 -1164
0 24 115 2 448 1375
0 24 116 2 1093 1773
0 24 117 2 -882 471
0 24 118 2 -736 1817
0 24 119 2 831 2150
0 24 120 2 -275 -603
0 24 121 2 1221 -817
0 24 122 2 -151 -816
0 24 123 2 2395 471
0 24 124 2 636 -1144
0 24 125 2 -1921 1035
0 24 126 2 -2290 2533
0 24 127 2 1325 1431
0 24 128 2 -1285 377
0 24 129 2 1912 311
0 24 130 2 -336 -733
0 24 131 2 1443 -528
0 24 132 2 -298 -542
0 24 133 2 224 1326
0 24 134 2 1684 -190
0 24 135 2 -243 477
0 24 136 2 -293 -81
0 24 137 2 -2627 -811
0 24 138 2 -691 1102
0 24 139 2 -718 618
0 24 140 2 -1292 401
0 24 141 2 219 -1558
0 24 142 2 -1261 -1716
0 24 143 2 1139 -440
0 24 144 2 6985 10400
0 24 145 2 -6787 -13337
0 24 146 2 -6971 -12965
0 24 147 2 29411 15339
0 24 148 2 -11144 6244
0 24 149 2 -1479 -33262
0 24 150 2 26151 38131
0 24 151 2 38948 -22954
0 24 152 2 -2671 -34406
0 24 153 2 343 32943
0 24 154 2 -35207 24586
0 24 155 2 7215 14273
0 24 156 2 31360 -1461
0 24 157 2 7444 12845
0 24 158 2 -6824 -11819
0 24 159 2 33488 8028
0 24 160 2 32714 -870
0 24 161 2 -735 -32312
0 24 162 2 22485 38784
0 24 163 2 -3874 -32474
0 24 164 2 -31476 1278
0 24 165 2 -2420 -33180
0 24 166 2 -18551 26099
0 24 167 2 -32423 4263
0 24 168 2 6762 10539
0 24 169 2 -20432 -40414
0 24 170 2 23297 38389
0 24 171 2 22670 38078
0 24 172 2 12460 -6813
0 24 173 2 37671 -21852
0 24 174 2 788 32827
0 24 175 2 -3115 -31859
0 24 176 2 -33107 3447
0 24 177 2 21561 39013
0 24 178 2 32624 -1017
0 24 179 2 22730 37503
0 24 180 2 -22462 -41198
0 24 181 2 -38126 24061
0 24 182 2 -16237 27284
0 24 183 2 36436 -23257
0 24 184 2 -28334 -20078
0 24 185 2 -12455 8487
0 24 186 2 23342 38391
0 24 187 2 -28071 -18101
0 24 188 2 22411 35969
0 24 189 2 -1089 -33619
0 24 190 2 3240 33807
0 24 191 2 30548 7375
0 24 192 2 18805 -26230
0 24 193 2 27461 18120
0 24 194 2 36574 -22912
0 24 195 2 21600 39319
0 24 196 2 5729 12243
0 24 197 2 36107 -22121
0 24 198 2 -18221 26909
0 24 199 2 9062 12836
0 24 200 2 24190 37960
0 24 201 2 -35760 23876
0 24 202 2 -33432 1052
0 24 203 2 -15151 27195
0 24 204 2 12878 -7852
0 24 205 2 -22990 -36386
0 24 206 2 21626 37654
0 24 207 2 7660 11341
0 24 208 2 -2083 -32446
0 24 209 2 38703 -23105
0 24 210 2 -12371 6675
0 24 211 2 -13203 8481
0 24 212 2 19417 -30262
0 24 213 2 -22613 -38060
0 24 214 2 -33754 3898
0 24 215 2 4955 33431
0 24 216 2 -35541 21357
0 24 217 2 -27857 -18209
0 24 218 2 27943 18406
0 24 219 2 -28059 -18230
0 24 220 2 2256 34282
0 24 221 2 33362 -2092
0 24 222 2 -23745 -38285
0 24 223 2 31754 9606
0 24 224 2 -10832 7134
0 24 225 2 5647 12744
0 24 226 2 1596 32348
0 24 227 2 -13149 8182
0 24 228 2 -33125 1974
0 24 229 2 23014 35406
0 24 230 2 32012 -4037
0 24 231 2 -4372 -32140
0 24 232 2 -27317 -19125
0 24 233 2 -23123 -35954
0 24 234 2 38144 -22334
0 24 235 2 23144 36748
0 24 236 2 1542 29706
0 24 237 2 27370 16760
0 24 238 2 32784 -3416
0 24 239 2 -3437 -31846
0 24 240 2 14929 -5943
0 24 241 2 8687 13471
0 24 242 2 3797 32547
0 24 243 2 -6222 -11631
0 24 244 2 37376 -23850
0 24 245 2 -5907 -13859
0 24 246 2 22905 37717
0 24 247 2 12612 -6246
0 24 248 2 38054 -21953
0 24 249 2 37066 -22074
0 24 250 2 2578 33229
0 24 251 2 25999 18222
0 24 252 2 -37360 21937
0 24 253 2 -27737 -15543
0 24 254 2 -2017 -35562
0 24 255 2 32127 8175
0 25 0 2 900 -907
0 25 1 2 33110 10314
0 25 2 2 -2053 -32770
0 25 3 2 -11540 7322
0 25 4 2 10983 12714
0 25 5 2 -27401 -17191
0 25 6 2 3706 32246
0 25 7 2 -37519 22445
0 25 8 2 7085 12382
0 25 9 2 -18241 27101
0 25 10 2 31859 -925
0 25 11 2 -12230 6799
0 25 12 2 4392 12132
0 25 13 2 -1862 -32758
0 25 14 2 -28572 -16523
0 25 15 2 6630 12361
0 25 16 2 27903 16340
0 25 17 2 -33871 4020
0 25 18 2 -20258 -40345
0 25 19 2 35366 -21871
0 25 20 2 11767 -7016
0 25 21 2 2027 32472
0 25 22 2 -12398 8049
0 25 23 2 -19525 -38267
0 25 24 2 21602 39014
0 25 25 2 330 33811
0 25 26 2 -16046 27674
0 25 27 2 -37682 22154
0 25 28 2 39592 -21730
0 25 29 2 -17248 25767
0 25 30 2 -37653 22940
0 25 31 2 -17361 26613
0 25 32 2 23900 37141
0 25 33 2 31630 7909
0 25 34 2 -27816 -17883
0 25 35 2 -10909 8344
0 25 36 2 13484 -5798
0 25 37 2 19722 35689
0 25 38 2 -21791 -37791
0 25 39 2 1459 34848
0 25 40 2 -7963 -12651
0 25 41 2 -33818 1864
0 25 42 2 -20629 -38466
0 25 43 2 27156 15461
0 25 44 2 18807 -25872
0 25 45 2 -4222 -31252
0 25 46 2 -1492 -31985
0 25 47 2 -21368 -38680
0 25 48 2 11433 -8601
0 25 49 2 -19415 26177
0 25 50 2 -8004 -12788
0 25 51 2 -21423 -39244
0 25 52 2 -28114 -17530
0 25 53 2 -10864 6952
0 25 54 2 -17989 26642
0 25 55 2 2527 31566
0 25 56 2 -36327 21824
0 25 57 2 22676 37963
0 25 58 2 31372 -1122
0 25 59 2 -26668 -19261
0 25 60 2 18215 -25626
0 25 61 2 4902 34644
0 25 62 2 27591 17644
0 25 63 2 -31336 2388
0 25 64 2 -38627 21118
0 25 65 2 31128 9326
0 25 66 2 -17973 28370
0 25 67 2 31161 -4789
0 25 68 2 33023 -1910
0 25 69 2 -32156 3530
0 25 70 2 4698 31929
0 25 71 2 14517 -10378
0 25 72 2 -21896 -38241
0 25 73 2 -8670 -13170
0 25 74 2 -17585 27739
0 25 75 2 -4560 -32764
0 25 76 2 -4528 -31548
0 25 77 2 26933 19045
0 25 78 2 -31339 1217
0 25 79 2 -33766 3322
0 25 80 2 26447 17355
0 25 81 2 -19959 -35206
0 25 82 2 27252 15870
0 25 83 2 -38115 20732
0 25 84 2 -18107 28426
0 25 85 2 -32885 3342
0 25 86 2 28692 19346
0 25 87 2 17565 -26487
0 25 88 2 -37610 23384
0 25 89 2 22559 39683
0 25 90 2 -30630 3159
0 25 91 2 -18458 27905
0 25 92 2 -37475 22502
0 25 93 2 -12813 6908
0 25 94 2 28635 17354
0 25 95 2 36925 -23320
0 25 96 2 27047 17392
0 25 97 2 30861 9127
0 25 98 2 33236 -1640
0 25 99 2 -37541 23688
0 25 100 2 -18833 27671
0 25 101 2 29352 18289
0 25 102 2 -7946 -13541
0 25 103 2 22433 36478
0 25 104 2 -18222 28102
0 25 105 2 -1099 -33006
0 25 106 2 32244 -3084
0 25 107 2 4069 33008
0 25 108 2 -28261 -19782
0 25 109 2 6615 12944
0 25 110 2 -38999 21965
0 25 111 2 13551 -7558
0 25 112 2 22846 37268
0 25 113 2 121 -520
0 25 114 2 1372 -361
0 25 115 2 166 -1960
0 25 116 2 -800 254
0 25 117 2 -1795 -925
0 25 118 2 -689 1066
0 25 119 2 728 -831
0 25 120 2 -987 -1029
0 25 121 2 -186 645
0 25 122 2 -1216 -1720
0 25 123 2 1384 231
0 25 124 2 -1987 -262
0 25 125 2 -1338 -807
0 25 126 2 2162 -315
0 25 127 2 -1371 2390
0 25 128 2 -686 -1350
0 25 129 2 268 -57
0 25 130 2 3517 -569
0 25 131 2 -998 -1501
0 25 132 2 732 -2163
0 25 133 2 49 1656
0 25 134 2 270 1372
0 25 135 2 331 -269
0 25 136 2 -2715 -1111
0 25 137 2 -1107 -818
0 25 138 2 1733 -2069
0 25 139 2 627 -716
0 25 140 2 -220 -1931
0 25 141 2 -3312 -249
0 25 142 2 1130 1745
0 25 143 2 2185 1229
0 25 144 2 7217 12024
0 25 145 2 -37779 20898
0 25 146 2 -2592 -31897
0 25 147 2 17897 -27800
0 25 148 2 18780 -27304
0 25 149 2 29625 18093
0 25 150 2 27232 17781
0 25 151 2 2052 31154
0 25 152 2 18573 -24941
0 25 153 2 -19723 27943
0 25 154 2 -27155 -19963
0 25 155 2 -31908 945
0 25 156 2 17533 -27756
0 25 157 2 -26476 -17179
0 25 158 2 -7357 -10170
0 25 159 2 33310 9423
0 25 160 2 -26754 -19423
0 25 161 2 27985 17932
0 25 162 2 26665 17071
0 25 163 2 26058 17279
0 25 164 2 19511 -27497
0 25 165 2 38265 -21840
0 25 166 2 10366 11878
0 25 167 2 -13508 6965
0 25 168 2 37788 -22802
0 25 169 2 13060 -5191
0 25 170 2 30316 19530
0 25 171 2 22369 35578
0 25 172 2 -25794 -16323
0 25 173 2 -6690 -13231
0 25 174 2 -8856 -13853
0 25 175 2 -21882 -38127
0 25 176 2 -7691 -11906
0 25 177 2 34080 -2003
0 25 178 2 -8398 -12606
0 25 179 2 29334 15412
0 25 180 2 -2207 -33390
0 25 181 2 12850 -7573
0 25 182 2 12587 -7965
0 25 183 2 -29729 -17634
0 25 184 2 31164 -3547
0 25 185 2 -13511 6106
0 25 186 2 -4184 -33756
0 25 187 2 13675 -6708
0 25 188 2 -12117 6592
0 25 189 2 -16090 27733
0 25 190 2 -37941 22889
0 25 191 2 33255 7264
0 25 192 2 -32851 2780
0 25 193 2 -11983 6401
0 25 194 2 6461 11637
0 25 195 2 -32151 4006
0 25 196 2 -410 -32022
0 25 197 2 22187 39169
0 25 198 2 -6422 -11483
0 25 199 2 -21744 -38388
0 25 200 2 -21870 -38873
0 25 201 2 -21713 -37861
0 25 202 2 -17721 29281
0 25 203 2 16016 -26986
0 25 204 2 37519 -21823
0 25 205 2 33775 -2797
0 25 206 2 3164 34142
0 25 207 2 22714 38535
0 25 208 2 -22404 -36236
0 25 209 2 3881 30176
0 25 210 2 36181 -22370
0 25 211 2 -39132 21531
0 25 212 2 -22878 -39055
0 25 213 2 -8162 -13327
0 25 214 2 21867 37840
0 25 215 2 31898 -2336
0 25 216 2 -24270 -38345
0 25 217 2 -25295 -18734
0 25 218 2 38178 -22888
0 25 219 2 18801 -28178
0 25 220 2 -33071 864
0 25 221 2 -26975 -17740
0 25 222 2 -12991 7924
0 25 223 2 30374 8697
0 25 224 2 -3801 -32638
0 25 225 2 -17860 28715
0 25 226 2 32236 -2181
0 25 227 2 -1215 -31976
0 25 228 2 21966 39840
0 25 229 2 39541 -22090
0 25 230 2 3039 33587
0 25 231 2 31651 -2508
0 25 232 2 12610 -7722
0 25 233 2 -4421 -31091
0 25 234 2 -27894 -17856
0 25 235 2 23312 37704
0 25 236 2 -6327 -13587
0 25 237 2 -7205 -12835
0 25 238 2 21436 38280
0 25 239 2 29564 18305
0 25 240 2 -10896 6875
0 25 241 2 16935 -28044
0 25 242 2 12249 -7087
0 25 243 2 -15774 28333
0 25 244 2 16608 -27424
0 25 245 2 -34446 2911
0 25 246 2 36513 -20290
0 25 247 2 -8598 -11981
0 25 248 2 -8816 -12574
0 25 249 2 -37056 21607
0 25 250 2 -12700 8050
0 25 251 2 26591 17887
0 25 252 2 11403 -6966
0 25 253 2 3090 31221
0 25 254 2 -39020 23113
0 25 255 2 31987 9539
0 26 0 2 158 94
0 26 1 2 31628 7894
0 26 2 2 2529 31564
0 26 3 2 423 31600
0 26 4 2 -11698 7331
0 26 5 2 33696 -1420
0 26 6 2 -28308 -17986
0 26 7 2 6029 11559
0 26 8 2 -29390 -371
0 26 9 2 17276 -27412
0 26 10 2 710 33368
0 26 11 2 -6967 -12136
0 26 12 2 -5109 -11438
0 26 13 2 -18182 27819
0 26 14 2 1801 32450
0 26 15 2 6954 11143
0 26 16 2 22021 37804
0 26 17 2 -39993 21732
0 26 18 2 21168 40968
0 26 19 2 1586 32008
0 26 20 2 -22402 -37935
0 26 21 2 13477 -5968
0 26 22 2 17999 -27754
0 26 23 2 17519 -25885
0 26 24 2 37899 -21691
0 26 25 2 28534 16883
0 26 26 2 6643 12111
0 26 27 2 -34453 1508
0 26 28 2 -31315 2519
0 26 29 2 25309 16773
0 26 30 2 -35087 587
0 26 31 2 -2367 -34252
0 26 32 2 -38842 20890
0 26 33 2 30752 9392
0 26 34 2 37009 -22383
0 26 35 2 -5763 -16657
0 26 36 2 7467 13385
0 26 37 2 7019 12521
0 26 38 2 -8610 -11957
0 26 39 2 -11377 8215
0 26 40 2 38580 -21620
0 26 41 2 -39173 20906
0 26 42 2 -32096 22
0 26 43 2 -32879 -11
0 26 44 2 -7729 -11191
0 26 45 2 -18757 28379
0 26 46 2 -39088 23013
0 26 47 2 -898 -35494
0 26 48 2 -23939 -17775
0 26 49 2 -3459 -32587
0 26 50 2 15557 -27592
0 26 51 2 -789 -34226
0 26 52 2 -32707 2444
0 26 53 2 38864 -22957
0 26 54 2 6041 13975
0 26 55 2 -17672 27744
0 26 56 2 17126 -28739
0 26 57 2 13964 -8556
0 26 58 2 32482 -4089
0 26 59 2 20367 -26174
0 26 60 2 26958 16825
0 26 61 2 -3958 -31235
0 26 62 2 -2753 -31816
0 26 63 2 32695 -2009
0 26 64 2 -22595 -39067
0 26 65 2 31964 10765
0 26 66 2 13704 -7146
0 26 67 2 7451 12689
0 26 68 2 32885 -1780
0 26 69 2 -2255 -32179
0 26 70 2 -3296 -32113
0 26 71 2 -9434 -12230
0 26 72 2 -207 31237
0 26 73 2 -4757 -11494
0 26 74 2 -39422 20412
0 26 75 2 -22248 -37768
0 26 76 2 -18458 27998
0 26 77 2 22942 37034
0 26 78 2 -25235 -16204
0 26 79 2 -31523 2579
0 26 80 2 -22034 -36357
0 26 81 2 4098 30000
0 26 82 2 -21530 -38030
0 26 83 2 7671 14649
0 26 84 2 -20456 -37708
0 26 85 2 -36294 19013
0 26 86 2 2532 33530
0 26 87 2 -17338 29246
0 26 88 2 13825 -8422
0 26 89 2 28291 19111
0 26 90 2 -28097 -19533
0 26 91 2 21796 38181
0 26 92 2 -11986 8329
0 26 93 2 -12445 7893
0 26 94 2 3553 34315
0 26 95 2 28028 20411
0 26 96 2 27392 18553
0 26 97 2 32642 9684
0 26 98 2 31490 -1097
0 26 99 2 -12421 8038
0 26 100 2 -13387 7779
0 26 101 2 38971 -21920
0 26 102 2 8167 11484
0 26 103 2 11705 -6864
0 26 104 2 -19067 27177
0 26 105 2 -33112 2824
0 26 106 2 -2826 -33878
0 26 107 2 41184 -21717
0 26 108 2 28284 17385
0 26 109 2 8567 11892
0 26 110 2 -436 -33041
0 26 111 2 37512 -20454
0 26 112 2 -34029 513
0 26 113 2 210 -530
0 26 114 2 1031 -516
0 26 115 2 -417 -2865
0 26 116 2 -645 -753
0 26 117 2 775 -335
0 26 118 2 127 655
0 26 119 2 1818 1229
0 26 120 2 -340 916
0 26 121 2 -289 -288
0 26 122 2 -1267 1086
0 26 123 2 -565 -451
0 26 124 2 -2735 -1699
0 26 125 2 2245 -35
0 26 126 2 -204 659
0 26 127 2 -105 1848
0 26 128 2 1744 -1378
0 26 129 2 -234 -2208
0 26 130 2 1026 0
0 26 131 2 351 -3127
0 26 132 2 -1037 -1426
0 26 133 2 -1285 1425
0 26 134 2 496 1217
0 26 135 2 -131 -1237
0 26 136 2 375 2512
0 26 137 2 1840 -3548
0 26 138 2 389 34
0 26 139 2 -1599 -570
0 26 140 2 -1593 1159
0 26 141 2 767 -496
0 26 142 2 -693 63
0 26 143 2 -1212 -810
0 26 144 2 -36698 21481
0 26 145 2 -22427 -38025
0 26 146 2 -38737 23260
0 26 147 2 3993 34347
0 26 148 2 20137 38854
0 26 149 2 20426 -28615
0 26 150 2 -6335 -11528
0 26 151 2 -11767 7282
0 26 152 2 23437 37535
0 26 153 2 -716 -35119
0 26 154 2 6832 12392
0 26 155 2 -17105 26131
0 26 156 2 27640 16454
0 26 157 2 13494 -6023
0 26 158 2 -32241 977
0 26 159 2 33062 8046
0 26 160 2 -543 -31102
0 26 161 2 -21121 28197
0 26 162 2 -32827 1206
0 26 163 2 38457 -22578
0 26 164 2 13826 -5618
0 26 165 2 31718 -155
0 26 166 2 -18249 28426
0 26 167 2 7746 11870
0 26 168 2 -39071 20532
0 26 169 2 12176 -6428
0 26 170 2 26583 16519
0 26 171 2 8401 11482
0 26 172 2 -20100 26740
0 26 173 2 -33036 3043
0 26 174 2 4117 30563
0 26 175 2 31132 -1892
0 26 176 2 21063 39536
0 26 177 2 12652 -8198
0 26 178 2 8165 11721
0 26 179 2 -13656 8118
0 26 180 2 32950 -436
0 26 181 2 -12401 6780
0 26 182 2 -16424 27997
0 26 183 2 19388 -29823
0 26 184 2 -13308 8183
0 26 185 2 -19442 27926
0 26 186 2 -17874 25437
0 26 187 2 -7889 -12678
0 26 188 2 -2611 -32085
0 26 189 2 11852 -7882
0 26 190 2 -12578 7358
0 26 191 2 31258 8205
0 26 192 2 12817 -8697
0 26 193 2 2110 33715
0 26 194 2 10562 -9301
0 26 195 2 21893 36389
0 26 196 2 37875 -21088
0 26 197 2 23048 38426
0 26 198 2 -37711 21000
0 26 199 2 -2595 -33908
0 26 200 2 -20411 -35127
0 26 201 2 -7327 -12270
0 26 202 2 12849 -6547
0 26 203 2 -11315 6848
0 26 204 2 -1306 -33050
0 26 205 2 -29079 -18414
0 26 206 2 2799 34189
0 26 207 2 15442 -8280
0 26 208 2 -26380 -18104
0 26 209 2 20901 38437
0 26 210 2 -24483 -39060
0 26 211 2 -13398 8301
0 26 212 2 39170 -22914
0 26 213 2 2493 32287
0 26 214 2 -17504 26414
0 26 215 2 37899 -20591
0 26 216 2 -8165 -14346
0 26 217 2 32634 -1065
0 26 218 2 -4776 -11815
0 26 219 2 32096 -1583
0 26 220 2 32219 -2132
0 26 221 2 -21032 -37360
0 26 222 2 20061 38762
0 26 223 2 31172 8775
0 26 224 2 20789 38978
0 26 225 2 21106 38789
0 26 226 2 -17674 26229
0 26 227 2 12672 -8272
0 26 228 2 -1516 -34341
0 26 229 2 -38219 23395
0 26 230 2 -35564 2857
0 26 231 2 -31294 822
0 26 232 2 -3736 -34253
0 26 233 2 -20994 27201
0 26 234 2 -35550 21851
0 26 235 2 -9141 -12358
0 26 236 2 -21520 -40593
0 26 237 2 31500 -1576
0 26 238 2 -21397 -40199
0 26 239 2 28303 17461
0 26 240 2 24309 36373
0 26 241 2 -2619 -33500
0 26 242 2 -36206 19990
0 26 243 2 -7847 -12552
0 26 244 2 -2736 -32351
0 26 245 2 23764 37938
0 26 246 2 -23786 -38019
0 26 247 2 8197 12297
0 26 248 2 7334 14445
0 26 249 2 20379 38636
0 26 250 2 13147 -9793
0 26 251 2 21896 39762
0 26 252 2 8371 13113
0 26 253 2 27809 18737
0 26 254 2 32369 -2996
0 26 255 2 31992 7902
0 27 0 2 -2662 -425
0 27 1 2 33142 8918
0 27 2 2 -33901 1915
0 27 3 2 -11834 7859
0 27 4 2 -21952 -37843
0 27 5 2 -37033 21240
0 27 6 2 15457 -7109
0 27 7 2 -21265 -38097
0 27 8 2 1815 31718
0 27 9 2 11927 -9401
0 27 10 2 2814 33067
0 27 11 2 -32748 1743
0 27 12 2 23061 38116
0 27 13 2 -23872 -37890
0 27 14 2 -696 -32442
0 27 15 2 -35838 21769
0 27 16 2 37896 -22493
0 27 17 2 -14326 5539
0 27 18 2 1727 33499
0 27 19 2 -19165 24718
0 27 20 2 13393 -6739
0 27 21 2 6887 13756
0 27 22 2 -38730 19841
0 27 23 2 22322 39802
0 27 24 2 39559 -20982
0 27 25 2 -21373 -38635
0 27 26 2 7203 12058
0 27 27 2 -19222 -38444
0 27 28 2 12029 -4619
0 27 29 2 -13455 6621
0 27 30 2 -26235 -17923
0 27 31 2 26773 17144
0 27 32 2 -12877 8028
0 27 33 2 29429 8859
0 27 34 2 38639 -21413
0 27 35 2 -19186 26955
0 27 36 2 26207 17960
0 27 37 2 38032 -22066
0 27 38 2 -31311 1299
0 27 39 2 14719 -6419
0 27 40 2 2996 33695
0 27 41 2 -20530 -38366
0 27 42 2 -22076 -38566
0 27 43 2 -38498 21163
0 27 44 2 1609 34034
0 27 45 2 23134 37682
0 27 46 2 -13497 6370
0 27 47 2 12156 -6090
0 27 48 2 12979 -8106
0 27 49 2 28055 19145
0 27 50 2 24440 16291
0 27 51 2 10114 12685
0 27 52 2 21226 36552
0 27 53 2 -20692 26036
0 27 54 2 -11328 7539
0 27 55 2 31756 -2110
0 27 56 2 -724 -30697
0 27 57 2 2260 34211
0 27 58 2 -16719 28612
0 27 59 2 -17810 26354
0 27 60 2 -24886 -18064
0 27 61 2 20302 37852
0 27 62 2 -6828 -11431
0 27 63 2 40434 -20541
0 27 64 2 32327 -1884
0 27 65 2 33202 8132
0 27 66 2 31390 -1592
0 27 67 2 -19989 -37856
0 27 68 2 22298 38548
0 27 69 2 -36513 21923
0 27 70 2 1568 32060
0 27 71 2 -7865 -12165
0 27 72 2 -20198 27400
0 27 73 2 -38036 20487
0 27 74 2 27622 19510
0 27 75 2 -19458 27642
0 27 76 2 11861 -7623
0 27 77 2 -6691 -12510
0 27 78 2 12451 -5616
0 27 79 2 -1856 -32933
0 27 80 2 19229 -26232
0 27 81 2 -33149 2631
0 27 82 2 6870 14389
0 27 83 2 33267 -1397
0 27 84 2 38069 -19877
0 27 85 2 18440 -25527
0 27 86 2 -35631 200
0 27 87 2 21810 41864
0 27 88 2 -18286 23737
0 27 89 2 -16766 25442
0 27 90 2 38787 -22104
0 27 91 2 13122 -5954
0 27 92 2 -5854 -12366
0 27 93 2 -12825 8111
0 27 94 2 -1658 -33153
0 27 95 2 -11529 6201
0 27 96 2 19367 -26776
0 27 97 2 30852 7997
0 27 98 2 -8122 -13270
0 27 99 2 -33178 3735
0 27 100 2 27720 20456
0 27 101 2 -39506 21372
0 27 102 2 -8148 -12644
0 27 103 2 31267 278
0 27 104 2 27554 19125
0 27 105 2 -9290 -13370
0 27 106 2 -23775 -39367
0 27 107 2 18940 -26726
0 27 108 2 -5595 -12210
0 27 109 2 -7860 -12117
0 27 110 2 -5547 -11989
0 27 111 2 -36289 20131
0 27 112 2 -32096 2748
0 27 113 2 -51 811
0 27 114 2 993 -493
0 27 115 2 -402 973
0 27 116 2 -1487 197
0 27 117 2 -225 -1904
0 27 118 2 1113 2186
0 27 119 2 -563 -2531
0 27 120 2 -3316 380
0 27 121 2 -455 -1672
0 27 122 2 -1211 527
0 27 123 2 708 -683
0 27 124 2 497 185
0 27 125 2 -2359 -1213
0 27 126 2 61 1187
0 27 127 2 1376 -1897
0 27 128 2 1901 -126
0 27 129 2 -1645 38
0 27 130 2 1075 -1872
0 27 131 2 -799 -2482
0 27 132 2 2090 -280
0 27 133 2 742 -123
0 27 134 2 1295 -922
0 27 135 2 23 -429
0 27 136 2 -649 -1746
0 27 137 2 46 1186
0 27 138 2 -437 1737
0 27 139 2 -1268 -979
0 27 140 2 62 -1659
0 27 141 2 876 411
0 27 142 2 -2312 -800
0 27 143 2 3368 2147
0 27 144 2 -8640 -13881
0 27 145 2 19710 -27215
0 27 146 2 3718 32838
0 27 147 2 20375 37576
0 27 148 2 -31743 788
0 27 149 2 39061 -20911
0 27 150 2 -8779 -12352
0 27 151 2 -31809 1204
0 27 152 2 26413 18177
0 27 153 2 -22827 -36833
0 27 154 2 -39453 20583
0 27 155 2 -11416 5187
0 27 156 2 -2313 -32459
0 27 157 2 25759 20002
0 27 158 2 -32275 3246
0 27 159 2 30263 9930
0 27 160 2 -1582 -31528
0 27 161 2 40368 -20869
0 27 162 2 -34428 1548
0 27 163 2 -18384 28451
0 27 164 2 2982 32871
0 27 165 2 -6001 -12486
0 27 166 2 38858 -22113
0 27 167 2 10328 -6896
0 27 168 2 -2196 -30853
0 27 169 2 -32709 710
0 27 170 2 19269 -23999
0 27 171 2 21881 35540
0 27 172 2 27974 17016
0 27 173 2 7148 12564
0 27 174 2 27290 18337
0 27 175 2 -21426 -39211
0 27 176 2 -1370 -31003
0 27 177 2 27130 18131
0 27 178 2 -27480 -18686
0 27 179 2 -38728 23070
0 27 180 2 31725 -2074
0 27 181 2 -12447 6697
0 27 182 2 9258 12358
0 27 183 2 19537 39006
0 27 184 2 23222 39151
0 27 185 2 36923 -21261
0 27 186 2 -13435 8420
0 27 187 2 27452 17926
0 27 188 2 -12279 7252
0 27 189 2 878 35439
0 27 190 2 28005 20532
0 27 191 2 31692 12001
0 27 192 2 21889 -24924
0 27 193 2 -38382 19582
0 27 194 2 -21332 -38442
0 27 195 2 27208 18143
0 27 196 2 13329 -7403
0 27 197 2 6554 13415
0 27 198 2 -6455 -13626
0 27 199 2 21296 37465
0 27 200 2 1256 33843
0 27 201 2 27030 19754
0 27 202 2 -34193 2818
0 27 203 2 32727 -292
0 27 204 2 -12503 6236
0 27 205 2 -17910 27080
0 27 206 2 -2772 -34119
0 27 207 2 -31257 2781
0 27 208 2 -37502 23120
0 27 209 2 -16555 26321
0 27 210 2 -11881 5165
0 27 211 2 -12986 7165
0 27 212 2 -38310 23675
0 27 213 2 -28087 -18665
0 27 214 2 -16966 27560
0 27 215 2 22675 37515
0 27 216 2 6083 13812
0 27 217 2 -37185 22350
0 27 218 2 1219 33630
0 27 219 2 37847 -22421
0 27 220 2 18351 -27498
0 27 221 2 39129 -21057
0 27 222 2 23013 38298
0 27 223 2 31070 9342
0 27 224 2 40444 -21251
0 27 225 2 -18218 26833
0 27 226 2 1764 35039
0 27 227 2 -5618 -12857
0 27 228 2 -259 -33320
0 27 229 2 -21761 -37580
0 27 230 2 14158 -7778
0 27 231 2 -825 -32006
0 27 232 2 26740 18744
0 27 233 2 -34527 1132
0 27 234 2 27710 19105
0 27 235 2 32887 -1405
0 27 236 2 -19737 -38364
0 27 237 2 -6555 -14038
0 27 238 2 -38331 22244
0 27 239 2 21369 38791
0 27 240 2 -27593 -19038
0 27 241 2 21901 37252
0 27 242 2 -7706 -13577
0 27 243 2 21334 37959
0 27 244 2 -27500 -17622
0 27 245 2 1546 32537
0 27 246 2 -12729 6606
0 27 247 2 2242 32550
0 27 248 2 13296 -7363
0 27 249 2 -16985 27560
0 27 250 2 37583 -21325
0 27 251 2 7464 14064
0 27 252 2 37545 -20136
0 27 253 2 7252 13512
0 27 254 2 -12359 8571
0 27 255 2 32915 10256
0 28 0 2 375 -706
0 28 1 2 32253 7519
0 28 2 2 32808 -1673
0 28 3 2 -7839 -13090
0 28 4 2 35420 -503
0 28 5 2 7304 14290
0 28 6 2 -9024 -13990
0 28 7 2 34452 -1115
0 28 8 2 17709 -26704
0 28 9 2 30783 -1183
0 28 10 2 27410 18268
0 28 11 2 26870 19298
0 28 12 2 -22936 -37576
0 28 13 2 -28448 -19698
0 28 14 2 17961 -27098
0 28 15 2 11194 -7829
0 28 16 2 -32443 2419
0 28 17 2 34340 -1797
0 28 18 2 162 -31608
0 28 19 2 26097 19315
0 28 20 2 -17263 25653
0 28 21 2 6367 11761
0 28 22 2 -25399 -18377
0 28 23 2 13701 -7351
0 28 24 2 8165 12825
0 28 25 2 -1786 -30812
0 28 26 2 1810 32441
0 28 27 2 -17261 26210
0 28 28 2 31591 -1349
0 28 29 2 -11750 8624
0 28 30 2 32990 443
0 28 31 2 41048 -22465
0 28 32 2 -13262 6190
0 28 33 2 31188 7704
0 28 34 2 -20355 -38340
0 28 35 2 11961 -8413
0 28 36 2 18281 -26441
0 28 37 2 -12335 8896
0 28 38 2 11978 -6450
0 28 39 2 7571 11655
0 28 40 2 -5908 -11424
0 28 41 2 -20326 -38869
0 28 42 2 -34351 2288
0 28 43 2 -31573 2396
0 28 44 2 -17269 27540
0 28 45 2 -37508 21258
0 28 46 2 7462 13701
0 28 47 2 20604 -28160
0 28 48 2 -6298 -13994
0 28 49 2 -150 -32516
0 28 50 2 32377 -316
0 28 51 2 29134 19539
0 28 52 2 33094 -1306
0 28 53 2 -8901 -13107
0 28 54 2 -18633 28588
0 28 55 2 -20763 27431
0 28 56 2 -38480 21113
0 28 57 2 1745 30447
0 28 58 2 -37705 19787
0 28 59 2 26582 18898
0 28 60 2 2389 32070
0 28 61 2 -17496 28891
0 28 62 2 24852 18002
0 28 63 2 634 -34443
0 28 64 2 -20222 -38905
0 28 65 2 30831 8873
0 28 66 2 -18614 27264
0 28 67 2 -494 -33186
0 28 68 2 11683 -6775
0 28 69 2 32414 516
0 28 70 2 -587 -29543
0 28 71 2 -18636 25866
0 28 72 2 26316 18359
0 28 73 2 38728 -20466
0 28 74 2 -20200 27836
0 28 75 2 -32235 1812
0 28 76 2 22252 39631
0 28 77 2 -37042 20728
0 28 78 2 -190 33092
0 28 79 2 -33859 500
0 28 80 2 26970 19985
0 28 81 2 -33669 583
0 28 82 2 37322 -23565
0 28 83 2 17589 -24750
0 28 84 2 -7882 -11915
0 28 85 2 9644 13320
0 28 86 2 -28917 -17685
0 28 87 2 18599 -26128
0 28 88 2 33252 -1315
0 28 89 2 -27950 -17202
0 28 90 2 -17843 27832
0 28 91 2 -7472 -13103
0 28 92 2 -30794 1048
0 28 93 2 -33307 -434
0 28 94 2 7088 12531
0 28 95 2 2241 32391
0 28 96 2 -2145 -31769
0 28 97 2 32467 10463
0 28 98 2 -468 30225
0 28 99 2 -20511 26762
0 28 100 2 -8236 -14015
0 28 101 2 30903 -3104
0 28 102 2 38798 -21086
0 28 103 2 -6253 -13246
0 28 104 2 24920 19511
0 28 105 2 34700 -126
0 28 106 2 20507 -27380
0 28 107 2 -12755 6203
0 28 108 2 33354 -327
0 28 109 2 -7770 -12370
0 28 110 2 -29422 -19274
0 28 111 2 -31299 891
0 28 112 2 33502 -1647
0 28 113 2 -233 -200
0 28 114 2 31 517
0 28 115 2 310 -855
0 28 116 2 794 1551
0 28 117 2 -888 570
0 28 118 2 1172 579
0 28 119 2 -953 -2179
0 28 120 2 667 755
0 28 121 2 -1478 240
0 28 122 2 511 539
0 28 123 2 1166 -1611
0 28 124 2 238 -1140
0 28 125 2 -1121 746
0 28 126 2 -1296 229
0 28 127 2 -83 -523
0 28 128 2 -2241 -196
0 28 129 2 -666 1816
0 28 130 2 -188 -1600
0 28 131 2 -1289 1147
0 28 132 2 2537 2054
0 28 133 2 -1014 511
0 28 134 2 1432 -767
0 28 135 2 306 1843
0 28 136 2 -2261 -735
0 28 137 2 882 -2530
0 28 138 2 455 -1107
0 28 139 2 -1122 1728
0 28 140 2 -359 54
0 28 141 2 1143 1702
0 28 142 2 1516 81
0 28 143 2 -298 -473
0 28 144 2 -21428 -39054
0 28 145 2 -1262 -31781
0 28 146 2 32780 1342
0 28 147 2 22166 39761
0 28 148 2 -32706 1379
0 28 149 2 -31453 -828
0 28 150 2 18867 -27196
0 28 151 2 -5183 -12215
0 28 152 2 38789 -21056
0 28 153 2 -6285 -14843
0 28 154 2 -7486 -13198
0 28 155 2 -21118 -37764
0 28 156 2 -12326 5027
0 28 157 2 -39791 20677
0 28 158 2 -20339 27759
0 28 159 2 32290 9816
0 28 160 2 38100 -22756
0 28 161 2 32001 -1718
0 28 162 2 38186 -21292
0 28 163 2 -19854 26313
0 28 164 2 -7606 -11551
0 28 165 2 21927 39645
0 28 166 2 -22997 -38743
0 28 167 2 33042 -2044
0 28 168 2 5894 14803
0 28 169 2 1406 31218
0 28 170 2 28371 18509
0 28 171 2 20926 38712
0 28 172 2 -17894 27090
0 28 173 2 -21897 -39681
0 28 174 2 18843 38336
0 28 175 2 38257 -18049
0 28 176 2 5612 11512
0 28 177 2 -1001 -33319
0 28 178 2 -2883 -33207
0 28 179 2 660 33118
0 28 180 2 -26607 -17037
0 28 181 2 40170 -22024
0 28 182 2 -37083 20206
0 28 183 2 -31483 275
0 28 184 2 -666 -33065
0 28 185 2 6755 10158
0 28 186 2 28854 20210
0 28 187 2 27029 18234
0 28 188 2 -6690 -10910
0 28 189 2 21080 38107
0 28 190 2 8200 12430
0 28 191 2 28869 8528
0 28 192 2 20212 -28845
0 28 193 2 -20220 -37212
0 28 194 2 -28052 -18334
0 28 195 2 -6411 -11075
0 28 196 2 -2 32744
0 28 197 2 -826 -32227
0 28 198 2 -5608 -12282
0 28 199 2 -13591 6553
0 28 200 2 36965 -20392
0 28 201 2 34901 -2911
0 28 202 2 -1371 -32451
0 28 203 2 22704 39269
0 28 204 2 -2031 -32111
0 28 205 2 7531 12620
0 28 206 2 -20496 -40402
0 28 207 2 -19210 -37377
0 28 208 2 -33573 2413
0 28 209 2 31548 -474
0 28 210 2 -20199 27339
0 28 211 2 -32900 2235
0 28 212 2 -6025 -14501
0 28 213 2 -17350 26033
0 28 214 2 -31837 1957
0 28 215 2 15175 -7488
0 28 216 2 7924 12692
0 28 217 2 -22639 -39366
0 28 218 2 6569 13385
0 28 219 2 12700 -6618
0 28 220 2 -149 -32655
0 28 221 2 28502 20027
0 28 222 2 -8292 -12967
0 28 223 2 31324 10536
0 28 224 2 13103 -6820
0 28 225 2 12119 -8385
0 28 226 2 -28770 -16714
0 28 227 2 -21433 -39689
0 28 228 2 -6745 -12679
0 28 229 2 -5810 -11949
0 28 230 2 18416 -25496
0 28 231 2 -19615 25955
0 28 232 2 21195 -25673
0 28 233 2 27551 19048
0 28 234 2 11581 -7532
0 28 235 2 33286 2520
0 28 236 2 12456 -6666
0 28 237 2 -19562 26327
0 28 238 2 -1787 -32197
0 28 239 2 23951 38021
0 28 240 2 -32004 -1490
0 28 241 2 -30647 450
0 28 242 2 20935 -25171
0 28 243 2 30152 -2151
0 28 244 2 -38926 22160
0 28 245 2 -20511 -38221
0 28 246 2 -4032 -13179
0 28 247 2 -1130 -32648
0 28 248 2 14618 -5117
0 28 249 2 39002 -21882
0 28 250 2 38360 -21686
0 28 251 2 20198 36692
0 28 252 2 34264 -1292
0 28 253 2 31550 -148
0 28 254 2 18250 -27297
0 28 255 2 32423 10443
0 29 0 2 670 -242
0 29 1 2 29682 10127
0 29 2 2 -463 32980
0 29 3 2 259 34490
0 29 4 2 5673 14175
0 29 5 2 -37188 20282
0 29 6 2 -8072 -10136
0 29 7 2 27317 18667
0 29 8 2 27365 20412
0 29 9 2 -28343 -19849
0 29 10 2 32307 268
0 29 11 2 25724 17688
0 29 12 2 -26253 -18318
0 29 13 2 16644 -25826
0 29 14 2 25719 19595
0 29 15 2 -2190 -30973
0 29 16 2 -32301 918
0 29 17 2 28905 18920
0 29 18 2 27540 19600
0 29 19 2 -30788 -391
0 29 20 2 -19341 25988
0 29 21 2 -32016 745
0 29 22 2 30050 19889
0 29 23 2 -1191 -33809
0 29 24 2 -11552 3785
0 29 25 2 19981 -26092
0 29 26 2 -19788 26370
0 29 27 2 8240 13316
0 29 28 2 20166 38128
0 29 29 2 39947 -19208
0 29 30 2 6574 13760
0 29 31 2 -12228 7592
0 29 32 2 32097 -284
0 29 33 2 33296 10041
0 29 34 2 -32633 169
0 29 35 2 -1611 -31904
0 29 36 2 33477 -2124
0 29 37 2 26245 19368
0 29 38 2 -7117 -13292
0 29 39 2 38559 -22023
0 29 40 2 474 33571
0 29 41 2 -11089 7119
0 29 42 2 19072 -26989
0 29 43 2 5213 16405
0 29 44 2 33829 205
0 29 45 2 26750 16989
0 29 46 2 -21812 -39188
0 29 47 2 25959 19440
0 29 48 2 -17939 -39648
0 29 49 2 -27264 -18221
0 29 50 2 -3122 -31518
0 29 51 2 -31701 3958
0 29 52 2 7360 11001
0 29 53 2 -20490 -40713
0 29 54 2 19405 -27783
0 29 55 2 19502 38091
0 29 56 2 -26516 -18649
0 29 57 2 -20226 26022
0 29 58 2 554 -32529
0 29 59 2 -6929 -9735
0 29 60 2 40547 -21110
0 29 61 2 18573 -26738
0 29 62 2 -40825 22108
0 29 63 2 -6328 -13176
0 29 64 2 -4451 -14016
0 29 65 2 29112 8910
0 29 66 2 13504 -8986
0 29 67 2 11881 -8362
0 29 68 2 19084 -24148
0 29 69 2 -38588 19539
0 29 70 2 27488 19597
0 29 71 2 -27293 -19622
0 29 72 2 -22539 -38349
0 29 73 2 41184 -19950
0 29 74 2 33110 72
0 29 75 2 26211 19069
0 29 76 2 25088 19613
0 29 77 2 -18050 28310
0 29 78 2 34168 -511
0 29 79 2 -31063 1176
0 29 80 2 19588 38599
0 29 81 2 26794 18425
0 29 82 2 16953 -26639
0 29 83 2 -8376 -12799
0 29 84 2 -37945 22055
0 29 85 2 37164 -22049
0 29 86 2 23619 20310
0 29 87 2 -7783 -13862
0 29 88 2 -13057 5986
0 29 89 2 38666 -22153
0 29 90 2 -18668 -39303
0 29 91 2 -24889 -19493
0 29 92 2 5102 12440
0 29 93 2 -20770 -38692
0 29 94 2 -1176 -30496
0 29 95 2 33275 -1185
0 29 96 2 -8270 -13273
0 29 97 2 30409 9091
0 29 98 2 39745 -19711
0 29 99 2 12962 -7550
0 29 100 2 17895 -26932
0 29 101 2 40002 -23630
0 29 102 2 18530 40207
0 29 103 2 -6476 -12815
0 29 104 2 7072 12090
0 29 105 2 -11179 6905
0 29 106 2 31138 -163
0 29 107 2 -1599 -31429
0 29 108 2 -704 -32693
0 29 109 2 -22030 -40878
0 29 110 2 -1025 30786
0 29 111 2 -39182 20647
0 29 112 2 -27815 -19421
0 29 113 2 -391 390
0 29 114 2 59 1604
0 29 115 2 1282 414
0 29 116 2 -398 -391
0 29 117 2 -816 10
0 29 118 2 -364 -805
0 29 119 2 -47 1212
0 29 120 2 -906 -1040
0 29 121 2 -934 -577
0 29 122 2 1389 978
0 29 123 2 -88 -1337
0 29 124 2 -73 521
0 29 125 2 1665 754
0 29 126 2 -476 190
0 29 127 2 950 497
0 29 128 2 -1190 41
0 29 129 2 -605 887
0 29 130 2 1201 -1083
0 29 131 2 -1595 -1231
0 29 132 2 -439 -2180
0 29 133 2 -942 -863
0 29 134 2 1772 743
0 29 135 2 945 -559
0 29 136 2 267 -562
0 29 137 2 1134 157
0 29 138 2 -1997 -76
0 29 139 2 566 1835
0 29 140 2 -225 -513
0 29 141 2 433 -872
0 29 142 2 -34 583
0 29 143 2 -627 380
0 29 144 2 11449 -6909
0 29 145 2 -17456 27752
0 29 146 2 40872 -21717
0 29 147 2 -6746 -14093
0 29 148 2 -36718 21778
0 29 149 2 2518 31888
0 29 150 2 -30675 571
0 29 151 2 -36330 21036
0 29 152 2 26676 17538
0 29 153 2 -101 33356
0 29 154 2 -32645 -872
0 29 155 2 21781 38984
0 29 156 2 65 -33539
0 29 157 2 1914 32759
0 29 158 2 -7655 -12869
0 29 159 2 30734 10179
0 29 160 2 -417 -32743
0 29 161 2 12635 -7388
0 29 162 2 28524 18709
0 29 163 2 571 32037
0 29 164 2 -1821 33797
0 29 165 2 -37665 20563
0 29 166 2 -7536 -11759
0 29 167 2 -34625 3216
0 29 168 2 -20057 -38450
0 29 169 2 13293 -7719
0 29 170 2 18358 -27449
0 29 171 2 -13046 3416
0 29 172 2 34319 -1093
0 29 173 2 -1034 -29762
0 29 174 2 21551 40138
0 29 175 2 19744 -26045
0 29 176 2 13997 -7417
0 29 177 2 -18352 8724
0 29 178 2 -3601 32651
0 29 179 2 13318 -5146
0 29 180 2 27681 19944
0 29 181 2 -16920 25367
0 29 182 2 -7638 -11749
0 29 183 2 5830 12113
0 29 184 2 26083 20220
0 29 185 2 27296 19139
0 29 186 2 37985 -21207
0 29 187 2 -19887 26116
0 29 188 2 6781 11849
0 29 189 2 -7662 -13173
0 29 190 2 21017 39393
0 29 191 2 31004 9643
0 29 192 2 -263 -34908
0 29 193 2 -38861 19996
0 29 194 2 -12298 8113
0 29 195 2 -19217 25086
0 29 196 2 6246 14075
0 29 197 2 -17998 24976
0 29 198 2 -89 34053
0 29 199 2 -15338 7190
0 29 200 2 20681 -26078
0 29 201 2 -7593 -13078
0 29 202 2 3616 34263
0 29 203 2 17282 -24601
0 29 204 2 -42503 21063
0 29 205 2 28549 20450
0 29 206 2 31099 -1111
0 29 207 2 17632 -27353
0 29 208 2 -16868 27195
0 29 209 2 -34 -31862
0 29 210 2 -20957 -38191
0 29 211 2 -32678 1969
0 29 212 2 -33002 2340
0 29 213 2 2781 31904
0 29 214 2 8724 13237
0 29 215 2 20730 40979
0 29 216 2 -8197 -14745
0 29 217 2 32582 -1047
0 29 218 2 -2124 -31813
0 29 219 2 32410 -838
0 29 220 2 -12376 8462
0 29 221 2 -37925 20651
0 29 222 2 17432 -27156
0 29 223 2 30197 12238
0 29 224 2 -7941 -12198
0 29 225 2 7253 11191
0 29 226 2 -38033 18429
0 29 227 2 19736 38143
0 29 228 2 -36706 21083
0 29 229 2 2687 32969
0 29 230 2 -27131 -17501
0 29 231 2 -20019 -38613
0 29 232 2 -12151 8671
0 29 233 2 727 -33210
0 29 234 2 -21567 -39381
0 29 235 2 -33663 204
0 29 236 2 -14047 6475
0 29 237 2 1256 34810
0 29 238 2 22702 37782
0 29 239 2 21213 35960
0 29 240 2 -38295 21507
0 29 241 2 -14522 7449
0 29 242 2 -19102 26239
0 29 243 2 -765 -31918
0 29 244 2 -31238 -1343
0 29 245 2 -18660 24952
0 29 246 2 13759 -7552
0 29 247 2 -11988 6103
0 29 248 2 -7370 -12720
0 29 249 2 -7521 -13616
0 29 250 2 18540 -26382
0 29 251 2 -31812 100
0 29 252 2 -7220 -13347
0 29 253 2 37629 -18153
0 29 254 2 31232 -2028
0 29 255 2 31184 11730
0 30 0 2 1119 687
0 30 1 2 30858 11425
0 30 2 2 17499 39487
0 30 3 2 -12139 6457
0 30 4 2 17726 40520
0 30 5 2 18034 40148
0 30 6 2 35566 -24
0 30 7 2 26850 19544
0 30 8 2 -12889 6942
0 30 9 2 1441 -30199
0 30 10 2 -8589 -12335
0 30 11 2 -37887 21017
0 30 12 2 -1016 34643
0 30 13 2 -20899 -37490
0 30 14 2 3172 13643
0 30 15 2 5560 12190
0 30 16 2 12430 -3992
0 30 17 2 26696 18920
0 30 18 2 -19729 25710
0 30 19 2 -33880 -1086
0 30 20 2 -26666 -16423
0 30 21 2 -243 33878
0 30 22 2 6416 13216
0 30 23 2 37563 -20211
0 30 24 2 -27158 -18874
0 30 25 2 17851 37349
0 30 26 2 -297 -31486
0 30 27 2 37562 -21382
0 30 28 2 6341 14827
0 30 29 2 20461 -25024
0 30 30 2 32753 1594
0 30 31 2 -32514 1398
0 30 32 2 40732 -19967
0 30 33 2 31657 10409
0 30 34 2 11565 -9264
0 30 35 2 7019 14601
0 30 36 2 -29024 -19429
0 30 37 2 6129 12535
0 30 38 2 -7834 -11781
0 30 39 2 21054 38459
0 30 40 2 -13157 6568
0 30 41 2 19576 -26750
0 30 42 2 -27162 -19081
0 30 43 2 29 33489
0 30 44 2 19746 39962
0 30 45 2 20287 -24841
0 30 46 2 -40734 18228
0 30 47 2 -38589 22343
0 30 48 2 -7784 -13572
0 30 49 2 18968 39049
0 30 50 2 7336 9537
0 30 51 2 -13508 6410
0 30 52 2 365 -32546
0 30 53 2 943 -32010
0 30 54 2 -19092 26147
0 30 55 2 22544 39136
0 30 56 2 11242 -6535
0 30 57 2 34452 3679
0 30 58 2 27132 19610
0 30 59 2 -19700 -42359
0 30 60 2 335 -32188
0 30 61 2 7705 12096
0 30 62 2 1734 33622
0 30 63 2 -19055 -39248
0 30 64 2 -493 -31746
0 30 65 2 31099 9036
0 30 66 2 -7167 -13074
0 30 67 2 28429 22461
0 30 68 2 28282 19755
0 30 69 2 18167 -26849
0 30 70 2 -18745 28123
0 30 71 2 26006 19300
0 30 72 2 -24875 -19130
0 30 73 2 26908 20717
0 30 74 2 26831 17579
0 30 75 2 -12826 5504
0 30 76 2 20029 -27742
0 30 77 2 -18677 25948
0 30 78 2 17592 -26638
0 30 79 2 26298 19217
0 30 80 2 -24471 -19672
0 30 81 2 20844 36326
0 30 82 2 31661 -1035
0 30 83 2 13640 -6117
0 30 84 2 -9205 -12886
0 30 85 2 -39064 19649
0 30 86 2 -22412 -39173
0 30 87 2 -5339 -13113
0 30 88 2 -27467 -19200
0 30 89 2 -36475 16623
0 30 90 2 19646 40206
0 30 91 2 -29190 -20886
0 30 92 2 -26595 -22051
0 30 93 2 17844 -25680
0 30 94 2 -20069 27168
0 30 95 2 -2882 -33029
0 30 96 2 -2503 -30923
0 30 97 2 30174 10339
0 30 98 2 -31943 -838
0 30 99 2 -27935 -20116
0 30 100 2 20789 37962
0 30 101 2 -6024 -11869
0 30 102 2 -40363 19676
0 30 103 2 -33912 2547
0 30 104 2 293 33650
0 30 105 2 -12681 8568
0 30 106 2 104 32729
0 30 107 2 -32793 -168
0 30 108 2 14563 -7315
0 30 109 2 -26925 -21208
0 30 110 2 -36943 22744
0 30 111 2 -700 -33199
0 30 112 2 -24476 -18976
0 30 113 2 2269 -88
0 30 114 2 -2182 -307
0 30 115 2 -1268 -1472
0 30 116 2 -2708 -107
0 30 117 2 -44 -2236
0 30 118 2 2175 -1768
0 30 119 2 448 1542
0 30 120 2 -517 416
0 30 121 2 -798 -1222
0 30 122 2 -119 1042
0 30 123 2 645 416
0 30 124 2 1873 72
0 30 125 2 -2406 740
0 30 126 2 -1359 -888
0 30 127 2 -518 -171
0 30 128 2 -1087 1282
0 30 129 2 -1510 -61
0 30 130 2 324 -381
0 30 131 2 -2251 -180
0 30 132 2 1585 1072
0 30 133 2 -1766 129
0 30 134 2 1136 859
0 30 135 2 1731 1395
0 30 136 2 1439 -1391
0 30 137 2 946 -1268
0 30 138 2 970 -1574
0 30 139 2 1963 -181
0 30 140 2 571 1425
0 30 141 2 183 -245
0 30 142 2 -184 -368
0 30 143 2 -716 -1034
0 30 144 2 -13153 3646
0 30 145 2 15705 -7388
0 30 146 2 15667 -6832
0 30 147 2 -28026 -20740
0 30 148 2 12540 -7499
0 30 149 2 -6331 -13418
0 30 150 2 -7190 -11265
0 30 151 2 -25100 -20510
0 30 152 2 1309 -35376
0 30 153 2 11300 -6680
0 30 154 2 -17998 -40965
0 30 155 2 865 -33353
0 30 156 2 18658 40397
0 30 157 2 -33606 -529
0 30 158 2 -37460 19771
0 30 159 2 31647 11312
0 30 160 2 -18920 28597
0 30 161 2 -8569 -15249
0 30 162 2 32142 1711
0 30 163 2 -5828 -12685
0 30 164 2 20006 -25335
0 30 165 2 20789 39345
0 30 166 2 28204 18508
0 30 167 2 -7720 -15869
0 30 168 2 21332 38611
0 30 169 2 -33177 -2153
0 30 170 2 37865 -20915
0 30 171 2 -13159 7438
0 30 172 2 -6762 -13741
0 30 173 2 17178 -26011
0 30 174 2 -19307 -38862
0 30 175 2 -38861 22794
0 30 176 2 -20129 26046
0 30 177 2 -39814 23332
0 30 178 2 26067 17777
0 30 179 2 -11039 5782
0 30 180 2 -20113 27662
0 30 181 2 13458 -5153
0 30 182 2 404 33274
0 30 183 2 -26745 -20823
0 30 184 2 -19892 26811
0 30 185 2 -38367 20702
0 30 186 2 -19778 24306
0 30 187 2 39965 -20669
0 30 188 2 -31877 224
0 30 189 2 33695 -840
0 30 190 2 23294 20116
0 30 191 2 31114 7278
0 30 192 2 -1250 30916
0 30 193 2 40348 -20313
0 30 194 2 -954 -33409
0 30 195 2 7442 13160
0 30 196 2 -7381 -12514
0 30 197 2 7149 10984
0 30 198 2 19876 37308
0 30 199 2 40491 -20710
0 30 200 2 25943 19955
0 30 201 2 14515 -4065
0 30 202 2 -34011 -1279
0 30 203 2 -18489 25925
0 30 204 2 -37956 17867
0 30 205 2 13819 -7073
0 30 206 2 -1231 -31847
0 30 207 2 -13577 5573
0 30 208 2 962 -33225
0 30 209 2 -38307 19179
0 30 210 2 34408 1046
0 30 211 2 31182 -925
0 30 212 2 20040 41096
0 30 213 2 -5293 -13759
0 30 214 2 -25954 -20654
0 30 215 2 -1770 34705
0 30 216 2 -5847 -12148
0 30 217 2 27403 18954
0 30 218 2 33617 697
0 30 219 2 19452 38623
0 30 220 2 7851 12816
0 30 221 2 18933 38936
0 30 222 2 -13308 8006
0 30 223 2 28064 9809
0 30 224 2 38051 -20982
0 30 225 2 5395 14897
0 30 226 2 -1301 -31141
0 30 227 2 19314 41357
0 30 228 2 20182 38150
0 30 229 2 6031 11962
0 30 230 2 -7710 -12031
0 30 231 2 -19255 -40527
0 30 232 2 -34135 -1584
0 30 233 2 19550 -25411
0 30 234 2 -5303 -16905
0 30 235 2 -7976 -13216
0 30 236 2 -2289 -32750
0 30 237 2 -12724 9039
0 30 238 2 26235 19013
0 30 239 2 -6888 -11596
0 30 240 2 -18066 26122
0 30 241 2 -32398 375
0 30 242 2 21048 -26365
0 30 243 2 -13553 7008
0 30 244 2 11433 -7429
0 30 245 2 1220 -33257
0 30 246 2 -17314 25478
0 30 247 2 6407 13447
0 30 248 2 -17923 -41420
0 30 249 2 -1605 -32627
0 30 250 2 -19250 -39733
0 30 251 2 32387 863
0 30 252 2 38670 -19872
0 30 253 2 27714 19487
0 30 254 2 33122 -1405
0 30 255 2 31170 7728
0 31 0 2 -2168 2
0 31 1 2 31659 11440
0 31 2 2 -19623 25993
0 31 3 2 -1342 33745
0 31 4 2 19485 -26060
0 31 5 2 39463 -20171
0 31 6 2 20745 -26193
0 31 7 2 25904 20115
0 31 8 2 -27833 -20606
0 31 9 2 -14369 5592
0 31 10 2 -13700 6136
0 31 11 2 33304 1489
0 31 12 2 -1365 32524
0 31 13 2 -31814 1565
0 31 14 2 8140 10313
0 31 15 2 36864 -20256
0 31 16 2 35400 -979
0 31 17 2 31064 202
0 31 18 2 -39001 20811
0 31 19 2 -515 -33093
0 31 20 2 18924 -27304
0 31 21 2 160 32100
0 31 22 2 -7228 -13646
0 31 23 2 -7741 -14006
0 31 24 2 7621 12230
0 31 25 2 -19704 24735
0 31 26 2 19528 -27006
0 31 27 2 697 33015
0 31 28 2 2021 30323
0 31 29 2 -20658 26774
0 31 30 2 -26968 -18594
0 31 31 2 -25541 -20025
0 31 32 2 -12550 8671
0 31 33 2 30741 10636
0 31 34 2 11839 -7578
0 31 35 2 7291 10044
0 31 36 2 25276 18704
0 31 37 2 -27177 -19269
0 31 38 2 -40376 20034
0 31 39 2 28214 19528
0 31 40 2 -2210 31669
0 31 41 2 35323 2111
0 31 42 2 18622 37482
0 31 43 2 -18785 25661
0 31 44 2 579 -34923
0 31 45 2 -40241 20805
0 31 46 2 29117 19113
0 31 47 2 -196 -32160
0 31 48 2 -12379 6987
0 31 49 2 34822 927
0 31 50 2 -6775 -13576
0 31 51 2 -17777 28041
0 31 52 2 20022 -25296
0 31 53 2 -38113 20877
0 31 54 2 20832 -25928
0 31 55 2 26404 19457
0 31 56 2 29590 -1039
0 31 57 2 -19295 25515
0 31 58 2 33241 -1213
0 31 59 2 -28234 -18496
0 31 60 2 -26857 -18368
0 31 61 2 26343 19336
0 31 62 2 7150 13843
0 31 63 2 -18979 27987
0 31 64 2 19705 -23655
0 31 65 2 29246 10435
0 31 66 2 801 -33577
0 31 67 2 28350 21096
0 31 68 2 268 32807
0 31 69 2 33615 1471
0 31 70 2 36924 -19962
0 31 71 2 -25338 -16885
0 31 72 2 31354 -1630
0 31 73 2 17858 -26304
0 31 74 2 -38517 21877
0 31 75 2 -33415 -30
0 31 76 2 -815 -31063
0 31 77 2 -38589 20582
0 31 78 2 -822 32274
0 31 79 2 -28099 -20599
0 31 80 2 -13851 6343
0 31 81 2 6800 15238
0 31 82 2 1167 -31211
0 31 83 2 18616 -25414
0 31 84 2 40500 -17986
0 31 85 2 -12551 3922
0 31 86 2 -11827 7000
0 31 87 2 18651 -25443
0 31 88 2 -18366 25676
0 31 89 2 -23020 -38751
0 31 90 2 39036 -21532
0 31 91 2 -26053 -19827
0 31 92 2 -18682 -39646
0 31 93 2 38734 -21505
0 31 94 2 6374 13221
0 31 95 2 19728 -26041
0 31 96 2 19668 -26152
0 31 97 2 30595 10793
0 31 98 2 -41300 19194
0 31 99 2 27868 18442
0 31 100 2 17817 41537
0 31 101 2 37782 -18939
0 31 102 2 -15498 6107
0 31 103 2 -17716 -37141
0 31 104 2 34084 830
0 31 105 2 -530 32701
0 31 106 2 1611 -32131
0 31 107 2 -8491 -11973
0 31 108 2 -805 32072
0 31 109 2 -20328 26423
0 31 110 2 -12272 7547
0 31 111 2 -18582 24224
0 31 112 2 28391 18892
0 31 113 2 1062 105
0 31 114 2 -2374 -823
0 31 115 2 -1424 572
0 31 116 2 1434 -1191
0 31 117 2 3028 1416
0 31 118 2 -790 -1319
0 31 119 2 -1592 1060
0 31 120 2 1979 -686
0 31 121 2 428 372
0 31 122 2 2975 697
0 31 123 2 -596 -160
0 31 124 2 567 -1227
0 31 125 2 620 2836
0 31 126 2 1649 1428
0 31 127 2 618 1886
0 31 128 2 1444 1020
0 31 129 2 -275 -1324
0 31 130 2 1003 30
0 31 131 2 -1614 290
0 31 132 2 -736 -1173
0 31 133 2 242 -465
0 31 134 2 -753 -326
0 31 135 2 126 -1409
0 31 136 2 -2522 42
0 31 137 2 995 -931
0 31 138 2 583 -1763
0 31 139 2 -367 1148
0 31 140 2 99 12
0 31 141 2 -1064 -679
0 31 142 2 -865 1249
0 31 143 2 -2083 -186
0 31 144 2 936 -34548
0 31 145 2 10877 -7884
0 31 146 2 -4947 -14450
0 31 147 2 33330 1065
0 31 148 2 -34082 -1895
0 31 149 2 37598 -20501
0 31 150 2 39358 -20385
0 31 151 2 26235 19489
0 31 152 2 -12162 6201
0 31 153 2 19766 -26634
0 31 154 2 -39916 19375
0 31 155 2 -22853 -37609
0 31 156 2 37266 -19937
0 31 157 2 33 34158
0 31 158 2 12106 -6275
0 31 159 2 29237 12251
0 31 160 2 32508 1208
0 31 161 2 24834 19055
0 31 162 2 20275 37658
0 31 163 2 -33896 966
0 31 164 2 -25439 -18466
0 31 165 2 673 31211
0 31 166 2 6768 13731
0 31 167 2 -14394 6512
0 31 168 2 -100 34436
0 31 169 2 -23945 -20911
0 31 170 2 -20267 -39938
0 31 171 2 -13241 6089
0 31 172 2 5954 14102
0 31 173 2 -7684 -14418
0 31 174 2 -734 31624
0 31 175 2 -37930 20918
0 31 176 2 11127 -4003
0 31 177 2 32136 -2046
0 31 178 2 -20195 25877
0 31 179 2 11667 -7492
0 31 180 2 -32347 -812
0 31 181 2 -20396 -40016
0 31 182 2 -11007 7211
0 31 183 2 -23767 -17416
0 31 184 2 -2177 -32045
0 31 185 2 1061 36225
0 31 186 2 -33151 394
0 31 187 2 27140 20948
0 31 188 2 -38660 19034
0 31 189 2 -5606 -13506
0 31 190 2 -13870 6666
0 31 191 2 31863 10253
0 31 192 2 -541 32433
0 31 193 2 -862 -32398
0 31 194 2 -33171 1167
0 31 195 2 13495 -6700
0 31 196 2 -6837 -12086
0 31 197 2 18873 -24123
0 31 198 2 -1468 -32723
0 31 199 2 18207 37742
0 31 200 2 -19008 25865
0 31 201 2 -20374 -39282
0 31 202 2 -4378 -13268
0 31 203 2 19817 -27040
0 31 204 2 7761 14676
0 31 205 2 18884 39661
0 31 206 2 27825 20374
0 31 207 2 810 32239
0 31 208 2 33605 1780
0 31 209 2 371 31132
0 31 210 2 -28282 -20310
0 31 211 2 643 32624
0 31 212 2 -25230 -18138
0 31 213 2 115 31935
0 31 214 2 -31021 -57
0 31 215 2 -31811 -1989
0 31 216 2 -28565 -19849
0 31 217 2 7184 11562
0 31 218 2 -38780 20354
0 31 219 2 38396 -19549
0 31 220 2 145 32303
0 31 221 2 20733 39075
0 31 222 2 -26054 -20232
0 31 223 2 31645 11341
0 31 224 2 -6322 -13807
0 31 225 2 -33446 1795
0 31 226 2 13414 -7582
0 31 227 2 26492 19757
0 31 228 2 -2595 30974
0 31 229 2 -7023 -14001
0 31 230 2 -20449 -39287
0 31 231 2 21317 41582
0 31 232 2 -31483 -288
0 31 233 2 8220 12866
0 31 234 2 454 -32558
0 31 235 2 -1554 35001
0 31 236 2 6568 12751
0 31 237 2 6885 12277
0 31 238 2 26076 19820
0 31 239 2 -21835 -40317
0 31 240 2 18352 39390
0 31 241 2 -39074 20822
0 31 242 2 19359 -26114
0 31 243 2 -6693 -13554
0 31 244 2 27507 18290
0 31 245 2 26642 18855
0 31 246 2 38771 -18672
0 31 247 2 -14894 8303
0 31 248 2 -29303 -20855
0 31 249 2 4973 12781
0 31 250 2 -37481 19842
0 31 251 2 -155 31853
0 31 252 2 -39185 19829
0 31 253 2 -38416 21182
0 31 254 2 -12535 5032
0 31 255 2 32193 9301
0 32 0 2 -132 -1418
0 32 1 2 32704 12432
0 32 2 2 -7690 -12903
0 32 3 2 -37376 19242
0 32 4 2 20964 -25864
0 32 5 2 -27478 -20907
0 32 6 2 -19147 26132
0 32 7 2 20103 40265
0 32 8 2 25390 18877
0 32 9 2 39288 -20128
0 32 10 2 20643 38998
0 32 11 2 19804 -24613
0 32 12 2 2281 -35016
0 32 13 2 -13130 7074
0 32 14 2 6224 11277
0 32 15 2 11416 -3907
0 32 16 2 31589 1074
0 32 17 2 -3071 33227
0 32 18 2 20413 38702
0 32 19 2 -21224 27494
0 32 20 2 -25222 -18981
0 32 21 2 -19559 -39033
0 32 22 2 -24306 -20041
0 32 23 2 32350 -724
0 32 24 2 153 32791
0 32 25 2 25910 20272
0 32 26 2 -6620 -15129
0 32 27 2 -38752 19965
0 32 28 2 -19921 27298
0 32 29 2 6797 12652
0 32 30 2 -20884 -39738
0 32 31 2 18702 -24678
0 32 32 2 269 -34998
0 32 33 2 28966 10583
0 32 34 2 -729 -33841
0 32 35 2 -20874 -38710
0 32 36 2 -12259 7444
0 32 37 2 -26282 -18142
0 32 38 2 19894 39741
0 32 39 2 12585 -4523
0 32 40 2 -30877 -1011
0 32 41 2 -27449 -19468
0 32 42 2 -25425 -20734
0 32 43 2 21207 39326
0 32 44 2 -20490 25576
0 32 45 2 6349 14174
0 32 46 2 -5399 -12264
0 32 47 2 39239 -19283
0 32 48 2 18579 38409
0 32 49 2 40174 -19674
0 32 50 2 -26144 -18880
0 32 51 2 -27257 -19351
0 32 52 2 32377 678
0 32 53 2 32692 2231
0 32 54 2 2473 -33387
0 32 55 2 -32461 1672
0 32 56 2 -19902 26305
0 32 57 2 26190 17597
0 32 58 2 -12759 7265
0 32 59 2 1119 -33082
0 32 60 2 -19606 -36841
0 32 61 2 -11061 6398
0 32 62 2 -19009 -40102
0 32 63 2 18500 -25625
0 32 64 2 19206 -25180
0 32 65 2 31270 11747
0 32 66 2 13892 -8164
0 32 67 2 402 30620
0 32 68 2 -32169 870
0 32 69 2 279 33992
0 32 70 2 -39447 18569
0 32 71 2 32958 354
0 32 72 2 -6348 -13494
0 32 73 2 -13219 4971
0 32 74 2 -745 32682
0 32 75 2 20086 -26853
0 32 76 2 -20110 25148
0 32 77 2 -241 -33473
0 32 78 2 833 -33823
0 32 79 2 21169 39948
0 32 80 2 -10867 5109
0 32 81 2 1336 -30447
0 32 82 2 41172 -20036
0 32 83 2 19654 35401
0 32 84 2 -7792 -12055
0 32 85 2 18974 -24423
0 32 86 2 -6028 -10838
0 32 87 2 -27893 -21216
0 32 88 2 -20734 25489
0 32 89 2 -5895 -14463
0 32 90 2 -32639 1095
0 32 91 2 -19959 -39232
0 32 92 2 -32271 -61
0 32 93 2 7882 13607
0 32 94 2 7201 11504
0 32 95 2 26186 18046
0 32 96 2 -19416 -38155
0 32 97 2 32512 10968
0 32 98 2 38920 -19283
0 32 99 2 -15098 5757
0 32 100 2 25902 20591
0 32 101 2 -19446 -39838
0 32 102 2 21054 -26863
0 32 103 2 19969 38907
0 32 104 2 41387 -19088
0 32 105 2 -674 33807
0 32 106 2 18609 39006
0 32 107 2 -13593 6160
0 32 108 2 -17924 -39415
0 32 109 2 -6144 -12035
0 32 110 2 24915 19313
0 32 111 2 -19183 -41656
0 32 112 2 18446 38533
0 32 113 2 -20 168
0 32 114 2 -836 702
0 32 115 2 702 -604
0 32 116 2 392 -231
0 32 117 2 -279 -318
0 32 118 2 348 611
0 32 119 2 1700 -558
0 32 120 2 326 221
0 32 121 2 -763 1982
0 32 122 2 -2356 2760
0 32 123 2 -182 -1641
0 32 124 2 -1322 1612
0 32 125 2 527 1367
0 32 126 2 822 -1548
0 32 127 2 -1070 1038
0 32 128 2 -1671 1294
0 32 129 2 706 167
0 32 130 2 -70 2006
0 32 131 2 404 304
0 32 132 2 176 712
0 32 133 2 -1152 -379
0 32 134 2 228 1720
0 32 135 2 323 -105
0 32 136 2 -525 664
0 32 137 2 -881 209
0 32 138 2 -1585 -645
0 32 139 2 408 550
0 32 140 2 -626 -387
0 32 141 2 -727 -556
0 32 142 2 -930 -995
0 32 143 2 313 1321
0 32 144 2 -38733 19664
0 32 145 2 39043 -19488
0 32 146 2 -26787 -21290
0 32 147 2 -18474 -39476
0 32 148 2 -16690 -41072
0 32 149 2 19463 -27326
0 32 150 2 23559 -27593
0 32 151 2 -8136 -11490
0 32 152 2 39342 -19130
0 32 153 2 -5606 -12505
0 32 154 2 -21266 -39968
0 32 155 2 -1126 33314
0 32 156 2 -33446 -73
0 32 157 2 158 31022
0 32 158 2 222 33736
0 32 159 2 32273 12311
0 32 160 2 32976 -171
0 32 161 2 -25646 -20941
0 32 162 2 19501 -24288
0 32 163 2 -25024 -18777
0 32 164 2 -34938 2072
0 32 165 2 20353 40625
0 32 166 2 33428 -748
0 32 167 2 -21432 -39699
0 32 168 2 -20755 -39379
0 32 169 2 -2422 35062
0 32 170 2 -1036 -33873
0 32 171 2 19741 -25447
0 32 172 2 28200 21607
0 32 173 2 -6906 -11911
0 32 174 2 -7657 -13023
0 32 175 2 10464 -8111
0 32 176 2 -25664 -18936
0 32 177 2 40638 -21040
0 32 178 2 20530 40657
0 32 179 2 462 33609
0 32 180 2 -18956 26742
0 32 181 2 18599 -26603
0 32 182 2 1165 32958
0 32 183 2 -28589 -20634
0 32 184 2 -27322 -21118
0 32 185 2 13683 -7180
0 32 186 2 -19047 26745
0 32 187 2 22907 -24353
0 32 188 2 19479 -25841
0 32 189 2 26505 17344
0 32 190 2 -7597 -15190
0 32 191 2 31129 11767
0 32 192 2 -374 33568
0 32 193 2 -17985 -39527
0 32 194 2 18191 38707
0 32 195 2 18969 40288
0 32 196 2 31905 -349
0 32 197 2 6193 14523
0 32 198 2 -33712 1674
0 32 199 2 17516 -26280
0 32 200 2 -533 32760
0 32 201 2 -18764 26491
0 32 202 2 20067 -25226
0 32 203 2 19181 39652
0 32 204 2 37145 -20930
0 32 205 2 -18631 -39421
0 32 206 2 27678 18165
0 32 207 2 -39716 20268
0 32 208 2 19356 -25476
0 32 209 2 40210 -19649
0 32 210 2 -18561 28313
0 32 211 2 19622 39281
0 32 212 2 19610 -25744
0 32 213 2 -26425 -21946
0 32 214 2 -18686 25790
0 32 215 2 -17980 -39969
0 32 216 2 -27878 -21466
0 32 217 2 -31969 -2697
0 32 218 2 28512 19709
0 32 219 2 -25030 -20396
0 32 220 2 -32435 -827
0 32 221 2 38741 -20991
0 32 222 2 137 -33510
0 32 223 2 31199 9935
0 32 224 2 -25497 -21306
0 32 225 2 -33329 -536
0 32 226 2 -19510 26148
0 32 227 2 20177 -28543
0 32 228 2 -19792 26836
0 32 229 2 17353 39011
0 32 230 2 14168 -5429
0 32 231 2 1611 -33895
0 32 232 2 26853 19696
0 32 233 2 26940 17652
0 32 234 2 -7948 -12070
0 32 235 2 19268 -27558
0 32 236 2 -41078 22159
0 32 237 2 -39266 19962
0 32 238 2 38398 -17207
0 32 239 2 19492 -26925
0 32 240 2 20495 38964
0 32 241 2 -13313 4762
0 32 242 2 25576 18673
0 32 243 2 14002 -7554
0 32 244 2 33564 927
0 32 245 2 -11709 5076
0 32 246 2 4776 11365
0 32 247 2 27937 18881
0 32 248 2 -12049 6523
0 32 249 2 -25051 -17629
0 32 250 2 610 32735
0 32 251 2 5976 10250
0 32 252 2 -19312 -40694
0 32 253 2 -19668 27726
0 32 254 2 -32309 -256
0 32 255 2 32648 9162
0 33 0 2 -178 -1274
0 33 1 2 30271 10185
0 33 2 2 19216 39851
0 33 3 2 18321 38720
0 33 4 2 18858 39338
0 33 5 2 -19133 -39420
0 33 6 2 24874 18821
0 33 7 2 19441 41173
0 33 8 2 -819 -32459
0 33 9 2 -17658 -40742
0 33 10 2 -12254 7051
0 33 11 2 -397 33594
0 33 12 2 -18691 -39518
0 33 13 2 -12240 6477
0 33 14 2 -1696 32282
0 33 15 2 39984 -20826
0 33 16 2 41813 -20009
0 33 17 2 11806 -4941
0 33 18 2 20042 -25165
0 33 19 2 20421 -25101
0 33 20 2 18471 39401
0 33 21 2 14031 -4308
0 33 22 2 598 -33091
0 33 23 2 14090 -7668
0 33 24 2 1970 -29402
0 33 25 2 -154 -31717
0 33 26 2 24829 19043
0 33 27 2 12883 -4690
0 33 28 2 3708 11400
0 33 29 2 -13097 5865
0 33 30 2 -784 29802
0 33 31 2 18763 -23133
0 33 32 2 32228 -178
0 33 33 2 31206 11062
0 33 34 2 32033 2074
0 33 35 2 1459 -31304
0 33 36 2 -39125 17167
0 33 37 2 32258 199
0 33 38 2 -20212 -39199
0 33 39 2 -39096 19325
0 33 40 2 34125 957
0 33 41 2 21335 -26507
0 33 42 2 -19503 27085
0 33 43 2 -11941 7669
0 33 44 2 38199 -17773
0 33 45 2 -26822 -19153
0 33 46 2 -13511 7097
0 33 47 2 26920 18368
0 33 48 2 40251 -18039
0 33 49 2 -25537 -21504
0 33 50 2 -128 31582
0 33 51 2 688 -34141
0 33 52 2 -21670 25040
0 33 53 2 -41126 18904
0 33 54 2 -42126 19320
0 33 55 2 -37823 20060
0 33 56 2 -39013 19630
0 33 57 2 6743 12561
0 33 58 2 19651 -27512
0 33 59 2 28032 19514
0 33 60 2 -33875 297
0 33 61 2 18750 38877
0 33 62 2 -34043 -987
0 33 63 2 40025 -19158
0 33 64 2 39896 -18355
0 33 65 2 30789 12072
0 33 66 2 33547 -101
0 33 67 2 6149 13282
0 33 68 2 14857 -7444
0 33 69 2 31929 646
0 33 70 2 18774 40238
0 33 71 2 18860 37832
0 33 72 2 -7611 -13742
0 33 73 2 19421 -27063
0 33 74 2 -33300 58
0 33 75 2 20699 -26417
0 33 76 2 -16467 -40142
0 33 77 2 27548 19393
0 33 78 2 -39436 18333
0 33 79 2 -1351 30990
0 33 80 2 713 -31146
0 33 81 2 39962 -18213
0 33 82 2 18711 -26127
0 33 83 2 20543 40971
0 33 84 2 -7887 -11149
0 33 85 2 14610 -6726
0 33 86 2 27830 20787
0 33 87 2 -14428 5334
0 33 88 2 20014 41007
0 33 89 2 13225 -4329
0 33 90 2 34466 -1549
0 33 91 2 -531 34124
0 33 92 2 32726 2110
0 33 93 2 7293 12132
0 33 94 2 -1970 32129
0 33 95 2 -27634 -19782
0 33 96 2 -25271 -21486
0 33 97 2 31135 7969
0 33 98 2 6065 13276
0 33 99 2 -19674 25201
0 33 100 2 -34288 -199
0 33 101 2 -19639 -39163
0 33 102 2 -8052 -12393
0 33 103 2 635 -33754
0 33 104 2 -19438 24352
0 33 105 2 -17533 25348
0 33 106 2 31774 638
0 33 107 2 30720 2068
0 33 108 2 492 -33341
0 33 109 2 32931 -901
0 33 110 2 -20544 -39587
0 33 111 2 35 -31281
0 33 112 2 25786 21570
0 33 113 2 -79 1680
0 33 114 2 1834 -2343
0 33 115 2 -48 554
0 33 116 2 1930 260
0 33 117 2 -1363 -742
0 33 118 2 -519 -1076
0 33 119 2 1785 697
0 33 120 2 -1003 -1055
0 33 121 2 354 268
0 33 122 2 982 -424
0 33 123 2 811 1439
0 33 124 2 -738 -1693
0 33 125 2 468 998
0 33 126 2 -370 -1728
0 33 127 2 396 1112
0 33 128 2 -1296 499
0 33 129 2 -115 840
0 33 130 2 -979 1115
0 33 131 2 -651 1201
0 33 132 2 -951 1120
0 33 133 2 1171 -825
0 33 134 2 -325 1686
0 33 135 2 -830 -1265
0 33 136 2 282 -80
0 33 137 2 -2189 49
0 33 138 2 -1690 476
0 33 139 2 -243 1946
0 33 140 2 2246 674
0 33 141 2 -346 -476
0 33 142 2 -150 310
0 33 143 2 -2461 706
0 33 144 2 19016 39416
0 33 145 2 6040 11685
0 33 146 2 -25124 -19987
0 33 147 2 -20243 26012
0 33 148 2 -303 -32388
0 33 149 2 -31885 -204
0 33 150 2 19874 39935
0 33 151 2 -16573 -38685
0 33 152 2 -14036 9220
0 33 153 2 26227 20862
0 33 154 2 34159 1125
0 33 155 2 40643 -21509
0 33 156 2 -39205 20247
0 33 157 2 -13238 8485
0 33 158 2 -18727 -39527
0 33 159 2 30958 12173
0 33 160 2 -23036 28106
0 33 161 2 31797 226
0 33 162 2 20117 -27637
0 33 163 2 154 31200
0 33 164 2 -16359 -38238
0 33 165 2 21184 -25612
0 33 166 2 -19070 -37100
0 33 167 2 18110 39474
0 33 168 2 -7528 -10818
0 33 169 2 32720 -632
0 33 170 2 12679 -7126
0 33 171 2 -33888 -2070
0 33 172 2 20225 38288
0 33 173 2 -18984 -42288
0 33 174 2 -350 -32719
0 33 175 2 5124 11857
0 33 176 2 -38132 20864
0 33 177 2 -26702 -21284
0 33 178 2 -39650 20792
0 33 179 2 -32005 -847
0 33 180 2 -18623 -38584
0 33 181 2 -33150 -341
0 33 182 2 4765 11223
0 33 183 2 6405 13386
0 33 184 2 -33954 530
0 33 185 2 14851 -7694
0 33 186 2 20388 -24475
0 33 187 2 -12288 7276
0 33 188 2 13254 -7767
0 33 189 2 31978 1186
0 33 190 2 -578 32711
0 33 191 2 27824 10078
0 33 192 2 -32566 781
0 33 193 2 -5094 -13768
0 33 194 2 12420 -5981
0 33 195 2 19157 39535
0 33 196 2 31481 307
0 33 197 2 38783 -17740
0 33 198 2 -18924 24615
0 33 199 2 -13142 8085
0 33 200 2 20584 37439
0 33 201 2 -38425 18076
0 33 202 2 -17262 -41044
0 33 203 2 39155 -18232
0 33 204 2 39571 -20301
0 33 205 2 12952 -8358
0 33 206 2 11728 -8517
0 33 207 2 -40127 20052
0 33 208 2 -14671 6902
0 33 209 2 39880 -19578
0 33 210 2 -20204 24409
0 33 211 2 -26405 -20550
0 33 212 2 6917 11621
0 33 213 2 31499 -68
0 33 214 2 20267 -25019
0 33 215 2 -12474 6369
0 33 216 2 -6094 -12500
0 33 217 2 12818 -6496
0 33 218 2 305 -29896
0 33 219 2 -40340 20509
0 33 220 2 -5674 -13307
0 33 221 2 21226 -25569
0 33 222 2 -6177 -11795
0 33 223 2 27726 12168
0 33 224 2 -19960 26242
0 33 225 2 2891 -31562
0 33 226 2 17987 39229
0 33 227 2 -5910 -14961
0 33 228 2 -20539 24846
0 33 229 2 12302 -8546
0 33 230 2 20082 38139
0 33 231 2 -24883 -18352
0 33 232 2 -26218 -19048
0 33 233 2 19198 39673
0 33 234 2 -330 31310
0 33 235 2 31454 1155
0 33 236 2 -8511 -12331
0 33 237 2 39718 -19925
0 33 238 2 417 -32598
0 33 239 2 -19577 -37471
0 33 240 2 -19026 -40007
0 33 241 2 26395 20761
0 33 242 2 913 -32507
0 33 243 2 14587 -6310
0 33 244 2 1857 -29722
0 33 245 2 17155 39762
0 33 246 2 -18613 -39593
0 33 247 2 40734 -19292
0 33 248 2 -31530 305
0 33 249 2 -1389 -35241
0 33 250 2 -38096 14679
0 33 251 2 6114 12960
0 33 252 2 12868 -5818
0 33 253 2 6509 14065
0 33 254 2 -20753 27244
0 33 255 2 32546 10095
0 34 0 2 -2611 1343
0 34 1 2 31264 9560
0 34 2 2 -18354 -40851
0 34 3 2 -18362 -38152
0 34 4 2 -7857 -12705
0 34 5 2 -12801 7218
0 34 6 2 -19330 27021
0 34 7 2 -29744 -451
0 34 8 2 5179 13477
0 34 9 2 21313 -28195
0 34 10 2 -5560 -12392
0 34 11 2 -34857 1474
0 34 12 2 862 -32100
0 34 13 2 -17700 -39769
0 34 14 2 19070 41670
0 34 15 2 23229 -28061
0 34 16 2 39816 -21789
0 34 17 2 -6542 -11878
0 34 18 2 40806 -19352
0 34 19 2 -26207 -19593
0 34 20 2 -38943 19241
0 34 21 2 33977 755
0 34 22 2 172 32379
0 34 23 2 -8117 -13059
0 34 24 2 -38343 19260
0 34 25 2 31509 175
0 34 26 2 -18386 -40461
0 34 27 2 38348 -19415
0 34 28 2 31875 1263
0 34 29 2 13375 -7031
0 34 30 2 -27307 -19047
0 34 31 2 19536 39736
0 34 32 2 -19606 -38442
0 34 33 2 32221 12148
0 34 34 2 -31787 -419
0 34 35 2 3089 13256
0 34 36 2 20561 40052
0 34 37 2 -24997 -20662
0 34 38 2 -17050 -40905
0 34 39 2 7864 15544
0 34 40 2 5585 12915
0 34 41 2 20986 -26328
0 34 42 2 5177 12522
0 34 43 2 18997 37619
0 34 44 2 -91 -35039
0 34 45 2 -17860 -39224
0 34 46 2 -25205 -20889
0 34 47 2 -33270 -50
0 34 48 2 -19922 25053
0 34 49 2 -12340 7301
0 34 50 2 -1392 32068
0 34 51 2 -1557 27872
0 34 52 2 -13914 4469
0 34 53 2 23578 -26397
0 34 54 2 23170 20965
0 34 55 2 34985 -119
0 34 56 2 -1449 -34176
0 34 57 2 -20147 24748
0 34 58 2 -33425 -2230
0 34 59 2 -32511 -271
0 34 60 2 -13410 6634
0 34 61 2 -12172 7085
0 34 62 2 21082 -26862
0 34 63 2 -40959 19225
0 34 64 2 -40240 18360
0 34 65 2 31393 11747
0 34 66 2 -1813 31969
0 34 67 2 -30203 -2642
0 34 68 2 -38773 17398
0 34 69 2 6467 13617
0 34 70 2 -461 31585
0 34 71 2 1605 -31149
0 34 72 2 10678 -7231
0 34 73 2 12178 -3908
0 34 74 2 -31923 -787
0 34 75 2 26226 19377
0 34 76 2 34172 3133
0 34 77 2 -20282 26388
0 34 78 2 -130 33289
0 34 79 2 18352 39114
0 34 80 2 27262 18713
0 34 81 2 -9933 6563
0 34 82 2 -20318 27849
0 34 83 2 18931 40227
0 34 84 2 1864 -31216
0 34 85 2 25489 22337
0 34 86 2 -20295 -38930
0 34 87 2 -5809 -14140
0 34 88 2 5917 13125
0 34 89 2 12065 -4599
0 34 90 2 37703 -18213
0 34 91 2 -431 -33028
0 34 92 2 1901 -32261
0 34 93 2 33136 912
0 34 94 2 -24502 -21862
0 34 95 2 12166 -6076
0 34 96 2 37830 -18758
0 34 97 2 30356 12612
0 34 98 2 -26819 -21467
0 34 99 2 -13062 6486
0 34 100 2 21457 40692
0 34 101 2 -20440 27557
0 34 102 2 24464 20212
0 34 103 2 -5449 -12097
0 34 104 2 30 -31475
0 34 105 2 14751 -7815
0 34 106 2 38581 -18765
0 34 107 2 1275 -36099
0 34 108 2 27309 18303
0 34 109 2 -20139 -38910
0 34 110 2 165 -31166
0 34 111 2 -38308 19958
0 34 112 2 -25474 -20230
0 34 113 2 1883 -2308
0 34 114 2 365 811
0 34 115 2 27 -830
0 34 116 2 618 1470
0 34 117 2 1010 563
0 34 118 2 -559 1547
0 34 119 2 7 317
0 34 120 2 -7 -412
0 34 121 2 -564 1334
0 34 122 2 260 560
0 34 123 2 383 -30
0 34 124 2 -1109 1647
0 34 125 2 773 -1582
0 34 126 2 -402 -1043
0 34 127 2 817 1142
0 34 128 2 838 -1224
0 34 129 2 1381 -200
0 34 130 2 120 93
0 34 131 2 47 -193
0 34 132 2 136 -34
0 34 133 2 -1342 2516
0 34 134 2 671 144
0 34 135 2 -83 -529
0 34 136 2 -528 667
0 34 137 2 -2082 1207
0 34 138 2 1200 -340
0 34 139 2 -797 183
0 34 140 2 -639 -7
0 34 141 2 2071 3000
0 34 142 2 -1268 -624
0 34 143 2 -1715 -19
0 34 144 2 -40945 17822
0 34 145 2 -38891 19665
0 34 146 2 -18661 -39638
0 34 147 2 19374 38801
0 34 148 2 40168 -16819
0 34 149 2 41286 -16937
0 34 150 2 -543 32509
0 34 151 2 -5956 -14496
0 34 152 2 -33806 1148
0 34 153 2 -21067 26675
0 34 154 2 6889 12922
0 34 155 2 40980 -17901
0 34 156 2 5806 13957
0 34 157 2 33249 1638
0 34 158 2 20683 -27375
0 34 159 2 31017 12565
0 34 160 2 31558 68
0 34 161 2 -1020 -33976
0 34 162 2 -15890 -40607
0 34 163 2 32058 1722
0 34 164 2 25147 20234
0 34 165 2 40439 -17235
0 34 166 2 31150 1488
0 34 167 2 18741 39959
0 34 168 2 -40991 19778
0 34 169 2 -19647 -40041
0 34 170 2 26035 20715
0 34 171 2 4913 13271
0 34 172 2 21469 -26822
0 34 173 2 -25242 -21695
0 34 174 2 13822 -7468
0 34 175 2 -14447 7408
0 34 176 2 -38303 20503
0 34 177 2 39400 -18500
0 34 178 2 -292 34331
0 34 179 2 -25706 -21518
0 34 180 2 -39895 21101
0 34 181 2 -6326 -13052
0 34 182 2 -25079 -18362
0 34 183 2 -33546 14
0 34 184 2 31802 1328
0 34 185 2 -13244 6058
0 34 186 2 20186 -27136
0 34 187 2 -18575 25143
0 34 188 2 1468 30570
0 34 189 2 19744 -26169
0 34 190 2 -169 33588
0 34 191 2 31747 10561
0 34 192 2 19204 -26546
0 34 193 2 -20115 -41359
0 34 194 2 41822 -17851
0 34 195 2 -1282 -32818
0 34 196 2 -19520 -41145
0 34 197 2 -4611 -13058
0 34 198 2 21473 -23676
0 34 199 2 26450 20110
0 34 200 2 21053 -24729
0 34 201 2 -32052 -545
0 34 202 2 20371 40030
0 34 203 2 16984 41183
0 34 204 2 19732 -26886
0 34 205 2 -14178 7110
0 34 206 2 20473 -23205
0 34 207 2 -40248 17819
0 34 208 2 -13502 4121
0 34 209 2 -324 31401
0 34 210 2 20514 40223
0 34 211 2 -18908 -39351
0 34 212 2 110 -34080
0 34 213 2 14495 -4555
0 34 214 2 31314 952
0 34 215 2 25501 20992
0 34 216 2 -27553 -20630
0 34 217 2 -19307 -39066
0 34 218 2 -13315 6733
0 34 219 2 -39810 20874
0 34 220 2 22644 -25975
0 34 221 2 -13351 5780
0 34 222 2 32774 300
0 34 223 2 31106 12738
0 34 224 2 40281 -18527
0 34 225 2 -25962 -18397
0 34 226 2 23562 19661
0 34 227 2 19107 -24657
0 34 228 2 -17779 -39376
0 34 229 2 -571 32989
0 34 230 2 -4496 -13240
0 34 231 2 -19865 25885
0 34 232 2 15223 -6250
0 34 233 2 6982 12208
0 34 234 2 118 31239
0 34 235 2 6485 12893
0 34 236 2 -2864 -13484
0 34 237 2 -39861 19866
0 34 238 2 -19271 26719
0 34 239 2 21739 -26175
0 34 240 2 -14139 4286
0 34 241 2 20781 -27038
0 34 242 2 1778 -32496
0 34 243 2 -31838 1047
0 34 244 2 -18339 -39538
0 34 245 2 -25072 -19641
0 34 246 2 -24624 -20630
0 34 247 2 -31723 -2116
0 34 248 2 6473 13524
0 34 249 2 40332 -17783
0 34 250 2 -18142 -38626
0 34 251 2 12853 -6526
0 34 252 2 -39464 19196
0 34 253 2 -19586 25565
0 34 254 2 1248 31107
0 34 255 2 29768 12471
0 35 0 2 -1844 523
0 35 1 2 30435 11194
0 35 2 2 -13666 -29287
0 35 3 2 -13475 -28421
0 35 4 2 13884 31350
0 35 5 2 15294 28654
0 35 6 2 13046 30581
0 35 7 2 -28655 14629
0 35 8 2 13594 33139
0 35 9 2 -12745 -28955
0 35 10 2 14206 30637
0 35 11 2 15167 31529
0 35 12 2 14753 29081
0 35 13 2 -14457 -28042
0 35 14 2 14569 30704
0 35 15 2 15539 30181
0 35 16 2 -15083 -30817
0 35 17 2 -29512 12898
0 35 18 2 -28328 12906
0 35 19 2 -13880 -30220
0 35 20 2 -29765 15219
0 35 21 2 15239 30625
0 35 22 2 12833 29025
0 35 23 2 -28103 12414
0 35 24 2 -13957 -30137
0 35 25 2 -28170 12885
0 35 26 2 29951 -13356
0 35 27 2 -28527 14044
0 35 28 2 30082 -13304
0 35 29 2 -31900 12850
0 35 30 2 13272 30152
0 35 31 2 28879 -13668
0 35 32 2 -29503 12440
0 35 33 2 32422 10021
0 35 34 2 28813 -12446
0 35 35 2 13871 29982
0 35 36 2 13266 29168
0 35 37 2 14735 31573
0 35 38 2 14387 29813
0 35 39 2 14096 29832
0 35 40 2 29761 -14577
0 35 41 2 -12695 -30211
0 35 42 2 -30525 14487
0 35 43 2 -28647 11520
0 35 44 2 29526 -16983
0 35 45 2 12979 31105
0 35 46 2 12733 31715
0 35 47 2 30225 -13158
0 35 48 2 27960 -12374
0 35 49 2 -13935 -28167
0 35 50 2 29771 -13747
0 35 51 2 -12108 -29633
0 35 52 2 29786 -13541
0 35 53 2 13715 30496
0 35 54 2 -28488 13263
0 35 55 2 -14033 -31105
0 35 56 2 33468 -13242
0 35 57 2 27497 -14622
0 35 58 2 27619 -11851
0 35 59 2 -14730 -30881
0 35 60 2 -29775 11821
0 35 61 2 -30471 14315
0 35 62 2 11880 29709
0 35 63 2 30972 -13996
0 35 64 2 29559 -14758
0 35 65 2 31597 9369
0 35 66 2 29330 -13157
0 35 67 2 -12944 -29567
0 35 68 2 -14917 -29366
0 35 69 2 -12220 -30532
0 35 70 2 -29111 14762
0 35 71 2 15315 29419
0 35 72 2 31782 -13216
0 35 73 2 -29726 14360
0 35 74 2 -29078 14510
0 35 75 2 -30498 15077
0 35 76 2 14249 30938
0 35 77 2 -29121 13280
0 35 78 2 -12749 -28246
0 35 79 2 -13559 -29539
0 35 80 2 -13219 -28191
0 35 81 2 29069 -13669
0 35 82 2 16117 30842
0 35 83 2 13737 29823
0 35 84 2 -13037 -32741
0 35 85 2 -28741 13786
0 35 86 2 11650 29110
0 35 87 2 -13492 -29205
0 35 88 2 -28686 14789
0 35 89 2 -13731 -27882
0 35 90 2 14535 29863
0 35 91 2 -30923 12075
0 35 92 2 15221 30076
0 35 93 2 14234 29537
0 35 94 2 14763 28348
0 35 95 2 -13955 -29156
0 35 96 2 14325 29518
0 35 97 2 30209 13238
0 35 98 2 -12718 -28149
0 35 99 2 -28593 13998
0 35 100 2 -27097 14362
0 35 101 2 29231 -12732
0 35 102 2 13038 30488
0 35 103 2 -27707 13474
0 35 104 2 -12735 -29821
0 35 105 2 13743 30287
0 35 106 2 14964 31155
0 35 107 2 -32068 12689
0 35 108 2 -30940 11771
0 35 109 2 -16707 -28664
0 35 110 2 -31476 14205
0 35 111 2 13981 29635
0 35 112 2 -13156 -32424
0 35 113 2 748 769
0 35 114 2 -1196 672
0 35 115 2 -491 330
0 35 116 2 -630 -650
0 35 117 2 -1612 -1557
0 35 118 2 1503 -2529
0 35 119 2 -1721 653
0 35 120 2 906 92
0 35 121 2 134 -2746
0 35 122 2 -1743 -396
0 35 123 2 1589 906
0 35 124 2 -285 -659
0 35 125 2 -2500 1248
0 35 126 2 1248 -2363
0 35 127 2 2294 544
0 35 128 2 -517 -413
0 35 129 2 11 -322
0 35 130 2 115 -682
0 35 131 2 1068 434
0 35 132 2 1040 -932
0 35 133 2 1516 106
0 35 134 2 -333 769
0 35 135 2 -533 689
0 35 136 2 -2161 1256
0 35 137 2 1091 -653
0 35 138 2 -1054 1065
0 35 139 2 -1764 -849
0 35 140 2 1159 611
0 35 141 2 -1003 -100
0 35 142 2 2031 781
0 35 143 2 -488 1388
0 35 144 2 -30315 15798
0 35 145 2 28941 -12169
0 35 146 2 12638 29671
0 35 147 2 31053 -14508
0 35 148 2 -13835 -29852
0 35 149 2 -31312 12593
0 35 150 2 29239 -15829
0 35 151 2 -14045 -30259
0 35 152 2 13053 29737
0 35 153 2 -13287 -30064
0 35 154 2 13010 31266
0 35 155 2 13841 28438
0 35 156 2 -27398 13760
0 35 157 2 -29259 11569
0 35 158 2 12192 31451
0 35 159 2 30987 11529
0 35 160 2 29255 -15248
0 35 161 2 30750 -15880
0 35 162 2 -13017 -27050
0 35 163 2 11450 27919
0 35 164 2 -12963 -30312
0 35 165 2 -32061 14363
0 35 166 2 12102 29724
0 35 167 2 14062 29453
0 35 168 2 17524 29445
0 35 169 2 -11701 -28185
0 35 170 2 31210 -13061
0 35 171 2 28172 -14438
0 35 172 2 -13942 -30392
0 35 173 2 -29612 15824
0 35 174 2 28735 -13728
0 35 175 2 -30340 11580
0 35 176 2 29976 -12105
0 35 177 2 -30145 12245
0 35 178 2 -30772 12335
0 35 179 2 -13722 -30457
0 35 180 2 29745 -14589
0 35 181 2 30748 -13389
0 35 182 2 13947 29956
0 35 183 2 -13587 -29663
0 35 184 2 14994 28418
0 35 185 2 -31149 14213
0 35 186 2 15626 28196
0 35 187 2 28534 -15230
0 35 188 2 -30276 12392
0 35 189 2 -14588 -28441
0 35 190 2 30924 -10719
0 35 191 2 29963 12558
0 35 192 2 30303 -12952
0 35 193 2 -12967 -28354
0 35 194 2 15153 30692
0 35 195 2 11473 28834
0 35 196 2 -30275 11827
0 35 197 2 14313 29074
0 35 198 2 13265 28271
0 35 199 2 29376 -10563
0 35 200 2 -14554 -31320
0 35 201 2 -14155 -28803
0 35 202 2 -14686 -30215
0 35 203 2 30177 -14551
0 35 204 2 10935 28896
0 35 205 2 -30913 15360
0 35 206 2 -29636 12551
0 35 207 2 14009 30779
0 35 208 2 30438 -14860
0 35 209 2 -29476 13369
0 35 210 2 32186 -14214
0 35 211 2 -30235 14564
0 35 212 2 -30606 13468
0 35 213 2 -13774 -28513
0 35 214 2 -30604 14214
0 35 215 2 12609 31445
0 35 216 2 -28622 13581
0 35 217 2 14928 26957
0 35 218 2 -14021 -30801
0 35 219 2 -28112 14159
0 35 220 2 14470 28889
0 35 221 2 14926 32688
0 35 222 2 30530 -11839
0 35 223 2 28168 9202
0 35 224 2 -13105 -31206
0 35 225 2 12629 30017
0 35 226 2 30587 -14752
0 35 227 2 -12582 -29527
0 35 228 2 -12573 -29864
0 35 229 2 30447 -12117
0 35 230 2 28761 -16816
0 35 231 2 -30198 12547
0 35 232 2 13636 29950
0 35 233 2 -11821 -31309
0 35 234 2 -28594 14534
0 35 235 2 31303 -14575
0 35 236 2 30813 -12810
0 35 237 2 -28446 13600
0 35 238 2 31462 -11952
0 35 239 2 -11379 -30818
0 35 240 2 13391 28272
0 35 241 2 -28827 13430
0 35 242 2 -31709 12845
0 35 243 2 14530 29329
0 35 244 2 13003 27367
0 35 245 2 -15347 -28470
0 35 246 2 -29267 14073
0 35 247 2 15295 30080
0 35 248 2 14763 29264
0 35 249 2 32340 -12822
0 35 250 2 14597 33312
0 35 251 2 -14500 -30338
0 35 252 2 -31393 14805
0 35 253 2 29558 -14196
0 35 254 2 11291 29451
0 35 255 2 31045 10975
0 36 0 2 961 1295
0 36 1 2 32789 11545
0 36 2 2 -4974 -13360
0 36 3 2 -13817 6388
0 36 4 2 40961 -18241
0 36 5 2 26573 20692
0 36 6 2 6441 12245
0 36 7 2 -11503 5041
0 36 8 2 -16793 -40133
0 36 9 2 38444 -19195
0 36 10 2 2507 -32350
0 36 11 2 34626 1083
0 36 12 2 31277 2685
0 36 13 2 21688 -27027
0 36 14 2 -22664 26983
0 36 15 2 -33305 -883
0 36 16 2 35182 2178
0 36 17 2 -40277 18841
0 36 18 2 -39766 16679
0 36 19 2 5308 15086
0 36 20 2 -19390 27965
0 36 21 2 -32734 -298
0 36 22 2 -13010 5241
0 36 23 2 -20799 26651
0 36 24 2 22120 -25168
0 36 25 2 -32448 -1358
0 36 26 2 17999 37669
0 36 27 2 -15701 -39130
0 36 28 2 -13402 6908
0 36 29 2 10414 -5577
0 36 30 2 6022 11065
0 36 31 2 -2909 34512
0 36 32 2 16650 40878
0 36 33 2 30883 10841
0 36 34 2 -32445 0
0 36 35 2 40749 -19367
0 36 36 2 33665 1095
0 36 37 2 -24748 -21584
0 36 38 2 26388 19209
0 36 39 2 -24879 -19008
0 36 40 2 -5406 -12728
0 36 41 2 15289 38682
0 36 42 2 -23895 -23580
0 36 43 2 40665 -18315
0 36 44 2 -25688 -21513
0 36 45 2 25157 20182
0 36 46 2 19894 -26154
0 36 47 2 13150 -5560
0 36 48 2 -14651 6492
0 36 49 2 -591 32999
0 36 50 2 -32658 -3532
0 36 51 2 -395 32460
0 36 52 2 22715 -23558
0 36 53 2 2968 12496
0 36 54 2 20305 -25515
0 36 55 2 -32878 -471
0 36 56 2 -25633 -22682
0 36 57 2 -20730 26008
0 36 58 2 18188 40554
0 36 59 2 20381 -24991
0 36 60 2 -25488 -20624
0 36 61 2 40599 -16860
0 36 62 2 -12892 6471
0 36 63 2 5585 11040
0 36 64 2 -39697 16857
0 36 65 2 28990 11022
0 36 66 2 24295 20459
0 36 67 2 -1257 30683
0 36 68 2 -5325 -11908
0 36 69 2 -24098 -20447
0 36 70 2 -13866 5257
0 36 71 2 2185 -31928
0 36 72 2 40239 -16154
0 36 73 2 2624 -31627
0 36 74 2 16673 40634
0 36 75 2 25231 20220
0 36 76 2 19538 39610
0 36 77 2 -13265 5323
0 36 78 2 -1321 31349
0 36 79 2 -21767 25150
0 36 80 2 2115 -34323
0 36 81 2 24698 19306
0 36 82 2 5627 12137
0 36 83 2 20803 -23095
0 36 84 2 17659 41848
0 36 85 2 -32061 26
0 36 86 2 -24627 -19656
0 36 87 2 4710 -33262
0 36 88 2 -5666 -13841
0 36 89 2 25410 21479
0 36 90 2 34186 447
0 36 91 2 269 -31595
0 36 92 2 2425 -32043
0 36 93 2 -34443 -2399
0 36 94 2 1076 -33720
0 36 95 2 21264 -24615
0 36 96 2 -18383 -40645
0 36 97 2 31312 13101
0 36 98 2 25003 20639
0 36 99 2 -17742 -41602
0 36 100 2 17678 41196
0 36 101 2 -21368 24747
0 36 102 2 39599 -16038
0 36 103 2 3922 -33030
0 36 104 2 5528 13512
0 36 105 2 33092 1262
0 36 106 2 286 -32279
0 36 107 2 20616 -23363
0 36 108 2 -29837 -1234
0 36 109 2 20215 -24217
0 36 110 2 4452 13274
0 36 111 2 16256 39806
0 36 112 2 12383 -3237
0 36 113 2 -74 -708
0 36 114 2 495 892
0 36 115 2 -2692 178
0 36 116 2 -825 687
0 36 117 2 851 333
0 36 118 2 -660 319
0 36 119 2 258 488
0 36 120 2 -1199 -1393
0 36 121 2 -427 -1204
0 36 122 2 647 862
0 36 123 2 -556 1219
0 36 124 2 364 -881
0 36 125 2 -2104 1407
0 36 126 2 -927 -453
0 36 127 2 1027 -865
0 36 128 2 1028 -1073
0 36 129 2 1071 -312
0 36 130 2 2120 -797
0 36 131 2 383 -2011
0 36 132 2 -661 -1293
0 36 133 2 16 1104
0 36 134 2 264 186
0 36 135 2 2309 -853
0 36 136 2 -605 -805
0 36 137 2 -1028 336
0 36 138 2 785 595
0 36 139 2 1603 100
0 36 140 2 -613 -824
0 36 141 2 1530 -1556
0 36 142 2 -1434 1714
0 36 143 2 -1924 305
0 36 144 2 17005 41635
0 36 145 2 40428 -20479
0 36 146 2 -39723 17824
0 36 147 2 -14169 6789
0 36 148 2 -22440 22619
0 36 149 2 -31272 -3768
0 36 150 2 18074 40367
0 36 151 2 -17365 -39783
0 36 152 2 14241 -4129
0 36 153 2 -25170 -19444
0 36 154 2 24919 20385
0 36 155 2 6303 14000
0 36 156 2 25944 21289
0 36 157 2 20270 -24465
0 36 158 2 5905 14097
0 36 159 2 29406 10758
0 36 160 2 38921 -16614
0 36 161 2 18961 40295
0 36 162 2 -29810 -1933
0 36 163 2 17364 41257
0 36 164 2 -33000 -1229
0 36 165 2 19497 39170
0 36 166 2 13076 -5002
0 36 167 2 33000 590
0 36 168 2 -5871 -14286
0 36 169 2 33490 1395
0 36 170 2 -26691 -21594
0 36 171 2 -34302 -1597
0 36 172 2 5650 13728
0 36 173 2 33420 1761
0 36 174 2 -5004 -14047
0 36 175 2 2122 -32378
0 36 176 2 -16188 -40330
0 36 177 2 -31713 -1283
0 36 178 2 -32448 -3075
0 36 179 2 -1296 33234
0 36 180 2 33012 -287
0 36 181 2 -24863 -19643
0 36 182 2 17571 41943
0 36 183 2 -7681 -12732
0 36 184 2 19823 -23286
0 36 185 2 -24111 -22449
0 36 186 2 -12033 5793
0 36 187 2 -20513 25636
0 36 188 2 -19617 -37429
0 36 189 2 6394 12118
0 36 190 2 -19921 26060
0 36 191 2 30047 12147
0 36 192 2 -2465 34777
0 36 193 2 19960 39926
0 36 194 2 40676 -17392
0 36 195 2 42463 -19448
0 36 196 2 31109 2368
0 36 197 2 -19238 23699
0 36 198 2 6503 13600
0 36 199 2 5952 14615
0 36 200 2 -2168 31570
0 36 201 2 20983 -24237
0 36 202 2 21036 -25203
0 36 203 2 -6767 -12547
0 36 204 2 -30626 -2158
0 36 205 2 16890 41106
0 36 206 2 -22144 25267
0 36 207 2 -14129 8456
0 36 208 2 -6810 -13387
0 36 209 2 -25057 -19280
0 36 210 2 20526 -25302
0 36 211 2 37967 -19590
0 36 212 2 6208 12783
0 36 213 2 40592 -19786
0 36 214 2 -24662 -20902
0 36 215 2 32466 1164
0 36 216 2 33281 2155
0 36 217 2 -159 31548
0 36 218 2 40741 -19241
0 36 219 2 -22409 26019
0 36 220 2 -18384 -40091
0 36 221 2 -23919 -18453
0 36 222 2 22324 -25320
0 36 223 2 30397 10721
0 36 224 2 39967 -19666
0 36 225 2 7425 13532
0 36 226 2 34037 945
0 36 227 2 -3277 32350
0 36 228 2 -37948 17829
0 36 229 2 3917 15345
0 36 230 2 -23951 -20759
0 36 231 2 22184 -24327
0 36 232 2 41141 -17621
0 36 233 2 18165 -26609
0 36 234 2 -1700 31996
0 36 235 2 -23783 -19286
0 36 236 2 -40880 16935
0 36 237 2 -25570 -19979
0 36 238 2 23791 22545
0 36 239 2 -13080 6110
0 36 240 2 13212 -9684
0 36 241 2 -34852 569
0 36 242 2 -7603 -13205
0 36 243 2 24494 22229
0 36 244 2 -6424 -13220
0 36 245 2 -2818 -12445
0 36 246 2 -39829 18599
0 36 247 2 -33718 -2129
0 36 248 2 919 -33118
0 36 249 2 -25904 -18245
0 36 250 2 30724 1358
0 36 251 2 -39546 16777
0 36 252 2 -12533 6427
0 36 253 2 -24375 -22909
0 36 254 2 -41222 18746
0 36 255 2 32001 10545
0 37 0 2 -153 -1414
0 37 1 2 29486 11454
0 37 2 2 35814 2157
0 37 3 2 -6026 -15003
0 37 4 2 32286 2605
0 37 5 2 -25306 -21545
0 37 6 2 1601 -33798
0 37 7 2 -13508 4617
0 37 8 2 18624 40840
0 37 9 2 21425 -25223
0 37 10 2 -40343 17913
0 37 11 2 -15496 6578
0 37 12 2 -20106 25479
0 37 13 2 5230 11841
0 37 14 2 14580 -5852
0 37 15 2 15433 40594
0 37 16 2 -1946 31461
0 37 17 2 -20067 26050
0 37 18 2 20152 -26374
0 37 19 2 2289 -32149
0 37 20 2 -39967 16393
0 37 21 2 2046 -34010
0 37 22 2 6178 11401
0 37 23 2 -22785 23856
0 37 24 2 -32609 -2798
0 37 25 2 16359 40037
0 37 26 2 -13740 3967
0 37 27 2 -39830 18995
0 37 28 2 36837 -16975
0 37 29 2 5673 12360
0 37 30 2 -1298 33639
0 37 31 2 -6508 -12151
0 37 32 2 -655 31970
0 37 33 2 30200 11858
0 37 34 2 -13358 4857
0 37 35 2 -25319 -22722
0 37 36 2 -22281 26651
0 37 37 2 -3106 33293
0 37 38 2 -7013 -15023
0 37 39 2 12545 -4663
0 37 40 2 -21501 23697
0 37 41 2 -18380 -42730
0 37 42 2 34440 1390
0 37 43 2 -7759 -13362
0 37 44 2 -2889 33637
0 37 45 2 -23309 26008
0 37 46 2 -39952 15794
0 37 47 2 22206 -26459
0 37 48 2 24338 21978
0 37 49 2 -39153 16137
0 37 50 2 17779 40362
0 37 51 2 -1838 32311
0 37 52 2 14106 -4642
0 37 53 2 -33243 -1325
0 37 54 2 20337 -24048
0 37 55 2 -27869 -19459
0 37 56 2 -20420 27081
0 37 57 2 40684 -19608
0 37 58 2 -6120 -13640
0 37 59 2 41116 -14841
0 37 60 2 25055 21349
0 37 61 2 -1388 32036
0 37 62 2 38252 -18708
0 37 63 2 26505 22675
0 37 64 2 34662 1306
0 37 65 2 30955 12829
0 37 66 2 -27873 -19197
0 37 67 2 539 -33779
0 37 68 2 -1376 34752
0 37 69 2 -5234 -12230
0 37 70 2 18009 39678
0 37 71 2 -15994 -39555
0 37 72 2 41390 -15983
0 37 73 2 -16925 -40082
0 37 74 2 10994 -5233
0 37 75 2 32138 936
0 37 76 2 1825 -32829
0 37 77 2 -16710 -38901
0 37 78 2 12024 -5870
0 37 79 2 -17519 -40203
0 37 80 2 -18775 26583
0 37 81 2 14050 -7447
0 37 82 2 24125 20523
0 37 83 2 15902 40683
0 37 84 2 32701 2628
0 37 85 2 34212 1637
0 37 86 2 -16115 6514
0 37 87 2 -39024 17901
0 37 88 2 -41391 18952
0 37 89 2 -13395 4246
0 37 90 2 -3707 -12668
0 37 91 2 -5884 -13396
0 37 92 2 -18668 -40691
0 37 93 2 26999 21411
0 37 94 2 5695 13603
0 37 95 2 4378 12520
0 37 96 2 2207 -30830
0 37 97 2 29424 10951
0 37 98 2 -21544 24004
0 37 99 2 -39793 16585
0 37 100 2 26115 20255
0 37 101 2 -32622 -3023
0 37 102 2 -23802 -22313
0 37 103 2 1635 -32385
0 37 104 2 -32859 -2641
0 37 105 2 19425 -26015
0 37 106 2 -14097 5701
0 37 107 2 -33883 -3193
0 37 108 2 -15356 -41239
0 37 109 2 40915 -17342
0 37 110 2 -19921 24919
0 37 111 2 33850 1676
0 37 112 2 -31825 -2868
0 37 113 2 -772 2119
0 37 114 2 -868 48
0 37 115 2 553 -1527
0 37 116 2 1552 475
0 37 117 2 -1464 2066
0 37 118 2 282 -1120
0 37 119 2 -277 2419
0 37 120 2 -2587 1237
0 37 121 2 -2055 1855
0 37 122 2 -534 -2564
0 37 123 2 699 -1292
0 37 124 2 -1672 1126
0 37 125 2 -1995 -633
0 37 126 2 123 914
0 37 127 2 -1010 418
0 37 128 2 -226 1934
0 37 129 2 1449 172
0 37 130 2 461 -1555
0 37 131 2 16 -2555
0 37 132 2 841 -1763
0 37 133 2 -707 -37
0 37 134 2 903 -1843
0 37 135 2 1357 1310
0 37 136 2 251 -1195
0 37 137 2 581 -2163
0 37 138 2 -177 128
0 37 139 2 -783 131
0 37 140 2 1125 -1360
0 37 141 2 469 -20
0 37 142 2 1597 1269
0 37 143 2 -1758 336
0 37 144 2 -18793 -39772
0 37 145 2 -20051 24418
0 37 146 2 -6547 -12946
0 37 147 2 -11128 8746
0 37 148 2 25066 20517
0 37 149 2 13374 -6958
0 37 150 2 -16836 -39920
0 37 151 2 11375 -5800
0 37 152 2 -1456 32466
0 37 153 2 19121 41896
0 37 154 2 6999 15908
0 37 155 2 18952 41628
0 37 156 2 6107 12939
0 37 157 2 5249 13492
0 37 158 2 14265 -5612
0 37 159 2 27954 10717
0 37 160 2 -24610 -22812
0 37 161 2 -11922 3834
0 37 162 2 -11702 6824
0 37 163 2 20800 -25480
0 37 164 2 18377 43230
0 37 165 2 -1449 32669
0 37 166 2 -1431 32192
0 37 167 2 -18814 -40274
0 37 168 2 40594 -17561
0 37 169 2 -33665 -244
0 37 170 2 -18065 -40198
0 37 171 2 -21974 22025
0 37 172 2 -4964 -13837
0 37 173 2 -15697 7828
0 37 174 2 -21068 24341
0 37 175 2 -20975 23923
0 37 176 2 40690 -17332
0 37 177 2 -4434 -14417
0 37 178 2 32128 1697
0 37 179 2 14626 -4604
0 37 180 2 -5038 -13131
0 37 181 2 -20820 25848
0 37 182 2 -32527 -1038
0 37 183 2 -25997 -20531
0 37 184 2 -18496 -38710
0 37 185 2 -32817 -2054
0 37 186 2 -1727 34058
0 37 187 2 -41046 18251
0 37 188 2 -3761 -15636
0 37 189 2 -2834 32719
0 37 190 2 -12126 6552
0 37 191 2 33028 10267
0 37 192 2 14894 -4902
0 37 193 2 -32830 807
0 37 194 2 24325 20648
0 37 195 2 30593 -1064
0 37 196 2 2137 -32315
0 37 197 2 -12843 5804
0 37 198 2 -21506 24985
0 37 199 2 8270 15246
0 37 200 2 -33563 -1578
0 37 201 2 33616 1367
0 37 202 2 -37519 16485
0 37 203 2 2711 -32203
0 37 204 2 -12448 7061
0 37 205 2 -6908 -12936
0 37 206 2 31676 1253
0 37 207 2 16363 40796
0 37 208 2 -27264 -20760
0 37 209 2 -5124 -12998
0 37 210 2 39413 -18516
0 37 211 2 33917 1905
0 37 212 2 1545 -35723
0 37 213 2 -32110 -2511
0 37 214 2 -21136 24281
0 37 215 2 20329 -25228
0 37 216 2 13795 -5625
0 37 217 2 -1953 32114
0 37 218 2 40565 -15583
0 37 219 2 16302 38676
0 37 220 2 -30612 -624
0 37 221 2 25805 20746
0 37 222 2 -12125 8240
0 37 223 2 30148 12219
0 37 224 2 3202 -32619
0 37 225 2 -2561 31285
0 37 226 2 -19073 -40580
0 37 227 2 95 32004
0 37 228 2 -22500 24927
0 37 229 2 39304 -15227
0 37 230 2 393 31579
0 37 231 2 33642 1542
0 37 232 2 -40271 16397
0 37 233 2 -22258 25179
0 37 234 2 19527 -25334
0 37 235 2 4816 13126
0 37 236 2 32670 1231
0 37 237 2 -116 -33582
0 37 238 2 27170 23184
0 37 239 2 -17281 -42168
0 37 240 2 -20991 24063
0 37 241 2 -33140 -1549
0 37 242 2 -21817 26847
0 37 243 2 25293 19203
0 37 244 2 -22862 -22106
0 37 245 2 15589 -4932
0 37 246 2 39674 -16476
0 37 247 2 33926 563
0 37 248 2 -19608 24587
0 37 249 2 -37207 17450
0 37 250 2 3643 -32714
0 37 251 2 -2497 34173
0 37 252 2 -13879 7377
0 37 253 2 -26038 -20396
0 37 254 2 12975 -5774
0 37 255 2 29968 13091
0 38 0 2 1053 710
0 38 1 2 31103 11946
0 38 2 2 -26484 -20318
0 38 3 2 -18684 -38279
0 38 4 2 -4992 -12349
0 38 5 2 20622 -24727
0 38 6 2 20727 -22174
0 38 7 2 11968 -3793
0 38 8 2 -16206 -42442
0 38 9 2 21082 -24770
0 38 10 2 -32875 -1630
0 38 11 2 -16188 -39608
0 38 12 2 5969 14069
0 38 13 2 32456 1843
0 38 14 2 -25489 -22496
0 38 15 2 18012 38779
0 38 16 2 -25156 -20835
0 38 17 2 4728 14363
0 38 18 2 5413 14253
0 38 19 2 -20673 25707
0 38 20 2 -17610 -41661
0 38 21 2 19513 -23318
0 38 22 2 1640 -30512
0 38 23 2 -16860 -40248
0 38 24 2 -17444 -41897
0 38 25 2 1264 -31904
0 38 26 2 25732 20784
0 38 27 2 2672 -33600
0 38 28 2 7368 14350
0 38 29 2 -11934 4743
0 38 30 2 22069 -23453
0 38 31 2 -11468 7822
0 38 32 2 16947 40577
0 38 33 2 28454 13021
0 38 34 2 -7948 -13254
0 38 35 2 32770 2956
0 38 36 2 24541 21007
0 38 37 2 -41302 16050
0 38 38 2 39377 -18183
0 38 39 2 26675 23776
0 38 40 2 17414 40048
0 38 41 2 33578 3499
0 38 42 2 -39282 16244
0 38 43 2 -24208 -20152
0 38 44 2 34794 -112
0 38 45 2 21590 -23870
0 38 46 2 -16562 -39256
0 38 47 2 14923 -7454
0 38 48 2 16491 42125
0 38 49 2 13375 -6824
0 38 50 2 18294 38523
0 38 51 2 6240 15891
0 38 52 2 22434 -26444
0 38 53 2 -21818 26727
0 38 54 2 -34722 -1895
0 38 55 2 -13689 6245
0 38 56 2 4118 -33504
0 38 57 2 39382 -17406
0 38 58 2 5648 13758
0 38 59 2 -4430 -12856
0 38 60 2 4220 -31114
0 38 61 2 12263 -6219
0 38 62 2 -3585 30922
0 38 63 2 -5814 -14242
0 38 64 2 -21071 23510
0 38 65 2 28861 12028
0 38 66 2 -6410 -13452
0 38 67 2 21744 -23376
0 38 68 2 -4843 -15823
0 38 69 2 -21126 26180
0 38 70 2 14235 -6670
0 38 71 2 -16453 -40071
0 38 72 2 39170 -17440
0 38 73 2 -38996 16869
0 38 74 2 -5679 -14673
0 38 75 2 -25562 -21279
0 38 76 2 21837 -24448
0 38 77 2 -12374 2874
0 38 78 2 26269 21000
0 38 79 2 -38599 18421
0 38 80 2 -31766 -2420
0 38 81 2 31942 433
0 38 82 2 -17818 -40223
0 38 83 2 -19084 27561
0 38 84 2 -34544 -831
0 38 85 2 21494 -24504
0 38 86 2 3985 12452
0 38 87 2 -39959 17733
0 38 88 2 33414 1669
0 38 89 2 -33004 1053
0 38 90 2 -2827 31432
0 38 91 2 -16435 -41591
0 38 92 2 -17638 -40551
0 38 93 2 39395 -16813
0 38 94 2 -6412 -13822
0 38 95 2 -15008 7190
0 38 96 2 41419 -17058
0 38 97 2 30067 10868
0 38 98 2 -32536 -2375
0 38 99 2 23162 18969
0 38 100 2 1070 -32717
0 38 101 2 -27014 -21357
0 38 102 2 3536 -32985
0 38 103 2 -4365 -12477
0 38 104 2 1870 -32448
0 38 105 2 15093 42878
0 38 106 2 -6255 -12823
0 38 107 2 -20477 25553
0 38 108 2 5161 14638
0 38 109 2 -41365 15487
0 38 110 2 15990 39833
0 38 111 2 2571 -31812
0 38 112 2 20495 -24357
0 38 113 2 1444 -1171
0 38 114 2 -426 1802
0 38 115 2 -652 1339
0 38 116 2 1457 337
0 38 117 2 305 942
0 38 118 2 -1354 1116
0 38 119 2 591 1855
0 38 120 2 325 -1344
0 38 121 2 -371 -976
0 38 122 2 -256 -279
0 38 123 2 2026 126
0 38 124 2 -866 1780
0 38 125 2 122 -1001
0 38 126 2 2748 352
0 38 127 2 925 1175
0 38 128 2 12 -894
0 38 129 2 628 639
0 38 130 2 1217 383
0 38 131 2 394 1524
0 38 132 2 -1269 -1876
0 38 133 2 -1902 234
0 38 134 2 -1777 822
0 38 135 2 -589 -14
0 38 136 2 3481 -1253
0 38 137 2 1731 2072
0 38 138 2 -359 383
0 38 139 2 1167 -512
0 38 140 2 705 -1875
0 38 141 2 571 1430
0 38 142 2 -1093 814
0 38 143 2 299 203
0 38 144 2 31877 603
0 38 145 2 841 -30952
0 38 146 2 -37908 17036
0 38 147 2 14812 -5612
0 38 148 2 -14304 4776
0 38 149 2 13293 -2867
0 38 150 2 20550 -25488
0 38 151 2 42811 -18976
0 38 152 2 -5957 -12502
0 38 153 2 -3104 30455
0 38 154 2 26496 21044
0 38 155 2 -14724 5448
0 38 156 2 -6317 -13921
0 38 157 2 -5554 -13350
0 38 158 2 16601 40525
0 38 159 2 30080 13557
0 38 160 2 -18569 -39085
0 38 161 2 41208 -16300
0 38 162 2 -13695 8184
0 38 163 2 -18509 -38688
0 38 164 2 6772 13270
0 38 165 2 24932 22157
0 38 166 2 -6481 -15153
0 38 167 2 -32264 -1229
0 38 168 2 32424 3038
0 38 169 2 -39470 16997
0 38 170 2 -426 34171
0 38 171 2 5963 12712
0 38 172 2 -13701 7412
0 38 173 2 -25508 -21526
0 38 174 2 13392 -4016
0 38 175 2 18176 42176
0 38 176 2 2931 14226
0 38 177 2 -4761 -13691
0 38 178 2 -16547 -41227
0 38 179 2 -2811 31550
0 38 180 2 4389 -30628
0 38 181 2 -17714 -39599
0 38 182 2 -14292 6452
0 38 183 2 -13227 6994
0 38 184 2 -33330 -2195
0 38 185 2 25841 23376
0 38 186 2 -24304 -22352
0 38 187 2 -4459 -11746
0 38 188 2 -2170 33438
0 38 189 2 -16750 -37675
0 38 190 2 -21945 24192
0 38 191 2 30515 10290
0 38 192 2 -20007 26306
0 38 193 2 -1229 33213
0 38 194 2 31885 2881
0 38 195 2 -4199 32390
0 38 196 2 -24765 -22872
0 38 197 2 32782 2823
0 38 198 2 -22940 22420
0 38 199 2 -32553 -3947
0 38 200 2 17210 40214
0 38 201 2 39868 -15151
0 38 202 2 -31506 -3017
0 38 203 2 3731 14091
0 38 204 2 32148 2360
0 38 205 2 -41215 17054
0 38 206 2 33963 1516
0 38 207 2 22548 -25579
0 38 208 2 -3005 33213
0 38 209 2 -24691 -19736
0 38 210 2 -33321 -3924
0 38 211 2 20824 -25214
0 38 212 2 -14986 5172
0 38 213 2 -37597 15290
0 38 214 2 17609 42270
0 38 215 2 5143 12899
0 38 216 2 3310 -34664
0 38 217 2 -5206 -12385
0 38 218 2 24991 19503
0 38 219 2 -25335 -21973
0 38 220 2 -24445 -20780
0 38 221 2 -16235 -39692
0 38 222 2 15693 -6665
0 38 223 2 28626 9197
0 38 224 2 -81 -33137
0 38 225 2 -39368 17045
0 38 226 2 15752 -5694
0 38 227 2 18867 -24087
0 38 228 2 -25339 -20484
0 38 229 2 -24135 26029
0 38 230 2 23261 -23639
0 38 231 2 -19344 26909
0 38 232 2 -17669 24419
0 38 233 2 39586 -17112
0 38 234 2 40177 -17024
0 38 235 2 13170 -6996
0 38 236 2 18869 -24773
0 38 237 2 24960 20838
0 38 238 2 40998 -19091
0 38 239 2 39564 -17225
0 38 240 2 3117 -33049
0 38 241 2 -32535 -1395
0 38 242 2 31825 2858
0 38 243 2 -32586 -926
0 38 244 2 16792 40502
0 38 245 2 -6333 -13536
0 38 246 2 15037 41166
0 38 247 2 32360 1208
0 38 248 2 -32596 -1793
0 38 249 2 -17350 -40251
0 38 250 2 29883 2145
0 38 251 2 -21692 24084
0 38 252 2 23391 21928
0 38 253 2 13184 -6580
0 38 254 2 -1909 34205
0 38 255 2 30625 14288
0 39 0 2 -2996 -3691
0 39 1 2 30766 10835
0 39 2 2 23766 -25212
0 39 3 2 -38653 17845
0 39 4 2 4722 12713
0 39 5 2 33330 4693
0 39 6 2 19948 -24256
0 39 7 2 -17553 -41242
0 39 8 2 33301 1025
0 39 9 2 21566 -24426
0 39 10 2 34327 4166
0 39 11 2 4116 13256
0 39 12 2 34507 3193
0 39 13 2 -4231 -14570
0 39 14 2 18262 41005
0 39 15 2 -25348 -21065
0 39 16 2 32955 410
0 39 17 2 -25804 -21189
0 39 18 2 -24562 -21797
0 39 19 2 32215 2949
0 39 20 2 -31658 -698
0 39 21 2 33921 3561
0 39 22 2 12893 -5466
0 39 23 2 22477 -24399
0 39 24 2 -32962 -1140
0 39 25 2 -32741 -2637
0 39 26 2 -41912 18119
0 39 27 2 17211 42881
0 39 28 2 -17456 -39433
0 39 29 2 25101 20025
0 39 30 2 -22379 26139
0 39 31 2 -31028 -2840
0 39 32 2 14311 -3788
0 39 33 2 33412 13252
0 39 34 2 22926 -26410
0 39 35 2 -21918 24795
0 39 36 2 2308 -32334
0 39 37 2 13648 -3120
0 39 38 2 24390 23785
0 39 39 2 -1489 31863
0 39 40 2 16267 40034
0 39 41 2 25619 20938
0 39 42 2 13115 -3875
0 39 43 2 -3500 30124
0 39 44 2 17395 41604
0 39 45 2 16278 40194
0 39 46 2 41796 -18119
0 39 47 2 -3829 32529
0 39 48 2 -4340 -12934
0 39 49 2 -21697 -21663
0 39 50 2 -2938 31305
0 39 51 2 -33669 -3486
0 39 52 2 -5304 -14690
0 39 53 2 40539 -18429
0 39 54 2 8557 13355
0 39 55 2 40113 -18595
0 39 56 2 17487 41837
0 39 57 2 41934 -16531
0 39 58 2 -19494 26213
0 39 59 2 7658 14341
0 39 60 2 21156 -25363
0 39 61 2 -23167 25196
0 39 62 2 16029 40318
0 39 63 2 16367 38545
0 39 64 2 -33666 -1543
0 39 65 2 29135 13850
0 39 66 2 12963 -4774
0 39 67 2 15363 39926
0 39 68 2 -17292 -41672
0 39 69 2 -2666 31798
0 39 70 2 26876 19621
0 39 71 2 -31975 -1767
0 39 72 2 -41424 18709
0 39 73 2 -40250 18921
0 39 74 2 -31165 -76
0 39 75 2 33812 3013
0 39 76 2 24983 22629
0 39 77 2 -40823 18236
0 39 78 2 -41343 17596
0 39 79 2 -15629 -39836
0 39 80 2 20358 -26441
0 39 81 2 7221 10970
0 39 82 2 41113 -13482
0 39 83 2 -13836 6587
0 39 84 2 -25003 -21178
0 39 85 2 26490 22535
0 39 86 2 -2298 32103
0 39 87 2 -17747 -40238
0 39 88 2 -3878 -15579
0 39 89 2 -17996 -41548
0 39 90 2 5107 12943
0 39 91 2 38747 -15675
0 39 92 2 41175 -18157
0 39 93 2 -12771 6396
0 39 94 2 25104 21752
0 39 95 2 -16203 -42171
0 39 96 2 12994 -3053
0 39 97 2 30727 12989
0 39 98 2 32600 4612
0 39 99 2 -33323 -1107
0 39 100 2 -33704 -1243
0 39 101 2 40122 -17164
0 39 102 2 24323 22143
0 39 103 2 -14999 7230
0 39 104 2 -25163 -21677
0 39 105 2 14409 -6641
0 39 106 2 14058 -6217
0 39 107 2 -38924 15529
0 39 108 2 19465 40808
0 39 109 2 2639 -34103
0 39 110 2 2583 -30292
0 39 111 2 16038 42404
0 39 112 2 11213 -7254
0 39 113 2 -229 -289
0 39 114 2 1122 -579
0 39 115 2 -271 1368
0 39 116 2 -837 -611
0 39 117 2 -746 66
0 39 118 2 -363 936
0 39 119 2 1836 -532
0 39 120 2 1506 433
0 39 121 2 -155 -1117
0 39 122 2 772 663
0 39 123 2 -2205 -1541
0 39 124 2 -441 1058
0 39 125 2 791 -2375
0 39 126 2 1477 3142
0 39 127 2 1110 -2281
0 39 128 2 -1324 -954
0 39 129 2 239 -1518
0 39 130 2 -94 1173
0 39 131 2 -974 -422
0 39 132 2 946 277
0 39 133 2 -721 -1760
0 39 134 2 1438 -393
0 39 135 2 -928 -1296
0 39 136 2 1209 -912
0 39 137 2 597 3030
0 39 138 2 -1186 610
0 39 139 2 521 -1602
0 39 140 2 -1803 -468
0 39 141 2 919 2617
0 39 142 2 -204 344
0 39 143 2 1289 1893
0 39 144 2 -22365 24146
0 39 145 2 -17219 -40693
0 39 146 2 -24706 -22339
0 39 147 2 -32268 -184
0 39 148 2 22329 20066
0 39 149 2 -20087 24234
0 39 150 2 -32263 -4066
0 39 151 2 21281 -23824
0 39 152 2 -2172 32195
0 39 153 2 30919 1614
0 39 154 2 -1932 33259
0 39 155 2 24859 21717
0 39 156 2 -44100 14810
0 39 157 2 18361 40938
0 39 158 2 -23718 -21244
0 39 159 2 30371 14980
0 39 160 2 3718 -31843
0 39 161 2 17168 37699
0 39 162 2 26161 21697
0 39 163 2 40721 -16291
0 39 164 2 6256 14163
0 39 165 2 -39605 17868
0 39 166 2 40968 -16880
0 39 167 2 23503 19006
0 39 168 2 -13764 5771
0 39 169 2 -19506 24718
0 39 170 2 30795 2181
0 39 171 2 -17037 -40364
0 39 172 2 25297 23161
0 39 173 2 -17491 -40845
0 39 174 2 -11664 5093
0 39 175 2 -26156 -21744
0 39 176 2 377 31789
0 39 177 2 -5211 -12112
0 39 178 2 23625 21748
0 39 179 2 548 32399
0 39 180 2 -12714 5338
0 39 181 2 4321 -34412
0 39 182 2 3840 -33401
0 39 183 2 40555 -16521
0 39 184 2 14244 -5846
0 39 185 2 -16293 -43005
0 39 186 2 -15451 -40733
0 39 187 2 13523 -3627
0 39 188 2 -6286 -14037
0 39 189 2 -32418 -2959
0 39 190 2 -3848 -12928
0 39 191 2 29565 14055
0 39 192 2 3186 12637
0 39 193 2 39735 -17123
0 39 194 2 -14136 6870
0 39 195 2 31510 1165
0 39 196 2 22194 -27434
0 39 197 2 -40475 17733
0 39 198 2 -20897 24322
0 39 199 2 2688 -32208
0 39 200 2 -3507 -11857
0 39 201 2 42270 -16407
0 39 202 2 -1535 32895
0 39 203 2 -12507 5684
0 39 204 2 -14232 5677
0 39 205 2 -2872 33985
0 39 206 2 -41270 16725
0 39 207 2 -22182 24315
0 39 208 2 33051 3268
0 39 209 2 39746 -16260
0 39 210 2 -24105 23661
0 39 211 2 -26291 -22305
0 39 212 2 -6664 -13924
0 39 213 2 -18516 -41525
0 39 214 2 -1251 32614
0 39 215 2 -40552 15706
0 39 216 2 16084 41324
0 39 217 2 -4860 -15898
0 39 218 2 -16790 -42373
0 39 219 2 33109 436
0 39 220 2 -25566 -22995
0 39 221 2 -3674 33402
0 39 222 2 26062 22039
0 39 223 2 31101 13873
0 39 224 2 24271 21341
0 39 225 2 6005 12113
0 39 226 2 22156 -22402
0 39 227 2 16120 42000
0 39 228 2 -39395 17829
0 39 229 2 16630 39687
0 39 230 2 -24204 -20241
0 39 231 2 26586 22168
0 39 232 2 17025 42130
0 39 233 2 23198 20600
0 39 234 2 -26332 -21269
0 39 235 2 22738 -25154
0 39 236 2 -31078 -2030
0 39 237 2 40833 -15499
0 39 238 2 -17632 -38845
0 39 239 2 -24931 -21491
0 39 240 2 13964 -4168
0 39 241 2 40054 -18517
0 39 242 2 5239 13290
0 39 243 2 -31834 -3029
0 39 244 2 20970 -27353
0 39 245 2 -12286 6868
0 39 246 2 18146 40007
0 39 247 2 26064 22289
0 39 248 2 -24862 -20432
0 39 249 2 42103 -16945
0 39 250 2 -16881 -39645
0 39 251 2 4781 13311
0 39 252 2 26440 20646
0 39 253 2 25582 23416
0 39 254 2 24817 24306
0 39 255 2 32301 12495
0 40 0 2 328 -374
0 40 1 2 30467 12368
0 40 2 2 6814 13838
0 40 3 2 39938 -14708
0 40 4 2 -17473 -41132
0 40 5 2 22462 -24453
0 40 6 2 4637 -33163
0 40 7 2 30669 3226
0 40 8 2 -16221 -41454
0 40 9 2 -34697 -2947
0 40 10 2 -5327 -13215
0 40 11 2 39313 -16458
0 40 12 2 19316 -24417
0 40 13 2 40564 -16658
0 40 14 2 13712 -5703
0 40 15 2 -35003 -2887
0 40 16 2 -22767 23930
0 40 17 2 13419 -4857
0 40 18 2 1818 -31093
0 40 19 2 13036 -5260
0 40 20 2 -20300 25661
0 40 21 2 15490 41992
0 40 22 2 16931 40388
0 40 23 2 23886 24375
0 40 24 2 -24328 -21217
0 40 25 2 -4420 32646
0 40 26 2 -38333 14725
0 40 27 2 12998 -5951
0 40 28 2 19778 -24315
0 40 29 2 -39555 15002
0 40 30 2 21858 -24603
0 40 31 2 -41383 17233
0 40 32 2 -15003 4820
0 40 33 2 29038 12296
0 40 34 2 4568 13318
0 40 35 2 4488 -32078
0 40 36 2 -15806 -41089
0 40 37 2 -4654 -13391
0 40 38 2 -18412 -40183
0 40 39 2 40897 -15487
0 40 40 2 -39963 19253
0 40 41 2 -1675 33967
0 40 42 2 14945 -5920
0 40 43 2 -5811 -13572
0 40 44 2 -2734 31401
0 40 45 2 -33104 -4814
0 40 46 2 33766 3570
0 40 47 2 -13539 3796
0 40 48 2 31790 2302
0 40 49 2 -23177 -21858
0 40 50 2 15065 42695
0 40 51 2 24217 22276
0 40 52 2 3739 12138
0 40 53 2 747 -32692
0 40 54 2 14804 42472
0 40 55 2 -31673 -2124
0 40 56 2 -22681 24514
0 40 57 2 25559 21156
0 40 58 2 1345 -31397
0 40 59 2 -32559 -1185
0 40 60 2 -43454 18083
0 40 61 2 -15004 7006
0 40 62 2 -34278 -2760
0 40 63 2 -5291 -13142
0 40 64 2 41216 -18627
0 40 65 2 27279 12761
0 40 66 2 2887 -33480
0 40 67 2 -21026 24751
0 40 68 2 -21658 23783
0 40 69 2 -16539 -41945
0 40 70 2 -24408 -23210
0 40 71 2 25067 22183
0 40 72 2 41561 -17011
0 40 73 2 -17785 -39860
0 40 74 2 25715 23043
0 40 75 2 -4910 32385
0 40 76 2 -22487 22930
0 40 77 2 -16429 -38444
0 40 78 2 21488 -24870
0 40 79 2 -17473 -41258
0 40 80 2 -16085 -42908
0 40 81 2 5457 13475
0 40 82 2 -40540 15321
0 40 83 2 -25813 -21734
0 40 84 2 23391 -24123
0 40 85 2 -22516 23342
0 40 86 2 -5513 -15921
0 40 87 2 32197 3967
0 40 88 2 40400 -16693
0 40 89 2 -24306 23047
0 40 90 2 21613 -24311
0 40 91 2 928 -33374
0 40 92 2 -17107 -40947
0 40 93 2 -16792 -39747
0 40 94 2 -933 34112
0 40 95 2 -13175 5864
0 40 96 2 3571 -33822
0 40 97 2 29046 12148
0 40 98 2 17220 40754
0 40 99 2 -16124 -39316
0 40 100 2 -2134 35737
0 40 101 2 -5197 -14518
0 40 102 2 14036 -8331
0 40 103 2 4539 14953
0 40 104 2 32620 2399
0 40 105 2 -12467 2745
0 40 106 2 -15201 6639
0 40 107 2 3908 -33266
0 40 108 2 14437 -8063
0 40 109 2 -32713 -2939
0 40 110 2 23556 -26480
0 40 111 2 13417 -6099
0 40 112 2 41825 -16559
0 40 113 2 -1141 3
0 40 114 2 993 1704
0 40 115 2 321 76
0 40 116 2 430 931
0 40 117 2 415 -459
0 40 118 2 1028 2131
0 40 119 2 775 602
0 40 120 2 -697 -2583
0 40 121 2 -2691 116
0 40 122 2 1360 227
0 40 123 2 -1153 -1839
0 40 124 2 1055 1814
0 40 125 2 1732 -44
0 40 126 2 -145 1351
0 40 127 2 1055 -693
0 40 128 2 -1009 1983
0 40 129 2 -2187 -2298
0 40 130 2 753 1341
0 40 131 2 -179 -1582
0 40 132 2 -44 -2009
0 40 133 2 506 394
0 40 134 2 191 1408
0 40 135 2 -1347 239
0 40 136 2 1722 -1326
0 40 137 2 -1071 -825
0 40 138 2 -2479 -844
0 40 139 2 -1116 -1988
0 40 140 2 -459 999
0 40 141 2 103 1091
0 40 142 2 -542 1201
0 40 143 2 -1896 1867
0 40 144 2 -40696 15639
0 40 145 2 -4094 -11617
0 40 146 2 22082 -25723
0 40 147 2 40535 -14202
0 40 148 2 -5760 33086
0 40 149 2 -21599 24190
0 40 150 2 26029 21403
0 40 151 2 13603 39667
0 40 152 2 -32458 -3482
0 40 153 2 16663 39243
0 40 154 2 -7382 -15537
0 40 155 2 33646 2581
0 40 156 2 -24711 -20672
0 40 157 2 -15476 -42015
0 40 158 2 -16555 -40717
0 40 159 2 31661 11574
0 40 160 2 -41986 16929
0 40 161 2 -25318 -20650
0 40 162 2 38130 -15659
0 40 163 2 -41459 14030
0 40 164 2 32879 2052
0 40 165 2 -41246 16130
0 40 166 2 -34006 -2185
0 40 167 2 -23676 -21852
0 40 168 2 23666 20631
0 40 169 2 14650 -6740
0 40 170 2 16381 41064
0 40 171 2 4955 13165
0 40 172 2 -22216 22485
0 40 173 2 26723 22971
0 40 174 2 33933 4215
0 40 175 2 -41325 16577
0 40 176 2 25616 22507
0 40 177 2 -5952 -15404
0 40 178 2 -22435 -21664
0 40 179 2 13201 -5798
0 40 180 2 5739 14587
0 40 181 2 41646 -16770
0 40 182 2 4701 14885
0 40 183 2 -1796 33516
0 40 184 2 -20654 25104
0 40 185 2 -23700 -23016
0 40 186 2 -15269 5743
0 40 187 2 -17843 -40026
0 40 188 2 -2243 34302
0 40 189 2 25852 22761
0 40 190 2 22792 22847
0 40 191 2 32576 13772
0 40 192 2 2697 -32574
0 40 193 2 15341 39672
0 40 194 2 -21787 24068
0 40 195 2 11533 -4930
0 40 196 2 13762 -5872
0 40 197 2 415 -29650
0 40 198 2 41524 -16497
0 40 199 2 22287 -23672
0 40 200 2 7471 13711
0 40 201 2 4235 13861
0 40 202 2 33148 1962
0 40 203 2 24127 23916
0 40 204 2 -13680 6453
0 40 205 2 -31824 -5495
0 40 206 2 -4086 31299
0 40 207 2 14476 -6995
0 40 208 2 23377 21661
0 40 209 2 25660 21935
0 40 210 2 -3277 32769
0 40 211 2 22842 21159
0 40 212 2 -1559 31835
0 40 213 2 -38989 16165
0 40 214 2 40971 -14944
0 40 215 2 3438 -33421
0 40 216 2 -14057 4380
0 40 217 2 -4860 -13788
0 40 218 2 -13308 6300
0 40 219 2 6415 12166
0 40 220 2 12061 -5474
0 40 221 2 33597 1668
0 40 222 2 24366 22758
0 40 223 2 31701 12868
0 40 224 2 40298 -18023
0 40 225 2 -7089 -15239
0 40 226 2 -3883 -11729
0 40 227 2 -41036 17474
0 40 228 2 -25061 -24509
0 40 229 2 -6465 -12509
0 40 230 2 22601 22889
0 40 231 2 -3131 -15568
0 40 232 2 -32954 -1732
0 40 233 2 -26279 -22124
0 40 234 2 -42009 17547
0 40 235 2 20987 -25893
0 40 236 2 41006 -17149
0 40 237 2 3222 -33796
0 40 238 2 -24294 -23340
0 40 239 2 -26211 -20835
0 40 240 2 -1349 32250
0 40 241 2 15918 39441
0 40 242 2 3914 12545
0 40 243 2 42128 -15712
0 40 244 2 -24992 -24199
0 40 245 2 1848 -31454
0 40 246 2 -13519 5134
0 40 247 2 -11953 5076
0 40 248 2 -14451 -40302
0 40 249 2 -18928 -44070
0 40 250 2 -30867 -3565
0 40 251 2 12666 -5228
0 40 252 2 -32706 -2437
0 40 253 2 39855 -16090
0 40 254 2 12644 39482
0 40 255 2 32172 13300
0 41 0 2 -1316 858
0 41 1 2 31316 13960
0 41 2 2 -17252 -42416
0 41 3 2 5627 11217
0 41 4 2 15903 43631
0 41 5 2 33033 2239
0 41 6 2 14932 39255
0 41 7 2 -39856 16019
0 41 8 2 17078 39122
0 41 9 2 14907 -5757
0 41 10 2 -23755 -24643
0 41 11 2 -14514 -40565
0 41 12 2 -13138 6655
0 41 13 2 -22227 25356
0 41 14 2 20459 -25562
0 41 15 2 13711 41621
0 41 16 2 25865 20137
0 41 17 2 -41721 14470
0 41 18 2 31054 2074
0 41 19 2 6375 12850
0 41 20 2 22266 -22551
0 41 21 2 14856 -5250
0 41 22 2 -33376 -3046
0 41 23 2 16431 41958
0 41 24 2 -1790 -12751
0 41 25 2 -23447 22738
0 41 26 2 -3631 -15141
0 41 27 2 -13974 -41146
0 41 28 2 20960 -24493
0 41 29 2 -23679 -24310
0 41 30 2 -21393 24146
0 41 31 2 6775 11683
0 41 32 2 4876 -31855
0 41 33 2 28533 13007
0 41 34 2 1539 -33723
0 41 35 2 -23261 -23647
0 41 36 2 42809 -15637
0 41 37 2 -16707 -39578
0 41 38 2 31398 1773
0 41 39 2 16494 39371
0 41 40 2 5307 -31796
0 41 41 2 13396 -5667
0 41 42 2 21474 -24270
0 41 43 2 -13783 -42026
0 41 44 2 3363 -31692
0 41 45 2 15476 39516
0 41 46 2 -25170 -21276
0 41 47 2 189 32753
0 41 48 2 -15378 -40323
0 41 49 2 -4429 33469
0 41 50 2 -32484 -563
0 41 51 2 -39448 14935
0 41 52 2 -22667 24472
0 41 53 2 -13751 5607
0 41 54 2 39133 -16020
0 41 55 2 -23169 25125
0 41 56 2 -40195 14701
0 41 57 2 43792 -15779
0 41 58 2 -21843 22805
0 41 59 2 42124 -15474
0 41 60 2 5835 14975
0 41 61 2 16167 40075
0 41 62 2 27784 22212
0 41 63 2 -16499 -41088
0 41 64 2 -33416 -2112
0 41 65 2 30331 12562
0 41 66 2 25538 20679
0 41 67 2 14832 -5349
0 41 68 2 -4480 -14220
0 41 69 2 4485 13787
0 41 70 2 5987 -33646
0 41 71 2 4949 15900
0 41 72 2 -19299 23485
0 41 73 2 42509 -15446
0 41 74 2 21799 -23180
0 41 75 2 22143 -24451
0 41 76 2 -24617 -22948
0 41 77 2 -22977 24302
0 41 78 2 22929 -25048
0 41 79 2 2993 -31269
0 41 80 2 -34022 -5343
0 41 81 2 -25722 -21607
0 41 82 2 2866 -29885
0 41 83 2 3324 -33675
0 41 84 2 -14186 7100
0 41 85 2 -19309 23339
0 41 86 2 41434 -13851
0 41 87 2 33982 3541
0 41 88 2 32821 3227
0 41 89 2 -2923 32671
0 41 90 2 40152 -17595
0 41 91 2 13125 -5108
0 41 92 2 -20914 24298
0 41 93 2 -15034 6202
0 41 94 2 33102 847
0 41 95 2 24912 22893
0 41 96 2 -15039 5914
0 41 97 2 29110 12559
0 41 98 2 -25119 -20567
0 41 99 2 -25369 -22796
0 41 100 2 38907 -14837
0 41 101 2 23923 23425
0 41 102 2 12292 -2880
0 41 103 2 25192 21538
0 41 104 2 -13747 3980
0 41 105 2 39566 -15994
0 41 106 2 22920 -24613
0 41 107 2 41186 -16798
0 41 108 2 14979 41144
0 41 109 2 -26089 -22574
0 41 110 2 -13868 5891
0 41 111 2 39489 -15034
0 41 112 2 4653 14487
0 41 113 2 -9 -1784
0 41 114 2 877 -1330
0 41 115 2 -963 236
0 41 116 2 536 35
0 41 117 2 -1270 439
0 41 118 2 -827 472
0 41 119 2 -1403 -1461
0 41 120 2 -861 833
0 41 121 2 -2000 415
0 41 122 2 766 -2037
0 41 123 2 -1415 -185
0 41 124 2 -103 601
0 41 125 2 316 -60
0 41 126 2 -1202 -1448
0 41 127 2 1301 -1814
0 41 128 2 -145 -532
0 41 129 2 1620 -409
0 41 130 2 -2075 844
0 41 131 2 -876 -268
0 41 132 2 514 1435
0 41 133 2 439 793
0 41 134 2 -938 619
0 41 135 2 -97 -1202
0 41 136 2 2156 -102
0 41 137 2 1274 376
0 41 138 2 -3137 -1200
0 41 139 2 -247 -1095
0 41 140 2 -580 -829
0 41 141 2 -2157 -872
0 41 142 2 -747 -95
0 41 143 2 -934 255
0 41 144 2 -5152 29949
0 41 145 2 6115 11943
0 41 146 2 -29884 -2513
0 41 147 2 -39400 15131
0 41 148 2 -33750 -4559
0 41 149 2 5471 14228
0 41 150 2 -20922 23985
0 41 151 2 -5253 -12861
0 41 152 2 37540 -15952
0 41 153 2 -7997 -13636
0 41 154 2 33439 2992
0 41 155 2 22019 -24971
0 41 156 2 24451 22616
0 41 157 2 24452 22781
0 41 158 2 30913 3687
0 41 159 2 30698 13209
0 41 160 2 -3328 33879
0 41 161 2 -15968 4533
0 41 162 2 -22250 23739
0 41 163 2 15964 -5958
0 41 164 2 5478 13790
0 41 165 2 1884 -31740
0 41 166 2 24065 20819
0 41 167 2 -24261 -23828
0 41 168 2 15461 40956
0 41 169 2 21230 -24589
0 41 170 2 23667 22530
0 41 171 2 -32680 -4646
0 41 172 2 -22805 -22880
0 41 173 2 -23229 -20537
0 41 174 2 11965 -4630
0 41 175 2 42853 -14952
0 41 176 2 -5786 -13022
0 41 177 2 -22477 -22726
0 41 178 2 -5681 -13081
0 41 179 2 -16253 -41764
0 41 180 2 32340 3394
0 41 181 2 -4436 32917
0 41 182 2 21412 -23122
0 41 183 2 -6646 -12839
0 41 184 2 10891 -5252
0 41 185 2 15987 41942
0 41 186 2 -31358 -3408
0 41 187 2 -22136 -22030
0 41 188 2 -12474 5408
0 41 189 2 13682 -7579
0 41 190 2 14942 41461
0 41 191 2 30426 14502
0 41 192 2 -24002 -23274
0 41 193 2 3345 -33783
0 41 194 2 2850 -30881
0 41 195 2 -21993 24443
0 41 196 2 -14437 5499
0 41 197 2 32201 2636
0 41 198 2 -16642 2642
0 41 199 2 -33291 -3616
0 41 200 2 22913 -24859
0 41 201 2 3131 -32272
0 41 202 2 -4079 -13827
0 41 203 2 2683 -35092
0 41 204 2 16030 42965
0 41 205 2 17976 40857
0 41 206 2 -1184 32757
0 41 207 2 22440 -23660
0 41 208 2 -3306 32172
0 41 209 2 12589 -4588
0 41 210 2 -40220 16198
0 41 211 2 25260 20293
0 41 212 2 -21059 25624
0 41 213 2 -42416 15368
0 41 214 2 -34628 -2210
0 41 215 2 23238 24057
0 41 216 2 4942 13863
0 41 217 2 -3901 32145
0 41 218 2 -4178 33151
0 41 219 2 -40763 16382
0 41 220 2 -32196 -575
0 41 221 2 24312 19962
0 41 222 2 21105 -25653
0 41 223 2 29716 12521
0 41 224 2 -13540 7537
0 41 225 2 14195 39403
0 41 226 2 -14332 3124
0 41 227 2 23642 21229
0 41 228 2 32403 2578
0 41 229 2 -32885 -4527
0 41 230 2 24188 23338
0 41 231 2 -12737 2511
0 41 232 2 14186 -2658
0 41 233 2 -4547 -12148
0 41 234 2 -16431 -42021
0 41 235 2 15442 42943
0 41 236 2 -41451 13644
0 41 237 2 15657 39885
0 41 238 2 24293 20515
0 41 239 2 -14771 -39253
0 41 240 2 -24096 -19114
0 41 241 2 15893 40845
0 41 242 2 -5173 -12931
0 41 243 2 -41319 15682
0 41 244 2 -5813 -11116
0 41 245 2 32396 1923
0 41 246 2 -42463 15419
0 41 247 2 -15269 4164
0 41 248 2 -24460 -22620
0 41 249 2 -21679 24870
0 41 250 2 -30985 -1427
0 41 251 2 -22091 24170
0 41 252 2 -22122 23367
0 41 253 2 25194 23370
0 41 254 2 -14190 5270
0 41 255 2 29297 13793
