004fffee
00840004
ff42ffba
fff6ffea
004cffd0
0065ff9b
0031ff85
0070005c
0016ffbe
0029ff17
000dffd4
ffb0ffea
ffc1ffe9
001cffff
ffd5ffe2
005f001a
0060ffa6
0086ff77
fffeff9c
0067002e
ffbc002a
ffc30008
00060046
0015ff7c
ff890028
ff7f001b
001affa5
ffc0000b
005affe5
001dfff1
0017ff85
00100022
0043ffc4
fff50007
00510041
ffd9ff9f
ffefffc7
ffcdff78
002d0030
00030070
ffc0ffe6
0095ffeb
ffe50026
fff7ffef
001d000a
0082ffd4
fff5fff5
00350043
0007ffd0
ff93001b
003bffdf
004cfff3
ffeeffe8
ffff0038
ff90ffc0
ff8e0004
ffe3ffa6
002fffe6
ffddffd8
0016ffc5
0048fffb
0007ffb4
002b002d
006cffff
ffa30012
00380058
ff740011
00200047
000fffb2
ffd80049
ffb0009b
fffbffb7
ffe1ffa1
00070032
ffbd00a0
0029ffd1
ffb30021
ffe9002c
ffe3ffce
005f0029
ff90ffe7
ffe1ffc2
0058ffc6
ffcf0020
ffa3ffec
0015005c
ffeb0043
003effbe
ffbbffc0
000e0030
0031ffbc
004d002c
ffae0021
006aff93
ffbdffd3
ff90009a
ffb90083
000bffd7
ffe80018
00210011
0025ffc5
0018ffde
ffed000e
0087ffdd
ff5b0069
ff7f002d
ffda001f
ffa20002
ff41ffa7
ffc5ffee
ffc8ffcf
ff49ffea
0040ffb9
0061fffd
005c004c
ffdb006a
000c00f0
ffad001c
0010004a
ffcdffc2
001f002b
ffe6ffc6
004dffe2
003efffc
005d001f
ff88fffd
ff78ffd3
001dff8b
ffd600c4
001dff78
00170069
000e0048
00450062
002a0097
0024007c
ffbe003c
0080ffa9
000a002c
0052ff7b
00190049
005f006f
000bffa0
0010ffbd
000b006c
ffcb0030
ffd60034
fff5ffff
fff7ffb6
ffb7ffe8
00b100d7
ffb70027
ffea002f
00b7009b
ffceffae
0039fffe
00320034
fff0fffc
ff960053
ff8cffc2
fffeff83
001fffd7
ff60008a
000c003d
ffcfffc9
0043004a
000d0013
ffc4ffcf
ffe1001f
0003ffd7
00650012
00e3fff5
001c0037
000afff5
0035ffbf
00040077
0035ffff
0023ffe3
0006ffe8
ffcbffdb
00130063
004affc9
000d002f
0078fff4
004dffff
fffdfff5
0089ffe7
ffb3ffd0
005fffe5
0092002e
fff5003f
ffffff6c
004dffac
0072ffc8
00290017
001b000c
004dffe1
001cfff7
ffadff6b
fffc007d
0007ffcf
f9e7fc39
fc74016a
fd2cfa82
0369fe08
fef608ab
f9a7f765
0577fde8
065f00bb
0683f9ad
fe9d007b
fb05fff0
0093fd59
0414f90c
01f80438
07be01a4
fd5a0026
01600210
00d40697
030f0479
fe340211
fdaffa48
03220ba1
01c2032e
ffaf02f4
fbe1032e
01a50309
079cfb59
f9940669
001f010c
00adff94
05db00f7
fe87fd40
fd010076
030300f5
f8f203f3
f676050a
0194fe3d
0159fb7c
03f400aa
ff6a0187
0078ffb3
06b701d3
01b90039
0254fda0
fcaefc1d
0256046f
02c1ff58
00ddfc75
fa78fb97
022401fc
fddfff21
fb89fef9
04de0413
fb58008e
fc8dfd44
02590348
fb91fad8
fcf200ef
0426f9a9
0251fb30
fd0efbf5
ff49ffa8
ffa201df
fa3707ea
03d9005c
026c0305
00e1fe64
f54ffb46
fdb0feb9
fc39fee3
00fb0037
095300b5
f9cc0605
fe2ff8bf
fc060a72
fe82fa52
f8c9fd74
fd610178
019d0d43
0018024b
013efeb5
fb2d008d
03b9032e
fa29062f
0813018d
01270099
ffc006c8
fe45fe43
fd6bfcdf
fc5dfbe4
fca600fa
fc6bfa85
017dfe29
f940fe93
faf7ffbd
00000422
017aff71
fe96f98f
03e1fd51
06f3017f
fc57051b
ffde063e
fcdafbbe
f70c04cb
f9f900b7
fee70523
fcb8002a
012c002f
ff5d028e
04860015
00860093
03c8ff75
fff1f9c9
fa3902b1
044801df
fe6203b8
046205f4
0012fd61
0254fc4e
05040087
ff3afa7b
fe3a0055
fdb4fb02
0032ff02
fdf7fe74
fe2fffbe
02bf0482
ff6a05d2
fa8ffc66
fc3e0227
fc99fab2
0349fdc6
ffbe0880
fa37f7b9
0506fdee
060300ba
064cf948
fe580138
fa78ff20
ffbbfd33
039df91e
025a038d
07ce02a9
fda5ffe7
01620254
0171069b
025e04a9
fdf00235
fe0bfa97
03320bb5
01af03c9
0057034a
fc1803dc
019602c7
0844fbcf
f9cb0691
ffaf00ca
0025ff54
0630013f
ff1ffda1
fcb60048
03530113
f90c03ec
f6a505cb
0206fe27
01a2fb00
040700f6
ffa8017a
01060071
069d01cb
00e40036
019efd47
fcc1fc2c
02fa041a
0201ff00
fffefccc
fa2afc2b
01cf020f
fe9aff46
fbdffeac
04ae03c0
fb6f0179
fc79fcd2
02410339
fb67fa7e
fd4200a9
0524f99f
02a1fb40
fc7ffc07
ff3effc1
ffad022f
f9690830
041f0028
026b0350
00cefe78
f4d6fb6e
fe4cfe98
fbe1ff27
00b9000e
09aa0001
f9e6067f
fda9f8bd
fc9d0a78
fef8fabb
f890fd42
fdef0133
01970daf
ffea031a
01d8ff3a
fb2100b8
03fb035e
f9f50665
08130163
007001a0
ff6b06cf
fe3bfe96
fd28fcf0
fcd3fc12
fd57017d
fcf5fa0e
015cfe30
f988fe56
fadc0078
ff6604df
0162ff69
fe28f995
03b7fdc0
07800109
fc690577
ffc505c7
fd18fc31
f6ba04c1
f99900d1
ff0b0481
fcd0002e
01cf0097
ff5d03ab
048e0093
00a70110
03b5ff23
000af9f9
f9de032c
03fc01e5
fe1b0358
046a0623
ff82fdcb
01d9fd36
051e0037
ffaefaf2
fe390066
fd46fb6e
002afec2
fe6bfdff
ff430066
02e803f4
fff6057d
fefffe2b
011c0470
fe1fffc9
01ebfbd0
08acfd4c
fc04faf8
f4beff59
095500bf
ffd9fde2
f5d7f95b
050c01fc
02700871
0226fec5
fd93fc9f
fd1101bc
013c01b9
0197fa75
0814ffff
ff7d02a6
fd9c00c9
fe97013c
fe46fdc0
fe6ffb03
00a8f5ee
0864fd62
fe0bfe27
ff0b00a0
033c061c
051cfe83
06a003f8
fe5affb8
055f039f
07c709db
034f00eb
02140a9e
f7340265
fa42f779
0532fe81
0618030f
044205bb
0a57002b
0275fa50
f8ccfa7a
fd60fdf2
f9d3fdb3
fee701a7
fe5401d4
fc7ff96a
06cdf94e
fd3f0218
f9e2fbd5
fafef5ac
fe660651
0965023e
03380062
079a0291
04bcf904
f8100ab7
030100bd
0b52efca
0022033a
f9e707a0
f8e10020
fcf3fab1
0d4ff460
0414fd74
fde208b3
0517fd6a
0355007b
087a0429
0171f9fd
041cfced
0b1efc7f
011101c4
f91eff77
0123fcad
0885fc67
00c1f31d
005ffbf0
01720139
fef6ff77
f7d7fc64
02e80330
01540a0e
f7c2fcee
078efe53
fc80039a
f7d40417
f87402e5
fc150460
0f9e0616
02e000d1
01a90053
ff70ffeb
fbab0813
05b9019d
fa9cf8d2
ff5a0160
0a7a0221
0139fda2
0269f99e
02ca01cd
fb9dfe5b
05e00354
009c0f18
f45c0356
fef105f6
fd5b01cc
fafcfe26
00210202
fb9e01e2
f87e0269
f83afe96
f4c9fc24
fd7dfc27
08440845
0a4c0276
0560fb54
0645011b
0852fe1b
faa4fe8f
ff89f104
fb27fe35
f49202f1
0239fb0f
00240b4c
044cfc6f
fc2b035e
fec20094
fcdaf329
fb670718
0d8f019d
0279f3db
05fdf7f8
fd6d047f
f5ca03ef
fa43041f
f9130822
fe53f9cb
f837fdae
0558fdde
fb72feae
fceb05d5
0ad402eb
f8b00001
f917fc9e
f712ff5a
f72e002a
fda6fadf
fe50fd42
0489fb00
0049f7a8
f6c103f0
fddcfeff
0184f8e5
f55b0866
ffe50a6e
04e40644
fba3fff3
01f2feaf
0a69035e
0220020a
fdfe07b1
046605d2
000d040b
040d0381
fc780309
fa82016d
0053fe95
f9110627
0235000a
04ab025c
04ad041b
fd77fcb1
ff03071a
03c6ffe6
fb7df4e5
fd12fc9d
f9b6fe2e
fda9f958
0383ff62
063b00f2
0137fcfd
fb9f028b
ff8200a8
ff7900aa
feb703c1
fd3f01e7
000e00fb
fd1ff93a
fec1fbe3
0293ff97
011afe88
faa8fdf0
fa30fd67
051bff52
ff06fb6c
082c012c
ffb7067a
f86dfc1c
071fff17
face0604
0262017c
ffe40221
fa830025
0160f916
fe7bfe0b
0418fd84
fc380348
00570569
0cb1f7c6
fefdf8ce
f8a3faab
07acfb18
08c0f93f
fe76f911
fd1b0132
fe21ff2f
fa43ff8c
fd780117
08dc03c1
fca2046e
fd79ffa0
f8a00049
fa5efe09
0ea7010c
fadd0185
ff43fa4b
0157fd3e
fd38fe6d
0a3affeb
fbe5fb66
fabeff88
fb4903d2
0174f7fc
ff2700a6
f869060f
09b6fcea
04320580
058a0526
0ae4fef3
fd1affc9
f7350571
01860552
05d1052b
fd4d0a63
f69801a1
fa930125
05f80336
03d003dd
02620427
ffe5f92d
fc3300bf
05620511
00d3091d
f6fc083f
fd9ffde5
01a004f8
fe10ff98
01b0fb22
0889fd76
fc48faf8
f42bfff4
08de010b
ffbbfdf8
f5abf8e1
0576027d
01fc0806
0221feba
fcf4fc5b
fd5802b5
00c5021a
01d3fa75
0829ff88
ff5103c2
fdec004d
fe3d00cf
ff05fd01
fe3afb56
00a9f59b
08c6fd49
fe35fe39
ff0100b2
034005f2
0589ff4d
06490477
fdffffb1
056a037a
fa6204de
fb62fa3e
023ffe2b
0681fa19
00270177
04f5025a
fe970202
00fb0628
02e6fe96
035efb70
0549fbb5
fb00fd93
fdb9fff0
fd81fda4
fb440122
fa89fe6d
0a51fcd0
04710759
f9cffa50
0d04f6c4
fa0cfde8
fe9df957
00a501a5
fcdd01a8
0c8104a5
fb500acd
00400a9c
0265fbfb
fd5af972
03b20968
034ffb6d
0046fa4b
f6990000
00ba0555
03080469
0214f606
fde40626
03100321
fed5f610
fa2bf652
0ca5fa3e
fca2fec9
004bfe4e
fe5b06ad
f9ef0305
0d57084c
fa6e06ac
036ef828
0a470223
faa802ad
fb98ff6e
fd0201f3
fd80008b
fac00285
053d03c6
03fa0443
033e012c
0061f999
fe9ffe0f
04c1fd0b
0016fe25
072b052d
03470254
fc7a06d0
f98afb5c
f770f9ff
034f035d
01f5f6fa
ff25fc2d
01e000e7
071efa0e
0838fac9
fe1efa17
fffefd2c
0844fece
04b2fa03
021efcc4
fde2fe47
fede01a5
081a0109
fdb9f454
0180fba0
0597fe88
fcaa0355
00b20398
fea9efd1
06cdfc0a
06730631
02d5fde3
0165fd56
fb3907e3
044306d7
fe90fd08
00a805dd
fe0bfcdc
f30cfb32
ff390608
febb02b8
0042008c
018d02a2
fb990220
f810fc27
fd7efbb7
fd3dfffd
fafe0b36
05a80137
fa62fe77
f864066f
0418fa5f
004e04f1
09a2079c
06610430
fd69fc42
017cfd9e
00f60aaf
0814fd14
08cc01fb
fbc9ffd8
fa98f74b
fa25053d
f87503b5
0060025d
0191ff47
fba2fa47
fcacff2c
fb8cfc69
faeefddd
01c1fcae
f9c4f9a6
f78806a8
00be081c
ffc00021
fef4ffa8
feaf039b
01490a34
03330a2a
fe1e021e
03e5f523
07c10079
0105071d
fdeafdb7
f995febe
fc85ff27
031f0522
ee7ffe53
efaaf9a6
08500062
ff82fec5
00450284
0d20049a
080e0392
fde3fb0f
fe3aff83
fcd8061c
f5dbfeb6
0259f8dd
063ff998
043fff16
0385fbdb
fc47fe70
fb550002
fcdf02b2
04300394
03f8ffed
065f062a
03010669
f65a017e
fc2cfa69
fe610107
fe38050c
07f3fbee
0cb0fa55
0060fde7
ffea01b4
07fbfee1
efde07c1
ee51027b
025cfa12
fc9500cf
fa51019b
fe0e02af
0059f8a3
07b6ff2a
042f0a05
fd96fe11
019cf5b2
0046f5c0
fe0ffc02
feeb004b
fff2ff96
0107f893
f7fefa23
fa5c06db
01980348
fae20296
fbb003bb
fc280184
fc5f0616
01ad0147
ff77fdcd
f7b0fd89
f9a4fb2e
fb4b092e
fbae00a7
07d2fd3a
087d022f
00a4f5f0
02b601a7
fda4042a
064efbc0
0896f7a3
ffc5fc17
04a80459
f7a4fab0
fa580275
05f1fec2
fa12f548
fd1e0034
fdcd0502
f80f0403
fb1efe8d
011ffcb9
0029ff8e
ff54fd53
fe7cfa43
f3d005dd
fea702c9
005cfae3
ff030338
042cf919
fabdf899
01e90228
042901b1
05c1f9b0
06d50345
000f0fe6
0043fcfa
fcb1fc9a
067f00f7
01f60424
fe6c0bca
079efdd9
fe98fddf
fddc01e3
03430278
05a1056c
07d6ff8f
00450206
fefb0653
0897044b
077a0580
020bfe3b
ffcc03cb
02af097c
01e3fc81
f89306a6
fa3804d2
fc45fa7a
023cfd91
0640fa67
00790221
05a80215
feb001e7
011b05dd
02e5fecf
03acfb7d
05effbe2
fb6efd50
fd97ff46
fcbdfe00
fbdc01dc
fa80fe0c
0a0bfd2e
04b806cc
f8e4fa53
0c40f606
f922fcff
fe3af9cc
0079013e
fc3501b7
0d720411
fab209af
004c0a43
025dfbe6
fd74f9b7
03260a04
02c6faaf
fff6fa62
fe8700f7
fb18fbc0
0281fc4e
0085fc51
0832fb68
051a0214
00fb036e
02b3fa21
0313f736
0459fdac
f85dfcf1
f93f025e
ff0bfe46
0939fd95
07fb084d
fc900178
0d7fff75
05660079
fbb7fb09
080f021d
ff020227
0332ff8e
04810496
f6310284
0213fc51
04fdff4b
fd770623
0027ff08
ff46fe57
01fb0828
08540434
02db0077
fc7b0030
02eaff53
0798fb42
0185f703
fef70145
001b0192
fd30fa19
0503fff2
02f4038f
f662fdc6
03d7fac8
02fc0055
fdcffdb5
0788fd87
fc6e062e
0536feda
0cf2feeb
fc5efef2
0685f6b2
097701b8
ff4c01a7
f8ccfea6
f88f037d
04a80233
0387083a
03650543
00e3fcca
04aafd38
088d044b
ff7b03c2
029603b3
fb6e0504
feb4fe94
006bff1c
f899021e
020c05be
f995fbb8
fb1ff33f
015cfdb1
04f2fdc8
08f8fbf8
fbb10116
053a05f8
07780a54
fd1e0711
01dafa69
04db029c
0762029b
fb01f5d8
03160608
044e0371
f96bfe93
0112f9b4
f653fbc5
fb660940
0190fdc5
f7b6ffe3
fc260125
f619013c
fdbc043e
014fff18
fb6ef9d3
02a6fc1a
03640242
fed3fb32
f90c04c0
f9edfe9a
024801e2
04fb08b8
012cf944
0486036c
03ccf9e2
f757fc70
f9aafeb8
fb7bf51a
f91804ed
01ed0261
0248f8c6
fb0df8d9
fbbd0158
fc5e00cd
01ac002f
14e101aa
082300df
f7690203
0675fb27
ffb1fe86
fb2cff29
009e00ca
f9ebf983
0038fcec
0762fef5
088ff63f
fa150a3a
f462fbcc
ff89ffec
fdc8088f
00b7f922
ffafffc4
fada00ec
001c06bb
fed701f4
fc9b03b7
feb106e1
f9050386
f1010dce
fc320822
006dfe46
feb0fb61
0686ff9a
06b40211
00c801ef
f3700341
fe04ff6f
06e6fbff
fef7fe14
0ab606ec
034b04c5
fae903e3
062201db
08a6fdbf
fc49f9fb
f4aaf954
031d0421
03e303bb
fe19faff
02a5fa37
004dfeec
fe560016
007400c4
02cb0517
fee6050b
0356fbc0
0310fb28
f56e07c1
fdba068c
08380128
053cfd04
fa44fc99
02c3fa91
08bbf812
feb301d0
076b03a0
fdc100ca
f333fd6f
00affe11
064bfd86
0658ffff
ff880454
00bf01df
fb59f86d
efc0f474
f8adfcc1
fd92f8f3
fc2efd93
feabfe0b
ff5bfa1e
fadf0078
ffe40073
01180698
fcfcf82b
ffbd005d
f50604d7
f880f6db
096208d5
07d7002f
010c02a9
fab8075e
0085ff28
fbcf01c4
ffbf01b0
0680042a
f64cfef7
07effdb4
14c7fbb4
01eaff57
fbf9ffab
fb78ff6c
fc9607a6
030a0614
01cafdb3
f85afbef
fdab0ada
fa190259
f77c04f3
04d905bd
0404fbec
018106f8
03e4f6cb
0209fd6b
fa1f0201
f8a0fc64
ff9c048f
0377fd83
02da0377
fc2c06d4
018b00f4
fd32fbca
f6750058
fc42ff5b
f79400d5
018201b0
facff6b9
f69e0612
01750600
f9f6025a
03b7fbe7
0239fa0e
fc360acd
06fbfc84
0428fd1f
02e4048f
fca0f93d
05fdf51a
0528f9ae
fbd2ff35
097502e0
04e8017e
0219024d
fccf0d08
fa9204ca
0117fa30
f844fe36
00d800f5
ff020127
fae4fb13
0267fcfe
ff33fc8f
07c3fbc2
04ef0210
00c302f9
0265fa97
02e0f745
0449fd48
f864fd3a
f8c40202
ff1efe6b
0927fcf4
07520909
fc940104
0cd7ffbe
05930060
fbaefa9e
08250175
fec3021b
039dff8c
04b10449
f63f031b
0230fc01
0546ff01
fdd606c5
ffb5fe94
fe23fe46
0289088a
08eb03bd
025f0004
fd4508d0
0309ffc1
006dff93
030e0271
0768f8a0
ff590130
fea502fa
fa7cf45f
0483fe23
037603e6
01390269
ffd9013c
f7a3fba3
009609a6
019504f3
fd690057
00d506ce
fdb0fd4b
fbb7fe9a
02e70043
04a0ffc7
09e0fea7
0846fd8f
fca9027e
05a60654
0500fd82
fa37f6fd
fa180315
00b404bb
0949014d
03390339
050401dd
05e6fc8b
fe25fda5
ff4d09e4
02bd0297
0380fa3d
ff870203
f9c2ff68
0610fb68
06dc058f
fbf3fbba
0ae4fb77
04730e68
f76cfc99
0944fa20
0458fd4b
fdd0f53b
020f03f0
fe6eff80
02d1fa75
03c2ff15
00cb02c6
041d01e6
004efc49
0709fbb2
010bfa67
f48f0270
03d40245
05effeea
01f1037c
052f03ea
0535fef2
059a0430
09fa0cc0
072b0430
fbad0135
032405ac
02c10282
fce0fe46
fe8705da
047c05f0
05d9fbc2
f9620215
ff8dfef2
02f703df
feb20207
f97ef8ff
f71eff4f
fe1df96a
ff55f7ca
0131fafa
fdabf607
fb03f5f9
f2aaf98a
fa22fd17
fa4e048b
fbd2029a
099a0029
f8fe081b
02c7feda
fc59f7e9
fa24ffff
0831079b
f3b50562
fe99fa2c
fa96f7fb
fb9ffc50
04ed00c2
f65aff8e
fd72041f
fb3bfe0e
0186f878
0b1e0379
02c10008
f9ed04e4
f9e4007a
03d6fce7
01af0753
0287ff47
0556fb43
017df9a0
fd6c035e
f80c043b
fdf6eecd
09faff17
039c0652
ffbdfb83
048efe46
fcccf888
fc5705f4
04f30d69
05b50117
ffeb048e
022e0584
00f40850
00050266
0703fce1
fd97fedd
f9abfcc2
fe280388
0011030a
fd83011d
fba0fd20
04bff9a5
0712043d
fe870101
f8c1faf7
00c9075b
0323ff0b
01e8f3e7
067903a7
070dfd95
02010251
f86304b5
f9e6fa13
048c0369
03d7f989
f7b403a6
fc5006f0
043b0178
fb2205b8
f72dfbea
fb6d0586
0431ff0f
081cfa83
0486028c
012b02df
0160002a
fc65fb6b
f8fc069e
fdbe0182
fb3203eb
061e004f
01d4f9f6
fe920517
03b3fb3d
f802f9be
ffca0269
ff9406b7
fa1609f9
fd420803
fb2e0451
019c0090
fc0300e0
fcc4fd9d
03b7f763
ff59fb12
068a0157
fee50064
fd0efeb0
050cff00
f98503a4
fd680171
f6effb20
f093fe7b
fe48fd0e
fb6c0052
07df0263
0d480246
024dfc54
0093fa8c
022f0412
0324f992
f9dbf85f
ffe8fc6c
00e90418
028a08b0
0125016a
f021049e
f84b0184
014c0195
fa1ffe48
fcdafb27
0e7cf920
ff490113
f66405a7
04c2fb39
f7840142
0121fc9d
04b1fdcb
fbbdfc54
fcfbfb89
f77b08b4
042dfd4f
083b060c
05b202fc
fe64ff40
fef906fb
01fcfe41
fc42ff14
061cf750
fe08fde9
f8d503e8
05a1fd5c
032f0013
fd7b0120
fb1c0616
f927fdd2
ffecff34
02e90402
ff38f4ea
0319f24a
002efb7e
fefa0435
040a01d5
01000671
02ef02db
0671f16d
0679ff2d
04560e93
fc050604
0144fc71
02dfff38
ee660076
fa02f966
091c032c
ffee0421
0024f7e0
fdbcfbd9
03f0fe99
0263fa43
fd17ff4c
f92f07d2
005d013e
062a017b
fde90967
02cf005b
005bff75
030402bf
06f2f920
ff64018e
fdf302be
fa26f3b0
039dfea7
034902e4
01050264
fffc015b
f79afc01
00b70970
013504be
fdcf0061
014306e1
fd7bfd4d
fbebfe15
02670066
053bffc2
0979fe4b
0770fd0e
fd6f01f2
05a7065e
049bfda8
fa38f70f
fa6002e7
00560468
08ac01bf
034202f6
055802df
04fdf83d
083e02ba
f711fc79
0247fd70
feebfc33
f909fb01
0595fc11
f87dffce
01d60a03
01b3fcaa
fdf4043e
02e1090d
faf90543
06a80921
fe0c0507
fa0efd78
0325fa08
f9f0ffc2
0384fc1f
022205b9
fac3002e
09a0f810
03380607
01ec031f
0a6dff4d
0198ffb9
fc5d00e0
fcfff8c8
02c4f8bf
fc07fda4
fd470306
059d04a7
01bdfd8c
037b0baf
ff110577
fedf0495
06780397
08faf92e
01e802e3
faecff67
0009fdbc
0634fccc
08e5fb36
0222ff1b
fc68020a
f6a40181
ff4ffcf4
08590030
0489fd5f
fcc0ffec
f89b026c
02fc0152
f7ce03cf
021cfe87
0a1dfb7b
ff26ff05
058cfec1
f7d901da
049204ed
05c6fe05
f63603d5
017b01c6
012102ac
02dd03b8
01aff7bb
046b0727
0aa50899
062bff02
028802da
ff7102a1
fe1bfed9
0772f820
0813fd3c
fa83fb57
0a82fd8c
09d3040f
fe33fb86
0803f810
ff4a0054
00a104c5
02220037
faa8fa27
fb65f3bb
f81cfded
012b0062
036ffcd8
fb99079a
05fb012c
04cc01dc
f80304c4
f67cfaac
018fffd7
02da0580
f97d00e3
0865fdfa
014605cd
f47507dc
076b012c
012af9d1
fc5d00bd
08b1048a
fd67fb07
f324fa43
0457fe3a
ff040017
f9d801c3
083b020e
fd66fec9
fc2c0191
fb8a02cc
fc3f02e5
fca90454
fa1601fe
009e016d
f6470440
031205ad
0122fd2a
f96affe0
08c3fb94
ffd3fa62
00c3005e
fbfffc4f
f45f02bb
fa7afcfb
02b3ffd4
06190888
ff6cfb6c
008efb93
fd270586
ff60052a
0166f8ea
fbc8fe11
0042013c
fdedf8df
071bfec0
0a1df896
f6f4f38f
f6ffff89
feee0a98
02daff23
0182f8c7
f676fcc6
053b010c
09e10594
fc16ff06
041f0067
0510fa81
fcbcfc44
f8df02b8
fe8d00b0
f83e05c6
f8750061
037604d7
fd63002e
ff2ffa76
fa9b02de
021bfd4d
02b3fd75
fa86030c
05380018
f7befcf0
f5e00820
05c903e2
07f0021e
ff030352
fd58f270
06b6044d
024c0085
ff1af1ba
fb3f012e
06c10114
0819ffaf
f936fc5f
010e0119
010d00f0
0155f85f
028500dc
fac7071d
00d707fe
ff750437
fadd06a0
fc64041d
fa5e02d1
fb6305dc
fbde0801
004d0aa1
020bfbf2
fef5f7dc
017efc1e
fceef874
0113fb79
fc50fc05
057a07a4
0d570a9c
fa15078d
01d40827
fb2dfbbf
fb5df973
06260221
fdbe048e
047a02a5
fd65007d
fc74f6ce
fd2ff548
00c0039c
031506bf
f6d0076e
02e3ff27
083bf875
0607fea2
06890239
003a091a
fde50858
012afef2
02060203
faaa064d
fd77f6ab
0228fcd4
fc7a0a2b
ffeb0189
027f004d
fc50fce3
f9d6fff3
f62f004c
fbfef957
0405ff71
ff47021a
00330180
00a8feb9
0003010e
fcc6fb6f
0271f90e
0643fb7c
fdbbf9d9
03ecfdaa
060a0055
02a5ff8b
f69efa4f
00f300eb
08a8feef
f548fcf1
00790109
05750189
02340479
0223fd1c
fa4afe8d
f6e9f97b
f55ffd4e
017001dc
07edfd33
00c6fe79
0234fca0
07c50843
ff76f996
fe21fcbc
fef1058c
03faf8d2
08a70278
f6f6fca1
0246fd6e
fec3fc7c
f852fa4e
050dfbf1
f8090055
030209dc
0187fc8b
fe3f041e
02b2091f
faa60641
070209e8
fed00580
f9fefd29
02e8f9d3
f992ffb2
03defbb1
023905a1
fb01ffdc
095ef899
038d063f
02460339
0a90ff27
0141ff19
fc91005d
fd32f95c
027df8f0
fc37fd82
fd5602fa
053404c4
fd6c0434
016a033e
fee70a6f
fc7c08cc
08600209
fad2fd4d
f84d028b
fbfafe90
ff60fe92
01fa08ec
fb22fcd5
09b3fe88
01990323
019c0305
065a0692
fa10093e
03c30514
fc4cf722
008d0050
12980117
fc61fc69
fd04fc57
0ebbfe43
ff53001d
fd4af432
faa3ffb5
fbba01e9
026afac8
f44c0423
f6c80185
fc62fe10
076cfbc3
043d0125
f91efed7
038ef8e7
0020fdc8
046dfb88
fdc5fc4a
fb47fbdd
feaafbea
f7b4fbb6
fab8f61f
fa95fdec
05dd045e
034806bd
05570141
05c7fa5a
fcd702a6
07fb0209
05ed00a8
ff2b02aa
ff3efcbe
0758ffb7
022b05da
fede0145
0ec3fa1e
068c0184
0156fe36
04c7fa9a
01610864
fb5c01de
fefaffdf
020803c7
0b0d03e8
0d5204d6
ff5804b8
073604c6
0064fb6f
00ec01f2
022c0029
f293fa10
06910107
0325fb8b
f6ee0549
0062fc45
fc14f10c
05a40474
002b01e3
f3f9048d
fd1702cf
001ff226
00a6fc06
ffd500e7
0187fadb
0a5dffa2
04b2fc53
fd140267
fdfb0474
0088f883
ff250269
003902a9
010dff31
ff83057f
08b5fc41
0105fb01
f5cdfa6c
fbeb01c1
fd570c00
0058fc9a
fdfef89f
f3df04c3
f5c600fa
05acfa82
00aaff7a
fa4f0344
ff1900fc
f68bfd5b
ffe7fe48
032d00eb
f91ff647
033efe17
05a206f9
0065013d
034c0347
029102f4
ffbd0a23
ffe0069d
023cff72
065001ae
fffef74f
fd30f39a
0112f753
fd55085a
fd300bc2
04c6019c
05f6033b
fd21ffe5
025e0380
ff9bff64
f4d90146
f7750925
f97afd43
036a010e
01e203af
03a60135
090903a3
fb6cff37
004d044d
07ab05ca
0068014b
02b907a0
030d01c2
0651f8ae
fcbd0924
f0a904e2
020efe95
011702df
ff92f544
0910fd66
fa9303ca
fb90fe48
fdcf0116
f799f9d4
fb8cf9dd
02c3fcc8
ff3efcb2
f75cfd3a
0311ff2f
00a40197
000b03c3
f8e80002
f831022e
119c06e9
0a17fa50
ff5dfad8
f7d2079a
f6210484
fe49ff10
fa580228
f63d0596
fc46faf9
067afa7f
fafd0599
001e04a1
0c2ffbf3
fee4fec7
f98f0016
ffbaf80c
08abfe43
0189ff93
fb7605dd
f99d0a38
fd44fd9d
00a5ffb6
fb05ff05
0259ffa9
00b90330
fb03f8e9
fa3df63d
fb1af3f6
090bf9eb
029eff45
f962f8a9
fdfef9cd
0102feb1
00ce01d9
fe88fb2a
00fcff93
fd0305a0
004b0241
055cfeae
fc4dfac6
01b402fc
fec30149
fb58ffb2
001b00ca
f32ff30e
fb12fe65
01380761
04ef0197
04ae01f2
fcd804d6
00f60320
fb3ef9f8
03e10228
01fb0331
03fffb1f
024603af
f2c600fe
0700ff62
0617ffb6
fff3faa3
031303de
fa6a0651
fcacffaa
017905fa
09c907c5
00020838
fc4d08fa
fcdffe66
f726fb50
fd3ffaeb
ffa9fa51
ff03feb5
00c6fe91
03ebfba8
045f0581
034a0222
fbf1f863
fec209dd
07a1006a
0189f754
fd7aff0d
062affa0
03cf04f9
fbc4026b
01810202
ff93fc45
fdfcfd63
05f50327
06ce0138
0198006a
026afca7
0752054d
046bfc43
01fffa0e
fca5043b
017a0325
ffb90a7c
fd5b0931
08d9017b
fb52fdf4
f80702c4
fb40fe32
ffa4fe6a
01d00937
fb73fd48
098cfe33
020f0320
019e03fa
0670062e
fa7a09cd
037e04c2
fc3ff727
00a00113
125a00b5
fc43fcd2
fd0bfcf2
0e2ffe8e
ffff000b
fc68f41e
fa7bff79
fbe800ae
01f4faef
f491042a
f79601d7
fbedfe8f
0820fba6
0852fa60
03a10545
f849001f
0567fb80
08a4faa4
023dfcbd
fe8a06bd
f850059d
0236fb9b
034ef9c6
f8b2fdc6
fea0ffa2
ffa4f547
fe2ef2b8
ff84000f
fe27fc58
0689fb88
0171064f
fa35000c
001cfcdc
fff5fe4d
04e9febd
fddf031b
fdba01c1
09edfed0
fb80fef9
f82e002c
00670174
028a0053
02840181
001605ad
0199fb35
fea1fe08
fd0202bf
ff36f7da
fff106af
020406f0
0369fbf2
ff6d008a
050003e9
06c707f7
fd3502ad
0007fe77
fcd5010e
f6da054b
0164031b
fe6afa9d
00e60349
ff1bff72
fa810098
06eb0ba6
039f0233
07ffff4d
08a401bb
fb3f0349
fdd2035f
fd0505e1
064e053e
04d2fb92
fbda0181
04bcfdde
fe22f6e7
fcc6fc63
00d8fd7d
0098fde8
fdbafaf3
fe7dfd6d
0a62f86d
062cf78a
02380363
049005f3
010105ba
fe6205bc
fd31056b
07efffc8
0478010c
014d0178
0497fcc5
ff59fffa
0613fe5a
fbf1f7ef
f64ff81c
fc38fb3c
f85a004c
007e0015
044ff671
08d70092
002f0771
f40ff9c2
0a5304d9
09eb0824
fc9d0073
079505df
0489013b
009e02f4
0642fe32
0735f3bd
01e1f8f9
fa630887
00280797
05d6facc
fc9bfff6
0722fee9
0b19002d
fba20745
0336fb12
01f8febb
fc4101b9
01e1f856
083201bf
0824032b
facb0388
fd000da0
fb41feb6
fd9bffdc
ff2e08fb
f5cdfb4b
0358fe14
0273ff18
fd77fafc
fbd9ffec
f545fb0f
f751fc27
f337fef6
fbbefe6d
0010ffb9
f70ff035
03c7f528
fe1f05f5
f84702a6
00c904e7
fd9e082d
fd350573
f73dfd32
fd1bfdc3
0a59ffeb
00cbf965
fb1b0179
f6830027
fdc6ffab
ffb1ff64
fe14fc14
054806c7
fc540215
f802007c
ff7a053a
06e501ad
fbc0fd4a
f8ee024b
0a1603de
fe6ef6d7
fc49fa69
fddb01c8
ffa90050
0a6ffddd
fe60ff70
fab20909
014a0487
010d019c
f9b109f6
f5510494
fe03f790
0501fb6c
fe9100cc
f99efdd9
01de02f8
fcfc01a4
f929fe14
f9220509
f7a2056b
fbc8f881
fb97fbf8
fe870254
fd19063a
f4d40a61
f9d6005f
0581fcf2
0324f933
ff07001c
00da0709
00b500bc
064ffc98
08c3f553
ff830233
017bfe55
0c8dfdba
062103ed
0be2fd47
092c05fd
f928fcdc
04e9fb35
019aff14
fbfc05dc
047bfd5d
00e6f1df
01d804c1
011ff73e
ff78fc9a
03110059
02e6f6f4
faa00ad8
faef032b
fce50504
fa600518
fb45fc2c
019d0422
08a7fefc
f962fe4f
f92801e8
0433fb04
fefafd29
070c07c6
072d0156
fdd60531
fb1e04b2
f87efb71
f3590051
fcd3fa61
0a98ff6a
081efc27
0569f72d
fa3a055b
fdb50447
030e0213
f4d602d1
fe990365
0890fe68
02fdff0f
013b0144
fc07018a
00790bee
061d038c
fa3b00b8
00a9feaf
0749fb65
fdbc0230
fda4fd0b
fb7901df
f990057f
fa4c01db
025b0563
02530151
fbad0150
0452ff7b
feecfc01
0363fe26
08c7fb38
fcfbf768
ff6bff47
0487061b
04a7ff9c
fbeb025d
fbbe07a2
07480367
0200ffe7
fd51f5a7
0811fa62
0360054d
f929fffb
053efbe5
0897fb54
0195fce1
ff4b063e
f8be052c
02a0fbdd
0311f948
f865fd8c
fe630073
ffe1f60e
fddef25b
005c008f
fdcdfcce
0679fbba
01c9057b
fa46ff9e
0000fcba
0045fe56
05c1fed2
fde3028b
fd3d020e
09d3feae
fba1ff4d
f7b2000d
ffcc0217
0308ff33
020a0174
002e05a4
0176fb0d
00b003b0
0dd50253
fe67f8d8
00aeffdb
04c3fc1f
fbf9fca4
ffb8fa94
fe23026b
076ffdaf
0d1bfd2a
feaffe2d
00f4fb9e
ff5903ab
080cfbd8
04260221
f9fa01c0
019800a6
f27803e4
fcaf03a3
02fe056c
fa4cf736
0639012e
fde20717
0551fce5
0956fb34
03fef797
02a1ff2c
f6e4030c
0293016d
03d5035f
ffd80100
0897fa2d
07c6fdae
fd7dffdd
fb40024d
05380708
07f8fc6a
05b001de
ffd401db
0021f70b
0740ff64
fec7fe09
ffeefa9e
fe8c02e8
f627fe0f
ff88f70c
fb570148
fba40890
09e9ffcc
052bf78f
0985faa2
0379fde8
fe6e01d3
041a0631
fa4fff75
0871018e
05f9ff44
f88c03ea
04390685
ff54fd01
05b501b3
079ef8fa
f877fc8b
046702db
059f020e
faf007b1
03e6f684
fe5afc32
f9c9037b
0440fa28
fdfdff38
0744ffe4
0ae6fe64
f7a90498
fd50038e
fc6cfa93
f9730250
008b029f
f96bfd27
fff005e8
0123004a
fa94fc9e
fc52003e
fa090918
f9e1ffd2
fdcbf5dc
02be015a
05d1fc07
02d40825
fd7606a1
fb0af597
fe0900c8
ff56fef6
ffb60213
ffba01ed
ff0dfcb3
fb6bfe46
ff80fd0b
fffa0197
f91cfaad
02d501e7
008f025d
fef8016a
0c1a0280
042ef70e
fd490004
fabbfec4
03f107a1
00940f7c
f777f8ed
05d3f7f5
fd3802d0
fd9f003e
05b3ffac
00860e4f
fe72084a
fa2e0689
fec60c20
fcd0f82e
0220f69f
02d5fc01
f8b70075
fdbaf9f1
fb8ffe0c
f96e0023
fc21f8a8
fb2e0acb
043709ef
fe4b0700
f969073c
036b045f
ffb102a0
fef7f840
07d80380
007ffcf1
0085f740
01cffc98
f992f897
fc10fec8
01af035b
08ec06e2
081f0355
03a2fb90
fe87f8df
f9e1fe2f
032506d4
013bff95
fcc9fd81
011d0274
094afb6e
0b7df63c
010efa4b
01c8fc97
00c0fb58
fda1fd39
ffa2fd29
04e5f9a4
072f0169
fb4707a1
ff910745
f9b20390
f4c2f910
040300df
032d0477
fb9ff87c
f827fbbe
ff5ffbaa
03cffdf6
013e0115
ff2cf876
00cff338
011efdb3
face0294
0247fd5b
02df01a5
01a809af
ffa90777
f9d1fa7b
fa3bfcc6
fe020417
0664fbd7
fb070301
f9470ed7
fa5a0786
008801b1
082209ac
f777068b
fe230467
fb92066a
fbab0487
fe7d05fa
f983f914
0723f5c1
00ef017d
ff13fae7
fdb7f97f
fa550399
0056feba
f8cffaac
f7b0053c
010b0425
0511f99e
f860f985
fcf4037e
075e007e
02e7fe9f
024e077b
f96a05f4
fe3c04c1
07cc0410
fd32ff3d
f649fd58
fe8b065c
037304a9
fceef82f
008f02fe
ffe20a52
fdaa0265
feedf668
fc5ff7b7
022e0148
fc11fc6c
f7e8f912
0a65f90e
ff3ffa0e
f910ffa9
05ed00f9
fa46fa9d
fb33fde3
fd170180
04d2f982
0838028b
f946032b
0521fe7a
ff9108d8
f9d102e9
01a3f9c3
00fcfe74
06d20196
00460200
fe55fafc
00f2fd6c
053e07dd
0150014d
fe710021
03d4fde5
fc7df9fc
09a7fd43
0ae6078e
fd010d7d
fd3cff9b
fa960cd0
fad00935
0188fe5b
051006d1
f911f854
013e02cd
0ded01eb
fedbf887
ffe1ff8e
04cafc45
fb5ffca2
ff8efa18
fdc60268
06c5fd7c
0c4dfcee
ff0bfec8
00a3fb3a
ff6803a8
07fdfc38
04ca0267
fa2701e7
01f2013c
f2b1041c
fc3b037a
03c805f8
fa24f761
06550105
fdfb0669
05f4fd00
0957fb0e
0453f7b6
02acffdc
f74d0291
02f4012a
04100389
ffbe0121
086ff9ab
037ef9f7
035705db
067903ad
0a11fe22
00c9f672
035e0365
fc0808d7
ff90fb52
0c470bf3
02af04ab
fcc5f4df
fc6df936
fd8a03cf
f53b038f
fe84f428
04f2f85b
f9b7faff
02e8020f
023a0174
fe150201
fe08029f
fc79f974
0062034d
00380421
fdd302a5
fbe2ff0d
ff24fe13
01580195
fceaf8a9
ffa2fb47
0903feb0
05b30100
fde900c9
fbb5fcd2
03470557
0f2e02cd
05fcf56d
053cf9b2
0393fd8b
fa330103
fcb303cb
f9dff702
fab4ff67
0214ff4e
040aff66
f786044a
fb90fbb4
04db01b2
0098f8cf
04800185
fd2d0712
fec0f65e
02b80276
058100e1
0542f8d1
04acfe0e
0b450296
fedd04b4
f9f504e2
f92dff25
fe4cfcb5
029efd3b
fdf9fa33
022b054c
020b0b82
09eefde8
09fdfdd5
045702bf
fb9ffbc4
064e00b3
0e93095f
002b00d9
094b0076
ff02ffdc
fc18fd4b
ffa4fdc4
00e0feb0
0456ffa5
fb5000e6
10d4fdb9
0cd5f3a1
fb3c0199
ff3c0c84
01a4064a
063d00b3
f75efdd4
fa3c0413
00c0060b
fbcc02fb
00eafd37
052b0130
ff4608b9
036f058d
0a190b50
fac6ff56
045df74d
07f8fa59
fd4cf897
fe8efed8
f3440246
fd640172
fa6c06e7
f4f2073e
fe66fca5
f34bff13
f94e0236
fbb0f8e8
fa34031d
0524fde7
008ef400
05b9fedb
0b20f9b7
fb9ffb6f
ee5afd3a
fb0bfbba
fa3cff7c
f799fd6a
06930679
05bf0130
08340235
04eafe6a
fbf4f3a4
071f059b
ff6205b5
fb57055a
012f0408
ff75fe74
01c900a5
fe2eff2c
f9d404bd
0209fb70
03fd006f
fbe40359
fe7efded
fa48fc18
ff9cfaa3
fe03099b
f2c8fdec
002003b5
049d0842
0a2df9c3
fd8c043b
f6a5fa69
02eefdd5
f4cf0608
f98cfce6
00a6067c
ff610289
f7cef924
fb83fda8
0ae2fb43
fdf1ff50
04f50523
02f1feb0
f676f8d2
fc9afc8b
f8ac0261
fc9d00cd
0622010d
019efe58
00b8fb92
05fa0301
f6f7fe14
fe95fce7
0632086f
f4500c4e
0034fee3
02110542
043707bc
010dfc5e
f8fb0bd9
ffa802bc
fb2ff689
0703f75f
05a4fffd
fa190965
fdd9fcd0
02ae00d3
036bfb86
021dff12
03870298
fcc6feed
039e05bf
06cbfd76
fe86fc0a
0268f8cc
083afe00
03affc97
02c0fbee
0a0b0560
fd45fdb5
fc2b01a7
02e2ff0c
fec5fdf1
0282f647
fa27f84d
009404c1
04a9fe6e
fc07fd6f
f923ff26
ff0109da
011b047c
f4bbfafc
fac30400
f35c024b
f4a6029c
0505fe01
f987fc3d
026600e6
00060127
f7a0fe42
019a0578
02f80633
ff65ffd2
f6750213
fcf6017d
003f001d
0046fbd5
038b0417
0427005f
03c9fbc1
ff0f0c47
fba9000b
fac1f6c3
05f2ffbd
04edfe6e
fa81fb01
fd5200a0
fd65fcf2
003ffc24
028100fe
ff31ffad
01290032
087bf48d
feb3fe8a
fa4e0574
072d0163
01370a24
01f8ff2a
0575fe35
0523fd14
0538fedf
ff6f0764
ffcbfec8
fcb500a8
05adfff0
05c3031e
f769069c
fcdffe47
05d8ffbd
0191ffd5
f94bfbc9
f86f0279
fc690a46
00770b62
018afd51
0357f9c2
03ff063c
07c80382
09c9fe15
0134f611
02ba036d
fc4f0907
ff9ffb1f
0c290c1c
0274050a
fcadf4e3
fc72f947
fd2d03ab
f55a0447
fef4f42e
045ff7c1
f944fba7
03780118
0249027f
ff080229
fdd702b8
fc45f977
015402e5
000003f2
fed50257
fc12ff23
ff85fdc9
01480256
fcd8f890
ff82fb62
093cfe67
05b00123
0301f979
036201f0
fd680da7
fa32fcf2
00ebffce
01040248
00daf1c4
fca2fb2f
03800425
fdd6028d
fa0cff92
ff76ff44
fb8302d6
047f031a
fc1b000d
ff950361
0260039f
fb3afd3f
0498ffcf
fb89fda8
0153020f
051707e5
fd2ffc90
fe35f946
01760134
02a7063a
fcd90099
01f0f8fb
0112fe12
fb76fc86
fb8efaea
027e0852
1461064c
0b4e00b8
02c4068a
01590226
fb2d0a23
014e0a55
0275fc21
04e0ff8f
055801f5
fb51fe20
f962fbfb
fbb5fed9
01dc00a6
fe6a0387
f9010118
007bfe01
069a0278
fecffcde
f78efe23
fcdffc24
0018fc19
005e07f3
ff1ffd8d
0597014d
0b280027
0483fbc3
ff8effe9
f74bf55f
02310503
02750552
f759fb38
0413fe7a
083df6b4
0674faff
048bff89
fb4103bb
f580fa0c
036ff72a
09c8069b
01a7fe7c
015d00ef
f73f034f
02d3fec1
07610003
00b8ffc5
04b70218
fff3ffb4
fd5aff11
f6dafcba
02bc0644
080c0297
03b80260
0bc30b13
0531fe21
0bacff20
0452fecb
fe79fe9c
007dfd34
fdd4f99c
00a907c2
f7110302
01c30091
0392fee7
01b9f804
06cafdee
f91dfc0d
fe4e02cd
08b70306
0180fffa
fb9b0dfb
048401d4
07b0f2b4
f9a90126
fbd70217
01d9fc40
fb80f6f1
038bf500
046cfc6a
fc38f7b0
0371fdf4
fb6600ff
fafafac8
03c404f3
fcc80128
ff8c01ab
0057085a
f802fc1b
01150161
06c90b02
f660f9c4
f7000562
fd3d0b54
f592fc37
0050fe2b
fcf3fa5c
014a0042
0a4203a7
f92300e3
faa20024
fab7f745
049b018a
060704ff
fbe70488
03fc012c
fbbdf56c
fd6902d4
05e40586
00c3fc0c
fc1c00a8
fda9ffec
026c0233
fd1c0014
019402cc
08670610
fb50fe18
fb9ffcf7
ffd6009b
faae08bf
019f0089
071bfe68
fd8105e7
fbbdfb27
f945ffdd
fa7af5fb
fa0bf460
ff900b15
05cf02df
f5500b13
01011140
fc57fd87
f2f6fbc6
02bb0635
f663fc96
004bf4c9
07da018d
f535039e
f5220934
fba10630
fe12fdc8
ffc60095
025d0611
fc7f02e6
0acef56d
fe2fff4c
f0360142
0676ff89
ff1502f3
fedaf7e6
006afbf5
fee7ffc0
04be05ea
0331ff00
0519f4da
037dff62
052df946
035bf7b7
fed9031f
f3f3ff2b
f9d8fccc
0418ff07
f5a0f713
fd55fde4
fa7a02e7
faeafd2a
fda80108
015801f1
0d3405a9
f8d30121
087b006d
08fe02cb
f8d1006a
06e907ef
003d046b
fe2bfe23
00a5ffc0
05790396
02f60044
fd93fa7a
0342030f
fe9c07aa
01c30613
003d0056
fe15fafa
02cdf931
fe97fecb
09800731
053306da
fadffe18
08f0fbbf
fd3fffac
f5a9fca0
06b70739
01b3094e
fa9bfcdf
fc72fda4
02790248
ff4efd1d
fc94fbbe
fe990050
fa0200fc
01b20520
0377fdc8
007ef83f
010efcc3
00a90145
fd9004e3
060cf4b7
0c36fd96
007b0538
027cfbdc
00b30381
0299015a
03bbfccd
ffa9f871
0838f812
01dbf9fb
05a6fb2d
00fffc90
f59f0075
fe6005e3
fe8cfebb
fb030243
fb1d0686
02affff4
0288f9f5
02c7016c
fd2d0d78
f9a5fc8b
00effe7a
004e021f
0082f20b
fcc7fb3f
0305047f
fded023f
f95cff88
ff4fff3b
fb390230
04bf033b
fcb000b8
ff15038f
02ce03a9
fab8fdce
0506ff7f
fb99fe03
00d20215
05e50768
fd3cfc5c
fef0f977
016c0105
03440570
fce40028
0112f937
0134fe07
fb5ffd85
faf4fae7
03070800
0c36f5d5
06cdfbcf
fd20f7ce
ff570001
fb390680
0123fe36
fd19fba4
ff15fbf7
fdc7fe90
fe95fa72
0532043c
02f40c3a
00c804c3
007b095d
054b086d
012803ad
022df703
01a5fb3d
fb5c05b4
0389ff4f
096e083f
04130795
04ac00a0
034c025f
05f7ff1e
0fea02aa
fcc00397
f7ba011e
04a606fe
f4be03ee
fab0fd54
0798011f
05a90391
015101c2
f76dfd10
0049fff0
09ab02cf
fe46fbfc
fdf3ff09
feff0110
fcccf75f
0047f881
fc8f0614
fbab034c
ff6b0075
ff850532
f53ffef5
fbb9fe4e
030f0276
fa2b0147
ff940550
fe9cfee6
0462fdd3
051a04c7
ffd1fe33
022afd6d
feff019a
04670620
ffcdfc8d
08b7f7a4
056afdd4
00daf284
0ee302f9
07a309bf
ff3d0124
ee650547
fe31f80e
fee0f891
efc9fa38
0a320223
02850498
fe28f9c7
03b7004f
fafafcf4
031bff65
002bfc35
fb7bf8bd
fd2e0018
047c001a
081a056e
fdad04d5
0831ff12
0896faef
f8bb0229
04d7060c
fbe3fde1
f76802cb
0753fc01
011bf829
0405fd4b
ff13ffd2
ff0400b4
050b008b
fd71fe03
fed0fa21
ff2e0378
006e0240
fff40395
fce704c0
f8b6fcc1
024f0440
08a2029e
00e8069f
03ac0532
ffa9f3f1
059bfcb6
05fdfde6
fc7e007f
ff5806ad
072f0129
089a062a
fc7106c0
fd170199
f981fe30
ffb401fc
04ccffb3
f9b1fe9f
fd9b0122
f9c2f884
fe0ffeaf
fe2df98f
fe94f72d
021503af
fca20159
08d6fec2
03bbfdd5
fce1fc6b
0148f82e
ff0d03ff
028ffecf
fcbcf609
fac90639
0436faf3
011803c7
00be02cb
08d2fc75
ff8e09d1
fbc50163
007e04ac
fc35fe8b
f50af91a
f49f03d3
ff7d013e
fa91f9bf
fe46fd9b
054a0998
f6600146
fbe501f0
00bd058a
ffc80192
0642fa91
00e4fba7
024302a4
0219f9c7
faca01cd
03d20047
042dfdc9
00980082
02f5fbd5
f92e03f3
f29d0275
fe05005b
010bffd9
f399faeb
fb09fd98
0960fdcb
ff82fd5f
fb20ff39
038103bb
0bbe07d0
056d0475
fa5e0162
005efdc7
0058f612
fe0f04f0
fc8effc4
f751fb2b
fc580d91
fed8fd85
0412035f
087309a6
feba0175
01c2043d
f8fdfe51
f01d0151
f95dfb5f
fdfa038d
0193ff60
f6aefbf9
f2b009a0
02a5ffc1
011803d2
f9aeff3a
ffd8f472
fd0f0544
f9270e95
04440213
051ffd3b
0085ff3b
ff9afa35
fc6706b1
fdf508f9
01dffaba
004102b0
ffe80356
041dfa0e
02a8068d
fe350033
fbdcf45c
0529000a
05fc05ee
ff430aa1
018bfc37
ff7ef9bd
0d1a07e8
04bf00ff
f832ff06
00ca0143
03320089
040efc64
f35002db
fe1a013f
0a75f7cc
fec6f9ac
07f1ff07
07b605f1
04d0f7cc
04b1fe28
ff6b0263
f9cffc8f
ff0b095d
fbc1f95a
fd2af7ee
0aa30003
fb37f9ba
f9d4fb07
fd6cfee7
fe3dff5a
fd4afeb4
f96e0670
0567f822
04ccf679
051b01c0
fee2fb52
fe40fba7
f9e0f8c4
f399fb70
fe7f0006
fc56fe93
00a60315
fcf6fe07
03870093
051609d5
02aefcf1
0a64000c
00ea0117
0c4cf580
0674fc04
fd53f821
ffd5ffb6
fb15070a
00eefdda
fcebfc17
ff53fbc6
fe70ff2d
fe74f9f1
0527045a
032c0bf5
00620450
ffe00977
055c089f
01b903df
01fcf704
01cffaf0
fac105b5
0397fec4
0a2e0815
03f307d2
043e008c
033c01da
06cdfeef
0fff0263
fcbd02b7
f815012a
045506fa
f4c103ae
fa3cfcfc
07900077
002a00f7
f571f901
002ffc10
0222057b
fc3d0288
fbd4037d
f78e0522
fe70f7d7
0817fc4a
05c804f1
f896fd86
fb9e02b0
018700ae
fe81fb45
02f60453
fcd305f8
fd9bfbe7
fe56fa95
fed205c9
033afed6
fa22f995
02a1fea1
047e01dd
028dfea7
0d8700b2
0307094e
02d2fcd4
020ef937
f6e5003b
ffce0193
0a2b05d0
fff2060c
fd680404
0343f836
fbcdfef2
f5a206e9
fefb0047
08cffe3c
06a3fd3b
0066fdd3
ff9cfa96
00170394
f865fc75
fc00f59e
0585020e
fd31fe5e
01220414
0850063c
0b90024d
079300b2
fbbc00bb
000307bd
02efff20
ff55f8b6
fda3fe1d
018bfb24
038af6bc
02a0017e
03c80675
fd570557
fd68f8ee
024ef0dd
04b803e5
065afbdc
0702f5f1
0aa801cb
fe68fff7
00740055
057204a1
fb1502d0
01a6ffb6
000705ad
f8b4ffe7
fe59032b
ff810158
ff0df643
fb0e05e1
01990405
0825fd7d
03900037
fd9000c4
f9640181
08a601e4
05e009db
fb630579
03e3fb36
053ffa8e
fde100dc
f90501c3
f97cfbb6
f6fdfad2
0566fa74
05e6fe2b
fc3c020c
0512060c
023705ac
01ab0477
fc6f0667
feab022a
f7d3071d
f7d1fc5f
0a88faea
f8cf0a6d
0504fd18
034ffb36
f998069b
0db9ff16
fcb7f9e1
fd97ff9b
042f04a1
fefefc7f
06a5fcfc
02fe0250
024e028c
0266064c
fbf000c6
fbbffea7
ffa904fb
02cd0095
0490f21e
fe51fd4f
010f03b5
f99bf508
f6e4fa81
fecaf725
f4abfb81
034900e4
0578fa24
fe69ffe4
fc9b0068
f79706f7
015404e0
f62afff2
fc1fff30
0362fe8d
ff2d0364
fdbdff24
0117fade
03bffad3
f6a80512
00ae05df
ffdb0273
ff490411
08ecf786
f3940115
fc71034a
00d1f8d7
f59501f5
00f703db
0026f646
055efcbb
08c70c29
f70a0694
01190c38
06be0369
fed4fd9d
00eb054f
00e1fb4d
06d003fd
f5ca0356
f5e1fdbd
068afe77
fce8f6ba
ffb7fde5
f8f2fd93
fa70f989
fd0c0168
f71a0084
00af01aa
05c2024c
0177fe90
fa7c0060
01c5fae6
0325f710
ffa701d1
04b5024a
02be029e
03860315
058e0112
068dfdbc
ff1bfc4a
0336024d
0946072e
fa97ff94
f5c6f667
fe5f0075
06b70547
0121021d
f909001a
fc65ff19
fae5064c
fdfa01a3
03bcfdab
fba30084
fa3607d0
ffaf0c78
fb9a0125
f7c0f926
fbbbfbf4
057101f8
00defadc
febdfc08
0372fec9
fbf100b0
01b40a2a
03420303
fd08031f
009204fa
02faffdc
0069079e
018007d7
0393027d
fc9201ff
f933fb89
010ffa51
ffed0327
fac6ff24
02c506fe
ff3502f8
fe8af108
ffc40165
fe020237
0305fac7
f254fc83
fa17fa66
04cbfe9f
ff4cf50c
0c19fa8a
fdc00275
fbaffd95
03a8038c
fea5f962
077dfe2d
0b2c095c
05e3fec5
fef1ff59
0157fa7b
0360fde9
ffa4ff4b
fadef76f
fe460314
06bdfdcb
ff03fd37
01760383
060c037b
069d0398
0531fa4b
fe5cff04
fa8dfefc
f9b60022
04530785
ff23ff24
fe30fe75
0ad0ff10
017b01a8
0170073c
fff000ba
f5d6f978
ffdcfbbb
021905bf
fc1102ab
fb6003e0
f7a40539
fe72f803
08b2fcb1
057e0526
f8d0fd02
fb6902a6
01e80077
fe2cfa87
031a02a5
fd230615
fda3fbb5
ff0bfaf0
ffe00675
03eaff59
f990fa5e
0326fe60
043f0147
0310ffe6
0d200040
03290966
020efc8d
018df919
f6ff005f
00400189
0a7d0501
ff6b05a6
059f0b31
02f701c8
01740305
01e30099
ff9ffc8c
fcc20129
0234081e
012c0116
09eb0367
0684071f
f991fcfe
04b6fff5
017d05ca
fc9dfe98
ff660151
0270fe3d
025df03e
03b4f8a1
03eefed7
fc430002
fee0fda5
fe78f944
ff490708
f8500042
ffddfcf0
0c42ffd1
fddbfe6e
fe1f02d7
0031fc21
023ffc68
fd7af945
0026f582
069dfc3f
fbb8fe1f
007802f3
0114ff65
fe9804f8
fc570787
016a003c
055801cc
fdfdf5b9
ff72fba4
02d10787
0031fd03
f4ec05c0
00510451
0394f471
fb72ff9c
0f9c0986
0894f80b
f484f530
f611030c
f8b4ff72
04e80014
0e2e013d
03ba05dd
fa7d039b
ff5cfd5a
05b00b7e
020e00d7
00dcfadd
0168fd74
f7cef81e
fe460679
016ef8ba
01f9f62d
09630e36
029001e0
fabb0148
fad9047a
01b0fa82
03660470
06c801c1
01a2ff95
013a0620
09c9ff31
00e40021
01fc045b
fa060407
0937fd03
0caffd45
f88406ed
06000155
f6fa01f1
f81f05af
04d705d0
04aa0228
0858f8c6
fded033a
febdfdc6
ffeef20a
0225fd86
03aefcf7
0712fdb3
0191f8b1
ff3cf1df
03330236
fa1f01db
01c40045
00dffddf
0164fc40
08f20b21
023a04b4
00df04ed
01b40164
fbb2f321
f9400085
fef703fa
fd0fffae
023602e3
01e501ff
fc0602e0
f7f20839
fa4cfed8
0929fe59
02970cc6
f9fc087c
fb4500cd
fe27fe84
fbfbfd65
fe96ff33
06af028d
fc6602ce
faa3f89f
fed8f422
07d6fbc8
ff0bfd91
fe71fcdd
04c102d9
fadefd86
0271fac4
fbe704c4
ff06052f
02e6fe33
ff9eff53
009f0805
f6f7fe22
075bf8df
ffbb00e7
fa85f918
0677f883
f974039b
00650af4
01ac023f
f69dfefe
f5a9018d
f5a6025c
f91d021d
f656f4f5
fb37ff72
099a03a7
03d0ff2e
ffde0569
ffebff4c
fdf8fe63
ffe1feb9
f56503fd
f523002c
fb09fc55
fe970622
fee4050b
fd9afc62
0009f6b8
fb5ffc01
0250fe42
fc640403
fe3603c5
0019000a
f908060f
055a0192
fb0bfd15
08f5f829
07feff68
f3850904
03780743
0022ff56
002ef95d
01000066
fdf4fc7d
fe42fdf1
ff7bfcaf
027dfc94
fffb03a7
04cfffca
029f0753
06890317
05ed00f9
f9ea059a
fa68f933
04cff59f
0702ff1f
f90aff39
fb9bfb7b
fce5040d
fd3501eb
015b0244
fa040831
045102c3
0106fc8c
fc17fdcd
05aa04b9
0601093f
0df5082a
0305ff63
ff34016f
ff3ffe85
f544f8ea
03bd0685
029f0270
022cf97a
06cb01c0
fd1303bd
f970066c
fe81037c
01a5f7d3
f572fbd8
023600c9
0712018f
fb91ffe0
0201fbbb
f644fe2e
002bfab0
0788ff70
f8b9072e
007c00e4
0098fb28
fee30259
05d4fab0
02b6f2ef
fc4007c5
fd67fade
fc1ff1d7
040a0679
000f00cb
f5b50298
ffa6005d
02edffea
04db0336
04ec0569
04100501
00fff3aa
016b0144
060409e6
fd5dfeab
04dafb98
0783fac7
fdbbfed0
fb0dfe56
fc3cff41
03c1002e
fdb50493
f4b800b3
018efdb8
041afd5c
f783fd4e
fe1d0d50
05080b78
03f10151
027b032b
022c008f
009efd2c
fc970094
026107f8
00af012f
09ef03b0
05d90638
f96bfc2b
0482ff9e
009e0606
fc65fecd
ffc701b3
02d3fdfb
0225ef9e
0375f88c
0411fed4
fc85005c
fde3fdb3
fe23f926
ff5506ef
f86000be
ffc8fc2f
0bffff06
fdb9fda5
fdbc0391
0017fb42
016afc6a
fd4bf958
ffd1f58d
fcedfae4
feb6fd64
02e5fc08
00770842
04daf89c
fd4dfe08
04b00626
0984055b
01510538
fd8b001a
04cd0640
0ef7feba
024ffbe6
feaa044e
0c30fffd
fd6efd79
fff005bd
09cb0105
fcdffd5a
ff6f05bd
01c402a9
fecdfe94
f6fdf91b
f9ebfb57
062601c5
0329fd74
f963fe86
fb99ff91
0a110261
0589ff67
091f0064
0aa809f2
ff18041b
033bf91b
015fffa4
02e8038e
00dcfa77
fffb0022
fa6afe32
0264ff1b
0b5901b9
f716feca
057804ca
0bfefd1c
000b0077
feac026a
f891fada
fd08febe
056d0018
0a1809bc
038e07be
04990022
00e2f838
fde9fdcc
060101bb
090dfc25
03a3059b
fe1201dd
fd92fe8e
fa19f7b6
0717fe02
01ba045c
f269f845
fffe055c
fe5afe8c
0413fd71
04650555
f7cefb68
fffdfd0c
048ffee3
01ad0229
fcb6fce2
f8030019
f6a70444
f33efa7e
f5efff4a
fe2e04ca
fbd2ffbb
003ffb0f
02f80573
03f9f92c
0529f496
fc430462
fd9bfc10
f33afbef
fc81fc08
06520587
f7fc0aca
049f0151
fe7601ae
fdb9fb4e
01f3027c
f97a0598
fbf6fbbb
fb64f5bd
0385fccc
ff7609da
fc21fbe1
076afbc4
0a430797
03a00525
fc450120
01c8fcac
047dfd7b
fd450281
02b00501
0d3c03b9
04ac0784
08d8fce1
0860f960
faf8fdfb
03f0f9cc
ffedfbcb
f995f92c
feef0199
010102ab
fdb1fa53
fb93fc88
0297feed
fc290633
fcee043a
fe70fe73
ff32faa3
09b7004f
06640161
fe41fd9a
fd320760
03d3052b
f86404f7
f907ffd9
010bfcb9
facd085f
02d5008e
f74a028d
fdb309be
0556fcd8
f9e8fc40
04600168
fcc403eb
01000517
0ade00c5
01f8f7c9
06fcf9be
04e40251
f540fe77
fec6f9a3
069005d0
f50c0213
02b1fb8c
04680559
fbabfd53
0779f98a
f550014d
f874002a
f9820441
f95002a3
0834035f
f9b8fd97
fa59f421
fe780369
fe2b09bf
01d602d9
ff55f6c4
fc21f7cf
fcb9042e
ff4cfdc0
fa4ffe71
01d0fd50
0050039e
ff77093b
08b2ffce
02e7092a
00670008
fa3605ba
fb85057a
fe4df49a
fe1803cd
0085fd2e
0068fa87
04f202bd
0537fef5
fd3bfeab
fb600020
01020cb5
fb730570
03cefcc1
09ccfe54
f97b00a2
fdd9039a
059efc5b
05f7faba
fc04fb43
f5d402ea
ff1602a6
0351fdfb
01d1fb85
facaf999
ffb8ff8a
fddafb28
fd7bff16
fefb0550
fe430437
0683ff70
fc19fbe3
f86e0639
02c6046b
fbf40127
f84602e0
0140fa07
ff78fafe
002200a6
0945ffb8
02ecffd4
fd40fd1d
fe59fbd8
f79e0328
f3baf9cd
fe23f82a
fefe007e
ffa7ff30
06980459
ffeb0292
007b0373
f5eb018a
00f2fec2
090d02be
f9b8fa75
074efdaf
028b011e
fb5bfd65
f6a80946
ff11099e
1039fa81
ffafff33
fce8080f
fea4062c
f7a30b3f
fe28044a
0095f814
fa7d0792
fef704c9
f760fa1a
f7090240
0706fb13
fda8fbd1
01aef854
ffa5fc7e
fb9705f4
fe50f932
01d2027b
0acff77f
fa5ff97e
05b70555
036df707
fa940248
0c03fc14
fd66fb73
fe26fd89
0340fb06
00b60872
04b3f8ea
fd5efd92
04ea05e9
09a20490
01400597
fd54ff87
04d60678
0f42fedf
0283fb55
fee2043b
0bc5ff80
fd9bfe48
ff3505d1
09780203
fcb6fd6d
ffc40571
01310293
fea3fe09
f6edf922
fa3cfb53
068f0201
0394fd8b
fa1dfe4e
fb28000c
0aa0020d
0517feb8
0940ffb7
0adf0962
00bb009f
03160020
09b4fcfc
f90f0051
feb6003a
0dd90165
06acf9d2
075302d0
070101a1
0b0b0199
fd2d0543
fa400434
00030709
fb49fcbd
0839ff9c
001305a0
f7190537
04cbffa8
01e9ff52
fe690123
0850fa19
05dc0080
fb50035d
fcbdfc70
03c4f5f7
003200e0
f7e40699
fd0dfb8a
f9d7fe2b
fc640301
ffa50a98
00d704d0
06bd0334
010b0a01
082cfd8a
05930324
fc9e0524
feecf952
fcb2fbd8
0067fb9a
00d2fe58
004b062a
fe1a0002
ff4af9d3
fcdaffdf
fe63f701
02a2f89c
00ff08a8
05fcff64
050cfa6c
04b5040f
0544ffda
0152ff67
fe1cfd28
fc89f898
027c0098
0c26f947
ffb4f35e
f7240042
03edff3d
01060104
01b90257
facafc0e
fff4fa6b
032cf7e4
f8b8f9ae
0eab0a62
010b07fd
fbd600f4
0259021e
f6e3f892
0cc9f7aa
0da8ffb0
fdb0fed6
fa7a01e2
03a10877
fef30564
f91700b7
033502e9
fd4dfce7
03c1f862
020efd84
fdabfed5
fe77ff85
f9c3fdbe
fe07fef7
08360013
07f7037f
f85afebe
f709f67b
fea9ff0f
fe39fa8d
fd78fdbd
014f05b9
fd7001c4
fa560734
0898fe3d
0107fc64
f504fbd8
fbeb028c
01b7046d
ff66f70f
00680b72
03ae0928
00830708
00500cff
001cfcf8
ff74ff86
f8a2f934
fef2fcd4
07e00235
011e017d
fcc1004b
f9e4fac9
ff73fd65
0166fe4c
02b2059e
02d6fb9f
fcb3f726
01920519
0276ff14
f8b9fbfc
f96a01ff
0085005e
00e9008b
fe800208
f665f9fa
05410012
0c09ff53
fe3ffdad
08a40300
059cfa66
02da0623
ff3f016e
0105ff03
03b507a7
fb940414
0aea0502
03bd04f7
fb3101f7
fed8fef4
fede0563
06f8fa5f
fb3bf7e6
f32705aa
fb2102f4
03bb0272
037df2c1
04eefdcc
ff9b0286
ff460144
03cb0674
f8f3ff2f
03700688
ffdefdbb
fa07fd6f
03c0f7e8
fe12fdcb
fbc60d76
f8cefaa3
fdf30577
fc10095b
f7920017
fda6fcc7
f868fbc4
fbfa046d
03d4027d
00bcff52
01e5fb73
027000ac
039d0213
03ebfd89
f9c3016a
fdf40217
012cfc84
f8dd0714
f9b809c8
0059f276
ff72029e
00140bf3
06f8004e
fa1e0c91
f4ec01de
fbd1f756
0033fc67
02640297
f8b3ffc8
03a6ff36
fdc80aea
fbccfd60
0a8df546
00ab0440
02d60499
fdd50340
fcde03d8
0350fb5f
0644f6c5
0565f5f9
f2b2fec5
f88a01eb
fb43f9f5
f8e6ff9f
02470253
01c8ffc2
008cff30
0119faf8
0016f8d1
fbcc0310
040407ec
070e0030
f8df0287
02cd0b45
fd76032d
f92ff50c
05d1fd5e
f80a03a3
06b0ff0a
0b3bfcc4
fce3f8c2
0622fbce
f748f9d0
f7f00182
01920176
faa9f9dd
fbebf75e
fd6af56f
fa48fb1f
f4acfa1c
fddb02a2
02effe15
03e3fb0f
020d0237
0300f7c5
04ca05cb
f6d70807
077ff646
08cef5a7
fee904cf
058b0575
0582035c
09f70241
046dfda9
fdc30d10
fa4f034b
00ecfd50
ffd1037f
fb770056
01c6013b
fe19fa6f
01320569
02400659
011400d3
0119feab
fe4e0336
fb970c53
fe23fd2c
01050076
034f0022
09c6fcfe
f8fc00a1
ff4d0005
0db90139
0646f9e2
07a202d7
0686025b
0b200259
fda8055f
fa550464
007e06ac
fbc6fc6e
0895ff66
ffc505b2
f73d04ff
0576ffa6
0230ffb7
fe1c01a0
081af9fa
0568007e
fb7d0355
fc98fc16
0410f607
ffe1016e
f8d506cb
fdb6fbac
fa1afec8
fc9b028c
00340ae7
00be0513
0333013f
0a0f0400
fb90fef9
f9c7fee3
fbb0ff4e
f7a704f2
0071fa0c
027ffae8
051ffc7d
02a5fb4d
04850e08
fee409df
fe3d041e
04f6042a
fd93fa19
070ef84a
0a58fa26
fba8031b
f82f03d5
fe03ffae
02c50228
003b02b2
fe080072
fe35ff6b
05bd04bb
05780033
01eff708
fdbfff1f
fda302a9
08f800f5
f970fec4
fb09fcea
0e5700a3
0524fb80
04b5026a
00c0060c
fc5aff0b
0a9f0686
00cc01e1
f9d8ff95
08dafb3f
007df96b
f98fffbe
03a1f9cd
fc87fe83
fe86070a
0898066c
0767f98b
0b67f626
05140766
f945ff47
07e0f8ef
0115fdeb
f50df96c
0525fb8c
fa74fe85
fc8b0368
061904c2
ff1801a9
00da052e
f85201b5
f76102a4
fc690376
0450f81a
01c7f9ba
f4d2fab6
05810094
0af6ff45
0746f1d9
02b6ffb0
fd67ffd4
0321fa24
041408da
ff1f06d7
00a400ee
052604a2
00d706cd
02ed019a
045cfdb1
05ce017f
fe4efd54
f4a0fe66
fbbb07f0
f90c02f5
011afc94
0401fe39
fc8cfe5a
00e8fd2a
fa1e0226
fc100415
fb3805a8
fe3b0aad
04cc0185
fdb50296
fcb00371
029bfd7a
06ba0659
fdcbfd4c
015ff7bc
005b00d8
f71402cc
00560835
fb7d012a
fc0cf804
023afa75
ff04faa0
047ffb8f
092a01a2
0586fd18
fc84ff34
f9a103cb
05120391
fdd10897
f061ffcf
fd49fc7b
01420854
fce10198
0306f9dc
0440feb2
0662f68f
095dfe45
0049041d
f61ffbe8
fe8a020d
0232f831
f9bcfd2d
f8fb08bd
fa68fd87
fdba0236
06dcfaee
02e60069
f2750076
fa4cfa78
02d5fe4d
ff66f848
01d30743
ff6c004f
f9dff29b
02fffbe6
0ef70be7
01e608ff
fe73f484
00deff12
fade041e
053cfe9c
02960251
f80a0679
fc9f0a6a
06e6fc82
03c8fa2a
01b5fe5b
018ffa24
fc2f08eb
032e0da5
0069fd50
f87cfcdd
000d030c
06390754
fea50bd4
f7e9fe8d
fcd2f395
fbfdfc7a
004401b3
048efb2c
07ed040f
016002be
fc70f5a5
fe40fe67
fd220350
074f0572
049b0420
0263005a
ffa1f9b7
f609f863
00c700cc
0055ff4a
f7520467
fc680010
fdabfbdd
fce0fd27
ff28fe57
fbde03be
fd30ff76
00e1042d
feb0fd95
fdb2fb68
ffd5ff25
06bffed4
ffc5015d
fb74fa30
0057006a
f8ab018e
fa1505a7
ff6c05e6
fd0ff9ba
fdbafe40
009906ba
019a04ba
0520fb5c
fb0000c7
f73d06b4
fe5102d9
f38f03ed
078109d4
09790742
fb30ffde
0b5afeb1
0246f841
ffa6ff1b
01990220
ff540043
062909cc
ff8a00ad
fce90131
fd47fcca
f9c0faa0
fb9807ca
05350300
006bfe76
0303f9f2
042dfec7
008efff4
fdabf586
f780fda7
072005c2
fcde01b6
fc38ffa3
fc70fff8
f9df00c8
0addfe5d
f46bfb16
fe07fc76
037c008b
f573ff4b
ff03fcc8
f8f50193
04430005
fe41fcb6
fc7a003e
05140029
fea7070d
012d0264
fcdf0191
fde90890
0575fd48
0a74fa12
ffe9055a
028d052e
05adf3ad
fadbf6e2
0715ffb2
05d9fd2c
01250136
ff4e0032
00c9fc37
0301f70c
02e701a5
096c0429
fb75ff7c
fa55fe6f
fbb2fef4
f82a055e
004cf9ae
01fffa3d
0511fce6
02c1fb04
04260ea1
ffbf0a2b
fdbb03e0
042b03bc
fda6fa0c
0785f7df
0956fa59
fc0102e0
f82c0415
fde2ffd2
036b02ad
00cc02d9
fd910139
fe00ff14
05a60430
0508007a
01c2f71c
fd8efff7
fdea034f
08c000a7
fa2fff55
fb4bfd3c
0ab8ffac
0182faae
00dafb91
06b8fdba
fb82fabf
0616fcf9
f9b7fc6b
01f1fc82
0a8c0ae2
fefc051a
fd87faba
f60300ed
fcd800e6
fc060226
fbfbfc25
f8d7fb6c
fdfd0081
086bf75c
01fafb4d
00910188
f8c706c2
03500349
03a1fbc0
ff22fa50
054efb5f
015e03ea
087204a5
fd7b085c
fa460594
feeffeb9
002efcdf
06f10253
034b0900
094c044a
06d00bdb
07690678
0883fd14
fbd7fdcc
02a10156
00e50641
fa43f867
fed9fd2a
03170037
02d60442
01d105fd
ffef00fd
03df0387
0536f890
01befcc9
0b04fb97
0553f9bf
fbbefd59
0485fac5
fa06046e
fcaf0694
0d6dff74
0279f38e
f6e1fe39
05db041d
0d00fb64
fa02002c
fbabfc35
fbc1053c
f7a90073
0575f984
01d00953
0296fd45
fbfdf719
fab0046b
043dffe8
fd5afc30
040e05e8
007cff99
fdadfc7c
ff270652
004b0522
064cfe04
f718f880
f92ff9e2
feebf9c7
f3a1fb7c
fca6feac
09fbfec4
02dffafa
fd2cffd1
0253065d
fb0a015a
fd430015
017df897
0188fc95
07f100c5
fdd40193
fece007c
0ca0f9d0
0934074d
02fb07d9
f8f00732
f6710570
f8a4fe4e
fb8d021b
016eff02
fa7f01e0
f3b0faf5
0092fd3c
0ef704c0
0155fe67
fd88ffda
048fff28
ff62fffd
fe9ffede
fb09018f
06490066
026a00f3
fae706e2
09a6ffb4
ff9d02af
01ba0617
f8a9f9b3
f4bbfa12
09470099
fbd9f452
f848fbef
fe880331
fd6bfb2d
014e0426
0903fee8
fbcc0223
f4e705b7
0640f992
feb40327
00e4ff77
018bfb94
fe96fbd7
05affb38
023afeef
0439ff3e
fb4801ed
00d7fa91
fefffecc
faaa0b71
05880353
fe31f694
0158f8f8
fb870843
fa5802de
015bff59
fa540634
0621ff35
06f50137
fc220357
04c0fffb
fdce02e6
f504040e
044b0379
006a05e6
0404030c
0babfa5c
019b041a
025606fb
015aff56
018101e9
04ed0031
051a0523
f8400364
f68bf898
fea9f9dd
fc130689
ff810afc
013c0088
04f10199
f382ff1f
f4d7fc89
044c0420
fd1403df
03e801b9
f852fef3
f8d5fe6b
ff9af9bb
fd9cfd5f
0217fdc1
f463fc85
fe2904a2
07c7fdb5
fa37ff54
f56000a9
fb5f003d
02680194
f5faf86e
f66b04d2
032108ca
fb42fc53
f407ff2e
fc80019a
063800fc
06c90013
029a03b2
000a0680
fdc1f66b
0036f405
fe760402
f61d00bc
04effd89
07140336
03af0219
08f90161
ff7ffbf2
01b80080
04f80673
013dfa06
07f0f4b4
07dc015a
fa7503e0
0050ff24
fd29fef3
f787fe0c
fd760745
f62800c4
000dfad9
ffba041a
fa3e00a1
ff9d05a6
fc33074d
fd8cf8e9
f8c6fc1c
fe350293
03b3feef
0ca0ffef
07c1fdde
fe38f954
02e1f9b7
fc11fa89
05d6f9c4
041af8e4
000f0480
034d0581
fa71fcc9
facefc8a
fd94f4fd
073701d0
ff850ca1
00b0feef
08e2046c
fae9045f
fdc001cc
037b02a9
03d6fc32
06d3ffe8
02360322
03110473
06a5fe66
fa73fe74
fedc0295
02d3fd3b
fa42057f
fa6c0699
fa9bfee7
0a440011
01c6fa21
0126fbb2
0680fe4f
fbf5faa8
053ffd2a
f96dfcaf
01c0fde1
0a570ae7
fec80534
fd84f9e6
f5bb013c
fc2400d3
fbec027c
fc65fc96
f8d5fc74
fe080080
085af717
01c4fa79
00e3014d
f8630767
02f80326
03c4fb7e
ffaef9b4
051efb9c
00e90353
07ec04b5
fd4209a3
fa7e04dc
fea9fe4d
0016fc88
070401a6
fffc08b1
020b0249
064f0477
0476fcd1
fcb6fb14
ffa608c0
090d0474
031d011f
06ba0101
063afc2e
fcc100c6
01d50303
05840622
0077fbc7
f4d0fa4a
f553fc57
01e2f5f6
09a103b2
02540514
fbcf039c
0899fddc
0656fa5f
fe53fe07
0551fb03
fe5c04a4
f6a3fcf6
007d0263
066efe20
fe60f56f
fc63051a
0563f6af
0434fef7
fcba058e
fd6ffb18
fed3fc5f
0a06fd6e
ff3505d3
fa2e01b2
06df0165
fff8f813
0a25fe22
005203ea
f7e0fa75
015d010d
03c0f72f
08defd48
f420084d
00a605fc
10a40a83
fab4066d
f68d0573
fdc00692
04d206c3
fc45ff37
fb06fe6e
027001d2
0254f5ce
fa88fc41
fe990106
04d3fd79
fac608f5
fb990555
fa43faa6
fe05fe27
03d00159
0406004e
08b6fd38
011104ca
fabc044f
ff03ffc9
039400ae
0848fc6c
06ba05a6
fbbe01db
056401ca
077d0abf
fda40305
0a25045d
04fcf84a
05b2f481
05e8fd72
02f9fc0b
0761ff70
f7d8f79e
fc5df7ea
035c035d
01fb034b
0559fadb
043bffdc
fd3b0248
f84ffc7a
030e01de
0c5cfaa2
043afb59
fa9701c2
01af02f9
049b08dd
0429fe6d
01c3f87a
fb85ff18
0bedfe55
0915fd56
f73c04bf
f9fb0505
fcd9fcb7
fdaa02fc
f7be02ae
f57400de
fc2e010f
f7fafd86
fcad032a
03a20017
042cfa9a
fd98fd8e
f407fdb0
f95a0064
fa21f785
ff45f70b
065b0608
fd2a06c5
05ad052d
04f802c9
002d004a
017a0446
04370092
0384001c
0382fd45
010df385
f14705de
fa420557
fcf3faeb
fdf40641
05e0f6ef
f8dbff6b
fac90724
fe57faf4
04880672
fc8ff715
fec2fa06
047500fb
f883f7d9
ffc80272
fd99fd5c
0780fb57
001600ab
f0570802
fc6b0386
fc06fd4d
f8a206e7
f7e5029f
05a7f76b
0511ff59
fdae0b07
f90bfe76
f4f4054b
02ec06fa
051ef7f8
01c3fefc
f9b3fd23
fbba020c
00f1025c
01a5fff2
078702d0
0342fd65
0233fc26
0002fd0a
fcd70484
f7960261
013a0435
088302ae
fee4fb24
fc8e0469
00200387
0168004e
fcb808ca
fe570794
01f3ffe2
03420507
fe58fceb
fc86f7a2
026dff92
f6740247
fb7409bb
fd4dff10
00470410
06340533
ffc2f98b
01cb01eb
fbe2fc5a
08e8fe8c
065ffbba
f1f2fe7f
0326ffdf
0bc3fdef
006afda3
fd48f6fe
00200435
0302f939
00bdf8d9
ffa8084d
fe010835
fc770841
0471ff39
001e0527
fe9c065d
0602fe65
ff48f7a1
ff42f88d
ff6b035d
07a9fe6e
021205cb
004a0835
065cfd67
fa9afde9
022a01ee
f39e06eb
f96b00e7
08d7f997
f624fc20
f9ddff84
fbcfff1b
fb6e0162
fd37f9ec
fcb0f711
05a400a5
0407fe32
fdeefcb3
014b0282
0254fcd7
fd7ef597
076c0524
033c0bf3
fe4003da
040b0496
fd09055c
fa980375
f854f349
0025f7b1
00fc06c3
0359f813
0c5bff95
07da0260
07bbf86f
00b906ec
011201ff
fd7bfd91
f7dbfee4
fe6af873
fd8afe12
fb510542
fd0302ac
0031faf3
ff8dfd34
f75bfde1
fa05f85c
003403ae
fffe08a7
016802aa
0662054b
0477fd46
fbdcfa9d
ff7e080f
08c303f4
02a8012c
06bc0068
0600fc14
fcbc014d
02420285
058b059d
00ecfbed
f441fa72
f546fc38
010bf65e
096b037f
020104df
fb450394
0856fdb8
06b6fa75
fe84fe36
0551fb22
fe5f048e
f6affcd0
ffd50222
05e8fe12
fe05f5e5
fbf5057d
055bf6ff
0465ff35
0342fc91
04eb0358
fd7ff8ce
05e8028a
0638fb41
fabcfb23
f85aff42
ff35fd43
0428fca1
0524fe9a
06d007e0
0692faa0
0564014b
037302e3
fa5cfda0
f90003f2
0442fd0b
0cee017d
03aef941
fc8bfc95
00d8fa76
faaef991
fbd601a7
00d8f7db
fddafde9
ff71fcad
fca8fd8e
fe1002dd
fa14012f
fe66fc2a
08ccf9af
03130027
00e4053e
012304d6
0002fc63
f9b40743
fb210415
fee7f8fb
038701ea
0d8bfb67
05e7fde7
fff1028d
fc730309
fd2a03fc
0414002b
01b2fa77
00eaff12
035106ad
fe7803d6
fc76059d
fee0fde1
fc9afbbf
0109025d
05c7025b
ffd4fce6
ffadfbbc
05d80086
08b903af
07e907e7
010d01c3
044a0698
05d6ffcb
fedf032b
04dd097a
090bf5f8
fc49ffce
fb1afbd3
09befce4
0523092b
f8c0fbf0
02be0229
0961030f
fdcdfcc8
f870faa7
060801bc
070603f1
fd8e01c0
0805fca9
04f0fa4a
0584fe1f
082ffbb6
fcf705a2
0092003d
fd20fc58
fd9b01a9
0201fe48
ff8202fa
fe3cfacd
f4720165
f9ec064d
ffd90245
fc03fb78
fc2af99b
ff95ff80
0003fbaf
fc060a05
010b0296
03adfe37
04b5054e
fdd4fdd3
f8f002f7
f8def7aa
fc43f822
00b0fa23
f5e7f3c5
00a8feea
03f8032c
f9e00182
0100f866
fdd8fc7c
089301ad
0554f9cc
fb5c0473
fdce0995
ffa1fb4f
0615fca1
02630e5b
062d0e83
fd4b0131
f92b003c
03cd0202
fc0effa2
0044048b
fb8f0951
f85807d2
062cfd8f
0216f7d1
fe1afb7a
fe920049
03ce00c4
09ef0054
fc460180
fa30fe81
05f9fdbc
024afd12
030dfa2a
023fffca
f44305be
fa2d03e5
049a0217
fc2c009a
f9acfb97
fa73027d
f8d30547
f917052a
f73c0974
ff7bf842
046ef74d
03c00310
0190015e
fdadfb4c
fdaef74b
f7ab044b
02be0478
0ab9fdc1
fd100663
fd0a03ff
f742ffac
f9e10075
0005fe15
f6270050
fe5eff2e
037af6ab
004cfb06
00b60850
f606076a
fea4fcdf
089801cf
f9fb01ff
fe6bf9cc
07fafe0a
0010fe82
ff58f2fe
ff53f553
06d0fda8
0408f90e
f9ac0461
005d0125
018efdf7
06eb0517
092dfc4f
fd200040
05b8f9b4
0558021b
f9c5fe8d
fd39efed
f8bf091d
f6a8015d
f67bfed1
fcac07b1
033501bc
f354ff09
01800308
09090c72
fc5900b3
05f1025b
fd22fd12
0448fe8d
0a970d52
00b5f8d6
03cdfbfb
fe920c30
05230578
03c3ffaa
fd7405af
0347fe50
fed50028
018c07c0
0910f689
056a01d7
fab609d8
048df9fd
07bdff5f
fca2019f
fba400ff
00a901bb
02f5fe3d
f6c10550
fa4e085c
021c0171
f7de0154
ff67fe15
065dfe72
f37eff93
f309faba
01aefa05
feee008b
03491015
00a702bd
029ff726
07780322
fad8fd0a
02cdfad1
ffd9fe3b
fde8faf1
fdbf054a
f8690abc
02bfff80
fd4bfca9
fe00fbc7
fd94fa1e
ff7b02d0
0a730132
014eff06
ff990253
fd9601e4
fbb901ed
f57c07ec
fae4072b
06ccfdc9
fc53f168
0545f9ec
fefa0543
f879fdc0
085804d9
0125fce3
032ffd2d
04a00302
fdaaf8ec
05960187
0618fbd6
fab6fb79
f80dffc9
fefdfdc8
03bffd0a
0478fee8
06dc07e2
0693faf8
05cf011f
03b60261
fa43fdd5
f92504a0
0496fcd7
0d51013d
03f2f8d2
fce1fc23
0158fa41
fa5af9c4
fbb301a1
00dbf836
fe4cfe1b
ff8efcc3
fcc1fd7e
fe40026e
f9560118
fdb8fcbf
0775f8f8
02e400a0
fb1f0611
fe35fabd
fc86fe59
fe2b042d
ffecfb4a
f89302be
02e002b0
fe210662
ff5bfc5c
06880487
044b009e
0995fca7
ff7f0ba3
00c4ff29
062af5ab
014bf7ce
0039056b
0208fbca
0335f899
fd770432
ff9ffa12
f8b2009d
001100a9
015bfd7f
f6a7fc56
0654ff98
026d0092
faeffd63
093305e9
02c3fd34
f6c6fcb5
0225ffe0
06c6fd47
ffb8fe7c
00a201d9
fe3afefd
0259faff
fbb80245
f731faf7
fa39f8f5
f99301da
06a806b7
077f012b
05f2faa9
04d1fe3e
03a3fa9a
070e02f4
ff5b04d1
fd0bf9aa
fe7d00d5
009601f1
048ff945
02b4ff8b
fe620961
f8d6060c
fcda0498
063b004a
fe89f8dd
fcfcfab8
fbde068a
fe6bffb7
057ef36d
ff2b03bc
0f5cfe8f
038d0091
ef3f090d
fd9bfe9e
fcbbfc56
07c9f901
0717ffc5
fe14073b
0a320096
01acfc8d
f69b064b
023ffc8b
0c43f950
fff30ccf
f92ffce6
fad605fc
01811067
03eefe03
fdeb013e
00fb0013
fb47fea1
048efd0a
01da03e2
0192fd33
0a9cf2a8
f79201bb
faa6fb21
01c80317
fb4506a3
f8e2f8e5
fa7aff18
009f00f0
0a5a05c8
07affe26
fc23fbb6
029c031f
fa55fbc6
fc39fcae
0818f6e4
ff8bfe6f
07200718
03510148
fabe04c0
ff3e038b
022b0c7a
031206c8
04530002
030805eb
07f5018e
00b2080d
f18e01e7
0006fe0b
037608b5
fe9402eb
fd89fb6c
058cfca3
0b75fc91
f06dfa81
f32403b9
07790114
0840fc75
020904a3
f7f80023
fd25fa1b
fbc1fe11
fe3e04b1
0747ff6d
fd91032d
020f07bf
09a4f864
fd8af6f1
fec9fcdb
fc80026e
f4c2022d
fa52f925
002dfe90
ffd0fc4a
fc31f53f
0648f94d
03fafc4e
fdb6ff93
006b01e6
fdfcfbf2
fa09fc74
f20f0508
01400f97
fedb0897
f687fd4c
0845fdfb
02e3fa7b
0154f861
0094f74d
fa6ef736
0215f904
0599ffd0
fedb06df
f93f0025
023302d4
0055ffd4
fae200c3
00200810
fe31fad2
f9d0f8cf
fd0ef8ee
0061fd2e
004c0234
fa7afb39
f75efcdb
ff74fe8a
fe5307e0
f8bc0810
f8a9fb92
fb940081
0153084d
02aa0695
02fff9ee
004e0115
020d0805
06c5ff47
055e08ad
fa180769
f74103d6
fee10596
00ecfe03
04e70125
fbfbfb8f
fbd4facb
014900b4
f926011f
00be068d
01f60420
f9cc025d
fbfefcfc
04bef58b
fdba0450
026807b3
0887011f
fab009ed
030505b4
094204fb
052d04a9
fe0cfed1
f62e0633
01f002a4
083d040d
0836fda6
0411fd3d
fee9067e
0102fd60
016503ba
f9dbfd3b
fbc1f6eb
0183f8ee
fb7bf7e5
015a025d
01b5fcb9
fbf70450
ff3201e2
fc64f473
fa97070e
fa76090f
ff3ffb92
03770063
001fface
f776f8d4
f74f04f7
014ffb50
00f6fdd2
fc970367
fdf4fac8
009afc0c
0003fc13
fc3f0528
fc3e0401
04d0ffd2
028cfd71
f703fef1
04340459
0803f9e6
0440fca2
0db1fb13
09e1fd6f
04b901a8
078102ab
04600433
02c6005a
022d000f
0176011c
06060e70
0680fcfd
f954f968
f88d0340
0083f912
faa205b0
febefb26
fd2ffd99
ff110359
ffe6fb8a
f844029c
03820294
febf0614
0045fc87
06500489
043e0079
09b3fcdf
ff130c42
00ddfed9
0660f5bd
018af7ae
0005049f
0218fb4c
02c4f840
fdfa0498
fffcfa96
f9e20104
ff9d00f6
01a6fd18
f5e8fc8e
05e2ff74
01f000a9
fa95fce1
08880578
02acfd63
f6aafc9b
02f500ab
f92dff83
fdfdf9a5
00c102b8
066b0273
fad802d8
fefe054b
fd44037d
f91ffda3
0388f89e
03abfdb4
025004a7
fbd10503
0563067b
02a1086f
fefb0584
04e2fdb3
fb64fa61
0827f835
04e7fc3d
fd60ff84
ffb7fd1f
fa7202ee
faab0105
fe8303eb
0d8105db
06a2fef2
049d01da
008800ad
f5cbff7c
02aff80c
03cbfc81
02e9075f
04cb018c
07fafef4
00bdfba9
fe7e08a3
03c00b6e
01c1f79e
00d9fd2d
fd0e041a
0630fcd3
0406ff90
f87a02c2
fb3ffd4e
01f4f997
fa28f996
fa3802e1
100dfc63
057cfff0
fcce09df
0629fae0
087bfc36
09f6fae8
057c03be
019d09ef
0602f976
0c8f010d
fdbefe3c
06cf0528
09ec067b
fdc8fe75
0a8401b2
fbb8ff8a
0003030d
065bf98a
fbc6f763
ff9e0241
f76603a9
fe6d0034
f8e30239
f3cd0398
fe0dfcf4
0151ff6b
00d202a6
f90a022c
002e0392
fd6cff1f
f945f2ab
0940fab4
05930697
0293fedd
04d601bd
faa0fa5f
fe71fccd
0182fecb
0092f981
01d70718
f781fc23
f829fd94
ffcf0943
07c300b1
ff4f004f
f679fd1d
fc42fa55
fc28fcab
fe65fdb2
fc40fd1a
fc04fbda
fc9efe34
007b0057
00360206
fc810472
0a73011b
fddffa23
fa34063b
084a08d5
fe3cfe01
00a8032f
09d50811
0770fec2
05eefa58
06b701d5
fbcd006e
f8d401c3
fe380082
0064ff7d
04720443
02f30126
056a0285
fb0bfd1d
f84bfa33
f853080d
f8330aac
091a0813
01ca02ab
0165f435
fff5f871
fcdc05c6
00fcffa0
fe1ff818
0628fbe7
026c076f
fe050478
fa29f97f
fae50075
ffb1007b
f428fa70
f64ff777
fd72fbfa
fdeb0380
ff78fa64
f964f853
fbd903ce
027f01ef
fce8fe35
0393fdd6
0a53fb1d
fd440006
fb040313
ffa1fe68
fcf8fc41
f697057c
f8670983
f914ff4c
fe05fc4f
0563ff12
ff200362
0176031e
fd3400ab
fe7a02f6
0a17fd32
0880fbdf
04c5fcf0
0073fee5
fe6e094f
f9c80737
0555fb6b
08530798
00b904f4
03e1f8f8
fa99043a
00baff2d
013301a0
fe1f06ef
04a2f917
fc16fd0c
fdb803bf
fbfb065b
011dfec2
08b4fcd3
008c03a2
fa32fcb4
fbfd02cf
fe140485
f78b029b
06510576
05af040a
fd0d05db
0b7f02cd
0623fdfe
026e00d3
016d0834
fca705bb
fbd3f6dc
f45afe28
fc940322
0157ff7e
fdff04f7
011efa76
ff71f817
fde7fc99
00ccfad0
02030685
078dfdde
0392ffc5
f9220ba7
08f100bb
fef4fa60
f208fe8a
ff9502ca
fab305d4
fc42068e
02f1fa89
075df718
05f9008a
fd3c0171
00b0ff02
fe48fc4a
fd69fc78
0212fcd0
fdcbfe8a
fca1f9e1
01b9f91a
fe770120
fbf8084c
fb19047f
f279f607
f8a004af
0424ffe6
021ef4f1
00d40c26
fc54fce5
008cf844
03c70d17
fca20013
fab0f994
f5e60084
f9c7003f
040fff5a
fe66faef
08fbfcc2
0a710074
fa4f00a2
05980593
06c604de
00470432
00f7fd6b
0171006d
0862083a
00c3f791
fb92f93e
06effc4a
0213f6e4
f611fb7a
01a4f9ec
fe7e0210
f8d5ff66
fe15f932
00a8032f
062c021e
fc450391
fe9b0607
fddb03ce
f91efd3f
038cf87e
039bfde5
0262042e
fc9004a6
057105d1
02d60823
ff2b0603
050efd72
fb66fa0a
08bbf892
0557fca4
fd55ff5f
004afcd6
fae6020c
fa4c016c
ff5d044b
0dc6055c
0642fe65
04420128
00ad0024
f5ecff96
023cf7ee
035ffc0a
01e607d4
0b05061f
ffd808d7
f94003c2
ffca017a
fbe80477
013f05d8
0396fdc6
fc13f8d6
fd2101a5
024104ab
003f02fb
05a8fe73
fda7fed7
fd7400bc
fb99f7c1
f72101f4
fe28fd76
f6daf15f
fd3e0465
0758025f
0f8df794
0780fd8b
fb8b04e2
060cff06
00e9f57e
02b5fef0
0228fb4a
fd1bf83f
03bd03ef
07a30184
01a00465
faa9ff20
ff29f6ed
fce3fe0b
0484fd45
007a006e
fa3b02be
fd4efe50
fd03fc6c
07e1f8b9
048f0107
fd78ff2f
02d2fc9d
061e0583
05d3fce8
05f9f963
0149fad2
0468fe07
00e20252
f6ba0105
07b60734
0441fed0
feeffe1b
0680ff4f
fd8bfe27
02bf05d4
046dfe12
01120427
fce9054e
013effb2
ffe302ec
0456020a
07d60300
fec1fb4c
0590f787
0010fe20
0a3e09c6
030a0c21
f9650503
08f1feda
fc7bf8e7
0567fd9b
04d401fc
f6a407d9
ff6efdeb
0739f978
0c1dfec9
ff04f757
fff9fec7
0a4ff5f9
0434f614
fc1e02a1
faecf9bb
faa6fb29
f7c5000b
fe14086c
0673035b
0744fe9d
fd070112
fd5d00d7
043c0a74
0012ff78
fee2013e
fefd0d69
fe7601bb
00a70012
02db00f4
fb86f955
fe5ffb98
068d037e
f6c40131
fc570330
0758fd5c
fb41f5b0
feceffec
03e7fd4d
fdcfff30
0430ffdf
00c6ff35
f8d80923
fdf40040
fee0fe53
f9120421
f1b6fc9a
f4fefd3e
044104df
ffb4004e
f25ffe40
00caff3b
006bfda6
f570fee4
0535fc9a
fe41006c
fbfb03b0
0783fe4b
fdbdfdb9
f85000bd
fb0206b9
fe3003b0
f77f038c
01120599
008afd53
f90a0047
04cbfed5
ffad00f8
0202082c
fe080326
f866fe4f
fdf50305
fd2707df
030afca0
facdfbad
fa68fee7
00f7fae7
fcd5fe7f
ff450220
fc4501d7
0060ff80
04fe05af
00db0103
fe8cfb23
01f90202
0271fc8e
fc26ff84
001c0376
06bb055a
0770021e
0361f981
0ba7fbe1
0ed5014f
fc030207
fcfff624
fb95fd21
fa150223
03c9fc07
ffe6fddc
0265ff97
f6b206fb
ff3f019f
0f2500e2
010c0281
03c20286
ffb4ff44
fe05f995
065206c9
0289fea2
fceeff04
f50705f0
0027fe61
040501b7
fd74fd62
00de03a1
025bff05
fcf3fdc5
f6e6fd24
0b02f49e
06f0065a
f80ffc8b
02c8f98e
fa910917
ff17fed8
0385fda5
f6f0003e
0101fff3
033d01b2
f5fd07ef
f7ee03ba
01f0f9d5
fc420283
fc21f93d
fed7fc8a
fcea0aca
09bdfe89
06600406
fb09097a
fd09037a
fb1405a1
fb0d0303
fa300207
fd1a0018
09e6feb8
04a8fcd5
0041f906
0386fcc9
f7b3feb4
f69a02e7
028107bd
0053fc53
03bdfe1c
fc610641
f9a401be
0658fe4c
0209f797
0491fbbe
0091fbaa
fe90f505
fb690352
00e8017d
07d0053a
f74708a4
0175f5b0
fb2dff0f
f883fead
0582fac0
fc0af5ce
03eef4d4
030e0494
fb6afc87
f9a10077
03ab0a5a
04d800f0
fa6afe3b
0096ff6e
07440619
04b90155
f7d5fd41
03cefbf0
0249fffe
fd390877
0b5a02f1
0302034d
079b0703
f5b30598
f1100126
024a00e3
ffa103ef
0aeb060f
00640893
f8eb03eb
ff8b0168
fc77053b
016a057a
03bffe9c
fc0af871
fdb10198
027f04e9
00c703b4
0518fe05
fdb1ff89
fe300060
fc0af739
f75d021e
fe5afe3d
f6d6f202
fd7e04f6
078a01fe
0f45f762
07d3fd18
fb9b047f
05faffe3
01c8f5a6
0280fea5
0260fb32
fd90f831
03880470
083e01d0
00e6049c
faaaff86
0826fb20
02b0f1a5
fae90248
fa4f0357
fa04fd5b
0091fdaa
fa6a0043
f698fc14
01c6ff26
05c80505
0500f6eb
0977fbb3
03510225
fa83fc9e
0178ff05
0331faeb
fdeb01ed
ff6907bd
f9fdfe25
ff14044d
0c57ff31
008ff7bb
f8fafd8b
060ef39e
0b7b001a
03060abe
03bdff38
05030135
fc6904de
f8d70386
fc13f937
002bfa7c
ffd7011f
03b20779
0413002e
0484f550
fd6c0409
f7e301ad
08dcfc2e
02e4fd04
fb29f9ce
01c3fcbf
087501df
ff6b05c8
fae9fb63
0904fcd0
fc3b011a
047ff81a
0492fdf6
f84efd99
0b35ffb6
028807fb
02e90533
03390055
fb99fd7f
07ee039f
053e0347
fca6fa65
ff5efe9d
05b8fe65
fdfd030f
fcf8febf
ffc6fd9f
015406b2
03fdfcec
0142ff41
04befeac
ff9bfc07
0239feda
00c7fabd
f7fa0128
032ef88b
09fff8f0
04d8ff57
fc65fa62
fa1efe1d
01f80512
00520318
0282fac1
0e73fed3
0593ffac
f5230685
f6bd097c
fea204a1
026e015e
0006fd65
fff00521
029dfa9c
043afc49
026805ef
fdcb00f0
02d9f856
01a1f42b
fb87049c
0aba0335
0957030a
faf50053
0163fcfb
fdb50797
f7f402bf
f772fced
f944fde7
ff27038a
fb23fa6e
fb81ffb4
f8cf0498
00effdfb
0a12071f
010c06ed
fe060157
fca8f6ad
fd3e00e6
fcd90191
0201f1f6
068afc7a
011a0349
fdc9092c
0234fc76
03e5fc52
f87bfbfb
f938ff0d
fb5e0953
f837f66b
f3fffd2b
f7e30697
0291064a
006405d2
0246fcf6
fea8fdfb
0066fdec
01c9fbc8
fe5af972
03bf0025
fce50225
fb56fde3
0584f9f9
02ac03ac
fdeb0aa1
109c01f2
05cd071b
fea90700
05de0039
eebcfbfe
ff95fdde
03c6fd28
f8c9fa5e
0757fead
0180ff3f
04880c62
f7250964
f70e0014
f9cb0004
f064019c
ff330c13
fe10005e
026e00f4
fead0449
f2ff01bf
02a90370
0485fb8b
fe3c00a4
01c10538
038403ae
ff0401ab
ff530427
046e013b
fdb8fd61
fabeff99
02200a1e
02040cb6
fd01fad3
fd240257
0981fde1
0a2af99f
fee90ca0
fb85fe34
fb6bfa73
03dffd68
01c0f926
fe0bf615
000bf4f1
fd88f9a4
f855f9b0
fd0e01a4
0521fc7c
f703fea9
015003db
013cfcf9
f8ae0173
09f7fd69
00d600d2
fefcfcdd
fa30fa9f
faa503ac
fd95fe0f
0026fc96
0a710059
faf60327
05aaff3a
0263ff28
fa7a00dc
0559f9d1
fd99fc8d
060aff89
007cff99
fddffb25
02c0fe48
f7dd003a
f7ebf6fc
02c403e1
09cd05df
06160167
fcdc06f3
fcbbfdb0
054efa3c
fdf100a0
011d039c
04150062
fcb9fd01
040cf597
0209ffb3
01c2058d
fdb2fe2d
f38e08c5
f8eefc2f
047d0025
00b50d3b
f6eefc89
f7dd0228
fde3fd5f
08b6fd83
0468040b
02b7f320
009af97f
fd1203e8
01f7fe07
fa3d038d
fef206d7
059a02a1
05000635
03380416
ffd7ff45
00120695
fccf05d5
03220108
fe690750
fc7705a8
02420421
00c10991
fe37001f
fefb00a0
fdb40139
f6cf04c1
088b0940
04f1fb5f
f7bb023d
07e1fba1
0235f0d0
faaf02f6
fa00032c
fa20fe30
0099fd35
fa320045
f6befc3c
01c3ff76
05b40467
04c3f69e
09d0faf0
03d401cc
fb8efcf2
0125fe46
0360fbd4
fd9b01e8
fefa07d3
f9d6fe5a
ff69053b
0c14ffd5
0074f833
f92bfd32
0639f378
0bf700bc
03750ad8
0339ff4e
056200ed
fbbb054f
f8c30377
fb5ef916
fee4f9bf
ff700865
0211022e
06bc0596
04aefb79
035dfe3d
00a5035a
fec6fdb2
020d0090
02ee0318
00e4fe0c
03fbf651
fe2dfd17
0544000c
0050f9d8
f8c3fd61
07e1fc66
fe61ffa4
043401a2
078e030d
fe8d03bc
fa6efa7b
059205a7
127506c4
016efb9f
ff24fdcc
f873fd1e
fd8a042f
0749fe58
fe78fb60
0b3ffe67
ff30fd25
f7d403a3
038001d9
00f5ff51
ffe6fef5
0157fcf0
0582fa92
0d49f8cc
0d1504ba
00a90189
04e2faac
08e0074c
04440a3c
fffcfd1f
021df822
0237fa7e
f96201c8
fdedfc56
fcd6f0f5
0029fb76
07d302cd
0472037f
fc04ff02
fbae0114
01fa04f5
01eafa7d
0af200c5
0040ffa9
f90cf86a
fd150a74
f17b0977
f43a0194
fbec0751
0493faef
fb63f5af
f6c8fc7e
0129f92d
fe170107
05a8fd4b
0356fd98
fff003d2
ff7bfff6
ffef064a
0339030e
0430fde7
fa8bf562
faa5fd42
0e9c0775
fd59fbc6
fdbd069d
08eb0171
faa302a2
063e0c34
0296f948
fe2afb76
ff9a0176
fc05ff96
0715fcb0
fcdcfe9a
f9a6051f
050bfe4c
febffae9
fad8fc2f
fc4f00d6
fd6f003e
fda8f7b9
f685fa70
fb0bfd5d
03a0fa85
fe72feca
038802fd
03b201ab
0795025e
0b22fee4
f9effee4
069e0040
09fc00e7
0103fe58
039501f3
fea40265
0699fbf8
0663fb89
0197fd81
fa30034e
f94b004c
00f002d5
fee807a2
0845ff84
01570547
0385074d
059e0a49
f39f0221
fe29fc7c
03fb03ac
039efd51
fefe045d
01cbfe10
0653fc41
fa2b051d
f8e3031a
f8fa0269
fdfff81f
f70bfafd
f904fab8
01be0652
fc980820
f9eff9b9
faf804cd
020c06aa
f62d03c3
02a4fa8f
0b1efab3
fac9fda6
f8a3fdd7
f3b808ac
fc85fa5f
fca4fdd2
070a0640
0719fd5d
00a0fef1
051506ca
f90d0799
fad6f92e
f80d0180
00520226
04f0000c
017d015c
02e6f7fb
f6fb0641
0403053c
fc2effd8
f64b05a6
fe2f036b
fddb028b
02edfeb1
ffdafb59
01fcfcd4
f8890171
fd4f00ee
089704d3
02700295
fd9f027d
ff6704bd
05d4f8b3
00b7043f
054f0647
ff0efa22
fc1e0157
0970fabb
0156f5f7
013cfbbb
fdb3ff13
fb21fe21
043ffb9b
fcab03f2
f9ed00f7
0496fa01
016bf88c
fe09f55a
04f3fec7
040b044e
f669fe19
f813fcda
072d0121
fe6b045c
f73c049f
f6fa074b
fd300310
08e7feed
0502ff81
01650151
f9b602de
ffbff75d
0039f941
f8fb001f
0829fc98
0773ffed
fa4c01b1
fc670541
039bff71
ffb0fd69
fb8f0297
02000034
03fb0438
fe8c0028
fd77ffba
07a9f9ff
00e2f9ce
f9cd07a1
f96cfab9
fcc6025a
02410ae4
0239fca7
00f50079
fb4a0298
fde9ff02
011d01e1
01cc00e8
fce406be
026ffb77
062bf2b5
f9a001ae
069afa87
02170361
fb1f0d8b
04cdf9ca
f98a0276
ffd1fc71
0521fd51
fa1f0783
016cf92c
08b10034
fe2cfbb5
f938fa47
f99b0161
f55400f8
fa92020a
018ffdd3
02730167
fd0a0264
fae1050f
011400ca
05bf01f7
fd11095f
f6dc0023
ffff0700
ff270849
022c0241
062b0538
050dfbb8
032ffe4a
00b40368
fe99fe8d
02180012
0308035b
005bfdd3
0424f742
fe4efd6a
0576008f
0060f9e2
f8b2fd8a
085afcd7
fef5ffa8
046d0147
07d60329
fdbc0407
f9fefaa9
051e05cf
129006b8
01c8fba1
fea5fdd8
f88cfe09
fd8a0410
0777fe9e
fe11fb0f
0a7bfe57
fea1fd39
f78b0424
fef0f824
018ff422
0d77ffb9
fe470484
f7770082
027d014e
fe32fa04
0608f9d8
01e1fb2b
0130faa2
05d2fdfd
fb1df73b
fb05fd11
fcd30615
fc9407ff
0042010f
0663f95f
0107ff24
fddb0605
035b065d
fdb4f690
fc07fc55
fc2b04aa
03f7fed1
064f01da
00eefede
ff29099f
fb920496
05c7fd7c
07a0ffd8
012cfab4
013f05d1
06d2fd79
04e6f84c
0276fbe8
06a6fdf2
031cfff2
0254fb10
f9a205ea
fe4903b5
032b0a84
f2f20468
0108f492
fee501d2
fe8cfd8b
04fd02bc
f53908bf
04610133
05e0fb21
f7eafb81
01d301e7
043b02a0
00360a26
03c6fd0a
fd4efcfd
fa7f053f
04480057
f8f00a8c
fe730238
0c21faeb
01bb027f
ffd9f89f
0582fa3d
fdb700bf
f980fe5c
01420245
f89eff61
fce1ffba
08f6063e
fac303da
fec4ff66
0764f8eb
06cbfd81
fd1a0129
fa6cfb02
01d0fa11
fa73fb31
00b4063b
016601a3
f4c5fd38
016004c6
02c6ff56
fd11008a
055500d5
0bbbff85
039b02f7
f4810334
040800ed
0fc60320
fda40ac5
0547016d
0a08f73e
fca7fbe0
f853fd30
f99b0660
047700ab
fdc1f756
f7db07dc
ff8300ba
f8ebffc7
fdfe0096
063ff5a5
fdd4f7b2
fbc0fcfd
fdfb0926
fef3fbd5
ffdbfa56
fe780791
fea0fe98
041004aa
030a0296
05000584
004907e4
f990ff06
01fcfe13
f9990146
f61600b7
0086fb64
fda20851
0c05fb82
0311f017
f7c0fe78
063402c3
f654025e
f910ff52
05af0602
08aafc31
074dfbbf
f48e0298
01ba01be
041f05fe
fa93f43e
02bcfc7f
031105dd
0333f99b
0555f919
094dfc7d
fdeb0504
fe5f08e1
03b3fc6f
ff67fc4a
06c004d1
ffa8fcf1
f6f3fea3
f65300a8
00800078
03f002db
f452f9dd
faf001f5
00cdf9e2
f79cf410
fdfb0226
ff6aff2e
ff3302f8
02030978
019a01c2
044a0049
00d90ba5
fac30359
f7c2ff67
00480518
03ccfde8
f9cefd63
063ffe58
005f007e
fd1aff43
01e800ae
f6c8fe62
01b80006
fe5b000d
fa8efb90
01980599
fda8f8f9
0108f961
04240832
06d6fdb0
ff25fe7d
fe2a04e4
fe900aed
041d026c
074efa93
f6b103f8
0084fec0
07c4f9f8
f9dbfef3
fa51feb5
05b5003a
06c1fea7
024b0292
ffc104be
f7d1fe6b
fac4094a
fc4301e5
ffeffaf1
ff270490
fff2ffec
00cffb11
f351f80f
f9e604f1
f5450558
fb110456
09d50041
fbc0f6ee
fc19050e
fbd9f984
0833fcc2
098a0344
facbfbac
019803ff
fa000217
fb6607bd
00c2fe48
fdc7fc2f
065e08d1
ff5b0843
f90d04e6
088cffcd
0773052d
ff2c0549
01100a05
f9890289
f8e8fb62
fe74ff4e
fe35f94b
f6ff04c5
f883054c
05710008
fe0802a7
fafb0586
f8cefe80
f529fad3
fe030549
fab0fa96
0250fd36
04ef03f1
f899ff5c
ffe10808
036b0e4f
ff49070b
027cf482
062cf302
07b8fc8b
047efbd4
00f9f84e
00e7fa21
0279ff7b
02f1fe9e
00e6fd57
0a2dfc04
0767ff94
ffaaffe4
0cee002a
0753ff3e
0094f7f8
0472fe0d
02d90281
ff5df8b3
01b8f480
0d21000d
feb60478
f7410088
02ec00c5
fe41f9ae
05a7f9eb
01dafb13
006bfa23
05b9fde0
fb74f729
fafffd69
fd7105c1
fc5f077f
000e0128
05c0f9b3
00c5febb
fddb04e7
037f066e
fe10f67b
fb76fc70
fc5a04d8
0392feca
061c02aa
0068ff2f
ff870a2b
fc100465
0581fd1a
08adff92
0136faf9
01dd05ff
fea70567
fbe80648
ff8300e8
089af88a
f3da011f
032c02c9
04fbfb12
f8000254
016bf765
fa17ff22
fddc03ce
031000ea
030705b3
ff16fa8f
f7b7044c
fd3300e7
ffa7fbf9
04da052f
ff89f63f
f898fc19
029909dd
0877fe06
07dcfa95
041e0143
015a03e2
fcaa06e8
fc87fd88
fc6ffe76
fe8d043e
09b3028b
038b0497
08d3004b
025302f5
f2e40185
06e1ff15
ffb0023b
f7b30086
040f0360
fca3fc6d
fdfaf950
0b95081c
03e30c1a
f7bc026d
00e8feb0
004cfa9b
0015fc4a
01aaff6f
fac8000d
062003a8
078ff775
048af962
06e50136
ff56fc89
fbfbf513
00b9f36d
fe4602af
02ac0327
027100b5
fe25fc03
0940fb1c
fc69044d
fea7fe9c
0da9ff61
02d0fddb
062600ba
febd045b
f730fdde
fec60160
01690376
f9ff04d2
fec60659
05b2ffb8
ffc5f97f
03d20134
008f0949
01c50698
ffe2fbcc
fadcf7a1
04ad007d
0691fdf3
0bc70244
055e01cb
0043fa7a
04140227
fca90353
ff44fb8e
05b1f9d9
01b2ff1e
f9e3fb20
0032faee
08060322
fa3e051f
fb5a0466
06eef957
0758f695
08f7f672
f97dfa42
f99700c6
075e0508
fd7d072e
fc96fc35
fe57fe51
f631fdfe
031aff17
03bc0a93
fe6508fc
02ed04c9
fd8bfb59
019bf9c7
004e0331
fb07fdbe
ffb7f6d5
fbde01f2
0009076f
00b7fe36
07a7fdf9
0d5d06d1
f8db0747
0481023b
08fd0256
f2b4fdad
f961ff6a
f95e03ab
f45201a0
ff610672
01cd01f3
0044f9d8
ffbbfd3d
f79d0562
f7c604bb
fca8053f
037a0a28
07f2fe86
fdc3f993
017af9c7
093ef80b
ffd703f9
f92dfe49
fbf7f6fb
fd640463
f4cc04ff
ff7f055c
0a74ffa8
fa26f34d
fae8ffdd
fc050ad7
f2b20162
f95bfa2a
ff23fcdc
fcad0221
fe7600dd
01a406b1
01300331
fe86fb12
01ebfb27
fe74f801
00c1fba1
02f202fc
f9780108
02ddf9b8
fab9f8b7
fee100da
0aeffbe0
010d0049
02b40621
f87afc97
fd10ffca
fbe3ffc1
f82a0035
040c0432
00a301c1
ff6e08b8
f9120375
fba1079b
fce809fb
fc7efcc2
ffd50671
fcc103da
0043fc5b
ff520927
033e03a9
051af5f5
0601001a
fa3e0754
f9bc02d2
fe94fe1f
f81cf5a9
fbc50352
fc200345
06b3f683
fed0fdae
02eb00e3
08fa0431
fbb8fb66
07a6fdcd
fc0d05ba
fbbafe02
017c02cc
080efee6
05ee00a9
f4f20319
090cfdd7
fc69015f
fe9afc5c
0794fd4a
015a035b
03b5fe28
f5fdf7ee
01ce01f3
05cc06ee
004cff01
01f1042d
fcbf056a
03fb04ae
02c3008f
0067fb7d
01a90233
07e0fb8b
02bc0060
fb040688
fd41f9b6
fcf3fc4f
fd94fe2f
0304f9ca
feaafb0a
056f05f0
0cb610de
fe09059c
0586fdcb
fceefbf9
f282057a
029606f6
0105f7d1
034ef4cd
fefeedf4
06caf692
0197039e
fc4ffec3
07d60036
ff6f0443
04fdfd83
fd87fc6a
fd5b0663
fcd20257
f640fbb4
00d4fe39
ff4e0191
02c1fdaa
fda602e6
fd9700e9
0081f5d6
002e0757
fef9031c
fc93f6cf
061f0030
fc42ffed
fdf50658
fc250655
fed1002c
08faf829
f3f10132
039302f6
04c2faab
f8080243
019ef7a0
fa2fff56
fe2103cd
03870180
033e061b
fea8fa6f
f8370446
fda900c4
ffe0fb8f
054404b9
ff97f5d8
f8a5fc2e
02e00990
0779fd2f
078ffa8e
048500ed
01bd03c1
fc10063c
fbddfd1a
fca3fe64
fe8f0406
09f302ba
03310433
0946002f
020c00a6
09d0fbf3
09b6ffd1
066a00d5
01effe12
f80d01ae
f9230017
fee0fe0f
ff69f81b
ffc6fad7
fd09f8f2
03dafcaf
0856fdd1
ffbefe85
037210c3
048a0b10
0275fe7e
02b9f9f3
03a2fd9a
01c103c2
fd2afd83
fad60272
f6fe079b
04b601b1
0fb8019c
09950891
038a001a
fe20f5cb
029afbb0
09010206
06d50362
fd800499
06c30288
0428fa7c
02640292
07300b73
fbdffb7d
0a1afeb4
ff7e0a96
fb03f9b6
078df33b
fe98fdc8
00c4f977
fc7affd0
068dff9e
09b1f522
0321fe43
02a90194
071800ea
058a01bc
f8bdff1e
fdab0024
f58afe66
f9e2fe2a
ff58fdd4
007900b2
02a30793
f863012d
080df3a6
ff24fe2d
f9ee0353
fdb2ff0f
fade043e
0096ffba
000c0210
04f302fe
fd24fbe9
017e02a2
fb78ff64
f7ebfc82
081d0059
f8c80025
fdf10278
012c03b3
fde4fd48
fe97fd6c
fe9f0055
fd9ff7f4
faed023a
07460609
fd28fc5e
fd07fc68
01b3fa01
fbbbfecb
0022f556
035ef852
0317084a
fa12fd0b
02ef0380
fd120677
f6ec03d0
025602e5
fdf3ff46
058d08bf
05ae00a1
068cfe58
fee0fafd
f2090269
01c50464
00d5f67e
01b00334
05fdfb35
02c4fed1
0b540445
0075fcb7
fe0308c1
fe2b0349
f4640319
01dd0281
0687fc90
01a7006d
02d605e5
fbdc02c1
fda5fcb1
0013fa43
00edfb2a
0323015c
f813fe4c
fb5900e7
019c04ac
f597fcb5
f973ff3a
ff4b0652
fa72041e
0779fe50
0964037d
02fcfc87
fc03fb35
f9180295
0aa1022f
11d3fcfc
016cf978
fa35fcb5
f969f9cc
f9e306da
005708ad
fca3000d
fb890116
0439f94f
03d00475
fcb80335
fdb4f896
0a820043
02e008e3
f90005c5
0374023b
05c60364
039cfc72
0196f86a
06230203
03f509c0
fc6bfb9b
ff70feaf
001305ce
011ff6d5
034ffe19
fc36fecc
f9e7019f
03b7fa62
f893fbdf
f26b0631
fd8afbf1
fad40961
fe3e0207
01d8fddb
f7e70589
f961061c
060b03c5
fa720071
fb76047b
03c1f8c4
eee6fc97
f64ef9c9
fe9df78b
028d0878
0b3703a7
fff6ff67
01c8ff4e
ffcf00ae
02f70030
085cfcf8
03b9fce7
0358031a
0065feee
01e6fc49
f94c0269
fb5afac1
0160067b
fa5c0417
0249f944
0532020f
fc2e05e5
03ce082a
064902b3
fb2407ee
fca0090f
ff1b0343
01e0f992
022afad4
fdd603d1
fbc6fa50
fb0bf6a6
040efa58
fc33ff26
f9dafd80
024eff2c
ff96f988
07a2fc64
fde90710
f82504ef
0094080e
fe41fdfd
025502c9
fe910106
f88efb29
fae90797
fe1ffd86
002e0239
01be02f7
016705a0
faa10538
fdc203ae
ff7208b7
01fcfabc
04ebf7d7
fc7df467
fcc201bd
ff4d0234
fecbfc62
f84c0480
fae1f96e
0c8c0479
ff4000e8
f853fea0
0082fec0
ffe9f40f
ffb4031f
0170fd8d
001600c0
f4bb0df0
05610315
0950fd2e
fe13fbd6
046bfad6
fb15fd71
096f01f1
060b012e
f51ef917
03beffe3
01da0299
fa5efcdf
f86902b4
fc2eff51
01cfff0a
023601d0
0313fdd4
025400bd
099bfb47
09bbffa4
05930045
01aefdf4
f7e3018e
f9b200d7
fe3ffdea
fef6f7a5
feddfb8f
fc8cf93c
044dfd4f
08a1fe34
0088feed
033e10fb
04280b04
0255febc
0316fa2f
0325fd02
02130329
fc59fd2e
fab4032c
f6c807e1
04b00152
0f9d0205
0995080c
042d0008
feeef66c
028ffb4b
096a01bf
065903a0
fd690477
040cfc47
0954fdae
0785fc47
fc92fa9a
fe850205
03bf01ad
019d07ec
fd64095d
08660345
051f049f
027901cc
0460fc33
f6a0015e
00a3055f
00f404ff
f8a5013a
03c5f973
0f230577
071f06b0
fbd4fae7
0012fe66
ff16036a
fe470541
036dfcc6
0150fdf3
fdbcffcb
fe0afd4d
ff6f08f1
0753086d
006bfe1b
f80afc2b
023a04e7
09c00575
056802bb
f8eefee2
ff08fa43
018f01b6
fc44018e
03420412
030afe22
0678f26e
fe81f20c
fa7afb09
fcbb049d
fb3afce8
012202a1
02c0fecc
028bf8a2
fb26fc65
fda304b4
fb8c0d6b
f5fef349
0324f67d
03d8ff9f
043efad2
02490391
04c8fced
037b049e
f7c00234
fedd00f1
07cbffe7
fc58fb8e
f7450bbf
055c00f7
011efdf9
041504e7
0f3aff0a
006003fa
fa66fca1
02d6f7d8
fd3501f1
fe92f9d6
061bf45c
f7130810
feb00373
0824f9e7
fe7b04b2
057d01d2
06fb0146
0591034e
fdc4ff0c
fcea029f
03fbff2c
001cf504
005ffe79
fae40b28
fef0ff6e
03ddfa82
0627fdf2
fd2dff3e
fe2c068a
04f209d0
f7460496
036af555
04f8f249
020cfa59
035ef4ef
f814fd38
ffa6091d
fd950778
fda005db
03cc0190
013c03bf
064e036d
f602004c
eeca0112
00e8fc68
ff42faac
fdf0f77a
05dffafb
0156fb40
feebf839
fe5a085d
01f201f4
0070f5dd
ff79fe5d
0332fb83
01bb023a
073403e9
062efce2
06740101
0055fe8b
fa030294
0548027b
fb97021a
01bb04e3
0501feca
f8950489
fc36fe3c
017df557
02b0fe3e
fd3606b9
08740cf0
04c603ba
f77e05eb
00890a69
f5e0ff97
f9fb0276
024705aa
fe50ff69
0245fb0c
fa340505
fd8a0b22
f8e6fd4b
f6bffb8e
fc820789
f7f106b3
015c06e6
01a60612
024b0064
09f205bb
00a6fdcc
fe4ff7ba
0b0f0165
000ef864
f6e1f6f3
003cf810
fc39f73b
02e80057
fe97f811
fa19f834
01d1041c
fe690105
0462f910
fa800432
f45e0c83
01ba05b1
024b089d
fe810802
f77dff8c
fd96fb0b
0267025a
fd9cff45
f227f821
fa7eff90
ff83fce0
f70dfdb1
fd38fa34
fc06fa42
08050832
0a7a0063
f82804be
00d90708
0354ff82
fd5905e2
0328fdc6
fe3001f5
f9330618
ff590098
fe5b0685
057e01bd
0b2702a6
011b04ec
f92e028e
faacffab
ff66f8af
fc52fd95
ff69fb50
03a2fbdc
04f60668
00d303ef
fcfaff33
fb6800a9
fe5902b1
09b4fdd0
ff75fdaa
ffd203d4
fee6043b
faedf713
01d3ff65
f6a908d3
fbfaf56c
fee20311
032e0390
06bdfac7
ffee029e
08caf8a6
fd0801a6
fb410233
ff060186
02b00067
0340f936
f5650325
fe95fa40
058ffef4
039201b4
fda3f9d6
faeb03bd
020ffd4e
0837ffc1
050d0276
fe6ffd3b
00490202
ff57fd0f
0141f92b
fa5c0135
069404f0
0406f9bc
fc1eff59
059bfed6
f9f8f4d6
fe60037e
ffeaffce
04de0000
037a0a6a
f832fde6
032dfa64
fb98fee6
0222021b
02d4022e
f8e4fc76
fd0af870
ffecf9e1
02270014
fa05034a
fe84026e
0457fcae
09e6fcba
0767fc19
fbb7fa96
fe8a01a2
030b01ff
01c50771
fdbe0955
07ee034c
0535047a
029201d2
0413fbee
f6550177
011504d0
018404bb
f81f019e
040af9b9
0ea304d6
06990647
fbb2fbb7
000bfe84
ffe803ae
fe41050e
031ffd10
0169fe23
fe23ff9e
fdd0fcce
002908f8
0761085a
00b5fed9
f77dfc4d
02ea0540
fddeef32
fc0400dd
0648fb68
03adfc89
fd0901f5
00e6fd07
ffb200dc
fd1a0096
05790bf3
00d705a7
fb93fbd9
fe66fc2d
fd8d01c1
fd700395
fbed0345
fad10a89
f901048e
0a8ffd2d
0f460292
fd6e0764
fee30342
0894fa72
0793fcfa
049a0105
019ef856
fdd7fe14
01f900c7
0190f8ca
028502dc
0479fb39
0295f528
0616f8a3
0415f504
fc77fc15
010cfad4
0afafd1b
041dfbaf
fe84014a
fee0020c
0241f6d9
0ac2fea4
048bf7d4
01a2019a
fdb80c41
015cfd6c
05ae068c
f6f40194
002ef196
03d8f871
f8e4035b
00150cd6
014bfc7f
f4ddf8d9
fefc027e
07ddffca
fde90501
ff7ff6ff
fa7cf491
027201e7
048bfead
f8f80525
049903c9
fcf3060c
ff9d04e8
03b9f92d
fd2dffd5
074b022b
03acfede
fc5006af
fae90130
ff83fcc6
04e0047f
ffe8fa2a
fb9d01a7
fc15056b
fc7bfc68
00aaffd9
0440f693
02410598
03cd0b07
fd9efb70
f9c5ffcc
081303a8
050b00f5
f4c3ff58
fd28056f
086c084c
011f0592
03fbfab9
ffb70209
f90a0456
03abfebe
02ba017f
fefafcb8
fc5e07a9
00c50105
0260fc02
fddeff9d
0202fee8
ffbe0648
0113007c
fd44024d
01d7f841
0848fe7c
fad50611
0446f85e
07c3ff34
04c2fd07
05c003ec
ff60fbe8
0730fb9c
fcbe0aec
f20606e9
ff53036b
fe04fae1
f7c900dd
fc0dfd4d
fffbfbcc
fde10758
001cfef5
00c7fe7a
f9b4fdd6
fbc100e2
00e0035c
fd0dfaa5
0032fb2d
033a04b2
041e032c
036502fe
fad6054a
f7b5f9e0
f9e4fa35
fed2056d
fc40024a
fe5400da
099b0187
fd2bfc02
f9a60289
fdc002c9
01ccf99e
0899facf
0313ffdf
050affc3
02eafcfb
feef0475
ff58fcba
f5a5fad6
00d80459
0759f83a
fb21fb98
ffa7fea9
00fb0420
f73100e6
ffd0fbb1
05fe0693
0186ff28
fffc02f7
0136009f
0073fc92
fb61fa68
f87efc8d
f784095b
fc3df9bc
ff35fcd6
ff24037e
fcb9fac4
ff8cff71
0aca02ba
0299fcf9
017ef9b8
0951fb06
fe0600f7
fef407ce
023dfc79
f6c1fb83
f09f031e
fb98fcd4
02c60793
ff640515
039af4da
01940470
00e80b48
0531fdae
fd400429
f77f0945
ff280490
052107bb
02e90274
0403fcbb
05caf89a
ff63ffcf
facb0c22
fd900586
fb51fc21
fd5e03ef
03700418
fa99f886
f9e700be
07e608df
027b02c7
f9ddfa9a
06caf790
fb69009d
f51505ec
fd2602cb
f84d0464
026dfee5
00d6fed1
fe1604f2
0421fd91
ff8dffd3
002901ff
07f4fe3f
010df9aa
f6eff603
0251049a
fe88f70c
fc04f4fa
02ae0884
f7f6fd90
f904fd9d
fcf80585
05f40807
ff55024d
ff35032f
042806f9
f93c056a
ff960065
01740014
04440054
01c3f89c
fedbff88
026bf51e
067efe55
04420212
f758f4c2
057407c8
02ec0188
ffb3048d
041706a2
ff8e02c4
077506c4
f905016a
fb0e0ac7
00e3fd34
ff7cfcfe
02bb03d5
ff27fd10
06710107
010c0639
03ec012c
fdcef545
f648feda
012bf6cf
fe840059
023701aa
fd4def3e
fbec00c3
0649fb49
03a1fce3
fcaf019a
0109fcda
ff4f0155
fd2d00bd
05820b83
00080635
fc02fbb8
fde8fc49
fe29016a
fdbb03be
fc3502d6
fadc09b0
f8d20460
0a88fd19
0ef90262
fd35074b
ff38031d
0864fa8e
0718fc93
04e50148
01eaf870
fe5cfde5
01da0107
01aaf84b
03100324
0476fb60
0204f577
069cf7e6
fc14fdbe
fed10019
0945005a
fee7fed9
07710252
09b5016c
03a505ae
04ffffbd
0499f375
fec9009e
fb310046
fb15f47f
ff440362
069f0290
022ffc63
069a0d6e
0f5301dc
06f8ffd7
04a6fe67
0a55f7df
01740443
feb8fae5
0766fde8
f9d9012e
022ffa5e
0f4cfc3a
fd00f9f2
fc48fff6
0220fcd4
0041f8d3
ff18ff64
f5f00526
068efea6
0cf500db
fdef0901
08530352
ff4d068a
fcfefb54
05faf768
01ea000e
0673fdbe
fc610321
013e0318
fb080194
f8c501eb
067507ed
fb60057b
0052fafd
f89efeba
fd52040c
0af500ca
0104fe89
0162fd88
f8b6f789
f9f8faa5
fbb8fcff
00220485
0325073c
017efab4
06d900ca
fca5fe6c
03b10442
056a088b
0507f6ec
0291f683
f269f829
fd65fc7c
022a0191
0390048f
fd6d0173
fb5efc9d
05b10276
fb88fe4f
fb5a012f
fbfe03ee
0032fb96
057cfc44
fc2f0267
0110015c
044cf8f6
fec80173
f72e0b27
fde60462
fceb0120
f4ff05a7
010201b2
02d3fac7
06a4fafe
00abfc9d
ff4afc3b
033b0172
fa190082
024dfce0
fbbf02b3
f8c5fe46
02f6fc79
fc0b063b
fc0d0649
034903de
00120049
f4c1f96f
043cf7d6
08c00465
02770105
07aff2f4
044f02d8
042906e2
06c2047b
0eeb033b
fee4f92a
fb0e049b
0333fbf6
f7a4f9d7
05700529
fefbfe5d
f786fec9
fa2d00fd
fb4d0926
076ffe73
fda3f915
ff79feda
0191fd2b
001407bd
01c9f729
ff32f6d3
fe6e07fd
0260012a
06ea0774
f8090576
0054fbaa
092ef9c2
fe2900b9
fad505a7
f76af8ce
0176f64e
057b03d6
fc3805bc
fecb0030
069a006c
fe640049
f72f0784
02a308a3
fb9700e1
f8eb0406
fcb40234
01670194
0213ff08
00dffdc6
020b02a6
f73bfe0a
03ff026e
0aa404af
f91bfa71
f98b0171
fa87023d
f8effbe1
0965faa8
0c95f404
fb2501fc
ff6c01bc
fde5fc41
fb1307c6
042f056a
001008a4
011efb4c
fc0bf9b0
fe20fe60
0373f554
f97202c4
fd3b01d3
ffdf0118
03df0119
02bdffdf
faf000c9
0299fbeb
fcc006d1
fe0403e2
0183ffad
f52302c0
0267045d
069209c0
fa040adf
0257feed
00fcf34c
0047fcbb
02c5fbe5
fde501bd
02fb063e
fc28fea1
fda0fc64
058d001f
fd560614
fcaefdc3
fe1a035e
002d02dc
0215004b
0573031f
047dffde
fc1906ac
0007027c
f9e504bd
faebfde1
01f70221
fdb0031f
082ff5bf
fc5703fe
f0fafd9d
faa3f71e
fbfafb63
fd50f9ce
0342fd32
0479f834
fcc7fb30
01930571
01c7ff4b
f93cf591
fff4fb7c
0a13f976
0a0b02ce
00050827
fdbe0259
f89504cb
f9cdfcde
ff64067b
fad403b7
02230188
002405c3
fb8efba2
fc32fe41
fc2afec6
fc06099c
fef600f1
04f8fc01
039a05df
0009fef1
f78e0338
fd0efc80
025200fa
fa95085b
f7940057
00770218
07f1fec7
fc03fb10
feb40452
fed60713
feaafab4
0872fad6
044dfdb4
feea0097
f96dfe4d
01abfac2
fd4909c6
f9a7014c
0089f660
008d0038
08340109
fb3ffe24
ff14009e
09650098
ff21ff19
07e70205
09a70071
036a05b8
04e4ffb5
049ef3ba
fe13005b
fb710150
fad1f47f
fef703db
074d01dd
0228fc68
06c80ca1
0ec501ab
067ffeef
043efe47
0af9f7ca
017b03e5
fea9fb23
0766fe2e
faa1016a
0262fa9a
0fdcfc9a
fd44fa9f
fc250002
01dcfcc5
0024f93c
fedeff3b
f652055b
fb16ff35
03d70371
f7c8044b
028e0e6a
0b1d0880
02b6fe17
016301cb
fafbfe85
fba2038b
068afde9
005efda0
f7fb05eb
fefffeb5
00d2fdea
0b2f02ea
065a01ce
04c8f92a
07c50159
01fb02c3
0d5ffb43
00a5fe21
fda8f90d
01e20317
033a001a
0d2ff2d5
0867fd98
0d3c00f6
ff7cfb27
0175f9f2
0434fff9
fb40fc09
0861fde7
053800a6
09f8f9ee
fcf1007a
f69401e9
099401a9
fc6f06ed
fd5502ac
04ff021a
079afc12
01f4eee3
fe25028e
079b0720
fbb8feb5
fd390734
07330314
fd860524
00ea02fe
02f3ff36
fbce00bb
04d0ff21
0049060e
faeefcf5
014d0075
ffa9046a
fb43f942
f55901f0
fdf206cf
0351fd0b
f932fd5d
fb540397
fb0cf517
0089f54d
022c0130
fa7cfcda
ff2dfea7
00ccfe44
04a0fb79
01adfb8a
fa2f03bf
01d404ca
061ef53e
0104f8f0
f85705f5
f54007d1
fd0c0341
08c6f7f7
0b97fa66
ff9804cc
00c6033a
fe06014e
f9810368
010d05a6
fd850400
fef401e7
034e0c0a
ff520269
0121f639
041bfe65
03e8fc11
068dfa18
ff34015f
facb0370
0541fc69
ff050100
ffb203bd
06b5fd84
ff5602a7
f6eb02ef
fb7ff95d
0831fbe1
00650223
0404ffa1
fedc0901
f4900716
fdf5f9eb
f51101e9
fef1054e
f9e700e4
f1b6fae3
048ffd74
fe710189
fe02ff74
02bf001e
03b50288
047f09c5
fffefee9
fad2fa04
0250fed6
0a4b00fa
0413fcb7
fe2ff644
f8950288
008104ea
fcdbfcdc
ff4e0186
01e70963
f0e301fa
ff27fc26
004b06c9
016e0479
03ee0184
fd88fa84
06f9f44e
fa4ffef3
fd870631
09f304a1
0152024c
ffbe0054
0320fb0b
00a4056d
063b0296
0e2cf7bf
fe01fcdc
fe6dfda1
006802ff
fc8bff19
013afef6
fa86045c
ff06f8e2
fe54f569
fd70031d
fda002a6
ff34f2c7
00c2015b
fc61096a
0c3afe01
0547fd3f
f86c0216
fbea025a
f8b0fa44
0361008e
ffeb0152
0255fe67
072f06ac
f8e2fa6c
fa08fbc4
fd0b08ec
fcba007b
00df051f
01f20924
fdafffb0
fa96042d
0273fce3
fe98fa58
021cfbc4
0c60fabf
047209ac
fbac04f6
fbc901e3
012f0058
fd2c0018
fe9803da
05b6fb4d
009001ee
fe9203cf
ffab0265
ff760946
fb8d0565
f9a0029c
fedd04dc
fff90008
fe94f38a
fd690342
03f5095a
fe51f7f6
f9a900ba
fff0046f
f606fa0c
fc0fffc3
076902f0
f6d3fa10
fd4afcf3
00ce05cf
f8240b5f
044d0bd9
f7aefa9d
fea7fc08
0970ff3c
f690f71e
00defa1f
0364fff7
01870200
0809fb76
00180013
0651fc5e
04b7005f
fac10a3e
fe22f9e2
fc96febd
00bc006b
03db02a1
f31d09ef
fab9fbf0
06f5fdaf
00cdfe9d
ff6b0042
f966042d
0086fcfb
04120523
fd7b046e
0086fa93
fe9bfb64
0076fe1d
ff8ef963
0150feba
009d0382
fabbfaaf
fb03ff39
fe89fe3c
0705fa79
0ccafed4
03200171
fbab00cf
01990061
0140ff07
00a4fdc1
fb51ffda
f75dfcfe
fcb8fc28
fafd01c1
fc200211
00ccfcec
03fbfedb
fa7afdf0
fad5ff27
0385036c
f84003a4
023c0e99
0b6e0820
0314fe76
01f90144
fbabfe3a
fc5d0378
06edfe23
ff66fe35
f81105e4
fe72fe8a
0105fe08
0a5d02f2
06660187
0559f9b1
08180145
01bb02ef
0d1efa83
0040fdcb
fd01f880
01bf02eb
02ebffe7
0db3f2fd
090afd67
0d5a0116
00c9fa28
01cff9c2
04cb00cb
fa87fc4f
08c5fdf3
0199fef9
04d3fc44
04ac0484
069a013b
ff0900b2
07da03ba
03d80159
fa8afb70
01d6fa7d
f8ff0402
03bcfbcc
04e0f8a2
f8510224
0390fa25
fb2d0254
f70609ce
fdfafd69
0052f94f
fe9cfb44
fd71fe78
f9c6048b
017e05d9
04b60010
f5e7fe4d
02ccf9f0
fa730726
f94e08d4
09bff920
f7950173
004dfe1a
03b1fe0a
fe9b0440
06f90386
09050736
02620039
fafefbcb
05dafd75
0325005a
02190302
02830542
0284035d
039103b8
fb0d0272
00a0ff54
04cc0096
04c504c6
fe93026f
0912fddd
10900083
fc0bf97a
0361feec
0a8107c8
06a30473
013404f0
021dfb61
07290266
fb830124
ff4e012b
04de05ca
fa96f91f
fc990030
0061fba0
f90dfb37
fc2cff66
0082f9d2
f9f10502
f99d065c
f9e90026
00f4fb5e
035dfb7b
015bfed9
fc5505e6
fbca019c
0319015b
fa6b04da
feb5f59b
03befbbf
ffa1ffa3
0621fcb2
fd20004a
fd17f70b
01c9fdd0
fc370195
05c9ff02
0716fd8d
00eefcb6
04aa017f
0169fc31
008af714
fb9d0087
f5820015
feddfe0c
fcd70029
fafcfd36
fc8a027d
01070139
03830149
fafbfe0e
0129ff32
04590263
0208fb0f
febaffc0
011ff869
09a8f806
05380563
02f503ae
fe42fc69
fd0c0255
ff8a04fb
fa0ff4e9
fd70fe22
070c02ef
002104a8
f9d80786
fedafbf5
fcbd039f
016f0054
07850412
01230a63
f905ff00
fe80f938
03dd0146
fc260c5a
fc31fa17
018dfad1
00c503ac
0147fcd1
0629064a
053a05e7
f6c8ff07
f78dff66
00520190
065a03ec
08ae0301
018c02a3
fc7cff23
faa9f5d9
fff1f74a
ffa3fe54
fd060712
fec9095e
0450ff8f
0752fdb2
0467039e
026a0536
fe37fe84
01700083
fd9d039d
fc89fd4e
fa94fd6c
f5affb32
0060fd75
fa770290
fdea06b6
062805d4
f6600257
02da0417
0bb40222
fe31fde3
f3dff766
f6f4000e
fffc03b4
001c0244
fc76054e
f9b8fa4b
012dfd42
fbdefa4e
f57705e7
f67a0956
fb11f93e
062afc8e
fbe6fa83
fd59063c
03eb06a3
055a03ee
0b0109c8
ff9afbaf
08ddfb66
0368fea0
f9c5ffbb
0b69ffcf
0129fa86
fb44fa56
fd6a0504
ff75042c
060afcc7
fa1606d0
fa7e06d3
0044fd9e
fcd5fabe
02a8064f
00cdff85
fcfafc6b
f973058d
f974fc14
0342fe35
fa78f84d
ff5100cf
050e0634
ed6af272
003404a0
07ca07b6
fb550324
09390602
ff93006a
fe260a13
00ec0933
f774019e
02b6f996
095cfdf0
fe5dff56
fb26f256
002803dc
fa11fdd5
fe38f995
05ac1399
02b2041d
046cfdff
fc5ffe46
f705fc33
f88b0209
fbb1f6e7
019105b8
feb804b8
05e2fd33
0af6054e
040afc7c
fe3501f5
fc86057e
027e0084
f8d9fb72
f7b0fec4
f9e5026f
fba70352
02cf020a
f9ccfcb3
fe49ffb7
005df535
00b7fc89
0e3a003b
ffd6f648
0086fca9
0e56fad7
071404aa
05490471
04f8f900
01ecfde9
fe7d04b5
0295fd2c
ff6ff09b
f9e9fcea
071b0351
099c030d
012d028d
fbbdf885
f930fd68
01ddff49
04fefc93
04b90432
0700021d
ff1b004d
07a90328
03ed0172
fa88fc55
026cfab6
f81a03eb
040efbc9
0552f845
f8e90200
0389f95a
fb1d025f
f7140956
fe82fdc4
005ff928
fe40fb62
fc76fe1f
fa1e0466
01d20583
04db0068
f5abfe55
0324fa77
faca06d5
f95d08a5
0954f905
f805021e
ffb8ff03
0341fde6
fe8603df
0942f80d
072002cc
084b016b
02fa008b
feff0135
0855075d
f46a071c
f864ff44
ffbdfe3a
0537fee9
0463faab
fc44fe78
08fffb67
0260fc57
ff5d093b
fc1f01c9
036bf734
0690f761
f2c70656
01cd025a
ffb8fdd0
fa4a0765
01770090
f70901f1
fbcafa6c
fabbfeb3
f93a0324
0087fd84
06970576
0445fa27
00cf053e
03d90599
0039fa16
02e100e4
022afea7
020b04a7
0638fef7
0115fcc2
fdba00c6
fb000389
fdaf0a7a
fd1ffbac
062dfe79
06af0585
f7bd022d
005505a7
fa9a016d
f746fe54
051bfbed
003100c0
04a2033b
02c50117
fb76032e
03b5f527
01e4f992
fc28ff33
fcd3f371
fa0ffe78
011dff80
0737fd22
074605f2
0c9dfeae
009cfa3d
00b8faaf
03cefe43
04cb08a8
0f7dfe94
fd59fe61
fedd0e24
03be00e0
f8d3ff39
03c5fedd
0305f95c
02500ad9
00890533
fff9f9b8
042f0141
013400aa
fdd50052
fd0d01b6
01b4f8ec
f8dcfe6b
f6ee0896
ffa3f8e3
0165fa3f
06e8fd5d
0cadfc45
07e7095f
fa830643
fde9f770
04fdfa91
0433fcff
fa31f284
f475fb5b
00ebfa13
012ff761
fb76012f
f968ffe4
f9430392
039b006e
09f8f9df
050cf4af
fd97fefc
fe75fcad
fd7cfcaa
040d0ba8
08deffc2
fb4807bc
ff7403a2
fe4c0162
f9350c3d
0c0701a3
04bf060d
faecfddb
fe9e0294
f8eb060f
067509d3
00630b0b
00d3fa18
091e0393
faddfb2c
fa13f46c
f8790291
fd8908d8
038c0645
029c01fc
053b031b
fdf404b0
00120299
0155fe1a
fc7afead
fac5f513
04dc018c
053d070f
fd23031b
ff7906f9
fa6af488
f792032e
f8ba06a1
043700c4
029803e0
f83bfab2
fe17fe1d
fb7dffe6
fb40f9fe
0121f26f
01ad0305
fe19ff86
0126fc83
fc010443
f8e8f777
fcd80235
f3b9fc21
02aa03fb
064702a4
fc22f77f
fd4004eb
fbbbfa51
04b00043
00840699
fbd10738
ff73fd73
029cf68e
00f5039a
00c0fea1
04caf768
fa54006a
f868074a
fa87ff72
fad90043
feae030e
fc0204b4
f95bff4f
028bfd2a
0792016e
f9f3fa46
febe050c
01e0fff5
fc620267
0497fc71
0a4af619
06ba092a
f80afbdf
f71c0902
fd4806c6
0018fa07
ffd306d7
ff53ffd6
01b10617
00030275
ff32ff36
01310826
013b0619
fda0038b
ff2401b8
fd89032b
ff160c3c
05a70376
fb20f5f0
fc350757
05820359
092efd62
0055fbc2
fcc7f453
00bf07a7
014a05bd
06f0f587
fbaef609
fc620989
037700ed
0249fa17
07ef0d05
030afb1a
012df7e9
fa8e0562
ffa2ff6e
05faf71f
fbacfc1b
f5100812
f641ffcc
01f30307
fbd507b7
fe43fdd1
069afdaa
fe2801d1
028001e9
042500a4
fde9fb30
fe38f639
04c5f97e
0057fcc2
f54e0412
003e02b3
0915fb53
02e7fe5d
0284fef4
0137051c
f8470777
f826fa67
029cfbf5
ff79fdfb
087dfe38
0d1c043c
fde2f68e
ff73f8ea
007dfe1f
032dfa8f
fd7d06f7
fc690350
079aff84
f8480220
fc5b018a
fcb9fe5c
fb9ffcfd
07bc0187
00cbf4a2
093bf797
06750290
07e000d3
02b30052
febd0143
088807a6
f48a06ec
f81fffd3
0035fe5a
04d7feef
04defa41
fc43fe57
093efb11
024efc51
ff09092d
fc3f0256
0329f6c5
070ef731
f24d06e1
01c60239
ffc6fd6f
fa8a0792
0216fffa
f752023e
fc3ffab5
faacfe21
f9600392
010efde0
07060526
0476f9ce
0111054e
03fa04f6
fceffbde
054df973
096cfa06
fcbefd84
f6db047d
030301da
05dd036b
0558ff94
fb37ffc9
fefb0152
01a3fe8f
00dcff29
ffeffa82
febc003a
0313fec1
fc12f870
0691fb68
0757f987
fbfa01d1
f76502a6
0569f6fe
0a8c00c7
fae107da
0c28026d
0762000b
013cfd0a
091a0621
ff2705be
ff5ffbb3
ff51ff1c
0021fed8
005ff685
05b2f821
03c400d7
fe27fc62
04fdfebe
07960ac7
03540328
f3ed0235
fe4e06b6
0c2d0315
03ac07d3
fe4d0979
0375faff
0a77fbd6
024201d6
02c0fc63
026ffcf6
ffe6fc3d
0b2904c7
0681060a
00c403f1
faa00993
fc19004d
065c0146
0218042e
05ad00e9
00a5f79f
fd2dfdf9
fe6d0423
f823f846
005702ab
f4a9f8e2
f672f4d7
04d503fa
ffbe008e
ff37077b
fec9fb43
04a6fdc8
046c078f
0475fb4b
0211ff61
fb0ffe16
fee7035d
fd11077c
fef7fdde
f7e5febb
fb4c046e
036a0570
ff45ff41
0482fcd4
05530245
075f0024
fe9d00b5
ff3802f1
0027fc44
feb800cb
06a700ca
f6cbff4d
f99aff74
0782fca9
012ffdaa
fad0f332
f90ff977
f5e8013b
f987feca
044efe00
0313f6af
fee4000a
0173fed7
00d2f7ff
01afff1f
0eeef67c
0747faf9
044a0641
0012fc66
edb5face
0301fcc0
0900005c
09530814
028a08bc
f6050b2a
fc56ffec
f168f908
009802c6
00a0fcea
fa970227
ffd705f4
ff17fcf8
03edfcbc
f3b50024
020e00bd
061f022e
fc68065e
0341007e
fb480958
fdb30369
f9faf6d4
fd7c02f8
04c7fd43
047e008d
fc1f04c3
fb0b0308
072f00a8
fd87f960
01b001ec
fdbcff05
f984024e
043f01c7
fca6f883
fcbefe41
fd12fb72
0276febe
ff6000ae
fdfbfeef
0a71fe3d
fa4aff0f
f29c062b
fff1f66a
03120183
06500dd6
0316fa75
ffdd0486
024b0096
008af380
013900f0
f97cfdc7
f4e4f9ce
004afe16
ffbe02f5
f6f108a8
008e049c
02cf033b
fab808fa
fd52016b
0005fc4a
04900690
017304d4
fe4d0537
08f007a6
072bff2a
0555fee3
05db04e3
00eafec9
fc62f930
00d403de
feb40775
01e30191
0676025e
0052f766
ff80fdfd
f39a0589
f3e8fa62
fb73010c
fe8702ac
fba501e2
f62c0558
05300297
fc32ff01
00e500c8
0211032f
f7bdfcc3
041d0517
fd570422
fd9ffa51
ffc60548
0730034d
ffd0fd0b
f5ae03fa
02d70766
09580169
0cb5fb21
fa83fe7e
faf7fc39
0044fb93
fd93ffa2
054cf5be
f9a5f1f6
059f00ac
09b80134
01affee3
08f2fea9
00a8fb49
fb79038d
03250446
ff600762
f9da085f
fed70303
ff27072e
0b54016e
030601d9
fd43043e
08fdf9fa
f96ffba0
f5b901d0
0382fe77
ffb6066b
f7cd0714
03c6fb8f
ffd70140
f684fcc6
f8e0fa68
fc0201aa
0832ffb9
fe2bfd58
fba6f41d
fb910120
fb1601fd
03e2f932
fa7d04ce
fffff678
03b600fe
fdf70c5d
fd9bf54a
01b1fa22
febc01ca
f8e603e0
fbc8ff28
ffa4f5ed
08440372
010afed0
fd9dfa40
007c0c3e
00bbfe26
fea6f6d8
f3c204cd
fcc0fbd9
056cf946
08f9fa26
fd27fe08
f6c304ae
028401ac
05fc039c
0515ff2b
fb4b003c
002b01c4
01e1fe56
0073ff91
0044fb23
ff2b001e
02e0ff35
fbf5f8be
063ffb70
072ff94d
fc6a0232
f7920358
0528f725
0a670120
fb2607a6
0b7a01de
07db006e
011bfccc
096005ea
ff0c05b4
ff62fb27
ff60ff05
003dfec8
ffd5f688
00ca0242
0900fb35
f4b8010f
ffc8fd88
fa0afd79
fc0105e5
059503ed
fbc70170
02c1fe9c
045e09c5
fb4aff45
f358fe09
fc1f0417
04dafbd5
fbe5fded
ffadf91c
02ad02f7
004d07be
040dfbdc
06300436
fcde0a83
043dffc2
0a0004e2
08ac029f
03a1f681
fa9a02ad
034d0437
fec9fb7b
f87e03ce
f87100f6
fb8dfd5c
ff5d00ee
fd86fb0a
f5f1026c
fa9afe86
088cfa69
fe460ebb
fcfbfda0
ff60fd41
03da098a
02fbfb99
f9dafec9
077e05d8
022704e0
02fdf9f4
ff98ffe1
fdf4fedb
108afdee
fe8efef1
f789f46d
fdc1f837
0238f35b
07a60275
fc5905b0
ffcf03b5
088604ba
021af0b0
00e1fff2
fdee032f
f843055e
0306fdfc
06caf36d
0b8c008f
0a5df9a8
0485ff2d
0a53f95f
02e3f776
0990fe15
0780f75e
018efed8
063b04d8
ffffff89
00d4f63c
f55f05da
ff9701cf
09a1fd95
fc710897
fea2f308
f715f729
fb5100ca
07bcfe66
fff4035a
fd4ff999
fe99f8d1
fdf30887
f9b6097e
fb37fd41
0157fe59
fb82043d
f9d80134
073afd29
02a2066b
fd1a0964
06c10078
01d3fdbb
011cf868
027efc14
fb7b03df
007b0ad1
029a0814
ff1dfe6f
fc0cfd49
00f1f9df
0eeffd37
09e9001e
f76fff1b
fa6a04ba
0a35068e
f8ae0427
f92e04d1
0371ffa0
f08dfc08
f85bff14
f53902d4
fb840094
04dffb25
ffc000c6
0b3c0540
ffcd0218
03e4fac7
0091f56f
f81a00de
05ee04c2
fcc50071
ff1f0246
fc6d0ac1
ff4f0c30
06a60547
ff640207
fc0c01fa
fa10010d
05d5fd21
ff130233
fdb900fc
0858feae
02cc067e
fbecfda4
011efed8
05ebfbf3
f7cef3a1
fcc70258
fc7b0542
f307ff67
fe1eff7f
03b50032
0775fba6
fbaffe7d
fc5b029d
07d602b2
fff90722
fc2e03d3
f80f006b
f674fc9f
fd35ffc6
fb13fa67
0002f4fd
022b0280
fed900cf
08a103dc
044f0591
fd2dfe6f
fac5fc6c
f4f00226
02860a4d
05d4fed3
ffef0497
000206cc
02310292
fe6d0628
f885faa7
ff04002a
fa840383
fc1002fb
01140153
0400ffa3
01fc03f1
fa46fdb5
0549ffc1
02ecfa54
fd9dfea0
07b00485
04d8fb29
fb94003b
ff2d06c4
fe1e02d4
f854f2ea
fd700166
feb7029a
0329f4e3
0272011e
fc87fbac
fb95045e
fc7502ab
04a1ff39
0637fd79
05d3fbcf
03bd02c0
fed2f63b
fd790d32
fa860850
f8aaf820
f968fe8d
fd85f214
037efd71
faa60406
f82c0437
03a5ffbb
02090142
fd6d035a
fde0fe85
0338017a
06e1fe38
f89a0791
00b1fc95
0317f729
f957046a
0844ff1a
0338fdc0
fb6c05fc
0016092e
f70afd4f
0368ff4b
0d16fcce
f5bff9a0
f7bd0391
027e01c7
fd4dfccf
029afbc8
0188004d
ff81fa4d
0341fe40
01cb0166
0484fee2
0845029f
072dfc6f
0316fe4d
fc87ff58
01560228
051e03a2
0021018f
049bfd61
001dfaa5
040f01eb
0368fe6b
fc8d04b6
06f803f6
fe4bff97
fb43050f
fa770404
fbcffe9c
032afb5b
07c9012c
0b67fa6e
f81603af
fec70387
fde2fccb
002f035e
08e4fad0
f4b80105
ffb5fd1b
faccfd66
fb8e0603
05d10428
fb5e01fc
02e4ff06
041609bc
fbb6ff09
f24afef9
fc850487
045efb74
fc33fd8b
ff67f948
02b80262
ffce083e
03aefb3b
06f903f6
fcab0a3b
03aeffce
0a2704b7
085f02ce
0299f60a
fa460287
02dc0484
fe94fba4
f8a9035f
f8d20145
fbc4fd7c
ff7200fd
fdfdff87
03680399
fe0c0059
ffabfbd2
06b0f943
fa4ffcd7
f5b305c1
08c0fcf1
fe41fecf
f3c6fdd3
0596002a
064505e6
00eafdbe
fbe7fe24
feb40415
01ca01d0
fe41fa3e
06b4fc83
012e0359
fe8301af
fede0119
fdadff1b
fcf0fc0e
fb3cf69f
0612f979
fdd6ff20
ffbf00c4
06500411
0490fc73
079c00f8
fe21016a
06b60039
0acc0459
03baffa6
06e3085b
fa6005f2
f6f0fb54
037dfc0f
06d60075
068402de
090ffbd2
ff01f9e9
f74bfe9c
fcfbff9c
f96e0039
0015020e
ff42024c
f974fb9e
0313f6cf
fe1a0380
f8acff68
f5edf8f0
01e1068d
0919fde2
02ceff44
0851ff70
0120f80e
fee40d70
038aff8b
0285ed1d
024102db
fea20995
f9bd0363
fac7fcbe
062aef9f
01f6fb61
01ff095e
0365fbe0
02d7fe57
0998002c
fe5df9ae
0206fb30
0812f764
014c0079
f9cd035d
ffd4fcba
0638f89d
fa6ef409
fe22fbab
028dfff8
fdbbffe6
f7c70003
0467017b
06130857
f6b60083
05ebfa9b
fe5e0506
fb040762
fae905b3
fe7805a5
1136fe35
0293ff15
01b7ff09
ff65006b
003c0946
0505feaf
f6bcfbc5
00240198
09f7fcc9
0013fd61
fee3f996
0328003b
fb3300eb
06b00040
074c0cb6
f7cf08fc
027a05c8
fe7802f6
fae700c0
022401e1
fc5a037c
fa770660
f8110362
f45a0251
fb9ffdd1
0b65036a
0a4afd80
037ff8dd
0625fe23
066afa04
faa90166
f8b6f2f1
fb530146
f79e07f0
ffd2fb29
045d09b7
02a4fbb5
fe140458
ff7000c4
f787f632
ff4b08d8
0c22fa53
fca7f3a8
0122f666
00140550
f8b207c0
fd5b060e
fdf10a49
fb12fb32
f759017b
02fafb46
fade0094
00370661
0af4fd25
f9a20456
f8aafff2
f7340369
f940050b
fb78fd07
fd8ffe6e
01a3f93e
fbeef828
fa000750
fd9b0015
fdd2f8f0
fa910c87
04740938
074b03d0
fc59021e
00f5fde1
0a7cfdea
026e0170
01460832
076802d9
026403e4
0583010e
fe0803f7
fc2e03ff
ff73fef5
fd6807ce
01b4ff48
054e0068
056e018d
fbfffe5e
025b05f4
0394fec2
f688f837
fc5afd94
f9db00aa
fa7ffb47
02a7fdff
0563fdd2
ffd4fc5c
fd4004e4
001a00d5
fff10098
00e403aa
fe8d0291
00740039
fa84fba8
fcaffd26
024afeb1
0026fee4
fa1c007f
f8d000dc
04c2fce5
fd37fbe3
0762fdc9
0313063a
f7a90013
0501fc16
feb607a3
0230ffc7
013101d7
fbd402ff
fdc3f9bb
fe3fff65
024bfbf8
fe4e04ff
02680474
0709f296
fbb6f979
f6e5fe97
049af7dd
0434f63a
fc16f9e9
fdca0288
fe170052
fb2201ab
fe3201a3
09afffa0
ffa00593
fd8c0198
f9ac03ff
f9f8006e
0d59fa20
fc2903a9
fc3ffabd
ff20fd09
fd390005
08cffb20
f9f2fe35
fadb01f7
fd020593
fe27f825
fefc0195
fc8f082d
0711f936
06fa02f5
06ea0213
086afa17
fd18012b
fb1c08b8
03790412
07eb0186
02740a61
f8330627
fc0002e0
0666ffa7
05f90163
04030215
fd1efa69
fda402c2
071d015d
04f20756
fb330bf1
fdc9ff17
0318036b
fe1f0081
ffc2fb73
064ef9a5
fb10fcd0
f508055a
07ebfc6f
fe3efdee
f436fe58
056eff6e
05bc0624
009ffd8c
fb71feb6
fea90364
014b01d2
fe3cfa7a
06befbd9
00b502e1
fe7b01fc
fea1018e
fda7fde8
fc6afc5d
fadaf755
066ef8c9
fdd9ff78
ffb600c2
05f4048d
0445fca9
086a00b3
fe240126
06dc000b
fe27f655
ff1700eb
f772026c
ee8ff5cd
fb1ffe75
fdbf08d9
ff8d07dc
035efe17
05f7f73e
00f1fb3a
f2e5fc37
039ffb44
01710293
ff1d0409
0501f82f
040ffb05
0bd40094
fa8e05f2
02360713
054ffecf
f84c02a8
fd31fdac
fc290071
fe44082b
ff46f4e7
ffd3f678
f8e80086
febdf82b
ff890001
fbe8017c
0302ff04
fd830358
0590fb4c
fdb00185
f62004ef
000100e8
ff8a0a17
045ffdaf
00d1f49c
056d03dc
0cd2ffff
054afcb4
034307ae
01ab0732
04a200ae
02060256
fb6b0196
026e0365
05020945
05ad0126
ffe6fd27
f95301d7
0790feee
fe60fa76
faf3f70b
0689ffe6
00ed0072
01dbfd84
fe0707cc
01350840
0367fe44
fa58f767
027402ea
0e2e02ba
0415fdae
f8250240
00fef318
fb7801d8
feee0b53
035cfc4a
f9f1fbc0
02c6feb4
0d6f0508
0586fc51
f6e1f9e1
0239f983
00f9ff17
017406b5
085cf996
f898f9fd
00d2fbe0
ffed02a2
011800dc
012dffd9
fe030902
035dfb7e
fdcefe56
04bc0682
030cff9d
0213fa62
05dc042b
fd900436
ff5df892
02f0fa83
0128f900
0490fe13
fb26fc2c
fdbdf78d
0a640036
fdf9fb0b
0349fda8
01e70cdb
fde90154
060df942
f4cd079a
011f05e9
01aefff5
fa67ff1d
00a30524
f89bfe14
fd42f1cf
0506ffd6
0616fe0a
feec06cc
01430660
ff39fa07
fed80216
0318f8f6
fd0bfc6e
03a4fc53
00d9fd6b
02d304c3
fe910446
f97c0732
fbb904c6
f9aa054f
04cff8b9
fe39f928
fbceff38
ff97fd8f
f98803c0
f7b1022e
01b602b5
049f012b
f5fb0336
f9c907c8
f4e5070e
faa9feb4
043ffb61
fe75fedc
fb20fb63
f67c02b3
0b8b08a5
016c08a6
f45903ac
01e4ff80
ff98fed1
03880301
f95a0861
fadf0116
0c15ffe8
023dfc3d
03a70354
028e0415
f11700af
f996090f
00d6fa2a
01c2006a
06ee0185
ffe3fa71
fe6100d7
fc42fe34
020efee5
03a6ff7e
fd7f07bc
fadcfad4
f904f90c
0689fd94
f6ebf929
f5dd08f2
0526fb6d
fb750138
0512076f
06f9f813
0614f9ea
0729f931
fb22037c
fdebff78
fe70fd31
f747ff93
03d2ff32
08680c13
f8aa044b
fd8a0b6c
ff850dc5
fe9cff2b
019a02ab
0038fd72
07fe057a
fcd204e2
f91afeb0
02db0873
ff1ef6f9
0664f086
05dcfcd9
fc89fc6c
04a50451
01cc07b1
fa23009e
0515fd54
00810467
f9450560
01be0108
fe9d0049
fce501c3
fa33fb48
ff0cfb09
05ed04b8
00d0f814
016afc08
fe3f0911
056900eb
06e6009a
fcdefe61
fdab0170
fb9202e2
fd2cfe8a
fc01fefa
011cfc98
01c4047d
f966fde8
fbb1f5c9
f9bf00c8
fb21fffa
fe57faf0
0142ffa3
03e3ff60
ff87002a
fa9202b1
ff1efbbc
0660fc62
ff5103e4
ffcf0314
019bfcb9
ffe2fc82
018fff7b
00aafff2
022afd5d
fffbf91d
03eb0526
03cd0b47
05c00326
0b8e0132
0318fe2e
066cfba2
0843f876
0461fdbf
04940478
0727fd84
ffddff5c
fa70fd0d
fe09040c
f6190ec7
03e9fcf5
0a3efbff
fda402cc
fdb5f662
fef300ee
f7460247
ef7ef59d
fb9eff7f
fe5908e9
ffe7076a
042cfe26
05a4f763
00a7faed
f297fc45
03f0fc1c
01f5027e
ffd303a0
04bef8b9
0359fab0
0b24005d
faa9057a
026d0731
053bfe75
f7ec0230
fc8efe5c
fbe1ffbe
fec9085f
fea8f4d2
ff69f623
f861ffc4
fe13f886
fef9ffe7
fbcf0125
02fbff4f
fdb10371
ff6500b4
0535037c
0c5a01a5
009501b9
ffaffff5
0546fadd
ff73f9c3
001bf654
00f9fbf7
fbb0063f
ffcff720
054f0200
fe0f0403
fc01f5de
ff0f065a
fedff9a0
07d4fd1f
fd0a0a8c
f4b9003b
04bffae5
0163fa92
fb95030e
fb9ffd7a
ffcefd67
04420301
ffaaf7ab
02d2ff60
fb71fc4c
f9c5f748
057004f6
058bff1d
0285014d
04c90516
06260152
fa890461
f67cfa02
016cfccd
07c3005a
fbe6feda
f9b60253
0825f9b8
039000af
00aeffde
febefd02
01440119
0036f84b
fa97fc81
067ffe09
0865fb35
fe49fb5b
00760414
09620be2
09dcfdae
05a3ff6e
09090b6d
fffffe67
f6e2f68c
06b20101
03a4fe27
f8ccfbee
0849fbd8
fabff9cf
f97b0114
0541feb9
fd9c00df
021a00e0
ffc303d7
feff09fd
ff9f0515
06890695
06e10087
fb1efa00
08e3f908
03b205d9
f95b05e2
f9c6fa40
00930853
056700eb
01e5fdf9
fdbe02e4
fbb2fbd7
0451059f
fd490256
fd97ff54
fc1e0225
f1e6fe79
04c0fd3a
08a6f9eb
ff58ff74
001afda4
feb6fa45
ff5ffc58
ffc0f8e1
025efdeb
0886009c
0561fad2
fa050150
f8fb0c07
02dc0806
0523fdc3
fcbafe5b
ffc202b0
ff550266
0062ff10
05020564
01e20804
0120fe85
fdc7fdb1
06a6ff36
faee0327
f9bd093d
05adff7e
f8a6fb6b
fa57fab8
fe95fa6e
fec801fa
f7eefd8b
fe54fa37
023001ec
fb6b0284
fdaa00ca
f789ffb6
ff0cff76
fff5014b
071ffeae
0033018f
f520ff98
031efc51
fa110705
fb2207de
ff2c0440
0800ffdb
08d1fd99
012f00a6
082efca9
ff37fdd0
fe3a0036
fc4006f6
f4df0be2
ee3700c0
f6e301ec
010900b4
00ca0102
04a7050f
fe37f8f5
03d7ff02
01ff0526
0401fdaa
023bfc15
fcc0f258
04dcfb66
fa6bff3d
00b9f71f
02c0fe07
fd87ff32
fdc8030f
06380177
0441fdba
f81bfc1f
0626f85b
fe19012c
fdec0905
0129077d
01e8facf
04eafa4f
fd430141
08e5f741
fb01ff0e
f3f508b2
f9d4003d
ffc7023f
0bb405af
01a8fe7f
fe85014f
0284018e
02f3fb05
fb4c024e
fdc4fdc8
ffe700d1
fcd60a32
0515fbb8
ff35f8bd
04850457
fe6e0708
f9960345
0b57feff
071e0034
ef4a0c20
f62d074d
0996ffd5
00a903fd
04b901bb
03bb01cd
fdcbf95f
fcd8faac
f713faa3
fe50fa53
ffe005ce
0313027c
00c4091e
fa2afe03
fcf0f3ee
f39efe81
febe0093
075c0728
f9bcf904
fe43f7d1
fffefe33
feaefae1
072605b8
fdb7fefd
fafb0694
fbc105d8
f6a1fd68
fa2e050c
f9e4fcd1
ffa6f84c
03c5fbe0
ff050262
0458000a
041d0766
f8d30756
fbbffdc5
01b10947
020c038c
03be096f
02d90d44
044ef671
007a012b
03b9072b
04270299
fc2a0128
0579fbed
fed0fe2f
fd07fe0a
06f8001d
0a07fe97
073e0599
fcc2fccf
f910f822
ffe1050d
0952fc69
fb690082
f838ff67
fcd2ff9b
f51803cf
0226fc37
02c20726
01b4ff31
fde7f7cc
f3fbfd70
0176fc9d
042afcee
01bbfed2
063904bb
0549ffb4
ff30011e
060103ae
0d06012b
ffd2023b
006d0027
04c3fa60
fec5fa19
0048f643
00e0fc91
fc150548
ff5af6f2
04ed02b8
fee103fd
fbeff5d7
fe470599
fe7df99e
076bfc67
fd3a0b89
f5010048
0474fbb8
0053fa99
fba10323
fb62fdef
004afdff
046203a0
ffe6f7e0
0244ffac
fbecfc61
fa59f7ed
05b804d2
0555feb9
03050174
09410016
006a042e
01030122
057d0778
f77b05d9
035bf963
05210b85
00bf03dd
00430267
f72303c7
fb76f601
02d70163
07f60353
02050416
014a05c7
0676fded
06360236
06d00513
fcb00305
fd76051a
fddf03f1
f88ffe0d
fc1efe38
fb78013d
ff7ef9d0
fe76012a
ffd20bcf
0596052c
01d30aa5
ff340296
fe33f6a0
fd17fd48
fd09f923
0415f89c
00dafd1c
f6b4fee1
004afd30
048ef722
0275fbd8
ff300204
02a700e5
0844032e
fd4bfd4c
0084fa42
089bff5f
05c9f337
02e1f781
02e8febd
036ffc38
f92f0770
ff4b049e
05c403e9
ff52038a
024a0339
fb6b008a
02bcfeaa
077301d0
02cbf822
071bf776
fae7fc88
fe4700d1
00bafdd9
fab7fc5e
0363fec8
0419fb88
fb7cff47
f3aef868
f927fe6a
033afdb8
00fffb94
fb5a00a9
ffaffc96
067f03ca
05020336
06c006af
ff6cff69
ff220070
0653fc63
fec0f69b
03be0436
0152fda4
f90d0ae3
01b901dc
0540f6f9
ff6b0a45
00c5035f
058401b5
04c5fdac
016afe9e
015dfb26
00a2f869
006003f4
067600d2
0148f8f4
fc45fad2
01c6fecd
fd86fe65
fd54086c
fe3a0788
057507fe
01e3fe41
0087f200
0bb2fd91
f9270278
f8f40988
027a03b9
fb75ff0f
ffd500dd
fe2ffed0
009103a4
0073fa60
0085f509
ff11fcc8
fa8804ae
024b00f8
0141081d
f990026d
fddcfa4c
0b1e0cdd
096df18a
001cf4e6
f85b0c20
fb30fce0
fcb4044b
f64702fc
fb88fdf6
f7a9fa25
fc3ef9b3
ffba0506
fd1204ac
fbadf97e
f41bfc2b
fd920bf2
01600289
08f4fc6b
fec903af
fa650669
0679086e
fc7a06c8
0d2a0073
05ddfd2c
fa9d05ed
0340fb11
fe28fd36
fbc10c70
f600f823
003bf7ea
fb63ffbe
fc88fdd0
01570263
fce4fbc3
052401f1
f9c80748
05810418
082209c5
ffa508d5
036c06c9
fea202d9
05870195
fe940323
00a7fe74
04b700ab
f847ff41
fa63fc15
fcd30566
02d204cc
031ef6eb
fefbf93a
027c0068
fee4fd06
fa17fb27
05a903be
021a079c
f27bff42
fefcfdf0
0222fdf1
fc72fc78
ff95fd45
fee20343
ff4c03ca
046cf70c
ffa7035b
fc7f0a48
03690272
fd6f00ce
fc70fa64
fc590077
fe820756
01cd00d0
fc50fc0c
043d0771
fcea0ae9
f6f600ee
fbea07d2
f72cfeb0
0622f97a
093a0140
ff4f002d
fd61fe01
f7f6f8cb
ff05f8ed
05e1f9a4
012ff940
00f2009e
03db05ad
03e1fd41
02ddfbb2
0355fdca
06450279
0ab601db
fce0f34e
f0ad040d
fc450630
009ff66a
ff720460
fdb9f879
fa1bf439
064e08f7
00e0055f
fc55fb1e
fcbd01d2
f7d4fda9
fd280056
f5fe0657
f9d6fd08
09200459
fe5204a0
f806002b
0357fad5
04fbf627
02cffd94
08e0ffe7
025e0727
fb930777
01ef00f6
06a7fb5f
01a0ff4f
f6d7fcb0
016ff88a
06350739
019e0687
0548f5e9
ffd6f76b
0130feed
018efa3a
fcb70332
009c049f
00ddfb0d
01ccfdde
05aafc53
024f0118
0166ff45
fe2b01dc
fe860286
fcbdfcde
fcb50445
0949ffdf
00ba040a
00e600c4
051406e6
f755058c
032df8d9
05c40b35
00fa04aa
004302ac
f6b903ba
fbf3f6b5
02500177
07b50302
01bc03a6
016604fa
0695fdbd
075c0183
074004c4
fc440320
fd0c0494
fdb80467
f8c2fe09
fc9bfd82
fbc9013b
ff4dfaa2
feec00d8
00490bdc
055b05aa
02160a3e
ff9e02d7
fe17f68a
fc61fd82
fcd4fd93
faae0164
0122036c
fcb4fbfb
ff06f7b4
ff5400e4
fb4206be
079600b9
0226ff34
0572fff7
090cfd74
006708fa
051304a1
0634fb0f
080508ab
02ce0643
002e01db
fd05fddb
fa60f8ed
01c0ff08
002f04c6
fede0b3e
faa20a0d
01b8ffa8
0af2f718
fd15ffcd
fc07ffb3
0a35f8e8
02e30250
f789ffa6
003ef860
041ff8c5
0ba6fb7a
04240029
fe50ff08
01e6f255
f739f8eb
046b01d5
0998fba1
058a0832
073a01ce
01f50054
05a70220
feaaf724
fdfeffb9
02ebfdab
fbddfec8
fb1c000d
0354fcdb
04defd8b
f970fed1
00340ada
09200669
fea0fef4
f91bfadc
0426f9f7
09c0fbe9
fe04fe72
ff2d043c
0310f90a
fe4cfd8a
fbc1061b
fd38032b
0340032d
0414f7ab
007cf24b
f7b2f6bb
f9d5ffde
fefbfe7e
fdbbfa95
0435fc33
02d7fb23
ff1bffca
fb5502f0
f61903b5
f5220122
f808f935
07dbfc9e
ff11009d
fe6df9cc
06ff007b
fe900522
0218fead
060207a0
05a30500
003bff65
02d6fe44
011df88f
ff3f0022
09bc00b7
0161ffbc
04a80437
fde8fff1
f5e70246
062f0676
082402d8
029b018b
02c4fce0
07da0379
fdde0657
03a2f460
04ebfed6
fe8e0792
06d400b9
eebd05f8
fc1c0649
06260a28
fba0039f
04c800c1
fab0ff6f
ff64fe49
005a0a4f
fcedfda4
fdf2f929
021e02c3
fdbd00bc
fb92f9d6
059ef732
f59ffa16
fe1afe64
ff870bdc
f5750213
fab9fc48
f88201cb
02f5ffd2
fa1603f4
f994fd39
09700481
07860a4e
0224039c
fb50fc5b
facfffc3
fac00f37
ff9600bb
fc6a006e
01cb073c
04f60234
fad404b5
02b9f6ef
01a4f8a8
ffcc0664
047a00b6
00f30046
009ffb3f
fbc8f92c
0133fdee
0179000f
fb5a0c99
00050077
f7fbf808
fc6c0aba
feb5fd36
eb89fe7d
fbcefd5c
0952eeb3
00feff1c
03d9fe13
018af7a3
fdf9ffc3
f5c600a9
fe05040c
003b0111
ff4dff39
06960520
ff800281
056501ee
096f00cb
fd0bf6c1
faa6002e
fcfc0657
fa0d05c4
f8aa0901
fed0023d
022affbe
05ae0158
f9e4031c
0043f8be
0a9efc47
03eb0134
0596f6fe
fd94fe56
fb60fe90
055effcb
05400029
fec30429
041efb9c
fdc5f671
f2b509bc
f77fff16
fb5bfe02
0462fdfc
01ebf764
05af028d
083d00ef
fcbcfd87
03f500e1
fefb0c13
fbf70605
006603b7
0177020f
02b7fa91
00870b41
06780286
fb47fe63
fa9b0261
ff8bfc35
fa4efc6a
0506fd4c
fd030603
f86d001c
0746fb70
055c03ae
0129069c
010703ef
fc7e0193
fcbb02b3
ff53022e
02c3fdf2
0431fc47
fcd3f9cd
f72afd62
024c0520
0330fcf6
f952070c
f9d3ff62
ff2cf3df
fb870403
0230fac2
0783022a
f25bfe36
f683fed3
012f1359
fefa01d8
0836fa0d
0388f98a
0b070611
038f01ea
fda1f686
0a1f095a
f6e6fd4f
f9ebf32a
0204fdf6
fc7b0298
ff73fe54
000506c7
061c0194
fab8f3be
fa160032
fc4a0204
f8ec067f
0010fd01
0133fa2e
fe990a91
f73ffd8c
0068fe72
07cb04ff
fc6efd86
fb0b017e
00f3048d
fbd7fc07
fef7f770
ff5a00e9
fb650684
06ec0093
0301fecd
04b8ffe1
096dfc62
0105093b
04440576
05b2fa0c
07f20813
02fa05f4
00210234
fd78fdfd
fad9f876
01d2feab
ff890588
ff950ba2
fb160a33
0233ffc6
0b4af68a
fd120058
fb9fff5e
09eff908
0336026a
f7d4ffc0
ffb7f856
0502f848
0798ff8a
08a306bc
f6f0043a
fb28078a
010cfdf7
05f8f7ba
f43af96d
fd49069d
0fd101c1
016e0100
00b30747
003ffaab
033104dd
0286015a
046c0422
055306d4
02b9f9d9
0a0afce2
053ef551
fe02fffe
fe38fff3
033cff4d
06060b0a
0059024f
f65c0226
f94e0070
feb1fb7d
045dfa30
ff03fadd
f5a5f691
0087f856
feac0568
ff31fb92
fee6f5c2
f500ff9e
fe46032e
0433fe73
0402fef9
015101a4
04fff7a0
010cfac0
0304fda5
0450fbb0
026208c9
0fea0499
ff08feea
fe3302af
0ca50021
0409ffc5
0578fa50
022cff31
fbf50432
03a4f8df
0a13ffe9
0639fdaa
070ef148
0a2ffbea
fd6bff89
f7cf0379
009205f1
fb62ff01
ffbe0213
05b201d6
fc69ff7a
02270171
fd1908ce
fc6007d1
0240ff13
fe82fb89
0bd90016
045fff35
f9e4f33a
fe5ef93c
fa480461
f4c7feeb
f762f633
f90efa35
fc8805f6
0ab108eb
0826067e
053a02df
04bb02be
086d0723
02f3075f
f482083a
fee8fd84
fecffc18
ffa8ff52
fcc1fc63
fe700412
001afc66
f829f953
057c0440
04b700e4
02effc04
fc5fff47
f790ffb4
fce7ff01
f3b3018f
ff41f895
0343f87f
fb240827
fb3200fd
0249f91d
00bd0055
f981007c
fdf9fb69
fd8cf728
04d60294
033d0a7b
fc9ffc30
049efc03
04730322
ffbdff40
fd4b07e0
fda809f6
fe49fec9
fa7dfb21
06d0fe98
04b00505
f4e7ff39
0246ff45
0047ff74
fd3afeff
02a1feec
fa24f623
03aefdc5
019a0685
004ffe8b
06d1fe5f
0153ff88
01a0fa98
f970f989
fbd903a1
06fcff12
0014f5da
f984fec5
034003e1
ff93024d
fbfa0405
04450543
fdd6ff7f
fe79fc88
0461f791
0173ff65
01d60a79
079d06de
fa030a7f
f7470539
0602fa98
024e0537
007100c4
f671fba1
fabc04b8
0457fadb
fc9d021e
fda10e17
fbbd027c
fb2b09f4
f70f07e2
02f803b3
007c0621
f735fee8
feea0238
ff27fe9c
04d40329
0160028a
fdf4ffc9
fc880591
fb74f663
0489003d
04ba0650
0288fca8
00330661
014cff28
fd4ffc66
01aafd27
018afa21
058a043e
0424fd7d
f41a020b
03410c12
0304ff7a
ff78fdf0
05cd01aa
ff8900d5
00cc0122
fe00f677
0490fade
01a504f4
035f0167
ff85ff0e
f683f7e4
0348f9db
fc38010b
00abf828
03d1f7d5
fe9e03d2
0964053d
f80501de
fbb306d5
047b006d
f47bf820
0126fbbb
ff48ff53
f8c10259
0b4f036e
03750475
fb96fb32
0316f9d7
fd9e07ee
fcf5f750
0a97f62d
fd7b05c1
f51dfed0
fd2cf724
fbbafc2d
036903e8
fc040462
04ca05e1
00e9ff57
f661fd17
05dffe07
f956fff3
ffda061b
febafe8b
f8980084
02ccff8a
f9d40330
ff1b05fc
ffd0fa7c
fd9b0652
f942001f
fbc2fc9e
00c80c16
02abff95
074bfbc9
ffd40808
05b90224
fa1cfba9
fb92faf5
007bf7f6
f68504e3
043cfff2
ff18f8aa
faa3021c
0254fe8d
01e3ff6b
fd0afb16
0873fc8d
0c76fd22
fa8efe99
fc650132
056bffd5
050b1086
fb260393
07c0ff39
09350616
f6f9043c
fa5e073b
0102fd73
061bf746
f3e7f99a
fd7506b8
0f6001fa
00c60057
004306f8
0056fa4b
02ca04ee
02a40141
04b203da
048b066e
02d7f9fb
0997fc56
04eaf55d
fe5e005c
fdfffff6
0382ff36
06e00ae7
000501bc
f6e20298
fa330045
ff36faa4
0409f9b5
ff33fbd9
f4a0f723
0076f83c
ff23058e
035f07a8
fb2e0180
fcbf0511
fb930424
f82d0078
fe7d0372
05190484
0048fd56
fca1fe1d
fe8ef894
f6ca0085
03750358
fee5f849
f59f03e0
007cf8f7
00a7fb6f
030e0256
fd99f2fc
0282fe6c
fdcbf916
ff98007c
0ef008bf
fbcef9d5
f98bfe9d
fe10fc2e
fa92fd22
019afcdb
089ffb76
ff1a0208
f9c9ff0f
030c0946
fb110ae8
0700ff1c
07cc04b4
052cff55
06def93c
fc3f07ba
080c0bb5
fad607b5
ff93fdde
1078f804
02ef024c
ffcd015f
fdbffe55
02ccfd7b
010afc04
081effd8
0c64016c
fcef0137
0199fa9c
01bfffca
fec30279
0063fb89
fd5aff46
fbc1feb2
f94dfd37
fe0dfdb9
fef90071
fe7cfe68
0465f96a
f9cefabb
fb14f757
0303fd98
0318f77e
0271f0d9
facc064a
fe8c05fd
03a50382
fbc30405
f584fd29
0283fcd5
09a3fe15
00b2074c
03aa00c1
ff7efc52
03de0530
02f6fe6b
f69afa56
fe860140
f999007b
f1dbfab1
fbdc04b8
08bd053f
0643fe65
fe26fc2a
01c5f6f9
0365ff44
04a9fcd6
02cbf89a
0286fe7b
02eefe99
06e60145
046e05b5
f87e0477
ffd0f8af
08530108
00e10c00
fed6fbad
0acdfb93
06da0a09
0528056e
08a8fffe
fd16025f
ff7bffd1
025a0456
fe39fd2c
ff7dfc7a
fe1c03b6
f9e8fc03
f71f01a6
01ac02ed
03e90595
00b90981
00f802ce
0554ff0f
0014fe14
f749057b
073effad
07c0fbeb
0488fffb
01b5fe1d
f6e2ffcc
ffc5fa25
fe87f48b
fe9efba0
ff7e0a38
f6090329
fbc80079
fc540495
fc1bff39
ffcbfd5c
0528f704
0a0003ff
0075068a
fecf011f
fea0054d
f73f085f
fb440902
f9d303c7
f98e0377
0483f850
04a8fcb7
fdc6ff8d
f828fb30
f6590552
01ccfc34
0498fba2
fc5aff44
fc4a04f4
ffca0451
0316f929
0472fc83
007cfda0
f62901f4
fd0701f5
054400c7
fe120435
00e6fd1f
f9f7f8a4
f2d60283
f95101e0
fb56f69e
0355045f
067602bf
fe17081b
fa530f4d
052efb56
023e01f6
fec50735
077b08a8
f7f1083e
f8a00010
0115ff19
fbacfcb0
faf9029a
fa93fd34
0055044c
024c04ed
fe1dfaa2
024a043e
084ef9b2
fe3bfbbb
f563080b
fc35fc15
facbfe31
f8b103e7
fe9a086c
02b5002a
02e8fa68
05490139
0870fb7a
037003c5
f77101c7
fbdff358
0500f96c
0097fbfe
011f020c
f9b6fdc0
fd00fb5d
02bc042a
fc0dfc22
0567f961
042ffa6c
0268fdc9
083c02ec
012d0521
ffd9fde5
ffe7fe19
023803ff
0701fe9d
fa7609e4
f51c03ff
fdee05e7
055209ea
06adf69a
fb3601bf
fdc6018d
06a5fc03
043dffe2
03aff81c
fdaef706
0205fe51
fdee0327
0100fb8b
0428fe36
f911fc64
0670fa16
02d907c9
f9780357
fa8b01fa
017e02d1
fd58ff96
f675fd07
03f70535
054103ee
03c5f70f
ff03035f
0a4603af
06fdff07
f188011e
0592fe6a
063bfd3e
067afacc
036505a4
f6d7fc76
009efc20
fa9f08c0
fe01025f
03fc097e
0566feec
060bf62e
f8ad0070
f9860066
06f70180
06b1fcbc
03240519
0301082b
fc13013d
fc5704b7
fbd10429
f865001c
fe500330
05560455
ffd4fde3
fd2cfe27
fda0f8fb
f6d800c8
044903c1
ff64f8e8
f5b10437
0070f88d
0100fbe8
037b02eb
fd42f375
01d9fe29
fd11f9fb
fff6ffc8
0ff1089f
fc6ff970
f926fe6d
fdacfcc6
fadcfd38
01b9fd1e
08d5fb99
feb801c2
fa39ff3a
01ef0969
fafc0a5b
ffcafff5
ff00003f
ffa2ffe9
ffe8ffe5
00870064
ffa50040
00150051
ffa3fff4
000c0013
006b0005
000aff7d
0036ffce
ffccffce
ff840009
ffeb0032
001d0064
ffe9ff7c
0071000c
0067000e
0000ff5d
ff8dffd6
00150069
ffe9ffa1
00300011
00010013
0023ffa7
004b0057
ffd90042
ff96ffdf
000b0038
ff8dff87
003d0013
0000ff78
00460004
ffda0072
ffb0ff9c
ffec0004
ffe10039
ffc1ffe0
005effc4
ffb70042
ffdc0000
fff30027
000bffae
004b008e
ffec000d
0075004b
ffdc000e
ff9cff88
0067ffd9
004a0031
0035ffa4
001effdc
0016fff1
ffb00063
fff90027
00090044
0072ff4e
ffd00048
ffdaffec
00420028
ffbbffe3
fff9ffd6
ffe6002d
ffe10030
ffb20017
fff1ffcd
ffedffc7
0014001e
004dff89
0081ff7f
0091ffcb
002bfffb
0034005e
00140017
003effbe
0000ffb5
004eff8a
0009001e
00370022
0048ffb6
000aff87
00010024
0026004d
005c00f6
00090063
ffc80010
002effbc
000effc5
0041006a
ff8d0017
ffe9005d
00260071
0029007c
ffd10043
00baffec
ffaf00a5
ffb50082
0049ff3c
fffdffb1
0029ffee
ffdf0054
ff9a0058
ffccff97
ffe00010
001d003e
ffc9ffa4
ffd9ffb5
000d0000
00cfffea
ff4b000c
0057ffab
0042006c
003e00b7
ffd4ffef
003a000c
0012ffd5
ff2fffe8
ffcf0018
00b200c5
00190039
00550059
001f0008
0036ff74
0011fff7
00a6ffda
000bffc9
0039ffd3
00760073
ffe90095
0030ffe4
0013001e
ffe3004b
001affb2
00000029
003b0003
0076fff3
0062ffe7
004b0026
00700001
0064ffcd
ffce000e
0079002c
00450075
ff64002b
0021ff95
ffb7001e
003dffcd
001d0041
0021ffcb
ffab0023
ffff0016
ffdeffe0
00690012
ffc0fff1
ff69ffe6
00710020
ffbeffcd
006d002c
ff7efff0
004f006f
002d008c
ffd2ffa8
00740035
fffd0061
00720027
fff3ffda
ffd4008b
004f0017
003affa1
0024001d
ffc1001b
00180050
ffe10025
ffbf001f
ffbbff66
0059ffa0
006d0071
002fff9f
ffebffbe
0086fffb
004fffb8
ffe7fff8
0014ff88
ffd4ffc0
0059ffa3
fffbfff1
00520012
000fffd0
ffed0047
ff97fff0
ffedffd4
ffa3ffa9
ffb6001e
ffbefff2
0012ffce
ffdc0061
0028009b
ff4a0013
005cffe2
