2.37549048e-05 0.00418002717
0.00579801295 0.0303334147
-0.00524878409 0.0234562289
-0.0172435716 -0.0158929043
-0.00877064932 0.00243746722
-0.0192263257 -0.0160424747
0.00122575462 0.0111846626
0.0257673115 -0.0169183705
-0.00936775375 0.0179019906
-0.0119165834 0.00759837637
0.00963838305 0.0186557882
0.00686174957 -0.00287417322
0.00171198312 -0.0281433389
-0.0175414979 0.0343204588
-0.000609538227 -0.0033245075
0.0138075305 0.0263887998
-0.025827026 0.00870418269
-0.00862356089 0.013155872
-0.0360984914 0.0359616131
-0.0247778594 0.00702255452
-0.0350399613 0.0277160462
-0.00511578517 -0.0285659116
-0.0241148844 0.0173337851
0.00513400603 -0.00478531467
0.0029665872 -0.00265785935
-0.00360466423 0.000254769053
-0.048418086 0.00790071394
-0.00957079511 0.0322591253
-0.00189693319 -0.0357581377
0.00221084943 0.000789290818
-0.0299333408 -0.0129803931
-0.00855269004 0.0227766559
-0.0191374104 -0.00758673484
-0.0153322751 0.00931006856
0.0202254895 -0.00833952148
-0.015152391 0.0134163992
4.84986303e-05 0.0196063835
0.0167951621 -0.00827478152
-0.0112276403 0.00135747506
-0.00318069011 -0.0273281094
0.00235763006 0.00581132108
0.00188041525 0.0164738167
-0.0240689944 -0.00976427924
0.00236059679 0.0215558242
0.0245280527 -0.0411075242
-0.0313900746 -0.0344286151
0.0153972674 -0.0275131688
0.0018808071 -0.00945594721
-0.0123574799 0.000928924303
0.0385149755 -0.00333504938
0.0146406544 -0.00199934165
-0.0224483851 0.0150877023
0.000982892816 -0.00917725451
0.0098826522 -0.0249343645
-0.00488334196 -0.0237973817
0.0153189767 0.0400450118
-0.00371973752 -0.0452862456
0.0126797101 -0.00410360564
0.0293001775 0.0265657641
-0.0124988956 0.0100566586
0.0029953667 -0.0162181705
-0.00892895367 0.000565002731
0.00344421412 0.0165072866
-0.0214754585 0.0246711299
-0.0122303693 -0.0166481957
-0.00286687911 0.0148922633
0.0176291596 0.00376883685
0.0234380383 0.0198632739
-0.0237547643 0.0284574553
-0.0157495812 -0.00560067315
0.0105869742 -0.0287670158
-0.037865743 0.0102427267
-0.0065567377 0.0348426327
-0.000948377536 0.0133379055
0.0245275907 0.00271293055
0.0166089628 0.04528936
-0.00776377227 -0.0195702333
-0.00581209036 0.0179146118
-0.00564078009 -0.0106237568
0.0294083413 -0.00127014529
-0.00810846873 0.00235921796
-0.00357777555 0.0296151843
0.0053683212 -0.0185537562
-0.00314602209 -0.0101147741
-0.0062715942 -0.0303546302
-0.0206761044 0.0111278538
-0.00095039414 -0.00880032219
-0.00785723235 0.0088336328
0.0206921957 -0.022548981
0.0119742425 -0.00798930321
0.00126423081 0.0200278182
0.0125644375 -0.00447787205
-0.00547344796 0.0126125254
0.0211447608 0.00835286081
-0.000717554765 -0.00678289728
0.00847960543 -0.0310191978
-0.0230736788 0.0212388542
0.00697173132 0.00266060885
-0.0306752082 0.0219620001
-0.0428093523 -0.0349668004
-0.0089108143 -0.0312419161
-0.0212965496 -0.0395034924
0.00149985158 -0.0171605796
0.0451197177 0.0157495644
-0.0148934331 0.0124738887
-0.0120539665 0.00055450818
0.00420307415 0.00211889762
0.0109745627 0.0136392023
-0.00399123877 -0.00545139611
-0.0031572287 0.00802134071
0.0137740355 0.00125985232
0.00549755851 -0.0430603437
-0.0206422042 -0.00524949329
0.00131658162 0.0262498129
-0.000156373382 -0.00767299207
-0.0205430333 -0.000506121025
0.00368619547 -0.0122033292
-0.017510917 -0.00744541734
0.021101132 0.0194477625
0.00310856313 -0.00556690153
-0.000551945879 -0.0198018886
-0.0182897821 -0.0583574809
-0.00356520363 -0.0107164038
-0.0427775159 -0.0331784524
-0.0258702748 -0.0323781297
0.00879195239 0.0144076282
-0.039155364 0.0185378361
0.0117313443 -0.038733758
-0.031452056 0.0204457883
0.015595559 0.00700026331
-0.0180811267 -0.0129843866
0.0167004485 0.0121855363
-0.00145555986 -0.0314793065
-0.0323934853 -0.0192959551
0.020361634 -0.0306621008
0.0248373952 -0.0248770434
0.000945921289 0.0169891436
-0.00861634221 -0.0248386394
-0.00599262258 -0.0216307212
-0.021105323 -0.0157131739
0.0215285663 0.000902035215
-0.0112718437 -0.00508716097
0.0012803803 0.0166323297
-0.0170524195 -0.0115145091
-0.0154010151 -0.0229990911
-0.0257844049 -0.00622282457
0.0241312031 -0.00271983398
-0.0054794657 -0.0174414087
0.0192131754 0.00260032201
0.00523373485 0.0345852785
-0.0148986047 -0.00932021346
-0.00614140416 0.00160342117
-0.00693740742 0.0272357762
-0.00170432997 -0.0125886211
-0.00960499886 -0.0153234294
-0.00888832659 -0.020256551
-0.0252154246 0.011323167
-0.0139544932 0.0118976515
0.0310996007 -0.007934344
-0.0127336513 0.00247540115
-0.0164074562 0.0271000359
0.00895869825 0.0152107924
0.0226062126 -0.0312985964
-0.0278245416 0.00380678987
-0.00372253126 0.00223575975
-0.00992998853 0.0152320722
-0.034330707 0.000689439417
0.0119498083 -0.0150234336
-0.00194250769 -0.00913406257
-0.004256994 -0.0345996618
-0.014498448 0.00136321562
0.00669791875 -0.0133218924
-0.00888356473 0.0100589795
-0.00608559186 -0.0196423344
-0.0225974936 -0.00531711616
-0.0264079999 -0.0152942697
0.0218648724 -0.0252233054
-0.00747586554 0.0143546863
0.00391704962 -0.0104374336
0.000709467044 0.00791541208
-0.0122184269 -0.0204912554
-0.00945664477 0.00286341715
0.00619923556 -0.0349233039
-0.00747654866 -0.00878132693
-0.00471052341 -0.00976219308
0.00227542268 0.0102634635
0.0228402503 -0.00135793712
0.012190111 -0.00642870879
0.010026562 0.0138133364
-0.0101828603 0.00480981404
-0.0245105363 0.0142517649
0.0205750763 0.010409249
0.0179625414 -0.00548284641
-0.00386543013 -0.00588346599
0.0112962071 0.00344710099
0.0131756254 -0.0115365358
0.0170066785 0.00351620931
0.0213286187 0.0168172661
-0.00569238048 0.0170038268
0.0271652266 -0.0136200478
-0.0771671385 -0.0392901339
-0.0101975752 0.0122816088
-0.0191397835 -0.0418730527
0.0419022739 -0.00307065691
0.041403912 0.0515292287
-0.0322973318 -0.0677947775
0.0225256756 -0.00862072688
0.0124841416 -0.00844943523
0.0513899624 -0.0687018037
-0.0252902862 0.0467328317
-0.0371546671 0.0318975225
0.0166831017 -0.0111390017
-0.0113649704 -0.047078304
-0.0189208537 0.0176310558
0.0685073212 0.0134649891
-0.0188235436 0.00267709605
0.0112025812 0.0226737019
0.0175113473 0.038404841
0.0106206313 0.0324431658
-0.0408732966 0.0196807422
-0.0249734726 -0.0320082009
0.0276513752 0.112802736
-0.0109578613 0.0361678116
0.00713305967 -0.0104662189
-0.0318819061 0.0094737662
0.0199976917 -0.0116694653
0.0342609063 -0.0575921685
-0.0460717306 0.0698566809
-0.0158837754 0.0192861035
-0.016099317 -0.0140518826
0.0508005843 0.0037042459
-0.0306815468 -0.028304765
-0.0198698975 -0.0188570358
0.0245193616 -0.0268488768
-0.014562265 0.01676194
-0.0823788121 0.0880258307
0.0223574694 -0.0457359999
0.00328959106 -0.0151965832
0.0368126184 0.0240879618
-0.029194491 0.01506967
-0.00375493476 -0.000648697023
0.067059882 -0.0124298194
0.00791076943 -0.00228899927
0.0156089598 -0.0112392558
-0.0366066098 -0.0231908672
0.0529639311 0.0367067829
0.0209620688 0.0130262664
-0.0428247266 -0.0113112126
-0.0632554218 -0.010944372
-0.0196294803 0.01831677
-0.0724317878 0.0197628252
-0.0487199873 -0.0219815969
0.0700515956 0.0247148406
-0.0309056658 0.0202660561
-0.0579655059 -0.026379874
0.0174163189 0.0654510334
-0.0258025676 -0.0585959367
-0.0242581945 -0.00554157048
0.0227036551 -0.0525658391
-0.0013879718 -0.0768966302
-0.0334964171 -0.0405975655
0.00159531506 -0.032071352
0.00407704432 -0.00413621729
-0.0286013409 0.0691677108
0.0152620124 0.00706360349
0.0387151279 0.0333912931
-0.0040460811 0.0031955766
-0.0648399442 0.00350861577
-0.039218355 0.0083603235
-0.0370918401 -0.00804811157
0.0114576211 0.0202259216
0.0428301878 -0.0174903106
-0.00477381004 0.0349116102
0.00708455173 -0.032549236
-0.0126902368 0.101596758
-0.00700619305 -0.037266098
-0.0512601733 0.0056696008
-0.0578174293 0.0450854078
0.037662942 0.0699358284
0.00436283927 0.0171267558
0.00321286614 -0.0360396393
-0.0582507104 0.0217811875
0.0260684844 0.00462309318
-0.0284721777 0.0853875875
0.0911780521 -0.00214363146
0.00969710294 -0.00942056254
0.0110925864 0.0511190146
0.00370860007 -0.0400142819
-0.0370764844 -0.0180729106
-0.0356384292 -0.0132635962
-0.0517327301 0.029124124
-0.017578207 -0.0827159658
0.0229037702 -0.0266532972
-0.0334644131 0.00555374147
-0.0252179671 0.0112431701
0.0166437607 0.0536546819
0.00580752827 -0.0344141237
-0.0279598627 -0.0340675525
0.0164605416 -0.0371315852
0.0594751537 -0.00661172764
0.0147565091 0.0444035269
0.022348864 0.0570733137
-0.0344375297 -0.0357392356
-0.0703319535 0.060790889
-0.0651772395 0.00259660371
0.0251048747 0.00319118774
-0.012642161 0.0156842247
0.0132206874 -0.00333386334
-0.0160284527 -0.00553261861
0.0106102042 -0.0189657789
0.00692371326 0.00313904881
0.0524460822 0.00944214687
-0.0140446378 -0.0243730731
-0.0356751047 0.0488652736
0.0211441554 -0.0280101411
-0.00280676712 0.0265366659
0.0198696647 0.0493217483
-0.00917897653 -0.00974774454
-0.00835907273 -0.0152964387
0.0530876257 -0.0180410035
-0.0199007615 -0.00111231115
0.00762634072 0.0256238524
-0.00218662317 -0.042326577
-0.0117872646 -0.0242521167
-0.0192125626 0.0296521448
-0.00892179646 -0.00834594201
0.0390611514 0.0447038077
0.00451697037 0.0847604647
-0.0480868928 -0.0337436162
0.0145580415 0.0126389051
-0.0393347368 -0.0390116945
0.0178313348 -0.0127443355
-0.00205929414 0.0763949379
-0.0487425812 -0.0170093291
0.0184842627 -0.0135623589
0.0247937106 -0.00510808174
0.0588512197 -0.0539923348
-0.0296029542 0.0122771207
-0.0244100969 -0.00464483583
0.0375742987 0.0119218603
0.0109697301 -0.0772322565
0.0349815972 0.0118374033
0.0973269865 -0.0151442913
-0.0297829751 -0.0141166765
-0.00708558364 -0.0194587968
0.00645249477 0.0732194334
0.0260540135 0.0109101031
0.014139737 -0.00106407749
-0.0125716794 -0.0485805012
0.0264581703 0.0642772391
-0.00127418491 0.00585487159
-0.00110643543 0.0280632339
-0.00259249681 0.0721692592
0.022054987 0.0318928063
0.0586912967 -0.0412786938
-0.0331659839 0.0310538672
-0.00347547024 0.0086352285
-0.00616640504 -0.0283136666
0.0542921238 0.00638833828
-0.0178448334 -0.0195056088
-0.00991066732 0.00900848676
0.0574027449 -0.015992092
-0.036701113 0.0326031707
-0.0641133413 0.0343582518
-0.017528303 0.00347184413
-0.00737191224 -0.0664326847
-0.0122625353 -0.0134002864
-0.027229581 0.0159718208
0.0155697977 -0.0210451595
0.0701425001 -0.00465000933
0.0132274292 0.015783906
-0.0211123694 -0.0085775815
-0.0394222848 -0.0147535251
0.0172684155 0.0246016532
0.0320350789 -0.000150058651
0.0217746273 -0.0759828687
-0.0474730767 -0.00872465596
-0.00175925053 -0.00342654157
-0.0427538641 -0.0144097554
-0.0348766185 0.000913773372
0.0397968106 0.0119181965
-0.0472544879 0.0388530232
-0.0240099281 0.00722910743
-0.00955057144 -0.0164727103
-0.0269268546 -0.0388272852
0.0111785317 0.0419234857
0.038833838 -0.051698342
0.00525364932 -0.0125034638
-0.0234379116 -0.0236145593
-0.0186407901 -0.023998104
-0.0145596899 -0.000965294719
-0.0239680391 0.0911265835
0.015890738 0.0183504391
-0.00565874623 0.00926509872
0.0152332773 -0.0262243096
-0.093594484 0.00396810286
-0.0279871747 -0.0395705737
-0.0165674668 -0.00961149856
-0.0134897921 0.0400348678
0.0692778304 0.0212963391
-0.024551589 0.0553577431
-0.0139039531 -0.0200642515
-0.00816811714 0.0782000273
-0.0144317038 -0.0564948171
-0.0750228688 -0.0404004306
-0.0262889545 0.0429314077
0.0320349224 0.0910073295
0.0397501364 0.0534868985
0.016653249 -0.012092012
-0.0693553165 0.0359349288
0.0468557999 -0.0308893006
-0.00292801182 0.0849707648
0.0864297524 -0.0301959012
0.000493096421 0.00633510249
-0.004254058 0.0125249308
-0.0325271934 0.017684292
0.0231078956 -0.0197550412
-0.0418655016 -0.0309499577
0.0114565939 0.00653641252
-0.0494595915 -0.0220000129
0.0150570236 -0.000165806603
-0.0815683678 0.0220434237
-0.0315598771 0.0473781154
0.0279130004 0.0196936969
-0.0193003155 -0.0116469348
-0.0160175804 -0.0580787845
0.00690457784 -0.0764622539
0.031065084 -0.0231446978
-0.010935545 0.0684338808
0.00795616489 0.0542933457
-0.040260002 -0.0355906934
-0.0603081621 0.0715485737
-0.0743685812 -0.00296688196
0.000379360688 0.0348614901
-0.0379334018 0.0285886154
-0.00534443511 0.0190118197
-0.00469485531 0.009065561
0.0572147928 -0.00462626992
-0.00394095341 0.0464674234
0.0222663321 -0.0250478294
-0.0238287747 -0.0257205404
-0.0612638108 0.0173900556
0.0350919329 -0.0419751704
-0.0049027265 0.0442382768
0.0767022818 0.0143194376
-0.0213852376 -0.00752538117
0.00367863034 -0.0415601805
0.0305054896 -0.0164565518
-0.0271608997 -0.0153195132
0.0128914835 0.0287677143
-0.037755426 -0.0302342363
-0.00397650711 -0.0417138822
-0.0119846351 0.0137544461
-0.0228145402 0.0235336293
0.0383538567 0.0315112136
0.0191272013 0.0449395292
0.0184732229 0.0250787195
0.00872631185 0.0357084386
-0.0106594898 0.0124095185
-0.0478263088 -0.0535056628
0.0582176447 -0.0621501133
-0.0681339279 -0.0298459008
-0.116064705 0.049658969
0.0692652687 -0.015905777
0.00213273359 -0.0396043248
-0.105216525 0.0227748025
0.0161357149 -0.00900327414
0.0236880537 0.0489060991
-0.00831709336 -0.00360939233
-0.0340170152 -0.0410160981
-0.0227890294 0.0405890644
0.00492022978 0.0285849813
0.000333549426 -0.0570834763
0.0571475066 0.0113319913
0.0133429291 0.0201497264
-0.0268893987 0.0255100578
-0.0402789451 0.004202493
-0.0643932149 -0.0275143851
0.000862247369 -0.0577225648
-0.0385131165 -0.0789931044
0.0530651696 -0.059442725
-0.0102972295 0.00496820267
-0.0227548126 -0.0362475142
0.035637524 0.0129810432
0.0507232472 -0.0722283274
0.0539500415 0.0410316177
-0.0490320697 0.00941404793
0.0286119375 0.00629970711
0.0469495989 0.0317841321
0.0471102633 0.0054490855
0.0611736625 0.0535418652
-0.0630198419 0.0559413545
-0.109644085 -0.0684466958
0.0324499346 -0.0100399414
0.0794250071 -0.004310132
0.00569213228 0.0555950627
0.0929737464 -0.0166399125
-0.0251159146 -0.0432897061
-0.0514899753 -0.0260439571
-0.0355682336 0.0121288123
-0.0522492491 0.0100095971
-0.0278455429 0.027071299
-0.0226277169 0.0276040845
-0.031312719 -0.0576053113
0.0457616523 -0.0687566251
-0.00951016229 0.0456543751
-0.0696544871 0.00314445724
-0.0876464471 -0.00822514854
-0.0127266636 0.0267373957
0.0683231279 -0.0194324609
0.0399637744 0.0227438752
0.05817426 -0.0153003884
-0.0223227199 -0.0806618482
-0.00410785852 0.128071487
0.028396802 0.00298139476
0.0343824327 -0.183042631
0.0529314056 0.0187700801
-0.0244293045 0.0583951361
-0.0728339925 0.00768175721
-0.0434904248 -0.0296215937
0.0308718998 -0.129533932
-0.00526540307 -0.0447760746
0.0118184965 0.0649833679
-0.00181968033 -0.0436918624
0.0347526968 -0.0157831348
0.0678795353 0.00124364172
-0.00099475868 -0.0392329916
0.0117312847 -0.0438012742
0.0405620299 -0.0843675211
-0.0181313101 -0.01064023
-0.0532111079 0.0192838237
0.00351258856 0.00420238264
0.05901419 -0.0457586311
-0.0463295467 -0.1062029
-0.0268420894 -0.00105712493
0.00820475817 -0.0184949413
-0.0275614709 0.0306339134
-0.0801468492 -0.00248961663
0.0363754407 0.0243967921
0.0166343842 0.0937542543
-0.0732472166 -0.00157951785
0.0503344834 -0.0390994027
-0.0241085496 0.0217565242
-0.0497032106 0.0605471283
-0.0390787087 0.0664887279
0.0102936532 0.121400274
0.132119849 -0.00102594995
0.0149630001 0.00216312148
0.00379604148 -0.0233930312
-0.0166278165 0.0303829648
-0.0106153693 0.0425107963
0.0365434997 -0.0283116661
-0.0681368932 -0.023554476
-0.0197940934 -0.00466411514
0.100029074 -0.00599266216
-0.0165629853 0.0134885758
-0.00673542265 -0.0673777685
0.022342423 -0.0111488504
-0.045001369 -0.0191003159
0.0438806005 -0.0269161165
0.0508521311 0.113451295
-0.0645845234 0.0790140256
0.0304831378 0.0427245758
-0.00429536449 0.0190942809
-0.0419782475 -0.00877706241
-0.0109657077 0.0373304784
-0.0327575319 -0.00210928754
-0.0207839031 0.03627735
-0.0262058731 0.0380880684
-0.0738349929 0.0385207273
-0.0646110475 -0.0069536739
0.0996839851 0.0102264993
0.0905615985 0.00137183105
0.00249851425 0.000860228669
0.03914297 -0.0455963239
0.0188601576 -0.0361054763
-0.0606494769 0.027833974
-0.0592117272 -0.0752612799
-0.0275364276 -0.0161544904
-0.0616142713 0.080933705
-0.00140041404 -0.0486976877
0.0951196253 0.094394736
0.0483596958 -0.0478473529
-0.0187972486 0.0321930498
-0.0148785645 0.00332315289
-0.079306595 -0.0449628569
-0.00585197983 0.0838324055
0.0926187113 -0.0681245774
-0.0227990076 -0.0945993885
-0.00527986372 -0.0986554399
0.00920131616 0.0177531019
-0.0811283141 0.0475386083
-0.0326603539 0.0297754426
-0.0101208398 0.0602235049
-0.0396632589 -0.0559655353
-0.0389847122 0.0110016773
0.0400318131 -0.0271036476
-0.0467727035 0.00516100461
-0.00127098628 0.0295074861
0.0767670944 -0.00439004228
-0.09598317 0.0171060916
-0.0680328086 -0.0349872336
-0.0582649671 0.0420614183
-0.0431834534 0.0438031927
-0.0566119142 0.0079919342
-0.028643012 -0.0098752398
-0.0143095721 -0.067961283
-0.0570158251 -0.0598019324
-0.0768353269 0.0910183117
-0.0328966901 -0.00819978304
-0.011126739 -0.0741662011
-0.0457956977 0.0734544098
0.0174709149 0.0558822565
0.066988945 0.0358126201
-0.0134631647 0.0155259669
-0.0506031662 -0.00950795412
0.0670542195 -0.0379526913
0.026433412 -0.00950610824
0.0345082656 0.059369199
0.066591844 -0.0184103828
0.0382344909 0.0127650378
0.0246058088 -0.0340889916
-0.0227119271 0.00725204265
-0.013527846 0.0297412351
-0.00439934013 0.011846316
-0.0295204818 0.0468190759
0.0186981633 -0.0334847569
0.0773529932 -0.0132837323
0.0413774811 0.00316188834
-0.0406188518 -0.0208649691
0.0294090398 0.0524534285
0.0489955172 -0.0269481894
-0.0668080524 -0.0347874016
2.5959429e-05 -0.0163382646
-0.0662989393 0.0135557018
-0.0500774346 -0.0346829966
0.0149168018 -0.0197715499
0.0418877676 -0.0507576764
-0.00159759785 -0.0542348437
-0.0304577164 0.0702551007
-0.031970758 -0.00970670395
0.014876131 0.0189390201
-0.00018078163 0.0418740883
-0.0337722339 0.0365980491
0.024742851 -0.00081124797
-0.0360186212 -0.0302309636
-0.00382682169 -0.00993129425
0.00210428354 -0.0120448172
0.014793653 -0.0301504247
-0.0539886951 0.00642941892
-0.0124221472 0.0286683235
0.0285869483 -0.00450701686
-0.0497377962 -0.0348737687
0.0573205352 -0.0336734354
0.00671096938 0.0381241627
-0.0566748232 0.000659499317
0.0447378345 -0.0353785604
0.00597213861 0.108007111
-0.00350826699 -0.0348256044
0.0153811285 0.0338400565
-0.015829064 0.0185273476
-0.0399170145 -0.0530420244
-0.0251660291 0.000255153573
0.0258475672 -0.0551992208
0.0252214149 0.0136611462
0.0662357062 0.0257284269
0.0269628577 -0.133549646
-0.0187659562 -0.0286756027
-0.0529894494 -0.0281313471
0.0423172601 -0.0427691936
0.0107635921 -0.0677312836
-0.0236589648 -0.0222493149
0.000143721554 0.0245311372
-0.0145543041 0.0296962317
-0.0604038015 0.0400626659
-0.0447995998 0.0194262397
0.0889631659 -0.0143577205
-0.00306521449 0.0642210618
0.0036718687 0.0452662259
-0.0654935986 0.00385907898
-0.0384160466 0.00280059036
0.106225871 -0.0402490981
-0.0357634127 0.00350030698
-0.0498843752 -0.0279962942
0.0138496524 0.01121605
-0.0204692725 0.0361586176
0.0693752766 -0.0772322491
-0.0298499838 0.0141766863
-0.034887854 0.0492575355
-0.0119389463 0.0604952462
-0.0255129319 -0.0513427928
0.0100603523 0.00453135744
-0.0542224422 0.073596403
0.0290995874 -0.0570502914
0.0560084395 0.029544061
0.0949289352 -0.0205553528
0.0982295945 -0.0404484384
-0.0257142857 0.00844230782
-0.0482175983 0.0276303533
0.0556392595 -0.00605973508
0.0601305664 0.0113176815
0.0301366858 0.0893321261
-0.0337820202 0.0426392108
-0.0323995762 0.0114457831
0.0782030672 0.00577198854
0.0299558323 -1.86994475e-05
0.0660706535 -0.00288600358
-0.00572434627 -0.067502059
-0.0276739597 -0.00258178986
0.0822535902 0.0171749182
-0.0145103671 0.039792262
-0.0202651806 0.0791532248
-0.0159823019 0.00592201017
0.0322390534 0.0100765098
0.00667835772 0.00974234007
-0.016997356 -0.0305502694
0.00825131871 -0.0435000435
-0.0164635219 0.0127836661
-0.08664231 0.0608703345
0.0534038059 -0.0360692516
-0.0367849991 -0.0224704854
-0.109115683 -0.00339173293
0.0167963374 0.0283266958
0.0768542737 0.0330033153
0.00901720021 -0.0216427017
-0.0249308292 -0.0319683068
0.0308621656 0.0125597436
-0.00586358365 -0.0168582164
-0.0490746312 -0.0261251591
0.0296627805 -0.0326854922
-0.0175360031 0.0234503057
-0.0141557818 0.0240103193
-0.0149446791 0.002557236
-0.0603143126 0.00436834944
-0.00471422449 -0.000887161179
-0.0603318438 -0.0362367481
0.058989577 -0.0463692322
-0.0184853245 -0.0017154396
0.00470284512 0.0260497928
0.0604587756 0.0341125801
0.0345092453 -0.0064886515
0.0819503516 0.0369103067
-0.042350132 0.0281456001
0.0539116971 -0.00134470221
0.023625806 0.0162561759
0.00982499681 -0.0863240361
-0.0455573238 0.011973531
-0.0388618968 0.0865669772
0.0413359553 -0.0099007776
0.0491039492 -0.094698742
-0.0551142916 0.0241842512
-0.010856946 -0.00184555806
0.01346038 0.0191955455
-0.0225101206 0.0448219068
-0.0162555911 0.028944632
0.00745366141 -0.0291860122
0.0485835411 -0.00374724902
0.0440489501 0.075111866
-0.0351745524 -0.0182463266
-0.0509970412 0.0263202339
-0.0309671648 -0.0638657138
0.00993448123 -0.0299372394
0.0153497942 -0.0173915587
0.0747769475 -0.0346111916
0.038469322 0.0410248563
-0.036222782 -0.0814400539
0.0744470358 0.0248390175
0.0216796435 0.0529164262
0.070232369 -0.00534836948
0.00239720079 0.0201315768
0.0280706752 0.00933093112
0.0337293893 -0.010494912
-0.00386639661 -0.0584203079
-0.00362080662 0.107021093
0.0160776135 0.0392282456
-0.0263024271 -0.0284773353
-0.028074868 0.0197931696
0.0475347601 0.0193698145
0.0122821825 -0.0238806531
-0.0765236467 0.0168674439
0.0357622616 0.00583854644
0.0189566724 -0.033041168
0.0319760516 0.0342987143
0.00204295036 -0.0150365233
-0.0529033989 -0.0681199357
-0.0957884938 -0.0117722768
-0.0483425483 -0.0899131224
0.0487884991 0.0797305256
-0.0254087523 -0.0162517
0.0840470195 -0.0674949512
0.035439916 0.0150893424
0.0365833901 -0.0307739526
0.0634394884 0.037552435
-0.0326069333 0.0874004737
-0.0375868566 0.0661008433
-0.0552428365 -0.0181454476
0.0136329513 -0.0382454917
0.0476956815 -0.000719536154
-0.0370977297 0.0124625815
-0.0513368398 0.0713669807
-0.0150925666 -0.0394747332
0.0159539171 0.0277073346
0.00631108601 0.0776127577
0.0783617795 -0.0247041769
0.0362678394 -0.052975338
-0.0865981355 0.0530145057
-0.0299925581 0.0321248062
0.0191865396 -0.0289122276
-0.0310822967 -0.00197307603
-0.0198985487 0.0279964115
-0.00115940231 -0.0164155606
-0.0632729307 0.00395394629
0.0283981767 0.0241122879
0.110089734 -0.119721465
-0.0354465768 -0.04414244
0.00796885695 -0.0190126467
-0.00948220119 -0.0635352209
-0.0683514699 0.0245657507
-0.0100629022 0.0131233009
0.0737842247 -0.00757202227
0.0154140098 -0.0380724184
-0.00438829744 -0.0840965509
-0.049905505 -0.0425416753
-0.00248167594 -0.0177638624
0.0629996508 -0.0499849357
0.0367728658 0.0246687215
-0.0218766741 -0.0934730247
-0.0105572641 -0.0189576242
0.0354568437 0.0175996851
-0.0160008706 -0.0279573034
0.0166607592 -0.0412097536
-0.0076651983 -0.0767905489
0.0182760004 -0.0299903378
-0.0213162266 0.0542626642
-0.116376899 -0.0792199522
-0.04045479 0.0204050057
-0.0878202841 0.0647359341
-0.0180178918 0.0355036817
0.0601815283 0.0108409654
-0.0152768986 0.0243436769
0.0149811758 0.0856203735
0.0176589675 -0.0147803631
-0.0190345719 -0.0507570915
-0.0582447797 0.0199604519
-0.0221816804 0.0347884856
-0.087085098 -0.00815959647
0.068796888 0.0100333281
0.0575701259 -0.0467004031
-0.0864784643 0.0375313237
0.0382877961 0.1014788
0.00811935496 0.024184633
0.0306084156 0.0938427001
-0.0102744279 0.0569877364
-0.0509316176 0.0112501103
0.0978995934 -0.0182761867
-0.0309301671 -0.01434738
-0.0785606652 -0.0670509189
0.0276641175 -0.00498606078
0.0134967547 0.000205711243
-0.0812475607 0.00276745181
0.0192143284 -0.0130110774
0.0682397783 -0.054835964
0.0162657909 0.0191453286
0.0266486946 0.00935007446
-0.0199983157 0.0718437061
-0.00257157371 0.0315251723
0.075960502 -0.0561194159
0.0468079969 0.0708895847
-0.0142347459 0.0721095428
-0.00927408226 0.0207619499
0.0409971811 0.00285938545
-0.0139357084 0.0627246276
-0.0465533584 0.0959734768
-0.046358943 -0.0180471689
0.0130690932 -0.0326003544
-0.0507213101 -0.0277165081
0.00715775555 0.0378011428
0.0334304459 -0.0214670096
0.0322282389 -0.109623849
0.103159435 0.00689707277
-0.00385617116 0.041839689
0.0622276217 0.0706249401
0.0132251754 0.0324091651
-0.037796054 -0.0113702212
-0.0075464095 -0.0196548104
0.00388954463 -0.0419143736
0.0682020932 0.0226588417
0.000369950023 -0.0279865544
-0.0282631572 -0.0125488499
-0.0232574232 -0.0325461179
-0.0737604871 0.0016713097
0.0121617112 0.0444773696
-0.00987650454 -0.0354782194
-0.0129302861 -0.0245765578
-0.0485596769 0.0575834699
-0.112695068 0.0624887943
0.0161136854 0.0260381736
-0.00805133488 0.0299528819
0.0181274191 0.0265293326
0.0352241695 0.00487109413
0.0245488845 -0.0198684912
0.0542205535 -0.047785528
-0.0430083461 -0.115333542
0.0080206031 0.00693686446
0.0256112181 -0.038001895
-0.0103355469 -0.0172657557
0.0725352615 0.0315550789
0.027811408 -0.0508303531
-0.0344292037 -0.00766900089
-0.00238925335 -0.0805324018
-0.0304655191 -0.00889764447
-0.0182849914 -0.0412983075
-0.00241830526 0.02197746
-0.0474370159 0.128841549
-0.0381543227 0.0349747166
0.0223922543 0.00904737692
0.0270714164 -0.00533058587
-0.0301926266 -0.0326979458
0.0351233333 0.103363022
0.0210899804 0.0619264469
0.0607364029 0.0324501917
0.0452496 -0.00014424164
-0.0248908307 -0.0712972134
0.0599216782 0.0219532456
0.0141728921 -0.0153601374
0.0330954604 0.0569373518
-0.0212046225 -0.00279385573
-0.0846737623 -0.00483567268
-0.0323646329 -0.00843268726
-0.0402377136 -0.0734903812
0.134643123 -0.0343494713
-0.0148016633 0.00673500355
-0.0774792731 0.0164504405
0.0735576525 0.0176139046
0.0346076116 0.00798903499
0.00879889447 0.0696121231
-0.0890030265 0.101397991
-0.0345250778 0.0236201063
0.0407324918 -0.0291331112
-0.0433188677 -0.00315803452
-0.0416294299 -0.00563274417
-0.0678192675 -0.0566771999
0.0236399248 -0.0537595414
0.00641169585 0.0361326113
-0.0381646715 0.0532240309
-0.0386691876 -0.0436366834
-0.0329565704 0.00897396449
0.0188416895 -0.0358617976
0.00409030169 -0.0300484467
0.0273725912 0.0929445326
-0.0176062211 0.00824466068
0.0157090649 -0.0551887751
0.076294668 0.0877752304
0.0269131605 0.017969558
0.0212278441 -0.0789105222
-0.0371600725 -0.00815699622
-0.0286532529 -0.0444871932
-0.0818440691 0.00298570283
-0.0202371813 -0.00463314867
-0.0775169134 -0.0132284062
-0.014946389 0.0506366678
0.0665072203 -0.0695381016
-0.0426968299 -0.0159988217
0.00413270155 0.0832351968
0.0115801478 0.000472179498
-0.00887638517 0.0381752551
0.0236811675 -0.0258089714
0.0281582996 -0.0157488678
-0.01502968 0.00704506738
-0.0110157104 -0.0394954011
-0.00614077318 -0.0565622635
0.000713524641 0.000189029102
-0.0875900388 0.099781014
-0.0278404597 0.0167105719
0.0503757261 0.0807470083
-0.0111832852 0.00797683559
-0.00786826573 -0.0240191612
0.0793971121 -0.00192695425
0.0301797166 -0.048910588
0.00801909529 -0.00726850657
-0.0238999408 0.0506247059
-0.0613504201 0.00855344627
0.0560641252 -0.0227269046
0.00878332928 -0.0330602974
0.0121624554 -0.101065986
0.0479382724 0.0093921693
0.0681733117 0.032696642
0.079880558 -0.0295448396
0.0389769971 -0.0184760224
-0.0115676969 -0.099467136
0.0259501468 -0.0269790683
-0.00210232777 0.0587038137
0.0602548942 0.00450739218
0.0396230444 0.0473921113
0.053327173 -0.00343815587
0.0944473669 -0.105951108
-0.00332501438 -0.0368430838
-0.0221552569 0.0485325195
0.0368144475 -0.0324504077
-0.0261044335 0.0521397106
-0.0111799035 0.0183936432
0.0481178686 -0.00692243548
-0.0369187072 0.0667954087
0.00385619467 0.076769352
0.0254558083 -0.052819591
0.039032653 -0.101636611
-0.0492422581 0.0118419072
-0.0426454581 -0.00713531766
0.0249851663 0.0225033518
-0.0631086454 0.00491677737
-0.00910681114 0.0201371443
-0.0231437087 -0.049228657
0.0361861326 -0.0410001166
0.00699483417 0.0588143505
-0.0761685297 0.0237639304
-0.0513643473 0.0824709907
-0.0550366156 -0.0751243457
0.00220099464 -0.0022026964
-0.0369079746 -0.0196010284
0.0969968885 -0.0503862277
0.041987028 0.0157065261
-0.0579104573 -0.0175143629
0.0532974973 0.0362022296
0.0346207693 0.0741674304
-0.000871796277 0.0160170514
0.0202362202 0.0343400612
0.00987732038 -0.0458110645
0.00296733389 -0.0240049865
-0.0354716219 -0.0479136072
-0.00834589731 0.0708650723
-0.000577037397 -0.005246202
-0.0412815139 -0.0319052041
-0.0722759366 -0.0316333733
-0.0255984925 -0.0447733328
0.0764893293 0.00800547469
-0.0469941832 -0.049097795
-0.04304507 -0.0191910509
-0.0733049512 -0.0294748284
0.0221475791 -0.0205232929
0.00278255041 0.0443679579
-0.0305889547 -0.0298990812
0.0272353422 0.0160040855
0.00334380055 -0.00874844659
0.034545552 0.0301016886
0.0218008477 0.00135168096
0.0629721954 -0.0240684859
0.00563822081 -0.0291115846
-0.0933186188 0.00651767617
0.0469011851 -0.0426304787
0.0168463048 0.0181410536
-0.0409818664 0.0173367597
0.0568827055 -0.0466481298
0.0498478115 0.026435148
0.0253792889 0.00575084472
-0.0185578782 -0.0398146324
-0.0498790927 -0.0293216873
-0.0448921621 -0.0824205279
-0.0375012532 -0.0752426907
0.124960385 0.03535036
0.061941579 -0.0152205424
0.00507960422 -0.0570756607
-0.0243839044 -0.0141296601
-0.00852288399 0.00551392278
-0.0480499379 0.017682245
-0.040831916 -0.0329484977
-0.00272596907 0.0267320834
-0.0048774411 -0.0179959685
0.00673380122 0.0225114096
-0.00752222445 0.0644366592
0.0290617906 -0.0719184354
-0.070311144 -0.0459326506
-0.0569657236 0.0827403814
0.0956493467 -0.0760867
-0.0283086039 -0.0954649821
0.0445460863 0.0270354301
0.00152663374 0.00484022498
-0.0655958205 0.0314960554
0.0453114659 -0.00293493993
0.0244935285 -0.0801183879
-0.0513505153 0.108135335
0.0395052545 0.0250423849
0.0699200332 0.0273468923
0.0379854329 0.0163192246
-0.000752765918 -0.0812981129
0.00942251459 0.0238564219
0.0260455403 0.0415256135
0.030317463 0.0271153934
-0.0114612663 -0.000375174684
0.0228107721 -0.0416743606
0.00508895982 0.0519425645
0.0429668054 -0.0440110825
0.024022121 0.0221840329
0.017245559 0.0880930945
-0.0246400945 0.00898189191
-0.00173831428 -0.0188021716
0.0423520431 0.00453739241
2.68735112e-05 -0.0249087885
0.0364830233 -0.0673537925
-0.000346273271 0.0444455557
0.0205496866 0.0870962441
0.0436740853 -0.0224702228
0.0408945456 -0.0529286228
0.032837335 0.00271773385
-0.0436143763 -0.0460175313
0.0763067678 -0.00268171635
-0.075791195 0.0110594127
-0.100393586 -0.0323557742
0.00630914001 -0.0308366474
0.0522244014 -0.039726451
0.0484508537 0.033889208
0.00429221988 -0.00425489992
0.0354099199 0.00670327805
0.0020355552 0.00283447467
-0.0131666204 0.0271270014
-0.0198443942 0.130849093
-0.0190518145 0.0112680243
0.055551853 0.0311085582
-0.0537792966 0.0551563241
0.00858768262 0.0268283859
0.0354664326 0.0414537303
-0.0513136871 -0.0378658101
-0.0242586248 0.00611202372
-0.0949851349 -0.0781327039
-0.0497219227 -0.00162652694
0.0251024943 0.0085360026
0.0159426853 0.00409813412
-0.0191360675 0.00423586136
0.000353835465 -0.0586440563
-0.0238389652 -0.0166650638
0.00806999113 -0.0302976184
0.00977035612 0.0351068228
0.0389104113 0.0207952075
-0.0191962644 -0.00200427743
-0.0612873845 0.0858615041
-0.0263847075 -0.0161779355
-0.0681113601 0.0338116251
-0.00578793976 0.0466818623
0.0421874821 0.00321797212
-0.0156958625 -0.0173630062
-0.0399212539 0.0144377742
0.0174768027 0.0573749729
0.0872094184 -0.0283600576
-0.0887053832 -0.0901376083
-0.0146422451 -0.0301310979
-0.0541979857 -0.00576228136
-0.0679690614 -0.0873680338
0.00197527907 -0.0316805989
-0.0863423347 -0.00815850496
-0.0363994651 -0.0836280361
-0.0204027873 -0.0220827833
0.0372479223 -0.0642308369
0.0610362403 0.054675851
-0.0399019979 0.131534398
-0.00121993269 -0.0440465771
0.0523656942 0.0146166263
0.0163407046 0.0635572225
-0.0305465627 -0.109578826
0.0128814233 0.000333377568
0.0437094085 0.0516124554
0.0341875032 -0.0354752019
0.0507256128 -0.0348393396
0.0719166249 0.0391525328
0.0597281344 -0.0138829881
-0.0242807176 -0.0189568829
-0.0419750623 0.0560335442
0.0661738217 0.0808389783
0.0407781154 0.0113221835
-0.0704260394 0.0160511378
0.0110242767 0.129944906
0.0451200455 0.00857468043
0.00890129898 -0.0511436649
-0.0112493625 0.00328353769
0.0119314529 0.0211690404
0.0313442424 0.0073440019
0.00496197352 0.0499643721
-0.0380942822 0.0443984494
0.0118322661 0.0423055105
0.0169686805 0.108753689
-0.0822806582 0.0376060046
0.00625859015 -0.000314928329
0.0423528366 -0.0328258537
-0.045572225 0.0140986647
0.0260147806 -0.060431011
-0.0446610451 -0.0492727421
-0.0738884881 0.030691633
0.0383551233 0.0231849477
0.0726975277 -0.000832424907
-0.0317929834 -0.0164087806
0.0562466644 0.0515751801
0.051546216 0.00080831215
-0.0253506526 -0.0727956593
0.0799269006 -0.0573669747
-0.0425649546 -0.023116475
-0.0594043098 0.00481716823
0.0452060178 -0.0672352538
0.0435856991 -0.00521545904
-0.0239378214 -0.0532490723
-0.032798849 -0.0502320677
0.00446822913 0.0156777855
0.030237386 0.00358454208
0.0374963321 0.125431731
-0.00195551966 0.0199609883
-0.0465764888 0.0293774623
-0.0459822528 0.0173811466
-0.0201876909 -0.0149366772
0.057665661 -0.000127162348
-0.0330876708 -0.00850386266
-0.0318704098 0.0751352385
-0.0102440203 0.00853221584
-0.0494064726 -0.0048586987
0.0104953321 0.0451176241
-0.0425438248 -0.0134251155
-0.0022737321 -0.00274595688
0.0126451105 0.0395333916
-0.0392499678 -0.00251199189
0.0357068591 -0.0370835178
0.0410894975 -0.0302331448
-0.00645016227 0.0146989105
-0.034472011 0.0615734458
-0.0474689193 0.0332930163
-0.018842157 0.0873790905
0.0294870343 0.0665307119
-0.0726561621 -0.0894630253
-0.0752775222 0.00293649361
-0.0292524379 -0.0242144447
0.0666728392 -0.00203406694
0.0498912185 0.00124829134
-0.0158050098 -0.0775048435
-0.0206052661 0.0267261881
-0.011106655 0.0586771816
-0.00645255717 0.119616523
-0.0489431582 0.037675865
0.0195158478 -0.0641875044
0.0794690102 0.00806716923
0.00412838999 -0.0034325209
-0.0305822399 -0.00949739199
-0.0236135609 -0.0163613465
0.00196584337 0.00426506205
-0.0455870703 0.0272021424
-0.0743473768 -0.0684598908
-0.100339837 -0.129270464
-0.0116740195 -0.051457759
0.0376602449 0.0321622454
0.0035537167 0.0409208462
0.0334241167 0.0380347855
-0.0392333865 -0.0353713781
0.0207524654 -0.00850265846
0.000377313845 0.0396777093
-0.072993882 0.0244021658
-0.0465930067 0.0591603369
0.0638133809 0.0244391803
0.0190702155 0.00529753324
-0.0419513099 0.0230877642
-0.0258679744 -0.0385007598
-0.0273645557 -0.0271775704
-0.0467493646 0.0516853742
0.110509217 0.0481759347
0.0431239344 -0.10915114
-0.107764937 -0.0711810365
-0.0103533715 0.0168368015
1.41379733e-05 -0.0164329428
-0.0283986777 0.0056550391
0.00700442865 0.00156009756
0.0547391623 0.030938318
0.00463838922 0.0728246495
-0.0488969758 -0.030240586
-0.00547560072 0.0821463242
0.00416293088 0.069510825
0.00310841529 -0.0152739538
0.0863730162 0.0498535298
0.068545185 0.0793065205
0.037671525 -0.00265385956
0.0485947654 0.00154223514
0.0485770032 -0.0594904423
0.0198948476 -0.0110123558
0.0473330878 0.0276785977
-0.056080509 -0.00270815589
-0.0648008734 -0.0506869368
0.0237777531 -0.0444993526
-0.032997489 -0.0563634709
0.0685338825 0.00350312097
0.0477778316 0.0194720738
0.019178709 0.0234768186
-0.0202768203 -0.0457658395
0.0747240186 -0.114523165
0.0573275611 -0.0733689442
-0.0337199122 -0.0875121802
0.0871383846 0.00287262676
-0.0489214584 -0.00763316313
-0.0567923225 -0.00254824548
0.0690302253 0.0467193089
-0.0755764171 -0.00910188537
-0.0205957294 -0.0292203967
-0.0751902089 -0.0122953812
0.0520907342 -0.0263223182
0.0507195443 0.0381184071
0.0144971153 -0.0220636204
0.000746334204 -0.0224832818
-0.0380007699 0.0150331417
0.055730667 -0.0104979724
0.00529200304 -0.0172096714
0.00112161238 -0.0424149111
-0.0678474978 -0.0480933934
-0.0432091095 0.0287757646
0.0680174828 -0.0799815208
0.00520150363 0.0149101429
-0.0162260346 0.0303128455
0.00847403891 -0.00265922863
0.040662244 0.0283722933
0.0617212579 -0.0285079647
-0.0318054892 -0.0520266853
0.00273324526 -0.0213196296
-0.0782619938 -0.0211444311
-0.0227887984 -0.092724435
0.112085417 -0.00353365601
0.024328474 -0.034770716
-0.025514869 -0.0480661504
-0.0534061082 0.0286592729
-0.0647714064 -0.0182685796
-0.0455093831 -0.00803890545
0.0357189998 -0.0115989456
0.0289108325 0.093430303
-0.0349192284 -0.0260937586
-0.0731620044 0.0751635954
-0.0430514589 0.031728968
0.014938374 -0.0526070818
0.0241128951 0.00304528
-0.0182207283 -0.00522746984
0.00858228561 0.0280041806
-0.00879463833 -0.101394504
-0.018043682 -0.053562995
0.010571735 0.00707652932
0.0659585297 -0.0227284245
-0.00681361184 -0.0085201608
-0.0519760698 -0.0641519427
0.0254516508 -0.0819131285
-0.00759821432 0.0219975282
-0.0116835926 0.00187770627
-0.0126929469 -0.0216955636
-0.030977875 -0.0115406951
0.0285216458 -0.034453623
0.00489833159 -0.0693389922
-0.0817694664 -0.0316009335
-0.0223780219 0.0572744794
0.00802852865 -0.00173984864
0.0178562757 -0.0289848577
-0.0374272503 0.0407341458
0.0377375558 -0.0273171756
0.0307257269 -0.0336312465
0.000776640256 0.0657713041
-0.0508204214 0.0228405222
-0.0152950203 0.0385843106
0.0377783775 -0.0426939949
0.0136945145 -0.0353263915
-0.00746475952 -0.0321236998
-0.0527013168 0.0234503299
-0.00229963311 0.0286800172
0.0864432007 -0.0251081493
0.00773116481 -0.0854933038
0.0173918083 -0.0546011813
0.0437801629 -0.0402164608
-0.106090575 -0.0180391539
-0.0860291049 -0.03177635
-0.0242308415 -0.021305684
0.0126410658 0.00248607784
-0.104834221 -0.098768726
0.012567699 -0.0296891071
0.0979364887 0.00683789467
-0.0135228932 -0.0473986454
0.0262234882 0.0465374961
0.0719474405 0.0848633349
0.0617295988 -0.0063131121
0.00781182945 -0.0448569506
-0.0162901543 0.00500014564
0.0581874326 -0.0882090852
0.0183037948 -0.0815694109
0.00769689679 0.00991708878
-0.0525597557 0.0686944723
-0.116381921 0.0277848616
-0.0185556915 -0.0703586712
0.0420528129 -0.0311306491
-0.0270265043 0.0481962375
0.0240536332 -0.0286818687
0.0210087225 0.0100064259
-0.0210068449 -0.0446896814
0.0509745479 0.016320195
0.0281982645 -0.0290537309
-0.0628405511 0.0431462228
-0.013396671 0.0535809137
0.0750604644 6.00091953e-05
0.0037609532 -0.0356229134
-0.00624983246 -0.036062479
0.0672297329 0.000954389747
-0.00961867347 0.0247182474
-0.00244484888 -0.0614457428
0.0342620462 0.00745830731
-0.0243994948 0.0179594364
-0.00385625102 0.0176365003
-0.0155991688 -0.0109421033
0.0963573456 -0.0492787585
0.0280340482 -0.018958509
-0.0110225007 0.0621352829
-0.0156544764 0.00405065482
-0.00665196637 0.0409669876
0.0911271945 0.0240153838
-0.0727818906 -0.0118003003
-0.0127641745 0.034397006
0.0805584565 0.0388305411
-0.0607065409 -0.00844828319
0.021280203 0.0113229956
0.0376271717 0.000600500614
-0.0295742229 -0.103850678
0.00785885006 0.0491548963
0.0639481097 0.033693444
0.0418472067 -0.058817938
-0.00167478679 0.0515516512
0.0806593895 0.0173391066
0.0287792124 0.0900486931
-0.0831960067 -3.68675428e-05
-0.0460006557 -0.0793660507
-0.0270153694 -0.012061297
-0.00949240662 -0.0228675716
-0.0327747427 0.0163023174
-0.0859914795 0.0150985885
-0.0969360471 0.0978129208
-0.0613822825 -0.00539438846
0.075123027 -0.0451567993
0.0734547079 0.00285522849
-0.0326996855 0.000840724679
-0.035136003 0.0177988764
-0.0343372114 -0.0256538913
-0.0186180118 -0.0588580631
-0.0193857364 -0.00974898692
0.0254822895 -0.00781878456
0.0606964715 0.00360678253
0.0368694589 0.00759399589
0.032585755 0.0160331856
0.0604142845 0.0573451258
0.00596601097 -0.0283258911
0.0124537423 -0.0180202313
-0.00155325327 0.0122317597
-0.0668832511 0.131512791
0.0596435517 0.0465472899
0.0255164523 -0.0932492688
-0.0506291725 0.000688446744
-0.0199397858 -0.04156572
-0.0290730633 0.0302298479
-0.0259485822 -0.0151671153
0.0513151549 -0.0660768524
-0.0300835297 0.0299846362
0.0081820013 0.00123147003
0.0189643688 0.0508284271
0.0276499745 0.053248357
0.0161628369 -0.0189366583
-0.00581817469 0.0967056975
-0.0152360443 -0.00174655288
0.0841271803 -0.0238644443
0.0715959296 -0.0132800536
-0.145785481 0.0336535126
-0.0149321519 0.0747892857
0.0466800891 0.0217323732
-0.0379059277 0.0469451845
0.0418351069 0.0280472096
0.034045212 0.0331627801
-0.068216458 -0.00560754072
0.00941345468 -0.0128572211
-0.0688785538 0.022563817
-0.149764359 0.00368143572
-0.0451869518 -0.0462353081
-0.0788499787 -0.0495053418
0.00759942131 -0.00500843581
-0.00884472951 0.111477166
-0.0616960078 0.0345052369
0.00232439232 0.000708186009
0.0189104509 0.0296587534
0.0140314577 0.00436196476
-0.00154331117 0.0388063528
0.0153522352 -0.00573029928
0.073583357 -0.0345677398
0.0268502887 0.011506197
0.00666370196 0.036568284
-0.0111415759 -0.0527670793
0.105240941 -0.0354711041
0.0897024125 0.046114821
0.0255714525 0.0608872399
0.0806415826 0.0317154787
0.0105741657 -0.0362718292
-0.0265075136 -0.034972474
0.0202404689 -0.0348415449
-0.0318697952 -0.00535203982
0.00231193495 0.0295695607
-0.0124881435 -0.0226471312
-0.0131888594 0.0470143147
0.0374845602 0.0368506387
-0.0340350866 -0.0642969161
-0.0511039197 -0.00673140679
-0.0681115985 0.0299223624
-0.0158401802 -0.0699082091
0.030228978 -0.0623036101
-0.00277695619 -0.026442593
-0.043242611 0.000393737835
0.0211663954 -0.0105414633
-0.0398982912 -0.0219596494
0.0197945535 -0.0443746969
0.00435807044 0.0030591113
-0.0129787615 -0.0243117828
-0.0213926639 0.0713096112
-0.0540113747 -0.0442445427
0.00221491349 -0.0994147286
-0.0665924847 0.0938422605
-0.0421438068 -0.0347331129
0.0314263329 -0.0310772564
0.0124422126 0.00215045875
0.0390025452 0.00962151028
0.0304657221 0.0581703484
0.0324580967 -0.0519159958
0.0763287768 -0.0362234823
0.0020925377 0.0245124679
-0.0099887643 -0.0128980381
0.0259876046 0.0679025874
-0.0221767202 0.020899646
0.00156207394 0.0223811921
0.0783189014 -0.0552143306
-0.0154769085 -0.0322644413
-0.0875351876 0.0459171534
-0.0580923297 0.026228819
-0.060602542 -0.0421022326
0.0334634632 0.0577609316
-0.0138716726 0.0786882192
-0.0483995378 -0.0611277111
-0.0356346108 -0.0385810137
0.0141981868 -0.0277837887
0.0378495455 -0.0783674866
0.0523071922 -0.041375678
0.0246359892 -0.0121695101
0.0224816613 0.0617779382
0.00399954524 6.43624007e-05
-0.0467410386 -0.0494644232
-0.0036371462 0.0663291439
-0.00770402467 -0.00913813338
-0.0586194322 -0.0471780486
0.0181156006 0.0315476619
-0.0308824182 0.000433696143
0.0601339526 0.00323311938
0.0264788941 0.072232686
-0.0655958802 -0.0135847125
-0.00613382133 -0.0565063469
0.0105761588 0.0453483351
-0.0198324211 -0.0253318399
-0.0185066685 0.00659391703
0.0108773317 -0.0350005627
0.0391720124 0.119747721
0.0205788203 0.0311461762
0.0234964844 -0.0827798098
-0.0324749164 0.0191800985
-0.0196781307 -0.0543481931
0.0405897759 -0.0592416786
-0.0350308008 -0.0805294737
0.0419916846 0.026336262
-0.0314667784 0.0156831406
-0.0492120273 0.0397648402
0.0771557465 0.0200118963
0.0652213022 -0.0155096259
0.0320772305 0.0561659597
-0.00141321716 -0.0610173941
-0.00615561334 0.0431530364
-0.0315925479 0.0451135896
-0.0560784377 -0.0458042361
-0.0228621848 0.039875064
0.00722413603 0.0110855168
-0.0440643765 -0.00123119482
-0.0409775414 -0.0513084084
-0.0143026235 0.0433049798
0.0389744267 0.00719371997
0.0504329093 0.0433847755
0.0338126868 0.0400870629
0.0241872612 -0.00308586541
0.0318720713 0.0907757282
-0.054017026 0.000646886416
-0.035334222 0.0638805702
-0.0531789847 0.101121537
-0.0532846451 0.00313352514
-0.0129170064 -0.0202493388
0.00714617688 0.00602777209
0.00151954417 -0.0143948216
-0.00674627023 -0.102001153
-0.0390436947 -0.0086703198
0.0680611357 0.0205288585
0.0635007098 -0.0556965433
-0.0416248217 -0.0109696118
-0.0208395179 -0.0594921522
0.00523680961 -0.074333258
-0.0211463161 -0.00964060891
0.0445763879 0.0200238805
0.00777737191 -0.0129366051
-0.0138984546 0.0174669083
0.0333291739 0.00733242044
-0.0383088849 -0.0585965589
-0.030629985 -0.0176836438
-0.0179864969 0.0443998128
-0.0277341325 0.0289281383
-0.000956114032 -0.039536953
0.0195771214 0.0257403832
0.0236375071 -0.0623685122
0.0324701853 -0.0266437642
0.0199860148 0.0153613687
-0.0395640805 0.032744389
-0.0481624827 0.0127039347
0.0487429202 0.0123019461
-0.0444083884 0.0656621456
-0.0362349562 0.0219104569
0.0232995246 -0.0181731321
-0.0135037806 0.0350062102
0.0299089793 -0.0227845386
0.0198762808 0.027073713
0.00236648717 0.0669065937
0.0756450817 0.0758046061
0.0355340056 0.0497508384
-0.0335185751 -0.00422222959
-0.0280517992 -0.010407811
0.00618906599 -0.0273795482
-0.0459444039 -0.0259917118
-0.0439780653 -0.0564834215
0.00400265772 -0.0551001094
0.0392152406 -0.00912698079
0.0322322771 -0.0496280752
0.0183526147 -0.000419247313
-0.0612101592 0.0585600846
-0.0908533409 -0.0267892852
0.0165795796 -0.0999764353
0.0940066874 -0.0396079943
0.0147744771 0.0175152514
-0.032143984 -0.00735593028
-0.0579746477 0.0228533279
-0.0211713985 0.0130654061
0.0527392104 -0.00697736209
0.0287010111 0.0212254636
0.0814353898 -0.0476827957
0.0603874363 -0.0464319512
0.0185473114 0.0314288251
0.0331389122 0.0110045727
-0.0314706825 -0.0101155825
-0.0535712428 0.0443730168
0.00801591855 -0.0839266554
0.0118542314 0.0109920977
0.046138227 0.0174693391
-0.0106661012 -0.0325322375
0.0061577973 0.0129071726
0.069645457 -0.017231442
0.0261958335 -0.0431995355
0.0671446472 -0.100430824
-0.0206070039 -0.0096525168
0.00368433422 -0.00504836347
0.048094701 0.00827255473
-0.0939590931 -0.025329059
-0.0783780739 -0.0133398278
0.0232301559 0.00860532932
0.0504375063 0.0328032151
0.0288092196 0.0572898872
-0.0825749934 0.0144492807
0.0418232754 -0.108208336
-0.0193422586 -0.0498052798
-0.0293854792 -0.00815798249
0.0115251001 -0.016381368
0.0103153139 -0.0987965763
0.0382060781 -0.0122050382
-0.0104261423 0.0502506979
0.0540462248 -0.0466140881
0.0593228526 0.018568743
-0.0277686287 0.0112182694
-0.0214991719 -0.0624099635
-0.00831324235 -0.00315632205
0.0174552333 0.0491180941
0.010188357 0.0291468687
0.00767536787 0.00617083721
0.0407685228 -0.0147955641
-0.0231802221 -0.0740747079
0.0482574254 -0.00533141149
-0.0024304965 -0.0171351731
-0.00543795852 -0.0246564839
-0.0356550179 -0.00821212772
-0.0827557594 -0.0278639328
-0.0501572713 0.0822044536
0.0355174504 0.016798133
0.074202247 -0.00906463992
0.0377171077 0.0388535894
0.0297934338 -0.0111292349
-0.00595542556 0.02658551
0.040470235 0.00671055308
0.0264536832 0.111323141
-0.0253478568 0.0160811357
-0.0527996533 0.0234575458
-0.044655107 0.0323808491
-0.0771416724 -0.0307243206
-0.030741578 0.0440532081
0.00724882493 -0.0798022151
0.0287006386 -0.0276916102
0.0657469034 -0.018001033
-0.0239304081 -0.0617822558
-0.0755383372 0.0824623257
0.0380388461 -0.0255452227
0.0243766755 -0.0558692664
0.0230664052 0.0568598472
0.0496783219 -0.00256868219
-0.0421941988 0.0784498751
0.051682815 0.0268341284
0.0322048962 0.0646827891
-0.0386465713 0.0116789425
-0.0359821394 -0.0343519375
0.00884202868 0.0475345775
0.108168073 0.00926627219
0.0180728976 -0.106338769
-0.0380263701 -0.0216502547
0.0239905156 0.0381190144
-0.0348706581 -0.00171910808
0.041553501 0.0215115156
-0.0626441464 -0.00293713971
0.0123840421 0.0719974115
-0.0178603008 0.00102929841
-0.0380646214 -0.0530199856
0.0394565277 0.0685943514
-0.0902464911 -0.0258599184
0.0151666636 -0.0510276482
0.043529056 -0.0105928024
0.00519036967 0.0601574332
0.0285930187 0.0445630215
-0.0108807767 -0.00106795656
0.0259311646 0.00723627256
-0.0169705972 0.0528987013
0.0211344324 0.0721626803
0.00833112001 0.020903701
-0.0203311369 -0.0181450211
-0.00647192448 -0.148862347
0.0724077076 0.0473349541
0.026827028 -0.0550228134
-0.117529929 -0.0920717418
-0.0272181276 0.00543397339
-0.0397590324 0.0457561873
-0.0437565334 0.0474299192
-0.0222846847 -0.0045653237
0.0169070493 0.0443116575
-0.0780479908 0.015213225
-0.0497433506 -0.0036535291
0.00386216957 0.0277325138
-0.00575207593 0.0280691404
0.0167495571 0.0439370982
-0.0411614068 0.0214935187
-0.0314149782 0.0502971746
-0.00353250443 0.0185938869
0.0375351757 -0.0422974192
-0.0319090597 -0.0539192483
-0.0507749058 -0.0812857151
0.0988048986 -0.0337891877
-0.0238452051 0.064546518
-0.0632560179 0.0391223766
-0.0175481811 0.0590216145
-0.0678203478 0.0608955249
-0.00971169956 -0.0407448262
-0.0138577186 -0.0459890179
-0.0257731825 -0.029865399
0.0316538662 -0.0289532859
0.0118987476 0.0016731834
0.0158841088 -0.0467272028
0.00803475268 0.0513200648
-0.0239324402 0.0590445101
0.066565536 -0.0015822649
0.0527839251 -0.0341636203
0.0239560679 0.0639989674
0.0192271229 0.0998203456
-0.00123707741 -0.0178904217
-0.0168043487 0.0691001862
0.0522910655 0.0383250006
0.0178358648 -0.0239607263
0.00585556496 0.0514915437
-0.0384689942 0.0456098206
-0.075258106 0.0412367843
-0.0577353835 -0.00464131031
0.0452309288 -0.0433294252
0.0552431867 0.0326898992
-0.0196091328 -0.000928379945
0.0331662782 -0.0229771975
-0.0134387342 0.0786098093
0.0626472756 -0.0592436455
-0.00861802138 -0.0104389694
0.0035984721 0.119173206
-0.00160428719 -0.03062292
0.0448061936 -0.0229234789
0.0281243008 0.0296686832
0.0598611571 -0.0939576998
0.0509437621 -0.0298153162
-0.0331573561 0.0152048282
0.0731915012 0.0460854545
0.0306652486 0.13725096
-0.0204992779 -0.0137891015
0.0899371207 -0.0489218421
0.0317093469 0.0353369713
-0.0293836799 -0.0452333391
0.0258750524 -0.0173750576
0.0181509107 0.0224921312
-0.0650433302 0.084159255
0.00817035884 -0.0149194365
-0.024535276 -0.148853123
-0.122396946 0.0699500293
-0.0331970975 -0.0228490569
-0.0337441042 -0.0162438024
-0.104087703 -0.0517725386
0.00274884165 0.0480461605
0.107280008 0.0370859727
0.00630340911 -0.0131181097
0.0232746881 0.0503584929
0.0976349637 -0.00481100054
-0.0456829257 0.00315460726
0.00844046846 -0.00203925511
0.038803868 -0.0005522102
-0.0162030347 0.0777328461
0.0357185788 -0.00830613635
-0.0263746213 0.0314892493
0.0597996227 -0.0510811843
-0.0354930274 -0.0753644183
-0.0227289088 -0.0596246719
-0.0734927729 -0.0350077264
0.0152067011 0.0442898795
0.103873268 -0.0383831672
-0.0327246971 -0.0150821116
-0.00710652396 0.00519771734
-0.0339053385 -0.00569281774
0.0737790465 -0.0160547532
0.0495549776 0.00602727104
0.0112139853 -0.000792831765
0.032764677 -0.0217539519
-0.03075202 0.0105398912
-0.00635237293 0.00949314795
-0.0442796983 0.049963437
-0.0499312691 -0.0316280127
0.0249956287 0.00660883123
0.0783077106 0.00641702721
0.0439274013 -0.0585944876
-0.0397530235 0.00640764227
0.0260868929 0.00219899486
-0.0157766081 0.0509804189
0.0844281018 0.0233088154
0.0458619632 0.00063036161
-0.0800845996 -0.0165283587
-0.0112654865 -0.0619612373
-0.00391850574 0.000687133346
0.0107709868 -0.0285776146
-0.0346002355 -0.075167343
-0.018593045 -0.0301614348
0.0214304142 -0.0487143472
-0.0693954155 -0.0128569119
-0.0208099056 0.0333203971
0.0235099718 -0.0401819758
0.00180950924 0.0269571003
-0.0230054911 -0.0324970149
-0.0441429392 0.00380087062
-0.0643627867 0.040366251
-0.00206647185 -0.034378089
0.0254266392 0.000663240382
-0.0572472438 0.0603569821
0.0879840851 0.0678943545
0.101338618 -0.0138233909
0.00319075631 0.021228157
-0.028893901 0.0298768394
-0.0626494661 0.0351442024
0.0219209362 0.013357264
-0.0522393584 0.0677309409
-0.0423460715 0.0273251534
-0.0455694646 -0.0274799112
0.0160914026 0.0309256315
0.0197759662 -0.00930096954
-0.0106676659 0.0483070239
0.0341766588 0.0884208828
0.0347617641 -0.0193979535
-0.00383053557 0.0301867947
-0.0461392626 -0.0320840701
-0.0722574815 0.00428619888
-0.047463309 -0.0416102856
-0.0518364534 -0.0442226529
-0.0853463188 -0.0669363141
-0.035754174 -0.0525448918
0.0507819615 -0.0313865803
-0.00253666774 -0.0486666113
0.027543731 -0.00177270733
-0.0368824005 0.0727477148
-0.0893597454 0.0333636031
-0.00172123755 -0.0498280786
0.0855562314 -0.0870900005
0.0270296317 -0.000705064798
-0.0483024828 -0.00550707011
-0.0327988751 0.0639967322
0.0297837853 -0.00564880995
0.0110787461 -0.0320661776
0.0198072176 -0.00759797357
0.032073386 -0.0626796558
0.0239860769 -0.053640902
-0.0025035243 0.0206929818
-0.0280924067 -0.00216208631
0.0195035096 -0.0120778177
0.0458140336 -0.0147771519
-0.027766576 0.00755978934
-0.0218646843 -0.0211357009
-0.0856163576 -0.00499871001
0.0402962938 -0.0989105105
0.0546316653 -0.0248188823
0.00146490883 -0.0074850712
0.0255074222 0.0254066717
-0.00537259365 0.0186626893
-0.101878487 4.18555901e-05
0.0149207022 0.111671321
0.00281078392 0.0492724292
-0.00437237136 -0.0259712227
-0.000269332755 -0.0475415923
-0.0456436612 -0.0950322673
-0.0440009683 -0.0453970022
0.0344197452 0.0550935902
-0.0320120119 -0.0231830142
-0.00208652113 -0.0568910874
-0.105452955 -0.023673201
-0.103874952 -0.0365132987
0.0651408583 0.0404349342
0.0505044386 -0.0191716794
0.0326200612 -0.081795916
-0.0187283065 -0.0326023176
-0.0274434909 -0.0482288003
-0.0648786426 -0.0631348267
0.0486678146 -0.0405882038
-0.0460334048 -0.0275529921
-0.0412517153 0.106460214
0.00902387686 -0.045381058
-0.0129272649 -0.0166578554
0.0139286816 -0.022413604
0.0480483435 -0.0399884917
0.0480142534 0.000155960632
-0.0378464274 -0.0116969394
-0.0863348842 0.0367635973
0.0311296675 -0.00933820009
-0.00503839413 -0.047833275
-0.0661485046 0.0617979392
-0.0222691856 0.00707178144
0.0379021317 0.0137323542
-0.00412907731 0.036024455
0.0354668573 -0.0245978963
0.0618272312 0.0466576256
-0.0432270356 -0.00453664269
0.00327426242 -0.0354815349
0.0307307448 -0.0603111647
0.0539309718 -0.043581441
0.012347145 0.00688025588
0.00352968322 0.0505734719
0.00563729508 -0.0163169485
0.0435137115 -0.0568929017
0.0452117957 -0.0370517597
0.0439881384 -0.0390117913
0.0598423854 0.015435555
0.0734608546 0.0874656364
-0.0473103225 -0.00601992244
-0.0334031619 0.00307222712
0.0592268631 -0.00411708234
0.013768605 -0.00684437668
-0.0860968754 0.0360884555
0.0439679921 0.00404439215
0.0970910266 -0.021424694
-0.0040371879 -0.0437187552
-0.0695215836 0.0780844912
-0.0170719326 0.0649003163
-0.0439147167 0.0207829755
0.0368247256 0.0326624513
0.0272741895 0.020322049
0.0142286262 0.0585959032
-0.038552586 0.0408438854
-0.0450233072 0.0966587961
-0.0200298242 -0.00828803144
0.0641076937 -0.0396579728
-0.0037082762 0.0294286944
-0.0237307195 -0.0848456398
0.0103119416 -0.051437851
0.00252022478 -0.142800644
0.0348588005 -0.0459716246
-0.0108066555 0.00623870362
0.00648283027 -0.0452282466
0.0150198508 -0.0750993192
-0.0306610856 -0.0579661392
-0.00221875566 0.0600620471
-0.0371420495 -0.0248575248
-0.000330894836 -0.0332285017
0.0242498126 -0.00969865266
0.0343650952 -0.0895181075
-0.00626275083 0.00225853827
-0.0619049482 0.012745291
0.0491849445 -0.00707780477
0.0460882783 0.0133965779
0.00696370704 -0.0343292616
0.0154436082 0.0324666053
-0.0312413909 0.00479939766
-0.0429953709 0.0251317322
0.0308395643 0.0303155035
0.0819618776 -0.0481274165
-0.00775467465 -0.0210675336
0.0147075877 -0.00643259613
0.0499667339 -0.0857120529
-0.0124634225 0.018854389
-0.0102892555 0.0130157582
-0.0306994021 0.0206816494
0.00213247724 0.0209220592
-0.079012014 -0.00876076426
0.0141689489 0.00149084616
-0.020927161 0.0337227508
0.0153629268 0.122137621
0.0587823987 -0.0255795438
-0.0144510297 0.012958887
0.068219617 0.0942413434
-0.0339072086 -0.0283154361
0.0109448573 -0.0645056441
0.0254141167 -0.0150791332
-0.0613192916 0.0608253852
-0.0750330016 0.000958188612
-0.0234827623 -0.00138274557
0.0240130257 0.0175757073
-0.00290029333 -0.0487024114
0.00423878944 0.0787848532
-0.0635400712 0.0821970478
0.00809305999 -0.0147881294
-0.00320735411 -0.0787149742
-0.07671047 0.0184572805
0.0253730174 -0.0447499827
0.0517661683 -0.0401183218
0.00838031713 0.0357216336
0.0488786325 0.0253538992
0.02757884 0.0561325215
0.0502683446 0.0290650763
0.0398656316 0.00708583929
-0.112624332 0.0785538927
0.00230959686 0.107739009
0.0585114844 0.0817980766
-0.00912300497 0.0282797311
0.0245367698 0.0582186244
0.030358009 -0.0108735282
0.0177728813 -0.0598746203
-0.0168896168 -0.0285691787
-0.0838045701 0.0451499
-0.0167510174 -0.00287655927
0.0816278383 -0.0223688968
0.0535499156 0.0025650661
-0.0679561496 -0.0107890051
0.0647943392 0.0491853729
0.0203466918 -0.0251452867
0.0283011124 -0.071523346
0.0471416004 -0.0118188784
0.01390051 0.00265589752
0.00250478717 0.0213347692
0.00671794638 -0.116026714
-0.0579290614 -0.0350190364
-0.00384366163 0.0467833988
-0.0506986566 -0.0105679492
-0.0563238263 -0.0220971201
0.0172779076 0.0056341039
-0.0693933666 -0.0356060788
-0.00183207134 -0.00229368662
0.0311760679 0.00953480974
-0.0331298523 0.0502385832
0.0350588039 0.054638043
-0.0872825831 -0.0206314828
-0.0462354086 -0.100826263
0.0602906756 0.0562941097
0.00564539107 0.044963032
0.00972253643 -0.038520366
-0.054350052 0.0394305885
-0.0183848068 0.0958430469
-0.0271912627 0.0270106345
0.00476416992 0.0953353271
0.00446128706 0.00019409653
0.0596097 -0.0173962805
0.00835575443 0.118428789
-0.119747199 0.0409028903
0.0232423712 0.0306457449
-0.00640723621 0.0406852104
0.00561426021 0.0791039169
-0.0101717571 -0.0101628425
0.0658896789 -0.0431719981
0.0100632869 0.0441639498
-0.0663863495 -0.0565430485
0.000637770165 -0.06138248
-0.0030193564 0.0303574465
-0.103766151 0.0178842545
0.0116976229 0.0384535231
0.0672668517 0.00797768869
-0.00620447518 -0.037551567
0.00244622887 -0.0239929333
0.0614971407 0.0367914997
0.00945681892 -0.0565762371
-0.0329613276 0.0367896482
-0.019097615 -0.0106560858
0.00933500379 -0.0403150357
0.0140555771 0.0832514837
0.0925732777 -0.0340814143
-0.00646845624 -0.0681050494
-0.0561595783 -0.0505685918
-0.0179649815 -0.0566169173
0.0458358265 0.00988080073
-0.00577141112 -0.00457032025
-0.0640608296 -0.0853120089
-0.0279397275 0.0271400157
0.0294901561 0.025845658
0.0528903343 0.0559842698
-0.0243453737 0.0294052698
0.00969394576 0.0061606965
0.00137569453 0.0153040113
-0.0359106883 -0.0453382283
-0.0152452169 -0.0403280891
-0.0557123311 0.0352390781
0.0467201062 -0.0398769416
0.0123606967 0.10996753
0.024617888 0.0412085578
0.00687459437 -0.108061507
-0.0444696397 -0.0355689228
0.0580949597 -0.0159208197
0.055406753 -0.0302052498
0.0843836144 0.00857339799
0.0731444657 0.0132352365
0.00536814518 0.0403732248
0.00689011067 -0.0516721718
-0.0448311418 0.0753020868
-0.0617439374 0.0147322714
-0.0751035735 -0.0603555255
-0.03381427 0.00403234642
-0.0125458864 -0.0619993135
-0.0475807413 -0.000514667132
0.075579524 0.0440972522
0.0412141122 -0.002758811
-0.00638639834 0.10911224
0.0163566675 0.0272315256
-0.0777149126 0.010213091
0.0188367702 -0.00748582371
0.0707318634 -0.00315476209
-0.0257336013 0.0492855124
0.0672720596 -0.031812802
-0.048739519 -0.00800924189
-0.086617358 -0.0249377768
0.0274135936 -0.0245081373
-0.0336002931 -0.04210921
0.0583980121 0.0225340519
-0.0223179366 -0.0467600822
-0.0434202217 0.0299391206
-0.00227361289 0.0725994259
0.0181311965 -0.0290460344
-0.00024769525 -0.0124596376
-0.0182908252 -0.0467294045
0.0370992832 0.0229515899
-0.0481895767 0.0334088653
0.0257104337 -0.0385858268
0.0483943671 -0.0240981504
-0.0152775496 -0.0421888903
-0.0362707935 -0.00823425967
-0.0160573293 -0.0108295316
0.00340308947 -0.0404748023
-0.0334804133 0.0078705335
-0.0615886301 0.00952199753
-0.0942613408 0.0117127318
-0.00949647091 -0.135179207
0.0301375147 0.00751590449
0.00363950105 -0.0305202585
0.045869831 -0.00368861528
-0.00382530759 0.0162472073
-0.095301494 0.0430714227
0.0255151521 0.142291442
0.0300555844 0.0444421396
-0.0450077504 -0.00336907129
0.0215694644 -0.0312301219
-0.0752739906 -0.014802522
-0.0548063852 -0.0544382744
0.0253373608 0.0498531349
-0.00431702705 0.0211376157
-0.0446430705 -0.0156629831
-0.0895940065 0.00779617578
-0.0666305795 -0.00265042041
0.0595567636 0.0498566143
0.0743167549 -0.0166803729
0.000308554794 -0.077249974
0.00878998823 0.0311482269
-0.0297209118 -0.0587236434
-0.10676638 0.00609208085
0.0265715402 -0.0708752945
-0.0407543667 -0.0226805061
-0.0450354442 0.109765388
-0.0573966615 0.0716155395
0.00925661437 0.0346334353
0.0181043297 -0.0364616029
0.00891429186 -0.0432351716
-0.0195535999 -0.0276220553
-0.0285042636 0.0660132468
-0.0844409764 -0.0102356179
-0.0459719822 -0.0621403344
-0.0213198531 0.0281279944
-0.0277058221 -0.097301811
0.0897290632 -0.0855235904
-0.069669567 0.0635191351
-0.0267697442 0.038487073
0.07446073 0.0494649857
0.011100539 0.00795360934
-0.00257626409 -0.0013624815
-0.0619645603 0.0137320831
0.0186700281 -0.0184004605
-0.0266265366 0.013840111
-0.00885096565 -0.128591791
-0.00020663513 0.061568059
-0.0472363271 -0.00374393305
0.0130511075 -0.0531281494
-0.0136204092 0.0543278866
-0.0332153738 0.0197774116
0.019221127 -0.0292711463
-0.0196416769 0.000808690849
0.0178362168 -0.0168726072
0.0621421747 -0.0329322666
-0.0240046941 -0.0581417233
0.00658004219 -0.0144228609
-0.0453686342 0.0494301841
-0.0705739111 -0.0030138439
0.03768114 -0.0623058155
-0.00721351104 0.0373789221
-0.0533103645 0.000877372164
0.0571333431 -0.0306916591
-0.0212533846 0.0120240469
-0.032302361 -0.0465717129
-0.00672783423 -0.050678324
-0.0496829748 -0.0658374205
0.0104650129 -0.00838927273
-0.015826121 -0.00297990302
-0.0174220093 -0.0261287168
0.0771356672 -0.0153949251
-0.00646379031 -0.0145615153
0.0281726811 -0.0468660407
0.0320401676 -0.0424352176
-0.0257231947 0.0023418183
0.0254342556 -0.010786348
0.0181396883 -0.0663055703
0.048940178 -0.00407646783
0.0189696383 0.00342290592
-0.00920769013 0.039631784
0.0613803603 -0.0135545032
-0.0284999926 -0.00275959354
-0.0360896438 -0.0399681628
0.0446444564 0.00693987403
-0.0475592762 0.0539007969
-0.0842416883 0.0145867225
-0.0357947871 0.0196689703
-0.0187346693 0.0564717986
0.0246980172 0.026511129
-0.0397715457 -0.0312599055
0.0146704884 -0.0821259171
0.0509185046 -0.0555169955
-0.024065908 -0.00812474918
0.0209005736 -0.0577409901
-0.029419601 -0.00920666382
-0.0705725253 0.00609138794
0.00173567957 -0.007338583
0.039851483 0.0109340819
-0.0213668626 -0.0187771413
-0.0391435958 -0.0311797261
-0.0440131687 0.0482914895
-0.0280111041 0.0817706585
-0.0643435121 -0.0940741971
-0.0555676669 0.0522290692
0.0085712336 0.0773262158
-0.0299587976 -0.0724172965
-0.0311136153 2.81426655e-05
-0.023118509 0.0528334416
-0.0199492797 -0.0309581719
-0.06559892 -0.0950877964
0.0322230607 -0.027840063
0.0842378438 -0.0200858284
0.045078285 -0.0701283962
-0.0248958692 -0.0140822753
0.0251284298 0.039206855
0.000625720364 0.0208167192
-0.0207704976 -0.0132061252
-0.0540685169 0.101242416
-0.0624663755 -0.00545015559
0.0162010044 -0.00450468669
0.0555169322 -0.0125134187
0.0038906713 0.0229759309
-0.0143355066 0.111900263
-0.00415845495 0.00650479598
0.0107250391 0.014590608
-0.00442951545 0.0619372129
0.0816377774 0.02800164
-0.0438628308 0.0502576977
-0.0856338292 -0.0738120452
0.00177203235 -0.0540298596
-0.0221465975 0.079960674
-0.0421858057 0.0650317147
0.0264854524 0.0355103575
-0.0032381881 0.00980218407
0.0189341046 -0.00711380085
0.0531326458 -0.0414509848
-0.0394073501 -0.00317538972
-0.0505955108 -0.0332984813
0.0701187178 0.0182872359
0.0528146811 0.0305432677
0.0360045992 -0.0669274479
-0.0142937116 -0.0254638959
-0.00508912187 -0.0380377807
0.0604095347 -0.0111436127
-0.0457021073 -0.00566419959
0.0273477919 -0.0365954004
-0.033990372 0.0571896806
0.0149520552 0.118950322
0.0749659985 0.0817283094
-0.0442525335 0.0490346178
0.0824594051 0.00495496253
0.0942114964 -0.0266077444
-0.0275686532 0.0298918225
0.0224689022 0.0265523791
0.020306021 0.00355725782
0.0668461621 0.0294933766
-0.0171694737 -0.0270834919
0.0293194521 -0.0050181956
-0.0198024958 -0.011463725
-0.000472428161 0.0172293466
-0.0240885988 -0.00949958991
-0.0167619288 -0.00840940513
0.0555338189 0.0452617556
-0.0120033845 -0.0122159384
0.0971233696 0.0156074269
0.0899461731 -0.0740001053
-0.019119449 0.0183208548
-0.00325802201 0.0630201623
0.0134751117 0.0389980972
-0.047858566 0.0413022973
-0.0357252099 -0.0736555234
0.0581227764 -0.0487830192
0.0721030086 0.0130590461
0.00692864554 0.107350126
-0.00633190107 -0.00258073816
-0.0300260503 -0.0607006401
0.0118921371 0.00908681843
0.034705095 -0.0472060964
0.0109972097 0.00601432659
-0.0175322741 -0.0637636408
-0.0318877585 -0.0264292099
-0.0262679588 0.0924798846
0.0188646223 -0.00722211786
-0.0139434487 -0.0259917248
-0.0371218473 0.0080618551
-0.0869939998 0.0643470287
0.00532043958 0.00461961143
0.0174260493 -0.0430251658
0.014220831 -0.0137970224
-0.0126750851 0.0211930573
-0.0697679818 0.0024272576
0.0137813967 -0.0431258306
0.0490240343 0.013296159
-0.0304510463 0.0205109827
-0.0119575346 0.0728615746
-0.00765292719 0.0192987062
-0.0133227445 -0.0598145127
-0.0431560464 -0.0639972836
-0.096551612 -0.065613471
0.00431166915 0.0718938559
0.0223483201 -0.0592004918
0.014475164 0.0631332025
0.00324415648 0.112677887
-0.0306504741 -0.0376693197
-0.00223149289 0.061025247
-0.000741160242 -0.0252435282
0.0833426714 -0.0182519034
0.0489194058 -0.0781575143
-0.00439624116 -0.0449355766
0.00075858034 -0.0363595858
-0.0331755728 -0.0207927618
0.0248902477 0.115773626
-0.00338851591 0.0490182191
0.0160614848 0.104901619
0.0215242375 0.0137219857
-0.0353042744 -0.0265292134
0.0286043957 -0.0205100067
0.0700178593 0.0304013249
-0.0165412501 -0.00391277811
-0.0322733335 -0.0451684743
-0.000321626372 -0.0080120042
-0.0110638672 0.0406242199
0.0318215527 0.0161478668
0.067416206 0.0159273557
-0.043585144 0.0308010299
0.0562468842 -0.0233316831
0.0356058292 -0.0156970453
-0.0331488177 -0.0658939034
0.00166706601 -0.0207500271
0.030421989 -0.0323428027
0.00864977483 -0.0702593029
-0.0554504618 0.0411333553
-0.00462213578 0.0319706462
-0.0439393707 0.0805113241
0.00352330948 0.0151968691
0.0281741638 -0.00888516568
-0.0153494012 -0.0499738455
0.0388870984 0.0312023535
-0.00972363167 0.0978886634
-0.0280679334 0.00410656584
0.0570289195 0.0489134938
0.057000801 -0.00774167851
-0.00912165549 -0.0156834908
-0.0666990057 -0.0623514727
0.0356211551 -0.0707912296
0.0902218372 -0.0409834385
-0.056118533 -0.0438572504
0.0403489918 -0.0552755333
0.0345569998 -0.0497743301
0.0055352808 -0.0199601483
0.129053235 -0.0130129931
-0.0143427122 -0.06826213
-0.114505038 0.0299922209
-0.100190453 0.0362548493
-0.0255576055 -0.00223949156
0.0258185361 0.0297932047
-0.0107627762 -0.0586034395
-0.00659605023 0.00933063775
-0.00860010274 0.013048715
0.0103980051 -0.0371186472
0.0368472263 0.0937426314
-0.0200938378 0.0359284244
0.050698664 0.0266934615
0.0330086909 0.175148293
-0.0185130555 0.0599343851
0.0319402963 0.0494111218
-0.0926748887 -0.00651970645
-0.0319441818 -0.0664543211
-0.0073393858 0.0227661394
0.0484309383 0.0427218489
0.0605594702 0.0527485013
0.0260450765 -0.0406242907
0.00336119579 0.013312568
0.0419113673 0.0670333356
0.0215970688 -0.0185010321
0.0184412431 0.0110537102
0.0119889211 -0.0267761126
-0.0348609127 0.00973913353
0.00240246835 -0.00421916554
0.0262276288 -0.0574434064
-0.00206232094 0.0154779516
-0.0247306209 0.0509421341
-0.0437777042 0.0512490608
-0.0106457658 0.0179869179
-0.00680992799 -0.06973169
-0.0130817723 -0.0834391937
-0.0306211859 -0.00580860395
-0.0518888421 0.0842074081
-0.0811368823 0.0302163046
-0.0355009995 -0.032754045
-0.01862064 0.0577860698
-0.0130862352 -0.0316319652
0.0453591123 -0.104579084
-0.0190659035 0.0365212969
0.00151971006 0.0495098196
0.0883323848 0.0309129152
-0.0212440509 -0.0127831092
-0.0480462983 0.0108025484
-0.0619037375 -0.0497969501
-0.0596923679 -0.0386811867
-0.00143383571 0.0446565412
-0.0410535038 -0.0794674903
0.00291693164 0.0323609821
-0.0174762551 -0.00697789481
-0.00178728625 -0.0718898177
-0.0203975011 0.0660857484
-0.0336497016 0.042233225
0.00243208138 -0.00751186116
-0.00571819721 -0.00602005469
0.00692316936 0.0415910818
0.0333856978 -0.0403087437
-0.0315301642 -0.0171908252
0.0310608428 -0.0512284264
-0.00500050001 0.0172180627
-0.0186293423 -0.0277829878
0.0938909054 -0.0083854096
-0.0116568832 0.0265458878
0.0548662096 0.00533499429
-0.0100703361 -0.00885618571
-0.021198988 -0.0410995074
-0.0259162746 0.00190895773
-0.0665471479 0.0713555887
-0.0110298758 -0.0442162044
-0.00304149557 -0.0445309244
0.00102359313 0.0201053023
0.0593082793 0.0095348591
0.03935875 -0.0127960332
0.0138198566 0.0313507132
0.0117902914 0.035008885
0.00527031813 0.00216276385
-0.0486011431 -0.0200634096
-0.030980397 -0.0166447889
-0.0438607857 -0.0757617578
0.000882372318 -0.0777927786
0.042183172 -0.0798347592
0.00660896022 -0.0529790968
0.0132776359 -0.0266080294
-0.052837614 -0.025502054
-0.0560644567 -0.028315831
-0.0314865075 -0.0422068276
0.00241918536 0.0135173062
-0.00494387373 0.0263667107
-0.00608455949 0.00353989471
0.0565502532 -0.00826541428
-0.00387019664 -0.0255796909
-0.0280047562 -0.0722285509
-0.123691626 -0.0462856144
-0.0177002493 -0.0136574991
-0.0045868149 0.0820913985
-0.124183692 0.00288762408
0.015920436 -0.0441369303
0.00969736651 0.00307980319
0.0184021033 -0.0709784478
0.0401509739 -0.00829724129
0.0495804548 0.0483326688
0.0825183317 0.0268957093
-0.078144975 -0.0383712724
-0.0986414179 -0.0826808363
0.0486245081 0.0377086587
0.0121269953 -0.0743727013
0.0117863873 0.0294111148
-0.027291812 0.0555652343
-0.0657063276 -0.0568076856
0.0069508343 0.0122582149
-0.0594140477 0.0539780669
-0.0469782092 0.0464125946
0.0913241133 -0.00947827846
-0.049876295 -0.0231934376
-0.025292445 0.0662439838
0.00760219479 0.0105429599
-0.129254773 -0.0463227853
0.00689564599 -0.0148662729
0.056640964 0.0537162758
0.0351183414 0.000261734851
0.0449274331 -0.0283836424
0.0572894923 -0.0308374893
0.0299554989 -0.0200790521
0.102644272 -0.00765736867
0.0507445484 -0.0012111133
-0.0581374802 0.0232550688
-0.00480244681 -0.00184250053
0.0106767025 -0.0551377609
-0.0291977655 0.0347649604
-0.0823415965 0.0760204718
-0.0291588828 -0.065317817
0.0348304994 -0.00419174321
-0.0351901129 0.0864135623
0.00437754719 0.0108443471
0.00114735402 -0.0361120701
0.0342911743 0.0101278489
0.0144210327 0.0407205075
-0.0642713234 0.0206292924
-0.0119436653 -0.0586268157
0.0270793345 -0.0118675185
-0.00888265949 -0.0247190744
0.0163466148 -0.0334008522
0.0163335595 -0.0504556
-0.0418146625 0.0282622576
-0.0581104383 -0.0822305903
0.00936618354 -0.0133913849
-0.00443550944 0.113013111
0.0197187681 -0.0536915846
0.0160804894 0.069543913
0.0452759527 0.010634548
0.0695084333 0.0427084416
-0.0409807079 0.00446682796
-0.0845222995 -0.0587348379
-0.00311308214 0.0145283975
-0.051962357 -0.0507424176
0.0504287966 0.0127954325
-0.0183328185 0.0461336225
0.0214900859 0.0175814927
0.00806713384 0.0849912167
-0.0622372553 -0.0298484582
0.000500826398 0.0171400569
0.0206992328 0.0617203601
0.00860816892 -0.00981452502
-0.0828294903 -0.0347158685
-0.00429340126 0.0257521905
0.0485309847 0.131156191
-0.0722752661 -0.00136107544
-0.0460578986 0.00247857464
-0.10785266 -0.0307442527
-0.0548992939 0.0624130964
0.0253905896 -0.0881634727
-0.0198177062 -0.0728579238
0.0910348222 -0.0320191756
0.10924346 -0.0184558425
0.0321491398 0.0619968735
0.0582138784 -0.0343627222
0.065956749 -0.0671515241
0.00658300752 0.0453284718
0.0174938664 -0.0244947765
0.0563704409 0.0188272018
-0.0174193084 0.0241694655
-0.0902308971 0.0260030665
-0.040399652 0.0824376792
-0.0400959253 -0.0445942171
-0.0569661036 -0.0167136304
0.056209024 -0.00244897301
0.0351168513 0.0627144799
-0.0538699813 0.0168801285
0.042767629 -0.0704841018
0.00971242879 -0.0187739301
0.0135573279 -0.0339257494
0.000604224915 0.0254676379
-0.0110768341 0.0139411725
-0.0329762809 -0.0750463679
0.00746021233 0.0588179976
0.00166166644 0.0060709985
-0.0992696062 -0.0370826386
-0.0332093649 -0.00700613018
0.0291903913 -0.0494719818
0.0285299551 -0.0172849353
-0.0179746021 0.0424914062
0.0330784768 0.0391183011
0.0561012551 -0.02879069
0.0304811131 -0.0410749838
-0.0177587774 -0.0069420184
-0.0143911252 -0.0113546466
-0.00663231034 0.082623221
0.121865273 0.0332157612
0.0790701583 -0.033048626
0.01025932 0.0581833981
-0.0125052221 -0.00461700512
-0.0556602105 -0.0168451089
0.0245691985 0.0477447696
0.0140384771 0.0833306536
0.0119299358 0.0323214978
-0.0121963108 0.0204842556
0.0355017669 0.036811281
0.020443989 -0.0251620058
-0.0737769902 -0.00419457722
0.102164671 0.0625067353
0.107163884 0.00421206979
-0.000923268264 -0.0199265555
0.00597118679 -0.017741695
-0.0259537436 0.0270353239
0.00464280928 0.047717303
0.0236168019 0.0065964642
-0.100318886 0.0168083832
-0.0361710601 -0.0136906831
0.0423617512 0.00955875777
0.0384237319 -0.0278389957
-0.0888136402 -0.0367373712
-0.0116322758 -0.0817728862
-0.048627831 -0.0646357983
-0.0638094619 0.0237244368
0.00438048644 0.0537085757
0.0490427427 -0.00702006835
-0.0264623407 -0.00790689979
-0.0214233752 -0.0158983413
0.00109854632 0.0268166643
0.0462575518 -0.00906937569
0.0371123292 -0.0503613055
-0.0145526025 -0.0274292063
-0.0172540229 0.0274870805
0.0265903156 -0.0642642453
0.0425523333 0.007995327
-0.0501011647 -0.0491093919
-0.00387452776 -0.0378866419
0.0595686175 -0.0858530402
-0.0036325492 -0.0494127348
-0.00429683505 0.0601508804
-0.0500983559 0.0119655309
0.0126579478 -0.00243724161
0.014165557 -0.00751591893
-0.0429664217 -0.0549783111
-0.0246098135 0.0299416557
-0.0152880019 -0.0362868235
-0.042694252 -0.0663001761
-0.0243048072 -0.0317003317
0.0405818336 0.0172353964
0.0280133076 0.0618699305
0.030977197 0.0699394718
0.0130326943 -0.00526405545
-0.0662781894 -0.00265162648
-0.0765277445 0.0120510319
0.0125946077 0.0463217348
-0.0663304105 -0.031226432
-0.0318224691 -0.0336885192
0.0128284292 0.0618447475
-0.0200044252 0.0377543829
0.0642799437 0.0473720916
0.0518931486 0.0711782649
0.0570970215 -0.0978961065
0.0130709503 -0.0716170743
0.00408601714 0.0673570335
0.103969343 0.0178058352
-0.0437767394 0.00197478756
-0.0633841902 -0.01865636
-0.0287980437 0.0227561649
-0.0197772663 -0.0410243645
0.00520306639 -0.0731406361
0.0329495966 0.043869406
0.000507782272 0.023315262
-0.00579636823 0.0431690775
0.0427418537 0.0537067279
-0.00692271302 0.0092452392
0.0315289646 0.0654079914
0.01728829 0.104642406
-0.103037901 -0.00399017846
0.0628953278 0.00679961126
0.0528462417 0.0203436036
0.049311392 0.0601883419
0.0909546837 0.0493076518
-0.0339689814 0.0867483988
-0.0602947883 -0.00720786769
0.0610735007 0.0323601887
0.00142434402 -0.00496866414
-0.00175234233 -0.0926867649
0.0429316573 0.0977549031
0.00980388653 -0.0364134982
0.0772105753 -0.00485736551
0.0423085317 -0.000927380519
5.11000071e-05 -0.0810545385
-0.039652884 0.0209824629
0.0208797213 -0.0343074575
-0.0831327587 -0.0366543755
-0.00326709845 -0.00054270454
-0.00396377733 0.0318493731
-0.101684228 0.0640323758
-0.0093205357 -0.0292794779
0.0271259099 -0.0198621675
-0.0651777312 -0.0267700851
0.0750413239 0.0360120647
0.0103594968 -0.019350294
-0.0740465745 -0.0309743024
0.0128338262 -0.0399097204
-0.0199282896 0.00475889677
-0.0576972663 -0.0133432643
0.0434092991 -0.0466074944
0.00832830463 -0.00801796187
0.0415214077 0.032457415
0.0291403159 -0.0106251054
-0.0313316174 -0.00332141947
-0.00282434002 -0.0148800761
-0.0243229903 0.056374386
-0.0198359713 0.00170308317
-0.0177856646 -0.0143251987
-0.0110280756 0.0155402105
0.0333646126 0.0360139571
0.0380940624 0.0396019965
0.00804678164 0.015058361
0.00582676241 0.0440383218
0.0205000527 -0.0257206466
-0.0239806846 -0.0131140612
0.00869964808 0.016444616
-0.0383635871 -0.0194750037
0.00880598929 -0.0898934454
0.0413551852 -0.0797929466
-0.009717484 -0.0565956458
0.0085424725 -0.00493300613
-0.0683033317 -0.00221288064
-0.0991943702 -0.0368626341
-0.0153779034 0.0144896237
0.058428172 0.00711307582
-0.0129308626 0.0271960013
0.0231668204 -0.0162992384
0.032123927 0.00696058152
0.00595967518 0.0428614318
-0.0241629835 -0.0306154974
0.0682622045 -0.00524012977
-0.0155486744 -0.0761683062
-0.00553129893 -0.0515340269
-0.0060410942 -0.000508610043
0.00441383198 0.0103223054
0.0680857822 -0.0672815815
0.00607085368 -0.0183243956
0.0460881628 -0.0421886295
-0.0254413765 -0.0489587672
0.0155900018 -0.0467430204
-0.0483738407 -0.0547326654
-0.0472691692 -0.0128027843
0.0368829556 -0.0536491536
-0.0138181038 -0.0249358453
-0.0555694029 -0.0291974917
0.0214973073 0.108800188
-0.0681536719 0.035603378
-0.024627395 -0.10905616
0.0218389928 0.0204912629
0.0186351333 0.00920078438
0.045131579 0.0302823167
0.00177047425 -0.0676196292
0.0315569527 -0.0408356339
-0.011130224 0.0476043597
-0.0580113605 -0.0991550386
0.0121889831 0.0095876148
-0.0580969304 0.091412276
0.0522124283 0.00664695958
0.00904932991 0.0186321232
-0.0604555719 0.0193896294
0.00113139325 0.0221857522
0.0156720504 0.0265516769
-0.0721868873 0.00319130346
0.0151006887 0.0283980891
-0.00193961989 -0.00871585682
-0.107512996 0.0378804058
-0.0671073571 0.0952877328
0.0487026572 -0.0331373475
0.0237301905 0.0479103066
-0.0577198677 0.0318062156
-0.0490798093 -0.035804987
-0.0155443205 0.0246011093
-0.0301323533 0.016372541
0.0202117637 -0.00837699417
-0.00531139411 -0.0835295096
-0.0492142364 -0.0801062062
-0.0108654769 -0.0285514276
-0.0292094629 -0.00443729293
-0.0061760135 -0.0953991115
0.0497632362 -0.0717899725
0.0680819079 0.0439041071
0.0451845489 -0.0438347533
0.0413832292 0.0232294071
0.00323298527 0.0867123753
-0.0629054084 -0.0396750122
-0.0518978126 -0.0374951065
0.0303882323 -0.00276980014
0.0306527112 0.0728699565
0.0303605516 0.0602798872
0.051709462 -0.0149548976
-0.0549604185 0.0774120018
-0.126687512 -0.00576546183
-0.0167582501 -0.0115386583
-0.033112321 0.0583447516
0.0274473187 -0.0217597354
0.0485504195 -0.0125898067
0.0494953655 0.0133743379
0.0232138205 0.00544599118
0.00828894787 0.0264928471
-0.0275133066 0.0354728475
0.0485492609 -0.0382096954
-0.0102928095 0.0312682092
0.00979589112 0.0524518527
0.0405911617 -0.00629854714
-0.0492020324 -0.056660153
-0.0335085914 -0.0403129235
-0.0590726659 0.0596841685
0.00643287087 0.0246605054
0.00851257797 -0.0580102317
0.012927481 -0.0614522249
-0.00107947912 -0.0686019883
0.103454605 -0.0187517237
0.0721570104 0.0881781429
-0.0542223491 -0.015901491
-0.049248457 -0.0327614807
-0.0520601533 0.00583482021
-0.033364296 -0.00164626015
-0.0715749785 0.0338673964
-0.125755534 0.0216167271
0.0841317326 0.0207905825
0.0514621697 -0.016145071
0.00507957023 -0.0346130691
-0.0158267021 0.0267256871
-0.0253721103 0.0161606092
-0.0499827974 0.105626181
-0.0198310129 -0.0150779979
0.0544933081 0.0258342363
0.0161990896 0.0269527677
0.0196166541 0.057424102
0.00352367642 0.0735849291
-0.0608229861 -0.0137784695
-0.0366318412 0.0566869006
-0.0074611688 -0.0165117085
-0.0595283508 -0.00550481211
0.0272125285 0.0514626354
0.000843971618 -0.0546933003
0.0115594054 -0.0323335305
0.0485624298 -0.0926389247
0.0856340528 -0.0285143498
0.0314324014 -0.0183167662
0.0348360278 0.010146942
0.0330095701 0.034104608
0.0281604491 -0.0622419715
-0.0100280819 -0.0446223989
0.00739120087 -0.0855208188
-0.0193720199 -0.00402840832
0.0242956765 0.0851646066
-0.0689700097 -0.0227786005
-0.0144016072 0.0167412981
0.021362884 -0.0231466237
-0.0233159978 -0.0159513429
0.0157066099 0.0815818533
-0.0461841859 0.00476702629
-0.0187616255 -0.0275268238
0.0496222377 -0.0549681522
0.0225549527 -0.0155325653
-0.00587639213 0.0419232063
-0.0162685569 -0.0438793041
0.0412916765 -0.0319556035
0.0392723344 0.0103611071
-0.0483245961 0.0524076968
-0.0383933857 0.0835418403
0.0793899447 0.00820578821
0.0757078007 0.0169921778
0.00668567047 -0.00200804439
-0.00844815094 0.00904735271
-0.0102213984 0.0330172852
0.0599103086 0.00217079325
-0.089162074 -0.0369976088
-0.0636436641 0.0388931595
0.0329760388 -0.010305142
0.0716835633 -0.0146081233
-0.0676170588 0.023845626
-0.0427003726 0.00843591243
-0.0184920523 -0.0302287322
0.0642619804 0.0048424066
0.0990439132 0.102298699
-0.0195348803 0.0211160332
0.0470676906 -0.0715493336
0.0477004349 0.0144249471
-0.0178526137 0.0447426513
0.0449529439 0.0752341822
-0.00629051076 -0.0522858389
-0.0735141188 0.0128923291
-0.0113615664 0.0339612439
0.00761322165 -0.0321631618
0.0105610723 0.0414365865
0.01238677 -0.0413791537
-0.0176854134 -0.0284517314
0.0253174957 0.0264908522
0.0117437234 -0.0446989685
0.0349269137 0.0127678597
0.0436296612 -0.0612392724
0.0540596582 0.0190367792
0.00244213035 0.0710390955
0.00357438088 -0.0762618631
0.084235996 -0.0353766419
0.0603326634 -0.00150895293
-0.0582011566 -0.14086695
0.0151902838 -0.134616017
-0.0452452861 0.0333294086
-0.0209037568 -0.0288470797
0.0338443741 0.00791864842
0.0193126984 0.0980268568
-0.00280916132 -0.0325100198
-0.0453635119 0.0582738668
-0.00557897659 0.00531150913
0.0199452061 -0.0495604873
-0.028854616 -0.00945574045
-0.066773206 -0.0571587868
-0.0704527646 -0.0578218065
0.0322015621 0.00142758712
0.076745823 0.0733323246
0.0425932594 -0.0177006014
0.0631335527 -0.000527824333
0.0634302348 -0.00400400208
0.0682723075 -0.0705538765
0.0363825783 0.0855633542
-0.050429035 -0.0703376457
-0.0286285542 -0.0466157347
0.00090199284 0.0507520698
0.0281807836 -0.00753358752
-0.0569254942 0.0342641585
-0.0322544836 -0.0659012645
-0.0167858955 0.0619326048
0.112826794 0.0842483342
0.00701513886 0.0243336204
-0.094065167 0.0658376142
-0.00749417301 -0.0159745403
0.0598976053 0.0447333343
0.0501183234 0.0550491102
-0.00973751396 0.0276505928
0.0114021841 0.0563458949
-0.0902491286 0.0390175804
-0.0579459257 0.0289007444
0.0606643222 -0.027266819
-0.00434519164 0.0209843814
0.0467782132 0.0825819224
0.0750334561 -0.00230809068
-0.037638057 -0.0106887445
-0.0895005986 0.0024613298
-0.103114799 0.0342814438
0.00290544517 -0.0011733477
0.0246166121 -0.0526099056
0.0168777779 0.0332051739
-0.0408159345 -0.0134950038
0.04185801 -0.0616751201
-0.0284329951 0.0362812839
-0.0110763051 -0.000389752706
0.0745857805 -0.00533527927
-0.0138505287 0.0174288936
0.0744596124 0.0260241386
-0.0228066724 0.0898182988
0.00261372468 0.0302432012
0.0025875736 -0.00561509561
-0.0906207114 0.0372258462
0.00572650181 -0.000759192684
-0.0122150704 -0.0074345977
0.0776476935 0.0441451706
0.0139620258 -0.014294805
0.0880241171 0.0399658829
0.0197296571 0.00946367905
-0.0790791959 -0.0266327728
0.0270165466 0.0633975491
-0.0179010369 -0.116992563
0.0376135036 -0.0907189548
-0.00360472384 0.101740919
-0.0316699371 -0.0271560214
0.00886656065 0.0427700467
0.0545654073 0.0135208275
0.0179428607 -0.111028381
-0.0647837892 0.0386073589
0.0778485164 0.0530453064
0.0119560482 0.0242450498
-0.0206655972 -0.00455681654
0.00389464875 0.0814328715
-0.0231587086 0.0525402725
0.0789329857 -0.00283424417
0.0462759733 -0.00889263302
0.00948406942 0.0178105887
-0.0351627171 -0.0796563402
-0.0364973731 -0.0805116072
-0.0627911612 0.0311622284
-0.0334297009 -0.042490609
-0.058259815 -0.0668838695
0.00954878982 0.0306077246
0.0736651868 -0.0196320452
-0.0474223569 -0.0843274146
0.00960520655 -0.0387566052
-0.0140510229 0.00495852251
0.0163004287 0.0183352754
0.0512493886 -0.0666660592
-0.00908062514 -0.0222781915
0.0185504276 -0.0963329971
0.0384081006 0.010337133
-0.0266328547 -0.0515772849
-0.0796421915 -0.0536760427
-0.0186560676 -0.0147799691
0.0532087386 -0.0622814931
-0.0464918055 -0.0362907648
-0.051940877 -0.0369784273
0.0729208216 0.101449519
-0.062498372 0.04381226
-0.0561091118 -0.0794769004
0.0230720062 0.0311128683
0.0071430807 0.0510184914
0.0309133064 0.0338143967
0.0177150071 -0.0600696243
0.00434587244 -0.042820476
-0.0110751009 0.0680396557
-0.0545533076 -0.0687930956
0.0362976231 -0.0170834903
-0.00108778011 0.0654194131
0.0637629181 -0.0478909127
0.00338241761 0.0169534311
-0.0421724804 0.0355151854
0.0645244494 0.0400734656
-0.0265312959 0.0294369273
-0.0907685235 -0.0613197014
-0.0475366376 0.0131669072
0.0458165854 0.0100532416
0.00278100162 -0.0399411693
-0.00558584556 -0.0458149724
-0.0178757347 -0.0144347269
0.00886745658 0.0291465558
-0.078229256 -0.0478971712
-0.0427203551 0.0165584348
-0.0189590435 0.0290338509
0.0106337816 0.00794083346
-0.0250622928 0.100751415
-0.00709190313 -0.0146350507
-0.0940459967 -0.0137663092
-0.0389432907 -0.0394247472
0.021541873 -0.095924519
-0.0567369759 0.0294422042
-0.00425791368 0.00421984354
0.012406637 -0.0390894972
-0.0834225193 0.0215311199
0.00462936191 0.08323396
-0.0137569122 0.100183189
-0.0605961308 0.0416120403
-0.0633612126 -0.0446320698
-0.045578938 -0.0634515435
-0.0609569103 -0.042265255
-0.015928939 -0.00347215286
0.0664131194 -0.00633281749
0.00982668158 0.0156465601
0.0396631844 0.0528883152
-0.00286292029 -0.0418772362
0.0257333945 -0.0451730937
-0.00279049971 -0.00723424321
-0.0131958174 0.0159562435
0.0122086257 0.0279835034
-0.0550558269 -0.0181796104
-0.0445113033 0.0715120733
0.0357139371 0.0473647378
-0.0258273575 0.0565883256
-0.0729597062 0.0219982099
-0.0567309298 -0.0794830099
0.0516093262 -0.00635976205
-0.0297882259 0.0588927008
-0.0690130591 0.064677313
-0.0368298478 0.0163561869
-0.0658482313 -0.079572551
0.0163692459 0.0394449793
-0.05003234 -0.0514508858
-0.0610712469 -0.0420191959
-0.00142134563 -0.0180290546
0.148898497 -0.00544309011
0.039387811 0.0230872687
0.0410608724 0.0233276095
0.0109024923 -0.032892108
0.0613268688 -0.00207633618
-0.012929189 0.0354240574
-0.069203645 -0.00488346769
0.041912213 -0.0681736767
-0.0190293305 -0.107293427
0.0271922685 0.0266297236
0.0213664453 0.0594238453
-0.00376033387 -0.0152019728
-0.0291388668 0.0656766966
-0.0262529794 0.00595140737
-0.0402293876 0.0165642034
0.00150192517 -0.0114004584
0.0704154372 -0.0429231413
-0.0424876064 0.0224852059
-0.0512800515 0.0016290209
0.0599718094 -0.0531645902
0.0437499359 0.0146534946
-0.0401133262 0.0280865263
-0.0993447527 0.00890631136
0.00183884206 0.0864106715
0.0467086211 0.0388869755
0.106779382 -0.00575335929
0.0101821879 0.0301842466
-0.0059395209 -0.00538186822
0.00120288657 0.0285002179
-0.0512342043 0.0907230005
-0.0115924347 -0.0278275926
-0.0299118869 0.0487974621
-0.0106884623 -0.0320562422
-0.0993279368 -0.0666619688
-0.0183438156 0.0597763248
-0.0039365422 -0.00696236501
-0.0258871727 0.0292037241
0.0122534186 0.00587837491
-0.0194422975 0.0549642183
0.0166960489 0.0599505231
0.0633348748 0.0625781193
-0.0322506949 -0.00191937911
-0.00876183156 -0.0568311848
0.0296032764 0.0426830277
-0.032861352 -0.0225433595
-0.0174101498 -0.0371586531
-0.0782709867 0.0252782479
-0.0521498471 -0.025599936
0.0795736834 -0.00428961683
0.00297755213 -0.0384645313
-0.0217719283 -0.00373894791
-0.0479976423 0.0549047962
0.00285941781 -0.0566737354
0.064474754 -0.134983808
0.0180108659 -0.0507768281
0.0547453202 0.0578778572
0.0434948877 0.00525473943
0.0202433448 -0.0430614538
-0.0180943329 -0.0160660706
-0.0519810393 -0.0471276976
0.0480268225 0.0469388664
-0.0459895022 0.0416335836
-0.03553335 -0.0267148167
0.0577188693 -0.0110097071
0.000173412525 -0.035359282
3.70289818e-05 -0.0149391526
0.0240668505 0.00942719076
0.0202424116 0.0143836448
0.0356222242 -0.0234588906
-0.0934862345 0.0443040319
-0.00888887607 0.0517189987
0.0213200208 0.0767127723
-0.0262700412 0.0475234278
0.0360646732 0.100813307
0.0600073487 0.000399810291
0.0158242527 -0.0884592608
-0.0606616698 0.0751220286
-0.00279918429 -0.0263113454
-0.0200952981 -0.0636177957
0.010357758 -0.000522623537
0.0284020342 -0.0076225209
-0.0215909444 -0.0306612663
0.0488043837 -0.0587082654
-0.0010878871 -0.0138425184
0.0484332182 0.068462573
0.00358791254 0.027757192
0.00613103202 -0.071635507
-0.00266479468 0.00899798237
-0.0745651349 0.0898298025
0.0329432823 -0.0191502273
0.0232558735 -0.0206449628
-0.0297066569 0.0211993735
-0.0199209489 0.0297502019
-0.0807399973 0.00215443573
-0.0458847582 -0.00239157677
-0.0159344338 -0.0279094931
-0.0133493925 -0.00370522286
-0.0803238973 -0.0279594008
-0.0385205038 -0.0180411022
0.04691552 0.0737887099
0.0203862824 0.0623502843
0.0234929342 0.0283433311
0.0425807722 0.029806314
0.00314793386 0.0192030761
-0.0277481377 0.0374625027
-0.0645355433 -0.0654961392
-0.00576556055 0.0359966047
3.59294609e-05 0.0194600914
-0.0609393716 -0.0221479405
0.0192679595 0.0171879288
0.055717472 -0.00705318013
0.00457932102 7.93726358e-05
0.0424364954 -0.042319715
-0.0176535882 -0.108845226
-0.0369649641 0.0304794069
-0.0981542021 -0.00478261942
-0.0267320964 -0.0524529144
0.0515883639 -0.00020737623
-0.0346528105 -0.0522853993
0.0223370232 -0.0573869869
0.0693358481 -0.0323648639
0.0441035293 0.00940005854
-0.0410214961 -0.0622396842
0.0254456289 -0.0453437008
0.0211061966 -0.0229420103
-0.0992107466 0.0109328972
0.0610669479 0.0221600533
-0.0518812463 0.0194207411
-0.109723851 0.022581866
-0.00770621095 0.019944828
0.028261669 0.0837816298
0.0715407655 0.0209762566
-0.0235211141 0.0502808616
0.0796982273 0.127555817
-0.0269386452 0.0158401746
0.00847268011 0.0270998161
0.0680817962 -0.075872317
-0.0372180566 0.00390962465
0.00179165392 0.0698960945
-0.0429656208 -0.0194209833
-0.0339743346 -0.0073565538
0.0320001729 -0.0621553734
0.0502159111 0.00727200415
-0.0246840827 -0.0537796132
-0.0234369393 -0.0456102006
-0.0292324163 0.0268229749
0.0326815136 0.073069334
0.0693835989 -0.0103465896
-0.0577014871 -0.0423354581
0.00870069861 0.0278900806
0.0535728522 0.0529222339
0.0483202115 0.0536524989
0.0922040045 0.0691504702
0.0491679721 0.0438753553
0.0140036605 0.0819186941
-0.0107424753 -0.0133289238
0.0566452667 -0.129661933
0.00131194165 0.0411057286
0.0148740625 0.0359253399
0.0196617655 0.0203236975
0.0447746441 0.0845231116
0.123090133 0.0283613168
-0.00976462942 -0.0386362709
0.0207339544 -0.030370662
0.0186729282 0.0123874797
-0.00250744261 0.0212646592
0.084364675 -0.00162739365
0.0493586175 -0.0308950003
-0.0623956583 -0.00242326036
-0.0551635474 -0.0140404943
-0.0115439622 -0.056140922
-0.0217544809 0.0119748153
-0.00874250662 0.0177330375
0.0593365729 -0.0387915745
0.0335791782 0.00439930242
0.0283938646 0.0057439087
-0.0179730169 0.006960575
-0.0492090806 -0.00953274965
0.0116550718 -0.012179547
0.0463633575 -0.0189532023
-0.037727464 -0.0304917954
-0.0236229431 -0.0209149458
-0.0497373454 -0.0040290528
-0.0336068682 -0.0399859957
-0.0384192467 -0.0220602434
0.079725109 0.0611342452
0.0829879194 0.0643862858
0.0239490606 -0.00016979799
0.00229721097 0.0525953136
0.0323935151 -0.0330381468
-0.0933348462 0.0340493135
-0.0574364476 0.00731984619
0.0665124878 0.0193198267
-0.0420459583 -0.00305646425
0.00831971318 -0.0501143485
0.0737427101 0.0114986449
-0.0842830986 -5.27108605e-05
-0.0290305186 0.00632002531
-0.0424400084 0.0404282212
0.0216872934 0.0395416021
0.047412537 0.0439465344
-0.0403581858 -0.0176010206
0.0665738061 -0.0144674322
-0.0444157273 0.0268260445
-0.0307911709 0.0291913338
0.0576607808 0.000439749478
-0.11053054 -0.06222599
-0.0638088882 0.00727182254
0.0643644184 -0.0276908986
0.0148511836 -0.0645720661
-0.00880785752 -0.0422027484
-0.0174935199 0.0218131524
0.0246649049 0.0231750291
-0.0592816174 -0.051312983
-0.113068931 0.0579615645
0.0239136908 0.0209140331
0.0210805964 0.00735284016
-0.0213493519 0.0932905525
-0.0363574438 -0.041094359
-0.0480755605 0.0399482697
-0.0493901707 -0.0654589087
0.0169802792 -0.132815883
-0.028035583 0.054642722
-0.000228725199 -0.0200282559
0.0132604465 -0.00552172866
-0.0675733835 -0.00617566006
0.0493220054 0.046271693
0.000708880718 0.113747127
-0.0476774909 0.0129768187
-0.0720676184 -0.0238064677
-0.0317682475 -0.0355135798
-0.0346102528 -0.034238629
-0.0199016314 -0.00502307434
0.0698477924 -0.0426242426
0.0160822198 0.014278383
0.0519555993 0.0207370427
0.00164546003 -0.0151182991
-0.00832091924 -0.0359258577
0.00746531598 -0.0533215106
0.0119419228 0.00376597838
-0.0469731279 -0.0428194776
0.036084272 -0.0956411585
-0.0257749408 0.0909245759
-0.0606397726 0.0428765006
-0.0303726699 0.0265706833
0.0337583236 0.0845144615
-0.0899409056 0.0113517037
-0.0356890969 -0.0541339181
-0.0218915548 0.0210068971
-0.084554553 -0.0462499224
0.0616140328 -0.0239244048
0.0322189517 -0.0455484055
-0.0537220202 -0.01168044
-0.0896424502 -0.00241313502
0.0258557964 0.0277413223
-0.0469141006 0.0357865021
-0.037106581 0.0338039845
0.0595681593 0.0127545232
0.00364141585 -0.0379122347
-0.0490519144 -0.00999356899
-0.0759765953 0.0235187411
-0.0105311116 0.00411662925
-0.0539451465 -0.0248678401
-0.112586014 -0.0125109209
-0.00887406711 0.0623224191
-0.0187333692 -0.0232899543
0.0603775047 -0.0641672611
-0.00149251102 -0.00605833251
-0.000734826608 0.0801525488
0.0234158468 0.0698611066
0.0171414223 0.00567372516
0.109577104 0.00216413452
-0.0875023901 0.00116524973
-0.0370309353 0.00103602197
0.130553871 -0.0480361991
-0.0143914083 -0.0650954694
0.00206861692 -0.0428309068
0.0180515498 -0.0644353554
-0.00632441603 -0.0121083939
0.00876442343 0.0166784693
0.00854323991 0.0481346473
0.0222535878 -0.0372600518
0.0918633267 -0.0143226013
-0.0347123817 -0.0322784632
0.0599090941 -0.0763735101
0.0819816887 -0.0057135541
-0.0514111407 0.0144835692
-0.0185165852 0.0149846505
0.0386789069 -0.00968859158
-0.0626674667 0.0173081942
-0.0121403635 0.0557509549
-0.0333295129 0.0665513575
-0.0147275683 -0.0228470135
0.00350897782 0.045315396
-0.0509263463 0.0561535433
0.0214069504 -0.0433066934
0.0881463215 -0.0614080429
-0.041538503 0.0359148122
0.0575821288 0.0573253222
-0.0487250462 0.00561385136
0.0364928395 -0.0293054692
0.0546096414 -0.000734872534
-0.0194719285 -0.0441053845
-0.0606463142 -0.021354733
0.0362473913 -0.00382078718
-0.0143492427 0.0199826341
0.0195970107 0.0172532164
0.0873528048 0.0113753555
-0.103035077 0.0288953669
-0.108546935 0.0833788812
0.015950501 -0.0210651588
-0.0534640178 -0.00299696508
0.00837842654 0.00011247956
-0.00771286897 0.00891479477
0.0106951259 0.0227771439
0.0183565933 -0.0290666018
-0.0378206708 0.0389047936
-0.0180558525 0.00595487608
0.0055709607 0.0107559115
0.0990933776 0.0428883545
0.0509301051 -0.0265178736
-0.0587106384 -0.0955053866
0.0402804129 -0.0885901377
0.00808386505 0.0467375517
-0.0264248438 0.0121155232
0.0305828229 0.00419695536
-0.082821466 -0.0225635283
0.0326468162 -0.032151565
0.0366040803 0.0448930934
-0.062433295 -0.0198710244
0.0018060474 -0.0302964486
0.0173663087 -0.0354963206
-0.0520117395 0.0345315784
-0.0661810562 0.00796454679
0.0249099974 0.00904195011
0.039206598 0.0299086012
-0.0134537918 -0.0449103303
-0.0893933699 0.012672917
-0.0992446765 -0.0546546876
0.0810839161 -0.016613178
0.00390184089 0.0570398867
-0.0274436362 0.0215678327
0.0152950557 0.0197692998
-0.0118857799 -0.120349333
-0.0575420074 0.00103148958
-0.0291867517 -0.0186679456
-0.0374147519 -0.0112838214
0.0228379201 0.0794056058
0.108369485 -0.0192278121
-0.0152015453 0.0510018617
-0.0797640458 0.0712951943
0.00460021337 0.102810882
0.0362007432 -0.0165284276
0.0372981839 -0.0572599657
-0.0048073642 9.49937748e-05
-0.0159549229 0.0217597298
-0.0016024441 0.0441270433
0.0169262309 -0.00504774041
0.017623812 0.0246608891
-0.00275827409 -0.00350353681
-0.00216809241 -0.0624028295
0.0390974507 -0.0292461757
0.0744551197 -0.0493567511
-0.0689755082 0.065166451
0.00801203772 0.00885877479
-0.0200949516 0.00512742298
-0.0830079392 0.0253242478
0.0407474302 -0.0295577366
0.000925798609 0.0396031775
-0.0353012308 -0.0189556293
-0.126822412 0.0135256164
-0.0331208333 -0.0569116361
0.0164114926 -0.0030565518
-0.00786001701 0.0940755904
0.142263681 -0.0119000655
0.0283687413 0.00743488874
0.0216651876 0.0247925911
0.153911099 0.00447521359
0.0281792097 -0.0404203832
-0.0296920072 0.00342534808
-0.062364623 -0.0148872444
-0.000258194428 -0.0513683148
0.0772653148 -0.0691217855
-0.0646239519 -0.0186265185
0.0321682766 0.0262600332
0.051994551 0.0198178776
0.0260020308 0.0332331099
0.0191914234 -0.0232408568
-0.00895137526 -0.0742351264
0.12654075 0.0264271945
0.0756015778 0.0170846172
0.030333316 -0.0272796657
0.016893547 -0.0121368906
-0.0317462571 0.00256632222
-0.00686211698 0.0418258235
0.0676768422 0.0110139037
-0.0385357775 -0.0153209036
-0.0797126964 -0.00122091034
0.0369210541 0.0667508543
-0.0881625265 -0.00778947119
-0.0477157868 0.00735442201
0.0197641402 -0.0847809017
-0.0573744848 -0.0664543658
0.0147404242 0.0334960334
-0.0148542207 0.00764981192
0.0106306849 -0.00726928888
-0.0108919302 -0.0602878705
-0.029439291 0.00249172864
0.0755127594 0.0397066735
0.0211107135 0.00316886022
-0.0110012861 0.0823568553
0.0160507821 -0.0494795032
0.0425341837 -0.0628613234
0.106663205 -0.0148238437
0.0724266469 0.0524007007
0.0178135652 0.0434211157
-0.0518266074 0.0218938645
0.0491802469 0.00701565994
0.0445668213 -0.0616983883
-0.0425203256 -0.00647962932
0.00724248076 0.00181463279
0.035015896 0.00429434562
0.0788535029 0.0276934989
-0.00938026793 0.0146100326
-0.0348493382 0.00236614957
0.087373279 0.0168210436
-0.0355654322 -0.0709752664
-0.0146376966 -0.0471533611
0.0701070055 0.061585851
-0.0163802728 0.0119582377
-0.00356267998 0.0304227639
-0.0230590496 0.0247444361
0.0592058636 -0.018875869
0.0607756414 0.0193665139
0.0792710856 -0.0386927091
-0.0489937849 0.0361539498
-0.123284429 0.0135004343
0.0205155611 -0.0670604929
0.0175397545 -0.0382164493
-0.0035431236 0.0432925597
0.00939077884 0.0123575013
-0.0301297456 0.0102680922
0.0535355806 -0.0142507609
0.0700181648 -0.0602577738
0.0222174283 -0.0579789579
0.07603807 0.0285339076
0.0526569895 -0.00353443343
0.0108293341 -0.0549853481
0.0627877116 0.0883780792
0.00328804669 -0.0241242032
0.0320138484 -0.00735504506
0.00614795741 0.03346432
-0.022152612 -0.0787234977
0.0246457811 -0.0184597671
-0.115068853 -0.0302650016
-0.0748965368 -0.0342269056
0.0457640924 -0.0240140874
-0.0131625487 -0.0497792661
-0.0337109901 -0.0378245413
-0.030282272 -0.0589479581
0.0491684899 0.00754674198
0.0590458363 -0.0135917189
0.0416773409 0.0509002954
0.0281217545 -0.0134321973
-0.0324960612 -0.138353258
0.000110050154 -0.0614483021
0.0162373073 -0.0105366455
0.0199519861 0.0477269553
-0.075867936 0.0605393313
-0.0777195692 0.0350024812
-0.0251264516 0.0475786887
-0.0346485116 -0.00426724274
-0.0291718952 0.015165085
-0.00542345271 0.0654333606
-0.0223281309 0.0117043192
0.0453327037 0.03624174
0.0728559047 -0.00300374837
-0.0155920712 0.0786797926
0.0174559522 0.0444034748
-0.0355381183 -0.0166300107
-0.107882105 -0.043801792
-0.0518482253 -0.0161430016
-0.00837638788 0.0327061564
-0.0213272907 -0.00353222131
0.0340983607 -0.0490344837
0.0355625711 -0.0518275239
-0.0494008623 -0.0511196144
-0.0182601847 0.0456533656
0.0139307138 0.0119074117
0.0205153432 -0.00230456842
-0.0186199974 0.0440575145
-0.0327232853 0.0297058299
0.00549848005 0.0899230093
-0.0371704623 -0.0540743619
0.019168254 -0.0319412313
-0.0709097609 0.0518068075
-0.0327234305 -0.0604674034
0.0474834591 -0.0246024318
-0.00252563856 0.0709882006
-0.0404795446 0.0374550857
-0.0321259759 0.0260934662
0.0415174998 0.1243838
-0.0471124947 0.0195559021
-0.0257144291 0.00234423787
-0.0411452465 -0.0123498356
-0.0709360316 -0.0278502516
0.0412271507 -0.0283708833
0.055580005 -0.0293803699
-0.0425816104 -0.0201537367
-0.0439265482 -0.0415434837
0.0255839135 0.0546591505
-0.0149472784 0.0257231705
-0.012425066 0.0508642308
0.0602981783 -0.00120414142
-0.0192660745 -0.0734530985
-0.0400635377 -0.030994229
-0.0522649512 0.0295235477
-0.0208070949 5.12140323e-05
0.0138431657 -0.0180122554
-0.0890350416 0.00209523831
0.050156571 0.066902779
-0.0160198715 -0.0396028347
0.0103921201 -0.0560909286
0.0132957697 0.0122829983
0.0250090081 0.0912685022
0.0366377048 0.0268855989
-0.0413614027 0.0556631871
0.00994548853 0.021985447
-0.0206011143 0.0370038152
-0.0107640745 -0.0400092155
0.0438675024 -0.0586829036
-0.043746639 0.0918698385
-0.0046187602 -0.0154461134
0.0211874004 -0.0233069677
-0.0787479207 -0.011988082
-0.0527902097 -0.0359089226
-0.0121453907 0.0349682383
0.0132818436 -0.00611673575
0.0472131521 0.072787717
0.0292794723 0.0192232709
-0.0801065266 -0.0748044401
-0.0110967411 -0.0659795702
-0.077188246 0.0102105327
-0.10088978 -0.0234089475
-0.0371658914 -0.0309974626
-0.0270975605 0.0589674488
-0.0681019351 0.0142598385
-0.00851503294 -0.00787978712
-0.0108068073 -0.0326218978
-0.0300425999 0.00313157216
-0.0477831811 -0.00776462024
0.0630508363 -0.0276202876
0.0110921692 -0.00681849103
-0.033451248 0.0012392936
0.0102935182 0.00202359236
0.0193781201 -0.0797349438
0.110032395 -0.00380479428
-0.013098307 -0.00497174077
-0.132619604 -0.0265982728
0.108809002 0.0677451938
0.00341625838 0.000166462152
-0.00794114266 0.0612370558
0.0324066132 0.0409354009
-0.0790679008 0.0592776723
-0.0918856412 -0.0364754647
0.00615082635 -0.0300229322
-0.00548312766 0.0434101075
-0.0476318561 -0.104302131
-0.148651794 -0.000728048966
-0.0177768134 -0.061898075
0.0185272451 -0.101991095
-0.0133564863 -0.0159542784
0.0199431647 0.0947729051
-0.0713695511 0.0739145502
-0.0799565762 0.0182507075
0.0302660968 0.0354282483
0.126352981 -0.0533509441
0.0106665418 0.0157185737
-0.0442765541 0.058566913
0.0713434666 0.0266594589
0.0458606444 0.0314914063
0.0707227737 0.00933884084
-0.0345118828 -0.00172617857
0.0280267857 -0.00395362871
0.0238826014 0.00944257714
-0.0482354425 -0.00651116995
0.0379787758 0.0737686679
-0.0183218736 0.0305397194
-0.0746277943 -0.0604533665
0.000603517168 -0.00917738769
-0.00537100853 -0.0314402357
-0.0591638535 0.0461425036
0.00511234533 0.0154882586
0.0101539856 -0.064556174
-0.0101335607 -0.00521977153
-0.0790487602 -0.00246047042
-0.00994807668 0.0576279908
0.0182065628 0.022467453
-0.00744919712 -0.0345650949
0.0229445305 -0.0167698208
0.00452519627 0.0197350942
-0.0299087502 -0.0101024183
0.0481922664 0.0257501397
-0.0287287068 -0.111361489
-0.0838137195 -0.0745439231
-0.0010812874 0.0399153903
-0.0318505578 0.0434977114
0.0176352747 0.0783669502
0.0168858618 0.0616505183
-0.0350466967 0.0650632307
-0.0603203177 -0.0114480853
0.00524366973 -0.0159319155
0.0378503278 -0.0476185307
-0.0133294063 -0.0573643707
-0.0192040596 0.00297811162
-0.0356715806 -0.0737570301
0.0280623324 0.0698675737
0.000759843329 0.141057283
-0.0132903326 -0.0187643263
0.041238334 0.0323906615
-0.0144113144 0.00108992332
-0.0288134236 -0.0195784885
-0.00947127584 -0.0507174693
0.0551473014 0.0457741432
-0.0227773879 0.0951182544
0.0228448529 -0.0137144504
0.0289053079 -0.0567731671
0.000356478267 -0.02966436
-0.0838445202 -0.0113915708
0.0214901399 0.00445503555
-0.0063581178 -0.00943819061
0.0357162207 -0.0583946444
0.0505775698 -0.0449345484
-0.0931873173 -0.0275679436
-0.012136532 0.0560089462
0.0678507537 -0.0114499563
-0.057711754 0.019309802
0.027608078 0.0708185956
0.0671283826 0.0163767822
-0.0472271666 -0.0772798955
0.00222656014 -0.0156209692
-0.0341102555 0.00768654281
0.0626959503 -0.0210226942
0.10027194 0.024148738
-5.19963687e-05 -0.0911248475
0.0081255734 -0.10714633
-0.0197862554 0.00741377566
0.0522002429 0.00997123867
-0.0418353528 0.0861937478
0.00579998596 -0.0229008496
0.0714286789 -0.0251253154
0.0496114567 0.0283136461
0.0185171608 -0.0264774952
0.0274487119 0.054135628
0.00473952945 0.00660564983
-0.0244785044 0.0462642312
0.0688034222 0.0361219198
0.0355923064 -0.0426197462
0.0780082941 0.017076293
0.0628830642 0.013615353
0.00409249449 0.011751553
0.00112766167 -0.0778407529
0.00531155104 0.0268044919
-0.00554934051 0.0155612249
-0.0241167769 -0.00680468464
0.0112335691 -0.0394332111
0.044673726 -0.0119106872
-0.0180889592 0.0119720846
0.0217302572 -0.0407926552
0.0245337207 -0.0648784265
0.0123066287 -0.0201261826
0.0584522374 -0.0670056269
-0.00951539911 -0.0137260351
0.0101917451 0.0158739705
-0.0255756043 0.000267631753
0.000188351958 0.0604619421
-0.117165834 -0.00081979786
-0.0561730824 0.00281366962
0.0629719645 -0.0699115694
-0.0474204719 -0.0876369327
-0.00988549087 -0.0296627171
0.00426470675 0.0628641471
0.00401502801 0.136247218
-0.01925941 -0.0379377641
0.0285986289 -0.0106831808
0.00686495192 0.0569545105
0.00881685968 -0.0450795181
0.00782184955 -0.0249351934
-0.0481130145 -0.105929546
-0.0375138037 0.0225490909
0.015966095 0.0440391079
0.0919071585 0.023350995
-0.0692734942 0.0201675501
-0.0430878215 -0.0508205965
0.0653290302 -0.0112231737
0.00639881333 -0.0840688944
-0.00964797195 -0.108701147
-0.0259085149 -0.0181008205
-0.0548700839 -0.00783349574
-0.0116361845 -0.0180690046
0.0209703371 -0.106903799
-0.047116261 0.0310465787
0.0119151361 0.0539264046
0.0354005508 0.00709319767
0.0337571912 0.090677619
0.0491807088 0.0419087932
0.0138364332 0.0409652628
0.00107332808 0.0117173139
-0.0731403381 -0.027607087
0.00546617759 -0.0735502094
0.0795845762 0.0397573262
-0.0916218087 0.014980779
-0.0245467778 -0.0376715437
-0.0937870592 0.0459501706
-0.0435640626 0.0775812715
0.137465522 0.0748538449
-0.0722816363 -0.0211109053
-0.0309556779 0.0654763132
0.0894924924 0.018594848
0.0118113821 -0.00358298607
-0.0526640005 -0.0242778026
0.0478550121 -0.0329260975
0.0431626812 0.00566948764
0.0172807164 -0.0238937661
0.0161774941 0.0435424894
0.0435767397 -0.0391022861
0.037836533 -0.180235595
0.00963607244 0.01883341
-0.0367731676 -0.00591688789
0.00737570459 -0.0345434956
-0.0298630055 0.01054639
-0.00730161089 -0.022388136
0.0312363505 0.0384936444
-0.00619362062 -0.027863523
-0.0368364751 -0.0351044573
0.0153408675 0.000588807045
-0.0270635504 0.028945988
-0.0309278779 -0.0102761891
0.0680168867 -0.0644187033
0.140982002 -0.0301567167
0.089959152 0.0445245728
-0.0604609139 -0.0377380326
-0.148250565 0.0042299903
0.030778328 0.0634742156
0.0526339188 0.0433947854
-0.0451916382 -0.0641022101
0.0473961718 -0.0273393206
-0.0143754221 -0.0576253124
-0.0365982354 -0.0895087123
0.0443177931 -0.00670693303
-0.0569117144 -0.0375514776
0.0275789313 -0.0339026898
0.0557509884 -0.0528111979
-0.0136636002 -0.060391888
0.0504607186 0.0367874242
0.017466031 -0.00819349382
-0.0461874492 0.0693123043
0.0160574876 0.0223026462
-0.0155381495 0.00488830125
-0.0358638763 0.0469420217
0.0205034036 0.0123415552
-0.0162588935 -0.0522183627
-0.0199965946 -0.0168700386
0.00385811715 0.00493441662
-0.010379184 -0.0389130302
0.0191420186 -0.0490694009
0.0409810729 0.0228172485
-0.0180111472 0.0216082912
-0.0325781517 0.0226070397
-0.00373344566 0.0270130038
-0.0487777814 -0.0822270289
0.00312384497 -0.0188426487
0.0191212911 0.0437766276
-0.00244582165 0.0123347305
0.0103043225 0.0470605567
-0.00772007881 0.109440416
0.0717015639 0.0584696867
-0.0513463318 0.0623088703
-0.079187654 -0.00766953034
0.0490823127 -0.0266698208
0.0043391115 0.00146527996
-0.011812835 0.0240736231
0.00653623696 0.0391786471
0.0409929454 -0.00763372798
0.00435091835 0.0417816304
-0.0475406125 0.0334491692
2.95789268e-05 -0.0690304264
-0.0195485465 0.105928525
-0.00751629705 -0.0213088132
0.017450057 -0.0320549123
-0.0555026121 0.00762653118
-0.0962833986 -0.037924666
-0.0159718376 0.0548736602
0.014560679 -0.0452616066
0.0380896293 0.0613894574
0.0427362174 0.0142374709
-0.0953128263 -0.0781376809
-0.0348035507 -0.0199126415
-0.0917303413 -0.0112216137
-0.0686434805 0.0242425837
0.0018217694 -0.0421944708
-0.0417301431 0.0145899337
-0.0203161072 0.0356898792
-0.0732763857 0.0827220827
-0.0123087876 -0.0559916124
-0.0466554761 -0.000552772137
-0.020497404 0.00214094692
0.057210613 -0.044750765
0.0290835202 0.0231347699
-0.0670665577 0.0104012778
0.0178508162 -0.021134682
0.0212534983 -0.0795232207
0.0943271443 -0.0490639023
-0.0226290505 -0.000549121702
-0.0423123017 -0.0172181595
0.0213668272 -0.00217299745
0.0248509906 -0.0251632016
-0.000701220124 0.0126667246
0.0246548261 -0.00324358675
0.0109059978 0.000750943087
-0.00787949376 0.0193704944
0.0314199626 0.0170707516
0.00752718607 0.0399830379
0.0183350202 0.00310761645
-0.0253048949 0.0140860537
-0.0345729701 -0.00442774221
0.0128422929 0.00232215994
0.00479322718 -0.000376566575
0.0053757187 -0.0200757869
-0.0117052905 -0.00967660639
-0.0171434097 0.0141688231
0.0228496511 -0.0160782393
-0.0355119221 -0.0188953746
0.0240178313 -0.0104220267
0.0184789393 -0.00280071748
0.0456077531 0.00402686559
-0.0380799845 0.0167601798
0.00162210513 0.00414492376
-0.0255377274 -0.0269100294
0.0138708418 -0.00316041871
-0.0260996353 -0.000731475186
0.0218496956 -0.0388322286
-0.0193089191 -0.025320705
-0.0199579876 0.0446988381
-0.0120834969 -0.0287228134
-0.000822073547 -0.000552465906
-0.00964867044 0.00877951831
0.015663363 -0.00520206708
0.00370296207 0.00569989858
-0.0113755399 0.0157756321
0.0230269674 0.0369953848
-0.0119267497 -0.00395457912
0.00427273242 -0.00554489205
0.00553648127 0.0174709726
-0.000542653084 0.00106830883
-0.0490128584 -0.0182055682
-0.0158960428 0.00218777428
0.00776742166 0.0024452575
0.0176230893 -0.0548554696
-0.00228641066 0.0197913516
-0.010235033 0.0106261913
0.0199955497 -0.00301117916
0.032925237 -0.0204812605
0.00865869783 -0.0249121673
-0.0212604646 0.00170905399
0.0242954697 -0.00217537489
0.00810437463 -0.00402584299
-0.00475355564 0.000813955558
-0.0143522136 0.0200667586
0.000296948943 -0.000189322905
0.00948555209 0.00901443884
0.0164818522 0.00388295227
-0.025710253 0.0182406548
-0.00459030736 0.0275030527
-0.00381576479 -0.00782910548
0.0230539385 -0.0143146832
0.0223392583 0.0036778322
-0.00201344141 0.0154981371
0.0161247812 -0.00208025193
-0.0120080877 0.0125866663
-0.0071788975 0.00218653493
-0.00235472573 0.00611374155
-5.48813478e-05 0.0201574881
-0.0247114561 -0.0154818203
0.00187192147 -0.0240713172
0.00322698592 -0.00603052089
-0.0467855595 0.0139278108
0.0139291221 -0.0198853128
0.00980718061 -0.00244191964
-0.0173774827 0.0112402122
-0.0294948425 -0.0412565805
5.089556e-05 -0.0248073097
0.00709944172 -0.0317514054
-0.00371218566 0.011825256
-0.0227456763 0.0032908977
-0.0481241271 -0.0161012597
-0.00624797959 -0.00597765204
-0.0287366305 -0.00317988731
3.60396953e-05 -0.0313300155
-0.0105498489 -0.00768585643
-0.00910846982 -0.0315419361
-0.00570337148 -0.00162216322
-0.017469421 0.00165194762
-0.00872312672 0.0218157955
-0.0173378792 -0.0506630875
-0.0228037313 0.0108776065
0.00533241965 -0.00790245179
-0.00189672271 -0.0330957212
0.00803056173 0.00443898654
0.0213135555 -0.0185362101
0.00901162252 0.0108249644
-0.00489711715 0.00287206308
0.00729328208 0.00262743025
-0.0148185203 -0.00146532326
0.00581260072 -0.00254388247
0.00684627797 0.00816185493
0.0243852455 -0.0142803527
0.000468462124 0.0018163519
0.0183618385 -0.00382396509
-0.0051736366 -0.0193675961
-0.007171873 -0.011117178
-0.00491758203 -5.82745452e-05
0.0382512175 -0.00434685498
0.0161668658 -0.0274606217
0.0196972154 0.0138294296
-0.00953412428 0.00299116853
-0.00617901189 0.00349582685
-0.00610957667 0.0192303397
-0.00908015575 0.0278005898
0.000986017403 0.0156866219
-0.0253282506 -0.0294784829
0.0178921502 -0.00981130637
0.0159211662 -0.00956159364
-0.0054175416 -0.0197866391
-0.00939555652 -0.00283442996
-0.0166158713 -0.0123428693
0.0147798434 0.0167912208
0.0153487502 0.0128355958
-0.0507361852 -0.0386848785
-0.00282651675 0.00287492457
-0.00103514513 0.00747337099
-0.00678624213 0.00134953123
-0.00483465148 -0.0211874228
0.0292814709 0.00280011352
-0.0109263798 0.00203913823
-0.00596481794 0.00540175615
-0.00560593139 -0.0125370054
0.0034359917 -0.00816533063
-0.0262767076 0.0365148522
0.0213590581 0.00169825833
0.0333135612 0.0303302612
-0.0164251402 -0.0103898523
0.0345619582 0.00476548262
0.0030589872 0.00668959226
-0.0468473136 0.000303727546
-0.00834859069 0.0175616816
-0.0170361008 -0.000471329287
-0.00608767103 0.0102705946
-0.0107607534 -0.0084478138
-0.0142891956 0.0118084783
0.00830252934 0.00451710634
-0.0114776725 -0.0243207812
0.00158505898 0.00458991062
0.00386105711 0.0297552869
-0.000829006138 0.00845216867
-0.0166994911 0.00123360089
0.0423106626 -0.0120488117
-0.027137462 0.00478260498
-0.0429884642 0.0202941392
-0.0461553782 -0.0113138882
0.0123001663 0.00407111924
0.00308692106 -0.0205528308
0.0171315484 0.0258042905
0.0188170411 -0.00787656661
-0.0118282279 0.00790236797
0.00176183728 -0.0128404964
-0.0130360238 0.0132088028
-0.0181568004 0.0190688334
0.0358301103 -0.0193552673
0.00131770386 0.0095177209
0.00541893858 -0.013802669
0.0120170647 -0.0267359838
-4.43459212e-05 -0.0171788633
-0.010171569 -0.0165494606
-0.030022366 -0.00224043895
0.0440179445 0.00307774334
-0.00810348149 0.0207475591
-0.0261104275 0.0290370379
-0.000230919468 0.0162475277
-0.0214640386 -0.00681304326
-0.00989324506 -0.0104263443
0.0172097534 -0.014863519
-0.00927215908 0.00530895684
-0.0220914595 -0.0117840227
-0.00584870856 0.0141669745
-0.0314385518 0.0387396738
-0.0221558157 -0.00234049419
-0.0123148691 -0.000708347419
-0.04027161 0.00236354978
0.0131657459 -0.0235665385
0.00541167893 -0.0257663354
0.0119125089 0.00163406192
0.0209020693 0.00293750805
-0.00966712739 0.0092854416
0.0388716869 0.0298434366
-0.0293410625 0.0182446744
-0.0337642431 0.0079434514
-0.0117909797 0.00926023908
0.00777927274 -0.0028073343
-0.0230651367 -0.00592541322
-0.0107488241 0.0113948043
0.00105392584 -0.0277566407
-0.034110751 -0.0238378197
-0.0194617566 9.18457445e-05
