0.00851782877 0.0105456561
0.00334926811 0.0181423016
-0.000893137592 0.00367426034
-0.0357006155 -0.00721169123
0.006641699 0.00780925574
-0.03273708 0.00660701003
0.0140051534 0.013309801
0.00933273416 -0.0106768198
0.0127759818 0.00891156681
0.0127556687 -0.0303001627
0.00458935322 0.0139444554
-0.00823637377 -0.000670704409
-0.00473772129 0.0184325445
0.0232151356 0.00443842029
-0.00897420291 0.0159430094
-0.00352722779 0.0216565821
-0.0111410208 -0.0179904029
-0.0079472214 -0.0204851609
-0.00473091938 0.013439374
0.00394328265 0.00736773573
-0.00451160409 -0.0134581691
-0.00545178819 -0.00941889826
-0.00948611833 -0.009953361
0.00136965804 0.0089375386
-0.0206743125 -0.0179803222
0.000828710967 -0.021755442
0.020177532 -0.00725176139
-0.0117899803 -0.0136874365
-0.000709002896 0.00780821405
0.043364834 0.00599312037
-0.0152593283 -0.0169154126
-0.0249719527 0.00925083086
-0.00658726133 0.0109102735
0.0278253127 -0.00405489746
0.0313519277 -0.0125758974
-0.0186852347 -0.021969663
0.00877058506 0.00426307367
3.52323987e-05 0.0199838001
-0.00908738095 0.0164098032
-0.0299660396 0.00586174103
0.0156946518 0.042774938
-0.0132131986 -0.0185737666
0.00457971869 0.0121467998
0.00128175749 -0.0104741734
0.0287789647 0.00675967894
0.0181260202 -0.00990728289
-0.0177766141 -0.00496618263
-0.00406347169 0.0108486563
0.016008392 -0.0203284733
-0.0205024052 -0.00892453454
-0.0060008876 -0.0166375469
0.00349458167 0.00384385767
-0.0248940308 0.00711365649
-0.0190450456 0.00984346494
-0.0261742584 -0.0244027544
0.0044762576 -0.0227008853
-0.00865481142 0.00379446405
0.014290655 0.00248185545
0.00179242145 -0.0150086237
0.00880010705 0.00237892824
-0.0012993979 0.00399525603
0.0115970131 -0.00725634582
-0.00172000844 0.0448758677
-0.0150828427 -0.0132781565
0.0181605499 0.01648915
0.0150860185 0.000645768072
0.03489279 0.00152426481
-0.00214465195 -0.0143300211
-0.00890788622 -0.00636501936
-0.0222643968 -0.00434338581
-0.0593921691 -0.0074938531
-0.0201696102 0.00781601481
0.00745755201 0.0111713856
-0.0136397379 0.00185521238
-0.0399856232 0.0105443783
0.00937765464 -0.00373335951
-0.00906731281 -0.0118066426
-0.00551820965 -0.0110983979
-0.00659143832 -0.0140390173
-0.00204626122 -0.00749438023
0.00732665369 -0.00597057911
-0.0267239884 0.00523491157
-0.00347337802 -0.00610538153
-0.00789378118 0.016491605
0.0174516868 0.0125736343
-0.0159310419 -0.00207472243
0.0252837501 -0.0186234377
0.0093597956 0.000339246355
0.0249993354 0.00327030872
-0.0108894305 0.0104637193
0.0123603083 0.0114684273
0.00555696711 0.00787497032
-0.0230879951 0.00703972438
-0.00406750385 0.0116685219
-0.00709046237 0.0276448429
-0.0148828225 0.00182770286
-0.0118020102 -0.00544407126
-0.0222948827 0.0282765217
-0.0072413967 0.0107226763
0.00520199817 -0.0125318253
-0.0119939856 0.000666239997
-0.0240314957 -0.00736241275
0.0159909297 0.0216825996
-0.00564695196 -0.0129590733
0.00046358307 -0.00855248794
-0.00352581101 -0.0155576905
-0.00819570944 -0.0243258625
0.00920084585 0.0128161442
-0.00798275229 -0.0349743105
0.000396821182 0.00897024851
-0.0222136229 -0.00636368943
-0.0253203698 0.0174586847
-0.00598423788 -0.00256194849
0.029306842 0.020873867
0.00267005176 0.0227622725
0.029634282 0.0253817532
0.00690492662 0.010544016
0.00692583388 0.0102186352
-0.00904629193 0.0119357863
-0.000170725791 -0.031522736
0.0274013504 0.0317522511
0.0182514787 -0.000778098882
-0.00962638017 -0.00253715157
-0.00726441434 0.00544494903
0.0205303244 0.0100214379
-0.00793212838 0.001121726
0.0142298974 -0.0118829794
-0.0139604798 -0.00729939295
0.00955223199 0.019606743
0.0234808214 0.00275697
0.012887462 -0.00524963764
0.00382361677 -0.0124052158
0.00225616992 -0.015409613
-0.00125579163 -0.00744426157
-0.000387871958 0.00526769832
0.0181498546 -0.000113440983
0.0179075003 -0.0224536322
0.00637180638 -0.0146202352
-0.0191922542 -0.0303300042
-0.00800864026 -0.00114913494
0.0045136828 0.0100019109
0.000754233217 0.0058867773
-0.0209940374 0.0247985087
0.0102694957 -0.00697686803
0.0398281254 0.0274176206
-0.0187630579 -0.017920319
0.000958442164 0.00345024839
0.0249813087 -0.00628566369
-0.00643459987 0.00132027827
-0.00634187646 0.00927558076
0.00269324612 -0.0118226549
0.00894451421 -0.0306553133
-0.00622525066 -0.0149348788
0.0151495263 -0.00902843475
-0.0292283446 -0.0141268019
0.00991005544 0.025098335
0.00572816655 -0.00696639111
-0.00235486496 -0.0125638628
0.00588624366 0.0105776526
0.000706084189 0.00419970788
0.0205204729 -0.00624091784
-0.00704369694 -0.00866599008
-0.000688831031 0.0067894049
-0.0213967804 0.00425690319
-0.017396519 0.0104011362
-0.00376557978 0.00721760467
-0.0238151215 -0.0183618404
-0.0131373424 0.011895176
-0.020203853 -0.0271123182
-0.00739972154 -0.0254341532
0.00202554138 -0.0275091194
0.0145898908 -0.00792724825
-0.0301100183 0.0290180892
-0.00306799775 -0.00204616832
0.0133303516 -0.000216853266
0.0212925263 -0.00537860487
0.0214907154 0.0192394797
-0.0218328293 -0.0304221865
-0.00793722086 0.00444763945
0.00860828161 0.0093808081
0.0142597463 0.0230672862
0.00434227102 -2.88055617e-05
0.00412735902 -0.00452911016
0.00376380375 -0.00608670944
-0.0115864975 -0.0266483892
0.00252618827 -0.00498956908
0.0125012705 0.00047923089
-0.00527847791 0.00667733839
0.0179555044 0.0116454903
-0.0435603112 -0.0225315392
-0.00487761991 -0.0169169977
0.026128551 0.00546664093
0.0136360042 -0.0208918322
0.0219774954 0.028687967
0.00246238802 -0.0235690065
-0.0181629956 -0.00344262552
-0.00773538463 -0.0135723138
0.02334214 0.0102752689
-0.0281644147 -0.0121900635
-0.0147086922 0.00283647585
-0.070277825 -0.0329709798
-0.0372552946 0.00395819359
-0.0263860114 -0.0386372134
0.0337409899 0.00255981088
-0.0190684181 0.0738190785
-0.0200375207 -0.0720671117
0.0562301613 -0.0378154926
0.0393421948 -0.00793073606
0.0337147601 -0.0792232454
-0.0377769619 0.0236970074
-0.0404357985 -0.0214718673
0.0330086313 -0.0103207435
0.0279796943 -0.0340400375
0.00220559607 0.064456515
0.0581236854 0.034131635
-0.0275970772 -0.0146561768
-0.0030590212 0.0227688495
-0.0211728793 0.0473808087
0.0193018634 0.0150644379
0.00823916774 -0.0164117347
0.00471180584 -0.0247924011
0.036418017 0.0843245834
0.0163247064 0.0359951667
0.00645669783 0.0309277251
-0.0164990053 0.0168607682
0.0132235149 0.0213603545
0.0695540458 -0.0145017272
-0.0541017652 0.0675836131
0.0168749727 0.02768833
-0.00964872912 -0.00185382774
0.0554035716 0.0197737999
0.00495585147 -0.0217916332
-0.00885246135 -0.0203525648
0.0341425091 0.0242183842
-0.0641540512 0.0115791233
-0.0819554776 0.0330843702
0.00906288251 -0.0311283804
0.00310711749 -0.0323905125
0.0131451478 0.0334396586
-0.0109162778 0.0333517604
-0.00419009849 -0.00535968738
0.0389460959 0.0361797474
0.0158673413 -0.0235297102
0.00501035713 -0.0222770926
-0.0200631376 -0.0456318855
0.043296732 0.023589503
0.0439310633 0.00365449139
0.00463535171 -0.0519304611
-0.0294356495 -0.0101925079
0.0183471385 0.0323327072
0.0247626416 0.0078867618
-0.0060838093 -0.00986619573
0.0532963313 0.0480064489
-0.0382232778 0.0265717339
-0.0305233207 -0.0262511596
0.0279293284 0.00130837213
-0.0322313309 -0.0514202751
-0.0288070887 0.00553662376
0.0459241942 -0.079038173
-6.33719901e-05 -0.0286371522
-0.0533583462 -0.0381406806
-0.0214344263 -0.00658037979
-0.0237468518 0.0350511856
-0.050808657 0.0524404421
0.0200301539 -0.00912877824
0.0160512514 0.0282503087
-0.0222457722 -0.0263829473
-0.0615364127 -0.0216313396
-0.00890076905 -0.0230973419
-0.0441620089 -0.0133157047
0.0109401755 0.0139822168
0.0907159373 -0.00162034365
-0.0340540446 0.0307263695
-0.0135898255 -0.0436763242
-0.020686524 0.0546065681
0.00263545895 -0.0556333438
-0.076643087 -0.0118778227
-0.0393836759 0.00990195293
0.00253845123 0.117765889
0.0161586143 0.00919427909
0.0341363959 -0.0036902416
-0.0388736688 -0.002192582
0.0519403182 0.0487904474
-0.0321010575 0.066295363
0.0640591383 0.0364224203
-0.00625186739 0.0242173448
-0.013606552 0.0585512109
-0.0135139283 -0.00962003786
0.00236063777 -0.0324963629
-0.00958185457 -0.026368808
-0.0426585376 -0.00158166338
-0.0426028706 -0.0484164432
0.0240672305 -0.0381917693
-0.0480909608 -0.00540283602
-0.0547346734 -0.000286689552
0.00914270896 0.0323126502
0.0325760841 -0.010823695
0.000843097863 -0.047914736
0.0324805118 -0.0294514652
0.0788603798 -0.00259296084
-0.0342371166 0.0605446622
-0.0146585554 0.0124745825
-0.0354263373 -0.0217991322
-0.0442990437 0.0193803776
-0.0179402251 0.012514459
-0.00847865827 0.0193635691
-0.0168877821 -0.00573375635
0.0191948153 0.0294167176
0.00766144786 0.00634294795
0.05600271 -0.00819807593
0.0177033972 0.0105487751
0.0294909328 -0.00752393017
-0.00552544789 -0.0577388816
-0.0594424233 -0.0117684593
-0.0074597057 0.00347297429
-0.0140815526 0.0154066952
0.0216560625 0.0530232005
-0.000273928716 -0.015635239
0.012577923 -0.0517656729
0.0232948065 0.0063411179
-0.0107955793 -0.0270778127
-0.00510516251 0.0127141904
-0.0152240284 -0.034684103
-0.0114352852 0.0208516903
-0.0264882781 -0.0407301746
-0.000117835298 -0.0255085081
0.0265540984 0.0590081103
0.0017452233 0.044185482
-0.0460993797 -0.0215517431
-0.0173347145 0.00504878676
-0.017825013 -0.0444897823
0.0638683438 0.0222787242
-0.0141149787 0.0928298011
-0.0569503307 -0.0477623828
0.0720098838 -0.0189948417
0.0455937497 0.00597409438
0.0377814248 -0.0854876637
-0.00731064007 -0.0130081819
-0.0779617652 -0.00616964465
0.00978367217 -0.0164474063
0.0315427259 -0.0551252849
0.0223958436 0.0401067659
0.0465152748 0.040503718
0.000642188243 0.00446016481
0.0160292275 0.00713274302
0.00745683117 0.058569584
0.0255411956 0.0348817073
-0.0279849451 0.0287648737
-0.0156697743 -0.0369207188
-0.0021593133 0.0786018893
-0.00393932499 0.0302690845
0.00330910413 0.0513933413
-0.0309615247 0.0592115708
0.0249972064 0.0488586612
0.0555323549 -0.0394220091
-0.0497726835 0.0505666845
-0.0111149466 0.0155284628
0.00880540814 -0.0163784381
0.0569180697 0.0144721074
0.00849325396 -0.0313028991
-0.0127535928 -0.0281064138
0.0110158054 0.00726109091
-0.0541466773 0.023050962
-0.0902472064 0.0718422085
-0.0146926399 0.000550603494
0.011789511 -0.0451341569
0.0320070349 -0.00335639645
0.00751824863 0.00211857446
0.0173174217 0.0414120369
0.0340895802 0.0359021127
-0.00421237014 -0.00304336986
0.0166908558 -0.0389889814
-0.0234732311 -0.00989352539
0.0264228806 0.0230223015
-0.00209017843 -0.0256280731
-0.000213256368 -0.0187971629
-0.0353603289 -0.0284477323
0.0432328023 0.0214624573
-0.0318034366 -9.57824523e-05
-0.00691767409 -0.0119631868
0.0310467668 0.0375216976
-0.0582745895 0.000260725297
-0.00696385698 -0.00386807695
0.00236751209 0.00763645396
-0.0504040308 -0.0285124686
-0.0146046318 0.00755228335
0.0508276597 -0.0690554008
0.01967475 -0.0216136295
-0.0340852961 -0.0312479846
-0.0296701863 0.0152842049
-0.00540921092 0.0544793755
-0.0865957737 0.0590832382
0.0103470022 -0.00114422047
0.035028331 0.00324983755
0.018210968 -0.0347288139
-0.0655057207 -0.0507076308
-0.00976177491 0.0026534067
-0.0494339094 0.00946319569
0.0130149182 -0.013211987
0.0425992012 0.0249470528
-0.0378963351 0.0622840486
0.00873849355 -0.067387715
-0.0469966903 0.0688034445
0.00405471725 -0.0441127941
-0.0576143526 -0.0379144289
-0.0201165844 -0.00952990912
-0.0199988484 0.106994644
-0.00248846249 0.0141890589
0.0245729499 -0.0447450243
-0.0679827258 -0.0145320287
0.0205871053 0.0194311012
-0.0600502118 0.0843221545
0.0392133072 0.0243332908
0.0205263589 0.0132174902
-0.00443958817 0.0500761792
-0.0150649548 -0.00520856911
-0.00495534297 -0.0337264985
-0.0345275737 -0.0464898348
0.0258677546 0.0452320501
-0.0308190584 -0.0713515803
-0.00759647833 -0.0126207806
-0.0427621901 0.023549255
-0.0353362858 0.0151552809
-0.0176354088 0.0599102899
-0.00262165884 -0.0381470397
0.000390924775 -0.0219883658
0.0343542211 -0.00253399275
0.0641650483 -0.0134301633
-0.0161225963 0.0784282163
-0.0166668091 0.0774563327
-0.00159323635 -0.0442237593
-0.0740105957 0.0325059406
-0.0402403586 0.0131175658
-0.0223834049 0.0157232899
-0.0148224588 -0.00516331475
0.0162145775 0.0182975382
0.0306224488 0.0230247397
0.0347637571 0.00169931736
0.0304049756 0.00898248237
0.0403790958 0.00088828837
0.0264442954 -0.0401641689
-0.0404313207 0.00563173881
0.039324943 0.0518443063
-0.0473532453 0.036707826
0.0145378578 0.0512422211
0.0155854523 -0.0270556603
0.020688232 -0.0384882875
0.0507835411 0.0167311411
-0.00629766611 -0.0583840385
0.00110415847 -0.018919589
-0.0229225438 -0.045570448
0.00129261462 0.0155775268
0.00363192265 -0.0187866315
0.00696055172 0.0128066754
0.0166352373 0.0193370469
-0.00238003721 0.0374250226
-0.00789735001 -0.0271246247
0.00756108342 0.0378270112
-0.0148959737 -0.0251521524
-0.000642904022 -0.0374684222
0.0764369518 -0.0388031825
-0.0430706516 -0.0314573906
-0.105957441 0.00573651399
0.089936398 0.0188104324
0.0267186277 -0.0348746181
-0.0450405926 -0.0759942085
0.0451078042 0.00216146256
0.00493569626 0.0749930888
0.0278844461 -0.0151796388
0.00447128201 -0.0240360871
-0.0212123245 0.0305352081
-0.00111125747 0.048377499
-0.0104251206 -0.0428444035
0.0353557765 -0.000837194209
0.0211228766 0.0139023149
-0.0394460708 0.0230007116
-0.0244927313 -0.00737989973
-0.0147940172 0.00947518088
-0.00472915499 -0.0430502668
-0.011141439 -0.0860877261
0.0784505904 -0.0133731747
-0.00177225471 -0.00238888734
-0.00615577539 0.00347657455
0.014444679 0.0557371229
0.0358172618 -0.0253758542
0.0193424858 0.0449371561
-0.00800017826 -0.0127170812
0.0336231738 0.0279692654
0.0308222435 0.0669444948
0.0241748318 0.0168206226
0.0199666359 0.091561459
-0.0577911846 0.00993971154
-0.0290340334 -0.0527988635
0.0589853637 -0.0361793824
0.0381927639 -0.0258141141
0.0357877053 0.046726007
0.0829548687 0.0395720676
-0.00245389948 -0.0780773908
-0.0361787081 -0.0518404134
-0.0211675353 -0.0209962744
-0.0413312949 -0.0279907789
-0.00421033287 0.0156510491
-0.0271285307 0.012828052
-0.0142846676 -0.0546034425
0.0725344718 -0.0562147945
-0.0202882942 0.0262581799
-0.0901233032 -0.0428708009
-0.0142436679 -0.0985798985
-0.0194559526 0.0265999846
0.059603963 0.00595627166
0.0174536463 -0.0255510416
0.0428058356 0.0214499962
0.0351364762 -0.0506718531
-0.0559809729 0.0926368386
0.00711341063 -0.00680531189
0.097557582 -0.109829359
-0.00851367135 0.0239136424
-0.0529356338 0.0794146508
-0.0590551347 0.0013393939
-0.0175951272 -0.0397081673
0.118254535 -0.0966974422
0.0307107735 -0.00605561817
-0.00785946008 0.0634767041
0.0618657656 0.00445069326
0.00333798607 0.0145740956
0.0719535798 0.0233044121
0.00944493059 -0.0485665537
0.0321702622 -0.0163511503
0.10507232 -0.00166417053
0.00331159122 0.0146885812
-0.0612468496 -0.00276204781
0.0308037512 -0.00338619808
0.0861262977 -0.0374719836
0.0206843112 -0.11812748
0.047827974 -0.0480352677
-0.000749285624 0.0160402972
-0.0375296026 -0.0275686681
-0.0598850176 -0.00579859689
0.00707644038 0.0279531963
0.0115831802 0.0909384713
-0.0730610192 -0.0277990848
0.0515854843 -0.0248337816
-0.0290158484 0.0171662662
-0.0784078464 0.0157563817
-0.0900324211 0.0274115745
-0.0447261408 0.0285067894
0.130664721 0.0121515924
0.0258310828 0.0126410872
0.0270363837 0.0206728317
0.0192181226 0.00920965802
-0.0233323816 0.0659720004
0.0412406251 0.036450211
-0.054213278 -0.0599483699
0.000262381043 0.0234489683
0.102763496 0.0212233253
0.0331312642 -0.00959433988
0.0351008773 -0.045831155
0.0081447158 -0.00983801298
-0.0252080467 -0.0117940968
0.0540645942 0.0345488898
0.0140674887 0.117970817
-0.111306965 0.0340558998
-0.0203095879 0.0597701333
-0.019372765 -0.0122587169
-0.0333531015 -0.00768387411
-0.0101765934 0.0544699021
-0.0300619379 0.0149854692
-0.0643169582 0.0248264801
-0.0438378304 -0.0305217765
-0.0944428518 -0.0257738288
-0.0180510692 -0.0154981995
0.0261430498 0.123376474
0.0813159794 0.0471667573
0.0406998545 -0.0110427523
0.0605321601 0.0117435353
0.0615702495 -0.014581752
-0.0221380945 -0.00692254445
-0.00331446109 -0.127557531
-0.0614678524 -0.00320472592
-0.0853516459 0.0428476408
0.029273564 -0.0393675938
-0.017327901 0.110612646
0.0162911937 -0.0223581698
-0.0202050302 0.0300017018
0.00660190172 -0.00490527274
-0.00460703578 -0.112017006
-0.0365553387 0.0640253723
0.106279418 0.00903887674
0.0510535203 -0.0846341252
0.0599331409 -0.0499929935
-0.0353437401 0.0174816754
-0.0960968807 0.0190070029
-0.0340967737 0.0457545742
-0.0460845903 0.0824967325
-0.0228418261 -0.0374830067
-0.0704629123 -0.0211494397
0.0562001541 -0.0230727512
-0.0399662517 -0.0348204672
-0.0126377577 0.0523596779
0.0683974177 0.0336319655
-0.073561281 0.00915057864
-0.0747963861 -0.0218395479
-0.0713531598 0.00704101333
-0.0721383765 -0.00192693248
-0.0436219983 -0.0379615314
-0.00908389408 0.000975711213
0.0303140469 -0.051068943
0.000480937655 -0.0676477998
-0.0499646924 0.0266694594
-0.000697535928 -0.0297216009
0.0242076423 -0.079257071
-0.0923065916 0.0391478874
-0.0255467836 0.0893568024
0.0247534532 0.049369365
-0.0395800136 -0.0207314007
0.0366625115 -0.0278509371
0.0643730834 0.0251122024
0.00729443831 0.0395162292
-0.0203430951 0.0873664618
0.0372105204 0.0513095185
0.0183231644 0.0319395326
0.0528512336 0.0352184437
-0.0312982835 0.0108075216
-0.0135080433 -0.00066150137
0.0112938946 -0.0293687079
-0.0628424957 0.0261473469
0.00179786922 0.0016920371
0.0267133135 0.0131718218
0.0305181574 0.0345819443
-0.00828342978 -0.0104311788
-0.0229547396 0.033377111
0.02054183 0.0130582592
-0.0446599498 -0.100443453
-0.0135670034 -0.0476269498
-0.0661911964 0.0108335465
-0.00725921849 -0.0670931339
0.0155276908 -0.0109411729
0.0446164124 0.00907261204
0.016574081 -0.0108538615
-0.0322260857 0.0195624065
0.0391270481 0.0234807767
-0.01878017 -0.0168708004
-0.0445997976 0.0306695756
-0.0394645594 -0.00149585912
0.0130631942 0.00678174384
-0.0362224691 -0.0545233749
0.0102560176 -0.0471434034
0.0142182205 0.00957450084
0.02139939 -0.0107951723
-0.066292569 -0.00888156984
-0.0313833095 -0.0230233781
0.0615092404 -0.0109877614
-0.0161149576 -0.0557860211
0.0825699344 -0.00276689022
0.0365152471 0.0175160114
-0.0584154576 -0.0318963006
0.0377091132 -0.00502633117
-0.0511707775 0.031496264
0.0114893001 0.0115558524
0.0141651854 0.0174266733
-0.0127721541 -0.0184512548
0.00634408463 -0.0426898859
-0.015352116 -0.00274160388
0.00913385861 -0.00936355535
-0.0401051864 0.0311898943
0.00461284397 0.0621544272
0.0709348917 -0.0566888079
0.00950679556 -0.0357774235
-0.040822126 -0.0243918877
0.0810553432 -0.0190132558
0.0606516674 -0.04399525
-0.0295309033 -0.0782066658
-0.0282867793 0.020290168
-0.0292050857 -0.00675775623
-0.0684224442 0.0233112574
-0.0318872668 0.0144166285
0.0444107838 0.0297008101
0.0026508912 0.0100076823
-0.00960916746 -0.0212609377
-0.0447973683 -0.00844037253
-0.0605671741 -0.0231981985
0.135579169 0.0270694438
-0.0464238077 0.0147708375
0.00952603109 -0.0562773831
-0.00278484426 -0.0560480915
-0.00819168799 -0.0231736135
0.0540880747 0.0134103205
-0.0335893817 -0.027295582
-0.0474845394 0.00724950572
-0.0614785515 0.0212899409
0.0179127939 -0.0569188595
-0.0180867705 0.028974805
-0.0661678761 0.0871493816
0.0902541727 -0.0243054349
0.0515036732 0.0476426743
0.0325918421 0.086281009
0.103820883 -0.00974623952
-0.00850900821 0.0190975871
-0.0586866029 0.042665191
0.0316172093 0.0132908979
0.0206283294 0.0253699031
-0.00738008553 0.0879146904
-0.0712573156 0.0190467909
-0.0483846664 0.0109411264
0.041131828 0.0248728469
0.0477721803 0.0337388627
0.0339113027 0.0227520838
0.0184223447 -0.0760154352
-0.0497784838 0.0346619599
0.015177886 0.0727392286
0.000310421077 0.0995895192
-0.0696081594 0.0459575951
-0.022609653 -0.00827540364
0.0235007685 0.0132272122
-0.00424534548 -0.0122069269
0.0203801189 -0.000270843302
0.0562716499 -0.0353076607
-0.00664202776 -0.0603262633
-0.0764566213 0.00700883381
0.0905911624 0.0306324475
0.0045357733 -0.0258646272
-0.0924480557 -0.0626093149
0.0450236835 0.0162117667
0.0271234736 0.0294149499
0.0143403709 -0.0100452108
-0.0362109691 -0.037146233
-0.0146277584 0.0248733927
0.0152343046 0.0225748084
-0.00254150899 -0.0731713697
0.0502339415 -0.00405343063
-0.0277179219 0.0133605497
-0.0120175676 0.0170202237
-0.0121321706 0.0120499954
0.0172098335 -0.017055558
-0.0221646596 -0.0417634249
0.0297945235 -0.0757585615
0.0663646832 -0.0110213654
-0.00575227709 -0.0256486759
-0.0261163209 -0.00301698036
0.0245036259 0.0309013184
0.0334654413 -0.0204537828
0.0461425111 0.06098653
-0.0151856532 0.00200018822
0.0485014915 0.0366038382
-0.0165875927 0.0289070234
0.0262575392 -0.023496842
-0.081319876 -0.00481597846
-0.0859729871 0.0556770898
0.0514080524 0.0186921638
0.0633892789 -0.0334616564
-0.0342467874 -0.0282571819
0.000358282239 -0.042060975
0.0124216108 0.0527107716
-0.0736862794 -0.0161059592
-0.0324490219 0.000581886736
0.0587781556 -0.034080144
0.0665349439 0.0314541683
-0.00414201571 0.0558657981
-0.067874141 -0.0328591093
-0.0546120368 -0.0480505712
0.0325676724 -0.0784944072
0.0165813603 -0.0163467843
0.00896971207 -0.0362626202
0.073190257 0.00632736832
-0.00763742765 0.0165498368
0.00670565292 -0.105649158
0.0389858596 0.0866958648
-0.0155130289 0.0457816198
0.0235380176 0.051619485
-0.00999751035 0.00367203983
0.00346571626 -0.0497369841
0.0455533937 0.00553625915
-0.0120831821 -0.02925108
-0.0418857969 0.0305022839
-0.00879283249 0.0582271777
0.0068815616 -0.0239419602
-0.0216124207 -0.00136674917
0.00675972318 0.0253511388
0.0121022742 -0.0229573473
-0.0106305787 -0.0656215325
0.0143061047 0.0307549164
0.0416452438 0.00573854102
-0.00767293107 0.0297709256
0.026379928 -0.0120327109
0.00901563652 -0.018196078
-0.0520220064 -0.0380066372
0.052729737 -0.0894103348
-0.017361613 0.120285556
-0.0137806432 0.00510522211
0.0895099714 -0.0151077295
-0.0106628928 0.0361873806
-0.0169527605 0.00160551514
0.0235689208 0.0764309019
-0.0474467203 -0.00126725133
-0.0481873229 0.0238849279
-0.0087227663 -0.0575381517
0.0549348965 -0.0530534461
0.0167415943 0.0242914762
-0.00543109607 0.0100826109
-0.0353322998 -0.0232790969
-0.00421492383 -0.00708819553
-0.00291246246 0.0322462693
-0.076338172 0.0277423635
0.0779884756 0.0085591469
0.033012297 0.0108029442
-0.100863315 -0.056251049
-0.0724935532 0.0047825668
-0.0157773718 -0.014272077
-0.019169176 0.00231277547
-0.0429581255 -0.00545502501
0.0255433302 0.00787313934
-0.0550405979 -0.0454774089
0.00426658243 0.0372104757
0.15298228 0.0520126522
0.0392115004 -0.0347468928
-0.0102798501 -0.0284588095
0.0467522964 -0.0660053119
-0.0378999859 -0.0496851951
-0.00609168829 0.00707411254
0.0382359885 0.0587087795
0.0459506698 -0.00681428658
0.0779446885 -0.0679846182
-0.00594927091 -0.0517419577
0.00288647972 -0.016726112
0.0567830503 0.0176038314
0.00794159155 0.026437344
0.0626382381 -0.0396250226
-0.0256556515 -0.0119058033
-0.0591577701 0.00295080594
0.0159743652 -0.0223438106
0.053549923 0.0083375955
0.0907243118 -0.0442025624
0.0103997523 0.00600170344
-0.0163926482 0.0261672735
-0.0197553765 -0.0753244013
-0.0501749143 0.0120729478
-0.101478651 -0.0284362566
-0.00809109304 -0.00574435014
0.0340803228 0.0245451666
0.0247704573 0.0350824483
-0.0313783474 0.0269387383
0.0554684624 0.0340213478
0.0234056413 -0.000317485916
-0.0506575741 -0.00495684566
-0.0234129224 -0.0380284861
-0.0237532295 -0.0568783097
0.0260593891 0.0723152608
0.0624972433 0.0287927687
-0.0840554982 -0.0297776405
-0.0407561958 0.06492199
-0.0332102738 0.0206530336
-0.0333701633 0.0558186322
-0.0403707512 0.0494288318
-0.0299225915 0.000724792015
0.0840956122 0.0652773902
-0.016143892 -0.0196474567
-0.0268221404 -0.112878449
0.0451042801 0.00796437543
-0.0243675951 0.00794033892
-0.0220795646 -0.0575272366
0.0252350885 0.0122024827
0.0191241205 0.0415958948
-0.0209468175 0.0213675983
0.00826521683 0.0493965298
-0.0535482652 -0.0192510672
-0.0385741852 0.00465816027
0.0791664422 0.0293758865
-0.0436380208 0.0716988221
-0.0363733694 0.00939234998
-0.00930520892 0.0429963246
0.0308770817 0.0484934747
-0.0580294691 0.0231460351
-0.116646171 0.00310567487
-0.0101202168 -0.0443618074
0.0169738866 0.00651423493
0.0142173925 -0.0742757767
-0.0276584495 0.0296688396
0.000449420884 -0.00272305403
0.0507857613 -0.0376480967
0.0319906995 0.0629648641
-0.0472540893 0.00997315347
-0.0387816392 0.0771349147
0.00305687776 0.00798344705
-0.0021084114 -0.0592942946
0.0157525092 0.00957619585
0.0286458712 -0.0176937226
0.0196983758 0.0565478913
0.0281724539 -0.00207535434
-0.0217716377 -0.0678026304
-0.0111875087 -0.0421121083
-0.0512556024 -0.0725421235
-0.0402297154 0.0408625901
0.0461973585 -0.0091065336
0.0294141434 -0.0157704502
-0.0598750375 0.000279847911
-0.120688267 -0.0532463603
-0.0550502613 0.00801059417
0.000305884285 -0.0079265153
-0.0253652893 0.046323631
0.0197874382 0.0130545627
-0.0147290267 0.039374169
0.0240298212 -0.00149742712
0.0187488142 -0.0576937422
0.000224613686 0.0172815416
0.0208276361 -0.0048474595
-0.0234245565 -0.00281026913
0.037283916 0.0985914767
0.0393320657 -0.0308542922
0.000432919303 -0.0384765379
0.0175204352 0.00394986896
-0.0282985289 -0.00860655215
0.00315455045 -0.0297316704
-0.0155351702 -0.00294820569
-0.116519868 0.0719511732
-0.039524544 -0.00610797666
-0.0184618048 0.0422834046
0.0414862819 -0.00498310756
-0.000266208575 -0.0466617532
-0.0624529682 0.0558046065
0.0115259262 0.04387163
-0.00288169947 0.06252864
0.00270660711 0.0155814672
0.0650316626 -0.0547749922
-0.00728850672 0.0133670159
0.00459082844 -0.0240071919
-0.010928099 0.036347568
-0.00853764638 -0.0264033433
-0.04251137 -0.0900889114
-0.0167305153 -0.0270320866
0.0430130735 -0.0595897548
0.07022167 0.0110679008
-0.00667365827 -0.0409959964
-0.0312612318 -0.0499905758
0.0208369866 0.0753713101
0.0225777663 0.0601312593
-0.0430065989 0.0243688785
-0.11130444 -0.0136048272
-0.0454767942 -0.0596547388
0.040470846 -0.0128179276
-0.0413168557 -0.0297366977
-0.0550655834 -0.0298418123
-0.0206533205 -0.0535439588
0.0620113276 -0.0214671604
-0.0341273509 0.0264091026
-0.0828942433 -0.00672869617
0.00420550536 -0.0301078875
-0.0132985385 0.00695823831
0.00595022598 -0.0349166319
0.00536645157 0.0108050453
-0.0499737896 0.0663127601
0.00123375561 -0.0137064485
0.0333470516 0.0203415807
-0.00811694935 0.0873239189
-0.0137463957 0.0396944545
0.0632351562 -0.0413174517
-0.0169073511 0.000698768767
-0.0258138347 -0.0298786089
-0.054471124 -0.0833821297
-0.0289469436 -0.0331203043
-0.0318836085 -0.0797299743
-0.10021852 -0.00739256246
0.0715453923 -0.0113856047
0.0184441786 -0.0872586891
-0.073462069 0.074167721
-0.0101206824 0.0342880897
-0.0676413998 -0.0252977237
0.0264842231 0.000578224601
-0.0103148175 -0.0250057448
-0.0490413532 -0.0606339872
0.0111000501 -0.0186221581
0.0468414985 -0.046888493
-0.0216046292 0.0209491439
-0.0683675259 0.0103391903
-0.0497321449 0.0296563823
-0.0289294552 0.0834437236
-0.0198094398 -0.0307976026
0.0120662656 -0.00488579553
0.0650524199 0.0997855291
0.0668264553 0.00763828307
0.0235326588 -5.79799735e-06
-0.0399039462 -0.0293489508
-0.0237420686 -0.0120403171
0.0546731204 0.0248750784
0.0316361934 -0.0410634689
0.0836954042 -0.0133246901
0.0297994986 0.0372147635
0.0220784396 -0.00559342233
0.0676534325 0.0730142444
0.0399587192 -0.00125337124
0.0589269362 -0.0403139107
0.0332798734 0.0271596629
-0.0430478305 0.00804069173
0.0283214282 0.0416738391
-0.0363624878 0.0557046458
0.0270636585 0.037201196
0.170136482 0.00652686227
-0.0302464906 -0.0460380763
-0.0650603026 0.045530159
0.0248125382 -0.0254121218
-0.05539288 -0.00150146382
-0.0287121814 -0.00477048242
0.0181983337 0.012281944
-0.0670530275 0.00232574064
-0.0984970704 0.0408363491
0.0703275129 -0.000591231103
0.0675059631 -0.0185154732
-0.0503556542 -0.0374941304
-0.00879668817 -0.0260542016
0.00361783872 0.0207018014
-0.0534602962 -0.0216475278
-0.0399251282 -0.0304853767
0.0334183164 -0.0361764655
0.0728108212 0.0577692948
-0.0272834562 0.0527396724
-0.0581234507 -0.0304485206
-0.0556882247 0.0016183753
-0.00561885256 -0.0722806603
0.0453192219 0.00986152515
0.0315976664 -0.0166929699
0.118472457 -0.0200010575
0.0163130667 0.0677561164
-9.82588754e-05 -0.080301173
-0.00789777748 0.0699319169
-0.0277545005 0.0884728357
0.0255188681 0.0125315078
-0.00473839417 0.0240071267
0.00630907388 -0.0191738717
0.0552511141 0.0214707833
0.0205207523 -0.0363203883
-0.0416126363 0.0669760182
-0.0118255476 0.0338003337
0.0445448048 -0.013512779
0.0316660292 -0.00150211959
0.0634732991 -0.0336736143
-0.0579195134 0.00874810945
0.0419276915 0.0191214122
0.00394445192 0.00424833363
0.0359418206 0.0572071336
0.00346233626 0.0317774937
-0.0306400582 -0.0176918507
0.0308932979 -0.0293394886
-0.0287018809 -0.0157327428
0.0759899393 0.0329335518
-0.0335855447 0.101177931
-0.0381511375 -0.0485312566
0.0762933418 -0.0908346027
-0.025403779 0.00494491775
-0.0581017323 -0.0242697559
-0.0525708497 0.0071922238
0.0413389802 0.0729951262
-0.00874754228 -0.0640596971
0.0713248029 -0.0129324431
-0.00320049981 0.0441816561
-0.0720797703 0.0217769109
0.0757671073 -0.0107865687
-0.000233848594 -0.0456024483
0.103706568 0.012214764
0.0619712956 -0.0215937886
-0.0863684267 0.0331515707
0.0996294767 0.0362924486
0.03528798 -0.00862876978
0.0121940682 -0.00250910688
0.0103596477 -0.0008593846
-0.0585968569 -0.0234205257
-0.0108965198 -0.00399060035
0.0747914016 -0.00466538221
0.0252108946 -0.0243688449
0.030857889 -0.0262189414
0.0409223475 0.00394236157
-0.00238482724 0.0138096893
-0.044182837 0.0300238896
-0.0187616572 0.0315916985
-0.00568134105 0.00345787662
0.0271463189 -0.0127002662
-0.0389130898 0.0539638624
-0.0108898478 0.0165280979
-0.0293124877 -0.0144564882
-0.00364957843 -0.0551376939
0.0364803262 0.039107807
0.0340177082 0.00634072674
0.0176836662 -0.0688514709
-0.0262328368 -0.0495389402
-0.0165690593 -0.041343607
-0.0185971074 -7.33677007e-05
0.0156114819 -0.0183134433
0.00274359155 0.0694920644
-0.070838511 0.031365253
0.0493440591 -0.0376840755
0.0171646401 0.0539642312
-0.00160405738 -0.0827291608
0.0402580984 0.0140040312
0.088398613 0.0182135385
0.0342996791 -0.0342551246
-0.0379462503 0.0158475041
0.0127388611 -0.0384826213
0.0654954836 -0.0582729094
0.00168469129 -0.0990186408
0.00904643256 -0.0401845649
0.0903129578 0.0493692197
0.0271488018 -0.0246934723
-0.0995896086 -0.00708931498
-0.0261072945 -0.0838352218
0.0144650098 0.0240763314
0.0224378519 -0.0251674522
-0.0325516574 -0.0455051325
-0.0380853117 0.00607539015
0.0645757541 -0.0785105079
-0.0748174936 -0.0221050903
0.0120706866 0.0547426082
0.027448643 0.0204036292
-0.0486084968 -0.0113054914
0.067841731 0.00484398939
0.0611832589 0.0771120489
-0.0245701708 -0.042024143
0.0233322307 -0.0490994193
0.0111864908 0.0832849517
0.00765104638 0.0192764662
-0.0080157062 -0.0170316584
0.0491258875 0.0515877604
0.0288061295 0.0643536597
-0.045199845 0.00549872592
-0.0710062906 -0.0161222499
-0.0726357549 -0.0308032669
-0.0469091497 -0.0386698022
-0.00136193971 -0.0559517257
0.0325377844 0.0254080612
0.0364231989 0.0819500089
-0.0823580697 0.0763050541
-0.00231514173 0.00528151123
0.0881478935 -0.023353735
0.0424848385 0.00311787217
0.0390773863 0.0466146693
0.0133766504 -0.00925339106
0.00889949687 -0.0534099825
-0.0962395072 0.0254814439
0.0334700681 0.00302097108
0.0856444612 -0.00812817831
-0.076854907 0.0731138214
0.00821978319 0.0749456733
0.0416172557 -0.0255376697
-0.0200372823 -0.0415646583
0.0468150377 0.0231329482
0.00928324647 0.0546400212
0.0302377045 0.040864829
-0.00602819584 -0.0395492129
-0.0321125165 -0.069678627
0.0347870849 0.0454619862
-0.0211863704 -0.0590804294
-0.0345166586 -0.0477125458
0.0193171743 0.0281198695
-0.0289938878 0.06351877
0.0257659182 -0.00881995261
-0.0436303131 0.0116006695
-0.0812242329 -0.0311368052
-0.0475925431 -0.0462039262
0.0508432761 0.0290427264
0.0894861296 0.00443974743
-0.00392873678 -0.00591997616
0.0426592939 -0.0290971361
0.00276768883 -0.00694734976
-0.00906269904 -0.0153292306
0.0405163504 0.0101920292
-0.0662957057 -0.0364714824
-0.00393909169 0.00124510587
0.00825058948 -0.0117097031
-0.00472341105 -0.0762469769
-0.0634307638 0.0337631628
-0.0280321706 0.0207612403
0.00700173713 0.00240184576
-0.0367299356 0.052714657
0.0404087566 0.0235212129
0.172376439 0.0549353398
0.0388614908 -0.0163581017
-0.0312692374 -0.0156582315
0.000570718956 0.0259474088
-0.0580576062 0.0177359264
-0.120907173 -0.0183850918
-0.0483650044 0.0308043435
-0.0682659373 0.0701223761
-0.00338795106 0.00339805987
-0.0525948629 0.039200265
-0.0535348728 -0.0599493086
-0.0753160492 -0.06258367
-0.0525529645 -0.00555880368
-0.00288220844 0.00684046885
-0.0735173076 0.0337713361
-0.0302811619 0.0096598966
-0.067770198 0.0156213436
-0.0214093253 -0.0182523131
-0.060400743 0.0484954976
0.0437206924 -0.020735478
0.0152349528 -0.0477252416
0.0151095157 -0.0286266617
0.0845483243 -0.0366490111
-0.0405860655 -0.0123373186
0.00675285794 -0.0337532908
0.0677019209 -0.00134529336
-0.0239923093 -0.0286503602
-0.000382142316 -0.059400633
-0.0909830481 0.0126759857
-0.0433713906 0.00749590062
0.0100701423 -0.028170608
-0.0611390658 -0.0574661382
0.0320484787 -0.0442636274
0.0720435008 -0.00751429889
0.0570162162 -0.0503734723
0.00673290575 0.0313785635
-0.0165428575 0.0566046648
-0.0578122959 0.0169689264
0.0338747874 0.00678015826
-0.00958034769 -0.0530530848
-0.151618287 0.0609954894
-0.0840448737 0.0589692891
0.0520704277 -0.0646922439
0.0709649995 0.0253119897
-0.00317714619 -0.0803326145
-0.0225435309 -0.0566480048
0.00052836549 0.095272623
0.0490403436 -0.0175669342
0.0251269098 -0.0252290312
-0.0962753296 -0.090876095
0.0282930583 -0.0517877117
0.0134113636 0.0129949218
-0.0874343961 -0.00753252627
0.0405764915 -0.00740199862
0.0377239622 -0.064322941
0.0241815392 0.0804426745
0.0641498938 0.00667678518
0.0748061761 0.0139423907
0.0353019387 0.0366685539
-0.0165099595 -0.0187528078
-0.0167921372 -0.00898465142
0.0147824092 0.00681738369
0.0786628723 0.0733040795
0.0630289689 0.0421826951
0.0323540419 0.0190385096
-0.0421036482 -0.0437214449
-0.0282513574 0.00430736411
-0.0321166813 -0.0335921124
-0.0589491576 -0.0605235323
0.0313445292 -0.0389275886
0.0512976274 -0.0916326419
0.118604824 0.0338723958
0.0806499198 -0.0067296843
-0.0876473114 -0.0682054088
-0.0441706367 -0.0419700779
0.0144630633 -0.0443760231
-0.0540131405 0.0399664827
-0.0639181659 0.0611782186
-0.00656413194 -0.00490721967
0.00945820287 0.034921173
-0.0138215208 0.0583095066
-0.0346577875 0.00842342339
-0.107053205 0.00895762909
-0.000600314641 -0.00531116594
-0.0297563616 0.0321401544
-0.0219493788 -0.0260492656
0.0384480618 -0.0132113164
-6.17737751e-05 0.00900376495
-0.00642860169 0.0954487696
0.00913758576 0.0923869759
-0.0360515267 0.0242832527
-0.0216693468 -0.0296746492
-0.0295790602 -0.00155886891
-0.0183867365 -0.0549335182
-0.00959835388 -0.0690313727
-0.0877356529 -0.0126400879
-0.0564764887 0.000371990114
0.0162037592 -0.00716690719
0.0395759717 -0.0191371422
0.0214087535 0.00694248034
-0.0601901934 -0.029723838
0.0380915478 0.031801939
0.00676731952 0.0622231886
0.0102896588 -0.0169416405
0.0549432412 -0.0811467841
-0.0325139835 0.0166743025
0.0277166795 0.0562108196
0.00388930575 0.0386156105
0.0101823993 0.0807352588
0.0123682851 -0.0436627418
-0.000537638727 -0.0196519997
0.0142022073 0.0319654904
-0.0168813225 -0.0200484172
0.0247904137 0.0036521852
-0.0742725953 -0.0162764248
0.0292426664 0.00546221575
0.0513400547 0.0389029123
0.04822677 0.0146245249
0.0695698857 -0.0493152104
-0.0334146768 -0.00588032091
0.0659225732 -0.0272859037
0.0497415736 0.0187551174
0.0425546877 0.0303812698
-0.00717543624 0.0177698545
-0.0116621582 -0.0394068547
0.0126877949 0.0149429254
-0.0290520582 -0.015491901
0.0644266754 0.0649359077
0.00256928033 0.112088658
-0.0200202633 -0.0503712781
0.05038983 -0.0948459357
-0.029498715 -0.00950469263
-0.0798356682 -0.0341959819
-0.0410336517 -0.00929952133
0.0103460159 0.0108585199
0.0251725633 -0.0142757846
0.0419559442 -0.0044635213
-0.00311392988 -0.0366367623
-0.0555083603 0.0180917345
0.0702224821 -0.000406835316
-0.019465141 -0.0286642145
0.089677535 0.00255043898
0.0767762214 -0.0180633124
-0.0849861801 0.0220722258
0.120085731 0.0674072877
0.0199091714 0.0250891019
-0.0025722771 0.0144660734
0.055792179 0.00743900286
-0.060076233 -0.0213485304
0.0277418867 -0.0095670959
0.0129576605 -0.0368367098
0.00896506943 0.0378256254
-0.0193243641 0.0170545578
-0.0683374554 0.0226079635
0.0036888998 0.0291050617
0.0511649363 0.0510455295
0.0319305435 0.0980942771
0.0313332975 -0.0217054039
0.0211673435 -0.0505443662
-0.053768903 0.104024194
-0.0475476086 0.0101123676
-0.0631692559 -0.00314288773
-0.0512368418 -0.00587550271
0.0821259543 -0.0212612059
0.0610089675 -0.0539786331
-0.0346898176 -0.0740901753
-0.0523966365 -0.0174087081
0.0115447687 -0.0363190621
0.0431957357 0.00594325643
-0.0345434695 -0.0455751233
0.0284685362 -0.00421216153
0.0789665356 0.0827948377
0.0225410499 -0.0200420227
0.00643696915 0.00823245198
0.0673800632 -0.000692882284
0.017394118 0.0236418881
-0.0165800657 -0.011780683
0.0569425225 0.0121587925
0.00299894251 -0.0334150344
0.0688090399 -0.092250146
0.0797938704 0.012854862
0.041267883 -0.0150173251
-0.00831643026 0.0486214086
-0.0427750908 0.0700835586
0.0423487648 0.0130380634
0.0047189896 -0.101476416
0.041913826 -0.0411824808
0.0360620804 -0.00678607123
0.0114575755 -0.000573176949
0.0187214613 -0.0198290404
-0.0584488697 0.0114049865
0.0824312717 0.0174371824
-0.0210764371 -0.0434344932
-0.00499527762 -0.00701103499
0.140990406 -0.0134368269
-0.0799621642 -0.0277333707
0.0493571647 -0.0160093009
0.120142683 -0.0417263992
-0.0795374736 0.00221880246
-0.0513344407 -0.0417936891
-0.0164933186 -0.0776807889
-0.0204453021 -0.0182701107
0.0134953512 -0.0303176902
0.00169580081 0.0695035756
0.00818781555 0.0363306366
0.0208735522 0.0801395625
0.0722131208 0.0655978471
-0.0131521802 0.0236739051
-0.00430689938 0.0923826322
-0.00672321394 -0.00149146887
0.0273555666 0.0359112434
0.0336077064 0.00207880163
0.0230467319 -0.00139987969
-0.00574209495 -0.0227620658
-0.0176940802 -0.0386305787
0.000143129335 0.0204652548
0.040003106 -0.0160438828
-0.0478520691 0.0486242883
-0.116010398 0.0288842525
-0.00676660705 -0.0375217088
0.0161080081 0.0260000937
0.0008172128 -0.0152241141
0.0934110805 -0.000662382576
0.00744129345 0.0767434761
-0.00272885594 -0.00525668962
0.0146393804 0.00612359866
-0.0384024866 0.00499319797
0.0284477286 -0.0353675224
-0.00336984172 -0.0208433494
0.0215862375 -0.0115042478
-0.00353586627 -0.0122518037
-0.0308867339 -0.0313954577
-0.0020774703 -0.0322817191
0.00698732631 0.0131932897
-0.0114293452 -0.0453875847
-0.0175462421 -0.0311146472
0.0361348949 0.00902807806
0.0294487495 -0.0187212601
-0.0575259477 0.0837978199
-0.0448416211 0.0252180584
-0.0153127071 -0.0296425186
-0.0052885483 -0.0231420137
-0.0628762618 0.0418809056
-0.0702981353 0.041658964
0.0137788076 -0.0207893513
0.00778630422 0.0533336177
-0.0624968931 -0.0275768582
0.00445257174 0.0227957182
0.0684293509 0.0828628615
0.00803357642 -0.00139861612
0.0355700292 -0.0042859097
-0.00291039562 0.0125049241
0.0671715736 -0.0272258185
0.0431158394 -0.0711453706
-0.0174089652 -0.0151848653
-0.00254043494 -0.0125776753
-0.0337264128 0.0197831821
-0.0050581214 0.0331064649
-0.0037193594 -0.0751800761
0.0493841507 -0.0011071231
0.041900415 0.0268857554
-0.0650058389 0.000371192145
0.0446092822 0.0485505424
-0.00784598757 0.00793787558
-0.0269876774 0.0187762566
-0.0150854373 0.00479878765
-0.00401744293 -0.0710431933
0.0714150816 -0.0228661597
-0.0448931307 0.0574035123
-0.025746271 0.0104172723
0.0302908178 -0.100663319
-0.0354364067 -0.00876339711
-0.0169783141 -0.003036496
-0.000723960751 0.0490803905
-0.0116069885 0.0629203618
0.118061744 0.072774291
0.0463804156 -0.0186060984
-0.0903261974 -0.047998786
-0.0733829439 -0.0586516745
-0.0101266736 -0.0644620135
-0.0364412256 0.0756691098
-0.0329114087 0.00793157052
-0.0617584102 0.00852381252
-0.0432555377 0.00784770213
0.0556743108 -0.0114911469
0.00523699913 -0.022967916
-0.0169127192 -0.019307455
-0.0244917013 0.0542714559
-0.0648046657 0.033463221
-0.0445958562 -0.0401074886
-0.00308675435 -0.0340587944
-0.000602086599 -0.0290366877
0.0160041042 0.0267999526
-0.0283100083 -0.0515880622
-0.0367399156 0.0132440375
0.043533124 0.0235227719
0.0137788644 -0.042798508
-0.0334721208 0.0231285058
-0.0250948034 0.0373495519
0.0484164022 -0.0480964184
0.0383417644 0.027070336
-0.0879383087 0.000947122695
-0.0590893365 0.0376629904
0.0485265516 0.0612750165
0.00944134686 -0.00839874614
0.00874373782 -0.0223606601
0.0184533857 0.0217666384
0.0242282338 -0.00533522619
0.0560272373 0.0293578189
0.00448161177 -0.0132374698
0.00415540207 -0.0333428681
0.0198153909 -0.0290622469
-0.0677945241 0.0450972989
0.0347552188 0.0507923551
-0.0166533347 -0.1008702
-0.0584159605 -0.0549240746
0.0519752949 0.0357022882
-0.00365690817 -0.111411117
-0.00671448139 -0.0363487639
0.0509931706 0.0237436369
0.040511895 -0.0615815595
-0.0424948893 0.0872766525
0.025980223 0.00336473482
0.0421369113 0.0104294326
0.023450166 0.0614411756
-0.026793411 -0.0417982899
-0.0343575776 -0.0555797033
0.0137458341 -0.0345436148
0.0157556441 0.00235232897
0.0967735648 0.0219000243
0.0351235829 0.0735542774
-0.0123626301 0.0556220673
0.0162525922 -0.0151568009
-0.0500921272 0.0242647268
0.0641320199 -0.0375441536
-0.0295454245 0.038790226
-0.0633255988 -0.0277873892
-0.045073241 -0.00861795153
0.0282139555 0.0395449549
0.0115018627 -0.0432356745
-0.026163457 -0.0234975107
0.0296393465 -0.0192701686
-0.0312337652 -0.00118921418
-0.0695845336 -0.0699261501
-0.0251951497 -0.0820675269
0.0573004335 -0.0445238575
-0.087279506 -0.0493429378
-0.00719599519 -0.0568154529
0.0513316058 -0.00131225074
-0.0427289419 0.0175438896
0.030798072 -0.0737424195
0.0434220992 -0.01802608
0.0125307702 0.110302188
-0.0533123761 0.00807254389
-0.0432664193 -0.0319207199
0.0362110324 0.0407306813
-0.012860694 0.0634864122
-0.0421335585 -0.0615694821
-0.00196791091 0.0129383961
0.00159379561 0.0162351076
0.0138194775 0.000252762315
-0.0489182845 0.047954455
-0.00802816171 -0.0317882225
-0.00746307382 -0.0411290899
-0.109670147 -0.0292962436
-0.025830416 0.0856619179
0.0460018069 0.0446389727
0.0421543531 -0.0355848186
0.0257267039 -0.0348491035
-0.00380388973 0.0110924039
-0.00896562915 0.103764281
-0.0047359122 0.0256110206
-0.0436831303 -0.0133419437
0.00219050329 0.0382758006
0.00641558785 0.0926332772
0.0474923104 0.00360155525
-0.0457414612 -0.0424536206
0.0144308824 -0.000111548063
0.00288944668 0.0336150378
-0.00607373472 0.0643735528
-0.0116018914 -0.0153246429
-0.0240192302 -0.0360722132
0.0277919658 0.0201085843
-0.0302709099 -0.0664102808
-0.0158260986 0.0109725837
-0.0838433057 0.033904966
-0.0361080728 -0.0500080958
-0.0186744202 0.00832602661
-0.0713214949 -0.00692424271
0.0893343762 0.0158604346
0.022235686 0.0552776679
0.0722580999 -0.0438009053
0.126723126 -0.0227207802
0.0494168773 -0.0367368758
0.0151938414 -0.0501439944
0.00611678278 -0.0629813224
0.0884200186 0.0350840054
0.0517469384 0.0368147492
-0.0685208514 0.0498632267
-0.0735267773 0.0517855287
-0.0193207357 -0.0496698692
0.00858768076 0.0196872801
-0.0331018195 0.02002942
-0.0443887189 -0.0649340153
-0.0192103535 0.0125080021
0.033853516 -0.00794509519
0.0343420021 -0.0503967293
0.0390419886 0.0425306074
0.0112115685 -0.0164565425
-0.0509266704 0.00268075918
0.0242659934 0.0628211051
0.0386320204 0.0438947305
0.0348452479 0.0858944282
0.00420022104 -0.0488752462
0.00762782618 -0.022987904
-0.0356676541 0.094592303
-0.0443049707 0.011726493
-0.0488410331 0.012779518
-0.0794010609 0.0251448378
0.11308933 -0.0273750834
0.0579722673 -0.0673657134
-0.0594524182 -0.0733891204
-0.0518399738 -0.07041879
0.0193472151 -0.0608702041
0.0465365909 -0.0276102033
-0.0553474911 -0.0854939446
0.0167448595 0.0122222174
0.0254042689 0.0499644168
0.0256950278 -0.00916054007
0.0105005093 -0.0188105348
0.076180838 0.010554119
0.0164463669 -0.0161196534
-0.0226365738 0.00168652926
0.0659150109 0.000266061921
-0.0162586309 -0.0223187748
0.0547762029 -0.0901956707
0.0834217295 0.0147536239
0.0632463619 0.0379290953
0.0180845018 -0.0148766991
-0.0492029935 -0.0306678973
0.0358779877 -0.0286217723
0.0387179479 0.0618248396
0.0438933484 -0.00691786502
0.0297920983 -0.0849561915
0.0548289269 -0.04489379
0.110485204 -0.0199914034
0.0311083831 -0.0250812341
0.0445440337 -0.0460398905
-0.00648177136 -0.00197444716
0.0138525451 -0.00490389718
0.0502568521 -0.0546054058
0.0438955501 0.0328684971
0.01600492 -0.0534215234
-0.0452181958 0.0168517306
-0.0293404981 0.0783098415
0.00500089908 0.0160952844
-0.00923826732 0.0504232943
-0.0313830711 -0.0546450801
0.00907756388 -0.0496761389
0.0708248541 0.0485799834
-0.0147191267 0.0427942835
0.0423933119 -0.0197428707
0.103639558 0.0198880266
-0.0304252561 0.0467133895
-0.0349736214 -0.00405600946
-0.0074040154 -0.024763884
-0.00849521812 -0.058241304
-0.0302203596 0.017992612
0.00164799276 0.0453228652
-0.000128141663 0.0310180429
0.0494091623 0.0298476964
0.0558562651 -0.0264708288
-0.0108021377 -0.0135923689
-0.0140091404 -0.0411459804
-0.0270482954 -0.0260842275
0.036413867 0.034404505
0.102512538 -0.0787466913
-0.0148882717 -0.00489488104
-0.00175013649 0.0613030307
0.0650930256 -0.0102776168
0.045923233 0.0218581129
-0.0716025233 -0.0743988454
-0.0536988564 0.0230834503
0.0200877637 0.073912628
-0.00294563919 0.0424509048
0.0803884268 0.0394568183
0.0598416664 0.0434193164
0.0173249152 0.0874918997
-0.045217108 0.0460935645
-0.00602305494 0.0169241149
0.0100276908 0.0402875915
-0.0575790033 0.0177785009
0.0736445338 -0.0214461423
0.0320743844 0.0097953286
-0.0676152036 -0.0460115485
-0.021673914 -0.00798403285
0.0233644266 0.0308964606
0.0518424958 -0.0203810222
0.017553864 -0.0098563768
0.00495972112 -0.0201392341
-0.0243195798 0.0630573556
0.00355104008 0.0529300086
0.00697671622 0.0587036349
-0.0441786274 -0.00291358121
-0.0228442252 -0.0580948889
0.000922023726 0.0129551217
0.0447077975 0.0114359027
-0.0291700456 -0.073638536
-0.00842007715 -0.00783796422
-0.0668632537 0.0476097502
-0.0226309579 -0.104449987
0.0113428012 0.00812088605
0.022515079 0.0208065305
0.0398707315 -0.0686475411
-0.00585100614 0.0175513569
0.0878786445 -0.0114393421
0.0333534777 -0.0175771229
-0.0302542485 -0.0706121996
-0.0518192798 0.0184748601
-0.0649043769 -0.0559412427
-0.00710123219 -0.0498753563
0.0225454867 0.0860539898
-0.0163639095 0.0178794861
0.0195223968 -0.0260667987
0.0380512439 -0.000631923613
-0.0555390678 0.0295664482
-0.0543190278 -0.0246683843
0.0408049412 0.0198661555
0.0176237747 0.0254058596
-0.0373325199 -0.0202946607
0.0520125106 0.014531564
-0.0320907086 -0.025798358
0.0874385312 0.0206778515
0.0482436456 -0.0626045391
-0.00185004657 -0.0416110307
0.0238097347 0.0148642063
-0.0282433834 0.0200587045
-0.048793897 0.0318687856
0.0364675149 -0.0681706443
0.0347902551 0.0343495384
0.0456094965 0.00784464274
-0.0223885532 0.00823159982
0.0126938121 -0.022097962
-0.0164434314 -0.122027121
0.0231349431 0.0969782174
0.0472884737 0.0133781862
-0.0112695759 -0.0250637401
-0.0047460231 0.0818469897
-0.0376304202 -0.024758501
-0.018578155 -0.0751702264
-0.0305978935 -0.0626981631
-0.0180160645 0.0298166014
-0.0654948503 -0.0900960118
-0.063977167 -0.033825703
-0.0503496826 0.0426504575
-0.0330155529 -0.0596806295
0.0309510212 -0.0221722052
-0.0199837741 0.0609018132
-0.00679236744 0.0932275578
0.00974030327 0.0423534513
-0.0613557585 0.0306464396
0.0212850664 -0.0549261682
0.00883674435 -0.107753329
-0.0183406491 0.012594224
-0.0359530635 0.0348227806
-0.0578750707 0.0306954365
0.0355740897 0.0150407786
0.0795230418 0.010969907
0.0521150641 0.0629428774
-0.0135006811 -0.0219688155
-0.0398936868 -0.0229434762
-0.031293869 0.0132725919
0.0740072429 -0.0350303352
-0.0117893545 -0.0225802474
0.0577313714 -0.0443761572
0.0371242575 -0.0241666771
-0.12451417 -0.0096731782
0.0421941467 -0.0251944568
-0.0461274385 0.0470465273
-0.0454971157 0.0427090563
0.0422493257 0.0348899812
-0.0809883028 0.0179960635
-0.071902588 -0.0243665837
-0.00854437053 -0.0473450199
-0.00164137769 0.00208562799
-0.0721156001 -0.0291091353
0.00641901651 -0.0728538707
-0.00956047792 -0.0143821659
-0.0152177485 -0.0179627929
0.0475289635 0.0272748228
0.0349518396 0.00423397962
0.0304455608 0.00541636348
-0.0254293792 0.00771447737
-0.0132803135 0.0143026877
0.072992757 0.0594008975
-0.00134849595 0.0813420713
-0.0235572476 0.00773773296
0.0239433311 -0.0339616723
-0.00858880579 0.015508485
0.0650226772 -0.0141073596
0.0878656358 0.00806051213
-0.137749821 0.0158393029
0.00267362338 0.0319129936
0.0469308235 0.0547594652
0.0138544086 0.0228073616
0.0172041394 0.0869153887
0.017596554 0.0414305143
0.0349212512 -0.00181296526
-0.0173499249 0.0356986746
-0.0901968554 -0.0574972369
-0.0552078225 -0.0075557339
0.00129924051 -0.00241806428
-0.0452360809 -0.059391927
-0.045085907 0.0824843198
-0.0210063607 0.0537375025
0.0334699713 -0.0819329023
0.0416393094 -0.0669865683
0.0162810814 0.0364132747
0.0585904457 -0.0197882596
0.044439815 0.0259072129
0.0377471931 0.000943456776
-0.0284365751 0.0451605469
0.00761890691 -0.0225289091
0.0180717316 -0.0138432328
0.0320557281 -0.0599056184
0.0437841043 -0.0429488383
-0.057662122 0.0749590769
-0.0295011029 -0.0168648921
-0.0394104347 -0.0744009092
-0.0603464283 -0.0294855554
0.046952799 -0.0335790664
-0.032922782 -0.00326204696
-0.0143730035 -0.0693707839
0.0131556783 0.0974543244
0.0447477587 0.00565072941
-0.0167208817 -0.0183415245
-0.0674078092 -0.0122225732
0.0248195436 -0.0498647764
-0.0416994356 -0.000446570455
0.039795842 -0.0188411046
0.104400463 -0.0380510502
-0.017112691 -0.0673759729
0.0371074751 0.0164699517
0.0132563002 0.00331019936
-0.0666674972 0.0574951805
0.00482555572 0.0145867597
0.00896934792 0.0126254587
-0.00305412617 0.0463126637
0.0339321345 -0.0562515259
0.00139981881 -0.110834658
-0.0288040247 0.0056915069
-0.0496584475 0.00219265209
-0.00896905269 -0.0577298626
-0.041735407 -0.0260313228
0.0169836488 0.0456448309
0.00518506719 0.0568818934
-0.033399798 -0.0154632684
0.0567024425 -0.0906791389
-0.0585694648 -0.0316444114
0.0233869199 -0.0295845959
0.047229819 0.0317046531
-0.0588964298 -0.00183137204
0.035948839 -0.0110371234
0.04346551 0.0858452171
-0.0200719908 -0.0286741294
-0.0910648108 0.0195944961
-0.0166365765 0.0451601259
0.0485616438 -0.0107809817
-0.0274991337 0.00324483425
0.00775790494 -0.0264346469
-0.0630770475 0.0127680851
-0.0300248563 0.0236499254
-0.0509568565 0.0292893704
-0.0524349362 -0.00658980198
0.00144744013 0.0148268845
-0.0014706878 0.0832720399
-0.093738012 -0.0277252849
0.0568523891 0.0486386307
0.0527177118 0.00743864197
-0.0572226383 0.00635153195
0.0154702235 0.0524223782
0.0463634692 -0.0478125699
0.0148680918 -0.0375101864
0.0260055196 0.022521656
-0.0832920149 0.0191479567
-0.00733503141 0.0094270343
0.024488654 -0.0649973676
-0.0385541953 -0.0468166322
0.0992693231 -0.0208566654
-0.00104492786 -0.061286699
-0.00727649685 0.00882564858
0.0449617356 0.0169293433
-0.0213351846 0.0331267454
0.0841504484 0.0205187295
0.0178089719 -0.00957159791
-0.0645293742 -0.027777154
0.0475444458 -0.000621700543
0.0546744913 0.0639578104
0.00462097768 -0.0235569943
0.0270611588 -0.085653156
0.102234691 -0.0416373387
0.115774252 -0.0166117605
0.0594751164 -0.00790961646
0.0436563119 -0.0755315423
-0.00874783099 0.0476513356
0.00683305738 0.0332675204
-0.00519538671 -0.0489098541
0.0697992668 0.0021645762
0.020519821 -0.0170649942
-0.0777558759 0.0303126667
-0.00130980625 0.0784519166
0.0216781925 0.0155464634
0.0167089216 0.0441508256
-0.0503360368 -0.0511900373
-0.00246096542 -0.0668413416
0.0105230957 0.0893948898
-0.00507002929 0.0203208681
0.00641544256 -0.0645131022
0.0777007416 0.0414611772
-0.0216601081 0.0948916152
-0.0840134844 0.0157602858
-0.0082442658 -0.0642210469
-0.0138808815 -0.0486331806
-0.0375902019 0.0254181027
0.0055048517 0.0542557985
0.0813965723 0.0180212855
0.0845226198 0.0120396893
-0.0779129118 -0.0458416827
0.019306805 -0.0487341955
0.0146432873 -0.0514936261
-0.0611935891 0.0435092933
0.0830873027 0.0736770332
-0.0227043349 0.0314350575
0.00808706321 -0.0319552273
0.0235040486 -0.0591809079
0.0103389136 0.0232413597
0.00929550827 0.0385529138
-0.018982986 -0.120211788
0.00995263364 -0.0433100723
0.00694974652 -0.000911722425
0.0609691814 -0.0101260878
0.0130568473 0.0070520849
0.0890748426 -0.0440311953
0.0167435762 -0.0283804256
-0.0125532914 0.0186000466
-0.00280758855 -0.0416209064
-0.094812952 -0.0267929696
0.00159868482 -0.0179197341
-0.0562238693 0.0170242228
0.0259849355 0.00761798257
0.0997918323 0.0294767637
-0.02602599 0.0605361164
0.0441836677 0.00113073085
0.0439994298 -0.026448682
-0.0397740752 0.012109153
0.0376657397 0.00344889075
0.0370462872 -0.037736401
0.0407239571 0.00509124482
0.0960864872 0.00962836016
0.0141078373 -0.00837814901
-0.0578806475 0.0420277826
0.0382030532 0.00330234692
0.0197852366 0.00912598241
0.0397500359 0.0204816312
-0.00200620526 -0.0193442143
-0.0130207743 -0.0155875292
-0.0552736931 -0.0466233082
0.000387239474 -0.0112360511
0.0428778119 0.0249776952
-0.0275149234 -0.0329731107
0.0282054283 -0.0238910187
0.0473539792 0.00997997634
-0.0297873951 -0.0028407909
0.0159091055 -0.0906151608
0.0388135277 -0.00165837375
-0.00889774691 -0.00522923702
0.000185491052 -0.0510251783
0.010763146 0.0642838702
0.0210740399 -0.0474837385
-0.00330305193 -0.0537853912
0.0215766076 -0.00778793124
0.0746827051 -0.0181399975
0.0488809086 0.0394001976
0.0406018831 0.0433376543
-0.0374462903 0.0341177993
-0.0643003285 -0.046225559
0.013950523 0.00437759561
-0.0355445221 0.132267177
0.0415790007 0.088785775
-0.0192508344 -0.0406473689
-0.0307098646 -0.082507208
-0.0511086211 0.0298828967
-0.10400749 -0.0285394266
0.0211895201 -0.0153554212
0.0301348269 0.0673014596
-0.0261479206 0.0301786587
0.0535442196 0.026130205
-0.0121775325 0.005854866
-0.0145490756 0.0226441454
0.026539648 -0.0503789186
-0.0308037661 0.0178122241
-0.068098858 -0.0168799106
0.000881124113 0.00599768106
-0.060186699 0.0258396976
-0.000704457809 0.0158067681
-0.0144679314 -0.0553688332
-0.031806279 -0.0536486618
-0.000995919807 0.0172954649
-0.00224068062 0.0614271946
0.0557629131 0.0592635535
-0.0340072513 -0.0435988642
0.0409606136 -0.0301573556
0.0573712811 -0.0232602526
-0.0100586722 -0.00568672502
0.0148331402 0.0595734604
-0.0469265468 0.0157812331
0.0993727744 -0.0275139678
0.111241862 -0.0313412175
-0.00444204267 -0.0460211597
0.0473156162 -0.0650099739
0.035704691 -0.027920017
-0.0140665323 0.0620274693
-0.0301043317 -0.0580584668
0.0741209984 -0.0339865796
-0.0106183961 0.0428352915
-0.0628686845 0.00200556451
-0.0102031976 0.042645216
0.00952202734 0.00920834299
0.0785647184 -0.00597966742
-0.0480974168 0.00850819703
-0.0614051037 0.0579244904
0.06057138 -0.0632957146
-0.104304656 -0.0166791938
-0.0152489301 0.0471924581
0.0117160082 -0.0530215167
-0.0607635714 0.0013040239
0.0313623399 0.00349827157
0.0229978766 0.0326657481
-0.0571655557 -0.00567296334
0.0462202169 -0.000232500926
-0.00957886316 0.0455034636
-0.023920849 -0.0450987369
0.108460978 0.0801274404
-0.0432626866 -0.00675804773
0.0102537591 -0.0500559174
0.0242689364 -0.00721131451
-0.028156355 0.00461039646
-0.0122683682 -0.0174324363
-0.11871288 -0.0341140181
-0.0584383942 -0.0147998575
0.0234895144 0.0735972673
0.0664802715 0.053552255
0.010664613 0.0268961415
-0.0416377895 -0.0197163336
0.00919352286 -0.0367049314
-0.0195029024 -0.0144181997
0.00834773015 0.0222747754
-0.0559471697 -0.00291478727
-0.119787484 -0.01418339
-0.0389210843 0.00492438907
-0.0552743115 -0.00979372859
-0.00172943983 -0.061554905
-0.0328769684 0.0358391926
-0.0316163823 0.059197519
0.0195207614 0.0537693724
-0.0216275584 0.0508473292
-0.0421079323 -0.00615928788
0.0234684646 -0.00769291352
0.03293534 0.00403427985
-0.0535431542 -0.0298193693
-0.0638392195 0.0401924588
0.00173910114 0.0379538238
-0.0188510027 -0.00464487355
-0.0185931511 -0.0359544866
-0.027813036 -0.0560885705
-0.0261989329 -0.00703535276
0.0541377664 -0.00704641314
0.00366067537 0.0152202407
-0.0502540208 -0.0230484288
-0.0196968075 0.014343272
0.0651091039 -0.0155177498
0.0193344578 -0.0156790093
-0.0918165669 0.0429558717
0.0610533245 -0.017775761
0.00845038611 -0.0361204669
-0.0146911647 0.0302838478
0.0932153761 -0.0348334238
0.0522669107 0.0319704302
0.068772912 -0.0208684374
0.0651258305 -0.0801440552
0.0578158051 0.00526049268
0.0392981097 -0.0075277579
-0.0118634701 0.000505727425
-0.042913463 0.0200306084
-0.000817473163 -0.0381390452
0.0584579483 -0.0284653194
-0.0193830896 -0.0203673355
-0.0341120958 -0.0099706063
0.0642847493 -0.0546920113
0.00857871585 -0.0176520571
0.0227607545 -0.0242213905
-0.0622476414 0.0178581849
-0.0115502411 0.00214800239
-0.0244925078 -0.0261439141
-0.059385635 -0.0445990823
0.0648618191 0.026587043
0.0356653854 0.0572077595
0.0200163275 0.00906903483
0.0231232643 0.000940272002
-0.0537549332 0.0725302324
-0.0221442357 0.0409580022
0.00192964799 -0.0166934188
-0.0242429003 -0.00892341696
-0.0161883812 -0.0413077958
-0.0235538986 -0.000514504325
0.0774367526 0.0126989689
0.063641496 -0.00641685864
-0.0531315021 -0.0456276461
0.0115583055 -0.0362213887
-0.100433409 -0.00135714898
-0.115829319 0.0359112956
0.0331964865 -0.0353505835
0.0381271951 -0.00596348988
-0.0729933605 0.0729065239
-0.0302550104 0.0678177625
0.044959683 -0.0400405601
0.00115490321 0.0402792506
-0.026746694 0.0259788521
-0.0148070175 -0.0486928634
0.00236485852 -0.0043807528
0.0734351799 0.0626954585
0.0261207838 0.0285373814
-0.0425949655 -0.027852742
-0.0402693227 -0.0454076193
0.0471184291 -0.0255913883
-0.00770379975 -0.0563887842
0.00812366139 -0.00870039687
0.0429591313 0.0530309193
0.0657117292 0.0447799563
0.0743550435 -0.0083651701
-0.037782751 -0.00462295068
0.018844543 0.0473884605
-0.0474263728 -0.060625542
-0.107819848 0.0307702869
-0.0555278249 0.0607758276
-0.138300687 -0.0475962572
0.0294469222 0.0040191086
0.0240061674 -0.0349741019
0.0346542113 -0.00404245546
-0.00693976786 -0.0556139909
-0.0223884322 0.0106914509
0.0713791549 0.0254614521
0.0326481201 0.0282662995
-0.00701544946 0.043604888
-0.0935740322 -0.0351982079
-0.0764341801 0.0628757477
-0.000643679581 -0.00601207698
0.0245208219 -0.0442719571
0.0233102608 0.0317842364
0.0437858179 0.0242904257
0.0156604741 0.0715561509
-0.106078751 0.0246476829
-0.0252203122 0.0258281697
0.0285564642 0.0231601782
-0.021663921 -0.0528924726
0.0149124311 0.0379942507
0.0030323707 0.0539676808
-0.0324624777 0.0375545807
-0.0276040174 0.019475894
0.00304746791 -0.0915574506
-0.0442735739 0.020075513
-0.0214298666 0.00988600031
-0.0277952403 -0.0545242354
-0.0134198563 0.0124311876
-0.0494406335 0.0560678318
0.0399708971 -0.00878501683
0.0125554921 -0.00258559617
0.0620308481 0.0369306616
-0.0202431865 -0.0150132691
0.0126812281 -0.0327705666
0.0629819408 -0.0441686735
0.116423592 0.0262492727
0.0859146193 0.0151795009
-0.0821708664 -0.010053088
0.0304123461 -0.0515372828
0.000517431472 -0.0328694321
-0.0596447326 0.0586795136
0.0973912701 0.085210599
-0.00768285478 0.0549979359
-0.0228163712 0.0280302912
0.0206225943 -0.0759798884
0.0183601044 0.044169303
0.0150920926 0.00700586243
0.00942109991 -0.129064053
0.00842243806 -0.0402730927
0.0155718951 0.0108876172
0.0683140904 -0.0294637345
0.0207936782 -0.0020482908
0.0656310841 -0.012656955
0.0469626784 -0.0440264903
-0.0374000929 0.0136316428
0.000583923946 -0.0575503036
-0.0879520103 -0.010113488
0.0191500876 -0.0258841738
-0.084996365 0.0262450892
0.0286521111 0.0339325443
0.0841838196 0.0181526523
-0.00193117582 0.0502461307
0.0467475057 -0.012424889
0.0324733667 -0.0450779535
-0.0291986614 0.0132987201
0.0356393307 0.00289266789
0.0382592976 -0.0162089728
-0.0264056213 -0.0135548273
0.0130442716 0.0590560436
0.0452425331 0.0570926666
-0.00523106428 0.0667773783
0.0124015445 0.0516390353
0.0174323432 0.0125864474
0.0489965677 -0.00515444996
-0.0392123535 -0.0522349365
-0.0164742805 0.0410523973
0.0165526103 -0.0503285192
-0.006067432 0.0749634206
0.0360829495 0.00800080132
0.0511693098 -0.101927087
0.0666272119 0.089992471
0.0717011616 -0.0545745529
-0.0396097787 0.0546612106
0.0442976579 0.0104197497
0.0623374358 -0.0673068166
-0.0508444719 -0.00558381528
0.0225277822 -0.030235514
0.0616367236 0.0607048273
0.0169984289 0.0239368044
0.0247299206 0.00182741077
0.0453539081 -0.0614652336
-0.0191147849 -0.0997608677
0.0177618153 0.0708443969
-0.00782727264 0.0398005955
0.013010704 -0.0164963696
0.0574978963 -0.00871820934
0.0227469485 -0.0286409836
0.0338825881 0.0734105855
0.0254044048 0.068958655
-0.0154247787 0.0408205204
0.0562587306 0.0580497682
-0.0702570081 -0.0665299669
-0.0573614836 -0.013680473
0.0474365726 0.0161346942
0.0111891693 -0.0476836413
-0.0401944295 0.0372695923
-0.0441598706 -0.00970732514
0.0231397822 0.00846510567
0.01391117 0.00583511358
-0.0784680024 -0.0678860247
-0.0528508723 -0.0239711106
-0.0253117569 -0.011981925
-0.0319273695 0.00434861891
0.0843542293 -0.0508238822
0.0482367203 -0.0320155285
-0.0100788781 0.0332753919
0.0495235138 0.0319979861
0.0449152775 0.0207265336
0.040082369 0.0304025356
0.026004618 -0.00701981829
-0.0152407382 -0.0284578465
-0.0452456437 0.0761156082
0.000791306607 -0.00224889466
0.108526528 0.0158289075
-0.030679414 -0.0602857284
-0.0561330877 -0.0338261537
0.0298561696 0.114336193
0.0425465927 -0.0385348871
0.00458564516 -0.0664064139
0.015825009 -0.00330574461
0.0394647904 0.00917450804
-0.0142984884 -0.0459399074
-0.0186522342 -0.00540032098
-0.0379583947 -0.0290755965
-0.00890423823 -0.0944419354
0.047199361 -0.0240423288
-0.0439244919 -0.00869495701
-0.0117690796 0.032149747
-0.0592397526 0.0431692526
0.0308010653 -0.0153769944
0.0488718301 0.0190459322
-0.0250305906 -0.0457314961
0.00393200619 0.0096801566
-0.0200402196 -0.0395226181
0.0541717783 -0.0269721895
0.0533898063 0.0639381185
0.0252988171 0.00630433904
0.0213580765 -0.0941551849
-0.0513424873 0.0265039168
0.0585304536 0.0434997864
0.018423019 0.0143446466
0.0415722765 0.0144641725
0.0310560614 0.00971886888
-0.0436626263 -0.0360393748
0.0205098074 -0.011441445
-0.0106067536 -0.0234601349
-0.0762114599 -0.0706240982
-0.036744006 -0.00755867967
-0.0304908231 -0.0152502339
-0.00766351167 0.00137545238
0.00893781148 0.00322069856
-0.0187500697 -0.0263239164
-0.0365767404 -0.0225631222
0.00284764078 0.0583464168
-0.0561799668 0.078269802
-0.0575482734 -0.00676452322
-0.0047997823 -0.00826517679
0.0205560755 0.0487209298
-0.0154109923 -0.0886539593
-0.0161987897 0.0305662099
0.0642807856 0.0461977422
-0.0166133307 -0.0110786585
-0.0338700563 0.00239246944
0.014569643 -0.0483430475
-0.0505042039 -0.0985260159
0.00863360427 0.0525356345
0.0145224938 0.132101402
-0.0257129967 0.0208257847
-0.0630104691 0.100713775
0.0022021553 -0.0430435129
0.0487200357 -0.0710977465
0.0272884388 -0.0354714356
0.112808287 -0.0409255214
0.0587170236 0.051324416
0.0110702515 0.0136589073
0.0372297801 0.0594963133
0.0482753739 0.0451357439
-0.022664329 -0.0116637526
0.059544608 -0.0037674529
0.0831695944 -0.00248594373
-0.0592105351 -0.0214956179
0.0525609329 -0.0790801719
-0.0196246803 -0.0688463897
-0.0424206741 -0.094044663
0.0269974917 -0.0682029799
-0.0690554753 0.0132086948
-0.0162712112 0.0302105248
-0.0482662134 -0.00905554555
0.0398534127 0.0118591376
0.00916508678 0.0595460348
-0.071416907 -0.0266268644
0.0735853165 -0.0150653766
-0.0401435457 0.059711013
-0.142967671 0.0801943392
-0.0474406779 0.00192136993
0.0308355615 -0.0186916105
-0.0112464037 0.0206915047
-0.094239153 -0.0207267124
-0.0154255033 -0.0175751857
0.0509733632 -0.0623563528
0.0313883312 0.0168690775
-0.0274924822 0.0485341437
-0.00133657258 0.0186665189
-0.0527298637 0.013670356
-0.0971037969 0.0666989908
0.0436085239 0.0255336259
-0.0204480886 -0.0558039546
0.0132180331 0.00344085018
0.0692837909 -0.0218857173
-0.0459908992 -0.0199032165
0.00253105746 -0.0271501057
-0.0707537234 0.00655493746
-0.0734053403 0.00759896729
0.0266982391 -0.02037628
-0.0371112302 0.031262368
-0.0300856922 -0.00347115006
-0.068472445 0.0468313694
-0.00666905427 0.0396415293
-0.0522468723 -0.0176283978
-0.0516350418 0.0675201043
0.064720884 -0.0395627581
-5.92775614e-05 0.00688472297
0.0163311902 -0.00785259064
0.00351478206 -0.0546343252
-0.0194366276 -0.0181261376
0.0362286009 -0.0372359529
-0.026400011 0.0459304973
-0.0489993766 0.0131683694
-0.00150313019 -0.0399819538
0.0440799966 -0.0231051669
0.0389138907 -0.00240631541
-0.0341613814 0.047910694
-0.0602209941 0.0348139666
-0.00170943374 0.00142717443
-0.00450441288 0.0903824717
-0.0430641882 0.027854709
0.0272482764 0.0232976135
-0.0469547026 0.0118107172
-0.0474760719 0.0209819246
0.00363387493 -0.0438331068
-0.0287909582 -0.0447853282
-0.0385560803 -0.00761266425
0.0412979797 -0.0124476058
-0.0178088155 0.0168475639
-0.00318336347 -0.0212714355
0.0344545357 -0.0830071643
-0.0319981985 -0.0115562752
-0.0814441144 0.0173256435
-0.0560419969 0.0427069739
-0.041501686 -0.037143711
0.144772127 -0.0502933301
0.0989905745 -0.00855205022
-0.00741586462 -0.0407388434
0.0791503713 -0.0476549342
-0.00666704727 0.00424801745
-0.0184572879 -0.0455273464
0.0395035371 -0.00617862027
-0.0266974363 0.0528807752
-0.0470958091 -0.0690932795
-0.0331344791 -0.0707921013
0.0391662233 -0.0281844139
0.0155030005 0.0215451326
-0.00376014691 -0.0294930656
-0.011099129 -0.00112982024
-0.0298494808 -0.0395533703
0.0229543932 -0.0596808158
0.0649308637 -0.0158243887
-0.0553405844 -0.0435193256
-0.0624339879 -0.0421516113
0.00300715398 -0.0580148473
0.0650223196 -0.00049660349
0.00193770684 0.0830779001
-0.00277762115 0.0306940489
0.0870196521 0.0487636365
0.0903137848 0.0107541466
0.043803554 -0.0283928439
0.00439780857 -0.0293821245
-0.0669655874 0.0469782911
-0.0065155616 0.00287545123
-0.0462138839 -0.0350726508
-0.117699295 -0.0379176401
-0.0369403772 0.0306605566
-0.0397921316 0.0683380663
0.0282460526 -0.0609276034
0.0305128377 0.0557262115
-0.0975212008 0.083752051
0.0121234814 0.0146196662
0.0785030946 0.038008377
-0.0773840174 -0.0234143436
0.0289050061 0.0314769521
-0.007636372 0.0486825742
-0.0521301776 0.0206017736
0.0249050595 -0.0615677498
0.00786546152 0.0224661343
-0.000956493837 0.00612125499
-0.0564876832 -0.0546199232
-0.0736057684 -0.0381641947
-0.0206890181 -0.0060584317
0.108131155 0.0355994217
0.0487004071 0.0312052518
-0.0469167791 0.0116034662
0.0256216209 -0.0565146767
-0.0257974751 -0.006236332
-0.0852062106 0.0220630374
0.0694306716 0.00710178493
0.0204453841 -0.0131856063
-0.00513853645 -0.010919583
-0.00135791837 0.0491471551
0.0849691182 0.0759788975
0.02875055 -0.0297307223
-0.0353860557 -0.031695731
0.0227197781 0.0149228666
-0.0374493189 -0.0233542919
-0.00396206882 -0.0442088619
0.00411957968 0.0891621783
0.0589401536 0.00727134105
0.0505299009 0.0485270582
-0.00216600159 0.0716052651
0.0244792663 -0.00860776752
0.0592923202 0.00255680294
-0.0776050985 -0.0577073097
-0.0144729437 0.053913638
0.0549678653 -0.0640572682
-0.0314241536 0.0715519339
0.0338403322 0.023072822
0.0255370103 -0.0832083672
0.0706613213 0.0617864467
0.0380769111 -0.0229652561
-0.0057103755 0.0419761054
0.060384959 0.00996803027
0.0611384697 -0.0512628779
-0.0537721217 -0.00311484304
0.0510622002 -0.0221527331
0.0764323324 0.0565020777
0.0245272294 0.0198154673
0.025497077 0.0385431871
0.0303075612 -0.0718980283
-0.024876209 -0.0424343124
-0.0126814377 0.0787196308
0.00769207766 0.0462290607
0.0533279255 0.0135354484
0.0805005431 -0.0397623815
0.0362379029 0.00768400542
0.0477152206 0.0360615812
0.0522487275 0.0347510502
-0.0281028878 0.0396389328
0.039099142 -0.0307098106
-0.0221683588 -0.0927228108
0.0039184913 -0.0180933215
-0.0445168652 0.0170838628
0.000905230001 0.0285520088
0.0314089134 0.00356106739
-0.0730164871 0.0443122946
0.0110832434 -0.0317992531
0.0141715063 -0.0290656518
0.0405013897 0.0379504636
0.0423739217 -0.0175587796
0.00867047813 -0.0356033519
0.0155219957 0.0400135405
-0.092220597 0.011219156
-0.0429885723 -0.0937246531
0.00298166764 0.0317344852
0.0436744615 0.00990958512
-0.00143295678 -0.0401435271
0.00718238857 0.0538299493
0.0515999943 -0.0010302267
0.0219514146 -0.0103819976
-0.0389682576 -0.00633289665
0.0308912136 0.0255534071
0.0253086258 0.00761353783
0.0468836315 -0.0221458301
0.0273353215 0.0409484953
-0.0208059214 0.0286933631
-0.00424184604 0.0123691373
0.0824042261 -0.0414072312
0.0101598576 0.0326106995
0.0358418413 0.0104276882
0.00707132556 0.0539646968
0.124762811 0.0399225652
0.0316792205 0.0227783658
-0.0419017486 0.0361945108
0.0258567352 -0.031995222
-0.0620936453 0.0465726331
-0.0407245569 0.0132569429
0.0508828647 0.121852152
0.0516320094 0.0521124452
0.0397066176 -0.0373726301
-0.0057478752 0.0371162333
-0.00660260208 -0.0312248394
-0.0313556306 0.00594589254
-0.0209722966 0.0117023466
-0.0485084951 -0.0562361069
-0.0207317863 0.0147345057
0.0727499947 0.0532788038
-0.0179499108 0.0053796391
0.0518511981 0.0384410024
0.0426745825 0.0169656873
0.0416584387 -0.0500682592
0.0601579435 -0.104372576
0.0104954531 0.0182739515
0.0414815582 0.0480625033
0.0382748246 -0.0231035259
0.0538636073 -0.00347642042
0.0406962484 -0.0510291792
0.018909296 -0.0104627535
0.0258325767 0.0883277953
-0.0236590728 -0.0206493177
-0.0877226889 0.0035180233
-0.0268825516 -0.00657269172
0.0529119857 -0.0403146036
-0.00570279453 0.0515283681
0.00212519104 -0.00677618058
-0.0311016757 -0.060278412
-0.0938613862 -0.0725177154
-0.0177055951 -0.0568737239
0.026774846 -0.0527663454
-0.00458620861 -0.0254664812
0.0481752306 -0.0160477664
0.0255672354 -0.0106885759
0.0265594274 -0.01105667
-0.0175321437 0.0465116762
-0.0222677086 0.00924781151
0.0387017056 -0.0523446053
0.064770259 0.0111082913
0.0201716851 -0.0126215238
-0.031994231 -0.0650873855
-0.0649661273 0.0219430663
0.0542894565 -0.0196105838
0.0812463313 0.00422961079
0.030942155 0.0741919056
-0.00440506637 -0.00938865077
0.00305567472 -0.028322326
0.031246135 -0.0749000236
-0.0423428416 -0.0367598198
-0.040701203 -0.0121250208
-0.0388220288 0.0391096659
-0.00663971622 0.0591585301
0.0275075082 -0.0058791358
0.013682357 0.0484215766
-0.00745216198 0.0633885935
-0.0727485791 0.0284693595
-0.0315335505 0.0544339046
-0.000788453443 -0.0624698251
0.0140639953 0.0745350122
-0.00151993579 -0.0018543558
-0.0419695899 -0.0390082113
0.0214168504 0.042247694
-0.0219708215 -0.0568694882
0.00558757596 -0.106056564
-0.0231426954 -0.0803358704
-0.0450634062 -0.00256338157
0.000624216103 0.0601773597
0.00413379213 -0.045152884
0.115912527 -0.0168037396
0.0399459712 0.023577245
-0.0470289513 -0.0473875739
-0.0323284492 0.00262358366
-0.0109663596 0.0338697657
-0.0462742597 0.00203602551
-0.040420074 -0.02565079
0.0228156187 0.00422545196
0.067964986 0.0637462288
-0.0355728902 0.0545042679
-0.0199062526 0.0569749027
0.0493280292 0.0371473804
0.0618481562 -0.0024591689
0.046084933 0.0400654376
0.0392882787 -0.0132288821
-0.0119682373 0.0164626651
-0.00765363639 0.0540276989
0.0188793242 -0.0580543317
-0.0275258347 -0.0905108228
0.014858312 -0.0511204824
-0.0325858556 -0.0408449136
-0.0441546664 0.00253016432
0.0694717169 0.0364226326
-0.00610462669 0.0434011184
-0.0930289701 0.0363727659
0.0178895518 -0.0231015477
-0.0300637465 0.0415990949
-0.0245166104 0.0225763805
0.0408474766 -0.0207137093
-0.024834998 0.0557738356
0.099629648 -0.0399209745
0.0454323329 -0.0136342673
-0.0369966067 -0.0151429791
-0.0806623325 -0.0415919758
-0.0239488818 -0.035713926
0.0336984992 -0.00251549575
-0.088113226 -0.0233610366
-0.0979318619 -0.0725711957
0.0179679748 0.026161477
0.0181405116 0.00140239752
0.039684549 0.0345369205
0.00806717295 0.0687350556
0.00409740163 -0.0841818526
-0.0609202795 0.0425024144
-0.0496837869 0.00960975792
0.0183778405 0.0665357783
-0.0422817282 0.0921359062
-0.0834592879 0.0165477507
-0.0150722647 0.069788225
0.0148539701 -0.0215119477
-0.0054021338 -0.0583026148
-0.0142131401 0.0906034037
0.0431485362 0.0266410392
-0.0924099311 0.0101115201
-0.101984613 0.0142827481
0.0452528484 0.0543512814
0.0689958483 0.0346917436
0.0148653891 -0.00387366442
-0.0744155198 0.0701068416
-0.0681504905 0.0343944132
-0.0704627112 -0.00294246897
-0.0429647788 -0.0089889029
0.0206125993 -0.0223019347
-0.0294487718 0.0117078442
0.0358849131 -0.0395805091
0.0156622026 -0.0408155695
0.00137312082 -0.0032613636
0.0403444655 -0.00436022738
0.00181257632 -0.0173325595
0.0551712438 -0.020916108
0.0111867283 -0.0321281292
-0.0360392183 -0.0342450663
-0.0358001217 0.00859094318
-0.0751342326 -0.0326060615
-0.0622453056 0.00534423394
-0.0904370844 -0.0241612699
-0.031178629 -0.11764314
0.0367356353 0.0167873334
0.016333878 -0.0182059836
-0.0234849323 0.0287575442
-0.0284360889 0.00518107321
0.00740669342 -0.0473500751
0.0477630943 0.0102033913
0.027212454 0.0198757071
-0.0234406684 -0.0134840943
0.00585428393 -0.0679406896
-0.053026624 -0.00532999868
-0.00475335494 0.0546204783
-0.0205835328 -0.0173900481
-0.0437442996 0.0365172513
0.031322971 -0.0561054461
-0.0430257358 0.0132420668
0.00625499012 -0.0281520188
0.0979573503 0.0184250157
-0.0239449814 0.00837867521
-0.00309609435 -0.0201017633
0.0328004099 0.0372127034
0.0991558284 -0.0842054635
-0.0476080365 -0.0262449738
-0.0725740269 0.0334206484
0.0317127779 -0.00138084206
-0.00514019979 0.0406711847
-0.0229704157 0.0441943109
-0.0327311344 -0.0527910255
0.0244454388 0.0434452966
0.0250728019 0.0160704572
-0.00299552665 -0.135056123
-0.070177637 0.0153396325
-0.0186438132 0.0704027712
0.0566091686 0.0335873738
-0.0454366207 0.039239563
0.0290613677 -0.0729230642
0.0920218006 -0.0487414822
0.0127310455 -0.017356839
0.0612088107 -0.0358645506
0.00572394347 -0.0678349435
0.0440536886 -0.00146106642
0.0336030386 -0.00857784599
0.0369824842 0.0267301667
0.0616349801 -0.0129752355
-0.00992394984 -0.0245358143
-0.00346047664 0.0802430585
-0.0227636285 0.00550429896
-0.0206519067 -0.0177859273
0.0523734428 -0.0100087533
0.0210130606 -0.0208253581
-0.0602923594 -0.0242325496
0.0104320897 0.0108226137
0.0546912514 0.0003218161
0.0599697679 0.0427450649
0.0218605436 -0.0148919364
-0.0463601947 -0.0826067626
0.0514104329 -0.0463597141
-0.00486431736 0.050772801
-0.0657937452 0.00120729243
0.0380935632 -0.0325700082
-0.0875177607 0.0326918364
-0.0838658214 0.0266567655
0.00437008729 0.0172176547
-0.00846301671 0.0535295866
-0.00874927826 -0.0745688602
0.032497935 0.0544301756
0.0268346686 0.097061947
-0.0769344121 -0.000574271253
-0.0017709157 0.0263495427
-0.0172365997 -0.024364803
-0.0698768497 -0.00608216831
-0.0236030743 -0.0262018237
-0.0397364609 0.0408017673
0.0664616972 -0.0123313069
0.0194204692 -0.0323481075
-0.00272055808 -0.0141078895
-0.0531617068 -0.00208802312
-0.0210606735 0.0340115316
0.0598429069 0.0167575628
-0.075528115 0.0183499809
-0.0156823602 -0.0436318256
0.0401508473 -0.0376853421
0.0327166282 0.0356636122
0.0377371348 -0.0239869468
0.00877970364 0.00706497207
0.0118232993 0.0663827434
-0.0838393569 0.0173719637
-0.0311947409 -0.118729129
0.0131528564 0.0435576923
0.0433599912 0.0471982993
-0.00904283579 -0.0472258404
0.0190283656 0.0610490106
0.0724195018 0.00912450813
0.0140232816 -0.0265155882
-0.0466962308 -0.0181765445
0.00293960189 0.0051123905
0.0588539056 -0.0111539718
0.0528852642 -0.00706700562
0.0591999553 0.0594759285
-0.0409482531 0.0284674522
0.0528592579 0.0130042322
0.0732808188 -0.0293416735
0.0316459313 -0.00610071467
0.0240369178 0.0539299585
0.00455077551 0.0318142138
0.0194044318 -0.0311875213
0.00306838122 -0.0634446666
0.0139050875 0.0201708265
0.0712423325 0.116069466
0.0300737768 -0.0624311604
-0.0721330792 -0.0901729614
0.00217123749 0.0430606045
-0.0259351619 -0.0454231501
-0.0284179226 -0.0183656886
-0.0311764833 -0.00753858592
0.026016796 -0.00596193178
-0.0501969382 -0.0284970384
0.0151338512 -0.0160279386
-0.0146893701 0.0525093898
-0.0574521497 -0.0124114743
0.105772883 0.0361188166
0.0313058347 0.0352968164
-0.0252512675 -0.039608527
-0.0379401334 0.00540457014
-0.000747379439 -0.00531406142
0.0707385466 0.000608918897
-0.0938388407 -0.0769789517
0.0456095971 -0.0464924537
0.0687373579 0.00626689894
-0.00872962177 0.0158200152
0.0129495226 0.0168186482
0.0223334283 0.0176222157
0.0221704207 -0.0374455675
-0.00788561534 0.0162871443
-0.0318595879 -0.0269984547
-0.0332935713 -0.0627162978
-0.000305763591 -0.0078549711
-0.0531502925 0.0871164501
-0.0210192781 0.0528387651
0.0191156063 0.00306217023
0.0322547182 -0.0529498868
0.0319273956 -0.0832986683
0.0522192977 -0.00529133296
0.0161694065 0.0115399053
-0.105873495 -0.0396399349
-0.0273537226 -0.00578827364
0.0388535596 -0.0716116279
0.00246368372 -0.0498375036
-0.0174178127 0.0539222658
-0.0346369408 -0.00597648229
0.0560391992 0.0237834845
0.00229958841 -0.0222916864
0.0522021614 -0.0107662566
0.0510099344 -0.0827906504
0.0237348601 0.0088192625
0.0450520068 0.0505278446
0.00601818739 0.0115524409
0.0652894005 -0.0107370624
-0.00557807134 -0.00627222005
0.0217382926 0.0272976663
0.117790557 0.0171608292
-0.0749963298 0.00945988111
-0.0346525572 0.0260267407
0.0726412758 -0.0420579165
0.0679898486 0.0142106591
-0.0591271296 0.0388480872
-0.0904222056 0.0234770793
-0.043124523 0.0331710912
0.0604019575 0.048064664
0.0376476385 0.0160656273
-0.0124157825 -0.0238677245
-0.025404213 -0.00723602762
-0.0148999868 -0.039971564
0.0476258025 0.00541645801
0.036612507 -0.000621958054
0.0486676209 -0.0563097149
-0.0577661432 0.00114756497
-0.076976724 0.0876554251
0.0340703018 -0.00600360986
-0.00584073737 -0.00170757959
-0.00545537472 0.0275003053
-0.0201109126 -0.021599967
-0.0152088068 0.025412336
-0.0399381034 -0.029574031
-0.0250489153 -0.0237354077
0.0100762779 0.0716143548
-0.0294120982 -0.0123723671
0.0133992648 -0.0468223579
-0.0257217921 -0.0369302519
-0.0380868129 -0.044165846
0.0521889366 -0.042191118
0.0618534051 0.00832430646
-0.0267234351 0.0256009065
-0.00630309433 -0.0327675939
0.0265428945 0.0109470841
0.00397846475 0.069808349
0.0628861487 0.0153510207
-0.0200374871 0.0255929343
0.014626611 -0.0330819003
0.0317100883 0.0549997427
-0.0272207055 0.0322993211
-0.0569860265 -0.0534713157
0.019627206 -0.0447706059
0.0397400558 0.0491341427
-0.100177348 0.0617452376
0.00484091183 0.0510515906
-0.0536523908 0.012085652
-0.0443151854 -0.0761604011
0.0183065869 0.00331901386
-0.0804405585 0.0608377494
-0.0369958356 -0.0235615298
0.0248713735 0.0399635434
0.0777213573 0.0114233587
0.0428990535 0.0119096404
0.0382256433 0.0541456155
0.015692953 0.0945205837
-0.0579883195 -0.0430936106
-0.0530868657 -0.0747656748
-0.0575842001 -0.0314738825
0.019286463 -0.0141249774
-0.0735910237 0.0642548203
0.0390830413 -0.0520348437
0.0931862816 0.0284728892
0.00236998615 0.128732488
-0.0287872106 -0.0055841268
0.00246945699 0.041716136
0.0325662345 -0.0299037434
0.0585602894 -0.101001441
0.0307365302 0.0387016684
0.0698085949 -0.0120241251
-0.00413422659 -0.0201836713
0.0527235754 -0.0466128215
0.0336653329 0.0173855033
0.0161502827 0.0154546481
-0.0441267826 0.00823158119
0.00165379245 0.0756363273
0.092393145 -0.0231582019
-0.0509021357 -0.0276235882
-0.0458123609 0.00410568202
-0.00589721184 -0.0538701713
-0.0744984522 -0.0932216272
-0.0657655299 0.0132979145
-0.0277447477 0.0140233766
0.0173900817 -0.0641099662
0.0186821055 0.0309065394
0.0539785624 0.0406419709
0.00470354967 -0.0925174579
-0.0331049822 0.0757474527
-0.00425478909 -0.00106403942
-0.0523626693 -0.0663736239
-0.0428122543 0.0257356633
-0.0167909153 -0.023862645
0.0255842991 -0.0702385157
0.101455845 -0.0799485967
0.00266240444 0.0378109962
-0.0173568763 0.08182621
-0.0942415521 0.0306394249
-0.0344524868 0.0786848739
-0.0149207227 -0.0156438742
-0.0979818478 -0.0499282256
-0.00166781468 -0.0107923066
0.0122479182 0.0342386812
-0.017495973 -0.0148233362
-0.00639640307 -0.0121163055
-0.0961019918 0.034388274
-0.0364854746 0.0420340747
0.01511533 -0.0126883034
-0.0283637606 0.0288102664
0.00678820023 -0.0142632406
-0.0374802575 -0.0342291966
-0.0379999764 -0.0104915081
-0.0501486473 -0.0904120356
-0.110937066 -0.0509552583
0.030808175 -0.00671334332
-0.00410338817 -0.0285814777
0.0126719559 0.0365083255
-0.0717574507 -0.0140567711
-0.0750749484 -0.0485904962
0.0424298756 -0.00588430371
-6.27719055e-05 -0.0473983698
0.00500295497 0.000674092153
0.0309248641 0.0375898965
0.0556383096 -0.00173638179
-0.0171049144 0.0150894839
-0.0112298531 -0.0470490307
0.0222962126 0.00714620296
-0.0364740416 0.0711967126
0.00417716987 -0.0640961453
0.0114211729 -0.0118489917
0.0309664663 -0.03494462
-0.0134615256 -0.0868201777
-0.00575152226 0.0621627979
0.0438874476 -0.0398890674
-0.0895391777 -0.0792604908
-0.0136818634 -0.0351082496
0.029087225 -0.0213938542
0.00209989771 0.0966777653
0.0802736655 0.00506152166
-0.0105863865 -0.0148738092
0.00318121398 0.0060213008
0.0105704637 -0.0296231955
-0.0715654567 0.0192645546
-0.0193730835 0.0407755151
0.0608821474 0.00430279877
-0.0204540044 -0.0073420261
-0.0534057766 -0.0252056085
-0.00459207548 -0.00432182103
-0.00355023425 0.0518318936
0.035112191 0.00926487148
-0.00732867559 -0.00905517116
0.0252247527 0.0572224222
0.079387337 0.0505079962
0.0220723245 0.0172109026
0.00336093246 0.0151604591
-0.000554432685 0.00506293913
-0.0035846855 0.0382012613
-0.0126887858 -0.0125268837
0.0297036953 -0.0315583125
0.0129281897 -0.0342294089
-0.0365575515 -0.00388765382
-0.0185895823 -0.0263021551
0.0182820465 -0.0216271766
-0.0100590531 -0.0387468487
0.00425157929 -0.0220931116
0.0074474453 0.0820583552
0.0209280457 -0.00154413015
-0.00147078431 -0.0243853983
-0.0657001659 0.0689240843
-0.0907211006 -0.0239893049
0.00424057757 0.0309220683
0.0630914867 0.011111116
-0.0170212798 -0.0293657444
-0.00807463005 -0.00314854179
-0.00875194091 -0.0313431583
0.0023659463 0.0226546079
-0.0157613028 0.0582625084
0.0868576989 -0.0142809236
0.0976509973 0.0254986435
0.0476101376 -0.0335115083
0.10342326 -0.0184912924
-0.0109618586 0.012663126
0.0430811979 -0.0483375527
0.0247348212 0.013300647
-0.12038146 0.083392553
0.0791447759 0.0773405284
0.0131101552 0.0206889771
0.0923225805 -0.0661508515
0.0495384708 -0.0198070481
-0.0387069061 -0.0177454595
0.0415726937 -0.0211609248
0.0724070668 0.0354175717
-0.00218342198 0.0209875479
-0.0280888937 0.042948205
0.0363203399 0.0060699801
-0.074151583 -0.0169729125
-0.00891264714 0.05303156
-0.00602905825 0.0713131726
-0.00959455967 0.015678877
-0.0303459298 -0.028804224
-0.0497763678 -0.0460096821
0.0144820279 0.0266972128
0.0218042489 -0.00754016731
0.0689096451 -0.0853150785
0.0363209099 0.0350463651
0.060932599 0.0802949369
0.0417412296 -0.0840152353
-0.0698183253 -0.100127973
0.0225698408 0.0266720001
-0.0474703759 -0.0329649299
-0.0501211137 -0.0276111141
-0.0443986133 -0.00402786676
1.24068538e-05 -0.00824563764
-0.0294860378 -0.03654816
-0.00883302093 -0.0471633002
-0.0224567316 0.0796325281
-0.114817247 0.000441843993
0.105547063 0.0140421158
0.0222023502 0.0628371388
-0.0189874154 -0.0377712995
-0.00759428972 -0.00332355453
-0.0216457825 0.0346639641
0.0828282312 -0.0175287686
-0.0602167808 -0.0995712802
0.0496057421 -0.0910010934
0.0943166241 0.0274186619
-0.0103554316 0.00447460776
0.00115672685 0.0262989923
0.00288888789 -0.0106224259
-0.0047815172 -0.0214600563
0.0168771278 -0.035364043
-0.0035653438 -0.0242669042
0.00533982227 -0.0126225511
0.0368311815 0.00102033431
-0.0382251181 0.0400568359
-0.0199370738 0.0409839936
-0.0037810069 -0.0411714613
0.000154396752 -0.0816311389
0.0443758555 0.0351790525
-0.0258582048 0.00545371277
-0.0498994961 -0.0463044979
-0.000470004481 0.0449268892
0.0368847921 0.0307002664
0.00777263101 0.0410495512
-0.0553376339 0.0356012024
-0.0511687025 -0.0119582042
-0.0146227637 0.021914782
0.0452438556 -0.0504978411
0.033316914 -0.00992042013
0.0389581285 0.0214018784
0.042787496 -0.0732059851
0.0292234141 -0.0908880085
0.0168096609 -0.0881527439
-0.000856253901 0.0335264951
0.00114331883 0.0579349138
-0.0180102885 -0.06458994
0.0260059312 0.0248986669
0.0609929338 0.0806756392
0.0207618177 0.0289935693
0.00392526295 0.0269021988
-0.0126690352 -0.00818448979
0.00210979534 -0.012283667
0.018482089 -0.0306114219
-0.0317208581 -0.0235344172
-0.0332993604 0.0281440075
0.00463334564 -0.0462222807
0.0542708486 0.0299278628
0.0884835273 0.0627169311
-0.0270079691 -0.00917380955
0.0746544749 0.0198537968
0.0214512721 0.0685977563
-0.0301975105 -0.0160126537
0.028114859 -0.115641214
0.0178538095 -0.0512577146
-0.0396526456 0.0739006028
-0.0468682237 0.0522830561
-0.0273631122 0.0012844702
-0.037232589 -0.083003737
-0.0415824763 -0.0925705731
0.0495625511 0.0138549795
-0.0145224575 0.0492510274
0.0388518348 0.0160679985
0.0848469809 -0.0367915966
-0.0381393954 -0.0248974897
0.0170200281 -0.0213912055
0.0620390363 -0.0675884113
0.0460532792 0.0445389822
0.00140487042 -0.0337480307
0.0685902685 0.0299247615
0.0225776508 0.0398587547
-0.0479648262 -0.0220372919
0.0189245064 0.0700456798
0.0318631195 0.00690615596
-0.00376205379 -0.0639057308
-0.0436224155 -0.0319064818
-0.0271078367 0.11957977
0.085247986 0.0901500359
0.0393923037 0.0190920718
-0.0196742471 -0.005291685
-0.0176318325 -0.0566992089
0.00211761449 0.0857229009
0.0655173436 0.00302049797
0.0126741147 0.0336946882
0.0247297082 0.0202260986
0.0476608016 -0.0523197912
0.0137633057 0.0534991585
-0.000150202279 -0.00508429622
0.000807721459 0.0528275706
0.0477810279 0.0349605717
-0.0181065015 -0.0196172334
-0.0319252238 -0.0727117509
9.28547015e-05 -0.0186955668
-0.00936192647 0.0385118797
0.024402773 0.0407084301
-0.0379219726 0.0659774691
-0.0391745493 -0.011000949
0.115981512 -0.0327838548
-0.0255328249 -0.0483550206
-0.0275208503 0.00957297813
0.017134618 0.0376582779
0.0452448875 -0.0226463731
0.0497671105 -0.0447673202
-0.0775221214 0.018587051
0.0136645902 -0.0101685859
0.0508476272 -0.0548299178
0.0137275849 -0.0194825511
-0.0402266569 0.0296881627
-0.0518714562 -0.0276189763
0.0535432212 -0.0320012458
0.00658691116 0.033148095
-0.0527902953 -0.013204651
0.0171252768 0.0140445437
-0.0134663405 0.0181189142
0.0408210531 -0.0472297743
0.137334123 0.0589610934
-0.0130643137 0.0735969543
0.0486334153 0.063564077
0.0124691827 0.073483035
-0.0155898202 -0.0484838374
-0.0139778024 -0.0548426211
-0.0375794731 0.0442536324
0.0396790877 0.0293960515
-0.0495472066 0.0386604629
-0.0119605307 -0.00848259311
0.0926624164 0.0102544175
-0.0600766391 0.0405443795
-0.0772308782 -0.0372331589
-0.0172896776 0.0346559286
-0.0716592669 -0.0501796864
-0.0444479026 -0.046374023
0.0118774557 -0.0615280978
0.0181422345 -0.109242894
0.00654670224 0.0614930354
-0.0284249987 0.0250224024
-0.0622025132 -0.0567642562
-0.0156150497 0.00862729549
-0.00615998171 0.00944820791
-0.00953050889 -0.0138464365
-0.0522151142 -0.0399659984
-0.104022555 -0.0311139859
-0.0719742626 0.0141647868
-0.109508865 0.0181549024
-0.00188775442 -0.0373896174
-0.0059184148 -0.104896389
-0.00437339488 0.0358710848
-0.0263167806 -0.006009656
-0.0127272205 -0.002079139
-0.0267282147 0.00970382616
-0.0455462523 -0.00838228315
0.000536722247 0.0162013378
-0.0190585982 -0.0706290454
0.0517724082 0.0302779768
-0.00869965367 0.012490158
0.057182014 -0.0639612824
0.036447186 -0.0138399834
-0.0633237138 0.0398796387
0.00635605911 -0.0692603067
-0.004420863 0.0219211187
0.00320806773 0.0621473119
-0.0728422403 -0.0657752529
0.0120902602 0.0289148204
0.0232010372 0.102119103
-0.0450713336 0.032262098
0.0102594551 0.0539489053
0.0403220877 -0.0082244426
0.031675633 -0.00853479002
-0.0269206185 -0.0372005068
0.040888574 -0.0194076467
0.111242615 -0.0795824751
-0.00313503714 -0.00465497887
-0.0541184954 0.0181443579
0.0460632145 -0.0677444413
0.0404471233 0.00305323978
0.0250915475 -0.0137914075
0.0876221433 -0.0278762057
-0.0687762946 0.0331493244
-0.0215935912 -0.0467022359
0.0114893187 -0.011131336
-0.0341991149 0.00586542627
0.0517564677 0.0247883685
-0.0382027626 0.0124466382
-0.0685326532 -0.0138038574
-0.026580736 0.0102986675
-0.0825474411 -0.0246408079
0.0278576389 0.0325324535
0.0209821016 0.0459178053
0.017527353 -0.0446181558
-0.0265362356 -0.0247648936
0.0125063071 -0.0183771569
-0.120949522 0.00675973902
-0.0310821868 0.047578834
0.0375109389 -0.0123236217
-0.0389720351 0.0345439389
0.0621166229 0.0387348309
0.000160026058 -0.0718208924
-0.0506914668 -0.0458857603
-0.0190235898 0.06729801
-0.0546613708 0.00424870243
0.0260348581 0.0267338641
0.00646625133 0.0985200703
-0.00427461555 0.0143123521
-0.00471741473 0.0431471393
0.0459145792 -0.0432353169
-0.0134332869 -0.0353326313
-0.0449460931 0.00143092312
-0.0441727042 -0.0333097093
-0.00601338083 0.00100689067
-0.0539575852 -0.0442690104
-0.0510998704 0.0466695651
0.0694521666 0.0318580084
0.00712331198 -0.0325272121
0.00851096492 0.0528901964
-0.0133517291 -0.0453064069
-0.0360687077 0.00870867819
-0.0170798954 0.00388738979
-0.00555245904 -0.00904652849
0.0552496873 -0.058302559
-0.0294744559 0.0215769839
0.0221931357 0.0968556553
-0.00379588036 0.000731978915
-0.0510947444 0.0495243669
-0.0308285877 0.0298255514
-0.0572319329 -0.0706781819
-0.00359017821 0.0882862285
0.0560379848 -0.0344464034
0.0797587037 -0.0788306519
0.0305187944 0.0696580857
0.000241552509 0.0548332296
0.0546743535 0.0654800683
0.0431206264 -0.0835023448
0.044845514 -0.0693849698
0.0112733496 -0.0216908138
0.049042277 -0.0767509192
0.0356765576 -0.036691878
0.0135677299 0.0408292785
0.0715896711 0.0586816035
-0.0820122436 -0.00797178876
-0.0840093866 0.0213597678
0.0103625813 -0.0183369517
0.00746335229 -0.0813794658
-0.0392912403 -0.0846676677
-0.051531218 -0.00193712476
0.00490945717 0.115514114
0.00107013888 0.0104555395
0.0643596426 0.0271182973
0.0301073771 0.0559594668
-0.0254338272 -0.0800368339
-0.0201642849 0.0208083242
-0.015267943 -0.0318066962
-0.0144146625 -0.00600123033
-0.0746432543 -0.00605537137
-0.0230677538 -0.022461012
0.047719676 0.0291803945
0.048780784 0.0485252999
0.0089164814 0.0609369501
-0.00282484828 -0.0122394515
-0.0402086712 -0.000990378321
-0.0172974598 -0.0645930842
0.00153828587 -0.0444164835
-0.0132984035 -0.00984735321
0.0175278448 0.0315809548
0.0616140291 -0.0197741948
0.00625179661 -0.105218686
-0.0283947848 -0.0591284595
0.104902223 -0.0633410141
0.00651178323 0.00596803939
-0.0531074144 0.00217181398
-0.0119449515 0.0229486413
-0.0262238607 0.10019052
0.0209536366 0.0259035863
-0.0481190644 0.0406441502
-0.0140111083 0.073366724
-0.00237460714 -0.0198112484
0.00248452742 -0.0836072937
0.0394212976 0.0480246916
-0.0398026779 0.00623389846
-0.104055613 -0.0665366799
-0.0181151051 0.0202900246
0.0280228294 0.0402495787
-9.28688387e-05 0.0373135507
-0.0689413771 0.0265199654
-0.0597293936 -0.015036745
-0.041698359 -0.000493639498
0.0494932085 -0.0682943463
0.0137134334 -0.0295599271
0.0563493595 0.0152290417
0.0660335049 -0.0946285501
0.0347125009 -0.124990582
-0.00187360437 -0.0700895265
0.00656487327 0.0360348523
-0.0187183265 0.0578430258
-0.00570777105 -0.0634704009
-0.000383456209 0.0261746533
0.0386881121 0.0916967914
0.0311223958 0.0104669528
-0.0113258893 0.0328834094
-0.0668559521 0.0136118522
-0.0210699532 -0.0128922099
-0.016205132 -0.0127305519
-0.0388910994 0.00811191183
-0.0450999476 0.0175140668
0.032270927 0.018072268
-0.0504274927 0.00922165439
-0.0612514839 -0.00745723536
-0.0391153097 0.0223780777
-0.0175238885 -0.0441906005
0.034183003 0.0125976782
0.0323136151 0.0240760334
-0.0149614736 0.00533865253
0.054629717 -0.010378032
0.0200395416 0.0742973462
-0.0092714401 0.0800193101
0.113509119 0.0324098431
0.0101293055 -0.0341149122
-0.0580988452 0.0279308539
-0.0495333858 -0.0114626167
0.0210626218 -0.0311193541
0.0871217325 -0.0307135172
0.0261876155 -0.0323492661
-0.0137563962 0.0518590584
0.0180057529 -0.0288928021
0.0256739426 0.0424968116
-0.025813859 0.0380996764
-0.00225925213 -0.0135826003
0.0821143538 -0.0548894219
0.0296184383 0.0367029794
-0.0290649571 0.00886977185
0.0912909508 -0.037536487
0.0241588093 0.0259730052
-0.0551845022 -0.0677308813
0.0403126739 0.0163658801
0.041337423 0.0645683259
0.025274165 0.0560639575
0.0603427775 0.0704482794
0.0439390913 -0.0472721942
-0.0416553915 0.00954952557
0.0884374306 0.0266504269
0.089067407 -0.0501203649
-0.0104736909 -0.0343106687
0.0581605993 0.0386858061
-0.017824607 0.00133978075
0.0164847914 -0.0110993907
0.0146515993 -0.0022947744
-0.045930665 -0.0671779439
-0.0184943117 -0.0876290351
0.056638021 0.00449738046
0.0923101753 -0.0663407966
0.0132563449 0.0269840639
-0.0774909779 0.0803510323
0.0326477773 0.0349044539
-0.0150287207 0.0372770615
-0.0326445103 -0.00777391251
-0.0069851717 0.00699476851
-0.0358154103 0.0213548169
-0.0343784578 0.0247271378
-0.0553948097 0.11420653
-0.0156723745 0.0635018051
0.0561245494 -0.0160137657
-0.0358283445 -0.0061966381
0.0758327097 -0.0620706975
-0.0173490345 -0.0552617386
-0.0294038467 0.014230717
0.141993389 -0.0618775822
0.0259733126 -0.0112888692
0.0299170315 0.0321537666
0.00579768606 0.0453115627
-0.0378570445 0.0510662831
0.0327348933 -0.0268455688
0.00971717481 0.0172139388
-0.00216163951 -0.00971810799
-0.0473073386 -0.0422335826
0.0447426736 0.0444126353
-0.0178041868 0.000516632339
-0.0478368625 -0.0268489048
0.0214918274 0.0209574755
-0.0391541794 -0.0213924199
-0.0391061492 -0.0289469846
-0.00998841412 0.0641658828
0.0167037882 0.042798873
-0.00583526259 0.0644474924
0.0524203368 0.0259741265
0.0390515327 -0.0411796607
-0.0715952963 0.017738184
0.0616129637 0.0214344412
-0.0245307013 -0.014431146
-0.0149991186 -0.0275835618
0.00440777652 -0.0954532549
-0.0582128167 -0.115793623
0.0629300773 -0.0573185012
0.0272380747 0.0431336202
-0.116561033 -0.00682152202
-0.0952474251 0.0125579145
-0.00979696959 0.0289267395
0.0442240722 -0.0220176801
0.0837860405 0.0955409408
0.0703012645 -0.0116886795
-0.0150465779 -0.0615794696
-0.0334198028 -0.00284108543
0.00907436106 -0.00200881856
0.012860978 0.0164712928
-0.0325302519 -0.0285138525
-0.0362095647 0.037115071
-0.0450057499 0.0298713576
-0.0241690818 -0.01593633
-0.0138804233 -0.00667919312
-0.0684956685 -0.0965912715
-0.0632821992 0.0265943352
-0.0913234502 0.0830035657
0.00688947085 -0.0190710463
0.00279413071 0.0227240957
0.0372881368 0.0124065112
-0.0179883428 0.0344711803
-0.0650134683 0.0385777727
0.00998731703 -0.0471245274
-0.00334533956 0.0624201261
0.0441319905 -0.034448579
0.0400749296 0.0251348354
-0.0012777471 0.0328571685
-0.044563096 -0.0839300677
0.0365086161 -0.00357819744
0.0446014293 0.0591053218
-0.0558913834 0.0769705772
0.0967377201 -0.00632732967
0.0533122942 0.00254431623
0.00531544816 0.0763445571
0.063543044 0.0343992934
-0.00629792968 -0.0637257099
-0.00571224932 -0.0255117267
-0.0134750735 0.0620203391
0.0293717962 -0.00756053813
-0.0533594452 0.0396535322
-0.0655750707 0.0242502615
0.0828862414 -0.0603232384
-0.0108288322 -0.0505352654
0.00599867525 -0.0221995134
-0.0155335404 -0.031064013
-0.0363976695 -0.00674779806
0.072430633 -0.0124967918
-0.0370758213 0.0230816025
-0.000365246029 0.0291995462
0.0328660123 -0.0755512789
-0.00668525696 -0.0349232182
-0.0452751629 0.0253135413
-0.016358858 -0.0563694499
-0.030379504 0.0333297625
0.0179693196 -0.0290444065
0.0596409999 0.0389734693
0.0317273624 0.03029483
0.0216501541 -0.0188523997
0.0270301159 0.00269130105
0.00445204834 0.0453545675
0.0944557935 0.0261002257
-0.0486425012 0.0608572252
-0.0271853879 0.0203367379
-0.0271627624 -0.00858860277
-0.0959635153 -0.0659033805
0.0678268149 -0.0661932901
0.0562397242 -0.0157550611
0.0362708941 0.0567484796
0.0226837918 -0.00820295233
0.0110007524 -0.0263568442
-0.0254678484 -0.0356768481
-0.0128006926 -0.00838401448
0.0929683819 -0.00151520339
-0.0193496328 -0.00638583209
-0.019774802 0.00701578939
-0.0304843858 -0.0132508343
-0.0704140887 -0.0326363817
-0.0222072229 -0.0362374671
-0.0266936626 0.0306415856
-0.0620238222 0.0253470521
0.0265493486 -0.0173008647
-0.0240831301 -0.0258734692
-0.0265189577 -0.0368646756
-0.0144895641 0.00309041864
-0.0320198387 0.00782036223
-0.0442811213 -0.00508430041
-0.0023172528 -0.0459245443
0.00257930998 0.0584252253
0.0182164218 0.0757225901
-0.0175479557 0.0124147097
-0.0351874791 0.0377302803
0.0686955899 -0.0271620601
-0.0544649474 0.0134140588
-0.0907351002 0.00938171055
-0.0737780556 0.021731168
-0.0432776101 0.0271002166
0.0209237281 0.00958174933
0.011674311 0.000882817141
0.0736890286 -0.0137488525
0.0420425199 0.0148468027
-0.0349587873 -0.0274165645
-0.0500081182 -0.0287637226
-0.0762351453 -0.0843761489
-0.0427224971 0.00964262802
-0.0283110756 -0.00452569127
0.0597432591 -0.070723854
-0.0468873978 -0.00473686727
-0.0617186986 0.00842020102
0.0923632979 0.03581829
-0.0268737078 -0.0336697623
-0.00426017446 -0.0547466166
0.0517076813 0.0697520748
0.0481254086 -0.0276944675
-0.00535217347 -0.0889354125
-0.0446843728 -0.0655730516
0.0612594895 0.00773910945
0.0916390717 0.00997856632
0.0400993899 -0.00596426707
-0.034748517 -0.0508654527
-0.0501230843 -0.0422248952
0.0229811389 -0.01952211
-0.00482682558 0.0639626309
0.0246288385 0.060219828
0.00502603129 -0.0268022902
0.00890837051 -0.00496992236
-0.0530935265 0.0118021592
-0.0345178097 0.040636126
0.0456982255 0.0631747618
-0.0167459715 0.0445361249
-0.00948930718 0.0570081882
0.0409767777 0.032311663
0.0186681319 0.0121222707
0.0183060989 0.000210658851
-0.0202544965 -0.0013652764
-0.0729562417 0.0133957537
-0.0134758586 -0.0192308314
1.84857163e-05 0.0475272126
-0.0455405861 -0.0286206473
0.0769972876 -0.037356168
-0.0137125887 0.0270511638
-0.0578243025 0.0321980417
-0.0743569806 0.0468980037
0.0161373429 0.0213650856
0.0697569102 -0.0599639118
-0.069485113 -0.0140565028
0.036755532 -0.00572461169
-0.0365883075 0.000243546237
0.00970214605 0.0375822522
0.0061436994 -0.0488312915
-0.019501796 0.0100740017
0.0281678624 -0.000673005008
-0.017672319 -0.0557168275
0.09574157 0.037437316
0.0514496341 -0.0278844461
-0.0365160704 0.0235260222
0.0254873205 -0.0108679458
-0.0369485803 -0.0295007247
-0.0430159047 -0.0109309964
0.0463341773 -0.0542111956
0.0203869678 0.0748683214
-8.92719181e-05 0.0476937406
0.00502449181 -0.0448177941
0.0812757462 -0.0468649976
0.0170021951 0.0577366613
0.016947981 -0.00232355972
0.0383759663 -0.0331353731
0.00883447938 0.0231255908
-0.0364242271 0.000184488701
-0.074432984 0.0514287576
-0.0170722213 0.024288781
-0.00165741495 -0.0327907056
0.0227735899 0.00831616949
0.00276103057 0.0211040657
-0.00392392743 -0.0379520617
0.0748002008 -0.0389917456
0.0176469795 0.0480385348
-0.015021462 0.0753170475
0.0684705973 0.0177316628
0.0186480675 -0.007098665
-0.0636134446 0.00669529568
-0.0103534386 -0.0259158742
-0.005864284 -0.0396149792
0.106288299 -0.0397504531
0.0046255989 -0.0305032022
-0.0269190036 0.0383472517
0.00905089173 0.00332865398
-0.0101487432 0.0194632914
0.00959552359 0.0554304421
-0.0193134993 -0.0267125834
0.0464874581 -0.0699438453
-0.00198591268 0.0400620699
0.0305978153 -0.00321243983
0.0767663121 -0.0282025617
0.00891099218 0.0227383208
-0.0551130548 -0.049492117
0.012767667 0.0306836832
0.0113722412 0.046743758
0.040383704 0.0170526057
0.0725788921 -0.0962150693
0.0694277659 0.0359267555
-0.0271848682 0.0709998235
-0.0959068686 -0.0115382243
-0.0598883219 0.0211632606
0.0271366704 -0.053369429
-0.0734939799 -0.00465781847
-0.0538400523 -0.0376582071
0.0413394347 -0.00251904479
0.0817902237 0.0396539755
0.00723578082 0.0413965024
-0.0404338315 0.0262407288
0.0128919613 -0.0662537217
-0.0491481274 0.0609972924
-0.0533202812 0.0488263145
-0.0143946633 0.0338010117
0.0446264856 0.0251461882
0.0643104464 0.000429184583
0.000470695144 0.0310702082
0.0191314239 -0.0249189083
0.0243467502 -0.0212647952
0.0459680632 -0.0223967936
-0.0045850086 0.00565887475
0.0352341644 -0.00806382857
0.0321196951 -0.0210046582
-0.030837385 -0.0451521352
0.0102124214 -0.00389122614
0.0243952014 -0.000643096049
0.00301972986 -0.107548714
0.0275181383 -0.00667484151
-0.0422099642 0.010599318
0.0164757762 0.0177830271
0.0755239502 0.0347963721
0.0557989851 -0.0522963852
-0.0253448728 0.0619837604
-0.0153428279 0.00130965549
-0.0126890745 -0.0152855981
0.0314872153 -0.0125013832
0.0110282786 -0.0157797281
0.0283045378 0.0242453571
-0.0132381385 -0.0227679759
-0.0188432448 0.0229111146
0.0933870748 0.0500651896
-0.00798697397 0.0367756598
-0.00436884677 -0.0177358873
0.0190186631 0.0478986576
0.00875799917 0.0101266475
0.038007006 0.0130966455
0.0339977108 0.0197365861
-0.0252479147 -0.0601942576
-0.115069576 0.00414611585
0.0206975099 -0.019166138
0.086840488 0.0198435728
-0.0213813502 -0.0191013273
-0.0212358795 -0.048770234
-0.0237327851 0.0343101509
0.00576550094 0.0126167089
-0.0225978382 -0.00305036572
-0.0165613033 -0.0463037416
0.0602029338 0.0736573562
-0.0111735584 0.00335583719
-0.0378058106 0.020181736
0.0393417142 0.0579890162
-0.0257786866 -0.00186522864
0.000645518536 0.0262387022
0.00714158034 0.0203937627
-0.0466398522 -0.00896588806
-0.0590643138 0.0242191423
-0.0234785173 -0.0542580709
0.039830558 -0.0124617061
0.0382639803 -0.0297962166
0.0162081812 -0.0369884931
0.0280802213 0.0651051253
0.0155855631 -0.0436554328
0.0164549742 -0.0354749858
-0.0190453436 0.0416509211
-0.0173361041 -0.08028806
0.0629201382 0.0216229931
0.0392967537 0.0676276311
0.0666861609 0.000715945323
0.0911272764 0.0432300307
0.00574512919 -0.0399001911
0.00498874299 -0.0162768662
0.0032456629 0.013610838
-0.0207245983 0.00137921609
0.00476409867 -0.0352679715
-0.0621519573 0.0220069345
0.0219241027 0.0461879633
0.0384943821 0.00202087709
-0.0438287705 0.067705296
0.0069996533 -0.00749854138
-0.0341017134 -0.0261573847
-0.0644371733 -0.0548877865
0.0161231197 -0.12180689
0.0388240628 -0.022998251
0.0326704644 0.0287795346
-0.00595527422 0.0559167266
0.00112215546 -0.0282954816
0.013624236 -0.0273382254
-0.0823241696 -0.0157556962
-0.11478103 -0.0196666699
-0.0392851457 0.0172624364
0.0311539173 -0.0402144641
0.0279629063 -0.0619403049
0.0322623961 -0.0244887657
0.0482039973 0.00464328565
0.00414773123 0.0207861699
0.0302684717 0.0663605854
0.0738508701 -0.0375263803
-0.0214810297 -0.00156465091
0.107302286 0.0493390486
0.0502505153 -0.0571126677
-0.0811685249 0.0192575287
-0.04516083 0.0258467924
0.0600583144 -0.0223206263
0.0270437188 0.00553140929
-0.052062761 -0.0458805561
-0.00887845922 -0.118651249
0.0131981727 0.0408797711
0.0516184717 0.107119434
0.0238771737 0.0258833636
0.0114075728 -0.00848483201
0.069639191 -0.0370309539
-0.0499107167 -0.00943972357
0.0190623719 -0.0518489666
0.0628269836 0.0262315981
-0.0638774112 0.0420151949
0.00861484837 -0.0455754735
-0.0199600365 0.00847566687
0.037463434 -0.0577552691
-0.033971861 -0.072640337
0.00465252204 0.0247931536
0.0126887439 0.0269577224
-0.049350366 0.000459046976
-0.000260954112 -0.0347948633
-0.0780955032 0.0575130917
-0.0159584805 0.0975150615
-0.0192476083 0.00871878583
-0.074677296 -0.0405796804
-0.02364273 -0.0597616248
-0.071015127 0.0386531651
-0.0283375047 0.000256623724
-0.0861916021 -0.0754717886
0.00422613462 0.0339139886
0.00207044859 -0.00764893647
-0.0129187992 0.0353079028
0.0377796143 0.0576397963
-0.0721473172 0.0149489008
-0.00119003758 0.0446775034
-0.0125828534 0.0557842366
-0.0333257951 0.0682471916
0.0392982438 -0.00288846041
-0.0827254355 -0.0172427092
-0.0025027236 0.0498539358
0.069128342 0.0176765323
-0.0201285537 0.0306588393
0.0132407034 -0.0787317678
0.0207746513 0.0228614882
-0.0196224153 0.00317306444
-0.019927606 -0.0822574645
-0.0352658965 -0.0155017925
0.0329257362 -0.0331069119
0.0594393164 0.0992001817
0.0634806007 -0.000337484467
0.0361909978 -0.0381020866
-0.0536299646 -0.0171781536
-0.0177757014 0.021080859
-0.0404925942 0.0112245111
-0.0306256991 -0.10448809
-0.0493033044 0.0212598592
-0.131072417 0.0246688817
-0.0221321527 0.0381336324
0.0320514552 -0.00539723039
0.0369510502 -0.075719893
0.019122174 0.0169377048
0.0848798826 0.00511241797
0.056222897 -0.048838146
-0.0115876831 -0.0336421281
0.069911547 -0.031765651
0.0213009287 -0.00251993025
-0.0434039198 -0.0257183835
-0.0243496578 -0.0257641692
0.0267535504 0.0481349118
0.0233800635 0.0336751379
-0.0173652582 -0.00454429677
-0.0025580842 0.0642680079
0.0177657697 -0.0208466221
0.0763029084 0.0140611706
0.0582073182 -0.0604928024
0.0043880553 -0.122824751
-0.0257119518 0.109951653
0.00228530494 -0.0238702018
-0.0646121204 -0.0524868965
-0.0522923842 0.00981566496
-0.0344055444 -0.0445119068
-0.0516724288 -0.042620752
-0.00996952318 -0.0638290495
-0.00348108821 -0.0140697565
0.00367404101 -0.0203088224
-0.113755569 -0.0604524687
-0.11283467 -0.0115928128
0.0505594835 0.0183945484
0.00508916099 -0.0134918448
0.0354939736 -0.0215547364
0.0393165872 -0.0116314776
0.00627778657 -0.0233578831
-0.0184169803 -0.0566759482
-0.0243033078 -0.0193898492
0.0266847871 -0.0109217325
0.00804350339 0.0211711824
-0.015169193 0.0208666082
0.0659074336 -0.0517962649
-0.0382926911 -0.0180539116
-0.00759588275 -0.0869520605
-0.0408431329 -0.0297550336
-0.0639991537 0.0301213693
0.0945879966 0.0290723443
0.018604761 -0.054373011
-0.0456745699 -0.0471031703
-0.0160382632 0.0145949628
0.017189974 -0.0167136714
-0.0250839293 0.0773873776
-0.0119184665 0.0564794242
0.0465950705 -0.0366497412
0.0638087541 0.0923578665
-0.0285319854 -0.0313699767
0.0206717718 0.0413750894
0.0473488122 0.0498544052
0.0127485674 0.00940196961
0.0326777697 -0.0166315734
0.0570408665 0.0186294727
-0.0350538567 -0.010202799
-0.0110418303 -0.0380242579
0.0489038974 -0.0331507064
-0.0416544564 -0.0265552886
0.0218247678 0.00805983413
0.0450968333 0.0344388187
-0.0383866429 0.0448637828
-0.000328543247 -0.0375967808
0.00589237036 0.0468581095
-0.0221985262 0.0294983611
0.000858274521 -0.0125639858
0.0610789768 0.00954394415
-0.0187165923 -0.00537412148
0.0116538461 0.0209680982
0.113383494 -0.0113295438
0.0816262215 0.0706509799
-0.0140911341 0.103317983
-0.0845620558 0.0336744748
0.00235071639 -0.0316020176
-0.0556640774 -0.0437707603
0.00556545798 0.0193354618
-0.00664386293 0.0581416599
-0.0552400202 0.00801859144
0.0110190548 0.00887923315
-0.0224757921 0.00870078988
0.0857215524 -0.077310957
0.0549792871 0.039258603
-0.0737432986 0.0703182071
-0.0913727209 -0.035450615
-0.0610063374 0.00824949052
0.0158050582 -0.057300128
-0.0515559614 0.0311025679
-0.050490424 -0.0347738601
0.0250806119 0.0161683876
0.0898229107 0.0267212559
0.0321237333 0.0243253484
-0.077245988 0.00886509567
-0.00737319142 -0.0660751909
-0.0567858256 0.0433323793
-0.0346113965 0.0543552339
-0.00965458434 0.00408846699
0.00944363419 0.00221960316
0.061294429 0.027633097
0.0346476659 0.0123264296
0.0191759486 -0.00571549917
0.0406822599 -0.0248207301
0.0572049469 -0.0103185922
-0.0512673669 -0.00856863707
0.014550929 -0.00141350622
0.0365028717 -0.0212649256
-0.0309684072 -0.051181674
0.0333552584 -0.0298825968
0.0365549214 -0.0264737569
0.00780681428 -0.101136766
0.0128272735 0.0262570791
-0.0262277983 0.0196874831
0.0181755535 0.0304480847
0.0295497999 -0.00876538549
-0.0111415349 -0.000724880607
0.0113096768 0.00142532238
-0.00898144394 0.00920725241
0.00275792088 -0.0246935301
-0.0121814627 0.0105485599
0.000479842158 0.00268073846
0.00314244186 0.026288474
-0.0299974252 -0.00496636331
0.0256248266 0.0140062682
0.0169895943 0.0250735097
0.0249863062 0.0301100928
0.00704851933 0.0205333848
0.0145419259 0.00522472197
-0.00196265266 -0.0170520935
0.00616876548 0.0182485562
-0.00390632823 -0.0276833512
0.0249530077 0.00435328064
-0.00211093342 0.00892423559
0.0159652662 0.00395737635
0.00521402666 -0.00797390752
0.0187645387 0.00603159377
0.0136846667 -0.0192506146
-0.0193827935 0.000808265584
-0.0290448181 -0.0032081753
-0.00490379659 -0.00894547254
0.00108874275 -0.0184718315
-0.0149497688 -0.02644182
0.0100220507 0.0206874907
0.015143374 0.00434996607
0.013683076 -0.0124745155
0.0112012038 -0.00274004159
0.00612616725 -0.0011895739
-0.00500836456 -0.0321633555
0.0121924924 -0.0183149762
-0.0268695969 -0.00305412617
0.00595242856 -0.0150857363
0.0143993273 -0.00426053302
-0.0277070403 -0.00171712902
0.0290401336 0.0100010084
-0.0166293811 0.00940607861
0.0171285085 0.000334007404
-0.00678256666 0.0112604816
0.00492686126 -0.0178783033
-0.0131711438 0.0122679248
6.95352646e-05 0.0012048143
-0.00397798186 0.0172427613
-0.00909421407 -0.000850407232
0.017929798 -0.00549158221
0.00987034198 0.000879021478
0.00533442898 -0.000894051278
-0.0164517742 -0.00371155958
0.0102629056 -0.00475095725
0.0261468571 -0.0285571087
0.0247813035 -0.0406944789
0.0169508867 0.006713585
0.00733757531 0.00540069677
0.0131791271 -0.0163954217
-0.010039811 -0.0216428414
0.016747836 -0.0294712838
-0.00366755552 -0.00452821609
-0.0145012215 -0.00565664098
0.00512278825 0.00281196763
0.004266378 0.00543055311
0.0159006231 -0.0376676582
-0.0166233853 0.0175942555
0.00828608032 -0.0209727008
0.0192014147 0.00911954325
0.00910949241 0.00825019833
0.00660359813 -0.00340356864
0.00960405171 -0.0157276038
-0.00406593923 -0.00935750734
0.0114910277 -0.00669810921
-0.0228423309 -0.0372588411
-0.0111679444 -0.0271611493
-0.0236498844 0.00709401676
-0.0335558578 -0.0118626012
0.0124059319 -0.0158403981
-0.00774333999 0.00866318587
-0.00242963596 0.0108965142
0.00124176685 -0.0079767853
-0.00889015105 -0.00400622934
0.0126336925 -0.0152782109
-0.0149419764 0.0186333824
0.00242493115 0.0103440313
-0.0086345477 0.0211368371
-0.0128459549 -0.0157066155
0.00249481131 0.0179267824
0.0234095231 0.0102338837
0.0119465403 0.0261347163
0.0238692258 0.000462918222
-0.0127264997 0.0118916091
0.020246977 0.0269408729
-0.0309654418 0.0121993581
0.000585927162 0.0201064721
0.00667396048 0.00174592424
0.00862626359 0.00846778043
0.00752828689 0.00488503417
0.00067134673 -0.0197799448
-0.00679722335 -0.00321142725
0.003336892 0.0126215583
-0.00640167622 0.00915871374
-0.0268888883 0.00359583809
0.0315942392 0.0149556249
-0.00332472753 -0.0124499165
0.0211782195 -0.00939772837
0.0016489327 -0.00433662301
-0.00975936651 0.011225339
0.00302885449 -0.0228955485
-0.00106849405 -0.0156820379
-0.00696430309 -0.00970320776
-0.00805661455 0.0172143765
-0.0118638538 0.00102960621
0.00541373109 -0.00281134155
0.00501725031 -0.0136371385
0.0043044542 -0.00314804027
-0.0225571413 -0.00282145874
0.00054841477 0.0248944871
0.024759816 0.00652349554
-0.0175149534 -0.00101077498
-0.00248426525 0.0237879921
0.0211885478 -0.00374604948
-0.000361028215 -0.00254868926
0.0174390823 0.00982844457
-0.00290556625 -0.0132113295
-0.0399882011 0.0212816373
0.0320705995 0.00918821245
0.0108102057 0.0158418212
-0.0247021895 0.0124347173
-0.00258015469 0.00728717865
0.00483359862 -0.0253587831
-0.0167915095 -0.00154356495
-0.0363498181 0.00124344591
-0.00166959222 0.0302759316
0.00884474628 -0.0208519157
-0.015695665 -0.0359091237
-0.0306522083 0.00980176125
0.0163718536 0.00651305262
0.00586228352 -0.00988968462
-0.00233184872 -0.0226755887
0.00958075374 0.0200639702
-0.00294799404 0.0149197914
-0.0139955049 -0.0338007994
0.00103030377 -0.00306202192
0.0336111821 0.0144087635
-0.0106205055 -0.00717139756
0.00954493135 0.01844953
-0.00250230217 -3.31867559e-05
0.00626459951 0.00760787493
0.012861507 -0.0345510133
0.0171769075 -0.0165782589
0.0184685271 0.00017753322
-0.00621964643 0.0184171963
0.0197069924 0.0231320336
0.00551498495 0.00460371748
-0.0166453477 -0.00971165765
0.0414611846 0.0232549272
0.0050386088 0.00176187907
-0.008514015 -0.0140640512
0.0118421316 -0.000961291138
0.00972138438 -0.0037852712
0.0317002758 -0.0236653723
0.0267138276 -0.00844610669
0.00744156865 0.0182400309
0.0101579027 -0.00419428479
0.0120317163 0.0143385092
0.0122719426 0.0145736244
0.016550364 -0.0115854042
0.0116402525 0.0106059536
-0.00692637265 -0.0131803462
0.0209893249 -0.0157507099
0.024430871 -0.0249215011
0.0153271342 0.0106236488
-0.0057386281 -0.0159306955
0.00298516639 -0.00979408715
-0.0346860848 -0.0251417682
-0.0365834162 0.0100274822
0.00281711877 -0.00183363515
0.00624116091 0.0119734295
0.00119042059 -0.00814883597
0.00539403083 -0.00355486223
0.0141309388 -0.0102093723
-0.0120765809 0.00455290917
0.0149242003 -0.0167474225
0.0146660823 0.00407991325
-0.0110903075 0.00951474532
0.0137298908 0.00991704874
-0.00337784272 -0.0194726661
0.00245797541 0.00206227368
0.00438222568 -0.0148148267
-0.00564745674 0.0282362793
-0.0319451205 -0.0121381031
0.0266377162 0.00155040424
-0.0193947423 -0.00520759914
0.00252582971 0.0136609785
-0.00325944787 0.0061255903
-0.00284918165 0.019509282
-0.0134208519 -0.000405778876
-0.00229639211 0.00149996555
0.00448614545 -0.0110449959
