1.1905654e-05 0.00209497614
0.00287265307 0.015209035
-0.00268199039 0.0117443483
-0.00858983956 -0.00802181847
-0.00440624962 0.00118314847
-0.00954754278 -0.00814511254
0.000540765584 0.00561318407
0.0130424676 -0.00828069076
-0.0048511643 0.00888878293
-0.00604619412 0.00368998921
0.00462512346 0.00945338793
0.00347265857 -0.0013574037
0.00122765603 -0.0140777268
-0.00927673001 0.0169442501
-0.000254370068 -0.00167476747
0.00648288568 0.0134454696
-0.0130887944 0.00390715664
-0.00456398539 0.0064284401
-0.0187870394 0.0172979143
-0.0125537664 0.00300099305
-0.0181518625 0.0131101804
-0.00190432789 -0.0144194383
-0.0124896988 0.00809646398
0.0026903688 -0.00226600468
0.00155461824 -0.00125229137
-0.00181088888 2.88234914e-05
-0.0244522635 0.00257500377
-0.00574202463 0.0158567913
0.000147213999 -0.0179461185
0.00108076562 0.000464978046
-0.014543673 -0.00747467251
-0.00504957139 0.0110989437
-0.00930222962 -0.00446340628
-0.00800063647 0.00410015369
0.0104191108 -0.00341548445
-0.00808588509 0.00612405036
-0.000748201564 0.00979797263
0.00872504432 -0.00345363934
-0.00566419493 0.000211148799
-0.00042217481 -0.013782491
0.000922774663 0.0030046138
0.000199723756 0.00830767862
-0.0115636438 -0.00597900013
0.000163961304 0.0108668543
0.0142147345 -0.0193268843
-0.0139617641 -0.0187167246
0.00906206574 -0.0129450029
0.00142367953 -0.00461754436
-0.00620811107 -0.0001856046
0.0193712823 0.00040159293
0.0074032261 -0.000195725457
-0.0120222177 0.00626323
0.00101109745 -0.00451397384
0.0063643395 -0.0118405065
-0.0010259347 -0.0121321687
0.00521527417 0.0208459701
0.000920931925 -0.0227546934
0.00656122854 -0.00125101965
0.0128835905 0.0150642758
-0.0068604704 0.004192797
0.00255130674 -0.00786221772
-0.0044730017 -0.000314252276
0.000592614466 0.00843060389
-0.0123586617 0.010770333
-0.00490639824 -0.00911704917
-0.00247923494 0.00718515133
0.00847217627 0.00313948654
0.0101683838 0.0115628159
-0.0138864145 0.0123421922
-0.00738213724 -0.00396110769
0.00744145317 -0.0134405335
-0.0195432343 0.00213844143
-0.00598243903 0.0167318396
-0.00153140083 0.00652434817
0.0119134858 0.00332164275
0.00450818054 0.0237526447
-0.00221565436 -0.0103167472
-0.0043758098 0.00836375076
-0.00188270654 -0.00572695723
0.0146292662 0.00190536887
-0.00420759665 0.00045737336
-0.00437929574 0.0142949065
0.00430521322 -0.00867027976
-0.000636211422 -0.00527068647
-0.000312804128 -0.0155315232
-0.0112144994 0.00356692052
0.000356290082 -0.00442192378
-0.00470380438 0.00360314338
0.0123398211 -0.00911032315
0.00666218065 -0.00276848394
-0.00134052138 0.00996792968
0.00661643548 -0.000955699303
-0.00395054976 0.00564592332
0.00953413267 0.00623958744
0.000341508276 -0.00340136932
0.00736364676 -0.0143362982
-0.0135278469 0.00800232589
0.00313528953 0.00203890051
-0.0173624624 0.0074873995
-0.0171923656 -0.0217228811
-0.000964385225 -0.0162539072
-0.00607907819 -0.02165539
0.00263478118 -0.00822158158
0.0202806033 0.0127424914
-0.00868131872 0.0044086664
-0.00594610581 -0.00110376219
0.00180638221 0.00151730224
0.00376634207 0.00792440213
-0.00130588096 -0.00312423729
-0.00248644548 0.00353318756
0.00655442802 0.00225714012
0.00785950664 -0.0202872399
-0.00939946715 -0.0050600078
-0.00257671252 0.0129181314
0.000872412522 -0.00374616054
-0.00990924798 -0.00280656526
0.00332260644 -0.0054571759
-0.00754688773 -0.00583022088
0.00773960026 0.0121221161
0.00222313008 -0.00229551806
0.00230622431 -0.00965674035
-0.0012021868 -0.0306272432
-0.000308344839 -0.00565194944
-0.0162523724 -0.0217261426
-0.00814788695 -0.0191064682
0.00229448709 0.00814208109
-0.0214111954 0.00360415969
0.0109744966 -0.0170584116
-0.0179801341 0.00549572613
0.0065314183 0.00554474583
-0.00687426189 -0.00878714118
0.00630431762 0.00822263025
0.00378981559 -0.0153324511
-0.0127819832 -0.0139186447
0.0142073669 -0.0117665259
0.0155360932 -0.0083090011
-0.002040755 0.00828014966
-0.00045384391 -0.0131687298
0.000352900155 -0.0112438509
-0.00773719139 -0.0106791109
0.0101523809 0.00368160685
-0.00460971566 -0.00414315285
-0.00193493289 0.00813358743
-0.00635777041 -0.00811937172
-0.00377107086 -0.013350171
-0.011307165 -0.00699099526
0.0119112805 0.00250009005
0.000154946465 -0.00916133542
0.00871563237 0.00429668464
-0.00306083378 0.0172617771
-0.00556498813 -0.00682690972
-0.00317230448 -0.000237323402
-0.00773898372 0.0117696989
0.0012640059 -0.0062400829
-0.00200713426 -0.00883889291
-0.000827323587 -0.0110557536
-0.0138078602 0.00112208037
-0.00859239977 0.00326203438
0.0160126071 0.00153479737
-0.00642293086 -0.00100714224
-0.0123792468 0.00994239934
0.00158705714 0.00870392285
0.016066229 -0.0107846567
-0.0137349982 -0.00307594845
-0.00214022282 0.000394746137
-0.00735059427 0.00538673485
-0.0162084959 -0.00578396628
0.00828235596 -0.00489550363
0.000734876492 -0.00462219864
0.00427139457 -0.0169414952
-0.00701859873 -0.00200179219
0.00556301605 -0.00499007525
-0.00599238882 0.00305459392
0.000799989386 -0.0102750454
-0.00952701364 -0.00667878566
-0.00941772107 -0.0120514622
0.0149016092 -0.00760516245
-0.00618436094 0.00524894521
0.00380076375 -0.00409545423
-0.00118415325 0.00380290998
-0.00171863555 -0.0118329292
-0.00492651388 -0.000502315175
0.009645137 -0.0149326334
-0.00173748762 -0.00551288109
-0.000257326581 -0.00542639755
-0.000975391595 0.00517774373
0.010783283 0.00390170631
0.00688683009 -0.000528290111
0.00184133998 0.00835408922
-0.00564196054 0.000158942392
-0.0141220065 0.00157931272
0.00731098 0.00895003509
0.00934104808 0.00115873606
-0.000560088316 -0.00348344445
0.00444924971 0.00390405837
0.00840315036 -0.00253451895
0.0070211119 0.00514394464
0.00619558245 0.0121212313
-0.00616409956 0.0065398314
0.0152235292 -0.000453435961
-0.044737488 -0.0529350601
-0.0227396451 0.00569393113
-0.00442707445 -0.0456078574
0.0335219987 0.00325693609
-0.00342404703 0.0638577491
-0.0141966175 -0.0762773603
0.0363699906 -0.00161547551
0.0293996576 0.00682242727
0.0682260543 -0.039226301
-0.0297868866 0.017757358
-0.0437896512 -0.00125263154
0.0135128945 -0.010037953
0.0267252792 -0.0451784432
-0.00771317678 0.0219499413
0.0539411269 0.037512552
-0.0183808394 -0.00634907326
0.00238719978 0.0242988933
-0.00375194824 0.0473126955
0.00239992142 0.0364414044
-0.0318803266 0.004658964
-0.00510091893 -0.0419864878
-0.0153351137 0.102459356
-0.0105030071 0.0282319877
0.00208361493 0.00856248476
-0.0346781574 0.00294421636
0.015095125 0.0131781986
0.0644234344 -0.024077978
-0.0663263127 0.0365164131
-0.0129836984 0.00874215271
-0.000899739738 -0.0117116123
0.0415079333 0.0251795482
-0.00808392745 -0.0300772507
-0.01546806 -0.0135491481
0.0274155159 0.00100107864
-0.0420809314 0.0103266649
-0.0983872786 0.0273555219
0.0299985576 -0.0184013657
0.0145022459 -0.0223296974
0.0236391835 0.0274633635
-0.0200924613 0.0046554273
0.00104288908 -0.000252537895
0.0555141158 0.0269738212
0.00853557419 0.00293080253
0.0201236364 -0.00760489376
-0.0171726383 -0.0373788737
0.0188911688 0.0466082953
0.0147768054 0.0115590012
-0.0098501686 -0.0280754101
-0.0413849354 -0.042545896
-0.00851726811 0.0122431694
-0.0414405428 -0.0140005667
-0.0286370963 -0.0319380127
0.0355550721 0.0505722575
-0.036924649 -0.000533204875
-0.0272982791 -0.0411457568
-0.00500454707 0.0483380482
-0.00416221842 -0.05736145
-0.0217676535 -0.00966712739
0.0475234501 -0.0345023349
0.0345854089 -0.0473166332
-0.00927701127 -0.0446581803
0.00652606506 -0.0141839106
-0.00247767288 0.00634556403
-0.0641480088 0.0435308702
0.0192753207 0.0150154233
0.0126843853 0.0379917212
0.0034275495 -0.00429403689
-0.0625167042 -0.046489317
-0.0240535848 -0.0156288389
-0.0267712343 -0.0220937654
0.00165119162 0.0135525102
0.0556572117 0.018493643
-0.0412854291 0.026882574
0.0155295469 -0.0409645289
-0.061212007 0.0715716928
0.00880879257 -0.0386550836
-0.0466390364 -0.0319544896
-0.0468226299 0.00508488761
-0.0158422254 0.0909597278
-0.00615608972 0.0180833973
0.0185817368 -0.0167460926
-0.050176166 -0.0128725506
0.0186701063 0.0262924265
-0.0668281689 0.0418480001
0.0661806539 0.0431920402
0.00748729659 0.00473927241
-0.021114219 0.0486277528
0.0084619578 -0.0238590129
-0.0143607892 -0.0344523117
-0.0157683901 -0.0348826982
-0.0418332778 -0.00294914166
0.014156444 -0.0643656179
0.0242559668 -0.00749349035
-0.0368848778 -0.0227297172
-0.032104969 -0.0106370505
-0.0161796547 0.0425822176
0.0188499391 -0.0126251709
0.00219379389 -0.0473767743
0.0349987596 -0.0124893794
0.0512288883 0.0294806678
-0.0277568735 0.0358176753
-0.0200169366 0.0512373932
-0.00697261281 -0.0434573591
-0.0871976763 0.00556983473
-0.0515145659 -0.0249336958
-0.00177901005 0.0255399272
-0.0224255063 -0.00178572151
0.0114266034 0.00636983523
-0.0119380066 0.00191010209
0.0268278699 0.00390331075
0.00388627779 0.0073702042
0.0324124098 0.0237972606
0.0115174511 -0.0351774842
-0.0538297445 0.0095325727
0.0294091012 0.00897754356
-0.0205700621 0.0196943972
-0.000376005948 0.0527428016
0.00248818146 -0.0154938437
0.0122985095 -0.017156709
0.0433349125 0.019601319
-0.00139169267 -0.0259417053
-0.0106065571 0.00975215156
0.0116081117 -0.037984632
0.00569260167 -0.0157155711
-0.0210983288 -0.00544547895
-0.0053050397 -0.0074399584
0.00461763842 0.0492760763
-0.0363713764 0.0543084852
-0.0219404697 -0.0498968922
-0.0143475886 0.00941684283
-0.00303132576 -0.0506974533
0.0253330451 -0.00101243716
-0.0419991165 0.0574529357
-0.0206743535 -0.0630235225
0.0358748101 0.00231232704
0.0313686728 0.0176312197
0.0726899207 -0.0149909686
-0.0234684814 -0.00437334925
-0.0260956455 -0.0203336701
0.0147282863 0.00902234577
0.0546184033 -0.0427142717
0.0106644705 0.0350759737
0.0644415468 0.0475262441
-0.0148378862 -0.0200472623
0.00477251364 0.00233276328
-0.0295964442 0.0543874875
0.00775238592 0.0330506563
-0.00436597643 0.00832908973
0.0142519129 -0.0439074449
-0.021194363 0.0776292756
-0.00202657119 0.0166916121
-0.0154529959 0.0205680616
-0.0451956205 0.0284000412
-0.00189416297 0.0331456922
0.0717434287 0.00460856454
-0.0543718599 0.0113885561
-0.00626739301 0.00565227633
0.010811476 -0.0134614902
0.0351180397 0.0357450917
0.000709009473 -0.0235670041
-0.0178465415 -0.00255133281
0.0349002033 0.0230300445
-0.0567957945 -4.79135415e-05
-0.0765022635 -0.00809495058
0.00206739572 -0.00759813888
0.033023566 -0.0407648832
0.0127761504 0.000765143661
-0.0196863078 0.000528161181
0.015336616 -0.000341925275
0.0466319174 0.0426865555
0.00303173158 0.0128635028
0.00727319624 -0.0156132961
-0.0125779705 -0.0383941457
-0.000355315249 0.0326357745
0.0199336093 0.0136469314
0.042764429 -0.0291590467
-0.026482068 -0.0442981981
0.00377324107 0.00828096736
-0.0138596771 -0.0250314381
-0.0240025427 -0.0243727993
0.017628843 0.0420270115
-0.0483600236 -0.00832717493
-0.0179404411 -0.0224042051
0.00532107521 0.00737649342
0.000790714112 -0.0497098565
-0.024600964 0.0153209288
0.0586920492 -0.0170472972
0.0230148807 -0.0141546112
-0.00200675591 -0.0358359441
0.000251734891 -0.0164724346
-0.0107831191 0.000250233163
-0.0786746964 0.0376740396
0.0116464077 0.0221348014
-0.00192180066 0.0149631919
0.0215798542 -0.0062954938
-0.0613006428 -0.0694259405
0.00200807163 -0.0325263813
-0.013749266 -0.0198895317
-0.0175077878 0.0100771002
0.0445524864 0.0522181094
-0.0604639575 0.0173031073
0.0112621225 -0.0403566435
-0.0648834035 0.0502891578
0.0216897354 -0.0444255583
-0.0287152641 -0.065116927
-0.0354769453 0.00479847705
-0.0444618538 0.090250887
-0.0128065012 0.0415564813
0.0172110666 0.000914866454
-0.0548131205 -0.0238585174
0.0333558321 0.0267735589
-0.0666287467 0.0356947742
0.0640670881 0.0462563857
-0.00246127578 0.00795141328
-0.0205998868 0.0248349179
-0.0204164516 -0.016741313
0.0128440605 -0.0136658447
-0.00283929147 -0.0456496328
-0.0113330949 0.00526182866
-0.00566243287 -0.0523704626
0.0122041386 0.00349196512
-0.0527187698 -0.0440010801
-0.0456748568 -0.00865897723
-0.00857246201 0.0319457538
0.00501192827 -0.0108911963
0.0254653227 -0.0483745858
0.0501766838 -0.0200730581
0.0416337997 0.023420278
-0.0527998656 0.0263056532
-0.0342304185 0.0390191227
0.00116122153 -0.0459855795
-0.0874464065 -0.00653837854
-0.0444286987 -0.0407184325
-0.0271930918 0.0249968078
-0.0345192887 -0.0130411796
-0.00473380741 0.00768388156
-0.0137836104 0.00853314064
0.0337292776 0.0325888656
-0.0186584834 0.0160510633
0.0308837201 0.00782181323
0.0162342042 -0.0367135294
-0.0491535738 -0.0222524628
0.0374165885 0.0173960626
-0.03217173 0.0190053433
0.0191178266 0.0639874041
0.00132899033 -0.019214429
0.0300924238 -0.0169861987
0.0308331009 0.020069493
0.00757800415 -0.0335198902
-0.013171481 0.0100732418
0.00416389573 -0.0451921038
0.0190149508 -0.0154470112
-0.011490819 -0.0122059397
-0.0205082297 -0.00515296729
-0.00137132767 0.0447092652
-0.0270186514 0.0391947813
-0.00723202154 0.00568179088
-0.017787965 0.0311105177
-0.0135020604 -0.00585393514
0.0236335341 -0.0447173603
0.0751155987 0.0176407564
-0.0061545819 -0.0619573742
-0.0895375311 -0.0618545115
0.0522277392 0.0481933393
0.0216234103 -0.0183553379
-0.0536518209 -0.0831579342
0.01911892 0.0237344652
-0.0259168278 0.0537025779
0.00886297226 -0.00458313106
0.00750947138 -0.0418259203
-0.0372767858 0.00152835075
-0.0130800204 0.0180470813
0.0426436216 -0.0293222964
0.0353976674 0.0439207442
-0.0138584431 0.0192121528
-0.0265984926 -0.0069130999
-0.0196359884 -0.0180494078
-0.00313902902 -0.0458539501
0.0317825601 -0.032682091
0.0497137681 -0.0681599006
0.0733128563 0.0191434734
-0.00532637024 -0.0120522883
0.00587435532 -0.0190587323
-0.000520274916 0.0466149636
0.0624647588 0.0134656262
0.00583358062 0.0624325797
-0.0230187848 -0.0249051116
0.0133549012 0.0380713679
-0.000795753731 0.0728868917
0.0165695455 0.0331086442
-0.0267175604 0.0785570145
-0.0706733093 -0.0247888882
0.00771004008 -0.104850382
0.0331609659 0.0168890115
0.0321301371 0.057647232
-0.0213516522 0.0426653512
0.0605646372 0.0621173158
0.0337608047 -0.0345282666
-0.0102161178 -0.0617312007
-0.0149867805 -0.0252477638
-0.0285782833 -0.0431797244
-0.0266045481 -0.00166624621
-0.0272337794 -0.00206665695
0.0231286418 -0.0574271828
0.0792993605 -8.21622089e-05
-0.03694354 0.00736377342
-0.0274617244 -0.0556344762
-0.00664397981 -0.0858158469
-0.035467498 0.0151223736
0.0463008657 0.0550606027
0.0072324099 0.033371035
0.0373268165 0.0497798435
0.0622211844 -0.0360690765
-0.108965874 0.0418164171
0.0127254976 0.0232368801
0.162897319 -0.0454474501
-0.0046171397 0.0395732783
-0.0683000535 0.0119236279
-0.0398991704 -0.0475140661
0.00781935547 -0.0500100218
0.132162899 -0.0188981201
0.0375982709 -0.0103873527
-0.0560798347 0.0413588025
0.0409716442 -0.00562277716
0.0241187327 0.0215444285
0.0271370392 0.0635467768
0.0375275649 -0.023772398
0.0432705395 -0.00216729403
0.0911138207 0.0177892111
0.0017324324 -0.00484854914
-0.0388869271 -0.0373867117
0.010468184 -0.00332733849
0.068326816 0.0285023414
0.0752807483 -0.0791866183
0.00610091351 -0.023955144
0.0126040364 0.00916439202
-0.0229977686 -0.0129629485
-0.0265430007 -0.0679561496
-0.00201411382 0.0391957015
-0.0610660687 0.0591355599
-0.0290400796 -0.0664089769
0.0557710081 0.0287527554
-0.0346755572 -0.00473650079
-0.0722635314 -0.019964844
-0.0672377273 -0.01713036
-0.0773090199 0.0296773892
0.055608049 0.11909052
0.00788677391 0.0177127663
0.0161041822 0.00246345811
-0.0191760678 -0.0048964154
-0.0555297025 0.0168387797
0.0333163254 0.0295076482
0.000686621235 -0.0735500753
-0.00694590528 -0.0080951741
0.0457698815 0.0769430846
0.000389952969 -0.00855270214
0.0536354706 -0.0279555488
0.0127061969 0.0201314222
-0.00799802598 -0.0403379202
0.0285863895 0.0405097902
-0.082119666 0.0874140635
-0.0907105356 -0.0368195176
-0.0328673646 0.0368773006
-0.0212770067 -0.00195760722
-0.0109114666 -0.0392740779
-0.0256994572 0.00893582404
-0.0221037455 -0.0236885455
-0.0499461368 -0.0147882327
-0.0431140773 -0.029306259
-0.0539919138 -0.0684455037
-0.00572267314 -0.0500244386
0.012606618 0.0947354734
0.0366262086 0.0774674118
0.029458411 0.00557543291
0.0430842042 0.032033056
0.0481452793 0.0195840094
-0.0344178379 -0.0424621888
0.0656623393 -0.0839604884
-0.00780051667 -0.0326352119
-0.0892382488 -0.0364881717
0.0418996923 -0.0150412731
-0.0599682368 0.0907663107
0.0507923961 0.019273242
-0.036671076 -0.00660435483
-0.00815790705 -0.00897361804
0.0357947499 -0.0882647708
-0.0729358345 0.018152263
0.0813325495 0.0749739781
0.082583122 -0.0522891469
0.0835955217 -0.0233175904
-0.0268120524 0.0132214697
-0.0710684806 -0.0502701364
-0.0459697247 -0.0130114621
-0.0706779137 0.00718876207
0.0324293748 -0.0496135764
-0.025580138 -0.0449936502
0.0387498066 0.0234567076
-0.0168891847 -0.0397398509
-0.0389490426 0.0124870827
0.0361776203 0.0740501434
-0.0428829789 -0.0629564002
-0.000456606067 -0.0643093735
-0.0505567901 -0.0502981469
-0.0514167063 -0.0372275002
-0.00364513113 -0.048455175
0.00341881323 -0.0259580761
0.0581248403 -0.0172330979
0.0467423387 -0.0601929054
-0.0873907506 -0.0417678319
-0.00280999113 -0.0259553622
0.0582188368 -0.028851347
-0.0942796469 -0.0197237544
-0.0540804043 0.0424005762
-0.0141485212 0.0678650439
-0.0207778364 -0.01747155
0.00927626155 -0.0247311927
0.0453282073 0.0656702593
0.00726285996 0.0243607406
-0.0518286675 0.0385767817
0.0124049746 0.0582676008
-0.0136298686 0.03403477
0.0217261985 0.0300701074
-0.0226595439 -0.0135990586
-0.0348525494 -0.0149347568
-0.00303091295 -0.00422269246
-0.0596244857 -0.0107559795
0.0247851703 0.0112070115
0.0199363269 0.0548101664
0.00321605778 0.0452753007
0.00893991254 -0.0395181105
-0.0439715125 0.0343365557
0.0275607202 0.0328722894
0.0290286373 -0.0793320984
0.0110501377 -0.0181107279
-0.0230961721 -0.0518678352
0.0251692571 -0.0531687997
0.0227796771 0.0131785292
0.0424714573 0.0364850909
0.0390386954 -0.011211656
-0.0578337759 -0.013917922
-0.000823288632 -0.0157754067
-0.0119314184 0.00906520523
-0.0351820886 0.00964855123
-0.032574892 -0.0156412683
0.0011844635 0.0138043966
0.0237060133 -0.0467287973
0.0138996672 -0.0166477766
0.0123812472 0.00646886369
0.0232571233 0.00473850267
-0.0149180377 -0.0487878062
-0.0248459689 -0.0279806145
0.0210527927 0.0278117489
0.026315283 -0.041863367
0.0375454165 0.0530252531
-0.0372943506 0.0218980834
-0.0132204685 -0.0605333261
0.0406204201 0.0365277156
-0.0843625739 0.0117745418
0.0205370914 0.00388368382
-0.0223115217 0.0155060533
-0.0237096362 -0.0223591086
0.0465988256 -0.0369060636
-0.00178275257 -0.0206096768
0.0461515263 0.0140361469
-0.0252768863 0.0109104011
-0.0241852105 0.0483594015
0.124368772 0.021306077
0.0339294076 -0.031829033
0.00911394693 -0.063850835
0.058269769 0.0286732465
0.0775379166 0.00794769824
0.0273761004 -0.0345195532
-0.0235928856 -0.00401933258
-0.0181397907 -0.0125174038
-0.0348833688 -0.0446700118
-0.0204278659 -0.0268785432
0.0227783564 0.0783651769
-0.0544949137 0.0037839599
-0.0291130226 -0.00473892363
-0.0254684966 -0.0531824939
-0.0117017925 -0.0409521833
0.0583604015 0.0983025059
-0.0188054554 -0.0306043886
0.0278812964 -0.0438448489
0.00716287084 0.00381478132
-0.0210356265 -0.0193110444
0.0681413859 0.0614368692
-0.00598946353 -0.0375502557
-0.0384441875 -0.033572197
-0.0535106808 -0.0102257691
0.0535822362 -0.0293042604
-0.00688714581 0.00393910054
-0.073008962 -0.032559
0.0612045228 0.0368573442
-0.0189925525 0.0557972528
0.0101834564 0.0746719167
0.052445665 0.0776375681
-0.011597625 -0.0221703313
-0.0519944951 -0.0367384739
-0.007179779 0.0426366255
-0.00557865528 0.0606852137
-0.0832204595 0.0340115316
-0.051161401 -0.0413089506
-0.0218837094 -0.0302612893
0.0032882269 0.0642448291
-0.00100093265 0.0380024537
-0.00227433653 0.0475776009
0.0543659665 -0.0180338696
-0.0106069436 -0.0242577121
-0.00946887769 0.0689386874
-0.0462083742 0.016937919
-0.0899188071 -0.0181991979
-0.0019502542 -0.0169751402
-0.0151909664 0.0315192454
-0.00851287972 -0.00274654385
0.0315863416 -0.0139395399
0.0503897369 0.0234783143
0.000773651293 -0.0322742388
-0.0582637936 -0.0795499086
0.0366934985 0.0570026115
0.0180285759 -0.0254501738
0.000287293427 -0.101842344
-0.00970172882 0.0299995951
-0.0370926261 0.0641529709
0.0198442377 0.00750011299
0.0201644339 -0.0284187179
-0.0200610235 0.0117973182
0.00388792297 0.0047093383
0.0352856405 -0.0328136943
0.0353452675 0.0387547314
-0.0222571529 -0.00382336508
-0.0195966102 -0.0118247867
-0.00777199771 -0.0114926733
0.00332371681 -0.0403967649
0.0124759907 -0.0179476999
0.0528675504 -0.051911585
0.0512792282 0.0513976179
0.00337913982 -0.0177860446
-0.0171608105 0.000326016016
-0.0305167027 0.0548831038
0.0171816107 0.031762328
-0.0193393473 0.0707650855
-0.0178253725 -0.0295165777
0.000532116508 0.0526733585
-0.0288858898 0.0089901071
0.0470624343 0.0204042066
-0.027733501 -0.0480272397
-0.0880589187 -0.049599763
0.0159667488 0.0434071459
0.0783300102 0.0476402417
-0.0113804676 -0.0627882853
0.0128048602 -0.0176048279
-0.0216586534 0.0167051628
-0.0326410681 -0.0347462855
-0.0116469637 -0.0252109282
0.0325216986 0.00773715414
-0.00156764349 0.0627853796
-0.0650860742 0.0320438892
0.00677740062 -0.0501231924
-0.0242699832 -0.0503897779
0.068648003 -0.0238792282
0.0216575377 0.0116318781
0.0201078337 0.00531649683
0.0395862013 0.0819879696
-0.0339936651 0.0288859382
0.0839717537 -0.0382373966
-0.0401136428 0.0738970488
-0.0568429977 0.0159311853
-0.0042225169 0.0533337034
-0.0196161941 0.00775760086
0.00991121121 0.00972642004
0.00761057809 0.0401356295
0.045506876 -0.00539893098
-0.0858870372 -0.00745379832
-0.031268619 0.0122842183
0.0342350788 -0.0182983205
-0.0216397773 -0.0342511609
-0.0252899006 0.0375442319
0.0208941698 -0.000349994516
0.00809296221 -0.0699300468
-0.0171063747 0.0304232985
0.0351868868 0.0231909752
-0.0280479379 0.0275213216
0.0176644437 -0.0043496904
0.0556367524 -0.0183956809
0.0298718531 -0.071759738
0.0919226259 -0.0274399109
-0.0797243491 0.0495035946
0.024871571 -0.0184967369
0.059107352 0.0854156911
-0.0172058046 0.0268214531
0.0149863977 0.0290495642
-0.0459316149 0.0580925755
-0.0586538166 -0.0436456315
-0.0598352328 -0.0385764651
0.0344648324 -0.0457718745
0.0544674173 0.0211572126
-0.00699948752 0.0417807661
-0.0187465474 -0.0225569438
-0.0476960987 -0.0492046848
0.034690205 -0.0113800727
-0.030427549 0.0122322701
-0.0709427521 -0.016323477
0.0131245703 0.0782152861
0.0398511551 0.0417925306
-0.0288510527 -0.100043274
-0.0288876314 -0.0477973595
0.0232938938 0.0204007421
0.00832745899 -0.0348559022
-0.0236623827 -0.0296441056
0.0212293416 0.0156644508
0.0059668757 -0.0590434
-0.0278065354 0.0248878486
0.0858310834 0.13557899
0.0474083833 -0.00797704794
0.0189692881 -0.00824739132
0.0616180375 0.00454882579
-0.0033340985 -0.0620598346
-0.00290345028 0.00192941772
-0.00702322461 0.0758302137
0.034401577 0.0240162704
0.0871988311 0.0198952891
0.0456062816 -0.0357262827
0.0287521724 0.00205465965
0.0258140434 0.0717819184
-0.0203253049 0.0307376944
0.0805063993 0.0105451457
0.00724468427 -0.00842698477
-0.0304172114 0.00419125333
0.0348581262 0.00014832466
0.0328238569 0.0333017372
0.0836641118 0.0162357651
0.0120578222 0.0238935314
-0.0409045741 -0.0250267312
0.0899576768 -0.0778440312
-0.0131452698 -0.0417807475
-0.0408025756 -0.0900653005
-0.0204943009 -0.0212981422
-0.0164080542 0.0549176633
-0.0161654707 0.00049921812
-0.066102393 -0.0040148925
0.0067341947 0.0272779837
0.0362517387 0.00408700202
-0.0223792363 -0.0482153781
-0.00602359604 -0.023626918
0.0331458151 -0.0772845075
-0.037829522 0.0599315763
0.020009093 0.0672849342
-0.0206060112 -0.0875415653
-0.0925913826 0.00902497768
-0.029253576 -0.00390830031
-0.080964081 -0.00127989217
-0.0476421081 -0.0155130597
-0.0117595596 -0.0339900479
-0.010981041 0.0828258023
0.01866615 -0.0254249759
0.0797530562 -0.0637688786
0.0119186267 0.0244132038
-0.0109220324 0.00621797144
0.0344932191 -0.0787806064
0.00725754304 0.0236040559
0.013223445 0.0644619763
-0.022595793 0.000735527719
-0.0198392365 0.0294737145
-0.0512780175 -0.0465103127
-0.0225763563 -0.0196067225
0.0240430627 0.079338409
-0.0746860653 0.0230480786
-0.0508538336 -0.0245683081
-0.0176798012 -0.0118379481
-0.00853959192 0.0335575975
-0.057149522 -0.0335468873
-0.0761979297 -0.0895100906
0.0228793379 -0.0360642709
0.0235066954 0.0158338938
0.0516932197 -0.0310861729
-0.0486579388 -0.00974911917
-0.00424477505 0.0228529163
0.0840089172 0.0635757223
-0.0368520953 0.0890407562
-0.0447207689 -0.0161249358
-0.0921883583 0.0166159663
-0.0177930109 0.00203980203
0.0275075566 -0.0320683159
0.00529688923 0.00320124859
0.0355674252 0.0116140088
-0.0346723758 0.0546268784
0.0222167782 0.00904203672
0.0326902382 -0.0244081672
0.0435810052 -0.0136302495
0.0296780542 -0.070028238
-0.042952206 0.00583616272
0.0323883221 0.00635716412
0.0216346048 -0.00928260572
-0.0303825941 -0.0585963167
-0.00990917534 -0.128185228
-0.0294163134 -0.00251020445
-0.0224799812 -0.00837230682
-0.0315898955 0.00471831625
-0.0100013744 0.0380383432
-0.00995195191 0.0275446456
0.00648520747 0.051876124
0.107474692 -0.00863018259
-0.0102395685 0.00737265451
0.0193845984 0.0332618542
0.017313024 -0.00264442828
-0.065688476 0.0567598231
0.0347921662 0.0295349918
0.0289894585 -0.0182694197
0.056065619 0.0281343367
0.0209503267 -0.0239172857
0.0295985192 -0.00734955864
-0.00495785754 -0.0200605728
-0.098837249 -0.0886437371
-0.0204763804 -0.0500346273
-0.0197533388 0.00979215931
-0.00822781958 0.0272766892
0.0399618037 -0.0177275669
-0.0927721038 -0.013723555
-0.0541064441 0.0104072513
-0.051527787 0.0297787059
-0.0121441437 0.0301665012
0.0661147982 0.0108191827
-0.0310818329 0.0369902588
0.00962047372 0.00751541788
-0.0553025566 0.00499602966
0.00726970052 -0.00823710766
0.0496483371 -0.0756433904
0.0208401214 -0.0374490358
0.0847476795 0.0107839098
-0.013897825 0.116172329
0.00828633737 -0.0129891038
0.0225967336 -0.0660691038
-0.0520846695 0.0457773171
-0.0142802736 0.0243852567
-0.0507446751 -0.0170024317
-0.0427631587 -0.124745712
0.00208261609 -0.0545676723
0.0154776825 0.03324797
0.0138392895 -0.0284101218
0.0186585635 -0.0359879658
0.0709065571 -0.0361997001
0.0399217494 0.0513238162
-0.023365546 -0.0201560482
-0.0227866694 -0.0611135326
0.0497699641 -0.00462944061
0.00729442807 -0.0278496258
0.0314782113 0.0291034263
0.0197473746 0.0197164267
-0.0931432098 -0.0155759715
0.00580514502 -0.0168567393
0.0204118919 0.0375219584
-0.107573032 0.018814655
-0.0289719179 0.00543922046
0.0589637943 0.0444385223
0.0147358915 -0.0299216434
0.0377280228 -0.020200951
0.0360925198 -0.0629925504
0.0135326432 -0.0234050937
0.0523021221 -0.0579321235
-0.0417525955 -0.0554660186
0.0362806953 0.0707316324
0.0544125699 -0.0161311217
-0.0764362216 -0.0276279468
-0.0143916635 0.00609675795
-0.015603506 -0.0405482687
0.00462086266 0.02808824
0.0116863633 0.0278294403
0.0145924874 -0.0263956971
0.032447271 0.0071800882
0.0494916141 0.0258883685
-0.0032778054 -0.00905039348
-0.0383238085 -0.103747785
-0.0103254719 -0.0347490422
-0.0949353501 0.0105767539
0.00363478507 -0.0253809392
0.0214790646 0.00970792584
-0.0394258164 0.0767289922
0.0197499059 0.0499211699
-0.00710923644 0.023535043
-0.0129790734 -0.0444903187
0.0106368419 -0.0340600349
-0.0170679335 0.0618251413
0.0263976436 0.0189570729
0.0619818531 0.0610596314
-0.0280935094 0.034021318
-0.0569780804 0.0250511635
-0.0272416472 0.0855653211
-0.0039038118 0.042744223
0.0772694051 0.0443087481
0.0090690311 0.025274327
-0.0453080907 -0.0319376402
-0.0346876793 0.0486982539
-0.0484228954 0.00281099533
-0.0231956616 0.0435291193
0.0488832109 0.141554177
0.0347071551 0.00680375053
-0.0365360714 -0.0384240597
0.00651111221 0.0436603092
-0.0203365143 -0.045517385
-0.0226723459 -0.0183697157
-0.0111937402 0.0353188552
-0.0308066607 -0.0653000921
-0.0676289275 -0.0611641221
0.0188488793 0.0509495102
0.0546693578 0.0747328773
0.0192078743 -0.0565380789
0.0302041583 -0.0232490785
-0.0308046546 0.0100119719
0.0129647143 -0.0511002652
0.00161481847 -0.0241817571
0.0431851372 0.0137528973
-0.00761878071 0.062862508
-0.0542298257 -0.0102770133
0.0200998317 -0.0705600977
-0.0228084419 -0.0722094327
0.0838002861 0.000996897812
0.00540088816 0.00879297033
0.0315952785 -0.00795271154
0.00172017922 0.102842487
-0.0337881185 0.0193911772
0.0717515051 -0.0278074089
-0.065213643 0.0387130789
-0.0702926442 -0.0108186342
-0.014557614 0.0108975591
-0.0311528295 0.00164345861
0.0313864797 0.0196038522
0.00554899219 0.0316322334
0.0473900698 -0.00037593834
-0.0564815365 -0.0350218117
-0.0100835208 0.00443146611
0.045161441 -0.00688979309
0.0617194436 -0.0326875784
0.0360751003 0.00749191316
-0.058813028 0.0374576561
0.0723917559 -0.00828095805
0.0299618747 -0.0182783268
0.0673750862 -0.0268692058
4.83737749e-05 0.0247223899
-0.0370366573 -0.0235843044
0.0339253768 -0.00977899786
-0.0221173074 0.00849221926
0.00758689409 -0.0102197863
-0.0334710963 0.0230076015
-0.0162448175 0.018910354
-0.00696452241 0.0497516245
0.0354207866 0.021811381
0.0550120547 -0.066203326
0.000846235489 0.0661216676
-0.0099335704 0.0101798335
0.00655996101 -0.0411677919
-0.00564093748 0.0498267561
-0.0554314516 0.00883507729
-0.0246983878 0.0271637291
0.0422619209 0.0215233173
0.0417978503 -0.00947656762
0.0836273879 0.0142683815
0.0645873398 0.0357950628
-0.0874528736 0.0687153339
-0.0189682953 0.0437626205
0.0477350131 0.031266205
0.0307912882 -0.00557942083
0.0139848925 -0.00217514951
0.0357725732 -0.0360018536
0.0632611066 -0.00325007271
-0.00334107946 -0.00192613399
0.00612163544 0.00413739495
-0.0153160477 -0.00588059332
-0.0474458039 -0.053167399
0.0161580592 0.0562956631
0.0684327558 -0.0268043969
-0.0128709674 -0.0888331458
-0.00449636439 0.110928945
0.0725263581 0.0390382744
-0.0323814861 0.0155622587
0.011520952 0.00304494216
0.02057142 -0.0668360963
-0.0303725172 0.0502167717
0.035205666 0.0604049228
-0.0250375569 -0.0927134752
-0.0466434211 0.0212530009
-0.078659758 0.0347345769
-0.0347685665 0.0163009204
0.0377131067 0.0607932843
-0.0226809438 -0.0133834928
-0.0362555869 -0.012331441
-0.0403532088 -0.00978941843
0.020675825 0.0105934571
0.0169681609 0.044768855
-0.031090932 -0.0290292185
0.000190068808 0.0599346347
-0.0409578346 0.000134228219
-0.0730085149 -0.0433145165
0.0125647709 -0.017225014
0.0241761301 0.00238747615
-0.0196238048 0.0186841097
0.0223009586 0.023791099
0.00731054042 0.0567276031
-0.0415465645 -0.0531413294
-0.0725315958 -0.0363666713
-0.00481311698 0.0402273759
0.00303774839 0.0423982851
-0.0283818394 0.0126919486
0.055536855 0.00467292359
-0.0464226492 0.0529370345
0.0531544499 -0.0541022681
0.0965944901 -0.0401655585
0.0177340265 0.0322891511
0.00129647669 0.0538795404
-0.0594993643 0.0103982789
0.0163419787 0.00681582745
-0.0170716029 0.0269644484
-0.0028008318 -0.000455015077
0.00242596352 -0.022464091
-0.0706782788 -0.110456884
-0.00261439011 -0.0291494243
-0.0657350197 0.0091970684
-0.0039352295 -0.0798601434
-0.0196676403 -0.0193731841
-0.0537655465 -0.0096762022
0.069269672 -0.00354642351
0.0231789295 -0.018810166
0.0920904577 -0.00147916144
0.0444205217 -0.0205989797
-0.0443371348 -0.000111018686
-0.0134417871 0.00625078008
0.00526423706 -0.00666003861
0.0383832902 0.0503296144
0.0431569479 0.00205283193
-0.00385373854 0.0302253459
-0.0264232364 -0.0149401957
-0.0461598523 -0.00284100999
-0.000247517019 0.000392191607
0.00530490419 -0.0849687532
0.0323318802 0.00338403624
0.0316294059 -0.0485861748
-0.0307662245 -0.0388620272
-0.00669784145 0.0077464967
0.0182026532 -0.00125938421
0.00810863357 -0.0200214945
-0.0562075488 -0.0263417345
-0.0588318296 0.0589450747
0.120916039 0.0162473414
0.029032832 0.0154155903
0.0352495648 -0.0361495279
0.107908458 0.00544611923
0.0106050624 0.0150903203
0.0612231381 -0.0438052602
0.0704825521 0.0438433103
0.0248877387 0.000545723073
0.0165989604 0.0783888102
-0.0752788112 0.00076730689
-0.0477086455 -0.130069941
0.0282373261 0.0440870449
-0.0489883013 0.0187543482
-0.0308357943 -0.0462993979
0.0788601488 0.0505060367
-0.00505000353 0.0145622045
-0.0583077371 -0.0171189886
-0.0166289061 0.0515719503
-0.0206601508 0.0530955009
-0.0813393667 -0.00159448327
-0.0451761484 0.0505816378
0.0372855924 0.00899865106
0.0152401887 -0.0557006001
-0.0880835801 -0.0225399006
-0.0426940732 0.00853898562
0.0512997583 -0.0532463379
-0.0575436838 -0.0953716934
-0.0523717031 0.0228266548
0.0228598528 0.0469827279
0.015441047 -0.0148784276
-0.0193909276 -0.00569724338
-0.0236887708 0.0125277564
-0.0274335016 -0.0220644549
0.0165468492 -0.047896564
-0.022552846 -0.0462240204
-0.0723419487 -0.0613046549
0.0515212305 -0.0729102492
-0.00590784941 0.00158515351
-0.0217457041 0.0544070862
0.0318718478 -0.0284078028
-0.00082321529 0.0669311732
0.0710623786 0.0174878985
0.0630931556 -0.0660970584
-0.0264059044 0.0164001416
-0.0491994955 0.0386568941
0.0274001881 0.00671692472
-0.0596934706 -0.0113606993
-0.0516495965 0.0245234054
0.058006689 0.0432965606
-0.0224765465 0.0797064006
0.0386514775 0.00399712846
0.0557932556 -0.0440924168
-0.00336928922 0.0693446323
-0.0375779271 0.0157824419
0.0377131402 0.0215193592
0.0577552058 0.0279994253
-0.0159781277 -0.00923251919
-0.0187819339 0.00302965613
-0.0817155913 -0.0784062967
-0.0215750858 -0.0190450214
0.0217450988 -0.0429361723
0.0288426839 -0.0338561572
0.0151391951 0.0209453329
-0.0602639318 0.0376782902
0.0339356884 -0.00846392009
-0.0110856388 -0.0895337909
-0.0118054915 -0.0204996392
0.0406112634 -0.0181537811
-0.0255934019 -0.0332740545
0.0329173207 0.000577106606
-0.0058867652 -0.00177579606
-0.0143319182 -0.0278031118
0.0480196625 -0.0230288319
-0.0311672855 0.0338908732
-0.035265509 0.0472049415
0.0036468294 -0.00191553461
-0.00862056576 -0.061391864
0.0255016088 -0.0371852852
-0.026685914 -0.0745051056
-0.0520742387 -0.0587379336
0.0808691829 0.0463537611
0.04570508 -0.0205129161
0.0247992594 0.00301214191
-0.0497883633 0.0188853405
-0.0464749783 0.0246696826
0.0325505659 0.0700171366
0.011629357 -0.0301384181
-0.00919242669 -0.0607468113
-0.0492992662 -0.116380356
0.0237718467 -0.066413641
0.0137804085 0.0543927141
-0.0641890392 0.0149691682
-0.00152625225 -0.00830662716
0.0364806056 -0.0111455871
0.0286650825 0.0194961801
-0.00718951784 -0.00157607009
0.0208862554 -0.0464622192
0.0988748819 0.0344696343
0.141867056 0.0668732375
0.029843431 0.0455161184
-0.0382350273 -0.0051956214
-0.0160332918 -0.0499332286
-0.0379905477 -0.0277656596
0.0349972919 0.0148270773
-0.0105112111 0.00705321366
-0.0224672463 -0.0461390056
0.0491170734 -0.054665152
0.0117357923 -0.0488908254
-0.0563680232 0.0090521602
-0.0114833424 0.0067988988
0.0228856914 -0.0280371979
0.0278747585 0.023729898
0.0355624221 0.00287215458
0.0187542792 -0.0609697811
-0.10424 0.00866312627
-0.0125337718 0.0982129127
0.109279133 0.029451387
0.00102438126 -0.00757185137
0.00624359772 0.0129287047
0.0253726523 -0.020042859
0.000325637113 0.00780070527
-0.0425099395 -0.0163980685
-0.0344419368 -0.0611904711
0.0515122041 0.0191262159
-0.0419166274 -0.0798877552
-0.026930226 -0.0706984773
0.0109346574 0.0213481206
-0.101073645 -0.0186113603
-0.0809872523 -0.0487954654
-0.0342759714 -0.0113347527
-0.0313452706 0.022414906
-0.0214791019 0.0594068058
-0.024972856 0.0178481396
-0.060126178 -0.00825750921
0.0387594104 -0.0236996412
0.0614975207 0.0168181844
-0.00462890649 0.0377310254
0.0585277043 0.0386584513
-0.0468804836 0.0255840532
-0.0520780571 0.00283599808
-0.0281701107 -0.0206671916
0.0236151163 0.0308446568
-0.0233379528 0.119305246
-0.0264356285 0.0840657055
0.0546485409 0.0615698285
-0.0766488463 0.0108393077
0.0542093553 -0.00998466741
0.0364780799 -0.00156088849
-0.0732515901 -0.0110329688
0.0757309869 -0.00124818238
0.0251450464 0.00594416074
0.0711485296 -0.00353453332
-0.0244050939 0.0295157284
-0.0450545996 -0.0261383932
0.0108032636 0.00925236568
-0.00478564017 0.011769088
0.0254226383 -0.0248860773
-0.0414048918 0.0287407655
-0.0115854787 0.0168991312
0.0044846572 0.0390098728
0.0614065006 0.0308768377
0.0508699231 -0.0392280035
-0.0314916521 0.0809538439
-0.0053252303 0.00371512864
0.00917330571 -0.0360870101
-0.0116908858 0.0135308979
-0.0507289544 -0.01784149
-0.0452073738 0.036601074
0.0379986875 0.0415938273
0.0152776595 0.0142669072
0.0757217705 0.0143086985
0.0388575457 0.0722149089
-0.0948504433 0.0395704284
-0.0154097928 0.0339121148
0.042633798 0.0381827988
0.0389998443 -0.0168559961
0.0453019552 0.00721932529
0.0514186099 -0.005732588
-0.0438325703 0.00468946109
-0.0409229882 -0.0853990689
0.025531847 0.0133153889
0.0336554237 -0.0782753155
0.0376653709 -0.0549176149
0.00334146526 0.0375064649
-0.0230950229 0.00263484311
0.00714965351 0.00216615153
-0.00733853318 -0.00910656061
0.0187517889 0.0871650055
0.0271275211 0.021650346
-0.0190615244 -0.0118214227
-0.061890021 0.0247941185
0.0170988832 0.00208354974
0.0582939982 0.059953168
-0.000365765794 0.0730380341
0.00843671802 -0.0108061489
-0.00558704976 -0.00350089138
0.00604891963 0.0149756251
0.0296582822 -0.00407730974
-0.0260018744 0.0352809988
0.0129281208 0.0653384551
0.0674261823 0.0199112743
0.0161462985 -0.047722932
-0.000313621218 0.00330172409
-0.0138480924 0.038664449
0.0143140107 -0.0358660109
-0.0325975716 0.0463427454
-0.029174041 0.0432239473
-0.00944530964 -0.0461594313
0.0436341874 -0.0192016829
0.0134078246 -0.0244667325
-0.0332145691 0.0468385331
0.00719963852 0.0345662571
-0.00719887344 0.00897461269
0.036584232 -0.019034965
0.00129250507 -0.0216770619
-0.0943919867 0.0296885408
0.0139819561 0.0883019194
-0.0198108982 0.058765661
-0.0338892043 0.0307079833
0.0985219106 0.00255183852
0.0847249776 0.0279092174
0.0277395863 0.029899247
-0.0135465059 -0.00375835598
0.115720786 0.0777387768
0.0114236185 0.0466035493
-0.0987599492 0.0176740605
0.011784737 0.0386888161
-0.0233636964 -0.0466744676
-0.076431714 -0.0663760006
-0.0477974378 0.0105151115
0.0163726285 0.0419782437
0.00448437547 0.00880103745
-0.0356784239 0.0995496511
0.00430257013 0.0806040987
-0.00959761348 -0.00331821572
0.0429776721 -0.0542664826
0.0827744529 -0.0433529317
0.0227338411 0.0595703088
-0.0188801885 0.0231378023
0.00122025039 -0.0323355943
-0.0223981366 0.00575233437
-0.0206627138 0.00367050897
0.0327292718 0.0335089527
-0.0353900492 -0.0201719161
-0.0403801575 0.0204340052
0.0583264865 -0.0511528216
0.0142886313 -0.0425272472
-0.0863848478 0.000177517213
-0.00137220684 0.0425960757
0.0245465301 0.0617867708
-0.0507001877 -0.0195615049
0.013274679 -0.0315689109
-0.014253973 0.0400877297
-0.0372821689 0.00425233273
0.0283720046 -0.0335492492
0.00154114573 -0.0334889889
0.018017007 -0.0053439606
-0.0625474006 0.0616828874
-0.0301409736 0.0323313586
-0.00342369941 -0.0625057817
0.0144443335 0.0160848629
-0.00190455129 -0.0255992599
-0.0954464078 -0.0186569635
0.0711444318 0.0159494616
0.0175075177 -0.0324752294
-0.0808530152 -0.0320257433
0.0526016019 -0.0156300571
-0.0212308038 -0.0225313045
-0.0331527442 0.00279540778
0.0329037979 0.0897661597
-0.00085051317 -0.0394488573
-0.0587864444 -0.0258358493
-0.0467810966 0.0506584868
0.000229350175 -0.0392677374
-0.062981829 -0.0077461442
-0.0200534537 -0.0736269504
0.0827801451 -0.00467442581
0.0603238009 0.0634364337
0.0198176522 0.017060807
-0.00306563964 0.0179706793
0.035972137 -0.00794934109
0.0858835652 -0.00645700935
0.0968395695 -0.0879952386
0.0637510717 -0.0100881252
-0.0668422282 0.0251627509
-0.0775258914 -0.00666829711
0.0359132737 0.00610587792
0.0439335816 -0.0236490779
0.0335983671 0.0281673931
0.0285539702 0.0524547696
0.0032543093 0.00360689149
-0.0323452502 0.0039962437
-0.0459555387 -0.00630326988
-0.0212991908 0.00127914967
-0.031001782 -0.0116589991
-0.0646008179 -0.0412262604
-0.0188154411 0.0301395897
-0.0117421914 0.0320926234
0.00870824046 -0.00939263776
0.0521450341 -0.124721184
-0.0536898486 -0.047053162
-0.0211813152 0.0895832255
0.0520601831 0.0143074449
0.00702111563 0.0473859496
0.0329171754 -0.0197157953
0.0129570188 0.00573873892
-0.0354499146 0.0517032035
0.0338050351 -0.0369624421
-0.0198073275 -0.000487199839
-0.00181887369 -0.0624770224
-0.0181088876 -0.0375208147
-0.0198852904 0.00293191988
0.0287573282 -0.0857521445
-3.23521306e-07 0.0264395699
-0.0766122192 -0.0038905656
-0.0577040017 -0.00220611203
0.12365371 -0.0220543817
0.0282344222 -0.073483102
-0.0466045253 -0.0221437253
0.0403575227 -0.0459112041
-0.0535388216 -0.0186307412
-0.0304765161 -0.0279128607
0.0583635122 0.00279377564
-0.0187811293 0.00807381421
0.0685714781 -0.030425638
0.138350025 0.00261201919
0.0619047284 0.0305984635
0.0611899421 0.0586169846
-0.0144342044 0.000342326821
0.00977928285 -0.0932769626
0.0613503307 -0.0179827772
0.00815949123 -0.0115361325
-0.0109533025 -0.0203954261
-0.0152470628 -0.0111602144
0.0010836072 -0.0388403945
-0.0178724788 0.0142270606
-0.069486469 0.0330508016
-0.0203694347 -0.00747291325
-0.00919020642 -0.0336850844
-0.0114065968 0.0417070538
-0.0866470858 0.0240037385
-0.0771434158 -0.0471848845
-0.0189382099 -0.054083474
-0.0730479509 -0.0417573601
-0.019475244 0.0346184745
0.0157136954 0.0256312788
-0.0206120387 0.00683159661
0.0310494825 0.000515898981
-0.00480550202 -0.0308507383
-0.00424330682 0.0219622906
0.0136724841 -0.03790484
-0.0296215769 -0.0312599987
0.0187097378 0.0761086494
0.0490618758 0.0168399867
0.0510542281 -0.0222124439
0.0065612453 0.0639376864
-0.0403571315 0.06115124
-0.0126960715 0.0252735168
0.0237048455 0.0123863537
-0.0143593084 -0.00669862889
0.0302062389 0.020564029
-0.0167575497 0.0257652719
-0.00567930983 -0.0121463332
0.0189384539 0.0137914773
0.0280291438 -0.0658966824
0.0346153677 0.0412989557
-0.0110990014 0.0726113319
0.0741208494 -0.071848169
0.0453518257 0.0318477973
-0.0355979055 0.00871606078
-0.0144213708 -0.00910157524
-0.0268589891 -0.0206514187
-0.00606350135 -0.0710787252
-0.0355913974 0.0539513268
-0.0706756115 0.0216208547
0.00392754795 -0.0150551107
0.0127585968 0.0229640137
-0.00716954516 -0.0631702244
0.0288862884 -0.0140936747
0.00353730656 -0.0234951135
-0.084531866 0.0359853134
0.0272317529 0.0547473617
0.100503772 -0.0472159423
0.0632236153 -0.026241716
0.0501322486 0.0451105274
-0.0229270849 -0.0599006936
0.0310823396 -0.0728693977
0.0264921449 0.0611092187
0.010178647 0.0353327319
-0.0218692105 0.0409743376
-0.0656613335 0.0572382174
-0.0485936776 0.00296255224
-0.0309448335 0.0245022476
0.00471451832 -0.071065791
0.0125341229 0.000584777968
0.0379633233 0.0605480373
0.0171837341 -0.0784743577
-0.00890315603 0.0181798823
0.0399071313 0.0551247634
-0.00564028649 -0.0484226793
0.0106488299 0.00213304488
-0.0584190562 -0.0127688469
-0.00881247967 -0.0775114521
0.0650931895 0.0346650369
-0.0054853796 0.0408296138
-0.00145949132 -0.0377479419
0.00926322676 0.0188799482
0.0113060884 0.00835204124
-0.033082407 0.0194714069
-0.00772075076 -0.124334089
-0.00649125082 -0.00622709608
-0.0420050286 0.0748365074
0.0361049846 0.000772188418
-0.0051795328 0.0585876219
-0.0363670066 0.0370550752
0.00235002581 0.0948177874
-0.029903898 -0.0238994379
0.0402461141 -0.0199469794
0.0496797338 -0.0294929221
-0.0545335971 -0.0509179197
-0.0657625794 -0.00558781764
-0.0169875566 -0.0539614931
-0.0114574349 0.0611825176
0.0217864513 -0.0512963459
0.0426552668 -0.044572968
0.0452426039 0.0612046532
0.0296838414 -0.0336169749
-0.00357566751 -0.0114168385
0.033846803 0.0169127565
0.0176944509 0.0380005054
0.0202083308 -0.0396305509
-0.0435748212 -0.00946583599
-0.0369584039 -0.0518401265
-0.00718925055 -0.0509969369
-0.0369596072 -0.0159977917
-0.00242965366 -0.0944479108
0.0294132195 0.0143008577
0.0438075177 -0.0539035872
0.0711271539 -0.0662128404
0.0267519969 0.0176724568
-0.00783684477 0.00940708257
-0.0052412115 -0.00300123147
-0.00392903062 0.00999714807
-0.0225772038 0.0872398019
0.0293869488 0.0118614864
-0.0384784713 -0.0338730551
-0.071770668 0.0119964667
0.0305187777 0.0147076221
0.0139037669 0.0722988695
-0.0212611612 0.0639251471
0.0149446791 0.011028816
-0.0278593134 -0.0215928685
-0.0100009106 0.00947013684
0.0241056029 -0.00789319165
-0.0341197923 0.000653617375
0.00614011101 0.0659886226
0.0302589629 0.0332956575
0.0320170112 -0.0308260079
0.0208554808 -0.0061312886
-0.0210872367 0.0377899259
-0.000911155483 -0.0270821843
-0.04709718 0.0476401076
-0.0437755883 0.0238618217
-0.00490955124 -0.0248278305
0.0451582223 -0.0047121346
0.0350895375 0.00191653543
-0.0301919635 -0.0387105159
0.0710068867 -0.0349550024
0.047440175 0.000926814391
-0.00987021904 0.00463276496
0.0272925198 -0.0225702915
-0.0305676144 0.0155893918
0.00670145871 -0.0284752361
0.0247360393 -0.0734591261
-0.0344986804 -0.072210446
-0.00177691772 -0.0453416072
0.0321984403 0.0289590824
0.0337126739 0.0374292322
-0.0122729791 0.0338732302
0.0210063178 0.046017725
0.0294688642 0.0709640533
-0.0261564068 0.0583450012
-0.0354879126 -0.00665885769
-0.046367798 0.0296497121
-0.00801639352 0.00498713227
0.0849945098 -0.0279108603
0.0728176385 0.0437991507
-0.0502488688 0.0836304799
-0.0982169732 0.00634938898
-0.012890866 -0.0243751556
0.0186577849 0.0264249593
0.0600027889 -0.000713033078
0.0229615588 -0.0132231051
-0.0511727966 -0.00701885205
-0.00909272954 -0.0253177006
-0.0728053451 0.00659104483
-0.0660606623 0.0257092547
0.00633372692 -0.0338137597
-0.0195741225 -0.010332806
0.0322098918 0.0354798846
0.062053252 -0.0138306757
-0.0286375321 0.056060899
-0.00476776995 -0.0101705361
-0.0371354483 -0.0318740085
-0.0110603403 0.0368880369
-0.00488638133 -0.014982122
-0.0696118996 -0.0223317165
-0.0526227765 0.0201157704
-0.0918386951 0.0440524891
0.0147682652 0.0159563199
0.00149325188 -0.0092279166
-0.0349842608 -0.0301658921
0.0809018463 0.0632672086
0.0522748046 0.057692457
-0.0181279648 -0.0176880378
-0.0437371768 -0.058716014
-0.0191109087 -0.0715908632
0.0537907146 0.0358365364
-0.0705502853 0.0751499981
-0.0237057991 0.0484540276
0.0242144447 0.026873434
-0.00633596862 0.0176049471
-0.0609814934 0.0819615871
-0.0236339029 -0.00386506924
0.0434882976 -0.0200906284
-0.0658124983 0.0269875713
-0.0213702582 -0.0369350575
0.0356964916 0.00517166499
-0.0195176695 0.0649675578
0.00763489073 0.0140522672
0.00141894049 -0.0462008715
-0.00585735636 -0.0356924795
-0.00918170903 -0.0249266382
-0.0277436916 0.0120125413
-0.0145395026 0.0603847019
-0.0408005565 -0.0267950129
-0.0141395591 0.0169216301
-0.00295165577 0.0180367492
0.0179855898 0.0365316831
0.0458502062 0.0789074153
0.0689772516 -0.0396926068
-0.0356865004 -0.0355438143
-0.0760275573 -0.0309281014
-0.012085679 -0.0469754376
-0.0131236929 0.00288679288
0.018056171 0.00334206107
-0.0132364938 -0.0225059371
0.0332975723 -0.0944258869
0.0263362136 0.00485208537
0.0442722514 0.00524714449
0.0497810245 0.0059358282
0.0247752853 0.0685518458
0.0423701443 -0.0137998424
-0.0349618569 0.0714278519
-0.0333801135 0.00467474572
-0.0528204478 -0.0195038486
-0.0209340546 0.0715594068
0.0930252597 -0.0282270703
-0.0540322736 0.00632035127
-0.0518998094 0.0279972907
0.0123332348 -0.0373184495
-0.0203242656 -0.0259265136
0.0700848475 -0.0416520238
-0.0348351225 -0.0459894426
0.00964497682 -0.0751132593
0.0408748463 0.00159730774
0.00218483224 0.0398321077
0.0253410917 -0.052544646
-0.0804433972 -0.0676419958
-0.0654387623 0.069456242
0.0153859919 0.0232466012
0.000621738378 -0.0446090139
0.020519061 0.000915056211
-0.0132626053 -0.0381346382
0.0418868884 0.0326561145
0.0245991051 -0.0596537031
0.0102772024 0.0097497981
-0.000307237409 0.0560898371
-0.00743890833 -0.0730314925
0.047273431 0.0594967455
-0.0258067194 0.0385003686
-0.0377798043 -0.0177306216
0.0224872809 -0.0321229808
0.020093549 -0.04136068
0.0108196056 0.0015936757
-0.0156664923 -0.0119830677
0.0459287241 -0.0329852439
0.0239764769 -0.0449081212
0.013555171 -0.024559183
0.00489187008 0.0338824131
-0.081642665 0.114640988
-0.0361140743 -0.0647398904
-0.0413196199 0.0280725285
0.0198154021 0.135951102
0.0282551721 0.00512913149
0.0515140109 -0.00648616347
0.058257062 -0.00714863464
0.0105167348 -0.0109984241
0.0158251636 -0.0346595906
0.0605876371 0.037651509
0.0338423438 0.0348496437
0.00502501801 -0.0183015652
0.0148455966 -0.0365808383
0.0198959131 -0.0609379746
0.0272433702 0.00520419236
0.0396164395 -0.0103077348
0.0182771552 -0.0232044887
-0.0497563817 0.000402929785
-0.00428429525 0.0557867698
-0.00693434943 0.0851828754
-0.0848633349 -0.0181915034
0.0623631626 -0.0307651628
0.0567739941 0.0151094971
0.0390800051 -0.0257873405
0.0912868977 -0.0143882073
-0.0235116798 0.0420682095
-0.011493979 0.0227546524
-0.00584873324 0.0344605818
-0.0328250304 0.0156528447
-0.00305899954 -0.0149767501
-0.0352536589 0.00905710272
0.0283119828 -0.049164746
0.048731368 -0.0202149618
-0.0378644876 -0.0377718396
-0.0507016405 -0.0172214564
0.0307728387 -0.0536963716
0.0228783619 -0.0981669724
-0.00254657003 0.00808960944
0.0679397881 -0.0355990753
-0.00352824992 -0.0437123701
-0.030849034 0.00927363895
0.0126686199 -0.045389466
0.0656942278 -0.00690053264
0.0795583427 0.0161732268
0.0319427475 0.0236049816
-0.0633148178 -0.00748539297
-0.0184940603 -0.0431127101
0.025763303 0.0176458303
-0.028997859 -0.00862478279
0.0580465868 -0.0574865639
-0.0604200289 0.0064545935
-0.0128525309 0.0115059018
0.0736674368 -0.0817988366
-0.0257748403 0.0081288442
-0.0436012447 0.00157508592
-0.00810789224 -0.0212647673
-0.0952904969 0.0233356431
-0.0604251958 -0.00761070848
0.0324132927 0.0144184101
-0.0264402591 -0.0719950721
0.0522505902 -0.119629815
0.00641758554 0.0390701331
-0.092991069 -0.020228263
0.00176103157 -0.0523022749
-0.0240252391 0.0707735568
-0.0236479733 -0.00993358064
0.00888006762 -0.0103580449
0.103122354 -0.00199859287
-0.0118269036 -0.000114877206
-0.0931267738 0.119640686
0.115427837 0.0421388038
0.0131217744 0.0223007202
0.00770691736 0.04283344
0.0347793214 0.107753932
0.0348326266 -0.0361021459
-0.0330453813 -0.109455027
-0.0128179444 0.0107602701
0.0288764816 -0.0574032925
-0.0694419444 -0.0579560958
0.0418949723 0.0239003394
-0.0116097266 0.00114762527
-0.0250271372 -0.0222408529
0.0663120523 -0.0653044432
-0.0185533445 -0.0154028349
0.0322038941 -0.0100349654
-0.0580996275 -0.0215172134
-0.0292389505 0.0745876208
-0.0249560885 0.0699249059
0.0282371044 0.0729250163
0.00896532834 -0.0372693986
-0.0826563835 -0.0537029244
0.0194513462 0.0267253947
0.00645441748 0.00720118219
0.0154090691 0.0347080342
-0.051779516 -0.0398588553
-0.0214716326 -0.0361681022
-0.0117175337 0.00111629022
-0.0457823612 -0.0237867404
0.013132045 0.0296141151
0.00990963355 0.00282543176
0.0781719983 0.015324818
0.00993745308 0.0632052273
-0.009570322 -0.0258769039
-0.0437369533 -0.0471986271
-0.0699803308 -0.000658442616
0.029525198 0.0278637931
-0.0174059961 -0.0153126912
0.0302006565 -0.0190423597
-0.0355071463 -0.0649443045
-0.0228740238 -0.0355642214
0.0303460825 0.0781941637
-0.0485877916 0.0407290868
0.0115192598 -0.00361790019
-0.0118639376 0.0108877979
-0.0316028371 0.0589103326
-0.021192681 0.0293412562
-0.0546502769 0.0245629288
0.0280180946 0.045275908
0.0250041522 -0.0200406946
-0.0420002118 -0.00432776986
0.0155134555 -0.0220696051
-0.00566219911 0.027962409
0.0317109115 0.0232440345
0.0786182657 0.0234341957
-0.0240454264 0.0178793017
-0.0164042208 -0.0268988311
0.0812384263 0.00473143859
0.00736198714 -0.108453162
-0.058462467 -0.0733687356
0.0188325793 -0.00551648764
0.0576779246 -0.00263688131
0.0413820334 0.00954639632
-0.00294808205 -0.0386927724
0.0830854625 0.000834824168
0.0474439375 0.0214085616
0.00635030773 0.0283868033
0.0242713764 -0.0195509456
-0.0246566571 0.000980562647
0.0368059948 -0.0180443656
0.0514659174 -0.0756247938
-0.0242719576 -0.0343540274
0.0231061559 -0.0203519985
0.0105451001 0.0531105846
0.035873726 0.0612468272
-0.0142211607 0.0515294485
-0.00636580028 0.0593071766
0.00498818047 0.0950471908
-0.0346463993 0.0576904491
-0.0413141102 -0.019776782
-0.0440785326 0.0207896642
-0.0106649846 -0.00268275011
0.0875760913 -0.00400928734
0.0697162971 0.0515029058
-0.0541632101 0.0469952486
-0.10724134 -0.0187710021
-0.0129572088 -0.0267663635
0.0112450412 0.0390142053
0.063952446 0.00272228359
0.00312035391 -0.0187718924
-0.0412087999 -0.00296239438
-0.00613039825 -0.0155482637
-0.060238637 -0.00227891514
-0.0618852079 0.0122093204
0.0218536649 -0.0169032458
0.00992297102 0.0248582345
-0.0133369761 -0.00224351557
-0.0328996181 -0.0258342978
0.0146786487 0.0133149046
0.0124318982 0.0327778608
0.0332889222 0.0662706718
-0.101234421 0.023810422
-0.0498986915 -0.0298573878
0.00393308466 0.00875881873
0.00534900604 -0.0259637814
0.0231703073 0.00591087015
0.0527352765 0.0878122225
0.0913874432 -0.059470173
0.0428919755 -0.0241265614
-0.00887605455 0.0361957289
-0.0315578096 0.00647663744
-0.0409786068 0.087001577
-0.0101462137 0.0614584349
0.0315451249 -0.0554668531
0.00748734968 0.0209663305
-0.042457208 0.031601686
0.0219135433 0.094289884
0.0131407073 0.0974111706
0.0103200795 -0.073364161
-0.0420711711 -0.0541830026
-0.0771273896 0.0221926626
-0.00630094064 0.0166497529
-0.0325719304 0.0556655079
-0.0179359037 0.0836880505
-0.0625795498 -0.0128014684
0.00910925493 0.0399232022
0.108950473 -0.0146594234
-0.0449230634 0.0137969237
0.00543791102 0.0208131261
-0.00955453981 -0.00175490859
-0.056544628 -0.00669882493
-0.021870207 -0.0370823666
-0.00310571236 0.047401201
0.0629922599 0.0472033322
-0.0186240468 -0.0175726358
-0.0363878682 0.0352775864
0.078374885 0.0325522684
0.019689355 0.0252632108
-0.00121037918 -0.0255155414
0.0387868062 -0.0150230117
-0.0198847596 -0.022632543
0.00282588252 -0.060744945
0.00356009789 0.0298222564
-0.0387541316 0.0129111046
-0.0664318278 -0.00628195563
-0.0656525344 -0.0185212344
-0.00547729107 -0.0186853595
0.0341901071 -0.0210890174
-0.0180427749 -0.00875641033
-0.0692070425 -0.0148110511
-0.0531591028 -0.0226137694
-0.0446711443 -0.0178560894
-0.00777775655 -0.052878622
0.0382635184 -0.0919396132
0.0209660102 0.0437581539
0.0201756135 0.0284087602
-0.0285464972 -0.0496331304
0.00555889728 -0.00445694756
0.0618021265 0.0381177142
-0.0230128523 -0.035315536
-0.0626977012 -0.0717269704
-0.0193360597 0.0203117896
0.103305846 0.0150475688
0.0636604577 -0.00305235595
0.0343572423 0.0460475087
0.00809340551 -0.0454253554
-0.00764984032 -0.0431198888
0.0348259956 -0.0283425264
0.045843441 0.0108537097
0.101991542 0.0165710729
-0.0134167308 0.0237982124
-0.0431342795 -0.0358754657
0.0249943901 -0.00211567408
-0.0741755739 0.0499101281
-0.0495849773 0.003211373
-0.133381963 0.0398760699
-0.055290021 -0.00918112043
0.0200866535 0.0187704805
-0.051219102 0.0152454013
-0.0562007502 0.0105618751
-0.0430320501 0.0396727398
0.0509504303 -0.0104891844
0.00554932142 0.0610896572
-0.0338727832 -0.00169190392
-0.00618513115 -0.0124313952
-0.0746587366 -0.00176323194
0.00321985804 -0.0167688243
0.0217020884 0.0465795435
-0.030401824 -0.0494880155
-0.00678506307 -0.0321878381
-0.0349178016 0.00145135075
0.0255451594 -0.0274501462
0.0402195305 0.0167141743
0.0403977484 0.0324600451
0.00418921048 -0.0242686495
-0.0797744393 -0.0582061745
-0.00896569155 0.0226866063
-0.024662273 -0.00917815231
-0.093256183 0.000103160237
0.017613396 0.00572944712
0.013838537 -0.00208352832
0.0328248255 0.0285487883
0.015627658 0.000465036836
0.011793864 0.0585278869
-0.00541854929 -0.00839554518
0.02720383 0.00243436475
0.0959045216 -0.0509291105
-0.0436285138 -0.0363986231
0.0170047637 -0.000226570934
0.0585169978 -0.0813635364
-0.0187189672 0.0391655602
-0.0472786129 0.0203636382
-0.0251413602 -0.0174632967
0.0718567297 0.0300695375
0.00905508548 0.0700799227
0.0106902681 0.00868771132
0.0191114023 -0.0332212932
-0.0434577242 0.0163429286
0.0668881088 -0.00897542946
0.0906573981 0.0446915254
-0.0079080537 -0.00772145577
-0.0590888411 0.0186503697
0.0415549427 0.0659916773
-0.038489949 -0.0162013993
-0.0527362376 -0.0282756109
0.0354875289 -0.0104479613
0.00796588883 -0.0576666519
0.039621383 -0.0574955456
-0.00185928983 -0.0530619323
0.00522024091 -0.0431168266
0.102048367 0.0609706938
0.0919800103 -0.0275315642
0.0558910221 -0.0663147718
0.0294815507 -0.00452794274
0.0386439599 -0.0432337485
-0.026152648 0.00119197567
-0.0478486083 0.00471408898
-0.0232507288 0.0211997144
0.0691374019 0.0831063911
0.0255656689 0.0153277954
-0.0470059961 -0.0825834945
-0.000878278806 -0.0269818399
0.00191568211 0.0611483455
0.0227897409 -0.0704330578
-0.0411145166 -0.0174387693
-0.0724263936 -0.0116078435
-0.0340474546 -0.0496698804
-0.00389728835 -0.0111931199
0.0396304391 -0.00792581029
-0.106240034 0.01733803
-0.0158361625 0.0582204759
0.0595852137 0.00275538838
7.26365979e-05 0.0424729027
0.00803396106 0.0596613474
0.000175121881 -0.0199291687
-0.00365960831 0.0672095418
-0.0088498937 0.008248589
0.00169483689 -0.0296519827
0.0452266112 0.0294753276
0.0393853821 -0.0495098419
-0.000990386703 0.0827095583
-0.0751188323 0.0616743267
0.0374163352 -0.0672080219
0.0368379056 -0.0233378932
-0.0461356156 -0.0051490115
0.0398965999 0.0445495583
0.0881205499 0.00597827649
0.0334137976 0.0229782313
0.0797173157 -0.0121465065
-0.00308512338 -0.00986193214
-0.0275984462 -0.0550024994
0.102486588 -0.0367926359
0.038366802 0.0932668224
0.0149105797 -0.0209479053
0.0473921336 -0.023823157
0.0613223091 -0.0192830563
-0.00210105721 -0.00594051881
-0.045337297 -0.0555153117
0.0326547436 -0.0247478653
-0.0524031855 0.0834975243
-0.0547380894 0.000163944103
0.0379077047 -0.0207781922
0.0184160378 0.0921965092
0.0363616645 -0.012032303
0.00815612637 -0.0699274912
-0.0292223282 0.0165264495
0.00183709734 0.00558541296
0.0242654737 -0.0608552769
-0.0513639525 -0.00149371894
0.0305184461 0.0331050716
0.00976181403 0.0104633337
-0.0488459729 -0.00246256706
0.0581080578 -0.0208706446
-0.0367810801 -0.0701621622
-0.0773614794 0.00124097231
-0.0258490052 0.0545411296
-0.054208111 0.0305771157
0.00477393251 -0.045297347
-0.00387884025 -0.00446444703
-0.0648695379 0.0643677115
0.0274717864 0.0211661141
0.0252185091 -0.046318274
0.0535512939 -0.0619402789
0.0275212713 0.0191275701
0.00290662819 -0.0151528753
0.0188151989 0.00246637804
-0.0540927835 0.0365874395
-0.0263153948 0.0168684926
0.0263335649 0.0538601018
-0.0325786844 -0.0448785014
0.116421223 -0.0273038838
0.0391148664 -0.0259954706
-0.119435072 -0.000917933707
-0.0370963067 0.0423012339
-0.0214382391 -0.065854691
-0.0279389005 -0.0548571534
0.00744450744 -0.0801045075
0.0206643157 -0.0700545833
0.0327070504 -0.00999828335
-0.0497164987 -0.00331273675
0.0575268939 0.0333134905
0.0146350013 0.0383491106
-0.0578191802 0.0712816045
-0.000363146275 0.0299257878
-0.0590152964 -0.00190881954
-0.000389544934 0.0293300673
0.0184017643 -0.0601218976
-0.00888957083 -0.0479096808
0.0889934897 -0.00700739864
0.0463179275 -0.00386425364
0.035926722 0.0663202554
-0.0143793412 -0.0186729375
-0.0028827393 -0.0653288066
0.0446464643 0.0180963762
-0.0244029798 -0.0543425716
-0.00792860147 0.0329797491
-0.0168870501 0.0703684613
-0.0345717929 -0.0230326001
-0.0314027481 0.0210956428
0.0192594491 -0.0431133956
-0.0513607711 0.00892710034
0.0374145918 0.0307018049
0.0796305239 -0.00134931575
-0.0348742343 -0.00844760239
-0.0137822954 0.0120269936
-0.0487343371 0.0241210815
0.0319362842 -0.0190312713
0.0415652357 0.0380301923
-0.0491861627 -0.0178833399
-0.0169586129 -0.0432967283
-0.0384752564 0.00998095982
-0.00470399437 0.0310208816
-0.00906956382 0.00978579
-0.0307502784 -0.0159364957
0.0067424397 0.0214065444
0.0140768597 0.0526814535
0.00904465094 0.0783186629
-0.11844945 0.00360137504
-0.0158022027 -0.0352304429
-0.0104264859 0.00741986232
0.0020995927 -0.0306577254
0.0186043214 0.0143379914
0.0322064422 0.0981911346
0.12398655 -0.0199240707
0.0470625386 -0.0174138527
-0.00960432272 0.0491757356
-0.0241831299 -0.020137459
-0.0327487923 0.0749207661
-0.0392234065 0.0555611998
0.0492014512 -0.0321921334
0.01913389 0.00663245935
-0.0311093777 0.0320463218
-0.00537637481 0.0873019472
-0.0129801193 0.0753176808
0.0454538986 -0.0592932701
-0.0155056948 -0.0792324767
-0.0754583701 0.00324267615
0.018852856 -0.00216417713
-0.0572753139 0.0380919613
-0.0178584754 0.0896701962
-0.0657050535 -0.02666023
-0.00694202073 0.0352794714
0.105467565 0.0350725614
0.0594965778 0.0514357165
0.0246527847 0.00702350587
-0.0521637425 -0.0240437333
-0.0600215308 -0.0105698258
-0.0203363989 0.0191935692
0.0555428676 0.033131592
-0.0141627919 0.0868429989
-0.0747299045 0.0357587263
0.0281751286 0.0251976065
-0.0827705115 0.0227523744
-0.0825753659 -0.0913107991
0.0450462289 0.0568266958
0.0314716138 0.0385665372
0.0635664016 -0.0733104944
-0.00393491052 -0.0143829826
-0.00594963832 0.0187253729
-0.0117458776 0.0531314574
-0.0212978479 0.00119322469
0.0123976711 0.0199966002
-0.100224346 -0.00169825705
0.0521208495 0.00986780319
-0.0060736849 0.0306595992
-0.0490240268 -0.0194374584
0.0439559966 0.0264637917
0.0154142175 0.0406111926
-0.0248553418 -0.0127686737
-0.0113620339 0.0140746878
0.00405354099 -0.0236346778
-0.0390864871 -0.052140113
-0.0586266518 0.012217734
-0.0144787291 -0.0183280166
0.0341028534 0.0448124036
-0.00818517618 0.075061731
-0.0461023115 -0.0425774604
0.0339487307 0.00386341265
-0.00821740832 0.0390779749
-0.0117111383 -0.0531829558
-0.015248606 0.0165432636
-0.0373007208 0.0204387568
-0.0343398042 -0.0171275083
-0.0707794651 0.0196769014
0.00249385345 -0.0149065591
-0.0187404677 0.0184294786
-0.024284292 0.0257979333
-0.00186255248 -0.0559864342
-0.0215243027 0.00415135175
-0.0294865537 -0.030485319
-0.0400254317 -0.0267798938
-0.00527737802 0.0211367588
-0.0267480537 -0.0278468095
-0.0578624457 -0.0148175023
0.00363235455 -0.0529711582
0.000111316614 -0.0161781628
0.029705748 0.0156569816
0.0136882355 -0.0714846253
-0.021051066 0.0261606984
-0.0527001694 0.0381823182
0.0122599984 -0.0289878566
0.0531664304 0.048601944
0.0118922545 0.0650609732
0.0153978188 0.0376366489
0.0398007408 0.0182054695
0.0245054681 -0.0236669928
-0.0247807037 0.0393967144
-0.0775646567 -0.00737650692
-0.0299533755 -0.0634543598
-0.00419044588 0.00685075996
-0.0489895046 -0.0261709206
-0.017499432 0.00404104404
-0.00484207086 0.0609216169
0.0122835413 0.00433445629
0.0122293839 -0.0267227758
-0.0173909646 -0.000188774298
-0.0483564921 0.0173149779
0.0332348049 0.063424103
0.0740081146 0.0442860201
-0.110330895 0.0363982655
0.0305514969 0.0725975856
0.0606966317 0.00928633381
-0.0926278532 -0.00213361159
0.0083834799 0.0320247114
0.0611662976 0.0219338629
-0.0325461514 0.000285349088
-0.102065057 0.024323944
-0.0232042782 -0.0345294438
-0.00244671595 -0.0940657184
-0.0523850136 -0.0568376631
-0.0306802318 0.0213149842
0.0387115553 -0.00197001128
0.0197121184 0.000358953315
-0.0233073644 0.0113817407
0.0676395968 0.0635738224
-0.0217526481 0.0472379103
-0.000328305527 -0.00996761397
0.0215740502 -0.0331478976
0.0188995395 -0.00942296349
0.0977141932 0.0348956548
0.00720579643 0.00789235346
0.0167484749 -0.00199016044
0.0499395691 0.0167671796
0.0458907634 -0.0692284554
0.0375910699 0.0386884026
-0.0901097655 0.0562359914
-0.0369629413 -0.0133943278
0.0598951317 0.0636326373
0.0459233783 0.0582802705
0.0368905775 -0.0166499913
0.011234507 0.00901418738
-0.00211859448 -0.00924200006
-0.02726865 -0.0574901961
-0.0100793121 0.0269475672
-0.0443686135 0.0404972285
0.0307070315 -0.0494760238
0.0549896061 -0.0521075465
-0.0478258468 -0.0704150572
-0.0325026959 0.011640016
-0.0292036552 -0.00662016915
0.00425470248 -0.0503565967
-0.00931754522 0.0385509916
-0.0301500205 -0.0432232432
0.0346002914 0.0483299308
0.11086417 0.0151509177
0.0915630013 -0.0514964722
0.0319984965 0.051589027
0.0316350982 -0.0817386657
0.00921918266 -0.0881370008
0.0102887116 0.0258311164
-0.00140684308 -0.00266679982
0.00915858801 -0.0240743365
0.0369508006 -0.0344288722
-0.0284518581 0.00821019337
0.0144722406 -0.0363846794
-0.012877753 0.0208882466
0.0124695618 0.00763623556
-0.0203981586 0.0149842715
-0.0108091347 0.0267579015
0.0586511418 -0.0285148676
-0.0163967274 0.0239518955
0.0436128639 -0.0725243986
-0.0240355302 -0.107056305
0.0103167808 0.0252373684
0.0633335859 0.0127830189
0.0407144204 0.00837346446
0.0217004847 0.0596751608
-0.0815130994 0.0124116149
-0.0197309367 -0.0737808421
0.0445881076 -0.0710824132
0.101596057 0.0233398844
-0.00927791465 0.0127107408
-0.0714842156 0.0184363425
0.0274183396 -0.0149955405
-0.0319204554 -0.045580145
0.0105539449 0.00525229517
-0.054280974 -0.0203223191
-0.0276201237 0.0127890576
0.076910384 0.0481156334
-6.64920735e-05 -0.00868366472
-0.00697202329 -0.00140990864
-0.0049084397 0.0316227749
0.0252551604 0.0883360431
0.00421289075 -0.00465261284
-0.0431703739 -0.0208579283
-0.0201379694 -0.0183620211
0.0168643966 0.0148611218
-0.0211001057 0.0692705065
-0.0390528329 -0.0414304361
0.0214108881 -0.0362244211
-0.00599948457 0.0448905565
0.0562654249 0.0343643427
-0.00132636202 0.0104861818
-0.051004041 -0.013243298
-0.0658036619 0.00810231268
-0.0745828748 0.0503708273
0.075490132 0.0261599496
-0.0490705818 -0.0424101464
0.0528363995 0.00714455638
0.0691601634 0.0472211316
-0.0518430062 0.0164891686
0.0548039749 0.0390422083
-0.0109613808 -0.000386196567
0.0239233635 -0.0925063193
-0.0406492725 -0.0699148923
-0.0386031196 -0.00975967385
-0.026182076 -0.0189832821
-0.0188661516 0.0213202909
0.106404521 0.0395141654
0.0418031216 0.0424413979
0.0853840262 0.0261314549
0.038426891 -0.0112264436
-0.0279437229 0.0148166548
0.0014372688 -0.0387141258
0.050388325 -0.0351781584
-0.00782179367 0.0197817478
-0.0594271049 -0.00167539879
-0.00714778248 -0.00657831458
0.029346697 0.0310145952
0.0310809016 -0.0350540429
0.0439009182 -0.0433260612
0.014256387 0.0501914322
0.00880781654 -0.0598612875
0.00110101129 -0.0353466421
-0.0711609572 0.014223922
-0.0215159617 -0.0105217779
-0.00670194812 -0.0475563221
-0.0563528202 -0.0252160486
0.0105837146 0.0629022047
0.0208160188 0.0152738299
0.0317321531 0.0675436705
0.0255491454 0.0124474317
-0.00327426149 -0.0245517846
-0.0437342897 -0.00874215085
0.0506711341 -0.0176729653
0.0638992712 0.0590988956
-0.02102926 0.020512538
0.0646306574 -0.0311390962
0.0152072962 -0.0477564074
-0.0291355029 0.00297712674
-0.0777088702 0.0391250364
-0.0462592617 -0.0737994835
0.0139454799 -0.103997521
-0.0725018382 0.0164004769
-0.0210657939 -0.0510739945
-0.0339235812 -0.0658460781
-0.0130708357 -0.00813319441
0.0644759685 -0.104607031
-0.0654862672 -0.0253218152
-0.0380035155 0.120439634
-0.0362757146 0.0859071314
-0.0145935416 0.0162907708
0.0393547155 -0.0223750807
-0.0574821755 -0.020444382
-0.00298970193 0.0117089013
0.0101774586 0.0058840327
-0.000556539744 -0.0243722536
0.0964223072 0.0234314613
0.0215139538 0.0306799095
0.052737914 -0.0336038396
0.137851775 0.058425229
0.0407448858 0.0462007709
0.055457972 0.0213704742
-0.0446963273 0.064469628
-0.0748047978 -0.0061872215
0.00654289545 0.0145959193
0.0616121516 -0.00866978709
0.0798408762 -0.0169775039
-0.0246786531 -0.045948498
0.00965232961 -0.0121948794
0.0652950332 0.00034181567
-0.00337091531 -0.0168988239
0.0265686903 -0.0125637706
0.00449289707 -0.0223773718
-0.0059992196 0.0283525493
-0.00221331604 -0.0225904845
-0.0199722685 -0.0524849072
0.0215605963 0.0119438674
0.0421529151 0.0416384228
0.0259749703 0.0601663068
0.00763739133 0.0218019728
-0.0589079261 -0.0414731614
-0.0730786994 -0.0356204323
-0.0201546662 0.0187638029
0.0360203795 0.0688837022
-0.031411171 0.0827279836
-0.0683252513 0.00603476074
0.0277749766 0.0421548598
-0.0520272255 -0.00219592918
-0.0565245785 -0.103918597
0.0184203796 0.0420537926
0.0257622804 0.0408663265
0.0847546384 -0.0514008887
-0.0167086422 -0.00677803531
-0.020652188 0.0374643542
-0.0602067523 0.0250449535
-0.0495649911 0.018635558
0.0218790155 0.0221353546
-0.0781320632 -0.0188086033
0.0320461206 0.0216880199
-0.0120193781 0.011166445
-0.0478520393 -0.0383712091
0.0312276017 0.0498925932
0.00602993276 0.0505111516
-0.0125525463 -0.00825620349
-0.0155456532 0.00110716606
0.0334560648 0.000851812249
-0.0244115498 -0.0521884374
-0.0447079353 0.00179424253
-0.012968963 -0.0441515222
0.0110295843 0.029410392
-0.02791165 0.0119721284
0.0362437554 -0.0681722239
0.0049013067 0.0219631661
0.0349384099 -0.0291732457
-0.0131645296 -0.000117568459
-0.0501175001 -0.00416372577
-0.00725804828 0.0113553982
0.00997300819 0.0912468508
-0.0401752554 -0.0161807686
-0.0339918919 -0.0101335691
0.022629017 0.0113082249
0.0435665585 -0.0169167873
0.0294148922 -0.0131277796
0.0359642282 -0.00247469475
0.0355115049 0.0137080792
0.00468476769 -0.0117499633
-0.0424060151 0.0211040005
-0.023753332 0.00596660143
-0.0766956881 -0.0194406938
-0.052882757 -0.0439905785
-0.0218221061 -0.0767705441
-0.0334705859 -0.0382782295
0.00128974719 -0.0288425088
-0.054663647 0.0227493849
-0.0786325037 0.0247312263
-0.0391111337 -0.00119857781
0.0125844879 0.00723700691
0.00502242986 0.0270567387
-0.00440423656 -0.00558247091
0.0247446988 -0.038870886
9.21226965e-05 0.000270944118
-0.0667924136 -0.0281014293
-0.134820744 0.045132637
-0.0159968138 0.0156933758
0.0519806221 0.0571557134
-0.0675733685 0.0616338439
-0.0308819022 -0.0437127426
-0.012279341 0.00217208429
-0.0370486565 -0.0592955165
0.0195617378 -0.0226012934
0.0655616745 0.00463563902
0.0566442832 -0.0374665037
-0.0792779922 0.00919009559
-0.112707712 -0.000265231909
0.0427830517 -0.00504647242
-0.032178659 -0.0556135401
0.0230735987 0.00301897898
0.0418077111 0.0516632125
-0.0822830498 0.00953053869
0.0108505338 -0.0142924953
0.00473644398 0.0609645844
0.00343591673 0.063476637
0.0536280163 -0.0676276535
-0.0454255864 0.0127824871
0.0215943605 0.0436288193
-0.00443637278 0.00320394919
-0.106687687 0.0416130424
-0.00830309372 -0.00931632333
0.0721583068 -0.000416360912
0.029197745 -0.0214893986
-0.00121864094 -0.0448699035
0.0079081282 -0.0662465245
0.00386596704 -0.0271479189
0.0658277795 -0.0631397739
0.0374562368 -0.0314704254
-0.0162116308 0.0685638338
-0.00952574518 -0.0041097072
-0.0240127966 -0.0396168754
0.00733646611 0.0476816781
-0.0214268342 0.102272741
-0.063014932 -0.0303414855
0.0141125713 -0.0312060229
0.0408863984 0.082511887
0.0148394145 0.00589539204
-0.0225666445 -0.017940782
0.0195657648 -0.0177999213
0.0386933349 0.0223998837
-0.0427802354 0.0435860306
-0.0404402353 -0.0358793736
0.0118451742 -0.0157120489
-0.0305340867 -0.00537843537
-0.000165215024 -0.0317113027
-0.0131324595 -0.0542821512
-0.0196207389 0.0391621776
-0.0861367658 -0.0268774927
-0.00428902265 -0.0291449688
0.0656821728 0.0779821128
-0.017751148 -0.0450887308
0.0493132845 0.0346798487
0.0375083648 -0.0034098092
0.0793567598 -0.0244968254
-0.014302264 0.0333180241
-0.0881627724 -0.0038594848
0.00416689133 0.0148171335
-0.0566864237 -0.0171013661
0.0470055826 -0.0211171843
0.0179632194 0.0459802262
0.0363204479 -0.00382763194
0.0615900569 0.0666695237
-0.0443470813 0.0294131953
0.0133504178 0.00750385504
0.0424959138 0.0442567728
0.0133835711 -0.012116096
-0.090801768 0.0224343371
0.00888749398 0.0438162722
0.0896619782 0.0535791107
-0.0486518405 0.0361608639
-0.0269976594 0.0125111118
-0.0969449952 0.0372393019
0.0028554867 0.0808042809
-0.0169353411 -0.0492212772
-0.0598121583 -0.043585483
0.0628154129 -0.0625052378
0.0696296021 -0.0674461126
0.0592564046 0.0266890768
0.0369103551 -0.0572279617
0.0172946043 -0.0771332979
0.0189420115 0.034018103
0.0033548458 -0.028092226
0.0548827648 -0.012803142
-0.00751680415 0.0150263784
-0.054166507 0.0656350479
0.0103835762 0.0936010927
-0.0737575591 -0.00908203609
-0.0665886477 0.00952501036
0.0619510449 -0.0364833102
0.050020881 0.0296748299
-0.032608781 0.0429711267
0.00103971583 -0.0755417049
0.00356286811 -0.0197806358
-0.0196787156 -0.0348370261
0.012371365 0.00700062234
0.000480739167 0.00765627529
-0.0615849495 -0.0407035612
0.0334524103 0.0291641131
-0.00659214798 0.00593737792
-0.0932757705 0.0177913681
-0.0205122102 0.00511651533
0.000591706659 -0.0511292815
0.00907011051 -0.0369942449
0.0124157034 0.0373693407
0.0504634343 0.00848493353
0.0397456624 -0.0535646789
-0.0101318033 -0.0257941596
-0.016196806 -0.0166317858
-0.0197342429 -0.00237618806
0.0278402399 0.0702688918
0.122371979 -0.0273643173
0.0502975322 -0.0735013038
0.0371823087 0.0200504567
-0.0102148391 0.0153725725
-0.0690646991 0.00308949384
0.0453810319 0.0271660909
0.0604355074 0.0510504246
0.0305110626 0.0110857384
0.010837175 0.0197580643
0.0371660776 0.0203769282
-0.0104333758 -0.0254813544
-0.0628186911 0.0282628778
0.123721242 0.00695023313
0.115255311 -0.0525242276
-0.00499677798 -0.015371602
-0.0122371251 -0.0178585965
-0.00175118668 0.0427813418
0.0202549659 0.0322098769
0.00967077538 -0.00883783214
-0.0540554337 0.068438068
-0.0351594985 0.00681587681
0.0492295176 -0.0196128599
0.0237133317 -0.0263792071
-0.0776299834 0.00824612007
-0.0478056781 -0.0586475618
-0.0623013712 -0.0302286223
-0.0555647984 0.0618271492
0.0184685923 0.0225876737
0.0513502657 -0.00885209814
-0.0126686869 0.00485575525
-0.020192245 -0.0153131085
0.0156670902 0.0243316106
0.0358002707 -0.00834756345
0.00216239993 -0.0580788963
-0.00955149997 -0.0277953558
0.00430247746 0.0284081474
-0.00269781891 -0.0562978983
0.0466744117 -0.0256589726
-0.0567643419 -0.021518847
-0.0155184073 -0.0344500504
0.0187554508 -0.0823632777
-0.0363713428 -0.046870552
0.0265881997 0.0684480742
-0.0176780429 0.0290552862
0.00629235199 -0.0163725819
0.00693618087 -0.00393821578
-0.0550565831 -0.0235864297
0.0024108747 0.0222260691
-0.024445381 -0.0193483215
-0.0835621655 -0.0372805186
-0.0300488789 -0.0234662965
0.0325029381 -0.00174440152
0.0437347218 0.0449686758
0.0638612881 0.0457446948
0.00753626833 -0.0165521819
-0.0524770133 0.0201630909
-0.0338405222 0.0446476378
0.0401632152 0.0249031577
-0.0663175359 -0.000308896328
-0.0493924879 -0.0330721959
0.031125091 0.0504642054
-0.0126172341 0.0400333256
0.07449992 0.00593888946
0.0648773313 0.0499502085
0.00334264594 -0.0956064165
-0.0208817665 -0.0588704273
0.0233767498 0.0453142226
0.0870628953 -0.0157165304
-0.0525925569 0.0189750846
-0.0611382388 0.0078796763
-0.0159666017 0.0264235474
-0.0244757496 -0.0287791006
-0.0159175452 -0.0549637377
0.0433797017 0.0319104046
0.0165440459 0.018130092
-0.00133955269 0.033169724
0.0824329033 0.0326573215
0.00759228179 0.0183053687
0.0489630029 0.0655367374
0.0461198911 0.0782623515
-0.093371965 0.035155315
0.0438418724 -0.024137916
0.0505239181 -0.00937791076
0.0745126009 0.0424701571
0.102547064 0.0175591614
-0.00225647981 0.0786727965
-0.047988493 0.00667623896
0.0568098947 0.0173174478
0.00176364009 -0.00199922849
-0.0401977338 -0.0822766647
0.0676633865 0.0697077364
0.00147323846 -0.0406125672
0.0604827516 -0.0293486007
0.0582877956 -0.0171794482
-0.0314769112 -0.0878571942
-0.0111357579 0.0366143472
-0.00402002968 -0.0332075059
-0.0829755813 -0.0151093071
-0.0164684448 0.00796018261
-0.00694990624 0.0350935012
-0.0713380352 0.0861715674
-0.0120462887 -0.0235166773
0.00717792939 -0.0308122952
-0.0602974184 0.00389533699
0.0739463344 0.0140306251
0.00733906403 -0.0339084864
-0.0738352388 -0.0177426636
0.00312004378 -0.031464085
-0.0344998166 0.00804053992
-0.0444508865 0.0122693814
0.031358555 -0.0539376996
-0.00154380989 0.00291351252
0.0423299819 0.00442208536
0.00641566934 -0.0126265399
-0.0419601612 -0.00433937041
-0.00346312299 -0.00575621752
-0.0121339038 0.0725479722
-0.0261754077 -0.00799253397
-0.0269437861 -0.00607830053
0.00938144047 0.0184599832
0.0399923399 0.02098592
0.0424284749 0.0257015191
0.0270104315 0.00487391604
0.0246109907 0.0322484002
0.0114571955 -0.0245942064
-0.0341379344 0.000385482737
-0.000330262934 0.00440289034
-0.0500304811 -0.0244494006
-0.0257245712 -0.0687328652
0.0136119081 -0.0786630362
-0.0220639221 -0.0480412133
0.0144146504 -0.0156834871
-0.0629649684 0.0108748199
-0.103811771 -0.00687009376
-0.0182455052 0.00653642742
0.0345737822 0.00126067863
-0.010570501 0.0293697976
0.00847826898 -0.0205689333
0.0291574243 -0.0127621628
0.0161584653 0.0306411516
-0.0407779217 -0.0340976603
0.0539000109 -0.0223594625
-0.0340247788 -0.0730162635
-0.016080128 -0.0513428077
-0.0127667654 0.00199286127
0.0109567354 0.0119113224
0.0447101481 -0.0687010884
-0.00736861257 -0.0238235798
0.0378734507 -0.0612955987
-0.0183990486 -0.0376115665
-0.00524307694 -0.0375929698
-0.047231026 -0.0448869616
-0.0361427218 0.00166167098
0.0389368422 -0.0603895523
-0.0275322199 -0.0199329536
-0.0423993692 -0.00930067617
0.0476524197 0.0941454247
-0.0606748722 0.0463058688
-0.0515532456 -0.0936575383
0.0285757966 0.0266968831
0.0183756463 0.0133900857
0.0466478989 0.0274930652
0.000846155453 -0.0666099191
0.0170178879 -0.051848758
-0.0134122204 0.0543209389
-0.0659218729 -0.0947382748
0.0205784235 0.00804550759
-0.0243892185 0.0865388513
0.0436700992 -0.010008621
0.0243383665 0.0127393603
-0.0480820276 0.0203071143
0.0200555995 0.0312925316
0.0107267862 0.0129081775
-0.0673581809 0.0130416518
0.0181095619 0.0218710005
-0.016058553 -0.0195671916
-0.109678403 0.0665559694
-0.0380095802 0.1036686
0.0376427434 -0.0406916514
0.0283633489 0.0291433204
-0.0423133634 0.0386908576
-0.0441434048 -0.0278339554
-0.00137500116 0.0264631957
-0.0327322818 0.0131124547
0.0178197753 -0.0105906734
-0.0128514916 -0.0650003925
-0.0663500056 -0.075097166
-0.0214130543 -0.030310994
-0.0207349528 -0.00153233553
-0.0126794782 -0.0663921684
0.0239202641 -0.0672388971
0.0482296683 0.0310643818
0.0234406702 -0.0478499345
0.0370116197 0.00771218073
0.0141084129 0.0834202021
-0.0624615513 -0.02760382
-0.0579220168 -0.0300919656
0.0259675365 -0.0167036504
0.0433395244 0.0616072677
0.0273342337 0.0575341992
0.0482596792 -0.0187325347
-0.0448842235 0.0622566789
-0.102168351 0.0177397653
-0.0142081836 0.00405954197
-0.0319394469 0.0530778132
0.0151501615 -0.0258439798
0.0473933294 -0.0324234515
0.0331995115 0.010143769
0.0204779673 -0.00951333065
0.00812400505 0.0117413802
-0.014728697 0.037676841
0.0335302316 -0.0231919289
-0.0124901766 0.0238827448
0.00643060496 0.0355372876
0.0278122071 -0.00984149147
-0.0552449375 -0.0505284704
-0.0439079814 -0.0234545842
-0.0394549519 0.0564945862
0.00783858448 0.0075562764
0.0145648001 -0.0581756122
0.00934864115 -0.0583476238
-0.00733266491 -0.0654399768
0.0802320018 -0.0234547127
0.0714394748 0.0650611073
-0.0457223207 -0.0172981974
-0.0381458662 -0.0262468662
-0.0523238592 0.0170402452
-0.0279501397 0.00691072829
-0.0716188326 0.0327488631
-0.124207541 0.0183180925
0.076379478 0.0213866066
0.0562987067 -0.00747722853
-0.0024711031 -0.00993790664
-0.0159124136 0.024838781
-0.032837674 0.0303077735
-0.0360388644 0.0986999944
-0.0156266224 -0.0181842353
0.0503782108 0.0145109221
0.0343271084 0.0278450157
0.0270538572 0.0495697707
0.00806082971 0.0684018284
-0.0476658605 -0.00746325031
-0.0241007786 0.0570792519
-0.0108544314 -0.0110662151
-0.0544475317 -0.00312626292
0.0189045444 0.0467849299
-0.0110252136 -0.0442744568
-0.0102884201 -0.0380277447
0.0575243011 -0.0880107954
0.0683932304 -0.0369195342
0.037190415 -0.0159833468
0.0256021135 0.0115894172
0.0274472646 0.0230466835
0.0221387148 -0.0533395745
-0.0132522201 -0.0301382504
0.00876527559 -0.0734868273
-0.00170620054 -0.00217373646
0.0330154635 0.0723697171
-0.0593224168 -0.0240043569
-0.0203031711 0.0155199207
0.0250676163 -0.0133526223
-0.0209937599 -0.0175139196
0.0116431769 0.0771782249
-0.0525253192 0.0166451074
-0.0162525102 -0.0341900438
0.0486589372 -0.0442073457
0.0232592765 -0.00590153178
-0.00644088862 0.0280368272
-0.0225536302 -0.044933822
0.0510070547 -0.0330042168
0.0275243353 -0.0033130548
-0.0485493951 0.0320948213
-0.0216795728 0.0741770938
0.0536386371 0.00422711158
0.0704031438 0.0137566496
0.0119254775 0.00302383676
-0.0192954689 -0.00714321667
0.0124961836 0.0395025946
0.0380441099 -0.00751738204
-0.0684980825 -0.049537953
-0.0454559848 0.0268955193
0.039997261 -0.0013372876
0.0700063407 -0.010295256
-0.0620815046 0.0128549617
-0.0505247228 0.00110581389
-0.011844865 -0.0227142889
0.0469790287 0.0201719608
0.0929469913 0.0998840928
-0.0145310033 0.0286873765
0.0342352092 -0.0544274971
0.0431457832 0.0168272629
-0.0254726838 0.0562190749
0.0373862758 0.050746724
0.00258341827 -0.035766609
-0.0711988956 0.00771129644
-0.0199137945 0.0103913862
0.00702628028 -0.0251398645
-0.00407011248 0.0477830581
0.00571113825 -0.0326647311
-0.0189352557 -0.019693099
0.0166853759 0.025397446
0.0276564881 -0.0459793545
0.029307114 0.0091459481
0.0585349277 -0.0528799966
0.0498340838 0.0276673287
0.00428375881 0.07009729
0.00716748508 -0.0775033161
0.0798161477 -0.0206085779
0.048900526 0.00308206049
-0.0457089134 -0.125020444
0.0303958468 -0.109838262
-0.025718905 0.0265708882
-0.00354869757 -0.0308029279
0.0403219238 0.00180137064
0.00983018614 0.0886682421
0.00262239273 -0.0265680179
-0.048594635 0.0430173241
0.0109134717 0.00168020546
0.0359041579 -0.0448624231
-0.0377388969 -0.0104431873
-0.0623743497 -0.0721911564
-0.0480810553 -0.0646217763
0.0305181239 0.014910657
0.0612615198 0.0865307078
0.0531176515 -0.00238412572
0.0552186109 0.0150669431
0.0653785691 -0.00422910461
0.0736607313 -0.0595407188
0.0085011553 0.0760069489
-0.0354610905 -0.0652968585
-0.0344593972 -0.0493836738
-0.00762389088 0.0386682488
0.0169715229 0.00493007991
-0.0504301153 0.0173728596
-0.02612729 -0.0611844063
-0.0278739706 0.0596389361
0.0860116705 0.0875988975
0.00692767324 0.0151859811
-0.115426943 0.0384584032
-0.00161990628 -0.0161309317
0.0570844859 0.0504414327
0.0364973098 0.0677716359
0.00898808613 0.0226881169
0.00513414387 0.0595829301
-0.0908813402 0.0234328546
-0.0526815504 0.00190126058
0.0619436651 -0.0133786164
0.00560359471 0.0133859385
0.0500381999 0.0743452832
0.0658765212 0.00158950244
-0.0245631766 -0.0154407788
-0.0877288803 -0.00648369361
-0.0975377783 0.0121309785
0.000389978784 0.0136119416
0.0183221567 -0.0402836092
-0.00545320567 0.0393710956
-0.0275313295 -0.00278466614
0.0550354421 -0.0471231751
-0.0449542664 0.0175194088
-0.0106615601 0.00388924382
0.0664471313 0.0177106969
-0.0338900797 0.00677232444
0.0485635325 0.0293214526
-0.0489851981 0.0612233132
-0.00532744126 0.0366295017
0.0019267539 -0.00242678006
-0.092672959 0.00232128031
0.00778950844 0.00258081965
-0.00831269287 -0.00159817154
0.047581099 0.0505495369
0.0109652821 -0.00566899963
0.0649069697 0.0626004338
0.0136790276 -0.0042261919
-0.0726792812 -0.0512227193
0.00668012863 0.0713191479
0.00642077997 -0.111700997
0.0411953181 -0.0736525506
-0.024733033 0.0789316371
-0.00619895803 -0.0254351739
-0.0149136325 0.0439771116
0.0291585159 0.0290820766
0.0415148884 -0.0871530026
-0.0632071495 0.0145593463
0.0660686344 0.071430549
0.000872520672 0.0122059891
-0.0142297922 0.00123966532
-0.0189429428 0.0643051267
-0.0521386825 0.0474980623
0.0669651479 0.0241096914
0.0437169485 0.00794566795
0.0207430441 0.00555260852
-0.00174364855 -0.0890324563
-0.0150039699 -0.0819840506
-0.0543084368 0.00421056617
-0.0172226895 -0.0522947349
-0.0274969805 -0.0778135136
-0.0159451384 0.0318288878
0.0620247759 -0.00230745645
-0.0142134419 -0.0888645574
0.0121503081 -0.0448344871
-0.0172211807 -0.00140714878
0.0097958399 0.0206766892
0.0621010065 -0.0440750457
-0.00416535931 -0.0280436277
0.0544688441 -0.0701356679
0.0214106962 -0.00488122646
-0.00739302579 -0.0434543975
-0.0382440202 -0.0662954599
-0.0182635579 -0.0111772651
0.070321314 -0.0409814604
-0.0302411523 -0.0392627344
-0.0294695552 -0.0309043527
0.0281413347 0.109105706
-0.0731593296 0.0210025422
-0.0262454525 -0.0963947996
0.0146402298 0.0414834879
-0.000887321949 0.038089104
0.0236897636 0.0443040803
0.0355884619 -0.0546404123
0.0237511992 -0.0448235795
-0.0384758078 0.0544175841
-0.0236788094 -0.0996624604
0.0316344164 0.00698942505
-0.0277629718 0.0632083192
0.057516817 -0.0134267528
0.0143791232 0.0183404572
-0.0468821302 0.00754308933
0.0330189541 0.0553866103
-0.017622564 0.0101921
-0.0686162561 -0.0931068882
-0.0410239175 -0.00848777685
0.0405733027 0.0234851167
0.0184029266 -0.0328661874
0.0134485336 -0.0434962101
-0.0254951157 -0.00899107754
-0.00586429425 0.0352223366
-0.0305335559 -0.0734662414
-0.0686286241 -0.00617022067
-0.0207348429 0.00903965719
0.00984050054 0.014268022
-0.0638600662 0.0670294836
-0.00680791168 -0.0305623002
-0.0709190667 -0.0279785208
-0.0196772795 -0.0583452769
0.078219302 -0.0729627907
-0.0562830418 0.00248009339
-0.00307628908 -0.000137443116
0.0231689494 -0.017131757
-0.0732286721 -0.020248834
-0.0136315972 0.0745966062
-0.0534548052 0.092238687
-0.0621601641 0.000988779939
-0.0353986174 -0.0690735653
-0.0104380837 -0.0606281199
-0.0309781302 -0.0596247502
-0.0178552363 -0.0195537545
0.0621007942 0.0130686499
0.0101750102 0.0128900437
0.0119239939 0.0563836731
0.0119736996 -0.0404594913
0.0285208877 -0.025893949
-0.00663601793 -0.00216650125
-0.01210644 0.00639633741
0.010806975 0.0303237457
-0.0450812504 -0.0355302915
-0.0449287631 0.0422965698
0.0131513737 0.0541732386
-0.0216581188 0.0548240915
-0.0607519522 -0.0159786269
-0.00511629134 -0.101524793
0.0433609001 0.0170093384
-0.0651068687 0.00959888939
-0.0865288824 0.0179290604
-0.0348301418 -0.00654793624
-0.00739547471 -0.0894386545
-0.00596454088 0.0237102862
-0.0119496845 -0.0497882329
-0.0343097933 -0.0698192045
0.0145184081 -0.0147041706
0.117160976 0.0469115674
0.0291874669 0.0342640653
0.0286054704 0.0301546119
0.0240123887 -0.0115576722
0.0547418296 0.0290399399
-0.0359617136 0.0168350805
-0.0566679798 -0.0249312725
0.0794202685 -0.0410956889
0.0365070514 -0.0952831358
0.0186561905 0.0422316939
0.00356465951 0.0618045256
-0.000105604486 -0.0100660194
-0.0586358607 0.0230781902
-0.0396444388 -0.0118163843
-0.0273502283 -0.00446789013
0.0102743153 -0.00232381793
0.0753745139 0.00832328293
-0.0542656519 -0.00082621153
-0.0408603102 -0.029181594
0.0794040263 -0.0161430668
0.0303932335 0.0295402668
-0.0465459451 -0.00966956001
-0.0667177737 -0.0385565236
-0.0408640169 0.0762895271
0.0127289603 0.0570541061
0.0958526582 0.0288028065
-0.0114260996 0.0255370568
0.000463050092 -0.000129087362
-0.00843464956 0.0298300479
-0.0862223059 0.041172903
-0.000646662898 -0.0225057378
-0.0455076396 0.014340058
-0.00369947334 -0.0356181264
-0.048380509 -0.090185374
-0.0316627137 0.027715113
0.017539002 0.00868467055
-0.0444727913 0.00765674002
0.00528260088 0.0117080482
-0.0343582109 0.0350851081
-0.0178452134 0.0550064221
0.0180631597 0.0675960928
-0.033159174 -0.024877822
0.0217915419 -0.0484886989
0.00842540804 0.0486837886
-0.0093523087 -0.0447989032
0.0168723669 -0.0382709131
-0.0712943226 -0.0168910492
-0.0264968276 -0.0484971181
0.0697922036 0.0397057682
0.0223632157 -0.0319544598
-0.00313361897 -0.0218095332
-0.0463015363 0.00404996611
0.0316174366 -0.0410004631
0.124667183 -0.0621837638
0.0509015545 -0.0442202501
0.00646030111 0.0643654615
0.0241390169 0.0242684074
0.0414227396 -0.0126178181
-0.0057848352 -0.0168050136
-0.0111837201 -0.0499748401
0.0132026309 0.0654033944
-0.0574609712 0.0148622515
-0.00578032341 -0.0316853337
0.0636776462 0.0276385397
0.00956742279 -0.0247421451
0.00417907443 -0.00958034862
0.00914431456 0.0288086832
0.00389147154 0.0137650389
0.0399949886 0.011899367
-0.0868279561 -0.0215314366
-0.0433544442 0.0350179449
0.00236743758 0.0682866797
-0.0445066243 0.0125669753
-0.0376185849 0.105212249
0.0493926778 0.0312753208
0.0608214214 -0.0648476258
-0.0798022449 0.013567376
0.0046352027 -0.0124714961
0.0315007158 -0.0482273325
0.0135714654 0.00909367576
0.028793253 0.0171959084
-0.00107222155 -0.0373700634
0.0562634356 -0.0163050927
0.00638299529 -0.0113524972
-0.000382000493 0.0673483387
-0.0055758846 0.0278387275
0.0416890793 -0.0441974029
0.000771139399 0.0196405277
-0.105965383 0.0242560543
0.040087644 0.0149753839
0.0325694792 0.000376002077
-0.0383086652 0.00236863038
-0.0186793357 0.00328712678
-0.0506165661 -0.0503600501
-0.0423560478 -0.032177534
0.0111943902 -0.030492356
0.00848867092 0.00797642861
-0.0563008748 -0.0613101386
-0.0167460199 -0.0431614704
-0.0177290756 0.0828379169
-0.0305102598 0.0464053154
0.012314532 0.0400488675
0.0143866902 0.0496153235
0.00221638405 0.00828071497
-0.0182577912 0.00800207816
0.00306143123 -0.0662483498
-0.0327195749 0.0158146732
-0.0125443758 0.0286124852
-0.026874749 -0.0525578931
0.00536365621 0.0287031233
0.045673918 0.0388963856
-0.000936572091 0.00702524092
0.0793529376 -0.000653790834
0.0566121154 -0.0810393989
-0.0382837914 -0.00693564862
-0.061588835 -0.0603900552
0.00514412392 -0.0344504006
0.0413304977 0.0378607064
0.00163587753 -0.049413871
0.0701949969 -0.01754646
0.0727017894 0.030533297
0.025518151 0.0360832475
0.0049511902 -0.0773445442
0.0539009571 -0.024052443
0.0311300829 -0.0160231721
-0.0802173391 -0.0582647175
0.0418838039 0.049324166
-0.0578903034 -0.0424325131
-0.0981724784 -0.0563699044
-0.0102092307 0.00892729219
-0.0303208306 0.074563846
0.0385226756 0.0505743884
-0.0440076813 0.0286323372
-0.0342543572 0.138887525
-0.0386344716 -0.016080549
-0.0181663875 0.0157022923
0.0895989239 0.00557853281
-0.0188842714 -0.0200459827
-0.0265168641 0.0456952564
-0.015078512 -0.0426186584
-0.0256018899 -0.0385002568
0.0621842481 -0.0248906612
0.0359064974 0.0238905791
0.013102985 -0.049914062
0.00602997933 -0.0620452426
-0.0378673077 -0.00258768979
-0.014276444 0.0681984648
0.0517878607 0.0443802886
-0.00486413343 -0.068723239
-0.0290817656 0.0265435707
-0.00754297059 0.0615956634
-0.000828607706 0.0590360723
0.0194626488 0.123129047
0.0149835516 0.0670370683
-0.0557918623 0.0645267442
0.0185385756 -0.0155340387
0.1334465 -0.0495548733
-0.0175962597 0.0376180112
-0.0125934239 0.037839368
-0.000395039329 0.0211510863
-0.0214065071 0.090013437
0.0572616793 0.103986368
0.0212795567 -0.0439900123
0.0269938186 -0.0149339652
0.00735865906 0.0218103174
-0.00125291245 -0.00251989602
0.0574997999 0.060824506
0.0439873375 0.0217005294
-0.0315616727 -0.0369151495
-0.0316560157 -0.0510084629
0.0279799029 -0.0485548191
-0.0114351911 -0.00298698503
-8.65445181e-05 0.00670018839
0.0650054365 0.0268631708
0.000733618857 0.0213491675
0.00685358001 0.0237737726
-0.0154233929 -0.0028316502
-0.0262150411 -0.0420022048
0.0272948258 0.0119380606
0.0345206223 0.0145259211
0.00435017655 -0.043993447
-0.00426417217 -0.0348576866
-0.012707158 -0.0374137163
0.0146468207 -0.0561703779
-0.00411033304 -0.0332972445
0.0016305336 0.0930162892
0.0113255559 0.0796921998
0.00816366076 0.0104441326
-0.0261525344 0.0160136577
0.0266979244 0.00779875368
-0.0817361772 -0.0396402888
-0.0372753851 -0.0272970926
0.0328763872 0.0619390756
-0.0206900313 -0.0499744043
0.0462823361 -0.0267726518
0.0323430039 0.0598139912
-0.0362114981 -0.0609562211
-0.0211834647 -0.0165133718
-0.0592352636 -0.00225841394
-0.0244967788 0.0409969464
-0.0102656418 0.0425635725
0.00180878025 -0.061611522
0.0454672314 0.0357012339
-0.0403024293 -0.0211537443
-0.0437679477 -0.00468789227
0.0177796204 0.0493594557
-0.0287061781 -0.12016274
-0.0356574878 -0.0342456996
0.0471481122 0.0342181697
0.0442915931 -0.0240720287
0.0281372443 -0.033803232
-0.0333176106 -0.00588239823
-0.0126478933 0.0344965868
0.0116035389 -0.0746766031
-0.0981336907 -0.0489422567
-0.00749490922 0.0132300854
0.00657044956 0.0208812747
-0.0832761228 0.032149367
0.00736172171 -0.050018616
-0.0581379011 -0.0206749663
0.0138935959 -0.0728135258
0.116709664 -0.0469596013
-0.0537983775 -0.00334156188
0.00836626347 -0.00695386063
0.0156115368 0.0052382187
-0.0414187871 -0.051715754
-0.0152691025 0.067717649
-0.0877145454 0.0705777183
-0.0415419377 -0.0294898972
-0.0139700854 -0.0754038766
0.0101816785 -0.0450960845
0.00186128519 -0.0538731813
-0.00959901791 -0.0271373708
0.065483205 0.0290220454
0.00581073388 0.0169655308
0.00292621483 0.0519259125
0.0173256099 -0.021933075
0.0231560729 -0.0214681085
0.0490672924 -0.015878804
-0.0114047844 0.00165214017
0.0256083477 -0.0525898002
0.0782609135 -0.00385699677
-0.0892352685 0.0234520994
-0.0629790053 -0.0203710552
-0.0319297202 -0.0158351175
-0.0681955814 0.0751648471
-0.0401650257 -0.0565308817
0.0150604304 -0.0621665604
-0.0221895929 -0.0140240174
-0.000823319366 -0.0883235931
0.0494729392 0.0300077107
0.0485052429 0.00825444423
-0.0123798316 -0.0509952828
-0.0231270958 -0.0642860457
-0.0187647436 0.0312128998
-0.0452507623 -0.0294967666
-0.036550682 -0.0152494954
0.0136363683 0.0623011291
0.0428817607 -0.0351066999
-0.0186494682 -0.0407464989
-0.0537877083 -0.0560646877
0.00102046027 -0.00854202919
5.03067395e-06 -0.0492005646
-0.0427636579 -0.0934275389
-0.0518001653 0.0224504974
0.014765989 -0.0263034627
0.0737432614 0.0170830917
-0.00145711156 -0.00176058011
-0.0688828081 0.0388071314
-0.0462494716 0.0464311168
0.0112088611 0.0136079304
0.0502376147 0.0878343731
-0.0388210304 -0.06121381
-0.0109847225 -0.0122375041
0.0991995037 0.0913920626
0.0428083465 -0.0329904221
0.0403701887 -0.0214976091
0.0753389522 -0.00538244378
0.0134102283 -0.0097259935
-0.0248191133 0.0251898691
-0.0240850598 0.0173581559
0.042009525 0.00529861543
0.0457771048 0.06947954
0.0166226234 -0.039862778
0.0736973211 0.0249499623
0.0354640186 0.0808065832
-0.0407091491 -0.0351197608
-0.00882346649 -0.00559057761
0.0219578799 0.0326389894
-0.034559723 -0.0424363762
-0.0602838807 0.00574714364
-0.0726529434 0.00447211135
0.017123485 -0.0273894854
-0.0431580134 0.0270212889
-0.0845425576 -0.0139790019
0.0451777279 0.0135146631
0.0812539831 0.0383117683
-0.0332345404 -0.0291931275
-0.0437358506 0.0689554513
-0.0275444333 -0.0270793959
0.0336455852 0.00381020224
0.0220586937 0.0388418622
0.0189982969 -0.0466923453
0.00932038855 -0.0543882214
0.00579056796 0.0245213248
-0.0149548743 -0.0092017334
-0.00323633198 0.0161005631
0.015686864 0.0696866512
-0.0576515198 -0.092611216
-0.116193138 -0.061236091
0.0207060315 0.00720249442
-0.00321186241 -0.0486186072
-0.00573055679 0.0089074159
-0.00667227292 -0.00621193973
-0.0229431335 0.0178793427
0.0339654237 0.00957252085
-0.0375898555 -0.00637405738
-0.00642747851 -0.0138299158
0.00656688539 0.00311568915
8.1859791e-05 0.0995997787
0.0461682528 0.0275099259
0.0609703772 -0.0704392269
0.083988741 -0.000139785756
-0.0339567773 0.0109016178
-0.0276361741 -0.0174712669
0.00351327728 0.027381083
0.00337600242 -0.0706549734
0.0270419158 0.00101034367
-0.0333398692 0.0567157976
0.00428148406 -0.0619489402
0.0259828754 -0.019690454
0.035078343 -0.000950390473
-0.0406641327 -0.0373475961
-0.0243028868 -0.0447662175
-0.00345690292 0.018344352
-0.0164937098 0.0307679512
0.0488256626 -0.0233876109
-0.037603911 -0.0656140819
0.00958008412 -0.110955767
0.0300924275 0.0534688532
-0.039032869 0.0313017294
-0.0362534821 -0.0172789916
-0.0098616723 0.0311953072
0.104990333 -0.0484098382
-0.030583784 -0.0523800366
0.0134498971 -0.0413225368
0.00647615083 -0.0271125808
-0.0567726009 0.0566234291
0.0499423891 0.074817799
-0.0733598471 0.00196668319
-0.0921838731 -0.0344542153
-0.0838035345 0.0257414356
0.0174494609 0.0194780957
0.0704152361 0.0157243554
-0.0112024117 -0.000748231076
-0.0266381167 -0.00914711319
-0.043270465 0.0068534147
0.00736966543 0.0125739919
-0.0234111808 0.0217702091
0.0037718995 -0.000682683254
0.0573098809 -0.0281329043
0.0391685627 0.0259132292
0.0639293417 0.0579778366
-0.0673805252 -0.0408712439
-0.00459324196 0.0133931171
-0.010055732 -0.0192809589
-0.0412228033 -0.0699926168
0.0354818255 0.0374279507
-0.0227622893 0.0160022695
0.0137415128 -0.0362111963
-0.0327835195 -0.10632439
0.0472442992 -0.0333828554
0.0109328981 0.0128004206
-0.0949480832 0.013845589
0.0493336394 0.143341988
0.0153014148 0.0275460184
-0.0224283822 0.0282630194
0.0349073932 0.134205192
0.0406891555 0.000107505912
-0.0084104808 -0.025290912
-0.00449228054 -0.0542786196
0.0470351465 -0.00310293306
0.0662818402 0.0535663962
0.00520533556 -0.0574979447
-0.0160503499 0.0310603492
-0.00115683454 0.0566887334
-0.029770365 0.0392450392
0.0107593173 0.0122876745
0.0649516508 -0.029818695
-0.000282637717 0.108924791
-0.00534194103 0.0705193132
0.0240847021 0.0085742576
0.0170962922 0.0177030172
-0.00320946798 -0.0326266512
-0.0178815629 0.0010367923
0.00976892095 0.0695859939
-0.00447604014 -0.0425991975
-0.0161573384 -0.0743182153
-0.040883217 0.0385948904
-0.00842650142 -0.0824737996
-0.000640374667 -0.0491642058
0.0668075308 0.000586968381
0.051916156 -0.0689181089
-0.0197511408 0.017259663
-0.0182026252 -0.0128656281
0.0191192161 0.0140660238
0.0590206012 -0.00522299949
-0.00967960712 -0.0315857977
-0.0162945241 0.0743395537
-0.0132529801 0.00383661781
-0.0724003613 -0.00147744478
0.0388443358 0.00763008883
0.0608148165 0.0115458705
0.0432479382 0.101216957
-0.0215569641 0.0793896094
-0.0557940938 0.0242819358
-0.0439151861 -0.0455022417
0.00825610198 0.0366868675
0.0574959479 0.0460795462
-0.00768883899 -0.0559089519
7.0191054e-05 0.00389071321
0.00935124606 0.0523035899
-0.0123563847 0.0817929432
-0.0260816775 0.00211005029
-0.00952528417 -0.0348541066
0.00777442567 0.0721643046
0.0472570397 -0.0390245169
0.0385856666 -0.0148609551
-0.0452896804 0.0655555278
-0.00998960342 -0.0126355728
-0.0185934827 0.00887753535
-0.0242775567 -0.00965341832
0.0178942773 0.0432042293
-0.0164188631 0.0549057089
0.0481845811 0.0569705069
-0.0317793936 -0.0368814841
-0.034226317 -0.112248495
0.0724393204 0.0178160556
0.0181690864 0.0121378535
-0.040718887 -0.0113200527
-0.0174802411 0.0140690655
-0.0138158249 -0.0276392344
0.0237824302 0.0413832925
0.0568889566 0.0683781728
0.0612796247 0.0217998102
-0.0117415236 0.0778911337
0.0082904771 0.0415955074
0.0400524437 -0.010801482
-0.0720129907 0.06533131
0.01327918 0.00668601319
0.00382557884 0.0309480745
-0.0318101868 0.00460529327
0.0625202879 -0.0314645544
0.00828492176 0.0347710699
0.0145638827 -0.115931801
0.0264913235 -0.0759670138
0.00900915638 0.0404712074
0.033811748 -0.0182683878
0.0433483385 -0.0380398296
0.0548259318 -0.0445865616
-0.00603590347 0.0375343561
0.0203750376 0.053630814
-0.0311413109 0.0516029112
0.00833321735 0.0315706581
0.139810279 -0.0283448808
0.0600594878 -0.00483999914
-0.00142429117 0.0169365797
-0.0460365862 0.00851111114
-0.0662856773 -0.0775467008
-0.0371819958 -0.0617208444
-0.044167392 -0.0207677241
0.00568282325 -0.0284781717
-0.0209588297 -0.0196921937
-0.0655753911 -0.00235635717
-0.0247433167 -0.0197452903
-0.0274136066 0.0457913838
0.00640325807 0.0793752149
-0.0656067878 -0.01239332
-0.0411945619 0.0232640933
0.0218554735 -0.0367104858
0.0261651669 -0.112420626
0.00734281726 -0.0525957234
-0.0401514024 -0.0145959761
-0.00987286121 -0.00700358162
0.0311353672 0.0177148003
0.0457739346 0.0344211087
0.0631643012 -0.0304797702
-0.0345269106 -0.0246009175
-0.0147827985 0.00362971937
0.00559681328 0.0193333458
-0.034902174 -0.00807220954
-0.0279646423 -0.0347204506
-0.0738044977 0.00722995866
0.0412957072 -0.0324451737
0.0407813154 0.0125592109
-0.036962904 -0.0437455997
0.0557930321 -0.0304254405
0.0369907767 0.0382638238
-0.0803513303 -0.00500477292
-0.0441780016 -0.0347843319
-0.0218873881 -0.0294596199
-0.113369785 0.0441960543
-0.0143404817 -0.0473463051
0.0102009336 -0.0438117869
0.00253596413 -0.0323615335
0.0280386731 -0.0730325431
0.0330161899 0.0373333581
0.0317842141 0.0402789675
0.014770126 -0.0458215699
0.0277597643 -0.0455141105
-0.0444372706 0.0202104878
-0.0240870696 -0.0307304617
-0.0348688103 -0.0182730295
-0.00672021136 0.0631558448
0.0698347688 -0.0262042917
0.011271324 -0.0388142429
-0.0283061005 -0.0618030429
0.00714126509 -0.0134563595
0.0169067718 -0.0104686534
-0.00583788007 -0.0901070461
-0.0595351309 0.0270594694
0.0327401794 -0.0159356017
0.0553934202 0.0221195705
-0.0102386568 0.00544547522
-0.0843725875 0.0183268189
-0.040633224 0.0294901021
-0.064244844 -0.0225358475
-0.0164032988 0.0158254802
-0.0372780897 -0.0114603164
0.0220285468 -0.0160309058
0.0579190925 0.0364961512
-0.083282657 -0.0413304493
0.0260604974 -0.00801162794
0.0221535936 0.0202934835
0.0201487839 -0.0745262057
0.0410211608 -0.0621327572
-0.0253468007 -0.00969313644
0.018934736 0.0103543131
-0.0638269931 0.0416329615
-0.0148716038 0.0188453458
0.0778084844 -0.0661772862
0.06961523 -0.0121670347
0.00751659181 -0.0708028898
0.0306100026 -0.0858879164
0.0318948105 -0.0238897931
-0.0477799922 -0.0301668141
0.000399254146 -0.064699471
-0.00326150632 -0.0314583965
0.0322981924 0.00162529957
0.00723619061 -0.0345643982
0.0114907976 -0.0451092124
0.0193704125 0.0632225573
-0.00763443252 0.00117227912
0.00953235663 -0.0402179733
-0.00975496601 0.0179751106
0.0757758245 0.0438024029
-0.0031571826 0.101628371
-0.00469106901 -0.018616721
0.0394983105 -0.112235449
-0.0723078549 0.0873519108
-0.0139634162 0.0268658884
-0.0490917936 -0.0184799843
-0.0388454385 0.0159537941
-0.041994147 -0.0783465281
0.0464562103 -0.067926228
0.0205304381 -0.00169831386
-0.03797739 0.00237165601
0.0976119712 -0.0307135899
0.0236696061 -0.131877124
0.0506248809 -0.00848024432
0.069065243 0.025462959
0.0172036961 -0.00544192642
-0.0717133731 0.00764444983
-0.0525297783 -0.0639524981
0.00883540884 -0.0676821098
-0.0396127738 0.0303875897
0.0289736204 0.131701469
-0.00727771269 0.000510138168
-0.0397687629 -0.0590087138
-0.0384095274 0.0569646768
-0.0381451547 0.0363193937
-0.00354757509 0.0389787741
-0.000293816207 -0.0301198885
-0.00180060929 0.0280485377
-0.00901911967 0.0458470471
0.0144931711 -0.0383391604
-0.0713666305 0.0163391791
-0.0247831978 -0.018789148
0.0625656173 -0.0707045868
-0.00204839557 -0.00137672923
0.024318574 -0.0156685691
-0.0277346931 -0.0543442741
-0.00765735796 0.00596530037
0.0467913672 0.0147183388
0.00236169482 -0.00847054273
0.02503068 -0.0683499873
-0.0332890339 -0.0212182142
-0.0172898658 0.0149863046
0.0516364686 -0.010860947
-0.00135800801 0.0221178774
-0.0218215864 0.00113321061
0.0250796676 -0.01926478
-0.035011977 0.0326183997
0.0891814008 -0.00845043734
0.0828151703 -0.0511096567
-0.0275854096 -0.021482965
-0.031654343 -0.0313259885
-0.0685202405 -0.00144724711
-0.0465396233 0.00704802014
-0.0533164814 -0.0331414156
0.00472031767 -0.0453781486
0.000805276562 0.0187967829
0.0347055271 0.0399860963
0.0613120236 -0.0054525747
0.0011484666 -0.012901593
0.0731360167 0.000752831402
-0.0590841919 0.0199803822
-0.115440749 -0.0170234852
0.00451299595 -0.0021851121
-0.044558432 0.0334077328
-0.0107342573 -0.00232372992
0.0244712587 -0.021902008
0.037459366 0.0062240581
-0.0549483933 0.0295643602
-0.0883308351 -0.0381802209
-0.00925881229 0.0176549833
0.0374351554 0.0500014611
0.0307382047 -0.00537748635
0.0279810149 -0.0654353201
-0.00558158662 0.00860604178
0.0254054684 0.00284953578
0.0383884162 0.0367428511
0.0142903915 0.0591626614
0.0474816449 -0.0684866309
-0.0389871076 -0.0375867635
-0.017608257 0.0698765218
-0.00792848039 -0.0645803064
-0.0743799508 -0.0179322157
-0.0123320753 0.0587839447
0.0790217817 -0.015669601
0.00443590526 -0.00255388627
-0.000633099291 -0.028731335
0.0156253986 0.0564982928
-0.041796308 0.0761010125
0.0767805949 0.0302947219
0.0904497057 0.0365479402
-0.00270235981 0.00136247964
-0.0258326549 0.0309544653
-0.0706360266 -0.0602812469
0.0259351302 0.0219038762
0.000809618738 0.0564386584
-0.0368777066 0.0197969358
0.0168596506 0.0319945589
-0.0567559488 0.00248026103
-0.0164832119 0.0068647149
-0.04077667 -0.0271863751
-0.0502453744 0.0477761477
0.00909173209 0.0397894904
-0.0351946279 0.0399137512
-0.0388796665 0.0565229096
-0.0236688089 -0.0081689395
0.0604613498 0.032874532
-0.00565829966 -0.00444940012
-0.0233833101 -0.0231044479
0.00498249335 -0.00239204569
0.0199142992 0.0364613347
0.0168179367 0.0520871021
0.000916808553 -0.0331773758
0.030491773 0.0312484764
0.0549488999 0.0412132367
0.000903203676 0.0160805285
0.0457612649 0.0679546669
0.00489588082 0.0015441546
-0.0237415433 0.00607288489
0.0237206873 -0.021407079
-0.0468196794 -0.0286219772
0.0513683967 -0.0957890525
0.018361859 -0.0510078669
0.0283111073 0.0596684255
0.100477166 -0.0156579018
0.0223953389 0.0026866917
-0.043629948 -0.0127783045
-0.0975729376 -0.0554631315
0.0455346741 -0.00515675871
-0.00654229708 0.0244280994
-0.0509715229 -0.0105225276
0.047049325 0.0213528965
0.0151409125 0.0117698815
0.0972913206 -0.00647071376
-0.00379295228 -0.0381818376
-0.0400500111 -0.00921947416
-0.0522724278 0.057304956
-0.00797473732 -0.0642250106
0.0641802028 -0.0245946497
-0.0230075568 0.0677622557
0.0619469471 0.0456298366
0.0927923694 0.0496210344
0.0368519686 -0.00614479557
0.0211167056 -0.0512404665
0.0131181292 -0.00388652226
0.0819456875 0.0530081242
-0.0163702946 -0.039303489
-0.0481059365 -0.0088530723
-0.0205486659 0.0420806706
-0.091368258 -0.0129671013
-0.0675429851 0.00616051117
-0.0359089486 0.00864007883
-0.014709916 -0.00321385288
0.0680639371 -0.0521438904
0.0643967465 0.0385013819
-0.0677375346 0.0590517707
0.029583713 -0.0833337381
0.0428788885 -0.0199131705
0.00428449642 -0.0940170065
-0.0468886532 -0.0795466229
-0.110131659 0.0821497217
0.0421363935 -0.0372569337
-0.0372310542 -0.0492248163
-0.056053523 0.0670601726
0.00507377321 -0.00598942861
0.0366753042 -0.0331614055
0.0151654892 0.0627051815
-0.0303945262 0.0346131511
0.00111221324 0.0148599343
-0.0619815998 -0.0139481993
0.00159707794 0.0451703444
0.133566767 0.122434035
-0.00946909748 0.00696527492
0.0108209597 -0.0191421397
0.0149613647 0.0164588746
-0.00257314136 -0.0288110971
0.01540328 0.0101232743
-0.0497311018 0.00318387337
0.0321681835 0.00697954418
0.0385609418 0.00613123551
-0.0204611737 0.0150678474
-0.00142867514 -0.0295108166
0.0156004764 -0.0256597362
0.018705558 0.0916807204
-0.0543013103 0.120271951
-0.0868868902 0.0544456579
0.0526181981 -0.0211300943
0.0625861883 -0.1091519
-0.0788879022 0.00516413618
-0.0512475111 0.0292350277
0.0702312738 -0.00485197967
-0.00193323113 0.0489168987
0.0673292354 0.0164088998
0.0884423926 0.0216825847
-0.00459030829 0.0337530635
0.0531512201 -0.0195586402
-0.00216962234 0.0317031853
0.0199098624 0.0582281947
0.0495148748 0.0108387442
-0.0623521283 0.00677565392
-0.00867392495 0.00581224915
-0.0208417457 -0.0651677921
-0.0334226713 -0.000616590609
0.0028308162 -0.013624128
-0.027298905 -0.0446563922
-0.0220952481 0.0225314088
0.042004209 0.00996117853
0.0219468456 0.00532242423
-0.0130506596 0.00401983596
0.0248371065 0.0126048001
0.028044384 0.0473994985
-0.051123891 0.00726497453
-0.0100036496 -0.0346630774
-0.00560633047 -0.0408595987
-0.0156394355 -0.0122756371
0.0878752321 0.00239036232
0.00184114836 0.0116057573
-0.0467148982 0.000177249589
-0.0170852728 0.00424327934
-0.0491346568 -0.0112750689
-0.0754291788 -0.0565363206
-0.0925751925 0.0208940171
-0.033898104 -0.0814090595
0.0563293807 -0.056834504
0.00992983859 0.0532993712
-0.0057367296 -0.00231351703
-0.0075773485 -0.00748789497
-0.053786166 -0.0205256771
-0.0174025875 0.0283479355
-0.0368075632 -0.0164712351
0.00589379249 -0.0401602499
0.0528012738 0.0416388176
-0.069093734 -0.0666599423
0.0300401244 0.00295088999
0.0157551318 0.0284639094
0.0349779762 -0.0551539361
0.0755565092 -0.0561507642
-0.0244589355 -0.027568968
0.0282414611 0.0279232487
-0.0667315498 0.00907836296
-0.0239931438 0.0163417384
0.104208291 -0.0310006831
0.0560347438 -0.00594604667
0.0507502817 -0.0603753701
0.0360126942 -0.0653778017
0.0319871046 0.0115782283
-0.00752281072 -0.039884463
0.00511782384 -0.0464623868
-0.00828168355 -0.0832383484
0.0388587825 0.0223605726
0.0275550671 -0.0343546271
0.0168874357 -0.0279245935
-0.00095815555 0.0680214614
-0.0265540872 -0.00375285489
0.0321626812 -0.0491870381
-0.00920529384 0.0234914906
0.0505875275 0.0727020875
-0.0235421322 0.0972133875
0.0036672093 -0.0228611454
0.0202280134 -0.0107241189
-0.00605719164 0.00889800489
0.00160058285 0.0176526029
-0.00461426238 -0.00437427452
-0.00677559432 0.010460482
-0.00383961713 0.00390839577
-0.00478857895 -0.00932281557
-0.0167665016 0.00632932317
-0.0176115148 -0.0102775237
-0.00720967632 0.00590670761
0.00303667202 -0.0141938096
0.0131041324 -0.0115520358
-0.00513153151 0.00405574217
-0.00145228906 0.00192289893
0.00572327897 0.00870295241
0.00752573973 -0.00114018819
0.00045837072 -0.0111373635
-0.00168785523 0.0139008313
0.0189685524 -0.00683009811
-0.00423921412 0.0124182347
-0.00521264505 0.00778282294
-0.0169458371 0.0154725872
0.00676316675 -0.0197247099
-0.00207651313 -0.000815196836
0.0185925551 -0.000184721866
-0.00358889275 0.00616096891
0.00921882316 -0.00928736292
0.00665096473 0.0213181209
0.01586877 0.00169719756
-0.00934177544 -0.0226860382
0.0145931412 0.00556301279
0.000485035038 -0.000105654726
0.000186451667 -0.00653541926
-0.00358548108 0.00745444279
-0.00334204361 -0.000660190766
-0.00167519599 -0.00960269291
-0.0213192925 -0.00474023726
0.00560636958 -0.00286841439
0.000469948951 0.00347676687
-0.00816762075 -0.00420251023
-0.000186928752 -0.000570704113
0.02383334 -0.0108925216
0.00487891678 -0.00639295252
-0.00362950028 0.00186643482
0.0129987337 0.0257857051
-0.00612659194 -0.00788466632
-4.99481466e-05 -0.00739419973
-0.00613413984 0.0080672577
-0.00471918983 0.0188521799
0.00553843193 0.012002076
0.0070961793 -0.00799481198
-0.00805216283 0.00919893757
-0.00155287224 0.00426122034
0.00144949288 -0.00193424919
-0.00166477694 -0.0122522321
-4.35788315e-05 0.000171037289
-0.00655815983 -5.50324803e-05
-0.00737332553 0.00420203246
0.00324044959 -0.0154633531
-0.00765401544 -0.0116924075
0.00406255154 0.00159673754
-0.00368686067 0.013091254
-0.00952059869 0.00617330242
-0.00446819561 -0.00643327972
-0.00530179543 0.0061878236
0.000261548412 -0.00871469267
0.0019513187 -0.00321538025
-0.00115628086 -0.00307321898
-0.00668125879 -0.00757796643
0.0144201433 -0.00237821112
0.00725880079 0.00968172494
0.000772883068 0.00333967246
0.0130966594 -0.0206646528
0.0012552737 0.012103158
-0.00292066508 0.00413848599
0.00293261558 -0.00994930603
0.0246754102 0.00609869696
0.00804376416 0.00948053971
0.00758025842 0.0144373244
-0.00240237219 -0.00572847715
0.00766438292 -0.00859848876
0.0236749537 -0.00929263048
0.00432355003 0.000296949001
0.0121021513 -0.00796918292
0.00998528209 0.01211832
0.00653061457 -0.00038275402
0.0135459136 0.00934097823
0.00272943894 -0.00117555039
0.00627754396 -0.00615920685
-0.0034690348 -0.0112528838
0.0226832088 0.014342865
0.00551538635 -0.0113983499
0.000378301862 0.00476295827
0.0110538434 0.0124036213
-0.00453742221 0.000748669961
-0.002655274 0.0139054852
-0.00690055452 -0.00148843951
0.00105129043 -0.00264399778
-0.00369533943 0.00119988911
0.006327115 -0.00395791652
-0.00153261749 0.00278627872
-0.00521089463 -0.00116332166
-0.00538489781 0.0130993985
-0.000737139839 -0.00058348506
-0.00619016588 0.00707424385
0.00790428743 0.0062022144
0.00621576607 0.00230849325
0.00199420704 -0.00144858111
-0.0141038224 0.0131664909
0.00165177067 0.0158852749
-0.0120594501 0.000257864012
0.00297250529 -0.00403045211
0.00147289236 -0.00323894154
-0.00317475665 -0.0096014617
-0.00445855735 -0.0139631098
-0.00498604355 -0.00609865505
0.0189177375 0.00464110961
-0.00445763255 0.00920446217
-0.00374380592 0.0085217841
0.0079317214 0.00654241862
0.00467092637 -0.00154095585
0.0103693996 0.000305262365
-0.0108852601 -0.00268385676
-0.00998613425 -0.000914943521
0.031939052 0.00155097025
0.000354156393 -0.00198934437
-0.00168177718 -0.00338673661
0.00243422459 -0.00246982463
0.00795244705 0.00744245341
-0.0129613448 0.0070244763
0.00398255698 -0.00389513164
0.000987198087 -0.00391048845
0.00581366941 0.00368458522
0.000816406508 0.00436422136
0.0009628103 -0.0225261748
-0.0094265081 0.00514392555
-0.0222844984 -0.00363912689
0.00974023249 -0.000102098551
-0.0158552732 0.00737339025
-0.00310023571 -0.00199495954
0.0197114013 -0.0127577493
-0.00118592754 -0.0096732052
0.00734405965 -0.00436150748
-0.000157518778 -0.00598170795
0.00681780186 0.000727931852
0.00295031676 -0.00880961865
-0.00472954102 0.000267746014
0.0112947412 0.00735512096
-0.00188034843 -0.00154506951
-0.00942426547 -0.0117185535
-0.00184493826 -0.00383582246
0.00684189703 -0.0048600845
-0.0150559451 0.0161077734
0.0104375761 -0.00904368795
0.0133028459 -0.0197657626
0.0227900818 -0.00691933511
-0.00634636916 0.00137482712
0.00388009148 0.00966671016
-0.0139365233 -0.00683750352
-0.00617065514 0.00815156195
0.00314965122 -0.00639599981
0.00244364864 0.00601862511
0.00238182372 -0.00899104401
0.00317829684 -0.0128080025
-0.0108421566 0.01729233
-0.00291769858 -0.00383113674
0.0010149536 0.00736212358
0.00126932771 0.0146361114
0.00419801939 0.00751706259
0.00847225171 0.00479644071
0.0137283923 -0.00626091613
-0.0200984124 0.00922665093
-0.00139887736 -0.0110754119
0.00458693644 -0.019026259
-0.00375642045 -0.00722578773
0.0110957427 -0.00206588651
0.00683250371 0.002282253
-0.00413568923 0.0106200594
0.00287122605 -0.00452009263
0.0125483312 9.19876038e-05
-0.000682617072 -0.00765120191
0.0050512841 -0.024489373
0.0104067698 -0.004047052
0.00565375248 -0.00250107655
0.0174405631 -0.010227818
-0.000539550616 0.0135186799
0.00339707243 0.0127507411
-0.00570331048 0.00194643356
-0.0100303954 0.00336185494
0.0022701032 -0.00632284628
-0.0240906477 -0.00478591304
0.00916930847 -0.0146895964
0.01345893 -0.0110030873
0.00328832283 -0.0067563979
-0.00289900601 0.00296253501
0.011706193 -0.00232741842
0.00240020128 -0.00747498451
0.00549034262 0.0127929151
0.0205604006 0.00350352051
0.00880960934 -0.00418725517
