1.1905654e-05 0.00209497614
0.00289667048 0.015204479
-0.00264487928 0.0117527619
-0.00862775184 -0.00798102841
-0.00439868728 0.00121096149
-0.00961156562 -0.00806946307
0.000593933044 0.00560780754
0.0129501233 -0.00842437614
-0.00473846914 0.00894936733
-0.00599313341 0.0037755575
0.00477384636 0.00937916338
0.00344855315 -0.00141752744
0.000960640376 -0.0140984645
-0.00892689824 0.0171311367
-0.000291336502 -0.00166873401
0.00679957168 0.0132881254
-0.0129858907 0.00423663156
-0.00438975962 0.0065486501
-0.01828775 0.0178249516
-0.012458073 0.00337630464
-0.0177287534 0.0136769237
-0.00238144607 -0.0143483579
-0.012200892 0.00852546468
0.00260629714 -0.00236221869
0.0015060443 -0.00131030614
-0.00180833961 0.000100285077
-0.0243259389 0.00357666402
-0.00506081851 0.0160871632
-0.000646302535 -0.0179350805
0.00110092189 0.000415006041
-0.0148813818 -0.00677743601
-0.00450031972 0.0113327773
-0.0095158387 -0.0039877668
-0.00777616911 0.00451138988
0.0102207707 -0.00396979181
-0.00773517648 0.006561446
-0.000190198014 0.00982465781
0.00850844383 -0.0039573242
-0.0056413319 0.000550512224
-0.00126978825 -0.0137303649
0.00111062615 0.00294036162
0.00073689397 0.00827734265
-0.0119345346 -0.00519934436
0.000901026593 0.0108306771
0.0128384167 -0.0202672686
-0.015255644 -0.0176780075
0.00809850544 -0.0135686528
0.00107730646 -0.00471041305
-0.00620433688 0.00028512007
0.0193443503 -0.00109726156
0.00736471359 -0.000779138179
-0.0114792865 0.00721025374
0.000637380406 -0.0045817052
0.00535206916 -0.012331171
-0.0020556706 -0.0120006781
0.00700415205 0.0203149058
-0.00109260669 -0.0227470957
0.0064221872 -0.0018358333
0.0142076034 0.0138225658
-0.00644056918 0.00481296889
0.00179592252 -0.00806835108
-0.00448248768 0.000117480966
0.00141400145 0.00833227858
-0.0112276338 0.011944741
-0.00580134755 -0.00857541244
-0.0017298453 0.00740139466
0.0087528564 0.00224090461
0.0113327932 0.0104241334
-0.0124834161 0.0137595981
-0.00776916463 -0.00313470955
0.00591309462 -0.0141795091
-0.0191811919 0.0043119383
-0.00404521544 0.0173026081
-0.000770669838 0.00665720459
0.0122195445 0.00190976029
0.007283621 0.0230534319
-0.00343509926 -0.00997719821
-0.00332885329 0.00883282349
-0.00257217418 -0.00545220543
0.0147526599 6.99655866e-05
-0.00411641877 0.000983949751
-0.00251973304 0.0147368088
0.00314940466 -0.00915367994
-0.00131970784 -0.00514230225
-0.00236456795 -0.0153536601
-0.0106361769 0.00503583672
-0.00024576654 -0.00442944141
-0.00416592741 0.00421348633
0.0109586874 -0.0107320249
0.00620859629 -0.00367457303
8.5127067e-05 0.0100573041
0.00641133077 -0.00189352047
-0.0030914261 0.00615843944
0.0103446702 0.00477702264
-0.000165372738 -0.00341446814
0.00513792457 -0.015275944
-0.012163965 0.00995378476
0.00340970932 0.001536567
-0.0160006192 0.0100745438
-0.0203653947 -0.0187806208
-0.00350885326 -0.0158999208
-0.00944170542 -0.0204148311
0.0012819058 -0.00853775069
0.0220766272 0.00928958971
-0.00784356799 0.0057688891
-0.00604673522 -0.000107052896
0.00203396194 0.00119508244
0.0050455071 0.00717804534
-0.00181726378 -0.00285722525
-0.00184443931 0.00390690006
0.00684593013 0.00109015964
0.00420061778 -0.0213471018
-0.0101432065 -0.00332701509
-0.000242487178 0.0131703746
0.000187448852 -0.00384183368
-0.010253205 -0.00097045966
0.00227277633 -0.00597117841
-0.00848964229 -0.00434430316
0.00985170249 0.010478124
0.00175507832 -0.00267047016
0.000445650541 -0.00991830137
-0.00699780509 -0.0298413131
-0.00138496317 -0.00548830442
-0.0201408006 -0.0181800164
-0.0117101558 -0.0171556827
0.00384693849 0.00753387157
-0.0202761088 0.00776586356
0.00735573657 -0.0189029668
-0.0165104866 0.00899400003
0.00751822116 0.00410852535
-0.00852140784 -0.00720103737
0.00785901584 0.00675218087
0.0005343511 -0.015784841
-0.0154033033 -0.0109474212
0.0114186686 -0.0144884232
0.0134260431 -0.0114083774
-0.000228947552 0.00852485467
-0.00327048684 -0.0127642211
-0.00208675931 -0.011054147
-0.00987714715 -0.0087378202
0.0107126478 0.00136537652
-0.00541093247 -0.00302274758
-7.75772205e-05 0.00836021453
-0.00801454019 -0.00648942124
-0.00668411655 -0.0121560944
-0.0125990119 -0.00424156757
0.0121674091 -0.000288446172
-0.00195714808 -0.00895118155
0.00947383698 0.00216105604
0.00104834617 0.0174996741
-0.00701181637 -0.00533012347
-0.00313858013 0.000518799992
-0.00471858121 0.0132722519
-0.000265985349 -0.00636125775
-0.0040767747 -0.00809533987
-0.00348221767 -0.0105256028
-0.0131171923 0.00445593148
-0.00752898632 0.00527110649
0.0158956554 -0.00246725162
-0.00647173543 0.000620497216
-0.00950026605 0.0127217136
0.00372550287 0.00802481454
0.0128138307 -0.0144995954
-0.0140655143 0.000522444141
-0.00196771999 0.000929761329
-0.00571445888 0.00709881028
-0.0171537325 -0.00138529914
0.00671961438 -0.00688550342
-0.000502945797 -0.00465315068
-0.000348338217 -0.0174681917
-0.00729816779 -6.81587262e-05
0.00402998365 -0.00629342766
-0.00495300675 0.00455049379
-0.00200238661 -0.0101097468
-0.0109819286 -0.00384283881
-0.0123489797 -0.0090240743
0.0122426786 -0.0114023359
-0.00449595926 0.00675159926
0.00251529692 -0.0049891714
-7.62842246e-05 0.00398227619
-0.00496851234 -0.0108759282
-0.00486822845 0.000907309819
0.00501588685 -0.0170544162
-0.00323670846 -0.00478899153
-0.00180139008 -0.00512513425
0.000557387597 0.00523924967
0.0114511037 0.000612149364
0.00643486949 -0.00250997487
0.00420501968 0.007449775
-0.00534571335 0.00181116851
-0.0130240684 0.00568321627
0.00963998213 0.00637372024
0.00926086213 -0.00168353168
-0.00157973426 -0.00315476209
0.00541960821 0.00238019763
0.00723945629 -0.00496255932
0.00825443398 0.00276052416
0.00960895047 0.00964248739
-0.00385317882 0.00811902247
0.0143375983 -0.00513757905
-0.0589684136 -0.0364182554
-0.0198260155 0.0125076557
-0.0185087007 -0.0419178195
0.0328401886 -0.00747355726
0.0169727337 0.061656002
-0.0377264805 -0.0677974373
0.0339455456 -0.0131562138
0.0300333593 -0.00298039149
0.0519216843 -0.0591408163
-0.0224230438 0.0264535341
-0.0418109633 0.0130746374
0.0094858706 -0.0139060086
0.0103950286 -0.051451683
-3.51185736e-05 0.0232656784
0.0633281469 0.0175037812
-0.0194460172 0.000135782699
0.0103793079 0.0220998842
0.0123660676 0.0458219238
0.0145596853 0.033492554
-0.0284126811 0.0151914675
-0.0190931838 -0.0377403609
0.0206308402 0.101525635
-0.000166717917 0.0301219262
0.00490949396 0.00731809158
-0.0315104611 0.0147761228
0.0187370889 0.00710276235
0.0519496687 -0.0450706109
-0.0492957719 0.0574678592
-0.00907047093 0.0127564967
-0.00498564821 -0.0106355399
0.0477461554 0.00878765993
-0.0182834025 -0.0252132528
-0.0192955472 -0.00710789161
0.0259401631 -0.00892864075
-0.0355094038 0.0248299614
-0.0817662254 0.061177332
0.0212375373 -0.0280622654
0.00533353584 -0.0260860864
0.032070633 0.0168677717
-0.0169620458 0.0117332432
0.000875409925 -0.000620524341
0.0615619533 0.00441930024
0.0090127755 -0.00046423389
0.0158120915 -0.0145867364
-0.0299640354 -0.0281821992
0.0350828543 0.0360333547
0.018054327 0.00509958761
-0.0197869018 -0.0222201031
-0.0544925816 -0.023524981
-0.003175369 0.0145724425
-0.0436374694 0.00301756337
-0.0387482643 -0.018403586
0.0523768142 0.0328387879
-0.0342232361 0.0138738686
-0.0411980525 -0.0272192899
0.0143417493 0.0464319587
-0.0263924859 -0.0510988906
-0.0238160007 -0.000286686467
0.0299590044 -0.0505108647
0.0129117323 -0.0571690612
-0.0263332296 -0.0372421406
0.000296672137 -0.015610408
0.000282947934 0.006806246
-0.0411266871 0.0657152906
0.0237048808 0.00592279946
0.0270303432 0.029557148
0.00137808861 -0.00531862024
-0.0760684982 -0.0168279074
-0.028350357 -0.00436952943
-0.0334980488 -0.00909473933
0.00710902736 0.0116558438
0.0583125278 -0.00627607014
-0.0263373498 0.0416353643
-0.00301241502 -0.0437056608
-0.0255539604 0.0906444266
-0.00827536732 -0.0387727804
-0.0557699837 -0.00927350949
-0.0402584299 0.0244432706
0.0243273489 0.0890664235
0.00214505102 0.0189817138
0.00962757412 -0.023087278
-0.0508424789 0.00991930068
0.0281757191 0.0156841762
-0.0421749726 0.0666223019
0.0783644691 0.0102196699
0.00880346261 0.00100963004
0.00222954527 0.0529669486
-0.00284097297 -0.0251552407
-0.0280369092 -0.0246399231
-0.0295289848 -0.0243615229
-0.0388254784 0.0158525296
-0.0158647075 -0.0639659986
0.0183872078 -0.0175047107
-0.0431524627 -0.0038728693
-0.0334692225 0.00486693811
0.00467484444 0.0453119427
0.0111376829 -0.0197653025
-0.0194605794 -0.0432510972
0.0255297236 -0.0270024259
0.059032198 0.00295103085
-0.00835583825 0.0445368364
0.00565365329 0.0547173135
-0.0261454526 -0.0354058556
-0.0748370588 0.0450984761
-0.0572067946 0.00168004236
0.0102560753 0.0234577414
-0.0206869114 0.00883990154
0.0130784614 0.000309708033
-0.00966019742 0.00726946257
0.0255261268 -0.00913166441
0.00689578475 0.00467666751
0.0398049541 0.00569557305
-0.00649419753 -0.0364408083
-0.0428622812 0.0339313447
0.0301380511 -0.00609830953
-0.00867752824 0.0271237399
0.0249138903 0.0464891642
-0.00525443209 -0.01478652
0.0025205065 -0.020958364
0.0474133119 -0.00375553593
-0.0137777021 -0.0220246185
-0.00453728577 0.0136753991
-0.00835658796 -0.038829729
-0.00270617171 -0.0164942872
-0.0210622177 0.00558351772
-0.00827480946 -0.00387607492
0.0282840952 0.0406135954
-0.00480965804 0.0651855469
-0.0437695757 -0.0324855074
-0.00777787948 0.0152981961
-0.0278721545 -0.0424566083
0.021443937 -0.0135257458
-0.00759207876 0.0707610473
-0.0495196283 -0.0441270843
0.0321619734 -0.016061021
0.03597885 -0.000613068056
0.0551053435 -0.0497187562
-0.0224413406 0.00814137887
-0.0328113027 -0.004226021
0.0172703471 0.000245402334
0.0250801872 -0.0646425784
0.0271456949 0.0246407408
0.0797081888 0.00761980517
-0.023050135 -0.00952611584
0.00529125519 -0.000470412633
0.00287996302 0.061851874
0.0237989463 0.0242085829
0.000613103388 0.00938400719
-0.0107830931 -0.0448854715
0.0226004422 0.0772316381
0.00703938305 0.0152697079
-0.00231152633 0.0256221984
-0.0234011766 0.0479749031
0.0159296729 0.0291285142
0.0632635728 -0.0341478884
-0.0399910063 0.0385579765
-0.00228928518 0.00812327582
0.00194360001 -0.0171558205
0.048803594 0.0113665145
-0.0120599121 -0.0202599335
-0.0164123997 0.00745932246
0.0418103524 0.000549022341
-0.0477889515 0.0306917038
-0.0686608255 0.0346960463
-0.00239643245 -0.00750086317
0.00546662556 -0.052177079
0.0111184241 -0.00634004036
-0.0161814895 0.0112244859
0.0126305399 -0.00870621391
0.0624272488 0.00997579377
0.00962515455 0.00905635115
-0.00257416326 -0.0170307979
-0.0317510441 -0.024983732
0.0178378075 0.027331898
0.0241564345 0.000232767154
0.0192025732 -0.0480656587
-0.0467355028 -0.0218957327
0.00776840281 0.0047395872
-0.0255342182 -0.0129099656
-0.0335627832 -0.00661021611
0.0382841341 0.0247259121
-0.0445793271 0.0205113981
-0.0274849255 -0.00826962572
0.00857178401 0.00304154819
-0.0276841503 -0.0412950702
-0.0114387833 0.0266287923
0.038357839 -0.0475819632
0.010725012 -0.0247994326
-0.0222531445 -0.0281609576
-0.00928992033 -0.0136052137
-0.008656797 0.00643413793
-0.042329248 0.0762710646
0.0223299749 0.0112676742
0.00713935262 0.0132898483
0.0138651533 -0.0176940914
-0.0903101414 -0.0205379836
-0.0174147356 -0.0275449604
-0.022803735 -0.00803899392
-0.00823576469 0.0184456706
0.066766493 0.0159339327
-0.0385752842 0.04967127
-0.0148066608 -0.0391951129
-0.0224120282 0.0789718702
-0.00896316301 -0.0486182757
-0.0618522689 -0.0352005325
-0.0255989358 0.0250266567
0.0183567908 0.0989197046
0.0146605186 0.0409391858
0.0143092163 -0.00960750319
-0.0581313334 0.0139447218
0.0427541435 0.0012322031
-0.0314998291 0.068711482
0.0789951012 -0.00200465228
0.00287059927 0.00781297032
-0.0012447543 0.032242503
-0.0263897236 -0.000827968237
0.00182343961 -0.0186654832
-0.0301837344 -0.0343641192
-0.00572487246 0.0111063821
-0.0366493538 -0.0378358737
0.0117662894 -0.00476332335
-0.068636395 -0.00209977501
-0.0412532277 0.0214322563
0.0130603611 0.0303882416
-0.0028308921 -0.0116500482
-0.0101463953 -0.0537180975
0.0267320722 -0.046968326
0.0471436903 -0.00770422956
-0.0247304067 0.053555768
-0.00220825011 0.05185882
-0.0279810522 -0.0365114063
-0.0720713586 0.0499534123
-0.0601584092 -0.00358686526
-0.00528509216 0.0365564264
-0.0349778347 0.0117560551
0.00121364405 0.00894304365
-0.00522014964 0.0153477183
0.046758309 0.00365498755
-0.00413014181 0.024263503
0.0287519637 -0.0137225911
-0.0110394806 -0.0385948494
-0.0519809201 0.0144647751
0.0398451723 -0.010723169
-0.0123743145 0.0352576189
0.0558896922 0.0365543626
-0.0114057725 -0.0155199496
0.0119302655 -0.0324307531
0.036483895 -0.00473180786
-0.0160286464 -0.0303988755
-0.00343650091 0.0162218548
-0.0263268761 -0.0369670093
0.00429571746 -0.0241189823
-0.0166771803 -0.00170162693
-0.0188595559 0.00956335291
0.0283474904 0.0346008465
0.00546658644 0.0472901128
-0.00168875232 0.00904063042
0.0072032949 0.0351053923
-0.0139957061 0.00454910891
-0.0119610997 -0.0491438545
0.0678664446 -0.0367109738
-0.0458237305 -0.0421518795
-0.107974328 0.0135828648
0.0710587576 0.000993889757
0.00379282678 -0.0281088017
-0.0955502242 -0.0257665291
0.0301037878 0.00475603854
0.0169337261 0.0571742766
0.00346257631 -0.0093577737
-0.0226836335 -0.0359340012
-0.0264363214 0.0263251886
0.00259596808 0.0221369602
0.0114432229 -0.0504710637
0.0558143184 0.00817242358
0.00292353029 0.0235077906
-0.0241712909 0.0130774425
-0.0266702492 0.00022586876
-0.0336583033 -0.0312978737
0.000751952874 -0.0455816276
-0.0106320819 -0.0836910382
0.0663973093 -0.0365054049
-0.0121622439 -0.00507027609
-0.00889465585 -0.0178501662
0.0318340138 0.0340561457
0.0544056594 -0.0335140787
0.0474863164 0.0409500599
-0.0338581763 -0.00193723105
0.0360753648 0.018065175
0.0502071716 0.0528429002
0.0349718742 0.0121531915
0.0357978903 0.0748568177
-0.0678203776 0.0317742378
-0.0680226684 -0.0801621079
0.0354676209 -0.0112665994
0.063387908 0.0183717795
0.0149080651 0.0453207977
0.0867468491 0.00127307384
-0.000521438837 -0.0482878983
-0.0509159155 -0.0363686681
-0.0284697413 -0.00717822975
-0.0507844836 -0.0101065831
-0.0198864769 0.0177512355
-0.0205852557 0.0179498475
-0.0247664675 -0.0567400865
0.055415988 -0.0567226894
-0.0205324292 0.0315827429
-0.0590267107 -0.0191099066
-0.0662307963 -0.0549725704
-0.0137783894 0.0360109098
0.0717757642 0.00486620329
0.0290765129 0.0179022383
0.0617700629 0.00746881822
0.0168714914 -0.0699128509
-0.0448200703 0.10776519
0.0256166458 0.00675857347
0.0788941756 -0.149588495
0.0256307237 0.0305029228
-0.0380781777 0.0579406805
-0.0619535856 -0.0033591243
-0.031218335 -0.0398442
0.076206319 -0.109621018
0.0179565754 -0.0346278548
-0.00771191064 0.0692533404
0.023636708 -0.033935193
0.0321831778 -0.00318098883
0.0651885495 0.022914283
0.00775077241 -0.0437420905
0.0275247041 -0.0334578454
0.0744006783 -0.055522278
-0.00243370654 -0.0045372704
-0.0538068004 0.00384545163
0.00452288426 -0.0100098737
0.0668221265 -0.0318706818
-0.00891648978 -0.108895399
-0.0138355456 -0.0204853062
0.0152204763 -0.00334438495
-0.0249468535 0.00863654632
-0.0685254559 -0.0250365864
0.0281098336 0.0273897238
0.00423457753 0.0849008113
-0.0691206604 -0.0218131226
0.0583066829 -0.0231831204
-0.0263049826 0.0230841208
-0.0623772033 0.0415896289
-0.0568827391 0.0397330485
-0.0278885458 0.0779721811
0.126615793 0.0352597013
0.018590888 0.00550655741
0.0123153357 -0.010665169
-0.0161411427 0.011452511
-0.0230077337 0.0532704107
0.0440352187 -0.00644812966
-0.0558611155 -0.047849983
-0.010665915 0.000125284248
0.0883952826 0.0141913388
-0.0063236421 -0.00577168353
0.0127373226 -0.0591272935
0.0236109924 0.00304016494
-0.0362113491 -0.0194898564
0.049447 0.0036357909
0.0155813266 0.118920475
-0.085892424 0.0469741374
0.00785308797 0.0487701558
-0.0149254678 0.0152896577
-0.0373992026 -0.016211506
-0.00917141791 0.0256163254
-0.0323108919 0.00239354908
-0.0427648276 0.0297401752
-0.0498014949 0.0154107576
-0.0871767029 -0.000368630601
-0.0427495167 -0.026602108
0.0821349695 0.048862908
0.0835154653 0.0191793106
0.0225808509 -0.0197227951
0.0517818742 -0.0141775422
0.0450585894 -0.0259080064
-0.0546481572 0.00109728938
-0.0261225086 -0.10333693
-0.0305931047 -0.0137828551
-0.0833615512 0.0484324582
0.0135844676 -0.0423944145
0.035640087 0.10278374
0.0461276583 -0.0286978111
-0.0274507143 0.0251961034
-0.0120791225 0.00108262175
-0.0488613248 -0.0817588195
-0.0293622632 0.0691881329
0.10878256 -0.0200608186
0.00758331409 -0.0974506065
0.0312631503 -0.0809600949
-0.00537640695 0.0294072721
-0.0826921239 0.0271997862
-0.0377666615 0.0292607769
-0.0360891335 0.0611933023
-0.0208372939 -0.0554885417
-0.0514203086 -0.00589269726
0.0417737775 -0.017513318
-0.0420814939 -0.00967719406
-0.0127137145 0.0388756543
0.0812229961 0.0139666963
-0.0761496946 -0.00191903114
-0.0525467582 -0.0370775163
-0.0703118742 0.0119219683
-0.0601416044 0.0203113705
-0.0416338816 -0.0250561517
-0.0192246698 -0.0177741963
0.0193845164 -0.0574431643
-0.022406565 -0.0728421435
-0.084323287 0.0476579294
-0.0228972454 -0.0125416517
0.00953450613 -0.0642722845
-0.0698977113 0.0662720799
0.00417002104 0.0685938075
0.0478910021 0.0501228161
-0.0261595678 0.00725607155
-0.0151852276 -0.0216122605
0.0797933564 -0.000499112764
0.0242351722 0.00767145678
0.00291421567 0.0645436794
0.0552485958 0.0222842805
0.0206501316 0.0302937441
0.0370740779 -0.00132359611
-0.0238890033 0.011300656
-0.0317349657 0.0207518451
-0.00519422768 0.00019381562
-0.041833993 0.0438256487
0.0229876488 -0.0145420013
0.0567653254 0.0133906342
0.0396570563 0.0220797136
-0.0282330103 -0.0290602874
0.00485845655 0.0555777699
0.0425704308 -0.00528573571
-0.0509486236 -0.0673830956
-0.00926457625 -0.0190859009
-0.0561356135 -0.00851460919
-0.0312863179 -0.0498154499
0.0233428832 -0.0121530723
0.0535502546 -0.0163510498
0.0113603259 -0.0389956906
-0.0425775647 0.0415404066
-0.0138032306 -0.00768193277
0.00136653311 0.0149221066
-0.0104025248 0.0349665768
-0.0304634366 0.0194358416
0.0123648504 0.0062509845
-0.0273533668 -0.0446917117
-0.00691700913 -0.0205549076
0.0119786952 -0.00718695717
0.0161498487 -0.0173933767
-0.0494438931 -0.0125737488
-0.0368021205 0.00677058939
0.0346880741 -0.00366756739
-0.0223314185 -0.0441173799
0.064780958 -0.00497629447
-0.000300218846 0.043247018
-0.0587899908 -0.0195653047
0.0521289445 -0.0163360275
-0.0327356383 0.0786388069
0.0137575502 -0.0157348327
0.00210015546 0.0270893164
-0.0312628932 0.00920369476
-0.00847283937 -0.0588363744
-0.0187254921 -0.00879163947
0.0352334008 -0.0329482071
-0.00314820581 0.0273504406
0.0299275536 0.0450321846
0.0801810771 -0.097429648
-0.0108832959 -0.0452310294
-0.0510499664 -0.0394194648
0.0536240749 -0.036633037
0.0449544527 -0.0636741072
-0.016720647 -0.0407611392
-0.0150150051 0.0186367631
-0.0197591279 0.00976290274
-0.0559823029 0.00884539541
-0.0334051326 0.00488372752
0.0796370804 0.0178294629
-0.022882292 0.0496025681
-0.0181155745 0.0232777018
-0.0588872693 -0.00305144279
-0.0415787287 -0.0092316065
0.114227235 -0.00463228952
-0.0358613469 0.00205856329
-0.0254703593 -0.0452879481
0.00673916237 -0.00452138949
-0.0269283596 0.0095014479
0.0861933157 -0.0314396173
-0.0360029005 -0.0122346403
-0.047608301 0.0183983054
-0.0338911042 0.0426538661
-0.00118758448 -0.0610605069
0.000318094884 0.00792767946
-0.062486954 0.0498575754
0.0608160794 -0.0374948271
0.0409468897 0.0423957855
0.071109578 0.0249604937
0.0929888561 -0.0114548253
-0.0250187572 0.000300451473
-0.0562542342 0.0298094619
0.0348439217 0.0255994573
0.0517330319 0.0322104022
-0.00679596374 0.0896451026
-0.0597845949 0.0273810271
-0.0368339121 0.00615671882
0.0590545461 0.0255102161
0.0336552523 0.0176780168
0.0417205133 0.0229825936
0.00764530059 -0.0567664355
-0.026453767 -0.00106869196
0.0579182059 0.0385705009
-0.00481930049 0.0489783771
-0.0553416535 0.0731703788
-0.0161543954 -0.00556725916
0.0219190158 0.0272724219
-0.006131195 0.00651314575
0.000894865894 -0.0345138647
0.0427032746 -0.0355919525
-0.0288941301 -0.0143998004
-0.0967288539 0.0191412084
0.0671589524 -0.00924045313
-0.0155195575 -0.027053358
-0.0923635066 -0.0429060422
0.0232141148 0.0213355143
0.0429167897 0.0604120493
0.01504975 -0.0149516044
-0.017554177 -0.0301011428
0.00249574357 0.0231385529
0.00588956708 -0.00161456189
-0.0155282076 -0.0456145778
0.0497893393 -0.0164996646
-0.0125260893 0.0187908504
-0.0187387858 0.0131419422
-0.0136499321 0.00248291111
-0.0356642865 -0.0192614738
-0.0114588495 -0.0186135713
-0.0265396778 -0.0691768453
0.0675346702 -0.0266522635
-0.0149976881 -0.0101405783
-0.00646528741 0.0158996787
0.0384873077 0.0496200696
0.0359528698 -0.0033829438
0.0576267093 0.0453968048
-0.0341225937 0.00496194977
0.0487763286 0.0198905934
-0.00283961417 0.0301189851
0.0369127095 -0.0356182009
-0.0549835935 0.00725032995
-0.0794161558 0.0625106618
0.0462190509 0.00170785072
0.0737250224 -0.0544959083
-0.0624497607 -0.0131114852
-0.0115132015 -0.0184754059
0.00739844982 0.0263329204
-0.0444012061 0.0173573215
-0.0277324971 0.00146670442
0.0192031879 -0.0273635164
0.0578045845 0.0245579183
0.00596368453 0.0723010525
-0.0441917218 -0.0246040523
-0.055765029 0.00429226179
0.00259416131 -0.0726363286
0.0186584741 -0.0160065889
0.0121825282 -0.0168575235
0.0907227024 -0.00764759397
0.0148851946 0.0420523211
-0.00596942008 -0.0920745358
0.0549665987 0.0636282265
-0.00507920096 0.0588143766
0.0484767631 0.0226344243
0.000429270411 0.0210900735
0.0125629958 -0.00591662759
0.0402913764 0.00673755305
0.0105997063 -0.0445832983
-0.0364465527 0.0781267658
0.000873062701 0.0335837193
-0.00557404757 -0.0384161323
-0.0395530723 0.00877362397
0.0268297736 0.0364597254
0.00667815888 -0.0198012888
-0.0632140711 -0.0309788436
0.0230066311 0.0262469053
0.0335287191 -0.0255296547
0.0167448521 0.0355488397
0.00168390246 -0.0181139968
0.000775154738 -0.0585939288
-0.0581578463 -0.0515698828
0.00376942428 -0.0958567113
0.0211982653 0.091417782
-0.00955033582 -0.0294875465
0.0998078212 -0.0287735555
0.0199712198 0.024831038
0.0322966725 -0.0050392733
0.0407001115 0.0618705228
-0.059810698 0.0420463085
-0.0552952364 0.0448423438
-0.0328335613 -0.0469557941
0.0369277187 -0.0452843308
0.0376146808 0.0194874555
-0.0272053629 0.0109597873
-0.061374709 0.0304821879
-0.000354309974 -0.0365074091
0.00250755763 0.0326982625
-0.036818672 0.0627990067
0.0785733387 0.0107757216
0.0517275296 -0.0256708544
-0.104102269 -0.00193831814
-0.0541697443 0.0135912281
0.0263119731 -0.016324088
-0.03093547 -0.018090805
-0.0352159776 0.0140895806
0.0211045239 -0.0158322155
-0.0548738018 -0.0225962978
0.0159536749 0.0337355696
0.154319197 -0.0439797938
0.00568208843 -0.047737848
-0.00261026225 -0.0205192566
0.0215167198 -0.0579180904
-0.0605583042 -0.0139725087
0.00105570443 0.00332237338
0.0710114092 0.0275123026
0.0324739516 -0.0265648682
0.0427567698 -0.0785577297
-0.0221316572 -0.0535396114
0.00967528857 -0.0271532293
0.0760631487 -0.00577975716
0.0242638532 0.0277342629
0.0313536376 -0.074896127
-0.00623869663 -0.00919663999
-0.00386248273 0.030460706
0.00915445946 -0.0336349048
0.0406185277 -0.0231634751
0.037069682 -0.0767406151
0.0261722058 -0.00559531199
-0.0345408283 0.0332633853
-0.0527865663 -0.106609829
-0.0437387973 0.00231228163
-0.0973674059 0.0172103513
-0.0256895311 0.0146176349
0.0492314473 0.0293502752
-0.00344756106 0.0158014558
-0.0198720954 0.0631723478
0.0280969311 1.38647247e-05
0.0126194283 -0.0342292599
-0.0521465242 0.0103098378
-0.0243809689 0.000288683252
-0.0673817322 -0.0503114536
0.0494947582 0.0507260822
0.0700870156 -0.00392895099
-0.0899340436 -2.64263363e-05
-0.0123114465 0.0922119468
-0.0104279555 0.0276098587
-0.0194474738 0.0786041766
-0.0257578921 0.0429762304
-0.0357513614 0.00393073587
0.0783755183 0.028947806
-0.0207287911 -0.0237733424
-0.0449341796 -0.0916948169
0.0264083873 -0.0063761482
0.00373649946 0.011999689
-0.069653295 -0.0504438765
0.0246038083 -0.00211564847
0.0658018589 0.000566583534
-0.00397669524 0.0222552642
0.0247471686 0.025492603
-0.0560238287 0.040669091
-0.0237851217 0.0181213524
0.0825568959 -0.00755059253
0.00763705838 0.0777875185
-0.0341764241 0.0449631661
-0.0150889885 0.015001161
0.0312412102 0.014933981
-0.0439919494 0.0495597608
-0.102495819 0.0575568192
-0.0310360845 -0.0293403678
0.0199965723 -0.020085169
-0.0208304208 -0.0566094741
-0.0186366625 0.045992557
0.0216765422 0.00839055423
0.0778794438 -0.0709518343
0.0808733106 0.0524007753
-0.0239089988 0.0410891771
-9.61422993e-05 0.0936737657
-0.00113880436 0.0178733077
-0.0267502591 -0.0327026919
0.00407278212 -0.00466020079
0.0175642688 -0.0330366977
0.0479102843 0.0434841812
0.0126678292 -0.0203683525
-0.0185876414 -0.0363167971
-0.00620922912 -0.0452386253
-0.0641968846 -0.0407860465
-0.00123558566 0.0433292761
0.0114972275 -0.030939145
-0.00570815708 -0.0228394363
-0.0626639426 0.0207330883
-0.128155544 -0.0102859093
-0.0070403344 0.02867149
-0.0117231645 0.020928748
-0.00013529553 0.0319400318
0.0361022539 0.0156067424
0.0257573165 0.0139394933
0.0522656143 0.00122298207
0.00711703068 -0.10758549
0.00582017377 0.0111951046
0.0356852673 -0.0144455936
-0.000177324517 -0.0175129194
0.0470478684 0.0729599297
0.0340490192 -0.0303887296
-0.0141482241 -0.0312087834
0.035430871 -0.0517643504
-0.0209147371 -0.0239484124
-0.00339088449 -0.0303082541
-0.0205349084 0.00230748113
-0.100605458 0.0866317227
-0.0522284098 0.0139620705
0.00723944511 0.0208247732
0.0260487832 0.0115401773
-0.0127119301 -0.0418284498
-0.0248134471 0.0904394388
0.00389180356 0.054960642
0.0235188566 0.0546694398
0.028555477 0.0155590093
0.0183081385 -0.0644440353
0.033248987 0.0350551642
0.00853866339 -0.00872503594
-0.00109729148 0.0555169247
-0.00740325358 -0.00811728556
-0.0699258298 -0.0574217588
-0.0350556448 -0.0246544667
0.0194852799 -0.0831792355
0.114154406 0.0256501604
-0.0120933186 -0.0095463004
-0.0635179132 -0.0290036779
0.0405053012 0.0562822893
0.0229100771 0.0165437385
-0.0216934718 0.0489233881
-0.128161892 0.0310598034
-0.0541533008 -0.00702766608
0.0344961323 -0.0124500254
-0.027088033 -0.0162757318
-0.0342486873 -0.0216864739
-0.0300796125 -0.0737114325
0.0544571243 -0.0355288871
-0.0219897851 0.0216486566
-0.0627363771 0.017839374
-0.000723752019 -0.0499795675
-0.0272089019 -0.00940669794
0.0313835107 -0.0292055216
0.0211138986 -0.018245535
-0.0222317614 0.0917824432
-0.0164068285 -0.00697605638
0.0388363041 -0.0177843776
0.0115471808 0.108593792
0.00352730812 0.0292662811
0.0481217541 -0.0559982881
-0.0289432257 -0.0165753104
-0.017867418 -0.038887497
-0.06074211 -0.0397633947
-0.0225851815 -0.0148607017
-0.0549051352 -0.0554713383
-0.0576611124 0.0386646427
0.0725542754 -0.0324827544
-0.0133131258 -0.0551697537
-0.0314017087 0.0749648735
0.00539536588 0.0146690309
-0.0412322357 0.013694318
0.0282680187 -0.0033497382
0.0283115543 -0.0104644503
-0.0257605948 -0.0156864673
0.00848360173 -0.0321310982
0.0277879555 -0.0484505631
-0.00916605536 0.00293888827
-0.105047002 0.034604121
-0.0350803882 0.00913661812
0.00748940464 0.0952286571
-0.0252565779 -0.0044168965
0.0103331907 -0.0211853534
0.0756063834 0.0415380336
0.0504205041 -0.0184378661
0.0233532786 0.00768530183
-0.0447769389 0.0119528491
-0.0338244922 -0.0113636339
0.0614745058 0.0182906371
0.0194357242 -0.0260472428
0.0620845556 -0.0609552003
0.0335934088 0.0286038145
0.0242788512 0.0573114268
0.0852340907 0.0282609407
0.0427015051 0.00434625521
0.0449851975 -0.0768775493
0.025338944 -0.00888689235
-0.0321916677 0.0451279543
0.0485577732 0.0348840617
0.00269191177 0.0484296605
0.0435086973 0.0232339446
0.141519934 -0.0489822477
0.00672463141 -0.0347225703
-0.0382828005 0.0366840586
0.0436242558 -0.00674843509
-0.045373559 0.0206554197
-0.0181741323 0.0228294246
0.0354309343 0.0108337598
-0.0649334416 0.0315721482
-0.0602568872 0.0684385076
0.0506627373 -0.0196066294
0.0738210529 -0.0558944829
-0.0568759702 -0.018182978
-0.0238381363 -0.0297414549
0.0106637049 0.0305851549
-0.0513826869 -0.0117957825
-0.0242139474 -0.00102458871
0.0126268677 -0.0435276963
0.0630485192 0.00588428415
-0.00869322754 0.0545061342
-0.0711439624 -0.0179239232
-0.0714354962 0.0251276176
-0.00184119341 -0.0837859884
0.00859604497 -0.00570910936
-0.0091168331 -0.0312792361
0.102699466 -0.00568816159
0.0207329169 0.0329818241
-0.0307789166 -0.0705279261
0.0415024124 0.0634749681
-0.00765104452 0.070707567
0.0115624946 0.0140352994
0.00313885743 0.0310378373
0.0180216432 -0.0323209316
0.0313065089 -0.00716184499
-0.00287737907 -0.0473041311
-0.0318989754 0.0583022013
0.00498868991 0.00981978886
-0.00947634503 -0.044690311
-0.0362782292 -0.0596796237
0.00528909406 -0.0364632308
0.0410464481 0.0563669875
-0.0128849819 -0.0717155337
-0.0201989356 -0.0287021641
-0.031321913 -0.065423958
0.0246609021 -0.001743222
-0.0209286474 0.038599547
-0.0121866371 -0.0331367739
0.0100902729 0.0214354713
-0.0107590724 -0.00680054072
0.0254986882 0.0316145681
0.020119993 0.0147201028
0.0501480885 0.00298294262
0.0188646987 -0.0370741375
-0.0705277026 -0.0493462272
0.0658149198 -0.00641776575
0.0109953284 0.00902261492
-0.0415837578 -0.0029345192
0.0501311012 0.00118257653
0.0138208698 0.0544030145
0.0293246284 0.0220894702
0.0174666438 -0.0440935306
-0.0134175224 -0.0407042466
0.006098554 -0.0846163929
0.0292617083 -0.0677979589
0.0771189108 0.0801403522
0.0454634167 0.014423619
0.0261742175 -0.0507061891
-0.00877402816 -0.0300374739
-0.00364966318 -0.0136743719
-0.0396511443 -0.0316796005
-0.010154984 -0.06252525
-0.0015432724 0.00353427697
0.00342180417 -0.00654856581
-0.00409356365 0.0158872735
-0.047318954 0.0532803237
0.0540115945 -0.0226502176
-0.0347491093 -0.0647612289
-0.0866363049 0.0234763809
0.110648796 -0.0090714721
0.0297765583 -0.0767946392
0.0194922294 0.0301794223
0.00156058394 -0.0118139153
-0.0689227507 -0.0118279932
0.0537353083 0.0235951412
0.0552547984 -0.0428380743
-0.0885608047 0.0371436663
0.0273351297 0.0433599986
0.0451172478 0.0732002929
0.0209322385 0.0321933925
0.0549502522 -0.0458101705
-0.0100567807 0.0243393555
-0.00704450672 0.0376418233
-0.00387974782 0.0413420089
0.00747270975 -0.0219970383
0.0417870507 -0.0233668815
-0.0240864456 0.0350597315
0.0592264272 -0.00918840617
0.00634733355 0.040463239
-0.0316107981 0.0787854567
-0.0189629458 -0.00974583346
-0.00142341247 -0.0242519937
0.0215495564 0.016425781
0.019928636 -0.0258108228
0.0548090227 -0.0163534675
-0.0456760749 0.0496368222
-0.0239626337 0.0775187686
0.0404686853 -0.00192185491
0.0412922576 -0.0100891981
0.0173028149 0.0258307382
-0.00486103958 -0.0555207059
0.0601325855 0.036626
-0.0625062138 -0.0429584049
-0.0564591624 -0.088068895
0.0286484193 -0.0231592972
0.052785974 -0.0108778123
0.0209249575 0.0566607863
0.00373969786 -0.0173069481
0.0296316855 0.0118526062
6.93387992e-05 0.00283670402
-0.0225233547 0.00179420842
-0.0952429101 0.0901383981
-0.0281292759 0.00807885267
0.0215596296 0.0627762824
-0.0776152015 0.0192095991
-0.0151958922 0.023048237
0.00100950722 0.054619994
-0.0171114113 -0.0672165453
-0.0230345242 -0.018986728
-0.0198605973 -0.0899355188
-0.0291261338 -0.0393594839
0.0088926293 0.0434363335
0.00886833202 0.0118788294
-0.00760206021 -0.00377848977
0.0412619337 -0.0479979143
-0.00702111889 -0.0426314473
0.0303586703 -0.00260269432
-0.00899027102 0.0289926175
0.00709520746 0.0456996858
0.000436296512 0.000157239556
-0.0840963647 0.0132526392
-0.00376090128 -0.0322902128
-0.054354284 -0.0201655086
-0.0310803801 0.038611237
0.0090454435 0.00480096322
-0.00531588029 -0.0174546279
-0.0213365853 -0.00337050925
-0.0128515121 0.0607290231
0.0708617195 0.0437529683
-0.0120951813 -0.12140169
0.00824929681 -0.0318197235
-0.0433901474 -0.0258188955
-0.0201062988 -0.106158525
0.012148222 -0.0138782496
-0.057140246 -0.0490118936
0.0256475843 -0.0789444596
-0.00548118167 -0.0242827926
0.0720039606 -0.0351533853
0.0191555861 0.0728048906
-0.114327691 0.0782526955
0.0357211269 -0.0382755175
0.0303692501 0.0427701771
-0.0370903127 0.0414582826
0.0289823301 -0.089049466
0.0153670274 0.00118946144
-0.0016667766 0.0607459769
0.0541127957 0.002827005
0.0566304438 0.00624235207
0.0195972789 0.0789593682
0.060631562 0.0303842071
-0.0011206991 -0.0383397341
-0.057747893 3.14458412e-05
0.00169832027 0.0909058824
0.0196476318 0.0388544574
-0.0650833473 -0.0350855477
-0.0762488544 0.0811982006
0.0362130441 0.0441867262
0.0389369838 -0.0348405056
-0.0185519606 -0.010752595
-0.000111475638 0.0202102512
0.0186217222 0.0192700289
-0.0135129495 0.0325090364
-0.0506167412 -0.00241338345
-0.0379640944 0.0346989706
-0.0382191427 0.0867808461
-0.084590666 -0.0285440106
0.00321513577 0.00520368107
0.0583684929 0.00511134695
-0.0364352018 -0.0222552009
0.0642596632 -0.0187391452
-0.00412006443 -0.0730665028
-0.0817578211 -0.0408071876
0.0234871116 0.0203615334
0.0515537411 0.0354564153
-0.00179141806 -0.0281545408
0.00712070987 0.0603462644
0.0389895849 0.0418197364
0.0236275662 -0.0684186071
0.0827629864 -0.00293153687
-0.00805433188 -0.0380137004
-0.0591462553 -0.0394809954
0.0669765025 -0.0182805303
0.02669679 0.0307971984
0.0086420523 -0.0425520688
0.00842691772 -0.0636287555
-0.00371385552 0.0180761516
0.00883285794 0.0168499406
-0.0482630394 0.102448352
-0.0111309299 0.0265386421
-0.0476498976 -0.0067713717
-0.0413627848 -0.0163480863
0.0148926796 -0.0211213231
0.0552794933 0.0446718335
-0.0191197302 -0.0292865988
-0.0808908194 0.0399483033
-0.0154410014 0.0179215036
-0.0306156371 -0.0322725475
-0.0228247177 0.0352309123
-0.0104911374 -0.0312060751
0.00031007317 0.0061409534
-0.0213176496 0.0228904933
-0.0379712582 -0.0373416469
0.0424909033 0.0177345425
0.0564311892 0.016955344
-0.00305355666 -0.00276485598
-0.0546289794 0.029307846
-0.0437250882 -0.0110088214
-0.0605295151 0.0509835929
-0.0367918052 0.069341436
0.0149657968 -0.0920028314
-0.03532717 -0.0355207697
-0.00597485062 -0.024256492
0.0353717953 0.0398041867
0.0396524109 0.0345861688
0.0536682643 -0.0555126667
-0.0323042721 1.40988341e-05
-0.0533033088 0.0305521376
-0.0905135423 0.0882162303
-0.0705087334 0.00209536799
0.0455649309 -0.0327460542
0.0375260934 0.0541858003
-0.00715615228 0.00448541949
-0.0238745995 -0.0297499951
0.00742780138 -0.0338617153
0.00122424436 0.00725771254
-0.0509041622 -0.00193388609
-0.00529903127 -0.104576856
0.00828337204 -0.156619534
0.030786695 -0.0448834822
0.00976127107 0.0373313464
-0.0400071219 0.0339090526
-0.0110557154 0.0457382202
0.000197269503 -0.0380080752
0.0105697336 0.0069652074
-0.0337976515 0.0386174023
-0.0694838762 -0.0239323247
-0.0495861247 0.00832212344
0.0304548666 0.0482886806
0.0107737286 0.00787521154
-0.0348024182 -0.00993131101
0.0107156606 -0.0350040682
-0.0115333823 -0.033762645
-0.0633827001 0.00718824333
0.0497651473 0.0920024887
0.0949437618 -0.0280811954
-0.0172296278 -0.111859076
-0.00733649312 0.00213498506
0.00926751457 -0.0109657235
-0.028659137 -0.0149713568
0.00698159635 -0.00349490414
0.0025419211 0.0454920903
-0.0415142588 0.0566311516
-0.00393189723 -0.0548074767
-0.055233106 0.0713327453
-0.0530201718 0.0539664067
0.0148110408 -0.0188664272
0.025561478 0.0995433331
-0.0101191923 0.0940081626
0.00422291178 0.0358536728
0.0335970372 0.0188730806
0.0628985465 -0.00585604506
0.0268052798 0.0149558224
0.0183087196 0.0578630678
-0.0380636752 -0.0248016454
-0.0113601172 -0.0627355129
0.0360166617 -0.0121596502
0.00940467604 -0.0695091337
0.0434541665 0.0310493
0.0253156163 0.0455991924
-0.00621971209 0.034380272
0.017308956 -0.034777388
0.11735566 -0.0317183062
0.0870806649 -0.0135219693
0.0308855549 -0.0763111338
0.0438608527 0.0637868494
-0.0331655405 -0.0440272018
-0.017754076 -0.0319042243
0.0231002774 0.0703839436
-0.0352897942 -0.0670176893
-0.00608268287 -0.0251118969
-0.0354574583 -0.0617849082
0.0373925157 0.00828170683
-0.00266457559 0.0520195402
0.00327213039 -0.0138423238
0.0126517611 -0.00116048683
-0.0338052288 -0.0110830395
0.0446324013 0.0234167725
0.0203452874 0.0024234755
0.0324425437 -0.0221215654
-0.00135166117 -0.0687190667
-0.0584773906 -0.0265890975
0.0862620324 -0.0102034975
0.00578509038 0.00294838776
-0.0361410752 0.00895792898
0.017454382 0.00388671272
0.00840054732 0.0531147458
0.0537191443 0.022306921
0.0183799118 -0.0532552861
0.00520018302 -0.0202462245
-0.0238461047 -0.0732795224
0.0445425473 -0.0688539296
0.0804901049 0.0639043748
0.0371311381 -0.00296172593
0.0126402397 -0.055819273
-0.0337308161 -0.0258330107
-0.0158510804 -0.0430479869
-0.0302063469 -0.042003721
0.0256345104 0.0358630344
-0.0541209839 0.0777084976
-0.00104923302 -0.0287762731
-0.0846636668 0.00958001241
-0.0663754568 -0.00537801767
0.0308475606 -0.0215946361
0.0138271106 0.0186851136
-0.00170949975 -0.00727237016
-0.00418407749 0.0109214019
0.0658342391 -0.0601267032
0.00497319968 -0.0343497768
-0.000532522157 0.0224232953
0.0528005436 0.0407090373
-0.00691795815 -0.0157751329
0.0217652302 -0.0807393789
0.0629191399 -0.0370927267
-0.0136049222 -0.00169031101
-0.000124624275 0.00659210375
0.00970339123 -0.0129113505
-0.0188390054 -0.0232664999
0.0436519086 0.00391883682
0.0490729287 -0.0450344048
-0.0181830171 -0.0679126382
-0.0491207577 0.0111951875
0.00297593861 -0.0014640796
0.0401710607 -0.00854371488
-0.0380247608 0.00673640519
0.0565691218 0.00319157937
0.0521153584 0.00185037509
-0.0340979435 0.0325151868
-0.039483618 -0.0267149899
-0.0278466437 0.00171907735
0.0573415309 0.00300075882
0.0253118519 -0.0246164799
0.0114376489 0.00124403904
-0.0357528143 -0.0205541272
-0.0189382788 0.0106257778
0.0760863349 0.0632623583
0.0665569827 -0.0596899688
0.0600803532 -0.0153696351
0.044225499 0.0116431871
-0.0517536812 -0.0838727355
-0.0231153294 -0.086156413
0.00973176211 -0.0396073535
0.00432686973 0.0133757712
0.00090033689 -0.139405191
0.0324874483 -0.0353122614
0.0695046112 0.072353363
0.0255973898 -0.0313125886
-0.025721835 0.0454175659
-0.0123323221 0.100476339
0.0354838409 0.0337054841
0.0255452599 -0.0371170528
0.0047515817 -0.00865969714
0.102326408 -0.0266906079
0.0640533566 -0.049119249
0.00270455284 0.00978826545
-0.0690739751 -0.00455166027
-0.0827632025 -0.043374408
0.0359514989 -0.0526587032
0.0297779366 0.00225696177
-0.0271967929 0.0175332297
0.0175750144 0.0150294621
0.0148974098 0.0147813242
0.00848193932 -0.0460663848
0.00401012413 0.0405373983
0.0400561318 0.0210621003
-0.0755187571 -0.0177625418
-0.0428958386 0.0131407343
0.0505461358 0.0700532794
0.0353571959 -0.0237944815
0.0356807932 -0.0560982898
0.0139437327 0.0525236502
-0.033334773 0.00784895848
0.0407790095 -0.0121356631
0.0254683793 0.0275572874
-0.0438363329 -0.00298308325
-0.0278637372 0.0186413415
-0.0150144007 -0.011302134
0.0868121982 0.0134386644
0.0439346172 0.00485225953
-0.0480134413 0.0401672013
0.00420104479 -0.021206433
-0.0193097927 0.0169139393
0.0426196307 0.0874166265
-0.0302425399 -0.066342324
-0.0364492871 0.00570992893
0.023554001 0.083714202
-0.0443733037 -0.0322836973
-0.00494865328 0.0305600651
0.0224404018 0.0245631244
0.0509247296 -0.0809153616
-0.0306600556 0.0248374045
0.0156880151 0.0622673556
0.0687164217 0.00572773535
-0.0310649239 0.0240203738
0.0328018554 0.0543208234
-0.045429118 0.0613128357
-0.0549937524 -0.0620490946
0.0122312075 -0.0866806731
0.00101540971 -0.0261300486
0.0159585942 -0.00881287269
-0.0286873225 -0.0231132917
-0.0588152185 -0.0629162118
-0.129279792 -0.0201940797
-0.047923509 -0.0432354808
0.0616470017 0.0360651463
0.0437557213 0.0643441305
-0.0179794468 -0.0316825584
-0.0461318977 -0.0190075394
0.000436651491 -0.0438413247
0.0223178156 -0.0553962737
0.000706012885 -0.00480642682
0.0237263888 0.0223437604
0.0245507583 0.039356105
0.0146319754 0.0155305201
0.0109675126 0.0312531032
0.00999358669 0.0759802535
0.0351714045 -0.00503865629
0.0320874527 -0.0117563121
-0.0127959596 -0.000564365182
-0.128776357 0.0411233231
-0.000922869483 0.0713845119
0.0818164051 -0.0421886109
-0.0230769068 -0.0488100611
0.0313074067 -0.0362570062
-0.0364444777 -0.0120022129
-0.0041559469 -0.0135478992
0.0622739755 -0.00720206834
-0.0500766188 -0.00115531951
0.0126840752 0.0152210984
-0.0457327962 0.042605143
-0.0161723811 0.0383952782
0.0153690334 0.0129542947
-0.0832327604 0.0353938118
0.0197512377 -0.017576674
0.0481195524 0.0597417578
0.0368539728 0.0444567576
-0.0990467519 -0.0772423297
-0.0734870061 0.0282242596
0.0148313055 0.0494202264
-0.0611200519 0.000952726055
0.0222525243 0.0521376543
-6.87892098e-05 0.0413272455
-0.0373552106 -0.0449298695
0.0186514594 0.00836901274
-0.0688429475 -0.0298063029
-0.0919986814 -0.103362441
-0.0196593888 -0.0661964491
0.00123655598 -0.084726803
0.0100987991 0.0103188036
-0.0747748762 0.0566122234
-0.0551089235 -0.0324075632
-0.0139917657 0.00197234494
-0.00729828188 0.021970056
0.00239237025 0.0187429953
-0.0288893636 0.0259837471
0.0226311795 0.00310877617
0.0719245523 0.0273419786
0.0087182615 0.0198683217
-0.0178841539 0.0299883615
0.0379181728 -0.020779822
0.0775444508 0.0455055572
0.0199550577 0.0882004276
-0.0254885219 0.051322639
0.0212481115 0.0814137459
0.038347099 -0.0103549007
0.00723585626 -0.029180903
0.0193461981 0.00986161735
-0.0214903317 -0.02241656
-0.0184897743 0.0251592752
0.0185466725 -0.0125047518
-0.0364662223 0.017144341
-0.00107935676 0.0430518314
0.0403577127 -0.067185089
-0.0230169389 -0.0464851931
-0.0519403815 -0.0200530216
0.0401633047 -0.0501795448
0.0716307014 -0.0154017881
0.0267462004 -0.00919682905
-0.00833179336 -0.0254150089
0.00563187059 0.0148102464
-0.00739350077 -0.0357859246
0.0299511943 -0.00689860201
-0.0043298793 0.0126901586
-0.00411984138 -0.0230628885
-0.0657999963 0.0282553788
0.00343911117 -0.0537773184
0.0580625199 -0.0449926332
-0.10322132 0.00119135238
-0.0111107295 -0.0542920083
0.0318956152 0.0180513225
0.0042893975 0.0165050197
0.00550973648 0.0334294662
-0.0440354012 0.0561233871
0.0627990291 -0.0152897099
0.0665394515 0.0321714953
-0.0130995223 0.00839550514
0.00616662158 -0.0255362578
-0.0374287516 0.0513903499
-0.030826496 -0.00909815822
-0.0184447188 0.0149774924
0.0867566243 0.0302302297
0.0165808145 -0.0588550642
-0.106232211 -0.0323275663
-0.0645438954 -0.0228021704
-0.00717794523 -0.0670572817
-0.0228528585 0.0599290505
-0.071698308 0.0336959027
0.0208019745 -0.0632728115
0.0158157032 -0.0331944339
0.0435170084 -0.0162304863
0.0871058851 0.000435008173
0.0384750403 0.0298294071
0.0394232534 0.00193646108
-0.0502642356 0.0504586957
-0.0090754535 -0.00866500661
0.0109645166 -0.0706191063
-0.0643036366 0.0481512994
0.0186093077 -0.00796668045
0.00562252104 -0.0678211302
-0.0271951146 0.0404597893
-0.00671801902 -0.00853321049
0.0362375267 0.0475675464
-0.043389421 0.0648308843
-0.0273562483 -0.0684866682
0.0304944832 -0.0276989751
-0.0231500529 0.0298515037
0.00501035899 -0.0204243995
-0.00333361607 -0.0136554474
0.0378873684 0.00617484981
-0.0733855218 0.100663505
0.00103922526 0.00893493555
0.079995051 -0.031075988
-0.0274198353 -0.0235014651
0.0411047228 -0.0420682654
0.0516016632 -0.00573638873
0.0579796098 -0.0750619769
0.00819106586 0.0373942852
-0.0438434631 -0.00976639148
-0.0571931787 -0.0081761172
0.0106706247 0.073842302
0.0478685424 0.0454372428
-0.0203526337 0.0527843721
0.0470320992 -0.0407744385
-0.0489268042 0.0266858079
-0.0610985458 0.00855506398
0.002292827 -0.0760765746
-0.0441032238 0.0081324717
-0.00421460113 0.0111967288
-0.0163028128 -0.0341447741
0.00933523849 -0.0408654548
-0.0402396023 0.018966591
0.0287154838 0.0341143385
-0.00230906624 0.0636238232
-0.0253211819 0.0448465236
0.019654559 0.0351516753
-0.0552925803 0.0766096711
-0.0147808231 -0.0291749761
-0.0674587861 0.0165531579
-0.0966563746 0.0100378199
-0.0107657788 -0.0302007124
0.0119122891 -0.0028296134
0.00240380224 0.00554070622
0.00912076887 -0.00567378383
0.0701095909 -0.0566141196
-0.0165774077 -0.0270088352
0.0108803874 0.050095845
0.0649453253 0.0328184254
-0.015937211 -0.0298950709
0.0313837044 -0.0665995851
0.0547929294 -0.0391943417
-0.0056277439 -0.0177004728
0.00993799604 0.033817593
0.0136495596 -0.00184152799
-0.0241865218 -0.00764164561
0.028132122 0.0193176381
0.0333044194 -0.0572975986
-0.00538291037 -0.0446679965
-0.04394361 0.00665514404
-0.0205747634 -0.00701590022
0.0389889441 -0.0187779702
-0.0147995828 0.0226990581
0.0658924729 -0.0120791662
0.0495598391 0.00543240877
-0.010121692 0.02319647
-0.0398209095 -0.0218120273
-0.0278032608 -0.0214924961
0.00296639604 0.0490026437
-0.0783376619 -0.0112712597
-0.0386646092 -0.0275041312
0.0107669719 0.00171931612
-0.0352551714 0.00337231229
0.034056589 0.00419010967
-0.021459844 0.0198802352
-0.0614652224 0.0472243689
-0.0114527689 0.0792044252
-0.0236613452 0.0387189798
-0.0108054616 -0.0419357829
-0.00746041629 -0.0498180091
0.0288934056 -0.0215219148
0.007717642 -0.0499933437
0.0142265912 -0.0755110234
0.0537924878 -0.0345639251
0.0261185542 0.0249309726
0.0550360158 0.000338959828
0.00943972263 0.000160267649
-0.0865754485 -0.0225338656
-0.0376438536 -0.0761821121
0.0873805732 -0.0434009433
0.0862492472 0.0474126115
-0.00217993115 0.0274876431
-0.00164136698 -0.0323063061
-0.0511398539 -0.0313936062
-0.0264773611 -0.00101640902
0.0396517701 0.0331007019
-0.00568424072 0.0262935944
0.0653134584 0.0328361392
0.0696981698 0.0129283378
-0.0231492966 0.0254479181
0.0112601528 0.0190557633
-0.0089238463 -0.047081463
-0.0601674952 -0.020536948
0.0536062494 -0.0330045894
-0.00119632762 0.0111687165
0.015301629 0.0464849882
0.0285015814 -0.0258982293
-0.00351686217 0.0153613929
0.0482936725 0.0548839085
0.0555047356 0.00964495167
0.10146039 0.00898644887
-0.00459042797 -0.0212516766
-0.00597094186 0.00719250273
0.0148973791 0.0437258221
-0.037888065 -0.0954585895
-0.0161130503 -0.0761672109
0.00679381751 0.0243994631
0.00845116563 0.072726123
-0.019199118 0.0715672597
-0.0287943427 -0.0578669533
0.0985594019 -0.0301812626
0.0445942655 -0.0303497817
-0.00777957449 -0.0353270285
0.0141859548 -0.0121998917
0.0933779255 -0.0414367951
0.0187111069 0.0149463909
-0.0477607623 -0.00371148135
0.0706229284 0.00848624948
0.000740875374 0.0426654145
-0.0287257973 -0.0218131654
0.0484660156 -0.0474633388
7.55810543e-05 -0.0159922503
-0.0234288927 0.03984496
-0.0119465897 0.0341400169
-0.00383201591 0.0262860563
0.0301170051 0.00264188321
0.0414572172 -0.0462494157
0.0232627299 0.042912744
0.0204508845 -0.00824803393
0.0110898791 -0.0145276003
0.00125072559 -0.040699888
-0.00362632517 -0.0911892056
-0.0795276314 0.00295302039
0.0150734754 0.0480591245
0.0530355051 0.0626416132
-0.0109872455 0.0472444259
0.0129781226 0.00348327635
-0.0145045156 -0.0112611586
0.00146323931 0.0260687731
-0.07272695 0.0688169077
-0.0212437194 -0.0163046997
-0.0370746143 -0.0247595999
-0.0417155251 -0.0278064646
0.00878950208 -0.0723596215
-0.0440521501 -0.00671364274
0.0632564873 -0.0481963344
0.0319542661 0.01072428
0.0386153907 0.0409786701
0.0505147949 -0.0548382998
-0.0959154665 -0.0158332046
0.0512832217 0.0181511585
0.0589234345 -0.002338205
-0.0274353679 0.0281438436
0.00696305977 0.0321990028
-0.0812270418 0.00699601788
0.0114353262 0.0565486327
-0.0411753803 0.0635579675
-0.0361956656 -0.0190572366
0.0151366992 -0.0369086787
-0.0453966595 0.0366367847
0.0438905954 0.0954997167
0.0887637734 -0.035034176
-0.0040830709 -0.0275764707
-0.0194064341 0.040171396
-0.0182271209 -0.00946790818
-0.00395985506 0.0401804298
-0.0243964978 -0.0471777916
-0.0472177304 0.0439791568
-0.0053009335 -0.013136954
0.0234892555 -0.0509354398
-0.0233378205 0.0696008801
-0.0186498519 -0.0736669749
0.0393089429 -0.0245575272
0.0272570439 0.0316028818
-0.033605516 0.0202047769
-0.035127718 0.0296732225
-0.00925538037 -0.00582594145
0.00952281803 0.0172727779
-0.0552989393 0.0118110683
-0.039916113 0.0315961204
-0.0222082771 0.0171373431
0.00894221943 -0.033045195
0.12028794 -0.0730677247
0.0077203298 0.0737283975
0.0490182042 -0.00962254778
0.0348695293 -0.132888928
-0.0240310319 -0.0157217123
-0.0499988347 -0.0139957229
-0.0564964153 -0.0159104727
-0.0139393657 0.00610418897
-0.0279036555 0.0259443447
-0.0416151509 -0.057936836
-0.0180385783 -0.0451044515
-0.011586356 0.015031781
-0.027557455 0.0282689966
-0.0413523503 0.0489823148
-0.0233100876 -0.0150307901
-0.0406013615 -0.00521929609
-0.0255923774 0.014748998
0.046370279 0.018045973
0.0245532934 -0.0502757877
0.0377351046 -0.0766829103
0.0723271146 0.0479740016
-0.0692856312 0.00592966052
-0.0474217832 -0.0346807986
-0.0457580574 0.00992138684
-0.0903478116 -0.0194316972
0.0370284095 -0.0308452621
0.0188593939 -0.0171525218
0.0177171491 -0.0301304162
0.036240615 -0.00301859854
-0.00241726497 0.0150936199
0.0361894593 0.00389547739
-0.0437126942 0.0361654684
-0.0527204089 0.00198728708
0.0224246923 0.0485547595
0.0416423865 0.0336622447
-0.047351636 0.0398508534
-0.0550872125 0.0844131112
0.00515024317 -0.0067380853
-0.0759871453 0.0104433317
-0.0114413388 0.0423357487
0.0321710818 0.00163855613
-0.0271314252 0.0385302901
-0.0642386377 -0.015386573
-0.0696867704 -0.041651614
-0.0223542769 -0.0328301787
0.0573338866 0.0278858878
0.00336522958 0.0467911437
-0.0186087452 -0.025076637
0.0246336069 0.0175626911
-0.0734961182 0.0356711708
0.0592901036 0.0133013325
0.0158572812 -0.00679116882
-0.095873639 0.0540942363
0.0270224474 0.000455925998
0.0418735668 0.0122537324
0.0010249078 0.0227349475
0.0978119373 0.00759316934
0.0550666265 0.0260152612
-0.0263637472 -0.0237374157
0.00299500767 0.0766381621
-0.0863834023 0.097874023
0.00579685485 -0.0391670428
0.0824751407 0.0474802405
-0.0174638461 0.0493319705
0.044169385 -0.0602924041
0.0195996705 0.0165455602
-0.0115578528 0.00724987825
-0.0990996063 -0.0285916366
0.0112694539 0.00359002175
0.124071978 -0.0871357173
-0.0981512666 -0.0739296526
-0.00609771442 -0.0251459926
0.00496559544 -0.0432370566
-0.00242536259 -0.113201715
-0.0436821394 0.0246687587
0.000637655554 0.114332817
0.0153332707 -0.00670626061
-0.0438261479 0.0469921045
0.0505043231 0.075036034
-0.0336130448 -0.0345915891
0.011475306 0.00210241252
0.0179583002 0.0282579642
-0.0816240832 0.0447154082
0.0136737265 0.0198621023
-0.0337173119 0.000966479769
0.0501888171 0.036326848
0.0480909273 -0.064074114
0.042622719 -0.0607914701
-0.00798853952 -0.0777918696
-0.0184309836 0.0336107723
0.0657837167 0.0734069794
-0.0118542453 -0.0308557693
-0.00437947828 -0.00862187333
-0.00599839445 -0.037498083
0.0399154611 0.0517358929
0.0116119701 0.0404267833
0.0116212135 0.00186925172
0.038374912 0.0344847776
-0.00535551272 -0.0319494121
-0.0089039756 -0.0051868218
-0.072013706 -0.0340549164
0.00578987785 -0.0637191609
0.00300830742 0.0274254493
0.0310723577 0.0563483797
0.0677863657 0.0173979588
-0.0220472068 -0.0340888388
0.0132925436 0.018993564
-0.033828374 0.0114163179
0.0193729885 0.0714367405
0.0140071306 0.0398978069
-0.0115251811 -0.0830805749
0.0566156432 -0.0285359584
-0.0120399874 0.000906224886
0.0140147982 -0.00792985409
0.0440015495 -0.0503292158
0.0271916762 -0.0238883179
0.0587278008 -0.0118758343
-0.0173970927 -0.0503215939
-0.0287709497 0.0141091999
0.0400683358 0.013314493
-0.0198931638 0.0182207804
0.0114969527 -0.0261108577
-0.0260689408 -0.0294325892
-0.071934402 -0.0394390114
0.0272472706 -0.0124674849
0.0104763377 0.0297134966
-0.0785299987 -0.021333266
-0.0293377843 0.104668915
0.0423931256 0.0836878419
-0.0195569843 0.00161926623
-0.0570452884 -0.00891803578
-0.0386749096 -0.0175458714
-0.00470547657 0.0385185704
-0.0813316628 -0.017001532
-0.0424132459 -0.0301723443
-0.000791598461 -0.0290776622
-0.0275457446 0.0145798204
0.0243992098 0.00368656637
-0.0395312496 0.0108425366
-0.0645989925 0.0647674277
0.0175396707 0.0382320173
-0.0264301524 0.0157970041
-0.00076836138 -0.0541418791
-0.0243137591 -0.0666853786
0.0231517348 -0.048182182
0.0167131089 -0.0572585054
0.0116830254 -0.0944582298
0.0441063941 -0.0508250631
0.0373107716 0.0265684612
0.0469701923 -0.0129972361
0.0100610387 0.00444010599
-0.0870178342 -0.0106556425
-0.0602466688 -0.0623157322
0.0611255579 -0.0374949723
0.102778822 0.0359105729
0.00849092379 0.0284996778
-0.00489788456 -0.0403059535
-0.0627259985 -0.0127583528
-0.00600876287 0.0180558935
0.0402578004 0.0092871068
0.00368295866 0.0163023341
0.059201289 0.0113619547
0.0630154684 -0.00281020557
-0.024115989 0.01348041
-0.00617328333 -0.0260439571
0.0128708361 0.00415329542
0.0288546942 0.030285351
-0.0126415733 -0.0152623728
-0.00771083264 -0.0341977105
-0.0237741638 -0.0702477321
0.103543416 -0.00970075745
0.0453895591 0.0363473669
-0.00272371015 -0.00920692459
-0.00874099787 0.0250264816
-0.0221972708 -0.00889284443
-0.0409359224 -0.0938948691
-0.0982364714 0.0473071001
-0.0455937088 0.0185209718
0.0133178225 -0.0348073356
0.0321149603 -0.00254391017
0.0512450784 -0.0813785121
0.0174433608 -0.0597981103
-0.037888255 0.0513434224
-0.00498749921 -0.0216972865
0.0458155684 -0.0264993366
-0.0110555012 -0.0961694419
-0.00213998137 -0.0982702151
-0.0183644351 0.0717743114
0.0359179974 0.0584438071
0.0790643692 -0.0137830991
0.00802713446 -0.0158896577
0.0381965451 -0.0519673303
0.0264324993 -0.081404604
0.0609649085 0.0190619435
-0.00509100966 -0.0406315438
-0.109862439 0.00391778024
0.0460436121 -0.00940332748
-0.00344031584 -0.0212349072
0.00934932008 0.00263802148
0.055692628 0.0118532786
0.0184407942 0.0389017351
0.00728900312 -0.0469402783
-0.0586500615 -0.052500952
0.0170560107 0.0190983023
0.0392157994 -0.0321046151
-0.0754332542 -0.038885694
-0.0175879709 -0.0267687086
-0.000810847152 0.0255313609
-0.0398343429 0.0119721526
0.0181091633 0.0240768325
-0.00733401021 0.0603667647
-0.00138056406 -0.030002255
0.0395749696 -0.010119346
0.0658333227 0.0108914915
0.06424018 0.022945391
0.00422324892 0.0190080907
-0.0354865044 0.0188259948
0.0174521785 0.00988119002
0.0681606382 0.0190554336
0.0517023616 0.0257708896
0.0435483418 0.0204424318
0.00475064712 0.0532360189
-0.0433009304 0.089677304
-0.0185790677 -0.0448237434
-0.0186629277 -0.0294246189
0.0259934459 0.0510165729
-0.00577111822 0.00417850679
-0.0599199757 -0.0410129167
0.0213652086 0.0363360196
0.0594520606 0.0744393244
0.0201878902 -0.0194653813
-0.102597542 -0.019294329
-0.0637314245 0.000525539333
-0.0325790159 -0.0473223105
-0.00974594243 0.045099698
0.00613945024 0.0433607213
-0.0357516035 0.0271656346
-0.0454755686 -0.012304334
-0.101444893 -0.0196420178
0.0140919909 -0.0234046858
0.0421489403 0.0370281227
-0.0250401348 0.00147894432
0.0753457248 -0.0481254421
0.0496442392 -0.00210534548
0.134179205 -0.0371050984
0.055104252 0.0102372216
-0.0197540931 -0.0191201568
0.0514560863 -0.0144253233
0.0563469566 -0.00975182746
0.0435369126 -0.0391180366
-0.051065065 0.00991607085
-0.00495917117 -0.0611403957
0.0338580124 0.00196543336
0.00610422809 0.012471321
0.0746491626 0.00213039061
-0.00327582681 0.01675798
-0.021620106 -0.0466176532
0.0303929187 0.0494934842
0.00683010137 0.0321783125
0.0349133238 -0.00155535853
-0.0254197698 0.0275663007
-0.0403213575 -0.0164670087
-0.0406470373 -0.032147333
-0.00396342156 0.024306545
0.0804027468 0.0573351383
0.00868243724 -0.0227965135
0.0247886516 0.008831135
0.0932432041 -0.00155918847
-0.0177092962 -0.00542578148
-0.013796987 0.00234293356
-0.0333990157 -0.0278748665
-0.0156340972 -0.000122213707
-0.0131665235 -0.0582344532
0.00562746869 0.00825696345
-0.0272590723 -0.00170806632
-0.0944277495 0.0536176488
0.0446946621 0.0350812525
-0.0169892628 0.000760455441
-0.0558016859 0.0832492411
0.0173542313 -0.0397890881
0.0465118252 -0.0220589023
0.0257821269 0.0165026262
-0.0729828104 -0.0272227209
-0.0119118867 -0.0696512535
-0.0110494327 -0.00822606869
-0.0176301748 0.0340305306
0.0426671579 -0.0183078833
-0.066390112 0.0121215023
-0.0927288011 -0.0402177349
0.00828672107 0.00731358025
0.0580408908 -0.021692913
-0.0450255945 -0.0636742562
0.0393237658 0.0140571352
0.0542533062 0.0252428111
-0.0348189957 0.0124964854
-0.00450309273 0.058039818
-0.0360177308 0.0598190166
0.00519606844 0.0528396294
-0.00242701918 0.0433638245
-0.105855696 -0.0540912859
-0.0899057016 0.0336938389
-0.0511639975 0.0700264275
-0.0290867686 0.00660484657
-0.035412021 0.04591842
0.0259927884 -0.00312358281
0.0473556332 -0.00831599813
0.0215462483 -0.0229299683
-0.0754640698 -0.0774068907
-0.026713701 -0.0132258413
0.0536082685 0.0784585923
0.00312633277 0.0268144943
-0.00710663712 -0.0607641824
-0.0166062042 0.0721416771
0.0424917154 0.0137465755
0.0731757805 0.00506259361
0.0384399965 0.0463539921
0.00491995271 0.0107828034
-0.0387047678 0.0116331885
0.104084484 -0.0274585504
0.0100790234 -0.059487991
-0.0595647767 0.00316657685
-0.00435056584 -0.0422495604
-0.014095244 -0.0585264452
0.00189591374 0.019839555
-0.00344756874 -0.0672207549
0.00791636389 -0.00914828014
0.0015349047 0.0296606906
-0.0481982008 -0.024314085
-0.0336074047 0.0536001399
-0.00838636886 -0.0822892487
0.067537643 -0.0698944107
-0.0293368008 0.0711073279
-0.0338266976 0.0275216829
0.0464202948 -0.000404232065
-0.0449993163 -0.0393886194
-0.0881882161 0.00487952773
-0.0360102952 -0.0186477806
-0.0775551572 0.0220813397
0.00431642914 0.00938851107
0.0344616324 0.0509837717
-0.0968068987 0.0498560183
-0.050351277 -0.0873811245
-0.0119767291 0.0227529798
-0.0437351279 0.0300132595
-0.058107961 0.0274904836
0.00290278695 0.00559267681
0.0526592694 0.0486253165
-0.0288246796 0.0291191861
0.0399197079 -0.0901351646
0.0541389696 -0.0080781877
-0.034463197 0.0260962695
-0.0318350717 -0.088463977
-0.0341576636 0.0173263121
0.00248673442 0.0703576058
0.0263618287 -0.0207875445
-0.00267525879 -0.00523590995
-0.0145043479 0.0638889819
0.0509607755 -0.00659440411
-0.0353844799 -0.0278434902
-0.0113121802 -0.00876407139
0.0486008935 -0.00547233829
-0.0539185926 0.0300818123
0.0478472784 0.0631364807
0.0760756135 -0.0141010387
0.0163178537 -0.0581088066
0.0482380688 -0.0393264294
0.00304810773 0.0454461128
0.00459150551 0.00372756831
0.0526619032 -0.074685894
-0.0307648405 -0.0160071254
-0.0166042782 0.0500565059
-0.0416060686 0.0705214441
-0.0305211432 -0.0138471695
-0.000100111836 0.0154288076
-0.0189482272 0.00102929014
0.0463850275 -0.0459684581
0.0227040779 -0.0214842018
-0.0360003449 -0.0479410328
0.0405032262 0.0378805883
-0.109046921 0.0490731373
-0.0333667397 0.0330514424
0.117334552 -0.0223199893
0.0280873477 -0.048750706
0.0340232663 0.0603229292
0.0382998399 0.0481976308
0.0087767411 0.079969503
-0.0060755033 0.0727856234
-0.0299845524 0.0164512433
0.0493379422 -0.00696217315
-0.0631725118 -0.0206970014
-0.0223035775 -0.0344584957
0.0415702686 -0.0818293169
-0.00597228156 -0.0293260384
0.0580678917 -0.0107036801
-0.0059113102 -0.0287308376
-0.00497724535 0.0626777038
0.0191017427 0.0448272862
-0.0852947086 0.0263392869
-0.0443232134 0.0139905522
-0.0497662909 -0.0566782318
0.0181930382 0.0149819022
0.0175273102 0.0629996583
-0.0475876033 -0.00749702891
0.0361687243 0.0473333299
0.000133644629 -0.0339191481
0.000141564175 -0.0723662376
0.0389866903 0.0143439015
0.0255794972 -0.0278719943
-0.00853783917 0.0464413241
0.0477690138 -0.0208744612
-0.0436707735 -0.0208642315
-0.0769653991 0.0204736013
0.0358819105 -0.000250210665
0.0104353949 -0.0150234075
0.0413300358 -0.0353368148
-0.0262517948 0.026324112
-0.0497069359 -0.0265176333
0.0520943403 0.00502712466
0.027297847 0.0376434438
0.0347002335 -0.0193870757
-0.00334354024 -0.0311968494
0.00626266375 -0.0117812445
0.0338168666 0.00748137245
-0.0120569021 -0.0189296529
-0.027316181 -0.0471944883
-0.0292528812 -0.0732112527
0.113311328 -0.0346955955
0.0245766789 0.0297805388
0.00807066355 -0.00993128121
0.00619827351 0.0300979372
-0.0217816513 -0.00878967904
-0.0576284416 -0.0857771337
-0.113853231 0.0529818311
-0.0404828265 0.0296524111
-0.00432838872 -0.0499175414
0.0288184788 0.0126426406
0.0105634155 -0.0810803249
0.0220769644 -0.064328298
-0.0381348096 0.0447532423
-0.0202290099 -0.000939372345
0.0206922255 -0.0395801961
-0.0198487993 -0.0851854458
-0.0092514772 -0.0758659765
-0.0263502691 0.0699100271
0.0378837958 0.0712953731
0.0712121278 -0.0251657255
-0.0173840318 0.00760981534
0.0434653312 -0.0533125103
-0.00957346056 -0.0909286439
0.0706672817 0.00583585771
-0.00395979779 -0.0357372724
-0.11113406 -0.0016468286
-0.0722835436 -0.0309929904
-0.025620766 0.000815967389
0.0570187122 0.00692989258
0.0603638031 -0.00839742925
0.0134109072 -0.0245379247
-0.0630846396 -0.0142492317
-0.0136375194 -0.086927034
0.0597533733 -0.0573827438
-0.034677729 -0.0150403604
0.071315378 -0.0477780811
0.107324347 0.0603144877
-0.0608402602 -0.0394575559
-0.0421851575 -0.026424475
-0.0365305841 0.0898923352
0.00838222634 0.0123325577
-0.000468534912 -0.0196422562
-0.00627085567 -0.054051768
0.0197244436 -0.00812209304
-0.0183009673 -0.0147865107
0.0951227769 -0.0316142589
-0.0524328798 0.00804670621
-0.00452855276 -0.0309256017
0.052704636 0.00184157165
-0.0503070988 -0.0100825382
-0.0282638427 -0.0329851806
0.0277172569 0.00354692503
0.00586641394 -0.0171107519
0.0043069981 0.0235898066
0.0546674281 0.0354657173
0.0507686958 -0.0317631364
0.019948801 0.0121488739
-0.0476058833 -0.0300804935
-0.0186605714 -0.0731645003
0.0581441 0.0236120094
-0.0331209302 0.00839323271
-0.00619706651 -0.0394488312
0.0299077928 0.045509357
0.0083130775 -0.020906752
0.0274564382 -0.0324843116
0.0382073671 0.00357364211
0.0588311851 -0.0439977832
0.00310318358 0.0147917224
0.0107086748 -0.0240036473
0.0131240981 -0.0329092443
0.0223573465 0.0513624288
0.0184623525 -0.0118182441
0.0386986285 0.0173559133
0.0471236967 0.00992749911
-0.00301710493 -0.0215756893
0.0352512039 0.0157561377
0.0591774136 -0.0081027681
0.016696319 0.05040209
0.0060467436 0.0150060728
-0.0334324911 -0.00313703972
0.0147374878 0.0712757036
0.00937390607 -0.032243751
0.0338799059 -0.0555639192
-7.21930919e-05 0.0314737707
-0.0678817183 -0.0241016652
-0.0363439247 -0.0552582592
-0.028912181 -0.0285953823
-0.0437533371 -0.0010878765
-0.0131750507 0.0314175524
0.00714704255 -0.0459902622
0.0741034448 -0.0240700766
0.0527857393 0.0462312251
0.00109612837 -0.00795558002
0.0553771071 0.00427372986
0.0143825524 -0.0107565029
-0.0202345923 -0.057666719
-0.0129850926 0.00102969364
-0.000271828729 0.0293869134
0.0159459505 -0.00694319373
0.036983192 -0.0356427021
-0.0564150214 -0.0440966524
-0.0856965855 -0.0097235553
0.0852845907 -0.0788940936
-0.0580029115 -0.0532866344
-0.059025567 0.0169203933
0.0849903151 -0.0368933305
-0.0210766625 -0.0255272239
-0.0647087097 0.00593235297
0.029362496 -0.0140419826
0.0820555463 -0.06538973
0.0357116126 0.0213401467
0.0424522236 0.0839771107
0.0717100203 0.0288510453
0.018510323 -0.0324495472
-0.0340604223 0.0185027868
-0.0179192964 0.00822163466
0.0160374623 -0.0203857068
-0.0886006728 -0.0276887584
-0.00112124323 -0.0519936606
0.00467252173 0.00881071202
-0.00476222811 0.0392624997
-0.0127879363 0.0168063529
-0.103055872 0.0120522743
-0.00996444654 -0.00386297284
-0.0141001334 0.009255182
-0.05216204 0.00736344419
-0.00991343427 0.082463719
-0.0509894602 -0.0176055692
0.0549705289 -0.0908872783
0.0390187912 -0.0048167482
-0.0822797194 -0.0294378418
-0.0674510822 -0.0309175942
-0.0251849554 0.0316836685
-0.0141184488 -0.00285291672
0.00613521459 0.00722925644
0.0507332198 0.038403675
-0.00354735483 -0.0285513606
0.0204781815 -0.0564733855
-0.00411739713 0.0580848157
-0.0242636073 0.0717658028
0.0752522051 0.0397831351
0.0232146252 -0.0255537946
0.0288749617 -0.00793200824
0.0200652815 0.0463818274
-0.0100819618 -0.0383581743
0.0470812432 0.0236776099
-0.0534660406 -0.0259681493
-0.104599647 0.0397407599
-0.0556219183 0.0891171843
-0.0528761782 -0.0298235007
0.0117419874 0.0868568644
0.0345913693 0.0815877542
-0.021533493 -0.0175901353
0.00252703205 0.00164473045
0.00375851826 0.0254818946
-0.0153669827 0.0481099226
0.0207573213 -0.021119874
0.00531408284 0.0387949906
0.000887798553 -0.0245227888
-0.0146146631 -0.000462256547
0.0102694742 -0.0231333338
-0.00394424982 -0.0285878573
-0.036589928 0.0539836213
0.00220725546 -0.028942598
-0.0013249506 0.0846174583
0.0746446922 0.0804172158
-0.0216417704 -0.0165829565
-0.0610964894 0.0210182723
-0.039333947 0.0134394793
-0.0490388758 -0.0403388701
0.0637829751 -0.0522509925
0.0546871871 0.0533126071
-0.00183238729 0.0838895142
-0.0991405845 0.0322126374
0.00139837596 -0.0156744123
0.0516689941 -0.0527276658
-0.0156800337 0.0270327237
0.050954517 0.0223629698
-0.0117449909 0.00101368048
0.0569041595 -0.0110153332
0.0168360919 -0.0253569949
-0.0907192454 -0.000583124463
0.00462633744 0.00734897656
0.00666656857 -0.00248068897
-0.0125608025 -0.0294332951
-0.0682543889 -0.0615013689
-0.0010948712 0.00618033251
0.0476447009 -0.00535882171
0.0268332753 0.00476203719
-0.0222012103 -0.0035166801
-0.019394774 -0.0697671846
0.0552136712 0.0138944397
0.00152120891 0.0420514047
-0.0192374084 -0.0410009511
-0.0659091994 0.00163819653
-0.00458700303 -0.00952253398
0.0499827377 -0.0166890156
0.0506928414 -0.0427317843
0.0348264128 -0.0829876289
-0.0774607062 0.0195688903
0.0643097162 0.00841444079
-0.048014231 0.0231811032
-0.0837360322 -0.00111374562
0.034016978 -0.0424550958
-0.0672582984 -0.00202268618
0.00932015665 -0.00578236114
0.0317766331 0.0901109949
0.0728048384 0.0352123678
0.0374360904 -0.0135643324
0.0323248021 0.000986521482
0.0035774766 -0.0282433741
-0.110131107 0.0274668951
-0.0584836714 -0.0113328453
-0.0851411074 0.0269124005
-0.0252294913 0.03108266
0.0145199075 -0.0280990601
0.0209311508 0.0325996354
-0.0211790912 0.0576882325
-0.00494282832 -0.0206897669
0.0495831743 -0.0328008644
0.00963253621 0.00125668722
-0.0418703035 -0.00836727582
-0.00505129527 0.0465756655
-0.0106203286 0.0607589222
-0.0407829322 -0.0325450003
0.0277260672 0.0537793338
0.019749647 0.0293351114
0.0493727252 -0.0531839803
0.0235974155 -0.0040995609
0.033378344 0.034531232
0.0603905581 -0.0128245782
-0.0456807129 -0.044519376
-0.0258185305 3.47346713e-06
-0.0656026602 -0.0355720147
-0.0279456526 0.00517086871
0.017251106 0.0177738648
0.0403099023 -0.0190846846
-0.0300420523 0.0444676578
-0.0865709633 -0.00901470985
0.00449523702 -0.0290307906
-0.0328750871 0.0637651458
0.0166710522 0.0472653396
0.0214135647 -0.019979991
0.0381433964 -0.0781953856
0.0815533847 0.0305831395
0.0521722883 0.0910385251
0.0474915989 -0.0571842678
0.0478694215 0.0275833085
0.0671215132 0.0313243978
0.0153124472 -0.00158888614
0.0133945299 0.122148961
0.0671947673 -0.020359477
-0.0443825647 -0.118237726
-0.0245829225 -0.0899535567
0.0013681649 -0.0218286235
-0.0169741809 0.0419680253
0.0577305257 -0.0197322015
-0.00495680002 -0.0110211987
-0.0116239013 0.00175710535
0.0156795941 0.0186672658
-0.0898197144 0.0421747938
-0.0360092074 -0.0103655262
-0.0198457763 0.059301354
-0.143839478 0.0415550917
-0.0607705154 -0.0100797461
-0.0564631037 0.0185526796
-0.0063196444 -0.078193076
0.0616982579 -0.0427476838
-0.0143371327 -0.00709203631
-0.0419262499 0.0459718592
-0.0505670495 0.0640763193
0.0483744629 0.0194990151
0.000416630355 0.0155469924
-0.0502477847 0.0416979417
0.0134592662 0.0107601807
-0.0121984342 0.0267383959
0.0110325273 0.0199803971
-0.0137846945 -0.0254919566
0.0163378343 0.0157576632
0.0492875166 0.0269127786
-0.0241412967 0.00497122807
-0.0591107272 -0.00406797137
-0.0589777417 -0.0285711307
-0.0200458523 -0.0114812711
0.0716694221 -0.00732539035
0.0784952864 -0.0211613104
0.00282245851 -0.027392054
-0.0725018382 -0.0280341897
-0.0310672987 -0.0828577355
0.04723005 -0.0497401319
-0.0487408005 -0.013145945
0.040354453 -0.0329115838
0.11133793 0.0399745964
-0.041761253 -0.0190743171
-0.0464641973 -0.0132223302
-0.0286271162 0.0948993564
0.0169449504 -0.00616353238
-0.00983671192 -0.0416332781
0.0277270302 -0.0590196103
0.0240847599 -0.0471582077
-0.0310834479 -0.00157624518
0.0702975094 -0.0389440991
-0.0382679887 0.00573456334
0.00125996291 -0.0163574889
0.0611820109 -0.00435071997
-0.0568339899 -0.0153078893
-0.0388434343 -0.0328469798
0.0148082348 -0.00253919116
0.0105834473 -0.0114404457
-0.0249539688 0.0223009698
0.0535710454 0.0212061312
0.0312362537 -0.0320361555
0.0398059487 0.0230876002
-0.0282709915 -0.0136884581
0.0119090471 -0.027938623
0.0210101902 0.0742942393
-0.0187562946 -0.0124340225
-0.00489157857 0.0452531017
0.00954201631 -0.00907020364
0.0388604105 -0.0319212899
-0.00272255717 -0.0131989401
-0.0708974004 -0.0583010055
0.0400189906 -0.016563477
0.0313439593 -0.016604038
-0.0240522102 0.00783833954
-0.0190731138 0.0426666029
-0.0116303135 0.0300384797
-0.023740394 0.0271282792
-0.0348130502 0.0153957764
0.00500699691 0.0116163101
0.0149487285 -0.0449464619
0.0124904625 -0.0210667849
0.0677469075 -0.0408720635
0.0684522241 -0.00678603398
0.0700569078 0.0382354558
0.0507667884 0.00286988285
0.0197373405 0.0210710987
0.021820562 -0.0550410002
0.0370005481 -0.0736591071
0.0280501582 -0.0272819716
-0.0139442412 0.0040375432
-0.0229891259 -0.0151258716
0.00707794214 0.000681189413
0.0110237803 0.0447406098
-0.000259765657 -0.000120079618
0.0663594678 -0.0291090719
0.0598563775 -0.12896046
-0.000443986588 -0.0224049762
-0.077247344 -0.00126813119
0.00122453505 -0.0914515778
0.0530252308 0.00726777269
0.00677756034 -0.0104673225
0.06866467 0.0131804533
0.00330608874 0.029707741
-0.0478544831 0.0450529754
-0.0107530551 0.0670573264
0.0467857271 -0.0646572039
0.0762112141 -0.0830358341
-0.025073681 0.0350309424
0.0628066882 0.0135518145
-0.0177196339 0.0150837591
-0.0663650334 -0.00355730765
0.0479269251 -0.0675599054
0.0034014869 0.0176192913
-0.0486190133 -0.0370851159
-0.0496885553 -0.0396501757
0.0149715403 0.0850018635
0.0205310602 -0.0424894281
-0.0470035747 -0.0126670571
0.000523408293 -0.00544726895
0.039029222 -0.107659779
0.0124787875 -0.000122931975
-0.047077287 0.0546875112
-0.00291407271 0.0361360051
0.0347264446 0.0284405928
0.0449961238 0.0492594093
0.0180637073 0.0206314735
0.00509900972 0.0910710022
-0.000404873252 0.0489202775
-0.0416866951 -0.0567982011
0.00929790083 -0.00460201642
0.0457534716 0.00726160733
-0.0411768816 -0.025136238
-0.0644887611 -0.0822193548
0.063732028 -0.0288047865
0.0148998154 0.0308378991
-0.0895691812 -0.0213839021
-0.0140143782 0.0076525202
0.0282087494 -0.00594908046
0.00128236867 0.0264199153
-0.0418758132 0.015663499
-0.00659590308 -0.0607156046
0.0533705726 -0.00862115063
0.00470497739 0.0191060156
0.0234179106 -0.0203189459
0.024757795 0.0198162962
0.0504988991 0.023851091
-0.0182320327 -0.0398276597
0.0748333037 -0.0504174493
0.0254504941 0.0148356743
-0.101918548 0.00282273721
0.0463545509 0.014119219
-0.0577909835 0.0171666611
-0.0205426328 0.0315674581
-0.029767165 0.0775339007
-0.0174121056 -0.0318035223
0.0572929084 -0.0671199858
-0.014252983 -0.00581058487
0.0482539088 -0.0343127921
-0.0120416814 0.0501044728
-0.0473861769 -0.0138350464
-0.0190872103 0.0311368611
-0.0903765634 0.00838073902
0.00351684773 -0.0530983172
-0.0140543459 0.00608414784
-0.0609402023 0.00713137863
0.00159926224 0.0179822724
0.0367014967 -0.0860305801
-0.040378388 -0.0191947687
-0.096612595 0.0396988466
9.34509808e-05 -0.0606184863
0.00606255559 -0.0291315448
0.0277810451 -0.100066535
-0.0667025 -0.0456975102
0.0496817082 0.0155327972
0.0705198124 -0.0224531572
0.0133901937 0.0875978544
0.013509226 0.0959935412
-0.0564142205 0.0322655253
0.0247185118 0.0634539947
0.052437976 0.0591515675
-0.0386778302 -0.00447844574
0.0208807886 0.0190898106
-0.0214780811 0.0521030724
-0.00788286421 -0.0148376161
-0.0221909899 -0.0821555257
-0.0824215785 -0.0455594771
0.0499105081 -0.0550599843
0.0304763988 -0.0599663481
-0.0056368201 0.0716741979
-0.0529572517 0.024046069
-0.0166666117 -0.051303748
0.0614994504 0.0438799262
0.0142518701 0.0141722187
0.0398538895 0.0035408577
-0.0127709415 0.00624198886
-0.00659181783 -0.00392397726
0.0683137104 -0.0279771779
-0.0429194681 0.0112928515
-0.0012228525 -0.00878712162
0.0374024585 -0.0872809142
0.00719552394 -0.0198784787
0.0421511829 0.0289453138
0.0257332809 0.0280827228
-0.0379904211 -0.010360755
-0.0349561311 0.037371397
0.0227817427 0.0626887903
0.0271153655 0.00572267827
0.0227911882 -0.00441752514
0.0127890063 -0.0152160423
-0.0740716681 -0.0150394002
-0.0436989106 0.117533453
0.0343791842 0.0821605474
-0.0370024741 0.0203804299
-0.00740930298 -0.0169044714
0.0346470103 -0.0598252639
-0.0473144874 0.0236383956
-0.0755097941 0.0235980321
-0.0256970692 0.0198363103
-0.022492189 -0.00138812035
-0.0370425507 0.02060063
0.0271304995 0.00470008282
0.00932601467 -0.0682495683
-0.0713045225 0.101345532
-0.0161462389 0.125625953
0.015701782 0.00383510021
0.0216235146 -0.00104895409
-0.0355403908 -0.0238786619
-0.0380463228 0.00046606324
0.00251144939 0.0128578302
-0.0304222945 -0.0817327574
0.0123777352 -0.0336071141
-0.00863452815 0.0522843637
0.0103927003 0.0339142531
0.0328135788 -0.0708355978
0.0748598799 -0.0109962774
0.0578247458 -0.0380989388
-0.0248671137 -0.0793200433
-0.028840106 0.00442042714
-0.018406257 0.0487485304
0.00221695565 -0.0133850323
0.02340631 -0.00971404463
-0.0289099365 0.00130404369
-0.0107349157 0.0351582542
0.0492091812 0.0309239496
0.0288547445 0.00558719179
-0.0267838854 -0.0103998855
0.0502199233 0.0255869273
-0.000792226754 0.0532565117
0.0467226356 -0.0387588292
0.0376271829 0.00343830138
0.0625684187 0.0567509383
0.0586723015 -0.00879114307
-0.0727212653 -0.0101827569
-0.0167856906 -0.029579781
0.0112648895 0.0134446044
9.17592843e-05 0.00797569659
0.0472166874 -0.0368528366
-0.0206462648 -0.00857567694
0.0287012886 -0.0121725183
0.0726990998 -0.0555635989
0.0349541269 -0.0152253453
-0.01391696 0.0294245165
-0.0603263341 0.0171942208
-0.0704950169 0.0346596912
0.0110480729 0.0144468043
0.00685582543 -0.0557977147
-0.0235943124 -0.0508124083
-0.0407779329 0.0238832831
0.0311532412 -0.0585455932
0.0522222705 -0.0283940546
-0.0591395162 0.00423380407
-0.029694384 -0.0296665691
-0.0395458229 0.0634163767
-0.0741419494 0.0347428061
0.0834990889 0.0466868542
0.0619172044 0.00824834406
-0.0509882085 0.000232143691
-0.0254290402 0.0847367719
0.00682095811 -0.0554932915
0.0204879455 -0.0581396408
-0.0164476689 -0.026126815
0.0366882682 -0.00901498087
0.0562940836 0.0102643501
-0.0478681028 0.0246721953
-0.0235839933 0.00679712882
-0.0291667785 -0.0158532001
-0.0656161308 0.0596339442
-0.0197803192 -0.00121172133
-0.0803523809 0.0153601747
-0.090540491 0.00737966364
0.0089190565 -0.0993713737
0.00276376912 0.0499710962
-0.013355704 0.0496209301
-0.0704021379 0.0489834733
-0.0598458089 0.0851040781
-0.0701573119 -0.0356714427
0.014405909 -0.0462594591
-0.0398017578 0.0440803617
0.00106500648 0.002443993
0.091554679 -0.00174592459
-0.0916918889 0.0320951641
0.0362603813 0.0183503646
0.00141938787 0.0672122687
-0.00862732157 0.0601512268
0.0930007622 0.00778079126
-0.0287424419 -0.0252683125
0.0319175087 0.010008581
0.0478220545 -0.0694715008
-0.000531633385 -0.018283641
-0.0292178765 -0.0206439029
-0.0497919843 -0.100176908
0.02637963 -0.00150408316
0.0253054127 0.0189883206
0.0206490532 -0.0567852892
-0.0424493104 0.0621528327
0.0281702802 0.0202504955
0.0456151776 -0.0607099682
0.0276593324 0.0153194219
0.00621689577 -0.0348746032
0.00618305523 -0.0456967056
0.0373571999 0.0499707311
-0.00208068267 -0.00255786302
-0.0205222908 0.0372856259
0.0091586085 0.0108032497
0.0201854743 -0.0370409489
0.00664494652 -0.000985873397
-0.0623801947 -0.0389762931
0.0173687059 -0.0211509019
0.0158563256 -0.0226161499
-0.0206371807 0.00169975997
-0.0345109478 0.0291340109
-0.0397501402 0.0296760816
-0.0146210529 0.0232280716
-0.039095059 0.0108275795
0.0185878091 0.0197645053
0.012257793 -0.0318636745
-0.00397219555 -0.00192773994
0.0410892703 -0.0375831611
0.0733800977 0.00114972959
0.068326056 0.0412881002
0.0527708195 -0.00316470838
0.00942757819 0.0191016924
0.0124722533 -0.0626681075
0.0435580499 -0.0944816247
0.000393712107 -0.0193770044
-0.0134467296 0.0318766572
-0.0237398669 -0.0202667024
0.0162700694 0.0151738878
0.00173614547 0.031780716
-0.0343534648 0.00445147697
0.0461414382 -0.0263904706
0.00233135605 0.0583071299
0.0802680627 -0.00678960001
0.0537436083 0.00250577158
0.00248697028 -0.012679778
-0.014927187 0.00625369838
0.0495080911 0.0653282925
0.0249131694 0.00109243882
0.0450322926 0.0562462546
0.0415973365 -0.00477664825
0.0371966474 0.00755849155
0.057993371 -0.0297048464
0.0103442073 -0.0346706621
0.0442702547 0.0565961152
0.0278324541 -0.0195115414
0.0225808043 -0.0370717719
-0.104500763 0.0146186231
-0.0242912434 -0.0723575056
0.105242737 -0.0187999401
-0.0344207659 0.0185609981
-0.0185336862 0.0131704686
-0.0408309363 0.0355630405
0.0629602149 0.0217625611
0.0439114943 0.0323988087
-0.0474353991 -0.0296738092
0.110512443 -0.0332871452
-0.0140043246 0.0170903653
-0.0748643503 -0.0497909226
-0.00381810148 0.0446393564
-0.0195382442 0.0193107333
-0.00480323844 -0.0519729666
-0.035879422 0.00970137957
-0.0155291734 0.006366299
0.00763227604 -0.0681832656
-0.0262582898 0.0108073624
0.0234347172 -0.00956901815
-0.0314217992 -0.124385364
-0.0880458355 -0.0666321069
0.0279979035 0.0478424914
-0.0360979773 0.0187282842
-0.0248895586 -0.0516518429
0.0392976627 -0.0343374871
-0.0249782279 -0.00884756725
-0.00331285689 -0.0351050384
0.0051462655 0.0200804062
0.0659989268 0.00586115103
0.0906027853 -0.0428140461
0.0350556262 -0.0121810595
0.00718401279 -0.0195109267
0.0673260763 0.00599073665
0.0581808314 0.0413308479
-0.0429669581 0.0380123295
0.0397678688 0.0354626253
-0.0173431057 0.0335939638
-0.0841649473 -0.00861618109
0.043157246 -0.0529232323
0.0442789122 -0.0479568988
0.0093247788 0.0294342209
-0.070762381 0.025815798
-0.0626467764 0.0115206614
0.00569218863 0.0514538959
-0.0487143435 -0.0593076721
0.00880390685 -0.10332261
-0.000339269871 -0.0147728557
-0.0433596559 -0.0442416407
0.021246288 0.0211195163
0.0196576174 0.0539535545
-0.01801317 0.0296753999
0.00420795009 0.0221843142
-0.0133656319 0.00502188783
-0.0329958871 -0.0234040674
0.0144538451 0.0381212309
-0.0202091783 -0.0178319681
-0.0360482782 -0.00218472118
0.00300800474 0.0293483511
0.0620612912 -0.0418751203
0.0330265015 -0.03724619
-0.0458460934 -0.0514438264
-0.00915405806 0.00589439971
0.0533212274 0.0274478067
0.0547135584 0.0223219339
0.0654120967 0.00757737225
0.00493542291 0.0834442303
-0.0792910457 0.055222068
0.0269479919 -0.0407868102
0.0339575522 -0.0314784013
-0.00526482565 -0.0547762513
-0.000718401687 -0.0287828483
-0.016649209 -0.0769710913
0.00851253886 -0.125262141
-0.0370282233 0.0701435804
-0.00448641181 0.0566155948
0.0102345459 -0.00034987324
-0.0210182611 -0.0206978898
-0.0229355562 -0.0383514576
-0.0893079862 -0.0553585812
0.0209638886 -0.0116349971
-0.0243066065 0.0464512631
-0.0341114886 0.0281087477
-0.0539311133 0.0167483799
-0.0686570704 -0.00547668478
0.0165725779 -0.0453109704
-0.0513710342 -0.0346396491
0.0129355583 -0.0085411435
0.0133839296 -0.0528694391
-0.0495036095 0.00977773499
0.0455534235 -0.00258235331
0.0392739996 -0.00308446214
0.0759807378 0.0726764947
0.0238797814 0.0739624351
0.00902311783 0.0394610912
-0.01597487 0.0231211241
-0.0275412872 0.0229342431
0.0486276597 0.031154193
0.0319836363 -0.00780912349
0.0708764866 0.0212994646
0.00243320432 -0.00130987319
-0.0769132376 0.0202916544
0.0336116403 -0.054457467
-0.0119314669 -0.022599265
0.0090453364 0.0269232206
0.0207017902 -0.0178580862
-0.0780455098 -0.000969836314
-0.00803274103 -0.054510951
0.0363320373 -0.0106342016
0.0360324569 0.054987669
0.00221993914 0.0238933861
-0.0267142598 -0.0106722545
0.0478412546 -0.0154573275
0.0249501895 0.0553939156
-0.000824102608 0.02771076
-0.0245878492 -0.0527499653
-0.070222199 -0.0322658904
-0.0119218165 0.0524675325
-0.0236634891 0.0677191764
-0.00467687426 0.011379255
0.00976671372 -0.0181094445
-0.0408492908 0.00692424318
0.00225554942 0.0387140512
0.0583252534 -0.0611895509
-0.0205947217 -0.0486361273
-0.00394460931 0.0398247316
0.00109285431 0.0707508698
-0.00476243254 -0.0632193238
0.00532315532 -0.0502556898
0.0240212306 -0.00890057441
-0.0258386899 0.0441168807
-0.110506974 0.0800261423
-0.0267219897 -0.0178899653
0.0499573909 0.040480379
-0.0217869747 0.0408661626
-0.0528817438 -0.0318270847
-0.0546944626 0.0313285701
0.0352458954 0.00660690013
0.000267214753 -0.0716147721
-0.008141689 -0.0209344942
0.024231581 0.00970628019
-0.0470762216 -0.00914417394
0.031883534 0.00911273435
0.0215477142 -0.0167945847
-0.0269663744 0.0140088079
0.0429705754 0.0321327262
-0.0119973235 0.0282598566
0.0469369069 0.0633999854
-0.0323083624 0.0469583534
-0.0701893419 -0.00233171182
0.0765075833 0.0143082608
0.0132631399 0.0813598186
-0.00744075375 0.0484292842
0.128551319 -0.034553919
0.106807724 0.0397550128
-0.0242979657 -0.0278762095
0.0309912767 -0.000976944226
-0.00508234277 0.0400408842
-0.0891703144 0.00271024043
0.0262807887 0.00469644787
-0.0391584747 -0.0517546386
-0.00249635661 0.0107561685
0.0420964397 0.0391105525
0.0131358644 -0.0368881226
0.0764086023 -0.0571301021
0.0677818134 -0.0435130745
-0.0169319939 0.0294447131
-0.0903723687 0.0554380044
-0.00103047595 0.0531611443
-0.0184948891 0.0541668423
0.000230603167 0.0655148029
0.0550553463 0.0770708099
-0.0763715953 0.0040872083
0.0671900213 -0.0317280553
0.0511956699 -0.0317048989
-0.0382083394 -0.00966850575
-0.00579886325 0.0166946538
-0.0148296263 -0.0512356795
0.0623777807 -0.023133941
-0.0582677089 -0.0306371488
-0.0914026052 0.0819581449
-0.0154741462 0.00625759317
-0.0335634984 -0.11694409
0.0161833353 -0.000964734412
-0.0526268817 0.0550762005
-0.0690884367 0.0339387096
-0.022995336 0.00817012135
-0.0597237237 0.00309219747
-0.0204538479 -0.0915977955
-0.000263891125 -0.052715186
0.0115464265 0.0623111948
-0.0135370977 0.00522786891
-0.0756368637 0.0480635762
-0.00321932719 0.0658170059
0.0160057396 -0.0241988339
0.00837625377 -0.087568447
-0.0101767201 -0.0977609977
-0.0136168171 0.000139018535
0.039969109 0.0189984441
-0.0392832123 -0.00605390687
0.0031614285 -0.027490614
0.0464529581 0.0556023046
-0.0170448087 -0.0451363511
-0.00379359792 -0.010695966
-0.0182004049 0.0663146675
-0.00657572364 -0.0339287743
-0.0295260511 0.0484394096
-0.0610938258 -0.0491465963
-0.0366238356 -0.0053662518
0.00242778123 0.00192549231
-0.00251581054 -0.0926678851
-0.00255214819 0.00779894926
0.00155444199 -0.00832098071
-0.0502230301 0.0479256101
0.00576108973 0.0109171802
-0.0619485006 0.0655294806
0.00438424712 0.0136291916
0.0502622239 -0.0733468011
-0.0712129846 0.00773020368
0.111790873 0.00459775003
0.0743778348 0.0398709215
-0.0793982595 -0.0231914464
0.0252990481 -0.00673300307
-0.0443033352 -0.013914641
-0.0283676758 0.0298539978
0.0881945714 0.0392536521
-0.016283622 -0.0627850443
-0.0694882795 0.0681084916
-0.0121736694 0.00124468352
-0.00169583282 -0.0141826626
-0.0649066567 -0.0167663563
-0.0493068919 -0.0504315235
-0.0216265004 0.0678078383
-0.00626038341 0.0439899154
-0.00471857004 0.0209485181
0.0888830051 -0.00544339884
0.0812602714 -0.0185276046
-0.00663545169 -0.0540657565
0.051441133 -0.019625755
0.0764076114 -0.031191403
-0.0325785913 -0.0143513419
0.00547007984 0.0618261695
0.0879936218 -0.0188694019
0.0454270579 0.009702757
0.00044454087 -0.0172728542
-0.0200809054 0.0109654535
0.0476576537 0.0593960658
0.027740255 -0.00585436122
0.0733816251 0.0500100441
0.00623417087 0.0210565757
0.0428796187 -0.0102117481
0.0635924861 -0.0425874218
0.00990223605 -0.0189851131
0.0458004475 0.0672821403
0.0369989686 -0.0329722017
0.0286672395 -0.0316500105
-0.106699377 0.036210943
-0.0265202653 -0.0713447258
0.0940596759 -0.0336683653
-0.0401899815 0.0178880282
-0.0380358659 0.00220004958
-0.0421971641 0.0272663869
0.0574406981 0.0308655072
0.0466941856 0.0198223572
-0.0575679243 -0.0335796885
0.0971644819 -0.0324400216
-0.0041003623 0.032136824
-0.0654943213 -0.0218304377
0.0187495183 0.0560081899
-0.0168892462 0.016058797
-0.0120417653 -0.0459328666
-0.0518732481 0.0383026674
-0.011900858 -0.0165167563
0.0856672525 -0.0777058825
0.00421728147 -0.041679956
-0.0191136878 0.0428066663
0.0346338004 0.0148105966
0.0446917005 0.00868535694
0.00615114486 -0.0263249651
-0.0356553234 -0.00192379311
0.0695680007 -0.0385989696
-0.00169281941 -0.0688846409
-0.0113751497 -0.0195513442
-0.0130172446 0.0114439176
-0.0741354376 -0.0554526523
0.029521754 -0.0104339803
0.019130066 -0.0737994015
0.0554712452 -0.0267265309
0.0821654722 0.0684884191
-0.00958171673 -0.0555168651
-0.00025775464 -0.00306855142
0.0199913066 0.0207519867
0.010463939 -0.0752526373
-0.0757461488 -0.003604786
-0.0985845327 -0.0405768603
-0.00942875445 -0.0614488609
0.0635506287 -0.0445593707
0.0585876442 -0.0187672749
0.0546762235 -0.0390546508
0.016816413 -0.020454023
-0.00400626007 0.0633344129
-0.0112747289 0.0119400397
-0.0540209599 0.0200757645
0.0417885855 0.00583557086
0.0298789684 0.0243142936
0.0011357523 -0.00688770832
-0.00817460474 -0.0109843006
-0.0282872152 0.0153672937
0.0280506071 -0.0500787795
-0.048856277 -0.0376916155
-0.0513852127 0.0216161553
-0.0575947575 -0.0125538465
0.00589571614 -0.0625408441
0.0993104056 -0.0217003059
-0.00959439669 0.0455788635
-0.0203462821 -0.0625865161
-0.0322698578 -0.0822639316
0.000522126269 -0.035436444
0.0868379399 -0.0226525608
-0.0243853126 -0.00176350423
0.0469302312 -0.0204747785
0.0626682267 -0.0460931323
0.0170540679 0.0116685731
-0.0251078047 0.123680994
-0.0284100715 0.0349113494
-0.0244209394 0.0336331874
0.0157840811 0.0214717817
-0.0183631238 0.0591843016
-0.0232745372 -0.0321708061
0.0137775308 -0.060357336
0.0554695092 0.0701396316
0.100519843 0.0175328646
-0.0378220491 0.0264775734
-0.0599213056 0.0155545268
0.00984869245 -0.00208306313
-0.0342420973 -0.052898448
0.00365927466 -0.0412058011
-0.00112909172 -0.0276897494
0.00435959175 0.00958935078
0.00725824852 0.0754845142
-0.0103667565 -0.0532726385
0.0200688168 -0.0460257865
0.0323839895 0.0742756724
-0.0224780198 0.0359320827
-0.000423525111 -0.0475378372
0.0234114602 -0.0734150559
-0.083296001 -0.0234890673
-0.0529389642 0.0247924067
-0.00718516577 0.0998283848
-0.0274241436 -0.00553293386
0.000228388002 0.000422986835
-0.0309596546 -0.00157316402
-0.0594745763 -0.07478147
0.0217774063 -0.00571585586
-0.0243179314 -0.0410514399
0.0338237286 -0.0117597757
0.076598458 -0.0678730533
-0.0343080088 -0.0243642274
-0.00434592692 0.019082794
-0.0179021284 -0.0414242521
-0.0101246284 0.00790418591
-0.0422612354 -0.0250087883
-0.0576807745 -0.00413358398
-0.0612386353 0.0338428579
0.0160794929 -0.038208466
0.0523441471 0.00927984435
-0.0451164208 0.0201396924
0.0410911292 -0.0201476179
0.0412667021 0.0068116677
-0.00150862453 -0.0732523873
0.0402526744 -0.037865214
-0.0207099002 0.0775796324
0.0366022214 0.0134713836
0.0202748906 -0.00862578396
-0.0158659928 -0.0436864384
0.0478045084 0.0198854003
0.0925894827 0.104095697
0.0560404025 0.0374949574
-0.060370151 0.0232399013
-0.0169797856 0.0297209453
0.0232312158 0.0365426242
0.0146312723 -0.0100895334
0.0450904071 -0.0242778789
-0.0593505576 0.0304864701
-0.0300052017 -0.0512087643
0.0288754739 -0.014268131
-0.00895951223 0.0688364655
0.026426442 0.00231354614
0.0103665255 0.00133525033
-0.025078794 0.0168704726
-0.0121050822 0.0076214713
-5.05759381e-05 0.0417275876
-0.00415595062 -0.0893612057
-0.0459885709 -0.0314788111
-0.0646990687 0.0219705626
-0.0249361899 -0.0389481075
-0.111609168 -0.00530746859
-0.0154260099 0.0563898981
0.079887256 0.0390190445
-0.0365882367 -0.0722064599
0.0132858614 0.000713586749
0.0554416515 0.0156331044
-0.00459318515 0.0156774446
-0.00769312121 0.0326430164
0.03528025 -0.0123683158
0.0326954611 0.0486049093
0.0127628772 0.00259437808
-0.0641888976 0.0203894526
-0.0281970631 0.00331826112
0.054974921 0.0258678924
-0.0184148457 0.0068730209
-0.0563166998 -0.0929808989
-0.00155632873 0.0427651629
0.00997260585 0.031007411
-0.0144518754 -0.0355571024
-0.00909408648 -0.0166439284
0.0314041488 -0.0641244948
0.0167649258 -0.0504813418
0.0324749537 0.000689627777
-0.00477206102 0.0106258355
0.0394819751 -0.0732795671
0.0352460258 -0.0300176516
-0.0840413496 0.0106532909
-0.0539037436 -0.0133684548
-0.0336472914 0.0249683671
-0.0419270024 0.0301791932
-0.00705175381 0.00487394817
-0.0137027856 -0.0144780474
0.0633525327 -0.0196130797
-0.0260243155 -0.0253655165
-0.0311783664 -0.00198622933
0.0401065908 -0.0433133431
-0.0250831097 0.014949102
-0.0206344686 0.0563316457
-0.00691135228 0.00156983722
0.0283779241 0.074108094
0.0957640558 0.0245267618
-0.00701912213 -0.0382685736
0.0346489437 -0.0789911002
0.0340262428 -0.00745029701
-0.0205949508 0.0521295592
0.0467112735 -0.0162007362
0.0416550264 0.0591614284
-0.00216923514 0.0788233876
-0.0243518222 0.0368804224
0.0738244206 -0.0235933866
0.0421166383 0.0413524136
0.0263444427 0.0230606701
0.0245468039 -0.0960575491
-0.0302944034 0.0571784526
0.0178526975 -0.0695204064
0.0156282 -0.112121187
-0.0121037662 -0.0061174985
-0.0804929733 -2.63920538e-05
-0.0322694629 0.054776337
-0.0431851856 -0.0298584402
-0.141468108 0.0212103687
9.22166364e-05 -0.0418473184
-0.0214707293 -0.0107511599
0.0293606557 0.0848353654
0.0111865634 -0.0251658093
-0.0524044484 -0.00670628715
0.0333792977 -0.030488262
0.0254261829 -0.0386165231
0.0472966097 0.0474284366
-0.00781665556 0.042413868
0.0510280505 -0.00769675197
0.0593448132 -0.0190831292
-0.0127061093 -0.0357656814
-0.0682205334 0.0141705982
-0.0198801905 0.0652408674
0.0609504171 -0.0321183726
-0.0360302366 -0.0158786718
-0.059363801 0.0180793051
-0.0542649776 0.0232649259
-0.104448259 0.0680449679
-0.0550100096 0.0411384776
-0.081761308 -0.0243211985
0.0217998959 0.0104761468
0.100366808 0.100946315
-0.0415283479 -0.000373374874
-0.0396440253 0.00433168281
-0.0193759371 0.00849102903
-0.0906832516 0.0183631368
-0.0701855421 0.0957395136
0.0488616899 0.000689962821
0.0249732994 0.0181114282
-0.0166050978 0.015940845
0.00174363109 -0.00220893999
-0.0303252283 0.0780142769
-0.000685331936 0.0490441546
0.0196937062 -0.0443962328
0.0322883837 -0.0506105423
0.0558875166 0.00412687287
-0.00229179161 -0.0115945404
-0.0060644797 0.00284992997
0.00435345108 0.0702024549
-0.0188508611 0.0100483932
-0.0183105115 0.0166399814
-0.0042879181 -0.0150835356
0.0259928741 -0.0421400517
0.00147101807 0.0297550149
0.00243204599 0.0373732634
0.041275207 -0.0158336591
0.0292163584 -0.0194845032
0.0276579093 -0.0282187536
0.0567180254 -0.012357438
0.027803136 -0.0187772978
-0.0820714086 0.043806076
-0.0657208785 0.0464745238
-0.00554329483 0.0120414766
-0.0262410846 -0.0158681367
0.00538587524 0.027287215
-0.00264282827 -0.0908029228
0.00689731631 -0.0456838347
-0.0395374149 0.0579145811
0.0345488675 -0.0416160338
0.0453183725 0.0283738393
-0.0376364253 0.0566328764
0.0367336273 -0.0606430061
0.00455551967 -0.0264703203
-0.0260603055 -0.0532426275
-0.0477125049 -0.00208776491
-0.042314861 0.0112469336
0.0549913682 -0.0278424248
-0.00955498032 0.0570135899
-0.000811893085 -0.0455094241
-0.016981883 -0.0406106524
-0.0346220061 0.0394181125
0.0911980048 -0.0833429843
0.012599892 -0.047806561
-0.0069000558 0.057846494
0.0426487252 0.0268755276
0.0432555079 0.00795765035
-0.0112531139 -0.0319066346
-0.0362492502 0.00599797023
0.0706526488 -0.02682239
-0.0061300681 -0.109489672
-0.0152053833 7.16704817e-05
-0.0148287779 0.0161029734
-0.0694634169 -0.0560653917
0.0469743721 -0.0186939873
-0.0113373529 -0.0606542192
0.0698962882 -0.0246850159
0.0994881764 0.0769964457
-0.0243712608 -0.0480777808
0.0102395024 0.00367466034
0.00344273495 0.0161029994
0.0233145263 -0.0620198995
-0.0659862161 0.021555623
-0.105596952 -0.0390427969
0.00390139292 -0.0507953316
0.0573776215 -0.05087943
0.0438583791 -0.0146207325
0.0470225401 -0.0263564941
0.0181852411 -0.0223131143
0.0093836356 0.0710089877
-0.0114242816 0.0138231562
-0.0426873453 0.0297094863
0.0277651437 0.00321455859
0.0304467436 0.00837132987
0.0393999144 0.0332773551
-0.00744066341 -0.00879972707
0.0581621155 -0.00621635607
0.0449163318 0.0642041266
-0.0674459785 -0.0629601032
-0.0164739657 -0.0641088411
-0.00375492242 -0.0354423262
-0.10003981 -0.0171005316
0.0259768665 -0.0642975271
0.06045096 -0.020908827
-0.000226705437 -0.0262488034
0.0737292245 -0.0486388318
0.00174708897 0.0578358211
0.0195420422 0.0451553203
0.0359256491 -0.0382508412
0.0410901047 -0.0545816943
-0.0363894515 0.00147259783
-0.000304660352 -0.0540147945
-0.00746549852 -0.0388942882
-0.044343669 0.0458368883
0.0529978946 0.0162033662
0.0234960783 -0.0381577536
0.0165690016 -0.0759067535
0.00765473209 -0.00392589858
0.0407655127 -0.0275475662
0.0533189736 -0.087832354
-0.0477033444 -0.0301939212
0.0300490502 -0.00263840449
0.0275878757 0.0704897866
0.000625337532 -0.0021981285
-0.0710569844 -0.0346661173
-0.0644996017 -0.0116044702
-0.00478333514 0.0169686191
-0.043343097 0.0914334208
0.0279234052 -0.0668916032
0.00370970787 -0.0160205718
-0.017636722 0.133723587
0.0516428053 0.0159355905
0.0408810638 0.0205094628
0.0480423979 0.0582825541
0.0157057047 0.00526877725
-0.0349290371 -0.00552089
-0.0281482376 -0.00943781715
0.0202596281 0.037180949
-0.0294866543 0.0778041556
0.0420279689 -0.00995000079
0.0231926516 0.0742690861
-0.0443472899 0.0762936324
0.00427212892 -0.0535946004
-0.000721149263 -0.0104205599
-0.0132356649 0.0370441526
0.0135574536 -0.053022787
-0.040547844 -0.0449783094
-0.0469847396 -0.055595722
0.0321904086 -0.00267864577
-0.0475087538 -0.0183216371
-0.039649561 -0.0759655759
0.0164271612 0.0442020558
0.0185048822 0.087906599
0.00314251427 -0.0441236682
-0.0813540965 0.00701354537
0.00478030043 -0.0383293405
0.0174561068 0.0290142614
-0.0173263606 0.0411712714
0.0485680252 -0.0135002732
0.0487034321 -0.0259407759
-0.0158075131 0.0196201075
-0.00193967717 -0.0174515843
-0.0146751888 0.00737162167
-0.0451332815 0.0553650968
0.0370953977 -0.102588825
-0.0239757597 -0.129135072
0.00721646054 0.0207011681
0.0360561125 -0.0327725746
-0.0105368886 0.00107485754
0.000680941041 -0.00909086037
-0.0283057056 -0.00669666007
0.0138515793 0.0324563831
-0.0186686032 -0.033243183
0.00669525098 -0.0137022864
0.00172643701 0.00706051802
-0.077118203 0.063030988
0.00795709342 0.0531506203
0.0931302607 0.00241361605
0.0535137989 0.0647333115
-0.0300363265 -0.019228287
-0.00419120025 -0.032425873
-0.018803075 0.0202116594
0.0564094409 -0.0426790044
0.0165847372 0.0213829949
-0.0648720339 0.0109475162
0.0501323789 -0.0366435125
0.0318113938 0.00713155698
0.0234126747 0.0261388607
0.00209654146 -0.0551726297
0.018273674 -0.0475470014
-0.0161828063 0.00930495746
-0.0340869091 0.00753604621
0.0495896041 0.0217208844
0.0250461604 -0.0713579133
0.0901017562 -0.0654571131
-0.0205879398 0.0577980019
-0.0492491461 -0.00882524159
-0.0108814416 -0.0386584103
-0.0299459267 0.0131772999
0.10573177 0.0467683189
0.0189896636 -0.057605803
0.039841 -0.0173535738
0.0245614685 -0.0131820645
-0.0800479054 -0.0046555181
-0.0224298816 0.0871139839
-0.0504818 -0.0532646477
-0.0361078605 -0.091548793
-0.0752905533 -0.0449108668
-0.00270861364 0.0260104463
0.0357489586 0.0626703501
-0.00699825864 -0.00877942238
-0.0112393266 -0.0258251131
-0.0343151204 -0.0272355471
-0.00425473507 0.0139396721
-0.031877555 -0.00241802586
0.00306500611 0.00230196002
0.0596298501 0.0228070952
0.00777226966 0.0463169888
0.00135439355 0.0862934291
-0.016324196 -0.0770980865
-0.0128987823 0.00583908241
0.00710860034 -0.0205509346
0.0224409942 -0.0780684799
-0.00267423317 0.0515039787
-0.0272901915 -0.00542585598
0.0356633477 -0.0151064759
0.0540019944 -0.0972801074
0.0568168834 0.010875687
-0.00161054346 0.0167566463
-0.0760181174 -0.0585498512
-0.0683929697 0.135289088
-0.00903794356 0.0301866196
-0.0358873568 0.003732051
-0.0713346601 0.118915625
0.0284691826 0.0290710256
0.0120846806 -0.0237555653
0.0353974588 -0.0413928628
0.0353571661 0.0311737731
0.0088640945 0.0847588852
0.0443349592 -0.0369800031
-0.0332946368 0.0106689334
-0.0407756045 0.0393992476
-0.048768416 0.00693465769
-0.000976432173 0.0163032636
0.0672087893 0.024307413
-0.0764836669 0.0775560364
-0.0531254783 0.0466818325
0.0112602804 0.0229520556
-7.72459607e-05 0.0246104468
0.0203962438 -0.0256669503
-0.0135831358 -0.0116757723
-0.0412214957 0.0569072105
0.0262653474 -0.0338357501
0.039696224 -0.064872697
-0.0562220924 -0.000281851128
0.0507132821 -0.0655827448
0.0333508179 -0.0361282714
0.0481643975 0.0463009886
0.0850423798 -0.0145872021
-0.0262132492 -0.000932231313
-0.00450199982 -0.0218309853
0.00438803807 0.0233268645
0.0467815846 0.0363619886
0.014370732 -0.0297462512
-0.0624143444 0.0435468778
-0.0123478193 -0.00615568599
-0.0523354895 -0.0500498898
0.0235055722 0.0318526104
0.0371485651 0.0495149791
-0.0360976309 0.103981815
-0.0692895129 0.0443438403
-0.0576772429 -0.0193888918
-0.00217829016 -0.0632001013
-0.0183662679 0.0328141674
0.0121125896 0.0726800784
0.0314823687 -0.0468379073
-0.00253309193 0.00295398408
-0.0276986249 0.0453420058
-0.0634207204 0.0531091169
-0.0209661927 -0.0156564675
0.0158393905 -0.0324754305
-0.0416788124 0.059422262
0.0612648055 0.00166269485
0.0388672501 0.0141080962
-0.0771623105 0.019866053
0.000703465077 -0.0160920788
-0.0198813993 -0.00540908519
-0.0121301506 -0.0231397431
-0.0144995498 0.0444586724
-0.0481275544 0.0311119687
-0.00020366018 0.0746146813
-0.000391230424 -0.0486828573
0.0463084392 -0.107827149
0.0439253598 0.0602945238
0.00610955479 0.0209789537
-0.0239599552 -0.0348151103
-0.022435274 -0.000394863833
0.0070497673 -0.0300849639
-0.00810029916 0.0470379218
0.000300796324 0.0889485106
0.03344246 0.0557855368
-0.0584990308 0.052751828
-0.0199266281 0.0374412574
0.0378641225 0.0169463437
-0.0970895365 0.00526056346
0.00610679667 0.0135553097
-0.0164720006 0.0264781341
-0.027664613 -0.0163635518
0.0684526414 0.0145959109
-0.0152525175 0.032326892
0.0836674049 -0.0815601274
0.0680078715 -0.0429849625
-0.0180713218 0.0373163633
0.0378571451 0.00661853375
0.0575901978 -0.0030783636
0.0706563443 -0.00123497983
-0.0278772209 0.0258480292
-0.0169024058 0.0548244007
-0.0562518388 0.0216419157
-0.0127422707 0.0300629921
0.127992779 0.0629936233
0.0505519062 0.032788299
-0.0114369104 0.0125727253
-0.0417437851 -0.0211958215
-0.005729781 -0.101855054
0.00771612674 -0.071640946
-0.0226829257 -0.0432150662
0.02168791 -0.0193115324
-0.00491630007 -0.0283352267
-0.0510600284 -0.0412135608
-0.00800591893 -0.0306270048
-0.049335029 0.0203571003
-0.0421607941 0.0675565973
-0.0453759395 -0.0489782505
-0.046962738 -0.00571938185
0.0393493995 -0.0166417044
0.0875336826 -0.0752387345
0.0369402133 -0.0381529517
-0.0238812082 -0.0354240797
-0.0038814852 -0.0114654964
0.0148586966 0.0325951576
0.0170239266 0.0546831936
0.0690862313 0.0120763332
-0.0137641598 -0.0400981382
-0.0141433133 -0.00562784914
-0.00663838955 0.0190009046
-0.0238144491 -0.0267618075
-0.00281991716 -0.0444924608
-0.0645201579 -0.0365585238
0.0524393171 -0.0028535428
0.0262313727 0.0336565673
-0.00532588828 -0.0570225269
0.0631822273 0.00682466989
0.0086479364 0.0525133424
-0.0633079186 -0.0497342125
-0.0167077929 -0.0536888726
-0.00141087908 -0.0366733745
-0.11855194 -0.0274123363
0.0147739276 -0.0472128503
0.0330289453 -0.0305388346
0.0202190652 -0.0253946725
0.0640493929 -0.0449176468
0.00661166338 0.0493977144
0.0040280805 0.0511508174
0.0377034731 -0.0299369507
0.0483062081 -0.0225532502
-0.0482101403 -0.00767574552
-0.00318410737 -0.0389154181
-0.0190981533 -0.034423802
-0.0402319804 0.0491447821
0.0728005394 0.0162370447
0.0306159034 -0.0263866372
0.00987379998 -0.0672559291
0.0133011369 -0.00742637459
0.019882353 0.000351623545
0.0437508747 -0.0789887458
-0.0647346973 -0.00927714724
0.0361744389 0.0041560377
0.0349036418 0.0483677797
-0.0115637463 -0.00087353884
-0.0811429247 -0.029503068
-0.0500949658 0.00334951351
-0.0424895063 -0.0531968623
-0.022294078 0.00474216137
-0.0256053247 -0.0294170398
0.0271688979 -0.00202429993
0.0301080104 0.0614825003
-0.0492740385 -0.0788433626
0.0264048651 0.00679108081
0.00832526665 0.0288668852
0.0559629165 -0.0531815812
0.0672970414 -0.0318484493
-0.016678106 -0.0214069616
0.0108779995 0.0186388083
-0.0761514455 0.00285418495
-0.0224354714 0.00854173489
0.100716442 -0.0170232933
0.0660716593 0.0250769388
0.04251853 -0.0571114942
0.0699828342 -0.0584474951
0.0396007821 -0.00444736984
-0.026001852 -0.050168395
0.0329340696 -0.0556913652
0.0129825361 -0.0288395882
0.0271387324 0.0175870433
0.0235368218 -0.0263263769
0.0324379168 -0.0333865397
-0.0146027412 0.06449081
-0.00721221929 -0.00276454142
0.0281598475 -0.03025515
-0.0173456669 0.0108347498
0.0444737934 0.0753837377
-0.0525495224 0.0870450512
0.00500349421 -0.0185351949
0.089178063 -0.0787666589
-0.105640441 0.041217465
-0.0252311639 0.016737422
-0.0340556055 -0.0398964882
-0.0417265445 -0.00473151589
0.000799326983 -0.0888878405
0.073314108 -0.0373790488
0.0188491289 0.00831225142
-0.0345249288 -0.0159980059
0.100491017 0.0193126276
0.0832782462 -0.104959801
0.048633609 0.0164184384
0.0489565581 0.0549693145
0.0177457724 0.00326638948
-0.0669584721 -0.0267919563
-0.016637655 -0.0810708851
0.039295353 -0.0558104627
-0.0491865501 0.0085592512
-0.0351820365 0.130180538
-0.00669401418 -0.00290095154
-0.00821398292 -0.0706831887
-0.0602344908 0.0330465175
-0.0505202338 0.0148948692
-0.0209019128 0.0330913924
0.0134064201 -0.0269733556
-0.0142946057 0.0241997298
-0.02872587 0.0368526876
0.0301820058 -0.0277306642
-0.0711210817 -0.0173768811
-0.0137786586 -0.0278816707
0.087506026 -0.0354441851
-0.0012243524 -0.00214295811
0.0287414715 -0.00329012959
-0.000920651713 -0.0610054582
-0.00950027909 0.00199113833
0.0356084257 0.0337357596
0.00582460081 -0.00658799848
0.0522933528 -0.0506326072
-0.0207825005 -0.0335627757
-0.0220710952 0.00603287155
0.0512734912 0.0124625117
-0.0107304659 0.0193881877
-0.0202043112 -0.0083217565
0.030903304 -0.00671619549
-0.0455622971 0.0146244885
0.0843513757 0.030159194
0.0966552272 -0.01132767
-0.0159727857 -0.0311021339
-0.0155840041 -0.0417187475
-0.0616333224 -0.0299741793
-0.0452416241 -0.0129925562
-0.0347321704 -0.0522941388
0.0230814628 -0.0393535756
-0.0070204474 0.0174551085
0.015200112 0.0507180244
0.0581653491 0.0201416705
0.00631482294 -0.011308983
0.0665062591 0.0304361768
-0.0621117838 -0.00568187097
-0.0987320021 -0.0621961206
0.00501077855 -0.000184241959
-0.054215163 0.0127376076
-0.00891192257 -0.00641884981
0.0311674755 -0.0103503102
0.0319182351 0.0205710754
-0.0621590428 0.00544341747
-0.0661634058 -0.0698746666
-0.0154423285 0.0126078753
0.0149160493 0.0606551617
0.0304062292 0.00701539591
0.0511732362 -0.0494572371
-0.00847380701 0.00578036858
0.0223500524 0.0124109965
0.0213601664 0.0486564599
-0.00939890277 0.0601339862
0.0699753091 -0.045259051
-0.0218244754 -0.0495626032
-0.0426963493 0.0580499843
0.0169515964 -0.0628181547
-0.0622383542 -0.0445008837
-0.0333851129 0.0499306172
0.0791822076 0.0148376767
0.00506633054 -0.000729303632
0.0100108013 -0.0269383416
-0.00622740155 0.0582874753
-0.0667475089 0.0555253588
0.0604558773 0.0561971255
0.0710110292 0.0668904707
-0.00301215937 0.000293249177
-0.0352460146 0.0195760913
-0.0443203337 -0.0816026032
0.0164021142 0.0297217332
-0.0193162989 0.0530363843
-0.041498892 0.00545213977
0.00449147401 0.0358849019
-0.0540111661 -0.0176120233
-0.0178431161 0.000666184176
-0.0287556816 -0.0396855958
-0.0636955053 0.0273868665
-0.00520703755 0.0404814743
-0.0467722379 0.0253796633
-0.0558804385 0.0397975408
-0.0194669962 -0.0157473851
0.0457165241 0.0514422916
-0.00382214249 -0.00609956915
-0.0142482733 -0.0296240002
0.00549587468 -0.000585223548
0.00661780965 0.0410147868
-0.00142490841 0.0547163486
0.0118284682 -0.0310107432
0.0185156483 0.0395396799
0.0384237394 0.0569344275
-0.00438781921 0.0154966516
0.0212360136 0.0791262388
0.00413476769 0.00304265646
-0.0244335625 -0.00188197137
0.0293234754 -0.012691251
-0.0352658145 -0.042043101
0.0790835917 -0.0745656788
0.0335167274 -0.0426097326
0.00814371742 0.0655402169
0.100338235 0.0165248141
0.0204492528 0.00951827504
-0.037533015 -0.0256540496
-0.0757477805 -0.0828185454
0.0449237898 0.00904720183
-0.0136807701 0.0212689973
-0.0453742482 -0.025495043
0.0384048782 0.0345637165
0.010904815 0.0157753713
0.0947762355 0.0229115039
0.00773603888 -0.0375818163
-0.0355275162 -0.0206590835
-0.0668278933 0.0393738188
0.0111882584 -0.0637437925
0.0685618222 -0.00482404046
-0.04166409 0.0581822507
0.0461556576 0.0615561642
0.07465671 0.0741555542
0.0370731242 0.00462703221
0.0347928628 -0.0431388132
0.0136817312 -2.46575528e-05
0.0637623221 0.0738872364
-0.00474109221 -0.0423116162
-0.0437532999 -0.0218679383
-0.0313745961 0.0347658657
-0.0842891783 -0.0375717841
-0.066656068 -0.0125289718
-0.0369056128 -0.00144196767
-0.0132944277 -0.00706885243
0.0795709938 -0.031939663
0.0517705046 0.0543057323
-0.0809899643 0.0389372669
0.0505422764 -0.0725616068
0.0466031022 -0.00795514975
0.0286798589 -0.0896382704
-0.0246369559 -0.0889900625
-0.127598181 0.0509535223
0.0502826124 -0.0252034422
-0.0234505758 -0.0570903197
-0.0712185055 0.0506654643
0.00641889358 -0.00451821135
0.0438098349 -0.0229228102
-0.000915168843 0.0645065457
-0.0380105674 0.0260210354
-0.00257418235 0.0146774743
-0.056697499 -0.0286646914
-0.00941429846 0.0442072563
0.100094557 0.151033953
-0.010862398 0.00449301442
0.0150677962 -0.016014874
0.010642726 0.0195312407
0.00427096523 -0.0286087263
0.0126135135 0.0134402746
-0.0491130836 -0.00843947195
0.0296940487 0.0142045617
0.0361336507 0.014795186
-0.0233511981 0.0100210384
0.00527258823 -0.0290711056
0.0209582094 -0.0215069856
-0.00218622037 0.0935439616
-0.0795613453 0.105280422
-0.0967246443 0.0340294614
0.0559602231 -0.00914380141
0.0847413912 -0.0930057243
-0.0781527907 -0.0119210416
-0.0563075989 0.0176195465
0.0696639493 0.0101443371
-0.0121827582 0.0474149846
0.062416859 0.0301100239
0.0820253864 0.0395477898
-0.0114377635 0.0320861004
0.0560254417 -0.0082911076
-0.00855042785 0.0306053814
0.00779089658 0.0610428303
0.0463552363 0.0205034912
-0.0624589957 -0.00570710469
-0.00964691117 0.00399453519
-0.00773752248 -0.067980513
-0.032672409 -0.00706885615
0.00539200846 -0.0128279626
-0.0183019955 -0.0490352996
-0.0259508565 0.0179559849
0.0393969752 0.01764814
0.0205772594 0.00930422731
-0.0135676321 0.00154859887
0.0221189205 0.0169267915
0.0190025438 0.0516923927
-0.0515977368 -0.00202628085
-0.00367825804 -0.0358897261
0.00168608746 -0.0412079468
-0.0132533154 -0.0148200151
0.0861328691 0.0175755434
-0.000178417336 0.0117495358
-0.046064239 -0.00777168525
-0.0175560359 0.00130290957
-0.0465619229 -0.0193217266
-0.0650369301 -0.0682357252
-0.0947476849 0.00544086052
-0.0202345774 -0.0858316869
0.0647333264 -0.0470399447
0.00131802738 0.0542004369
-0.00530030206 -0.00318892254
-0.00631578127 -0.00857879315
-0.0499685816 -0.0285901353
-0.0215338543 0.0253524873
-0.0338895842 -0.0218539331
0.0118447021 -0.0388237759
0.0460436679 0.0490076169
-0.058566276 -0.0760755092
0.0292936713 0.00727994787
0.0115048364 0.0304311849
0.0424565673 -0.0496271662
0.0826943964 -0.0449814498
-0.0203926358 -0.0306989886
0.0241391286 0.0315371267
-0.0673462078 -6.56454285e-05
-0.025969198 0.0129739782
0.107399411 -0.0169049185
0.0563306846 0.00144979684
0.058141835 -0.0532944985
0.0440811217 -0.0602330975
0.0302674882 0.0155276954
-0.00248618494 -0.0405115038
0.010804764 -0.0454774946
0.0019075342 -0.0836275667
0.0358919241 0.0268657748
0.0314330272 -0.0308461823
0.0200377628 -0.0257576481
-0.00880128983 0.0674564615
-0.0259543117 -0.00675108656
0.0374810994 -0.0452655517
-0.0117490031 0.0223281998
0.0423521735 0.0777880773
-0.0338608995 0.094117552
0.00606937706 -0.0223437473
0.0212371517 -0.00855351426
-0.00694013294 0.00822791737
-0.00019527445 0.0177239422
-0.00415517716 -0.00481250416
-0.00776932202 0.00974515267
-0.00419904245 0.0035194119
-0.00388144865 -0.00973548833
-0.0172844045 0.00473553035
-0.0165932551 -0.0118514486
-0.00771339936 0.00523183448
0.00428354368 -0.0138685564
0.0140606798 -0.0103665376
-0.0054596602 0.00360191218
-0.00160862354 0.00179416116
0.00498674018 0.00914492924
0.00759327132 -0.000528222707
0.00133952487 -0.011066013
-0.00276245945 0.0137277376
0.0194333028 -0.00536684133
-0.00515286066 0.0120677883
-0.00576649234 0.00738184061
-0.0180069283 0.0142236724
0.00812338665 -0.0192045625
-0.00201606192 -0.000954958959
0.0185635295 0.00105478917
-0.00398217514 0.00591438683
0.00978990365 -0.00868329406
0.00531825796 0.0216890238
0.015737446 0.00265162927
-0.00799251907 -0.023195792
0.0142511278 0.00638844445
0.00049015996 -7.85184529e-05
0.000539307192 -0.00651579769
-0.00397157343 0.00725610042
-0.00330412574 -0.000829373894
-0.00119973568 -0.00967360474
-0.0210687798 -0.00575226871
0.00573276263 -0.00260664779
0.000314528937 0.00349425687
-0.00797940232 -0.00454975292
-0.000163134231 -0.000577955681
0.0242483187 -0.00993449427
0.00511991419 -0.00620162487
-0.00369551475 0.00173205719
0.0120856632 0.0262260642
-0.00585884787 -0.00808560383
0.000186265315 -0.00739202183
-0.00637626322 0.0078772828
-0.0052598943 0.0187085252
0.00520985061 0.0121483132
0.00729873497 -0.00781032955
-0.00827105436 0.00900263526
-0.00164822768 0.0042252522
0.00148958398 -0.00190354651
-0.00142785849 -0.0122820968
-4.66048623e-05 0.000170237647
-0.00655641546 -0.000160960117
-0.00743378233 0.00409412803
0.00344111724 -0.0154199386
-0.00752004329 -0.0117790196
0.00404664921 0.00163661991
-0.00379482657 0.0130603658
-0.00956160855 0.00610959157
-0.00443534041 -0.00645597512
-0.00532353576 0.00616913009
0.000278448279 -0.00871416926
0.00195247575 -0.0032146778
-0.00116002781 -0.00307180663
-0.00670244265 -0.0075592366
0.0144095924 -0.0024413236
0.00731635233 0.00963830762
0.000798032212 0.00333375228
0.0129077295 -0.0207831878
0.00138465292 0.0120890401
-0.00286964537 0.00417402526
0.00279449462 -0.00998898037
0.0247665942 0.00571714481
0.00820388831 0.00934232213
0.00784736313 0.0142938988
-0.00251743151 -0.00567885395
0.00747555355 -0.00876315404
0.0234517232 -0.00984241161
0.00432960503 0.00018916672
0.0118868286 -0.00828693248
0.0103214551 0.0118333045
0.00651639793 -0.000576180755
0.0138309617 0.00891348161
0.00268941047 -0.00126444746
0.00606207969 -0.00637138728
-0.00387142692 -0.0111208651
0.0232056063 0.013481304
0.00506531959 -0.0116053605
0.000571807905 0.00474361889
0.0115682781 0.0119252764
-0.00450022938 0.000946911459
-0.00202085031 0.0140117509
-0.00696289074 -0.00116243679
0.000921597937 -0.00269194972
-0.00363050192 0.00138373557
0.006113871 -0.00427996134
-0.00138188968 0.00286402623
-0.00526689459 -0.000875535246
-0.0046366062 0.0133825727
-0.000769765407 -0.000539714005
-0.00575737562 0.00743072713
0.00826903619 0.00570686115
0.00634842133 0.00191374857
0.00189685647 -0.00157390733
-0.0132051148 0.0140676657
0.00272030081 0.0157375429
-0.01201283 0.00109029468
0.00268030958 -0.00423039868
0.00123509904 -0.00333686755
-0.00387472846 -0.00934096519
-0.00549840322 -0.0135873007
-0.00544057507 -0.00569687318
0.0192237776 0.00314118969
-0.00370600121 0.00953195523
-0.00303525967 0.00879909564
0.00844885316 0.00585937966
0.00452337973 -0.00193161459
0.010356999 -0.000591783377
-0.0110791624 -0.00171585055
-0.010027946 -1.70556141e-05
0.0319475085 -0.00136571482
0.000168237326 -0.00201360718
-0.00199353439 -0.00321312621
0.00218632282 -0.00269174227
0.00863958243 0.00663243094
-0.0122024184 0.00827289
0.00357071357 -0.00427584117
0.000582688779 -0.00399085879
0.00616439665 0.00306188408
0.00127126649 0.00425403705
-0.00144927355 -0.0225001145
-0.00881332997 0.00613548979
-0.0225495417 -0.00116632204
0.00966805965 -0.00118792965
-0.0149194831 0.0091195181
-0.00330856862 -0.00162625313
0.018094644 -0.0149627337
-0.00231736712 -0.00946610421
0.00677081803 -0.0052071088
-0.000879888423 -0.0059187361
0.0068556224 -0.000112897775
0.0018343149 -0.00910763629
-0.004658408 0.000859930646
0.012138715 0.00585837662
-0.00206368021 -0.00129002857
-0.0108714523 -0.0103900339
-0.00233484805 -0.00355890649
0.00613189721 -0.00572990533
-0.0127425883 0.0179935619
0.00910417363 -0.0103848595
0.0104439333 -0.0214143731
0.0215994902 -0.0100362869
-0.00608840678 0.0022578421
0.00522140926 0.00901317317
-0.0147779752 -0.00475285202
-0.00491440669 0.00896512996
0.00217136345 -0.00679075066
0.00331384712 0.00558692077
0.000999805867 -0.00924728811
0.00119126798 -0.0131425792
-0.00805345178 0.0187541712
-0.00347750424 -0.00333129684
0.00215770211 0.00711163227
0.00357292802 0.0142499525
0.00534698693 0.00674828328
0.00913602021 0.00336422888
0.0125228595 -0.00841699541
-0.0183040332 0.0124112694
-0.00322102057 -0.0106886216
0.00132855913 -0.0195262246
-0.00492613809 -0.00648504961
0.0105792461 -0.0039322949
0.00712377625 0.0010693901
-0.00222401274 0.0111778062
0.00203279988 -0.00495407917
0.0123661142 -0.00213267142
-0.00203909073 -0.0074060089
0.000553596707 -0.0249987673
0.00949739851 -0.00587187475
0.00509921042 -0.00349547621
0.0152482083 -0.013276808
0.00199100818 0.0133821415
0.00573413586 0.0118844938
-0.00523084076 0.00299243326
-0.00920286402 0.00521710562
0.00100919395 -0.00664178282
-0.0245614331 -1.53394012e-05
0.00611574808 -0.0162005574
0.0110229151 -0.0134426961
0.00187886378 -0.00727542769
-0.00224637915 0.00348347961
0.0109948199 -0.0046438952
0.000828585064 -0.00780703546
0.00799716264 0.0113950837
0.0208406299 -0.000820288202
0.00774497818 -0.00592938717
