0.316227764 -0.316227764
-0.316227764 0.948683262
0.948683262 -0.948683262
0.948683262 -0.948683262
-0.948683262 -0.316227764
-0.316227764 0.948683262
-0.948683262 -0.316227764
-0.316227764 0.316227764
-0.948683262 0.948683262
0.316227764 0.948683262
0.316227764 0.948683262
-0.316227764 -0.948683262
-0.316227764 -0.316227764
-0.948683262 0.316227764
0.316227764 -0.948683262
0.316227764 0.948683262
-0.316227764 -0.948683262
0.948683262 0.948683262
-0.316227764 -0.948683262
-0.948683262 -0.316227764
0.948683262 -0.316227764
0.948683262 -0.948683262
-0.316227764 0.316227764
-0.316227764 0.948683262
0.948683262 -0.316227764
0.948683262 0.316227764
-0.948683262 0.316227764
0.948683262 -0.316227764
-0.316227764 0.948683262
-0.316227764 -0.316227764
0.316227764 0.948683262
0.948683262 -0.316227764
0.948683262 -0.316227764
0.316227764 0.948683262
-0.316227764 -0.948683262
-0.948683262 -0.316227764
0.948683262 -0.316227764
-0.316227764 -0.316227764
0.316227764 0.316227764
-0.316227764 -0.948683262
-0.316227764 -0.316227764
0.948683262 -0.316227764
0.948683262 0.316227764
0.948683262 -0.948683262
-0.948683262 0.948683262
-0.316227764 0.316227764
0.316227764 0.948683262
-0.316227764 0.948683262
0.316227764 -0.948683262
0.948683262 -0.948683262
-0.316227764 0.316227764
0.948683262 -0.316227764
0.948683262 0.948683262
0.316227764 0.948683262
0.316227764 0.948683262
-0.948683262 -0.948683262
0.948683262 0.948683262
0.948683262 -0.316227764
-0.316227764 -0.948683262
-0.948683262 -0.316227764
-0.316227764 -0.948683262
-0.316227764 0.948683262
0.316227764 0.316227764
0.316227764 -0.316227764
0.316227764 -0.948683262
0.948683262 0.948683262
-0.948683262 0.948683262
-0.948683262 0.948683262
-0.316227764 -0.316227764
0.948683262 -0.948683262
0.948683262 -0.316227764
-0.316227764 -0.316227764
-0.948683262 0.316227764
-0.948683262 -0.316227764
-0.948683262 0.316227764
-0.316227764 -0.316227764
0.316227764 0.948683262
0.948683262 0.948683262
-0.948683262 0.316227764
-0.948683262 -0.316227764
0.948683262 0.316227764
-0.948683262 0.316227764
-0.316227764 0.316227764
0.316227764 0.948683262
0.316227764 0.948683262
-0.316227764 -0.316227764
0.948683262 -0.316227764
0.316227764 0.316227764
-0.948683262 0.948683262
-0.948683262 -0.948683262
0.948683262 -0.948683262
-0.316227764 -0.948683262
-0.316227764 -0.948683262
-0.948683262 -0.948683262
0.316227764 -0.316227764
-0.316227764 -0.948683262
-0.948683262 -0.948683262
-0.316227764 -0.948683262
-0.316227764 -0.948683262
-0.948683262 -0.948683262
0.948683262 0.316227764
-0.948683262 0.948683262
0.948683262 0.948683262
-0.948683262 0.948683262
-0.316227764 -0.316227764
-0.316227764 0.948683262
-0.316227764 0.316227764
-0.948683262 0.316227764
0.948683262 -0.316227764
-0.948683262 0.316227764
-0.316227764 0.948683262
-0.316227764 0.316227764
0.948683262 -0.948683262
-0.316227764 -0.948683262
-0.316227764 0.948683262
0.948683262 -0.948683262
0.948683262 0.948683262
0.948683262 -0.948683262
-0.316227764 0.948683262
-0.948683262 0.948683262
0.316227764 -0.948683262
0.948683262 -0.316227764
0.948683262 0.948683262
-0.316227764 0.948683262
-0.948683262 0.316227764
0.316227764 -0.948683262
0.948683262 -0.948683262
0.316227764 -0.316227764
-0.948683262 0.316227764
0.948683262 0.948683262
-0.316227764 0.316227764
-0.948683262 0.948683262
-0.948683262 0.948683262
-0.316227764 0.316227764
-0.948683262 0.948683262
-0.948683262 0.948683262
-0.316227764 0.316227764
0.316227764 0.316227764
-0.316227764 0.316227764
0.948683262 -0.948683262
0.316227764 0.948683262
-0.316227764 -0.948683262
-0.316227764 0.948683262
-0.948683262 0.316227764
0.948683262 0.316227764
-0.948683262 -0.948683262
-0.316227764 0.948683262
-0.316227764 -0.948683262
-0.316227764 -0.316227764
-0.316227764 -0.948683262
0.316227764 0.948683262
0.948683262 -0.948683262
-0.948683262 0.948683262
0.948683262 0.316227764
0.948683262 -0.316227764
0.948683262 0.948683262
0.948683262 0.316227764
-0.316227764 -0.948683262
0.316227764 0.948683262
-0.948683262 0.316227764
0.948683262 0.316227764
-0.948683262 -0.316227764
0.316227764 0.948683262
0.316227764 0.316227764
-0.316227764 0.948683262
0.316227764 0.316227764
0.948683262 -0.316227764
0.948683262 -0.948683262
-0.316227764 -0.948683262
-0.316227764 -0.948683262
-0.948683262 0.316227764
-0.316227764 -0.948683262
-0.316227764 0.316227764
-0.316227764 0.316227764
0.948683262 0.316227764
-0.316227764 -0.948683262
-0.316227764 0.316227764
-0.316227764 -0.316227764
0.948683262 0.948683262
0.316227764 -0.948683262
0.948683262 0.948683262
-0.948683262 0.316227764
-0.948683262 0.948683262
-0.948683262 -0.948683262
-0.316227764 0.316227764
-0.316227764 -0.948683262
-0.948683262 0.948683262
0.316227764 -0.948683262
-0.316227764 0.316227764
-0.316227764 0.948683262
-0.948683262 0.316227764
-0.316227764 -0.948683262
-0.948683262 -0.316227764
0.316227764 -0.316227764
-0.948683262 0.948683262
0.948683262 0.316227764
0.316227764 0.316227764
0.316227764 -0.948683262
-0.316227764 -0.316227764
-0.316227764 0.948683262
0.948683262 0.948683262
0.948683262 0.948683262
-0.948683262 -0.316227764
0.316227764 0.948683262
0.316227764 -0.948683262
-0.948683262 -0.948683262
-0.948683262 -0.948683262
0.316227764 0.316227764
-0.948683262 -0.948683262
-0.316227764 -0.948683262
-0.316227764 -0.316227764
0.316227764 -0.948683262
0.316227764 -0.948683262
0.948683262 0.948683262
0.948683262 0.316227764
-0.948683262 -0.316227764
0.316227764 0.316227764
0.316227764 -0.948683262
0.948683262 -0.948683262
-0.948683262 0.948683262
0.948683262 -0.316227764
-0.948683262 0.948683262
0.948683262 0.316227764
-0.316227764 0.948683262
-0.316227764 -0.316227764
-0.316227764 -0.316227764
-0.316227764 0.948683262
0.316227764 -0.316227764
-0.316227764 -0.948683262
0.948683262 -0.316227764
-0.948683262 -0.948683262
0.316227764 0.316227764
-0.316227764 -0.316227764
0.948683262 0.316227764
-0.316227764 0.948683262
0.948683262 0.316227764
0.948683262 0.948683262
0.948683262 -0.316227764
-0.316227764 -0.948683262
-0.316227764 0.948683262
0.316227764 0.316227764
0.948683262 -0.948683262
-0.316227764 -0.948683262
-0.316227764 -0.948683262
0.316227764 -0.948683262
0.316227764 0.948683262
0.948683262 -0.948683262
0.948683262 0.948683262
0.948683262 0.948683262
0.316227764 0.316227764
-0.948683262 -0.316227764
-0.316227764 -0.948683262
0.948683262 0.948683262
-0.316227764 0.948683262
-0.948683262 0.316227764
0.948683262 -0.948683262
0.948683262 0.316227764
0.316227764 0.948683262
-0.316227764 -0.948683262
-0.316227764 -0.948683262
-0.948683262 0.948683262
0.948683262 0.316227764
0.948683262 0.948683262
0.948683262 0.948683262
-0.948683262 -0.948683262
-0.316227764 0.948683262
0.316227764 -0.948683262
0.948683262 -0.316227764
0.948683262 -0.948683262
-0.948683262 -0.948683262
0.948683262 -0.948683262
0.948683262 -0.948683262
0.948683262 -0.948683262
0.948683262 0.316227764
-0.316227764 0.316227764
0.948683262 -0.948683262
0.948683262 0.316227764
0.316227764 0.316227764
0.316227764 0.948683262
0.316227764 0.316227764
-0.316227764 0.948683262
-0.316227764 0.316227764
0.948683262 -0.948683262
-0.948683262 0.316227764
-0.316227764 0.948683262
0.316227764 -0.316227764
0.316227764 0.316227764
0.948683262 -0.948683262
-0.316227764 0.948683262
0.948683262 -0.316227764
-0.316227764 -0.948683262
-0.948683262 0.948683262
0.948683262 0.948683262
0.316227764 -0.316227764
-0.948683262 0.316227764
-0.948683262 0.316227764
0.316227764 0.948683262
-0.316227764 0.948683262
-0.948683262 -0.948683262
0.948683262 -0.948683262
0.316227764 0.948683262
-0.316227764 0.316227764
-0.948683262 -0.948683262
-0.316227764 -0.316227764
0.948683262 0.948683262
0.316227764 0.948683262
-0.948683262 -0.316227764
-0.948683262 -0.948683262
-0.948683262 -0.948683262
-0.316227764 0.316227764
-0.948683262 -0.316227764
0.948683262 -0.316227764
-0.316227764 -0.316227764
0.316227764 -0.316227764
0.948683262 0.316227764
0.948683262 0.316227764
0.948683262 -0.948683262
0.948683262 0.316227764
0.948683262 0.316227764
-0.948683262 0.948683262
0.316227764 -0.316227764
0.948683262 -0.316227764
0.316227764 -0.948683262
0.948683262 -0.948683262
-0.948683262 -0.948683262
-0.316227764 -0.316227764
0.948683262 0.948683262
-0.948683262 -0.316227764
0.948683262 0.316227764
0.948683262 0.316227764
0.316227764 -0.948683262
0.316227764 0.316227764
-0.948683262 -0.948683262
0.948683262 -0.948683262
-0.948683262 0.948683262
0.948683262 -0.316227764
0.316227764 -0.316227764
0.316227764 -0.948683262
0.948683262 0.316227764
0.316227764 0.316227764
-0.948683262 0.948683262
0.948683262 0.316227764
0.316227764 0.948683262
0.316227764 -0.948683262
-0.316227764 -0.316227764
0.948683262 0.948683262
0.948683262 0.316227764
0.948683262 -0.948683262
0.316227764 0.316227764
-0.316227764 -0.316227764
0.948683262 -0.948683262
0.316227764 0.316227764
-0.316227764 -0.316227764
-0.948683262 -0.948683262
0.316227764 0.948683262
0.948683262 -0.948683262
-0.316227764 0.316227764
0.948683262 0.948683262
-0.316227764 -0.948683262
0.948683262 0.948683262
-0.948683262 -0.948683262
-0.948683262 -0.316227764
-0.948683262 0.316227764
0.948683262 -0.948683262
-0.316227764 0.948683262
0.948683262 -0.316227764
-0.948683262 -0.316227764
0.948683262 0.948683262
-0.316227764 0.316227764
-0.316227764 -0.316227764
-0.316227764 -0.316227764
0.948683262 -0.948683262
-0.948683262 0.948683262
0.948683262 -0.948683262
-0.948683262 0.948683262
0.316227764 0.948683262
-0.316227764 -0.948683262
0.316227764 -0.316227764
0.948683262 -0.948683262
0.316227764 -0.948683262
-0.316227764 -0.316227764
-0.316227764 -0.316227764
-0.316227764 -0.316227764
0.316227764 0.948683262
-0.316227764 -0.948683262
0.316227764 -0.948683262
-0.948683262 0.316227764
-0.948683262 -0.948683262
-0.948683262 -0.316227764
-0.316227764 -0.316227764
-0.316227764 -0.316227764
0.948683262 -0.316227764
-0.316227764 -0.948683262
0.316227764 0.316227764
0.948683262 -0.316227764
0.948683262 0.948683262
0.316227764 0.316227764
0.948683262 0.316227764
0.948683262 -0.948683262
-0.316227764 -0.948683262
0.316227764 0.316227764
0.948683262 0.948683262
0.948683262 -0.316227764
-0.316227764 0.316227764
-0.948683262 -0.948683262
-0.316227764 0.948683262
0.316227764 -0.316227764
-0.316227764 0.948683262
-0.948683262 -0.316227764
0.948683262 -0.316227764
0.948683262 -0.948683262
0.316227764 -0.316227764
-0.316227764 0.316227764
0.948683262 -0.316227764
0.948683262 -0.948683262
-0.316227764 -0.948683262
0.948683262 -0.948683262
0.948683262 -0.316227764
0.948683262 -0.948683262
0.316227764 0.316227764
0.316227764 0.316227764
0.316227764 0.948683262
-0.948683262 0.316227764
0.948683262 0.948683262
-0.316227764 0.948683262
-0.948683262 0.316227764
-0.316227764 0.948683262
0.316227764 0.948683262
0.316227764 0.948683262
-0.948683262 0.948683262
0.948683262 0.948683262
0.316227764 -0.948683262
0.316227764 0.948683262
-0.316227764 -0.316227764
-0.316227764 0.948683262
0.948683262 -0.316227764
-0.316227764 -0.948683262
-0.948683262 -0.948683262
0.948683262 0.316227764
0.948683262 0.948683262
-0.316227764 0.316227764
0.948683262 -0.316227764
0.316227764 -0.316227764
0.948683262 0.316227764
-0.948683262 -0.948683262
0.948683262 -0.948683262
-0.316227764 0.316227764
-0.316227764 0.948683262
-0.316227764 0.948683262
-0.316227764 -0.316227764
0.316227764 0.316227764
0.316227764 -0.948683262
-0.316227764 -0.316227764
0.948683262 0.948683262
0.316227764 0.948683262
-0.948683262 -0.316227764
0.316227764 0.948683262
0.948683262 -0.316227764
0.316227764 0.316227764
-0.316227764 -0.316227764
-0.316227764 0.948683262
0.948683262 -0.316227764
0.316227764 -0.316227764
-0.948683262 -0.316227764
0.948683262 0.948683262
0.316227764 -0.316227764
0.316227764 -0.316227764
-0.948683262 0.948683262
0.316227764 0.316227764
0.316227764 -0.948683262
0.316227764 0.948683262
0.948683262 0.948683262
-0.948683262 0.316227764
0.316227764 -0.316227764
0.316227764 0.948683262
-0.948683262 0.316227764
0.948683262 -0.948683262
-0.316227764 -0.316227764
0.316227764 0.316227764
-0.948683262 -0.948683262
0.316227764 -0.316227764
0.316227764 -0.316227764
-0.948683262 0.948683262
-0.948683262 -0.316227764
-0.948683262 0.316227764
0.316227764 -0.316227764
0.948683262 -0.948683262
0.948683262 0.316227764
-0.316227764 -0.948683262
-0.948683262 -0.316227764
0.948683262 -0.948683262
-0.316227764 -0.948683262
0.948683262 0.316227764
-0.316227764 -0.316227764
0.316227764 -0.316227764
0.948683262 -0.316227764
0.316227764 -0.316227764
0.316227764 -0.316227764
-0.948683262 -0.948683262
-0.316227764 -0.316227764
0.316227764 0.948683262
0.316227764 0.948683262
0.948683262 0.948683262
-0.948683262 0.948683262
-0.948683262 -0.316227764
0.316227764 0.316227764
0.316227764 0.948683262
-0.948683262 -0.948683262
0.316227764 0.316227764
-0.316227764 -0.948683262
0.948683262 0.948683262
-0.316227764 0.948683262
-0.316227764 0.316227764
-0.948683262 0.316227764
-0.316227764 0.948683262
-0.948683262 -0.948683262
0.948683262 -0.948683262
-0.316227764 -0.316227764
0.316227764 0.316227764
-0.316227764 -0.948683262
-0.316227764 0.948683262
-0.316227764 -0.948683262
0.948683262 0.948683262
0.948683262 -0.316227764
-0.948683262 -0.316227764
0.316227764 0.948683262
0.316227764 -0.316227764
-0.948683262 -0.316227764
-0.316227764 0.316227764
-0.948683262 -0.948683262
0.316227764 -0.316227764
0.948683262 -0.948683262
0.948683262 0.316227764
0.316227764 0.948683262
0.316227764 -0.948683262
-0.948683262 -0.948683262
0.948683262 -0.948683262
-0.948683262 0.948683262
-0.948683262 0.948683262
0.948683262 -0.316227764
0.316227764 0.316227764
-0.948683262 0.316227764
0.948683262 -0.948683262
-0.316227764 -0.316227764
-0.316227764 0.948683262
-0.316227764 0.316227764
-0.948683262 -0.316227764
0.316227764 -0.316227764
0.948683262 0.316227764
0.316227764 0.316227764
0.948683262 -0.948683262
0.316227764 0.948683262
0.316227764 0.948683262
0.948683262 0.948683262
0.316227764 0.316227764
-0.948683262 -0.948683262
0.948683262 -0.316227764
-0.316227764 0.948683262
-0.948683262 -0.948683262
0.316227764 -0.948683262
0.948683262 -0.316227764
0.316227764 0.316227764
0.948683262 -0.948683262
-0.316227764 0.948683262
0.948683262 -0.948683262
0.948683262 -0.948683262
-0.316227764 -0.316227764
-0.948683262 -0.948683262
-0.316227764 -0.948683262
-0.316227764 0.948683262
0.948683262 0.316227764
-0.316227764 -0.316227764
0.948683262 -0.316227764
0.948683262 -0.316227764
0.316227764 -0.948683262
0.948683262 -0.316227764
-0.948683262 0.948683262
0.316227764 -0.948683262
0.316227764 -0.316227764
0.948683262 -0.948683262
-0.948683262 0.948683262
0.948683262 0.948683262
0.948683262 0.948683262
0.316227764 -0.948683262
0.316227764 0.316227764
0.316227764 0.948683262
0.316227764 -0.948683262
0.316227764 -0.948683262
-0.948683262 0.948683262
-0.948683262 0.948683262
-0.316227764 -0.948683262
0.316227764 -0.316227764
-0.316227764 0.316227764
0.316227764 0.316227764
0.948683262 -0.948683262
-0.316227764 0.316227764
-0.316227764 -0.948683262
0.948683262 0.316227764
-0.948683262 -0.948683262
0.316227764 -0.948683262
-0.316227764 0.948683262
0.948683262 0.316227764
0.948683262 0.948683262
0.948683262 -0.948683262
-0.948683262 0.316227764
0.316227764 -0.316227764
-0.948683262 -0.948683262
0.948683262 0.948683262
-0.316227764 0.948683262
-0.316227764 -0.316227764
0.948683262 -0.948683262
0.948683262 0.316227764
0.316227764 -0.316227764
0.948683262 0.316227764
-0.948683262 0.316227764
-0.316227764 -0.948683262
0.316227764 -0.948683262
-0.948683262 0.316227764
0.948683262 -0.316227764
-0.316227764 0.948683262
0.316227764 0.948683262
0.948683262 -0.948683262
0.948683262 -0.948683262
-0.316227764 -0.948683262
0.948683262 0.316227764
0.948683262 -0.316227764
0.948683262 0.316227764
0.316227764 0.316227764
0.316227764 0.948683262
0.316227764 0.948683262
0.948683262 0.316227764
-0.316227764 -0.948683262
-0.316227764 0.316227764
0.316227764 0.948683262
0.316227764 -0.948683262
0.948683262 0.948683262
-0.316227764 -0.948683262
-0.948683262 0.316227764
0.948683262 -0.316227764
0.316227764 -0.948683262
-0.948683262 0.316227764
-0.316227764 0.316227764
-0.316227764 -0.948683262
0.948683262 0.316227764
0.316227764 0.316227764
-0.316227764 -0.948683262
-0.316227764 0.316227764
0.316227764 -0.948683262
0.316227764 -0.316227764
-0.948683262 -0.316227764
0.948683262 0.316227764
-0.316227764 0.316227764
-0.948683262 0.316227764
0.948683262 0.948683262
-0.948683262 -0.316227764
-0.948683262 -0.948683262
0.948683262 -0.316227764
-0.316227764 0.316227764
0.948683262 -0.316227764
0.316227764 0.948683262
-0.316227764 0.316227764
-0.948683262 0.316227764
0.316227764 0.948683262
0.316227764 0.316227764
0.948683262 -0.316227764
-0.948683262 0.948683262
-0.316227764 -0.316227764
-0.948683262 -0.948683262
-0.948683262 -0.316227764
0.948683262 0.948683262
-0.948683262 0.948683262
-0.316227764 -0.948683262
0.316227764 0.948683262
-0.948683262 0.316227764
-0.948683262 0.316227764
-0.948683262 0.948683262
0.316227764 0.948683262
0.948683262 0.316227764
0.316227764 0.316227764
-0.316227764 0.948683262
0.948683262 0.948683262
-0.948683262 -0.316227764
-0.948683262 -0.316227764
-0.316227764 0.948683262
0.316227764 -0.948683262
0.316227764 0.948683262
-0.316227764 0.316227764
0.948683262 0.948683262
-0.948683262 -0.948683262
0.316227764 0.316227764
0.316227764 0.948683262
-0.948683262 -0.316227764
-0.948683262 0.316227764
0.316227764 0.316227764
-0.948683262 0.316227764
-0.948683262 0.316227764
-0.316227764 -0.316227764
0.948683262 -0.316227764
-0.316227764 0.948683262
0.948683262 0.316227764
-0.948683262 0.316227764
0.316227764 -0.948683262
0.316227764 -0.948683262
-0.316227764 0.948683262
-0.948683262 0.948683262
0.948683262 0.948683262
-0.316227764 -0.316227764
-0.948683262 -0.316227764
0.316227764 -0.948683262
-0.948683262 0.948683262
0.948683262 -0.316227764
0.316227764 0.316227764
0.316227764 -0.948683262
0.316227764 -0.948683262
0.316227764 0.948683262
0.316227764 0.948683262
0.948683262 -0.316227764
-0.316227764 -0.316227764
-0.948683262 0.948683262
0.948683262 0.948683262
0.316227764 -0.316227764
-0.316227764 0.316227764
-0.316227764 0.948683262
-0.948683262 0.316227764
0.948683262 0.316227764
0.316227764 0.948683262
0.948683262 0.316227764
0.316227764 -0.316227764
-0.316227764 0.948683262
-0.316227764 -0.316227764
0.316227764 0.316227764
-0.316227764 0.948683262
-0.948683262 -0.948683262
0.316227764 -0.948683262
-0.948683262 -0.948683262
-0.948683262 0.316227764
0.948683262 -0.316227764
0.316227764 -0.316227764
-0.316227764 0.948683262
-0.316227764 -0.948683262
-0.316227764 0.316227764
-0.948683262 -0.316227764
-0.948683262 0.316227764
0.316227764 0.948683262
-0.316227764 0.316227764
0.316227764 0.948683262
-0.316227764 0.316227764
0.316227764 0.316227764
0.316227764 0.948683262
-0.316227764 0.948683262
-0.948683262 -0.948683262
-0.316227764 -0.316227764
-0.948683262 -0.316227764
0.316227764 0.316227764
0.316227764 0.948683262
0.948683262 -0.948683262
0.948683262 -0.316227764
0.316227764 -0.948683262
0.948683262 -0.948683262
0.316227764 0.316227764
-0.948683262 0.948683262
-0.948683262 0.316227764
0.948683262 -0.948683262
0.948683262 -0.316227764
-0.948683262 0.316227764
0.316227764 -0.316227764
-0.316227764 0.948683262
0.316227764 0.316227764
-0.948683262 0.316227764
0.316227764 0.948683262
0.316227764 -0.316227764
0.316227764 -0.948683262
0.948683262 0.948683262
-0.948683262 -0.948683262
0.948683262 0.948683262
-0.948683262 -0.316227764
-0.316227764 0.948683262
0.948683262 -0.316227764
0.948683262 -0.948683262
0.316227764 0.316227764
-0.948683262 0.316227764
0.948683262 0.316227764
0.316227764 -0.316227764
0.948683262 0.316227764
0.948683262 0.948683262
-0.948683262 0.948683262
0.316227764 0.948683262
-0.948683262 0.316227764
-0.316227764 -0.316227764
-0.316227764 0.316227764
-0.948683262 0.316227764
-0.948683262 0.316227764
-0.316227764 0.316227764
-0.316227764 0.316227764
-0.948683262 -0.948683262
0.948683262 0.948683262
-0.316227764 0.316227764
-0.948683262 -0.948683262
-0.948683262 -0.316227764
-0.316227764 0.316227764
-0.948683262 -0.316227764
0.948683262 0.316227764
0.948683262 -0.948683262
-0.316227764 -0.316227764
-0.316227764 0.948683262
-0.948683262 0.948683262
0.316227764 -0.948683262
-0.316227764 0.948683262
0.316227764 0.316227764
-0.948683262 0.316227764
0.948683262 0.948683262
-0.948683262 -0.948683262
-0.316227764 0.948683262
-0.948683262 0.948683262
-0.948683262 0.316227764
-0.316227764 -0.948683262
-0.948683262 -0.316227764
-0.316227764 0.948683262
-0.948683262 -0.316227764
0.316227764 -0.316227764
0.924461961 -0.971014023
-0.938676476 -0.960193753
-0.284087509 -0.961570859
-0.332343698 0.301290274
-0.959270895 -0.997795641
-0.295937717 0.985431612
0.31279853 -0.307815701
0.959518075 -0.277552158
-0.303032309 -0.93253988
0.972936451 0.286891073
0.353209645 -0.949000418
0.298356652 0.927426159
-0.946410537 0.957597196
0.971817791 -0.340957373
-0.932543039 0.303591132
0.964161098 0.963572085
0.303477198 0.310874164
-0.302305222 -0.942457378
0.932110608 0.974082589
0.980163217 0.925087273
-0.321619391 -0.941759288
-1.0033803 -0.312843651
-1.00556254 -0.302633256
0.963947296 0.919385433
0.353219509 0.948180974
0.325330615 0.31152004
-0.30354175 0.956219971
-0.311857671 0.979695499
0.94867897 -0.32924217
-0.322445005 0.888654947
-0.981754661 0.296440214
0.947980225 -0.96763128
-0.937013209 0.331885338
0.307736695 0.331205159
-0.941319883 -0.332043797
0.332329184 -0.945512652
0.915289879 0.945335865
-0.944077909 0.308882594
0.311130047 0.347206086
-0.925078392 0.929046035
0.960809827 -0.303528905
-0.307087213 0.956607044
-0.352300495 0.961318314
-0.931796134 -0.971282542
0.299357772 0.295934021
0.931881666 0.95383203
-0.323584825 0.322191864
-0.938259065 0.307930231
-0.958595097 -0.336236387
-0.275014341 -0.336299956
-0.912648201 0.298116833
-0.959746599 -0.347197056
-0.312999606 -0.939320982
-0.965594172 0.954184711
-0.343611479 0.960148156
-0.336080849 -0.324377894
-0.931400239 0.95599705
-0.951188087 0.296969444
0.301936716 -0.974152744
-0.960821807 -0.924175084
-0.972890913 0.928429008
0.312412292 -0.938732386
-0.939085841 0.964869976
0.981151879 -0.937672913
0.958630562 0.311805457
0.941549361 -0.934086323
0.300789416 -0.918173492
0.371503413 0.351935238
-0.955977261 -0.310564727
-0.31663242 0.321701646
-0.983937442 0.343360007
-0.954882741 0.933971941
0.939993739 0.946200788
-0.944881618 -0.981230199
-0.923311412 -0.893798292
0.962794602 0.355204642
-0.334210813 -0.914667845
0.917043626 -0.952146232
-0.952263117 0.955440521
-0.306372255 -0.967173159
-0.963088572 0.292415887
-0.324788302 -0.320219904
-0.309198797 0.34416607
-0.968726158 0.349075049
0.328919977 -0.965137601
0.933163881 0.954654694
-0.278534234 -0.302159697
-0.316714555 -0.31104216
-0.327310681 -0.316506654
0.310386032 0.321496218
0.926922262 0.924058318
0.953618348 0.941876292
0.922503293 -0.341073275
0.333253562 -0.917561531
0.946138561 0.93014133
0.920704246 -0.938088715
-0.304252416 0.947787285
-0.308994055 0.329112023
0.922450304 0.310544103
0.957641304 0.336377949
0.944242477 -0.340815932
-0.310440421 -0.904828787
-0.978262424 0.303328156
0.34006682 -0.967359185
0.303717017 -0.277624577
0.955358267 0.955494761
0.345684797 0.92732209
-0.318309486 0.920549691
-0.934796035 0.968526244
0.341887861 -0.314929217
-0.335863322 -0.305146873
-0.329693347 0.313773215
0.954460323 -1.00113595
-0.297760546 -0.329534203
0.304933667 1.01241374
0.977270424 0.334649175
-0.928772211 0.94742161
0.947965682 0.974081337
0.937386096 -0.332110912
-0.279824972 -0.927576303
-0.329401314 -0.317700803
-0.933912456 0.91811496
0.902480304 -0.92032069
0.318556935 -0.9217816
0.31953001 0.964972734
0.312219709 0.954591572
-0.928996384 -0.316705644
-0.303825021 0.29143548
-0.341344625 0.313281357
-0.924978256 -0.321452171
-0.316491932 0.299911439
-0.284781784 -0.960048139
0.311084151 -0.327011228
-0.952058136 -0.289718539
0.326878995 0.932172537
-0.333876222 -0.90663439
-0.939782739 0.301723868
-0.319983244 0.2873694
0.928429902 0.920328438
0.966994345 -0.337226987
0.329551995 0.338876665
-0.972213745 -0.309690863
0.3336294 -0.344419688
-0.922687471 0.320828944
0.330185533 0.933395147
0.30010885 0.339313686
0.309606135 0.92014277
0.939560294 0.915719151
-0.300338268 0.328486443
0.285078019 -0.955703318
0.322767347 0.937743068
0.958373785 -0.92254287
-0.988884389 -0.332094163
0.973467112 0.953947306
0.958284557 -0.93048358
0.28088972 -0.963520586
-0.957049131 0.966803074
0.965654314 -0.946741521
0.297537774 0.330423325
0.910517991 -0.329990625
0.930577695 0.285179138
-0.960274518 0.927070916
0.321753561 0.942971349
0.328303903 -0.328790963
-0.96599257 -0.296688944
-0.99032414 -0.941605628
0.304634601 -0.347774893
-0.331259519 -0.91888392
-0.317285955 0.949939489
0.973312736 -0.347589672
0.292767972 0.924159944
-0.915881336 -0.935679972
0.323927462 0.956263602
0.337140262 -0.309079498
0.269393086 -0.938530207
0.313185513 0.951888919
-0.302761763 0.979031801
0.938060641 -0.317600727
0.946124971 0.315764785
-0.32516098 -0.934561551
-0.956617773 0.953384221
0.93811816 0.950336993
-0.29802224 0.970566452
-0.962593198 -0.947186232
-0.326658934 -0.891432047
-0.92275703 0.319760084
-0.949800909 -0.970301807
0.307263017 0.956153929
0.99872452 -0.911731958
-0.364150017 -0.93923229
0.961058915 0.327793658
-0.946223319 -0.933277905
0.3653422 0.339960486
-0.308620691 0.296549052
0.299972892 -0.311382324
0.312540889 0.94353354
0.296739548 0.314374506
-0.913412869 -0.315442353
0.319375426 0.939900637
0.320790112 -0.947166622
-0.95340097 -0.270074457
0.961606622 -0.310029328
0.296982259 -0.324576497
0.951070666 -0.3223885
-0.324631363 -0.311165065
0.956319153 0.345515221
-0.319324464 0.330708504
-0.942085803 0.970196664
0.342070699 0.936472774
0.949950159 0.327486843
0.329787612 0.335573703
-0.956375539 0.956918061
0.303236842 -0.919309258
0.944939196 -0.299032211
0.941078305 -0.932777822
0.952073753 0.965600252
0.310277969 -0.311822355
-0.323631436 0.294525445
-0.337413847 0.287035912
0.962775707 -0.951672077
-0.329247266 -0.360098988
-0.324501246 0.331011891
0.338419288 -0.942538619
0.988655508 -0.949018419
0.345184237 0.957004309
0.969002366 -0.36710754
0.34701857 -0.322963089
-0.960341156 -0.933837712
-0.922753811 0.348424911
-0.933170021 -0.949359
0.317637444 -0.924959183
0.953123629 0.943915069
0.326924682 0.325264156
0.925484836 0.952188551
0.333970636 0.297963947
-0.939599156 0.925668061
-0.946562827 -0.96710676
-0.973235965 0.926405251
-0.303206742 -0.335688174
0.30161202 0.947765112
0.343975008 -0.319182843
0.310161829 0.942894816
0.319892675 -0.954003394
0.270712107 -0.331381381
0.96223104 0.314173818
0.946539223 0.331313968
-0.295903265 -0.949299037
-0.922557175 -0.331701666
0.297335416 0.923759282
0.290096462 -0.296173155
0.935878336 0.984399378
0.964164495 0.960025489
-0.315300941 0.333557308
0.326055586 -0.316657692
0.307186007 0.295287281
0.306957781 0.328060746
0.932367444 -0.922475219
-0.921818733 0.931303144
0.338344187 -0.958173096
0.329420835 0.949289382
0.360470444 -0.944556236
0.349312454 -0.344463289
-0.329835534 0.950920403
-0.293120563 -0.308234602
-0.302209944 -0.945925474
-0.929429889 -0.91007942
0.299179971 -0.953112006
-0.302230209 -0.326320052
0.318342775 0.956880331
-0.916956723 -0.963827789
-0.310001433 -0.331585407
-0.939619958 -0.903152347
-0.923265815 -0.952301383
0.940037012 -0.332650304
-0.286664099 -0.90672189
0.354339153 -0.950925291
0.956601679 0.278757006
0.314018637 0.939415932
-0.318516642 -0.873591423
-0.953173816 -0.273015827
-0.937885582 -0.984165132
-0.322876036 -0.965757012
0.988759875 0.972308397
-0.939398348 0.92143482
-0.932034731 0.959352195
0.948395431 -0.934600353
-0.306482613 0.330967367
-0.936215043 0.948966622
-0.318587869 0.321533233
0.942913353 -0.332613796
-0.977453291 0.947628796
0.928801537 -0.960047662
0.951262712 -0.96662724
-0.910130322 -0.282371759
-0.313720673 0.330681562
0.940346003 0.348861009
0.330424517 -0.91620183
0.961319625 0.950573981
-0.94397217 -0.988714814
0.953806639 -0.977844536
0.913847625 0.336411774
-0.284541041 -0.317119896
0.290923208 -0.312991709
0.290953994 -0.930105567
-0.337534547 0.917809367
-0.336527139 0.309699833
-0.329084963 -0.31526053
0.942176402 -0.325897932
0.338984877 -0.321640462
0.293176085 0.969179749
-0.951384008 0.971170068
-0.320637256 -0.95817858
0.31219694 0.330260843
0.950523257 -0.926448166
0.355351806 0.285291731
-0.321741283 0.298708618
-0.311777622 0.328277797
-0.943630993 -0.293573231
0.344517857 0.958450437
-0.290433288 -0.941475153
-0.943688333 0.338377088
0.327115476 -0.30810082
-0.307880759 0.992628396
-0.323377728 0.922198474
-0.94871223 0.353667051
0.336464137 -0.317979127
0.277125746 0.973602295
-0.957635045 -0.313478947
-0.293059975 -0.29665029
0.318920135 0.950598121
-0.945245087 0.953398585
0.953460634 -0.333710015
0.977163613 -0.949072838
-0.930273116 -0.291167617
-0.333328098 -0.300488979
0.340040267 0.307332635
0.942113459 -0.942642689
-0.959237099 0.263702214
0.943717718 0.314908922
-0.342220634 -0.346545458
0.951740682 0.982233882
0.943422437 0.985238135
0.916237354 -0.279347807
0.957090616 0.950413287
-0.919673741 0.31740123
-0.9706828 0.945894718
0.293812037 0.944607258
-0.992245257 0.339104712
-0.923712969 -0.304663152
0.316004872 -0.341899782
0.932377994 0.287484348
-0.294586062 -0.921825767
-0.310662925 -0.326265752
1.00159454 0.298980027
-0.319959909 -0.332540512
0.331317306 -0.962307036
-0.31900534 0.94570452
-0.292693943 -0.304557174
-0.332787842 -0.958252311
-0.288768589 0.316310853
0.944621563 -0.296168715
-0.945296228 -0.928975642
0.320834994 -0.902626276
-0.314720094 -0.953264832
0.941923618 0.955731511
-0.9594751 -0.323804975
-0.954280496 0.95005697
0.325012952 -0.953789711
0.315491378 0.35428223
-0.298781842 0.942025125
0.317052901 0.313139319
0.338250726 0.310507447
-0.32523182 0.311511278
0.97155875 0.319389999
0.272104114 -0.936298251
0.288125962 -0.95108813
0.318252295 0.283056021
-0.931340277 -0.900884688
0.345677078 0.320008874
0.313455999 0.304918408
-0.924099743 -0.326698005
0.315733612 -0.3289285
0.293445915 -0.982881367
0.339002341 0.293270707
-0.306494653 0.335449666
0.312537402 0.969756484
0.957165003 0.31527558
0.95641911 -0.943862319
-0.316358685 0.333702594
-0.949236095 -0.953002751
0.93627423 -0.301199734
-0.937007368 0.952467859
-0.970376015 0.298669606
-0.962091088 0.946132183
0.978566766 0.343311727
-0.32043165 -0.315841377
-0.294302702 0.345550179
-0.973986804 -0.308371574
0.278338015 -0.948577523
-0.30510512 0.919519901
0.945613503 0.311206132
-0.952757776 0.331320226
0.292218924 -0.95736295
0.958788216 -0.933264196
0.910812974 -0.327434927
-0.946732938 0.960729063
0.345406681 0.970621347
0.942094624 -0.949277937
-0.304065466 -0.309165299
-0.991370916 0.30260551
0.929151475 0.314372152
-0.955789149 0.982774436
0.961564124 0.941266358
-0.328954995 -0.334391803
-0.943976641 0.310558289
0.95069921 0.96934098
0.934874415 0.940300882
0.956345439 0.286799103
-0.973406613 -0.317840993
-0.939133584 -0.328293234
-0.923177063 -0.315953851
-0.957499504 0.30790326
0.934732378 -0.327954143
0.940473616 0.315537721
0.950102866 0.925410926
-0.313820481 0.321127653
-0.948126137 -0.977516472
-0.967208147 0.997506022
-0.943521142 0.330133468
-0.293493092 -0.329543591
0.310224116 0.94405669
0.980570316 -0.969462395
-0.929010153 0.956748962
-0.296199262 -0.304297268
0.326051444 -0.291431576
-0.951513231 -0.923566639
0.340235323 0.312240124
-0.951816857 0.31804511
-0.957705796 0.312167555
0.975196898 -0.311825752
-0.934926808 -0.927817225
-0.352893203 0.316127419
0.337466508 0.938292265
0.322351575 -0.313294888
0.311586797 -0.957292318
0.950077951 0.927971959
-0.313909203 -0.960116744
-0.966471016 0.297339737
0.968255997 0.947593629
-0.280164748 0.316814363
-0.920954525 0.278716058
-0.305924863 0.951189101
-0.339507937 -0.934544027
0.937555552 -0.942283094
-0.349778086 -0.979875028
0.311975092 -0.963067472
0.316938818 0.292514622
-0.311322242 0.960732877
0.288509697 -0.277243048
-0.322643608 -0.937648475
0.917016089 -0.896719813
0.288373113 0.318209082
0.313764989 0.324887723
-0.960957825 0.937247455
-0.922610819 -0.317116767
0.975577891 0.900274754
-0.93657732 -0.303557992
0.971116066 -0.922872066
0.951157451 -0.370843112
0.904839098 0.955845535
-0.965828001 0.947866797
0.318577111 0.316803247
0.355060786 0.302979797
0.303026974 0.321433932
0.925202072 -0.955726802
0.263922006 0.938625991
0.310085505 -0.945435941
0.94495219 0.297532469
-0.960928917 -0.941316187
-0.312112659 0.365708947
-0.921381235 -0.344590962
0.301772267 0.940371752
-0.978340507 0.2849361
-0.924860597 0.288489252
0.926519871 -0.947996199
0.952446342 0.951213598
0.981789052 0.952193201
-0.315277964 -0.948316276
-0.923243225 -0.960515797
-0.954386532 -0.298040003
0.962770522 0.324481308
0.329338968 0.32289356
-0.930325389 0.933571458
0.29596585 -0.958377302
0.331498325 0.305299312
0.298016906 0.962307453
0.308916658 -0.928230405
0.931875587 0.341986775
-0.339381397 0.913991868
0.926460803 -0.97276175
-0.32277903 -0.940650105
0.98257184 -0.315666884
0.296780139 0.342333496
0.976638615 -0.300243974
0.299737453 -0.957465112
-0.929714084 -0.937848985
0.911206901 -0.96217525
0.960223258 0.322775185
-0.312828541 -0.331324637
-0.290116698 -0.334393322
0.27331683 0.341796964
0.312018484 -0.922524214
-0.351829886 -0.35271728
-0.303206623 0.373841673
0.278073877 -0.307905257
0.287394792 0.972578347
0.323958367 -0.31270498
0.958144307 0.312885761
-0.946487844 0.3473441
0.323845953 -0.938430369
-0.32978487 0.9570871
-0.287740409 -0.91662389
-0.316782773 -0.330713183
0.911809206 -0.945383132
-0.329054952 0.961207867
0.935923338 -0.318422109
0.970762908 -0.326614767
0.332913697 -0.286035985
-0.937696576 0.345119059
-0.973751009 -0.978866279
0.963089228 0.322660446
-0.332692772 -0.320386976
0.943031192 0.336438626
-0.942270517 -0.932425618
-0.980911613 0.937773466
0.324091613 0.935901165
0.308648616 -0.327685744
-0.975062013 0.310770392
-0.292354137 0.332249194
-0.311413199 -0.31980136
0.322548389 0.296443045
-0.979225457 -0.934333205
-0.301051795 0.969762802
0.311697453 -0.924589515
0.919793367 -0.317476183
-0.936423838 -0.300094754
0.321105212 -0.326121062
0.321667105 -0.918304801
0.96184665 0.920650542
0.932591081 -0.92919755
0.315148234 0.938924134
0.321272016 0.940277815
0.330794215 0.939442992
-0.974747479 -0.936448395
0.288056672 -0.309612691
-0.923528075 -0.914301276
0.940876365 0.932866514
0.908596396 -0.298658043
-0.934924364 0.306637436
0.298875034 0.970288157
0.940580189 0.321876824
0.950468659 -0.917734146
0.299307823 0.946148336
0.27824071 0.295260727
0.297878236 0.359599918
0.946495533 0.335046828
-0.343117833 0.331891477
0.290461153 -0.319327593
-0.917266071 -0.320597529
0.32200259 -0.958538473
-0.320819616 0.326030493
0.302054018 0.305412173
-0.30833143 -0.986968458
-0.310846984 -0.296239614
-0.981494486 0.358484268
-0.969613433 -0.934836447
-0.316676319 -0.976904452
-0.305962831 -0.329467952
0.336494207 0.32137835
-0.925685167 0.342676491
-0.321383625 -0.320960343
0.309359401 -0.342569441
-0.939454198 0.948467255
0.918711424 0.286784917
0.926842093 0.94226265
0.967199385 0.960554481
0.286054403 0.955733001
-0.94336015 0.302378386
0.321829706 0.940134525
0.283623844 -0.327941626
0.949653685 -0.95659858
0.959734261 -0.325385183
0.977693498 0.325659573
0.980646789 0.944958627
-0.314498484 0.327317625
0.944198012 0.966152549
0.948555052 -0.288963914
-0.334844261 0.98918575
0.298802227 0.31362322
-0.968350053 -0.289606869
0.357295007 0.296962917
0.316201091 -0.287257642
0.949081361 -0.927764535
-0.283142418 0.942471564
0.931998253 0.948652267
-0.9348014 -0.344782174
-0.296981871 -0.317778915
0.319580376 0.924434602
0.316049725 -0.919283271
-0.930645406 -0.304158121
-0.913510442 -0.95220834
-0.323168814 -0.93974638
-0.890796006 0.946491659
-0.916027725 0.947606444
-0.350196689 0.327716142
-0.316745073 -0.326496154
0.938419521 -0.975878
-0.289769024 -0.291006178
0.362120837 -0.312983721
0.331046194 0.970001757
-0.951148212 0.936168671
0.936017513 -0.296340585
-0.293405414 -0.354816288
0.298993647 -0.339721948
-0.270782411 0.938679993
-0.293416232 -0.973419547
0.357449681 -0.322827727
-0.312142551 -0.308195263
-0.277184337 0.956648052
-0.953964591 0.929706752
0.324149162 0.327542394
-0.933398426 0.967061222
-0.95511961 -0.315007687
0.311371565 0.298814118
-0.28139469 -0.337959975
-0.337986708 0.959914863
-0.906052589 -0.957433105
-0.956499398 -0.337633938
-0.328457057 -0.963920891
-0.345988333 -0.335303426
-0.977946341 0.985516429
0.295096457 0.301696271
-0.947813332 -0.940711617
0.325796276 -0.93708843
0.960025132 -0.946103752
0.950707018 -0.328230411
0.94904238 0.952514768
0.979250729 0.926490963
0.951335013 0.306029439
0.319416881 0.316257864
0.313928396 -0.302261859
-0.329574019 -0.942804337
-0.32194975 -0.324380159
0.30840537 -0.317617953
-0.951404095 -0.314776897
-0.24587135 -0.958763719
0.343565553 0.95133847
0.29595986 0.295321435
0.920408964 -0.959995866
0.306182802 0.313125253
0.950232387 -0.926222086
-0.940910816 -0.970637083
0.319182158 -0.299633205
0.283091486 -0.322243273
0.28060022 0.309797406
0.30595088 -0.933431029
-0.331893355 0.318206936
-0.361933887 0.969438076
-0.345083833 0.930124581
0.318910569 0.931405246
-0.974570036 -0.95470047
-0.327006072 0.946174324
0.955459595 0.969533503
0.34162572 -0.920786858
0.297865808 0.996393919
-0.947792351 0.950587153
0.3143875 0.942953587
0.301050782 0.281575769
-0.963490665 0.945507109
-0.921016574 0.31562978
-0.329132676 -0.284100533
0.315611839 0.328621328
0.951414287 -0.298358291
-0.282551706 -0.305526674
-0.947035074 -0.966591716
-0.91352576 -0.974256217
0.971122026 -0.3116166
-0.960960209 -0.95961535
0.964509726 0.921409667
-0.333527982 -0.317901254
0.94636333 0.326666981
0.940869927 -0.935629547
-0.286889404 0.923166037
-0.33323577 0.9789626
0.335831732 0.309200257
-0.311809242 0.980137408
-0.29952845 0.937504947
-0.99619627 -0.942981184
-0.952594817 0.937405646
-0.952148497 -0.3043558
0.366502166 -0.972756445
0.354528129 -0.316132128
0.314525932 -0.296801597
-0.947216094 0.946874559
-0.354773879 0.966100454
-0.94364208 -0.312344372
-0.967056394 -0.290834427
0.341032296 -0.285855442
-0.340850204 0.298501402
0.320312262 -0.9478392
0.947435439 0.2923235
0.941544116 -0.951459229
-0.956690729 -0.323720217
0.309983373 0.942760408
-0.979164362 0.926930845
0.328218728 0.990757227
-0.291056067 -0.945308685
0.295914233 -0.974114954
-0.331398696 -0.945231736
0.923621953 -0.317428797
0.95357728 -0.301312268
-0.313952446 0.363082975
0.290025473 0.354143679
0.281730473 0.9308393
0.945845068 0.957148552
-0.927066028 0.950812697
0.343732446 0.959483206
-0.956474245 0.300961792
0.308435351 0.293275595
0.985161006 -0.932201862
-0.28783673 -0.926233768
0.298296005 0.94605428
-0.968476951 -0.92331022
0.914221942 0.919851899
-0.306399107 0.942685246
-0.32283169 0.962764382
0.298129857 0.953658402
0.941376269 -0.956194103
-0.975297213 0.312892884
-0.925086319 0.965593517
0.314434201 -0.989411235
-0.934551716 -0.293404877
-0.348967344 0.930418551
0.931028962 -0.312669098
0.961828113 0.961953044
0.960061193 0.954509974
-0.951033473 0.955647171
0.928382874 -0.964982986
-0.330853701 0.921867192
-0.937626362 -0.281983137
0.31632328 -0.945228398
0.309475511 -0.30048281
0.961517572 -0.298572928
0.286133915 0.991872966
-0.332209051 0.923396528
0.316658497 0.36580044
0.978764772 0.958662629
-0.329382807 0.286993593
-0.924224794 -0.340082198
-0.957500994 -0.964041054
0.333322465 0.929016531
0.964174807 0.318845868
-0.92167002 -0.946163714
-0.935966015 0.29781118
0.959884584 0.951247811
0.94530344 0.359877974
0.973031104 -0.336010695
-0.925654709 -0.940458953
0.941424429 -0.332416087
-0.351060659 0.33040005
0.970512688 -0.948668718
-0.940783918 0.347448945
-0.958594918 -0.969899654
0.301621258 -0.972879827
-0.312831104 0.94392705
0.937413514 -0.31465748
0.328136951 -0.93579483
0.31111154 -0.940574586
0.323962122 0.92836982
0.892801344 -0.967636108
0.933619797 0.297395676
-0.347823679 -0.930944145
-0.965698481 -0.332452804
-0.308241487 -0.317269772
0.947380781 0.969823718
-0.939615428 0.956704199
0.303320736 0.309553206
0.287462652 0.3286677
0.955054462 0.964587092
0.934288204 0.308739722
0.328151435 0.307414979
-0.300704747 -0.983054638
-0.305760235 -0.30154556
-0.357116163 -0.927238703
-0.309974939 -0.939846098
-0.339105785 -0.933996439
0.966640115 0.32195726
-0.956121504 -0.331982106
0.95342797 0.948418915
-0.298813462 -0.274274915
0.948508859 -0.301655978
-0.287378758 -0.329696923
-0.341396511 0.94672811
0.931234598 0.95288527
0.99767375 -0.937983632
-0.932318807 0.34673813
-0.914667368 0.303097904
-0.306836903 -0.304338783
0.938184321 -0.950879157
-0.286340594 -0.953810632
-0.288508773 0.293005288
-0.308914065 -0.326896787
-0.960043252 -0.965219736
0.328948796 -0.947142065
-0.288622975 -0.29773578
0.928553522 0.912878036
0.308641404 0.963220835
0.306352705 0.335172802
0.962560713 -0.306697756
-0.916459143 -0.297847956
0.915538132 0.367698401
-0.922561765 -0.970071137
1.0385915 -0.945629239
-0.97878325 -0.348823875
-0.25460428 1.01396835
-0.359636486 0.339775264
0.26324439 0.912796617
0.306102395 0.258730114
0.367680877 -0.287584066
0.31851387 0.397595972
0.905764639 -0.923419297
0.245416388 -0.327610195
0.351116598 -0.92121613
0.415854663 -0.863453507
0.39968881 -0.915202022
0.318329573 0.988794386
0.912377477 -0.962879896
0.970992804 0.94225955
0.893966913 0.33340463
0.271891534 0.283055246
-0.986474931 0.973396897
0.976648033 0.909512043
-0.217529595 -0.833208859
-0.98655802 -0.901784778
-0.994788289 0.95341146
1.00961506 0.35766229
-0.356451988 -0.927568316
1.01633561 0.379438937
0.922089994 0.92380321
0.260243952 -0.32673806
-0.942927778 0.910289586
-0.986999512 -0.912826896
-0.388400793 0.293103427
0.890230775 -0.311100632
-0.338627964 -0.910433888
0.34849748 0.905970156
0.385259986 1.07774079
-0.983425379 -0.305940717
-0.955864608 0.867008865
-0.295713186 1.01552713
-0.877591491 0.845192611
-0.946111798 -0.990307927
-0.376135975 0.243739501
1.00461006 1.02604723
0.267282009 0.910073638
-0.306632936 -0.353304356
-0.286248356 0.339965969
-0.254566967 -0.941618383
-0.969954669 0.923737168
-0.982339501 0.246399388
0.920697689 0.248108998
-0.359088987 1.05507243
1.06740034 0.983824968
0.321136683 0.394951254
-0.932138562 -0.344755143
-0.361313969 -0.91237402
0.962663829 0.97589004
-0.923294902 1.02421069
-0.943682551 -0.295963705
-0.241914064 0.325590253
0.940118134 0.338777095
1.014323 -0.38575533
-0.331798166 -0.31880185
-0.359140515 0.934928477
-0.299384326 0.417352974
-1.04270756 0.296032906
0.249875963 1.01311517
0.311575145 -0.861302018
-0.359268039 0.932314754
-0.960115612 -0.997689545
0.352904379 -0.997936428
0.365903556 0.972705662
0.355199337 -0.348083615
0.983766317 -0.316735178
0.271151572 0.3348943
0.930952907 0.952896297
0.272474915 0.238288462
-0.37486577 -0.408804029
0.258958489 0.306182027
-0.223467961 0.311565101
0.274712622 0.916125298
0.957179129 -0.254169494
-0.913672864 0.999378443
0.33536768 0.950612366
-0.35144794 0.304953992
0.957663834 0.351494581
-0.393384516 0.32032603
-1.01029944 0.894053459
0.938117981 1.00380039
0.354593068 -0.970314801
0.367608666 0.892270267
0.985536158 0.912912726
-0.303892195 -1.01976275
-0.29256779 -0.929693758
-0.244737998 -0.292295516
0.903193891 0.226114854
-0.340418428 -0.228592858
-1.0027982 -0.289348871
0.908396006 -0.290025234
-0.349379539 0.813231289
0.334265172 -0.210052192
-0.993857324 0.438727021
0.343864352 -0.275167376
-0.984494925 -0.947244108
-0.888253272 0.908541203
0.366945833 0.271966577
-0.348047882 0.871329129
-0.974605978 -0.358064383
0.943367779 -0.911450922
0.340779632 -0.918126285
0.305787861 -0.914100349
0.98754549 0.426201761
0.892429829 -0.300998658
-1.00234032 0.26886189
-0.273740828 -0.262841761
0.983612061 -0.915749073
-0.938515782 -0.928021908
0.283123761 0.303240031
0.920029759 0.376291066
0.317997068 -0.296930045
0.272530586 -0.240553796
-0.956476808 0.969526529
-0.951127827 -0.368880659
-0.839728296 0.29743588
0.933645964 -0.246665299
-0.349863619 0.29485935
0.922359049 -0.338499069
1.01043439 0.383256376
-1.02609515 -0.949100316
-0.280663639 -0.372823149
-0.926168442 0.258159161
-0.923778772 0.950452328
0.376687765 -0.922416806
0.907645881 -0.928057551
-0.277696967 0.93428725
0.269778907 -1.03399789
0.35814479 -0.891232789
0.322822273 -0.936119854
1.00800741 -0.957935393
0.296840131 0.969299078
0.253875613 -1.02133381
-0.940277755 0.891269743
-0.958971202 -0.319301069
0.297219217 0.285398871
-0.909076691 -0.915406108
-0.923229039 0.936952233
0.927293122 -0.953775585
0.341616154 0.964390397
0.982030094 -0.937447071
-0.241451442 -0.945816696
0.344260365 0.934125364
0.301810682 0.934403718
-1.02136886 -0.924077928
-0.890996158 0.917011976
-1.00648725 0.259610385
0.268104166 0.904892385
-0.320612699 -0.268281519
-0.330938905 -0.970001101
-1.02292299 -0.940473139
0.204187348 0.323227972
-0.925082922 -0.858976007
0.318237871 0.908987224
-0.937031925 1.0053432
-0.814574182 0.905055404
0.937930167 0.347328186
0.337008953 -0.865084112
-0.894405067 -0.893856049
0.378184289 -0.307205856
0.334617943 -0.860941589
0.88057375 -1.00328314
-0.301389635 0.947522581
0.959709942 0.927563608
0.337802947 0.383659363
-0.400697321 0.317704529
0.403525025 -0.9486202
0.932591915 0.985930979
0.30259791 -0.37044543
-0.202019751 0.416551173
-0.832262039 -0.360554308
0.942990661 0.940748155
0.350921035 0.314075142
0.872116387 -0.916147292
0.309010297 0.36146909
-0.331730396 0.302196622
-1.05041611 -0.986017585
0.384991258 -0.890443802
-0.412908107 0.382089108
-0.182727903 -0.311770469
-0.388702691 0.181294158
-0.441966116 0.379090995
-0.313050658 0.40398699
1.0084269 0.237179428
-1.04750025 0.918223917
0.953974485 0.364213258
-0.946168482 -0.912562907
0.906300128 0.313731879
0.31815961 0.856259346
0.309547365 -0.29962188
0.307658017 0.347013444
-0.335352838 0.902930498
-0.351562351 0.950544417
0.965945005 0.310650408
0.35012576 0.963649094
-0.372791678 0.280794263
0.887077391 -0.219817832
0.413900018 -0.38495031
0.928108096 -0.329547226
-0.992803454 0.359296083
0.227795467 0.967230976
-0.893387258 -0.343017519
0.969726324 -0.369824767
-0.360671014 -0.360260546
1.02131438 -0.920507014
-0.260948539 -0.309427947
-1.0299654 -0.995476127
-0.978911459 0.845948756
-0.933960617 -0.924845994
0.97417891 0.946169555
-0.902595282 -0.905412436
-0.429180771 -0.435910046
-1.00615025 0.34706673
-0.928870499 0.280997217
-0.293276131 -0.296748698
-0.914138615 -0.981206536
0.920598209 -0.945433795
1.00269961 0.861213624
-0.322343171 0.3622877
0.970155835 -0.898495853
-0.902531505 0.932476938
0.941190958 0.850764692
-0.283151746 -0.249573395
-0.398140401 0.372871518
-0.279227525 -0.935746193
0.310162425 -0.266806901
0.322083443 -0.997122645
-0.978095531 0.411254555
-1.1035502 0.316720545
0.989342213 -0.173138127
-0.916149139 0.297551692
1.03063619 0.978374064
-0.403561771 -0.329689115
-1.03777456 -0.305807531
-0.309121221 0.908598602
-0.978974044 0.311247796
0.298179805 0.341920972
-0.877066672 -0.928622246
-0.278665185 -0.90221411
0.978305638 -1.00524843
1.00741291 -0.892024696
0.250769526 -0.421780348
0.298083782 -0.966707587
0.981978178 0.958606601
0.279193103 -1.00907302
0.373759657 -1.09458518
0.279757679 0.940841734
-0.249008507 -0.339584738
-1.0530591 -0.915663064
-0.908638656 0.348677427
0.936559737 0.870420337
-0.970742941 -0.931556582
-0.897214532 -0.963259161
-0.897078454 0.284233958
0.286743194 -0.266340733
-0.369847655 0.290215701
0.372237355 -0.90541923
0.335945696 -0.957428515
0.423501641 -0.39887476
-0.91453141 -0.320832938
-0.288355917 0.888809443
-0.942667186 0.272527039
0.263852894 0.850572526
-0.957499146 -0.343622237
0.406767339 0.369907498
0.957520902 0.97718358
-0.367456585 -0.307052881
0.31465745 -0.976178169
-0.28155145 -0.392980754
-0.969249606 0.936303735
0.278850704 -0.302508593
-0.356029689 -0.969983816
-0.291399717 -0.996697783
-0.299908549 -0.904376686
-0.248405054 -0.269224286
1.00503898 0.357854396
0.363077193 0.338943511
-0.401111305 0.327259213
-0.948980927 0.353473574
-0.293159455 0.183207825
0.95980984 -0.305019468
0.346659601 0.990157247
0.287676156 -0.313311279
-0.329647839 -0.997530282
-0.929141223 0.307791293
0.37753135 -0.799804211
0.372685879 0.380050033
-0.900099277 -0.36274147
-0.970889926 -0.906125605
0.4091084 1.038234
-0.257362157 -0.359694541
-0.288703322 0.327452034
0.995779037 0.249323323
-0.966834784 0.941733122
0.26580289 -0.930143118
-0.424123764 0.996839046
-0.900578141 -0.377564043
0.342752755 0.915315449
0.938552141 -0.286484957
0.963662148 1.02070582
0.881170332 -0.908557534
1.02482986 1.01473153
0.396783501 -0.326015353
0.283836037 -0.840374649
0.286463499 -1.0014267
-0.375274211 -0.322169572
-0.310539544 0.334536016
0.221129164 -1.04613912
-0.357712239 -0.415072352
-0.969335973 -0.228037074
-0.912632644 -0.932585895
-0.965277255 0.995188057
-0.234423965 -0.378975868
-0.243405119 0.236911103
-0.915938199 0.225164622
-0.957686901 0.928838015
-0.908256412 0.261318117
-0.904860377 0.959343731
0.418788821 -0.887815714
-0.996685624 -0.935946524
0.98377347 -0.291821778
0.317884505 0.215426356
-0.281278402 -0.389254898
0.936677277 1.05906701
-0.971784651 0.9554407
-0.861290634 -0.344036072
0.897741854 -0.405032158
-0.290429294 1.06292713
0.287208945 0.876459122
1.01821637 0.281659722
-0.95563978 -0.340107858
-0.936393678 0.894589484
0.279185921 -0.927481294
-0.985788167 0.992888033
0.211188599 -0.896136999
-0.87582469 -0.946787179
0.991815448 0.320757329
-1.01235569 -1.05531621
-0.923523486 -0.376405329
0.905384362 -0.373993874
-0.95826292 -0.930811524
-0.26140064 0.259146571
0.378788173 0.35040018
1.02083719 -0.969385803
-0.271704972 -1.02371395
0.919862568 -0.309853375
-0.991163313 -0.253768742
0.360768825 0.356182426
0.307895958 -0.38229835
0.316311151 1.00719428
-0.421042114 -0.345136642
-0.419457793 0.347710729
-0.982679486 0.301533878
0.406956375 0.348194063
0.880186379 -0.384135872
-0.91749692 -0.324276775
-0.219121143 -0.968713164
0.927845657 -0.885147572
0.915390611 0.902194381
0.309125125 0.30027163
-0.876482666 -1.01338863
0.942630947 0.94844985
-0.340425998 0.336374134
0.296268523 -1.03833163
-0.301157206 0.892831922
-0.830259502 -0.280795783
0.921452343 0.978160381
-0.982183754 0.997331083
0.387307584 0.390562207
-0.344210535 -0.945349455
0.290221184 -0.368057638
-0.948152661 1.00871718
0.943388522 -0.270659298
0.276458651 -1.00001359
-0.340286672 -0.999489605
-0.989148676 -0.294595629
1.025383 -0.310599476
-0.339897305 -0.252685308
0.347699076 -0.929847062
0.276623666 -0.307276577
0.281659871 -0.983689368
0.91672194 1.04818428
-0.281529486 -0.318488359
0.949406207 0.938737392
1.00679016 0.325351924
0.422272503 0.934642255
0.367877901 0.932802796
0.303742617 -0.947687387
-0.317438185 0.955009997
0.938650846 -0.332681566
0.869526207 -0.95615977
-0.939126849 0.901431918
0.20439069 -0.963180244
-0.909601271 -0.828823984
0.979529381 0.351783603
-0.949904561 -0.944333851
-0.920396209 -0.906895041
-0.375055522 0.339648277
0.278079838 -0.367744595
-0.94694823 -0.922678888
-0.327058405 -1.00699818
0.232760459 0.424283773
0.369745821 0.944154978
-0.978516638 0.332080245
0.921808183 0.914550185
0.918792188 0.906492949
0.936856747 -0.299733311
-0.380985886 0.343227267
-0.291319847 0.892514467
-0.915427268 0.952417433
0.335179538 0.212718695
-0.947401583 0.326996982
-0.93241322 0.283597648
-0.294248253 -0.318656713
0.342991889 1.01398504
0.362348169 -0.884838343
-0.896654725 0.999330699
-0.860625744 0.322473407
0.966115654 -0.967389584
-1.05882096 1.00971389
-1.03309739 -0.300453812
0.342934161 0.379149914
-0.993535221 1.00935268
-0.281676084 -0.924372792
-0.908973932 -0.99595046
-0.90874964 0.896601617
-0.387813479 -0.275351107
0.935026586 -0.375831276
-0.281307936 -0.283783525
0.931328058 0.863024414
-0.315218925 -0.320718944
0.919309676 -1.01236522
-0.925722539 -0.303352386
0.358301044 -1.0006038
0.915165544 -0.948236704
-0.840701044 0.279027492
-0.318714231 -0.990700424
-0.308620572 -0.968027949
0.311176538 -0.310899436
1.01524353 0.273077071
0.978276134 0.914337814
-0.9591555 -0.94903928
0.251804978 0.268258721
-0.946576715 -1.00011671
0.220157072 -0.929486871
0.962084413 -0.971541166
0.846284091 -0.293127716
0.998976707 -0.337501973
-0.939044476 0.365179837
-0.33171913 -0.24115245
1.05327857 0.343324512
-0.257729441 -0.948628902
-0.985894799 0.919162631
0.936986446 -0.26440382
1.00843155 -0.336883813
0.967960417 0.995221913
-0.322654784 0.937699318
0.23298277 -0.280744016
0.355327338 0.283731878
-0.871064484 -1.05042255
-1.02287614 0.344777316
-0.303298384 0.292609036
-0.302615881 0.431381106
-0.818032622 0.265573502
0.308294147 0.355317563
0.391089499 -0.866234004
-0.879526734 -0.293171197
-0.915539324 0.934160054
-0.97608608 0.409270734
0.351425111 -0.961944282
1.00269306 -0.881528139
-0.883182645 -1.10339332
0.266378969 -0.304698765
0.883476019 0.93895936
-0.873743236 0.282886446
0.335530311 -0.376570404
-1.01702273 -1.00264895
-0.334056646 -0.236656189
-0.966940105 -0.318504184
0.29151389 0.952719033
-0.387648702 0.988361359
0.276422441 0.979654551
0.944476783 0.876543522
-0.298602581 -0.251886547
1.00839293 -0.335195631
0.865799844 -0.89370805
0.294540644 -0.990222752
0.885152161 0.908118546
0.368382096 0.312758356
0.318663538 1.01646531
-0.328638911 -0.330738813
0.935512543 -0.910655499
0.364972979 0.966071427
-0.295893818 -0.412924975
0.928172052 -0.972792208
0.960671782 0.21636188
1.05830014 -0.959262609
-0.374597371 -0.948482692
0.31582889 0.951239705
-0.354873687 -0.988557637
0.932587028 -0.192845091
0.287299693 0.36513117
0.356556386 0.963653982
-0.318836838 0.908444881
0.423357457 -0.405230314
-0.957592666 0.301813275
0.889549196 -0.316679448
0.314144373 -0.943693161
-0.892796338 0.275085598
0.91629076 -0.989040315
1.00839245 0.921935797
0.26784119 0.328398198
-0.321947128 -0.965605021
1.00490761 -0.938399196
-0.34698692 -0.325231642
-0.929016888 0.216575846
-0.272902995 0.364146024
-0.29098773 -0.400746495
0.415912181 0.25965935
0.918037236 -0.9457075
1.01284516 -1.03146553
0.939825773 -0.975356519
-0.291769505 -0.369469494
0.336826891 0.987491488
0.96487242 0.351804554
1.00454807 -0.237044603
-0.952994823 -0.940701008
-0.35231936 0.958803475
1.06546354 -0.340301186
-0.299426794 0.247763127
0.362649083 0.993512094
-1.01442921 -0.300147504
-0.289643466 0.932296634
0.355149746 0.330026329
0.30866614 -0.979948044
-0.957022667 1.00642824
0.930287421 -0.400336742
0.282374144 0.257145882
1.01557004 0.896357715
0.906239271 0.313745409
1.01399553 -0.359186947
0.283621401 0.402958155
-0.229866803 0.289199263
0.894206703 -0.951289654
-0.349081755 -1.00737131
0.934905052 -0.972294509
-0.932747722 -0.985148847
0.972849011 -0.954092145
-0.920895994 -0.410633028
0.191337064 -0.386349618
0.340043366 -0.863137722
-0.824218214 0.270947605
-1.01699805 0.945064127
0.325009972 -0.878315985
-0.347390294 -0.964923918
0.281229228 -0.905922711
-0.291525066 0.973132551
0.981056809 0.932925165
0.87577033 0.976936042
0.274318457 -0.237381309
-0.967235386 -0.924711764
-0.399678618 0.971015871
0.949408293 -0.345409691
-0.860270441 0.337686241
0.930575192 0.315189272
0.972108781 0.895314217
0.928728521 -0.37033841
-0.320471138 0.89899677
0.956539094 -0.29494071
1.08619559 0.9242571
-0.981027901 0.308581442
0.861335933 0.878531635
0.968115866 -0.886375785
-0.904396951 0.880551815
0.898658514 0.386100531
0.225737199 0.963842809
0.902473927 0.279271722
0.912695348 0.999194741
-0.365543664 -0.913873374
1.00134158 -0.962945998
0.858180344 0.973227799
0.304047048 -0.223219946
-0.347467244 0.317631006
0.936298311 -0.929267108
0.912743509 0.956816792
0.850886226 0.929335237
-0.945747852 0.311571956
0.927673995 -0.90128547
-0.936623335 0.957590818
-0.979617357 0.325026512
-0.277929723 0.36606279
-0.370129347 0.931222737
1.07585144 -0.88653934
0.258950025 0.984577835
0.872427821 0.336069584
0.368568331 -0.936699629
0.97907716 0.294149309
-0.962399721 -0.374517471
0.961984158 -0.965207756
-0.983945429 -0.937010407
-0.861587226 -0.351477295
0.324513853 -0.996667445
0.92744422 0.97116828
0.999181271 0.923672438
0.311191559 0.984362483
-0.914397597 0.338671029
-0.326992989 0.288077295
-0.28060165 0.30362314
-0.293769002 -0.276551604
-0.934055507 -0.992830634
-0.986058176 0.34902969
0.309129208 -0.942926824
0.308478385 0.960575759
-0.959023893 -0.264239907
1.0268029 0.925613701
0.279983699 0.841901779
-0.283787221 0.311651796
0.960690916 -0.292717248
1.00305641 -0.356781095
-0.30192256 -0.800256789
-0.904794931 0.952372909
-0.975999296 0.301502079
0.384926379 0.955685079
0.368967772 -0.842064559
-0.33603102 0.933493793
-0.35099116 1.02333045
0.205403239 0.984620214
0.928172469 0.225125566
-0.936387718 -0.454404175
-0.325994402 -0.160782889
-0.431457967 0.282656819
-0.213644072 0.404939979
0.962159395 0.358237237
1.02256215 -0.197309747
0.9842363 -0.972295225
0.967533112 -1.02643144
0.936794579 0.882606387
-0.349910945 0.259304106
-0.323918015 -0.336621225
0.931477785 0.381354749
0.931719601 0.836049974
0.364420533 0.891951621
-0.30848074 -0.890607655
-0.907558978 0.942899585
0.898802519 0.339476764
0.283643186 0.913749576
-0.366460949 0.821299851
-0.373182744 -0.938328147
-0.905319512 0.939037919
0.946344554 -0.943410277
0.2703785 0.322862417
-0.306328833 -0.302800864
-0.88883698 0.317198992
0.266691804 -0.930986226
0.874632835 -0.37026608
0.937674582 0.411108196
-0.319433123 0.371619403
-0.400617719 -0.972385108
0.924937248 -1.00390172
0.355445385 0.371845096
0.958508253 -0.262794167
0.971021771 0.915723264
-0.342219383 0.268443823
0.962777436 0.340322912
0.957423329 -0.423903376
-0.965813398 0.308771342
-0.92980963 -0.341023147
0.434964061 -0.862144649
-1.05709255 -0.364357322
0.910670936 -0.299147695
1.07895553 -0.989069998
0.255675822 -1.08892131
-0.369210035 -0.856142104
-0.310363501 0.248804972
0.894949675 0.893976152
0.347072542 -0.264243811
0.217071757 0.335072339
0.257874966 0.276612967
0.982865393 -0.346427381
-0.340780109 -0.957132101
1.00452757 -0.387139261
-0.327500373 -0.966039956
0.94752568 -0.330203414
-0.42522651 0.988685429
1.02619815 0.365067601
-0.230527863 0.399474382
0.962780178 1.00341523
-0.917910576 0.988384306
0.919324994 0.326751053
-0.877733886 0.922492504
-0.868784189 0.277718991
-0.346328765 -0.939588785
-0.961421013 -0.945437431
-0.893088698 -0.9652372
0.231655881 0.888898194
0.892277658 -0.286073118
0.377798647 0.28463605
-0.903459191 -0.901992917
-0.916462362 -0.961334825
-0.264703125 -0.861583948
0.913318157 -0.30622384
1.00414813 0.341765821
-0.289330125 -0.997447848
0.983274281 0.339580804
-1.02050674 -0.919733703
0.287182331 0.94800061
0.900528252 0.920199752
0.909428716 0.28000471
-0.271995842 0.401446998
0.979314804 0.240536004
-0.314165235 0.3006486
-1.03213763 -0.352381319
-0.296096593 -0.888973594
0.942357183 -0.310887516
-0.348848641 0.914630949
0.285790652 0.865101755
0.900527656 -0.277538449
0.968174815 -0.253827721
-0.986841977 -0.9639588
-0.963378668 0.340333045
0.921159685 -0.928398311
-0.885853708 -0.280002773
-0.923922122 -0.307246298
0.32935518 0.238973945
-0.423881412 0.320875198
-0.346017212 -0.945129454
-0.988964677 -0.32562989
0.322240651 -0.283009171
-0.179502904 -0.893577874
0.310205132 0.370944798
0.974788845 0.999413192
-0.323120445 0.326322019
-0.901267111 -0.917696059
0.336499274 0.92419064
1.00963151 -0.97854203
1.00788379 0.355898142
0.941465497 0.365350246
-0.258254945 -0.954704225
0.187254012 0.902823329
-0.282504678 -0.907464623
-1.02397692 0.292271793
0.348943084 0.324921995
-0.253267854 -1.02711821
0.90594101 -0.305631191
-0.986396134 0.918731153
0.916330636 -0.976508021
0.986992478 -0.265841693
-0.405964702 -0.31319353
-0.964774191 -0.314969391
-0.893234551 -0.288675398
-0.391062289 0.338782996
0.329361588 0.274338484
-0.373749346 -0.343289375
0.974985421 0.936058402
0.877155423 -0.316280186
0.887732744 -0.945001423
0.321414709 -0.41817081
0.33801055 0.347965628
-0.925875187 -0.251404196
-0.303643644 0.21695289
-0.945627391 -0.982090652
0.945801258 0.925232291
1.00522697 0.909610629
-0.297237396 0.948859751
0.995067477 -1.03529119
-1.0193224 0.950695455
0.388998777 -0.316235989
0.22424151 0.878320813
0.300892413 0.210432738
0.37361899 -0.933257043
-0.980635762 -0.363578886
-0.360065877 -0.881852865
0.955965281 0.320477843
0.391586632 0.278259814
-0.251125485 -0.884184897
-0.3930825 -0.315150768
-0.295968026 0.286827534
-0.972926378 0.921980679
-0.383166015 0.908039212
0.905625701 0.93545109
0.250420332 -0.355273932
-0.368124872 0.322784245
0.875295162 -0.917099357
-0.899379849 0.307991534
-0.958064854 0.987555325
-0.910633564 0.901487589
0.346525818 -0.358879805
0.873939872 -0.345626593
0.350703925 0.92994082
0.248680443 0.377563477
0.895875037 0.927929044
-0.939155757 -0.991001546
-0.972995341 0.343453348
-0.343094438 0.184385598
-0.912351191 0.353928715
0.316991538 0.221645802
-0.48452872 0.916501045
0.399520397 -0.344867378
0.432640702 0.264120042
-0.915475905 -1.01449645
0.36404264 0.377083302
0.335127652 -1.08755493
0.270265073 -0.345093131
0.320189416 0.908391118
0.329327971 -0.304902762
0.335267752 0.835670769
0.338830978 -0.931370258
-0.968087137 -0.854679227
0.354516208 -0.916062057
-0.850623846 -0.916116774
0.389177531 -0.944220364
-0.28792426 -0.936674833
0.868404806 -0.918880939
0.851770997 -0.279915094
-0.94440937 0.990575016
-1.08392537 0.254907697
-0.302402824 0.723184407
-0.936136246 0.487847239
-0.851799011 1.10154724
-0.161337659 0.925736427
-0.887079597 -0.755841017
-0.269566327 -1.20118392
1.00180483 0.31274417
-1.02267075 -0.802414656
0.381215781 -0.37333712
-0.128122792 -0.82759732
0.424458891 0.246246919
-0.32782802 0.579684556
0.353108823 -0.161369368
0.431606233 1.01565981
-0.842700779 0.824194968
0.452348292 -0.988083839
0.122853003 0.855095029
-0.841652751 -0.400681674
1.0307343 -0.316161513
-0.934794307 -0.815257609
0.34660247 -0.507427514
0.864963114 1.08127034
0.266406178 0.806400836
-0.339028239 -1.22815108
-0.421154112 -0.8512761
0.252542853 -0.244340256
-0.271076828 -0.998446345
0.31412223 0.284954041
0.781877637 0.865826666
-0.666786075 0.29932946
-1.27775288 0.852553785
0.389410853 0.890488565
-0.394180745 -1.02576673
-0.281859756 0.521180034
0.385916442 -0.281996846
-0.900305927 -1.1223675
-0.92869854 0.295197308
-0.962852418 0.80690217
1.12307036 0.975955486
-0.430532753 0.351709872
-0.790038586 0.399487138
0.255914688 -1.11755979
-0.285092413 1.08215761
1.02733469 1.03965545
0.315221816 0.949348152
-1.06501007 0.533782423
0.27918604 0.849606037
0.328484833 -0.190235838
0.168349266 -0.221212715
-0.300854176 -0.348039091
-1.09176469 -0.319540709
-1.03942955 -0.36704123
-0.906212449 0.295190036
0.821797729 0.990766466
1.06736112 -0.914895833
-0.290278792 -0.144731238
-1.10208416 0.249640107
0.205250427 -0.874614596
0.423316836 -0.958556294
-0.102884881 -0.20768103
0.457361341 -1.03563321
0.160332724 -0.317908466
0.440998524 -0.882611036
0.537695706 -1.09338677
1.13081467 -0.210262015
1.00364006 -0.290953875
0.443888366 -1.0629642
-0.877911985 -0.345344871
0.278756589 -0.48739925
0.874916613 1.01971376
0.108566724 0.311912745
1.03402674 0.785088301
0.173548654 -0.0860201493
-0.863859296 -0.851013064
-0.753258824 -0.865735054
0.362794548 0.815953851
-0.35224244 0.789324641
-0.339367062 -0.841514707
-0.804399788 -0.894542277
-1.08761811 0.35331127
1.15996706 -1.12933862
0.868191898 -0.90198946
-0.377693057 -0.234859586
0.515071392 -0.182721496
0.129504457 0.721816719
-1.02156258 0.215502962
0.407081187 -0.246583074
-0.235002533 -1.09922838
-0.266869545 0.817718446
-0.945849895 -0.183262616
0.852554798 0.26921773
-0.319072038 0.3074871
-0.461065471 -0.413418084
0.944074273 0.989423275
-0.375033081 -1.08279645
0.946727037 0.147466123
1.03631186 -0.281702846
0.736527503 0.322128773
-0.916461706 -0.301293641
0.309639513 -0.243842438
-1.06407762 0.915457249
-0.83452481 -0.304530561
0.8741166 0.0297516193
0.938658237 1.01303542
-0.393594652 0.268784463
-0.649001777 -0.988183916
0.99291569 0.322851002
-0.354817629 -0.902906358
-0.70328182 -0.3622666
-0.349201322 -0.218202382
0.149159908 0.339199483
1.11261392 -0.96065712
-0.382173419 -0.223639831
-1.0302223 -0.461095601
0.899145186 -1.06241608
0.543222785 1.01838803
-0.728965163 -0.535932362
-0.371626437 0.860938907
0.322922736 0.869026899
-0.155978233 -0.315591037
0.900095403 0.0938081592
-0.264190823 -0.685696721
0.954361022 0.20734024
0.564391255 0.954170585
0.509027898 -0.783110678
-0.963340878 -0.149397582
0.853652239 -0.914151073
0.977872729 1.04770207
0.3100757 0.212465018
0.785930574 -0.43197757
0.949367166 0.834430039
-0.827358544 -1.01877964
-0.361093253 -0.956910849
-0.315245748 -0.814697266
-0.410586715 0.429354429
0.954621196 1.00688362
0.968948245 -0.7846784
0.350960433 -0.925394893
0.755349934 -0.316450745
0.869630158 0.965100944
0.782346845 0.409959704
-0.989545822 -0.97685045
-1.09629333 -0.928718328
-0.212124586 0.959779561
-0.409916073 -1.04805851
-0.948763967 -0.371732712
0.587225616 -0.288852096
-0.382279962 -0.313348264
-0.303067058 0.219691515
-0.275142372 1.05084658
-0.253286034 0.534871101
0.94983077 0.945514917
0.3992742 0.871655107
0.909691274 -1.03072965
-0.860404909 1.00672579
0.345580965 -0.757510245
-0.159431085 -0.335139006
-0.834655166 -0.328623384
0.961236417 0.269322395
-0.30515489 -0.950922608
0.234759688 -0.887660086
1.03696036 0.272199303
0.341338784 -0.276121736
-0.515910149 -0.441350341
-0.77679801 -1.146348
0.78015393 0.370494276
0.805750132 0.913358212
0.357381552 -0.930771649
-0.493572354 -0.8672176
0.980535805 0.992405534
-0.941190004 0.694655001
-0.962475061 0.562766373
-0.508852541 0.298618525
-0.944097161 -0.922888756
0.691054821 0.854870856
-0.75166285 -0.320608914
-0.44362995 0.271266997
-1.02982795 -0.210856587
-0.126663387 -1.09467518
1.0718106 0.277493775
-0.392435044 1.00610518
-0.497091919 0.349465221
-0.796925247 0.193529204
0.290340811 0.304055482
-0.391184539 -0.499504715
-0.783540785 -0.378586262
-0.993108392 -0.889757216
-0.175126284 -0.891039968
0.0677760094 0.239039525
0.88212353 -0.820965052
1.12985015 -0.29734391
-0.829972982 0.364106685
0.314187974 -0.364102989
-1.00724268 -0.996182561
-0.181111738 0.937577188
-0.755307198 0.300624281
0.191908538 -0.408710897
-0.510811329 0.337474525
-0.958612978 0.172310993
-0.911448479 -1.16405416
-0.335862696 -0.861548483
0.75743264 0.138551265
-1.02801323 -1.04788971
-0.891496956 0.744662225
0.163723379 -0.751589715
-0.823822916 -1.08786237
-0.331618011 -0.995598316
-0.270553023 0.329513907
-0.314904809 -0.959570289
0.974492192 0.225430652
0.699180961 0.960791886
-1.04808164 -0.345089704
0.919999957 -0.491340041
-0.948712766 0.337467283
0.959394693 0.314777583
1.07157397 -0.225397602
0.827591062 -0.2972956
0.133299619 -1.08928096
0.719157159 0.960456073
-0.438314676 0.240179524
-0.345638603 -0.77175051
-0.922834575 1.21169817
-0.957844675 0.789265752
-0.411446363 0.873105943
-0.861754298 0.121412516
-0.348300129 1.0552783
0.341055959 -0.260394692
-0.422198325 -0.497113973
-0.227679133 -0.936767459
0.905077755 0.332956493
-0.158068523 0.08517728
0.99106735 -1.00437415
-0.939237475 -1.09913743
-0.344488412 -0.445212573
0.929847181 -0.991259038
0.867498577 0.177455857
-0.809937358 -1.08156776
-0.361028671 1.00436854
-0.472556561 0.330968171
0.872849107 0.23687242
-0.197157502 0.417264968
0.973074853 0.0947357714
0.957340956 0.424677491
-1.09483457 0.237089247
-0.866367161 -0.943888843
-0.972198606 -0.368387938
-0.354498088 0.252638847
-0.289301991 1.1635927
-1.01857817 0.439482689
0.211922541 -0.567006111
-0.559324324 0.366541177
0.476654023 -0.950863719
1.03038716 0.303676784
0.55888319 0.808891416
0.604097068 0.864236951
-0.254548013 -1.13915074
0.884694934 -0.233391836
0.922950923 0.132966474
-0.459556073 0.362196058
-0.394095659 -0.275255859
-0.95540154 0.143169835
-1.03811574 0.990945816
-0.32209 -0.203272253
0.277044684 0.278912783
0.307921767 -0.480481476
-1.16214406 0.894333363
-0.233699754 -0.307783335
0.868770242 0.118331082
0.928447425 0.155720904
-0.799808741 -0.238438636
0.125494629 -1.04271555
-0.862885475 -0.369584888
-0.269215763 0.772084117
0.312125683 -1.05737305
0.268953979 0.829184592
0.288650095 -0.933413863
0.258508801 -0.997688472
-0.873557746 0.19593136
-0.368704498 -0.890483797
-0.360332638 0.984776974
0.895617366 -0.615936041
1.13340402 -0.327339113
-0.0901032761 0.258559525
1.05546796 -0.485578269
1.01915836 0.477447122
-0.428274363 0.77756083
-0.253816992 -0.356878817
-0.896553636 -0.251154542
-1.1297977 0.892679453
-0.926604092 -0.860692918
-0.998505116 -0.947557271
0.213537693 0.448735625
-0.328043342 0.954867721
-0.110723354 -0.159395784
-0.818001628 -0.941518605
0.852209866 0.347088158
0.833266079 1.07224822
0.37490356 -0.162389696
0.692680776 -0.395113677
0.39560619 0.759115696
0.70414263 0.373339087
0.962233067 0.474623293
-0.833378315 -0.889042258
-0.979846716 -0.953196704
0.62129724 0.147059128
1.01742947 0.344576567
0.910130858 0.2732054
-1.04905915 -0.93564117
-1.05664241 1.18715858
-0.295752704 0.881466269
-0.740592778 0.998633981
-1.05268478 0.902371287
0.866363764 0.333032817
1.0370543 0.839568555
0.285427749 -0.96434325
0.837702036 -0.947097063
-1.08735931 0.534922123
0.231966138 0.238924295
-0.989730418 0.19554694
-0.840123117 -0.345813662
-0.169968724 0.838611603
-0.355732679 0.235927939
-1.12641442 -1.03924394
-0.949317276 0.31395486
-0.239645123 -1.04414296
-0.353500515 0.326721996
-0.423785239 -0.898631275
0.765044391 -0.331024021
1.02760184 -1.10816061
0.334978402 1.13571382
0.401784033 0.93097502
-0.829289615 -0.903332531
1.13186955 -0.324100077
-0.714040756 1.06401849
0.950606227 -1.03065681
-0.425210536 -0.343160421
0.416722715 0.147490829
-0.266541719 -0.949515522
1.0414989 -0.215919882
-0.393237114 -0.989833832
0.322622985 0.952194393
0.949644804 1.04567003
-0.328628868 1.03868234
0.371483177 0.953885138
-0.341033548 -1.05359399
0.199358702 -1.02847195
-0.499688268 0.994110167
-0.256822258 -0.304243982
-0.599392712 0.397467554
1.33704579 0.381225139
0.401033401 0.353764147
0.880703449 0.186550334
0.255461782 -1.1511488
-0.171748415 1.00666118
-0.417613268 -0.496879429
-1.00251818 -0.296501398
0.808838844 -0.341489464
1.03676271 -0.815704048
-0.20390223 0.119887397
0.36683616 -0.383988172
-0.973727703 -0.316007584
-1.00265539 -0.394631654
-1.10220611 0.87295711
0.85474962 0.977974355
-0.566838443 0.326024115
-0.443693161 0.853716493
0.913261592 1.02356648
-0.177394867 1.01519585
-0.111068368 -0.29764995
1.20622754 -0.432780951
0.304180175 -0.213569939
-1.0084455 0.18659246
-0.375120759 0.299077004
-0.756694019 0.399349332
-0.71596235 -0.365014374
-0.338186026 -0.879558742
0.303872257 0.491892278
1.06283462 1.09899044
-0.429374546 -0.377072543
0.688084126 -1.11010551
-1.09339368 1.09175324
-0.950010777 -0.297124952
0.222133279 -0.293802142
-0.439419985 -0.436405808
-0.937571108 -0.741461575
-0.468954772 0.995096087
-0.77385205 -0.311970115
0.19901441 -0.207309663
0.286410868 0.867885649
0.151462913 -0.37584734
0.445820153 -0.442527264
1.1471324 -0.831683874
-1.02502906 0.462936521
-0.350572377 0.991821408
1.0947082 -0.338231742
-0.148544595 0.91526413
0.425522894 -0.334307432
0.203316927 0.818865716
-1.04334641 0.307767689
-1.06678736 -0.338273287
0.381346256 -0.313641489
-0.947346687 0.400986493
0.188909307 0.761407256
0.463685572 -0.207784146
-1.24076474 -1.23170924
0.371837676 -0.957545996
-1.07786155 0.332308352
-1.01162136 -0.915506482
-0.39620164 -0.24224256
-0.116865806 0.386027515
0.747007787 -0.336891234
0.84160769 -0.968449712
-0.802620053 -0.861734331
-0.366862208 -0.425969303
-0.23618187 -0.109725296
-0.175955504 -0.978904068
-0.988826931 0.278304845
0.330638885 -0.178835556
-0.812246025 -0.881484985
0.290375948 -0.368065
-0.309903741 -0.438755453
-1.02583265 0.94877404
0.392828673 -0.462676644
-0.181914926 1.03138494
-0.947698772 -0.46536392
0.425881296 0.500107944
-0.438684613 -0.900271773
-1.03884792 0.359095961
0.179873303 -0.406589985
1.03465927 -0.347058326
1.12009573 -0.686717689
1.0049268 -0.400463581
0.33438307 -1.03330481
-0.338709235 -1.04946983
-0.306266427 -0.926703632
0.203269601 -0.174667522
-0.363315135 0.308894515
-1.0104624 0.44047609
-0.380454034 -0.625653327
0.816690743 0.959328532
-0.258476734 0.169297904
-0.216991022 0.943888664
0.33340162 0.997053087
-0.628207684 -0.345587164
0.443298489 -0.244910851
0.194334686 -0.342422456
-1.11020017 -0.241328165
0.309713513 0.154944643
0.998274207 -0.990142763
-0.258800715 0.336810768
0.696327269 -0.268977493
-0.861927211 0.998021007
-0.271322817 0.954292476
0.343410522 0.971572936
-0.181657284 -0.40958184
-0.255664021 0.988539875
-0.445749581 0.367562622
0.339446574 0.990458488
-1.1422919 -1.01487124
-0.272385299 0.740937114
0.300825983 0.339935899
-0.90929991 -0.900138497
1.02401173 -0.186061159
0.121398672 -0.994766295
1.03718269 -0.990672827
0.886734962 0.265399545
1.08606589 -0.883758008
0.817073345 -1.15915787
-0.812802196 0.854799211
-0.400134981 0.100350827
-0.231033266 1.08529174
-0.951372564 0.364510894
-0.986897647 -0.469241709
0.150095448 0.147463128
-0.41470778 0.24064523
-1.04621053 0.720396817
0.85569185 0.205265701
-1.04673183 1.0275203
0.377510995 0.323433399
-1.075616 0.391550243
0.278698087 -0.343907595
0.72976321 -0.303611487
0.244234964 -0.490757227
-0.884768069 0.505761445
0.353175819 -0.39146769
-0.514508426 0.179307058
0.217268243 -1.15625501
0.744293153 0.752743125
0.822606981 -0.146473169
1.00143743 0.393446982
-0.155174673 0.379022866
0.176539153 0.974252403
-0.837913871 0.28689453
0.236766025 1.01839554
0.470954597 0.90812242
-1.08946466 -0.968764067
-0.783472657 0.252331793
-0.889441073 -0.241692156
0.977531314 -0.371590376
-0.279435724 -1.08844304
0.961334825 -0.767228723
0.813922226 -0.871517956
0.429432273 -0.934877872
0.247919962 0.253012329
-1.0072062 1.06809342
-0.996197462 1.11539435
0.822616875 0.770944834
-1.22437334 1.08844697
-0.812915802 0.571911395
-0.292068422 -0.972790182
-0.916126609 0.238973469
0.438955337 -0.978838265
0.407306015 0.986921191
-0.357883602 -0.167847753
-0.426091462 0.732210875
-1.01262999 0.875675201
0.517826498 -0.95634377
-0.781546533 -0.979946136
0.320792198 0.87914592
0.944667101 1.01590312
0.357281893 -0.380430371
0.350245625 0.258409798
-0.337382287 0.806269407
0.311083883 1.1214962
0.16924791 -1.13459182
-0.299142569 -0.213362813
0.357380331 -0.339878023
-1.03345811 -0.941582561
-0.460627973 -0.907242835
-0.976120174 0.223827466
1.24134147 -0.372912437
0.829986334 0.403118819
0.920017481 0.995502472
0.726995528 -0.897953689
-0.921541154 -0.243030399
-0.916038394 -0.239110246
-0.358150721 0.122329243
-0.314908743 -0.981916487
0.0965698734 0.448863089
0.440029323 -0.160856634
0.780758023 0.898626506
-0.25217554 -0.914369404
-1.02593565 -0.466482073
1.09112394 -0.0602625869
0.235575736 1.05829906
0.932751656 -0.998935103
1.06379426 -0.125187173
0.813534617 -0.491346925
-0.341782689 0.416127831
-0.974399626 0.982529461
-0.186114579 0.296267182
0.915684819 0.139567643
1.16397691 -0.144804925
-1.07391798 -0.93059355
-0.922846675 -0.241662621
0.202711672 -0.409435362
0.33864522 -0.483730137
-0.468590498 0.897898674
-0.202533513 -0.324534297
0.364078909 1.00949872
-1.13642633 -0.500828147
1.06279778 0.29551056
1.10607266 -1.13551927
0.863994539 0.786896884
0.992217541 0.187065899
0.284132063 -1.11668515
-1.08447814 -0.953728139
-0.895053267 -0.979571223
-0.476932049 1.02341068
0.188801497 -0.941295445
-1.15210259 0.426492751
1.04195988 0.85665226
-0.288483918 -0.259220093
-0.496927202 -0.303272396
-1.19544184 -1.09005845
-0.247912154 -0.509720206
-0.461984158 0.263002664
1.01337922 0.513057947
0.341540664 0.880870581
0.394620836 -1.08728206
0.928713262 -0.160274968
0.426997483 0.968299448
0.660925031 -0.998591363
0.928853631 -0.433281034
0.897165298 0.866381347
-0.946225464 -0.226765782
-0.215174869 0.546918631
-0.847449243 -1.05490112
0.414819092 0.683561981
-0.875739276 -0.792263865
-0.78572315 -0.25690192
0.33947736 0.196797028
1.07391977 -1.04682708
-0.2378259 0.30592221
0.997250676 0.147610441
-0.406456888 0.303274333
0.299095303 -0.790079117
-0.39040038 0.404319674
-0.769021392 0.250972658
0.764017522 -0.28738302
-0.295622289 0.780142546
-0.993877113 -1.10303128
0.976921916 -0.165591434
-0.37678057 1.07889616
-1.05540836 1.03444123
0.297338039 -0.386487722
0.303870142 -0.260184914
0.878969908 -1.01341331
0.806447089 -0.360883653
0.775704503 0.516479492
-0.413372487 -0.901165962
0.89359498 -0.81846118
-0.910065889 -1.03971446
-1.04684067 -0.299106121
0.208603203 1.01753438
0.7405743 -0.86743325
0.868045568 -0.974586248
0.526372075 -0.266043842
-0.817558944 -0.601670027
0.122102425 0.851356745
0.28760168 -0.953860343
-0.301935583 -0.847337961
-0.782420516 -0.776902795
-0.284639031 -1.0353502
-0.908440888 1.02681661
0.277288646 0.859454274
1.09287012 1.09075797
0.785091519 0.372446686
-0.371536404 0.851532459
0.359087229 -0.866963923
-0.43937999 0.33326593
0.233414456 -0.199465171
-0.501631081 0.435510665
0.998942196 0.318582833
-0.318641603 -0.363760084
-0.852926552 0.991118729
-0.351756454 0.2772111
0.788620174 0.347997755
-0.212569088 0.97173214
1.03516865 1.10021412
0.346733391 -0.207401946
1.11904263 1.11780953
-1.14277482 0.336544544
0.152955651 -0.929378092
0.328875273 0.854041636
0.0809647143 0.515545726
0.895357192 -0.0566331781
1.12262058 -1.0123378
0.103352621 -0.346163005
-0.866008699 -0.577763319
-0.719549775 -0.476962209
-0.977089703 -0.167963728
-0.444899917 1.09274435
0.506968617 -0.689795494
0.25190556 -0.398941278
-0.0542088598 -0.718346953
0.42070052 0.189081445
-0.542244494 -0.351838917
-0.241418988 -0.652851522
0.747957051 0.498611182
-0.834248245 -0.892980099
0.25597921 0.266263366
0.324919105 -0.741643071
0.942441225 0.771193504
0.393959373 -0.255045116
-0.953641891 -1.01178527
0.514433205 -0.334374636
0.289679021 0.352611601
-0.940740049 -1.08842492
0.129378319 -1.16374755
0.37251699 -1.03983593
0.803276837 -0.972682595
-0.310459822 0.962273538
-0.340786576 -0.841348231
0.471611857 -1.19527006
-0.988379002 -0.341180712
0.85010922 -0.328390747
-0.82449019 -1.04602075
-0.529201984 -0.88902092
-0.315928996 0.218973592
0.32401523 0.980875432
-0.173533097 1.17284036
0.739312351 0.746902227
-0.359828502 0.907022834
0.315417111 0.397337675
0.198341176 0.947073877
0.261437327 -0.308151215
0.0650874525 0.558204114
0.29280588 -0.51399231
0.446888268 -1.0883342
0.200268924 -1.07725835
0.744427383 0.281067044
0.00606832793 1.1058228
0.843354225 0.796788216
-0.377890468 -0.359944016
-0.309458673 0.312195927
0.836986721 1.04334378
-0.946879745 0.363111347
0.862671793 0.500449657
-0.17362842 -1.09782648
-0.274846524 0.758090854
-0.33354032 0.311941594
0.367611229 0.187399969
-0.824917138 -0.534034908
-0.184282959 -0.83875829
0.915266573 -0.355509073
0.280123353 -0.935117304
-1.00954032 1.0297761
0.458401114 -0.92021662
-0.324306607 -0.345199287
-0.205913901 -0.205878735
0.375792503 0.450064868
-1.25333619 0.415110111
0.254582644 0.891375124
-0.51539886 -0.978196323
0.805789828 -0.993256211
0.475136399 1.08098221
-0.264809698 1.15244925
-0.291857868 -0.74465704
-0.969230235 0.250205815
-0.896289468 1.06819069
0.990723431 -0.823602498
0.216418669 0.0306932088
-0.446912974 0.342066586
0.957197845 0.276166409
-0.347582847 -0.859717965
-0.345061004 -0.248448983
-0.869953454 0.866622448
0.688701034 0.180399626
-0.274584442 -0.821007133
0.47232306 0.411370039
0.168865964 0.0936454386
0.500232399 0.786460042
-0.914598763 -0.224765733
0.951753259 0.377602696
0.257667929 -0.449814975
-0.764379203 0.843110085
-0.334758818 1.12751484
-1.02233899 -0.848612487
1.01687706 0.2335217
0.466267288 -0.324474603
-0.464572459 0.935191572
0.373140216 0.525179088
0.831480443 -0.292844266
-1.09249401 -0.282707304
-0.911969244 -0.335201412
0.373837143 -0.239986077
0.244531453 0.953174889
-0.172197685 0.810956955
-0.994016349 0.109067447
-0.952778876 -0.583620965
-1.03008699 -0.765714884
0.70090133 -0.942334652
-0.207851619 0.731307983
-0.592945337 0.648024142
0.82817471 0.0755400136
-0.393890381 0.642996371
-0.420253128 0.986364663
-0.267314941 -0.189176843
0.901548147 0.922816873
-0.814451337 -0.552192569
0.895116806 0.44681555
0.185901791 0.908711374
-0.776492774 0.367777258
0.276089191 -0.189837053
-0.543581486 -0.788906157
0.950653255 0.937529802
-0.825577438 0.811148524
-1.09199917 -0.860939324
-0.357099682 -0.474827409
1.08914709 0.173221409
0.371293128 -0.132939592
1.11911464 -0.598791063
-0.231396958 -0.996762514
-0.461683095 1.12522995
0.981766164 -0.367641151
0.653352022 -1.06798148
-0.406521052 -0.323455274
0.309978932 1.06889808
-0.163103268 1.10191214
0.116694979 -0.892325819
0.906720281 0.10801556
0.922177494 0.362764418
-1.08748162 0.967502832
0.567337036 1.12096548
-0.383896261 -0.668767512
0.194626883 0.27663514
-0.380461067 -0.212796167
1.01959383 -0.221847907
-0.19396612 -1.22187698
-1.05340099 0.981892228
-0.13260816 -0.285052478
-0.124361016 -1.15300095
1.0834583 1.02438259
-0.264302135 0.850851715
0.949811518 -0.32962203
-0.254640609 1.09832227
-0.236485973 0.31389308
0.975381672 0.51001054
1.04959619 0.862521172
-0.88001585 -0.265422612
-0.396523505 0.314815581
0.95464015 -0.402782619
-0.13898626 0.219430164
-0.302015126 -0.87949419
-0.426567763 0.486720413
0.456893623 -0.881319761
0.304910898 -0.906365931
-0.428138345 -0.115350187
-0.334369421 -1.04297578
0.4927921 0.139850035
-0.678708911 0.3822909
-0.30180487 0.320875198
0.330202103 -0.00755343819
-0.468580127 0.735457361
1.04934037 1.07136428
-0.96691215 0.21387057
-0.789798558 -0.124507256
0.277413696 0.617290139
1.01229715 -0.502884388
-0.296496689 -0.292649746
1.43589997 0.218816698
-0.0824172869 0.688138485
-1.24975586 0.836004555
-1.10376537 1.07929122
-0.904096961 -0.668544948
-0.372739106 -0.993721545
-1.05122292 -0.73160708
0.548959017 -0.972298145
0.935031295 -0.096770525
-1.00357282 1.05701923
0.604658365 -0.863228202
0.232604682 -0.625035107
-0.0402837284 -0.547177911
1.12621725 -0.241054654
-1.01540017 0.505023837
-0.600331843 0.552903533
0.138723567 -0.145411715
0.665842295 0.795512736
-0.336441696 -0.758035779
-0.138404503 -0.232772782
-0.250055611 -0.671732843
-0.886348188 -0.424157739
-0.0907968804 -0.755862474
-0.48659572 -1.28064311
-0.720907509 -0.931238532
0.538145304 -0.527176797
-0.824383259 0.892758071
-0.88853991 -0.641728878
0.22623162 -0.40381375
-0.645447612 1.24067807
0.259791225 0.440610647
-0.231453449 -0.101875402
1.12978578 -0.468559861
0.800142527 0.453625262
-0.342468917 0.297044009
0.847731233 -0.605196595
-0.191823423 -1.22868562
0.245056003 -0.215884298
-0.914205194 -0.500365198
0.0144702448 -0.267959416
0.425236553 -0.353512228
-1.25816786 -0.475755483
0.482934415 -0.59201932
-0.0537244715 -1.1851933
1.16182482 0.29074946
0.0663298145 0.669347525
-1.03020334 0.0952712074
-0.977030754 0.105316333
-0.20598717 1.1062026
-1.26700044 -0.278803676
0.0784186646 0.0159664638
-0.242787033 -0.826662362
0.759849906 -0.919035435
0.578191519 0.551431656
-1.11536539 -0.0704699531
1.21529043 -0.641217053
0.960141778 0.573467374
-0.805340111 -0.144294128
-0.125838265 -0.00420172745
-0.513268709 -1.53571522
0.699978352 1.0617218
0.0886157751 -0.0141710248
-0.0221577715 -0.0507202111
0.859979272 -0.779981017
-0.293503791 -0.566753089
-0.690929294 0.396129549
0.504629016 -1.01425385
0.11367964 0.356495798
-0.154404134 -0.343289167
0.843887806 -0.203198791
-0.0677156225 0.205604196
1.21986723 -0.0153543884
0.244553223 1.18677866
1.18313241 0.292420089
0.990472496 -0.845248699
-0.636521518 0.856964767
-1.2292943 -0.384185433
0.504745305 0.700103939
0.602062464 -0.490693301
-1.09369934 0.360703468
-1.33782828 -0.669305861
-0.282392561 1.24014318
0.559878826 0.842762411
-0.869053066 0.00161095499
-0.977335632 -0.154125974
-0.856119156 -0.701497674
-0.800479293 0.34345901
0.10035678 1.01961899
-0.111715369 0.368315756
-1.13163471 -1.23267412
-0.176813081 0.541410863
0.214769468 1.14062238
0.597343683 0.550721824
-0.993513167 -0.697990477
0.181129679 -1.21002388
0.933689117 0.346963435
1.05955696 -0.767476261
-0.221104801 -0.935874283
0.872184753 -0.310477138
0.326854795 -0.299241692
-1.27797043 -0.22850804
-0.90042311 0.9874174
0.670738399 0.583469093
1.41289914 -0.687873185
1.01583934 0.972352147
-0.957161307 -0.583334029
0.187520772 -1.57108557
0.994106174 0.298909217
1.28727102 0.215259448
1.04221714 -0.00768963993
-0.276396066 0.341980368
-0.18320033 0.767547488
1.08395088 -0.192736104
-0.667648733 0.337017477
0.0756350607 0.0347492769
-0.544838548 0.397701472
1.1803571 0.941242635
-0.126896739 0.706864297
0.841948926 0.332140446
-0.0858254135 -0.930401862
1.04633057 -0.848001182
-1.2840482 0.662214339
0.658925653 0.394859433
-1.30018234 -0.825749636
0.645976007 1.00351691
0.479541272 0.0681172088
-0.0269725919 1.14650011
0.083240062 0.508613825
0.197067708 -0.080255717
-0.932019293 1.25752962
1.31163275 -0.210273072
-0.842946649 0.208920613
-1.23329008 -0.241674021
-0.0909634754 0.790248513
-0.738573909 0.367327154
0.987293482 0.233460128
0.238410875 0.649739325
0.540226817 -1.33235085
-0.644475758 -0.635639548
0.239606068 -0.284047216
0.14842771 -0.289114386
-0.87042594 -0.18416515
-0.599178374 -0.272627503
0.908535361 0.161948472
0.976098061 -0.120967917
1.04287457 -0.860514104
-0.342785597 -0.484105229
-1.37619019 -0.103074022
-1.13292515 -0.794802547
0.356433153 0.144653305
0.950242877 -1.08882153
0.646887124 0.251249462
-0.413890183 0.964567006
0.760959864 0.528404772
-0.136014715 0.989429772
0.155857787 -0.587389767
-0.835846126 0.661775351
0.937461913 0.359080195
1.11460376 0.701972067
0.910984218 -0.27641955
-0.436563104 -0.219966814
0.13920936 0.432135254
-0.421711087 0.297253817
0.0515354089 -0.478354335
0.58468914 -1.07422006
-0.266008824 -0.969700277
0.170689151 1.19519866
-0.99232161 1.41516042
-0.716963172 0.707375884
-0.671542823 -0.115292519
0.323924124 -1.17098784
-0.113572605 1.04464054
-1.19525063 1.20513356
0.777158558 -0.817987859
0.726551831 0.298682243
0.438798696 -0.6391325
0.329741746 1.26243722
0.231069818 -0.836967766
-0.466303378 0.0445317253
-0.358700097 0.207816973
1.07411146 -0.746890306
0.00862750039 -0.697297394
-0.943466902 -1.40341568
-0.671461642 0.275600344
-0.929682791 -0.0882369578
0.0724009573 0.389925539
0.568426609 0.337576449
-0.237951696 -1.03792226
0.996228397 0.850280523
-1.08017182 -1.14674485
0.853653491 1.14740777
1.0872215 -0.0808691904
0.560262382 1.51528084
0.928337634 0.86329484
0.57130456 -0.990777194
0.244274899 -0.31869784
-0.572341621 -0.252941638
0.551750243 0.709152222
-0.338659853 0.329672754
0.0282763392 -1.34419286
-0.141412929 0.368973017
0.985135734 0.376440376
0.839247465 1.00710142
1.01632428 0.0727227405
0.564868808 -1.37729216
0.234538093 0.74558574
1.00987947 1.297189
-0.513516963 0.646353364
0.916755438 0.354424715
0.062371064 -0.204404742
-1.01990902 0.715950966
-0.284473419 1.1673522
-0.832971931 -0.609359443
0.355332375 -0.671351194
1.23524153 -1.11400926
0.316719323 -0.799758255
-0.0181608982 0.00481168646
-1.26166785 -0.384131998
-0.890621185 1.22000551
-1.15643585 -0.0390222073
0.58057338 -0.548749208
-1.01494038 0.479584098
-0.688639045 0.0867199376
0.402646363 1.00822771
-1.52513456 0.488646984
0.217256397 -0.353016466
-0.218593642 -0.246532068
-0.926258266 -1.38374829
-1.48863053 -0.775731325
-0.83136791 -0.490648448
1.09794402 -0.950498819
1.16192579 -0.235585853
-0.0835817158 0.629808784
-1.13265514 -0.229578152
-0.441208512 -1.43321431
-1.16267216 -1.02267945
0.272622257 -0.17079629
-0.363442749 1.43671608
-0.283531636 -0.620167136
1.02397633 -0.454962254
-1.24069536 0.641117036
-0.571924388 -0.109600373
-0.187477976 0.384421766
0.585729897 0.115986906
0.996405065 0.0613025166
1.05704427 -1.1707809
-0.954965889 -0.564806759
0.142622784 -1.24811089
0.249159381 0.0520702302
-0.645674467 -0.894301116
0.966973126 0.574504077
-0.786909461 0.885317922
-1.27809858 -0.382255793
-0.121793687 -0.28323099
0.75220418 0.822092175
1.08682919 0.132464632
1.10148525 -0.388929427
0.78092289 0.501478732
-0.758054793 -0.25845322
0.389377385 0.963258266
-0.823306978 0.859528065
-0.938940942 1.24246705
0.898515284 0.587468743
0.281475276 -1.50801337
0.0426099561 -0.136675641
-0.381369472 0.606379747
-0.87017417 0.963410258
0.503900945 0.638164163
0.266514301 0.477787733
-1.27647424 -0.827726662
1.00911224 -0.204023719
0.936668813 -0.311637938
1.03681886 0.88214916
1.02352464 0.0274599325
0.621776819 -0.24275817
-0.748123467 -0.945822656
0.517052293 0.1329678
0.34962067 0.982157707
-0.748462319 0.4540658
0.946860373 -0.689128041
-0.889814734 1.05714905
-1.34429109 0.851931691
0.0554354228 -0.547210693
0.189606681 1.08288872
0.0981869102 1.5105741
-0.233746812 -1.22755647
1.01873517 0.165252581
0.384635359 0.481852829
-0.631026685 0.555024624
-0.67403543 1.11407435
0.161385536 -0.516669333
-0.420400053 -0.57638073
-1.11846924 -0.738433182
-0.987021983 -0.968137145
-0.464568049 -0.838281333
-0.309868246 0.388167322
-1.09700418 0.0142087694
1.2237525 -1.44762623
-0.908064425 0.659707665
-0.204049602 -0.686616778
0.595341623 0.0636969805
0.289389372 0.454992056
0.787146211 0.353233218
-0.768972814 -0.519735932
-0.845446944 -0.372192085
0.165235192 0.440778971
-0.633091509 -0.117359057
0.432399601 0.0825100243
-1.19372249 -0.446802855
-0.14182359 0.807297111
0.462206393 0.859165072
0.834991097 0.230802104
-0.397308022 -0.898136675
0.142129421 -1.10825539
-1.50101137 -0.212097064
0.955987811 -0.00985331926
-1.22200072 -1.08554435
0.945607781 -0.189915076
0.524870872 -0.040683046
0.633175075 0.118282519
-1.32094562 1.06014502
0.0802665949 0.305441886
-0.164701924 -1.04581285
0.011423124 0.739518464
-0.144027457 -0.99252522
-0.148021951 0.585265338
0.725586534 0.355514556
1.12129724 -0.520640075
-0.137658447 -1.05356097
-0.277264982 0.413690269
0.695710957 0.464239031
0.608187199 0.680552185
0.828386843 -1.03676689
0.291555882 1.26588678
-0.167899758 -0.24402225
-0.76295346 -1.31433606
0.778642178 0.286317021
-0.440860361 -0.905618727
-1.16014218 -1.17856658
0.180816457 -0.621171594
-1.06625688 0.407113522
1.01901925 0.263110489
0.134203523 0.78901124
0.757256508 -1.22367823
-0.673421979 -0.901014149
-1.07513833 -0.214319721
-1.13231444 -0.618659079
1.09364796 -0.821809053
0.96685636 -0.501262367
0.842002809 0.538606405
0.404872 0.552281976
-0.613238633 0.855365276
-0.17735897 0.347837359
0.17632927 -0.770061553
-0.9561975 0.0553389043
1.06345618 -1.34965253
-0.910644948 -0.15333195
0.576417267 -1.05972886
0.734675527 1.13002563
0.521763086 0.603059411
-1.09709823 0.0878647938
0.925667644 -0.564787865
-0.60469538 -0.534959853
0.354089379 -0.196532562
-0.000557811349 -0.535216212
-0.435192466 0.468568355
-0.586894751 0.733580947
0.751517892 -0.00549569633
-0.769633293 1.02383912
1.02011847 0.410273105
-0.289738715 1.45587504
0.5131585 -0.334016174
-0.463964164 -1.15884221
0.317436904 -0.238697454
1.16384697 0.244205713
0.466224432 -0.509589553
-0.284707308 -0.436653227
0.930992305 -0.254004896
0.400211066 -0.45045495
0.984497368 -0.857459366
-0.4590137 0.258669913
-1.35877693 -0.737321138
-0.141465709 0.331394792
1.0490067 -0.803111732
0.276351899 -0.976303577
-0.475438029 -0.175189003
-0.780413508 1.00864172
-0.43223235 -0.0017273596
1.08425367 -1.13350248
-1.11056435 -1.2647419
-0.495797634 -0.516376734
-0.63160491 -0.317132533
-0.177850947 -0.649690092
-0.876683176 1.09007633
1.07089639 0.428656906
0.793789506 -0.292368799
-0.156156346 -1.11224127
-0.408135623 -0.755384207
0.471854925 -0.228587911
-0.411631435 0.396665692
-0.665399551 -0.504774928
0.805291057 0.899391294
-0.504725277 0.699807823
-1.15477347 -1.20498049
0.115333535 -0.158300921
0.871853769 0.772824049
1.28669178 -0.313229829
-0.957893729 0.191280276
0.265212446 -0.409494728
-0.319446713 0.607444882
0.746889651 -0.826800168
-1.41615546 -1.09214568
1.07078922 -0.40162155
-0.817744911 -0.237650752
0.19062604 0.37102443
-0.906506836 0.4990246
0.044344876 1.23510337
-1.02224493 0.417827576
0.331496716 0.156556204
1.40256417 -0.378454775
-0.991010845 1.37174177
1.37629199 0.780893922
-0.790722072 -0.100267462
0.672502816 0.981754005
0.720972598 0.419644415
0.508659959 0.429997623
-1.57375371 -0.27688393
1.33075023 -0.520531654
-1.17828679 0.00619218405
-1.1359911 0.792580962
1.1746006 -1.1904186
-0.799255669 -0.514474988
0.202511311 0.456091106
0.803839207 -0.613801181
0.327797085 -0.304646611
-0.173102215 -0.269374043
0.349449217 -0.771595895
-0.0268005487 0.437590599
0.140677854 0.539719164
0.521444499 1.03120732
0.71134001 -0.00443250407
-0.304864496 -0.361149073
0.884375811 -0.131127805
-1.30084693 -1.32697082
0.97474128 -0.335670948
-0.852819681 -0.448071182
0.304453045 -1.21805489
-0.464305907 -0.214066237
-0.669154346 0.300299585
0.725517571 -0.960149288
0.0525094271 -0.0968760476
0.0019487387 -0.231983632
0.470086247 -1.33567166
-1.08018041 -0.680693805
0.907194853 -0.58793658
0.0116433492 0.262676358
0.772136211 -1.4004041
0.377348065 0.871200383
0.13511458 -0.965596199
0.0219181105 1.0726124
-0.4252657 1.21985996
0.20471853 -0.544827402
-0.535690308 0.987529814
0.757278025 0.0995889828
0.845200062 -0.720277965
0.979029596 -0.0317130312
0.75738287 0.586881638
1.17778492 0.0835787356
1.20900607 -0.379760981
-0.942180693 -1.18681836
0.237024948 -0.687598646
0.203720853 -1.11498427
0.747489333 1.00391972
0.588221848 -0.659829438
0.395891815 0.616047382
-0.778777778 0.82526654
0.25113526 -0.365048498
1.17371666 0.206283212
-0.503611624 -0.945810378
-0.541364491 -0.241175041
0.502346933 0.421592623
0.416676611 -0.378321171
0.642719567 -0.377535611
-0.0218961257 0.578900695
-0.955454707 -0.795073211
-0.527050853 0.280961603
1.00757992 0.866134346
-0.370689899 -0.57471782
0.61243099 0.617048919
-1.13861191 -0.459914654
0.904647827 -1.06870675
0.379641265 -0.711108088
0.20095785 0.502669632
-0.0166253988 1.26316261
0.901544511 -0.460088611
0.722017288 0.456378371
-1.14042401 1.02200365
1.39939058 0.99161154
1.59558582 0.470739275
0.341780543 1.23025894
0.0503567606 -0.184677541
0.57853204 1.13602531
1.34822607 0.677478731
-0.634871781 1.00798857
0.207675025 -0.495802343
-0.958769321 -0.34673503
-0.407411098 -0.118641309
1.35172653 0.256056637
0.319020957 -1.12471104
0.382234335 1.21545804
-1.01982284 -0.70128721
0.66502285 -0.663152039
-1.10697997 0.13161844
-1.01394856 -1.35031903
-0.455710322 1.24861205
0.314052016 -0.388354033
0.611685872 -0.347247779
-0.699808002 0.586311698
-1.295367 -1.01985776
-0.945980966 0.82119894
-0.199350372 -0.375976413
1.29561198 -0.697604597
-0.183894858 -0.429200441
0.167506322 -0.402644217
0.162414581 0.843606174
-0.168194741 0.051268518
0.291874498 0.334996045
-0.498188257 0.00934771448
-0.138509855 -0.851348341
-0.536422074 1.12807631
0.930547357 0.903598487
0.748314917 -1.10349751
0.269770533 0.666985333
-0.195300311 -0.10674791
-0.555148065 1.25357556
-1.01962638 0.574208319
0.870444298 -0.822026014
-0.784997702 0.256833792
1.10330677 0.507379353
-1.13119996 -0.853271067
0.717264354 0.589989126
-0.346272439 -0.878372431
0.761548638 -0.308185667
-0.302697003 -0.197713569
-0.525591433 -0.711236298
0.541707575 -0.0585216954
-0.599387586 0.440030873
0.286253542 -0.356249511
1.21740377 -0.96395731
-0.830847502 0.820882261
-0.472744226 0.00437203608
-0.149499923 0.474708349
-1.12430716 1.04859877
-0.958806455 -0.208851829
0.350162625 -0.807540059
1.19927728 -0.900863826
-0.288368464 0.132846102
-0.36022988 0.849360406
0.876698136 0.352861851
-1.1062156 1.36485863
-0.248656347 1.12303591
-1.79000485 1.05146587
-0.315575093 0.336392134
-1.54554772 0.976502776
-0.435843706 0.30819115
-0.420697302 -0.555517793
-0.986271203 0.272038966
-0.693881929 -0.628127813
-1.04980731 -0.267112404
-0.990889132 -0.492099762
1.26196742 -1.16878843
0.808377266 1.45515847
1.03114283 -0.232877538
0.588839591 -0.783638179
-0.549587369 1.21904302
-0.905559242 0.943983197
-0.214200869 -0.772417426
-0.576682091 -0.105502501
-0.921479881 -0.743729532
-0.843263328 0.870298207
1.05750048 -0.122061349
0.145275444 -0.0722288713
-0.87293154 0.324016035
-0.994490087 0.623335421
0.0748347118 -0.947962582
0.551009655 -1.16485941
-0.955775976 0.582889855
0.259762645 0.984063447
-0.313868612 -0.404156506
-0.318079352 -0.12114305
0.346950144 -0.744823456
-0.744074106 0.357404262
0.684792817 -0.780803382
0.212581143 1.07213736
-1.1173259 0.17995052
0.46320051 1.1367203
0.969799936 0.609685183
-1.03698277 1.4493717
-0.958313704 1.29463971
-0.496215373 -0.445004702
-0.120550945 0.842416763
-0.454344809 0.179185852
1.25723314 -0.045671396
0.074197188 -0.035129033
0.898720443 0.0467603281
-0.11388611 0.871314228
1.15179563 0.0678161383
0.973607957 0.152972311
-0.93887943 -1.09150875
0.649469674 -0.154746488
0.0841718614 0.505520821
-0.323108703 0.18079488
-0.60794735 1.43876517
-0.4595173 0.328937769
-1.15331018 -0.364505947
-0.952392399 -0.786645353
-0.113844343 -0.819812119
-0.309065878 0.362559944
0.290222764 -0.220307827
0.987398744 0.794196606
1.34204197 -0.111685984
-0.95053643 1.14512289
-0.109485321 1.19485664
-0.741541922 0.559005618
0.491955847 0.0917919725
0.867799759 -0.16658172
-1.16566193 0.813494325
0.103741527 -0.936001241
1.38768065 -0.841622651
0.402831256 0.866990447
-1.30422723 -0.592476726
-0.185661837 0.724946678
-0.15943484 -0.559644878
0.338464588 0.222080573
-0.613321543 0.342136592
-0.89777106 -0.341061741
-0.550684273 0.616367221
-0.46263358 1.22000706
-0.8547737 -0.648604035
-0.378031254 -0.0465662181
-0.831617892 -0.140853822
-0.433805168 -0.921753168
-0.262922585 -0.151113078
-0.288734376 -0.930577338
0.97023505 -0.555095196
-0.578157544 0.332972974
-0.0768601447 -1.19299102
1.02041245 -1.2285006
0.548502922 0.492705703
0.891529322 0.657495975
0.75637424 -0.877136469
-0.580438316 0.443449527
-0.553358972 1.15710175
0.316850543 0.376016736
-0.463171929 0.881247222
0.852405727 1.15328884
-0.676694751 -0.572385311
-0.69235611 -1.04967642
-0.0588532314 -0.665386438
1.10285079 -0.633943915
-0.39880994 0.558306575
-0.38608861 -0.918405414
0.750504196 -0.667438149
-0.261447936 0.895552993
-0.705403566 1.03600657
-0.905453861 -0.127096578
0.203581348 -0.898295283
0.4654001 1.11207771
0.361800373 1.18981934
1.06034267 -0.135995418
-0.508110344 -0.719669342
-0.90847528 0.850901484
-1.15867591 0.937367737
0.558191836 -0.502842009
0.865997553 1.05100465
0.305006593 0.525534391
0.496481746 1.15685749
-0.456295133 0.254032254
0.729327619 -0.100789189
1.13025546 0.545033276
0.495244235 -0.065247871
0.417551339 -0.165856212
0.729308248 -0.0400965139
1.47645116 0.344144821
-0.58944118 0.759873211
0.913022161 -0.933717608
0.864475369 0.452903628
-0.248313025 -0.864927888
0.610292137 0.419416785
-1.31820822 -0.725596547
0.394595593 -0.470628619
0.780997634 1.34883368
0.550413728 -0.756950736
-0.546247065 -0.860393345
-0.151940361 -0.0126357423
0.736447036 -0.293253958
0.313705951 -0.0535481609
-0.891365111 1.04333603
1.09046137 0.830750108
-1.13005769 0.388305485
-0.345227927 -0.803282082
0.33668974 0.730692506
-1.36122131 -0.551857114
-1.22212362 -0.599856019
0.507801712 -1.07559597
0.799318016 -0.209770441
0.891593218 -0.118868157
-0.983829498 0.616841376
0.59439826 -0.490591556
0.303422242 -0.413013935
-0.510118067 -0.318050086
1.19818914 0.779264927
0.0760965571 1.1677202
1.29587138 -0.086743556
0.606424212 0.8513726
0.511619091 -0.219178751
-0.298801392 0.887889385
-0.292898357 0.0697215945
-0.662764549 -0.958931744
0.233307257 -0.598900616
0.0283776056 -0.881257355
0.29997763 0.602595568
-0.587705433 1.17377257
-1.13223445 -0.720693409
-0.0209205616 -0.972110271
0.753630877 -1.00816095
0.451069981 -1.41397595
1.09651792 -0.850184619
-1.01927042 0.460183293
0.56669414 0.623544395
0.692390859 -0.812036157
1.05817842 -0.312793881
-0.675534308 0.758896649
-1.27798688 0.443670392
-0.706806183 1.74664736
-0.530498981 -0.956695676
0.587681353 -0.731696546
-0.543703973 1.16766274
0.763573468 0.726635158
0.158563137 -0.583691776
0.67468679 -0.410884112
1.41808248 0.686189234
1.02100205 0.357192069
-0.73765099 0.311527729
0.0174426194 -0.129116625
0.808615446 1.01444578
-0.359783351 0.0994251072
-1.23752749 -0.0483215526
0.897116005 -0.258385628
-0.662138999 0.306423336
-0.75503993 -0.295915544
-0.992703319 -0.405288279
-0.60814327 0.696167886
1.00634587 -0.283421576
1.1133039 -0.436451465
0.647368431 0.597171485
-0.951152623 0.979640603
0.860492766 0.882550359
1.032148 0.976623118
-0.541419208 0.709481835
0.0146466568 0.529197276
-0.930882514 0.303159684
1.38809788 1.3751533
-0.739372432 -0.0806390792
-0.104188427 -0.0796775147
-0.926968634 0.784640014
-0.0681347996 0.119020559
-0.351047665 0.334116638
0.405687839 0.0174350571
0.532298863 -0.884280026
-0.632383823 0.148858666
-0.211991534 -0.943648756
0.764594078 -0.4510113
-0.944948554 0.0959310904
1.26725674 -0.308119237
-0.0537303947 -0.442807853
-1.32670009 0.487184435
-0.888823509 -0.209832713
1.0693022 0.932838321
0.786738634 0.030631233
-0.591627836 -0.233261809
-0.871311426 -0.878063083
0.568478107 0.986023426
-0.3514961 -0.180732056
-0.184677154 -0.349033386
-1.07734191 0.564245522
-1.12024009 -0.585066319
0.653035223 -0.272821039
0.920170546 -1.07104182
-0.195164055 -0.417214155
-0.778484404 -0.825962007
0.887100518 1.09046221
-0.183754951 0.165754393
1.15854156 -0.505876482
-0.656337619 -1.04767489
-0.865532994 -0.876644909
1.34101582 -1.01724958
-0.564436257 0.591543555
-1.27099776 1.31352115
0.737576723 1.13969195
-1.0351609 0.610844731
-0.448275179 0.815578222
-1.11268699 0.757198811
0.872867763 -0.0865100846
-0.203817472 0.623663306
0.961223304 0.0761317089
1.37935722 0.0742362961
-0.281542927 -0.554962337
0.0349374376 1.06834269
-1.30541086 0.193830177
-0.512095511 -0.615674496
