0.00851782877 0.0105456561
0.00332784536 0.0181462429
-0.000901811407 0.00367214112
-0.0356748477 -0.00733809965
0.00660474366 0.0078405356
-0.0327755138 0.0064136344
0.0139105143 0.0134086804
0.0094206566 -0.0105993226
0.0126912389 0.00903184339
0.0130769182 -0.03016291
0.00442439644 0.0139976684
-0.00822696835 -0.000777615467
-0.00499839429 0.0183635708
0.0231442787 0.00479421206
-0.0092364978 0.0157924984
-0.0039102002 0.0215907209
-0.0107991956 -0.0181976464
-0.00753447553 -0.020640539
-0.00501544867 0.0133358035
0.00377702317 0.00745433476
-0.00419257721 -0.0135609433
-0.00521659944 -0.00955116376
-0.00922440737 -0.0101963794
0.00112647621 0.00897143316
-0.020156581 -0.0185588636
0.00147041748 -0.0217215084
0.0203906037 -0.00662903348
-0.0113477269 -0.0140562672
-0.000966702704 0.00778051279
0.0431342535 0.00747412955
-0.0146507267 -0.0174451862
-0.0252937451 0.0083308313
-0.00699467491 0.0106536662
0.0279621445 -0.00296794297
0.0318313725 -0.0113075292
-0.0177616645 -0.0227228384
0.00858151726 0.00463190349
-0.000837526342 0.0199662726
-0.00981423538 0.0159857105
-0.0302040968 0.00447617192
0.0136577459 0.0434681885
-0.0122989472 -0.0191913862
0.00397198834 0.0123588787
0.00181164779 -0.0103956312
0.0283891279 0.00824496429
0.0186265782 -0.00893070083
-0.017480813 -0.00592386397
-0.00465892581 0.0106065804
0.0171341524 -0.0193890762
-0.0199520737 -0.0100950841
-0.00500881532 -0.0169626176
0.00325692934 0.00404719077
-0.0252836011 0.00557282288
-0.0196233373 0.00863320287
-0.0245662779 -0.0260208417
0.0059399358 -0.0223625638
-0.00888660271 0.00321434555
0.0140914032 0.00343726273
0.00281520793 -0.0148507971
0.00861318037 0.00298568443
-0.00157893158 0.00389326084
0.0120891137 -0.006403015
-0.00499750674 0.0446298867
-0.014054371 -0.0143623194
0.0168639235 0.0178130772
0.014992103 0.00180050521
0.0346682444 0.00423592748
-0.00100553315 -0.0144546861
-0.00836871285 -0.00705893431
-0.0218371004 -0.00614080159
-0.0585707873 -0.0123713482
-0.0207532234 0.00609975029
0.0064820894 0.0117642451
-0.0137488097 0.000674166775
-0.0407532044 0.007015015
0.00967107527 -0.00288940896
-0.00797281507 -0.0125716822
-0.00448781997 -0.0115535511
-0.00527242664 -0.014585698
-0.00133934489 -0.00765239028
0.00785710849 -0.00525295315
-0.0271017514 0.00265911198
-0.00286693289 -0.00641254522
-0.00946945418 0.0156401489
0.0161209442 0.0142398328
-0.0156430155 -0.00366041833
0.0270412844 -0.0159646291
0.00927567296 0.00129720662
0.0245253425 0.00584545033
-0.0119268848 0.00926382933
0.0110742226 0.0127147017
0.00468044169 0.00842546765
-0.0237150975 0.00449526496
-0.00532168662 0.0111525171
-0.0101087019 0.0266894381
-0.0149938753 0.000150376058
-0.0111105349 -0.00674398849
-0.0253801756 0.025543496
-0.00843090471 0.00981496088
0.0066279918 -0.0118396431
-0.011988963 -0.000751228305
-0.0229849424 -0.010169087
0.0132701714 0.023446694
-0.00403316133 -0.013548404
0.00150763046 -0.0084313117
-0.00157496321 -0.0158742741
-0.00509509072 -0.0251586419
0.00751271099 0.013873294
-0.00347028486 -0.0357055143
-0.000757704256 0.00894699432
-0.0212023705 -0.00918700453
-0.0273847636 0.0140000554
-0.00559419347 -0.00332861603
0.0262696985 0.0245868303
-0.000408626482 0.0229146946
0.0259257946 0.0291595142
0.0054006679 0.0113880234
0.00545273256 0.0110749891
-0.010616174 0.0105638653
0.00424540928 -0.0312360134
0.0226430725 0.0353034101
0.0181763228 0.00182843697
-0.0091624856 -0.0038927095
-0.00797590986 0.00433636317
0.0188487303 0.0129092541
-0.00801084843 -5.6896024e-05
0.0158340037 -0.00964258891
-0.0127133988 -0.00930299051
0.00649148738 0.0208213851
0.0227907039 0.00628758268
0.0135385562 -0.00321758632
0.00568905007 -0.0116680814
0.00462071877 -0.0148726404
-7.61531337e-05 -0.00754905585
-0.00121297047 0.00514079677
0.0179377887 0.00276872492
0.0212671254 -0.0193016473
0.00864322018 -0.0134032061
-0.0140180718 -0.0330415703
-0.00771328341 -0.00244214712
0.00280639646 0.0106082838
-0.000231688406 0.00593037391
-0.0248378813 0.0209474415
0.0112958457 -0.00515199918
0.0346147642 0.0337612741
-0.0154357664 -0.0208549108
0.000352422154 0.00356351282
0.0256914683 -0.00187717215
-0.00656614592 0.00018149025
-0.00786737446 0.00802248158
0.00473402347 -0.0111632328
0.0142391883 -0.0285831783
-0.00345934788 -0.015806241
0.0165251028 -0.00615968881
-0.0261920244 -0.0191791672
0.00517699309 0.0264827181
0.00690715713 -0.0057994551
1.10489179e-06 -0.0127826463
0.00382229267 0.0114858467
-9.01084495e-05 0.00425769668
0.0213273764 -0.00227637426
-0.0052793948 -0.00984078459
-0.00196698657 0.00653463649
-0.0218159594 8.58223866e-05
-0.0190728493 0.00685922382
-0.005091561 0.00635211915
-0.019783346 -0.0226480998
-0.0152130574 0.00909108762
-0.0144650014 -0.0305620227
-0.00221146643 -0.0263962392
0.0074694315 -0.026553005
0.0158831812 -0.00484053046
-0.0353437997 0.0223490167
-0.00258916989 -0.00262595015
0.0130942697 0.00250707148
0.02194307 -0.000895960489
0.0170591027 0.0232593082
-0.0150462864 -0.0342898108
-0.0086904401 0.00269392179
0.00644890079 0.0109778754
0.00907338969 0.0255560894
0.00424960162 0.000892766926
0.00499820057 -0.00354484445
0.00498121278 -0.00513826543
-0.00557030272 -0.0285193846
0.00354737858 -0.00432360172
0.0120966267 0.00319108996
-0.00661267666 0.0053592613
0.0149512077 0.0153127061
-0.0374939404 -0.0316128992
-0.000992144109 -0.0175781585
0.0242446009 0.0111707039
0.0179826897 -0.0172925461
0.0149285691 0.0329112075
0.00774956308 -0.0223943237
-0.0168980993 -0.00749668665
-0.00441629952 -0.0149846645
0.0203450732 0.0153790331
-0.0245744344 -0.0183828473
-0.0149648963 -0.000665663159
-0.0606139824 -0.0484974571
-0.0371416584 -0.00491136592
-0.0165112801 -0.0437770896
0.0321687907 0.0104964711
-0.0361266695 0.0671395883
-0.0021800315 -0.074769102
0.0636822879 -0.0231604949
0.0400920771 0.00182485173
0.0519641116 -0.0686493888
-0.0424210243 0.0137514938
-0.0339297652 -0.0307386704
0.0345342495 -0.00186362956
0.035539493 -0.0260486435
-0.0139034279 0.0629777908
0.0477457084 0.0475781336
-0.0230320599 -0.0211169682
-0.00870405696 0.021260703
-0.0324887894 0.0404686369
0.014831244 0.019481618
0.0121617382 -0.0137593988
0.0109214392 -0.0227505267
0.0134310722 0.0908653587
0.00643998664 0.0389958285
-0.00181513338 0.0315423273
-0.0203327741 0.0119616445
0.00715166237 0.0240827706
0.0709163547 0.00435154419
-0.0700676739 0.050843548
0.00890329108 0.0311791562
-0.00880304165 -0.00436361227
0.048069261 0.0339102522
0.0106426906 -0.0196511801
-0.00301690307 -0.0219884347
0.0262799021 0.032582324
-0.0648796558 -0.00635993993
-0.087883316 0.00937012304
0.0172752179 -0.0274349917
0.0119320704 -0.0302725155
0.00335605536 0.0357734896
-0.0197714884 0.0289929863
-0.00252448954 -0.00631744601
0.0272235889 0.0456579551
0.0218559988 -0.0181034561
0.011109693 -0.0199486148
-0.00627138698 -0.0494516753
0.0347689204 0.0349598862
0.0410444327 0.0160825383
0.0193703733 -0.0484050401
-0.0252407435 -0.0182551239
0.00819073897 0.0362620093
0.02139741 0.0147492476
-0.00293733575 -0.0112127876
0.036880888 0.0615216866
-0.0443504266 0.014146219
-0.0214058664 -0.0340967067
0.026285015 0.00953190215
-0.0154636502 -0.0586837195
-0.0291453935 -0.0033239387
0.0675157383 -0.061625395
0.00856092293 -0.0273276623
-0.0393385068 -0.0524814874
-0.0184288528 -0.0127715869
-0.0332903527 0.0261581894
-0.0644021481 0.034407597
0.021864567 -0.00254605804
0.00657644263 0.0318193808
-0.0130072683 -0.0319647491
-0.0517971739 -0.0396446437
-0.00127165974 -0.0247203112
-0.037794888 -0.026441209
0.00600674562 0.0167065505
0.0866213813 0.026995251
-0.0420119464 0.0184060913
0.00094564812 -0.0457319394
-0.0369726084 0.0451977402
0.0202456117 -0.051885739
-0.068807058 -0.035788741
-0.0404771157 -0.00327498978
-0.0355612226 0.11229714
0.012315576 0.0139270304
0.0334857777 0.00759040052
-0.0360395648 -0.0147349685
0.0331412889 0.0630869195
-0.0520674065 0.0521012321
0.0485060178 0.0554737039
-0.0138973817 0.0207949132
-0.032235954 0.0507368296
-0.00954765826 -0.0135651613
0.0130637744 -0.0298483502
-0.000205471777 -0.0280550122
-0.0396512337 -0.0158124026
-0.0238033272 -0.0599379539
0.0355587751 -0.0278103612
-0.0434098691 -0.0213895869
-0.0513725169 -0.0188899785
-0.00243470864 0.0334928147
0.0343130194 0.000985086081
0.0172515716 -0.0447092392
0.0406405851 -0.0164534282
0.0748936012 0.024832055
-0.0531114526 0.0449111313
-0.0180831458 0.00659456663
-0.0255888104 -0.0327939056
-0.0482807197 0.00264130789
-0.0211929381 0.00541504845
-0.0147581073 0.0151338615
-0.0137707461 -0.0113331238
0.00751682743 0.0343115367
0.00490429485 0.00865324587
0.0552418157 0.0123228943
0.0127553828 0.0161860175
0.0302260928 0.00356482714
0.0156370141 -0.0558551066
-0.0511785522 -0.0324446298
-0.00821116474 0.000534355873
-0.0187176578 0.00923610572
0.000839116983 0.0572690219
0.00546129793 -0.0146529851
0.0306842048 -0.0435473137
0.0193297211 0.0144644277
-4.5284447e-05 -0.0291504785
-0.00944703352 0.00992304832
-0.00126607844 -0.0378570333
-0.0183744561 0.0150976181
-0.00936984364 -0.0476737022
0.00944051798 -0.0236975625
0.00245541031 0.064661026
-0.01502195 0.0415901877
-0.0345462859 -0.037365552
-0.0179554857 -0.00189290545
0.000410138309 -0.0479260236
0.050565999 0.0449286886
-0.0485078953 0.0803964511
-0.0343063436 -0.0659367889
0.0737808421 0.0101298941
0.0397717431 0.0230800435
0.0678785592 -0.064250119
-0.00169916777 -0.0148246782
-0.0694383457 -0.0359780192
0.0154191582 -0.011335209
0.0505747348 -0.0384179205
0.00489019183 0.0456750765
0.0268599465 0.0555226542
-0.00116705021 0.00435240986
0.0119071621 0.0128853265
-0.016356606 0.0567314886
0.00958264805 0.0421575494
-0.0371269435 0.0152369663
0.000381163933 -0.0401065573
-0.0334585086 0.0711579099
-0.0157631878 0.0261391979
-0.0176651105 0.0483752973
-0.0522320345 0.0416706204
0.00307830772 0.0547955558
0.0667533949 -0.0134878252
-0.0660438314 0.025933031
-0.0164839681 0.0096412655
0.0147357015 -0.0113422899
0.0459720716 0.0365469158
0.0206161793 -0.0250395704
-2.86669383e-05 -0.0308646038
0.00702820858 0.0111658266
-0.0588307455 -0.00146725157
-0.111941412 0.0278385002
-0.0135859242 -0.00562134339
0.0295657311 -0.036082577
0.0304704662 0.0103569506
0.00593386171 0.00507953763
-0.00172410998 0.0448539555
0.0157536399 0.0469348915
-0.00252914638 -0.00453977752
0.0316526443 -0.0282282755
-0.017038241 -0.0189360175
0.0140872896 0.0320896134
0.00906289835 -0.0240630601
0.00786064658 -0.0170759782
-0.0197144244 -0.0408774726
0.0297791436 0.0379857197
-0.0286469478 -0.0138137694
-0.00106013101 -0.0137785403
0.0116985831 0.0472749695
-0.0525905378 -0.0251044035
-0.00458143698 -0.00651672902
-0.00120719848 0.00790336728
-0.0328229181 -0.0477093607
-0.0164375547 0.000372877257
0.0760333538 -0.0396362059
0.0271921363 -0.0107159913
-0.0167513229 -0.0431003161
-0.0333710574 0.000547175703
-0.02905472 0.046401348
-0.103848025 0.0143263508
0.00976929255 0.00359591586
0.0298701674 0.0185827482
0.031854935 -0.0228690412
-0.0357094146 -0.0747469142
-0.00990998 -0.00203103898
-0.0483770818 -0.0138896136
0.0175867137 -0.00588661339
0.0266364124 0.041563794
-0.0620819256 0.038226556
0.0385037027 -0.0559904464
-0.0732458755 0.0397195742
0.0238108728 -0.0373553447
-0.0337761752 -0.0601339117
-0.0134748742 -0.0177178979
-0.0670919418 0.0857116058
-0.00876564905 0.0114317648
0.0425071269 -0.0282681994
-0.0534610003 -0.0444381796
0.00917851925 0.0267796814
-0.0924488902 0.0465774275
0.023289131 0.0398423001
0.0119411964 0.0212941598
-0.0274340436 0.0421272703
-0.0108411778 -0.0116855009
0.0115377419 -0.032076668
-0.00845102035 -0.0572890788
0.00135281717 0.0520888567
0.00675192336 -0.077429153
-0.000676300726 -0.0147150671
-0.048816774 0.000308142975
-0.0382826477 -0.00357416202
-0.0441739745 0.044146467
0.0160092153 -0.0347242691
0.0109191015 -0.0190896373
0.0313210189 0.0143397106
0.0626695082 0.0192368142
-0.0520746335 0.0608206876
-0.0521507971 0.0596452914
0.0201077983 -0.0394202434
-0.0804696605 -0.00767057063
-0.0415227748 -0.0081985537
-0.0272141881 0.00276163686
-0.0103871673 -0.0117674069
0.00513272081 0.0239032973
0.0153177073 0.0351175293
0.029399775 0.0186295416
0.0219881665 0.0228400528
0.0346352756 0.0207763854
0.0428948589 -0.0217368901
-0.0378749631 -0.0152281076
0.00824617222 0.0645467564
-0.0593585297 0.00814612303
-0.0130633619 0.051637806
0.0270534605 -0.0155892698
0.0372292213 -0.0228765476
0.0354476683 0.0400295146
0.0240251068 -0.0535831191
0.0105192047 -0.0157644022
0.00332635455 -0.0509022996
-0.00679477071 0.014076977
0.0126836076 -0.0143267056
-0.000539276225 0.0145660359
0.00442599924 0.025120968
-0.0211968236 0.0309352819
0.00712824194 -0.0273368172
-0.0129475882 0.0363374837
0.000177318827 -0.0292316508
0.0187752824 -0.0324312299
0.0854915753 0.00628369534
-0.0205573626 -0.0492142588
-0.0935570523 -0.0500695966
0.0670512468 0.0628213212
0.0409726538 -0.0158545151
0.00123649789 -0.088330321
0.0373206176 0.0254274923
-0.0350820273 0.0664648488
0.0317020863 0.00171508291
0.0164430793 -0.0180928428
-0.0341175683 0.0147767793
-0.0264814235 0.0405012518
0.0138120046 -0.0418754667
0.0304277483 0.0180245377
0.0105198659 0.0229952764
-0.045637317 -0.00150351273
-0.0167927705 -0.0192966238
-0.0175678432 0.00011349321
0.0190310888 -0.0389038324
0.0367260985 -0.0786538124
0.0733654127 0.0308359079
-0.000209139092 -0.0029671418
-0.00705897994 -0.000388516433
-0.0179314967 0.0547150522
0.043851126 -0.00197206158
-0.00809221622 0.048249308
0.000184505217 -0.0150230806
0.0130058182 0.0417569913
-0.0106267771 0.0729290619
0.0110753942 0.0272890367
-0.0333485231 0.0875787809
-0.0537939332 -0.0233416241
0.00470318785 -0.0600714162
0.0691617802 0.00220655533
0.0460954867 -0.000511688646
0.00406736555 0.0587157235
0.0472597703 0.0788287595
0.041188173 -0.0663749576
-0.00134782051 -0.0632021427
-0.00593187939 -0.0292185023
-0.0187549219 -0.0462602712
-0.0122224232 0.0106439935
-0.0296671204 -0.00451421179
0.0187166296 -0.0532473065
0.0915785953 -0.00589179201
-0.0315325856 0.0103345495
-0.0503969267 -0.0861409605
0.0437822565 -0.089465037
-0.0310748722 0.0109747695
0.0457926318 0.0386153422
0.0288564246 -0.0111710466
0.0230779294 0.0419505797
0.0577094853 -0.0217215065
-0.0987635404 0.0442856178
0.00972429011 -0.00153331889
0.142813891 -0.0344116502
-0.0206663068 0.0147393588
-0.0888971314 0.0347299203
-0.0491193719 -0.0328114368
0.00844409037 -0.0426031016
0.152366295 -0.0109106023
0.0285758041 0.0127767585
-0.0431052446 0.0472546443
0.0478639454 0.03944901
-0.00573314494 0.0138086006
0.0450291634 0.0607683137
0.035941381 -0.0340019725
0.0356712155 0.0054635345
0.0862793177 0.0599903427
-0.00590292132 0.0138519518
-0.0480237044 -0.038112063
0.0269321762 0.0153295565
0.0917070061 0.0202907305
0.0862500146 -0.0833239332
0.0669512302 -0.010603521
-0.0100763822 0.0125027625
-0.0139564667 -0.0444265641
-0.0448110811 -0.0401473045
-0.0108898031 0.0266996138
-0.0447287858 0.0800206959
-0.0421603657 -0.0658270866
0.0562206507 0.0108174589
-0.0335253403 -0.0035569265
-0.0722620934 -0.0342672467
-0.0885115117 -0.0319834873
-0.0528850891 -0.00402892428
0.0971389264 0.0882324129
0.0130203431 0.0256420076
0.00911013596 0.0327923372
0.00975981634 0.0189446565
-0.0584760457 0.0384350941
0.0107415868 0.053981714
-0.00673817145 -0.0805449188
-0.0140370606 0.0187852047
0.0686392784 0.0793688521
0.0321156047 0.0125825303
0.055776991 -0.0148826595
0.0124595342 -0.00280765048
-0.0127121024 -0.0247578025
0.0215277635 0.0604413897
-0.0613374375 0.101748347
-0.108713724 -0.0415977202
-0.0528135002 0.0345786437
-0.00768626761 -0.0215986446
-0.0214804951 -0.0266469438
-0.0416956432 0.0364966653
-0.0328808874 -0.00686524808
-0.0658411533 -0.0204442646
-0.0153751262 -0.0511560328
-0.0578781553 -0.0789548084
-0.00445472123 -0.0233707242
-0.0565944798 0.112704381
0.0339784883 0.0876496062
0.0386493877 0.0168714337
0.0397915915 0.0471028909
0.0570744202 0.0273136143
-0.0128596369 -0.0193040557
0.0777573884 -0.10117162
-0.0456801429 -0.0412539877
-0.0932351351 -0.0206889547
0.047574427 -0.0119759301
-0.0834739134 0.0746158063
0.0267767049 -0.00694973301
-0.0346631631 0.0103349192
0.00821427815 0.000415264629
0.0678126588 -0.0892775282
-0.0689967647 0.0259805191
0.075984925 0.0748552382
0.093385905 -0.032380078
0.0780466571 1.62789602e-05
-0.0383260548 -0.00926835369
-0.0858481824 -0.047180146
-0.0555410869 0.0130865853
-0.0883982703 0.0333952941
0.00673450949 -0.0433747768
-0.0401134677 -0.0616703331
0.0577792302 0.0187715199
-0.00788063556 -0.0524181426
-0.0435892344 0.0316421799
0.0301413462 0.0700058192
-0.0618156977 -0.0409122854
-0.0425134487 -0.0652998611
-0.0586691499 -0.0412162617
-0.0533560216 -0.0485880002
-0.00815712009 -0.0572487377
-0.00750244083 -0.0052136858
0.0563809201 -0.0186593179
0.0447993875 -0.0506899506
-0.055176653 -0.01277762
0.019051658 -0.0228231121
0.0704699755 -0.0436082147
-0.0951659903 -0.03156735
-0.0782564357 0.0501318946
-0.0141445976 0.0533853732
-0.0158802476 -0.0417634547
0.0459068865 0.00351741305
0.0313886218 0.0615570545
-0.0208645612 0.0343425572
-0.0734039918 0.051561553
-0.00654183468 0.0630435869
-0.00771857379 0.0360041074
0.0156999137 0.0615394525
-0.0304733329 -0.0129522607
-0.00957164541 -0.0095544979
0.0280972738 -0.0141639085
-0.0640856251 -0.0229324065
0.000188936159 0.00246163085
0.0108372262 0.0277426112
-0.000849424745 0.0461145006
0.000951828668 -0.0132860346
-0.0394920073 0.00901847333
0.00624655932 0.0235258453
0.0353933349 -0.104070701
0.022421794 -0.044154875
-0.0558695197 -0.0371111371
0.0404076353 -0.0540500507
0.0188169889 0.00259603024
0.0263832454 0.0371060781
0.0195143707 0.00341991475
-0.0368794575 -0.00781754311
0.0123758316 0.0439216532
-0.00206985208 -0.0251601748
-0.0534733273 -0.00838856865
-0.0275978781 -0.0282497127
0.00479151588 0.0139169134
0.0114065688 -0.0644573942
0.0399857648 -0.0269967597
0.00364439772 0.0167495441
0.0229125861 0.00703441584
-0.0416051149 -0.0523698479
-0.0066009271 -0.0383590385
0.0518549457 0.0348594636
0.0272557624 -0.0512727536
0.0611489713 0.0555540547
0.0139386486 0.0380248353
-0.0195197742 -0.0636295378
0.0304678418 0.0227805171
-0.0585864186 -0.013345209
9.15202036e-05 0.0162951946
-0.00214255974 0.0223551076
0.00388003141 -0.0221025348
0.0345442966 -0.0258720946
-0.00896529574 -0.0127603812
0.0130791804 -0.00019643658
-0.0504221357 -0.00623246375
-0.0406767391 0.0472213291
0.0902340636 0.0101584429
0.032060124 -0.0185081493
-0.0114655728 -0.0461513884
0.070561789 0.044187177
0.0739286467 0.0121967932
0.0349395983 -0.075944595
-0.0343026035 -0.00592993991
-0.0156378821 -0.0255746152
-0.0645307079 -0.0325704403
-0.0325967111 -0.0127315121
0.0097326301 0.0525331497
-0.00532620493 0.00887763873
0.00856791064 -0.0217014849
-0.0250916518 -0.0380585492
-0.0253850538 -0.0596836507
0.0745696202 0.116420954
-0.042818781 -0.0232357401
0.0472143702 -0.032073237
0.038576737 -0.0407551154
0.0111092925 -0.0219249576
0.0275829826 0.0484204032
-0.00334105804 -0.0431524366
-0.0379231013 -0.0294817761
-0.0577047132 -0.0300506242
0.0536987036 -0.026020648
-0.0334965885 0.00668200245
-0.108826742 0.0113992495
0.0794320405 0.0492658131
0.000345337699 0.0701593459
-0.0408970639 0.0826684386
0.0778327063 0.0693962201
-0.0197880808 0.00674928911
-0.0711742342 -0.0140948314
0.0116815343 0.0322465152
-0.00468590157 0.0323605053
-0.0697295591 0.0540485606
-0.0621909313 -0.0396569408
-0.0407267325 -0.0283216797
0.00934757944 0.0471498519
0.00720484089 0.0580394901
0.00595236802 0.0404005349
0.0687052161 -0.0373807773
-0.0590923131 -0.0136911497
-0.0438608788 0.0599798858
-0.0738372728 0.0668298304
-0.080694057 -0.0211155266
-0.00891431887 -0.0223654564
0.00578809762 0.0263390057
0.00629023463 -0.0112900389
0.0137416534 0.0150528913
0.0637513846 0.0186786111
0.0407837033 -0.0449451245
-0.0558451451 -0.0526883118
0.0368707515 0.0882363468
0.0224264432 -0.0136604123
-0.0138354907 -0.11079327
0.0174257904 0.0445678718
-0.00434260117 0.0397751667
0.0169910043 0.00422590598
0.00431886641 -0.0516954958
-0.0283792019 0.00522282114
-0.00712566124 0.0262855664
0.0537714623 -0.0496904291
0.0358207487 0.0354507118
-0.0281859599 -0.012342575
-0.0207454227 0.00193323137
-0.0170416441 -0.00140510185
0.0241429843 0.00204616343
0.017480528 -0.0439304784
0.0770593882 -0.0262473673
0.0512617826 0.0435657091
0.0158983301 -0.0209329017
-0.0145049635 -0.0219264776
-0.00791594852 0.0386349186
0.0371665955 0.0125274556
-0.0172245037 0.0745104328
-0.011258062 -0.0103856083
0.00285754958 0.0606965423
-0.0328397043 0.00568489963
0.0348419808 0.00525321532
-0.0480489321 -0.0657830983
-0.0976292789 -0.0309809111
0.0181851946 0.0515895672
0.0660587102 0.0278231874
0.000203499105 -0.0443989784
0.0328232273 -0.0263037942
-0.0330508165 0.042899482
-0.0339269191 -0.0673649311
-0.0208700038 -0.0248539839
0.0634439141 0.02431456
0.0172496829 0.0715451762
-0.0461392589 0.0317696817
-0.0168223009 -0.0735093877
0.00341173238 -0.0726614892
0.0816685855 -0.0235003773
0.0231162161 0.00279274583
0.0339762717 -0.0155256707
0.0404863022 0.0613001511
-0.0177202094 0.00426867604
0.0871206969 -0.0601389632
-0.0440489799 0.0842363164
-0.0455954559 0.0160519518
-0.0261449162 0.0503493063
-0.00904655736 -0.00562084373
0.041370444 -0.02782562
0.0235750265 0.0393697843
0.0157188531 -0.0274690129
-0.0497503616 -0.0144813918
-0.0514777303 0.0285965297
0.0231721308 -0.00914471131
-0.0120739769 -0.0179773141
-0.0160201788 0.0207780637
0.0255905874 -0.0043158615
0.0457566828 -0.0482236557
-0.0158298835 0.0299990717
0.0205863211 0.0366532467
-0.0283734258 0.011837678
0.0254931096 0.0138126053
0.0199601613 -0.00373776443
-0.000837118481 -0.0644212142
0.103174418 -0.0113874059
-0.106756404 0.0580784902
-0.0123279169 -0.00799949281
0.0655245632 0.0628236383
-0.0354189537 0.0129892826
-0.0113722803 -0.0126745803
-0.0475074165 0.0643445551
-0.0271049831 -0.0389630236
-0.0477714874 -0.0247061271
0.0412653945 -0.0410352647
0.0752459168 0.0130599774
-0.00977090187 0.0278367791
-0.0113488808 0.00153582136
-0.001896856 -0.0422692522
0.00327270757 -0.00756951002
-0.027853556 0.0165070798
-0.0671122298 -0.0457504466
0.0385327674 0.0683424249
0.0104394453 0.0331290402
-0.0128627494 -0.114769936
-0.045966506 -0.0562607199
0.00249122083 -0.0211284515
-0.012974577 -0.0142991813
-0.0203531701 -0.0382218026
0.00829258002 0.0254102573
0.00551269157 -0.0711847767
-0.028003728 0.0248719603
0.045145452 0.155147612
0.0509397238 0.0122487927
0.0174734462 -0.0247033965
0.080882363 0.000722198689
0.0192403924 -0.0594544783
-0.00928318594 -0.000987013336
-0.0266179685 0.0648089126
0.0316593088 0.0339939222
0.10015852 0.0257983245
0.0393360779 -0.0341364443
0.0154409157 -0.00704788882
0.0174141712 0.0568415001
-0.0174057353 0.0214252751
0.0679408833 0.0296264645
-0.00450273696 -0.0279228576
-0.0355161838 -0.0474020019
0.0274555292 0.000787492783
0.0229055099 0.0491166711
0.0871870443 0.0508250631
0.00078053429 0.0119819054
-0.0308661163 0.000853232166
0.0518260002 -0.05812148
-0.0377691165 -0.0351677686
-0.0322023481 -0.100347131
0.000345446577 -0.00991685502
-0.00179645256 0.0419607721
-0.0157624632 0.0399486981
-0.0397180244 -0.011522796
0.00179971161 0.0650458559
0.0130274463 0.019447634
-0.0234110653 -0.0451960415
0.0192089155 -0.0403156094
0.0349099077 -0.0508001596
-0.0467018969 0.0610534325
0.00953610707 0.0681468397
-0.0202519894 -0.0868440643
-0.0766522959 0.000597945182
-0.0352620855 -0.0169131719
-0.0650089085 0.00176903012
-0.0633610114 -0.00764129357
-0.0166000165 -0.0249063503
-0.0103726834 0.105951011
0.00803948287 -0.0241249762
0.0813788921 -0.0826949105
0.0171661284 0.0424635299
-0.019634448 -0.0164717063
0.0371799693 -0.0491379686
0.00293780142 0.027876148
-0.0253047179 0.038152609
-0.0291852467 -0.00660036365
-0.0377304032 0.0329355076
-0.0116148861 -0.0557056069
-0.0241181888 -0.0304627493
0.0161963291 0.0828730762
-0.0839344785 3.33744829e-05
-0.0269133747 -0.0262089372
-0.0415945165 0.0143236527
-0.02553319 0.0515079349
-0.0497789271 -0.0377520397
-0.062757276 -0.0983742774
0.0328446366 -0.0314899758
0.00311939302 0.0179113783
0.0710764378 -0.0258295443
-0.0396376438 -0.00860738195
0.00257135904 -0.00100255397
0.0582593158 0.0245443434
-0.0379774868 0.0595456958
-0.0325573012 -0.0356712043
-0.0861545801 0.00558563275
-0.00534663815 0.0066703367
0.0501493178 -0.0317065418
-0.000353061216 0.0184315071
0.0296825748 0.0158933476
-0.0390725434 0.0453764945
0.0158817992 0.0233615637
0.0478991568 -0.0526960343
0.0309511945 -0.0306694228
0.0374869779 -0.0805246755
-0.0554331392 -0.0146747474
0.0307726748 0.035639409
0.0282380525 0.0177907664
-0.029747583 -0.0519632548
-0.0129823489 -0.131271824
-0.0339932553 -0.0440358892
0.00706095062 -0.00361471833
-0.0528111868 0.000505075499
-0.00174874323 0.023641197
-0.0415655114 0.00629106816
0.0129767954 0.0202799737
0.0595535226 -0.0115526635
-0.015018831 0.00855200924
0.0142943459 0.0159047153
-0.00881383102 -0.0218843278
-0.068559967 0.0800618529
0.0459322222 0.0197289027
0.0339968093 -0.0180235486
0.00489107007 0.0172813348
-0.00590887014 -0.0289821457
0.0276593193 -0.0113527756
-0.00477040373 -0.0150756985
-0.118516557 -0.0686125159
-0.0132741136 -0.0377265811
-0.045994956 0.00363160018
0.0238967557 0.0342766382
0.0410879292 -0.0221172404
-0.0785411075 -0.0290830173
-0.0334158875 0.0306748338
-0.0566726513 0.0265771691
-0.012538312 0.0096383905
0.0786864832 0.0322157517
-0.0152224461 -0.000276738487
0.0234153364 -0.00701020798
-0.0372959599 0.00704134488
0.0195269194 -0.0197161697
0.0605708174 -0.0790847912
0.0163847655 -0.0272430405
0.0726525187 0.0110758767
0.0221208353 0.0675592348
0.0334896892 -0.0245692916
0.0303923562 -0.050523527
-0.0578033701 0.0526667386
-0.0434790887 0.0472767688
-0.0411174335 -0.0274365917
-0.0378219597 -0.105561681
0.0329622328 -0.0673818812
0.0295535047 0.0304758735
0.00819617976 -0.0502411835
0.00223424193 -0.0625920147
0.0388190374 -0.0422681607
0.0467003956 0.0461011566
-0.0387656689 -0.0189562552
-0.0304795932 -0.0773803964
0.0288924836 -0.00945492368
-0.0120844143 -0.0089014126
0.0340022258 -0.00992093142
-0.00738082128 0.00954312738
-0.0814532042 -0.0161287896
0.0128827356 -0.00483983615
-0.00389098679 0.0388672873
-0.0822595209 0.0304092597
-0.0417430736 0.00470414804
0.0644907728 0.0393288322
-0.0078822393 -0.0149738798
0.015963342 -0.036114499
0.0521644019 -0.0848443136
0.0176482778 -0.040291667
0.0586485602 -0.0627198517
-0.0357483402 -0.0939172953
0.0405445099 0.060037639
0.0869054049 -0.0200428721
-0.0981753692 -0.0354841277
-0.0353722945 0.00518673565
-0.00530600082 -0.0720220804
0.0105209891 0.0243116673
0.0184478406 -0.0197828189
0.0348177254 -0.069780089
0.0215464141 0.00239747833
0.0620432533 0.0233086161
-0.0279862955 -0.011063179
-0.0375022665 -0.0580912866
-0.0474237613 -0.0332230963
-0.0879816785 0.00768066058
0.0200549737 -0.0306382813
0.00936724804 0.00903993472
-0.0648610219 0.0999100432
0.0200233031 0.0642120391
0.00949130394 0.0215337221
0.0108307013 -0.0483361334
0.00151112454 -0.0265776515
-0.000938625133 0.0600586273
0.0502728969 0.0126369717
0.0455104709 0.0714931116
-0.0223440733 0.0421152115
0.0138698239 0.0180657655
-0.040409416 0.0909678265
0.0168701801 0.0362445489
0.0601978712 0.0383902527
-0.0119770039 0.0412522554
-0.0241963323 -0.0365007669
-0.0273742191 0.0423020609
-0.0654482916 -0.0119062681
-0.023836121 0.0393472984
0.0596067384 0.15948686
0.0308616813 -0.0456279665
-0.0670023784 -0.0426206477
0.0329700336 0.0132066226
-0.0197376776 -0.0517788529
-0.00650679646 -0.0283691455
-0.00446398044 0.0214964729
-0.0275059622 -0.0611959137
-0.0749572664 -0.0758332983
0.0269850157 0.0649470389
0.0424682572 0.0556446277
0.0159580894 -0.0607193634
0.0208998658 -0.01787173
-0.0178757999 0.0110502979
0.000303752837 -0.0576760471
0.0135838985 -0.0483616777
0.0459403992 0.0177482516
-0.0270027369 0.088935703
-0.0590663739 -0.00608469499
0.00713639427 -0.0652266815
-0.021769518 -0.0512824096
0.0653191879 -0.031455826
0.00719555281 0.0458181798
0.0269626565 0.0234538447
0.061248675 0.103365205
-0.0574107505 0.0395096615
0.0749671832 -0.0287786219
-0.0681594238 0.0175254438
-0.0925629213 0.0054644919
-0.0026884703 0.0283023585
-0.0241350327 0.00403666543
0.0201677885 -0.000837890315
-0.000735934416 0.0592717342
0.0412019603 0.00653226068
-0.0772775859 -0.0156707708
-0.0358034149 0.000649236492
0.0280981064 0.0371124148
0.0123371733 0.029202532
0.0534518808 0.0480173752
-0.0280763078 -0.0514093414
-0.00364115974 0.0459380187
-0.00265059783 0.00515571237
-0.0416052304 0.0532304011
-0.0287307017 0.014012265
0.00631974125 -0.0348120034
0.038017977 0.0192310903
0.00520554231 -0.0323143862
-0.00566383731 0.0826257244
-0.106587663 0.00200791704
0.0331262611 -0.0520907193
0.110951155 0.0419695117
-0.0130397817 -0.0223554987
0.00384280737 -0.062849544
-0.0240019783 -0.0473215319
-0.0555193461 0.0628872141
0.0577374473 -0.0290955529
0.0353400633 0.0632894561
-0.0428493358 0.0112337079
-0.0438076854 -0.0612422526
0.0345072001 0.0683100149
0.0431380309 -0.0147901392
0.0214356575 0.102199636
0.0401375927 0.0519201979
-0.0587535687 -0.0714601278
-0.00306272926 0.105989598
0.0192685239 0.0307964459
0.00619690632 0.0107976506
0.00404492626 0.00957598072
0.00406835042 -0.0629727021
0.000423634803 -0.0115965325
0.0274932608 0.0697111189
0.0309341457 0.0165078286
0.0344040208 0.0213542879
0.00872202311 0.040175952
-0.0138815725 0.00192272104
-0.0419873074 -0.033024583
-0.0357783549 -0.00836327858
-0.00500477711 -0.00438026851
0.0202420205 0.022101583
-0.0631110817 -0.0210551247
-0.0190166235 -0.00548952306
0.00513630547 -0.0322773978
0.0516124666 -0.0197392516
-0.0266726185 0.0463552177
0.00388648082 0.0343846567
0.0710165501 -0.0031443499
0.03979294 -0.0394815169
0.0347879827 -0.0278140958
-0.00528519973 -0.0178304352
0.0220219009 0.00970239379
-0.0658114776 0.0224838443
-0.0502275266 -0.0589836352
0.0501249917 0.0366389267
-0.0469232462 0.0317012928
0.0789403915 -0.0248012524
-0.00216946285 0.0425690114
0.00716491649 0.0899706185
0.0424347855 0.0234343912
-0.0257266909 -0.0320811272
0.0405029617 0.00164343952
0.0740069374 0.0469932258
0.0957108811 -0.0254353322
0.0411298834 -0.00222931849
-0.0230502784 0.100311689
0.031103136 0.0194787048
-0.0199305769 -0.0978321061
0.0737935677 -0.047586184
-0.0193523895 0.020356603
0.0302180685 0.0149574801
0.0352906808 -0.0434153825
-0.0158780776 -0.0351466648
0.0926809385 0.0417632684
0.00183378824 -0.0779931396
-0.0497326888 0.0258672424
-0.0126164993 0.0317893066
-0.00158228702 -0.0498808213
0.0126961283 0.06681896
-0.0589593798 0.078825444
0.034409415 -0.0344341993
0.0534023233 0.0101655219
-0.0777914524 0.0317806676
-0.0167458951 0.0122350184
0.0144954892 -0.012008735
-0.037782684 0.0603913777
-0.0552436449 0.0438101143
-0.0164434947 -0.0424602591
-0.00174550666 -0.0727926716
0.0121823363 -0.0779511705
0.0261434056 -0.0548848286
0.0539698116 -0.0148226153
-0.0168505702 0.0376873352
-0.070869714 0.0549539514
-0.0937045515 -0.0618447214
-0.00567942951 -0.000999159878
0.0434608944 0.0801660717
0.00692808721 0.0420319438
-0.0362132303 0.0488730147
0.0121056298 0.010863414
0.0540213399 -0.00367725175
-0.0469172634 -0.0878072754
0.00471274182 0.0332740396
0.0274010375 0.0815489069
-0.0886136889 -0.0583088472
-0.0711688474 0.0248880386
0.034213569 0.0348367654
0.0360520147 -0.0287987106
-0.0121747497 0.0507794879
-0.0512456447 0.021109106
-0.033232376 0.0384689793
0.0372791812 -0.014516959
0.0610421561 -0.0464777388
-0.036874339 0.0437860303
0.0531486087 -0.0333853997
0.0392339937 -0.043915607
-0.0233714748 0.024852654
-0.0682124719 -0.0149110286
0.0140398946 0.023335712
-0.0204668064 -0.0402403958
0.0135670844 -0.0859232843
0.0353642926 -0.0561179072
-0.0179676134 0.055728659
0.0139509812 0.0885033831
0.00499757845 -0.00505027734
0.0371201597 0.035896413
0.00736186607 0.00131480012
0.0132089108 -0.011943304
-0.00193886855 0.0417335927
0.022657698 -0.0721936151
-0.00199438143 -0.0036178967
0.0130950334 0.005805986
0.0738810003 -0.0194296259
-0.0453645624 -0.0557267368
-0.0257508382 -0.0235313848
-0.00102345017 0.00733114826
-0.0587176643 -0.0260798614
-0.015493325 0.0441143066
-0.0217137188 0.179610804
0.023298718 0.0351421796
0.00961069483 -0.0336240977
-0.0254014451 0.00532544358
-0.0280312747 -0.0538469702
-0.00383967394 -0.122236706
-0.0390127003 -0.0420248769
-0.0812080055 -0.0546136051
-0.00394632947 -0.00272974488
-0.0478746928 -0.0448429957
0.0496242531 -0.063224487
0.0484958701 -0.0850727558
-0.0036253978 -0.0527216345
-0.00723426463 -0.00166269427
-0.0458343327 -0.0666671693
-0.0146577368 -0.0282030702
-0.026817888 -0.0641687363
0.0144121666 -0.0241618622
-0.0578586645 -0.0515018255
0.0276658721 0.0396996029
0.0495765135 0.00720914826
0.030703418 0.0102510154
0.0498242378 0.077518478
0.00566938892 -0.042039223
0.0343978591 0.00129349635
0.012027056 0.0666386485
0.0245322566 -0.0281894021
0.0586167648 -0.00962579809
-0.0265831109 -0.0879314169
-0.0140587008 -0.0417087413
0.0293750539 0.0056654322
0.0475733317 -0.0691167191
0.0485665463 0.0250532255
0.0181430802 0.0701253116
0.0582336001 0.0489610396
-0.0300552696 0.0112528699
-0.0584067181 -0.00814921316
-0.0251181703 -0.0547657162
-0.00187154324 0.0344959274
0.0511605144 -0.0170004349
-0.0816948786 -0.141543284
-0.0701052323 -0.0750078261
0.0712665766 0.0426320359
-0.0153506314 0.0737637207
0.0791564584 -0.0140598323
0.053096123 -0.0299668014
-0.0943493247 0.0132422494
0.0239018053 0.0462845117
0.02830665 0.0216009058
0.0775906593 -0.10727112
0.055000823 0.0213862993
-0.0111767417 0.0149603849
-0.00358605175 -0.0876849666
0.0124279652 0.0393292122
0.0685081482 0.0294477791
-0.0768589303 0.0338891633
0.00118552451 0.0644855276
-0.00481787091 0.0759417042
-0.0321894921 0.0394290052
0.0166685525 -0.0186119843
0.00695651723 -0.0177286975
-0.00505776703 0.0154730519
-0.063793093 0.0865550563
-0.0347509347 0.0674121901
-0.0152810523 0.0342890397
0.0387668088 -0.0467056334
-0.00739052892 -0.027605664
0.0298953261 -0.0355834328
0.0538218692 -0.0651253238
0.0420454293 0.0270188563
0.0965275243 0.0413572825
-0.021330595 0.121488474
0.0150020933 0.0795275792
0.058924675 -0.0941377282
0.0373103693 -0.0481712483
0.045594804 0.00997624826
-0.045083262 -0.0498220697
-0.0670980141 -0.0576728955
0.00425463216 -0.00700476533
-0.0338673703 0.0127258431
-0.0593473502 -0.00830211677
-0.0115911383 -0.0337307267
-0.0186904315 -0.105788924
0.0052354876 -0.00107635092
-0.0346585885 -0.0267808307
0.0240230411 -0.024150217
0.0164898206 0.0371601693
-0.00897615869 0.000707232859
-0.0956510976 0.00163177785
-0.0913092494 0.0167770535
-0.0271527525 -0.0339428484
0.0278296787 -0.0239927992
-0.000797631568 -0.0296093673
0.0533246361 -0.0226328671
0.0680851564 -0.014895306
0.00593830831 -0.0884423703
-0.00459495885 -0.056290485
0.00834030006 0.0156322028
0.021953648 0.0380857587
-0.00539924856 0.0218490474
0.0254325029 -0.0621253066
-0.0291016884 0.0401923023
-0.0616219938 0.0109659247
0.0175888427 0.00913941301
0.0845648646 0.0495211482
-0.0187270474 -0.0313765705
-0.0543525815 0.0312036444
-0.0383012183 0.00626966776
-0.0799689665 0.015060788
0.0443210863 0.00974940788
0.0195872299 -0.0016824269
-0.0311020575 0.0160049144
0.0190726463 -0.0179764349
-0.00228910381 0.0249532182
0.0122732036 -0.0750380531
-0.0039222436 0.029488733
-0.0362218879 0.0532654934
-0.0121925995 0.0488982461
0.0526560061 0.067076847
0.00428014109 -0.0336570814
0.0303223655 0.0645821989
-0.0164810792 0.0505406037
-0.0284728557 0.0438545272
-0.018061772 -0.00640523061
0.038885057 -0.0132988133
-0.014415333 0.0132841766
0.0143342903 -0.02964033
-0.0624239594 0.0668634251
-0.111916363 0.0067228321
0.0496202596 -0.0218152795
0.096537903 0.047067184
0.00851020124 -0.029800836
0.0315952562 -0.0809001774
0.00801591296 -0.0413035937
-0.0105433417 0.010667026
0.0149951149 0.0247508083
0.00562110869 0.0418165922
0.0365415774 -0.00408191606
-0.0194886867 -0.0550334454
0.00209839665 0.0701922998
0.0282107461 -0.0201167278
-0.000601186708 0.0897117779
0.0196371805 0.0763888285
-0.0237141531 -0.084542729
-0.0652119964 0.121291883
-0.024746865 0.0203329977
-0.0145049728 -0.00234299852
-0.00662104087 0.0558951497
0.0205376092 -0.0603582636
0.00990719441 0.0276222583
0.0369783305 0.0125477975
-0.0377347916 0.00934001617
-0.0172228683 -0.0191745088
-0.0231241453 -0.06816452
-0.0290809255 0.00387457968
-0.0507787019 0.0514297597
-0.0979650989 0.032324709
0.0217943098 0.0312715247
0.0505794249 0.021083435
-0.104049928 -0.0537190884
-0.0100789927 -0.0475546941
0.00326180225 -0.0631632283
0.00603242638 -0.0512186028
0.0209124777 0.0822154433
0.0536468886 0.0613008812
0.0743176937 -0.0341996737
0.0178161375 -0.0522595048
0.0362140834 0.0118699623
-0.00638126722 0.0431332029
0.0459635034 -0.0340249836
0.00385573483 0.0285189971
-0.0838680565 0.0778257549
0.0197046306 0.0228365753
-0.00833470561 0.00630400795
-0.00046822484 0.0673820004
-0.0239581279 0.0169558953
0.012103253 -0.0163460802
-0.0133389849 0.056677673
0.033341147 0.00373176415
0.0906337053 0.0709246397
-0.0147911124 0.0794577375
0.0139603773 0.0416373163
-0.0483822785 -0.00961039308
-0.0688649043 -0.0447106101
-0.0142621361 0.0419523604
0.101287507 0.00778289651
0.0398463123 0.043186076
0.00560775725 0.0362639986
0.000186102392 0.0114703942
0.0191629063 0.0194027573
-0.00928668212 -0.0588226281
-0.0204992928 0.0817236155
0.0442132391 -0.0193897132
0.00720360456 -0.00471333135
0.0076684216 0.141421497
0.0310683846 -0.0787263811
0.0138624627 0.0500025935
0.0363542289 0.121875867
0.00140661711 -0.0795559809
0.0441469774 -0.049325265
0.0783817917 -0.0127526047
0.0192517508 -0.019523764
0.0296009518 0.0150023485
-0.0694987774 -0.00188232167
-0.0367111973 0.006264464
-0.0811466128 0.0165312514
-0.0694693103 0.0684969202
-0.022897847 -0.0144610582
-0.0919836462 -0.00959735736
0.0018823701 -0.00662440713
-0.0374803394 0.0251628421
-0.00412096223 0.0334188119
-3.30489274e-05 0.0230891835
0.0230796169 -0.00429121591
0.0396901071 -0.0151689639
-0.0204305705 -0.00119955
0.0133370394 0.0409850962
-0.0452604182 -0.0510454364
-0.0207957402 -0.11772956
0.0379045866 -0.00411191769
-0.0270850193 0.0142082572
0.0151244951 0.00192123489
-0.00623665564 0.0932050049
-0.0770854503 0.00166343071
0.00544932671 -0.00232040533
-0.00723788189 0.0141217206
-0.00196139351 -0.0386760384
0.0329869986 0.0311767999
0.0210476499 -0.00167256338
0.00969369803 0.0224576406
0.0125036445 -0.00250358321
0.0338911302 -0.0281257238
0.0323410593 0.000693685375
-0.0137498956 0.00581601262
0.0462169796 -0.00739279529
0.0325547829 -0.0147029907
-0.0122545669 0.0351718962
0.0159485731 0.0310379993
-0.0781067833 -0.0650433674
-0.0208989307 -0.0470101722
0.0309633296 -0.0124269919
0.0235434063 -0.00303802337
-0.0355600417 -0.0666552186
-0.0345291123 -0.0740610361
0.0193118025 0.0157831218
-0.0538470447 0.00236582384
0.0338114798 -0.0593559481
-0.0231335871 0.00207540486
-0.0895547867 0.0594034567
0.000542564143 0.00813634414
0.000463954842 0.0358243026
-0.0121177407 -0.0042430996
0.0197343435 0.0697411001
0.0659565479 0.050698854
0.0170305669 -0.0156080741
0.0127837704 -0.00110767316
-0.0158165619 -0.0357586592
-0.0323053673 -0.00883095991
0.0751032531 0.00503773382
-0.00469423924 0.0491730012
-0.0316612013 0.0384194851
0.00741034048 -0.0645831525
-0.0535852052 0.0384157412
-0.00692129787 -0.00875585712
-0.0153089222 -0.0290950071
-0.00288564269 -0.0155650843
0.0709855705 0.00493188761
0.0136340177 0.0737366155
-0.0511920415 -0.0518645495
-0.00700797979 -0.0268752351
0.0958622769 0.0431400165
0.0133429877 -0.0339779444
0.00526014389 -0.0164260268
-0.0485428125 -0.00728039537
-0.0607796796 -0.0199881177
-0.0881607831 0.107062355
0.0120654069 0.0484949052
0.0600377545 -0.08281409
0.0683194101 -0.0644789338
0.0652456209 -0.000953810988
-0.0697322115 -0.046810206
-0.00314124837 -0.033707615
0.000473426684 -0.0623420589
-0.00147453323 -0.0439369306
0.00320643699 0.0567573272
0.0219421126 0.00857292581
0.0216107052 -0.0138490191
-0.0499810465 -0.0323593803
-0.0232767127 -0.0691203773
0.0464359559 -0.037961863
0.0341287889 0.00218066061
0.0287800841 0.0038985319
-0.0289674718 0.0116298888
0.0553945862 -0.0198550913
-0.00726320315 -0.0383727998
-0.0301616676 0.0392266177
0.0400305465 0.0204725359
-0.0174100995 -0.0367722586
-0.0327624716 -0.0308441017
0.0395008251 0.0556515791
-0.0330337062 0.0333416872
0.0136991469 -0.0868698806
-0.0272291303 -0.0645648912
-0.0685843378 0.0374918953
0.00667262916 0.0107309828
0.0205354169 0.0124398023
-0.0246194508 0.0144290226
0.00105366716 0.0247863214
-0.0386864431 0.0500429012
0.0122440718 0.00673781475
0.0320822261 0.00998724066
0.0250701979 0.0246728417
-0.0322190002 -0.0747783408
-0.0562277213 0.0250246283
0.102217391 0.00193289353
0.064671129 -0.047399614
-0.0446488298 0.0445260219
0.110164553 0.017017087
0.0369633362 0.000169522318
-0.0328753181 0.045642931
0.052842252 0.0513925925
-0.0776343197 -0.0582747124
-0.00825986266 0.0248609763
-0.0183238946 0.0393513292
-0.0648131818 0.0111435894
0.0462071523 -0.0181626771
0.0612225085 -0.0228331089
0.0311672669 0.02026847
-0.00542149041 0.0149793588
-0.0407110006 0.0904839709
-0.0790941045 0.0196982455
-0.0519968495 -0.0233018622
0.0115540968 0.0189836305
-0.0135616288 -0.0539822243
0.0236223992 0.0704589337
-0.0318779051 -0.0368973278
0.040293701 -0.0562022068
0.017811222 -0.0422921553
-0.0445743836 0.0193120483
0.0398466215 0.0203436241
0.0285019241 -0.0205985401
0.0125226369 0.0330607593
0.00784325227 -0.0302563328
0.0832555741 -0.0529167578
0.0855739415 -0.00685385894
0.0310031921 0.0656088069
0.0672236979 -0.0743869096
0.0570083559 0.00546125975
-0.0100560151 0.050354071
-0.00762087479 -0.0455573574
0.0650108978 0.0464763232
0.00782771315 0.0463588722
-0.110287622 -0.0126582989
0.00421746355 -0.0537548922
0.0409353897 -0.0348598547
-0.0479376949 0.0259269103
-0.058825355 -0.0271201003
0.0696422607 -0.0267580543
-0.0121271294 -0.00492011243
-0.0161585063 -0.00224089343
-0.00348819606 0.013374391
-0.0350685306 -0.0588457845
0.0327852182 -0.00026810306
0.04172327 0.00254326058
0.0546809472 -0.0994776636
-0.076941736 -0.0456633717
-0.0544275604 0.0338591896
0.0242921729 0.0495293774
0.0275252741 0.0334467143
-0.00982273184 -0.00640507089
-0.0983667746 -0.0342255197
-0.0236450378 -0.010920872
0.0237738844 -0.0390003324
-0.0376116671 -0.00742952153
-0.091283977 -0.0170093738
-0.015444546 0.045055043
0.0526433922 -0.0335151367
-0.00355892372 0.0139855947
-0.033239156 -0.0057860394
-0.0606647991 -0.022374684
0.0177954994 -0.00726421131
0.0410574265 -0.013871396
-0.0266384557 0.0216134489
0.0720083863 -0.0118930843
-0.00644135522 -0.0181486066
-0.0106402179 -0.0898110941
0.0577744879 -0.0216034986
-0.00306923594 -0.0202147588
0.0256903227 -0.0668932572
-0.0392024927 0.0818251073
-0.059220925 0.00655196141
0.0226605441 0.0814017951
-0.0124957822 0.128136024
0.0218913071 0.0575534217
0.0440779105 0.0283268597
0.0588807836 0.0231757443
-0.0581036992 0.0753189698
-0.0497023501 0.0395316072
-0.0288493 -0.0796816573
-0.0292038023 -0.0850591883
0.0530941449 -0.0046258308
-0.0213082898 0.00270075537
-0.00986119825 -0.0374120958
0.0748581663 -0.0241462104
-0.00651906524 -0.0219770242
-0.0020661382 0.0347119011
0.0384176672 0.0473633409
-0.051977586 0.0251288693
0.0125090592 0.0154932411
0.0122262891 -0.0495098978
-0.067166768 0.00489443075
-0.053280063 0.0240918119
-0.0923414677 0.00806832593
0.0454618186 0.0184297189
0.0196985956 0.0140922954
-0.0797165632 -0.062170364
0.00202573207 -0.0457857773
0.00243351748 -0.0504265875
-0.000114091141 -0.083287321
-0.00802250486 0.116078556
0.0466452315 0.0756514743
0.0879883841 -0.034330707
0.0828775987 -0.0278835557
0.0520214103 0.0370576493
0.0119709112 0.0527700186
0.0983978063 -0.026276052
-0.0168058258 0.0121382512
-0.0553848296 0.00862209406
0.000691069756 0.0272703562
0.0145793818 0.0158599671
-0.0339469686 0.0690109655
0.0101140328 0.0206889473
0.00556050893 -0.0220077168
-0.0211764593 0.0624212846
0.0263353847 -0.00830170605
0.067951858 0.080735594
-0.0407354124 0.0742797479
-0.0562701002 0.0476696417
0.0082372101 0.0219206233
0.0449612029 -0.0366052575
0.0153954159 0.0432367548
-0.0710760653 0.0164189972
-0.00783871766 0.0437382832
0.0704479143 0.0560554676
0.0243043583 0.0665654689
-0.017687846 0.110877305
0.0133322803 0.0376702808
0.0285746995 0.0573352352
0.004027043 -0.00544928666
-2.47056796e-05 0.0146949179
0.0345158651 0.0656974614
-0.0457553938 0.0302258413
0.0448455215 0.0331496
-0.000486778066 -0.0482538007
-0.063619554 -0.0542756729
-0.0168350767 -0.000804585346
-0.0441936515 -0.0259764362
0.0621079095 -0.0106578441
0.0434864759 0.0256719179
-0.0701058432 0.0496119447
-0.0350122973 -0.0286730267
0.00372554036 0.0466164574
-0.0548768267 0.0901400298
-0.0330704413 -0.0448796488
0.0161047783 -0.0313088074
0.0257832184 0.00181522756
0.0574753396 0.0126808351
-0.00608346611 -0.0346409529
-0.0429348573 -0.0146108177
-0.0289229583 -0.0112070451
-0.0455788486 0.0354220085
0.00461066281 0.0616390221
0.0165739916 -0.00517121609
0.0434269756 0.00182911241
0.0341227911 -0.0157363378
-0.0453002565 0.0213898662
0.0358759351 0.124188483
0.0100076543 -0.012060984
-0.0563739054 -0.0241476111
-0.0144290132 0.0643003508
-0.0372816548 0.034594778
0.0956388712 -0.0389270522
-0.00146712421 -0.0584316738
-0.0760727525 -0.00891799573
-0.0382698737 -0.0186057184
-0.0667248592 0.0597238019
-0.0627387837 0.03911658
-0.0875637159 -0.0169582218
-0.0255618654 -0.0592941381
-0.0133735854 -0.0119937519
-0.0410727784 -0.00605570897
0.00553800259 -0.0600062273
-0.00836826861 0.0762458295
-0.0213543735 0.0258593354
0.0684897229 -0.0446993969
0.0157303996 -0.0169132445
-0.0375313945 0.00958551466
-0.00133797608 0.0556887798
0.00224702805 0.0200059284
0.0166061874 0.0124266697
-0.0485087521 -0.0470592491
-0.0500768088 -0.0175073985
-0.0567119978 -0.016689539
0.0201118533 -0.0394430384
0.0623925738 0.00201029633
-0.0122573804 -0.00429440755
-0.0282806344 0.0364660472
0.0791618377 0.00263231597
0.0105519425 -0.00458125584
-0.0167896748 -0.0803460628
0.104731023 0.021292571
-0.0120057398 0.00710423384
-0.0281341616 0.0121782366
0.0465853922 0.0642803386
-0.0136568025 -0.0124810329
-0.025375288 0.0849094167
0.00241058972 0.0376244448
0.0768089369 0.00133765198
0.00444651255 -0.0548341759
0.0777105317 -0.0360981189
0.0483557805 0.0141314305
-0.0876654759 -0.0151113393
-0.00947235059 -0.0223098211
0.0155757545 0.0286006611
-0.0153045384 0.0348434746
-0.00361840334 -0.062814571
0.045177348 -0.0389627144
-0.0351834297 0.0286676418
-0.0304676872 0.00527021568
0.0341717266 -0.0252563506
-0.0352016948 0.0409549549
0.0369869992 -0.0180922821
-0.0559461117 0.0703072026
0.0360153802 0.0703538954
0.0383989662 0.0161375348
-0.023642417 0.0151289199
-0.00595985679 -0.034125071
-0.00771391019 -0.0577664226
0.0457090437 0.0623522215
-0.0460326597 0.0164695736
-0.0268782899 0.0376738906
0.00233906019 -0.0237389002
0.0143403485 0.0210667327
0.116919577 0.0386110917
-0.0972985923 -0.0217482094
-0.0328083932 0.0365894102
0.0274650156 0.000931322866
-0.0713282526 -0.0404194854
0.0388637856 -0.0227736235
0.0756043717 0.0167239401
0.0697641894 0.000499101297
-0.0186499003 -0.0294243023
0.109872401 -0.0183008872
0.0589109026 -0.0420328677
-0.0154866381 -0.064142935
0.0681543127 -0.00260648713
0.0058164075 0.0376263447
-0.0452733561 -0.0453729555
-0.0800127909 -0.0483266748
-0.04215331 -0.0105729233
0.000668010442 -0.0685805157
0.039148014 0.0440155752
0.0917634815 0.0571693219
-0.00277852034 -0.0220742766
-0.0143955201 -0.0479376428
-0.000574481848 -0.0655088052
-0.0297699925 0.0246066749
-0.0465336591 0.0654130876
-0.079937011 0.0169664249
0.0257269908 -0.00173758436
0.0388909914 -0.0246048775
0.00288023334 -0.0338699296
-0.00368788838 0.081796065
0.0254720096 0.000182093689
0.0120200375 0.0718169436
0.00382104702 0.0441320576
0.067331247 -0.105184846
0.0022225373 0.0490934514
-0.0195359215 -0.0629242733
-0.0159452725 -0.0603307486
-0.0508045889 0.0205234047
0.0228572208 -0.0797528103
0.0558017604 -0.051476948
0.0456435196 0.0152061228
-0.00104018406 -0.00244171708
0.0602426305 -0.0491815768
0.0607083403 0.0407846458
0.017212132 -0.00141135801
0.0230878256 -0.00460370909
-0.0469279662 0.0282963663
-0.0207123067 0.0284703001
-0.0195798613 0.0239352919
0.00570100127 -0.0259550586
-0.00596339209 -0.018584175
-0.0875831097 0.0344326571
-0.0701560006 -0.04118843
0.00488040643 -0.024310451
0.017701162 0.0375945084
-0.00922361575 -0.0151395379
-0.0200039595 0.0634571314
-0.0506685972 0.0722359717
0.0548760556 -0.127336234
-0.0289883371 -0.013611163
-0.0708904713 0.0132530108
-0.0266797263 0.00055912172
-0.0838010535 -0.0287689082
-0.0446576402 -0.0056410539
-0.016042104 0.0310713928
-0.0220416281 -0.0330088176
0.0952470526 -0.0486765206
0.0345166326 -0.0437446535
0.00142202387 0.00234795851
0.0741508007 -0.00868118368
-0.0479272008 -0.0808664635
-0.0354398377 -0.0455302559
0.0532139577 0.0707213804
0.0361100659 0.0701220036
-0.0396013521 -0.00476792455
-0.0132389739 0.0604081564
-0.0451342203 0.0246775839
-0.0203380529 0.031813588
-0.0238759853 -0.0477289334
0.0152938152 0.0182125978
0.0024155709 0.0226359796
0.0344013534 0.0585900992
0.0137461228 0.0597720221
-0.0336853825 -0.0883689895
0.0298315622 -0.0162732154
0.0840102136 0.00556434225
0.0568390973 -0.0357827693
0.00376133714 0.0576018356
0.0201682728 -0.0262257773
0.0664590076 0.0245375019
-0.0895905495 -0.0405456685
-0.0285691787 0.0349012129
0.0244285893 -0.00438672816
0.0462987572 -0.050493855
0.0288792849 0.0476286933
0.0227062106 -0.0349781401
-0.00544906035 0.0436921492
-0.0240242034 0.108490445
0.0659888238 0.0218595844
-0.0338858552 0.0223600753
-0.00994952023 0.0093645053
-0.0122414185 -0.0871802643
-0.0148718413 -0.00385848363
-0.0154727101 0.000668315042
-0.0371849164 -0.0277753919
0.0286413636 0.0591210313
0.0920618996 0.0617323853
0.0110038742 -0.0272209439
0.0253979191 -0.0427283831
0.0531654134 0.0242202319
0.044703491 -0.020520037
-0.0474444404 -0.0109963641
-0.0502824299 -0.027094502
0.0313607976 -0.0192655027
0.0440452769 0.0974571034
0.0588395111 -0.0311394092
0.0115762791 0.0358913094
-0.0526441038 0.0215508491
0.0343960971 -0.0478440374
-0.0109520098 0.0359748602
-0.0954603627 -0.012081855
0.0349973775 -0.00052355614
0.0349839032 -0.0863300115
-0.027951818 -0.0391779095
-0.0184902549 0.0461797938
0.0128611764 -0.0245218575
0.0174013041 0.0213581417
0.0252470598 -0.0591973327
-0.00241194665 -0.0381443761
0.00490435585 -0.0585697517
0.0352980606 -0.0393305868
-0.0129996892 -0.00727596413
-0.0674719885 -0.0488254689
0.0764206424 -0.060954012
-0.0724563524 0.0186544247
-0.0363867842 0.0388650522
0.0277506784 -0.0504447445
-0.0517488569 -0.0175923072
0.0122471675 0.0654646456
0.0219906922 0.033830218
-0.0334254354 0.00813954789
0.0327628106 -0.0789354295
-0.00340409135 -0.0114491843
0.0385704637 0.0577639267
0.06051635 -0.0039993017
-0.0410853401 0.0927437022
0.0503025949 0.0350257121
-0.00288357656 -0.0110690771
-0.0401062481 0.0264508799
-0.0142408432 -0.0367392115
-0.0661570281 0.0559067428
-0.00278178649 0.0200258996
0.0605465025 -0.035633292
-0.0276457816 0.0386855491
-0.0839206725 0.0061010127
0.0162078477 0.0177085027
0.0527527556 0.0727043077
-0.0274725072 0.106915206
-0.0557596162 0.102812901
-0.0292073265 0.0524097681
0.0343665816 0.0801861957
-0.0328903012 -0.0355724953
-0.0307040345 -0.0145148477
0.0421982557 0.0252680276
-0.0437767208 0.0544079207
0.0012276402 0.0266602691
0.0228371434 -0.0802701637
-0.0616576783 -0.0485257618
-0.0255055204 0.00781696849
-0.0452268608 -0.013528293
0.0712467209 -0.00883409567
0.054515101 0.0387546755
-0.0772592276 -0.0461865067
-0.0129914246 -0.0164275914
0.0471051708 0.0445443764
-0.0803766176 0.0360004753
-0.0616301745 -0.0753345862
0.0392030776 -0.0759590119
0.0556877144 0.0330331549
0.046849899 0.0190512966
0.00321292086 -0.0452634543
-0.046044603 -0.0292213894
-0.064555265 0.0527521186
-0.0618638992 0.05883779
0.084319517 -0.0325898826
0.0261490941 0.04543126
0.031159183 0.0435330309
0.00417387811 -0.0749686137
-0.109438866 0.018839851
-0.0103142047 -0.0373800322
0.0198352356 0.0263268016
0.0313260294 0.0554391555
-0.0245755222 -0.00656488212
-0.0358093753 -0.0170417782
0.105290353 0.0610341579
0.0273086149 0.0350579061
-0.00368681666 0.00596134178
-0.0307586342 0.0536067635
-0.0137314713 0.00562671013
-0.022533847 0.0967744812
0.0112599907 0.0309678633
-0.00634973869 -0.021522725
0.0338528678 0.0243755151
0.081160672 -0.0558596849
0.0127552003 0.0126876934
0.0229265913 -0.0540862195
-0.0225083921 0.0150539959
-0.086678125 0.0575690195
-0.029623108 -0.0588595346
-0.0293178279 0.0330747664
-0.0081592761 0.0506844036
0.016439192 -0.0381885022
-0.0269880593 0.0264999531
0.00476519857 0.052666463
-0.0302839503 0.0276991688
-0.0697176978 0.0668188632
-0.0028089215 0.0161658414
0.00579325343 -0.0712947547
-0.0274143647 0.0268110316
-0.0198308378 0.00902646221
-0.0414873958 0.0166840851
0.0159349479 0.0111490311
0.0203066766 0.000387947308
0.0714566931 -0.0110840034
0.00821212865 0.00767852413
-0.0470286161 0.0158335529
0.0429325625 0.00104500924
-0.000670923619 0.0369577706
-0.0387884453 0.0289388262
0.0218443498 -0.0204495322
0.0573140346 0.0719674155
-0.0245167892 0.0301358104
0.00982030574 -0.00317433826
0.0379669815 0.034089759
-0.0551086031 -0.0348037742
0.021312587 0.0473771505
0.0422304086 0.0334719457
-0.00864344928 0.0212483574
-0.036550805 0.067606248
-0.0620080829 0.00983445346
-0.0593776032 0.000982546015
-7.44017743e-05 -0.0506581031
0.0774706826 -0.0164203495
-0.0126380166 0.0073526171
-0.07359308 -0.115507908
-0.0935380682 -0.0293659158
0.0429528989 0.0133361099
0.0814859271 0.0333253443
0.0127251195 -0.0578199811
0.0916013494 -0.05693198
-0.00315829972 0.025977103
-0.0698024258 -0.0237742662
-0.00424048537 -0.0397049561
-0.0556515492 0.0212761853
0.00405286206 -0.0128897661
-0.0065473509 -0.0261068027
0.0184934512 0.0538551807
0.00818386301 -0.0346290581
0.0590563267 -0.0378779061
-0.00495888107 -0.00348684075
0.0227273274 -0.0614296123
-0.0109598385 -0.0114119295
0.0500383228 0.0277703963
0.0607504919 0.0141136833
-0.0117919054 -0.0126915695
-0.0427258909 -0.0441907123
-0.0813677981 -0.000976085954
0.0549846217 0.00583484257
-0.00683011906 0.0504042394
-0.0232687443 0.0573678389
0.0110902619 -0.00324373436
-0.0530055203 -0.030974729
0.0215186328 -0.0445880778
-0.0498973243 0.0902342722
-0.0555903353 0.101324916
0.0359111801 0.0291215722
0.0130374562 0.0793415979
-0.00525973039 0.0450187474
-0.0341424271 -0.0536616147
0.0624010898 0.0195744801
-0.0282341093 0.0764973536
-0.0228079259 -0.0377810933
0.0430579334 -0.0458531119
-0.022878537 -0.0374071151
-0.0132449456 0.000184407108
-0.0515643694 0.0595758967
0.0282009728 -0.0398805216
0.00299826008 -0.0843613893
0.00126536377 0.0875993073
0.0860859826 -0.0612116009
-0.0221489184 -0.0443743542
0.0286980215 0.0460973941
0.042579554 -0.0433692709
-0.0249129422 0.0193695538
-0.0392558984 -0.00741133327
0.0450036712 -0.0357036814
-0.0330716446 0.032289762
-0.0246905591 -0.0394042656
0.0485052764 0.0159166977
-0.133735403 0.0172925275
0.0359221362 -0.0250385962
0.0271606948 0.0432785302
-0.0125939483 0.0219630785
0.0172293279 -0.0227417313
0.020897774 0.00420544064
0.109675653 -0.0568134189
0.0526543222 -0.0293530934
-0.0675578043 -0.037473429
-0.0851194188 0.00649271766
-0.0261744484 -0.012330235
0.0438790619 -0.0140380682
0.0183157455 0.033110518
0.0240993891 -0.00273261033
-0.0212735925 -0.0106435185
0.0430250578 -0.0358807221
0.0976013541 -0.0708814934
0.0252780542 -0.0300020054
0.04731334 -0.0302095115
0.0428904034 0.0441860929
5.18706474e-05 -0.0486347638
-0.0165729839 -0.0650328994
-0.05064198 -0.0266006682
-0.0181949362 -0.0521741919
0.0353311077 -0.0237218831
-0.0122434236 0.021448737
-0.0271536987 0.0190706253
0.0597440936 -0.0136640891
0.020637311 -0.0725601912
-0.0266231038 -0.0271058567
0.0171498787 -0.00910037383
0.0378070325 0.0144588631
0.0580612384 0.0234176256
0.0242643561 -0.0121293552
-0.0358608663 0.0411648862
-0.0128199905 -0.00898354687
0.052941598 -0.0159337297
0.0053224233 -0.023777416
-0.0387173556 0.0545981936
-0.00422627944 0.0245314315
0.0409230925 -0.0927404389
-0.0343690105 0.0535000674
0.0173094012 0.0328097828
-0.00873198174 -0.0325068347
-0.0477311835 0.0873167142
-0.0604595244 0.00992896874
-0.0385185033 0.0606756173
0.00278677884 0.103231184
-0.0473351553 0.0336113572
-0.0249888841 0.0312500261
0.00870092772 -0.00808031764
0.0197180007 -0.0430579968
0.0252942722 0.0285561681
-0.0262372307 0.0594912916
0.0279494058 0.00305993855
0.0325146727 -0.0143472701
-0.0140385609 0.0832265839
0.00476404978 0.0190392565
-0.00192453549 0.0331816785
0.0363625176 -0.0535859205
0.0075044944 -0.00903905649
0.0355441757 0.00447200378
0.0741841495 -0.00352753978
-0.066938065 0.0208139736
-0.0639066398 -0.0214636642
-0.0212210622 0.00570677593
-0.0184749998 0.0139371399
-0.00432740944 -0.0901748389
-0.00874476228 -0.0457324199
0.00904441904 0.0141630601
0.0244431384 -0.00835934002
0.0385843851 0.0219007507
0.0186404847 -0.0144077465
-0.0682491586 0.038726829
-0.0455637053 0.0448928103
0.0699958429 0.00232823822
0.0136156688 0.0354992524
0.0793218315 -0.0616178475
0.06821163 -0.100265779
-0.00399109535 0.0483295098
-0.026170088 0.0283614676
0.0120189451 -0.102464318
-0.0182588343 -0.0719807595
-0.0105615119 0.0592711903
-0.0257847421 -0.0309660938
0.00503521087 -0.0369450003
0.0416493192 0.0292502437
0.000828219869 0.00490893098
-0.0964571536 -0.00441166665
-0.0381305441 -0.00653750775
0.0507323779 -0.00404131692
0.0596235953 0.0113356598
-0.0217171442 0.0490248017
0.0404616259 0.0400237478
-0.00115580554 0.0118471468
-0.0663361847 -0.0160398297
-0.0794059187 0.00423977012
-0.0541129448 0.0516762808
0.0328921564 -0.019157609
-0.043627318 -0.0264090952
0.0743820444 0.0197997112
0.0676048324 -0.0894512013
0.00788035244 -0.0819447413
0.139209449 -0.0448688604
-0.0259896275 0.0144157447
0.00166892051 0.0423874818
-0.0253887791 0.0239304323
0.0387192629 0.040520303
0.0116309077 -0.0219150856
-0.0725429207 0.0219270177
-0.0430509709 -0.00339078042
-0.0201706551 -0.0392905511
0.0962767974 -0.0269405115
0.0245793983 -0.0958717763
0.00406328263 0.00447762525
0.00622312119 0.0502249897
-0.0375357196 -0.0120281223
-0.0497106686 0.00600599637
-0.0545938835 -0.0488368869
0.0716570094 -0.0820090398
0.00540567841 -0.0356922559
-0.0367028117 -0.00218384014
0.0483891405 0.0304208864
-0.0342048667 -0.0222704001
-0.0337600671 -0.0422133133
0.00473451382 -0.0494139977
0.0112745147 -0.0318461545
0.0503293574 0.0765441656
0.0246317498 -0.0419100523
0.0118494723 -0.020409856
0.0540569574 0.0286934283
0.00387467491 -0.0178777482
0.0084777968 -0.0742704868
-0.0277945995 0.0300384667
-0.00884101167 0.00928235985
-0.0720229447 0.00493916031
0.0251884423 0.000852768542
0.00814371184 0.0341819189
-0.0269027743 0.0720682815
-0.110876992 0.0441562049
-0.0794949457 0.035948474
0.0735563114 -0.0379813686
0.00383290811 0.0597185977
0.0180232916 0.0274923295
0.0165170599 -0.0820241794
-0.128394261 -0.0161499269
-0.0243387353 -0.0499141775
0.00331721362 -0.0359899998
0.025145188 0.0746053234
-0.0398021676 -0.0265293811
-0.0164441485 0.00253837556
0.0635927394 0.11270427
0.0152321449 0.0382209532
-0.0189942326 -0.00049319322
-0.0408065692 0.0622073151
-0.0162462518 0.0131389452
-0.04793014 0.0465869047
-0.0151865082 0.0625555366
0.0238670316 -0.0318583362
0.0309115164 0.0485474654
0.0792711601 -0.0394198112
-0.00200118986 0.0321358293
0.057151325 -0.0681682676
-0.0424648114 -0.0130038783
-0.0806330293 0.0302448217
-0.0254907366 -0.0433431119
-0.0326922275 0.035650041
-0.00314205722 0.0554677285
0.0174999759 -0.0268917941
-0.0316439047 0.0166491084
-0.023663979 0.0341543667
0.0295647662 -0.00262960605
-0.0424984731 -0.0430307947
-0.0686735064 -0.024298327
-0.0310049783 -0.0593740158
-0.0378718674 -0.0372304954
-0.0214511715 -0.00146712968
-0.0388994552 0.0302334987
0.0608443506 0.0237499923
-0.00756631466 -0.0435827039
0.012315169 0.0515294597
-0.0340875164 -0.067040056
-0.0349437743 0.0120384628
0.00951625966 0.113652408
-0.10373912 -0.0421429202
-0.0329007283 0.0838867128
0.00551684108 -0.0672781318
-0.0432949066 0.0140144527
-0.018602578 0.0898337737
0.046443928 -0.0214313027
-0.00375711522 0.0375176147
-0.0840636715 -0.0204318594
-0.0268648677 -0.0118404422
-0.0221840478 0.0110804504
-0.00761747221 0.0760060921
0.0672778413 0.0761005804
-0.0513187572 -0.051969178
-0.0134539278 -0.0382667668
-0.00286363182 0.0208136551
-0.0452056602 0.036585018
-0.0051933839 0.0362043977
-0.0662320033 -0.046373114
-0.0566100143 -0.0468613468
-0.0071202633 -0.0430527627
-0.0777553245 -0.0221117623
0.094091855 0.0225611795
0.0565495715 -0.0167224742
-0.0491789579 0.00959097315
0.0139491009 0.0469505042
0.0164623559 -0.0522838943
0.0431876034 -0.0133849671
-0.0243047606 0.00404797681
-0.0149815697 0.00176685327
0.101693071 0.0205975566
0.0578166023 -0.00500693452
0.0279380567 -0.00192784064
0.0257447381 -0.0193771999
-0.0489236899 0.0854703188
-0.0265990775 0.0514224097
-0.00732205575 -0.0339885727
-0.0588230342 -0.00403737696
-0.0493401662 0.00353829493
-0.0497716852 -0.00732733915
-0.0194264464 0.0186582729
0.0270253029 0.0176567882
0.00328503689 -0.0884870738
0.000379100034 0.00235371548
-0.1029495 0.0378148444
0.0556601919 0.0384387635
0.065462254 0.00313461223
-0.0804392174 -0.0865660906
-0.0192899182 0.0540652312
0.0272638425 0.0607249737
-0.0124096097 0.010361488
-0.0391536541 0.0104226936
0.0341485888 0.033893887
0.01901404 -0.00394152105
0.047136452 0.00802402291
0.0518164113 0.0794583187
-0.0306477118 0.0432033688
0.0429570675 -0.0126354145
-0.00441775564 -0.0339499749
0.0326673351 -0.0656184256
-0.020276513 0.027821226
-0.0521621034 0.00550618768
0.0431916714 0.0291955434
-0.00791982189 -0.00681487564
0.0358508825 0.026045382
-0.0359826982 0.0486551747
-0.0765859559 -0.032758899
-0.0254125707 0.00582889887
0.0234599672 0.0936535969
0.0338971242 -0.0467920266
-0.0718365535 -0.0125520956
-0.022899216 -0.00456096791
-0.0436511561 0.00566066941
-0.0321291834 0.00516245328
0.055141978 0.0128305741
-0.0132936947 0.0193606969
0.0199040342 0.0163312759
0.0995803848 0.0296596866
0.0363114662 -0.009419824
0.0340907723 0.000281286251
0.00628239941 -0.00459921034
-0.00944574922 0.00101744209
0.028364189 0.0154914958
0.0427531153 0.00437305449
-0.0279233232 -0.0513098575
0.0166905541 -0.0948882326
0.0548132323 -0.0187902153
0.00789595395 0.00538562657
-0.0395228229 -0.0351315774
0.0519776754 0.0734530091
0.00154890423 -0.0345585719
-0.0778550506 -0.0143122859
0.0197502896 0.00294372044
0.0296416264 -0.016561361
0.00730005046 0.0499603227
0.0874316171 0.0679246783
-0.0299884845 -0.0439911671
-0.0687560067 -0.113729037
0.0145988828 -0.0296941772
0.0150647424 -0.117841579
0.0159710776 0.0400314666
-0.0146846538 0.084928751
-0.0100884493 0.0436016619
-0.0857148319 0.0839855671
-0.0746782497 -0.0224731676
-0.0157159027 -0.00788204465
-0.0583966225 -0.0389320217
-0.0625371337 -0.0213741399
0.0254523512 0.00137576659
-0.0528304614 0.0277253725
-0.074966535 0.0361023545
0.06283959 -0.00437436951
-0.0160690248 0.0935847834
0.0457379557 0.0550726168
0.0766824558 0.0690196529
0.00264765532 0.0733041689
0.0579941608 -0.0397467688
0.00285800314 -0.0341944434
0.047881294 -0.0109092612
-0.0412860364 0.0049393205
-0.0319939479 -0.0510501377
0.076127477 -0.00373791088
-0.0617069528 0.042825412
0.0134696504 -0.070678696
0.100142635 -0.129778042
0.0429229848 -0.020295985
-0.021121677 0.0292246975
0.00232792203 -0.023435032
0.094912149 -0.0173867363
0.021016052 0.0102546997
-0.0230292324 0.0771767646
-0.035459619 -0.0035225593
0.00681282254 -0.0553623065
-0.00589196384 -0.0177626051
0.0435538776 -0.032716617
0.0645126998 -0.0985698476
-0.0500289313 -0.00712569244
0.0399988405 0.0439579152
-0.0135411592 0.00178685901
-0.056007456 0.0462859906
0.0500973128 0.00124905759
0.00778069068 0.0261341799
0.0632382259 -0.0324034393
0.0653517321 -0.0342817605
-0.017270932 0.0288045779
0.0229707807 -0.0427425094
0.0292552859 -0.00783109386
0.0465448648 -0.0686675236
-0.00827685185 -0.03933727
0.0550785959 -0.00261619757
0.0235861279 -0.0816629454
-0.0460035801 0.0603131466
-0.00243005902 -0.00644187396
-0.0124108167 0.0132038854
0.0163214989 0.0522577427
0.0246342234 0.00997468829
-0.02056925 0.0477067456
0.00834819488 -0.0523151867
0.0411528498 -0.0296780691
0.0155307781 0.0368729047
-0.0331191607 0.0371485688
-0.0355923176 0.0159144048
0.0152344843 -0.0568361245
0.0442928895 -0.0536350645
0.00110645441 -0.00193254987
-0.0271048136 -0.0863400847
0.030787142 -0.0410190336
-0.0336052924 -0.0124872588
0.0400460772 -0.0272130258
0.0374296531 -0.0359616429
0.0115352618 0.0424438938
0.0423022062 0.0323290601
0.0388545245 -0.00590338791
-0.0346666276 0.0256649759
0.0110975634 -0.0218595155
0.010136202 0.0189701132
-0.00471094018 0.089750275
0.0340202786 0.000230018049
0.0710632503 -0.0433974266
0.0387415811 -0.0588530451
0.0514335819 0.0213689413
-0.120180562 0.0951053128
-0.0907202065 0.0405230299
0.0203154944 0.0360822566
-0.0593275949 0.0708238035
0.0049284813 -0.00618103892
0.0321841203 0.0371159427
-0.0354069397 0.0185756143
0.00830734335 -0.0586525165
0.066725105 0.0503950045
0.0539743081 0.0565348491
-0.0281835441 0.0391668491
-0.0215261169 -0.0155293941
0.0128715821 0.0268011559
0.0108917095 -0.00241616019
0.0407358557 0.028214369
-0.00318270782 0.063863717
-0.0567910708 0.0352306999
0.0661011413 0.0242311954
0.0723971799 0.0208184849
0.0149834538 0.0561271906
-0.0617413409 0.0203998946
-0.0272124037 -0.078518644
-0.00669172173 -0.0300842263
-0.0977062583 -0.0200947616
-0.089345172 0.0170197468
-0.0332325436 0.0402554721
0.00461065723 0.0293494761
0.0498835109 -0.0648304299
0.00536528695 -0.00468342379
0.0545313954 0.0198025443
0.123647384 0.00148212153
0.0262902994 -0.0401681624
0.0180267207 -0.0769970268
-0.00923663564 0.0665183961
-0.0453943312 -0.044449959
0.0690919608 -0.108402453
-0.015825009 -0.0105015486
-0.0861132666 -0.0138519853
0.0808482096 0.000290196185
-0.0366780423 -0.0219321474
-0.0064991219 -0.0488473997
0.0441769324 -0.0345019884
-0.00655689836 0.0660897642
-0.0138516044 -0.019357834
-0.000791713537 -0.00614474015
0.0694545433 0.0367458984
0.0812988505 0.0162730366
0.0215575323 0.000113575203
-0.113751151 -0.00451012421
-0.0553816855 -0.0166843142
0.0419776775 -0.0239520166
-0.00932001043 0.0613474809
0.0265228823 -0.000968663662
0.0761234239 -0.0441825762
-0.068793878 0.011766742
-0.0161848366 0.0181638375
0.0078555746 0.00916143041
-0.0116950292 -0.0477547199
-0.101984873 -0.050908044
-0.0199445318 0.036231555
0.0424362533 0.0213531479
-0.0258187726 -0.00850125216
0.0422189683 0.0128620863
0.0152237238 0.0416936427
-0.026862869 -0.0851190388
-0.0588418357 0.00802822132
-0.0612106621 -0.0340793356
-0.0160350353 -0.0698203668
-0.0215192325 0.0145000275
-0.0580370501 0.0124023175
0.089559041 0.0364946984
0.000614018529 -0.0558190793
-0.0374047309 0.0756682605
0.0128296325 -0.0770879835
-0.0384646691 -0.0140709775
-0.00445773406 0.0869246796
-0.0835532993 -0.0427718759
-0.0313953049 0.0314895064
-0.00455745682 -0.0421168767
-0.061015036 0.00478229253
-0.0471597686 0.0643564388
0.0529766008 -0.00972744357
-0.0443908386 0.0335789435
-0.0875653177 -0.0369689278
-0.0284793694 -0.0135337831
-0.0337623991 -0.0315559618
-0.0128449211 0.0769602656
0.0339796841 0.0355651192
-0.00569363497 -0.079531014
-0.0180291999 -0.0432578549
-0.0550081544 -0.00108576077
-0.0694496557 0.0569045655
-0.0370379314 0.000649007561
-0.0545651577 -0.0244912971
-0.0586650893 -0.0222704336
0.0186438747 -0.044871185
-0.0313876644 0.0385570973
0.0419173762 0.0856264532
0.000113072754 0.0185124297
0.0397630036 -0.0263156481
-0.0070319362 -0.0276873354
-0.0314427838 0.00324844546
0.0619013347 -0.0588490553
-0.00409452943 0.0334255248
-0.00772891613 0.0313991643
-0.047554858 -0.0286205467
-0.0377842709 0.0260040164
-0.00110357779 0.0366272852
-0.0234352071 -0.0359556228
0.0879640579 -0.0298802964
0.0611857064 0.0829978138
-0.00934997201 -0.0304720532
-0.0447753854 -0.000907420414
0.00944508705 0.0390428789
-0.017758945 -0.051321242
-0.0503744744 0.0112264492
-0.0194783714 0.0144997779
0.039454136 -0.00141489401
-0.0352718607 -0.0190562215
-0.0263031647 -0.00257604336
-0.0417528898 0.030744249
-0.0346549414 -0.034971904
0.0149788279 -0.0321221128
0.00183119799 -0.0129474141
-0.0731749162 0.0561288409
-0.0160607304 -0.0301452056
-0.0371531993 -0.00360751082
-0.0168847963 -0.0517406575
-0.129960567 -0.0164262261
-0.0352918655 -0.0166406501
0.0346757248 -0.0431670398
-0.0196956377 0.0361157432
0.0527957156 -0.056896776
0.0377325676 -0.0202605389
-0.0715300068 -0.110997617
-0.0599462129 -0.0422850177
-0.0326143019 0.0436993837
-0.000739756972 -0.0375513732
0.0118540796 0.0296321735
0.0298867691 -0.011194204
0.018693218 -0.0150779895
0.0572579652 0.0472979844
0.0179863032 -0.0179834794
-0.0805639625 -0.0405048206
0.0168218967 -0.0082561262
-0.0574284084 -0.0294658318
-0.0448592752 -0.00982852373
-0.0330636613 0.0561164021
-0.0427216031 0.112638704
-0.0132591818 -0.0163794365
-0.0485267453 -0.0409374982
-0.034197215 0.028797321
-0.0526737869 0.0117832944
-0.0323618054 0.0566822328
-0.017090315 0.0132269356
-0.0389160849 -0.0833946019
0.0264944732 0.0168579035
0.0862164944 -0.0165638868
0.027559258 0.00252174167
-0.046419099 0.0476467498
-0.00186377566 -0.0518094674
-0.00112376979 0.00701214653
0.0394200198 0.0551983975
0.103217058 0.0584381595
0.0255472735 0.053809341
-0.0191340782 0.0559916645
0.00807284564 0.0245846324
-0.0455115177 0.0225185547
-0.0238716193 0.0140739121
-0.0248215646 0.0145445205
0.0111428536 -0.0484411903
0.0208423529 -0.0121230837
-0.0314747766 0.0569834895
-0.0656658933 -0.00256338855
-0.0183705464 0.0151235843
0.0400694907 0.0604519174
0.0616548844 -0.0300128516
-0.0513917655 0.026283199
-0.0811401606 0.00592708029
-0.0398633219 -0.0698052421
0.00551989442 0.0087796431
0.00039636399 0.0284839291
-0.0220387932 0.0781065077
0.0464083254 0.0314716995
0.0418444872 0.00725554721
0.0340057351 -0.0433627255
-0.000221231196 -0.0595295615
-0.0266574603 0.00897814333
-0.0190608315 -0.0465675928
0.000324452587 -0.0638243183
0.0691559166 -0.0363362022
0.0253914166 -0.057555981
0.00754232612 0.0620178543
-0.0219595525 -0.0726019442
0.00170766434 0.00168306951
0.0458219126 0.0344011523
-0.0256741475 -0.0398043618
0.0276742633 0.054323025
0.00516795972 0.106077842
0.0310578067 0.0776199028
0.0450962 -0.00190112903
-0.00649565784 -0.0598290116
0.000240173904 0.0453410782
-0.113784455 0.0277700797
-0.0419871956 -0.0197140165
0.0512286164 0.0428127684
0.0319514237 -0.00557838241
0.00785385072 -0.034723755
0.0459070094 -0.00616432587
0.0425252542 0.0219851807
-0.0230968073 -0.00222359714
-0.0731873438 -0.0576752461
0.0308294054 -0.0573209673
0.0150788296 -0.058438234
-0.0522189736 -0.0329599902
-0.0614445731 0.0074703563
-0.0491416715 -0.0362512954
-0.0381236523 0.0162837151
0.0106542222 -0.017342018
0.00350097707 -0.0544546917
-0.0144560281 0.0593106858
0.0341563448 0.0882225856
-0.0110913143 0.0520678014
0.0354320072 0.0384020545
0.0438660868 -0.00563939614
-0.0718313754 -0.0315147825
0.00313028297 -0.0437164158
0.0903818458 -0.0425263308
-0.0163295381 0.0242293999
0.0273106135 -0.0434562303
0.0230337381 -0.0240874253
-0.0394773595 0.0232187882
0.0213788301 -0.0571877919
-0.0970569104 0.0458225682
-0.044552397 0.0162810963
0.037807405 0.012986877
0.0828804672 0.0369747505
0.0258851945 0.0343364254
-0.0335132256 0.00433363579
0.0892253369 0.0186686292
0.101553112 0.067410633
-0.0192668363 -0.0252202302
-0.0181876142 -0.000505529752
-0.0413020141 -0.0325853638
-0.0112879323 -0.0682800859
-0.000236914144 0.0842811763
0.0589627698 -0.0451788381
0.0492193364 -0.0117593836
-0.0211738292 -0.0656994954
0.0384601988 -0.0937954336
0.0827323794 -0.0198654104
0.0123580564 -0.0703196153
-0.0140357167 0.0220545456
0.00751904352 0.0580675639
0.0110159693 -0.0910474509
-0.0440296456 -0.0251581278
0.0920281485 -0.0131399203
0.101481467 -0.0175034348
-0.0468879305 -0.0529471822
-0.0699823648 -0.0326559693
-0.0147506269 0.00428999681
0.0725005865 -0.0720853955
0.0672422647 -0.0361378342
0.0705137327 0.00121038535
0.0431632623 0.0079815574
-0.0201122295 0.0227542035
0.0291960705 -0.012324499
-0.0350922756 0.0402849354
-0.0148975728 0.0411008224
-0.00131588138 0.00328487577
-0.0402680039 0.00501749944
-0.0015502082 0.017357992
-0.0548742078 0.0216834247
-0.0107757272 0.0322683007
0.0364334807 0.0338253044
0.0357088149 -0.00896290597
0.0754317418 0.0319117606
0.0622003153 -0.00584461819
0.090600729 0.02354021
0.0318463817 0.11746414
-0.0368108004 -0.0166218653
-0.0162733626 0.0182600953
0.0234233849 -0.028807696
0.0284311138 -0.00520830229
-0.00741725508 0.0473484211
-0.0477487259 -0.0102704288
-0.0271609966 -0.0199459698
0.0233897325 0.0135722551
-0.00619023293 0.0679109022
0.0529929735 0.00565476436
0.00515234703 -0.0545842871
0.020435188 0.0175641309
0.0440953188 -0.0360926054
-0.0319298171 0.0557623208
0.0431819186 -0.0127235232
-0.00662633963 0.0280669313
-0.0976820514 -0.0198327955
0.0240725465 -0.00800480228
0.00275891647 0.0201508086
-0.03212782 -0.0377949104
-0.100747131 0.082294926
0.0470656343 0.0272056982
0.0732749626 -0.0318544991
-0.0317359194 0.000662059232
0.00610812102 -0.0405371152
0.0240687449 -0.0436058789
0.0313370302 0.053630311
-0.0232469402 -0.0440982208
-0.0246036742 -0.0167798754
-0.00102181605 0.135085478
0.0706183314 -0.0131626837
0.0208938662 -0.069768101
-0.0554601587 -0.0354525112
0.0467616878 -0.0376506895
-0.03164161 0.0718411058
-0.0937538892 0.0453205518
-0.0133813424 0.0168605763
-0.0625668466 0.0334391147
-0.00845679734 0.0675486922
-0.044076357 -0.000369975372
-0.0339387693 0.00713466713
-0.0357735343 -0.0283277296
-0.0621571839 0.0101839136
0.00877846219 0.024968572
0.00726273842 -0.0799885988
0.0230042916 -0.00439120177
0.0197407044 0.0187921543
-0.0528155193 0.00732623646
-0.0220705047 0.019701194
0.0589142703 0.027413385
-0.00982666388 -0.0113751544
-0.0545884669 -0.0033668899
-0.0574420094 -0.0460861064
-0.0226880778 0.0135979503
0.0413866118 0.0852073506
-0.0541167594 0.0431698039
0.00798167195 -0.0503768995
0.0657398179 0.00292419433
-0.0400980413 0.030067794
0.0894607529 -0.0269237459
0.0854484886 -0.0210384056
-0.00319843483 -0.0174732748
0.0121178059 -0.0528223254
0.00352101075 0.0749977827
-0.0285511129 -0.0566002987
-0.0197585132 -0.0987457484
0.076684989 0.00621662242
0.00373001397 -0.0261442456
0.0153423483 0.0255999286
0.0692023039 0.0114371274
0.0214854851 0.0279645249
0.0428448729 -0.0375244878
-0.0672381371 0.00694631319
-0.021995306 0.0306555256
0.00154341944 0.0142846713
0.0527987331 0.00654374203
0.0238796081 -0.032095179
-0.0581733361 -0.0218598321
0.0768438429 -0.0116722677
0.0117522832 0.0448503792
-0.0433739386 0.0339260511
-0.0293351058 -0.038493149
-0.0397876985 0.020405978
-0.00808176119 -0.0078537995
-0.00549473101 -0.067203179
0.0851171613 -0.00926776044
0.0195446238 0.121192925
-0.0088180881 -0.0446375571
-0.038462121 -0.0512682498
0.00425508292 0.047895167
-0.01272815 -0.062666215
-0.0710984692 -0.016518129
-0.016703248 0.0249144603
0.0445270278 0.0229840949
-0.00237958599 -0.00539586553
-0.0597117022 0.00476506678
-0.0533399917 0.00128016633
-0.0523112044 -0.0656167567
0.0438545905 -0.0237472132
-0.0510673188 -0.0188504681
-0.0761338919 0.0208480824
-0.0321363322 0.00243718736
-0.0176374316 -0.056348335
-0.000802309427 -0.0321280248
-0.0229494646 0.0286795311
-0.0106083965 0.0626266897
-0.0113762217 -0.0216978174
-0.0566079803 -0.123867378
-0.0375071168 0.0582691841
0.0604071803 0.0984140113
0.00323044672 -0.0429941192
0.0199944638 0.0483333915
0.0258467775 0.0218362287
0.0299485959 0.011484121
-0.0265703853 0.00253633037
0.0460346602 0.0348227508
-0.0171181411 0.0138887549
0.0215549283 -0.0500839166
0.0552625172 0.0200211965
-0.0998990536 -0.0501263514
-0.0261847675 -0.0392463803
0.0195470266 0.0427127108
0.0383230671 -7.48649472e-05
-5.36505468e-06 0.00536635797
-0.0699413791 -0.0106073543
0.0819027573 0.089573577
-0.0518198758 0.0394522995
-0.0671032667 -0.0161632188
0.0109473104 -0.0143748242
-0.0103314118 -0.0185423568
-0.0194701776 -0.0207421482
-0.0275230203 0.0337072909
0.0102511495 -0.0149120055
0.0273875035 0.0315257758
0.0232986473 0.067074351
-0.00090972113 0.00780810276
0.0660457462 -0.077795811
0.029034866 -0.0488950089
-0.0183930602 -0.00603975356
-0.0402605236 0.0471502654
-0.0448520519 0.0771123841
-0.0523890965 -0.0031993459
-0.0140801752 -0.0140131284
0.0979619324 0.0564267822
0.0260261707 0.0102160973
-0.0501974262 0.0641719773
-0.0107565718 0.0487251766
0.0262423139 -0.0502228215
0.0331236757 0.0117583182
-0.0511607341 -0.0329943225
-0.00609397143 0.0215655025
-0.0532774664 0.00157775986
-0.0646428317 0.0726471618
-0.0218221415 -0.0128420079
-0.0354324915 -0.0576826222
-0.0038712977 -0.0124374647
-0.0661571622 -0.00110449537
0.00435880804 0.00717331283
-0.0164369456 -0.0307821836
-0.112691969 -0.0383357592
0.0754593611 0.00445238594
0.0388601348 -0.0191854313
-0.0791876093 0.0278378576
-0.0641372353 -0.0266641658
0.0653764904 -0.0270389635
0.0932307169 -0.00594826834
0.048649583 -0.0243570078
-0.0500805564 -0.0587413497
-0.0338474959 -0.0230172984
0.00755475555 0.0258214176
0.0235059895 0.0120500037
0.00677145738 0.0421174876
-0.0456213169 -0.0147054605
-0.0360078588 -0.00665556733
-0.0589272976 0.045463115
0.0568205677 0.010472212
0.0930894017 -0.0703082681
-0.0345795825 -0.00103979593
0.00536893262 0.00286436756
0.0109868804 -0.0257937275
0.0152163543 0.0252877437
0.0201548953 -0.0216996502
0.0328813232 0.0372624993
0.0195061639 0.0284662489
0.00527198054 -0.0721273422
0.0261149835 0.0183345191
-0.0230848528 0.0428831317
0.0171970017 0.0415898673
0.0276605152 0.0513431914
-0.0600981563 0.0298661496
-0.0585496165 -0.0216120426
0.0316855758 -0.0191199556
-0.00107281876 0.03335106
-0.023458451 -0.016554907
0.0116657643 -0.0689415932
-0.0578548163 -0.0290369056
0.0252815485 -0.0204289611
-0.0217283554 0.0289176144
-0.018380288 -0.0607673116
0.0338789523 -0.0252275541
0.0431884862 0.0651255995
-0.029427195 0.0390342735
-0.0272642765 -0.0570096076
0.111807473 -0.0367023721
0.00724824844 -0.0507657565
0.0549897216 0.000878883933
0.0250494462 0.0844793916
-0.0169936791 -0.00757376151
0.0926395282 -0.0398727059
0.0302630048 0.0317488275
-0.0145048816 -0.0447803363
-0.0726407766 -0.0299068578
-0.038711492 -0.0219906531
-0.0238279011 -0.0618480295
0.00800475664 -0.0954794884
0.0455606058 0.0560708083
0.0328938998 0.0855927169
0.0479307063 0.0448240228
-0.0222071446 0.00885016192
0.0873787776 -0.0436951965
-0.0509549789 0.0404808484
-0.0829175487 -0.0511768349
0.0305058472 -0.12508823
0.0263995137 0.0127652511
0.0083369175 -0.0409491137
-0.0391830467 0.0204812698
-0.0827502161 0.0823589712
-0.0195945818 -0.0453718603
-0.0705230013 -0.00665779877
-0.0013144383 0.0205607563
-0.063155517 0.0310469214
-0.0278536659 -0.0256862529
-0.0114540616 -0.0191958919
0.0447214171 0.00386352185
0.0187113471 -0.0733039901
-0.0952155367 -0.00260703429
0.0415230058 0.0403723903
0.0452031046 0.00850343145
-0.00903305504 0.0534338504
0.0460897423 0.110072829
0.0668853521 0.00531878974
0.0305399504 -0.00580840325
-0.034499675 0.0567650907
-0.00932935998 -0.0348883681
-0.040450789 -0.0541219786
-0.0305056106 0.0874700546
0.0531267338 -0.0633337721
0.00377926207 0.00222544093
0.0313291624 0.0785225481
0.0483774357 -0.0124433571
0.00924759917 0.027673861
-0.0447119698 0.0599069744
-0.120224789 0.0472341701
0.00841675326 -0.0369583294
0.0404262021 -0.0732291713
0.0990815163 -0.0017599219
0.0560207702 -0.0651149452
0.00965178665 0.0193442963
0.0788417682 0.0766631961
-0.00161005207 0.010801075
-0.0014925726 -0.0363327824
0.0122631025 0.0193767045
0.00246488815 0.0134775061
0.10199713 -0.00383816706
0.0474881642 -0.0290332157
-0.0182534065 0.00750195934
0.0357923843 -0.0187999886
-0.0108243236 0.0115045086
0.0251669791 0.0440798216
0.0329209343 0.0216859896
0.0197424255 0.101486251
0.0896530747 0.0828601047
-0.0313669518 -0.00321355229
-0.00503397081 0.0284323376
-0.000582651584 -0.0386406109
0.0636860952 0.03592778
0.0558832064 0.0698165521
-0.0421070047 -0.00786888693
-0.0150182415 0.0449562222
-0.00452600559 -0.00223589665
-0.0172534268 -0.0455155671
-0.0532433279 -0.0162414424
0.0210580975 -0.00876511075
-0.00460444437 0.0481510125
-0.0187660623 -0.0140008647
0.0576875694 -0.0554208569
-0.0249099433 0.0592052266
-0.0146770822 0.00744480081
-0.0407460593 0.0227992833
-0.0159791838 0.0863922536
0.0260336865 -0.0567409955
-0.0546564534 0.0230199452
0.0579537489 0.10459853
0.00113616814 0.0376628675
-0.0345840342 0.0103782602
0.0306102354 -0.0917279348
-0.0738322809 -0.0319104157
0.00491183158 0.0175833926
-0.000941559148 -0.00674460176
-0.0200516507 0.0242322031
0.0738342926 0.00642142585
0.0322084799 -0.0316318311
-0.0556639433 -0.0250334889
0.0166510809 0.0139647108
0.0413385592 0.0421737283
0.00280006998 0.00565021252
0.0214299485 -0.0473276526
-0.0296402182 -0.0209800191
0.00367834675 0.0110532967
-0.00342895836 -0.0624414608
-0.0563917086 -0.0753218606
-0.0145300459 -0.0239223838
0.00225471356 -0.0153639726
0.00232537603 -0.00453137653
0.0170269962 -0.0343841203
0.00734217232 0.0162487105
-0.039079316 0.0187361576
-0.0244251676 0.0272433814
0.0326615907 0.0168756936
0.00775341876 0.0312611647
-0.0249104444 0.0134698832
-0.00481207948 0.0397409946
-0.0120611908 0.0189923458
0.0232731197 -0.0790404975
-0.0200202279 -0.00628951052
-0.00766119082 0.0231973492
0.0865948275 -0.0396027379
0.0752625614 0.05604776
0.00761532178 -0.030268196
-0.0543359667 -0.0339351669
0.00474242121 0.0336092301
0.00629329821 0.00595880533
-0.0037404066 0.0323264487
0.00639566453 -0.0218614824
0.0367213525 -0.0479007401
-0.0857444331 -0.0199021827
-0.0804895088 -0.060887903
-0.0568191558 0.0127015747
-0.1025846 -0.0226869639
0.0149962613 -0.00745850196
-0.0584186241 0.0279244184
-0.0176439695 -0.02184969
0.143332154 -0.0300317593
-0.0427306704 -0.102076165
-0.00397853088 -0.0241677724
-0.110865526 0.0246622935
-0.0533365384 -0.00126205746
0.0285772625 0.0315668471
-0.0465515554 0.00300437934
-0.0524377152 -0.0612166151
0.0103451619 -0.0183908157
0.0428782776 -0.0281955246
-0.0308684595 -0.0200785957
0.0611371882 0.0452634692
0.0294688661 -0.0449818596
0.0342477486 -0.0628411472
0.015110353 -0.0104670897
0.0160790067 0.0386267304
0.026802225 0.0622592829
-0.00235645147 -0.0302806441
-0.0229826961 -0.00201867661
-0.0977947265 0.0496325791
-0.0187373981 -0.0468654037
-0.0224940367 -0.0982551649
-0.0726852044 0.0593106337
0.0221480653 0.120040298
-0.00947607029 -0.033630304
0.0294658411 0.0497180782
0.0340483785 0.0459913872
0.0386516452 0.0222151037
-0.00346627599 0.00748168584
0.0114049222 0.0455535091
-0.0118515417 0.046496667
0.0539796203 -0.062704429
0.10421057 0.0482011735
-0.0896130428 -0.057505358
0.00664005009 -0.0663125962
0.00106438971 0.0422618054
0.00544406287 0.00625151442
0.0344146788 -0.0220399667
-0.0823236257 -0.0197634678
0.0114513338 0.115798824
-0.0840393379 0.0606573857
-0.0731516108 -0.0655457899
0.0112713408 0.000462543307
0.0103991777 -0.0241833031
-0.00723203132 0.00829935726
-0.00508081913 0.021391172
-0.030667305 0.024391992
-0.00745684234 0.0233664252
-0.0103524011 0.00898166467
-0.0325987712 -0.0171725713
0.0520032085 -0.0190098938
0.0360458083 -0.0278903991
-0.0149167031 0.0385600477
-0.0365151316 0.0730089843
-0.0239889007 -0.0512963422
0.0255633295 0.00670118723
0.0238107983 0.0637739152
0.0206300505 -0.039912995
-0.0190795474 -0.0440336801
0.0116190948 -0.0401307382
0.065461494 -0.00667023892
0.040160045 0.0338881314
0.0229943022 -0.0128586534
-0.063297607 0.0242992025
-0.0341663733 -0.00641017733
-0.024818901 -0.0368754417
-0.0716315061 0.0453741439
-0.0677838922 0.0672308132
-0.0555878207 0.0704518631
0.0162637383 -0.029330017
0.0258399211 -0.0518657863
-0.0140562253 0.0655641183
-0.0114225307 -0.0341434889
-0.0162986964 -0.0998150781
-0.0047915047 -0.0353372544
0.00914240349 -0.0256037582
0.00733927637 0.0131766973
-0.0076446142 0.00984375831
-0.0307393055 0.018268602
0.0168206338 0.0357372053
0.042660486 -0.00900086761
-0.0260316338 0.0384749435
-0.0334819518 -0.0521532446
-0.0478471071 -0.0973314047
0.0193355829 0.0209696069
-0.0560154133 -0.0531952791
0.0141211431 -0.0704727098
0.0187663715 0.0285677798
-0.0803954005 0.0877491608
-0.0404015109 0.0362467878
0.0704820305 -0.0454523303
0.0663528442 -0.0229662489
0.0245334581 0.0121860234
-0.00794447307 0.0906243399
-0.00892837998 0.10108757
-0.0364386775 -0.0363404714
0.0368123464 -0.0357968807
-0.0259373784 -0.0330892429
-0.0919628143 -0.00977098662
0.0208816249 0.0404778495
-0.0253724549 0.01017367
-0.0873814449 0.0279556438
-0.0178522076 -0.0615298636
-0.0180138312 0.0285728052
-0.0445294492 -0.0601435304
0.000361435959 -0.045807641
0.0304834694 0.0430932119
0.0187761392 -0.0700856
-0.0240706857 -0.0219898932
-0.0289459247 0.0570984185
0.021548979 0.0495638996
0.0838719532 -0.0894407704
-0.0277933199 -0.120920554
-0.0242374279 -0.0364528149
0.0142433271 0.0145672774
-0.0137438364 0.0577649437
0.0419773012 -0.0747716948
-0.0547346473 -0.0361353643
0.00640398869 -0.0354253314
-0.0108179823 -0.0300603528
-0.0677984804 0.0203046408
0.0158152841 -0.0529288724
-0.00250000088 0.00442974316
0.0266742259 -0.0456058159
-0.0226962976 -0.0546822287
0.00526417699 0.0261719264
-0.0106360661 0.0786962062
-0.00983907655 0.0158973392
0.0281227976 -0.0279270262
0.000549997319 -0.047459133
0.0669162124 -0.0362397991
0.0275285691 0.0299640447
-0.115843073 -0.0332697332
-0.00385243469 0.054546237
0.0284183398 0.00643716147
0.00543241296 -0.0410149954
-0.0503640324 -0.00483965967
-0.0659572631 0.0114244409
0.0754972622 0.0255992357
-0.0169833377 0.00129900349
-0.0722943544 0.0191135406
-0.0220324639 0.00908773486
0.0498773046 -0.00343883247
0.0288620722 0.0511902012
-0.0623483099 -0.00190908683
0.0123578589 -0.0314557925
0.0372520797 0.0396668687
-0.0067786756 -0.0210849196
0.021146955 -0.00790212862
-0.0599457249 0.0174218267
-0.0830107704 -0.124283083
0.0511289239 -0.0545254201
-0.00594428414 -0.0798139498
0.0298364796 -0.0683009624
-0.0135851046 0.0490832962
-0.0184864085 0.0534915403
0.0557427481 -0.0162279606
-0.0168640241 -0.046412956
0.0626604855 -0.00481879851
0.00525983749 0.0136873219
-0.0713994354 -0.059946619
0.0724772587 -0.000310079282
0.0434172153 0.0739314705
0.0336813889 -0.0191188511
0.0313875079 0.0816570595
0.0108727645 0.0633083656
-0.0443362109 0.0442840941
-0.0763741359 0.0801881626
0.0291904323 -0.054517623
0.0375834778 -0.00464578858
0.0192853343 0.081972003
0.0177569557 0.00171771238
0.0104291411 -0.00429499894
-1.21847552e-05 0.0168093499
0.0202323999 0.0625647604
0.0677845702 0.0848175958
0.0671937987 0.029426679
0.100241318 0.0476809256
-0.0198548343 0.0317385048
-0.0552978702 0.0893332288
0.0241829436 -0.0268523097
0.0180676524 0.0200561434
0.00920307357 0.00903373677
0.0274268817 0.00750518544
0.0323135853 0.0331746303
0.00894597452 -0.0135181723
-0.0254514609 0.0685850978
-0.0245392136 -0.0547262728
0.01434414 -0.00509251142
-0.0837487876 0.0186271071
-0.0376688913 -0.0100497343
0.0746875703 0.0046952772
-0.0457303785 0.0524034537
0.0164440591 -0.0151549466
0.0339355357 -0.0521628149
0.0201524608 0.0960533917
0.00728744036 -0.0304817073
0.0415977761 -0.0961052775
0.0554241724 0.000655189797
0.0237047095 -0.0495361239
-0.0373332128 -0.0173131023
-0.0305445157 -0.0119674979
-0.000521841925 0.0459165014
-0.0443957485 -0.00880623329
-0.136753112 -0.00262228167
-0.000272830774 0.00560560869
0.0541990325 0.0179023556
-0.0775024891 0.0265422855
-0.0304889008 -0.0267529227
-0.0283376966 -0.00409434037
-0.0867096111 -0.0305968262
0.0748371631 0.0151147507
-0.0110532744 0.0502514392
-0.0158844832 0.00189585739
0.0307435039 0.0160878766
-0.0260402244 -0.0511380658
0.0378876403 0.0133752236
0.0459142663 0.0527176559
0.0273397528 0.00807068683
0.0502534807 0.0699702576
-0.00210185 -0.0427783914
0.0115885204 -0.0491365418
-0.0412371084 0.0244435873
0.00568681536 0.0358487368
-0.0211729091 0.00677019404
0.0993517339 0.0693088323
0.0538386889 -0.0182000957
-0.0370911881 -0.0135346251
0.0519940369 -0.00295353401
-0.0246570241 -0.0689267218
-0.0447732247 0.0561571419
0.0111013418 0.0674676821
0.0568335913 -0.0407536738
0.0453481041 0.0308134109
-0.00359821948 -0.0371425115
0.0566589423 -0.0808565468
0.0123059088 -0.00846642628
0.0307718199 -0.0306108613
-0.062889412 0.00472894451
-0.0118247438 0.0359029733
0.0357762165 0.0272444673
0.0131962281 0.0537273102
0.00529383915 0.00302487123
0.0136955958 0.0684368089
0.0691081807 -0.0036475102
-0.0333845466 -0.0687314197
-0.0261933841 0.0205588862
0.0271453355 -0.0461837649
-0.0186332464 0.0434020869
0.0333076604 0.016352145
0.015611928 0.00794369914
-0.00153549924 0.0105029391
-0.0797879025 0.00925240014
0.0364484526 0.00241247797
0.04535041 -0.0884132013
0.00337410136 0.00188678072
0.0709915087 -0.00485195499
0.0428010598 -0.00283453148
-0.00211463263 0.090919897
0.0599529445 -0.0649075657
-0.0649887025 -0.0101626376
-0.111850254 0.00807728432
0.0221620649 -0.0727494955
0.0355513543 -0.0417473651
0.00130433124 -0.0852949172
-0.0872072205 0.0350275673
-0.0793147236 0.0231207497
-0.0227291733 0.00899802987
-0.0873693153 0.0257381368
-0.0510030761 0.0042186263
0.0166458581 -0.0396740288
-0.0151950587 -0.0913111269
0.0563741326 0.0600958839
0.077179037 0.0394615419
-0.0199011788 0.00689709699
-0.0594951399 0.0560236275
-0.0267515611 0.0894246548
0.0372384824 0.0356723182
0.0731533542 -0.0895332396
0.00616405392 -0.00851280987
-0.0298817698 -0.0631240457
0.0149485208 -0.0617612973
-0.0345938243 0.0765247792
0.0289092436 -0.00195969269
-0.00998980924 0.0338375494
0.00665769679 0.0141234677
0.0512042567 0.0546480268
0.00194894406 0.0321375169
-0.0155992219 -0.0537152402
-0.00326761859 -0.0687283948
0.0345909894 -0.0509536937
-0.00619831076 0.0109254243
0.0289118215 0.0279611293
-0.0310912486 0.0592013747
-0.0312887207 0.0315627381
0.00305699999 0.0162626151
0.00865911413 -0.035065677
-0.0585622266 -0.0275276732
-0.0763784945 0.0726387128
-0.0196734797 0.0625730976
-0.119842604 -0.0255794935
-0.000655301264 -0.00880859792
0.0401348248 0.0348469503
0.0244430006 -0.00847712811
0.0879344717 -0.0547116026
0.00263787922 -0.0332128331
0.0628768802 0.00372684211
0.0607765242 -0.0434189029
-0.0119743086 0.0159605853
-0.0596424043 0.0586441457
0.00484025385 -0.0619433746
0.0329957306 0.0231170189
0.0286639296 0.120137751
0.0271273647 -0.00198700116
0.00790285133 -0.0484030209
0.0260743592 -0.0266915243
0.0678857192 0.0291161742
0.0322253183 0.0524903126
0.0294519942 0.0295224823
-0.0831588656 0.0140818702
-0.0305050462 0.0114581706
-0.0294351 -0.0504058413
-0.113483541 0.0208919141
-0.112623341 0.0643706992
-0.0480545647 0.0510569401
0.0207667388 -0.0301720165
0.054103896 -0.0277301241
-0.0408435464 0.0489170216
0.0188006405 -0.0182152521
0.0376988985 -0.0921078995
-0.0145018287 -0.0294594225
0.0313320905 -0.0150961755
0.0566767007 0.0379835814
0.00561266253 0.0240551457
0.00228804792 0.0204801876
0.0330294557 0.02207659
0.0440653488 0.0199748054
-0.00961955916 -0.0357139148
0.041796837 0.0296815671
0.0373469293 0.0491178334
0.0432958268 0.0125002926
-0.0195742287 0.0433214195
-0.0146754719 -0.0333438106
-0.00507125631 -0.0399763361
0.0142150149 0.00709085632
-0.0452926159 -0.0322597064
0.0398516357 -0.0658295229
0.0643009022 -0.0485226139
-0.054771889 -0.10456939
-0.031715069 0.0161426309
0.0602309145 0.0229748897
0.0256879963 0.0438756719
-0.0370919295 0.00601971569
-0.082059294 -0.0424239114
-0.0415096171 0.00303611974
0.0472619087 -0.0253951233
-0.03340628 0.00655908417
0.0135943843 -0.0477527268
0.0454812087 -0.00702852616
-0.0084240539 0.0108915828
-0.0960532725 -0.0230083689
0.00688680448 -0.0466576107
0.0262113083 0.0153756924
-0.0893980339 -0.041845154
0.00282912306 -0.0353587493
-0.0127594955 0.0864291415
-0.0150708547 -0.0408144966
0.019942604 -0.0740279928
0.024528347 -0.0563942455
0.0117196487 -0.0920155421
-0.0645326376 -0.000918161124
0.0349800363 0.0245512128
-0.0393079855 -0.0835841298
-0.0967810377 -0.0328402966
-0.0185852367 0.0306840222
-0.00987083931 -0.0691506565
0.0128548006 0.0124203749
-0.0192463882 -0.00495190127
-0.0114355143 -0.00944268797
-0.0199018493 0.0789076611
-0.0534814894 0.0718374401
-0.0340405218 -0.0454899408
-0.110755518 -0.0256024376
0.0115652857 -0.0277509373
0.111494586 0.0054860753
0.00485969894 -0.0475455746
0.0379908681 -0.0131200459
0.0155195808 0.0297529884
0.00986018311 0.00070441555
0.0395695642 0.0131537663
0.041171398 0.00991088338
0.122722939 -0.0324159972
0.0584123358 -0.029429609
-0.0486472882 -0.0322466604
0.0185394865 0.0312786847
-0.0964181572 -0.0175188519
-0.0308968257 0.0489921905
0.0298634674 0.0132390643
-0.138910055 -0.0685197413
-0.0253717676 -0.0125827258
0.0053532985 -0.043591693
0.0309869517 -0.0335642621
0.0634578839 -0.00374407414
-0.0415872 -0.00792227965
0.0070077097 -0.0184833761
-0.00609297678 0.00787336938
-0.00232398533 0.0633739606
0.00571246678 -0.0627834126
0.0117285103 0.0134051489
0.00966713298 0.0539979227
0.00256027794 -0.0299091861
0.00825932063 0.0438459702
0.0023270254 0.0485983938
0.0560476109 -0.0327977836
0.0226684175 -0.0399612673
0.0537272468 -0.0360681675
-0.0127837881 -0.0570887178
-0.0565716997 -0.00451987283
0.0587209389 0.0446360968
-0.0218778662 -0.0614569075
0.00407986576 0.0281667877
-0.0121782776 0.0289398693
-0.0773737282 0.0560719036
-0.0543689951 0.117647387
-0.0840183347 -0.013657406
0.0169087108 -0.0481302142
0.0668949485 0.0956978276
0.0688127652 0.0670416057
0.0287964158 -0.0101736598
-0.0446146131 -0.0212151594
0.0236312412 -0.124858864
-0.0524635427 -0.0482334942
-0.0393503644 0.0496988893
0.0182531644 0.0281385314
-0.0071451338 -0.00594360521
0.00516944332 -0.020248089
-0.00272252457 0.0431722701
0.0514947027 0.006079196
0.0510938428 0.017528113
0.00203191047 0.028878754
0.00311317225 0.0150859514
-0.0353499055 0.113012895
0.0594563335 0.0343050957
0.121310636 0.0226560012
-0.0193680059 0.00600416353
0.0164616089 -0.0159124844
-0.0125002665 -0.0372568108
0.038368497 -0.0063008829
0.0698428452 0.0289304778
-0.0437351353 0.0201917198
0.0520581789 -0.0346036069
-0.0539717637 -0.0148790414
-0.00366960559 -0.047162421
0.027179854 -0.0185062625
-0.0410958938 0.0856811106
-0.0245173238 -0.0272870529
0.0212618634 -0.0709271431
0.0951219276 -0.000368133275
-0.0621605515 -0.0743927881
-0.0293333177 -0.0445895791
0.0586365461 -0.0491782613
-0.0094400784 -0.0716373846
-0.0479509719 0.0424421243
-0.017349964 0.0195565019
0.0582143664 -0.0252821594
-0.0232677106 -0.0194545053
0.0633032918 0.0203058161
0.0578428209 0.0392730646
-0.0972211063 -0.0325127468
-0.0349231884 0.0380978659
-0.0215804707 0.00794265792
-0.0163979549 0.0306165125
0.0154621089 0.033634007
-0.0518942773 -0.052051425
0.0401900634 0.0170919765
0.0241315365 -0.0164443273
-0.0807616189 0.0163012575
-0.0248379912 0.0254440196
0.0466197915 0.0227422714
-0.0370164514 0.0455511734
0.0446911156 0.00604082551
-0.0341117755 0.00169139926
-0.00168113853 -0.0712260753
0.00703566754 -0.0433001332
-0.0277844872 -0.00722249364
-0.0130140837 -0.0238433201
0.0349866264 -0.029202627
-0.0314680636 -0.0928056017
0.0776653588 0.00614708802
0.0320699476 0.0111421142
0.00805665739 0.0273252632
-0.00116407359 0.116408318
-0.0927506089 -0.01947698
-0.0443590842 -0.0379921086
0.0270835217 -0.0616640151
-0.0193944424 -0.0143421907
-0.0280438922 0.00540739577
-0.0156932808 0.0409288369
5.59806394e-05 0.0153018394
-0.0523958728 -0.0768120289
0.00528528774 0.0196787417
0.016705187 0.0126964897
0.00558282482 0.0327675827
0.0111061847 0.0768110007
-0.0182782002 0.0383695476
0.040232569 0.00572702894
0.0549661927 0.038316384
-0.0289299935 -0.0129322577
-0.00872832257 0.0342527367
-0.0167035926 0.0422285385
0.0104139941 0.0105378786
0.0238211975 0.0227811038
0.0194943491 0.0400828905
-0.0375252403 0.0265761148
0.047976803 -0.0334422812
0.0542879887 -0.0558440946
0.0198583379 0.00822813157
0.0506688319 0.00971607678
-0.0594990849 -0.0437803641
0.0402462594 0.0390718058
0.0559690073 0.0720301643
0.0574158691 0.0511748344
0.045841381 0.0224931315
-0.00285923574 -0.0228349976
-0.00537872175 -0.0103989542
-0.0503286086 -0.0555529967
-0.00933776144 -0.0435982496
-0.00513270823 0.0441298112
0.00150701543 0.0576705523
-0.0324219838 0.108995169
0.0304169431 0.0315119289
0.010795081 0.0265605934
-0.091426298 -0.014572328
0.020137107 0.0426070765
0.0390030406 0.0485680997
-0.016749138 -0.0976391062
-0.0151165659 0.040340282
-0.0448466651 0.0316878185
0.033539623 -0.0800882652
-0.0483639427 -0.0272757672
-0.0738331079 0.049868077
-0.0337903649 0.071796447
-0.024380235 -0.0567293838
-0.0377494507 -0.0840967894
-0.0253924672 -0.0316031016
-0.0264305342 0.055643335
-0.0112968832 0.0645573065
-0.0284180827 -0.0100825625
0.0577820987 -0.0278522111
0.0398527794 -0.0514272638
-0.0257378258 0.00901044067
-0.00874432828 -0.00525318226
0.0366135798 0.0402201377
0.0524020903 0.00983842742
0.0323024951 -0.0709642693
0.0469984449 -0.00741891051
0.0542869009 -0.0198220275
0.00799712073 -0.0515672974
0.00140686717 -0.0222141687
-0.00877678953 -0.0160662867
0.00870200247 0.0183407683
0.0472570993 0.0571736433
-0.0102482783 0.0211280957
0.0415448286 -0.0230838396
-0.0029834467 0.053704612
-0.0699159354 -0.0493541062
0.0303106159 -0.00103298738
0.0560511164 0.0351942629
0.0768426135 0.0427035876
0.0110205961 -0.024401376
-0.0860179514 -0.0325976871
0.0207960568 0.067773819
-0.0225314405 -0.0295985565
0.017593788 0.0320814922
0.0284944456 -0.0263557173
-0.045930963 0.0176801197
0.0180843901 0.0124402726
-0.0138562787 -0.0245333444
-0.0408829674 0.041776292
-0.0118098883 -0.102120161
-0.0487101264 -0.03243348
0.0378480554 0.0213171728
-0.0214854348 -0.0174954813
-0.00895834714 0.0464245453
0.0102535114 0.0431824066
-0.0694939867 -0.016009232
0.0570137687 -0.0526338704
0.0423796177 -0.0218785014
-0.0421177894 0.0161236506
-0.0789017752 -0.050760068
0.0435734764 -0.0415204652
-0.00979924202 -0.0140216928
-0.0469708741 -0.019089384
0.0165922232 -0.0183722377
0.0166660342 0.032388296
0.0795183703 0.0431510732
0.0293775629 0.00428537419
-0.0285394266 0.0162320249
-0.00278980401 -0.0240834393
0.0176339019 -0.011918488
-0.0322020166 0.0204642694
-0.0682406649 -0.0495846532
0.0351837762 -0.0371647477
0.0741658807 -0.0199430343
-0.0143955797 -0.0692488402
-0.0146012958 -0.0135993985
0.0340241268 0.0541650802
-0.0187329687 0.0206857938
-0.0330382548 0.0226320587
-0.0822175816 -0.0782148987
-0.0294668265 0.0091404384
0.0462392569 0.00755484635
-0.000929162838 -0.00959870964
0.0219384395 0.00072218891
0.0458509624 -0.0325929001
-0.0157865398 0.0289371479
-0.0831333846 -0.011919111
0.037045911 -0.0153790014
-0.0159875061 -0.0262858458
-0.0582516193 -0.0574038364
0.0167863518 -0.0177385285
-0.0214244146 0.070907779
0.0223938972 -0.0245563667
0.0375701971 -0.0300464164
-0.00154264795 -0.0438093059
-0.117803775 -0.0254422054
0.00352728786 -0.0780929253
0.0758630261 -0.00497925049
0.0294953957 0.0919852182
0.0441497117 0.0456650592
-0.0598176606 -0.00255779922
0.0261618793 0.0688376054
-0.0120890737 0.0645813122
-0.0193079449 -0.0366401114
0.00258942461 -0.0908590853
0.0348067842 -0.0235481355
0.0404626727 0.0261962358
-0.0657614991 0.0152047304
0.0757008865 0.0201391112
0.0662391782 0.028972961
0.0367352366 -0.0004869767
0.00503515685 -0.0509754978
-0.0254478399 -0.0590628907
0.0282777455 -0.0128820995
-0.0304882415 -0.00757829333
-0.0292066075 -0.0138538759
-0.0388231091 -0.0332783014
0.00701278821 0.00196620659
-0.0213356558 -0.0291763861
-0.0319661312 -0.0212376323
-0.0293926634 0.0461056493
-0.00758358464 -0.00786920823
-0.0101298122 -0.0222019441
-0.100214921 0.0391511619
-0.0168487355 -0.0227578897
0.0261355583 0.0347988382
0.0100302547 -0.0220699161
0.00298931054 -0.0831006542
-0.0697289258 -0.0314056575
0.0669643506 -0.000353191863
0.00707519753 0.0136769572
-0.00929487124 0.0175575484
-0.0235308763 -0.0243726745
-0.0187821724 -0.00422525406
0.0117513696 -0.0353679173
-0.0161016788 0.0208414234
0.0283121616 0.00885486323
0.0114354296 -0.105341822
0.0370972194 -0.00632749405
-0.0148329623 0.0106598195
0.0374118611 -0.0354449376
0.00616456801 -0.0118848495
-0.00185794651 -0.040157225
0.00583892735 -0.0388752371
-0.0467310175 0.0455743112
0.0459556691 0.105575912
-0.0253949836 -0.0122809848
-0.0130936578 -0.088111259
-0.0100502213 0.0268517397
-0.0377976485 0.037427742
0.0405570902 0.00977517664
0.00970331486 -0.00991302263
0.00524504203 0.0221913625
-0.0373390354 0.0320017152
0.0474057682 -0.0824772269
0.00710214581 0.0092557855
0.0322497301 0.02822298
0.0403916985 -0.0572626144
0.00731531624 0.024789229
0.0243489183 -0.00979879592
0.0166146234 -0.0138152828
0.00783487037 0.046843119
0.0432139412 0.0469863303
-0.0427841395 0.0408006907
-0.025433585 -0.0330892764
-0.0411340557 -0.0256892238
-0.0403030701 -0.0025527305
0.0515994467 -0.0486279093
-0.0463536792 0.000207187491
-0.0389538072 -0.00344118895
0.0456377976 0.00383611815
-0.0697446391 0.0433866195
-0.000774562533 -0.0665274188
0.050563328 -0.059674792
-0.0215825941 -0.0631010979
0.0104544545 -0.100318097
-0.0395482406 0.00780822383
-0.0170110371 0.000669721863
0.0117828296 -0.00754679879
0.00810450967 0.0191240199
-0.0348863676 0.00703333272
0.0410641804 0.0515839532
0.0365610905 -0.0357390679
-0.0105497008 -0.0370756686
0.0782248676 0.0196427759
-0.00935080275 -0.00421731686
-0.0138532799 0.0406844243
-0.0314433798 0.078588374
-0.120607719 0.0234659649
-0.0341199301 -0.0295306239
0.016985273 -0.0400889181
0.0549488068 -0.0119488128
-0.02721956 0.0078095505
-0.0302268043 -0.00439757155
0.0106646623 0.0831370875
0.0169196595 0.115217999
0.0285624545 0.0320234373
-0.0478557348 -0.0172510389
-0.0675331727 -0.00760238105
-0.0331814587 -0.0232282728
-0.0102639934 -0.0473269038
0.0185463466 -0.0102616567
0.0540992208 -0.048920162
-0.0580336973 -0.0591123551
0.00495552272 0.0209600944
0.0149928732 -0.117146641
-0.0694898441 -0.0309537165
0.0424800068 0.0717957616
0.0380436815 0.0354997963
-0.0390198454 -0.0508199073
-0.00264688116 -0.0274764132
-0.0286602508 0.0631992593
-0.110926025 0.0430390798
0.0352950543 -0.0244868677
0.0876400769 -0.0803632811
0.0179176964 -0.0303154103
-0.0113985566 -0.00849694107
-0.0553714819 -0.0561685674
0.0051428494 0.0505345352
-0.0551249012 -0.00359645556
0.00744268298 -0.0676752031
0.0582701825 0.0494993553
-0.0461653881 0.00448290212
0.0137027148 0.0168070104
-0.0658844486 -0.0199604463
-0.0604189001 0.0527281985
0.0225543026 -0.0112982243
0.0224460326 -0.019593332
0.0139155416 0.047350049
-0.0334131308 0.00971149933
0.0765095428 0.0596066527
0.0982065275 -0.0109242015
0.0135662705 0.0162001215
-0.0191382598 0.082807824
-0.0513114296 0.0386984199
0.0560942478 0.0582292974
0.00772656687 0.0272649992
-0.0501690693 0.102995373
0.0316267684 -0.0129524693
-0.00792420004 -6.34030539e-06
0.0374503434 0.00331891607
0.0459290966 -0.051382523
0.0329946354 0.0658791214
0.0434939228 -0.0102846585
0.0571491085 -0.00204658392
0.0744685307 0.0149239944
-0.0127184801 -0.0372952484
0.00410635816 0.0844034776
0.0488941036 -0.0100521203
-9.99605109e-05 -0.0713524893
0.0346923061 0.0118981916
-0.0795640871 0.0066002449
0.0170574188 -0.0257541891
0.00787473097 0.0182509217
-0.0749344751 0.0393474847
-0.00649786647 0.0379706025
-0.0400681533 -0.0239732098
0.0820410103 -0.0815044865
-0.0154860625 -0.0615636483
-0.0456110239 -0.0260996539
-0.00400773948 0.0561711676
0.0246721711 0.0123151196
0.0203956366 0.0367376879
-0.0944736525 0.054133378
0.032113824 0.043029055
0.0542485006 0.12184266
0.0421964936 0.0127852308
-0.0125768092 -0.0299708154
-0.0821369812 -0.0187722743
0.0121742897 -0.0224572942
-0.0141170779 -0.0838536769
-0.0601845086 -0.0438634679
-0.0302166268 0.0187888946
-0.0464652963 -0.0611363836
-0.00715270732 -0.0202217307
-0.015576358 0.0479865894
-0.0198333636 0.029382579
0.0411844887 -0.0365589932
0.0278365035 -0.0300960336
-0.00071112701 0.0179359168
0.0633325055 -0.0112211769
-0.0241435077 -0.0129342666
-0.00236943387 -0.0775515065
-0.071368508 -0.0442041531
-0.121032208 0.0213630423
0.112894297 0.00231261458
-0.023827469 0.00269459328
-0.0380961448 0.0740154311
0.0202893745 0.0491851792
-0.0365967564 0.042728547
-0.0313081741 0.0592145808
-0.0605275817 0.0225820821
-0.0130916666 0.00621966878
-0.0206340067 0.000429650623
-0.0368191227 0.123447083
0.0107650096 0.112916656
0.00818271562 -0.0531757846
-0.014222417 -0.00237745186
-0.0279897023 -0.0306758136
-0.0189459901 -0.0363611691
-0.024125807 -0.00171661854
-0.0521678217 0.0288074035
-0.0144739682 0.0275158379
-0.0157161802 -0.0241736174
0.0193090197 -0.0118354838
0.0233077705 0.0110574663
-0.0630051047 -0.0552901439
-0.0107731819 0.0409415737
-0.0841391981 0.0232153796
-0.0219211448 0.0455300659
0.0410763733 0.057584025
0.0118120555 -0.0982474685
-0.0568025187 -0.00871983264
-0.038368728 0.0532232635
0.017164411 0.0132522387
-0.0194347166 -0.0140404347
0.0805459619 0.0114174429
0.0576847829 0.00210736273
-0.044015415 -0.0397107936
0.0803022608 -0.0784415677
-0.0261603445 0.0333734304
0.0373705886 -0.0272517744
0.0413698219 -0.0549172983
0.0071891644 -0.0141152022
-0.021719683 -0.0295415167
0.00918468647 -0.059298899
-0.00445770565 0.036235325
-0.0357853733 0.0169461891
-0.0404526517 -0.0430597663
-0.01970274 0.0452998802
0.00456865318 -0.0228124708
0.0270675793 -0.0498708598
0.0502131358 0.0310633909
-0.0371101461 0.00603844458
0.0454335995 -0.0128914891
0.0324879996 0.0175344739
-0.0125521645 0.00101663463
0.000442653254 -0.0618185438
-0.00258125784 0.019301014
0.019057164 -0.014570442
-0.0275163017 -0.110575892
0.0582861975 -0.0908686966
0.104272343 -0.000666184002
0.0452049412 0.0790014267
-0.0316217281 0.00206875638
-0.0356731042 0.0611702427
0.0183924474 -0.00815795921
0.0585055314 -0.0013024509
0.015372592 0.0536604226
0.00733144628 -0.0121041415
0.0115937134 0.0211293828
-0.0878693536 -0.0748608336
0.0317922942 -0.0596088059
0.0792173147 0.0640885457
-0.0235186629 0.0951451138
0.0158856362 0.0594766662
-0.0588270314 -0.00851381011
0.0372511223 0.0473047644
-0.0283138882 0.0543767251
0.0129995393 -0.026860116
0.0157128088 -0.0923866257
0.020322023 -0.0347947143
0.0179219078 0.075659357
-0.0647605881 0.0150452834
0.0496116765 0.0513907261
0.0579616316 0.0281582959
0.00515653612 0.00912889373
0.001146161 -0.00963302515
0.0206579249 -0.0639831647
0.0084462231 -0.035791941
-0.00776539464 -0.0184413288
-0.0290498771 -0.0377785601
-0.0163419414 -0.0557836927
-0.00313076563 0.0518841296
-0.00291868043 -0.0143251121
-0.024904551 -0.0341235995
-0.0477697328 0.036009144
-0.0330818295 -0.0301850196
-0.0299717952 -0.0337463133
-0.1014148 0.00215184991
0.0248902477 -0.0153117198
0.0221082103 0.024222333
0.0285927728 -0.0209735539
-0.011486847 -0.0286020096
0.000305662339 0.0111609064
0.000389740278 -0.0113924723
0.00997713115 0.00811767671
-0.0248408206 -0.000556963205
0.0115741445 0.0112115713
0.00262929942 -0.00070950127
0.0259253532 -0.00536980852
-0.00242946227 0.0303085465
0.0118361935 -0.0266966633
0.0236029252 -0.0189797021
0.0280021932 -0.0273278318
0.0199099574 -0.00865419395
0.00407301402 -0.0149055654
-0.0168505907 0.00326856156
0.0177288614 -0.00753332162
-0.0273149796 0.00595979812
0.00251017697 -0.0252052117
0.0090533765 0.00146095885
0.00281324983 -0.016206054
-0.00831867568 -0.00464423466
0.00472857151 -0.019134488
-0.0201304704 -0.0123539641
0.0020920625 0.019286504
-0.00130916177 0.0291921217
-0.00861345883 0.00546598854
-0.0185037442 7.32701519e-05
-0.0254704896 0.0165505148
0.0200440045 -0.0112539623
0.0034449941 -0.0153745245
-0.0132481297 -0.0129354997
-0.00337293022 -0.0110271545
-0.00152907171 -0.00605036784
-0.0318423249 0.00675511267
-0.0189394914 -0.0111978073
-0.00164784514 0.0269923601
-0.0153696956 -0.00517525943
-0.00497267488 -0.0141691659
-0.000367291766 0.0277577676
0.00861133169 -0.0294821039
0.0101657072 0.0161761865
-0.000438942458 -0.0171261411
0.0115475506 0.00628137914
-0.0180725716 -0.00415810384
0.0128048183 0.0126498071
0.00120102288 -0.000118138843
0.0173854735 0.00329886051
-0.000503951276 0.00911997538
-0.00614854414 -0.0177152622
0.000526398013 -0.00989541505
-0.00107749808 -0.00530042034
-0.00316150929 0.0165662728
-0.00507823983 -0.0101049645
-0.0293526426 -0.0252505243
-0.0414141491 -0.0235589035
0.00622624205 -0.0171358883
0.00519755809 -0.00748284208
-0.016735442 -0.0127445757
-0.0213845782 0.0105787627
-0.0298626143 -0.0160396658
-0.00444384525 0.00376934279
-0.00534346187 0.0146195218
0.00270726043 -0.005178886
0.00534787541 -0.00436956715
-0.0379472375 -0.0152213527
0.017870795 0.0163257308
-0.0210994445 -0.00795781147
0.00884164218 -0.0193309542
0.00812883861 -0.00921795052
-0.003482976 -0.00656206254
-0.0158311818 -0.00943233911
-0.00931762252 0.00415652618
-0.00679577515 -0.011433539
-0.0370901786 0.0231151897
-0.0270918496 0.0113350227
0.00721166981 0.0236142743
-0.0117350761 0.0336006694
-0.0158728119 -0.0123644331
0.00867430028 0.00773088774
0.0108971354 0.00242684898
-0.00797563326 -0.00124914432
-0.00402493961 0.00888169557
-0.0152366105 -0.012683833
0.0185664501 0.0150250625
0.0103575615 -0.00236647297
0.0210773852 0.00877867546
-0.015808994 0.0127197485
0.0179489516 -0.00232996535
0.0104760965 -0.023302136
0.0262709651 -0.0116438642
0.00076677138 -0.0238613971
0.0117134061 0.0128907049
0.0272433851 -0.0198380612
0.0116938362 0.0311598647
0.0201136358 -0.000234905528
0.00186998502 -0.00664026756
0.00863704458 -0.00845678337
0.00504201464 -0.00742406584
-0.0197601933 -0.00110981241
-0.00336930668 0.00672036316
0.0126996329 -0.00302620139
0.00899105519 0.00663508987
0.00287131034 0.0269758776
0.0158368032 -0.0311618727
-0.0125418594 0.00295905326
-0.00874876231 -0.0214544497
-0.00428231945 -0.00178522186
0.010899215 0.0101222815
-0.0227794144 -0.00380504387
-0.0157099087 0.000516489265
-0.00994986575 0.00660711201
0.0168999936 0.00869678333
0.000569735421 0.0118948109
-0.00259322138 -0.00552153308
-0.0134196477 -0.00557291787
-0.00296342606 -0.00443357509
-0.00379814184 0.0224133749
0.0248941761 0.000562316913
0.00765004149 -0.0244352482
-0.00183206715 0.0174481738
0.0236408412 0.00362639502
-0.00269661658 -0.0213474985
-0.00256366748 0.000231878206
0.0107164197 -0.0169079341
-0.0133464271 0.00220327824
0.0190900024 0.0410796292
0.0109447716 -0.0315144174
0.0164261758 -0.00989972707
0.0109920856 0.0253770445
0.00712302281 0.00300378329
-0.0250235666 -0.00634449953
-0.00256667612 0.01666582
-0.00102285179 0.036356695
0.0301089585 0.00358750205
-0.0202366114 -0.0101740574
-0.0368642807 0.0132982647
0.00772624649 0.0312399976
0.00761399185 -0.0158897638
-0.00945932977 -0.00653401157
-0.0227835812 0.000726800121
0.0206993092 -0.00811741035
0.0146652563 0.00402754312
-0.0347444788 0.0114537887
-0.00297582592 -0.00125776161
0.016935017 -0.0324118696
-0.00797384046 0.0100320457
0.0191440489 -0.00806202739
-0.000233128943 0.00249163969
0.00809100084 -0.00562678184
-0.0333753116 -0.0156614017
-0.0150865382 -0.0185008422
0.00174030254 -0.0183872059
0.0178154092 0.0077774222
0.0247589238 -0.0176196545
0.00507210195 -0.00508753909
-0.0111601911 0.0157109518
0.026913045 -0.0391855761
0.00221654004 -0.0048557953
-0.0147940721 0.00717087323
0.000156843715 -0.0118800486
-0.00284224469 -0.0100376904
-0.0204988811 -0.0338342041
-0.0057989005 -0.0274105463
0.018885795 -0.00560378563
-0.00315814978 -0.0105262101
0.0154815596 -0.0105202822
0.0157524236 -0.0107169142
-0.00981094129 -0.0176601689
0.0117656989 -0.0104666166
-0.0138392244 0.00549290748
-0.0134148393 -0.0225539077
-0.0221329723 -0.0269829612
0.0122356731 -0.0140737798
-0.0164672676 0.00394309452
-0.00939944945 -0.00406026095
-0.028895475 0.031627275
0.00579074724 0.0374881849
-0.00149690884 -0.00300959125
0.0126183564 -0.0048054317
-0.00795242563 -0.00213998999
-0.00288938102 -0.00577789685
-0.00844164379 -0.0152529785
0.00305746216 0.0125389276
-0.0147976698 -0.0168593265
0.00585854379 -0.014050521
0.0080590779 0.0121891983
0.0115647893 -0.0123739
-0.0197439007 0.000879144063
0.00236012042 -0.00217357953
-0.0141241103 -0.00626039039
0.0272584911 0.00928202085
-0.0162364747 0.0300699379
0.00507334154 -0.0261960477
-0.00775839156 0.0185224861
0.0138769802 -0.000656947144
0.00562424771 0.00406382745
0.0189325027 0.00550366053
-0.00226223096 0.0132350381
0.0011642325 0.00248352089
-0.0103023713 -0.00599821378
