4.73972659e-06 0.000834025035
0.00114362384 0.00605482608
-0.00106771966 0.00467550987
-0.00341967703 -0.00319354376
-0.00175415957 0.000471019943
-0.00380094536 -0.00324262795
0.000215282664 0.00223464891
0.00519229984 -0.00329660252
-0.00193128351 0.00353868818
-0.00240703346 0.00146901119
0.00184129493 0.00376346172
0.00138249039 -0.000540392124
0.000488738704 -0.00560444407
-0.00369313336 0.00674562762
-0.00010126656 -0.000666736974
0.00258088321 0.00535273831
-0.00521074329 0.00155546726
-0.00181695528 0.00255920808
-0.00747925555 0.00688642403
-0.00499774469 0.0011947169
-0.00722638704 0.00521925697
-0.000758126553 -0.00574048189
-0.00497223856 0.0032232604
0.00107105507 -0.000902112748
0.000618904713 -0.000498546229
-0.000720927841 1.14748373e-05
-0.00973462127 0.0010251276
-0.00228594127 0.00631270232
5.86069436e-05 -0.00714447862
0.000430260552 0.000185111086
-0.00578994071 -0.00297572091
-0.00201027049 0.00441856915
-0.00370328454 -0.00177691411
-0.0031851111 0.00163230067
0.00414792309 -0.00135972898
-0.00321904896 0.00243802834
-0.000297864404 0.00390064297
0.00347350305 -0.00137491862
-0.00225495687 8.40598514e-05
-0.000168070808 -0.00548690883
0.000367363245 0.00119615835
7.95114393e-05 0.00330734695
-0.0046035694 -0.00238028285
6.52741946e-05 0.00432617264
0.00565898791 -0.00769417174
-0.00555827888 -0.00745126279
0.00360767334 -0.00515349861
0.000566777075 -0.00183827756
-0.00247149332 -7.38905146e-05
0.00771184638 0.000159877032
0.00294727762 -7.79197289e-05
-0.00478613097 0.00249343715
0.000402525155 -0.00179704535
0.00253368914 -0.00471379096
-0.000408431923 -0.0048299036
0.00207623816 0.00829892978
0.000366629625 -0.00905880705
0.00261207228 -0.000498039939
0.00512905 0.00599719677
-0.0027312024 0.00166918267
0.00101569365 -0.00313000521
-0.00178073428 -0.000125106104
0.000235924104 0.003356284
-0.00492007192 0.0042877472
-0.00195327261 -0.00362956268
-0.000987001229 0.00286046043
0.00337283453 0.00124985224
0.00404810673 0.00460324017
-0.00552828144 0.00491351541
-0.00293888198 -0.00157694553
0.0029624959 -0.00535077276
-0.00778030232 0.000851328892
-0.00238165213 0.00666106585
-0.000609661685 0.00259738974
0.00474284496 0.00132237002
0.00179473904 0.00945609901
-0.000882067892 -0.00410717167
-0.00174204132 0.00332966913
-0.000749518978 -0.00227994286
0.00582401594 0.000758540991
-0.00167507445 0.000182083619
-0.00174342922 0.0056909048
0.00171393633 -0.00345170032
-0.000253280334 -0.00209829817
-0.000124529601 -0.00618321076
-0.00446457323 0.00142001652
0.00014184165 -0.00176039978
-0.00187261845 0.00143443735
0.00491257152 -0.00362688489
0.0026522621 -0.00110215333
-0.000533671235 0.00396830449
0.00263405056 -0.000380470708
-0.00157274213 0.00224768277
0.00379560702 0.00248402497
0.000135956914 -0.00135410973
0.00293152081 -0.00570738316
-0.00538553298 0.00318578351
0.00124818133 0.000811701
-0.00691212062 0.00298078731
-0.00684440415 -0.00864803512
-0.00038392868 -0.00647079665
-0.00242012483 -0.00862116739
0.00104892533 -0.00327307056
0.00807385426 0.00507287728
-0.0034560957 0.00175512175
-0.00236718729 -0.000439415657
0.000719133823 0.000604048953
0.00149940781 0.00315476162
-0.000519880618 -0.0012437813
-0.000989871914 0.00140658731
0.00260936492 0.000898583676
0.00312892627 -0.00807649549
-0.0037419952 -0.00201442535
-0.00102580769 0.00514280098
0.000347313704 -0.00149137352
-0.00394494319 -0.00111731386
0.00132275349 -0.00217254087
-0.00300446991 -0.00232105283
0.0030811904 0.00482590124
0.000885043992 -0.000913862314
0.000918124453 -0.0038444174
-0.000478599017 -0.0121929264
-0.000122754296 -0.00225008163
-0.00647018617 -0.00864933431
-0.00324373227 -0.00760642253
0.000913451775 0.00324142096
-0.00852395035 0.00143484189
0.00436902605 -0.00679107616
-0.00715802098 0.00218788814
0.00260020467 0.00220740307
-0.00273669325 -0.00349822408
0.0025097942 0.00327348802
0.00150875282 -0.00610395893
-0.00508859986 -0.00554111274
0.00565605517 -0.00468433881
0.00618503056 -0.00330787315
-0.000812439306 0.00329638738
-0.000180678529 -0.00524256565
0.00014049212 -0.00447625807
-0.0030802316 -0.00425143074
0.00404173555 0.00146567402
-0.00183516101 -0.00164941885
-0.000770310697 0.00323803932
-0.00253107422 -0.00323238038
-0.00150129048 -0.00531479903
-0.00450146385 -0.00278316531
0.00474196626 0.000995303853
6.16852776e-05 -0.00364719331
0.00346975564 0.00171054108
-0.00121854001 0.00687203789
-0.00221546181 -0.00271784165
-0.00126291718 -9.44801432e-05
-0.003080945 0.00468560169
0.000503209827 -0.00248422171
-0.000799054571 -0.00351882679
-0.00032936348 -0.00440137507
-0.00549700856 0.000446708233
-0.00342069613 0.00129863922
0.00637473399 0.000611013791
-0.00255701505 -0.000400950608
-0.00492826756 0.0039581405
0.000631818897 0.00346509414
0.0063960813 -0.00429344969
-0.00546800159 -0.00122455717
-0.000852038036 0.000157151298
-0.00292632449 0.00214449805
-0.00645271875 -0.00230263872
0.00329726539 -0.00194893521
0.00029255962 -0.00184013054
0.0017004729 -0.00674453145
-0.00279415445 -0.000796927838
0.00221467693 -0.00198658486
-0.00238561281 0.00121605571
0.0003184815 -0.00409056945
-0.00379277277 -0.00265887263
-0.00374926254 -0.0047977739
0.00593243726 -0.00302766962
-0.00246203854 0.00208964292
0.00151311129 -0.00163042976
-0.000471419917 0.00151396578
-0.000684201077 -0.0047107744
-0.00196128059 -0.000199975257
0.00383979827 -0.00594478846
-0.000691706373 -0.00219471753
-0.000102443541 -0.00216028793
-0.000388310378 0.00206129695
0.00429290254 0.00155329739
0.00274169655 -0.000210316066
0.000733050634 0.003325823
-0.00224610488 6.32761439e-05
-0.00562207261 0.000628735637
0.00291055348 0.003563073
0.00371873844 0.000461301184
-0.00022297517 -0.00138678437
0.0017712781 0.00155423372
0.00334535446 -0.00100901024
0.00279515516 0.0020478412
0.00246650586 0.0048255492
-0.00245397235 0.0026035537
0.00606059656 -0.000180516057
-0.0395737253 -0.0436640009
-0.0277510285 0.00503849564
-0.00746064074 -0.0453487821
0.0301106833 -0.00397497509
-0.0146462144 0.0635617897
-0.0229410436 -0.0769927129
0.0438312851 -0.00382733694
0.0381552354 0.0122433761
0.0633193552 -0.0392692462
-0.0216080528 0.00987884589
-0.0415811837 -0.00934815966
0.00965196267 -0.0145658832
0.036309842 -0.0439598225
0.00263364497 0.0308336634
0.0532541424 0.0342497826
-0.0186140407 -0.00647724513
0.00403325632 0.0237007271
-0.00483412249 0.0504269488
0.00714318315 0.0380989574
-0.023737831 0.00829793233
-0.00374941807 -0.0432302989
-0.00773126306 0.0962424204
-0.00079090026 0.0290486645
-0.00343217654 0.0173127037
-0.0359400213 0.00873610191
0.0102310525 0.0216577444
0.0686274692 -0.0177979283
-0.0618232898 0.0347123742
-0.00682327989 0.00837573316
0.00301966118 -0.00666639674
0.0407687575 0.0236415248
-0.0050135972 -0.0243095271
-0.0198565349 -0.00593851972
0.0231323298 0.00855328981
-0.0548884422 0.0120427124
-0.0883399174 0.0220141597
0.0227354504 -0.0121391425
0.0169934481 -0.0288344137
0.0258585829 0.0203656461
-0.0123954862 0.00838241167
0.00344256149 0.00107165193
0.0502504967 0.029395422
0.00886870082 0.00348409265
0.0207116064 -0.0111248363
-0.0156247364 -0.0366518125
0.0140972678 0.039359346
0.0168598276 0.00529059628
0.00289142551 -0.0258736759
-0.0370574407 -0.0428700559
0.00222331029 0.0163173657
-0.0228664577 -0.00991591811
-0.0277488716 -0.0245441962
0.0287816711 0.0462475196
-0.0369130336 -0.00146784179
-0.0224264842 -0.033993993
0.00396783277 0.0384083912
-0.0122650973 -0.0537363701
-0.0243010782 -0.00486269733
0.047667373 -0.035839662
0.0312667452 -0.0362328365
-0.0110281538 -0.0400705077
-0.000813656487 -0.00695891213
-0.00740378257 0.0109493257
-0.0656816512 0.0441549011
0.0255274102 0.0154806878
0.0118149146 0.0312517695
0.00860659964 -0.00716202147
-0.0664329007 -0.0547672063
-0.0160416663 -0.0161809884
-0.0269965623 -0.0189630035
0.00369969662 0.00772970635
0.0619218461 0.023991812
-0.052035559 0.0272668526
0.0103158187 -0.0518631302
-0.0572546348 0.0684340075
0.00488469284 -0.0410491787
-0.0473712161 -0.03651499
-0.0308708493 0.00564153353
-0.0199751388 0.0982408449
-0.0061097797 0.0190178305
0.0157069676 -0.0101505779
-0.0441401899 -0.0111201024
0.0187134296 0.0307978913
-0.0632705912 0.0350704119
0.0605966337 0.0382942818
0.00392854679 0.00881089643
-0.0212313756 0.0490418561
-0.00244067446 -0.020012904
-0.0113561256 -0.0332518555
-0.0126475394 -0.0367777944
-0.0314924419 -0.000394304021
0.00155378517 -0.0567357503
0.0181970391 -0.00733207678
-0.0409569182 -0.027075721
-0.0352372006 -0.013373238
-0.014506083 0.0363513716
0.0149018234 -0.00577139668
0.00453483872 -0.0493945964
0.0346337892 -0.00821970403
0.0512227491 0.028614888
-0.0352425948 0.0307533294
-0.0217113681 0.0466482416
-0.00799161848 -0.0398946218
-0.0837826356 0.00610221969
-0.0506699905 -0.0169425644
-0.0135931168 0.030080393
-0.0241077784 -0.00556623517
0.0108215315 0.00682958169
-0.0136654144 0.0117250131
0.0308733322 0.0112036299
0.0041645132 0.00772338221
0.0309368819 0.0138097871
0.0157857705 -0.0396546312
-0.0509870574 0.00603193324
0.0265681278 0.0194072705
-0.0215022061 0.0202910658
0.00913729146 0.0539929904
0.0044983495 -0.0167823993
0.0176939759 -0.0171902571
0.0379243791 0.0192037467
0.0065428149 -0.0333672017
-0.0105412342 0.000837091357
0.00307131885 -0.0405856855
0.0050438894 -0.00943404529
-0.0133683151 -0.0148012228
-0.00771434 -0.00459437678
0.00721029565 0.0431752764
-0.0268331971 0.0466475524
-0.0266962443 -0.0455809124
-0.0246134717 0.00356144551
-0.00258106762 -0.0479316004
0.0274688508 -0.00298706326
-0.0358060338 0.0584644973
-0.0180130769 -0.0738468543
0.0437708944 0.00236723619
0.037123058 0.0205669887
0.0683514178 -0.0236734115
-0.0194121189 -0.000491323124
-0.0328554027 -0.0206131171
0.0117366835 -0.006179363
0.0511614718 -0.0386433117
0.00642323215 0.0366795547
0.0540215187 0.0429699495
-0.0164466295 -0.0136491274
0.0027505802 0.0152654266
-0.0200238638 0.0523319729
0.00550735369 0.0374266058
-0.0136561086 0.007951729
0.00812413078 -0.043937467
-0.0187185518 0.0854202807
-0.00024410116 0.0247654747
-0.0125362109 0.021254357
-0.0410378575 0.0153145408
0.000848210941 0.0300652944
0.0722971484 0.000447058264
-0.0597841367 0.0189197604
-0.00489491457 0.00682655862
0.0079538757 -0.0068099522
0.0357961841 0.0314727128
0.000438743562 -0.0218467303
-0.0205495935 -0.00369643769
0.0246859286 0.0191340987
-0.0615177974 0.00184912665
-0.0807620883 7.20441312e-05
0.0122359628 -0.00609067222
0.0273488369 -0.0341728441
0.0198558997 0.0121937459
-0.0132010337 0.00597116398
0.00891235378 0.0014952214
0.0434492677 0.0398246944
0.00624772068 0.00826563686
0.0167060848 -0.0122265937
-0.0102816317 -0.0381627381
0.00309963408 0.0345694497
0.0186698791 0.00783052761
0.0260528624 -0.0250583757
-0.0268144105 -0.046468094
0.00525700999 0.015477336
-0.0111286361 -0.0152502079
-0.0238520186 -0.0239442196
0.0173798446 0.0448122434
-0.0409956463 -0.00803010911
-0.0158033818 -0.0281241983
0.00500714313 0.022797728
-0.00532881496 -0.0519692488
-0.0250778981 0.00265182578
0.0552175716 -0.0241213758
0.029166298 -0.0200793277
-0.00455630803 -0.037431296
-0.00306423544 -0.00838754699
-0.0119488966 0.00741512515
-0.0751669407 0.0352131128
0.0207838882 0.02099091
0.00339397858 0.0229437016
0.0165969655 -0.00675877742
-0.0597650707 -0.0699510276
-0.00402879249 -0.0237968769
-0.0200207476 -0.0205162484
-0.00433026114 0.006793309
0.0544100069 0.0434335358
-0.0618236661 0.017680265
0.0141280415 -0.0505367815
-0.064559482 0.0543250777
0.0140098799 -0.0428149775
-0.0361588597 -0.0539301783
-0.026769327 0.00356971822
-0.0409040339 0.0950567797
-0.0105611607 0.0276447348
0.0156039838 -0.00177684799
-0.0447507948 -0.0192000736
0.0212406181 0.0325038247
-0.0656198114 0.0266583059
0.056032896 0.044612281
-0.00112689717 0.0101526929
-0.0255121253 0.0371979401
-0.012221029 -0.0179586411
0.00259987195 -0.0256182253
-0.00384104648 -0.041778855
-0.0192894004 0.000543717353
-0.00141911092 -0.0522159263
0.0139742838 -0.00156910717
-0.0441170223 -0.0394320339
-0.038933415 -0.0159861315
-0.0144129973 0.0306164641
0.00941831432 -0.00391468545
0.0185308233 -0.0488431305
0.0409294069 -0.00796056073
0.0443829596 0.030816989
-0.0474947803 0.0229789354
-0.0313071124 0.0393110774
-0.00115479645 -0.0414388813
-0.0838852599 -0.00644199504
-0.0463801287 -0.0278585237
-0.0266670529 0.0276033729
-0.027975969 -0.0123620154
0.0036390468 0.00828108843
-0.0160056707 0.0128324302
0.0318626799 0.0256636273
-0.00559214735 0.0115297763
0.0294279922 0.0102174897
0.0215382241 -0.0381981879
-0.0491114818 -0.0112731997
0.0270961486 0.0248884503
-0.0279047079 0.0177808311
0.0116219213 0.059516117
0.00565410545 -0.017584173
0.0262409672 -0.0149928015
0.0309094023 0.0224836562
0.0136305308 -0.0349902771
-0.0110081639 1.39518879e-05
0.00411021011 -0.0433839969
0.0108104963 -0.00885349326
-0.00750602921 -0.0181143843
-0.0134424902 -0.00454021478
0.00107460609 0.0419075191
-0.0268727951 0.0383900404
-0.00493730279 -0.00849934667
-0.0132427849 0.0337996185
-0.011870997 -0.00801380165
0.0261880606 -0.0299775694
0.0699439645 0.0187139902
-0.00314197736 -0.0549491234
-0.0809153616 -0.0558044016
0.053449586 0.0469205156
0.0136830313 -0.0178978425
-0.0408906229 -0.086599417
0.0209268183 0.0326364972
-0.0238642897 0.0585070401
0.0149793485 -0.00192419474
0.00152461138 -0.0366625451
-0.0316836238 0.00155544735
-0.00770763587 0.0175040681
0.038703654 -0.0295060668
0.0450162664 0.0372794531
-0.0158669446 0.0176780876
-0.0211367104 -0.00491711823
-0.0169968326 -0.00923781376
0.000215752225 -0.0315632783
0.0205519069 -0.0353715792
0.0500615127 -0.0653175786
0.0704908818 0.0208091754
-0.00284811552 -0.0154264607
-0.00282177259 -0.00778404251
-0.00461923378 0.0521827452
0.047128357 0.0163137987
0.0150624653 0.0595967397
-0.0175298229 -0.0168377608
0.0163718332 0.0441153534
0.00183828501 0.0828199685
0.0157714672 0.0265698507
-0.0321840271 0.0780774504
-0.0654943064 -0.0224369653
0.00747614913 -0.0902452022
0.0385761224 0.0126918498
0.0266139712 0.0513808429
-0.00619681599 0.0496399552
0.0620017312 0.0546902306
0.0380846448 -0.0297756437
-0.0159062538 -0.0641713887
-0.00760976784 -0.0248256829
-0.0259535909 -0.0440190621
-0.0204279013 0.00479836343
-0.0226063076 0.00124921114
0.0146760456 -0.0594659783
0.0776553303 -0.00601609703
-0.0320424475 0.00452317577
-0.023488218 -0.0524767339
0.00854136981 -0.088059932
-0.0390111431 0.0239783805
0.0454842933 0.0565010943
0.0133114271 0.0257964972
0.0361595191 0.0523217358
0.0618530773 -0.0244447552
-0.104025409 0.0356896706
0.014619044 0.0210260246
0.152547672 -0.0440377854
-0.0108727431 0.0297188107
-0.0713623166 0.0174308233
-0.0411188118 -0.0383426361
0.00742918905 -0.0488460921
0.133167416 -0.0143107511
0.0370783396 -0.00243996992
-0.0572481342 0.0434976518
0.0421622619 0.00293610548
0.0213364568 0.0193695538
0.0273733698 0.0642400235
0.0388145298 -0.0279020444
0.0423540697 0.000815008418
0.0896311924 0.0267669261
0.00130640424 0.00484726485
-0.0388236567 -0.0351871885
0.018282529 -0.00830102339
0.0700870082 0.0239576437
0.0728550628 -0.0759802982
0.0155774793 -0.0232623294
0.00799185503 0.0145091396
-0.0133577799 -0.0126459459
-0.0252416041 -0.0637717098
0.00192490988 0.0369185358
-0.049461849 0.0639088228
-0.030625334 -0.0652440861
0.0560888462 0.0269191917
-0.0379666165 0.000950871909
-0.070756197 -0.0178829823
-0.0617809705 -0.0205368735
-0.0581755899 0.0146421799
0.0592204519 0.117061086
0.0105577353 0.0195257496
0.0118323425 0.00697052199
-0.0100035481 -0.0051432238
-0.0628167167 0.0237473398
0.0295616128 0.0328541212
0.00247086212 -0.0744525492
-0.00954437163 -0.000797132438
0.048754923 0.0681328401
0.0117736701 -0.00719825784
0.0492901802 -0.026861025
0.00938934553 0.0219617672
-0.0143205477 -0.0352051109
0.0215044208 0.0456358306
-0.0777065232 0.0880386382
-0.0873994231 -0.0384651348
-0.0345949754 0.03313962
-0.0223920513 -0.00454573007
-0.0140994675 -0.0373149849
-0.0177411884 0.013161188
-0.0301888976 -0.0188786592
-0.0553163365 -0.0189857278
-0.0422664993 -0.0394806154
-0.0502374321 -0.0750378445
-0.000696046278 -0.0419048779
0.00697744684 0.0928933695
0.0423082896 0.0720764771
0.0472947881 0.00734931324
0.0355717316 0.0374797434
0.0529713295 0.0273226853
-0.0279598627 -0.0383950621
0.0729310736 -0.0867628679
-0.0167905446 -0.0335432515
-0.085325405 -0.0377234705
0.0393831879 -0.0145407449
-0.0587588735 0.0738009214
0.0452489965 0.0114919413
-0.036907468 -0.00541451573
-0.00855819974 -0.00637233863
0.0452135466 -0.0878835768
-0.0674501434 0.0180278663
0.0751187801 0.0782973543
0.081516616 -0.0545667522
0.0777599588 -0.0176724959
-0.0342562422 0.0128920162
-0.0728986859 -0.0414226949
-0.0510509983 -0.00680154376
-0.0767052323 0.00755092176
0.0258982312 -0.0474086963
-0.0283438656 -0.0512595698
0.0399660692 0.0186388325
-0.0166592132 -0.037300691
-0.0450753793 0.0161296148
0.0434890352 0.0746718124
-0.0439331569 -0.047576718
-0.0107327402 -0.0580293871
-0.0476302467 -0.0530342013
-0.0503317975 -0.0410800911
0.00732205948 -0.0457899906
0.00395606644 -0.0233977512
0.0555247366 -0.00924494769
0.0482465774 -0.054397963
-0.0756706893 -0.0350947604
-0.00460434891 -0.0211490523
0.0514160953 -0.0292083044
-0.101641618 -0.0150748547
-0.0563451536 0.0499565005
-0.0108933169 0.0645134673
-0.0223524459 -0.0222365558
0.016156422 -0.00857532583
0.0413422957 0.0709557086
0.00252523692 0.0247668531
-0.0526874289 0.0337056853
0.00033451934 0.0565904826
-0.0192784052 0.0303787626
0.011565689 0.0380787067
-0.0291950367 -0.00931280199
-0.0366374366 -0.0196963418
0.00269397907 -0.00564402062
-0.0643311068 -0.00553547079
0.0176636558 0.0109801861
0.0148125291 0.0437109061
0.00211056531 0.0477456599
0.00675181672 -0.0368659049
-0.0428598411 0.03154172
0.0225878973 0.0267664529
0.033527676 -0.0836681351
0.00802178401 -0.0272399876
-0.0216303244 -0.0453327
0.0252710599 -0.051729776
0.0231727622 0.0144221466
0.0334513076 0.0390685871
0.0305262916 -0.0112895602
-0.0477737896 -0.0115523571
-0.0037978394 -0.00526200747
-0.00937744696 0.00374586158
-0.0314713046 0.0113690663
-0.0270823035 -0.00859753788
-0.00101371086 0.00746765966
0.0234872922 -0.0505573861
0.0167410225 -0.0234808624
0.0124753714 0.0102599068
0.0179293714 0.0015681457
-0.0151458634 -0.0466096178
-0.0216062646 -0.0400654934
0.0285420548 0.0279330425
0.0257286374 -0.0343586504
0.0351398215 0.0536955297
-0.0375937633 0.0278763808
-0.016068399 -0.0632531494
0.0402979441 0.0347359963
-0.071140416 0.00654263748
0.0123611167 0.0111187603
-0.0167223252 0.0130002918
-0.0257119704 -0.0278189126
0.0459897816 -0.0312458407
-0.000828406308 -0.017989723
0.0390300825 0.0110583175
-0.0341777503 0.00138000783
-0.0280443653 0.0360034853
0.117478572 0.0272650551
0.0384952873 -0.0378480069
0.00125690957 -0.0687362254
0.0650247112 0.0233732648
0.0830090865 0.0106280604
0.0320366211 -0.0397665165
-0.0231113378 -0.00804626383
-0.0103636393 -0.0131179001
-0.0283077974 -0.0376888514
-0.0185066666 -0.0172827058
0.0229015052 0.0729975253
-0.0486052185 0.00438845204
-0.0196491666 -0.0122451372
-0.0351183116 -0.0460877828
-0.0151311094 -0.0427116118
0.0641165078 0.0957283452
-0.0263379123 -0.0277230944
0.0302107725 -0.0389663167
0.0176246911 -0.00274296105
-0.0110395886 -0.0202504341
0.0597718097 0.0600720905
0.000188735954 -0.0428426377
-0.0305595826 -0.0348173082
-0.0488960333 -0.0115733296
0.0559625775 -0.0296849087
-0.00868415739 8.28719203e-05
-0.070820868 -0.0221035276
0.0627852902 0.0435090326
-0.0144606289 0.0547568798
0.000962587073 0.0631399602
0.0567926429 0.0664670393
-0.0127762863 -0.0202858802
-0.0654308796 -0.0305796023
-0.0166270528 0.0349614359
-0.00359470909 0.0607720502
-0.0802670196 0.0342860445
-0.0555894598 -0.0468120426
-0.027530523 -0.0292161535
0.00725265965 0.0557160154
-0.00215754076 0.0428771004
-0.00649811607 0.0364572331
0.046523083 -0.0244408678
-0.018193366 -0.0221599285
-0.00585882878 0.0606786273
-0.0499271713 0.0355005823
-0.0962314308 -0.0177506972
0.000591568416 -0.0176285524
-0.0185247306 0.0310103111
-0.00781060616 -0.00850585662
0.0322952531 -0.011943684
0.0545279868 0.032838773
0.00900815986 -0.0418636538
-0.0566143431 -0.0753121674
0.0370965265 0.0591618046
0.0152761638 -0.0186358783
-0.00193068921 -0.0974552035
0.00163603097 0.0381105021
-0.0391235128 0.0566641279
0.0188214052 0.00642964197
0.0128181884 -0.0307983141
-0.0242981669 0.00039233081
-0.00401906716 0.0109164882
0.0402215868 -0.0233092383
0.0373650938 0.0438101254
-0.0218032897 0.00481833611
-0.0171639621 -0.0100259418
-0.0111902412 -0.00936374068
0.00682944478 -0.0282865297
0.0193890221 -0.0259703659
0.0616346113 -0.0476262383
0.0556222275 0.0457681119
0.00393756665 -0.0174137782
-0.0116789099 -0.00165186089
-0.026735777 0.0524652116
0.024626622 0.0299407002
-0.00631843274 0.0651504844
-0.0129135521 -0.0209199879
0.0017771289 0.0519273877
-0.0357472748 0.000705700775
0.0237474851 0.0238055177
-0.0389241576 -0.0491373911
-0.0905177519 -0.052895382
0.021250749 0.0443271734
0.0705262348 0.0430225842
-0.00595463999 -0.0665056854
0.0189713296 -0.021780964
-0.0225860178 0.0195348673
-0.0263725091 -0.0401506238
-0.0019974045 -0.0293044709
0.0349525847 0.0065214769
-0.0023775883 0.0712871104
-0.0569514297 0.0286816955
-0.00194560853 -0.0601903796
-0.0258092768 -0.0487400442
0.070007056 -0.0231562983
0.0172833782 0.0110101467
0.0226762369 -0.00170491613
0.0470712595 0.0845348909
-0.0275604259 0.0256604739
0.083539404 -0.0445505567
-0.0447790213 0.075357765
-0.0580129027 0.0159044676
-0.005418038 0.0430127829
-0.0192189403 0.0123456009
0.0234143324 -0.000628369977
0.00823726971 0.0434184857
0.037665315 -0.0104530882
-0.0738219842 -0.0021149395
-0.025454754 0.012924985
0.0358929932 -0.0156946015
-0.0249736793 -0.0366227254
-0.0253081005 0.0332262255
0.0201705266 -0.00979558472
0.0170111787 -0.0650027767
-0.0210603327 0.0278609116
0.0382277109 0.0231427569
-0.0217967182 0.0278759897
0.0195167717 -0.00947854202
0.0439518653 -0.00371834985
0.0325192139 -0.0588655621
0.0894371867 -0.0230924636
-0.0758655146 0.0574429147
0.0278765038 -0.015977269
0.0623030066 0.0805904269
-0.0152670015 0.0232871938
0.00915577821 0.0218382291
-0.0451646596 0.0589772239
-0.0451567583 -0.0420279019
-0.0603145994 -0.0329275206
0.0389362462 -0.0423316322
0.0659951419 0.0219327118
-0.00674488069 0.0385515802
-0.0265322141 -0.0127991401
-0.0394704565 -0.0408507511
0.0305585805 -0.013502012
-0.0306158513 0.0131377662
-0.0669944286 -0.0214435644
0.0150640756 0.0761907771
0.0365388915 0.0395713449
-0.0246348809 -0.103088439
-0.0307256058 -0.0552073456
0.0224484 0.0179947149
0.00854473002 -0.0377270468
-0.0237319041 -0.0324493982
0.0241987146 0.0238555446
0.00424537109 -0.0567832217
-0.0268628374 0.0260764454
0.0805049539 0.13757728
0.0455253534 0.0026471673
0.0202047378 -0.0203517117
0.0601142347 0.00478946464
0.000345027656 -0.0560370758
0.00177931564 0.0107490448
-0.00602979818 0.0771404058
0.0347928181 0.024386825
0.0897537917 0.0232305173
0.0413526632 -0.0336814485
0.0353363417 0.00232979003
0.0206914898 0.0711987019
-0.0129762599 0.0311233383
0.0711378306 0.0166457631
-0.00101684453 -0.0100071095
-0.0333943181 -0.0115870554
0.0372092985 0.00559541397
0.0309155025 0.0376559347
0.0880874395 0.0192597508
0.00447763689 0.0231801476
-0.0370350406 -0.0195535421
0.0804071948 -0.0687195212
-0.015307568 -0.0402648374
-0.0410850309 -0.0832277611
-0.014919539 -0.0181514267
-0.0106085353 0.0546571352
-0.0141288433 0.0135506811
-0.053734649 -0.00161092123
0.00500835432 0.0311125834
0.0255222041 0.00947706774
-0.0337426402 -0.040202342
0.00695735309 -0.0193083975
0.0340815261 -0.0746992677
-0.0434397571 0.0578394383
0.0146123702 0.0667009652
-0.0258631259 -0.0839286
-0.0831823424 0.009513014
-0.0315272473 -0.00683906348
-0.070253253 -0.00360418111
-0.0452298708 -0.00903875381
-0.0212753918 -0.0230937898
-0.0109315254 0.0730597153
0.01616746 -0.025468437
0.0751975104 -0.0689414591
0.0212308913 0.0223083757
-0.0149604622 0.00222915201
0.042109441 -0.0790776238
0.00768425595 0.0244163014
0.00228595873 0.0540057048
-0.0222140439 -0.00460843788
-0.0214604754 0.0337326415
-0.0447937958 -0.0495753549
-0.0186208971 -0.0239920523
0.0209320914 0.0730000585
-0.0701968223 0.023814654
-0.0430635251 -0.0172867868
-0.0182981919 -0.00963592622
-0.00401459821 0.030964762
-0.0586172305 -0.0334692709
-0.0767308623 -0.0979617313
0.0171360709 -0.0350321978
0.0217658225 0.0113901449
0.0568821058 -0.0266036578
-0.0551029742 -0.0120111741
-0.0121649494 0.0132506387
0.0791521668 0.0610751398
-0.033798784 0.0857280269
-0.0488262735 -0.0149476128
-0.0948137194 0.00621848088
-0.00739447214 0.00263061444
0.0296694729 -0.0324812606
-0.00423201965 0.00520274881
0.0342231542 0.00742369331
-0.0280902386 0.0540480949
0.0199411232 0.0082126772
0.0392011106 -0.0259803236
0.0464860722 -0.0159331392
0.0322466008 -0.0704940185
-0.0412104614 0.0124222664
0.0298322029 0.00781380199
0.0180132557 -0.0131660774
-0.0274424907 -0.0537733585
-0.00651099905 -0.128344744
-0.0289439075 -0.00709711341
-0.0211704988 -0.00204729103
-0.0316789374 0.00357084326
-0.00514779007 0.0425057858
-0.0213219449 0.025868237
-0.00349895447 0.0418124385
0.0981018171 -0.0171131343
-0.0106707737 0.0090144882
0.016091384 0.0300838836
0.0157197006 -0.00264131324
-0.0704422444 0.0584455095
0.0343925469 0.0196811277
0.0339007303 -0.0121201705
0.044840619 0.0267854426
0.0212194882 -0.0237311926
0.0201846547 -0.0118939672
0.00356546906 -0.0254068859
-0.0994425192 -0.0839985907
-0.0231640656 -0.0505313054
-0.0210886989 0.00567738991
-0.00928647351 0.0275527723
0.0385133661 -0.0201863535
-0.0832428709 -0.0148936529
-0.0475027896 0.0210325979
-0.0492858663 0.0229186807
-0.0078539839 0.02364113
0.0606977828 0.0124112433
-0.0222507957 0.0324131362
0.0107890964 0.000307288981
-0.0490329005 0.00501473388
0.00453176443 -0.00242957543
0.0545236282 -0.0766880587
0.0202208087 -0.0447909199
0.0853727907 0.0193891898
-0.00460360618 0.104278959
0.0129321991 -0.0110166408
0.0240799189 -0.0596992597
-0.0539902784 0.0385817289
-0.00911816303 0.0226708353
-0.0415313579 -0.0128465574
-0.0387164876 -0.124272496
0.00643867953 -0.062460091
0.0205699429 0.0233717132
0.00838007126 -0.0232592933
0.0152155366 -0.0370508023
0.0643225759 -0.0378384702
0.042057436 0.0544864275
-0.0163936988 -0.0254743714
-0.0191212483 -0.0625141338
0.0455396213 0.000621047628
0.0069741942 -0.0245846994
0.0369277261 0.0263180938
0.0169427786 0.0207374077
-0.0922521055 -0.0123733543
0.00851984601 -0.0153208487
0.00821360759 0.0356807373
-0.103775434 0.0158439893
-0.0290429313 -0.000131465888
0.059394706 0.0366552062
0.00825769827 -0.0309138875
0.0285884626 -0.0307102557
0.0348489881 -0.0572604127
0.0131744929 -0.0283580869
0.0534994192 -0.0564228073
-0.0450940244 -0.0657830089
0.0422565416 0.0575487912
0.0658838302 -0.00854053721
-0.0780633315 -0.0208613593
-0.0192712769 0.00390978716
-0.0079732528 -0.048621837
0.00140505668 0.0247624386
0.0193958506 0.0251586344
0.0223481413 -0.0323774815
0.0282065738 0.00478309719
0.0483106337 0.0268491972
-0.00493658613 -0.0148312915
-0.0380346775 -0.0897008926
-0.0168721918 -0.0361293256
-0.0947919711 0.0169949997
0.00632471824 -0.032437481
0.0196434669 0.0118569043
-0.0385559276 0.0819469169
0.0165435076 0.0488303527
-0.0124981645 0.0313140787
-0.00288935029 -0.0426834002
0.00128509733 -0.0206849128
-0.0204616711 0.0632912889
0.0285157748 0.0150513761
0.0523727946 0.0583368056
-0.0243977141 0.033504501
-0.0521984622 0.0167237446
-0.0318573751 0.0871886238
-0.00246664439 0.0427862853
0.0701489598 0.0433993191
0.00979688764 0.0184262376
-0.0440273806 -0.0302909743
-0.032911282 0.049556423
-0.0405232124 0.000905808643
-0.0206774585 0.0420936719
0.0581528433 0.143756241
0.036240451 -0.000124805127
-0.0422068052 -0.0338908806
0.00713615119 0.0405713208
-0.0159211475 -0.0419939831
-0.0311989505 -0.0175387301
-0.0045361463 0.0305242594
-0.029507013 -0.0631610826
-0.0694262534 -0.073015146
0.0133113461 0.0506086759
0.0517472811 0.0647884384
0.0191195458 -0.062425863
0.0297840014 -0.0190177858
-0.0295251887 0.0119246766
0.00057091302 -0.0495071597
0.00910711195 -0.0271361172
0.0370573439 0.0155480215
-0.0190057196 0.0685102716
-0.0560312979 0.00146207726
0.0160190295 -0.0677921623
-0.0155746695 -0.0610126927
0.0781685114 0.000603301916
0.0084162252 0.0122442339
0.027712306 -0.00226680888
0.0144276172 0.099973157
-0.031167971 0.0168527886
0.0852847397 -0.0234781578
-0.0675573498 0.0501997434
-0.064590387 -0.00614687335
-0.0160800777 0.0238978416
-0.0261139777 0.00593267707
0.0324016698 0.0095403092
-0.00131782214 0.0402993895
0.0400242396 -0.00200610422
-0.0604392514 -0.0253779497
-0.0188670438 0.00538628222
0.0417519957 -0.0038612939
0.0565771684 -0.0307071824
0.027139511 0.00681501394
-0.0612244867 0.0274935272
0.075176239 -0.0103317956
0.0225136764 -0.0167371091
0.0660209134 -0.0205210764
-0.000822124421 0.0214351378
-0.037832547 -0.0218433179
0.028689038 -0.0132552907
-0.0174503755 0.00734873069
0.00946507603 -0.0213738419
-0.0262937397 0.0329165198
-0.0168440584 0.0208917651
0.00273773354 0.0415173508
0.0457912087 0.0208788346
0.0541341715 -0.0611353517
0.000675085117 0.0677855387
-0.000974326627 0.0159423463
0.00195777626 -0.040554665
-0.00729059475 0.0355062485
-0.0569535531 0.00233247108
-0.0268002842 0.0344841518
0.0424168259 0.0267687645
0.0336905159 -0.00472886674
0.0790519416 0.00947959255
0.054746028 0.0435278751
-0.0735236183 0.0689984784
-0.0118443696 0.0364323519
0.0533422306 0.0244883671
0.0331168808 -0.00396129163
0.0213657655 0.00255316962
0.0453460403 -0.0292558242
0.070085682 -0.000883532397
0.00525670405 0.00921034347
-0.000100848803 0.00128721318
-0.0119144628 -0.00299143
-0.051136829 -0.0550861396
0.00676109223 0.0475259982
0.0602977127 -0.0317265727
-0.00872550067 -0.0829879344
0.00019287788 0.104472168
0.0631500334 0.0345042944
-0.0214200877 0.0172210615
0.0212200917 0.00628574658
0.0186079592 -0.0656744763
-0.0306623783 0.0599163175
0.0327138938 0.0521980599
-0.0160517953 -0.080526866
-0.0472216643 0.0280444417
-0.0845156312 0.0378120579
-0.0324919708 0.0170994662
0.0258148331 0.062730439
-0.0222491603 -0.0151175205
-0.0293913987 -0.0127252983
-0.0401769355 -0.0166470408
0.0280253924 0.0216397084
0.0197703503 0.044097092
-0.0259957481 -0.0259662084
0.000837484433 0.0589874946
-0.0459539667 -7.1026584e-06
-0.0730661303 -0.0378447995
0.0129985083 -0.01349214
0.0302743521 -0.00376911368
-0.0108518898 0.0145708099
0.0255761035 0.0271045528
0.000389479275 0.0461196564
-0.0486709997 -0.0653172284
-0.0717202574 -0.0278161634
0.00269519212 0.0367395207
0.00175511895 0.0277093314
-0.0296860691 0.00830391981
0.0509076789 0.00437583774
-0.0411422737 0.0530192927
0.0554732308 -0.0513813384
0.0965677425 -0.038893044
0.0189989563 0.0352983028
0.00999365468 0.047578264
-0.0599299595 0.0128613478
0.0264966171 0.00729283877
-0.00854811724 0.0323271565
-0.00244325399 -0.000234676016
0.00852695107 -0.0184124392
-0.0711714029 -0.109279864
-0.00856175646 -0.0341238268
-0.0676902235 0.00742046209
-0.0096989153 -0.0816915557
-0.0171566848 -0.0219950452
-0.0537490882 -0.0100310491
0.0726585537 -0.00346426642
0.0282508265 -0.0179848354
0.0734028667 -0.00231610518
0.0474108607 -0.014747343
-0.0561266243 -0.00578140095
-0.012526161 0.00587232551
0.00106358086 -0.00141616957
0.0395116881 0.0530155823
0.051704403 0.00445294753
-0.0138036925 0.0311410241
-0.0245659798 -0.0110325292
-0.0478188545 -0.00930020586
-0.0102663878 0.00686150091
0.0113934381 -0.0726228431
0.0332869068 0.0075385794
0.0307836495 -0.0365462638
-0.0348644555 -0.0378942564
0.0106514245 -0.00159580086
0.0152888047 -0.00457778946
-0.000880543026 -0.0105404714
-0.0607912913 -0.0210397169
-0.062695235 0.0490970202
0.118396148 0.0147958845
0.0285759568 0.0154688004
0.0282134339 -0.041202683
0.108663619 -0.00916627143
0.0065885568 0.00810070336
0.0532699786 -0.043318592
0.0654605478 0.0425704569
0.0221004654 -0.0026438795
0.0220465995 0.0811272934
-0.0715193823 0.00641252333
-0.0497012213 -0.130063668
0.0292071495 0.0495200828
-0.0476948172 0.0189150888
-0.0191847589 -0.0486673899
0.0732367486 0.0375719108
-0.00161468028 0.0190542694
-0.0540179908 -0.0170486011
-0.021977976 0.0533398688
-0.0199436005 0.0504139028
-0.0812847391 -0.00776552875
-0.0474719182 0.0538038276
0.041242484 0.0132608926
0.0225267485 -0.0470897481
-0.0808062851 -0.0181242563
-0.0442362614 0.00560043193
0.0523584634 -0.0536625832
-0.0431692302 -0.091388464
-0.0584462211 0.025851028
0.0241158623 0.0466271229
0.0201877411 -0.0184776671
-0.0180673152 -0.00238646194
-0.0197094735 0.0134737557
-0.0250620302 -0.0116916317
0.0217625238 -0.0418092161
-0.0163418278 -0.0565218851
-0.0720145628 -0.0484973267
0.0529084206 -0.071101509
-0.00638492731 0.000357838522
-0.0238123108 0.0568591729
0.032328859 -0.0237209387
-0.00732501457 0.0680752769
0.0753721222 0.017001573
0.072997801 -0.0667876601
-0.0152718248 0.0261090547
-0.041717913 0.0386544093
0.0223877393 0.0123053305
-0.0505373478 -0.00918771792
-0.0559384152 0.0236738846
0.0572880954 0.0396209769
-0.012355675 0.0733413398
0.0327554159 0.00754500972
0.0600925498 -0.0499665365
-0.00246019266 0.0623728447
-0.0391484946 0.00928950123
0.0318040289 0.0139917349
0.0602899194 0.0285934098
-0.018564254 -0.00795188174
-0.0132000828 -0.0023569793
-0.0738379136 -0.0711833462
-0.0296902265 -0.0194815323
0.0191106852 -0.0395783857
0.0271949638 -0.0315420851
0.0092301555 0.0316870548
-0.0662716255 0.0434424765
0.0344609059 -0.00839187112
-0.0127557702 -0.0945800543
-0.0218992624 -0.0253951717
0.0375291668 -0.017414853
-0.0224872027 -0.0324348137
0.0263250601 0.00599294621
-0.0114435963 -0.00366301113
-0.00499614701 -0.0271253567
0.0553820506 -0.0271674749
-0.0413932279 0.024471771
-0.0430961773 0.0480104052
0.00651153177 0.00661111437
-0.0151600726 -0.0558641404
0.024668457 -0.0286049005
-0.0287946239 -0.0673571676
-0.0493697897 -0.0665575638
0.0660821348 0.0460843407
0.0335252769 -0.0107824765
0.0174118076 -0.000295941398
-0.0443909094 0.0111617548
-0.0472332016 0.026820967
0.0228767656 0.0745933652
0.014620617 -0.0283602495
-0.00518179219 -0.0626593009
-0.050957378 -0.12001349
0.0214359257 -0.0731721595
0.0159095209 0.0471919179
-0.0575533845 0.00766926119
-0.00108730525 -0.0162775964
0.0393686295 -0.0151638538
0.0288658403 0.0284162313
-0.00936726388 -0.000697085576
0.0154636344 -0.0480135716
0.100478269 0.0366235189
0.139859989 0.0616571382
0.0285262112 0.0476799496
-0.0325737074 -6.12577278e-05
-0.013575389 -0.0584669635
-0.0330983102 -0.0318653509
0.0257723946 0.0139451604
-0.00748651614 0.00152394036
-0.0261511337 -0.0521843284
0.0443344973 -0.0564653873
0.00731991604 -0.0343959406
-0.0491712913 0.0127252229
-0.00656926399 0.0092853047
0.018909011 -0.0221639164
0.021213429 0.0227927193
0.0354208089 -0.00407171482
0.0161650721 -0.0580643043
-0.0943821892 0.0149862375
-0.0213760827 0.0866440758
0.0986946821 0.0323679075
-0.000279884203 -0.000353540439
0.00627214927 0.0115430625
0.0260871593 -0.0225398969
0.00480414415 0.0118098436
-0.0305309631 -0.0212535895
-0.0363800451 -0.0583131202
0.0484406278 0.0245600771
-0.0521809533 -0.0807518736
-0.0255841389 -0.0752104297
0.0159597918 0.0249668453
-0.102616616 -0.0205166768
-0.0741037354 -0.0483352952
-0.0342812501 -0.0277886745
-0.0224808063 0.0264556017
-0.0196078569 0.0513273142
-0.0311286505 0.0181984026
-0.0638312027 -0.00749634299
0.029804457 -0.0278595984
0.0513596199 0.011647773
-0.0030921849 0.0303465761
0.0635909513 0.0367377624
-0.0354964547 0.0290815011
-0.0524032973 0.00596751366
-0.0295425784 -0.0236394163
0.0171672218 0.0274370201
-0.0175467208 0.111189604
-0.0241536684 0.0816422105
0.0512273312 0.0553687438
-0.0725622401 0.00203854544
0.0574886128 -0.0109125199
0.0254902672 0.006972
-0.0690098554 -0.00411083316
0.0764107257 0.0071372916
0.0230013821 -0.00335979695
0.0686405003 0.00136243051
-0.0140984729 0.022516001
-0.0360459723 -0.0293851458
0.0216339231 -0.000528712291
-0.0113535365 0.0057875216
0.021597812 -0.0243741032
-0.0361588337 0.0300286468
-0.0186107848 0.0162304007
0.000317009632 0.0378811695
0.0508166552 0.0336836949
0.0616549477 -0.0387333706
-0.0250278842 0.0717655495
-0.00295969332 0.0137077412
0.0104977069 -0.0375512578
-0.0142944604 0.0187307112
-0.0530078821 -0.0190100055
-0.0414490588 0.0318394303
0.0338428728 0.0417765789
0.0225936044 0.0100392727
0.0724910051 0.0234500896
0.0340345427 0.0655657277
-0.0874423534 0.0433961302
-0.0160920471 0.0302537736
0.0459098555 0.0372637883
0.0359015875 -0.00191973522
0.0320035294 0.01100777
0.0546639971 -0.00686312839
-0.0512236916 -0.00473682722
-0.034542568 -0.0867533013
0.0165873095 0.0113508292
0.0223732181 -0.0706305355
0.0399047583 -0.0631455034
0.00639600819 0.0271326061
-0.0224651489 0.00250371615
1.82361582e-05 0.00303663895
-0.00272683706 0.000613130047
0.010544287 0.0815160125
0.025393445 0.0057727294
-0.0233822856 -0.0162777398
-0.0636161566 0.017307438
0.0222612619 -0.000744685589
0.0542284958 0.0654339269
0.00343960081 0.0654910654
0.0119768959 -0.00335377641
-0.0156156458 -0.00297335302
-0.000613955199 0.0128720822
0.0278030746 -0.00936853234
-0.0292635094 0.0326106101
0.014883887 0.0632254109
0.0558691882 0.0234789681
0.0197512601 -0.0399102792
0.00403842097 0.00328499055
-0.0151546607 0.0427102521
0.00566743407 -0.0289246589
-0.0331708081 0.0536949374
-0.0325321332 0.0458081476
-0.0070690331 -0.03512723
0.042464979 -0.0114240041
0.016804954 -0.0146086672
-0.0356352367 0.0455582291
0.0157821253 0.0329510048
-0.0195089988 -0.00388681074
0.0298880637 -0.0108924843
0.00377048762 -0.0174691863
-0.102652565 0.0235656425
0.0181286149 0.0899686217
-0.02704967 0.0599754974
-0.0323730297 0.0208528321
0.0930239186 0.00398459332
0.0814912543 0.0343520567
0.0279714987 0.0376343988
-0.0139521463 -0.00576625252
0.113696724 0.0757390559
0.0230544973 0.0558708198
-0.0993226171 0.0233867876
0.0065031331 0.0349831395
-0.017625859 -0.0494281501
-0.0720932856 -0.0621249899
-0.0403140709 0.00770702632
0.0270928331 0.0398412049
-0.00213473989 0.0184971914
-0.0297567155 0.102065802
0.0111772204 0.0789744854
-0.00998788048 -2.80755557e-06
0.0429160297 -0.0417252816
0.0652110949 -0.043814797
0.0199460555 0.0548162907
-0.00741627673 0.015275754
-0.0106864069 -0.0209585018
-0.0235937014 -0.00974134915
-0.0198265146 0.010395403
0.0367643274 0.0284064636
-0.025040891 -0.0260805413
-0.0498194657 0.0134240557
0.0586875826 -0.0519842617
0.0183584485 -0.0351592824
-0.0934820324 -0.00446027564
-0.00216201926 0.0466934554
0.0334286243 0.077836886
-0.0408457331 -0.0348343439
0.0169573817 -0.0352197625
-0.0278560203 0.0274770949
-0.0387808047 0.00940316077
0.0318130329 -0.0416919664
0.00108788605 -0.0429121628
0.0189465433 -0.0143597992
-0.0447949059 0.0644188225
-0.0324045718 0.0390768498
-0.00916267186 -0.0623198971
0.0139293252 0.0289839804
-0.00521338545 -0.0160738919
-0.0971487239 -0.0194598511
0.0697605908 0.0215792488
0.0218151584 -0.0308342893
-0.0795848146 -0.0311837345
0.0474484935 -0.0278333556
-0.0208025295 -0.0301176254
-0.0304655973 0.00349252904
0.031341549 0.0823787153
0.00502219144 -0.0338868797
-0.0546385497 -0.0231638346
-0.0516066998 0.0444829464
0.000873908109 -0.0318266004
-0.0518564284 -0.00422388595
-0.0123806736 -0.0645204037
0.0825723708 -0.0054041883
0.0670910254 0.054952275
0.0152010256 0.02070635
-0.011148518 0.0152221993
0.0382459983 -0.00224154792
0.0861285329 0.000387265056
0.0985224023 -0.0803817287
0.0651094466 -0.0184540506
-0.062521264 0.0119597139
-0.0799603909 -0.00997255556
0.0378710926 0.010707777
0.0494522043 -0.0268043652
0.0329073928 0.0300197229
0.0340754874 0.0487401597
-0.00656852825 2.80378317e-05
-0.0365405604 0.00154065643
-0.0370261632 -0.0081970077
-0.011860366 0.00653420063
-0.0300168637 -0.00906873774
-0.0671116337 -0.031500414
-0.0265591852 0.0312421601
-0.0112708984 0.0406314544
0.0129912719 -0.00768137677
0.0425861925 -0.120945662
-0.0503817983 -0.0469882675
-0.0178554486 0.0875635743
0.0529227853 0.0229263902
-0.000365542131 0.0507058278
0.0348965935 -0.0136958556
0.00529872626 -0.000294540776
-0.0249273349 0.0437488742
0.0355970338 -0.0416543894
-0.0268604569 0.000100199199
0.00762297725 -0.0691914707
-0.0133836083 -0.0274881218
-0.021748757 -0.00640445994
0.0404950939 -0.0792955458
-0.00916681811 0.0410168096
-0.0715196356 -0.0185820721
-0.0489968583 -0.0096980501
0.109438226 -0.0190526638
0.0341425203 -0.073172763
-0.047246132 -0.0210071784
0.0403994955 -0.0465121791
-0.0615698062 -0.0115943048
-0.0294778608 -0.0236126259
0.0526731871 -0.00131038821
-0.0239858776 0.00554003334
0.0676117092 -0.0378204621
0.131493643 0.00053330895
0.0739527941 0.0193712544
0.0526987314 0.0608954728
-0.0183628891 -0.00214336161
0.0053941654 -0.0828472227
0.0596664511 -0.0108798277
0.0144620128 -0.0179760754
-0.00761614554 -0.0139341289
-0.0162282996 -0.0145815918
-0.00117504783 -0.0390238948
-0.0191310812 0.0201837067
-0.0653266832 0.0361719579
-0.0171512738 -0.00358387269
-0.0127978427 -0.0316620208
-0.0219669621 0.0345210806
-0.0736125335 0.0233828612
-0.0726014748 -0.0425586179
-0.0187612306 -0.0485841148
-0.070717819 -0.0428566076
-0.0225627925 0.0344226174
0.011574747 0.0183680728
-0.0185805969 -0.00862395391
0.0310415756 -0.00456245616
-0.00837900396 -0.0315833837
-0.0127051929 0.0207576435
0.010629206 -0.0335507207
-0.0277419575 -0.0252898894
0.0144082597 0.0810049549
0.0485848524 0.0190965924
0.0387611799 -0.0229712557
0.00653454103 0.0594397075
-0.0416567065 0.0632050186
-0.0198873468 0.0244859364
0.0121020693 0.0165388957
-0.00948156323 -0.0152858151
0.0264584422 0.0164505579
-0.0112023102 0.0165012926
-0.00677517569 -0.017278526
0.0247969348 0.00643239869
0.0257346723 -0.0650448725
0.0273260698 0.0348690264
-0.00723073818 0.0573249273
0.0703069419 -0.0655307248
0.0509380698 0.0263334345
-0.0353514701 -0.0015142411
-0.0159298871 -0.0120991161
-0.0207961053 -0.0235151723
0.00256357389 -0.0763033703
-0.0324606597 0.0589529052
-0.0641876087 0.0210170578
0.00497892499 -0.00934079755
0.0158966202 0.0281122625
-0.00333561911 -0.0581692345
0.0308896713 -0.0125955688
0.00414227974 -0.024222862
-0.0829507187 0.033648435
0.0381390899 0.0669420883
0.104062557 -0.0584735349
0.0639477968 -0.0332353041
0.0493941419 0.040344093
-0.0237497929 -0.0579208843
0.0322801508 -0.0719356611
0.021191692 0.0560094863
-7.84784133e-05 0.0295080561
-0.0232697707 0.051049497
-0.0732270479 0.0501777194
-0.0418404937 -0.0131519632
-0.0335475095 0.0352508612
0.0129328882 -0.0746496767
0.0224685594 0.00149434386
0.0397927202 0.0618460029
0.016669156 -0.0872678384
-0.0176131316 0.0227565896
0.0358330198 0.0527537502
-0.0026645856 -0.0566536263
-0.001159954 -0.000559364678
-0.058796484 -0.0102583766
-0.00866028108 -0.0781853124
0.0678003579 0.0383857042
-0.00436318759 0.0314361453
-0.00264361361 -0.0324171931
0.00689248182 0.0125501342
0.00631938176 0.0145663703
-0.041547101 0.0123237036
-0.00724499486 -0.123505406
-0.0030348578 0.0113419602
-0.0411220789 0.0751817897
0.0360086784 0.00750656147
-0.0114562381 0.0592050515
-0.0254419614 0.0311358757
-0.00409317017 0.0996359512
-0.0276268572 -0.016353488
0.0437312797 -0.0278628357
0.0446532033 -0.0320289023
-0.0457816459 -0.0575831719
-0.0650210977 -0.00738007529
-0.0178070012 -0.0486387499
-0.00911756977 0.0624552071
0.0241920538 -0.0582573041
0.0425213724 -0.0506238155
0.0477933064 0.0621364489
0.0275728703 -0.0347070992
-0.00345272408 -0.0106526017
0.0289941523 0.0188046228
0.0136058098 0.0241278205
0.0165511258 -0.0410461836
-0.0486583114 -0.00413972978
-0.0378861949 -0.04913681
0.000803718634 -0.0526218377
-0.0447938479 -0.0230859872
-0.00202254532 -0.0934134945
0.0159486365 0.0134318331
0.0381720439 -0.0562229007
0.064763926 -0.0579241291
0.0116976546 0.0202047862
-0.0161907822 0.00102767313
-0.00544812856 -8.78678861e-07
-0.00268879184 0.00807116739
-0.020526411 0.080205977
0.0264582653 0.00652475609
-0.02676351 -0.0293708425
-0.067940101 -0.000196023611
0.0273338854 0.00913366489
0.0221934952 0.0779005364
-0.016307056 0.0611888245
0.0138529399 0.00795563497
-0.0233388413 -0.0142367575
-0.0089909602 0.0094082281
0.027203057 -0.00556557439
-0.0373065919 0.0120724421
0.000205297707 0.064671807
0.0348461233 0.0370158441
0.0318794064 -0.0280428845
0.0116532948 0.000719717587
-0.026006341 0.0380456448
0.00413361425 -0.0247205235
-0.0488463417 0.046246253
-0.0461593308 0.0302362088
7.49196188e-05 -0.0268375948
0.0430115052 0.00228382065
0.0263797361 -0.000323467393
-0.0237140711 -0.044446826
0.074404791 -0.0289947111
0.050875295 0.00572672766
0.00132126221 0.0024498261
0.0283297431 -0.0196183659
-0.027120525 0.0190198347
0.015720414 -0.026000632
0.0256940462 -0.0798945278
-0.0305183008 -0.0560706332
0.00548333162 -0.0367405303
0.0339437872 0.0363148153
0.0408917926 0.0476980284
-0.00980810914 0.0405589603
0.0142792836 0.0485186204
0.0362533852 0.0720189363
-0.026592087 0.0639714599
-0.0329910144 -0.00633932324
-0.044562079 0.0278347041
-0.0025948314 0.0122205056
0.088246949 -0.0272919293
0.0731759742 0.0332260355
-0.0468760021 0.0830568224
-0.0959386826 0.0115767
-0.0168932769 -0.02578789
0.0140730068 0.0303277224
0.0586551726 -0.00311497971
0.0219158772 -0.0193751343
-0.0513906553 -0.00173614151
-0.00424827076 -0.0216800142
-0.0600124635 0.00526814535
-0.0610220842 0.0313500576
0.0121963033 -0.0322869383
-0.0161595978 -0.00197667722
0.0371478349 0.0432180911
0.0587613173 -0.0120204575
-0.0195289217 0.0463614799
-0.00410419935 -0.00721064489
-0.0391516089 -0.0294177514
-0.0148721738 0.0386926606
-0.00795616582 -0.0153949019
-0.0693490058 -0.0264508855
-0.0586077124 0.0159762409
-0.0838497356 0.0346128568
0.0152013935 0.0147817228
0.00576438475 -0.0165237002
-0.032502085 -0.0307399705
0.0862504914 0.0619754419
0.0454515554 0.0636959746
-0.0190118309 -0.0173009187
-0.05230131 -0.0625385717
-0.0313088186 -0.0761107877
0.0380628034 0.0419754535
-0.0602474064 0.0745929778
-0.034219455 0.0456721075
0.025515411 0.0303927511
0.000662862556 0.0228274409
-0.0639606342 0.0819347724
-0.0141008208 -0.00165617466
0.049686674 -0.00859301258
-0.0633951277 0.0343289673
-0.00831062347 -0.032104779
0.0393081419 0.00608510012
-0.0242948756 0.064960815
0.00879985094 0.0184272695
-0.00310609676 -0.0430797301
-0.01272358 -0.038903363
-0.0125462543 -0.0344618633
-0.0186780673 0.0237528123
-0.0131565463 0.0510796532
-0.0385933258 -0.0311893709
-0.0187572408 0.0174559653
-5.99456653e-05 0.014408892
0.0127769876 0.043430157
0.0390248969 0.0866932794
0.0592535026 -0.0363903455
-0.044010818 -0.0373209417
-0.080685094 -0.0312920101
-0.0119580431 -0.0434923507
-0.00215881504 0.00819254108
0.0175509434 0.0172350183
-0.00246527628 -0.019901203
0.0318700857 -0.0857783258
0.0241107773 0.00802139565
0.0364308059 0.00366572663
0.0466113538 0.0118794953
0.0100597544 0.0695165023
0.0380762257 -0.00948281121
-0.0266273599 0.0761615261
-0.0299385786 0.00266307476
-0.0453865044 -0.0190983638
-0.0256202128 0.0755687878
0.0838758796 -0.0280993767
-0.0590025075 0.00966818444
-0.0525111966 0.0246363599
0.0126654971 -0.0234695859
-0.00664642872 -0.0264195241
0.0650480688 -0.0412832163
-0.038810689 -0.0430098139
0.0100118946 -0.0771840438
0.0422409475 -0.00456067594
-0.00296613993 0.0345404111
0.029010471 -0.0575050265
-0.0781055391 -0.0671853423
-0.0597607195 0.0644782186
0.0131152971 0.0135083329
-0.000117236639 -0.0443711802
0.0161724407 -0.011378523
-0.00806424487 -0.0361767635
0.0371660665 0.0292695612
0.0206144247 -0.0557777137
0.00730318483 0.00993551034
-0.000764244818 0.0505396388
-0.0165236946 -0.0695619136
0.0405370146 0.0510326996
-0.015971804 0.0420569405
-0.0355262421 -0.0182578154
0.0172921829 -0.0202418584
0.0303753074 -0.0344081856
0.012431127 -0.00184648461
-0.0150894653 -0.0064218496
0.0464566238 -0.0332787186
0.0227664597 -0.029392451
0.0182466414 -0.0262622591
0.00457396824 0.0382219888
-0.080080308 0.109637864
-0.0402408168 -0.0546660647
-0.0332783684 0.0283308942
0.00897941738 0.130809471
0.0302717891 0.000841107685
0.0467417464 -0.00311568123
0.0550146103 -0.00493313093
0.0079177944 -0.0280893371
0.0169964321 -0.0281954054
0.0543841757 0.0385843553
0.0320211388 0.0356001034
-0.000494539447 -0.0147582991
0.0105508994 -0.0475638956
0.0232964084 -0.0706958026
0.016161412 0.00294942269
0.0297111198 -0.00473361695
0.0206047241 -0.0298300367
-0.0461043306 -0.00492412876
-0.00124359236 0.0520548522
-0.00376447989 0.0792070478
-0.0770474076 -0.00704082102
0.0641065463 -0.0284480304
0.0465587266 0.0180419255
0.0317160785 -0.0207474791
0.0914049447 -0.0211613178
-0.02637472 0.0448662639
-0.00691018114 0.00985674746
-0.0095948102 0.031444896
-0.0267494842 0.0241991766
-9.83232167e-05 -0.0185877625
-0.0308721829 -0.000640023034
0.0288359951 -0.0522260442
0.0438776799 -0.0149372509
-0.0297731962 -0.0349032767
-0.043733608 -0.0221762639
0.0347268172 -0.0475292951
0.00549761252 -0.104572713
0.00252876827 0.00438796775
0.0736531094 -0.0326680876
0.00246786163 -0.0317923687
-0.0317983925 0.0113060875
0.0021050754 -0.0473423563
0.0696634576 -0.00624864316
0.0772243217 0.0137726087
0.0273783822 0.0122550875
-0.0637339428 -0.0128215421
-0.0185139421 -0.0320057683
0.0330236368 0.0198485423
-0.0223837625 -0.0103571862
0.0547609292 -0.0630575418
-0.0448155962 0.0101500396
-0.0200890154 0.0102953343
0.0702594668 -0.077425912
-0.0293064658 -0.00104653358
-0.0407973528 0.0112119941
-0.0131531013 -0.00940246414
-0.0874264389 0.0216340404
-0.0622876696 -0.00375289586
0.0312259011 0.0157600399
-0.0302158017 -0.0646740645
0.0389942415 -0.119716816
0.0073140231 0.0480584353
-0.0897495225 -0.0152594978
0.0013748334 -0.0552563407
-0.031818565 0.0816572607
-0.019457506 -0.0122898556
0.0123406332 0.000752189604
0.101641081 0.00463199755
-0.00908426847 -0.00299691991
-0.0955729336 0.118363596
0.103251308 0.0442249514
0.0169680193 0.0117607452
0.0052309772 0.0472427569
0.0346688554 0.10586907
0.0360851847 -0.0366165079
-0.0244243182 -0.113247283
-0.0121944556 0.0145613579
0.0339086689 -0.0609562732
-0.0688102394 -0.0520451069
0.0469297729 0.0195195731
-0.0142440563 0.00472830283
-0.0239298884 -0.0187409148
0.0652735457 -0.0800326318
-0.0114340484 -0.0122478753
0.0268647354 -0.0149676194
-0.0460334159 -0.0286914688
-0.0276729781 0.0731385052
-0.022565892 0.0778103471
0.0312503651 0.0698482916
0.00061161333 -0.0350651853
-0.0734585822 -0.05484185
0.0248619746 0.0220431145
0.00515443273 0.0104263853
0.0137371961 0.0380487964
-0.046342779 -0.0368629955
-0.0174625479 -0.0330889001
-0.0139870876 0.00658941874
-0.0505475514 -0.0318254121
0.00409371033 0.0376151539
0.00904481485 0.00536436075
0.0850787908 0.0239003263
0.0109172128 0.0660402328
-0.00862529036 -0.0274142362
-0.0425906554 -0.0370616913
-0.068083182 -0.00353419292
0.0289757662 0.02876978
-0.0188522357 -0.0116036134
0.0186467804 -0.0182109419
-0.0353258103 -0.0558798388
-0.0193825718 -0.0354097486
0.0257467907 0.0816787258
-0.0532334708 0.0364025161
0.0166696031 -0.00738397101
-0.00150213391 0.011677159
-0.0284093488 0.0497401468
-0.0267998539 0.0269071236
-0.0565855503 0.0311868899
0.0249632709 0.0349506252
0.0165124126 -0.029542882
-0.0395102352 -0.0107929204
0.012734211 -0.0245041531
-0.0021397064 0.0218177233
0.0327062607 0.0176195633
0.0830489993 0.0217264779
-0.0228681453 0.0150274644
-0.0172961727 -0.0307123717
0.0803514346 0.00218113326
0.0112613291 -0.106833972
-0.050213594 -0.0738708079
0.021119602 0.000404063932
0.0676235557 -0.00739610661
0.026729716 -0.00236722548
-0.00332313357 -0.046632424
0.0816149041 0.00024843053
0.0476555042 0.0235035829
0.00733467797 0.0134993903
0.0295580029 -0.0124991331
-0.0279951766 0.00795659423
0.0315979719 -0.0170968492
0.0512115099 -0.0733808875
-0.0171821844 -0.044849012
0.0208619051 -0.0239642076
0.0166301932 0.0512446836
0.0302727316 0.0640636384
-0.0187090449 0.0447419137
-0.0062392205 0.0541595258
0.0117823333 0.0870420635
-0.0417707078 0.0567171313
-0.0332474709 -0.0172101352
-0.047326982 0.0154566569
-0.00684126979 0.00885047391
0.0916117057 -0.000170991902
0.0648994967 0.0491746292
-0.0624967292 0.0577327348
-0.0995457843 -0.0164306425
-0.011373831 -0.0295870919
0.00467576692 0.0364236124
0.0594007745 0.00913499948
0.0177522264 -0.016945906
-0.0462327413 -0.00975823496
0.000546673313 -0.0174171291
-0.0543080457 -0.00798068661
-0.0641852468 0.0142122433
0.023718765 -0.0216436833
0.00788510125 0.0248676036
-0.00891276635 0.00243907236
-0.0304369852 -0.0228141546
0.0107439924 0.00958859082
0.0237671509 0.0346101671
0.0286062825 0.0608043335
-0.0987770557 0.0274009425
-0.0499531589 -0.0276775584
0.0106327627 0.0124422694
0.00351499324 -0.0204914939
0.0258509126 0.012572526
0.0527135171 0.088215135
0.0934498906 -0.0528732166
0.0441423766 -0.0219463613
-0.00210639182 0.0477722734
-0.0259969532 -0.00441349437
-0.0302950889 0.0866343305
-0.00608229265 0.0617778003
0.0323555432 -0.0542297848
0.0144061912 0.00986272935
-0.0389833674 0.0323940255
0.0157636143 0.0888978913
0.00903462991 0.090834111
0.0148148444 -0.0713977292
-0.0423663408 -0.0660965368
-0.0709930137 0.0284985397
0.00154162012 0.00719381031
-0.0348914117 0.0606219843
-0.0144515829 0.0814608112
-0.0647071004 -0.00665100757
0.0158117954 0.0316442326
0.106380939 -0.014526559
-0.0453742221 0.0138209676
0.013865998 0.0217299908
0.000595325546 -0.00182375114
-0.0557043441 0.00345042604
-0.0215285551 -0.0338358618
-0.00944937393 0.0525311865
0.0570744798 0.0399275571
-0.0161440149 -0.0141486507
-0.0341532826 0.0405343994
0.074177593 0.0339361764
0.021620987 0.0305338819
0.00113427499 -0.0167614911
0.0417036898 -0.016427977
-0.00893650483 -0.0239282064
-0.00380021636 -0.0513859019
-0.00356687815 0.0232646652
-0.0421096087 0.0129029779
-0.0656736195 -0.00966232177
-0.0672808886 -0.0121535519
-0.00923174433 -0.0214488395
0.028323615 -0.0184987858
-0.0185887758 -0.0152978655
-0.0686323568 -0.0150420954
-0.0532691889 -0.021348685
-0.0389302894 -0.0148224924
-0.0053825709 -0.0481630899
0.0325536951 -0.0847770721
0.0247755367 0.0427770093
0.022144584 0.0280727986
-0.028464824 -0.0482125618
0.0161694046 -0.00132802501
0.0576179549 0.0229573827
-0.0281132199 -0.0314682573
-0.0645500943 -0.0669914186
-0.00793425832 0.0194960255
0.105487049 0.00511436723
0.0621085875 0.00165835291
0.0328811891 0.0547104217
0.00389417005 -0.044551786
-0.0169139728 -0.0491571724
0.0268343054 -0.0234442465
0.0416372009 0.00583485467
0.0992143452 0.0246880837
-0.0216860212 0.0250820499
-0.0319794901 -0.0312763825
0.0228434019 0.00146668975
-0.077283375 0.0469925441
-0.0484628417 -0.00107476732
-0.133694187 0.0323060155
-0.0549886823 -0.00584145728
0.0262650624 0.0255051889
-0.0553832874 0.0177807324
-0.0446807668 0.00833297521
-0.0434495546 0.0333827883
0.0475352928 -0.00460078847
0.0145880692 0.0716100708
-0.0357380174 -0.0102760233
0.000887335977 -0.0084362654
-0.0618210398 -0.00311139668
0.0025264381 -0.0299491957
0.0141978823 0.0425707437
-0.0341758169 -0.0531563871
-0.00857511722 -0.0227201711
-0.0351226144 -0.00105295388
0.0258813072 -0.0284190532
0.0552355349 0.0101259081
0.0415604375 0.0329676718
-0.00406295992 -0.0151203396
-0.0836980566 -0.0568048172
-0.00400438905 0.0276597589
-0.032906726 -0.00767508009
-0.090675436 0.0111910868
0.0149993747 0.00590165565
0.0127160903 -0.00659800181
0.0347407945 0.032417912
0.0135491174 0.00611533551
0.00835824572 0.0470230319
-0.00677283527 -0.00507398136
0.0202733111 -0.00151197333
0.0868894234 -0.0493055619
-0.0440509319 -0.0296185482
0.017093692 -0.00618255651
0.0527231842 -0.0735221356
-0.0201545712 0.0380318426
-0.0367267206 0.0269027688
-0.0269444492 -0.0162014123
0.0689640194 0.0241693556
0.000222297094 0.069395721
0.0136769218 0.000147485785
0.0248684324 -0.0362763293
-0.0421349257 0.0158065874
0.0625669956 0.00209319009
0.0867027342 0.0495276302
-0.00271083158 -0.010307298
-0.0498043187 0.0143361185
0.0427020825 0.0646510199
-0.0314579792 -0.0189839453
-0.0525169745 -0.0221908484
0.0376310423 -0.00584888691
0.00627474906 -0.0598834455
0.0355571769 -0.0668673664
-0.0115633747 -0.0510997884
0.0108052921 -0.0448258221
0.0996499509 0.04506642
0.08519876 -0.0254028086
0.0513911806 -0.0591720864
0.029359119 -0.00808495842
0.0319049545 -0.0458586626
-0.0308601484 0.0179410707
-0.0390296914 0.00864599738
-0.0232085995 0.0197397117
0.0717194378 0.0912322924
0.0401714593 0.0143544497
-0.0500602908 -0.0880728886
0.0050678188 -0.0115310578
-0.000639331236 0.0566825829
0.0172026642 -0.0678056329
-0.0482627153 -0.0196907651
-0.0701422989 -0.0122963935
-0.0409687348 -0.0536885522
-0.00585130602 -0.00941322651
0.0513963997 -0.00825752132
-0.101261303 0.0156777203
-0.0127533386 0.0544996783
0.0675304681 0.00852820836
-0.000492558174 0.0368452221
0.0184003785 0.0595690571
-0.000757477013 -0.0210402124
0.00605621189 0.0622202754
-0.0130847991 0.0118572451
0.00108959328 -0.0279357322
0.038662117 0.0341011956
0.0352973379 -0.0518365987
-0.000252575002 0.0785058588
-0.0665520132 0.0591688082
0.0340538882 -0.0652739257
0.0331524424 -0.0286798384
-0.0500386953 -0.00709782448
0.0342190601 0.0439119376
0.0823942572 0.0098788999
0.0344462357 0.0238527972
0.0718536228 -0.00577533059
-0.00456249528 -0.0131535353
-0.0272962283 -0.0547769591
0.0949685574 -0.0410114489
0.0241850801 0.08289738
0.00819423515 -0.0164843109
0.0511502735 -0.0377156921
0.0518868193 -0.0192869846
0.00162732403 -0.0166481677
-0.0402709246 -0.0542428829
0.0270893909 -0.0292450991
-0.0570007339 0.0887489244
-0.0511535518 -0.00540794665
0.0424191467 -0.0321928933
0.00891537871 0.0877115279
0.0364907719 -0.00868140254
0.0146024227 -0.0712794214
-0.0250210185 0.0193554331
0.017515704 0.0082483897
0.0224357415 -0.0575852506
-0.0477435924 -0.00172566122
0.0240943246 0.0365930572
0.0204116385 0.00444641011
-0.0534565225 -0.00175653363
0.0445429981 -0.018170353
-0.0310485847 -0.0599016845
-0.0838432685 -0.00735363876
-0.015596766 0.0498595275
-0.0544301383 0.0338972248
0.00523306616 -0.0444390774
-0.00391512411 -0.0109706558
-0.057614889 0.0585522093
0.0257671867 0.0191567373
0.0270445701 -0.0547811426
0.055997517 -0.0637197196
0.0248291232 0.0180804171
0.00161285885 -0.0180766843
0.0210842434 0.0057927575
-0.0618613437 0.0341946892
-0.0189386066 0.015351017
0.0176107641 0.0550985597
-0.0254554171 -0.0463232473
0.121377118 -0.0298582055
0.0393903367 -0.0245085545
-0.126211226 -0.00345521513
-0.0405707471 0.0391346216
-0.0216754787 -0.0715478137
-0.023718005 -0.0562439747
0.0111162057 -0.0772606954
0.0288464222 -0.0676751882
0.0284119938 -0.0108409403
-0.0483032539 -0.00361283566
0.0448426045 0.0298992097
0.0118350163 0.024963351
-0.0596447513 0.0664638653
-0.00444086455 0.0277939215
-0.0578085929 -0.0131649207
-0.00219480344 0.0183339939
0.00580246281 -0.0491806045
-0.0110803703 -0.0521070026
0.0767135918 -0.0112207616
0.0584470406 0.00460716244
0.0489280373 0.0598351397
-0.0179591943 -0.0188259706
-0.000578882289 -0.0622104444
0.0411299281 0.0149228405
-0.0180826038 -0.0474451371
-0.00916716922 0.0232660417
-0.0141964424 0.0599631891
-0.0400201641 -0.0209761523
-0.0256965086 0.0126058534
0.0185157526 -0.0334172696
-0.0545980707 -8.57652703e-05
0.0411452018 0.0235730521
0.0838613212 -0.00230039377
-0.0381192788 -0.00305256643
-0.0145879015 0.0189708862
-0.0501932129 0.0270370934
0.0378097184 -0.00783826876
0.0459966511 0.032240171
-0.0553644188 -0.0135043738
-0.0122636827 -0.0404047966
-0.0363301635 0.00650417525
-0.00275698071 0.0278041344
-0.00806724094 0.00595147861
-0.0248608887 -0.0236187112
0.0060196789 0.014114351
0.0168382712 0.0472937115
0.00756617077 0.0686605796
-0.108306669 0.00040867817
-0.0300267581 -0.0383414812
0.00170499901 0.0142727653
0.00529167382 -0.0214350112
0.020061437 0.0205651689
0.0265312437 0.0995422751
0.112657323 -0.0180656426
0.048291672 -0.0103058582
-0.012775749 0.0517478697
-0.0202429425 -0.0188177489
-0.0424028337 0.0749594569
-0.0290877968 0.0569726229
0.0483499989 -0.0372728445
0.0180151276 0.00761276949
-0.0395076089 0.0247779563
-0.0113164838 0.0857775658
-0.0176359843 0.0806660876
0.0413155779 -0.0604225881
-0.0167773701 -0.0818059146
-0.0744330734 0.0075423196
0.0111825773 0.000927715795
-0.055538103 0.0449684262
-0.0289402362 0.0792267323
-0.0635233298 -0.024389131
0.00395809766 0.0327901207
0.104596108 0.025167672
0.0543785319 0.0452392325
0.0183035843 0.0155271366
-0.0624268278 -0.0262103733
-0.0705995336 -0.00980834197
-0.0151427975 0.0201754197
0.050560642 0.0330906361
-0.0127540138 0.0888980329
-0.0803240687 0.0325429179
0.0292723812 0.0262425207
-0.0728191435 0.0245762859
-0.0854834318 -0.0881547928
0.0376097113 0.045935858
0.0287348405 0.043726176
0.0681765303 -0.0754790455
-0.0117208986 -0.0168382786
-0.00858090352 0.0285760593
-0.0235100575 0.047164429
-0.0242148973 0.0142457131
0.0131870406 0.0152270421
-0.0829304829 -6.03636399e-05
0.0466261432 0.0118050408
-0.00443669455 0.0210413933
-0.0475966781 -0.0198365953
0.0388059467 0.0306212697
0.0151348524 0.0438551977
-0.0236496013 -0.00689530419
-0.0173180085 0.010733231
0.0153393336 -0.0259938389
-0.0475531891 -0.0439379625
-0.0573866218 0.00957820099
-0.0150865735 -0.0243603159
0.0286159832 0.0408546627
-0.00573915476 0.0783820003
-0.0396720096 -0.0407253988
0.0326722935 -0.0011806516
-0.00928108767 0.0307039022
-0.00523831462 -0.0485409163
-0.0298461746 0.0127936471
-0.0291753691 0.0175217129
-0.0241933838 -0.0270326622
-0.0697533935 0.00776600325
0.00806573872 -0.0169014335
-0.0268324539 0.0203909464
-0.0217287485 0.0334355533
-0.00111363712 -0.0423132442
-0.025225427 0.0042034369
-0.0220938586 -0.0275372528
-0.0420787111 -0.0196661837
-0.0072904476 0.0183432605
-0.0390727744 -0.0284297541
-0.0552022718 -0.00615708483
0.00316686882 -0.0554259866
-0.00385766313 -0.0150258103
0.0250600912 0.0154188294
0.0234075319 -0.0767282769
-0.0290275477 0.0253308397
-0.0568182729 0.04423289
0.0105574764 -0.0207610037
0.058677651 0.0436427929
0.0200610273 0.0527124256
0.0171766877 0.0368744545
0.0325564221 0.0114914952
0.0206802674 -0.0264686644
-0.0164787956 0.043384064
-0.077582553 0.00678476365
-0.0214082599 -0.0648866296
0.00105727848 -0.00225022226
-0.0470565334 -0.0224249382
-0.0189276896 -0.00975512713
-0.00238258508 0.0552666262
0.0238252506 0.00892559718
0.0079883039 -0.0207670443
-0.0140189957 -0.0104523292
-0.0540147461 0.00882185251
0.0307432488 0.0693602785
0.0743483454 0.0435082391
-0.112851672 0.0333327614
0.025922453 0.0765877515
0.0507001169 0.00920058973
-0.101842448 -0.010890278
0.0178409815 0.0330943838
0.0704116821 0.0140666254
-0.0311708469 -0.00679739332
-0.0984332934 0.0143520702
-0.0256300829 -0.0324224792
-0.00461278623 -0.0985855386
-0.0496941246 -0.0543260127
-0.0372384973 0.0217430238
0.0353565253 0.00559677044
0.0193583332 -0.00224463781
-0.0264744889 0.00815846492
0.0577958375 0.0546660535
-0.0219224058 0.0401774831
-0.000460393203 -0.00582645042
0.0330675207 -0.0188128352
0.0163087305 -0.0165465865
0.093931511 0.0295164175
0.00845489558 0.00918168016
0.0166214667 0.000646459055
0.0448543206 0.0140596833
0.0437263735 -0.0683253631
0.0385181569 0.0281457324
-0.0872307345 0.0530587919
-0.0282765348 -0.0112321554
0.0535749719 0.0755080804
0.0433368497 0.0578056052
0.0340135805 -0.0175891332
0.0129271066 0.0108670183
-0.00264260126 -0.00262257084
-0.0292933229 -0.0541578084
-0.00725702429 0.0210605506
-0.0428273454 0.0418214276
0.0259502102 -0.0422981903
0.0609507635 -0.0587929524
-0.0448643938 -0.0798976794
-0.034846846 0.015192586
-0.0240392331 -0.00642453739
0.00183861738 -0.0439971648
-0.00302399741 0.036698658
-0.0326120593 -0.0466782451
0.0292731728 0.0470690057
0.106864996 0.0098511558
0.0855390579 -0.0556457937
0.0319762081 0.0478560403
0.0316604935 -0.0850107297
0.0112826871 -0.082338959
0.00495880609 0.0197431017
-0.0219200682 0.00319579174
0.00856122095 -0.0277808197
0.0288926531 -0.0231883973
-0.0267306119 0.00895333663
0.0200355444 -0.0406844951
-0.0100475634 0.0246471986
0.0103287958 0.00839277077
-0.0222921334 0.012376097
-0.00904265977 0.0352150165
0.0567015484 -0.0239200052
-0.0168379415 0.0342536271
0.0403071046 -0.0648277029
-0.0161977317 -0.105008207
0.0103687979 0.0257291757
0.0668082535 0.00490934867
0.0404032134 0.0124625135
0.0221451391 0.0596971698
-0.0814428329 0.0161853414
-0.0172309596 -0.0748388767
0.0480257981 -0.0765171647
0.101247862 0.0170989186
-0.0120045617 0.0174345057
-0.0738670528 0.026627576
0.036186263 -0.0194958244
-0.0328431353 -0.0428527109
0.0110266851 0.0131756831
-0.047439713 -0.0275277179
-0.0221155025 0.00894094724
0.0781023949 0.0407945067
-0.00055546267 -0.00172742142
0.00658051949 -0.00382725312
-0.00347303995 0.0281999055
0.0257417616 0.0780121386
0.00291386805 -0.0056333011
-0.0496816449 -0.0133703286
-0.0281539019 -0.0182302743
0.0184576828 0.0116432374
-0.0180020034 0.0720358342
-0.0422920883 -0.0481994525
0.0148276333 -0.0344216004
-0.0133043732 0.0501415133
0.0532197207 0.0302564315
-0.010800601 0.00774880964
-0.0456333011 -0.0133886533
-0.0595009588 0.00565087795
-0.0590116307 0.044744201
0.0806879774 0.0258394834
-0.052158352 -0.0405349359
0.0465500988 0.00297378027
0.0486642867 0.0481490754
-0.0546317436 0.0196298026
0.0553105399 0.0453705899
-0.00366550381 0.00565374689
0.0261649601 -0.0983230919
-0.0358713493 -0.0647909418
-0.0364102609 -0.00600028737
-0.0225306023 -0.0202636272
-0.0100569585 0.0218908321
0.101436265 0.0454161502
0.0415508524 0.0529081933
0.0760630816 0.0218557343
0.048353862 -0.0101992805
-0.0208167229 0.0121156881
0.0053899996 -0.041065298
0.045032572 -0.0273432285
-0.00582559267 0.0239717178
-0.062109109 -0.007278773
-0.0070941411 -0.00846786797
0.0285246931 0.0323492475
0.0322064348 -0.0438657515
0.0427014828 -0.0381429307
0.0189813189 0.0485051945
0.0103424676 -0.0594324842
-0.000191617204 -0.0332718827
-0.0696146414 0.0243706312
-0.0240188576 -0.00995329302
-0.00254062866 -0.0507510751
-0.0558349714 -0.015251481
0.0116229216 0.0595351607
0.017914908 0.0126068629
0.0215815641 0.0613176301
0.0319551267 0.0172935612
-0.00902625546 -0.0219366141
-0.0393460728 -0.00705556339
0.0532255433 -0.017400803
0.0542560928 0.0600905791
-0.0273569301 0.016997125
0.0607714988 -0.0351310037
0.0109742368 -0.0445460789
-0.0357834212 0.00485141249
-0.0716891065 0.0473478734
-0.0485052504 -0.0779966712
0.0155805759 -0.107349843
-0.0761152059 0.0109371003
-0.0178489871 -0.0437741093
-0.039587453 -0.0721666366
-0.0124235218 -0.00389869581
0.0693129525 -0.0972537026
-0.0654073358 -0.0263258424
-0.0398866422 0.124872886
-0.0447587408 0.0748446584
-0.0140646584 0.013764469
0.0395882726 -0.032293845
-0.0588151738 -0.0193594694
-0.00741945673 0.012396222
0.0124822278 0.000811137434
0.0146005927 -0.0216934439
0.0950148776 0.0255989246
0.0229003839 0.0272190534
0.0543724597 -0.0370427333
0.121654853 0.0524659455
0.041249983 0.0448737703
0.0534170121 0.0339408889
-0.0374476314 0.0589427017
-0.0758895352 -0.00370320049
0.00153275114 0.0120716449
0.0610837191 -0.00404554978
0.0811828002 -0.0147819109
-0.0281370822 -0.0468996875
0.00769461365 -0.0224309452
0.0570154823 -0.00148330629
-0.00360911689 -0.0100148907
0.0307914484 -0.0147986142
0.0163620561 -0.0207107998
-0.00237703533 0.0248448811
-0.00229862379 -0.0335968994
-0.0128077418 -0.0512389652
0.0276839156 0.0127368458
0.051224336 0.0367671512
0.031879168 0.0569875017
0.0071800421 0.0234107357
-0.0579312034 -0.0452084802
-0.0717811808 -0.033939559
-0.0185988732 0.0172132924
0.0352465659 0.0551409051
-0.0360598601 0.0824020728
-0.0809562877 0.00418549124
0.0232198425 0.0377793983
-0.0634242147 0.00156489422
-0.0565294251 -0.106895871
0.0188427009 0.0449940227
0.0169011448 0.0482609421
0.0888190046 -0.0512432568
-0.0128753297 -0.0164046958
-0.0206568986 0.0330827199
-0.0499191582 0.0288898442
-0.0389534459 0.0156529322
0.0143123837 0.0182726961
-0.0722195953 -0.020199392
0.0349337608 0.0241215136
-0.00943526067 0.0122247655
-0.0420171656 -0.0354592763
0.0264889859 0.0455495194
0.0024025552 0.049221959
-0.0175186377 -0.00926054921
-0.0199425742 0.00136590702
0.0314978659 -0.0111924373
-0.032981962 -0.0527089126
-0.0516358875 -0.00532327639
-0.00875624549 -0.03668648
0.0115823923 0.0382440239
-0.0246633999 0.0212364085
0.0257854965 -0.0624791048
5.38305321e-05 0.0195483807
0.0322838314 -0.0234557446
-0.0131065827 -0.00139922276
-0.0531684346 -0.000425346865
-0.00238255411 0.00552855479
0.00928864814 0.0878055394
-0.0398248881 -0.0136345951
-0.0329359323 -9.04275148e-05
0.0267103463 0.010664409
0.0420460142 -0.00384304975
0.0373928063 0.00195892295
0.0379447453 -0.0101759564
0.0363815017 0.0133674806
0.00442733569 -0.0173334479
-0.0394665599 0.0199379046
-0.0181372967 0.00228746212
-0.0712497234 -0.0203968026
-0.0502396785 -0.0387391485
-0.0162901711 -0.0719044581
-0.0326684415 -0.0369392037
0.00855545513 -0.029511869
-0.0547712818 0.0233479682
-0.0906333774 0.0263153389
-0.0310928915 0.00140147982
0.0132062444 0.00712781958
-0.00157051592 0.0303636845
-0.00611720048 -0.0131081538
0.0199335776 -0.0340323821
0.0130047109 0.00935022626
-0.063832663 -0.0273376051
-0.144502327 0.0375510119
-0.0123035796 0.0231557246
0.049531702 0.0553315878
-0.0575557761 0.0436432362
-0.0370871536 -0.0446601659
-0.0251301732 0.0063897334
-0.0365350656 -0.0571930781
0.0179626793 -0.015426551
0.063345015 0.00826876983
0.0442285873 -0.0361105092
-0.0774424374 -0.00239498587
-0.103333578 -0.007290754
0.0317301825 -0.00349213299
-0.0251637846 -0.0521541536
0.0194561817 -0.00279841665
0.0552926883 0.0473766327
-0.0796171203 0.0120346891
0.00922739226 -0.0253088977
0.0106420983 0.0493833758
0.00643340079 0.0619379207
0.0502410531 -0.0660984069
-0.0414139815 0.00977189559
0.0180674419 0.0304689482
-0.0148437899 0.00368491584
-0.0951658487 0.0334231369
-0.0101974718 -0.00554610696
0.0685889274 -0.00094084302
0.0312212519 -0.0201096833
-0.0101739839 -0.0409356579
-7.54125213e-05 -0.069091551
0.00110672042 -0.0223608147
0.0630193725 -0.0559541844
0.0379400551 -0.0292686243
-0.00946073234 0.0759713352
-0.012385508 -0.00771794189
-0.0210088212 -0.0344821624
0.0108759012 0.0490765274
-0.0278743785 0.0966623798
-0.0616959743 -0.0308924355
0.00855730847 -0.0342164487
0.0470187739 0.0791368559
0.0174979083 0.00627795001
-0.0223665033 -0.0118887527
0.0117324023 -0.0195742995
0.0393785238 0.023041537
-0.0473631248 0.0351140201
-0.0363214165 -0.0353813209
0.0112228571 -0.00911811832
-0.035220746 -0.00072739122
0.005248887 -0.0290866569
-0.00895231497 -0.0574163496
-0.0231116693 0.0334951356
-0.0793707445 -0.0275180079
-0.00605588593 -0.0369224399
0.0638636723 0.0708035231
-0.0170233902 -0.0397200547
0.0449290164 0.0293226801
0.0349230804 0.00688001327
0.0784423202 -0.0328074396
-0.00539696356 0.0357657596
-0.0793935731 -0.0106410319
0.00265316875 0.0157485623
-0.047260832 -0.0230986886
0.0467519835 -0.0209503323
0.0201895814 0.0450345092
0.0414966755 -0.00644151401
0.0632557496 0.0695767477
-0.0303959828 0.0382413976
0.0148190223 0.00404756935
0.0354402289 0.0491809882
0.0209798794 -0.0115641514
-0.0931973085 0.0221499223
0.00686819432 0.0563641042
0.0725012347 0.0406279527
-0.042734053 0.0322958753
-0.021986194 0.0021119751
-0.0922458917 0.0354782417
0.00858883467 0.0795623213
-0.00768022612 -0.027041981
-0.0601345301 -0.0416623689
0.0679717958 -0.0520566069
0.0650708601 -0.0601577908
0.0572797097 0.0240157507
0.0429734886 -0.0543280467
0.0192430895 -0.0674969032
0.0111463098 0.0346733443
0.00541637186 -0.0268778428
0.0537102595 -0.0100120436
-0.0119385617 0.00609685434
-0.0514462255 0.0609858222
0.00795111526 0.0953752771
-0.083029829 -0.00639778003
-0.0728178471 0.00387307839
0.0723341182 -0.0379494056
0.041241996 0.0284848996
-0.0312671736 0.042089168
0.00439630914 -0.0714419186
0.00725435885 -0.0190528091
-0.0268534366 -0.0343219563
0.0109356549 -0.00132864551
0.00163229532 0.00155262952
-0.0570289157 -0.0386687368
0.0302250981 0.0196839757
-0.0134435436 0.00702148536
-0.0872162357 0.0142446505
-0.013799293 0.000739990966
0.00251917448 -0.0473472401
0.00578051619 -0.0412019342
0.015101999 0.032487005
0.0513581708 0.00454488164
0.0445983298 -0.0530004241
-0.0184560269 -0.0105385417
-0.0146737946 -0.0288961139
-0.0206438508 -0.00265090703
0.021498818 0.0683171451
0.12323425 -0.0218875278
0.0506655611 -0.075725548
0.0358748063 0.00552156521
-0.00848879572 0.0230806861
-0.0768092424 -0.00394621491
0.0451057963 0.0266806167
0.0635804087 0.0432467312
0.0326822214 0.00478740828
0.0173322987 0.0172894858
0.0297906548 0.024611989
-0.019587297 -0.021492308
-0.0611233637 0.0248076227
0.126121253 0.00994339306
0.127757519 -0.0537137538
-0.00146516704 -0.0145393033
-0.0173757691 -0.0175661631
0.00260734069 0.046646364
0.0156951547 0.0280652121
0.00113974849 -0.0105587151
-0.0390329249 0.071000196
-0.0333066508 0.00737229362
0.053841088 -0.0239448994
0.0260061231 -0.0162889753
-0.06684421 0.00649975799
-0.0465892106 -0.0542728193
-0.055350963 -0.02848069
-0.0622361079 0.0680783316
0.0117523158 0.00900570489
0.0583651252 0.00367680122
-0.00397696393 0.00439472171
-0.0164401755 -0.0222360659
0.0169116594 0.0250565279
0.0353247486 0.00457919855
-0.00213187234 -0.0557867773
0.000183795913 -0.0340215378
0.00844277535 0.0260219648
-0.000650230097 -0.0484459586
0.0498252399 -0.0336391591
-0.0505590066 -0.0219995994
-0.0123728635 -0.035959132
0.0215661135 -0.0695576519
-0.0429014638 -0.0495523848
0.0286179446 0.0761880949
-0.00452543562 0.0265822522
0.0039041955 -0.021539906
0.0054743411 0.00155743898
-0.0503443591 -0.0195193421
0.0092605548 0.0128570991
-0.0213009156 -0.0153765129
-0.0933706686 -0.0350134633
-0.0266548023 -0.0267734993
0.0255230442 -0.00158675818
0.0387879834 0.0456817411
0.0674338639 0.0432168394
0.00632242067 -0.0203216728
-0.0472399928 0.0167952944
-0.015437426 0.0454901084
0.0457619317 0.0177500471
-0.0620883815 -0.000133132213
-0.0532808639 -0.0425671302
0.0273837075 0.0501628369
-0.0186468549 0.0384541191
0.0723458678 -0.000632143172
0.0578813739 0.0536911003
-0.0021124843 -0.0852968842
-0.0232165866 -0.0516666025
0.0188532881 0.0364251286
0.0777900815 -0.00990121625
-0.0605937019 0.01880325
-0.058448676 0.00780134741
-0.0150494752 0.0228863806
-0.0185382236 -0.028060155
-0.0111662084 -0.0462548509
0.0409451947 0.0345042534
0.020816179 0.0162087809
-0.00895155594 0.0277815983
0.0959791914 0.0322833583
0.0139283612 0.022612216
0.0459552743 0.0757720172
0.0405048095 0.0708983615
-0.0911546648 0.0353247039
0.0335231237 -0.0283890199
0.0468356088 -0.0146423569
0.0784438103 0.0452963822
0.102458291 0.0205772351
-0.00359692192 0.0699102804
-0.0414430611 0.00157014653
0.0496618189 0.0228354204
0.00310201547 -9.42510451e-05
-0.0435587429 -0.0800320879
0.0633724108 0.0657662526
0.00456564175 -0.0424742997
0.0543465801 -0.0280060247
0.0697446689 -0.0181419775
-0.033589676 -0.0949850902
0.000286251103 0.0385972708
-0.0112281265 -0.0294762775
-0.0783401802 -0.020474812
-0.0244572684 0.0124160368
-0.0153580019 0.0373678021
-0.0694208145 0.0812691227
-0.00814457051 -0.0229006112
-1.40270095e-05 -0.032701496
-0.0542182475 0.00864730775
0.0686681941 0.0166813489
0.00963048264 -0.0413159318
-0.0700639039 -0.0251118746
0.00535126636 -0.0251416396
-0.0448456779 0.00635357341
-0.0356741063 0.0163609702
0.0342052653 -0.0515732355
-0.00575798238 0.0108494237
0.0379864275 -0.00382356672
-0.00450867042 -0.00874357391
-0.0486760102 -0.0108199837
-0.00120803271 -0.00117638265
-0.015680613 0.079485245
-0.0308623519 -0.0173868854
-0.0303990655 -0.00466503762
0.01866569 0.0186800472
0.0385205299 0.0187380556
0.0390962698 0.0250018146
0.0360638835 0.000500589551
0.0285088383 0.0272351727
0.0109089073 -0.0210356265
-0.0386345126 0.00414612098
-0.00836037192 -0.001013314
-0.054729972 -0.0343534388
-0.0314400606 -0.0565695241
0.0109637082 -0.0729838237
-0.0204748418 -0.0457413159
0.0189583804 -0.0209056307
-0.0608767532 0.00772072095
-0.102843054 -0.00540519087
-0.0226069428 -0.000407812564
0.0202468801 0.00707353745
-0.0136577701 0.0292224362
0.00258887489 -0.0198900867
0.0269314572 -0.0196143612
0.015910089 0.0249958131
-0.0466626547 -0.0404427461
0.0472869799 -0.022582246
-0.03417027 -0.0748317391
-0.0149700325 -0.0529802889
-0.0168679804 0.0026145177
0.0134973051 0.0136924516
0.0413992219 -0.0609545335
-0.0127884895 -0.0265967641
0.0396152698 -0.0670601577
-0.00772178546 -0.035099864
-0.0111278445 -0.030652428
-0.0398016833 -0.0464209616
-0.0284054819 0.00379625312
0.0479492061 -0.0603193492
-0.0327109396 -0.0191172119
-0.0313933715 -0.00501973275
0.0495712347 0.0896413103
-0.0617071949 0.0444655791
-0.0542171225 -0.0889906511
0.0303469766 0.0334914923
0.017309906 0.0183812845
0.0443876721 0.0317969061
0.00861370191 -0.0666339099
0.0135765532 -0.0551780872
-0.0206495151 0.0576193407
-0.059599068 -0.100136869
0.024665026 0.00865737814
-0.0152942501 0.0778656378
0.0383159146 -0.0140017476
0.0315630846 0.0104059344
-0.0434165336 0.0142690875
0.0290461797 0.0371541642
0.00497738924 0.00664557796
-0.0654931739 0.0111951828
0.0170286316 0.019815173
-0.0236919206 -0.0264165923
-0.115932025 0.0729938671
-0.0308553781 0.102650166
0.0347572863 -0.04057841
0.0265399944 0.0205887463
-0.0366332904 0.0373775512
-0.0380382575 -0.0281158462
0.00469108531 0.0262762997
-0.0360969789 0.00838729087
0.0173115265 -0.0100872694
-0.0096900221 -0.0548876897
-0.0697194338 -0.0771342069
-0.0252877306 -0.0325495601
-0.0154073499 -0.00240365625
-0.00828856509 -0.0500008278
0.0147996759 -0.0606340207
0.0328990035 0.0293537565
0.0142249325 -0.0467496887
0.0326865762 0.00187045219
0.0136687402 0.082165435
-0.0593593195 -0.0255341865
-0.0588873103 -0.0298807956
0.0236582048 -0.0227982551
0.045629099 0.0574702621
0.021149179 0.058415845
0.0474992134 -0.0172956437
-0.0445959307 0.0494697578
-0.0874573067 0.0229827538
-0.0119329654 0.0122850304
-0.0353248902 0.0478645824
0.00926578697 -0.0265637189
0.0476887301 -0.0412885174
0.022656085 0.0114063974
0.0185574833 -0.0170856882
0.00642263191 0.00341241504
-0.00921209808 0.0374619327
0.0268333293 -0.0113644637
-0.0156447645 0.0189102497
0.00147474313 0.0259954464
0.0205307323 -0.00977318734
-0.0559827611 -0.049589023
-0.0481675826 -0.015100305
-0.030755965 0.0516866967
0.0074789552 -0.00241843425
0.0210414883 -0.0579766482
0.0100932065 -0.0559752956
-0.00798561238 -0.0636952668
0.0671871603 -0.0217447039
0.0673245564 0.0543183982
-0.0399970748 -0.0204256456
-0.0301756375 -0.0243389327
-0.0527768098 0.0217917021
-0.0246530734 0.0108251413
-0.0729566887 0.0295040663
-0.124157816 0.0119333994
0.0710686445 0.0246071965
0.0597922541 -0.000579754706
-0.00595610077 0.00511494512
-0.0167723764 0.0232456177
-0.0378298536 0.0381515697
-0.0305056795 0.0932181552
-0.0127053019 -0.0205835458
0.0472832061 0.00901211426
0.0446720906 0.0287724249
0.0303029623 0.0452717245
0.00929319952 0.0653654709
-0.0394625477 -0.00481831562
-0.0175478086 0.0566753075
-0.0126342373 -0.00790057983
-0.0513022728 -0.00259802677
0.0131666465 0.0443439782
-0.0175123382 -0.0379701369
-0.0231342185 -0.0413440727
0.0638731793 -0.0847345814
0.0582190864 -0.0412624218
0.0408085138 -0.0143422112
0.019957779 0.0126718152
0.0239237603 0.0165150557
0.0187074989 -0.0478612669
-0.0151103595 -0.0213996153
0.00965899322 -0.0662037954
0.00897496659 -0.00104071351
0.0384515747 0.0645857602
-0.0535621755 -0.0245229211
-0.023796197 0.0148471538
0.0271726884 -0.00755580422
-0.0197051782 -0.0182917658
0.00988174789 0.074386172
-0.0563169532 0.0242833514
-0.0150443101 -0.038013082
0.0473965295 -0.0383262523
0.0234743357 -0.000390928151
-0.00614919607 0.0197357591
-0.027079979 -0.0453137644
0.0563254356 -0.0343804732
0.0206292868 -0.0123292534
-0.0476322211 0.0208149385
-0.00977109093 0.0693807527
0.0382894017 -5.7278221e-06
0.0676465109 0.00996287074
0.0150463451 0.00589401321
-0.025616141 -0.0167008862
0.0271636546 0.0437362194
0.0249283295 -0.0151516059
-0.0572182685 -0.0543891452
-0.0332555994 0.021728985
0.0439277999 0.00296787219
0.0685540587 -0.0102062207
-0.0579428151 0.00868582074
-0.0549894646 -0.0017127255
-0.00902385451 -0.0174884535
0.0368077792 0.0268648211
0.0936501175 0.0944562554
-0.0106296912 0.0341354236
0.0233902894 -0.0462675206
0.0411292277 0.0161349438
-0.0280190948 0.0640763342
0.0365171246 0.0339186713
0.00535211805 -0.0255713053
-0.0693012103 0.0083371019
-0.0233427491 -0.00319470512
0.00497199036 -0.0213749297
-0.0106252376 0.0511460938
-0.000612121483 -0.0281962268
-0.0213707983 -0.0134596415
0.0130911404 0.0233266521
0.0346340872 -0.0475912504
0.0267997794 0.00485468004
0.0638569295 -0.0507550277
0.048678562 0.0294957794
0.0100402134 0.0696190894
0.00427856343 -0.0787720308
0.0750642568 -0.0175289139
0.0421219394 0.00167905877
-0.0483233482 -0.111915335
0.0299910884 -0.096520178
-0.01167408 0.0259394441
0.00470389379 -0.0305626038
0.0450001322 -0.00442363555
0.0117434263 0.0820036381
0.00334542361 -0.0229201578
-0.0461451747 0.0377120003
0.021287147 -3.514747e-05
0.0415893793 -0.0439412557
-0.0440697446 -0.00868306588
-0.0649672523 -0.0759549737
-0.0399719141 -0.0630171597
0.0298300218 0.0202553365
0.0589149036 0.0881761312
0.0581745803 0.0029197596
0.0508227386 0.0187210422
0.0666393042 -0.0102771772
0.0707856864 -0.0598212145
7.45676953e-05 0.0674054548
-0.0336007029 -0.0579204336
-0.0427814573 -0.0486251749
-0.00773403887 0.0316873044
0.00967225991 0.00956966449
-0.0435030609 0.013253727
-0.0295080356 -0.0555880256
-0.0282609258 0.0605690591
0.0797598585 0.078474693
0.00954777561 0.00913517736
-0.122130476 0.0327414051
0.000105121086 -0.0155636976
0.0609636307 0.0477047563
0.0349685699 0.0704167187
0.0233485866 0.0210907329
0.00794259831 0.0608511195
-0.0877470896 0.0249331668
-0.0467701294 -0.00728622591
0.0601932034 -0.0125065064
0.0140875997 0.00956513453
0.0626083389 0.0647027194
0.0609989129 -0.0052864491
-0.0184643101 -0.0137862507
-0.0875227526 -0.000650739006
-0.0912073776 0.0122430632
-0.00124156184 0.022165997
0.00806533266 -0.0367416851
-0.0143871987 0.0413712971
-0.021867346 0.00887252577
0.055421479 -0.0448031537
-0.050502684 0.0105391052
-0.0106340852 0.00797271915
0.0619653426 0.0213558618
-0.0438227728 0.00251991581
0.0377448536 0.0213568695
-0.0525556244 0.0486309007
-0.00579081522 0.0406319089
0.000767056248 -0.000966116961
-0.0901211426 -0.0050326949
0.00902863219 0.00375187374
-0.00726867793 0.00359373703
0.0373867787 0.0437140949
0.00727572478 -0.00281179883
0.0586469807 0.063763544
0.0118452925 -0.0153250862
-0.0744654685 -0.0544790104
0.00474165054 0.0732046813
0.00249971519 -0.108104177
0.0298678 -0.0711414665
-0.0214450341 0.0678645968
0.0041798288 -0.0199141372
-0.0222060774 0.0442136303
0.0172036495 0.029927725
0.0379944146 -0.0781607181
-0.0573693663 0.0115931462
0.0695808008 0.0708399266
-0.00148456765 0.00349591696
-0.0116039682 0.00812466536
-0.0188068971 0.0552727841
-0.0612346344 0.0497199818
0.0612245873 0.0267058741
0.0418049544 0.00985388178
0.0309178084 -0.00306010107
0.00348728942 -0.090594478
-0.0172870737 -0.0785383061
-0.045302324 -7.17719968e-06
-0.0159979519 -0.053366553
-0.0226555299 -0.0757142007
-0.0254992992 0.0316877365
0.053484939 -0.00594821339
-0.0111321053 -0.0852746367
0.00674359687 -0.0514444299
-0.0186272599 -0.00247008586
0.00982218049 0.0195669159
0.0575518385 -0.0422132872
-0.00574288517 -0.030484613
0.0582030863 -0.0609090924
0.0143655986 -0.0212072972
-0.00669391686 -0.0350118391
-0.0263733584 -0.0600353964
-0.0215703156 -0.00579987653
0.0700659305 -0.0407902487
-0.0292695034 -0.0329864323
-0.0251285601 -0.0180408843
0.0241872966 0.102500208
-0.0728833973 0.0215138681
-0.0265151393 -0.0979615897
0.0168054942 0.0441214181
0.00511916215 0.0306638479
0.0275407713 0.0454467721
0.0344363004 -0.0573476627
0.0265966747 -0.0485891514
-0.0410008766 0.0511651002
-0.021860173 -0.109349422
0.0265747663 0.0130603025
-0.0297796633 0.064726986
0.0458994806 -0.00840436108
0.0248792674 0.0191340707
-0.0436619259 0.00138363172
0.0255445391 0.0520459488
-0.00680890121 0.00570901157
-0.0728419051 -0.0946478471
-0.0361867733 -0.0103137344
0.0416897163 0.021682648
0.0188873596 -0.0309944823
0.0142298425 -0.0428743437
-0.0342341661 -0.00224417797
-0.00762841757 0.0381854177
-0.0164523982 -0.0729736537
-0.0824340284 -0.0091583943
-0.015890481 0.00277789379
0.0117452433 0.0159652904
-0.0646339878 0.057467211
-0.010473839 -0.0392203666
-0.0648904666 -0.0147132371
-0.0194728617 -0.0623793416
0.0903601199 -0.0691441447
-0.0517443605 0.0014850531
-0.00154968468 -0.00151339499
0.0207188688 -0.00894123781
-0.0661446825 -0.0237790737
-0.00377326715 0.0726573691
-0.0532205589 0.0962549374
-0.0559728481 -0.00613340922
-0.0332035273 -0.070352599
-0.00776518136 -0.0509089492
-0.0270047542 -0.0569966473
-0.0208078418 -0.0254078526
0.0616617315 0.00740064774
0.0149856247 0.00959261041
0.011154741 0.0513070524
0.00988338422 -0.0413203537
0.0199290533 -0.0236426983
-0.0110281976 0.00119711063
-0.0080383243 0.00506089767
0.018118687 0.0302148741
-0.0472832024 -0.032494206
-0.028838668 0.0409791023
0.0144677432 0.0516797788
-0.00551587576 0.0643121824
-0.0520834513 -0.0177761279
0.000810203899 -0.104559794
0.040001478 0.0166273192
-0.0722678751 -0.00816187728
-0.083883673 0.0129712233
-0.0315632299 -0.00911089871
0.00138648669 -0.0824874863
-0.00734550552 0.0123181995
-0.00678337878 -0.0383036956
-0.0341935866 -0.0723635852
0.0189635567 -0.0135553731
0.10695105 0.0359366797
0.0324064493 0.0314473324
0.0307013169 0.0242144577
0.023283435 -0.00417462084
0.0546502396 0.0300177503
-0.040587306 0.0119530289
-0.0556606501 -0.0172985867
0.0853516683 -0.0420748629
0.0372084454 -0.0905706212
0.0234060269 0.0457010753
0.0119967712 0.0615110993
-0.00269519025 -0.00702593336
-0.0592068173 0.0111348601
-0.0480381958 -0.0142465606
-0.0177965108 -0.00380043243
0.0122672077 0.00179768575
0.0710999742 0.0145561174
-0.0580340587 -0.00019774049
-0.0382821821 -0.032063175
0.079878442 -0.0164968036
0.0304700974 0.0263446122
-0.0451674834 -0.017781755
-0.052674111 -0.0357952192
-0.0397232249 0.0769985318
0.00831987616 0.0568536296
0.0967367291 0.015830921
-0.0141340746 0.0221798569
0.00211611483 0.00444153324
-0.00515277078 0.032792598
-0.0832188427 0.0355923101
-0.00392893516 -0.018116165
-0.0420859903 0.00749934744
-0.0107251108 -0.037291877
-0.0481947921 -0.0786453485
-0.0221421942 0.0198182929
0.0279025789 0.0187676344
-0.0486759245 0.00580046047
0.00415186398 0.0117998822
-0.0272685662 0.0347040147
-0.0174420625 0.0523403399
0.0174692534 0.0558767058
-0.0375112966 -0.0282943975
0.0205606967 -0.0461632833
0.012766975 0.0467211083
-0.0059586023 -0.0495550223
0.023401795 -0.0368727595
-0.0665580854 -0.013523642
-0.0249628033 -0.0473951921
0.070651114 0.0389625542
0.0213486105 -0.0330317058
0.00458295457 -0.0257204361
-0.0315986499 -0.00452057319
0.0299022328 -0.0385277607
0.121594131 -0.054765217
0.0552330613 -0.0519387573
0.00321656046 0.0556450896
0.0190121531 0.0212555975
0.0414777845 -0.00599150127
-0.00595391728 -0.0127180591
-0.00881297514 -0.0387598164
0.0140240071 0.0649805889
-0.0549380295 0.0195831247
-0.00127438502 -0.0251807701
0.0700007752 0.029293621
0.0026998606 -0.0224666446
0.00136212911 -0.00808972493
0.00630788133 0.0330271237
0.00154710922 0.00782569405
0.0384262018 0.0176858827
-0.0779798403 -0.0223276634
-0.0465520248 0.0343505405
0.0213242657 0.0647350624
-0.041438017 0.00677538803
-0.0409603305 0.107065916
0.0505232103 0.0280302502
0.0575239696 -0.0673622936
-0.0713018253 0.00806411356
-0.000935409684 -0.00637786323
0.0366047211 -0.0395330414
0.0166405644 0.0109967431
0.0298332833 0.0206522942
-0.00289784651 -0.0373217985
0.0451297052 -0.0165583901
0.00556155434 -0.0112469783
0.00224127504 0.0574417226
-0.000163781529 0.0302062035
0.0368907452 -0.0394627042
0.00590762403 0.0282937009
-0.100815207 0.0250901934
0.0415678471 0.0204429161
0.0334754176 0.00137177564
-0.0394556411 0.00528974971
-0.00923509151 -0.000942786166
-0.0427901596 -0.0506748557
-0.0475632176 -0.032779187
0.0145366853 -0.029801812
0.0183655638 0.0197066013
-0.0641076639 -0.05415041
-0.016145654 -0.0458833687
-0.0211522058 0.0805605724
-0.0338432044 0.0377918147
0.0201419033 0.0420084931
0.0153495315 0.0491547175
0.00971846934 0.00326236431
-0.00177025073 0.00675607705
0.0082526803 -0.0508061945
-0.0355299301 0.0113132959
-0.0123667279 0.0370717682
-0.0244064834 -0.0498881899
0.0068041943 0.0305510964
0.0453196727 0.0431596115
-0.00353269489 0.00938913785
0.0911448225 0.000791471452
0.0546048507 -0.0740727931
-0.0324954912 -0.00973824412
-0.0569406487 -0.0547597036
-0.00126297027 -0.0209770817
0.0432887524 0.0397175103
-0.00345712528 -0.041853901
0.0791296214 -0.0119224992
0.0726563781 0.0347069353
0.0253743716 0.0355197154
0.000215063221 -0.0797070339
0.0564778559 -0.0292409901
0.0311466996 -0.0244396962
-0.0807449669 -0.0568807349
0.0498114526 0.0439304672
-0.0621456653 -0.0548068956
-0.100332409 -0.0541749187
-0.00463894475 0.00891548861
-0.0255328231 0.0714431331
0.0397764668 0.0418293551
-0.0391598865 0.0342378914
-0.0350618996 0.13412632
-0.0436862446 -0.0211343486
-0.0212162435 0.00997137371
0.0822248012 0.0122667262
-0.0127524193 -0.0178820863
-0.013287629 0.0428097509
-0.0143115083 -0.0416461751
-0.0298621617 -0.0440073982
0.059385132 -0.0275001712
0.0395879969 0.0135114556
0.00806396548 -0.0467445292
-0.000328157679 -0.07021413
-0.0368223041 -0.00264436216
-0.00464267796 0.0646132529
0.0496360473 0.0451521315
-0.0023707971 -0.067346409
-0.038017787 0.0271905847
-0.0109768538 0.0533189215
0.00239071925 0.0512313806
0.0238121785 0.128288001
0.0232723299 0.0677334666
-0.0588881075 0.0637131929
0.0282146558 -0.0146899763
0.133183017 -0.0518333875
-0.0104016224 0.0430336371
-0.0101676174 0.0394603461
0.000512704952 0.0168795958
-0.0144639453 0.0901311785
0.0549985543 0.0999820456
0.0206410252 -0.0506341159
0.021258967 -0.0211466886
0.00994214974 0.0215779226
0.00864471309 -0.0114019578
0.0579083934 0.0598847941
0.0368864536 0.0246137418
-0.0270109363 -0.0297903977
-0.0354018137 -0.0510679856
0.0237260908 -0.0504764467
-0.004290374 0.000482676027
0.0114508001 0.0078126248
0.0632058531 0.0309506897
-0.00990570989 0.0170372631
0.00259490358 0.0227788948
-0.0145419845 0.00108097447
-0.0274255984 -0.040861994
0.0336317793 0.0184438601
0.0286932904 0.00901225396
0.00725145917 -0.0412639491
-0.0075661079 -0.0368710123
-0.00325916847 -0.03519734
0.0175552163 -0.0591167696
-0.00235474622 -0.026979696
0.00116800319 0.0885280669
0.0171589889 0.0643733814
0.003985113 0.00550485868
-0.0179303363 0.00482197385
0.0150197642 0.00954707712
-0.0800668299 -0.0320085511
-0.0349032059 -0.0192007404
0.0372209623 0.0604991615
-0.0190613121 -0.0589834265
0.0472206622 -0.0284013245
0.0302051194 0.0564089753
-0.0271280315 -0.0573464632
-0.0203058608 -0.0148611274
-0.0600641333 0.0020255032
-0.0281476509 0.0409059487
-0.0124834571 0.0294125695
0.00901955646 -0.0729566365
0.0418791324 0.0302504227
-0.0356376432 -0.0220517162
-0.0449720882 -0.0030409256
0.00808117166 0.0509644784
-0.0369316451 -0.116668828
-0.0309356581 -0.0263642315
0.0392461941 0.0332433619
0.0341625512 -0.0230443254
0.0275410227 -0.0350217968
-0.0365821943 -0.00851442199
-0.0175367445 0.0350779891
0.0140451267 -0.0726431683
-0.0894117877 -0.0428889208
-0.00999218784 0.00212672073
0.00688203238 0.0205135681
-0.0799567923 0.0299577788
0.00390709704 -0.0480410606
-0.0569033995 -0.0229583364
0.0065601347 -0.069819741
0.11517565 -0.0385294706
-0.0494731106 -0.00992278941
0.00347234053 -0.00425609527
0.0178030077 0.00362041174
-0.0468133427 -0.046968095
-0.0177814476 0.0683271736
-0.0836933926 0.0748477951
-0.0442192852 -0.0275972355
-0.0104947258 -0.0766809806
0.0088935094 -0.0445306562
-0.00293525681 -0.057613004
-0.0114045618 -0.031797789
0.0605211742 0.0250590015
0.0113344621 0.0143758189
-0.00165928074 0.0500999577
0.0195548851 -0.031129729
0.0214940794 -0.0185783971
0.0490508415 -0.0121132629
-0.0202084035 -0.00467737298
0.0341616124 -0.0465854704
0.0649400502 0.00577929104
-0.0882288143 0.021993963
-0.0597699992 -0.0150310714
-0.0279464778 -0.0181292836
-0.0763973296 0.0766047612
-0.0304001104 -0.0477541462
0.00727390451 -0.0643760338
-0.0179043114 -0.0176870637
0.000870030955 -0.0834944323
0.0479245782 0.0235064253
0.0442117415 0.0104864985
-0.00948753953 -0.0502487682
-0.0109957764 -0.0556352511
-0.0234810095 0.0281351302
-0.0396685898 -0.033632271
-0.0297374986 -0.0152370315
0.0106545975 0.0648901984
0.0478089005 -0.0468889251
-0.0205402635 -0.0366066173
-0.0513374247 -0.0569558963
0.00692767277 -0.00937496405
0.00279875658 -0.043140281
-0.0421460457 -0.0867465287
-0.0475496128 0.0224775281
0.0168194845 -0.0254940316
0.0667662621 0.0140248295
-0.00512398221 -0.00028004573
-0.0677107498 0.0395724513
-0.0437491462 0.0419977829
0.0161123332 0.0110801328
0.0505842902 0.0818680897
-0.0368715934 -0.0518192798
-0.00661984831 -0.000125626102
0.0967678055 0.0902627409
0.0378313549 -0.0270028934
0.0412218273 -0.0236678552
0.0812700242 -0.000447937025
0.0167556424 -0.00885885861
-0.0332601406 0.0311131906
-0.0150437569 0.0100571234
0.04123348 0.00666169729
0.0407613516 0.0657582134
0.0186081622 -0.0364625417
0.0607761182 0.0281725228
0.0318285003 0.0867694765
-0.0437427387 -0.0323284902
-0.00109787157 -0.00289609144
0.019733388 0.033908166
-0.0295295622 -0.0385453515
-0.0631762445 0.00121858355
-0.0715850517 0.00798545312
0.0188296456 -0.0299741253
-0.045394063 0.029723214
-0.091830574 -0.00902270339
0.0432910174 0.0210595895
0.0742373839 0.0288106017
-0.0230746809 -0.0331654251
-0.0532375351 0.0645342171
-0.0288617834 -0.0180689692
0.0287261736 -0.00664236769
0.0213927608 0.032419946
0.010983876 -0.0532567725
0.0181238018 -0.0485254787
-0.00171595626 0.0202542059
-0.00943905953 -0.0117082959
-0.00040157637 0.0107921502
0.0103561217 0.0606590249
-0.0516942888 -0.0984031633
-0.114171773 -0.0579461157
0.0177194383 0.00770877814
0.00584686501 -0.0475634336
-0.0111086424 0.00960162375
-0.00392914563 -0.00775996689
-0.0266049989 0.0174107589
0.0340137035 0.0118561415
-0.029845098 0.00192975777
-0.00283668702 -0.0134595735
0.0152886761 -0.00057642482
0.00165544602 0.0945517123
0.0477050506 0.0215693563
0.0574159026 -0.0586111061
0.0759962648 -0.00305853994
-0.0300029088 0.00255894428
-0.0316881351 -0.015840508
0.00127972185 0.0257873107
0.0107986648 -0.0617513433
0.0181550644 -0.00981443748
-0.0360568091 0.0606379434
0.00905394088 -0.0598499514
0.0241698176 -0.0261473227
0.0325044468 -0.00381848449
-0.03470378 -0.0377516001
-0.0205893125 -0.0359764323
-0.00561385229 0.0134121273
-0.0176121015 0.0208986346
0.055595573 -0.0206216741
-0.0348117724 -0.0570307374
0.00447152415 -0.110411644
0.0224060211 0.0429624282
-0.0308939219 0.036528077
-0.0403801762 -0.0163789
-0.00757371681 0.0373958983
0.102039419 -0.0471242107
-0.0371974111 -0.0513437837
0.0165883042 -0.0459643379
0.0111769997 -0.0198886581
-0.0499784462 0.0624892823
0.0483901873 0.0615669712
-0.0855544657 0.00219469448
-0.09191636 -0.0229166634
-0.0762337819 0.0193902403
0.0117511889 0.0135063073
0.0731317997 0.0143484222
-0.017039353 0.00155175361
-0.0272906981 -0.00944919977
-0.0436877608 0.00392810302
0.00586688612 0.011313526
-0.0264694169 0.0203478206
0.00451665977 0.00112064835
0.0562475026 -0.0329017937
0.0390882529 0.0240636691
0.0610737205 0.0584756471
-0.0584672689 -0.03683386
-0.00360289495 0.0153298937
-0.00974903163 -0.0201480277
-0.0374559015 -0.0683773831
0.032946717 0.0413250029
-0.0136509594 0.0185681824
0.0168358684 -0.0344464257
-0.0240072943 -0.0989923477
0.0480291471 -0.0250460356
0.0131224152 0.0114660095
-0.0962384343 0.0117881559
0.0496974811 0.148879439
0.0244415067 0.0264694206
-0.0248796623 0.028833013
0.0348544493 0.124685392
0.0373315215 -0.0101195192
-0.00698009739 -0.0237258095
-0.00653196638 -0.048334755
0.0454159044 0.00284562609
0.0543938577 0.0508945696
0.00691414904 -0.0516229048
-0.0150245335 0.0271401685
0.00228197454 0.0575763844
-0.0319635905 0.0429481491
0.000882991764 0.0117285969
0.0618208759 -0.032163389
-0.00250419206 0.0966472328
-0.00893262587 0.0662942603
0.0184367094 -0.000386152329
0.0179965105 0.0200929269
0.000615969358 -0.0339798629
-0.00310687604 0.000163274686
0.0132865179 0.0702710748
-0.011218085 -0.0436090119
-0.0163825899 -0.0720046982
-0.0308550484 0.0315974876
-0.0070015043 -0.0792245045
0.00928511377 -0.0515813418
0.0545773394 -0.000276290317
0.0509742014 -0.0684865564
-0.0136329839 0.0149090411
-0.0228973348 -0.0127569512
0.0251114592 0.0171291791
0.0602209829 0.00514372112
-0.0106435986 -0.0335023887
-0.0112215895 0.0699080229
-0.0217764359 -0.00674303574
-0.0660083815 -0.00505399192
0.0311416257 0.00817723759
0.0555521697 0.000104495921
0.0490552299 0.100563489
-0.0111343851 0.078693904
-0.0655578226 0.0237794425
-0.0520322546 -0.0444264449
0.0123713277 0.0288431216
0.0509582944 0.0536430292
-0.0119402967 -0.0637120232
0.000478621747 0.00174317358
0.0141503029 0.0626169816
-0.0108918231 0.081511572
-0.0322375633 0.00759995542
-0.0106056947 -0.035333436
0.0144538665 0.0620326065
0.036643859 -0.0348948874
0.0350351036 -0.0108592818
-0.0420400836 0.0578089319
-0.00744634401 -0.0115171382
-0.0113201272 0.0137661062
-0.022191992 -0.00377614121
0.0124793779 0.0354399197
-0.0197254382 0.0501076505
0.0477407016 0.0470328033
-0.0254356973 -0.032680992
-0.0372089967 -0.107251041
0.0744459555 0.0214284603
0.00490304222 0.0118355481
-0.0390971564 -0.0192470904
-0.0213160608 0.0160401668
-0.0138514899 -0.0269946251
0.0258490704 0.0352524854
0.0502681956 0.071810022
0.0619946606 0.0255466327
-0.00672494434 0.0773988366
0.00776149658 0.0353193022
0.0305173621 -0.0203501601
-0.0663101971 0.0615677945
0.00659443671 0.0102216667
-0.00019662104 0.0308366064
-0.0312627815 0.0017377903
0.0541962609 -0.0326675139
0.000806381635 0.0419858955
0.0114000207 -0.115089782
0.0258672163 -0.0749729052
-0.00238003372 0.0386144221
0.0249238871 -0.0188736059
0.0484200418 -0.0388674475
0.0538919047 -0.0504771359
-0.00742085278 0.0302357208
0.0218338761 0.0510694943
-0.0211000051 0.0554403514
0.00407390948 0.0342696495
0.142224744 -0.0201796237
0.0592961088 -0.00538267475
-0.00927097257 0.017785795
-0.0458122194 -0.00016253248
-0.0670998991 -0.0808178857
-0.0358452052 -0.0533337928
-0.0413116403 -0.0197384916
0.00765009318 -0.0246394966
-0.0235804245 -0.0144466879
-0.0655487925 -0.00242425036
-0.0320110358 -0.0185255706
-0.02330577 0.0451283678
0.00661280705 0.0834327787
-0.0573635139 -0.0123580368
-0.0396695547 0.0257751066
0.0257824808 -0.0370770358
0.0176802091 -0.114321746
0.00299816718 -0.0527600385
-0.0445161238 -0.0189297553
-0.0176352076 0.00171114132
0.0198151227 0.00853835605
0.0416416004 0.0344344415
0.0710549876 -0.0184219144
-0.0276047643 -0.0289317425
-0.0166550651 -0.00271207024
0.00741999224 0.018638527
-0.0292392988 -0.00199654419
-0.0267309994 -0.0360937566
-0.0640812442 0.00789754838
0.0336758681 -0.029430978
0.0460972413 0.00861277897
-0.0279677864 -0.0273311213
0.0529313423 -0.0291001964
0.0445962213 0.0326296538
-0.0860239491 -0.00624073483
-0.0484481938 -0.0311525017
-0.0195487067 -0.0276824106
-0.106396377 0.0467726029
-0.0116115846 -0.0473149121
0.0175221823 -0.0547343791
-0.00387660647 -0.0271978807
0.0272370372 -0.0746712685
0.0364191197 0.0345802829
0.0341111869 0.0305782557
0.0107983761 -0.0481321812
0.0186338425 -0.0472443625
-0.0377721749 0.0180385802
-0.0234191548 -0.0397435054
-0.0254921783 -0.0206849612
-0.0100930482 0.0648833215
0.0672052726 -0.0322355814
-0.00168729329 -0.0388926491
-0.0290252659 -0.0667922348
0.0108913947 -0.00902376045
0.016668912 -0.0257038083
-0.0109035727 -0.0907623395
-0.0534950607 0.0153286224
0.0280818343 -0.0172502939
0.0553978384 0.0272361971
-0.00852763467 0.00116399769
-0.0793599412 0.0177887492
-0.0475391857 0.0262730941
-0.071194008 -0.0089426199
-0.0126417577 0.0203195941
-0.0383940935 -0.00436103344
0.0107400408 -0.0210201256
0.0595762134 0.0294176321
-0.0803280473 -0.0356063209
0.0322853662 -0.0108232219
0.0225618221 0.018633157
0.0210753959 -0.0727585256
0.0414207093 -0.0697906166
-0.0202664919 -0.00635559345
0.0274349265 0.0082798209
-0.0559328273 0.0424958542
-0.0106002679 0.0137277897
0.0751049891 -0.0624090843
0.0713429675 -0.0168363228
0.0134374425 -0.0665547401
0.0286780801 -0.0786248446
0.030150814 -0.0179847833
-0.0430059284 -0.0282453652
0.00464702351 -0.0619397871
-0.0105506489 -0.0459050238
0.0314810202 0.00682815956
0.0113612255 -0.03720228
0.0103244008 -0.0442603938
0.0191450249 0.0615772568
-0.0155124227 -0.00528590102
0.0134913139 -0.0443770252
-0.0136427078 0.0228288397
0.0753205642 0.052387543
0.00147101923 0.0968279243
-0.011574218 -0.0224311575
0.03647523 -0.102863871
-0.0663172901 0.080709897
-0.0220165588 0.0410821438
-0.0428177007 -0.019594498
-0.0349933244 0.00981455948
-0.0389958769 -0.0731407702
0.0444153026 -0.0573689304
0.015566092 -0.00916156545
-0.0355168581 0.0111291287
0.0898387581 -0.0306958798
0.0233031679 -0.122938246
0.0425665416 -0.00901045557
0.0517996848 0.0197663568
0.0167591479 -0.00235758419
-0.0565584414 0.0099532837
-0.0475471094 -0.0525241084
0.0167644843 -0.0590828024
-0.0392918251 0.0344573855
0.0281596594 0.130455673
-0.00117728114 -0.00383844576
-0.0337990932 -0.0619797334
-0.0379258059 0.0519277565
-0.0373835862 0.0345345028
0.00783050153 0.0215844605
-0.00543311285 -0.0280352589
-0.00200351863 0.0279168244
-0.00608424982 0.0605029911
0.0137065072 -0.0336825289
-0.0662609637 0.0125001771
-0.0238810983 -0.0156127084
0.0555001013 -0.0766229853
-0.00864670333 -0.0036966952
0.0197501853 -0.0258776173
-0.0246501733 -0.0464102104
-0.00248113321 0.00851730257
0.0382395387 0.00933556166
-0.000606692745 -0.0082836533
0.0283689555 -0.0633349344
-0.0207273737 -0.0205622297
-0.0120637221 0.0163089931
0.061482247 -0.0176953636
-0.00893952604 0.0196921658
-0.0227737594 0.00186364469
0.0301540028 -0.0147097101
-0.0342932194 0.0275931954
0.0735727325 -0.0123904217
0.0771447346 -0.0433791168
-0.0209761616 -0.028101515
-0.0298795048 -0.0252618548
-0.0613930635 -0.00120342209
-0.0360363163 0.0105075752
-0.0526418313 -0.0229542349
-0.00818992499 -0.0392035171
-0.00724148098 0.0246812664
0.0336107351 0.0347468816
0.0627903342 -0.00978947245
0.000601498003 -0.0090170661
0.0686962381 0.0104975179
-0.0495979935 0.0267090071
-0.102833703 -0.00531723211
-0.00583089422 0.00123337272
-0.0459630266 0.0348162204
-0.0189392958 0.00484163035
0.0231435299 -0.0215919912
0.0290447269 0.00710437819
-0.0523736589 0.023018878
-0.0903181136 -0.0320552588
-0.018952949 0.0127469571
0.0320643671 0.0537857451
0.0321882591 -0.0139335282
0.0237884931 -0.058395505
-0.00263017323 0.00214298791
0.0341911316 0.00659458898
0.0341519974 0.0279787127
0.00597482733 0.0577064976
0.0435555056 -0.061032299
-0.032432951 -0.0431933738
-0.0225156099 0.0709194243
-0.0121672908 -0.0668365061
-0.0734819695 -0.0316139944
0.00210259971 0.0587408505
0.0735345781 -0.0124340458
-0.00143995835 -0.00831843726
-0.00306516886 -0.0250606462
0.0249693394 0.050675597
-0.0339721218 0.069257319
0.0709852204 0.031035291
0.0853756517 0.0331571177
-0.0039677741 0.0149594154
-0.0254700929 0.0217923224
-0.0724021196 -0.0557462461
0.0297025703 0.0272703636
0.00130557758 0.0447788425
-0.0330188572 0.00920882635
0.0157380477 0.0354150832
-0.0546560399 -0.000571736717
-0.0217199344 0.00967988372
-0.0442140512 -0.0201424286
-0.0457962491 0.0451248661
-0.00213426002 0.0347330272
-0.0303628016 0.0234294198
-0.0413535237 0.057973817
-0.0304596126 -0.0129201747
0.0532506853 0.0354282558
0.00720985373 -0.0043610204
-0.0299432836 -0.0305693671
-0.00110269175 0.00828037132
0.0121979686 0.0435311608
0.0301357955 0.0558043309
0.00419466896 -0.040409077
0.0308478624 0.0288328547
0.0572434776 0.0378083065
-0.00706929388 0.0143612577
0.0491209552 0.0610880703
-0.00200097286 0.00467936601
-0.0268798657 0.00767940143
0.0323232897 -0.0199908148
-0.041313611 -0.0320329815
0.054696504 -0.0885139927
0.0178880263 -0.049872864
0.0212987512 0.0442225598
0.101248309 -0.0194576234
0.0170943215 0.0027577891
-0.0340715535 -0.00785612967
-0.0799941197 -0.0585163385
0.0473869853 -0.00675174082
-0.00948040839 0.0207667202
-0.0486018397 -0.00680204947
0.0527373254 0.018347919
0.0124493241 0.00842856709
0.0857698992 -0.0100388322
-0.00298113772 -0.034985628
-0.0360274389 -0.012587551
-0.0479677953 0.0472535491
-0.0191832818 -0.0599024408
0.0641691014 -0.0286868233
-0.0264449939 0.0700482056
0.054977458 0.048213277
0.0869231299 0.0569751859
0.0425502136 -0.000365871558
0.0153749445 -0.0542846993
0.00815830659 -0.00459513441
0.0787122697 0.0456480123
-0.0217526816 -0.0292492155
-0.0447140969 -0.0064440202
-0.0197275486 0.0501734689
-0.0884016678 -0.0149657922
-0.0724975839 -0.00556342304
-0.0317142196 0.0173859354
-0.016975766 -0.00257353904
0.0744636804 -0.0516345575
0.0651199073 0.0387954339
-0.0654840246 0.0627215058
0.0303667281 -0.0802556649
0.041764196 -0.0291436408
0.00558017287 -0.0877277181
-0.0457168482 -0.0826700106
-0.0981686562 0.0790310428
0.0360221565 -0.0269939825
-0.0334376208 -0.0439762436
-0.0546864495 0.0650490373
0.0095860986 -0.0169350468
0.0308822319 -0.0320630483
0.0205123965 0.0657061934
-0.0333429538 0.0342162475
-0.0059190602 0.00776347006
-0.071666427 -0.0183412973
-0.00547554297 0.038004376
0.129982993 0.123759374
-0.00240899948 0.0116094025
0.00340560987 -0.0130406599
0.00796970353 0.0123044848
-0.00744042685 -0.0273701902
0.0107616019 0.0134138148
-0.0502294675 0.00021220342
0.0351366177 0.00608161511
0.0323710144 0.0185646173
-0.0278836284 0.0163265429
0.00462074811 -0.0244117808
0.0102365529 -0.0281598829
0.0172393676 0.0919311717
-0.0595333278 0.11030478
-0.0885279849 0.0543036498
0.0461190306 -0.0141768213
0.056576211 -0.0969253331
-0.0841079652 0.0121284453
-0.0433126278 0.0332556106
0.065382354 -0.00456129992
-0.00227501104 0.0454202183
0.0737974122 0.0155149521
0.0842363983 0.0252216216
0.00330352806 0.0292470697
0.0478240363 -0.0141750108
-0.0120150056 0.0258613881
0.0228606537 0.0478991196
0.0441700108 0.00487034116
-0.0649214163 -0.00296446402
-0.0124157425 -0.00224264152
-0.0132321613 -0.058441136
-0.0370376967 -0.00184927136
0.00191862253 -0.0123685151
-0.0318346098 -0.0380032808
-0.0224266518 0.0298604332
0.0356120653 0.0068719238
0.0200439058 0.0130172363
-0.01716673 0.00615485245
0.0167916398 0.012406921
0.0267800223 0.0499401577
-0.0567619056 -0.00120933412
-0.0113221454 -0.0392849147
-0.00874875486 -0.0415901765
-0.0128726317 -0.0086302897
0.0833229125 6.54304604e-05
-0.00536073186 0.0106072156
-0.0466141738 0.00583196944
-0.0221356954 0.0122804977
-0.0519453883 -0.00691332854
-0.0695386231 -0.0489027239
-0.094679825 0.0184486099
-0.0415822752 -0.0835260078
0.0588616244 -0.0548662655
0.0200664084 0.0520043224
-0.00695605995 -0.0053277812
-0.00452901563 0.00229326612
-0.0648066327 -0.0222404152
-0.0170726832 0.0227301642
-0.0371162221 -0.0136441793
0.00874366704 -0.029300889
0.0511507206 0.0420210287
-0.0664521381 -0.0593299307
0.0351562612 0.000685372332
0.0160805304 0.0256159138
0.0396553613 -0.0589034446
0.0678642839 -0.0574507862
-0.0186434723 -0.0164943729
0.0288813822 0.0212191213
-0.0636054352 0.0188348684
-0.0159263033 0.0109802661
0.0945993364 -0.0330033861
0.067507036 -0.000290754688
0.0419941097 -0.0572979301
0.0437520742 -0.0631886348
0.0319519676 0.00194339536
-0.0207882542 -0.0387309752
0.0174868535 -0.051521685
-0.00178102066 -0.0677442923
0.0312712975 0.0205352809
0.0262792129 -0.0333508328
0.0203192197 -0.0343549587
-0.000758181093 0.0652389675
-0.0206563473 -0.0108194798
0.0307915993 -0.0435629897
-0.0177893974 0.0212421138
0.0522829592 0.0761354044
-0.024196852 0.0931543708
-0.00313030463 -0.0263853036
0.00805291813 -0.00426934892
-0.00241141161 0.00354235992
0.00063720363 0.0070276279
-0.00183697103 -0.00174143026
-0.00269741286 0.00416439306
-0.00152857916 0.00155596039
-0.0019063676 -0.00371148018
-0.0066748648 0.0025197491
-0.00701127062 -0.00409155572
-0.00287022395 0.00235150289
0.00120892096 -0.00565065769
0.0052168495 -0.00459894864
-0.00204289961 0.00161462021
-0.000578166742 0.000765519915
0.00227847835 0.00346470787
0.00299605099 -0.000453917193
0.000182480668 -0.00443386426
-0.000671947259 0.00553402072
0.00755151734 -0.00271911104
-0.00168766163 0.00494378852
-0.00207519135 0.00309839798
-0.00674625998 0.00615974795
0.00269246544 -0.00785254873
-0.000826674805 -0.000324535737
0.00740182959 -7.35391077e-05
-0.00142876396 0.00245272578
0.0036700801 -0.00369736576
0.00264779688 0.00848689768
0.00631747162 0.000675666553
-0.00371902785 -0.00903147459
0.00580963446 0.0022146753
0.000193095941 -4.20619035e-05
7.42277552e-05 -0.00260179746
-0.00142740575 0.00296766707
-0.00133049174 -0.00026282671
-0.000666907523 -0.00382290129
-0.00848736335 -0.0018871224
0.00223193597 -0.00114193629
0.00018709006 0.00138412591
-0.00325158844 -0.00167304953
-7.44176868e-05 -0.000227201424
0.00948822405 -0.00433639111
0.0019423319 -0.00254508038
-0.00144493021 0.000743041106
0.00517488969 0.0102654742
-0.00243904022 -0.00313894218
-1.98846901e-05 -0.00294368411
-0.00244204514 0.0032116333
-0.00187874341 0.0075051887
0.00220488966 0.00477811275
0.0028250399 -0.0031827921
-0.00320562371 0.00366216293
-0.000618209597 0.00169642246
0.000577053521 -0.000770038518
-0.000662759587 -0.0048777014
-1.73490462e-05 6.80911762e-05
-0.00261085061 -2.19088215e-05
-0.00293537392 0.0016728593
0.00129004626 -0.00615607202
-0.00304711866 -0.00465483172
0.00161733106 0.000635672652
-0.00146776577 0.00521172211
-0.00379021885 0.00245763594
-0.001778821 -0.00256113475
-0.00211068289 0.00246341713
0.000104124294 -0.00346938171
0.000776834029 -0.00128006598
-0.000460323674 -0.00122347055
-0.00265985727 -0.00301684299
0.00574076269 -0.000946782937
0.00288978079 0.00385436416
0.000307690323 0.00132954761
0.00521387439 -0.00822674669
0.000499733433 0.00481835427
-0.00116273784 0.00164756097
0.00116749527 -0.00396089023
0.00982345827 0.00242793513
0.00320228026 0.00377427111
0.00301775546 0.00574760279
-0.000956401636 -0.00228054798
0.00305124582 -0.00342312013
0.00942516886 -0.00369946263
0.00172123639 0.00011821754
0.0048179538 -0.003172589
0.00397521257 0.0048243897
0.00259988476 -0.00015237715
0.00539272558 0.0037187105
0.00108660932 -0.000467995094
0.00249913568 -0.00245202449
-0.00138104765 -0.00447985344
0.00903034862 0.00570999784
0.00219571497 -0.00453776494
0.000150604668 0.00189616811
0.00440061465 0.00493797055
-0.00180638034 0.000298050902
-0.00105708372 0.00553587405
-0.00274716038 -0.00059255847
0.000418526266 -0.00105259451
-0.00147114112 0.000477684487
0.00251887017 -0.00157567509
-0.000610146089 0.00110923767
-0.00207449473 -0.000463126722
-0.0021437665 0.00521496451
-0.000293460675 -0.000232289589
-0.00246434961 0.00281630736
0.00314675365 0.00246914639
0.00247454108 0.00091902772
0.000793908199 -0.000576690538
-0.00561483297 0.00524167437
0.000657581899 0.0063240421
-0.00480095437 0.000102657534
0.00118337572 -0.00160455203
0.000586369075 -0.00128944602
-0.00126389368 -0.00382241094
-0.00177498348 -0.00555881439
-0.00198497996 -0.00242791837
0.00753128715 0.00184765924
-0.00177461572 0.00366436248
-0.00149043603 0.00339258322
0.0031576755 0.00260458398
0.00185952929 -0.000613465614
0.00412813248 0.000121527155
-0.00433350028 -0.00106846262
-0.00397555204 -0.000364245614
0.0127151674 0.000617452606
0.000140992182 -0.00079197227
-0.000669527566 -0.00134828431
0.00096908235 -0.000983254868
0.00316592655 0.00296289427
-0.00516000483 0.00279649417
0.0015854846 -0.00155068003
0.000393010647 -0.00155679346
0.00231446349 0.00146685983
0.000325017318 0.00173742778
0.000383301667 -0.00896783173
-0.00375276082 0.00204783375
-0.00887161866 -0.00144876249
0.00387765653 -4.06460931e-05
-0.00631209835 0.00293539953
-0.00123422616 -0.000794207735
0.00784725044 -0.00507895229
-0.000472126267 -0.00385097275
0.00292372284 -0.00173634745
-6.27093104e-05 -0.00238136109
0.00271421578 0.000289794873
0.00117454235 -0.00350717269
-0.00188286428 0.000106591615
0.00449651806 0.0029281266
-0.000748580263 -0.000615103287
-0.00375186815 -0.00466524065
-0.000734483125 -0.00152706844
0.00272380817 -0.00193483452
-0.00599387987 0.00641262066
0.00415527448 -0.00360035733
0.00529595884 -0.00786889251
0.00907289516 -0.00275463681
-0.00252653519 0.000547328498
0.0015446922 0.0038483867
-0.00554822991 -0.00272205938
-0.00245658215 0.00324519514
0.00125389884 -0.00254629366
0.000972834008 0.00239605783
0.000948221132 -0.00357939932
0.00126530288 -0.00509895803
-0.0043163402 0.00688420096
-0.00116155681 -0.00152520312
0.000404060323 0.00293091452
0.000505328469 0.00582674146
0.00167126174 0.00299259671
0.00337286456 0.00190949754
0.005465372 -0.0024925156
-0.00800132286 0.0036731963
-0.000556903135 -0.00440920144
0.00182609248 -0.00757449074
-0.00149545784 -0.00287663797
0.0044172951 -0.000822444388
0.00272006891 0.000908581365
-0.00164644769 0.00422792183
0.00114305574 -0.00179948146
0.00499558123 3.66209133e-05
-0.000271754718 -0.00304599851
0.00201095245 -0.00974939577
0.00414300943 -0.00161116046
0.00225079944 -0.000995696522
0.00694321329 -0.00407176791
-0.000214798929 0.00538188359
0.00135239901 0.00507616159
-0.00227052905 0.000774889195
-0.00399317266 0.00133837876
0.000903744425 -0.00251717051
-0.00959066022 -0.00190530648
0.00365036773 -0.00584803335
0.00535809668 -0.00438040774
0.00130910496 -0.00268977066
-0.00115411519 0.00117940642
0.00466031954 -0.000926562003
0.000955537369 -0.00297584501
0.00218574493 0.005092951
0.00818524323 0.00139477651
0.0035071685 -0.00166697637
