0.000132313857 -0.00565135106
0.00526134111 0.00260938494
0.00474057999 -0.00440114224
-0.00197158521 -0.00681191171
-0.0011550301 0.00326280575
-0.00204202719 0.00161978987
0.00220492296 -0.000309539522
-0.000217739405 0.00073859212
0.00289065321 -0.000383915874
-0.0071471273 -0.000996539951
0.00606823154 -0.00408283481
-0.000376925309 0.00224144664
0.00263265381 9.47011431e-05
-0.000526614429 -0.000931432704
-0.00146232406 -0.00217699679
0.00179452309 -0.00106771151
0.0032047776 -0.00580691779
-0.00078064797 -0.00118339213
-0.000580852153 -0.00377417402
0.00263908249 0.00493994216
-0.00335674617 -0.003658653
-0.00585456705 -0.00174224423
0.00152821082 7.06208593e-05
-0.00260557327 0.00304695545
-0.00743748853 0.00174632506
-0.00315032317 5.28318451e-05
-0.00184236595 0.00828692038
-0.00461698975 -7.74628206e-05
-0.00578057487 0.00121976633
9.52900227e-05 0.0104929674
0.00348762935 -0.00339446752
-0.000919662358 0.00369818276
-0.00288577122 0.00169467728
0.00151522155 -0.00504098833
0.002787804 -0.00237169047
-0.00117805332 0.00319856405
0.00213823537 -0.00555174472
0.0040394892 -0.00068416365
-0.000821652822 0.00358151319
-0.00314255338 -0.000926229055
0.00133896526 0.00103816949
0.000973943272 -0.00255613774
0.00426728465 -0.00236609741
-0.00495527592 -0.00239037466
-0.00255110022 -0.00136339711
-0.00326002669 0.00240619131
-0.00671193283 0.000248392724
0.000434883375 0.00757446373
0.00202683033 0.0021327408
-0.00286677061 0.00104676641
0.00529587734 0.00867191516
0.00318372645 -0.000394655741
0.00245225476 -0.0030783012
0.0015496423 0.000601752719
0.00373249268 -0.00415356085
-0.00517077511 0.00194041315
0.00233076001 0.00526190875
0.00231110584 0.00247070892
-0.00682626711 -0.00163013709
0.0013478247 -0.000542179099
-0.000986022293 0.00184807333
0.00298184529 0.00456067175
-0.00168440735 -0.00155021332
-5.52459242e-05 -0.00159413763
0.00128581235 0.00418970687
-0.00339903845 0.000810654601
0.00230284873 0.0013512891
-0.0004252035 0.00185740751
0.00193642359 -0.00294440216
-0.00201329752 -0.000582506415
0.0041592624 0.00413236069
0.00234822277 -0.000568684773
-0.000680596277 -0.000758112757
0.00243235449 0.00118781417
0.00485744467 0.0015630906
0.00681874482 0.00985533837
-0.0060528568 -0.0031638341
0.0034106276 0.000596338534
0.00170701125 0.00778476242
-0.000364997599 0.000146098158
-0.00391320512 0.0014300925
0.00493336841 -0.00550498907
-0.00492921239 0.00370001397
0.00215096748 0.00339788245
0.00499660475 0.00323978486
-0.00618091319 -0.000751646585
-0.00118953851 0.00143095711
-0.00506266113 -0.000300204032
0.00090004626 0.00330561609
0.00585988257 5.53429163e-05
0.00778779248 0.00315568782
-0.00680902181 -0.00520140398
-0.0022072799 -0.00126558484
0.00287729618 -0.0108775916
0.00611874042 -0.000452560955
0.00158635189 0.00301471609
-0.00287290616 -0.001005503
0.00101542508 0.0090755187
-7.62197669e-06 -0.0037867038
-0.000769079139 -0.00128363969
-0.00278795743 -0.00356831634
0.0015277582 -0.0018808092
0.00121893873 -0.00175886974
-0.000271054509 -0.00564335333
-0.00079839339 -0.00374900945
-0.00509705953 0.00774531253
-0.00186518207 -0.00101215509
0.00461022463 0.003604864
-0.000657128694 -0.00487046689
-0.00556329824 -0.000515864696
0.00512804836 0.00217188057
0.00206249696 -0.000605184934
0.00818970613 -0.00180954242
0.000253983919 -0.000697853044
-0.00178737985 9.84556318e-05
-0.00565757509 0.00312120654
0.00503951544 0.00474378327
0.0100318212 -0.00487461267
-0.0030339635 -0.00794738159
-0.00249040499 -0.000770464947
0.00230611605 7.14692942e-05
-0.00326375593 0.00270813215
-0.00112349505 0.00409600884
-0.00130571239 -0.00256879558
0.000592309982 0.00795106683
0.00421666587 0.0010820427
0.00021597484 -0.00678224629
0.00348333269 0.0037720378
-0.0016456194 0.00104762055
0.0012462351 0.00114031904
-0.00815120526 -0.006273204
-0.00558652217 -0.00126828707
0.00306669902 0.000685704872
-0.00227139099 -0.000627377362
0.00218926673 0.002699479
0.00199832278 0.00488707703
0.00499358773 0.00598027743
0.00303993188 0.00489019183
0.0039462368 -0.00047270357
-0.000572691089 0.00661392091
-0.00272327103 0.000960115343
-0.00290131872 0.00323946425
-0.00186812039 -0.000962403079
-0.00425411481 -0.0054448857
-0.00192629907 -0.00875490904
-0.000374271418 0.00072102499
0.00103119807 -0.00256893528
-0.00131078588 -4.14892384e-05
-0.00752010383 0.00328264851
-0.000146095612 -0.005872129
0.00102680002 -0.0067438581
0.00417204108 0.00111005944
0.0022025893 0.00147005054
-0.00246547046 -0.00109340728
-0.00275280583 -0.00207083393
0.00792281795 -0.00592560368
0.00293466146 -0.000247944205
0.00715319486 -0.00267350837
0.00819740258 0.00187193695
-0.00325357076 0.0035786985
0.00154241524 -0.00209076982
0.00173275813 0.00165532844
0.00214690878 0.000777865702
0.00202897564 0.00275609014
0.00063357508 0.00592799718
0.000609272334 0.0025686291
-0.00588186411 0.0025962661
-0.000718113908 0.00305129075
-0.00285032368 -0.00170046987
0.000488100864 -9.74275167e-07
-0.00184343802 0.00129310321
0.0022678324 0.00483904034
0.00303732976 0.00507178158
0.000962810707 0.00878144335
0.00133433135 -0.00415382208
0.000363452156 -0.000136606424
-0.001553935 -0.00667485781
-0.000580769207 -0.00207144138
-0.00174562517 -0.0063626091
0.00137771736 0.00454138312
-2.56154399e-05 0.00291764853
0.00236246781 -0.00405732961
-0.00517564174 0.00115987135
0.00335433683 0.00294649601
-0.00313855917 0.00661636377
-0.00293080346 0.00312199583
-0.00077788817 0.000476576737
-0.00216947496 -0.000402902078
0.0010565907 0.00245143822
-0.00225503044 0.00111805904
-0.00408371678 -0.0019468714
-0.00313499523 -0.00477458723
0.00495533505 0.00421814201
0.000252570462 -0.00275431899
-0.00448550144 -0.00116075517
-5.95658421e-05 0.00308734085
-0.00601219852 -0.000382669881
0.00679026311 0.00457944488
-0.00576632051 -0.00448052771
0.00176226278 0.00299889105
-0.041071292 -0.0339919664
-0.0347886682 0.00521983206
-0.0176883768 -0.0460410193
0.0291417465 -0.0139939282
-0.00587407686 0.0641192123
-0.0437801294 -0.0745818093
0.0499405079 -0.0111212814
0.0470944941 0.00207629544
0.0511854105 -0.0520162918
-0.0152739799 0.0091313133
-0.0398909561 -0.00709140673
-0.000716662675 -0.0174193308
0.0347878449 -0.0491796471
0.0156161329 0.0331594311
0.0543746985 0.0230880715
-0.0182850342 -0.00431126403
0.0170264617 0.0176555365
0.0104198894 0.0532664433
0.0172259361 0.0319600143
-0.0127000008 0.0162395239
-0.014836099 -0.0426000655
0.0186258275 0.0883731991
0.0127346376 0.0296686608
-0.0104284147 0.0258847233
-0.0315885916 0.00961087551
0.00939744338 0.0234368928
0.0633168742 -0.0299629476
-0.0547765866 0.0484282486
-0.00648609549 0.00626047701
0.00113863801 -0.00913490262
0.0477660894 0.0126804085
-0.0015756709 -0.0162797198
-0.0220957585 -0.00318164006
0.0274508595 0.00247044279
-0.0590296127 0.0262323655
-0.0815233514 0.0280761849
0.0160145387 -0.0145149687
0.0113018081 -0.0335348062
0.0288931169 0.00409609452
-0.00316078379 0.0129229976
0.00769955246 -0.0027355114
0.0497479625 0.0194930453
0.00396989333 0.00367450947
0.0158708356 -0.0134562235
-0.0243031662 -0.0308942031
0.0180285629 0.0345293656
0.0216629282 -0.00197524671
0.0112603093 -0.0281066317
-0.0461594649 -0.0269428436
0.0168118253 0.0136637744
-0.00850263052 -0.00335885515
-0.0290198773 -0.00217414764
0.0389420129 0.0388073139
-0.0374927185 0.00466730166
-0.0235641524 -0.0217607971
0.0260592271 0.0261437278
-0.0277759396 -0.0450619869
-0.0276209395 -0.000439225056
0.0382060111 -0.0474640727
0.0251323115 -0.0415704288
-0.0205556452 -0.0307639297
-0.00828593504 0.000821104622
-0.000518771645 0.0198989809
-0.0568016283 0.0697855204
0.0351002626 0.000545293558
0.018437678 0.0179431941
0.00453166384 -0.0161258373
-0.0784436464 -0.0402532741
-0.013792553 -0.00937332492
-0.0352917947 -0.00994579587
0.0083728265 0.000100276724
0.0697280094 0.00306857424
-0.0559647717 0.0406493843
-0.013097764 -0.0603472926
-0.0319959372 0.0789867565
-0.0075335321 -0.0468838364
-0.0566652827 -0.0241020359
-0.0175817497 0.0138844009
0.0103834402 0.106582753
-0.00061971182 0.0156982653
0.0158856492 -0.00627146242
-0.0408518352 0.00554103963
0.0290538669 0.0278373975
-0.046669282 0.0427670069
0.0609659515 0.0104714129
0.00222121528 0.0105171679
0.000689117529 0.0497321971
-0.0129753072 -0.0188296568
-0.0200514607 -0.0246795751
-0.0205322281 -0.0294115264
-0.0250398889 0.011177117
-0.0214995816 -0.0420041159
0.00853800122 -0.00789429713
-0.0495111309 -0.0193921644
-0.0464771241 0.00130004308
0.00243800692 0.0354872532
0.00922715571 -0.00341003411
-0.0165252369 -0.0443108305
0.0300036464 -0.0142853726
0.0557412468 0.0164398346
-0.0288638081 0.038964048
-0.0121477023 0.0469259396
-0.0185183436 -0.0354795754
-0.0611461364 0.0323085487
-0.0558427386 -0.0016921889
-0.00830275659 0.0380271152
-0.0276532099 -2.03113414e-05
0.0130117182 0.00133963418
-0.0146827847 0.0130845243
0.0328856669 -0.00429016165
0.00835894421 0.0089007495
0.0306941234 -0.00673388317
0.00962180179 -0.0407736525
-0.0477215499 0.0168174505
0.0326126404 0.01806706
-0.00246718107 0.0218099486
0.0299658794 0.0439391248
-0.00384954666 -0.0195933431
0.0140219284 -0.0211103186
0.0382244177 0.0127844485
0.00127864769 -0.0361337624
-0.0108142477 -0.00679861382
-0.0196944997 -0.0390481241
0.00339344027 -0.00714501645
-0.00460036239 -0.0188712925
-0.00487173162 0.00315106218
0.0107572544 0.0392627716
-0.00542134093 0.0443116277
-0.0463538095 -0.0256521553
-0.0274362899 0.0160946157
-0.0186092388 -0.0465818383
0.0327018201 -0.00684642885
-0.0057969694 0.0731880739
-0.0402087681 -0.0688644946
0.0471003465 -0.00831139646
0.0460287221 0.00761530083
0.0519565456 -0.0461258255
-0.0100331698 0.0106448252
-0.0400427021 -0.0094070714
0.00192520395 -0.0177001134
0.0377683453 -0.0514279529
0.0177395437 0.032070674
0.0582702383 0.0158873014
-0.0226275008 -0.00565228052
0.00798586011 0.0168200415
0.00301212678 0.0567399822
0.0080044698 0.0279602502
-0.0117217209 0.0148938987
-0.0099507561 -0.0446535014
0.0167077612 0.0856626034
0.0158173442 0.0306815878
-9.77073341e-06 0.02109701
-0.031938754 0.0250735413
0.00332463766 0.0238453764
0.0656445622 -0.0278749708
-0.0478300266 0.0453801788
0.00522159785 0.0113953529
0.0116334949 -0.000483918237
0.0499497801 0.0115192737
-0.0120367212 -0.0195645504
-0.0312330332 0.0106336903
0.0251868274 0.00644992525
-0.0589167885 0.0343878232
-0.0714185983 0.035526894
0.0152218891 -0.014118311
0.0116231833 -0.0430411808
0.0246226639 0.00524127297
-0.00244182791 0.00562463235
0.00375276292 -0.00160026352
0.0539861061 0.0217745509
0.0115326419 0.00143967918
0.0169495512 -0.0204652473
-0.0214130096 -0.0355029926
0.0190421883 0.0282476693
0.0212259665 -0.00876251794
0.00725639844 -0.0312342253
-0.0462346487 -0.0260189828
0.0113837244 0.0169389844
-0.00509169651 -0.0075352625
-0.0317237601 -0.00974810123
0.0378180109 0.04200368
-0.0345945731 0.00481540803
-0.0280807056 -0.0240618885
0.0149885183 0.0232997499
-0.0292008892 -0.0513560176
-0.024876304 0.0103489393
0.0384204723 -0.0343074724
0.0159850959 -0.0385273546
-0.0232157726 -0.0390806198
-0.0067314757 0.00481610745
-0.000734732079 0.0207321607
-0.062041644 0.0616684482
0.0341107063 0.0132880099
0.0158614703 0.0214776397
0.0108266855 -0.0107378894
-0.0845690593 -0.0369334444
-0.0132638998 -0.01423332
-0.0247312915 -0.00684845354
0.00733147562 0.0015478119
0.0726226717 0.0107475221
-0.0481463633 0.043141216
-0.0117873847 -0.0665587112
-0.0325013287 0.0791683868
-0.00987526216 -0.0472247042
-0.0597728267 -0.028430352
-0.0176399443 0.00491023064
0.00549192354 0.108409554
0.00257796398 0.0194550082
0.0115846042 -0.0109063108
-0.0436787233 0.00629617134
0.0328918807 0.0302765891
-0.04601321 0.0458555184
0.0698848739 0.00986546278
0.0069497712 0.0132724084
-0.00679630926 0.0522725619
-0.0157557577 -0.0155203622
-0.0195139553 -0.0256705359
-0.0172322989 -0.0356130898
-0.0227825996 0.00803265069
-0.0273720995 -0.0444771424
0.0111930789 -0.00884497724
-0.0557912663 -0.01869056
-0.0398373976 0.00201401487
-0.00830130745 0.0388647318
0.00602954952 0.00217298628
-0.0086850794 -0.0504546985
0.0308966879 -0.0145358304
0.050555896 0.0151966158
-0.0274165068 0.0400251746
-0.000420170662 0.0495275073
-0.0252295472 -0.0339756235
-0.0686885938 0.0300075412
-0.0537803136 0.00134414935
-0.0121080065 0.0354036503
-0.027274169 0.00151597674
0.00659962837 0.00206493074
-0.00313578011 0.0167666264
0.0387412459 0.00527946372
0.00326015335 0.0124359969
0.0292969588 0.00276137819
-0.000873401703 -0.0544305183
-0.0466292389 0.0154771227
0.0350841656 0.0205240902
-0.0211622119 0.0264441315
0.0301856752 0.0473521799
0.000565687427 -0.0190249719
0.0187509134 -0.022545062
0.0440597236 0.00349744246
-0.0030982038 -0.035587199
-0.0141472593 -0.00564135239
-0.0142286969 -0.0396620817
0.000859819876 -0.000649046095
-0.0160739943 -0.0130851017
-0.00551418494 0.000726789818
0.0276743546 0.0345645621
-0.00467607379 0.0437883139
-0.0120396689 -0.0161236133
0.0100160036 0.0354660153
-0.0216217637 0.00144236267
0.0150243724 -0.0326611623
0.0635272861 -0.0125381835
-0.0158210602 -0.0413836204
-0.0881388634 -0.00793885998
0.070289351 0.0136013646
-0.00196188316 -0.0166700408
-0.0808168352 -0.0624933243
0.0406206585 0.023799723
0.0163507927 0.0635907054
0.0143652968 -0.0177261196
-0.0157526378 -0.0248852912
-0.02115505 0.0180865265
-0.00116358476 0.0147121055
0.0208211616 -0.0437806845
0.0660317838 0.00528350426
-0.00574179227 0.0193355381
-0.0174954906 0.00820320845
-0.01213283 0.00753169879
-0.0149119375 -0.0175392143
-0.00672646845 -0.0351507366
0.0171483476 -0.0868782774
0.0655554682 -0.0130348187
-0.00582821853 -0.0160645042
-0.00954710506 0.00820597168
0.0130041288 0.0557137802
0.0404902697 0.000617451908
0.0433579385 0.0390286222
-0.0173581932 0.00789775234
0.0354353264 0.0320651531
0.0521935709 0.0720004067
0.0212064348 0.0152226202
0.00990359392 0.0798884034
-0.066997312 0.0205228291
-0.0358685553 -0.0693517849
0.0455956794 -0.00717890682
0.0442335606 0.0333213508
0.0291587841 0.0463932157
0.0750553384 0.00562203908
0.0263282992 -0.0455672406
-0.0478133336 -0.0440291837
-0.0160991494 -0.0204171129
-0.0427990183 -0.0242480393
-0.013163982 0.0134136146
-0.0186996702 0.00984404236
-0.0267871432 -0.0557610989
0.0616218671 -0.0448783562
-0.0221716613 0.0174067114
-0.0465155207 -0.0361268334
-0.027177643 -0.0921943784
-0.0174454227 0.055103194
0.0692613721 0.0215474982
0.0298777912 0.00584296184
0.0574662164 0.0248751193
0.0430453531 -0.0429616347
-0.0672276244 0.0771048144
0.0234687049 0.0105467839
0.10427127 -0.111740701
-0.00504545821 0.0230017584
-0.0457985178 0.0577680394
-0.0553006902 -0.0100575015
-0.0199508313 -0.0451446995
0.101957291 -0.0779916346
0.0350028463 -0.0177371893
-0.0200591311 0.065900296
0.0451783277 -0.0167865697
0.0293220729 0.00439011864
0.0517392233 0.0408345349
0.0147761945 -0.0560522228
0.0355075039 -0.0271739196
0.0885773301 -0.0184204672
0.0112875998 0.00888323039
-0.0501439869 -0.00736556947
0.0133143999 -0.0215861928
0.0731888413 -0.0213717259
0.0163305905 -0.102700099
0.00243208488 -0.0308723766
0.0103493948 0.0147247771
-0.0108151259 -0.00517702755
-0.0523988158 -0.0376534797
0.0257009529 0.0233785715
0.00581650157 0.0802274719
-0.0667018592 -0.0414246432
0.059220545 -0.0121912435
-0.0304118507 0.0266108755
-0.0725496635 0.0246466771
-0.0634877458 0.0170689132
-0.0317090638 0.032739345
0.119464524 0.0644635782
0.0260045752 0.00950706191
0.0131886685 0.00321721472
-0.00696089678 -0.00323496968
-0.0367831327 0.0681389049
0.0404554904 0.0156022068
-0.0374037698 -0.0666581541
-0.00169266132 0.00684046373
0.0751222298 0.0277407411
0.0103612589 -0.0195844471
0.0235218331 -0.0463346913
0.0212496072 0.0159564968
-0.0317106135 -0.0116141494
0.0424703769 0.0276486464
-0.00959358364 0.117189318
-0.0988501757 0.0159598608
-0.0155795878 0.0482873283
-0.0224011876 0.0132384123
-0.03745161 -0.0202900842
-0.00624519819 0.0189265087
-0.0430805162 0.0103635164
-0.0638053566 0.010173725
-0.0614114925 -0.0133008407
-0.0882942155 -0.0416794345
-0.0175447948 -0.0359136686
0.0625041351 0.0676539317
0.0771225467 0.023078708
0.0577998422 -0.0235605892
0.0495436639 0.0192536339
0.0602201372 -0.00605213782
-0.0413459465 -0.0114650391
0.00799085107 -0.117485493
-0.0352339596 -0.0161351431
-0.0937789306 0.0124152182
0.0271714814 -0.0301443692
-0.00850230269 0.0879846886
0.0292023495 -0.0150516927
-0.0294486079 0.0152432686
-0.00379494717 0.000912983669
-0.0125020621 -0.106498316
-0.0376153439 0.0568270124
0.0976386964 0.0252558365
0.0328907035 -0.0908866674
0.0449439809 -0.055533912
-0.0221564155 0.0330795273
-0.0875335261 0.0133675374
-0.0559005141 0.0334480703
-0.058486823 0.0520597883
-0.0015408668 -0.0455113836
-0.059669815 -0.0255124606
0.045467969 -0.0154356584
-0.0336554609 -0.0241156146
-0.0292032566 0.0412582569
0.0860902369 0.0312091298
-0.0513739884 -0.00734478096
-0.0514070876 -0.0304601993
-0.0677490681 -0.0116261477
-0.0647581965 -0.00258070114
-0.019893799 -0.0507616512
-0.00265935785 -0.0281823464
0.0475935973 -0.0316794403
0.00424125977 -0.064665027
-0.0657515079 0.016092645
-0.015508295 -0.00864934456
0.0187104121 -0.0529503599
-0.0856837258 0.0536865257
-0.0116817234 0.082790643
0.0326500647 0.0527096167
-0.0285103302 -0.00185568456
0.0219813827 -0.0039349962
0.079767026 0.0348798633
0.00884994306 0.0268139951
-0.0287452284 0.0513217747
0.032217823 0.0523682237
-0.00439649122 0.0359769762
0.030279858 0.0410007983
-0.0344815515 0.0155271236
-0.044258263 0.00252425764
-0.00453960197 -0.0033717989
-0.0472642258 0.0351601094
0.0127850855 0.0017935551
0.0314201824 0.0184118934
0.0306835677 0.0429852605
-0.0131483516 -0.0305833928
-0.0200317912 0.0523621589
0.0291645043 0.0055129081
-0.0263465066 -0.0944871455
-0.0134149212 -0.0376292355
-0.0407280326 -0.0117591461
-0.0142312674 -0.054597944
0.02914262 -0.00722493464
0.045742739 0.0129473908
0.0135191586 -0.0205109622
-0.0379772969 0.0126616452
-0.00676499074 0.0134763019
-0.00580996834 0.00416171737
-0.0128911184 0.0269074906
-0.0123476386 0.0177519135
-0.00178678043 0.00477528851
-0.0144032743 -0.0594205931
0.00168164738 -0.0293044746
0.00962668844 0.00276260357
0.00356775546 -0.00594037678
-0.0449617915 -0.0287414305
-0.0458217002 -0.0286073182
0.0528166927 0.00325522781
0.0020941156 -0.0402826183
0.0660428554 0.0119401794
-0.00890229363 0.0464175716
-0.0655118972 -0.0364926197
0.0436398722 -0.00406227866
-0.0420604385 0.0481530167
0.0165211093 0.00574191147
-0.00748190284 0.0162341297
-0.0360549614 -0.0120250676
0.0110194357 -0.0542273372
-0.00632340368 -0.0124488799
0.0372755416 -0.0127545604
-0.0365351252 0.0229253061
-0.00956045836 0.0447227284
0.10979984 -0.0585451648
-0.000398702716 -0.0591418445
-0.0469236486 -0.0518381558
0.0611930154 -0.0352871977
0.0764361843 -0.0476290733
-0.00150323857 -0.0584858768
-0.0260189231 0.0084994724
-0.0161674507 -0.00836409722
-0.0391425975 -0.00686184503
-0.0270754062 -0.00100153498
0.0617359914 0.0414241143
-0.0318940356 0.0346743502
-0.0195498094 0.00319705671
-0.0633010343 -0.00421801955
-0.035441678 -0.0223073605
0.112105638 0.0249760561
-0.0447436571 -0.000494261854
0.00539716147 -0.0512461737
0.0198556669 -0.0209811572
-0.0179894976 -0.0128251165
0.0767613202 0.00449739769
-0.0278044641 -0.0386297889
-0.0450025983 -0.0132911364
-0.0435125232 0.0221478846
0.0287655517 -0.0654717833
-0.00812671985 0.0115458602
-0.0607997179 0.0359548368
0.0803506896 -0.00424878905
0.0285304077 0.042846527
0.0370331854 0.0459023118
0.0873606727 0.00258941855
-0.0247185789 -0.00108313991
-0.0724023581 0.0346641019
0.0136339348 0.032140702
0.0410367064 0.0505832508
-0.0336543061 0.0728786811
-0.0698639974 0.00931552425
-0.0422591344 0.000466218276
0.0378246829 0.0245767236
0.0318527333 0.0385079533
0.00979565177 0.027290443
0.00872475002 -0.0532890707
-0.0295694806 -0.00175727683
0.0349096283 0.0441403985
-0.00721730618 0.0651314035
-0.0863382891 0.0532981604
-0.0139310779 -0.0077044284
0.0111370655 0.0340060517
-0.0167661849 -0.00264082919
0.0137903355 -0.0289207809
0.0757231265 -0.00722504081
-0.0257004332 -0.0415001623
-0.0835545585 -0.022383485
0.0743126944 0.0160039533
-0.00133799529 -0.0150009831
-0.0736873969 -0.0688511208
0.0379273631 0.0318733528
0.00987035781 0.0664976016
0.0211869795 -0.0129540088
-0.0170455836 -0.0264078677
-0.0205002856 0.0220137518
0.00964369159 0.0151914209
0.0145536121 -0.0410128534
0.066574052 0.00331467181
-0.00685716514 0.0204692148
-0.0194734111 0.00495927921
-0.0165820327 0.00576006854
-0.000848222815 -0.0186022427
-0.00160800316 -0.0377874635
0.00773811666 -0.0708760023
0.0718209818 -0.0161533467
-0.00891714543 -0.0223694537
-0.00868224446 0.00576444948
0.0172295794 0.0534584671
0.03623702 -0.00715050381
0.0480637662 0.0483986959
-0.0209573284 -0.00683753425
0.0378475152 0.0284343734
-0.0340121984 0.0269382168
0.0214131214 0.0143510904
-0.0662420616 0.00805416983
-0.101479463 0.0222432222
0.0474970527 0.00816197693
0.070608072 -0.0208548848
-0.0530006215 -0.0479368195
0.00196926831 -0.0334597863
0.000242763475 0.0288918149
-0.0453900881 -0.0200067125
-0.0212286003 -0.0271040611
0.0280107949 -0.0199204609
0.0542958528 0.058195971
-0.0230022799 0.0523033999
-0.047964476 -0.0374383293
-0.0562985614 -0.0118586374
0.0300599094 -0.0693469793
0.0228748675 -0.00398329599
0.0128467856 -0.0218335707
0.0974142104 0.0316935293
-0.00098935375 0.0334923901
0.0153911076 -0.0982766896
0.0241912324 0.0864882544
-0.0234257132 0.052343972
0.0183904823 0.0331504866
0.00468722777 0.0166291129
0.0125560891 -0.0335973948
0.0362359062 0.0273653772
0.0135047045 -0.0313852094
-0.0433807857 0.049709674
-0.00237424462 0.0281052664
0.0123131936 -0.0422226973
-0.0506834425 -0.00456438772
-0.00113849656 0.0339094885
-0.00273312372 -0.03086509
-0.0348794274 -0.0568862595
-0.00150315405 0.03138588
0.045427192 -0.015707612
0.00630297931 0.0340739377
-0.00292650796 -0.0289762989
0.0378354788 -0.0194870085
-0.0190743711 -0.0506898314
0.0384542122 -0.0803749412
0.00259493152 0.100797556
0.0131743504 -0.0282655954
0.0968227535 -0.00248931558
0.0014553424 0.0183953643
0.012469993 0.00688495487
0.020683147 0.0651398599
-0.0559038185 0.000373021787
-0.0651006252 0.02715699
-0.00302324304 -0.0560365431
0.0696428195 -0.0384682268
0.017222058 0.033415284
-0.0268542767 0.0183923692
-0.0549426824 0.00732533261
0.0149541255 -0.0276549216
-0.00290361419 0.0352451801
-0.0570499785 0.0326149464
0.066511564 0.0399904102
0.0541631877 -0.00390040874
-0.102589689 -0.0496527553
-0.0659667552 -0.0100596529
0.0218508728 -0.00922741834
-0.02926342 -0.0364854783
-0.0439008139 -0.00717443833
0.0379087552 -0.00137152523
-0.0382878929 -0.0362004079
0.00595845608 0.0411942936
0.155989259 0.0377606638
0.0313947909 -0.021826202
-0.00586200831 -0.0328285471
0.0413341112 -0.0437521413
-0.0331633352 -0.0394192822
0.0119452002 0.00967667531
0.0458233543 0.0546148904
0.0396015123 -0.0125899529
0.0860830918 -0.0539449006
0.00132518029 -0.0504381321
0.0276107863 -0.0391293801
0.0691798702 0.0317332745
0.0209409259 0.0277280677
0.0588605814 -0.0374696292
-0.014122827 -0.00623182673
-0.039118886 0.0139098866
0.0320532881 -0.0223037247
0.0467974022 0.00915461406
0.0688107237 -0.0538924672
0.0175935477 0.0171050616
-0.0302652996 0.0172959473
0.000473847962 -0.101805031
-0.0390086398 -0.0129028969
-0.084670797 -0.0217250921
-0.00961206853 -0.000238970417
0.0389362164 0.0435210168
0.0129282596 0.028467264
-0.0211985875 0.040321704
0.0290068816 0.0179843083
0.0221448727 -0.00235009473
-0.0487933718 0.0104810875
0.00407330506 -0.0290581118
-0.0350549743 -0.0714873001
0.0169204399 0.0723119527
0.0603520237 0.0253454484
-0.08678215 -0.0293598492
-0.033805389 0.0580261201
-0.0278739929 0.0188917946
-0.0498478338 0.0508332551
-0.0306012277 0.0292033143
-0.0366920084 0.0165335517
0.042281691 0.0496014841
-0.0110079013 -0.0297889821
-0.0164329559 -0.10854724
0.0369570665 -0.00559636764
-0.0169514604 0.0157357417
-0.0329749137 -0.0909853801
0.0270840488 0.00741439126
0.0396798179 0.0374242812
-0.0157657936 0.0103200125
0.0164271276 0.0417029746
-0.0642488897 -0.00593817653
-0.0308507737 -0.00679031154
0.0704675987 0.0294690244
-0.0224739145 0.0636206269
-0.029832013 0.017775666
-0.0173152294 0.00480476301
0.0240683332 0.0169423111
-0.06240917 0.0219825096
-0.120814495 0.00152471324
-0.0225927159 -0.0291488953
0.0191947054 -0.00547129195
0.0177735705 -0.0639730841
-0.0443545952 0.0467054769
-0.00318604149 0.0206371751
0.0944629982 -0.0271394793
0.0525738224 0.0773349032
-0.0481936298 0.0387069285
-0.057680618 0.0838629901
-0.00294206478 0.00456798263
-0.00752094388 -0.0445049517
-0.00576132862 0.0150751797
0.0193927344 -0.0239966102
0.029656766 0.0511815399
0.022178622 -0.00875709951
0.00440853834 -0.0436769724
0.0155131258 -0.0540065318
-0.0328157134 -0.0680271089
-0.0123490756 0.0377701893
0.0149158686 -0.0156265963
-0.00610010698 -0.017629303
-0.0578159504 -0.00288499822
-0.102821417 -0.0706323087
-0.0164621044 0.0191460568
-0.0152985808 0.0202793144
-0.0063283802 0.0298135299
0.0421709679 0.0295155495
0.00715168379 0.039119903
0.0245367233 0.0296132341
0.042684637 -0.0876703337
0.00225083414 0.0166130569
0.0299640466 -0.00151261361
0.00687973714 -0.015044732
0.00336405798 0.0885698199
0.0319527611 -0.0208195802
0.0141752725 -0.0380565561
0.0434160344 -0.0141339246
-0.00688184286 -0.0257420354
-0.00792047661 -0.0251601487
-0.013401309 -0.025965225
-0.126817822 0.0388096683
-0.0534912348 -0.00131211197
-0.0162116028 0.0221873093
0.0187906027 0.0257110149
-0.000494519714 -0.043899402
-0.0550745353 0.0539545231
-0.00300952327 0.052720286
-0.0195382796 0.0509158112
0.0090788845 0.0149442637
0.0431943908 -0.0424831361
0.0189289898 0.0240589511
-0.00253667403 -0.016093323
-0.0281628165 0.0378685147
8.18395165e-06 -0.00636987854
-0.0344933234 -0.0892772898
-0.0325401425 -0.0493265055
0.0646755025 -0.0600173883
0.0850300342 0.0527970381
0.00376198045 -0.0149161322
-0.0304684173 -0.0495592542
-0.00545381662 0.0690430254
0.0157644022 0.0142423194
-0.0277982038 0.0214960109
-0.130016595 -0.0324052013
-0.0482987054 -0.0468628407
0.027484566 -0.01169872
-0.015103356 -0.0214748178
-0.0202432796 -0.0257980507
0.00142799388 -0.0681733117
0.074761562 -0.00919092074
-0.0252148844 -0.0113265077
-0.0600355938 -0.0178495944
0.0210636668 -0.0337011851
-0.017607918 -0.0131542524
0.0449647494 -0.0137885045
0.0231113397 -0.00102713262
-0.056431327 0.0719995722
-0.00510251988 -0.0168629829
0.0352058858 0.0176065713
-0.0351150818 0.0892052501
-0.0143965101 0.0199964233
0.0572869815 -0.0349998623
-0.0204645749 -0.0255024526
-0.0177611765 -0.043459978
-0.0294933859 -0.0520335101
-0.0148192933 -0.0291322116
-0.0181167107 -0.0716038868
-0.090076603 0.00720766326
0.0704935789 -0.0137953768
0.0331594832 -0.0617672391
-0.0521009117 0.059402179
-0.0146520566 0.016464252
-0.0479172841 -0.0252795238
0.0154378638 0.0119137829
0.0288209412 -0.00923410896
-0.0247506686 -0.042800013
0.0240532365 -0.0205062479
0.0465455689 -0.0230648033
-0.0181041453 -0.00470146583
-0.0840322077 -0.00854457449
-0.043658264 0.00338097382
-0.0264549199 0.0891645551
-0.0332675949 -0.026243316
0.0206193347 -0.00343903364
0.0535547026 0.0755821317
0.0500262119 0.0172725171
0.0245517474 0.0312729627
-0.0391649008 -0.0264554974
-0.0196904428 -0.00314547145
0.0411613397 0.04884113
0.028620407 -0.0207130406
0.07374461 -0.0136066284
0.0192231163 0.0388558246
-0.0221682042 0.0487637967
0.0498042777 0.0713557228
0.0347000435 0.0191041473
0.066085957 -0.0240492225
0.0149516892 -0.00320426258
-0.0459369905 0.0293671004
0.028551396 0.0475506783
-0.0214572344 0.0273594819
0.0227994937 0.0408424363
0.15942201 0.00949945487
0.0146561125 -0.0388538502
-0.0493910238 0.0254354645
0.0465441681 0.0104742143
-0.0419002026 -0.00862727407
-0.032124117 0.0251189526
0.0196680538 0.0160249081
-0.0694402531 -0.00342293945
-0.102832258 0.0255192835
0.0503313541 0.0208797641
0.0733630657 -0.0109845763
-0.047846064 -0.048991818
0.000833480502 -0.04059745
-0.00840237364 0.0266849343
-0.0595782362 -0.0135973105
-0.0100646093 -0.0263185035
0.0337580852 -0.0234721899
0.0516562536 0.0554768406
-0.0259970464 0.0602109358
-0.057236813 -0.0427197926
-0.047143627 -0.0156674497
0.0243621599 -0.0700901598
0.0170817617 -0.0067994697
0.0144681167 -0.0101313442
0.0981810614 0.0247458369
0.00280390773 0.0343162119
0.0243183561 -0.094390139
0.0284687299 0.0935544744
-0.0337045528 0.0484738946
0.0171455871 0.0219408665
-0.00111519184 0.0224082116
0.0227389205 -0.0258826073
0.0368408933 0.0347923487
0.0170767885 -0.0322696343
-0.0468007028 0.0443760976
-0.0100846374 0.0233423244
0.0217796285 -0.0381431691
0.0164224207 -0.000303545705
-0.0341330357 0.0712925941
-0.0516964234 -0.068555586
-0.0483723246 -0.0132558178
-0.00749331713 -0.0389867015
0.0172467176 -0.100040376
0.0133840097 -0.0823036283
-0.0271792766 -0.072312586
-0.0216809586 0.0981827304
0.0269689206 0.0691964999
-0.0182530191 0.0643596128
0.0297735631 -0.004087165
0.013416105 -0.0455188155
-0.009863819 0.0100154374
0.0361363217 -0.00338382926
0.0494518019 0.00984004419
0.0527508408 0.00663044723
-0.0228989664 0.0358522534
-0.00560432766 -0.0390505269
0.0193174705 -0.0190729126
-0.0171934739 0.0196608771
0.00447392417 0.00785282627
0.0443592295 0.0178909749
0.0215602387 -0.0488668233
0.0182826165 0.0493087545
0.0727230608 0.0514813252
-0.0292588789 0.0821319297
-0.0126788057 -0.0538201965
0.00151732925 -0.0781822205
-0.016660776 0.0323297493
0.0408124924 -0.0388642997
-0.0312054567 0.0607651956
0.0105269644 -0.0157997459
-0.00261291699 -0.0148076313
-0.00371973752 0.037474487
0.0328705497 -0.0155940214
-0.0725090429 0.0580250658
0.00191465684 0.000229135301
0.109400675 0.011267934
-0.0156060345 -0.0193054546
-0.0620008931 -0.0439411886
0.0567142703 -0.00359463762
0.051602412 0.0218480751
0.0703867599 0.0253826138
0.0566343367 -0.0667298064
-0.0824387595 -0.00713748392
-0.0887431353 -0.0580559038
0.0568622462 -0.0381921679
-0.0210360419 -0.0204027016
-0.118839391 -0.13913697
0.0484218113 -0.0239920076
0.0549885258 -0.0142726693
0.0376579501 -0.0180570334
0.039165955 0.0297138914
-0.0798382685 0.0126804914
-0.0280392561 0.00732731726
0.0567502379 -0.0772119984
0.0143417921 -0.0350940935
-0.00430429308 0.01011902
0.00526600191 -0.0142565202
0.0183115434 0.048094146
0.0813560709 0.00781454798
-0.00884972606 -0.0105806869
-0.0243446697 0.0093078278
0.0336306766 -0.0198860373
-0.0594125055 0.0542183518
-0.0664692298 0.0281172879
-0.0329650305 -0.0171190389
0.0185690355 0.015543418
-0.00789439026 0.00587255973
-0.0114542386 0.0343630426
0.0435827971 0.00986395869
-0.0139564117 -0.0555320047
0.055291079 -0.00981321465
0.0602825582 0.0185766853
-0.0124981953 -0.0212147962
-0.0314845406 -9.37892983e-05
0.0380276851 0.0328894965
0.0784324855 0.0259530954
-0.00756707927 -0.00751512405
0.00269533414 0.0558957756
-0.0155704953 0.0820670798
0.000909375609 -0.0198519416
0.0477902479 0.0101927221
0.00152094883 -0.0185302477
-0.000386209431 -0.0319503248
-0.0370287932 0.10664662
-0.0355865136 0.0464171544
0.0248542372 -0.0174960792
0.03784566 -0.0236566924
0.0208968353 0.044864893
-0.0189663414 0.0462949462
-0.0672074258 -0.0799202099
-0.0130739883 0.0185063817
0.00995907746 0.0547549501
0.0049745678 0.0243560988
-0.00598704722 0.0284238327
-0.0289514177 -0.0032732843
0.0471632071 0.0560564362
0.028972283 0.0107193431
0.0412398428 -0.00242727483
0.10041263 -0.0022170986
0.0284157619 -0.0168844108
0.020349415 0.00972523354
-0.00851648673 -0.0525113679
-0.0254186317 0.00845501013
0.00207546633 0.0462430827
0.00893160887 -0.0529113859
-0.0705187097 -0.0356356725
-0.0235731993 0.015993515
0.0723802522 0.0628951713
-0.0837559104 0.0173955336
-0.062780723 -0.0113884453
0.0066345525 0.0333515927
-0.031667769 -0.0270218421
0.0186948832 0.00612653699
0.0164656732 0.0265552774
-0.0132387523 0.0426541939
0.0679593682 0.0135448352
0.0646185651 -0.0898447409
-0.0347303748 0.0729975253
-0.0390297584 0.0388513766
-0.0629947111 -0.0515868105
-0.00868690386 0.0497235246
0.0726124719 0.04448241
0.00795076229 0.0184009429
0.0283974446 -0.0473106056
0.0177645851 -0.0205026548
-0.0704582855 -0.0104478989
0.00575386919 -0.0969932154
0.0537937209 -0.00225509051
-0.0110849459 0.0356076658
-0.0151804285 -0.0180401057
0.00588088622 -0.0167745482
0.00289070536 -0.0295455884
0.0439886674 0.0530279838
-0.0191293564 0.0658307076
-0.040447779 -0.0209679306
-0.0077044256 -0.0340787731
-0.0436259545 -0.008530844
0.00317500788 -0.0747773349
-0.0627759919 -0.0851015449
-0.0121815037 -0.0106097367
0.0346450731 -0.0862251967
-0.102726042 -0.0889614299
-0.122143313 -0.0399236493
-0.0874670669 -0.0424686484
0.00688449852 0.034464404
0.0498174578 0.0119538773
0.000853281235 -0.0101602329
0.0207715631 0.0438141488
-0.0537138432 0.0238553006
-0.0332879908 -0.00516563654
-0.0168936737 -0.0405128188
0.0163529068 0.0522167273
0.0619075187 0.02647678
-0.0120290117 -0.0602625124
0.0351958275 0.00436451193
0.0265861936 0.0389837436
-0.024492573 0.0171115305
-0.0805795044 0.0149386767
0.00605515623 0.0611567162
0.0559250712 0.00615386758
-0.0235144347 -0.0298668314
0.0756419972 0.0209209286
-0.0378841385 0.000366448628
-0.0478135496 0.0293620452
0.0392353721 0.0511984378
-0.0601871833 0.00393683603
-0.021134302 0.0181670599
-0.0452143773 0.0101146819
0.00115441601 0.0133189624
-0.0202909335 -0.0277686045
-0.0530995838 -0.0317070447
0.0188558325 0.0206274968
0.000336599769 -0.0316182561
0.0323552452 0.0180787239
0.00405622972 -0.00342228217
0.0314882249 -0.00655717496
-0.0285922941 0.0470574945
-0.0749221966 -0.0722315758
-0.00527573004 -0.00796594564
-0.0077845268 0.0817294121
-0.0422319435 0.00406718766
-0.0883434191 -0.044507388
-0.0210535359 0.0156648904
0.0243826639 -0.0108052995
0.052606035 -0.0867894664
0.025285339 -0.0203991253
-0.00282578194 0.0150888786
-0.00961206667 0.0238086488
-0.0848776624 0.0170692038
-0.0430976078 -0.0113438498
-0.0455812328 -0.0392985232
-0.0287479777 -0.0423369743
-0.0336249322 0.0455607846
0.0136437928 0.00714674219
0.0376192667 -0.0412478857
-0.0618672259 -0.0191070735
0.00391971134 -0.0134877972
0.0358791351 -0.00211359328
-0.0234618504 0.00217685197
-0.0262255222 -0.00908126868
0.0120497411 0.0114011997
-0.0113532823 0.0068071424
-0.00981766917 -0.00174346101
0.0882224962 0.0364955179
0.0634457096 -0.0556694083
-0.00051841361 -0.048430711
0.0232200045 -0.00222838949
0.0517516881 -0.0728767291
0.0149066783 -0.0241845921
-0.0367105976 0.00785499532
-0.00727654016 -0.00494047394
0.0080923615 0.0409816019
-0.0593949631 0.0631966516
-0.0314341895 0.00945580751
0.0565032624 0.024897689
0.00962115824 0.058303006
-0.0021464841 -0.00697808806
-0.0253909286 0.00843594316
-0.0218005572 0.00159775303
0.00295985001 0.00421358878
-0.062203791 0.00831392035
0.0354150608 -0.00941054616
0.0749931335 0.0424246155
-0.0163999628 0.0112775173
0.0619829744 -0.0172032304
0.0411954634 -0.00613080803
-0.0225612558 0.0019070619
0.0311040841 0.00711458316
-0.00935733877 0.0386503898
0.0204755403 0.0515208542
0.0468197614 -0.00551319635
-0.0499272682 -0.0406126119
0.0171574857 -0.0365904458
-0.00463469792 -0.0137754623
0.0204687119 -0.00419402355
0.052510459 0.0759040192
-0.0450339988 0.0154780122
0.0295029953 -0.00872450043
0.0556772128 0.0152976969
0.00970758963 -0.0767130777
-0.0174055565 0.0595014654
-0.0077608698 0.0384405591
0.0282867458 -0.0322201476
-0.0176562779 0.0375584774
-0.000739798939 -0.0416486897
-0.0136321587 -0.00232291943
0.021099424 0.0743179843
0.0746275336 0.046495758
0.011811438 0.0563161075
0.0172145832 0.0348739773
0.025604954 -0.0701193362
-0.105064213 0.0120792203
-0.0537346229 0.0127559276
0.00762402453 -0.00555174472
-0.0431536399 0.0674403608
-0.0502412654 -0.07106933
-0.0442923084 -0.0127546871
-0.00110985502 -0.0414797701
0.0256532878 -0.0960471109
0.00792551786 -0.078160271
-0.0269886833 -0.0708283111
-0.015761381 0.108390734
0.0216412339 0.068967469
-0.0212829784 0.0620578341
0.0248974822 0.00250080717
0.00581062958 -0.0495949872
-0.0101379259 0.0106534148
0.0374844559 0.00293821376
0.0489410795 0.000236145221
0.0470667072 -0.00548665319
-0.0226968192 0.0454506129
-0.00678172568 -0.0323592946
0.0239110924 -0.0158388205
-0.0058436715 0.0178567711
0.000752230524 0.00983823556
0.0486906618 0.00724096643
0.0118044261 -0.0439439379
0.0230731945 0.0413167663
0.0716434717 0.0545628853
-0.0288512278 0.0798741356
-0.0074028424 -0.0492921248
0.00584951648 -0.081563957
-0.0107431607 0.0280041751
0.0338012017 -0.0485068597
-0.0370077342 0.0666337311
0.0604638197 0.0309480317
-0.0397604294 -0.0159170944
0.00787100662 -0.0418806113
0.0983038619 0.00603150344
-0.0303520411 0.0225677118
-0.0379084311 0.0456773341
-0.0256255157 -0.00582506182
0.00249376288 -0.0139999734
0.0273959618 0.0528765321
0.0075112856 -0.0178248677
0.0239029024 0.031027725
0.0220179912 -0.0245287623
0.048435837 -0.0414452255
0.0901750177 0.0594038963
0.0195155628 0.0673141554
-0.00788247492 0.0235883929
0.0461709686 -0.0632443726
0.00254923129 -0.0414508283
0.0565542094 -0.0312705189
-0.0285458583 -0.0668884963
-0.0905219018 -0.034048222
-0.0297641698 -0.0176344384
-0.0839042589 -0.0225197412
-0.0461400747 0.00030996374
-0.0151866833 -0.00570167694
0.0374646485 0.0295534469
0.0489240177 0.114995919
-0.0840874389 0.00142166507
-0.102711394 -0.0477520637
-0.0556927323 -0.0126773324
-0.00429071672 -0.0113996193
-0.0254591983 -0.0357438736
-0.000572659133 0.0185265411
0.0237175133 0.0564858355
-0.0420144126 -0.0527385101
-0.0318288505 0.033050634
0.0110405479 0.0471067429
0.010354097 -0.0234526265
-0.0201316588 0.00491892034
0.0566205308 -0.000620266132
0.0264720935 0.0871132389
-0.0856618509 -0.0283303894
-0.00978199113 -0.0321704298
0.0483501516 0.0130024021
-0.0003273107 -0.00257119909
0.0541406572 0.0851667598
0.0679723173 -0.045147378
0.0227992721 -0.0133450003
0.0499783121 0.028995201
0.0207135137 -0.0275939945
0.0340864472 0.0701114461
-0.0261862054 5.17083063e-05
-0.0123533532 0.0648093224
0.0296137482 0.0644449741
-0.0415980518 -0.0686564296
0.069357194 0.0103962421
0.0572126396 0.0360947289
0.0231567621 -0.00869291555
-0.0108159855 0.0215423722
-0.037886519 0.0316897221
0.0316429958 -0.0121531123
-0.0505141951 -0.0717891529
0.00747319451 -0.039639134
0.0885966048 0.0483721979
0.0147319026 -0.0192456841
0.0212201271 -0.026078146
0.0552372746 -0.0181599576
0.0461704135 -0.0304986164
-0.021706555 0.00391969969
0.00645721378 -0.046142213
-0.00556269055 0.0367465839
0.00464824634 0.0130873593
0.076025255 -0.00563607225
-0.0233439766 0.0244441591
-0.0326124206 -0.0454072282
0.00661265198 0.0300663318
-0.0114222355 -0.0199596602
0.0594268106 -0.0033721556
0.000490527542 0.00973975752
-0.0402022637 -0.0391521789
0.0176958609 0.0658078566
-0.0134619409 0.0130814435
0.0516482852 -0.0521216951
0.0120964972 -0.027116606
-0.0227701496 0.0154101029
0.0488068536 -0.00246269186
0.0262213834 -0.00614257762
0.0419692397 0.0153859202
0.0412138365 -0.042528782
-0.0416382402 0.00832160749
-0.0221690629 0.0042882124
0.00842406508 -0.0551073439
-0.0812368244 -0.028077025
0.0353977419 0.0334005691
0.0978937522 0.0629117489
-0.0215863232 0.0223910194
-0.0262787249 -0.0174710434
-0.0670912489 -0.0432071052
-0.0358804315 0.063982904
-0.0416127108 0.0967754871
0.0284378119 0.0161045883
0.062033955 0.0191152282
-0.0368297435 -0.0140804416
0.118584499 -0.0368335731
0.0714750513 0.00198489684
-0.035897281 0.0164851211
0.00456413627 0.0133419558
0.0753102452 0.0246239044
0.00793883763 -0.0402854159
-0.0884747133 -0.00573279709
0.0163146835 0.0120996805
-0.0504318923 0.0122482907
-0.0419284329 0.0135792075
0.04096644 -0.0844057798
0.0408092365 -0.00237883558
0.00974066183 0.0149947284
-0.00348472153 -0.0438364595
0.0387946554 0.0250247996
-0.0305376798 0.0262074843
0.00588866556 0.0701399595
-0.0211314242 0.0574126728
-0.008966377 0.00416565547
0.017754063 -0.012639245
-0.0948247686 -0.0146082249
-0.0446087122 0.0287234113
-0.00986987352 -0.00734443124
-0.0453464203 -0.0274395458
-0.035650108 -0.0386243872
-0.015114882 -0.0753542557
0.0526178256 -0.0338901505
0.00221233699 0.0404596925
-0.0587068424 8.41368455e-05
-0.0101613114 -0.00409068028
-0.0155780287 0.0293962602
-0.00851567462 0.0138750384
0.0393106863 0.0233513992
-0.0360941738 0.023077039
-0.0755145326 0.0176117495
0.0134219453 0.0438778736
-0.0217285976 0.00907022227
-0.088054128 0.000503219373
-0.00665991334 0.0209651869
0.00277634757 -0.00785276853
0.00338198035 -0.0450084843
-0.0159324948 -0.0126275942
-0.0689114556 -0.00535590341
0.0829045922 -0.0023669973
-0.00661171926 -0.00219118292
-0.107962713 -0.0106030423
0.0171344988 -0.0635987669
-0.0475640967 -0.0501948893
-0.0610502176 0.029523747
-0.018625278 -0.0116799846
-0.0140491659 -0.0178788304
0.0308528077 -0.0260754284
0.00133816234 -0.0152841592
0.00401291251 -0.00328404666
-0.00517843012 -0.0227620732
0.0335887372 -0.0212347936
0.0208311472 -0.0191053413
-0.010809618 0.0425513983
-0.00458686892 0.00342575507
0.0154061001 -0.0815555602
0.0354868248 -0.0586124174
0.0251897965 0.00161080353
0.00943237264 0.0178346764
0.00117038318 -0.031976819
0.0147452112 0.00307017681
-0.0178822502 -0.00937396195
-0.0480321161 -0.0251878202
-0.0189278927 -0.0224690177
0.0204171035 0.0162466671
0.0202235579 0.0146984262
-0.0952399746 -0.0425649174
-0.0420893207 0.0475660861
0.0480448566 0.058063034
0.000971534057 0.0616502352
0.0473201796 0.0064450819
0.0190463476 -0.0460007526
-0.0439242683 0.0580787435
0.00750503596 -0.0290750731
-0.0552371591 -0.0121744713
-0.0627444014 -0.0131491767
-0.0260516852 -0.0200617816
-0.0276283342 0.0973869786
0.0174658429 0.0375091806
0.0581954867 0.00752542866
0.0569098815 0.0283006206
-0.0766953826 -0.00488542859
-0.0465911813 -0.0310178362
0.066363506 -0.0023811115
-0.020297125 -0.0275912192
0.0442812368 -0.0244581532
0.111785181 0.0473657884
0.0185752567 0.00171313435
-0.0432716906 0.024818765
-0.0604851656 0.0350375213
-0.0688242391 -0.014067878
-0.0225411635 0.00743523194
-0.0499354526 -0.0434416384
-0.0466995239 -0.00927269179
0.0651769415 0.0181239173
0.014668446 0.00748589169
0.0218615979 0.0646805167
0.0407407694 0.0518171862
0.0214236546 -0.0704195127
0.0303079523 -0.0955462381
-0.071333006 0.0207211934
-0.0514421128 0.0308669154
0.0100728609 0.00765947951
0.0125988377 -0.0370045491
-0.0396766998 -0.0371154845
-0.0885884538 0.0462761894
0.00974449608 0.0371739268
0.0171328597 0.0117086153
-0.0314104892 -0.0309287906
-0.00472955219 -0.074580729
-0.0163776278 -0.0123033728
-0.0207250733 -0.0450951383
0.0358267426 -0.0365943648
0.0391111821 0.0337837413
0.0596092418 -0.00413743127
0.0294899754 -0.0500666462
-0.0568450987 0.0142378639
0.0178066064 0.0128394011
0.0954244882 0.00601035729
0.0577923059 0.0932985768
0.0039381301 0.00360606075
0.0465274565 0.0343920775
0.0144444481 0.0540937223
0.00744728092 -0.0181271303
0.0163961984 0.0505251586
-0.124232948 0.00415274734
-0.0402214415 0.00474058837
-0.0185536146 -0.0119833872
-0.0154275401 0.0318716168
0.0873829722 0.0630940124
0.000224849995 0.00356243365
-0.0547874533 0.0997833461
0.00211456325 -0.0662938505
0.0850887299 -0.0628897548
0.00609330973 0.0416480117
0.0196000822 -0.0248114895
0.0237939786 -0.00502893282
-0.0381145552 -0.0416429676
0.0454915017 -0.00012739042
0.0190918986 -0.0140143661
0.012208676 -0.0443881489
-0.0150564061 -0.00840348843
-0.0445967279 0.0474641845
0.0670740083 0.0462746881
0.0232829005 -0.0944222882
-0.0503103174 -0.00546138734
-0.017707387 0.0036259261
-0.0460730791 -0.0617696345
-0.0282736868 0.026805006
0.0585300289 0.0310574267
-0.0422305577 -0.0141455382
0.0197222084 -0.0415444411
0.098739624 0.00551316282
-0.0281251837 0.0144533711
-0.0444524139 0.0364231057
-0.0195131581 -0.00875175651
0.00554454653 -0.0170326401
0.0257544722 0.0466591306
0.0034242461 -0.0266689658
0.0314088725 0.0292036869
0.0160920713 -0.0168827157
0.0561554059 -0.0408357792
0.0907198042 0.0654545054
0.0123851383 0.065066278
-0.00463408884 0.0342447385
0.050033357 -0.0572200418
0.0140715111 -0.0396576896
0.0528214611 -0.0312376693
-0.0272168983 -0.0668192133
-0.0934565812 -0.0438456982
-0.0248351172 -0.0270114262
-0.0897729024 -0.0287653077
-0.041234456 -0.00285828672
-0.017107714 -0.00858613942
0.0309851561 0.0275801923
0.0452758297 0.11989326
-0.0724833161 0.0116056837
-0.0944522992 -0.072081022
-0.0638259426 -0.016596023
-0.00346520473 -0.00905411318
-0.0291696731 -0.0258218125
0.000230547841 0.0778601319
0.0562323593 -0.0401591882
0.00468292832 -0.0232516117
0.033669237 0.0288224667
0.0282268524 0.00134318019
0.0546812117 0.0650337711
0.00941311102 0.0936749279
-0.0388454683 0.0303537175
0.0869587064 0.0273518264
0.0498720184 0.0838522315
-0.0307139084 -0.0229215436
-0.015307595 0.0149444072
0.0274051614 0.083852075
-0.000547849864 0.0181255862
-0.0196503196 0.0463419408
-0.0116592851 0.0237730332
-0.00234988332 -0.021652393
0.0408180356 -0.0102957785
-0.00583086489 0.0292877331
-0.036485076 0.0480137095
-0.0603211559 -0.00344768236
0.00671151234 0.0285550468
-0.0325905271 0.0268402211
-0.039373599 0.0153949829
0.0703963265 0.026323393
-0.0404904038 -0.0353537947
0.0207875371 -0.031301681
0.0271764044 0.00801689271
0.00871325657 0.0719949827
0.00920790527 0.0280383155
-0.0521724783 0.0120970197
0.103582993 0.0259867702
0.049050238 -0.0131693427
-0.0327610523 -0.0136340186
0.00542296749 -0.0367903933
0.00539742503 -0.0149753001
0.0147104692 -0.0185333379
-0.0315732546 -0.0172369722
0.0131726786 0.000488040096
0.0272382852 -0.0441943258
-0.023530487 0.0216843747
0.0326457508 0.0254906155
0.0136105586 -0.0129428115
-0.013827635 -0.0002304511
-0.0119789885 -0.0567641929
-0.0422156751 -0.0607211478
0.0179572105 -0.0403242074
0.0593209527 0.0176414177
0.0639297962 0.0632496178
0.0516531318 -0.015211788
-0.022921728 -0.0213050693
0.012200376 -0.0465149283
0.0119972937 -0.00977240223
0.00471036835 0.025633404
0.0777785107 -0.0415600874
0.00049822469 0.0310556293
-0.0230136663 -0.0124703571
0.0174600985 0.0481934436
-0.0485747904 0.0403741896
-0.0477741733 -0.085973382
0.00541640026 -0.00167726434
0.053191185 -0.0155734075
0.0129349027 0.0255652759
-0.0562784337 0.0621767305
-0.0201552287 -0.0115740467
0.0332919136 0.0114285089
-0.00463930704 0.0259606298
-0.0367088243 -0.029295424
0.0151159242 -0.115489334
0.0386315323 -0.0188650265
0.0454461575 -0.0114436289
0.0555872694 -0.0511702597
-0.0118842432 0.00690692104
0.0211745594 0.00924078096
0.0270802081 0.0502271652
-0.0112257963 -0.00178484339
0.0443024114 -0.0886820406
-0.0326046757 0.000400665333
-0.04539432 0.0606385209
0.0045184358 -0.076375939
-0.0464510545 -0.0634515062
-0.0727245808 -0.0282316878
0.00320892641 -0.0676058829
-0.0108074043 0.0108815981
-0.0887410715 -0.0136269806
-0.0133589851 -0.0291454624
0.0175967515 0.00261629326
-0.0062289089 0.0405095816
0.0270280596 -0.0183735825
-0.0015580426 -0.0273763966
0.0225243159 0.0747915134
-0.0128740948 -0.0660535246
-0.0413226448 0.0118602291
-0.00488171168 0.080736801
-0.0108922925 -0.0102181714
0.0424244441 0.0559569113
0.0525161028 -0.010008025
-0.00878737774 0.0339529812
-0.0298846718 0.0712440237
-0.0278740954 -0.0104270205
-0.00368837453 -0.0114126625
-0.0212555602 0.00230776728
-0.0192319751 0.0404559523
0.0130152712 -0.0155925881
-0.0013282859 -0.0470152833
-0.0141866086 0.000629543036
0.00474459678 0.0426024012
0.0428089425 -0.022752583
0.0504602492 -0.0343907662
0.0415028594 0.0624938644
0.041774895 0.0563241467
0.0336996913 0.0153057277
-0.0664083362 -0.0268064681
-0.0868095011 -0.0104446588
0.0859893933 0.0115932608
0.0186468922 0.0791789591
-0.0254194792 0.08293093
0.0327563062 -0.0360421054
0.00036303245 0.0341098234
0.0549603775 0.00114555703
-0.0437171459 -0.0130746495
0.0373412222 0.00699824607
0.0838514343 -0.0632689446
-0.0376633368 -0.0225006863
0.0559998229 -0.0157246571
-0.0404118635 -0.0407213941
-0.0693437234 0.0303910282
-0.0153596671 0.0504574813
-0.0429582745 0.0226900242
0.00978138391 0.0120763611
0.037242908 0.00970682316
0.0082023656 -0.0166331343
-0.0534861535 -0.0607452765
-0.119335033 -0.0357889645
-0.0516833887 0.0372778401
0.043651931 0.0171248447
-0.0194741152 -0.0375679322
-0.00305997161 0.00927558634
0.0013477382 -0.0153097492
0.0280713253 -0.000144943479
0.021413574 0.0329522751
-0.0580845289 -0.0459437929
0.0694610402 0.0226640403
0.00101563556 0.0396978259
-0.017101163 -0.0386593901
-0.00833809748 -0.0156627893
-0.0743402541 -0.00539792841
0.0647478178 0.0682596341
-0.00487192813 0.028031474
0.0553188622 -0.0604669824
-0.0393536165 0.0213429946
-0.0993425325 0.0329465531
-0.0235974006 0.0225153156
-0.0606797822 -0.0360530652
0.0830245689 -0.116140254
0.0787406862 -0.0504640602
0.0175047833 0.0420073345
-0.0230359957 0.081407465
0.0352933258 0.019639587
-0.0236354116 -0.0415324531
-0.122652523 0.0104918182
0.0227457657 0.0183027647
-0.0431221947 0.0150083555
-0.0672621876 0.00619225437
-0.0333765708 -0.0444756299
-0.0382003076 -0.0647983178
-0.0137993852 0.023883922
0.0387670919 0.0469550528
0.0150930136 0.0165463835
-0.017680373 0.0587957948
0.0215666052 -0.0170273539
-0.0501762591 -0.0386982411
0.0554042011 0.0318845809
0.113033168 -0.0227821004
0.0225839578 -0.0305335708
-0.033611238 -0.0515437908
-0.0257593822 -0.0820317715
0.0389491767 -0.0569225997
-0.0219549388 -0.0306830555
-0.0222490206 -0.0300226025
-0.0175996684 -0.054672543
-0.027034536 -0.0254172161
0.0222189389 0.0210728329
0.00479820138 0.00881140959
-0.0090027377 0.0265088696
0.0528204963 0.0289494935
0.0677865222 0.0554873236
-0.0388472117 0.0342115127
0.0136442287 -0.00037294731
-0.0342406146 0.00267306808
-0.093362987 -0.0062931953
-0.04979546 -0.00578620704
-0.0955936089 -0.0217187218
-0.0108021181 -0.0386449881
-0.0387285054 -0.0178929493
-0.0570953079 0.00724179111
-0.0222298149 0.0340578333
-0.0533268452 0.0073012677
0.020534765 0.0472991355
-0.0147919431 0.0415615402
0.00440986129 -0.0431202278
-0.01822857 0.0113640195
-0.0526661351 -0.0214827731
0.0474729612 -0.0213489383
0.0101599507 -0.0200787596
-0.0376708955 -0.0993205383
0.0189663507 0.0279845055
0.00607362902 0.0599056929
-0.0165505949 -0.0428897068
-0.0359405167 0.023483485
0.0318842009 0.0538589135
0.0754052252 -0.0234831441
0.0338082798 -0.0117385918
0.0421073288 -0.00774954073
-0.0307189468 0.00849338435
-0.0813704133 0.0132778343
-0.0396144949 -0.0761990696
0.0383533351 0.0240250025
-0.0263798703 0.0577039942
-0.0617565736 -0.00102700514
0.0739421919 0.0695052892
0.0234494619 -0.0475118086
0.0128870597 -0.0518437177
-0.0107100187 0.0100656338
-0.0539893508 -0.0337858535
-0.0341419019 0.048854284
-0.0218682773 0.00835337304
0.0520281307 -0.0842221156
0.0116815772 0.0208034422
0.00501390453 0.0497373194
-0.0275671221 -0.105799459
-0.023184957 -0.0140237194
0.037106242 0.0866929516
-0.0201923214 -0.018781947
0.00355818775 -0.0232516136
-0.0244855527 -0.0319422297
-0.0200560857 -0.0119385533
0.0334106125 0.0171476081
0.0752254426 0.0313558951
0.0184149928 0.0394092612
-0.026642492 -0.090844959
0.00590384007 0.0192426052
-0.0123793371 0.0932344422
0.0635942444 -0.0589880347
0.0163330864 -0.0331512503
-0.0061411811 -0.0118133044
0.0503331162 -0.0102656586
0.0171793494 -0.0198865924
0.0329035595 -0.0107091758
0.0596794412 -0.000758696697
0.0618508011 -0.0522338636
-0.0216690972 -0.0553976409
-0.0562958196 -0.0594960228
-0.0218278542 0.0252799224
0.00520772906 0.0231270827
-0.0376050919 0.0154583808
0.00217481772 0.0712768212
0.0612560175 -0.0367947184
-0.000328826543 -0.0228255838
0.0386931561 0.0305138584
0.0336543322 -0.00192958687
0.0495285951 0.05792059
0.004095037 0.100553907
-0.0404504202 0.0113508161
0.0876940787 0.025261227
0.0422275998 0.096135214
-0.0343166739 -0.0244160686
-0.0179533307 0.00898257829
0.0218991097 0.0922557861
-0.00205698027 0.00469933823
-0.0125845717 0.0495579578
-0.0112902895 0.0161389485
-0.0077618002 -0.0286004189
0.0398309305 -0.00444912398
-0.00212114374 0.028558109
-0.0392434597 0.0462182574
-0.0527914092 -0.0089410264
0.0110229449 0.0339271761
-0.0374736376 0.0277021155
-0.0372330956 0.0169245116
0.0728252754 0.0376317464
-0.0356292054 -0.0419289209
0.0127243269 -0.0373769514
0.0317178108 0.00991700776
0.0074783857 0.0733614191
0.0168537758 0.0196796749
-0.0523374528 0.0015292482
0.114375889 0.0332870185
-0.0111603504 -0.105776794
0.0757294893 0.0074630836
-0.00924735703 0.0315138176
0.0243538953 0.0598127171
-0.0362171344 0.064812921
0.000495785265 -0.0230763033
0.0192732681 -0.00258832774
-0.0390771553 -0.0473021753
0.057912875 -0.0348193459
0.0490124077 0.0318179019
-0.0155355241 0.0731427372
0.029222019 0.0434904508
-0.0109128114 0.0430250131
-0.0904500559 -0.000659930054
0.0198294073 -0.0561056398
-0.0231322702 -0.0150862774
-0.023587212 -0.0248296633
0.0482939854 -0.014699365
-0.0269794576 -0.0279610436
0.000827502576 -0.0499062017
-0.0315649547 0.00641750311
0.00134114339 -0.0377150513
-0.0189884529 -0.015861012
-0.0194212459 0.0113770859
0.056610249 -0.0527954549
0.0126040643 -0.0332994051
-0.00549296709 0.0127147641
-0.0383437313 0.0513132289
0.0217460226 0.0333733708
-0.00407014973 0.00941196457
-0.0113989469 0.036705222
0.0211726427 0.0238548666
-0.0356856622 0.0341943242
0.0388816036 0.0214594025
-0.0113748452 0.0207236223
-0.0455235057 0.0410103239
0.0172611959 -0.0295918901
0.0513964333 0.0186778679
0.0514275804 -0.0135113467
0.0265950933 -0.00582089461
0.050934881 0.0629300922
0.00329613779 -0.0397170521
0.0265668575 0.0353302136
0.058182016 -0.0328858756
0.0236637387 -0.0650943667
-0.00593021372 0.0877124667
-0.0451854505 0.00546396244
0.0609658957 -0.0382478014
0.0525018685 0.0281514898
-0.0155365057 0.0225448683
-0.0167239066 -0.0846581012
-0.000468558341 0.00150022912
0.0868924335 0.0271472316
0.044060342 -0.0923954099
-0.0649022087 0.00401190668
-0.0149591044 0.0330836922
0.0645145401 0.0806349516
0.0731434301 0.0143084768
-0.0353803039 -0.0384715386
-0.0319662094 0.0393399075
0.0499294139 0.0699875951
0.0236208588 0.0754404366
0.00273356074 -0.0585721247
0.0595992319 0.0169417243
0.0181193389 0.0402520299
-0.0387717038 -0.039095819
0.0328060649 -0.0142718004
0.0267974008 -0.0551114418
0.0293171704 -0.0276472829
0.0365261547 0.0117963515
0.0339501984 0.0623327456
0.0982082784 0.0422064997
0.0400011614 -0.023234373
-0.0129480939 -2.86051072e-05
0.0720238537 -0.0390810259
0.00229954976 -0.00877353828
-0.100991912 -0.00191548618
-0.016412748 -0.0136405574
0.012563616 0.0316415355
-0.0395482332 -0.00403687311
-0.0263241306 -0.0392074063
-0.050457865 -0.00549946446
-0.00694999704 0.0238510557
0.00750336098 0.00908325613
-0.00899415091 0.000953175651
-0.00780805526 0.0306551084
-0.0704188794 -0.0161884762
0.0163792372 -0.054328274
0.0359981097 -0.0138500268
-0.042395968 -0.0215406548
-0.0212809332 0.0110239983
0.0665741339 -0.0378734916
-0.0136539489 -0.0435359851
-0.0401295982 -0.0223498624
0.0513554327 -0.0585328415
-0.0125164213 0.0872987956
0.0376594663 0.0172875579
0.0122716334 -0.0605493449
-0.0530332774 0.0145082381
0.0105842613 0.0161912907
-0.0432735458 0.0309067629
-0.0243087038 -0.0156324841
0.0238248464 0.00337013323
0.0758078545 -0.0480810069
0.0404154994 -0.0945560485
0.0084579736 -0.0475506745
0.0200839005 0.00265726657
0.0352055319 0.0460389629
0.0730677471 -0.0385161079
-0.032492131 0.0236106385
-0.038152013 0.043539349
-0.0113934958 0.0276842173
-0.0539855361 0.0812253058
-0.0415694118 0.00901504327
0.000528069737 -0.0141049149
-0.00168394716 0.0278249085
-0.0343070887 0.00194893021
0.021979725 -0.0350865498
0.056811668 -0.0208204705
0.0399605222 -0.00391671155
-0.0653326064 0.0313108787
-0.0520377196 0.000356811099
0.00274033891 0.00407960499
-0.0195798781 0.0409917571
0.0448740907 -0.00805021636
-0.0136635592 0.00307529513
0.0218690857 -0.0515363589
-0.00241797394 0.00047809424
-0.0925301909 -0.0229480267
0.00442953547 -0.00127097231
-0.043365635 0.100736342
-0.073622711 -0.0616497621
-0.0345824994 0.0233626831
0.0338791534 0.0340949297
0.0208414905 -0.0371609442
-0.0341164246 0.0334688462
0.00149308017 -0.0052157254
-0.0411261283 0.0564434268
-0.0546016842 -0.0135327075
-0.0631270409 0.00153746526
-0.0183634963 0.0487749018
-0.00666780863 -0.116643317
-0.0258978643 -0.0330357552
0.0141875036 0.0251821503
-0.0126878181 0.0138563868
0.0310731903 -0.00403723354
0.0246359594 -0.0360755213
-0.0270169787 0.0930574611
0.0194897279 0.0647423565
-0.000584121095 -0.0335651673
0.000530374586 0.0128250429
0.0167133193 -0.0475694165
-0.0115883527 -0.0097833192
-0.00973488111 -0.0020172908
-0.0864121988 -0.0561412945
0.018177364 0.0577923357
0.02905472 0.0648994818
-0.0951117873 0.00709314039
-0.0402160399 0.00479535665
-0.0707258284 -0.0128311403
-0.0516410209 0.0411607996
0.0212641843 0.00784689095
-0.0139526185 -0.044077348
0.0170104057 0.0166728608
0.0714107305 -0.00153488957
0.0435701348 0.0165911801
0.00815705024 -0.00879087485
0.0168254338 -0.115591101
0.0247940961 -0.000427647406
0.022668412 0.0333206095
-0.0618703105 -0.0357529558
0.00923805311 -0.004671901
0.0454077162 0.00857380126
-0.101018973 0.00133872777
0.0218559559 -0.0302254502
0.0391298346 0.0333147049
0.0126895523 0.0451714396
0.0756864548 0.0285959728
-0.00320618763 0.00424500788
-0.0258641709 -0.0365123004
-0.0410700254 0.0409353562
-0.0224469863 -0.0140100736
0.0428571142 -0.0236852355
0.0111261513 -0.000407200889
-0.0201554373 -0.0622097477
0.00254040374 -0.0167267174
0.0142361 -0.0739518851
0.0418579876 -0.0640788451
-0.00450980617 -0.0541116185
-0.0329712704 -0.000256103231
0.0136732208 -0.0367511362
-0.0674810112 -0.0496472381
-0.0374163613 0.0666842088
-0.0012174038 -0.0115236798
-0.0364322849 0.0267009921
-0.0237727016 0.0154512282
0.0256365482 -0.0618741661
0.0383956134 -0.00668680761
-0.032840576 0.00875087921
-0.0202256516 -0.0436266735
-0.0813004524 -0.0130672408
-0.0400422923 0.0811929554
0.0059612724 -0.00754079688
-0.0291185863 0.0278323777
0.0586178117 0.0544987731
0.0602418594 -0.0900874063
-0.0210976917 -0.015967045
-0.0258925203 -0.0647152811
0.0301102139 -0.0496744178
-0.0256796349 0.0878443345
-0.0411327556 0.0138082802
0.0095219342 -0.0347497202
-0.0638869479 -0.0044613611
-0.00862843264 -0.0030467906
-0.00907837506 0.00510158762
-0.090174377 0.0409204736
-0.0440236405 0.014152199
0.0927547216 -0.04685219
0.0830083415 -0.00142285787
0.0113363713 0.0361174941
0.0651617795 0.0318051912
0.0480659604 0.032147143
0.0252905563 0.00180860516
0.0574203469 -0.0336221941
0.0675159618 -0.0170387123
0.0395432077 -0.0106950561
-0.00876530353 0.0439984463
-0.00635279389 0.0458606891
0.0187724084 0.0236742441
-0.00473530451 0.0220288783
0.0287576858 0.0139071653
0.0689105764 0.0390621684
0.0093221385 -0.0400376581
0.0626003593 0.00256694946
0.02245217 0.0467441976
0.00112373277 -0.0505314171
-0.0286317617 0.0254724249
-0.101905756 -0.0240049362
0.0180639252 -0.0344303139
-0.0356372334 0.013810155
-0.00240648072 0.0412649363
0.049619846 0.0658068433
-0.0439124703 -0.046514526
-0.0754947364 0.00385249034
-0.101088718 0.0932616591
-0.00843684934 -0.0143441726
-0.00573964929 -0.0534245856
0.0480704941 0.00216019503
-0.00627098419 0.000553001475
-0.106680416 -0.0255353302
-0.0488807075 0.0159409568
0.00914879702 -0.0303956438
0.0792419165 0.0311864205
0.00472198427 0.0876771808
0.0152834123 0.0037455461
-0.0464379527 -0.0926667228
-0.00961205829 -0.0998606458
0.0717460364 0.0140713584
-0.00509356149 0.0355212688
0.0223211106 0.0550361909
-0.0438076332 0.0553178117
0.00510838861 -0.017463319
0.0205233544 -0.0130933281
-0.0390347205 -0.0429712161
0.0685205758 -0.0256440844
0.0477724783 0.0397591442
-0.0144702364 0.0666576177
0.0252358932 0.0574654639
-0.0149628883 0.0301138274
-0.0869940296 0.00414449023
0.0313593857 -0.0593387187
-0.0228094384 -0.0211501829
-0.0296686832 -0.0267440025
0.0470728874 -0.0149179064
-0.0278612226 -0.0328715667
-0.000893550983 -0.0456397384
-0.0223833881 -0.00269700703
0.0061602341 -0.0443741716
-0.00554587226 -0.0146259805
-0.0184923448 0.0107445726
0.0553943738 -0.0500870235
0.0261658002 -0.0362489931
-0.00540819485 0.0130876666
-0.0311270524 0.0441660173
0.0324455462 0.0354411602
-0.0148560321 0.00474073365
-0.0163566694 0.0346163772
0.00690513756 0.0263899006
-0.0213679131 -0.0192447565
0.092323266 -0.0102428179
-0.0259171035 0.000924089691
-0.0213199984 0.0196821801
0.0343416482 0.00433383463
-0.0318722092 0.041695144
0.0232007597 0.023572946
0.0651837289 0.00314135267
-0.0332440399 0.143999651
-0.0731225535 0.0380200893
0.0205799155 -0.0404626466
0.0686377957 -0.0276454352
0.084126465 -0.0664666593
0.0150945913 -0.0171979796
-0.00443337718 -0.0230088383
-0.00926220324 -0.0479209982
0.0453078561 -0.0478978753
0.00762082916 0.0164537113
-0.0323569104 -0.0346926749
-0.0161444638 -0.0288300402
-0.0551029555 0.0110421479
0.0157379378 -0.0174519848
-0.0445660241 0.053428106
4.96141547e-05 -0.000571149052
0.12346749 0.0317124613
-0.0155898044 0.00776380301
0.0308965221 -0.0286945868
0.0120765148 0.0221224409
-0.0293528643 -0.0530654527
0.0388454199 -0.0147059513
-0.0364016294 0.0263336692
-0.034701366 -0.00717857154
0.023592297 0.0075882352
-0.000397799216 -0.0127731189
-0.00999525283 -0.0118920505
-0.0153246801 -0.0181045309
-0.0101299835 -0.0427994132
-0.00539971981 0.0231201276
-0.0355171263 -0.0107708899
0.00861916412 -0.0351139084
0.0244679898 0.0627237931
0.00139331049 -0.0334909298
-0.0110637788 -0.00157888245
0.021848239 0.0238657668
0.0519862324 -0.0794534609
-0.0328547992 0.0621183887
-0.0113283321 0.0102579053
0.00670630997 -0.00511383591
0.000801572285 0.0515724309
0.00206229137 -0.0608139113
-0.0279533975 0.0209441539
-0.0197823998 0.0168755688
0.0331294462 0.00523064891
0.123827718 0.0631740242
-0.000718674331 0.00701663364
0.0430208147 0.0123579549
0.146850139 -0.0108765597
-0.00110450992 0.0473615527
0.00362423435 0.110660747
0.00215221033 0.00161967915
-0.0351423956 -0.0540276431
0.00343622663 0.0341005698
-0.0429775156 0.00632084487
-0.0604866184 -0.0187168997
0.0389375649 0.0283784345
0.00541606033 -0.0360163413
-0.0179263186 -0.0228010342
-0.00530643202 0.0317378864
-0.0676964223 0.0165437572
-0.102616787 -0.00487427553
-0.0484178066 0.0250616726
0.066112563 0.0263556223
-0.0277209394 -0.0425616391
-0.0222726911 0.0799666867
0.0196271297 0.0237894077
-0.0629075468 -0.0369110741
0.0326971784 0.0100990413
0.00780580658 -0.00898982957
0.0547354035 0.0892478973
0.0903052688 0.00786712859
0.0351878479 -0.0627089962
-0.00645372178 -0.0430207588
-0.0397346057 -0.0376125313
0.0713172629 0.00173924339
-0.018000463 -0.0419750065
-0.00921373907 -0.037224602
0.0241645053 -0.0460998826
0.066109553 -0.0110440841
0.0864322707 0.0742706731
-0.0437057614 0.0463260002
0.0505839176 -0.0258893389
0.0172443893 -0.0365987048
-0.00803097058 0.00280342391
0.0176524539 0.00682018884
0.0171117187 0.060510207
0.0572740398 0.0337908827
-0.0556063838 0.00730393082
0.0447721891 0.00170402334
0.0792510211 -0.063245818
0.026807161 -0.0310993716
0.0282663349 -0.00209652516
0.0186937284 0.0391331278
0.0429779179 0.0204033405
0.00700267963 -0.00745354965
-0.0116924476 0.0887989029
-0.0200213809 0.0388155393
-0.0350245759 -0.0199340433
0.00328771374 0.0403018296
0.0425328016 -0.0602532849
0.0318512954 -0.097833842
-0.0150236459 0.03703475
0.0199458767 -0.0254104808
0.0724661499 -0.0209959783
0.0282281507 0.0364849679
-0.0805864334 0.0170535333
-0.0580357276 0.0389429443
-0.023763774 0.0105638476
0.0406681783 0.0297569893
0.0386844985 -0.0250157956
-0.0211744681 -0.0590510331
-0.013518204 0.0248109009
-0.000428263942 -0.0239225551
-0.0715354532 -0.057827726
-0.0891474038 -0.0673376024
0.0491947569 0.0220709238
-0.0104923127 -0.0229693204
-0.0609037839 -0.0999319851
-0.0351157859 0.0186303556
-0.0578596592 0.0069313678
-0.0278345365 0.0365849547
-0.0358376764 0.0418750681
0.0426743478 -0.0357662775
-0.0148871103 -0.0253581423
-0.0653976277 0.00848932564
0.00225984235 0.0849696025
0.00616358081 0.0409018882
-0.0176753066 -0.00249848631
-0.0819203705 0.0166828521
-0.0219545849 -0.0175008085
-0.03924191 0.0533432066
-0.0355800763 -0.0173728745
0.00502226502 -0.0314217731
-0.0255248956 0.0848570764
-0.0559925325 0.027613461
-0.0642218515 0.0356477089
0.0197027344 0.0352826193
0.00477153901 -0.00782328472
-0.0186477862 -0.0192989316
-0.0153343417 -0.070234336
-0.047482416 -0.0441492014
-0.013562548 0.017443195
-0.0325009413 -0.0189399067
-0.0678178221 -0.0523551181
0.0368237682 -0.0028047266
0.0508219562 -0.011347658
-0.0356269702 0.0154163418
0.0695675313 0.0105329985
0.0325831287 -0.101513177
-0.0414117202 -0.0743489489
0.0609900579 -0.0525824949
-0.0212947093 0.04840241
0.0121139511 0.0753001869
0.0385697894 -0.0217978042
-0.0174113009 0.0153918909
-0.0413849577 0.010095695
-0.0879330784 0.0267647766
0.0314701311 -0.000733309891
0.00231793243 0.00808234047
-0.0423307419 0.0153439678
0.0495807566 -0.00159483892
0.0409299284 0.0250013378
-0.0213229861 -0.0783175975
-0.0655151755 -0.0157963317
-0.0209702179 0.0256992746
-0.0477021225 -0.0678323954
-0.0715725645 -0.0480382182
0.023335522 -0.0682450607
0.0618825853 0.011663381
0.0478362404 0.0660815015
0.0076634204 -0.0176244993
0.00891689491 -0.0496282205
-0.00632340042 0.00776194455
-0.0321135595 0.071715273
0.0095290048 -0.0321544074
-0.0748243108 -0.0578420833
-0.0243611243 0.0286819581
0.0488966964 0.0639056489
-0.00372557458 0.0296022035
-0.0347364731 -0.0279059187
-0.0594642386 0.0123823294
0.0127992537 0.0603723489
0.0145303216 0.001208817
-0.011855985 -0.0729128197
0.0365166031 -0.0206795353
-0.0170490723 0.0269347858
-0.00183112081 -0.0250757802
0.0188908335 -0.0213976782
0.0332154669 0.0294657052
0.0649334192 -0.0118931914
0.0363219418 -0.0512703843
-0.0356630534 -0.00616458757
-0.0564490519 0.0374336094
-0.0179107077 0.0319538638
-0.058496505 0.035209801
0.0708181858 0.0195146538
0.122349627 0.0285879485
-0.0265356544 0.0392417721
-0.0044034915 -0.0355685279
-0.0134893805 -0.0174468923
-0.0646043122 -0.0196343549
0.0214137975 -0.0112330578
0.0187588278 0.000825102441
0.0261819381 -0.0255784504
0.0399619378 -0.00476495316
-0.0260985345 -0.0591584481
0.00154096936 0.0112290112
0.0601650886 0.0396018252
-0.0148381861 -0.0449392609
-0.00192794856 -0.0352229625
0.0670204312 0.00148864172
-0.0252794977 0.0361744165
-0.0538214035 0.0607193001
-0.0279032141 0.0560588576
-0.0433166698 0.0491918735
0.00685217418 -0.00473132264
0.00217164657 0.0314705372
0.018437339 0.0350132734
0.0298696775 -0.0333447494
-0.0621408969 -0.0511071533
-0.0257336348 0.0193976685
0.048291333 0.000365129148
0.039375212 -0.0186048169
0.040375296 0.0249327086
0.0748753548 0.0748825893
-0.0122261047 0.00646604458
-0.00913786795 0.0141543243
-0.0205361675 0.0617450625
-0.0658795163 -0.0995904505
0.079740569 -0.0808288381
-0.0128468713 0.0208938941
-0.0405002944 0.00701437285
-0.00477731833 -0.0496707708
-0.0339243561 -0.0768899769
-0.0151980091 0.00643801549
-0.0279270485 -0.0656502992
0.0483006611 0.010658307
-0.0188592095 0.0570279695
-0.0275024455 -0.0598763786
0.014815989 0.0039119604
0.0120226964 0.0351042226
0.0377216749 0.0452178307
0.0243710764 0.0175746754
0.00708046183 0.0066793696
-0.0947081372 -0.0275033843
-0.00677339127 -0.00747638009
0.00480956491 0.0361173674
-0.0264828634 -0.0125612561
0.0902793929 1.11259551e-05
-0.031224981 -0.000580961001
-0.0182953514 0.019932773
0.0368624963 0.015940167
-0.0310709402 0.0392172188
0.0220501274 0.0152799441
0.0623837598 0.00868761167
-0.0441002659 0.130091533
-0.0804926902 0.0278304797
0.0212828163 -0.0345742106
0.0646481067 -0.0232206136
0.0831534415 -0.0574421473
0.0165916588 -0.0181057528
-0.0170739256 -0.0109887943
0.00445452379 -0.0415325537
0.0400953665 -0.0407691151
0.0083296271 0.0135860331
-0.024639478 -0.0341789648
-0.0196419302 -0.0133375172
-0.0567381941 0.0116992909
0.020942159 -0.0164203979
-0.0516954176 0.0485221893
0.00406646216 0.00624944735
0.116377287 0.0298271347
-0.0171467829 0.00761441467
0.0240967069 -0.0293484218
0.0113831982 0.0246333927
-0.0212654881 -0.0612048991
0.0406523794 -0.0181949697
-0.0404123664 0.0249075983
-0.0251848213 -0.00767507032
-0.0575727336 0.0782086328
0.00825905986 0.0166309234
0.0283391811 -0.0249037519
0.0363161825 0.0373735614
-0.00273292721 -0.0237232707
-0.0157429148 0.0357344262
0.0155966869 0.0036390014
-0.0386924185 -0.017589964
0.0274374355 0.00645761378
0.0274195801 -0.0141586028
-0.0592448078 0.0156595837
0.05788799 0.0410511494
0.0483722314 -0.0102416147
-0.0264817122 -0.0624099001
-0.0067739198 0.000425172941
0.00702440785 0.0126388064
0.0020668793 0.00695288135
-0.0371382497 0.0594847649
-0.0301639661 -0.0339436829
-0.042284023 0.0109977722
-0.00284651993 0.0476045087
0.065262638 0.0416862033
0.0518219955 -0.00105206564
0.0243805069 -0.0646659732
0.07888107 0.00950368121
0.0751803741 -0.0647902563
0.0140321013 -0.094904542
-0.00656574871 0.0354870446
-0.0166346785 0.0124170482
0.0377369486 -0.0471231751
-0.00726321852 -0.0401560664
0.0226947945 0.00475583039
0.080418624 0.0868737325
0.00351521466 0.0712398291
0.0422916412 -0.0103665004
0.00929834135 -0.0200966131
-0.028776804 -0.0464680381
-0.0508309565 0.00781130372
-0.0206594653 0.0197246615
0.0739861801 0.000906777743
-0.00154289789 0.0440420583
0.0339751057 0.0285675842
0.013522381 -0.00982403941
-0.0148193305 0.0421708114
0.0408844687 0.0757349804
0.0201089606 0.00903461967
0.0243636444 0.0467374139
-0.0162115134 0.0136486031
0.0917247012 -0.042032212
0.00450450508 -0.00963815488
-0.0922214314 -0.0872369409
0.0644592792 -0.0681045428
-0.0202611163 0.0228070561
-0.0510908961 0.00505380938
-0.0118158665 -0.0262274258
0.0314796306 -0.00348763308
0.0827224627 -0.0304388367
-0.052161254 -0.00541908713
-0.0385004729 0.0570441559
0.0259453077 0.0118515138
-0.027586611 0.0392616689
-0.0299529042 -0.0213065427
0.0604683608 0.011880138
0.0149996243 0.0763520002
-0.0364382006 -0.00338370213
-0.0232503712 0.0344072431
0.0151579026 -0.00834087096
0.0755264536 0.0599450357
0.0416113883 -0.0118418112
0.0332066827 -0.0678006783
0.0202108212 0.030810101
0.0552153811 -0.0269157663
0.0475136042 0.0177578591
-0.0377564058 0.0321301371
-0.0964388996 0.0137267681
-0.0611331239 -0.0291445181
0.0541843064 -0.00211769762
-0.0302718487 0.0764380097
-0.0474674031 0.00644503487
0.0402733423 0.0220281035
0.0505062826 0.00216786191
-0.0249636807 0.0151306409
-0.0819836408 0.0393570364
0.0172001459 -0.00844273996
0.00507469429 0.0375619233
0.0209507365 0.0154470224
0.0182774309 -0.0164254773
-0.0383896343 0.0131851826
0.029708147 0.0529088229
-0.0322768278 0.0316055641
-0.034608569 -0.00824809261
-0.00964520965 0.0454127416
-0.0324372388 0.0486644991
0.0641333088 0.000857800536
0.0621409006 0.00395608554
0.00560784759 0.0134820947
-0.0299091078 0.0264639575
-0.0221357197 0.0135358023
0.0156054702 -0.0352402478
0.00175986625 -0.0833641365
0.0330361314 -0.0356744938
0.0902076587 -0.00679405546
0.0496975034 -0.0624049939
0.0558854602 0.00921379309
-0.0250202324 0.0823536441
-0.031743262 -0.0224395562
0.0508450754 -0.0536887348
-0.0351780541 -0.0744204968
0.00145942869 -0.0303266589
-0.0147359548 -0.0215540417
-0.0253538024 -0.00581614301
-0.00658229226 0.0462097637
-0.0205577556 -0.025483001
0.0253630243 -0.0634816736
-0.0801939666 -0.0162298959
0.0139783323 0.0024121427
0.0189805664 -0.0394739546
-0.0674472749 0.00136544055
-0.000603142718 0.0184287541
-0.0538788885 -0.00238322862
0.00714534195 0.0343432091
-0.0133016035 -0.0369615108
-0.0193279721 -0.0517539829
-0.0194789302 -0.019703798
-0.0749536529 -0.00500471843
-0.00349102379 -0.0348521844
0.00530952355 -0.0756165162
0.0221661329 -0.0332022198
0.00282787974 -0.021172367
0.0227078181 -0.00327469548
0.0309075341 0.0116728442
-0.0306778084 0.0431280918
-0.00208607712 0.0639959872
0.0138313714 0.00237946678
-0.0170047414 -0.0273014996
0.0254509039 -0.0338285826
0.0931518674 0.0133940894
0.0420400091 0.0306284148
-0.0822512954 -0.0465517156
-0.0967616662 -0.00052786828
0.00607006578 0.0407676734
0.0640800968 -0.049118273
0.0179552864 0.012297946
-0.0154606113 -0.000394525909
-0.0628545135 -0.0596544258
0.0107716434 -0.0287962724
0.0484812856 0.00406070007
-0.0257638134 0.0678086802
0.0220225397 -0.0473497882
-0.017704444 0.0134983454
-0.0870808661 0.0717415437
0.00933628157 -0.0824987814
0.0047639804 -0.0103103034
0.0140659129 0.0746758804
0.0583612621 0.0330257267
-0.0344763547 0.00502621336
-0.00584040163 -0.0438396819
-0.0168313943 -0.0441967137
0.00327227311 0.0884070843
-0.0330687612 0.0585415252
-0.114928178 -0.0408000983
0.00419410225 -0.016702557
-0.0648562536 -0.0513876081
-0.0776472092 0.0157722477
-0.0151609201 -0.000872308854
-0.0336546041 0.0382892601
0.0822355971 0.0262070633
0.0423682667 -0.0815244317
-0.0281663034 0.0158869717
-0.0123311812 0.0129348319
-0.0372300856 -0.0215858929
-0.00692620547 -0.045663245
-0.0404845923 -0.0203995332
-0.0430123024 -0.0553054847
0.0548416488 -0.112987727
-0.00852108747 -0.0125997467
0.0167173967 0.00851973705
0.0661373213 0.0387583822
-0.0919761881 0.00349497609
-0.0437507555 0.0319938101
-0.0133633399 0.0858920515
-0.0667276904 0.0890326649
0.00948080327 0.0165748969
-0.0128920842 -0.0247718915
-0.00656448724 0.0192534421
-0.0212333295 -0.0594094098
-0.0187703036 0.00518584624
-0.0154289948 -0.0157603789
0.000484470133 -0.0067274943
-0.00109802047 0.0427256636
0.00557374954 -0.0682793409
0.095561251 0.0133578517
-0.0814388841 0.0172135662
-0.0357086509 0.0091550583
0.0629389286 -0.0116665252
0.0386152975 0.0209190752
0.102002278 0.0533035807
-0.0173135027 -0.0563997589
0.0276093148 0.0362262316
0.0540402271 0.0343357138
-0.00743940705 -0.00675776368
0.054546304 -0.015281192
0.0515471846 -0.0426892564
0.0232751276 0.0113197248
-0.0894782692 0.0179760624
0.0206326284 0.0389087759
0.00706515554 0.00631798618
-0.0928075388 -0.0126275029
0.0763510168 -0.0265171025
0.0580705665 0.0116087282
0.0365950838 0.0271282066
0.0792825371 0.00824068394
-0.0155295245 0.0187058132
-0.103852116 -0.00209318614
0.00842268858 0.0490298122
0.0262935814 0.01527406
-0.0482522137 0.0110056223
0.0190767497 0.0755798891
0.0119237909 -0.0225341134
-0.0531190895 0.00433696061
-0.0135286683 0.0454442836
0.00427584862 -0.00681818184
-0.0334785953 0.0120891389
-0.050521221 -0.0688928738
0.007310763 0.0101076029
-0.0446064845 0.066534847
-0.043567203 -0.0945510045
0.00272336369 -0.0672948062
-0.0184854399 -0.0554505847
0.0590836555 -0.0238992218
0.00700908387 0.0731199607
-0.0192584991 0.00626224885
0.0413368568 0.00571309077
0.0357939228 -0.000250389538
0.0356541201 -0.0266603027
0.0143611375 0.0204405412
0.0167991426 0.00570911495
-0.011245165 -0.0203128345
-0.0417418554 0.0220729746
0.0338621698 0.0688852966
0.0325798094 -0.0352641642
-0.0210708231 -0.0251632128
0.02860865 0.0267057829
-0.00514989579 -0.0686531663
-0.0152341677 -0.0241059661
0.0411925316 -0.0176172722
-0.00818776619 -0.049482137
-0.007837235 0.0595140345
0.0342970528 0.0686909333
-0.0189458039 -0.0257700142
-0.0172479916 -0.00780601474
-0.0218852106 0.0230588634
-0.00765144033 -0.0405519381
0.0149456281 -0.0554121695
-0.0579582676 -0.0371768288
-0.0945318714 -0.051663857
-0.0663986951 0.070713535
0.00687280437 0.0197225939
0.0172014292 -0.014537367
0.0417079031 0.0377501845
-0.00342255738 -0.0273396857
-0.0120872082 0.0350442864
0.0140008349 0.0104367789
-0.0360763259 -0.0326127186
0.0317932367 0.00909022521
0.0228099991 -0.020430956
-0.0575481281 0.0204384197
0.0573067404 0.0403598994
0.0486886799 -0.00630252296
-0.0176329147 -0.067129083
-0.00946945138 0.010745992
0.0171368495 0.014082348
0.00964321848 0.0149345286
-0.0307947323 0.0572390519
-0.0287023075 -0.0332960635
-0.0446039811 0.012786557
0.00111926207 0.0460788012
0.0676483884 0.038819205
0.0459240079 -0.00654350733
0.0303104371 -0.0710245967
0.0774653405 0.0179409217
0.0808268338 -0.0591192432
0.0259027444 -0.0923519582
-0.0151278991 0.0401092581
-0.0196862798 0.01877762
0.0450070538 -0.042306941
-0.00716212718 -0.0453717969
0.0147665739 0.0117853945
-0.0212363768 0.00796506554
-0.0176406894 0.0738497525
0.0404004194 -0.0374553315
0.0312349796 0.0296849068
-0.0146853784 0.0432936102
0.0367201418 -0.0141267329
-0.0199752655 -0.0374475308
0.00469871657 -0.0329541415
0.0607258715 0.0265912395
0.0406909995 0.00958242361
0.00136406848 0.065419808
-0.0343228318 0.0493616499
-0.0300982893 0.0113290632
-0.0493265614 -0.00411952334
0.0104601802 -0.0426901095
-0.0288903844 -0.0241224859
0.0449699834 -0.0452459864
0.079403162 -0.0194707196
-0.112996645 0.0204437394
-0.0344216079 0.00284235878
-0.0397033617 -0.00801677629
0.046622131 0.0639203042
0.0656638816 0.0827885121
-0.0895906016 -0.00249261875
-0.0060331244 -0.00311806658
0.076785028 0.0320345983
0.0989596397 0.0349137485
0.0292095318 -0.0211647134
-0.0143170552 -0.0217945147
0.00633679656 0.0527201295
0.00939011853 0.0332981311
-0.0341584831 -0.028571697
-0.0870633572 -0.0135460775
-0.0171447825 0.0346248858
0.0311664771 0.0146457376
0.0596688539 0.0575351454
-0.00193677831 0.0590211712
0.0183023158 -0.0148725677
0.0412401594 -0.0167771615
-0.0052458467 -0.00834286306
0.0486711226 0.0549994037
0.0602638312 0.00181098736
-0.0649385229 0.0221495647
-0.0589226894 0.0673142076
0.0650023744 -0.00365450676
-0.0281246658 0.0334569179
-0.0659955218 -0.0433902927
-0.0125982491 -0.000338150014
-0.0503340364 0.047742594
-0.0446812138 -0.0512593277
-0.00452179462 0.059598051
0.0287027564 0.00772703579
-0.00221155607 -0.0676155835
0.0207629334 -0.0254458524
-0.0270806495 -0.0557367206
-0.0678681359 -0.0151487114
0.01223398 0.0102023492
0.02228502 0.0347814523
-0.00108808838 0.00738771539
-0.0440206863 -0.0432737619
0.0453697965 -0.0228606462
0.0110768108 -0.02025369
-0.0148483636 -0.0191928074
0.0649731457 -0.0624249987
-0.00961892493 -0.0268830638
0.0567402504 0.00580103975
0.0574392751 -0.0355886593
-0.0253158044 -0.0677934065
-0.0481025353 0.0156290196
0.0303552244 0.0450943597
0.0515165702 -0.00511199934
-0.0308233928 0.0422298461
-0.0315593295 -0.0320068598
-0.0284138639 -0.0925110355
-0.00414894661 -0.0436207838
0.033293359 0.00103377388
0.0743038803 0.040139053
0.0247115344 -0.00220225519
-0.0176648814 0.0150249433
0.00966873299 0.0131113147
0.0319785923 0.0492645726
0.053302981 0.0943690613
-0.0610991456 0.00109497039
-0.0661284626 -0.00867494196
0.0279911105 -0.00305631431
-0.00513656763 -0.0240693279
0.0303074829 0.0724138319
0.0589594916 0.0122401863
0.0300646815 -0.00815752149
-0.00982133206 0.0772675648
0.00505423266 -0.029784048
0.000984433107 0.0288993437
-0.0113465386 0.0642239824
0.0677205846 0.0242139604
0.0193710737 0.0897806957
0.0977516696 -0.0163130518
0.149467722 -0.069291763
-0.0549352244 -0.0604505055
-0.00825835206 -0.0662669167
0.0119610103 0.0177090503
-0.0426694043 -0.00443374226
0.0339204483 -0.105002947
0.0194107592 -0.035380315
0.0687743425 0.0444018617
-0.00656060642 -0.00960382912
-0.0442844927 0.0424508192
0.0234207772 0.0246639214
-0.017770214 -0.0149545353
-0.0455678105 0.00271694595
-0.0847919285 -0.0181996189
-0.00279718149 0.0247717388
-0.0155698489 0.035765294
-0.097127676 0.0221114494
-0.00147006672 -0.0496666655
0.00415147515 -0.0147489151
-0.0531807207 0.0135027496
-0.0350947231 -0.0420979783
0.0210897028 0.00654315995
0.00161011552 -0.00466839736
-0.0343594141 -0.0353503115
-0.0645453334 -0.0254128706
0.0473711379 0.0559647344
0.122702584 0.0328098051
-0.0315963961 -0.0167534575
-0.0186213627 -0.00487298192
0.00296751526 -0.0331689082
0.00624147244 0.0523225479
-0.0133504337 -0.0393078886
-0.0266708545 -0.0535889752
-0.0100332219 -0.0279471148
-0.0425762534 -0.0820427984
0.0616677962 0.0109137073
-0.0360207818 0.0663157478
-0.0330655314 0.0902318135
0.0962636694 0.0178334806
-0.00175645377 0.0325324535
-0.0143416962 0.0358666703
-0.0138575481 0.0173591878
0.0198897924 0.0819679424
0.0427966528 -0.0550516807
0.0672939643 -0.0266102403
0.0719887167 -0.0112718223
-0.0587749928 -0.0216531064
-0.0674620196 0.0219144505
-0.041169744 -0.02850179
-0.0504095107 -0.0279392116
-0.0278881658 0.0189806018
-0.0525527671 -0.0207390226
-0.0141629642 -0.0347125903
-0.000252046157 -0.00812801253
-0.0474805161 -0.0876234472
-0.0369867533 -0.0379278883
-0.026038425 0.000805602176
-0.0116683803 -0.000558254891
0.0333066508 0.0839497
0.0702319667 0.004483453
0.0189905521 0.0173681155
-0.0789470524 -0.0637635514
0.0471138768 -0.050475888
0.0213142652 -0.001940744
-0.0558954962 -0.0686157644
0.095251143 0.0232065842
0.0167325139 -0.0119515127
-0.0336513668 0.0222932529
-0.0215457417 0.0177299418
-0.0184870902 -0.0373465046
0.0352757461 0.0430060327
-0.048701968 -0.0535154305
-0.0100057805 -0.0302095339
0.0429602303 0.0557070263
-0.0497111008 0.009545343
-0.0803563446 0.00704976171
-0.0763450116 -0.00899720658
-0.0167949907 -0.039491646
0.0284774341 0.00720412517
-0.019344138 0.0299874619
-0.0577320494 -0.0362252034
0.00580434175 0.0161300451
0.0182098206 0.0461863913
0.00618956145 -0.035491731
-0.0179033354 -0.0494181812
-0.0628479943 0.0269974228
0.0662284419 -0.0164182205
0.0202136468 -0.0109193157
-0.121349178 0.0922202542
0.0279386137 0.0648145378
-0.0109527586 0.0132905049
-0.0249842685 0.021485243
-0.00780177489 0.0160903633
-0.0553111918 -0.0396695919
0.0282473266 0.0197812207
-0.0635041222 0.0346365273
-0.0694896579 -0.0595342033
0.0128814429 -0.0274393726
-0.00632658461 0.0403282978
0.0168265179 0.0252143685
-0.00733827474 -0.0452807695
-0.00529814512 -0.00995350536
-0.0429316796 -0.0350764096
-0.0407500193 -0.0304793287
-0.0272212438 0.0540322475
-0.0250869133 -0.00909986719
0.0425168723 0.0030874596
0.0273998622 -0.0515864119
0.0273622405 -0.0112153208
0.0254033357 0.0442037731
0.0110793095 -0.0189721845
-0.0278864056 0.00165046949
0.00986695569 -0.0509471782
0.0407893397 0.0519476794
0.0421265997 0.0352864414
0.0306358095 -0.0116429292
-0.0424088985 0.0901220292
-0.00703088893 -0.0457796343
0.00717230607 0.0227557123
0.0273613371 0.0466621444
0.0477242917 -0.0472392514
-0.0214967225 0.00297615281
-0.0849261135 -0.00511725759
0.00856606849 -0.0269639436
0.102199949 -0.0550416969
-0.00615724875 -0.00240638386
0.0083547933 -0.0287204422
0.0216579158 -0.0532163419
0.00455077365 0.0254701916
0.0484168455 -0.0338325687
-0.0155989872 -0.0242863316
0.0489350073 0.0475593545
0.0218916889 0.0368462764
-0.00883270334 -0.000753464468
0.0190837849 -0.0414446853
-0.0333157182 0.0336465985
0.0340030901 0.025936285
0.0589505509 -0.0183035638
-0.0316738933 0.0269608796
-0.0352363251 0.00432357751
0.0351523571 -0.0607424565
-0.0178238507 -0.0393314809
-0.0253838841 -0.0306555666
0.0501696952 -0.0488445386
0.0178621318 0.0269658864
0.0299396571 0.03229798
0.0515218005 -0.0167629942
0.0258928537 0.0545893349
0.0438507386 0.00101243414
0.0174519569 -0.0592127405
-0.027915705 -0.0385167152
-0.0161953401 -0.02517315
-0.00652513793 0.0256138127
0.0248974077 0.01165572
0.00528785028 -0.0347147435
-0.00724346377 0.00543958088
0.00946373958 -0.00410026638
-0.0404691659 0.0180173777
-0.0349000618 0.0635026991
-0.0080564674 -0.0799214691
-0.0137376785 0.00369670824
-0.0245621949 0.0764362291
0.0398161784 -0.0454390235
0.0365213975 0.0319814496
-0.0211133473 0.0328557827
0.0372346453 -0.00737626338
-0.0173029378 -0.0434072614
0.00120050914 -0.0331275091
0.0664015114 0.0281996131
0.0398840643 0.00804898702
-0.00397174386 0.0639346763
-0.0350865163 0.0389626361
-0.0293384641 0.00906275772
-0.0556700453 -0.0103507899
0.00824989006 -0.0431480892
-0.0286010057 -0.0308578201
0.0523754619 -0.0435475782
0.0769133121 -0.0102664558
-0.11324615 0.0151069006
-0.0418755002 -0.0042015668
-0.0386919044 -0.0115871383
0.0392793007 0.0703068152
0.0591539927 0.0843732655
-0.0896925777 -0.00978670735
-0.00322936964 -0.00453758612
0.0780946463 0.0348438844
0.0901981443 0.0327369757
0.0380719267 -0.0259541515
-0.0191813204 -0.0179319233
-6.73803588e-05 0.0435729437
0.0117709078 0.018104462
-0.034795478 -0.0220457725
-0.0145211006 -0.0362164937
-0.0295557473 -0.00871082302
-0.0594431944 0.0486146361
0.00402698154 -0.0512552671
0.0626389012 -0.0240826383
-0.0252366569 0.11842458
-0.0688039511 0.067055732
-0.0382065549 -0.0152027225
0.104995064 0.0150312837
0.0886782855 0.0251396261
-0.0168261882 -0.0116497884
-0.0259256363 -0.0221030246
-0.0241779946 -0.018875882
0.0352231562 -0.0639666095
0.0138380276 0.0304841753
0.0237164088 0.0317666084
0.0545955971 -0.0210928451
0.00741015142 -0.0688835457
0.0597787872 -0.113548502
0.0451364443 0.0311623514
-0.0107128741 -0.0333052836
0.0458303206 -0.014577494
0.000262151647 0.0501367487
0.0089350082 -0.0184141789
0.0369765423 0.0725849941
-0.0200618114 0.0225478318
-0.00135109806 0.0162101816
-0.0454811119 0.0795822591
0.00406040577 -0.0173402205
0.0619031377 -0.0474309288
0.0411335863 0.026439134
0.0457988009 -0.0131918518
0.00485989358 -0.103246875
0.0476195253 -0.00709031662
-0.0095203761 0.000389659166
0.00921877567 -0.0126781454
0.0617604293 -0.00694087753
-0.0562206581 -0.00231875083
-0.0645809472 0.0402290747
-0.057184428 0.0206657555
0.0041998052 0.0177617967
0.0258414298 -0.0148196276
-0.0368375741 0.0253049973
0.0479932055 0.0231419858
0.0681107119 0.0366279073
0.0355121009 0.110597804
0.00174822868 -0.0125980368
-0.0417797416 0.0385439135
-0.0260506105 0.0599155799
-0.0219434369 -0.04063683
0.0513804108 -0.0037142369
0.00848746207 -0.019362146
-0.0454690121 -0.0104001081
0.0422812924 0.0117273377
0.00917502493 0.0494523309
0.0161909182 -0.00340464618
0.0574068166 -0.0738652125
-0.0171478912 -0.0129074287
-0.0235946942 -0.012396737
-0.0077925832 -0.0139040947
-0.0649051592 -0.0101780612
0.0136379264 0.0118315294
0.0603086017 -0.019415684
-0.030927306 0.0086916713
0.0242304895 0.0840134919
-0.0165159274 -0.0433778726
-0.0149815306 -0.0252151173
0.0688835382 0.0408041142
-0.0140900975 -0.0636428669
0.0245250314 -0.00977835432
0.0402453132 0.107241563
0.0428774618 0.0682678968
-0.0103507014 -0.0183669366
-0.0705432594 -0.00075098878
0.00846478902 -0.0566191301
-0.0728565603 -0.00130025262
-0.0114459265 0.0680493712
0.111842483 -0.0146547602
0.0574392937 0.0340780877
0.041121114 0.0101594813
0.0107546812 0.0268878918
0.0170282777 0.0131564438
-0.0119359251 -0.0339161679
-0.0239811931 0.0819449797
-0.00672363304 -0.0151566304
-0.0193085968 -0.0693477541
-0.0142244156 -0.0329874642
-0.0122781843 0.0206150301
0.0646612495 0.0494136177
0.00519311288 -0.0502233133
-0.0661589056 -0.0601160713
-0.00685804896 -0.0196302626
-0.0830914825 -0.00649428787
-0.0762948692 -0.0251616668
0.0227702036 0.00514688762
0.0357716158 -0.0211626105
0.0151177878 -0.0509103537
-0.0219116956 0.035062518
0.0434240587 0.0031023901
0.0128091387 -0.00322128506
-0.0344442166 -0.0272897296
0.024842808 -0.0541095436
-0.0409484841 0.017347008
0.00503053097 0.0155399842
0.030142948 -0.048876334
-0.0258647092 -0.0259685256
-0.00762429135 -0.0122051425
-0.010386264 -0.0782200545
0.0051102601 -0.0186397247
-0.00584933069 -0.00532897329
0.0174495298 -0.00497789495
-0.017692579 0.0685056001
-0.0559966639 0.0256704204
0.0179672074 0.0203117207
-0.0244711582 -0.00274289818
-0.0521079525 -0.0316522866
-0.0171134509 -0.00959591102
-0.0450390205 0.0119470451
-0.0454992317 0.0181128513
-0.0192051493 0.0135681657
-0.103810966 0.056457568
-0.0631784424 0.0629030615
0.00359907164 -0.0236461107
0.0169023741 -0.0206054021
0.0833932832 0.034927886
0.00449174363 -0.0160116423
-0.051338613 -0.0104472013
0.00600232603 -0.0196015928
-0.0117408782 -0.0210972764
0.050795421 0.0166041572
0.048573494 -0.0152054587
-0.0870218053 0.0620839186
0.0248063933 0.0443565212
0.0853341669 -0.0540273264
-0.0226816125 0.0673933849
0.0822077915 0.00234275963
0.0768843591 -0.0708378777
0.0328649767 0.0275637936
0.0104418723 0.0296422709
-0.0255726501 0.00226283586
0.00645189453 0.0620478131
-0.0388161391 0.0177406594
0.0237656571 -0.00710369833
0.00688977912 0.00934405625
-0.047498811 -0.0337905921
-0.0196777955 -0.0924808681
-0.0359342732 -0.0530701913
-0.00839406718 -0.0271134153
0.0343737938 -0.0597959273
0.0645322204 -0.00728370389
0.00122361083 -0.00985056255
-0.000475720677 -0.00822827406
0.00332749425 0.030955771
0.0234850757 0.0447604172
0.0127424048 0.0575444475
-0.0410698727 -0.0360428579
0.00784985442 -0.0162918009
0.00247949874 -0.033472307
-0.0189174004 -0.0399529114
-0.0785503834 0.0717711225
-0.0326682553 0.0180963445
0.0724559501 0.0237434488
0.0249373112 0.00347999274
0.00804311223 -0.0326569006
0.0126786046 0.0222500749
0.0112279132 -0.0735086426
0.00731188897 -0.0202637706
0.0609600991 0.0735063404
-0.0275194161 -0.0253447108
-0.0918699279 0.00101755804
-0.0122596053 -0.0195037462
0.00888265576 -0.0338373519
-0.0135772647 0.0677697733
-0.04561349 -0.00863538776
0.0368084647 0.0439324193
-0.00696142204 0.0136070726
-0.0177557208 -0.0727831274
-0.0118288435 0.0195579305
0.0185822304 -0.0752602741
0.0991150141 0.0201387424
-0.0185784195 0.0911068842
-0.00386608671 0.0359618068
-0.019991247 0.0311671961
-0.0163384844 -0.0586883128
0.039616555 0.0184172317
-0.0596031547 -0.0373197086
-0.00797344092 -0.0333301276
-0.0207046177 0.0725913048
-0.0187252853 -0.0158175938
-0.00687082298 0.00744287483
-0.0387925431 -0.0351776965
-0.108620912 0.0352970846
-0.0859251395 0.00209953543
-0.0102290893 -0.0731785819
-0.0687323213 -0.0321842656
0.00568164559 0.00997824594
0.00109202799 0.0107572684
0.0366506465 -0.0776434317
0.00400326401 0.035256058
-0.0732012391 -0.0278905537
-0.00779042812 -0.121790305
0.0147667397 0.025287861
-0.0123590585 -0.0273301583
-0.0920419097 0.0459609814
-0.0300393887 0.0796098411
0.0335724726 0.0164567325
0.0174017791 0.0216935594
-0.0351242833 -0.0729867741
-0.0385118686 -0.0227060504
0.07615567 -0.0216454975
-0.0248810388 -0.0243054647
0.00612965459 -0.0105469786
0.0179889351 -0.0184023324
-0.031836655 0.00418949826
0.0318235829 -0.0386210196
-0.0312022567 -0.00117085397
-0.0685040578 -0.014566727
0.0220435821 0.0314664543
0.0466268957 0.0602767095
-0.0387831964 -0.0180053711
-0.00493924506 -0.0333694853
0.0379847996 0.0347948596
-0.0273517389 -0.00607367372
-0.0194042698 -0.0933936834
0.0290159676 0.00740193622
0.0200718287 0.0431193672
-0.0274395552 -0.0323851332
-0.0269599538 -0.0961325765
-0.0678064004 -0.0526150987
-0.0162075907 0.0318549015
0.0585870109 -0.013060363
0.00678220019 0.00556748174
-0.0262007341 -0.0273760874
-0.00306929415 0.0214072727
0.0500517711 0.0752911642
0.0474367514 -0.00696608052
0.0894171 0.0730398744
0.050822489 0.0234175567
-0.000925221073 -0.0154253207
0.0276586767 0.0242327694
0.0242003314 0.0188579913
0.0488547683 0.0209899899
0.0575009845 -0.0259997658
-0.0233719591 -0.006082932
-0.0535018891 0.0380108841
0.0514263473 0.0170039386
-0.0127075212 -0.0512713529
-0.0479708984 0.0155001031
0.052554179 0.0700121373
0.0193335265 0.0131012946
0.0191378891 0.0106640318
-0.047706008 -0.0291324593
-0.0489603803 -0.00741611654
-0.00786754303 -0.0213229116
-0.0322600938 0.0232213177
0.0343015045 0.0642311871
-0.0112200044 -0.039495185
-0.0371077061 0.00290984358
-0.0655378476 0.0472072475
0.0126926228 -0.0532322749
0.0654311925 -0.0175384153
-0.0286915693 0.116940595
-0.0785108656 0.0705966204
-0.0345188491 -0.0139994612
0.107414857 0.0210301373
0.0933509469 0.0319116563
-0.0189167783 -0.0239001866
-0.0263858289 -0.0280156191
-0.0228836071 -0.0128484685
0.0348344631 -0.0646377504
0.00930884853 0.0352946222
0.0321862809 0.027085213
0.0553469434 -0.0120867454
0.00395088783 -0.0606764108
0.0546811186 -0.119166888
0.0498508774 0.0244041551
-0.010233473 -0.0312292799
0.0514971763 -0.00881893095
0.00886218436 0.0521449782
0.00745028956 -0.00813859329
0.0319356695 0.0709633008
-0.0258892588 0.0140295783
-0.000798755093 0.0111682974
-0.0542384274 0.075426653
0.000657070777 -0.00120433711
0.0659133568 -0.041901622
0.0420958325 0.0289129913
0.0451977141 -0.0147165852
0.0527396016 0.00440864032
0.0361797065 -0.009467531
0.033036571 -0.00899251085
0.0495725647 -0.0331184752
0.014794535 -0.0569647327
0.0739620477 -0.00460854219
-0.0350961164 0.00386132416
-0.0218857042 -0.029087605
0.0718056783 -0.00413224334
-0.0744791925 0.0065887915
-0.042811621 0.0220215488
0.0120943887 0.00299695297
-0.0124367513 -0.0171945468
-0.03370649 -0.0446048342
-0.0541301519 -0.026251398
0.0346888527 -0.0144870635
0.0257675461 0.0421189219
-0.0202853139 0.0303656179
0.0223603379 0.0530474
0.0635712817 0.0489896499
-0.0589368567 -0.0257562827
-0.120345861 0.0959538817
0.00922317151 0.0572812036
-0.0278887916 0.0142526934
0.0556119494 0.0523596294
0.0847759545 0.00528969103
-0.067130141 0.00516299484
-0.0251791254 -0.0848219171
-0.0459135287 -0.0312530249
-0.0172461532 0.00507334061
-0.0375616476 -0.0189101174
-0.0629410148 0.0488450229
-0.00398290437 0.0536130071
0.0184335839 -0.0462176837
0.0411105268 -0.0610775054
-0.0562104881 0.0504842959
-0.0519502349 0.0124007035
-0.0231366567 0.0222168509
-0.0138363 0.0183504224
0.0849162266 -0.0079252068
0.065749526 0.0822835118
0.0307514966 0.0372367166
0.000434525602 -0.0185515806
-0.0110329483 -0.00600675074
0.0310776643 0.0154602816
0.00432393281 -0.0249017812
0.0182627738 -0.0173484776
-0.0042673857 -0.0328617953
-0.0538494624 0.0110551883
-0.0157527328 0.0355749838
-0.000470894855 0.0190438554
-0.0124319419 0.0476104468
0.0519758798 -0.0773922279
0.0231951792 0.0181655679
-0.050859537 0.0377889536
-0.0550521724 -0.0404739156
0.0397074409 0.0520082228
0.0443268493 0.0155658098
-0.0605768077 0.0558653064
-0.0422507338 0.0046117017
-0.026635021 0.00768102566
-0.0110605964 -0.00241347449
0.00985799171 -0.0281388089
0.0570105501 -0.00612172252
0.154537335 -0.0144350212
0.0618802942 0.0540352426
-0.0263685454 -0.0677216351
0.0316086747 0.0362268277
0.0246239845 0.0883128941
0.00575041259 -0.0237942934
0.0176395327 0.0605914071
-0.0300404653 0.0442308672
-0.0241729449 0.0124288714
-0.00767303957 -0.00915253721
0.0349868573 0.0189054105
0.0223817863 0.0192198362
-0.0344140716 -0.0228422135
0.0157271083 -0.00901306607
-0.0135026686 -0.0452575795
0.00408028532 -0.0482089482
-0.0283583626 -0.045798853
-0.0608090051 0.040567074
0.0428945981 0.00576190278
0.0312829725 -0.040950492
0.00440220907 -0.0291016512
-0.00979131367 -0.0474040098
0.0452699438 0.0102979718
0.08624468 -0.0156060634
-0.0433601886 0.00568165537
-0.061474409 -0.0131931398
0.0114868954 -0.0243610051
-0.032598976 0.0326492153
-0.00594445877 -0.00543429889
0.0551316328 -0.0225764308
0.0213734172 -0.0307400338
0.0289623812 0.0160199981
0.0153905023 -0.0207042322
-0.0108634485 -0.0565283895
0.0575155914 -0.00643848954
0.0328853093 -0.0575755462
-0.0680222735 -0.0514895916
-0.0163535997 0.0044324426
0.0490778387 0.0337183923
-0.0152423345 0.0149838347
0.00487889722 0.00959436223
0.0342095159 0.055318024
-0.0455176048 0.0338281579
-0.0386726372 0.0218782611
0.0260750949 -0.0113483276
-0.000812041399 -0.0495042615
0.00788508821 -0.0315313861
0.0626493767 0.0147612002
-0.0038288699 -0.0121241538
0.0243497342 -0.023960283
0.024176646 0.0428401008
-0.00668589678 0.00348244119
0.0165533628 -0.0024447327
0.00407214463 0.054644879
0.0199387297 -0.0424009822
-0.05148587 -0.047401756
0.026441386 0.0177698638
0.0257795472 0.0298623275
-0.0330614522 0.0320567414
0.100744292 -0.0512234829
-0.0226334147 -0.0386967808
-0.0754166394 0.0074493764
-0.0469115153 0.00177066342
0.0241499301 0.0580771528
0.0452626199 0.00874911621
-0.0316460617 0.0108862836
0.0139920944 0.0597653985
-0.0385542512 0.00811677799
-0.0483049415 0.0281542689
-0.0507874675 0.00837589707
-0.0421612971 -0.0231649857
0.0131621482 0.029546082
-0.0327754766 -0.034766607
0.0251469761 -0.0331487246
0.0167060085 0.0261337105
-0.0147740645 -0.0217212699
0.0399834216 -0.0907431841
0.0403946452 -0.0127056167
-0.0285144132 0.0624756366
-0.0525338724 0.024297351
-0.0373107344 0.0118962117
-0.0649515167 0.0200175494
0.0742838383 0.0274409354
-0.001542571 0.00456642034
-0.095988065 0.0653136596
-0.0472176485 0.0929418951
-0.0529257879 -0.0193857085
0.0514339432 -0.0307217129
-0.0488521867 -0.0605074167
-0.101620436 -0.0219097771
0.0433661491 0.00272904662
0.0249112826 -0.0723856762
-0.00478012115 -0.0166016221
-0.0875374675 0.0653650984
-0.0531632528 -0.0415590182
0.0217889044 -0.106515393
-0.0303456858 -0.0608405173
-0.0180622507 -0.0531927049
-0.0326116942 0.0389235392
0.0151503263 0.00972673483
0.0111396415 -0.0493953377
-0.0487908944 -0.0187342223
0.105910167 -0.0816238075
0.0887543559 -0.00331815588
-0.0518336371 0.0297540687
-0.0321110114 -0.0287084114
0.0134460814 -0.050757423
-0.0177782848 0.0128347306
0.0111585148 0.00376311969
0.0234218705 -0.050001435
-0.114245936 0.0494779274
-0.0485561565 -0.00553841563
0.0118989339 0.0162104331
-0.0613072552 0.0259259194
0.0394744165 -0.0242267344
0.0462238863 0.0671196952
0.0198608916 0.00815835036
0.0279514473 0.0540176444
-0.0224664286 0.0339604504
-0.014912636 -0.0102119381
-0.0358569212 -0.0385799482
0.0144435745 -0.0438469164
-0.0201542508 0.0352982841
-0.0324688368 0.00400468381
0.0198593512 0.0581126921
-0.046205055 0.0664879233
-0.0227992684 -0.000416534516
-0.0434125885 -0.00993219297
-0.00884079933 -0.0142726628
0.0840801895 -0.0202212725
-0.07676211 -0.0471205153
0.0192829017 0.0569210611
0.0857115984 0.0171473064
-0.0441135913 -0.0274010971
0.0542696081 -0.0199751053
-0.00233650184 -0.0792741254
-0.0346150734 -0.0121723367
0.0192607846 0.0240114573
0.0220968165 -0.00796287041
0.0374097452 -0.0783346668
-0.0325986706 -0.0445453152
0.0277099293 0.016644869
0.0227273591 -0.0500391461
-0.0549975298 -0.073141098
0.0522011258 -0.000119255208
0.0205600169 0.0435369089
-0.084846735 0.0303368084
-0.0599925257 0.0244640838
-0.0208412837 0.000425863691
0.00303673628 0.0131505309
0.00818348676 0.0430851206
-0.0493166856 0.0312472079
0.0629890934 0.00987321697
0.057975933 0.0245719794
-0.0510532893 0.0206179395
0.0238911919 -0.0342932194
-0.0406564213 -0.051231157
0.0180179831 -0.00511695119
0.00910632685 0.0599179007
-0.0486346036 0.0170360133
0.065779753 0.00178976415
-0.017061986 0.020914929
-0.00785294641 0.0308711622
-0.0247741155 -0.000455992704
-0.0411953814 -0.0949780121
0.0134986276 -0.0406208225
0.0216664225 0.0119953034
0.0521681421 0.0333783068
0.00610501319 0.0131511437
0.0167698618 -0.0544690192
-0.0260108188 -0.0210018773
-0.0488735959 -0.00795743521
0.0373706706 -0.0220212489
-0.0417025499 0.0210424922
-0.0282610357 0.0371317267
0.0468885638 -0.00746764429
0.0100853452 0.0808032602
0.0505279638 0.0280618407
0.0850867853 -0.0102113876
0.0100575658 0.0531175733
-0.0266452674 -0.0694306269
-0.0419513024 0.0452832989
-0.0233048704 0.0456024259
0.0217907801 -0.0967377797
-0.00866540521 -0.0243689492
-0.00791841559 0.020146301
0.0415111668 0.0159001891
0.101578318 -0.0378789902
0.0869304389 0.00281913439
0.0865755156 0.00190936809
-0.00985712744 -0.0238819979
-0.063013792 -0.000839188462
0.0559504367 -0.000211665509
0.0389635675 -0.00920685381
0.036763791 -0.00425936561
0.0489173196 -0.0280047394
0.0166309066 -0.0612978451
0.0807369798 -0.00889056642
-0.0382542461 -0.00145290862
-0.0333890952 -0.0186654478
0.0750387385 0.00134289078
-0.0657049268 -0.00645376416
-0.038457837 0.00952123012
0.0103267375 0.00875267014
-0.0143774105 -0.0145324031
-0.0266979299 -0.0444211178
-0.0491412506 -0.0331592746
0.0333758518 -0.0063214167
0.029505685 0.0351873636
-0.0155854439 0.0241627786
0.0211444944 0.0438260548
0.068568401 0.0512041412
-0.0537649617 -0.0239551757
-0.103577994 0.0937119797
0.0171369705 0.0488998406
-0.0358853862 0.0143062808
0.0500137284 0.0574198142
0.0837351456 0.00587413693
-0.0682320818 0.00506469049
-0.0250646304 -0.0843504593
-0.0379514471 -0.0329343826
-0.00238395506 0.00790490489
-0.0268921331 -0.0194268469
-0.0643971562 0.0397559069
0.0835638344 -0.0451621339
-0.0305237751 0.061611373
-0.0768838897 -0.0199710503
-0.00485964213 -0.021851318
-0.0740623996 0.0751449242
-0.042445261 -0.0318304338
-0.0765378699 -0.0525642671
-0.0337121226 -0.0323517956
-0.0210043918 0.0102906348
0.0223875418 -0.00780739915
0.0627092049 -0.0649369061
0.022477584 -0.000992860412
0.0420898832 -0.0432512984
-0.0413578041 0.000751159911
-0.0219912343 0.0329919197
-0.00167470728 0.0503351055
0.0370291583 0.0622282252
0.0474502742 0.0483493507
0.016319368 0.0487924255
0.0220825244 0.0181737635
-0.00934767723 0.0401597284
0.019079674 -0.0166392345
-0.0317279994 -0.0397489555
0.0422232002 -0.014157692
0.0711295158 0.0147734527
-0.0264226869 -0.009628498
-0.0037478914 0.00239760056
0.0155444769 0.0177738443
0.00258310186 -0.0546491221
-0.078488864 -0.0249475446
-0.0177987777 -0.0909087956
0.0733314604 0.0177178103
0.0909377486 0.0845289901
0.0469770804 -0.0499873497
-0.0501149744 0.00682385266
0.02032323 -0.0462787673
0.0554646179 -0.00248371647
0.0133394627 0.0519058034
-0.00762077328 -0.0104202237
0.069582738 0.0415361486
-0.0382144116 0.0235325173
-0.0945306942 0.0255506095
0.079580754 0.0360676907
0.00652250182 -0.0267902352
0.0368328579 -0.0265896935
0.0551285148 0.0450439379
0.0220283289 -0.00415903376
0.0579108223 -0.00597142521
0.0398652479 0.0226357765
0.0647183284 -0.0699041709
-0.063501507 -0.014775197
-0.0124011673 0.0292873047
0.101107121 0.0121172825
0.0336723775 -0.0174289346
-0.0164032057 -0.0150254183
-0.0230296198 -0.00192604912
0.0555386171 0.00821705628
0.0164786819 -0.000333746837
-0.035661146 -0.00366898021
-8.2568542e-05 0.0757586136
0.0287580974 -0.0270230826
0.0242447294 0.0100940904
0.0128791044 0.122815281
-0.00495182537 0.0108591355
0.00879714917 0.0564740784
0.0186546892 0.054674115
-0.0528314039 -0.0137174614
-0.00476509379 0.00108386204
-0.00723371189 0.0430688486
-0.030679306 0.0443815365
0.0370706618 -0.0325969979
-0.00366339507 -0.0210117362
-0.0214864686 0.0312815048
0.056141872 0.00526929926
-0.0174197126 0.0629025176
-0.0700175837 0.0289866664
-0.0103937108 -0.0331420414
-0.099816747 0.0580701455
-0.0224698428 0.0137715358
0.0770613179 0.020347897
-0.00271659181 0.00556018995
0.0573093891 -0.0623015165
0.00933426153 0.0187914111
-0.022471657 -0.0400772057
0.0496068932 -0.0545938686
0.0138120539 -0.014024145
-0.0484690927 -0.00826803874
-0.0156828407 0.054588303
-0.0024378337 -0.00577931944
-0.0199641697 0.00168708153
0.0595681407 -0.0119034955
0.0350682586 -0.0209794156
-0.00756059261 -0.00215725717
-0.0195203871 -0.0398961976
-0.024343567 -0.0411355533
0.0291425269 0.0175928138
-0.0160609651 0.0596148409
-0.0242912751 -0.0306341238
0.0440449044 -0.0641390458
-0.00659189653 -0.0400250256
-0.0768235028 -0.0127977328
-0.0569701754 0.0408547334
-0.0180687401 0.00433625979
-0.0104407156 -0.0536846593
-0.0264558606 -0.0551126823
0.0447931848 -0.0444202498
0.0296299513 0.000767122197
0.0275242981 0.113771319
0.0631878376 0.0486674868
-0.086218521 -0.0200699382
-0.00706297532 0.00630929368
0.0709739849 -0.0948905423
-0.0326901153 -0.0590782315
-0.00844916422 0.0410752296
0.0137512498 0.00488925865
0.0194443557 -0.0473257937
0.0328901224 -0.0356523842
0.0148391062 0.00205625477
-0.104788169 0.0323307328
-0.0333193056 -0.00402856199
0.0450728871 0.0283429492
-0.0198791213 0.0180306416
0.0836954787 -0.033366397
-0.0186976213 0.00342657231
0.0155963842 -0.0243359208
0.0844598338 0.00981363468
-0.0104259439 0.073957473
-0.00976691023 0.0355107524
-0.0490501933 -0.00982161611
0.0264287088 -0.0236286614
-0.025351163 -0.0379459932
-0.0642127842 -0.0287608914
0.0135690449 -0.0382231995
-0.0321976803 -0.020623453
-0.0426198952 -0.0148165571
-0.0830973685 -0.0372962095
0.00964888185 0.00860560499
0.00916330516 -0.00215075631
-0.0277333912 -0.0551626608
-0.0113021219 -0.0196024235
-0.117496334 0.0381390341
-0.0560088083 -0.0299271438
-0.00914444309 -0.106522106
0.0168358982 0.0013076996
0.0348355733 0.0122313499
-0.0577443168 0.0398099162
-0.0214022156 0.0233928319
-0.00565232942 -0.0478793681
0.0198903549 0.0478949696
0.0242228676 0.0446698219
-0.0294396468 0.0790334865
0.0121572716 -0.00370162888
-0.0344287492 -0.0429389775
-0.00410712324 0.0615568869
0.048480317 0.0482424609
-0.00956548844 0.0341067202
0.0509593673 -0.0378584377
0.00408081803 0.0196513366
0.00667763967 0.0213910751
-0.0187236127 -0.00466393586
-0.0792359188 0.00616669701
-0.0167223196 -0.00922696944
-0.0615774021 0.0437681712
0.0464625098 -0.0355576277
0.0850397423 0.00126461417
-0.0465071574 -0.0127812186
0.00328444247 -0.0416862704
0.0111428685 -0.00392817613
-0.00765349949 -0.0812975019
-0.0513583496 -0.0140074417
-0.04572035 0.0156534128
0.0186072253 0.0634404197
0.0501818992 0.0570860021
0.034796387 -0.00400503958
-0.0170663819 0.0839366615
0.00847831275 0.0610128343
-0.000690510613 -0.0533528626
0.0349250287 -0.032384485
0.0511121228 0.0438552201
-0.0414215997 -0.0475354306
-0.0302652642 -0.0665502995
-0.0224826522 -0.0404734835
-0.0139071168 0.0269613657
-0.01404774 0.0365050994
-0.0374312624 -0.0473404825
0.00395149179 0.047183305
0.0016931023 0.030585371
0.0527248979 0.0315417312
0.120471194 -0.00532262074
-0.00822155364 -0.0977280661
-0.0424265414 0.0199926831
0.0677970126 -0.0435542092
-0.018725751 -0.0824642256
0.0114485221 -0.0270571392
0.071565792 0.0112871779
-0.0311265141 0.00936946739
0.0096016014 -0.0354707167
0.0139512271 0.0270960443
0.0192657486 -0.0509469397
0.000745395373 -0.101913817
-0.0826138258 0.0478102267
-0.00171889935 0.0558981746
-0.00190701964 -0.0108923968
0.0321090072 0.0155370003
0.0297196042 0.0679784194
-0.0494854376 0.0232108943
0.000126741506 -0.0391127281
-0.0529774949 -0.00354783121
-0.0258081146 -0.04467104
0.0591854751 -0.0599222481
0.0622998849 0.034726046
0.0570744276 0.0508229733
-0.052032169 0.00443045516
-0.0280977935 -0.0286588538
-0.0369912796 0.00613801042
-0.122595429 0.0619048104
0.0180684365 0.0427767038
0.0473497286 -0.070220232
-0.0585148707 -0.0435931124
-0.0587375239 0.00914090965
-0.0431649238 -0.0583180077
-0.0446026102 0.0222017821
-0.0143022239 0.0408102199
-0.0173348077 0.0291205682
-0.0265453197 0.0344824605
0.0201970562 -0.0314508937
-0.0375523642 0.0249430556
-0.01682299 0.0493478402
0.0593794249 -0.0138859199
-0.0180272404 0.0333548784
-0.000407416112 0.035694886
-0.0309008062 -0.0605443493
-0.00469867233 -0.0486084782
0.0805376917 -0.0285983719
-0.0304935053 -0.0451095439
-0.00167370494 -0.0234317351
0.0339519344 0.0122079244
0.00811616238 -0.0107279364
0.0225857683 -0.0102878828
-0.0116611021 0.0490069464
0.0220960472 0.0170571078
0.0152841434 0.041586671
-0.0187421665 0.0254127551
0.000965229352 -0.0704848096
0.0338450894 0.0544245169
0.012200959 0.0527667478
-0.0049454961 -0.0200836845
0.00613300689 0.00140895857
-0.0158967189 0.0102622146
0.0335754529 -0.0372076482
0.0117692864 -0.0619299971
0.00210782606 -0.00641795481
-0.00621475093 -0.0196793173
0.0284615513 -0.00845751539
0.00533082383 0.0724027231
-0.0566099063 -0.0096304249
0.0844110548 -0.0420121849
-0.0373349786 0.0598174669
-0.0713887736 -0.0278946776
0.00694576977 -0.0242163017
-0.0846177787 0.0682839006
-0.0321503133 -0.028921606
-0.0709122941 -0.0570465103
-0.0344033204 -0.0399892516
-0.00708102901 0.0128684556
0.0232259966 -0.0129217906
0.0658420399 -0.0641717389
0.0183024909 -0.00183651387
0.0396707058 -0.033344876
-0.0418610573 0.000183306227
-0.0135049811 0.0435738415
0.00703858817 0.0548582301
0.0328163765 0.0710429847
0.0462996401 0.0565253533
0.00788448006 0.0555229075
0.0248627197 0.0269048829
-0.00623323256 0.0405947119
0.0281230323 -0.0106804594
-0.0351462141 -0.0321636051
0.0399987251 -0.00843040273
0.0695952401 0.0205248371
-0.0174938273 -0.00794019457
0.00275228871 0.00113641925
0.0100519964 0.022040775
0.00817998033 -0.0538263321
-0.0851002559 -0.0267050155
-0.00786150713 -0.093801856
0.0681579113 0.0188906249
0.00285539799 -0.00109645375
0.00455678673 0.00293043233
0.00195471919 0.00177347823
-0.000845853996 0.00378186908
0.000328522001 -0.00375915179
-0.00583946286 -0.00133659143
0.00416885084 0.00427362416
-0.00293198018 0.00168971415
-0.000437925395 -0.00419512065
0.00283920765 0.00199916749
-0.00109969173 -0.00417280104
-0.00334459404 -0.00403555855
-0.00405051792 0.00232516718
-0.00269155507 0.00379472203
0.00302001159 -0.00227735355
0.00209449674 0.000711002154
0.0033512651 0.00198790454
0.00183700211 -0.0031722039
0.00214387104 -0.000340977655
0.00213079131 -0.00355550274
-0.00311473501 0.000523468188
0.0035002795 -0.00205766922
-0.00185281294 0.00542154908
0.0103134122 -0.00215594796
0.000780456525 0.0032483628
-0.00339059485 0.000548387936
0.00346741499 -0.00067977712
0.00310060196 -0.00587684894
0.00474900799 0.00409303326
-0.00252701365 -0.00751497224
-0.00432262756 0.00215068087
-0.00215662527 -0.000983780948
0.000581596862 0.000306161441
-0.000482050877 0.000165398538
-0.00649451977 -0.000952842704
-0.00565032475 -0.00402406696
-0.000456941896 0.00223594229
0.00398960197 0.00443546288
0.00590111548 0.00157914555
-0.00350605813 0.00274042226
-0.00188921299 0.00618351204
-0.00498302188 0.00173925888
-0.00462713605 -0.00267240615
0.00254744827 0.00491118198
0.00466202805 -0.00184672931
0.000953673967 -0.00326847658
0.000959244033 -0.00353973312
0.0043645543 0.000210530823
-0.000622823951 0.00342127774
0.000960328442 -0.00328050321
0.00249558035 -0.00134691584
0.00350256474 -0.0047567687
0.00045600778 -0.00302326097
0.00163151848 -0.00679233996
0.00116223295 0.00489674974
-0.000911283656 -0.00147342728
-0.00551438285 0.000432360626
0.00289323553 0.00831272826
0.00310553983 0.00425327569
0.00113326113 0.00225249864
-0.000268764299 0.000332009688
0.00178576855 -0.000876752834
0.000465031335 -0.00998104271
-0.000235288171 0.000590202806
0.00261929701 -0.0015621389
0.00178238912 -0.00353097077
0.00285814051 -0.000839392364
-0.00212547043 -0.00169918092
-0.000742511183 0.00262920139
-0.00250971899 -0.00651072711
0.00289758621 -0.00400077412
-0.00408882787 0.00209999154
-0.00516674947 -0.00111107738
-0.00280436408 0.0016806979
0.000855931605 -0.00079017214
0.00139055424 -0.00566162635
0.000162063225 0.00622025272
-0.00473325187 0.00242599868
0.00442000432 0.000165570673
0.00153434859 0.00291279168
-0.00412167655 0.00215091975
-0.000850942801 0.0109875556
-0.0067420979 0.000867579191
0.00058602792 0.00295031723
0.000821572903 -0.000490812934
0.00351713668 0.000278649415
-0.00461553503 -0.00354876672
-0.00212473329 -0.00462679891
-0.00387944933 0.00024769915
-0.000157125585 0.000549422519
0.000863456749 -0.00049150968
0.0023612876 -0.00307774753
-0.000990810455 -0.000147324725
-0.00139808969 -0.00252665882
-0.00506546674 -0.00168956653
0.000799970177 -0.00384226069
0.000181758369 0.00335551985
0.00343949674 0.00192565436
-0.00578393275 0.00500247395
0.00503499247 1.5470041e-05
-0.00854611956 0.0033275648
-0.00402127765 0.0109311854
-0.00332597317 -0.00234186463
-0.00380476424 0.00710140541
-0.00553862052 0.00165663019
-0.000382517581 -0.00575878099
-0.000529319281 -0.00275650993
0.00205555465 0.00650698273
-0.00285155256 -0.000257174688
-0.000133855632 0.00435479591
-0.000597392442 0.00194385892
-0.00244101649 0.00552123459
0.00136209291 0.000202281954
0.0041530719 -0.00167508784
-0.00237205066 -0.00444810092
6.06230387e-05 0.000281305925
0.00295318197 -0.0018082856
-0.0018682878 -0.00109983387
0.00143955671 0.000383719249
-0.00258433539 -0.00295259152
0.00221037841 0.00171255402
-0.00142644858 -0.00249705347
-0.00318503496 0.00274986262
0.00210003578 0.00230302126
0.00150276464 0.00503429584
0.00132705655 -0.00550091732
-0.0021512513 -0.00105518801
0.00399159314 0.00092391565
-0.00466286391 -0.0121813687
-0.000531687052 0.00958232582
0.00680380827 -0.00105282967
-0.00523683242 0.000489259663
0.00187841232 0.00521820365
-0.00157937687 0.00466960575
0.00227328995 -0.000126561688
-0.00156353484 -0.0128495721
-0.00304778107 0.0011507133
-0.000492860796 -0.000492978608
-0.00286530796 0.00142192421
-0.000982519821 -0.00108163827
-0.00390639668 0.00368502643
-0.0101376008 -0.00440149289
1.75617133e-05 -0.00126498367
-0.00766604394 0.00629129726
0.000899991952 -0.00177890679
0.0032015685 -0.00766670099
-0.000440884469 0.000649621419
-0.000370427122 0.00241520186
0.00402077753 0.00598416338
-0.00150767982 -0.00320552615
0.00505897775 0.00396439387
0.00095880049 -0.00287367054
-0.00200149487 -0.00297857798
-0.0061316127 -0.000816117798
0.00364465802 0.000565793132
-0.00646261266 -0.000801105576
0.00317525025 0.00152896857
0.000685218547 0.00132673525
-0.00120986765 -0.00197796896
-0.00480409572 0.00239618844
0.00105109543 0.0017143921
0.00205247058 -0.00183479511
0.00182306767 0.00230409205
-0.00283942581 0.00396837667
-0.00234969379 -3.86002357e-05
0.00384791638 -0.00184946635
-0.00216061273 -0.00475160545
0.00475343131 -0.00110537466
-0.00305247144 0.00461148657
-0.00400662841 -0.0016693786
-0.00525028724 0.000709033455
-0.00300474791 0.00207734224
-0.00501202047 -0.00483189616
0.00166455493 0.00673361355
0.00309287733 0.0019913984
-0.00423107157 -0.00122298754
0.00406759931 -0.0063739582
0.00532903802 0.00362027902
0.00206967327 -0.00024867148
-0.00149029773 -0.00451945281
-0.00718555413 -0.00404085265
-0.00226609106 -0.00750476308
0.00421588728 0.00190439937
0.00668067997 -0.00718963146
-0.00356740598 -0.00356717664
0.00372442626 -0.000551669567
-0.00505163195 0.0046283002
-0.00250079762 -0.000881382264
-0.00297076837 0.000715036236
0.00516522443 -0.0101560419
0.00614393689 0.00238244049
-0.000281611399 -0.00576056354
-0.00420763809 0.00319096795
0.00194571842 0.00599103281
0.0043887021 0.00373786036
-0.00339261605 -0.00170160853
0.00617229519 0.00493797101
0.00355773163 0.00227445178
-0.00603697263 -0.00134155864
0.00427900767 0.00586917857
